2025-01-24 11:58:26,504 - tensorflow - WARNING - 5 out of the last 5 calls to <function TensorFlowTrainer.make_predict_function.<locals>.one_step_on_data_distributed at 0x7f9f501c7560> triggered tf.function retracing. Tracing is expensive and the excessive number of tracings could be due to (1) creating @tf.function repeatedly in a loop, (2) passing tensors with different shapes, (3) passing Python objects instead of tensors. For (1), please define your @tf.function outside of the loop. For (2), @tf.function has reduce_retracing=True option that can avoid unnecessary retracing. For (3), please refer to https://www.tensorflow.org/guide/function#controlling_retracing and https://www.tensorflow.org/api_docs/python/tf/function for  more details.
2025-01-24 12:00:07,594 - tensorflow - WARNING - 6 out of the last 6 calls to <function TensorFlowTrainer.make_predict_function.<locals>.one_step_on_data_distributed at 0x7f9f50136340> triggered tf.function retracing. Tracing is expensive and the excessive number of tracings could be due to (1) creating @tf.function repeatedly in a loop, (2) passing tensors with different shapes, (3) passing Python objects instead of tensors. For (1), please define your @tf.function outside of the loop. For (2), @tf.function has reduce_retracing=True option that can avoid unnecessary retracing. For (3), please refer to https://www.tensorflow.org/guide/function#controlling_retracing and https://www.tensorflow.org/api_docs/python/tf/function for  more details.
2025-01-24 17:22:57,751 - tensorflow - WARNING - 5 out of the last 6 calls to <function TensorFlowTrainer.make_predict_function.<locals>.one_step_on_data_distributed at 0x7f8eb7d5dc60> triggered tf.function retracing. Tracing is expensive and the excessive number of tracings could be due to (1) creating @tf.function repeatedly in a loop, (2) passing tensors with different shapes, (3) passing Python objects instead of tensors. For (1), please define your @tf.function outside of the loop. For (2), @tf.function has reduce_retracing=True option that can avoid unnecessary retracing. For (3), please refer to https://www.tensorflow.org/guide/function#controlling_retracing and https://www.tensorflow.org/api_docs/python/tf/function for  more details.
2025-01-24 17:27:37,365 - tensorflow - WARNING - 6 out of the last 7 calls to <function TensorFlowTrainer.make_predict_function.<locals>.one_step_on_data_distributed at 0x7f8eddead260> triggered tf.function retracing. Tracing is expensive and the excessive number of tracings could be due to (1) creating @tf.function repeatedly in a loop, (2) passing tensors with different shapes, (3) passing Python objects instead of tensors. For (1), please define your @tf.function outside of the loop. For (2), @tf.function has reduce_retracing=True option that can avoid unnecessary retracing. For (3), please refer to https://www.tensorflow.org/guide/function#controlling_retracing and https://www.tensorflow.org/api_docs/python/tf/function for  more details.
2025-01-24 17:46:02,765 - tensorflow - WARNING - 5 out of the last 5 calls to <function TensorFlowTrainer.make_predict_function.<locals>.one_step_on_data_distributed at 0x7ff8bc1d8ae0> triggered tf.function retracing. Tracing is expensive and the excessive number of tracings could be due to (1) creating @tf.function repeatedly in a loop, (2) passing tensors with different shapes, (3) passing Python objects instead of tensors. For (1), please define your @tf.function outside of the loop. For (2), @tf.function has reduce_retracing=True option that can avoid unnecessary retracing. For (3), please refer to https://www.tensorflow.org/guide/function#controlling_retracing and https://www.tensorflow.org/api_docs/python/tf/function for  more details.
2025-01-24 17:47:31,564 - tensorflow - WARNING - 6 out of the last 6 calls to <function TensorFlowTrainer.make_predict_function.<locals>.one_step_on_data_distributed at 0x7ff833195ee0> triggered tf.function retracing. Tracing is expensive and the excessive number of tracings could be due to (1) creating @tf.function repeatedly in a loop, (2) passing tensors with different shapes, (3) passing Python objects instead of tensors. For (1), please define your @tf.function outside of the loop. For (2), @tf.function has reduce_retracing=True option that can avoid unnecessary retracing. For (3), please refer to https://www.tensorflow.org/guide/function#controlling_retracing and https://www.tensorflow.org/api_docs/python/tf/function for  more details.
2025-01-24 18:31:13,194 - pyswarms.single.global_best - INFO - Optimize for 2 iters with {'c1': 0.5, 'c2': 0.3, 'w': 0.9}
2025-01-24 18:32:30,836 - pyswarms.single.global_best - INFO - Optimize for 2 iters with {'c1': 0.5, 'c2': 0.3, 'w': 0.9}
2025-01-25 14:49:50,306 - pyswarms.single.global_best - INFO - Optimize for 2 iters with {'c1': 0.5, 'c2': 0.3, 'w': 0.9}
2025-01-25 14:53:48,841 - pyswarms.single.global_best - INFO - Optimize for 2 iters with {'c1': 0.5, 'c2': 0.3, 'w': 0.9}
2025-01-25 14:54:07,915 - pyswarms.single.global_best - INFO - Optimization finished | best cost: 0.3702996320302101, best pos: [211.39760758 286.49721354  46.7332294   11.16257733]
2025-01-25 14:54:39,193 - pyswarms.single.global_best - INFO - Optimize for 2 iters with {'c1': 0.5, 'c2': 0.3, 'w': 0.9}
2025-01-25 14:55:21,966 - pyswarms.single.global_best - INFO - Optimization finished | best cost: 0.40060593251181825, best pos: [259.53734371 277.59149103  24.00420381  15.02450487]
2025-01-25 14:56:24,953 - pyswarms.single.global_best - INFO - Optimize for 2 iters with {'c1': 0.5, 'c2': 0.3, 'w': 0.9}
2025-01-25 14:57:31,689 - pyswarms.single.global_best - INFO - Optimization finished | best cost: 0.27961255729154055, best pos: [136.87217518  81.77605344  17.50169288   3.1667923 ]
2025-01-25 15:25:56,180 - pyswarms.single.global_best - INFO - Optimize for 2 iters with {'c1': 0.5, 'c2': 0.5, 'w': 0.5}
2025-01-25 15:26:11,956 - pyswarms.single.global_best - INFO - Optimization finished | best cost: 0.2864463526116956, best pos: [139.53594286   0.21907662   0.21695522   0.73686956]
2025-01-25 15:26:41,688 - pyswarms.single.global_best - INFO - Optimize for 2 iters with {'c1': 0.5, 'c2': 0.5, 'w': 0.5}
2025-01-25 15:27:05,259 - pyswarms.single.global_best - INFO - Optimization finished | best cost: 0.4528129315390238, best pos: [7.14899083e+02 4.88904695e-01 4.18287728e-01 5.32722738e-01]
2025-01-25 15:27:36,286 - pyswarms.single.global_best - INFO - Optimize for 2 iters with {'c1': 0.5, 'c2': 0.5, 'w': 0.5}
2025-01-25 15:27:51,740 - pyswarms.single.global_best - INFO - Optimization finished | best cost: 0.4630444765736173, best pos: [5.94956517e+02 1.83990168e-01 1.16794406e+00 7.15111972e-01]
2025-01-25 15:49:05,948 - pyswarms.single.global_best - INFO - Optimize for 2 iters with {'c1': 0.5, 'c2': 0.5, 'w': 0.5}
2025-01-25 15:59:36,832 - pyswarms.single.global_best - INFO - Optimization finished | best cost: 0.4363503129836383, best pos: [299.25799112  49.71426717  68.5066875    6.91401314   0.75659074]
2025-01-25 16:34:14,322 - pyswarms.single.global_best - INFO - Optimize for 2 iters with {'c1': 0.5, 'c2': 0.5, 'w': 0.5}
2025-01-25 16:41:31,960 - pyswarms.single.global_best - INFO - Optimize for 2 iters with {'c1': 0.5, 'c2': 0.5, 'w': 0.5}
2025-01-25 16:47:11,965 - pyswarms.single.global_best - INFO - Optimization finished | best cost: 0.22657787391604164, best pos: [2.08939170e+02 2.86361175e+02 4.98062452e-02 2.09664355e+01
 2.27443324e+01]
2025-01-25 16:51:39,199 - pyswarms.single.global_best - INFO - Optimize for 2 iters with {'c1': 0.5, 'c2': 0.5, 'w': 0.5}
2025-01-25 16:52:57,494 - pyswarms.single.global_best - INFO - Optimization finished | best cost: 0.24626389120457354, best pos: [214.58399378 291.70625947   0.35365303  66.58616555  93.52637974]
2025-01-27 04:26:34,493 - pyswarms.single.global_best - INFO - Optimize for 20 iters with {'c1': 0.5, 'c2': 0.5, 'w': 0.5}
2025-01-27 04:51:05,074 - pyswarms.single.global_best - INFO - Optimization finished | best cost: 0.23813464685319025, best pos: [ 26.81758043 265.9441299    7.54749377   1.75357625]
2025-01-27 04:51:06,774 - pyswarms.single.global_best - INFO - Optimize for 20 iters with {'c1': 0.5, 'c2': 0.5, 'w': 0.5}
2025-01-27 09:22:55,767 - pyswarms.single.global_best - INFO - Optimization finished | best cost: 0.19887685979554884, best pos: [110.81090509  70.16155109   1.72217622   7.19821188  38.1393653 ]
2025-01-27 14:41:17,090 - pyswarms.single.global_best - INFO - Optimize for 20 iters with {'c1': 0.5, 'c2': 0.5, 'w': 0.5}
2025-01-27 15:32:16,769 - pyswarms.single.global_best - INFO - Optimization finished | best cost: 0.2648656991008358, best pos: [111.64682669 242.35364106  18.47162998   1.08864911]
2025-01-27 15:45:36,227 - pyswarms.single.global_best - INFO - Optimize for 20 iters with {'c1': 0.5, 'c2': 0.5, 'w': 0.5}
2025-01-27 16:23:46,540 - pyswarms.single.global_best - INFO - Optimization finished | best cost: 0.2571437618475614, best pos: [ 75.86912434 101.72160413  14.46181819   1.38437367]
2025-01-28 01:27:11,450 - pyswarms.single.global_best - INFO - Optimize for 20 iters with {'c1': 0.5, 'c2': 0.5, 'w': 0.5}
2025-01-28 01:28:14,713 - pyswarms.single.global_best - INFO - Optimize for 20 iters with {'c1': 0.5, 'c2': 0.5, 'w': 0.5}
2025-01-28 01:38:59,624 - pyswarms.single.global_best - INFO - Optimization finished | best cost: 0.2641050104339736, best pos: [293.12684325   0.39004306   0.79812635   0.32572735]
2025-01-28 01:38:59,635 - pyswarms.single.global_best - INFO - Optimize for 20 iters with {'c1': 0.5, 'c2': 0.5, 'w': 0.5}
2025-01-28 17:44:02,295 - pyswarms.single.global_best - INFO - Optimize for 20 iters with {'c1': 0.5, 'c2': 0.5, 'w': 0.5}
2025-01-28 17:52:49,692 - pyswarms.single.global_best - INFO - Optimization finished | best cost: 0.28009868900026863, best pos: [108.25063715   0.2909796    0.57726032   0.68183945]
2025-01-29 00:22:09,655 - pyswarms.single.global_best - INFO - Optimize for 20 iters with {'c1': 0.5, 'c2': 0.5, 'w': 0.5}
2025-01-29 01:04:08,257 - pyswarms.single.global_best - INFO - Optimization finished | best cost: 0.2530514987368521, best pos: [82.96799416  0.35264508  1.58958055  0.37004184]
2025-02-01 14:00:34,437 - pyswarms.single.global_best - INFO - Optimize for 20 iters with {'c1': 0.5, 'c2': 0.5, 'w': 0.5}
2025-02-02 01:32:29,343 - pyswarms.single.global_best - INFO - Optimize for 20 iters with {'c1': 0.5, 'c2': 0.5, 'w': 0.5}
2025-02-02 03:46:59,369 - pyswarms.single.global_best - INFO - Optimization finished | best cost: 0.21135568847733696, best pos: [246.54952547  41.12577895   0.35310229  35.71679588  10.40638649]
2025-02-02 03:46:59,384 - pyswarms.single.global_best - INFO - Optimize for 20 iters with {'c1': 0.5, 'c2': 0.5, 'w': 0.5}
2025-02-02 05:40:25,442 - pyswarms.single.global_best - INFO - Optimization finished | best cost: 0.20113378339794702, best pos: [227.26843687  64.22371527   0.33286633  14.05060002  58.37323095]
2025-02-04 01:10:30,902 - pyswarms.single.global_best - INFO - Optimize for 20 iters with {'c1': 0.5, 'c2': 0.5, 'w': 0.5}
2025-02-06 16:33:55,668 - pyswarms.single.global_best - INFO - Optimize for 20 iters with {'c1': 0.5, 'c2': 0.5, 'w': 0.5}
2025-02-06 16:43:21,006 - pyswarms.single.global_best - INFO - Optimization finished | best cost: 0.2530514987368521, best pos: [82.96799416  0.35264508  1.58958055  0.37004184]
2025-02-06 17:14:05,145 - pyswarms.single.global_best - INFO - Optimize for 20 iters with {'c1': 0.5, 'c2': 0.5, 'w': 0.5}
2025-02-06 17:31:24,280 - pyswarms.single.global_best - INFO - Optimization finished | best cost: 0.2821513696635152, best pos: [152.60488695   0.47366855   0.69409356   0.33798808]
2025-02-06 17:31:24,294 - pyswarms.single.global_best - INFO - Optimize for 20 iters with {'c1': 0.5, 'c2': 0.5, 'w': 0.5}
2025-02-06 20:16:19,275 - pyswarms.single.global_best - INFO - Optimization finished | best cost: 0.19986041067892127, best pos: [153.74614641 193.44963105   0.64103665  20.06596121  76.22319681]
2025-02-06 20:16:20,570 - pyswarms.single.global_best - INFO - Optimize for 20 iters with {'c1': 0.5, 'c2': 0.5, 'w': 0.5}
2025-02-06 20:33:44,201 - pyswarms.single.global_best - INFO - Optimization finished | best cost: 0.26382859142281323, best pos: [3.38643449e+02 3.13162519e-01 1.33247370e+00 6.62729961e-01]
2025-02-06 20:33:44,216 - pyswarms.single.global_best - INFO - Optimize for 20 iters with {'c1': 0.5, 'c2': 0.5, 'w': 0.5}
2025-02-06 23:54:55,142 - pyswarms.single.global_best - INFO - Optimization finished | best cost: 0.1922584550094588, best pos: [231.27898932 180.41951987   0.53435367   4.22550197  54.23949878]
2025-02-06 23:54:55,164 - pyswarms.single.global_best - INFO - Optimize for 20 iters with {'c1': 0.5, 'c2': 0.5, 'w': 0.5}
2025-02-07 00:28:54,202 - pyswarms.single.global_best - INFO - Optimization finished | best cost: 0.25690079003234734, best pos: [112.6071356    0.3549218    1.57856934   0.29871839]
2025-02-07 00:28:54,217 - pyswarms.single.global_best - INFO - Optimize for 20 iters with {'c1': 0.5, 'c2': 0.5, 'w': 0.5}
2025-02-07 09:48:03,831 - pyswarms.single.global_best - INFO - Optimize for 20 iters with {'c1': 0.5, 'c2': 0.5, 'w': 0.5}
2025-02-07 11:27:03,836 - pyswarms.single.global_best - INFO - Optimization finished | best cost: 0.19093870650824865, best pos: [149.79202877 209.19150195   0.5061468    3.33374199  56.98209593]
2025-02-17 03:24:57,744 - pyswarms.single.global_best - INFO - Optimize for 15 iters with {'c1': 0.5, 'c2': 0.5, 'w': 0.5}
2025-02-17 03:35:23,030 - pyswarms.single.global_best - INFO - Optimization finished | best cost: 0.23233413250340673, best pos: [131.16777165   0.46984819   1.58948303   0.54076471]
2025-02-17 03:35:24,499 - pyswarms.single.global_best - INFO - Optimize for 15 iters with {'c1': 0.5, 'c2': 0.5, 'w': 0.5}
2025-02-17 04:04:19,966 - pyswarms.single.global_best - INFO - Optimization finished | best cost: 0.2968933665539316, best pos: [ 14.74763404 138.03191411   6.76819142   4.11178557]
2025-02-17 06:37:02,297 - pyswarms.single.global_best - INFO - Optimize for 15 iters with {'c1': 0.5, 'c2': 0.5, 'w': 0.5}
2025-02-17 06:48:17,472 - pyswarms.single.global_best - INFO - Optimization finished | best cost: 0.24145200483405369, best pos: [4.66987729e+02 2.35949054e-01 1.48758243e+00 7.36273228e-01]
2025-02-17 06:48:17,483 - pyswarms.single.global_best - INFO - Optimize for 15 iters with {'c1': 0.5, 'c2': 0.5, 'w': 0.5}
2025-02-17 07:14:59,627 - pyswarms.single.global_best - INFO - Optimization finished | best cost: 0.3220014211278056, best pos: [223.83431328 176.3618798   18.30345424  11.75318343]
2025-02-17 09:25:31,036 - pyswarms.single.global_best - INFO - Optimize for 15 iters with {'c1': 0.5, 'c2': 0.5, 'w': 0.5}
2025-02-17 09:35:14,499 - pyswarms.single.global_best - INFO - Optimization finished | best cost: 0.23840659943654333, best pos: [3.00506484e+02 3.27903496e-01 1.04511591e+00 1.75590730e-01]
2025-02-17 09:35:14,510 - pyswarms.single.global_best - INFO - Optimize for 15 iters with {'c1': 0.5, 'c2': 0.5, 'w': 0.5}
2025-02-17 10:11:12,221 - pyswarms.single.global_best - INFO - Optimization finished | best cost: 0.3110031175549991, best pos: [ 76.82224696 224.20033639   9.85029385   6.81233338]
2025-02-18 22:30:46,006 - pyswarms.single.global_best - INFO - Optimize for 15 iters with {'c1': 0.5, 'c2': 0.5, 'w': 0.5}
2025-02-19 05:14:50,903 - pyswarms.single.global_best - INFO - Optimize for 15 iters with {'c1': 0.5, 'c2': 0.5, 'w': 0.5}
2025-02-19 05:56:23,433 - pyswarms.single.global_best - INFO - Optimization finished | best cost: 0.25743282119906113, best pos: [3.18312652e+02 1.14896093e-01 1.09545964e+00 4.63300516e-01]
2025-02-19 05:56:23,448 - pyswarms.single.global_best - INFO - Optimize for 15 iters with {'c1': 0.5, 'c2': 0.5, 'w': 0.5}
2025-02-19 08:43:56,254 - pyswarms.single.global_best - INFO - Optimization finished | best cost: 0.3262158855346256, best pos: [ 17.994614   198.77805002   4.10083808   1.86319363]
2025-02-19 11:49:08,488 - pyswarms.single.global_best - INFO - Optimize for 18 iters with {'c1': 0.5, 'c2': 0.5, 'w': 0.5}
2025-02-19 11:50:46,280 - pyswarms.single.global_best - INFO - Optimize for 15 iters with {'c1': 0.5, 'c2': 0.5, 'w': 0.5}
2025-02-19 14:09:41,396 - pyswarms.single.global_best - INFO - Optimize for 15 iters with {'c1': 0.5, 'c2': 0.5, 'w': 0.5}
2025-02-19 15:07:53,708 - pyswarms.single.global_best - INFO - Optimization finished | best cost: 0.26739754006769123, best pos: [3.75237205e+02 2.44082127e-01 1.46545671e+00 3.98727271e-01]
2025-02-19 15:07:53,824 - pyswarms.single.global_best - INFO - Optimize for 15 iters with {'c1': 0.5, 'c2': 0.5, 'w': 0.5}
2025-02-19 17:52:39,458 - pyswarms.single.global_best - INFO - Optimization finished | best cost: 0.33828021577536654, best pos: [ 63.64052842 110.50671891   8.00185944   1.3649895 ]
2025-02-19 23:06:14,755 - pyswarms.single.global_best - INFO - Optimization finished | best cost: 0.23947177627786212, best pos: [140.76074054  73.62104765 226.49804732   0.56649161   0.5066472 ]
2025-02-19 23:06:14,822 - pyswarms.single.global_best - INFO - Optimize for 15 iters with {'c1': 0.5, 'c2': 0.5, 'w': 0.5}
2025-02-20 00:51:05,724 - pyswarms.single.global_best - INFO - Optimize for 15 iters with {'c1': 0.5, 'c2': 0.5, 'w': 0.5}
2025-02-20 00:54:42,224 - pyswarms.single.global_best - INFO - Optimize for 15 iters with {'c1': 0.5, 'c2': 0.5, 'w': 0.5}
2025-02-20 01:49:45,197 - pyswarms.single.global_best - INFO - Optimization finished | best cost: 0.25374924417103895, best pos: [3.23407380e+02 3.13752363e-01 1.16765048e-01 3.30739329e-01]
2025-02-20 01:49:45,213 - pyswarms.single.global_best - INFO - Optimize for 15 iters with {'c1': 0.5, 'c2': 0.5, 'w': 0.5}
2025-02-20 03:02:24,737 - pyswarms.single.global_best - INFO - Optimization finished | best cost: 0.20365456290934972, best pos: [153.87437884 191.51772018   0.63956342  20.07794629  78.56069198]
2025-02-20 04:28:49,397 - pyswarms.single.global_best - INFO - Optimization finished | best cost: 0.3290964432329726, best pos: [ 74.51558594 248.14209977   6.54482481   2.79312653]
2025-04-18 17:44:23,552 - pyswarms.single.global_best - INFO - Optimize for 15 iters with {'c1': 0.5, 'c2': 0.5, 'w': 0.5}
2025-04-18 17:56:23,003 - pyswarms.single.global_best - INFO - Optimization finished | best cost: 0.2849581283770684, best pos: [328.7124845    0.33273819   1.09826411   0.37807377]
2025-04-18 17:56:24,762 - pyswarms.single.global_best - INFO - Optimize for 15 iters with {'c1': 0.5, 'c2': 0.5, 'w': 0.5}
2025-04-18 18:38:22,238 - pyswarms.single.global_best - INFO - Optimization finished | best cost: 0.31965060622934194, best pos: [ 57.4425641  241.36287329  41.96396164   2.1807164 ]
2025-04-18 18:38:23,142 - pyswarms.single.global_best - INFO - Optimize for 15 iters with {'c1': 0.5, 'c2': 0.5, 'w': 0.5}
2025-04-18 18:51:03,270 - pyswarms.single.global_best - INFO - Optimization finished | best cost: 0.2835410847951644, best pos: [233.18729023   0.33773863   1.78902177   0.451943  ]
2025-04-18 18:51:03,283 - pyswarms.single.global_best - INFO - Optimize for 15 iters with {'c1': 0.5, 'c2': 0.5, 'w': 0.5}
2025-04-18 19:36:36,687 - pyswarms.single.global_best - INFO - Optimization finished | best cost: 0.3168009981345301, best pos: [ 34.93770456 101.52742016  38.81080066   3.69786508]
2025-04-18 19:36:38,428 - pyswarms.single.global_best - INFO - Optimize for 15 iters with {'c1': 0.5, 'c2': 0.5, 'w': 0.5}
2025-04-18 20:34:25,637 - pyswarms.single.global_best - INFO - Optimization finished | best cost: 0.286895079667926, best pos: [471.30612765   0.4738741    1.13358803   0.60714811]
2025-04-18 20:34:25,648 - pyswarms.single.global_best - INFO - Optimize for 15 iters with {'c1': 0.5, 'c2': 0.5, 'w': 0.5}
2025-04-18 21:00:39,090 - pyswarms.single.global_best - INFO - Optimization finished | best cost: 0.3091430731764763, best pos: [88.20465689 90.21091328  4.91626947  1.94974533]
2025-04-18 21:00:39,097 - pyswarms.single.global_best - INFO - Optimize for 15 iters with {'c1': 0.5, 'c2': 0.5, 'w': 0.5}
2025-04-18 22:13:49,638 - pyswarms.single.global_best - INFO - Optimization finished | best cost: 0.2799953476606565, best pos: [5.69787531e+02 3.55923983e-01 1.17036479e+00 3.89854091e-01]
2025-04-18 22:13:49,648 - pyswarms.single.global_best - INFO - Optimize for 15 iters with {'c1': 0.5, 'c2': 0.5, 'w': 0.5}
2025-04-18 22:46:47,686 - pyswarms.single.global_best - INFO - Optimization finished | best cost: 0.32957675007262743, best pos: [207.94144119 107.02505531  36.43885585   5.64523829]
2025-04-18 22:46:49,373 - pyswarms.single.global_best - INFO - Optimize for 15 iters with {'c1': 0.5, 'c2': 0.5, 'w': 0.5}
2025-04-18 23:17:55,960 - pyswarms.single.global_best - INFO - Optimization finished | best cost: 0.2863195258880863, best pos: [233.07670625   0.26832338   1.1084901    0.53050235]
2025-04-18 23:17:55,971 - pyswarms.single.global_best - INFO - Optimize for 15 iters with {'c1': 0.5, 'c2': 0.5, 'w': 0.5}
2025-04-18 23:57:13,059 - pyswarms.single.global_best - INFO - Optimization finished | best cost: 0.30951632265965906, best pos: [264.95056177  56.6513257   17.11997213   3.85116173]
2025-04-18 23:57:13,076 - pyswarms.single.global_best - INFO - Optimize for 15 iters with {'c1': 0.5, 'c2': 0.5, 'w': 0.5}
2025-04-19 00:39:04,222 - pyswarms.single.global_best - INFO - Optimization finished | best cost: 0.2850432458369891, best pos: [233.4213352    0.39725057   1.0287624    0.46888018]
2025-04-19 00:39:04,235 - pyswarms.single.global_best - INFO - Optimize for 15 iters with {'c1': 0.5, 'c2': 0.5, 'w': 0.5}
2025-04-19 01:04:14,467 - pyswarms.single.global_best - INFO - Optimization finished | best cost: 0.3196449467438439, best pos: [151.2479513  171.65396971  25.23050706   1.75766981]
2025-04-19 01:04:14,475 - pyswarms.single.global_best - INFO - Optimize for 15 iters with {'c1': 0.5, 'c2': 0.5, 'w': 0.5}
2025-04-19 01:14:17,592 - pyswarms.single.global_best - INFO - Optimization finished | best cost: 0.28163749661621357, best pos: [383.13157108   0.38434927   1.34404451   0.56278449]
2025-04-19 01:14:17,599 - pyswarms.single.global_best - INFO - Optimize for 15 iters with {'c1': 0.5, 'c2': 0.5, 'w': 0.5}
2025-04-19 01:33:57,039 - pyswarms.single.global_best - INFO - Optimization finished | best cost: 0.29945930420091915, best pos: [ 51.66866243 169.86604047  18.00958151   3.30582048]
2025-04-19 01:33:57,047 - pyswarms.single.global_best - INFO - Optimize for 15 iters with {'c1': 0.5, 'c2': 0.5, 'w': 0.5}
2025-04-19 01:42:53,151 - pyswarms.single.global_best - INFO - Optimization finished | best cost: 0.2834317557186596, best pos: [165.70085081   0.43401446   1.26767583   0.49117877]
2025-04-19 01:42:53,159 - pyswarms.single.global_best - INFO - Optimize for 15 iters with {'c1': 0.5, 'c2': 0.5, 'w': 0.5}
2025-04-19 02:14:14,053 - pyswarms.single.global_best - INFO - Optimization finished | best cost: 0.32187388024627495, best pos: [249.22122575 286.08529786  29.37990846   2.89522059]
2025-04-19 02:14:14,059 - pyswarms.single.global_best - INFO - Optimize for 15 iters with {'c1': 0.5, 'c2': 0.5, 'w': 0.5}
2025-04-19 02:27:00,245 - pyswarms.single.global_best - INFO - Optimization finished | best cost: 0.2901813783012859, best pos: [5.44252355e+02 4.62332325e-01 1.17319747e+00 3.82320391e-01]
2025-04-19 02:27:00,254 - pyswarms.single.global_best - INFO - Optimize for 15 iters with {'c1': 0.5, 'c2': 0.5, 'w': 0.5}
2025-04-19 02:55:26,603 - pyswarms.single.global_best - INFO - Optimization finished | best cost: 0.30260510530140716, best pos: [238.62970306 106.02893138   9.79565274   1.81578731]
2025-04-19 02:55:26,609 - pyswarms.single.global_best - INFO - Optimize for 15 iters with {'c1': 0.5, 'c2': 0.5, 'w': 0.5}
2025-04-19 03:06:07,491 - pyswarms.single.global_best - INFO - Optimization finished | best cost: 0.2810209334282647, best pos: [3.28210155e+02 4.95059876e-01 7.37015258e-01 6.42508019e-02]
2025-04-19 03:06:07,500 - pyswarms.single.global_best - INFO - Optimize for 15 iters with {'c1': 0.5, 'c2': 0.5, 'w': 0.5}
2025-04-19 03:32:02,021 - pyswarms.single.global_best - INFO - Optimization finished | best cost: 0.2963982482074857, best pos: [ 22.93955083 197.08286895   7.44119839   2.65611791]
2025-04-19 20:47:23,349 - pyswarms.single.global_best - INFO - Optimize for 15 iters with {'c1': 0.5, 'c2': 0.5, 'w': 0.5}
2025-04-19 20:48:35,647 - pyswarms.single.global_best - INFO - Optimize for 15 iters with {'c1': 0.5, 'c2': 0.5, 'w': 0.5}
2025-04-19 20:51:43,646 - pyswarms.single.global_best - INFO - Optimization finished | best cost: 0.0006245161923339004, best pos: [5.33679784e+02 1.95308910e-01 1.64428056e+00 1.16826559e-01]
2025-04-19 20:51:43,658 - pyswarms.single.global_best - INFO - Optimize for 15 iters with {'c1': 0.5, 'c2': 0.5, 'w': 0.5}
2025-04-19 20:59:51,613 - pyswarms.single.global_best - INFO - Optimize for 15 iters with {'c1': 0.5, 'c2': 0.5, 'w': 0.5}
2025-04-19 21:08:38,877 - pyswarms.single.global_best - INFO - Optimization finished | best cost: 0.0006245161923339004, best pos: [5.33679784e+02 1.95308910e-01 1.64428056e+00 1.16826559e-01]
2025-04-19 21:08:38,887 - pyswarms.single.global_best - INFO - Optimize for 15 iters with {'c1': 0.5, 'c2': 0.5, 'w': 0.5}
2025-04-19 21:10:36,332 - pyswarms.single.global_best - INFO - Optimization finished | best cost: 0.07235677970637537, best pos: [ 90.94928141 123.8559357   42.58612266   1.66108918]
2025-04-19 21:10:36,343 - pyswarms.single.global_best - INFO - Optimize for 15 iters with {'c1': 0.5, 'c2': 0.5, 'w': 0.5}
2025-04-19 21:23:07,659 - pyswarms.single.global_best - INFO - Optimization finished | best cost: 5.42728416060747e-06, best pos: [6.22410277e+02 4.70210698e-01 9.58122807e-01 5.41348941e-01]
2025-04-19 21:23:07,668 - pyswarms.single.global_best - INFO - Optimize for 15 iters with {'c1': 0.5, 'c2': 0.5, 'w': 0.5}
2025-04-19 21:24:59,459 - pyswarms.single.global_best - INFO - Optimization finished | best cost: 0.010715975274740198, best pos: [ 24.96331358 157.86658705  33.41988013  10.91799577]
2025-04-19 21:24:59,470 - pyswarms.single.global_best - INFO - Optimize for 15 iters with {'c1': 0.5, 'c2': 0.5, 'w': 0.5}
2025-04-19 21:26:01,286 - pyswarms.single.global_best - INFO - Optimize for 15 iters with {'c1': 0.5, 'c2': 0.5, 'w': 0.5}
2025-04-20 00:46:12,447 - pyswarms.single.global_best - INFO - Optimization finished | best cost: 0.27026453814633294, best pos: [3.81105869e+02 2.92809569e-01 1.51541907e+00 6.03352930e-01]
2025-04-20 00:46:12,462 - pyswarms.single.global_best - INFO - Optimize for 15 iters with {'c1': 0.5, 'c2': 0.5, 'w': 0.5}
2025-04-20 03:14:07,986 - pyswarms.single.global_best - INFO - Optimization finished | best cost: 0.36339566629667236, best pos: [158.79284701  94.106761    17.68290836   1.82053491]
2025-04-20 03:14:07,995 - pyswarms.single.global_best - INFO - Optimize for 15 iters with {'c1': 0.5, 'c2': 0.5, 'w': 0.5}
2025-04-20 03:46:17,730 - pyswarms.single.global_best - INFO - Optimization finished | best cost: 0.27167191106534305, best pos: [4.17949827e+02 2.74876783e-01 9.47025860e-01 6.26548288e-01]
2025-04-20 03:46:17,738 - pyswarms.single.global_best - INFO - Optimize for 15 iters with {'c1': 0.5, 'c2': 0.5, 'w': 0.5}
2025-04-20 05:37:02,937 - pyswarms.single.global_best - INFO - Optimization finished | best cost: 0.37919281672671934, best pos: [ 97.59127665 134.14803106  31.38847525   2.33073896]
2025-04-20 05:37:02,945 - pyswarms.single.global_best - INFO - Optimize for 15 iters with {'c1': 0.5, 'c2': 0.5, 'w': 0.5}
2025-04-20 06:07:29,991 - pyswarms.single.global_best - INFO - Optimization finished | best cost: 0.27426315181724964, best pos: [3.55846052e+02 2.66157691e-01 8.51217403e-01 7.60351902e-01]
2025-04-20 06:07:30,001 - pyswarms.single.global_best - INFO - Optimize for 15 iters with {'c1': 0.5, 'c2': 0.5, 'w': 0.5}
2025-04-20 08:00:54,644 - pyswarms.single.global_best - INFO - Optimization finished | best cost: 0.3342819056912245, best pos: [106.22654545  69.74800798   4.6359049    1.60012814]
2025-04-20 08:00:54,652 - pyswarms.single.global_best - INFO - Optimize for 15 iters with {'c1': 0.5, 'c2': 0.5, 'w': 0.5}
2025-04-20 08:34:06,667 - pyswarms.single.global_best - INFO - Optimization finished | best cost: 0.2707373844248196, best pos: [5.87499427e+02 4.91488322e-01 1.77482815e+00 5.64384255e-01]
2025-04-20 08:34:06,678 - pyswarms.single.global_best - INFO - Optimize for 15 iters with {'c1': 0.5, 'c2': 0.5, 'w': 0.5}
2025-04-20 12:11:36,199 - pyswarms.single.global_best - INFO - Optimization finished | best cost: 0.3751310824834372, best pos: [253.08166217 154.02839435  20.18545567   7.65260939]
2025-04-20 12:11:36,216 - pyswarms.single.global_best - INFO - Optimize for 15 iters with {'c1': 0.5, 'c2': 0.5, 'w': 0.5}
2025-04-20 16:08:14,562 - pyswarms.single.global_best - INFO - Optimization finished | best cost: 0.2659438880974361, best pos: [6.21434396e+02 4.25524674e-01 1.26737383e+00 6.10216678e-01]
2025-04-20 16:08:14,579 - pyswarms.single.global_best - INFO - Optimize for 15 iters with {'c1': 0.5, 'c2': 0.5, 'w': 0.5}
2025-04-20 21:29:46,219 - pyswarms.single.global_best - INFO - Optimization finished | best cost: 0.33789165532683096, best pos: [261.75449004 122.86140556   4.97515073   1.57152506]
2025-04-20 21:29:46,234 - pyswarms.single.global_best - INFO - Optimize for 15 iters with {'c1': 0.5, 'c2': 0.5, 'w': 0.5}
2025-04-21 00:13:39,915 - pyswarms.single.global_best - INFO - Optimization finished | best cost: 0.27523535671203986, best pos: [6.98334959e+02 2.77884076e-01 7.20726239e-01 5.62544766e-01]
2025-04-21 00:13:39,931 - pyswarms.single.global_best - INFO - Optimize for 15 iters with {'c1': 0.5, 'c2': 0.5, 'w': 0.5}
2025-04-21 01:47:20,635 - pyswarms.single.global_best - INFO - Optimization finished | best cost: 0.34963015742711734, best pos: [ 57.18315975 227.60212353  13.3181171    1.95930756]
2025-04-21 01:47:20,643 - pyswarms.single.global_best - INFO - Optimize for 15 iters with {'c1': 0.5, 'c2': 0.5, 'w': 0.5}
2025-04-21 02:18:16,304 - pyswarms.single.global_best - INFO - Optimization finished | best cost: 0.25817050113562784, best pos: [327.02373924   0.42252816   1.18798711   0.58705333]
2025-04-21 02:18:16,314 - pyswarms.single.global_best - INFO - Optimize for 15 iters with {'c1': 0.5, 'c2': 0.5, 'w': 0.5}
2025-04-21 03:41:34,086 - pyswarms.single.global_best - INFO - Optimization finished | best cost: 0.346135672443282, best pos: [ 50.00469173 186.69554432  12.10747997   2.90114836]
2025-04-21 03:41:34,095 - pyswarms.single.global_best - INFO - Optimize for 15 iters with {'c1': 0.5, 'c2': 0.5, 'w': 0.5}
2025-04-21 04:14:22,845 - pyswarms.single.global_best - INFO - Optimization finished | best cost: 0.27257304754698153, best pos: [5.52316957e+02 3.59614320e-01 1.57607065e+00 4.50502151e-01]
2025-04-21 04:14:22,856 - pyswarms.single.global_best - INFO - Optimize for 15 iters with {'c1': 0.5, 'c2': 0.5, 'w': 0.5}
2025-04-21 05:54:16,000 - pyswarms.single.global_best - INFO - Optimization finished | best cost: 0.36096605077795774, best pos: [ 78.89802348 266.19175621  17.47129611   1.07908256]
2025-04-21 05:54:16,008 - pyswarms.single.global_best - INFO - Optimize for 15 iters with {'c1': 0.5, 'c2': 0.5, 'w': 0.5}
2025-04-21 06:24:19,212 - pyswarms.single.global_best - INFO - Optimization finished | best cost: 0.2735923645901279, best pos: [4.49598254e+02 4.01814788e-01 1.79864154e+00 4.71745872e-01]
2025-04-21 06:24:19,224 - pyswarms.single.global_best - INFO - Optimize for 15 iters with {'c1': 0.5, 'c2': 0.5, 'w': 0.5}
2025-04-21 10:37:02,251 - pyswarms.single.global_best - INFO - Optimization finished | best cost: 0.33719236325975244, best pos: [246.11305245 122.95687235   4.10665114   1.23981937]
2025-04-21 10:37:02,264 - pyswarms.single.global_best - INFO - Optimize for 15 iters with {'c1': 0.5, 'c2': 0.5, 'w': 0.5}
2025-04-21 11:21:09,067 - pyswarms.single.global_best - INFO - Optimization finished | best cost: 0.2542222174551795, best pos: [327.67419477   0.41677165   0.69203328   0.62145613]
2025-04-21 11:21:09,077 - pyswarms.single.global_best - INFO - Optimize for 15 iters with {'c1': 0.5, 'c2': 0.5, 'w': 0.5}
2025-04-21 12:57:09,353 - pyswarms.single.global_best - INFO - Optimization finished | best cost: 0.34156812611654863, best pos: [ 20.97169261 256.61038671  13.51108802   1.93628901]
2025-04-23 18:51:01,801 - pyswarms.single.global_best - INFO - Optimize for 15 iters with {'c1': 0.5, 'c2': 0.5, 'w': 0.5}
2025-04-26 11:09:38,814 - pyswarms.single.global_best - INFO - Optimize for 15 iters with {'c1': 0.5, 'c2': 0.5, 'w': 0.5}
2025-04-26 11:25:02,790 - pyswarms.single.global_best - INFO - Optimize for 15 iters with {'c1': 0.5, 'c2': 0.5, 'w': 0.5}
2025-04-26 11:25:47,622 - pyswarms.single.global_best - INFO - Optimize for 15 iters with {'c1': 0.5, 'c2': 0.5, 'w': 0.5}
2025-04-26 11:26:31,375 - pyswarms.single.global_best - INFO - Optimize for 15 iters with {'c1': 0.5, 'c2': 0.5, 'w': 0.5}
2025-04-26 11:27:14,400 - pyswarms.single.global_best - INFO - Optimize for 15 iters with {'c1': 0.5, 'c2': 0.5, 'w': 0.5}
2025-04-26 12:44:12,378 - pyswarms.single.global_best - INFO - Optimize for 15 iters with {'c1': 0.5, 'c2': 0.5, 'w': 0.5}
2025-04-26 12:53:57,337 - pyswarms.single.global_best - INFO - Optimize for 15 iters with {'c1': 0.5, 'c2': 0.5, 'w': 0.5}
2025-04-26 12:55:51,325 - pyswarms.single.global_best - INFO - Optimize for 15 iters with {'c1': 0.5, 'c2': 0.5, 'w': 0.5}
2025-04-26 13:40:57,569 - pyswarms.single.global_best - INFO - Optimize for 15 iters with {'c1': 0.5, 'c2': 0.5, 'w': 0.5}
2025-04-26 13:42:00,155 - pyswarms.single.global_best - INFO - Optimize for 15 iters with {'c1': 0.5, 'c2': 0.5, 'w': 0.5}
2025-04-26 13:42:45,824 - pyswarms.single.global_best - INFO - Optimize for 15 iters with {'c1': 0.5, 'c2': 0.5, 'w': 0.5}
2025-04-26 13:44:30,308 - pyswarms.single.global_best - INFO - Optimize for 15 iters with {'c1': 0.5, 'c2': 0.5, 'w': 0.5}
2025-04-26 13:49:07,958 - pyswarms.single.global_best - INFO - Optimize for 15 iters with {'c1': 0.5, 'c2': 0.5, 'w': 0.5}
2025-04-26 13:54:50,597 - pyswarms.single.global_best - INFO - Optimize for 15 iters with {'c1': 0.5, 'c2': 0.5, 'w': 0.5}
2025-04-26 13:55:03,515 - pyswarms.single.global_best - INFO - Optimize for 15 iters with {'c1': 0.5, 'c2': 0.5, 'w': 0.5}
2025-04-26 13:55:31,571 - pyswarms.single.global_best - INFO - Optimize for 15 iters with {'c1': 0.5, 'c2': 0.5, 'w': 0.5}
2025-04-26 13:56:09,894 - pyswarms.single.global_best - INFO - Optimize for 15 iters with {'c1': 0.5, 'c2': 0.5, 'w': 0.5}
2025-04-26 13:57:23,260 - pyswarms.single.global_best - INFO - Optimize for 15 iters with {'c1': 0.5, 'c2': 0.5, 'w': 0.5}
2025-04-26 14:01:15,308 - pyswarms.single.global_best - INFO - Optimize for 15 iters with {'c1': 0.5, 'c2': 0.5, 'w': 0.5}
2025-04-26 14:01:49,630 - pyswarms.single.global_best - INFO - Optimize for 15 iters with {'c1': 0.5, 'c2': 0.5, 'w': 0.5}
2025-04-26 14:03:00,647 - pyswarms.single.global_best - INFO - Optimize for 15 iters with {'c1': 0.5, 'c2': 0.5, 'w': 0.5}
2025-04-26 14:03:24,119 - pyswarms.single.global_best - INFO - Optimize for 15 iters with {'c1': 0.5, 'c2': 0.5, 'w': 0.5}
2025-04-26 14:04:32,247 - pyswarms.single.global_best - INFO - Optimize for 15 iters with {'c1': 0.5, 'c2': 0.5, 'w': 0.5}
2025-04-26 14:08:57,570 - pyswarms.single.global_best - INFO - Optimize for 15 iters with {'c1': 0.5, 'c2': 0.5, 'w': 0.5}
2025-04-26 14:10:39,038 - pyswarms.single.global_best - INFO - Optimize for 15 iters with {'c1': 0.5, 'c2': 0.5, 'w': 0.5}
2025-04-26 14:11:00,385 - pyswarms.single.global_best - INFO - Optimize for 15 iters with {'c1': 0.5, 'c2': 0.5, 'w': 0.5}
2025-04-26 14:18:21,648 - pyswarms.single.global_best - INFO - Optimize for 15 iters with {'c1': 0.5, 'c2': 0.5, 'w': 0.5}
2025-04-26 14:22:37,961 - pyswarms.single.global_best - INFO - Optimize for 15 iters with {'c1': 0.5, 'c2': 0.5, 'w': 0.5}
2025-04-26 14:24:08,159 - pyswarms.single.global_best - INFO - Optimize for 15 iters with {'c1': 0.5, 'c2': 0.5, 'w': 0.5}
2025-04-26 14:27:55,787 - pyswarms.single.global_best - INFO - Optimize for 15 iters with {'c1': 0.5, 'c2': 0.5, 'w': 0.5}
2025-04-26 14:28:52,313 - pyswarms.single.global_best - INFO - Optimize for 15 iters with {'c1': 0.5, 'c2': 0.5, 'w': 0.5}
2025-04-26 14:34:52,155 - pyswarms.single.global_best - INFO - Optimize for 15 iters with {'c1': 0.5, 'c2': 0.5, 'w': 0.5}
2025-04-26 14:49:29,226 - pyswarms.single.global_best - INFO - Optimize for 15 iters with {'c1': 0.5, 'c2': 0.5, 'w': 0.5}
2025-04-26 14:51:31,330 - pyswarms.single.global_best - INFO - Optimize for 15 iters with {'c1': 0.5, 'c2': 0.5, 'w': 0.5}
2025-04-26 15:20:37,767 - pyswarms.single.global_best - INFO - Optimize for 15 iters with {'c1': 0.5, 'c2': 0.5, 'w': 0.5}
2025-04-26 15:24:21,553 - pyswarms.single.global_best - INFO - Optimize for 15 iters with {'c1': 0.5, 'c2': 0.5, 'w': 0.5}
2025-04-26 15:26:09,756 - pyswarms.single.global_best - INFO - Optimize for 15 iters with {'c1': 0.5, 'c2': 0.5, 'w': 0.5}
2025-04-26 15:28:23,408 - pyswarms.single.global_best - INFO - Optimize for 15 iters with {'c1': 0.5, 'c2': 0.5, 'w': 0.5}
2025-04-26 15:30:20,334 - pyswarms.single.global_best - INFO - Optimize for 15 iters with {'c1': 0.5, 'c2': 0.5, 'w': 0.5}
2025-04-26 15:44:09,784 - pyswarms.single.global_best - INFO - Optimize for 15 iters with {'c1': 0.5, 'c2': 0.5, 'w': 0.5}
2025-04-26 15:45:50,951 - pyswarms.single.global_best - INFO - Optimize for 15 iters with {'c1': 0.5, 'c2': 0.5, 'w': 0.5}
2025-04-26 15:47:10,630 - pyswarms.single.global_best - INFO - Optimize for 15 iters with {'c1': 0.5, 'c2': 0.5, 'w': 0.5}
2025-04-26 15:49:12,437 - pyswarms.single.global_best - INFO - Optimize for 15 iters with {'c1': 0.5, 'c2': 0.5, 'w': 0.5}
2025-04-26 15:53:32,196 - pyswarms.single.global_best - INFO - Optimize for 15 iters with {'c1': 0.5, 'c2': 0.5, 'w': 0.5}
2025-04-26 15:56:23,974 - pyswarms.single.global_best - INFO - Optimize for 15 iters with {'c1': 0.5, 'c2': 0.5, 'w': 0.5}
2025-04-26 15:57:14,559 - pyswarms.single.global_best - INFO - Optimize for 15 iters with {'c1': 0.5, 'c2': 0.5, 'w': 0.5}
2025-04-26 16:03:30,876 - pyswarms.single.global_best - INFO - Optimize for 15 iters with {'c1': 0.5, 'c2': 0.5, 'w': 0.5}
2025-04-26 16:07:07,393 - pyswarms.single.global_best - INFO - Optimize for 15 iters with {'c1': 0.5, 'c2': 0.5, 'w': 0.5}
2025-04-26 16:12:02,281 - pyswarms.single.global_best - INFO - Optimize for 15 iters with {'c1': 0.5, 'c2': 0.5, 'w': 0.5}
2025-04-26 16:48:45,722 - pyswarms.single.global_best - INFO - Optimization finished | best cost: 0.23465127708685332, best pos: [2.97957855e+02 4.79424203e-01 1.68329438e+00 1.48154925e-01]
2025-04-26 16:48:45,890 - pyswarms.single.global_best - INFO - Optimize for 15 iters with {'c1': 0.5, 'c2': 0.5, 'w': 0.5}
2025-04-26 17:27:22,052 - pyswarms.single.global_best - INFO - Optimization finished | best cost: 0.22782667535025977, best pos: [3.79574839e+02 3.54986128e-01 1.18922231e+00 1.09870305e-01]
2025-04-26 17:27:22,151 - pyswarms.single.global_best - INFO - Optimize for 15 iters with {'c1': 0.5, 'c2': 0.5, 'w': 0.5}
2025-04-27 01:59:18,603 - pyswarms.single.global_best - INFO - Optimize for 15 iters with {'c1': 0.5, 'c2': 0.5, 'w': 0.5}
2025-04-27 02:02:39,753 - pyswarms.single.global_best - INFO - Optimization finished | best cost: 0.23465127708685332, best pos: [2.97957855e+02 4.79424203e-01 1.68329438e+00 1.48154925e-01]
2025-04-27 02:02:39,784 - pyswarms.single.global_best - INFO - Optimize for 15 iters with {'c1': 0.5, 'c2': 0.5, 'w': 0.5}
2025-04-27 02:06:54,925 - pyswarms.single.global_best - INFO - Optimization finished | best cost: 0.22782667535025977, best pos: [3.79574839e+02 3.54986128e-01 1.18922231e+00 1.09870305e-01]
2025-04-27 02:06:54,951 - pyswarms.single.global_best - INFO - Optimize for 15 iters with {'c1': 0.5, 'c2': 0.5, 'w': 0.5}
2025-04-27 02:11:17,170 - pyswarms.single.global_best - INFO - Optimization finished | best cost: 0.22422981009104562, best pos: [5.11084562e+02 4.06152544e-01 4.84662969e-01 6.45808659e-02]
2025-04-27 02:11:17,204 - pyswarms.single.global_best - INFO - Optimize for 15 iters with {'c1': 0.5, 'c2': 0.5, 'w': 0.5}
2025-04-27 02:15:17,544 - pyswarms.single.global_best - INFO - Optimization finished | best cost: 0.22387449602535675, best pos: [2.99167414e+02 2.49719911e-01 3.66511650e-01 1.82733748e-01]
2025-04-27 02:15:17,577 - pyswarms.single.global_best - INFO - Optimize for 15 iters with {'c1': 0.5, 'c2': 0.5, 'w': 0.5}
2025-04-27 02:21:15,930 - pyswarms.single.global_best - INFO - Optimization finished | best cost: 0.2526506452577553, best pos: [7.61031415e+02 2.83577616e-01 5.88246580e-01 1.00665676e-01]
2025-04-27 02:21:15,964 - pyswarms.single.global_best - INFO - Optimize for 15 iters with {'c1': 0.5, 'c2': 0.5, 'w': 0.5}
2025-04-27 02:26:48,566 - pyswarms.single.global_best - INFO - Optimization finished | best cost: 0.21887069526295244, best pos: [5.28358458e+02 2.49444021e-01 1.49465798e+00 9.51623876e-02]
2025-04-27 02:26:48,600 - pyswarms.single.global_best - INFO - Optimize for 15 iters with {'c1': 0.5, 'c2': 0.5, 'w': 0.5}
2025-04-27 02:31:15,929 - pyswarms.single.global_best - INFO - Optimization finished | best cost: 0.2414979636174987, best pos: [200.39867365   0.34336229   1.66485356   0.26405893]
2025-04-27 02:31:15,969 - pyswarms.single.global_best - INFO - Optimize for 15 iters with {'c1': 0.5, 'c2': 0.5, 'w': 0.5}
2025-04-27 02:36:53,481 - pyswarms.single.global_best - INFO - Optimization finished | best cost: 0.23609685567390043, best pos: [6.83349436e+02 2.25888848e-01 1.05980769e+00 1.25136749e-01]
2025-04-27 02:36:53,512 - pyswarms.single.global_best - INFO - Optimize for 15 iters with {'c1': 0.5, 'c2': 0.5, 'w': 0.5}
2025-04-27 02:41:10,142 - pyswarms.single.global_best - INFO - Optimization finished | best cost: 0.2116590365127028, best pos: [5.32305891e+02 2.80579109e-01 1.57379688e+00 8.63197261e-02]
2025-04-27 02:41:10,177 - pyswarms.single.global_best - INFO - Optimize for 15 iters with {'c1': 0.5, 'c2': 0.5, 'w': 0.5}
2025-04-27 02:44:13,953 - pyswarms.single.global_best - INFO - Optimization finished | best cost: 0.2308121197116593, best pos: [2.54546585e+02 2.17503749e-01 3.57603928e-01 1.81313077e-01]
2025-04-28 00:31:54,773 - pyswarms.single.global_best - INFO - Optimize for 15 iters with {'c1': 0.5, 'c2': 0.5, 'w': 0.5}
2025-04-28 00:38:27,279 - pyswarms.single.global_best - INFO - Optimization finished | best cost: 0.28826093673706055, best pos: [91.96855616 88.30330149 22.74491091  5.55973815]
2025-04-28 00:38:27,312 - pyswarms.single.global_best - INFO - Optimize for 15 iters with {'c1': 0.5, 'c2': 0.5, 'w': 0.5}
2025-04-28 00:46:11,431 - pyswarms.single.global_best - INFO - Optimization finished | best cost: 0.29476475715637207, best pos: [ 55.76942164 105.78267519  37.63869453   1.14734307]
2025-04-28 00:46:11,469 - pyswarms.single.global_best - INFO - Optimize for 15 iters with {'c1': 0.5, 'c2': 0.5, 'w': 0.5}
2025-04-28 00:58:58,213 - pyswarms.single.global_best - INFO - Optimization finished | best cost: 0.27562686800956726, best pos: [195.28447274  57.09808086   6.09332349   1.0885434 ]
2025-04-28 00:58:58,243 - pyswarms.single.global_best - INFO - Optimize for 15 iters with {'c1': 0.5, 'c2': 0.5, 'w': 0.5}
2025-04-28 01:08:41,129 - pyswarms.single.global_best - INFO - Optimization finished | best cost: 0.2895430624485016, best pos: [285.04088136 160.92871751  23.4342353    5.76488473]
2025-04-28 01:08:41,149 - pyswarms.single.global_best - INFO - Optimize for 15 iters with {'c1': 0.5, 'c2': 0.5, 'w': 0.5}
2025-04-28 01:25:25,560 - pyswarms.single.global_best - INFO - Optimization finished | best cost: 0.28156501054763794, best pos: [284.49192666  87.59316527  13.65032652   1.3747846 ]
2025-04-28 01:25:25,588 - pyswarms.single.global_best - INFO - Optimize for 15 iters with {'c1': 0.5, 'c2': 0.5, 'w': 0.5}
2025-04-28 01:31:11,859 - pyswarms.single.global_best - INFO - Optimization finished | best cost: 0.28112637996673584, best pos: [ 50.34236265 214.44682756  17.61675276   4.13234098]
2025-04-28 01:31:11,884 - pyswarms.single.global_best - INFO - Optimize for 15 iters with {'c1': 0.5, 'c2': 0.5, 'w': 0.5}
2025-04-28 01:36:55,169 - pyswarms.single.global_best - INFO - Optimization finished | best cost: 0.27430781722068787, best pos: [ 49.62844418 161.97759743   9.58717883   4.08349505]
2025-04-28 01:36:55,205 - pyswarms.single.global_best - INFO - Optimize for 15 iters with {'c1': 0.5, 'c2': 0.5, 'w': 0.5}
2025-04-28 01:44:24,953 - pyswarms.single.global_best - INFO - Optimization finished | best cost: 0.28938010334968567, best pos: [118.97736959 267.58106845  24.21030495   6.349844  ]
2025-04-28 01:44:24,982 - pyswarms.single.global_best - INFO - Optimize for 15 iters with {'c1': 0.5, 'c2': 0.5, 'w': 0.5}
2025-04-28 02:02:38,323 - pyswarms.single.global_best - INFO - Optimization finished | best cost: 0.27418211102485657, best pos: [242.51975012 100.39868605   6.41263794   1.81857321]
2025-04-28 02:02:38,351 - pyswarms.single.global_best - INFO - Optimize for 15 iters with {'c1': 0.5, 'c2': 0.5, 'w': 0.5}
2025-04-28 02:10:16,281 - pyswarms.single.global_best - INFO - Optimization finished | best cost: 0.2816874384880066, best pos: [109.75173172 261.24029718   9.30259625   4.96973062]
2025-04-29 00:30:02,263 - pyswarms.single.global_best - INFO - Optimize for 15 iters with {'c1': 0.5, 'c2': 0.5, 'w': 0.5}
2025-04-29 02:11:24,658 - pyswarms.single.global_best - INFO - Optimization finished | best cost: 0.3047434091567993, best pos: [53.3161133  65.70546554 88.14681711  2.58374827  0.91664807]
2025-04-29 02:11:25,016 - pyswarms.single.global_best - INFO - Optimize for 15 iters with {'c1': 0.5, 'c2': 0.5, 'w': 0.5}
2025-04-30 01:19:43,852 - pyswarms.single.global_best - INFO - Optimize for 15 iters with {'c1': 0.5, 'c2': 0.5, 'w': 0.5}
2025-04-30 03:51:12,802 - pyswarms.single.global_best - INFO - Optimization finished | best cost: 0.28315410017967224, best pos: [110.00322502  77.05761393   8.45727089   2.67820912   0.22722116]
2025-04-30 03:51:14,393 - pyswarms.single.global_best - INFO - Optimize for 15 iters with {'c1': 0.5, 'c2': 0.5, 'w': 0.5}
2025-04-30 12:19:17,073 - pyswarms.single.global_best - INFO - Optimize for 15 iters with {'c1': 0.5, 'c2': 0.5, 'w': 0.5}
2025-04-30 13:41:37,235 - pyswarms.single.global_best - INFO - Optimization finished | best cost: 0.3100374937057495, best pos: [ 11.4590148   59.71909936 228.03411151   4.76566211   0.50472865]
2025-04-30 13:41:39,025 - pyswarms.single.global_best - INFO - Optimize for 15 iters with {'c1': 0.5, 'c2': 0.5, 'w': 0.5}
2025-05-01 01:23:21,950 - pyswarms.single.global_best - INFO - Optimize for 15 iters with {'c1': 0.5, 'c2': 0.5, 'w': 0.5}
2025-05-01 02:29:04,349 - pyswarms.single.global_best - INFO - Optimization finished | best cost: 0.31695735454559326, best pos: [128.34480369  33.76525428  65.62811873   5.50886829   0.92437519]
2025-05-01 02:29:06,056 - pyswarms.single.global_best - INFO - Optimize for 15 iters with {'c1': 0.5, 'c2': 0.5, 'w': 0.5}
2025-05-02 00:31:01,770 - pyswarms.single.global_best - INFO - Optimize for 15 iters with {'c1': 0.5, 'c2': 0.5, 'w': 0.5}
2025-05-02 01:52:40,470 - pyswarms.single.global_best - INFO - Optimization finished | best cost: 0.31034839153289795, best pos: [  8.38186427  75.14554732 210.03039347   4.46973658   0.7786058 ]
2025-05-02 01:52:42,204 - pyswarms.single.global_best - INFO - Optimize for 15 iters with {'c1': 0.5, 'c2': 0.5, 'w': 0.5}
2025-05-02 02:07:49,206 - pyswarms.single.global_best - INFO - Optimization finished | best cost: 0.3907325863838196, best pos: [175.57621178 206.4268001    1.20117199  55.5650815   51.87312909]
2025-05-02 02:07:49,246 - pyswarms.single.global_best - INFO - Optimize for 15 iters with {'c1': 0.5, 'c2': 0.5, 'w': 0.5}
2025-05-02 13:15:47,612 - pyswarms.single.global_best - INFO - Optimize for 15 iters with {'c1': 0.5, 'c2': 0.5, 'w': 0.5}
2025-05-02 15:34:22,448 - pyswarms.single.global_best - INFO - Optimization finished | best cost: 0.3053453266620636, best pos: [162.39603712  97.09198453  97.97658396   2.9843433    0.7183477 ]
2025-05-02 15:34:23,971 - pyswarms.single.global_best - INFO - Optimize for 15 iters with {'c1': 0.5, 'c2': 0.5, 'w': 0.5}
2025-05-02 15:52:58,021 - pyswarms.single.global_best - INFO - Optimization finished | best cost: 0.3907325863838196, best pos: [175.6100521  217.01229978   1.38855975  55.11891961  91.39620527]
2025-05-02 15:52:58,075 - pyswarms.single.global_best - INFO - Optimize for 15 iters with {'c1': 0.5, 'c2': 0.5, 'w': 0.5}
2025-05-03 01:04:31,600 - pyswarms.single.global_best - INFO - Optimize for 15 iters with {'c1': 0.5, 'c2': 0.5, 'w': 0.5}
2025-05-03 01:19:20,841 - pyswarms.single.global_best - INFO - Optimization finished | best cost: 0.33050382137298584, best pos: [291.67958941 245.14734555   0.81326672  23.79117238   2.53613627]
2025-05-03 01:19:20,887 - pyswarms.single.global_best - INFO - Optimize for 15 iters with {'c1': 0.5, 'c2': 0.5, 'w': 0.5}
2025-05-03 02:58:45,761 - pyswarms.single.global_best - INFO - Optimization finished | best cost: 0.30208620429039, best pos: [175.35672644  55.27282125 112.44043269   2.75753454   0.72344558]
2025-05-03 02:58:45,858 - pyswarms.single.global_best - INFO - Optimize for 15 iters with {'c1': 0.5, 'c2': 0.5, 'w': 0.5}
2025-05-03 03:22:31,365 - pyswarms.single.global_best - INFO - Optimization finished | best cost: 0.280444473028183, best pos: [2.76502088e+02 8.64892193e+01 8.54663194e-01 1.21430045e+01
 7.80111641e-02]
2025-05-03 03:22:31,448 - pyswarms.single.global_best - INFO - Optimize for 15 iters with {'c1': 0.5, 'c2': 0.5, 'w': 0.5}
2025-05-04 00:07:58,217 - pyswarms.single.global_best - INFO - Optimize for 15 iters with {'c1': 0.5, 'c2': 0.5, 'w': 0.5}
2025-05-04 00:20:51,399 - pyswarms.single.global_best - INFO - Optimization finished | best cost: 0.3987846076488495, best pos: [250.1854493  192.72586593   0.34949225  99.09317926   0.48804906]
2025-05-04 00:20:51,566 - pyswarms.single.global_best - INFO - Optimize for 15 iters with {'c1': 0.5, 'c2': 0.5, 'w': 0.5}
2025-05-04 00:31:05,008 - pyswarms.single.global_best - INFO - Optimization finished | best cost: 0.6375362873077393, best pos: [111.77940124 171.25258893   1.48218937  34.76649686  69.83204257]
2025-05-04 00:31:05,054 - pyswarms.single.global_best - INFO - Optimize for 15 iters with {'c1': 0.5, 'c2': 0.5, 'w': 0.5}
2025-05-04 00:40:45,086 - pyswarms.single.global_best - INFO - Optimization finished | best cost: 0.6375362873077393, best pos: [112.98325947 202.07353088   0.88714451  12.186124     6.10949077]
2025-05-04 00:40:45,137 - pyswarms.single.global_best - INFO - Optimize for 15 iters with {'c1': 0.5, 'c2': 0.5, 'w': 0.5}
2025-05-04 00:51:08,865 - pyswarms.single.global_best - INFO - Optimization finished | best cost: 0.4126323163509369, best pos: [1.98385097e+02 2.17527862e+02 7.89258118e-04 8.68665018e+01
 7.46005226e-01]
2025-05-04 00:51:08,913 - pyswarms.single.global_best - INFO - Optimize for 15 iters with {'c1': 0.5, 'c2': 0.5, 'w': 0.5}
2025-05-04 00:57:42,491 - pyswarms.single.global_best - INFO - Optimization finished | best cost: 0.6375362873077393, best pos: [  8.5371374  225.03210773   1.35452684  91.73595812  67.56196694]
2025-05-04 00:57:42,538 - pyswarms.single.global_best - INFO - Optimize for 15 iters with {'c1': 0.5, 'c2': 0.5, 'w': 0.5}
2025-05-04 01:07:21,772 - pyswarms.single.global_best - INFO - Optimization finished | best cost: 0.6375362873077393, best pos: [126.5853032  187.03122672   1.45764038  46.99986216  95.58993369]
2025-05-04 01:07:21,825 - pyswarms.single.global_best - INFO - Optimize for 15 iters with {'c1': 0.5, 'c2': 0.5, 'w': 0.5}
2025-05-04 01:18:38,201 - pyswarms.single.global_best - INFO - Optimization finished | best cost: 0.5860323309898376, best pos: [275.09186022 247.99103442   0.57020731  25.92515384   3.44047565]
2025-05-04 01:18:38,264 - pyswarms.single.global_best - INFO - Optimize for 15 iters with {'c1': 0.5, 'c2': 0.5, 'w': 0.5}
2025-05-04 01:31:47,827 - pyswarms.single.global_best - INFO - Optimization finished | best cost: 0.6282491683959961, best pos: [277.27823113  87.27946391   0.93483578  16.24662467   4.37466145]
2025-05-04 01:31:47,869 - pyswarms.single.global_best - INFO - Optimize for 15 iters with {'c1': 0.5, 'c2': 0.5, 'w': 0.5}
2025-05-04 01:42:35,783 - pyswarms.single.global_best - INFO - Optimization finished | best cost: 0.3697432577610016, best pos: [1.60264112e+02 2.31827206e+02 9.70290099e-01 1.95540874e+01
 1.04844838e-01]
2025-05-04 01:42:35,829 - pyswarms.single.global_best - INFO - Optimize for 15 iters with {'c1': 0.5, 'c2': 0.5, 'w': 0.5}
2025-05-04 01:52:37,166 - pyswarms.single.global_best - INFO - Optimization finished | best cost: 0.4079543650150299, best pos: [150.85891102 163.28694299   0.68110789  57.25028686   0.64771049]
2025-05-06 01:45:46,551 - pyswarms.single.global_best - INFO - Optimize for 15 iters with {'c1': 0.5, 'c2': 0.5, 'w': 0.5}
2025-05-06 01:50:23,639 - pyswarms.single.global_best - INFO - Optimization finished | best cost: 0.6244879129111822, best pos: [4.78150164e+02 3.07773392e-01 3.03318652e-01 7.70662567e-01]
2025-05-06 01:50:23,818 - pyswarms.single.global_best - INFO - Optimize for 15 iters with {'c1': 0.5, 'c2': 0.5, 'w': 0.5}
2025-05-06 01:57:25,336 - pyswarms.single.global_best - INFO - Optimization finished | best cost: 0.4931103587150574, best pos: [ 11.11836221 232.72350594  39.43684489   3.88596492]
2025-05-06 01:57:25,359 - pyswarms.single.global_best - INFO - Optimize for 15 iters with {'c1': 0.5, 'c2': 0.5, 'w': 0.5}
2025-05-06 02:13:02,154 - pyswarms.single.global_best - INFO - Optimization finished | best cost: 0.5762826204299927, best pos: [252.65464475   6.07122171   0.34990055   5.91300845   1.63723143]
2025-05-06 02:13:02,532 - pyswarms.single.global_best - INFO - Optimize for 15 iters with {'c1': 0.5, 'c2': 0.5, 'w': 0.5}
2025-05-06 02:19:07,544 - pyswarms.single.global_best - INFO - Optimization finished | best cost: 0.5807090097630394, best pos: [7.95821856e+02 2.78556724e-01 1.27979847e+00 6.30878718e-01]
2025-05-06 02:19:07,916 - pyswarms.single.global_best - INFO - Optimize for 15 iters with {'c1': 0.5, 'c2': 0.5, 'w': 0.5}
2025-05-06 02:26:18,879 - pyswarms.single.global_best - INFO - Optimization finished | best cost: 0.48349180817604065, best pos: [ 10.46333464 132.25791158  36.19472124   6.8822621 ]
2025-05-06 02:26:19,215 - pyswarms.single.global_best - INFO - Optimize for 15 iters with {'c1': 0.5, 'c2': 0.5, 'w': 0.5}
2025-05-06 02:36:22,719 - pyswarms.single.global_best - INFO - Optimization finished | best cost: 0.6333940029144287, best pos: [110.57463868 171.30406101   1.78168124  32.27049769  39.82406186]
2025-05-06 02:36:23,047 - pyswarms.single.global_best - INFO - Optimize for 15 iters with {'c1': 0.5, 'c2': 0.5, 'w': 0.5}
2025-05-06 02:41:39,152 - pyswarms.single.global_best - INFO - Optimization finished | best cost: 0.6036801279723689, best pos: [7.23180670e+02 2.04229780e-01 1.42742493e+00 7.34811791e-01]
2025-05-06 02:41:39,198 - pyswarms.single.global_best - INFO - Optimize for 15 iters with {'c1': 0.5, 'c2': 0.5, 'w': 0.5}
2025-05-06 02:50:45,903 - pyswarms.single.global_best - INFO - Optimization finished | best cost: 0.5113744735717773, best pos: [89.31479394 66.9665099   9.1310483   1.85459717]
2025-05-06 02:50:46,237 - pyswarms.single.global_best - INFO - Optimize for 15 iters with {'c1': 0.5, 'c2': 0.5, 'w': 0.5}
2025-05-06 03:01:26,135 - pyswarms.single.global_best - INFO - Optimization finished | best cost: 0.6333940029144287, best pos: [124.007447   195.5755018    1.09423876  29.26371893  15.89432658]
2025-05-06 03:01:26,160 - pyswarms.single.global_best - INFO - Optimize for 15 iters with {'c1': 0.5, 'c2': 0.5, 'w': 0.5}
2025-05-06 03:07:04,274 - pyswarms.single.global_best - INFO - Optimization finished | best cost: 0.5817131684038297, best pos: [7.95759465e+02 3.68648010e-01 1.12848626e+00 7.89640778e-01]
2025-05-06 03:07:04,306 - pyswarms.single.global_best - INFO - Optimize for 15 iters with {'c1': 0.5, 'c2': 0.5, 'w': 0.5}
2025-05-06 03:16:54,718 - pyswarms.single.global_best - INFO - Optimization finished | best cost: 0.5283946990966797, best pos: [230.48521182  88.31642619  30.10385111   2.31209515]
2025-05-06 03:16:54,743 - pyswarms.single.global_best - INFO - Optimize for 15 iters with {'c1': 0.5, 'c2': 0.5, 'w': 0.5}
2025-05-06 03:27:04,102 - pyswarms.single.global_best - INFO - Optimization finished | best cost: 0.5591667890548706, best pos: [1.98384921e+02 2.17527860e+02 2.27461629e-04 8.68664908e+01
 7.46178195e-01]
2025-05-06 03:27:04,134 - pyswarms.single.global_best - INFO - Optimize for 15 iters with {'c1': 0.5, 'c2': 0.5, 'w': 0.5}
2025-05-06 03:32:33,034 - pyswarms.single.global_best - INFO - Optimization finished | best cost: 0.6069583490504866, best pos: [6.66514705e+02 1.63478889e-01 1.15531025e+00 6.50849028e-01]
2025-05-06 03:32:33,080 - pyswarms.single.global_best - INFO - Optimize for 15 iters with {'c1': 0.5, 'c2': 0.5, 'w': 0.5}
2025-05-06 03:43:54,728 - pyswarms.single.global_best - INFO - Optimization finished | best cost: 0.4956156611442566, best pos: [11.51867816 99.19971446 15.91005041  1.43229329]
2025-05-06 03:43:55,100 - pyswarms.single.global_best - INFO - Optimize for 15 iters with {'c1': 0.5, 'c2': 0.5, 'w': 0.5}
2025-05-06 03:54:14,072 - pyswarms.single.global_best - INFO - Optimization finished | best cost: 0.6333940029144287, best pos: [119.80440095 178.56316367   1.27870463  66.58155605  80.87733578]
2025-05-06 03:54:14,109 - pyswarms.single.global_best - INFO - Optimize for 15 iters with {'c1': 0.5, 'c2': 0.5, 'w': 0.5}
2025-05-06 03:59:03,794 - pyswarms.single.global_best - INFO - Optimization finished | best cost: 0.6129765366674464, best pos: [6.89943510e+02 4.96446562e-01 1.80546047e+00 7.19142208e-01]
2025-05-06 03:59:03,822 - pyswarms.single.global_best - INFO - Optimize for 15 iters with {'c1': 0.5, 'c2': 0.5, 'w': 0.5}
2025-05-06 04:06:57,049 - pyswarms.single.global_best - INFO - Optimization finished | best cost: 0.5218053460121155, best pos: [125.88270494 173.24827887  25.65368865   1.71336549]
2025-05-06 04:06:57,074 - pyswarms.single.global_best - INFO - Optimize for 15 iters with {'c1': 0.5, 'c2': 0.5, 'w': 0.5}
2025-05-06 04:14:41,490 - pyswarms.single.global_best - INFO - Optimization finished | best cost: 0.6333940029144287, best pos: [ 60.09389801 243.16265629   1.68927182  64.00058457  76.6650092 ]
2025-05-06 04:14:41,514 - pyswarms.single.global_best - INFO - Optimize for 15 iters with {'c1': 0.5, 'c2': 0.5, 'w': 0.5}
2025-05-06 04:20:32,187 - pyswarms.single.global_best - INFO - Optimization finished | best cost: 0.5858178960719295, best pos: [7.95822605e+02 3.10633627e-01 1.67585004e+00 6.90555746e-01]
2025-05-06 04:20:32,348 - pyswarms.single.global_best - INFO - Optimize for 15 iters with {'c1': 0.5, 'c2': 0.5, 'w': 0.5}
2025-05-06 04:25:48,151 - pyswarms.single.global_best - INFO - Optimization finished | best cost: 0.5215432047843933, best pos: [ 58.0993659  179.85172942  22.21036694   2.01459596]
2025-05-06 04:25:48,276 - pyswarms.single.global_best - INFO - Optimize for 15 iters with {'c1': 0.5, 'c2': 0.5, 'w': 0.5}
2025-05-06 04:36:35,171 - pyswarms.single.global_best - INFO - Optimization finished | best cost: 0.6333940029144287, best pos: [165.1685478  151.66558507   1.13574409  45.83056195  27.94922186]
2025-05-06 04:36:36,813 - pyswarms.single.global_best - INFO - Optimize for 15 iters with {'c1': 0.5, 'c2': 0.5, 'w': 0.5}
2025-05-06 04:43:34,273 - pyswarms.single.global_best - INFO - Optimization finished | best cost: 0.6145647450493033, best pos: [5.86831545e+02 3.86999574e-01 7.00335102e-01 7.45782919e-01]
2025-05-06 04:43:34,400 - pyswarms.single.global_best - INFO - Optimize for 15 iters with {'c1': 0.5, 'c2': 0.5, 'w': 0.5}
2025-05-06 04:52:09,471 - pyswarms.single.global_best - INFO - Optimization finished | best cost: 0.5053423643112183, best pos: [ 10.79299714 277.41203055  31.88423827   1.85938411]
2025-05-06 04:52:09,493 - pyswarms.single.global_best - INFO - Optimize for 15 iters with {'c1': 0.5, 'c2': 0.5, 'w': 0.5}
2025-05-06 05:04:03,672 - pyswarms.single.global_best - INFO - Optimization finished | best cost: 0.6333940029144287, best pos: [133.44023159 168.37647353   1.48290151  64.4983684   68.47225064]
2025-05-06 05:04:03,696 - pyswarms.single.global_best - INFO - Optimize for 15 iters with {'c1': 0.5, 'c2': 0.5, 'w': 0.5}
2025-05-06 05:09:17,649 - pyswarms.single.global_best - INFO - Optimization finished | best cost: 0.6138832848684933, best pos: [5.86260011e+02 4.86650023e-01 1.66135893e+00 7.86755230e-01]
2025-05-06 05:09:17,682 - pyswarms.single.global_best - INFO - Optimize for 15 iters with {'c1': 0.5, 'c2': 0.5, 'w': 0.5}
2025-05-06 05:27:34,952 - pyswarms.single.global_best - INFO - Optimization finished | best cost: 0.5129642486572266, best pos: [230.35311872 102.94550631   9.90786793   1.82752936]
2025-05-06 05:27:34,974 - pyswarms.single.global_best - INFO - Optimize for 15 iters with {'c1': 0.5, 'c2': 0.5, 'w': 0.5}
2025-05-06 05:39:01,827 - pyswarms.single.global_best - INFO - Optimization finished | best cost: 0.5234472155570984, best pos: [1.60223557e+02 2.31737334e+02 9.38286170e-01 1.95380563e+01
 8.41494654e-02]
2025-05-06 05:39:01,863 - pyswarms.single.global_best - INFO - Optimize for 15 iters with {'c1': 0.5, 'c2': 0.5, 'w': 0.5}
2025-05-06 05:44:13,803 - pyswarms.single.global_best - INFO - Optimization finished | best cost: 0.6274670010436495, best pos: [4.59279659e+02 2.86369750e-01 1.22648453e+00 6.94090383e-01]
2025-05-06 05:44:13,828 - pyswarms.single.global_best - INFO - Optimize for 15 iters with {'c1': 0.5, 'c2': 0.5, 'w': 0.5}
2025-05-06 05:53:21,183 - pyswarms.single.global_best - INFO - Optimization finished | best cost: 0.5139058828353882, best pos: [75.84888215 52.20551219 13.19767285  1.47546275]
2025-05-06 05:53:21,208 - pyswarms.single.global_best - INFO - Optimize for 15 iters with {'c1': 0.5, 'c2': 0.5, 'w': 0.5}
2025-05-06 06:03:02,716 - pyswarms.single.global_best - INFO - Optimization finished | best cost: 0.5234507322311401, best pos: [1.34119639e+02 1.41577152e+02 8.98608878e-01 5.22749835e+01
 8.50563062e-02]
2025-05-06 06:03:02,739 - pyswarms.single.global_best - INFO - Optimize for 15 iters with {'c1': 0.5, 'c2': 0.5, 'w': 0.5}
2025-05-06 07:11:08,045 - pyswarms.single.global_best - INFO - Optimization finished | best cost: 0.42450660467147827, best pos: [16.41503833 37.66699428 92.84829163  3.70634719  0.484763  ]
2025-05-06 07:11:09,819 - pyswarms.single.global_best - INFO - Optimize for 15 iters with {'c1': 0.5, 'c2': 0.5, 'w': 0.5}
2025-05-08 01:12:34,666 - pyswarms.single.global_best - INFO - Optimize for 15 iters with {'c1': 0.5, 'c2': 0.5, 'w': 0.5}
2025-05-08 01:16:24,821 - pyswarms.single.global_best - INFO - Optimization finished | best cost: 0.6172452988751211, best pos: [4.41209903e+02 1.86176866e-01 4.28898270e-01 6.64603591e-01]
2025-05-08 01:16:24,865 - pyswarms.single.global_best - INFO - Optimize for 15 iters with {'c1': 0.5, 'c2': 0.5, 'w': 0.5}
2025-05-08 01:24:58,667 - pyswarms.single.global_best - INFO - Optimization finished | best cost: 0.3777909576892853, best pos: [137.55250285  66.05123252  25.3283544   43.4338633 ]
2025-05-08 01:24:58,704 - pyswarms.single.global_best - INFO - Optimize for 15 iters with {'c1': 0.5, 'c2': 0.5, 'w': 0.5}
2025-05-08 01:44:18,610 - pyswarms.single.global_best - INFO - Optimization finished | best cost: 0.38000938296318054, best pos: [253.82494003 292.56426814   1.95104344  98.55856569   0.53173783]
2025-05-08 01:44:18,648 - pyswarms.single.global_best - INFO - Optimize for 15 iters with {'c1': 0.5, 'c2': 0.5, 'w': 0.5}
2025-05-08 01:49:44,774 - pyswarms.single.global_best - INFO - Optimization finished | best cost: 0.560803943588693, best pos: [6.95425545e+02 3.87951949e-01 1.56842104e+00 6.35134980e-01]
2025-05-08 01:49:44,814 - pyswarms.single.global_best - INFO - Optimize for 15 iters with {'c1': 0.5, 'c2': 0.5, 'w': 0.5}
2025-05-08 01:56:39,773 - pyswarms.single.global_best - INFO - Optimization finished | best cost: 0.37506675720214844, best pos: [ 21.65307662 231.46698112  16.20582258  43.75771271]
2025-05-08 01:56:39,831 - pyswarms.single.global_best - INFO - Optimize for 15 iters with {'c1': 0.5, 'c2': 0.5, 'w': 0.5}
2025-05-08 02:09:00,137 - pyswarms.single.global_best - INFO - Optimization finished | best cost: 0.39074867963790894, best pos: [111.77940124 171.25258893   1.48218937  34.76649686  69.83204257]
2025-05-08 02:09:00,178 - pyswarms.single.global_best - INFO - Optimize for 15 iters with {'c1': 0.5, 'c2': 0.5, 'w': 0.5}
2025-05-08 02:14:38,131 - pyswarms.single.global_best - INFO - Optimization finished | best cost: 0.5847957464155684, best pos: [7.98822959e+02 3.30361168e-01 1.69708113e+00 7.65270604e-01]
2025-05-08 02:14:38,171 - pyswarms.single.global_best - INFO - Optimize for 15 iters with {'c1': 0.5, 'c2': 0.5, 'w': 0.5}
2025-05-08 02:22:04,098 - pyswarms.single.global_best - INFO - Optimization finished | best cost: 0.37518858909606934, best pos: [ 21.38852238 149.70021287  29.40833471  38.6590714 ]
2025-05-08 02:22:04,167 - pyswarms.single.global_best - INFO - Optimize for 15 iters with {'c1': 0.5, 'c2': 0.5, 'w': 0.5}
2025-05-08 02:33:34,545 - pyswarms.single.global_best - INFO - Optimization finished | best cost: 0.39074867963790894, best pos: [112.98325947 202.07353088   0.88714451  12.186124     6.10949077]
2025-05-08 02:33:34,599 - pyswarms.single.global_best - INFO - Optimize for 15 iters with {'c1': 0.5, 'c2': 0.5, 'w': 0.5}
2025-05-08 02:38:57,679 - pyswarms.single.global_best - INFO - Optimization finished | best cost: 0.549904391963361, best pos: [6.95185303e+02 2.60210726e-01 1.62949389e+00 5.02228107e-01]
2025-05-08 02:38:57,726 - pyswarms.single.global_best - INFO - Optimize for 15 iters with {'c1': 0.5, 'c2': 0.5, 'w': 0.5}
2025-05-08 02:46:10,164 - pyswarms.single.global_best - INFO - Optimization finished | best cost: 0.37819743156433105, best pos: [109.92177494  82.07896225  47.14116802  43.20793807]
2025-05-08 02:46:10,192 - pyswarms.single.global_best - INFO - Optimize for 15 iters with {'c1': 0.5, 'c2': 0.5, 'w': 0.5}
2025-05-08 02:55:52,661 - pyswarms.single.global_best - INFO - Optimization finished | best cost: 0.39074867963790894, best pos: [ 18.5148816  189.77954341   1.74665685  33.23406681  44.91789449]
2025-05-08 02:55:52,697 - pyswarms.single.global_best - INFO - Optimize for 15 iters with {'c1': 0.5, 'c2': 0.5, 'w': 0.5}
2025-05-08 03:01:36,714 - pyswarms.single.global_best - INFO - Optimization finished | best cost: 0.5710263113777326, best pos: [6.95529123e+02 4.72399352e-01 1.68362616e+00 5.69760111e-01]
2025-05-08 03:01:36,751 - pyswarms.single.global_best - INFO - Optimize for 15 iters with {'c1': 0.5, 'c2': 0.5, 'w': 0.5}
2025-05-08 03:12:21,075 - pyswarms.single.global_best - INFO - Optimization finished | best cost: 0.37777256965637207, best pos: [203.83082058 257.89317189  25.31214669  43.03135416]
2025-05-08 03:12:21,108 - pyswarms.single.global_best - INFO - Optimize for 15 iters with {'c1': 0.5, 'c2': 0.5, 'w': 0.5}
2025-05-08 03:21:00,966 - pyswarms.single.global_best - INFO - Optimization finished | best cost: 0.39074867963790894, best pos: [  8.5371374  225.03210773   1.35452684  91.73595812  67.56196694]
2025-05-08 03:21:01,017 - pyswarms.single.global_best - INFO - Optimize for 15 iters with {'c1': 0.5, 'c2': 0.5, 'w': 0.5}
2025-05-08 03:26:10,493 - pyswarms.single.global_best - INFO - Optimization finished | best cost: 0.5812387169371314, best pos: [6.24828692e+02 3.67178487e-01 1.53356652e+00 7.82087305e-01]
2025-05-08 03:26:10,535 - pyswarms.single.global_best - INFO - Optimize for 15 iters with {'c1': 0.5, 'c2': 0.5, 'w': 0.5}
2025-05-08 03:33:16,047 - pyswarms.single.global_best - INFO - Optimization finished | best cost: 0.37423795461654663, best pos: [ 21.61129551 219.39875738  43.18485863  43.91602823]
2025-05-08 03:33:16,093 - pyswarms.single.global_best - INFO - Optimize for 15 iters with {'c1': 0.5, 'c2': 0.5, 'w': 0.5}
2025-05-08 03:45:07,252 - pyswarms.single.global_best - INFO - Optimization finished | best cost: 0.39074867963790894, best pos: [126.5853032  187.03122672   1.45764038  46.99986216  95.58993369]
2025-05-08 03:45:07,288 - pyswarms.single.global_best - INFO - Optimize for 15 iters with {'c1': 0.5, 'c2': 0.5, 'w': 0.5}
2025-05-08 03:50:00,054 - pyswarms.single.global_best - INFO - Optimization finished | best cost: 0.5679084822005871, best pos: [6.24303479e+02 3.73956283e-01 1.69791511e+00 6.50009060e-01]
2025-05-08 03:50:00,093 - pyswarms.single.global_best - INFO - Optimize for 15 iters with {'c1': 0.5, 'c2': 0.5, 'w': 0.5}
2025-05-08 03:57:05,927 - pyswarms.single.global_best - INFO - Optimization finished | best cost: 0.37464413046836853, best pos: [ 20.00610921 123.49066422  17.32350643  38.72579872]
2025-05-08 03:57:05,958 - pyswarms.single.global_best - INFO - Optimize for 15 iters with {'c1': 0.5, 'c2': 0.5, 'w': 0.5}
2025-05-08 04:10:54,472 - pyswarms.single.global_best - INFO - Optimization finished | best cost: 0.38747239112854004, best pos: [275.29696478 248.04665447   0.7629934   25.93659373   3.53847751]
2025-05-08 04:10:54,505 - pyswarms.single.global_best - INFO - Optimize for 15 iters with {'c1': 0.5, 'c2': 0.5, 'w': 0.5}
2025-05-08 04:14:47,012 - pyswarms.single.global_best - INFO - Optimization finished | best cost: 0.5788967944003443, best pos: [5.40272169e+02 3.31650580e-01 1.53994614e+00 7.31442101e-01]
2025-05-08 04:14:47,056 - pyswarms.single.global_best - INFO - Optimize for 15 iters with {'c1': 0.5, 'c2': 0.5, 'w': 0.5}
2025-05-08 04:24:16,766 - pyswarms.single.global_best - INFO - Optimization finished | best cost: 0.3780626654624939, best pos: [204.78969232 178.74563644  23.4884792   44.67644089]
2025-05-08 04:24:16,801 - pyswarms.single.global_best - INFO - Optimize for 15 iters with {'c1': 0.5, 'c2': 0.5, 'w': 0.5}
2025-05-08 04:35:55,372 - pyswarms.single.global_best - INFO - Optimization finished | best cost: 0.39074867963790894, best pos: [ 75.14568286 223.73031426   1.67671279  93.5904576   60.17525482]
2025-05-08 04:35:55,410 - pyswarms.single.global_best - INFO - Optimize for 15 iters with {'c1': 0.5, 'c2': 0.5, 'w': 0.5}
2025-05-08 04:41:39,003 - pyswarms.single.global_best - INFO - Optimization finished | best cost: 0.5565630822162785, best pos: [6.95342242e+02 2.89537604e-01 1.33003878e+00 4.74907503e-01]
2025-05-08 04:41:39,050 - pyswarms.single.global_best - INFO - Optimize for 15 iters with {'c1': 0.5, 'c2': 0.5, 'w': 0.5}
2025-05-08 04:50:14,889 - pyswarms.single.global_best - INFO - Optimization finished | best cost: 0.3774152100086212, best pos: [10.62529096 29.5750943  25.35061915 24.15641723]
2025-05-08 04:50:14,926 - pyswarms.single.global_best - INFO - Optimize for 15 iters with {'c1': 0.5, 'c2': 0.5, 'w': 0.5}
2025-05-08 04:59:23,811 - pyswarms.single.global_best - INFO - Optimization finished | best cost: 0.39074867963790894, best pos: [22.87380392  5.05386213  1.03876736 12.83515994 87.29783872]
2025-05-08 04:59:23,849 - pyswarms.single.global_best - INFO - Optimize for 15 iters with {'c1': 0.5, 'c2': 0.5, 'w': 0.5}
2025-05-08 05:04:02,627 - pyswarms.single.global_best - INFO - Optimization finished | best cost: 0.5743834039371121, best pos: [5.40799751e+02 4.72377721e-01 6.89564800e-01 7.98322772e-01]
2025-05-08 05:04:02,677 - pyswarms.single.global_best - INFO - Optimize for 15 iters with {'c1': 0.5, 'c2': 0.5, 'w': 0.5}
2025-05-08 05:12:08,388 - pyswarms.single.global_best - INFO - Optimization finished | best cost: 0.37506553530693054, best pos: [16.77455784 91.4980232  37.28615211  6.81214561]
2025-05-08 05:12:08,424 - pyswarms.single.global_best - INFO - Optimize for 15 iters with {'c1': 0.5, 'c2': 0.5, 'w': 0.5}
2025-05-08 05:23:50,794 - pyswarms.single.global_best - INFO - Optimization finished | best cost: 0.3840865194797516, best pos: [134.22432515 181.31333096   0.68828389  50.77144573   2.97084145]
2025-06-07 13:59:08,137 - matplotlib.category - INFO - Using categorical units to plot a list of strings that are all parsable as floats or dates. If these strings should be plotted as numbers, cast to the appropriate data type before plotting.
2025-06-07 13:59:08,139 - matplotlib.category - INFO - Using categorical units to plot a list of strings that are all parsable as floats or dates. If these strings should be plotted as numbers, cast to the appropriate data type before plotting.
2025-06-07 13:59:08,183 - matplotlib.category - INFO - Using categorical units to plot a list of strings that are all parsable as floats or dates. If these strings should be plotted as numbers, cast to the appropriate data type before plotting.
2025-06-07 13:59:08,184 - matplotlib.category - INFO - Using categorical units to plot a list of strings that are all parsable as floats or dates. If these strings should be plotted as numbers, cast to the appropriate data type before plotting.
2025-06-07 13:59:08,490 - matplotlib.category - INFO - Using categorical units to plot a list of strings that are all parsable as floats or dates. If these strings should be plotted as numbers, cast to the appropriate data type before plotting.
2025-06-07 13:59:08,492 - matplotlib.category - INFO - Using categorical units to plot a list of strings that are all parsable as floats or dates. If these strings should be plotted as numbers, cast to the appropriate data type before plotting.
2025-06-07 13:59:08,539 - matplotlib.category - INFO - Using categorical units to plot a list of strings that are all parsable as floats or dates. If these strings should be plotted as numbers, cast to the appropriate data type before plotting.
2025-06-07 13:59:08,540 - matplotlib.category - INFO - Using categorical units to plot a list of strings that are all parsable as floats or dates. If these strings should be plotted as numbers, cast to the appropriate data type before plotting.
2025-06-07 13:59:09,050 - matplotlib.category - INFO - Using categorical units to plot a list of strings that are all parsable as floats or dates. If these strings should be plotted as numbers, cast to the appropriate data type before plotting.
2025-06-07 13:59:09,052 - matplotlib.category - INFO - Using categorical units to plot a list of strings that are all parsable as floats or dates. If these strings should be plotted as numbers, cast to the appropriate data type before plotting.
2025-06-07 13:59:09,096 - matplotlib.category - INFO - Using categorical units to plot a list of strings that are all parsable as floats or dates. If these strings should be plotted as numbers, cast to the appropriate data type before plotting.
2025-06-07 13:59:09,097 - matplotlib.category - INFO - Using categorical units to plot a list of strings that are all parsable as floats or dates. If these strings should be plotted as numbers, cast to the appropriate data type before plotting.
2025-06-07 14:01:03,622 - matplotlib.category - INFO - Using categorical units to plot a list of strings that are all parsable as floats or dates. If these strings should be plotted as numbers, cast to the appropriate data type before plotting.
2025-06-07 14:01:03,624 - matplotlib.category - INFO - Using categorical units to plot a list of strings that are all parsable as floats or dates. If these strings should be plotted as numbers, cast to the appropriate data type before plotting.
2025-06-07 16:07:31,860 - pyswarms.single.global_best - INFO - Optimize for 15 iters with {'c1': 0.5, 'c2': 0.5, 'w': 0.5}
2025-06-07 16:12:32,065 - pyswarms.single.global_best - INFO - Optimization finished | best cost: 0.3458727755454313, best pos: [3.54078739e+02 5.55113722e-01 2.27397623e-01 2.48078695e-01]
2025-06-07 16:12:32,111 - pyswarms.single.global_best - INFO - Optimize for 15 iters with {'c1': 0.5, 'c2': 0.5, 'w': 0.5}
2025-06-07 16:15:49,752 - pyswarms.single.global_best - INFO - Optimization finished | best cost: 0.3601694107055664, best pos: [1.97346228e+02 3.61118415e-01 3.18578686e-02 1.44810875e+00]
2025-06-07 16:15:49,780 - pyswarms.single.global_best - INFO - Optimize for 15 iters with {'c1': 0.5, 'c2': 0.5, 'w': 0.5}
2025-06-07 16:24:24,052 - pyswarms.single.global_best - INFO - Optimization finished | best cost: 0.3114114999771118, best pos: [109.55526944 221.40541104  28.26981534   4.48271935]
2025-06-07 16:24:24,112 - pyswarms.single.global_best - INFO - Optimize for 15 iters with {'c1': 0.5, 'c2': 0.5, 'w': 0.5}
2025-06-07 16:37:07,363 - pyswarms.single.global_best - INFO - Optimization finished | best cost: 0.2893149256706238, best pos: [126.67413257  46.36042677   0.24352081   0.46595331   0.22884536]
2025-06-07 17:07:22,004 - pyswarms.single.global_best - INFO - Optimize for 15 iters with {'c1': 0.5, 'c2': 0.5, 'w': 0.5}
2025-06-07 17:11:26,917 - pyswarms.single.global_best - INFO - Optimization finished | best cost: 0.31919919752930875, best pos: [1.84180038e+02 1.43377169e-01 1.62806831e-01 3.07630799e-01]
2025-06-07 17:11:26,946 - pyswarms.single.global_best - INFO - Optimize for 15 iters with {'c1': 0.5, 'c2': 0.5, 'w': 0.5}
2025-06-07 17:14:16,321 - pyswarms.single.global_best - INFO - Optimization finished | best cost: 0.4709959626197815, best pos: [14.31136069  0.58737187  0.84791257  2.62108069]
2025-06-07 17:14:16,354 - pyswarms.single.global_best - INFO - Optimize for 15 iters with {'c1': 0.5, 'c2': 0.5, 'w': 0.5}
2025-06-07 17:21:13,936 - pyswarms.single.global_best - INFO - Optimization finished | best cost: 0.3291122019290924, best pos: [ 50.92499577 182.0072996   35.85159369   7.72127863]
2025-06-07 17:21:13,976 - pyswarms.single.global_best - INFO - Optimize for 15 iters with {'c1': 0.5, 'c2': 0.5, 'w': 0.5}
2025-06-07 17:38:05,381 - pyswarms.single.global_best - INFO - Optimization finished | best cost: 0.2875380516052246, best pos: [1.81006932e+02 3.90777182e+02 7.84104443e-01 1.27207518e-01
 1.51596246e-01]
2025-06-07 18:09:13,829 - pyswarms.single.global_best - INFO - Optimize for 15 iters with {'c1': 0.5, 'c2': 0.5, 'w': 0.5}
2025-06-07 18:13:51,613 - pyswarms.single.global_best - INFO - Optimization finished | best cost: 0.31395819365126404, best pos: [2.08860009e+02 4.79779230e-01 3.17092041e-01 1.41212210e-01]
2025-06-07 18:13:51,645 - pyswarms.single.global_best - INFO - Optimize for 15 iters with {'c1': 0.5, 'c2': 0.5, 'w': 0.5}
2025-06-07 18:17:08,218 - pyswarms.single.global_best - INFO - Optimization finished | best cost: 0.34611281752586365, best pos: [1.76124603e+02 4.20075050e-01 1.48907679e-02 2.39968797e+00]
2025-06-07 18:17:08,244 - pyswarms.single.global_best - INFO - Optimize for 15 iters with {'c1': 0.5, 'c2': 0.5, 'w': 0.5}
2025-06-07 18:31:08,811 - pyswarms.single.global_best - INFO - Optimization finished | best cost: 0.31017768383026123, best pos: [205.42955673 209.62688176   6.44385007   3.54598052]
2025-06-07 18:31:08,836 - pyswarms.single.global_best - INFO - Optimize for 15 iters with {'c1': 0.5, 'c2': 0.5, 'w': 0.5}
2025-06-07 18:58:20,086 - pyswarms.single.global_best - INFO - Optimization finished | best cost: 0.288473516702652, best pos: [3.95784194e+02 9.09833936e+01 2.29086308e-01 1.09327846e-01
 2.19649313e-01]
2025-06-07 19:39:52,146 - pyswarms.single.global_best - INFO - Optimize for 15 iters with {'c1': 0.5, 'c2': 0.5, 'w': 0.5}
2025-06-07 20:00:57,554 - pyswarms.single.global_best - INFO - Optimization finished | best cost: 0.29103595082968337, best pos: [2.85688805e+02 8.06589200e-01 6.25885188e-01 2.48322072e-01]
2025-06-07 20:00:57,609 - pyswarms.single.global_best - INFO - Optimize for 15 iters with {'c1': 0.5, 'c2': 0.5, 'w': 0.5}
2025-06-07 20:05:26,022 - pyswarms.single.global_best - INFO - Optimization finished | best cost: 0.3687836229801178, best pos: [2.22594460e+02 5.10025236e-01 1.78371120e-02 1.87111923e+00]
2025-06-07 20:05:26,077 - pyswarms.single.global_best - INFO - Optimize for 15 iters with {'c1': 0.5, 'c2': 0.5, 'w': 0.5}
2025-06-07 20:28:44,113 - pyswarms.single.global_best - INFO - Optimization finished | best cost: 0.3210994601249695, best pos: [430.00061505 188.72515375  26.40173142   9.59980786]
2025-06-07 20:28:44,168 - pyswarms.single.global_best - INFO - Optimize for 15 iters with {'c1': 0.5, 'c2': 0.5, 'w': 0.5}
2025-06-07 20:56:05,159 - pyswarms.single.global_best - INFO - Optimization finished | best cost: 0.288727343082428, best pos: [3.13778849e+02 3.52136223e+02 8.32994983e-01 2.67752171e-01
 2.26629849e-01]
2025-06-07 21:50:40,643 - pyswarms.single.global_best - INFO - Optimize for 15 iters with {'c1': 0.5, 'c2': 0.5, 'w': 0.5}
2025-06-07 22:14:53,037 - pyswarms.single.global_best - INFO - Optimization finished | best cost: 0.395714945483769, best pos: [254.18834266   0.68742458   0.59108533   0.43166057]
2025-06-07 22:14:53,079 - pyswarms.single.global_best - INFO - Optimize for 15 iters with {'c1': 0.5, 'c2': 0.5, 'w': 0.5}
2025-06-07 22:19:06,835 - pyswarms.single.global_best - INFO - Optimization finished | best cost: 0.37457701563835144, best pos: [2.53487172e+02 3.21017971e-01 2.61826096e-02 2.24781379e+00]
2025-06-07 22:19:06,866 - pyswarms.single.global_best - INFO - Optimize for 15 iters with {'c1': 0.5, 'c2': 0.5, 'w': 0.5}
2025-06-07 22:42:39,732 - pyswarms.single.global_best - INFO - Optimization finished | best cost: 0.31919926404953003, best pos: [399.28443834 164.22821369  21.2971516    7.47370981]
2025-06-07 22:42:39,769 - pyswarms.single.global_best - INFO - Optimize for 15 iters with {'c1': 0.5, 'c2': 0.5, 'w': 0.5}
2025-06-07 23:05:14,822 - pyswarms.single.global_best - INFO - Optimization finished | best cost: 0.28671425580978394, best pos: [2.78398392e+02 1.86116892e+02 7.64098184e-01 8.25673537e-01
 2.22539320e-01]
2025-06-08 00:01:50,704 - pyswarms.single.global_best - INFO - Optimize for 15 iters with {'c1': 0.5, 'c2': 0.5, 'w': 0.5}
2025-06-08 00:13:40,869 - pyswarms.single.global_best - INFO - Optimization finished | best cost: 0.3383656781206419, best pos: [2.81333479e+02 7.90915121e-01 7.48199408e-01 2.37964423e-01]
2025-06-08 00:13:40,899 - pyswarms.single.global_best - INFO - Optimize for 15 iters with {'c1': 0.5, 'c2': 0.5, 'w': 0.5}
2025-06-08 00:17:22,113 - pyswarms.single.global_best - INFO - Optimization finished | best cost: 0.39106234908103943, best pos: [2.73626388e+02 7.86991948e-01 6.87860409e-02 2.09604505e+00]
2025-06-08 00:17:22,144 - pyswarms.single.global_best - INFO - Optimize for 15 iters with {'c1': 0.5, 'c2': 0.5, 'w': 0.5}
2025-06-08 00:27:44,933 - pyswarms.single.global_best - INFO - Optimization finished | best cost: 0.31230390071868896, best pos: [ 98.15535668 374.70272184  15.55687333   4.0675478 ]
2025-06-08 00:27:44,971 - pyswarms.single.global_best - INFO - Optimize for 15 iters with {'c1': 0.5, 'c2': 0.5, 'w': 0.5}
2025-06-08 00:43:39,045 - pyswarms.single.global_best - INFO - Optimization finished | best cost: 0.2906653583049774, best pos: [1.06830513e+02 2.54935167e+02 6.43504281e-01 4.95312043e-01
 1.98682398e-01]
2025-06-08 01:14:23,245 - pyswarms.single.global_best - INFO - Optimize for 15 iters with {'c1': 0.5, 'c2': 0.5, 'w': 0.5}
2025-06-08 01:29:15,240 - pyswarms.single.global_best - INFO - Optimization finished | best cost: 0.2956903703003095, best pos: [3.17100265e+02 5.31503905e-01 3.73693074e-01 1.67368102e-01]
2025-06-08 01:29:15,304 - pyswarms.single.global_best - INFO - Optimize for 15 iters with {'c1': 0.5, 'c2': 0.5, 'w': 0.5}
2025-06-08 01:32:45,061 - pyswarms.single.global_best - INFO - Optimization finished | best cost: 0.364528089761734, best pos: [85.25834373  0.19744663  0.16175765  1.5866008 ]
2025-06-08 01:32:45,104 - pyswarms.single.global_best - INFO - Optimize for 15 iters with {'c1': 0.5, 'c2': 0.5, 'w': 0.5}
2025-06-08 01:45:09,314 - pyswarms.single.global_best - INFO - Optimization finished | best cost: 0.31983667612075806, best pos: [186.74576408 305.08459143  28.4513847    4.18379528]
2025-06-08 01:45:09,343 - pyswarms.single.global_best - INFO - Optimize for 15 iters with {'c1': 0.5, 'c2': 0.5, 'w': 0.5}
2025-06-08 02:01:28,541 - pyswarms.single.global_best - INFO - Optimization finished | best cost: 0.29123008251190186, best pos: [2.63290902e+02 3.89199015e+02 8.17640544e-01 5.86650088e-01
 2.83386196e-01]
2025-06-08 02:50:31,182 - pyswarms.single.global_best - INFO - Optimize for 15 iters with {'c1': 0.5, 'c2': 0.5, 'w': 0.5}
2025-06-08 02:54:47,102 - pyswarms.single.global_best - INFO - Optimization finished | best cost: 0.35408026922076363, best pos: [249.37130589   0.49664699   0.69139916   0.4247147 ]
2025-06-08 02:54:47,131 - pyswarms.single.global_best - INFO - Optimize for 15 iters with {'c1': 0.5, 'c2': 0.5, 'w': 0.5}
2025-06-08 02:57:42,561 - pyswarms.single.global_best - INFO - Optimization finished | best cost: 0.36645007133483887, best pos: [5.76029431e+01 6.50881576e-01 5.23765545e-02 1.95430481e+00]
2025-06-08 02:57:42,590 - pyswarms.single.global_best - INFO - Optimize for 15 iters with {'c1': 0.5, 'c2': 0.5, 'w': 0.5}
2025-06-08 03:15:22,970 - pyswarms.single.global_best - INFO - Optimization finished | best cost: 0.31892189383506775, best pos: [366.61325414 285.24283553  21.77918954   3.90142185]
2025-06-08 03:15:22,996 - pyswarms.single.global_best - INFO - Optimize for 15 iters with {'c1': 0.5, 'c2': 0.5, 'w': 0.5}
2025-06-08 03:35:56,478 - pyswarms.single.global_best - INFO - Optimization finished | best cost: 0.2883106470108032, best pos: [3.62128624e+02 3.98686461e+02 2.12901105e-01 1.06486856e-01
 2.19707295e-01]
2025-06-08 04:16:31,665 - pyswarms.single.global_best - INFO - Optimize for 15 iters with {'c1': 0.5, 'c2': 0.5, 'w': 0.5}
2025-06-08 04:21:09,850 - pyswarms.single.global_best - INFO - Optimization finished | best cost: 0.32429226545536055, best pos: [3.77133402e+02 5.76670048e-01 4.99119445e-01 1.37550420e-01]
2025-06-08 04:21:09,878 - pyswarms.single.global_best - INFO - Optimize for 15 iters with {'c1': 0.5, 'c2': 0.5, 'w': 0.5}
2025-06-08 04:24:11,592 - pyswarms.single.global_best - INFO - Optimization finished | best cost: 0.37374112010002136, best pos: [1.60204595e+02 4.16126730e-01 2.87489649e-02 1.31760547e+00]
2025-06-08 04:24:11,621 - pyswarms.single.global_best - INFO - Optimize for 15 iters with {'c1': 0.5, 'c2': 0.5, 'w': 0.5}
2025-06-08 04:52:58,550 - pyswarms.single.global_best - INFO - Optimization finished | best cost: 0.31148064136505127, best pos: [387.86572456 162.79923604   4.44994816   2.88742219]
2025-06-08 04:52:58,578 - pyswarms.single.global_best - INFO - Optimize for 15 iters with {'c1': 0.5, 'c2': 0.5, 'w': 0.5}
2025-06-08 05:14:54,657 - pyswarms.single.global_best - INFO - Optimization finished | best cost: 0.2788892984390259, best pos: [2.70493459e+02 3.82340996e+02 9.33378036e-01 1.89576566e-01
 1.23318750e-02]
2025-06-08 05:50:03,483 - pyswarms.single.global_best - INFO - Optimize for 15 iters with {'c1': 0.5, 'c2': 0.5, 'w': 0.5}
2025-06-08 05:54:32,604 - pyswarms.single.global_best - INFO - Optimization finished | best cost: 0.32003023181861834, best pos: [3.14145743e+02 8.70849916e-01 7.37360667e-01 2.22561310e-01]
2025-06-08 05:54:32,644 - pyswarms.single.global_best - INFO - Optimize for 15 iters with {'c1': 0.5, 'c2': 0.5, 'w': 0.5}
2025-06-08 05:57:40,942 - pyswarms.single.global_best - INFO - Optimization finished | best cost: 0.35096967220306396, best pos: [2.48144410e+02 7.43784366e-01 1.87995584e-02 2.03240630e+00]
2025-06-08 05:57:40,971 - pyswarms.single.global_best - INFO - Optimize for 15 iters with {'c1': 0.5, 'c2': 0.5, 'w': 0.5}
2025-06-08 06:13:23,257 - pyswarms.single.global_best - INFO - Optimization finished | best cost: 0.3056096136569977, best pos: [13.85820942 32.95103702  7.01842917  3.89502724]
2025-06-08 06:13:23,294 - pyswarms.single.global_best - INFO - Optimize for 15 iters with {'c1': 0.5, 'c2': 0.5, 'w': 0.5}
2025-06-08 06:28:58,295 - pyswarms.single.global_best - INFO - Optimization finished | best cost: 0.2911626100540161, best pos: [1.89188536e+02 3.99748199e+02 5.71543653e-01 5.65351519e-01
 5.13667489e-02]
2025-06-08 07:30:30,160 - pyswarms.single.global_best - INFO - Optimize for 15 iters with {'c1': 0.5, 'c2': 0.5, 'w': 0.5}
2025-06-08 14:14:12,560 - pyswarms.single.global_best - INFO - Optimize for 15 iters with {'c1': 0.5, 'c2': 0.5, 'w': 0.5}
2025-06-08 14:24:45,270 - pyswarms.single.global_best - INFO - Optimize for 15 iters with {'c1': 0.5, 'c2': 0.5, 'w': 0.5}
2025-06-08 14:40:52,852 - pyswarms.single.global_best - INFO - Optimize for 15 iters with {'c1': 0.5, 'c2': 0.5, 'w': 0.5}
2025-06-08 16:38:59,170 - pyswarms.single.global_best - INFO - Optimization finished | best cost: 0.3409280776977539, best pos: [363.13405658  84.74717727  92.48034494   2.31062811]
2025-06-08 17:42:12,993 - pyswarms.single.global_best - INFO - Optimize for 15 iters with {'c1': 0.5, 'c2': 0.5, 'w': 0.5}
2025-06-08 19:18:08,401 - pyswarms.single.global_best - INFO - Optimization finished | best cost: 0.3802495300769806, best pos: [255.92214526  73.87070589 174.86483295   2.67102228]
2025-06-08 20:18:37,238 - pyswarms.single.global_best - INFO - Optimize for 15 iters with {'c1': 0.5, 'c2': 0.5, 'w': 0.5}
2025-06-08 22:03:05,530 - pyswarms.single.global_best - INFO - Optimization finished | best cost: 0.33017632365226746, best pos: [166.95570715  53.50186972  66.38536606   2.2307654 ]
2025-06-08 22:58:21,277 - pyswarms.single.global_best - INFO - Optimize for 15 iters with {'c1': 0.5, 'c2': 0.5, 'w': 0.5}
2025-06-09 00:55:33,660 - pyswarms.single.global_best - INFO - Optimization finished | best cost: 0.36565083265304565, best pos: [231.86402266  67.12963017  45.93746033   3.78337446]
2025-06-09 01:54:41,576 - pyswarms.single.global_best - INFO - Optimize for 15 iters with {'c1': 0.5, 'c2': 0.5, 'w': 0.5}
2025-06-09 03:27:42,395 - pyswarms.single.global_best - INFO - Optimization finished | best cost: 0.3267877697944641, best pos: [313.43926271  58.05369529  67.76630708   2.15907108]
2025-06-09 04:16:35,832 - pyswarms.single.global_best - INFO - Optimize for 15 iters with {'c1': 0.5, 'c2': 0.5, 'w': 0.5}
2025-06-09 06:26:34,805 - pyswarms.single.global_best - INFO - Optimization finished | best cost: 0.3168889582157135, best pos: [247.41545703  88.73025861  62.19096462   2.6023964 ]
2025-06-09 07:35:11,916 - pyswarms.single.global_best - INFO - Optimize for 15 iters with {'c1': 0.5, 'c2': 0.5, 'w': 0.5}
2025-06-09 09:13:34,397 - pyswarms.single.global_best - INFO - Optimization finished | best cost: 0.3603633642196655, best pos: [101.49640449  69.79495156 193.76650984   2.63438804]
2025-06-09 10:02:30,951 - pyswarms.single.global_best - INFO - Optimize for 15 iters with {'c1': 0.5, 'c2': 0.5, 'w': 0.5}
2025-06-09 11:43:20,632 - pyswarms.single.global_best - INFO - Optimization finished | best cost: 0.3548828959465027, best pos: [141.85869828  85.18830221 193.78246324   2.89190398]
2025-06-09 12:44:17,124 - pyswarms.single.global_best - INFO - Optimize for 15 iters with {'c1': 0.5, 'c2': 0.5, 'w': 0.5}
2025-06-09 14:07:57,187 - pyswarms.single.global_best - INFO - Optimization finished | best cost: 0.35919010639190674, best pos: [106.32680575  63.33948188 238.49844493   2.50744579]
2025-06-09 15:50:00,681 - pyswarms.single.global_best - INFO - Optimize for 15 iters with {'c1': 0.5, 'c2': 0.5, 'w': 0.5}
2025-06-09 18:21:30,567 - pyswarms.single.global_best - INFO - Optimization finished | best cost: 0.3127133846282959, best pos: [260.56017767  91.49466286  42.22840388   2.52064301]
2025-06-23 01:31:45,127 - pyswarms.single.global_best - INFO - Optimize for 15 iters with {'c1': 0.5, 'c2': 0.5, 'w': 0.5}
2025-06-23 01:33:53,376 - pyswarms.single.global_best - INFO - Optimization finished | best cost: 0.3089208427838824, best pos: [2.88970782e+02 5.87961156e-01 8.71357355e-01 2.24470626e-01]
2025-06-23 01:33:53,487 - pyswarms.single.global_best - INFO - Optimize for 15 iters with {'c1': 0.5, 'c2': 0.5, 'w': 0.5}
2025-06-23 01:34:53,216 - pyswarms.single.global_best - INFO - Optimization finished | best cost: 0.39346495270729065, best pos: [1.99292681e+02 2.86383775e-01 2.50572740e-02 1.35049015e+00]
2025-06-23 01:34:53,224 - pyswarms.single.global_best - INFO - Optimize for 15 iters with {'c1': 0.5, 'c2': 0.5, 'w': 0.5}
2025-06-23 01:50:04,027 - pyswarms.single.global_best - INFO - Optimization finished | best cost: 0.3085119128227234, best pos: [269.33968935 249.13546425  18.47437345   4.02695659]
2025-06-23 01:50:04,033 - pyswarms.single.global_best - INFO - Optimize for 15 iters with {'c1': 0.5, 'c2': 0.5, 'w': 0.5}
2025-06-23 02:09:46,258 - pyswarms.single.global_best - INFO - Optimization finished | best cost: 0.27433156967163086, best pos: [4.35748308e+02 5.36968143e+01 4.20360527e-01 8.05747856e-01
 6.76528532e-02]
2025-06-23 02:44:29,658 - pyswarms.single.global_best - INFO - Optimize for 15 iters with {'c1': 0.5, 'c2': 0.5, 'w': 0.5}
2025-06-23 02:46:15,984 - pyswarms.single.global_best - INFO - Optimization finished | best cost: 0.28548834664448114, best pos: [51.97822571  0.31704781  0.81427155  0.96131285]
2025-06-23 02:46:16,003 - pyswarms.single.global_best - INFO - Optimize for 15 iters with {'c1': 0.5, 'c2': 0.5, 'w': 0.5}
2025-06-23 02:47:24,259 - pyswarms.single.global_best - INFO - Optimization finished | best cost: 0.3540438711643219, best pos: [2.58825608e+02 6.77004545e-01 9.00408113e-02 2.49250805e+00]
2025-06-23 02:47:24,268 - pyswarms.single.global_best - INFO - Optimize for 15 iters with {'c1': 0.5, 'c2': 0.5, 'w': 0.5}
2025-06-23 02:54:49,505 - pyswarms.single.global_best - INFO - Optimization finished | best cost: 0.31759634613990784, best pos: [112.66550449 162.26209912  38.95367614   8.87252276]
2025-06-23 02:54:49,512 - pyswarms.single.global_best - INFO - Optimize for 15 iters with {'c1': 0.5, 'c2': 0.5, 'w': 0.5}
2025-06-23 03:03:14,724 - pyswarms.single.global_best - INFO - Optimization finished | best cost: 0.27783313393592834, best pos: [3.83660736e+02 3.53280655e+02 6.59445753e-01 3.73346603e-01
 7.86756156e-02]
2025-06-23 03:21:59,431 - pyswarms.single.global_best - INFO - Optimize for 15 iters with {'c1': 0.5, 'c2': 0.5, 'w': 0.5}
2025-06-23 03:23:52,673 - pyswarms.single.global_best - INFO - Optimization finished | best cost: 0.3138394361567931, best pos: [162.60139135   0.71968556   0.65040789   0.39111234]
2025-06-23 03:23:52,700 - pyswarms.single.global_best - INFO - Optimize for 15 iters with {'c1': 0.5, 'c2': 0.5, 'w': 0.5}
2025-06-23 03:24:54,580 - pyswarms.single.global_best - INFO - Optimization finished | best cost: 0.3652069568634033, best pos: [70.6924427   0.80391786  0.09399528  1.97566922]
2025-06-23 03:24:54,588 - pyswarms.single.global_best - INFO - Optimize for 15 iters with {'c1': 0.5, 'c2': 0.5, 'w': 0.5}
2025-06-23 03:36:36,004 - pyswarms.single.global_best - INFO - Optimization finished | best cost: 0.300931453704834, best pos: [184.25431557 224.0206316    6.42807403   4.29709442]
2025-06-23 03:36:36,014 - pyswarms.single.global_best - INFO - Optimize for 15 iters with {'c1': 0.5, 'c2': 0.5, 'w': 0.5}
2025-06-23 03:52:05,864 - pyswarms.single.global_best - INFO - Optimization finished | best cost: 0.280206561088562, best pos: [3.28058346e+02 1.59799576e+02 5.03102796e-01 3.38674203e-01
 1.49628164e-01]
2025-06-23 04:21:47,507 - pyswarms.single.global_best - INFO - Optimize for 15 iters with {'c1': 0.5, 'c2': 0.5, 'w': 0.5}
2025-06-23 04:23:34,804 - pyswarms.single.global_best - INFO - Optimization finished | best cost: 0.3644585699546107, best pos: [123.88727312   0.65029429   0.90894053   0.34260661]
2025-06-23 04:23:34,826 - pyswarms.single.global_best - INFO - Optimize for 15 iters with {'c1': 0.5, 'c2': 0.5, 'w': 0.5}
2025-06-23 04:24:44,457 - pyswarms.single.global_best - INFO - Optimization finished | best cost: 0.36513370275497437, best pos: [2.25230178e+02 5.35622390e-01 5.86723415e-02 1.89410913e+00]
2025-06-23 04:24:44,465 - pyswarms.single.global_best - INFO - Optimize for 15 iters with {'c1': 0.5, 'c2': 0.5, 'w': 0.5}
2025-06-23 04:42:00,907 - pyswarms.single.global_best - INFO - Optimization finished | best cost: 0.31696245074272156, best pos: [443.85615852 185.89573931  26.09542675   5.37859987]
2025-06-23 04:42:00,914 - pyswarms.single.global_best - INFO - Optimize for 15 iters with {'c1': 0.5, 'c2': 0.5, 'w': 0.5}
2025-06-23 04:56:35,187 - pyswarms.single.global_best - INFO - Optimization finished | best cost: 0.2895638942718506, best pos: [3.18055567e+02 2.90282799e+02 6.37462053e-01 5.38809775e-01
 2.40856026e-01]
2025-06-23 05:13:15,337 - pyswarms.single.global_best - INFO - Optimize for 15 iters with {'c1': 0.5, 'c2': 0.5, 'w': 0.5}
2025-06-23 05:15:04,583 - pyswarms.single.global_best - INFO - Optimization finished | best cost: 0.3410522014826668, best pos: [42.91687548  0.50130705  0.84950856  0.71287122]
2025-06-23 05:15:04,603 - pyswarms.single.global_best - INFO - Optimize for 15 iters with {'c1': 0.5, 'c2': 0.5, 'w': 0.5}
2025-06-23 05:16:13,605 - pyswarms.single.global_best - INFO - Optimization finished | best cost: 0.35324034094810486, best pos: [2.71790521e+02 3.25198233e-01 7.24434266e-03 2.06198014e+00]
2025-06-23 05:16:13,616 - pyswarms.single.global_best - INFO - Optimize for 15 iters with {'c1': 0.5, 'c2': 0.5, 'w': 0.5}
2025-06-23 05:26:27,359 - pyswarms.single.global_best - INFO - Optimization finished | best cost: 0.2999001145362854, best pos: [18.61311904 57.69277861 31.63735055 16.57608059]
2025-06-23 05:26:27,366 - pyswarms.single.global_best - INFO - Optimize for 15 iters with {'c1': 0.5, 'c2': 0.5, 'w': 0.5}
2025-06-23 05:39:22,263 - pyswarms.single.global_best - INFO - Optimization finished | best cost: 0.28933605551719666, best pos: [2.74267664e+02 2.64538634e+02 8.05724362e-01 4.10898808e-02
 4.11840260e-01]
2025-06-23 05:57:10,767 - pyswarms.single.global_best - INFO - Optimize for 15 iters with {'c1': 0.5, 'c2': 0.5, 'w': 0.5}
2025-06-23 05:58:39,968 - pyswarms.single.global_best - INFO - Optimization finished | best cost: 0.33455191118548433, best pos: [44.306145    0.45253659  0.27009977  0.35050299]
2025-06-23 05:58:39,978 - pyswarms.single.global_best - INFO - Optimize for 15 iters with {'c1': 0.5, 'c2': 0.5, 'w': 0.5}
2025-06-23 05:59:43,776 - pyswarms.single.global_best - INFO - Optimization finished | best cost: 0.3620074391365051, best pos: [1.07821679e+02 2.52861490e-01 2.07379497e-02 1.55952357e+00]
2025-06-23 05:59:43,785 - pyswarms.single.global_best - INFO - Optimize for 15 iters with {'c1': 0.5, 'c2': 0.5, 'w': 0.5}
2025-06-23 06:15:14,991 - pyswarms.single.global_best - INFO - Optimization finished | best cost: 0.3078095018863678, best pos: [291.5188612  339.12172203  14.33975806   5.77690595]
2025-06-23 06:15:14,998 - pyswarms.single.global_best - INFO - Optimize for 15 iters with {'c1': 0.5, 'c2': 0.5, 'w': 0.5}
2025-06-23 06:25:08,711 - pyswarms.single.global_best - INFO - Optimization finished | best cost: 0.27639710903167725, best pos: [1.26909275e+02 4.53635542e+02 8.95961575e-01 6.39545856e-01
 7.61850205e-02]
2025-06-23 06:57:53,842 - pyswarms.single.global_best - INFO - Optimize for 15 iters with {'c1': 0.5, 'c2': 0.5, 'w': 0.5}
2025-06-23 06:59:30,445 - pyswarms.single.global_best - INFO - Optimization finished | best cost: 0.35150891827525926, best pos: [44.16028192  0.64447859  0.62604217  0.75473391]
2025-06-23 06:59:30,462 - pyswarms.single.global_best - INFO - Optimize for 15 iters with {'c1': 0.5, 'c2': 0.5, 'w': 0.5}
2025-06-23 07:00:29,387 - pyswarms.single.global_best - INFO - Optimization finished | best cost: 0.42002561688423157, best pos: [12.04308322  0.57389639  0.48524897  2.43474588]
2025-06-23 07:00:29,395 - pyswarms.single.global_best - INFO - Optimize for 15 iters with {'c1': 0.5, 'c2': 0.5, 'w': 0.5}
2025-06-23 07:07:38,907 - pyswarms.single.global_best - INFO - Optimization finished | best cost: 0.306532621383667, best pos: [ 66.86653445 302.52073245  12.2978209    4.84498281]
2025-06-23 07:07:38,916 - pyswarms.single.global_best - INFO - Optimize for 15 iters with {'c1': 0.5, 'c2': 0.5, 'w': 0.5}
2025-06-23 07:15:45,892 - pyswarms.single.global_best - INFO - Optimization finished | best cost: 0.278960645198822, best pos: [8.70820554e+01 1.97238027e+02 3.72345351e-01 5.05219430e-01
 7.34566502e-02]
2025-06-23 07:32:31,252 - pyswarms.single.global_best - INFO - Optimize for 15 iters with {'c1': 0.5, 'c2': 0.5, 'w': 0.5}
2025-06-23 07:34:17,292 - pyswarms.single.global_best - INFO - Optimization finished | best cost: 0.337725903872813, best pos: [43.2853943   0.37136116  0.44658715  0.4320354 ]
2025-06-23 07:34:17,322 - pyswarms.single.global_best - INFO - Optimize for 15 iters with {'c1': 0.5, 'c2': 0.5, 'w': 0.5}
2025-06-23 07:35:21,654 - pyswarms.single.global_best - INFO - Optimization finished | best cost: 0.3816249370574951, best pos: [26.85204553  0.26308808  0.09986807  1.12120498]
2025-06-23 07:35:21,662 - pyswarms.single.global_best - INFO - Optimize for 15 iters with {'c1': 0.5, 'c2': 0.5, 'w': 0.5}
2025-06-23 07:41:52,031 - pyswarms.single.global_best - INFO - Optimization finished | best cost: 0.30843740701675415, best pos: [ 80.64104875 439.37087674  21.89628332   6.98104842]
2025-06-23 07:41:52,038 - pyswarms.single.global_best - INFO - Optimize for 15 iters with {'c1': 0.5, 'c2': 0.5, 'w': 0.5}
2025-06-23 07:53:45,406 - pyswarms.single.global_best - INFO - Optimization finished | best cost: 0.2740499675273895, best pos: [2.54438545e+02 3.24715495e+02 4.94933335e-01 8.26293526e-01
 6.76894954e-02]
2025-06-23 08:21:18,928 - pyswarms.single.global_best - INFO - Optimize for 15 iters with {'c1': 0.5, 'c2': 0.5, 'w': 0.5}
2025-06-23 08:23:09,960 - pyswarms.single.global_best - INFO - Optimization finished | best cost: 0.3311118220970536, best pos: [40.58526642  0.4888339   0.73171621  0.17440132]
2025-06-23 08:23:09,996 - pyswarms.single.global_best - INFO - Optimize for 15 iters with {'c1': 0.5, 'c2': 0.5, 'w': 0.5}
2025-06-23 08:24:27,948 - pyswarms.single.global_best - INFO - Optimization finished | best cost: 0.3511885404586792, best pos: [3.68349263e+02 1.91886902e-01 2.31733154e-02 1.57099987e+00]
2025-06-23 08:24:27,958 - pyswarms.single.global_best - INFO - Optimize for 15 iters with {'c1': 0.5, 'c2': 0.5, 'w': 0.5}
2025-06-23 08:49:51,680 - pyswarms.single.global_best - INFO - Optimization finished | best cost: 0.30564355850219727, best pos: [387.41453804 130.41140403   6.30942352   5.76379369]
2025-06-23 08:49:51,689 - pyswarms.single.global_best - INFO - Optimize for 15 iters with {'c1': 0.5, 'c2': 0.5, 'w': 0.5}
2025-06-23 09:03:05,149 - pyswarms.single.global_best - INFO - Optimization finished | best cost: 0.27866339683532715, best pos: [2.60015250e+02 3.84123578e+02 7.49640717e-01 2.99227487e-01
 8.18298357e-02]
2025-06-23 09:35:15,568 - pyswarms.single.global_best - INFO - Optimize for 15 iters with {'c1': 0.5, 'c2': 0.5, 'w': 0.5}
2025-06-23 09:37:07,546 - pyswarms.single.global_best - INFO - Optimization finished | best cost: 0.2903970967282536, best pos: [43.21399025  0.45365292  0.79428686  0.3269287 ]
2025-06-23 09:37:07,568 - pyswarms.single.global_best - INFO - Optimize for 15 iters with {'c1': 0.5, 'c2': 0.5, 'w': 0.5}
2025-06-23 09:38:18,057 - pyswarms.single.global_best - INFO - Optimization finished | best cost: 0.3602691888809204, best pos: [2.26188244e+02 2.26846073e-01 1.77562098e-02 2.02347912e+00]
2025-06-23 09:38:18,065 - pyswarms.single.global_best - INFO - Optimize for 15 iters with {'c1': 0.5, 'c2': 0.5, 'w': 0.5}
2025-06-23 09:45:46,335 - pyswarms.single.global_best - INFO - Optimization finished | best cost: 0.29993191361427307, best pos: [ 63.08009556 281.0518947    7.44065312   5.85114688]
2025-06-23 09:45:46,343 - pyswarms.single.global_best - INFO - Optimize for 15 iters with {'c1': 0.5, 'c2': 0.5, 'w': 0.5}
2025-06-23 09:56:39,638 - pyswarms.single.global_best - INFO - Optimization finished | best cost: 0.27542901039123535, best pos: [1.78040863e+02 1.53549999e+02 5.85309958e-01 9.74268052e-01
 5.54653233e-02]
2025-06-23 10:16:53,418 - pyswarms.single.global_best - INFO - Optimize for 15 iters with {'c1': 0.5, 'c2': 0.5, 'w': 0.5}
2025-06-23 12:05:14,567 - pyswarms.single.global_best - INFO - Optimization finished | best cost: 0.33776214718818665, best pos: [332.31535703  90.53011927  70.68317071   2.91053953]
2025-06-23 12:59:23,662 - pyswarms.single.global_best - INFO - Optimize for 15 iters with {'c1': 0.5, 'c2': 0.5, 'w': 0.5}
2025-06-23 14:38:55,993 - pyswarms.single.global_best - INFO - Optimization finished | best cost: 0.4243755340576172, best pos: [338.06574653  99.37483659 247.76538864   3.31644478]
2025-06-23 15:20:01,217 - pyswarms.single.global_best - INFO - Optimize for 15 iters with {'c1': 0.5, 'c2': 0.5, 'w': 0.5}
2025-06-23 16:55:40,246 - pyswarms.single.global_best - INFO - Optimization finished | best cost: 0.33497828245162964, best pos: [133.75090909  61.66784292 100.90995986   2.90669999]
2025-06-23 17:47:32,968 - pyswarms.single.global_best - INFO - Optimize for 15 iters with {'c1': 0.5, 'c2': 0.5, 'w': 0.5}
2025-06-23 20:05:10,662 - pyswarms.single.global_best - INFO - Optimization finished | best cost: 0.3648408353328705, best pos: [234.5345421   65.21352745  44.89155094   3.82794267]
2025-06-23 20:48:39,444 - pyswarms.single.global_best - INFO - Optimize for 15 iters with {'c1': 0.5, 'c2': 0.5, 'w': 0.5}
2025-06-23 22:46:31,463 - pyswarms.single.global_best - INFO - Optimization finished | best cost: 0.3298499584197998, best pos: [332.55949991  64.132898    66.25292271   2.3577377 ]
2025-06-24 00:17:17,348 - pyswarms.single.global_best - INFO - Optimize for 15 iters with {'c1': 0.5, 'c2': 0.5, 'w': 0.5}
2025-06-24 02:12:18,777 - pyswarms.single.global_best - INFO - Optimization finished | best cost: 0.313620924949646, best pos: [212.61730119  85.15711197  62.69303783   2.58027695]
2025-06-24 02:57:50,167 - pyswarms.single.global_best - INFO - Optimize for 15 iters with {'c1': 0.5, 'c2': 0.5, 'w': 0.5}
2025-06-24 04:29:22,487 - pyswarms.single.global_best - INFO - Optimization finished | best cost: 0.3493759036064148, best pos: [ 92.22963394  79.80565363 214.49291513   2.69244084]
2025-06-24 05:27:03,819 - pyswarms.single.global_best - INFO - Optimize for 15 iters with {'c1': 0.5, 'c2': 0.5, 'w': 0.5}
2025-06-24 06:56:26,437 - pyswarms.single.global_best - INFO - Optimization finished | best cost: 0.3600287437438965, best pos: [170.11838652  83.85543083 204.48719886   2.56598023]
2025-06-24 07:40:11,137 - pyswarms.single.global_best - INFO - Optimize for 15 iters with {'c1': 0.5, 'c2': 0.5, 'w': 0.5}
2025-06-24 08:54:04,563 - pyswarms.single.global_best - INFO - Optimization finished | best cost: 0.3532213866710663, best pos: [ 85.92014589  61.59995398 248.28034181   2.83575071]
2025-06-24 09:51:31,957 - pyswarms.single.global_best - INFO - Optimize for 15 iters with {'c1': 0.5, 'c2': 0.5, 'w': 0.5}
2025-06-24 11:52:42,319 - pyswarms.single.global_best - INFO - Optimization finished | best cost: 0.34021300077438354, best pos: [366.72676037  95.10470894  79.80751051   2.68210438]
2025-06-28 13:39:06,338 - pyswarms.single.global_best - INFO - Optimize for 15 iters with {'c1': 0.5, 'c2': 0.5, 'w': 0.5}
2025-06-28 13:40:38,576 - pyswarms.single.global_best - INFO - Optimization finished | best cost: 0.34218576550483704, best pos: [3.10031988e+02 2.28336908e-01 1.67411785e-02 1.26973940e+00]
2025-06-28 13:42:21,523 - pyswarms.single.global_best - INFO - Optimize for 15 iters with {'c1': 0.5, 'c2': 0.5, 'w': 0.5}
2025-06-28 13:43:38,443 - pyswarms.single.global_best - INFO - Optimization finished | best cost: 0.34501349925994873, best pos: [1.76037361e+02 6.73242408e-01 4.71391431e-02 1.77966740e+00]
2025-06-28 13:45:17,152 - pyswarms.single.global_best - INFO - Optimize for 15 iters with {'c1': 0.5, 'c2': 0.5, 'w': 0.5}
2025-06-28 13:46:46,389 - pyswarms.single.global_best - INFO - Optimization finished | best cost: 0.3496921956539154, best pos: [2.82291882e+02 5.17924146e-01 1.02877267e-02 2.66104510e+00]
2025-06-28 13:48:43,337 - pyswarms.single.global_best - INFO - Optimize for 15 iters with {'c1': 0.5, 'c2': 0.5, 'w': 0.5}
2025-06-28 13:50:29,828 - pyswarms.single.global_best - INFO - Optimization finished | best cost: 0.34716975688934326, best pos: [4.01431033e+02 6.60235481e-01 2.42046757e-02 1.52136565e+00]
2025-06-28 13:52:01,980 - pyswarms.single.global_best - INFO - Optimize for 15 iters with {'c1': 0.5, 'c2': 0.5, 'w': 0.5}
2025-06-28 13:53:20,096 - pyswarms.single.global_best - INFO - Optimization finished | best cost: 0.34677717089653015, best pos: [2.05721493e+02 8.35728663e-01 8.60432670e-02 1.99136912e+00]
2025-06-28 13:54:51,492 - pyswarms.single.global_best - INFO - Optimize for 15 iters with {'c1': 0.5, 'c2': 0.5, 'w': 0.5}
2025-06-28 13:55:55,330 - pyswarms.single.global_best - INFO - Optimization finished | best cost: 0.3343822658061981, best pos: [1.25386410e+02 5.59768315e-01 2.65356611e-02 2.05398074e+00]
2025-06-28 13:57:13,176 - pyswarms.single.global_best - INFO - Optimize for 15 iters with {'c1': 0.5, 'c2': 0.5, 'w': 0.5}
2025-06-28 13:58:20,628 - pyswarms.single.global_best - INFO - Optimization finished | best cost: 0.3543753921985626, best pos: [1.27351455e+02 8.33659264e-01 6.26781749e-02 1.86113358e+00]
2025-06-28 13:59:31,494 - pyswarms.single.global_best - INFO - Optimize for 15 iters with {'c1': 0.5, 'c2': 0.5, 'w': 0.5}
2025-06-28 14:00:39,211 - pyswarms.single.global_best - INFO - Optimization finished | best cost: 0.36133983731269836, best pos: [1.57086937e+02 6.23836056e-01 3.83663797e-02 1.88894435e+00]
2025-06-28 14:02:01,720 - pyswarms.single.global_best - INFO - Optimize for 15 iters with {'c1': 0.5, 'c2': 0.5, 'w': 0.5}
2025-06-28 14:03:11,995 - pyswarms.single.global_best - INFO - Optimization finished | best cost: 0.35345858335494995, best pos: [32.37322777  0.55464919  0.0336643   1.45633577]
2025-06-28 14:04:26,185 - pyswarms.single.global_best - INFO - Optimize for 15 iters with {'c1': 0.5, 'c2': 0.5, 'w': 0.5}
2025-06-28 14:05:46,537 - pyswarms.single.global_best - INFO - Optimization finished | best cost: 0.3653203845024109, best pos: [2.14944453e+02 6.73951415e-01 1.50930518e-02 1.48569550e+00]
2025-06-28 14:21:24,430 - pyswarms.single.global_best - INFO - Optimize for 15 iters with {'c1': 0.5, 'c2': 0.5, 'w': 0.5}
2025-06-28 14:23:28,454 - pyswarms.single.global_best - INFO - Optimization finished | best cost: 0.34559574723243713, best pos: [128.1481367    0.35271528   2.63946593]
2025-06-28 14:25:40,186 - pyswarms.single.global_best - INFO - Optimize for 15 iters with {'c1': 0.5, 'c2': 0.5, 'w': 0.5}
2025-06-28 14:28:56,907 - pyswarms.single.global_best - INFO - Optimization finished | best cost: 0.41196703910827637, best pos: [387.70910938   0.66755532   2.21010066]
2025-06-28 14:31:10,218 - pyswarms.single.global_best - INFO - Optimize for 15 iters with {'c1': 0.5, 'c2': 0.5, 'w': 0.5}
2025-06-28 14:32:51,256 - pyswarms.single.global_best - INFO - Optimization finished | best cost: 0.38912469148635864, best pos: [95.09391254  0.27381859  1.39988676]
2025-06-28 14:35:15,612 - pyswarms.single.global_best - INFO - Optimize for 15 iters with {'c1': 0.5, 'c2': 0.5, 'w': 0.5}
2025-06-28 14:37:43,041 - pyswarms.single.global_best - INFO - Optimization finished | best cost: 0.3949723541736603, best pos: [2.84653911e+02 3.27475673e-02 1.33178379e+00]
2025-06-28 14:39:27,565 - pyswarms.single.global_best - INFO - Optimize for 15 iters with {'c1': 0.5, 'c2': 0.5, 'w': 0.5}
2025-06-28 14:42:35,847 - pyswarms.single.global_best - INFO - Optimization finished | best cost: 0.40515661239624023, best pos: [331.64919871   0.80734171   2.33946554]
2025-06-28 14:45:25,462 - pyswarms.single.global_best - INFO - Optimize for 15 iters with {'c1': 0.5, 'c2': 0.5, 'w': 0.5}
2025-06-28 14:47:26,694 - pyswarms.single.global_best - INFO - Optimization finished | best cost: 0.4029100239276886, best pos: [13.95238     0.50030777  1.95888043]
2025-06-28 14:49:37,963 - pyswarms.single.global_best - INFO - Optimize for 15 iters with {'c1': 0.5, 'c2': 0.5, 'w': 0.5}
2025-06-28 14:52:03,620 - pyswarms.single.global_best - INFO - Optimization finished | best cost: 0.3987104296684265, best pos: [190.15895689   0.52895418   2.02345469]
2025-06-28 14:54:23,415 - pyswarms.single.global_best - INFO - Optimize for 15 iters with {'c1': 0.5, 'c2': 0.5, 'w': 0.5}
2025-06-28 14:56:54,278 - pyswarms.single.global_best - INFO - Optimization finished | best cost: 0.3829294443130493, best pos: [2.57585530e+02 8.35016454e-02 1.29540979e+00]
2025-06-28 14:59:27,422 - pyswarms.single.global_best - INFO - Optimize for 15 iters with {'c1': 0.5, 'c2': 0.5, 'w': 0.5}
2025-06-28 15:01:43,158 - pyswarms.single.global_best - INFO - Optimization finished | best cost: 0.4043348431587219, best pos: [17.57343329  0.31941193  2.79268279]
2025-06-28 15:04:31,456 - pyswarms.single.global_best - INFO - Optimize for 15 iters with {'c1': 0.5, 'c2': 0.5, 'w': 0.5}
2025-06-28 15:06:23,347 - pyswarms.single.global_best - INFO - Optimization finished | best cost: 0.3908039331436157, best pos: [1.01464117e+02 8.14171648e-02 1.33231975e+00]
2025-06-28 15:54:09,476 - pyswarms.single.global_best - INFO - Optimize for 15 iters with {'c1': 0.5, 'c2': 0.5, 'w': 0.5}
2025-06-28 15:56:05,963 - pyswarms.single.global_best - INFO - Optimization finished | best cost: 0.344573974609375, best pos: [3.06232833e+02 1.92484967e-01 7.66455830e-03 2.25831568e+00]
2025-06-28 15:58:10,548 - pyswarms.single.global_best - INFO - Optimize for 15 iters with {'c1': 0.5, 'c2': 0.5, 'w': 0.5}
2025-06-28 16:00:17,222 - pyswarms.single.global_best - INFO - Optimization finished | best cost: 0.3411835730075836, best pos: [2.82324420e+02 8.89820641e-01 5.33326844e-03 2.53292062e+00]
2025-06-28 16:01:52,982 - pyswarms.single.global_best - INFO - Optimize for 15 iters with {'c1': 0.5, 'c2': 0.5, 'w': 0.5}
2025-06-28 16:04:05,569 - pyswarms.single.global_best - INFO - Optimization finished | best cost: 0.338749498128891, best pos: [2.56544397e+02 4.95003280e-01 6.02195797e-03 2.30099492e+00]
2025-06-28 16:06:02,328 - pyswarms.single.global_best - INFO - Optimize for 15 iters with {'c1': 0.5, 'c2': 0.5, 'w': 0.5}
2025-06-28 16:08:01,489 - pyswarms.single.global_best - INFO - Optimization finished | best cost: 0.331161230802536, best pos: [2.61760020e+02 5.55323062e-01 7.78896044e-03 2.21541257e+00]
2025-06-28 16:10:17,312 - pyswarms.single.global_best - INFO - Optimize for 15 iters with {'c1': 0.5, 'c2': 0.5, 'w': 0.5}
2025-06-28 16:12:38,606 - pyswarms.single.global_best - INFO - Optimization finished | best cost: 0.36163192987442017, best pos: [3.01392983e+02 6.18371643e-01 4.90627246e-03 1.29017754e+00]
2025-06-28 16:14:18,827 - pyswarms.single.global_best - INFO - Optimize for 15 iters with {'c1': 0.5, 'c2': 0.5, 'w': 0.5}
2025-06-28 16:16:00,099 - pyswarms.single.global_best - INFO - Optimization finished | best cost: 0.37128186225891113, best pos: [1.48005179e+02 8.01377711e-01 7.02861063e-03 1.50286897e+00]
2025-06-28 16:17:30,322 - pyswarms.single.global_best - INFO - Optimize for 15 iters with {'c1': 0.5, 'c2': 0.5, 'w': 0.5}
2025-06-28 16:19:20,763 - pyswarms.single.global_best - INFO - Optimization finished | best cost: 0.3601253628730774, best pos: [1.53276556e+02 8.97250841e-01 6.06071214e-03 1.66621435e+00]
2025-06-28 16:21:00,054 - pyswarms.single.global_best - INFO - Optimize for 15 iters with {'c1': 0.5, 'c2': 0.5, 'w': 0.5}
2025-06-28 16:23:26,987 - pyswarms.single.global_best - INFO - Optimization finished | best cost: 0.3561987280845642, best pos: [4.84411616e+02 8.38375270e-01 4.71745826e-03 2.83776682e+00]
2025-06-28 16:25:55,887 - pyswarms.single.global_best - INFO - Optimize for 15 iters with {'c1': 0.5, 'c2': 0.5, 'w': 0.5}
2025-06-28 16:27:40,046 - pyswarms.single.global_best - INFO - Optimization finished | best cost: 0.3605264127254486, best pos: [1.20882066e+02 8.75980802e-01 9.81891633e-03 1.46267765e+00]
2025-06-28 16:29:16,393 - pyswarms.single.global_best - INFO - Optimize for 15 iters with {'c1': 0.5, 'c2': 0.5, 'w': 0.5}
2025-06-28 16:31:07,253 - pyswarms.single.global_best - INFO - Optimization finished | best cost: 0.36935555934906006, best pos: [1.80708452e+02 5.00880113e-01 3.80096489e-03 1.40900947e+00]
2025-06-28 19:19:19,530 - pyswarms.single.global_best - INFO - Optimize for 15 iters with {'c1': 0.5, 'c2': 0.5, 'w': 0.5}
2025-06-28 19:23:59,691 - pyswarms.single.global_best - INFO - Optimize for 15 iters with {'c1': 0.5, 'c2': 0.5, 'w': 0.5}
2025-06-28 19:25:48,140 - pyswarms.single.global_best - INFO - Optimization finished | best cost: 0.3331373929977417, best pos: [2.98786818e+02 3.78249027e-01 6.61934390e-03 2.27308977e+00]
2025-06-28 19:27:20,768 - pyswarms.single.global_best - INFO - Optimize for 15 iters with {'c1': 0.5, 'c2': 0.5, 'w': 0.5}
2025-06-28 19:29:08,468 - pyswarms.single.global_best - INFO - Optimization finished | best cost: 0.33724698424339294, best pos: [2.21533233e+02 8.60496720e-01 6.70512046e-03 2.18415848e+00]
2025-06-28 19:30:21,591 - pyswarms.single.global_best - INFO - Optimize for 15 iters with {'c1': 0.5, 'c2': 0.5, 'w': 0.5}
2025-06-28 19:32:12,474 - pyswarms.single.global_best - INFO - Optimization finished | best cost: 0.3336257338523865, best pos: [1.92796827e+02 6.46691646e-01 3.91939320e-03 2.28657994e+00]
2025-06-28 19:33:35,504 - pyswarms.single.global_best - INFO - Optimize for 15 iters with {'c1': 0.5, 'c2': 0.5, 'w': 0.5}
2025-06-28 19:35:43,214 - pyswarms.single.global_best - INFO - Optimization finished | best cost: 0.33456000685691833, best pos: [2.30621375e+02 7.91103396e-01 6.46424517e-03 2.60117700e+00]
2025-06-28 19:36:57,707 - pyswarms.single.global_best - INFO - Optimize for 15 iters with {'c1': 0.5, 'c2': 0.5, 'w': 0.5}
2025-06-28 19:38:40,008 - pyswarms.single.global_best - INFO - Optimization finished | best cost: 0.3923024535179138, best pos: [1.57689140e+01 1.02370275e-01 6.19744634e-03 1.21646987e+00]
2025-06-28 20:05:37,735 - pyswarms.single.global_best - INFO - Optimize for 15 iters with {'c1': 0.5, 'c2': 0.5, 'w': 0.5}
2025-06-28 20:07:47,065 - pyswarms.single.global_best - INFO - Optimization finished | best cost: 0.3800700608620201, best pos: [215.01142849   0.81910068   0.86978645   0.22249636]
2025-06-28 20:07:47,094 - pyswarms.single.global_best - INFO - Optimize for 15 iters with {'c1': 0.5, 'c2': 0.5, 'w': 0.5}
2025-06-28 20:09:30,606 - pyswarms.single.global_best - INFO - Optimization finished | best cost: 0.38877320289611816, best pos: [3.37490094e+02 6.71177940e-01 7.13103733e-03 1.62745662e+00]
2025-06-28 20:09:30,616 - pyswarms.single.global_best - INFO - Optimize for 15 iters with {'c1': 0.5, 'c2': 0.5, 'w': 0.5}
2025-06-28 20:26:15,056 - pyswarms.single.global_best - INFO - Optimization finished | best cost: 0.4021490812301636, best pos: [342.4474808  117.9323255   26.77991222  18.08488118]
2025-06-28 20:26:15,067 - pyswarms.single.global_best - INFO - Optimize for 15 iters with {'c1': 0.5, 'c2': 0.5, 'w': 0.5}
2025-06-28 20:51:06,530 - pyswarms.single.global_best - INFO - Optimization finished | best cost: 0.3800644874572754, best pos: [4.39649026e+02 4.38160891e+01 4.27223793e-01 8.33959286e-01
 3.05363062e-01]
2025-06-28 21:20:26,556 - pyswarms.single.global_best - INFO - Optimize for 15 iters with {'c1': 0.5, 'c2': 0.5, 'w': 0.5}
2025-06-28 23:19:52,680 - pyswarms.single.global_best - INFO - Optimize for 15 iters with {'c1': 0.5, 'c2': 0.5, 'w': 0.5}
2025-06-29 00:04:58,860 - pyswarms.single.global_best - INFO - Optimize for 15 iters with {'c1': 0.5, 'c2': 0.5, 'w': 0.5}
2025-06-29 00:09:08,545 - pyswarms.single.global_best - INFO - Optimize for 15 iters with {'c1': 0.5, 'c2': 0.5, 'w': 0.5}
2025-06-29 01:45:30,712 - pyswarms.single.global_best - INFO - Optimize for 15 iters with {'c1': 0.5, 'c2': 0.5, 'w': 0.5}
2025-06-29 01:48:26,050 - pyswarms.single.global_best - INFO - Optimization finished | best cost: 0.3396423333113029, best pos: [2.98004068e+02 5.57381658e-01 6.54677323e-01 1.50813793e-01]
2025-06-29 01:48:26,076 - pyswarms.single.global_best - INFO - Optimize for 15 iters with {'c1': 0.5, 'c2': 0.5, 'w': 0.5}
2025-06-29 01:50:46,882 - pyswarms.single.global_best - INFO - Optimization finished | best cost: 0.4068402051925659, best pos: [2.93897573e+02 6.40705516e-01 6.16092557e-03 1.23668487e+00]
2025-06-29 01:50:46,893 - pyswarms.single.global_best - INFO - Optimize for 15 iters with {'c1': 0.5, 'c2': 0.5, 'w': 0.5}
2025-06-29 02:03:16,709 - pyswarms.single.global_best - INFO - Optimization finished | best cost: 0.3994332551956177, best pos: [271.07171908 210.2096408   33.52377224  20.51507462]
2025-06-29 02:03:16,716 - pyswarms.single.global_best - INFO - Optimize for 15 iters with {'c1': 0.5, 'c2': 0.5, 'w': 0.5}
2025-06-29 02:14:08,823 - pyswarms.single.global_best - INFO - Optimization finished | best cost: 0.38761770725250244, best pos: [115.24245455  80.8792903    0.24094763   0.27691155   0.24333181]
2025-06-29 02:35:23,702 - pyswarms.single.global_best - INFO - Optimize for 15 iters with {'c1': 0.5, 'c2': 0.5, 'w': 0.5}
2025-06-29 02:37:21,026 - pyswarms.single.global_best - INFO - Optimization finished | best cost: 0.4152422919116772, best pos: [144.72909473   0.65495263   0.43233992   0.34589427]
2025-06-29 02:37:21,053 - pyswarms.single.global_best - INFO - Optimize for 15 iters with {'c1': 0.5, 'c2': 0.5, 'w': 0.5}
2025-06-29 02:39:06,559 - pyswarms.single.global_best - INFO - Optimization finished | best cost: 0.35205942392349243, best pos: [2.23819575e+02 2.23082021e-01 6.37825908e-03 2.73379932e+00]
2025-06-29 02:39:06,570 - pyswarms.single.global_best - INFO - Optimize for 15 iters with {'c1': 0.5, 'c2': 0.5, 'w': 0.5}
2025-06-29 02:48:49,242 - pyswarms.single.global_best - INFO - Optimization finished | best cost: 0.40460801124572754, best pos: [188.53778443 270.1253337   38.5388276   19.50536415]
2025-06-29 02:48:49,250 - pyswarms.single.global_best - INFO - Optimize for 15 iters with {'c1': 0.5, 'c2': 0.5, 'w': 0.5}
2025-06-29 03:09:27,128 - pyswarms.single.global_best - INFO - Optimization finished | best cost: 0.3829116225242615, best pos: [4.17416571e+02 3.29922426e+02 5.11424514e-01 8.77438399e-01
 7.55446688e-02]
2025-06-29 03:33:51,340 - pyswarms.single.global_best - INFO - Optimize for 15 iters with {'c1': 0.5, 'c2': 0.5, 'w': 0.5}
2025-06-29 03:35:58,135 - pyswarms.single.global_best - INFO - Optimization finished | best cost: 0.3506207097107073, best pos: [170.32541345   0.67333093   0.42645488   0.37147812]
2025-06-29 03:35:58,165 - pyswarms.single.global_best - INFO - Optimize for 15 iters with {'c1': 0.5, 'c2': 0.5, 'w': 0.5}
2025-06-29 03:38:01,683 - pyswarms.single.global_best - INFO - Optimization finished | best cost: 0.3698216676712036, best pos: [2.74029362e+02 6.44897052e-01 9.93079246e-03 2.03639337e+00]
2025-06-29 03:38:01,693 - pyswarms.single.global_best - INFO - Optimize for 15 iters with {'c1': 0.5, 'c2': 0.5, 'w': 0.5}
2025-06-29 03:52:28,098 - pyswarms.single.global_best - INFO - Optimization finished | best cost: 0.39367958903312683, best pos: [216.64473215 175.18740521   3.95940132   4.04725802]
2025-06-29 03:52:28,106 - pyswarms.single.global_best - INFO - Optimize for 15 iters with {'c1': 0.5, 'c2': 0.5, 'w': 0.5}
2025-06-29 04:13:59,182 - pyswarms.single.global_best - INFO - Optimization finished | best cost: 0.3842447102069855, best pos: [4.31876512e+02 3.41883585e+01 6.23831399e-01 3.21528404e-01
 6.03676031e-02]
2025-06-29 04:38:30,217 - pyswarms.single.global_best - INFO - Optimize for 15 iters with {'c1': 0.5, 'c2': 0.5, 'w': 0.5}
2025-06-29 04:40:36,560 - pyswarms.single.global_best - INFO - Optimization finished | best cost: 0.34411259184394843, best pos: [2.79883295e+02 5.34826876e-01 8.72703436e-01 2.25643057e-01]
2025-06-29 04:40:36,574 - pyswarms.single.global_best - INFO - Optimize for 15 iters with {'c1': 0.5, 'c2': 0.5, 'w': 0.5}
2025-06-29 04:43:27,138 - pyswarms.single.global_best - INFO - Optimization finished | best cost: 0.38568440079689026, best pos: [4.21683169e+02 7.45880371e-01 2.10615999e-04 1.65995037e+00]
2025-06-29 04:43:27,152 - pyswarms.single.global_best - INFO - Optimize for 15 iters with {'c1': 0.5, 'c2': 0.5, 'w': 0.5}
2025-06-29 05:00:35,443 - pyswarms.single.global_best - INFO - Optimization finished | best cost: 0.4052572250366211, best pos: [455.90481715 355.35204355  26.51660303  19.13133456]
2025-06-29 05:00:35,450 - pyswarms.single.global_best - INFO - Optimize for 15 iters with {'c1': 0.5, 'c2': 0.5, 'w': 0.5}
2025-06-29 05:19:04,220 - pyswarms.single.global_best - INFO - Optimization finished | best cost: 0.39138758182525635, best pos: [340.23325445 326.91028566   0.94991521   0.68495332   0.56006551]
2025-06-29 05:34:56,585 - pyswarms.single.global_best - INFO - Optimize for 15 iters with {'c1': 0.5, 'c2': 0.5, 'w': 0.5}
2025-06-29 05:36:59,199 - pyswarms.single.global_best - INFO - Optimization finished | best cost: 0.5181610913356622, best pos: [131.20194753   0.50611483   0.6942266    0.7236835 ]
2025-06-29 05:36:59,220 - pyswarms.single.global_best - INFO - Optimize for 15 iters with {'c1': 0.5, 'c2': 0.5, 'w': 0.5}
2025-06-29 05:39:09,054 - pyswarms.single.global_best - INFO - Optimization finished | best cost: 0.38283833861351013, best pos: [2.94709524e+02 3.35986417e-01 3.53753834e-04 1.70975792e+00]
2025-06-29 05:39:09,065 - pyswarms.single.global_best - INFO - Optimize for 15 iters with {'c1': 0.5, 'c2': 0.5, 'w': 0.5}
2025-06-29 06:57:00,721 - pyswarms.single.global_best - INFO - Optimize for 15 iters with {'c1': 0.5, 'c2': 0.5, 'w': 0.5}
2025-06-29 07:13:10,234 - pyswarms.single.global_best - INFO - Optimization finished | best cost: 0.398563414812088, best pos: [400.46068208 307.85171229   4.37053914   8.63154364]
2025-06-29 07:26:27,926 - pyswarms.single.global_best - INFO - Optimize for 15 iters with {'c1': 0.5, 'c2': 0.5, 'w': 0.5}
2025-06-29 07:37:55,492 - pyswarms.single.global_best - INFO - Optimization finished | best cost: 0.40676528215408325, best pos: [240.2321979  362.458287    13.57957372  15.9059873 ]
2025-06-29 07:51:29,345 - pyswarms.single.global_best - INFO - Optimize for 15 iters with {'c1': 0.5, 'c2': 0.5, 'w': 0.5}
2025-06-29 07:58:57,298 - pyswarms.single.global_best - INFO - Optimization finished | best cost: 0.40014883875846863, best pos: [129.47042729 177.71661805  26.12314559  16.26688055]
2025-06-29 08:03:37,278 - pyswarms.single.global_best - INFO - Optimize for 15 iters with {'c1': 0.5, 'c2': 0.5, 'w': 0.5}
2025-06-29 08:12:45,192 - pyswarms.single.global_best - INFO - Optimization finished | best cost: 0.40869784355163574, best pos: [237.8981828  428.4545785   31.80803783  20.1125428 ]
2025-06-29 08:23:09,306 - pyswarms.single.global_best - INFO - Optimize for 15 iters with {'c1': 0.5, 'c2': 0.5, 'w': 0.5}
2025-06-29 08:46:32,941 - pyswarms.single.global_best - INFO - Optimization finished | best cost: 0.3967320919036865, best pos: [341.18628588 220.01567107   4.88208386   4.49394887]
2025-06-29 08:58:48,608 - pyswarms.single.global_best - INFO - Optimize for 15 iters with {'c1': 0.5, 'c2': 0.5, 'w': 0.5}
2025-06-29 09:06:01,953 - pyswarms.single.global_best - INFO - Optimization finished | best cost: 0.4065099358558655, best pos: [117.53452706 227.48402966  42.99730957  20.70545297]
2025-06-29 12:14:19,899 - pyswarms.single.global_best - INFO - Optimize for 15 iters with {'c1': 0.5, 'c2': 0.5, 'w': 0.5}
2025-06-29 12:16:48,028 - pyswarms.single.global_best - INFO - Optimization finished | best cost: 0.5181610913356622, best pos: [131.20194753   0.50611483   0.6942266    0.7236835 ]
2025-06-29 12:19:11,437 - pyswarms.single.global_best - INFO - Optimize for 15 iters with {'c1': 0.5, 'c2': 0.5, 'w': 0.5}
2025-06-29 12:21:18,771 - pyswarms.single.global_best - INFO - Optimization finished | best cost: 0.39540289901904313, best pos: [174.00136915   0.65894042   0.21573835   0.23278794]
2025-06-29 12:23:34,534 - pyswarms.single.global_best - INFO - Optimize for 15 iters with {'c1': 0.5, 'c2': 0.5, 'w': 0.5}
2025-06-29 12:25:29,540 - pyswarms.single.global_best - INFO - Optimization finished | best cost: 0.3731411060948788, best pos: [138.45461775   0.77978265   0.62211603   0.28063454]
2025-06-29 12:27:44,708 - pyswarms.single.global_best - INFO - Optimize for 15 iters with {'c1': 0.5, 'c2': 0.5, 'w': 0.5}
2025-06-29 12:29:51,821 - pyswarms.single.global_best - INFO - Optimization finished | best cost: 0.32740399438817247, best pos: [186.64343465   0.21947817   0.2875747    0.22663634]
2025-06-29 12:32:27,766 - pyswarms.single.global_best - INFO - Optimize for 15 iters with {'c1': 0.5, 'c2': 0.5, 'w': 0.5}
2025-06-29 12:34:55,110 - pyswarms.single.global_best - INFO - Optimization finished | best cost: 0.3445565675955926, best pos: [2.92953232e+02 7.07054836e-01 4.75387920e-01 1.61983879e-01]
2025-06-29 12:36:58,469 - pyswarms.single.global_best - INFO - Optimize for 15 iters with {'c1': 0.5, 'c2': 0.5, 'w': 0.5}
2025-06-29 12:38:56,458 - pyswarms.single.global_best - INFO - Optimization finished | best cost: 0.42080315156262527, best pos: [26.32609213  0.32486989  0.2479405   0.46223553]
2025-06-29 13:08:21,648 - pyswarms.single.global_best - INFO - Optimize for 15 iters with {'c1': 0.5, 'c2': 0.5, 'w': 0.5}
2025-06-29 13:10:26,578 - pyswarms.single.global_best - INFO - Optimization finished | best cost: 0.38283833861351013, best pos: [2.94709524e+02 3.35986417e-01 3.53753834e-04 1.70975792e+00]
2025-06-29 13:11:37,168 - pyswarms.single.global_best - INFO - Optimize for 15 iters with {'c1': 0.5, 'c2': 0.5, 'w': 0.5}
2025-06-29 13:13:43,763 - pyswarms.single.global_best - INFO - Optimization finished | best cost: 0.37827786803245544, best pos: [3.68104281e+02 4.12118083e-01 9.73529996e-03 2.25465736e+00]
2025-06-29 13:14:52,976 - pyswarms.single.global_best - INFO - Optimize for 15 iters with {'c1': 0.5, 'c2': 0.5, 'w': 0.5}
2025-06-29 13:16:19,392 - pyswarms.single.global_best - INFO - Optimization finished | best cost: 0.37631988525390625, best pos: [6.43133589e+01 6.56479297e-01 5.26072615e-03 2.35152105e+00]
2025-06-29 13:17:27,998 - pyswarms.single.global_best - INFO - Optimize for 15 iters with {'c1': 0.5, 'c2': 0.5, 'w': 0.5}
2025-06-29 13:18:52,130 - pyswarms.single.global_best - INFO - Optimization finished | best cost: 0.3882581293582916, best pos: [1.13660852e+02 5.26750859e-01 4.25632038e-03 2.06117057e+00]
2025-06-29 13:20:07,699 - pyswarms.single.global_best - INFO - Optimize for 15 iters with {'c1': 0.5, 'c2': 0.5, 'w': 0.5}
2025-06-29 13:22:01,084 - pyswarms.single.global_best - INFO - Optimization finished | best cost: 0.36238977313041687, best pos: [2.67124757e+02 5.54097959e-01 8.62833527e-03 2.78437340e+00]
2025-06-29 13:23:20,757 - pyswarms.single.global_best - INFO - Optimize for 15 iters with {'c1': 0.5, 'c2': 0.5, 'w': 0.5}
2025-06-29 13:25:36,941 - pyswarms.single.global_best - INFO - Optimization finished | best cost: 0.39142778515815735, best pos: [3.12780402e+02 2.87362885e-01 5.93379264e-04 1.53475653e+00]
2025-06-29 13:28:12,230 - pyswarms.single.global_best - INFO - Optimize for 15 iters with {'c1': 0.5, 'c2': 0.5, 'w': 0.5}
2025-06-29 13:37:32,508 - pyswarms.single.global_best - INFO - Optimization finished | best cost: 0.3874604105949402, best pos: [118.66085178 218.66430075   0.74295169   0.75835213   0.36043037]
2025-06-29 13:57:20,084 - pyswarms.single.global_best - INFO - Optimize for 15 iters with {'c1': 0.5, 'c2': 0.5, 'w': 0.5}
2025-06-29 14:15:33,481 - pyswarms.single.global_best - INFO - Optimization finished | best cost: 0.3653606176376343, best pos: [3.89674871e+02 3.76600067e+02 6.21539127e-01 7.50315979e-02
 3.98348434e-03]
2025-06-29 14:29:11,431 - pyswarms.single.global_best - INFO - Optimize for 15 iters with {'c1': 0.5, 'c2': 0.5, 'w': 0.5}
2025-06-29 14:48:24,043 - pyswarms.single.global_best - INFO - Optimization finished | best cost: 0.38879886269569397, best pos: [4.19588850e+02 1.91040849e+02 7.77413015e-01 1.19576007e-01
 2.52797902e-01]
2025-06-29 15:05:08,904 - pyswarms.single.global_best - INFO - Optimize for 15 iters with {'c1': 0.5, 'c2': 0.5, 'w': 0.5}
2025-06-29 15:16:47,743 - pyswarms.single.global_best - INFO - Optimization finished | best cost: 0.3882620632648468, best pos: [2.43920060e+02 1.40111810e+02 4.37839619e-01 3.48670524e-01
 2.24180003e-01]
2025-06-29 15:44:54,899 - pyswarms.single.global_best - INFO - Optimize for 15 iters with {'c1': 0.5, 'c2': 0.5, 'w': 0.5}
2025-06-29 16:03:27,419 - pyswarms.single.global_best - INFO - Optimization finished | best cost: 0.367393434047699, best pos: [2.75431814e+02 3.94864888e+02 8.81187960e-01 9.01065685e-02
 1.49235853e-02]
2025-06-29 16:25:20,943 - pyswarms.single.global_best - INFO - Optimize for 15 iters with {'c1': 0.5, 'c2': 0.5, 'w': 0.5}
2025-06-29 16:40:54,209 - pyswarms.single.global_best - INFO - Optimization finished | best cost: 0.37678205966949463, best pos: [2.74548666e+02 3.98336563e+02 7.59730298e-01 7.03034588e-01
 3.76305537e-02]
2025-06-29 17:48:09,932 - pyswarms.single.global_best - INFO - Optimize for 15 iters with {'c1': 0.5, 'c2': 0.5, 'w': 0.5}
2025-06-29 19:43:22,102 - pyswarms.single.global_best - INFO - Optimization finished | best cost: 0.3782205581665039, best pos: [338.84953032  82.87348759  88.66083284   2.09379793]
2025-06-29 20:50:22,560 - pyswarms.single.global_best - INFO - Optimize for 15 iters with {'c1': 0.5, 'c2': 0.5, 'w': 0.5}
2025-06-29 22:27:28,919 - pyswarms.single.global_best - INFO - Optimization finished | best cost: 0.39645546674728394, best pos: [182.4387572   48.72592131 260.78000137   2.83607779]
2025-06-29 23:21:07,118 - pyswarms.single.global_best - INFO - Optimize for 15 iters with {'c1': 0.5, 'c2': 0.5, 'w': 0.5}
2025-06-30 00:59:11,513 - pyswarms.single.global_best - INFO - Optimization finished | best cost: 0.37469059228897095, best pos: [ 62.01789855  30.98991667 130.31223603   4.0864815 ]
2025-06-30 01:47:47,269 - pyswarms.single.global_best - INFO - Optimize for 15 iters with {'c1': 0.5, 'c2': 0.5, 'w': 0.5}
2025-06-30 03:27:15,402 - pyswarms.single.global_best - INFO - Optimization finished | best cost: 0.37828779220581055, best pos: [120.47510471  65.32543925  90.06558529   2.57125395]
2025-06-30 04:10:36,997 - pyswarms.single.global_best - INFO - Optimize for 15 iters with {'c1': 0.5, 'c2': 0.5, 'w': 0.5}
2025-06-30 05:31:21,418 - pyswarms.single.global_best - INFO - Optimization finished | best cost: 0.39959099888801575, best pos: [238.12447106  58.09208675 213.69308125   2.42279604]
2025-06-30 06:26:56,574 - pyswarms.single.global_best - INFO - Optimize for 15 iters with {'c1': 0.5, 'c2': 0.5, 'w': 0.5}
2025-06-30 08:06:33,603 - pyswarms.single.global_best - INFO - Optimization finished | best cost: 0.39179348945617676, best pos: [217.36279587  90.56257373 136.7159897    2.74454059]
2025-06-30 08:51:02,893 - pyswarms.single.global_best - INFO - Optimize for 15 iters with {'c1': 0.5, 'c2': 0.5, 'w': 0.5}
2025-06-30 10:14:27,736 - pyswarms.single.global_best - INFO - Optimization finished | best cost: 0.3933833837509155, best pos: [151.84805085  58.72046857 234.99196067   2.52971151]
2025-06-30 11:26:52,439 - pyswarms.single.global_best - INFO - Optimize for 15 iters with {'c1': 0.5, 'c2': 0.5, 'w': 0.5}
2025-06-30 12:48:42,747 - pyswarms.single.global_best - INFO - Optimization finished | best cost: 0.37051212787628174, best pos: [139.35571468  43.45818275 109.26964077   2.42761496]
2025-06-30 14:04:50,831 - pyswarms.single.global_best - INFO - Optimize for 15 iters with {'c1': 0.5, 'c2': 0.5, 'w': 0.5}
2025-06-30 15:29:02,459 - pyswarms.single.global_best - INFO - Optimization finished | best cost: 0.39102688431739807, best pos: [161.0212522   58.69410634 266.4443439    2.62428295]
2025-06-30 16:40:38,195 - pyswarms.single.global_best - INFO - Optimize for 15 iters with {'c1': 0.5, 'c2': 0.5, 'w': 0.5}
2025-06-30 18:25:03,838 - pyswarms.single.global_best - INFO - Optimization finished | best cost: 0.3873954117298126, best pos: [391.4100876   64.38771572  88.02254145   2.34322559]
2025-07-05 21:11:01,125 - pyswarms.single.global_best - INFO - Optimize for 15 iters with {'c1': 0.5, 'c2': 0.5, 'w': 0.5}
2025-07-05 21:14:41,835 - pyswarms.single.global_best - INFO - Optimization finished | best cost: 0.4022429889022119, best pos: [1.76154134e+02 5.45585970e-01 1.47783324e-01 2.61003801e-01]
2025-07-05 21:14:42,175 - pyswarms.single.global_best - INFO - Optimize for 15 iters with {'c1': 0.5, 'c2': 0.5, 'w': 0.5}
2025-07-05 21:18:14,531 - pyswarms.single.global_best - INFO - Optimization finished | best cost: 0.44297099113464355, best pos: [283.71617738   0.64014093   2.61472317]
2025-07-05 21:18:14,545 - pyswarms.single.global_best - INFO - Optimize for 15 iters with {'c1': 0.5, 'c2': 0.5, 'w': 0.5}
2025-07-05 21:34:24,501 - pyswarms.single.global_best - INFO - Optimization finished | best cost: 0.4004577100276947, best pos: [269.63167927 243.57544428  26.78978955  19.10692751]
2025-07-05 21:34:24,514 - pyswarms.single.global_best - INFO - Optimize for 15 iters with {'c1': 0.5, 'c2': 0.5, 'w': 0.5}
2025-07-05 22:04:05,050 - pyswarms.single.global_best - INFO - Optimization finished | best cost: 0.36826545000076294, best pos: [420.9850957  243.49582397   0.79123016   0.8176392    0.46972902]
2025-07-05 22:46:08,075 - pyswarms.single.global_best - INFO - Optimize for 15 iters with {'c1': 0.5, 'c2': 0.5, 'w': 0.5}
2025-07-05 22:51:45,232 - pyswarms.single.global_best - INFO - Optimization finished | best cost: 0.470090232931364, best pos: [166.69382671   0.37946038   0.98566056   0.24628673]
2025-07-05 22:51:45,267 - pyswarms.single.global_best - INFO - Optimize for 15 iters with {'c1': 0.5, 'c2': 0.5, 'w': 0.5}
2025-07-05 22:54:47,611 - pyswarms.single.global_best - INFO - Optimize for 15 iters with {'c1': 0.5, 'c2': 0.5, 'w': 0.5}
2025-07-06 13:34:33,263 - pyswarms.single.global_best - INFO - Optimize for 15 iters with {'c1': 0.5, 'c2': 0.5, 'w': 0.5}
2025-07-06 13:36:45,652 - pyswarms.single.global_best - INFO - Optimization finished | best cost: 0.40237635310732844, best pos: [25.2285893   0.32883539  0.74805983  0.5646766 ]
2025-07-06 13:36:45,687 - pyswarms.single.global_best - INFO - Optimize for 15 iters with {'c1': 0.5, 'c2': 0.5, 'w': 0.5}
2025-07-06 13:38:55,889 - pyswarms.single.global_best - INFO - Optimization finished | best cost: 0.39546942710876465, best pos: [74.89792786  0.74264444  2.39873707]
2025-07-06 13:38:55,900 - pyswarms.single.global_best - INFO - Optimize for 15 iters with {'c1': 0.5, 'c2': 0.5, 'w': 0.5}
2025-07-06 13:46:07,817 - pyswarms.single.global_best - INFO - Optimization finished | best cost: 0.39598050713539124, best pos: [ 66.82243561 153.1157293   48.17294622  17.22883964]
2025-07-06 13:46:07,830 - pyswarms.single.global_best - INFO - Optimize for 15 iters with {'c1': 0.5, 'c2': 0.5, 'w': 0.5}
2025-07-06 14:01:29,527 - pyswarms.single.global_best - INFO - Optimization finished | best cost: 0.36826545000076294, best pos: [253.40044841 148.22989839   0.79123016   0.8176392    0.46972902]
2025-07-06 14:28:49,875 - pyswarms.single.global_best - INFO - Optimize for 15 iters with {'c1': 0.5, 'c2': 0.5, 'w': 0.5}
2025-07-07 02:56:43,045 - pyswarms.single.global_best - INFO - Optimize for 15 iters with {'c1': 0.5, 'c2': 0.5, 'w': 0.5}
2025-07-07 02:58:53,652 - pyswarms.single.global_best - INFO - Optimization finished | best cost: 0.4033388142510374, best pos: [51.20223158  0.35116462  0.67004722  0.31321732]
2025-07-07 02:58:53,696 - pyswarms.single.global_best - INFO - Optimize for 15 iters with {'c1': 0.5, 'c2': 0.5, 'w': 0.5}
2025-07-07 03:01:33,381 - pyswarms.single.global_best - INFO - Optimization finished | best cost: 0.40381261706352234, best pos: [327.7559721    0.44593742   1.61828999]
2025-07-07 03:01:33,393 - pyswarms.single.global_best - INFO - Optimize for 15 iters with {'c1': 0.5, 'c2': 0.5, 'w': 0.5}
2025-07-07 03:17:33,669 - pyswarms.single.global_best - INFO - Optimization finished | best cost: 0.3966884911060333, best pos: [302.95990208 199.91547199  13.62533761  12.32858524]
2025-07-07 03:17:33,678 - pyswarms.single.global_best - INFO - Optimize for 15 iters with {'c1': 0.5, 'c2': 0.5, 'w': 0.5}
2025-07-07 03:37:09,258 - pyswarms.single.global_best - INFO - Optimization finished | best cost: 0.3684116005897522, best pos: [337.23752282 195.89995802   0.82582276   0.8060622    0.47103146]
2025-07-07 04:03:36,867 - pyswarms.single.global_best - INFO - Optimize for 15 iters with {'c1': 0.5, 'c2': 0.5, 'w': 0.5}
2025-07-07 04:05:48,802 - pyswarms.single.global_best - INFO - Optimization finished | best cost: 0.3939468253189159, best pos: [34.30952668  0.73125088  0.86777843  0.51284447]
2025-07-07 04:05:48,825 - pyswarms.single.global_best - INFO - Optimize for 15 iters with {'c1': 0.5, 'c2': 0.5, 'w': 0.5}
2025-07-07 04:07:41,917 - pyswarms.single.global_best - INFO - Optimization finished | best cost: 0.3888583183288574, best pos: [118.79630253   0.17128163   1.8622225 ]
2025-07-07 04:07:41,927 - pyswarms.single.global_best - INFO - Optimize for 15 iters with {'c1': 0.5, 'c2': 0.5, 'w': 0.5}
2025-07-07 04:16:16,887 - pyswarms.single.global_best - INFO - Optimization finished | best cost: 0.39836615324020386, best pos: [190.56717495 129.88450554  39.5376973   20.90814256]
2025-07-07 04:16:16,895 - pyswarms.single.global_best - INFO - Optimize for 15 iters with {'c1': 0.5, 'c2': 0.5, 'w': 0.5}
2025-07-07 04:32:22,007 - pyswarms.single.global_best - INFO - Optimization finished | best cost: 0.3698408603668213, best pos: [2.81971439e+02 2.92434421e+02 2.51140775e-01 8.62948532e-01
 4.70300462e-01]
2025-07-07 05:08:41,766 - pyswarms.single.global_best - INFO - Optimize for 15 iters with {'c1': 0.5, 'c2': 0.5, 'w': 0.5}
2025-07-07 05:11:04,408 - pyswarms.single.global_best - INFO - Optimization finished | best cost: 0.30896960764197523, best pos: [1.87280099e+02 6.33806049e-01 1.23677296e-01 2.01481891e-01]
2025-07-07 05:11:04,432 - pyswarms.single.global_best - INFO - Optimize for 15 iters with {'c1': 0.5, 'c2': 0.5, 'w': 0.5}
2025-07-07 05:13:06,090 - pyswarms.single.global_best - INFO - Optimization finished | best cost: 0.4095342457294464, best pos: [74.90844149  0.66406563  1.99945721]
2025-07-07 05:13:06,100 - pyswarms.single.global_best - INFO - Optimize for 15 iters with {'c1': 0.5, 'c2': 0.5, 'w': 0.5}
2025-07-07 05:26:54,119 - pyswarms.single.global_best - INFO - Optimization finished | best cost: 0.39620932936668396, best pos: [177.34235579  43.14533019   5.3515071    7.26097909]
2025-07-07 05:26:54,131 - pyswarms.single.global_best - INFO - Optimize for 15 iters with {'c1': 0.5, 'c2': 0.5, 'w': 0.5}
2025-07-07 05:41:31,863 - pyswarms.single.global_best - INFO - Optimization finished | best cost: 0.37059080600738525, best pos: [171.48542834 192.11153654   0.8890051    0.74028393   0.47312566]
2025-07-07 06:02:32,888 - pyswarms.single.global_best - INFO - Optimize for 15 iters with {'c1': 0.5, 'c2': 0.5, 'w': 0.5}
2025-07-07 06:05:17,520 - pyswarms.single.global_best - INFO - Optimization finished | best cost: 0.40141871770335735, best pos: [2.27394645e+02 3.27918541e-02 7.99540019e-01 9.38805935e-02]
2025-07-07 06:05:17,536 - pyswarms.single.global_best - INFO - Optimize for 15 iters with {'c1': 0.5, 'c2': 0.5, 'w': 0.5}
2025-07-07 06:07:29,426 - pyswarms.single.global_best - INFO - Optimization finished | best cost: 0.38618043065071106, best pos: [1.84565532e+02 1.19618668e-01 1.97303901e+00]
2025-07-07 06:07:29,437 - pyswarms.single.global_best - INFO - Optimize for 15 iters with {'c1': 0.5, 'c2': 0.5, 'w': 0.5}
2025-07-07 06:20:08,623 - pyswarms.single.global_best - INFO - Optimization finished | best cost: 0.3850741982460022, best pos: [ 10.12776492 172.21355403  25.22769132  18.59185111]
2025-07-07 06:20:08,632 - pyswarms.single.global_best - INFO - Optimize for 15 iters with {'c1': 0.5, 'c2': 0.5, 'w': 0.5}
2025-07-07 06:38:31,874 - pyswarms.single.global_best - INFO - Optimization finished | best cost: 0.3717263340950012, best pos: [301.39110358 130.92827421   0.92059979   0.44981841   0.52444016]
2025-07-07 06:53:54,482 - pyswarms.single.global_best - INFO - Optimize for 15 iters with {'c1': 0.5, 'c2': 0.5, 'w': 0.5}
2025-07-07 06:56:41,021 - pyswarms.single.global_best - INFO - Optimization finished | best cost: 0.38554420007830836, best pos: [2.87850897e+02 5.29067154e-01 2.88762362e-01 7.72400318e-02]
2025-07-07 06:56:41,044 - pyswarms.single.global_best - INFO - Optimize for 15 iters with {'c1': 0.5, 'c2': 0.5, 'w': 0.5}
2025-07-07 06:58:50,256 - pyswarms.single.global_best - INFO - Optimization finished | best cost: 0.4080999493598938, best pos: [110.09561532   0.53795889   2.94527979]
2025-07-07 06:58:50,266 - pyswarms.single.global_best - INFO - Optimize for 15 iters with {'c1': 0.5, 'c2': 0.5, 'w': 0.5}
2025-07-07 07:25:34,014 - pyswarms.single.global_best - INFO - Optimization finished | best cost: 0.3888343274593353, best pos: [336.80647981 197.37466204   6.48580706   2.98592442]
2025-07-07 07:25:34,025 - pyswarms.single.global_best - INFO - Optimize for 15 iters with {'c1': 0.5, 'c2': 0.5, 'w': 0.5}
2025-07-07 07:33:41,977 - pyswarms.single.global_best - INFO - Optimization finished | best cost: 0.3699491322040558, best pos: [1.07645906e+02 2.48097047e+02 9.47546542e-01 2.35318782e-01
 3.93020868e-01]
2025-07-07 07:59:35,184 - pyswarms.single.global_best - INFO - Optimize for 15 iters with {'c1': 0.5, 'c2': 0.5, 'w': 0.5}
2025-07-07 08:02:22,397 - pyswarms.single.global_best - INFO - Optimization finished | best cost: 0.3796843053457784, best pos: [2.89034647e+02 5.08166445e-01 9.65569038e-01 2.00327890e-01]
2025-07-07 08:02:22,429 - pyswarms.single.global_best - INFO - Optimize for 15 iters with {'c1': 0.5, 'c2': 0.5, 'w': 0.5}
2025-07-07 08:04:28,749 - pyswarms.single.global_best - INFO - Optimization finished | best cost: 0.4001929461956024, best pos: [142.78592496   0.66963945   1.84609523]
2025-07-07 08:04:28,759 - pyswarms.single.global_best - INFO - Optimize for 15 iters with {'c1': 0.5, 'c2': 0.5, 'w': 0.5}
2025-07-07 08:16:31,536 - pyswarms.single.global_best - INFO - Optimization finished | best cost: 0.4017181992530823, best pos: [215.5996064  306.46635788  13.12024657  14.75275634]
2025-07-07 08:16:31,546 - pyswarms.single.global_best - INFO - Optimize for 15 iters with {'c1': 0.5, 'c2': 0.5, 'w': 0.5}
2025-07-07 08:34:02,351 - pyswarms.single.global_best - INFO - Optimization finished | best cost: 0.36994677782058716, best pos: [377.10680984 279.43396562   0.57772402   0.72750279   0.47277796]
2025-07-07 09:11:26,186 - pyswarms.single.global_best - INFO - Optimize for 15 iters with {'c1': 0.5, 'c2': 0.5, 'w': 0.5}
2025-07-07 09:13:28,997 - pyswarms.single.global_best - INFO - Optimization finished | best cost: 0.3161155243032049, best pos: [35.42174494  0.676692    0.59692508  0.60368045]
2025-07-07 09:13:29,018 - pyswarms.single.global_best - INFO - Optimize for 15 iters with {'c1': 0.5, 'c2': 0.5, 'w': 0.5}
2025-07-07 09:16:28,259 - pyswarms.single.global_best - INFO - Optimization finished | best cost: 0.49555349349975586, best pos: [261.41973067   0.53535924   2.95600765]
2025-07-07 09:16:28,273 - pyswarms.single.global_best - INFO - Optimize for 15 iters with {'c1': 0.5, 'c2': 0.5, 'w': 0.5}
2025-07-07 09:23:54,485 - pyswarms.single.global_best - INFO - Optimization finished | best cost: 0.3669581413269043, best pos: [ 21.4001612  180.43401528  28.17722448   5.32643055]
2025-07-07 09:23:54,493 - pyswarms.single.global_best - INFO - Optimize for 15 iters with {'c1': 0.5, 'c2': 0.5, 'w': 0.5}
2025-07-07 09:38:29,455 - pyswarms.single.global_best - INFO - Optimization finished | best cost: 0.3688928484916687, best pos: [254.00846433 121.09528769   0.6406039    0.80751171   0.4716135 ]
2025-07-07 09:54:06,932 - pyswarms.single.global_best - INFO - Optimize for 15 iters with {'c1': 0.5, 'c2': 0.5, 'w': 0.5}
2025-07-07 09:56:20,720 - pyswarms.single.global_best - INFO - Optimization finished | best cost: 0.39265658249245666, best pos: [51.26614118  0.32335022  0.49861619  0.46935012]
2025-07-07 09:56:20,755 - pyswarms.single.global_best - INFO - Optimize for 15 iters with {'c1': 0.5, 'c2': 0.5, 'w': 0.5}
2025-07-07 09:59:26,218 - pyswarms.single.global_best - INFO - Optimization finished | best cost: 0.4461626410484314, best pos: [324.29112644   0.57297508   2.88658412]
2025-07-07 09:59:26,230 - pyswarms.single.global_best - INFO - Optimize for 15 iters with {'c1': 0.5, 'c2': 0.5, 'w': 0.5}
2025-07-07 10:07:24,576 - pyswarms.single.global_best - INFO - Optimization finished | best cost: 0.3946874439716339, best pos: [ 65.86829012 332.92716232  19.84876862   6.4541888 ]
2025-07-07 10:07:24,587 - pyswarms.single.global_best - INFO - Optimize for 15 iters with {'c1': 0.5, 'c2': 0.5, 'w': 0.5}
2025-07-07 10:16:01,582 - pyswarms.single.global_best - INFO - Optimization finished | best cost: 0.37034690380096436, best pos: [ 36.48924276 243.29913922   0.62586294   0.85813876   0.4859181 ]
2025-07-07 10:44:53,186 - pyswarms.single.global_best - INFO - Optimize for 15 iters with {'c1': 0.5, 'c2': 0.5, 'w': 0.5}
2025-07-07 10:47:38,454 - pyswarms.single.global_best - INFO - Optimization finished | best cost: 0.3365379748523543, best pos: [1.97572607e+02 3.38047261e-01 7.87698440e-01 1.27139114e-01]
2025-07-07 10:47:38,504 - pyswarms.single.global_best - INFO - Optimize for 15 iters with {'c1': 0.5, 'c2': 0.5, 'w': 0.5}
2025-07-07 10:49:40,872 - pyswarms.single.global_best - INFO - Optimization finished | best cost: 0.3989315927028656, best pos: [107.3683778    0.3531752    1.82834436]
2025-07-07 10:49:40,881 - pyswarms.single.global_best - INFO - Optimize for 15 iters with {'c1': 0.5, 'c2': 0.5, 'w': 0.5}
2025-07-07 11:16:11,457 - pyswarms.single.global_best - INFO - Optimization finished | best cost: 0.3936936557292938, best pos: [236.61774798 139.43687263   6.14502436   3.01622095]
2025-07-07 11:16:11,465 - pyswarms.single.global_best - INFO - Optimize for 15 iters with {'c1': 0.5, 'c2': 0.5, 'w': 0.5}
2025-07-07 11:29:29,537 - pyswarms.single.global_best - INFO - Optimization finished | best cost: 0.36846011877059937, best pos: [183.90978242 112.35954402   0.22194416   0.83054537   0.46909901]
2025-07-08 01:31:04,385 - pyswarms.single.global_best - INFO - Optimize for 15 iters with {'c1': 0.5, 'c2': 0.5, 'w': 0.5}
2025-07-08 06:11:48,116 - pyswarms.single.global_best - INFO - Optimization finished | best cost: 0.3509880602359772, best pos: [184.22106394 292.51797197 325.66452144   2.40302062]
2025-07-08 09:34:07,523 - pyswarms.single.global_best - INFO - Optimize for 15 iters with {'c1': 0.5, 'c2': 0.5, 'w': 0.5}
2025-07-08 14:56:44,797 - pyswarms.single.global_best - INFO - Optimization finished | best cost: 0.3510913848876953, best pos: [158.51775904 318.0609547  216.60528442   2.76200511]
2025-07-08 17:22:33,533 - pyswarms.single.global_best - INFO - Optimize for 15 iters with {'c1': 0.5, 'c2': 0.5, 'w': 0.5}
2025-07-08 23:18:59,727 - pyswarms.single.global_best - INFO - Optimization finished | best cost: 0.35909903049468994, best pos: [196.76448535 208.00634703 193.72093414   2.8605074 ]
2025-07-09 02:18:43,454 - pyswarms.single.global_best - INFO - Optimize for 15 iters with {'c1': 0.5, 'c2': 0.5, 'w': 0.5}
2025-07-09 07:12:56,838 - pyswarms.single.global_best - INFO - Optimization finished | best cost: 0.3487425744533539, best pos: [226.72822382 362.74215985 355.71561566   2.97044998]
2025-07-09 08:28:34,978 - pyswarms.single.global_best - INFO - Optimize for 15 iters with {'c1': 0.5, 'c2': 0.5, 'w': 0.5}
2025-07-09 13:04:16,840 - pyswarms.single.global_best - INFO - Optimization finished | best cost: 0.35978609323501587, best pos: [211.3648819  212.86364648 194.6493841    2.60481615]
2025-07-09 15:20:41,326 - pyswarms.single.global_best - INFO - Optimize for 15 iters with {'c1': 0.5, 'c2': 0.5, 'w': 0.5}
2025-07-09 23:08:30,476 - pyswarms.single.global_best - INFO - Optimization finished | best cost: 0.34687718749046326, best pos: [216.52053864 312.89089039  81.32876117   2.17553023]
2025-07-10 04:41:52,778 - pyswarms.single.global_best - INFO - Optimize for 15 iters with {'c1': 0.5, 'c2': 0.5, 'w': 0.5}
2025-07-10 08:53:38,872 - pyswarms.single.global_best - INFO - Optimization finished | best cost: 0.357205867767334, best pos: [126.79165239 216.20237605 157.12833776   2.67138569]
2025-07-10 11:19:58,823 - pyswarms.single.global_best - INFO - Optimize for 15 iters with {'c1': 0.5, 'c2': 0.5, 'w': 0.5}
2025-07-10 15:46:04,016 - pyswarms.single.global_best - INFO - Optimization finished | best cost: 0.3539801239967346, best pos: [125.70525514 258.04630979 223.21407869   2.56273395]
2025-07-10 19:43:09,819 - pyswarms.single.global_best - INFO - Optimize for 15 iters with {'c1': 0.5, 'c2': 0.5, 'w': 0.5}
2025-07-11 01:27:44,200 - pyswarms.single.global_best - INFO - Optimization finished | best cost: 0.3530336022377014, best pos: [151.57515641 258.88736465 359.33875283   2.15127613]
2025-07-11 02:42:36,322 - pyswarms.single.global_best - INFO - Optimize for 15 iters with {'c1': 0.5, 'c2': 0.5, 'w': 0.5}
2025-07-11 07:50:55,963 - pyswarms.single.global_best - INFO - Optimization finished | best cost: 0.3494293689727783, best pos: [224.72226978 354.66861942 189.69742789   2.51404121]
2025-07-12 16:34:19,190 - pyswarms.single.global_best - INFO - Optimize for 15 iters with {'c1': 0.5, 'c2': 0.5, 'w': 0.5}
2025-07-12 16:36:27,590 - pyswarms.single.global_best - INFO - Optimization finished | best cost: 0.3888583183288574, best pos: [118.79630253   0.17128163   1.8622225 ]
2025-07-12 16:37:58,591 - pyswarms.single.global_best - INFO - Optimize for 15 iters with {'c1': 0.5, 'c2': 0.5, 'w': 0.5}
2025-07-12 16:40:23,739 - pyswarms.single.global_best - INFO - Optimization finished | best cost: 0.4095342457294464, best pos: [74.90844149  0.66406563  1.99945721]
2025-07-12 16:42:19,337 - pyswarms.single.global_best - INFO - Optimize for 15 iters with {'c1': 0.5, 'c2': 0.5, 'w': 0.5}
2025-07-12 16:45:09,319 - pyswarms.single.global_best - INFO - Optimization finished | best cost: 0.38618043065071106, best pos: [1.84565532e+02 1.19618668e-01 1.97303901e+00]
2025-07-12 16:47:08,030 - pyswarms.single.global_best - INFO - Optimize for 15 iters with {'c1': 0.5, 'c2': 0.5, 'w': 0.5}
2025-07-12 16:49:50,105 - pyswarms.single.global_best - INFO - Optimization finished | best cost: 0.4080999493598938, best pos: [110.09561532   0.53795889   2.94527979]
2025-07-12 16:51:34,172 - pyswarms.single.global_best - INFO - Optimize for 15 iters with {'c1': 0.5, 'c2': 0.5, 'w': 0.5}
2025-07-12 16:54:47,287 - pyswarms.single.global_best - INFO - Optimization finished | best cost: 0.4001929461956024, best pos: [142.78592496   0.66963945   1.84609523]
2025-07-12 16:56:45,584 - pyswarms.single.global_best - INFO - Optimize for 15 iters with {'c1': 0.5, 'c2': 0.5, 'w': 0.5}
2025-07-12 17:01:03,011 - pyswarms.single.global_best - INFO - Optimization finished | best cost: 0.49555349349975586, best pos: [261.41973067   0.53535924   2.95600765]
2025-07-12 17:02:44,975 - pyswarms.single.global_best - INFO - Optimize for 15 iters with {'c1': 0.5, 'c2': 0.5, 'w': 0.5}
2025-07-12 17:07:14,200 - pyswarms.single.global_best - INFO - Optimization finished | best cost: 0.4461626410484314, best pos: [324.29112644   0.57297508   2.88658412]
2025-07-12 17:09:37,027 - pyswarms.single.global_best - INFO - Optimize for 15 iters with {'c1': 0.5, 'c2': 0.5, 'w': 0.5}
2025-07-12 17:12:15,328 - pyswarms.single.global_best - INFO - Optimization finished | best cost: 0.3989315927028656, best pos: [107.3683778    0.3531752    1.82834436]
2025-07-12 17:13:59,296 - pyswarms.single.global_best - INFO - Optimize for 15 iters with {'c1': 0.5, 'c2': 0.5, 'w': 0.5}
2025-07-12 17:16:33,159 - pyswarms.single.global_best - INFO - Optimization finished | best cost: 0.3888169825077057, best pos: [90.58282403  0.41282887  1.88162613]
2025-07-12 18:13:03,321 - pyswarms.single.global_best - INFO - Optimize for 15 iters with {'c1': 0.5, 'c2': 0.5, 'w': 0.5}
2025-07-12 18:25:17,045 - pyswarms.single.global_best - INFO - Optimization finished | best cost: 0.3939468253189159, best pos: [34.30952668  0.73125088  0.86777843  0.51284447]
2025-07-12 18:38:02,438 - pyswarms.single.global_best - INFO - Optimize for 15 iters with {'c1': 0.5, 'c2': 0.5, 'w': 0.5}
2025-07-12 19:00:30,458 - pyswarms.single.global_best - INFO - Optimization finished | best cost: 0.30896960764197523, best pos: [1.87280099e+02 6.33806049e-01 1.23677296e-01 2.01481891e-01]
2025-07-12 19:04:04,116 - pyswarms.single.global_best - INFO - Optimize for 15 iters with {'c1': 0.5, 'c2': 0.5, 'w': 0.5}
2025-07-12 19:28:49,532 - pyswarms.single.global_best - INFO - Optimization finished | best cost: 0.40141871770335735, best pos: [2.27394645e+02 3.27918541e-02 7.99540019e-01 9.38805935e-02]
2025-07-12 19:39:26,976 - pyswarms.single.global_best - INFO - Optimize for 15 iters with {'c1': 0.5, 'c2': 0.5, 'w': 0.5}
2025-07-12 20:05:12,341 - pyswarms.single.global_best - INFO - Optimization finished | best cost: 0.38554420007830836, best pos: [2.87850897e+02 5.29067154e-01 2.88762362e-01 7.72400318e-02]
2025-07-12 20:08:49,720 - pyswarms.single.global_best - INFO - Optimize for 15 iters with {'c1': 0.5, 'c2': 0.5, 'w': 0.5}
2025-07-12 20:13:02,643 - pyswarms.single.global_best - INFO - Optimization finished | best cost: 0.3796843053457784, best pos: [2.89034647e+02 5.08166445e-01 9.65569038e-01 2.00327890e-01]
2025-07-12 20:17:19,274 - pyswarms.single.global_best - INFO - Optimize for 15 iters with {'c1': 0.5, 'c2': 0.5, 'w': 0.5}
2025-07-12 20:20:11,494 - pyswarms.single.global_best - INFO - Optimization finished | best cost: 0.3161155243032049, best pos: [35.42174494  0.676692    0.59692508  0.60368045]
2025-07-12 20:22:57,667 - pyswarms.single.global_best - INFO - Optimize for 15 iters with {'c1': 0.5, 'c2': 0.5, 'w': 0.5}
2025-07-12 20:25:37,249 - pyswarms.single.global_best - INFO - Optimization finished | best cost: 0.39265658249245666, best pos: [51.26614118  0.32335022  0.49861619  0.46935012]
2025-07-12 20:29:36,507 - pyswarms.single.global_best - INFO - Optimize for 15 iters with {'c1': 0.5, 'c2': 0.5, 'w': 0.5}
2025-07-12 20:59:38,373 - pyswarms.single.global_best - INFO - Optimization finished | best cost: 0.3365379748523543, best pos: [1.97572607e+02 3.38047261e-01 7.87698440e-01 1.27139114e-01]
2025-07-13 16:36:59,513 - pyswarms.single.global_best - INFO - Optimize for 15 iters with {'c1': 0.5, 'c2': 0.5, 'w': 0.5}
2025-07-13 16:40:15,124 - pyswarms.single.global_best - INFO - Optimize for 15 iters with {'c1': 0.5, 'c2': 0.5, 'w': 0.5}
2025-07-13 16:42:49,658 - pyswarms.single.global_best - INFO - Optimization finished | best cost: 0.6007496531304283, best pos: [121.39860135   0.60442339   0.69370115]
2025-07-13 16:54:13,813 - pyswarms.single.global_best - INFO - Optimize for 15 iters with {'c1': 0.5, 'c2': 0.5, 'w': 0.5}
2025-07-13 16:56:28,441 - pyswarms.single.global_best - INFO - Optimization finished | best cost: 0.8075811476073652, best pos: [227.65135858   0.32408495   0.44164208]
2025-07-13 16:58:26,952 - pyswarms.single.global_best - INFO - Optimize for 15 iters with {'c1': 0.5, 'c2': 0.5, 'w': 0.5}
2025-07-13 17:01:03,374 - pyswarms.single.global_best - INFO - Optimization finished | best cost: 0.4585568239490514, best pos: [107.07082094   0.44107212   0.49980963]
2025-07-13 17:03:04,875 - pyswarms.single.global_best - INFO - Optimize for 15 iters with {'c1': 0.5, 'c2': 0.5, 'w': 0.5}
2025-07-13 17:05:18,714 - pyswarms.single.global_best - INFO - Optimization finished | best cost: 0.3837641860915791, best pos: [38.52622608  0.63183158  0.6807503 ]
2025-07-13 17:07:07,764 - pyswarms.single.global_best - INFO - Optimize for 15 iters with {'c1': 0.5, 'c2': 0.5, 'w': 0.5}
2025-07-13 17:09:17,581 - pyswarms.single.global_best - INFO - Optimization finished | best cost: 0.3810978495984084, best pos: [25.22587534  0.58924094  0.48056914]
2025-07-13 17:11:36,177 - pyswarms.single.global_best - INFO - Optimize for 15 iters with {'c1': 0.5, 'c2': 0.5, 'w': 0.5}
2025-07-13 17:13:49,421 - pyswarms.single.global_best - INFO - Optimization finished | best cost: 0.38202346635902046, best pos: [157.60023982   0.20019843   0.79855255]
2025-07-13 17:15:27,943 - pyswarms.single.global_best - INFO - Optimize for 15 iters with {'c1': 0.5, 'c2': 0.5, 'w': 0.5}
2025-07-13 17:17:24,597 - pyswarms.single.global_best - INFO - Optimization finished | best cost: 0.3899942016132636, best pos: [45.24121529  0.46504768  0.23701819]
2025-07-13 17:20:07,618 - pyswarms.single.global_best - INFO - Optimize for 15 iters with {'c1': 0.5, 'c2': 0.5, 'w': 0.5}
2025-07-13 17:22:19,980 - pyswarms.single.global_best - INFO - Optimization finished | best cost: 0.4965989038053595, best pos: [53.66134016  0.45214667  0.35282161]
2025-07-13 18:31:28,921 - pyswarms.single.global_best - INFO - Optimize for 15 iters with {'c1': 0.5, 'c2': 0.5, 'w': 0.5}
2025-07-13 18:34:08,911 - pyswarms.single.global_best - INFO - Optimization finished | best cost: 0.4982734132063408, best pos: [121.86801439   0.3306797    0.27342131]
2025-07-13 18:35:41,704 - pyswarms.single.global_best - INFO - Optimize for 15 iters with {'c1': 0.5, 'c2': 0.5, 'w': 0.5}
2025-07-13 18:37:45,124 - pyswarms.single.global_best - INFO - Optimization finished | best cost: 0.45526919361351426, best pos: [107.35334699   0.43345165   0.61893573]
2025-07-13 18:39:28,379 - pyswarms.single.global_best - INFO - Optimize for 15 iters with {'c1': 0.5, 'c2': 0.5, 'w': 0.5}
2025-07-13 18:41:17,371 - pyswarms.single.global_best - INFO - Optimization finished | best cost: 0.3855464927889256, best pos: [38.27287879  0.60099244  0.66055616]
2025-07-13 18:42:53,341 - pyswarms.single.global_best - INFO - Optimize for 15 iters with {'c1': 0.5, 'c2': 0.5, 'w': 0.5}
2025-07-13 18:44:54,677 - pyswarms.single.global_best - INFO - Optimization finished | best cost: 0.3794901395882841, best pos: [25.71765241  0.20499298  0.40096507]
2025-07-13 18:46:39,270 - pyswarms.single.global_best - INFO - Optimize for 15 iters with {'c1': 0.5, 'c2': 0.5, 'w': 0.5}
2025-07-13 18:49:07,154 - pyswarms.single.global_best - INFO - Optimization finished | best cost: 0.4843788858017124, best pos: [1.67941153e+02 6.17415401e-01 1.08095392e-01]
2025-07-13 18:50:45,204 - pyswarms.single.global_best - INFO - Optimize for 15 iters with {'c1': 0.5, 'c2': 0.5, 'w': 0.5}
2025-07-13 18:52:49,978 - pyswarms.single.global_best - INFO - Optimization finished | best cost: 0.39247315519134396, best pos: [45.76697919  0.14805626  0.23682319]
2025-07-13 18:54:29,981 - pyswarms.single.global_best - INFO - Optimize for 15 iters with {'c1': 0.5, 'c2': 0.5, 'w': 0.5}
2025-07-13 18:56:25,235 - pyswarms.single.global_best - INFO - Optimization finished | best cost: 0.49329335606041774, best pos: [53.31633396  0.33502582  0.43358035]
2025-07-13 18:58:05,643 - pyswarms.single.global_best - INFO - Optimize for 15 iters with {'c1': 0.5, 'c2': 0.5, 'w': 0.5}
2025-07-13 19:00:40,215 - pyswarms.single.global_best - INFO - Optimization finished | best cost: 0.48075941432877933, best pos: [46.88987015  0.60898082  0.61342291]
2025-07-13 19:02:43,954 - pyswarms.single.global_best - INFO - Optimize for 15 iters with {'c1': 0.5, 'c2': 0.5, 'w': 0.5}
2025-07-13 19:04:48,605 - pyswarms.single.global_best - INFO - Optimization finished | best cost: 1.7449943495676747, best pos: [236.43281679   0.47556078   0.65356558]
2025-07-13 19:06:25,907 - pyswarms.single.global_best - INFO - Optimize for 15 iters with {'c1': 0.5, 'c2': 0.5, 'w': 0.5}
2025-07-13 19:10:38,308 - pyswarms.single.global_best - INFO - Optimization finished | best cost: 0.6773570019546484, best pos: [103.64557123   0.39889158   0.12816755]
2025-07-13 19:41:16,845 - pyswarms.single.global_best - INFO - Optimize for 15 iters with {'c1': 0.5, 'c2': 0.5, 'w': 0.5}
2025-07-13 20:01:00,704 - pyswarms.single.global_best - INFO - Optimization finished | best cost: 0.3966884911060333, best pos: [302.95990208 199.91547199  13.62533761  12.32858524]
2025-07-13 20:09:48,034 - pyswarms.single.global_best - INFO - Optimize for 15 iters with {'c1': 0.5, 'c2': 0.5, 'w': 0.5}
2025-07-13 20:21:57,925 - pyswarms.single.global_best - INFO - Optimization finished | best cost: 0.39836615324020386, best pos: [190.56717495 129.88450554  39.5376973   20.90814256]
2025-07-13 20:44:20,044 - pyswarms.single.global_best - INFO - Optimize for 15 iters with {'c1': 0.5, 'c2': 0.5, 'w': 0.5}
2025-07-13 21:01:04,671 - pyswarms.single.global_best - INFO - Optimization finished | best cost: 0.39620932936668396, best pos: [177.34235579  43.14533019   5.3515071    7.26097909]
2025-07-13 21:12:01,167 - pyswarms.single.global_best - INFO - Optimize for 15 iters with {'c1': 0.5, 'c2': 0.5, 'w': 0.5}
2025-07-13 21:28:46,220 - pyswarms.single.global_best - INFO - Optimization finished | best cost: 0.3850741982460022, best pos: [ 10.12776492 172.21355403  25.22769132  18.59185111]
2025-07-13 21:35:07,365 - pyswarms.single.global_best - INFO - Optimize for 15 iters with {'c1': 0.5, 'c2': 0.5, 'w': 0.5}
2025-07-13 22:07:23,572 - pyswarms.single.global_best - INFO - Optimization finished | best cost: 0.3888343274593353, best pos: [336.80647981 197.37466204   6.48580706   2.98592442]
2025-07-13 22:28:17,181 - pyswarms.single.global_best - INFO - Optimize for 15 iters with {'c1': 0.5, 'c2': 0.5, 'w': 0.5}
2025-07-13 22:44:14,960 - pyswarms.single.global_best - INFO - Optimization finished | best cost: 0.4017181992530823, best pos: [215.5996064  306.46635788  13.12024657  14.75275634]
2025-07-13 23:14:10,126 - pyswarms.single.global_best - INFO - Optimize for 15 iters with {'c1': 0.5, 'c2': 0.5, 'w': 0.5}
2025-07-13 23:24:38,240 - pyswarms.single.global_best - INFO - Optimization finished | best cost: 0.3669581413269043, best pos: [ 21.4001612  180.43401528  28.17722448   5.32643055]
2025-07-13 23:34:02,293 - pyswarms.single.global_best - INFO - Optimize for 15 iters with {'c1': 0.5, 'c2': 0.5, 'w': 0.5}
2025-07-13 23:44:34,930 - pyswarms.single.global_best - INFO - Optimization finished | best cost: 0.3946874439716339, best pos: [ 65.86829012 332.92716232  19.84876862   6.4541888 ]
2025-07-13 23:55:44,100 - pyswarms.single.global_best - INFO - Optimize for 15 iters with {'c1': 0.5, 'c2': 0.5, 'w': 0.5}
2025-07-14 00:27:26,998 - pyswarms.single.global_best - INFO - Optimization finished | best cost: 0.3936936557292938, best pos: [236.61774798 139.43687263   6.14502436   3.01622095]
2025-07-14 00:38:54,421 - pyswarms.single.global_best - INFO - Optimize for 15 iters with {'c1': 0.5, 'c2': 0.5, 'w': 0.5}
2025-07-14 00:47:31,485 - pyswarms.single.global_best - INFO - Optimization finished | best cost: 0.39610755443573, best pos: [ 93.94933699 370.09183887   6.31290393   7.10223235]
2025-07-14 00:55:04,343 - pyswarms.single.global_best - INFO - Optimize for 15 iters with {'c1': 0.5, 'c2': 0.5, 'w': 0.5}
2025-07-14 01:12:13,354 - pyswarms.single.global_best - INFO - Optimization finished | best cost: 0.3684116005897522, best pos: [337.23752282 195.89995802   0.82582276   0.8060622    0.47103146]
2025-07-14 01:33:24,893 - pyswarms.single.global_best - INFO - Optimize for 15 iters with {'c1': 0.5, 'c2': 0.5, 'w': 0.5}
2025-07-14 01:47:53,981 - pyswarms.single.global_best - INFO - Optimization finished | best cost: 0.3698408603668213, best pos: [2.81971439e+02 2.92434421e+02 2.51140775e-01 8.62948532e-01
 4.70300462e-01]
2025-07-14 02:06:19,405 - pyswarms.single.global_best - INFO - Optimize for 15 iters with {'c1': 0.5, 'c2': 0.5, 'w': 0.5}
2025-07-14 02:19:17,265 - pyswarms.single.global_best - INFO - Optimization finished | best cost: 0.37059080600738525, best pos: [171.48542834 192.11153654   0.8890051    0.74028393   0.47312566]
2025-07-14 02:32:56,084 - pyswarms.single.global_best - INFO - Optimize for 15 iters with {'c1': 0.5, 'c2': 0.5, 'w': 0.5}
2025-07-14 02:48:39,039 - pyswarms.single.global_best - INFO - Optimization finished | best cost: 0.3717263340950012, best pos: [301.39110358 130.92827421   0.92059979   0.44981841   0.52444016]
2025-07-14 02:58:19,458 - pyswarms.single.global_best - INFO - Optimize for 15 iters with {'c1': 0.5, 'c2': 0.5, 'w': 0.5}
2025-07-14 03:05:40,690 - pyswarms.single.global_best - INFO - Optimization finished | best cost: 0.3699491322040558, best pos: [1.07645906e+02 2.48097047e+02 9.47546542e-01 2.35318782e-01
 3.93020868e-01]
2025-07-14 03:12:33,779 - pyswarms.single.global_best - INFO - Optimize for 15 iters with {'c1': 0.5, 'c2': 0.5, 'w': 0.5}
2025-07-14 03:28:11,935 - pyswarms.single.global_best - INFO - Optimization finished | best cost: 0.36994677782058716, best pos: [377.10680984 279.43396562   0.57772402   0.72750279   0.47277796]
2025-07-14 03:42:17,227 - pyswarms.single.global_best - INFO - Optimize for 15 iters with {'c1': 0.5, 'c2': 0.5, 'w': 0.5}
2025-07-14 03:55:27,606 - pyswarms.single.global_best - INFO - Optimization finished | best cost: 0.3688928484916687, best pos: [254.00846433 121.09528769   0.6406039    0.80751171   0.4716135 ]
2025-07-14 04:05:54,299 - pyswarms.single.global_best - INFO - Optimize for 15 iters with {'c1': 0.5, 'c2': 0.5, 'w': 0.5}
2025-07-14 04:13:20,583 - pyswarms.single.global_best - INFO - Optimization finished | best cost: 0.37034690380096436, best pos: [ 36.48924276 243.29913922   0.62586294   0.85813876   0.4859181 ]
2025-07-14 04:35:33,165 - pyswarms.single.global_best - INFO - Optimize for 15 iters with {'c1': 0.5, 'c2': 0.5, 'w': 0.5}
2025-07-14 04:47:18,551 - pyswarms.single.global_best - INFO - Optimization finished | best cost: 0.36846011877059937, best pos: [183.90978242 112.35954402   0.22194416   0.83054537   0.46909901]
2025-07-14 05:12:35,643 - pyswarms.single.global_best - INFO - Optimize for 15 iters with {'c1': 0.5, 'c2': 0.5, 'w': 0.5}
2025-07-14 05:22:34,527 - pyswarms.single.global_best - INFO - Optimization finished | best cost: 0.37245312333106995, best pos: [122.50872572 150.41414421   0.77266817   0.4747735    0.51278326]
2025-07-15 14:48:55,476 - pyswarms.single.global_best - INFO - Optimize for 15 iters with {'c1': 0.5, 'c2': 0.5, 'w': 0.5}
2025-07-15 14:51:40,913 - pyswarms.single.global_best - INFO - Optimization finished | best cost: 0.40381261706352234, best pos: [327.7559721    0.44593742   1.61828999]
2025-07-27 12:24:55,254 - pyswarms.single.global_best - INFO - Optimize for 15 iters with {'c1': 0.5, 'c2': 0.5, 'w': 0.5}
2025-07-27 12:27:26,792 - pyswarms.single.global_best - INFO - Optimization finished | best cost: 0.4982734132063408, best pos: [121.86801439   0.3306797    0.27342131]
2025-07-27 12:29:29,991 - pyswarms.single.global_best - INFO - Optimize for 15 iters with {'c1': 0.5, 'c2': 0.5, 'w': 0.5}
2025-07-27 12:32:06,421 - pyswarms.single.global_best - INFO - Optimization finished | best cost: 0.45526919361351426, best pos: [107.35334699   0.43345165   0.61893573]
2025-07-27 12:34:03,116 - pyswarms.single.global_best - INFO - Optimize for 15 iters with {'c1': 0.5, 'c2': 0.5, 'w': 0.5}
2025-07-27 12:36:53,791 - pyswarms.single.global_best - INFO - Optimization finished | best cost: 0.3855464927889256, best pos: [38.27287879  0.60099244  0.66055616]
2025-07-27 12:40:17,381 - pyswarms.single.global_best - INFO - Optimize for 15 iters with {'c1': 0.5, 'c2': 0.5, 'w': 0.5}
2025-07-27 12:43:14,939 - pyswarms.single.global_best - INFO - Optimization finished | best cost: 0.3794901395882841, best pos: [25.71765241  0.20499298  0.40096507]
2025-07-27 12:50:57,641 - pyswarms.single.global_best - INFO - Optimize for 15 iters with {'c1': 0.5, 'c2': 0.5, 'w': 0.5}
2025-07-27 13:01:52,034 - pyswarms.single.global_best - INFO - Optimization finished | best cost: 0.4843788858017124, best pos: [1.67941153e+02 6.17415401e-01 1.08095392e-01]
2025-07-27 13:04:48,332 - pyswarms.single.global_best - INFO - Optimize for 15 iters with {'c1': 0.5, 'c2': 0.5, 'w': 0.5}
2025-07-27 13:07:08,150 - pyswarms.single.global_best - INFO - Optimization finished | best cost: 0.39247315519134396, best pos: [45.76697919  0.14805626  0.23682319]
2025-07-27 13:09:52,428 - pyswarms.single.global_best - INFO - Optimize for 15 iters with {'c1': 0.5, 'c2': 0.5, 'w': 0.5}
2025-07-27 13:12:22,293 - pyswarms.single.global_best - INFO - Optimization finished | best cost: 0.49329335606041774, best pos: [53.31633396  0.33502582  0.43358035]
2025-07-27 13:14:27,775 - pyswarms.single.global_best - INFO - Optimize for 15 iters with {'c1': 0.5, 'c2': 0.5, 'w': 0.5}
2025-07-27 13:17:03,585 - pyswarms.single.global_best - INFO - Optimization finished | best cost: 0.48075941432877933, best pos: [46.88987015  0.60898082  0.61342291]
2025-07-27 13:19:08,486 - pyswarms.single.global_best - INFO - Optimize for 15 iters with {'c1': 0.5, 'c2': 0.5, 'w': 0.5}
2025-07-27 13:22:30,506 - pyswarms.single.global_best - INFO - Optimization finished | best cost: 1.7449943495676747, best pos: [236.43281679   0.47556078   0.65356558]
2025-07-27 13:24:33,615 - pyswarms.single.global_best - INFO - Optimize for 15 iters with {'c1': 0.5, 'c2': 0.5, 'w': 0.5}
2025-07-27 13:26:57,767 - pyswarms.single.global_best - INFO - Optimization finished | best cost: 0.6773570019546484, best pos: [103.64557123   0.39889158   0.12816755]
2025-07-27 18:09:25,328 - pyswarms.single.global_best - INFO - Optimize for 15 iters with {'c1': 0.5, 'c2': 0.5, 'w': 0.5}
2025-07-27 18:11:08,336 - pyswarms.single.global_best - INFO - Optimize for 3 iters with {'c1': 0.5, 'c2': 0.5, 'w': 0.5}
2025-07-27 18:13:32,329 - pyswarms.single.global_best - INFO - Optimize for 3 iters with {'c1': 0.5, 'c2': 0.5, 'w': 0.5}
2025-07-27 18:15:34,698 - pyswarms.single.global_best - INFO - Optimize for 3 iters with {'c1': 0.5, 'c2': 0.5, 'w': 0.5}
2025-07-27 18:15:41,676 - pyswarms.single.global_best - INFO - Optimization finished | best cost: -0.10416666666666666, best pos: [1.51132056e+02 3.51058980e-02 3.42023301e+00]
2025-07-27 18:17:06,157 - pyswarms.single.global_best - INFO - Optimize for 3 iters with {'c1': 0.5, 'c2': 0.5, 'w': 0.5}
2025-07-27 18:17:32,801 - pyswarms.single.global_best - INFO - Optimize for 3 iters with {'c1': 0.5, 'c2': 0.5, 'w': 0.5}
2025-07-27 23:51:11,941 - pyswarms.single.global_best - INFO - Optimize for 15 iters with {'c1': 0.5, 'c2': 0.5, 'w': 0.5}
2025-07-28 11:29:45,522 - pyswarms.single.global_best - INFO - Optimize for 15 iters with {'c1': 0.5, 'c2': 0.5, 'w': 0.5}
2025-07-28 16:30:19,980 - pyswarms.single.global_best - INFO - Optimize for 1 iters with {'c1': 0.5, 'c2': 0.5, 'w': 0.5}
2025-07-28 16:32:18,743 - pyswarms.single.global_best - INFO - Optimize for 1 iters with {'c1': 0.5, 'c2': 0.5, 'w': 0.5}
2025-07-28 16:32:28,989 - pyswarms.single.global_best - INFO - Optimize for 1 iters with {'c1': 0.5, 'c2': 0.5, 'w': 0.5}
2025-07-28 16:32:45,071 - pyswarms.single.global_best - INFO - Optimize for 1 iters with {'c1': 0.5, 'c2': 0.5, 'w': 0.5}
2025-07-28 16:34:54,604 - pyswarms.single.global_best - INFO - Optimize for 1 iters with {'c1': 0.5, 'c2': 0.5, 'w': 0.5}
2025-07-28 16:37:15,040 - pyswarms.single.global_best - INFO - Optimize for 1 iters with {'c1': 0.5, 'c2': 0.5, 'w': 0.5}
2025-07-28 16:40:15,155 - pyswarms.single.global_best - INFO - Optimize for 1 iters with {'c1': 0.5, 'c2': 0.5, 'w': 0.5}
2025-07-28 16:44:53,182 - pyswarms.single.global_best - INFO - Optimize for 1 iters with {'c1': 0.5, 'c2': 0.5, 'w': 0.5}
2025-07-28 16:47:06,886 - pyswarms.single.global_best - INFO - Optimize for 1 iters with {'c1': 0.5, 'c2': 0.5, 'w': 0.5}
2025-07-28 16:49:37,540 - pyswarms.single.global_best - INFO - Optimize for 1 iters with {'c1': 0.5, 'c2': 0.5, 'w': 0.5}
2025-07-28 16:51:43,212 - pyswarms.single.global_best - INFO - Optimize for 1 iters with {'c1': 0.5, 'c2': 0.5, 'w': 0.5}
2025-07-28 16:52:01,315 - pyswarms.single.global_best - INFO - Optimize for 1 iters with {'c1': 0.5, 'c2': 0.5, 'w': 0.5}
2025-07-28 16:52:59,118 - pyswarms.single.global_best - INFO - Optimize for 1 iters with {'c1': 0.5, 'c2': 0.5, 'w': 0.5}
2025-07-28 16:53:21,682 - pyswarms.single.global_best - INFO - Optimize for 1 iters with {'c1': 0.5, 'c2': 0.5, 'w': 0.5}
2025-07-28 16:57:06,488 - pyswarms.single.global_best - INFO - Optimize for 1 iters with {'c1': 0.5, 'c2': 0.5, 'w': 0.5}
2025-07-28 16:57:13,661 - pyswarms.single.global_best - INFO - Optimize for 1 iters with {'c1': 0.5, 'c2': 0.5, 'w': 0.5}
2025-07-28 16:57:40,596 - pyswarms.single.global_best - INFO - Optimize for 1 iters with {'c1': 0.5, 'c2': 0.5, 'w': 0.5}
2025-07-28 17:03:34,692 - pyswarms.single.global_best - INFO - Optimize for 1 iters with {'c1': 0.5, 'c2': 0.5, 'w': 0.5}
2025-07-28 17:03:35,488 - pyswarms.single.global_best - INFO - Optimization finished | best cost: -0.08333333333333333, best pos: [25.87675366  0.31835837  0.18727263]
2025-07-28 17:03:35,524 - pyswarms.single.global_best - INFO - Optimize for 1 iters with {'c1': 0.5, 'c2': 0.5, 'w': 0.5}
2025-07-28 17:03:36,273 - pyswarms.single.global_best - INFO - Optimization finished | best cost: -0.03125, best pos: [25.87675366  0.39719446  0.93252879]
2025-07-28 17:03:36,288 - pyswarms.single.global_best - INFO - Optimize for 1 iters with {'c1': 0.5, 'c2': 0.5, 'w': 0.5}
2025-07-28 17:03:43,926 - pyswarms.single.global_best - INFO - Optimization finished | best cost: -0.0625, best pos: [100.92155697 338.27888246  11.93995253  37.63853761]
2025-07-28 17:03:43,943 - pyswarms.single.global_best - INFO - Optimize for 1 iters with {'c1': 0.5, 'c2': 0.5, 'w': 0.5}
2025-07-28 17:03:54,457 - pyswarms.single.global_best - INFO - Optimization finished | best cost: -0.17708333333333334, best pos: [9.07621143e+01 2.99563118e+02 7.84308256e-01 1.82256520e-01
 7.43539415e-01]
2025-07-28 20:41:32,623 - pyswarms.single.global_best - INFO - Optimize for 15 iters with {'c1': 0.5, 'c2': 0.5, 'w': 0.5}
2025-07-28 20:53:33,193 - pyswarms.single.global_best - INFO - Optimize for 1 iters with {'c1': 0.5, 'c2': 0.5, 'w': 0.5}
2025-07-28 20:53:33,525 - pyswarms.single.global_best - INFO - Optimization finished | best cost: 241.38811759048986, best pos: [25.87675366  0.31835837  0.18727263]
2025-07-28 20:53:33,562 - pyswarms.single.global_best - INFO - Optimize for 1 iters with {'c1': 0.5, 'c2': 0.5, 'w': 0.5}
2025-07-28 20:53:33,706 - pyswarms.single.global_best - INFO - Optimization finished | best cost: 73.46031188964844, best pos: [25.87675366  0.39719446  0.93252879]
2025-07-28 20:53:33,717 - pyswarms.single.global_best - INFO - Optimize for 1 iters with {'c1': 0.5, 'c2': 0.5, 'w': 0.5}
2025-07-28 20:53:34,189 - pyswarms.single.global_best - INFO - Optimization finished | best cost: 0.5614816143786913, best pos: [100.92155697 338.27888246  11.93995253  37.63853761]
2025-07-28 20:53:34,201 - pyswarms.single.global_best - INFO - Optimize for 1 iters with {'c1': 0.5, 'c2': 0.5, 'w': 0.5}
2025-07-28 20:53:35,283 - pyswarms.single.global_best - INFO - Optimization finished | best cost: 0.548207700252533, best pos: [9.07621143e+01 2.99563118e+02 7.84308256e-01 1.82256520e-01
 7.43539415e-01]
2025-07-28 20:55:05,947 - pyswarms.single.global_best - INFO - Optimize for 15 iters with {'c1': 0.5, 'c2': 0.5, 'w': 0.5}
2025-07-28 20:55:44,066 - pyswarms.single.global_best - INFO - Optimization finished | best cost: 8.298275526204755, best pos: [255.7891523    0.29754432   0.68521905]
2025-07-28 20:55:44,081 - pyswarms.single.global_best - INFO - Optimize for 15 iters with {'c1': 0.5, 'c2': 0.5, 'w': 0.5}
2025-07-28 20:57:03,574 - pyswarms.single.global_best - INFO - Optimization finished | best cost: 0.5426434874534607, best pos: [59.74716163  0.48161825  2.87939914]
2025-07-28 20:57:03,582 - pyswarms.single.global_best - INFO - Optimize for 15 iters with {'c1': 0.5, 'c2': 0.5, 'w': 0.5}
2025-07-28 20:59:27,753 - pyswarms.single.global_best - INFO - Optimization finished | best cost: 0.43919483060634484, best pos: [187.4968486  242.87424926  41.08197498  17.58001274]
2025-07-28 20:59:27,766 - pyswarms.single.global_best - INFO - Optimize for 15 iters with {'c1': 0.5, 'c2': 0.5, 'w': 0.5}
2025-07-28 21:08:50,540 - pyswarms.single.global_best - INFO - Optimization finished | best cost: 0.5133042931556702, best pos: [190.17630481  51.71804466   0.43122208   0.6688824    0.52345977]
2025-07-28 22:04:24,050 - pyswarms.single.global_best - INFO - Optimize for 15 iters with {'c1': 0.5, 'c2': 0.5, 'w': 0.5}
2025-07-28 22:25:27,559 - pyswarms.single.global_best - INFO - Optimization finished | best cost: 11.421112455493299, best pos: [3.44001133e+02 3.31761536e-01 3.45714206e-01]
2025-07-28 22:25:27,594 - pyswarms.single.global_best - INFO - Optimize for 15 iters with {'c1': 0.5, 'c2': 0.5, 'w': 0.5}
2025-07-28 22:27:07,282 - pyswarms.single.global_best - INFO - Optimization finished | best cost: 0.6233800649642944, best pos: [31.35932805  0.14935692  1.41723473]
2025-07-28 22:27:07,297 - pyswarms.single.global_best - INFO - Optimize for 15 iters with {'c1': 0.5, 'c2': 0.5, 'w': 0.5}
2025-07-28 22:30:27,642 - pyswarms.single.global_best - INFO - Optimization finished | best cost: 0.44795717597320983, best pos: [142.03403784 198.4273392   37.27686796  17.46243066]
2025-07-28 22:30:27,661 - pyswarms.single.global_best - INFO - Optimize for 15 iters with {'c1': 0.5, 'c2': 0.5, 'w': 0.5}
2025-07-28 23:26:30,902 - pyswarms.single.global_best - INFO - Optimization finished | best cost: 0.5130923986434937, best pos: [ 64.95588588 266.69978979   0.63553968   0.65264136   0.52393502]
2025-07-29 00:35:44,035 - pyswarms.single.global_best - INFO - Optimize for 15 iters with {'c1': 0.5, 'c2': 0.5, 'w': 0.5}
2025-07-29 00:43:43,790 - pyswarms.single.global_best - INFO - Optimization finished | best cost: 10.425324394547754, best pos: [1.78722570e+02 7.36584535e-01 3.46825655e-02]
2025-07-29 00:43:43,833 - pyswarms.single.global_best - INFO - Optimize for 15 iters with {'c1': 0.5, 'c2': 0.5, 'w': 0.5}
2025-07-29 00:45:13,775 - pyswarms.single.global_best - INFO - Optimization finished | best cost: 0.6339589357376099, best pos: [58.84744113  0.25516379  1.55462295]
2025-07-29 00:45:13,786 - pyswarms.single.global_best - INFO - Optimize for 15 iters with {'c1': 0.5, 'c2': 0.5, 'w': 0.5}
2025-07-29 00:47:44,720 - pyswarms.single.global_best - INFO - Optimization finished | best cost: 0.45437319835096146, best pos: [113.40924215 266.54322636  16.1321323   18.99279547]
2025-07-29 00:47:44,737 - pyswarms.single.global_best - INFO - Optimize for 15 iters with {'c1': 0.5, 'c2': 0.5, 'w': 0.5}
2025-07-29 02:06:05,130 - pyswarms.single.global_best - INFO - Optimization finished | best cost: 0.5148943066596985, best pos: [174.42103094 199.44526065   0.62064654   0.61939563   0.36623835]
2025-07-29 02:14:10,705 - pyswarms.single.global_best - INFO - Optimize for 15 iters with {'c1': 0.5, 'c2': 0.5, 'w': 0.5}
2025-07-29 02:14:52,543 - pyswarms.single.global_best - INFO - Optimization finished | best cost: 12.780442776489782, best pos: [241.48054156   0.51282512   0.50236246]
2025-07-29 02:14:52,575 - pyswarms.single.global_best - INFO - Optimize for 15 iters with {'c1': 0.5, 'c2': 0.5, 'w': 0.5}
2025-07-29 02:16:33,253 - pyswarms.single.global_best - INFO - Optimization finished | best cost: 0.5551100969314575, best pos: [217.83653832   0.38509925   2.10124548]
2025-07-29 02:16:33,263 - pyswarms.single.global_best - INFO - Optimize for 15 iters with {'c1': 0.5, 'c2': 0.5, 'w': 0.5}
2025-07-29 02:20:59,329 - pyswarms.single.global_best - INFO - Optimization finished | best cost: 0.46025147501701485, best pos: [357.50351412 248.46607615  15.27432466  23.86442484]
2025-07-29 02:20:59,336 - pyswarms.single.global_best - INFO - Optimize for 15 iters with {'c1': 0.5, 'c2': 0.5, 'w': 0.5}
2025-07-29 02:22:50,116 - pyswarms.single.global_best - INFO - Optimization finished | best cost: 0.5154135227203369, best pos: [253.20298047 138.45342129   0.7428663    0.89229261   0.34440504]
2025-07-29 02:29:15,453 - pyswarms.single.global_best - INFO - Optimize for 15 iters with {'c1': 0.5, 'c2': 0.5, 'w': 0.5}
2025-07-29 02:30:02,340 - pyswarms.single.global_best - INFO - Optimization finished | best cost: 12.201186038554429, best pos: [228.67256163   0.28209875   0.2910333 ]
2025-07-29 02:30:02,386 - pyswarms.single.global_best - INFO - Optimize for 15 iters with {'c1': 0.5, 'c2': 0.5, 'w': 0.5}
2025-07-29 02:31:33,776 - pyswarms.single.global_best - INFO - Optimization finished | best cost: 0.5748437643051147, best pos: [123.27925753   0.81291062   2.26218144]
2025-07-29 02:31:33,786 - pyswarms.single.global_best - INFO - Optimize for 15 iters with {'c1': 0.5, 'c2': 0.5, 'w': 0.5}
2025-07-29 02:35:35,063 - pyswarms.single.global_best - INFO - Optimization finished | best cost: 0.45206857030972064, best pos: [295.7923753  198.53769148  17.64235541  19.36612003]
2025-07-29 02:35:35,071 - pyswarms.single.global_best - INFO - Optimize for 15 iters with {'c1': 0.5, 'c2': 0.5, 'w': 0.5}
2025-07-29 02:36:33,452 - pyswarms.single.global_best - INFO - Optimization finished | best cost: 0.5149407386779785, best pos: [ 99.8646114  121.42978965   0.33485914   0.60550716   0.52755237]
2025-07-29 02:42:57,149 - pyswarms.single.global_best - INFO - Optimize for 15 iters with {'c1': 0.5, 'c2': 0.5, 'w': 0.5}
2025-07-29 02:43:41,275 - pyswarms.single.global_best - INFO - Optimization finished | best cost: 13.277611701749336, best pos: [220.80692271   0.60591206   0.32780782]
2025-07-29 02:43:41,299 - pyswarms.single.global_best - INFO - Optimize for 15 iters with {'c1': 0.5, 'c2': 0.5, 'w': 0.5}
2025-07-29 02:45:15,641 - pyswarms.single.global_best - INFO - Optimization finished | best cost: 0.5962764620780945, best pos: [215.94990318   0.64050889   2.40250764]
2025-07-29 02:45:15,649 - pyswarms.single.global_best - INFO - Optimize for 15 iters with {'c1': 0.5, 'c2': 0.5, 'w': 0.5}
2025-07-29 02:47:32,820 - pyswarms.single.global_best - INFO - Optimization finished | best cost: 0.45127576128655644, best pos: [132.45518582 313.06250892  18.82463693  20.47408278]
2025-07-29 02:47:32,829 - pyswarms.single.global_best - INFO - Optimize for 15 iters with {'c1': 0.5, 'c2': 0.5, 'w': 0.5}
2025-07-29 02:48:56,630 - pyswarms.single.global_best - INFO - Optimization finished | best cost: 0.5146738290786743, best pos: [325.81479218 336.33582921   0.54550988   0.61502798   0.52602346]
2025-07-29 02:52:31,876 - pyswarms.single.global_best - INFO - Optimize for 15 iters with {'c1': 0.5, 'c2': 0.5, 'w': 0.5}
2025-07-29 02:53:11,002 - pyswarms.single.global_best - INFO - Optimization finished | best cost: 7.3580534180632124, best pos: [277.09372762   0.48885294   0.70860141]
2025-07-29 02:53:11,019 - pyswarms.single.global_best - INFO - Optimize for 15 iters with {'c1': 0.5, 'c2': 0.5, 'w': 0.5}
2025-07-29 02:54:36,300 - pyswarms.single.global_best - INFO - Optimization finished | best cost: 0.5170558094978333, best pos: [229.19045901   0.35663904   1.2620671 ]
2025-07-29 02:54:36,309 - pyswarms.single.global_best - INFO - Optimize for 15 iters with {'c1': 0.5, 'c2': 0.5, 'w': 0.5}
2025-07-29 02:55:41,437 - pyswarms.single.global_best - INFO - Optimization finished | best cost: 0.4244908869453455, best pos: [22.09784352 82.2876135  27.45765692 16.11566621]
2025-07-29 02:55:41,444 - pyswarms.single.global_best - INFO - Optimize for 15 iters with {'c1': 0.5, 'c2': 0.5, 'w': 0.5}
2025-07-29 02:56:31,553 - pyswarms.single.global_best - INFO - Optimization finished | best cost: 0.5173441767692566, best pos: [113.44756404 202.11652481   0.7352327    0.76388284   0.50529477]
2025-07-29 03:00:50,385 - pyswarms.single.global_best - INFO - Optimize for 15 iters with {'c1': 0.5, 'c2': 0.5, 'w': 0.5}
2025-07-29 03:01:30,484 - pyswarms.single.global_best - INFO - Optimization finished | best cost: 11.733777329587976, best pos: [2.51123755e+02 6.46655904e-01 7.79095148e-03]
2025-07-29 03:01:30,499 - pyswarms.single.global_best - INFO - Optimize for 15 iters with {'c1': 0.5, 'c2': 0.5, 'w': 0.5}
2025-07-29 03:03:02,057 - pyswarms.single.global_best - INFO - Optimization finished | best cost: 0.6402689218521118, best pos: [159.20368821   0.29115423   1.45368365]
2025-07-29 03:03:02,064 - pyswarms.single.global_best - INFO - Optimize for 15 iters with {'c1': 0.5, 'c2': 0.5, 'w': 0.5}
2025-07-29 03:04:09,390 - pyswarms.single.global_best - INFO - Optimization finished | best cost: 0.43734076026063373, best pos: [ 44.68627603 367.16184757  36.05025313  20.4650665 ]
2025-07-29 03:04:09,400 - pyswarms.single.global_best - INFO - Optimize for 15 iters with {'c1': 0.5, 'c2': 0.5, 'w': 0.5}
2025-07-29 03:05:17,327 - pyswarms.single.global_best - INFO - Optimization finished | best cost: 0.5178908705711365, best pos: [221.49692388 149.49882725   0.2925595    0.89158654   0.49977078]
2025-07-29 03:11:27,967 - pyswarms.single.global_best - INFO - Optimize for 15 iters with {'c1': 0.5, 'c2': 0.5, 'w': 0.5}
2025-07-29 03:12:31,312 - pyswarms.single.global_best - INFO - Optimization finished | best cost: 9.889313155222013, best pos: [318.40573555   0.69045716   0.59317576]
2025-07-29 03:12:31,342 - pyswarms.single.global_best - INFO - Optimize for 15 iters with {'c1': 0.5, 'c2': 0.5, 'w': 0.5}
2025-07-29 03:13:39,950 - pyswarms.single.global_best - INFO - Optimization finished | best cost: 0.5675244927406311, best pos: [70.29366285  0.57540858  2.57601893]
2025-07-29 03:13:39,960 - pyswarms.single.global_best - INFO - Optimize for 15 iters with {'c1': 0.5, 'c2': 0.5, 'w': 0.5}
2025-07-29 03:15:54,717 - pyswarms.single.global_best - INFO - Optimization finished | best cost: 0.44032603111078733, best pos: [13.01651489 39.72397887 25.65777619 22.84818114]
2025-07-29 03:15:54,724 - pyswarms.single.global_best - INFO - Optimize for 15 iters with {'c1': 0.5, 'c2': 0.5, 'w': 0.5}
2025-07-29 03:17:19,300 - pyswarms.single.global_best - INFO - Optimization finished | best cost: 0.5155802965164185, best pos: [252.08876279 281.71085054   0.61698733   0.58300983   0.36142247]
2025-07-29 03:22:41,774 - pyswarms.single.global_best - INFO - Optimize for 15 iters with {'c1': 0.5, 'c2': 0.5, 'w': 0.5}
2025-07-29 03:23:14,484 - pyswarms.single.global_best - INFO - Optimization finished | best cost: 9.005468805195234, best pos: [216.96292718   0.48107131   0.61601704]
2025-07-29 03:23:14,501 - pyswarms.single.global_best - INFO - Optimize for 15 iters with {'c1': 0.5, 'c2': 0.5, 'w': 0.5}
2025-07-29 03:24:56,863 - pyswarms.single.global_best - INFO - Optimization finished | best cost: 0.5862920880317688, best pos: [187.42332434   0.43132933   2.21665729]
2025-07-29 03:24:56,872 - pyswarms.single.global_best - INFO - Optimize for 15 iters with {'c1': 0.5, 'c2': 0.5, 'w': 0.5}
2025-07-29 03:27:07,604 - pyswarms.single.global_best - INFO - Optimization finished | best cost: 0.4281903972160189, best pos: [21.63355468 86.79790488 33.03652858 17.31551743]
2025-07-29 03:27:07,612 - pyswarms.single.global_best - INFO - Optimize for 15 iters with {'c1': 0.5, 'c2': 0.5, 'w': 0.5}
2025-07-29 03:27:54,638 - pyswarms.single.global_best - INFO - Optimization finished | best cost: 0.5172224044799805, best pos: [ 90.36423079 201.55863885   0.8915567    0.98925168   0.49172078]
2025-07-29 03:32:10,413 - pyswarms.single.global_best - INFO - Optimize for 15 iters with {'c1': 0.5, 'c2': 0.5, 'w': 0.5}
2025-07-29 08:48:51,052 - pyswarms.single.global_best - INFO - Optimize for 15 iters with {'c1': 0.5, 'c2': 0.5, 'w': 0.5}
2025-07-29 10:07:39,776 - pyswarms.single.global_best - INFO - Optimization finished | best cost: 0.4110479950904846, best pos: [142.59397625  28.71409558  60.25453046   6.74629613]
2025-07-29 13:24:11,933 - pyswarms.single.global_best - INFO - Optimize for 15 iters with {'c1': 0.5, 'c2': 0.5, 'w': 0.5}
2025-07-29 16:40:39,471 - pyswarms.single.global_best - INFO - Optimization finished | best cost: 0.5099804401397705, best pos: [148.07810738 177.56361389 356.00495214   6.08742249]
2025-07-29 20:17:39,548 - pyswarms.single.global_best - INFO - Optimize for 15 iters with {'c1': 0.5, 'c2': 0.5, 'w': 0.5}
2025-07-29 22:39:14,065 - pyswarms.single.global_best - INFO - Optimization finished | best cost: 0.4207228124141693, best pos: [135.94852288  61.04547912 332.96947931   6.25070815]
2025-07-30 02:11:53,253 - pyswarms.single.global_best - INFO - Optimize for 15 iters with {'c1': 0.5, 'c2': 0.5, 'w': 0.5}
2025-07-30 06:38:10,789 - pyswarms.single.global_best - INFO - Optimization finished | best cost: 0.4474354386329651, best pos: [350.88375889 249.20211926 115.86351227   2.71655369]
2025-07-30 09:11:42,633 - pyswarms.single.global_best - INFO - Optimize for 15 iters with {'c1': 0.5, 'c2': 0.5, 'w': 0.5}
2025-07-30 11:42:35,058 - pyswarms.single.global_best - INFO - Optimization finished | best cost: 0.4560731053352356, best pos: [ 71.81053674 116.28823986 133.70450819   4.13008907]
2025-07-30 15:27:09,919 - pyswarms.single.global_best - INFO - Optimize for 15 iters with {'c1': 0.5, 'c2': 0.5, 'w': 0.5}
2025-07-30 20:12:14,689 - pyswarms.single.global_best - INFO - Optimization finished | best cost: 0.4720461964607239, best pos: [206.45661777 249.3886757  198.98067878   2.22704691]
2025-07-30 22:32:50,420 - pyswarms.single.global_best - INFO - Optimize for 15 iters with {'c1': 0.5, 'c2': 0.5, 'w': 0.5}
2025-07-31 02:20:03,740 - pyswarms.single.global_best - INFO - Optimization finished | best cost: 0.48111820220947266, best pos: [114.55464997 211.17511493 257.69164389   2.57578472]
2025-07-31 04:25:19,919 - pyswarms.single.global_best - INFO - Optimize for 15 iters with {'c1': 0.5, 'c2': 0.5, 'w': 0.5}
2025-07-31 10:04:34,659 - pyswarms.single.global_best - INFO - Optimization finished | best cost: 0.47673529386520386, best pos: [106.49123539 341.60116851 219.6238369    2.4820731 ]
2025-07-31 11:36:18,840 - pyswarms.single.global_best - INFO - Optimize for 15 iters with {'c1': 0.5, 'c2': 0.5, 'w': 0.5}
2025-07-31 15:22:17,274 - pyswarms.single.global_best - INFO - Optimization finished | best cost: 0.4771497845649719, best pos: [129.8446262  229.11668942 352.9727118    2.60107299]
2025-07-31 18:05:07,976 - pyswarms.single.global_best - INFO - Optimize for 15 iters with {'c1': 0.5, 'c2': 0.5, 'w': 0.5}
2025-07-31 23:06:37,292 - pyswarms.single.global_best - INFO - Optimization finished | best cost: 0.4782450795173645, best pos: [189.56536645 221.26895295 137.15942012   2.9848599 ]
2025-08-01 11:26:01,067 - pyswarms.single.global_best - INFO - Optimize for 15 iters with {'c1': 0.5, 'c2': 0.5, 'w': 0.5}
2025-08-01 14:09:47,713 - pyswarms.single.global_best - INFO - Optimization finished | best cost: -0.25, best pos: [112.2092231   15.7906255  219.75521981   4.3553807 ]
2025-08-01 18:22:08,830 - pyswarms.single.global_best - INFO - Optimize for 15 iters with {'c1': 0.5, 'c2': 0.5, 'w': 0.5}
2025-08-01 23:24:47,040 - pyswarms.single.global_best - INFO - Optimization finished | best cost: -0.24166666666666664, best pos: [ 84.15815253 311.28119601 147.52208624   6.12024452]
2025-08-02 00:51:37,122 - pyswarms.single.global_best - INFO - Optimize for 15 iters with {'c1': 0.5, 'c2': 0.5, 'w': 0.5}
2025-08-02 04:50:26,182 - pyswarms.single.global_best - INFO - Optimization finished | best cost: -0.29166666666666663, best pos: [327.37393391 191.93829393 245.16768862   4.27881831]
2025-08-02 07:24:52,632 - pyswarms.single.global_best - INFO - Optimize for 15 iters with {'c1': 0.5, 'c2': 0.5, 'w': 0.5}
2025-08-02 11:28:23,855 - pyswarms.single.global_best - INFO - Optimization finished | best cost: -0.2833333333333333, best pos: [143.19463071 194.7912358  108.7362687    5.80245514]
2025-08-02 15:34:21,249 - pyswarms.single.global_best - INFO - Optimize for 15 iters with {'c1': 0.5, 'c2': 0.5, 'w': 0.5}
2025-08-02 21:32:36,144 - pyswarms.single.global_best - INFO - Optimization finished | best cost: -0.21666666666666665, best pos: [238.69753187 334.21201733 214.25665699   4.32568951]
2025-08-03 02:20:40,454 - pyswarms.single.global_best - INFO - Optimize for 15 iters with {'c1': 0.5, 'c2': 0.5, 'w': 0.5}
2025-08-03 05:45:13,253 - pyswarms.single.global_best - INFO - Optimization finished | best cost: -0.2166666666666667, best pos: [126.8264013  196.12066512 334.66544747   6.04060351]
2025-08-03 08:51:14,402 - pyswarms.single.global_best - INFO - Optimize for 15 iters with {'c1': 0.5, 'c2': 0.5, 'w': 0.5}
2025-08-03 12:11:25,992 - pyswarms.single.global_best - INFO - Optimization finished | best cost: -0.275, best pos: [276.82104414 161.3839081  163.62116495   1.53979265]
2025-08-03 13:24:51,651 - pyswarms.single.global_best - INFO - Optimize for 15 iters with {'c1': 0.5, 'c2': 0.5, 'w': 0.5}
2025-08-03 18:58:05,655 - pyswarms.single.global_best - INFO - Optimization finished | best cost: -0.2416666666666667, best pos: [ 50.75228214 335.23116128 210.63827461   1.53684948]
2025-08-03 23:23:26,396 - pyswarms.single.global_best - INFO - Optimize for 15 iters with {'c1': 0.5, 'c2': 0.5, 'w': 0.5}
2025-08-04 03:03:20,526 - pyswarms.single.global_best - INFO - Optimization finished | best cost: -0.25, best pos: [134.23506014 189.95125506 164.41952398   4.27282034]
2025-08-04 06:16:44,174 - pyswarms.single.global_best - INFO - Optimize for 15 iters with {'c1': 0.5, 'c2': 0.5, 'w': 0.5}
2025-08-04 11:38:01,980 - pyswarms.single.global_best - INFO - Optimization finished | best cost: -0.275, best pos: [194.18289098 230.91311721  85.04419556   1.47636159]
2025-08-18 01:00:39,633 - pyswarms.single.global_best - INFO - Optimize for 15 iters with {'c1': 0.5, 'c2': 0.5, 'w': 0.5}
2025-08-18 01:01:19,503 - pyswarms.single.global_best - INFO - Optimization finished | best cost: -0.3, best pos: [311.20682991   0.5222301    0.46064297]
2025-08-18 01:01:19,525 - pyswarms.single.global_best - INFO - Optimize for 15 iters with {'c1': 0.5, 'c2': 0.5, 'w': 0.5}
2025-08-18 01:02:45,576 - pyswarms.single.global_best - INFO - Optimization finished | best cost: -0.3416666666666667, best pos: [102.1839081    0.41114669   0.70582362]
2025-08-18 01:02:45,583 - pyswarms.single.global_best - INFO - Optimize for 15 iters with {'c1': 0.5, 'c2': 0.5, 'w': 0.5}
2025-08-18 01:05:25,968 - pyswarms.single.global_best - INFO - Optimization finished | best cost: -0.20833333333333331, best pos: [200.32690821 392.9700126   41.05127808   6.96125857]
2025-08-18 01:05:25,977 - pyswarms.single.global_best - INFO - Optimize for 15 iters with {'c1': 0.5, 'c2': 0.5, 'w': 0.5}
2025-08-18 01:16:22,384 - pyswarms.single.global_best - INFO - Optimization finished | best cost: -0.2166666666666667, best pos: [3.91819156e+02 8.20979380e+01 1.66891247e+00 1.22752179e-02
 3.36661328e-02]
2025-08-18 01:23:08,550 - pyswarms.single.global_best - INFO - Optimize for 15 iters with {'c1': 0.5, 'c2': 0.5, 'w': 0.5}
2025-08-18 01:23:58,366 - pyswarms.single.global_best - INFO - Optimization finished | best cost: -0.275, best pos: [3.70029576e+02 2.44639862e-01 5.10004544e-01]
2025-08-18 01:23:58,384 - pyswarms.single.global_best - INFO - Optimize for 15 iters with {'c1': 0.5, 'c2': 0.5, 'w': 0.5}
2025-08-18 01:25:52,845 - pyswarms.single.global_best - INFO - Optimization finished | best cost: -0.325, best pos: [190.03634838   0.31205032   0.89235052]
2025-08-18 01:25:52,854 - pyswarms.single.global_best - INFO - Optimize for 15 iters with {'c1': 0.5, 'c2': 0.5, 'w': 0.5}
2025-08-18 01:28:32,142 - pyswarms.single.global_best - INFO - Optimization finished | best cost: -0.15000000000000002, best pos: [158.75407702 197.42398702  41.32704266  30.17880222]
2025-08-18 01:28:32,150 - pyswarms.single.global_best - INFO - Optimize for 15 iters with {'c1': 0.5, 'c2': 0.5, 'w': 0.5}
2025-08-18 01:30:47,965 - pyswarms.single.global_best - INFO - Optimization finished | best cost: -0.20833333333333334, best pos: [5.20682104e+01 2.84514655e+02 5.80671029e-01 3.84374342e-01
 1.44898975e-01]
2025-08-18 01:38:19,557 - pyswarms.single.global_best - INFO - Optimize for 15 iters with {'c1': 0.5, 'c2': 0.5, 'w': 0.5}
2025-08-18 01:38:45,774 - pyswarms.single.global_best - INFO - Optimization finished | best cost: -0.2333333333333333, best pos: [174.17737616   0.23394199   0.49902821]
2025-08-18 01:38:45,794 - pyswarms.single.global_best - INFO - Optimize for 15 iters with {'c1': 0.5, 'c2': 0.5, 'w': 0.5}
2025-08-18 01:39:45,614 - pyswarms.single.global_best - INFO - Optimization finished | best cost: -0.31666666666666665, best pos: [59.85862509  0.81717198  0.83996161]
2025-08-18 01:39:45,621 - pyswarms.single.global_best - INFO - Optimize for 15 iters with {'c1': 0.5, 'c2': 0.5, 'w': 0.5}
2025-08-18 01:42:23,075 - pyswarms.single.global_best - INFO - Optimization finished | best cost: -0.1916666666666667, best pos: [164.28911069  55.34573774   5.05749519   6.67722495]
2025-08-18 01:42:23,082 - pyswarms.single.global_best - INFO - Optimize for 15 iters with {'c1': 0.5, 'c2': 0.5, 'w': 0.5}
2025-08-18 01:47:28,280 - pyswarms.single.global_best - INFO - Optimization finished | best cost: -0.20833333333333331, best pos: [1.16983287e+02 3.44863824e+02 1.61198048e+00 8.67616519e-01
 9.22287000e-04]
2025-08-18 01:55:12,347 - pyswarms.single.global_best - INFO - Optimize for 15 iters with {'c1': 0.5, 'c2': 0.5, 'w': 0.5}
2025-08-18 01:55:43,417 - pyswarms.single.global_best - INFO - Optimization finished | best cost: -0.25833333333333336, best pos: [220.53022094   0.55311656   0.47740916]
2025-08-18 01:55:43,445 - pyswarms.single.global_best - INFO - Optimize for 15 iters with {'c1': 0.5, 'c2': 0.5, 'w': 0.5}
2025-08-18 01:57:16,204 - pyswarms.single.global_best - INFO - Optimization finished | best cost: -0.3166666666666667, best pos: [153.58599561   0.75423281   3.05146026]
2025-08-18 01:57:16,212 - pyswarms.single.global_best - INFO - Optimize for 15 iters with {'c1': 0.5, 'c2': 0.5, 'w': 0.5}
2025-08-18 02:00:15,630 - pyswarms.single.global_best - INFO - Optimization finished | best cost: -0.175, best pos: [199.90688072 150.90954986  47.49579573   6.10674357]
2025-08-18 02:00:15,640 - pyswarms.single.global_best - INFO - Optimize for 15 iters with {'c1': 0.5, 'c2': 0.5, 'w': 0.5}
2025-08-18 02:03:26,960 - pyswarms.single.global_best - INFO - Optimization finished | best cost: -0.225, best pos: [182.43356545 137.92634343   0.73837531   0.89710829   0.94487851]
2025-08-18 02:09:52,367 - pyswarms.single.global_best - INFO - Optimize for 15 iters with {'c1': 0.5, 'c2': 0.5, 'w': 0.5}
2025-08-18 02:10:28,428 - pyswarms.single.global_best - INFO - Optimization finished | best cost: -0.2833333333333333, best pos: [228.19640085   0.75970196   0.42359202]
2025-08-18 02:10:28,458 - pyswarms.single.global_best - INFO - Optimize for 15 iters with {'c1': 0.5, 'c2': 0.5, 'w': 0.5}
2025-08-18 02:12:31,293 - pyswarms.single.global_best - INFO - Optimization finished | best cost: -0.2, best pos: [180.25649349   0.54557145   3.2159559 ]
2025-08-18 02:12:31,302 - pyswarms.single.global_best - INFO - Optimize for 15 iters with {'c1': 0.5, 'c2': 0.5, 'w': 0.5}
2025-08-18 02:15:35,434 - pyswarms.single.global_best - INFO - Optimization finished | best cost: -0.2, best pos: [225.89297783 233.37032674   8.35990256   6.42600983]
2025-08-18 02:15:35,441 - pyswarms.single.global_best - INFO - Optimize for 15 iters with {'c1': 0.5, 'c2': 0.5, 'w': 0.5}
2025-08-18 02:18:40,107 - pyswarms.single.global_best - INFO - Optimization finished | best cost: -0.225, best pos: [2.44833158e+02 1.46018901e+02 6.09703539e-01 9.71723838e-02
 7.96427776e-01]
2025-08-18 02:27:03,961 - pyswarms.single.global_best - INFO - Optimize for 15 iters with {'c1': 0.5, 'c2': 0.5, 'w': 0.5}
2025-08-18 02:27:32,341 - pyswarms.single.global_best - INFO - Optimization finished | best cost: -0.25, best pos: [248.10447609   0.57497147   0.65977487]
2025-08-18 02:27:32,356 - pyswarms.single.global_best - INFO - Optimize for 15 iters with {'c1': 0.5, 'c2': 0.5, 'w': 0.5}
2025-08-18 02:28:41,313 - pyswarms.single.global_best - INFO - Optimization finished | best cost: -0.35, best pos: [88.26712146  0.9424815   0.75727081]
2025-08-18 02:28:41,320 - pyswarms.single.global_best - INFO - Optimize for 15 iters with {'c1': 0.5, 'c2': 0.5, 'w': 0.5}
2025-08-18 02:31:30,908 - pyswarms.single.global_best - INFO - Optimization finished | best cost: -0.225, best pos: [186.94180533 220.39033115  27.88202159  12.28435872]
2025-08-18 02:31:30,915 - pyswarms.single.global_best - INFO - Optimize for 15 iters with {'c1': 0.5, 'c2': 0.5, 'w': 0.5}
2025-08-18 02:34:05,513 - pyswarms.single.global_best - INFO - Optimization finished | best cost: -0.21666666666666665, best pos: [125.19757613 205.65633627   0.5635937    0.98484142   0.88466577]
2025-08-18 02:42:17,058 - pyswarms.single.global_best - INFO - Optimize for 15 iters with {'c1': 0.5, 'c2': 0.5, 'w': 0.5}
2025-08-18 02:42:46,234 - pyswarms.single.global_best - INFO - Optimization finished | best cost: -0.2416666666666667, best pos: [209.27418419   0.37684719   0.23780616]
2025-08-18 02:42:46,245 - pyswarms.single.global_best - INFO - Optimize for 15 iters with {'c1': 0.5, 'c2': 0.5, 'w': 0.5}
2025-08-18 02:43:49,543 - pyswarms.single.global_best - INFO - Optimization finished | best cost: -0.35, best pos: [155.23194687   0.39635235   0.45155634]
2025-08-18 02:43:49,552 - pyswarms.single.global_best - INFO - Optimize for 15 iters with {'c1': 0.5, 'c2': 0.5, 'w': 0.5}
2025-08-18 02:46:17,935 - pyswarms.single.global_best - INFO - Optimization finished | best cost: -0.19166666666666665, best pos: [203.78298346 182.34736612  20.08707383  10.81880031]
2025-08-18 02:46:17,944 - pyswarms.single.global_best - INFO - Optimize for 15 iters with {'c1': 0.5, 'c2': 0.5, 'w': 0.5}
2025-08-18 02:49:44,572 - pyswarms.single.global_best - INFO - Optimization finished | best cost: -0.225, best pos: [2.26353147e+02 2.43945460e+02 5.91772252e-01 2.20465834e-01
 9.76998301e-01]
2025-08-18 02:53:37,561 - pyswarms.single.global_best - INFO - Optimize for 15 iters with {'c1': 0.5, 'c2': 0.5, 'w': 0.5}
2025-08-18 02:54:14,311 - pyswarms.single.global_best - INFO - Optimization finished | best cost: -0.25000000000000006, best pos: [274.07378603   0.74922982   0.53433419]
2025-08-18 02:54:14,333 - pyswarms.single.global_best - INFO - Optimize for 15 iters with {'c1': 0.5, 'c2': 0.5, 'w': 0.5}
2025-08-18 02:55:26,519 - pyswarms.single.global_best - INFO - Optimization finished | best cost: -0.3333333333333333, best pos: [100.86707263   0.92344845   0.77941429]
2025-08-18 02:55:26,528 - pyswarms.single.global_best - INFO - Optimize for 15 iters with {'c1': 0.5, 'c2': 0.5, 'w': 0.5}
2025-08-18 02:56:40,949 - pyswarms.single.global_best - INFO - Optimization finished | best cost: -0.20833333333333331, best pos: [ 69.95852157 206.41045765  28.70358966  10.53707968]
2025-08-18 02:56:40,957 - pyswarms.single.global_best - INFO - Optimize for 15 iters with {'c1': 0.5, 'c2': 0.5, 'w': 0.5}
2025-08-18 03:06:09,109 - pyswarms.single.global_best - INFO - Optimization finished | best cost: -0.21666666666666665, best pos: [3.31820807e+02 1.65648773e+02 9.14328475e-01 1.16483414e-01
 7.85360786e-01]
2025-08-18 03:13:12,929 - pyswarms.single.global_best - INFO - Optimize for 15 iters with {'c1': 0.5, 'c2': 0.5, 'w': 0.5}
2025-08-18 03:13:52,287 - pyswarms.single.global_best - INFO - Optimization finished | best cost: -0.25, best pos: [184.3167249    0.40970086   0.49272065]
2025-08-18 03:13:52,301 - pyswarms.single.global_best - INFO - Optimize for 15 iters with {'c1': 0.5, 'c2': 0.5, 'w': 0.5}
2025-08-18 03:15:23,670 - pyswarms.single.global_best - INFO - Optimization finished | best cost: -0.18333333333333332, best pos: [129.71605581   0.2939802    3.15851775]
2025-08-18 03:15:23,680 - pyswarms.single.global_best - INFO - Optimize for 15 iters with {'c1': 0.5, 'c2': 0.5, 'w': 0.5}
2025-08-18 03:17:23,374 - pyswarms.single.global_best - INFO - Optimization finished | best cost: -0.2166666666666667, best pos: [93.42185197 58.94627368 33.54053472  8.2477508 ]
2025-08-18 03:17:23,382 - pyswarms.single.global_best - INFO - Optimize for 15 iters with {'c1': 0.5, 'c2': 0.5, 'w': 0.5}
2025-08-18 03:20:24,807 - pyswarms.single.global_best - INFO - Optimization finished | best cost: -0.21666666666666665, best pos: [144.68962468 215.34646576   0.81876498   0.83255153   0.8340178 ]
2025-08-18 03:29:20,153 - pyswarms.single.global_best - INFO - Optimize for 15 iters with {'c1': 0.5, 'c2': 0.5, 'w': 0.5}
2025-08-18 03:29:43,730 - pyswarms.single.global_best - INFO - Optimization finished | best cost: -0.225, best pos: [149.03701619   0.17734781   0.68465621]
2025-08-18 03:29:43,748 - pyswarms.single.global_best - INFO - Optimize for 15 iters with {'c1': 0.5, 'c2': 0.5, 'w': 0.5}
2025-08-18 03:31:36,272 - pyswarms.single.global_best - INFO - Optimization finished | best cost: -0.15833333333333335, best pos: [186.2329377    0.26376666   1.58725462]
2025-08-18 03:31:36,280 - pyswarms.single.global_best - INFO - Optimize for 15 iters with {'c1': 0.5, 'c2': 0.5, 'w': 0.5}
2025-08-18 03:33:26,563 - pyswarms.single.global_best - INFO - Optimization finished | best cost: -0.25833333333333336, best pos: [14.08321694 52.05163039  4.9947307   3.70620738]
2025-08-18 03:33:26,571 - pyswarms.single.global_best - INFO - Optimize for 15 iters with {'c1': 0.5, 'c2': 0.5, 'w': 0.5}
2025-08-18 03:36:32,333 - pyswarms.single.global_best - INFO - Optimization finished | best cost: -0.225, best pos: [1.65262193e+02 2.60734329e+02 6.21382878e-01 1.38965298e-01
 7.20046161e-01]
2025-08-18 03:42:20,495 - pyswarms.single.global_best - INFO - Optimize for 15 iters with {'c1': 0.5, 'c2': 0.5, 'w': 0.5}
2025-08-18 05:28:43,935 - pyswarms.single.global_best - INFO - Optimization finished | best cost: -0.3666666666666667, best pos: [ 56.35135766  37.70784396 319.68230752   6.39339796]
2025-09-08 01:55:55,335 - pyswarms.single.global_best - INFO - Optimize for 15 iters with {'c1': 0.5, 'c2': 0.5, 'w': 0.5}
2025-09-08 01:56:44,289 - pyswarms.single.global_best - INFO - Optimization finished | best cost: 0.5258228778277152, best pos: [3.19751498e+02 1.34287741e-01 7.97263672e-01]
2025-09-08 01:56:44,405 - pyswarms.single.global_best - INFO - Optimize for 15 iters with {'c1': 0.5, 'c2': 0.5, 'w': 0.5}
2025-09-08 01:59:42,759 - pyswarms.single.global_best - INFO - Optimization finished | best cost: 0.512645959854126, best pos: [309.10003129   0.7027742    2.71643305]
2025-09-08 01:59:42,767 - pyswarms.single.global_best - INFO - Optimize for 15 iters with {'c1': 0.5, 'c2': 0.5, 'w': 0.5}
2025-09-08 02:01:55,004 - pyswarms.single.global_best - INFO - Optimization finished | best cost: 0.42891907321913214, best pos: [187.66709894 227.15108559  41.16414464  17.00596729]
2025-09-08 02:01:55,012 - pyswarms.single.global_best - INFO - Optimize for 15 iters with {'c1': 0.5, 'c2': 0.5, 'w': 0.5}
2025-09-08 02:02:50,308 - pyswarms.single.global_best - INFO - Optimization finished | best cost: 0.4337414801120758, best pos: [89.09471775 55.35279842  0.34110262  0.31093213  0.44322599]
2025-09-08 02:06:31,888 - pyswarms.single.global_best - INFO - Optimize for 15 iters with {'c1': 0.5, 'c2': 0.5, 'w': 0.5}
2025-09-08 02:07:22,953 - pyswarms.single.global_best - INFO - Optimization finished | best cost: 0.6436533432107506, best pos: [383.30214516   0.42108514   0.48269512]
2025-09-08 02:07:22,968 - pyswarms.single.global_best - INFO - Optimize for 15 iters with {'c1': 0.5, 'c2': 0.5, 'w': 0.5}
2025-09-08 02:08:22,452 - pyswarms.single.global_best - INFO - Optimization finished | best cost: 0.5040077567100525, best pos: [27.76184327  0.06469032  1.62033371]
2025-09-08 02:08:22,461 - pyswarms.single.global_best - INFO - Optimize for 15 iters with {'c1': 0.5, 'c2': 0.5, 'w': 0.5}
2025-09-08 02:10:39,015 - pyswarms.single.global_best - INFO - Optimization finished | best cost: 0.43082440724382015, best pos: [176.59437032 140.00741046  38.16328064  17.87949709]
2025-09-08 02:10:39,022 - pyswarms.single.global_best - INFO - Optimize for 15 iters with {'c1': 0.5, 'c2': 0.5, 'w': 0.5}
2025-09-08 02:11:54,581 - pyswarms.single.global_best - INFO - Optimization finished | best cost: 0.40143322944641113, best pos: [2.58799895e+02 3.90511008e+02 5.04747862e-01 7.56756900e-01
 3.35813491e-02]
2025-09-08 02:17:02,395 - pyswarms.single.global_best - INFO - Optimize for 15 iters with {'c1': 0.5, 'c2': 0.5, 'w': 0.5}
2025-09-08 02:17:44,546 - pyswarms.single.global_best - INFO - Optimization finished | best cost: 0.6463196188941109, best pos: [284.8948769    0.52041645   0.45282602]
2025-09-08 02:17:44,556 - pyswarms.single.global_best - INFO - Optimize for 15 iters with {'c1': 0.5, 'c2': 0.5, 'w': 0.5}
2025-09-08 02:19:21,862 - pyswarms.single.global_best - INFO - Optimization finished | best cost: 0.5267860293388367, best pos: [2.41655639e+02 4.84038369e-02 1.06634354e+00]
2025-09-08 02:19:21,872 - pyswarms.single.global_best - INFO - Optimize for 15 iters with {'c1': 0.5, 'c2': 0.5, 'w': 0.5}
2025-09-08 02:21:48,109 - pyswarms.single.global_best - INFO - Optimization finished | best cost: 0.4319710576025521, best pos: [129.92374569 177.81471317   6.58306453   5.34492346]
2025-09-08 02:21:48,117 - pyswarms.single.global_best - INFO - Optimize for 15 iters with {'c1': 0.5, 'c2': 0.5, 'w': 0.5}
2025-09-08 02:23:16,955 - pyswarms.single.global_best - INFO - Optimization finished | best cost: 0.4106103777885437, best pos: [3.50305169e+02 6.50318262e+01 6.17056229e-01 3.64019089e-01
 5.31296148e-03]
2025-09-08 02:27:12,760 - pyswarms.single.global_best - INFO - Optimize for 15 iters with {'c1': 0.5, 'c2': 0.5, 'w': 0.5}
2025-09-08 02:27:55,705 - pyswarms.single.global_best - INFO - Optimization finished | best cost: 0.6015732754234806, best pos: [2.99542738e+02 2.57594675e-01 5.76530130e-01]
2025-09-08 02:27:55,726 - pyswarms.single.global_best - INFO - Optimize for 15 iters with {'c1': 0.5, 'c2': 0.5, 'w': 0.5}
2025-09-08 02:30:20,262 - pyswarms.single.global_best - INFO - Optimization finished | best cost: 0.4995969831943512, best pos: [2.70256547e+02 2.37851343e-01 2.23867163e+00]
2025-09-08 02:30:20,271 - pyswarms.single.global_best - INFO - Optimize for 15 iters with {'c1': 0.5, 'c2': 0.5, 'w': 0.5}
2025-09-08 02:34:25,555 - pyswarms.single.global_best - INFO - Optimization finished | best cost: 0.43402609019356336, best pos: [334.32529414 156.04159845  31.33012125   2.37877023]
2025-09-08 02:34:25,562 - pyswarms.single.global_best - INFO - Optimize for 15 iters with {'c1': 0.5, 'c2': 0.5, 'w': 0.5}
2025-09-08 02:35:37,222 - pyswarms.single.global_best - INFO - Optimization finished | best cost: 0.4176291525363922, best pos: [2.68243502e+02 2.78714291e+02 7.81751285e-02 8.59831322e-01
 3.26426942e-02]
2025-09-08 02:39:20,168 - pyswarms.single.global_best - INFO - Optimize for 15 iters with {'c1': 0.5, 'c2': 0.5, 'w': 0.5}
2025-09-08 02:40:16,798 - pyswarms.single.global_best - INFO - Optimization finished | best cost: 0.6867681770254828, best pos: [3.62347203e+02 1.85277853e-01 6.54203841e-01]
2025-09-08 02:40:16,818 - pyswarms.single.global_best - INFO - Optimize for 15 iters with {'c1': 0.5, 'c2': 0.5, 'w': 0.5}
2025-09-08 02:41:50,369 - pyswarms.single.global_best - INFO - Optimization finished | best cost: 0.5325806736946106, best pos: [1.97866929e+02 5.97076493e-02 1.71697801e+00]
2025-09-08 02:41:50,379 - pyswarms.single.global_best - INFO - Optimize for 15 iters with {'c1': 0.5, 'c2': 0.5, 'w': 0.5}
2025-09-08 02:43:38,787 - pyswarms.single.global_best - INFO - Optimization finished | best cost: 0.42646310212052374, best pos: [ 27.96888277 109.45158543  25.94302902  16.42398714]
2025-09-08 02:43:38,795 - pyswarms.single.global_best - INFO - Optimize for 15 iters with {'c1': 0.5, 'c2': 0.5, 'w': 0.5}
2025-09-08 02:44:51,987 - pyswarms.single.global_best - INFO - Optimization finished | best cost: 0.42394858598709106, best pos: [2.09700847e+02 1.83287766e+02 6.64335201e-01 6.45055508e-01
 2.03078827e-01]
2025-09-08 02:49:38,390 - pyswarms.single.global_best - INFO - Optimize for 15 iters with {'c1': 0.5, 'c2': 0.5, 'w': 0.5}
2025-09-08 02:50:19,094 - pyswarms.single.global_best - INFO - Optimization finished | best cost: 0.695518428251355, best pos: [3.13443644e+02 3.38213577e-01 2.86178919e-01]
2025-09-08 02:50:19,107 - pyswarms.single.global_best - INFO - Optimize for 15 iters with {'c1': 0.5, 'c2': 0.5, 'w': 0.5}
2025-09-08 02:53:09,807 - pyswarms.single.global_best - INFO - Optimization finished | best cost: 0.4839492440223694, best pos: [261.64549909   0.37993142   2.61458651]
2025-09-08 02:53:09,816 - pyswarms.single.global_best - INFO - Optimize for 15 iters with {'c1': 0.5, 'c2': 0.5, 'w': 0.5}
2025-09-08 02:55:39,055 - pyswarms.single.global_best - INFO - Optimization finished | best cost: 0.4319051015719217, best pos: [161.13625647 224.48263579  21.73532428   4.16360255]
2025-09-08 02:55:39,064 - pyswarms.single.global_best - INFO - Optimize for 15 iters with {'c1': 0.5, 'c2': 0.5, 'w': 0.5}
2025-09-08 02:56:47,765 - pyswarms.single.global_best - INFO - Optimization finished | best cost: 0.42954960465431213, best pos: [2.43902024e+02 3.53968395e+02 6.28345658e-01 5.20560804e-01
 1.91047356e-01]
2025-09-08 03:03:13,963 - pyswarms.single.global_best - INFO - Optimize for 15 iters with {'c1': 0.5, 'c2': 0.5, 'w': 0.5}
2025-09-08 03:04:11,939 - pyswarms.single.global_best - INFO - Optimization finished | best cost: 0.5581988027404444, best pos: [386.47617285   0.57682765   0.54038395]
2025-09-08 03:04:11,948 - pyswarms.single.global_best - INFO - Optimize for 15 iters with {'c1': 0.5, 'c2': 0.5, 'w': 0.5}
2025-09-08 03:05:25,333 - pyswarms.single.global_best - INFO - Optimization finished | best cost: 0.5304174423217773, best pos: [1.35866151e+02 3.72881379e-02 1.12003859e+00]
2025-09-08 03:05:25,344 - pyswarms.single.global_best - INFO - Optimize for 15 iters with {'c1': 0.5, 'c2': 0.5, 'w': 0.5}
2025-09-08 03:06:41,738 - pyswarms.single.global_best - INFO - Optimization finished | best cost: 0.42402677897093655, best pos: [ 61.31766734 144.37027971  18.11327088  18.36063134]
2025-09-08 03:06:41,747 - pyswarms.single.global_best - INFO - Optimize for 15 iters with {'c1': 0.5, 'c2': 0.5, 'w': 0.5}
2025-09-08 03:07:51,275 - pyswarms.single.global_best - INFO - Optimization finished | best cost: 0.4059959352016449, best pos: [1.97427498e+02 3.22052874e+02 8.63763675e-01 3.73689638e-01
 3.33167916e-03]
2025-09-08 03:12:20,129 - pyswarms.single.global_best - INFO - Optimize for 15 iters with {'c1': 0.5, 'c2': 0.5, 'w': 0.5}
2025-09-08 03:13:31,474 - pyswarms.single.global_best - INFO - Optimization finished | best cost: 0.6714852195459027, best pos: [335.28172684   0.5055979    0.52447742]
2025-09-08 03:13:31,494 - pyswarms.single.global_best - INFO - Optimize for 15 iters with {'c1': 0.5, 'c2': 0.5, 'w': 0.5}
2025-09-08 03:15:37,754 - pyswarms.single.global_best - INFO - Optimization finished | best cost: 0.5812314748764038, best pos: [1.88001942e+02 1.72168644e-01 1.67755340e+00]
2025-09-08 03:15:37,766 - pyswarms.single.global_best - INFO - Optimize for 15 iters with {'c1': 0.5, 'c2': 0.5, 'w': 0.5}
2025-09-08 03:16:59,053 - pyswarms.single.global_best - INFO - Optimization finished | best cost: 0.42303482204715576, best pos: [108.60834906 268.1576353   37.70901142   3.94726515]
2025-09-08 03:16:59,061 - pyswarms.single.global_best - INFO - Optimize for 15 iters with {'c1': 0.5, 'c2': 0.5, 'w': 0.5}
2025-09-08 03:19:01,910 - pyswarms.single.global_best - INFO - Optimization finished | best cost: 0.413109689950943, best pos: [3.48989668e+02 1.20646165e+02 9.87077177e-01 1.46956656e-01
 2.63746330e-02]
2025-09-08 03:24:23,274 - pyswarms.single.global_best - INFO - Optimize for 15 iters with {'c1': 0.5, 'c2': 0.5, 'w': 0.5}
2025-09-08 03:25:11,814 - pyswarms.single.global_best - INFO - Optimization finished | best cost: 0.4982011583158107, best pos: [3.41383994e+02 8.55360949e-02 7.13434901e-01]
2025-09-08 03:25:11,839 - pyswarms.single.global_best - INFO - Optimize for 15 iters with {'c1': 0.5, 'c2': 0.5, 'w': 0.5}
2025-09-08 03:26:40,390 - pyswarms.single.global_best - INFO - Optimization finished | best cost: 0.5463768839836121, best pos: [2.12464396e+02 1.02198698e-01 1.35514341e+00]
2025-09-08 03:26:40,401 - pyswarms.single.global_best - INFO - Optimize for 15 iters with {'c1': 0.5, 'c2': 0.5, 'w': 0.5}
2025-09-08 03:29:28,666 - pyswarms.single.global_best - INFO - Optimization finished | best cost: 0.43221760796125147, best pos: [194.26729973 204.33014297  39.00083412   2.56624158]
2025-09-08 03:29:28,673 - pyswarms.single.global_best - INFO - Optimize for 15 iters with {'c1': 0.5, 'c2': 0.5, 'w': 0.5}
2025-09-08 03:30:42,040 - pyswarms.single.global_best - INFO - Optimization finished | best cost: 0.4198477864265442, best pos: [2.21042278e+02 2.20160554e+02 2.21287859e-01 5.63039211e-01
 4.31832589e-02]
2025-09-08 03:35:24,738 - pyswarms.single.global_best - INFO - Optimize for 15 iters with {'c1': 0.5, 'c2': 0.5, 'w': 0.5}
2025-09-08 03:36:00,561 - pyswarms.single.global_best - INFO - Optimization finished | best cost: 0.6449432482539621, best pos: [238.19467823   0.44067487   0.51288843]
2025-09-08 03:36:00,577 - pyswarms.single.global_best - INFO - Optimize for 15 iters with {'c1': 0.5, 'c2': 0.5, 'w': 0.5}
2025-09-08 03:37:43,562 - pyswarms.single.global_best - INFO - Optimization finished | best cost: 0.5891555547714233, best pos: [2.76210477e+02 1.49362601e-01 1.07430376e+00]
2025-09-08 03:37:43,570 - pyswarms.single.global_best - INFO - Optimize for 15 iters with {'c1': 0.5, 'c2': 0.5, 'w': 0.5}
2025-09-08 03:40:40,704 - pyswarms.single.global_best - INFO - Optimization finished | best cost: 0.4294581749683055, best pos: [200.99866038 122.41601068  31.65382016   4.21427546]
2025-09-08 03:40:40,713 - pyswarms.single.global_best - INFO - Optimize for 15 iters with {'c1': 0.5, 'c2': 0.5, 'w': 0.5}
2025-09-08 03:42:01,319 - pyswarms.single.global_best - INFO - Optimization finished | best cost: 0.41362398862838745, best pos: [1.89901071e+02 2.67247603e+02 8.87299776e-01 8.31923220e-01
 3.13033118e-02]
2025-09-08 03:46:08,108 - pyswarms.single.global_best - INFO - Optimize for 15 iters with {'c1': 0.5, 'c2': 0.5, 'w': 0.5}
2025-09-10 20:29:30,137 - pyswarms.single.global_best - INFO - Optimize for 15 iters with {'c1': 0.5, 'c2': 0.5, 'w': 0.5}
2025-09-10 20:31:07,999 - pyswarms.single.global_best - INFO - Optimize for 15 iters with {'c1': 0.5, 'c2': 0.5, 'w': 0.5}
2025-09-10 20:33:26,205 - pyswarms.single.global_best - INFO - Optimize for 15 iters with {'c1': 0.5, 'c2': 0.5, 'w': 0.5}
2025-09-10 20:36:04,454 - pyswarms.single.global_best - INFO - Optimize for 15 iters with {'c1': 0.5, 'c2': 0.5, 'w': 0.5}
2025-09-10 20:36:25,788 - pyswarms.single.global_best - INFO - Optimize for 15 iters with {'c1': 0.5, 'c2': 0.5, 'w': 0.5}
2025-09-10 20:38:09,698 - pyswarms.single.global_best - INFO - Optimize for 15 iters with {'c1': 0.5, 'c2': 0.5, 'w': 0.5}
2025-09-10 20:38:47,344 - pyswarms.single.global_best - INFO - Optimize for 15 iters with {'c1': 0.5, 'c2': 0.5, 'w': 0.5}
2025-09-10 20:39:36,765 - pyswarms.single.global_best - INFO - Optimize for 15 iters with {'c1': 0.5, 'c2': 0.5, 'w': 0.5}
2025-09-10 20:41:06,041 - pyswarms.single.global_best - INFO - Optimize for 15 iters with {'c1': 0.5, 'c2': 0.5, 'w': 0.5}
2025-09-10 20:44:33,438 - pyswarms.single.global_best - INFO - Optimization finished | best cost: 0.3016631821164877, best pos: [384.76721073   0.4297883    0.75027824]
2025-09-10 20:44:33,440 - pyswarms.single.global_best - INFO - Optimize for 15 iters with {'c1': 0.5, 'c2': 0.5, 'w': 0.5}
2025-09-10 21:15:40,705 - pyswarms.single.global_best - INFO - Optimization finished | best cost: 0.24361260694702713, best pos: [3.15919536e+02 1.98729692e-01 1.44662811e+00]
2025-09-10 21:15:40,708 - pyswarms.single.global_best - INFO - Optimize for 15 iters with {'c1': 0.5, 'c2': 0.5, 'w': 0.5}
2025-09-10 21:44:03,553 - pyswarms.single.global_best - INFO - Optimization finished | best cost: 0.27982184644535807, best pos: [198.06167113 287.56730672  23.56675636   2.9499705 ]
2025-09-10 21:44:03,557 - pyswarms.single.global_best - INFO - Optimize for 15 iters with {'c1': 0.5, 'c2': 0.5, 'w': 0.5}
2025-09-10 21:56:44,316 - pyswarms.single.global_best - INFO - Optimization finished | best cost: 0.25505274742924056, best pos: [3.60239704e+02 1.24288043e+02 5.17430427e-01 6.31453763e-01
 1.57328041e-03]
2025-09-10 22:30:03,320 - pyswarms.single.global_best - INFO - Optimize for 15 iters with {'c1': 0.5, 'c2': 0.5, 'w': 0.5}
2025-09-10 22:33:34,078 - pyswarms.single.global_best - INFO - Optimization finished | best cost: 0.33126872520657025, best pos: [343.07434402   0.46717457   0.69887279]
2025-09-10 22:33:34,080 - pyswarms.single.global_best - INFO - Optimize for 15 iters with {'c1': 0.5, 'c2': 0.5, 'w': 0.5}
2025-09-10 23:06:04,238 - pyswarms.single.global_best - INFO - Optimization finished | best cost: 0.23768617810185846, best pos: [296.16197488   0.94695231   2.2704374 ]
2025-09-10 23:06:04,241 - pyswarms.single.global_best - INFO - Optimize for 15 iters with {'c1': 0.5, 'c2': 0.5, 'w': 0.5}
2025-09-10 23:24:51,682 - pyswarms.single.global_best - INFO - Optimization finished | best cost: 0.2930410407592052, best pos: [ 32.88922892 131.99470346  34.77699032   2.73724875]
2025-09-10 23:24:51,686 - pyswarms.single.global_best - INFO - Optimize for 15 iters with {'c1': 0.5, 'c2': 0.5, 'w': 0.5}
2025-09-10 23:42:16,481 - pyswarms.single.global_best - INFO - Optimization finished | best cost: 0.2447988814898157, best pos: [3.85905087e+02 1.19286901e+02 7.48412237e-01 7.64742407e-01
 5.77860395e-02]
2025-09-11 00:36:32,904 - pyswarms.single.global_best - INFO - Optimize for 15 iters with {'c1': 0.5, 'c2': 0.5, 'w': 0.5}
2025-09-11 00:40:00,356 - pyswarms.single.global_best - INFO - Optimization finished | best cost: 0.2967139762958243, best pos: [3.43753101e+02 3.10314644e-01 6.47058565e-01]
2025-09-11 00:40:00,360 - pyswarms.single.global_best - INFO - Optimize for 15 iters with {'c1': 0.5, 'c2': 0.5, 'w': 0.5}
2025-09-11 01:09:43,425 - pyswarms.single.global_best - INFO - Optimization finished | best cost: 0.23655467921458817, best pos: [209.16537827   0.61504449   2.04767951]
2025-09-11 01:09:43,428 - pyswarms.single.global_best - INFO - Optimize for 15 iters with {'c1': 0.5, 'c2': 0.5, 'w': 0.5}
2025-09-11 01:47:52,502 - pyswarms.single.global_best - INFO - Optimization finished | best cost: 0.26081073675610855, best pos: [274.28666558 244.66845613   6.02595574   2.75716058]
2025-09-11 01:47:52,505 - pyswarms.single.global_best - INFO - Optimize for 15 iters with {'c1': 0.5, 'c2': 0.5, 'w': 0.5}
2025-09-11 01:56:38,437 - pyswarms.single.global_best - INFO - Optimization finished | best cost: 0.25086754557875096, best pos: [3.35721388e+02 1.04700000e+02 6.48622347e-01 4.47908757e-01
 9.30081915e-02]
2025-09-11 02:24:47,258 - pyswarms.single.global_best - INFO - Optimize for 15 iters with {'c1': 0.5, 'c2': 0.5, 'w': 0.5}
2025-09-11 02:26:40,361 - pyswarms.single.global_best - INFO - Optimization finished | best cost: 0.3093959160748653, best pos: [10.5387024   0.76177285  0.28132196]
2025-09-11 02:26:40,362 - pyswarms.single.global_best - INFO - Optimize for 15 iters with {'c1': 0.5, 'c2': 0.5, 'w': 0.5}
2025-09-11 02:50:23,728 - pyswarms.single.global_best - INFO - Optimization finished | best cost: 0.2375521632236431, best pos: [3.08094136e+02 5.31283881e-02 1.25349428e+00]
2025-09-11 02:50:23,731 - pyswarms.single.global_best - INFO - Optimize for 15 iters with {'c1': 0.5, 'c2': 0.5, 'w': 0.5}
2025-09-11 03:26:34,837 - pyswarms.single.global_best - INFO - Optimization finished | best cost: 0.27922935024755247, best pos: [281.31897826 144.8283873   25.93302056   2.62646146]
2025-09-11 03:26:34,840 - pyswarms.single.global_best - INFO - Optimize for 15 iters with {'c1': 0.5, 'c2': 0.5, 'w': 0.5}
2025-09-11 03:33:56,474 - pyswarms.single.global_best - INFO - Optimization finished | best cost: 0.24637872861890622, best pos: [2.79534256e+02 2.93514659e+02 2.83300467e-01 8.83345458e-01
 4.70326226e-02]
2025-09-11 03:51:40,014 - pyswarms.single.global_best - INFO - Optimize for 15 iters with {'c1': 0.5, 'c2': 0.5, 'w': 0.5}
2025-09-11 03:54:22,017 - pyswarms.single.global_best - INFO - Optimization finished | best cost: 0.30386712159626117, best pos: [17.57851476  0.5562752   0.33334781]
2025-09-11 03:54:22,020 - pyswarms.single.global_best - INFO - Optimize for 15 iters with {'c1': 0.5, 'c2': 0.5, 'w': 0.5}
2025-09-11 04:21:25,450 - pyswarms.single.global_best - INFO - Optimization finished | best cost: 0.22990345578106464, best pos: [51.58154763  0.54249511  2.61319402]
2025-09-11 04:21:25,453 - pyswarms.single.global_best - INFO - Optimize for 15 iters with {'c1': 0.5, 'c2': 0.5, 'w': 0.5}
2025-09-11 05:08:52,383 - pyswarms.single.global_best - INFO - Optimization finished | best cost: 0.2577928904077444, best pos: [351.21751319 164.11276133   7.14575088   2.77166747]
2025-09-11 05:08:52,385 - pyswarms.single.global_best - INFO - Optimize for 15 iters with {'c1': 0.5, 'c2': 0.5, 'w': 0.5}
2025-09-11 05:15:25,465 - pyswarms.single.global_best - INFO - Optimization finished | best cost: 0.24297998562720885, best pos: [2.42481308e+02 1.19118429e+02 7.50906578e-01 8.97952640e-01
 4.07516525e-02]
2025-09-11 05:51:48,185 - pyswarms.single.global_best - INFO - Optimize for 15 iters with {'c1': 0.5, 'c2': 0.5, 'w': 0.5}
2025-09-11 05:53:25,953 - pyswarms.single.global_best - INFO - Optimization finished | best cost: 0.3082899858491863, best pos: [14.43205448  0.71639143  0.18693929]
2025-09-11 05:53:25,956 - pyswarms.single.global_best - INFO - Optimize for 15 iters with {'c1': 0.5, 'c2': 0.5, 'w': 0.5}
2025-09-11 06:16:57,278 - pyswarms.single.global_best - INFO - Optimization finished | best cost: 0.2422673709122088, best pos: [3.05632160e+02 5.95999960e-02 1.54323159e+00]
2025-09-11 06:16:57,282 - pyswarms.single.global_best - INFO - Optimize for 15 iters with {'c1': 0.5, 'c2': 0.5, 'w': 0.5}
2025-09-11 06:28:21,190 - pyswarms.single.global_best - INFO - Optimization finished | best cost: 0.2575199813200281, best pos: [ 43.8739191  326.61420407   9.8789128    2.64288872]
2025-09-11 06:28:21,192 - pyswarms.single.global_best - INFO - Optimize for 15 iters with {'c1': 0.5, 'c2': 0.5, 'w': 0.5}
2025-09-11 06:35:16,197 - pyswarms.single.global_best - INFO - Optimization finished | best cost: 0.25268810708452144, best pos: [2.73934698e+02 3.25801258e+02 5.05422921e-01 3.88887275e-01
 3.78647246e-02]
2025-09-11 07:24:54,800 - pyswarms.single.global_best - INFO - Optimize for 15 iters with {'c1': 0.5, 'c2': 0.5, 'w': 0.5}
2025-09-11 07:26:35,280 - pyswarms.single.global_best - INFO - Optimization finished | best cost: 0.2962788894710792, best pos: [11.19560355  0.37219598  0.22222677]
2025-09-11 07:26:35,282 - pyswarms.single.global_best - INFO - Optimize for 15 iters with {'c1': 0.5, 'c2': 0.5, 'w': 0.5}
2025-09-11 07:49:08,878 - pyswarms.single.global_best - INFO - Optimization finished | best cost: 0.24765485956958036, best pos: [2.36414983e+02 1.99603820e-01 1.68165449e+00]
2025-09-11 07:49:08,881 - pyswarms.single.global_best - INFO - Optimize for 15 iters with {'c1': 0.5, 'c2': 0.5, 'w': 0.5}
2025-09-11 08:00:14,965 - pyswarms.single.global_best - INFO - Optimization finished | best cost: 0.24687700839646504, best pos: [ 15.19056646 232.52252394  11.43501028   4.05375426]
2025-09-11 08:00:14,969 - pyswarms.single.global_best - INFO - Optimize for 15 iters with {'c1': 0.5, 'c2': 0.5, 'w': 0.5}
2025-09-11 08:07:51,035 - pyswarms.single.global_best - INFO - Optimization finished | best cost: 0.24885840549449792, best pos: [2.98159568e+02 3.33770309e+02 5.73781920e-01 5.56485512e-01
 6.68559009e-02]
2025-09-11 08:26:25,263 - pyswarms.single.global_best - INFO - Optimize for 15 iters with {'c1': 0.5, 'c2': 0.5, 'w': 0.5}
2025-09-11 08:28:54,398 - pyswarms.single.global_best - INFO - Optimization finished | best cost: 0.3193947694535687, best pos: [18.19310342  0.79040528  0.35905042]
2025-09-11 08:28:54,401 - pyswarms.single.global_best - INFO - Optimize for 15 iters with {'c1': 0.5, 'c2': 0.5, 'w': 0.5}
2025-09-11 08:54:15,970 - pyswarms.single.global_best - INFO - Optimization finished | best cost: 0.2430712435208072, best pos: [3.46247485e+02 1.05610550e-01 1.78129026e+00]
2025-09-11 08:54:15,973 - pyswarms.single.global_best - INFO - Optimize for 15 iters with {'c1': 0.5, 'c2': 0.5, 'w': 0.5}
2025-09-11 09:36:43,155 - pyswarms.single.global_best - INFO - Optimization finished | best cost: 0.2817221634154661, best pos: [368.05163164 357.9056877   26.68760921   2.74265416]
2025-09-11 09:36:43,158 - pyswarms.single.global_best - INFO - Optimize for 15 iters with {'c1': 0.5, 'c2': 0.5, 'w': 0.5}
2025-09-11 09:42:35,906 - pyswarms.single.global_best - INFO - Optimization finished | best cost: 0.2540836854470565, best pos: [116.64224212 121.81298567   0.56582015   0.39565891   0.12992116]
2025-09-11 10:14:10,761 - pyswarms.single.global_best - INFO - Optimize for 15 iters with {'c1': 0.5, 'c2': 0.5, 'w': 0.5}
2025-09-11 10:16:36,969 - pyswarms.single.global_best - INFO - Optimization finished | best cost: 0.28908110745955473, best pos: [11.84387911  0.23009696  0.63921348]
2025-09-11 10:16:36,972 - pyswarms.single.global_best - INFO - Optimize for 15 iters with {'c1': 0.5, 'c2': 0.5, 'w': 0.5}
2025-09-11 10:46:41,274 - pyswarms.single.global_best - INFO - Optimization finished | best cost: 0.2456507925484854, best pos: [316.98472382   0.64121777   2.70410079]
2025-09-11 10:46:41,277 - pyswarms.single.global_best - INFO - Optimize for 15 iters with {'c1': 0.5, 'c2': 0.5, 'w': 0.5}
2025-09-11 11:27:39,980 - pyswarms.single.global_best - INFO - Optimization finished | best cost: 0.25694868323185804, best pos: [306.64592532 124.08611138   8.38143886   2.81558965]
2025-09-11 11:27:39,983 - pyswarms.single.global_best - INFO - Optimize for 15 iters with {'c1': 0.5, 'c2': 0.5, 'w': 0.5}
2025-09-11 11:35:59,073 - pyswarms.single.global_best - INFO - Optimization finished | best cost: 0.25468856606507184, best pos: [2.36029399e+02 2.92714453e+02 8.59493138e-01 2.24376758e-01
 1.43411196e-03]
2025-09-11 12:30:04,023 - pyswarms.single.global_best - INFO - Optimize for 15 iters with {'c1': 0.5, 'c2': 0.5, 'w': 0.5}
2025-09-11 12:33:18,761 - pyswarms.single.global_best - INFO - Optimization finished | best cost: 0.3574780652468953, best pos: [331.57788896   0.4798828    0.51873669]
2025-09-11 12:33:18,764 - pyswarms.single.global_best - INFO - Optimize for 15 iters with {'c1': 0.5, 'c2': 0.5, 'w': 0.5}
2025-09-11 13:22:26,590 - pyswarms.single.global_best - INFO - Optimization finished | best cost: 0.2270813337813527, best pos: [220.39904134   0.97874141   3.85689229]
2025-09-11 13:22:26,593 - pyswarms.single.global_best - INFO - Optimize for 15 iters with {'c1': 0.5, 'c2': 0.5, 'w': 0.5}
2025-09-11 13:38:23,701 - pyswarms.single.global_best - INFO - Optimization finished | best cost: 0.2560041258207185, best pos: [ 55.73728515 168.42599869   8.51487505   2.9847414 ]
2025-09-11 13:38:23,703 - pyswarms.single.global_best - INFO - Optimize for 15 iters with {'c1': 0.5, 'c2': 0.5, 'w': 0.5}
2025-09-11 13:45:17,628 - pyswarms.single.global_best - INFO - Optimization finished | best cost: 0.24985232224333045, best pos: [2.05790220e+02 2.60553347e+02 7.78432733e-01 5.10243195e-01
 8.19636289e-02]
2025-09-11 15:53:59,400 - pyswarms.single.global_best - INFO - Optimize for 15 iters with {'c1': 0.5, 'c2': 0.5, 'w': 0.5}
2025-09-11 16:07:31,585 - pyswarms.single.global_best - INFO - Optimize for 15 iters with {'c1': 0.5, 'c2': 0.5, 'w': 0.5}
2025-09-11 16:36:03,548 - pyswarms.single.global_best - INFO - Optimize for 15 iters with {'c1': 0.5, 'c2': 0.5, 'w': 0.5}
2025-09-11 17:30:53,227 - pyswarms.single.global_best - INFO - Optimization finished | best cost: -0.9, best pos: [324.70215543   0.52885249   1.93004425]
2025-09-11 17:30:53,230 - pyswarms.single.global_best - INFO - Optimize for 15 iters with {'c1': 0.5, 'c2': 0.5, 'w': 0.5}
2025-09-11 19:19:51,196 - pyswarms.single.global_best - INFO - Optimization finished | best cost: -0.75, best pos: [216.73496869 280.9272331   33.4252135    5.4934157 ]
2025-09-11 19:19:51,201 - pyswarms.single.global_best - INFO - Optimize for 15 iters with {'c1': 0.5, 'c2': 0.5, 'w': 0.5}
2025-09-11 19:54:02,601 - pyswarms.single.global_best - INFO - Optimization finished | best cost: -0.925, best pos: [2.77970756e+02 1.92517350e+01 1.88934599e+00 3.00695112e-01
 3.55793370e-02]
2025-09-12 01:04:35,133 - pyswarms.single.global_best - INFO - Optimize for 15 iters with {'c1': 0.5, 'c2': 0.5, 'w': 0.5}
2025-09-12 01:30:23,900 - pyswarms.single.global_best - INFO - Optimization finished | best cost: -0.925, best pos: [19.83192197  0.19893971  1.47671695]
2025-09-12 09:56:00,984 - pyswarms.single.global_best - INFO - Optimize for 15 iters with {'c1': 0.5, 'c2': 0.5, 'w': 0.5}
2025-09-12 10:10:53,059 - pyswarms.single.global_best - INFO - Optimization finished | best cost: -0.775, best pos: [ 71.38727511 128.71221866  39.62596911   5.24172131]
2025-09-12 12:07:59,444 - pyswarms.single.global_best - INFO - Optimize for 15 iters with {'c1': 0.5, 'c2': 0.5, 'w': 0.5}
2025-09-12 12:09:40,350 - pyswarms.single.global_best - INFO - Optimize for 15 iters with {'c1': 0.5, 'c2': 0.5, 'w': 0.5}
2025-09-12 13:31:06,857 - pyswarms.single.global_best - INFO - Optimization finished | best cost: -0.925, best pos: [3.77390867e+02 1.70069896e+01 1.63014105e+00 9.93778650e-02
 3.54845163e-02]
2025-09-12 13:46:58,728 - pyswarms.single.global_best - INFO - Optimize for 15 iters with {'c1': 0.5, 'c2': 0.5, 'w': 0.5}
2025-09-12 14:25:08,803 - pyswarms.single.global_best - INFO - Optimization finished | best cost: -0.925, best pos: [3.38393385e+02 2.97515756e+02 1.47562683e+00 7.19426791e-01
 9.36084938e-03]
2025-09-12 14:42:48,645 - pyswarms.single.global_best - INFO - Optimize for 15 iters with {'c1': 0.5, 'c2': 0.5, 'w': 0.5}
2025-09-12 15:30:43,191 - pyswarms.single.global_best - INFO - Optimization finished | best cost: -0.925, best pos: [3.00212602e+02 1.57031703e+02 1.31193899e+00 4.23344128e-01
 3.90296310e-02]
2025-09-12 16:05:45,105 - pyswarms.single.global_best - INFO - Optimize for 15 iters with {'c1': 0.5, 'c2': 0.5, 'w': 0.5}
2025-09-12 18:19:23,701 - pyswarms.single.global_best - INFO - Optimization finished | best cost: -0.8500000000000001, best pos: [215.67900296 225.65887874   1.74987805   0.61366469   0.53442975]
2025-09-12 19:02:33,866 - pyswarms.single.global_best - INFO - Optimize for 15 iters with {'c1': 0.5, 'c2': 0.5, 'w': 0.5}
2025-09-12 20:14:32,247 - pyswarms.single.global_best - INFO - Optimization finished | best cost: -0.925, best pos: [3.21881824e+02 2.36734229e+02 1.34654801e+00 1.31873110e-01
 2.89237439e-02]
2025-09-12 20:31:03,411 - pyswarms.single.global_best - INFO - Optimize for 15 iters with {'c1': 0.5, 'c2': 0.5, 'w': 0.5}
2025-09-12 22:30:29,684 - pyswarms.single.global_best - INFO - Optimization finished | best cost: -0.925, best pos: [2.16211345e+02 2.89589439e+02 1.29246307e+00 8.52746005e-01
 1.65098228e-02]
2025-09-12 23:04:33,413 - pyswarms.single.global_best - INFO - Optimize for 15 iters with {'c1': 0.5, 'c2': 0.5, 'w': 0.5}
2025-09-13 03:20:12,568 - pyswarms.single.global_best - INFO - Optimization finished | best cost: -0.9, best pos: [2.80333658e+02 1.87615338e+02 1.20735468e+00 7.25747912e-01
 1.51171191e-01]
2025-09-13 04:11:18,592 - pyswarms.single.global_best - INFO - Optimize for 15 iters with {'c1': 0.5, 'c2': 0.5, 'w': 0.5}
2025-09-13 04:54:24,662 - pyswarms.single.global_best - INFO - Optimization finished | best cost: -0.9, best pos: [1.41067052e+02 1.60718819e+02 1.62430763e+00 3.66703131e-01
 3.08850569e-02]
2025-09-13 05:15:05,834 - pyswarms.single.global_best - INFO - Optimize for 15 iters with {'c1': 0.5, 'c2': 0.5, 'w': 0.5}
2025-09-13 05:42:21,438 - pyswarms.single.global_best - INFO - Optimization finished | best cost: -0.95, best pos: [5.18056949e+01 1.25963895e+02 1.43586398e+00 1.35590145e-01
 3.12122314e-02]
2025-09-13 06:09:31,241 - pyswarms.single.global_best - INFO - Optimize for 15 iters with {'c1': 0.5, 'c2': 0.5, 'w': 0.5}
2025-09-13 07:32:50,974 - pyswarms.single.global_best - INFO - Optimization finished | best cost: -0.625, best pos: [357.33856191 143.65951766   0.85086538   0.47905735   0.66420073]
2025-09-13 08:14:42,201 - pyswarms.single.global_best - INFO - Optimize for 15 iters with {'c1': 0.5, 'c2': 0.5, 'w': 0.5}
2025-09-13 08:46:07,017 - pyswarms.single.global_best - INFO - Optimization finished | best cost: -0.625, best pos: [ 67.40470853 320.6079374    0.87200278   0.58948145   0.72304836]
2025-09-13 09:36:51,925 - pyswarms.single.global_best - INFO - Optimize for 15 iters with {'c1': 0.5, 'c2': 0.5, 'w': 0.5}
2025-09-13 10:36:33,757 - pyswarms.single.global_best - INFO - Optimization finished | best cost: -0.625, best pos: [3.20694816e+02 9.08326083e+01 2.76252097e-01 3.45624119e-01
 2.67382946e-01]
2025-09-13 11:25:01,430 - pyswarms.single.global_best - INFO - Optimize for 15 iters with {'c1': 0.5, 'c2': 0.5, 'w': 0.5}
2025-09-13 12:03:08,120 - pyswarms.single.global_best - INFO - Optimization finished | best cost: -0.625, best pos: [268.25952376  97.980959     0.60731472   0.41180159   0.80337008]
2025-09-13 12:47:39,943 - pyswarms.single.global_best - INFO - Optimize for 15 iters with {'c1': 0.5, 'c2': 0.5, 'w': 0.5}
2025-09-13 13:08:30,823 - pyswarms.single.global_best - INFO - Optimization finished | best cost: -0.625, best pos: [ 42.21422288 279.30322611   0.76712343   0.4999549    0.60477546]
2025-09-13 13:42:38,713 - pyswarms.single.global_best - INFO - Optimize for 15 iters with {'c1': 0.5, 'c2': 0.5, 'w': 0.5}
2025-09-13 14:03:10,329 - pyswarms.single.global_best - INFO - Optimization finished | best cost: -0.625, best pos: [ 77.88142744 263.45158742   0.87513628   0.3127918    0.27107299]
2025-09-13 14:34:06,736 - pyswarms.single.global_best - INFO - Optimize for 15 iters with {'c1': 0.5, 'c2': 0.5, 'w': 0.5}
2025-09-13 15:10:48,203 - pyswarms.single.global_best - INFO - Optimization finished | best cost: -0.625, best pos: [171.05634841 189.32340022   0.53398293   0.47686549   0.52843549]
2025-09-13 15:47:38,112 - pyswarms.single.global_best - INFO - Optimize for 15 iters with {'c1': 0.5, 'c2': 0.5, 'w': 0.5}
2025-09-13 16:16:22,924 - pyswarms.single.global_best - INFO - Optimization finished | best cost: -0.625, best pos: [61.56849802 96.71625805  0.41213402  0.27153597  0.28179622]
2025-09-13 19:10:09,423 - pyswarms.single.global_best - INFO - Optimize for 15 iters with {'c1': 0.5, 'c2': 0.5, 'w': 0.5}
2025-09-13 20:24:58,975 - pyswarms.single.global_best - INFO - Optimize for 15 iters with {'c1': 0.5, 'c2': 0.5, 'w': 0.5}
2025-09-13 20:50:01,240 - pyswarms.single.global_best - INFO - Optimization finished | best cost: -0.95, best pos: [27.41516311  0.91028646  1.49202682]
2025-09-13 20:50:01,244 - pyswarms.single.global_best - INFO - Optimize for 15 iters with {'c1': 0.5, 'c2': 0.5, 'w': 0.5}
2025-09-13 21:34:27,011 - pyswarms.single.global_best - INFO - Optimization finished | best cost: -0.825, best pos: [261.64025912 233.75530027   2.99463394   3.64214304]
2025-09-13 21:34:27,013 - pyswarms.single.global_best - INFO - Optimize for 15 iters with {'c1': 0.5, 'c2': 0.5, 'w': 0.5}
2025-09-13 22:19:25,178 - pyswarms.single.global_best - INFO - Optimization finished | best cost: -0.925, best pos: [3.38393385e+02 2.97515756e+02 1.47562683e+00 7.19426791e-01
 9.36084938e-03]
2025-09-13 23:29:40,297 - pyswarms.single.global_best - INFO - Optimize for 15 iters with {'c1': 0.5, 'c2': 0.5, 'w': 0.5}
2025-09-13 23:52:46,969 - pyswarms.single.global_best - INFO - Optimization finished | best cost: -0.95, best pos: [18.11441159  0.62620794  1.47190654]
2025-09-13 23:52:46,974 - pyswarms.single.global_best - INFO - Optimize for 15 iters with {'c1': 0.5, 'c2': 0.5, 'w': 0.5}
2025-09-14 00:39:18,998 - pyswarms.single.global_best - INFO - Optimization finished | best cost: -0.75, best pos: [291.85660399 154.26752901  40.0557739    4.86542779]
2025-09-14 00:39:19,001 - pyswarms.single.global_best - INFO - Optimize for 15 iters with {'c1': 0.5, 'c2': 0.5, 'w': 0.5}
2025-09-14 01:06:12,603 - pyswarms.single.global_best - INFO - Optimization finished | best cost: -0.925, best pos: [3.00212602e+02 1.57031703e+02 1.31193899e+00 4.23344128e-01
 3.90296310e-02]
2025-09-14 01:38:42,863 - pyswarms.single.global_best - INFO - Optimize for 15 iters with {'c1': 0.5, 'c2': 0.5, 'w': 0.5}
2025-09-14 02:33:40,131 - pyswarms.single.global_best - INFO - Optimization finished | best cost: -0.9, best pos: [363.19827973   0.68613586   1.60614617]
2025-09-14 02:33:40,135 - pyswarms.single.global_best - INFO - Optimize for 15 iters with {'c1': 0.5, 'c2': 0.5, 'w': 0.5}
2025-09-14 03:19:45,724 - pyswarms.single.global_best - INFO - Optimization finished | best cost: -0.8, best pos: [388.28748961 118.04112016  12.8737098    3.70942924]
2025-09-14 03:19:45,728 - pyswarms.single.global_best - INFO - Optimize for 15 iters with {'c1': 0.5, 'c2': 0.5, 'w': 0.5}
2025-09-14 03:41:30,731 - pyswarms.single.global_best - INFO - Optimization finished | best cost: -0.8500000000000001, best pos: [215.67900296 225.65887874   1.74987805   0.61366469   0.53442975]
2025-09-14 04:20:44,276 - pyswarms.single.global_best - INFO - Optimize for 15 iters with {'c1': 0.5, 'c2': 0.5, 'w': 0.5}
2025-09-14 05:03:57,306 - pyswarms.single.global_best - INFO - Optimization finished | best cost: -0.9, best pos: [314.73515395   0.99751082   1.74750367]
2025-09-14 05:03:57,309 - pyswarms.single.global_best - INFO - Optimize for 15 iters with {'c1': 0.5, 'c2': 0.5, 'w': 0.5}
2025-09-14 05:17:13,875 - pyswarms.single.global_best - INFO - Optimization finished | best cost: -0.8, best pos: [ 69.18014612 275.942184    19.68811169   3.85851003]
2025-09-14 05:17:13,878 - pyswarms.single.global_best - INFO - Optimize for 15 iters with {'c1': 0.5, 'c2': 0.5, 'w': 0.5}
2025-09-14 05:40:27,700 - pyswarms.single.global_best - INFO - Optimization finished | best cost: -0.925, best pos: [3.21881824e+02 2.36734229e+02 1.34654801e+00 1.31873110e-01
 2.89237439e-02]
2025-09-14 06:30:04,446 - pyswarms.single.global_best - INFO - Optimize for 15 iters with {'c1': 0.5, 'c2': 0.5, 'w': 0.5}
2025-09-14 07:08:24,921 - pyswarms.single.global_best - INFO - Optimization finished | best cost: -0.9, best pos: [230.95108723   0.70373888   1.2975238 ]
2025-09-14 07:08:24,923 - pyswarms.single.global_best - INFO - Optimize for 15 iters with {'c1': 0.5, 'c2': 0.5, 'w': 0.5}
2025-09-14 07:19:15,663 - pyswarms.single.global_best - INFO - Optimization finished | best cost: -0.8, best pos: [ 43.35510417 242.05017048  18.12923192   3.2399863 ]
2025-09-14 07:19:15,666 - pyswarms.single.global_best - INFO - Optimize for 15 iters with {'c1': 0.5, 'c2': 0.5, 'w': 0.5}
2025-09-14 07:37:35,193 - pyswarms.single.global_best - INFO - Optimization finished | best cost: -0.925, best pos: [2.16211345e+02 2.89589439e+02 1.29246307e+00 8.52746005e-01
 1.65098228e-02]
2025-09-14 08:01:28,561 - pyswarms.single.global_best - INFO - Optimize for 15 iters with {'c1': 0.5, 'c2': 0.5, 'w': 0.5}
2025-09-14 08:53:32,256 - pyswarms.single.global_best - INFO - Optimization finished | best cost: -0.9, best pos: [353.06464276   0.72144615   1.09612475]
2025-09-14 08:53:32,259 - pyswarms.single.global_best - INFO - Optimize for 15 iters with {'c1': 0.5, 'c2': 0.5, 'w': 0.5}
2025-09-14 09:33:36,006 - pyswarms.single.global_best - INFO - Optimization finished | best cost: -0.75, best pos: [309.94149724 377.61056476  31.54795598   6.15501945]
2025-09-14 09:33:36,009 - pyswarms.single.global_best - INFO - Optimize for 15 iters with {'c1': 0.5, 'c2': 0.5, 'w': 0.5}
2025-09-14 09:58:22,017 - pyswarms.single.global_best - INFO - Optimization finished | best cost: -0.9, best pos: [2.80333658e+02 1.87615338e+02 1.20735468e+00 7.25747912e-01
 1.51171191e-01]
2025-09-14 10:45:48,208 - pyswarms.single.global_best - INFO - Optimize for 15 iters with {'c1': 0.5, 'c2': 0.5, 'w': 0.5}
2025-09-14 11:34:22,228 - pyswarms.single.global_best - INFO - Optimization finished | best cost: -0.9, best pos: [335.92648218   0.5947427    1.10719471]
2025-09-14 11:34:22,231 - pyswarms.single.global_best - INFO - Optimize for 15 iters with {'c1': 0.5, 'c2': 0.5, 'w': 0.5}
2025-09-14 12:13:38,327 - pyswarms.single.global_best - INFO - Optimization finished | best cost: -0.85, best pos: [307.13888267 121.62713197   5.44315384   2.4176459 ]
2025-09-14 12:13:38,331 - pyswarms.single.global_best - INFO - Optimize for 15 iters with {'c1': 0.5, 'c2': 0.5, 'w': 0.5}
2025-09-14 12:30:36,613 - pyswarms.single.global_best - INFO - Optimization finished | best cost: -0.9, best pos: [1.41067052e+02 1.60718819e+02 1.62430763e+00 3.66703131e-01
 3.08850569e-02]
2025-09-14 13:09:22,321 - pyswarms.single.global_best - INFO - Optimize for 15 iters with {'c1': 0.5, 'c2': 0.5, 'w': 0.5}
2025-09-14 13:46:28,023 - pyswarms.single.global_best - INFO - Optimization finished | best cost: -0.9, best pos: [297.26609747   0.67957866   1.02948173]
2025-09-14 13:46:28,026 - pyswarms.single.global_best - INFO - Optimize for 15 iters with {'c1': 0.5, 'c2': 0.5, 'w': 0.5}
2025-09-14 14:04:22,491 - pyswarms.single.global_best - INFO - Optimization finished | best cost: -0.85, best pos: [143.90434326 385.1035788    6.75270156   2.79181875]
2025-09-14 14:04:22,494 - pyswarms.single.global_best - INFO - Optimize for 15 iters with {'c1': 0.5, 'c2': 0.5, 'w': 0.5}
2025-09-14 14:14:23,498 - pyswarms.single.global_best - INFO - Optimization finished | best cost: -0.95, best pos: [5.18056949e+01 1.25963895e+02 1.43586398e+00 1.35590145e-01
 3.12122314e-02]
2025-09-14 14:59:39,507 - pyswarms.single.global_best - INFO - Optimize for 15 iters with {'c1': 0.5, 'c2': 0.5, 'w': 0.5}
2025-09-14 15:32:20,022 - pyswarms.single.global_best - INFO - Optimization finished | best cost: -0.675, best pos: [3.13350559e+02 2.78366205e-01 3.77342219e+00]
2025-09-14 15:32:20,025 - pyswarms.single.global_best - INFO - Optimize for 15 iters with {'c1': 0.5, 'c2': 0.5, 'w': 0.5}
2025-09-14 15:48:45,235 - pyswarms.single.global_best - INFO - Optimization finished | best cost: -0.55, best pos: [ 84.83086773 148.8077549   40.18754804   7.81442574]
2025-09-14 16:08:00,790 - pyswarms.single.global_best - INFO - Optimize for 15 iters with {'c1': 0.5, 'c2': 0.5, 'w': 0.5}
2025-09-14 16:29:09,174 - pyswarms.single.global_best - INFO - Optimization finished | best cost: -0.625, best pos: [101.02651945   0.1725158    0.6998032 ]
2025-09-14 16:29:09,178 - pyswarms.single.global_best - INFO - Optimize for 15 iters with {'c1': 0.5, 'c2': 0.5, 'w': 0.5}
2025-09-14 16:49:29,556 - pyswarms.single.global_best - INFO - Optimization finished | best cost: -0.625, best pos: [104.26207832 166.12632352   4.58584352   3.42428192]
2025-09-14 17:12:08,696 - pyswarms.single.global_best - INFO - Optimize for 15 iters with {'c1': 0.5, 'c2': 0.5, 'w': 0.5}
2025-09-14 17:46:21,142 - pyswarms.single.global_best - INFO - Optimization finished | best cost: -0.625, best pos: [3.11249795e+02 2.71750996e-01 7.64381024e-01]
2025-09-14 17:46:21,144 - pyswarms.single.global_best - INFO - Optimize for 15 iters with {'c1': 0.5, 'c2': 0.5, 'w': 0.5}
2025-09-14 18:24:46,458 - pyswarms.single.global_best - INFO - Optimization finished | best cost: -0.525, best pos: [281.66574351  33.5615632   42.12459801   6.8593647 ]
2025-09-14 19:10:01,188 - pyswarms.single.global_best - INFO - Optimize for 15 iters with {'c1': 0.5, 'c2': 0.5, 'w': 0.5}
2025-09-14 19:52:43,707 - pyswarms.single.global_best - INFO - Optimization finished | best cost: -0.6499999999999999, best pos: [2.67676471e+02 2.47886288e-01 2.23663660e+00]
2025-09-14 19:52:43,710 - pyswarms.single.global_best - INFO - Optimize for 15 iters with {'c1': 0.5, 'c2': 0.5, 'w': 0.5}
2025-09-14 20:37:09,550 - pyswarms.single.global_best - INFO - Optimization finished | best cost: -0.6, best pos: [361.19190277 158.29107364   9.59205366   3.21584055]
2025-09-14 21:07:51,450 - pyswarms.single.global_best - INFO - Optimize for 15 iters with {'c1': 0.5, 'c2': 0.5, 'w': 0.5}
2025-09-14 21:40:59,364 - pyswarms.single.global_best - INFO - Optimization finished | best cost: -0.6499999999999999, best pos: [3.02253015e+02 8.31191888e-02 2.44682569e+00]
2025-09-14 21:40:59,367 - pyswarms.single.global_best - INFO - Optimize for 15 iters with {'c1': 0.5, 'c2': 0.5, 'w': 0.5}
2025-09-14 21:58:18,234 - pyswarms.single.global_best - INFO - Optimization finished | best cost: -0.575, best pos: [ 70.55190219 295.88569402  19.43360783   3.13639454]
2025-09-14 22:51:54,438 - pyswarms.single.global_best - INFO - Optimize for 15 iters with {'c1': 0.5, 'c2': 0.5, 'w': 0.5}
2025-09-14 23:20:04,911 - pyswarms.single.global_best - INFO - Optimization finished | best cost: -0.625, best pos: [131.63830669   0.57052108   0.64265149]
2025-09-14 23:20:04,915 - pyswarms.single.global_best - INFO - Optimize for 15 iters with {'c1': 0.5, 'c2': 0.5, 'w': 0.5}
2025-09-14 23:38:44,794 - pyswarms.single.global_best - INFO - Optimization finished | best cost: -0.55, best pos: [ 69.59026425 243.34114863  26.45805777   3.66945365]
2025-09-15 00:01:47,107 - pyswarms.single.global_best - INFO - Optimize for 15 iters with {'c1': 0.5, 'c2': 0.5, 'w': 0.5}
2025-09-15 00:45:28,184 - pyswarms.single.global_best - INFO - Optimization finished | best cost: -0.625, best pos: [277.34976331   0.43752793   2.97900954]
2025-09-15 00:45:28,188 - pyswarms.single.global_best - INFO - Optimize for 15 iters with {'c1': 0.5, 'c2': 0.5, 'w': 0.5}
2025-09-15 01:42:05,640 - pyswarms.single.global_best - INFO - Optimization finished | best cost: -0.55, best pos: [338.64878731 378.74284255  28.18123119   2.60293733]
2025-09-15 02:05:21,343 - pyswarms.single.global_best - INFO - Optimize for 15 iters with {'c1': 0.5, 'c2': 0.5, 'w': 0.5}
2025-09-15 02:35:58,513 - pyswarms.single.global_best - INFO - Optimization finished | best cost: -0.6000000000000001, best pos: [267.0226903    0.82940438   0.492972  ]
2025-09-15 02:35:58,515 - pyswarms.single.global_best - INFO - Optimize for 15 iters with {'c1': 0.5, 'c2': 0.5, 'w': 0.5}
2025-09-15 03:13:15,675 - pyswarms.single.global_best - INFO - Optimization finished | best cost: -0.6499999999999999, best pos: [291.23266597 143.33007326   3.20643737   2.71516091]
2025-09-15 03:13:15,678 - pyswarms.single.global_best - INFO - Optimize for 15 iters with {'c1': 0.5, 'c2': 0.5, 'w': 0.5}
2025-09-15 03:36:46,055 - pyswarms.single.global_best - INFO - Optimization finished | best cost: -0.625, best pos: [194.78114006 113.41685366   0.83230248   0.86305387   0.21061605]
2025-09-15 04:17:15,096 - pyswarms.single.global_best - INFO - Optimize for 15 iters with {'c1': 0.5, 'c2': 0.5, 'w': 0.5}
2025-09-15 04:50:14,797 - pyswarms.single.global_best - INFO - Optimization finished | best cost: -0.625, best pos: [279.22798942   0.76578837   2.44688455]
2025-09-15 04:50:14,799 - pyswarms.single.global_best - INFO - Optimize for 15 iters with {'c1': 0.5, 'c2': 0.5, 'w': 0.5}
2025-09-15 05:03:39,492 - pyswarms.single.global_best - INFO - Optimization finished | best cost: -0.575, best pos: [ 71.97720199 273.15285081  14.28469475   4.63800432]
2025-09-15 05:03:39,495 - pyswarms.single.global_best - INFO - Optimize for 15 iters with {'c1': 0.5, 'c2': 0.5, 'w': 0.5}
2025-09-15 05:24:59,174 - pyswarms.single.global_best - INFO - Optimization finished | best cost: -0.625, best pos: [1.15611771e+02 1.54229277e+02 4.32731551e-01 1.03209802e-02
 1.02318555e-01]
2025-09-15 07:01:38,349 - pyswarms.single.global_best - INFO - Optimize for 15 iters with {'c1': 0.5, 'c2': 0.5, 'w': 0.5}
2025-09-15 07:32:21,681 - pyswarms.single.global_best - INFO - Optimization finished | best cost: -0.15000000000000002, best pos: [245.0830673    0.54346074   2.97198513]
2025-09-15 07:32:21,683 - pyswarms.single.global_best - INFO - Optimize for 15 iters with {'c1': 0.5, 'c2': 0.5, 'w': 0.5}
2025-09-15 07:52:12,749 - pyswarms.single.global_best - INFO - Optimization finished | best cost: -0.07500000000000001, best pos: [115.4740221  166.74829799  44.44359791  22.4722031 ]
2025-09-15 07:52:12,751 - pyswarms.single.global_best - INFO - Optimize for 15 iters with {'c1': 0.5, 'c2': 0.5, 'w': 0.5}
2025-09-15 08:41:38,042 - pyswarms.single.global_best - INFO - Optimization finished | best cost: -0.2, best pos: [2.06820230e+02 3.24448464e+02 5.40113282e-01 7.55406922e-01
 1.56628740e-02]
2025-09-15 10:02:47,831 - pyswarms.single.global_best - INFO - Optimize for 15 iters with {'c1': 0.5, 'c2': 0.5, 'w': 0.5}
2025-09-15 10:20:11,546 - pyswarms.single.global_best - INFO - Optimization finished | best cost: -0.2, best pos: [18.77458868  0.58007004  0.91766742]
2025-09-15 10:20:11,549 - pyswarms.single.global_best - INFO - Optimize for 15 iters with {'c1': 0.5, 'c2': 0.5, 'w': 0.5}
2025-09-15 10:50:06,124 - pyswarms.single.global_best - INFO - Optimization finished | best cost: -0.15000000000000002, best pos: [192.53943012 167.48450373   3.62475909   3.17834896]
2025-09-15 10:50:06,127 - pyswarms.single.global_best - INFO - Optimize for 15 iters with {'c1': 0.5, 'c2': 0.5, 'w': 0.5}
2025-09-15 12:08:20,518 - pyswarms.single.global_best - INFO - Optimization finished | best cost: -0.2, best pos: [3.40785335e+02 8.51140121e+01 6.41048838e-01 5.58057204e-01
 6.21351221e-02]
2025-09-15 13:36:15,503 - pyswarms.single.global_best - INFO - Optimize for 15 iters with {'c1': 0.5, 'c2': 0.5, 'w': 0.5}
2025-09-15 13:58:29,161 - pyswarms.single.global_best - INFO - Optimization finished | best cost: -0.15000000000000002, best pos: [104.63267125   0.41136609   0.65091036]
2025-09-15 13:58:29,164 - pyswarms.single.global_best - INFO - Optimize for 15 iters with {'c1': 0.5, 'c2': 0.5, 'w': 0.5}
2025-09-15 14:38:07,340 - pyswarms.single.global_best - INFO - Optimization finished | best cost: -0.07500000000000001, best pos: [290.62623802 148.73485233  31.67196617   3.72843881]
2025-09-15 14:38:07,343 - pyswarms.single.global_best - INFO - Optimize for 15 iters with {'c1': 0.5, 'c2': 0.5, 'w': 0.5}
2025-09-15 17:58:06,892 - pyswarms.single.global_best - INFO - Optimization finished | best cost: -0.175, best pos: [2.41234339e+02 1.69683120e+02 9.24677117e-01 1.56024814e-01
 1.61553366e-01]
2025-09-15 18:53:32,401 - pyswarms.single.global_best - INFO - Optimize for 15 iters with {'c1': 0.5, 'c2': 0.5, 'w': 0.5}
2025-09-15 19:26:18,704 - pyswarms.single.global_best - INFO - Optimization finished | best cost: -0.17500000000000002, best pos: [175.37825291   0.65043593   2.79754455]
2025-09-15 19:26:18,707 - pyswarms.single.global_best - INFO - Optimize for 15 iters with {'c1': 0.5, 'c2': 0.5, 'w': 0.5}
2025-09-15 20:13:42,133 - pyswarms.single.global_best - INFO - Optimization finished | best cost: -0.125, best pos: [352.55869334 115.67129269  13.91566979   4.66763739]
2025-09-15 20:13:42,138 - pyswarms.single.global_best - INFO - Optimize for 15 iters with {'c1': 0.5, 'c2': 0.5, 'w': 0.5}
2025-09-15 21:14:16,000 - pyswarms.single.global_best - INFO - Optimization finished | best cost: -0.175, best pos: [207.19183233 122.48380965   0.29167543   0.46544125   0.21915062]
2025-09-15 22:10:36,675 - pyswarms.single.global_best - INFO - Optimize for 15 iters with {'c1': 0.5, 'c2': 0.5, 'w': 0.5}
2025-09-15 22:37:56,809 - pyswarms.single.global_best - INFO - Optimization finished | best cost: -0.17500000000000002, best pos: [133.34579962   0.58401126   2.62392728]
2025-09-15 22:37:56,813 - pyswarms.single.global_best - INFO - Optimize for 15 iters with {'c1': 0.5, 'c2': 0.5, 'w': 0.5}
2025-09-15 23:13:35,767 - pyswarms.single.global_best - INFO - Optimization finished | best cost: -0.1, best pos: [172.94741342 187.72030589  30.66450108   5.11320745]
2025-09-15 23:13:35,771 - pyswarms.single.global_best - INFO - Optimize for 15 iters with {'c1': 0.5, 'c2': 0.5, 'w': 0.5}
2025-09-16 00:51:32,216 - pyswarms.single.global_best - INFO - Optimization finished | best cost: -0.175, best pos: [1.93423917e+02 3.64711889e+02 8.85893773e-01 7.30139653e-01
 1.40035968e-01]
2025-09-16 02:05:26,629 - pyswarms.single.global_best - INFO - Optimize for 15 iters with {'c1': 0.5, 'c2': 0.5, 'w': 0.5}
2025-09-16 02:34:37,076 - pyswarms.single.global_best - INFO - Optimization finished | best cost: -0.17500000000000002, best pos: [205.71272135   0.20665073   2.93075299]
2025-09-16 02:34:37,079 - pyswarms.single.global_best - INFO - Optimize for 15 iters with {'c1': 0.5, 'c2': 0.5, 'w': 0.5}
2025-09-16 02:52:46,801 - pyswarms.single.global_best - INFO - Optimization finished | best cost: -0.07500000000000001, best pos: [112.26961981 145.44093649  11.8538443   18.31538249]
2025-09-16 02:52:46,804 - pyswarms.single.global_best - INFO - Optimize for 15 iters with {'c1': 0.5, 'c2': 0.5, 'w': 0.5}
2025-09-16 04:02:55,306 - pyswarms.single.global_best - INFO - Optimization finished | best cost: -0.2, best pos: [3.68962388e+02 3.34983521e+02 9.25881518e-01 2.22548346e-01
 6.62225772e-02]
2025-09-16 05:23:22,737 - pyswarms.single.global_best - INFO - Optimize for 15 iters with {'c1': 0.5, 'c2': 0.5, 'w': 0.5}
2025-09-16 05:46:53,289 - pyswarms.single.global_best - INFO - Optimization finished | best cost: -0.17500000000000002, best pos: [89.86371848  0.46518576  2.8881284 ]
2025-09-16 05:46:53,293 - pyswarms.single.global_best - INFO - Optimize for 15 iters with {'c1': 0.5, 'c2': 0.5, 'w': 0.5}
2025-09-16 10:56:42,539 - pyswarms.single.global_best - INFO - Optimize for 15 iters with {'c1': 0.5, 'c2': 0.5, 'w': 0.5}
2025-09-16 11:26:37,786 - pyswarms.single.global_best - INFO - Optimization finished | best cost: -0.1, best pos: [204.684023   272.73404238  22.47555938  10.22471856]
2025-09-16 11:26:37,790 - pyswarms.single.global_best - INFO - Optimize for 15 iters with {'c1': 0.5, 'c2': 0.5, 'w': 0.5}
2025-09-16 12:46:58,849 - pyswarms.single.global_best - INFO - Optimization finished | best cost: -0.2, best pos: [3.07607436e+02 9.86461294e+01 7.52640195e-01 3.71567359e-01
 3.38345033e-02]
2025-09-16 14:10:08,333 - pyswarms.single.global_best - INFO - Optimize for 15 iters with {'c1': 0.5, 'c2': 0.5, 'w': 0.5}
2025-09-16 14:37:41,708 - pyswarms.single.global_best - INFO - Optimization finished | best cost: -0.15000000000000002, best pos: [119.06168119   0.82146576   2.42299568]
2025-09-16 14:37:41,711 - pyswarms.single.global_best - INFO - Optimize for 15 iters with {'c1': 0.5, 'c2': 0.5, 'w': 0.5}
2025-09-16 15:10:38,904 - pyswarms.single.global_best - INFO - Optimization finished | best cost: -0.17500000000000002, best pos: [140.36146855 133.66334258  16.6605013    2.58096563]
2025-09-16 15:10:38,907 - pyswarms.single.global_best - INFO - Optimize for 15 iters with {'c1': 0.5, 'c2': 0.5, 'w': 0.5}
2025-09-16 16:37:50,817 - pyswarms.single.global_best - INFO - Optimization finished | best cost: -0.175, best pos: [2.17874870e+02 3.11017124e+02 9.84748166e-01 1.95489953e-01
 1.01854166e-03]
2025-09-16 18:54:29,310 - pyswarms.single.global_best - INFO - Optimize for 15 iters with {'c1': 0.5, 'c2': 0.5, 'w': 0.5}
2025-09-16 19:35:00,870 - pyswarms.single.global_best - INFO - Optimization finished | best cost: -0.2, best pos: [62.92540441  0.19241602  0.61318428]
2025-09-16 19:35:00,873 - pyswarms.single.global_best - INFO - Optimize for 15 iters with {'c1': 0.5, 'c2': 0.5, 'w': 0.5}
2025-09-16 19:55:50,150 - pyswarms.single.global_best - INFO - Optimization finished | best cost: -0.125, best pos: [ 98.2881739  319.53222601   8.26339747   5.08469593]
2025-09-16 19:55:50,154 - pyswarms.single.global_best - INFO - Optimize for 15 iters with {'c1': 0.5, 'c2': 0.5, 'w': 0.5}
2025-09-16 21:47:01,910 - pyswarms.single.global_best - INFO - Optimization finished | best cost: -0.2, best pos: [2.05638881e+02 2.85217256e+02 6.27644049e-01 7.36181707e-01
 6.92141108e-02]
2025-09-19 00:48:31,359 - pyswarms.single.global_best - INFO - Optimize for 15 iters with {'c1': 0.5, 'c2': 0.5, 'w': 0.5}
2025-09-19 01:41:37,970 - pyswarms.single.global_best - INFO - Optimization finished | best cost: -0.9, best pos: [324.70215543   0.52885249   1.93004425]
2025-09-19 01:41:37,974 - pyswarms.single.global_best - INFO - Optimize for 15 iters with {'c1': 0.5, 'c2': 0.5, 'w': 0.5}
2025-09-19 02:07:42,894 - pyswarms.single.global_best - INFO - Optimization finished | best cost: -0.75, best pos: [216.73496869 280.9272331   33.4252135    5.4934157 ]
2025-09-19 02:07:42,896 - pyswarms.single.global_best - INFO - Optimize for 15 iters with {'c1': 0.5, 'c2': 0.5, 'w': 0.5}
2025-09-19 02:34:02,966 - pyswarms.single.global_best - INFO - Optimization finished | best cost: -0.925, best pos: [2.77970756e+02 1.92517350e+01 1.88934599e+00 3.00695112e-01
 3.55793370e-02]
2025-09-19 03:15:53,757 - pyswarms.single.global_best - INFO - Optimize for 15 iters with {'c1': 0.5, 'c2': 0.5, 'w': 0.5}
2025-09-19 03:40:35,733 - pyswarms.single.global_best - INFO - Optimization finished | best cost: -0.925, best pos: [19.83192197  0.19893971  1.47671695]
2025-09-19 03:40:35,736 - pyswarms.single.global_best - INFO - Optimize for 15 iters with {'c1': 0.5, 'c2': 0.5, 'w': 0.5}
2025-09-19 03:55:08,133 - pyswarms.single.global_best - INFO - Optimization finished | best cost: -0.775, best pos: [ 71.38727511 128.71221866  39.62596911   5.24172131]
2025-09-19 03:55:08,136 - pyswarms.single.global_best - INFO - Optimize for 15 iters with {'c1': 0.5, 'c2': 0.5, 'w': 0.5}
2025-09-19 04:20:37,772 - pyswarms.single.global_best - INFO - Optimization finished | best cost: -0.925, best pos: [3.77390867e+02 1.70069896e+01 1.63014105e+00 9.93778650e-02
 3.54845163e-02]
2025-09-19 04:58:31,058 - pyswarms.single.global_best - INFO - Optimize for 15 iters with {'c1': 0.5, 'c2': 0.5, 'w': 0.5}
2025-09-19 05:18:20,512 - pyswarms.single.global_best - INFO - Optimization finished | best cost: -0.95, best pos: [27.41516311  0.91028646  1.49202682]
2025-09-19 05:18:20,514 - pyswarms.single.global_best - INFO - Optimize for 15 iters with {'c1': 0.5, 'c2': 0.5, 'w': 0.5}
2025-09-19 05:53:29,662 - pyswarms.single.global_best - INFO - Optimization finished | best cost: -0.825, best pos: [261.64025912 233.75530027   2.99463394   3.64214304]
2025-09-19 05:53:29,665 - pyswarms.single.global_best - INFO - Optimize for 15 iters with {'c1': 0.5, 'c2': 0.5, 'w': 0.5}
2025-09-19 06:20:17,368 - pyswarms.single.global_best - INFO - Optimization finished | best cost: -0.925, best pos: [3.38393385e+02 2.97515756e+02 1.47562683e+00 7.19426791e-01
 9.36084938e-03]
2025-09-19 07:12:07,143 - pyswarms.single.global_best - INFO - Optimize for 15 iters with {'c1': 0.5, 'c2': 0.5, 'w': 0.5}
2025-09-19 07:30:21,203 - pyswarms.single.global_best - INFO - Optimization finished | best cost: -0.95, best pos: [18.11441159  0.62620794  1.47190654]
2025-09-19 07:30:21,206 - pyswarms.single.global_best - INFO - Optimize for 15 iters with {'c1': 0.5, 'c2': 0.5, 'w': 0.5}
2025-09-19 08:07:12,959 - pyswarms.single.global_best - INFO - Optimization finished | best cost: -0.75, best pos: [291.85660399 154.26752901  40.0557739    4.86542779]
2025-09-19 08:07:12,962 - pyswarms.single.global_best - INFO - Optimize for 15 iters with {'c1': 0.5, 'c2': 0.5, 'w': 0.5}
2025-09-19 08:29:31,235 - pyswarms.single.global_best - INFO - Optimization finished | best cost: -0.925, best pos: [3.00212602e+02 1.57031703e+02 1.31193899e+00 4.23344128e-01
 3.90296310e-02]
2025-09-19 09:02:20,727 - pyswarms.single.global_best - INFO - Optimize for 15 iters with {'c1': 0.5, 'c2': 0.5, 'w': 0.5}
2025-09-19 09:57:38,765 - pyswarms.single.global_best - INFO - Optimization finished | best cost: -0.9, best pos: [363.19827973   0.68613586   1.60614617]
2025-09-19 09:57:38,767 - pyswarms.single.global_best - INFO - Optimize for 15 iters with {'c1': 0.5, 'c2': 0.5, 'w': 0.5}
2025-09-19 10:46:23,834 - pyswarms.single.global_best - INFO - Optimization finished | best cost: -0.8, best pos: [388.28748961 118.04112016  12.8737098    3.70942924]
2025-09-19 10:46:23,837 - pyswarms.single.global_best - INFO - Optimize for 15 iters with {'c1': 0.5, 'c2': 0.5, 'w': 0.5}
2025-09-19 11:11:33,718 - pyswarms.single.global_best - INFO - Optimization finished | best cost: -0.8500000000000001, best pos: [215.67900296 225.65887874   1.74987805   0.61366469   0.53442975]
2025-09-19 12:00:09,249 - pyswarms.single.global_best - INFO - Optimize for 15 iters with {'c1': 0.5, 'c2': 0.5, 'w': 0.5}
2025-09-19 12:46:26,500 - pyswarms.single.global_best - INFO - Optimization finished | best cost: -0.9, best pos: [314.73515395   0.99751082   1.74750367]
2025-09-19 12:46:26,503 - pyswarms.single.global_best - INFO - Optimize for 15 iters with {'c1': 0.5, 'c2': 0.5, 'w': 0.5}
2025-09-19 13:25:40,542 - pyswarms.single.global_best - INFO - Optimization finished | best cost: -0.8, best pos: [ 69.18014612 275.942184    19.68811169   3.85851003]
2025-09-19 13:25:40,545 - pyswarms.single.global_best - INFO - Optimize for 15 iters with {'c1': 0.5, 'c2': 0.5, 'w': 0.5}
2025-09-19 14:04:03,803 - pyswarms.single.global_best - INFO - Optimization finished | best cost: -0.925, best pos: [3.21881824e+02 2.36734229e+02 1.34654801e+00 1.31873110e-01
 2.89237439e-02]
2025-09-19 15:18:19,820 - pyswarms.single.global_best - INFO - Optimize for 15 iters with {'c1': 0.5, 'c2': 0.5, 'w': 0.5}
2025-09-19 16:42:58,211 - pyswarms.single.global_best - INFO - Optimization finished | best cost: -0.9, best pos: [230.95108723   0.70373888   1.2975238 ]
2025-09-19 16:42:58,217 - pyswarms.single.global_best - INFO - Optimize for 15 iters with {'c1': 0.5, 'c2': 0.5, 'w': 0.5}
2025-09-19 16:56:51,980 - pyswarms.single.global_best - INFO - Optimization finished | best cost: -0.8, best pos: [ 43.35510417 242.05017048  18.12923192   3.2399863 ]
2025-09-19 16:56:51,984 - pyswarms.single.global_best - INFO - Optimize for 15 iters with {'c1': 0.5, 'c2': 0.5, 'w': 0.5}
