CONSUMO;DATA;TEMP_MIN_MÉD_MENS;TEMP_MÉD_MIN_MENS;TEMP_MÉD_MÉD_MENS;TEMP_MÉD_MAX_MENS;TEMP_MÉD_ACC_MENS;TEMP_MAX_MÉD_MENS;PRECIPITAÇÃO_MÉD_MENS;TEMP_MIN_MIN_MENS;TEMP_MIN_MAX_MENS;TEMP_MIN_ACC_MENS;TEMP_MAX_MIN_MENS;PRECIPITAÇÃO_MIN_MENS;TEMP_MAX_MAX_MENS;TEMP_MAX_ACC_MENS;PRECIPITAÇÃO_MAX_MENS;PRECIPITAÇÃO_ACC_MENS;DIA_DA_SEMANA_dom;DIA_DA_SEMANA_qua;DIA_DA_SEMANA_qui;DIA_DA_SEMANA_seg;DIA_DA_SEMANA_sex;DIA_DA_SEMANA_sáb;DIA_DA_SEMANA_ter;MÊS_abr;MÊS_ago;MÊS_dez;MÊS_fev;MÊS_jan;MÊS_jul;MÊS_jun;MÊS_mai;MÊS_mar;MÊS_nov;MÊS_out;MÊS_set;ANO_2021;ANO_2022;ANO_2023;ANO_2024;ANO_2015;ANO_2016;ANO_2017;ANO_2018;ANO_2019;ANO_2020;ANO_2014;CAMPUS_ARAPONGAS;CAMPUS_ASSIS CHATEAUBRIAND;CAMPUS_ASTORGA;CAMPUS_BARRACÃO;CAMPUS_CAMPO LARGO;CAMPUS_CAPANEMA;CAMPUS_CASCAVEL;CAMPUS_COLOMBO;CAMPUS_CORONEL VIVIDA;CAMPUS_CURITIBA;CAMPUS_FOZ DO IGUAÇU;CAMPUS_GOIOERÊ;CAMPUS_IRATI;CAMPUS_IVAIPORÃ;CAMPUS_JACAREZINHO;CAMPUS_JAGUARIAÍVA;CAMPUS_LONDRINA - CENTRO;CAMPUS_LONDRINA - NORTE;CAMPUS_PALMAS;CAMPUS_PARANAGUÁ;CAMPUS_PARANAVAÍ;CAMPUS_PINHAIS;CAMPUS_PITANGA;CAMPUS_QUEDAS DO IGUAÇU;CAMPUS_TELÊMACO BORBA;CAMPUS_UMUARAMA;CAMPUS_UNIÃO DA VITÓRIA;CURSOS_TEC_CONCOMITANTE;CURSOS_TEC_INTEGRADO;CURSOS_TEC_SUBSEQUENTE;CURSOS_GRAD_MATUTINO;CURSOS_GRAD_VESPERTINO;CURSOS_GRAD_NOTURNO;CURSOS_POS;FÉRIAS;FERIADO;COVID;GREVE;CAMPUS;REGIÃO;ORDEM;CLASSE
0.5020366099033223;2015-02-28;18;22;25;27;692;33;4;18;22;558;33;0;33;827;20;125;4;4;4;4;4;4;4;0;0;0;1;0;0;0;0;0;0;0;0;0;0;0;0;1;0;0;0;0;0;0;0;1;0;0;0;0;0;0;0;0;0;0;0;0;0;0;0;0;0;0;0;0;0;0;0;0;0;0;2;5;0;0;1;1;0;3;0;0;ASSIS CHATEAUBRIAND;REGIÃO OESTE;1;4
0.8468861952201011;2015-03-31;12;19;24;26;729;32;2;12;21;574;32;0;32;883;22;70;5;4;4;5;4;4;5;0;0;0;0;0;0;0;0;1;0;0;0;0;0;0;0;1;0;0;0;0;0;0;0;1;0;0;0;0;0;0;0;0;0;0;0;0;0;0;0;0;0;0;0;0;0;0;0;0;0;0;2;5;0;0;2;1;0;0;0;0;ASSIS CHATEAUBRIAND;REGIÃO OESTE;2;6
0.6430779800755754;2015-04-30;13;19;21;24;640;29;6;13;21;488;29;0;29;790;59;167;4;5;5;4;4;4;4;1;0;0;0;0;0;0;0;0;0;0;0;0;0;0;0;1;0;0;0;0;0;0;0;1;0;0;0;0;0;0;0;0;0;0;0;0;0;0;0;0;0;0;0;0;0;0;0;0;0;0;2;5;0;0;2;1;0;1;0;0;ASSIS CHATEAUBRIAND;REGIÃO OESTE;3;5
0.5308435981744123;2015-05-31;7;11;18;23;557;28;9;7;19;431;28;0;28;683;83;292;5;4;4;4;5;5;4;0;0;0;0;0;0;0;1;0;0;0;0;0;0;0;0;1;0;0;0;0;0;0;0;1;0;0;0;0;0;0;0;0;0;0;0;0;0;0;0;0;0;0;0;0;0;0;0;0;0;0;2;5;0;0;2;1;0;0;0;0;ASSIS CHATEAUBRIAND;REGIÃO OESTE;4;4
0.3845512096972077;2015-06-30;4;10;18;22;542;29;1;4;18;391;29;0;29;693;16;31;4;4;4;5;4;4;5;0;0;0;0;0;0;1;0;0;0;0;0;0;0;0;0;1;0;0;0;0;0;0;0;1;0;0;0;0;0;0;0;0;0;0;0;0;0;0;0;0;0;0;0;0;0;0;0;0;0;0;2;5;0;0;2;1;0;1;0;0;ASSIS CHATEAUBRIAND;REGIÃO OESTE;5;2
0.3025469892525887;2015-07-31;5;10;16;21;503;28;18;5;17;376;28;0;28;630;108;569;4;5;5;4;5;4;4;0;0;0;0;0;1;0;0;0;0;0;0;0;0;0;0;1;0;0;0;0;0;0;0;1;0;0;0;0;0;0;0;0;0;0;0;0;0;0;0;0;0;0;0;0;0;0;0;0;0;0;2;5;0;0;2;1;15;0;0;3;ASSIS CHATEAUBRIAND;REGIÃO OESTE;6;1
0.3313539775236787;2015-08-31;8;15;21;26;652;32;4;8;19;456;32;0;32;849;54;118;5;4;4;5;4;5;4;0;1;0;0;0;0;0;0;0;0;0;0;0;0;0;0;1;0;0;0;0;0;0;0;1;0;0;0;0;0;0;0;0;0;0;0;0;0;0;0;0;0;0;0;0;0;0;0;0;0;0;2;4;0;0;2;1;0;0;0;31;ASSIS CHATEAUBRIAND;REGIÃO OESTE;7;2
0.3869068066938215;2015-09-30;3;10;21;28;633;35;8;3;22;448;35;0;35;819;84;227;4;5;4;4;4;4;5;0;0;0;0;0;0;0;0;0;0;0;1;0;0;0;0;1;0;0;0;0;0;0;0;1;0;0;0;0;0;0;0;0;0;0;0;0;0;0;0;0;0;0;0;0;0;0;0;0;0;0;2;4;0;0;2;1;0;0;0;30;ASSIS CHATEAUBRIAND;REGIÃO OESTE;8;2
0.5537615939539677;2015-10-31;11;15;23;29;711;35;5;11;23;556;35;0;35;866;40;162;4;4;5;4;5;5;4;0;0;0;0;0;0;0;0;0;0;1;0;0;0;0;0;1;0;0;0;0;0;0;0;1;0;0;0;0;0;0;0;0;0;0;0;0;0;0;0;0;0;0;0;0;0;0;0;0;0;0;2;4;0;0;2;1;0;0;0;7;ASSIS CHATEAUBRIAND;REGIÃO OESTE;9;4
0.5709378220542769;2015-11-30;11;19;22;27;670;33;16;11;21;551;33;0;33;788;87;487;5;4;4;5;4;4;4;0;0;0;0;0;0;0;0;0;1;0;0;0;0;0;0;1;0;0;0;0;0;0;0;1;0;0;0;0;0;0;0;0;0;0;0;0;0;0;0;0;0;0;0;0;0;0;0;0;0;0;2;4;0;0;2;1;0;0;0;0;ASSIS CHATEAUBRIAND;REGIÃO OESTE;10;4
0.5805074348530206;2015-12-31;15;20;23;27;724;32;12;15;22;601;32;0;32;848;102;363;4;5;5;4;4;4;5;0;0;1;0;0;0;0;0;0;0;0;0;0;0;0;0;1;0;0;0;0;0;0;0;1;0;0;0;0;0;0;0;0;0;0;0;0;0;0;0;0;0;0;0;0;0;0;0;0;0;0;2;4;0;0;2;1;0;0;0;0;ASSIS CHATEAUBRIAND;REGIÃO OESTE;11;4
0.42420375914020714;2016-01-31;18;23;25;28;782;34;5;18;23;636;34;0;34;927;46;159;5;4;4;4;5;5;4;0;0;0;0;1;0;0;0;0;0;0;0;0;0;0;0;0;1;0;0;0;0;0;0;1;0;0;0;0;0;0;0;0;0;0;0;0;0;0;0;0;0;0;0;0;0;0;0;0;0;0;2;4;0;0;2;1;31;0;0;0;ASSIS CHATEAUBRIAND;REGIÃO OESTE;12;3
0.6151052657407862;2016-02-29;19;22;25;28;734;33;4;19;23;602;33;0;33;865;23;117;4;4;4;5;4;4;4;0;0;0;1;0;0;0;0;0;0;0;0;0;0;0;0;0;1;0;0;0;0;0;0;1;0;0;0;0;0;0;0;0;0;0;0;0;0;0;0;0;0;0;0;0;0;0;0;0;0;0;2;4;0;0;2;1;0;3;0;0;ASSIS CHATEAUBRIAND;REGIÃO OESTE;13;5
0.7110467684153703;2016-03-31;12;17;22;28;685;32;3;12;24;542;32;0;32;827;37;89;4;5;5;4;4;4;5;0;0;0;0;0;0;0;0;1;0;0;0;0;0;0;0;0;1;0;0;0;0;0;0;1;0;0;0;0;0;0;0;0;0;0;0;0;0;0;0;0;0;0;0;0;0;0;0;0;0;0;2;4;0;0;2;1;0;1;0;0;ASSIS CHATEAUBRIAND;REGIÃO OESTE;14;6
0.6333611424645433;2016-04-30;4;9;23;28;702;33;2;4;23;542;33;0;33;862;49;69;4;4;4;4;5;5;4;1;0;0;0;0;0;0;0;0;0;0;0;0;0;0;0;0;1;0;0;0;0;0;0;1;0;0;0;0;0;0;0;0;0;0;0;0;0;0;0;0;0;0;0;0;0;0;0;0;0;0;2;4;0;0;2;1;0;0;0;0;ASSIS CHATEAUBRIAND;REGIÃO OESTE;15;5
0.4062914069784561;2016-05-31;4;11;16;22;490;27;9;4;16;368;27;0;27;612;99;292;5;4;4;5;4;4;5;0;0;0;0;0;0;0;1;0;0;0;0;0;0;0;0;0;1;0;0;0;0;0;0;1;0;0;0;0;0;0;0;0;0;0;0;0;0;0;0;0;0;0;0;0;0;0;0;0;0;0;2;4;0;0;2;1;0;1;0;0;ASSIS CHATEAUBRIAND;REGIÃO OESTE;16;3
0.362467487853953;2016-06-30;-1;7;14;20;408;27;3;-1;14;252;27;0;27;563;49;98;4;5;5;4;4;4;4;0;0;0;0;0;0;1;0;0;0;0;0;0;0;0;0;0;1;0;0;0;0;0;0;1;0;0;0;0;0;0;0;0;0;0;0;0;0;0;0;0;0;0;0;0;0;0;0;0;0;0;2;4;0;0;2;1;0;0;0;0;ASSIS CHATEAUBRIAND;REGIÃO OESTE;17;2
0.3723806252147029;2016-07-31;2;6;17;23;514;30;2;2;18;324;30;0;30;704;23;70;5;4;4;4;5;5;4;0;0;0;0;0;1;0;0;0;0;0;0;0;0;0;0;0;1;0;0;0;0;0;0;1;0;0;0;0;0;0;0;0;0;0;0;0;0;0;0;0;0;0;0;0;0;0;0;0;0;0;2;4;0;0;2;1;14;0;0;0;ASSIS CHATEAUBRIAND;REGIÃO OESTE;18;2
0.4079599548510576;2016-08-31;3;10;18;25;555;32;15;3;18;386;32;0;32;723;82;459;4;5;4;5;4;4;5;0;1;0;0;0;0;0;0;0;0;0;0;0;0;0;0;0;1;0;0;0;0;0;0;1;0;0;0;0;0;0;0;0;0;0;0;0;0;0;0;0;0;0;0;0;0;0;0;0;0;0;2;4;0;0;2;1;0;0;0;0;ASSIS CHATEAUBRIAND;REGIÃO OESTE;19;3
0.4534524218481622;2016-09-30;3;10;18;24;536;32;2;3;18;325;32;0;32;747;25;55;4;4;5;4;5;4;4;0;0;0;0;0;0;0;0;0;0;0;1;0;0;0;0;0;1;0;0;0;0;0;0;1;0;0;0;0;0;0;0;0;0;0;0;0;0;0;0;0;0;0;0;0;0;0;0;0;0;0;2;4;0;0;2;1;0;0;0;0;ASSIS CHATEAUBRIAND;REGIÃO OESTE;20;3
0.5663247779359081;2016-10-31;7;14;21;29;652;34;11;7;23;480;34;0;34;824;85;352;5;4;4;5;4;5;4;0;0;0;0;0;0;0;0;0;0;1;0;0;0;0;0;0;1;0;0;0;0;0;0;1;0;0;0;0;0;0;0;0;0;0;0;0;0;0;0;0;0;0;0;0;0;0;0;0;0;0;2;4;0;0;2;1;0;0;0;0;ASSIS CHATEAUBRIAND;REGIÃO OESTE;21;4
0.5941993423958384;2016-11-30;8;16;22;26;657;33;3;8;22;477;33;0;33;837;42;94;4;5;4;4;4;4;5;0;0;0;0;0;0;0;0;0;1;0;0;0;0;0;0;0;1;0;0;0;0;0;0;1;0;0;0;0;0;0;0;0;0;0;0;0;0;0;0;0;0;0;0;0;0;0;0;0;0;0;2;4;0;0;2;1;0;0;0;0;ASSIS CHATEAUBRIAND;REGIÃO OESTE;22;5
0.5913039210875006;2016-12-31;13;20;23;27;721;32;5;13;22;576;32;0;32;865;42;147;4;4;5;4;5;5;4;0;0;1;0;0;0;0;0;0;0;0;0;0;0;0;0;0;1;0;0;0;0;0;0;1;0;0;0;0;0;0;0;0;0;0;0;0;0;0;0;0;0;0;0;0;0;0;0;0;0;0;2;4;0;0;2;1;0;0;0;0;ASSIS CHATEAUBRIAND;REGIÃO OESTE;23;4
0.40236541198409975;2017-01-31;14;21;25;27;769;33;2;14;22;608;33;0;33;931;16;69;5;4;4;5;4;4;5;0;0;0;0;1;0;0;0;0;0;0;0;0;0;0;0;0;0;1;0;0;0;0;0;1;0;0;0;0;0;0;0;0;0;0;0;0;0;0;0;0;0;0;0;0;0;0;0;0;0;0;2;4;0;0;2;1;31;0;0;0;ASSIS CHATEAUBRIAND;REGIÃO OESTE;24;3
0.5933159935221083;2017-02-28;16;22;25;28;699;34;3;16;21;551;34;0;34;846;24;97;4;4;4;4;4;4;4;0;0;0;1;0;0;0;0;0;0;0;0;0;0;0;0;0;0;1;0;0;0;0;0;1;0;0;0;0;0;0;0;0;0;0;0;0;0;0;0;0;0;0;0;0;0;0;0;0;0;0;2;4;0;0;2;3;0;2;0;0;ASSIS CHATEAUBRIAND;REGIÃO OESTE;25;4
0.658683810178142;2017-03-31;13;20;24;28;734;34;7;13;23;586;34;0;34;882;108;229;4;5;5;4;5;4;4;0;0;0;0;0;0;0;0;1;0;0;0;0;0;0;0;0;0;1;0;0;0;0;0;1;0;0;0;0;0;0;0;0;0;0;0;0;0;0;0;0;0;0;0;0;0;0;0;0;0;0;2;4;0;0;2;3;0;1;0;0;ASSIS CHATEAUBRIAND;REGIÃO OESTE;26;5
0.5149923933846984;2017-04-30;5;12;20;24;601;29;10;5;21;464;29;0;29;738;94;293;5;4;4;4;4;5;4;1;0;0;0;0;0;0;0;0;0;0;0;0;0;0;0;0;0;1;0;0;0;0;0;1;0;0;0;0;0;0;0;0;0;0;0;0;0;0;0;0;0;0;0;0;0;0;0;0;0;0;2;4;0;0;2;3;0;1;0;0;ASSIS CHATEAUBRIAND;REGIÃO OESTE;27;4
0.4227315110173235;2017-05-31;11;16;19;24;593;28;9;11;20;481;28;0;28;704;89;277;4;5;4;5;4;4;5;0;0;0;0;0;0;0;1;0;0;0;0;0;0;0;0;0;0;1;0;0;0;0;0;1;0;0;0;0;0;0;0;0;0;0;0;0;0;0;0;0;0;0;0;0;0;0;0;0;0;0;2;4;0;0;2;3;0;0;0;0;ASSIS CHATEAUBRIAND;REGIÃO OESTE;28;3
0.3945624969328164;2017-06-30;3;9;17;21;508;27;2;3;18;361;27;0;27;654;24;63;4;4;5;4;5;4;4;0;0;0;0;0;0;1;0;0;0;0;0;0;0;0;0;0;0;1;0;0;0;0;0;1;0;0;0;0;0;0;0;0;0;0;0;0;0;0;0;0;0;0;0;0;0;0;0;0;0;0;2;4;0;0;2;3;0;1;0;0;ASSIS CHATEAUBRIAND;REGIÃO OESTE;29;2
0.32099916572606374;2017-07-31;-2;5;17;21;530;28;0;-2;15;315;28;0;28;745;4;4;5;4;4;5;4;5;4;0;0;0;0;0;1;0;0;0;0;0;0;0;0;0;0;0;0;1;0;0;0;0;0;1;0;0;0;0;0;0;0;0;0;0;0;0;0;0;0;0;0;0;0;0;0;0;0;0;0;0;2;4;0;0;2;3;16;0;0;0;ASSIS CHATEAUBRIAND;REGIÃO OESTE;30;1
0.5061098297099671;2017-08-31;4;11;20;25;605;33;8;4;19;415;33;0;33;794;73;234;4;5;5;4;4;4;5;0;1;0;0;0;0;0;0;0;0;0;0;0;0;0;0;0;0;1;0;0;0;0;0;1;0;0;0;0;0;0;0;0;0;0;0;0;0;0;0;0;0;0;0;0;0;0;0;0;0;0;2;4;0;0;2;3;0;0;0;0;ASSIS CHATEAUBRIAND;REGIÃO OESTE;31;4
0.6357167394611571;2017-09-30;10;17;23;27;693;35;2;10;20;492;35;0;35;894;26;57;4;4;4;4;5;5;4;0;0;0;0;0;0;0;0;0;0;0;1;0;0;0;0;0;0;1;0;0;0;0;0;1;0;0;0;0;0;0;0;0;0;0;0;0;0;0;0;0;0;0;0;0;0;0;0;0;0;0;2;4;0;0;2;3;0;0;0;0;ASSIS CHATEAUBRIAND;REGIÃO OESTE;32;5
0.5717230210531481;2017-10-31;7;16;21;28;659;35;19;7;21;499;35;0;35;818;98;586;5;4;4;5;4;4;5;0;0;0;0;0;0;0;0;0;0;1;0;0;0;0;0;0;0;1;0;0;0;0;0;1;0;0;0;0;0;0;0;0;0;0;0;0;0;0;0;0;0;0;0;0;0;0;0;0;0;0;2;4;0;0;2;3;0;0;0;0;ASSIS CHATEAUBRIAND;REGIÃO OESTE;33;4
0.5812435589144623;2017-11-30;12;19;21;26;641;33;7;12;19;473;33;0;33;809;63;202;4;5;5;4;4;4;4;0;0;0;0;0;0;0;0;0;1;0;0;0;0;0;0;0;0;1;0;0;0;0;0;1;0;0;0;0;0;0;0;0;0;0;0;0;0;0;0;0;0;0;0;0;0;0;0;0;0;0;2;4;0;0;2;3;0;0;0;0;ASSIS CHATEAUBRIAND;REGIÃO OESTE;34;4
0.6448446778230358;2017-12-31;16;22;24;27;743;33;11;16;22;599;33;0;33;887;114;330;5;4;4;4;5;5;4;0;0;1;0;0;0;0;0;0;0;0;0;0;0;0;0;0;0;1;0;0;0;0;0;1;0;0;0;0;0;0;0;0;0;0;0;0;0;0;0;0;0;0;0;0;0;0;0;0;0;0;2;4;0;0;2;3;0;0;0;0;ASSIS CHATEAUBRIAND;REGIÃO OESTE;35;5
0.41065907640967764;2018-01-31;17;21;24;27;737;33;9;17;21;609;33;0;33;864;69;279;4;5;4;5;4;4;5;0;0;0;0;1;0;0;0;0;0;0;0;0;0;0;0;0;0;0;1;0;0;0;0;1;0;0;0;0;0;0;0;0;0;0;0;0;0;0;0;0;0;0;0;0;0;0;0;0;0;0;2;4;0;0;2;3;31;0;0;0;ASSIS CHATEAUBRIAND;REGIÃO OESTE;36;3
0.6494577219414045;2018-02-28;15;20;24;26;660;32;4;15;21;516;32;0;32;804;30;107;4;4;4;4;4;4;4;0;0;0;1;0;0;0;0;0;0;0;0;0;0;0;0;0;0;0;1;0;0;0;0;1;0;0;0;0;0;0;0;0;0;0;0;0;0;0;0;0;0;0;0;0;0;0;0;0;0;0;4;4;0;0;2;3;0;3;0;0;ASSIS CHATEAUBRIAND;REGIÃO OESTE;37;5
1.0;2018-03-31;10;17;24;27;744;33;9;10;22;598;33;0;33;889;75;286;4;4;5;4;5;5;4;0;0;0;0;0;0;0;0;1;0;0;0;0;0;0;0;0;0;0;1;0;0;0;0;1;0;0;0;0;0;0;0;0;0;0;0;0;0;0;0;0;0;0;0;0;0;0;0;0;0;0;5;4;0;0;2;3;0;1;0;0;ASSIS CHATEAUBRIAND;REGIÃO OESTE;38;6
0.7508465426706581;2018-04-30;15;20;23;26;691;31;0;15;21;522;31;0;31;861;6;12;5;4;4;5;4;4;4;1;0;0;0;0;0;0;0;0;0;0;0;0;0;0;0;0;0;0;1;0;0;0;0;1;0;0;0;0;0;0;0;0;0;0;0;0;0;0;0;0;0;0;0;0;0;0;0;0;0;0;5;4;0;0;2;3;0;0;0;0;ASSIS CHATEAUBRIAND;REGIÃO OESTE;39;6
0.6141237669921971;2018-05-31;5;11;19;24;596;31;4;5;19;430;31;0;31;762;55;118;4;5;5;4;4;4;5;0;0;0;0;0;0;0;1;0;0;0;0;0;0;0;0;0;0;0;1;0;0;0;0;1;0;0;0;0;0;0;0;0;0;0;0;0;0;0;0;0;0;0;0;0;0;0;0;0;0;0;5;4;0;0;2;3;0;1;0;0;ASSIS CHATEAUBRIAND;REGIÃO OESTE;40;5
0.3686509299700643;2018-06-30;3;7;15;23;462;28;3;3;19;327;28;0;28;597;25;81;4;4;4;4;5;5;4;0;0;0;0;0;0;1;0;0;0;0;0;0;0;0;0;0;0;0;1;0;0;0;0;1;0;0;0;0;0;0;0;0;0;0;0;0;0;0;0;0;0;0;0;0;0;0;0;0;0;0;5;4;0;0;2;3;0;0;0;0;ASSIS CHATEAUBRIAND;REGIÃO OESTE;41;2
0.3900476026893066;2018-07-31;3;10;17;22;542;30;0;3;16;355;30;0;30;729;8;14;5;4;4;5;4;4;5;0;0;0;0;0;1;0;0;0;0;0;0;0;0;0;0;0;0;0;1;0;0;0;0;1;0;0;0;0;0;0;0;0;0;0;0;0;0;0;0;0;0;0;0;0;0;0;0;0;0;0;5;4;0;0;2;3;16;0;0;0;ASSIS CHATEAUBRIAND;REGIÃO OESTE;42;2
0.4751435441919812;2018-08-31;2;8;15;24;474;32;6;2;18;285;32;0;32;663;50;201;4;5;5;4;5;4;4;0;1;0;0;0;0;0;0;0;0;0;0;0;0;0;0;0;0;0;1;0;0;0;0;1;0;0;0;0;0;0;0;0;0;0;0;0;0;0;0;0;0;0;0;0;0;0;0;0;0;0;5;3;0;0;2;3;0;0;0;0;ASSIS CHATEAUBRIAND;REGIÃO OESTE;43;4
0.5088089512685872;2018-09-30;6;11;20;27;585;34;10;6;20;420;34;0;34;750;130;314;5;4;4;4;4;5;4;0;0;0;0;0;0;0;0;0;0;0;1;0;0;0;0;0;0;0;1;0;0;0;0;1;0;0;0;0;0;0;0;0;0;0;0;0;0;0;0;0;0;0;0;0;0;0;0;0;0;0;5;3;0;0;2;3;0;0;0;0;ASSIS CHATEAUBRIAND;REGIÃO OESTE;44;4
0.6451391274476125;2018-10-31;11;18;21;24;656;31;7;11;20;537;31;0;31;775;58;227;4;5;4;5;4;4;5;0;0;0;0;0;0;0;0;0;0;1;0;0;0;0;0;0;0;0;1;0;0;0;0;1;0;0;0;0;0;0;0;0;0;0;0;0;0;0;0;0;0;0;0;0;0;0;0;0;0;0;5;3;0;0;2;3;0;0;0;0;ASSIS CHATEAUBRIAND;REGIÃO OESTE;45;5
0.6363056387103107;2018-11-30;15;19;23;27;699;33;5;15;21;550;33;0;33;848;65;146;4;4;5;4;5;4;4;0;0;0;0;0;0;0;0;0;1;0;0;0;0;0;0;0;0;0;1;0;0;0;0;1;0;0;0;0;0;0;0;0;0;0;0;0;0;0;0;0;0;0;0;0;0;0;0;0;0;0;5;3;0;0;2;3;0;0;0;0;ASSIS CHATEAUBRIAND;REGIÃO OESTE;46;5
0.7122736418511066;2018-12-31;11;19;24;27;747;34;2;11;22;562;34;0;34;933;17;60;5;4;4;5;4;5;4;0;0;1;0;0;0;0;0;0;0;0;0;0;0;0;0;0;0;0;1;0;0;0;0;1;0;0;0;0;0;0;0;0;0;0;0;0;0;0;0;0;0;0;0;0;0;0;0;0;0;0;5;3;0;0;2;3;0;0;0;0;ASSIS CHATEAUBRIAND;REGIÃO OESTE;47;6
0.4425577857388232;2019-01-31;17;22;26;29;809;35;4;17;22;643;35;0;35;976;30;121;4;5;5;4;4;4;5;0;0;0;0;1;0;0;0;0;0;0;0;0;0;0;0;0;0;0;0;1;0;0;0;1;0;0;0;0;0;0;0;0;0;0;0;0;0;0;0;0;0;0;0;0;0;0;0;0;0;0;5;3;0;0;2;3;31;0;0;0;ASSIS CHATEAUBRIAND;REGIÃO OESTE;48;3
0.6628061049222163;2019-02-28;16;19;24;28;679;35;5;16;23;534;35;0;35;823;58;146;4;4;4;4;4;4;4;0;0;0;1;0;0;0;0;0;0;0;0;0;0;0;0;0;0;0;0;1;0;0;0;1;0;0;0;0;0;0;0;0;0;0;0;0;0;0;0;0;0;0;0;0;0;0;0;0;0;0;5;3;0;0;2;3;0;0;0;0;ASSIS CHATEAUBRIAND;REGIÃO OESTE;49;6
0.8123374392697649;2019-03-31;13;21;23;26;708;32;6;13;21;557;32;0;32;858;59;181;5;4;4;4;5;5;4;0;0;0;0;0;0;0;0;1;0;0;0;0;0;0;0;0;0;0;0;1;0;0;0;1;0;0;0;0;0;0;0;0;0;0;0;0;0;0;0;0;0;0;0;0;0;0;0;0;0;0;5;4;0;0;2;3;0;3;0;0;ASSIS CHATEAUBRIAND;REGIÃO OESTE;50;6
0.8209255533199195;2019-04-30;12;18;22;25;654;30;2;12;20;514;30;0;30;794;28;72;4;4;4;5;4;4;5;1;0;0;0;0;0;0;0;0;0;0;0;0;0;0;0;0;0;0;0;1;0;0;0;1;0;0;0;0;0;0;0;0;0;0;0;0;0;0;0;0;0;0;0;0;0;0;0;0;0;0;5;4;0;0;2;3;0;1;0;0;ASSIS CHATEAUBRIAND;REGIÃO OESTE;51;6
0.695048338813368;2019-05-31;9;12;20;25;606;30;11;9;19;485;30;0;30;727;136;344;4;5;5;4;5;4;4;0;0;0;0;0;0;0;1;0;0;0;0;0;0;0;0;0;0;0;0;1;0;0;0;1;0;0;0;0;0;0;0;0;0;0;0;0;0;0;0;0;0;0;0;0;0;0;0;0;0;0;5;4;0;0;2;3;0;0;0;0;ASSIS CHATEAUBRIAND;REGIÃO OESTE;52;6
0.4348039456249694;2019-06-30;8;10;19;23;574;29;0;8;17;411;29;0;29;737;1;4;5;4;4;4;4;5;4;0;0;0;0;0;0;1;0;0;0;0;0;0;0;0;0;0;0;0;0;1;0;0;0;1;0;0;0;0;0;0;0;0;0;0;0;0;0;0;0;0;0;0;0;0;0;0;0;0;0;0;5;4;0;0;2;3;0;1;0;0;ASSIS CHATEAUBRIAND;REGIÃO OESTE;53;3
0.35343769936693337;2019-07-31;-2;5;16;23;493;29;3;-2;18;325;29;0;29;661;47;81;4;5;4;5;4;4;5;0;0;0;0;0;1;0;0;0;0;0;0;0;0;0;0;0;0;0;0;1;0;0;0;1;0;0;0;0;0;0;0;0;0;0;0;0;0;0;0;0;0;0;0;0;0;0;0;0;0;0;4;4;0;0;2;3;16;0;0;0;ASSIS CHATEAUBRIAND;REGIÃO OESTE;54;2
0.5519948962065073;2019-08-31;1;8;18;25;565;34;0;1;18;347;34;0;34;783;4;12;4;4;5;4;5;5;4;0;1;0;0;0;0;0;0;0;0;0;0;0;0;0;0;0;0;0;0;1;0;0;0;1;0;0;0;0;0;0;0;0;0;0;0;0;0;0;0;0;0;0;0;0;0;0;0;0;0;0;4;4;0;0;2;3;0;0;0;0;ASSIS CHATEAUBRIAND;REGIÃO OESTE;55;4
0.7550669872895912;2019-09-30;6;15;22;29;653;37;1;6;21;454;37;0;37;852;29;35;5;4;4;5;4;4;4;0;0;0;0;0;0;0;0;0;0;0;1;0;0;0;0;0;0;0;0;1;0;0;0;1;0;0;0;0;0;0;0;0;0;0;0;0;0;0;0;0;0;0;0;0;0;0;0;0;0;0;4;4;0;0;2;3;0;0;0;0;ASSIS CHATEAUBRIAND;REGIÃO OESTE;56;6
0.905039996074005;2019-10-31;11;18;25;30;767;37;2;11;26;579;37;0;37;956;18;47;4;5;5;4;4;4;5;0;0;0;0;0;0;0;0;0;0;1;0;0;0;0;0;0;0;0;0;1;0;0;0;1;0;0;0;0;0;0;0;0;0;0;0;0;0;0;0;0;0;0;0;0;0;0;0;0;0;0;4;4;0;0;2;3;0;0;0;0;ASSIS CHATEAUBRIAND;REGIÃO OESTE;57;6
0.9105363890661039;2019-11-30;14;21;25;28;738;34;10;14;23;578;34;0;34;898;132;314;4;4;4;4;5;5;4;0;0;0;0;0;0;0;0;0;1;0;0;0;0;0;0;0;0;0;0;1;0;0;0;1;0;0;0;0;0;0;0;0;0;0;0;0;0;0;0;0;0;0;0;0;0;0;0;0;0;0;4;4;0;0;2;3;0;0;0;0;ASSIS CHATEAUBRIAND;REGIÃO OESTE;58;6
0.5980271875153359;2019-12-31;13;19;23;27;717;33;10;13;22;559;33;0;33;876;89;296;5;4;4;5;4;4;5;0;0;1;0;0;0;0;0;0;0;0;0;0;0;0;0;0;0;0;0;1;0;0;0;1;0;0;0;0;0;0;0;0;0;0;0;0;0;0;0;0;0;0;0;0;0;0;0;0;0;0;4;4;0;0;2;3;0;0;0;0;ASSIS CHATEAUBRIAND;REGIÃO OESTE;59;5
0.42057221377042747;2020-01-31;18;20;25;27;771;33;4;18;23;634;33;0;33;909;28;138;4;5;5;4;5;4;4;0;0;0;0;1;0;0;0;0;0;0;0;0;0;0;0;0;0;0;0;0;1;0;0;1;0;0;0;0;0;0;0;0;0;0;0;0;0;0;0;0;0;0;0;0;0;0;0;0;0;0;4;4;0;0;2;3;31;0;0;0;ASSIS CHATEAUBRIAND;REGIÃO OESTE;60;3
0.6960298375619571;2020-02-29;12;19;25;28;715;34;1;12;24;566;34;0;34;865;22;43;4;4;4;4;4;5;4;0;0;0;1;0;0;0;0;0;0;0;0;0;0;0;0;0;0;0;0;0;1;0;0;1;0;0;0;0;0;0;0;0;0;0;0;0;0;0;0;0;0;0;0;0;0;0;0;0;0;0;5;4;0;0;3;3;0;3;0;0;ASSIS CHATEAUBRIAND;REGIÃO OESTE;61;6
0.6017568827599745;2020-03-31;13;20;24;29;755;35;2;13;24;566;35;0;35;943;26;51;5;4;4;5;4;4;5;0;0;0;0;0;0;0;0;1;0;0;0;0;0;0;0;0;0;0;0;0;1;0;0;1;0;0;0;0;0;0;0;0;0;0;0;0;0;0;0;0;0;0;0;0;0;0;0;0;0;0;5;4;0;0;3;3;0;0;15;0;ASSIS CHATEAUBRIAND;REGIÃO OESTE;62;5
0.12572998969426313;2020-04-30;7;14;20;26;600;32;3;7;20;408;32;0;32;792;55;84;4;5;5;4;4;4;4;1;0;0;0;0;0;0;0;0;0;0;0;0;0;0;0;0;0;0;0;0;1;0;0;1;0;0;0;0;0;0;0;0;0;0;0;0;0;0;0;0;0;0;0;0;0;0;0;0;0;0;5;4;0;0;3;3;0;1;30;0;ASSIS CHATEAUBRIAND;REGIÃO OESTE;63;0
0.12293271826078422;2020-05-31;3;10;17;22;512;28;8;3;19;323;28;0;28;701;111;243;5;4;4;4;5;5;4;0;0;0;0;0;0;0;1;0;0;0;0;0;0;0;0;0;0;0;0;0;1;0;0;1;0;0;0;0;0;0;0;0;0;0;0;0;0;0;0;0;0;0;0;0;0;0;0;0;0;0;5;4;0;0;3;3;0;0;31;0;ASSIS CHATEAUBRIAND;REGIÃO OESTE;64;0
0.11189085733915688;2020-06-30;5;11;18;24;550;30;5;5;19;397;30;0;30;702;82;149;4;4;4;5;4;4;5;0;0;0;0;0;0;1;0;0;0;0;0;0;0;0;0;0;0;0;0;0;1;0;0;1;0;0;0;0;0;0;0;0;0;0;0;0;0;0;0;0;0;0;0;0;0;0;0;0;0;0;5;4;0;0;3;3;0;1;30;0;ASSIS CHATEAUBRIAND;REGIÃO OESTE;65;0
0.11930117289100456;2020-07-31;1;9;17;22;518;29;1;1;17;332;29;0;29;705;19;45;4;5;5;4;5;4;4;0;0;0;0;0;1;0;0;0;0;0;0;0;0;0;0;0;0;0;0;0;1;0;0;1;0;0;0;0;0;0;0;0;0;0;0;0;0;0;0;0;0;0;0;0;0;0;0;0;0;0;5;4;0;0;3;3;0;0;31;0;ASSIS CHATEAUBRIAND;REGIÃO OESTE;66;0
0.13156990724836826;2020-08-31;1;6;19;24;578;32;10;1;17;393;32;0;32;764;118;314;5;4;4;5;4;5;4;0;1;0;0;0;0;0;0;0;0;0;0;0;0;0;0;0;0;0;0;0;1;0;0;1;0;0;0;0;0;0;0;0;0;0;0;0;0;0;0;0;0;0;0;0;0;0;0;0;0;0;5;3;0;0;3;3;0;0;31;0;ASSIS CHATEAUBRIAND;REGIÃO OESTE;67;0
0.16862148500760663;2020-09-30;12;19;23;30;689;39;1;12;20;486;39;0;39;892;19;34;4;5;4;4;4;4;5;0;0;0;0;0;0;0;0;0;0;0;1;0;0;0;0;0;0;0;0;0;1;0;0;1;0;0;0;0;0;0;0;0;0;0;0;0;0;0;0;0;0;0;0;0;0;0;0;0;0;0;5;3;0;0;3;3;0;0;30;0;ASSIS CHATEAUBRIAND;REGIÃO OESTE;68;0
0.22481228836433234;2020-10-31;13;19;25;30;761;38;3;13;23;574;38;0;38;947;33;84;4;4;5;4;5;5;4;0;0;0;0;0;0;0;0;0;0;1;0;0;0;0;0;0;0;0;0;0;1;0;0;1;0;0;0;0;0;0;0;0;0;0;0;0;0;0;0;0;0;0;0;0;0;0;0;0;0;0;5;3;0;0;3;3;0;0;31;0;ASSIS CHATEAUBRIAND;REGIÃO OESTE;69;1
0.1840310153604554;2020-11-30;11;18;23;28;702;35;3;11;21;509;35;0;35;896;38;79;5;4;4;5;4;4;4;0;0;0;0;0;0;0;0;0;1;0;0;0;0;0;0;0;0;0;0;0;1;0;0;1;0;0;0;0;0;0;0;0;0;0;0;0;0;0;0;0;0;0;0;0;0;0;0;0;0;0;5;3;0;0;3;3;0;0;30;0;ASSIS CHATEAUBRIAND;REGIÃO OESTE;70;1
0.20577121264170387;2020-12-31;15;21;24;26;741;32;7;15;21;592;32;0;32;889;78;230;4;5;5;4;4;4;5;0;0;1;0;0;0;0;0;0;0;0;0;0;0;0;0;0;0;0;0;0;1;0;0;1;0;0;0;0;0;0;0;0;0;0;0;0;0;0;0;0;0;0;0;0;0;0;0;0;0;0;5;3;0;0;3;3;0;0;31;0;ASSIS CHATEAUBRIAND;REGIÃO OESTE;71;1
0.1890366589782598;2021-01-31;18;20;23;26;724;31;7;18;22;605;31;0;31;843;63;204;5;4;4;4;5;5;4;0;0;0;0;1;0;0;0;0;0;0;0;1;0;0;0;0;0;0;0;0;0;0;0;1;0;0;0;0;0;0;0;0;0;0;0;0;0;0;0;0;0;0;0;0;0;0;0;0;0;0;4;3;0;0;3;3;0;0;31;0;ASSIS CHATEAUBRIAND;REGIÃO OESTE;72;1
0.16656033763556952;2021-02-28;14;20;23;27;655;33;3;14;21;502;33;0;33;808;45;92;4;4;4;4;4;4;4;0;0;0;1;0;0;0;0;0;0;0;0;1;0;0;0;0;0;0;0;0;0;0;0;1;0;0;0;0;0;0;0;0;0;0;0;0;0;0;0;0;0;0;0;0;0;0;0;0;0;0;4;3;0;0;3;3;0;3;28;0;ASSIS CHATEAUBRIAND;REGIÃO OESTE;73;0
0.22250576630514798;2021-03-31;14;19;24;27;740;34;2;14;22;574;34;0;34;905;14;53;4;5;4;5;4;4;5;0;0;0;0;0;0;0;0;1;0;0;0;1;0;0;0;0;0;0;0;0;0;0;0;1;0;0;0;0;0;0;0;0;0;0;0;0;0;0;0;0;0;0;0;0;0;0;0;0;0;0;4;3;0;0;3;3;0;0;31;0;ASSIS CHATEAUBRIAND;REGIÃO OESTE;74;1
0.14869706041124797;2021-04-30;8;16;21;26;639;32;1;8;20;468;32;0;32;810;10;23;4;4;5;4;5;4;4;1;0;0;0;0;0;0;0;0;0;0;0;1;0;0;0;0;0;0;0;0;0;0;0;1;0;0;0;0;0;0;0;0;0;0;0;0;0;0;0;0;0;0;0;0;0;0;0;0;0;0;4;3;0;0;3;3;0;1;30;0;ASSIS CHATEAUBRIAND;REGIÃO OESTE;75;0
0.1175344751435442;2021-05-31;5;11;18;24;560;30;2;5;18;379;30;0;30;741;30;65;5;4;4;5;4;5;4;0;0;0;0;0;0;0;1;0;0;0;0;1;0;0;0;0;0;0;0;0;0;0;0;1;0;0;0;0;0;0;0;0;0;0;0;0;0;0;0;0;0;0;0;0;0;0;0;0;0;0;4;3;0;0;3;3;0;0;31;0;ASSIS CHATEAUBRIAND;REGIÃO OESTE;76;0
0.0;2021-06-30;-1;5;16;23;476;29;4;-1;17;343;29;0;29;609;34;110;4;5;4;4;4;4;5;0;0;0;0;0;0;1;0;0;0;0;0;1;0;0;0;0;0;0;0;0;0;0;0;1;0;0;0;0;0;0;0;0;0;0;0;0;0;0;0;0;0;0;0;0;0;0;0;0;0;0;4;4;0;0;3;3;0;1;30;0;ASSIS CHATEAUBRIAND;REGIÃO OESTE;77;0
0.046032291308828584;2021-07-31;-2;6;15;23;479;30;1;-2;17;271;30;0;30;687;16;30;4;4;5;4;5;5;4;0;0;0;0;0;1;0;0;0;0;0;0;1;0;0;0;0;0;0;0;0;0;0;0;1;0;0;0;0;0;0;0;0;0;0;0;0;0;0;0;0;0;0;0;0;0;0;0;0;0;0;4;4;0;0;3;3;0;0;31;0;ASSIS CHATEAUBRIAND;REGIÃO OESTE;78;0
0.06733081415321196;2021-08-31;6;13;20;26;623;34;2;6;19;434;34;0;34;811;22;51;5;4;4;5;4;4;5;0;1;0;0;0;0;0;0;0;0;0;0;1;0;0;0;0;0;0;0;0;0;0;0;1;0;0;0;0;0;0;0;0;0;0;0;0;0;0;0;0;0;0;0;0;0;0;0;0;0;0;4;4;0;0;3;3;0;0;31;0;ASSIS CHATEAUBRIAND;REGIÃO OESTE;79;0
0.07066790989841487;2021-09-30;7;15;23;30;705;36;1;7;24;533;36;0;36;876;19;40;4;5;5;4;4;4;4;0;0;0;0;0;0;0;0;0;0;0;1;1;0;0;0;0;0;0;0;0;0;0;0;1;0;0;0;0;0;0;0;0;0;0;0;0;0;0;0;0;0;0;0;0;0;0;0;0;0;0;4;3;0;0;3;3;0;0;30;0;ASSIS CHATEAUBRIAND;REGIÃO OESTE;80;0
0.14491829022917996;2021-10-31;12;17;21;27;655;32;18;12;21;517;32;0;32;794;111;550;5;4;4;4;5;5;4;0;0;0;0;0;0;0;0;0;0;1;0;1;0;0;0;0;0;0;0;0;0;0;0;1;0;0;0;0;0;0;0;0;0;0;0;0;0;0;0;0;0;0;0;0;0;0;0;0;0;0;4;3;0;0;3;3;0;0;0;0;ASSIS CHATEAUBRIAND;REGIÃO OESTE;81;0
0.4298964518820239;2021-11-30;14;21;24;27;719;34;2;14;21;545;34;0;34;894;37;55;4;4;4;5;4;4;5;0;0;0;0;0;0;0;0;0;1;0;0;1;0;0;0;0;0;0;0;0;0;0;0;1;0;0;0;0;0;0;0;0;0;0;0;0;0;0;0;0;0;0;0;0;0;0;0;0;0;0;4;3;0;0;3;3;0;0;0;0;ASSIS CHATEAUBRIAND;REGIÃO OESTE;82;3
0.40354321048240666;2021-12-31;14;22;26;28;806;36;1;14;23;598;36;0;36;1013;34;45;4;5;5;4;5;4;4;0;0;1;0;0;0;0;0;0;0;0;0;1;0;0;0;0;0;0;0;0;0;0;0;1;0;0;0;0;0;0;0;0;0;0;0;0;0;0;0;0;0;0;0;0;0;0;0;0;0;0;4;3;0;0;3;3;0;0;0;0;ASSIS CHATEAUBRIAND;REGIÃO OESTE;83;3
0.23467635078765273;2022-01-31;17;23;27;31;824;37;6;17;24;646;37;0;37;1001;41;184;5;4;4;5;4;5;4;0;0;0;0;1;0;0;0;0;0;0;0;0;1;0;0;0;0;0;0;0;0;0;0;1;0;0;0;0;0;0;0;0;0;0;0;0;0;0;0;0;0;0;0;0;0;0;0;0;0;0;4;3;0;0;3;3;31;0;0;0;ASSIS CHATEAUBRIAND;REGIÃO OESTE;84;1
0.1912941061000147;2022-02-28;14;21;26;29;724;35;8;14;23;548;35;0;35;899;75;210;4;4;4;4;4;4;4;0;0;0;1;0;0;0;0;0;0;0;0;0;1;0;0;0;0;0;0;0;0;0;0;1;0;0;0;0;0;0;0;0;0;0;0;0;0;0;0;0;0;0;0;0;0;0;0;0;0;0;4;3;0;0;3;3;0;1;0;0;ASSIS CHATEAUBRIAND;REGIÃO OESTE;85;1
0.32595573440643866;2022-03-31;11;16;23;28;723;34;7;11;23;570;34;0;34;877;84;230;4;5;5;4;4;4;5;0;0;0;0;0;0;0;0;1;0;0;0;0;1;0;0;0;0;0;0;0;0;0;0;1;0;0;0;0;0;0;0;0;0;0;0;0;0;0;0;0;0;0;0;0;0;0;0;0;0;0;4;3;0;0;3;3;0;1;0;0;ASSIS CHATEAUBRIAND;REGIÃO OESTE;86;1
0.3901457525641655;2022-04-30;8;16;21;26;628;31;12;8;21;483;31;0;31;772;115;366;4;4;4;4;5;5;4;1;0;0;0;0;0;0;0;0;0;0;0;0;1;0;0;0;0;0;0;0;0;0;0;1;0;0;0;0;0;0;0;0;0;0;0;0;0;0;0;0;0;0;0;0;0;0;0;0;0;0;4;3;0;0;3;3;0;1;0;0;ASSIS CHATEAUBRIAND;REGIÃO OESTE;87;2
0.2879226578986112;2022-05-31;4;9;16;23;496;27;5;4;18;362;27;0;27;629;57;168;5;4;4;5;4;4;5;0;0;0;0;0;0;0;1;0;0;0;0;0;1;0;0;0;0;0;0;0;0;0;0;1;0;0;0;0;0;0;0;0;0;0;0;0;0;0;0;0;0;0;0;0;0;0;0;0;0;0;4;3;0;0;3;3;0;0;0;0;ASSIS CHATEAUBRIAND;REGIÃO OESTE;88;1
0.26353241399617217;2022-06-30;1;7;16;22;466;28;5;1;16;324;28;0;28;607;60;156;4;5;5;4;4;4;4;0;0;0;0;0;0;1;0;0;0;0;0;0;1;0;0;0;0;0;0;0;0;0;0;1;0;0;0;0;0;0;0;0;0;0;0;0;0;0;0;0;0;0;0;0;0;0;0;0;0;0;4;3;0;0;3;3;0;1;0;0;ASSIS CHATEAUBRIAND;REGIÃO OESTE;89;1
0.2651028119939147;2022-07-31;4;11;20;23;610;29;1;4;18;428;29;0;29;791;7;18;5;4;4;4;5;5;4;0;0;0;0;0;1;0;0;0;0;0;0;0;1;0;0;0;0;0;0;0;0;0;0;1;0;0;0;0;0;0;0;0;0;0;0;0;0;0;0;0;0;0;0;0;0;0;0;0;0;0;4;3;0;0;3;3;0;0;0;0;ASSIS CHATEAUBRIAND;REGIÃO OESTE;90;1
0.23315502772733968;2022-08-31;2;8;17;25;535;31;9;2;19;365;31;0;31;704;84;266;4;5;4;5;4;4;5;0;1;0;0;0;0;0;0;0;0;0;0;0;1;0;0;0;0;0;0;0;0;0;0;1;0;0;0;0;0;0;0;0;0;0;0;0;0;0;0;0;0;0;0;0;0;0;0;0;0;0;4;3;0;0;3;3;0;0;0;0;ASSIS CHATEAUBRIAND;REGIÃO OESTE;91;1
0.3533395494920744;2022-09-30;6;12;17;25;518;31;16;6;20;386;31;0;31;650;94;490;4;4;5;4;5;4;4;0;0;0;0;0;0;0;0;0;0;0;1;0;1;0;0;0;0;0;0;0;0;0;0;1;0;0;0;0;0;0;0;0;0;0;0;0;0;0;0;0;0;0;0;0;0;0;0;0;0;0;4;3;0;0;3;3;0;0;0;0;ASSIS CHATEAUBRIAND;REGIÃO OESTE;92;2
0.3518182264317613;2022-10-31;11;14;20;25;616;32;13;11;20;472;32;0;32;761;126;399;5;4;4;5;4;5;4;0;0;0;0;0;0;0;0;0;0;1;0;0;1;0;0;0;0;0;0;0;0;0;0;1;0;0;0;0;0;0;0;0;0;0;0;0;0;0;0;0;0;0;0;0;0;0;0;0;0;0;4;3;0;0;3;3;0;0;0;0;ASSIS CHATEAUBRIAND;REGIÃO OESTE;93;2
0.36806203072091087;2022-11-30;5;12;20;25;614;32;4;5;21;416;32;0;32;813;58;117;4;5;4;4;4;4;5;0;0;0;0;0;0;0;0;0;1;0;0;0;1;0;0;0;0;0;0;0;0;0;0;1;0;0;0;0;0;0;0;0;0;0;0;0;0;0;0;0;0;0;0;0;0;0;0;0;0;0;4;3;0;0;3;3;0;0;0;0;ASSIS CHATEAUBRIAND;REGIÃO OESTE;94;2
0.3639888109142661;2022-12-31;11;20;24;28;755;34;4;11;23;567;34;0;34;944;51;136;4;4;5;4;5;5;4;0;0;1;0;0;0;0;0;0;0;0;0;0;1;0;0;0;0;0;0;0;0;0;0;1;0;0;0;0;0;0;0;0;0;0;0;0;0;0;0;0;0;0;0;0;0;0;0;0;0;0;4;3;0;0;3;3;0;0;0;0;ASSIS CHATEAUBRIAND;REGIÃO OESTE;95;2
0.099278598419787;2023-01-31;16;20;24;28;748;34;9;16;21;588;34;0;34;908;88;294;5;4;4;5;4;4;5;0;0;0;0;1;0;0;0;0;0;0;0;0;0;1;0;0;0;0;0;0;0;0;0;1;0;0;0;0;0;0;0;0;0;0;0;0;0;0;0;0;0;0;0;0;0;0;0;0;0;0;3;3;0;0;3;3;31;0;0;0;ASSIS CHATEAUBRIAND;REGIÃO OESTE;96;0
0.42076851352014527;2023-02-28;10;16;23;26;647;32;18;10;21;513;32;0;32;781;104;510;4;4;4;4;4;4;4;0;0;0;1;0;0;0;0;0;0;0;0;0;0;1;0;0;0;0;0;0;0;0;0;1;0;0;0;0;0;0;0;0;0;0;0;0;0;0;0;0;0;0;0;0;0;0;0;0;0;0;4;3;0;0;3;3;0;3;0;0;ASSIS CHATEAUBRIAND;REGIÃO OESTE;97;3
0.7838739755606812;2023-03-31;15;21;24;27;747;33;6;15;21;597;33;0;33;896;36;179;4;5;5;4;5;4;4;0;0;0;0;0;0;0;0;1;0;0;0;0;0;1;0;0;0;0;0;0;0;0;0;1;0;0;0;0;0;0;0;0;0;0;0;0;0;0;0;0;0;0;0;0;0;0;0;0;0;0;4;4;0;0;3;3;0;0;0;0;ASSIS CHATEAUBRIAND;REGIÃO OESTE;98;6
0.4298964518820239;2023-04-30;11;16;21;25;629;31;5;11;20;483;31;0;31;774;37;140;5;4;4;4;4;5;4;1;0;0;0;0;0;0;0;0;0;0;0;0;0;1;0;0;0;0;0;0;0;0;0;1;0;0;0;0;0;0;0;0;0;0;0;0;0;0;0;0;0;0;0;0;0;0;0;0;0;0;4;4;0;0;3;3;0;1;0;0;ASSIS CHATEAUBRIAND;REGIÃO OESTE;99;3
0.40202188742209355;2023-05-31;7;14;19;24;586;28;7;7;19;435;28;0;28;737;72;228;4;5;4;5;4;4;5;0;0;0;0;0;0;0;1;0;0;0;0;0;0;1;0;0;0;0;0;0;0;0;0;1;0;0;0;0;0;0;0;0;0;0;0;0;0;0;0;0;0;0;0;0;0;0;0;0;0;0;4;4;0;0;3;3;0;0;0;0;ASSIS CHATEAUBRIAND;REGIÃO OESTE;100;3
0.318005594542867;2023-06-30;6;8;17;21;501;27;1;6;16;346;27;0;27;655;10;35;4;4;5;4;5;4;4;0;0;0;0;0;0;1;0;0;0;0;0;0;0;1;0;0;0;0;0;0;0;0;0;1;0;0;0;0;0;0;0;0;0;0;0;0;0;0;0;0;0;0;0;0;0;0;0;0;0;0;4;4;0;0;3;3;0;1;0;0;ASSIS CHATEAUBRIAND;REGIÃO OESTE;101;1
0.192079305098886;2023-07-31;5;10;18;24;562;29;5;5;19;410;29;0;29;714;46;146;5;4;4;5;4;5;4;0;0;0;0;0;1;0;0;0;0;0;0;0;0;1;0;0;0;0;0;0;0;0;0;1;0;0;0;0;0;0;0;0;0;0;0;0;0;0;0;0;0;0;0;0;0;0;0;0;0;0;4;4;0;0;3;3;15;0;0;0;ASSIS CHATEAUBRIAND;REGIÃO OESTE;102;1
0.470481425136183;2023-08-31;9;14;20;27;625;33;8;9;21;456;33;0;33;794;120;250;4;5;5;4;4;4;5;0;1;0;0;0;0;0;0;0;0;0;0;0;0;1;0;0;0;0;0;0;0;0;0;1;0;0;0;0;0;0;0;0;0;0;0;0;0;0;0;0;0;0;0;0;0;0;0;0;0;0;4;4;0;0;3;3;0;0;0;0;ASSIS CHATEAUBRIAND;REGIÃO OESTE;103;3
0.5992049860136428;2023-09-30;7;14;23;30;684;36;6;7;25;522;36;0;36;846;79;167;4;4;4;4;5;5;4;0;0;0;0;0;0;0;0;0;0;0;1;0;0;1;0;0;0;0;0;0;0;0;0;1;0;0;0;0;0;0;0;0;0;0;0;0;0;0;0;0;0;0;0;0;0;0;0;0;0;0;4;4;0;0;3;3;0;0;0;0;ASSIS CHATEAUBRIAND;REGIÃO OESTE;104;5
0.6241350542278058;2023-10-31;11;17;23;29;708;36;9;11;22;561;36;0;36;855;108;291;5;4;4;5;4;4;5;0;0;0;0;0;0;0;0;0;0;1;0;0;0;1;0;0;0;0;0;0;0;0;0;1;0;0;0;0;0;0;0;0;0;0;0;0;0;0;0;0;0;0;0;0;0;0;0;0;0;0;4;4;0;0;3;3;0;0;0;0;ASSIS CHATEAUBRIAND;REGIÃO OESTE;105;5
0.6095107228738283;2023-11-30;10;15;24;30;706;35;9;10;26;582;35;0;35;830;64;263;4;5;5;4;4;4;4;0;0;0;0;0;0;0;0;0;1;0;0;0;0;1;0;0;0;0;0;0;0;0;0;1;0;0;0;0;0;0;0;0;0;0;0;0;0;0;0;0;0;0;0;0;0;0;0;0;0;0;4;4;0;0;3;3;0;0;0;0;ASSIS CHATEAUBRIAND;REGIÃO OESTE;106;5
0.3761593953967709;2023-12-31;17;20;25;29;778;35;5;17;23;636;35;0;35;920;32;168;5;4;4;4;5;5;4;0;0;1;0;0;0;0;0;0;0;0;0;0;0;1;0;0;0;0;0;0;0;0;0;1;0;0;0;0;0;0;0;0;0;0;0;0;0;0;0;0;0;0;0;0;0;0;0;0;0;0;4;4;0;0;3;3;0;0;0;0;ASSIS CHATEAUBRIAND;REGIÃO OESTE;107;2
0.15708887471168473;2024-01-31;15;21;25;29;780;35;7;15;23;617;35;0;35;943;52;206;4;5;4;5;4;4;5;0;0;0;0;1;0;0;0;0;0;0;0;0;0;0;1;0;0;0;0;0;0;0;0;1;0;0;0;0;0;0;0;0;0;0;0;0;0;0;0;0;0;0;0;0;0;0;0;0;0;0;4;4;0;0;3;3;31;0;0;0;ASSIS CHATEAUBRIAND;REGIÃO OESTE;108;0
0.5331991951710261;2024-02-29;18;23;26;29;761;36;4;18;23;605;36;0;36;917;33;103;4;4;5;4;4;4;4;0;0;0;1;0;0;0;0;0;0;0;0;0;0;0;1;0;0;0;0;0;0;0;0;1;0;0;0;0;0;0;0;0;0;0;0;0;0;0;0;0;0;0;0;0;0;0;0;0;0;0;4;4;0;0;3;3;0;3;0;0;ASSIS CHATEAUBRIAND;REGIÃO OESTE;109;4
0.9131864356872945;2024-03-31;17;22;26;29;798;36;1;17;24;642;36;0;36;953;10;27;5;4;4;4;5;5;4;0;0;0;0;0;0;0;0;1;0;0;0;0;0;0;1;0;0;0;0;0;0;0;0;1;0;0;0;0;0;0;0;0;0;0;0;0;0;0;0;0;0;0;0;0;0;0;0;0;0;0;4;4;0;0;3;3;0;1;0;0;ASSIS CHATEAUBRIAND;REGIÃO OESTE;110;6
0.6787063846493595;2024-04-30;12;19;24;28;717;34;2;12;23;577;34;0;34;858;26;74;4;4;4;5;4;4;5;1;0;0;0;0;0;0;0;0;0;0;0;0;0;0;1;0;0;0;0;0;0;0;0;1;0;0;0;0;0;0;0;0;0;0;0;0;0;0;0;0;0;0;0;0;0;0;0;0;0;0;4;4;0;0;3;3;0;0;0;0;ASSIS CHATEAUBRIAND;REGIÃO OESTE;111;6
0.1875153359179467;2024-05-31;5;10;19;28;581;32;2;5;24;452;32;0;32;709;35;77;4;5;5;4;5;4;4;0;0;0;0;0;0;0;1;0;0;0;0;0;0;0;1;0;0;0;0;0;0;0;0;1;0;0;0;0;0;0;0;0;0;0;0;0;0;0;0;0;0;0;0;0;0;0;0;0;0;0;4;4;0;0;3;3;0;1;0;30;ASSIS CHATEAUBRIAND;REGIÃO OESTE;112;1
0.12808558669087697;2024-06-30;3;9;20;25;612;30;0;3;22;461;30;0;30;763;1;6;5;4;4;4;4;5;4;0;0;0;0;0;0;1;0;0;0;0;0;0;0;0;1;0;0;0;0;0;0;0;0;1;0;0;0;0;0;0;0;0;0;0;0;0;0;0;0;0;0;0;0;0;0;0;0;0;0;0;4;4;0;0;3;3;0;0;0;30;ASSIS CHATEAUBRIAND;REGIÃO OESTE;113;0
0.33812631888894346;2024-07-31;4;7;16;22;492;28;5;4;18;351;28;0;28;633;55;155;4;5;4;5;4;4;5;0;0;0;0;0;1;0;0;0;0;0;0;0;0;0;1;0;0;0;0;0;0;0;0;1;0;0;0;0;0;0;0;0;0;0;0;0;0;0;0;0;0;0;0;0;0;0;0;0;0;0;4;4;0;0;3;3;12;0;0;0;ASSIS CHATEAUBRIAND;REGIÃO OESTE;114;2
0.3959365951808412;2024-08-31;2;9;19;27;578;34;1;2;20;394;34;0;34;763;15;36;4;4;5;4;5;5;4;0;1;0;0;0;0;0;0;0;0;0;0;0;0;0;1;0;0;0;0;0;0;0;0;1;0;0;0;0;0;0;0;0;0;0;0;0;0;0;0;0;0;0;0;0;0;0;0;0;0;0;4;4;0;0;3;3;0;0;0;0;ASSIS CHATEAUBRIAND;REGIÃO OESTE;115;3
0.627177700348432;2024-09-30;10;16;22;29;670;36;1;10;21;488;36;0;36;853;22;42;5;4;4;5;4;4;4;0;0;0;0;0;0;0;0;0;0;0;1;0;0;0;1;0;0;0;0;0;0;0;0;1;0;0;0;0;0;0;0;0;0;0;0;0;0;0;0;0;0;0;0;0;0;0;0;0;0;0;4;4;0;0;3;3;0;0;0;0;ASSIS CHATEAUBRIAND;REGIÃO OESTE;116;5
0.8523335132747706;2024-10-31;13;20;24;28;737;36;2;13;24;567;36;0;36;906;13;52;4;5;5;4;4;4;5;0;0;0;0;0;0;0;0;0;0;1;0;0;0;0;1;0;0;0;0;0;0;0;0;1;0;0;0;0;0;0;0;0;0;0;0;0;0;0;0;0;0;0;0;0;0;0;0;0;0;0;4;4;0;0;3;3;0;0;0;0;ASSIS CHATEAUBRIAND;REGIÃO OESTE;117;6
0.2532198209997817;2017-09-30;16;21;25;28;760;35;1;16;22;563;35;0;35;956;28;44;4;4;4;4;5;5;4;0;0;0;0;0;0;0;0;0;0;0;1;0;0;0;0;0;0;1;0;0;0;0;0;0;1;0;0;0;0;0;0;0;0;0;0;0;0;0;0;0;0;0;0;0;0;0;0;0;0;0;1;0;0;0;0;0;0;0;0;0;ASTORGA;REGIÃO NORTE;1;2
0.3248199083169614;2017-10-31;12;19;24;31;745;37;11;12;24;583;37;0;37;907;97;354;5;4;4;5;4;4;5;0;0;0;0;0;0;0;0;0;0;1;0;0;0;0;0;0;0;1;0;0;0;0;0;0;1;0;0;0;0;0;0;0;0;0;0;0;0;0;0;0;0;0;0;0;0;0;0;0;0;0;1;0;0;0;0;0;0;0;0;0;ASTORGA;REGIÃO NORTE;2;2
0.40995415848068106;2017-11-30;15;20;24;29;732;36;4;15;23;584;36;0;36;880;41;130;4;5;5;4;4;4;4;0;0;0;0;0;0;0;0;0;1;0;0;0;0;0;0;0;0;1;0;0;0;0;0;0;1;0;0;0;0;0;0;0;0;0;0;0;0;0;0;0;0;0;0;0;0;0;0;0;0;0;1;0;0;0;0;0;0;0;0;0;ASTORGA;REGIÃO NORTE;3;3
0.25831332314632904;2017-12-31;18;22;26;30;796;35;4;18;25;665;35;0;35;927;25;114;5;4;4;4;5;5;4;0;0;1;0;0;0;0;0;0;0;0;0;0;0;0;0;0;0;1;0;0;0;0;0;0;1;0;0;0;0;0;0;0;0;0;0;0;0;0;0;0;0;0;0;0;0;0;0;0;0;0;1;0;0;0;0;0;0;0;0;0;ASTORGA;REGIÃO NORTE;4;2
0.21611001964636542;2018-01-31;19;20;25;30;790;35;9;19;25;666;35;0;35;914;56;278;4;5;4;5;4;4;5;0;0;0;0;1;0;0;0;0;0;0;0;0;0;0;0;0;0;0;1;0;0;0;0;0;1;0;0;0;0;0;0;0;0;0;0;0;0;0;0;0;0;0;0;0;0;0;0;0;0;0;1;0;0;0;0;0;31;0;0;0;ASTORGA;REGIÃO NORTE;5;1
0.30328167066870404;2018-02-28;18;22;25;28;696;34;3;18;22;562;34;0;34;831;25;71;4;4;4;4;4;4;4;0;0;0;1;0;0;0;0;0;0;0;0;0;0;0;0;0;0;0;1;0;0;0;0;0;1;0;0;0;0;0;0;0;0;0;0;0;0;0;0;0;0;0;0;0;0;0;0;0;0;0;1;0;0;0;0;0;0;3;0;0;ASTORGA;REGIÃO NORTE;6;2
0.4469184312013389;2018-03-31;19;22;26;29;812;34;5;19;24;679;34;0;34;943;22;148;4;4;5;4;5;5;4;0;0;0;0;0;0;0;0;1;0;0;0;0;0;0;0;0;0;0;1;0;0;0;0;0;1;0;0;0;0;0;0;0;0;0;0;0;0;0;0;0;0;0;0;0;0;0;0;0;0;0;1;0;0;0;0;0;0;1;0;0;ASTORGA;REGIÃO NORTE;7;4
0.4553590919013316;2018-04-30;16;22;24;27;734;32;0;16;24;581;32;0;32;888;7;13;5;4;4;5;4;4;4;1;0;0;0;0;0;0;0;0;0;0;0;0;0;0;0;0;0;0;1;0;0;0;0;0;1;0;0;0;0;0;0;0;0;0;0;0;0;0;0;0;0;0;0;0;0;0;0;0;0;0;1;0;0;0;0;0;0;0;0;0;ASTORGA;REGIÃO NORTE;8;4
0.488976206068544;2018-05-31;7;14;21;25;655;31;2;7;20;495;31;0;31;815;29;59;4;5;5;4;4;4;5;0;0;0;0;0;0;0;1;0;0;0;0;0;0;0;0;0;0;0;1;0;0;0;0;0;1;0;0;0;0;0;0;0;0;0;0;0;0;0;0;0;0;0;0;0;0;0;0;0;0;0;1;0;0;0;0;0;0;1;0;0;ASTORGA;REGIÃO NORTE;9;4
0.5225933202357564;2018-06-30;10;15;20;25;610;30;2;10;22;487;30;0;30;732;33;56;4;4;4;4;5;5;4;0;0;0;0;0;0;1;0;0;0;0;0;0;0;0;0;0;0;0;1;0;0;0;0;0;1;0;0;0;0;0;0;0;0;0;0;0;0;0;0;0;0;0;0;0;0;0;0;0;0;0;1;0;0;0;0;0;0;0;0;0;ASTORGA;REGIÃO NORTE;10;5
0.5074583424288729;2018-07-31;7;14;21;25;660;31;0;7;19;473;31;0;31;846;8;9;5;4;4;5;4;4;5;0;0;0;0;0;1;0;0;0;0;0;0;0;0;0;0;0;0;0;1;0;0;0;0;0;1;0;0;0;0;0;0;0;0;0;0;0;0;0;0;0;0;0;0;0;0;0;0;0;0;0;1;0;0;0;0;0;16;0;0;0;ASTORGA;REGIÃO NORTE;11;5
0.535690897184021;2018-08-31;8;13;19;25;592;33;16;8;19;442;33;0;33;741;141;497;4;5;5;4;5;4;4;0;1;0;0;0;0;0;0;0;0;0;0;0;0;0;0;0;0;0;1;0;0;0;0;0;1;0;0;0;0;0;0;0;0;0;0;0;0;0;0;0;0;0;0;0;0;0;0;0;0;0;1;0;0;0;0;0;0;0;0;0;ASTORGA;REGIÃO NORTE;12;5
0.5208469766426544;2018-09-30;11;15;22;28;673;35;6;11;23;517;35;0;35;829;53;194;5;4;4;4;4;5;4;0;0;0;0;0;0;0;0;0;0;0;1;0;0;0;0;0;0;0;1;0;0;0;0;0;1;0;0;0;0;0;0;0;0;0;0;0;0;0;0;0;0;0;0;0;0;0;0;0;0;0;1;0;0;0;0;0;0;0;0;0;ASTORGA;REGIÃO NORTE;13;5
0.5174998180892091;2018-10-31;15;20;24;27;746;33;9;15;23;605;33;0;33;886;50;276;4;5;4;5;4;4;5;0;0;0;0;0;0;0;0;0;0;1;0;0;0;0;0;0;0;0;1;0;0;0;0;0;1;0;0;0;0;0;0;0;0;0;0;0;0;0;0;0;0;0;0;0;0;0;0;0;0;0;1;0;0;0;0;0;0;0;0;0;ASTORGA;REGIÃO NORTE;14;5
0.4514298188168522;2018-11-30;16;20;25;31;757;35;4;16;28;609;35;0;35;905;45;132;4;4;5;4;5;4;4;0;0;0;0;0;0;0;0;0;1;0;0;0;0;0;0;0;0;0;1;0;0;0;0;0;1;0;0;0;0;0;0;0;0;0;0;0;0;0;0;0;0;0;0;0;0;0;0;0;0;0;1;0;0;0;0;0;0;0;0;0;ASTORGA;REGIÃO NORTE;15;4
0.29222149457905844;2018-12-31;15;22;27;29;832;35;2;15;25;676;35;0;35;988;13;57;5;4;4;5;4;5;4;0;0;1;0;0;0;0;0;0;0;0;0;0;0;0;0;0;0;0;1;0;0;0;0;0;1;0;0;0;0;0;0;0;0;0;0;0;0;0;0;0;0;0;0;0;0;0;0;0;0;0;1;0;0;0;0;0;0;0;0;0;ASTORGA;REGIÃO NORTE;16;2
0.23371898421014334;2019-01-31;21;25;28;31;877;37;3;21;28;741;37;0;37;1012;37;104;4;5;5;4;4;4;5;0;0;0;0;1;0;0;0;0;0;0;0;0;0;0;0;0;0;0;0;1;0;0;0;0;1;0;0;0;0;0;0;0;0;0;0;0;0;0;0;0;0;0;0;0;0;0;0;0;0;0;1;0;0;0;0;0;31;0;0;0;ASTORGA;REGIÃO NORTE;17;2
0.2824710761842393;2019-02-28;18;23;26;31;742;37;4;18;25;609;37;0;37;874;54;106;4;4;4;4;4;4;4;0;0;0;1;0;0;0;0;0;0;0;0;0;0;0;0;0;0;0;0;1;0;0;0;0;1;0;0;0;0;0;0;0;0;0;0;0;0;0;0;0;0;0;0;0;0;0;0;0;0;0;1;0;0;0;0;0;0;0;0;0;ASTORGA;REGIÃO NORTE;18;2
0.5068762278978389;2019-03-31;18;23;26;28;794;33;5;18;24;651;33;0;33;937;42;151;5;4;4;4;5;5;4;0;0;0;0;0;0;0;0;1;0;0;0;0;0;0;0;0;0;0;0;1;0;0;0;0;1;0;0;0;0;0;0;0;0;0;0;0;0;0;0;0;0;0;0;0;0;0;0;0;0;0;1;0;0;0;0;0;0;3;0;0;ASTORGA;REGIÃO NORTE;19;4
0.5391835843702248;2019-04-30;16;22;25;27;742;32;1;16;24;607;32;0;32;877;7;28;4;4;4;5;4;4;5;1;0;0;0;0;0;0;0;0;0;0;0;0;0;0;0;0;0;0;0;1;0;0;0;0;1;0;0;0;0;0;0;0;0;0;0;0;0;0;0;0;0;0;0;0;0;0;0;0;0;0;1;0;0;0;0;0;0;1;0;0;ASTORGA;REGIÃO NORTE;20;5
0.5477697737029761;2019-05-31;12;16;22;26;681;31;4;12;22;565;31;0;31;797;54;122;4;5;5;4;5;4;4;0;0;0;0;0;0;0;1;0;0;0;0;0;0;0;0;0;0;0;0;1;0;0;0;0;1;0;0;0;0;0;0;0;0;0;0;0;0;0;0;0;0;0;0;0;0;0;0;0;0;0;1;0;0;0;0;0;0;0;0;0;ASTORGA;REGIÃO NORTE;21;6
0.4789347304082078;2019-06-30;10;15;21;24;628;29;1;10;21;489;29;0;29;766;13;37;5;4;4;4;4;5;4;0;0;0;0;0;0;1;0;0;0;0;0;0;0;0;0;0;0;0;0;1;0;0;0;0;1;0;0;0;0;0;0;0;0;0;0;0;0;0;0;0;0;0;0;0;0;0;0;0;0;0;1;0;0;0;0;0;0;1;0;0;ASTORGA;REGIÃO NORTE;22;4
0.48577457614785713;2019-07-31;3;10;19;24;604;30;2;3;19;445;30;0;30;763;36;51;4;5;4;5;4;4;5;0;0;0;0;0;1;0;0;0;0;0;0;0;0;0;0;0;0;0;0;1;0;0;0;0;1;0;0;0;0;0;0;0;0;0;0;0;0;0;0;0;0;0;0;0;0;0;0;0;0;0;1;0;0;0;0;0;16;0;0;0;ASTORGA;REGIÃO NORTE;23;4
0.5466055446409082;2019-08-31;8;13;21;27;659;33;0;8;21;475;33;0;33;842;0;0;4;4;5;4;5;5;4;0;1;0;0;0;0;0;0;0;0;0;0;0;0;0;0;0;0;0;0;1;0;0;0;0;1;0;0;0;0;0;0;0;0;0;0;0;0;0;0;0;0;0;0;0;0;0;0;0;0;0;1;0;0;0;0;0;0;0;0;0;ASTORGA;REGIÃO NORTE;24;5
0.5553372626064178;2019-09-30;14;19;25;30;737;37;3;14;23;571;37;0;37;903;20;81;5;4;4;5;4;4;4;0;0;0;0;0;0;0;0;0;0;0;1;0;0;0;0;0;0;0;0;1;0;0;0;0;1;0;0;0;0;0;0;0;0;0;0;0;0;0;0;0;0;0;0;0;0;0;0;0;0;0;1;0;0;0;0;0;0;0;0;0;ASTORGA;REGIÃO NORTE;25;6
0.5337990249581606;2019-10-31;17;20;27;32;843;39;3;17;25;652;39;0;39;1034;28;80;4;5;5;4;4;4;5;0;0;0;0;0;0;0;0;0;0;1;0;0;0;0;0;0;0;0;0;1;0;0;0;0;1;0;0;0;0;0;0;0;0;0;0;0;0;0;0;0;0;0;0;0;0;0;0;0;0;0;1;0;0;0;0;0;0;0;0;0;ASTORGA;REGIÃO NORTE;26;5
0.4771883868151059;2019-11-30;17;23;27;32;796;38;3;17;28;639;38;0;38;953;26;86;4;4;4;4;5;5;4;0;0;0;0;0;0;0;0;0;1;0;0;0;0;0;0;0;0;0;0;1;0;0;0;0;1;0;0;0;0;0;0;0;0;0;0;0;0;0;0;0;0;0;0;0;0;0;0;0;0;0;1;0;0;0;0;0;0;0;0;0;ASTORGA;REGIÃO NORTE;27;4
0.3635305246307211;2019-12-31;17;20;25;28;769;34;10;17;23;627;34;0;34;911;46;303;5;4;4;5;4;4;5;0;0;1;0;0;0;0;0;0;0;0;0;0;0;0;0;0;0;0;0;1;0;0;0;0;1;0;0;0;0;0;0;0;0;0;0;0;0;0;0;0;0;0;0;0;0;0;0;0;0;0;1;0;0;0;0;0;0;0;0;0;ASTORGA;REGIÃO NORTE;28;3
0.29062067961871496;2020-01-31;18;22;26;29;798;34;4;18;25;671;34;0;34;926;27;136;4;5;5;4;5;4;4;0;0;0;0;1;0;0;0;0;0;0;0;0;0;0;0;0;0;0;0;0;1;0;0;0;1;0;0;0;0;0;0;0;0;0;0;0;0;0;0;0;0;0;0;0;0;0;0;0;0;0;1;0;0;0;0;0;31;0;0;0;ASTORGA;REGIÃO NORTE;29;2
0.3962744670013826;2020-02-29;18;23;26;29;744;35;4;18;25;604;35;0;35;883;45;129;4;4;4;4;4;5;4;0;0;0;1;0;0;0;0;0;0;0;0;0;0;0;0;0;0;0;0;0;1;0;0;0;1;0;0;0;0;0;0;0;0;0;0;0;0;0;0;0;0;0;0;0;0;0;0;0;0;0;1;1;0;0;0;0;0;3;0;0;ASTORGA;REGIÃO NORTE;30;3
0.29062067961871496;2020-03-31;17;23;25;29;789;35;2;17;24;617;35;0;35;961;15;60;5;4;4;5;4;4;5;0;0;0;0;0;0;0;0;1;0;0;0;0;0;0;0;0;0;0;0;0;1;0;0;0;1;0;0;0;0;0;0;0;0;0;0;0;0;0;0;0;0;0;0;0;0;0;0;0;0;0;1;1;0;0;0;0;0;0;15;0;ASTORGA;REGIÃO NORTE;31;2
0.05981226806374154;2020-04-30;12;17;23;27;697;33;2;12;22;527;33;0;33;867;36;62;4;5;5;4;4;4;4;1;0;0;0;0;0;0;0;0;0;0;0;0;0;0;0;0;0;0;0;0;1;0;0;0;1;0;0;0;0;0;0;0;0;0;0;0;0;0;0;0;0;0;0;0;0;0;0;0;0;0;1;1;0;0;0;0;0;1;30;0;ASTORGA;REGIÃO NORTE;32;1
0.015280506439642016;2020-05-31;8;13;20;25;626;31;2;8;20;457;31;0;31;796;38;71;5;4;4;4;5;5;4;0;0;0;0;0;0;0;1;0;0;0;0;0;0;0;0;0;0;0;0;0;1;0;0;0;1;0;0;0;0;0;0;0;0;0;0;0;0;0;0;0;0;0;0;0;0;0;0;0;0;0;1;1;0;0;0;0;0;0;31;0;ASTORGA;REGIÃO NORTE;33;0
0.0;2020-06-30;11;17;21;25;630;30;5;11;20;496;30;0;30;765;104;150;4;4;4;5;4;4;5;0;0;0;0;0;0;1;0;0;0;0;0;0;0;0;0;0;0;0;0;0;1;0;0;0;1;0;0;0;0;0;0;0;0;0;0;0;0;0;0;0;0;0;0;0;0;0;0;0;0;0;1;1;0;0;0;0;0;1;30;0;ASTORGA;REGIÃO NORTE;34;0
0.003056101287928409;2020-07-31;6;12;21;24;636;30;1;6;19;467;30;0;30;804;9;17;4;5;5;4;5;4;4;0;0;0;0;0;1;0;0;0;0;0;0;0;0;0;0;0;0;0;0;0;1;0;0;0;1;0;0;0;0;0;0;0;0;0;0;0;0;0;0;0;0;0;0;0;0;0;0;0;0;0;1;1;0;0;0;0;0;0;31;0;ASTORGA;REGIÃO NORTE;35;0
0.003056101287928409;2020-08-31;6;12;21;27;643;34;6;6;21;476;34;0;34;809;46;176;5;4;4;5;4;5;4;0;1;0;0;0;0;0;0;0;0;0;0;0;0;0;0;0;0;0;0;0;1;0;0;0;1;0;0;0;0;0;0;0;0;0;0;0;0;0;0;0;0;0;0;0;0;0;0;0;0;0;1;1;0;0;0;0;0;0;31;0;ASTORGA;REGIÃO NORTE;36;0
0.022265880812049776;2020-09-30;14;20;26;31;794;39;0;14;24;599;39;0;39;989;5;14;4;5;4;4;4;4;5;0;0;0;0;0;0;0;0;0;0;0;1;0;0;0;0;0;0;0;0;0;1;0;0;0;1;0;0;0;0;0;0;0;0;0;0;0;0;0;0;0;0;0;0;0;0;0;0;0;0;0;1;1;0;0;0;0;0;0;30;0;ASTORGA;REGIÃO NORTE;37;0
0.061704140289602;2020-10-31;15;21;26;33;814;40;1;15;26;622;40;0;40;1006;8;41;4;4;5;4;5;5;4;0;0;0;0;0;0;0;0;0;0;1;0;0;0;0;0;0;0;0;0;0;1;0;0;0;1;0;0;0;0;0;0;0;0;0;0;0;0;0;0;0;0;0;0;0;0;0;0;0;0;0;1;1;0;0;0;0;0;0;31;0;ASTORGA;REGIÃO NORTE;38;1
0.026631739794804626;2020-11-30;14;21;26;30;776;36;1;14;25;588;36;0;36;964;10;18;5;4;4;5;4;4;4;0;0;0;0;0;0;0;0;0;1;0;0;0;0;0;0;0;0;0;0;0;1;0;0;0;1;0;0;0;0;0;0;0;0;0;0;0;0;0;0;0;0;0;0;0;0;0;0;0;0;0;1;1;0;0;0;0;0;0;30;0;ASTORGA;REGIÃO NORTE;39;0
0.03914720221203524;2020-12-31;18;23;25;28;790;33;7;18;24;642;33;0;33;939;48;215;4;5;5;4;4;4;5;0;0;1;0;0;0;0;0;0;0;0;0;0;0;0;0;0;0;0;0;0;1;0;0;0;1;0;0;0;0;0;0;0;0;0;0;0;0;0;0;0;0;0;0;0;0;0;0;0;0;0;1;1;0;0;0;0;0;0;31;0;ASTORGA;REGIÃO NORTE;40;0
0.012078876518955117;2021-01-31;19;23;25;28;779;33;5;19;24;664;33;0;33;894;26;170;5;4;4;4;5;5;4;0;0;0;0;1;0;0;0;0;0;0;0;1;0;0;0;0;0;0;0;0;0;0;0;0;1;0;0;0;0;0;0;0;0;0;0;0;0;0;0;0;0;0;0;0;0;0;0;0;0;0;1;1;0;0;0;0;0;0;31;0;ASTORGA;REGIÃO NORTE;41;0
0.026922797060321635;2021-02-28;18;22;25;28;702;34;3;18;22;556;34;0;34;848;22;74;4;4;4;4;4;4;4;0;0;0;1;0;0;0;0;0;0;0;0;1;0;0;0;0;0;0;0;0;0;0;0;0;1;0;0;0;0;0;0;0;0;0;0;0;0;0;0;0;0;0;0;0;0;0;0;0;0;0;1;1;0;0;0;0;0;3;28;0;ASTORGA;REGIÃO NORTE;42;0
0.05719275267408866;2021-03-31;17;22;26;29;807;34;4;17;24;644;34;0;34;969;36;116;4;5;4;5;4;4;5;0;0;0;0;0;0;0;0;1;0;0;0;1;0;0;0;0;0;0;0;0;0;0;0;0;1;0;0;0;0;0;0;0;0;0;0;0;0;0;0;0;0;0;0;0;0;0;0;0;0;0;1;1;0;0;0;0;0;0;31;0;ASTORGA;REGIÃO NORTE;43;0
0.04409517572582408;2021-04-30;13;20;23;27;697;33;0;13;22;526;33;0;33;868;2;4;4;4;5;4;5;4;4;1;0;0;0;0;0;0;0;0;0;0;0;1;0;0;0;0;0;0;0;0;0;0;0;0;1;0;0;0;0;0;0;0;0;0;0;0;0;0;0;0;0;0;0;0;0;0;0;0;0;0;1;1;0;0;0;0;0;1;30;0;ASTORGA;REGIÃO NORTE;44;0
0.08426107836716876;2021-05-31;9;15;21;26;657;32;8;9;21;484;32;0;32;831;147;234;5;4;4;5;4;5;4;0;0;0;0;0;0;0;1;0;0;0;0;1;0;0;0;0;0;0;0;0;0;0;0;0;1;0;0;0;0;0;0;0;0;0;0;0;0;0;0;0;0;0;0;0;0;0;0;0;0;0;1;1;0;0;0;0;0;0;31;0;ASTORGA;REGIÃO NORTE;45;1
0.035363457760314354;2021-06-30;2;8;19;24;556;29;2;2;19;428;29;0;29;684;22;73;4;5;4;4;4;4;5;0;0;0;0;0;0;1;0;0;0;0;0;1;0;0;0;0;0;0;0;0;0;0;0;0;1;0;0;0;0;0;0;0;0;0;0;0;0;0;0;0;0;0;0;0;0;0;0;0;0;0;1;1;0;0;0;0;0;1;30;0;ASTORGA;REGIÃO NORTE;46;0
0.003056101287928409;2021-07-31;2;8;18;24;551;30;1;2;18;356;30;0;30;745;9;26;4;4;5;4;5;5;4;0;0;0;0;0;1;0;0;0;0;0;0;1;0;0;0;0;0;0;0;0;0;0;0;0;1;0;0;0;0;0;0;0;0;0;0;0;0;0;0;0;0;0;0;0;0;0;0;0;0;0;1;1;0;0;0;0;0;0;31;0;ASTORGA;REGIÃO NORTE;47;0
0.07523830313614202;2021-08-31;10;16;23;29;699;36;3;10;22;517;36;0;36;881;65;90;5;4;4;5;4;4;5;0;1;0;0;0;0;0;0;0;0;0;0;1;0;0;0;0;0;0;0;0;0;0;0;0;1;0;0;0;0;0;0;0;0;0;0;0;0;0;0;0;0;0;0;0;0;0;0;0;0;0;1;1;0;0;0;0;0;0;31;0;ASTORGA;REGIÃO NORTE;48;1
0.09648548351888234;2021-09-30;13;20;26;32;777;38;2;13;26;586;38;0;38;967;23;71;4;5;5;4;4;4;4;0;0;0;0;0;0;0;0;0;0;0;1;1;0;0;0;0;0;0;0;0;0;0;0;0;1;0;0;0;0;0;0;0;0;0;0;0;0;0;0;0;0;0;0;0;0;0;0;0;0;0;1;1;0;0;0;0;0;0;30;0;ASTORGA;REGIÃO NORTE;49;1
0.061704140289602;2021-10-31;13;18;22;27;692;33;21;13;22;552;33;0;33;831;147;637;5;4;4;4;5;5;4;0;0;0;0;0;0;0;0;0;0;1;0;1;0;0;0;0;0;0;0;0;0;0;0;0;1;0;0;0;0;0;0;0;0;0;0;0;0;0;0;0;0;0;0;0;0;0;0;0;0;0;1;1;0;0;0;0;0;0;0;0;ASTORGA;REGIÃO NORTE;50;1
0.17070508622571492;2021-11-30;15;21;26;29;766;35;1;15;24;591;35;0;35;941;18;28;4;4;4;5;4;4;5;0;0;0;0;0;0;0;0;0;1;0;0;1;0;0;0;0;0;0;0;0;0;0;0;0;1;0;0;0;0;0;0;0;0;0;0;0;0;0;0;0;0;0;0;0;0;0;0;0;0;0;1;1;0;0;0;0;0;0;0;0;ASTORGA;REGIÃO NORTE;51;1
0.18351160590846247;2021-12-31;16;22;26;30;813;37;1;16;23;622;37;0;37;1003;13;30;4;5;5;4;5;4;4;0;0;1;0;0;0;0;0;0;0;0;0;1;0;0;0;0;0;0;0;0;0;0;0;0;1;0;0;0;0;0;0;0;0;0;0;0;0;0;0;0;0;0;0;0;0;0;0;0;0;0;1;1;0;0;0;0;0;0;0;0;ASTORGA;REGIÃO NORTE;52;1
0.22411409444808264;2022-01-31;18;22;26;30;804;36;5;18;24;656;36;0;36;953;32;143;5;4;4;5;4;5;4;0;0;0;0;1;0;0;0;0;0;0;0;0;1;0;0;0;0;0;0;0;0;0;0;0;1;0;0;0;0;0;0;0;0;0;0;0;0;0;0;0;0;0;0;0;0;0;0;0;0;0;1;1;0;0;0;0;31;0;0;0;ASTORGA;REGIÃO NORTE;53;1
0.40995415848068106;2022-02-28;18;25;27;31;748;37;4;18;24;589;37;0;37;906;31;111;4;4;4;4;4;4;4;0;0;0;1;0;0;0;0;0;0;0;0;0;1;0;0;0;0;0;0;0;0;0;0;0;1;0;0;0;0;0;0;0;0;0;0;0;0;0;0;0;0;0;0;0;0;0;0;0;0;0;1;1;0;0;0;1;0;1;0;0;ASTORGA;REGIÃO NORTE;54;3
0.5399112275340173;2022-03-31;18;21;26;30;804;36;13;18;24;657;36;0;36;951;102;415;4;5;5;4;4;4;5;0;0;0;0;0;0;0;0;1;0;0;0;0;1;0;0;0;0;0;0;0;0;0;0;0;1;0;0;0;0;0;0;0;0;0;0;0;0;0;0;0;0;0;0;0;0;0;0;0;0;0;1;1;0;0;0;1;0;1;0;0;ASTORGA;REGIÃO NORTE;55;5
0.35843702248417375;2022-04-30;14;19;23;27;702;32;6;14;22;558;32;0;32;847;62;180;4;4;4;4;5;5;4;1;0;0;0;0;0;0;0;0;0;0;0;0;1;0;0;0;0;0;0;0;0;0;0;0;1;0;0;0;0;0;0;0;0;0;0;0;0;0;0;0;0;0;0;0;0;0;0;0;0;0;1;1;0;0;0;1;0;1;0;0;ASTORGA;REGIÃO NORTE;56;2
0.42712653714618354;2022-05-31;6;10;19;25;595;31;2;6;22;452;31;0;31;737;21;57;5;4;4;5;4;4;5;0;0;0;0;0;0;0;1;0;0;0;0;0;1;0;0;0;0;0;0;0;0;0;0;0;1;0;0;0;0;0;0;0;0;0;0;0;0;0;0;0;0;0;0;0;0;0;0;0;0;0;1;1;0;0;0;1;0;0;0;0;ASTORGA;REGIÃO NORTE;57;3
0.37590045841519315;2022-06-30;6;13;19;23;576;29;1;6;18;436;29;0;29;715;13;45;4;5;5;4;4;4;4;0;0;0;0;0;0;1;0;0;0;0;0;0;1;0;0;0;0;0;0;0;0;0;0;0;1;0;0;0;0;0;0;0;0;0;0;0;0;0;0;0;0;0;0;0;0;0;0;0;0;0;1;1;0;0;0;1;0;1;0;0;ASTORGA;REGIÃO NORTE;58;3
0.2196027068325693;2022-07-31;9;16;22;24;684;30;0;9;19;508;30;0;30;860;2;4;5;4;4;4;5;5;4;0;0;0;0;0;1;0;0;0;0;0;0;0;1;0;0;0;0;0;0;0;0;0;0;0;1;0;0;0;0;0;0;0;0;0;0;0;0;0;0;0;0;0;0;0;0;0;0;0;0;0;1;1;0;0;0;1;0;0;0;0;ASTORGA;REGIÃO NORTE;59;1
0.42712653714618354;2022-08-31;6;12;20;26;625;33;6;6;21;459;33;0;33;790;58;178;4;5;4;5;4;4;5;0;1;0;0;0;0;0;0;0;0;0;0;0;1;0;0;0;0;0;0;0;0;0;0;0;1;0;0;0;0;0;0;0;0;0;0;0;0;0;0;0;0;0;0;0;0;0;0;0;0;0;1;1;0;0;0;1;0;0;0;0;ASTORGA;REGIÃO NORTE;60;3
0.4064614712944772;2022-09-30;9;15;20;28;599;35;5;9;21;464;35;0;35;733;39;162;4;4;5;4;5;4;4;0;0;0;0;0;0;0;0;0;0;0;1;0;1;0;0;0;0;0;0;0;0;0;0;0;1;0;0;0;0;0;0;0;0;0;0;0;0;0;0;0;0;0;0;0;0;0;0;0;0;0;1;1;0;0;0;1;0;0;0;0;ASTORGA;REGIÃO NORTE;61;3
0.3955468238375901;2022-10-31;-8;10;23;27;712;34;8;-8;22;545;34;0;34;879;37;235;5;4;4;5;4;5;4;0;0;0;0;0;0;0;0;0;0;1;0;0;1;0;0;0;0;0;0;0;0;0;0;0;1;0;0;0;0;0;0;0;0;0;0;0;0;0;0;0;0;0;0;0;0;0;0;0;0;0;1;1;0;0;0;1;0;0;0;0;ASTORGA;REGIÃO NORTE;62;3
0.3889980353634578;2022-11-30;12;15;23;26;681;33;3;12;21;516;33;0;33;846;30;83;4;5;4;4;4;4;5;0;0;0;0;0;0;0;0;0;1;0;0;0;1;0;0;0;0;0;0;0;0;0;0;0;1;0;0;0;0;0;0;0;0;0;0;0;0;0;0;0;0;0;0;0;0;0;0;0;0;0;1;1;0;0;0;1;0;0;0;0;ASTORGA;REGIÃO NORTE;63;3
0.30983045914283636;2022-12-31;3;17;25;28;765;33;7;3;23;610;33;0;33;920;46;221;4;4;5;4;5;5;4;0;0;1;0;0;0;0;0;0;0;0;0;0;1;0;0;0;0;0;0;0;0;0;0;0;1;0;0;0;0;0;0;0;0;0;0;0;0;0;0;0;0;0;0;0;0;0;0;0;0;0;1;1;0;0;0;1;0;0;0;0;ASTORGA;REGIÃO NORTE;64;2
0.18802299352397586;2023-01-31;17;21;25;27;769;33;9;17;23;634;33;0;33;903;49;270;5;4;4;5;4;4;5;0;0;0;0;1;0;0;0;0;0;0;0;0;0;1;0;0;0;0;0;0;0;0;0;0;1;0;0;0;0;0;0;0;0;0;0;0;0;0;0;0;0;0;0;0;0;0;0;0;0;0;1;1;0;0;0;1;31;0;0;0;ASTORGA;REGIÃO NORTE;65;1
0.5281234082805792;2023-02-28;12;19;24;27;679;34;10;12;22;559;34;0;34;798;33;287;4;4;4;4;4;4;4;0;0;0;1;0;0;0;0;0;0;0;0;0;0;1;0;0;0;0;0;0;0;0;0;0;1;0;0;0;0;0;0;0;0;0;0;0;0;0;0;0;0;0;0;0;0;0;0;0;0;0;1;1;0;0;0;1;0;3;0;0;ASTORGA;REGIÃO NORTE;66;5
0.8466855853889254;2023-03-31;18;23;26;28;806;34;7;18;23;651;34;0;34;960;41;209;4;5;5;4;5;4;4;0;0;0;0;0;0;0;0;1;0;0;0;0;0;1;0;0;0;0;0;0;0;0;0;0;1;0;0;0;0;0;0;0;0;0;0;0;0;0;0;0;0;0;0;0;0;0;0;0;0;0;1;1;0;0;0;1;0;0;0;0;ASTORGA;REGIÃO NORTE;67;6
0.5156079458633486;2023-04-30;12;19;23;28;693;34;12;12;22;550;34;0;34;837;121;373;5;4;4;4;4;5;4;1;0;0;0;0;0;0;0;0;0;0;0;0;0;1;0;0;0;0;0;0;0;0;0;0;1;0;0;0;0;0;0;0;0;0;0;0;0;0;0;0;0;0;0;0;0;0;0;0;0;0;1;1;0;0;0;1;0;1;0;0;ASTORGA;REGIÃO NORTE;68;5
0.5038201266099105;2023-05-31;12;18;22;26;672;30;3;12;21;506;30;0;30;837;42;100;4;5;4;5;4;4;5;0;0;0;0;0;0;0;1;0;0;0;0;0;0;1;0;0;0;0;0;0;0;0;0;0;1;0;0;0;0;0;0;0;0;0;0;0;0;0;0;0;0;0;0;0;0;0;0;0;0;0;1;1;0;0;0;1;0;0;0;0;ASTORGA;REGIÃO NORTE;69;4
0.4413883431565161;2023-06-30;9;11;19;24;583;30;4;9;18;422;30;0;30;744;65;122;4;4;5;4;5;4;4;0;0;0;0;0;0;1;0;0;0;0;0;0;0;1;0;0;0;0;0;0;0;0;0;0;1;0;0;0;0;0;0;0;0;0;0;0;0;0;0;0;0;0;0;0;0;0;0;0;0;0;1;1;0;0;0;1;0;1;0;0;ASTORGA;REGIÃO NORTE;70;4
0.26471658298770284;2023-07-31;8;13;20;25;631;30;1;8;19;466;30;0;30;796;11;32;5;4;4;5;4;5;4;0;0;0;0;0;1;0;0;0;0;0;0;0;0;1;0;0;0;0;0;0;0;0;0;0;1;0;0;0;0;0;0;0;0;0;0;0;0;0;0;0;0;0;0;0;0;0;0;0;0;0;1;1;0;0;0;1;15;0;0;0;ASTORGA;REGIÃO NORTE;71;2
0.5624681656115841;2023-08-31;11;17;22;28;697;35;2;11;21;501;35;0;35;892;20;64;4;5;5;4;4;4;5;0;1;0;0;0;0;0;0;0;0;0;0;0;0;1;0;0;0;0;0;0;0;0;0;0;1;0;0;0;0;0;0;0;0;0;0;0;0;0;0;0;0;0;0;0;0;0;0;0;0;0;1;1;0;0;0;1;0;0;0;0;ASTORGA;REGIÃO NORTE;72;6
0.7033398821218074;2023-09-30;10;18;26;32;778;38;5;10;26;585;38;0;38;970;77;139;4;4;4;4;5;5;4;0;0;0;0;0;0;0;0;0;0;0;1;0;0;1;0;0;0;0;0;0;0;0;0;0;1;0;0;0;0;0;0;0;0;0;0;0;0;0;0;0;0;0;0;0;0;0;0;0;0;0;1;1;0;0;0;1;0;0;0;0;ASTORGA;REGIÃO NORTE;73;6
0.7429236702321181;2023-10-31;17;21;26;31;798;36;11;17;25;631;36;0;36;965;113;341;5;4;4;5;4;4;5;0;0;0;0;0;0;0;0;0;0;1;0;0;0;1;0;0;0;0;0;0;0;0;0;0;1;0;0;0;0;0;0;0;0;0;0;0;0;0;0;0;0;0;0;0;0;0;0;0;0;0;1;1;0;0;0;1;0;0;0;0;ASTORGA;REGIÃO NORTE;74;6
0.6727788692425235;2023-11-30;12;18;26;32;775;38;7;12;26;613;38;0;38;937;62;216;4;5;5;4;4;4;4;0;0;0;0;0;0;0;0;0;1;0;0;0;0;1;0;0;0;0;0;0;0;0;0;0;1;0;0;0;0;0;0;0;0;0;0;0;0;0;0;0;0;0;0;0;0;0;0;0;0;0;1;1;0;0;0;1;0;0;0;0;ASTORGA;REGIÃO NORTE;75;6
0.47675180091683045;2023-12-31;17;23;27;30;834;37;6;17;24;656;37;0;37;1013;32;179;5;4;4;4;5;5;4;0;0;1;0;0;0;0;0;0;0;0;0;0;0;1;0;0;0;0;0;0;0;0;0;0;1;0;0;0;0;0;0;0;0;0;0;0;0;0;0;0;0;0;0;0;0;0;0;0;0;0;1;1;0;0;0;1;0;0;0;0;ASTORGA;REGIÃO NORTE;76;4
0.4316379247616968;2024-01-31;16;20;26;31;818;37;2;16;25;648;37;0;37;988;20;66;4;5;4;5;4;4;5;0;0;0;0;1;0;0;0;0;0;0;0;0;0;0;1;0;0;0;0;0;0;0;0;0;1;0;0;0;0;0;0;0;0;0;0;0;0;0;0;0;0;0;0;0;0;0;0;0;0;0;1;1;0;0;0;1;31;0;0;0;ASTORGA;REGIÃO NORTE;77;4
0.8500327439423706;2024-02-29;19;24;27;30;791;36;4;19;25;631;36;0;36;951;28;110;4;4;5;4;4;4;4;0;0;0;1;0;0;0;0;0;0;0;0;0;0;0;1;0;0;0;0;0;0;0;0;0;1;0;0;0;0;0;0;0;0;0;0;0;0;0;0;0;0;0;0;0;0;0;0;0;0;0;1;1;0;0;0;1;0;3;0;0;ASTORGA;REGIÃO NORTE;78;6
0.9999999999999999;2024-03-31;18;21;28;31;856;37;2;18;26;681;37;0;37;1030;47;68;5;4;4;4;5;5;4;0;0;0;0;0;0;0;0;1;0;0;0;0;0;0;1;0;0;0;0;0;0;0;0;0;1;0;0;0;0;0;0;0;0;0;0;0;0;0;0;0;0;0;0;0;0;0;0;0;0;0;1;1;0;0;0;1;0;1;0;0;ASTORGA;REGIÃO NORTE;79;6
0.5068762278978389;2024-04-30;15;21;26;29;774;35;4;15;23;622;35;0;35;926;38;120;4;4;4;5;4;4;5;1;0;0;0;0;0;0;0;0;0;0;0;0;0;0;1;0;0;0;0;0;0;0;0;0;1;0;0;0;0;0;0;0;0;0;0;0;0;0;0;0;0;0;0;0;0;0;0;0;0;0;1;1;0;0;0;1;0;0;0;0;ASTORGA;REGIÃO NORTE;80;4
0.37750127337553663;2024-05-31;7;13;23;28;716;34;1;7;23;556;34;0;34;876;29;33;4;5;5;4;5;4;4;0;0;0;0;0;0;0;1;0;0;0;0;0;0;0;1;0;0;0;0;0;0;0;0;0;1;0;0;0;0;0;0;0;0;0;0;0;0;0;0;0;0;0;0;0;0;0;0;0;0;0;1;1;0;0;0;1;0;1;0;30;ASTORGA;REGIÃO NORTE;81;3
0.42829076620825146;2024-06-30;11;17;23;25;689;32;0;11;20;503;32;0;32;876;3;4;5;4;4;4;4;5;4;0;0;0;0;0;0;1;0;0;0;0;0;0;0;0;1;0;0;0;0;0;0;0;0;0;1;0;0;0;0;0;0;0;0;0;0;0;0;0;0;0;0;0;0;0;0;0;0;0;0;0;1;1;0;0;0;1;0;0;0;30;ASTORGA;REGIÃO NORTE;82;3
0.5940478789201775;2024-07-31;8;10;18;23;564;29;3;8;19;431;29;0;29;696;41;88;4;5;4;5;4;4;5;0;0;0;0;0;1;0;0;0;0;0;0;0;0;0;1;0;0;0;0;0;0;0;0;0;1;0;0;0;0;0;0;0;0;0;0;0;0;0;0;0;0;0;0;0;0;0;0;0;0;0;1;1;0;0;0;1;12;0;0;0;ASTORGA;REGIÃO NORTE;83;6
0.7699919959251983;2024-08-31;4;12;20;27;633;36;1;4;22;447;36;0;36;818;19;46;4;4;5;4;5;5;4;0;1;0;0;0;0;0;0;0;0;0;0;0;0;0;1;0;0;0;0;0;0;0;0;0;1;0;0;0;0;0;0;0;0;0;0;0;0;0;0;0;0;0;0;0;0;0;0;0;0;0;1;1;0;0;0;1;0;0;0;0;ASTORGA;REGIÃO NORTE;84;6
0.9565597031215892;2024-09-30;12;18;24;29;713;38;1;12;21;503;38;0;38;923;26;43;5;4;4;5;4;4;4;0;0;0;0;0;0;0;0;0;0;0;1;0;0;0;1;0;0;0;0;0;0;0;0;0;1;0;0;0;0;0;0;0;0;0;0;0;0;0;0;0;0;0;0;0;0;0;0;0;0;0;1;1;0;0;0;1;0;0;0;0;ASTORGA;REGIÃO NORTE;85;6
0.9999999999999999;2024-10-31;16;21;25;31;776;37;4;16;26;631;37;0;37;921;28;112;4;5;5;4;4;4;5;0;0;0;0;0;0;0;0;0;0;1;0;0;0;0;1;0;0;0;0;0;0;0;0;0;1;0;0;0;0;0;0;0;0;0;0;0;0;0;0;0;0;0;0;0;0;0;0;0;0;0;1;1;0;0;0;1;0;0;0;0;ASTORGA;REGIÃO NORTE;86;6
0.46094306049822065;2015-04-30;10;17;20;22;592;28;3;10;19;433;28;0;28;752;51;99;4;5;5;4;4;4;4;1;0;0;0;0;0;0;0;0;0;0;0;0;0;0;0;1;0;0;0;0;0;0;0;0;0;1;0;0;0;0;0;0;0;0;0;0;0;0;0;0;0;0;0;0;0;0;0;0;0;0;1;0;0;0;0;0;0;1;0;0;BARRACÃO;REGIÃO SUL;1;2
0.5000889679715302;2015-05-31;5;10;17;22;512;27;12;5;19;385;27;0;27;639;115;363;5;4;4;4;5;5;4;0;0;0;0;0;0;0;1;0;0;0;0;0;0;0;0;1;0;0;0;0;0;0;0;0;0;1;0;0;0;0;0;0;0;0;0;0;0;0;0;0;0;0;0;0;0;0;0;0;0;0;1;0;0;0;0;0;0;0;0;0;BARRACÃO;REGIÃO SUL;2;3
0.4993772241992883;2015-06-30;2;8;17;21;499;27;6;2;16;345;27;0;27;652;85;169;4;4;4;5;4;4;5;0;0;0;0;0;0;1;0;0;0;0;0;0;0;0;0;1;0;0;0;0;0;0;0;0;0;1;0;0;0;0;0;0;0;0;0;0;0;0;0;0;0;0;0;0;0;0;0;0;0;0;1;0;0;0;0;0;0;1;0;0;BARRACÃO;REGIÃO SUL;3;3
0.4801601423487545;2015-07-31;2;8;14;20;445;26;17;2;15;322;26;0;26;568;118;521;4;5;5;4;5;4;4;0;0;0;0;0;1;0;0;0;0;0;0;0;0;0;0;1;0;0;0;0;0;0;0;0;0;1;0;0;0;0;0;0;0;0;0;0;0;0;0;0;0;0;0;0;0;0;0;0;0;0;1;0;0;0;0;0;15;0;0;0;BARRACÃO;REGIÃO SUL;4;3
0.5442170818505339;2015-08-31;6;13;20;24;606;31;3;6;17;408;31;0;31;804;51;95;5;4;4;5;4;5;4;0;1;0;0;0;0;0;0;0;0;0;0;0;0;0;0;1;0;0;0;0;0;0;0;0;0;1;0;0;0;0;0;0;0;0;0;0;0;0;0;0;0;0;0;0;0;0;0;0;0;0;1;0;0;0;0;0;0;0;0;0;BARRACÃO;REGIÃO SUL;5;4
0.5036476868327403;2015-09-30;1;9;20;28;594;35;6;1;21;407;35;0;35;780;35;177;4;5;4;4;4;4;5;0;0;0;0;0;0;0;0;0;0;0;1;0;0;0;0;1;0;0;0;0;0;0;0;0;0;1;0;0;0;0;0;0;0;0;0;0;0;0;0;0;0;0;0;0;0;0;0;0;0;0;1;0;0;0;0;0;0;0;0;0;BARRACÃO;REGIÃO SUL;6;3
0.30578291814946623;2015-10-31;8;13;21;28;654;34;7;8;22;494;34;0;34;814;40;209;4;4;5;4;5;5;4;0;0;0;0;0;0;0;0;0;0;1;0;0;0;0;0;1;0;0;0;0;0;0;0;0;0;1;0;0;0;0;0;0;0;0;0;0;0;0;0;0;0;0;0;0;0;0;0;0;0;0;1;0;0;0;0;0;0;0;0;0;BARRACÃO;REGIÃO SUL;7;1
0.28798932384341636;2015-11-30;8;17;21;26;619;32;11;8;21;498;32;0;32;740;80;344;5;4;4;5;4;4;4;0;0;0;0;0;0;0;0;0;1;0;0;0;0;0;0;1;0;0;0;0;0;0;0;0;0;1;0;0;0;0;0;0;0;0;0;0;0;0;0;0;0;0;0;0;0;0;0;0;0;0;1;0;0;0;0;0;0;0;0;0;BARRACÃO;REGIÃO SUL;8;1
0.3463523131672598;2015-12-31;12;19;22;25;689;31;12;12;21;559;31;0;31;820;83;361;4;5;5;4;4;4;5;0;0;1;0;0;0;0;0;0;0;0;0;0;0;0;0;1;0;0;0;0;0;0;0;0;0;1;0;0;0;0;0;0;0;0;0;0;0;0;0;0;0;0;0;0;0;0;0;0;0;0;1;0;0;0;0;0;0;0;0;0;BARRACÃO;REGIÃO SUL;9;1
0.0;2016-01-31;16;20;24;27;754;34;6;16;22;590;34;0;34;918;91;189;5;4;4;4;5;5;4;0;0;0;0;1;0;0;0;0;0;0;0;0;0;0;0;0;1;0;0;0;0;0;0;0;0;1;0;0;0;0;0;0;0;0;0;0;0;0;0;0;0;0;0;0;0;0;0;0;0;0;1;0;0;0;0;0;31;0;0;0;BARRACÃO;REGIÃO SUL;10;0
0.35097864768683273;2016-02-29;17;20;24;27;702;32;6;17;22;567;32;0;32;837;46;185;4;4;4;5;4;4;4;0;0;0;1;0;0;0;0;0;0;0;0;0;0;0;0;0;1;0;0;0;0;0;0;0;0;1;0;0;0;0;0;0;0;0;0;0;0;0;0;0;0;0;0;0;0;0;0;0;0;0;1;0;0;0;0;0;0;3;0;0;BARRACÃO;REGIÃO SUL;11;1
0.5741103202846976;2016-03-31;12;17;21;25;648;31;4;12;21;509;31;0;31;786;38;137;4;5;5;4;4;4;5;0;0;0;0;0;0;0;0;1;0;0;0;0;0;0;0;0;1;0;0;0;0;0;0;0;0;1;0;0;0;0;0;0;0;0;0;0;0;0;0;0;0;0;0;0;0;0;0;0;0;0;1;0;0;0;0;0;0;1;0;0;BARRACÃO;REGIÃO SUL;12;4
0.53923487544484;2016-04-30;2;8;22;26;652;32;3;2;21;499;32;0;32;806;56;95;4;4;4;4;5;5;4;1;0;0;0;0;0;0;0;0;0;0;0;0;0;0;0;0;1;0;0;0;0;0;0;0;0;1;0;0;0;0;0;0;0;0;0;0;0;0;0;0;0;0;0;0;0;0;0;0;0;0;1;0;0;0;0;0;0;0;0;0;BARRACÃO;REGIÃO SUL;13;4
0.49297153024911033;2016-05-31;2;9;15;20;457;25;4;2;15;330;25;0;25;584;28;120;5;4;4;5;4;4;5;0;0;0;0;0;0;0;1;0;0;0;0;0;0;0;0;0;1;0;0;0;0;0;0;0;0;1;0;0;0;0;0;0;0;0;0;0;0;0;0;0;0;0;0;0;0;0;0;0;0;0;1;0;0;0;0;0;0;1;0;0;BARRACÃO;REGIÃO SUL;14;3
0.7047153024911033;2016-06-30;-1;6;12;19;360;26;1;-1;13;203;26;0;26;518;24;37;4;5;5;4;4;4;4;0;0;0;0;0;0;1;0;0;0;0;0;0;0;0;0;0;1;0;0;0;0;0;0;0;0;1;0;0;0;0;0;0;0;0;0;0;0;0;0;0;0;0;0;0;0;0;0;0;0;0;1;0;0;0;0;0;0;0;0;0;BARRACÃO;REGIÃO SUL;15;5
0.7723309608540927;2016-07-31;-1;4;15;22;456;28;3;-1;18;273;28;0;28;639;24;104;5;4;4;4;5;5;4;0;0;0;0;0;1;0;0;0;0;0;0;0;0;0;0;0;1;0;0;0;0;0;0;0;0;1;0;0;0;0;0;0;0;0;0;0;0;0;0;0;0;0;0;0;0;0;0;0;0;0;1;0;0;0;0;0;14;0;0;0;BARRACÃO;REGIÃO SUL;16;6
0.6876334519572955;2016-08-31;2;9;16;23;511;31;12;2;16;338;31;0;31;683;131;364;4;5;4;5;4;4;5;0;1;0;0;0;0;0;0;0;0;0;0;0;0;0;0;0;1;0;0;0;0;0;0;0;0;1;0;0;0;0;0;0;0;0;0;0;0;0;0;0;0;0;0;0;0;0;0;0;0;0;1;0;0;0;0;0;0;0;0;0;BARRACÃO;REGIÃO SUL;17;5
0.5459964412811389;2016-09-30;2;10;17;22;500;32;4;2;19;295;32;0;32;705;72;118;4;4;5;4;5;4;4;0;0;0;0;0;0;0;0;0;0;0;1;0;0;0;0;0;1;0;0;0;0;0;0;0;0;1;0;0;0;0;0;0;0;0;0;0;0;0;0;0;0;0;0;0;0;0;0;0;0;0;1;0;0;0;0;0;0;0;0;0;BARRACÃO;REGIÃO SUL;18;4
0.4780249110320285;2016-10-31;5;13;19;26;602;33;9;5;20;428;33;0;33;775;54;293;5;4;4;5;4;5;4;0;0;0;0;0;0;0;0;0;0;1;0;0;0;0;0;0;1;0;0;0;0;0;0;0;0;1;0;0;0;0;0;0;0;0;0;0;0;0;0;0;0;0;0;0;0;0;0;0;0;0;1;0;0;0;0;0;0;0;0;0;BARRACÃO;REGIÃO SUL;19;3
0.5079181494661922;2016-11-30;6;14;20;24;612;32;3;6;20;422;32;0;32;802;47;92;4;5;4;4;4;4;5;0;0;0;0;0;0;0;0;0;1;0;0;0;0;0;0;0;1;0;0;0;0;0;0;0;0;1;0;0;0;0;0;0;0;0;0;0;0;0;0;0;0;0;0;0;0;0;0;0;0;0;1;0;0;0;0;0;0;0;0;0;BARRACÃO;REGIÃO SUL;20;3
0.4502669039145908;2016-12-31;9;18;22;26;680;31;6;9;20;529;31;0;31;832;83;200;4;4;5;4;5;5;4;0;0;1;0;0;0;0;0;0;0;0;0;0;0;0;0;0;1;0;0;0;0;0;0;0;0;1;0;0;0;0;0;0;0;0;0;0;0;0;0;0;0;0;0;0;0;0;0;0;0;0;1;0;0;0;0;0;0;0;0;0;BARRACÃO;REGIÃO SUL;21;2
0.23959074733096086;2017-01-31;12;17;23;26;723;32;2;12;20;558;32;0;32;889;11;77;5;4;4;5;4;4;5;0;0;0;0;1;0;0;0;0;0;0;0;0;0;0;0;0;0;1;0;0;0;0;0;0;0;1;0;0;0;0;0;0;0;0;0;0;0;0;0;0;0;0;0;0;0;0;0;0;0;0;1;0;0;0;0;0;31;0;0;0;BARRACÃO;REGIÃO SUL;22;0
0.49795373665480436;2017-02-28;13;20;24;26;662;34;3;13;21;511;34;0;34;812;40;91;4;4;4;4;4;4;4;0;0;0;1;0;0;0;0;0;0;0;0;0;0;0;0;0;0;1;0;0;0;0;0;0;0;1;0;0;0;0;0;0;0;0;0;0;0;0;0;0;0;0;0;0;0;0;0;0;0;0;1;0;0;0;0;0;0;2;0;0;BARRACÃO;REGIÃO SUL;23;3
0.6648576512455517;2017-03-31;11;16;22;27;683;33;4;11;21;527;33;0;33;839;60;125;4;5;5;4;5;4;4;0;0;0;0;0;0;0;0;1;0;0;0;0;0;0;0;0;0;1;0;0;0;0;0;0;0;1;0;0;0;0;0;0;0;0;0;0;0;0;0;0;0;0;0;0;0;0;0;0;0;0;1;0;0;0;0;0;0;1;0;0;BARRACÃO;REGIÃO SUL;24;5
0.42179715302491105;2017-04-30;5;11;19;23;568;27;6;5;20;439;27;0;27;695;50;191;5;4;4;4;4;5;4;1;0;0;0;0;0;0;0;0;0;0;0;0;0;0;0;0;0;1;0;0;0;0;0;0;0;1;0;0;0;0;0;0;0;0;0;0;0;0;0;0;0;0;0;0;0;0;0;0;0;0;1;0;0;0;0;0;0;1;0;0;BARRACÃO;REGIÃO SUL;25;2
0.527491103202847;2017-05-31;8;14;18;23;544;27;5;8;19;421;27;0;27;667;50;144;4;5;4;5;4;4;5;0;0;0;0;0;0;0;1;0;0;0;0;0;0;0;0;0;0;1;0;0;0;0;0;0;0;1;0;0;0;0;0;0;0;0;0;0;0;0;0;0;0;0;0;0;0;0;0;0;0;0;1;0;0;0;0;0;0;0;0;0;BARRACÃO;REGIÃO SUL;26;4
0.47446619217081853;2017-06-30;1;7;15;21;461;27;2;1;16;312;27;0;27;610;47;62;4;4;5;4;5;4;4;0;0;0;0;0;0;1;0;0;0;0;0;0;0;0;0;0;0;1;0;0;0;0;0;0;0;1;0;0;0;0;0;0;0;0;0;0;0;0;0;0;0;0;0;0;0;0;0;0;0;0;1;0;0;0;0;0;0;1;0;0;BARRACÃO;REGIÃO SUL;27;2
0.3872775800711744;2017-07-31;-3;3;16;20;483;28;0;-3;15;269;28;0;28;698;3;5;5;4;4;5;4;5;4;0;0;0;0;0;1;0;0;0;0;0;0;0;0;0;0;0;0;1;0;0;0;0;0;0;0;1;0;0;0;0;0;0;0;0;0;0;0;0;0;0;0;0;0;0;0;0;0;0;0;0;1;0;0;0;0;0;16;0;0;0;BARRACÃO;REGIÃO SUL;28;1
0.47233096085409254;2017-08-31;4;11;18;23;552;30;9;4;17;364;30;0;30;740;88;294;4;5;5;4;4;4;5;0;1;0;0;0;0;0;0;0;0;0;0;0;0;0;0;0;0;1;0;0;0;0;0;0;0;1;0;0;0;0;0;0;0;0;0;0;0;0;0;0;0;0;0;0;0;0;0;0;0;0;1;0;0;0;0;0;0;0;0;0;BARRACÃO;REGIÃO SUL;29;2
0.46307829181494664;2017-09-30;10;15;22;25;650;34;5;10;17;458;34;0;34;843;57;155;4;4;4;4;5;5;4;0;0;0;0;0;0;0;0;0;0;0;1;0;0;0;0;0;0;1;0;0;0;0;0;0;0;1;0;0;0;0;0;0;0;0;0;0;0;0;0;0;0;0;0;0;0;0;0;0;0;0;1;0;0;0;0;0;0;0;0;0;BARRACÃO;REGIÃO SUL;30;2
0.4730427046263346;2017-10-31;6;15;19;27;600;34;22;6;20;440;34;0;34;758;155;681;5;4;4;5;4;4;5;0;0;0;0;0;0;0;0;0;0;1;0;0;0;0;0;0;0;1;0;0;0;0;0;0;0;1;0;0;0;0;0;0;0;0;0;0;0;0;0;0;0;0;0;0;0;0;0;0;0;0;1;0;0;0;0;0;0;0;0;0;BARRACÃO;REGIÃO SUL;31;2
0.4481316725978648;2017-11-30;9;15;20;23;588;31;13;9;18;408;31;0;31;769;89;385;4;5;5;4;4;4;4;0;0;0;0;0;0;0;0;0;1;0;0;0;0;0;0;0;0;1;0;0;0;0;0;0;0;1;0;0;0;0;0;0;0;0;0;0;0;0;0;0;0;0;0;0;0;0;0;0;0;0;1;0;0;0;0;0;0;0;0;0;BARRACÃO;REGIÃO SUL;32;2
0.7773131672597866;2017-12-31;14;20;23;26;713;33;4;14;21;546;33;0;33;880;45;113;5;4;4;4;5;5;4;0;0;1;0;0;0;0;0;0;0;0;0;0;0;0;0;0;0;1;0;0;0;0;0;0;0;1;0;0;0;0;0;0;0;0;0;0;0;0;0;0;0;0;0;0;0;0;0;0;0;0;1;0;0;0;0;0;0;0;0;0;BARRACÃO;REGIÃO SUL;33;6
0.4036476868327402;2018-01-31;15;21;23;24;705;31;7;15;20;561;31;0;31;848;58;211;4;5;4;5;4;4;5;0;0;0;0;1;0;0;0;0;0;0;0;0;0;0;0;0;0;0;1;0;0;0;0;0;0;1;0;0;0;0;0;0;0;0;0;0;0;0;0;0;0;0;0;0;0;0;0;0;0;0;1;0;0;0;0;0;31;0;0;0;BARRACÃO;REGIÃO SUL;34;1
0.19332740213523136;2018-02-28;13;20;23;25;634;32;3;13;19;478;32;0;32;791;17;75;4;4;4;4;4;4;4;0;0;0;1;0;0;0;0;0;0;0;0;0;0;0;0;0;0;0;1;0;0;0;0;0;0;1;0;0;0;0;0;0;0;0;0;0;0;0;0;0;0;0;0;0;0;0;0;0;0;0;2;0;0;0;0;0;0;3;0;0;BARRACÃO;REGIÃO SUL;35;0
0.8488434163701069;2018-03-31;10;17;22;26;691;32;9;10;22;542;32;0;32;840;44;281;4;4;5;4;5;5;4;0;0;0;0;0;0;0;0;1;0;0;0;0;0;0;0;0;0;0;1;0;0;0;0;0;0;1;0;0;0;0;0;0;0;0;0;0;0;0;0;0;0;0;0;0;0;0;0;0;0;0;2;0;0;0;0;0;0;1;0;0;BARRACÃO;REGIÃO SUL;36;6
0.6082740213523132;2018-04-30;13;20;22;24;657;30;1;13;19;483;30;0;30;830;22;26;5;4;4;5;4;4;4;1;0;0;0;0;0;0;0;0;0;0;0;0;0;0;0;0;0;0;1;0;0;0;0;0;0;1;0;0;0;0;0;0;0;0;0;0;0;0;0;0;0;0;0;0;0;0;0;0;0;0;2;0;0;0;0;0;0;0;0;0;BARRACÃO;REGIÃO SUL;37;5
0.625355871886121;2018-05-31;3;8;17;23;530;29;5;3;17;380;29;0;29;681;74;169;4;5;5;4;4;4;5;0;0;0;0;0;0;0;1;0;0;0;0;0;0;0;0;0;0;0;1;0;0;0;0;0;0;1;0;0;0;0;0;0;0;0;0;0;0;0;0;0;0;0;0;0;0;0;0;0;0;0;2;0;0;0;0;0;0;1;0;0;BARRACÃO;REGIÃO SUL;38;5
0.5399466192170819;2018-06-30;0;5;14;22;412;25;5;0;20;277;25;0;25;548;47;138;4;4;4;4;5;5;4;0;0;0;0;0;0;1;0;0;0;0;0;0;0;0;0;0;0;0;1;0;0;0;0;0;0;1;0;0;0;0;0;0;0;0;0;0;0;0;0;0;0;0;0;0;0;0;0;0;0;0;2;0;0;0;0;0;0;0;0;0;BARRACÃO;REGIÃO SUL;39;4
0.47624555160142357;2018-07-31;2;7;15;22;473;28;0;2;16;311;28;0;28;635;8;15;5;4;4;5;4;4;5;0;0;0;0;0;1;0;0;0;0;0;0;0;0;0;0;0;0;0;1;0;0;0;0;0;0;1;0;0;0;0;0;0;0;0;0;0;0;0;0;0;0;0;0;0;0;0;0;0;0;0;2;0;0;0;0;0;16;0;0;0;BARRACÃO;REGIÃO SUL;40;2
0.534608540925267;2018-08-31;0;6;14;22;426;31;3;0;16;237;31;0;31;615;28;89;4;5;5;4;5;4;4;0;1;0;0;0;0;0;0;0;0;0;0;0;0;0;0;0;0;0;1;0;0;0;0;0;0;1;0;0;0;0;0;0;0;0;0;0;0;0;0;0;0;0;0;0;0;0;0;0;0;0;2;0;0;0;0;0;0;0;0;0;BARRACÃO;REGIÃO SUL;41;4
0.4780249110320285;2018-09-30;5;11;18;26;550;33;10;5;18;385;33;0;33;716;102;307;5;4;4;4;4;5;4;0;0;0;0;0;0;0;0;0;0;0;1;0;0;0;0;0;0;0;1;0;0;0;0;0;0;1;0;0;0;0;0;0;0;0;0;0;0;0;0;0;0;0;0;0;0;0;0;0;0;0;2;0;0;0;0;0;0;0;0;0;BARRACÃO;REGIÃO SUL;42;3
0.5442170818505339;2018-10-31;9;15;19;22;589;30;12;9;18;459;30;0;30;718;69;362;4;5;4;5;4;4;5;0;0;0;0;0;0;0;0;0;0;1;0;0;0;0;0;0;0;0;1;0;0;0;0;0;0;1;0;0;0;0;0;0;0;0;0;0;0;0;0;0;0;0;0;0;0;0;0;0;0;0;2;0;0;0;0;0;0;0;0;0;BARRACÃO;REGIÃO SUL;43;4
0.5783807829181495;2018-11-30;13;18;22;25;652;32;6;13;20;492;32;0;32;811;50;173;4;4;5;4;5;4;4;0;0;0;0;0;0;0;0;0;1;0;0;0;0;0;0;0;0;0;1;0;0;0;0;0;0;1;0;0;0;0;0;0;0;0;0;0;0;0;0;0;0;0;0;0;0;0;0;0;0;0;2;0;0;0;0;0;0;0;0;0;BARRACÃO;REGIÃO SUL;44;4
0.624644128113879;2018-12-31;9;17;23;26;704;34;3;9;20;508;34;0;34;900;14;88;5;4;4;5;4;5;4;0;0;1;0;0;0;0;0;0;0;0;0;0;0;0;0;0;0;0;1;0;0;0;0;0;0;1;0;0;0;0;0;0;0;0;0;0;0;0;0;0;0;0;0;0;0;0;0;0;0;0;2;0;0;0;0;0;0;0;0;0;BARRACÃO;REGIÃO SUL;45;5
0.2751779359430605;2019-01-31;15;21;25;27;772;34;4;15;21;601;34;0;34;944;38;135;4;5;5;4;4;4;5;0;0;0;0;1;0;0;0;0;0;0;0;0;0;0;0;0;0;0;0;1;0;0;0;0;0;1;0;0;0;0;0;0;0;0;0;0;0;0;0;0;0;0;0;0;0;0;0;0;0;0;2;0;0;0;0;0;31;0;0;0;BARRACÃO;REGIÃO SUL;46;0
0.4801601423487545;2019-02-28;13;19;23;28;642;34;5;13;21;488;34;0;34;796;39;140;4;4;4;4;4;4;4;0;0;0;1;0;0;0;0;0;0;0;0;0;0;0;0;0;0;0;0;1;0;0;0;0;0;1;0;0;0;0;0;0;0;0;0;0;0;0;0;0;0;0;0;0;0;0;0;0;0;0;2;0;0;0;0;0;0;0;0;0;BARRACÃO;REGIÃO SUL;47;3
0.5018683274021353;2019-03-31;11;18;21;25;654;32;6;11;19;495;32;0;32;813;57;179;5;4;4;4;5;5;4;0;0;0;0;0;0;0;0;1;0;0;0;0;0;0;0;0;0;0;0;1;0;0;0;0;0;1;0;0;0;0;0;0;0;0;0;0;0;0;0;0;0;0;0;0;0;0;0;0;0;0;2;0;0;0;0;0;0;3;0;0;BARRACÃO;REGIÃO SUL;48;3
0.5527580071174377;2019-04-30;11;16;20;23;609;29;6;11;19;471;29;0;29;746;51;180;4;4;4;5;4;4;5;1;0;0;0;0;0;0;0;0;0;0;0;0;0;0;0;0;0;0;0;1;0;0;0;0;0;1;0;0;0;0;0;0;0;0;0;0;0;0;0;0;0;0;0;0;0;0;0;0;0;0;2;0;0;0;0;0;0;1;0;0;BARRACÃO;REGIÃO SUL;49;4
0.5111209964412812;2019-05-31;8;11;18;23;545;27;10;8;18;431;27;0;27;660;94;298;4;5;5;4;5;4;4;0;0;0;0;0;0;0;1;0;0;0;0;0;0;0;0;0;0;0;0;1;0;0;0;0;0;1;0;0;0;0;0;0;0;0;0;0;0;0;0;0;0;0;0;0;0;0;0;0;0;0;2;0;0;0;0;0;0;0;0;0;BARRACÃO;REGIÃO SUL;50;3
0.4459964412811388;2019-06-30;5;9;18;22;533;28;2;5;16;371;28;0;28;695;53;57;5;4;4;4;4;5;4;0;0;0;0;0;0;1;0;0;0;0;0;0;0;0;0;0;0;0;0;1;0;0;0;0;0;1;0;0;0;0;0;0;0;0;0;0;0;0;0;0;0;0;0;0;0;0;0;0;0;0;2;0;0;0;0;0;0;1;0;0;BARRACÃO;REGIÃO SUL;51;2
0.4513345195729538;2019-07-31;-4;3;14;22;421;26;1;-4;17;264;26;0;26;579;10;46;4;5;4;5;4;4;5;0;0;0;0;0;1;0;0;0;0;0;0;0;0;0;0;0;0;0;0;1;0;0;0;0;0;1;0;0;0;0;0;0;0;0;0;0;0;0;0;0;0;0;0;0;0;0;0;0;0;0;2;0;0;0;0;0;16;0;0;0;BARRACÃO;REGIÃO SUL;52;2
0.48549822064056947;2019-08-31;-1;6;16;22;508;31;1;-1;16;297;31;0;31;718;13;19;4;4;5;4;5;5;4;0;1;0;0;0;0;0;0;0;0;0;0;0;0;0;0;0;0;0;0;1;0;0;0;0;0;1;0;0;0;0;0;0;0;0;0;0;0;0;0;0;0;0;0;0;0;0;0;0;0;0;2;0;0;0;0;0;0;0;0;0;BARRACÃO;REGIÃO SUL;53;3
0.629626334519573;2019-09-30;4;14;20;27;603;35;2;4;19;409;35;0;35;798;30;52;5;4;4;5;4;4;4;0;0;0;0;0;0;0;0;0;0;0;1;0;0;0;0;0;0;0;0;1;0;0;0;0;0;1;0;0;0;0;0;0;0;0;0;0;0;0;0;0;0;0;0;0;0;0;0;0;0;0;2;0;0;0;0;0;0;0;0;0;BARRACÃO;REGIÃO SUL;54;5
0.7872775800711744;2019-10-31;9;16;23;28;700;36;4;9;22;512;36;0;36;887;25;116;4;5;5;4;4;4;5;0;0;0;0;0;0;0;0;0;0;1;0;0;0;0;0;0;0;0;0;1;0;0;0;0;0;1;0;0;0;0;0;0;0;0;0;0;0;0;0;0;0;0;0;0;0;0;0;0;0;0;2;0;0;0;0;0;0;0;0;0;BARRACÃO;REGIÃO SUL;55;6
0.726067615658363;2019-11-30;11;19;23;26;687;32;7;11;20;523;32;0;32;850;92;208;4;4;4;4;5;5;4;0;0;0;0;0;0;0;0;0;1;0;0;0;0;0;0;0;0;0;0;1;0;0;0;0;0;1;0;0;0;0;0;0;0;0;0;0;0;0;0;0;0;0;0;0;0;0;0;0;0;0;2;0;0;0;0;0;0;0;0;0;BARRACÃO;REGIÃO SUL;56;5
0.6011565836298933;2019-12-31;10;18;22;26;672;33;4;10;21;498;33;0;33;845;52;126;5;4;4;5;4;4;5;0;0;1;0;0;0;0;0;0;0;0;0;0;0;0;0;0;0;0;0;1;0;0;0;0;0;1;0;0;0;0;0;0;0;0;0;0;0;0;0;0;0;0;0;0;0;0;0;0;0;0;2;0;0;0;0;0;0;0;0;0;BARRACÃO;REGIÃO SUL;57;4
0.5068505338078292;2020-01-31;15;18;23;25;727;32;6;15;21;574;32;0;32;881;81;201;4;5;5;4;5;4;4;0;0;0;0;1;0;0;0;0;0;0;0;0;0;0;0;0;0;0;0;0;1;0;0;0;0;1;0;0;0;0;0;0;0;0;0;0;0;0;0;0;0;0;0;0;0;0;0;0;0;0;2;0;0;0;0;0;31;0;0;0;BARRACÃO;REGIÃO SUL;58;3
0.5104092526690391;2020-02-29;10;17;23;26;674;33;6;10;21;511;33;0;33;837;92;166;4;4;4;4;4;5;4;0;0;0;1;0;0;0;0;0;0;0;0;0;0;0;0;0;0;0;0;0;1;0;0;0;0;1;0;0;0;0;0;0;0;0;0;0;0;0;0;0;0;0;0;0;0;0;0;0;0;0;2;0;0;0;0;0;0;3;0;0;BARRACÃO;REGIÃO SUL;59;3
0.5118327402135232;2020-03-31;12;19;23;27;711;34;2;12;20;512;34;0;34;910;49;58;5;4;4;5;4;4;5;0;0;0;0;0;0;0;0;1;0;0;0;0;0;0;0;0;0;0;0;0;1;0;0;0;0;1;0;0;0;0;0;0;0;0;0;0;0;0;0;0;0;0;0;0;0;0;0;0;0;0;2;0;0;0;0;0;0;0;15;0;BARRACÃO;REGIÃO SUL;60;3
0.45667259786476877;2020-04-30;3;11;18;25;551;32;2;3;19;347;32;0;32;755;42;64;4;5;5;4;4;4;4;1;0;0;0;0;0;0;0;0;0;0;0;0;0;0;0;0;0;0;0;0;1;0;0;0;0;1;0;0;0;0;0;0;0;0;0;0;0;0;0;0;0;0;0;0;0;0;0;0;0;0;2;0;0;0;0;0;0;1;30;0;BARRACÃO;REGIÃO SUL;61;2
0.42108540925266913;2020-05-31;2;9;15;20;460;27;9;2;17;278;27;0;27;642;148;277;5;4;4;4;5;5;4;0;0;0;0;0;0;0;1;0;0;0;0;0;0;0;0;0;0;0;0;0;1;0;0;0;0;1;0;0;0;0;0;0;0;0;0;0;0;0;0;0;0;0;0;0;0;0;0;0;0;0;2;0;0;0;0;0;0;0;31;0;BARRACÃO;REGIÃO SUL;62;2
0.0;2020-06-30;3;9;17;23;502;28;6;3;19;357;28;0;28;648;62;174;4;4;4;5;4;4;5;0;0;0;0;0;0;1;0;0;0;0;0;0;0;0;0;0;0;0;0;0;1;0;0;0;0;1;0;0;0;0;0;0;0;0;0;0;0;0;0;0;0;0;0;0;0;0;0;0;0;0;2;0;0;0;0;0;0;1;30;0;BARRACÃO;REGIÃO SUL;63;0
0.3171708185053381;2020-07-31;1;8;16;22;485;27;8;1;17;338;27;0;27;632;72;245;4;5;5;4;5;4;4;0;0;0;0;0;1;0;0;0;0;0;0;0;0;0;0;0;0;0;0;0;1;0;0;0;0;1;0;0;0;0;0;0;0;0;0;0;0;0;0;0;0;0;0;0;0;0;0;0;0;0;2;0;0;0;0;0;0;0;31;0;BARRACÃO;REGIÃO SUL;64;1
0.47126334519572954;2020-08-31;-1;5;18;25;557;31;10;-1;19;404;31;0;31;711;97;305;5;4;4;5;4;5;4;0;1;0;0;0;0;0;0;0;0;0;0;0;0;0;0;0;0;0;0;0;1;0;0;0;0;1;0;0;0;0;0;0;0;0;0;0;0;0;0;0;0;0;0;0;0;0;0;0;0;0;2;0;0;0;0;0;0;0;31;0;BARRACÃO;REGIÃO SUL;65;2
0.3584519572953737;2020-09-30;9;15;22;30;652;37;2;9;23;480;37;0;37;824;8;46;4;5;4;4;4;4;5;0;0;0;0;0;0;0;0;0;0;0;1;0;0;0;0;0;0;0;0;0;1;0;0;0;0;1;0;0;0;0;0;0;0;0;0;0;0;0;0;0;0;0;0;0;0;0;0;0;0;0;2;0;0;0;0;0;0;0;30;0;BARRACÃO;REGIÃO SUL;66;1
0.04350533807829182;2020-10-31;10;17;23;30;719;36;2;10;24;534;36;0;36;904;22;67;4;4;5;4;5;5;4;0;0;0;0;0;0;0;0;0;0;1;0;0;0;0;0;0;0;0;0;0;1;0;0;0;0;1;0;0;0;0;0;0;0;0;0;0;0;0;0;0;0;0;0;0;0;0;0;0;0;0;2;0;0;0;0;0;0;0;31;0;BARRACÃO;REGIÃO SUL;67;0
0.3627224199288257;2020-11-30;10;18;22;28;674;35;2;10;22;493;35;0;35;855;24;60;5;4;4;5;4;4;4;0;0;0;0;0;0;0;0;0;1;0;0;0;0;0;0;0;0;0;0;0;1;0;0;0;0;1;0;0;0;0;0;0;0;0;0;0;0;0;0;0;0;0;0;0;0;0;0;0;0;0;2;0;0;0;0;0;0;0;30;0;BARRACÃO;REGIÃO SUL;68;1
0.32927046263345194;2020-12-31;13;20;23;26;723;31;7;13;20;563;31;0;31;884;109;228;4;5;5;4;4;4;5;0;0;1;0;0;0;0;0;0;0;0;0;0;0;0;0;0;0;0;0;0;1;0;0;0;0;1;0;0;0;0;0;0;0;0;0;0;0;0;0;0;0;0;0;0;0;0;0;0;0;0;2;0;0;0;0;0;0;0;31;0;BARRACÃO;REGIÃO SUL;69;1
0.1815836298932385;2021-01-31;17;19;23;26;706;31;8;17;22;578;31;0;31;833;43;236;5;4;4;4;5;5;4;0;0;0;0;1;0;0;0;0;0;0;0;1;0;0;0;0;0;0;0;0;0;0;0;0;0;1;0;0;0;0;0;0;0;0;0;0;0;0;0;0;0;0;0;0;0;0;0;0;0;0;2;0;0;0;0;0;0;0;31;0;BARRACÃO;REGIÃO SUL;70;0
0.41361209964412815;2021-02-28;12;19;23;27;638;33;1;12;21;485;33;0;33;790;19;38;4;4;4;4;4;4;4;0;0;0;1;0;0;0;0;0;0;0;0;1;0;0;0;0;0;0;0;0;0;0;0;0;0;1;0;0;0;0;0;0;0;0;0;0;0;0;0;0;0;0;0;0;0;0;0;0;0;0;2;0;0;0;0;0;0;3;28;0;BARRACÃO;REGIÃO SUL;71;1
0.33318505338078297;2021-03-31;13;18;23;27;715;33;2;13;21;552;33;0;33;878;15;56;4;5;4;5;4;4;5;0;0;0;0;0;0;0;0;1;0;0;0;1;0;0;0;0;0;0;0;0;0;0;0;0;0;1;0;0;0;0;0;0;0;0;0;0;0;0;0;0;0;0;0;0;0;0;0;0;0;0;2;0;0;0;0;0;0;0;31;0;BARRACÃO;REGIÃO SUL;72;1
0.26663701067615664;2021-04-30;7;15;20;25;608;30;2;7;20;449;30;0;30;767;59;69;4;4;5;4;5;4;4;1;0;0;0;0;0;0;0;0;0;0;0;1;0;0;0;0;0;0;0;0;0;0;0;0;0;1;0;0;0;0;0;0;0;0;0;0;0;0;0;0;0;0;0;0;0;0;0;0;0;0;2;0;0;0;0;0;0;1;30;0;BARRACÃO;REGIÃO SUL;73;0
0.33532028469750896;2021-05-31;4;10;17;23;532;29;2;4;19;371;29;0;29;693;42;56;5;4;4;5;4;5;4;0;0;0;0;0;0;0;1;0;0;0;0;1;0;0;0;0;0;0;0;0;0;0;0;0;0;1;0;0;0;0;0;0;0;0;0;0;0;0;0;0;0;0;0;0;0;0;0;0;0;0;2;0;0;0;0;0;0;0;31;0;BARRACÃO;REGIÃO SUL;74;1
0.2815836298932385;2021-06-30;-1;4;15;22;438;27;4;-1;17;316;27;0;27;559;37;124;4;5;4;4;4;4;5;0;0;0;0;0;0;1;0;0;0;0;0;1;0;0;0;0;0;0;0;0;0;0;0;0;0;1;0;0;0;0;0;0;0;0;0;0;0;0;0;0;0;0;0;0;0;0;0;0;0;0;2;0;0;0;0;0;0;1;30;0;BARRACÃO;REGIÃO SUL;75;0
0.4111209964412812;2021-07-31;-2;4;15;22;453;28;2;-2;17;283;28;0;28;623;28;65;4;4;5;4;5;5;4;0;0;0;0;0;1;0;0;0;0;0;0;1;0;0;0;0;0;0;0;0;0;0;0;0;0;1;0;0;0;0;0;0;0;0;0;0;0;0;0;0;0;0;0;0;0;0;0;0;0;0;2;0;0;0;0;0;0;0;31;0;BARRACÃO;REGIÃO SUL;76;1
0.5168149466192171;2021-08-31;6;12;19;26;584;32;1;6;21;425;32;0;32;743;12;34;5;4;4;5;4;4;5;0;1;0;0;0;0;0;0;0;0;0;0;1;0;0;0;0;0;0;0;0;0;0;0;0;0;1;0;0;0;0;0;0;0;0;0;0;0;0;0;0;0;0;0;0;0;0;0;0;0;0;2;0;0;0;0;0;0;0;31;0;BARRACÃO;REGIÃO SUL;77;4
0.2548932384341638;2021-09-30;8;15;21;29;643;35;6;8;23;484;35;0;35;803;44;178;4;5;5;4;4;4;4;0;0;0;0;0;0;0;0;0;0;0;1;1;0;0;0;0;0;0;0;0;0;0;0;0;0;1;0;0;0;0;0;0;0;0;0;0;0;0;0;0;0;0;0;0;0;0;0;0;0;0;2;0;0;0;0;0;0;0;30;0;BARRACÃO;REGIÃO SUL;78;0
0.03532028469750892;2021-10-31;10;17;20;25;616;30;14;10;19;480;30;0;30;752;86;426;5;4;4;4;5;5;4;0;0;0;0;0;0;0;0;0;0;1;0;1;0;0;0;0;0;0;0;0;0;0;0;0;0;1;0;0;0;0;0;0;0;0;0;0;0;0;0;0;0;0;0;0;0;0;0;0;0;0;2;0;0;0;0;0;0;0;0;0;BARRACÃO;REGIÃO SUL;79;0
0.0;2021-11-30;14;20;23;27;695;33;2;14;22;529;33;0;33;862;37;68;4;4;4;5;4;4;5;0;0;0;0;0;0;0;0;0;1;0;0;1;0;0;0;0;0;0;0;0;0;0;0;0;0;1;0;0;0;0;0;0;0;0;0;0;0;0;0;0;0;0;0;0;0;0;0;0;0;0;2;0;0;0;0;0;0;0;0;0;BARRACÃO;REGIÃO SUL;80;0
0.03104982206405693;2021-12-31;14;21;25;28;774;35;2;14;22;570;35;0;35;977;32;63;4;5;5;4;5;4;4;0;0;1;0;0;0;0;0;0;0;0;0;1;0;0;0;0;0;0;0;0;0;0;0;0;0;1;0;0;0;0;0;0;0;0;0;0;0;0;0;0;0;0;0;0;0;0;0;0;0;0;2;0;0;0;0;0;0;0;0;0;BARRACÃO;REGIÃO SUL;81;0
0.011832740213523152;2022-01-31;16;21;26;30;800;37;6;16;24;621;37;0;37;980;40;185;5;4;4;5;4;5;4;0;0;0;0;1;0;0;0;0;0;0;0;0;1;0;0;0;0;0;0;0;0;0;0;0;0;1;0;0;0;0;0;0;0;0;0;0;0;0;0;0;0;0;0;0;0;0;0;0;0;0;2;0;0;0;0;0;31;0;0;0;BARRACÃO;REGIÃO SUL;82;0
0.08300711743772243;2022-02-28;13;19;25;28;700;34;6;13;23;536;34;0;34;865;49;162;4;4;4;4;4;4;4;0;0;0;1;0;0;0;0;0;0;0;0;0;1;0;0;0;0;0;0;0;0;0;0;0;0;1;0;0;0;0;0;0;0;0;0;0;0;0;0;0;0;0;0;0;0;0;0;0;0;0;2;0;0;0;0;0;0;1;0;0;BARRACÃO;REGIÃO SUL;83;0
0.23532028469750887;2022-03-31;9;13;22;28;688;33;8;9;22;546;33;0;33;831;49;255;4;5;5;4;4;4;5;0;0;0;0;0;0;0;0;1;0;0;0;0;1;0;0;0;0;0;0;0;0;0;0;0;0;1;0;0;0;0;0;0;0;0;0;0;0;0;0;0;0;0;0;0;0;0;0;0;0;0;2;0;0;0;0;0;0;1;0;0;BARRACÃO;REGIÃO SUL;84;0
0.2837188612099645;2022-04-30;7;14;20;25;592;29;16;7;21;464;29;0;29;719;132;477;4;4;4;4;5;5;4;1;0;0;0;0;0;0;0;0;0;0;0;0;1;0;0;0;0;0;0;0;0;0;0;0;0;1;0;0;0;0;0;0;0;0;0;0;0;0;0;0;0;0;0;0;0;0;0;0;0;0;2;0;0;0;0;0;0;1;0;0;BARRACÃO;REGIÃO SUL;85;0
0.5168149466192171;2022-05-31;4;7;15;20;465;25;9;4;18;354;25;0;25;575;99;285;5;4;4;5;4;4;5;0;0;0;0;0;0;0;1;0;0;0;0;0;1;0;0;0;0;0;0;0;0;0;0;0;0;1;0;0;0;0;0;0;0;0;0;0;0;0;0;0;0;0;0;0;0;0;0;0;0;0;2;0;0;0;0;0;0;0;0;0;BARRACÃO;REGIÃO SUL;86;4
0.6082740213523132;2022-06-30;0;6;14;21;434;25;5;0;16;310;25;0;25;558;51;150;4;5;5;4;4;4;4;0;0;0;0;0;0;1;0;0;0;0;0;0;1;0;0;0;0;0;0;0;0;0;0;0;0;1;0;0;0;0;0;0;0;0;0;0;0;0;0;0;0;0;0;0;0;0;0;0;0;0;2;0;0;0;0;0;0;1;0;0;BARRACÃO;REGIÃO SUL;87;5
0.5474199288256228;2022-07-31;4;8;19;22;576;27;3;4;18;426;27;0;27;726;37;91;5;4;4;4;5;5;4;0;0;0;0;0;1;0;0;0;0;0;0;0;1;0;0;0;0;0;0;0;0;0;0;0;0;1;0;0;0;0;0;0;0;0;0;0;0;0;0;0;0;0;0;0;0;0;0;0;0;0;2;0;0;0;0;0;0;0;0;0;BARRACÃO;REGIÃO SUL;88;4
0.7182384341637011;2022-08-31;0;6;16;23;499;29;9;0;18;352;29;0;29;646;105;283;4;5;4;5;4;4;5;0;1;0;0;0;0;0;0;0;0;0;0;0;1;0;0;0;0;0;0;0;0;0;0;0;0;1;0;0;0;0;0;0;0;0;0;0;0;0;0;0;0;0;0;0;0;0;0;0;0;0;2;0;0;0;0;0;0;0;0;0;BARRACÃO;REGIÃO SUL;89;5
0.5847864768683274;2022-09-30;3;11;16;24;480;29;9;3;21;339;29;0;29;620;51;258;4;4;5;4;5;4;4;0;0;0;0;0;0;0;0;0;0;0;1;0;1;0;0;0;0;0;0;0;0;0;0;0;0;1;0;0;0;0;0;0;0;0;0;0;0;0;0;0;0;0;0;0;0;0;0;0;0;0;2;0;0;0;0;0;0;0;0;0;BARRACÃO;REGIÃO SUL;90;4
0.6072064056939501;2022-10-31;10;13;19;25;583;31;14;10;19;442;31;0;31;724;101;428;5;4;4;5;4;5;4;0;0;0;0;0;0;0;0;0;0;1;0;0;1;0;0;0;0;0;0;0;0;0;0;0;0;1;0;0;0;0;0;0;0;0;0;0;0;0;0;0;0;0;0;0;0;0;0;0;0;0;2;0;0;0;0;0;0;0;0;0;BARRACÃO;REGIÃO SUL;91;4
0.6467081850533809;2022-11-30;4;11;20;24;596;30;3;4;20;406;30;0;30;786;44;91;4;5;4;4;4;4;5;0;0;0;0;0;0;0;0;0;1;0;0;0;1;0;0;0;0;0;0;0;0;0;0;0;0;1;0;0;0;0;0;0;0;0;0;0;0;0;0;0;0;0;0;0;0;0;0;0;0;0;2;0;0;0;0;0;0;0;0;0;BARRACÃO;REGIÃO SUL;92;5
0.3018683274021352;2022-12-31;13;21;24;28;737;33;2;13;22;553;33;0;33;922;26;61;4;4;5;4;5;5;4;0;0;1;0;0;0;0;0;0;0;0;0;0;1;0;0;0;0;0;0;0;0;0;0;0;0;1;0;0;0;0;0;0;0;0;0;0;0;0;0;0;0;0;0;0;0;0;0;0;0;0;2;0;0;0;0;0;0;0;0;0;BARRACÃO;REGIÃO SUL;93;1
0.3349644128113879;2023-01-31;14;21;24;27;742;33;8;14;22;580;33;0;33;904;60;260;5;4;4;5;4;4;5;0;0;0;0;1;0;0;0;0;0;0;0;0;0;1;0;0;0;0;0;0;0;0;0;0;0;1;0;0;0;0;0;0;0;0;0;0;0;0;0;0;0;0;0;0;0;0;0;0;0;0;2;0;0;0;0;0;31;0;0;0;BARRACÃO;REGIÃO SUL;94;1
0.48371886120996443;2023-02-28;8;14;23;26;635;32;10;8;21;498;32;0;32;772;90;278;4;4;4;4;4;4;4;0;0;0;1;0;0;0;0;0;0;0;0;0;0;1;0;0;0;0;0;0;0;0;0;0;0;1;0;0;0;0;0;0;0;0;0;0;0;0;0;0;0;0;0;0;0;0;0;0;0;0;2;0;0;0;0;0;0;3;0;0;BARRACÃO;REGIÃO SUL;95;3
0.7872775800711744;2023-03-31;14;19;24;27;731;32;7;14;21;586;32;0;32;876;52;216;4;5;5;4;5;4;4;0;0;0;0;0;0;0;0;1;0;0;0;0;0;1;0;0;0;0;0;0;0;0;0;0;0;1;0;0;0;0;0;0;0;0;0;0;0;0;0;0;0;0;0;0;0;0;0;0;0;0;2;0;0;0;0;0;0;0;0;0;BARRACÃO;REGIÃO SUL;96;6
0.6210854092526692;2023-04-30;8;13;20;24;594;30;5;8;20;455;30;0;30;733;49;150;5;4;4;4;4;5;4;1;0;0;0;0;0;0;0;0;0;0;0;0;0;1;0;0;0;0;0;0;0;0;0;0;0;1;0;0;0;0;0;0;0;0;0;0;0;0;0;0;0;0;0;0;0;0;0;0;0;0;2;0;0;0;0;0;0;1;0;0;BARRACÃO;REGIÃO SUL;97;5
0.7762455516014235;2023-05-31;7;13;18;23;569;26;7;7;20;437;26;0;26;700;55;207;4;5;4;5;4;4;5;0;0;0;0;0;0;0;1;0;0;0;0;0;0;1;0;0;0;0;0;0;0;0;0;0;0;1;0;0;0;0;0;0;0;0;0;0;0;0;0;0;0;0;0;0;0;0;0;0;0;0;2;0;0;0;0;0;0;0;0;0;BARRACÃO;REGIÃO SUL;98;6
0.7064946619217083;2023-06-30;4;7;16;20;488;25;5;4;17;366;25;0;25;609;70;142;4;4;5;4;5;4;4;0;0;0;0;0;0;1;0;0;0;0;0;0;0;1;0;0;0;0;0;0;0;0;0;0;0;1;0;0;0;0;0;0;0;0;0;0;0;0;0;0;0;0;0;0;0;0;0;0;0;0;2;0;0;0;0;0;0;1;0;0;BARRACÃO;REGIÃO SUL;99;5
0.4452846975088969;2023-07-31;3;7;17;22;536;26;5;3;19;408;26;0;26;665;48;164;5;4;4;5;4;5;4;0;0;0;0;0;1;0;0;0;0;0;0;0;0;1;0;0;0;0;0;0;0;0;0;0;0;1;0;0;0;0;0;0;0;0;0;0;0;0;0;0;0;0;0;0;0;0;0;0;0;0;2;0;0;0;0;0;15;0;0;0;BARRACÃO;REGIÃO SUL;100;2
0.632829181494662;2023-08-31;4;10;19;25;580;30;5;4;21;427;30;0;30;734;64;141;4;5;5;4;4;4;5;0;1;0;0;0;0;0;0;0;0;0;0;0;0;1;0;0;0;0;0;0;0;0;0;0;0;1;0;0;0;0;0;0;0;0;0;0;0;0;0;0;0;0;0;0;0;0;0;0;0;0;2;0;0;0;0;0;0;0;0;0;BARRACÃO;REGIÃO SUL;101;5
0.727846975088968;2023-09-30;7;12;22;29;647;35;12;7;24;508;35;0;35;785;96;350;4;4;4;4;5;5;4;0;0;0;0;0;0;0;0;0;0;0;1;0;0;1;0;0;0;0;0;0;0;0;0;0;0;1;0;0;0;0;0;0;0;0;0;0;0;0;0;0;0;0;0;0;0;0;0;0;0;0;2;0;0;0;0;0;0;0;0;0;BARRACÃO;REGIÃO SUL;102;6
1.0;2023-10-31;8;13;21;27;640;33;15;8;21;517;33;0;33;763;110;455;5;4;4;5;4;4;5;0;0;0;0;0;0;0;0;0;0;1;0;0;0;1;0;0;0;0;0;0;0;0;0;0;0;1;0;0;0;0;0;0;0;0;0;0;0;0;0;0;0;0;0;0;0;0;0;0;0;0;2;0;0;0;0;0;0;0;0;0;BARRACÃO;REGIÃO SUL;103;6
1.0;2023-11-30;9;14;23;29;676;33;15;9;25;564;33;0;33;789;113;439;4;5;5;4;4;4;4;0;0;0;0;0;0;0;0;0;1;0;0;0;0;1;0;0;0;0;0;0;0;0;0;0;0;1;0;0;0;0;0;0;0;0;0;0;0;0;0;0;0;0;0;0;0;0;0;0;0;0;2;0;0;0;0;0;0;0;0;0;BARRACÃO;REGIÃO SUL;104;6
0.9968861209964412;2023-12-31;14;20;24;28;745;34;11;14;23;613;34;0;34;876;65;335;5;4;4;4;5;5;4;0;0;1;0;0;0;0;0;0;0;0;0;0;0;1;0;0;0;0;0;0;0;0;0;0;0;1;0;0;0;0;0;0;0;0;0;0;0;0;0;0;0;0;0;0;0;0;0;0;0;0;2;0;0;0;0;0;0;0;0;0;BARRACÃO;REGIÃO SUL;105;6
0.7100533807829181;2024-01-31;14;20;24;28;753;33;6;14;23;597;33;0;33;908;89;191;4;5;4;5;4;4;5;0;0;0;0;1;0;0;0;0;0;0;0;0;0;0;1;0;0;0;0;0;0;0;0;0;0;1;0;0;0;0;0;0;0;0;0;0;0;0;0;0;0;0;0;0;0;0;0;0;0;0;2;0;0;0;0;0;31;0;0;0;BARRACÃO;REGIÃO SUL;106;5
1.0;2024-02-29;17;22;26;29;740;35;8;17;23;591;35;0;35;889;44;230;4;4;5;4;4;4;4;0;0;0;1;0;0;0;0;0;0;0;0;0;0;0;1;0;0;0;0;0;0;0;0;0;0;1;0;0;0;0;0;0;0;0;0;0;0;0;0;0;0;0;0;0;0;0;0;0;0;0;2;0;0;0;0;0;0;3;0;0;BARRACÃO;REGIÃO SUL;107;6
1.0;2024-03-31;16;21;24;28;756;34;7;16;24;611;34;0;34;902;78;232;5;4;4;4;5;5;4;0;0;0;0;0;0;0;0;1;0;0;0;0;0;0;1;0;0;0;0;0;0;0;0;0;0;1;0;0;0;0;0;0;0;0;0;0;0;0;0;0;0;0;0;0;0;0;0;0;0;0;2;0;0;0;0;0;0;1;0;0;BARRACÃO;REGIÃO SUL;108;6
1.0;2024-04-30;10;17;23;27;678;31;10;10;23;568;31;0;31;788;101;296;4;4;4;5;4;4;5;1;0;0;0;0;0;0;0;0;0;0;0;0;0;0;1;0;0;0;0;0;0;0;0;0;0;1;0;0;0;0;0;0;0;0;0;0;0;0;0;0;0;0;0;0;0;0;0;0;0;0;2;0;0;0;0;0;0;0;0;0;BARRACÃO;REGIÃO SUL;109;6
0.6769572953736656;2024-05-31;3;7;17;25;539;29;11;3;23;434;29;0;29;644;201;340;4;5;5;4;5;4;4;0;0;0;0;0;0;0;1;0;0;0;0;0;0;0;1;0;0;0;0;0;0;0;0;0;0;1;0;0;0;0;0;0;0;0;0;0;0;0;0;0;0;0;0;0;0;0;0;0;0;0;2;0;0;0;0;0;0;1;0;30;BARRACÃO;REGIÃO SUL;110;5
0.4502669039145908;2024-06-30;1;6;19;23;561;28;5;1;20;451;28;0;28;672;45;146;5;4;4;4;4;5;4;0;0;0;0;0;0;1;0;0;0;0;0;0;0;0;1;0;0;0;0;0;0;0;0;0;0;1;0;0;0;0;0;0;0;0;0;0;0;0;0;0;0;0;0;0;0;0;0;0;0;0;2;0;0;0;0;0;0;0;0;30;BARRACÃO;REGIÃO SUL;111;2
0.9748220640569396;2024-07-31;2;7;15;21;469;26;7;2;18;357;26;0;26;581;50;206;4;5;4;5;4;4;5;0;0;0;0;0;1;0;0;0;0;0;0;0;0;0;1;0;0;0;0;0;0;0;0;0;0;1;0;0;0;0;0;0;0;0;0;0;0;0;0;0;0;0;0;0;0;0;0;0;0;0;2;0;0;0;0;0;12;0;0;0;BARRACÃO;REGIÃO SUL;112;6
0.8975978647686833;2024-08-31;1;7;18;26;550;32;3;1;21;402;32;0;32;697;36;94;4;4;5;4;5;5;4;0;1;0;0;0;0;0;0;0;0;0;0;0;0;0;1;0;0;0;0;0;0;0;0;0;0;1;0;0;0;0;0;0;0;0;0;0;0;0;0;0;0;0;0;0;0;0;0;0;0;0;2;0;0;0;0;0;0;0;0;0;BARRACÃO;REGIÃO SUL;113;6
0.9947508896797155;2024-09-30;7;15;22;29;654;34;2;7;24;502;34;0;34;806;31;71;5;4;4;5;4;4;4;0;0;0;0;0;0;0;0;0;0;0;1;0;0;0;1;0;0;0;0;0;0;0;0;0;0;1;0;0;0;0;0;0;0;0;0;0;0;0;0;0;0;0;0;0;0;0;0;0;0;0;2;0;0;0;0;0;0;0;0;0;BARRACÃO;REGIÃO SUL;114;6
1.0;2024-10-31;11;18;22;28;687;34;4;11;24;531;34;0;34;842;67;137;4;5;5;4;4;4;5;0;0;0;0;0;0;0;0;0;0;1;0;0;0;0;1;0;0;0;0;0;0;0;0;0;0;1;0;0;0;0;0;0;0;0;0;0;0;0;0;0;0;0;0;0;0;0;0;0;0;0;2;0;0;0;0;0;0;0;0;0;BARRACÃO;REGIÃO SUL;115;6
0.09965432098765431;2015-02-28;15;19;23;25;635;30;5;15;21;513;30;0;30;757;54;141;4;4;4;4;4;4;4;0;0;0;1;0;0;0;0;0;0;0;0;0;0;0;0;1;0;0;0;0;0;0;0;0;0;0;1;0;0;0;0;0;0;0;0;0;0;0;0;0;0;0;0;0;0;0;0;0;0;0;2;4;0;0;0;0;0;3;0;0;CAMPO LARGO;REGIÃO LESTE;1;0
0.27861728395061724;2015-03-31;14;19;22;24;672;29;4;14;20;538;29;0;29;806;36;133;5;4;4;5;4;4;5;0;0;0;0;0;0;0;0;1;0;0;0;0;0;0;0;1;0;0;0;0;0;0;0;0;0;0;1;0;0;0;0;0;0;0;0;0;0;0;0;0;0;0;0;0;0;0;0;0;0;0;2;4;0;0;0;0;0;0;0;0;CAMPO LARGO;REGIÃO LESTE;2;1
0.3031111111111111;2015-04-30;11;16;19;24;584;28;4;11;20;448;28;0;28;720;77;114;4;5;5;4;4;4;4;1;0;0;0;0;0;0;0;0;0;0;0;0;0;0;0;1;0;0;0;0;0;0;0;0;0;0;1;0;0;0;0;0;0;0;0;0;0;0;0;0;0;0;0;0;0;0;0;0;0;0;2;4;0;0;0;0;0;1;0;0;CAMPO LARGO;REGIÃO LESTE;3;2
0.4023703703703704;2015-05-31;6;11;17;21;524;25;6;6;18;403;25;0;25;644;59;193;5;4;4;4;5;5;4;0;0;0;0;0;0;0;1;0;0;0;0;0;0;0;0;1;0;0;0;0;0;0;0;0;0;0;1;0;0;0;0;0;0;0;0;0;0;0;0;0;0;0;0;0;0;0;0;0;0;0;2;4;0;0;0;0;0;0;0;0;CAMPO LARGO;REGIÃO LESTE;4;2
0.35644444444444445;2015-06-30;1;9;16;20;467;26;2;1;16;310;26;0;26;623;31;54;4;4;4;5;4;4;5;0;0;0;0;0;0;1;0;0;0;0;0;0;0;0;0;1;0;0;0;0;0;0;0;0;0;0;1;0;0;0;0;0;0;0;0;0;0;0;0;0;0;0;0;0;0;0;0;0;0;0;2;4;0;0;0;0;0;1;0;0;CAMPO LARGO;REGIÃO LESTE;5;2
0.27555555555555555;2015-07-31;5;10;16;21;488;26;13;5;17;350;26;0;26;627;92;404;4;5;5;4;5;4;4;0;0;0;0;0;1;0;0;0;0;0;0;0;0;0;0;1;0;0;0;0;0;0;0;0;0;0;1;0;0;0;0;0;0;0;0;0;0;0;0;0;0;0;0;0;0;0;0;0;0;0;2;4;0;0;0;0;15;0;0;0;CAMPO LARGO;REGIÃO LESTE;6;1
0.33066666666666666;2015-08-31;8;13;18;21;569;31;2;8;15;376;31;0;31;761;32;54;5;4;4;5;4;5;4;0;1;0;0;0;0;0;0;0;0;0;0;0;0;0;0;1;0;0;0;0;0;0;0;0;0;0;1;0;0;0;0;0;0;0;0;0;0;0;0;0;0;0;0;0;0;0;0;0;0;0;2;4;0;0;0;0;0;0;0;0;CAMPO LARGO;REGIÃO LESTE;7;2
0.3653333333333333;2015-09-30;5;12;20;26;585;33;5;5;20;429;33;0;33;742;52;144;4;5;4;4;4;4;5;0;0;0;0;0;0;0;0;0;0;0;1;0;0;0;0;1;0;0;0;0;0;0;0;0;0;0;1;0;0;0;0;0;0;0;0;0;0;0;0;0;0;0;0;0;0;0;0;0;0;0;2;4;0;0;0;0;0;0;0;0;CAMPO LARGO;REGIÃO LESTE;8;2
0.3487407407407407;2015-10-31;12;15;20;25;623;32;6;12;20;494;32;0;32;751;32;175;4;4;5;4;5;5;4;0;0;0;0;0;0;0;0;0;0;1;0;0;0;0;0;1;0;0;0;0;0;0;0;0;0;0;1;0;0;0;0;0;0;0;0;0;0;0;0;0;0;0;0;0;0;0;0;0;0;0;2;4;0;0;0;0;0;0;0;0;CAMPO LARGO;REGIÃO LESTE;9;2
0.3208888888888889;2015-11-30;13;16;20;25;615;32;4;13;19;504;32;0;32;726;23;134;5;4;4;5;4;4;4;0;0;0;0;0;0;0;0;0;1;0;0;0;0;0;0;1;0;0;0;0;0;0;0;0;0;0;1;0;0;0;0;0;0;0;0;0;0;0;0;0;0;0;0;0;0;0;0;0;0;0;2;4;0;0;0;0;0;0;0;0;CAMPO LARGO;REGIÃO LESTE;10;2
0.23782716049382713;2015-12-31;14;18;23;25;707;31;6;14;22;581;31;0;31;833;38;195;4;5;5;4;4;4;5;0;0;1;0;0;0;0;0;0;0;0;0;0;0;0;0;1;0;0;0;0;0;0;0;0;0;0;1;0;0;0;0;0;0;0;0;0;0;0;0;0;0;0;0;0;0;0;0;0;0;0;2;4;0;0;0;0;0;0;0;0;CAMPO LARGO;REGIÃO LESTE;11;1
0.13412345679012344;2016-01-31;13;19;22;25;693;31;4;13;21;553;31;0;31;833;40;117;5;4;4;4;5;5;4;0;0;0;0;1;0;0;0;0;0;0;0;0;0;0;0;0;1;0;0;0;0;0;0;0;0;0;1;0;0;0;0;0;0;0;0;0;0;0;0;0;0;0;0;0;0;0;0;0;0;0;2;4;0;0;0;0;31;0;0;0;CAMPO LARGO;REGIÃO LESTE;12;1
0.3506172839506172;2016-02-29;16;21;24;26;686;32;6;16;21;570;32;0;32;802;42;181;4;4;4;5;4;4;4;0;0;0;1;0;0;0;0;0;0;0;0;0;0;0;0;0;1;0;0;0;0;0;0;0;0;0;1;0;0;0;0;0;0;0;0;0;0;0;0;0;0;0;0;0;0;0;0;0;0;0;3;5;0;0;0;0;0;3;0;0;CAMPO LARGO;REGIÃO LESTE;13;2
0.7164444444444444;2016-03-31;13;19;22;25;672;30;4;13;20;532;30;0;30;812;34;111;4;5;5;4;4;4;5;0;0;0;0;0;0;0;0;1;0;0;0;0;0;0;0;0;1;0;0;0;0;0;0;0;0;0;1;0;0;0;0;0;0;0;0;0;0;0;0;0;0;0;0;0;0;0;0;0;0;0;3;5;1;1;0;0;0;1;0;0;CAMPO LARGO;REGIÃO LESTE;14;4
0.653037037037037;2016-04-30;3;10;22;26;659;32;2;3;20;502;32;0;32;815;27;60;4;4;4;4;5;5;4;1;0;0;0;0;0;0;0;0;0;0;0;0;0;0;0;0;1;0;0;0;0;0;0;0;0;0;1;0;0;0;0;0;0;0;0;0;0;0;0;0;0;0;0;0;0;0;0;0;0;0;3;5;1;1;0;0;0;0;0;0;CAMPO LARGO;REGIÃO LESTE;15;3
0.6919506172839506;2016-05-31;5;12;16;19;488;25;5;5;17;370;25;0;25;605;41;160;5;4;4;5;4;4;5;0;0;0;0;0;0;0;1;0;0;0;0;0;0;0;0;0;1;0;0;0;0;0;0;0;0;0;1;0;0;0;0;0;0;0;0;0;0;0;0;0;0;0;0;0;0;0;0;0;0;0;3;5;1;1;0;0;0;1;0;0;CAMPO LARGO;REGIÃO LESTE;16;4
0.703111111111111;2016-06-30;-1;7;12;17;373;24;3;-1;14;228;24;0;24;517;33;97;4;5;5;4;4;4;4;0;0;0;0;0;0;1;0;0;0;0;0;0;0;0;0;0;1;0;0;0;0;0;0;0;0;0;1;0;0;0;0;0;0;0;0;0;0;0;0;0;0;0;0;0;0;0;0;0;0;0;3;5;1;1;0;0;0;0;0;0;CAMPO LARGO;REGIÃO LESTE;17;4
0.45679012345679004;2016-07-31;1;8;15;21;465;27;7;1;16;284;27;0;27;646;126;218;5;4;4;4;5;5;4;0;0;0;0;0;1;0;0;0;0;0;0;0;0;0;0;0;1;0;0;0;0;0;0;0;0;0;1;0;0;0;0;0;0;0;0;0;0;0;0;0;0;0;0;0;0;0;0;0;0;0;3;5;1;1;0;0;14;0;0;0;CAMPO LARGO;REGIÃO LESTE;18;2
0.731753086419753;2016-08-31;3;9;16;20;485;28;10;3;16;318;28;0;28;651;78;319;4;5;4;5;4;4;5;0;1;0;0;0;0;0;0;0;0;0;0;0;0;0;0;0;1;0;0;0;0;0;0;0;0;0;1;0;0;0;0;0;0;0;0;0;0;0;0;0;0;0;0;0;0;0;0;0;0;0;3;5;1;1;0;0;0;0;0;0;CAMPO LARGO;REGIÃO LESTE;19;4
0.6734814814814815;2016-09-30;5;13;17;24;513;29;5;5;18;338;29;0;29;687;110;138;4;4;5;4;5;4;4;0;0;0;0;0;0;0;0;0;0;0;1;0;0;0;0;0;1;0;0;0;0;0;0;0;0;0;1;0;0;0;0;0;0;0;0;0;0;0;0;0;0;0;0;0;0;0;0;0;0;0;3;5;1;1;0;0;0;0;0;0;CAMPO LARGO;REGIÃO LESTE;20;4
0.6399012345679012;2016-10-31;9;14;19;25;579;32;6;9;19;439;32;0;32;719;85;195;5;4;4;5;4;5;4;0;0;0;0;0;0;0;0;0;0;1;0;0;0;0;0;0;1;0;0;0;0;0;0;0;0;0;1;0;0;0;0;0;0;0;0;0;0;0;0;0;0;0;0;0;0;0;0;0;0;0;3;5;1;1;0;0;0;0;0;0;CAMPO LARGO;REGIÃO LESTE;21;3
0.6705185185185185;2016-11-30;10;15;20;25;604;30;4;10;20;462;30;0;30;745;31;105;4;5;4;4;4;4;5;0;0;0;0;0;0;0;0;0;1;0;0;0;0;0;0;0;1;0;0;0;0;0;0;0;0;0;1;0;0;0;0;0;0;0;0;0;0;0;0;0;0;0;0;0;0;0;0;0;0;0;3;5;1;1;0;0;0;0;0;0;CAMPO LARGO;REGIÃO LESTE;22;4
0.5328395061728395;2016-12-31;11;16;22;27;680;33;3;11;21;543;33;0;33;816;17;84;4;4;5;4;5;5;4;0;0;1;0;0;0;0;0;0;0;0;0;0;0;0;0;0;1;0;0;0;0;0;0;0;0;0;1;0;0;0;0;0;0;0;0;0;0;0;0;0;0;0;0;0;0;0;0;0;0;0;3;5;1;1;0;0;0;0;0;0;CAMPO LARGO;REGIÃO LESTE;23;3
0.26567901234567903;2017-01-31;14;20;23;26;726;31;4;14;21;585;31;0;31;868;20;130;5;4;4;5;4;4;5;0;0;0;0;1;0;0;0;0;0;0;0;0;0;0;0;0;0;1;0;0;0;0;0;0;0;0;1;0;0;0;0;0;0;0;0;0;0;0;0;0;0;0;0;0;0;0;0;0;0;0;3;5;1;1;0;0;31;0;0;0;CAMPO LARGO;REGIÃO LESTE;24;1
0.6928395061728394;2017-02-28;17;21;24;26;664;32;6;17;20;525;32;0;32;803;44;159;4;4;4;4;4;4;4;0;0;0;1;0;0;0;0;0;0;0;0;0;0;0;0;0;0;1;0;0;0;0;0;0;0;0;1;0;0;0;0;0;0;0;0;0;0;0;0;0;0;0;0;0;0;0;0;0;0;0;3;5;1;1;0;0;0;2;0;0;CAMPO LARGO;REGIÃO LESTE;25;4
0.7286913580246913;2017-03-31;14;17;21;26;663;31;4;14;21;535;31;0;31;792;31;110;4;5;5;4;5;4;4;0;0;0;0;0;0;0;0;1;0;0;0;0;0;0;0;0;0;1;0;0;0;0;0;0;0;0;1;0;0;0;0;0;0;0;0;0;0;0;0;0;0;0;0;0;0;0;0;0;0;0;3;5;1;1;0;0;0;1;0;0;CAMPO LARGO;REGIÃO LESTE;26;4
0.7489382716049382;2017-04-30;6;13;19;23;562;28;4;6;19;438;28;0;28;686;39;106;5;4;4;4;4;5;4;1;0;0;0;0;0;0;0;0;0;0;0;0;0;0;0;0;0;1;0;0;0;0;0;0;0;0;1;0;0;0;0;0;0;0;0;0;0;0;0;0;0;0;0;0;0;0;0;0;0;0;3;5;1;1;0;0;0;1;0;0;CAMPO LARGO;REGIÃO LESTE;27;4
0.8021728395061727;2017-05-31;10;15;18;22;550;27;5;10;18;434;27;0;27;666;55;141;4;5;4;5;4;4;5;0;0;0;0;0;0;0;1;0;0;0;0;0;0;0;0;0;0;1;0;0;0;0;0;0;0;0;1;0;0;0;0;0;0;0;0;0;0;0;0;0;0;0;0;0;0;0;0;0;0;0;3;5;1;1;0;0;0;0;0;0;CAMPO LARGO;REGIÃO LESTE;28;5
0.8157037037037036;2017-06-30;2;10;16;22;473;26;5;2;18;324;26;0;26;623;78;162;4;4;5;4;5;4;4;0;0;0;0;0;0;1;0;0;0;0;0;0;0;0;0;0;0;1;0;0;0;0;0;0;0;0;1;0;0;0;0;0;0;0;0;0;0;0;0;0;0;0;0;0;0;0;0;0;0;0;3;5;1;1;0;0;0;1;0;0;CAMPO LARGO;REGIÃO LESTE;29;5
0.46232098765432095;2017-07-31;-1;6;15;18;462;26;0;-1;13;268;26;0;26;656;0;0;5;4;4;5;4;5;4;0;0;0;0;0;1;0;0;0;0;0;0;0;0;0;0;0;0;1;0;0;0;0;0;0;0;0;1;0;0;0;0;0;0;0;0;0;0;0;0;0;0;0;0;0;0;0;0;0;0;0;3;5;1;1;0;0;16;0;0;0;CAMPO LARGO;REGIÃO LESTE;30;3
0.9460740740740741;2017-08-31;5;11;17;22;514;31;5;5;14;355;31;0;31;672;52;141;4;5;5;4;4;4;5;0;1;0;0;0;0;0;0;0;0;0;0;0;0;0;0;0;0;1;0;0;0;0;0;0;0;0;1;0;0;0;0;0;0;0;0;0;0;0;0;0;0;0;0;0;0;0;0;0;0;0;3;5;1;1;0;0;0;0;0;0;CAMPO LARGO;REGIÃO LESTE;31;6
0.781037037037037;2017-09-30;10;16;21;23;616;32;1;10;18;430;32;0;32;802;24;39;4;4;4;4;5;5;4;0;0;0;0;0;0;0;0;0;0;0;1;0;0;0;0;0;0;1;0;0;0;0;0;0;0;0;1;0;0;0;0;0;0;0;0;0;0;0;0;0;0;0;0;0;0;0;0;0;0;0;3;5;1;1;0;0;0;0;0;0;CAMPO LARGO;REGIÃO LESTE;32;5
0.7531851851851852;2017-10-31;7;15;19;25;603;32;11;7;18;445;32;0;32;760;81;353;5;4;4;5;4;4;5;0;0;0;0;0;0;0;0;0;0;1;0;0;0;0;0;0;0;1;0;0;0;0;0;0;0;0;1;0;0;0;0;0;0;0;0;0;0;0;0;0;0;0;0;0;0;0;0;0;0;0;3;5;1;1;0;0;0;0;0;0;CAMPO LARGO;REGIÃO LESTE;33;4
0.8305185185185184;2017-11-30;10;16;20;24;595;32;4;10;18;442;32;0;32;747;44;135;4;5;5;4;4;4;4;0;0;0;0;0;0;0;0;0;1;0;0;0;0;0;0;0;0;1;0;0;0;0;0;0;0;0;1;0;0;0;0;0;0;0;0;0;0;0;0;0;0;0;0;0;0;0;0;0;0;0;3;5;1;1;0;0;0;0;0;0;CAMPO LARGO;REGIÃO LESTE;34;5
0.605037037037037;2017-12-31;15;18;22;25;680;31;5;15;21;550;31;0;31;810;64;158;5;4;4;4;5;5;4;0;0;1;0;0;0;0;0;0;0;0;0;0;0;0;0;0;0;1;0;0;0;0;0;0;0;0;1;0;0;0;0;0;0;0;0;0;0;0;0;0;0;0;0;0;0;0;0;0;0;0;3;5;1;1;0;0;0;0;0;0;CAMPO LARGO;REGIÃO LESTE;35;3
0.3214814814814815;2018-01-31;15;19;22;25;695;32;7;15;20;562;32;0;32;827;40;203;4;5;4;5;4;4;5;0;0;0;0;1;0;0;0;0;0;0;0;0;0;0;0;0;0;0;1;0;0;0;0;0;0;0;1;0;0;0;0;0;0;0;0;0;0;0;0;0;0;0;0;0;0;0;0;0;0;0;3;5;1;1;0;0;31;0;0;0;CAMPO LARGO;REGIÃO LESTE;36;2
0.4599506172839506;2018-02-28;14;17;21;24;595;30;1;14;21;468;30;0;30;722;6;21;4;4;4;4;4;4;4;0;0;0;1;0;0;0;0;0;0;0;0;0;0;0;0;0;0;0;1;0;0;0;0;0;0;0;1;0;0;0;0;0;0;0;0;0;0;0;0;0;0;0;0;0;0;0;0;0;0;0;3;5;1;1;0;0;0;3;0;0;CAMPO LARGO;REGIÃO LESTE;37;2
0.9497283950617283;2018-03-31;16;18;23;25;703;30;7;16;20;565;30;0;30;841;75;219;4;4;5;4;5;5;4;0;0;0;0;0;0;0;0;1;0;0;0;0;0;0;0;0;0;0;1;0;0;0;0;0;0;0;1;0;0;0;0;0;0;0;0;0;0;0;0;0;0;0;0;0;0;0;0;0;0;0;3;5;1;1;0;0;0;1;0;0;CAMPO LARGO;REGIÃO LESTE;38;6
0.8334814814814815;2018-04-30;12;17;21;23;616;29;0;12;20;456;29;0;29;777;2;4;5;4;4;5;4;4;4;1;0;0;0;0;0;0;0;0;0;0;0;0;0;0;0;0;0;0;1;0;0;0;0;0;0;0;1;0;0;0;0;0;0;0;0;0;0;0;0;0;0;0;0;0;0;0;0;0;0;0;3;5;1;1;0;0;0;0;0;0;CAMPO LARGO;REGIÃO LESTE;39;5
0.861432098765432;2018-05-31;4;12;17;22;542;28;2;4;18;384;28;0;28;700;44;51;4;5;5;4;4;4;5;0;0;0;0;0;0;0;1;0;0;0;0;0;0;0;0;0;0;0;1;0;0;0;0;0;0;0;1;0;0;0;0;0;0;0;0;0;0;0;0;0;0;0;0;0;0;0;0;0;0;0;3;5;1;1;0;0;0;1;0;0;CAMPO LARGO;REGIÃO LESTE;40;5
0.8466172839506172;2018-06-30;2;10;15;22;461;28;5;2;18;327;28;0;28;596;33;157;4;4;4;4;5;5;4;0;0;0;0;0;0;1;0;0;0;0;0;0;0;0;0;0;0;0;1;0;0;0;0;0;0;0;1;0;0;0;0;0;0;0;0;0;0;0;0;0;0;0;0;0;0;0;0;0;0;0;3;5;1;1;0;0;0;0;0;0;CAMPO LARGO;REGIÃO LESTE;41;5
0.5664197530864197;2018-07-31;2;9;17;20;517;28;0;2;15;332;28;0;28;702;8;9;5;4;4;5;4;4;5;0;0;0;0;0;1;0;0;0;0;0;0;0;0;0;0;0;0;0;1;0;0;0;0;0;0;0;1;0;0;0;0;0;0;0;0;0;0;0;0;0;0;0;0;0;0;0;0;0;0;0;3;5;1;1;0;0;16;0;0;0;CAMPO LARGO;REGIÃO LESTE;42;3
0.9889382716049382;2018-08-31;3;11;15;21;476;30;3;3;15;315;30;0;30;637;49;82;4;5;5;4;5;4;4;0;1;0;0;0;0;0;0;0;0;0;0;0;0;0;0;0;0;0;1;0;0;0;0;0;0;0;1;0;0;0;0;0;0;0;0;0;0;0;0;0;0;0;0;0;0;0;0;0;0;0;3;4;1;1;0;0;0;0;0;0;CAMPO LARGO;REGIÃO LESTE;43;6
0.8733827160493826;2018-09-30;5;13;18;23;552;30;2;5;18;411;30;0;30;693;10;50;5;4;4;4;4;5;4;0;0;0;0;0;0;0;0;0;0;0;1;0;0;0;0;0;0;0;1;0;0;0;0;0;0;0;1;0;0;0;0;0;0;0;0;0;0;0;0;0;0;0;0;0;0;0;0;0;0;0;3;4;1;1;0;0;0;0;0;0;CAMPO LARGO;REGIÃO LESTE;44;6
0.8879012345679012;2018-10-31;12;14;19;23;587;29;7;12;18;471;29;0;29;703;41;206;4;5;4;5;4;4;5;0;0;0;0;0;0;0;0;0;0;1;0;0;0;0;0;0;0;0;1;0;0;0;0;0;0;0;1;0;0;0;0;0;0;0;0;0;0;0;0;0;0;0;0;0;0;0;0;0;0;0;3;4;1;1;0;0;0;0;0;0;CAMPO LARGO;REGIÃO LESTE;45;6
0.8364444444444443;2018-11-30;12;16;21;26;620;32;2;12;20;478;32;0;32;761;35;70;4;4;5;4;5;4;4;0;0;0;0;0;0;0;0;0;1;0;0;0;0;0;0;0;0;0;1;0;0;0;0;0;0;0;1;0;0;0;0;0;0;0;0;0;0;0;0;0;0;0;0;0;0;0;0;0;0;0;3;4;1;1;0;0;0;0;0;0;CAMPO LARGO;REGIÃO LESTE;46;5
0.779753086419753;2018-12-31;11;17;23;27;724;33;3;11;21;548;33;0;33;901;42;89;5;4;4;5;4;5;4;0;0;1;0;0;0;0;0;0;0;0;0;0;0;0;0;0;0;0;1;0;0;0;0;0;0;0;1;0;0;0;0;0;0;0;0;0;0;0;0;0;0;0;0;0;0;0;0;0;0;0;3;4;1;1;0;0;0;0;0;0;CAMPO LARGO;REGIÃO LESTE;47;5
0.2992592592592592;2019-01-31;17;22;25;27;771;34;3;17;22;612;34;0;34;929;22;104;4;5;5;4;4;4;5;0;0;0;0;1;0;0;0;0;0;0;0;0;0;0;0;0;0;0;0;1;0;0;0;0;0;0;1;0;0;0;0;0;0;0;0;0;0;0;0;0;0;0;0;0;0;0;0;0;0;0;3;4;1;1;0;0;31;0;0;0;CAMPO LARGO;REGIÃO LESTE;48;2
0.6397037037037037;2019-02-28;16;18;22;27;625;34;4;16;21;505;34;0;34;745;27;109;4;4;4;4;4;4;4;0;0;0;1;0;0;0;0;0;0;0;0;0;0;0;0;0;0;0;0;1;0;0;0;0;0;0;1;0;0;0;0;0;0;0;0;0;0;0;0;0;0;0;0;0;0;0;0;0;0;0;3;4;1;1;0;1;0;0;0;0;CAMPO LARGO;REGIÃO LESTE;49;3
0.8146172839506172;2019-03-31;14;18;22;24;677;30;3;14;20;546;30;0;30;808;30;108;5;4;4;4;5;5;4;0;0;0;0;0;0;0;0;1;0;0;0;0;0;0;0;0;0;0;0;1;0;0;0;0;0;0;1;0;0;0;0;0;0;0;0;0;0;0;0;0;0;0;0;0;0;0;0;0;0;0;4;4;1;1;0;1;0;3;0;0;CAMPO LARGO;REGIÃO LESTE;50;5
0.869037037037037;2019-04-30;11;17;21;25;623;29;3;11;21;492;29;0;29;755;23;82;4;4;4;5;4;4;5;1;0;0;0;0;0;0;0;0;0;0;0;0;0;0;0;0;0;0;0;1;0;0;0;0;0;0;1;0;0;0;0;0;0;0;0;0;0;0;0;0;0;0;0;0;0;0;0;0;0;0;4;4;1;1;0;1;0;1;0;0;CAMPO LARGO;REGIÃO LESTE;51;6
0.9705679012345678;2019-05-31;8;14;18;24;571;29;15;8;19;460;29;0;29;681;170;480;4;5;5;4;5;4;4;0;0;0;0;0;0;0;1;0;0;0;0;0;0;0;0;0;0;0;0;1;0;0;0;0;0;0;1;0;0;0;0;0;0;0;0;0;0;0;0;0;0;0;0;0;0;0;0;0;0;0;4;4;1;1;0;1;0;0;0;0;CAMPO LARGO;REGIÃO LESTE;52;6
0.8168888888888888;2019-06-30;6;11;17;21;511;27;2;6;15;354;27;0;27;669;22;62;5;4;4;4;4;5;4;0;0;0;0;0;0;1;0;0;0;0;0;0;0;0;0;0;0;0;0;1;0;0;0;0;0;0;1;0;0;0;0;0;0;0;0;0;0;0;0;0;0;0;0;0;0;0;0;0;0;0;4;4;1;1;0;1;0;1;0;0;CAMPO LARGO;REGIÃO LESTE;53;5
0.5266172839506172;2019-07-31;-1;6;15;20;479;26;1;-1;17;296;26;0;26;662;7;21;4;5;4;5;4;4;5;0;0;0;0;0;1;0;0;0;0;0;0;0;0;0;0;0;0;0;0;1;0;0;0;0;0;0;1;0;0;0;0;0;0;0;0;0;0;0;0;0;0;0;0;0;0;0;0;0;0;0;4;4;1;1;0;1;16;0;0;0;CAMPO LARGO;REGIÃO LESTE;54;3
1.0;2019-08-31;3;8;16;21;495;29;1;3;15;324;29;0;29;665;8;19;4;4;5;4;5;5;4;0;1;0;0;0;0;0;0;0;0;0;0;0;0;0;0;0;0;0;0;1;0;0;0;0;0;0;1;0;0;0;0;0;0;0;0;0;0;0;0;0;0;0;0;0;0;0;0;0;0;0;4;4;1;1;0;1;0;0;0;0;CAMPO LARGO;REGIÃO LESTE;55;6
0.9253333333333333;2019-09-30;8;11;19;24;558;32;5;8;18;411;32;0;32;704;49;151;5;4;4;5;4;4;4;0;0;0;0;0;0;0;0;0;0;0;1;0;0;0;0;0;0;0;0;1;0;0;0;0;0;0;1;0;0;0;0;0;0;0;0;0;0;0;0;0;0;0;0;0;0;0;0;0;0;0;4;4;1;1;0;1;0;0;0;0;CAMPO LARGO;REGIÃO LESTE;56;6
0.9093333333333333;2019-10-31;12;16;21;26;662;34;3;12;19;490;34;0;34;833;28;95;4;5;5;4;4;4;5;0;0;0;0;0;0;0;0;0;0;1;0;0;0;0;0;0;0;0;0;1;0;0;0;0;0;0;1;0;0;0;0;0;0;0;0;0;0;0;0;0;0;0;0;0;0;0;0;0;0;0;4;4;1;1;0;1;0;0;0;0;CAMPO LARGO;REGIÃO LESTE;57;6
0.9002469135802469;2019-11-30;13;16;21;25;628;32;4;13;20;487;32;0;32;769;32;125;4;4;4;4;5;5;4;0;0;0;0;0;0;0;0;0;1;0;0;0;0;0;0;0;0;0;0;1;0;0;0;0;0;0;1;0;0;0;0;0;0;0;0;0;0;0;0;0;0;0;0;0;0;0;0;0;0;0;4;4;1;1;0;1;0;0;0;0;CAMPO LARGO;REGIÃO LESTE;58;6
0.6193580246913579;2019-12-31;14;17;22;25;669;31;3;14;20;526;31;0;31;811;18;81;5;4;4;5;4;4;5;0;0;1;0;0;0;0;0;0;0;0;0;0;0;0;0;0;0;0;0;1;0;0;0;0;0;0;1;0;0;0;0;0;0;0;0;0;0;0;0;0;0;0;0;0;0;0;0;0;0;0;4;4;1;1;0;1;0;0;0;0;CAMPO LARGO;REGIÃO LESTE;59;3
0.27861728395061724;2020-01-31;15;17;23;26;700;31;3;15;21;561;31;0;31;838;19;99;4;5;5;4;5;4;4;0;0;0;0;1;0;0;0;0;0;0;0;0;0;0;0;0;0;0;0;0;1;0;0;0;0;0;1;0;0;0;0;0;0;0;0;0;0;0;0;0;0;0;0;0;0;0;0;0;0;0;4;4;1;1;0;1;31;0;0;0;CAMPO LARGO;REGIÃO LESTE;60;1
0.6221234567901234;2020-02-29;12;18;22;26;632;31;4;12;21;508;31;0;31;757;26;108;4;4;4;4;4;5;4;0;0;0;1;0;0;0;0;0;0;0;0;0;0;0;0;0;0;0;0;0;1;0;0;0;0;0;1;0;0;0;0;0;0;0;0;0;0;0;0;0;0;0;0;0;0;0;0;0;0;0;5;4;1;1;2;1;0;3;0;0;CAMPO LARGO;REGIÃO LESTE;61;3
0.5786666666666667;2020-03-31;13;18;21;25;659;32;1;13;20;488;32;0;32;831;15;24;5;4;4;5;4;4;5;0;0;0;0;0;0;0;0;1;0;0;0;0;0;0;0;0;0;0;0;0;1;0;0;0;0;0;1;0;0;0;0;0;0;0;0;0;0;0;0;0;0;0;0;0;0;0;0;0;0;0;5;4;1;1;2;1;0;0;15;0;CAMPO LARGO;REGIÃO LESTE;62;3
0.1757037037037037;2020-04-30;6;15;19;24;565;29;2;6;19;386;29;0;29;745;36;56;4;5;5;4;4;4;4;1;0;0;0;0;0;0;0;0;0;0;0;0;0;0;0;0;0;0;0;0;1;0;0;0;0;0;1;0;0;0;0;0;0;0;0;0;0;0;0;0;0;0;0;0;0;0;0;0;0;0;5;4;1;1;2;1;0;1;30;0;CAMPO LARGO;REGIÃO LESTE;63;1
0.07348148148148148;2020-05-31;3;11;16;21;493;26;3;3;16;302;26;0;26;684;83;100;5;4;4;4;5;5;4;0;0;0;0;0;0;0;1;0;0;0;0;0;0;0;0;0;0;0;0;0;1;0;0;0;0;0;1;0;0;0;0;0;0;0;0;0;0;0;0;0;0;0;0;0;0;0;0;0;0;0;5;4;1;1;2;1;0;0;31;0;CAMPO LARGO;REGIÃO LESTE;64;0
0.10459259259259257;2020-06-30;8;11;17;21;499;28;8;8;18;368;28;0;28;630;74;237;4;4;4;5;4;4;5;0;0;0;0;0;0;1;0;0;0;0;0;0;0;0;0;0;0;0;0;0;1;0;0;0;0;0;1;0;0;0;0;0;0;0;0;0;0;0;0;0;0;0;0;0;0;0;0;0;0;0;5;4;1;1;2;1;0;1;30;0;CAMPO LARGO;REGIÃO LESTE;65;0
0.13471604938271603;2020-07-31;2;9;15;21;478;26;2;2;15;304;26;0;26;651;38;55;4;5;5;4;5;4;4;0;0;0;0;0;1;0;0;0;0;0;0;0;0;0;0;0;0;0;0;0;1;0;0;0;0;0;1;0;0;0;0;0;0;0;0;0;0;0;0;0;0;0;0;0;0;0;0;0;0;0;5;4;1;1;2;1;0;0;31;0;CAMPO LARGO;REGIÃO LESTE;66;1
0.07348148148148148;2020-08-31;1;6;16;22;489;31;7;1;15;312;31;0;31;666;53;221;5;4;4;5;4;5;4;0;1;0;0;0;0;0;0;0;0;0;0;0;0;0;0;0;0;0;0;0;1;0;0;0;0;0;1;0;0;0;0;0;0;0;0;0;0;0;0;0;0;0;0;0;0;0;0;0;0;0;5;4;1;1;2;1;0;0;31;0;CAMPO LARGO;REGIÃO LESTE;67;0
0.1371851851851852;2020-09-30;10;13;20;25;601;34;3;10;17;422;34;0;34;779;42;89;4;5;4;4;4;4;5;0;0;0;0;0;0;0;0;0;0;0;1;0;0;0;0;0;0;0;0;0;1;0;0;0;0;0;1;0;0;0;0;0;0;0;0;0;0;0;0;0;0;0;0;0;0;0;0;0;0;0;5;4;1;1;2;1;0;0;30;0;CAMPO LARGO;REGIÃO LESTE;68;1
0.1664197530864197;2020-10-31;9;14;20;27;624;36;2;9;18;454;36;0;36;793;22;72;4;4;5;4;5;5;4;0;0;0;0;0;0;0;0;0;0;1;0;0;0;0;0;0;0;0;0;0;1;0;0;0;0;0;1;0;0;0;0;0;0;0;0;0;0;0;0;0;0;0;0;0;0;0;0;0;0;0;5;4;1;1;2;1;0;0;31;0;CAMPO LARGO;REGIÃO LESTE;69;1
0.09570370370370368;2020-11-30;8;15;20;25;606;33;5;8;19;438;33;0;33;774;39;136;5;4;4;5;4;4;4;0;0;0;0;0;0;0;0;0;1;0;0;0;0;0;0;0;0;0;0;0;1;0;0;0;0;0;1;0;0;0;0;0;0;0;0;0;0;0;0;0;0;0;0;0;0;0;0;0;0;0;5;4;1;1;2;1;0;0;30;0;CAMPO LARGO;REGIÃO LESTE;70;0
0.11634567901234566;2020-12-31;14;16;22;25;690;31;4;14;20;545;31;0;31;834;50;128;4;5;5;4;4;4;5;0;0;1;0;0;0;0;0;0;0;0;0;0;0;0;0;0;0;0;0;0;1;0;0;0;0;0;1;0;0;0;0;0;0;0;0;0;0;0;0;0;0;0;0;0;0;0;0;0;0;0;5;4;1;1;2;1;0;0;31;0;CAMPO LARGO;REGIÃO LESTE;71;1
0.07960493827160492;2021-01-31;14;19;23;26;699;31;5;14;21;579;31;0;31;819;43;164;5;4;4;4;5;5;4;0;0;0;0;1;0;0;0;0;0;0;0;1;0;0;0;0;0;0;0;0;0;0;0;0;0;0;1;0;0;0;0;0;0;0;0;0;0;0;0;0;0;0;0;0;0;0;0;0;0;0;5;3;1;1;2;1;0;0;31;0;CAMPO LARGO;REGIÃO LESTE;72;0
0.08108641975308639;2021-02-28;13;19;22;26;621;32;4;13;21;470;32;0;32;773;70;114;4;4;4;4;4;4;4;0;0;0;1;0;0;0;0;0;0;0;0;1;0;0;0;0;0;0;0;0;0;0;0;0;0;0;1;0;0;0;0;0;0;0;0;0;0;0;0;0;0;0;0;0;0;0;0;0;0;0;5;3;1;1;2;1;0;3;28;0;CAMPO LARGO;REGIÃO LESTE;73;0
0.07654320987654317;2021-03-31;11;18;23;25;698;31;7;11;20;548;31;0;31;848;38;210;4;5;4;5;4;4;5;0;0;0;0;0;0;0;0;1;0;0;0;1;0;0;0;0;0;0;0;0;0;0;0;0;0;0;1;0;0;0;0;0;0;0;0;0;0;0;0;0;0;0;0;0;0;0;0;0;0;0;5;3;1;1;2;1;0;0;31;0;CAMPO LARGO;REGIÃO LESTE;74;0
0.10459259259259257;2021-04-30;10;16;19;22;558;28;0;10;16;410;28;0;28;705;0;1;4;4;5;4;5;4;4;1;0;0;0;0;0;0;0;0;0;0;0;1;0;0;0;0;0;0;0;0;0;0;0;0;0;0;1;0;0;0;0;0;0;0;0;0;0;0;0;0;0;0;0;0;0;0;0;0;0;0;5;3;1;1;2;1;0;1;30;0;CAMPO LARGO;REGIÃO LESTE;75;0
0.045925925925925926;2021-05-31;2;12;16;22;506;27;5;2;17;333;27;0;27;678;37;165;5;4;4;5;4;5;4;0;0;0;0;0;0;0;1;0;0;0;0;1;0;0;0;0;0;0;0;0;0;0;0;0;0;0;1;0;0;0;0;0;0;0;0;0;0;0;0;0;0;0;0;0;0;0;0;0;0;0;5;3;1;1;2;1;0;0;31;0;CAMPO LARGO;REGIÃO LESTE;76;0
0.033481481481481445;2021-06-30;0;6;15;20;446;26;4;0;15;309;26;0;26;583;69;128;4;5;4;4;4;4;5;0;0;0;0;0;0;1;0;0;0;0;0;1;0;0;0;0;0;0;0;0;0;0;0;0;0;0;1;0;0;0;0;0;0;0;0;0;0;0;0;0;0;0;0;0;0;0;0;0;0;0;5;3;1;1;2;1;0;1;30;0;CAMPO LARGO;REGIÃO LESTE;77;0
0.0;2021-07-31;-2;6;13;18;402;26;1;-2;13;190;26;0;26;613;18;35;4;4;5;4;5;5;4;0;0;0;0;0;1;0;0;0;0;0;0;1;0;0;0;0;0;0;0;0;0;0;0;0;0;0;1;0;0;0;0;0;0;0;0;0;0;0;0;0;0;0;0;0;0;0;0;0;0;0;5;3;1;1;2;1;0;0;31;0;CAMPO LARGO;REGIÃO LESTE;78;0
0.03980246913580243;2021-08-31;6;10;17;24;516;30;3;6;19;350;30;0;30;682;26;102;5;4;4;5;4;4;5;0;1;0;0;0;0;0;0;0;0;0;0;1;0;0;0;0;0;0;0;0;0;0;0;0;0;0;1;0;0;0;0;0;0;0;0;0;0;0;0;0;0;0;0;0;0;0;0;0;0;0;5;3;1;1;3;1;0;0;31;0;CAMPO LARGO;REGIÃO LESTE;79;0
0.015703703703703664;2021-09-30;9;13;19;25;582;32;2;9;21;418;32;0;32;747;35;66;4;5;5;4;4;4;4;0;0;0;0;0;0;0;0;0;0;0;1;1;0;0;0;0;0;0;0;0;0;0;0;0;0;0;1;0;0;0;0;0;0;0;0;0;0;0;0;0;0;0;0;0;0;0;0;0;0;0;5;3;1;1;3;1;0;0;30;0;CAMPO LARGO;REGIÃO LESTE;80;0
0.033679012345678994;2021-10-31;9;13;18;21;544;26;7;9;17;433;26;0;26;655;58;221;5;4;4;4;5;5;4;0;0;0;0;0;0;0;0;0;0;1;0;1;0;0;0;0;0;0;0;0;0;0;0;0;0;0;1;0;0;0;0;0;0;0;0;0;0;0;0;0;0;0;0;0;0;0;0;0;0;0;5;3;1;1;3;1;0;0;0;0;CAMPO LARGO;REGIÃO LESTE;81;0
0.06903703703703701;2021-11-30;10;16;20;24;610;32;2;10;19;454;32;0;32;766;11;47;4;4;4;5;4;4;5;0;0;0;0;0;0;0;0;0;1;0;0;1;0;0;0;0;0;0;0;0;0;0;0;0;0;0;1;0;0;0;0;0;0;0;0;0;0;0;0;0;0;0;0;0;0;0;0;0;0;0;5;3;1;1;3;1;0;0;0;0;CAMPO LARGO;REGIÃO LESTE;82;0
0.11328395061728391;2021-12-31;11;17;22;26;668;31;2;11;21;502;31;0;31;833;7;51;4;5;5;4;5;4;4;0;0;1;0;0;0;0;0;0;0;0;0;1;0;0;0;0;0;0;0;0;0;0;0;0;0;0;1;0;0;0;0;0;0;0;0;0;0;0;0;0;0;0;0;0;0;0;0;0;0;0;5;3;1;1;3;1;0;0;0;0;CAMPO LARGO;REGIÃO LESTE;83;1
0.033679012345678994;2022-01-31;14;18;23;26;706;33;8;14;21;556;33;0;33;856;72;260;5;4;4;5;4;5;4;0;0;0;0;1;0;0;0;0;0;0;0;0;1;0;0;0;0;0;0;0;0;0;0;0;0;0;1;0;0;0;0;0;0;0;0;0;0;0;0;0;0;0;0;0;0;0;0;0;0;0;5;3;1;1;3;1;31;0;0;0;CAMPO LARGO;REGIÃO LESTE;84;0
0.20553086419753086;2022-02-28;13;19;23;26;646;33;2;13;21;493;33;0;33;800;21;61;4;4;4;4;4;4;4;0;0;0;1;0;0;0;0;0;0;0;0;0;1;0;0;0;0;0;0;0;0;0;0;0;0;0;1;0;0;0;0;0;0;0;0;0;0;0;0;0;0;0;0;0;0;0;0;0;0;0;5;3;1;1;3;1;0;1;0;0;CAMPO LARGO;REGIÃO LESTE;85;1
0.6613333333333333;2022-03-31;14;17;22;26;696;32;8;14;21;560;32;0;32;831;61;254;4;5;5;4;4;4;5;0;0;0;0;0;0;0;0;1;0;0;0;0;1;0;0;0;0;0;0;0;0;0;0;0;0;0;1;0;0;0;0;0;0;0;0;0;0;0;0;0;0;0;0;0;0;0;0;0;0;0;5;3;1;1;3;1;0;1;0;0;CAMPO LARGO;REGIÃO LESTE;86;3
0.5786666666666667;2022-04-30;7;13;19;23;561;29;6;7;18;426;29;0;29;695;60;176;4;4;4;4;5;5;4;1;0;0;0;0;0;0;0;0;0;0;0;0;1;0;0;0;0;0;0;0;0;0;0;0;0;0;1;0;0;0;0;0;0;0;0;0;0;0;0;0;0;0;0;0;0;0;0;0;0;0;5;3;1;1;3;1;0;1;0;0;CAMPO LARGO;REGIÃO LESTE;87;3
0.8603456790123456;2022-05-31;2;8;15;21;478;26;2;2;17;325;26;0;26;630;29;66;5;4;4;5;4;4;5;0;0;0;0;0;0;0;1;0;0;0;0;0;1;0;0;0;0;0;0;0;0;0;0;0;0;0;1;0;0;0;0;0;0;0;0;0;0;0;0;0;0;0;0;0;0;0;0;0;0;0;5;3;1;1;4;1;0;0;0;0;CAMPO LARGO;REGIÃO LESTE;88;5
0.8749629629629629;2022-06-30;1;9;15;21;450;27;4;1;16;308;27;0;27;591;56;124;4;5;5;4;4;4;4;0;0;0;0;0;0;1;0;0;0;0;0;0;1;0;0;0;0;0;0;0;0;0;0;0;0;0;1;0;0;0;0;0;0;0;0;0;0;0;0;0;0;0;0;0;0;0;0;0;0;0;5;3;1;1;4;1;0;1;0;0;CAMPO LARGO;REGIÃO LESTE;89;6
0.5033086419753086;2022-07-31;3;11;17;20;528;27;3;3;16;333;27;0;27;724;51;94;5;4;4;4;5;5;4;0;0;0;0;0;1;0;0;0;0;0;0;0;1;0;0;0;0;0;0;0;0;0;0;0;0;0;1;0;0;0;0;0;0;0;0;0;0;0;0;0;0;0;0;0;0;0;0;0;0;0;5;3;1;1;4;1;0;0;0;0;CAMPO LARGO;REGIÃO LESTE;90;3
0.9062716049382715;2022-08-31;1;7;15;19;460;28;4;1;16;311;28;0;28;609;43;116;4;5;4;5;4;4;5;0;1;0;0;0;0;0;0;0;0;0;0;0;1;0;0;0;0;0;0;0;0;0;0;0;0;0;1;0;0;0;0;0;0;0;0;0;0;0;0;0;0;0;0;0;0;0;0;0;0;0;5;3;1;1;4;1;0;0;0;0;CAMPO LARGO;REGIÃO LESTE;91;6
0.866074074074074;2022-09-30;4;10;15;23;449;30;7;4;20;335;30;0;30;562;67;219;4;4;5;4;5;4;4;0;0;0;0;0;0;0;0;0;0;0;1;0;1;0;0;0;0;0;0;0;0;0;0;0;0;0;1;0;0;0;0;0;0;0;0;0;0;0;0;0;0;0;0;0;0;0;0;0;0;0;5;3;1;1;4;1;0;0;0;0;CAMPO LARGO;REGIÃO LESTE;92;6
0.7899259259259259;2022-10-31;7;15;19;23;589;30;6;7;18;440;30;0;30;738;59;197;5;4;4;5;4;5;4;0;0;0;0;0;0;0;0;0;0;1;0;0;1;0;0;0;0;0;0;0;0;0;0;0;0;0;1;0;0;0;0;0;0;0;0;0;0;0;0;0;0;0;0;0;0;0;0;0;0;0;5;3;1;1;4;1;0;0;0;0;CAMPO LARGO;REGIÃO LESTE;93;5
0.703111111111111;2022-11-30;7;10;18;22;533;28;4;7;17;385;28;0;28;682;31;134;4;5;4;4;4;4;5;0;0;0;0;0;0;0;0;0;1;0;0;0;1;0;0;0;0;0;0;0;0;0;0;0;0;0;1;0;0;0;0;0;0;0;0;0;0;0;0;0;0;0;0;0;0;0;0;0;0;0;5;3;1;1;4;1;0;0;0;0;CAMPO LARGO;REGIÃO LESTE;94;4
0.5602962962962963;2022-12-31;12;17;21;26;660;32;4;12;20;518;32;0;32;801;28;126;4;4;5;4;5;5;4;0;0;1;0;0;0;0;0;0;0;0;0;0;1;0;0;0;0;0;0;0;0;0;0;0;0;0;1;0;0;0;0;0;0;0;0;0;0;0;0;0;0;0;0;0;0;0;0;0;0;0;5;3;1;1;4;1;0;0;0;0;CAMPO LARGO;REGIÃO LESTE;95;3
0.17451851851851852;2023-01-31;12;17;22;24;680;30;6;12;20;530;30;0;30;829;40;189;5;4;4;5;4;4;5;0;0;0;0;1;0;0;0;0;0;0;0;0;0;1;0;0;0;0;0;0;0;0;0;0;0;0;1;0;0;0;0;0;0;0;0;0;0;0;0;0;0;0;0;0;0;0;0;0;0;0;4;2;1;1;4;1;31;0;0;0;CAMPO LARGO;REGIÃO LESTE;96;1
0.3106172839506173;2023-02-28;13;15;22;24;614;30;10;13;20;494;30;0;30;733;56;290;4;4;4;4;4;4;4;0;0;0;1;0;0;0;0;0;0;0;0;0;0;1;0;0;0;0;0;0;0;0;0;0;0;0;1;0;0;0;0;0;0;0;0;0;0;0;0;0;0;0;0;0;0;0;0;0;0;0;4;2;1;1;4;1;0;3;0;0;CAMPO LARGO;REGIÃO LESTE;97;2
0.9154567901234567;2023-03-31;15;20;22;24;696;30;5;15;19;544;30;0;30;849;37;156;4;5;5;4;5;4;4;0;0;0;0;0;0;0;0;1;0;0;0;0;0;1;0;0;0;0;0;0;0;0;0;0;0;0;1;0;0;0;0;0;0;0;0;0;0;0;0;0;0;0;0;0;0;0;0;0;0;0;4;2;1;1;4;1;0;0;0;0;CAMPO LARGO;REGIÃO LESTE;98;6
0.6645925925925925;2023-04-30;8;14;19;23;564;29;3;8;18;427;29;0;29;700;64;100;5;4;4;4;4;5;4;1;0;0;0;0;0;0;0;0;0;0;0;0;0;1;0;0;0;0;0;0;0;0;0;0;0;0;1;0;0;0;0;0;0;0;0;0;0;0;0;0;0;0;0;0;0;0;0;0;0;0;4;1;1;1;4;1;0;1;0;0;CAMPO LARGO;REGIÃO LESTE;99;4
0.8634074074074074;2023-05-31;6;13;17;22;535;27;2;6;18;371;27;0;27;698;19;57;4;5;4;5;4;4;5;0;0;0;0;0;0;0;1;0;0;0;0;0;0;1;0;0;0;0;0;0;0;0;0;0;0;0;1;0;0;0;0;0;0;0;0;0;0;0;0;0;0;0;0;0;0;0;0;0;0;0;4;1;1;1;4;1;0;0;0;0;CAMPO LARGO;REGIÃO LESTE;100;6
0.7238518518518517;2023-06-30;5;11;15;21;462;27;3;5;15;296;27;0;27;627;37;95;4;4;5;4;5;4;4;0;0;0;0;0;0;1;0;0;0;0;0;0;0;1;0;0;0;0;0;0;0;0;0;0;0;0;1;0;0;0;0;0;0;0;0;0;0;0;0;0;0;0;0;0;0;0;0;0;0;0;4;1;1;1;4;1;0;1;0;0;CAMPO LARGO;REGIÃO LESTE;101;4
0.3643456790123456;2023-07-31;3;10;15;21;480;26;4;3;16;338;26;0;26;622;56;134;5;4;4;5;4;5;4;0;0;0;0;0;1;0;0;0;0;0;0;0;0;1;0;0;0;0;0;0;0;0;0;0;0;0;1;0;0;0;0;0;0;0;0;0;0;0;0;0;0;0;0;0;0;0;0;0;0;0;4;1;1;1;4;1;15;0;0;0;CAMPO LARGO;REGIÃO LESTE;102;2
0.8174814814814815;2023-08-31;5;10;17;25;517;31;4;5;20;353;31;0;31;681;34;112;4;5;5;4;4;4;5;0;1;0;0;0;0;0;0;0;0;0;0;0;0;1;0;0;0;0;0;0;0;0;0;0;0;0;1;0;0;0;0;0;0;0;0;0;0;0;0;0;0;0;0;0;0;0;0;0;0;0;4;1;1;1;4;1;0;0;0;0;CAMPO LARGO;REGIÃO LESTE;103;5
0.6823703703703703;2023-09-30;9;13;20;26;606;34;6;9;22;445;34;0;34;767;85;166;4;4;4;4;5;5;4;0;0;0;0;0;0;0;0;0;0;0;1;0;0;1;0;0;0;0;0;0;0;0;0;0;0;0;1;0;0;0;0;0;0;0;0;0;0;0;0;0;0;0;0;0;0;0;0;0;0;0;4;1;1;1;4;1;0;0;0;0;CAMPO LARGO;REGIÃO LESTE;104;4
0.7593086419753086;2023-10-31;11;14;19;25;600;31;12;11;20;480;31;0;31;720;64;370;5;4;4;5;4;4;5;0;0;0;0;0;0;0;0;0;0;1;0;0;0;1;0;0;0;0;0;0;0;0;0;0;0;0;1;0;0;0;0;0;0;0;0;0;0;0;0;0;0;0;0;0;0;0;0;0;0;0;4;1;1;1;4;1;0;0;0;0;CAMPO LARGO;REGIÃO LESTE;105;5
0.7149629629629629;2023-11-30;8;16;21;27;636;35;4;8;20;495;35;0;35;777;32;132;4;5;5;4;4;4;4;0;0;0;0;0;0;0;0;0;1;0;0;0;0;1;0;0;0;0;0;0;0;0;0;0;0;0;1;0;0;0;0;0;0;0;0;0;0;0;0;0;0;0;0;0;0;0;0;0;0;0;4;1;1;1;4;1;0;0;0;0;CAMPO LARGO;REGIÃO LESTE;106;4
0.4806913580246913;2023-12-31;14;17;23;27;718;34;2;14;22;558;34;0;34;879;32;68;5;4;4;4;5;5;4;0;0;1;0;0;0;0;0;0;0;0;0;0;0;1;0;0;0;0;0;0;0;0;0;0;0;0;1;0;0;0;0;0;0;0;0;0;0;0;0;0;0;0;0;0;0;0;0;0;0;0;4;1;1;1;4;1;0;0;0;0;CAMPO LARGO;REGIÃO LESTE;107;3
0.13165432098765428;2024-01-31;13;17;23;27;705;35;4;13;23;557;35;0;35;852;28;112;4;5;4;5;4;4;5;0;0;0;0;1;0;0;0;0;0;0;0;0;0;0;1;0;0;0;0;0;0;0;0;0;0;0;1;0;0;0;0;0;0;0;0;0;0;0;0;0;0;0;0;0;0;0;0;0;0;0;4;1;1;1;4;1;31;0;0;0;CAMPO LARGO;REGIÃO LESTE;108;1
0.46232098765432095;2024-02-29;16;18;23;26;676;32;3;16;21;537;32;0;32;814;18;89;4;4;5;4;4;4;4;0;0;0;1;0;0;0;0;0;0;0;0;0;0;0;1;0;0;0;0;0;0;0;0;0;0;0;1;0;0;0;0;0;0;0;0;0;0;0;0;0;0;0;0;0;0;0;0;0;0;0;4;1;1;1;4;1;0;3;0;0;CAMPO LARGO;REGIÃO LESTE;109;3
0.7868641975308641;2024-03-31;15;17;23;28;713;34;1;15;22;570;34;0;34;857;8;31;5;4;4;4;5;5;4;0;0;0;0;0;0;0;0;1;0;0;0;0;0;0;1;0;0;0;0;0;0;0;0;0;0;0;1;0;0;0;0;0;0;0;0;0;0;0;0;0;0;0;0;0;0;0;0;0;0;0;4;1;1;1;4;1;0;1;0;0;CAMPO LARGO;REGIÃO LESTE;110;5
0.40088888888888885;2024-04-30;9;16;21;26;641;31;3;9;20;503;31;0;31;779;38;78;4;4;4;5;4;4;5;1;0;0;0;0;0;0;0;0;0;0;0;0;0;0;1;0;0;0;0;0;0;0;0;0;0;0;1;0;0;0;0;0;0;0;0;0;0;0;0;0;0;0;0;0;0;0;0;0;0;0;4;1;1;1;4;1;0;0;0;0;CAMPO LARGO;REGIÃO LESTE;111;2
0.16533333333333333;2024-05-31;4;11;19;24;586;30;1;4;19;441;30;0;30;731;16;23;4;5;5;4;5;4;4;0;0;0;0;0;0;0;1;0;0;0;0;0;0;0;1;0;0;0;0;0;0;0;0;0;0;0;1;0;0;0;0;0;0;0;0;0;0;0;0;0;0;0;0;0;0;0;0;0;0;0;4;1;1;1;4;1;0;1;0;30;CAMPO LARGO;REGIÃO LESTE;112;1
0.0808888888888889;2024-06-30;2;10;18;21;542;28;1;2;16;364;28;0;28;719;9;20;5;4;4;4;4;5;4;0;0;0;0;0;0;1;0;0;0;0;0;0;0;0;1;0;0;0;0;0;0;0;0;0;0;0;1;0;0;0;0;0;0;0;0;0;0;0;0;0;0;0;0;0;0;0;0;0;0;0;4;1;1;1;4;1;0;0;0;30;CAMPO LARGO;REGIÃO LESTE;113;0
0.40108641975308634;2024-07-31;4;10;15;19;460;27;1;4;14;297;27;0;27;623;10;46;4;5;4;5;4;4;5;0;0;0;0;0;1;0;0;0;0;0;0;0;0;0;1;0;0;0;0;0;0;0;0;0;0;0;1;0;0;0;0;0;0;0;0;0;0;0;0;0;0;0;0;0;0;0;0;0;0;0;4;1;1;1;4;1;12;0;0;0;CAMPO LARGO;REGIÃO LESTE;114;2
0.8021728395061727;2024-08-31;0;8;17;22;515;32;1;0;16;292;32;0;32;739;20;32;4;4;5;4;5;5;4;0;1;0;0;0;0;0;0;0;0;0;0;0;0;0;1;0;0;0;0;0;0;0;0;0;0;0;1;0;0;0;0;0;0;0;0;0;0;0;0;0;0;0;0;0;0;0;0;0;0;0;4;1;1;1;4;1;0;0;0;0;CAMPO LARGO;REGIÃO LESTE;115;5
0.7534814814814814;2024-09-30;11;13;21;25;619;34;2;11;18;420;34;0;34;818;22;60;5;4;4;5;4;4;4;0;0;0;0;0;0;0;0;0;0;0;1;0;0;0;1;0;0;0;0;0;0;0;0;0;0;0;1;0;0;0;0;0;0;0;0;0;0;0;0;0;0;0;0;0;0;0;0;0;0;0;4;1;1;1;4;1;0;0;0;0;CAMPO LARGO;REGIÃO LESTE;116;4
0.890962962962963;2024-10-31;11;14;20;25;611;34;4;11;20;476;34;0;34;746;32;117;4;5;5;4;4;4;5;0;0;0;0;0;0;0;0;0;0;1;0;0;0;0;1;0;0;0;0;0;0;0;0;0;0;0;1;0;0;0;0;0;0;0;0;0;0;0;0;0;0;0;0;0;0;0;0;0;0;0;4;1;1;1;4;1;0;0;0;0;CAMPO LARGO;REGIÃO LESTE;117;6
0.3518501845682903;2017-10-31;7;16;21;28;643;35;28;7;21;484;35;0;35;801;164;866;5;4;4;5;4;4;5;0;0;0;0;0;0;0;0;0;0;1;0;0;0;0;0;0;0;1;0;0;0;0;0;0;0;0;0;1;0;0;0;0;0;0;0;0;0;0;0;0;0;0;0;0;0;0;0;0;0;0;2;0;0;0;0;0;0;0;0;0;CAPANEMA;REGIÃO SUL;1;2
0.29305843161969924;2017-11-30;10;18;21;25;629;32;9;10;20;451;32;0;32;807;100;266;4;5;5;4;4;4;4;0;0;0;0;0;0;0;0;0;1;0;0;0;0;0;0;0;0;1;0;0;0;0;0;0;0;0;0;1;0;0;0;0;0;0;0;0;0;0;0;0;0;0;0;0;0;0;0;0;0;0;2;0;0;0;0;0;0;0;0;0;CAPANEMA;REGIÃO SUL;2;2
0.2596560727469164;2017-12-31;15;22;24;27;749;34;4;15;21;589;34;0;34;910;41;136;5;4;4;4;5;5;4;0;0;1;0;0;0;0;0;0;0;0;0;0;0;0;0;0;0;1;0;0;0;0;0;0;0;0;0;1;0;0;0;0;0;0;0;0;0;0;0;0;0;0;0;0;0;0;0;0;0;0;2;0;0;0;0;0;0;0;0;0;CAPANEMA;REGIÃO SUL;3;1
0.173494192851355;2018-01-31;16;21;24;26;740;32;6;16;21;600;32;0;32;880;40;177;4;5;4;5;4;4;5;0;0;0;0;1;0;0;0;0;0;0;0;0;0;0;0;0;0;0;1;0;0;0;0;0;0;0;0;1;0;0;0;0;0;0;0;0;0;0;0;0;0;0;0;0;0;0;0;0;0;0;2;0;0;0;0;0;31;0;0;0;CAPANEMA;REGIÃO SUL;4;1
0.21761051589087962;2018-02-28;14;21;24;27;669;33;5;14;21;516;33;0;33;823;44;146;4;4;4;4;4;4;4;0;0;0;1;0;0;0;0;0;0;0;0;0;0;0;0;0;0;0;1;0;0;0;0;0;0;0;0;1;0;0;0;0;0;0;0;0;0;0;0;0;0;0;0;0;0;0;0;0;0;0;3;0;0;0;0;0;0;3;0;0;CAPANEMA;REGIÃO SUL;5;1
0.33384352210317814;2018-03-31;10;17;24;27;739;33;11;10;23;590;33;0;33;888;55;348;4;4;5;4;5;5;4;0;0;0;0;0;0;0;0;1;0;0;0;0;0;0;0;0;0;0;1;0;0;0;0;0;0;0;0;1;0;0;0;0;0;0;0;0;0;0;0;0;0;0;0;0;0;0;0;0;0;0;3;0;0;0;0;0;0;1;0;0;CAPANEMA;REGIÃO SUL;6;2
0.3133159268929504;2018-04-30;15;21;23;25;695;31;1;15;19;522;31;0;31;869;20;25;5;4;4;5;4;4;4;1;0;0;0;0;0;0;0;0;0;0;0;0;0;0;0;0;0;0;1;0;0;0;0;0;0;0;0;1;0;0;0;0;0;0;0;0;0;0;0;0;0;0;0;0;0;0;0;0;0;0;3;0;0;0;0;0;0;0;0;0;CAPANEMA;REGIÃO SUL;7;2
0.40740073827316103;2018-05-31;4;10;19;24;582;30;6;4;18;419;30;0;30;745;86;178;4;5;5;4;4;4;5;0;0;0;0;0;0;0;1;0;0;0;0;0;0;0;0;0;0;0;1;0;0;0;0;0;0;0;0;1;0;0;0;0;0;0;0;0;0;0;0;0;0;0;0;0;0;0;0;0;0;0;3;0;0;0;0;0;0;1;0;0;CAPANEMA;REGIÃO SUL;8;3
0.3844422436301431;2018-06-30;2;6;15;23;448;27;3;2;21;313;27;0;27;584;17;94;4;4;4;4;5;5;4;0;0;0;0;0;0;1;0;0;0;0;0;0;0;0;0;0;0;0;1;0;0;0;0;0;0;0;0;1;0;0;0;0;0;0;0;0;0;0;0;0;0;0;0;0;0;0;0;0;0;0;3;0;0;0;0;0;0;0;0;0;CAPANEMA;REGIÃO SUL;9;2
0.4272080669847844;2018-07-31;3;10;17;23;524;30;0;3;17;357;30;0;30;690;5;7;5;4;4;5;4;4;5;0;0;0;0;0;1;0;0;0;0;0;0;0;0;0;0;0;0;0;1;0;0;0;0;0;0;0;0;1;0;0;0;0;0;0;0;0;0;0;0;0;0;0;0;0;0;0;0;0;0;0;3;0;0;0;0;0;16;0;0;0;CAPANEMA;REGIÃO SUL;10;3
0.5061672818943009;2018-08-31;1;7;15;24;468;32;2;1;17;284;32;0;32;653;17;51;4;5;5;4;5;4;4;0;1;0;0;0;0;0;0;0;0;0;0;0;0;0;0;0;0;0;1;0;0;0;0;0;0;0;0;1;0;0;0;0;0;0;0;0;0;0;0;0;0;0;0;0;0;0;0;0;0;0;3;0;0;0;0;0;0;0;0;0;CAPANEMA;REGIÃO SUL;11;5
0.4327000990366435;2018-09-30;6;12;20;27;590;34;12;6;20;432;34;0;34;748;161;346;5;4;4;4;4;5;4;0;0;0;0;0;0;0;0;0;0;0;1;0;0;0;0;0;0;0;1;0;0;0;0;0;0;0;0;1;0;0;0;0;0;0;0;0;0;0;0;0;0;0;0;0;0;0;0;0;0;0;3;0;0;0;0;0;0;0;0;0;CAPANEMA;REGIÃO SUL;12;4
0.42045556856036737;2018-10-31;11;16;20;24;634;31;9;11;20;511;31;0;31;756;60;282;4;5;4;5;4;4;5;0;0;0;0;0;0;0;0;0;0;1;0;0;0;0;0;0;0;0;1;0;0;0;0;0;0;0;0;1;0;0;0;0;0;0;0;0;0;0;0;0;0;0;0;0;0;0;0;0;0;0;3;0;0;0;0;0;0;0;0;0;CAPANEMA;REGIÃO SUL;13;3
0.4294588997929234;2018-11-30;15;20;23;27;695;33;4;15;21;539;33;0;33;851;39;121;4;4;5;4;5;4;4;0;0;0;0;0;0;0;0;0;1;0;0;0;0;0;0;0;0;0;1;0;0;0;0;0;0;0;0;1;0;0;0;0;0;0;0;0;0;0;0;0;0;0;0;0;0;0;0;0;0;0;3;0;0;0;0;0;0;0;0;0;CAPANEMA;REGIÃO SUL;14;3
0.3698568470334024;2018-12-31;11;19;24;28;749;35;2;11;22;556;35;0;35;942;11;62;5;4;4;5;4;5;4;0;0;1;0;0;0;0;0;0;0;0;0;0;0;0;0;0;0;0;1;0;0;0;0;0;0;0;0;1;0;0;0;0;0;0;0;0;0;0;0;0;0;0;0;0;0;0;0;0;0;0;3;0;0;0;0;0;0;0;0;0;CAPANEMA;REGIÃO SUL;15;2
0.31439632664085715;2019-01-31;17;22;26;29;814;35;4;17;23;644;35;0;35;984;27;134;4;5;5;4;4;4;5;0;0;0;0;1;0;0;0;0;0;0;0;0;0;0;0;0;0;0;0;1;0;0;0;0;0;0;0;1;0;0;0;0;0;0;0;0;0;0;0;0;0;0;0;0;0;0;0;0;0;0;3;0;0;0;0;0;31;0;0;0;CAPANEMA;REGIÃO SUL;16;2
0.4737552894570991;2019-02-28;15;20;24;29;680;35;5;15;23;529;35;0;35;832;62;140;4;4;4;4;4;4;4;0;0;0;1;0;0;0;0;0;0;0;0;0;0;0;0;0;0;0;0;1;0;0;0;0;0;0;0;1;0;0;0;0;0;0;0;0;0;0;0;0;0;0;0;0;0;0;0;0;0;0;3;0;0;0;1;0;0;0;0;0;CAPANEMA;REGIÃO SUL;17;4
0.6207796884847394;2019-03-31;12;20;23;26;698;33;6;12;21;543;33;0;33;853;38;171;5;4;4;4;5;5;4;0;0;0;0;0;0;0;0;1;0;0;0;0;0;0;0;0;0;0;0;1;0;0;0;0;0;0;0;1;0;0;0;0;0;0;0;0;0;0;0;0;0;0;0;0;0;0;0;0;0;0;3;0;0;0;1;0;0;3;0;0;CAPANEMA;REGIÃO SUL;18;5
0.5726118663905645;2019-04-30;12;17;22;25;650;30;3;12;20;516;30;0;30;784;25;87;4;4;4;5;4;4;5;1;0;0;0;0;0;0;0;0;0;0;0;0;0;0;0;0;0;0;0;1;0;0;0;0;0;0;0;1;0;0;0;0;0;0;0;0;0;0;0;0;0;0;0;0;0;0;0;0;0;0;3;0;0;0;1;0;0;1;0;0;CAPANEMA;REGIÃO SUL;19;5
0.47123435671198344;2019-05-31;9;12;19;24;589;29;7;9;20;477;29;0;29;700;68;213;4;5;5;4;5;4;4;0;0;0;0;0;0;0;1;0;0;0;0;0;0;0;0;0;0;0;0;1;0;0;0;0;0;0;0;1;0;0;0;0;0;0;0;0;0;0;0;0;0;0;0;0;0;0;0;0;0;0;3;0;0;0;1;0;0;0;0;0;CAPANEMA;REGIÃO SUL;20;4
0.40875123795804447;2019-06-30;7;10;19;23;568;29;1;7;17;409;29;0;29;727;14;17;5;4;4;4;4;5;4;0;0;0;0;0;0;1;0;0;0;0;0;0;0;0;0;0;0;0;0;1;0;0;0;0;0;0;0;1;0;0;0;0;0;0;0;0;0;0;0;0;0;0;0;0;0;0;0;0;0;0;3;0;0;0;1;0;0;1;0;0;CAPANEMA;REGIÃO SUL;21;3
0.3962366075447916;2019-07-31;-2;4;15;23;463;28;3;-2;18;305;28;0;28;622;37;87;4;5;4;5;4;4;5;0;0;0;0;0;1;0;0;0;0;0;0;0;0;0;0;0;0;0;0;1;0;0;0;0;0;0;0;1;0;0;0;0;0;0;0;0;0;0;0;0;0;0;0;0;0;0;0;0;0;0;3;0;0;0;1;0;16;0;0;0;CAPANEMA;REGIÃO SUL;22;3
0.5084181147024399;2019-08-31;0;7;18;23;549;32;0;0;18;338;32;0;32;760;4;9;4;4;5;4;5;5;4;0;1;0;0;0;0;0;0;0;0;0;0;0;0;0;0;0;0;0;0;1;0;0;0;0;0;0;0;1;0;0;0;0;0;0;0;0;0;0;0;0;0;0;0;0;0;0;0;0;0;0;3;0;0;0;1;0;0;0;0;0;CAPANEMA;REGIÃO SUL;23;5
0.6221301881696228;2019-09-30;6;15;21;29;644;37;1;6;21;454;37;0;37;833;14;35;5;4;4;5;4;4;4;0;0;0;0;0;0;0;0;0;0;0;1;0;0;0;0;0;0;0;0;1;0;0;0;0;0;0;0;1;0;0;0;0;0;0;0;0;0;0;0;0;0;0;0;0;0;0;0;0;0;0;3;0;0;0;1;0;0;0;0;0;CAPANEMA;REGIÃO SUL;24;5
0.7000990366435581;2019-10-31;11;17;24;30;744;37;3;11;24;556;37;0;37;932;28;91;4;5;5;4;4;4;5;0;0;0;0;0;0;0;0;0;0;1;0;0;0;0;0;0;0;0;0;1;0;0;0;0;0;0;0;1;0;0;0;0;0;0;0;0;0;0;0;0;0;0;0;0;0;0;0;0;0;0;3;0;0;0;1;0;0;0;0;0;CAPANEMA;REGIÃO SUL;25;6
0.6833528405510039;2019-11-30;12;21;24;27;729;34;7;12;22;566;34;0;34;892;124;213;4;4;4;4;5;5;4;0;0;0;0;0;0;0;0;0;1;0;0;0;0;0;0;0;0;0;0;1;0;0;0;0;0;0;0;1;0;0;0;0;0;0;0;0;0;0;0;0;0;0;0;0;0;0;0;0;0;0;3;0;0;0;1;0;0;0;0;0;CAPANEMA;REGIÃO SUL;26;6
0.5632484019087063;2019-12-31;12;19;23;28;716;34;6;12;22;546;34;0;34;886;48;185;5;4;4;5;4;4;5;0;0;1;0;0;0;0;0;0;0;0;0;0;0;0;0;0;0;0;0;1;0;0;0;0;0;0;0;1;0;0;0;0;0;0;0;0;0;0;0;0;0;0;0;0;0;0;0;0;0;0;3;0;0;0;1;0;0;0;0;0;CAPANEMA;REGIÃO SUL;27;5
0.49626361753848924;2020-01-31;17;19;25;27;769;33;6;17;23;619;33;0;33;920;97;192;4;5;5;4;5;4;4;0;0;0;0;1;0;0;0;0;0;0;0;0;0;0;0;0;0;0;0;0;1;0;0;0;0;0;0;1;0;0;0;0;0;0;0;0;0;0;0;0;0;0;0;0;0;0;0;0;0;0;3;0;0;0;1;0;31;0;0;0;CAPANEMA;REGIÃO SUL;28;5
0.6308634194652022;2020-02-29;11;18;25;28;716;34;5;11;22;556;34;0;34;876;110;157;4;4;4;4;4;5;4;0;0;0;1;0;0;0;0;0;0;0;0;0;0;0;0;0;0;0;0;0;1;0;0;0;0;0;0;1;0;0;0;0;0;0;0;0;0;0;0;0;0;0;0;0;0;0;0;0;0;0;3;0;0;0;1;0;0;3;0;0;CAPANEMA;REGIÃO SUL;29;6
0.4413432970198974;2020-03-31;13;20;24;29;755;36;1;13;22;559;36;0;36;951;38;43;5;4;4;5;4;4;5;0;0;0;0;0;0;0;0;1;0;0;0;0;0;0;0;0;0;0;0;0;1;0;0;0;0;0;0;1;0;0;0;0;0;0;0;0;0;0;0;0;0;0;0;0;0;0;0;0;0;0;3;0;0;0;1;0;0;0;15;0;CAPANEMA;REGIÃO SUL;30;4
0.0;2020-04-30;5;13;20;27;593;33;2;5;21;391;33;0;33;795;57;74;4;5;5;4;4;4;4;1;0;0;0;0;0;0;0;0;0;0;0;0;0;0;0;0;0;0;0;0;1;0;0;0;0;0;0;1;0;0;0;0;0;0;0;0;0;0;0;0;0;0;0;0;0;0;0;0;0;0;3;0;0;0;1;0;0;1;30;0;CAPANEMA;REGIÃO SUL;31;0
0.05356982083370848;2020-05-31;3;10;16;22;501;28;8;3;18;320;28;0;28;681;136;244;5;4;4;4;5;5;4;0;0;0;0;0;0;0;1;0;0;0;0;0;0;0;0;0;0;0;0;0;1;0;0;0;0;0;0;1;0;0;0;0;0;0;0;0;0;0;0;0;0;0;0;0;0;0;0;0;0;0;3;0;0;0;1;0;0;0;31;0;CAPANEMA;REGIÃO SUL;32;0
0.02971099306743495;2020-06-30;4;10;18;24;539;29;5;4;20;394;29;0;29;684;51;144;4;4;4;5;4;4;5;0;0;0;0;0;0;1;0;0;0;0;0;0;0;0;0;0;0;0;0;0;1;0;0;0;0;0;0;1;0;0;0;0;0;0;0;0;0;0;0;0;0;0;0;0;0;0;0;0;0;0;3;0;0;0;1;0;0;1;30;0;CAPANEMA;REGIÃO SUL;33;0
0.031151526064643928;2020-07-31;2;9;17;23;518;28;4;2;18;357;28;0;28;678;46;109;4;5;5;4;5;4;4;0;0;0;0;0;1;0;0;0;0;0;0;0;0;0;0;0;0;0;0;0;1;0;0;0;0;0;0;1;0;0;0;0;0;0;0;0;0;0;0;0;0;0;0;0;0;0;0;0;0;0;3;0;0;0;1;0;0;0;31;0;CAPANEMA;REGIÃO SUL;34;0
0.03934455748626993;2020-08-31;0;6;19;26;589;32;8;0;19;423;32;0;32;755;100;246;5;4;4;5;4;5;4;0;1;0;0;0;0;0;0;0;0;0;0;0;0;0;0;0;0;0;0;0;1;0;0;0;0;0;0;1;0;0;0;0;0;0;0;0;0;0;0;0;0;0;0;0;0;0;0;0;0;0;3;0;0;0;1;0;0;0;31;0;CAPANEMA;REGIÃO SUL;35;0
0.04141532366975781;2020-09-30;10;17;23;31;686;38;4;10;23;509;38;0;38;862;51;115;4;5;4;4;4;4;5;0;0;0;0;0;0;0;0;0;0;0;1;0;0;0;0;0;0;0;0;0;1;0;0;0;0;0;0;1;0;0;0;0;0;0;0;0;0;0;0;0;0;0;0;0;0;0;0;0;0;0;3;0;0;0;1;0;0;0;30;0;CAPANEMA;REGIÃO SUL;36;0
0.06023228594579995;2020-10-31;12;19;24;31;756;38;3;12;24;565;38;0;38;947;46;83;4;4;5;4;5;5;4;0;0;0;0;0;0;0;0;0;0;1;0;0;0;0;0;0;0;0;0;0;1;0;0;0;0;0;0;1;0;0;0;0;0;0;0;0;0;0;0;0;0;0;0;0;0;0;0;0;0;0;3;0;0;0;1;0;0;0;31;0;CAPANEMA;REGIÃO SUL;37;0
0.07292698298370398;2020-11-30;11;19;24;29;708;36;3;11;22;520;36;0;36;896;22;85;5;4;4;5;4;4;4;0;0;0;0;0;0;0;0;0;1;0;0;0;0;0;0;0;0;0;0;0;1;0;0;0;0;0;0;1;0;0;0;0;0;0;0;0;0;0;0;0;0;0;0;0;0;0;0;0;0;0;3;0;0;0;1;0;0;0;30;0;CAPANEMA;REGIÃO SUL;38;0
0.08580174664625911;2020-12-31;14;21;24;27;757;33;8;14;21;596;33;0;33;919;149;258;4;5;5;4;4;4;5;0;0;1;0;0;0;0;0;0;0;0;0;0;0;0;0;0;0;0;0;0;1;0;0;0;0;0;0;1;0;0;0;0;0;0;0;0;0;0;0;0;0;0;0;0;0;0;0;0;0;0;3;0;0;0;1;0;0;0;31;0;CAPANEMA;REGIÃO SUL;39;0
0.1332493022418295;2021-01-31;18;20;24;27;741;32;10;18;22;614;32;0;32;867;82;299;5;4;4;4;5;5;4;0;0;0;0;1;0;0;0;0;0;0;0;1;0;0;0;0;0;0;0;0;0;0;0;0;0;0;0;1;0;0;0;0;0;0;0;0;0;0;0;0;0;0;0;0;0;0;0;0;0;0;3;0;0;0;1;0;0;0;31;0;CAPANEMA;REGIÃO SUL;40;1
0.1067795084181147;2021-02-28;13;20;24;28;669;34;2;13;22;513;34;0;34;824;22;58;4;4;4;4;4;4;4;0;0;0;1;0;0;0;0;0;0;0;0;1;0;0;0;0;0;0;0;0;0;0;0;0;0;0;0;1;0;0;0;0;0;0;0;0;0;0;0;0;0;0;0;0;0;0;0;0;0;0;3;0;0;0;1;0;0;3;28;0;CAPANEMA;REGIÃO SUL;41;1
0.09138381201044388;2021-03-31;14;19;24;28;750;35;1;14;22;582;35;0;35;918;14;46;4;5;4;5;4;4;5;0;0;0;0;0;0;0;0;1;0;0;0;1;0;0;0;0;0;0;0;0;0;0;0;0;0;0;0;1;0;0;0;0;0;0;0;0;0;0;0;0;0;0;0;0;0;0;0;0;0;0;3;0;0;0;1;0;0;0;31;0;CAPANEMA;REGIÃO SUL;42;0
0.08643197983253803;2021-04-30;8;16;21;26;643;31;1;8;20;478;31;0;31;808;29;40;4;4;5;4;5;4;4;1;0;0;0;0;0;0;0;0;0;0;0;1;0;0;0;0;0;0;0;0;0;0;0;0;0;0;0;1;0;0;0;0;0;0;0;0;0;0;0;0;0;0;0;0;0;0;0;0;0;0;3;0;0;0;1;0;0;1;30;0;CAPANEMA;REGIÃO SUL;43;0
0.0662645178716125;2021-05-31;5;11;18;24;557;30;1;5;19;387;30;0;30;728;11;26;5;4;4;5;4;5;4;0;0;0;0;0;0;0;1;0;0;0;0;1;0;0;0;0;0;0;0;0;0;0;0;0;0;0;0;1;0;0;0;0;0;0;0;0;0;0;0;0;0;0;0;0;0;0;0;0;0;0;3;0;0;0;1;0;0;0;31;0;CAPANEMA;REGIÃO SUL;44;0
0.0783289817232376;2021-06-30;-1;5;16;23;470;28;5;-1;17;344;28;0;28;597;48;136;4;5;4;4;4;4;5;0;0;0;0;0;0;1;0;0;0;0;0;1;0;0;0;0;0;0;0;0;0;0;0;0;0;0;0;1;0;0;0;0;0;0;0;0;0;0;0;0;0;0;0;0;0;0;0;0;0;0;3;0;0;0;1;0;0;1;30;0;CAPANEMA;REGIÃO SUL;45;0
0.09696587737462861;2021-07-31;-1;6;15;23;480;29;2;-1;17;293;29;0;29;666;27;56;4;4;5;4;5;5;4;0;0;0;0;0;1;0;0;0;0;0;0;1;0;0;0;0;0;0;0;0;0;0;0;0;0;0;0;1;0;0;0;0;0;0;0;0;0;0;0;0;0;0;0;0;0;0;0;0;0;0;3;0;0;0;1;0;0;0;31;0;CAPANEMA;REGIÃO SUL;46;1
0.11650310614927523;2021-08-31;5;13;20;27;614;33;2;5;22;442;33;0;33;786;20;52;5;4;4;5;4;4;5;0;1;0;0;0;0;0;0;0;0;0;0;1;0;0;0;0;0;0;0;0;0;0;0;0;0;0;0;1;0;0;0;0;0;0;0;0;0;0;0;0;0;0;0;0;0;0;0;0;0;0;3;0;0;0;1;0;0;0;31;0;CAPANEMA;REGIÃO SUL;47;1
0.14855496533717477;2021-09-30;9;16;23;30;684;36;3;9;23;517;36;0;36;851;20;88;4;5;5;4;4;4;4;0;0;0;0;0;0;0;0;0;0;0;1;1;0;0;0;0;0;0;0;0;0;0;0;0;0;0;0;1;0;0;0;0;0;0;0;0;0;0;0;0;0;0;0;0;0;0;0;0;0;0;3;0;0;0;1;0;0;0;30;0;CAPANEMA;REGIÃO SUL;48;1
0.18069685783739983;2021-10-31;11;18;21;26;656;32;14;11;21;516;32;0;32;795;164;428;5;4;4;4;5;5;4;0;0;0;0;0;0;0;0;0;0;1;0;1;0;0;0;0;0;0;0;0;0;0;0;0;0;0;0;1;0;0;0;0;0;0;0;0;0;0;0;0;0;0;0;0;0;0;0;0;0;0;3;0;0;0;1;0;0;0;0;0;CAPANEMA;REGIÃO SUL;49;1
0.48888088592779333;2021-11-30;14;21;24;28;729;34;2;14;22;558;34;0;34;899;26;52;4;4;4;5;4;4;5;0;0;0;0;0;0;0;0;0;1;0;0;1;0;0;0;0;0;0;0;0;0;0;0;0;0;0;0;1;0;0;0;0;0;0;0;0;0;0;0;0;0;0;0;0;0;0;0;0;0;0;3;0;0;0;1;0;0;0;0;0;CAPANEMA;REGIÃO SUL;50;4
0.599351760151256;2021-12-31;15;23;26;29;813;36;0;15;23;606;36;0;36;1020;3;6;4;5;5;4;5;4;4;0;0;1;0;0;0;0;0;0;0;0;0;1;0;0;0;0;0;0;0;0;0;0;0;0;0;0;0;1;0;0;0;0;0;0;0;0;0;0;0;0;0;0;0;0;0;0;0;0;0;0;3;0;0;0;1;0;0;0;0;0;CAPANEMA;REGIÃO SUL;51;5
0.4179346358152517;2022-01-31;18;22;27;31;837;38;6;18;24;653;38;0;38;1021;32;182;5;4;4;5;4;5;4;0;0;0;0;1;0;0;0;0;0;0;0;0;1;0;0;0;0;0;0;0;0;0;0;0;0;0;0;1;0;0;0;0;0;0;0;0;0;0;0;0;0;0;0;0;0;0;0;0;0;0;3;0;0;0;1;0;31;0;0;0;CAPANEMA;REGIÃO SUL;52;3
0.6739893760691457;2022-02-28;14;21;26;30;735;36;7;14;24;565;36;0;36;904;83;191;4;4;4;4;4;4;4;0;0;0;1;0;0;0;0;0;0;0;0;0;1;0;0;0;0;0;0;0;0;0;0;0;0;0;0;1;0;0;0;0;0;0;0;0;0;0;0;0;0;0;0;0;0;0;0;0;0;0;3;0;0;0;1;0;0;1;0;0;CAPANEMA;REGIÃO SUL;53;6
0.9845142702800037;2022-03-31;10;15;23;29;726;34;11;10;23;579;34;0;34;872;135;335;4;5;5;4;4;4;5;0;0;0;0;0;0;0;0;1;0;0;0;0;1;0;0;0;0;0;0;0;0;0;0;0;0;0;0;1;0;0;0;0;0;0;0;0;0;0;0;0;0;0;0;0;0;0;0;0;0;0;3;0;0;0;1;0;0;1;0;0;CAPANEMA;REGIÃO SUL;54;6
0.4294588997929234;2022-04-30;8;15;21;26;628;31;17;8;22;496;31;0;31;761;107;506;4;4;4;4;5;5;4;1;0;0;0;0;0;0;0;0;0;0;0;0;1;0;0;0;0;0;0;0;0;0;0;0;0;0;0;1;0;0;0;0;0;0;0;0;0;0;0;0;0;0;0;0;0;0;0;0;0;0;3;0;0;0;1;0;0;1;0;0;CAPANEMA;REGIÃO SUL;55;3
0.4235167011794364;2022-05-31;5;9;16;21;496;27;7;5;19;379;27;0;27;613;60;215;5;4;4;5;4;4;5;0;0;0;0;0;0;0;1;0;0;0;0;0;1;0;0;0;0;0;0;0;0;0;0;0;0;0;0;1;0;0;0;0;0;0;0;0;0;0;0;0;0;0;0;0;0;0;0;0;0;0;3;0;0;0;1;0;0;0;0;0;CAPANEMA;REGIÃO SUL;56;3
0.4159539029440893;2022-06-30;0;7;15;22;463;27;4;0;18;335;27;0;27;590;34;109;4;5;5;4;4;4;4;0;0;0;0;0;0;1;0;0;0;0;0;0;1;0;0;0;0;0;0;0;0;0;0;0;0;0;0;1;0;0;0;0;0;0;0;0;0;0;0;0;0;0;0;0;0;0;0;0;0;0;3;0;0;0;1;0;0;1;0;0;CAPANEMA;REGIÃO SUL;57;3
0.30629332853155666;2022-07-31;5;10;20;23;606;29;2;5;19;442;29;0;29;769;24;51;5;4;4;4;5;5;4;0;0;0;0;0;1;0;0;0;0;0;0;0;1;0;0;0;0;0;0;0;0;0;0;0;0;0;0;1;0;0;0;0;0;0;0;0;0;0;0;0;0;0;0;0;0;0;0;0;0;0;3;0;0;0;1;0;0;0;0;0;CAPANEMA;REGIÃO SUL;58;2
0.45700909336454487;2022-08-31;1;7;17;24;530;30;10;1;19;375;30;0;30;686;63;299;4;5;4;5;4;4;5;0;1;0;0;0;0;0;0;0;0;0;0;0;1;0;0;0;0;0;0;0;0;0;0;0;0;0;0;1;0;0;0;0;0;0;0;0;0;0;0;0;0;0;0;0;0;0;0;0;0;0;3;0;0;0;1;0;0;0;0;0;CAPANEMA;REGIÃO SUL;59;4
0.464571891599892;2022-09-30;5;12;17;26;516;31;11;5;22;381;31;0;31;651;59;335;4;4;5;4;5;4;4;0;0;0;0;0;0;0;0;0;0;0;1;0;1;0;0;0;0;0;0;0;0;0;0;0;0;0;0;1;0;0;0;0;0;0;0;0;0;0;0;0;0;0;0;0;0;0;0;0;0;0;3;0;0;0;1;0;0;0;0;0;CAPANEMA;REGIÃO SUL;60;4
0.4737552894570991;2022-10-31;11;14;20;26;618;33;15;11;20;475;33;0;33;761;76;471;5;4;4;5;4;5;4;0;0;0;0;0;0;0;0;0;0;1;0;0;1;0;0;0;0;0;0;0;0;0;0;0;0;0;0;1;0;0;0;0;0;0;0;0;0;0;0;0;0;0;0;0;0;0;0;0;0;0;3;0;0;0;1;0;0;0;0;0;CAPANEMA;REGIÃO SUL;61;4
0.6617448455928694;2022-11-30;5;12;21;25;626;32;4;5;21;427;32;0;32;825;59;128;4;5;4;4;4;4;5;0;0;0;0;0;0;0;0;0;1;0;0;0;1;0;0;0;0;0;0;0;0;0;0;0;0;0;0;1;0;0;0;0;0;0;0;0;0;0;0;0;0;0;0;0;0;0;0;0;0;0;3;0;0;0;1;0;0;0;0;0;CAPANEMA;REGIÃO SUL;62;6
0.7165751327991358;2022-12-31;12;21;25;29;771;34;4;12;24;580;34;0;34;963;40;131;4;4;5;4;5;5;4;0;0;1;0;0;0;0;0;0;0;0;0;0;1;0;0;0;0;0;0;0;0;0;0;0;0;0;0;1;0;0;0;0;0;0;0;0;0;0;0;0;0;0;0;0;0;0;0;0;0;0;3;0;0;0;1;0;0;0;0;0;CAPANEMA;REGIÃO SUL;63;6
0.5016656162780229;2023-01-31;13;20;25;28;770;35;7;13;23;606;35;0;35;935;38;218;5;4;4;5;4;4;5;0;0;0;0;1;0;0;0;0;0;0;0;0;0;1;0;0;0;0;0;0;0;0;0;0;0;0;0;1;0;0;0;0;0;0;0;0;0;0;0;0;0;0;0;0;0;0;0;0;0;0;3;0;0;0;1;0;31;0;0;0;CAPANEMA;REGIÃO SUL;64;5
0.7294498964616909;2023-02-28;9;16;24;27;666;33;17;9;22;529;33;0;33;803;90;464;4;4;4;4;4;4;4;0;0;0;1;0;0;0;0;0;0;0;0;0;0;1;0;0;0;0;0;0;0;0;0;0;0;0;0;1;0;0;0;0;0;0;0;0;0;0;0;0;0;0;0;0;0;0;0;0;0;0;3;0;0;0;1;0;0;3;0;0;CAPANEMA;REGIÃO SUL;65;6
1.0;2023-03-31;13;20;25;27;764;33;4;13;22;615;33;0;33;912;46;129;4;5;5;4;5;4;4;0;0;0;0;0;0;0;0;1;0;0;0;0;0;1;0;0;0;0;0;0;0;0;0;0;0;0;0;1;0;0;0;0;0;0;0;0;0;0;0;0;0;0;0;0;0;0;0;0;0;0;3;0;0;0;1;0;0;0;0;0;CAPANEMA;REGIÃO SUL;66;6
0.5996218600882327;2023-04-30;9;15;21;25;627;31;4;9;20;485;31;0;31;768;65;112;5;4;4;4;4;5;4;1;0;0;0;0;0;0;0;0;0;0;0;0;0;1;0;0;0;0;0;0;0;0;0;0;0;0;0;1;0;0;0;0;0;0;0;0;0;0;0;0;0;0;0;0;0;0;0;0;0;0;3;0;0;0;1;0;0;1;0;0;CAPANEMA;REGIÃO SUL;67;5
0.5407400738273161;2023-05-31;8;14;19;24;594;28;6;8;21;457;28;0;28;730;59;195;4;5;4;5;4;4;5;0;0;0;0;0;0;0;1;0;0;0;0;0;0;1;0;0;0;0;0;0;0;0;0;0;0;0;0;1;0;0;0;0;0;0;0;0;0;0;0;0;0;0;0;0;0;0;0;0;0;0;3;0;0;0;1;0;0;0;0;0;CAPANEMA;REGIÃO SUL;68;5
0.4780768884487261;2023-06-30;5;8;17;21;513;26;3;5;18;385;26;0;26;641;44;99;4;4;5;4;5;4;4;0;0;0;0;0;0;1;0;0;0;0;0;0;0;1;0;0;0;0;0;0;0;0;0;0;0;0;0;1;0;0;0;0;0;0;0;0;0;0;0;0;0;0;0;0;0;0;0;0;0;0;3;0;0;0;1;0;0;1;0;0;CAPANEMA;REGIÃO SUL;69;4
0.10254794273881337;2023-07-31;4;8;18;22;565;28;4;4;20;428;28;0;28;702;47;122;5;4;4;5;4;5;4;0;0;0;0;0;1;0;0;0;0;0;0;0;0;1;0;0;0;0;0;0;0;0;0;0;0;0;0;1;0;0;0;0;0;0;0;0;0;0;0;0;0;0;0;0;0;0;0;0;0;0;3;0;0;0;1;0;15;0;0;0;CAPANEMA;REGIÃO SUL;70;1
0.398397407040605;2023-08-31;5;11;20;27;614;32;7;5;21;454;32;0;32;774;114;232;4;5;5;4;4;4;5;0;1;0;0;0;0;0;0;0;0;0;0;0;0;1;0;0;0;0;0;0;0;0;0;0;0;0;0;1;0;0;0;0;0;0;0;0;0;0;0;0;0;0;0;0;0;0;0;0;0;0;3;0;0;0;1;0;0;0;0;0;CAPANEMA;REGIÃO SUL;71;3
0.5185918789952283;2023-09-30;7;13;23;30;681;36;9;7;24;533;36;0;36;828;115;268;4;4;4;4;5;5;4;0;0;0;0;0;0;0;0;0;0;0;1;0;0;1;0;0;0;0;0;0;0;0;0;0;0;0;0;1;0;0;0;0;0;0;0;0;0;0;0;0;0;0;0;0;0;0;0;0;0;0;3;0;0;0;1;0;0;0;0;0;CAPANEMA;REGIÃO SUL;72;5
0.4067705050868822;2023-10-31;8;14;22;28;680;35;11;8;22;549;35;0;35;811;132;354;5;4;4;5;4;4;5;0;0;0;0;0;0;0;0;0;0;1;0;0;0;1;0;0;0;0;0;0;0;0;0;0;0;0;0;1;0;0;0;0;0;0;0;0;0;0;0;0;0;0;0;0;0;0;0;0;0;0;3;0;0;0;1;0;0;0;0;0;CAPANEMA;REGIÃO SUL;73;3
0.46187089223012523;2023-11-30;9;15;24;30;710;34;14;9;26;593;34;0;34;827;99;413;4;5;5;4;4;4;4;0;0;0;0;0;0;0;0;0;1;0;0;0;0;1;0;0;0;0;0;0;0;0;0;0;0;0;0;1;0;0;0;0;0;0;0;0;0;0;0;0;0;0;0;0;0;0;0;0;0;0;3;0;0;0;1;0;0;0;0;0;CAPANEMA;REGIÃO SUL;74;4
0.39560637435851265;2023-12-31;15;21;25;29;779;35;9;15;24;645;35;0;35;913;87;280;5;4;4;4;5;5;4;0;0;1;0;0;0;0;0;0;0;0;0;0;0;1;0;0;0;0;0;0;0;0;0;0;0;0;0;1;0;0;0;0;0;0;0;0;0;0;0;0;0;0;0;0;0;0;0;0;0;0;3;0;0;0;1;0;0;0;0;0;CAPANEMA;REGIÃO SUL;75;3
0.3174574592599262;2024-01-31;15;21;25;29;790;35;4;15;24;629;35;0;35;950;53;131;4;5;4;5;4;4;5;0;0;0;0;1;0;0;0;0;0;0;0;0;0;0;1;0;0;0;0;0;0;0;0;0;0;0;0;1;0;0;0;0;0;0;0;0;0;0;0;0;0;0;0;0;0;0;0;0;0;0;3;0;0;0;1;0;31;0;0;0;CAPANEMA;REGIÃO SUL;76;2
0.8125506437381832;2024-02-29;18;23;27;30;778;36;4;18;24;623;36;0;36;932;27;129;4;4;5;4;4;4;4;0;0;0;1;0;0;0;0;0;0;0;0;0;0;0;1;0;0;0;0;0;0;0;0;0;0;0;0;1;0;0;0;0;0;0;0;0;0;0;0;0;0;0;0;0;0;0;0;0;0;0;3;0;0;0;1;0;0;3;0;0;CAPANEMA;REGIÃO SUL;77;6
0.7891419825335374;2024-03-31;17;22;26;29;796;35;3;17;25;646;35;0;35;945;15;83;5;4;4;4;5;5;4;0;0;0;0;0;0;0;0;1;0;0;0;0;0;0;1;0;0;0;0;0;0;0;0;0;0;0;0;1;0;0;0;0;0;0;0;0;0;0;0;0;0;0;0;0;0;0;0;0;0;0;3;0;0;0;1;0;0;1;0;0;CAPANEMA;REGIÃO SUL;78;6
0.33762492122085175;2024-04-30;11;18;24;28;714;33;5;11;24;597;33;0;33;831;40;145;4;4;4;5;4;4;5;1;0;0;0;0;0;0;0;0;0;0;0;0;0;0;1;0;0;0;0;0;0;0;0;0;0;0;0;1;0;0;0;0;0;0;0;0;0;0;0;0;0;0;0;0;0;0;0;0;0;0;3;0;0;0;1;0;0;0;0;0;CAPANEMA;REGIÃO SUL;79;2
0.1862789232015846;2024-05-31;4;9;18;27;570;31;7;4;24;460;31;0;31;679;103;216;4;5;5;4;5;4;4;0;0;0;0;0;0;0;1;0;0;0;0;0;0;0;1;0;0;0;0;0;0;0;0;0;0;0;0;1;0;0;0;0;0;0;0;0;0;0;0;0;0;0;0;0;0;0;0;0;0;0;3;0;0;0;1;0;0;1;0;30;CAPANEMA;REGIÃO SUL;80;1
0.12694697037904024;2024-06-30;2;8;20;24;593;29;1;2;21;472;29;0;29;714;17;32;5;4;4;4;4;5;4;0;0;0;0;0;0;1;0;0;0;0;0;0;0;0;1;0;0;0;0;0;0;0;0;0;0;0;0;1;0;0;0;0;0;0;0;0;0;0;0;0;0;0;0;0;0;0;0;0;0;0;3;0;0;0;1;0;0;0;0;30;CAPANEMA;REGIÃO SUL;81;1
0.3481588187629423;2024-07-31;2;7;16;22;495;27;5;2;19;373;27;0;27;616;36;150;4;5;4;5;4;4;5;0;0;0;0;0;1;0;0;0;0;0;0;0;0;0;1;0;0;0;0;0;0;0;0;0;0;0;0;1;0;0;0;0;0;0;0;0;0;0;0;0;0;0;0;0;0;0;0;0;0;0;3;0;0;0;1;0;12;0;0;0;CAPANEMA;REGIÃO SUL;82;2
0.38165121094805077;2024-08-31;1;8;19;27;575;33;1;1;21;412;33;0;33;738;14;36;4;4;5;4;5;5;4;0;1;0;0;0;0;0;0;0;0;0;0;0;0;0;1;0;0;0;0;0;0;0;0;0;0;0;0;1;0;0;0;0;0;0;0;0;0;0;0;0;0;0;0;0;0;0;0;0;0;0;3;0;0;0;1;0;0;0;0;0;CAPANEMA;REGIÃO SUL;83;2
0.5699108670207977;2024-09-30;8;16;23;30;682;36;1;8;24;523;36;0;36;842;9;35;5;4;4;5;4;4;4;0;0;0;0;0;0;0;0;0;0;0;1;0;0;0;1;0;0;0;0;0;0;0;0;0;0;0;0;1;0;0;0;0;0;0;0;0;0;0;0;0;0;0;0;0;0;0;0;0;0;0;3;0;0;0;1;0;0;0;0;0;CAPANEMA;REGIÃO SUL;84;5
0.822634374718646;2024-10-31;12;19;23;29;723;35;2;12;24;563;35;0;35;884;29;61;4;5;5;4;4;4;5;0;0;0;0;0;0;0;0;0;0;1;0;0;0;0;1;0;0;0;0;0;0;0;0;0;0;0;0;1;0;0;0;0;0;0;0;0;0;0;0;0;0;0;0;0;0;0;0;0;0;0;3;0;0;0;1;0;0;0;0;0;CAPANEMA;REGIÃO SUL;85;6
0.3205543368501688;2017-09-30;10;15;22;25;662;33;3;10;19;473;33;0;33;852;35;101;4;4;4;4;5;5;4;0;0;0;0;0;0;0;0;0;0;0;1;0;0;0;0;0;0;1;0;0;0;0;0;0;0;0;0;0;1;0;0;0;0;0;0;0;0;0;0;0;0;0;0;0;0;0;0;0;0;0;2;0;0;0;0;0;0;0;0;0;CASCAVEL;REGIÃO OESTE;1;2
0.30425850482259126;2017-10-31;6;15;20;27;618;34;23;6;20;461;34;0;34;775;156;725;5;4;4;5;4;4;5;0;0;0;0;0;0;0;0;0;0;1;0;0;0;0;0;0;0;1;0;0;0;0;0;0;0;0;0;0;1;0;0;0;0;0;0;0;0;0;0;0;0;0;0;0;0;0;0;0;0;0;2;0;0;0;0;0;0;0;0;0;CASCAVEL;REGIÃO OESTE;2;2
0.2549531668929977;2017-11-30;10;17;20;24;600;31;5;10;18;427;31;0;31;774;47;145;4;5;5;4;4;4;4;0;0;0;0;0;0;0;0;0;1;0;0;0;0;0;0;0;0;1;0;0;0;0;0;0;0;0;0;0;1;0;0;0;0;0;0;0;0;0;0;0;0;0;0;0;0;0;0;0;0;0;2;0;0;0;0;0;0;0;0;0;CASCAVEL;REGIÃO OESTE;3;2
0.23273790870155647;2017-12-31;15;21;23;26;711;32;4;15;20;560;32;0;32;862;28;130;5;4;4;4;5;5;4;0;0;1;0;0;0;0;0;0;0;0;0;0;0;0;0;0;0;1;0;0;0;0;0;0;0;0;0;0;1;0;0;0;0;0;0;0;0;0;0;0;0;0;0;0;0;0;0;0;0;0;2;0;0;0;0;0;0;0;0;0;CASCAVEL;REGIÃO OESTE;4;2
0.10682823218078624;2018-01-31;15;20;23;25;703;31;7;15;20;570;31;0;31;836;83;230;4;5;4;5;4;4;5;0;0;0;0;1;0;0;0;0;0;0;0;0;0;0;0;0;0;0;1;0;0;0;0;0;0;0;0;0;1;0;0;0;0;0;0;0;0;0;0;0;0;0;0;0;0;0;0;0;0;0;2;0;0;0;0;0;31;0;0;0;CASCAVEL;REGIÃO OESTE;5;1
0.27034367491904315;2018-02-28;14;20;23;25;632;31;4;14;20;485;31;0;31;780;55;125;4;4;4;4;4;4;4;0;0;0;1;0;0;0;0;0;0;0;0;0;0;0;0;0;0;0;1;0;0;0;0;0;0;0;0;0;1;0;0;0;0;0;0;0;0;0;0;0;0;0;0;0;0;0;0;0;0;0;2;0;0;0;1;1;0;3;0;0;CASCAVEL;REGIÃO OESTE;6;2
0.5660364218809846;2018-03-31;9;16;23;26;703;32;9;9;21;559;32;0;32;848;54;276;4;4;5;4;5;5;4;0;0;0;0;0;0;0;0;1;0;0;0;0;0;0;0;0;0;0;1;0;0;0;0;0;0;0;0;0;1;0;0;0;0;0;0;0;0;0;0;0;0;0;0;0;0;0;0;0;0;0;2;0;0;0;1;1;0;1;0;0;CASCAVEL;REGIÃO OESTE;7;5
0.44883178383648453;2018-04-30;14;20;22;24;660;30;1;14;19;488;30;0;30;832;20;32;5;4;4;5;4;4;4;1;0;0;0;0;0;0;0;0;0;0;0;0;0;0;0;0;0;0;1;0;0;0;0;0;0;0;0;0;1;0;0;0;0;0;0;0;0;0;0;0;0;0;0;0;0;0;0;0;0;0;2;0;0;0;1;1;0;0;0;0;CASCAVEL;REGIÃO OESTE;8;4
0.3594832689160486;2018-05-31;4;9;18;23;553;29;4;4;18;391;29;0;29;714;70;115;4;5;5;4;4;4;5;0;0;0;0;0;0;0;1;0;0;0;0;0;0;0;0;0;0;0;1;0;0;0;0;0;0;0;0;0;1;0;0;0;0;0;0;0;0;0;0;0;0;0;0;0;0;0;0;0;0;0;2;0;0;0;1;1;0;1;0;0;CASCAVEL;REGIÃO OESTE;9;3
0.24297503394964998;2018-06-30;1;6;14;22;431;26;3;1;20;297;26;0;26;565;18;81;4;4;4;4;5;5;4;0;0;0;0;0;0;1;0;0;0;0;0;0;0;0;0;0;0;0;1;0;0;0;0;0;0;0;0;0;1;0;0;0;0;0;0;0;0;0;0;0;0;0;0;0;0;0;0;0;0;0;2;0;0;0;1;1;0;0;0;0;CASCAVEL;REGIÃO OESTE;10;2
0.2743131724642222;2018-07-31;2;9;16;22;506;29;0;2;16;333;29;0;29;679;6;7;5;4;4;5;4;4;5;0;0;0;0;0;1;0;0;0;0;0;0;0;0;0;0;0;0;0;1;0;0;0;0;0;0;0;0;0;1;0;0;0;0;0;0;0;0;0;0;0;0;0;0;0;0;0;0;0;0;0;2;0;0;0;1;1;16;0;0;0;CASCAVEL;REGIÃO OESTE;11;2
0.30787980082871963;2018-08-31;1;7;14;23;444;31;4;1;16;262;31;0;31;627;32;122;4;5;5;4;5;4;4;0;1;0;0;0;0;0;0;0;0;0;0;0;0;0;0;0;0;0;1;0;0;0;0;0;0;0;0;0;1;0;0;0;0;0;0;0;0;0;0;0;0;0;0;0;0;0;0;0;0;0;2;0;0;0;1;1;0;0;0;0;CASCAVEL;REGIÃO OESTE;12;2
0.31637591838155926;2018-09-30;5;11;19;26;561;33;10;5;19;404;33;0;33;717;117;286;5;4;4;4;4;5;4;0;0;0;0;0;0;0;0;0;0;0;1;0;0;0;0;0;0;0;1;0;0;0;0;0;0;0;0;0;1;0;0;0;0;0;0;0;0;0;0;0;0;0;0;0;0;0;0;0;0;0;2;0;0;0;1;1;0;0;0;0;CASCAVEL;REGIÃO OESTE;13;2
0.3802360806434764;2018-10-31;10;16;20;23;612;30;8;10;19;495;30;0;30;730;50;245;4;5;4;5;4;4;5;0;0;0;0;0;0;0;0;0;0;1;0;0;0;0;0;0;0;0;1;0;0;0;0;0;0;0;0;0;1;0;0;0;0;0;0;0;0;0;0;0;0;0;0;0;0;0;0;0;0;0;2;0;0;0;1;1;0;0;0;0;CASCAVEL;REGIÃO OESTE;14;3
0.41087781607994706;2018-11-30;14;18;22;26;662;32;4;14;20;509;32;0;32;814;54;118;4;4;5;4;5;4;4;0;0;0;0;0;0;0;0;0;1;0;0;0;0;0;0;0;0;0;1;0;0;0;0;0;0;0;0;0;1;0;0;0;0;0;0;0;0;0;0;0;0;0;0;0;0;0;0;0;0;0;2;0;0;0;1;1;0;0;0;0;CASCAVEL;REGIÃO OESTE;15;3
0.4176329259375326;2018-12-31;10;18;23;26;714;33;3;10;21;526;33;0;33;902;18;81;5;4;4;5;4;5;4;0;0;1;0;0;0;0;0;0;0;0;0;0;0;0;0;0;0;0;1;0;0;0;0;0;0;0;0;0;1;0;0;0;0;0;0;0;0;0;0;0;0;0;0;0;0;0;0;0;0;0;2;0;0;0;1;1;0;0;0;0;CASCAVEL;REGIÃO OESTE;16;3
0.28162540478428916;2019-01-31;16;21;25;28;777;34;4;16;21;611;34;0;34;942;25;130;4;5;5;4;4;4;5;0;0;0;0;1;0;0;0;0;0;0;0;0;0;0;0;0;0;0;0;1;0;0;0;0;0;0;0;0;1;0;0;0;0;0;0;0;0;0;0;0;0;0;0;0;0;0;0;0;0;0;2;0;0;0;1;1;31;0;0;0;CASCAVEL;REGIÃO OESTE;17;2
0.3732720498624604;2019-02-28;14;18;23;27;647;34;5;14;22;501;34;0;34;793;30;128;4;4;4;4;4;4;4;0;0;0;1;0;0;0;0;0;0;0;0;0;0;0;0;0;0;0;0;1;0;0;0;0;0;0;0;0;1;0;0;0;0;0;0;0;0;0;0;0;0;0;0;0;0;0;0;0;0;0;2;0;0;0;2;1;0;0;0;0;CASCAVEL;REGIÃO OESTE;18;3
0.6090741321076638;2019-03-31;12;19;21;25;665;31;6;12;19;515;31;0;31;814;47;195;5;4;4;4;5;5;4;0;0;0;0;0;0;0;0;1;0;0;0;0;0;0;0;0;0;0;0;1;0;0;0;0;0;0;0;0;1;0;0;0;0;0;0;0;0;0;0;0;0;0;0;0;0;0;0;0;0;0;2;0;0;0;2;1;0;3;0;0;CASCAVEL;REGIÃO OESTE;19;6
0.6005083742470141;2019-04-30;11;17;21;24;619;29;2;11;19;484;29;0;29;755;23;74;4;4;4;5;4;4;5;1;0;0;0;0;0;0;0;0;0;0;0;0;0;0;0;0;0;0;0;1;0;0;0;0;0;0;0;0;1;0;0;0;0;0;0;0;0;0;0;0;0;0;0;0;0;0;0;0;0;0;2;0;0;0;2;1;0;1;0;0;CASCAVEL;REGIÃO OESTE;20;6
0.47125596295135624;2019-05-31;8;11;18;23;562;28;8;8;18;450;28;0;28;674;52;236;4;5;5;4;5;4;4;0;0;0;0;0;0;0;1;0;0;0;0;0;0;0;0;0;0;0;0;1;0;0;0;0;0;0;0;0;1;0;0;0;0;0;0;0;0;0;0;0;0;0;0;0;0;0;0;0;0;0;2;0;0;0;2;1;0;0;0;0;CASCAVEL;REGIÃO OESTE;21;4
0.3932588182039764;2019-06-30;7;10;18;22;545;28;0;7;16;387;28;0;28;704;3;7;5;4;4;4;4;5;4;0;0;0;0;0;0;1;0;0;0;0;0;0;0;0;0;0;0;0;0;1;0;0;0;0;0;0;0;0;1;0;0;0;0;0;0;0;0;0;0;0;0;0;0;0;0;0;0;0;0;0;2;0;0;0;2;1;0;1;0;0;CASCAVEL;REGIÃO OESTE;22;3
0.35432988613809674;2019-07-31;-3;4;14;22;449;27;3;-3;17;288;27;0;27;610;44;91;4;5;4;5;4;4;5;0;0;0;0;0;1;0;0;0;0;0;0;0;0;0;0;0;0;0;0;1;0;0;0;0;0;0;0;0;1;0;0;0;0;0;0;0;0;0;0;0;0;0;0;0;0;0;0;0;0;0;2;0;0;0;2;1;16;0;0;0;CASCAVEL;REGIÃO OESTE;23;3
0.44729969706466094;2019-08-31;0;7;17;23;526;32;0;0;17;316;32;0;32;737;2;7;4;4;5;4;5;5;4;0;1;0;0;0;0;0;0;0;0;0;0;0;0;0;0;0;0;0;0;1;0;0;0;0;0;0;0;0;1;0;0;0;0;0;0;0;0;0;0;0;0;0;0;0;0;0;0;0;0;0;2;0;0;0;2;1;0;0;0;0;CASCAVEL;REGIÃO OESTE;24;4
0.5233469131933564;2019-09-30;5;14;21;28;618;36;1;5;20;429;36;0;36;807;30;43;5;4;4;5;4;4;4;0;0;0;0;0;0;0;0;0;0;0;1;0;0;0;0;0;0;0;0;1;0;0;0;0;0;0;0;0;1;0;0;0;0;0;0;0;0;0;0;0;0;0;0;0;0;0;0;0;0;0;2;0;0;0;2;1;0;0;0;0;CASCAVEL;REGIÃO OESTE;25;5
0.5521780006267627;2019-10-31;10;16;23;29;722;36;3;10;23;536;36;0;36;907;18;83;4;5;5;4;4;4;5;0;0;0;0;0;0;0;0;0;0;1;0;0;0;0;0;0;0;0;0;1;0;0;0;0;0;0;0;0;1;0;0;0;0;0;0;0;0;0;0;0;0;0;0;0;0;0;0;0;0;0;2;0;0;0;2;1;0;0;0;0;CASCAVEL;REGIÃO OESTE;26;5
0.5122044639437306;2019-11-30;12;20;23;27;697;33;7;12;21;536;33;0;33;859;107;221;4;4;4;4;5;5;4;0;0;0;0;0;0;0;0;0;1;0;0;0;0;0;0;0;0;0;0;1;0;0;0;0;0;0;0;0;1;0;0;0;0;0;0;0;0;0;0;0;0;0;0;0;0;0;0;0;0;0;2;0;0;0;2;1;0;0;0;0;CASCAVEL;REGIÃO OESTE;27;5
0.4080225634597305;2019-12-31;11;18;22;26;681;33;9;11;21;518;33;0;33;845;128;270;5;4;4;5;4;4;5;0;0;1;0;0;0;0;0;0;0;0;0;0;0;0;0;0;0;0;0;1;0;0;0;0;0;0;0;0;1;0;0;0;0;0;0;0;0;0;0;0;0;0;0;0;0;0;0;0;0;0;2;0;0;0;2;1;0;0;0;0;CASCAVEL;REGIÃO OESTE;28;3
0.3693025523172812;2020-01-31;16;18;24;26;734;32;3;16;22;590;32;0;32;877;18;96;4;5;5;4;5;4;4;0;0;0;0;1;0;0;0;0;0;0;0;0;0;0;0;0;0;0;0;0;1;0;0;0;0;0;0;0;1;0;0;0;0;0;0;0;0;0;0;0;0;0;0;0;0;0;0;0;0;0;2;0;0;0;2;1;31;0;0;0;CASCAVEL;REGIÃO OESTE;29;3
0.563181169260768;2020-02-29;11;18;24;26;682;32;1;11;21;527;32;0;32;837;7;33;4;4;4;4;4;5;4;0;0;0;1;0;0;0;0;0;0;0;0;0;0;0;0;0;0;0;0;0;1;0;0;0;0;0;0;0;1;0;0;0;0;0;0;0;0;0;0;0;0;0;0;0;0;0;0;0;0;0;3;0;0;0;2;1;0;3;0;0;CASCAVEL;REGIÃO OESTE;30;5
0.4729969706466102;2020-03-31;12;19;23;27;716;34;2;12;20;526;34;0;34;907;31;50;5;4;4;5;4;4;5;0;0;0;0;0;0;0;0;1;0;0;0;0;0;0;0;0;0;0;0;0;1;0;0;0;0;0;0;0;1;0;0;0;0;0;0;0;0;0;0;0;0;0;0;0;0;0;0;0;0;0;3;0;0;0;2;1;0;0;15;0;CASCAVEL;REGIÃO OESTE;31;4
0.06239771579790382;2020-04-30;4;12;19;25;564;32;3;4;19;365;32;0;32;763;45;83;4;5;5;4;4;4;4;1;0;0;0;0;0;0;0;0;0;0;0;0;0;0;0;0;0;0;0;0;1;0;0;0;0;0;0;0;1;0;0;0;0;0;0;0;0;0;0;0;0;0;0;0;0;0;0;0;0;0;3;0;0;0;2;1;0;1;30;0;CASCAVEL;REGIÃO OESTE;32;0
0.07138131550541449;2020-05-31;2;9;15;21;473;27;7;2;17;290;27;0;27;656;102;206;5;4;4;4;5;5;4;0;0;0;0;0;0;0;1;0;0;0;0;0;0;0;0;0;0;0;0;0;1;0;0;0;0;0;0;0;1;0;0;0;0;0;0;0;0;0;0;0;0;0;0;0;0;0;0;0;0;0;3;0;0;0;2;1;0;0;31;0;CASCAVEL;REGIÃO OESTE;33;1
0.04791253177339044;2020-06-30;4;10;17;24;519;29;4;4;19;373;29;0;29;664;54;134;4;4;4;5;4;4;5;0;0;0;0;0;0;1;0;0;0;0;0;0;0;0;0;0;0;0;0;0;1;0;0;0;0;0;0;0;1;0;0;0;0;0;0;0;0;0;0;0;0;0;0;0;0;0;0;0;0;0;3;0;0;0;2;1;0;1;30;0;CASCAVEL;REGIÃO OESTE;34;0
0.053831957937254094;2020-07-31;1;8;16;22;497;27;2;1;17;336;27;0;27;657;43;76;4;5;5;4;5;4;4;0;0;0;0;0;1;0;0;0;0;0;0;0;0;0;0;0;0;0;0;0;1;0;0;0;0;0;0;0;1;0;0;0;0;0;0;0;0;0;0;0;0;0;0;0;0;0;0;0;0;0;3;0;0;0;2;1;0;0;31;0;CASCAVEL;REGIÃO OESTE;35;0
0.05961210348549739;2020-08-31;0;5;18;24;561;30;9;0;18;398;30;0;30;725;102;293;5;4;4;5;4;5;4;0;1;0;0;0;0;0;0;0;0;0;0;0;0;0;0;0;0;0;0;0;1;0;0;0;0;0;0;0;1;0;0;0;0;0;0;0;0;0;0;0;0;0;0;0;0;0;0;0;0;0;3;0;0;0;2;1;0;0;31;0;CASCAVEL;REGIÃO OESTE;36;0
0.07347052473971932;2020-09-30;10;17;22;30;665;37;1;10;22;491;37;0;37;839;17;43;4;5;4;4;4;4;5;0;0;0;0;0;0;0;0;0;0;0;1;0;0;0;0;0;0;0;0;0;1;0;0;0;0;0;0;0;1;0;0;0;0;0;0;0;0;0;0;0;0;0;0;0;0;0;0;0;0;0;3;0;0;0;2;1;0;0;30;0;CASCAVEL;REGIÃO OESTE;37;1
0.14896061840593333;2020-10-31;11;18;24;30;730;37;2;11;24;547;37;0;37;912;32;59;4;4;5;4;5;5;4;0;0;0;0;0;0;0;0;0;0;1;0;0;0;0;0;0;0;0;0;0;1;0;0;0;0;0;0;0;1;0;0;0;0;0;0;0;0;0;0;0;0;0;0;0;0;0;0;0;0;0;3;0;0;0;2;1;0;0;31;0;CASCAVEL;REGIÃO OESTE;38;1
0.09505902016086909;2020-11-30;10;17;23;27;676;35;2;10;21;492;35;0;35;860;13;69;5;4;4;5;4;4;4;0;0;0;0;0;0;0;0;0;1;0;0;0;0;0;0;0;0;0;0;0;1;0;0;0;0;0;0;0;1;0;0;0;0;0;0;0;0;0;0;0;0;0;0;0;0;0;0;0;0;0;3;0;0;0;2;1;0;0;30;0;CASCAVEL;REGIÃO OESTE;39;1
0.06044778717921934;2020-12-31;14;20;23;26;722;31;6;14;20;569;31;0;31;874;80;199;4;5;5;4;4;4;5;0;0;1;0;0;0;0;0;0;0;0;0;0;0;0;0;0;0;0;0;0;1;0;0;0;0;0;0;0;1;0;0;0;0;0;0;0;0;0;0;0;0;0;0;0;0;0;0;0;0;0;3;0;0;0;2;1;0;0;31;0;CASCAVEL;REGIÃO OESTE;40;0
0.043176990842299534;2021-01-31;18;19;23;25;713;31;8;18;21;593;31;0;31;833;75;236;5;4;4;4;5;5;4;0;0;0;0;1;0;0;0;0;0;0;0;1;0;0;0;0;0;0;0;0;0;0;0;0;0;0;0;0;1;0;0;0;0;0;0;0;0;0;0;0;0;0;0;0;0;0;0;0;0;0;3;0;0;0;2;1;0;0;31;0;CASCAVEL;REGIÃO OESTE;41;0
0.043943034228211275;2021-02-28;13;20;23;27;654;34;2;13;21;499;34;0;34;808;23;69;4;4;4;4;4;4;4;0;0;0;1;0;0;0;0;0;0;0;0;1;0;0;0;0;0;0;0;0;0;0;0;0;0;0;0;0;1;0;0;0;0;0;0;0;0;0;0;0;0;0;0;0;0;0;0;0;0;0;3;0;0;0;2;1;0;3;28;0;CASCAVEL;REGIÃO OESTE;42;0
0.06476548626344925;2021-03-31;13;19;24;27;736;34;2;13;21;569;34;0;34;903;13;73;4;5;4;5;4;4;5;0;0;0;0;0;0;0;0;1;0;0;0;1;0;0;0;0;0;0;0;0;0;0;0;0;0;0;0;0;1;0;0;0;0;0;0;0;0;0;0;0;0;0;0;0;0;0;0;0;0;0;3;0;0;0;2;1;0;0;31;0;CASCAVEL;REGIÃO OESTE;43;1
0.03029353389741979;2021-04-30;8;15;21;26;634;31;0;8;20;466;31;0;31;801;10;13;4;4;5;4;5;4;4;1;0;0;0;0;0;0;0;0;0;0;0;1;0;0;0;0;0;0;0;0;0;0;0;0;0;0;0;0;1;0;0;0;0;0;0;0;0;0;0;0;0;0;0;0;0;0;0;0;0;0;3;0;0;0;2;1;0;1;30;0;CASCAVEL;REGIÃO OESTE;44;0
0.0;2021-05-31;4;10;18;24;547;29;1;4;18;372;29;0;29;722;12;39;5;4;4;5;4;5;4;0;0;0;0;0;0;0;1;0;0;0;0;1;0;0;0;0;0;0;0;0;0;0;0;0;0;0;0;0;1;0;0;0;0;0;0;0;0;0;0;0;0;0;0;0;0;0;0;0;0;0;3;0;0;0;2;1;0;0;31;0;CASCAVEL;REGIÃO OESTE;45;0
0.005223023085762002;2021-06-30;-1;5;16;23;468;29;4;-1;17;339;29;0;29;596;42;114;4;5;4;4;4;4;5;0;0;0;0;0;0;1;0;0;0;0;0;1;0;0;0;0;0;0;0;0;0;0;0;0;0;0;0;0;1;0;0;0;0;0;0;0;0;0;0;0;0;0;0;0;0;0;0;0;0;0;3;0;0;0;2;1;0;1;30;0;CASCAVEL;REGIÃO OESTE;46;0
0.01511194679480482;2021-07-31;-2;6;15;23;472;29;1;-2;17;275;29;0;29;670;16;33;4;4;5;4;5;5;4;0;0;0;0;0;1;0;0;0;0;0;0;1;0;0;0;0;0;0;0;0;0;0;0;0;0;0;0;0;1;0;0;0;0;0;0;0;0;0;0;0;0;0;0;0;0;0;0;0;0;0;3;0;0;0;2;1;0;0;31;0;CASCAVEL;REGIÃO OESTE;47;0
0.025906194505379676;2021-08-31;5;13;20;26;609;34;2;5;21;429;34;0;34;788;22;70;5;4;4;5;4;4;5;0;1;0;0;0;0;0;0;0;0;0;0;1;0;0;0;0;0;0;0;0;0;0;0;0;0;0;0;0;1;0;0;0;0;0;0;0;0;0;0;0;0;0;0;0;0;0;0;0;0;0;3;0;0;0;2;1;0;0;31;0;CASCAVEL;REGIÃO OESTE;48;0
0.055364044709077576;2021-09-30;8;15;23;30;685;36;3;8;23;519;36;0;36;851;21;86;4;5;5;4;4;4;4;0;0;0;0;0;0;0;0;0;0;0;1;1;0;0;0;0;0;0;0;0;0;0;0;0;0;0;0;0;1;0;0;0;0;0;0;0;0;0;0;0;0;0;0;0;0;0;0;0;0;0;3;0;0;0;2;1;0;0;30;0;CASCAVEL;REGIÃO OESTE;49;0
0.2050907065009227;2021-10-31;11;17;21;26;650;32;17;11;21;510;32;0;32;789;88;530;5;4;4;4;5;5;4;0;0;0;0;0;0;0;0;0;0;1;0;1;0;0;0;0;0;0;0;0;0;0;0;0;0;0;0;0;1;0;0;0;0;0;0;0;0;0;0;0;0;0;0;0;0;0;0;0;0;0;3;0;0;0;2;1;0;0;0;0;CASCAVEL;REGIÃO OESTE;50;1
0.5129008670218322;2021-11-30;14;21;24;27;716;34;3;14;21;544;34;0;34;887;44;99;4;4;4;5;4;4;5;0;0;0;0;0;0;0;0;0;1;0;0;1;0;0;0;0;0;0;0;0;0;0;0;0;0;0;0;0;1;0;0;0;0;0;0;0;0;0;0;0;0;0;0;0;0;0;0;0;0;0;3;0;0;0;2;1;0;0;0;0;CASCAVEL;REGIÃO OESTE;51;5
0.5936836240816183;2021-12-31;14;22;26;28;801;36;0;14;23;595;36;0;36;1007;5;11;4;5;5;4;5;4;4;0;0;1;0;0;0;0;0;0;0;0;0;1;0;0;0;0;0;0;0;0;0;0;0;0;0;0;0;0;1;0;0;0;0;0;0;0;0;0;0;0;0;0;0;0;0;0;0;0;0;0;3;0;0;0;2;1;0;0;0;0;CASCAVEL;REGIÃO OESTE;52;6
0.3216685817751314;2022-01-31;17;23;27;30;822;37;7;17;24;641;37;0;37;1003;34;218;5;4;4;5;4;5;4;0;0;0;0;1;0;0;0;0;0;0;0;0;1;0;0;0;0;0;0;0;0;0;0;0;0;0;0;0;1;0;0;0;0;0;0;0;0;0;0;0;0;0;0;0;0;0;0;0;0;0;3;0;0;0;2;1;31;0;0;0;CASCAVEL;REGIÃO OESTE;53;2
0.19993732372297085;2022-02-28;13;21;26;29;722;35;7;13;23;550;35;0;35;895;79;185;4;4;4;4;4;4;4;0;0;0;1;0;0;0;0;0;0;0;0;0;1;0;0;0;0;0;0;0;0;0;0;0;0;0;0;0;1;0;0;0;0;0;0;0;0;0;0;0;0;0;0;0;0;0;0;0;0;0;3;0;0;0;2;1;0;1;0;0;CASCAVEL;REGIÃO OESTE;54;1
0.7966154810404262;2022-03-31;10;15;23;28;715;34;7;10;23;567;34;0;34;863;60;228;4;5;5;4;4;4;5;0;0;0;0;0;0;0;0;1;0;0;0;0;1;0;0;0;0;0;0;0;0;0;0;0;0;0;0;0;1;0;0;0;0;0;0;0;0;0;0;0;0;0;0;0;0;0;0;0;0;0;4;0;0;0;2;1;0;1;0;0;CASCAVEL;REGIÃO OESTE;55;6
0.4732058915700407;2022-04-30;8;15;21;26;621;31;16;8;21;484;31;0;31;757;150;489;4;4;4;4;5;5;4;1;0;0;0;0;0;0;0;0;0;0;0;0;1;0;0;0;0;0;0;0;0;0;0;0;0;0;0;0;1;0;0;0;0;0;0;0;0;0;0;0;0;0;0;0;0;0;0;0;0;0;4;0;0;0;2;1;0;1;0;0;CASCAVEL;REGIÃO OESTE;56;4
0.49221769560221457;2022-05-31;4;8;15;21;469;26;5;4;18;353;26;0;26;585;49;148;5;4;4;5;4;4;5;0;0;0;0;0;0;0;1;0;0;0;0;0;1;0;0;0;0;0;0;0;0;0;0;0;0;0;0;0;1;0;0;0;0;0;0;0;0;0;0;0;0;0;0;0;0;0;0;0;0;0;4;0;0;0;2;1;0;0;0;0;CASCAVEL;REGIÃO OESTE;57;4
0.44813538075838294;2022-06-30;0;7;15;21;445;26;6;0;16;317;26;0;26;573;69;182;4;5;5;4;4;4;4;0;0;0;0;0;0;1;0;0;0;0;0;0;1;0;0;0;0;0;0;0;0;0;0;0;0;0;0;0;1;0;0;0;0;0;0;0;0;0;0;0;0;0;0;0;0;0;0;0;0;0;4;0;0;0;2;1;0;1;0;0;CASCAVEL;REGIÃO OESTE;58;4
0.32814513040147636;2022-07-31;4;10;19;22;585;28;2;4;18;422;28;0;28;747;26;59;5;4;4;4;5;5;4;0;0;0;0;0;1;0;0;0;0;0;0;0;1;0;0;0;0;0;0;0;0;0;0;0;0;0;0;0;1;0;0;0;0;0;0;0;0;0;0;0;0;0;0;0;0;0;0;0;0;0;4;0;0;0;2;1;0;0;0;0;CASCAVEL;REGIÃO OESTE;59;3
0.4641526515547198;2022-08-31;1;7;16;23;508;29;12;1;17;354;29;0;29;661;104;360;4;5;4;5;4;4;5;0;1;0;0;0;0;0;0;0;0;0;0;0;1;0;0;0;0;0;0;0;0;0;0;0;0;0;0;0;1;0;0;0;0;0;0;0;0;0;0;0;0;0;0;0;0;0;0;0;0;0;4;0;0;0;2;1;0;0;0;0;CASCAVEL;REGIÃO OESTE;60;4
0.44395696228977327;2022-09-30;4;11;16;25;492;30;16;4;21;363;30;0;30;622;73;481;4;4;5;4;5;4;4;0;0;0;0;0;0;0;0;0;0;0;1;0;1;0;0;0;0;0;0;0;0;0;0;0;0;0;0;0;1;0;0;0;0;0;0;0;0;0;0;0;0;0;0;0;0;0;0;0;0;0;4;0;0;0;2;1;0;0;0;0;CASCAVEL;REGIÃO OESTE;61;4
0.4986942442285594;2022-10-31;10;14;19;25;593;31;16;10;19;455;31;0;31;731;159;494;5;4;4;5;4;5;4;0;0;0;0;0;0;0;0;0;0;1;0;0;1;0;0;0;0;0;0;0;0;0;0;0;0;0;0;0;1;0;0;0;0;0;0;0;0;0;0;0;0;0;0;0;0;0;0;0;0;0;4;0;0;0;2;1;0;0;0;0;CASCAVEL;REGIÃO OESTE;62;4
0.5358821685991852;2022-11-30;4;11;20;24;595;31;5;4;20;403;31;0;31;787;64;138;4;5;4;4;4;4;5;0;0;0;0;0;0;0;0;0;1;0;0;0;1;0;0;0;0;0;0;0;0;0;0;0;0;0;0;0;1;0;0;0;0;0;0;0;0;0;0;0;0;0;0;0;0;0;0;0;0;0;4;0;0;0;2;1;0;0;0;0;CASCAVEL;REGIÃO OESTE;63;5
0.541871235070859;2022-12-31;13;21;24;28;735;33;3;13;23;554;33;0;33;916;29;106;4;4;5;4;5;5;4;0;0;1;0;0;0;0;0;0;0;0;0;0;1;0;0;0;0;0;0;0;0;0;0;0;0;0;0;0;1;0;0;0;0;0;0;0;0;0;0;0;0;0;0;0;0;0;0;0;0;0;4;0;0;0;2;1;0;0;0;0;CASCAVEL;REGIÃO OESTE;64;5
0.20724955604303769;2023-01-31;14;20;24;27;732;33;6;14;22;576;33;0;33;888;32;184;5;4;4;5;4;4;5;0;0;0;0;1;0;0;0;0;0;0;0;0;0;1;0;0;0;0;0;0;0;0;0;0;0;0;0;0;1;0;0;0;0;0;0;0;0;0;0;0;0;0;0;0;0;0;0;0;0;0;4;0;0;0;2;1;31;0;0;0;CASCAVEL;REGIÃO OESTE;65;1
0.4397785438211636;2023-02-28;8;15;23;26;631;32;16;8;21;500;32;0;32;761;70;439;4;4;4;4;4;4;4;0;0;0;1;0;0;0;0;0;0;0;0;0;0;1;0;0;0;0;0;0;0;0;0;0;0;0;0;0;1;0;0;0;0;0;0;0;0;0;0;0;0;0;0;0;0;0;0;0;0;0;4;0;0;0;2;1;0;3;0;0;CASCAVEL;REGIÃO OESTE;66;3
0.8721752150144504;2023-03-31;14;20;23;26;727;31;5;14;21;585;31;0;31;869;70;165;4;5;5;4;5;4;4;0;0;0;0;0;0;0;0;1;0;0;0;0;0;1;0;0;0;0;0;0;0;0;0;0;0;0;0;0;1;0;0;0;0;0;0;0;0;0;0;0;0;0;0;0;0;0;0;0;0;0;4;0;0;0;2;1;0;0;0;0;CASCAVEL;REGIÃO OESTE;67;6
0.48365193774156473;2023-04-30;9;14;20;24;601;30;4;9;19;460;30;0;30;741;29;124;5;4;4;4;4;5;4;1;0;0;0;0;0;0;0;0;0;0;0;0;0;1;0;0;0;0;0;0;0;0;0;0;0;0;0;0;1;0;0;0;0;0;0;0;0;0;0;0;0;0;0;0;0;0;0;0;0;0;4;0;0;0;2;1;0;1;0;0;CASCAVEL;REGIÃO OESTE;68;4
0.5051707928549043;2023-05-31;7;13;18;23;568;27;5;7;20;432;27;0;27;703;36;157;4;5;4;5;4;4;5;0;0;0;0;0;0;0;1;0;0;0;0;0;0;1;0;0;0;0;0;0;0;0;0;0;0;0;0;0;1;0;0;0;0;0;0;0;0;0;0;0;0;0;0;0;0;0;0;0;0;0;4;0;0;0;2;1;0;0;0;0;CASCAVEL;REGIÃO OESTE;69;5
0.5045440300846129;2023-06-30;5;7;16;20;492;26;2;5;17;362;26;0;26;622;30;57;4;4;5;4;5;4;4;0;0;0;0;0;0;1;0;0;0;0;0;0;0;1;0;0;0;0;0;0;0;0;0;0;0;0;0;0;1;0;0;0;0;0;0;0;0;0;0;0;0;0;0;0;0;0;0;0;0;0;4;0;0;0;2;1;0;1;0;0;CASCAVEL;REGIÃO OESTE;70;4
0.2763327413907169;2023-07-31;4;8;18;22;544;27;6;4;19;406;27;0;27;681;42;176;5;4;4;5;4;5;4;0;0;0;0;0;1;0;0;0;0;0;0;0;0;1;0;0;0;0;0;0;0;0;0;0;0;0;0;0;1;0;0;0;0;0;0;0;0;0;0;0;0;0;0;0;0;0;0;0;0;0;4;0;0;0;2;1;15;0;0;0;CASCAVEL;REGIÃO OESTE;71;2
0.5807305268289285;2023-08-31;5;11;19;26;592;31;6;5;21;434;31;0;31;750;84;200;4;5;5;4;4;4;5;0;1;0;0;0;0;0;0;0;0;0;0;0;0;1;0;0;0;0;0;0;0;0;0;0;0;0;0;0;1;0;0;0;0;0;0;0;0;0;0;0;0;0;0;0;0;0;0;0;0;0;4;0;0;0;2;1;0;0;0;0;CASCAVEL;REGIÃO OESTE;72;5
0.7573383474354956;2023-09-30;7;13;22;29;659;35;7;7;24;519;35;0;35;798;87;205;4;4;4;4;5;5;4;0;0;0;0;0;0;0;0;0;0;0;1;0;0;1;0;0;0;0;0;0;0;0;0;0;0;0;0;0;1;0;0;0;0;0;0;0;0;0;0;0;0;0;0;0;0;0;0;0;0;0;4;0;0;0;2;1;0;0;0;0;CASCAVEL;REGIÃO OESTE;73;6
0.6627668094292976;2023-10-31;9;14;21;27;660;34;9;9;21;532;34;0;34;788;74;274;5;4;4;5;4;4;5;0;0;0;0;0;0;0;0;0;0;1;0;0;0;1;0;0;0;0;0;0;0;0;0;0;0;0;0;0;1;0;0;0;0;0;0;0;0;0;0;0;0;0;0;0;0;0;0;0;0;0;4;0;0;0;2;1;0;0;0;0;CASCAVEL;REGIÃO OESTE;74;6
0.6883944427034367;2023-11-30;9;14;23;29;679;33;11;9;26;564;33;0;33;795;50;324;4;5;5;4;4;4;4;0;0;0;0;0;0;0;0;0;1;0;0;0;0;1;0;0;0;0;0;0;0;0;0;0;0;0;0;0;1;0;0;0;0;0;0;0;0;0;0;0;0;0;0;0;0;0;0;0;0;0;4;0;0;0;2;1;0;0;0;0;CASCAVEL;REGIÃO OESTE;75;6
0.5483477836972039;2023-12-31;15;20;24;28;748;34;6;15;23;617;34;0;34;879;61;198;5;4;4;4;5;5;4;0;0;1;0;0;0;0;0;0;0;0;0;0;0;1;0;0;0;0;0;0;0;0;0;0;0;0;0;0;1;0;0;0;0;0;0;0;0;0;0;0;0;0;0;0;0;0;0;0;0;0;4;0;0;0;2;1;0;0;0;0;CASCAVEL;REGIÃO OESTE;76;5
0.20940840558515267;2024-01-31;14;20;24;28;752;34;8;14;23;598;34;0;34;905;58;237;4;5;4;5;4;4;5;0;0;0;0;1;0;0;0;0;0;0;0;0;0;0;1;0;0;0;0;0;0;0;0;0;0;0;0;0;1;0;0;0;0;0;0;0;0;0;0;0;0;0;0;0;0;0;0;0;0;0;3;0;0;0;2;1;31;0;0;0;CASCAVEL;REGIÃO OESTE;77;1
0.805181238901076;2024-02-29;17;22;26;28;740;34;7;17;23;592;34;0;34;889;52;201;4;4;5;4;4;4;4;0;0;0;1;0;0;0;0;0;0;0;0;0;0;0;1;0;0;0;0;0;0;0;0;0;0;0;0;0;1;0;0;0;0;0;0;0;0;0;0;0;0;0;0;0;0;0;0;0;0;0;3;0;0;0;2;1;0;3;0;0;CASCAVEL;REGIÃO OESTE;78;6
1.0;2024-03-31;16;21;25;28;761;34;4;16;24;616;34;0;34;907;53;113;5;4;4;4;5;5;4;0;0;0;0;0;0;0;0;1;0;0;0;0;0;0;1;0;0;0;0;0;0;0;0;0;0;0;0;0;1;0;0;0;0;0;0;0;0;0;0;0;0;0;0;0;0;0;0;0;0;0;3;0;0;0;2;1;0;1;0;0;CASCAVEL;REGIÃO OESTE;79;6
0.5672203071137574;2024-04-30;10;17;23;27;686;32;4;10;22;565;32;0;32;806;23;121;4;4;4;5;4;4;5;1;0;0;0;0;0;0;0;0;0;0;0;0;0;0;1;0;0;0;0;0;0;0;0;0;0;0;0;0;1;0;0;0;0;0;0;0;0;0;0;0;0;0;0;0;0;0;0;0;0;0;3;0;0;0;2;1;0;0;0;0;CASCAVEL;REGIÃO OESTE;80;5
0.17486681291131306;2024-05-31;4;8;18;26;546;30;3;4;23;434;30;0;30;658;31;83;4;5;5;4;5;4;4;0;0;0;0;0;0;0;1;0;0;0;0;0;0;0;1;0;0;0;0;0;0;0;0;0;0;0;0;0;1;0;0;0;0;0;0;0;0;0;0;0;0;0;0;0;0;0;0;0;0;0;3;0;0;0;2;1;0;1;0;30;CASCAVEL;REGIÃO OESTE;81;1
0.09088060169225948;2024-06-30;2;7;19;23;577;28;1;2;21;452;28;0;28;702;15;22;5;4;4;4;4;5;4;0;0;0;0;0;0;1;0;0;0;0;0;0;0;0;1;0;0;0;0;0;0;0;0;0;0;0;0;0;1;0;0;0;0;0;0;0;0;0;0;0;0;0;0;0;0;0;0;0;0;0;3;0;0;0;2;1;0;0;0;30;CASCAVEL;REGIÃO OESTE;82;1
0.3821163689543507;2024-07-31;2;7;15;21;474;26;6;2;18;351;26;0;26;597;42;174;4;5;4;5;4;4;5;0;0;0;0;0;1;0;0;0;0;0;0;0;0;0;1;0;0;0;0;0;0;0;0;0;0;0;0;0;1;0;0;0;0;0;0;0;0;0;0;0;0;0;0;0;0;0;0;0;0;0;3;0;0;0;2;1;12;0;0;0;CASCAVEL;REGIÃO OESTE;83;3
0.5828893763710434;2024-08-31;1;7;18;26;554;32;1;1;20;392;32;0;32;716;12;24;4;4;5;4;5;5;4;0;1;0;0;0;0;0;0;0;0;0;0;0;0;0;1;0;0;0;0;0;0;0;0;0;0;0;0;0;1;0;0;0;0;0;0;0;0;0;0;0;0;0;0;0;0;0;0;0;0;0;3;0;0;0;2;1;0;0;0;0;CASCAVEL;REGIÃO OESTE;84;6
0.7155541627493993;2024-09-30;8;15;22;29;657;34;2;8;23;499;34;0;34;815;35;63;5;4;4;5;4;4;4;0;0;0;0;0;0;0;0;0;0;0;1;0;0;0;1;0;0;0;0;0;0;0;0;0;0;0;0;0;1;0;0;0;0;0;0;0;0;0;0;0;0;0;0;0;0;0;0;0;0;0;3;0;0;0;2;1;0;0;0;0;CASCAVEL;REGIÃO OESTE;85;6
0.9498937985305895;2024-10-31;11;19;23;28;700;34;2;11;24;543;34;0;34;857;20;69;4;5;5;4;4;4;5;0;0;0;0;0;0;0;0;0;0;1;0;0;0;0;1;0;0;0;0;0;0;0;0;0;0;0;0;0;1;0;0;0;0;0;0;0;0;0;0;0;0;0;0;0;0;0;0;0;0;0;3;0;0;0;2;1;0;0;0;0;CASCAVEL;REGIÃO OESTE;86;6
0.37838931606636994;2017-08-31;2;9;16;21;487;28;6;2;14;287;28;0;28;687;69;179;4;5;5;4;4;4;5;0;1;0;0;0;0;0;0;0;0;0;0;0;0;0;0;0;0;1;0;0;0;0;0;0;0;0;0;0;0;0;1;0;0;0;0;0;0;0;0;0;0;0;0;0;0;0;0;0;0;0;1;0;0;0;0;0;0;0;0;0;CORONEL VIVIDA;REGIÃO SUL;1;2
0.41157426143261844;2017-09-30;11;16;20;23;598;33;2;11;16;388;33;0;33;809;29;62;4;4;4;4;5;5;4;0;0;0;0;0;0;0;0;0;0;0;1;0;0;0;0;0;0;1;0;0;0;0;0;0;0;0;0;0;0;0;1;0;0;0;0;0;0;0;0;0;0;0;0;0;0;0;0;0;0;0;1;0;0;0;0;0;0;0;0;0;CORONEL VIVIDA;REGIÃO SUL;2;2
0.4030756778632133;2017-10-31;5;13;18;24;552;31;23;5;17;383;31;0;31;720;114;725;5;4;4;5;4;4;5;0;0;0;0;0;0;0;0;0;0;1;0;0;0;0;0;0;0;1;0;0;0;0;0;0;0;0;0;0;0;0;1;0;0;0;0;0;0;0;0;0;0;0;0;0;0;0;0;0;0;0;1;0;0;0;0;0;0;0;0;0;CORONEL VIVIDA;REGIÃO SUL;3;2
0.36665317685147714;2017-11-30;7;14;18;21;546;30;9;7;15;356;30;0;30;736;93;265;4;5;5;4;4;4;4;0;0;0;0;0;0;0;0;0;1;0;0;0;0;0;0;0;0;1;0;0;0;0;0;0;0;0;0;0;0;0;1;0;0;0;0;0;0;0;0;0;0;0;0;0;0;0;0;0;0;0;1;0;0;0;0;0;0;0;0;0;CORONEL VIVIDA;REGIÃO SUL;4;2
0.4597329016592473;2017-12-31;12;18;22;24;670;33;5;12;21;495;33;0;33;845;37;142;5;4;4;4;5;5;4;0;0;1;0;0;0;0;0;0;0;0;0;0;0;0;0;0;0;1;0;0;0;0;0;0;0;0;0;0;0;0;1;0;0;0;0;0;0;0;0;0;0;0;0;0;0;0;0;0;0;0;1;0;0;0;0;0;0;0;0;0;CORONEL VIVIDA;REGIÃO SUL;5;3
0.17685147713476324;2018-01-31;13;19;21;23;661;30;5;13;19;512;30;0;30;809;42;154;4;5;4;5;4;4;5;0;0;0;0;1;0;0;0;0;0;0;0;0;0;0;0;0;0;0;1;0;0;0;0;0;0;0;0;0;0;0;1;0;0;0;0;0;0;0;0;0;0;0;0;0;0;0;0;0;0;0;1;0;0;0;0;0;31;0;0;0;CORONEL VIVIDA;REGIÃO SUL;6;0
0.3447996762444354;2018-02-28;11;17;20;23;566;29;3;11;18;412;29;0;29;720;47;87;4;4;4;4;4;4;4;0;0;0;1;0;0;0;0;0;0;0;0;0;0;0;0;0;0;0;1;0;0;0;0;0;0;0;0;0;0;0;1;0;0;0;0;0;0;0;0;0;0;0;0;0;0;0;0;0;0;0;2;0;0;0;0;0;0;3;0;0;CORONEL VIVIDA;REGIÃO SUL;7;2
1.0;2018-03-31;11;17;21;25;646;30;7;11;19;494;30;0;30;799;49;215;4;4;5;4;5;5;4;0;0;0;0;0;0;0;0;1;0;0;0;0;0;0;0;0;0;0;1;0;0;0;0;0;0;0;0;0;0;0;1;0;0;0;0;0;0;0;0;0;0;0;0;0;0;0;0;0;0;0;2;0;0;0;0;0;0;1;0;0;CORONEL VIVIDA;REGIÃO SUL;8;6
0.6094698502630513;2018-04-30;10;16;19;22;583;28;1;10;17;402;28;0;28;765;16;37;5;4;4;5;4;4;4;1;0;0;0;0;0;0;0;0;0;0;0;0;0;0;0;0;0;0;1;0;0;0;0;0;0;0;0;0;0;0;1;0;0;0;0;0;0;0;0;0;0;0;0;0;0;0;0;0;0;0;2;0;0;0;0;0;0;0;0;0;CORONEL VIVIDA;REGIÃO SUL;9;5
0.5236746256576285;2018-05-31;2;6;15;21;463;27;4;2;15;308;27;0;27;618;75;133;4;5;5;4;4;4;5;0;0;0;0;0;0;0;1;0;0;0;0;0;0;0;0;0;0;0;1;0;0;0;0;0;0;0;0;0;0;0;1;0;0;0;0;0;0;0;0;0;0;0;0;0;0;0;0;0;0;0;2;0;0;0;0;0;0;1;0;0;CORONEL VIVIDA;REGIÃO SUL;10;4
0.4261432618373129;2018-06-30;-1;5;13;21;387;25;4;-1;16;248;25;0;25;527;42;129;4;4;4;4;5;5;4;0;0;0;0;0;0;1;0;0;0;0;0;0;0;0;0;0;0;0;1;0;0;0;0;0;0;0;0;0;0;0;1;0;0;0;0;0;0;0;0;0;0;0;0;0;0;0;0;0;0;0;2;0;0;0;0;0;0;0;0;0;CORONEL VIVIDA;REGIÃO SUL;11;3
0.36341562120598947;2018-07-31;0;4;14;20;438;27;0;0;12;253;27;0;27;622;4;8;5;4;4;5;4;4;5;0;0;0;0;0;1;0;0;0;0;0;0;0;0;0;0;0;0;0;1;0;0;0;0;0;0;0;0;0;0;0;1;0;0;0;0;0;0;0;0;0;0;0;0;0;0;0;0;0;0;0;2;0;0;0;0;0;16;0;0;0;CORONEL VIVIDA;REGIÃO SUL;12;2
0.575475515985431;2018-08-31;-1;7;13;19;401;28;4;-1;13;204;28;0;28;598;31;112;4;5;5;4;5;4;4;0;1;0;0;0;0;0;0;0;0;0;0;0;0;0;0;0;0;0;1;0;0;0;0;0;0;0;0;0;0;0;1;0;0;0;0;0;0;0;0;0;0;0;0;0;0;0;0;0;0;0;2;0;0;0;0;0;0;0;0;0;CORONEL VIVIDA;REGIÃO SUL;13;5
0.44354512343180896;2018-09-30;4;11;17;22;505;30;11;4;15;337;30;0;30;673;116;342;5;4;4;4;4;5;4;0;0;0;0;0;0;0;0;0;0;0;1;0;0;0;0;0;0;0;1;0;0;0;0;0;0;0;0;0;0;0;1;0;0;0;0;0;0;0;0;0;0;0;0;0;0;0;0;0;0;0;2;0;0;0;0;0;0;0;0;0;CORONEL VIVIDA;REGIÃO SUL;14;3
0.4261432618373129;2018-10-31;8;13;18;21;547;29;8;8;17;407;29;0;29;686;60;250;4;5;4;5;4;4;5;0;0;0;0;0;0;0;0;0;0;1;0;0;0;0;0;0;0;0;1;0;0;0;0;0;0;0;0;0;0;0;1;0;0;0;0;0;0;0;0;0;0;0;0;0;0;0;0;0;0;0;2;0;0;0;0;0;0;0;0;0;CORONEL VIVIDA;REGIÃO SUL;15;3
0.5066774585188183;2018-11-30;11;17;20;25;602;31;3;11;19;427;31;0;31;778;20;79;4;4;5;4;5;4;4;0;0;0;0;0;0;0;0;0;1;0;0;0;0;0;0;0;0;0;1;0;0;0;0;0;0;0;0;0;0;0;1;0;0;0;0;0;0;0;0;0;0;0;0;0;0;0;0;0;0;0;2;0;0;0;0;0;0;0;0;0;CORONEL VIVIDA;REGIÃO SUL;16;4
0.5957102387697288;2018-12-31;9;17;22;25;681;33;2;9;19;469;33;0;33;893;13;68;5;4;4;5;4;5;4;0;0;1;0;0;0;0;0;0;0;0;0;0;0;0;0;0;0;0;1;0;0;0;0;0;0;0;0;0;0;0;1;0;0;0;0;0;0;0;0;0;0;0;0;0;0;0;0;0;0;0;2;0;0;0;0;0;0;0;0;0;CORONEL VIVIDA;REGIÃO SUL;17;5
0.43302306758397413;2019-01-31;16;20;23;25;723;33;6;16;20;549;33;0;33;896;41;178;4;5;5;4;4;4;5;0;0;0;0;1;0;0;0;0;0;0;0;0;0;0;0;0;0;0;0;1;0;0;0;0;0;0;0;0;0;0;1;0;0;0;0;0;0;0;0;0;0;0;0;0;0;0;0;0;0;0;2;0;0;0;0;0;31;0;0;0;CORONEL VIVIDA;REGIÃO SUL;18;3
0.5649534601375961;2019-02-28;13;17;21;25;593;32;6;13;19;453;32;0;32;734;37;162;4;4;4;4;4;4;4;0;0;0;1;0;0;0;0;0;0;0;0;0;0;0;0;0;0;0;0;1;0;0;0;0;0;0;0;0;0;0;1;0;0;0;0;0;0;0;0;0;0;0;0;0;0;0;0;0;0;0;2;0;0;0;0;0;0;0;0;0;CORONEL VIVIDA;REGIÃO SUL;19;5
0.5617159044921085;2019-03-31;13;17;21;23;637;29;4;13;18;482;29;0;29;793;34;119;5;4;4;4;5;5;4;0;0;0;0;0;0;0;0;1;0;0;0;0;0;0;0;0;0;0;0;1;0;0;0;0;0;0;0;0;0;0;1;0;0;0;0;0;0;0;0;0;0;0;0;0;0;0;0;0;0;0;2;0;0;0;0;0;0;3;0;0;CORONEL VIVIDA;REGIÃO SUL;20;4
0.5511938486442736;2019-04-30;8;16;19;21;567;27;3;8;17;419;27;0;27;714;33;95;4;4;4;5;4;4;5;1;0;0;0;0;0;0;0;0;0;0;0;0;0;0;0;0;0;0;0;1;0;0;0;0;0;0;0;0;0;0;1;0;0;0;0;0;0;0;0;0;0;0;0;0;0;0;0;0;0;0;2;0;0;0;0;0;0;1;0;0;CORONEL VIVIDA;REGIÃO SUL;21;4
0.5155807365439093;2019-05-31;7;12;17;22;522;27;9;7;16;400;27;0;27;644;90;272;4;5;5;4;5;4;4;0;0;0;0;0;0;0;1;0;0;0;0;0;0;0;0;0;0;0;0;1;0;0;0;0;0;0;0;0;0;0;1;0;0;0;0;0;0;0;0;0;0;0;0;0;0;0;0;0;0;0;2;0;0;0;0;0;0;0;0;0;CORONEL VIVIDA;REGIÃO SUL;22;4
0.42573856738162685;2019-06-30;4;11;16;21;481;26;1;4;15;313;26;0;26;648;25;31;5;4;4;4;4;5;4;0;0;0;0;0;0;1;0;0;0;0;0;0;0;0;0;0;0;0;0;1;0;0;0;0;0;0;0;0;0;0;1;0;0;0;0;0;0;0;0;0;0;0;0;0;0;0;0;0;0;0;2;0;0;0;0;0;0;1;0;0;CORONEL VIVIDA;REGIÃO SUL;23;2
0.2913800080938891;2019-07-31;-5;3;13;18;401;24;1;-5;12;211;24;0;24;591;11;30;4;5;4;5;4;4;5;0;0;0;0;0;1;0;0;0;0;0;0;0;0;0;0;0;0;0;0;1;0;0;0;0;0;0;0;0;0;0;1;0;0;0;0;0;0;0;0;0;0;0;0;0;0;0;0;0;0;0;2;0;0;0;0;0;16;0;0;0;CORONEL VIVIDA;REGIÃO SUL;24;1
0.44516390125455285;2019-08-31;-2;6;14;20;449;29;0;-2;14;236;29;0;29;662;7;12;4;4;5;4;5;5;4;0;1;0;0;0;0;0;0;0;0;0;0;0;0;0;0;0;0;0;0;1;0;0;0;0;0;0;0;0;0;0;1;0;0;0;0;0;0;0;0;0;0;0;0;0;0;0;0;0;0;0;2;0;0;0;0;0;0;0;0;0;CORONEL VIVIDA;REGIÃO SUL;25;3
0.43707001214083374;2019-09-30;6;12;18;24;532;32;2;6;17;348;32;0;32;716;19;59;5;4;4;5;4;4;4;0;0;0;0;0;0;0;0;0;0;0;1;0;0;0;0;0;0;0;0;1;0;0;0;0;0;0;0;0;0;0;1;0;0;0;0;0;0;0;0;0;0;0;0;0;0;0;0;0;0;0;2;0;0;0;0;0;0;0;0;0;CORONEL VIVIDA;REGIÃO SUL;26;3
0.5402670983407527;2019-10-31;11;15;20;25;630;34;3;11;17;437;34;0;34;824;26;102;4;5;5;4;4;4;5;0;0;0;0;0;0;0;0;0;0;1;0;0;0;0;0;0;0;0;0;1;0;0;0;0;0;0;0;0;0;0;1;0;0;0;0;0;0;0;0;0;0;0;0;0;0;0;0;0;0;0;2;0;0;0;0;0;0;0;0;0;CORONEL VIVIDA;REGIÃO SUL;27;4
0.5414811817078107;2019-11-30;11;17;21;24;619;31;7;11;17;440;31;0;31;797;64;209;4;4;4;4;5;5;4;0;0;0;0;0;0;0;0;0;1;0;0;0;0;0;0;0;0;0;0;1;0;0;0;0;0;0;0;0;0;0;1;0;0;0;0;0;0;0;0;0;0;0;0;0;0;0;0;0;0;0;2;0;0;0;0;0;0;0;0;0;CORONEL VIVIDA;REGIÃO SUL;28;4
0.27883447996762445;2019-12-31;12;17;21;25;650;32;4;12;18;468;32;0;32;832;54;139;5;4;4;5;4;4;5;0;0;1;0;0;0;0;0;0;0;0;0;0;0;0;0;0;0;0;0;1;0;0;0;0;0;0;0;0;0;0;1;0;0;0;0;0;0;0;0;0;0;0;0;0;0;0;0;0;0;0;2;0;0;0;0;0;0;0;0;0;CORONEL VIVIDA;REGIÃO SUL;29;1
0.3265884257385674;2020-01-31;12;17;22;25;672;30;3;12;19;509;30;0;30;834;52;102;4;5;5;4;5;4;4;0;0;0;0;1;0;0;0;0;0;0;0;0;0;0;0;0;0;0;0;0;1;0;0;0;0;0;0;0;0;0;1;0;0;0;0;0;0;0;0;0;0;0;0;0;0;0;0;0;0;0;2;0;0;0;0;0;31;0;0;0;CORONEL VIVIDA;REGIÃO SUL;30;1
0.6337515176042088;2020-02-29;10;17;21;25;614;31;5;10;18;451;31;0;31;777;79;139;4;4;4;4;4;5;4;0;0;0;1;0;0;0;0;0;0;0;0;0;0;0;0;0;0;0;0;0;1;0;0;0;0;0;0;0;0;0;1;0;0;0;0;0;0;0;0;0;0;0;0;0;0;0;0;0;0;0;2;0;0;0;0;0;0;3;0;0;CORONEL VIVIDA;REGIÃO SUL;31;5
0.5277215702144881;2020-03-31;11;18;21;24;648;32;1;11;19;438;32;0;32;857;20;44;5;4;4;5;4;4;5;0;0;0;0;0;0;0;0;1;0;0;0;0;0;0;0;0;0;0;0;0;1;0;0;0;0;0;0;0;0;0;1;0;0;0;0;0;0;0;0;0;0;0;0;0;0;0;0;0;0;0;2;0;0;0;0;0;0;0;15;0;CORONEL VIVIDA;REGIÃO SUL;32;4
0.0;2020-04-30;2;11;17;23;502;30;1;2;17;283;30;0;30;722;29;44;4;5;5;4;4;4;4;1;0;0;0;0;0;0;0;0;0;0;0;0;0;0;0;0;0;0;0;0;1;0;0;0;0;0;0;0;0;0;1;0;0;0;0;0;0;0;0;0;0;0;0;0;0;0;0;0;0;0;2;0;0;0;0;0;0;1;30;0;CORONEL VIVIDA;REGIÃO SUL;33;0
0.23593686766491306;2020-05-31;1;8;14;18;430;26;9;1;14;220;26;0;26;641;121;293;5;4;4;4;5;5;4;0;0;0;0;0;0;0;1;0;0;0;0;0;0;0;0;0;0;0;0;0;1;0;0;0;0;0;0;0;0;0;1;0;0;0;0;0;0;0;0;0;0;0;0;0;0;0;0;0;0;0;2;0;0;0;0;0;0;0;31;0;CORONEL VIVIDA;REGIÃO SUL;34;0
0.3261837312828815;2020-06-30;4;8;15;21;459;26;7;4;17;320;26;0;26;598;44;204;4;4;4;5;4;4;5;0;0;0;0;0;0;1;0;0;0;0;0;0;0;0;0;0;0;0;0;0;1;0;0;0;0;0;0;0;0;0;1;0;0;0;0;0;0;0;0;0;0;0;0;0;0;0;0;0;0;0;2;0;0;0;0;0;0;1;30;0;CORONEL VIVIDA;REGIÃO SUL;35;1
0.32982598138405506;2020-07-31;0;7;14;20;442;25;4;0;16;291;25;0;25;593;80;122;4;5;5;4;5;4;4;0;0;0;0;0;1;0;0;0;0;0;0;0;0;0;0;0;0;0;0;0;1;0;0;0;0;0;0;0;0;0;1;0;0;0;0;0;0;0;0;0;0;0;0;0;0;0;0;0;0;0;2;0;0;0;0;0;0;0;31;0;CORONEL VIVIDA;REGIÃO SUL;36;1
0.3168757588021044;2020-08-31;-2;3;16;23;504;29;9;-2;18;340;29;0;29;667;93;289;5;4;4;5;4;5;4;0;1;0;0;0;0;0;0;0;0;0;0;0;0;0;0;0;0;0;0;0;1;0;0;0;0;0;0;0;0;0;1;0;0;0;0;0;0;0;0;0;0;0;0;0;0;0;0;0;0;0;2;0;0;0;0;0;0;0;31;0;CORONEL VIVIDA;REGIÃO SUL;37;1
0.2913800080938891;2020-09-30;7;13;20;28;607;34;3;7;21;436;34;0;34;778;52;105;4;5;4;4;4;4;5;0;0;0;0;0;0;0;0;0;0;0;1;0;0;0;0;0;0;0;0;0;1;0;0;0;0;0;0;0;0;0;1;0;0;0;0;0;0;0;0;0;0;0;0;0;0;0;0;0;0;0;2;0;0;0;0;0;0;0;30;0;CORONEL VIVIDA;REGIÃO SUL;38;1
0.4479967624443545;2020-10-31;8;15;21;29;661;34;3;8;24;481;34;0;34;840;29;87;4;4;5;4;5;5;4;0;0;0;0;0;0;0;0;0;0;1;0;0;0;0;0;0;0;0;0;0;1;0;0;0;0;0;0;0;0;0;1;0;0;0;0;0;0;0;0;0;0;0;0;0;0;0;0;0;0;0;2;0;0;0;0;0;0;0;31;0;CORONEL VIVIDA;REGIÃO SUL;39;3
0.35694050991501414;2020-11-30;8;16;21;26;619;33;3;8;20;440;33;0;33;799;19;84;5;4;4;5;4;4;4;0;0;0;0;0;0;0;0;0;1;0;0;0;0;0;0;0;0;0;0;0;1;0;0;0;0;0;0;0;0;0;1;0;0;0;0;0;0;0;0;0;0;0;0;0;0;0;0;0;0;0;2;0;0;0;0;0;0;0;30;0;CORONEL VIVIDA;REGIÃO SUL;40;2
0.4694455685957103;2020-12-31;13;18;22;24;675;30;7;13;19;513;30;0;30;837;129;229;4;5;5;4;4;4;5;0;0;1;0;0;0;0;0;0;0;0;0;0;0;0;0;0;0;0;0;0;1;0;0;0;0;0;0;0;0;0;1;0;0;0;0;0;0;0;0;0;0;0;0;0;0;0;0;0;0;0;2;0;0;0;0;0;0;0;31;0;CORONEL VIVIDA;REGIÃO SUL;41;3
0.32375556454876575;2021-01-31;15;18;22;24;670;30;7;15;21;544;30;0;30;796;35;212;5;4;4;4;5;5;4;0;0;0;0;1;0;0;0;0;0;0;0;1;0;0;0;0;0;0;0;0;0;0;0;0;0;0;0;0;0;0;1;0;0;0;0;0;0;0;0;0;0;0;0;0;0;0;0;0;0;0;2;0;0;0;0;0;0;0;31;0;CORONEL VIVIDA;REGIÃO SUL;42;1
0.05503844597329022;2021-02-28;12;18;22;27;625;32;1;12;22;479;32;0;32;770;16;32;4;4;4;4;4;4;4;0;0;0;1;0;0;0;0;0;0;0;0;1;0;0;0;0;0;0;0;0;0;0;0;0;0;0;0;0;0;0;1;0;0;0;0;0;0;0;0;0;0;0;0;0;0;0;0;0;0;0;2;0;0;0;0;0;0;3;28;0;CORONEL VIVIDA;REGIÃO SUL;43;0
0.11817078106029955;2021-03-31;12;17;23;27;704;33;2;12;21;548;33;0;33;860;17;77;4;5;4;5;4;4;5;0;0;0;0;0;0;0;0;1;0;0;0;1;0;0;0;0;0;0;0;0;0;0;0;0;0;0;0;0;0;0;1;0;0;0;0;0;0;0;0;0;0;0;0;0;0;0;0;0;0;0;2;0;0;0;0;0;0;0;31;0;CORONEL VIVIDA;REGIÃO SUL;44;0
0.04127883447996766;2021-04-30;7;15;20;24;591;29;0;7;20;436;29;0;29;746;5;8;4;4;5;4;5;4;4;1;0;0;0;0;0;0;0;0;0;0;0;1;0;0;0;0;0;0;0;0;0;0;0;0;0;0;0;0;0;0;1;0;0;0;0;0;0;0;0;0;0;0;0;0;0;0;0;0;0;0;2;0;0;0;0;0;0;1;30;0;CORONEL VIVIDA;REGIÃO SUL;45;0
0.0821529745042493;2021-05-31;5;11;17;23;530;28;3;5;19;376;28;0;28;683;56;86;5;4;4;5;4;5;4;0;0;0;0;0;0;0;1;0;0;0;0;1;0;0;0;0;0;0;0;0;0;0;0;0;0;0;0;0;0;0;1;0;0;0;0;0;0;0;0;0;0;0;0;0;0;0;0;0;0;0;2;0;0;0;0;0;0;0;31;0;CORONEL VIVIDA;REGIÃO SUL;46;0
0.09631728045325783;2021-06-30;-1;4;14;22;430;27;5;-1;18;309;27;0;27;550;42;145;4;5;4;4;4;4;5;0;0;0;0;0;0;1;0;0;0;0;0;1;0;0;0;0;0;0;0;0;0;0;0;0;0;0;0;0;0;0;1;0;0;0;0;0;0;0;0;0;0;0;0;0;0;0;0;0;0;0;2;0;0;0;0;0;0;1;30;0;CORONEL VIVIDA;REGIÃO SUL;47;0
0.4188587616349656;2021-07-31;-2;3;14;22;448;27;2;-2;17;292;27;0;27;604;41;74;4;4;5;4;5;5;4;0;0;0;0;0;1;0;0;0;0;0;0;1;0;0;0;0;0;0;0;0;0;0;0;0;0;0;0;0;0;0;1;0;0;0;0;0;0;0;0;0;0;0;0;0;0;0;0;0;0;0;2;0;0;0;0;0;0;0;31;0;CORONEL VIVIDA;REGIÃO SUL;48;2
0.3929583164710644;2021-08-31;5;12;19;26;575;31;2;5;21;422;31;0;31;728;25;56;5;4;4;5;4;4;5;0;1;0;0;0;0;0;0;0;0;0;0;1;0;0;0;0;0;0;0;0;0;0;0;0;0;0;0;0;0;0;1;0;0;0;0;0;0;0;0;0;0;0;0;0;0;0;0;0;0;0;2;0;0;0;0;0;0;0;31;0;CORONEL VIVIDA;REGIÃO SUL;49;2
0.19506272764063137;2021-09-30;8;14;21;28;624;33;5;8;23;474;33;0;33;774;47;141;4;5;5;4;4;4;4;0;0;0;0;0;0;0;0;0;0;0;1;1;0;0;0;0;0;0;0;0;0;0;0;0;0;0;0;0;0;0;1;0;0;0;0;0;0;0;0;0;0;0;0;0;0;0;0;0;0;0;2;0;0;0;0;0;0;0;30;0;CORONEL VIVIDA;REGIÃO SUL;50;0
0.2367462565762849;2021-10-31;10;16;19;24;598;29;11;10;19;473;29;0;29;722;69;355;5;4;4;4;5;5;4;0;0;0;0;0;0;0;0;0;0;1;0;1;0;0;0;0;0;0;0;0;0;0;0;0;0;0;0;0;0;0;1;0;0;0;0;0;0;0;0;0;0;0;0;0;0;0;0;0;0;0;2;0;0;0;0;0;0;0;0;0;CORONEL VIVIDA;REGIÃO SUL;51;0
0.5062727640631324;2021-11-30;14;19;23;27;683;32;3;14;23;520;32;0;32;847;38;95;4;4;4;5;4;4;5;0;0;0;0;0;0;0;0;0;1;0;0;1;0;0;0;0;0;0;0;0;0;0;0;0;0;0;0;0;0;0;1;0;0;0;0;0;0;0;0;0;0;0;0;0;0;0;0;0;0;0;2;0;0;0;0;0;0;0;0;0;CORONEL VIVIDA;REGIÃO SUL;52;4
0.5176042088223392;2021-12-31;12;20;24;28;757;34;2;12;22;561;34;0;34;953;64;77;4;5;5;4;5;4;4;0;0;1;0;0;0;0;0;0;0;0;0;1;0;0;0;0;0;0;0;0;0;0;0;0;0;0;0;0;0;0;1;0;0;0;0;0;0;0;0;0;0;0;0;0;0;0;0;0;0;0;2;0;0;0;0;0;0;0;0;0;CORONEL VIVIDA;REGIÃO SUL;53;4
0.21165520032375562;2022-01-31;15;20;25;30;779;35;5;15;24;611;35;0;35;948;48;166;5;4;4;5;4;5;4;0;0;0;0;1;0;0;0;0;0;0;0;0;1;0;0;0;0;0;0;0;0;0;0;0;0;0;0;0;0;0;1;0;0;0;0;0;0;0;0;0;0;0;0;0;0;0;0;0;0;0;2;0;0;0;0;0;31;0;0;0;CORONEL VIVIDA;REGIÃO SUL;54;0
0.48401456900040474;2022-02-28;12;19;24;28;683;33;6;12;23;532;33;0;33;835;82;158;4;4;4;4;4;4;4;0;0;0;1;0;0;0;0;0;0;0;0;0;1;0;0;0;0;0;0;0;0;0;0;0;0;0;0;0;0;0;1;0;0;0;0;0;0;0;0;0;0;0;0;0;0;0;0;0;0;0;2;0;0;0;0;0;0;1;0;0;CORONEL VIVIDA;REGIÃO SUL;55;3
0.9732901659247268;2022-03-31;8;13;22;27;676;32;10;8;22;540;32;0;32;811;74;312;4;5;5;4;4;4;5;0;0;0;0;0;0;0;0;1;0;0;0;0;1;0;0;0;0;0;0;0;0;0;0;0;0;0;0;0;0;0;1;0;0;0;0;0;0;0;0;0;0;0;0;0;0;0;0;0;0;0;2;0;0;0;0;0;0;1;0;0;CORONEL VIVIDA;REGIÃO SUL;56;6
0.6924322136786727;2022-04-30;6;13;19;25;576;29;17;6;21;451;29;0;29;700;144;517;4;4;4;4;5;5;4;1;0;0;0;0;0;0;0;0;0;0;0;0;1;0;0;0;0;0;0;0;0;0;0;0;0;0;0;0;0;0;1;0;0;0;0;0;0;0;0;0;0;0;0;0;0;0;0;0;0;0;2;0;0;0;0;0;0;1;0;0;CORONEL VIVIDA;REGIÃO SUL;57;5
1.0;2022-05-31;2;6;14;19;429;24;8;2;17;307;24;0;24;550;92;234;5;4;4;5;4;4;5;0;0;0;0;0;0;0;1;0;0;0;0;0;1;0;0;0;0;0;0;0;0;0;0;0;0;0;0;0;0;0;1;0;0;0;0;0;0;0;0;0;0;0;0;0;0;0;0;0;0;0;2;0;0;0;0;0;0;0;0;0;CORONEL VIVIDA;REGIÃO SUL;58;6
0.7227842978551193;2022-06-30;-1;6;14;19;408;24;6;-1;15;278;24;0;24;537;50;188;4;5;5;4;4;4;4;0;0;0;0;0;0;1;0;0;0;0;0;0;1;0;0;0;0;0;0;0;0;0;0;0;0;0;0;0;0;0;1;0;0;0;0;0;0;0;0;0;0;0;0;0;0;0;0;0;0;0;2;0;0;0;0;0;0;1;0;0;CORONEL VIVIDA;REGIÃO SUL;59;5
0.5981384055038446;2022-07-31;3;8;17;21;526;25;2;3;16;367;25;0;25;684;15;50;5;4;4;4;5;5;4;0;0;0;0;0;1;0;0;0;0;0;0;0;1;0;0;0;0;0;0;0;0;0;0;0;0;0;0;0;0;0;1;0;0;0;0;0;0;0;0;0;0;0;0;0;0;0;0;0;0;0;2;0;0;0;0;0;0;0;0;0;CORONEL VIVIDA;REGIÃO SUL;60;5
0.8571428571428572;2022-08-31;-1;5;15;21;453;27;9;-1;16;297;27;0;27;609;84;286;4;5;4;5;4;4;5;0;1;0;0;0;0;0;0;0;0;0;0;0;1;0;0;0;0;0;0;0;0;0;0;0;0;0;0;0;0;0;1;0;0;0;0;0;0;0;0;0;0;0;0;0;0;0;0;0;0;0;2;0;0;0;0;0;0;0;0;0;CORONEL VIVIDA;REGIÃO SUL;61;6
0.6596519627681101;2022-09-30;1;8;14;23;433;27;8;1;19;291;27;0;27;574;39;254;4;4;5;4;5;4;4;0;0;0;0;0;0;0;0;0;0;0;1;0;1;0;0;0;0;0;0;0;0;0;0;0;0;0;0;0;0;0;1;0;0;0;0;0;0;0;0;0;0;0;0;0;0;0;0;0;0;0;2;0;0;0;0;0;0;0;0;0;CORONEL VIVIDA;REGIÃO SUL;62;5
0.5030352084176447;2022-10-31;8;13;18;23;543;29;14;8;18;403;29;0;29;682;140;446;5;4;4;5;4;5;4;0;0;0;0;0;0;0;0;0;0;1;0;0;1;0;0;0;0;0;0;0;0;0;0;0;0;0;0;0;0;0;1;0;0;0;0;0;0;0;0;0;0;0;0;0;0;0;0;0;0;0;2;0;0;0;0;0;0;0;0;0;CORONEL VIVIDA;REGIÃO SUL;63;4
0.6410360178065562;2022-11-30;3;9;18;22;550;29;4;3;18;367;29;0;29;734;30;109;4;5;4;4;4;4;5;0;0;0;0;0;0;0;0;0;1;0;0;0;1;0;0;0;0;0;0;0;0;0;0;0;0;0;0;0;0;0;1;0;0;0;0;0;0;0;0;0;0;0;0;0;0;0;0;0;0;0;2;0;0;0;0;0;0;0;0;0;CORONEL VIVIDA;REGIÃO SUL;64;5
0.7478753541076488;2022-12-31;12;20;22;26;687;32;3;12;21;513;32;0;32;860;18;91;4;4;5;4;5;5;4;0;0;1;0;0;0;0;0;0;0;0;0;0;1;0;0;0;0;0;0;0;0;0;0;0;0;0;0;0;0;0;1;0;0;0;0;0;0;0;0;0;0;0;0;0;0;0;0;0;0;0;2;0;0;0;0;0;0;0;0;0;CORONEL VIVIDA;REGIÃO SUL;65;6
0.43504653986240394;2023-01-31;13;19;22;26;692;31;7;13;21;536;31;0;31;847;35;219;5;4;4;5;4;4;5;0;0;0;0;1;0;0;0;0;0;0;0;0;0;1;0;0;0;0;0;0;0;0;0;0;0;0;0;0;0;0;1;0;0;0;0;0;0;0;0;0;0;0;0;0;0;0;0;0;0;0;2;0;0;0;0;0;31;0;0;0;CORONEL VIVIDA;REGIÃO SUL;66;3
0.678267907729664;2023-02-28;7;14;21;24;585;30;9;7;19;457;30;0;30;714;62;259;4;4;4;4;4;4;4;0;0;0;1;0;0;0;0;0;0;0;0;0;0;1;0;0;0;0;0;0;0;0;0;0;0;0;0;0;0;0;1;0;0;0;0;0;0;0;0;0;0;0;0;0;0;0;0;0;0;0;2;0;0;0;0;0;0;3;0;0;CORONEL VIVIDA;REGIÃO SUL;67;5
1.0;2023-03-31;13;18;22;25;685;30;7;13;20;543;30;0;30;826;55;222;4;5;5;4;5;4;4;0;0;0;0;0;0;0;0;1;0;0;0;0;0;1;0;0;0;0;0;0;0;0;0;0;0;0;0;0;0;0;1;0;0;0;0;0;0;0;0;0;0;0;0;0;0;0;0;0;0;0;2;0;0;0;0;0;0;0;0;0;CORONEL VIVIDA;REGIÃO SUL;68;6
0.9453662484823959;2023-04-30;6;12;18;22;544;28;5;6;19;399;28;0;28;688;49;144;5;4;4;4;4;5;4;1;0;0;0;0;0;0;0;0;0;0;0;0;0;1;0;0;0;0;0;0;0;0;0;0;0;0;0;0;0;0;1;0;0;0;0;0;0;0;0;0;0;0;0;0;0;0;0;0;0;0;2;0;0;0;0;0;0;1;0;0;CORONEL VIVIDA;REGIÃO SUL;69;6
0.6673411574261432;2023-05-31;6;12;17;22;534;25;6;6;18;392;25;0;25;676;43;175;4;5;4;5;4;4;5;0;0;0;0;0;0;0;1;0;0;0;0;0;0;1;0;0;0;0;0;0;0;0;0;0;0;0;0;0;0;0;1;0;0;0;0;0;0;0;0;0;0;0;0;0;0;0;0;0;0;0;2;0;0;0;0;0;0;0;0;0;CORONEL VIVIDA;REGIÃO SUL;70;5
0.45285309591258605;2023-06-30;3;7;15;19;456;24;3;3;16;329;24;0;24;584;66;98;4;4;5;4;5;4;4;0;0;0;0;0;0;1;0;0;0;0;0;0;0;1;0;0;0;0;0;0;0;0;0;0;0;0;0;0;0;0;1;0;0;0;0;0;0;0;0;0;0;0;0;0;0;0;0;0;0;0;2;0;0;0;0;0;0;1;0;0;CORONEL VIVIDA;REGIÃO SUL;71;3
0.2970457304734926;2023-07-31;2;6;16;20;491;25;5;2;16;358;25;0;25;624;74;164;5;4;4;5;4;5;4;0;0;0;0;0;1;0;0;0;0;0;0;0;0;1;0;0;0;0;0;0;0;0;0;0;0;0;0;0;0;0;1;0;0;0;0;0;0;0;0;0;0;0;0;0;0;0;0;0;0;0;2;0;0;0;0;0;15;0;0;0;CORONEL VIVIDA;REGIÃO SUL;72;1
0.3836503439902873;2023-08-31;2;10;17;24;529;29;8;2;18;366;29;0;29;692;106;251;4;5;5;4;4;4;5;0;1;0;0;0;0;0;0;0;0;0;0;0;0;1;0;0;0;0;0;0;0;0;0;0;0;0;0;0;0;0;1;0;0;0;0;0;0;0;0;0;0;0;0;0;0;0;0;0;0;0;2;0;0;0;0;0;0;0;0;0;CORONEL VIVIDA;REGIÃO SUL;73;2
0.4516390125455282;2023-09-30;6;11;20;27;599;33;6;6;22;459;33;0;33;739;66;168;4;4;4;4;5;5;4;0;0;0;0;0;0;0;0;0;0;0;1;0;0;1;0;0;0;0;0;0;0;0;0;0;0;0;0;0;0;0;1;0;0;0;0;0;0;0;0;0;0;0;0;0;0;0;0;0;0;0;2;0;0;0;0;0;0;0;0;0;CORONEL VIVIDA;REGIÃO SUL;74;3
0.4208822339133954;2023-10-31;10;13;19;24;585;30;15;10;19;468;30;0;30;702;102;452;5;4;4;5;4;4;5;0;0;0;0;0;0;0;0;0;0;1;0;0;0;1;0;0;0;0;0;0;0;0;0;0;0;0;0;0;0;0;1;0;0;0;0;0;0;0;0;0;0;0;0;0;0;0;0;0;0;0;2;0;0;0;0;0;0;0;0;0;CORONEL VIVIDA;REGIÃO SUL;75;2
0.2464589235127479;2023-11-30;7;12;21;27;626;32;9;7;23;508;32;0;32;744;51;284;4;5;5;4;4;4;4;0;0;0;0;0;0;0;0;0;1;0;0;0;0;1;0;0;0;0;0;0;0;0;0;0;0;0;0;0;0;0;1;0;0;0;0;0;0;0;0;0;0;0;0;0;0;0;0;0;0;0;2;0;0;0;0;0;0;0;0;0;CORONEL VIVIDA;REGIÃO SUL;76;1
0.06434641845406719;2023-12-31;14;18;23;27;702;33;5;14;22;563;33;0;33;841;36;153;5;4;4;4;5;5;4;0;0;1;0;0;0;0;0;0;0;0;0;0;0;1;0;0;0;0;0;0;0;0;0;0;0;0;0;0;0;0;1;0;0;0;0;0;0;0;0;0;0;0;0;0;0;0;0;0;0;0;2;0;0;0;0;0;0;0;0;0;CORONEL VIVIDA;REGIÃO SUL;77;0
0.0683933630109268;2024-01-31;12;18;23;27;698;32;3;12;22;549;32;0;32;846;19;96;4;5;4;5;4;4;5;0;0;0;0;1;0;0;0;0;0;0;0;0;0;0;1;0;0;0;0;0;0;0;0;0;0;0;0;0;0;0;1;0;0;0;0;0;0;0;0;0;0;0;0;0;0;0;0;0;0;0;2;0;0;0;0;0;31;0;0;0;CORONEL VIVIDA;REGIÃO SUL;78;0
0.7268312424119789;2024-02-29;16;19;23;26;679;32;6;16;21;540;32;0;32;818;41;162;4;4;5;4;4;4;4;0;0;0;1;0;0;0;0;0;0;0;0;0;0;0;1;0;0;0;0;0;0;0;0;0;0;0;0;0;0;0;1;0;0;0;0;0;0;0;0;0;0;0;0;0;0;0;0;0;0;0;2;0;0;0;1;0;0;3;0;0;CORONEL VIVIDA;REGIÃO SUL;79;6
1.0;2024-03-31;14;19;23;26;703;32;5;14;22;561;32;0;32;844;59;160;5;4;4;4;5;5;4;0;0;0;0;0;0;0;0;1;0;0;0;0;0;0;1;0;0;0;0;0;0;0;0;0;0;0;0;0;0;0;1;0;0;0;0;0;0;0;0;0;0;0;0;0;0;0;0;0;0;0;2;0;0;0;1;0;0;1;0;0;CORONEL VIVIDA;REGIÃO SUL;80;6
0.5487656819101578;2024-04-30;9;15;21;24;618;30;3;9;21;501;30;0;30;735;28;103;4;4;4;5;4;4;5;1;0;0;0;0;0;0;0;0;0;0;0;0;0;0;1;0;0;0;0;0;0;0;0;0;0;0;0;0;0;0;1;0;0;0;0;0;0;0;0;0;0;0;0;0;0;0;0;0;0;0;2;0;0;0;1;0;0;0;0;0;CORONEL VIVIDA;REGIÃO SUL;81;4
0.3310400647511129;2024-05-31;3;6;16;24;509;28;5;3;20;388;28;0;28;630;52;146;4;5;5;4;5;4;4;0;0;0;0;0;0;0;1;0;0;0;0;0;0;0;1;0;0;0;0;0;0;0;0;0;0;0;0;0;0;0;1;0;0;0;0;0;0;0;0;0;0;0;0;0;0;0;0;0;0;0;2;0;0;0;1;0;0;1;0;30;CORONEL VIVIDA;REGIÃO SUL;82;1
0.330230675839741;2024-06-30;-1;6;17;21;522;26;3;-1;18;401;26;0;26;643;45;77;5;4;4;4;4;5;4;0;0;0;0;0;0;1;0;0;0;0;0;0;0;0;1;0;0;0;0;0;0;0;0;0;0;0;0;0;0;0;1;0;0;0;0;0;0;0;0;0;0;0;0;0;0;0;0;0;0;0;2;0;0;0;1;0;0;0;0;30;CORONEL VIVIDA;REGIÃO SUL;83;1
0.8454067179279645;2024-07-31;1;7;14;20;429;25;8;1;16;300;25;0;25;556;68;242;4;5;4;5;4;4;5;0;0;0;0;0;1;0;0;0;0;0;0;0;0;0;1;0;0;0;0;0;0;0;0;0;0;0;0;0;0;0;1;0;0;0;0;0;0;0;0;0;0;0;0;0;0;0;0;0;0;0;2;0;0;0;1;0;12;0;0;0;CORONEL VIVIDA;REGIÃO SUL;84;6
0.7952246054229057;2024-08-31;-1;6;16;24;507;30;1;-1;19;340;30;0;30;674;18;29;4;4;5;4;5;5;4;0;1;0;0;0;0;0;0;0;0;0;0;0;0;0;1;0;0;0;0;0;0;0;0;0;0;0;0;0;0;0;1;0;0;0;0;0;0;0;0;0;0;0;0;0;0;0;0;0;0;0;2;0;0;0;1;0;0;0;0;0;CORONEL VIVIDA;REGIÃO SUL;85;6
1.0;2024-09-30;7;13;20;27;614;32;2;7;22;454;32;0;32;773;19;56;5;4;4;5;4;4;4;0;0;0;0;0;0;0;0;0;0;0;1;0;0;0;1;0;0;0;0;0;0;0;0;0;0;0;0;0;0;0;1;0;0;0;0;0;0;0;0;0;0;0;0;0;0;0;0;0;0;0;2;0;0;0;1;0;0;0;0;0;CORONEL VIVIDA;REGIÃO SUL;86;6
1.0;2024-10-31;10;16;20;26;630;32;4;10;22;477;32;0;32;782;52;113;4;5;5;4;4;4;5;0;0;0;0;0;0;0;0;0;0;1;0;0;0;0;1;0;0;0;0;0;0;0;0;0;0;0;0;0;0;0;1;0;0;0;0;0;0;0;0;0;0;0;0;0;0;0;0;0;0;0;2;0;0;0;1;0;0;0;0;0;CORONEL VIVIDA;REGIÃO SUL;87;6
0.7162540801294086;2018-08-31;7;10;15;22;480;30;1;7;15;325;30;0;30;635;9;17;4;5;5;4;5;4;4;0;1;0;0;0;0;0;0;0;0;0;0;0;0;0;0;0;0;0;1;0;0;0;0;0;0;0;0;0;0;0;0;1;0;0;0;0;0;0;0;0;0;0;0;0;0;0;0;0;0;0;9;15;0;0;3;5;0;0;0;0;CURITIBA;REGIÃO LESTE;1;5
0.8865940668419077;2018-09-30;6;12;18;23;540;30;2;6;17;402;30;0;30;679;10;65;5;4;4;4;4;5;4;0;0;0;0;0;0;0;0;0;0;0;1;0;0;0;0;0;0;0;1;0;0;0;0;0;0;0;0;0;0;0;0;1;0;0;0;0;0;0;0;0;0;0;0;0;0;0;0;0;0;0;9;15;0;0;3;5;0;0;0;0;CURITIBA;REGIÃO LESTE;2;6
0.9371732285739045;2018-10-31;11;13;18;23;566;28;9;11;18;446;28;0;28;687;33;264;4;5;4;5;4;4;5;0;0;0;0;0;0;0;0;0;0;1;0;0;0;0;0;0;0;0;1;0;0;0;0;0;0;0;0;0;0;0;0;1;0;0;0;0;0;0;0;0;0;0;0;0;0;0;0;0;0;0;9;15;0;0;3;5;0;0;0;0;CURITIBA;REGIÃO LESTE;3;6
0.9433836910367139;2018-11-30;11;15;20;25;605;31;2;11;20;467;31;0;31;743;32;68;4;4;5;4;5;4;4;0;0;0;0;0;0;0;0;0;1;0;0;0;0;0;0;0;0;0;1;0;0;0;0;0;0;0;0;0;0;0;0;1;0;0;0;0;0;0;0;0;0;0;0;0;0;0;0;0;0;0;9;15;0;0;3;5;0;0;0;0;CURITIBA;REGIÃO LESTE;4;6
0.7516392732314625;2018-12-31;12;16;23;27;725;33;2;12;22;546;33;0;33;904;20;54;5;4;4;5;4;5;4;0;0;1;0;0;0;0;0;0;0;0;0;0;0;0;0;0;0;0;1;0;0;0;0;0;0;0;0;0;0;0;0;1;0;0;0;0;0;0;0;0;0;0;0;0;0;0;0;0;0;0;9;15;0;0;3;5;0;0;0;0;CURITIBA;REGIÃO LESTE;5;5
0.7386984026112828;2019-01-31;17;21;25;28;768;34;5;17;22;602;34;0;34;935;32;161;4;5;5;4;4;4;5;0;0;0;0;1;0;0;0;0;0;0;0;0;0;0;0;0;0;0;0;1;0;0;0;0;0;0;0;0;0;0;0;1;0;0;0;0;0;0;0;0;0;0;0;0;0;0;0;0;0;0;9;15;0;0;3;5;31;0;0;0;CURITIBA;REGIÃO LESTE;6;5
0.8120685172881943;2019-02-28;15;17;22;27;614;33;10;15;22;491;33;0;33;737;120;278;4;4;4;4;4;4;4;0;0;0;1;0;0;0;0;0;0;0;0;0;0;0;0;0;0;0;0;1;0;0;0;0;0;0;0;0;0;0;0;1;0;0;0;0;0;0;0;0;0;0;0;0;0;0;0;0;0;0;9;15;0;1;5;6;0;0;0;0;CURITIBA;REGIÃO LESTE;7;6
1.0;2019-03-31;13;17;21;25;666;31;2;13;20;530;31;0;31;802;12;65;5;4;4;4;5;5;4;0;0;0;0;0;0;0;0;1;0;0;0;0;0;0;0;0;0;0;0;1;0;0;0;0;0;0;0;0;0;0;0;1;0;0;0;0;0;0;0;0;0;0;0;0;0;0;0;0;0;0;9;15;0;1;5;6;0;3;0;0;CURITIBA;REGIÃO LESTE;8;6
0.6699500274415784;2019-04-30;12;16;21;24;619;29;3;12;20;485;29;0;29;754;20;101;4;4;4;5;4;4;5;1;0;0;0;0;0;0;0;0;0;0;0;0;0;0;0;0;0;0;0;1;0;0;0;0;0;0;0;0;0;0;0;1;0;0;0;0;0;0;0;0;0;0;0;0;0;0;0;0;0;0;9;15;0;1;5;6;0;1;0;0;CURITIBA;REGIÃO LESTE;9;5
0.9489586643172825;2019-05-31;8;14;18;24;567;30;8;8;19;455;30;0;30;679;59;243;4;5;5;4;5;4;4;0;0;0;0;0;0;0;1;0;0;0;0;0;0;0;0;0;0;0;0;1;0;0;0;0;0;0;0;0;0;0;0;1;0;0;0;0;0;0;0;0;0;0;0;0;0;0;0;0;0;0;9;15;0;1;5;6;0;0;0;0;CURITIBA;REGIÃO LESTE;10;6
0.6258413010196713;2019-06-30;8;12;17;20;510;26;2;8;15;354;26;0;26;666;28;66;5;4;4;4;4;5;4;0;0;0;0;0;0;1;0;0;0;0;0;0;0;0;0;0;0;0;0;1;0;0;0;0;0;0;0;0;0;0;0;1;0;0;0;0;0;0;0;0;0;0;0;0;0;0;0;0;0;0;9;15;0;1;5;6;0;1;0;0;CURITIBA;REGIÃO LESTE;11;5
0.5078425142262919;2019-07-31;6;10;16;20;491;26;0;6;15;326;26;0;26;655;5;12;4;5;4;5;4;4;5;0;0;0;0;0;1;0;0;0;0;0;0;0;0;0;0;0;0;0;0;1;0;0;0;0;0;0;0;0;0;0;0;1;0;0;0;0;0;0;0;0;0;0;0;0;0;0;0;0;0;0;9;14;0;1;5;6;16;0;0;0;CURITIBA;REGIÃO LESTE;12;4
0.816401398076201;2019-08-31;6;9;16;23;493;30;2;6;17;326;30;0;30;660;20;49;4;4;5;4;5;5;4;0;1;0;0;0;0;0;0;0;0;0;0;0;0;0;0;0;0;0;0;1;0;0;0;0;0;0;0;0;0;0;0;1;0;0;0;0;0;0;0;0;0;0;0;0;0;0;0;0;0;0;9;14;0;1;5;6;0;0;0;0;CURITIBA;REGIÃO LESTE;13;6
0.9992489673300788;2019-09-30;8;10;18;26;535;34;4;8;18;385;34;0;34;685;32;125;5;4;4;5;4;4;4;0;0;0;0;0;0;0;0;0;0;0;1;0;0;0;0;0;0;0;0;1;0;0;0;0;0;0;0;0;0;0;0;1;0;0;0;0;0;0;0;0;0;0;0;0;0;0;0;0;0;0;9;14;0;1;5;6;0;0;0;0;CURITIBA;REGIÃO LESTE;14;6
0.9331003206331783;2019-10-31;11;14;21;26;646;34;3;11;19;470;34;0;34;821;26;85;4;5;5;4;4;4;5;0;0;0;0;0;0;0;0;0;0;1;0;0;0;0;0;0;0;0;0;1;0;0;0;0;0;0;0;0;0;0;0;1;0;0;0;0;0;0;0;0;0;0;0;0;0;0;0;0;0;0;9;14;0;1;5;6;0;0;0;0;CURITIBA;REGIÃO LESTE;15;6
0.9113492590773853;2019-11-30;12;15;20;25;612;32;3;12;19;462;32;0;32;762;33;99;4;4;4;4;5;5;4;0;0;0;0;0;0;0;0;0;1;0;0;0;0;0;0;0;0;0;0;1;0;0;0;0;0;0;0;0;0;0;0;1;0;0;0;0;0;0;0;0;0;0;0;0;0;0;0;0;0;0;9;14;0;1;5;6;0;0;0;0;CURITIBA;REGIÃO LESTE;16;6
0.46514919552846695;2019-12-31;13;17;22;26;667;33;2;13;19;512;33;0;33;822;21;64;5;4;4;5;4;4;5;0;0;1;0;0;0;0;0;0;0;0;0;0;0;0;0;0;0;0;0;1;0;0;0;0;0;0;0;0;0;0;0;1;0;0;0;0;0;0;0;0;0;0;0;0;0;0;0;0;0;0;9;14;0;1;5;6;0;0;0;0;CURITIBA;REGIÃO LESTE;17;4
0.62503249660591;2020-01-31;14;17;23;26;704;32;7;14;21;555;32;0;32;852;59;208;4;5;5;4;5;4;4;0;0;0;0;1;0;0;0;0;0;0;0;0;0;0;0;0;0;0;0;0;1;0;0;0;0;0;0;0;0;0;0;1;0;0;0;0;0;0;0;0;0;0;0;0;0;0;0;0;0;0;9;14;0;1;5;6;31;0;0;0;CURITIBA;REGIÃO LESTE;18;5
0.8295733556717411;2020-02-29;11;17;21;27;622;32;3;11;21;495;32;0;32;749;19;101;4;4;4;4;4;5;4;0;0;0;1;0;0;0;0;0;0;0;0;0;0;0;0;0;0;0;0;0;1;0;0;0;0;0;0;0;0;0;0;1;0;0;0;0;0;0;0;0;0;0;0;0;0;0;0;0;0;0;9;14;0;1;5;6;0;3;0;0;CURITIBA;REGIÃO LESTE;19;6
0.5659031167855801;2020-03-31;12;18;21;25;658;32;0;12;19;480;32;0;32;836;5;14;5;4;4;5;4;4;5;0;0;0;0;0;0;0;0;1;0;0;0;0;0;0;0;0;0;0;0;0;1;0;0;0;0;0;0;0;0;0;0;1;0;0;0;0;0;0;0;0;0;0;0;0;0;0;0;0;0;0;9;14;0;1;5;6;0;0;15;0;CURITIBA;REGIÃO LESTE;20;5
0.28022184349634593;2020-04-30;8;15;19;24;573;31;1;8;18;395;31;0;31;751;14;21;4;5;5;4;4;4;4;1;0;0;0;0;0;0;0;0;0;0;0;0;0;0;0;0;0;0;0;0;1;0;0;0;0;0;0;0;0;0;0;1;0;0;0;0;0;0;0;0;0;0;0;0;0;0;0;0;0;0;9;14;0;1;5;6;0;1;30;0;CURITIBA;REGIÃO LESTE;21;2
0.3144227158496779;2020-05-31;6;13;16;21;509;26;1;6;17;327;26;0;26;692;12;25;5;4;4;4;5;5;4;0;0;0;0;0;0;0;1;0;0;0;0;0;0;0;0;0;0;0;0;0;1;0;0;0;0;0;0;0;0;0;0;1;0;0;0;0;0;0;0;0;0;0;0;0;0;0;0;0;0;0;9;14;0;1;5;6;0;0;31;0;CURITIBA;REGIÃO LESTE;22;3
0.2466564603252549;2020-06-30;8;10;17;22;498;27;5;8;19;360;27;0;27;636;65;143;4;4;4;5;4;4;5;0;0;0;0;0;0;1;0;0;0;0;0;0;0;0;0;0;0;0;0;0;1;0;0;0;0;0;0;0;0;0;0;1;0;0;0;0;0;0;0;0;0;0;0;0;0;0;0;0;0;0;9;14;0;1;5;6;0;1;30;0;CURITIBA;REGIÃO LESTE;23;2
0.30281059533782023;2020-07-31;6;10;16;20;498;27;1;6;15;334;27;0;27;662;17;28;4;5;5;4;5;4;4;0;0;0;0;0;1;0;0;0;0;0;0;0;0;0;0;0;0;0;0;0;1;0;0;0;0;0;0;0;0;0;0;1;0;0;0;0;0;0;0;0;0;0;0;0;0;0;0;0;0;0;9;14;0;1;5;6;0;0;31;0;CURITIBA;REGIÃO LESTE;24;3
0.24382564487709057;2020-08-31;6;8;16;22;503;31;4;6;14;330;31;0;31;675;31;132;5;4;4;5;4;5;4;0;1;0;0;0;0;0;0;0;0;0;0;0;0;0;0;0;0;0;0;0;1;0;0;0;0;0;0;0;0;0;0;1;0;0;0;0;0;0;0;0;0;0;0;0;0;0;0;0;0;0;9;14;0;1;5;6;0;0;31;0;CURITIBA;REGIÃO LESTE;25;2
0.4522949825240475;2020-09-30;9;12;20;25;594;34;2;9;18;412;34;0;34;775;34;45;4;5;4;4;4;4;5;0;0;0;0;0;0;0;0;0;0;0;1;0;0;0;0;0;0;0;0;0;1;0;0;0;0;0;0;0;0;0;0;1;0;0;0;0;0;0;0;0;0;0;0;0;0;0;0;0;0;0;9;14;0;1;5;6;0;0;30;0;CURITIBA;REGIÃO LESTE;26;4
0.5139085473295011;2020-10-31;11;13;20;27;624;36;4;11;19;452;36;0;36;796;37;118;4;4;5;4;5;5;4;0;0;0;0;0;0;0;0;0;0;1;0;0;0;0;0;0;0;0;0;0;1;0;0;0;0;0;0;0;0;0;0;1;0;0;0;0;0;0;0;0;0;0;0;0;0;0;0;0;0;0;9;14;0;1;5;6;0;0;31;0;CURITIBA;REGIÃO LESTE;27;5
0.08027383806580202;2020-11-30;8;14;20;25;595;32;7;8;18;431;32;0;32;759;87;210;5;4;4;5;4;4;4;0;0;0;0;0;0;0;0;0;1;0;0;0;0;0;0;0;0;0;0;0;1;0;0;0;0;0;0;0;0;0;0;1;0;0;0;0;0;0;0;0;0;0;0;0;0;0;0;0;0;0;9;14;0;1;5;6;0;0;30;0;CURITIBA;REGIÃO LESTE;28;0
0.1266356624974725;2020-12-31;14;16;22;25;680;32;5;14;19;528;32;0;32;831;26;159;4;5;5;4;4;4;5;0;0;1;0;0;0;0;0;0;0;0;0;0;0;0;0;0;0;0;0;0;1;0;0;0;0;0;0;0;0;0;0;1;0;0;0;0;0;0;0;0;0;0;0;0;0;0;0;0;0;0;9;14;0;1;5;6;0;0;31;0;CURITIBA;REGIÃO LESTE;29;1
0.35714492041942286;2021-01-31;14;19;22;26;694;32;7;14;21;570;32;0;32;819;82;215;5;4;4;4;5;5;4;0;0;0;0;1;0;0;0;0;0;0;0;1;0;0;0;0;0;0;0;0;0;0;0;0;0;0;0;0;0;0;0;1;0;0;0;0;0;0;0;0;0;0;0;0;0;0;0;0;0;0;8;13;0;1;5;6;0;0;31;0;CURITIBA;REGIÃO LESTE;30;4
0.5354574077818539;2021-02-28;14;18;22;26;619;32;3;14;21;475;32;0;32;763;24;89;4;4;4;4;4;4;4;0;0;0;1;0;0;0;0;0;0;0;0;1;0;0;0;0;0;0;0;0;0;0;0;0;0;0;0;0;0;0;0;1;0;0;0;0;0;0;0;0;0;0;0;0;0;0;0;0;0;0;8;13;0;1;5;7;0;3;28;0;CURITIBA;REGIÃO LESTE;31;5
0.2839770068459516;2021-03-31;12;18;23;25;698;31;4;12;20;548;31;0;31;848;60;123;4;5;4;5;4;4;5;0;0;0;0;0;0;0;0;1;0;0;0;1;0;0;0;0;0;0;0;0;0;0;0;0;0;0;0;0;0;0;0;1;0;0;0;0;0;0;0;0;0;0;0;0;0;0;0;0;0;0;8;13;0;1;5;7;0;0;31;0;CURITIBA;REGIÃO LESTE;32;2
0.46148068979462137;2021-04-30;10;16;19;22;561;29;0;10;17;422;29;0;29;700;8;12;4;4;5;4;5;4;4;1;0;0;0;0;0;0;0;0;0;0;0;1;0;0;0;0;0;0;0;0;0;0;0;0;0;0;0;0;0;0;0;1;0;0;0;0;0;0;0;0;0;0;0;0;0;0;0;0;0;0;8;13;0;1;5;7;0;1;30;0;CURITIBA;REGIÃO LESTE;33;4
0.3560472572864612;2021-05-31;8;12;17;21;517;28;4;8;16;352;28;0;28;683;59;123;5;4;4;5;4;5;4;0;0;0;0;0;0;0;1;0;0;0;0;1;0;0;0;0;0;0;0;0;0;0;0;0;0;0;0;0;0;0;0;1;0;0;0;0;0;0;0;0;0;0;0;0;0;0;0;0;0;0;8;13;0;1;5;7;0;0;31;0;CURITIBA;REGIÃO LESTE;34;3
0.3871573413443485;2021-06-30;6;9;15;20;452;26;3;6;15;326;26;0;26;578;46;89;4;5;4;4;4;4;5;0;0;0;0;0;0;1;0;0;0;0;0;1;0;0;0;0;0;0;0;0;0;0;0;0;0;0;0;0;0;0;0;1;0;0;0;0;0;0;0;0;0;0;0;0;0;0;0;0;0;0;8;13;0;1;5;7;0;1;30;0;CURITIBA;REGIÃO LESTE;35;4
0.35333198532597704;2021-07-31;-14;-3;12;18;361;26;1;-14;12;168;26;0;26;554;12;18;4;4;5;4;5;5;4;0;0;0;0;0;1;0;0;0;0;0;0;1;0;0;0;0;0;0;0;0;0;0;0;0;0;0;0;0;0;0;0;1;0;0;0;0;0;0;0;0;0;0;0;0;0;0;0;0;0;0;8;13;0;1;5;7;0;0;31;0;CURITIBA;REGIÃO LESTE;36;3
0.32799907565209857;2021-08-31;8;9;17;24;518;30;3;8;18;354;30;0;30;681;34;89;5;4;4;5;4;4;5;0;1;0;0;0;0;0;0;0;0;0;0;1;0;0;0;0;0;0;0;0;0;0;0;0;0;0;0;0;0;0;0;1;0;0;0;0;0;0;0;0;0;0;0;0;0;0;0;0;0;0;8;14;0;1;5;7;0;0;31;0;CURITIBA;REGIÃO LESTE;37;3
0.3424131257402005;2021-09-30;9;12;19;24;574;31;2;9;18;399;31;0;31;748;16;58;4;5;5;4;4;4;4;0;0;0;0;0;0;0;0;0;0;0;1;1;0;0;0;0;0;0;0;0;0;0;0;0;0;0;0;0;0;0;0;1;0;0;0;0;0;0;0;0;0;0;0;0;0;0;0;0;0;0;8;14;0;1;5;7;0;0;30;0;CURITIBA;REGIÃO LESTE;38;3
0.12470030907882951;2021-10-31;10;13;17;21;528;27;6;10;16;412;27;0;27;643;26;172;5;4;4;4;5;5;4;0;0;0;0;0;0;0;0;0;0;1;0;1;0;0;0;0;0;0;0;0;0;0;0;0;0;0;0;0;0;0;0;1;0;0;0;0;0;0;0;0;0;0;0;0;0;0;0;0;0;0;8;14;0;1;5;7;0;0;0;0;CURITIBA;REGIÃO LESTE;39;0
0.0734278864207516;2021-11-30;11;16;20;25;611;32;2;11;19;452;32;0;32;770;22;51;4;4;4;5;4;4;5;0;0;0;0;0;0;0;0;0;1;0;0;1;0;0;0;0;0;0;0;0;0;0;0;0;0;0;0;0;0;0;0;1;0;0;0;0;0;0;0;0;0;0;0;0;0;0;0;0;0;0;8;14;0;1;5;7;0;0;0;0;CURITIBA;REGIÃO LESTE;40;0
0.069730494814986;2021-12-31;12;17;22;26;670;33;5;12;20;497;33;0;33;842;47;151;4;5;5;4;5;4;4;0;0;1;0;0;0;0;0;0;0;0;0;1;0;0;0;0;0;0;0;0;0;0;0;0;0;0;0;0;0;0;0;1;0;0;0;0;0;0;0;0;0;0;0;0;0;0;0;0;0;0;8;14;0;1;5;7;0;0;0;0;CURITIBA;REGIÃO LESTE;41;0
0.0;2022-01-31;14;17;23;27;704;33;7;14;21;552;33;0;33;857;47;211;5;4;4;5;4;5;4;0;0;0;0;1;0;0;0;0;0;0;0;0;1;0;0;0;0;0;0;0;0;0;0;0;0;0;0;0;0;0;0;1;0;0;0;0;0;0;0;0;0;0;0;0;0;0;0;0;0;0;8;14;0;1;5;7;31;0;0;0;CURITIBA;REGIÃO LESTE;42;0
0.11060400358184808;2022-02-28;13;19;23;26;650;32;4;13;20;496;32;0;32;804;27;112;4;4;4;4;4;4;4;0;0;0;1;0;0;0;0;0;0;0;0;0;1;0;0;0;0;0;0;0;0;0;0;0;0;0;0;0;0;0;0;1;0;0;0;0;0;0;0;0;0;0;0;0;0;0;0;0;0;0;8;14;0;1;5;7;0;1;0;0;CURITIBA;REGIÃO LESTE;43;0
0.20852710939079694;2022-03-31;12;15;22;26;685;32;7;12;20;547;32;0;32;823;103;229;4;5;5;4;4;4;5;0;0;0;0;0;0;0;0;1;0;0;0;0;1;0;0;0;0;0;0;0;0;0;0;0;0;0;0;0;0;0;0;1;0;0;0;0;0;0;0;0;0;0;0;0;0;0;0;0;0;0;8;14;0;1;5;7;0;1;0;0;CURITIBA;REGIÃO LESTE;44;1
0.21401542505560528;2022-04-30;8;13;19;23;567;29;3;8;18;430;29;0;29;704;37;104;4;4;4;4;5;5;4;1;0;0;0;0;0;0;0;0;0;0;0;0;1;0;0;0;0;0;0;0;0;0;0;0;0;0;0;0;0;0;0;1;0;0;0;0;0;0;0;0;0;0;0;0;0;0;0;0;0;0;8;14;0;1;5;7;0;1;0;0;CURITIBA;REGIÃO LESTE;45;1
0.2947225512002079;2022-05-31;7;10;16;21;499;26;5;7;17;357;26;0;26;641;58;142;5;4;4;5;4;4;5;0;0;0;0;0;0;0;1;0;0;0;0;0;1;0;0;0;0;0;0;0;0;0;0;0;0;0;0;0;0;0;0;1;0;0;0;0;0;0;0;0;0;0;0;0;0;0;0;0;0;0;8;14;0;1;5;7;0;0;0;0;CURITIBA;REGIÃO LESTE;46;3
0.24093705768508622;2022-06-30;7;10;15;22;452;26;4;7;17;332;26;0;26;572;56;135;4;5;5;4;4;4;4;0;0;0;0;0;0;1;0;0;0;0;0;0;1;0;0;0;0;0;0;0;0;0;0;0;0;0;0;0;0;0;0;1;0;0;0;0;0;0;0;0;0;0;0;0;0;0;0;0;0;0;8;14;0;1;5;7;0;1;0;0;CURITIBA;REGIÃO LESTE;47;2
0.1835119443080389;2022-07-31;7;12;17;20;534;27;1;7;14;346;27;0;27;722;13;30;5;4;4;4;5;5;4;0;0;0;0;0;1;0;0;0;0;0;0;0;1;0;0;0;0;0;0;0;0;0;0;0;0;0;0;0;0;0;0;1;0;0;0;0;0;0;0;0;0;0;0;0;0;0;0;0;0;0;8;14;0;1;5;7;0;0;0;0;CURITIBA;REGIÃO LESTE;48;1
0.4284063664461712;2022-08-31;7;10;15;19;467;27;4;7;14;330;27;0;27;604;52;131;4;5;4;5;4;4;5;0;1;0;0;0;0;0;0;0;0;0;0;0;1;0;0;0;0;0;0;0;0;0;0;0;0;0;0;0;0;0;0;1;0;0;0;0;0;0;0;0;0;0;0;0;0;0;0;0;0;0;8;14;0;1;5;7;0;0;0;0;CURITIBA;REGIÃO LESTE;49;4
0.30012420924925615;2022-09-30;7;10;15;23;439;30;6;7;17;322;30;0;30;555;36;169;4;4;5;4;5;4;4;0;0;0;0;0;0;0;0;0;0;0;1;0;1;0;0;0;0;0;0;0;0;0;0;0;0;0;0;0;0;0;0;1;0;0;0;0;0;0;0;0;0;0;0;0;0;0;0;0;0;0;8;14;0;1;5;7;0;0;0;0;CURITIBA;REGIÃO LESTE;50;3
0.2833415176637107;2022-10-31;9;14;19;23;582;30;5;9;17;435;30;0;30;728;23;147;5;4;4;5;4;5;4;0;0;0;0;0;0;0;0;0;0;1;0;0;1;0;0;0;0;0;0;0;0;0;0;0;0;0;0;0;0;0;0;1;0;0;0;0;0;0;0;0;0;0;0;0;0;0;0;0;0;0;8;14;0;1;5;7;0;0;0;0;CURITIBA;REGIÃO LESTE;51;2
0.2291516219417083;2022-11-30;8;10;18;22;538;28;6;8;18;396;28;0;28;679;28;176;4;5;4;4;4;4;5;0;0;0;0;0;0;0;0;0;1;0;0;0;1;0;0;0;0;0;0;0;0;0;0;0;0;0;0;0;0;0;0;1;0;0;0;0;0;0;0;0;0;0;0;0;0;0;0;0;0;0;8;14;0;1;5;7;0;0;0;0;CURITIBA;REGIÃO LESTE;52;1
0.16155868164880555;2022-12-31;13;17;21;25;661;32;5;13;21;515;32;0;32;807;56;168;4;4;5;4;5;5;4;0;0;1;0;0;0;0;0;0;0;0;0;0;1;0;0;0;0;0;0;0;0;0;0;0;0;0;0;0;0;0;0;1;0;0;0;0;0;0;0;0;0;0;0;0;0;0;0;0;0;0;8;14;0;1;5;7;0;0;0;0;CURITIBA;REGIÃO LESTE;53;1
0.08275802305092578;2023-01-31;13;17;22;25;687;32;4;13;20;533;32;0;32;842;48;112;5;4;4;5;4;4;5;0;0;0;0;1;0;0;0;0;0;0;0;0;0;1;0;0;0;0;0;0;0;0;0;0;0;0;0;0;0;0;0;1;0;0;0;0;0;0;0;0;0;0;0;0;0;0;0;0;0;0;8;14;0;1;5;7;31;0;0;0;CURITIBA;REGIÃO LESTE;54;0
0.0556053034460845;2023-02-28;13;15;22;24;622;31;5;13;20;492;31;0;31;753;21;128;4;4;4;4;4;4;4;0;0;0;1;0;0;0;0;0;0;0;0;0;0;1;0;0;0;0;0;0;0;0;0;0;0;0;0;0;0;0;0;1;0;0;0;0;0;0;0;0;0;0;0;0;0;0;0;0;0;0;8;14;0;1;5;7;0;3;0;0;CURITIBA;REGIÃO LESTE;55;0
0.5134752592507004;2023-03-31;14;20;22;25;696;31;3;14;20;550;31;0;31;843;23;96;4;5;5;4;5;4;4;0;0;0;0;0;0;0;0;1;0;0;0;0;0;1;0;0;0;0;0;0;0;0;0;0;0;0;0;0;0;0;0;1;0;0;0;0;0;0;0;0;0;0;0;0;0;0;0;0;0;0;8;14;0;1;5;7;0;0;0;0;CURITIBA;REGIÃO LESTE;56;5
0.22828504578410697;2023-04-30;9;15;19;23;562;28;3;9;17;431;28;0;28;694;25;84;5;4;4;4;4;5;4;1;0;0;0;0;0;0;0;0;0;0;0;0;0;1;0;0;0;0;0;0;0;0;0;0;0;0;0;0;0;0;0;1;0;0;0;0;0;0;0;0;0;0;0;0;0;0;0;0;0;0;8;14;0;1;5;7;0;1;0;0;CURITIBA;REGIÃO LESTE;57;1
0.2806551315751466;2023-05-31;8;14;18;22;551;28;2;8;19;396;28;0;28;706;34;57;4;5;4;5;4;4;5;0;0;0;0;0;0;0;1;0;0;0;0;0;0;1;0;0;0;0;0;0;0;0;0;0;0;0;0;0;0;0;0;1;0;0;0;0;0;0;0;0;0;0;0;0;0;0;0;0;0;0;8;14;0;1;5;7;0;0;0;0;CURITIBA;REGIÃO LESTE;58;2
0.23521765504491748;2023-06-30;6;10;16;22;473;27;1;6;17;317;27;0;27;630;18;44;4;4;5;4;5;4;4;0;0;0;0;0;0;1;0;0;0;0;0;0;0;1;0;0;0;0;0;0;0;0;0;0;0;0;0;0;0;0;0;1;0;0;0;0;0;0;0;0;0;0;0;0;0;0;0;0;0;0;8;14;0;1;5;7;0;1;0;0;CURITIBA;REGIÃO LESTE;59;1
0.11141280799560932;2023-07-31;4;10;15;20;480;26;3;4;15;340;26;0;26;620;23;80;5;4;4;5;4;5;4;0;0;0;0;0;1;0;0;0;0;0;0;0;0;1;0;0;0;0;0;0;0;0;0;0;0;0;0;0;0;0;0;1;0;0;0;0;0;0;0;0;0;0;0;0;0;0;0;0;0;0;8;14;0;1;5;7;15;0;0;0;CURITIBA;REGIÃO LESTE;60;0
0.29140067592940294;2023-08-31;6;9;17;26;518;30;4;6;21;352;30;0;30;683;30;114;4;5;5;4;4;4;5;0;1;0;0;0;0;0;0;0;0;0;0;0;0;1;0;0;0;0;0;0;0;0;0;0;0;0;0;0;0;0;0;1;0;0;0;0;0;0;0;0;0;0;0;0;0;0;0;0;0;0;8;14;0;1;5;7;0;0;0;0;CURITIBA;REGIÃO LESTE;61;3
0.2889453768161992;2023-09-30;10;14;20;26;603;33;4;10;19;439;33;0;33;766;23;110;4;4;4;4;5;5;4;0;0;0;0;0;0;0;0;0;0;0;1;0;0;1;0;0;0;0;0;0;0;0;0;0;0;0;0;0;0;0;0;1;0;0;0;0;0;0;0;0;0;0;0;0;0;0;0;0;0;0;8;14;0;1;5;7;0;0;0;0;CURITIBA;REGIÃO LESTE;62;2
0.2591640428666339;2023-10-31;11;12;19;24;584;32;14;11;18;451;32;0;32;718;63;436;5;4;4;5;4;4;5;0;0;0;0;0;0;0;0;0;0;1;0;0;0;1;0;0;0;0;0;0;0;0;0;0;0;0;0;0;0;0;0;1;0;0;0;0;0;0;0;0;0;0;0;0;0;0;0;0;0;0;8;14;0;1;5;7;0;0;0;0;CURITIBA;REGIÃO LESTE;63;2
0.37300326410352697;2023-11-30;8;16;21;27;638;35;8;8;21;491;35;0;35;786;83;231;4;5;5;4;4;4;4;0;0;0;0;0;0;0;0;0;1;0;0;0;0;1;0;0;0;0;0;0;0;0;0;0;0;0;0;0;0;0;0;1;0;0;0;0;0;0;0;0;0;0;0;0;0;0;0;0;0;0;8;14;0;1;5;7;0;0;0;0;CURITIBA;REGIÃO LESTE;64;4
0.20095901094774543;2023-12-31;13;17;23;28;725;35;2;13;22;558;35;0;35;892;28;54;5;4;4;4;5;5;4;0;0;1;0;0;0;0;0;0;0;0;0;0;0;1;0;0;0;0;0;0;0;0;0;0;0;0;0;0;0;0;0;1;0;0;0;0;0;0;0;0;0;0;0;0;0;0;0;0;0;0;8;14;0;1;5;7;0;0;0;0;CURITIBA;REGIÃO LESTE;65;1
0.14006759294029286;2024-01-31;13;17;23;28;706;35;5;13;22;549;35;0;35;862;41;161;4;5;4;5;4;4;5;0;0;0;0;1;0;0;0;0;0;0;0;0;0;0;1;0;0;0;0;0;0;0;0;0;0;0;0;0;0;0;0;1;0;0;0;0;0;0;0;0;0;0;0;0;0;0;0;0;0;0;8;14;0;1;5;7;31;0;0;0;CURITIBA;REGIÃO LESTE;66;1
0.3416909789421993;2024-02-29;16;18;23;27;679;32;6;16;22;538;32;0;32;819;48;186;4;4;5;4;4;4;4;0;0;0;1;0;0;0;0;0;0;0;0;0;0;0;1;0;0;0;0;0;0;0;0;0;0;0;0;0;0;0;0;1;0;0;0;0;0;0;0;0;0;0;0;0;0;0;0;0;0;0;8;14;0;1;5;8;0;3;0;0;CURITIBA;REGIÃO LESTE;67;3
0.5573528986972471;2024-03-31;14;17;23;28;710;33;2;14;23;567;33;0;33;853;22;47;5;4;4;4;5;5;4;0;0;0;0;0;0;0;0;1;0;0;0;0;0;0;1;0;0;0;0;0;0;0;0;0;0;0;0;0;0;0;0;1;0;0;0;0;0;0;0;0;0;0;0;0;0;0;0;0;0;0;8;14;0;1;5;8;0;1;0;0;CURITIBA;REGIÃO LESTE;68;5
0.26728097287616626;2024-04-30;9;16;22;26;645;31;4;9;21;512;31;0;31;778;61;128;4;4;4;5;4;4;5;1;0;0;0;0;0;0;0;0;0;0;0;0;0;0;1;0;0;0;0;0;0;0;0;0;0;0;0;0;0;0;0;1;0;0;0;0;0;0;0;0;0;0;0;0;0;0;0;0;0;0;8;14;0;1;5;8;0;0;0;0;CURITIBA;REGIÃO LESTE;69;2
0.07648978884427626;2024-05-31;5;11;19;26;598;30;5;5;22;446;30;0;30;750;51;143;4;5;5;4;5;4;4;0;0;0;0;0;0;0;1;0;0;0;0;0;0;0;1;0;0;0;0;0;0;0;0;0;0;0;0;0;0;0;0;1;0;0;0;0;0;0;0;0;0;0;0;0;0;0;0;0;0;0;8;14;0;1;5;8;0;1;0;30;CURITIBA;REGIÃO LESTE;70;0
0.05583639042144484;2024-06-30;9;16;19;22;560;27;1;9;17;385;27;0;27;736;11;29;5;4;4;4;4;5;4;0;0;0;0;0;0;1;0;0;0;0;0;0;0;0;1;0;0;0;0;0;0;0;0;0;0;0;0;0;0;0;0;1;0;0;0;0;0;0;0;0;0;0;0;0;0;0;0;0;0;0;8;14;0;1;5;8;0;0;0;30;CURITIBA;REGIÃO LESTE;71;0
0.19916808688870274;2024-07-31;10;15;15;15;473;21;1;10;10;303;21;1;21;643;1;34;4;5;4;5;4;4;5;0;0;0;0;0;1;0;0;0;0;0;0;0;0;0;1;0;0;0;0;0;0;0;0;0;0;0;0;0;0;0;0;1;0;0;0;0;0;0;0;0;0;0;0;0;0;0;0;0;0;0;8;14;0;1;5;8;12;0;0;0;CURITIBA;REGIÃO LESTE;72;1
0.34154654958259917;2024-08-31;11;16;16;16;496;21;3;11;11;336;21;3;21;656;3;89;4;4;5;4;5;5;4;0;1;0;0;0;0;0;0;0;0;0;0;0;0;0;1;0;0;0;0;0;0;0;0;0;0;0;0;0;0;0;0;1;0;0;0;0;0;0;0;0;0;0;0;0;0;0;0;0;0;0;8;14;0;1;5;8;0;0;0;0;CURITIBA;REGIÃO LESTE;73;3
0.41113261503798487;2024-09-30;13;18;18;18;547;23;3;13;13;393;23;3;23;701;3;96;5;4;4;5;4;4;4;0;0;0;0;0;0;0;0;0;0;0;1;0;0;0;1;0;0;0;0;0;0;0;0;0;0;0;0;0;0;0;0;1;0;0;0;0;0;0;0;0;0;0;0;0;0;0;0;0;0;0;8;14;0;1;5;8;0;0;0;0;CURITIBA;REGIÃO LESTE;74;4
0.4087062017967012;2024-10-31;14;19;19;19;588;24;7;14;14;444;24;7;24;732;7;204;4;5;5;4;4;4;5;0;0;0;0;0;0;0;0;0;0;1;0;0;0;0;1;0;0;0;0;0;0;0;0;0;0;0;0;0;0;0;0;1;0;0;0;0;0;0;0;0;0;0;0;0;0;0;0;0;0;0;8;14;0;1;5;8;0;0;0;0;CURITIBA;REGIÃO LESTE;75;4
0.32619399973092966;2015-01-31;21;23;28;32;872;36;0;21;29;746;36;0;36;998;0;0;4;4;5;4;5;5;4;0;0;0;0;1;0;0;0;0;0;0;0;0;0;0;0;1;0;0;0;0;0;0;0;0;0;0;0;0;0;0;0;0;1;0;0;0;0;0;0;0;0;0;0;0;0;0;0;0;0;0;3;3;0;0;2;0;31;0;0;0;FOZ DO IGUAÇU;REGIÃO OESTE;1;1
0.4491591551190637;2015-02-28;18;24;28;32;782;37;1;18;31;672;37;0;37;892;39;39;4;4;4;4;4;4;4;0;0;0;1;0;0;0;0;0;0;0;0;0;0;0;0;1;0;0;0;0;0;0;0;0;0;0;0;0;0;0;0;0;1;0;0;0;0;0;0;0;0;0;0;0;0;0;0;0;0;0;3;3;0;0;2;0;0;3;0;0;FOZ DO IGUAÇU;REGIÃO OESTE;2;3
0.5677653706444236;2015-03-31;16;22;27;32;828;33;3;16;31;725;33;0;33;932;45;92;5;4;4;5;4;4;5;0;0;0;0;0;0;0;0;1;0;0;0;0;0;0;0;1;0;0;0;0;0;0;0;0;0;0;0;0;0;0;0;0;1;0;0;0;0;0;0;0;0;0;0;0;0;0;0;0;0;0;3;3;0;0;2;0;0;0;0;0;FOZ DO IGUAÇU;REGIÃO OESTE;3;4
0.4134804251311718;2015-04-30;15;19;24;27;709;31;3;15;25;620;31;0;31;798;71;86;4;5;5;4;4;4;4;1;0;0;0;0;0;0;0;0;0;0;0;0;0;0;0;1;0;0;0;0;0;0;0;0;0;0;0;0;0;0;0;0;1;0;0;0;0;0;0;0;0;0;0;0;0;0;0;0;0;0;3;3;0;0;2;0;0;1;0;0;FOZ DO IGUAÇU;REGIÃO OESTE;4;2
0.35484999327324096;2015-05-31;6;12;19;24;597;30;6;6;21;465;30;0;30;730;57;200;5;4;4;4;5;5;4;0;0;0;0;0;0;0;1;0;0;0;0;0;0;0;0;1;0;0;0;0;0;0;0;0;0;0;0;0;0;0;0;0;1;0;0;0;0;0;0;0;0;0;0;0;0;0;0;0;0;0;3;3;0;0;2;0;0;0;0;0;FOZ DO IGUAÇU;REGIÃO OESTE;5;2
0.33824835194403335;2015-06-30;4;11;19;23;570;30;6;4;19;410;30;0;30;731;79;165;4;4;4;5;4;4;5;0;0;0;0;0;0;1;0;0;0;0;0;0;0;0;0;1;0;0;0;0;0;0;0;0;0;0;0;0;0;0;0;0;1;0;0;0;0;0;0;0;0;0;0;0;0;0;0;0;0;0;3;3;0;0;2;0;0;1;0;0;FOZ DO IGUAÇU;REGIÃO OESTE;6;2
0.08516076954123503;2015-07-31;5;11;17;23;531;29;8;5;17;400;29;0;29;663;36;244;4;5;5;4;5;4;4;0;0;0;0;0;1;0;0;0;0;0;0;0;0;0;0;1;0;0;0;0;0;0;0;0;0;0;0;0;0;0;0;0;1;0;0;0;0;0;0;0;0;0;0;0;0;0;0;0;0;0;3;3;0;0;2;0;15;0;0;3;FOZ DO IGUAÇU;REGIÃO OESTE;7;0
0.0;2015-08-31;7;15;22;27;690;34;2;7;21;483;34;0;34;897;26;50;5;4;4;5;4;5;4;0;1;0;0;0;0;0;0;0;0;0;0;0;0;0;0;1;0;0;0;0;0;0;0;0;0;0;0;0;0;0;0;0;1;0;0;0;0;0;0;0;0;0;0;0;0;0;0;0;0;0;3;3;0;0;2;0;0;0;0;31;FOZ DO IGUAÇU;REGIÃO OESTE;8;0
0.29126866675635676;2015-09-30;3;12;22;30;668;38;3;3;23;467;38;0;38;869;28;90;4;5;4;4;4;4;5;0;0;0;0;0;0;0;0;0;0;0;1;0;0;0;0;1;0;0;0;0;0;0;0;0;0;0;0;0;0;0;0;0;1;0;0;0;0;0;0;0;0;0;0;0;0;0;0;0;0;0;3;3;0;0;2;0;0;0;0;30;FOZ DO IGUAÇU;REGIÃO OESTE;9;1
0.5577021391093772;2015-10-31;10;16;24;31;747;38;4;10;25;580;38;0;38;915;35;130;4;4;5;4;5;5;4;0;0;0;0;0;0;0;0;0;0;1;0;0;0;0;0;1;0;0;0;0;0;0;0;0;0;0;0;0;0;0;0;0;1;0;0;0;0;0;0;0;0;0;0;0;0;0;0;0;0;0;3;3;0;0;2;0;0;0;0;7;FOZ DO IGUAÇU;REGIÃO OESTE;10;4
0.6269070361899637;2015-11-30;10;19;24;29;709;36;8;10;23;578;36;0;36;840;94;252;5;4;4;5;4;4;4;0;0;0;0;0;0;0;0;0;1;0;0;0;0;0;0;1;0;0;0;0;0;0;0;0;0;0;0;0;0;0;0;0;1;0;0;0;0;0;0;0;0;0;0;0;0;0;0;0;0;0;3;3;0;0;2;0;0;0;0;0;FOZ DO IGUAÇU;REGIÃO OESTE;11;5
0.5198708462262882;2015-12-31;15;21;25;28;777;33;10;15;24;640;33;0;33;914;81;298;4;5;5;4;4;4;5;0;0;1;0;0;0;0;0;0;0;0;0;0;0;0;0;1;0;0;0;0;0;0;0;0;0;0;0;0;0;0;0;0;1;0;0;0;0;0;0;0;0;0;0;0;0;0;0;0;0;0;3;3;0;0;2;0;0;0;0;0;FOZ DO IGUAÇU;REGIÃO OESTE;12;4
0.4971613076819589;2016-01-31;18;24;27;31;834;37;3;18;24;668;37;0;37;1001;21;82;5;4;4;4;5;5;4;0;0;0;0;1;0;0;0;0;0;0;0;0;0;0;0;0;1;0;0;0;0;0;0;0;0;0;0;0;0;0;0;0;1;0;0;0;0;0;0;0;0;0;0;0;0;0;0;0;0;0;3;3;0;0;2;0;31;0;0;0;FOZ DO IGUAÇU;REGIÃO OESTE;13;3
0.5589936768464954;2016-02-29;20;24;27;30;791;36;2;20;25;646;36;0;36;937;24;63;4;4;4;5;4;4;4;0;0;0;1;0;0;0;0;0;0;0;0;0;0;0;0;0;1;0;0;0;0;0;0;0;0;0;0;0;0;0;0;0;1;0;0;0;0;0;0;0;0;0;0;0;0;0;0;0;0;0;3;3;0;0;2;0;0;3;0;0;FOZ DO IGUAÇU;REGIÃO OESTE;14;4
0.6935019507601238;2016-03-31;13;19;24;28;733;34;1;13;22;576;34;0;34;890;18;32;4;5;5;4;4;4;5;0;0;0;0;0;0;0;0;1;0;0;0;0;0;0;0;0;1;0;0;0;0;0;0;0;0;0;0;0;0;0;0;0;1;0;0;0;0;0;0;0;0;0;0;0;0;0;0;0;0;0;3;3;0;0;2;0;0;1;0;0;FOZ DO IGUAÇU;REGIÃO OESTE;15;6
0.6306202071841787;2016-04-30;3;10;24;28;728;34;1;3;23;562;34;0;34;894;7;19;4;4;4;4;5;5;4;1;0;0;0;0;0;0;0;0;0;0;0;0;0;0;0;0;1;0;0;0;0;0;0;0;0;0;0;0;0;0;0;0;1;0;0;0;0;0;0;0;0;0;0;0;0;0;0;0;0;0;3;3;0;0;2;0;0;0;0;0;FOZ DO IGUAÇU;REGIÃO OESTE;16;5
0.5039418808018297;2016-05-31;4;12;18;22;544;28;1;4;18;407;28;0;28;682;15;31;5;4;4;5;4;4;5;0;0;0;0;0;0;0;1;0;0;0;0;0;0;0;0;0;1;0;0;0;0;0;0;0;0;0;0;0;0;0;0;0;1;0;0;0;0;0;0;0;0;0;0;0;0;0;0;0;0;0;3;3;0;0;2;0;0;1;0;0;FOZ DO IGUAÇU;REGIÃO OESTE;17;4
0.43898829543925744;2016-06-30;-2;7;14;22;433;30;0;-2;16;258;30;0;30;607;0;0;4;5;5;4;4;4;4;0;0;0;0;0;0;1;0;0;0;0;0;0;0;0;0;0;1;0;0;0;0;0;0;0;0;0;0;0;0;0;0;0;1;0;0;0;0;0;0;0;0;0;0;0;0;0;0;0;0;0;3;3;0;0;2;0;0;0;0;0;FOZ DO IGUAÇU;REGIÃO OESTE;18;3
0.3973631104533836;2016-07-31;1;6;18;25;548;32;0;1;19;343;32;0;32;754;0;0;5;4;4;4;5;5;4;0;0;0;0;0;1;0;0;0;0;0;0;0;0;0;0;0;1;0;0;0;0;0;0;0;0;0;0;0;0;0;0;0;1;0;0;0;0;0;0;0;0;0;0;0;0;0;0;0;0;0;3;3;0;0;2;0;14;0;0;0;FOZ DO IGUAÇU;REGIÃO OESTE;19;2
0.42997443831561954;2016-08-31;3;11;19;25;585;33;0;3;18;405;33;0;33;764;1;1;4;5;4;5;4;4;5;0;1;0;0;0;0;0;0;0;0;0;0;0;0;0;0;0;1;0;0;0;0;0;0;0;0;0;0;0;0;0;0;0;1;0;0;0;0;0;0;0;0;0;0;0;0;0;0;0;0;0;3;3;0;0;2;0;0;0;0;0;FOZ DO IGUAÇU;REGIÃO OESTE;20;3
0.5117987353692991;2016-09-30;2;11;19;26;569;34;0;2;19;340;34;0;34;798;2;4;4;4;5;4;5;4;4;0;0;0;0;0;0;0;0;0;0;0;1;0;0;0;0;0;1;0;0;0;0;0;0;0;0;0;0;0;0;0;0;0;1;0;0;0;0;0;0;0;0;0;0;0;0;0;0;0;0;0;3;3;0;0;2;0;0;0;0;0;FOZ DO IGUAÇU;REGIÃO OESTE;21;4
0.6415444638773039;2016-10-31;8;15;22;30;689;36;0;8;24;504;36;0;36;874;0;1;5;4;4;5;4;5;4;0;0;0;0;0;0;0;0;0;0;1;0;0;0;0;0;0;1;0;0;0;0;0;0;0;0;0;0;0;0;0;0;0;1;0;0;0;0;0;0;0;0;0;0;0;0;0;0;0;0;0;3;3;0;0;2;0;0;0;0;0;FOZ DO IGUAÇU;REGIÃO OESTE;22;5
0.6662989371720706;2016-11-30;8;16;23;27;700;34;4;8;24;501;34;0;34;900;61;109;4;5;4;4;4;4;5;0;0;0;0;0;0;0;0;0;1;0;0;0;0;0;0;0;1;0;0;0;0;0;0;0;0;0;0;0;0;0;0;0;1;0;0;0;0;0;0;0;0;0;0;0;0;0;0;0;0;0;3;3;0;0;2;0;0;0;0;0;FOZ DO IGUAÇU;REGIÃO OESTE;23;6
0.5329745728508005;2016-12-31;12;22;25;29;774;35;7;12;23;610;35;0;35;938;66;211;4;4;5;4;5;5;4;0;0;1;0;0;0;0;0;0;0;0;0;0;0;0;0;0;1;0;0;0;0;0;0;0;0;0;0;0;0;0;0;0;1;0;0;0;0;0;0;0;0;0;0;0;0;0;0;0;0;0;3;2;0;0;2;0;0;0;0;0;FOZ DO IGUAÇU;REGIÃO OESTE;24;4
0.48602179469931395;2017-01-31;14;22;27;29;824;35;2;14;23;645;35;0;35;1003;15;51;5;4;4;5;4;4;5;0;0;0;0;1;0;0;0;0;0;0;0;0;0;0;0;0;0;1;0;0;0;0;0;0;0;0;0;0;0;0;0;0;1;0;0;0;0;0;0;0;0;0;0;0;0;0;0;0;0;0;3;2;0;0;2;0;31;0;0;0;FOZ DO IGUAÇU;REGIÃO OESTE;25;3
0.6321270012108167;2017-02-28;16;24;27;29;744;36;8;16;23;581;36;0;36;906;68;222;4;4;4;4;4;4;4;0;0;0;1;0;0;0;0;0;0;0;0;0;0;0;0;0;0;1;0;0;0;0;0;0;0;0;0;0;0;0;0;0;1;0;0;0;0;0;0;0;0;0;0;0;0;0;0;0;0;0;4;2;0;0;3;0;0;2;0;0;FOZ DO IGUAÇU;REGIÃO OESTE;26;5
0.8023409121485269;2017-03-31;13;21;25;30;785;36;4;13;24;612;36;0;36;959;86;118;4;5;5;4;5;4;4;0;0;0;0;0;0;0;0;1;0;0;0;0;0;0;0;0;0;1;0;0;0;0;0;0;0;0;0;0;0;0;0;0;1;0;0;0;0;0;0;0;0;0;0;0;0;0;0;0;0;0;4;2;0;0;3;0;0;1;0;0;FOZ DO IGUAÇU;REGIÃO OESTE;27;6
0.5849320597336204;2017-04-30;7;14;22;26;649;32;12;7;22;491;32;0;32;806;170;374;5;4;4;4;4;5;4;1;0;0;0;0;0;0;0;0;0;0;0;0;0;0;0;0;0;1;0;0;0;0;0;0;0;0;0;0;0;0;0;0;1;0;0;0;0;0;0;0;0;0;0;0;0;0;0;0;0;0;4;2;0;0;3;0;0;1;0;0;FOZ DO IGUAÇU;REGIÃO OESTE;28;5
0.4979416117314678;2017-05-31;11;16;22;25;666;30;2;11;21;538;30;0;30;795;22;72;4;5;4;5;4;4;5;0;0;0;0;0;0;0;1;0;0;0;0;0;0;0;0;0;0;1;0;0;0;0;0;0;0;0;0;0;0;0;0;0;1;0;0;0;0;0;0;0;0;0;0;0;0;0;0;0;0;0;4;2;0;0;3;0;0;0;0;0;FOZ DO IGUAÇU;REGIÃO OESTE;29;3
0.4062155253598816;2017-06-30;4;12;18;24;548;28;1;4;21;402;28;0;28;694;35;39;4;4;5;4;5;4;4;0;0;0;0;0;0;1;0;0;0;0;0;0;0;0;0;0;0;1;0;0;0;0;0;0;0;0;0;0;0;0;0;0;1;0;0;0;0;0;0;0;0;0;0;0;0;0;0;0;0;0;4;2;0;0;3;0;0;1;0;0;FOZ DO IGUAÇU;REGIÃO OESTE;30;2
0.3776133458899502;2017-07-31;-1;6;19;24;581;31;0;-1;19;394;31;0;31;769;2;3;5;4;4;5;4;5;4;0;0;0;0;0;1;0;0;0;0;0;0;0;0;0;0;0;0;1;0;0;0;0;0;0;0;0;0;0;0;0;0;0;1;0;0;0;0;0;0;0;0;0;0;0;0;0;0;0;0;0;4;2;0;0;3;0;16;0;0;0;FOZ DO IGUAÇU;REGIÃO OESTE;31;2
0.4552670523341854;2017-08-31;7;14;21;26;649;35;6;7;20;444;35;0;35;854;101;171;4;5;5;4;4;4;5;0;1;0;0;0;0;0;0;0;0;0;0;0;0;0;0;0;0;1;0;0;0;0;0;0;0;0;0;0;0;0;0;0;1;0;0;0;0;0;0;0;0;0;0;0;0;0;0;0;0;0;4;2;0;0;3;0;0;0;0;0;FOZ DO IGUAÇU;REGIÃO OESTE;32;3
0.5673348580653841;2017-09-30;11;18;24;29;732;37;1;11;21;525;37;0;37;940;15;21;4;4;4;4;5;5;4;0;0;0;0;0;0;0;0;0;0;0;1;0;0;0;0;0;0;1;0;0;0;0;0;0;0;0;0;0;0;0;0;0;1;0;0;0;0;0;0;0;0;0;0;0;0;0;0;0;0;0;4;2;0;0;3;0;0;0;0;0;FOZ DO IGUAÇU;REGIÃO OESTE;33;4
0.5902327458630432;2017-10-31;8;17;22;30;694;37;15;8;23;514;37;0;37;873;87;455;5;4;4;5;4;4;5;0;0;0;0;0;0;0;0;0;0;1;0;0;0;0;0;0;0;1;0;0;0;0;0;0;0;0;0;0;0;0;0;0;1;0;0;0;0;0;0;0;0;0;0;0;0;0;0;0;0;0;4;2;0;0;3;0;0;0;0;0;FOZ DO IGUAÇU;REGIÃO OESTE;34;5
0.6167361765101574;2017-11-30;11;20;22;27;674;35;9;11;21;477;35;0;35;872;90;283;4;5;5;4;4;4;4;0;0;0;0;0;0;0;0;0;1;0;0;0;0;0;0;0;0;1;0;0;0;0;0;0;0;0;0;0;0;0;0;0;1;0;0;0;0;0;0;0;0;0;0;0;0;0;0;0;0;0;4;2;0;0;3;0;0;0;0;0;FOZ DO IGUAÇU;REGIÃO OESTE;35;5
0.4819319251984394;2017-12-31;15;23;26;28;799;35;7;15;23;630;35;0;35;968;115;206;5;4;4;4;5;5;4;0;0;1;0;0;0;0;0;0;0;0;0;0;0;0;0;0;0;1;0;0;0;0;0;0;0;0;0;0;0;0;0;0;1;0;0;0;0;0;0;0;0;0;0;0;0;0;0;0;0;0;4;2;0;0;3;0;0;0;0;0;FOZ DO IGUAÇU;REGIÃO OESTE;36;3
0.4185120408986951;2018-01-31;19;22;25;27;790;34;11;19;23;644;34;0;34;936;66;334;4;5;4;5;4;4;5;0;0;0;0;1;0;0;0;0;0;0;0;0;0;0;0;0;0;0;1;0;0;0;0;0;0;0;0;0;0;0;0;0;1;0;0;0;0;0;0;0;0;0;0;0;0;0;0;0;0;0;4;2;0;0;3;0;31;0;0;0;FOZ DO IGUAÇU;REGIÃO OESTE;37;2
0.5450558321000942;2018-02-28;15;22;25;28;706;35;7;15;22;545;35;0;35;868;45;196;4;4;4;4;4;4;4;0;0;0;1;0;0;0;0;0;0;0;0;0;0;0;0;0;0;0;1;0;0;0;0;0;0;0;0;0;0;0;0;0;1;0;0;0;0;0;0;0;0;0;0;0;0;0;0;0;0;0;4;2;0;0;3;0;0;3;0;0;FOZ DO IGUAÇU;REGIÃO OESTE;38;4
0.7967173415848244;2018-03-31;10;18;25;29;781;35;10;10;24;616;35;0;35;946;70;320;4;4;5;4;5;5;4;0;0;0;0;0;0;0;0;1;0;0;0;0;0;0;0;0;0;0;1;0;0;0;0;0;0;0;0;0;0;0;0;0;1;0;0;0;0;0;0;0;0;0;0;0;0;0;0;0;0;0;4;2;0;0;3;0;0;1;0;0;FOZ DO IGUAÇU;REGIÃO OESTE;39;6
0.7407237992735101;2018-04-30;15;22;24;26;728;33;1;15;21;548;33;0;33;908;43;45;5;4;4;5;4;4;4;1;0;0;0;0;0;0;0;0;0;0;0;0;0;0;0;0;0;0;1;0;0;0;0;0;0;0;0;0;0;0;0;0;1;0;0;0;0;0;0;0;0;0;0;0;0;0;0;0;0;0;4;2;0;0;3;0;0;0;0;0;FOZ DO IGUAÇU;REGIÃO OESTE;40;6
0.538517422305933;2018-05-31;5;12;20;26;630;32;2;5;20;458;32;0;32;802;24;72;4;5;5;4;4;4;5;0;0;0;0;0;0;0;1;0;0;0;0;0;0;0;0;0;0;0;1;0;0;0;0;0;0;0;0;0;0;0;0;0;1;0;0;0;0;0;0;0;0;0;0;0;0;0;0;0;0;0;4;2;0;0;3;0;0;1;0;0;FOZ DO IGUAÇU;REGIÃO OESTE;41;4
0.42768734023947264;2018-06-30;4;8;16;25;486;28;3;4;23;357;28;0;28;616;40;83;4;4;4;4;5;5;4;0;0;0;0;0;0;1;0;0;0;0;0;0;0;0;0;0;0;0;1;0;0;0;0;0;0;0;0;0;0;0;0;0;1;0;0;0;0;0;0;0;0;0;0;0;0;0;0;0;0;0;4;2;0;0;3;0;0;0;0;0;FOZ DO IGUAÇU;REGIÃO OESTE;42;2
0.39604466568007535;2018-07-31;7;11;18;24;567;31;0;7;19;405;31;0;31;730;5;11;5;4;4;5;4;4;5;0;0;0;0;0;1;0;0;0;0;0;0;0;0;0;0;0;0;0;1;0;0;0;0;0;0;0;0;0;0;0;0;0;1;0;0;0;0;0;0;0;0;0;0;0;0;0;0;0;0;0;4;2;0;0;3;0;16;0;0;0;FOZ DO IGUAÇU;REGIÃO OESTE;43;2
0.388133997040226;2018-08-31;5;8;17;25;516;33;2;5;17;330;33;0;33;701;24;55;4;5;5;4;5;4;4;0;1;0;0;0;0;0;0;0;0;0;0;0;0;0;0;0;0;0;1;0;0;0;0;0;0;0;0;0;0;0;0;0;1;0;0;0;0;0;0;0;0;0;0;0;0;0;0;0;0;0;4;2;0;0;3;0;0;0;0;0;FOZ DO IGUAÇU;REGIÃO OESTE;44;2
0.4485133862505045;2018-09-30;7;13;21;28;623;36;8;7;20;447;36;0;36;799;44;236;5;4;4;4;4;5;4;0;0;0;0;0;0;0;0;0;0;0;1;0;0;0;0;0;0;0;1;0;0;0;0;0;0;0;0;0;0;0;0;0;1;0;0;0;0;0;0;0;0;0;0;0;0;0;0;0;0;0;4;2;0;0;3;0;0;0;0;0;FOZ DO IGUAÇU;REGIÃO OESTE;45;3
0.5297188214718149;2018-10-31;11;18;22;25;680;32;14;11;22;547;32;0;32;814;68;419;4;5;4;5;4;4;5;0;0;0;0;0;0;0;0;0;0;1;0;0;0;0;0;0;0;0;1;0;0;0;0;0;0;0;0;0;0;0;0;0;1;0;0;0;0;0;0;0;0;0;0;0;0;0;0;0;0;0;4;2;0;0;3;0;0;0;0;0;FOZ DO IGUAÇU;REGIÃO OESTE;46;4
0.7056908381541773;2018-11-30;16;21;25;29;752;36;4;16;23;589;36;0;36;916;38;108;4;4;5;4;5;4;4;0;0;0;0;0;0;0;0;0;1;0;0;0;0;0;0;0;0;0;1;0;0;0;0;0;0;0;0;0;0;0;0;0;1;0;0;0;0;0;0;0;0;0;0;0;0;0;0;0;0;0;4;2;0;0;3;0;0;0;0;0;FOZ DO IGUAÇU;REGIÃO OESTE;47;6
0.5850127808421902;2018-12-31;13;21;26;30;812;37;2;13;24;619;37;0;37;1005;49;76;5;4;4;5;4;5;4;0;0;1;0;0;0;0;0;0;0;0;0;0;0;0;0;0;0;0;1;0;0;0;0;0;0;0;0;0;0;0;0;0;1;0;0;0;0;0;0;0;0;0;0;0;0;0;0;0;0;0;4;2;0;0;3;0;0;0;0;0;FOZ DO IGUAÇU;REGIÃO OESTE;48;5
0.4487555495762142;2019-01-31;19;24;28;30;869;37;3;19;25;693;37;0;37;1044;21;108;4;5;5;4;4;4;5;0;0;0;0;1;0;0;0;0;0;0;0;0;0;0;0;0;0;0;0;1;0;0;0;0;0;0;0;0;0;0;0;0;1;0;0;0;0;0;0;0;0;0;0;0;0;0;0;0;0;0;4;2;0;0;3;0;31;0;0;0;FOZ DO IGUAÇU;REGIÃO OESTE;49;3
0.5484999327324096;2019-02-28;16;22;26;30;727;37;8;16;24;561;37;0;37;892;50;216;4;4;4;4;4;4;4;0;0;0;1;0;0;0;0;0;0;0;0;0;0;0;0;0;0;0;0;1;0;0;0;0;0;0;0;0;0;0;0;0;1;0;0;0;0;0;0;0;0;0;0;0;0;0;0;0;0;0;4;2;0;0;3;0;0;0;0;0;FOZ DO IGUAÇU;REGIÃO OESTE;50;4
0.7508408448809364;2019-03-31;13;21;24;27;751;34;11;13;22;590;34;0;34;913;84;336;5;4;4;4;5;5;4;0;0;0;0;0;0;0;0;1;0;0;0;0;0;0;0;0;0;0;0;1;0;0;0;0;0;0;0;0;0;0;0;0;1;0;0;0;0;0;0;0;0;0;0;0;0;0;0;0;0;0;4;2;0;0;3;0;0;3;0;0;FOZ DO IGUAÇU;REGIÃO OESTE;51;6
0.6207722319386519;2019-04-30;13;19;23;26;696;32;9;13;22;556;32;0;32;836;67;271;4;4;4;5;4;4;5;1;0;0;0;0;0;0;0;0;0;0;0;0;0;0;0;0;0;0;0;1;0;0;0;0;0;0;0;0;0;0;0;0;1;0;0;0;0;0;0;0;0;0;0;0;0;0;0;0;0;0;4;2;0;0;3;0;0;1;0;0;FOZ DO IGUAÇU;REGIÃO OESTE;52;5
0.4622897887797659;2019-05-31;11;14;21;26;644;30;4;11;22;529;30;0;30;758;31;118;4;5;5;4;5;4;4;0;0;0;0;0;0;0;1;0;0;0;0;0;0;0;0;0;0;0;0;1;0;0;0;0;0;0;0;0;0;0;0;0;1;0;0;0;0;0;0;0;0;0;0;0;0;0;0;0;0;0;4;2;0;0;3;0;0;0;0;0;FOZ DO IGUAÇU;REGIÃO OESTE;53;3
0.32662451230996903;2019-06-30;9;13;20;24;606;30;1;9;19;445;30;0;30;768;32;33;5;4;4;4;4;5;4;0;0;0;0;0;0;1;0;0;0;0;0;0;0;0;0;0;0;0;0;1;0;0;0;0;0;0;0;0;0;0;0;0;1;0;0;0;0;0;0;0;0;0;0;0;0;0;0;0;0;0;4;2;0;0;3;0;0;1;0;0;FOZ DO IGUAÇU;REGIÃO OESTE;54;2
0.2918875285887259;2019-07-31;2;8;17;24;527;30;1;2;19;374;30;0;30;681;6;16;4;5;4;5;4;4;5;0;0;0;0;0;1;0;0;0;0;0;0;0;0;0;0;0;0;0;0;1;0;0;0;0;0;0;0;0;0;0;0;0;1;0;0;0;0;0;0;0;0;0;0;0;0;0;0;0;0;0;4;2;0;0;3;0;16;0;0;0;FOZ DO IGUAÇU;REGIÃO OESTE;55;1
0.3652899233149469;2019-08-31;7;13;20;25;617;34;1;7;19;399;34;0;34;834;17;19;4;4;5;4;5;5;4;0;1;0;0;0;0;0;0;0;0;0;0;0;0;0;0;0;0;0;0;1;0;0;0;0;0;0;0;0;0;0;0;0;1;0;0;0;0;0;0;0;0;0;0;0;0;0;0;0;0;0;4;1;0;0;3;0;0;0;0;0;FOZ DO IGUAÇU;REGIÃO OESTE;56;2
0.4838692318041168;2019-09-30;7;16;23;30;684;38;0;7;22;477;38;0;38;890;4;5;5;4;4;5;4;4;4;0;0;0;0;0;0;0;0;0;0;0;1;0;0;0;0;0;0;0;0;1;0;0;0;0;0;0;0;0;0;0;0;0;1;0;0;0;0;0;0;0;0;0;0;0;0;0;0;0;0;0;4;1;0;0;3;0;0;0;0;0;FOZ DO IGUAÇU;REGIÃO OESTE;57;3
0.6111664200188349;2019-10-31;12;19;25;31;788;38;3;12;24;580;38;0;38;996;30;100;4;5;5;4;4;4;5;0;0;0;0;0;0;0;0;0;0;1;0;0;0;0;0;0;0;0;0;1;0;0;0;0;0;0;0;0;0;0;0;0;1;0;0;0;0;0;0;0;0;0;0;0;0;0;0;0;0;0;4;1;0;0;3;0;0;0;0;0;FOZ DO IGUAÇU;REGIÃO OESTE;58;5
0.744436970267725;2019-11-30;15;22;26;29;775;35;1;15;24;606;35;0;35;943;8;28;4;4;4;4;5;5;4;0;0;0;0;0;0;0;0;0;1;0;0;0;0;0;0;0;0;0;0;1;0;0;0;0;0;0;0;0;0;0;0;0;1;0;0;0;0;0;0;0;0;0;0;0;0;0;0;0;0;0;4;1;0;0;3;0;0;0;0;0;FOZ DO IGUAÇU;REGIÃO OESTE;59;6
0.5248217408852415;2019-12-31;14;21;25;29;767;35;2;14;24;598;35;0;35;935;32;57;5;4;4;5;4;4;5;0;0;1;0;0;0;0;0;0;0;0;0;0;0;0;0;0;0;0;0;1;0;0;0;0;0;0;0;0;0;0;0;0;1;0;0;0;0;0;0;0;0;0;0;0;0;0;0;0;0;0;4;1;0;0;3;0;0;0;0;0;FOZ DO IGUAÇU;REGIÃO OESTE;60;4
0.434871518902193;2020-01-31;18;20;26;28;821;35;0;18;24;664;35;0;35;978;4;14;4;5;5;4;5;4;4;0;0;0;0;1;0;0;0;0;0;0;0;0;0;0;0;0;0;0;0;0;1;0;0;0;0;0;0;0;0;0;0;0;1;0;0;0;0;0;0;0;0;0;0;0;0;0;0;0;0;0;4;1;0;0;3;0;31;0;0;0;FOZ DO IGUAÇU;REGIÃO OESTE;61;3
0.6450154715458093;2020-02-29;12;20;26;30;763;36;2;12;24;599;36;0;36;927;33;58;4;4;4;4;4;5;4;0;0;0;1;0;0;0;0;0;0;0;0;0;0;0;0;0;0;0;0;0;1;0;0;0;0;0;0;0;0;0;0;0;1;0;0;0;0;0;0;0;0;0;0;0;0;0;0;0;0;0;5;1;1;1;3;1;0;3;0;0;FOZ DO IGUAÇU;REGIÃO OESTE;62;6
0.5386250504506929;2020-03-31;14;22;26;30;803;37;1;14;23;607;37;0;37;998;34;45;5;4;4;5;4;4;5;0;0;0;0;0;0;0;0;1;0;0;0;0;0;0;0;0;0;0;0;0;1;0;0;0;0;0;0;0;0;0;0;0;1;0;0;0;0;0;0;0;0;0;0;0;0;0;0;0;0;0;5;1;1;1;3;1;0;0;15;0;FOZ DO IGUAÇU;REGIÃO OESTE;63;4
0.2153908247006592;2020-04-30;9;16;22;28;650;34;0;9;24;478;34;0;34;823;2;4;4;5;5;4;4;4;4;1;0;0;0;0;0;0;0;0;0;0;0;0;0;0;0;0;0;0;0;0;1;0;0;0;0;0;0;0;0;0;0;0;1;0;0;0;0;0;0;0;0;0;0;0;0;0;0;0;0;0;5;1;1;1;3;1;0;1;30;0;FOZ DO IGUAÇU;REGIÃO OESTE;64;1
0.1388133997040226;2020-05-31;1;10;17;24;540;30;7;1;22;358;30;0;30;723;134;231;5;4;4;4;5;5;4;0;0;0;0;0;0;0;1;0;0;0;0;0;0;0;0;0;0;0;0;0;1;0;0;0;0;0;0;0;0;0;0;0;1;0;0;0;0;0;0;0;0;0;0;0;0;0;0;0;0;0;5;1;1;1;3;1;0;0;31;0;FOZ DO IGUAÇU;REGIÃO OESTE;65;0
0.12143145432530605;2020-06-30;7;14;21;27;616;30;4;7;25;492;30;0;30;739;55;111;4;4;4;5;4;4;5;0;0;0;0;0;0;1;0;0;0;0;0;0;0;0;0;0;0;0;0;0;1;0;0;0;0;0;0;0;0;0;0;0;1;0;0;0;0;0;0;0;0;0;0;0;0;0;0;0;0;0;5;1;1;1;3;1;0;1;30;0;FOZ DO IGUAÇU;REGIÃO OESTE;66;0
0.14769272164671063;2020-07-31;6;12;18;25;568;29;1;6;24;430;29;0;29;705;11;16;4;5;5;4;5;4;4;0;0;0;0;0;1;0;0;0;0;0;0;0;0;0;0;0;0;0;0;0;1;0;0;0;0;0;0;0;0;0;0;0;1;0;0;0;0;0;0;0;0;0;0;0;0;0;0;0;0;0;5;1;1;1;3;1;0;0;31;0;FOZ DO IGUAÇU;REGIÃO OESTE;67;0
0.14669716130768198;2020-08-31;8;9;20;27;612;32;8;8;23;454;32;0;32;770;97;255;5;4;4;5;4;5;4;0;1;0;0;0;0;0;0;0;0;0;0;0;0;0;0;0;0;0;0;0;1;0;0;0;0;0;0;0;0;0;0;0;1;0;0;0;0;0;0;0;0;0;0;0;0;0;0;0;0;0;5;1;1;1;3;1;0;0;31;0;FOZ DO IGUAÇU;REGIÃO OESTE;68;0
0.13886721377640251;2020-09-30;11;17;24;31;732;38;0;11;28;572;38;0;38;892;0;0;4;5;4;4;4;4;5;0;0;0;0;0;0;0;0;0;0;0;1;0;0;0;0;0;0;0;0;0;1;0;0;0;0;0;0;0;0;0;0;0;1;0;0;0;0;0;0;0;0;0;0;0;0;0;0;0;0;0;5;1;1;1;3;1;0;0;30;0;FOZ DO IGUAÇU;REGIÃO OESTE;69;0
0.18339835867079243;2020-10-31;13;20;26;30;794;36;3;13;23;601;36;0;36;988;69;106;4;4;5;4;5;5;4;0;0;0;0;0;0;0;0;0;0;1;0;0;0;0;0;0;0;0;0;0;1;0;0;0;0;0;0;0;0;0;0;0;1;0;0;0;0;0;0;0;0;0;0;0;0;0;0;0;0;0;5;1;1;1;3;1;0;0;31;0;FOZ DO IGUAÇU;REGIÃO OESTE;70;0
0.2090945782322077;2020-11-30;12;20;25;31;746;38;2;12;25;545;38;0;38;947;14;58;5;4;4;5;4;4;4;0;0;0;0;0;0;0;0;0;1;0;0;0;0;0;0;0;0;0;0;0;1;0;0;0;0;0;0;0;0;0;0;0;1;0;0;0;0;0;0;0;0;0;0;0;0;0;0;0;0;0;5;1;1;1;3;1;0;0;30;0;FOZ DO IGUAÇU;REGIÃO OESTE;71;1
0.22343602852145836;2020-12-31;15;22;26;29;806;36;8;15;23;626;36;0;36;987;106;256;4;5;5;4;4;4;5;0;0;1;0;0;0;0;0;0;0;0;0;0;0;0;0;0;0;0;0;0;1;0;0;0;0;0;0;0;0;0;0;0;1;0;0;0;0;0;0;0;0;0;0;0;0;0;0;0;0;0;5;1;1;1;3;1;0;0;31;0;FOZ DO IGUAÇU;REGIÃO OESTE;72;1
0.18423247679268126;2021-01-31;18;24;26;29;791;35;7;18;23;647;35;0;35;935;38;214;5;4;4;4;5;5;4;0;0;0;0;1;0;0;0;0;0;0;0;1;0;0;0;0;0;0;0;0;0;0;0;0;0;0;0;0;0;0;0;0;1;0;0;0;0;0;0;0;0;0;0;0;0;0;0;0;0;0;5;1;1;1;3;1;0;0;31;0;FOZ DO IGUAÇU;REGIÃO OESTE;73;0
0.1938651957486883;2021-02-28;14;22;25;28;700;36;3;14;23;525;36;0;36;876;23;71;4;4;4;4;4;4;4;0;0;0;1;0;0;0;0;0;0;0;0;1;0;0;0;0;0;0;0;0;0;0;0;0;0;0;0;0;0;0;0;0;1;0;0;0;0;0;0;0;0;0;0;0;0;0;0;0;0;0;5;1;1;1;3;1;0;3;28;0;FOZ DO IGUAÇU;REGIÃO OESTE;74;1
0.18089600430512578;2021-03-31;14;20;26;28;791;35;2;14;22;603;35;0;35;979;16;76;4;5;4;5;4;4;5;0;0;0;0;0;0;0;0;1;0;0;0;1;0;0;0;0;0;0;0;0;0;0;0;0;0;0;0;0;0;0;0;0;1;0;0;0;0;0;0;0;0;0;0;0;0;0;0;0;0;0;5;1;1;1;3;1;0;0;31;0;FOZ DO IGUAÇU;REGIÃO OESTE;75;0
0.13160231400511233;2021-04-30;9;18;23;28;678;34;2;9;21;484;34;0;34;873;22;68;4;4;5;4;5;4;4;1;0;0;0;0;0;0;0;0;0;0;0;1;0;0;0;0;0;0;0;0;0;0;0;0;0;0;0;0;0;0;0;0;1;0;0;0;0;0;0;0;0;0;0;0;0;0;0;0;0;0;5;1;1;1;3;1;0;1;30;0;FOZ DO IGUAÇU;REGIÃO OESTE;76;0
0.1325171532355711;2021-05-31;6;13;19;25;599;32;1;6;18;408;32;0;32;790;14;26;5;4;4;5;4;5;4;0;0;0;0;0;0;0;1;0;0;0;0;1;0;0;0;0;0;0;0;0;0;0;0;0;0;0;0;0;0;0;0;0;1;0;0;0;0;0;0;0;0;0;0;0;0;0;0;0;0;0;5;1;1;1;3;1;0;0;31;0;FOZ DO IGUAÇU;REGIÃO OESTE;77;0
0.10819319251984394;2021-06-30;0;6;17;25;516;31;5;0;19;374;31;0;31;658;61;143;4;5;4;4;4;4;5;0;0;0;0;0;0;1;0;0;0;0;0;1;0;0;0;0;0;0;0;0;0;0;0;0;0;0;0;0;0;0;0;0;1;0;0;0;0;0;0;0;0;0;0;0;0;0;0;0;0;0;5;1;1;1;3;1;0;1;30;0;FOZ DO IGUAÇU;REGIÃO OESTE;78;0
0.1099959639445715;2021-07-31;-1;7;17;25;514;30;2;-1;20;299;30;0;30;729;25;58;4;4;5;4;5;5;4;0;0;0;0;0;1;0;0;0;0;0;0;1;0;0;0;0;0;0;0;0;0;0;0;0;0;0;0;0;0;0;0;0;1;0;0;0;0;0;0;0;0;0;0;0;0;0;0;0;0;0;5;1;1;1;3;1;0;0;31;0;FOZ DO IGUAÇU;REGIÃO OESTE;79;0
0.12000538140723799;2021-08-31;7;14;22;30;673;36;1;7;24;469;36;0;36;877;14;46;5;4;4;5;4;4;5;0;1;0;0;0;0;0;0;0;0;0;0;1;0;0;0;0;0;0;0;0;0;0;0;0;0;0;0;0;0;0;0;0;1;0;0;0;0;0;0;0;0;0;0;0;0;0;0;0;0;0;5;1;1;1;3;1;0;0;31;0;FOZ DO IGUAÇU;REGIÃO OESTE;80;0
0.17115565720435896;2021-09-30;10;18;25;31;760;40;4;10;24;533;40;0;40;987;32;133;4;5;5;4;4;4;4;0;0;0;0;0;0;0;0;0;0;0;1;1;0;0;0;0;0;0;0;0;0;0;0;0;0;0;0;0;0;0;0;0;1;0;0;0;0;0;0;0;0;0;0;0;0;0;0;0;0;0;5;1;1;1;3;1;0;0;30;0;FOZ DO IGUAÇU;REGIÃO OESTE;81;0
0.24845957217812456;2021-10-31;12;20;23;26;699;33;14;12;20;532;33;0;33;865;128;444;5;4;4;4;5;5;4;0;0;0;0;0;0;0;0;0;0;1;0;1;0;0;0;0;0;0;0;0;0;0;0;0;0;0;0;0;0;0;0;0;1;0;0;0;0;0;0;0;0;0;0;0;0;0;0;0;0;0;5;1;1;1;3;1;0;0;0;0;FOZ DO IGUAÇU;REGIÃO OESTE;82;1
0.5707251446253195;2021-11-30;14;22;25;28;751;36;2;14;21;564;36;0;36;938;17;62;4;4;4;5;4;4;5;0;0;0;0;0;0;0;0;0;1;0;0;1;0;0;0;0;0;0;0;0;0;0;0;0;0;0;0;0;0;0;0;0;1;0;0;0;0;0;0;0;0;0;0;0;0;0;0;0;0;0;5;1;1;1;3;1;0;0;0;0;FOZ DO IGUAÇU;REGIÃO OESTE;83;5
0.5562491591551191;2021-12-31;15;23;27;30;851;39;0;15;25;612;39;0;39;1089;15;15;4;5;5;4;5;4;4;0;0;1;0;0;0;0;0;0;0;0;0;1;0;0;0;0;0;0;0;0;0;0;0;0;0;0;0;0;0;0;0;0;1;0;0;0;0;0;0;0;0;0;0;0;0;0;0;0;0;0;5;1;1;1;3;1;0;0;0;0;FOZ DO IGUAÇU;REGIÃO OESTE;84;4
0.49035382752589807;2022-01-31;17;22;28;32;868;40;3;17;24;661;40;0;40;1076;33;95;5;4;4;5;4;5;4;0;0;0;0;1;0;0;0;0;0;0;0;0;1;0;0;0;0;0;0;0;0;0;0;0;0;0;0;0;0;0;0;0;1;0;0;0;0;0;0;0;0;0;0;0;0;0;0;0;0;0;5;1;1;1;3;1;31;0;0;0;FOZ DO IGUAÇU;REGIÃO OESTE;85;3
0.8312390690165479;2022-02-28;12;21;27;31;762;38;2;12;24;562;38;0;38;961;26;55;4;4;4;4;4;4;4;0;0;0;1;0;0;0;0;0;0;0;0;0;1;0;0;0;0;0;0;0;0;0;0;0;0;0;0;0;0;0;0;0;1;0;0;0;0;0;0;0;0;0;0;0;0;0;0;0;0;0;5;1;1;1;3;1;0;1;0;0;FOZ DO IGUAÇU;REGIÃO OESTE;86;6
0.722238665411005;2022-03-31;11;16;24;29;756;36;8;11;23;585;36;0;36;927;83;237;4;5;5;4;4;4;5;0;0;0;0;0;0;0;0;1;0;0;0;0;1;0;0;0;0;0;0;0;0;0;0;0;0;0;0;0;0;0;0;0;1;0;0;0;0;0;0;0;0;0;0;0;0;0;0;0;0;0;5;1;1;1;3;1;0;1;0;0;FOZ DO IGUAÇU;REGIÃO OESTE;87;6
0.28820126463070095;2022-04-30;8;17;22;26;656;32;6;8;21;505;32;0;32;806;46;195;4;4;4;4;5;5;4;1;0;0;0;0;0;0;0;0;0;0;0;0;1;0;0;0;0;0;0;0;0;0;0;0;0;0;0;0;0;0;0;0;1;0;0;0;0;0;0;0;0;0;0;0;0;0;0;0;0;0;5;1;1;1;3;1;0;1;0;0;FOZ DO IGUAÇU;REGIÃO OESTE;88;1
0.4277949683842325;2022-05-31;4;11;17;23;531;29;6;4;20;383;29;0;29;679;62;183;5;4;4;5;4;4;5;0;0;0;0;0;0;0;1;0;0;0;0;0;1;0;0;0;0;0;0;0;0;0;0;0;0;0;0;0;0;0;0;0;1;0;0;0;0;0;0;0;0;0;0;0;0;0;0;0;0;0;5;1;1;1;3;1;0;0;0;0;FOZ DO IGUAÇU;REGIÃO OESTE;89;3
0.3858738060002691;2022-06-30;0;8;16;24;494;30;1;0;19;342;30;0;30;647;17;37;4;5;5;4;4;4;4;0;0;0;0;0;0;1;0;0;0;0;0;0;1;0;0;0;0;0;0;0;0;0;0;0;0;0;0;0;0;0;0;0;1;0;0;0;0;0;0;0;0;0;0;0;0;0;0;0;0;0;5;0;1;1;3;1;0;1;0;0;FOZ DO IGUAÇU;REGIÃO OESTE;90;2
0.2626395802502355;2022-07-31;7;14;21;29;650;30;0;7;28;472;30;0;30;828;4;5;5;4;4;4;5;5;4;0;0;0;0;0;1;0;0;0;0;0;0;0;1;0;0;0;0;0;0;0;0;0;0;0;0;0;0;0;0;0;0;0;1;0;0;0;0;0;0;0;0;0;0;0;0;0;0;0;0;0;5;0;1;1;3;1;0;0;0;0;FOZ DO IGUAÇU;REGIÃO OESTE;91;1
0.38275258980223337;2022-08-31;1;9;18;25;572;32;11;1;18;379;32;0;32;764;175;330;4;5;4;5;4;4;5;0;1;0;0;0;0;0;0;0;0;0;0;0;1;0;0;0;0;0;0;0;0;0;0;0;0;0;0;0;0;0;0;0;1;0;0;0;0;0;0;0;0;0;0;0;0;0;0;0;0;0;5;0;1;1;3;1;0;0;0;0;FOZ DO IGUAÇU;REGIÃO OESTE;92;2
0.38022332840037676;2022-09-30;4;13;18;25;552;33;7;4;18;390;33;0;33;714;48;223;4;4;5;4;5;4;4;0;0;0;0;0;0;0;0;0;0;0;1;0;1;0;0;0;0;0;0;0;0;0;0;0;0;0;0;0;0;0;0;0;1;0;0;0;0;0;0;0;0;0;0;0;0;0;0;0;0;0;5;0;1;1;3;1;0;0;0;0;FOZ DO IGUAÇU;REGIÃO OESTE;93;2
0.5145432530606754;2022-10-31;10;15;21;26;650;34;12;10;20;476;34;0;34;824;80;376;5;4;4;5;4;5;4;0;0;0;0;0;0;0;0;0;0;1;0;0;1;0;0;0;0;0;0;0;0;0;0;0;0;0;0;0;0;0;0;0;1;0;0;0;0;0;0;0;0;0;0;0;0;0;0;0;0;0;5;0;1;1;3;1;0;0;0;0;FOZ DO IGUAÇU;REGIÃO OESTE;94;4
0.6143145432530607;2022-11-30;6;14;22;26;664;34;2;6;20;442;34;0;34;885;57;72;4;5;4;4;4;4;5;0;0;0;0;0;0;0;0;0;1;0;0;0;1;0;0;0;0;0;0;0;0;0;0;0;0;0;0;0;0;0;0;0;1;0;0;0;0;0;0;0;0;0;0;0;0;0;0;0;0;0;5;0;1;1;3;1;0;0;0;0;FOZ DO IGUAÇU;REGIÃO OESTE;95;5
0.7981434145028925;2022-12-31;13;22;26;30;821;37;2;13;23;597;37;0;37;1046;28;54;4;4;5;4;5;5;4;0;0;1;0;0;0;0;0;0;0;0;0;0;1;0;0;0;0;0;0;0;0;0;0;0;0;0;0;0;0;0;0;0;1;0;0;0;0;0;0;0;0;0;0;0;0;0;0;0;0;0;5;0;1;1;3;1;0;0;0;0;FOZ DO IGUAÇU;REGIÃO OESTE;96;6
0.6271491995156734;2023-01-31;16;24;26;29;810;38;8;16;22;624;38;0;38;997;53;263;5;4;4;5;4;4;5;0;0;0;0;1;0;0;0;0;0;0;0;0;0;1;0;0;0;0;0;0;0;0;0;0;0;0;0;0;0;0;0;0;1;0;0;0;0;0;0;0;0;0;0;0;0;0;0;0;0;0;4;0;1;1;3;1;31;0;0;0;FOZ DO IGUAÇU;REGIÃO OESTE;97;5
0.7724741019776672;2023-02-28;9;17;25;28;693;35;7;9;22;536;35;0;35;850;42;193;4;4;4;4;4;4;4;0;0;0;1;0;0;0;0;0;0;0;0;0;0;1;0;0;0;0;0;0;0;0;0;0;0;0;0;0;0;0;0;0;1;0;0;0;0;0;0;0;0;0;0;0;0;0;0;0;0;0;4;0;1;1;3;1;0;3;0;0;FOZ DO IGUAÇU;REGIÃO OESTE;98;6
1.0;2023-03-31;16;22;26;29;802;36;4;16;22;624;36;0;36;979;58;130;4;5;5;4;5;4;4;0;0;0;0;0;0;0;0;1;0;0;0;0;0;1;0;0;0;0;0;0;0;0;0;0;0;0;0;0;0;0;0;0;1;0;0;0;0;0;0;0;0;0;0;0;0;0;0;0;0;0;4;1;1;1;3;1;0;0;0;0;FOZ DO IGUAÇU;REGIÃO OESTE;99;6
0.5925198439391901;2023-04-30;10;16;22;26;650;33;6;10;21;490;33;0;33;810;86;174;5;4;4;4;4;5;4;1;0;0;0;0;0;0;0;0;0;0;0;0;0;1;0;0;0;0;0;0;0;0;0;0;0;0;0;0;0;0;0;0;1;0;0;0;0;0;0;0;0;0;0;0;0;0;0;0;0;0;4;1;1;1;3;1;0;1;0;0;FOZ DO IGUAÇU;REGIÃO OESTE;100;5
0.5904480021525629;2023-05-31;6;15;20;25;612;29;5;6;21;448;29;0;29;775;82;161;4;5;4;5;4;4;5;0;0;0;0;0;0;0;1;0;0;0;0;0;0;1;0;0;0;0;0;0;0;0;0;0;0;0;0;0;0;0;0;0;1;0;0;0;0;0;0;0;0;0;0;0;0;0;0;0;0;0;4;1;1;1;3;1;0;0;0;0;FOZ DO IGUAÇU;REGIÃO OESTE;101;5
0.548930445311449;2023-06-30;7;10;18;21;537;28;2;7;17;373;28;0;28;702;19;71;4;4;5;4;5;4;4;0;0;0;0;0;0;1;0;0;0;0;0;0;0;1;0;0;0;0;0;0;0;0;0;0;0;0;0;0;0;0;0;0;1;0;0;0;0;0;0;0;0;0;0;0;0;0;0;0;0;0;4;1;1;1;3;1;0;1;0;0;FOZ DO IGUAÇU;REGIÃO OESTE;102;4
0.41861966904345493;2023-07-31;5;9;19;23;596;30;4;5;19;431;30;0;30;761;72;124;5;4;4;5;4;5;4;0;0;0;0;0;1;0;0;0;0;0;0;0;0;1;0;0;0;0;0;0;0;0;0;0;0;0;0;0;0;0;0;0;1;0;0;0;0;0;0;0;0;0;0;0;0;0;0;0;0;0;4;1;1;1;3;1;15;0;0;0;FOZ DO IGUAÇU;REGIÃO OESTE;103;2
0.5887797659087852;2023-08-31;6;13;21;28;645;34;2;6;22;452;34;0;34;839;20;57;4;5;5;4;4;4;5;0;1;0;0;0;0;0;0;0;0;0;0;0;0;1;0;0;0;0;0;0;0;0;0;0;0;0;0;0;0;0;0;0;1;0;0;0;0;0;0;0;0;0;0;0;0;0;0;0;0;0;4;1;1;1;3;1;0;0;0;0;FOZ DO IGUAÇU;REGIÃO OESTE;104;5
0.19052872326113277;2023-09-30;6;16;24;31;711;38;9;6;23;520;38;0;38;903;108;284;4;4;4;4;5;5;4;0;0;0;0;0;0;0;0;0;0;0;1;0;0;1;0;0;0;0;0;0;0;0;0;0;0;0;0;0;0;0;0;0;1;0;0;0;0;0;0;0;0;0;0;0;0;0;0;0;0;0;4;1;1;1;3;1;0;0;0;0;FOZ DO IGUAÇU;REGIÃO OESTE;105;1
0.5812727028117853;2023-10-31;13;18;24;30;730;38;14;13;22;559;38;0;38;900;129;421;5;4;4;5;4;4;5;0;0;0;0;0;0;0;0;0;0;1;0;0;0;1;0;0;0;0;0;0;0;0;0;0;0;0;0;0;0;0;0;0;1;0;0;0;0;0;0;0;0;0;0;0;0;0;0;0;0;0;4;1;1;1;3;1;0;0;0;0;FOZ DO IGUAÇU;REGIÃO OESTE;106;5
0.6683976859948877;2023-11-30;9;18;25;30;742;36;7;9;25;585;36;0;36;898;64;201;4;5;5;4;4;4;4;0;0;0;0;0;0;0;0;0;1;0;0;0;0;1;0;0;0;0;0;0;0;0;0;0;0;0;0;0;0;0;0;0;1;0;0;0;0;0;0;0;0;0;0;0;0;0;0;0;0;0;4;1;1;1;3;1;0;0;0;0;FOZ DO IGUAÇU;REGIÃO OESTE;107;6
0.12250773577290461;2023-12-31;15;23;27;31;822;37;4;15;25;655;37;0;37;989;43;109;5;4;4;4;5;5;4;0;0;1;0;0;0;0;0;0;0;0;0;0;0;1;0;0;0;0;0;0;0;0;0;0;0;0;0;0;0;0;0;0;1;0;0;0;0;0;0;0;0;0;0;0;0;0;0;0;0;0;4;1;1;1;3;1;0;0;0;0;FOZ DO IGUAÇU;REGIÃO OESTE;108;0
0.22343602852145836;2024-01-31;16;23;27;30;834;38;2;16;24;647;38;0;38;1022;25;69;4;5;4;5;4;4;5;0;0;0;0;1;0;0;0;0;0;0;0;0;0;0;1;0;0;0;0;0;0;0;0;0;0;0;0;0;0;0;0;0;1;0;0;0;0;0;0;0;0;0;0;0;0;0;0;0;0;0;4;1;1;1;3;1;31;0;0;0;FOZ DO IGUAÇU;REGIÃO OESTE;109;1
0.6615902058388269;2024-02-29;20;26;28;31;823;39;1;20;25;649;39;0;39;997;10;16;4;4;5;4;4;4;4;0;0;0;1;0;0;0;0;0;0;0;0;0;0;0;1;0;0;0;0;0;0;0;0;0;0;0;0;0;0;0;0;0;1;0;0;0;0;0;0;0;0;0;0;0;0;0;0;0;0;0;4;1;1;1;3;1;0;3;0;0;FOZ DO IGUAÇU;REGIÃO OESTE;110;6
0.7255751378985605;2024-03-31;18;24;27;31;851;38;0;18;25;667;38;0;38;1034;1;3;5;4;4;4;5;5;4;0;0;0;0;0;0;0;0;1;0;0;0;0;0;0;1;0;0;0;0;0;0;0;0;0;0;0;0;0;0;0;0;0;1;0;0;0;0;0;0;0;0;0;0;0;0;0;0;0;0;0;4;1;1;1;3;1;0;1;0;0;FOZ DO IGUAÇU;REGIÃO OESTE;111;6
0.30757433068747475;2024-04-30;12;19;25;29;744;35;1;12;24;606;35;0;35;882;38;39;4;4;4;5;4;4;5;1;0;0;0;0;0;0;0;0;0;0;0;0;0;0;1;0;0;0;0;0;0;0;0;0;0;0;0;0;0;0;0;0;1;0;0;0;0;0;0;0;0;0;0;0;0;0;0;0;0;0;4;1;1;1;3;1;0;0;0;0;FOZ DO IGUAÇU;REGIÃO OESTE;112;1
0.22927485537468048;2024-05-31;5;11;20;28;611;34;8;5;22;471;34;0;34;750;95;249;4;5;5;4;5;4;4;0;0;0;0;0;0;0;1;0;0;0;0;0;0;0;1;0;0;0;0;0;0;0;0;0;0;0;0;0;0;0;0;0;1;0;0;0;0;0;0;0;0;0;0;0;0;0;0;0;0;0;4;1;1;1;3;1;0;1;0;30;FOZ DO IGUAÇU;REGIÃO OESTE;113;1
0.1994080452038208;2024-06-30;2;8;21;26;630;31;3;2;23;482;31;0;31;778;38;81;5;4;4;4;4;5;4;0;0;0;0;0;0;1;0;0;0;0;0;0;0;0;1;0;0;0;0;0;0;0;0;0;0;0;0;0;0;0;0;0;1;0;0;0;0;0;0;0;0;0;0;0;0;0;0;0;0;0;4;1;1;1;3;1;0;0;0;30;FOZ DO IGUAÇU;REGIÃO OESTE;114;1
0.29850665949145705;2024-07-31;1;7;16;22;504;28;4;1;18;372;28;0;28;636;28;122;4;5;4;5;4;4;5;0;0;0;0;0;1;0;0;0;0;0;0;0;0;0;1;0;0;0;0;0;0;0;0;0;0;0;0;0;0;0;0;0;1;0;0;0;0;0;0;0;0;0;0;0;0;0;0;0;0;0;4;1;1;1;3;1;12;0;0;0;FOZ DO IGUAÇU;REGIÃO OESTE;115;1
0.2868290057850128;2024-08-31;1;9;19;27;581;35;3;1;19;395;35;0;35;767;32;86;4;4;5;4;5;5;4;0;1;0;0;0;0;0;0;0;0;0;0;0;0;0;1;0;0;0;0;0;0;0;0;0;0;0;0;0;0;0;0;0;1;0;0;0;0;0;0;0;0;0;0;0;0;0;0;0;0;0;4;1;1;1;3;1;0;0;0;0;FOZ DO IGUAÇU;REGIÃO OESTE;116;1
0.3398627741154312;2024-09-30;8;16;23;30;691;37;1;8;23;509;37;0;37;872;28;44;5;4;4;5;4;4;4;0;0;0;0;0;0;0;0;0;0;0;1;0;0;0;1;0;0;0;0;0;0;0;0;0;0;0;0;0;0;0;0;0;1;0;0;0;0;0;0;0;0;0;0;0;0;0;0;0;0;0;4;1;1;1;3;1;0;0;0;0;FOZ DO IGUAÇU;REGIÃO OESTE;117;2
0.4544867482846765;2024-10-31;12;20;24;29;744;37;3;12;24;574;37;0;37;915;35;88;4;5;5;4;4;4;5;0;0;0;0;0;0;0;0;0;0;1;0;0;0;0;1;0;0;0;0;0;0;0;0;0;0;0;0;0;0;0;0;0;1;0;0;0;0;0;0;0;0;0;0;0;0;0;0;0;0;0;4;1;1;1;3;1;0;0;0;0;FOZ DO IGUAÇU;REGIÃO OESTE;118;3
0.08457775822355645;2018-01-31;18;22;25;28;780;33;6;18;23;648;33;0;33;913;87;195;4;5;4;5;4;4;5;0;0;0;0;1;0;0;0;0;0;0;0;0;0;0;0;0;0;0;1;0;0;0;0;0;0;0;0;0;0;0;0;0;0;1;0;0;0;0;0;0;0;0;0;0;0;0;0;0;0;0;2;0;0;0;0;0;31;0;0;0;GOIOERÊ;REGIÃO OESTE;1;0
0.20828696394834229;2018-02-28;17;22;25;26;692;32;3;17;22;550;32;0;32;835;22;91;4;4;4;4;4;4;4;0;0;0;1;0;0;0;0;0;0;0;0;0;0;0;0;0;0;0;1;0;0;0;0;0;0;0;0;0;0;0;0;0;0;1;0;0;0;0;0;0;0;0;0;0;0;0;0;0;0;0;2;0;0;0;0;0;0;3;0;0;GOIOERÊ;REGIÃO OESTE;2;1
0.4048759025854706;2018-03-31;17;22;26;28;792;33;6;17;24;651;33;0;33;934;46;188;4;4;5;4;5;5;4;0;0;0;0;0;0;0;0;1;0;0;0;0;0;0;0;0;0;0;1;0;0;0;0;0;0;0;0;0;0;0;0;0;0;1;0;0;0;0;0;0;0;0;0;0;0;0;0;0;0;0;2;0;0;0;0;0;0;1;0;0;GOIOERÊ;REGIÃO OESTE;3;3
0.4123295116333238;2018-04-30;17;22;24;26;725;31;0;17;22;563;31;0;31;887;11;11;5;4;4;5;4;4;4;1;0;0;0;0;0;0;0;0;0;0;0;0;0;0;0;0;0;0;1;0;0;0;0;0;0;0;0;0;0;0;0;0;0;1;0;0;0;0;0;0;0;0;0;0;0;0;0;0;0;0;2;0;0;0;0;0;0;0;0;0;GOIOERÊ;REGIÃO OESTE;4;4
0.3622246952560884;2018-05-31;7;14;21;26;656;31;2;7;20;489;31;0;31;823;39;68;4;5;5;4;4;4;5;0;0;0;0;0;0;0;1;0;0;0;0;0;0;0;0;0;0;0;1;0;0;0;0;0;0;0;0;0;0;0;0;0;0;1;0;0;0;0;0;0;0;0;0;0;0;0;0;0;0;0;2;0;0;0;0;0;0;1;0;0;GOIOERÊ;REGIÃO OESTE;5;3
0.2964880043479386;2018-06-30;5;12;18;23;545;27;3;5;19;409;27;0;27;681;30;80;4;4;4;4;5;5;4;0;0;0;0;0;0;1;0;0;0;0;0;0;0;0;0;0;0;0;1;0;0;0;0;0;0;0;0;0;0;0;0;0;0;1;0;0;0;0;0;0;0;0;0;0;0;0;0;0;0;0;2;0;0;0;0;0;0;0;0;0;GOIOERÊ;REGIÃO OESTE;6;2
0.22930200056937283;2018-07-31;6;12;20;24;632;30;0;6;19;461;30;0;30;804;11;12;5;4;4;5;4;4;5;0;0;0;0;0;1;0;0;0;0;0;0;0;0;0;0;0;0;0;1;0;0;0;0;0;0;0;0;0;0;0;0;0;0;1;0;0;0;0;0;0;0;0;0;0;0;0;0;0;0;0;2;0;0;0;0;0;16;0;0;0;GOIOERÊ;REGIÃO OESTE;7;1
0.26864049276637586;2018-08-31;4;8;18;26;552;31;7;4;20;394;31;0;31;711;124;217;4;5;5;4;5;4;4;0;1;0;0;0;0;0;0;0;0;0;0;0;0;0;0;0;0;0;1;0;0;0;0;0;0;0;0;0;0;0;0;0;0;1;0;0;0;0;0;0;0;0;0;0;0;0;0;0;0;0;2;0;0;0;0;0;0;0;0;0;GOIOERÊ;REGIÃO OESTE;8;2
0.3502161029012138;2018-09-30;10;12;22;27;653;32;6;10;22;501;32;0;32;805;46;187;5;4;4;4;4;5;4;0;0;0;0;0;0;0;0;0;0;0;1;0;0;0;0;0;0;0;1;0;0;0;0;0;0;0;0;0;0;0;0;0;0;1;0;0;0;0;0;0;0;0;0;0;0;0;0;0;0;0;2;0;0;0;0;0;0;0;0;0;GOIOERÊ;REGIÃO OESTE;9;3
0.38613835761795073;2018-10-31;14;20;23;26;715;30;7;14;22;588;30;0;30;842;51;206;4;5;4;5;4;4;5;0;0;0;0;0;0;0;0;0;0;1;0;0;0;0;0;0;0;0;1;0;0;0;0;0;0;0;0;0;0;0;0;0;0;1;0;0;0;0;0;0;0;0;0;0;0;0;0;0;0;0;2;0;0;0;0;0;0;0;0;0;GOIOERÊ;REGIÃO OESTE;10;3
0.3778565697870027;2018-11-30;17;21;25;28;736;33;3;17;24;594;33;0;33;877;26;80;4;4;5;4;5;4;4;0;0;0;0;0;0;0;0;0;1;0;0;0;0;0;0;0;0;0;1;0;0;0;0;0;0;0;0;0;0;0;0;0;0;1;0;0;0;0;0;0;0;0;0;0;0;0;0;0;0;0;2;0;0;0;0;0;0;0;0;0;GOIOERÊ;REGIÃO OESTE;11;3
0.319677010274593;2018-12-31;16;22;26;30;818;37;2;16;24;646;37;0;37;991;10;47;5;4;4;5;4;5;4;0;0;1;0;0;0;0;0;0;0;0;0;0;0;0;0;0;0;0;1;0;0;0;0;0;0;0;0;0;0;0;0;0;0;1;0;0;0;0;0;0;0;0;0;0;0;0;0;0;0;0;2;0;0;0;0;0;0;0;0;0;GOIOERÊ;REGIÃO OESTE;12;2
0.27557649007479484;2019-01-31;20;25;28;30;854;36;3;20;24;701;36;0;36;1006;27;96;4;5;5;4;4;4;5;0;0;0;0;1;0;0;0;0;0;0;0;0;0;0;0;0;0;0;0;1;0;0;0;0;0;0;0;0;0;0;0;0;0;1;0;0;0;0;0;0;0;0;0;0;0;0;0;0;0;0;2;0;0;0;0;0;31;0;0;0;GOIOERÊ;REGIÃO OESTE;13;2
0.45529128600636654;2019-02-28;18;22;26;30;724;36;6;18;24;584;36;0;36;864;43;162;4;4;4;4;4;4;4;0;0;0;1;0;0;0;0;0;0;0;0;0;0;0;0;0;0;0;0;1;0;0;0;0;0;0;0;0;0;0;0;0;0;1;0;0;0;0;0;0;0;0;0;0;0;0;0;0;0;0;2;0;0;0;0;0;0;0;0;0;GOIOERÊ;REGIÃO OESTE;14;4
0.716685214420663;2019-03-31;16;22;25;27;764;33;3;16;22;616;33;0;33;912;26;103;5;4;4;4;5;5;4;0;0;0;0;0;0;0;0;1;0;0;0;0;0;0;0;0;0;0;0;1;0;0;0;0;0;0;0;0;0;0;0;0;0;1;0;0;0;0;0;0;0;0;0;0;0;0;0;0;0;0;2;0;0;0;0;0;0;3;0;0;GOIOERÊ;REGIÃO OESTE;15;6
0.6539506716012318;2019-04-30;15;21;24;26;714;31;1;15;22;572;31;0;31;857;8;22;4;4;4;5;4;4;5;1;0;0;0;0;0;0;0;0;0;0;0;0;0;0;0;0;0;0;0;1;0;0;0;0;0;0;0;0;0;0;0;0;0;1;0;0;0;0;0;0;0;0;0;0;0;0;0;0;0;0;2;0;0;0;0;0;0;1;0;0;GOIOERÊ;REGIÃO OESTE;16;5
0.4502186909599109;2019-05-31;10;14;21;26;656;31;7;10;21;532;31;0;31;780;74;228;4;5;5;4;5;4;4;0;0;0;0;0;0;0;1;0;0;0;0;0;0;0;0;0;0;0;0;1;0;0;0;0;0;0;0;0;0;0;0;0;0;1;0;0;0;0;0;0;0;0;0;0;0;0;0;0;0;0;2;0;0;0;0;0;0;0;0;0;GOIOERÊ;REGIÃO OESTE;17;4
0.3036310463521312;2019-06-30;10;16;20;23;600;28;1;10;19;460;28;0;28;740;11;19;5;4;4;4;4;5;4;0;0;0;0;0;0;1;0;0;0;0;0;0;0;0;0;0;0;0;0;1;0;0;0;0;0;0;0;0;0;0;0;0;0;1;0;0;0;0;0;0;0;0;0;0;0;0;0;0;0;0;2;0;0;0;0;0;0;1;0;0;GOIOERÊ;REGIÃO OESTE;18;2
0.23748026605243405;2019-07-31;-2;6;18;22;558;28;2;-2;18;380;28;0;28;737;47;55;4;5;4;5;4;4;5;0;0;0;0;0;1;0;0;0;0;0;0;0;0;0;0;0;0;0;0;1;0;0;0;0;0;0;0;0;0;0;0;0;0;1;0;0;0;0;0;0;0;0;0;0;0;0;0;0;0;0;2;0;0;0;0;0;16;0;0;0;GOIOERÊ;REGIÃO OESTE;19;1
0.3156396387070058;2019-08-31;3;10;20;26;634;33;1;3;19;424;33;0;33;843;20;27;4;4;5;4;5;5;4;0;1;0;0;0;0;0;0;0;0;0;0;0;0;0;0;0;0;0;0;1;0;0;0;0;0;0;0;0;0;0;0;0;0;1;0;0;0;0;0;0;0;0;0;0;0;0;0;0;0;0;2;0;0;0;0;0;0;0;0;0;GOIOERÊ;REGIÃO OESTE;20;2
0.5200962757835348;2019-09-30;10;17;24;30;730;38;1;10;23;547;38;0;38;914;29;41;5;4;4;5;4;4;4;0;0;0;0;0;0;0;0;0;0;0;1;0;0;0;0;0;0;0;0;1;0;0;0;0;0;0;0;0;0;0;0;0;0;1;0;0;0;0;0;0;0;0;0;0;0;0;0;0;0;0;2;0;0;0;0;0;0;0;0;0;GOIOERÊ;REGIÃO OESTE;21;5
0.6768291104842257;2019-10-31;15;22;27;30;824;37;2;15;24;642;37;0;37;1006;24;58;4;5;5;4;4;4;5;0;0;0;0;0;0;0;0;0;0;1;0;0;0;0;0;0;0;0;0;1;0;0;0;0;0;0;0;0;0;0;0;0;0;1;0;0;0;0;0;0;0;0;0;0;0;0;0;0;0;0;2;0;0;0;0;0;0;0;0;0;GOIOERÊ;REGIÃO OESTE;22;6
0.6592303113434612;2019-11-30;17;22;26;30;791;37;5;17;25;633;37;0;37;950;33;145;4;4;4;4;5;5;4;0;0;0;0;0;0;0;0;0;1;0;0;0;0;0;0;0;0;0;0;1;0;0;0;0;0;0;0;0;0;0;0;0;0;1;0;0;0;0;0;0;0;0;0;0;0;0;0;0;0;0;2;0;0;0;0;0;0;0;0;0;GOIOERÊ;REGIÃO OESTE;23;6
0.3551851755997825;2019-12-31;14;21;24;28;759;35;10;14;22;593;35;0;35;924;74;311;5;4;4;5;4;4;5;0;0;1;0;0;0;0;0;0;0;0;0;0;0;0;0;0;0;0;0;1;0;0;0;0;0;0;0;0;0;0;0;0;0;1;0;0;0;0;0;0;0;0;0;0;0;0;0;0;0;0;2;0;0;0;0;0;0;0;0;0;GOIOERÊ;REGIÃO OESTE;24;3
0.3116022671394187;2020-01-31;18;22;26;28;800;35;4;18;23;642;35;0;35;958;35;115;4;5;5;4;5;4;4;0;0;0;0;1;0;0;0;0;0;0;0;0;0;0;0;0;0;0;0;0;1;0;0;0;0;0;0;0;0;0;0;0;0;1;0;0;0;0;0;0;0;0;0;0;0;0;0;0;0;0;2;0;0;0;0;0;31;0;0;0;GOIOERÊ;REGIÃO OESTE;25;2
0.5715468826832992;2020-02-29;16;23;26;30;760;36;4;16;24;595;36;0;36;924;54;130;4;4;4;4;4;5;4;0;0;0;1;0;0;0;0;0;0;0;0;0;0;0;0;0;0;0;0;0;1;0;0;0;0;0;0;0;0;0;0;0;0;1;0;0;0;0;0;0;0;0;0;0;0;0;0;0;0;0;2;0;0;0;0;0;0;3;0;0;GOIOERÊ;REGIÃO OESTE;26;5
0.5624369160692564;2020-03-31;15;23;26;30;799;36;2;15;24;603;36;0;36;996;38;53;5;4;4;5;4;4;5;0;0;0;0;0;0;0;0;1;0;0;0;0;0;0;0;0;0;0;0;0;1;0;0;0;0;0;0;0;0;0;0;0;0;1;0;0;0;0;0;0;0;0;0;0;0;0;0;0;0;0;2;0;0;0;0;0;0;0;15;0;GOIOERÊ;REGIÃO OESTE;27;5
0.22288361500038817;2020-04-30;8;15;22;27;659;34;2;8;20;458;34;0;34;860;38;53;4;5;5;4;4;4;4;1;0;0;0;0;0;0;0;0;0;0;0;0;0;0;0;0;0;0;0;0;1;0;0;0;0;0;0;0;0;0;0;0;0;1;0;0;0;0;0;0;0;0;0;0;0;0;0;0;0;0;2;0;0;0;0;0;0;1;30;0;GOIOERÊ;REGIÃO OESTE;28;1
0.09700043996997848;2020-05-31;6;13;19;24;579;30;3;6;19;379;30;0;30;779;70;86;5;4;4;4;5;5;4;0;0;0;0;0;0;0;1;0;0;0;0;0;0;0;0;0;0;0;0;0;1;0;0;0;0;0;0;0;0;0;0;0;0;1;0;0;0;0;0;0;0;0;0;0;0;0;0;0;0;0;2;0;0;0;0;0;0;0;31;0;GOIOERÊ;REGIÃO OESTE;29;1
0.07381143404332408;2020-06-30;8;12;21;25;618;30;5;8;21;479;30;0;30;757;37;153;4;4;4;5;4;4;5;0;0;0;0;0;0;1;0;0;0;0;0;0;0;0;0;0;0;0;0;0;1;0;0;0;0;0;0;0;0;0;0;0;0;1;0;0;0;0;0;0;0;0;0;0;0;0;0;0;0;0;2;0;0;0;0;0;0;1;30;0;GOIOERÊ;REGIÃO OESTE;30;0
0.08757990631227514;2020-07-31;4;10;20;24;607;29;1;4;19;430;29;0;29;784;13;29;4;5;5;4;5;4;4;0;0;0;0;0;1;0;0;0;0;0;0;0;0;0;0;0;0;0;0;0;1;0;0;0;0;0;0;0;0;0;0;0;0;1;0;0;0;0;0;0;0;0;0;0;0;0;0;0;0;0;2;0;0;0;0;0;0;0;31;0;GOIOERÊ;REGIÃO OESTE;31;0
0.09306659075027818;2020-08-31;4;10;20;24;615;32;6;4;18;442;32;0;32;789;66;184;5;4;4;5;4;5;4;0;1;0;0;0;0;0;0;0;0;0;0;0;0;0;0;0;0;0;0;0;1;0;0;0;0;0;0;0;0;0;0;0;0;1;0;0;0;0;0;0;0;0;0;0;0;0;0;0;0;0;2;0;0;0;0;0;0;0;31;0;GOIOERÊ;REGIÃO OESTE;32;1
0.18841067315406707;2020-09-30;15;22;26;30;785;37;1;15;22;585;37;0;37;985;12;40;4;5;4;4;4;4;5;0;0;0;0;0;0;0;0;0;0;0;1;0;0;0;0;0;0;0;0;0;1;0;0;0;0;0;0;0;0;0;0;0;0;1;0;0;0;0;0;0;0;0;0;0;0;0;0;0;0;0;2;0;0;0;0;0;0;0;30;0;GOIOERÊ;REGIÃO OESTE;33;1
0.19255156706954107;2020-10-31;16;22;26;32;812;39;2;16;25;629;39;0;39;995;22;71;4;4;5;4;5;5;4;0;0;0;0;0;0;0;0;0;0;1;0;0;0;0;0;0;0;0;0;0;1;0;0;0;0;0;0;0;0;0;0;0;0;1;0;0;0;0;0;0;0;0;0;0;0;0;0;0;0;0;2;0;0;0;0;0;0;0;31;0;GOIOERÊ;REGIÃO OESTE;34;1
0.16356530966122307;2020-11-30;15;21;25;30;764;36;1;15;24;578;36;0;36;950;16;38;5;4;4;5;4;4;4;0;0;0;0;0;0;0;0;0;1;0;0;0;0;0;0;0;0;0;0;0;1;0;0;0;0;0;0;0;0;0;0;0;0;1;0;0;0;0;0;0;0;0;0;0;0;0;0;0;0;0;2;0;0;0;0;0;0;0;30;0;GOIOERÊ;REGIÃO OESTE;35;1
0.08985739796578585;2020-12-31;17;22;26;28;794;34;7;17;23;636;34;0;34;952;86;227;4;5;5;4;4;4;5;0;0;1;0;0;0;0;0;0;0;0;0;0;0;0;0;0;0;0;0;0;1;0;0;0;0;0;0;0;0;0;0;0;0;1;0;0;0;0;0;0;0;0;0;0;0;0;0;0;0;0;2;0;0;0;0;0;0;0;31;0;GOIOERÊ;REGIÃO OESTE;36;0
0.09306659075027818;2021-01-31;19;22;25;28;771;33;7;19;23;645;33;0;33;897;32;214;5;4;4;4;5;5;4;0;0;0;0;1;0;0;0;0;0;0;0;1;0;0;0;0;0;0;0;0;0;0;0;0;0;0;0;0;0;0;0;0;0;1;0;0;0;0;0;0;0;0;0;0;0;0;0;0;0;0;2;0;0;0;0;0;0;0;31;0;GOIOERÊ;REGIÃO OESTE;37;1
0.058800693599730836;2021-02-28;14;20;24;27;665;33;3;14;22;513;33;0;33;817;24;78;4;4;4;4;4;4;4;0;0;0;1;0;0;0;0;0;0;0;0;1;0;0;0;0;0;0;0;0;0;0;0;0;0;0;0;0;0;0;0;0;0;1;0;0;0;0;0;0;0;0;0;0;0;0;0;0;0;0;2;0;0;0;0;0;0;3;28;0;GOIOERÊ;REGIÃO OESTE;38;0
0.12836771137969405;2021-03-31;14;20;25;28;766;33;3;14;22;608;33;0;33;925;43;93;4;5;4;5;4;4;5;0;0;0;0;0;0;0;0;1;0;0;0;1;0;0;0;0;0;0;0;0;0;0;0;0;0;0;0;0;0;0;0;0;0;1;0;0;0;0;0;0;0;0;0;0;0;0;0;0;0;0;2;0;0;0;0;0;0;0;31;0;GOIOERÊ;REGIÃO OESTE;39;1
0.06107818525324149;2021-04-30;10;19;23;26;694;33;0;10;20;497;33;0;33;891;2;3;4;4;5;4;5;4;4;1;0;0;0;0;0;0;0;0;0;0;0;1;0;0;0;0;0;0;0;0;0;0;0;0;0;0;0;0;0;0;0;0;0;1;0;0;0;0;0;0;0;0;0;0;0;0;0;0;0;0;2;0;0;0;0;0;0;1;30;0;GOIOERÊ;REGIÃO OESTE;40;0
0.04492869898289292;2021-05-31;7;14;22;26;667;33;1;7;20;470;33;0;33;864;9;42;5;4;4;5;4;5;4;0;0;0;0;0;0;0;1;0;0;0;0;1;0;0;0;0;0;0;0;0;0;0;0;0;0;0;0;0;0;0;0;0;0;1;0;0;0;0;0;0;0;0;0;0;0;0;0;0;0;0;2;0;0;0;0;0;0;0;31;0;GOIOERÊ;REGIÃO OESTE;41;0
0.005176117394342483;2021-06-30;1;8;18;24;546;30;3;1;18;400;30;0;30;691;35;77;4;5;4;4;4;4;5;0;0;0;0;0;0;1;0;0;0;0;0;1;0;0;0;0;0;0;0;0;0;0;0;0;0;0;0;0;0;0;0;0;0;1;0;0;0;0;0;0;0;0;0;0;0;0;0;0;0;0;2;0;0;0;0;0;0;1;30;0;GOIOERÊ;REGIÃO OESTE;42;0
0.0;2021-07-31;0;8;17;23;521;30;2;0;16;318;30;0;30;724;58;71;4;4;5;4;5;5;4;0;0;0;0;0;1;0;0;0;0;0;0;1;0;0;0;0;0;0;0;0;0;0;0;0;0;0;0;0;0;0;0;0;0;1;0;0;0;0;0;0;0;0;0;0;0;0;0;0;0;0;2;0;0;0;0;0;0;0;31;0;GOIOERÊ;REGIÃO OESTE;43;0
0.06097466290535464;2021-08-31;9;16;22;30;698;37;2;9;22;500;37;0;37;895;16;54;5;4;4;5;4;4;5;0;1;0;0;0;0;0;0;0;0;0;0;1;0;0;0;0;0;0;0;0;0;0;0;0;0;0;0;0;0;0;0;0;0;1;0;0;0;0;0;0;0;0;0;0;0;0;0;0;0;0;2;0;0;0;0;0;0;0;31;0;GOIOERÊ;REGIÃO OESTE;44;0
0.09213488961929656;2021-09-30;13;21;27;32;816;41;0;13;24;593;41;0;41;1040;5;14;4;5;5;4;4;4;4;0;0;0;0;0;0;0;0;0;0;0;1;1;0;0;0;0;0;0;0;0;0;0;0;0;0;0;0;0;0;0;0;0;0;1;0;0;0;0;0;0;0;0;0;0;0;0;0;0;0;0;2;0;0;0;0;0;0;0;30;0;GOIOERÊ;REGIÃO OESTE;45;0
0.12836771137969405;2021-10-31;14;20;23;26;709;33;30;14;21;570;33;0;33;848;186;920;5;4;4;4;5;5;4;0;0;0;0;0;0;0;0;0;0;1;0;1;0;0;0;0;0;0;0;0;0;0;0;0;0;0;0;0;0;0;0;0;0;1;0;0;0;0;0;0;0;0;0;0;0;0;0;0;0;0;2;0;0;0;0;0;0;0;0;0;GOIOERÊ;REGIÃO OESTE;46;1
0.35611687673076425;2021-11-30;14;22;26;30;771;36;2;14;24;586;36;0;36;956;14;46;4;4;4;5;4;4;5;0;0;0;0;0;0;0;0;0;1;0;0;1;0;0;0;0;0;0;0;0;0;0;0;0;0;0;0;0;0;0;0;0;0;1;0;0;0;0;0;0;0;0;0;0;0;0;0;0;0;0;2;0;0;0;0;0;0;0;0;0;GOIOERÊ;REGIÃO OESTE;47;3
0.4910064960273299;2021-12-31;15;23;27;30;846;38;1;15;24;639;38;0;38;1052;15;18;4;5;5;4;5;4;4;0;0;1;0;0;0;0;0;0;0;0;0;1;0;0;0;0;0;0;0;0;0;0;0;0;0;0;0;0;0;0;0;0;0;1;0;0;0;0;0;0;0;0;0;0;0;0;0;0;0;0;2;0;0;0;0;0;0;0;0;0;GOIOERÊ;REGIÃO OESTE;48;4
0.6225834001915163;2022-01-31;17;23;27;30;836;38;3;17;23;655;38;0;38;1016;32;105;5;4;4;5;4;5;4;0;0;0;0;1;0;0;0;0;0;0;0;0;1;0;0;0;0;0;0;0;0;0;0;0;0;0;0;0;0;0;0;0;0;1;0;0;0;0;0;0;0;0;0;0;0;0;0;0;0;0;2;0;0;0;0;0;31;0;0;0;GOIOERÊ;REGIÃO OESTE;49;5
0.6008437071352777;2022-02-28;16;23;28;33;785;36;1;16;30;644;36;0;36;925;14;30;4;4;4;4;4;4;4;0;0;0;1;0;0;0;0;0;0;0;0;0;1;0;0;0;0;0;0;0;0;0;0;0;0;0;0;0;0;0;0;0;0;1;0;0;0;0;0;0;0;0;0;0;0;0;0;0;0;0;2;0;0;0;0;0;0;1;0;0;GOIOERÊ;REGIÃO OESTE;50;5
0.4910064960273299;2022-03-31;15;19;25;29;776;35;7;15;25;618;35;0;35;934;52;220;4;5;5;4;4;4;5;0;0;0;0;0;0;0;0;1;0;0;0;0;1;0;0;0;0;0;0;0;0;0;0;0;0;0;0;0;0;0;0;0;0;1;0;0;0;0;0;0;0;0;0;0;0;0;0;0;0;0;2;0;0;0;0;0;0;1;0;0;GOIOERÊ;REGIÃO OESTE;51;4
0.5393514324904889;2022-04-30;11;17;23;27;682;32;6;11;22;534;32;0;32;831;71;187;4;4;4;4;5;5;4;1;0;0;0;0;0;0;0;0;0;0;0;0;1;0;0;0;0;0;0;0;0;0;0;0;0;0;0;0;0;0;0;0;0;1;0;0;0;0;0;0;0;0;0;0;0;0;0;0;0;0;2;0;0;0;0;0;0;1;0;0;GOIOERÊ;REGIÃO OESTE;52;5
0.45249618261342167;2022-05-31;4;10;18;25;564;31;3;4;20;408;31;0;31;720;30;81;5;4;4;5;4;4;5;0;0;0;0;0;0;0;1;0;0;0;0;0;1;0;0;0;0;0;0;0;0;0;0;0;0;0;0;0;0;0;0;0;0;1;0;0;0;0;0;0;0;0;0;0;0;0;0;0;0;0;2;0;0;0;0;0;0;0;0;0;GOIOERÊ;REGIÃO OESTE;53;4
0.40580760371645225;2022-06-30;3;10;18;24;529;29;5;3;19;379;29;0;29;679;49;139;4;5;5;4;4;4;4;0;0;0;0;0;0;1;0;0;0;0;0;0;1;0;0;0;0;0;0;0;0;0;0;0;0;0;0;0;0;0;0;0;0;1;0;0;0;0;0;0;0;0;0;0;0;0;0;0;0;0;2;0;0;0;0;0;0;1;0;0;GOIOERÊ;REGIÃO OESTE;54;3
0.4075674836305287;2022-07-31;4;14;21;24;664;31;1;4;20;482;31;0;31;846;17;27;5;4;4;4;5;5;4;0;0;0;0;0;1;0;0;0;0;0;0;0;1;0;0;0;0;0;0;0;0;0;0;0;0;0;0;0;0;0;0;0;0;1;0;0;0;0;0;0;0;0;0;0;0;0;0;0;0;0;2;0;0;0;0;0;0;0;0;0;GOIOERÊ;REGIÃO OESTE;55;4
0.43965941147545223;2022-08-31;2;9;19;26;589;32;4;2;20;399;32;0;32;780;52;136;4;5;4;5;4;4;5;0;1;0;0;0;0;0;0;0;0;0;0;0;1;0;0;0;0;0;0;0;0;0;0;0;0;0;0;0;0;0;0;0;0;1;0;0;0;0;0;0;0;0;0;0;0;0;0;0;0;0;2;0;0;0;0;0;0;0;0;0;GOIOERÊ;REGIÃO OESTE;56;4
0.39027925153342474;2022-09-30;7;14;19;27;581;34;9;7;20;445;34;0;34;717;66;283;4;4;5;4;5;4;4;0;0;0;0;0;0;0;0;0;0;0;1;0;1;0;0;0;0;0;0;0;0;0;0;0;0;0;0;0;0;0;0;0;0;1;0;0;0;0;0;0;0;0;0;0;0;0;0;0;0;0;2;0;0;0;0;0;0;0;0;0;GOIOERÊ;REGIÃO OESTE;57;3
0.510261652734284;2022-10-31;11;18;22;27;697;34;7;11;20;519;34;0;34;875;38;224;5;4;4;5;4;5;4;0;0;0;0;0;0;0;0;0;0;1;0;0;1;0;0;0;0;0;0;0;0;0;0;0;0;0;0;0;0;0;0;0;0;1;0;0;0;0;0;0;0;0;0;0;0;0;0;0;0;0;2;0;0;0;0;0;0;0;0;0;GOIOERÊ;REGIÃO OESTE;58;5
0.5673024664199384;2022-11-30;9;14;22;26;665;33;2;9;20;470;33;0;33;860;45;64;4;5;4;4;4;4;5;0;0;0;0;0;0;0;0;0;1;0;0;0;1;0;0;0;0;0;0;0;0;0;0;0;0;0;0;0;0;0;0;0;0;1;0;0;0;0;0;0;0;0;0;0;0;0;0;0;0;0;2;0;0;0;0;0;0;0;0;0;GOIOERÊ;REGIÃO OESTE;59;5
0.6097466290535469;2022-12-31;16;23;25;29;786;34;4;16;23;613;34;0;34;960;42;138;4;4;5;4;5;5;4;0;0;1;0;0;0;0;0;0;0;0;0;0;1;0;0;0;0;0;0;0;0;0;0;0;0;0;0;0;0;0;0;0;0;1;0;0;0;0;0;0;0;0;0;0;0;0;0;0;0;0;2;0;0;0;0;0;0;0;0;0;GOIOERÊ;REGIÃO OESTE;60;5
0.3305468568027123;2023-01-31;14;21;25;29;769;34;8;14;23;606;34;0;34;933;44;241;5;4;4;5;4;4;5;0;0;0;0;1;0;0;0;0;0;0;0;0;0;1;0;0;0;0;0;0;0;0;0;0;0;0;0;0;0;0;0;0;0;1;0;0;0;0;0;0;0;0;0;0;0;0;0;0;0;0;2;0;0;0;0;0;31;0;0;0;GOIOERÊ;REGIÃO OESTE;61;3
0.4877973032428375;2023-02-28;15;20;24;27;678;34;10;15;22;536;34;0;34;822;48;274;4;4;4;4;4;4;4;0;0;0;1;0;0;0;0;0;0;0;0;0;0;1;0;0;0;0;0;0;0;0;0;0;0;0;0;0;0;0;0;0;0;1;0;0;0;0;0;0;0;0;0;0;0;0;0;0;0;0;2;0;0;0;0;0;0;3;0;0;GOIOERÊ;REGIÃO OESTE;62;4
0.8921555940888739;2023-03-31;18;24;26;28;802;35;4;18;22;624;35;0;35;979;24;132;4;5;5;4;5;4;4;0;0;0;0;0;0;0;0;1;0;0;0;0;0;1;0;0;0;0;0;0;0;0;0;0;0;0;0;0;0;0;0;0;0;1;0;0;0;0;0;0;0;0;0;0;0;0;0;0;0;0;2;0;0;0;0;0;0;0;0;0;GOIOERÊ;REGIÃO OESTE;63;6
0.5051890576878284;2023-04-30;12;17;23;26;680;33;5;12;20;523;33;0;33;836;57;150;5;4;4;4;4;5;4;1;0;0;0;0;0;0;0;0;0;0;0;0;0;1;0;0;0;0;0;0;0;0;0;0;0;0;0;0;0;0;0;0;0;1;0;0;0;0;0;0;0;0;0;0;0;0;0;0;0;0;2;0;0;0;0;0;0;1;0;0;GOIOERÊ;REGIÃO OESTE;64;5
0.4428686042599445;2023-05-31;7;15;20;25;633;30;2;7;20;459;30;0;30;808;28;58;4;5;4;5;4;4;5;0;0;0;0;0;0;0;1;0;0;0;0;0;0;1;0;0;0;0;0;0;0;0;0;0;0;0;0;0;0;0;0;0;0;1;0;0;0;0;0;0;0;0;0;0;0;0;0;0;0;0;2;0;0;0;0;0;0;0;0;0;GOIOERÊ;REGIÃO OESTE;65;4
0.3995962628432412;2023-06-30;5;10;18;23;551;29;3;5;18;399;29;0;29;702;41;78;4;4;5;4;5;4;4;0;0;0;0;0;0;1;0;0;0;0;0;0;0;1;0;0;0;0;0;0;0;0;0;0;0;0;0;0;0;0;0;0;0;1;0;0;0;0;0;0;0;0;0;0;0;0;0;0;0;0;2;0;0;0;0;0;0;1;0;0;GOIOERÊ;REGIÃO OESTE;66;3
0.29203654338880397;2023-07-31;6;12;20;25;618;30;2;6;21;468;30;0;30;767;17;49;5;4;4;5;4;5;4;0;0;0;0;0;1;0;0;0;0;0;0;0;0;1;0;0;0;0;0;0;0;0;0;0;0;0;0;0;0;0;0;0;0;1;0;0;0;0;0;0;0;0;0;0;0;0;0;0;0;0;2;0;0;0;0;0;15;0;0;0;GOIOERÊ;REGIÃO OESTE;67;2
0.6803488703123786;2023-08-31;10;16;22;28;677;34;3;10;22;488;34;0;34;866;25;86;4;5;5;4;4;4;5;0;1;0;0;0;0;0;0;0;0;0;0;0;0;1;0;0;0;0;0;0;0;0;0;0;0;0;0;0;0;0;0;0;0;1;0;0;0;0;0;0;0;0;0;0;0;0;0;0;0;0;2;0;0;0;0;0;0;0;0;0;GOIOERÊ;REGIÃO OESTE;68;6
0.8902921918269107;2023-09-30;7;16;25;31;740;38;4;7;25;556;38;0;38;925;34;108;4;4;4;4;5;5;4;0;0;0;0;0;0;0;0;0;0;0;1;0;0;1;0;0;0;0;0;0;0;0;0;0;0;0;0;0;0;0;0;0;0;1;0;0;0;0;0;0;0;0;0;0;0;0;0;0;0;0;2;0;0;0;0;0;0;0;0;0;GOIOERÊ;REGIÃO OESTE;69;6
0.9049923652268432;2023-10-31;14;20;25;30;781;36;11;14;24;605;36;0;36;956;90;336;5;4;4;5;4;4;5;0;0;0;0;0;0;0;0;0;0;1;0;0;0;1;0;0;0;0;0;0;0;0;0;0;0;0;0;0;0;0;0;0;0;1;0;0;0;0;0;0;0;0;0;0;0;0;0;0;0;0;2;0;0;0;0;0;0;0;0;0;GOIOERÊ;REGIÃO OESTE;70;6
0.818861771784984;2023-11-30;10;16;25;33;764;39;5;10;27;615;39;0;39;913;38;151;4;5;5;4;4;4;4;0;0;0;0;0;0;0;0;0;1;0;0;0;0;1;0;0;0;0;0;0;0;0;0;0;0;0;0;0;0;0;0;0;0;1;0;0;0;0;0;0;0;0;0;0;0;0;0;0;0;0;2;0;0;0;0;0;0;0;0;0;GOIOERÊ;REGIÃO OESTE;71;6
0.7092316053728098;2023-12-31;16;23;27;30;823;38;4;16;24;644;38;0;38;1002;47;123;5;4;4;4;5;5;4;0;0;1;0;0;0;0;0;0;0;0;0;0;0;1;0;0;0;0;0;0;0;0;0;0;0;0;0;0;0;0;0;0;0;1;0;0;0;0;0;0;0;0;0;0;0;0;0;0;0;0;2;0;0;0;0;0;0;0;0;0;GOIOERÊ;REGIÃO OESTE;72;6
0.37547555578560515;2024-01-31;14;21;27;31;833;38;2;14;25;645;38;0;38;1021;19;64;4;5;4;5;4;4;5;0;0;0;0;1;0;0;0;0;0;0;0;0;0;0;1;0;0;0;0;0;0;0;0;0;0;0;0;0;0;0;0;0;0;1;0;0;0;0;0;0;0;0;0;0;0;0;0;0;0;0;2;0;0;0;0;0;31;0;0;0;GOIOERÊ;REGIÃO OESTE;73;3
0.8919485493931003;2024-02-29;18;25;28;30;799;36;5;18;25;626;36;0;36;972;35;158;4;4;5;4;4;4;4;0;0;0;1;0;0;0;0;0;0;0;0;0;0;0;1;0;0;0;0;0;0;0;0;0;0;0;0;0;0;0;0;0;0;1;0;0;0;0;0;0;0;0;0;0;0;0;0;0;0;0;2;0;0;0;0;0;0;3;0;0;GOIOERÊ;REGIÃO OESTE;74;6
1.0;2024-03-31;17;23;27;30;848;39;2;17;24;658;39;0;39;1037;25;49;5;4;4;4;5;5;4;0;0;0;0;0;0;0;0;1;0;0;0;0;0;0;1;0;0;0;0;0;0;0;0;0;0;0;0;0;0;0;0;0;0;1;0;0;0;0;0;0;0;0;0;0;0;0;0;0;0;0;2;0;0;0;0;0;0;1;0;0;GOIOERÊ;REGIÃO OESTE;75;6
0.9803566344884702;2024-04-30;13;19;26;29;766;36;2;13;24;607;36;0;36;926;26;50;4;4;4;5;4;4;5;1;0;0;0;0;0;0;0;0;0;0;0;0;0;0;1;0;0;0;0;0;0;0;0;0;0;0;0;0;0;0;0;0;0;1;0;0;0;0;0;0;0;0;0;0;0;0;0;0;0;0;2;0;0;0;0;0;0;0;0;0;GOIOERÊ;REGIÃO OESTE;76;6
0.2824089650353269;2024-05-31;6;12;22;29;692;35;2;6;23;531;35;0;35;852;35;63;4;5;5;4;5;4;4;0;0;0;0;0;0;0;1;0;0;0;0;0;0;0;1;0;0;0;0;0;0;0;0;0;0;0;0;0;0;0;0;0;0;1;0;0;0;0;0;0;0;0;0;0;0;0;0;0;0;0;2;0;0;0;0;0;0;1;0;30;GOIOERÊ;REGIÃO OESTE;77;2
0.045549833070213985;2024-06-30;12;19;23;26;700;32;1;12;22;537;32;0;32;863;3;16;5;4;4;4;4;5;4;0;0;0;0;0;0;1;0;0;0;0;0;0;0;0;1;0;0;0;0;0;0;0;0;0;0;0;0;0;0;0;0;0;0;1;0;0;0;0;0;0;0;0;0;0;0;0;0;0;0;0;2;0;0;0;0;0;0;0;0;30;GOIOERÊ;REGIÃO OESTE;78;0
0.2695721938973576;2024-07-31;14;19;19;19;600;25;1;14;14;423;25;1;25;777;1;40;4;5;4;5;4;4;5;0;0;0;0;0;1;0;0;0;0;0;0;0;0;0;1;0;0;0;0;0;0;0;0;0;0;0;0;0;0;0;0;0;0;1;0;0;0;0;0;0;0;0;0;0;0;0;0;0;0;0;2;0;0;0;0;0;12;0;0;0;GOIOERÊ;REGIÃO OESTE;79;2
0.25673542275938815;2024-08-31;14;20;20;20;628;26;4;14;14;441;26;4;26;814;4;117;4;4;5;4;5;5;4;0;1;0;0;0;0;0;0;0;0;0;0;0;0;0;1;0;0;0;0;0;0;0;0;0;0;0;0;0;0;0;0;0;0;1;0;0;0;0;0;0;0;0;0;0;0;0;0;0;0;0;2;0;0;0;0;0;0;0;0;0;GOIOERÊ;REGIÃO OESTE;80;2
0.46792101244856227;2024-09-30;18;24;24;24;718;30;4;18;18;538;30;4;30;898;4;112;5;4;4;5;4;4;4;0;0;0;0;0;0;0;0;0;0;0;1;0;0;0;1;0;0;0;0;0;0;0;0;0;0;0;0;0;0;0;0;0;0;1;0;0;0;0;0;0;0;0;0;0;0;0;0;0;0;0;2;0;0;0;0;0;0;0;0;0;GOIOERÊ;REGIÃO OESTE;81;4
0.5295168094412381;2024-10-31;19;24;24;24;756;30;10;19;19;592;30;10;30;920;10;302;4;5;5;4;4;4;5;0;0;0;0;0;0;0;0;0;0;1;0;0;0;0;1;0;0;0;0;0;0;0;0;0;0;0;0;0;0;0;0;0;0;1;0;0;0;0;0;0;0;0;0;0;0;0;0;0;0;0;2;0;0;0;0;0;0;0;0;0;GOIOERÊ;REGIÃO OESTE;82;5
0.023227276711368205;2015-02-28;13;19;22;24;621;30;6;13;20;483;30;0;30;759;22;160;4;4;4;4;4;4;4;0;0;0;1;0;0;0;0;0;0;0;0;0;0;0;0;1;0;0;0;0;0;0;0;0;0;0;0;0;0;0;0;0;0;0;1;0;0;0;0;0;0;0;0;0;0;0;0;0;0;0;2;2;0;0;1;0;0;3;0;0;IRATI;REGIÃO CENTRAL;1;0
0.1267420457533526;2015-03-31;12;19;21;24;663;29;2;12;19;500;29;0;29;825;16;60;5;4;4;5;4;4;5;0;0;0;0;0;0;0;0;1;0;0;0;0;0;0;0;1;0;0;0;0;0;0;0;0;0;0;0;0;0;0;0;0;0;0;1;0;0;0;0;0;0;0;0;0;0;0;0;0;0;0;2;2;0;0;1;0;0;0;0;0;IRATI;REGIÃO CENTRAL;2;1
0.08642299938644929;2015-04-30;9;15;19;23;563;28;2;9;19;409;28;0;28;717;39;55;4;5;5;4;4;4;4;1;0;0;0;0;0;0;0;0;0;0;0;0;0;0;0;1;0;0;0;0;0;0;0;0;0;0;0;0;0;0;0;0;0;0;1;0;0;0;0;0;0;0;0;0;0;0;0;0;0;0;2;2;0;0;1;0;0;1;0;0;IRATI;REGIÃO CENTRAL;3;0
0.10000876501007974;2015-05-31;5;9;16;22;493;25;6;5;18;362;25;0;25;623;63;174;5;4;4;4;5;5;4;0;0;0;0;0;0;0;1;0;0;0;0;0;0;0;0;1;0;0;0;0;0;0;0;0;0;0;0;0;0;0;0;0;0;0;1;0;0;0;0;0;0;0;0;0;0;0;0;0;0;0;2;2;0;0;1;0;0;0;0;0;IRATI;REGIÃO CENTRAL;4;0
0.08852660180559205;2015-06-30;-1;7;14;19;432;25;1;-1;15;276;25;0;25;588;21;32;4;4;4;5;4;4;5;0;0;0;0;0;0;1;0;0;0;0;0;0;0;0;0;1;0;0;0;0;0;0;0;0;0;0;0;0;0;0;0;0;0;0;1;0;0;0;0;0;0;0;0;0;0;0;0;0;0;0;2;2;0;0;1;0;0;1;0;0;IRATI;REGIÃO CENTRAL;5;0
0.04969760715224822;2015-07-31;2;8;14;20;447;25;17;2;16;309;25;0;25;586;104;533;4;5;5;4;5;4;4;0;0;0;0;0;1;0;0;0;0;0;0;0;0;0;0;1;0;0;0;0;0;0;0;0;0;0;0;0;0;0;0;0;0;0;1;0;0;0;0;0;0;0;0;0;0;0;0;0;0;0;2;2;0;0;1;0;15;0;0;3;IRATI;REGIÃO CENTRAL;6;0
0.0;2015-08-31;6;12;17;19;530;30;3;6;14;320;30;0;30;741;52;95;5;4;4;5;4;5;4;0;1;0;0;0;0;0;0;0;0;0;0;0;0;0;0;1;0;0;0;0;0;0;0;0;0;0;0;0;0;0;0;0;0;0;1;0;0;0;0;0;0;0;0;0;0;0;0;0;0;0;2;2;0;0;1;0;0;0;0;31;IRATI;REGIÃO CENTRAL;7;0
0.0029801034271189353;2015-09-30;1;10;19;25;557;33;6;1;18;382;33;0;33;731;54;168;4;5;4;4;4;4;5;0;0;0;0;0;0;0;0;0;0;0;1;0;0;0;0;1;0;0;0;0;0;0;0;0;0;0;0;0;0;0;0;0;0;0;1;0;0;0;0;0;0;0;0;0;0;0;0;0;0;0;2;2;0;0;1;0;0;0;0;30;IRATI;REGIÃO CENTRAL;8;0
0.10333946884038916;2015-10-31;11;14;20;25;623;31;7;11;22;481;31;0;31;764;41;208;4;4;5;4;5;5;4;0;0;0;0;0;0;0;0;0;0;1;0;0;0;0;0;1;0;0;0;0;0;0;0;0;0;0;0;0;0;0;0;0;0;0;1;0;0;0;0;0;0;0;0;0;0;0;0;0;0;0;2;2;0;0;1;0;0;0;0;7;IRATI;REGIÃO CENTRAL;9;0
0.12998509948286438;2015-11-30;11;16;20;25;609;31;9;11;18;482;31;0;31;736;87;282;5;4;4;5;4;4;4;0;0;0;0;0;0;0;0;0;1;0;0;0;0;0;0;1;0;0;0;0;0;0;0;0;0;0;0;0;0;0;0;0;0;0;1;0;0;0;0;0;0;0;0;0;0;0;0;0;0;0;2;2;0;0;1;0;0;0;0;0;IRATI;REGIÃO CENTRAL;10;1
0.1025506179332106;2015-12-31;14;18;23;26;704;31;6;14;20;563;31;0;31;844;46;176;4;5;5;4;4;4;5;0;0;1;0;0;0;0;0;0;0;0;0;0;0;0;0;1;0;0;0;0;0;0;0;0;0;0;0;0;0;0;0;0;0;0;1;0;0;0;0;0;0;0;0;0;0;0;0;0;0;0;2;2;0;0;1;0;0;0;0;0;IRATI;REGIÃO CENTRAL;11;0
0.08922780261197297;2016-01-31;12;19;22;25;687;31;3;12;21;527;31;0;31;846;16;91;5;4;4;4;5;5;4;0;0;0;0;1;0;0;0;0;0;0;0;0;0;0;0;0;1;0;0;0;0;0;0;0;0;0;0;0;0;0;0;0;0;0;1;0;0;0;0;0;0;0;0;0;0;0;0;0;0;0;2;1;0;0;1;0;31;0;0;0;IRATI;REGIÃO CENTRAL;12;0
0.22219300552195634;2016-02-29;15;21;23;26;677;31;5;15;21;544;31;0;31;809;21;141;4;4;4;5;4;4;4;0;0;0;1;0;0;0;0;0;0;0;0;0;0;0;0;0;1;0;0;0;0;0;0;0;0;0;0;0;0;0;0;0;0;0;1;0;0;0;0;0;0;0;0;0;0;0;0;0;0;0;2;1;0;0;1;0;0;3;0;0;IRATI;REGIÃO CENTRAL;13;2
0.4149355771759137;2016-03-31;10;18;21;24;654;30;7;10;19;487;30;0;30;821;97;212;4;5;5;4;4;4;5;0;0;0;0;0;0;0;0;1;0;0;0;0;0;0;0;0;1;0;0;0;0;0;0;0;0;0;0;0;0;0;0;0;0;0;1;0;0;0;0;0;0;0;0;0;0;0;0;0;0;0;2;1;0;0;1;0;0;1;0;0;IRATI;REGIÃO CENTRAL;14;3
0.4471031641686387;2016-04-30;0;8;21;25;631;32;3;0;19;450;32;0;32;813;74;95;4;4;4;4;5;5;4;1;0;0;0;0;0;0;0;0;0;0;0;0;0;0;0;0;1;0;0;0;0;0;0;0;0;0;0;0;0;0;0;0;0;0;1;0;0;0;0;0;0;0;0;0;0;0;0;0;0;0;2;1;0;0;1;0;0;0;0;0;IRATI;REGIÃO CENTRAL;15;4
0.49162941537382765;2016-05-31;1;10;15;19;461;24;5;1;16;331;24;0;24;591;50;160;5;4;4;5;4;4;5;0;0;0;0;0;0;0;1;0;0;0;0;0;0;0;0;0;1;0;0;0;0;0;0;0;0;0;0;0;0;0;0;0;0;0;1;0;0;0;0;0;0;0;0;0;0;0;0;0;0;0;2;1;0;0;1;0;0;1;0;0;IRATI;REGIÃO CENTRAL;16;5
0.48707161013235156;2016-06-30;-4;5;11;16;341;24;2;-4;13;180;24;0;24;501;23;62;4;5;5;4;4;4;4;0;0;0;0;0;0;1;0;0;0;0;0;0;0;0;0;0;1;0;0;0;0;0;0;0;0;0;0;0;0;0;0;0;0;0;1;0;0;0;0;0;0;0;0;0;0;0;0;0;0;0;2;1;0;0;1;0;0;0;0;0;IRATI;REGIÃO CENTRAL;17;4
0.45805942676834077;2016-07-31;-2;6;14;20;428;26;3;-2;15;228;26;0;26;627;46;99;5;4;4;4;5;5;4;0;0;0;0;0;1;0;0;0;0;0;0;0;0;0;0;0;1;0;0;0;0;0;0;0;0;0;0;0;0;0;0;0;0;0;1;0;0;0;0;0;0;0;0;0;0;0;0;0;0;0;2;1;0;0;1;0;14;0;0;0;IRATI;REGIÃO CENTRAL;18;4
0.4145849767727232;2016-08-31;0;8;15;19;457;28;11;0;16;276;28;0;28;637;65;350;4;5;4;5;4;4;5;0;1;0;0;0;0;0;0;0;0;0;0;0;0;0;0;0;1;0;0;0;0;0;0;0;0;0;0;0;0;0;0;0;0;0;1;0;0;0;0;0;0;0;0;0;0;0;0;0;0;0;2;1;0;0;1;0;0;0;0;0;IRATI;REGIÃO CENTRAL;19;3
0.4286966430011394;2016-09-30;2;11;16;22;477;29;3;2;17;276;29;0;29;679;57;98;4;4;5;4;5;4;4;0;0;0;0;0;0;0;0;0;0;0;1;0;0;0;0;0;1;0;0;0;0;0;0;0;0;0;0;0;0;0;0;0;0;0;1;0;0;0;0;0;0;0;0;0;0;0;0;0;0;0;2;1;0;0;1;0;0;0;0;0;IRATI;REGIÃO CENTRAL;20;4
0.4489438162853887;2016-10-31;7;13;18;25;572;32;6;7;19;408;32;0;32;736;56;185;5;4;4;5;4;5;4;0;0;0;0;0;0;0;0;0;0;1;0;0;0;0;0;0;1;0;0;0;0;0;0;0;0;0;0;0;0;0;0;0;0;0;1;0;0;0;0;0;0;0;0;0;0;0;0;0;0;0;2;1;0;0;1;0;0;0;0;0;IRATI;REGIÃO CENTRAL;21;4
0.39766850731878334;2016-11-30;8;15;20;24;606;30;3;8;19;435;30;0;30;776;24;86;4;5;4;4;4;4;5;0;0;0;0;0;0;0;0;0;1;0;0;0;0;0;0;0;1;0;0;0;0;0;0;0;0;0;0;0;0;0;0;0;0;0;1;0;0;0;0;0;0;0;0;0;0;0;0;0;0;0;2;1;0;0;1;0;0;0;0;0;IRATI;REGIÃO CENTRAL;22;3
0.33605048645805935;2016-12-31;9;15;22;26;671;32;4;9;20;513;32;0;32;829;20;113;4;4;5;4;5;5;4;0;0;1;0;0;0;0;0;0;0;0;0;0;0;0;0;0;1;0;0;0;0;0;0;0;0;0;0;0;0;0;0;0;0;0;1;0;0;0;0;0;0;0;0;0;0;0;0;0;0;0;2;1;0;0;1;0;0;0;0;0;IRATI;REGIÃO CENTRAL;23;2
0.30081514593741776;2017-01-31;13;21;23;25;712;31;4;13;20;546;31;0;31;877;34;134;5;4;4;5;4;4;5;0;0;0;0;1;0;0;0;0;0;0;0;0;0;0;0;0;0;1;0;0;0;0;0;0;0;0;0;0;0;0;0;0;0;0;1;0;0;0;0;0;0;0;0;0;0;0;0;0;0;0;2;1;0;0;1;0;31;0;0;0;IRATI;REGIÃO CENTRAL;24;2
0.35524585853273727;2017-02-28;16;21;23;25;655;32;4;16;20;500;32;0;32;810;23;123;4;4;4;4;4;4;4;0;0;0;1;0;0;0;0;0;0;0;0;0;0;0;0;0;0;1;0;0;0;0;0;0;0;0;0;0;0;0;0;0;0;0;1;0;0;0;0;0;0;0;0;0;0;0;0;0;0;0;2;1;0;0;1;0;0;2;0;0;IRATI;REGIÃO CENTRAL;25;3
0.5445700762555876;2017-03-31;13;17;21;25;656;30;3;13;20;504;30;0;30;807;20;90;4;5;5;4;5;4;4;0;0;0;0;0;0;0;0;1;0;0;0;0;0;0;0;0;0;1;0;0;0;0;0;0;0;0;0;0;0;0;0;0;0;0;1;0;0;0;0;0;0;0;0;0;0;0;0;0;0;0;2;1;0;0;1;0;0;1;0;0;IRATI;REGIÃO CENTRAL;26;5
0.48970111315628007;2017-04-30;2;11;18;23;536;28;2;2;18;394;28;0;28;678;43;70;5;4;4;4;4;5;4;1;0;0;0;0;0;0;0;0;0;0;0;0;0;0;0;0;0;1;0;0;0;0;0;0;0;0;0;0;0;0;0;0;0;0;1;0;0;0;0;0;0;0;0;0;0;0;0;0;0;0;2;1;0;0;1;0;0;1;0;0;IRATI;REGIÃO CENTRAL;27;5
0.49846612323604167;2017-05-31;7;14;17;22;527;27;6;7;17;406;27;0;27;647;123;200;4;5;4;5;4;4;5;0;0;0;0;0;0;0;1;0;0;0;0;0;0;0;0;0;0;1;0;0;0;0;0;0;0;0;0;0;0;0;0;0;0;0;1;0;0;0;0;0;0;0;0;0;0;0;0;0;0;0;2;1;0;0;1;0;0;0;0;0;IRATI;REGIÃO CENTRAL;28;5
0.43185204662985355;2017-06-30;-1;8;15;21;441;24;3;-1;18;292;24;0;24;590;31;98;4;4;5;4;5;4;4;0;0;0;0;0;0;1;0;0;0;0;0;0;0;0;0;0;0;1;0;0;0;0;0;0;0;0;0;0;0;0;0;0;0;0;1;0;0;0;0;0;0;0;0;0;0;0;0;0;0;0;2;1;0;0;1;0;0;1;0;0;IRATI;REGIÃO CENTRAL;29;4
0.3837321412919624;2017-07-31;-4;4;14;17;422;25;0;-4;11;213;25;0;25;630;1;1;5;4;4;5;4;5;4;0;0;0;0;0;1;0;0;0;0;0;0;0;0;0;0;0;0;1;0;0;0;0;0;0;0;0;0;0;0;0;0;0;0;0;1;0;0;0;0;0;0;0;0;0;0;0;0;0;0;0;2;1;0;0;1;0;16;0;0;0;IRATI;REGIÃO CENTRAL;30;3
0.38355684109036725;2017-08-31;1;9;16;21;486;31;7;1;15;310;31;0;31;662;96;204;4;5;5;4;4;4;5;0;1;0;0;0;0;0;0;0;0;0;0;0;0;0;0;0;0;1;0;0;0;0;0;0;0;0;0;0;0;0;0;0;0;0;1;0;0;0;0;0;0;0;0;0;0;0;0;0;0;0;2;1;0;0;1;0;0;0;0;0;IRATI;REGIÃO CENTRAL;31;3
0.37189937768428427;2017-09-30;9;15;20;23;599;32;5;9;16;389;32;0;32;809;78;136;4;4;4;4;5;5;4;0;0;0;0;0;0;0;0;0;0;0;1;0;0;0;0;0;0;1;0;0;0;0;0;0;0;0;0;0;0;0;0;0;0;0;1;0;0;0;0;0;0;0;0;0;0;0;0;0;0;0;2;1;0;0;1;0;0;0;0;0;IRATI;REGIÃO CENTRAL;32;3
0.34034534139714256;2017-10-31;4;14;19;25;579;32;12;4;18;410;32;0;32;748;97;377;5;4;4;5;4;4;5;0;0;0;0;0;0;0;0;0;0;1;0;0;0;0;0;0;0;1;0;0;0;0;0;0;0;0;0;0;0;0;0;0;0;0;1;0;0;0;0;0;0;0;0;0;0;0;0;0;0;0;2;1;0;0;1;0;0;0;0;0;IRATI;REGIÃO CENTRAL;33;2
0.3266719256727145;2017-11-30;7;15;20;23;590;32;4;7;18;411;32;0;32;769;31;122;4;5;5;4;4;4;4;0;0;0;0;0;0;0;0;0;1;0;0;0;0;0;0;0;0;1;0;0;0;0;0;0;0;0;0;0;0;0;0;0;0;0;1;0;0;0;0;0;0;0;0;0;0;0;0;0;0;0;2;1;0;0;1;0;0;0;0;0;IRATI;REGIÃO CENTRAL;34;2
0.250328687877991;2017-12-31;14;18;22;24;680;31;5;14;20;530;31;0;31;830;41;149;5;4;4;4;5;5;4;0;0;1;0;0;0;0;0;0;0;0;0;0;0;0;0;0;0;1;0;0;0;0;0;0;0;0;0;0;0;0;0;0;0;0;1;0;0;0;0;0;0;0;0;0;0;0;0;0;0;0;2;1;0;0;1;0;0;0;0;0;IRATI;REGIÃO CENTRAL;35;2
0.2066789376807783;2018-01-31;14;18;22;25;683;31;4;14;19;536;31;0;31;830;30;131;4;5;4;5;4;4;5;0;0;0;0;1;0;0;0;0;0;0;0;0;0;0;0;0;0;0;1;0;0;0;0;0;0;0;0;0;0;0;0;0;0;0;1;0;0;0;0;0;0;0;0;0;0;0;0;0;0;0;2;1;0;0;1;0;31;0;0;0;IRATI;REGIÃO CENTRAL;36;1
0.26759575773512134;2018-02-28;12;16;21;23;578;30;1;12;20;431;30;0;30;724;8;38;4;4;4;4;4;4;4;0;0;0;1;0;0;0;0;0;0;0;0;0;0;0;0;0;0;0;1;0;0;0;0;0;0;0;0;0;0;0;0;0;0;0;1;0;0;0;0;0;0;0;0;0;0;0;0;0;0;0;2;1;0;0;2;0;0;3;0;0;IRATI;REGIÃO CENTRAL;37;2
0.4542028223332456;2018-03-31;15;18;22;25;691;31;5;15;19;540;31;0;31;842;34;166;4;4;5;4;5;5;4;0;0;0;0;0;0;0;0;1;0;0;0;0;0;0;0;0;0;0;1;0;0;0;0;0;0;0;0;0;0;0;0;0;0;0;1;0;0;0;0;0;0;0;0;0;0;0;0;0;0;0;2;1;0;0;2;0;0;1;0;0;IRATI;REGIÃO CENTRAL;38;4
0.46077657989306686;2018-04-30;9;17;20;23;595;28;0;9;18;411;28;0;28;779;7;12;5;4;4;5;4;4;4;1;0;0;0;0;0;0;0;0;0;0;0;0;0;0;0;0;0;0;1;0;0;0;0;0;0;0;0;0;0;0;0;0;0;0;1;0;0;0;0;0;0;0;0;0;0;0;0;0;0;0;2;1;0;0;2;0;0;0;0;0;IRATI;REGIÃO CENTRAL;39;4
0.4129196248575685;2018-05-31;1;9;16;22;508;28;3;1;18;325;28;0;28;692;55;82;4;5;5;4;4;4;5;0;0;0;0;0;0;0;1;0;0;0;0;0;0;0;0;0;0;0;1;0;0;0;0;0;0;0;0;0;0;0;0;0;0;0;1;0;0;0;0;0;0;0;0;0;0;0;0;0;0;0;2;1;0;0;2;0;0;1;0;0;IRATI;REGIÃO CENTRAL;40;3
0.4024016127618546;2018-06-30;0;6;14;21;421;27;9;0;16;285;27;0;27;557;68;267;4;4;4;4;5;5;4;0;0;0;0;0;0;1;0;0;0;0;0;0;0;0;0;0;0;0;1;0;0;0;0;0;0;0;0;0;0;0;0;0;0;0;1;0;0;0;0;0;0;0;0;0;0;0;0;0;0;0;2;1;0;0;2;0;0;0;0;0;IRATI;REGIÃO CENTRAL;41;3
0.4022263125602594;2018-07-31;0;7;16;19;487;27;0;0;14;289;27;0;27;685;3;4;5;4;4;5;4;4;5;0;0;0;0;0;1;0;0;0;0;0;0;0;0;0;0;0;0;0;1;0;0;0;0;0;0;0;0;0;0;0;0;0;0;0;1;0;0;0;0;0;0;0;0;0;0;0;0;0;0;0;2;1;0;0;2;0;16;0;0;0;IRATI;REGIÃO CENTRAL;42;3
0.3995968095363309;2018-08-31;0;8;14;21;436;29;3;0;14;257;29;0;29;615;49;97;4;5;5;4;5;4;4;0;1;0;0;0;0;0;0;0;0;0;0;0;0;0;0;0;0;0;1;0;0;0;0;0;0;0;0;0;0;0;0;0;0;0;1;0;0;0;0;0;0;0;0;0;0;0;0;0;0;0;2;1;0;0;2;0;0;0;0;0;IRATI;REGIÃO CENTRAL;43;3
0.4492067665877816;2018-09-30;3;12;17;24;524;32;7;3;17;365;32;0;32;682;60;216;5;4;4;4;4;5;4;0;0;0;0;0;0;0;0;0;0;0;1;0;0;0;0;0;0;0;1;0;0;0;0;0;0;0;0;0;0;0;0;0;0;0;1;0;0;0;0;0;0;0;0;0;0;0;0;0;0;0;2;1;0;0;2;0;0;0;0;0;IRATI;REGIÃO CENTRAL;44;4
0.4488561661845911;2018-10-31;8;13;18;22;570;29;7;8;18;447;29;0;29;693;48;222;4;5;4;5;4;4;5;0;0;0;0;0;0;0;0;0;0;1;0;0;0;0;0;0;0;0;1;0;0;0;0;0;0;0;0;0;0;0;0;0;0;0;1;0;0;0;0;0;0;0;0;0;0;0;0;0;0;0;2;1;0;0;2;0;0;0;0;0;IRATI;REGIÃO CENTRAL;45;4
0.44868086598299584;2018-11-30;10;16;21;26;623;31;2;10;21;459;31;0;31;787;31;74;4;4;5;4;5;4;4;0;0;0;0;0;0;0;0;0;1;0;0;0;0;0;0;0;0;0;1;0;0;0;0;0;0;0;0;0;0;0;0;0;0;0;1;0;0;0;0;0;0;0;0;0;0;0;0;0;0;0;2;1;0;0;2;0;0;0;0;0;IRATI;REGIÃO CENTRAL;46;4
0.33499868524848797;2018-12-31;8;18;23;27;725;34;2;8;21;513;34;0;34;937;12;77;5;4;4;5;4;5;4;0;0;1;0;0;0;0;0;0;0;0;0;0;0;0;0;0;0;0;1;0;0;0;0;0;0;0;0;0;0;0;0;0;0;0;1;0;0;0;0;0;0;0;0;0;0;0;0;0;0;0;2;1;0;0;2;0;0;0;0;0;IRATI;REGIÃO CENTRAL;47;2
0.2405995266894557;2019-01-31;16;22;24;26;749;34;5;16;21;576;34;0;34;922;22;164;4;5;5;4;4;4;5;0;0;0;0;1;0;0;0;0;0;0;0;0;0;0;0;0;0;0;0;1;0;0;0;0;0;0;0;0;0;0;0;0;0;0;1;0;0;0;0;0;0;0;0;0;0;0;0;0;0;0;2;0;0;0;2;0;31;0;0;0;IRATI;REGIÃO CENTRAL;48;2
0.35279165571040405;2019-02-28;14;17;22;26;612;34;7;14;20;478;34;0;34;746;47;195;4;4;4;4;4;4;4;0;0;0;1;0;0;0;0;0;0;0;0;0;0;0;0;0;0;0;0;1;0;0;0;0;0;0;0;0;0;0;0;0;0;0;1;0;0;0;0;0;0;0;0;0;0;0;0;0;0;0;2;0;1;1;2;0;0;0;0;0;IRATI;REGIÃO CENTRAL;49;2
0.6075904987290734;2019-03-31;12;18;21;23;663;30;2;12;19;513;30;0;30;813;27;73;5;4;4;4;5;5;4;0;0;0;0;0;0;0;0;1;0;0;0;0;0;0;0;0;0;0;0;1;0;0;0;0;0;0;0;0;0;0;0;0;0;0;1;0;0;0;0;0;0;0;0;0;0;0;0;0;0;0;2;0;1;1;2;0;0;3;0;0;IRATI;REGIÃO CENTRAL;50;6
0.5407134718204926;2019-04-30;9;17;20;23;595;28;3;9;20;451;28;0;28;738;36;83;4;4;4;5;4;4;5;1;0;0;0;0;0;0;0;0;0;0;0;0;0;0;0;0;0;0;0;1;0;0;0;0;0;0;0;0;0;0;0;0;0;0;1;0;0;0;0;0;0;0;0;0;0;0;0;0;0;0;2;0;1;1;2;0;0;1;0;0;IRATI;REGIÃO CENTRAL;51;5
0.5271277061968621;2019-05-31;7;13;18;22;543;28;9;7;18;426;28;0;28;661;76;270;4;5;5;4;5;4;4;0;0;0;0;0;0;0;1;0;0;0;0;0;0;0;0;0;0;0;0;1;0;0;0;0;0;0;0;0;0;0;0;0;0;0;1;0;0;0;0;0;0;0;0;0;0;0;0;0;0;0;2;0;1;1;2;0;0;0;0;0;IRATI;REGIÃO CENTRAL;52;5
0.45551757384520986;2019-06-30;3;10;16;20;478;25;2;3;16;317;25;0;25;639;49;74;5;4;4;4;4;5;4;0;0;0;0;0;0;1;0;0;0;0;0;0;0;0;0;0;0;0;0;1;0;0;0;0;0;0;0;0;0;0;0;0;0;0;1;0;0;0;0;0;0;0;0;0;0;0;0;0;0;0;2;0;1;1;2;0;0;1;0;0;IRATI;REGIÃO CENTRAL;53;4
0.40485581558418793;2019-07-31;-4;4;14;19;440;25;1;-4;16;245;25;0;25;634;10;25;4;5;4;5;4;4;5;0;0;0;0;0;1;0;0;0;0;0;0;0;0;0;0;0;0;0;0;1;0;0;0;0;0;0;0;0;0;0;0;0;0;0;1;0;0;0;0;0;0;0;0;0;0;0;0;0;0;0;2;0;1;1;2;0;16;0;0;0;IRATI;REGIÃO CENTRAL;54;3
0.4875098606363397;2019-08-31;0;7;15;21;464;29;0;0;15;272;29;0;29;656;4;7;4;4;5;4;5;5;4;0;1;0;0;0;0;0;0;0;0;0;0;0;0;0;0;0;0;0;0;1;0;0;0;0;0;0;0;0;0;0;0;0;0;0;1;0;0;0;0;0;0;0;0;0;0;0;0;0;0;0;2;0;1;1;2;0;0;0;0;0;IRATI;REGIÃO CENTRAL;55;5
0.5654308002454203;2019-09-30;6;11;18;24;549;32;5;6;17;383;32;0;32;714;34;150;5;4;4;5;4;4;4;0;0;0;0;0;0;0;0;0;0;0;1;0;0;0;0;0;0;0;0;1;0;0;0;0;0;0;0;0;0;0;0;0;0;0;1;0;0;0;0;0;0;0;0;0;0;0;0;0;0;0;2;0;1;1;2;0;0;0;0;0;IRATI;REGIÃO CENTRAL;56;5
0.5869050749408361;2019-10-31;11;15;21;25;650;34;5;11;18;461;34;0;34;840;47;169;4;5;5;4;4;4;5;0;0;0;0;0;0;0;0;0;0;1;0;0;0;0;0;0;0;0;0;1;0;0;0;0;0;0;0;0;0;0;0;0;0;0;1;0;0;0;0;0;0;0;0;0;0;0;0;0;0;0;2;0;1;1;2;0;0;0;0;0;IRATI;REGIÃO CENTRAL;57;5
0.560697694802349;2019-11-30;11;16;21;25;632;33;5;11;19;463;33;0;33;800;48;145;4;4;4;4;5;5;4;0;0;0;0;0;0;0;0;0;1;0;0;0;0;0;0;0;0;0;0;1;0;0;0;0;0;0;0;0;0;0;0;0;0;0;1;0;0;0;0;0;0;0;0;0;0;0;0;0;0;0;2;0;1;1;2;0;0;0;0;0;IRATI;REGIÃO CENTRAL;58;5
0.35971601367341566;2019-12-31;13;17;21;25;666;32;5;13;19;501;32;0;32;832;62;151;5;4;4;5;4;4;5;0;0;1;0;0;0;0;0;0;0;0;0;0;0;0;0;0;0;0;0;1;0;0;0;0;0;0;0;0;0;0;0;0;0;0;1;0;0;0;0;0;0;0;0;0;0;0;0;0;0;0;2;0;1;1;2;0;0;0;0;0;IRATI;REGIÃO CENTRAL;59;3
0.2892453326321325;2020-01-31;12;18;22;26;687;32;2;12;21;526;32;0;32;847;23;71;4;5;5;4;5;4;4;0;0;0;0;1;0;0;0;0;0;0;0;0;0;0;0;0;0;0;0;0;1;0;0;0;0;0;0;0;0;0;0;0;0;0;1;0;0;0;0;0;0;0;0;0;0;0;0;0;0;0;2;0;1;1;2;0;31;0;0;0;IRATI;REGIÃO CENTRAL;60;2
0.4691033394688403;2020-02-29;11;18;22;26;632;33;3;11;20;474;33;0;33;789;34;84;4;4;4;4;4;5;4;0;0;0;1;0;0;0;0;0;0;0;0;0;0;0;0;0;0;0;0;0;1;0;0;0;0;0;0;0;0;0;0;0;0;0;1;0;0;0;0;0;0;0;0;0;0;0;0;0;0;0;2;0;1;1;2;0;0;3;0;0;IRATI;REGIÃO CENTRAL;61;4
0.37382767990183186;2020-03-31;10;17;21;24;650;32;1;10;19;447;32;0;32;853;17;38;5;4;4;5;4;4;5;0;0;0;0;0;0;0;0;1;0;0;0;0;0;0;0;0;0;0;0;0;1;0;0;0;0;0;0;0;0;0;0;0;0;0;1;0;0;0;0;0;0;0;0;0;0;0;0;0;0;0;2;0;1;1;2;0;0;0;15;0;IRATI;REGIÃO CENTRAL;62;3
0.13366640371636426;2020-04-30;3;12;18;24;534;30;1;3;18;318;30;0;30;749;30;45;4;5;5;4;4;4;4;1;0;0;0;0;0;0;0;0;0;0;0;0;0;0;0;0;0;0;0;0;1;0;0;0;0;0;0;0;0;0;0;0;0;0;1;0;0;0;0;0;0;0;0;0;0;0;0;0;0;0;2;0;1;1;2;0;0;1;30;0;IRATI;REGIÃO CENTRAL;63;1
0.10167411692523445;2020-05-31;1;10;15;19;456;26;7;1;15;246;26;0;26;666;133;208;5;4;4;4;5;5;4;0;0;0;0;0;0;0;1;0;0;0;0;0;0;0;0;0;0;0;0;0;1;0;0;0;0;0;0;0;0;0;0;0;0;0;1;0;0;0;0;0;0;0;0;0;0;0;0;0;0;0;2;0;1;1;2;0;0;0;31;0;IRATI;REGIÃO CENTRAL;64;0
0.09264615654308003;2020-06-30;6;11;16;22;472;26;8;6;18;341;26;0;26;602;67;238;4;4;4;5;4;4;5;0;0;0;0;0;0;1;0;0;0;0;0;0;0;0;0;0;0;0;0;0;1;0;0;0;0;0;0;0;0;0;0;0;0;0;1;0;0;0;0;0;0;0;0;0;0;0;0;0;0;0;2;0;1;1;2;0;0;1;30;0;IRATI;REGIÃO CENTRAL;65;0
0.11832763607678146;2020-07-31;0;8;14;19;437;25;1;0;14;256;25;0;25;617;15;40;4;5;5;4;5;4;4;0;0;0;0;0;1;0;0;0;0;0;0;0;0;0;0;0;0;0;0;0;1;0;0;0;0;0;0;0;0;0;0;0;0;0;1;0;0;0;0;0;0;0;0;0;0;0;0;0;0;0;2;0;1;1;2;0;0;0;31;0;IRATI;REGIÃO CENTRAL;66;1
0.10605662196511526;2020-08-31;-3;5;14;21;449;30;11;-3;14;253;30;0;30;646;106;334;5;4;4;5;4;5;4;0;1;0;0;0;0;0;0;0;0;0;0;0;0;0;0;0;0;0;0;0;1;0;0;0;0;0;0;0;0;0;0;0;0;0;1;0;0;0;0;0;0;0;0;0;0;0;0;0;0;0;2;0;1;1;2;0;0;0;31;0;IRATI;REGIÃO CENTRAL;67;0
0.11210447892015077;2020-09-30;9;13;20;25;587;33;1;9;16;395;33;0;33;779;28;43;4;5;4;4;4;4;5;0;0;0;0;0;0;0;0;0;0;0;1;0;0;0;0;0;0;0;0;0;1;0;0;0;0;0;0;0;0;0;0;0;0;0;1;0;0;0;0;0;0;0;0;0;0;0;0;0;0;0;2;0;1;1;2;0;0;0;30;0;IRATI;REGIÃO CENTRAL;68;1
0.13594530633710225;2020-10-31;7;14;20;27;619;36;3;7;18;419;36;0;36;818;53;97;4;4;5;4;5;5;4;0;0;0;0;0;0;0;0;0;0;1;0;0;0;0;0;0;0;0;0;0;1;0;0;0;0;0;0;0;0;0;0;0;0;0;1;0;0;0;0;0;0;0;0;0;0;0;0;0;0;0;2;0;1;1;2;0;0;0;31;0;IRATI;REGIÃO CENTRAL;69;1
0.12788149706372162;2020-11-30;6;15;20;25;608;33;3;6;18;416;33;0;33;801;32;104;5;4;4;5;4;4;4;0;0;0;0;0;0;0;0;0;1;0;0;0;0;0;0;0;0;0;0;0;1;0;0;0;0;0;0;0;0;0;0;0;0;0;1;0;0;0;0;0;0;0;0;0;0;0;0;0;0;0;2;0;1;1;2;0;0;0;30;0;IRATI;REGIÃO CENTRAL;70;1
0.14953107196073276;2020-12-31;13;16;22;24;675;30;7;13;20;519;30;0;30;832;38;204;4;5;5;4;4;4;5;0;0;1;0;0;0;0;0;0;0;0;0;0;0;0;0;0;0;0;0;0;1;0;0;0;0;0;0;0;0;0;0;0;0;0;1;0;0;0;0;0;0;0;0;0;0;0;0;0;0;0;2;0;1;1;2;0;0;0;31;0;IRATI;REGIÃO CENTRAL;71;1
0.1685511438338154;2021-01-31;12;17;21;25;665;31;8;12;20;545;31;0;31;784;63;262;5;4;4;4;5;5;4;0;0;0;0;1;0;0;0;0;0;0;0;1;0;0;0;0;0;0;0;0;0;0;0;0;0;0;0;0;0;0;0;0;0;0;1;0;0;0;0;0;0;0;0;0;0;0;0;0;0;0;2;0;1;1;2;0;0;0;31;0;IRATI;REGIÃO CENTRAL;72;1
0.10141116662284158;2021-02-28;10;18;21;24;579;30;0;10;19;413;30;0;30;745;4;12;4;4;4;4;4;4;4;0;0;0;1;0;0;0;0;0;0;0;0;1;0;0;0;0;0;0;0;0;0;0;0;0;0;0;0;0;0;0;0;0;0;0;1;0;0;0;0;0;0;0;0;0;0;0;0;0;0;0;2;0;1;1;2;0;0;3;28;0;IRATI;REGIÃO CENTRAL;73;0
0.10877377508984135;2021-03-31;10;16;22;24;667;30;4;10;19;507;30;0;30;827;27;127;4;5;4;5;4;4;5;0;0;0;0;0;0;0;0;1;0;0;0;1;0;0;0;0;0;0;0;0;0;0;0;0;0;0;0;0;0;0;0;0;0;0;1;0;0;0;0;0;0;0;0;0;0;0;0;0;0;0;2;0;1;1;2;0;0;0;31;0;IRATI;REGIÃO CENTRAL;74;0
0.09369795775265141;2021-04-30;7;14;17;20;520;27;0;7;16;356;27;0;27;683;0;2;4;4;5;4;5;4;4;1;0;0;0;0;0;0;0;0;0;0;0;1;0;0;0;0;0;0;0;0;0;0;0;0;0;0;0;0;0;0;0;0;0;0;1;0;0;0;0;0;0;0;0;0;0;0;0;0;0;0;2;0;1;1;2;0;0;1;30;0;IRATI;REGIÃO CENTRAL;75;0
0.11420808133929353;2021-05-31;1;10;15;19;469;27;3;1;14;292;27;0;27;646;33;85;5;4;4;5;4;5;4;0;0;0;0;0;0;0;1;0;0;0;0;1;0;0;0;0;0;0;0;0;0;0;0;0;0;0;0;0;0;0;0;0;0;0;1;0;0;0;0;0;0;0;0;0;0;0;0;0;0;0;2;0;1;1;2;0;0;0;31;0;IRATI;REGIÃO CENTRAL;76;1
0.10947497589622227;2021-06-30;-2;3;13;19;404;24;4;-2;15;276;24;0;24;531;34;119;4;5;4;4;4;4;5;0;0;0;0;0;0;1;0;0;0;0;0;1;0;0;0;0;0;0;0;0;0;0;0;0;0;0;0;0;0;0;0;0;0;0;1;0;0;0;0;0;0;0;0;0;0;0;0;0;0;0;2;0;1;1;2;0;0;1;30;0;IRATI;REGIÃO CENTRAL;77;1
0.11964238758874571;2021-07-31;-3;4;11;17;351;25;2;-3;13;151;25;0;25;550;33;74;4;4;5;4;5;5;4;0;0;0;0;0;1;0;0;0;0;0;0;1;0;0;0;0;0;0;0;0;0;0;0;0;0;0;0;0;0;0;0;0;0;0;1;0;0;0;0;0;0;0;0;0;0;0;0;0;0;0;2;0;1;1;2;0;0;0;31;0;IRATI;REGIÃO CENTRAL;78;1
0.10877377508984135;2021-08-31;4;9;16;22;498;29;3;4;16;328;29;0;29;668;44;78;5;4;4;5;4;4;5;0;1;0;0;0;0;0;0;0;0;0;0;1;0;0;0;0;0;0;0;0;0;0;0;0;0;0;0;0;0;0;0;0;0;0;1;0;0;0;0;0;0;0;0;0;0;0;0;0;0;0;2;0;1;1;2;0;0;0;31;0;IRATI;REGIÃO CENTRAL;79;0
0.09369795775265141;2021-09-30;6;13;19;24;569;31;3;6;20;393;31;0;31;745;20;86;4;5;5;4;4;4;4;0;0;0;0;0;0;0;0;0;0;0;1;1;0;0;0;0;0;0;0;0;0;0;0;0;0;0;0;0;0;0;0;0;0;0;1;0;0;0;0;0;0;0;0;0;0;0;0;0;0;0;2;0;1;1;2;0;0;0;30;0;IRATI;REGIÃO CENTRAL;80;0
0.13051100008765007;2021-10-31;7;12;17;20;531;27;9;7;17;405;27;0;27;656;91;286;5;4;4;4;5;5;4;0;0;0;0;0;0;0;0;0;0;1;0;1;0;0;0;0;0;0;0;0;0;0;0;0;0;0;0;0;0;0;0;0;0;0;1;0;0;0;0;0;0;0;0;0;0;0;0;0;0;0;2;0;1;1;2;0;0;0;0;0;IRATI;REGIÃO CENTRAL;81;1
0.2803926724515733;2021-11-30;7;16;20;23;611;32;2;7;17;427;32;0;32;795;14;50;4;4;4;5;4;4;5;0;0;0;0;0;0;0;0;0;1;0;0;1;0;0;0;0;0;0;0;0;0;0;0;0;0;0;0;0;0;0;0;0;0;0;1;0;0;0;0;0;0;0;0;0;0;0;0;0;0;0;2;0;1;1;2;0;0;0;0;0;IRATI;REGIÃO CENTRAL;82;2
0.22561135945306335;2021-12-31;9;17;22;26;668;32;2;9;20;475;32;0;32;861;22;76;4;5;5;4;5;4;4;0;0;1;0;0;0;0;0;0;0;0;0;1;0;0;0;0;0;0;0;0;0;0;0;0;0;0;0;0;0;0;0;0;0;0;1;0;0;0;0;0;0;0;0;0;0;0;0;0;0;0;2;0;1;1;2;0;0;0;0;0;IRATI;REGIÃO CENTRAL;83;2
0.18485406258217194;2022-01-31;12;16;22;26;686;33;8;12;20;528;33;0;33;844;54;242;5;4;4;5;4;5;4;0;0;0;0;1;0;0;0;0;0;0;0;0;1;0;0;0;0;0;0;0;0;0;0;0;0;0;0;0;0;0;0;0;0;0;1;0;0;0;0;0;0;0;0;0;0;0;0;0;0;0;2;0;1;1;2;0;31;0;0;0;IRATI;REGIÃO CENTRAL;84;1
0.1995792795161714;2022-02-28;12;19;22;25;619;32;5;12;20;451;32;0;32;786;58;140;4;4;4;4;4;4;4;0;0;0;1;0;0;0;0;0;0;0;0;0;1;0;0;0;0;0;0;0;0;0;0;0;0;0;0;0;0;0;0;0;0;0;1;0;0;0;0;0;0;0;0;0;0;0;0;0;0;0;2;0;1;1;2;0;0;1;0;0;IRATI;REGIÃO CENTRAL;85;1
0.4728722938031378;2022-03-31;11;15;21;25;661;31;9;11;20;520;31;0;31;801;65;281;4;5;5;4;4;4;5;0;0;0;0;0;0;0;0;1;0;0;0;0;1;0;0;0;0;0;0;0;0;0;0;0;0;0;0;0;0;0;0;0;0;0;1;0;0;0;0;0;0;0;0;0;0;0;0;0;0;0;2;0;1;1;2;0;0;1;0;0;IRATI;REGIÃO CENTRAL;86;4
0.48023490227013754;2022-04-30;5;12;18;22;530;28;17;5;17;394;28;0;28;666;248;503;4;4;4;4;5;5;4;1;0;0;0;0;0;0;0;0;0;0;0;0;1;0;0;0;0;0;0;0;0;0;0;0;0;0;0;0;0;0;0;0;0;0;1;0;0;0;0;0;0;0;0;0;0;0;0;0;0;0;2;0;1;1;2;0;0;1;0;0;IRATI;REGIÃO CENTRAL;87;4
0.5516697344201945;2022-05-31;0;6;14;20;444;27;5;0;16;280;27;0;27;608;55;156;5;4;4;5;4;4;5;0;0;0;0;0;0;0;1;0;0;0;0;0;1;0;0;0;0;0;0;0;0;0;0;0;0;0;0;0;0;0;0;0;0;0;1;0;0;0;0;0;0;0;0;0;0;0;0;0;0;0;2;0;1;1;2;0;0;0;0;0;IRATI;REGIÃO CENTRAL;88;5
0.5249364536769217;2022-06-30;-1;7;14;20;416;25;6;-1;14;269;25;0;25;563;65;177;4;5;5;4;4;4;4;0;0;0;0;0;0;1;0;0;0;0;0;0;1;0;0;0;0;0;0;0;0;0;0;0;0;0;0;0;0;0;0;0;0;0;1;0;0;0;0;0;0;0;0;0;0;0;0;0;0;0;2;0;1;1;2;0;0;1;0;0;IRATI;REGIÃO CENTRAL;89;5
0.3832062406871768;2022-07-31;1;9;16;19;492;26;2;1;15;292;26;0;26;693;43;69;5;4;4;4;5;5;4;0;0;0;0;0;1;0;0;0;0;0;0;0;1;0;0;0;0;0;0;0;0;0;0;0;0;0;0;0;0;0;0;0;0;0;1;0;0;0;0;0;0;0;0;0;0;0;0;0;0;0;2;0;1;1;2;0;0;0;0;0;IRATI;REGIÃO CENTRAL;90;3
0.48917521255149443;2022-08-31;-2;6;14;18;422;27;5;-2;13;253;27;0;27;590;60;168;4;5;4;5;4;4;5;0;1;0;0;0;0;0;0;0;0;0;0;0;1;0;0;0;0;0;0;0;0;0;0;0;0;0;0;0;0;0;0;0;0;0;1;0;0;0;0;0;0;0;0;0;0;0;0;0;0;0;2;0;1;1;2;0;0;0;0;0;IRATI;REGIÃO CENTRAL;91;5
0.603821544394776;2022-09-30;1;9;14;22;427;29;11;1;17;305;29;0;29;548;53;318;4;4;5;4;5;4;4;0;0;0;0;0;0;0;0;0;0;0;1;0;1;0;0;0;0;0;0;0;0;0;0;0;0;0;0;0;0;0;0;0;0;0;1;0;0;0;0;0;0;0;0;0;0;0;0;0;0;0;2;0;1;1;2;0;0;0;0;0;IRATI;REGIÃO CENTRAL;92;6
0.5435182750460162;2022-10-31;5;14;18;22;570;29;12;5;16;411;29;0;29;730;153;376;5;4;4;5;4;5;4;0;0;0;0;0;0;0;0;0;0;1;0;0;1;0;0;0;0;0;0;0;0;0;0;0;0;0;0;0;0;0;0;0;0;0;1;0;0;0;0;0;0;0;0;0;0;0;0;0;0;0;2;0;1;1;2;0;0;0;0;0;IRATI;REGIÃO CENTRAL;93;5
0.5196774476290648;2022-11-30;6;10;18;23;533;29;2;6;18;355;29;0;29;711;20;73;4;5;4;4;4;4;5;0;0;0;0;0;0;0;0;0;1;0;0;0;1;0;0;0;0;0;0;0;0;0;0;0;0;0;0;0;0;0;0;0;0;0;1;0;0;0;0;0;0;0;0;0;0;0;0;0;0;0;2;0;1;1;2;0;0;0;0;0;IRATI;REGIÃO CENTRAL;94;5
0.3451660969410114;2022-12-31;10;17;21;25;666;32;9;10;21;503;32;0;32;829;80;294;4;4;5;4;5;5;4;0;0;1;0;0;0;0;0;0;0;0;0;0;1;0;0;0;0;0;0;0;0;0;0;0;0;0;0;0;0;0;0;0;0;0;1;0;0;0;0;0;0;0;0;0;0;0;0;0;0;0;2;0;1;1;2;0;0;0;0;0;IRATI;REGIÃO CENTRAL;95;2
0.30440880007012006;2023-01-31;11;16;21;24;664;30;7;11;19;501;30;0;30;826;40;202;5;4;4;5;4;4;5;0;0;0;0;1;0;0;0;0;0;0;0;0;0;1;0;0;0;0;0;0;0;0;0;0;0;0;0;0;0;0;0;0;0;0;1;0;0;0;0;0;0;0;0;0;0;0;0;0;0;0;2;0;1;1;2;0;31;0;0;0;IRATI;REGIÃO CENTRAL;96;2
0.5333508633534928;2023-02-28;12;14;21;24;596;30;8;12;19;471;30;0;30;721;32;213;4;4;4;4;4;4;4;0;0;0;1;0;0;0;0;0;0;0;0;0;0;1;0;0;0;0;0;0;0;0;0;0;0;0;0;0;0;0;0;0;0;0;1;0;0;0;0;0;0;0;0;0;0;0;0;0;0;0;2;0;1;1;2;0;0;3;0;0;IRATI;REGIÃO CENTRAL;97;5
0.7934963625208169;2023-03-31;14;20;22;24;679;30;3;14;19;512;30;0;30;846;20;104;4;5;5;4;5;4;4;0;0;0;0;0;0;0;0;1;0;0;0;0;0;1;0;0;0;0;0;0;0;0;0;0;0;0;0;0;0;0;0;0;0;0;1;0;0;0;0;0;0;0;0;0;0;0;0;0;0;0;2;0;1;1;2;0;0;0;0;0;IRATI;REGIÃO CENTRAL;98;6
0.5906740292751336;2023-04-30;7;13;18;22;553;28;4;7;17;392;28;0;28;714;46;109;5;4;4;4;4;5;4;1;0;0;0;0;0;0;0;0;0;0;0;0;0;1;0;0;0;0;0;0;0;0;0;0;0;0;0;0;0;0;0;0;0;0;1;0;0;0;0;0;0;0;0;0;0;0;0;0;0;0;2;0;1;1;2;0;0;1;0;0;IRATI;REGIÃO CENTRAL;99;5
0.6793759312823209;2023-05-31;4;12;16;22;503;27;2;4;17;326;27;0;27;679;19;76;4;5;4;5;4;4;5;0;0;0;0;0;0;0;1;0;0;0;0;0;0;1;0;0;0;0;0;0;0;0;0;0;0;0;0;0;0;0;0;0;0;0;1;0;0;0;0;0;0;0;0;0;0;0;0;0;0;0;2;0;1;1;2;0;0;0;0;0;IRATI;REGIÃO CENTRAL;100;6
0.7537032167586992;2023-06-30;2;9;14;20;424;25;4;2;14;253;25;0;25;594;37;114;4;4;5;4;5;4;4;0;0;0;0;0;0;1;0;0;0;0;0;0;0;1;0;0;0;0;0;0;0;0;0;0;0;0;0;0;0;0;0;0;0;0;1;0;0;0;0;0;0;0;0;0;0;0;0;0;0;0;2;0;1;1;2;0;0;1;0;0;IRATI;REGIÃO CENTRAL;101;6
0.48102375317731616;2023-07-31;4;9;15;20;458;25;8;4;15;315;25;0;25;600;141;254;5;4;4;5;4;5;4;0;0;0;0;0;1;0;0;0;0;0;0;0;0;1;0;0;0;0;0;0;0;0;0;0;0;0;0;0;0;0;0;0;0;0;1;0;0;0;0;0;0;0;0;0;0;0;0;0;0;0;2;0;1;1;2;0;15;0;0;0;IRATI;REGIÃO CENTRAL;102;4
0.7255675344026645;2023-08-31;2;10;16;24;491;30;3;2;18;319;30;0;30;663;42;100;4;5;5;4;4;4;5;0;1;0;0;0;0;0;0;0;0;0;0;0;0;1;0;0;0;0;0;0;0;0;0;0;0;0;0;0;0;0;0;0;0;0;1;0;0;0;0;0;0;0;0;0;0;0;0;0;0;0;2;0;1;1;2;0;0;0;0;0;IRATI;REGIÃO CENTRAL;103;6
0.7352966955911999;2023-09-30;4;13;19;26;585;33;7;4;20;418;33;0;33;751;64;195;4;4;4;4;5;5;4;0;0;0;0;0;0;0;0;0;0;0;1;0;0;1;0;0;0;0;0;0;0;0;0;0;0;0;0;0;0;0;0;0;0;0;1;0;0;0;0;0;0;0;0;0;0;0;0;0;0;0;2;0;1;1;2;0;0;0;0;0;IRATI;REGIÃO CENTRAL;104;6
0.7119817687790341;2023-10-31;11;13;19;24;598;30;20;11;20;469;30;0;30;728;90;626;5;4;4;5;4;4;5;0;0;0;0;0;0;0;0;0;0;1;0;0;0;1;0;0;0;0;0;0;0;0;0;0;0;0;0;0;0;0;0;0;0;0;1;0;0;0;0;0;0;0;0;0;0;0;0;0;0;0;2;0;1;1;2;0;0;0;0;0;IRATI;REGIÃO CENTRAL;105;6
0.7379261986151283;2023-11-30;6;15;21;27;633;34;6;6;22;485;34;0;34;781;48;181;4;5;5;4;4;4;4;0;0;0;0;0;0;0;0;0;1;0;0;0;0;1;0;0;0;0;0;0;0;0;0;0;0;0;0;0;0;0;0;0;0;0;1;0;0;0;0;0;0;0;0;0;0;0;0;0;0;0;2;0;1;1;2;0;0;0;0;0;IRATI;REGIÃO CENTRAL;106;6
0.6766587781575948;2023-12-31;15;17;23;27;725;34;6;15;21;545;34;0;34;906;82;186;5;4;4;4;5;5;4;0;0;1;0;0;0;0;0;0;0;0;0;0;0;1;0;0;0;0;0;0;0;0;0;0;0;0;0;0;0;0;0;0;0;0;1;0;0;0;0;0;0;0;0;0;0;0;0;0;0;0;2;0;1;1;2;0;0;0;0;0;IRATI;REGIÃO CENTRAL;107;6
0.39950915943553333;2024-01-31;12;17;23;27;698;35;6;12;21;535;35;0;35;860;50;172;4;5;4;5;4;4;5;0;0;0;0;1;0;0;0;0;0;0;0;0;0;0;1;0;0;0;0;0;0;0;0;0;0;0;0;0;0;0;0;0;0;0;1;0;0;0;0;0;0;0;0;0;0;0;0;0;0;0;2;0;1;1;2;0;31;0;0;0;IRATI;REGIÃO CENTRAL;108;3
0.8669471469892189;2024-02-29;15;18;23;26;673;33;6;15;20;518;33;0;33;827;33;166;4;4;5;4;4;4;4;0;0;0;1;0;0;0;0;0;0;0;0;0;0;0;1;0;0;0;0;0;0;0;0;0;0;0;0;0;0;0;0;0;0;0;1;0;0;0;0;0;0;0;0;0;0;0;0;0;0;0;2;0;1;1;2;0;0;3;0;0;IRATI;REGIÃO CENTRAL;109;6
1.0;2024-03-31;14;16;23;26;703;34;4;14;21;541;34;0;34;866;33;109;5;4;4;4;5;5;4;0;0;0;0;0;0;0;0;1;0;0;0;0;0;0;1;0;0;0;0;0;0;0;0;0;0;0;0;0;0;0;0;0;0;0;1;0;0;0;0;0;0;0;0;0;0;0;0;0;0;0;2;0;1;1;2;0;0;1;0;0;IRATI;REGIÃO CENTRAL;110;6
0.8694013498115523;2024-04-30;7;15;21;25;623;31;4;7;20;474;31;0;31;771;43;125;4;4;4;5;4;4;5;1;0;0;0;0;0;0;0;0;0;0;0;0;0;0;1;0;0;0;0;0;0;0;0;0;0;0;0;0;0;0;0;0;0;0;1;0;0;0;0;0;0;0;0;0;0;0;0;0;0;0;2;0;1;1;2;0;0;0;0;0;IRATI;REGIÃO CENTRAL;111;6
0.36418616881409405;2024-05-31;3;10;18;24;565;29;3;3;19;416;29;0;29;713;35;82;4;5;5;4;5;4;4;0;0;0;0;0;0;0;1;0;0;0;0;0;0;0;1;0;0;0;0;0;0;0;0;0;0;0;0;0;0;0;0;0;0;0;1;0;0;0;0;0;0;0;0;0;0;0;0;0;0;0;2;0;1;1;2;0;0;1;0;30;IRATI;REGIÃO CENTRAL;112;3
0.3014286966430011;2024-06-30;0;8;17;20;509;27;1;0;17;333;27;0;27;684;9;16;5;4;4;4;4;5;4;0;0;0;0;0;0;1;0;0;0;0;0;0;0;0;1;0;0;0;0;0;0;0;0;0;0;0;0;0;0;0;0;0;0;0;1;0;0;0;0;0;0;0;0;0;0;0;0;0;0;0;2;0;1;1;2;0;0;0;0;30;IRATI;REGIÃO CENTRAL;113;2
0.7282846875273906;2024-07-31;1;10;14;19;432;26;5;1;13;271;26;0;26;593;26;146;4;5;4;5;4;4;5;0;0;0;0;0;1;0;0;0;0;0;0;0;0;0;1;0;0;0;0;0;0;0;0;0;0;0;0;0;0;0;0;0;0;0;1;0;0;0;0;0;0;0;0;0;0;0;0;0;0;0;2;0;1;1;2;0;12;0;0;0;IRATI;REGIÃO CENTRAL;114;6
0.8396879656411604;2024-08-31;-2;7;16;21;483;31;1;-2;15;247;31;0;31;718;9;29;4;4;5;4;5;5;4;0;1;0;0;0;0;0;0;0;0;0;0;0;0;0;1;0;0;0;0;0;0;0;0;0;0;0;0;0;0;0;0;0;0;0;1;0;0;0;0;0;0;0;0;0;0;0;0;0;0;0;2;0;1;1;2;0;0;0;0;0;IRATI;REGIÃO CENTRAL;115;6
0.850994828644053;2024-09-30;10;13;20;24;605;34;2;10;17;392;34;0;34;818;19;56;5;4;4;5;4;4;4;0;0;0;0;0;0;0;0;0;0;0;1;0;0;0;1;0;0;0;0;0;0;0;0;0;0;0;0;0;0;0;0;0;0;0;1;0;0;0;0;0;0;0;0;0;0;0;0;0;0;0;2;0;1;1;2;0;0;0;0;0;IRATI;REGIÃO CENTRAL;116;6
0.9130511000087649;2024-10-31;11;14;20;26;616;33;4;11;20;463;33;0;33;769;46;132;4;5;5;4;4;4;5;0;0;0;0;0;0;0;0;0;0;1;0;0;0;0;1;0;0;0;0;0;0;0;0;0;0;0;0;0;0;0;0;0;0;0;1;0;0;0;0;0;0;0;0;0;0;0;0;0;0;0;2;0;1;1;2;0;0;0;0;0;IRATI;REGIÃO CENTRAL;117;6
0.31480006372470926;2015-02-28;18;22;25;28;709;33;5;18;23;578;33;0;33;839;56;145;4;4;4;4;4;4;4;0;0;0;1;0;0;0;0;0;0;0;0;0;0;0;0;1;0;0;0;0;0;0;0;0;0;0;0;0;0;0;0;0;0;0;0;1;0;0;0;0;0;0;0;0;0;0;0;0;0;1;3;1;0;0;1;0;0;3;0;0;IVAIPORÃ;REGIÃO CENTRAL;1;2
0.5588657001752428;2015-03-31;16;23;25;26;760;32;2;16;22;607;32;0;32;913;14;56;5;4;4;5;4;4;5;0;0;0;0;0;0;0;0;1;0;0;0;0;0;0;0;1;0;0;0;0;0;0;0;0;0;0;0;0;0;0;0;0;0;0;0;1;0;0;0;0;0;0;0;0;0;0;0;0;0;1;3;1;0;0;1;0;0;0;0;0;IVAIPORÃ;REGIÃO CENTRAL;2;5
0.5620519356380436;2015-04-30;13;20;23;26;681;31;2;13;22;524;31;0;31;837;31;68;4;5;5;4;4;4;4;1;0;0;0;0;0;0;0;0;0;0;0;0;0;0;0;1;0;0;0;0;0;0;0;0;0;0;0;0;0;0;0;0;0;0;0;1;0;0;0;0;0;0;0;0;0;0;0;0;0;1;3;1;0;0;1;0;0;1;0;0;IVAIPORÃ;REGIÃO CENTRAL;3;5
0.5407041580372789;2015-05-31;9;12;19;23;588;27;6;9;21;467;27;0;27;709;54;185;5;4;4;4;5;5;4;0;0;0;0;0;0;0;1;0;0;0;0;0;0;0;0;1;0;0;0;0;0;0;0;0;0;0;0;0;0;0;0;0;0;0;0;1;0;0;0;0;0;0;0;0;0;0;0;0;0;1;3;1;0;0;1;0;0;0;0;0;IVAIPORÃ;REGIÃO CENTRAL;4;5
0.4563963676915723;2015-06-30;5;12;18;22;541;27;0;5;18;398;27;0;27;685;11;15;4;4;4;5;4;4;5;0;0;0;0;0;0;1;0;0;0;0;0;0;0;0;0;1;0;0;0;0;0;0;0;0;0;0;0;0;0;0;0;0;0;0;0;1;0;0;0;0;0;0;0;0;0;0;0;0;0;1;3;1;0;0;1;0;0;1;0;0;IVAIPORÃ;REGIÃO CENTRAL;5;4
0.28382985502628644;2015-07-31;8;12;18;22;554;28;23;8;18;431;28;0;28;678;160;727;4;5;5;4;5;4;4;0;0;0;0;0;1;0;0;0;0;0;0;0;0;0;0;1;0;0;0;0;0;0;0;0;0;0;0;0;0;0;0;0;0;0;0;1;0;0;0;0;0;0;0;0;0;0;0;0;0;1;3;1;0;0;1;0;15;0;0;3;IVAIPORÃ;REGIÃO CENTRAL;6;2
0.2762466146248208;2015-08-31;11;17;21;24;644;33;3;11;17;454;33;0;33;834;34;86;5;4;4;5;4;5;4;0;1;0;0;0;0;0;0;0;0;0;0;0;0;0;0;1;0;0;0;0;0;0;0;0;0;0;0;0;0;0;0;0;0;0;0;1;0;0;0;0;0;0;0;0;0;0;0;0;0;1;3;1;0;0;1;0;0;0;0;31;IVAIPORÃ;REGIÃO CENTRAL;7;2
0.2807710689819978;2015-09-30;7;15;22;28;671;36;14;7;23;511;36;0;36;830;226;426;4;5;4;4;4;4;5;0;0;0;0;0;0;0;0;0;0;0;1;0;0;0;0;1;0;0;0;0;0;0;0;0;0;0;0;0;0;0;0;0;0;0;0;1;0;0;0;0;0;0;0;0;0;0;0;0;0;1;3;1;0;0;1;0;0;0;0;30;IVAIPORÃ;REGIÃO CENTRAL;8;2
0.42032818225266844;2015-10-31;15;19;24;31;756;35;13;15;26;603;35;0;35;909;149;390;4;4;5;4;5;5;4;0;0;0;0;0;0;0;0;0;0;1;0;0;0;0;0;1;0;0;0;0;0;0;0;0;0;0;0;0;0;0;0;0;0;0;0;1;0;0;0;0;0;0;0;0;0;0;0;0;0;1;3;1;0;0;1;0;0;0;0;7;IVAIPORÃ;REGIÃO CENTRAL;9;3
0.413700812490043;2015-11-30;17;21;24;28;727;34;17;17;23;609;34;0;34;844;114;501;5;4;4;5;4;4;4;0;0;0;0;0;0;0;0;0;1;0;0;0;0;0;0;1;0;0;0;0;0;0;0;0;0;0;0;0;0;0;0;0;0;0;0;1;0;0;0;0;0;0;0;0;0;0;0;0;0;1;3;1;0;0;1;0;0;0;0;0;IVAIPORÃ;REGIÃO CENTRAL;10;3
0.395857893898359;2015-12-31;18;22;25;28;783;33;6;18;24;657;33;0;33;910;39;181;4;5;5;4;4;4;5;0;0;1;0;0;0;0;0;0;0;0;0;0;0;0;0;1;0;0;0;0;0;0;0;0;0;0;0;0;0;0;0;0;0;0;0;1;0;0;0;0;0;0;0;0;0;0;0;0;0;1;3;1;0;0;1;0;0;0;0;0;IVAIPORÃ;REGIÃO CENTRAL;11;3
0.3007806276883861;2016-01-31;17;24;26;29;799;34;4;17;24;647;34;0;34;950;20;134;5;4;4;4;5;5;4;0;0;0;0;1;0;0;0;0;0;0;0;0;0;0;0;0;1;0;0;0;0;0;0;0;0;0;0;0;0;0;0;0;0;0;0;1;0;0;0;0;0;0;0;0;0;0;0;0;0;1;3;1;0;0;1;0;31;0;0;0;IVAIPORÃ;REGIÃO CENTRAL;12;2
0.44983272263820295;2016-02-29;21;23;26;29;767;33;7;21;25;647;33;0;33;887;36;196;4;4;4;5;4;4;4;0;0;0;1;0;0;0;0;0;0;0;0;0;0;0;0;0;1;0;0;0;0;0;0;0;0;0;0;0;0;0;0;0;0;0;0;1;0;0;0;0;0;0;0;0;0;0;0;0;0;1;3;1;0;0;1;0;0;3;0;0;IVAIPORÃ;REGIÃO CENTRAL;13;4
0.6021347777600764;2016-03-31;15;21;24;28;755;34;3;15;22;599;34;0;34;910;22;85;4;5;5;4;4;4;5;0;0;0;0;0;0;0;0;1;0;0;0;0;0;0;0;0;1;0;0;0;0;0;0;0;0;0;0;0;0;0;0;0;0;0;0;1;0;0;0;0;0;0;0;0;0;0;0;0;0;1;3;1;0;0;1;0;0;1;0;0;IVAIPORÃ;REGIÃO CENTRAL;14;6
0.5930221443364664;2016-04-30;5;11;24;29;734;34;4;5;24;575;34;0;34;894;89;116;4;4;4;4;5;5;4;1;0;0;0;0;0;0;0;0;0;0;0;0;0;0;0;0;1;0;0;0;0;0;0;0;0;0;0;0;0;0;0;0;0;0;0;1;0;0;0;0;0;0;0;0;0;0;0;0;0;1;3;1;0;0;1;0;0;0;0;0;IVAIPORÃ;REGIÃO CENTRAL;15;6
0.5630715309861398;2016-05-31;8;13;18;22;550;27;11;8;18;441;27;0;27;658;106;335;5;4;4;5;4;4;5;0;0;0;0;0;0;0;1;0;0;0;0;0;0;0;0;0;1;0;0;0;0;0;0;0;0;0;0;0;0;0;0;0;0;0;0;1;0;0;0;0;0;0;0;0;0;0;0;0;0;1;3;1;0;0;1;0;0;1;0;0;IVAIPORÃ;REGIÃO CENTRAL;16;5
0.5470129042536243;2016-06-30;2;10;15;20;463;25;4;2;17;322;25;0;25;604;42;118;4;5;5;4;4;4;4;0;0;0;0;0;0;1;0;0;0;0;0;0;0;0;0;0;1;0;0;0;0;0;0;0;0;0;0;0;0;0;0;0;0;0;0;1;0;0;0;0;0;0;0;0;0;0;0;0;0;1;3;1;0;0;1;0;0;0;0;0;IVAIPORÃ;REGIÃO CENTRAL;17;5
0.3844511709415326;2016-07-31;5;12;18;22;558;29;3;5;19;387;29;0;29;729;65;89;5;4;4;4;5;5;4;0;0;0;0;0;1;0;0;0;0;0;0;0;0;0;0;0;1;0;0;0;0;0;0;0;0;0;0;0;0;0;0;0;0;0;0;1;0;0;0;0;0;0;0;0;0;0;0;0;0;1;3;1;0;0;1;0;14;0;0;0;IVAIPORÃ;REGIÃO CENTRAL;18;3
0.6283256332642981;2016-08-31;7;13;19;24;590;32;12;7;19;443;32;0;32;736;84;363;4;5;4;5;4;4;5;0;1;0;0;0;0;0;0;0;0;0;0;0;0;0;0;0;1;0;0;0;0;0;0;0;0;0;0;0;0;0;0;0;0;0;0;1;0;0;0;0;0;0;0;0;0;0;0;0;0;1;3;1;0;0;1;0;0;0;0;0;IVAIPORÃ;REGIÃO CENTRAL;19;6
0.5240720089214592;2016-09-30;7;14;20;26;607;32;3;7;20;415;32;0;32;800;34;89;4;4;5;4;5;4;4;0;0;0;0;0;0;0;0;0;0;0;1;0;0;0;0;0;1;0;0;0;0;0;0;0;0;0;0;0;0;0;0;0;0;0;0;1;0;0;0;0;0;0;0;0;0;0;0;0;0;1;3;1;0;0;1;0;0;0;0;0;IVAIPORÃ;REGIÃO CENTRAL;20;5
0.5524295045403855;2016-10-31;11;18;23;30;717;37;13;11;24;533;37;0;37;901;99;416;5;4;4;5;4;5;4;0;0;0;0;0;0;0;0;0;0;1;0;0;0;0;0;0;1;0;0;0;0;0;0;0;0;0;0;0;0;0;0;0;0;0;0;1;0;0;0;0;0;0;0;0;0;0;0;0;0;1;3;1;0;0;1;0;0;0;0;0;IVAIPORÃ;REGIÃO CENTRAL;21;5
0.5858849768997928;2016-11-30;13;20;25;29;741;33;2;13;25;587;33;0;33;895;15;56;4;5;4;4;4;4;5;0;0;0;0;0;0;0;0;0;1;0;0;0;0;0;0;0;1;0;0;0;0;0;0;0;0;0;0;0;0;0;0;0;0;0;0;1;0;0;0;0;0;0;0;0;0;0;0;0;0;1;3;1;0;0;1;0;0;0;0;0;IVAIPORÃ;REGIÃO CENTRAL;22;6
0.4537836546120758;2016-12-31;15;20;25;29;784;35;5;15;25;646;35;0;35;923;34;150;4;4;5;4;5;5;4;0;0;1;0;0;0;0;0;0;0;0;0;0;0;0;0;0;1;0;0;0;0;0;0;0;0;0;0;0;0;0;0;0;0;0;0;1;0;0;0;0;0;0;0;0;0;0;0;0;0;1;3;1;0;0;1;0;0;0;0;0;IVAIPORÃ;REGIÃO CENTRAL;23;4
0.3464712442249481;2017-01-31;18;23;26;30;814;35;4;18;26;676;35;0;35;952;36;113;5;4;4;5;4;4;5;0;0;0;0;1;0;0;0;0;0;0;0;0;0;0;0;0;0;1;0;0;0;0;0;0;0;0;0;0;0;0;0;0;0;0;0;1;0;0;0;0;0;0;0;0;0;0;0;0;0;1;3;1;0;0;1;0;31;0;0;0;IVAIPORÃ;REGIÃO CENTRAL;24;3
0.5109447188147204;2017-02-28;20;24;27;30;751;35;4;20;24;614;35;0;35;889;31;125;4;4;4;4;4;4;4;0;0;0;1;0;0;0;0;0;0;0;0;0;0;0;0;0;0;1;0;0;0;0;0;0;0;0;0;0;0;0;0;0;0;0;0;1;0;0;0;0;0;0;0;0;0;0;0;0;0;1;3;1;0;0;2;0;0;2;0;0;IVAIPORÃ;REGIÃO CENTRAL;25;4
0.7395889756252987;2017-03-31;15;21;25;28;760;33;3;15;23;618;33;0;33;901;24;95;4;5;5;4;5;4;4;0;0;0;0;0;0;0;0;1;0;0;0;0;0;0;0;0;0;1;0;0;0;0;0;0;0;0;0;0;0;0;0;0;0;0;0;1;0;0;0;0;0;0;0;0;0;0;0;0;0;1;3;1;0;0;2;0;0;1;0;0;IVAIPORÃ;REGIÃO CENTRAL;26;6
0.5842281344591365;2017-04-30;8;16;22;26;655;30;6;8;22;519;30;0;30;791;42;193;5;4;4;4;4;5;4;1;0;0;0;0;0;0;0;0;0;0;0;0;0;0;0;0;0;1;0;0;0;0;0;0;0;0;0;0;0;0;0;0;0;0;0;1;0;0;0;0;0;0;0;0;0;0;0;0;0;1;3;1;0;0;2;0;0;1;0;0;IVAIPORÃ;REGIÃO CENTRAL;27;5
0.7355105942329138;2017-05-31;15;17;20;24;631;29;5;15;21;518;29;0;29;743;71;157;4;5;4;5;4;4;5;0;0;0;0;0;0;0;1;0;0;0;0;0;0;0;0;0;0;1;0;0;0;0;0;0;0;0;0;0;0;0;0;0;0;0;0;1;0;0;0;0;0;0;0;0;0;0;0;0;0;1;3;1;0;0;2;0;0;0;0;0;IVAIPORÃ;REGIÃO CENTRAL;28;6
0.6160904890871435;2017-06-30;4;12;18;23;545;28;6;4;20;398;28;0;28;691;131;190;4;4;5;4;5;4;4;0;0;0;0;0;0;1;0;0;0;0;0;0;0;0;0;0;0;1;0;0;0;0;0;0;0;0;0;0;0;0;0;0;0;0;0;1;0;0;0;0;0;0;0;0;0;0;0;0;0;1;3;1;0;0;2;0;0;1;0;0;IVAIPORÃ;REGIÃO CENTRAL;29;6
0.5437629440815676;2017-07-31;2;10;18;20;546;28;0;2;15;346;28;0;28;747;5;5;5;4;4;5;4;5;4;0;0;0;0;0;1;0;0;0;0;0;0;0;0;0;0;0;0;1;0;0;0;0;0;0;0;0;0;0;0;0;0;0;0;0;0;1;0;0;0;0;0;0;0;0;0;0;0;0;0;1;3;1;0;0;2;0;16;0;0;0;IVAIPORÃ;REGIÃO CENTRAL;30;5
0.7720885773458658;2017-08-31;8;14;20;25;614;33;9;8;21;446;33;0;33;782;82;292;4;5;5;4;4;4;5;0;1;0;0;0;0;0;0;0;0;0;0;0;0;0;0;0;0;1;0;0;0;0;0;0;0;0;0;0;0;0;0;0;0;0;0;1;0;0;0;0;0;0;0;0;0;0;0;0;0;1;3;1;0;0;2;0;0;0;0;0;IVAIPORÃ;REGIÃO CENTRAL;31;6
0.6849131750836386;2017-09-30;14;19;24;27;730;34;2;14;21;536;34;0;34;924;35;66;4;4;4;4;5;5;4;0;0;0;0;0;0;0;0;0;0;0;1;0;0;0;0;0;0;1;0;0;0;0;0;0;0;0;0;0;0;0;0;0;0;0;0;1;0;0;0;0;0;0;0;0;0;0;0;0;0;1;3;1;0;0;2;0;0;0;0;0;IVAIPORÃ;REGIÃO CENTRAL;32;6
0.6408794009877329;2017-10-31;10;18;23;29;719;36;15;10;22;544;36;0;36;894;81;469;5;4;4;5;4;4;5;0;0;0;0;0;0;0;0;0;0;1;0;0;0;0;0;0;0;1;0;0;0;0;0;0;0;0;0;0;0;0;0;0;0;0;0;1;0;0;0;0;0;0;0;0;0;0;0;0;0;1;3;1;0;0;2;0;0;0;0;0;IVAIPORÃ;REGIÃO CENTRAL;33;6
0.5841006850406244;2017-11-30;14;20;24;28;719;35;5;14;23;562;35;0;35;876;46;149;4;5;5;4;4;4;4;0;0;0;0;0;0;0;0;0;1;0;0;0;0;0;0;0;0;1;0;0;0;0;0;0;0;0;0;0;0;0;0;0;0;0;0;1;0;0;0;0;0;0;0;0;0;0;0;0;0;1;3;1;0;0;2;0;0;0;0;0;IVAIPORÃ;REGIÃO CENTRAL;34;5
0.36826509479050495;2017-12-31;18;23;26;30;796;35;4;18;25;664;35;0;35;928;25;139;5;4;4;4;5;5;4;0;0;1;0;0;0;0;0;0;0;0;0;0;0;0;0;0;0;1;0;0;0;0;0;0;0;0;0;0;0;0;0;0;0;0;0;1;0;0;0;0;0;0;0;0;0;0;0;0;0;1;3;1;0;0;2;0;0;0;0;0;IVAIPORÃ;REGIÃO CENTRAL;35;3
0.03383782061494345;2018-01-31;18;21;25;28;787;34;7;18;23;662;34;0;34;911;58;228;4;5;4;5;4;4;5;0;0;0;0;1;0;0;0;0;0;0;0;0;0;0;0;0;0;0;1;0;0;0;0;0;0;0;0;0;0;0;0;0;0;0;0;1;0;0;0;0;0;0;0;0;0;0;0;0;0;0;3;1;0;0;2;0;31;0;0;0;IVAIPORÃ;REGIÃO CENTRAL;36;0
0.15344909988848174;2018-02-28;17;21;25;27;689;33;3;17;23;556;33;0;33;822;27;87;4;4;4;4;4;4;4;0;0;0;1;0;0;0;0;0;0;0;0;0;0;0;0;0;0;0;1;0;0;0;0;0;0;0;0;0;0;0;0;0;0;0;0;1;0;0;0;0;0;0;0;0;0;0;0;0;0;0;3;1;0;0;2;0;0;3;0;0;IVAIPORÃ;REGIÃO CENTRAL;37;1
0.5695714513302532;2018-03-31;18;22;26;29;794;34;7;18;24;658;34;0;34;929;42;204;4;4;5;4;5;5;4;0;0;0;0;0;0;0;0;1;0;0;0;0;0;0;0;0;0;0;1;0;0;0;0;0;0;0;0;0;0;0;0;0;0;0;0;1;0;0;0;0;0;0;0;0;0;0;0;0;0;0;3;1;0;0;2;0;0;1;0;0;IVAIPORÃ;REGIÃO CENTRAL;38;5
0.37266209972916997;2018-04-30;15;21;24;26;711;31;0;15;22;546;31;0;31;876;4;10;5;4;4;5;4;4;4;1;0;0;0;0;0;0;0;0;0;0;0;0;0;0;0;0;0;0;1;0;0;0;0;0;0;0;0;0;0;0;0;0;0;0;0;1;0;0;0;0;0;0;0;0;0;0;0;0;0;0;3;1;0;0;2;0;0;0;0;0;IVAIPORÃ;REGIÃO CENTRAL;39;3
0.32932929743508044;2018-05-31;7;14;20;24;624;30;2;7;20;466;30;0;30;781;43;69;4;5;5;4;4;4;5;0;0;0;0;0;0;0;1;0;0;0;0;0;0;0;0;0;0;0;1;0;0;0;0;0;0;0;0;0;0;0;0;0;0;0;0;1;0;0;0;0;0;0;0;0;0;0;0;0;0;0;3;1;0;0;2;0;0;1;0;0;IVAIPORÃ;REGIÃO CENTRAL;40;2
0.4249163613191015;2018-06-30;6;13;18;24;554;30;2;6;21;433;30;0;30;675;35;75;4;4;4;4;5;5;4;0;0;0;0;0;0;1;0;0;0;0;0;0;0;0;0;0;0;0;1;0;0;0;0;0;0;0;0;0;0;0;0;0;0;0;0;1;0;0;0;0;0;0;0;0;0;0;0;0;0;0;3;1;0;0;2;0;0;0;0;0;IVAIPORÃ;REGIÃO CENTRAL;41;3
0.2345069300621316;2018-07-31;6;12;20;24;615;30;0;6;18;433;30;0;30;797;11;12;5;4;4;5;4;4;5;0;0;0;0;0;1;0;0;0;0;0;0;0;0;0;0;0;0;0;1;0;0;0;0;0;0;0;0;0;0;0;0;0;0;0;0;1;0;0;0;0;0;0;0;0;0;0;0;0;0;0;3;1;0;0;2;0;16;0;0;0;IVAIPORÃ;REGIÃO CENTRAL;42;1
0.31358929424884496;2018-08-31;5;12;18;24;556;31;10;5;18;408;31;0;31;704;99;307;4;5;5;4;5;4;4;0;1;0;0;0;0;0;0;0;0;0;0;0;0;0;0;0;0;0;1;0;0;0;0;0;0;0;0;0;0;0;0;0;0;0;0;1;0;0;0;0;0;0;0;0;0;0;0;0;0;0;3;1;0;0;2;0;0;0;0;0;IVAIPORÃ;REGIÃO CENTRAL;43;2
0.3460251712601561;2018-09-30;9;15;21;28;642;34;7;9;22;494;34;0;34;791;95;197;5;4;4;4;4;5;4;0;0;0;0;0;0;0;0;0;0;0;1;0;0;0;0;0;0;0;1;0;0;0;0;0;0;0;0;0;0;0;0;0;0;0;0;1;0;0;0;0;0;0;0;0;0;0;0;0;0;0;3;1;0;0;2;0;0;0;0;0;IVAIPORÃ;REGIÃO CENTRAL;44;3
0.38782858053210123;2018-10-31;16;19;23;26;720;32;9;16;22;592;32;0;32;849;72;286;4;5;4;5;4;4;5;0;0;0;0;0;0;0;0;0;0;1;0;0;0;0;0;0;0;0;1;0;0;0;0;0;0;0;0;0;0;0;0;0;0;0;0;1;0;0;0;0;0;0;0;0;0;0;0;0;0;0;3;1;0;0;2;0;0;0;0;0;IVAIPORÃ;REGIÃO CENTRAL;45;3
0.30766289628803567;2018-11-30;15;21;25;30;740;35;3;15;26;571;35;0;35;910;50;102;4;4;5;4;5;4;4;0;0;0;0;0;0;0;0;0;1;0;0;0;0;0;0;0;0;0;1;0;0;0;0;0;0;0;0;0;0;0;0;0;0;0;0;1;0;0;0;0;0;0;0;0;0;0;0;0;0;0;3;1;0;0;2;0;0;0;0;0;IVAIPORÃ;REGIÃO CENTRAL;46;2
0.23323243587701128;2018-12-31;16;21;27;30;828;36;3;16;26;658;36;0;36;999;24;89;5;4;4;5;4;5;4;0;0;1;0;0;0;0;0;0;0;0;0;0;0;0;0;0;0;0;1;0;0;0;0;0;0;0;0;0;0;0;0;0;0;0;0;1;0;0;0;0;0;0;0;0;0;0;0;0;0;0;3;1;0;0;2;0;0;0;0;0;IVAIPORÃ;REGIÃO CENTRAL;47;1
0.13299346821730126;2019-01-31;20;25;28;30;860;36;5;20;27;716;36;0;36;1004;44;166;4;5;5;4;4;4;5;0;0;0;0;1;0;0;0;0;0;0;0;0;0;0;0;0;0;0;0;1;0;0;0;0;0;0;0;0;0;0;0;0;0;0;0;1;0;0;0;0;0;0;0;0;0;0;0;0;0;0;3;1;0;0;2;0;31;0;0;0;IVAIPORÃ;REGIÃO CENTRAL;48;1
0.3613191014815994;2019-02-28;18;22;26;31;726;37;10;18;25;596;37;0;37;855;125;272;4;4;4;4;4;4;4;0;0;0;1;0;0;0;0;0;0;0;0;0;0;0;0;0;0;0;0;1;0;0;0;0;0;0;0;0;0;0;0;0;0;0;0;1;0;0;0;0;0;0;0;0;0;0;0;0;0;1;3;1;1;1;3;0;0;0;0;0;IVAIPORÃ;REGIÃO CENTRAL;49;3
0.4408475386331049;2019-03-31;17;22;25;27;778;32;5;17;23;639;32;0;32;916;65;161;5;4;4;4;5;5;4;0;0;0;0;0;0;0;0;1;0;0;0;0;0;0;0;0;0;0;0;1;0;0;0;0;0;0;0;0;0;0;0;0;0;0;0;1;0;0;0;0;0;0;0;0;0;0;0;0;0;1;3;1;1;1;3;0;0;3;0;0;IVAIPORÃ;REGIÃO CENTRAL;50;4
0.4555042217619881;2019-04-30;14;21;24;26;716;31;1;14;23;582;31;0;31;849;13;32;4;4;4;5;4;4;5;1;0;0;0;0;0;0;0;0;0;0;0;0;0;0;0;0;0;0;0;1;0;0;0;0;0;0;0;0;0;0;0;0;0;0;0;1;0;0;0;0;0;0;0;0;0;0;0;0;0;1;3;1;1;1;3;0;0;1;0;0;IVAIPORÃ;REGIÃO CENTRAL;51;4
0.44129361159789704;2019-05-31;10;14;21;26;646;30;7;10;22;543;30;0;30;748;62;208;4;5;5;4;5;4;4;0;0;0;0;0;0;0;1;0;0;0;0;0;0;0;0;0;0;0;0;1;0;0;0;0;0;0;0;0;0;0;0;0;0;0;0;1;0;0;0;0;0;0;0;0;0;0;0;0;0;1;3;1;1;1;3;0;0;0;0;0;IVAIPORÃ;REGIÃO CENTRAL;52;4
0.3054962561733312;2019-06-30;8;13;20;24;591;28;1;8;19;452;28;0;28;729;14;34;5;4;4;4;4;5;4;0;0;0;0;0;0;1;0;0;0;0;0;0;0;0;0;0;0;0;0;1;0;0;0;0;0;0;0;0;0;0;0;0;0;0;0;1;0;0;0;0;0;0;0;0;0;0;0;0;0;1;3;1;1;1;3;0;0;1;0;0;IVAIPORÃ;REGIÃO CENTRAL;53;2
0.2494822367372949;2019-07-31;1;9;18;23;567;29;1;1;19;405;29;0;29;729;26;31;4;5;4;5;4;4;5;0;0;0;0;0;1;0;0;0;0;0;0;0;0;0;0;0;0;0;0;1;0;0;0;0;0;0;0;0;0;0;0;0;0;0;0;1;0;0;0;0;0;0;0;0;0;0;0;0;0;1;3;1;1;1;3;0;16;0;0;0;IVAIPORÃ;REGIÃO CENTRAL;54;1
0.2930699378684085;2019-08-31;6;12;19;24;604;31;0;6;19;431;31;0;31;778;3;3;4;4;5;4;5;5;4;0;1;0;0;0;0;0;0;0;0;0;0;0;0;0;0;0;0;0;0;1;0;0;0;0;0;0;0;0;0;0;0;0;0;0;0;1;0;0;0;0;0;0;0;0;0;0;0;0;0;1;3;1;1;1;3;0;0;0;0;0;IVAIPORÃ;REGIÃO CENTRAL;55;2
0.46939620837979923;2019-09-30;13;17;23;30;696;35;2;13;24;545;35;0;35;847;22;62;5;4;4;5;4;4;4;0;0;0;0;0;0;0;0;0;0;0;1;0;0;0;0;0;0;0;0;1;0;0;0;0;0;0;0;0;0;0;0;0;0;0;0;1;0;0;0;0;0;0;0;0;0;0;0;0;0;1;3;1;1;1;3;0;0;0;0;0;IVAIPORÃ;REGIÃO CENTRAL;56;4
0.5039350007965588;2019-10-31;15;20;26;31;807;38;4;15;25;621;38;0;38;992;34;120;4;5;5;4;4;4;5;0;0;0;0;0;0;0;0;0;0;1;0;0;0;0;0;0;0;0;0;1;0;0;0;0;0;0;0;0;0;0;0;0;0;0;0;1;0;0;0;0;0;0;0;0;0;0;0;0;0;1;3;1;1;1;3;0;0;0;0;0;IVAIPORÃ;REGIÃO CENTRAL;57;4
0.40962243109765806;2019-11-30;16;23;26;30;773;38;5;16;25;595;38;0;38;950;65;161;4;4;4;4;5;5;4;0;0;0;0;0;0;0;0;0;1;0;0;0;0;0;0;0;0;0;0;1;0;0;0;0;0;0;0;0;0;0;0;0;0;0;0;1;0;0;0;0;0;0;0;0;0;0;0;0;0;1;3;1;1;1;3;0;0;0;0;0;IVAIPORÃ;REGIÃO CENTRAL;58;3
0.14573841006850405;2019-12-31;17;21;25;28;773;34;6;17;23;620;34;0;34;925;39;195;5;4;4;5;4;4;5;0;0;1;0;0;0;0;0;0;0;0;0;0;0;0;0;0;0;0;0;1;0;0;0;0;0;0;0;0;0;0;0;0;0;0;0;1;0;0;0;0;0;0;0;0;0;0;0;0;0;1;3;1;1;1;3;0;0;0;0;0;IVAIPORÃ;REGIÃO CENTRAL;59;1
0.05257288513621158;2020-01-31;18;21;26;29;798;34;4;18;24;665;34;0;34;932;24;135;4;5;5;4;5;4;4;0;0;0;0;1;0;0;0;0;0;0;0;0;0;0;0;0;0;0;0;0;1;0;0;0;0;0;0;0;0;0;0;0;0;0;0;1;0;0;0;0;0;0;0;0;0;0;0;0;0;1;3;1;1;1;3;0;31;0;0;0;IVAIPORÃ;REGIÃO CENTRAL;60;0
0.32722638202963195;2020-02-29;16;23;25;29;736;35;2;16;24;598;35;0;35;873;29;55;4;4;4;4;4;5;4;0;0;0;1;0;0;0;0;0;0;0;0;0;0;0;0;0;0;0;0;0;1;0;0;0;0;0;0;0;0;0;0;0;0;0;0;1;0;0;0;0;0;0;0;0;0;0;0;0;0;1;3;1;1;1;3;0;0;3;0;0;IVAIPORÃ;REGIÃO CENTRAL;61;2
0.3170304285486697;2020-03-31;16;22;25;28;764;35;3;16;23;584;35;0;35;945;30;98;5;4;4;5;4;4;5;0;0;0;0;0;0;0;0;1;0;0;0;0;0;0;0;0;0;0;0;0;1;0;0;0;0;0;0;0;0;0;0;0;0;0;0;1;0;0;0;0;0;0;0;0;0;0;0;0;0;1;3;1;1;1;3;0;0;0;15;0;IVAIPORÃ;REGIÃO CENTRAL;62;2
0.10285168073920661;2020-04-30;10;17;22;26;668;33;3;10;21;486;33;0;33;851;54;88;4;5;5;4;4;4;4;1;0;0;0;0;0;0;0;0;0;0;0;0;0;0;0;0;0;0;0;0;1;0;0;0;0;0;0;0;0;0;0;0;0;0;0;1;0;0;0;0;0;0;0;0;0;0;0;0;0;1;3;1;1;1;3;0;0;1;30;0;IVAIPORÃ;REGIÃO CENTRAL;63;1
0.0859009080771069;2020-05-31;7;13;19;24;592;30;5;7;19;415;30;0;30;768;128;162;5;4;4;4;5;5;4;0;0;0;0;0;0;0;1;0;0;0;0;0;0;0;0;0;0;0;0;0;1;0;0;0;0;0;0;0;0;0;0;0;0;0;0;1;0;0;0;0;0;0;0;0;0;0;0;0;0;1;3;1;1;1;3;0;0;0;31;0;IVAIPORÃ;REGIÃO CENTRAL;64;1
0.08641070575115503;2020-06-30;10;16;20;23;586;29;9;10;19;458;29;0;29;714;76;274;4;4;4;5;4;4;5;0;0;0;0;0;0;1;0;0;0;0;0;0;0;0;0;0;0;0;0;0;1;0;0;0;0;0;0;0;0;0;0;0;0;0;0;1;0;0;0;0;0;0;0;0;0;0;0;0;0;1;3;1;1;1;3;0;0;1;30;0;IVAIPORÃ;REGIÃO CENTRAL;65;1
0.08303329616058627;2020-07-31;5;11;19;23;578;28;2;5;18;411;28;0;28;744;50;57;4;5;5;4;5;4;4;0;0;0;0;0;1;0;0;0;0;0;0;0;0;0;0;0;0;0;0;0;1;0;0;0;0;0;0;0;0;0;0;0;0;0;0;1;0;0;0;0;0;0;0;0;0;0;0;0;0;1;3;1;1;1;3;0;0;0;31;0;IVAIPORÃ;REGIÃO CENTRAL;66;1
0.05537677234347618;2020-08-31;4;11;19;25;588;33;9;4;18;418;33;0;33;757;86;281;5;4;4;5;4;5;4;0;1;0;0;0;0;0;0;0;0;0;0;0;0;0;0;0;0;0;0;0;1;0;0;0;0;0;0;0;0;0;0;0;0;0;0;1;0;0;0;0;0;0;0;0;0;0;0;0;0;1;3;1;1;1;3;0;0;0;31;0;IVAIPORÃ;REGIÃO CENTRAL;67;0
0.0432053528755775;2020-09-30;13;18;25;29;736;36;1;13;21;547;36;0;36;924;26;41;4;5;4;4;4;4;5;0;0;0;0;0;0;0;0;0;0;0;1;0;0;0;0;0;0;0;0;0;1;0;0;0;0;0;0;0;0;0;0;0;0;0;0;1;0;0;0;0;0;0;0;0;0;0;0;0;0;1;3;1;1;1;3;0;0;0;30;0;IVAIPORÃ;REGIÃO CENTRAL;68;0
0.037597578461048275;2020-10-31;14;20;25;32;779;40;1;14;25;584;40;0;40;974;18;36;4;4;5;4;5;5;4;0;0;0;0;0;0;0;0;0;0;1;0;0;0;0;0;0;0;0;0;0;1;0;0;0;0;0;0;0;0;0;0;0;0;0;0;1;0;0;0;0;0;0;0;0;0;0;0;0;0;1;3;1;1;1;3;0;0;0;31;0;IVAIPORÃ;REGIÃO CENTRAL;69;0
0.031734905209494985;2020-11-30;12;20;25;29;749;37;4;12;24;544;37;0;37;954;36;114;5;4;4;5;4;4;4;0;0;0;0;0;0;0;0;0;1;0;0;0;0;0;0;0;0;0;0;0;1;0;0;0;0;0;0;0;0;0;0;0;0;0;0;1;0;0;0;0;0;0;0;0;0;0;0;0;0;1;3;1;1;1;3;0;0;0;30;0;IVAIPORÃ;REGIÃO CENTRAL;70;0
0.01981838457862037;2020-12-31;17;22;25;27;782;33;6;17;22;625;33;0;33;939;52;196;4;5;5;4;4;4;5;0;0;1;0;0;0;0;0;0;0;0;0;0;0;0;0;0;0;0;0;0;1;0;0;0;0;0;0;0;0;0;0;0;0;0;0;1;0;0;0;0;0;0;0;0;0;0;0;0;0;0;3;1;1;1;3;0;0;0;31;0;IVAIPORÃ;REGIÃO CENTRAL;71;0
0.015867452604747506;2021-01-31;18;23;25;28;776;33;9;18;23;657;33;0;33;895;67;284;5;4;4;4;5;5;4;0;0;0;0;1;0;0;0;0;0;0;0;1;0;0;0;0;0;0;0;0;0;0;0;0;0;0;0;0;0;0;0;0;0;0;0;1;0;0;0;0;0;0;0;0;0;0;0;0;0;0;3;0;1;1;3;0;0;0;31;0;IVAIPORÃ;REGIÃO CENTRAL;72;0
0.0;2021-02-28;17;22;25;27;695;34;3;17;22;541;34;0;34;849;29;73;4;4;4;4;4;4;4;0;0;0;1;0;0;0;0;0;0;0;0;1;0;0;0;0;0;0;0;0;0;0;0;0;0;0;0;0;0;0;0;0;0;0;0;1;0;0;0;0;0;0;0;0;0;0;0;0;0;0;3;0;1;1;3;0;0;3;28;0;IVAIPORÃ;REGIÃO CENTRAL;73;0
0.04154851043492114;2021-03-31;15;21;25;28;784;34;3;15;22;620;34;0;34;947;26;99;4;5;4;5;4;4;5;0;0;0;0;0;0;0;0;1;0;0;0;1;0;0;0;0;0;0;0;0;0;0;0;0;0;0;0;0;0;0;0;0;0;0;0;1;0;0;0;0;0;0;0;0;0;0;0;0;0;0;3;0;1;1;3;0;0;0;31;0;IVAIPORÃ;REGIÃO CENTRAL;74;0
0.03938187032021667;2021-04-30;13;19;22;26;659;32;0;13;21;486;32;0;32;831;1;1;4;4;5;4;5;4;4;1;0;0;0;0;0;0;0;0;0;0;0;1;0;0;0;0;0;0;0;0;0;0;0;0;0;0;0;0;0;0;0;0;0;0;0;1;0;0;0;0;0;0;0;0;0;0;0;0;0;0;3;0;1;1;3;0;0;1;30;0;IVAIPORÃ;REGIÃO CENTRAL;75;0
0.03364664648717541;2021-05-31;7;14;20;24;605;29;3;7;20;437;29;0;29;773;28;103;5;4;4;5;4;5;4;0;0;0;0;0;0;0;1;0;0;0;0;1;0;0;0;0;0;0;0;0;0;0;0;0;0;0;0;0;0;0;0;0;0;0;0;1;0;0;0;0;0;0;0;0;0;0;0;0;0;0;3;0;1;1;3;0;0;0;31;0;IVAIPORÃ;REGIÃO CENTRAL;76;0
0.029823163931814556;2021-06-30;1;6;17;22;514;27;3;1;17;385;27;0;27;644;63;97;4;5;4;4;4;4;5;0;0;0;0;0;0;1;0;0;0;0;0;1;0;0;0;0;0;0;0;0;0;0;0;0;0;0;0;0;0;0;0;0;0;0;0;1;0;0;0;0;0;0;0;0;0;0;0;0;0;0;3;0;1;1;3;0;0;1;30;0;IVAIPORÃ;REGIÃO CENTRAL;77;0
0.02969571451330255;2021-07-31;0;7;16;21;499;29;4;0;16;297;29;0;29;700;73;119;4;4;5;4;5;5;4;0;0;0;0;0;1;0;0;0;0;0;0;1;0;0;0;0;0;0;0;0;0;0;0;0;0;0;0;0;0;0;0;0;0;0;0;1;0;0;0;0;0;0;0;0;0;0;0;0;0;0;3;0;1;1;3;0;0;0;31;0;IVAIPORÃ;REGIÃO CENTRAL;78;0
0.02376931655249323;2021-08-31;8;15;21;27;652;35;1;8;20;460;35;0;35;843;11;28;5;4;4;5;4;4;5;0;1;0;0;0;0;0;0;0;0;0;0;1;0;0;0;0;0;0;0;0;0;0;0;0;0;0;0;0;0;0;0;0;0;0;0;1;0;0;0;0;0;0;0;0;0;0;0;0;0;0;3;0;1;1;3;0;0;0;31;0;IVAIPORÃ;REGIÃO CENTRAL;79;0
0.025999681376453726;2021-09-30;12;19;24;30;731;37;2;12;24;537;37;0;37;924;22;53;4;5;5;4;4;4;4;0;0;0;0;0;0;0;0;0;0;0;1;1;0;0;0;0;0;0;0;0;0;0;0;0;0;0;0;0;0;0;0;0;0;0;0;1;0;0;0;0;0;0;0;0;0;0;0;0;0;0;3;0;1;1;3;0;0;0;30;0;IVAIPORÃ;REGIÃO CENTRAL;80;0
0.057352238330412614;2021-10-31;12;18;22;26;671;32;21;12;21;523;32;0;32;820;174;662;5;4;4;4;5;5;4;0;0;0;0;0;0;0;0;0;0;1;0;1;0;0;0;0;0;0;0;0;0;0;0;0;0;0;0;0;0;0;0;0;0;0;0;1;0;0;0;0;0;0;0;0;0;0;0;0;0;0;3;0;1;1;3;0;0;0;0;0;IVAIPORÃ;REGIÃO CENTRAL;81;0
0.11776326270511392;2021-11-30;14;20;25;28;750;35;1;14;22;553;35;0;35;948;21;37;4;4;4;5;4;4;5;0;0;0;0;0;0;0;0;0;1;0;0;1;0;0;0;0;0;0;0;0;0;0;0;0;0;0;0;0;0;0;0;0;0;0;0;1;0;0;0;0;0;0;0;0;0;0;0;0;0;0;3;0;1;1;3;0;0;0;0;0;IVAIPORÃ;REGIÃO CENTRAL;82;1
0.16797833359885297;2021-12-31;15;22;26;30;803;37;3;15;22;594;37;0;37;1011;76;99;4;5;5;4;5;4;4;0;0;1;0;0;0;0;0;0;0;0;0;1;0;0;0;0;0;0;0;0;0;0;0;0;0;0;0;0;0;0;0;0;0;0;0;1;0;0;0;0;0;0;0;0;0;0;0;0;0;0;3;0;1;1;3;0;0;0;0;0;IVAIPORÃ;REGIÃO CENTRAL;83;1
0.1976103234028995;2022-01-31;18;22;26;30;803;36;5;18;23;640;36;0;36;967;34;140;5;4;4;5;4;5;4;0;0;0;0;1;0;0;0;0;0;0;0;0;1;0;0;0;0;0;0;0;0;0;0;0;0;0;0;0;0;0;0;0;0;0;0;1;0;0;0;0;0;0;0;0;0;0;0;0;0;0;3;0;1;1;3;0;31;0;0;0;IVAIPORÃ;REGIÃO CENTRAL;84;1
0.22482077425521743;2022-02-28;17;24;26;30;742;37;5;17;24;571;37;0;37;913;54;145;4;4;4;4;4;4;4;0;0;0;1;0;0;0;0;0;0;0;0;0;1;0;0;0;0;0;0;0;0;0;0;0;0;0;0;0;0;0;0;0;0;0;0;1;0;0;0;0;0;0;0;0;0;0;0;0;0;0;3;0;1;1;3;0;0;1;0;0;IVAIPORÃ;REGIÃO CENTRAL;85;1
0.26872709893261115;2022-03-31;17;21;25;29;789;35;11;17;23;632;35;0;35;946;71;352;4;5;5;4;4;4;5;0;0;0;0;0;0;0;0;1;0;0;0;0;1;0;0;0;0;0;0;0;0;0;0;0;0;0;0;0;0;0;0;0;0;0;0;1;0;0;0;0;0;0;0;0;0;0;0;0;0;0;3;0;1;1;3;0;0;1;0;0;IVAIPORÃ;REGIÃO CENTRAL;86;1
0.34526047474908395;2022-04-30;12;17;22;26;673;31;7;12;21;520;31;0;31;827;67;199;4;4;4;4;5;5;4;1;0;0;0;0;0;0;0;0;0;0;0;0;1;0;0;0;0;0;0;0;0;0;0;0;0;0;0;0;0;0;0;0;0;0;0;1;0;0;0;0;0;0;0;0;0;0;0;0;0;0;3;0;1;1;3;0;0;1;0;0;IVAIPORÃ;REGIÃO CENTRAL;87;2
0.5235622112474111;2022-05-31;5;9;18;24;561;30;3;5;20;413;30;0;30;709;43;100;5;4;4;5;4;4;5;0;0;0;0;0;0;0;1;0;0;0;0;0;1;0;0;0;0;0;0;0;0;0;0;0;0;0;0;0;0;0;0;0;0;0;0;1;0;0;0;0;0;0;0;0;0;0;0;0;0;0;3;0;1;1;3;0;0;0;0;0;IVAIPORÃ;REGIÃO CENTRAL;88;4
0.5402580850724868;2022-06-30;4;11;18;22;541;28;3;4;17;391;28;0;28;691;42;83;4;5;5;4;4;4;4;0;0;0;0;0;0;1;0;0;0;0;0;0;1;0;0;0;0;0;0;0;0;0;0;0;0;0;0;0;0;0;0;0;0;0;0;1;0;0;0;0;0;0;0;0;0;0;0;0;0;0;3;0;1;1;3;0;0;1;0;0;IVAIPORÃ;REGIÃO CENTRAL;89;5
0.3595985343316871;2022-07-31;7;15;21;23;642;30;1;7;17;452;30;0;30;832;8;17;5;4;4;4;5;5;4;0;0;0;0;0;1;0;0;0;0;0;0;0;1;0;0;0;0;0;0;0;0;0;0;0;0;0;0;0;0;0;0;0;0;0;0;1;0;0;0;0;0;0;0;0;0;0;0;0;0;0;3;0;1;1;3;0;0;0;0;0;IVAIPORÃ;REGIÃO CENTRAL;90;3
0.5255376772343475;2022-08-31;5;11;19;24;578;32;5;5;19;403;32;0;32;753;47;162;4;5;4;5;4;4;5;0;1;0;0;0;0;0;0;0;0;0;0;0;1;0;0;0;0;0;0;0;0;0;0;0;0;0;0;0;0;0;0;0;0;0;0;1;0;0;0;0;0;0;0;0;0;0;0;0;0;0;3;0;1;1;3;0;0;0;0;0;IVAIPORÃ;REGIÃO CENTRAL;91;5
0.5498167914608889;2022-09-30;8;14;19;26;558;33;10;8;20;422;33;0;33;694;91;313;4;4;5;4;5;4;4;0;0;0;0;0;0;0;0;0;0;0;1;0;1;0;0;0;0;0;0;0;0;0;0;0;0;0;0;0;0;0;0;0;0;0;0;1;0;0;0;0;0;0;0;0;0;0;0;0;0;0;3;0;1;1;3;0;0;0;0;0;IVAIPORÃ;REGIÃO CENTRAL;92;5
0.422813445913653;2022-10-31;-5;12;22;26;694;34;12;-5;21;516;34;0;34;871;78;370;5;4;4;5;4;5;4;0;0;0;0;0;0;0;0;0;0;1;0;0;1;0;0;0;0;0;0;0;0;0;0;0;0;0;0;0;0;0;0;0;0;0;0;1;0;0;0;0;0;0;0;0;0;0;0;0;0;0;3;0;1;1;3;0;0;0;0;0;IVAIPORÃ;REGIÃO CENTRAL;93;3
0.33187828580532097;2022-11-30;11;14;22;26;665;34;2;11;20;475;34;0;34;854;27;69;4;5;4;4;4;4;5;0;0;0;0;0;0;0;0;0;1;0;0;0;1;0;0;0;0;0;0;0;0;0;0;0;0;0;0;0;0;0;0;0;0;0;0;1;0;0;0;0;0;0;0;0;0;0;0;0;0;0;3;0;1;1;3;0;0;0;0;0;IVAIPORÃ;REGIÃO CENTRAL;94;2
0.3931814561096064;2022-12-31;-7;13;24;28;759;34;6;-7;23;578;34;0;34;940;56;190;4;4;5;4;5;5;4;0;0;1;0;0;0;0;0;0;0;0;0;0;1;0;0;0;0;0;0;0;0;0;0;0;0;0;0;0;0;0;0;0;0;0;0;1;0;0;0;0;0;0;0;0;0;0;0;0;0;0;3;0;1;1;3;0;0;0;0;0;IVAIPORÃ;REGIÃO CENTRAL;95;3
0.26082523498486543;2023-01-31;16;21;25;27;769;33;7;16;22;616;33;0;33;921;56;217;5;4;4;5;4;4;5;0;0;0;0;1;0;0;0;0;0;0;0;0;0;1;0;0;0;0;0;0;0;0;0;0;0;0;0;0;0;0;0;0;0;0;0;1;0;0;0;0;0;0;0;0;0;0;0;0;0;0;3;0;1;1;3;0;31;0;0;0;IVAIPORÃ;REGIÃO CENTRAL;96;1
0.5299346821730125;2023-02-28;13;19;24;27;678;34;12;13;22;550;34;0;34;806;62;329;4;4;4;4;4;4;4;0;0;0;1;0;0;0;0;0;0;0;0;0;0;1;0;0;0;0;0;0;0;0;0;0;0;0;0;0;0;0;0;0;0;0;0;1;0;0;0;0;0;0;0;0;0;0;0;0;0;0;3;0;1;1;3;0;0;3;0;0;IVAIPORÃ;REGIÃO CENTRAL;97;5
0.8791460888959692;2023-03-31;18;23;26;28;792;34;8;18;22;624;34;0;34;959;58;238;4;5;5;4;5;4;4;0;0;0;0;0;0;0;0;1;0;0;0;0;0;1;0;0;0;0;0;0;0;0;0;0;0;0;0;0;0;0;0;0;0;0;0;1;0;0;0;0;0;0;0;0;0;0;0;0;0;0;3;0;1;1;3;0;0;0;0;0;IVAIPORÃ;REGIÃO CENTRAL;98;6
0.5134937071849609;2023-04-30;11;18;22;27;667;33;5;11;20;514;33;0;33;821;52;163;5;4;4;4;4;5;4;1;0;0;0;0;0;0;0;0;0;0;0;0;0;1;0;0;0;0;0;0;0;0;0;0;0;0;0;0;0;0;0;0;0;0;0;1;0;0;0;0;0;0;0;0;0;0;0;0;0;0;3;0;1;1;3;0;0;1;0;0;IVAIPORÃ;REGIÃO CENTRAL;99;4
0.45244543571769946;2023-05-31;10;16;20;25;633;29;3;10;20;465;29;0;29;801;32;86;4;5;4;5;4;4;5;0;0;0;0;0;0;0;1;0;0;0;0;0;0;1;0;0;0;0;0;0;0;0;0;0;0;0;0;0;0;0;0;0;0;0;0;1;0;0;0;0;0;0;0;0;0;0;0;0;0;0;3;0;1;1;3;0;0;0;0;0;IVAIPORÃ;REGIÃO CENTRAL;100;4
0.4981997769635176;2023-06-30;7;11;18;23;549;29;4;7;17;380;29;0;29;718;46;110;4;4;5;4;5;4;4;0;0;0;0;0;0;1;0;0;0;0;0;0;0;1;0;0;0;0;0;0;0;0;0;0;0;0;0;0;0;0;0;0;0;0;0;1;0;0;0;0;0;0;0;0;0;0;0;0;0;0;3;0;1;1;3;0;0;1;0;0;IVAIPORÃ;REGIÃO CENTRAL;101;4
0.2983590887366576;2023-07-31;6;12;19;23;591;29;2;6;18;423;29;0;29;758;15;62;5;4;4;5;4;5;4;0;0;0;0;0;1;0;0;0;0;0;0;0;0;1;0;0;0;0;0;0;0;0;0;0;0;0;0;0;0;0;0;0;0;0;0;1;0;0;0;0;0;0;0;0;0;0;0;0;0;0;3;0;1;1;3;0;15;0;0;0;IVAIPORÃ;REGIÃO CENTRAL;102;2
0.3931814561096064;2023-08-31;9;15;21;27;650;34;8;9;20;454;34;0;34;846;120;250;4;5;5;4;4;4;5;0;1;0;0;0;0;0;0;0;0;0;0;0;0;1;0;0;0;0;0;0;0;0;0;0;0;0;0;0;0;0;0;0;0;0;0;1;0;0;0;0;0;0;0;0;0;0;0;0;0;0;3;0;1;1;3;0;0;0;0;0;IVAIPORÃ;REGIÃO CENTRAL;103;3
0.5708459455153735;2023-09-30;9;17;24;30;735;37;7;9;25;545;37;0;37;925;79;206;4;4;4;4;5;5;4;0;0;0;0;0;0;0;0;0;0;0;1;0;0;1;0;0;0;0;0;0;0;0;0;0;0;0;0;0;0;0;0;0;0;0;0;1;0;0;0;0;0;0;0;0;0;0;0;0;0;0;3;0;1;1;3;0;0;0;0;0;IVAIPORÃ;REGIÃO CENTRAL;104;5
0.5689979289469491;2023-10-31;16;21;25;29;770;36;16;16;24;599;36;0;36;941;140;496;5;4;4;5;4;4;5;0;0;0;0;0;0;0;0;0;0;1;0;0;0;1;0;0;0;0;0;0;0;0;0;0;0;0;0;0;0;0;0;0;0;0;0;1;0;0;0;0;0;0;0;0;0;0;0;0;0;0;3;0;1;1;3;0;0;0;0;0;IVAIPORÃ;REGIÃO CENTRAL;105;5
0.6664330093993945;2023-11-30;11;18;25;31;759;38;10;11;25;582;38;0;38;937;66;299;4;5;5;4;4;4;4;0;0;0;0;0;0;0;0;0;1;0;0;0;0;1;0;0;0;0;0;0;0;0;0;0;0;0;0;0;0;0;0;0;0;0;0;1;0;0;0;0;0;0;0;0;0;0;0;0;0;0;3;0;1;1;3;0;0;0;0;0;IVAIPORÃ;REGIÃO CENTRAL;106;6
0.49590568743030106;2023-12-31;17;22;27;29;831;37;6;17;23;636;37;0;37;1025;43;180;5;4;4;4;5;5;4;0;0;1;0;0;0;0;0;0;0;0;0;0;0;1;0;0;0;0;0;0;0;0;0;0;0;0;0;0;0;0;0;0;0;0;0;1;0;0;0;0;0;0;0;0;0;0;0;0;0;0;3;0;1;1;3;0;0;0;0;0;IVAIPORÃ;REGIÃO CENTRAL;107;4
0.28255536084116617;2024-01-31;16;20;26;31;815;38;8;16;24;634;38;0;38;997;72;242;4;5;4;5;4;4;5;0;0;0;0;1;0;0;0;0;0;0;0;0;0;0;1;0;0;0;0;0;0;0;0;0;0;0;0;0;0;0;0;0;0;0;0;1;0;0;0;0;0;0;0;0;0;0;0;0;0;0;3;0;1;1;3;0;31;0;0;0;IVAIPORÃ;REGIÃO CENTRAL;108;2
0.6836386808985183;2024-02-29;19;23;27;29;785;36;3;19;24;620;36;0;36;951;30;96;4;4;5;4;4;4;4;0;0;0;1;0;0;0;0;0;0;0;0;0;0;0;1;0;0;0;0;0;0;0;0;0;0;0;0;0;0;0;0;0;0;0;0;1;0;0;0;0;0;0;0;0;0;0;0;0;0;0;3;0;1;1;3;0;0;3;0;0;IVAIPORÃ;REGIÃO CENTRAL;109;6
1.0;2024-03-31;18;21;27;30;834;37;2;18;25;655;37;0;37;1013;14;53;5;4;4;4;5;5;4;0;0;0;0;0;0;0;0;1;0;0;0;0;0;0;1;0;0;0;0;0;0;0;0;0;0;0;0;0;0;0;0;0;0;0;0;1;0;0;0;0;0;0;0;0;0;0;0;0;0;0;3;0;1;1;3;0;0;1;0;0;IVAIPORÃ;REGIÃO CENTRAL;110;6
0.7409909192289309;2024-04-30;14;20;25;28;747;34;4;14;22;589;34;0;34;905;47;131;4;4;4;5;4;4;5;1;0;0;0;0;0;0;0;0;0;0;0;0;0;0;1;0;0;0;0;0;0;0;0;0;0;0;0;0;0;0;0;0;0;0;0;1;0;0;0;0;0;0;0;0;0;0;0;0;0;0;3;0;1;1;3;0;0;0;0;0;IVAIPORÃ;REGIÃO CENTRAL;111;6
0.3457702724231321;2024-05-31;6;12;22;28;681;33;1;6;22;522;33;0;33;840;23;28;4;5;5;4;5;4;4;0;0;0;0;0;0;0;1;0;0;0;0;0;0;0;1;0;0;0;0;0;0;0;0;0;0;0;0;0;0;0;0;0;0;0;0;1;0;0;0;0;0;0;0;0;0;0;0;0;0;0;3;0;1;1;3;0;0;1;0;30;IVAIPORÃ;REGIÃO CENTRAL;112;3
0.26687908236418667;2024-06-30;9;15;22;24;651;31;0;9;19;461;31;0;31;841;0;1;5;4;4;4;4;5;4;0;0;0;0;0;0;1;0;0;0;0;0;0;0;0;1;0;0;0;0;0;0;0;0;0;0;0;0;0;0;0;0;0;0;0;0;1;0;0;0;0;0;0;0;0;0;0;0;0;0;0;3;0;1;1;3;0;0;0;0;30;IVAIPORÃ;REGIÃO CENTRAL;113;1
0.4563963676915723;2024-07-31;7;11;18;23;544;29;2;7;17;403;29;0;29;685;12;47;4;5;4;5;4;4;5;0;0;0;0;0;1;0;0;0;0;0;0;0;0;0;1;0;0;0;0;0;0;0;0;0;0;0;0;0;0;0;0;0;0;0;0;1;0;0;0;0;0;0;0;0;0;0;0;0;0;0;3;0;1;1;3;0;12;0;0;0;IVAIPORÃ;REGIÃO CENTRAL;114;4
0.4860283574956189;2024-08-31;2;11;19;27;602;34;1;2;22;402;34;0;34;802;16;32;4;4;5;4;5;5;4;0;1;0;0;0;0;0;0;0;0;0;0;0;0;0;1;0;0;0;0;0;0;0;0;0;0;0;0;0;0;0;0;0;0;0;0;1;0;0;0;0;0;0;0;0;0;0;0;0;0;0;3;0;1;1;3;0;0;0;0;0;IVAIPORÃ;REGIÃO CENTRAL;115;4
0.7696670383941373;2024-09-30;13;17;24;28;707;37;2;13;22;507;37;0;37;907;32;73;5;4;4;5;4;4;4;0;0;0;0;0;0;0;0;0;0;0;1;0;0;0;1;0;0;0;0;0;0;0;0;0;0;0;0;0;0;0;0;0;0;0;0;1;0;0;0;0;0;0;0;0;0;0;0;0;0;0;3;0;1;1;3;0;0;0;0;0;IVAIPORÃ;REGIÃO CENTRAL;116;6
0.8060538473793213;2024-10-31;15;19;24;30;749;36;3;15;25;598;36;0;36;900;24;86;4;5;5;4;4;4;5;0;0;0;0;0;0;0;0;0;0;1;0;0;0;0;1;0;0;0;0;0;0;0;0;0;0;0;0;0;0;0;0;0;0;0;0;1;0;0;0;0;0;0;0;0;0;0;0;0;0;0;3;0;1;1;3;0;0;0;0;0;IVAIPORÃ;REGIÃO CENTRAL;117;6
0.41312161608808406;2017-08-31;9;15;21;27;637;34;4;9;21;436;34;0;34;837;54;135;4;5;5;4;4;4;5;0;1;0;0;0;0;0;0;0;0;0;0;0;0;0;0;0;0;1;0;0;0;0;0;0;0;0;0;0;0;0;0;0;0;0;0;0;1;0;0;0;0;0;0;0;0;0;0;0;0;0;3;2;0;0;1;0;0;0;0;0;JACAREZINHO;REGIÃO NORTE;1;4
0.46990308931252556;2017-09-30;14;21;25;28;745;35;1;14;21;526;35;0;35;965;12;16;4;4;4;4;5;5;4;0;0;0;0;0;0;0;0;0;0;0;1;0;0;0;0;0;0;1;0;0;0;0;0;0;0;0;0;0;0;0;0;0;0;0;0;0;1;0;0;0;0;0;0;0;0;0;0;0;0;0;3;2;0;0;1;0;0;0;0;0;JACAREZINHO;REGIÃO NORTE;2;4
0.498111834023386;2017-10-31;11;19;24;30;739;37;9;11;22;546;37;0;37;933;50;291;5;4;4;5;4;4;5;0;0;0;0;0;0;0;0;0;0;1;0;0;0;0;0;0;0;1;0;0;0;0;0;0;0;0;0;0;0;0;0;0;0;0;0;0;1;0;0;0;0;0;0;0;0;0;0;0;0;0;3;2;0;0;1;0;0;0;0;0;JACAREZINHO;REGIÃO NORTE;3;5
0.5165840120114655;2017-11-30;13;21;24;28;721;36;7;13;22;543;36;0;36;898;62;206;4;5;5;4;4;4;4;0;0;0;0;0;0;0;0;0;1;0;0;0;0;0;0;0;0;1;0;0;0;0;0;0;0;0;0;0;0;0;0;0;0;0;0;0;1;0;0;0;0;0;0;0;0;0;0;0;0;0;3;2;0;0;1;0;0;0;0;0;JACAREZINHO;REGIÃO NORTE;4;5
0.363574320942718;2017-12-31;17;22;25;30;779;35;3;17;24;640;35;0;35;918;29;103;5;4;4;4;5;5;4;0;0;1;0;0;0;0;0;0;0;0;0;0;0;0;0;0;0;1;0;0;0;0;0;0;0;0;0;0;0;0;0;0;0;0;0;0;1;0;0;0;0;0;0;0;0;0;0;0;0;0;3;2;0;0;1;0;0;0;0;0;JACAREZINHO;REGIÃO NORTE;5;3
0.2582465080303926;2018-01-31;18;21;25;28;772;34;7;18;23;630;34;0;34;915;37;222;4;5;4;5;4;4;5;0;0;0;0;1;0;0;0;0;0;0;0;0;0;0;0;0;0;0;1;0;0;0;0;0;0;0;0;0;0;0;0;0;0;0;0;0;1;0;0;0;0;0;0;0;0;0;0;0;0;0;3;2;0;0;1;0;31;0;0;0;JACAREZINHO;REGIÃO NORTE;6;2
0.36443878247417993;2018-02-28;17;22;25;27;696;34;3;17;22;545;34;0;34;846;27;79;4;4;4;4;4;4;4;0;0;0;1;0;0;0;0;0;0;0;0;0;0;0;0;0;0;0;1;0;0;0;0;0;0;0;0;0;0;0;0;0;0;0;0;0;1;0;0;0;0;0;0;0;0;0;0;0;0;0;5;2;0;0;2;0;0;3;0;0;JACAREZINHO;REGIÃO NORTE;7;3
0.5628099549570045;2018-03-31;18;23;26;29;804;35;5;18;23;645;35;0;35;963;34;170;4;4;5;4;5;5;4;0;0;0;0;0;0;0;0;1;0;0;0;0;0;0;0;0;0;0;1;0;0;0;0;0;0;0;0;0;0;0;0;0;0;0;0;0;1;0;0;0;0;0;0;0;0;0;0;0;0;0;5;2;0;0;2;0;0;1;0;0;JACAREZINHO;REGIÃO NORTE;8;6
0.5440647891168843;2018-04-30;15;21;24;26;714;32;2;15;22;538;32;0;32;891;32;46;5;4;4;5;4;4;4;1;0;0;0;0;0;0;0;0;0;0;0;0;0;0;0;0;0;0;1;0;0;0;0;0;0;0;0;0;0;0;0;0;0;0;0;0;1;0;0;0;0;0;0;0;0;0;0;0;0;0;5;2;0;0;2;0;0;0;0;0;JACAREZINHO;REGIÃO NORTE;9;5
0.4867373401883617;2018-05-31;7;14;21;25;646;32;1;7;20;456;32;0;32;836;29;40;4;5;5;4;4;4;5;0;0;0;0;0;0;0;1;0;0;0;0;0;0;0;0;0;0;0;1;0;0;0;0;0;0;0;0;0;0;0;0;0;0;0;0;0;1;0;0;0;0;0;0;0;0;0;0;0;0;0;5;2;0;0;2;0;0;1;0;0;JACAREZINHO;REGIÃO NORTE;10;5
0.40270257973520185;2018-06-30;8;15;20;24;593;31;2;8;20;427;31;0;31;758;32;54;4;4;4;4;5;5;4;0;0;0;0;0;0;1;0;0;0;0;0;0;0;0;0;0;0;0;1;0;0;0;0;0;0;0;0;0;0;0;0;0;0;0;0;0;1;0;0;0;0;0;0;0;0;0;0;0;0;0;5;2;0;0;2;0;0;0;0;0;JACAREZINHO;REGIÃO NORTE;11;3
0.40065517084489743;2018-07-31;6;13;21;25;642;32;0;6;18;420;32;0;32;865;10;11;5;4;4;5;4;4;5;0;0;0;0;0;1;0;0;0;0;0;0;0;0;0;0;0;0;0;1;0;0;0;0;0;0;0;0;0;0;0;0;0;0;0;0;0;1;0;0;0;0;0;0;0;0;0;0;0;0;0;5;2;0;0;2;0;16;0;0;0;JACAREZINHO;REGIÃO NORTE;12;3
0.4503389599162837;2018-08-31;5;13;19;25;587;33;15;5;17;398;33;0;33;776;132;452;4;5;5;4;5;4;4;0;1;0;0;0;0;0;0;0;0;0;0;0;0;0;0;0;0;0;1;0;0;0;0;0;0;0;0;0;0;0;0;0;0;0;0;0;1;0;0;0;0;0;0;0;0;0;0;0;0;0;5;2;0;0;2;0;0;0;0;0;JACAREZINHO;REGIÃO NORTE;13;4
0.46667273306337864;2018-09-30;9;16;22;28;662;36;4;9;22;484;36;0;36;840;34;128;5;4;4;4;4;5;4;0;0;0;0;0;0;0;0;0;0;0;1;0;0;0;0;0;0;0;1;0;0;0;0;0;0;0;0;0;0;0;0;0;0;0;0;0;1;0;0;0;0;0;0;0;0;0;0;0;0;0;5;2;0;0;2;0;0;0;0;0;JACAREZINHO;REGIÃO NORTE;14;4
0.4975658583193048;2018-10-31;15;20;24;26;732;33;8;15;21;572;33;0;33;893;47;246;4;5;4;5;4;4;5;0;0;0;0;0;0;0;0;0;0;1;0;0;0;0;0;0;0;0;1;0;0;0;0;0;0;0;0;0;0;0;0;0;0;0;0;0;1;0;0;0;0;0;0;0;0;0;0;0;0;0;5;2;0;0;2;0;0;0;0;0;JACAREZINHO;REGIÃO NORTE;15;5
0.4634878747895719;2018-11-30;14;21;24;30;733;35;2;14;25;555;35;0;35;911;38;73;4;4;5;4;5;4;4;0;0;0;0;0;0;0;0;0;1;0;0;0;0;0;0;0;0;0;1;0;0;0;0;0;0;0;0;0;0;0;0;0;0;0;0;0;1;0;0;0;0;0;0;0;0;0;0;0;0;0;5;2;0;0;2;0;0;0;0;0;JACAREZINHO;REGIÃO NORTE;16;4
0.36757814277264667;2018-12-31;16;21;26;29;808;35;3;16;25;643;35;0;35;973;16;81;5;4;4;5;4;5;4;0;0;1;0;0;0;0;0;0;0;0;0;0;0;0;0;0;0;0;1;0;0;0;0;0;0;0;0;0;0;0;0;0;0;0;0;0;1;0;0;0;0;0;0;0;0;0;0;0;0;0;5;2;0;0;2;0;0;0;0;0;JACAREZINHO;REGIÃO NORTE;17;3
0.31989626461622456;2019-01-31;19;25;27;30;842;36;4;19;27;690;36;0;36;994;26;135;4;5;5;4;4;4;5;0;0;0;0;1;0;0;0;0;0;0;0;0;0;0;0;0;0;0;0;1;0;0;0;0;0;0;0;0;0;0;0;0;0;0;0;0;1;0;0;0;0;0;0;0;0;0;0;0;0;0;5;2;0;0;2;0;31;0;0;0;JACAREZINHO;REGIÃO NORTE;18;2
0.3865962964648073;2019-02-28;17;22;26;31;728;37;5;17;25;582;37;0;37;874;26;145;4;4;4;4;4;4;4;0;0;0;1;0;0;0;0;0;0;0;0;0;0;0;0;0;0;0;0;1;0;0;0;0;0;0;0;0;0;0;0;0;0;0;0;0;1;0;0;0;0;0;0;0;0;0;0;0;0;0;5;2;0;0;3;0;0;0;0;0;JACAREZINHO;REGIÃO NORTE;19;3
0.5893807725556213;2019-03-31;16;22;25;27;782;33;3;16;23;622;33;0;33;941;22;95;5;4;4;4;5;5;4;0;0;0;0;0;0;0;0;1;0;0;0;0;0;0;0;0;0;0;0;1;0;0;0;0;0;0;0;0;0;0;0;0;0;0;0;0;1;0;0;0;0;0;0;0;0;0;0;0;0;0;5;2;0;0;3;0;0;3;0;0;JACAREZINHO;REGIÃO NORTE;20;6
0.5635834205377861;2019-04-30;15;21;24;26;720;32;3;15;22;569;32;0;32;871;40;96;4;4;4;5;4;4;5;1;0;0;0;0;0;0;0;0;0;0;0;0;0;0;0;0;0;0;0;1;0;0;0;0;0;0;0;0;0;0;0;0;0;0;0;0;1;0;0;0;0;0;0;0;0;0;0;0;0;0;5;2;0;0;3;0;0;1;0;0;JACAREZINHO;REGIÃO NORTE;21;6
0.5455662223031075;2019-05-31;10;16;21;27;664;32;2;10;22;524;32;0;32;805;25;56;4;5;5;4;5;4;4;0;0;0;0;0;0;0;1;0;0;0;0;0;0;0;0;0;0;0;0;1;0;0;0;0;0;0;0;0;0;0;0;0;0;0;0;0;1;0;0;0;0;0;0;0;0;0;0;0;0;0;5;2;0;0;3;0;0;0;0;0;JACAREZINHO;REGIÃO NORTE;22;5
0.41116520314845995;2019-06-30;8;14;20;24;611;31;2;8;19;436;31;0;31;787;50;54;5;4;4;4;4;5;4;0;0;0;0;0;0;1;0;0;0;0;0;0;0;0;0;0;0;0;0;1;0;0;0;0;0;0;0;0;0;0;0;0;0;0;0;0;1;0;0;0;0;0;0;0;0;0;0;0;0;0;5;2;0;0;3;0;0;1;0;0;JACAREZINHO;REGIÃO NORTE;23;4
0.38545884708130485;2019-07-31;1;10;19;24;586;31;2;1;19;391;31;0;31;780;38;67;4;5;4;5;4;4;5;0;0;0;0;0;1;0;0;0;0;0;0;0;0;0;0;0;0;0;0;1;0;0;0;0;0;0;0;0;0;0;0;0;0;0;0;0;1;0;0;0;0;0;0;0;0;0;0;0;0;0;5;2;0;0;3;0;16;0;0;0;JACAREZINHO;REGIÃO NORTE;24;3
0.4648983120251149;2019-08-31;7;13;20;25;628;33;0;7;19;418;33;0;33;837;3;8;4;4;5;4;5;5;4;0;1;0;0;0;0;0;0;0;0;0;0;0;0;0;0;0;0;0;0;1;0;0;0;0;0;0;0;0;0;0;0;0;0;0;0;0;1;0;0;0;0;0;0;0;0;0;0;0;0;0;5;2;0;0;3;0;0;0;0;0;JACAREZINHO;REGIÃO NORTE;25;4
0.4753173483779972;2019-09-30;13;18;24;30;712;37;3;13;23;533;37;0;37;891;26;81;5;4;4;5;4;4;4;0;0;0;0;0;0;0;0;0;0;0;1;0;0;0;0;0;0;0;0;1;0;0;0;0;0;0;0;0;0;0;0;0;0;0;0;0;1;0;0;0;0;0;0;0;0;0;0;0;0;0;5;2;0;0;3;0;0;0;0;0;JACAREZINHO;REGIÃO NORTE;26;4
0.5427908458073616;2019-10-31;16;20;26;31;807;39;3;16;24;604;39;0;39;1010;48;93;4;5;5;4;4;4;5;0;0;0;0;0;0;0;0;0;0;1;0;0;0;0;0;0;0;0;0;1;0;0;0;0;0;0;0;0;0;0;0;0;0;0;0;0;1;0;0;0;0;0;0;0;0;0;0;0;0;0;5;2;0;0;3;0;0;0;0;0;JACAREZINHO;REGIÃO NORTE;27;5
0.5027071295327358;2019-11-30;15;22;26;30;768;38;4;15;24;580;38;0;38;955;43;132;4;4;4;4;5;5;4;0;0;0;0;0;0;0;0;0;1;0;0;0;0;0;0;0;0;0;0;1;0;0;0;0;0;0;0;0;0;0;0;0;0;0;0;0;1;0;0;0;0;0;0;0;0;0;0;0;0;0;5;2;0;0;3;0;0;0;0;0;JACAREZINHO;REGIÃO NORTE;28;5
0.291096046225943;2019-12-31;16;21;24;28;757;34;4;16;22;609;34;0;34;906;32;121;5;4;4;5;4;4;5;0;0;1;0;0;0;0;0;0;0;0;0;0;0;0;0;0;0;0;0;1;0;0;0;0;0;0;0;0;0;0;0;0;0;0;0;0;1;0;0;0;0;0;0;0;0;0;0;0;0;0;5;2;0;0;3;0;0;0;0;0;JACAREZINHO;REGIÃO NORTE;29;2
0.20146503480595115;2020-01-31;17;21;25;29;790;34;6;17;24;651;34;0;34;930;75;197;4;5;5;4;5;4;4;0;0;0;0;1;0;0;0;0;0;0;0;0;0;0;0;0;0;0;0;0;1;0;0;0;0;0;0;0;0;0;0;0;0;0;0;0;1;0;0;0;0;0;0;0;0;0;0;0;0;0;5;2;0;0;3;0;31;0;0;0;JACAREZINHO;REGIÃO NORTE;30;2
0.33754947904818233;2020-02-29;17;23;25;29;737;35;5;17;23;593;35;0;35;880;44;138;4;4;4;4;4;5;4;0;0;0;1;0;0;0;0;0;0;0;0;0;0;0;0;0;0;0;0;0;1;0;0;0;0;0;0;0;0;0;0;0;0;0;0;0;1;0;0;0;0;0;0;0;0;0;0;0;0;0;5;2;0;0;3;0;0;3;0;0;JACAREZINHO;REGIÃO NORTE;31;2
0.32426407024887394;2020-03-31;16;23;25;28;772;35;1;16;23;584;35;0;35;960;13;24;5;4;4;5;4;4;5;0;0;0;0;0;0;0;0;1;0;0;0;0;0;0;0;0;0;0;0;0;1;0;0;0;0;0;0;0;0;0;0;0;0;0;0;0;1;0;0;0;0;0;0;0;0;0;0;0;0;0;5;2;0;0;3;0;0;0;15;0;JACAREZINHO;REGIÃO NORTE;32;2
0.06401565130351697;2020-04-30;11;18;23;27;686;33;2;11;22;505;33;0;33;866;34;46;4;5;5;4;4;4;4;1;0;0;0;0;0;0;0;0;0;0;0;0;0;0;0;0;0;0;0;0;1;0;0;0;0;0;0;0;0;0;0;0;0;0;0;0;1;0;0;0;0;0;0;0;0;0;0;0;0;0;5;2;0;0;3;0;0;1;30;0;JACAREZINHO;REGIÃO NORTE;33;1
0.05550752991491878;2020-05-31;8;14;20;26;622;32;2;8;20;439;32;0;32;805;60;62;5;4;4;4;5;5;4;0;0;0;0;0;0;0;1;0;0;0;0;0;0;0;0;0;0;0;0;0;1;0;0;0;0;0;0;0;0;0;0;0;0;0;0;0;1;0;0;0;0;0;0;0;0;0;0;0;0;0;5;2;0;0;3;0;0;0;31;0;JACAREZINHO;REGIÃO NORTE;34;1
0.04390554620319395;2020-06-30;11;16;20;24;614;30;4;11;19;460;30;0;30;768;98;122;4;4;4;5;4;4;5;0;0;0;0;0;0;1;0;0;0;0;0;0;0;0;0;0;0;0;0;0;1;0;0;0;0;0;0;0;0;0;0;0;0;0;0;0;1;0;0;0;0;0;0;0;0;0;0;0;0;0;5;2;0;0;3;0;0;1;30;0;JACAREZINHO;REGIÃO NORTE;35;1
0.051731197961690706;2020-07-31;6;13;20;24;606;30;0;6;18;420;30;0;30;792;7;10;4;5;5;4;5;4;4;0;0;0;0;0;1;0;0;0;0;0;0;0;0;0;0;0;0;0;0;0;1;0;0;0;0;0;0;0;0;0;0;0;0;0;0;0;1;0;0;0;0;0;0;0;0;0;0;0;0;0;5;2;0;0;3;0;0;0;31;0;JACAREZINHO;REGIÃO NORTE;36;1
0.0487738295645844;2020-08-31;5;12;20;26;613;35;6;5;18;421;35;0;35;805;60;190;5;4;4;5;4;5;4;0;1;0;0;0;0;0;0;0;0;0;0;0;0;0;0;0;0;0;0;0;1;0;0;0;0;0;0;0;0;0;0;0;0;0;0;0;1;0;0;0;0;0;0;0;0;0;0;0;0;0;5;2;0;0;3;0;0;0;31;0;JACAREZINHO;REGIÃO NORTE;37;1
0.039355748669184204;2020-09-30;13;18;25;29;760;38;1;13;21;548;38;0;38;972;25;43;4;5;4;4;4;4;5;0;0;0;0;0;0;0;0;0;0;0;1;0;0;0;0;0;0;0;0;0;1;0;0;0;0;0;0;0;0;0;0;0;0;0;0;0;1;0;0;0;0;0;0;0;0;0;0;0;0;0;5;2;0;0;3;0;0;0;30;0;JACAREZINHO;REGIÃO NORTE;38;1
0.05004777287410708;2020-10-31;14;20;25;32;788;40;2;14;24;580;40;0;40;996;28;64;4;4;5;4;5;5;4;0;0;0;0;0;0;0;0;0;0;1;0;0;0;0;0;0;0;0;0;0;1;0;0;0;0;0;0;0;0;0;0;0;0;0;0;0;1;0;0;0;0;0;0;0;0;0;0;0;0;0;5;2;0;0;3;0;0;0;31;0;JACAREZINHO;REGIÃO NORTE;39;1
0.04258610491833112;2020-11-30;12;21;25;30;760;37;2;12;24;544;37;0;37;975;28;71;5;4;4;5;4;4;4;0;0;0;0;0;0;0;0;0;1;0;0;0;0;0;0;0;0;0;0;0;1;0;0;0;0;0;0;0;0;0;0;0;0;0;0;0;1;0;0;0;0;0;0;0;0;0;0;0;0;0;5;2;0;0;3;0;0;0;30;0;JACAREZINHO;REGIÃO NORTE;40;1
0.02538787023977432;2020-12-31;19;22;26;28;797;33;7;19;24;653;33;0;33;942;44;229;4;5;5;4;4;4;5;0;0;1;0;0;0;0;0;0;0;0;0;0;0;0;0;0;0;0;0;0;1;0;0;0;0;0;0;0;0;0;0;0;0;0;0;0;1;0;0;0;0;0;0;0;0;0;0;0;0;0;5;2;0;0;3;0;0;0;31;0;JACAREZINHO;REGIÃO NORTE;41;0
0.0324400564174894;2021-01-31;19;23;25;29;789;33;11;19;24;665;33;0;33;913;73;328;5;4;4;4;5;5;4;0;0;0;0;1;0;0;0;0;0;0;0;1;0;0;0;0;0;0;0;0;0;0;0;0;0;0;0;0;0;0;0;0;0;0;0;0;1;0;0;0;0;0;0;0;0;0;0;0;0;0;5;2;0;0;3;0;0;0;31;0;JACAREZINHO;REGIÃO NORTE;42;0
0.005232267164111182;2021-02-28;18;22;25;28;711;35;1;18;23;553;35;0;35;868;9;29;4;4;4;4;4;4;4;0;0;0;1;0;0;0;0;0;0;0;0;1;0;0;0;0;0;0;0;0;0;0;0;0;0;0;0;0;0;0;0;0;0;0;0;0;1;0;0;0;0;0;0;0;0;0;0;0;0;0;5;2;0;0;3;1;0;3;28;0;JACAREZINHO;REGIÃO NORTE;43;0
0.022566995768688286;2021-03-31;16;22;26;28;799;34;5;16;22;632;34;0;34;965;23;143;4;5;4;5;4;4;5;0;0;0;0;0;0;0;0;1;0;0;0;1;0;0;0;0;0;0;0;0;0;0;0;0;0;0;0;0;0;0;0;0;0;0;0;0;1;0;0;0;0;0;0;0;0;0;0;0;0;0;5;2;0;0;3;1;0;0;31;0;JACAREZINHO;REGIÃO NORTE;44;0
0.019700623322262162;2021-04-30;14;20;23;27;680;33;0;14;21;503;33;0;33;856;0;2;4;4;5;4;5;4;4;1;0;0;0;0;0;0;0;0;0;0;0;1;0;0;0;0;0;0;0;0;0;0;0;0;0;0;0;0;0;0;0;0;0;0;0;0;1;0;0;0;0;0;0;0;0;0;0;0;0;0;5;2;0;0;3;1;0;1;30;0;JACAREZINHO;REGIÃO NORTE;45;0
0.015514809590973205;2021-05-31;8;16;20;25;632;30;8;8;21;451;30;0;30;812;184;238;5;4;4;5;4;5;4;0;0;0;0;0;0;0;1;0;0;0;0;1;0;0;0;0;0;0;0;0;0;0;0;0;0;0;0;0;0;0;0;0;0;0;0;0;1;0;0;0;0;0;0;0;0;0;0;0;0;0;5;2;0;0;3;1;0;0;31;0;JACAREZINHO;REGIÃO NORTE;46;0
0.006051230720232947;2021-06-30;2;8;18;23;548;29;4;2;17;398;29;0;29;698;26;113;4;5;4;4;4;4;5;0;0;0;0;0;0;1;0;0;0;0;0;1;0;0;0;0;0;0;0;0;0;0;0;0;0;0;0;0;0;0;0;0;0;0;0;0;1;0;0;0;0;0;0;0;0;0;0;0;0;0;5;2;0;0;3;1;0;1;30;0;JACAREZINHO;REGIÃO NORTE;47;0
0.008462623413258097;2021-07-31;2;8;17;22;533;30;2;2;16;317;30;0;30;749;32;50;4;4;5;4;5;5;4;0;0;0;0;0;1;0;0;0;0;0;0;1;0;0;0;0;0;0;0;0;0;0;0;0;0;0;0;0;0;0;0;0;0;0;0;0;1;0;0;0;0;0;0;0;0;0;0;0;0;0;5;2;0;0;3;1;0;0;31;0;JACAREZINHO;REGIÃO NORTE;48;0
0.02115655853314527;2021-08-31;9;16;22;28;678;36;3;9;20;474;36;0;36;882;76;101;5;4;4;5;4;4;5;0;1;0;0;0;0;0;0;0;0;0;0;1;0;0;0;0;0;0;0;0;0;0;0;0;0;0;0;0;0;0;0;0;0;0;0;0;1;0;0;0;0;0;0;0;0;0;0;0;0;0;5;2;0;0;3;1;0;0;31;0;JACAREZINHO;REGIÃO NORTE;49;0
0.02243050184266801;2021-09-30;12;20;25;31;760;39;4;12;25;553;39;0;39;966;67;117;4;5;5;4;4;4;4;0;0;0;0;0;0;0;0;0;0;0;1;1;0;0;0;0;0;0;0;0;0;0;0;0;0;0;0;0;0;0;0;0;0;0;0;0;1;0;0;0;0;0;0;0;0;0;0;0;0;0;5;2;0;0;3;1;0;0;30;0;JACAREZINHO;REGIÃO NORTE;50;0
0.0;2021-10-31;12;19;22;26;690;34;6;12;20;537;34;0;34;843;59;175;5;4;4;4;5;5;4;0;0;0;0;0;0;0;0;0;0;1;0;1;0;0;0;0;0;0;0;0;0;0;0;0;0;0;0;0;0;0;0;0;0;0;0;0;1;0;0;0;0;0;0;0;0;0;0;0;0;0;5;2;0;0;3;1;0;0;0;0;JACAREZINHO;REGIÃO NORTE;51;0
0.007416169980435872;2021-11-30;14;21;26;29;765;35;1;14;23;575;35;0;35;956;8;22;4;4;4;5;4;4;5;0;0;0;0;0;0;0;0;0;1;0;0;1;0;0;0;0;0;0;0;0;0;0;0;0;0;0;0;0;0;0;0;0;0;0;0;0;1;0;0;0;0;0;0;0;0;0;0;0;0;0;5;2;0;0;3;1;0;0;0;0;JACAREZINHO;REGIÃO NORTE;52;0
0.022566995768688286;2021-12-31;16;22;26;30;798;37;2;16;24;616;37;0;37;979;33;72;4;5;5;4;5;4;4;0;0;1;0;0;0;0;0;0;0;0;0;1;0;0;0;0;0;0;0;0;0;0;0;0;0;0;0;0;0;0;0;0;0;0;0;0;1;0;0;0;0;0;0;0;0;0;0;0;0;0;5;2;0;0;3;1;0;0;0;0;JACAREZINHO;REGIÃO NORTE;53;0
0.06629055007052184;2022-01-31;17;22;26;30;792;35;9;17;24;642;35;0;35;941;44;286;5;4;4;5;4;5;4;0;0;0;0;1;0;0;0;0;0;0;0;0;1;0;0;0;0;0;0;0;0;0;0;0;0;0;0;0;0;0;0;0;0;0;0;0;1;0;0;0;0;0;0;0;0;0;0;0;0;0;5;1;0;0;3;1;31;0;0;0;JACAREZINHO;REGIÃO NORTE;54;1
0.3173483779971792;2022-02-28;18;24;27;30;750;37;3;18;24;583;37;0;37;918;28;95;4;4;4;4;4;4;4;0;0;0;1;0;0;0;0;0;0;0;0;0;1;0;0;0;0;0;0;0;0;0;0;0;0;0;0;0;0;0;0;0;0;0;0;0;1;0;0;0;0;0;0;0;0;0;0;0;0;0;5;1;0;0;3;1;0;1;0;0;JACAREZINHO;REGIÃO NORTE;55;2
0.6050775740479549;2022-03-31;18;22;26;29;805;35;8;18;24;647;35;0;35;963;52;260;4;5;5;4;4;4;5;0;0;0;0;0;0;0;0;1;0;0;0;0;1;0;0;0;0;0;0;0;0;0;0;0;0;0;0;0;0;0;0;0;0;0;0;0;1;0;0;0;0;0;0;0;0;0;0;0;0;0;5;1;0;0;3;1;0;1;0;0;JACAREZINHO;REGIÃO NORTE;56;6
0.44010191546476185;2022-04-30;12;18;23;26;689;32;3;12;20;525;32;0;32;854;37;100;4;4;4;4;5;5;4;1;0;0;0;0;0;0;0;0;0;0;0;0;1;0;0;0;0;0;0;0;0;0;0;0;0;0;0;0;0;0;0;0;0;0;0;0;1;0;0;0;0;0;0;0;0;0;0;0;0;0;5;1;0;0;3;1;0;1;0;0;JACAREZINHO;REGIÃO NORTE;57;4
0.38222849083215793;2022-05-31;6;9;19;25;578;30;3;6;20;418;30;0;30;737;40;100;5;4;4;5;4;4;5;0;0;0;0;0;0;0;1;0;0;0;0;0;1;0;0;0;0;0;0;0;0;0;0;0;0;0;0;0;0;0;0;0;0;0;0;0;1;0;0;0;0;0;0;0;0;0;0;0;0;0;5;1;0;0;3;1;0;0;0;0;JACAREZINHO;REGIÃO NORTE;58;3
0.3527458028117749;2022-06-30;7;13;19;23;567;28;2;7;17;406;28;0;28;728;24;70;4;5;5;4;4;4;4;0;0;0;0;0;0;1;0;0;0;0;0;0;1;0;0;0;0;0;0;0;0;0;0;0;0;0;0;0;0;0;0;0;0;0;0;0;1;0;0;0;0;0;0;0;0;0;0;0;0;0;5;1;0;0;3;1;0;1;0;0;JACAREZINHO;REGIÃO NORTE;59;3
0.18617771509167844;2022-07-31;9;16;21;23;653;30;0;9;17;463;30;0;30;844;2;6;5;4;4;4;5;5;4;0;0;0;0;0;1;0;0;0;0;0;0;0;1;0;0;0;0;0;0;0;0;0;0;0;0;0;0;0;0;0;0;0;0;0;0;0;1;0;0;0;0;0;0;0;0;0;0;0;0;0;5;1;0;0;3;1;0;0;0;0;JACAREZINHO;REGIÃO NORTE;60;1
0.4569816643159379;2022-08-31;7;13;19;25;600;32;6;7;19;420;32;0;32;780;52;176;4;5;4;5;4;4;5;0;1;0;0;0;0;0;0;0;0;0;0;0;1;0;0;0;0;0;0;0;0;0;0;0;0;0;0;0;0;0;0;0;0;0;0;0;1;0;0;0;0;0;0;0;0;0;0;0;0;0;5;1;0;0;3;1;0;0;0;0;JACAREZINHO;REGIÃO NORTE;61;4
0.4073433732198918;2022-09-30;9;16;19;28;580;34;5;9;22;428;34;0;34;733;58;158;4;4;5;4;5;4;4;0;0;0;0;0;0;0;0;0;0;0;1;0;1;0;0;0;0;0;0;0;0;0;0;0;0;0;0;0;0;0;0;0;0;0;0;0;1;0;0;0;0;0;0;0;0;0;0;0;0;0;5;1;0;0;3;1;0;0;0;0;JACAREZINHO;REGIÃO NORTE;62;3
0.39069111424541614;2022-10-31;4;17;23;27;715;34;6;4;21;530;34;0;34;900;63;197;5;4;4;5;4;5;4;0;0;0;0;0;0;0;0;0;0;1;0;0;1;0;0;0;0;0;0;0;0;0;0;0;0;0;0;0;0;0;0;0;0;0;0;0;1;0;0;0;0;0;0;0;0;0;0;0;0;0;5;1;0;0;3;1;0;0;0;0;JACAREZINHO;REGIÃO NORTE;63;3
0.4332772191637472;2022-11-30;10;16;22;25;672;34;1;10;20;476;34;0;34;869;6;25;4;5;4;4;4;4;5;0;0;0;0;0;0;0;0;0;1;0;0;0;1;0;0;0;0;0;0;0;0;0;0;0;0;0;0;0;0;0;0;0;0;0;0;0;1;0;0;0;0;0;0;0;0;0;0;0;0;0;5;1;0;0;3;1;0;0;0;0;JACAREZINHO;REGIÃO NORTE;64;4
0.37517630465444285;2022-12-31;-2;15;24;28;751;35;7;-2;23;583;35;0;35;919;62;221;4;4;5;4;5;5;4;0;0;1;0;0;0;0;0;0;0;0;0;0;1;0;0;0;0;0;0;0;0;0;0;0;0;0;0;0;0;0;0;0;0;0;0;0;1;0;0;0;0;0;0;0;0;0;0;0;0;0;5;1;0;0;3;1;0;0;0;0;JACAREZINHO;REGIÃO NORTE;65;3
0.27926657263751764;2023-01-31;17;20;24;27;757;33;9;17;22;610;33;0;33;903;72;280;5;4;4;5;4;4;5;0;0;0;0;1;0;0;0;0;0;0;0;0;0;1;0;0;0;0;0;0;0;0;0;0;0;0;0;0;0;0;0;0;0;0;0;0;1;0;0;0;0;0;0;0;0;0;0;0;0;0;5;1;0;0;3;1;31;0;0;0;JACAREZINHO;REGIÃO NORTE;66;2
0.5364666272350881;2023-02-28;18;22;25;27;695;34;9;18;22;563;34;0;34;827;65;249;4;4;4;4;4;4;4;0;0;0;1;0;0;0;0;0;0;0;0;0;0;1;0;0;0;0;0;0;0;0;0;0;0;0;0;0;0;0;0;0;0;0;0;0;1;0;0;0;0;0;0;0;0;0;0;0;0;0;5;1;0;0;3;1;0;3;0;0;JACAREZINHO;REGIÃO NORTE;67;5
0.8885754583921016;2023-03-31;18;23;25;28;790;34;9;18;23;621;34;0;34;959;59;277;4;5;5;4;5;4;4;0;0;0;0;0;0;0;0;1;0;0;0;0;0;1;0;0;0;0;0;0;0;0;0;0;0;0;0;0;0;0;0;0;0;0;0;0;1;0;0;0;0;0;0;0;0;0;0;0;0;0;5;1;0;0;3;1;0;0;0;0;JACAREZINHO;REGIÃO NORTE;68;6
0.45511624732699396;2023-04-30;11;18;22;27;666;33;7;11;21;514;33;0;33;818;100;211;5;4;4;4;4;5;4;1;0;0;0;0;0;0;0;0;0;0;0;0;0;1;0;0;0;0;0;0;0;0;0;0;0;0;0;0;0;0;0;0;0;0;0;0;1;0;0;0;0;0;0;0;0;0;0;0;0;0;5;1;0;0;3;1;0;1;0;0;JACAREZINHO;REGIÃO NORTE;69;4
0.48519040902679833;2023-05-31;11;17;20;25;632;30;1;11;20;464;30;0;30;799;23;40;4;5;4;5;4;4;5;0;0;0;0;0;0;0;1;0;0;0;0;0;0;1;0;0;0;0;0;0;0;0;0;0;0;0;0;0;0;0;0;0;0;0;0;0;1;0;0;0;0;0;0;0;0;0;0;0;0;0;5;1;0;0;3;1;0;0;0;0;JACAREZINHO;REGIÃO NORTE;70;5
0.3541107420719778;2023-06-30;9;12;19;23;566;30;5;9;18;399;30;0;30;733;78;148;4;4;5;4;5;4;4;0;0;0;0;0;0;1;0;0;0;0;0;0;0;1;0;0;0;0;0;0;0;0;0;0;0;0;0;0;0;0;0;0;0;0;0;0;1;0;0;0;0;0;0;0;0;0;0;0;0;0;5;1;0;0;3;1;0;1;0;0;JACAREZINHO;REGIÃO NORTE;71;3
0.1918194640338505;2023-07-31;7;13;19;23;601;29;0;7;18;433;29;0;29;768;6;12;5;4;4;5;4;5;4;0;0;0;0;0;1;0;0;0;0;0;0;0;0;1;0;0;0;0;0;0;0;0;0;0;0;0;0;0;0;0;0;0;0;0;0;0;1;0;0;0;0;0;0;0;0;0;0;0;0;0;5;1;0;0;3;1;15;0;0;0;JACAREZINHO;REGIÃO NORTE;72;2
0.5119887165021156;2023-08-31;10;14;22;28;670;34;1;10;22;478;34;0;34;862;16;33;4;5;5;4;4;4;5;0;1;0;0;0;0;0;0;0;0;0;0;0;0;1;0;0;0;0;0;0;0;0;0;0;0;0;0;0;0;0;0;0;0;0;0;0;1;0;0;0;0;0;0;0;0;0;0;0;0;0;5;1;0;0;3;1;0;0;0;0;JACAREZINHO;REGIÃO NORTE;73;5
0.7704172164338686;2023-09-30;10;18;25;31;757;38;3;10;25;560;38;0;38;953;26;80;4;4;4;4;5;5;4;0;0;0;0;0;0;0;0;0;0;0;1;0;0;1;0;0;0;0;0;0;0;0;0;0;0;0;0;0;0;0;0;0;0;0;0;0;1;0;0;0;0;0;0;0;0;0;0;0;0;0;5;1;0;0;3;1;0;0;0;0;JACAREZINHO;REGIÃO NORTE;74;6
0.6036671368124119;2023-10-31;16;21;25;30;781;36;8;16;24;598;36;0;36;963;59;235;5;4;4;5;4;4;5;0;0;0;0;0;0;0;0;0;0;1;0;0;0;1;0;0;0;0;0;0;0;0;0;0;0;0;0;0;0;0;0;0;0;0;0;0;1;0;0;0;0;0;0;0;0;0;0;0;0;0;5;1;0;0;3;1;0;0;0;0;JACAREZINHO;REGIÃO NORTE;75;6
0.8618681468674644;2023-11-30;13;20;26;32;779;39;7;13;26;594;39;0;39;963;40;223;4;5;5;4;4;4;4;0;0;0;0;0;0;0;0;0;1;0;0;0;0;1;0;0;0;0;0;0;0;0;0;0;0;0;0;0;0;0;0;0;0;0;0;0;1;0;0;0;0;0;0;0;0;0;0;0;0;0;5;1;0;0;3;1;0;0;0;0;JACAREZINHO;REGIÃO NORTE;76;6
0.6572637517630465;2023-12-31;17;24;27;30;839;37;2;17;24;649;37;0;37;1029;29;76;5;4;4;4;5;5;4;0;0;1;0;0;0;0;0;0;0;0;0;0;0;1;0;0;0;0;0;0;0;0;0;0;0;0;0;0;0;0;0;0;0;0;0;0;1;0;0;0;0;0;0;0;0;0;0;0;0;0;5;1;0;0;3;1;0;0;0;0;JACAREZINHO;REGIÃO NORTE;77;6
0.3342736248236954;2024-01-31;15;20;26;30;803;37;3;15;24;627;37;0;37;979;25;89;4;5;4;5;4;4;5;0;0;0;0;1;0;0;0;0;0;0;0;0;0;0;1;0;0;0;0;0;0;0;0;0;0;0;0;0;0;0;0;0;0;0;0;0;1;0;0;0;0;0;0;0;0;0;0;0;0;0;5;1;0;0;3;1;31;0;0;0;JACAREZINHO;REGIÃO NORTE;78;2
0.8371627462577916;2024-02-29;19;23;27;30;786;37;6;19;25;623;37;0;37;950;60;186;4;4;5;4;4;4;4;0;0;0;1;0;0;0;0;0;0;0;0;0;0;0;1;0;0;0;0;0;0;0;0;0;0;0;0;0;0;0;0;0;0;0;0;0;1;0;0;0;0;0;0;0;0;0;0;0;0;0;5;1;0;0;3;1;0;3;0;0;JACAREZINHO;REGIÃO NORTE;79;6
0.9999999999999999;2024-03-31;18;20;27;31;823;36;2;18;25;657;36;0;36;989;33;77;5;4;4;4;5;5;4;0;0;0;0;0;0;0;0;1;0;0;0;0;0;0;1;0;0;0;0;0;0;0;0;0;0;0;0;0;0;0;0;0;0;0;0;0;1;0;0;0;0;0;0;0;0;0;0;0;0;0;5;1;0;0;3;1;0;1;0;0;JACAREZINHO;REGIÃO NORTE;80;6
0.3117976250056873;2024-04-30;14;20;25;28;759;34;1;14;23;605;34;0;34;912;16;40;4;4;4;5;4;4;5;1;0;0;0;0;0;0;0;0;0;0;0;0;0;0;1;0;0;0;0;0;0;0;0;0;0;0;0;0;0;0;0;0;0;0;0;0;1;0;0;0;0;0;0;0;0;0;0;0;0;0;5;1;0;0;3;1;0;0;0;0;JACAREZINHO;REGIÃO NORTE;81;2
0.1706629055007052;2024-05-31;7;14;23;28;710;34;0;7;22;549;34;0;34;870;5;12;4;5;5;4;5;4;4;0;0;0;0;0;0;0;1;0;0;0;0;0;0;0;1;0;0;0;0;0;0;0;0;0;0;0;0;0;0;0;0;0;0;0;0;0;1;0;0;0;0;0;0;0;0;0;0;0;0;0;5;1;0;0;3;1;0;1;0;30;JACAREZINHO;REGIÃO NORTE;82;1
0.0934073433732199;2024-06-30;11;18;23;25;675;31;0;11;19;494;31;0;31;857;3;5;5;4;4;4;4;5;4;0;0;0;0;0;0;1;0;0;0;0;0;0;0;0;1;0;0;0;0;0;0;0;0;0;0;0;0;0;0;0;0;0;0;0;0;0;1;0;0;0;0;0;0;0;0;0;0;0;0;0;5;1;0;0;3;1;0;0;0;30;JACAREZINHO;REGIÃO NORTE;83;1
0.2919605077574048;2024-07-31;7;14;18;23;566;30;2;7;17;386;30;0;30;747;40;70;4;5;4;5;4;4;5;0;0;0;0;0;1;0;0;0;0;0;0;0;0;0;1;0;0;0;0;0;0;0;0;0;0;0;0;0;0;0;0;0;0;0;0;0;1;0;0;0;0;0;0;0;0;0;0;0;0;0;5;1;0;0;3;1;12;0;0;0;JACAREZINHO;REGIÃO NORTE;84;2
0.4936530324400564;2024-08-31;3;11;20;26;624;36;2;3;18;378;36;0;36;871;37;47;4;4;5;4;5;5;4;0;1;0;0;0;0;0;0;0;0;0;0;0;0;0;1;0;0;0;0;0;0;0;0;0;0;0;0;0;0;0;0;0;0;0;0;0;1;0;0;0;0;0;0;0;0;0;0;0;0;0;5;1;0;0;3;1;0;0;0;0;JACAREZINHO;REGIÃO NORTE;85;5
0.7267391601073753;2024-09-30;14;17;24;29;727;39;1;14;20;503;39;0;39;950;8;19;5;4;4;5;4;4;4;0;0;0;0;0;0;0;0;0;0;0;1;0;0;0;1;0;0;0;0;0;0;0;0;0;0;0;0;0;0;0;0;0;0;0;0;0;1;0;0;0;0;0;0;0;0;0;0;0;0;0;5;1;0;0;3;1;0;0;0;0;JACAREZINHO;REGIÃO NORTE;86;6
0.7545839210155149;2024-10-31;14;17;23;28;719;38;3;14;22;557;38;0;38;881;31;99;4;5;5;4;4;4;5;0;0;0;0;0;0;0;0;0;0;1;0;0;0;0;1;0;0;0;0;0;0;0;0;0;0;0;0;0;0;0;0;0;0;0;0;0;1;0;0;0;0;0;0;0;0;0;0;0;0;0;5;1;0;0;3;1;0;0;0;0;JACAREZINHO;REGIÃO NORTE;87;6
0.2891513560804899;2015-08-31;8;15;19;21;587;31;2;8;15;380;31;0;31;794;38;73;5;4;4;5;4;5;4;0;1;0;0;0;0;0;0;0;0;0;0;0;0;0;0;1;0;0;0;0;0;0;0;0;0;0;0;0;0;0;0;0;0;0;0;0;0;1;0;0;0;0;0;0;0;0;0;0;0;0;1;0;0;0;0;0;0;0;0;0;JAGUARIAÍVA;REGIÃO CENTRAL;1;1
0.2852143482064742;2015-09-30;5;13;20;26;606;34;6;5;20;438;34;0;34;775;58;181;4;5;4;4;4;4;5;0;0;0;0;0;0;0;0;0;0;0;1;0;0;0;0;1;0;0;0;0;0;0;0;0;0;0;0;0;0;0;0;0;0;0;0;0;0;1;0;0;0;0;0;0;0;0;0;0;0;0;1;0;0;0;0;0;0;0;0;0;JAGUARIAÍVA;REGIÃO CENTRAL;2;1
0.3015456401283173;2015-10-31;13;17;21;26;655;33;11;13;21;510;33;0;33;800;133;332;4;4;5;4;5;5;4;0;0;0;0;0;0;0;0;0;0;1;0;0;0;0;0;1;0;0;0;0;0;0;0;0;0;0;0;0;0;0;0;0;0;0;0;0;0;1;0;0;0;0;0;0;0;0;0;0;0;0;1;0;0;0;0;0;0;0;0;0;JAGUARIAÍVA;REGIÃO CENTRAL;3;1
0.3171478565179353;2015-11-30;14;17;21;24;628;31;14;14;19;512;31;0;31;744;143;422;5;4;4;5;4;4;4;0;0;0;0;0;0;0;0;0;1;0;0;0;0;0;0;1;0;0;0;0;0;0;0;0;0;0;0;0;0;0;0;0;0;0;0;0;0;1;0;0;0;0;0;0;0;0;0;0;0;0;1;0;0;0;0;0;0;0;0;0;JAGUARIAÍVA;REGIÃO CENTRAL;4;1
0.23126275882181394;2015-12-31;15;19;23;25;700;31;6;15;21;577;31;0;31;822;35;179;4;5;5;4;4;4;5;0;0;1;0;0;0;0;0;0;0;0;0;0;0;0;0;1;0;0;0;0;0;0;0;0;0;0;0;0;0;0;0;0;0;0;0;0;0;1;0;0;0;0;0;0;0;0;0;0;0;0;1;0;0;0;0;0;0;0;0;0;JAGUARIAÍVA;REGIÃO CENTRAL;5;1
0.24628171478565183;2016-01-31;14;20;23;26;710;31;6;14;21;567;31;0;31;852;55;185;5;4;4;4;5;5;4;0;0;0;0;1;0;0;0;0;0;0;0;0;0;0;0;0;1;0;0;0;0;0;0;0;0;0;0;0;0;0;0;0;0;0;0;0;0;1;0;0;0;0;0;0;0;0;0;0;0;0;1;0;0;0;0;0;31;0;0;0;JAGUARIAÍVA;REGIÃO CENTRAL;6;1
0.33420822397200356;2016-02-29;18;21;24;26;692;31;10;18;22;578;31;0;31;806;44;281;4;4;4;5;4;4;4;0;0;0;1;0;0;0;0;0;0;0;0;0;0;0;0;0;1;0;0;0;0;0;0;0;0;0;0;0;0;0;0;0;0;0;0;0;0;1;0;0;0;0;0;0;0;0;0;0;0;0;1;0;0;0;0;0;0;3;0;0;JAGUARIAÍVA;REGIÃO CENTRAL;7;2
0.44852726742490534;2016-03-31;14;20;22;25;686;31;5;14;20;543;31;0;31;829;65;142;4;5;5;4;4;4;5;0;0;0;0;0;0;0;0;1;0;0;0;0;0;0;0;0;1;0;0;0;0;0;0;0;0;0;0;0;0;0;0;0;0;0;0;0;0;1;0;0;0;0;0;0;0;0;0;0;0;0;1;0;0;0;0;0;0;1;0;0;JAGUARIAÍVA;REGIÃO CENTRAL;8;3
0.44400699912510944;2016-04-30;3;10;22;27;674;32;3;3;21;519;32;0;32;828;55;86;4;4;4;4;5;5;4;1;0;0;0;0;0;0;0;0;0;0;0;0;0;0;0;0;1;0;0;0;0;0;0;0;0;0;0;0;0;0;0;0;0;0;0;0;0;1;0;0;0;0;0;0;0;0;0;0;0;0;1;0;0;0;0;0;0;0;0;0;JAGUARIAÍVA;REGIÃO CENTRAL;9;2
0.5925925925925927;2016-05-31;6;12;16;20;507;26;7;6;18;385;26;0;26;629;40;203;5;4;4;5;4;4;5;0;0;0;0;0;0;0;1;0;0;0;0;0;0;0;0;0;1;0;0;0;0;0;0;0;0;0;0;0;0;0;0;0;0;0;0;0;0;1;0;0;0;0;0;0;0;0;0;0;0;0;1;0;0;0;0;0;0;1;0;0;JAGUARIAÍVA;REGIÃO CENTRAL;10;5
0.5761154855643046;2016-06-30;-1;8;13;18;400;24;2;-1;15;244;24;0;24;555;15;56;4;5;5;4;4;4;4;0;0;0;0;0;0;1;0;0;0;0;0;0;0;0;0;0;1;0;0;0;0;0;0;0;0;0;0;0;0;0;0;0;0;0;0;0;0;1;0;0;0;0;0;0;0;0;0;0;0;0;1;0;0;0;0;0;0;0;0;0;JAGUARIAÍVA;REGIÃO CENTRAL;11;5
0.4983960338291048;2016-07-31;2;10;16;20;489;27;4;2;16;305;27;0;27;673;73;119;5;4;4;4;5;5;4;0;0;0;0;0;1;0;0;0;0;0;0;0;0;0;0;0;1;0;0;0;0;0;0;0;0;0;0;0;0;0;0;0;0;0;0;0;0;1;0;0;0;0;0;0;0;0;0;0;0;0;1;0;0;0;0;0;14;0;0;0;JAGUARIAÍVA;REGIÃO CENTRAL;12;3
0.5650335374744825;2016-08-31;4;11;17;21;516;30;10;4;16;347;30;0;30;684;59;308;4;5;4;5;4;4;5;0;1;0;0;0;0;0;0;0;0;0;0;0;0;0;0;0;1;0;0;0;0;0;0;0;0;0;0;0;0;0;0;0;0;0;0;0;0;1;0;0;0;0;0;0;0;0;0;0;0;0;1;0;0;0;0;0;0;0;0;0;JAGUARIAÍVA;REGIÃO CENTRAL;13;5
0.5367454068241471;2016-09-30;5;13;18;23;542;30;3;5;17;347;30;0;30;737;52;104;4;4;5;4;5;4;4;0;0;0;0;0;0;0;0;0;0;0;1;0;0;0;0;0;1;0;0;0;0;0;0;0;0;0;0;0;0;0;0;0;0;0;0;0;0;1;0;0;0;0;0;0;0;0;0;0;0;0;1;0;0;0;0;0;0;0;0;0;JAGUARIAÍVA;REGIÃO CENTRAL;14;4
0.5026246719160106;2016-10-31;9;16;20;26;611;33;7;9;19;448;33;0;33;774;48;232;5;4;4;5;4;5;4;0;0;0;0;0;0;0;0;0;0;1;0;0;0;0;0;0;1;0;0;0;0;0;0;0;0;0;0;0;0;0;0;0;0;0;0;0;0;1;0;0;0;0;0;0;0;0;0;0;0;0;1;0;0;0;0;0;0;0;0;0;JAGUARIAÍVA;REGIÃO CENTRAL;15;3
0.5118110236220473;2016-11-30;10;16;21;26;632;30;3;10;21;486;30;0;30;777;30;96;4;5;4;4;4;4;5;0;0;0;0;0;0;0;0;0;1;0;0;0;0;0;0;0;1;0;0;0;0;0;0;0;0;0;0;0;0;0;0;0;0;0;0;0;0;1;0;0;0;0;0;0;0;0;0;0;0;0;1;0;0;0;0;0;0;0;0;0;JAGUARIAÍVA;REGIÃO CENTRAL;16;3
0.42957130358705164;2016-12-31;12;16;22;27;687;32;3;12;22;555;32;0;32;819;34;99;4;4;5;4;5;5;4;0;0;1;0;0;0;0;0;0;0;0;0;0;0;0;0;0;1;0;0;0;0;0;0;0;0;0;0;0;0;0;0;0;0;0;0;0;0;1;0;0;0;0;0;0;0;0;0;0;0;0;1;0;0;0;0;0;0;0;0;0;JAGUARIAÍVA;REGIÃO CENTRAL;17;2
0.40536599591717704;2017-01-31;15;21;24;27;737;31;5;15;22;601;31;0;31;872;17;146;5;4;4;5;4;4;5;0;0;0;0;1;0;0;0;0;0;0;0;0;0;0;0;0;0;1;0;0;0;0;0;0;0;0;0;0;0;0;0;0;0;0;0;0;0;1;0;0;0;0;0;0;0;0;0;0;0;0;1;0;0;0;0;0;31;0;0;0;JAGUARIAÍVA;REGIÃO CENTRAL;18;2
0.4565470982793818;2017-02-28;17;22;24;27;674;32;5;17;22;540;32;0;32;808;41;127;4;4;4;4;4;4;4;0;0;0;1;0;0;0;0;0;0;0;0;0;0;0;0;0;0;1;0;0;0;0;0;0;0;0;0;0;0;0;0;0;0;0;0;0;0;1;0;0;0;0;0;0;0;0;0;0;0;0;1;0;0;0;0;0;0;2;0;0;JAGUARIAÍVA;REGIÃO CENTRAL;19;3
0.6324001166520853;2017-03-31;14;18;22;26;687;31;4;14;22;554;31;0;31;819;23;115;4;5;5;4;5;4;4;0;0;0;0;0;0;0;0;1;0;0;0;0;0;0;0;0;0;1;0;0;0;0;0;0;0;0;0;0;0;0;0;0;0;0;0;0;0;1;0;0;0;0;0;0;0;0;0;0;0;0;1;0;0;0;0;0;0;1;0;0;JAGUARIAÍVA;REGIÃO CENTRAL;20;5
0.5402449693788277;2017-04-30;6;14;20;24;590;28;3;6;20;459;28;0;28;720;23;78;5;4;4;4;4;5;4;1;0;0;0;0;0;0;0;0;0;0;0;0;0;0;0;0;0;1;0;0;0;0;0;0;0;0;0;0;0;0;0;0;0;0;0;0;0;1;0;0;0;0;0;0;0;0;0;0;0;0;1;0;0;0;0;0;0;1;0;0;JAGUARIAÍVA;REGIÃO CENTRAL;21;4
0.5839895013123361;2017-05-31;12;16;19;23;579;28;11;12;19;452;28;0;28;705;122;329;4;5;4;5;4;4;5;0;0;0;0;0;0;0;1;0;0;0;0;0;0;0;0;0;0;1;0;0;0;0;0;0;0;0;0;0;0;0;0;0;0;0;0;0;0;1;0;0;0;0;0;0;0;0;0;0;0;0;1;0;0;0;0;0;0;0;0;0;JAGUARIAÍVA;REGIÃO CENTRAL;22;5
0.5411198600174979;2017-06-30;3;11;17;22;498;27;8;3;18;333;27;0;27;663;120;244;4;4;5;4;5;4;4;0;0;0;0;0;0;1;0;0;0;0;0;0;0;0;0;0;0;1;0;0;0;0;0;0;0;0;0;0;0;0;0;0;0;0;0;0;0;1;0;0;0;0;0;0;0;0;0;0;0;0;1;0;0;0;0;0;0;1;0;0;JAGUARIAÍVA;REGIÃO CENTRAL;23;4
0.46864975211431914;2017-07-31;0;8;16;19;488;27;0;0;12;277;27;0;27;700;0;0;5;4;4;5;4;5;4;0;0;0;0;0;1;0;0;0;0;0;0;0;0;0;0;0;0;1;0;0;0;0;0;0;0;0;0;0;0;0;0;0;0;0;0;0;0;1;0;0;0;0;0;0;0;0;0;0;0;0;1;0;0;0;0;0;16;0;0;0;JAGUARIAÍVA;REGIÃO CENTRAL;24;3
0.5250801983085448;2017-08-31;6;12;18;22;545;31;5;6;16;364;31;0;31;726;40;167;4;5;5;4;4;4;5;0;1;0;0;0;0;0;0;0;0;0;0;0;0;0;0;0;0;1;0;0;0;0;0;0;0;0;0;0;0;0;0;0;0;0;0;0;0;1;0;0;0;0;0;0;0;0;0;0;0;0;1;0;0;0;0;0;0;0;0;0;JAGUARIAÍVA;REGIÃO CENTRAL;25;4
0.48993875765529316;2017-09-30;11;17;22;24;654;32;2;11;19;455;32;0;32;852;34;64;4;4;4;4;5;5;4;0;0;0;0;0;0;0;0;0;0;0;1;0;0;0;0;0;0;1;0;0;0;0;0;0;0;0;0;0;0;0;0;0;0;0;0;0;0;1;0;0;0;0;0;0;0;0;0;0;0;0;1;0;0;0;0;0;0;0;0;0;JAGUARIAÍVA;REGIÃO CENTRAL;26;3
0.4881889763779528;2017-10-31;8;16;20;26;631;33;15;8;19;457;33;0;33;805;87;465;5;4;4;5;4;4;5;0;0;0;0;0;0;0;0;0;0;1;0;0;0;0;0;0;0;1;0;0;0;0;0;0;0;0;0;0;0;0;0;0;0;0;0;0;0;1;0;0;0;0;0;0;0;0;0;0;0;0;1;0;0;0;0;0;0;0;0;0;JAGUARIAÍVA;REGIÃO CENTRAL;27;3
0.5026246719160106;2017-11-30;11;17;21;25;619;32;6;11;19;464;32;0;32;774;37;176;4;5;5;4;4;4;4;0;0;0;0;0;0;0;0;0;1;0;0;0;0;0;0;0;0;1;0;0;0;0;0;0;0;0;0;0;0;0;0;0;0;0;0;0;0;1;0;0;0;0;0;0;0;0;0;0;0;0;1;0;0;0;0;0;0;0;0;0;JAGUARIAÍVA;REGIÃO CENTRAL;28;3
0.3775153105861767;2017-12-31;15;19;22;27;696;32;5;15;22;568;32;0;32;823;35;164;5;4;4;4;5;5;4;0;0;1;0;0;0;0;0;0;0;0;0;0;0;0;0;0;0;1;0;0;0;0;0;0;0;0;0;0;0;0;0;0;0;0;0;0;0;1;0;0;0;0;0;0;0;0;0;0;0;0;1;0;0;0;0;0;0;0;0;0;JAGUARIAÍVA;REGIÃO CENTRAL;29;2
0.34076990376202976;2018-01-31;16;19;23;25;707;31;5;16;21;582;31;0;31;831;17;145;4;5;4;5;4;4;5;0;0;0;0;1;0;0;0;0;0;0;0;0;0;0;0;0;0;0;1;0;0;0;0;0;0;0;0;0;0;0;0;0;0;0;0;0;0;1;0;0;0;0;0;0;0;0;0;0;0;0;1;0;0;0;0;0;31;0;0;0;JAGUARIAÍVA;REGIÃO CENTRAL;30;2
0.38553514144065326;2018-02-28;15;18;22;25;611;30;2;15;21;485;30;0;30;737;14;51;4;4;4;4;4;4;4;0;0;0;1;0;0;0;0;0;0;0;0;0;0;0;0;0;0;0;1;0;0;0;0;0;0;0;0;0;0;0;0;0;0;0;0;0;0;1;0;0;0;0;0;0;0;0;0;0;0;0;1;0;0;0;0;1;0;3;0;0;JAGUARIAÍVA;REGIÃO CENTRAL;31;2
0.5368912219305921;2018-03-31;16;20;23;26;724;31;5;16;22;589;31;0;31;858;42;140;4;4;5;4;5;5;4;0;0;0;0;0;0;0;0;1;0;0;0;0;0;0;0;0;0;0;1;0;0;0;0;0;0;0;0;0;0;0;0;0;0;0;0;0;0;1;0;0;0;0;0;0;0;0;0;0;0;0;1;0;0;0;0;1;0;1;0;0;JAGUARIAÍVA;REGIÃO CENTRAL;32;4
0.5328083989501313;2018-04-30;12;19;21;24;644;29;1;12;20;480;29;0;29;808;13;20;5;4;4;5;4;4;4;1;0;0;0;0;0;0;0;0;0;0;0;0;0;0;0;0;0;0;1;0;0;0;0;0;0;0;0;0;0;0;0;0;0;0;0;0;0;1;0;0;0;0;0;0;0;0;0;0;0;0;1;0;0;0;0;1;0;0;0;0;JAGUARIAÍVA;REGIÃO CENTRAL;33;4
0.5610965296004667;2018-05-31;5;13;18;22;573;29;3;5;17;406;29;0;29;740;88;104;4;5;5;4;4;4;5;0;0;0;0;0;0;0;1;0;0;0;0;0;0;0;0;0;0;0;1;0;0;0;0;0;0;0;0;0;0;0;0;0;0;0;0;0;0;1;0;0;0;0;0;0;0;0;0;0;0;0;1;0;0;0;0;1;0;1;0;0;JAGUARIAÍVA;REGIÃO CENTRAL;34;5
0.5433070866141733;2018-06-30;4;11;16;22;492;29;3;4;19;351;29;0;29;632;47;95;4;4;4;4;5;5;4;0;0;0;0;0;0;1;0;0;0;0;0;0;0;0;0;0;0;0;1;0;0;0;0;0;0;0;0;0;0;0;0;0;0;0;0;0;0;1;0;0;0;0;0;0;0;0;0;0;0;0;1;0;0;0;0;1;0;0;0;0;JAGUARIAÍVA;REGIÃO CENTRAL;35;4
0.49445902595508906;2018-07-31;3;10;18;22;546;28;1;3;16;351;28;0;28;740;25;27;5;4;4;5;4;4;5;0;0;0;0;0;1;0;0;0;0;0;0;0;0;0;0;0;0;0;1;0;0;0;0;0;0;0;0;0;0;0;0;0;0;0;0;0;0;1;0;0;0;0;0;0;0;0;0;0;0;0;1;0;0;0;0;1;16;0;0;0;JAGUARIAÍVA;REGIÃO CENTRAL;36;3
0.5233304170312045;2018-08-31;3;12;16;22;499;30;7;3;15;330;30;0;30;668;58;202;4;5;5;4;5;4;4;0;1;0;0;0;0;0;0;0;0;0;0;0;0;0;0;0;0;0;1;0;0;0;0;0;0;0;0;0;0;0;0;0;0;0;0;0;0;1;0;0;0;0;0;0;0;0;0;0;0;0;1;0;0;0;0;1;0;0;0;0;JAGUARIAÍVA;REGIÃO CENTRAL;37;4
0.5411198600174979;2018-09-30;6;14;19;25;579;32;4;6;19;424;32;0;32;734;27;119;5;4;4;4;4;5;4;0;0;0;0;0;0;0;0;0;0;0;1;0;0;0;0;0;0;0;1;0;0;0;0;0;0;0;0;0;0;0;0;0;0;0;0;0;0;1;0;0;0;0;0;0;0;0;0;0;0;0;1;0;0;0;0;1;0;0;0;0;JAGUARIAÍVA;REGIÃO CENTRAL;38;4
0.5567220764071159;2018-10-31;13;15;20;24;623;29;6;13;19;497;29;0;29;749;23;176;4;5;4;5;4;4;5;0;0;0;0;0;0;0;0;0;0;1;0;0;0;0;0;0;0;0;1;0;0;0;0;0;0;0;0;0;0;0;0;0;0;0;0;0;0;1;0;0;0;0;0;0;0;0;0;0;0;0;1;0;0;0;0;1;0;0;0;0;JAGUARIAÍVA;REGIÃO CENTRAL;39;4
0.5240594925634297;2018-11-30;12;17;21;26;636;32;3;12;21;478;32;0;32;794;27;84;4;4;5;4;5;4;4;0;0;0;0;0;0;0;0;0;1;0;0;0;0;0;0;0;0;0;1;0;0;0;0;0;0;0;0;0;0;0;0;0;0;0;0;0;0;1;0;0;0;0;0;0;0;0;0;0;0;0;1;0;0;0;0;1;0;0;0;0;JAGUARIAÍVA;REGIÃO CENTRAL;40;4
0.3756197142023914;2018-12-31;13;18;24;26;733;33;2;13;23;565;33;0;33;900;23;65;5;4;4;5;4;5;4;0;0;1;0;0;0;0;0;0;0;0;0;0;0;0;0;0;0;0;1;0;0;0;0;0;0;0;0;0;0;0;0;0;0;0;0;0;0;1;0;0;0;0;0;0;0;0;0;0;0;0;1;0;0;0;0;1;0;0;0;0;JAGUARIAÍVA;REGIÃO CENTRAL;41;2
0.3266258384368621;2019-01-31;18;23;25;27;780;34;3;18;23;633;34;0;34;927;20;94;4;5;5;4;4;4;5;0;0;0;0;1;0;0;0;0;0;0;0;0;0;0;0;0;0;0;0;1;0;0;0;0;0;0;0;0;0;0;0;0;0;0;0;0;0;1;0;0;0;0;0;0;0;0;0;0;0;0;1;0;0;0;0;1;31;0;0;0;JAGUARIAÍVA;REGIÃO CENTRAL;42;1
0.42461358996792076;2019-02-28;15;19;23;27;642;34;6;15;22;520;34;0;34;764;53;161;4;4;4;4;4;4;4;0;0;0;1;0;0;0;0;0;0;0;0;0;0;0;0;0;0;0;0;1;0;0;0;0;0;0;0;0;0;0;0;0;0;0;0;0;0;1;0;0;0;0;0;0;0;0;0;0;0;0;2;0;0;0;1;1;0;0;0;0;JAGUARIAÍVA;REGIÃO CENTRAL;43;2
0.5899679206765822;2019-03-31;15;19;23;25;704;30;4;15;21;572;30;0;30;835;36;134;5;4;4;4;5;5;4;0;0;0;0;0;0;0;0;1;0;0;0;0;0;0;0;0;0;0;0;1;0;0;0;0;0;0;0;0;0;0;0;0;0;0;0;0;0;1;0;0;0;0;0;0;0;0;0;0;0;0;2;0;0;0;1;1;0;3;0;0;JAGUARIAÍVA;REGIÃO CENTRAL;44;5
0.5857392825896763;2019-04-30;12;19;22;25;650;28;2;12;21;517;28;0;28;783;27;71;4;4;4;5;4;4;5;1;0;0;0;0;0;0;0;0;0;0;0;0;0;0;0;0;0;0;0;1;0;0;0;0;0;0;0;0;0;0;0;0;0;0;0;0;0;1;0;0;0;0;0;0;0;0;0;0;0;0;2;0;0;0;1;1;0;1;0;0;JAGUARIAÍVA;REGIÃO CENTRAL;45;5
0.5845727617381161;2019-05-31;9;14;19;24;595;29;5;9;20;480;29;0;29;711;52;158;4;5;5;4;5;4;4;0;0;0;0;0;0;0;1;0;0;0;0;0;0;0;0;0;0;0;0;1;0;0;0;0;0;0;0;0;0;0;0;0;0;0;0;0;0;1;0;0;0;0;0;0;0;0;0;0;0;0;2;0;0;0;1;1;0;0;0;0;JAGUARIAÍVA;REGIÃO CENTRAL;46;5
0.5336832895888015;2019-06-30;6;12;18;22;539;28;3;6;16;378;28;0;28;700;56;93;5;4;4;4;4;5;4;0;0;0;0;0;0;1;0;0;0;0;0;0;0;0;0;0;0;0;0;1;0;0;0;0;0;0;0;0;0;0;0;0;0;0;0;0;0;1;0;0;0;0;0;0;0;0;0;0;0;0;2;0;0;0;1;1;0;1;0;0;JAGUARIAÍVA;REGIÃO CENTRAL;47;4
0.45713035870516194;2019-07-31;-1;7;16;22;506;27;2;-1;17;321;27;0;27;690;44;75;4;5;4;5;4;4;5;0;0;0;0;0;1;0;0;0;0;0;0;0;0;0;0;0;0;0;0;1;0;0;0;0;0;0;0;0;0;0;0;0;0;0;0;0;0;1;0;0;0;0;0;0;0;0;0;0;0;0;2;0;0;0;1;1;16;0;0;0;JAGUARIAÍVA;REGIÃO CENTRAL;48;3
0.5454943132108487;2019-08-31;4;10;17;22;528;30;0;4;16;344;30;0;30;712;9;12;4;4;5;4;5;5;4;0;1;0;0;0;0;0;0;0;0;0;0;0;0;0;0;0;0;0;0;1;0;0;0;0;0;0;0;0;0;0;0;0;0;0;0;0;0;1;0;0;0;0;0;0;0;0;0;0;0;0;2;0;0;0;1;1;0;0;0;0;JAGUARIAÍVA;REGIÃO CENTRAL;49;4
0.6198600174978128;2019-09-30;10;14;20;27;604;33;5;10;21;449;33;0;33;760;49;143;5;4;4;5;4;4;4;0;0;0;0;0;0;0;0;0;0;0;1;0;0;0;0;0;0;0;0;1;0;0;0;0;0;0;0;0;0;0;0;0;0;0;0;0;0;1;0;0;0;0;0;0;0;0;0;0;0;0;2;0;0;0;1;1;0;0;0;0;JAGUARIAÍVA;REGIÃO CENTRAL;50;5
0.6291921843102947;2019-10-31;12;17;23;27;699;35;3;12;22;520;35;0;35;879;49;80;4;5;5;4;4;4;5;0;0;0;0;0;0;0;0;0;0;1;0;0;0;0;0;0;0;0;0;1;0;0;0;0;0;0;0;0;0;0;0;0;0;0;0;0;0;1;0;0;0;0;0;0;0;0;0;0;0;0;2;0;0;0;1;1;0;0;0;0;JAGUARIAÍVA;REGIÃO CENTRAL;51;5
0.5638670166229223;2019-11-30;13;18;22;26;652;33;5;13;20;493;33;0;33;812;53;164;4;4;4;4;5;5;4;0;0;0;0;0;0;0;0;0;1;0;0;0;0;0;0;0;0;0;0;1;0;0;0;0;0;0;0;0;0;0;0;0;0;0;0;0;0;1;0;0;0;0;0;0;0;0;0;0;0;0;2;0;0;0;1;1;0;0;0;0;JAGUARIAÍVA;REGIÃO CENTRAL;52;5
0.3783902012248469;2019-12-31;14;18;22;26;679;31;6;14;20;539;31;0;31;820;72;190;5;4;4;5;4;4;5;0;0;1;0;0;0;0;0;0;0;0;0;0;0;0;0;0;0;0;0;1;0;0;0;0;0;0;0;0;0;0;0;0;0;0;0;0;0;1;0;0;0;0;0;0;0;0;0;0;0;0;2;0;0;0;1;1;0;0;0;0;JAGUARIAÍVA;REGIÃO CENTRAL;53;2
0.3304170312044328;2020-01-31;15;19;23;26;716;31;5;15;22;589;31;0;31;843;37;140;4;5;5;4;5;4;4;0;0;0;0;1;0;0;0;0;0;0;0;0;0;0;0;0;0;0;0;0;1;0;0;0;0;0;0;0;0;0;0;0;0;0;0;0;0;1;0;0;0;0;0;0;0;0;0;0;0;0;2;0;0;0;1;1;31;0;0;0;JAGUARIAÍVA;REGIÃO CENTRAL;54;1
0.4368620589093031;2020-02-29;13;19;22;26;648;32;3;13;22;527;32;0;32;769;18;76;4;4;4;4;4;5;4;0;0;0;1;0;0;0;0;0;0;0;0;0;0;0;0;0;0;0;0;0;1;0;0;0;0;0;0;0;0;0;0;0;0;0;0;0;0;1;0;0;0;0;0;0;0;0;0;0;0;0;2;0;0;0;1;1;0;3;0;0;JAGUARIAÍVA;REGIÃO CENTRAL;55;2
0.27996500437445326;2020-03-31;14;20;22;26;682;33;1;14;21;513;33;0;33;852;14;24;5;4;4;5;4;4;5;0;0;0;0;0;0;0;0;1;0;0;0;0;0;0;0;0;0;0;0;0;1;0;0;0;0;0;0;0;0;0;0;0;0;0;0;0;0;1;0;0;0;0;0;0;0;0;0;0;0;0;2;0;0;0;1;1;0;0;15;0;JAGUARIAÍVA;REGIÃO CENTRAL;56;1
0.04768153980752407;2020-04-30;8;16;20;24;596;30;2;8;19;420;30;0;30;773;45;63;4;5;5;4;4;4;4;1;0;0;0;0;0;0;0;0;0;0;0;0;0;0;0;0;0;0;0;0;1;0;0;0;0;0;0;0;0;0;0;0;0;0;0;0;0;1;0;0;0;0;0;0;0;0;0;0;0;0;2;0;0;0;1;1;0;1;30;0;JAGUARIAÍVA;REGIÃO CENTRAL;57;0
0.0;2020-05-31;6;13;17;22;530;27;3;6;17;343;27;0;27;717;82;93;5;4;4;4;5;5;4;0;0;0;0;0;0;0;1;0;0;0;0;0;0;0;0;0;0;0;0;0;1;0;0;0;0;0;0;0;0;0;0;0;0;0;0;0;0;1;0;0;0;0;0;0;0;0;0;0;0;0;2;0;0;0;1;1;0;0;31;0;JAGUARIAÍVA;REGIÃO CENTRAL;58;0
0.06386701662292213;2020-06-30;9;13;17;21;524;27;8;9;18;390;27;0;27;657;115;227;4;4;4;5;4;4;5;0;0;0;0;0;0;1;0;0;0;0;0;0;0;0;0;0;0;0;0;0;1;0;0;0;0;0;0;0;0;0;0;0;0;0;0;0;0;1;0;0;0;0;0;0;0;0;0;0;0;0;2;0;0;0;1;1;0;1;30;0;JAGUARIAÍVA;REGIÃO CENTRAL;59;0
0.19247594050743658;2020-07-31;4;9;16;21;500;27;2;4;16;326;27;0;27;675;48;58;4;5;5;4;5;4;4;0;0;0;0;0;1;0;0;0;0;0;0;0;0;0;0;0;0;0;0;0;1;0;0;0;0;0;0;0;0;0;0;0;0;0;0;0;0;1;0;0;0;0;0;0;0;0;0;0;0;0;2;0;0;0;1;1;0;0;31;0;JAGUARIAÍVA;REGIÃO CENTRAL;60;0
0.19889180519101782;2020-08-31;1;8;16;23;511;32;6;1;15;329;32;0;32;693;48;194;5;4;4;5;4;5;4;0;1;0;0;0;0;0;0;0;0;0;0;0;0;0;0;0;0;0;0;0;1;0;0;0;0;0;0;0;0;0;0;0;0;0;0;0;0;1;0;0;0;0;0;0;0;0;0;0;0;0;2;0;0;0;1;1;0;0;31;0;JAGUARIAÍVA;REGIÃO CENTRAL;61;0
0.2152230971128609;2020-09-30;11;15;21;25;639;34;1;11;17;449;34;0;34;828;20;27;4;5;4;4;4;4;5;0;0;0;0;0;0;0;0;0;0;0;1;0;0;0;0;0;0;0;0;0;1;0;0;0;0;0;0;0;0;0;0;0;0;0;0;0;0;1;0;0;0;0;0;0;0;0;0;0;0;0;2;0;0;0;1;1;0;0;30;0;JAGUARIAÍVA;REGIÃO CENTRAL;62;0
0.21697287839020127;2020-10-31;10;16;21;28;663;37;4;10;20;481;37;0;37;844;36;118;4;4;5;4;5;5;4;0;0;0;0;0;0;0;0;0;0;1;0;0;0;0;0;0;0;0;0;0;1;0;0;0;0;0;0;0;0;0;0;0;0;0;0;0;0;1;0;0;0;0;0;0;0;0;0;0;0;0;2;0;0;0;1;1;0;0;31;0;JAGUARIAÍVA;REGIÃO CENTRAL;63;0
0.2152230971128609;2020-11-30;8;16;21;25;633;33;3;8;19;445;33;0;33;821;23;97;5;4;4;5;4;4;4;0;0;0;0;0;0;0;0;0;1;0;0;0;0;0;0;0;0;0;0;0;1;0;0;0;0;0;0;0;0;0;0;0;0;0;0;0;0;1;0;0;0;0;0;0;0;0;0;0;0;0;2;0;0;0;1;1;0;0;30;0;JAGUARIAÍVA;REGIÃO CENTRAL;64;0
0.23957421988918057;2020-12-31;14;18;23;24;699;30;3;14;20;552;30;0;30;847;27;100;4;5;5;4;4;4;5;0;0;1;0;0;0;0;0;0;0;0;0;0;0;0;0;0;0;0;0;0;1;0;0;0;0;0;0;0;0;0;0;0;0;0;0;0;0;1;0;0;0;0;0;0;0;0;0;0;0;0;2;0;0;0;1;1;0;0;31;0;JAGUARIAÍVA;REGIÃO CENTRAL;65;1
0.21245261009040536;2021-01-31;15;20;23;26;707;31;4;15;21;590;31;0;31;825;16;132;5;4;4;4;5;5;4;0;0;0;0;1;0;0;0;0;0;0;0;1;0;0;0;0;0;0;0;0;0;0;0;0;0;0;0;0;0;0;0;0;0;0;0;0;0;1;0;0;0;0;0;0;0;0;0;0;0;0;2;0;0;0;1;1;0;0;31;0;JAGUARIAÍVA;REGIÃO CENTRAL;66;0
0.18955963837853604;2021-02-28;14;20;23;26;634;32;1;14;21;473;32;0;32;793;10;26;4;4;4;4;4;4;4;0;0;0;1;0;0;0;0;0;0;0;0;1;0;0;0;0;0;0;0;0;0;0;0;0;0;0;0;0;0;0;0;0;0;0;0;0;0;1;0;0;0;0;0;0;0;0;0;0;0;0;2;0;0;0;1;1;0;3;28;0;JAGUARIAÍVA;REGIÃO CENTRAL;67;0
0.23505395158938466;2021-03-31;12;18;23;26;717;32;3;12;20;557;32;0;32;877;12;92;4;5;4;5;4;4;5;0;0;0;0;0;0;0;0;1;0;0;0;1;0;0;0;0;0;0;0;0;0;0;0;0;0;0;0;0;0;0;0;0;0;0;0;0;0;1;0;0;0;0;0;0;0;0;0;0;0;0;2;0;0;0;1;1;0;0;31;0;JAGUARIAÍVA;REGIÃO CENTRAL;68;1
0.23272090988626423;2021-04-30;10;17;20;24;594;30;0;10;19;426;30;0;30;762;4;6;4;4;5;4;5;4;4;1;0;0;0;0;0;0;0;0;0;0;0;1;0;0;0;0;0;0;0;0;0;0;0;0;0;0;0;0;0;0;0;0;0;0;0;0;0;1;0;0;0;0;0;0;0;0;0;0;0;0;2;0;0;0;1;1;0;1;30;0;JAGUARIAÍVA;REGIÃO CENTRAL;69;1
0.24409448818897642;2021-05-31;3;13;17;22;535;28;6;3;18;351;28;0;28;720;62;179;5;4;4;5;4;5;4;0;0;0;0;0;0;0;1;0;0;0;0;1;0;0;0;0;0;0;0;0;0;0;0;0;0;0;0;0;0;0;0;0;0;0;0;0;0;1;0;0;0;0;0;0;0;0;0;0;0;0;2;0;0;0;1;1;0;0;31;0;JAGUARIAÍVA;REGIÃO CENTRAL;70;1
0.20209973753280844;2021-06-30;-1;5;15;21;464;27;4;-1;15;318;27;0;27;610;66;130;4;5;4;4;4;4;5;0;0;0;0;0;0;1;0;0;0;0;0;1;0;0;0;0;0;0;0;0;0;0;0;0;0;0;0;0;0;0;0;0;0;0;0;0;0;1;0;0;0;0;0;0;0;0;0;0;0;0;2;0;0;0;1;1;0;1;30;0;JAGUARIAÍVA;REGIÃO CENTRAL;71;0
0.19889180519101782;2021-07-31;-1;6;14;19;427;28;2;-1;14;204;28;0;28;649;44;50;4;4;5;4;5;5;4;0;0;0;0;0;1;0;0;0;0;0;0;1;0;0;0;0;0;0;0;0;0;0;0;0;0;0;0;0;0;0;0;0;0;0;0;0;0;1;0;0;0;0;0;0;0;0;0;0;0;0;2;0;0;0;1;1;0;0;31;0;JAGUARIAÍVA;REGIÃO CENTRAL;72;0
0.20793234179060952;2021-08-31;6;13;19;25;574;33;3;6;18;370;33;0;33;777;67;86;5;4;4;5;4;4;5;0;1;0;0;0;0;0;0;0;0;0;0;1;0;0;0;0;0;0;0;0;0;0;0;0;0;0;0;0;0;0;0;0;0;0;0;0;0;1;0;0;0;0;0;0;0;0;0;0;0;0;2;0;0;0;1;1;0;0;31;0;JAGUARIAÍVA;REGIÃO CENTRAL;73;0
0.1977252843394576;2021-09-30;10;17;22;27;648;34;5;10;22;447;34;0;34;849;80;141;4;5;5;4;4;4;4;0;0;0;0;0;0;0;0;0;0;0;1;1;0;0;0;0;0;0;0;0;0;0;0;0;0;0;0;0;0;0;0;0;0;0;0;0;0;1;0;0;0;0;0;0;0;0;0;0;0;0;2;0;0;0;1;1;0;0;30;0;JAGUARIAÍVA;REGIÃO CENTRAL;74;0
0.23505395158938466;2021-10-31;9;16;19;23;588;28;14;9;18;446;28;0;28;730;96;431;5;4;4;4;5;5;4;0;0;0;0;0;0;0;0;0;0;1;0;1;0;0;0;0;0;0;0;0;0;0;0;0;0;0;0;0;0;0;0;0;0;0;0;0;0;1;0;0;0;0;0;0;0;0;0;0;0;0;2;0;0;0;1;1;0;0;0;0;JAGUARIAÍVA;REGIÃO CENTRAL;75;1
0.23272090988626423;2021-11-30;10;17;22;25;657;32;4;10;18;466;32;0;32;849;53;112;4;4;4;5;4;4;5;0;0;0;0;0;0;0;0;0;1;0;0;1;0;0;0;0;0;0;0;0;0;0;0;0;0;0;0;0;0;0;0;0;0;0;0;0;0;1;0;0;0;0;0;0;0;0;0;0;0;0;2;0;0;0;1;1;0;0;0;0;JAGUARIAÍVA;REGIÃO CENTRAL;76;1
0.23053368328958881;2021-12-31;11;19;23;27;707;34;3;11;20;511;34;0;34;903;28;104;4;5;5;4;5;4;4;0;0;1;0;0;0;0;0;0;0;0;0;1;0;0;0;0;0;0;0;0;0;0;0;0;0;0;0;0;0;0;0;0;0;0;0;0;0;1;0;0;0;0;0;0;0;0;0;0;0;0;2;0;0;0;1;1;0;0;0;0;JAGUARIAÍVA;REGIÃO CENTRAL;77;1
0.20793234179060952;2022-01-31;15;19;24;27;729;34;7;15;21;569;34;0;34;888;42;209;5;4;4;5;4;5;4;0;0;0;0;1;0;0;0;0;0;0;0;0;1;0;0;0;0;0;0;0;0;0;0;0;0;0;0;0;0;0;0;0;0;0;0;0;0;1;0;0;0;0;0;0;0;0;0;0;0;0;2;0;0;0;1;1;31;0;0;0;JAGUARIAÍVA;REGIÃO CENTRAL;78;0
0.22630504520268305;2022-02-28;15;21;24;27;673;34;6;15;21;502;34;0;34;844;82;170;4;4;4;4;4;4;4;0;0;0;1;0;0;0;0;0;0;0;0;0;1;0;0;0;0;0;0;0;0;0;0;0;0;0;0;0;0;0;0;0;0;0;0;0;0;1;0;0;0;0;0;0;0;0;0;0;0;0;2;0;0;0;1;1;0;1;0;0;JAGUARIAÍVA;REGIÃO CENTRAL;79;0
0.3661417322834646;2022-03-31;15;19;24;27;729;34;10;15;21;573;34;0;34;884;41;325;4;5;5;4;4;4;5;0;0;0;0;0;0;0;0;1;0;0;0;0;1;0;0;0;0;0;0;0;0;0;0;0;0;0;0;0;0;0;0;0;0;0;0;0;0;1;0;0;0;0;0;0;0;0;0;0;0;0;2;0;0;0;1;1;0;1;0;0;JAGUARIAÍVA;REGIÃO CENTRAL;80;2
0.41644794400699914;2022-04-30;9;15;20;24;612;30;3;9;18;457;30;0;30;768;35;95;4;4;4;4;5;5;4;1;0;0;0;0;0;0;0;0;0;0;0;0;1;0;0;0;0;0;0;0;0;0;0;0;0;0;0;0;0;0;0;0;0;0;0;0;0;1;0;0;0;0;0;0;0;0;0;0;0;0;2;0;0;0;1;1;0;1;0;0;JAGUARIAÍVA;REGIÃO CENTRAL;81;2
0.5379119276757073;2022-05-31;4;9;16;22;505;27;5;4;18;346;27;0;27;663;92;141;5;4;4;5;4;4;5;0;0;0;0;0;0;0;1;0;0;0;0;0;1;0;0;0;0;0;0;0;0;0;0;0;0;0;0;0;0;0;0;0;0;0;0;0;0;1;0;0;0;0;0;0;0;0;0;0;0;0;2;0;0;0;1;1;0;0;0;0;JAGUARIAÍVA;REGIÃO CENTRAL;82;4
0.5170603674540684;2022-06-30;2;10;16;21;482;27;1;2;16;327;27;0;27;637;13;44;4;5;5;4;4;4;4;0;0;0;0;0;0;1;0;0;0;0;0;0;1;0;0;0;0;0;0;0;0;0;0;0;0;0;0;0;0;0;0;0;0;0;0;0;0;1;0;0;0;0;0;0;0;0;0;0;0;0;2;0;0;0;1;1;0;1;0;0;JAGUARIAÍVA;REGIÃO CENTRAL;83;3
0.3932633420822398;2022-07-31;4;12;18;21;559;28;1;4;16;356;28;0;28;761;12;19;5;4;4;4;5;5;4;0;0;0;0;0;1;0;0;0;0;0;0;0;1;0;0;0;0;0;0;0;0;0;0;0;0;0;0;0;0;0;0;0;0;0;0;0;0;1;0;0;0;0;0;0;0;0;0;0;0;0;2;0;0;0;1;1;0;0;0;0;JAGUARIAÍVA;REGIÃO CENTRAL;84;2
0.6237970253718286;2022-08-31;2;9;16;21;495;29;7;2;16;323;29;0;29;667;58;211;4;5;4;5;4;4;5;0;1;0;0;0;0;0;0;0;0;0;0;0;1;0;0;0;0;0;0;0;0;0;0;0;0;0;0;0;0;0;0;0;0;0;0;0;0;1;0;0;0;0;0;0;0;0;0;0;0;0;2;0;0;0;1;1;0;0;0;0;JAGUARIAÍVA;REGIÃO CENTRAL;85;5
0.57830271216098;2022-09-30;5;12;16;24;477;31;8;5;19;344;31;0;31;610;70;244;4;4;5;4;5;4;4;0;0;0;0;0;0;0;0;0;0;0;1;0;1;0;0;0;0;0;0;0;0;0;0;0;0;0;0;0;0;0;0;0;0;0;0;0;0;1;0;0;0;0;0;0;0;0;0;0;0;0;2;0;0;0;1;1;0;0;0;0;JAGUARIAÍVA;REGIÃO CENTRAL;86;5
0.7051618547681541;2022-10-31;1;13;20;24;611;30;11;1;18;444;30;0;30;778;75;356;5;4;4;5;4;5;4;0;0;0;0;0;0;0;0;0;0;1;0;0;1;0;0;0;0;0;0;0;0;0;0;0;0;0;0;0;0;0;0;0;0;0;0;0;0;1;0;0;0;0;0;0;0;0;0;0;0;0;2;0;0;0;1;1;0;0;0;0;JAGUARIAÍVA;REGIÃO CENTRAL;87;6
0.6482939632545932;2022-11-30;8;11;19;22;555;29;2;8;17;385;29;0;29;725;21;53;4;5;4;4;4;4;5;0;0;0;0;0;0;0;0;0;1;0;0;0;1;0;0;0;0;0;0;0;0;0;0;0;0;0;0;0;0;0;0;0;0;0;0;0;0;1;0;0;0;0;0;0;0;0;0;0;0;0;2;0;0;0;1;1;0;0;0;0;JAGUARIAÍVA;REGIÃO CENTRAL;88;5
0.5605132691746866;2022-12-31;-3;12;21;25;662;31;8;-3;20;502;31;0;31;823;46;238;4;4;5;4;5;5;4;0;0;1;0;0;0;0;0;0;0;0;0;0;1;0;0;0;0;0;0;0;0;0;0;0;0;0;0;0;0;0;0;0;0;0;0;0;0;1;0;0;0;0;0;0;0;0;0;0;0;0;2;0;0;0;1;1;0;0;0;0;JAGUARIAÍVA;REGIÃO CENTRAL;89;4
0.4023038786818315;2023-01-31;13;18;22;25;691;31;5;13;20;544;31;0;31;839;32;168;5;4;4;5;4;4;5;0;0;0;0;1;0;0;0;0;0;0;0;0;0;1;0;0;0;0;0;0;0;0;0;0;0;0;0;0;0;0;0;0;0;0;0;0;0;1;0;0;0;0;0;0;0;0;0;0;0;0;2;0;0;0;1;1;31;0;0;0;JAGUARIAÍVA;REGIÃO CENTRAL;90;2
0.4712744240303296;2023-02-28;14;17;22;24;617;31;11;14;20;497;31;0;31;736;80;300;4;4;4;4;4;4;4;0;0;0;1;0;0;0;0;0;0;0;0;0;0;1;0;0;0;0;0;0;0;0;0;0;0;0;0;0;0;0;0;0;0;0;0;0;0;1;0;0;0;0;0;0;0;0;0;0;0;0;2;0;0;0;1;1;0;3;0;0;JAGUARIAÍVA;REGIÃO CENTRAL;91;3
0.7865266841644796;2023-03-31;16;21;23;25;717;31;6;16;20;560;31;0;31;874;47;190;4;5;5;4;5;4;4;0;0;0;0;0;0;0;0;1;0;0;0;0;0;1;0;0;0;0;0;0;0;0;0;0;0;0;0;0;0;0;0;0;0;0;0;0;0;1;0;0;0;0;0;0;0;0;0;0;0;0;2;0;0;0;1;1;0;0;0;0;JAGUARIAÍVA;REGIÃO CENTRAL;92;6
0.6789151356080491;2023-04-30;9;15;20;24;590;30;4;9;18;447;30;0;30;734;50;133;5;4;4;4;4;5;4;1;0;0;0;0;0;0;0;0;0;0;0;0;0;1;0;0;0;0;0;0;0;0;0;0;0;0;0;0;0;0;0;0;0;0;0;0;0;1;0;0;0;0;0;0;0;0;0;0;0;0;2;0;0;0;1;1;0;1;0;0;JAGUARIAÍVA;REGIÃO CENTRAL;93;5
0.8272090988626423;2023-05-31;8;14;18;23;563;28;2;8;18;395;28;0;28;731;15;48;4;5;4;5;4;4;5;0;0;0;0;0;0;0;1;0;0;0;0;0;0;1;0;0;0;0;0;0;0;0;0;0;0;0;0;0;0;0;0;0;0;0;0;0;0;1;0;0;0;0;0;0;0;0;0;0;0;0;2;0;0;0;1;1;0;0;0;0;JAGUARIAÍVA;REGIÃO CENTRAL;94;6
0.8013998250218723;2023-06-30;6;12;16;21;489;28;6;6;15;315;28;0;28;664;88;172;4;4;5;4;5;4;4;0;0;0;0;0;0;1;0;0;0;0;0;0;0;1;0;0;0;0;0;0;0;0;0;0;0;0;0;0;0;0;0;0;0;0;0;0;0;1;0;0;0;0;0;0;0;0;0;0;0;0;2;0;0;0;1;1;0;1;0;0;JAGUARIAÍVA;REGIÃO CENTRAL;95;6
0.5198308544765239;2023-07-31;4;11;16;21;508;27;4;4;16;351;27;0;27;664;34;124;5;4;4;5;4;5;4;0;0;0;0;0;1;0;0;0;0;0;0;0;0;1;0;0;0;0;0;0;0;0;0;0;0;0;0;0;0;0;0;0;0;0;0;0;0;1;0;0;0;0;0;0;0;0;0;0;0;0;2;0;0;0;1;1;15;0;0;0;JAGUARIAÍVA;REGIÃO CENTRAL;96;4
0.8498104403616216;2023-08-31;6;11;18;25;557;32;4;6;19;372;32;0;32;743;45;135;4;5;5;4;4;4;5;0;1;0;0;0;0;0;0;0;0;0;0;0;0;1;0;0;0;0;0;0;0;0;0;0;0;0;0;0;0;0;0;0;0;0;0;0;0;1;0;0;0;0;0;0;0;0;0;0;0;0;2;0;0;0;1;1;0;0;0;0;JAGUARIAÍVA;REGIÃO CENTRAL;97;6
0.8013998250218723;2023-09-30;8;15;21;27;645;35;5;8;22;464;35;0;35;826;44;143;4;4;4;4;5;5;4;0;0;0;0;0;0;0;0;0;0;0;1;0;0;1;0;0;0;0;0;0;0;0;0;0;0;0;0;0;0;0;0;0;0;0;0;0;0;1;0;0;0;0;0;0;0;0;0;0;0;0;2;0;0;0;1;1;0;0;0;0;JAGUARIAÍVA;REGIÃO CENTRAL;98;6
0.8091280256634589;2023-10-31;12;16;21;26;649;33;13;12;21;503;33;0;33;796;108;412;5;4;4;5;4;4;5;0;0;0;0;0;0;0;0;0;0;1;0;0;0;1;0;0;0;0;0;0;0;0;0;0;0;0;0;0;0;0;0;0;0;0;0;0;0;1;0;0;0;0;0;0;0;0;0;0;0;0;2;0;0;0;1;1;0;0;0;0;JAGUARIAÍVA;REGIÃO CENTRAL;99;6
0.8495188101487315;2023-11-30;9;16;22;28;656;35;7;9;22;498;35;0;35;814;60;209;4;5;5;4;4;4;4;0;0;0;0;0;0;0;0;0;1;0;0;0;0;1;0;0;0;0;0;0;0;0;0;0;0;0;0;0;0;0;0;0;0;0;0;0;0;1;0;0;0;0;0;0;0;0;0;0;0;0;2;0;0;0;1;1;0;0;0;0;JAGUARIAÍVA;REGIÃO CENTRAL;100;6
0.8226888305628464;2023-12-31;14;18;24;27;732;34;4;14;21;559;34;0;34;905;63;139;5;4;4;4;5;5;4;0;0;1;0;0;0;0;0;0;0;0;0;0;0;1;0;0;0;0;0;0;0;0;0;0;0;0;0;0;0;0;0;0;0;0;0;0;0;1;0;0;0;0;0;0;0;0;0;0;0;0;2;0;0;0;1;1;0;0;0;0;JAGUARIAÍVA;REGIÃO CENTRAL;101;6
0.4927092446777487;2024-01-31;14;18;23;28;724;35;4;14;22;567;35;0;35;882;47;133;4;5;4;5;4;4;5;0;0;0;0;1;0;0;0;0;0;0;0;0;0;0;1;0;0;0;0;0;0;0;0;0;0;0;0;0;0;0;0;0;0;0;0;0;0;1;0;0;0;0;0;0;0;0;0;0;0;0;2;0;0;0;1;1;31;0;0;0;JAGUARIAÍVA;REGIÃO CENTRAL;102;3
0.9021580635753865;2024-02-29;17;19;24;27;694;32;4;17;21;550;32;0;32;839;27;106;4;4;5;4;4;4;4;0;0;0;1;0;0;0;0;0;0;0;0;0;0;0;1;0;0;0;0;0;0;0;0;0;0;0;0;0;0;0;0;0;0;0;0;0;0;1;0;0;0;0;0;0;0;0;0;0;0;0;2;0;0;0;1;1;0;3;0;0;JAGUARIAÍVA;REGIÃO CENTRAL;103;6
1.0000000000000002;2024-03-31;16;18;24;28;742;34;5;16;22;589;34;0;34;894;45;167;5;4;4;4;5;5;4;0;0;0;0;0;0;0;0;1;0;0;0;0;0;0;1;0;0;0;0;0;0;0;0;0;0;0;0;0;0;0;0;0;0;0;0;0;0;1;0;0;0;0;0;0;0;0;0;0;0;0;2;0;0;0;1;1;0;1;0;0;JAGUARIAÍVA;REGIÃO CENTRAL;104;6
0.8188976377952757;2024-04-30;10;17;22;26;672;32;1;10;21;527;32;0;32;817;27;37;4;4;4;5;4;4;5;1;0;0;0;0;0;0;0;0;0;0;0;0;0;0;1;0;0;0;0;0;0;0;0;0;0;0;0;0;0;0;0;0;0;0;0;0;0;1;0;0;0;0;0;0;0;0;0;0;0;0;2;0;0;0;1;1;0;0;0;0;JAGUARIAÍVA;REGIÃO CENTRAL;105;6
0.4746281714785653;2024-05-31;5;12;20;26;618;31;1;5;20;467;31;0;31;770;17;23;4;5;5;4;5;4;4;0;0;0;0;0;0;0;1;0;0;0;0;0;0;0;1;0;0;0;0;0;0;0;0;0;0;0;0;0;0;0;0;0;0;0;0;0;0;1;0;0;0;0;0;0;0;0;0;0;0;0;2;0;0;0;1;1;0;1;0;30;JAGUARIAÍVA;REGIÃO CENTRAL;106;3
0.41644794400699914;2024-06-30;6;12;19;22;578;29;0;6;17;392;29;0;29;763;1;3;5;4;4;4;4;5;4;0;0;0;0;0;0;1;0;0;0;0;0;0;0;0;1;0;0;0;0;0;0;0;0;0;0;0;0;0;0;0;0;0;0;0;0;0;0;1;0;0;0;0;0;0;0;0;0;0;0;0;2;0;0;0;1;1;0;0;0;30;JAGUARIAÍVA;REGIÃO CENTRAL;107;2
0.8543307086614175;2024-07-31;4;11;16;20;482;28;2;4;15;309;28;0;28;655;19;52;4;5;4;5;4;4;5;0;0;0;0;0;1;0;0;0;0;0;0;0;0;0;1;0;0;0;0;0;0;0;0;0;0;0;0;0;0;0;0;0;0;0;0;0;0;1;0;0;0;0;0;0;0;0;0;0;0;0;2;0;0;0;1;1;12;0;0;0;JAGUARIAÍVA;REGIÃO CENTRAL;108;6
0.8543307086614175;2024-08-31;0;8;17;23;536;33;2;0;16;298;33;0;33;774;43;58;4;4;5;4;5;5;4;0;1;0;0;0;0;0;0;0;0;0;0;0;0;0;1;0;0;0;0;0;0;0;0;0;0;0;0;0;0;0;0;0;0;0;0;0;0;1;0;0;0;0;0;0;0;0;0;0;0;0;2;0;0;0;1;1;0;0;0;0;JAGUARIAÍVA;REGIÃO CENTRAL;109;6
0.9063867016622924;2024-09-30;11;14;21;25;638;35;1;11;18;426;35;0;35;851;10;37;5;4;4;5;4;4;4;0;0;0;0;0;0;0;0;0;0;0;1;0;0;0;1;0;0;0;0;0;0;0;0;0;0;0;0;0;0;0;0;0;0;0;0;0;0;1;0;0;0;0;0;0;0;0;0;0;0;0;2;0;0;0;1;1;0;0;0;0;JAGUARIAÍVA;REGIÃO CENTRAL;110;6
1.0000000000000002;2024-10-31;11;14;20;25;631;34;3;11;20;485;34;0;34;776;19;87;4;5;5;4;4;4;5;0;0;0;0;0;0;0;0;0;0;1;0;0;0;0;1;0;0;0;0;0;0;0;0;0;0;0;0;0;0;0;0;0;0;0;0;0;0;1;0;0;0;0;0;0;0;0;0;0;0;0;2;0;0;0;1;1;0;0;0;0;JAGUARIAÍVA;REGIÃO CENTRAL;111;6
0.5635340461451885;2017-10-31;10;17;23;29;703;37;11;10;22;518;37;0;37;888;103;342;5;4;4;5;4;4;5;0;0;0;0;0;0;0;0;0;0;1;0;0;0;0;0;0;0;1;0;0;0;0;0;0;0;0;0;0;0;0;0;0;0;0;0;0;0;0;1;0;0;0;0;0;0;0;0;0;0;0;2;4;1;0;1;0;0;0;0;0;LONDRINA - CENTRO;REGIÃO NORTE;1;5
0.5627462014631401;2017-11-30;13;19;23;27;696;35;4;13;21;525;35;0;35;866;29;125;4;5;5;4;4;4;4;0;0;0;0;0;0;0;0;0;1;0;0;0;0;0;0;0;0;1;0;0;0;0;0;0;0;0;0;0;0;0;0;0;0;0;0;0;0;0;1;0;0;0;0;0;0;0;0;0;0;0;2;4;1;0;1;0;0;0;0;0;LONDRINA - CENTRO;REGIÃO NORTE;2;5
0.4864378165447384;2017-12-31;17;22;25;29;770;34;4;17;24;625;34;0;34;915;16;128;5;4;4;4;5;5;4;0;0;1;0;0;0;0;0;0;0;0;0;0;0;0;0;0;0;1;0;0;0;0;0;0;0;0;0;0;0;0;0;0;0;0;0;0;0;0;1;0;0;0;0;0;0;0;0;0;0;0;2;4;1;0;1;0;0;0;0;0;LONDRINA - CENTRO;REGIÃO NORTE;3;4
0.5406865503657851;2018-01-31;18;20;24;28;759;34;10;18;23;621;34;0;34;896;61;296;4;5;4;5;4;4;5;0;0;0;0;1;0;0;0;0;0;0;0;0;0;0;0;0;0;0;1;0;0;0;0;0;0;0;0;0;0;0;0;0;0;0;0;0;0;0;1;0;0;0;0;0;0;0;0;0;0;0;2;4;1;0;1;0;31;0;0;0;LONDRINA - CENTRO;REGIÃO NORTE;4;5
0.5769274057400112;2018-02-28;17;21;24;27;671;33;3;17;21;525;33;0;33;817;33;97;4;4;4;4;4;4;4;0;0;0;1;0;0;0;0;0;0;0;0;0;0;0;0;0;0;0;1;0;0;0;0;0;0;0;0;0;0;0;0;0;0;0;0;0;0;0;1;0;0;0;0;0;0;0;0;0;0;0;2;4;1;0;1;0;0;3;0;0;LONDRINA - CENTRO;REGIÃO NORTE;5;5
0.7559932470455825;2018-03-31;18;22;25;28;787;34;9;18;23;636;34;0;34;939;99;293;4;4;5;4;5;5;4;0;0;0;0;0;0;0;0;1;0;0;0;0;0;0;0;0;0;0;1;0;0;0;0;0;0;0;0;0;0;0;0;0;0;0;0;0;0;0;1;0;0;0;0;0;0;0;0;0;0;0;2;4;1;0;1;0;0;1;0;0;LONDRINA - CENTRO;REGIÃO NORTE;6;6
0.6752954417557682;2018-04-30;15;21;23;26;703;31;1;15;23;531;31;0;31;876;11;17;5;4;4;5;4;4;4;1;0;0;0;0;0;0;0;0;0;0;0;0;0;0;0;0;0;0;1;0;0;0;0;0;0;0;0;0;0;0;0;0;0;0;0;0;0;0;1;0;0;0;0;0;0;0;0;0;0;0;2;4;1;0;1;0;0;0;0;0;LONDRINA - CENTRO;REGIÃO NORTE;7;6
0.4031513787281936;2018-05-31;6;13;20;24;626;31;2;6;19;443;31;0;31;809;27;50;4;5;5;4;4;4;5;0;0;0;0;0;0;0;1;0;0;0;0;0;0;0;0;0;0;0;1;0;0;0;0;0;0;0;0;0;0;0;0;0;0;0;0;0;0;0;1;0;0;0;0;0;0;0;0;0;0;0;2;4;1;0;1;0;0;1;0;0;LONDRINA - CENTRO;REGIÃO NORTE;8;4
0.3162633652222848;2018-06-30;7;14;19;24;571;30;3;7;20;424;30;0;30;717;60;79;4;4;4;4;5;5;4;0;0;0;0;0;0;1;0;0;0;0;0;0;0;0;0;0;0;0;1;0;0;0;0;0;0;0;0;0;0;0;0;0;0;0;0;0;0;0;1;0;0;0;0;0;0;0;0;0;0;0;2;4;1;0;1;0;0;0;0;0;LONDRINA - CENTRO;REGIÃO NORTE;9;3
0.3005064715813168;2018-07-31;5;12;20;24;618;30;1;5;17;409;30;0;30;827;19;21;5;4;4;5;4;4;5;0;0;0;0;0;1;0;0;0;0;0;0;0;0;0;0;0;0;0;1;0;0;0;0;0;0;0;0;0;0;0;0;0;0;0;0;0;0;0;1;0;0;0;0;0;0;0;0;0;0;0;2;4;1;0;1;0;16;0;0;0;LONDRINA - CENTRO;REGIÃO NORTE;10;3
0.3208778840742825;2018-08-31;5;12;18;24;555;32;18;5;17;378;32;0;32;731;170;555;4;5;5;4;5;4;4;0;1;0;0;0;0;0;0;0;0;0;0;0;0;0;0;0;0;0;1;0;0;0;0;0;0;0;0;0;0;0;0;0;0;0;0;0;0;0;1;0;0;0;0;0;0;0;0;0;0;0;2;4;1;0;1;0;0;0;0;0;LONDRINA - CENTRO;REGIÃO NORTE;11;3
0.4974676420934159;2018-09-30;9;14;21;27;638;35;6;9;21;463;35;0;35;814;66;173;5;4;4;4;4;5;4;0;0;0;0;0;0;0;0;0;0;0;1;0;0;0;0;0;0;0;1;0;0;0;0;0;0;0;0;0;0;0;0;0;0;0;0;0;0;0;1;0;0;0;0;0;0;0;0;0;0;0;2;4;1;0;1;0;0;0;0;0;LONDRINA - CENTRO;REGIÃO NORTE;12;5
0.5458638154192459;2018-10-31;14;19;23;26;704;32;9;14;21;548;32;0;32;859;40;288;4;5;4;5;4;4;5;0;0;0;0;0;0;0;0;0;0;1;0;0;0;0;0;0;0;0;1;0;0;0;0;0;0;0;0;0;0;0;0;0;0;0;0;0;0;0;1;0;0;0;0;0;0;0;0;0;0;0;2;4;1;0;1;0;0;0;0;0;LONDRINA - CENTRO;REGIÃO NORTE;13;5
0.6809229037703995;2018-11-30;14;19;24;30;719;35;4;14;26;543;35;0;35;895;28;112;4;4;5;4;5;4;4;0;0;0;0;0;0;0;0;0;1;0;0;0;0;0;0;0;0;0;1;0;0;0;0;0;0;0;0;0;0;0;0;0;0;0;0;0;0;0;1;0;0;0;0;0;0;0;0;0;0;0;2;4;1;0;1;0;0;0;0;0;LONDRINA - CENTRO;REGIÃO NORTE;14;6
0.6856499718626899;2018-12-31;14;21;26;29;805;35;4;14;24;631;35;0;35;979;34;110;5;4;4;5;4;5;4;0;0;1;0;0;0;0;0;0;0;0;0;0;0;0;0;0;0;0;1;0;0;0;0;0;0;0;0;0;0;0;0;0;0;0;0;0;0;0;1;0;0;0;0;0;0;0;0;0;0;0;2;4;1;0;1;0;0;0;0;0;LONDRINA - CENTRO;REGIÃO NORTE;15;6
0.6838491840180079;2019-01-31;19;24;27;30;840;36;5;19;27;690;36;0;36;990;24;154;4;5;5;4;4;4;5;0;0;0;0;1;0;0;0;0;0;0;0;0;0;0;0;0;0;0;0;1;0;0;0;0;0;0;0;0;0;0;0;0;0;0;0;0;0;0;1;0;0;0;0;0;0;0;0;0;0;0;2;4;1;0;1;0;31;0;0;0;LONDRINA - CENTRO;REGIÃO NORTE;16;6
0.6554867754642656;2019-02-28;17;22;25;30;714;37;5;17;24;570;37;0;37;857;38;129;4;4;4;4;4;4;4;0;0;0;1;0;0;0;0;0;0;0;0;0;0;0;0;0;0;0;0;1;0;0;0;0;0;0;0;0;0;0;0;0;0;0;0;0;0;0;1;0;0;0;0;0;0;0;0;0;0;0;2;4;1;0;1;0;0;0;0;0;LONDRINA - CENTRO;REGIÃO NORTE;17;5
0.9072594259988744;2019-03-31;16;22;25;27;770;32;3;16;22;611;32;0;32;930;18;107;5;4;4;4;5;5;4;0;0;0;0;0;0;0;0;1;0;0;0;0;0;0;0;0;0;0;0;1;0;0;0;0;0;0;0;0;0;0;0;0;0;0;0;0;0;0;1;0;0;0;0;0;0;0;0;0;0;0;2;4;1;0;1;0;0;3;0;0;LONDRINA - CENTRO;REGIÃO NORTE;18;6
0.8463702870005627;2019-04-30;14;21;24;26;711;31;1;14;22;560;31;0;31;861;5;21;4;4;4;5;4;4;5;1;0;0;0;0;0;0;0;0;0;0;0;0;0;0;0;0;0;0;0;1;0;0;0;0;0;0;0;0;0;0;0;0;0;0;0;0;0;0;1;0;0;0;0;0;0;0;0;0;0;0;2;4;1;0;1;0;0;1;0;0;LONDRINA - CENTRO;REGIÃO NORTE;19;6
0.5646595385481148;2019-05-31;10;15;21;26;650;31;4;10;21;515;31;0;31;785;47;116;4;5;5;4;5;4;4;0;0;0;0;0;0;0;1;0;0;0;0;0;0;0;0;0;0;0;0;1;0;0;0;0;0;0;0;0;0;0;0;0;0;0;0;0;0;0;1;0;0;0;0;0;0;0;0;0;0;0;2;4;1;0;1;0;0;0;0;0;LONDRINA - CENTRO;REGIÃO NORTE;20;5
0.38942037141249297;2019-06-30;8;14;20;23;592;29;2;8;19;430;29;0;29;754;27;54;5;4;4;4;4;5;4;0;0;0;0;0;0;1;0;0;0;0;0;0;0;0;0;0;0;0;0;1;0;0;0;0;0;0;0;0;0;0;0;0;0;0;0;0;0;0;1;0;0;0;0;0;0;0;0;0;0;0;2;4;1;0;1;0;0;1;0;0;LONDRINA - CENTRO;REGIÃO NORTE;21;3
0.35903207653348346;2019-07-31;1;9;18;23;564;29;1;1;17;381;29;0;29;748;27;43;4;5;4;5;4;4;5;0;0;0;0;0;1;0;0;0;0;0;0;0;0;0;0;0;0;0;0;1;0;0;0;0;0;0;0;0;0;0;0;0;0;0;0;0;0;0;1;0;0;0;0;0;0;0;0;0;0;0;2;4;1;0;1;0;16;0;0;0;LONDRINA - CENTRO;REGIÃO NORTE;22;3
0.48047270680922904;2019-08-31;7;12;20;25;615;32;0;7;19;407;32;0;32;823;0;1;4;4;5;4;5;5;4;0;1;0;0;0;0;0;0;0;0;0;0;0;0;0;0;0;0;0;0;1;0;0;0;0;0;0;0;0;0;0;0;0;0;0;0;0;0;0;1;0;0;0;0;0;0;0;0;0;0;0;2;4;1;0;1;0;0;0;0;0;LONDRINA - CENTRO;REGIÃO NORTE;23;4
0.8328643781654474;2019-09-30;12;18;23;29;699;36;3;12;22;516;36;0;36;881;26;87;5;4;4;5;4;4;4;0;0;0;0;0;0;0;0;0;0;0;1;0;0;0;0;0;0;0;0;1;0;0;0;0;0;0;0;0;0;0;0;0;0;0;0;0;0;0;1;0;0;0;0;0;0;0;0;0;0;0;2;4;1;0;1;0;0;0;0;0;LONDRINA - CENTRO;REGIÃO NORTE;24;6
1.0;2019-10-31;15;19;26;30;797;38;4;15;23;590;38;0;38;1004;42;121;4;5;5;4;4;4;5;0;0;0;0;0;0;0;0;0;0;1;0;0;0;0;0;0;0;0;0;1;0;0;0;0;0;0;0;0;0;0;0;0;0;0;0;0;0;0;1;0;0;0;0;0;0;0;0;0;0;0;2;4;1;0;1;0;0;0;0;0;LONDRINA - CENTRO;REGIÃO NORTE;25;6
0.9431626336522227;2019-11-30;15;22;25;30;756;37;2;15;25;572;37;0;37;941;24;74;4;4;4;4;5;5;4;0;0;0;0;0;0;0;0;0;1;0;0;0;0;0;0;0;0;0;0;1;0;0;0;0;0;0;0;0;0;0;0;0;0;0;0;0;0;0;1;0;0;0;0;0;0;0;0;0;0;0;2;4;1;0;1;0;0;0;0;0;LONDRINA - CENTRO;REGIÃO NORTE;26;6
0.6060776589758019;2019-12-31;16;20;24;28;749;34;9;16;22;596;34;0;34;903;41;269;5;4;4;5;4;4;5;0;0;1;0;0;0;0;0;0;0;0;0;0;0;0;0;0;0;0;0;1;0;0;0;0;0;0;0;0;0;0;0;0;0;0;0;0;0;0;1;0;0;0;0;0;0;0;0;0;0;0;2;4;1;0;1;0;0;0;0;0;LONDRINA - CENTRO;REGIÃO NORTE;27;5
0.5109735509285313;2020-01-31;17;21;25;28;778;33;6;17;24;645;33;0;33;912;47;190;4;5;5;4;5;4;4;0;0;0;0;1;0;0;0;0;0;0;0;0;0;0;0;0;0;0;0;0;1;0;0;0;0;0;0;0;0;0;0;0;0;0;0;0;0;0;1;0;0;0;0;0;0;0;0;0;0;0;2;4;1;0;1;0;31;0;0;0;LONDRINA - CENTRO;REGIÃO NORTE;28;5
0.7959482273494654;2020-02-29;16;22;25;28;715;34;4;16;23;576;34;0;34;854;54;113;4;4;4;4;4;5;4;0;0;0;1;0;0;0;0;0;0;0;0;0;0;0;0;0;0;0;0;0;1;0;0;0;0;0;0;0;0;0;0;0;0;0;0;0;0;0;1;0;0;0;0;0;0;0;0;0;0;0;2;4;1;0;1;1;0;3;0;0;LONDRINA - CENTRO;REGIÃO NORTE;29;6
0.6489589195272932;2020-03-31;16;22;24;28;757;35;2;16;22;572;35;0;35;942;31;74;5;4;4;5;4;4;5;0;0;0;0;0;0;0;0;1;0;0;0;0;0;0;0;0;0;0;0;0;1;0;0;0;0;0;0;0;0;0;0;0;0;0;0;0;0;0;1;0;0;0;0;0;0;0;0;0;0;0;2;4;1;0;1;1;0;0;15;0;LONDRINA - CENTRO;REGIÃO NORTE;30;5
0.16994935284186832;2020-04-30;10;17;22;26;667;33;2;10;21;486;33;0;33;848;25;52;4;5;5;4;4;4;4;1;0;0;0;0;0;0;0;0;0;0;0;0;0;0;0;0;0;0;0;0;1;0;0;0;0;0;0;0;0;0;0;0;0;0;0;0;0;0;1;0;0;0;0;0;0;0;0;0;0;0;2;4;1;0;1;1;0;1;30;0;LONDRINA - CENTRO;REGIÃO NORTE;31;2
0.02442318514350028;2020-05-31;7;13;19;25;595;31;1;7;19;418;31;0;31;773;22;40;5;4;4;4;5;5;4;0;0;0;0;0;0;0;1;0;0;0;0;0;0;0;0;0;0;0;0;0;1;0;0;0;0;0;0;0;0;0;0;0;0;0;0;0;0;0;1;0;0;0;0;0;0;0;0;0;0;0;2;4;1;0;1;1;0;0;31;0;LONDRINA - CENTRO;REGIÃO NORTE;32;0
0.0;2020-06-30;10;16;20;23;587;29;5;10;19;451;29;0;29;723;86;149;4;4;4;5;4;4;5;0;0;0;0;0;0;1;0;0;0;0;0;0;0;0;0;0;0;0;0;0;1;0;0;0;0;0;0;0;0;0;0;0;0;0;0;0;0;0;1;0;0;0;0;0;0;0;0;0;0;0;2;4;1;0;1;1;0;1;30;0;LONDRINA - CENTRO;REGIÃO NORTE;33;0
0.019133370849746756;2020-07-31;5;12;19;23;580;29;0;5;17;406;29;0;29;754;9;13;4;5;5;4;5;4;4;0;0;0;0;0;1;0;0;0;0;0;0;0;0;0;0;0;0;0;0;0;1;0;0;0;0;0;0;0;0;0;0;0;0;0;0;0;0;0;1;0;0;0;0;0;0;0;0;0;0;0;2;4;1;0;1;1;0;0;31;0;LONDRINA - CENTRO;REGIÃO NORTE;34;0
0.0025886325267304444;2020-08-31;5;11;19;25;586;33;5;5;18;409;33;0;33;764;37;148;5;4;4;5;4;5;4;0;1;0;0;0;0;0;0;0;0;0;0;0;0;0;0;0;0;0;0;0;1;0;0;0;0;0;0;0;0;0;0;0;0;0;0;0;0;0;1;0;0;0;0;0;0;0;0;0;0;0;2;4;1;0;1;1;0;0;31;0;LONDRINA - CENTRO;REGIÃO NORTE;35;0
0.03263927968486213;2020-09-30;12;18;25;29;740;37;1;12;21;535;37;0;37;946;15;28;4;5;4;4;4;4;5;0;0;0;0;0;0;0;0;0;0;0;1;0;0;0;0;0;0;0;0;0;1;0;0;0;0;0;0;0;0;0;0;0;0;0;0;0;0;0;1;0;0;0;0;0;0;0;0;0;0;0;2;4;1;0;1;1;0;0;30;0;LONDRINA - CENTRO;REGIÃO NORTE;36;0
0.06539110861001687;2020-10-31;13;20;25;32;766;39;2;13;24;565;39;0;39;968;17;55;4;4;5;4;5;5;4;0;0;0;0;0;0;0;0;0;0;1;0;0;0;0;0;0;0;0;0;0;1;0;0;0;0;0;0;0;0;0;0;0;0;0;0;0;0;0;1;0;0;0;0;0;0;0;0;0;0;0;2;4;1;0;1;1;0;0;31;0;LONDRINA - CENTRO;REGIÃO NORTE;37;0
0.20483961733258302;2020-11-30;11;20;25;29;737;36;2;11;23;528;36;0;36;947;22;45;5;4;4;5;4;4;4;0;0;0;0;0;0;0;0;0;1;0;0;0;0;0;0;0;0;0;0;0;1;0;0;0;0;0;0;0;0;0;0;0;0;0;0;0;0;0;1;0;0;0;0;0;0;0;0;0;0;0;2;4;1;0;1;1;0;0;30;0;LONDRINA - CENTRO;REGIÃO NORTE;38;2
0.10725942599887447;2020-12-31;16;21;25;27;764;33;7;16;22;604;33;0;33;924;59;228;4;5;5;4;4;4;5;0;0;1;0;0;0;0;0;0;0;0;0;0;0;0;0;0;0;0;0;0;1;0;0;0;0;0;0;0;0;0;0;0;0;0;0;0;0;0;1;0;0;0;0;0;0;0;0;0;0;0;2;4;1;0;1;1;0;0;31;0;LONDRINA - CENTRO;REGIÃO NORTE;39;1
0.07585818795723129;2021-01-31;17;22;24;28;759;33;5;17;23;635;33;0;33;884;30;167;5;4;4;4;5;5;4;0;0;0;0;1;0;0;0;0;0;0;0;1;0;0;0;0;0;0;0;0;0;0;0;0;0;0;0;0;0;0;0;0;0;0;0;0;0;0;1;0;0;0;0;0;0;0;0;0;0;0;2;4;1;0;1;1;0;0;31;0;LONDRINA - CENTRO;REGIÃO NORTE;40;1
0.041193021947101865;2021-02-28;17;22;24;27;681;33;5;17;22;527;33;0;33;835;69;128;4;4;4;4;4;4;4;0;0;0;1;0;0;0;0;0;0;0;0;1;0;0;0;0;0;0;0;0;0;0;0;0;0;0;0;0;0;0;0;0;0;0;0;0;0;0;1;0;0;0;0;0;0;0;0;0;0;0;2;4;1;0;1;1;0;3;28;0;LONDRINA - CENTRO;REGIÃO NORTE;41;0
0.09330332020258861;2021-03-31;15;21;25;28;776;34;6;15;22;610;34;0;34;943;68;197;4;5;4;5;4;4;5;0;0;0;0;0;0;0;0;1;0;0;0;1;0;0;0;0;0;0;0;0;0;0;0;0;0;0;0;0;0;0;0;0;0;0;0;0;0;0;1;0;0;0;0;0;0;0;0;0;0;0;2;4;1;0;1;1;0;0;31;0;LONDRINA - CENTRO;REGIÃO NORTE;42;1
0.05965109735509286;2021-04-30;13;19;22;26;656;32;0;13;21;476;32;0;32;836;1;3;4;4;5;4;5;4;4;1;0;0;0;0;0;0;0;0;0;0;0;1;0;0;0;0;0;0;0;0;0;0;0;0;0;0;0;0;0;0;0;0;0;0;0;0;0;0;1;0;0;0;0;0;0;0;0;0;0;0;2;4;1;0;1;1;0;1;30;0;LONDRINA - CENTRO;REGIÃO NORTE;43;0
0.04096792346651659;2021-05-31;7;15;20;24;610;30;6;7;20;431;30;0;30;789;115;198;5;4;4;5;4;5;4;0;0;0;0;0;0;0;1;0;0;0;0;1;0;0;0;0;0;0;0;0;0;0;0;0;0;0;0;0;0;0;0;0;0;0;0;0;0;0;1;0;0;0;0;0;0;0;0;0;0;0;2;4;1;0;1;1;0;0;31;0;LONDRINA - CENTRO;REGIÃO NORTE;44;0
0.04952166572875635;2021-06-30;2;6;17;22;516;28;2;2;16;380;28;0;28;652;27;70;4;5;4;4;4;4;5;0;0;0;0;0;0;1;0;0;0;0;0;1;0;0;0;0;0;0;0;0;0;0;0;0;0;0;0;0;0;0;0;0;0;0;0;0;0;0;1;0;0;0;0;0;0;0;0;0;0;0;2;4;1;0;1;1;0;1;30;0;LONDRINA - CENTRO;REGIÃO NORTE;45;0
0.047945976364659554;2021-07-31;1;7;16;21;499;29;1;1;16;287;29;0;29;710;22;38;4;4;5;4;5;5;4;0;0;0;0;0;1;0;0;0;0;0;0;1;0;0;0;0;0;0;0;0;0;0;0;0;0;0;0;0;0;0;0;0;0;0;0;0;0;0;1;0;0;0;0;0;0;0;0;0;0;0;2;4;1;0;1;1;0;0;31;0;LONDRINA - CENTRO;REGIÃO NORTE;46;0
0.06539110861001687;2021-08-31;8;15;21;27;646;35;3;8;19;444;35;0;35;849;63;104;5;4;4;5;4;4;5;0;1;0;0;0;0;0;0;0;0;0;0;1;0;0;0;0;0;0;0;0;0;0;0;0;0;0;0;0;0;0;0;0;0;0;0;0;0;0;1;0;0;0;0;0;0;0;0;0;0;0;2;4;1;0;1;1;0;0;31;0;LONDRINA - CENTRO;REGIÃO NORTE;47;0
0.09003939223410243;2021-09-30;11;19;24;30;729;37;2;11;24;524;37;0;37;934;24;59;4;5;5;4;4;4;4;0;0;0;0;0;0;0;0;0;0;0;1;1;0;0;0;0;0;0;0;0;0;0;0;0;0;0;0;0;0;0;0;0;0;0;0;0;0;0;1;0;0;0;0;0;0;0;0;0;0;0;2;4;1;0;1;1;0;0;30;0;LONDRINA - CENTRO;REGIÃO NORTE;48;1
0.06888013505908833;2021-10-31;11;17;21;26;647;32;15;11;20;497;32;0;32;797;113;480;5;4;4;4;5;5;4;0;0;0;0;0;0;0;0;0;0;1;0;1;0;0;0;0;0;0;0;0;0;0;0;0;0;0;0;0;0;0;0;0;0;0;0;0;0;0;1;0;0;0;0;0;0;0;0;0;0;0;2;4;1;0;1;1;0;0;0;0;LONDRINA - CENTRO;REGIÃO NORTE;49;1
0.18120427687113114;2021-11-30;13;20;24;27;731;34;1;13;22;534;34;0;34;927;16;45;4;4;4;5;4;4;5;0;0;0;0;0;0;0;0;0;1;0;0;1;0;0;0;0;0;0;0;0;0;0;0;0;0;0;0;0;0;0;0;0;0;0;0;0;0;0;1;0;0;0;0;0;0;0;0;0;0;0;2;4;1;0;1;1;0;0;0;0;LONDRINA - CENTRO;REGIÃO NORTE;50;2
0.14214969048958917;2021-12-31;14;21;25;29;777;37;3;14;22;573;37;0;37;980;56;82;4;5;5;4;5;4;4;0;0;1;0;0;0;0;0;0;0;0;0;1;0;0;0;0;0;0;0;0;0;0;0;0;0;0;0;0;0;0;0;0;0;0;0;0;0;0;1;0;0;0;0;0;0;0;0;0;0;0;2;4;1;0;1;1;0;0;0;0;LONDRINA - CENTRO;REGIÃO NORTE;51;1
0.15610579628587504;2022-01-31;17;21;25;29;771;35;6;17;23;614;35;0;35;929;38;181;5;4;4;5;4;5;4;0;0;0;0;1;0;0;0;0;0;0;0;0;1;0;0;0;0;0;0;0;0;0;0;0;0;0;0;0;0;0;0;0;0;0;0;0;0;0;1;0;0;0;0;0;0;0;0;0;0;0;2;4;1;0;1;1;31;0;0;0;LONDRINA - CENTRO;REGIÃO NORTE;52;1
0.20506471581316824;2022-02-28;17;24;26;30;726;37;4;17;23;553;37;0;37;898;44;116;4;4;4;4;4;4;4;0;0;0;1;0;0;0;0;0;0;0;0;0;1;0;0;0;0;0;0;0;0;0;0;0;0;0;0;0;0;0;0;0;0;0;0;0;0;0;1;0;0;0;0;0;0;0;0;0;0;0;2;4;1;0;1;1;0;1;0;0;LONDRINA - CENTRO;REGIÃO NORTE;53;2
0.5608328643781655;2022-03-31;17;21;25;29;781;35;12;17;23;621;35;0;35;941;62;381;4;5;5;4;4;4;5;0;0;0;0;0;0;0;0;1;0;0;0;0;1;0;0;0;0;0;0;0;0;0;0;0;0;0;0;0;0;0;0;0;0;0;0;0;0;0;1;0;0;0;0;0;0;0;0;0;0;0;2;4;1;0;1;1;0;1;0;0;LONDRINA - CENTRO;REGIÃO NORTE;54;5
0.48508722566122675;2022-04-30;12;17;22;26;668;31;5;12;20;510;31;0;31;826;63;157;4;4;4;4;5;5;4;1;0;0;0;0;0;0;0;0;0;0;0;0;1;0;0;0;0;0;0;0;0;0;0;0;0;0;0;0;0;0;0;0;0;0;0;0;0;0;1;0;0;0;0;0;0;0;0;0;0;0;2;4;1;0;1;1;0;1;0;0;LONDRINA - CENTRO;REGIÃO NORTE;55;4
0.274732695554305;2022-05-31;6;9;18;24;561;30;2;6;20;403;30;0;30;719;18;61;5;4;4;5;4;4;5;0;0;0;0;0;0;0;1;0;0;0;0;0;1;0;0;0;0;0;0;0;0;0;0;0;0;0;0;0;0;0;0;0;0;0;0;0;0;0;1;0;0;0;0;0;0;0;0;0;0;0;2;4;1;0;1;1;0;0;0;0;LONDRINA - CENTRO;REGIÃO NORTE;56;3
0.3601575689364097;2022-06-30;5;12;18;22;539;28;2;5;16;385;28;0;28;693;24;67;4;5;5;4;4;4;4;0;0;0;0;0;0;1;0;0;0;0;0;0;1;0;0;0;0;0;0;0;0;0;0;0;0;0;0;0;0;0;0;0;0;0;0;0;0;0;1;0;0;0;0;0;0;0;0;0;0;0;2;4;1;0;1;1;0;1;0;0;LONDRINA - CENTRO;REGIÃO NORTE;57;3
0.2991558806978053;2022-07-31;7;15;20;23;634;30;0;7;17;443;30;0;30;825;4;9;5;4;4;4;5;5;4;0;0;0;0;0;1;0;0;0;0;0;0;0;1;0;0;0;0;0;0;0;0;0;0;0;0;0;0;0;0;0;0;0;0;0;0;0;0;0;1;0;0;0;0;0;0;0;0;0;0;0;2;4;1;0;1;1;0;0;0;0;LONDRINA - CENTRO;REGIÃO NORTE;58;3
0.15610579628587504;2022-08-31;5;12;19;24;576;32;6;5;18;392;32;0;32;759;50;191;4;5;4;5;4;4;5;0;1;0;0;0;0;0;0;0;0;0;0;0;1;0;0;0;0;0;0;0;0;0;0;0;0;0;0;0;0;0;0;0;0;0;0;0;0;0;1;0;0;0;0;0;0;0;0;0;0;0;0;3;0;0;0;0;0;0;0;0;LONDRINA - CENTRO;REGIÃO NORTE;59;1
0.1035453010692178;2022-09-30;8;15;18;26;555;34;5;8;20;408;34;0;34;702;42;151;4;4;5;4;5;4;4;0;0;0;0;0;0;0;0;0;0;0;1;0;1;0;0;0;0;0;0;0;0;0;0;0;0;0;0;0;0;0;0;0;0;0;0;0;0;0;1;0;0;0;0;0;0;0;0;0;0;0;0;3;0;0;0;0;0;0;0;0;LONDRINA - CENTRO;REGIÃO NORTE;60;1
0.14912774338773213;2022-10-31;-11;9;22;26;671;33;9;-11;20;487;33;0;33;856;96;280;5;4;4;5;4;5;4;0;0;0;0;0;0;0;0;0;0;1;0;0;1;0;0;0;0;0;0;0;0;0;0;0;0;0;0;0;0;0;0;0;0;0;0;0;0;0;1;0;0;0;0;0;0;0;0;0;0;0;0;3;0;0;0;0;0;0;0;0;LONDRINA - CENTRO;REGIÃO NORTE;61;1
0.17445132245357345;2022-11-30;10;14;21;25;644;33;1;10;19;456;33;0;33;832;12;43;4;5;4;4;4;4;5;0;0;0;0;0;0;0;0;0;1;0;0;0;1;0;0;0;0;0;0;0;0;0;0;0;0;0;0;0;0;0;0;0;0;0;0;0;0;0;1;0;0;0;0;0;0;0;0;0;0;0;0;3;0;0;0;0;0;0;0;0;LONDRINA - CENTRO;REGIÃO NORTE;62;2
0.19448508722566124;2022-12-31;-22;5;23;27;728;34;5;-22;23;543;34;0;34;913;35;152;4;4;5;4;5;5;4;0;0;1;0;0;0;0;0;0;0;0;0;0;1;0;0;0;0;0;0;0;0;0;0;0;0;0;0;0;0;0;0;0;0;0;0;0;0;0;1;0;0;0;0;0;0;0;0;0;0;0;0;3;0;0;0;0;0;0;0;0;LONDRINA - CENTRO;REGIÃO NORTE;63;2
0.19099606077658973;2023-01-31;15;20;24;26;743;32;6;15;21;596;32;0;32;891;32;188;5;4;4;5;4;4;5;0;0;0;0;1;0;0;0;0;0;0;0;0;0;1;0;0;0;0;0;0;0;0;0;0;0;0;0;0;0;0;0;0;0;0;0;0;0;0;1;0;0;0;0;0;0;0;0;0;0;0;0;3;0;0;0;0;31;0;0;0;LONDRINA - CENTRO;REGIÃO NORTE;64;2
0.23972988182329766;2023-02-28;15;20;24;27;662;34;12;15;21;535;34;0;34;788;52;337;4;4;4;4;4;4;4;0;0;0;1;0;0;0;0;0;0;0;0;0;0;1;0;0;0;0;0;0;0;0;0;0;0;0;0;0;0;0;0;0;0;0;0;0;0;0;1;0;0;0;0;0;0;0;0;0;0;0;0;3;0;0;0;0;0;3;0;0;LONDRINA - CENTRO;REGIÃO NORTE;65;3
0.43173888576252106;2023-03-31;17;23;25;27;783;33;8;17;22;612;33;0;33;953;34;255;4;5;5;4;5;4;4;0;0;0;0;0;0;0;0;1;0;0;0;0;0;1;0;0;0;0;0;0;0;0;0;0;0;0;0;0;0;0;0;0;0;0;0;0;0;0;1;0;0;0;0;0;0;0;0;0;0;0;0;3;0;0;0;0;0;0;0;0;LONDRINA - CENTRO;REGIÃO NORTE;66;4
0.21834552616769834;2023-04-30;10;17;22;27;658;34;9;10;20;505;34;0;34;810;105;264;5;4;4;4;4;5;4;1;0;0;0;0;0;0;0;0;0;0;0;0;0;1;0;0;0;0;0;0;0;0;0;0;0;0;0;0;0;0;0;0;0;0;0;0;0;0;1;0;0;0;0;0;0;0;0;0;0;0;0;3;0;0;0;0;0;1;0;0;LONDRINA - CENTRO;REGIÃO NORTE;67;2
0.19448508722566124;2023-05-31;11;16;20;25;629;30;3;11;20;458;30;0;30;800;28;97;4;5;4;5;4;4;5;0;0;0;0;0;0;0;1;0;0;0;0;0;0;1;0;0;0;0;0;0;0;0;0;0;0;0;0;0;0;0;0;0;0;0;0;0;0;0;1;0;0;0;0;0;0;0;0;0;0;0;0;3;0;0;0;0;0;0;0;0;LONDRINA - CENTRO;REGIÃO NORTE;68;2
0.10016882386043893;2023-06-30;7;11;18;22;544;34;6;7;17;374;34;0;34;714;90;168;4;4;5;4;5;4;4;0;0;0;0;0;0;1;0;0;0;0;0;0;0;1;0;0;0;0;0;0;0;0;0;0;0;0;0;0;0;0;0;0;0;0;0;0;0;0;1;0;0;0;0;0;0;0;0;0;0;0;0;3;0;0;0;0;0;1;0;0;LONDRINA - CENTRO;REGIÃO NORTE;69;1
0.03050084411930218;2023-07-31;6;12;19;22;577;28;1;6;17;415;28;0;28;738;7;22;5;4;4;5;4;5;4;0;0;0;0;0;1;0;0;0;0;0;0;0;0;1;0;0;0;0;0;0;0;0;0;0;0;0;0;0;0;0;0;0;0;0;0;0;0;0;1;0;0;0;0;0;0;0;0;0;0;0;0;3;0;0;0;0;15;0;0;0;LONDRINA - CENTRO;REGIÃO NORTE;70;0
0.23635340461451884;2023-08-31;9;14;21;27;647;34;2;9;20;447;34;0;34;846;12;52;4;5;5;4;4;4;5;0;1;0;0;0;0;0;0;0;0;0;0;0;0;1;0;0;0;0;0;0;0;0;0;0;0;0;0;0;0;0;0;0;0;0;0;0;0;0;1;0;0;0;0;0;0;0;0;0;0;0;0;3;0;0;0;0;0;0;0;0;LONDRINA - CENTRO;REGIÃO NORTE;71;3
0.44119302194710186;2023-09-30;9;17;25;30;735;38;3;9;25;537;38;0;38;934;40;104;4;4;4;4;5;5;4;0;0;0;0;0;0;0;0;0;0;0;1;0;0;1;0;0;0;0;0;0;0;0;0;0;0;0;0;0;0;0;0;0;0;0;0;0;0;0;1;0;0;0;0;0;0;0;0;0;0;0;0;3;0;0;0;0;0;0;0;0;LONDRINA - CENTRO;REGIÃO NORTE;72;4
0.4840742824985932;2023-10-31;15;20;24;29;755;36;15;15;23;578;36;0;36;931;116;465;5;4;4;5;4;4;5;0;0;0;0;0;0;0;0;0;0;1;0;0;0;1;0;0;0;0;0;0;0;0;0;0;0;0;0;0;0;0;0;0;0;0;0;0;0;0;1;0;0;0;0;0;0;0;0;0;0;0;0;3;0;0;0;0;0;0;0;0;LONDRINA - CENTRO;REGIÃO NORTE;73;4
0.4715813168261115;2023-11-30;12;18;25;31;741;37;7;12;26;566;37;0;37;915;65;212;4;5;5;4;4;4;4;0;0;0;0;0;0;0;0;0;1;0;0;0;0;1;0;0;0;0;0;0;0;0;0;0;0;0;0;0;0;0;0;0;0;0;0;0;0;0;1;0;0;0;0;0;0;0;0;0;0;0;0;3;0;0;0;0;0;0;0;0;LONDRINA - CENTRO;REGIÃO NORTE;74;4
0.3968486212718064;2023-12-31;17;21;26;29;811;36;4;17;23;621;36;0;36;1000;26;112;5;4;4;4;5;5;4;0;0;1;0;0;0;0;0;0;0;0;0;0;0;1;0;0;0;0;0;0;0;0;0;0;0;0;0;0;0;0;0;0;0;0;0;0;0;0;1;0;0;0;0;0;0;0;0;0;0;0;0;3;0;0;0;0;0;0;0;0;LONDRINA - CENTRO;REGIÃO NORTE;75;4
0.21890827236916152;2024-01-31;15;19;25;30;789;37;4;15;23;611;37;0;37;967;40;129;4;5;4;5;4;4;5;0;0;0;0;1;0;0;0;0;0;0;0;0;0;0;1;0;0;0;0;0;0;0;0;0;0;0;0;0;0;0;0;0;0;0;0;0;0;0;1;0;0;0;0;0;0;0;0;0;0;0;0;3;0;0;0;0;31;0;0;0;LONDRINA - CENTRO;REGIÃO NORTE;76;2
0.4323016319639843;2024-02-29;19;22;26;29;768;35;4;19;23;605;35;0;35;931;28;111;4;4;5;4;4;4;4;0;0;0;1;0;0;0;0;0;0;0;0;0;0;0;1;0;0;0;0;0;0;0;0;0;0;0;0;0;0;0;0;0;0;0;0;0;0;0;1;0;0;0;0;0;0;0;0;0;0;0;0;3;0;0;0;0;0;3;0;0;LONDRINA - CENTRO;REGIÃO NORTE;77;4
0.6585256049521666;2024-03-31;17;20;26;30;819;36;2;17;24;641;36;0;36;997;21;67;5;4;4;4;5;5;4;0;0;0;0;0;0;0;0;1;0;0;0;0;0;0;1;0;0;0;0;0;0;0;0;0;0;0;0;0;0;0;0;0;0;0;0;0;0;0;1;0;0;0;0;0;0;0;0;0;0;0;0;3;0;0;0;0;0;1;0;0;LONDRINA - CENTRO;REGIÃO NORTE;78;6
0.5492402926280248;2024-04-30;14;20;25;28;741;34;1;14;22;584;34;0;34;896;12;40;4;4;4;5;4;4;5;1;0;0;0;0;0;0;0;0;0;0;0;0;0;0;1;0;0;0;0;0;0;0;0;0;0;0;0;0;0;0;0;0;0;0;0;0;0;0;1;0;0;0;0;0;0;0;0;0;0;0;0;3;0;0;0;0;0;0;0;0;LONDRINA - CENTRO;REGIÃO NORTE;79;5
0.22588632526730443;2024-05-31;6;13;22;28;682;34;1;6;22;523;34;0;34;841;30;43;4;5;5;4;5;4;4;0;0;0;0;0;0;0;1;0;0;0;0;0;0;0;1;0;0;0;0;0;0;0;0;0;0;0;0;0;0;0;0;0;0;0;0;0;0;0;1;0;0;0;0;0;0;0;0;0;0;0;0;3;0;0;0;0;0;1;0;30;LONDRINA - CENTRO;REGIÃO NORTE;80;2
0.07990996060776587;2024-06-30;11;17;22;24;647;31;0;11;19;461;31;0;31;832;1;1;5;4;4;4;4;5;4;0;0;0;0;0;0;1;0;0;0;0;0;0;0;0;1;0;0;0;0;0;0;0;0;0;0;0;0;0;0;0;0;0;0;0;0;0;0;0;1;0;0;0;0;0;0;0;0;0;0;0;0;3;0;0;0;0;0;0;0;30;LONDRINA - CENTRO;REGIÃO NORTE;81;1
0.12470455824423185;2024-07-31;6;13;17;22;539;29;3;6;16;384;29;0;29;694;40;86;4;5;4;5;4;4;5;0;0;0;0;0;1;0;0;0;0;0;0;0;0;0;1;0;0;0;0;0;0;0;0;0;0;0;0;0;0;0;0;0;0;0;0;0;0;0;1;0;0;0;0;0;0;0;0;0;0;0;0;3;0;0;0;0;12;0;0;0;LONDRINA - CENTRO;REGIÃO NORTE;82;1
0.23635340461451884;2024-08-31;2;11;19;25;594;35;1;2;19;367;35;0;35;822;18;45;4;4;5;4;5;5;4;0;1;0;0;0;0;0;0;0;0;0;0;0;0;0;1;0;0;0;0;0;0;0;0;0;0;0;0;0;0;0;0;0;0;0;0;0;0;0;1;0;0;0;0;0;0;0;0;0;0;0;0;3;0;0;0;0;0;0;0;0;LONDRINA - CENTRO;REGIÃO NORTE;83;3
0.35340461451885197;2024-09-30;12;17;24;28;706;38;1;12;21;490;38;0;38;922;17;27;5;4;4;5;4;4;4;0;0;0;0;0;0;0;0;0;0;0;1;0;0;0;1;0;0;0;0;0;0;0;0;0;0;0;0;0;0;0;0;0;0;0;0;0;0;0;1;0;0;0;0;0;0;0;0;0;0;0;0;3;0;0;0;0;0;0;0;0;LONDRINA - CENTRO;REGIÃO NORTE;84;3
0.4840742824985932;2024-10-31;14;17;23;29;716;36;3;14;23;564;36;0;36;868;31;108;4;5;5;4;4;4;5;0;0;0;0;0;0;0;0;0;0;1;0;0;0;0;1;0;0;0;0;0;0;0;0;0;0;0;0;0;0;0;0;0;0;0;0;0;0;0;1;0;0;0;0;0;0;0;0;0;0;0;0;3;0;0;0;0;0;0;0;0;LONDRINA - CENTRO;REGIÃO NORTE;85;4
0.812326405516713;2017-09-30;10;14;19;21;560;31;3;10;14;350;31;0;31;769;25;83;4;4;4;4;5;5;4;0;0;0;0;0;0;0;0;0;0;0;1;0;0;0;0;0;0;1;0;0;0;0;0;0;0;0;0;0;0;0;0;0;0;0;0;0;0;0;0;0;1;0;0;0;0;0;0;0;0;0;2;0;3;3;10;0;0;0;0;0;PALMAS;REGIÃO SUL;1;5
0.7852696101905947;2017-10-31;3;11;16;22;511;30;22;3;15;340;30;0;30;682;87;672;5;4;4;5;4;4;5;0;0;0;0;0;0;0;0;0;0;1;0;0;0;0;0;0;0;1;0;0;0;0;0;0;0;0;0;0;0;0;0;0;0;0;0;0;0;0;0;0;1;0;0;0;0;0;0;0;0;0;2;0;3;3;10;0;0;0;0;0;PALMAS;REGIÃO SUL;2;5
0.7489225170002873;2017-11-30;6;13;17;21;510;29;8;6;14;315;29;0;29;706;76;232;4;5;5;4;4;4;4;0;0;0;0;0;0;0;0;0;1;0;0;0;0;0;0;0;0;1;0;0;0;0;0;0;0;0;0;0;0;0;0;0;0;0;0;0;0;0;0;0;1;0;0;0;0;0;0;0;0;0;2;0;3;3;10;0;0;0;0;0;PALMAS;REGIÃO SUL;3;5
0.6143089742361842;2017-12-31;11;18;20;23;632;32;3;11;19;449;32;0;32;814;38;102;5;4;4;4;5;5;4;0;0;1;0;0;0;0;0;0;0;0;0;0;0;0;0;0;0;1;0;0;0;0;0;0;0;0;0;0;0;0;0;0;0;0;0;0;0;0;0;0;1;0;0;0;0;0;0;0;0;0;2;0;3;3;10;0;0;0;0;0;PALMAS;REGIÃO SUL;4;4
0.3488171631069821;2018-01-31;11;18;20;22;620;29;7;11;18;464;29;0;29;775;47;217;4;5;4;5;4;4;5;0;0;0;0;1;0;0;0;0;0;0;0;0;0;0;0;0;0;0;1;0;0;0;0;0;0;0;0;0;0;0;0;0;0;0;0;0;0;0;0;0;1;0;0;0;0;0;0;0;0;0;2;0;3;3;10;0;31;0;0;0;PALMAS;REGIÃO SUL;5;0
0.4783066756057849;2018-02-28;10;15;19;21;522;28;2;10;16;359;28;0;28;684;23;48;4;4;4;4;4;4;4;0;0;0;1;0;0;0;0;0;0;0;0;0;0;0;0;0;0;0;1;0;0;0;0;0;0;0;0;0;0;0;0;0;0;0;0;0;0;0;0;0;1;0;0;0;0;0;0;0;0;0;2;0;3;3;10;1;0;3;0;0;PALMAS;REGIÃO SUL;6;2
0.7990135044535964;2018-03-31;10;16;20;23;607;29;6;10;18;447;29;0;29;768;45;195;4;4;5;4;5;5;4;0;0;0;0;0;0;0;0;1;0;0;0;0;0;0;0;0;0;0;1;0;0;0;0;0;0;0;0;0;0;0;0;0;0;0;0;0;0;0;0;0;1;0;0;0;0;0;0;0;0;0;2;0;3;3;10;1;0;1;0;0;PALMAS;REGIÃO SUL;7;5
0.787759793123264;2018-04-30;9;15;18;21;543;27;3;9;16;362;27;0;27;724;34;77;5;4;4;5;4;4;4;1;0;0;0;0;0;0;0;0;0;0;0;0;0;0;0;0;0;0;1;0;0;0;0;0;0;0;0;0;0;0;0;0;0;0;0;0;0;0;0;0;1;0;0;0;0;0;0;0;0;0;2;0;3;3;10;1;0;0;0;0;PALMAS;REGIÃO SUL;8;5
0.8359831433770712;2018-05-31;1;6;14;20;429;26;5;1;14;268;26;0;26;590;85;140;4;5;5;4;4;4;5;0;0;0;0;0;0;0;1;0;0;0;0;0;0;0;0;0;0;0;1;0;0;0;0;0;0;0;0;0;0;0;0;0;0;0;0;0;0;0;0;0;1;0;0;0;0;0;0;0;0;0;2;0;3;3;10;1;0;1;0;0;PALMAS;REGIÃO SUL;9;6
0.7428407240685758;2018-06-30;-2;4;12;19;346;25;6;-2;14;200;25;0;25;491;54;174;4;4;4;4;5;5;4;0;0;0;0;0;0;1;0;0;0;0;0;0;0;0;0;0;0;0;1;0;0;0;0;0;0;0;0;0;0;0;0;0;0;0;0;0;0;0;0;0;1;0;0;0;0;0;0;0;0;0;2;0;3;3;10;1;0;0;0;0;PALMAS;REGIÃO SUL;10;4
0.7351786227372857;2018-07-31;-1;3;13;18;396;25;0;-1;11;211;25;0;25;582;5;15;5;4;4;5;4;4;5;0;0;0;0;0;1;0;0;0;0;0;0;0;0;0;0;0;0;0;1;0;0;0;0;0;0;0;0;0;0;0;0;0;0;0;0;0;0;0;0;0;1;0;0;0;0;0;0;0;0;0;2;0;3;3;10;1;16;0;0;0;PALMAS;REGIÃO SUL;11;4
0.8776937074992817;2018-08-31;-3;6;12;18;357;27;6;-3;11;153;27;0;27;560;56;171;4;5;5;4;5;4;4;0;1;0;0;0;0;0;0;0;0;0;0;0;0;0;0;0;0;0;1;0;0;0;0;0;0;0;0;0;0;0;0;0;0;0;0;0;0;0;0;0;1;0;0;0;0;0;0;0;0;0;2;0;3;3;10;1;0;0;0;0;PALMAS;REGIÃO SUL;12;6
0.8104108801838905;2018-09-30;2;10;16;20;466;28;11;2;14;294;28;0;28;638;108;323;5;4;4;4;4;5;4;0;0;0;0;0;0;0;0;0;0;0;1;0;0;0;0;0;0;0;1;0;0;0;0;0;0;0;0;0;0;0;0;0;0;0;0;0;0;0;0;0;1;0;0;0;0;0;0;0;0;0;2;0;3;3;10;1;0;0;0;0;PALMAS;REGIÃO SUL;13;5
0.8087347955176707;2018-10-31;7;12;16;20;504;28;9;7;14;349;28;0;28;660;78;289;4;5;4;5;4;4;5;0;0;0;0;0;0;0;0;0;0;1;0;0;0;0;0;0;0;0;1;0;0;0;0;0;0;0;0;0;0;0;0;0;0;0;0;0;0;0;0;0;1;0;0;0;0;0;0;0;0;0;2;0;3;3;10;1;0;0;0;0;PALMAS;REGIÃO SUL;14;5
0.7916387319222297;2018-11-30;9;15;19;25;564;30;4;9;20;379;30;0;30;749;34;107;4;4;5;4;5;4;4;0;0;0;0;0;0;0;0;0;1;0;0;0;0;0;0;0;0;0;1;0;0;0;0;0;0;0;0;0;0;0;0;0;0;0;0;0;0;0;0;0;1;0;0;0;0;0;0;0;0;0;2;0;3;3;10;1;0;0;0;0;PALMAS;REGIÃO SUL;15;5
0.6547744468920601;2018-12-31;7;15;20;24;634;32;3;7;18;418;32;0;32;849;15;102;5;4;4;5;4;5;4;0;0;1;0;0;0;0;0;0;0;0;0;0;0;0;0;0;0;0;1;0;0;0;0;0;0;0;0;0;0;0;0;0;0;0;0;0;0;0;0;0;1;0;0;0;0;0;0;0;0;0;2;0;3;3;10;1;0;0;0;0;PALMAS;REGIÃO SUL;16;4
0.4179676276218752;2019-01-31;14;18;22;24;674;31;4;14;19;498;31;0;31;850;24;132;4;5;5;4;4;4;5;0;0;0;0;1;0;0;0;0;0;0;0;0;0;0;0;0;0;0;0;1;0;0;0;0;0;0;0;0;0;0;0;0;0;0;0;0;0;0;0;0;1;0;0;0;0;0;0;0;0;0;2;0;3;3;10;1;31;0;0;0;PALMAS;REGIÃO SUL;17;2
0.5953452734412412;2019-02-28;11;15;20;23;554;31;5;11;18;413;31;0;31;695;23;146;4;4;4;4;4;4;4;0;0;0;1;0;0;0;0;0;0;0;0;0;0;0;0;0;0;0;0;1;0;0;0;0;0;0;0;0;0;0;0;0;0;0;0;0;0;0;0;0;1;0;0;0;0;0;0;0;0;0;2;0;3;3;10;1;0;0;0;0;PALMAS;REGIÃO SUL;18;3
0.8733358873671104;2019-03-31;11;16;20;22;610;28;4;11;17;450;28;0;28;769;34;121;5;4;4;4;5;5;4;0;0;0;0;0;0;0;0;1;0;0;0;0;0;0;0;0;0;0;0;1;0;0;0;0;0;0;0;0;0;0;0;0;0;0;0;0;0;0;0;0;1;0;0;0;0;0;0;0;0;0;2;0;3;3;10;1;0;3;0;0;PALMAS;REGIÃO SUL;19;6
0.9263959390862944;2019-04-30;7;15;18;20;535;26;4;7;17;384;26;0;26;685;38;116;4;4;4;5;4;4;5;1;0;0;0;0;0;0;0;0;0;0;0;0;0;0;0;0;0;0;0;1;0;0;0;0;0;0;0;0;0;0;0;0;0;0;0;0;0;0;0;0;1;0;0;0;0;0;0;0;0;0;2;0;3;3;10;1;0;1;0;0;PALMAS;REGIÃO SUL;20;6
1.0;2019-05-31;6;11;16;21;497;27;10;6;15;370;27;0;27;625;107;305;4;5;5;4;5;4;4;0;0;0;0;0;0;0;1;0;0;0;0;0;0;0;0;0;0;0;0;1;0;0;0;0;0;0;0;0;0;0;0;0;0;0;0;0;0;0;0;0;1;0;0;0;0;0;0;0;0;0;2;0;3;3;10;1;0;0;0;0;PALMAS;REGIÃO SUL;21;6
0.8827219614979409;2019-06-30;3;9;15;20;444;25;1;3;14;273;25;0;25;615;12;27;5;4;4;4;4;5;4;0;0;0;0;0;0;1;0;0;0;0;0;0;0;0;0;0;0;0;0;1;0;0;0;0;0;0;0;0;0;0;0;0;0;0;0;0;0;0;0;0;1;0;0;0;0;0;0;0;0;0;2;0;3;3;10;1;0;1;0;0;PALMAS;REGIÃO SUL;22;6
0.7258883248730964;2019-07-31;-6;2;12;17;361;23;1;-6;11;170;23;0;23;551;10;35;4;5;4;5;4;4;5;0;0;0;0;0;1;0;0;0;0;0;0;0;0;0;0;0;0;0;0;1;0;0;0;0;0;0;0;0;0;0;0;0;0;0;0;0;0;0;0;0;1;0;0;0;0;0;0;0;0;0;2;0;3;3;10;1;16;0;0;0;PALMAS;REGIÃO SUL;23;4
0.8641413657695622;2019-08-31;-3;4;13;19;400;28;0;-3;11;184;28;0;28;615;7;15;4;4;5;4;5;5;4;0;1;0;0;0;0;0;0;0;0;0;0;0;0;0;0;0;0;0;0;1;0;0;0;0;0;0;0;0;0;0;0;0;0;0;0;0;0;0;0;0;1;0;0;0;0;0;0;0;0;0;2;0;3;3;10;1;0;0;0;0;PALMAS;REGIÃO SUL;24;6
0.9044152858921559;2019-09-30;3;9;16;22;473;30;2;3;15;284;30;0;30;662;20;51;5;4;4;5;4;4;4;0;0;0;0;0;0;0;0;0;0;0;1;0;0;0;0;0;0;0;0;1;0;0;0;0;0;0;0;0;0;0;0;0;0;0;0;0;0;0;0;0;1;0;0;0;0;0;0;0;0;0;2;0;3;3;10;1;0;0;0;0;PALMAS;REGIÃO SUL;25;6
0.8571018101714396;2019-10-31;8;13;18;25;571;33;6;8;16;383;33;0;33;759;53;178;4;5;5;4;4;4;5;0;0;0;0;0;0;0;0;0;0;1;0;0;0;0;0;0;0;0;0;1;0;0;0;0;0;0;0;0;0;0;0;0;0;0;0;0;0;0;0;0;1;0;0;0;0;0;0;0;0;0;2;0;3;3;10;1;0;0;0;0;PALMAS;REGIÃO SUL;26;6
0.9026913130926157;2019-11-30;8;15;19;23;574;30;7;8;16;390;30;0;30;758;74;212;4;4;4;4;5;5;4;0;0;0;0;0;0;0;0;0;1;0;0;0;0;0;0;0;0;0;0;1;0;0;0;0;0;0;0;0;0;0;0;0;0;0;0;0;0;0;0;0;1;0;0;0;0;0;0;0;0;0;2;0;3;3;10;1;0;0;0;0;PALMAS;REGIÃO SUL;27;6
0.7227277080739393;2019-12-31;10;16;20;25;622;32;5;10;17;427;32;0;32;817;50;157;5;4;4;5;4;4;5;0;0;1;0;0;0;0;0;0;0;0;0;0;0;0;0;0;0;0;0;1;0;0;0;0;0;0;0;0;0;0;0;0;0;0;0;0;0;0;0;0;1;0;0;0;0;0;0;0;0;0;2;0;3;3;10;1;0;0;0;0;PALMAS;REGIÃO SUL;28;4
0.3611723015036874;2020-01-31;11;16;20;24;628;30;3;11;18;457;30;0;30;798;49;104;4;5;5;4;5;4;4;0;0;0;0;1;0;0;0;0;0;0;0;0;0;0;0;0;0;0;0;0;1;0;0;0;0;0;0;0;0;0;0;0;0;0;0;0;0;0;0;0;1;0;0;0;0;0;0;0;0;0;2;0;3;3;10;1;31;0;0;0;PALMAS;REGIÃO SUL;29;1
0.6587012738243463;2020-02-29;9;15;20;23;567;30;2;9;17;399;30;0;30;734;22;61;4;4;4;4;4;5;4;0;0;0;1;0;0;0;0;0;0;0;0;0;0;0;0;0;0;0;0;0;1;0;0;0;0;0;0;0;0;0;0;0;0;0;0;0;0;0;0;0;1;0;0;0;0;0;0;0;0;0;2;0;3;3;10;1;0;3;0;0;PALMAS;REGIÃO SUL;30;4
0.7203811895412316;2020-03-31;10;17;20;23;614;32;1;10;17;401;32;0;32;828;17;36;5;4;4;5;4;4;5;0;0;0;0;0;0;0;0;1;0;0;0;0;0;0;0;0;0;0;0;0;1;0;0;0;0;0;0;0;0;0;0;0;0;0;0;0;0;0;0;0;1;0;0;0;0;0;0;0;0;0;2;0;3;3;10;1;0;0;15;0;PALMAS;REGIÃO SUL;31;4
0.3839191648309549;2020-04-30;1;10;15;22;465;29;3;1;16;252;29;0;29;677;66;86;4;5;5;4;4;4;4;1;0;0;0;0;0;0;0;0;0;0;0;0;0;0;0;0;0;0;0;0;1;0;0;0;0;0;0;0;0;0;0;0;0;0;0;0;0;0;0;0;1;0;0;0;0;0;0;0;0;0;2;0;3;3;10;1;0;1;30;0;PALMAS;REGIÃO SUL;32;1
0.4149985633560004;2020-05-31;0;8;13;17;401;25;9;0;13;190;25;0;25;612;134;264;5;4;4;4;5;5;4;0;0;0;0;0;0;0;1;0;0;0;0;0;0;0;0;0;0;0;0;0;1;0;0;0;0;0;0;0;0;0;0;0;0;0;0;0;0;0;0;0;1;0;0;0;0;0;0;0;0;0;2;0;3;3;10;1;0;0;31;0;PALMAS;REGIÃO SUL;33;2
0.38621779523034194;2020-06-30;3;7;14;19;416;25;12;3;16;276;25;0;25;556;130;346;4;4;4;5;4;4;5;0;0;0;0;0;0;1;0;0;0;0;0;0;0;0;0;0;0;0;0;0;1;0;0;0;0;0;0;0;0;0;0;0;0;0;0;0;0;0;0;0;1;0;0;0;0;0;0;0;0;0;2;0;3;3;10;1;0;1;30;0;PALMAS;REGIÃO SUL;34;1
0.40010535389330526;2020-07-31;-1;6;13;18;389;24;5;-1;13;228;24;0;24;550;84;162;4;5;5;4;5;4;4;0;0;0;0;0;1;0;0;0;0;0;0;0;0;0;0;0;0;0;0;0;1;0;0;0;0;0;0;0;0;0;0;0;0;0;0;0;0;0;0;0;1;0;0;0;0;0;0;0;0;0;2;0;3;3;10;1;0;0;31;0;PALMAS;REGIÃO SUL;35;1
0.38454171056412223;2020-08-31;-3;3;14;21;449;28;10;-3;14;266;28;0;28;632;135;303;5;4;4;5;4;5;4;0;1;0;0;0;0;0;0;0;0;0;0;0;0;0;0;0;0;0;0;0;1;0;0;0;0;0;0;0;0;0;0;0;0;0;0;0;0;0;0;0;1;0;0;0;0;0;0;0;0;0;2;0;3;3;10;1;0;0;31;0;PALMAS;REGIÃO SUL;36;1
0.3560482712383871;2020-09-30;5;11;18;25;547;33;2;5;18;365;33;0;33;728;19;62;4;5;4;4;4;4;5;0;0;0;0;0;0;0;0;0;0;0;1;0;0;0;0;0;0;0;0;0;1;0;0;0;0;0;0;0;0;0;0;0;0;0;0;0;0;0;0;0;1;0;0;0;0;0;0;0;0;0;2;0;3;3;10;1;0;0;30;0;PALMAS;REGIÃO SUL;37;0
0.3656258979024998;2020-10-31;6;14;20;28;605;33;2;6;23;412;33;0;33;798;21;73;4;4;5;4;5;5;4;0;0;0;0;0;0;0;0;0;0;1;0;0;0;0;0;0;0;0;0;0;1;0;0;0;0;0;0;0;0;0;0;0;0;0;0;0;0;0;0;0;1;0;0;0;0;0;0;0;0;0;2;0;3;3;10;1;0;0;31;0;PALMAS;REGIÃO SUL;38;1
0.28981898285604824;2020-11-30;6;14;19;24;566;32;3;6;17;373;32;0;32;758;18;102;5;4;4;5;4;4;4;0;0;0;0;0;0;0;0;0;1;0;0;0;0;0;0;0;0;0;0;0;1;0;0;0;0;0;0;0;0;0;0;0;0;0;0;0;0;0;0;0;1;0;0;0;0;0;0;0;0;0;2;0;3;3;10;1;0;0;30;0;PALMAS;REGIÃO SUL;39;0
0.2703764007278996;2020-12-31;11;16;20;23;630;29;9;11;17;453;29;0;29;806;108;275;4;5;5;4;4;4;5;0;0;1;0;0;0;0;0;0;0;0;0;0;0;0;0;0;0;0;0;0;1;0;0;0;0;0;0;0;0;0;0;0;0;0;0;0;0;0;0;0;1;0;0;0;0;0;0;0;0;0;2;0;3;3;10;1;0;0;31;0;PALMAS;REGIÃO SUL;40;0
0.34905660377358494;2021-01-31;13;19;21;23;638;29;7;13;18;498;29;0;29;778;35;210;5;4;4;4;5;5;4;0;0;0;0;1;0;0;0;0;0;0;0;1;0;0;0;0;0;0;0;0;0;0;0;0;0;0;0;0;0;0;0;0;0;0;0;0;0;0;0;0;1;0;0;0;0;0;0;0;0;0;2;0;3;3;10;1;0;0;31;0;PALMAS;REGIÃO SUL;41;0
0.2587874724643233;2021-02-28;11;17;21;25;589;31;1;11;20;430;31;0;31;749;8;26;4;4;4;4;4;4;4;0;0;0;1;0;0;0;0;0;0;0;0;1;0;0;0;0;0;0;0;0;0;0;0;0;0;0;0;0;0;0;0;0;0;0;0;0;0;0;0;0;1;0;0;0;0;0;0;0;0;0;2;0;3;3;10;1;0;3;28;0;PALMAS;REGIÃO SUL;42;0
0.2703764007278996;2021-03-31;11;16;22;26;671;32;3;11;19;502;32;0;32;840;30;104;4;5;4;5;4;4;5;0;0;0;0;0;0;0;0;1;0;0;0;1;0;0;0;0;0;0;0;0;0;0;0;0;0;0;0;0;0;0;0;0;0;0;0;0;0;0;0;0;1;0;0;0;0;0;0;0;0;0;2;0;3;3;10;1;0;0;31;0;PALMAS;REGIÃO SUL;43;0
0.3156785748491524;2021-04-30;6;13;18;23;548;29;0;6;17;372;29;0;29;725;3;6;4;4;5;4;5;4;4;1;0;0;0;0;0;0;0;0;0;0;0;1;0;0;0;0;0;0;0;0;0;0;0;0;0;0;0;0;0;0;0;0;0;0;0;0;0;0;0;0;1;0;0;0;0;0;0;0;0;0;2;0;3;3;10;1;0;1;30;0;PALMAS;REGIÃO SUL;44;0
0.43070587108514513;2021-05-31;4;10;16;22;489;29;5;4;16;307;29;0;29;670;82;156;5;4;4;5;4;5;4;0;0;0;0;0;0;0;1;0;0;0;0;1;0;0;0;0;0;0;0;0;0;0;0;0;0;0;0;0;0;0;0;0;0;0;0;0;0;0;0;0;1;0;0;0;0;0;0;0;0;0;2;0;3;3;10;1;0;0;31;0;PALMAS;REGIÃO SUL;45;2
0.5010056507997318;2021-06-30;-2;3;14;22;408;27;4;-2;16;266;27;0;27;549;20;105;4;5;4;4;4;4;5;0;0;0;0;0;0;1;0;0;0;0;0;1;0;0;0;0;0;0;0;0;0;0;0;0;0;0;0;0;0;0;0;0;0;0;0;0;0;0;0;0;1;0;0;0;0;0;0;0;0;0;2;0;3;3;10;1;0;1;30;0;PALMAS;REGIÃO SUL;46;3
0.4811799636050187;2021-07-31;-4;3;13;21;407;27;2;-4;15;222;27;0;27;592;25;55;4;4;5;4;5;5;4;0;0;0;0;0;1;0;0;0;0;0;0;1;0;0;0;0;0;0;0;0;0;0;0;0;0;0;0;0;0;0;0;0;0;0;0;0;0;0;0;0;1;0;0;0;0;0;0;0;0;0;2;0;3;3;10;1;0;0;31;0;PALMAS;REGIÃO SUL;47;2
0.4589119816109568;2021-08-31;3;10;18;24;543;31;1;3;18;364;31;0;31;722;16;45;5;4;4;5;4;4;5;0;1;0;0;0;0;0;0;0;0;0;0;1;0;0;0;0;0;0;0;0;0;0;0;0;0;0;0;0;0;0;0;0;0;0;0;0;0;0;0;0;1;0;0;0;0;0;0;0;0;0;2;0;3;3;10;1;0;0;31;0;PALMAS;REGIÃO SUL;48;2
0.3961306388276985;2021-09-30;7;14;20;27;589;33;8;7;21;421;33;0;33;757;70;228;4;5;5;4;4;4;4;0;0;0;0;0;0;0;0;0;0;0;1;1;0;0;0;0;0;0;0;0;0;0;0;0;0;0;0;0;0;0;0;0;0;0;0;0;0;0;0;0;1;0;0;0;0;0;0;0;0;0;2;0;3;3;10;1;0;0;30;0;PALMAS;REGIÃO SUL;49;1
0.3639019251029595;2021-10-31;9;15;18;23;564;28;13;9;17;422;28;0;28;705;92;389;5;4;4;4;5;5;4;0;0;0;0;0;0;0;0;0;0;1;0;1;0;0;0;0;0;0;0;0;0;0;0;0;0;0;0;0;0;0;0;0;0;0;0;0;0;0;0;0;1;0;0;0;0;0;0;0;0;0;2;0;3;3;10;1;0;0;0;0;PALMAS;REGIÃO SUL;50;1
0.7150656067426492;2021-11-30;12;18;22;25;646;32;4;12;20;465;32;0;32;827;40;108;4;4;4;5;4;4;5;0;0;0;0;0;0;0;0;0;1;0;0;1;0;0;0;0;0;0;0;0;0;0;0;0;0;0;0;0;0;0;0;0;0;0;0;0;0;0;0;0;1;0;0;0;0;0;0;0;0;0;2;0;3;3;10;1;0;0;0;0;PALMAS;REGIÃO SUL;51;4
0.7068288478115123;2021-12-31;10;19;23;26;718;33;2;10;20;505;33;0;33;932;31;75;4;5;5;4;5;4;4;0;0;1;0;0;0;0;0;0;0;0;0;1;0;0;0;0;0;0;0;0;0;0;0;0;0;0;0;0;0;0;0;0;0;0;0;0;0;0;0;0;1;0;0;0;0;0;0;0;0;0;2;0;3;3;10;1;0;0;0;0;PALMAS;REGIÃO SUL;52;4
0.4188296140216454;2022-01-31;14;18;24;29;749;35;8;14;22;568;35;0;35;931;57;248;5;4;4;5;4;5;4;0;0;0;0;1;0;0;0;0;0;0;0;0;1;0;0;0;0;0;0;0;0;0;0;0;0;0;0;0;0;0;0;0;0;0;0;0;0;0;0;0;1;0;0;0;0;0;0;0;0;0;2;0;3;3;10;1;31;0;0;0;PALMAS;REGIÃO SUL;53;2
0.0;2022-02-28;11;18;23;26;650;32;5;11;22;483;32;0;32;817;40;141;4;4;4;4;4;4;4;0;0;0;1;0;0;0;0;0;0;0;0;0;1;0;0;0;0;0;0;0;0;0;0;0;0;0;0;0;0;0;0;0;0;0;0;0;0;0;0;0;1;0;0;0;0;0;0;0;0;0;2;0;3;3;10;1;0;1;0;0;PALMAS;REGIÃO SUL;54;0
0.896848960827507;2022-03-31;7;12;21;26;650;31;13;7;21;501;31;0;31;798;112;388;4;5;5;4;4;4;5;0;0;0;0;0;0;0;0;1;0;0;0;0;1;0;0;0;0;0;0;0;0;0;0;0;0;0;0;0;0;0;0;0;0;0;0;0;0;0;0;0;1;0;0;0;0;0;0;0;0;0;2;0;3;3;10;1;0;1;0;0;PALMAS;REGIÃO SUL;55;6
0.5512881907863232;2022-04-30;5;12;18;23;534;28;20;5;18;392;28;0;28;676;160;603;4;4;4;4;5;5;4;1;0;0;0;0;0;0;0;0;0;0;0;0;1;0;0;0;0;0;0;0;0;0;0;0;0;0;0;0;0;0;0;0;0;0;0;0;0;0;0;0;1;0;0;0;0;0;0;0;0;0;2;0;3;3;10;1;0;1;0;0;PALMAS;REGIÃO SUL;56;3
0.5509529738530792;2022-05-31;1;5;12;19;386;23;7;1;15;248;23;0;23;523;55;222;5;4;4;5;4;4;5;0;0;0;0;0;0;0;1;0;0;0;0;0;1;0;0;0;0;0;0;0;0;0;0;0;0;0;0;0;0;0;0;0;0;0;0;0;0;0;0;0;1;0;0;0;0;0;0;0;0;0;2;0;3;3;10;1;0;0;0;0;PALMAS;REGIÃO SUL;57;3
0.5498515467867062;2022-06-30;-2;4;12;17;360;22;8;-2;14;224;22;0;22;497;78;248;4;5;5;4;4;4;4;0;0;0;0;0;0;1;0;0;0;0;0;0;1;0;0;0;0;0;0;0;0;0;0;0;0;0;0;0;0;0;0;0;0;0;0;0;0;0;0;0;1;0;0;0;0;0;0;0;0;0;2;0;3;3;10;1;0;1;0;0;PALMAS;REGIÃO SUL;58;3
0.46781917440858156;2022-07-31;1;8;15;19;473;24;2;1;14;300;24;0;24;647;22;70;5;4;4;4;5;5;4;0;0;0;0;0;1;0;0;0;0;0;0;0;1;0;0;0;0;0;0;0;0;0;0;0;0;0;0;0;0;0;0;0;0;0;0;0;0;0;0;0;1;0;0;0;0;0;0;0;0;0;2;0;3;3;10;1;0;0;0;0;PALMAS;REGIÃO SUL;59;2
0.4930562206685183;2022-08-31;-2;4;13;19;405;25;9;-2;13;236;25;0;25;573;66;291;4;5;4;5;4;4;5;0;1;0;0;0;0;0;0;0;0;0;0;0;1;0;0;0;0;0;0;0;0;0;0;0;0;0;0;0;0;0;0;0;0;0;0;0;0;0;0;0;1;0;0;0;0;0;0;0;0;0;2;0;3;3;10;1;0;0;0;0;PALMAS;REGIÃO SUL;60;3
0.4148070108227181;2022-09-30;1;8;13;21;393;26;8;1;17;242;26;0;26;544;42;226;4;4;5;4;5;4;4;0;0;0;0;0;0;0;0;0;0;0;1;0;1;0;0;0;0;0;0;0;0;0;0;0;0;0;0;0;0;0;0;0;0;0;0;0;0;0;0;0;1;0;0;0;0;0;0;0;0;0;2;0;3;3;10;1;0;0;0;0;PALMAS;REGIÃO SUL;61;1
0.45594291734508186;2022-10-31;6;12;16;21;503;28;13;6;15;352;28;0;28;653;108;398;5;4;4;5;4;5;4;0;0;0;0;0;0;0;0;0;0;1;0;0;1;0;0;0;0;0;0;0;0;0;0;0;0;0;0;0;0;0;0;0;0;0;0;0;0;0;0;0;1;0;0;0;0;0;0;0;0;0;2;0;3;3;10;1;0;0;0;0;PALMAS;REGIÃO SUL;62;2
0.49094914280241353;2022-11-30;2;8;17;21;506;28;5;2;16;312;28;0;28;699;43;145;4;5;4;4;4;4;5;0;0;0;0;0;0;0;0;0;1;0;0;0;1;0;0;0;0;0;0;0;0;0;0;0;0;0;0;0;0;0;0;0;0;0;0;0;0;0;0;0;1;0;0;0;0;0;0;0;0;0;2;0;3;3;10;1;0;0;0;0;PALMAS;REGIÃO SUL;63;3
0.40249976055933334;2022-12-31;10;17;21;25;641;31;3;10;19;458;31;0;31;825;26;104;4;4;5;4;5;5;4;0;0;1;0;0;0;0;0;0;0;0;0;0;1;0;0;0;0;0;0;0;0;0;0;0;0;0;0;0;0;0;0;0;0;0;0;0;0;0;0;0;1;0;0;0;0;0;0;0;0;0;2;0;3;3;10;1;0;0;0;0;PALMAS;REGIÃO SUL;64;1
0.2956134469878364;2023-01-31;11;18;21;25;653;30;7;11;19;481;30;0;30;826;46;229;5;4;4;5;4;4;5;0;0;0;0;1;0;0;0;0;0;0;0;0;0;1;0;0;0;0;0;0;0;0;0;0;0;0;0;0;0;0;0;0;0;0;0;0;0;0;0;0;1;0;0;0;0;0;0;0;0;0;2;0;3;3;10;1;31;0;0;0;PALMAS;REGIÃO SUL;65;0
0.45321329374580976;2023-02-28;7;13;20;23;550;29;7;7;17;410;29;0;29;691;41;184;4;4;4;4;4;4;4;0;0;0;1;0;0;0;0;0;0;0;0;0;0;1;0;0;0;0;0;0;0;0;0;0;0;0;0;0;0;0;0;0;0;0;0;0;0;0;0;0;1;0;0;0;0;0;0;0;0;0;2;0;3;3;10;2;0;3;0;0;PALMAS;REGIÃO SUL;66;2
0.5390767167895796;2023-03-31;11;18;21;23;646;29;4;11;20;489;29;0;29;802;22;131;4;5;5;4;5;4;4;0;0;0;0;0;0;0;0;1;0;0;0;0;0;1;0;0;0;0;0;0;0;0;0;0;0;0;0;0;0;0;0;0;0;0;0;0;0;0;0;0;1;0;0;0;0;0;0;0;0;0;2;0;3;3;10;2;0;0;0;0;PALMAS;REGIÃO SUL;67;3
0.498132362800498;2023-04-30;4;10;17;20;498;27;4;4;15;342;27;0;27;653;61;125;5;4;4;4;4;5;4;1;0;0;0;0;0;0;0;0;0;0;0;0;0;1;0;0;0;0;0;0;0;0;0;0;0;0;0;0;0;0;0;0;0;0;0;0;0;0;0;0;1;0;0;0;0;0;0;0;0;0;2;0;3;3;10;2;0;1;0;0;PALMAS;REGIÃO SUL;68;3
0.6162723877023274;2023-05-31;5;10;16;20;486;24;4;5;17;330;24;0;24;641;28;130;4;5;4;5;4;4;5;0;0;0;0;0;0;0;1;0;0;0;0;0;0;1;0;0;0;0;0;0;0;0;0;0;0;0;0;0;0;0;0;0;0;0;0;0;0;0;0;0;1;0;0;0;0;0;0;0;0;0;2;0;3;3;10;2;0;0;0;0;PALMAS;REGIÃO SUL;69;4
0.6015707307729145;2023-06-30;2;6;14;17;410;23;4;2;14;273;23;0;23;548;64;113;4;4;5;4;5;4;4;0;0;0;0;0;0;1;0;0;0;0;0;0;0;1;0;0;0;0;0;0;0;0;0;0;0;0;0;0;0;0;0;0;0;0;0;0;0;0;0;0;1;0;0;0;0;0;0;0;0;0;2;0;3;3;10;2;0;1;0;0;PALMAS;REGIÃO SUL;70;3
0.8181687577818217;2023-07-31;2;6;14;19;441;23;5;2;15;306;23;0;23;575;61;157;5;4;4;5;4;5;4;0;0;0;0;0;1;0;0;0;0;0;0;0;0;1;0;0;0;0;0;0;0;0;0;0;0;0;0;0;0;0;0;0;0;0;0;0;0;0;0;0;1;0;0;0;0;0;0;0;0;0;2;0;3;3;10;2;15;0;0;0;PALMAS;REGIÃO SUL;71;5
0.8552820611052581;2023-08-31;0;8;16;23;481;28;8;0;17;315;28;0;28;648;79;235;4;5;5;4;4;4;5;0;1;0;0;0;0;0;0;0;0;0;0;0;0;1;0;0;0;0;0;0;0;0;0;0;0;0;0;0;0;0;0;0;0;0;0;0;0;0;0;0;1;0;0;0;0;0;0;0;0;0;2;0;3;3;10;2;0;0;0;0;PALMAS;REGIÃO SUL;72;6
0.3745809788334451;2023-09-30;4;10;18;25;546;31;7;4;19;397;31;0;31;696;48;212;4;4;4;4;5;5;4;0;0;0;0;0;0;0;0;0;0;0;1;0;0;1;0;0;0;0;0;0;0;0;0;0;0;0;0;0;0;0;0;0;0;0;0;0;0;0;0;0;1;0;0;0;0;0;0;0;0;0;2;0;3;3;10;2;0;0;0;0;PALMAS;REGIÃO SUL;73;1
0.34460300737477256;2023-10-31;8;11;17;20;534;27;17;8;16;406;27;0;27;663;121;542;5;4;4;5;4;4;5;0;0;0;0;0;0;0;0;0;0;1;0;0;0;1;0;0;0;0;0;0;0;0;0;0;0;0;0;0;0;0;0;0;0;0;0;0;0;0;0;0;1;0;0;0;0;0;0;0;0;0;2;0;3;3;10;2;0;0;0;0;PALMAS;REGIÃO SUL;74;0
0.38894741882961403;2023-11-30;5;11;19;25;579;31;13;5;19;444;31;0;31;715;75;380;4;5;5;4;4;4;4;0;0;0;0;0;0;0;0;0;1;0;0;0;0;1;0;0;0;0;0;0;0;0;0;0;0;0;0;0;0;0;0;0;0;0;0;0;0;0;0;0;1;0;0;0;0;0;0;0;0;0;2;0;3;3;10;2;0;0;0;0;PALMAS;REGIÃO SUL;75;1
0.26295374006321237;2023-12-31;13;16;21;26;664;33;5;13;21;510;33;0;33;817;31;152;5;4;4;4;5;5;4;0;0;1;0;0;0;0;0;0;0;0;0;0;0;1;0;0;0;0;0;0;0;0;0;0;0;0;0;0;0;0;0;0;0;0;0;0;0;0;0;0;1;0;0;0;0;0;0;0;0;0;2;0;3;3;10;2;0;0;0;0;PALMAS;REGIÃO SUL;76;0
0.19763432621396418;2024-01-31;11;17;21;24;653;30;3;11;20;497;30;0;30;809;28;102;4;5;4;5;4;4;5;0;0;0;0;1;0;0;0;0;0;0;0;0;0;0;1;0;0;0;0;0;0;0;0;0;0;0;0;0;0;0;0;0;0;0;0;0;0;0;0;0;1;0;0;0;0;0;0;0;0;0;2;0;3;3;10;2;31;0;0;0;PALMAS;REGIÃO SUL;77;0
0.5888803754429652;2024-02-29;15;17;22;24;631;30;4;15;19;487;30;0;30;775;32;128;4;4;5;4;4;4;4;0;0;0;1;0;0;0;0;0;0;0;0;0;0;0;1;0;0;0;0;0;0;0;0;0;0;0;0;0;0;0;0;0;0;0;0;0;0;0;0;0;1;0;0;0;0;0;0;0;0;0;2;0;3;3;10;2;0;3;0;0;PALMAS;REGIÃO SUL;78;3
0.7231587012738243;2024-03-31;12;17;21;24;656;31;5;12;19;505;31;0;31;807;44;168;5;4;4;4;5;5;4;0;0;0;0;0;0;0;0;1;0;0;0;0;0;0;1;0;0;0;0;0;0;0;0;0;0;0;0;0;0;0;0;0;0;0;0;0;0;0;0;0;1;0;0;0;0;0;0;0;0;0;3;0;3;3;10;3;0;1;0;0;PALMAS;REGIÃO SUL;79;4
0.4607796188104587;2024-04-30;8;14;19;23;574;29;3;8;19;446;29;0;29;701;41;96;4;4;4;5;4;4;5;1;0;0;0;0;0;0;0;0;0;0;0;0;0;0;1;0;0;0;0;0;0;0;0;0;0;0;0;0;0;0;0;0;0;0;0;0;0;0;0;0;1;0;0;0;0;0;0;0;0;0;3;0;3;3;10;3;0;0;0;0;PALMAS;REGIÃO SUL;80;2
0.48563356000383107;2024-05-31;2;6;15;22;467;27;7;2;18;338;27;0;27;595;62;220;4;5;5;4;5;4;4;0;0;0;0;0;0;0;1;0;0;0;0;0;0;0;1;0;0;0;0;0;0;0;0;0;0;0;0;0;0;0;0;0;0;0;0;0;0;0;0;0;1;0;0;0;0;0;0;0;0;0;3;0;3;3;10;3;0;1;0;30;PALMAS;REGIÃO SUL;81;2
0.48663921080356287;2024-06-30;-2;5;16;20;472;25;4;-2;16;335;25;0;25;609;43;108;5;4;4;4;4;5;4;0;0;0;0;0;0;1;0;0;0;0;0;0;0;0;1;0;0;0;0;0;0;0;0;0;0;0;0;0;0;0;0;0;0;0;0;0;0;0;0;0;1;0;0;0;0;0;0;0;0;0;3;0;3;3;10;3;0;0;0;30;PALMAS;REGIÃO SUL;82;3
0.8107460971171343;2024-07-31;-1;5;12;18;380;24;7;-1;13;240;24;0;24;520;62;217;4;5;4;5;4;4;5;0;0;0;0;0;1;0;0;0;0;0;0;0;0;0;1;0;0;0;0;0;0;0;0;0;0;0;0;0;0;0;0;0;0;0;0;0;0;0;0;0;1;0;0;0;0;0;0;0;0;0;3;0;3;3;10;3;12;0;0;0;PALMAS;REGIÃO SUL;83;5
0.880519107365195;2024-08-31;-3;5;15;22;456;29;2;-3;17;273;29;0;29;639;28;48;4;4;5;4;5;5;4;0;1;0;0;0;0;0;0;0;0;0;0;0;0;0;1;0;0;0;0;0;0;0;0;0;0;0;0;0;0;0;0;0;0;0;0;0;0;0;0;0;1;0;0;0;0;0;0;0;0;0;3;0;3;3;10;3;0;0;0;0;PALMAS;REGIÃO SUL;84;6
0.8213772627142994;2024-09-30;6;12;19;25;563;31;3;6;19;390;31;0;31;735;19;76;5;4;4;5;4;4;4;0;0;0;0;0;0;0;0;0;0;0;1;0;0;0;1;0;0;0;0;0;0;0;0;0;0;0;0;0;0;0;0;0;0;0;0;0;0;0;0;0;1;0;0;0;0;0;0;0;0;0;3;0;3;3;10;3;0;0;0;0;PALMAS;REGIÃO SUL;85;5
0.8181687577818217;2024-10-31;8;14;19;23;576;30;5;8;19;420;30;0;30;732;73;149;4;5;5;4;4;4;5;0;0;0;0;0;0;0;0;0;0;1;0;0;0;0;1;0;0;0;0;0;0;0;0;0;0;0;0;0;0;0;0;0;0;0;0;0;0;0;0;0;1;0;0;0;0;0;0;0;0;0;3;0;3;3;10;3;0;0;0;0;PALMAS;REGIÃO SUL;86;5
0.43533707865168536;2014-01-31;21;25;25;25;778;29;8;21;21;661;29;8;29;896;8;233;4;5;5;4;5;4;4;0;0;0;0;1;0;0;0;0;0;0;0;0;0;0;0;0;0;0;0;0;0;1;0;0;0;0;0;0;0;0;0;0;0;0;0;0;0;0;0;0;0;1;0;0;0;0;0;0;0;0;4;1;0;0;3;1;31;0;0;0;PARANAGUÁ;REGIÃO LESTE;1;3
0.7206179775280899;2014-02-28;21;25;25;25;691;28;6;21;21;587;28;6;28;795;6;181;4;4;4;4;4;4;4;0;0;0;1;0;0;0;0;0;0;0;0;0;0;0;0;0;0;0;0;0;0;1;0;0;0;0;0;0;0;0;0;0;0;0;0;0;0;0;0;0;0;1;0;0;0;0;0;0;0;0;5;1;0;0;3;1;0;0;0;0;PARANAGUÁ;REGIÃO LESTE;2;6
0.7924157303370787;2014-03-31;21;24;24;24;749;28;5;21;21;640;28;5;28;858;5;165;5;4;4;5;4;5;4;0;0;0;0;0;0;0;0;1;0;0;0;0;0;0;0;0;0;0;0;0;0;1;0;0;0;0;0;0;0;0;0;0;0;0;0;0;0;0;0;0;0;1;0;0;0;0;0;0;0;0;5;1;0;0;3;1;0;3;0;0;PARANAGUÁ;REGIÃO LESTE;3;6
0.5943258426966292;2014-04-30;18;22;22;22;664;26;3;18;18;555;26;3;26;772;3;92;4;5;4;4;4;4;5;1;0;0;0;0;0;0;0;0;0;0;0;0;0;0;0;0;0;0;0;0;0;1;0;0;0;0;0;0;0;0;0;0;0;0;0;0;0;0;0;0;0;1;0;0;0;0;0;0;0;0;5;1;0;0;3;1;0;1;0;0;PARANAGUÁ;REGIÃO LESTE;4;5
0.5736516853932584;2014-05-31;16;19;19;19;604;23;4;16;16;496;23;4;23;711;4;113;4;4;5;4;5;5;4;0;0;0;0;0;0;0;1;0;0;0;0;0;0;0;0;0;0;0;0;0;0;1;0;0;0;0;0;0;0;0;0;0;0;0;0;0;0;0;0;0;0;1;0;0;0;0;0;0;0;0;5;1;0;0;3;1;0;0;0;0;PARANAGUÁ;REGIÃO LESTE;5;5
0.4272191011235955;2014-06-30;14;18;18;18;543;22;4;14;14;429;22;4;22;656;4;108;5;4;4;5;4;4;4;0;0;0;0;0;0;1;0;0;0;0;0;0;0;0;0;0;0;0;0;0;0;1;0;0;0;0;0;0;0;0;0;0;0;0;0;0;0;0;0;0;0;1;0;0;0;0;0;0;0;0;5;1;0;0;3;1;0;1;0;0;PARANAGUÁ;REGIÃO LESTE;6;3
0.3476966292134831;2014-07-31;13;17;17;17;532;21;2;13;13;404;21;2;21;659;2;74;4;5;5;4;4;4;5;0;0;0;0;0;1;0;0;0;0;0;0;0;0;0;0;0;0;0;0;0;0;1;0;0;0;0;0;0;0;0;0;0;0;0;0;0;0;0;0;0;0;1;0;0;0;0;0;0;0;0;5;1;0;0;3;1;19;0;0;0;PARANAGUÁ;REGIÃO LESTE;7;2
0.4720224719101124;2014-08-31;14;18;18;18;549;22;4;14;14;427;22;4;22;672;4;122;5;4;4;4;5;5;4;0;1;0;0;0;0;0;0;0;0;0;0;0;0;0;0;0;0;0;0;0;0;1;0;0;0;0;0;0;0;0;0;0;0;0;0;0;0;0;0;0;0;1;0;0;0;0;0;0;0;0;5;1;0;0;3;1;0;0;0;0;PARANAGUÁ;REGIÃO LESTE;8;4
0.514747191011236;2014-09-30;16;20;20;20;591;23;4;16;16;476;23;4;23;705;4;108;4;4;4;5;4;4;5;0;0;0;0;0;0;0;0;0;0;0;1;0;0;0;0;0;0;0;0;0;0;1;0;0;0;0;0;0;0;0;0;0;0;0;0;0;0;0;0;0;0;1;0;0;0;0;0;0;0;0;5;1;0;0;3;1;0;0;0;0;PARANAGUÁ;REGIÃO LESTE;9;4
0.6083988764044944;2014-10-31;17;20;20;20;633;24;7;17;17;533;24;7;24;732;7;204;4;5;5;4;5;4;4;0;0;0;0;0;0;0;0;0;0;1;0;0;0;0;0;0;0;0;0;0;0;1;0;0;0;0;0;0;0;0;0;0;0;0;0;0;0;0;0;0;0;1;0;0;0;0;0;0;0;0;5;1;0;0;3;1;0;0;0;0;PARANAGUÁ;REGIÃO LESTE;10;5
0.722808988764045;2014-11-30;18;21;21;21;641;25;4;18;18;538;25;4;25;743;4;109;5;4;4;4;4;5;4;0;0;0;0;0;0;0;0;0;1;0;0;0;0;0;0;0;0;0;0;0;0;1;0;0;0;0;0;0;0;0;0;0;0;0;0;0;0;0;0;0;0;1;0;0;0;0;0;0;0;0;5;1;0;0;3;1;0;0;0;0;PARANAGUÁ;REGIÃO LESTE;11;6
0.5747752808988764;2014-12-31;20;24;24;24;741;28;5;20;20;626;28;5;28;855;5;140;4;5;4;5;4;4;5;0;0;1;0;0;0;0;0;0;0;0;0;0;0;0;0;0;0;0;0;0;0;1;0;0;0;0;0;0;0;0;0;0;0;0;0;0;0;0;0;0;0;1;0;0;0;0;0;0;0;0;4;1;1;0;3;1;0;0;0;0;PARANAGUÁ;REGIÃO LESTE;12;5
0.38390449438202245;2015-01-31;19;22;26;30;813;36;9;19;25;681;36;0;36;944;52;266;4;4;5;4;5;5;4;0;0;0;0;1;0;0;0;0;0;0;0;0;0;0;0;1;0;0;0;0;0;0;0;0;0;0;0;0;0;0;0;0;0;0;0;0;0;0;0;0;0;1;0;0;0;0;0;0;0;0;4;1;1;0;3;1;31;0;0;0;PARANAGUÁ;REGIÃO LESTE;13;3
0.6587078651685393;2015-02-28;19;21;25;29;702;35;13;19;24;599;35;0;35;804;78;357;4;4;4;4;4;4;4;0;0;0;1;0;0;0;0;0;0;0;0;0;0;0;0;1;0;0;0;0;0;0;0;0;0;0;0;0;0;0;0;0;0;0;0;0;0;0;0;0;0;1;0;0;0;0;0;0;0;0;4;1;1;0;3;1;0;3;0;0;PARANAGUÁ;REGIÃO LESTE;14;5
0.91438202247191;2015-03-31;18;21;24;26;738;30;6;18;23;637;30;0;30;839;62;180;5;4;4;5;4;4;5;0;0;0;0;0;0;0;0;1;0;0;0;0;0;0;0;1;0;0;0;0;0;0;0;0;0;0;0;0;0;0;0;0;0;0;0;0;0;0;0;0;0;1;0;0;0;0;0;0;0;0;4;1;1;0;3;1;0;0;0;0;PARANAGUÁ;REGIÃO LESTE;15;6
0.6271348314606742;2015-04-30;15;18;22;25;655;29;3;15;22;552;29;0;29;757;35;84;4;5;5;4;4;4;4;1;0;0;0;0;0;0;0;0;0;0;0;0;0;0;0;1;0;0;0;0;0;0;0;0;0;0;0;0;0;0;0;0;0;0;0;0;0;0;0;0;0;1;0;0;0;0;0;0;0;0;4;1;1;0;3;1;0;1;0;0;PARANAGUÁ;REGIÃO LESTE;16;5
0.5521629213483146;2015-05-31;12;15;20;23;610;28;4;12;21;520;28;0;28;700;60;136;5;4;4;4;5;5;4;0;0;0;0;0;0;0;1;0;0;0;0;0;0;0;0;1;0;0;0;0;0;0;0;0;0;0;0;0;0;0;0;0;0;0;0;0;0;0;0;0;0;1;0;0;0;0;0;0;0;0;4;1;1;0;3;1;0;0;0;0;PARANAGUÁ;REGIÃO LESTE;17;5
0.4649719101123596;2015-06-30;7;13;18;23;552;29;1;7;17;422;29;0;29;682;8;18;4;4;4;5;4;4;5;0;0;0;0;0;0;1;0;0;0;0;0;0;0;0;0;1;0;0;0;0;0;0;0;0;0;0;0;0;0;0;0;0;0;0;0;0;0;0;0;0;0;1;0;0;0;0;0;0;0;0;4;1;1;0;3;1;0;1;0;0;PARANAGUÁ;REGIÃO LESTE;18;4
0.2644662921348315;2015-07-31;10;13;18;23;560;29;7;10;18;455;29;0;29;666;64;210;4;5;5;4;5;4;4;0;0;0;0;0;1;0;0;0;0;0;0;0;0;0;0;1;0;0;0;0;0;0;0;0;0;0;0;0;0;0;0;0;0;0;0;0;0;0;0;0;0;1;0;0;0;0;0;0;0;0;4;1;1;0;3;1;15;0;0;3;PARANAGUÁ;REGIÃO LESTE;19;1
0.2421629213483146;2015-08-31;12;16;20;23;627;31;2;12;19;492;31;0;31;761;29;54;5;4;4;5;4;5;4;0;1;0;0;0;0;0;0;0;0;0;0;0;0;0;0;1;0;0;0;0;0;0;0;0;0;0;0;0;0;0;0;0;0;0;0;0;0;0;0;0;0;1;0;0;0;0;0;0;0;0;4;1;1;0;3;1;0;0;0;31;PARANAGUÁ;REGIÃO LESTE;20;1
0.32370786516853933;2015-09-30;11;15;21;26;621;35;5;11;21;510;35;0;35;733;34;150;4;5;4;4;4;4;5;0;0;0;0;0;0;0;0;0;0;0;1;0;0;0;0;1;0;0;0;0;0;0;0;0;0;0;0;0;0;0;0;0;0;0;0;0;0;0;0;0;0;1;0;0;0;0;0;0;0;0;4;1;1;0;3;1;0;0;0;30;PARANAGUÁ;REGIÃO LESTE;21;2
0.4416292134831461;2015-10-31;14;16;21;26;639;32;9;14;21;553;32;0;32;726;44;264;4;4;5;4;5;5;4;0;0;0;0;0;0;0;0;0;0;1;0;0;0;0;0;1;0;0;0;0;0;0;0;0;0;0;0;0;0;0;0;0;0;0;0;0;0;0;0;0;0;1;0;0;0;0;0;0;0;0;4;1;1;0;3;1;0;0;0;7;PARANAGUÁ;REGIÃO LESTE;22;4
0.49882022471910115;2015-11-30;16;18;22;27;659;34;5;16;22;573;34;0;34;745;40;156;5;4;4;5;4;4;4;0;0;0;0;0;0;0;0;0;1;0;0;0;0;0;0;1;0;0;0;0;0;0;0;0;0;0;0;0;0;0;0;0;0;0;0;0;0;0;0;0;0;1;0;0;0;0;0;0;0;0;4;1;1;0;3;1;0;0;0;0;PARANAGUÁ;REGIÃO LESTE;23;4
0.522247191011236;2015-12-31;16;19;25;30;773;34;7;16;26;659;34;0;34;886;52;230;4;5;5;4;4;4;5;0;0;1;0;0;0;0;0;0;0;0;0;0;0;0;0;1;0;0;0;0;0;0;0;0;0;0;0;0;0;0;0;0;0;0;0;0;0;0;0;0;0;1;0;0;0;0;0;0;0;0;4;1;1;0;3;1;0;0;0;0;PARANAGUÁ;REGIÃO LESTE;24;4
0.4770224719101124;2016-01-31;17;22;24;29;758;36;6;17;23;649;36;0;36;867;55;173;5;4;4;4;5;5;4;0;0;0;0;1;0;0;0;0;0;0;0;0;0;0;0;0;1;0;0;0;0;0;0;0;0;0;0;0;0;0;0;0;0;0;0;0;0;0;0;0;0;1;0;0;0;0;0;0;0;0;3;0;1;0;3;1;31;0;0;0;PARANAGUÁ;REGIÃO LESTE;25;4
0.5337359550561798;2016-02-29;19;23;26;30;745;36;13;19;25;652;36;0;36;837;60;372;4;4;4;5;4;4;4;0;0;0;1;0;0;0;0;0;0;0;0;0;0;0;0;0;1;0;0;0;0;0;0;0;0;0;0;0;0;0;0;0;0;0;0;0;0;0;0;0;0;1;0;0;0;0;0;0;0;0;3;0;1;0;3;1;0;3;0;0;PARANAGUÁ;REGIÃO LESTE;26;4
0.7871348314606742;2016-03-31;18;21;24;27;738;31;3;18;23;637;31;0;31;838;33;100;4;5;5;4;4;4;5;0;0;0;0;0;0;0;0;1;0;0;0;0;0;0;0;0;1;0;0;0;0;0;0;0;0;0;0;0;0;0;0;0;0;0;0;0;0;0;0;0;0;1;0;0;0;0;0;0;0;0;3;0;1;0;3;1;0;1;0;0;PARANAGUÁ;REGIÃO LESTE;27;6
0.766629213483146;2016-04-30;8;13;24;28;731;33;3;8;24;618;33;0;33;845;29;87;4;4;4;4;5;5;4;1;0;0;0;0;0;0;0;0;0;0;0;0;0;0;0;0;1;0;0;0;0;0;0;0;0;0;0;0;0;0;0;0;0;0;0;0;0;0;0;0;0;1;0;0;0;0;0;0;0;0;3;0;1;0;3;1;0;0;0;0;PARANAGUÁ;REGIÃO LESTE;28;6
0.39039325842696626;2016-05-31;9;15;18;22;556;25;4;9;19;474;25;0;25;637;35;139;5;4;4;5;4;4;5;0;0;0;0;0;0;0;1;0;0;0;0;0;0;0;0;0;1;0;0;0;0;0;0;0;0;0;0;0;0;0;0;0;0;0;0;0;0;0;0;0;0;1;0;0;0;0;0;0;0;0;3;0;1;0;3;1;0;1;0;0;PARANAGUÁ;REGIÃO LESTE;29;3
0.3008426966292135;2016-06-30;4;11;14;18;430;23;4;4;17;333;23;0;23;527;34;107;4;5;5;4;4;4;4;0;0;0;0;0;0;1;0;0;0;0;0;0;0;0;0;0;1;0;0;0;0;0;0;0;0;0;0;0;0;0;0;0;0;0;0;0;0;0;0;0;0;1;0;0;0;0;0;0;0;0;3;0;1;0;3;1;0;0;0;0;PARANAGUÁ;REGIÃO LESTE;30;2
0.22129213483146068;2016-07-31;5;10;16;22;502;27;6;5;17;380;27;0;27;623;95;195;5;4;4;4;5;5;4;0;0;0;0;0;1;0;0;0;0;0;0;0;0;0;0;0;1;0;0;0;0;0;0;0;0;0;0;0;0;0;0;0;0;0;0;0;0;0;0;0;0;1;0;0;0;0;0;0;0;0;3;0;1;0;3;1;14;0;0;0;PARANAGUÁ;REGIÃO LESTE;31;1
0.29025280898876404;2016-08-31;7;12;17;22;522;30;8;7;17;399;30;0;30;646;79;244;4;5;4;5;4;4;5;0;1;0;0;0;0;0;0;0;0;0;0;0;0;0;0;0;1;0;0;0;0;0;0;0;0;0;0;0;0;0;0;0;0;0;0;0;0;0;0;0;0;1;0;0;0;0;0;0;0;0;3;0;1;0;3;1;0;0;0;0;PARANAGUÁ;REGIÃO LESTE;32;2
0.273370786516854;2016-09-30;10;15;19;26;557;33;5;10;19;439;33;0;33;675;113;143;4;4;5;4;5;4;4;0;0;0;0;0;0;0;0;0;0;0;1;0;0;0;0;0;1;0;0;0;0;0;0;0;0;0;0;0;0;0;0;0;0;0;0;0;0;0;0;0;0;1;0;0;0;0;0;0;0;0;3;0;1;0;3;1;0;0;0;0;PARANAGUÁ;REGIÃO LESTE;33;1
0.21022471910112364;2016-10-31;13;16;20;26;613;32;5;13;21;524;32;0;32;702;39;158;5;4;4;5;4;5;4;0;0;0;0;0;0;0;0;0;0;1;0;0;0;0;0;0;1;0;0;0;0;0;0;0;0;0;0;0;0;0;0;0;0;0;0;0;0;0;0;0;0;1;0;0;0;0;0;0;0;0;3;0;1;0;3;1;0;0;0;0;PARANAGUÁ;REGIÃO LESTE;34;1
0.14971910112359552;2016-11-30;14;18;22;27;646;32;2;14;22;539;32;0;32;752;16;65;4;5;4;4;4;4;5;0;0;0;0;0;0;0;0;0;1;0;0;0;0;0;0;0;1;0;0;0;0;0;0;0;0;0;0;0;0;0;0;0;0;0;0;0;0;0;0;0;0;1;0;0;0;0;0;0;0;0;3;0;1;0;3;1;0;0;0;0;PARANAGUÁ;REGIÃO LESTE;35;0
0.30474719101123593;2016-12-31;15;18;24;30;748;36;3;15;24;631;36;0;36;865;19;90;4;4;5;4;5;5;4;0;0;1;0;0;0;0;0;0;0;0;0;0;0;0;0;0;1;0;0;0;0;0;0;0;0;0;0;0;0;0;0;0;0;0;0;0;0;0;0;0;0;1;0;0;0;0;0;0;0;0;3;0;1;0;3;1;0;0;0;0;PARANAGUÁ;REGIÃO LESTE;36;2
0.27075842696629215;2017-01-31;19;23;26;29;799;33;8;19;24;682;33;0;33;916;36;259;5;4;4;5;4;4;5;0;0;0;0;1;0;0;0;0;0;0;0;0;0;0;0;0;0;1;0;0;0;0;0;0;0;0;0;0;0;0;0;0;0;0;0;0;0;0;0;0;0;1;0;0;0;0;0;0;0;0;3;0;1;0;3;1;31;0;0;0;PARANAGUÁ;REGIÃO LESTE;37;1
0.5493820224719101;2017-02-28;20;23;26;28;726;33;5;20;23;613;33;0;33;839;26;141;4;4;4;4;4;4;4;0;0;0;1;0;0;0;0;0;0;0;0;0;0;0;0;0;0;1;0;0;0;0;0;0;0;0;0;0;0;0;0;0;0;0;0;0;0;0;0;0;0;1;0;0;0;0;0;0;0;0;3;0;1;0;3;1;0;2;0;0;PARANAGUÁ;REGIÃO LESTE;38;5
0.5193539325842697;2017-03-31;17;20;24;28;733;33;5;17;25;632;33;0;33;834;34;153;4;5;5;4;5;4;4;0;0;0;0;0;0;0;0;1;0;0;0;0;0;0;0;0;0;1;0;0;0;0;0;0;0;0;0;0;0;0;0;0;0;0;0;0;0;0;0;0;0;1;0;0;0;0;0;0;0;0;3;0;1;0;3;1;0;1;0;0;PARANAGUÁ;REGIÃO LESTE;39;4
0.3879213483146068;2017-04-30;12;17;21;26;636;30;5;12;22;538;30;0;30;734;31;136;5;4;4;4;4;5;4;1;0;0;0;0;0;0;0;0;0;0;0;0;0;0;0;0;0;1;0;0;0;0;0;0;0;0;0;0;0;0;0;0;0;0;0;0;0;0;0;0;0;1;0;0;0;0;0;0;0;0;3;0;1;0;3;1;0;1;0;0;PARANAGUÁ;REGIÃO LESTE;40;3
0.3469101123595506;2017-05-31;13;17;20;24;622;28;4;13;20;530;28;0;28;714;58;122;4;5;4;5;4;4;5;0;0;0;0;0;0;0;1;0;0;0;0;0;0;0;0;0;0;1;0;0;0;0;0;0;0;0;0;0;0;0;0;0;0;0;0;0;0;0;0;0;0;1;0;0;0;0;0;0;0;0;3;0;1;0;3;1;0;0;0;0;PARANAGUÁ;REGIÃO LESTE;41;2
0.23949438202247195;2017-06-30;8;13;19;24;555;29;3;8;20;439;29;0;29;671;32;90;4;4;5;4;5;4;4;0;0;0;0;0;0;1;0;0;0;0;0;0;0;0;0;0;0;1;0;0;0;0;0;0;0;0;0;0;0;0;0;0;0;0;0;0;0;0;0;0;0;1;0;0;0;0;0;0;0;0;3;0;1;0;3;1;0;1;0;0;PARANAGUÁ;REGIÃO LESTE;42;1
0.16255617977528095;2017-07-31;5;10;17;21;539;27;0;5;16;397;27;0;27;680;1;1;5;4;4;5;4;5;4;0;0;0;0;0;1;0;0;0;0;0;0;0;0;0;0;0;0;1;0;0;0;0;0;0;0;0;0;0;0;0;0;0;0;0;0;0;0;0;0;0;0;1;0;0;0;0;0;0;0;0;3;0;1;0;3;1;16;0;0;0;PARANAGUÁ;REGIÃO LESTE;43;1
0.24882022471910117;2017-08-31;10;14;18;23;566;30;4;10;17;452;30;0;30;680;35;136;4;5;5;4;4;4;5;0;1;0;0;0;0;0;0;0;0;0;0;0;0;0;0;0;0;1;0;0;0;0;0;0;0;0;0;0;0;0;0;0;0;0;0;0;0;0;0;0;0;1;0;0;0;0;0;0;0;0;3;0;1;0;3;2;0;0;0;0;PARANAGUÁ;REGIÃO LESTE;44;1
0.35522471910112363;2017-09-30;14;18;21;25;643;31;1;14;20;519;31;0;31;768;25;27;4;4;4;4;5;5;4;0;0;0;0;0;0;0;0;0;0;0;1;0;0;0;0;0;0;1;0;0;0;0;0;0;0;0;0;0;0;0;0;0;0;0;0;0;0;0;0;0;0;1;0;0;0;0;0;0;0;0;3;0;1;0;3;2;0;0;0;0;PARANAGUÁ;REGIÃO LESTE;45;2
0.3585955056179775;2017-10-31;12;18;21;26;660;33;9;12;20;537;33;0;33;783;65;270;5;4;4;5;4;4;5;0;0;0;0;0;0;0;0;0;0;1;0;0;0;0;0;0;0;1;0;0;0;0;0;0;0;0;0;0;0;0;0;0;0;0;0;0;0;0;0;0;0;1;0;0;0;0;0;0;0;0;3;0;1;0;3;2;0;0;0;0;PARANAGUÁ;REGIÃO LESTE;46;3
0.3669101123595505;2017-11-30;15;18;22;26;647;33;2;15;20;530;33;0;33;764;18;72;4;5;5;4;4;4;4;0;0;0;0;0;0;0;0;0;1;0;0;0;0;0;0;0;0;1;0;0;0;0;0;0;0;0;0;0;0;0;0;0;0;0;0;0;0;0;0;0;0;1;0;0;0;0;0;0;0;0;3;0;1;0;3;2;0;0;0;0;PARANAGUÁ;REGIÃO LESTE;47;3
0.3373595505617978;2017-12-31;18;20;24;27;739;33;6;18;24;630;33;0;33;847;38;180;5;4;4;4;5;5;4;0;0;1;0;0;0;0;0;0;0;0;0;0;0;0;0;0;0;1;0;0;0;0;0;0;0;0;0;0;0;0;0;0;0;0;0;0;0;0;0;0;0;1;0;0;0;0;0;0;0;0;3;0;1;0;3;2;0;0;0;0;PARANAGUÁ;REGIÃO LESTE;48;2
0.2710955056179776;2018-01-31;19;21;25;28;765;34;9;19;23;651;34;0;34;880;41;283;4;5;4;5;4;4;5;0;0;0;0;1;0;0;0;0;0;0;0;0;0;0;0;0;0;0;1;0;0;0;0;0;0;0;0;0;0;0;0;0;0;0;0;0;0;0;0;0;0;1;0;0;0;0;0;0;0;0;3;0;1;0;3;2;31;0;0;0;PARANAGUÁ;REGIÃO LESTE;49;1
0.48601123595505613;2018-02-28;18;20;24;28;665;31;2;18;24;559;31;0;31;770;13;44;4;4;4;4;4;4;4;0;0;0;1;0;0;0;0;0;0;0;0;0;0;0;0;0;0;0;1;0;0;0;0;0;0;0;0;0;0;0;0;0;0;0;0;0;0;0;0;0;0;1;0;0;0;0;0;0;0;0;3;0;1;0;4;2;0;3;0;0;PARANAGUÁ;REGIÃO LESTE;50;4
0.6968820224719101;2018-03-31;19;21;25;28;765;33;6;19;23;653;33;0;33;877;33;185;4;4;5;4;5;5;4;0;0;0;0;0;0;0;0;1;0;0;0;0;0;0;0;0;0;0;1;0;0;0;0;0;0;0;0;0;0;0;0;0;0;0;0;0;0;0;0;0;0;1;0;0;0;0;0;0;0;0;3;0;1;0;4;2;0;1;0;0;PARANAGUÁ;REGIÃO LESTE;51;6
0.6217415730337079;2018-04-30;16;20;23;26;693;31;1;16;23;568;31;0;31;819;14;38;5;4;4;5;4;4;4;1;0;0;0;0;0;0;0;0;0;0;0;0;0;0;0;0;0;0;1;0;0;0;0;0;0;0;0;0;0;0;0;0;0;0;0;0;0;0;0;0;0;1;0;0;0;0;0;0;0;0;3;0;1;0;4;2;0;0;0;0;PARANAGUÁ;REGIÃO LESTE;52;5
0.3854213483146067;2018-05-31;9;16;20;24;632;29;2;9;21;516;29;0;29;748;38;50;4;5;5;4;4;4;5;0;0;0;0;0;0;0;1;0;0;0;0;0;0;0;0;0;0;0;1;0;0;0;0;0;0;0;0;0;0;0;0;0;0;0;0;0;0;0;0;0;0;1;0;0;0;0;0;0;0;0;3;0;1;0;4;2;0;1;0;0;PARANAGUÁ;REGIÃO LESTE;53;3
0.3208426966292135;2018-06-30;7;12;18;24;531;29;5;7;22;429;29;0;29;633;30;150;4;4;4;4;5;5;4;0;0;0;0;0;0;1;0;0;0;0;0;0;0;0;0;0;0;0;1;0;0;0;0;0;0;0;0;0;0;0;0;0;0;0;0;0;0;0;0;0;0;1;0;0;0;0;0;0;0;0;3;0;1;0;4;2;0;0;0;0;PARANAGUÁ;REGIÃO LESTE;54;2
0.20449438202247192;2018-07-31;7;13;18;22;562;29;1;7;17;427;29;0;29;696;25;27;5;4;4;5;4;4;5;0;0;0;0;0;1;0;0;0;0;0;0;0;0;0;0;0;0;0;1;0;0;0;0;0;0;0;0;0;0;0;0;0;0;0;0;0;0;0;0;0;0;1;0;0;0;0;0;0;0;0;3;0;1;0;4;2;16;0;0;0;PARANAGUÁ;REGIÃO LESTE;55;1
0.2539606741573034;2018-08-31;8;13;17;21;526;27;2;8;16;410;27;0;27;642;36;60;4;5;5;4;5;4;4;0;1;0;0;0;0;0;0;0;0;0;0;0;0;0;0;0;0;0;1;0;0;0;0;0;0;0;0;0;0;0;0;0;0;0;0;0;0;0;0;0;0;1;0;0;0;0;0;0;0;0;3;0;1;0;4;2;0;0;0;0;PARANAGUÁ;REGIÃO LESTE;56;1
0.3436516853932584;2018-09-30;10;16;20;23;599;29;2;10;20;496;29;0;29;702;10;48;5;4;4;4;4;5;4;0;0;0;0;0;0;0;0;0;0;0;1;0;0;0;0;0;0;0;1;0;0;0;0;0;0;0;0;0;0;0;0;0;0;0;0;0;0;0;0;0;0;1;0;0;0;0;0;0;0;0;3;0;1;0;4;2;0;0;0;0;PARANAGUÁ;REGIÃO LESTE;57;2
0.3454213483146067;2018-10-31;15;16;20;26;632;31;6;15;20;539;31;0;31;724;22;172;4;5;4;5;4;4;5;0;0;0;0;0;0;0;0;0;0;1;0;0;0;0;0;0;0;0;1;0;0;0;0;0;0;0;0;0;0;0;0;0;0;0;0;0;0;0;0;0;0;1;0;0;0;0;0;0;0;0;3;0;1;0;4;2;0;0;0;0;PARANAGUÁ;REGIÃO LESTE;58;2
0.41926966292134826;2018-11-30;16;19;22;27;669;33;2;16;22;567;33;0;33;771;12;45;4;4;5;4;5;4;4;0;0;0;0;0;0;0;0;0;1;0;0;0;0;0;0;0;0;0;1;0;0;0;0;0;0;0;0;0;0;0;0;0;0;0;0;0;0;0;0;0;0;1;0;0;0;0;0;0;0;0;3;0;1;0;4;2;0;0;0;0;PARANAGUÁ;REGIÃO LESTE;59;3
0.4950842696629214;2018-12-31;15;19;25;29;781;35;6;15;24;646;35;0;35;917;54;194;5;4;4;5;4;5;4;0;0;1;0;0;0;0;0;0;0;0;0;0;0;0;0;0;0;0;1;0;0;0;0;0;0;0;0;0;0;0;0;0;0;0;0;0;0;0;0;0;0;1;0;0;0;0;0;0;0;0;3;0;1;0;4;2;0;0;0;0;PARANAGUÁ;REGIÃO LESTE;60;4
0.4737359550561798;2019-01-31;21;24;27;31;852;37;9;21;26;714;37;0;37;990;62;284;4;5;5;4;4;4;5;0;0;0;0;1;0;0;0;0;0;0;0;0;0;0;0;0;0;0;0;1;0;0;0;0;0;0;0;0;0;0;0;0;0;0;0;0;0;0;0;0;0;1;0;0;0;0;0;0;0;0;3;0;1;0;4;2;31;0;0;0;PARANAGUÁ;REGIÃO LESTE;61;4
0.6785955056179775;2019-02-28;18;20;25;30;691;36;6;18;25;586;36;0;36;795;51;181;4;4;4;4;4;4;4;0;0;0;1;0;0;0;0;0;0;0;0;0;0;0;0;0;0;0;0;1;0;0;0;0;0;0;0;0;0;0;0;0;0;0;0;0;0;0;0;0;0;1;0;0;0;0;0;0;0;0;3;0;1;0;4;2;0;0;0;0;PARANAGUÁ;REGIÃO LESTE;62;6
0.8413202247191011;2019-03-31;17;20;24;28;744;32;3;17;23;638;32;0;32;850;16;80;5;4;4;4;5;5;4;0;0;0;0;0;0;0;0;1;0;0;0;0;0;0;0;0;0;0;0;1;0;0;0;0;0;0;0;0;0;0;0;0;0;0;0;0;0;0;0;0;0;1;0;0;0;0;0;0;0;0;3;0;1;0;4;2;0;3;0;0;PARANAGUÁ;REGIÃO LESTE;63;6
0.7697752808988764;2019-04-30;17;20;23;29;701;33;3;17;24;594;33;0;33;808;33;85;4;4;4;5;4;4;5;1;0;0;0;0;0;0;0;0;0;0;0;0;0;0;0;0;0;0;0;1;0;0;0;0;0;0;0;0;0;0;0;0;0;0;0;0;0;0;0;0;0;1;0;0;0;0;0;0;0;0;3;0;1;0;4;2;0;1;0;0;PARANAGUÁ;REGIÃO LESTE;64;6
0.5701123595505618;2019-05-31;13;18;21;26;654;30;8;13;22;566;30;0;30;742;60;246;4;5;5;4;5;4;4;0;0;0;0;0;0;0;1;0;0;0;0;0;0;0;0;0;0;0;0;1;0;0;0;0;0;0;0;0;0;0;0;0;0;0;0;0;0;0;0;0;0;1;0;0;0;0;0;0;0;0;3;0;1;0;4;2;0;0;0;0;PARANAGUÁ;REGIÃO LESTE;65;5
0.4160674157303371;2019-06-30;12;16;20;24;598;31;3;12;18;469;31;0;31;728;33;91;5;4;4;4;4;5;4;0;0;0;0;0;0;1;0;0;0;0;0;0;0;0;0;0;0;0;0;1;0;0;0;0;0;0;0;0;0;0;0;0;0;0;0;0;0;0;0;0;0;1;0;0;0;0;0;0;0;0;3;0;1;0;4;2;0;1;0;0;PARANAGUÁ;REGIÃO LESTE;66;3
0.23738764044943825;2019-07-31;4;10;17;23;541;28;1;4;18;400;28;0;28;682;10;23;4;5;4;5;4;4;5;0;0;0;0;0;1;0;0;0;0;0;0;0;0;0;0;0;0;0;0;1;0;0;0;0;0;0;0;0;0;0;0;0;0;0;0;0;0;0;0;0;0;1;0;0;0;0;0;0;0;0;3;0;1;0;4;2;16;0;0;0;PARANAGUÁ;REGIÃO LESTE;67;1
0.34140449438202247;2019-08-31;8;11;17;23;540;31;1;8;17;420;31;0;31;661;11;21;4;4;5;4;5;5;4;0;1;0;0;0;0;0;0;0;0;0;0;0;0;0;0;0;0;0;0;1;0;0;0;0;0;0;0;0;0;0;0;0;0;0;0;0;0;0;0;0;0;1;0;0;0;0;0;0;0;0;3;0;1;0;4;2;0;0;0;0;PARANAGUÁ;REGIÃO LESTE;68;2
0.39629213483146064;2019-09-30;11;12;19;25;561;31;4;11;18;458;31;0;31;665;47;127;5;4;4;5;4;4;4;0;0;0;0;0;0;0;0;0;0;0;1;0;0;0;0;0;0;0;0;1;0;0;0;0;0;0;0;0;0;0;0;0;0;0;0;0;0;0;0;0;0;1;0;0;0;0;0;0;0;0;3;0;1;0;4;2;0;0;0;0;PARANAGUÁ;REGIÃO LESTE;69;3
0.5161797752808989;2019-10-31;16;18;22;26;690;32;3;16;21;561;32;0;32;819;28;91;4;5;5;4;4;4;5;0;0;0;0;0;0;0;0;0;0;1;0;0;0;0;0;0;0;0;0;1;0;0;0;0;0;0;0;0;0;0;0;0;0;0;0;0;0;0;0;0;0;1;0;0;0;0;0;0;0;0;3;0;1;0;4;2;0;0;0;0;PARANAGUÁ;REGIÃO LESTE;70;4
0.6065168539325843;2019-11-30;16;17;22;27;672;32;3;16;23;578;32;0;32;765;42;91;4;4;4;4;5;5;4;0;0;0;0;0;0;0;0;0;1;0;0;0;0;0;0;0;0;0;0;1;0;0;0;0;0;0;0;0;0;0;0;0;0;0;0;0;0;0;0;0;0;1;0;0;0;0;0;0;0;0;3;0;1;0;4;2;0;0;0;0;PARANAGUÁ;REGIÃO LESTE;71;5
0.41244382022471915;2019-12-31;17;19;24;27;730;32;2;17;26;624;32;0;32;836;16;70;5;4;4;5;4;4;5;0;0;1;0;0;0;0;0;0;0;0;0;0;0;0;0;0;0;0;0;1;0;0;0;0;0;0;0;0;0;0;0;0;0;0;0;0;0;0;0;0;0;1;0;0;0;0;0;0;0;0;3;0;1;0;4;2;0;0;0;0;PARANAGUÁ;REGIÃO LESTE;72;3
0.37435393258426963;2020-01-31;17;19;24;28;759;33;4;17;24;647;33;0;33;871;31;136;4;5;5;4;5;4;4;0;0;0;0;1;0;0;0;0;0;0;0;0;0;0;0;0;0;0;0;0;1;0;0;0;0;0;0;0;0;0;0;0;0;0;0;0;0;0;0;0;0;1;0;0;0;0;0;0;0;0;3;0;1;0;4;2;31;0;0;0;PARANAGUÁ;REGIÃO LESTE;73;3
0.6189325842696629;2020-02-29;15;20;24;28;683;32;3;15;25;592;32;0;32;774;23;73;4;4;4;4;4;5;4;0;0;0;1;0;0;0;0;0;0;0;0;0;0;0;0;0;0;0;0;0;1;0;0;0;0;0;0;0;0;0;0;0;0;0;0;0;0;0;0;0;0;1;0;0;0;0;0;0;0;0;3;0;1;0;4;2;0;3;0;0;PARANAGUÁ;REGIÃO LESTE;74;5
0.5668539325842696;2020-03-31;17;20;23;28;724;33;1;17;26;599;33;0;33;849;15;31;5;4;4;5;4;4;5;0;0;0;0;0;0;0;0;1;0;0;0;0;0;0;0;0;0;0;0;0;1;0;0;0;0;0;0;0;0;0;0;0;0;0;0;0;0;0;0;0;0;1;0;0;0;0;0;0;0;0;3;0;1;0;4;2;0;0;15;0;PARANAGUÁ;REGIÃO LESTE;75;5
0.111685393258427;2020-04-30;12;19;21;26;643;30;1;12;22;516;30;0;30;770;24;39;4;5;5;4;4;4;4;1;0;0;0;0;0;0;0;0;0;0;0;0;0;0;0;0;0;0;0;0;1;0;0;0;0;0;0;0;0;0;0;0;0;0;0;0;0;0;0;0;0;1;0;0;0;0;0;0;0;0;3;0;1;0;4;2;0;1;30;0;PARANAGUÁ;REGIÃO LESTE;76;0
0.04025280898876407;2020-05-31;6;14;18;23;570;27;2;6;20;425;27;0;27;715;29;59;5;4;4;4;5;5;4;0;0;0;0;0;0;0;1;0;0;0;0;0;0;0;0;0;0;0;0;0;1;0;0;0;0;0;0;0;0;0;0;0;0;0;0;0;0;0;0;0;0;1;0;0;0;0;0;0;0;0;3;0;1;0;4;2;0;0;31;0;PARANAGUÁ;REGIÃO LESTE;77;0
0.028146067415730364;2020-06-30;10;12;19;24;571;30;7;10;21;468;30;0;30;675;57;209;4;4;4;5;4;4;5;0;0;0;0;0;0;1;0;0;0;0;0;0;0;0;0;0;0;0;0;0;1;0;0;0;0;0;0;0;0;0;0;0;0;0;0;0;0;0;0;0;0;1;0;0;0;0;0;0;0;0;3;0;1;0;4;2;0;1;30;0;PARANAGUÁ;REGIÃO LESTE;78;0
0.03778089887640451;2020-07-31;5;11;17;22;533;27;1;5;19;408;27;0;27;657;11;22;4;5;5;4;5;4;4;0;0;0;0;0;1;0;0;0;0;0;0;0;0;0;0;0;0;0;0;0;1;0;0;0;0;0;0;0;0;0;0;0;0;0;0;0;0;0;0;0;0;1;0;0;0;0;0;0;0;0;3;0;1;0;4;2;0;0;31;0;PARANAGUÁ;REGIÃO LESTE;79;0
0.02907303370786518;2020-08-31;5;7;17;23;539;31;7;5;17;410;31;0;31;667;46;226;5;4;4;5;4;5;4;0;1;0;0;0;0;0;0;0;0;0;0;0;0;0;0;0;0;0;0;0;1;0;0;0;0;0;0;0;0;0;0;0;0;0;0;0;0;0;0;0;0;1;0;0;0;0;0;0;0;0;3;0;1;0;4;2;0;0;31;0;PARANAGUÁ;REGIÃO LESTE;80;0
0.059831460674157316;2020-09-30;11;12;20;25;611;33;1;11;19;481;33;0;33;740;18;41;4;5;4;4;4;4;5;0;0;0;0;0;0;0;0;0;0;0;1;0;0;0;0;0;0;0;0;0;1;0;0;0;0;0;0;0;0;0;0;0;0;0;0;0;0;0;0;0;0;1;0;0;0;0;0;0;0;0;3;0;1;0;4;2;0;0;30;0;PARANAGUÁ;REGIÃO LESTE;81;0
0.06390449438202248;2020-10-31;12;15;21;28;647;35;2;12;20;527;35;0;35;766;24;67;4;4;5;4;5;5;4;0;0;0;0;0;0;0;0;0;0;1;0;0;0;0;0;0;0;0;0;0;1;0;0;0;0;0;0;0;0;0;0;0;0;0;0;0;0;0;0;0;0;1;0;0;0;0;0;0;0;0;3;0;1;0;4;2;0;0;31;0;PARANAGUÁ;REGIÃO LESTE;82;0
0.08342696629213484;2020-11-30;11;15;21;27;632;33;5;11;21;518;33;0;33;746;56;161;5;4;4;5;4;4;4;0;0;0;0;0;0;0;0;0;1;0;0;0;0;0;0;0;0;0;0;0;1;0;0;0;0;0;0;0;0;0;0;0;0;0;0;0;0;0;0;0;0;1;0;0;0;0;0;0;0;0;3;0;1;0;4;2;0;0;30;0;PARANAGUÁ;REGIÃO LESTE;83;0
0.13705056179775285;2020-12-31;18;18;24;27;737;32;5;18;24;628;32;0;32;845;26;140;4;5;5;4;4;4;5;0;0;1;0;0;0;0;0;0;0;0;0;0;0;0;0;0;0;0;0;0;1;0;0;0;0;0;0;0;0;0;0;0;0;0;0;0;0;0;0;0;0;1;0;0;0;0;0;0;0;0;3;0;1;0;4;2;0;0;31;0;PARANAGUÁ;REGIÃO LESTE;84;0
0.1980056179775281;2021-01-31;17;20;24;28;759;32;7;17;24;668;32;0;32;851;38;230;5;4;4;4;5;5;4;0;0;0;0;1;0;0;0;0;0;0;0;1;0;0;0;0;0;0;0;0;0;0;0;0;0;0;0;0;0;0;0;0;0;0;0;0;0;0;0;0;0;1;0;0;0;0;0;0;0;0;3;0;1;0;4;2;0;0;31;0;PARANAGUÁ;REGIÃO LESTE;85;1
0.1467977528089888;2021-02-28;16;21;24;28;676;33;5;16;26;567;33;0;33;785;45;152;4;4;4;4;4;4;4;0;0;0;1;0;0;0;0;0;0;0;0;1;0;0;0;0;0;0;0;0;0;0;0;0;0;0;0;0;0;0;0;0;0;0;0;0;0;0;0;0;0;1;0;0;0;0;0;0;0;0;3;0;1;0;4;2;0;3;28;0;PARANAGUÁ;REGIÃO LESTE;86;0
0.14924157303370786;2021-03-31;17;21;24;27;756;32;9;17;23;644;32;0;32;868;31;281;4;5;4;5;4;4;5;0;0;0;0;0;0;0;0;1;0;0;0;1;0;0;0;0;0;0;0;0;0;0;0;0;0;0;0;0;0;0;0;0;0;0;0;0;0;0;0;0;0;1;0;0;0;0;0;0;0;0;3;0;1;0;4;2;0;0;31;0;PARANAGUÁ;REGIÃO LESTE;87;0
0.041292134831460686;2021-04-30;14;19;21;24;626;29;1;14;19;521;29;0;29;731;10;22;4;4;5;4;5;4;4;1;0;0;0;0;0;0;0;0;0;0;0;1;0;0;0;0;0;0;0;0;0;0;0;0;0;0;0;0;0;0;0;0;0;0;0;0;0;0;0;0;0;1;0;0;0;0;0;0;0;0;3;0;1;0;4;2;0;1;30;0;PARANAGUÁ;REGIÃO LESTE;88;0
0.03255617977528091;2021-05-31;8;15;19;23;581;28;5;8;19;462;28;0;28;700;47;151;5;4;4;5;4;5;4;0;0;0;0;0;0;0;1;0;0;0;0;1;0;0;0;0;0;0;0;0;0;0;0;0;0;0;0;0;0;0;0;0;0;0;0;0;0;0;0;0;0;1;0;0;0;0;0;0;0;0;3;0;1;0;4;2;0;0;31;0;PARANAGUÁ;REGIÃO LESTE;89;0
0.0;2021-06-30;5;10;17;22;521;26;5;5;18;424;26;0;26;618;50;160;4;5;4;4;4;4;5;0;0;0;0;0;0;1;0;0;0;0;0;1;0;0;0;0;0;0;0;0;0;0;0;0;0;0;0;0;0;0;0;0;0;0;0;0;0;0;0;0;0;1;0;0;0;0;0;0;0;0;3;0;1;0;4;2;0;1;30;0;PARANAGUÁ;REGIÃO LESTE;90;0
0.03168539325842698;2021-07-31;3;9;15;21;470;27;1;3;15;318;27;0;27;623;29;37;4;4;5;4;5;5;4;0;0;0;0;0;1;0;0;0;0;0;0;1;0;0;0;0;0;0;0;0;0;0;0;0;0;0;0;0;0;0;0;0;0;0;0;0;0;0;0;0;0;1;0;0;0;0;0;0;0;0;3;0;1;0;4;2;0;0;31;0;PARANAGUÁ;REGIÃO LESTE;91;0
0.06042134831460674;2021-08-31;10;12;18;23;550;30;4;10;22;438;30;0;30;661;35;129;5;4;4;5;4;4;5;0;1;0;0;0;0;0;0;0;0;0;0;1;0;0;0;0;0;0;0;0;0;0;0;0;0;0;0;0;0;0;0;0;0;0;0;0;0;0;0;0;0;1;0;0;0;0;0;0;0;0;3;0;1;0;4;2;0;0;31;0;PARANAGUÁ;REGIÃO LESTE;92;0
0.10786516853932585;2021-09-30;12;13;20;26;591;31;3;12;22;476;31;0;31;706;18;84;4;5;5;4;4;4;4;0;0;0;0;0;0;0;0;0;0;0;1;1;0;0;0;0;0;0;0;0;0;0;0;0;0;0;0;0;0;0;0;0;0;0;0;0;0;0;0;0;0;1;0;0;0;0;0;0;0;0;3;0;1;0;4;2;0;0;30;0;PARANAGUÁ;REGIÃO LESTE;93;0
0.09699438202247193;2021-10-31;12;15;18;22;569;26;7;12;19;499;26;0;26;639;54;216;5;4;4;4;5;5;4;0;0;0;0;0;0;0;0;0;0;1;0;1;0;0;0;0;0;0;0;0;0;0;0;0;0;0;0;0;0;0;0;0;0;0;0;0;0;0;0;0;0;1;0;0;0;0;0;0;0;0;3;0;1;0;4;2;0;0;0;0;PARANAGUÁ;REGIÃO LESTE;94;0
0.20393258426966296;2021-11-30;13;16;21;26;622;31;3;13;22;522;31;0;31;723;65;93;4;4;4;5;4;4;5;0;0;0;0;0;0;0;0;0;1;0;0;1;0;0;0;0;0;0;0;0;0;0;0;0;0;0;0;0;0;0;0;0;0;0;0;0;0;0;0;0;0;1;0;0;0;0;0;0;0;0;3;0;1;0;4;2;0;0;0;0;PARANAGUÁ;REGIÃO LESTE;95;1
0.2136797752808989;2021-12-31;14;18;23;27;702;32;6;14;23;584;32;0;32;820;44;176;4;5;5;4;5;4;4;0;0;1;0;0;0;0;0;0;0;0;0;1;0;0;0;0;0;0;0;0;0;0;0;0;0;0;0;0;0;0;0;0;0;0;0;0;0;0;0;0;0;1;0;0;0;0;0;0;0;0;3;0;1;0;4;2;0;0;0;0;PARANAGUÁ;REGIÃO LESTE;96;1
0.3390730337078651;2022-01-31;17;19;25;29;767;34;6;17;25;647;34;0;34;887;55;200;5;4;4;5;4;5;4;0;0;0;0;1;0;0;0;0;0;0;0;0;1;0;0;0;0;0;0;0;0;0;0;0;0;0;0;0;0;0;0;0;0;0;0;0;0;0;0;0;0;1;0;0;0;0;0;0;0;0;3;0;1;0;4;2;31;0;0;0;PARANAGUÁ;REGIÃO LESTE;97;2
0.7901685393258427;2022-02-28;15;21;25;28;699;33;3;15;24;577;33;0;33;821;33;74;4;4;4;4;4;4;4;0;0;0;1;0;0;0;0;0;0;0;0;0;1;0;0;0;0;0;0;0;0;0;0;0;0;0;0;0;0;0;0;0;0;0;0;0;0;0;0;0;0;1;0;0;0;0;0;0;0;0;3;0;1;0;4;2;0;1;0;0;PARANAGUÁ;REGIÃO LESTE;98;6
0.9303370786516855;2022-03-31;17;18;24;29;758;34;5;17;24;654;34;0;34;862;35;166;4;5;5;4;4;4;5;0;0;0;0;0;0;0;0;1;0;0;0;0;1;0;0;0;0;0;0;0;0;0;0;0;0;0;0;0;0;0;0;0;0;0;0;0;0;0;0;0;0;1;0;0;0;0;0;0;0;0;3;0;1;0;4;2;0;1;0;0;PARANAGUÁ;REGIÃO LESTE;99;6
0.4356741573033708;2022-04-30;11;16;21;25;624;31;6;11;21;520;31;0;31;728;56;188;4;4;4;4;5;5;4;1;0;0;0;0;0;0;0;0;0;0;0;0;1;0;0;0;0;0;0;0;0;0;0;0;0;0;0;0;0;0;0;0;0;0;0;0;0;0;0;0;0;1;0;0;0;0;0;0;0;0;3;0;1;0;4;2;0;1;0;0;PARANAGUÁ;REGIÃO LESTE;100;3
0.28769662921348316;2022-05-31;6;12;18;23;551;27;4;6;20;439;27;0;27;662;51;128;5;4;4;5;4;4;5;0;0;0;0;0;0;0;1;0;0;0;0;0;1;0;0;0;0;0;0;0;0;0;0;0;0;0;0;0;0;0;0;0;0;0;0;0;0;0;0;0;0;1;0;0;0;0;0;0;0;0;3;0;1;0;4;2;0;0;0;0;PARANAGUÁ;REGIÃO LESTE;101;2
0.3050561797752809;2022-06-30;5;11;17;24;519;28;4;5;20;420;28;0;28;617;44;128;4;5;5;4;4;4;4;0;0;0;0;0;0;1;0;0;0;0;0;0;1;0;0;0;0;0;0;0;0;0;0;0;0;0;0;0;0;0;0;0;0;0;0;0;0;0;0;0;0;1;0;0;0;0;0;0;0;0;3;0;1;0;4;2;0;1;0;0;PARANAGUÁ;REGIÃO LESTE;102;2
0.36171348314606744;2022-07-31;7;13;19;22;578;27;1;7;19;437;27;0;27;719;16;32;5;4;4;4;5;5;4;0;0;0;0;0;1;0;0;0;0;0;0;0;1;0;0;0;0;0;0;0;0;0;0;0;0;0;0;0;0;0;0;0;0;0;0;0;0;0;0;0;0;1;0;0;0;0;0;0;0;0;3;0;1;0;4;2;0;0;0;0;PARANAGUÁ;REGIÃO LESTE;103;3
0.3495224719101123;2022-08-31;5;8;16;21;510;27;5;5;20;413;27;0;27;607;50;142;4;5;4;5;4;4;5;0;1;0;0;0;0;0;0;0;0;0;0;0;1;0;0;0;0;0;0;0;0;0;0;0;0;0;0;0;0;0;0;0;0;0;0;0;0;0;0;0;0;1;0;0;0;0;0;0;0;0;3;0;1;0;4;2;0;0;0;0;PARANAGUÁ;REGIÃO LESTE;104;2
0.33792134831460674;2022-09-30;8;11;16;24;471;30;8;8;22;396;30;0;30;546;48;243;4;4;5;4;5;4;4;0;0;0;0;0;0;0;0;0;0;0;1;0;1;0;0;0;0;0;0;0;0;0;0;0;0;0;0;0;0;0;0;0;0;0;0;0;0;0;0;0;0;1;0;0;0;0;0;0;0;0;3;0;1;0;4;2;0;0;0;0;PARANAGUÁ;REGIÃO LESTE;105;2
0.4366011235955056;2022-10-31;10;14;20;25;618;30;6;10;21;511;30;0;30;726;44;192;5;4;4;5;4;5;4;0;0;0;0;0;0;0;0;0;0;1;0;0;1;0;0;0;0;0;0;0;0;0;0;0;0;0;0;0;0;0;0;0;0;0;0;0;0;0;0;0;0;1;0;0;0;0;0;0;0;0;3;0;1;0;4;2;0;0;0;0;PARANAGUÁ;REGIÃO LESTE;106;3
0.5123595505617977;2022-11-30;10;11;19;23;560;27;5;10;20;460;27;0;27;661;31;137;4;5;4;4;4;4;5;0;0;0;0;0;0;0;0;0;1;0;0;0;1;0;0;0;0;0;0;0;0;0;0;0;0;0;0;0;0;0;0;0;0;0;0;0;0;0;0;0;0;1;0;0;0;0;0;0;0;0;3;0;1;0;4;2;0;0;0;0;PARANAGUÁ;REGIÃO LESTE;107;4
0.6647471910112359;2022-12-31;16;18;23;27;701;32;3;16;23;598;32;0;32;803;20;103;4;4;5;4;5;5;4;0;0;1;0;0;0;0;0;0;0;0;0;0;1;0;0;0;0;0;0;0;0;0;0;0;0;0;0;0;0;0;0;0;0;0;0;0;0;0;0;0;0;1;0;0;0;0;0;0;0;0;3;0;1;0;4;2;0;0;0;0;PARANAGUÁ;REGIÃO LESTE;108;5
0.4801404494382022;2023-01-31;15;19;24;26;746;32;10;15;23;624;32;0;32;868;50;323;5;4;4;5;4;4;5;0;0;0;0;1;0;0;0;0;0;0;0;0;0;1;0;0;0;0;0;0;0;0;0;0;0;0;0;0;0;0;0;0;0;0;0;0;0;0;0;0;0;1;0;0;0;0;0;0;0;0;3;0;1;0;4;2;31;0;0;0;PARANAGUÁ;REGIÃO LESTE;109;4
0.8963483146067416;2023-02-28;16;17;24;26;671;31;8;16;23;571;31;0;31;770;94;218;4;4;4;4;4;4;4;0;0;0;1;0;0;0;0;0;0;0;0;0;0;1;0;0;0;0;0;0;0;0;0;0;0;0;0;0;0;0;0;0;0;0;0;0;0;0;0;0;0;1;0;0;0;0;0;0;0;0;3;0;1;0;4;2;0;3;0;0;PARANAGUÁ;REGIÃO LESTE;110;6
1.0000000000000002;2023-03-31;17;21;25;27;763;32;13;17;23;643;32;0;32;884;110;393;4;5;5;4;5;4;4;0;0;0;0;0;0;0;0;1;0;0;0;0;0;1;0;0;0;0;0;0;0;0;0;0;0;0;0;0;0;0;0;0;0;0;0;0;0;0;0;0;0;1;0;0;0;0;0;0;0;0;3;0;1;0;4;2;0;0;0;0;PARANAGUÁ;REGIÃO LESTE;111;6
0.6050561797752809;2023-04-30;11;16;21;25;623;30;4;11;21;523;30;0;30;722;52;131;5;4;4;4;4;5;4;1;0;0;0;0;0;0;0;0;0;0;0;0;0;1;0;0;0;0;0;0;0;0;0;0;0;0;0;0;0;0;0;0;0;0;0;0;0;0;0;0;0;1;0;0;0;0;0;0;0;0;3;0;1;0;4;2;0;1;0;0;PARANAGUÁ;REGIÃO LESTE;112;5
0.5846348314606742;2023-05-31;10;15;20;25;610;28;2;10;22;487;28;0;28;734;24;64;4;5;4;5;4;4;5;0;0;0;0;0;0;0;1;0;0;0;0;0;0;1;0;0;0;0;0;0;0;0;0;0;0;0;0;0;0;0;0;0;0;0;0;0;0;0;0;0;0;1;0;0;0;0;0;0;0;0;3;0;1;0;4;2;0;0;0;0;PARANAGUÁ;REGIÃO LESTE;113;5
0.38005617977528094;2023-06-30;9;13;18;23;538;28;3;9;19;412;28;0;28;664;28;92;4;4;5;4;5;4;4;0;0;0;0;0;0;1;0;0;0;0;0;0;0;1;0;0;0;0;0;0;0;0;0;0;0;0;0;0;0;0;0;0;0;0;0;0;0;0;0;0;0;1;0;0;0;0;0;0;0;0;3;0;1;0;4;2;0;1;0;0;PARANAGUÁ;REGIÃO LESTE;114;3
0.2789887640449439;2023-07-31;6;11;17;22;527;26;4;6;19;432;26;0;26;622;60;137;5;4;4;5;4;5;4;0;0;0;0;0;1;0;0;0;0;0;0;0;0;1;0;0;0;0;0;0;0;0;0;0;0;0;0;0;0;0;0;0;0;0;0;0;0;0;0;0;0;1;0;0;0;0;0;0;0;0;3;0;1;0;4;2;15;0;0;0;PARANAGUÁ;REGIÃO LESTE;115;1
0.42789325842696635;2023-08-31;8;11;18;26;555;30;5;8;23;442;30;0;30;668;50;158;4;5;5;4;4;4;5;0;1;0;0;0;0;0;0;0;0;0;0;0;0;1;0;0;0;0;0;0;0;0;0;0;0;0;0;0;0;0;0;0;0;0;0;0;0;0;0;0;0;1;0;0;0;0;0;0;0;0;3;0;1;0;4;2;0;0;0;0;PARANAGUÁ;REGIÃO LESTE;116;3
0.5898876404494382;2023-09-30;11;14;21;27;622;33;6;11;24;509;33;0;33;734;58;175;4;4;4;4;5;5;4;0;0;0;0;0;0;0;0;0;0;0;1;0;0;1;0;0;0;0;0;0;0;0;0;0;0;0;0;0;0;0;0;0;0;0;0;0;0;0;0;0;0;1;0;0;0;0;0;0;0;0;3;0;1;0;4;2;0;0;0;0;PARANAGUÁ;REGIÃO LESTE;117;5
0.47317415730337076;2023-10-31;13;14;20;25;619;31;16;13;22;536;31;0;31;702;85;505;5;4;4;5;4;4;5;0;0;0;0;0;0;0;0;0;0;1;0;0;0;1;0;0;0;0;0;0;0;0;0;0;0;0;0;0;0;0;0;0;0;0;0;0;0;0;0;0;0;1;0;0;0;0;0;0;0;0;3;0;1;0;4;2;0;0;0;0;PARANAGUÁ;REGIÃO LESTE;118;4
0.7078651685393259;2023-11-30;11;17;22;27;656;34;5;11;23;556;34;0;34;756;38;159;4;5;5;4;4;4;4;0;0;0;0;0;0;0;0;0;1;0;0;0;0;1;0;0;0;0;0;0;0;0;0;0;0;0;0;0;0;0;0;0;0;0;0;0;0;0;0;0;0;1;0;0;0;0;0;0;0;0;3;0;1;0;4;2;0;0;0;0;PARANAGUÁ;REGIÃO LESTE;119;6
0.7135112359550562;2023-12-31;16;19;24;29;757;35;3;16;24;637;35;0;35;878;55;79;5;4;4;4;5;5;4;0;0;1;0;0;0;0;0;0;0;0;0;0;0;1;0;0;0;0;0;0;0;0;0;0;0;0;0;0;0;0;0;0;0;0;0;0;0;0;0;0;0;1;0;0;0;0;0;0;0;0;3;0;1;0;4;2;0;0;0;0;PARANAGUÁ;REGIÃO LESTE;120;6
0.5846348314606742;2024-01-31;16;19;25;29;763;36;6;16;26;645;36;0;36;882;66;176;4;5;4;5;4;4;5;0;0;0;0;1;0;0;0;0;0;0;0;0;0;0;1;0;0;0;0;0;0;0;0;0;0;0;0;0;0;0;0;0;0;0;0;0;0;0;0;0;0;1;0;0;0;0;0;0;0;0;3;0;1;0;4;2;31;0;0;0;PARANAGUÁ;REGIÃO LESTE;121;5
0.9303651685393258;2024-02-29;19;20;25;29;725;33;7;19;24;616;33;0;33;834;52;213;4;4;5;4;4;4;4;0;0;0;1;0;0;0;0;0;0;0;0;0;0;0;1;0;0;0;0;0;0;0;0;0;0;0;0;0;0;0;0;0;0;0;0;0;0;0;0;0;0;1;0;0;0;0;0;0;0;0;4;0;1;0;4;2;0;3;0;0;PARANAGUÁ;REGIÃO LESTE;122;6
0.7675000000000001;2024-03-31;17;19;25;30;773;35;3;17;26;664;35;0;35;882;60;83;5;4;4;4;5;5;4;0;0;0;0;0;0;0;0;1;0;0;0;0;0;0;1;0;0;0;0;0;0;0;0;0;0;0;0;0;0;0;0;0;0;0;0;0;0;0;0;0;0;1;0;0;0;0;0;0;0;0;4;0;1;0;4;2;0;1;0;0;PARANAGUÁ;REGIÃO LESTE;123;6
0.4693820224719101;2024-04-30;12;18;23;28;702;33;4;12;24;595;33;0;33;810;70;113;4;4;4;5;4;4;5;1;0;0;0;0;0;0;0;0;0;0;0;0;0;0;1;0;0;0;0;0;0;0;0;0;0;0;0;0;0;0;0;0;0;0;0;0;0;0;0;0;0;1;0;0;0;0;0;0;0;0;4;0;1;0;4;2;0;0;0;0;PARANAGUÁ;REGIÃO LESTE;124;4
0.3329775280898877;2024-05-31;7;14;21;26;649;31;1;7;22;541;31;0;31;757;17;37;4;5;5;4;5;4;4;0;0;0;0;0;0;0;1;0;0;0;0;0;0;0;1;0;0;0;0;0;0;0;0;0;0;0;0;0;0;0;0;0;0;0;0;0;0;0;0;0;0;1;0;0;0;0;0;0;0;0;4;0;1;0;4;2;0;1;0;30;PARANAGUÁ;REGIÃO LESTE;125;2
0.23848314606741575;2024-06-30;7;12;20;23;611;29;1;7;19;472;29;0;29;749;17;37;5;4;4;4;4;5;4;0;0;0;0;0;0;1;0;0;0;0;0;0;0;0;1;0;0;0;0;0;0;0;0;0;0;0;0;0;0;0;0;0;0;0;0;0;0;0;0;0;0;1;0;0;0;0;0;0;0;0;4;0;1;0;4;2;0;0;0;30;PARANAGUÁ;REGIÃO LESTE;126;1
0.3120786516853933;2024-07-31;7;12;16;20;504;27;2;7;17;388;27;0;27;621;19;52;4;5;4;5;4;4;5;0;0;0;0;0;1;0;0;0;0;0;0;0;0;0;1;0;0;0;0;0;0;0;0;0;0;0;0;0;0;0;0;0;0;0;0;0;0;0;0;0;0;1;0;0;0;0;0;0;0;0;4;0;1;0;4;2;12;0;0;0;PARANAGUÁ;REGIÃO LESTE;127;2
0.4470505617977528;2024-08-31;4;9;18;24;558;31;2;4;19;390;31;0;31;726;28;47;4;4;5;4;5;5;4;0;1;0;0;0;0;0;0;0;0;0;0;0;0;0;1;0;0;0;0;0;0;0;0;0;0;0;0;0;0;0;0;0;0;0;0;0;0;0;0;0;0;1;0;0;0;0;0;0;0;0;4;0;1;0;4;2;0;0;0;0;PARANAGUÁ;REGIÃO LESTE;128;4
0.46685393258426966;2024-09-30;12;13;21;25;628;33;1;12;20;480;33;0;33;776;13;45;5;4;4;5;4;4;4;0;0;0;0;0;0;0;0;0;0;0;1;0;0;0;1;0;0;0;0;0;0;0;0;0;0;0;0;0;0;0;0;0;0;0;0;0;0;0;0;0;0;1;0;0;0;0;0;0;0;0;4;0;1;0;4;2;0;0;0;0;PARANAGUÁ;REGIÃO LESTE;129;4
0.7187359550561798;2024-10-31;13;14;21;26;638;33;3;13;21;543;33;0;33;733;29;108;4;5;5;4;4;4;5;0;0;0;0;0;0;0;0;0;0;1;0;0;0;0;1;0;0;0;0;0;0;0;0;0;0;0;0;0;0;0;0;0;0;0;0;0;0;0;0;0;0;1;0;0;0;0;0;0;0;0;4;0;1;0;4;2;0;0;0;0;PARANAGUÁ;REGIÃO LESTE;130;6
0.34912063599205;2014-02-28;22;27;27;27;743;31;5;22;22;606;31;5;31;879;5;131;4;4;4;4;4;4;4;0;0;0;1;0;0;0;0;0;0;0;0;0;0;0;0;0;0;0;0;0;0;1;0;0;0;0;0;0;0;0;0;0;0;0;0;0;0;0;0;0;0;0;1;0;0;0;0;0;0;0;3;2;0;0;2;0;0;0;0;0;PARANAVAÍ;REGIÃO NORTE;1;3
0.3251584355195559;2014-03-31;21;26;26;26;814;31;4;21;21;666;31;4;31;962;4;114;5;4;4;5;4;5;4;0;0;0;0;0;0;0;0;1;0;0;0;0;0;0;0;0;0;0;0;0;0;1;0;0;0;0;0;0;0;0;0;0;0;0;0;0;0;0;0;0;0;0;1;0;0;0;0;0;0;0;3;2;0;0;2;0;0;3;0;0;PARANAVAÍ;REGIÃO NORTE;2;3
0.2897213784827689;2014-04-30;19;24;24;24;732;30;4;19;19;579;30;4;30;885;4;112;4;5;4;4;4;4;5;1;0;0;0;0;0;0;0;0;0;0;0;0;0;0;0;0;0;0;0;0;0;1;0;0;0;0;0;0;0;0;0;0;0;0;0;0;0;0;0;0;0;0;1;0;0;0;0;0;0;0;3;2;0;0;2;0;0;1;0;0;PARANAVAÍ;REGIÃO NORTE;3;2
0.22735965800427493;2014-05-31;17;21;21;21;658;26;3;17;17;516;26;3;26;800;3;92;4;4;5;4;5;5;4;0;0;0;0;0;0;0;1;0;0;0;0;0;0;0;0;0;0;0;0;0;0;1;0;0;0;0;0;0;0;0;0;0;0;0;0;0;0;0;0;0;0;0;1;0;0;0;0;0;0;0;3;2;0;0;2;0;0;0;0;0;PARANAVAÍ;REGIÃO NORTE;4;1
0.14624817189785128;2014-06-30;16;20;20;20;608;25;2;16;16;468;25;2;25;749;2;72;5;4;4;5;4;4;4;0;0;0;0;0;0;1;0;0;0;0;0;0;0;0;0;0;0;0;0;0;0;1;0;0;0;0;0;0;0;0;0;0;0;0;0;0;0;0;0;0;0;0;1;0;0;0;0;0;0;0;3;2;0;0;2;0;0;1;0;0;PARANAVAÍ;REGIÃO NORTE;5;1
0.1808602392470094;2014-07-31;15;20;20;20;622;25;2;15;15;453;25;2;25;790;2;76;4;5;5;4;4;4;5;0;0;0;0;0;1;0;0;0;0;0;0;0;0;0;0;0;0;0;0;0;0;1;0;0;0;0;0;0;0;0;0;0;0;0;0;0;0;0;0;0;0;0;1;0;0;0;0;0;0;0;3;2;0;0;2;0;19;0;0;0;PARANAVAÍ;REGIÃO NORTE;6;1
0.2698466269171635;2014-08-31;16;22;22;22;667;27;5;16;16;498;27;5;27;836;5;147;5;4;4;4;5;5;4;0;1;0;0;0;0;0;0;0;0;0;0;0;0;0;0;0;0;0;0;0;0;1;0;0;0;0;0;0;0;0;0;0;0;0;0;0;0;0;0;0;0;0;1;0;0;0;0;0;0;0;3;2;0;0;2;0;0;0;0;0;PARANAVAÍ;REGIÃO NORTE;7;2
0.31282108973637823;2014-09-30;18;24;24;24;725;30;5;18;18;550;30;5;30;901;5;135;4;4;4;5;4;4;5;0;0;0;0;0;0;0;0;0;0;0;1;0;0;0;0;0;0;0;0;0;0;1;0;0;0;0;0;0;0;0;0;0;0;0;0;0;0;0;0;0;0;0;1;0;0;0;0;0;0;0;3;2;0;0;2;0;0;0;0;0;PARANAVAÍ;REGIÃO NORTE;8;2
0.34848314396070046;2014-10-31;20;25;25;25;786;30;7;20;20;628;30;7;30;944;7;232;4;5;5;4;5;4;4;0;0;0;0;0;0;0;0;0;0;1;0;0;0;0;0;0;0;0;0;0;0;1;0;0;0;0;0;0;0;0;0;0;0;0;0;0;0;0;0;0;0;0;1;0;0;0;0;0;0;0;3;2;0;0;2;0;0;0;0;0;PARANAVAÍ;REGIÃO NORTE;9;3
0.4428319646004425;2014-11-30;21;26;26;26;773;31;4;21;21;618;31;4;31;929;4;116;5;4;4;4;4;5;4;0;0;0;0;0;0;0;0;0;1;0;0;0;0;0;0;0;0;0;0;0;0;1;0;0;0;0;0;0;0;0;0;0;0;0;0;0;0;0;0;0;0;0;1;0;0;0;0;0;0;0;3;2;0;0;2;0;0;0;0;0;PARANAVAÍ;REGIÃO NORTE;10;4
0.33535830802114974;2014-12-31;21;26;26;26;817;31;5;21;21;666;31;5;31;968;5;143;4;5;4;5;4;4;5;0;0;1;0;0;0;0;0;0;0;0;0;0;0;0;0;0;0;0;0;0;0;1;0;0;0;0;0;0;0;0;0;0;0;0;0;0;0;0;0;0;0;0;1;0;0;0;0;0;0;0;3;2;0;0;2;0;0;0;0;0;PARANAVAÍ;REGIÃO NORTE;11;3
0.2165972925338433;2015-01-31;21;26;28;31;867;37;4;21;25;709;37;0;37;1025;27;129;4;4;5;4;5;5;4;0;0;0;0;1;0;0;0;0;0;0;0;0;0;0;0;1;0;0;0;0;0;0;0;0;0;0;0;0;0;0;0;0;0;0;0;0;0;0;0;0;0;0;1;0;0;0;0;0;0;0;3;2;0;0;2;0;31;0;0;0;PARANAVAÍ;REGIÃO NORTE;12;1
0.32538343270709114;2015-02-28;20;23;26;28;730;33;6;20;24;607;33;0;33;853;56;164;4;4;4;4;4;4;4;0;0;0;1;0;0;0;0;0;0;0;0;0;0;0;0;1;0;0;0;0;0;0;0;0;0;0;0;0;0;0;0;0;0;0;0;0;0;0;0;0;0;0;1;0;0;0;0;0;0;0;3;2;0;0;2;0;0;3;0;0;PARANAVAÍ;REGIÃO NORTE;13;3
0.5820302246221921;2015-03-31;18;23;25;27;786;33;2;18;23;648;33;0;33;924;11;51;5;4;4;5;4;4;5;0;0;0;0;0;0;0;0;1;0;0;0;0;0;0;0;1;0;0;0;0;0;0;0;0;0;0;0;0;0;0;0;0;0;0;0;0;0;0;0;0;0;0;1;0;0;0;0;0;0;0;3;1;0;0;2;0;0;0;0;0;PARANAVAÍ;REGIÃO NORTE;14;5
0.45261934225822176;2015-04-30;15;21;24;27;721;32;3;15;23;573;32;0;32;870;27;90;4;5;5;4;4;4;4;1;0;0;0;0;0;0;0;0;0;0;0;0;0;0;0;1;0;0;0;0;0;0;0;0;0;0;0;0;0;0;0;0;0;0;0;0;0;0;0;0;0;0;1;0;0;0;0;0;0;0;3;1;0;0;2;0;0;1;0;0;PARANAVAÍ;REGIÃO NORTE;15;4
0.39464506693666324;2015-05-31;11;13;20;25;629;28;5;11;21;510;28;0;28;748;72;152;5;4;4;4;5;5;4;0;0;0;0;0;0;0;1;0;0;0;0;0;0;0;0;1;0;0;0;0;0;0;0;0;0;0;0;0;0;0;0;0;0;0;0;0;0;0;0;0;0;0;1;0;0;0;0;0;0;0;3;1;0;0;2;0;0;0;0;0;PARANAVAÍ;REGIÃO NORTE;16;3
0.3220459744253197;2015-06-30;8;14;20;24;601;29;0;8;20;464;29;0;29;738;2;5;4;4;4;5;4;4;5;0;0;0;0;0;0;1;0;0;0;0;0;0;0;0;0;1;0;0;0;0;0;0;0;0;0;0;0;0;0;0;0;0;0;0;0;0;0;0;0;0;0;0;1;0;0;0;0;0;0;0;3;1;0;0;2;0;0;1;0;0;PARANAVAÍ;REGIÃO NORTE;17;3
0.2698466269171635;2015-07-31;12;14;19;23;601;29;14;12;19;483;29;0;29;718;162;444;4;5;5;4;5;4;4;0;0;0;0;0;1;0;0;0;0;0;0;0;0;0;0;1;0;0;0;0;0;0;0;0;0;0;0;0;0;0;0;0;0;0;0;0;0;0;0;0;0;0;1;0;0;0;0;0;0;0;3;1;0;0;2;0;15;0;0;0;PARANAVAÍ;REGIÃO NORTE;18;2
0.3637079536505793;2015-08-31;13;19;23;26;698;34;1;13;20;521;34;0;34;876;16;40;5;4;4;5;4;5;4;0;1;0;0;0;0;0;0;0;0;0;0;0;0;0;0;1;0;0;0;0;0;0;0;0;0;0;0;0;0;0;0;0;0;0;0;0;0;0;0;0;0;0;1;0;0;0;0;0;0;0;3;1;0;0;2;0;0;0;0;0;PARANAVAÍ;REGIÃO NORTE;19;3
0.4414069824127198;2015-09-30;10;17;24;30;715;37;11;10;25;560;37;0;37;871;116;344;4;5;4;4;4;4;5;0;0;0;0;0;0;0;0;0;0;0;1;0;0;0;0;1;0;0;0;0;0;0;0;0;0;0;0;0;0;0;0;0;0;0;0;0;0;0;0;0;0;0;1;0;0;0;0;0;0;0;3;1;0;0;2;0;0;0;0;0;PARANAVAÍ;REGIÃO NORTE;20;4
0.5667679154010574;2015-10-31;16;19;26;34;803;37;9;16;32;655;37;0;37;952;89;287;4;4;5;4;5;5;4;0;0;0;0;0;0;0;0;0;0;1;0;0;0;0;0;1;0;0;0;0;0;0;0;0;0;0;0;0;0;0;0;0;0;0;0;0;0;0;0;0;0;0;1;0;0;0;0;0;0;0;3;1;0;0;2;0;0;0;0;0;PARANAVAÍ;REGIÃO NORTE;21;5
0.529830877114036;2015-11-30;19;23;26;29;767;34;13;19;25;662;34;0;34;872;147;393;5;4;4;5;4;4;4;0;0;0;0;0;0;0;0;0;1;0;0;0;0;0;0;1;0;0;0;0;0;0;0;0;0;0;0;0;0;0;0;0;0;0;0;0;0;0;0;0;0;0;1;0;0;0;0;0;0;0;3;1;0;0;2;0;0;0;0;0;PARANAVAÍ;REGIÃO NORTE;22;5
0.4086698916263546;2015-12-31;19;22;26;29;800;34;6;19;25;680;34;0;34;920;33;185;4;5;5;4;4;4;5;0;0;1;0;0;0;0;0;0;0;0;0;0;0;0;0;1;0;0;0;0;0;0;0;0;0;0;0;0;0;0;0;0;0;0;0;0;0;0;0;0;0;0;1;0;0;0;0;0;0;0;3;1;0;0;2;0;0;0;0;0;PARANAVAÍ;REGIÃO NORTE;23;4
0.24209697378782763;2016-01-31;19;24;27;30;834;35;3;19;25;691;35;0;35;977;20;98;5;4;4;4;5;5;4;0;0;0;0;1;0;0;0;0;0;0;0;0;0;0;0;0;1;0;0;0;0;0;0;0;0;0;0;0;0;0;0;0;0;0;0;0;0;0;0;0;0;0;1;0;0;0;0;0;0;0;3;1;0;0;2;0;31;0;0;0;PARANAVAÍ;REGIÃO NORTE;24;2
0.4443319458506768;2016-02-29;21;23;27;29;782;34;4;21;24;665;34;0;34;899;30;129;4;4;4;5;4;4;4;0;0;0;1;0;0;0;0;0;0;0;0;0;0;0;0;0;1;0;0;0;0;0;0;0;0;0;0;0;0;0;0;0;0;0;0;0;0;0;0;0;0;0;1;0;0;0;0;0;0;0;3;1;0;0;2;0;0;3;0;0;PARANAVAÍ;REGIÃO NORTE;25;4
0.7516781040236996;2016-03-31;17;22;25;29;787;35;3;17;23;637;35;0;35;938;34;88;4;5;5;4;4;4;5;0;0;0;0;0;0;0;0;1;0;0;0;0;0;0;0;0;1;0;0;0;0;0;0;0;0;0;0;0;0;0;0;0;0;0;0;0;0;0;0;0;0;0;1;0;0;0;0;0;0;0;3;1;0;0;2;0;0;1;0;0;PARANAVAÍ;REGIÃO NORTE;26;6
0.7273409082386469;2016-04-30;8;13;26;30;777;35;3;8;24;618;35;0;35;935;59;91;4;4;4;4;5;5;4;1;0;0;0;0;0;0;0;0;0;0;0;0;0;0;0;0;1;0;0;0;0;0;0;0;0;0;0;0;0;0;0;0;0;0;0;0;0;0;0;0;0;0;1;0;0;0;0;0;0;0;3;1;0;0;2;0;0;0;0;0;PARANAVAÍ;REGIÃO NORTE;27;6
0.3704203697453782;2016-05-31;9;15;19;22;590;28;4;9;20;491;28;0;28;688;42;122;5;4;4;5;4;4;5;0;0;0;0;0;0;0;1;0;0;0;0;0;0;0;0;0;1;0;0;0;0;0;0;0;0;0;0;0;0;0;0;0;0;0;0;0;0;0;0;0;0;0;1;0;0;0;0;0;0;0;3;1;0;0;2;0;0;1;0;0;PARANAVAÍ;REGIÃO NORTE;28;3
0.30175872801589976;2016-06-30;5;12;18;21;526;26;1;5;19;397;26;0;26;656;14;28;4;5;5;4;4;4;4;0;0;0;0;0;0;1;0;0;0;0;0;0;0;0;0;0;1;0;0;0;0;0;0;0;0;0;0;0;0;0;0;0;0;0;0;0;0;0;0;0;0;0;1;0;0;0;0;0;0;0;3;1;0;0;2;0;0;0;0;0;PARANAVAÍ;REGIÃO NORTE;29;2
0.2985712678591518;2016-07-31;7;13;20;24;613;31;3;7;19;439;31;0;31;787;84;87;5;4;4;4;5;5;4;0;0;0;0;0;1;0;0;0;0;0;0;0;0;0;0;0;1;0;0;0;0;0;0;0;0;0;0;0;0;0;0;0;0;0;0;0;0;0;0;0;0;0;1;0;0;0;0;0;0;0;3;1;0;0;2;0;14;0;0;0;PARANAVAÍ;REGIÃO NORTE;30;2
0.3929575880301496;2016-08-31;9;14;21;25;650;33;7;9;21;503;33;0;33;798;76;218;4;5;4;5;4;4;5;0;1;0;0;0;0;0;0;0;0;0;0;0;0;0;0;0;1;0;0;0;0;0;0;0;0;0;0;0;0;0;0;0;0;0;0;0;0;0;0;0;0;0;1;0;0;0;0;0;0;0;3;1;0;0;2;0;0;0;0;0;PARANAVAÍ;REGIÃO NORTE;31;3
0.40011999850001867;2016-09-30;9;15;21;27;643;35;3;9;22;460;35;0;35;827;26;77;4;4;5;4;5;4;4;0;0;0;0;0;0;0;0;0;0;0;1;0;0;0;0;0;1;0;0;0;0;0;0;0;0;0;0;0;0;0;0;0;0;0;0;0;0;0;0;0;0;0;1;0;0;0;0;0;0;0;3;1;0;0;2;0;0;0;0;0;PARANAVAÍ;REGIÃO NORTE;32;4
0.539693253834327;2016-10-31;13;19;25;31;760;37;4;13;26;592;37;0;37;927;28;109;5;4;4;5;4;5;4;0;0;0;0;0;0;0;0;0;0;1;0;0;0;0;0;0;1;0;0;0;0;0;0;0;0;0;0;0;0;0;0;0;0;0;0;0;0;0;0;0;0;0;1;0;0;0;0;0;0;0;3;1;0;0;2;0;0;0;0;0;PARANAVAÍ;REGIÃO NORTE;33;5
0.6309296133798327;2016-11-30;15;21;26;29;777;35;1;15;25;624;35;0;35;929;8;34;4;5;4;4;4;4;5;0;0;0;0;0;0;0;0;0;1;0;0;0;0;0;0;0;1;0;0;0;0;0;0;0;0;0;0;0;0;0;0;0;0;0;0;0;0;0;0;0;0;0;1;0;0;0;0;0;0;0;3;1;0;0;2;0;0;0;0;0;PARANAVAÍ;REGIÃO NORTE;34;5
0.5154685566430419;2016-12-31;17;22;26;30;810;35;5;17;25;674;35;0;35;946;39;153;4;4;5;4;5;5;4;0;0;1;0;0;0;0;0;0;0;0;0;0;0;0;0;0;1;0;0;0;0;0;0;0;0;0;0;0;0;0;0;0;0;0;0;0;0;0;0;0;0;0;1;0;0;0;0;0;0;0;3;1;0;0;2;0;0;0;0;0;PARANAVAÍ;REGIÃO NORTE;35;5
0.3995950050624367;2017-01-31;20;24;27;30;836;35;3;20;26;703;35;0;35;969;18;89;5;4;4;5;4;4;5;0;0;0;0;1;0;0;0;0;0;0;0;0;0;0;0;0;0;1;0;0;0;0;0;0;0;0;0;0;0;0;0;0;0;0;0;0;0;0;0;0;0;0;1;0;0;0;0;0;0;0;3;1;0;0;2;0;31;0;0;0;PARANAVAÍ;REGIÃO NORTE;36;4
0.6947538155773052;2017-02-28;21;24;28;30;775;36;3;21;25;640;36;0;36;910;30;78;4;4;4;4;4;4;4;0;0;0;1;0;0;0;0;0;0;0;0;0;0;0;0;0;0;1;0;0;0;0;0;0;0;0;0;0;0;0;0;0;0;0;0;0;0;0;0;0;0;0;1;0;0;0;0;0;0;0;4;1;1;1;2;0;0;2;0;0;PARANAVAÍ;REGIÃO NORTE;37;6
0.8467019162260471;2017-03-31;17;22;26;28;795;34;4;17;25;661;34;0;34;930;30;111;4;5;5;4;5;4;4;0;0;0;0;0;0;0;0;1;0;0;0;0;0;0;0;0;0;1;0;0;0;0;0;0;0;0;0;0;0;0;0;0;0;0;0;0;0;0;0;0;0;0;1;0;0;0;0;0;0;0;4;1;1;1;2;0;0;1;0;0;PARANAVAÍ;REGIÃO NORTE;38;6
0.6709416132298346;2017-04-30;10;18;23;27;688;31;7;10;23;553;31;0;31;823;60;214;5;4;4;4;4;5;4;1;0;0;0;0;0;0;0;0;0;0;0;0;0;0;0;0;0;1;0;0;0;0;0;0;0;0;0;0;0;0;0;0;0;0;0;0;0;0;0;0;0;0;1;0;0;0;0;0;0;0;4;1;1;1;2;0;0;1;0;0;PARANAVAÍ;REGIÃO NORTE;39;6
0.4103198710016125;2017-05-31;16;18;21;25;666;29;6;16;21;561;29;0;29;770;77;178;4;5;4;5;4;4;5;0;0;0;0;0;0;0;1;0;0;0;0;0;0;0;0;0;0;1;0;0;0;0;0;0;0;0;0;0;0;0;0;0;0;0;0;0;0;0;0;0;0;0;1;0;0;0;0;0;0;0;4;1;1;1;2;0;0;0;0;0;PARANAVAÍ;REGIÃO NORTE;40;4
0.2725090936363295;2017-06-30;7;13;20;24;589;29;6;7;22;464;29;0;29;714;96;180;4;4;5;4;5;4;4;0;0;0;0;0;0;1;0;0;0;0;0;0;0;0;0;0;0;1;0;0;0;0;0;0;0;0;0;0;0;0;0;0;0;0;0;0;0;0;0;0;0;0;1;0;0;0;0;0;0;0;4;1;1;1;2;0;0;1;0;0;PARANAVAÍ;REGIÃO NORTE;41;2
0.20013499831252107;2017-07-31;5;11;19;22;597;28;0;5;17;416;28;0;28;778;0;0;5;4;4;5;4;5;4;0;0;0;0;0;1;0;0;0;0;0;0;0;0;0;0;0;0;1;0;0;0;0;0;0;0;0;0;0;0;0;0;0;0;0;0;0;0;0;0;0;0;0;1;0;0;0;0;0;0;0;4;1;1;1;2;1;16;0;0;0;PARANAVAÍ;REGIÃO NORTE;42;1
0.39922000974987804;2017-08-31;12;16;22;27;668;34;7;12;25;516;34;0;34;820;101;214;4;5;5;4;4;4;5;0;1;0;0;0;0;0;0;0;0;0;0;0;0;0;0;0;0;1;0;0;0;0;0;0;0;0;0;0;0;0;0;0;0;0;0;0;0;0;0;0;0;0;1;0;0;0;0;0;0;0;4;1;1;1;2;1;0;0;0;0;PARANAVAÍ;REGIÃO NORTE;43;3
0.545580680241497;2017-09-30;16;21;26;28;769;35;2;16;22;578;35;0;35;960;22;48;4;4;4;4;5;5;4;0;0;0;0;0;0;0;0;0;0;0;1;0;0;0;0;0;0;1;0;0;0;0;0;0;0;0;0;0;0;0;0;0;0;0;0;0;0;0;0;0;0;0;1;0;0;0;0;0;0;0;4;1;1;1;2;1;0;0;0;0;PARANAVAÍ;REGIÃO NORTE;44;5
0.4560692991337608;2017-10-31;13;19;25;31;762;37;12;13;25;608;37;0;37;916;103;357;5;4;4;5;4;4;5;0;0;0;0;0;0;0;0;0;0;1;0;0;0;0;0;0;0;1;0;0;0;0;0;0;0;0;0;0;0;0;0;0;0;0;0;0;0;0;0;0;0;0;1;0;0;0;0;0;0;0;4;1;1;1;2;1;0;0;0;0;PARANAVAÍ;REGIÃO NORTE;45;4
0.46799415007312406;2017-11-30;16;21;25;29;749;36;3;16;23;605;36;0;36;892;27;101;4;5;5;4;4;4;4;0;0;0;0;0;0;0;0;0;1;0;0;0;0;0;0;0;0;1;0;0;0;0;0;0;0;0;0;0;0;0;0;0;0;0;0;0;0;0;0;0;0;0;1;0;0;0;0;0;0;0;4;1;1;1;2;1;0;0;0;0;PARANAVAÍ;REGIÃO NORTE;46;4
0.4444444444444444;2017-12-31;19;23;26;30;814;35;4;19;25;688;35;0;35;939;36;127;5;4;4;4;5;5;4;0;0;1;0;0;0;0;0;0;0;0;0;0;0;0;0;0;0;1;0;0;0;0;0;0;0;0;0;0;0;0;0;0;0;0;0;0;0;0;0;0;0;0;1;0;0;0;0;0;0;0;4;1;1;1;2;1;0;0;0;0;PARANAVAÍ;REGIÃO NORTE;47;4
0.17107286158923013;2018-01-31;20;22;26;30;810;35;5;20;25;691;35;0;35;930;31;167;4;5;4;5;4;4;5;0;0;0;0;1;0;0;0;0;0;0;0;0;0;0;0;0;0;0;1;0;0;0;0;0;0;0;0;0;0;0;0;0;0;0;0;0;0;0;0;0;0;0;1;0;0;0;0;0;0;0;4;1;1;1;2;1;31;0;0;0;PARANAVAÍ;REGIÃO NORTE;48;1
0.4688941388232647;2018-02-28;19;22;25;28;712;34;3;19;23;581;34;0;34;842;41;97;4;4;4;4;4;4;4;0;0;0;1;0;0;0;0;0;0;0;0;0;0;0;0;0;0;0;1;0;0;0;0;0;0;0;0;0;0;0;0;0;0;0;0;0;0;0;0;0;0;0;1;0;0;0;0;0;0;0;4;1;1;1;2;2;0;3;0;0;PARANAVAÍ;REGIÃO NORTE;49;4
0.9725128435894551;2018-03-31;20;23;27;29;823;34;3;20;25;699;34;0;34;947;17;94;4;4;5;4;5;5;4;0;0;0;0;0;0;0;0;1;0;0;0;0;0;0;0;0;0;0;1;0;0;0;0;0;0;0;0;0;0;0;0;0;0;0;0;0;0;0;0;0;0;0;1;0;0;0;0;0;0;0;4;1;1;1;2;2;0;1;0;0;PARANAVAÍ;REGIÃO NORTE;50;6
0.6958413019837252;2018-04-30;17;22;25;27;748;32;0;17;25;596;32;0;32;899;5;11;5;4;4;5;4;4;4;1;0;0;0;0;0;0;0;0;0;0;0;0;0;0;0;0;0;0;1;0;0;0;0;0;0;0;0;0;0;0;0;0;0;0;0;0;0;0;0;0;0;0;1;0;0;0;0;0;0;0;4;1;1;1;2;2;0;0;0;0;PARANAVAÍ;REGIÃO NORTE;51;6
0.5732178347770652;2018-05-31;8;14;21;25;666;31;1;8;21;513;31;0;31;820;16;34;4;5;5;4;4;4;5;0;0;0;0;0;0;0;1;0;0;0;0;0;0;0;0;0;0;0;1;0;0;0;0;0;0;0;0;0;0;0;0;0;0;0;0;0;0;0;0;0;0;0;1;0;0;0;0;0;0;0;4;1;1;1;2;2;0;1;0;0;PARANAVAÍ;REGIÃO NORTE;52;5
0.28874639067011654;2018-06-30;10;16;20;25;613;30;2;10;23;498;30;0;30;728;53;68;4;4;4;4;5;5;4;0;0;0;0;0;0;1;0;0;0;0;0;0;0;0;0;0;0;0;1;0;0;0;0;0;0;0;0;0;0;0;0;0;0;0;0;0;0;0;0;0;0;0;1;0;0;0;0;0;0;0;4;1;1;1;2;2;0;0;0;0;PARANAVAÍ;REGIÃO NORTE;53;2
0.3336708291146361;2018-07-31;8;14;21;24;665;31;0;8;19;484;31;0;31;847;1;2;5;4;4;5;4;4;5;0;0;0;0;0;1;0;0;0;0;0;0;0;0;0;0;0;0;0;1;0;0;0;0;0;0;0;0;0;0;0;0;0;0;0;0;0;0;0;0;0;0;0;1;0;0;0;0;0;0;0;4;1;1;1;2;2;16;0;0;0;PARANAVAÍ;REGIÃO NORTE;54;3
0.307833652079349;2018-08-31;8;14;19;26;600;33;10;8;19;457;33;0;33;744;78;299;4;5;5;4;5;4;4;0;1;0;0;0;0;0;0;0;0;0;0;0;0;0;0;0;0;0;1;0;0;0;0;0;0;0;0;0;0;0;0;0;0;0;0;0;0;0;0;0;0;0;1;0;0;0;0;0;0;0;4;1;1;1;2;2;0;0;0;0;PARANAVAÍ;REGIÃO NORTE;55;2
0.41635729553380574;2018-09-30;11;16;23;29;679;35;7;11;23;529;35;0;35;828;66;210;5;4;4;4;4;5;4;0;0;0;0;0;0;0;0;0;0;0;1;0;0;0;0;0;0;0;1;0;0;0;0;0;0;0;0;0;0;0;0;0;0;0;0;0;0;0;0;0;0;0;1;0;0;0;0;0;0;0;4;1;1;1;2;2;0;0;0;0;PARANAVAÍ;REGIÃO NORTE;56;4
0.647391907601155;2018-10-31;16;21;25;28;763;33;8;16;24;636;33;0;33;891;31;234;4;5;4;5;4;4;5;0;0;0;0;0;0;0;0;0;0;1;0;0;0;0;0;0;0;0;1;0;0;0;0;0;0;0;0;0;0;0;0;0;0;0;0;0;0;0;0;0;0;0;1;0;0;0;0;0;0;0;4;1;1;1;2;2;0;0;0;0;PARANAVAÍ;REGIÃO NORTE;57;6
0.6364045449431881;2018-11-30;17;21;26;31;776;36;4;17;28;632;36;0;36;920;39;120;4;4;5;4;5;4;4;0;0;0;0;0;0;0;0;0;1;0;0;0;0;0;0;0;0;0;1;0;0;0;0;0;0;0;0;0;0;0;0;0;0;0;0;0;0;0;0;0;0;0;1;0;0;0;0;0;0;0;4;1;1;1;2;2;0;0;0;0;PARANAVAÍ;REGIÃO NORTE;58;6
0.5776052799340008;2018-12-31;16;23;27;30;846;35;2;16;25;691;35;0;35;1001;22;58;5;4;4;5;4;5;4;0;0;1;0;0;0;0;0;0;0;0;0;0;0;0;0;0;0;0;1;0;0;0;0;0;0;0;0;0;0;0;0;0;0;0;0;0;0;0;0;0;0;0;1;0;0;0;0;0;0;0;4;1;1;1;2;2;0;0;0;0;PARANAVAÍ;REGIÃO NORTE;59;5
0.3141335733303333;2019-01-31;22;26;29;32;895;37;3;22;28;759;37;0;37;1032;53;93;4;5;5;4;4;4;5;0;0;0;0;1;0;0;0;0;0;0;0;0;0;0;0;0;0;0;0;1;0;0;0;0;0;0;0;0;0;0;0;0;0;0;0;0;0;0;0;0;0;0;1;0;0;0;0;0;0;0;4;1;1;1;2;2;31;0;0;0;PARANAVAÍ;REGIÃO NORTE;60;3
0.6194547568155397;2019-02-28;19;23;27;31;755;38;3;19;25;625;38;0;38;884;23;76;4;4;4;4;4;4;4;0;0;0;1;0;0;0;0;0;0;0;0;0;0;0;0;0;0;0;0;1;0;0;0;0;0;0;0;0;0;0;0;0;0;0;0;0;0;0;0;0;0;0;1;0;0;0;0;0;0;0;4;1;2;2;2;3;0;0;0;0;PARANAVAÍ;REGIÃO NORTE;61;5
0.7860276746540668;2019-03-31;18;23;26;28;805;33;4;18;24;670;33;0;33;940;24;138;5;4;4;4;5;5;4;0;0;0;0;0;0;0;0;1;0;0;0;0;0;0;0;0;0;0;0;1;0;0;0;0;0;0;0;0;0;0;0;0;0;0;0;0;0;0;0;0;0;0;1;0;0;0;0;0;0;0;4;1;2;2;2;3;0;3;0;0;PARANAVAÍ;REGIÃO NORTE;62;6
0.7015412307346157;2019-04-30;17;22;25;27;752;32;1;17;24;620;32;0;32;884;6;18;4;4;4;5;4;4;5;1;0;0;0;0;0;0;0;0;0;0;0;0;0;0;0;0;0;0;0;1;0;0;0;0;0;0;0;0;0;0;0;0;0;0;0;0;0;0;0;0;0;0;1;0;0;0;0;0;0;0;4;1;2;2;2;3;0;1;0;0;PARANAVAÍ;REGIÃO NORTE;63;6
0.5695428807139911;2019-05-31;13;17;22;27;692;31;1;13;23;582;31;0;31;802;13;45;4;5;5;4;5;4;4;0;0;0;0;0;0;0;1;0;0;0;0;0;0;0;0;0;0;0;0;1;0;0;0;0;0;0;0;0;0;0;0;0;0;0;0;0;0;0;0;0;0;0;1;0;0;0;0;0;0;0;4;1;2;2;2;3;0;0;0;0;PARANAVAÍ;REGIÃO NORTE;64;5
0.3477331533355833;2019-06-30;11;16;21;24;642;30;1;11;22;509;30;0;30;775;7;20;5;4;4;4;4;5;4;0;0;0;0;0;0;1;0;0;0;0;0;0;0;0;0;0;0;0;0;1;0;0;0;0;0;0;0;0;0;0;0;0;0;0;0;0;0;0;0;0;0;0;1;0;0;0;0;0;0;0;4;1;2;2;2;3;0;1;0;0;PARANAVAÍ;REGIÃO NORTE;65;3
0.29414632317096034;2019-07-31;3;10;20;24;614;30;3;3;20;458;30;0;30;769;54;79;4;5;4;5;4;4;5;0;0;0;0;0;1;0;0;0;0;0;0;0;0;0;0;0;0;0;0;1;0;0;0;0;0;0;0;0;0;0;0;0;0;0;0;0;0;0;0;0;0;0;1;0;0;0;0;0;0;0;4;1;2;2;2;3;16;0;0;0;PARANAVAÍ;REGIÃO NORTE;66;2
0.3952825589680129;2019-08-31;9;13;22;27;670;33;0;9;22;494;33;0;33;846;0;0;4;4;5;4;5;5;4;0;1;0;0;0;0;0;0;0;0;0;0;0;0;0;0;0;0;0;0;1;0;0;0;0;0;0;0;0;0;0;0;0;0;0;0;0;0;0;0;0;0;0;1;0;0;0;0;0;0;0;4;1;2;2;2;3;0;0;0;0;PARANAVAÍ;REGIÃO NORTE;67;3
0.543143210709866;2019-09-30;14;20;25;30;745;37;3;14;24;583;37;0;37;906;31;96;5;4;4;5;4;4;4;0;0;0;0;0;0;0;0;0;0;0;1;0;0;0;0;0;0;0;0;1;0;0;0;0;0;0;0;0;0;0;0;0;0;0;0;0;0;0;0;0;0;0;1;0;0;0;0;0;0;0;4;1;2;2;2;3;0;0;0;0;PARANAVAÍ;REGIÃO NORTE;68;5
0.58739265759178;2019-10-31;18;21;28;32;862;39;2;18;25;681;39;0;39;1043;18;56;4;5;5;4;4;4;5;0;0;0;0;0;0;0;0;0;0;1;0;0;0;0;0;0;0;0;0;1;0;0;0;0;0;0;0;0;0;0;0;0;0;0;0;0;0;0;0;0;0;0;1;0;0;0;0;0;0;0;4;1;2;2;2;3;0;0;0;0;PARANAVAÍ;REGIÃO NORTE;69;5
0.8069524130948363;2019-11-30;18;24;27;33;816;38;2;18;28;662;38;0;38;969;20;63;4;4;4;4;5;5;4;0;0;0;0;0;0;0;0;0;1;0;0;0;0;0;0;0;0;0;0;1;0;0;0;0;0;0;0;0;0;0;0;0;0;0;0;0;0;0;0;0;0;0;1;0;0;0;0;0;0;0;4;1;2;2;2;3;0;0;0;0;PARANAVAÍ;REGIÃO NORTE;70;6
0.4921063486706415;2019-12-31;17;21;25;29;788;35;6;17;24;646;35;0;35;930;26;175;5;4;4;5;4;4;5;0;0;1;0;0;0;0;0;0;0;0;0;0;0;0;0;0;0;0;0;1;0;0;0;0;0;0;0;0;0;0;0;0;0;0;0;0;0;0;0;0;0;0;1;0;0;0;0;0;0;0;4;1;2;2;2;3;0;0;0;0;PARANAVAÍ;REGIÃO NORTE;71;5
0.32440844489443876;2020-01-31;19;22;26;30;817;34;5;19;25;688;34;0;34;946;38;148;4;5;5;4;5;4;4;0;0;0;0;1;0;0;0;0;0;0;0;0;0;0;0;0;0;0;0;0;1;0;0;0;0;0;0;0;0;0;0;0;0;0;0;0;0;0;0;0;0;0;1;0;0;0;0;0;0;0;4;1;2;2;2;3;31;0;0;0;PARANAVAÍ;REGIÃO NORTE;72;3
0.6097048786890163;2020-02-29;18;24;26;30;763;35;4;18;26;621;35;0;35;905;37;112;4;4;4;4;4;5;4;0;0;0;1;0;0;0;0;0;0;0;0;0;0;0;0;0;0;0;0;0;1;0;0;0;0;0;0;0;0;0;0;0;0;0;0;0;0;0;0;0;0;0;1;0;0;0;0;0;0;0;4;1;2;2;2;3;0;3;0;0;PARANAVAÍ;REGIÃO NORTE;73;5
0.4957438032024599;2020-03-31;18;23;26;30;807;35;1;18;25;638;35;0;35;975;7;24;5;4;4;5;4;4;5;0;0;0;0;0;0;0;0;1;0;0;0;0;0;0;0;0;0;0;0;0;1;0;0;0;0;0;0;0;0;0;0;0;0;0;0;0;0;0;0;0;0;0;1;0;0;0;0;0;0;0;3;1;2;2;2;3;0;0;15;0;PARANAVAÍ;REGIÃO NORTE;74;5
0.053774327820902246;2020-04-30;12;17;24;28;709;34;3;12;22;538;34;0;34;881;63;91;4;5;5;4;4;4;4;1;0;0;0;0;0;0;0;0;0;0;0;0;0;0;0;0;0;0;0;0;1;0;0;0;0;0;0;0;0;0;0;0;0;0;0;0;0;0;0;0;0;0;1;0;0;0;0;0;0;0;3;1;2;2;2;3;0;1;30;0;PARANAVAÍ;REGIÃO NORTE;75;0
0.06254921813477332;2020-05-31;8;13;21;25;639;32;2;8;20;465;32;0;32;812;30;59;5;4;4;4;5;5;4;0;0;0;0;0;0;0;1;0;0;0;0;0;0;0;0;0;0;0;0;0;1;0;0;0;0;0;0;0;0;0;0;0;0;0;0;0;0;0;0;0;0;0;1;0;0;0;0;0;0;0;3;1;2;2;2;3;0;0;31;0;PARANAVAÍ;REGIÃO NORTE;76;0
0.05962425469681626;2020-06-30;11;17;22;25;646;31;5;11;20;509;31;0;31;783;118;158;4;4;4;5;4;4;5;0;0;0;0;0;0;1;0;0;0;0;0;0;0;0;0;0;0;0;0;0;1;0;0;0;0;0;0;0;0;0;0;0;0;0;0;0;0;0;0;0;0;0;1;0;0;0;0;0;0;0;3;1;2;2;2;3;0;1;30;0;PARANAVAÍ;REGIÃO NORTE;77;0
0.06922413469831623;2020-07-31;6;12;21;24;650;31;0;6;19;478;31;0;31;822;8;13;4;5;5;4;5;4;4;0;0;0;0;0;1;0;0;0;0;0;0;0;0;0;0;0;0;0;0;0;1;0;0;0;0;0;0;0;0;0;0;0;0;0;0;0;0;0;0;0;0;0;1;0;0;0;0;0;0;0;3;1;2;2;2;3;0;0;31;0;PARANAVAÍ;REGIÃO NORTE;78;0
0.06513668579142756;2020-08-31;6;12;21;27;661;34;7;6;22;495;34;0;34;827;57;229;5;4;4;5;4;5;4;0;1;0;0;0;0;0;0;0;0;0;0;0;0;0;0;0;0;0;0;0;1;0;0;0;0;0;0;0;0;0;0;0;0;0;0;0;0;0;0;0;0;0;1;0;0;0;0;0;0;0;3;1;2;2;2;3;0;0;31;0;PARANAVAÍ;REGIÃO NORTE;79;0
0.08021149735628302;2020-09-30;15;20;27;32;808;39;1;15;25;618;39;0;39;997;14;31;4;5;4;4;4;4;5;0;0;0;0;0;0;0;0;0;0;0;1;0;0;0;0;0;0;0;0;0;1;0;0;0;0;0;0;0;0;0;0;0;0;0;0;0;0;0;0;0;0;0;1;0;0;0;0;0;0;0;3;1;2;2;2;3;0;0;30;0;PARANAVAÍ;REGIÃO NORTE;80;0
0.1376607792402595;2020-10-31;16;22;27;34;834;41;2;16;27;647;41;0;41;1021;23;64;4;4;5;4;5;5;4;0;0;0;0;0;0;0;0;0;0;1;0;0;0;0;0;0;0;0;0;0;1;0;0;0;0;0;0;0;0;0;0;0;0;0;0;0;0;0;0;0;0;0;1;0;0;0;0;0;0;0;3;1;2;2;2;3;0;0;31;0;PARANAVAÍ;REGIÃO NORTE;81;1
0.0;2020-11-30;14;21;26;31;795;37;1;14;25;606;37;0;37;983;5;16;5;4;4;5;4;4;4;0;0;0;0;0;0;0;0;0;1;0;0;0;0;0;0;0;0;0;0;0;1;0;0;0;0;0;0;0;0;0;0;0;0;0;0;0;0;0;0;0;0;0;1;0;0;0;0;0;0;0;3;1;2;2;2;3;0;0;30;0;PARANAVAÍ;REGIÃO NORTE;82;0
0.05373682828964638;2020-12-31;19;23;26;28;810;33;3;19;24;661;33;0;33;959;40;91;4;5;5;4;4;4;5;0;0;1;0;0;0;0;0;0;0;0;0;0;0;0;0;0;0;0;0;0;1;0;0;0;0;0;0;0;0;0;0;0;0;0;0;0;0;0;0;0;0;0;1;0;0;0;0;0;0;0;3;1;2;2;2;3;0;0;31;0;PARANAVAÍ;REGIÃO NORTE;83;0
0.07931150860614239;2021-01-31;20;24;26;29;800;33;9;20;25;682;33;0;33;918;71;280;5;4;4;4;5;5;4;0;0;0;0;1;0;0;0;0;0;0;0;1;0;0;0;0;0;0;0;0;0;0;0;0;0;0;0;0;0;0;0;0;0;0;0;0;0;0;0;0;0;0;1;0;0;0;0;0;0;0;3;1;2;2;2;3;0;0;31;0;PARANAVAÍ;REGIÃO NORTE;84;0
0.030674616567292895;2021-02-28;18;23;26;29;721;35;3;18;23;570;35;0;35;872;28;75;4;4;4;4;4;4;4;0;0;0;1;0;0;0;0;0;0;0;0;1;0;0;0;0;0;0;0;0;0;0;0;0;0;0;0;0;0;0;0;0;0;0;0;0;0;0;0;0;0;0;1;0;0;0;0;0;0;0;3;1;2;2;2;3;0;3;28;0;PARANAVAÍ;REGIÃO NORTE;85;0
0.07233659579255258;2021-03-31;17;23;27;30;822;35;3;17;24;662;35;0;35;982;35;81;4;5;4;5;4;4;5;0;0;0;0;0;0;0;0;1;0;0;0;1;0;0;0;0;0;0;0;0;0;0;0;0;0;0;0;0;0;0;0;0;0;0;0;0;0;0;0;0;0;0;1;0;0;0;0;0;0;0;3;1;2;2;2;3;0;0;31;0;PARANAVAÍ;REGIÃO NORTE;86;0
0.06974912813589829;2021-04-30;12;20;24;28;711;34;0;12;22;532;34;0;34;890;1;2;4;4;5;4;5;4;4;1;0;0;0;0;0;0;0;0;0;0;0;1;0;0;0;0;0;0;0;0;0;0;0;0;0;0;0;0;0;0;0;0;0;0;0;0;0;0;0;0;0;0;1;0;0;0;0;0;0;0;3;1;2;2;2;3;0;1;30;0;PARANAVAÍ;REGIÃO NORTE;87;0
0.09326133423332206;2021-05-31;9;15;22;26;670;33;4;9;21;486;33;0;33;854;99;136;5;4;4;5;4;5;4;0;0;0;0;0;0;0;1;0;0;0;0;1;0;0;0;0;0;0;0;0;0;0;0;0;0;0;0;0;0;0;0;0;0;0;0;0;0;0;0;0;0;0;1;0;0;0;0;0;0;0;3;1;2;2;2;3;0;0;31;0;PARANAVAÍ;REGIÃO NORTE;88;1
0.03374957813027335;2021-06-30;2;8;19;25;570;30;3;2;20;435;30;0;30;704;31;78;4;5;4;4;4;4;5;0;0;0;0;0;0;1;0;0;0;0;0;1;0;0;0;0;0;0;0;0;0;0;0;0;0;0;0;0;0;0;0;0;0;0;0;0;0;0;0;0;0;0;1;0;0;0;0;0;0;0;3;1;2;2;2;3;0;1;30;0;PARANAVAÍ;REGIÃO NORTE;89;0
0.03164960437994524;2021-07-31;2;8;18;23;561;30;0;2;17;353;30;0;30;769;9;15;4;4;5;4;5;5;4;0;0;0;0;0;1;0;0;0;0;0;0;1;0;0;0;0;0;0;0;0;0;0;0;0;0;0;0;0;0;0;0;0;0;0;0;0;0;0;0;0;0;0;1;0;0;0;0;0;0;0;3;1;2;2;2;3;0;0;31;0;PARANAVAÍ;REGIÃO NORTE;90;0
0.04792440094498818;2021-08-31;10;16;23;29;717;36;4;10;22;529;36;0;36;905;90;120;5;4;4;5;4;4;5;0;1;0;0;0;0;0;0;0;0;0;0;1;0;0;0;0;0;0;0;0;0;0;0;0;0;0;0;0;0;0;0;0;0;0;0;0;0;0;0;0;0;0;1;0;0;0;0;0;0;0;3;1;2;2;2;3;0;0;31;0;PARANAVAÍ;REGIÃO NORTE;91;0
0.03937450781865226;2021-09-30;14;20;26;32;792;38;2;14;27;604;38;0;38;981;31;63;4;5;5;4;4;4;4;0;0;0;0;0;0;0;0;0;0;0;1;1;0;0;0;0;0;0;0;0;0;0;0;0;0;0;0;0;0;0;0;0;0;0;0;0;0;0;0;0;0;0;1;0;0;0;0;0;0;0;3;1;2;2;2;3;0;0;30;0;PARANAVAÍ;REGIÃO NORTE;92;0
0.022349720628492137;2021-10-31;14;19;23;28;714;33;14;14;23;578;33;0;33;850;92;445;5;4;4;4;5;5;4;0;0;0;0;0;0;0;0;0;0;1;0;1;0;0;0;0;0;0;0;0;0;0;0;0;0;0;0;0;0;0;0;0;0;0;0;0;0;0;0;0;0;0;1;0;0;0;0;0;0;0;3;1;2;2;2;3;0;0;0;0;PARANAVAÍ;REGIÃO NORTE;93;0
0.09224884688941387;2021-11-30;16;22;26;30;787;36;1;16;24;605;36;0;36;969;10;32;4;4;4;5;4;4;5;0;0;0;0;0;0;0;0;0;1;0;0;1;0;0;0;0;0;0;0;0;0;0;0;0;0;0;0;0;0;0;0;0;0;0;0;0;0;0;0;0;0;0;1;0;0;0;0;0;0;0;3;1;2;2;2;3;0;0;0;0;PARANAVAÍ;REGIÃO NORTE;94;1
0.08512393595080059;2021-12-31;17;23;27;31;840;38;1;17;24;643;38;0;38;1037;16;34;4;5;5;4;5;4;4;0;0;1;0;0;0;0;0;0;0;0;0;1;0;0;0;0;0;0;0;0;0;0;0;0;0;0;0;0;0;0;0;0;0;0;0;0;0;0;0;0;0;0;1;0;0;0;0;0;0;0;3;1;2;2;2;3;0;0;0;0;PARANAVAÍ;REGIÃO NORTE;95;0
0.2339220759740503;2022-01-31;19;23;27;31;839;37;6;19;25;682;37;0;37;996;74;171;5;4;4;5;4;5;4;0;0;0;0;1;0;0;0;0;0;0;0;0;1;0;0;0;0;0;0;0;0;0;0;0;0;0;0;0;0;0;0;0;0;0;0;0;0;0;0;0;0;0;1;0;0;0;0;0;0;0;3;1;2;2;2;3;31;0;0;0;PARANAVAÍ;REGIÃO NORTE;96;2
0.1577230284621442;2022-02-28;19;25;27;30;766;37;5;19;24;601;37;0;37;931;49;146;4;4;4;4;4;4;4;0;0;0;1;0;0;0;0;0;0;0;0;0;1;0;0;0;0;0;0;0;0;0;0;0;0;0;0;0;0;0;0;0;0;0;0;0;0;0;0;0;0;0;1;0;0;0;0;0;0;0;3;1;2;2;2;3;0;1;0;0;PARANAVAÍ;REGIÃO NORTE;97;1
0.19091011362357968;2022-03-31;19;22;26;30;815;36;9;19;25;670;36;0;36;959;59;294;4;5;5;4;4;4;5;0;0;0;0;0;0;0;0;1;0;0;0;0;1;0;0;0;0;0;0;0;0;0;0;0;0;0;0;0;0;0;0;0;0;0;0;0;0;0;0;0;0;0;1;0;0;0;0;0;0;0;3;1;2;2;2;3;0;1;0;0;PARANAVAÍ;REGIÃO NORTE;98;1
0.37912026099673746;2022-04-30;13;19;24;27;714;32;7;13;23;560;32;0;32;869;73;218;4;4;4;4;5;5;4;1;0;0;0;0;0;0;0;0;0;0;0;0;1;0;0;0;0;0;0;0;0;0;0;0;0;0;0;0;0;0;0;0;0;0;0;0;0;0;0;0;0;0;1;0;0;0;0;0;0;0;3;1;2;2;2;3;0;1;0;0;PARANAVAÍ;REGIÃO NORTE;99;3
0.25600929988375143;2022-05-31;6;10;20;26;609;31;3;6;22;467;31;0;31;752;30;88;5;4;4;5;4;4;5;0;0;0;0;0;0;0;1;0;0;0;0;0;1;0;0;0;0;0;0;0;0;0;0;0;0;0;0;0;0;0;0;0;0;0;0;0;0;0;0;0;0;0;1;0;0;0;0;0;0;0;3;1;2;2;2;3;0;0;0;0;PARANAVAÍ;REGIÃO NORTE;100;2
0.2227472156598042;2022-06-30;6;13;20;24;590;29;2;6;19;450;29;0;29;730;47;65;4;5;5;4;4;4;4;0;0;0;0;0;0;1;0;0;0;0;0;0;1;0;0;0;0;0;0;0;0;0;0;0;0;0;0;0;0;0;0;0;0;0;0;0;0;0;0;0;0;0;1;0;0;0;0;0;0;0;3;1;2;2;2;3;0;1;0;0;PARANAVAÍ;REGIÃO NORTE;101;1
0.299021262234222;2022-07-31;9;17;23;25;701;31;0;9;20;522;31;0;31;880;5;11;5;4;4;4;5;5;4;0;0;0;0;0;1;0;0;0;0;0;0;0;1;0;0;0;0;0;0;0;0;0;0;0;0;0;0;0;0;0;0;0;0;0;0;0;0;0;0;0;0;0;1;0;0;0;0;0;0;0;3;1;2;2;2;3;0;0;0;0;PARANAVAÍ;REGIÃO NORTE;102;2
0.20137248284396442;2022-08-31;7;12;21;27;642;33;7;7;21;478;33;0;33;805;81;209;4;5;4;5;4;4;5;0;1;0;0;0;0;0;0;0;0;0;0;0;1;0;0;0;0;0;0;0;0;0;0;0;0;0;0;0;0;0;0;0;0;0;0;0;0;0;0;0;0;0;1;0;0;0;0;0;0;0;3;1;2;2;2;3;0;0;0;0;PARANAVAÍ;REGIÃO NORTE;103;1
0.2711216109798627;2022-09-30;10;15;20;28;612;35;7;10;22;482;35;0;35;742;62;211;4;4;5;4;5;4;4;0;0;0;0;0;0;0;0;0;0;0;1;0;1;0;0;0;0;0;0;0;0;0;0;0;0;0;0;0;0;0;0;0;0;0;0;0;0;0;0;0;0;0;1;0;0;0;0;0;0;0;3;1;2;2;2;3;0;0;0;0;PARANAVAÍ;REGIÃO NORTE;104;2
0.3385457681778977;2022-10-31;-5;12;24;28;732;34;7;-5;23;570;34;0;34;894;42;219;5;4;4;5;4;5;4;0;0;0;0;0;0;0;0;0;0;1;0;0;1;0;0;0;0;0;0;0;0;0;0;0;0;0;0;0;0;0;0;0;0;0;0;0;0;0;0;0;0;0;1;0;0;0;0;0;0;0;3;1;2;2;2;3;0;0;0;0;PARANAVAÍ;REGIÃO NORTE;105;3
0.3048711891101361;2022-11-30;12;16;23;27;701;34;3;12;22;534;34;0;34;867;26;77;4;5;4;4;4;4;5;0;0;0;0;0;0;0;0;0;1;0;0;0;1;0;0;0;0;0;0;0;0;0;0;0;0;0;0;0;0;0;0;0;0;0;0;0;0;0;0;0;0;0;1;0;0;0;0;0;0;0;3;1;2;2;2;3;0;0;0;0;PARANAVAÍ;REGIÃO NORTE;106;2
0.2897213784827689;2022-12-31;11;21;25;29;789;34;8;11;24;636;34;0;34;942;69;241;4;4;5;4;5;5;4;0;0;1;0;0;0;0;0;0;0;0;0;0;1;0;0;0;0;0;0;0;0;0;0;0;0;0;0;0;0;0;0;0;0;0;0;0;0;0;0;0;0;0;1;0;0;0;0;0;0;0;3;1;2;2;2;3;0;0;0;0;PARANAVAÍ;REGIÃO NORTE;107;2
0.13162335470806613;2023-01-31;17;22;25;28;789;34;10;17;23;652;34;0;34;926;55;314;5;4;4;5;4;4;5;0;0;0;0;1;0;0;0;0;0;0;0;0;0;1;0;0;0;0;0;0;0;0;0;0;0;0;0;0;0;0;0;0;0;0;0;0;0;0;0;0;0;0;1;0;0;0;0;0;0;0;3;1;2;2;2;3;31;0;0;0;PARANAVAÍ;REGIÃO NORTE;108;1
0.41601979975250303;2023-02-28;11;19;25;28;694;34;13;11;22;572;34;0;34;816;50;356;4;4;4;4;4;4;4;0;0;0;1;0;0;0;0;0;0;0;0;0;0;1;0;0;0;0;0;0;0;0;0;0;0;0;0;0;0;0;0;0;0;0;0;0;0;0;0;0;0;0;1;0;0;0;0;0;0;0;3;1;2;2;2;3;0;3;0;0;PARANAVAÍ;REGIÃO NORTE;109;4
0.9221134735815802;2023-03-31;19;24;27;28;822;34;6;19;24;670;34;0;34;973;31;196;4;5;5;4;5;4;4;0;0;0;0;0;0;0;0;1;0;0;0;0;0;1;0;0;0;0;0;0;0;0;0;0;0;0;0;0;0;0;0;0;0;0;0;0;0;0;0;0;0;0;1;0;0;0;0;0;0;0;3;1;2;2;2;3;0;0;0;0;PARANAVAÍ;REGIÃO NORTE;110;6
0.4904938688266396;2023-04-30;13;19;24;28;709;34;11;13;22;563;34;0;34;855;126;338;5;4;4;4;4;5;4;1;0;0;0;0;0;0;0;0;0;0;0;0;0;1;0;0;0;0;0;0;0;0;0;0;0;0;0;0;0;0;0;0;0;0;0;0;0;0;0;0;0;0;1;0;0;0;0;0;0;0;3;1;2;2;2;3;0;1;0;0;PARANAVAÍ;REGIÃO NORTE;111;4
0.4629317133535831;2023-05-31;12;18;22;26;689;31;3;12;22;520;31;0;31;857;28;83;4;5;4;5;4;4;5;0;0;0;0;0;0;0;1;0;0;0;0;0;0;1;0;0;0;0;0;0;0;0;0;0;0;0;0;0;0;0;0;0;0;0;0;0;0;0;0;0;0;0;1;0;0;0;0;0;0;0;3;1;2;2;2;3;0;0;0;0;PARANAVAÍ;REGIÃO NORTE;112;4
0.3071211609854877;2023-06-30;9;12;20;25;599;31;4;9;19;437;31;0;31;762;70;117;4;4;5;4;5;4;4;0;0;0;0;0;0;1;0;0;0;0;0;0;0;1;0;0;0;0;0;0;0;0;0;0;0;0;0;0;0;0;0;0;0;0;0;0;0;0;0;0;0;0;1;0;0;0;0;0;0;0;3;1;2;2;2;3;0;1;0;0;PARANAVAÍ;REGIÃO NORTE;113;2
0.14906063674204068;2023-07-31;8;13;21;25;649;31;1;8;19;476;31;0;31;822;13;24;5;4;4;5;4;5;4;0;0;0;0;0;1;0;0;0;0;0;0;0;0;1;0;0;0;0;0;0;0;0;0;0;0;0;0;0;0;0;0;0;0;0;0;0;0;0;0;0;0;0;1;0;0;0;0;0;0;0;3;1;2;2;2;3;15;0;0;0;PARANAVAÍ;REGIÃO NORTE;114;1
0.4896688791390107;2023-08-31;12;18;23;28;715;35;4;12;22;518;35;0;35;913;44;117;4;5;5;4;4;4;5;0;1;0;0;0;0;0;0;0;0;0;0;0;0;1;0;0;0;0;0;0;0;0;0;0;0;0;0;0;0;0;0;0;0;0;0;0;0;0;0;0;0;0;1;0;0;0;0;0;0;0;3;1;2;2;2;3;0;0;0;0;PARANAVAÍ;REGIÃO NORTE;115;4
0.7739903251209359;2023-09-30;10;18;26;32;790;39;7;10;26;601;39;0;39;980;127;198;4;4;4;4;5;5;4;0;0;0;0;0;0;0;0;0;0;0;1;0;0;1;0;0;0;0;0;0;0;0;0;0;0;0;0;0;0;0;0;0;0;0;0;0;0;0;0;0;0;0;1;0;0;0;0;0;0;0;3;1;2;2;2;3;0;0;0;0;PARANAVAÍ;REGIÃO NORTE;116;6
0.9848876889038886;2023-10-31;17;22;26;31;819;37;14;17;26;654;37;0;37;984;144;430;5;4;4;5;4;4;5;0;0;0;0;0;0;0;0;0;0;1;0;0;0;1;0;0;0;0;0;0;0;0;0;0;0;0;0;0;0;0;0;0;0;0;0;0;0;0;0;0;0;0;1;0;0;0;0;0;0;0;3;1;2;2;2;3;0;0;0;0;PARANAVAÍ;REGIÃO NORTE;117;6
0.9202384970187872;2023-11-30;13;19;26;33;794;39;7;13;26;629;39;0;39;960;71;205;4;5;5;4;4;4;4;0;0;0;0;0;0;0;0;0;1;0;0;0;0;1;0;0;0;0;0;0;0;0;0;0;0;0;0;0;0;0;0;0;0;0;0;0;0;0;0;0;0;0;1;0;0;0;0;0;0;0;3;1;2;2;2;3;0;0;0;0;PARANAVAÍ;REGIÃO NORTE;118;6
0.5547680653991824;2023-12-31;18;23;28;31;854;38;7;18;25;673;38;0;38;1035;37;225;5;4;4;4;5;5;4;0;0;1;0;0;0;0;0;0;0;0;0;0;0;1;0;0;0;0;0;0;0;0;0;0;0;0;0;0;0;0;0;0;0;0;0;0;0;0;0;0;0;0;1;0;0;0;0;0;0;0;3;1;2;2;2;3;0;0;0;0;PARANAVAÍ;REGIÃO NORTE;119;5
0.19091011362357968;2024-01-31;16;21;27;32;839;38;3;16;26;668;38;0;38;1011;22;90;4;5;4;5;4;4;5;0;0;0;0;1;0;0;0;0;0;0;0;0;0;0;1;0;0;0;0;0;0;0;0;0;0;0;0;0;0;0;0;0;0;0;0;0;0;0;0;0;0;0;1;0;0;0;0;0;0;0;3;1;2;2;2;3;31;0;0;0;PARANAVAÍ;REGIÃO NORTE;120;1
0.644166947913151;2024-02-29;19;24;28;30;808;36;3;19;25;646;36;0;36;971;32;89;4;4;5;4;4;4;4;0;0;0;1;0;0;0;0;0;0;0;0;0;0;0;1;0;0;0;0;0;0;0;0;0;0;0;0;0;0;0;0;0;0;0;0;0;0;0;0;0;0;0;1;0;0;0;0;0;0;0;3;1;2;2;2;3;0;3;0;0;PARANAVAÍ;REGIÃO NORTE;121;6
0.9558255521805977;2024-03-31;19;22;28;31;876;38;2;19;27;702;38;0;38;1050;12;60;5;4;4;4;5;5;4;0;0;0;0;0;0;0;0;1;0;0;0;0;0;0;1;0;0;0;0;0;0;0;0;0;0;0;0;0;0;0;0;0;0;0;0;0;0;0;0;0;0;0;1;0;0;0;0;0;0;0;3;1;2;2;2;3;0;1;0;0;PARANAVAÍ;REGIÃO NORTE;122;6
0.1957475531555855;2024-04-30;16;21;26;30;789;36;2;16;24;633;36;0;36;945;39;48;4;4;4;5;4;4;5;1;0;0;0;0;0;0;0;0;0;0;0;0;0;0;1;0;0;0;0;0;0;0;0;0;0;0;0;0;0;0;0;0;0;0;0;0;0;0;0;0;0;0;1;0;0;0;0;0;0;0;3;1;2;2;2;3;0;0;0;0;PARANAVAÍ;REGIÃO NORTE;123;1
0.1455731803352458;2024-05-31;7;13;23;29;728;35;1;7;23;563;35;0;35;894;26;27;4;5;5;4;5;4;4;0;0;0;0;0;0;0;1;0;0;0;0;0;0;0;1;0;0;0;0;0;0;0;0;0;0;0;0;0;0;0;0;0;0;0;0;0;0;0;0;0;0;0;1;0;0;0;0;0;0;0;3;1;2;2;2;3;0;1;0;30;PARANAVAÍ;REGIÃO NORTE;124;1
0.08774890313871075;2024-06-30;10;17;24;26;707;33;0;10;21;516;33;0;33;898;1;2;5;4;4;4;4;5;4;0;0;0;0;0;0;1;0;0;0;0;0;0;0;0;1;0;0;0;0;0;0;0;0;0;0;0;0;0;0;0;0;0;0;0;0;0;0;0;0;0;0;0;1;0;0;0;0;0;0;0;3;1;2;2;2;3;0;0;0;30;PARANAVAÍ;REGIÃO NORTE;125;0
0.3222709716128548;2024-07-31;7;10;18;24;565;30;3;7;19;425;30;0;30;704;44;89;4;5;4;5;4;4;5;0;0;0;0;0;1;0;0;0;0;0;0;0;0;0;1;0;0;0;0;0;0;0;0;0;0;0;0;0;0;0;0;0;0;0;0;0;0;0;0;0;0;0;1;0;0;0;0;0;0;0;3;1;2;2;2;3;12;0;0;0;PARANAVAÍ;REGIÃO NORTE;126;3
0.40015749803127454;2024-08-31;5;12;21;28;650;36;1;5;24;471;36;0;36;830;10;30;4;4;5;4;5;5;4;0;1;0;0;0;0;0;0;0;0;0;0;0;0;0;1;0;0;0;0;0;0;0;0;0;0;0;0;0;0;0;0;0;0;0;0;0;0;0;0;0;0;0;1;0;0;0;0;0;0;0;3;1;2;2;2;3;0;0;0;0;PARANAVAÍ;REGIÃO NORTE;127;4
0.600742490718866;2024-09-30;11;17;23;29;700;38;2;11;20;484;38;0;38;915;42;72;5;4;4;5;4;4;4;0;0;0;0;0;0;0;0;0;0;0;1;0;0;0;1;0;0;0;0;0;0;0;0;0;0;0;0;0;0;0;0;0;0;0;0;0;0;0;0;0;0;0;1;0;0;0;0;0;0;0;3;1;2;2;2;3;0;0;0;0;PARANAVAÍ;REGIÃO NORTE;128;5
0.9999999999999999;2024-10-31;16;21;26;31;808;38;4;16;26;657;38;0;38;959;35;116;4;5;5;4;4;4;5;0;0;0;0;0;0;0;0;0;0;1;0;0;0;0;1;0;0;0;0;0;0;0;0;0;0;0;0;0;0;0;0;0;0;0;0;0;0;0;0;0;0;0;1;0;0;0;0;0;0;0;3;1;2;2;2;3;0;0;0;0;PARANAVAÍ;REGIÃO NORTE;129;6
0.4982475558015126;2016-01-31;12;19;22;25;689;32;5;12;20;546;32;0;32;832;70;149;5;4;4;4;5;5;4;0;0;0;0;1;0;0;0;0;0;0;0;0;0;0;0;0;1;0;0;0;0;0;0;0;0;0;0;0;0;0;0;0;0;0;0;0;0;0;0;0;0;0;0;1;0;0;0;0;0;0;2;0;0;0;0;0;31;0;0;0;PINHAIS;REGIÃO LESTE;1;3
0.4858882125069175;2016-02-29;16;20;23;26;678;32;9;16;21;557;32;0;32;799;77;274;4;4;4;5;4;4;4;0;0;0;1;0;0;0;0;0;0;0;0;0;0;0;0;0;1;0;0;0;0;0;0;0;0;0;0;0;0;0;0;0;0;0;0;0;0;0;0;0;0;0;0;1;0;0;0;0;0;0;2;0;0;0;0;0;0;3;0;0;PINHAIS;REGIÃO LESTE;2;3
0.6030252720900202;2016-03-31;12;16;21;25;666;30;3;12;20;528;30;0;30;804;32;99;4;5;5;4;4;4;5;0;0;0;0;0;0;0;0;1;0;0;0;0;0;0;0;0;1;0;0;0;0;0;0;0;0;0;0;0;0;0;0;0;0;0;0;0;0;0;0;0;0;0;0;1;0;0;0;0;0;0;2;0;0;0;0;0;0;1;0;0;PINHAIS;REGIÃO LESTE;3;4
0.4945581995941708;2016-04-30;6;12;22;26;663;32;5;6;21;512;32;0;32;813;41;141;4;4;4;4;5;5;4;1;0;0;0;0;0;0;0;0;0;0;0;0;0;0;0;0;1;0;0;0;0;0;0;0;0;0;0;0;0;0;0;0;0;0;0;0;0;0;0;0;0;0;0;1;0;0;0;0;0;0;2;0;0;0;0;0;0;0;0;0;PINHAIS;REGIÃO LESTE;4;3
0.5482383324109943;2016-05-31;4;12;16;19;488;24;5;4;16;374;24;0;24;602;38;158;5;4;4;5;4;4;5;0;0;0;0;0;0;0;1;0;0;0;0;0;0;0;0;0;1;0;0;0;0;0;0;0;0;0;0;0;0;0;0;0;0;0;0;0;0;0;0;0;0;0;0;1;0;0;0;0;0;0;2;0;0;0;0;0;0;1;0;0;PINHAIS;REGIÃO LESTE;5;4
0.5812580704667035;2016-06-30;6;8;13;18;398;24;4;6;14;275;24;0;24;520;42;119;4;5;5;4;4;4;4;0;0;0;0;0;0;1;0;0;0;0;0;0;0;0;0;0;1;0;0;0;0;0;0;0;0;0;0;0;0;0;0;0;0;0;0;0;0;0;0;0;0;0;0;1;0;0;0;0;0;0;2;0;0;0;0;0;0;0;0;0;PINHAIS;REGIÃO LESTE;6;4
0.5748016971038553;2016-07-31;6;10;15;20;474;27;4;6;16;305;27;0;27;642;43;119;5;4;4;4;5;5;4;0;0;0;0;0;1;0;0;0;0;0;0;0;0;0;0;0;1;0;0;0;0;0;0;0;0;0;0;0;0;0;0;0;0;0;0;0;0;0;0;0;0;0;0;1;0;0;0;0;0;0;2;0;0;0;0;0;14;0;0;0;PINHAIS;REGIÃO LESTE;7;4
0.48699501936912004;2016-08-31;6;9;16;21;482;29;5;6;16;323;29;0;29;640;54;163;4;5;4;5;4;4;5;0;1;0;0;0;0;0;0;0;0;0;0;0;0;0;0;0;1;0;0;0;0;0;0;0;0;0;0;0;0;0;0;0;0;0;0;0;0;0;0;0;0;0;0;1;0;0;0;0;0;0;2;0;0;0;0;0;0;0;0;0;PINHAIS;REGIÃO LESTE;8;3
0.4336838221730308;2016-09-30;6;12;17;22;498;29;3;6;16;336;29;0;29;659;44;92;4;4;5;4;5;4;4;0;0;0;0;0;0;0;0;0;0;0;1;0;0;0;0;0;1;0;0;0;0;0;0;0;0;0;0;0;0;0;0;0;0;0;0;0;0;0;0;0;0;0;0;1;0;0;0;0;0;0;2;0;0;0;0;0;0;0;0;0;PINHAIS;REGIÃO LESTE;9;2
0.20752628666297734;2016-10-31;8;13;18;25;557;32;6;8;18;416;32;0;32;699;41;176;5;4;4;5;4;5;4;0;0;0;0;0;0;0;0;0;0;1;0;0;0;0;0;0;1;0;0;0;0;0;0;0;0;0;0;0;0;0;0;0;0;0;0;0;0;0;0;0;0;0;0;1;0;0;0;0;0;0;2;0;0;0;0;0;0;0;0;0;PINHAIS;REGIÃO LESTE;10;1
0.026009961261759806;2016-11-30;8;15;19;24;584;31;4;8;19;436;31;0;31;733;52;105;4;5;4;4;4;4;5;0;0;0;0;0;0;0;0;0;1;0;0;0;0;0;0;0;1;0;0;0;0;0;0;0;0;0;0;0;0;0;0;0;0;0;0;0;0;0;0;0;0;0;0;1;0;0;0;0;0;0;2;0;0;0;0;0;0;0;0;0;PINHAIS;REGIÃO LESTE;11;0
0.07138904261206419;2016-12-31;11;15;22;28;674;34;3;11;22;534;34;0;34;814;20;79;4;4;5;4;5;5;4;0;0;1;0;0;0;0;0;0;0;0;0;0;0;0;0;0;1;0;0;0;0;0;0;0;0;0;0;0;0;0;0;0;0;0;0;0;0;0;0;0;0;0;0;1;0;0;0;0;0;0;2;0;0;0;0;0;0;0;0;0;PINHAIS;REGIÃO LESTE;12;0
0.19793396052388856;2017-01-31;14;19;23;26;719;32;5;14;21;575;32;0;32;862;24;169;5;4;4;5;4;4;5;0;0;0;0;1;0;0;0;0;0;0;0;0;0;0;0;0;0;1;0;0;0;0;0;0;0;0;0;0;0;0;0;0;0;0;0;0;0;0;0;0;0;0;0;1;0;0;0;0;0;0;2;0;0;0;0;0;31;0;0;0;PINHAIS;REGIÃO LESTE;13;1
0.3598966980261944;2017-02-28;17;21;24;27;666;34;3;17;20;520;34;0;34;811;36;79;4;4;4;4;4;4;4;0;0;0;1;0;0;0;0;0;0;0;0;0;0;0;0;0;0;1;0;0;0;0;0;0;0;0;0;0;0;0;0;0;0;0;0;0;0;0;0;0;0;0;0;1;0;0;0;0;0;0;2;0;0;0;0;0;0;2;0;0;PINHAIS;REGIÃO LESTE;14;2
0.5179856115107914;2017-03-31;13;16;21;26;652;31;2;13;21;522;31;0;31;783;8;50;4;5;5;4;5;4;4;0;0;0;0;0;0;0;0;1;0;0;0;0;0;0;0;0;0;1;0;0;0;0;0;0;0;0;0;0;0;0;0;0;0;0;0;0;0;0;0;0;0;0;0;1;0;0;0;0;0;0;2;0;0;0;0;0;0;1;0;0;PINHAIS;REGIÃO LESTE;15;3
0.49640287769784164;2017-04-30;7;13;19;23;559;28;2;7;19;432;28;0;28;686;28;74;5;4;4;4;4;5;4;1;0;0;0;0;0;0;0;0;0;0;0;0;0;0;0;0;0;1;0;0;0;0;0;0;0;0;0;0;0;0;0;0;0;0;0;0;0;0;0;0;0;0;0;1;0;0;0;0;0;0;2;0;0;0;0;0;0;1;0;0;PINHAIS;REGIÃO LESTE;16;3
0.6421324478878435;2017-05-31;9;15;18;22;545;28;3;9;17;425;28;0;28;665;40;104;4;5;4;5;4;4;5;0;0;0;0;0;0;0;1;0;0;0;0;0;0;0;0;0;0;1;0;0;0;0;0;0;0;0;0;0;0;0;0;0;0;0;0;0;0;0;0;0;0;0;0;1;0;0;0;0;0;0;2;0;0;0;0;0;0;0;0;0;PINHAIS;REGIÃO LESTE;17;5
0.5867921047777163;2017-06-30;6;11;16;21;473;26;6;6;18;332;26;0;26;613;118;182;4;4;5;4;5;4;4;0;0;0;0;0;0;1;0;0;0;0;0;0;0;0;0;0;0;1;0;0;0;0;0;0;0;0;0;0;0;0;0;0;0;0;0;0;0;0;0;0;0;0;0;1;0;0;0;0;0;0;2;0;0;0;0;0;0;1;0;0;PINHAIS;REGIÃO LESTE;18;4
0.436081903707803;2017-07-31;4;8;15;18;463;25;0;4;12;288;25;0;25;639;2;6;5;4;4;5;4;5;4;0;0;0;0;0;1;0;0;0;0;0;0;0;0;0;0;0;0;1;0;0;0;0;0;0;0;0;0;0;0;0;0;0;0;0;0;0;0;0;0;0;0;0;0;1;0;0;0;0;0;0;2;0;0;0;0;0;16;0;0;0;PINHAIS;REGIÃO LESTE;19;2
0.5403062165652093;2017-08-31;7;10;16;22;505;31;3;7;16;357;31;0;31;653;49;97;4;5;5;4;4;4;5;0;1;0;0;0;0;0;0;0;0;0;0;0;0;0;0;0;0;1;0;0;0;0;0;0;0;0;0;0;0;0;0;0;0;0;0;0;0;0;0;0;0;0;0;1;0;0;0;0;0;0;2;0;0;0;0;0;0;0;0;0;PINHAIS;REGIÃO LESTE;20;4
0.6605792289245526;2017-09-30;10;15;20;24;608;32;1;10;18;423;32;0;32;794;23;43;4;4;4;4;5;5;4;0;0;0;0;0;0;0;0;0;0;0;1;0;0;0;0;0;0;1;0;0;0;0;0;0;0;0;0;0;0;0;0;0;0;0;0;0;0;0;0;0;0;0;0;1;0;0;0;0;0;0;2;0;0;0;0;0;0;0;0;0;PINHAIS;REGIÃO LESTE;21;5
0.6157535510053495;2017-10-31;8;14;19;24;591;32;7;8;17;440;32;0;32;742;35;227;5;4;4;5;4;4;5;0;0;0;0;0;0;0;0;0;0;1;0;0;0;0;0;0;0;1;0;0;0;0;0;0;0;0;0;0;0;0;0;0;0;0;0;0;0;0;0;0;0;0;0;1;0;0;0;0;0;0;2;0;0;0;0;0;0;0;0;0;PINHAIS;REGIÃO LESTE;22;4
0.5259177273565763;2017-11-30;10;14;19;25;580;32;4;10;18;428;32;0;32;732;54;134;4;5;5;4;4;4;4;0;0;0;0;0;0;0;0;0;1;0;0;0;0;0;0;0;0;1;0;0;0;0;0;0;0;0;0;0;0;0;0;0;0;0;0;0;0;0;0;0;0;0;0;1;0;0;0;0;0;0;2;0;0;0;0;0;0;0;0;0;PINHAIS;REGIÃO LESTE;23;3
0.3338867367644346;2017-12-31;14;16;22;25;670;32;4;14;21;534;32;0;32;806;44;138;5;4;4;4;5;5;4;0;0;1;0;0;0;0;0;0;0;0;0;0;0;0;0;0;0;1;0;0;0;0;0;0;0;0;0;0;0;0;0;0;0;0;0;0;0;0;0;0;0;0;0;1;0;0;0;0;0;0;2;0;0;0;0;0;0;0;0;0;PINHAIS;REGIÃO LESTE;24;2
0.31396421324478874;2018-01-31;14;18;22;25;682;31;10;14;20;547;31;0;31;818;88;320;4;5;4;5;4;4;5;0;0;0;0;1;0;0;0;0;0;0;0;0;0;0;0;0;0;0;1;0;0;0;0;0;0;0;0;0;0;0;0;0;0;0;0;0;0;0;0;0;0;0;0;1;0;0;0;0;0;0;2;0;0;0;0;0;31;0;0;0;PINHAIS;REGIÃO LESTE;25;1
0.40158642316915694;2018-02-28;14;17;21;25;586;31;3;14;21;457;31;0;31;715;43;91;4;4;4;4;4;4;4;0;0;0;1;0;0;0;0;0;0;0;0;0;0;0;0;0;0;0;1;0;0;0;0;0;0;0;0;0;0;0;0;0;0;0;0;0;0;0;0;0;0;0;0;1;0;0;0;0;0;0;2;0;0;0;0;0;0;3;0;0;PINHAIS;REGIÃO LESTE;26;2
0.5914038000368935;2018-03-31;16;18;23;25;701;31;10;16;21;564;31;0;31;838;68;302;4;4;5;4;5;5;4;0;0;0;0;0;0;0;0;1;0;0;0;0;0;0;0;0;0;0;1;0;0;0;0;0;0;0;0;0;0;0;0;0;0;0;0;0;0;0;0;0;0;0;0;1;0;0;0;0;0;0;2;0;0;0;0;0;0;1;0;0;PINHAIS;REGIÃO LESTE;27;4
0.651355838406198;2018-04-30;12;16;20;23;615;29;1;12;19;461;29;0;29;769;8;22;5;4;4;5;4;4;4;1;0;0;0;0;0;0;0;0;0;0;0;0;0;0;0;0;0;0;1;0;0;0;0;0;0;0;0;0;0;0;0;0;0;0;0;0;0;0;0;0;0;0;0;1;0;0;0;0;0;0;2;0;0;0;0;0;0;0;0;0;PINHAIS;REGIÃO LESTE;28;5
0.6061612248662608;2018-05-31;6;11;18;22;550;28;1;6;18;408;28;0;28;691;20;26;4;5;5;4;4;4;5;0;0;0;0;0;0;0;1;0;0;0;0;0;0;0;0;0;0;0;1;0;0;0;0;0;0;0;0;0;0;0;0;0;0;0;0;0;0;0;0;0;0;0;0;1;0;0;0;0;0;0;2;0;0;0;0;0;0;1;0;0;PINHAIS;REGIÃO LESTE;29;4
0.6882494004796164;2018-06-30;8;8;15;22;463;27;3;8;17;343;27;0;27;583;23;91;4;4;4;4;5;5;4;0;0;0;0;0;0;1;0;0;0;0;0;0;0;0;0;0;0;0;1;0;0;0;0;0;0;0;0;0;0;0;0;0;0;0;0;0;0;0;0;0;0;0;0;1;0;0;0;0;0;0;2;0;0;0;0;0;0;0;0;0;PINHAIS;REGIÃO LESTE;30;6
0.6609481645452867;2018-07-31;7;11;17;21;517;27;0;7;16;354;27;0;27;680;4;4;5;4;4;5;4;4;5;0;0;0;0;0;1;0;0;0;0;0;0;0;0;0;0;0;0;0;1;0;0;0;0;0;0;0;0;0;0;0;0;0;0;0;0;0;0;0;0;0;0;0;0;1;0;0;0;0;0;0;2;0;0;0;0;0;16;0;0;0;PINHAIS;REGIÃO LESTE;31;5
0.6471130787677549;2018-08-31;7;10;15;22;480;30;1;7;15;325;30;0;30;635;9;17;4;5;5;4;5;4;4;0;1;0;0;0;0;0;0;0;0;0;0;0;0;0;0;0;0;0;1;0;0;0;0;0;0;0;0;0;0;0;0;0;0;0;0;0;0;0;0;0;0;0;0;1;0;0;0;0;0;0;2;0;0;0;0;0;0;0;0;0;PINHAIS;REGIÃO LESTE;32;5
0.7066961815163254;2018-09-30;6;12;18;23;540;30;2;6;17;402;30;0;30;679;10;65;5;4;4;4;4;5;4;0;0;0;0;0;0;0;0;0;0;0;1;0;0;0;0;0;0;0;1;0;0;0;0;0;0;0;0;0;0;0;0;0;0;0;0;0;0;0;0;0;0;0;0;1;0;0;0;0;0;0;2;0;0;0;0;0;0;0;0;0;PINHAIS;REGIÃO LESTE;33;6
0.6692492160118059;2018-10-31;11;13;18;23;566;28;9;11;18;446;28;0;28;687;33;264;4;5;4;5;4;4;5;0;0;0;0;0;0;0;0;0;0;1;0;0;0;0;0;0;0;0;1;0;0;0;0;0;0;0;0;0;0;0;0;0;0;0;0;0;0;0;0;0;0;0;0;1;0;0;0;0;0;0;2;0;0;0;0;0;0;0;0;0;PINHAIS;REGIÃO LESTE;34;5
0.5369857959786017;2018-11-30;11;15;20;25;605;31;2;11;20;467;31;0;31;743;32;68;4;4;5;4;5;4;4;0;0;0;0;0;0;0;0;0;1;0;0;0;0;0;0;0;0;0;1;0;0;0;0;0;0;0;0;0;0;0;0;0;0;0;0;0;0;0;0;0;0;0;0;1;0;0;0;0;0;0;2;0;0;0;0;0;0;0;0;0;PINHAIS;REGIÃO LESTE;35;3
0.31470208448625714;2018-12-31;12;16;23;27;725;33;2;12;22;546;33;0;33;904;20;54;5;4;4;5;4;5;4;0;0;1;0;0;0;0;0;0;0;0;0;0;0;0;0;0;0;0;1;0;0;0;0;0;0;0;0;0;0;0;0;0;0;0;0;0;0;0;0;0;0;0;0;1;0;0;0;0;0;0;2;0;0;0;0;0;0;0;0;0;PINHAIS;REGIÃO LESTE;36;2
0.27559490868843384;2019-01-31;17;21;25;28;768;34;5;17;22;602;34;0;34;935;32;161;4;5;5;4;4;4;5;0;0;0;0;1;0;0;0;0;0;0;0;0;0;0;0;0;0;0;0;1;0;0;0;0;0;0;0;0;0;0;0;0;0;0;0;0;0;0;0;0;0;0;0;1;0;0;0;0;0;0;2;0;0;0;0;0;31;0;0;0;PINHAIS;REGIÃO LESTE;37;1
0.36026563364692854;2019-02-28;15;17;22;27;614;33;10;15;22;491;33;0;33;737;120;278;4;4;4;4;4;4;4;0;0;0;1;0;0;0;0;0;0;0;0;0;0;0;0;0;0;0;0;1;0;0;0;0;0;0;0;0;0;0;0;0;0;0;0;0;0;0;0;0;0;0;0;1;0;0;0;0;0;0;2;0;0;0;0;0;0;0;0;0;PINHAIS;REGIÃO LESTE;38;2
0.6115107913669063;2019-03-31;13;17;21;25;666;31;2;13;20;530;31;0;31;802;12;65;5;4;4;4;5;5;4;0;0;0;0;0;0;0;0;1;0;0;0;0;0;0;0;0;0;0;0;1;0;0;0;0;0;0;0;0;0;0;0;0;0;0;0;0;0;0;0;0;0;0;0;1;0;0;0;0;0;0;2;0;0;0;0;0;0;3;0;0;PINHAIS;REGIÃO LESTE;39;4
0.631064379265818;2019-04-30;12;16;21;24;619;29;3;12;20;485;29;0;29;754;20;101;4;4;4;5;4;4;5;1;0;0;0;0;0;0;0;0;0;0;0;0;0;0;0;0;0;0;0;1;0;0;0;0;0;0;0;0;0;0;0;0;0;0;0;0;0;0;0;0;0;0;0;1;0;0;0;0;0;0;2;0;0;0;0;0;0;1;0;0;PINHAIS;REGIÃO LESTE;40;5
0.6148312119535141;2019-05-31;8;14;18;24;567;30;8;8;19;455;30;0;30;679;59;243;4;5;5;4;5;4;4;0;0;0;0;0;0;0;1;0;0;0;0;0;0;0;0;0;0;0;0;1;0;0;0;0;0;0;0;0;0;0;0;0;0;0;0;0;0;0;0;0;0;0;0;1;0;0;0;0;0;0;2;0;0;0;0;0;0;0;0;0;PINHAIS;REGIÃO LESTE;41;4
0.5388304740822726;2019-06-30;8;12;17;20;510;26;2;8;15;354;26;0;26;666;28;66;5;4;4;4;4;5;4;0;0;0;0;0;0;1;0;0;0;0;0;0;0;0;0;0;0;0;0;1;0;0;0;0;0;0;0;0;0;0;0;0;0;0;0;0;0;0;0;0;0;0;0;1;0;0;0;0;0;0;2;0;0;0;0;0;0;1;0;0;PINHAIS;REGIÃO LESTE;42;4
0.4519461353993728;2019-07-31;6;10;16;20;491;26;0;6;15;326;26;0;26;655;5;12;4;5;4;5;4;4;5;0;0;0;0;0;1;0;0;0;0;0;0;0;0;0;0;0;0;0;0;1;0;0;0;0;0;0;0;0;0;0;0;0;0;0;0;0;0;0;0;0;0;0;0;1;0;0;0;0;0;0;2;0;0;0;0;0;16;0;0;0;PINHAIS;REGIÃO LESTE;43;2
0.5320051650986902;2019-08-31;6;9;16;23;493;30;2;6;17;326;30;0;30;660;20;49;4;4;5;4;5;5;4;0;1;0;0;0;0;0;0;0;0;0;0;0;0;0;0;0;0;0;0;1;0;0;0;0;0;0;0;0;0;0;0;0;0;0;0;0;0;0;0;0;0;0;0;1;0;0;0;0;0;0;2;0;0;0;0;0;0;0;0;0;PINHAIS;REGIÃO LESTE;44;3
0.5775687142593617;2019-09-30;8;10;18;26;535;34;4;8;18;385;34;0;34;685;32;125;5;4;4;5;4;4;4;0;0;0;0;0;0;0;0;0;0;0;1;0;0;0;0;0;0;0;0;1;0;0;0;0;0;0;0;0;0;0;0;0;0;0;0;0;0;0;0;0;0;0;0;1;0;0;0;0;0;0;2;0;0;0;0;0;0;0;0;0;PINHAIS;REGIÃO LESTE;45;4
0.5168788046485888;2019-10-31;11;14;21;26;646;34;3;11;19;470;34;0;34;821;26;85;4;5;5;4;4;4;5;0;0;0;0;0;0;0;0;0;0;1;0;0;0;0;0;0;0;0;0;1;0;0;0;0;0;0;0;0;0;0;0;0;0;0;0;0;0;0;0;0;0;0;0;1;0;0;0;0;0;0;2;0;0;0;0;0;0;0;0;0;PINHAIS;REGIÃO LESTE;46;3
0.44475189079505617;2019-11-30;12;15;20;25;612;32;3;12;19;462;32;0;32;762;33;99;4;4;4;4;5;5;4;0;0;0;0;0;0;0;0;0;1;0;0;0;0;0;0;0;0;0;0;1;0;0;0;0;0;0;0;0;0;0;0;0;0;0;0;0;0;0;0;0;0;0;0;1;0;0;0;0;0;0;2;0;0;0;0;0;0;0;0;0;PINHAIS;REGIÃO LESTE;47;2
0.33905183545471307;2019-12-31;13;17;22;26;667;33;2;13;19;512;33;0;33;822;21;64;5;4;4;5;4;4;5;0;0;1;0;0;0;0;0;0;0;0;0;0;0;0;0;0;0;0;0;1;0;0;0;0;0;0;0;0;0;0;0;0;0;0;0;0;0;0;0;0;0;0;0;1;0;0;0;0;0;0;2;0;0;0;0;0;0;0;0;0;PINHAIS;REGIÃO LESTE;48;2
0.6425013835085777;2020-01-31;14;17;23;26;704;32;7;14;21;555;32;0;32;852;59;208;4;5;5;4;5;4;4;0;0;0;0;1;0;0;0;0;0;0;0;0;0;0;0;0;0;0;0;0;1;0;0;0;0;0;0;0;0;0;0;0;0;0;0;0;0;0;0;0;0;0;0;1;0;0;0;0;0;0;2;0;0;0;0;0;31;0;0;0;PINHAIS;REGIÃO LESTE;49;5
0.6589190186312487;2020-02-29;11;17;21;27;622;32;3;11;21;495;32;0;32;749;19;101;4;4;4;4;4;5;4;0;0;0;1;0;0;0;0;0;0;0;0;0;0;0;0;0;0;0;0;0;1;0;0;0;0;0;0;0;0;0;0;0;0;0;0;0;0;0;0;0;0;0;0;1;0;0;0;0;0;0;2;0;0;0;1;1;0;3;0;0;PINHAIS;REGIÃO LESTE;50;5
0.4886552296624239;2020-03-31;12;18;21;25;658;32;0;12;19;480;32;0;32;836;5;14;5;4;4;5;4;4;5;0;0;0;0;0;0;0;0;1;0;0;0;0;0;0;0;0;0;0;0;0;1;0;0;0;0;0;0;0;0;0;0;0;0;0;0;0;0;0;0;0;0;0;0;1;0;0;0;0;0;0;2;0;0;0;1;1;0;0;15;0;PINHAIS;REGIÃO LESTE;51;3
0.225235196458218;2020-04-30;8;15;19;24;573;31;1;8;18;395;31;0;31;751;14;21;4;5;5;4;4;4;4;1;0;0;0;0;0;0;0;0;0;0;0;0;0;0;0;0;0;0;0;0;1;0;0;0;0;0;0;0;0;0;0;0;0;0;0;0;0;0;0;0;0;0;0;1;0;0;0;0;0;0;2;0;0;0;1;1;0;1;30;0;PINHAIS;REGIÃO LESTE;52;1
0.17542888765910347;2020-05-31;6;13;16;21;509;26;1;6;17;327;26;0;26;692;12;25;5;4;4;4;5;5;4;0;0;0;0;0;0;0;1;0;0;0;0;0;0;0;0;0;0;0;0;0;1;0;0;0;0;0;0;0;0;0;0;0;0;0;0;0;0;0;0;0;0;0;0;1;0;0;0;0;0;0;2;0;0;0;1;1;0;0;31;0;PINHAIS;REGIÃO LESTE;53;0
0.15882678472606526;2020-06-30;8;10;17;22;498;27;5;8;19;360;27;0;27;636;65;143;4;4;4;5;4;4;5;0;0;0;0;0;0;1;0;0;0;0;0;0;0;0;0;0;0;0;0;0;1;0;0;0;0;0;0;0;0;0;0;0;0;0;0;0;0;0;0;0;0;0;0;1;0;0;0;0;0;0;2;0;0;0;1;1;0;1;30;0;PINHAIS;REGIÃO LESTE;54;0
0.19664268585131894;2020-07-31;6;10;16;20;498;27;1;6;15;334;27;0;27;662;17;28;4;5;5;4;5;4;4;0;0;0;0;0;1;0;0;0;0;0;0;0;0;0;0;0;0;0;0;0;1;0;0;0;0;0;0;0;0;0;0;0;0;0;0;0;0;0;0;0;0;0;0;1;0;0;0;0;0;0;2;0;0;0;1;1;0;0;31;0;PINHAIS;REGIÃO LESTE;55;1
0.17727356576277442;2020-08-31;6;8;16;22;503;31;4;6;14;330;31;0;31;675;31;132;5;4;4;5;4;5;4;0;1;0;0;0;0;0;0;0;0;0;0;0;0;0;0;0;0;0;0;0;1;0;0;0;0;0;0;0;0;0;0;0;0;0;0;0;0;0;0;0;0;0;0;1;0;0;0;0;0;0;2;0;0;0;1;1;0;0;31;0;PINHAIS;REGIÃO LESTE;56;1
0.2750415052573326;2020-09-30;9;12;20;25;594;34;2;9;18;412;34;0;34;775;34;45;4;5;4;4;4;4;5;0;0;0;0;0;0;0;0;0;0;0;1;0;0;0;0;0;0;0;0;0;1;0;0;0;0;0;0;0;0;0;0;0;0;0;0;0;0;0;0;0;0;0;0;1;0;0;0;0;0;0;2;0;0;0;1;1;0;0;30;0;PINHAIS;REGIÃO LESTE;57;1
0.30308061243313034;2020-10-31;11;13;20;27;624;36;4;11;19;452;36;0;36;796;37;118;4;4;5;4;5;5;4;0;0;0;0;0;0;0;0;0;0;1;0;0;0;0;0;0;0;0;0;0;1;0;0;0;0;0;0;0;0;0;0;0;0;0;0;0;0;0;0;0;0;0;0;1;0;0;0;0;0;0;2;0;0;0;1;1;0;0;31;0;PINHAIS;REGIÃO LESTE;58;1
0.23076923076923073;2020-11-30;8;14;20;25;595;32;7;8;18;431;32;0;32;759;87;210;5;4;4;5;4;4;4;0;0;0;0;0;0;0;0;0;1;0;0;0;0;0;0;0;0;0;0;0;1;0;0;0;0;0;0;0;0;0;0;0;0;0;0;0;0;0;0;0;0;0;0;1;0;0;0;0;0;0;2;0;0;0;1;1;0;0;30;0;PINHAIS;REGIÃO LESTE;59;1
0.2802066039476111;2020-12-31;14;16;22;25;680;32;5;14;19;528;32;0;32;831;26;159;4;5;5;4;4;4;5;0;0;1;0;0;0;0;0;0;0;0;0;0;0;0;0;0;0;0;0;0;1;0;0;0;0;0;0;0;0;0;0;0;0;0;0;0;0;0;0;0;0;0;0;1;0;0;0;0;0;0;2;0;0;0;1;1;0;0;31;0;PINHAIS;REGIÃO LESTE;60;1
0.17727356576277442;2021-01-31;14;19;22;26;694;32;7;14;21;570;32;0;32;819;82;215;5;4;4;4;5;5;4;0;0;0;0;1;0;0;0;0;0;0;0;1;0;0;0;0;0;0;0;0;0;0;0;0;0;0;0;0;0;0;0;0;0;0;0;0;0;0;0;0;0;0;0;1;0;0;0;0;0;0;2;0;0;0;1;1;0;0;31;0;PINHAIS;REGIÃO LESTE;61;1
0.1425936174137613;2021-02-28;14;18;22;26;619;32;3;14;21;475;32;0;32;763;24;89;4;4;4;4;4;4;4;0;0;0;1;0;0;0;0;0;0;0;0;1;0;0;0;0;0;0;0;0;0;0;0;0;0;0;0;0;0;0;0;0;0;0;0;0;0;0;0;0;0;0;0;1;0;0;0;0;0;0;2;0;0;0;1;2;0;3;28;0;PINHAIS;REGIÃO LESTE;62;0
0.0;2021-03-31;12;18;23;25;698;31;4;12;20;548;31;0;31;848;60;123;4;5;4;5;4;4;5;0;0;0;0;0;0;0;0;1;0;0;0;1;0;0;0;0;0;0;0;0;0;0;0;0;0;0;0;0;0;0;0;0;0;0;0;0;0;0;0;0;0;0;0;1;0;0;0;0;0;0;2;0;0;0;1;2;0;0;31;0;PINHAIS;REGIÃO LESTE;63;0
0.03154399557277254;2021-04-30;10;16;19;22;561;29;0;10;17;422;29;0;29;700;8;12;4;4;5;4;5;4;4;1;0;0;0;0;0;0;0;0;0;0;0;1;0;0;0;0;0;0;0;0;0;0;0;0;0;0;0;0;0;0;0;0;0;0;0;0;0;0;0;0;0;0;0;1;0;0;0;0;0;0;2;0;0;0;1;2;0;1;30;0;PINHAIS;REGIÃO LESTE;64;0
0.05146651909241834;2021-05-31;8;12;17;21;517;28;4;8;16;352;28;0;28;683;59;123;5;4;4;5;4;5;4;0;0;0;0;0;0;0;1;0;0;0;0;1;0;0;0;0;0;0;0;0;0;0;0;0;0;0;0;0;0;0;0;0;0;0;0;0;0;0;0;0;0;0;0;1;0;0;0;0;0;0;2;0;0;0;1;2;0;0;31;0;PINHAIS;REGIÃO LESTE;65;0
0.164360819037078;2021-06-30;6;9;15;20;452;26;3;6;15;326;26;0;26;578;46;89;4;5;4;4;4;4;5;0;0;0;0;0;0;1;0;0;0;0;0;1;0;0;0;0;0;0;0;0;0;0;0;0;0;0;0;0;0;0;0;0;0;0;0;0;0;0;0;0;0;0;0;1;0;0;0;0;0;0;2;0;0;0;1;2;0;1;30;0;PINHAIS;REGIÃO LESTE;66;0
0.10293303818483673;2021-07-31;-14;-3;12;18;361;26;1;-14;12;168;26;0;26;554;12;18;4;4;5;4;5;5;4;0;0;0;0;0;1;0;0;0;0;0;0;1;0;0;0;0;0;0;0;0;0;0;0;0;0;0;0;0;0;0;0;0;0;0;0;0;0;0;0;0;0;0;0;1;0;0;0;0;0;0;2;0;0;0;1;2;0;0;31;0;PINHAIS;REGIÃO LESTE;67;0
0.12008854454897622;2021-08-31;8;9;17;24;518;30;3;8;18;354;30;0;30;681;34;89;5;4;4;5;4;4;5;0;1;0;0;0;0;0;0;0;0;0;0;1;0;0;0;0;0;0;0;0;0;0;0;0;0;0;0;0;0;0;0;0;0;0;0;0;0;0;0;0;0;0;0;1;0;0;0;0;0;0;2;0;0;0;1;2;0;0;31;0;PINHAIS;REGIÃO LESTE;68;0
0.07581627006087438;2021-09-30;9;12;19;24;574;31;2;9;18;399;31;0;31;748;16;58;4;5;5;4;4;4;4;0;0;0;0;0;0;0;0;0;0;0;1;1;0;0;0;0;0;0;0;0;0;0;0;0;0;0;0;0;0;0;0;0;0;0;0;0;0;0;0;0;0;0;0;1;0;0;0;0;0;0;2;0;0;0;1;2;0;0;30;0;PINHAIS;REGIÃO LESTE;69;0
0.14868105515587526;2021-10-31;10;13;17;21;528;27;6;10;16;412;27;0;27;643;26;172;5;4;4;4;5;5;4;0;0;0;0;0;0;0;0;0;0;1;0;1;0;0;0;0;0;0;0;0;0;0;0;0;0;0;0;0;0;0;0;0;0;0;0;0;0;0;0;0;0;0;0;1;0;0;0;0;0;0;2;0;0;0;1;2;0;0;0;0;PINHAIS;REGIÃO LESTE;70;0
0.12562257885998895;2021-11-30;11;16;20;25;611;32;2;11;19;452;32;0;32;770;22;51;4;4;4;5;4;4;5;0;0;0;0;0;0;0;0;0;1;0;0;1;0;0;0;0;0;0;0;0;0;0;0;0;0;0;0;0;0;0;0;0;0;0;0;0;0;0;0;0;0;0;0;1;0;0;0;0;0;0;2;0;0;0;1;2;0;0;0;0;PINHAIS;REGIÃO LESTE;71;0
0.19442907212691385;2021-12-31;12;17;22;26;670;33;5;12;20;497;33;0;33;842;47;151;4;5;5;4;5;4;4;0;0;1;0;0;0;0;0;0;0;0;0;1;0;0;0;0;0;0;0;0;0;0;0;0;0;0;0;0;0;0;0;0;0;0;0;0;0;0;0;0;0;0;0;1;0;0;0;0;0;0;2;0;0;0;1;2;0;0;0;0;PINHAIS;REGIÃO LESTE;72;1
0.26305109758347167;2022-01-31;14;17;23;27;704;33;7;14;21;552;33;0;33;857;47;211;5;4;4;5;4;5;4;0;0;0;0;1;0;0;0;0;0;0;0;0;1;0;0;0;0;0;0;0;0;0;0;0;0;0;0;0;0;0;0;0;0;0;0;0;0;0;0;0;0;0;0;1;0;0;0;0;0;0;2;0;0;0;1;2;31;0;0;0;PINHAIS;REGIÃO LESTE;73;1
0.19424460431654678;2022-02-28;13;19;23;26;650;32;4;13;20;496;32;0;32;804;27;112;4;4;4;4;4;4;4;0;0;0;1;0;0;0;0;0;0;0;0;0;1;0;0;0;0;0;0;0;0;0;0;0;0;0;0;0;0;0;0;0;0;0;0;0;0;0;0;0;0;0;0;1;0;0;0;0;0;0;2;0;0;0;1;2;0;1;0;0;PINHAIS;REGIÃO LESTE;74;1
0.7719977863862756;2022-03-31;12;15;22;26;685;32;7;12;20;547;32;0;32;823;103;229;4;5;5;4;4;4;5;0;0;0;0;0;0;0;0;1;0;0;0;0;1;0;0;0;0;0;0;0;0;0;0;0;0;0;0;0;0;0;0;0;0;0;0;0;0;0;0;0;0;0;0;1;0;0;0;0;0;0;2;0;0;0;1;2;0;1;0;0;PINHAIS;REGIÃO LESTE;75;6
0.7232982844493635;2022-04-30;8;13;19;23;567;29;3;8;18;430;29;0;29;704;37;104;4;4;4;4;5;5;4;1;0;0;0;0;0;0;0;0;0;0;0;0;1;0;0;0;0;0;0;0;0;0;0;0;0;0;0;0;0;0;0;0;0;0;0;0;0;0;0;0;0;0;0;1;0;0;0;0;0;0;2;0;0;1;1;2;0;1;0;0;PINHAIS;REGIÃO LESTE;76;6
0.9664268585131893;2022-05-31;7;10;16;21;499;26;5;7;17;357;26;0;26;641;58;142;5;4;4;5;4;4;5;0;0;0;0;0;0;0;1;0;0;0;0;0;1;0;0;0;0;0;0;0;0;0;0;0;0;0;0;0;0;0;0;0;0;0;0;0;0;0;0;0;0;0;0;1;0;0;0;0;0;0;2;0;0;1;1;2;0;0;0;0;PINHAIS;REGIÃO LESTE;77;6
0.9999999999999999;2022-06-30;7;10;15;22;452;26;4;7;17;332;26;0;26;572;56;135;4;5;5;4;4;4;4;0;0;0;0;0;0;1;0;0;0;0;0;0;1;0;0;0;0;0;0;0;0;0;0;0;0;0;0;0;0;0;0;0;0;0;0;0;0;0;0;0;0;0;0;1;0;0;0;0;0;0;2;0;0;1;1;2;0;1;0;0;PINHAIS;REGIÃO LESTE;78;6
0.6805017524441984;2022-07-31;7;12;17;20;534;27;1;7;14;346;27;0;27;722;13;30;5;4;4;4;5;5;4;0;0;0;0;0;1;0;0;0;0;0;0;0;1;0;0;0;0;0;0;0;0;0;0;0;0;0;0;0;0;0;0;0;0;0;0;0;0;0;0;0;0;0;0;1;0;0;0;0;0;0;2;0;0;1;1;2;0;0;0;0;PINHAIS;REGIÃO LESTE;79;5
0.9835823648773289;2022-08-31;7;10;15;19;467;27;4;7;14;330;27;0;27;604;52;131;4;5;4;5;4;4;5;0;1;0;0;0;0;0;0;0;0;0;0;0;1;0;0;0;0;0;0;0;0;0;0;0;0;0;0;0;0;0;0;0;0;0;0;0;0;0;0;0;0;0;0;1;0;0;0;0;0;0;2;0;0;1;1;2;0;0;0;0;PINHAIS;REGIÃO LESTE;80;6
0.894853348090758;2022-09-30;7;10;15;23;439;30;6;7;17;322;30;0;30;555;36;169;4;4;5;4;5;4;4;0;0;0;0;0;0;0;0;0;0;0;1;0;1;0;0;0;0;0;0;0;0;0;0;0;0;0;0;0;0;0;0;0;0;0;0;0;0;0;0;0;0;0;0;1;0;0;0;0;0;0;2;0;0;1;1;2;0;0;0;0;PINHAIS;REGIÃO LESTE;81;6
0.7662792842648957;2022-10-31;9;14;19;23;582;30;5;9;17;435;30;0;30;728;23;147;5;4;4;5;4;5;4;0;0;0;0;0;0;0;0;0;0;1;0;0;1;0;0;0;0;0;0;0;0;0;0;0;0;0;0;0;0;0;0;0;0;0;0;0;0;0;0;0;0;0;0;1;0;0;0;0;0;0;2;0;0;1;1;2;0;0;0;0;PINHAIS;REGIÃO LESTE;82;6
0.7011621472053126;2022-11-30;8;10;18;22;538;28;6;8;18;396;28;0;28;679;28;176;4;5;4;4;4;4;5;0;0;0;0;0;0;0;0;0;1;0;0;0;1;0;0;0;0;0;0;0;0;0;0;0;0;0;0;0;0;0;0;0;0;0;0;0;0;0;0;0;0;0;0;1;0;0;0;0;0;0;2;0;0;1;1;2;0;0;0;0;PINHAIS;REGIÃO LESTE;83;6
0.48607268031728457;2022-12-31;13;17;21;25;661;32;5;13;21;515;32;0;32;807;56;168;4;4;5;4;5;5;4;0;0;1;0;0;0;0;0;0;0;0;0;0;1;0;0;0;0;0;0;0;0;0;0;0;0;0;0;0;0;0;0;0;0;0;0;0;0;0;0;0;0;0;0;1;0;0;0;0;0;0;2;0;0;1;1;2;0;0;0;0;PINHAIS;REGIÃO LESTE;84;3
0.31451761667589007;2023-01-31;13;17;22;25;687;32;4;13;20;533;32;0;32;842;48;112;5;4;4;5;4;4;5;0;0;0;0;1;0;0;0;0;0;0;0;0;0;1;0;0;0;0;0;0;0;0;0;0;0;0;0;0;0;0;0;0;0;0;0;0;0;0;0;0;0;0;0;1;0;0;0;0;0;0;2;0;0;1;1;2;31;0;0;0;PINHAIS;REGIÃO LESTE;85;2
0.566131710016602;2023-02-28;13;15;22;24;622;31;5;13;20;492;31;0;31;753;21;128;4;4;4;4;4;4;4;0;0;0;1;0;0;0;0;0;0;0;0;0;0;1;0;0;0;0;0;0;0;0;0;0;0;0;0;0;0;0;0;0;0;0;0;0;0;0;0;0;0;0;0;1;0;0;0;0;0;0;2;0;0;1;1;2;0;3;0;0;PINHAIS;REGIÃO LESTE;86;4
0.8291828076000737;2023-03-31;14;20;22;25;696;31;3;14;20;550;31;0;31;843;23;96;4;5;5;4;5;4;4;0;0;0;0;0;0;0;0;1;0;0;0;0;0;1;0;0;0;0;0;0;0;0;0;0;0;0;0;0;0;0;0;0;0;0;0;0;0;0;0;0;0;0;0;1;0;0;0;0;0;0;2;0;0;1;1;2;0;0;0;0;PINHAIS;REGIÃO LESTE;87;6
0.651355838406198;2023-04-30;9;15;19;23;562;28;3;9;17;431;28;0;28;694;25;84;5;4;4;4;4;5;4;1;0;0;0;0;0;0;0;0;0;0;0;0;0;1;0;0;0;0;0;0;0;0;0;0;0;0;0;0;0;0;0;0;0;0;0;0;0;0;0;0;0;0;0;1;0;0;0;0;0;0;2;0;0;1;1;2;0;1;0;0;PINHAIS;REGIÃO LESTE;88;5
0.7777162885076553;2023-05-31;8;14;18;22;551;28;2;8;19;396;28;0;28;706;34;57;4;5;4;5;4;4;5;0;0;0;0;0;0;0;1;0;0;0;0;0;0;1;0;0;0;0;0;0;0;0;0;0;0;0;0;0;0;0;0;0;0;0;0;0;0;0;0;0;0;0;0;1;0;0;0;0;0;0;2;0;0;1;1;2;0;0;0;0;PINHAIS;REGIÃO LESTE;89;6
0.7786386275594909;2023-06-30;6;10;16;22;473;27;1;6;17;317;27;0;27;630;18;44;4;4;5;4;5;4;4;0;0;0;0;0;0;1;0;0;0;0;0;0;0;1;0;0;0;0;0;0;0;0;0;0;0;0;0;0;0;0;0;0;0;0;0;0;0;0;0;0;0;0;0;1;0;0;0;0;0;0;2;0;0;1;1;2;0;1;0;0;PINHAIS;REGIÃO LESTE;90;6
0.48607268031728457;2023-07-31;4;10;15;20;480;26;3;4;15;340;26;0;26;620;23;80;5;4;4;5;4;5;4;0;0;0;0;0;1;0;0;0;0;0;0;0;0;1;0;0;0;0;0;0;0;0;0;0;0;0;0;0;0;0;0;0;0;0;0;0;0;0;0;0;0;0;0;1;0;0;0;0;0;0;2;0;0;1;1;2;15;0;0;0;PINHAIS;REGIÃO LESTE;91;3
0.8120273012359344;2023-08-31;6;9;17;26;518;30;4;6;21;352;30;0;30;683;30;114;4;5;5;4;4;4;5;0;1;0;0;0;0;0;0;0;0;0;0;0;0;1;0;0;0;0;0;0;0;0;0;0;0;0;0;0;0;0;0;0;0;0;0;0;0;0;0;0;0;0;0;1;0;0;0;0;0;0;2;0;0;1;1;2;0;0;0;0;PINHAIS;REGIÃO LESTE;92;6
0.6347537354731599;2023-09-30;10;14;20;26;603;33;4;10;19;439;33;0;33;766;23;110;4;4;4;4;5;5;4;0;0;0;0;0;0;0;0;0;0;0;1;0;0;1;0;0;0;0;0;0;0;0;0;0;0;0;0;0;0;0;0;0;0;0;0;0;0;0;0;0;0;0;0;1;0;0;0;0;0;0;2;0;0;1;1;2;0;0;0;0;PINHAIS;REGIÃO LESTE;93;5
0.6747832503228187;2023-10-31;11;12;19;24;584;32;14;11;18;451;32;0;32;718;63;436;5;4;4;5;4;4;5;0;0;0;0;0;0;0;0;0;0;1;0;0;0;1;0;0;0;0;0;0;0;0;0;0;0;0;0;0;0;0;0;0;0;0;0;0;0;0;0;0;0;0;0;1;0;0;0;0;0;0;2;0;0;1;1;2;0;0;0;0;PINHAIS;REGIÃO LESTE;94;5
0.6402877697841726;2023-11-30;8;16;21;27;638;35;8;8;21;491;35;0;35;786;83;231;4;5;5;4;4;4;4;0;0;0;0;0;0;0;0;0;1;0;0;0;0;1;0;0;0;0;0;0;0;0;0;0;0;0;0;0;0;0;0;0;0;0;0;0;0;0;0;0;0;0;0;1;0;0;0;0;0;0;2;0;0;1;1;2;0;0;0;0;PINHAIS;REGIÃO LESTE;95;5
0.5604132078952222;2023-12-31;13;17;23;28;725;35;2;13;22;558;35;0;35;892;28;54;5;4;4;4;5;5;4;0;0;1;0;0;0;0;0;0;0;0;0;0;0;1;0;0;0;0;0;0;0;0;0;0;0;0;0;0;0;0;0;0;0;0;0;0;0;0;0;0;0;0;0;1;0;0;0;0;0;0;2;0;0;1;1;2;0;0;0;0;PINHAIS;REGIÃO LESTE;96;4
0.41173215273934693;2024-01-31;13;17;23;28;706;35;5;13;22;549;35;0;35;862;41;161;4;5;4;5;4;4;5;0;0;0;0;1;0;0;0;0;0;0;0;0;0;0;1;0;0;0;0;0;0;0;0;0;0;0;0;0;0;0;0;0;0;0;0;0;0;0;0;0;0;0;0;1;0;0;0;0;0;0;2;0;0;1;1;2;31;0;0;0;PINHAIS;REGIÃO LESTE;97;2
0.6860357867552113;2024-02-29;16;18;23;27;679;32;6;16;22;538;32;0;32;819;48;186;4;4;5;4;4;4;4;0;0;0;1;0;0;0;0;0;0;0;0;0;0;0;1;0;0;0;0;0;0;0;0;0;0;0;0;0;0;0;0;0;0;0;0;0;0;0;0;0;0;0;0;1;0;0;0;0;0;0;2;0;0;1;2;2;0;3;0;0;PINHAIS;REGIÃO LESTE;98;5
0.8349013097214536;2024-03-31;14;17;23;28;710;33;2;14;23;567;33;0;33;853;22;47;5;4;4;4;5;5;4;0;0;0;0;0;0;0;0;1;0;0;0;0;0;0;1;0;0;0;0;0;0;0;0;0;0;0;0;0;0;0;0;0;0;0;0;0;0;0;0;0;0;0;0;1;0;0;0;0;0;0;2;0;0;1;2;2;0;1;0;0;PINHAIS;REGIÃO LESTE;99;6
0.32484781405644714;2024-04-30;9;16;22;26;645;31;4;9;21;512;31;0;31;778;61;128;4;4;4;5;4;4;5;1;0;0;0;0;0;0;0;0;0;0;0;0;0;0;1;0;0;0;0;0;0;0;0;0;0;0;0;0;0;0;0;0;0;0;0;0;0;0;0;0;0;0;0;1;0;0;0;0;0;0;2;0;0;1;2;2;0;0;0;0;PINHAIS;REGIÃO LESTE;100;2
0.1715550636413946;2024-05-31;5;11;19;26;598;30;5;5;22;446;30;0;30;750;51;143;4;5;5;4;5;4;4;0;0;0;0;0;0;0;1;0;0;0;0;0;0;0;1;0;0;0;0;0;0;0;0;0;0;0;0;0;0;0;0;0;0;0;0;0;0;0;0;0;0;0;0;1;0;0;0;0;0;0;2;0;0;1;2;2;0;1;0;30;PINHAIS;REGIÃO LESTE;101;0
0.15329275041505253;2024-06-30;9;16;19;22;557;27;1;9;17;383;27;0;27;732;11;32;5;4;4;4;4;5;4;0;0;0;0;0;0;1;0;0;0;0;0;0;0;0;1;0;0;0;0;0;0;0;0;0;0;0;0;0;0;0;0;0;0;0;0;0;0;0;0;0;0;0;0;1;0;0;0;0;0;0;2;0;0;1;2;2;0;0;0;30;PINHAIS;REGIÃO LESTE;102;0
0.4517616675890057;2024-07-31;10;15;15;15;477;21;1;10;10;308;21;1;21;647;1;37;4;5;4;5;4;4;5;0;0;0;0;0;1;0;0;0;0;0;0;0;0;0;1;0;0;0;0;0;0;0;0;0;0;0;0;0;0;0;0;0;0;0;0;0;0;0;0;0;0;0;0;1;0;0;0;0;0;0;2;0;0;1;2;2;12;0;0;0;PINHAIS;REGIÃO LESTE;103;2
0.4917911824386644;2024-08-31;11;16;16;16;496;21;3;11;11;337;21;3;21;654;3;99;4;4;5;4;5;5;4;0;1;0;0;0;0;0;0;0;0;0;0;0;0;0;1;0;0;0;0;0;0;0;0;0;0;0;0;0;0;0;0;0;0;0;0;0;0;0;0;0;0;0;0;1;0;0;0;0;0;0;2;0;0;1;2;2;0;0;0;0;PINHAIS;REGIÃO LESTE;104;3
0.4465965688987271;2024-09-30;13;18;18;18;549;24;3;13;13;390;24;3;24;708;3;88;5;4;4;5;4;4;4;0;0;0;0;0;0;0;0;0;0;0;1;0;0;0;1;0;0;0;0;0;0;0;0;0;0;0;0;0;0;0;0;0;0;0;0;0;0;0;0;0;0;0;0;1;0;0;0;0;0;0;2;0;0;1;2;2;0;0;0;0;PINHAIS;REGIÃO LESTE;105;2
0.48607268031728457;2024-10-31;14;19;19;19;585;24;7;14;14;440;24;7;24;729;7;203;4;5;5;4;4;4;5;0;0;0;0;0;0;0;0;0;0;1;0;0;0;0;1;0;0;0;0;0;0;0;0;0;0;0;0;0;0;0;0;0;0;0;0;0;0;0;0;0;0;0;0;1;0;0;0;0;0;0;2;0;0;1;2;2;0;0;0;0;PINHAIS;REGIÃO LESTE;106;3
0.3726516784724362;2017-10-31;7;15;21;27;644;34;17;7;20;471;34;0;34;816;100;536;5;4;4;5;4;4;5;0;0;0;0;0;0;0;0;0;0;1;0;0;0;0;0;0;0;1;0;0;0;0;0;0;0;0;0;0;0;0;0;0;0;0;0;0;0;0;0;0;0;0;0;0;1;0;0;0;0;0;1;0;0;0;0;1;0;0;0;0;PITANGA;REGIÃO CENTRAL;1;2
0.30905451185709887;2017-11-30;11;18;22;25;651;33;4;11;20;490;33;0;33;813;22;122;4;5;5;4;4;4;4;0;0;0;0;0;0;0;0;0;1;0;0;0;0;0;0;0;0;1;0;0;0;0;0;0;0;0;0;0;0;0;0;0;0;0;0;0;0;0;0;0;0;0;0;0;1;0;0;0;0;0;1;0;0;0;0;1;0;0;0;0;PITANGA;REGIÃO CENTRAL;2;2
0.23606405913150605;2017-12-31;16;21;24;28;732;32;6;16;23;599;32;0;32;865;50;180;5;4;4;4;5;5;4;0;0;1;0;0;0;0;0;0;0;0;0;0;0;0;0;0;0;1;0;0;0;0;0;0;0;0;0;0;0;0;0;0;0;0;0;0;0;0;0;0;0;0;0;0;1;0;0;0;0;0;1;0;0;0;0;1;0;0;0;0;PITANGA;REGIÃO CENTRAL;3;1
0.1535263319987681;2018-01-31;16;20;23;26;725;31;5;16;22;601;31;0;31;848;24;162;4;5;4;5;4;4;5;0;0;0;0;1;0;0;0;0;0;0;0;0;0;0;0;0;0;0;1;0;0;0;0;0;0;0;0;0;0;0;0;0;0;0;0;0;0;0;0;0;0;0;0;0;1;0;0;0;0;0;1;0;0;0;0;1;31;0;0;0;PITANGA;REGIÃO CENTRAL;4;1
0.2853403141361257;2018-02-28;15;19;22;25;628;31;3;15;21;497;31;0;31;758;18;88;4;4;4;4;4;4;4;0;0;0;1;0;0;0;0;0;0;0;0;0;0;0;0;0;0;0;1;0;0;0;0;0;0;0;0;0;0;0;0;0;0;0;0;0;0;0;0;0;0;0;0;0;1;0;0;0;0;0;1;0;0;0;1;1;0;3;0;0;PITANGA;REGIÃO CENTRAL;5;1
0.5511241145672929;2018-03-31;16;20;24;27;731;32;7;16;22;597;32;0;32;866;38;218;4;4;5;4;5;5;4;0;0;0;0;0;0;0;0;1;0;0;0;0;0;0;0;0;0;0;1;0;0;0;0;0;0;0;0;0;0;0;0;0;0;0;0;0;0;0;0;0;0;0;0;0;1;0;0;0;0;0;1;0;0;0;1;1;0;1;0;0;PITANGA;REGIÃO CENTRAL;6;4
0.4862950415768402;2018-04-30;12;19;22;24;647;29;0;12;20;479;29;0;29;814;4;6;5;4;4;5;4;4;4;1;0;0;0;0;0;0;0;0;0;0;0;0;0;0;0;0;0;0;1;0;0;0;0;0;0;0;0;0;0;0;0;0;0;0;0;0;0;0;0;0;0;0;0;0;1;0;0;0;0;0;1;0;0;0;1;1;0;0;0;0;PITANGA;REGIÃO CENTRAL;7;3
0.5016938712657838;2018-05-31;5;12;18;22;566;29;3;5;18;407;29;0;29;724;64;95;4;5;5;4;4;4;5;0;0;0;0;0;0;0;1;0;0;0;0;0;0;0;0;0;0;0;1;0;0;0;0;0;0;0;0;0;0;0;0;0;0;0;0;0;0;0;0;0;0;0;0;0;1;0;0;0;0;0;1;0;0;0;1;1;0;1;0;0;PITANGA;REGIÃO CENTRAL;8;4
0.46227286726208816;2018-06-30;3;10;16;22;486;28;5;3;19;370;28;0;28;603;41;140;4;4;4;4;5;5;4;0;0;0;0;0;0;1;0;0;0;0;0;0;0;0;0;0;0;0;1;0;0;0;0;0;0;0;0;0;0;0;0;0;0;0;0;0;0;0;0;0;0;0;0;0;1;0;0;0;0;0;1;0;0;0;1;1;0;0;0;0;PITANGA;REGIÃO CENTRAL;9;3
0.47720973206036343;2018-07-31;3;10;18;21;552;28;0;3;16;376;28;0;28;728;8;11;5;4;4;5;4;4;5;0;0;0;0;0;1;0;0;0;0;0;0;0;0;0;0;0;0;0;1;0;0;0;0;0;0;0;0;0;0;0;0;0;0;0;0;0;0;0;0;0;0;0;0;0;1;0;0;0;0;0;1;0;0;0;1;1;16;0;0;0;PITANGA;REGIÃO CENTRAL;10;3
0.5571296581459809;2018-08-31;3;11;16;23;497;30;4;3;16;347;30;0;30;648;37;136;4;5;5;4;5;4;4;0;1;0;0;0;0;0;0;0;0;0;0;0;0;0;0;0;0;0;1;0;0;0;0;0;0;0;0;0;0;0;0;0;0;0;0;0;0;0;0;0;0;0;0;0;1;0;0;0;0;0;1;0;0;0;1;1;0;0;0;0;PITANGA;REGIÃO CENTRAL;11;4
0.6025562057283647;2018-09-30;6;14;19;26;581;33;9;6;20;434;33;0;33;727;101;275;5;4;4;4;4;5;4;0;0;0;0;0;0;0;0;0;0;0;1;0;0;0;0;0;0;0;1;0;0;0;0;0;0;0;0;0;0;0;0;0;0;0;0;0;0;0;0;0;0;0;0;0;1;0;0;0;0;0;1;0;0;0;1;1;0;0;0;0;PITANGA;REGIÃO CENTRAL;12;5
0.5605174006775485;2018-10-31;14;16;21;24;645;30;6;14;20;524;30;0;30;766;64;194;4;5;4;5;4;4;5;0;0;0;0;0;0;0;0;0;0;1;0;0;0;0;0;0;0;0;1;0;0;0;0;0;0;0;0;0;0;0;0;0;0;0;0;0;0;0;0;0;0;0;0;0;1;0;0;0;0;0;1;0;0;0;1;1;0;0;0;0;PITANGA;REGIÃO CENTRAL;13;4
0.4822913458577148;2018-11-30;12;19;22;28;672;33;2;12;23;504;33;0;33;840;30;72;4;4;5;4;5;4;4;0;0;0;0;0;0;0;0;0;1;0;0;0;0;0;0;0;0;0;1;0;0;0;0;0;0;0;0;0;0;0;0;0;0;0;0;0;0;0;0;0;0;0;0;0;1;0;0;0;0;0;1;0;0;0;1;1;0;0;0;0;PITANGA;REGIÃO CENTRAL;14;3
0.4253156760086234;2018-12-31;14;19;25;28;766;34;3;14;25;587;34;0;34;945;38;85;5;4;4;5;4;5;4;0;0;1;0;0;0;0;0;0;0;0;0;0;0;0;0;0;0;0;1;0;0;0;0;0;0;0;0;0;0;0;0;0;0;0;0;0;0;0;0;0;0;0;0;0;1;0;0;0;0;0;1;0;0;0;1;1;0;0;0;0;PITANGA;REGIÃO CENTRAL;15;2
0.32044964582691715;2019-01-31;18;23;26;28;794;34;4;18;24;648;34;0;34;940;23;122;4;5;5;4;4;4;5;0;0;0;0;1;0;0;0;0;0;0;0;0;0;0;0;0;0;0;0;1;0;0;0;0;0;0;0;0;0;0;0;0;0;0;0;0;0;0;0;0;0;0;0;0;1;0;0;0;0;0;1;0;0;0;1;1;31;0;0;0;PITANGA;REGIÃO CENTRAL;16;2
0.4379427163535572;2019-02-28;16;19;24;28;660;34;10;16;23;536;34;0;34;785;79;268;4;4;4;4;4;4;4;0;0;0;1;0;0;0;0;0;0;0;0;0;0;0;0;0;0;0;0;1;0;0;0;0;0;0;0;0;0;0;0;0;0;0;0;0;0;0;0;0;0;0;0;0;1;0;0;0;0;0;1;0;0;0;3;1;0;0;0;0;PITANGA;REGIÃO CENTRAL;17;3
0.7499230058515554;2019-03-31;15;19;23;25;713;31;3;15;22;578;31;0;31;848;50;98;5;4;4;4;5;5;4;0;0;0;0;0;0;0;0;1;0;0;0;0;0;0;0;0;0;0;0;1;0;0;0;0;0;0;0;0;0;0;0;0;0;0;0;0;0;0;0;0;0;0;0;0;1;0;0;0;0;0;1;0;0;0;3;1;0;3;0;0;PITANGA;REGIÃO CENTRAL;18;6
0.8644902987372961;2019-04-30;12;19;22;24;649;29;2;12;21;518;29;0;29;779;24;52;4;4;4;5;4;4;5;1;0;0;0;0;0;0;0;0;0;0;0;0;0;0;0;0;0;0;0;1;0;0;0;0;0;0;0;0;0;0;0;0;0;0;0;0;0;0;0;0;0;0;0;0;1;0;0;0;0;0;1;0;0;0;3;1;0;1;0;0;PITANGA;REGIÃO CENTRAL;19;6
0.7965814598090545;2019-05-31;9;13;19;24;589;29;10;9;20;491;29;0;29;688;69;300;4;5;5;4;5;4;4;0;0;0;0;0;0;0;1;0;0;0;0;0;0;0;0;0;0;0;0;1;0;0;0;0;0;0;0;0;0;0;0;0;0;0;0;0;0;0;0;0;0;0;0;0;1;0;0;0;0;0;1;0;0;0;3;1;0;0;0;0;PITANGA;REGIÃO CENTRAL;20;6
0.5689867570064676;2019-06-30;6;11;18;22;535;27;3;6;18;399;27;0;27;672;26;84;5;4;4;4;4;5;4;0;0;0;0;0;0;1;0;0;0;0;0;0;0;0;0;0;0;0;0;1;0;0;0;0;0;0;0;0;0;0;0;0;0;0;0;0;0;0;0;0;0;0;0;0;1;0;0;0;0;0;1;0;0;0;3;1;0;1;0;0;PITANGA;REGIÃO CENTRAL;21;5
0.40221743147520794;2019-07-31;-1;6;16;21;507;27;2;-1;18;344;27;0;27;669;25;48;4;5;4;5;4;4;5;0;0;0;0;0;1;0;0;0;0;0;0;0;0;0;0;0;0;0;0;1;0;0;0;0;0;0;0;0;0;0;0;0;0;0;0;0;0;0;0;0;0;0;0;0;1;0;0;0;0;0;1;0;0;0;3;1;16;0;0;0;PITANGA;REGIÃO CENTRAL;22;2
0.47643979057591623;2019-08-31;3;10;17;22;537;30;0;3;17;365;30;0;30;707;10;15;4;4;5;4;5;5;4;0;1;0;0;0;0;0;0;0;0;0;0;0;0;0;0;0;0;0;0;1;0;0;0;0;0;0;0;0;0;0;0;0;0;0;0;0;0;0;0;0;0;0;0;0;1;0;0;0;0;0;1;0;0;0;3;1;0;0;0;0;PITANGA;REGIÃO CENTRAL;23;3
0.5589775177086542;2019-09-30;11;15;21;28;626;33;4;11;22;478;33;0;33;774;36;118;5;4;4;5;4;4;4;0;0;0;0;0;0;0;0;0;0;0;1;0;0;0;0;0;0;0;0;1;0;0;0;0;0;0;0;0;0;0;0;0;0;0;0;0;0;0;0;0;0;0;0;0;1;0;0;0;0;0;1;0;0;0;3;1;0;0;0;0;PITANGA;REGIÃO CENTRAL;24;4
0.630890052356021;2019-10-31;13;18;23;29;728;36;5;13;23;547;36;0;36;909;30;150;4;5;5;4;4;4;5;0;0;0;0;0;0;0;0;0;0;1;0;0;0;0;0;0;0;0;0;1;0;0;0;0;0;0;0;0;0;0;0;0;0;0;0;0;0;0;0;0;0;0;0;0;1;0;0;0;0;0;1;0;0;0;3;1;0;0;0;0;PITANGA;REGIÃO CENTRAL;25;5
0.6710809978441639;2019-11-30;14;19;23;28;695;35;5;14;21;521;35;0;35;869;41;152;4;4;4;4;5;5;4;0;0;0;0;0;0;0;0;0;1;0;0;0;0;0;0;0;0;0;0;1;0;0;0;0;0;0;0;0;0;0;0;0;0;0;0;0;0;0;0;0;0;0;0;0;1;0;0;0;0;0;1;0;0;0;3;1;0;0;0;0;PITANGA;REGIÃO CENTRAL;26;6
0.4893748075146289;2019-12-31;15;20;23;27;711;33;6;15;21;557;33;0;33;866;46;178;5;4;4;5;4;4;5;0;0;1;0;0;0;0;0;0;0;0;0;0;0;0;0;0;0;0;0;1;0;0;0;0;0;0;0;0;0;0;0;0;0;0;0;0;0;0;0;0;0;0;0;0;1;0;0;0;0;0;1;0;0;0;3;1;0;0;0;0;PITANGA;REGIÃO CENTRAL;27;3
0.33276870957807214;2020-01-31;16;19;24;26;735;32;5;16;22;601;32;0;32;869;24;148;4;5;5;4;5;4;4;0;0;0;0;1;0;0;0;0;0;0;0;0;0;0;0;0;0;0;0;0;1;0;0;0;0;0;0;0;0;0;0;0;0;0;0;0;0;0;0;0;0;0;0;0;1;0;0;0;0;0;1;0;0;0;3;1;31;0;0;0;PITANGA;REGIÃO CENTRAL;28;2
0.5728364644287035;2020-02-29;14;20;23;27;674;33;4;14;22;538;33;0;33;810;47;119;4;4;4;4;4;5;4;0;0;0;1;0;0;0;0;0;0;0;0;0;0;0;0;0;0;0;0;0;1;0;0;0;0;0;0;0;0;0;0;0;0;0;0;0;0;0;0;0;0;0;0;0;1;0;0;0;0;0;1;0;0;0;3;1;0;3;0;0;PITANGA;REGIÃO CENTRAL;29;5
0.4325531259624269;2020-03-31;14;20;23;26;698;33;3;14;21;515;33;0;33;880;60;101;5;4;4;5;4;4;5;0;0;0;0;0;0;0;0;1;0;0;0;0;0;0;0;0;0;0;0;0;1;0;0;0;0;0;0;0;0;0;0;0;0;0;0;0;0;0;0;0;0;0;0;0;1;0;0;0;0;0;1;0;0;0;3;1;0;0;15;0;PITANGA;REGIÃO CENTRAL;30;2
0.032337542346781656;2020-04-30;7;14;20;25;595;30;3;7;19;405;30;0;30;786;49;87;4;5;5;4;4;4;4;1;0;0;0;0;0;0;0;0;0;0;0;0;0;0;0;0;0;0;0;0;1;0;0;0;0;0;0;0;0;0;0;0;0;0;0;0;0;0;0;0;0;0;0;0;1;0;0;0;0;0;1;0;0;0;3;1;0;1;30;0;PITANGA;REGIÃO CENTRAL;31;0
0.03495534339390208;2020-05-31;5;12;17;22;527;28;10;5;17;342;28;0;28;711;222;295;5;4;4;4;5;5;4;0;0;0;0;0;0;0;1;0;0;0;0;0;0;0;0;0;0;0;0;0;1;0;0;0;0;0;0;0;0;0;0;0;0;0;0;0;0;0;0;0;0;0;0;0;1;0;0;0;0;0;1;0;0;0;3;1;0;0;31;0;PITANGA;REGIÃO CENTRAL;32;0
0.028641823221435186;2020-06-30;8;13;18;22;526;27;8;8;18;406;27;0;27;647;65;230;4;4;4;5;4;4;5;0;0;0;0;0;0;1;0;0;0;0;0;0;0;0;0;0;0;0;0;0;1;0;0;0;0;0;0;0;0;0;0;0;0;0;0;0;0;0;0;0;0;0;0;0;1;0;0;0;0;0;1;0;0;0;3;1;0;1;30;0;PITANGA;REGIÃO CENTRAL;33;0
0.052971974129966154;2020-07-31;4;9;16;21;508;26;1;4;16;348;26;0;26;668;28;41;4;5;5;4;5;4;4;0;0;0;0;0;1;0;0;0;0;0;0;0;0;0;0;0;0;0;0;0;1;0;0;0;0;0;0;0;0;0;0;0;0;0;0;0;0;0;0;0;0;0;0;0;1;0;0;0;0;0;1;0;0;0;3;1;0;0;31;0;PITANGA;REGIÃO CENTRAL;34;1
0.027871881736988013;2020-08-31;2;8;17;23;524;31;11;2;16;353;31;0;31;695;57;329;5;4;4;5;4;5;4;0;1;0;0;0;0;0;0;0;0;0;0;0;0;0;0;0;0;0;0;0;1;0;0;0;0;0;0;0;0;0;0;0;0;0;0;0;0;0;0;0;0;0;0;0;1;0;0;0;0;0;1;0;0;0;3;1;0;0;31;0;PITANGA;REGIÃO CENTRAL;35;0
0.08777332922697875;2020-09-30;12;16;22;26;660;34;3;12;19;476;34;0;34;844;36;83;4;5;4;4;4;4;5;0;0;0;0;0;0;0;0;0;0;0;1;0;0;0;0;0;0;0;0;0;1;0;0;0;0;0;0;0;0;0;0;0;0;0;0;0;0;0;0;0;0;0;0;0;1;0;0;0;0;0;1;0;0;0;3;1;0;0;30;0;PITANGA;REGIÃO CENTRAL;36;1
0.026178010471204216;2020-10-31;11;17;23;30;704;37;2;11;24;513;37;0;37;895;28;64;4;4;5;4;5;5;4;0;0;0;0;0;0;0;0;0;0;1;0;0;0;0;0;0;0;0;0;0;1;0;0;0;0;0;0;0;0;0;0;0;0;0;0;0;0;0;0;0;0;0;0;0;1;0;0;0;0;0;1;0;0;0;3;1;0;0;31;0;PITANGA;REGIÃO CENTRAL;37;0
0.032337542346781656;2020-11-30;9;18;22;27;673;34;4;9;21;473;34;0;34;873;32;123;5;4;4;5;4;4;4;0;0;0;0;0;0;0;0;0;1;0;0;0;0;0;0;0;0;0;0;0;1;0;0;0;0;0;0;0;0;0;0;0;0;0;0;0;0;0;0;0;0;0;0;0;1;0;0;0;0;0;1;0;0;0;3;1;0;0;30;0;PITANGA;REGIÃO CENTRAL;38;0
0.04049892208192177;2020-12-31;15;19;23;25;716;30;9;15;21;564;30;0;30;868;48;286;4;5;5;4;4;4;5;0;0;1;0;0;0;0;0;0;0;0;0;0;0;0;0;0;0;0;0;0;1;0;0;0;0;0;0;0;0;0;0;0;0;0;0;0;0;0;0;0;0;0;0;0;1;0;0;0;0;0;1;0;0;0;3;1;0;0;31;0;PITANGA;REGIÃO CENTRAL;39;1
0.030951647674776733;2021-01-31;15;20;23;26;711;31;9;15;22;600;31;0;31;822;31;288;5;4;4;4;5;5;4;0;0;0;0;1;0;0;0;0;0;0;0;1;0;0;0;0;0;0;0;0;0;0;0;0;0;0;0;0;0;0;0;0;0;0;0;0;0;0;0;0;0;0;0;0;1;0;0;0;0;0;1;0;0;0;3;1;0;0;31;0;PITANGA;REGIÃO CENTRAL;40;0
0.020326455189405623;2021-02-28;14;20;23;25;634;32;1;14;21;480;32;0;32;788;15;42;4;4;4;4;4;4;4;0;0;0;1;0;0;0;0;0;0;0;0;1;0;0;0;0;0;0;0;0;0;0;0;0;0;0;0;0;0;0;0;0;0;0;0;0;0;0;0;0;0;0;0;0;1;0;0;0;0;0;1;0;0;0;3;1;0;3;28;0;PITANGA;REGIÃO CENTRAL;41;0
0.030951647674776733;2021-03-31;12;18;23;26;719;32;3;12;20;561;32;0;32;876;23;100;4;5;4;5;4;4;5;0;0;0;0;0;0;0;0;1;0;0;0;1;0;0;0;0;0;0;0;0;0;0;0;0;0;0;0;0;0;0;0;0;0;0;0;0;0;0;0;0;0;0;0;0;1;0;0;0;0;0;1;0;0;0;3;1;0;0;31;0;PITANGA;REGIÃO CENTRAL;42;0
0.009239297813366187;2021-04-30;11;17;20;23;586;29;0;11;19;420;29;0;29;751;3;4;4;4;5;4;5;4;4;1;0;0;0;0;0;0;0;0;0;0;0;1;0;0;0;0;0;0;0;0;0;0;0;0;0;0;0;0;0;0;0;0;0;0;0;0;0;0;0;0;0;0;0;0;1;0;0;0;0;0;1;0;0;0;3;1;0;1;30;0;PITANGA;REGIÃO CENTRAL;43;0
0.002309824453341547;2021-05-31;4;12;17;21;536;28;3;4;17;371;28;0;28;700;40;103;5;4;4;5;4;5;4;0;0;0;0;0;0;0;1;0;0;0;0;1;0;0;0;0;0;0;0;0;0;0;0;0;0;0;0;0;0;0;0;0;0;0;0;0;0;0;0;0;0;0;0;0;1;0;0;0;0;0;1;0;0;0;3;1;0;0;31;0;PITANGA;REGIÃO CENTRAL;44;0
0.0;2021-06-30;-1;4;15;20;455;25;5;-1;16;331;25;0;25;579;77;142;4;5;4;4;4;4;5;0;0;0;0;0;0;1;0;0;0;0;0;1;0;0;0;0;0;0;0;0;0;0;0;0;0;0;0;0;0;0;0;0;0;0;0;0;0;0;0;0;0;0;0;0;1;0;0;0;0;0;1;0;0;0;3;1;0;1;30;0;PITANGA;REGIÃO CENTRAL;45;0
0.030951647674776733;2021-07-31;-1;5;14;20;428;27;2;-1;15;232;27;0;27;624;24;64;4;4;5;4;5;5;4;0;0;0;0;0;1;0;0;0;0;0;0;1;0;0;0;0;0;0;0;0;0;0;0;0;0;0;0;0;0;0;0;0;0;0;0;0;0;0;0;0;0;0;0;0;1;0;0;0;0;0;1;0;0;0;3;1;0;0;31;0;PITANGA;REGIÃO CENTRAL;46;0
0.05004619648906686;2021-08-31;6;13;19;25;584;32;2;6;18;399;32;0;32;769;15;47;5;4;4;5;4;4;5;0;1;0;0;0;0;0;0;0;0;0;0;1;0;0;0;0;0;0;0;0;0;0;0;0;0;0;0;0;0;0;0;0;0;0;0;0;0;0;0;0;0;0;0;0;1;0;0;0;0;0;1;0;0;0;3;1;0;0;31;0;PITANGA;REGIÃO CENTRAL;47;1
0.050816137973514;2021-09-30;10;16;22;27;656;34;1;10;22;468;34;0;34;843;22;42;4;5;5;4;4;4;4;0;0;0;0;0;0;0;0;0;0;0;1;1;0;0;0;0;0;0;0;0;0;0;0;0;0;0;0;0;0;0;0;0;0;0;0;0;0;0;0;0;0;0;0;0;1;0;0;0;0;0;1;0;0;0;3;1;0;0;30;0;PITANGA;REGIÃO CENTRAL;48;1
0.06436710809978444;2021-10-31;9;16;19;23;604;29;21;9;19;464;29;0;29;745;138;655;5;4;4;4;5;5;4;0;0;0;0;0;0;0;0;0;0;1;0;1;0;0;0;0;0;0;0;0;0;0;0;0;0;0;0;0;0;0;0;0;0;0;0;0;0;0;0;0;0;0;0;0;1;0;0;0;0;0;1;0;0;0;3;1;0;0;0;0;PITANGA;REGIÃO CENTRAL;49;1
0.32799507237449954;2021-11-30;11;18;23;26;683;33;2;11;19;488;33;0;33;877;51;63;4;4;4;5;4;4;5;0;0;0;0;0;0;0;0;0;1;0;0;1;0;0;0;0;0;0;0;0;0;0;0;0;0;0;0;0;0;0;0;0;0;0;0;0;0;0;0;0;0;0;0;0;1;0;0;0;0;0;1;0;0;0;3;1;0;0;0;0;PITANGA;REGIÃO CENTRAL;50;2
0.3555589775177087;2021-12-31;12;20;24;27;737;34;4;12;21;531;34;0;34;942;92;118;4;5;5;4;5;4;4;0;0;1;0;0;0;0;0;0;0;0;0;1;0;0;0;0;0;0;0;0;0;0;0;0;0;0;0;0;0;0;0;0;0;0;0;0;0;0;0;0;0;0;0;0;1;0;0;0;0;0;1;0;0;0;3;1;0;0;0;0;PITANGA;REGIÃO CENTRAL;51;2
0.2791807822605482;2022-01-31;15;20;24;28;746;34;6;15;22;585;34;0;34;906;21;194;5;4;4;5;4;5;4;0;0;0;0;1;0;0;0;0;0;0;0;0;1;0;0;0;0;0;0;0;0;0;0;0;0;0;0;0;0;0;0;0;0;0;0;0;0;0;0;0;0;0;0;0;1;0;0;0;0;0;1;0;0;0;3;1;31;0;0;0;PITANGA;REGIÃO CENTRAL;52;1
0.5549738219895288;2022-02-28;15;22;24;27;680;34;4;15;22;512;34;0;34;848;28;103;4;4;4;4;4;4;4;0;0;0;1;0;0;0;0;0;0;0;0;0;1;0;0;0;0;0;0;0;0;0;0;0;0;0;0;0;0;0;0;0;0;0;0;0;0;0;0;0;0;0;0;0;1;0;0;0;0;0;1;0;0;0;3;1;0;1;0;0;PITANGA;REGIÃO CENTRAL;53;4
0.5990144748999077;2022-03-31;15;19;23;27;723;33;12;15;21;572;33;0;33;874;64;382;4;5;5;4;4;4;5;0;0;0;0;0;0;0;0;1;0;0;0;0;1;0;0;0;0;0;0;0;0;0;0;0;0;0;0;0;0;0;0;0;0;0;0;0;0;0;0;0;0;0;0;0;1;0;0;0;0;0;1;0;0;0;3;1;0;1;0;0;PITANGA;REGIÃO CENTRAL;54;5
0.47120418848167545;2022-04-30;9;15;20;24;603;29;12;9;18;456;29;0;29;749;101;368;4;4;4;4;5;5;4;1;0;0;0;0;0;0;0;0;0;0;0;0;1;0;0;0;0;0;0;0;0;0;0;0;0;0;0;0;0;0;0;0;0;0;0;0;0;0;0;0;0;0;0;0;1;0;0;0;0;0;1;0;0;0;3;1;0;1;0;0;PITANGA;REGIÃO CENTRAL;55;3
0.6276562981213428;2022-05-31;4;8;16;22;501;28;7;4;18;354;28;0;28;647;83;212;5;4;4;5;4;4;5;0;0;0;0;0;0;0;1;0;0;0;0;0;1;0;0;0;0;0;0;0;0;0;0;0;0;0;0;0;0;0;0;0;0;0;0;0;0;0;0;0;0;0;0;0;1;0;0;0;0;0;1;0;0;0;3;1;0;0;0;0;PITANGA;REGIÃO CENTRAL;56;5
0.545118570988605;2022-06-30;2;9;16;21;481;26;5;2;15;337;26;0;26;624;62;161;4;5;5;4;4;4;4;0;0;0;0;0;0;1;0;0;0;0;0;0;1;0;0;0;0;0;0;0;0;0;0;0;0;0;0;0;0;0;0;0;0;0;0;0;0;0;0;0;0;0;0;0;1;0;0;0;0;0;1;0;0;0;3;1;0;1;0;0;PITANGA;REGIÃO CENTRAL;57;4
0.5560517400677549;2022-07-31;4;12;19;21;576;27;1;4;16;390;27;0;27;762;8;25;5;4;4;4;5;5;4;0;0;0;0;0;1;0;0;0;0;0;0;0;1;0;0;0;0;0;0;0;0;0;0;0;0;0;0;0;0;0;0;0;0;0;0;0;0;0;0;0;0;0;0;0;1;0;0;0;0;0;1;0;0;0;3;1;0;0;0;0;PITANGA;REGIÃO CENTRAL;58;4
0.6658453957499231;2022-08-31;2;9;16;22;510;29;6;2;16;340;29;0;29;679;62;190;4;5;4;5;4;4;5;0;1;0;0;0;0;0;0;0;0;0;0;0;1;0;0;0;0;0;0;0;0;0;0;0;0;0;0;0;0;0;0;0;0;0;0;0;0;0;0;0;0;0;0;0;1;0;0;0;0;0;1;0;0;0;3;1;0;0;0;0;PITANGA;REGIÃO CENTRAL;59;5
0.6236526024022175;2022-09-30;5;12;16;24;491;31;12;5;17;359;31;0;31;622;65;355;4;4;5;4;5;4;4;0;0;0;0;0;0;0;0;0;0;0;1;0;1;0;0;0;0;0;0;0;0;0;0;0;0;0;0;0;0;0;0;0;0;0;0;0;0;0;0;0;0;0;0;0;1;0;0;0;0;0;1;0;0;0;3;1;0;0;0;0;PITANGA;REGIÃO CENTRAL;60;5
0.47967354481059443;2022-10-31;-1;12;20;23;625;31;15;-1;18;456;31;0;31;795;132;464;5;4;4;5;4;5;4;0;0;0;0;0;0;0;0;0;0;1;0;0;1;0;0;0;0;0;0;0;0;0;0;0;0;0;0;0;0;0;0;0;0;0;0;0;0;0;0;0;0;0;0;0;1;0;0;0;0;0;1;0;0;0;3;1;0;0;0;0;PITANGA;REGIÃO CENTRAL;61;3
0.498922081921774;2022-11-30;8;12;20;24;598;31;4;8;19;407;31;0;31;788;44;105;4;5;4;4;4;4;5;0;0;0;0;0;0;0;0;0;1;0;0;0;1;0;0;0;0;0;0;0;0;0;0;0;0;0;0;0;0;0;0;0;0;0;0;0;0;0;0;0;0;0;0;0;1;0;0;0;0;0;1;0;0;0;3;1;0;0;0;0;PITANGA;REGIÃO CENTRAL;62;4
0.493994456421312;2022-12-31;-6;12;23;26;702;32;7;-6;21;522;32;0;32;881;42;211;4;4;5;4;5;5;4;0;0;1;0;0;0;0;0;0;0;0;0;0;1;0;0;0;0;0;0;0;0;0;0;0;0;0;0;0;0;0;0;0;0;0;0;0;0;0;0;0;0;0;0;0;1;0;0;0;0;0;1;0;0;0;3;1;0;0;0;0;PITANGA;REGIÃO CENTRAL;63;3
0.2887280566676933;2023-01-31;14;19;23;26;710;31;6;14;20;557;31;0;31;862;47;184;5;4;4;5;4;4;5;0;0;0;0;1;0;0;0;0;0;0;0;0;0;1;0;0;0;0;0;0;0;0;0;0;0;0;0;0;0;0;0;0;0;0;0;0;0;0;0;0;0;0;0;0;1;0;0;0;0;0;1;0;0;0;3;1;31;0;0;0;PITANGA;REGIÃO CENTRAL;64;1
0.48167539267015713;2023-02-28;12;17;22;25;624;32;12;12;20;499;32;0;32;748;55;334;4;4;4;4;4;4;4;0;0;0;1;0;0;0;0;0;0;0;0;0;0;1;0;0;0;0;0;0;0;0;0;0;0;0;0;0;0;0;0;0;0;0;0;0;0;0;0;0;0;0;0;0;1;0;0;0;0;0;1;0;0;0;3;1;0;3;0;0;PITANGA;REGIÃO CENTRAL;65;3
0.7040344933785033;2023-03-31;17;22;24;26;729;31;6;17;21;566;31;0;31;892;30;174;4;5;5;4;5;4;4;0;0;0;0;0;0;0;0;1;0;0;0;0;0;1;0;0;0;0;0;0;0;0;0;0;0;0;0;0;0;0;0;0;0;0;0;0;0;0;0;0;0;0;0;0;1;0;0;0;0;0;1;0;0;0;3;1;0;0;0;0;PITANGA;REGIÃO CENTRAL;66;6
0.3695719125346474;2023-04-30;9;15;20;24;603;30;5;9;18;451;30;0;30;755;51;156;5;4;4;4;4;5;4;1;0;0;0;0;0;0;0;0;0;0;0;0;0;1;0;0;0;0;0;0;0;0;0;0;0;0;0;0;0;0;0;0;0;0;0;0;0;0;0;0;0;0;0;0;1;0;0;0;0;0;1;0;0;0;3;1;0;1;0;0;PITANGA;REGIÃO CENTRAL;67;2
0.5608253772713274;2023-05-31;8;15;18;23;572;28;5;8;19;408;28;0;28;736;67;141;4;5;4;5;4;4;5;0;0;0;0;0;0;0;1;0;0;0;0;0;0;1;0;0;0;0;0;0;0;0;0;0;0;0;0;0;0;0;0;0;0;0;0;0;0;0;0;0;0;0;0;0;1;0;0;0;0;0;1;0;0;0;3;1;0;0;0;0;PITANGA;REGIÃO CENTRAL;68;4
0.7206652294425624;2023-06-30;5;11;16;21;493;27;2;5;15;330;27;0;27;655;17;48;4;4;5;4;5;4;4;0;0;0;0;0;0;1;0;0;0;0;0;0;0;1;0;0;0;0;0;0;0;0;0;0;0;0;0;0;0;0;0;0;0;0;0;0;0;0;0;0;0;0;0;0;1;0;0;0;0;0;1;0;0;0;3;1;0;1;0;0;PITANGA;REGIÃO CENTRAL;69;6
0.3746535263319988;2023-07-31;5;10;17;21;531;26;3;5;16;378;26;0;26;684;24;97;5;4;4;5;4;5;4;0;0;0;0;0;1;0;0;0;0;0;0;0;0;1;0;0;0;0;0;0;0;0;0;0;0;0;0;0;0;0;0;0;0;0;0;0;0;0;0;0;0;0;0;0;1;0;0;0;0;0;1;0;0;0;3;1;15;0;0;0;PITANGA;REGIÃO CENTRAL;70;2
0.5274099168463198;2023-08-31;6;13;19;25;581;32;6;6;19;396;32;0;32;765;100;194;4;5;5;4;4;4;5;0;1;0;0;0;0;0;0;0;0;0;0;0;0;1;0;0;0;0;0;0;0;0;0;0;0;0;0;0;0;0;0;0;0;0;0;0;0;0;0;0;0;0;0;0;1;0;0;0;0;0;1;0;0;0;3;1;0;0;0;0;PITANGA;REGIÃO CENTRAL;71;4
0.5635971666153373;2023-09-30;7;15;22;28;663;35;8;7;22;484;35;0;35;841;69;233;4;4;4;4;5;5;4;0;0;0;0;0;0;0;0;0;0;0;1;0;0;1;0;0;0;0;0;0;0;0;0;0;0;0;0;0;0;0;0;0;0;0;0;0;0;0;0;0;0;0;0;0;1;0;0;0;0;0;1;0;0;0;3;1;0;0;0;0;PITANGA;REGIÃO CENTRAL;72;4
0.5703726516784725;2023-10-31;13;18;22;26;685;33;19;13;22;531;33;0;33;840;116;594;5;4;4;5;4;4;5;0;0;0;0;0;0;0;0;0;0;1;0;0;0;1;0;0;0;0;0;0;0;0;0;0;0;0;0;0;0;0;0;0;0;0;0;0;0;0;0;0;0;0;0;0;1;0;0;0;0;0;1;0;0;0;3;1;0;0;0;0;PITANGA;REGIÃO CENTRAL;73;5
0.70218663381583;2023-11-30;9;17;23;29;690;36;7;9;23;524;36;0;36;856;44;205;4;5;5;4;4;4;4;0;0;0;0;0;0;0;0;0;1;0;0;0;0;1;0;0;0;0;0;0;0;0;0;0;0;0;0;0;0;0;0;0;0;0;0;0;0;0;0;0;0;0;0;0;1;0;0;0;0;0;1;0;0;0;3;1;0;0;0;0;PITANGA;REGIÃO CENTRAL;74;6
0.6706190329534956;2023-12-31;16;20;25;28;766;35;4;16;21;580;35;0;35;952;39;131;5;4;4;4;5;5;4;0;0;1;0;0;0;0;0;0;0;0;0;0;0;1;0;0;0;0;0;0;0;0;0;0;0;0;0;0;0;0;0;0;0;0;0;0;0;0;0;0;0;0;0;0;1;0;0;0;0;0;1;0;0;0;3;1;0;0;0;0;PITANGA;REGIÃO CENTRAL;75;5
0.4510317215891593;2024-01-31;14;19;24;28;750;36;7;14;22;578;36;0;36;923;61;219;4;5;4;5;4;4;5;0;0;0;0;1;0;0;0;0;0;0;0;0;0;0;1;0;0;0;0;0;0;0;0;0;0;0;0;0;0;0;0;0;0;0;0;0;0;0;0;0;0;0;0;0;1;0;0;0;0;0;1;0;0;0;3;1;31;0;0;0;PITANGA;REGIÃO CENTRAL;76;3
0.9083769633507853;2024-02-29;17;21;25;27;723;34;2;17;22;565;34;0;34;880;20;68;4;4;5;4;4;4;4;0;0;0;1;0;0;0;0;0;0;0;0;0;0;0;1;0;0;0;0;0;0;0;0;0;0;0;0;0;0;0;0;0;0;0;0;0;0;0;0;0;0;0;0;0;1;0;0;0;0;0;2;0;0;0;3;1;0;3;0;0;PITANGA;REGIÃO CENTRAL;77;6
1.0;2024-03-31;16;19;25;28;765;35;2;16;22;595;35;0;35;934;37;75;5;4;4;4;5;5;4;0;0;0;0;0;0;0;0;1;0;0;0;0;0;0;1;0;0;0;0;0;0;0;0;0;0;0;0;0;0;0;0;0;0;0;0;0;0;0;0;0;0;0;0;0;1;0;0;0;0;0;2;0;0;0;3;1;0;1;0;0;PITANGA;REGIÃO CENTRAL;78;6
0.5728364644287035;2024-04-30;11;17;23;26;680;32;4;11;21;531;32;0;32;830;50;111;4;4;4;5;4;4;5;1;0;0;0;0;0;0;0;0;0;0;0;0;0;0;1;0;0;0;0;0;0;0;0;0;0;0;0;0;0;0;0;0;0;0;0;0;0;0;0;0;0;0;0;0;1;0;0;0;0;0;2;0;0;0;3;1;0;0;0;0;PITANGA;REGIÃO CENTRAL;79;5
0.34123806590699113;2024-05-31;5;11;20;26;617;31;1;5;21;469;31;0;31;766;20;37;4;5;5;4;5;4;4;0;0;0;0;0;0;0;1;0;0;0;0;0;0;0;1;0;0;0;0;0;0;0;0;0;0;0;0;0;0;0;0;0;0;0;0;0;0;0;0;0;0;0;0;0;1;0;0;0;0;0;2;0;0;0;3;1;0;1;0;30;PITANGA;REGIÃO CENTRAL;80;2
0.25408068986757004;2024-06-30;5;12;20;22;586;29;0;5;18;411;29;0;29;761;1;2;5;4;4;4;4;5;4;0;0;0;0;0;0;1;0;0;0;0;0;0;0;0;1;0;0;0;0;0;0;0;0;0;0;0;0;0;0;0;0;0;0;0;0;0;0;0;0;0;0;0;0;0;1;0;0;0;0;0;2;0;0;0;3;1;0;0;0;30;PITANGA;REGIÃO CENTRAL;81;1
0.575146288882045;2024-07-31;5;10;16;21;491;27;3;5;15;353;27;0;27;629;28;83;4;5;4;5;4;4;5;0;0;0;0;0;1;0;0;0;0;0;0;0;0;0;1;0;0;0;0;0;0;0;0;0;0;0;0;0;0;0;0;0;0;0;0;0;0;0;0;0;0;0;0;0;1;0;0;0;0;0;2;0;0;0;3;1;12;0;0;0;PITANGA;REGIÃO CENTRAL;82;5
0.7708654142285187;2024-08-31;0;9;18;25;549;33;1;0;20;350;33;0;33;748;10;28;4;4;5;4;5;5;4;0;1;0;0;0;0;0;0;0;0;0;0;0;0;0;1;0;0;0;0;0;0;0;0;0;0;0;0;0;0;0;0;0;0;0;0;0;0;0;0;0;0;0;0;0;1;0;0;0;0;0;2;0;0;0;3;1;0;0;0;0;PITANGA;REGIÃO CENTRAL;83;6
0.6837080381890976;2024-09-30;11;15;22;27;656;35;4;11;20;462;35;0;35;850;39;106;5;4;4;5;4;4;4;0;0;0;0;0;0;0;0;0;0;0;1;0;0;0;1;0;0;0;0;0;0;0;0;0;0;0;0;0;0;0;0;0;0;0;0;0;0;0;0;0;0;0;0;0;1;0;0;0;0;0;2;0;0;0;3;1;0;0;0;0;PITANGA;REGIÃO CENTRAL;84;6
0.8042808746535265;2024-10-31;12;17;22;27;682;34;4;12;23;532;34;0;34;833;42;115;4;5;5;4;4;4;5;0;0;0;0;0;0;0;0;0;0;1;0;0;0;0;1;0;0;0;0;0;0;0;0;0;0;0;0;0;0;0;0;0;0;0;0;0;0;0;0;0;0;0;0;0;1;0;0;0;0;0;2;0;0;0;3;1;0;0;0;0;PITANGA;REGIÃO CENTRAL;85;6
0.501143583227446;2017-11-30;10;16;20;23;592;31;6;10;18;413;31;0;31;772;55;185;4;5;5;4;4;4;4;0;0;0;0;0;0;0;0;0;1;0;0;0;0;0;0;0;0;1;0;0;0;0;0;0;0;0;0;0;0;0;0;0;0;0;0;0;0;0;0;0;0;0;0;0;0;1;0;0;0;0;1;0;0;0;0;0;0;0;0;0;QUEDAS DO IGUAÇU;REGIÃO OESTE;1;3
0.3870393900889454;2017-12-31;14;21;23;26;715;33;3;14;21;554;33;0;33;875;35;108;5;4;4;4;5;5;4;0;0;1;0;0;0;0;0;0;0;0;0;0;0;0;0;0;0;1;0;0;0;0;0;0;0;0;0;0;0;0;0;0;0;0;0;0;0;0;0;0;0;0;0;0;0;1;0;0;0;0;1;0;0;0;0;0;0;0;0;0;QUEDAS DO IGUAÇU;REGIÃO OESTE;2;2
0.38500635324015253;2018-01-31;15;21;23;24;706;31;6;15;20;565;31;0;31;846;67;198;4;5;4;5;4;4;5;0;0;0;0;1;0;0;0;0;0;0;0;0;0;0;0;0;0;0;1;0;0;0;0;0;0;0;0;0;0;0;0;0;0;0;0;0;0;0;0;0;0;0;0;0;0;1;0;0;0;0;1;0;0;0;0;0;31;0;0;0;QUEDAS DO IGUAÇU;REGIÃO OESTE;3;2
0.45794155019059724;2018-02-28;13;20;22;25;626;31;5;13;19;477;31;0;31;775;56;127;4;4;4;4;4;4;4;0;0;0;1;0;0;0;0;0;0;0;0;0;0;0;0;0;0;0;1;0;0;0;0;0;0;0;0;0;0;0;0;0;0;0;0;0;0;0;0;0;0;0;0;0;0;1;0;0;0;0;1;0;0;0;0;0;0;3;0;0;QUEDAS DO IGUAÇU;REGIÃO OESTE;4;2
0.5883100381194409;2018-03-31;12;17;22;26;694;32;6;12;21;548;32;0;32;839;58;199;4;4;5;4;5;5;4;0;0;0;0;0;0;0;0;1;0;0;0;0;0;0;0;0;0;0;1;0;0;0;0;0;0;0;0;0;0;0;0;0;0;0;0;0;0;0;0;0;0;0;0;0;0;1;0;0;0;0;1;0;0;0;0;0;0;1;0;0;QUEDAS DO IGUAÇU;REGIÃO OESTE;5;4
0.5529860228716645;2018-04-30;14;20;21;24;644;30;1;14;18;468;30;0;30;820;20;21;5;4;4;5;4;4;4;1;0;0;0;0;0;0;0;0;0;0;0;0;0;0;0;0;0;0;1;0;0;0;0;0;0;0;0;0;0;0;0;0;0;0;0;0;0;0;0;0;0;0;0;0;0;1;0;0;0;0;1;0;0;0;0;0;0;0;0;0;QUEDAS DO IGUAÇU;REGIÃO OESTE;6;3
0.5745870393900889;2018-05-31;4;9;17;22;521;29;4;4;17;366;29;0;29;675;74;121;4;5;5;4;4;4;5;0;0;0;0;0;0;0;1;0;0;0;0;0;0;0;0;0;0;0;1;0;0;0;0;0;0;0;0;0;0;0;0;0;0;0;0;0;0;0;0;0;0;0;0;0;0;1;0;0;0;0;1;0;0;0;0;0;0;1;0;0;QUEDAS DO IGUAÇU;REGIÃO OESTE;7;4
0.5824650571791614;2018-06-30;1;6;14;22;422;25;4;1;19;288;25;0;25;555;28;112;4;4;4;4;5;5;4;0;0;0;0;0;0;1;0;0;0;0;0;0;0;0;0;0;0;0;1;0;0;0;0;0;0;0;0;0;0;0;0;0;0;0;0;0;0;0;0;0;0;0;0;0;0;1;0;0;0;0;1;0;0;0;0;0;0;0;0;0;QUEDAS DO IGUAÇU;REGIÃO OESTE;8;4
0.5224904701397713;2018-07-31;2;7;16;21;484;28;0;2;15;312;28;0;28;656;5;10;5;4;4;5;4;4;5;0;0;0;0;0;1;0;0;0;0;0;0;0;0;0;0;0;0;0;1;0;0;0;0;0;0;0;0;0;0;0;0;0;0;0;0;0;0;0;0;0;0;0;0;0;0;1;0;0;0;0;1;0;0;0;0;0;16;0;0;0;QUEDAS DO IGUAÇU;REGIÃO OESTE;9;3
0.5989834815756035;2018-08-31;1;9;14;22;439;30;3;1;15;257;30;0;30;621;18;86;4;5;5;4;5;4;4;0;1;0;0;0;0;0;0;0;0;0;0;0;0;0;0;0;0;0;1;0;0;0;0;0;0;0;0;0;0;0;0;0;0;0;0;0;0;0;0;0;0;0;0;0;0;1;0;0;0;0;1;0;0;0;0;0;0;0;0;0;QUEDAS DO IGUAÇU;REGIÃO OESTE;10;4
0.5763659466327827;2018-09-30;5;12;18;25;549;32;11;5;18;393;32;0;32;706;138;327;5;4;4;4;4;5;4;0;0;0;0;0;0;0;0;0;0;0;1;0;0;0;0;0;0;0;1;0;0;0;0;0;0;0;0;0;0;0;0;0;0;0;0;0;0;0;0;0;0;0;0;0;0;1;0;0;0;0;1;0;0;0;0;0;0;0;0;0;QUEDAS DO IGUAÇU;REGIÃO OESTE;11;4
0.5669631512071156;2018-10-31;10;15;19;22;598;30;9;10;19;476;30;0;30;721;67;275;4;5;4;5;4;4;5;0;0;0;0;0;0;0;0;0;0;1;0;0;0;0;0;0;0;0;1;0;0;0;0;0;0;0;0;0;0;0;0;0;0;0;0;0;0;0;0;0;0;0;0;0;0;1;0;0;0;0;1;0;0;0;0;0;0;0;0;0;QUEDAS DO IGUAÇU;REGIÃO OESTE;12;4
0.5336721728081322;2018-11-30;14;18;22;25;651;32;4;14;19;491;32;0;32;810;27;107;4;4;5;4;5;4;4;0;0;0;0;0;0;0;0;0;1;0;0;0;0;0;0;0;0;0;1;0;0;0;0;0;0;0;0;0;0;0;0;0;0;0;0;0;0;0;0;0;0;0;0;0;0;1;0;0;0;0;1;0;0;0;0;0;0;0;0;0;QUEDAS DO IGUAÇU;REGIÃO OESTE;13;3
0.3601016518424397;2018-12-31;11;18;23;27;721;34;2;11;21;525;34;0;34;916;15;58;5;4;4;5;4;5;4;0;0;1;0;0;0;0;0;0;0;0;0;0;0;0;0;0;0;0;1;0;0;0;0;0;0;0;0;0;0;0;0;0;0;0;0;0;0;0;0;0;0;0;0;0;0;1;0;0;0;0;1;0;0;0;0;0;0;0;0;0;QUEDAS DO IGUAÇU;REGIÃO OESTE;14;1
0.32020330368487926;2019-01-31;17;21;25;27;774;34;7;17;21;606;34;0;34;943;49;210;4;5;5;4;4;4;5;0;0;0;0;1;0;0;0;0;0;0;0;0;0;0;0;0;0;0;0;1;0;0;0;0;0;0;0;0;0;0;0;0;0;0;0;0;0;0;0;0;0;0;0;0;0;1;0;0;0;0;1;0;0;0;0;0;31;0;0;0;QUEDAS DO IGUAÇU;REGIÃO OESTE;15;1
0.4294790343074969;2019-02-28;14;18;23;27;643;34;6;14;22;498;34;0;34;788;55;158;4;4;4;4;4;4;4;0;0;0;1;0;0;0;0;0;0;0;0;0;0;0;0;0;0;0;0;1;0;0;0;0;0;0;0;0;0;0;0;0;0;0;0;0;0;0;0;0;0;0;0;0;0;1;0;0;0;0;1;0;0;0;0;0;0;0;0;0;QUEDAS DO IGUAÇU;REGIÃO OESTE;16;2
0.5959339263024143;2019-03-31;13;19;21;25;665;31;5;13;19;513;31;0;31;816;59;166;5;4;4;4;5;5;4;0;0;0;0;0;0;0;0;1;0;0;0;0;0;0;0;0;0;0;0;1;0;0;0;0;0;0;0;0;0;0;0;0;0;0;0;0;0;0;0;0;0;0;0;0;0;1;0;0;0;0;1;0;0;0;0;0;0;3;0;0;QUEDAS DO IGUAÇU;REGIÃO OESTE;17;4
0.6073697585768743;2019-04-30;10;18;20;23;611;28;3;10;18;472;28;0;28;750;23;80;4;4;4;5;4;4;5;1;0;0;0;0;0;0;0;0;0;0;0;0;0;0;0;0;0;0;0;1;0;0;0;0;0;0;0;0;0;0;0;0;0;0;0;0;0;0;0;0;0;0;0;0;0;1;0;0;0;0;1;0;0;0;0;0;0;1;0;0;QUEDAS DO IGUAÇU;REGIÃO OESTE;18;5
0.7273189326556544;2019-05-31;8;12;18;23;550;28;8;8;18;437;28;0;28;663;75;254;4;5;5;4;5;4;4;0;0;0;0;0;0;0;1;0;0;0;0;0;0;0;0;0;0;0;0;1;0;0;0;0;0;0;0;0;0;0;0;0;0;0;0;0;0;0;0;0;0;0;0;0;0;1;0;0;0;0;1;0;0;0;0;0;0;0;0;0;QUEDAS DO IGUAÇU;REGIÃO OESTE;19;6
0.6963151207115629;2019-06-30;7;11;18;22;527;27;1;7;16;368;27;0;27;687;16;26;5;4;4;4;4;5;4;0;0;0;0;0;0;1;0;0;0;0;0;0;0;0;0;0;0;0;0;1;0;0;0;0;0;0;0;0;0;0;0;0;0;0;0;0;0;0;0;0;0;0;0;0;0;1;0;0;0;0;1;0;0;0;0;0;0;1;0;0;QUEDAS DO IGUAÇU;REGIÃO OESTE;20;5
0.6111817026683609;2019-07-31;-4;3;14;20;435;26;2;-4;15;267;26;0;26;603;27;68;4;5;4;5;4;4;5;0;0;0;0;0;1;0;0;0;0;0;0;0;0;0;0;0;0;0;0;1;0;0;0;0;0;0;0;0;0;0;0;0;0;0;0;0;0;0;0;0;0;0;0;0;0;1;0;0;0;0;1;0;0;0;0;0;16;0;0;0;QUEDAS DO IGUAÇU;REGIÃO OESTE;21;5
0.7440914866581957;2019-08-31;0;7;16;22;506;31;1;0;16;300;31;0;31;712;16;25;4;4;5;4;5;5;4;0;1;0;0;0;0;0;0;0;0;0;0;0;0;0;0;0;0;0;0;1;0;0;0;0;0;0;0;0;0;0;0;0;0;0;0;0;0;0;0;0;0;0;0;0;0;1;0;0;0;0;1;0;0;0;0;0;0;0;0;0;QUEDAS DO IGUAÇU;REGIÃO OESTE;22;6
0.7308767471410419;2019-09-30;7;14;20;27;597;34;1;7;19;417;34;0;34;778;18;40;5;4;4;5;4;4;4;0;0;0;0;0;0;0;0;0;0;0;1;0;0;0;0;0;0;0;0;1;0;0;0;0;0;0;0;0;0;0;0;0;0;0;0;0;0;0;0;0;0;0;0;0;0;1;0;0;0;0;1;0;0;0;0;0;0;0;0;0;QUEDAS DO IGUAÇU;REGIÃO OESTE;23;6
0.6836086404066074;2019-10-31;11;17;23;28;700;35;5;11;21;512;35;0;35;887;56;147;4;5;5;4;4;4;5;0;0;0;0;0;0;0;0;0;0;1;0;0;0;0;0;0;0;0;0;1;0;0;0;0;0;0;0;0;0;0;0;0;0;0;0;0;0;0;0;0;0;0;0;0;0;1;0;0;0;0;1;0;0;0;0;0;0;0;0;0;QUEDAS DO IGUAÇU;REGIÃO OESTE;24;5
0.7166454891994918;2019-11-30;12;20;23;26;679;32;6;12;20;513;32;0;32;845;76;170;4;4;4;4;5;5;4;0;0;0;0;0;0;0;0;0;1;0;0;0;0;0;0;0;0;0;0;1;0;0;0;0;0;0;0;0;0;0;0;0;0;0;0;0;0;0;0;0;0;0;0;0;0;1;0;0;0;0;1;0;0;0;0;0;0;0;0;0;QUEDAS DO IGUAÇU;REGIÃO OESTE;25;6
0.5689961880559086;2019-12-31;12;19;22;26;682;32;6;12;20;514;32;0;32;850;70;194;5;4;4;5;4;4;5;0;0;1;0;0;0;0;0;0;0;0;0;0;0;0;0;0;0;0;0;1;0;0;0;0;0;0;0;0;0;0;0;0;0;0;0;0;0;0;0;0;0;0;0;0;0;1;0;0;0;0;1;0;0;0;0;0;0;0;0;0;QUEDAS DO IGUAÇU;REGIÃO OESTE;26;4
0.5191867852604829;2020-01-31;15;18;23;25;726;32;6;15;21;576;32;0;32;876;85;184;4;5;5;4;5;4;4;0;0;0;0;1;0;0;0;0;0;0;0;0;0;0;0;0;0;0;0;0;1;0;0;0;0;0;0;0;0;0;0;0;0;0;0;0;0;0;0;0;0;0;0;0;0;1;0;0;0;0;1;0;0;0;0;0;31;0;0;0;QUEDAS DO IGUAÇU;REGIÃO OESTE;27;3
0.6071156289707751;2020-02-29;11;18;23;26;674;33;5;11;21;516;33;0;33;831;68;132;4;4;4;4;4;5;4;0;0;0;1;0;0;0;0;0;0;0;0;0;0;0;0;0;0;0;0;0;1;0;0;0;0;0;0;0;0;0;0;0;0;0;0;0;0;0;0;0;0;0;0;0;0;1;0;0;0;0;1;0;0;0;0;1;0;3;0;0;QUEDAS DO IGUAÇU;REGIÃO OESTE;28;5
0.558576874205845;2020-03-31;13;20;23;26;702;34;1;13;20;505;34;0;34;899;34;36;5;4;4;5;4;4;5;0;0;0;0;0;0;0;0;1;0;0;0;0;0;0;0;0;0;0;0;0;1;0;0;0;0;0;0;0;0;0;0;0;0;0;0;0;0;0;0;0;0;0;0;0;0;1;0;0;0;0;1;0;0;0;0;1;0;0;15;0;QUEDAS DO IGUAÇU;REGIÃO OESTE;29;4
0.35730622617534946;2020-04-30;4;12;18;25;552;32;4;4;19;343;32;0;32;761;62;118;4;5;5;4;4;4;4;1;0;0;0;0;0;0;0;0;0;0;0;0;0;0;0;0;0;0;0;0;1;0;0;0;0;0;0;0;0;0;0;0;0;0;0;0;0;0;0;0;0;0;0;0;0;1;0;0;0;0;1;0;0;0;0;1;0;1;30;0;QUEDAS DO IGUAÇU;REGIÃO OESTE;30;1
0.29529860228716653;2020-05-31;2;9;15;20;462;27;7;2;16;271;27;0;27;653;105;210;5;4;4;4;5;5;4;0;0;0;0;0;0;0;1;0;0;0;0;0;0;0;0;0;0;0;0;0;1;0;0;0;0;0;0;0;0;0;0;0;0;0;0;0;0;0;0;0;0;0;0;0;0;1;0;0;0;0;1;0;0;0;0;1;0;0;31;0;QUEDAS DO IGUAÇU;REGIÃO OESTE;31;1
0.27242693773824656;2020-06-30;5;9;17;23;502;27;5;5;18;361;27;0;27;642;48;154;4;4;4;5;4;4;5;0;0;0;0;0;0;1;0;0;0;0;0;0;0;0;0;0;0;0;0;0;1;0;0;0;0;0;0;0;0;0;0;0;0;0;0;0;0;0;0;0;0;0;0;0;0;1;0;0;0;0;1;0;0;0;0;1;0;1;30;0;QUEDAS DO IGUAÇU;REGIÃO OESTE;32;0
0.2792884371029225;2020-07-31;1;8;16;22;489;26;3;1;17;347;26;0;26;631;64;102;4;5;5;4;5;4;4;0;0;0;0;0;1;0;0;0;0;0;0;0;0;0;0;0;0;0;0;0;1;0;0;0;0;0;0;0;0;0;0;0;0;0;0;0;0;0;0;0;0;0;0;0;0;1;0;0;0;0;1;0;0;0;0;1;0;0;31;0;QUEDAS DO IGUAÇU;REGIÃO OESTE;33;1
0.5115628970775096;2020-08-31;-1;4;18;25;557;30;10;-1;20;410;30;0;30;703;114;308;5;4;4;5;4;5;4;0;1;0;0;0;0;0;0;0;0;0;0;0;0;0;0;0;0;0;0;0;1;0;0;0;0;0;0;0;0;0;0;0;0;0;0;0;0;0;0;0;0;0;0;0;0;1;0;0;0;0;1;0;0;0;0;1;0;0;31;0;QUEDAS DO IGUAÇU;REGIÃO OESTE;34;3
0.0;2020-09-30;9;15;22;30;658;36;3;9;24;499;36;0;36;817;32;81;4;5;4;4;4;4;5;0;0;0;0;0;0;0;0;0;0;0;1;0;0;0;0;0;0;0;0;0;1;0;0;0;0;0;0;0;0;0;0;0;0;0;0;0;0;0;0;0;0;0;0;0;0;1;0;0;0;0;1;0;0;0;0;1;0;0;30;0;QUEDAS DO IGUAÇU;REGIÃO OESTE;35;0
0.29097839898348166;2020-10-31;10;17;23;30;721;36;2;10;25;546;36;0;36;896;27;65;4;4;5;4;5;5;4;0;0;0;0;0;0;0;0;0;0;1;0;0;0;0;0;0;0;0;0;0;1;0;0;0;0;0;0;0;0;0;0;0;0;0;0;0;0;0;0;0;0;0;0;0;0;1;0;0;0;0;1;0;0;0;0;1;0;0;31;0;QUEDAS DO IGUAÇU;REGIÃO OESTE;36;1
0.2668360864040661;2020-11-30;10;18;22;28;674;34;4;10;22;501;34;0;34;847;68;121;5;4;4;5;4;4;4;0;0;0;0;0;0;0;0;0;1;0;0;0;0;0;0;0;0;0;0;0;1;0;0;0;0;0;0;0;0;0;0;0;0;0;0;0;0;0;0;0;0;0;0;0;0;1;0;0;0;0;1;0;0;0;0;1;0;0;30;0;QUEDAS DO IGUAÇU;REGIÃO OESTE;37;0
0.2594663278271918;2020-12-31;14;20;24;26;730;31;9;14;21;577;31;0;31;883;138;266;4;5;5;4;4;4;5;0;0;1;0;0;0;0;0;0;0;0;0;0;0;0;0;0;0;0;0;0;1;0;0;0;0;0;0;0;0;0;0;0;0;0;0;0;0;0;0;0;0;0;0;0;0;1;0;0;0;0;1;0;0;0;0;1;0;0;31;0;QUEDAS DO IGUAÇU;REGIÃO OESTE;38;0
0.2673443456162643;2021-01-31;17;19;23;26;710;31;6;17;23;589;31;0;31;832;32;191;5;4;4;4;5;5;4;0;0;0;0;1;0;0;0;0;0;0;0;1;0;0;0;0;0;0;0;0;0;0;0;0;0;0;0;0;0;0;0;0;0;0;0;0;0;0;0;0;0;0;0;0;0;1;0;0;0;0;1;0;0;0;0;1;0;0;31;0;QUEDAS DO IGUAÇU;REGIÃO OESTE;39;0
0.241423125794155;2021-02-28;13;19;23;28;649;33;2;13;22;502;33;0;33;797;22;58;4;4;4;4;4;4;4;0;0;0;1;0;0;0;0;0;0;0;0;1;0;0;0;0;0;0;0;0;0;0;0;0;0;0;0;0;0;0;0;0;0;0;0;0;0;0;0;0;0;0;0;0;0;1;0;0;0;0;1;0;0;0;0;1;0;3;28;0;QUEDAS DO IGUAÇU;REGIÃO OESTE;40;0
0.29097839898348166;2021-03-31;13;18;24;27;729;34;1;13;21;571;34;0;34;887;12;36;4;5;4;5;4;4;5;0;0;0;0;0;0;0;0;1;0;0;0;1;0;0;0;0;0;0;0;0;0;0;0;0;0;0;0;0;0;0;0;0;0;0;0;0;0;0;0;0;0;0;0;0;0;1;0;0;0;0;1;0;0;0;0;1;0;0;31;0;QUEDAS DO IGUAÇU;REGIÃO OESTE;41;1
0.20584498094027956;2021-04-30;8;15;21;25;622;30;1;8;20;466;30;0;30;778;18;23;4;4;5;4;5;4;4;1;0;0;0;0;0;0;0;0;0;0;0;1;0;0;0;0;0;0;0;0;0;0;0;0;0;0;0;0;0;0;0;0;0;0;0;0;0;0;0;0;0;0;0;0;0;1;0;0;0;0;1;0;0;0;0;1;0;1;30;0;QUEDAS DO IGUAÇU;REGIÃO OESTE;42;0
0.19644218551461243;2021-05-31;5;11;18;24;546;29;1;5;19;390;29;0;29;702;24;42;5;4;4;5;4;5;4;0;0;0;0;0;0;0;1;0;0;0;0;1;0;0;0;0;0;0;0;0;0;0;0;0;0;0;0;0;0;0;0;0;0;0;0;0;0;0;0;0;0;0;0;0;0;1;0;0;0;0;1;0;0;0;0;1;0;0;31;0;QUEDAS DO IGUAÇU;REGIÃO OESTE;43;0
0.20584498094027956;2021-06-30;-1;4;15;23;450;27;5;-1;18;332;27;0;27;569;42;147;4;5;4;4;4;4;5;0;0;0;0;0;0;1;0;0;0;0;0;1;0;0;0;0;0;0;0;0;0;0;0;0;0;0;0;0;0;0;0;0;0;0;0;0;0;0;0;0;0;0;0;0;0;1;0;0;0;0;1;0;0;0;0;1;0;1;30;0;QUEDAS DO IGUAÇU;REGIÃO OESTE;44;0
0.20432020330368486;2021-07-31;-2;5;15;23;469;28;2;-2;18;303;28;0;28;635;19;47;4;4;5;4;5;5;4;0;0;0;0;0;1;0;0;0;0;0;0;1;0;0;0;0;0;0;0;0;0;0;0;0;0;0;0;0;0;0;0;0;0;0;0;0;0;0;0;0;0;0;0;0;0;1;0;0;0;0;1;0;0;0;0;1;0;0;31;0;QUEDAS DO IGUAÇU;REGIÃO OESTE;45;0
0.2594663278271918;2021-08-31;6;12;19;26;598;32;2;6;22;442;32;0;32;753;31;74;5;4;4;5;4;4;5;0;1;0;0;0;0;0;0;0;0;0;0;1;0;0;0;0;0;0;0;0;0;0;0;0;0;0;0;0;0;0;0;0;0;0;0;0;0;0;0;0;0;0;0;0;0;1;0;0;0;0;1;0;0;0;0;1;0;0;31;0;QUEDAS DO IGUAÇU;REGIÃO OESTE;46;0
0.3049555273189327;2021-09-30;9;15;22;29;658;35;3;9;24;508;35;0;35;807;35;86;4;5;5;4;4;4;4;0;0;0;0;0;0;0;0;0;0;0;1;1;0;0;0;0;0;0;0;0;0;0;0;0;0;0;0;0;0;0;0;0;0;0;0;0;0;0;0;0;0;0;0;0;0;1;0;0;0;0;1;0;0;0;0;1;0;0;30;0;QUEDAS DO IGUAÇU;REGIÃO OESTE;47;1
0.29097839898348166;2021-10-31;11;17;20;25;630;30;16;11;20;502;30;0;30;759;154;495;5;4;4;4;5;5;4;0;0;0;0;0;0;0;0;0;0;1;0;1;0;0;0;0;0;0;0;0;0;0;0;0;0;0;0;0;0;0;0;0;0;0;0;0;0;0;0;0;0;0;0;0;0;1;0;0;0;0;1;0;0;0;0;1;0;0;0;0;QUEDAS DO IGUAÇU;REGIÃO OESTE;48;1
0.49555273189326554;2021-11-30;14;20;24;27;709;33;2;14;23;545;33;0;33;872;17;61;4;4;4;5;4;4;5;0;0;0;0;0;0;0;0;0;1;0;0;1;0;0;0;0;0;0;0;0;0;0;0;0;0;0;0;0;0;0;0;0;0;0;0;0;0;0;0;0;0;0;0;0;0;1;0;0;0;0;1;0;0;0;0;1;0;0;0;0;QUEDAS DO IGUAÇU;REGIÃO OESTE;49;3
0.6533672172808133;2021-12-31;14;21;25;28;788;35;1;14;23;591;35;0;35;985;19;43;4;5;5;4;5;4;4;0;0;1;0;0;0;0;0;0;0;0;0;1;0;0;0;0;0;0;0;0;0;0;0;0;0;0;0;0;0;0;0;0;0;0;0;0;0;0;0;0;0;0;0;0;0;1;0;0;0;0;1;0;0;0;0;1;0;0;0;0;QUEDAS DO IGUAÇU;REGIÃO OESTE;50;5
0.7006353240152478;2022-01-31;17;21;26;31;808;37;8;17;25;637;37;0;37;980;55;245;5;4;4;5;4;5;4;0;0;0;0;1;0;0;0;0;0;0;0;0;1;0;0;0;0;0;0;0;0;0;0;0;0;0;0;0;0;0;0;0;0;0;0;0;0;0;0;0;0;0;0;0;0;1;0;0;0;0;1;0;0;0;0;1;31;0;0;0;QUEDAS DO IGUAÇU;REGIÃO OESTE;51;5
0.760864040660737;2022-02-28;13;20;25;29;712;34;6;13;24;555;34;0;34;868;43;169;4;4;4;4;4;4;4;0;0;0;1;0;0;0;0;0;0;0;0;0;1;0;0;0;0;0;0;0;0;0;0;0;0;0;0;0;0;0;0;0;0;0;0;0;0;0;0;0;0;0;0;0;0;1;0;0;0;0;1;0;0;0;0;1;0;1;0;0;QUEDAS DO IGUAÇU;REGIÃO OESTE;52;6
0.8660736975857687;2022-03-31;9;14;23;28;703;33;11;9;23;565;33;0;33;840;100;353;4;5;5;4;4;4;5;0;0;0;0;0;0;0;0;1;0;0;0;0;1;0;0;0;0;0;0;0;0;0;0;0;0;0;0;0;0;0;0;0;0;0;0;0;0;0;0;0;0;0;0;0;0;1;0;0;0;0;1;0;0;0;0;1;0;1;0;0;QUEDAS DO IGUAÇU;REGIÃO OESTE;53;6
0.8767471410419313;2022-04-30;7;14;20;26;607;30;18;7;22;482;30;0;30;732;118;546;4;4;4;4;5;5;4;1;0;0;0;0;0;0;0;0;0;0;0;0;1;0;0;0;0;0;0;0;0;0;0;0;0;0;0;0;0;0;0;0;0;0;0;0;0;0;0;0;0;0;0;0;0;1;0;0;0;0;1;0;0;0;0;1;0;1;0;0;QUEDAS DO IGUAÇU;REGIÃO OESTE;54;6
0.9999999999999999;2022-05-31;4;7;15;20;467;25;7;4;18;359;25;0;25;575;86;215;5;4;4;5;4;4;5;0;0;0;0;0;0;0;1;0;0;0;0;0;1;0;0;0;0;0;0;0;0;0;0;0;0;0;0;0;0;0;0;0;0;0;0;0;0;0;0;0;0;0;0;0;0;1;0;0;0;0;1;0;0;0;0;1;0;0;0;0;QUEDAS DO IGUAÇU;REGIÃO OESTE;55;6
0.8386277001270649;2022-06-30;1;7;15;20;442;25;6;1;16;320;25;0;25;564;68;175;4;5;5;4;4;4;4;0;0;0;0;0;0;1;0;0;0;0;0;0;1;0;0;0;0;0;0;0;0;0;0;0;0;0;0;0;0;0;0;0;0;0;0;0;0;0;0;0;0;0;0;0;0;1;0;0;0;0;1;0;0;0;0;1;0;1;0;0;QUEDAS DO IGUAÇU;REGIÃO OESTE;56;6
0.519440914866582;2022-07-31;4;9;19;22;576;27;2;4;18;427;27;0;27;724;33;71;5;4;4;4;5;5;4;0;0;0;0;0;1;0;0;0;0;0;0;0;1;0;0;0;0;0;0;0;0;0;0;0;0;0;0;0;0;0;0;0;0;0;0;0;0;0;0;0;0;0;0;0;0;1;0;0;0;0;1;0;0;0;0;1;0;0;0;0;QUEDAS DO IGUAÇU;REGIÃO OESTE;57;3
0.6060991105463787;2022-08-31;0;6;16;23;501;29;8;0;18;357;29;0;29;644;67;250;4;5;4;5;4;4;5;0;1;0;0;0;0;0;0;0;0;0;0;0;1;0;0;0;0;0;0;0;0;0;0;0;0;0;0;0;0;0;0;0;0;0;0;0;0;0;0;0;0;0;0;0;0;1;0;0;0;0;1;0;0;0;0;1;0;0;0;0;QUEDAS DO IGUAÇU;REGIÃO OESTE;58;5
0.4193138500635324;2022-09-30;3;10;16;24;479;29;9;3;21;347;29;0;29;610;45;284;4;4;5;4;5;4;4;0;0;0;0;0;0;0;0;0;0;0;1;0;1;0;0;0;0;0;0;0;0;0;0;0;0;0;0;0;0;0;0;0;0;0;0;0;0;0;0;0;0;0;0;0;0;1;0;0;0;0;1;0;0;0;0;1;0;0;0;0;QUEDAS DO IGUAÇU;REGIÃO OESTE;59;2
0.48005082592121984;2022-10-31;10;14;19;25;592;31;18;10;20;458;31;0;31;726;150;557;5;4;4;5;4;5;4;0;0;0;0;0;0;0;0;0;0;1;0;0;1;0;0;0;0;0;0;0;0;0;0;0;0;0;0;0;0;0;0;0;0;0;0;0;0;0;0;0;0;0;0;0;0;1;0;0;0;0;1;0;0;0;0;1;0;0;0;0;QUEDAS DO IGUAÇU;REGIÃO OESTE;60;2
0.5412960609911055;2022-11-30;4;11;20;24;600;30;10;4;20;419;30;0;30;780;143;306;4;5;4;4;4;4;5;0;0;0;0;0;0;0;0;0;1;0;0;0;1;0;0;0;0;0;0;0;0;0;0;0;0;0;0;0;0;0;0;0;0;0;0;0;0;0;0;0;0;0;0;0;0;1;0;0;0;0;1;0;0;0;0;1;0;0;0;0;QUEDAS DO IGUAÇU;REGIÃO OESTE;61;3
0.43278271918678524;2022-12-31;14;21;24;28;741;33;5;14;23;572;33;0;33;911;35;143;4;4;5;4;5;5;4;0;0;1;0;0;0;0;0;0;0;0;0;0;1;0;0;0;0;0;0;0;0;0;0;0;0;0;0;0;0;0;0;0;0;0;0;0;0;0;0;0;0;0;0;0;0;1;0;0;0;0;1;0;0;0;0;1;0;0;0;0;QUEDAS DO IGUAÇU;REGIÃO OESTE;62;2
0.22007623888182973;2023-01-31;15;21;24;27;743;33;11;15;23;591;33;0;33;894;65;344;5;4;4;5;4;4;5;0;0;0;0;1;0;0;0;0;0;0;0;0;0;1;0;0;0;0;0;0;0;0;0;0;0;0;0;0;0;0;0;0;0;0;0;0;0;0;0;0;0;0;0;0;0;1;0;0;0;0;1;0;0;0;0;1;31;0;0;0;QUEDAS DO IGUAÇU;REGIÃO OESTE;63;0
0.46200762388818295;2023-02-28;8;15;23;26;635;32;19;8;21;508;32;0;32;762;105;536;4;4;4;4;4;4;4;0;0;0;1;0;0;0;0;0;0;0;0;0;0;1;0;0;0;0;0;0;0;0;0;0;0;0;0;0;0;0;0;0;0;0;0;0;0;0;0;0;0;0;0;0;0;1;0;0;0;0;2;0;0;0;0;1;0;3;0;0;QUEDAS DO IGUAÇU;REGIÃO OESTE;64;2
0.8897077509529859;2023-03-31;14;20;24;27;734;31;7;14;22;598;31;0;31;869;74;229;4;5;5;4;5;4;4;0;0;0;0;0;0;0;0;1;0;0;0;0;0;1;0;0;0;0;0;0;0;0;0;0;0;0;0;0;0;0;0;0;0;0;0;0;0;0;0;0;0;0;0;0;0;1;0;0;0;0;2;0;0;0;0;1;0;0;0;0;QUEDAS DO IGUAÇU;REGIÃO OESTE;65;6
0.5641677255400255;2023-04-30;8;14;20;25;599;30;4;8;21;462;30;0;30;736;61;122;5;4;4;4;4;5;4;1;0;0;0;0;0;0;0;0;0;0;0;0;0;1;0;0;0;0;0;0;0;0;0;0;0;0;0;0;0;0;0;0;0;0;0;0;0;0;0;0;0;0;0;0;0;1;0;0;0;0;2;0;0;0;0;1;0;1;0;0;QUEDAS DO IGUAÇU;REGIÃO OESTE;66;4
0.6612452350698856;2023-05-31;7;13;19;23;576;26;8;7;20;447;26;0;26;705;57;238;4;5;4;5;4;4;5;0;0;0;0;0;0;0;1;0;0;0;0;0;0;1;0;0;0;0;0;0;0;0;0;0;0;0;0;0;0;0;0;0;0;0;0;0;0;0;0;0;0;0;0;0;0;1;0;0;0;0;2;0;0;0;0;1;0;0;0;0;QUEDAS DO IGUAÇU;REGIÃO OESTE;67;5
0.5412960609911055;2023-06-30;4;7;16;20;494;25;4;4;17;377;25;0;25;612;60;116;4;4;5;4;5;4;4;0;0;0;0;0;0;1;0;0;0;0;0;0;0;1;0;0;0;0;0;0;0;0;0;0;0;0;0;0;0;0;0;0;0;0;0;0;0;0;0;0;0;0;0;0;0;1;0;0;0;0;2;0;0;0;0;1;0;1;0;0;QUEDAS DO IGUAÇU;REGIÃO OESTE;68;3
0.3933926302414231;2023-07-31;3;8;17;21;539;26;5;3;18;411;26;0;26;667;69;166;5;4;4;5;4;5;4;0;0;0;0;0;1;0;0;0;0;0;0;0;0;1;0;0;0;0;0;0;0;0;0;0;0;0;0;0;0;0;0;0;0;0;0;0;0;0;0;0;0;0;0;0;0;1;0;0;0;0;2;0;0;0;0;1;15;0;0;0;QUEDAS DO IGUAÇU;REGIÃO OESTE;69;2
0.7872935196950445;2023-08-31;4;11;19;25;579;30;7;4;21;428;30;0;30;730;116;225;4;5;5;4;4;4;5;0;1;0;0;0;0;0;0;0;0;0;0;0;0;1;0;0;0;0;0;0;0;0;0;0;0;0;0;0;0;0;0;0;0;0;0;0;0;0;0;0;0;0;0;0;0;1;0;0;0;0;2;0;0;0;0;1;0;0;0;0;QUEDAS DO IGUAÇU;REGIÃO OESTE;70;6
0.6632782719186785;2023-09-30;7;12;22;29;648;34;6;7;25;521;34;0;34;776;97;183;4;4;4;4;5;5;4;0;0;0;0;0;0;0;0;0;0;0;1;0;0;1;0;0;0;0;0;0;0;0;0;0;0;0;0;0;0;0;0;0;0;0;0;0;0;0;0;0;0;0;0;0;0;1;0;0;0;0;2;0;0;0;0;1;0;0;0;0;QUEDAS DO IGUAÇU;REGIÃO OESTE;71;5
0.5903430749682338;2023-10-31;10;14;21;26;643;32;12;10;21;529;32;0;32;757;82;379;5;4;4;5;4;4;5;0;0;0;0;0;0;0;0;0;0;1;0;0;0;1;0;0;0;0;0;0;0;0;0;0;0;0;0;0;0;0;0;0;0;0;0;0;0;0;0;0;0;0;0;0;0;1;0;0;0;0;2;0;0;0;0;1;0;0;0;0;QUEDAS DO IGUAÇU;REGIÃO OESTE;72;4
0.43456162642947904;2023-11-30;9;14;23;29;678;33;10;9;26;569;33;0;33;786;67;311;4;5;5;4;4;4;4;0;0;0;0;0;0;0;0;0;1;0;0;0;0;1;0;0;0;0;0;0;0;0;0;0;0;0;0;0;0;0;0;0;0;0;0;0;0;0;0;0;0;0;0;0;0;1;0;0;0;0;2;0;0;0;0;1;0;0;0;0;QUEDAS DO IGUAÇU;REGIÃO OESTE;73;2
0.42490470139771286;2023-12-31;16;20;24;28;753;34;6;16;24;627;34;0;34;878;45;192;5;4;4;4;5;5;4;0;0;1;0;0;0;0;0;0;0;0;0;0;0;1;0;0;0;0;0;0;0;0;0;0;0;0;0;0;0;0;0;0;0;0;0;0;0;0;0;0;0;0;0;0;0;1;0;0;0;0;2;0;0;0;0;1;0;0;0;0;QUEDAS DO IGUAÇU;REGIÃO OESTE;74;2
0.29885641677255403;2024-01-31;14;20;24;28;751;33;7;14;24;606;33;0;33;895;66;216;4;5;4;5;4;4;5;0;0;0;0;1;0;0;0;0;0;0;0;0;0;0;1;0;0;0;0;0;0;0;0;0;0;0;0;0;0;0;0;0;0;0;0;0;0;0;0;0;0;0;0;0;0;1;0;0;0;0;2;0;0;0;0;1;31;0;0;0;QUEDAS DO IGUAÇU;REGIÃO OESTE;75;1
0.48640406607369757;2024-02-29;18;21;25;29;737;34;3;18;23;599;34;0;34;875;30;98;4;4;5;4;4;4;4;0;0;0;1;0;0;0;0;0;0;0;0;0;0;0;1;0;0;0;0;0;0;0;0;0;0;0;0;0;0;0;0;0;0;0;0;0;0;0;0;0;0;0;0;0;0;1;0;0;0;0;2;0;0;0;0;1;0;3;0;0;QUEDAS DO IGUAÇU;REGIÃO OESTE;76;3
0.779415501905972;2024-03-31;16;21;24;28;756;34;7;16;25;619;34;0;34;893;46;202;5;4;4;4;5;5;4;0;0;0;0;0;0;0;0;1;0;0;0;0;0;0;1;0;0;0;0;0;0;0;0;0;0;0;0;0;0;0;0;0;0;0;0;0;0;0;0;0;0;0;0;0;0;1;0;0;0;0;2;0;0;0;0;1;0;1;0;0;QUEDAS DO IGUAÇU;REGIÃO OESTE;77;6
0.457433290978399;2024-04-30;10;17;23;27;677;31;4;10;23;567;31;0;31;786;42;134;4;4;4;5;4;4;5;1;0;0;0;0;0;0;0;0;0;0;0;0;0;0;1;0;0;0;0;0;0;0;0;0;0;0;0;0;0;0;0;0;0;0;0;0;0;0;0;0;0;0;0;0;0;1;0;0;0;0;2;0;0;0;0;1;0;0;0;0;QUEDAS DO IGUAÇU;REGIÃO OESTE;78;2
0.3146124523506989;2024-05-31;3;7;18;25;543;29;3;3;22;435;29;0;29;652;26;83;4;5;5;4;5;4;4;0;0;0;0;0;0;0;1;0;0;0;0;0;0;0;1;0;0;0;0;0;0;0;0;0;0;0;0;0;0;0;0;0;0;0;0;0;0;0;0;0;0;0;0;0;0;1;0;0;0;0;2;0;0;0;0;1;0;1;0;30;QUEDAS DO IGUAÇU;REGIÃO OESTE;79;1
0.3278271918678526;2024-06-30;1;7;19;23;562;27;1;1;20;452;27;0;27;673;17;26;5;4;4;4;4;5;4;0;0;0;0;0;0;1;0;0;0;0;0;0;0;0;1;0;0;0;0;0;0;0;0;0;0;0;0;0;0;0;0;0;0;0;0;0;0;0;0;0;0;0;0;0;0;1;0;0;0;0;2;0;0;0;0;1;0;0;0;30;QUEDAS DO IGUAÇU;REGIÃO OESTE;80;1
0.6612452350698856;2024-07-31;2;7;15;21;473;26;7;2;18;358;26;0;26;589;54;203;4;5;4;5;4;4;5;0;0;0;0;0;1;0;0;0;0;0;0;0;0;0;1;0;0;0;0;0;0;0;0;0;0;0;0;0;0;0;0;0;0;0;0;0;0;0;0;0;0;0;0;0;0;1;0;0;0;0;2;0;0;0;0;1;12;0;0;0;QUEDAS DO IGUAÇU;REGIÃO OESTE;81;5
0.5115628970775096;2024-08-31;1;7;18;26;554;31;1;1;21;407;31;0;31;701;10;22;4;4;5;4;5;5;4;0;1;0;0;0;0;0;0;0;0;0;0;0;0;0;1;0;0;0;0;0;0;0;0;0;0;0;0;0;0;0;0;0;0;0;0;0;0;0;0;0;0;0;0;0;0;1;0;0;0;0;2;0;0;0;0;1;0;0;0;0;QUEDAS DO IGUAÇU;REGIÃO OESTE;82;3
0.5641677255400255;2024-09-30;8;15;22;29;659;33;1;8;24;515;33;0;33;803;12;40;5;4;4;5;4;4;4;0;0;0;0;0;0;0;0;0;0;0;1;0;0;0;1;0;0;0;0;0;0;0;0;0;0;0;0;0;0;0;0;0;0;0;0;0;0;0;0;0;0;0;0;0;0;1;0;0;0;0;2;0;0;0;0;1;0;0;0;0;QUEDAS DO IGUAÇU;REGIÃO OESTE;83;4
0.6770012706480305;2024-10-31;11;18;22;28;689;33;3;11;24;541;33;0;33;838;25;104;4;5;5;4;4;4;5;0;0;0;0;0;0;0;0;0;0;1;0;0;0;0;1;0;0;0;0;0;0;0;0;0;0;0;0;0;0;0;0;0;0;0;0;0;0;0;0;0;0;0;0;0;0;1;0;0;0;0;2;0;0;0;0;1;0;0;0;0;QUEDAS DO IGUAÇU;REGIÃO OESTE;84;5
0.5265377855887523;2017-10-31;7;16;21;27;641;34;16;7;19;458;34;0;34;824;102;483;5;4;4;5;4;4;5;0;0;0;0;0;0;0;0;0;0;1;0;0;0;0;0;0;0;1;0;0;0;0;0;0;0;0;0;0;0;0;0;0;0;0;0;0;0;0;0;0;0;0;0;0;0;0;1;0;0;0;3;0;0;0;3;1;0;0;0;0;TELÊMACO BORBA;REGIÃO CENTRAL;1;3
0.5287639132981841;2017-11-30;11;17;21;25;637;33;6;11;20;479;33;0;33;795;38;182;4;5;5;4;4;4;4;0;0;0;0;0;0;0;0;0;1;0;0;0;0;0;0;0;0;1;0;0;0;0;0;0;0;0;0;0;0;0;0;0;0;0;0;0;0;0;0;0;0;0;0;0;0;0;1;0;0;0;3;0;0;0;3;1;0;0;0;0;TELÊMACO BORBA;REGIÃO CENTRAL;2;3
0.40146455770357353;2017-12-31;15;20;23;28;715;32;4;15;23;588;32;0;32;842;24;125;5;4;4;4;5;5;4;0;0;1;0;0;0;0;0;0;0;0;0;0;0;0;0;0;0;1;0;0;0;0;0;0;0;0;0;0;0;0;0;0;0;0;0;0;0;0;0;0;0;0;0;0;0;0;1;0;0;0;3;0;0;0;3;1;0;0;0;0;TELÊMACO BORBA;REGIÃO CENTRAL;3;2
0.16988869361452846;2018-01-31;16;20;23;25;717;31;7;16;21;591;31;0;31;843;55;231;4;5;4;5;4;4;5;0;0;0;0;1;0;0;0;0;0;0;0;0;0;0;0;0;0;0;1;0;0;0;0;0;0;0;0;0;0;0;0;0;0;0;0;0;0;0;0;0;0;0;0;0;0;0;1;0;0;0;3;0;0;0;3;1;31;0;0;0;TELÊMACO BORBA;REGIÃO CENTRAL;4;1
0.42249560632688926;2018-02-28;15;18;22;25;624;30;3;15;21;493;30;0;30;755;28;71;4;4;4;4;4;4;4;0;0;0;1;0;0;0;0;0;0;0;0;0;0;0;0;0;0;0;1;0;0;0;0;0;0;0;0;0;0;0;0;0;0;0;0;0;0;0;0;0;0;0;0;0;0;0;1;0;0;0;4;0;0;0;3;1;0;3;0;0;TELÊMACO BORBA;REGIÃO CENTRAL;5;2
0.672173403632103;2018-03-31;16;20;24;27;733;32;5;16;22;594;32;0;32;873;31;168;4;4;5;4;5;5;4;0;0;0;0;0;0;0;0;1;0;0;0;0;0;0;0;0;0;0;1;0;0;0;0;0;0;0;0;0;0;0;0;0;0;0;0;0;0;0;0;0;0;0;0;0;0;0;1;0;0;0;4;0;0;0;3;1;0;1;0;0;TELÊMACO BORBA;REGIÃO CENTRAL;6;5
0.5974223784417105;2018-04-30;12;19;22;24;659;30;0;12;20;487;30;0;30;831;13;15;5;4;4;5;4;4;4;1;0;0;0;0;0;0;0;0;0;0;0;0;0;0;0;0;0;0;1;0;0;0;0;0;0;0;0;0;0;0;0;0;0;0;0;0;0;0;0;0;0;0;0;0;0;0;1;0;0;0;4;0;0;0;3;1;0;0;0;0;TELÊMACO BORBA;REGIÃO CENTRAL;7;4
0.4828353837141183;2018-05-31;5;13;19;22;577;29;3;5;18;401;29;0;29;752;73;94;4;5;5;4;4;4;5;0;0;0;0;0;0;0;1;0;0;0;0;0;0;0;0;0;0;0;1;0;0;0;0;0;0;0;0;0;0;0;0;0;0;0;0;0;0;0;0;0;0;0;0;0;0;0;1;0;0;0;4;0;0;0;3;1;0;1;0;0;TELÊMACO BORBA;REGIÃO CENTRAL;8;3
0.568365553602812;2018-06-30;3;11;17;23;497;29;3;3;18;357;29;0;29;637;35;78;4;4;4;4;5;5;4;0;0;0;0;0;0;1;0;0;0;0;0;0;0;0;0;0;0;0;1;0;0;0;0;0;0;0;0;0;0;0;0;0;0;0;0;0;0;0;0;0;0;0;0;0;0;0;1;0;0;0;4;0;0;0;3;1;0;0;0;0;TELÊMACO BORBA;REGIÃO CENTRAL;9;4
0.4005858230814295;2018-07-31;3;10;18;22;554;29;1;3;16;358;29;0;29;750;25;27;5;4;4;5;4;4;5;0;0;0;0;0;1;0;0;0;0;0;0;0;0;0;0;0;0;0;1;0;0;0;0;0;0;0;0;0;0;0;0;0;0;0;0;0;0;0;0;0;0;0;0;0;0;0;1;0;0;0;4;0;0;0;3;1;16;0;0;0;TELÊMACO BORBA;REGIÃO CENTRAL;10;2
0.5340949033391915;2018-08-31;3;11;16;23;505;30;9;3;16;337;30;0;30;673;70;264;4;5;5;4;5;4;4;0;1;0;0;0;0;0;0;0;0;0;0;0;0;0;0;0;0;0;1;0;0;0;0;0;0;0;0;0;0;0;0;0;0;0;0;0;0;0;0;0;0;0;0;0;0;0;1;0;0;0;4;0;0;0;3;1;0;0;0;0;TELÊMACO BORBA;REGIÃO CENTRAL;11;4
0.5777387229056825;2018-09-30;6;14;20;26;588;33;5;6;20;429;33;0;33;747;52;157;5;4;4;4;4;5;4;0;0;0;0;0;0;0;0;0;0;0;1;0;0;0;0;0;0;0;1;0;0;0;0;0;0;0;0;0;0;0;0;0;0;0;0;0;0;0;0;0;0;0;0;0;0;0;1;0;0;0;4;0;0;0;3;1;0;0;0;0;TELÊMACO BORBA;REGIÃO CENTRAL;12;4
0.6025776215582894;2018-10-31;13;15;21;24;640;30;10;13;19;513;30;0;30;766;66;299;4;5;4;5;4;4;5;0;0;0;0;0;0;0;0;0;0;1;0;0;0;0;0;0;0;0;1;0;0;0;0;0;0;0;0;0;0;0;0;0;0;0;0;0;0;0;0;0;0;0;0;0;0;0;1;0;0;0;4;0;0;0;3;1;0;0;0;0;TELÊMACO BORBA;REGIÃO CENTRAL;13;5
0.6806092560046866;2018-11-30;12;18;22;27;652;33;3;12;22;479;33;0;33;824;29;96;4;4;5;4;5;4;4;0;0;0;0;0;0;0;0;0;1;0;0;0;0;0;0;0;0;0;1;0;0;0;0;0;0;0;0;0;0;0;0;0;0;0;0;0;0;0;0;0;0;0;0;0;0;0;1;0;0;0;4;0;0;0;3;1;0;0;0;0;TELÊMACO BORBA;REGIÃO CENTRAL;14;5
0.48154657293497366;2018-12-31;14;18;24;28;748;33;2;14;25;579;33;0;33;918;20;74;5;4;4;5;4;5;4;0;0;1;0;0;0;0;0;0;0;0;0;0;0;0;0;0;0;0;1;0;0;0;0;0;0;0;0;0;0;0;0;0;0;0;0;0;0;0;0;0;0;0;0;0;0;0;1;0;0;0;4;0;0;0;3;1;0;0;0;0;TELÊMACO BORBA;REGIÃO CENTRAL;15;3
0.26871704745166963;2019-01-31;18;23;25;28;786;34;3;18;24;638;34;0;34;934;33;87;4;5;5;4;4;4;5;0;0;0;0;1;0;0;0;0;0;0;0;0;0;0;0;0;0;0;0;1;0;0;0;0;0;0;0;0;0;0;0;0;0;0;0;0;0;0;0;0;0;0;0;0;0;0;1;0;0;0;4;0;0;0;3;1;31;0;0;0;TELÊMACO BORBA;REGIÃO CENTRAL;16;1
0.5975395430579966;2019-02-28;15;19;23;28;655;34;5;15;23;527;34;0;34;783;33;138;4;4;4;4;4;4;4;0;0;0;1;0;0;0;0;0;0;0;0;0;0;0;0;0;0;0;0;1;0;0;0;0;0;0;0;0;0;0;0;0;0;0;0;0;0;0;0;0;0;0;0;0;0;0;1;0;0;0;4;0;1;1;3;1;0;0;0;0;TELÊMACO BORBA;REGIÃO CENTRAL;17;4
0.7702987697715289;2019-03-31;15;19;23;26;717;31;3;15;22;579;31;0;31;854;32;105;5;4;4;4;5;5;4;0;0;0;0;0;0;0;0;1;0;0;0;0;0;0;0;0;0;0;0;1;0;0;0;0;0;0;0;0;0;0;0;0;0;0;0;0;0;0;0;0;0;0;0;0;0;0;1;0;0;0;4;0;1;1;3;1;0;3;0;0;TELÊMACO BORBA;REGIÃO CENTRAL;18;6
0.763327475102519;2019-04-30;12;19;22;25;664;29;2;12;21;527;29;0;29;801;22;51;4;4;4;5;4;4;5;1;0;0;0;0;0;0;0;0;0;0;0;0;0;0;0;0;0;0;0;1;0;0;0;0;0;0;0;0;0;0;0;0;0;0;0;0;0;0;0;0;0;0;0;0;0;0;1;0;0;0;4;0;1;1;3;1;0;1;0;0;TELÊMACO BORBA;REGIÃO CENTRAL;19;6
0.6886350322202694;2019-05-31;8;13;19;25;597;29;5;8;21;478;29;0;29;715;50;157;4;5;5;4;5;4;4;0;0;0;0;0;0;0;1;0;0;0;0;0;0;0;0;0;0;0;0;1;0;0;0;0;0;0;0;0;0;0;0;0;0;0;0;0;0;0;0;0;0;0;0;0;0;0;1;0;0;0;4;0;1;1;3;1;0;0;0;0;TELÊMACO BORBA;REGIÃO CENTRAL;20;5
0.5526654950205039;2019-06-30;6;12;18;23;542;28;2;6;18;383;28;0;28;701;36;60;5;4;4;4;4;5;4;0;0;0;0;0;0;1;0;0;0;0;0;0;0;0;0;0;0;0;0;1;0;0;0;0;0;0;0;0;0;0;0;0;0;0;0;0;0;0;0;0;0;0;0;0;0;0;1;0;0;0;4;0;1;1;3;1;0;1;0;0;TELÊMACO BORBA;REGIÃO CENTRAL;21;4
0.354481546572935;2019-07-31;-2;7;16;22;511;28;2;-2;18;329;28;0;28;693;26;60;4;5;4;5;4;4;5;0;0;0;0;0;1;0;0;0;0;0;0;0;0;0;0;0;0;0;0;1;0;0;0;0;0;0;0;0;0;0;0;0;0;0;0;0;0;0;0;0;0;0;0;0;0;0;1;0;0;0;4;0;1;1;3;1;16;0;0;0;TELÊMACO BORBA;REGIÃO CENTRAL;22;2
0.5567076742823667;2019-08-31;3;10;17;22;539;30;0;3;17;351;30;0;30;727;3;4;4;4;5;4;5;5;4;0;1;0;0;0;0;0;0;0;0;0;0;0;0;0;0;0;0;0;0;1;0;0;0;0;0;0;0;0;0;0;0;0;0;0;0;0;0;0;0;0;0;0;0;0;0;0;1;0;0;0;4;0;1;1;3;1;0;0;0;0;TELÊMACO BORBA;REGIÃO CENTRAL;23;4
0.7281780902167545;2019-09-30;11;15;21;28;629;33;4;11;23;472;33;0;33;786;44;125;5;4;4;5;4;4;4;0;0;0;0;0;0;0;0;0;0;0;1;0;0;0;0;0;0;0;0;1;0;0;0;0;0;0;0;0;0;0;0;0;0;0;0;0;0;0;0;0;0;0;0;0;0;0;1;0;0;0;4;0;1;1;3;1;0;0;0;0;TELÊMACO BORBA;REGIÃO CENTRAL;24;5
0.7263034563561803;2019-10-31;12;18;23;28;719;36;3;12;23;535;36;0;36;903;46;82;4;5;5;4;4;4;5;0;0;0;0;0;0;0;0;0;0;1;0;0;0;0;0;0;0;0;0;1;0;0;0;0;0;0;0;0;0;0;0;0;0;0;0;0;0;0;0;0;0;0;0;0;0;0;1;0;0;0;4;0;1;1;3;1;0;0;0;0;TELÊMACO BORBA;REGIÃO CENTRAL;25;5
0.8265963678968951;2019-11-30;13;19;22;27;675;35;7;13;21;498;35;0;35;851;62;198;4;4;4;4;5;5;4;0;0;0;0;0;0;0;0;0;1;0;0;0;0;0;0;0;0;0;0;1;0;0;0;0;0;0;0;0;0;0;0;0;0;0;0;0;0;0;0;0;0;0;0;0;0;0;1;0;0;0;4;0;1;1;3;1;0;0;0;0;TELÊMACO BORBA;REGIÃO CENTRAL;26;6
0.4083772700644405;2019-12-31;14;19;22;26;696;32;6;14;21;551;32;0;32;842;47;194;5;4;4;5;4;4;5;0;0;1;0;0;0;0;0;0;0;0;0;0;0;0;0;0;0;0;0;1;0;0;0;0;0;0;0;0;0;0;0;0;0;0;0;0;0;0;0;0;0;0;0;0;0;0;1;0;0;0;4;0;1;1;3;1;0;0;0;0;TELÊMACO BORBA;REGIÃO CENTRAL;27;2
0.3023432923257176;2020-01-31;15;19;23;26;727;31;5;15;22;597;31;0;31;856;53;146;4;5;5;4;5;4;4;0;0;0;0;1;0;0;0;0;0;0;0;0;0;0;0;0;0;0;0;0;1;0;0;0;0;0;0;0;0;0;0;0;0;0;0;0;0;0;0;0;0;0;0;0;0;0;1;0;0;0;4;0;1;1;3;1;31;0;0;0;TELÊMACO BORBA;REGIÃO CENTRAL;28;1
0.7291739894551845;2020-02-29;13;19;23;27;663;32;3;13;23;535;32;0;32;792;26;79;4;4;4;4;4;5;4;0;0;0;1;0;0;0;0;0;0;0;0;0;0;0;0;0;0;0;0;0;1;0;0;0;0;0;0;0;0;0;0;0;0;0;0;0;0;0;0;0;0;0;0;0;0;0;1;0;0;0;4;0;1;1;4;1;0;3;0;0;TELÊMACO BORBA;REGIÃO CENTRAL;29;5
0.4964850615114235;2020-03-31;14;20;22;26;692;33;1;14;21;512;33;0;33;872;14;20;5;4;4;5;4;4;5;0;0;0;0;0;0;0;0;1;0;0;0;0;0;0;0;0;0;0;0;0;1;0;0;0;0;0;0;0;0;0;0;0;0;0;0;0;0;0;0;0;0;0;0;0;0;0;1;0;0;0;4;0;1;1;4;1;0;0;15;0;TELÊMACO BORBA;REGIÃO CENTRAL;30;3
0.10228471001757472;2020-04-30;8;16;20;25;610;31;2;8;19;422;31;0;31;798;28;48;4;5;5;4;4;4;4;1;0;0;0;0;0;0;0;0;0;0;0;0;0;0;0;0;0;0;0;0;1;0;0;0;0;0;0;0;0;0;0;0;0;0;0;0;0;0;0;0;0;0;0;0;0;0;1;0;0;0;4;0;1;1;4;1;0;1;30;0;TELÊMACO BORBA;REGIÃO CENTRAL;31;1
0.04147627416520211;2020-05-31;6;12;17;22;537;29;3;6;17;341;29;0;29;733;88;100;5;4;4;4;5;5;4;0;0;0;0;0;0;0;1;0;0;0;0;0;0;0;0;0;0;0;0;0;1;0;0;0;0;0;0;0;0;0;0;0;0;0;0;0;0;0;0;0;0;0;0;0;0;0;1;0;0;0;4;0;1;1;4;1;0;0;31;0;TELÊMACO BORBA;REGIÃO CENTRAL;32;0
0.03526654950205038;2020-06-30;8;13;17;21;525;28;8;8;18;392;28;0;28;658;94;253;4;4;4;5;4;4;5;0;0;0;0;0;0;1;0;0;0;0;0;0;0;0;0;0;0;0;0;0;1;0;0;0;0;0;0;0;0;0;0;0;0;0;0;0;0;0;0;0;0;0;0;0;0;0;1;0;0;0;4;0;1;1;4;1;0;1;30;0;TELÊMACO BORBA;REGIÃO CENTRAL;33;0
0.048388986526069155;2020-07-31;3;9;16;21;499;27;2;3;16;324;27;0;27;674;42;68;4;5;5;4;5;4;4;0;0;0;0;0;1;0;0;0;0;0;0;0;0;0;0;0;0;0;0;0;1;0;0;0;0;0;0;0;0;0;0;0;0;0;0;0;0;0;0;0;0;0;0;0;0;0;1;0;0;0;4;0;1;1;4;1;0;0;31;0;TELÊMACO BORBA;REGIÃO CENTRAL;34;0
0.07381370826010547;2020-08-31;1;8;17;23;516;32;7;1;15;329;32;0;32;702;53;220;5;4;4;5;4;5;4;0;1;0;0;0;0;0;0;0;0;0;0;0;0;0;0;0;0;0;0;0;1;0;0;0;0;0;0;0;0;0;0;0;0;0;0;0;0;0;0;0;0;0;0;0;0;0;1;0;0;0;4;0;1;1;4;1;0;0;31;0;TELÊMACO BORBA;REGIÃO CENTRAL;35;0
0.04217926186291743;2020-09-30;11;16;22;26;650;35;2;11;18;457;35;0;35;844;47;60;4;5;4;4;4;4;5;0;0;0;0;0;0;0;0;0;0;0;1;0;0;0;0;0;0;0;0;0;1;0;0;0;0;0;0;0;0;0;0;0;0;0;0;0;0;0;0;0;0;0;0;0;0;0;1;0;0;0;4;0;1;1;4;1;0;0;30;0;TELÊMACO BORBA;REGIÃO CENTRAL;36;0
0.010251903925014683;2020-10-31;10;17;22;29;679;38;1;10;21;490;38;0;38;869;8;44;4;4;5;4;5;5;4;0;0;0;0;0;0;0;0;0;0;1;0;0;0;0;0;0;0;0;0;0;1;0;0;0;0;0;0;0;0;0;0;0;0;0;0;0;0;0;0;0;0;0;0;0;0;0;1;0;0;0;4;0;1;1;4;1;0;0;31;0;TELÊMACO BORBA;REGIÃO CENTRAL;37;0
0.0;2020-11-30;8;16;22;26;650;33;2;8;20;449;33;0;33;851;23;71;5;4;4;5;4;4;4;0;0;0;0;0;0;0;0;0;1;0;0;0;0;0;0;0;0;0;0;0;1;0;0;0;0;0;0;0;0;0;0;0;0;0;0;0;0;0;0;0;0;0;0;0;0;0;1;0;0;0;4;0;1;1;4;1;0;0;30;0;TELÊMACO BORBA;REGIÃO CENTRAL;38;0
0.04475688342120682;2020-12-31;14;19;23;25;706;31;4;14;20;554;31;0;31;858;20;126;4;5;5;4;4;4;5;0;0;1;0;0;0;0;0;0;0;0;0;0;0;0;0;0;0;0;0;0;1;0;0;0;0;0;0;0;0;0;0;0;0;0;0;0;0;0;0;0;0;0;0;0;0;0;1;0;0;0;4;0;1;1;4;1;0;0;31;0;TELÊMACO BORBA;REGIÃO CENTRAL;39;0
0.08107791446983015;2021-01-31;15;20;23;26;711;31;4;15;21;598;31;0;31;825;25;133;5;4;4;4;5;5;4;0;0;0;0;1;0;0;0;0;0;0;0;1;0;0;0;0;0;0;0;0;0;0;0;0;0;0;0;0;0;0;0;0;0;0;0;0;0;0;0;0;0;0;0;0;0;0;1;0;0;0;4;0;1;1;4;1;0;0;31;0;TELÊMACO BORBA;REGIÃO CENTRAL;40;1
0.005389572349150551;2021-02-28;14;20;23;26;641;32;1;14;21;482;32;0;32;799;6;38;4;4;4;4;4;4;4;0;0;0;1;0;0;0;0;0;0;0;0;1;0;0;0;0;0;0;0;0;0;0;0;0;0;0;0;0;0;0;0;0;0;0;0;0;0;0;0;0;0;0;0;0;0;0;1;0;0;0;4;0;1;1;4;1;0;3;28;0;TELÊMACO BORBA;REGIÃO CENTRAL;41;0
0.052021089630931494;2021-03-31;12;18;23;26;725;33;4;12;21;564;33;0;33;885;34;118;4;5;4;5;4;4;5;0;0;0;0;0;0;0;0;1;0;0;0;1;0;0;0;0;0;0;0;0;0;0;0;0;0;0;0;0;0;0;0;0;0;0;0;0;0;0;0;0;0;0;0;0;0;0;1;0;0;0;4;0;1;1;4;1;0;0;31;0;TELÊMACO BORBA;REGIÃO CENTRAL;42;0
0.02811950790861162;2021-04-30;10;17;20;24;594;31;0;10;19;422;31;0;31;767;6;8;4;4;5;4;5;4;4;1;0;0;0;0;0;0;0;0;0;0;0;1;0;0;0;0;0;0;0;0;0;0;0;0;0;0;0;0;0;0;0;0;0;0;0;0;0;0;0;0;0;0;0;0;0;0;1;0;0;0;4;0;1;1;4;1;0;1;30;0;TELÊMACO BORBA;REGIÃO CENTRAL;43;0
0.04475688342120682;2021-05-31;4;12;17;21;539;29;5;4;17;365;29;0;29;713;51;144;5;4;4;5;4;5;4;0;0;0;0;0;0;0;1;0;0;0;0;1;0;0;0;0;0;0;0;0;0;0;0;0;0;0;0;0;0;0;0;0;0;0;0;0;0;0;0;0;0;0;0;0;0;0;1;0;0;0;4;0;1;1;4;1;0;0;31;0;TELÊMACO BORBA;REGIÃO CENTRAL;44;0
0.05975395430579966;2021-06-30;-1;3;15;21;459;27;3;-1;16;324;27;0;27;594;46;76;4;5;4;4;4;4;5;0;0;0;0;0;0;1;0;0;0;0;0;1;0;0;0;0;0;0;0;0;0;0;0;0;0;0;0;0;0;0;0;0;0;0;0;0;0;0;0;0;0;0;0;0;0;0;1;0;0;0;4;0;1;1;4;1;0;1;30;0;TELÊMACO BORBA;REGIÃO CENTRAL;45;0
0.08471001757469243;2021-07-31;-2;6;14;19;427;28;2;-2;14;214;28;0;28;640;53;67;4;4;5;4;5;5;4;0;0;0;0;0;1;0;0;0;0;0;0;1;0;0;0;0;0;0;0;0;0;0;0;0;0;0;0;0;0;0;0;0;0;0;0;0;0;0;0;0;0;0;0;0;0;0;1;0;0;0;4;0;1;1;4;1;0;0;31;0;TELÊMACO BORBA;REGIÃO CENTRAL;46;1
0.08834212067955477;2021-08-31;6;13;19;26;592;34;2;6;17;377;34;0;34;807;52;71;5;4;4;5;4;4;5;0;1;0;0;0;0;0;0;0;0;0;0;1;0;0;0;0;0;0;0;0;0;0;0;0;0;0;0;0;0;0;0;0;0;0;0;0;0;0;0;0;0;0;0;0;0;0;1;0;0;0;4;0;1;1;4;1;0;0;31;0;TELÊMACO BORBA;REGIÃO CENTRAL;47;1
0.18277680140597546;2021-09-30;10;17;22;27;669;35;3;10;22;457;35;0;35;882;39;92;4;5;5;4;4;4;4;0;0;0;0;0;0;0;0;0;0;0;1;1;0;0;0;0;0;0;0;0;0;0;0;0;0;0;0;0;0;0;0;0;0;0;0;0;0;0;0;0;0;0;0;0;0;0;1;0;0;0;4;0;1;1;4;1;0;0;30;0;TELÊMACO BORBA;REGIÃO CENTRAL;48;1
0.1845928529584066;2021-10-31;9;16;20;24;608;30;15;9;18;453;30;0;30;763;102;477;5;4;4;4;5;5;4;0;0;0;0;0;0;0;0;0;0;1;0;1;0;0;0;0;0;0;0;0;0;0;0;0;0;0;0;0;0;0;0;0;0;0;0;0;0;0;0;0;0;0;0;0;0;0;1;0;0;0;4;0;1;1;4;1;0;0;0;0;TELÊMACO BORBA;REGIÃO CENTRAL;49;1
0.3163444639718805;2021-11-30;10;18;23;26;686;33;3;10;19;477;33;0;33;895;65;98;4;4;4;5;4;4;5;0;0;0;0;0;0;0;0;0;1;0;0;1;0;0;0;0;0;0;0;0;0;0;0;0;0;0;0;0;0;0;0;0;0;0;0;0;0;0;0;0;0;0;0;0;0;0;1;0;0;0;4;0;1;1;4;1;0;0;0;0;TELÊMACO BORBA;REGIÃO CENTRAL;50;2
0.4697129466900996;2021-12-31;12;20;24;28;741;35;4;12;20;524;35;0;35;958;45;121;4;5;5;4;5;4;4;0;0;1;0;0;0;0;0;0;0;0;0;1;0;0;0;0;0;0;0;0;0;0;0;0;0;0;0;0;0;0;0;0;0;0;0;0;0;0;0;0;0;0;0;0;0;0;1;0;0;0;4;0;1;1;4;1;0;0;0;0;TELÊMACO BORBA;REGIÃO CENTRAL;51;3
0.43884007029876976;2022-01-31;15;20;24;28;749;35;6;15;21;578;35;0;35;920;36;192;5;4;4;5;4;5;4;0;0;0;0;1;0;0;0;0;0;0;0;0;1;0;0;0;0;0;0;0;0;0;0;0;0;0;0;0;0;0;0;0;0;0;0;0;0;0;0;0;0;0;0;0;0;0;1;0;0;0;4;0;1;1;4;1;31;0;0;0;TELÊMACO BORBA;REGIÃO CENTRAL;52;2
0.3613356766256591;2022-02-28;15;22;25;28;693;35;3;15;22;511;35;0;35;875;40;94;4;4;4;4;4;4;4;0;0;0;1;0;0;0;0;0;0;0;0;0;1;0;0;0;0;0;0;0;0;0;0;0;0;0;0;0;0;0;0;0;0;0;0;0;0;0;0;0;0;0;0;0;0;0;1;0;0;0;4;0;1;1;4;1;0;1;0;0;TELÊMACO BORBA;REGIÃO CENTRAL;53;2
0.33169302870533096;2022-03-31;15;20;24;27;746;34;11;15;21;578;34;0;34;914;54;345;4;5;5;4;4;4;5;0;0;0;0;0;0;0;0;1;0;0;0;0;1;0;0;0;0;0;0;0;0;0;0;0;0;0;0;0;0;0;0;0;0;0;0;0;0;0;0;0;0;0;0;0;0;0;1;0;0;0;4;0;1;1;4;1;0;1;0;0;TELÊMACO BORBA;REGIÃO CENTRAL;54;2
0.4340949033391916;2022-04-30;9;16;21;24;623;30;3;9;18;459;30;0;30;788;39;94;4;4;4;4;5;5;4;1;0;0;0;0;0;0;0;0;0;0;0;0;1;0;0;0;0;0;0;0;0;0;0;0;0;0;0;0;0;0;0;0;0;0;0;0;0;0;0;0;0;0;0;0;0;0;1;0;0;0;4;0;1;1;4;1;0;1;0;0;TELÊMACO BORBA;REGIÃO CENTRAL;55;2
0.593204452255419;2022-05-31;3;9;16;22;510;28;3;3;18;340;28;0;28;680;49;97;5;4;4;5;4;4;5;0;0;0;0;0;0;0;1;0;0;0;0;0;1;0;0;0;0;0;0;0;0;0;0;0;0;0;0;0;0;0;0;0;0;0;0;0;0;0;0;0;0;0;0;0;0;0;1;0;0;0;4;0;1;1;4;1;0;0;0;0;TELÊMACO BORBA;REGIÃO CENTRAL;56;4
0.5096660808435853;2022-06-30;2;10;16;21;489;27;2;2;15;324;27;0;27;654;16;66;4;5;5;4;4;4;4;0;0;0;0;0;0;1;0;0;0;0;0;0;1;0;0;0;0;0;0;0;0;0;0;0;0;0;0;0;0;0;0;0;0;0;0;0;0;0;0;0;0;0;0;0;0;0;1;0;0;0;4;0;1;1;4;1;0;1;0;0;TELÊMACO BORBA;REGIÃO CENTRAL;57;3
0.560515524311658;2022-07-31;4;12;18;21;568;28;1;4;16;358;28;0;28;777;20;32;5;4;4;4;5;5;4;0;0;0;0;0;1;0;0;0;0;0;0;0;1;0;0;0;0;0;0;0;0;0;0;0;0;0;0;0;0;0;0;0;0;0;0;0;0;0;0;0;0;0;0;0;0;0;1;0;0;0;4;0;1;1;4;1;0;0;0;0;TELÊMACO BORBA;REGIÃO CENTRAL;58;4
0.46244874048037493;2022-08-31;2;9;16;22;507;30;6;2;16;319;30;0;30;693;59;171;4;5;4;5;4;4;5;0;1;0;0;0;0;0;0;0;0;0;0;0;1;0;0;0;0;0;0;0;0;0;0;0;0;0;0;0;0;0;0;0;0;0;0;0;0;0;0;0;0;0;0;0;0;0;1;0;0;0;4;0;1;1;4;1;0;0;0;0;TELÊMACO BORBA;REGIÃO CENTRAL;59;3
0.5448154657293498;2022-09-30;5;13;16;24;488;32;7;5;19;345;32;0;32;631;47;209;4;4;5;4;5;4;4;0;0;0;0;0;0;0;0;0;0;0;1;0;1;0;0;0;0;0;0;0;0;0;0;0;0;0;0;0;0;0;0;0;0;0;0;0;0;0;0;0;0;0;0;0;0;0;1;0;0;0;4;0;1;1;4;1;0;0;0;0;TELÊMACO BORBA;REGIÃO CENTRAL;60;4
0.5514352665495021;2022-10-31;-3;12;20;24;619;31;12;-3;18;441;31;0;31;798;93;365;5;4;4;5;4;5;4;0;0;0;0;0;0;0;0;0;0;1;0;0;1;0;0;0;0;0;0;0;0;0;0;0;0;0;0;0;0;0;0;0;0;0;0;0;0;0;0;0;0;0;0;0;0;0;1;0;0;0;4;0;1;1;4;1;0;0;0;0;TELÊMACO BORBA;REGIÃO CENTRAL;61;4
0.5202108963093146;2022-11-30;8;12;19;23;573;31;1;8;17;387;31;0;31;760;10;40;4;5;4;4;4;4;5;0;0;0;0;0;0;0;0;0;1;0;0;0;1;0;0;0;0;0;0;0;0;0;0;0;0;0;0;0;0;0;0;0;0;0;0;0;0;0;0;0;0;0;0;0;0;0;1;0;0;0;4;0;1;1;4;1;0;0;0;0;TELÊMACO BORBA;REGIÃO CENTRAL;62;3
0.4896895137668424;2022-12-31;-11;8;22;25;675;32;7;-11;20;497;32;0;32;852;58;230;4;4;5;4;5;5;4;0;0;1;0;0;0;0;0;0;0;0;0;0;1;0;0;0;0;0;0;0;0;0;0;0;0;0;0;0;0;0;0;0;0;0;0;0;0;0;0;0;0;0;0;0;0;0;1;0;0;0;4;0;1;1;4;1;0;0;0;0;TELÊMACO BORBA;REGIÃO CENTRAL;63;3
0.2917398945518454;2023-01-31;13;19;23;25;700;31;4;13;19;544;31;0;31;856;18;133;5;4;4;5;4;4;5;0;0;0;0;1;0;0;0;0;0;0;0;0;0;1;0;0;0;0;0;0;0;0;0;0;0;0;0;0;0;0;0;0;0;0;0;0;0;0;0;0;0;0;0;0;0;0;1;0;0;0;4;0;1;1;4;1;31;0;0;0;TELÊMACO BORBA;REGIÃO CENTRAL;64;1
0.44827182190978326;2023-02-28;14;17;22;25;622;32;9;14;20;494;32;0;32;749;41;257;4;4;4;4;4;4;4;0;0;0;1;0;0;0;0;0;0;0;0;0;0;1;0;0;0;0;0;0;0;0;0;0;0;0;0;0;0;0;0;0;0;0;0;0;0;0;0;0;0;0;0;0;0;0;1;0;0;0;4;0;1;1;4;1;0;3;0;0;TELÊMACO BORBA;REGIÃO CENTRAL;65;3
1.0;2023-03-31;17;21;23;25;728;32;5;17;20;558;32;0;32;898;30;169;4;5;5;4;5;4;4;0;0;0;0;0;0;0;0;1;0;0;0;0;0;1;0;0;0;0;0;0;0;0;0;0;0;0;0;0;0;0;0;0;0;0;0;0;0;0;0;0;0;0;0;0;0;0;1;0;0;0;4;0;1;1;4;1;0;0;0;0;TELÊMACO BORBA;REGIÃO CENTRAL;66;6
0.6748681898066784;2023-04-30;9;16;20;25;609;31;4;9;18;453;31;0;31;764;48;110;5;4;4;4;4;5;4;1;0;0;0;0;0;0;0;0;0;0;0;0;0;1;0;0;0;0;0;0;0;0;0;0;0;0;0;0;0;0;0;0;0;0;0;0;0;0;0;0;0;0;0;0;0;0;1;0;0;0;4;0;1;1;4;1;0;1;0;0;TELÊMACO BORBA;REGIÃO CENTRAL;67;5
0.6840070298769771;2023-05-31;8;15;18;23;571;28;2;8;18;390;28;0;28;751;19;70;4;5;4;5;4;4;5;0;0;0;0;0;0;0;1;0;0;0;0;0;0;1;0;0;0;0;0;0;0;0;0;0;0;0;0;0;0;0;0;0;0;0;0;0;0;0;0;0;0;0;0;0;0;0;1;0;0;0;4;0;1;1;4;1;0;0;0;0;TELÊMACO BORBA;REGIÃO CENTRAL;68;5
0.5905096660808435;2023-06-30;5;11;16;21;495;28;4;5;15;311;28;0;28;678;64;106;4;4;5;4;5;4;4;0;0;0;0;0;0;1;0;0;0;0;0;0;0;1;0;0;0;0;0;0;0;0;0;0;0;0;0;0;0;0;0;0;0;0;0;0;0;0;0;0;0;0;0;0;0;0;1;0;0;0;4;0;1;1;4;1;0;1;0;0;TELÊMACO BORBA;REGIÃO CENTRAL;69;4
0.418863503222027;2023-07-31;4;11;17;21;517;27;4;4;16;351;27;0;27;683;34;123;5;4;4;5;4;5;4;0;0;0;0;0;1;0;0;0;0;0;0;0;0;1;0;0;0;0;0;0;0;0;0;0;0;0;0;0;0;0;0;0;0;0;0;0;0;0;0;0;0;0;0;0;0;0;1;0;0;0;4;0;1;1;4;1;15;0;0;0;TELÊMACO BORBA;REGIÃO CENTRAL;70;2
0.7493848857644991;2023-08-31;6;12;18;25;573;33;5;6;19;374;33;0;33;772;43;154;4;5;5;4;4;4;5;0;1;0;0;0;0;0;0;0;0;0;0;0;0;1;0;0;0;0;0;0;0;0;0;0;0;0;0;0;0;0;0;0;0;0;0;0;0;0;0;0;0;0;0;0;0;0;1;0;0;0;4;0;1;1;4;1;0;0;0;0;TELÊMACO BORBA;REGIÃO CENTRAL;71;6
0.836555360281195;2023-09-30;7;15;22;28;661;36;4;7;23;468;36;0;36;853;34;113;4;4;4;4;5;5;4;0;0;0;0;0;0;0;0;0;0;0;1;0;0;1;0;0;0;0;0;0;0;0;0;0;0;0;0;0;0;0;0;0;0;0;0;0;0;0;0;0;0;0;0;0;0;0;1;0;0;0;4;0;1;1;4;1;0;0;0;0;TELÊMACO BORBA;REGIÃO CENTRAL;72;6
0.8183948447568834;2023-10-31;13;17;22;27;674;33;15;13;21;512;33;0;33;835;103;466;5;4;4;5;4;4;5;0;0;0;0;0;0;0;0;0;0;1;0;0;0;1;0;0;0;0;0;0;0;0;0;0;0;0;0;0;0;0;0;0;0;0;0;0;0;0;0;0;0;0;0;0;0;0;1;0;0;0;4;0;1;1;4;1;0;0;0;0;TELÊMACO BORBA;REGIÃO CENTRAL;73;6
0.8172231985940246;2023-11-30;9;16;22;28;672;36;7;9;23;501;36;0;36;842;45;196;4;5;5;4;4;4;4;0;0;0;0;0;0;0;0;0;1;0;0;0;0;1;0;0;0;0;0;0;0;0;0;0;0;0;0;0;0;0;0;0;0;0;0;0;0;0;0;0;0;0;0;0;0;0;1;0;0;0;4;0;1;1;4;1;0;0;0;0;TELÊMACO BORBA;REGIÃO CENTRAL;74;6
0.6404217926186291;2023-12-31;15;19;24;27;748;34;4;15;21;562;34;0;34;934;37;111;5;4;4;4;5;5;4;0;0;1;0;0;0;0;0;0;0;0;0;0;0;1;0;0;0;0;0;0;0;0;0;0;0;0;0;0;0;0;0;0;0;0;0;0;0;0;0;0;0;0;0;0;0;0;1;0;0;0;4;0;1;1;4;1;0;0;0;0;TELÊMACO BORBA;REGIÃO CENTRAL;75;5
0.3444053895723492;2024-01-31;13;18;24;28;738;36;4;13;22;566;36;0;36;911;47;127;4;5;4;5;4;4;5;0;0;0;0;1;0;0;0;0;0;0;0;0;0;0;1;0;0;0;0;0;0;0;0;0;0;0;0;0;0;0;0;0;0;0;0;0;0;0;0;0;0;0;0;0;0;0;1;0;0;0;4;0;1;1;4;1;31;0;0;0;TELÊMACO BORBA;REGIÃO CENTRAL;76;2
0.901933216168717;2024-02-29;17;20;25;27;711;33;6;17;21;553;33;0;33;870;52;161;4;4;5;4;4;4;4;0;0;0;1;0;0;0;0;0;0;0;0;0;0;0;1;0;0;0;0;0;0;0;0;0;0;0;0;0;0;0;0;0;0;0;0;0;0;0;0;0;0;0;0;0;0;0;1;0;0;0;4;0;1;1;4;1;0;3;0;0;TELÊMACO BORBA;REGIÃO CENTRAL;77;6
0.9745752782659636;2024-03-31;16;19;24;28;758;35;3;16;22;588;35;0;35;928;43;108;5;4;4;4;5;5;4;0;0;0;0;0;0;0;0;1;0;0;0;0;0;0;1;0;0;0;0;0;0;0;0;0;0;0;0;0;0;0;0;0;0;0;0;0;0;0;0;0;0;0;0;0;0;0;1;0;0;0;4;0;1;1;4;1;0;1;0;0;TELÊMACO BORBA;REGIÃO CENTRAL;78;6
0.5043936731107206;2024-04-30;11;18;23;27;689;32;2;11;21;532;32;0;32;845;32;57;4;4;4;5;4;4;5;1;0;0;0;0;0;0;0;0;0;0;0;0;0;0;1;0;0;0;0;0;0;0;0;0;0;0;0;0;0;0;0;0;0;0;0;0;0;0;0;0;0;0;0;0;0;0;1;0;0;0;4;0;1;1;4;1;0;0;0;0;TELÊMACO BORBA;REGIÃO CENTRAL;79;3
0.26086701816051555;2024-05-31;5;12;20;26;627;32;1;5;20;463;32;0;32;790;30;32;4;5;5;4;5;4;4;0;0;0;0;0;0;0;1;0;0;0;0;0;0;0;1;0;0;0;0;0;0;0;0;0;0;0;0;0;0;0;0;0;0;0;0;0;0;0;0;0;0;0;0;0;0;0;1;0;0;0;4;0;1;1;4;1;0;1;0;30;TELÊMACO BORBA;REGIÃO CENTRAL;80;1
0.2003514938488577;2024-06-30;6;13;20;22;587;29;0;6;17;392;29;0;29;782;2;3;5;4;4;4;4;5;4;0;0;0;0;0;0;1;0;0;0;0;0;0;0;0;1;0;0;0;0;0;0;0;0;0;0;0;0;0;0;0;0;0;0;0;0;0;0;0;0;0;0;0;0;0;0;0;1;0;0;0;4;0;1;1;4;1;0;0;0;30;TELÊMACO BORBA;REGIÃO CENTRAL;81;1
0.693087287639133;2024-07-31;4;12;16;20;487;28;1;4;14;309;28;0;28;665;12;41;4;5;4;5;4;4;5;0;0;0;0;0;1;0;0;0;0;0;0;0;0;0;1;0;0;0;0;0;0;0;0;0;0;0;0;0;0;0;0;0;0;0;0;0;0;0;0;0;0;0;0;0;0;0;1;0;0;0;4;0;1;1;4;1;12;0;0;0;TELÊMACO BORBA;REGIÃO CENTRAL;82;5
0.6585823081429407;2024-08-31;0;9;17;23;542;34;2;0;16;295;34;0;34;789;42;59;4;4;5;4;5;5;4;0;1;0;0;0;0;0;0;0;0;0;0;0;0;0;1;0;0;0;0;0;0;0;0;0;0;0;0;0;0;0;0;0;0;0;0;0;0;0;0;0;0;0;0;0;0;0;1;0;0;0;4;0;1;1;4;1;0;0;0;0;TELÊMACO BORBA;REGIÃO CENTRAL;83;5
0.8611599297012302;2024-09-30;11;15;22;26;649;36;1;11;18;427;36;0;36;870;12;38;5;4;4;5;4;4;4;0;0;0;0;0;0;0;0;0;0;0;1;0;0;0;1;0;0;0;0;0;0;0;0;0;0;0;0;0;0;0;0;0;0;0;0;0;0;0;0;0;0;0;0;0;0;0;1;0;0;0;4;0;1;1;4;1;0;0;0;0;TELÊMACO BORBA;REGIÃO CENTRAL;84;6
0.9091974223784416;2024-10-31;11;15;21;25;647;35;3;11;20;492;35;0;35;802;22;91;4;5;5;4;4;4;5;0;0;0;0;0;0;0;0;0;0;1;0;0;0;0;1;0;0;0;0;0;0;0;0;0;0;0;0;0;0;0;0;0;0;0;0;0;0;0;0;0;0;0;0;0;0;0;1;0;0;0;4;0;1;1;4;1;0;0;0;0;TELÊMACO BORBA;REGIÃO CENTRAL;85;6
0.35438205821536506;2015-11-30;16;20;23;27;696;33;11;16;21;561;33;0;33;831;60;315;5;4;4;5;4;4;4;0;0;0;0;0;0;0;0;0;1;0;0;0;0;0;0;1;0;0;0;0;0;0;0;0;0;0;0;0;0;0;0;0;0;0;0;0;0;0;0;0;0;0;0;0;0;0;0;1;0;1;2;4;0;0;1;0;0;0;0;0;UMUARAMA;REGIÃO OESTE;1;3
0.24781294735167803;2015-12-31;16;21;24;27;747;32;8;16;22;610;32;0;32;884;59;262;4;5;5;4;4;4;5;0;0;1;0;0;0;0;0;0;0;0;0;0;0;0;0;1;0;0;0;0;0;0;0;0;0;0;0;0;0;0;0;0;0;0;0;0;0;0;0;0;0;0;0;0;0;0;0;1;0;1;2;4;0;0;1;0;0;0;0;0;UMUARAMA;REGIÃO OESTE;2;1
0.26760687839103614;2016-01-31;15;22;25;28;766;34;7;15;23;602;34;0;34;930;77;227;5;4;4;4;5;5;4;0;0;0;0;1;0;0;0;0;0;0;0;0;0;0;0;0;1;0;0;0;0;0;0;0;0;0;0;0;0;0;0;0;0;0;0;0;0;0;0;0;0;0;0;0;0;0;0;1;0;1;2;4;0;0;1;0;31;0;0;0;UMUARAMA;REGIÃO OESTE;3;2
0.3649506035381651;2016-02-29;19;22;25;28;735;33;10;19;23;599;33;0;33;870;47;284;4;4;4;5;4;4;4;0;0;0;1;0;0;0;0;0;0;0;0;0;0;0;0;0;1;0;0;0;0;0;0;0;0;0;0;0;0;0;0;0;0;0;0;0;0;0;0;0;0;0;0;0;0;0;0;1;0;0;2;4;0;0;1;0;0;3;0;0;UMUARAMA;REGIÃO OESTE;4;3
0.5424597493946944;2016-03-31;14;21;24;27;739;34;5;14;21;561;34;0;34;917;41;145;4;5;5;4;4;4;5;0;0;0;0;0;0;0;0;1;0;0;0;0;0;0;0;0;1;0;0;0;0;0;0;0;0;0;0;0;0;0;0;0;0;0;0;0;0;0;0;0;0;0;0;0;0;0;0;1;0;0;3;4;0;0;1;0;0;1;0;0;UMUARAMA;REGIÃO OESTE;5;5
0.49202057154975876;2016-04-30;5;11;24;28;719;34;3;5;23;541;34;0;34;898;68;102;4;4;4;4;5;5;4;1;0;0;0;0;0;0;0;0;0;0;0;0;0;0;0;0;1;0;0;0;0;0;0;0;0;0;0;0;0;0;0;0;0;0;0;0;0;0;0;0;0;0;0;0;0;0;0;1;0;0;3;4;0;0;1;0;0;0;0;0;UMUARAMA;REGIÃO OESTE;6;4
0.3458635986073555;2016-05-31;7;13;18;21;543;28;11;7;19;406;28;0;28;680;117;344;5;4;4;5;4;4;5;0;0;0;0;0;0;0;1;0;0;0;0;0;0;0;0;0;1;0;0;0;0;0;0;0;0;0;0;0;0;0;0;0;0;0;0;0;0;0;0;0;0;0;0;0;0;0;0;1;0;0;3;4;0;0;1;0;0;1;0;0;UMUARAMA;REGIÃO OESTE;7;3
0.2706113143523673;2016-06-30;1;10;15;19;461;26;1;1;16;288;26;0;26;633;7;31;4;5;5;4;4;4;4;0;0;0;0;0;0;1;0;0;0;0;0;0;0;0;0;0;1;0;0;0;0;0;0;0;0;0;0;0;0;0;0;0;0;0;0;0;0;0;0;0;0;0;0;0;0;0;0;1;0;0;3;4;0;0;1;0;0;0;0;0;UMUARAMA;REGIÃO OESTE;8;2
0.23102345227365106;2016-07-31;4;12;18;22;546;30;3;4;17;341;30;0;30;751;88;93;5;4;4;4;5;5;4;0;0;0;0;0;1;0;0;0;0;0;0;0;0;0;0;0;1;0;0;0;0;0;0;0;0;0;0;0;0;0;0;0;0;0;0;0;0;0;0;0;0;0;0;0;0;0;0;1;0;0;3;4;0;0;1;0;14;0;0;0;UMUARAMA;REGIÃO OESTE;9;1
0.2239188448827386;2016-08-31;5;13;19;24;584;33;9;5;18;396;33;0;33;772;58;278;4;5;4;5;4;4;5;0;1;0;0;0;0;0;0;0;0;0;0;0;0;0;0;0;1;0;0;0;0;0;0;0;0;0;0;0;0;0;0;0;0;0;0;0;0;0;0;0;0;0;0;0;0;0;0;1;0;0;3;4;0;0;1;0;0;0;0;0;UMUARAMA;REGIÃO OESTE;10;1
0.2623402788823498;2016-09-30;6;14;20;26;595;34;6;6;19;375;34;0;34;814;74;179;4;4;5;4;5;4;4;0;0;0;0;0;0;0;0;0;0;0;1;0;0;0;0;0;1;0;0;0;0;0;0;0;0;0;0;0;0;0;0;0;0;0;0;0;0;0;0;0;0;0;0;0;0;0;0;1;0;0;3;4;0;0;1;0;0;0;0;0;UMUARAMA;REGIÃO OESTE;11;2
0.3790184330982803;2016-10-31;10;17;22;29;689;36;9;10;22;484;36;0;36;894;59;269;5;4;4;5;4;5;4;0;0;0;0;0;0;0;0;0;0;1;0;0;0;0;0;0;1;0;0;0;0;0;0;0;0;0;0;0;0;0;0;0;0;0;0;0;0;0;0;0;0;0;0;0;0;0;0;1;0;0;3;4;0;0;1;0;0;0;0;0;UMUARAMA;REGIÃO OESTE;12;3
0.4260643656221833;2016-11-30;11;18;24;28;711;33;2;11;23;536;33;0;33;885;25;68;4;5;4;4;4;4;5;0;0;0;0;0;0;0;0;0;1;0;0;0;0;0;0;0;1;0;0;0;0;0;0;0;0;0;0;0;0;0;0;0;0;0;0;0;0;0;0;0;0;0;0;0;0;0;0;1;0;0;3;4;0;0;1;0;0;0;0;0;UMUARAMA;REGIÃO OESTE;13;3
0.3222522665818355;2016-12-31;14;19;24;28;754;34;5;14;23;603;34;0;34;904;44;151;4;4;5;4;5;5;4;0;0;1;0;0;0;0;0;0;0;0;0;0;0;0;0;0;1;0;0;0;0;0;0;0;0;0;0;0;0;0;0;0;0;0;0;0;0;0;0;0;0;0;0;0;0;0;0;1;0;0;3;4;0;0;1;0;0;0;0;0;UMUARAMA;REGIÃO OESTE;14;2
0.258947033561317;2017-01-31;17;22;25;29;777;34;6;17;24;627;34;0;34;927;23;185;5;4;4;5;4;4;5;0;0;0;0;1;0;0;0;0;0;0;0;0;0;0;0;0;0;1;0;0;0;0;0;0;0;0;0;0;0;0;0;0;0;0;0;0;0;0;0;0;0;0;0;0;0;0;0;1;0;0;3;4;0;0;1;0;31;0;0;0;UMUARAMA;REGIÃO OESTE;15;2
0.4307300779386034;2017-02-28;18;23;26;29;725;35;4;18;23;573;35;0;35;877;36;107;4;4;4;4;4;4;4;0;0;0;1;0;0;0;0;0;0;0;0;0;0;0;0;0;0;1;0;0;0;0;0;0;0;0;0;0;0;0;0;0;0;0;0;0;0;0;0;0;0;0;0;0;0;0;0;1;0;0;3;5;0;0;2;0;0;2;0;0;UMUARAMA;REGIÃO OESTE;16;3
0.6348196454765566;2017-03-31;14;20;24;27;743;33;4;14;22;580;33;0;33;906;27;134;4;5;5;4;5;4;4;0;0;0;0;0;0;0;0;1;0;0;0;0;0;0;0;0;0;1;0;0;0;0;0;0;0;0;0;0;0;0;0;0;0;0;0;0;0;0;0;0;0;0;0;0;0;0;0;1;0;0;3;5;0;0;2;0;0;1;0;0;UMUARAMA;REGIÃO OESTE;17;5
0.4093102168495838;2017-04-30;7;16;21;25;639;30;5;7;21;483;30;0;30;795;48;149;5;4;4;4;4;5;4;1;0;0;0;0;0;0;0;0;0;0;0;0;0;0;0;0;0;1;0;0;0;0;0;0;0;0;0;0;0;0;0;0;0;0;0;0;0;0;0;0;0;0;0;0;0;0;0;1;0;0;3;5;0;0;2;0;0;1;0;0;UMUARAMA;REGIÃO OESTE;18;3
0.32341869466094053;2017-05-31;13;16;20;23;619;29;9;13;19;472;29;0;29;765;91;273;4;5;4;5;4;4;5;0;0;0;0;0;0;0;1;0;0;0;0;0;0;0;0;0;0;1;0;0;0;0;0;0;0;0;0;0;0;0;0;0;0;0;0;0;0;0;0;0;0;0;0;0;0;0;0;1;0;0;3;5;0;0;2;0;0;0;0;0;UMUARAMA;REGIÃO OESTE;19;2
0.22077302369969776;2017-06-30;3;11;18;23;532;29;5;3;18;356;29;0;29;709;64;149;4;4;5;4;5;4;4;0;0;0;0;0;0;1;0;0;0;0;0;0;0;0;0;0;0;1;0;0;0;0;0;0;0;0;0;0;0;0;0;0;0;0;0;0;0;0;0;0;0;0;0;0;0;0;0;1;0;0;3;5;0;0;2;0;0;1;0;0;UMUARAMA;REGIÃO OESTE;20;1
0.256119329127123;2017-07-31;2;10;17;20;531;28;0;2;14;305;28;0;28;757;2;2;5;4;4;5;4;5;4;0;0;0;0;0;1;0;0;0;0;0;0;0;0;0;0;0;0;1;0;0;0;0;0;0;0;0;0;0;0;0;0;0;0;0;0;0;0;0;0;0;0;0;0;0;0;0;0;1;0;0;3;5;0;0;2;0;16;0;0;0;UMUARAMA;REGIÃO OESTE;21;1
0.35318028383083255;2017-08-31;7;14;19;26;604;33;7;7;21;400;33;0;33;808;64;222;4;5;5;4;4;4;5;0;1;0;0;0;0;0;0;0;0;0;0;0;0;0;0;0;0;1;0;0;0;0;0;0;0;0;0;0;0;0;0;0;0;0;0;0;0;0;0;0;0;0;0;0;0;0;0;1;0;0;3;5;0;0;2;0;0;0;0;0;UMUARAMA;REGIÃO OESTE;22;3
0.5053814750013255;2017-09-30;13;19;24;27;717;35;1;13;20;493;35;0;35;941;20;39;4;4;4;4;5;5;4;0;0;0;0;0;0;0;0;0;0;0;1;0;0;0;0;0;0;1;0;0;0;0;0;0;0;0;0;0;0;0;0;0;0;0;0;0;0;0;0;0;0;0;0;0;0;0;0;1;0;0;3;4;0;0;2;0;0;0;0;0;UMUARAMA;REGIÃO OESTE;23;4
0.48544615874025765;2017-10-31;9;17;22;29;692;36;12;9;21;499;36;0;36;886;70;376;5;4;4;5;4;4;5;0;0;0;0;0;0;0;0;0;0;1;0;0;0;0;0;0;0;1;0;0;0;0;0;0;0;0;0;0;0;0;0;0;0;0;0;0;0;0;0;0;0;0;0;0;0;0;0;1;0;0;3;4;0;0;2;0;0;0;0;0;UMUARAMA;REGIÃO OESTE;24;4
0.5363448385557499;2017-11-30;12;19;23;27;686;35;4;12;21;512;35;0;35;860;35;114;4;5;5;4;4;4;4;0;0;0;0;0;0;0;0;0;1;0;0;0;0;0;0;0;0;1;0;0;0;0;0;0;0;0;0;0;0;0;0;0;0;0;0;0;0;0;0;0;0;0;0;0;0;0;0;1;0;0;3;4;0;0;2;0;0;0;0;0;UMUARAMA;REGIÃO OESTE;25;5
0.4240142799073926;2017-12-31;16;22;25;29;762;34;3;16;24;619;34;0;34;905;16;104;5;4;4;4;5;5;4;0;0;1;0;0;0;0;0;0;0;0;0;0;0;0;0;0;0;1;0;0;0;0;0;0;0;0;0;0;0;0;0;0;0;0;0;0;0;0;0;0;0;0;0;0;0;0;0;1;0;0;3;4;0;0;2;0;0;0;0;0;UMUARAMA;REGIÃO OESTE;26;3
0.28938020253433006;2018-01-31;17;20;24;27;751;33;9;17;22;612;33;0;33;890;36;291;4;5;4;5;4;4;5;0;0;0;0;1;0;0;0;0;0;0;0;0;0;0;0;0;0;0;1;0;0;0;0;0;0;0;0;0;0;0;0;0;0;0;0;0;0;0;0;0;0;0;0;0;0;0;0;1;0;0;3;3;0;0;2;0;31;0;0;0;UMUARAMA;REGIÃO OESTE;27;2
0.4563208030680592;2018-02-28;16;20;24;26;663;33;4;16;21;514;33;0;33;811;34;114;4;4;4;4;4;4;4;0;0;0;1;0;0;0;0;0;0;0;0;0;0;0;0;0;0;0;1;0;0;0;0;0;0;0;0;0;0;0;0;0;0;0;0;0;0;0;0;0;0;0;0;0;0;0;0;1;0;0;3;3;1;1;3;0;0;3;0;0;UMUARAMA;REGIÃO OESTE;28;4
0.8186911263100223;2018-03-31;17;21;25;28;777;34;6;17;22;622;34;0;34;931;34;181;4;4;5;4;5;5;4;0;0;0;0;0;0;0;0;1;0;0;0;0;0;0;0;0;0;0;1;0;0;0;0;0;0;0;0;0;0;0;0;0;0;0;0;0;0;0;0;0;0;0;0;0;0;0;0;1;0;0;3;3;1;1;3;0;0;1;0;0;UMUARAMA;REGIÃO OESTE;29;6
0.7566937065903185;2018-04-30;14;20;23;25;694;31;1;14;22;515;31;0;31;873;13;16;5;4;4;5;4;4;4;1;0;0;0;0;0;0;0;0;0;0;0;0;0;0;0;0;0;0;1;0;0;0;0;0;0;0;0;0;0;0;0;0;0;0;0;0;0;0;0;0;0;0;0;0;0;0;0;1;0;0;3;3;1;1;3;0;0;0;0;0;UMUARAMA;REGIÃO OESTE;30;6
0.46190551932559243;2018-05-31;6;13;20;24;615;31;1;6;18;424;31;0;31;807;29;36;4;5;5;4;4;4;5;0;0;0;0;0;0;0;1;0;0;0;0;0;0;0;0;0;0;0;1;0;0;0;0;0;0;0;0;0;0;0;0;0;0;0;0;0;0;0;0;0;0;0;0;0;0;0;0;1;0;0;3;3;1;1;3;0;0;1;0;0;UMUARAMA;REGIÃO OESTE;31;4
0.2958485764275489;2018-06-30;6;13;19;23;555;30;3;6;20;399;30;0;30;711;45;79;4;4;4;4;5;5;4;0;0;0;0;0;0;1;0;0;0;0;0;0;0;0;0;0;0;0;1;0;0;0;0;0;0;0;0;0;0;0;0;0;0;0;0;0;0;0;0;0;0;0;0;0;0;0;0;1;0;0;3;3;1;1;3;0;0;0;0;0;UMUARAMA;REGIÃO OESTE;32;2
0.28308856016824835;2018-07-31;4;12;19;24;603;30;0;4;17;387;30;0;30;819;13;14;5;4;4;5;4;4;5;0;0;0;0;0;1;0;0;0;0;0;0;0;0;0;0;0;0;0;1;0;0;0;0;0;0;0;0;0;0;0;0;0;0;0;0;0;0;0;0;0;0;0;0;0;0;0;0;1;0;0;3;3;1;1;3;0;16;0;0;0;UMUARAMA;REGIÃO OESTE;33;2
0.3198133715073431;2018-08-31;4;12;18;24;547;32;14;4;16;361;32;0;32;732;105;419;4;5;5;4;5;4;4;0;1;0;0;0;0;0;0;0;0;0;0;0;0;0;0;0;0;0;1;0;0;0;0;0;0;0;0;0;0;0;0;0;0;0;0;0;0;0;0;0;0;0;0;0;0;0;0;1;0;0;3;2;1;1;3;0;0;0;0;0;UMUARAMA;REGIÃO OESTE;34;2
0.4065532050262446;2018-09-30;8;15;21;27;630;35;7;8;21;450;35;0;35;810;97;220;5;4;4;4;4;5;4;0;0;0;0;0;0;0;0;0;0;0;1;0;0;0;0;0;0;0;1;0;0;0;0;0;0;0;0;0;0;0;0;0;0;0;0;0;0;0;0;0;0;0;0;0;0;0;0;1;0;0;3;2;1;1;3;0;0;0;0;0;UMUARAMA;REGIÃO OESTE;35;3
0.46013820405422123;2018-10-31;14;18;22;25;692;32;10;14;20;537;32;0;32;847;38;309;4;5;4;5;4;4;5;0;0;0;0;0;0;0;0;0;0;1;0;0;0;0;0;0;0;0;1;0;0;0;0;0;0;0;0;0;0;0;0;0;0;0;0;0;0;0;0;0;0;0;0;0;0;0;0;1;0;0;3;2;1;1;3;0;0;0;0;0;UMUARAMA;REGIÃO OESTE;36;4
0.6563808917872859;2018-11-30;13;19;24;29;707;35;3;13;25;522;35;0;35;892;22;82;4;4;5;4;5;4;4;0;0;0;0;0;0;0;0;0;1;0;0;0;0;0;0;0;0;0;1;0;0;0;0;0;0;0;0;0;0;0;0;0;0;0;0;0;0;0;0;0;0;0;0;0;0;0;0;1;0;0;3;2;1;1;3;0;0;0;0;0;UMUARAMA;REGIÃO OESTE;37;5
0.5665659296961985;2018-12-31;14;21;26;29;796;35;3;14;24;620;35;0;35;971;18;80;5;4;4;5;4;5;4;0;0;1;0;0;0;0;0;0;0;0;0;0;0;0;0;0;0;0;1;0;0;0;0;0;0;0;0;0;0;0;0;0;0;0;0;0;0;0;0;0;0;0;0;0;0;0;0;1;0;0;3;2;1;1;3;0;0;0;0;0;UMUARAMA;REGIÃO OESTE;38;5
0.4059876641394058;2019-01-31;19;24;27;30;828;36;4;19;26;675;36;0;36;981;29;135;4;5;5;4;4;4;5;0;0;0;0;1;0;0;0;0;0;0;0;0;0;0;0;0;0;0;0;1;0;0;0;0;0;0;0;0;0;0;0;0;0;0;0;0;0;0;0;0;0;0;0;0;0;0;0;1;0;0;3;0;1;1;3;0;31;0;0;0;UMUARAMA;REGIÃO OESTE;39;3
0.5234787833801672;2019-02-28;16;21;25;30;702;36;7;16;24;556;36;0;36;848;71;203;4;4;4;4;4;4;4;0;0;0;1;0;0;0;0;0;0;0;0;0;0;0;0;0;0;0;0;1;0;0;0;0;0;0;0;0;0;0;0;0;0;0;0;0;0;0;0;0;0;0;0;0;0;0;0;1;0;0;3;0;1;1;4;0;0;0;0;0;UMUARAMA;REGIÃO OESTE;40;4
0.8147676864075781;2019-03-31;16;21;25;27;760;32;4;16;22;600;32;0;32;921;20;121;5;4;4;4;5;5;4;0;0;0;0;0;0;0;0;1;0;0;0;0;0;0;0;0;0;0;0;1;0;0;0;0;0;0;0;0;0;0;0;0;0;0;0;0;0;0;0;0;0;0;0;0;0;0;0;1;0;0;3;0;1;1;4;0;0;3;0;0;UMUARAMA;REGIÃO OESTE;41;6
0.7560574730926248;2019-04-30;14;21;23;26;701;31;1;14;22;548;31;0;31;854;6;29;4;4;4;5;4;4;5;1;0;0;0;0;0;0;0;0;0;0;0;0;0;0;0;0;0;0;0;1;0;0;0;0;0;0;0;0;0;0;0;0;0;0;0;0;0;0;0;0;0;0;0;0;0;0;0;1;0;0;3;0;1;1;4;0;0;1;0;0;UMUARAMA;REGIÃO OESTE;42;6
0.5191665341180213;2019-05-31;9;14;21;26;638;31;3;9;21;498;31;0;31;778;51;99;4;5;5;4;5;4;4;0;0;0;0;0;0;0;1;0;0;0;0;0;0;0;0;0;0;0;0;1;0;0;0;0;0;0;0;0;0;0;0;0;0;0;0;0;0;0;0;0;0;0;0;0;0;0;0;1;0;0;3;0;1;1;4;0;0;0;0;0;UMUARAMA;REGIÃO OESTE;43;4
0.24813106410052488;2019-06-30;7;13;19;23;581;29;3;7;18;410;29;0;29;753;61;79;5;4;4;4;4;5;4;0;0;0;0;0;0;1;0;0;0;0;0;0;0;0;0;0;0;0;0;1;0;0;0;0;0;0;0;0;0;0;0;0;0;0;0;0;0;0;0;0;0;0;0;0;0;0;0;1;0;0;3;0;1;1;4;0;0;1;0;0;UMUARAMA;REGIÃO OESTE;44;1
0.1933089443825884;2019-07-31;0;8;18;23;552;30;2;0;17;360;30;0;30;744;26;50;4;5;4;5;4;4;5;0;0;0;0;0;1;0;0;0;0;0;0;0;0;0;0;0;0;0;0;1;0;0;0;0;0;0;0;0;0;0;0;0;0;0;0;0;0;0;0;0;0;0;0;0;0;0;0;1;0;0;3;0;1;1;4;0;16;0;0;0;UMUARAMA;REGIÃO OESTE;45;1
0.2893448562289026;2019-08-31;5;12;19;24;600;32;0;5;18;386;32;0;32;815;2;4;4;4;5;4;5;5;4;0;1;0;0;0;0;0;0;0;0;0;0;0;0;0;0;0;0;0;0;1;0;0;0;0;0;0;0;0;0;0;0;0;0;0;0;0;0;0;0;0;0;0;0;0;0;0;0;1;0;0;3;0;1;1;4;0;0;0;0;0;UMUARAMA;REGIÃO OESTE;46;2
0.45957266316738243;2019-09-30;12;17;23;29;687;36;3;12;22;503;36;0;36;871;44;89;5;4;4;5;4;4;4;0;0;0;0;0;0;0;0;0;0;0;1;0;0;0;0;0;0;0;0;1;0;0;0;0;0;0;0;0;0;0;0;0;0;0;0;0;0;0;0;0;0;0;0;0;0;0;0;1;0;0;3;0;1;1;4;0;0;0;0;0;UMUARAMA;REGIÃO OESTE;47;4
0.700457734655285;2019-10-31;14;19;25;30;782;38;4;14;23;574;38;0;38;990;25;114;4;5;5;4;4;4;5;0;0;0;0;0;0;0;0;0;0;1;0;0;0;0;0;0;0;0;0;1;0;0;0;0;0;0;0;0;0;0;0;0;0;0;0;0;0;0;0;0;0;0;0;0;0;0;0;1;0;0;3;0;1;1;4;0;0;0;0;0;UMUARAMA;REGIÃO OESTE;48;5
0.7993213509357935;2019-11-30;14;22;25;30;743;37;3;14;24;550;37;0;37;937;24;97;4;4;4;4;5;5;4;0;0;0;0;0;0;0;0;0;1;0;0;0;0;0;0;0;0;0;0;1;0;0;0;0;0;0;0;0;0;0;0;0;0;0;0;0;0;0;0;0;0;0;0;0;0;0;0;1;0;0;3;0;1;1;4;0;0;0;0;0;UMUARAMA;REGIÃO OESTE;49;6
0.4538465616881395;2019-12-31;16;20;24;28;741;34;10;16;22;587;34;0;34;896;51;308;5;4;4;5;4;4;5;0;0;1;0;0;0;0;0;0;0;0;0;0;0;0;0;0;0;0;0;1;0;0;0;0;0;0;0;0;0;0;0;0;0;0;0;0;0;0;0;0;0;0;0;0;0;0;0;1;0;0;3;0;1;1;4;0;0;0;0;0;UMUARAMA;REGIÃO OESTE;50;4
0.3055334641146634;2020-01-31;17;20;25;28;768;33;5;17;23;632;33;0;33;904;47;152;4;5;5;4;5;4;4;0;0;0;0;1;0;0;0;0;0;0;0;0;0;0;0;0;0;0;0;0;1;0;0;0;0;0;0;0;0;0;0;0;0;0;0;0;0;0;0;0;0;0;0;0;0;0;0;1;0;0;3;0;1;1;4;0;31;0;0;0;UMUARAMA;REGIÃO OESTE;51;2
0.5807751444780234;2020-02-29;15;22;24;28;705;34;3;15;22;565;34;0;34;845;24;83;4;4;4;4;4;5;4;0;0;0;1;0;0;0;0;0;0;0;0;0;0;0;0;0;0;0;0;0;1;0;0;0;0;0;0;0;0;0;0;0;0;0;0;0;0;0;0;0;0;0;0;0;0;0;0;1;0;0;3;0;1;1;4;0;0;3;0;0;UMUARAMA;REGIÃO OESTE;52;5
0.46784369863739994;2020-03-31;15;22;24;28;743;35;2;15;22;554;35;0;35;931;23;62;5;4;4;5;4;4;5;0;0;0;0;0;0;0;0;1;0;0;0;0;0;0;0;0;0;0;0;0;1;0;0;0;0;0;0;0;0;0;0;0;0;0;0;0;0;0;0;0;0;0;0;0;0;0;0;1;0;0;3;0;1;1;4;0;0;0;15;0;UMUARAMA;REGIÃO OESTE;53;4
0.11134086209638938;2020-04-30;10;17;22;26;657;32;2;10;21;472;32;0;32;842;25;50;4;5;5;4;4;4;4;1;0;0;0;0;0;0;0;0;0;0;0;0;0;0;0;0;0;0;0;0;1;0;0;0;0;0;0;0;0;0;0;0;0;0;0;0;0;0;0;0;0;0;0;0;0;0;0;1;0;0;3;0;1;1;4;0;0;1;30;0;UMUARAMA;REGIÃO OESTE;54;1
0.029266740893908072;2020-05-31;7;13;19;25;586;31;2;7;19;401;31;0;31;771;57;70;5;4;4;4;5;5;4;0;0;0;0;0;0;0;1;0;0;0;0;0;0;0;0;0;0;0;0;0;1;0;0;0;0;0;0;0;0;0;0;0;0;0;0;0;0;0;0;0;0;0;0;0;0;0;0;1;0;0;3;0;1;1;4;0;0;0;31;0;UMUARAMA;REGIÃO OESTE;55;0
0.0006362334976936501;2020-06-30;10;15;19;23;574;29;6;10;19;431;29;0;29;716;84;168;4;4;4;5;4;4;5;0;0;0;0;0;0;1;0;0;0;0;0;0;0;0;0;0;0;0;0;0;1;0;0;0;0;0;0;0;0;0;0;0;0;0;0;0;0;0;0;0;0;0;0;0;0;0;0;1;0;0;3;0;1;1;4;0;0;1;30;0;UMUARAMA;REGIÃO OESTE;56;0
0.013148825619002158;2020-07-31;5;11;18;22;559;29;1;5;17;379;29;0;29;739;13;17;4;5;5;4;5;4;4;0;0;0;0;0;1;0;0;0;0;0;0;0;0;0;0;0;0;0;0;0;1;0;0;0;0;0;0;0;0;0;0;0;0;0;0;0;0;0;0;0;0;0;0;0;0;0;0;1;0;0;3;0;1;1;4;0;0;0;31;0;UMUARAMA;REGIÃO OESTE;57;0
0.010321121184808157;2020-08-31;4;11;18;24;572;34;6;4;17;384;34;0;34;760;48;183;5;4;4;5;4;5;4;0;1;0;0;0;0;0;0;0;0;0;0;0;0;0;0;0;0;0;0;0;1;0;0;0;0;0;0;0;0;0;0;0;0;0;0;0;0;0;0;0;0;0;0;0;0;0;0;1;0;0;3;0;1;1;4;0;0;0;31;0;UMUARAMA;REGIÃO OESTE;58;0
0.06786490642065635;2020-09-30;12;17;24;28;722;37;1;12;20;512;37;0;37;931;23;39;4;5;4;4;4;4;5;0;0;0;0;0;0;0;0;0;0;0;1;0;0;0;0;0;0;0;0;0;1;0;0;0;0;0;0;0;0;0;0;0;0;0;0;0;0;0;0;0;0;0;0;0;0;0;0;1;0;0;3;0;1;1;4;0;0;0;30;0;UMUARAMA;REGIÃO OESTE;59;0
0.11003304879557463;2020-10-31;12;19;24;31;749;39;1;12;23;544;39;0;39;953;8;30;4;4;5;4;5;5;4;0;0;0;0;0;0;0;0;0;0;1;0;0;0;0;0;0;0;0;0;0;1;0;0;0;0;0;0;0;0;0;0;0;0;0;0;0;0;0;0;0;0;0;0;0;0;0;0;1;0;0;3;0;1;1;4;0;0;0;31;0;UMUARAMA;REGIÃO OESTE;60;1
0.05089867981549229;2020-11-30;11;19;24;28;720;36;2;11;22;505;36;0;36;935;17;67;5;4;4;5;4;4;4;0;0;0;0;0;0;0;0;0;1;0;0;0;0;0;0;0;0;0;0;0;1;0;0;0;0;0;0;0;0;0;0;0;0;0;0;0;0;0;0;0;0;0;0;0;0;0;0;1;0;0;3;0;1;1;4;0;0;0;30;0;UMUARAMA;REGIÃO OESTE;61;0
0.09907569411307282;2020-12-31;16;21;24;26;754;33;7;16;21;593;33;0;33;914;50;215;4;5;5;4;4;4;5;0;0;1;0;0;0;0;0;0;0;0;0;0;0;0;0;0;0;0;0;0;1;0;0;0;0;0;0;0;0;0;0;0;0;0;0;0;0;0;0;0;0;0;0;0;0;0;0;1;0;0;3;0;1;1;4;0;0;0;31;0;UMUARAMA;REGIÃO OESTE;62;0
0.10455437145432372;2021-01-31;17;22;24;28;755;33;7;17;22;629;33;0;33;881;53;227;5;4;4;4;5;5;4;0;0;0;0;1;0;0;0;0;0;0;0;1;0;0;0;0;0;0;0;0;0;0;0;0;0;0;0;0;0;0;0;0;0;0;0;0;0;0;0;0;0;0;0;0;0;0;0;1;0;0;3;0;1;1;4;0;0;0;31;0;UMUARAMA;REGIÃO OESTE;63;0
0.05280738030857324;2021-02-28;17;22;24;27;681;33;4;17;22;527;33;0;33;835;70;113;4;4;4;4;4;4;4;0;0;0;1;0;0;0;0;0;0;0;0;1;0;0;0;0;0;0;0;0;0;0;0;0;0;0;0;0;0;0;0;0;0;0;0;0;0;0;0;0;0;0;0;0;0;0;0;1;0;0;3;0;1;1;4;0;0;3;28;0;UMUARAMA;REGIÃO OESTE;64;0
0.0716823074068183;2021-03-31;15;21;25;28;776;34;5;15;22;610;34;0;34;943;31;153;4;5;4;5;4;4;5;0;0;0;0;0;0;0;0;1;0;0;0;1;0;0;0;0;0;0;0;0;0;0;0;0;0;0;0;0;0;0;0;0;0;0;0;0;0;0;0;0;0;0;0;0;0;0;0;1;0;0;3;0;1;1;4;0;0;0;31;0;UMUARAMA;REGIÃO OESTE;65;0
0.07104607390912465;2021-04-30;13;19;22;26;656;32;0;13;21;476;32;0;32;836;2;6;4;4;5;4;5;4;4;1;0;0;0;0;0;0;0;0;0;0;0;1;0;0;0;0;0;0;0;0;0;0;0;0;0;0;0;0;0;0;0;0;0;0;0;0;0;0;0;0;0;0;0;0;0;0;0;1;0;0;3;0;1;1;4;0;0;1;30;0;UMUARAMA;REGIÃO OESTE;66;0
0.09030981036707136;2021-05-31;7;15;20;24;610;30;4;7;20;431;30;0;30;789;61;133;5;4;4;5;4;5;4;0;0;0;0;0;0;0;1;0;0;0;0;1;0;0;0;0;0;0;0;0;0;0;0;0;0;0;0;0;0;0;0;0;0;0;0;0;0;0;0;0;0;0;0;0;0;0;0;1;0;0;3;0;1;1;4;0;0;0;31;0;UMUARAMA;REGIÃO OESTE;67;0
0.05195906897831504;2021-06-30;2;6;17;22;516;28;3;2;16;380;28;0;28;652;28;76;4;5;4;4;4;4;5;0;0;0;0;0;0;1;0;0;0;0;0;1;0;0;0;0;0;0;0;0;0;0;0;0;0;0;0;0;0;0;0;0;0;0;0;0;0;0;0;0;0;0;0;0;0;0;0;1;0;0;3;0;1;1;4;0;0;1;30;0;UMUARAMA;REGIÃO OESTE;68;0
0.05195906897831504;2021-07-31;1;7;16;21;499;29;2;1;16;287;29;0;29;710;27;49;4;4;5;4;5;5;4;0;0;0;0;0;1;0;0;0;0;0;0;1;0;0;0;0;0;0;0;0;0;0;0;0;0;0;0;0;0;0;0;0;0;0;0;0;0;0;0;0;0;0;0;0;0;0;0;1;0;0;3;0;1;1;4;0;0;0;31;0;UMUARAMA;REGIÃO OESTE;69;0
0.08373539755757026;2021-08-31;8;15;21;27;646;35;3;8;19;444;35;0;35;849;83;102;5;4;4;5;4;4;5;0;1;0;0;0;0;0;0;0;0;0;0;1;0;0;0;0;0;0;0;0;0;0;0;0;0;0;0;0;0;0;0;0;0;0;0;0;0;0;0;0;0;0;0;0;0;0;0;1;0;0;3;0;1;1;4;0;0;0;31;0;UMUARAMA;REGIÃO OESTE;70;0
0.1420921478182493;2021-09-30;11;19;24;30;729;37;4;11;24;524;37;0;37;934;44;105;4;5;5;4;4;4;4;0;0;0;0;0;0;0;0;0;0;0;1;1;0;0;0;0;0;0;0;0;0;0;0;0;0;0;0;0;0;0;0;0;0;0;0;0;0;0;0;0;0;0;0;0;0;0;0;1;0;0;3;0;1;1;4;0;0;0;30;0;UMUARAMA;REGIÃO OESTE;71;1
0.13085202269232804;2021-10-31;11;17;21;26;647;32;14;11;20;497;32;0;32;797;103;447;5;4;4;4;5;5;4;0;0;0;0;0;0;0;0;0;0;1;0;1;0;0;0;0;0;0;0;0;0;0;0;0;0;0;0;0;0;0;0;0;0;0;0;0;0;0;0;0;0;0;0;0;0;0;0;1;0;0;3;0;1;1;4;0;0;0;0;0;UMUARAMA;REGIÃO OESTE;72;1
0.5111075764805684;2021-11-30;13;20;24;27;731;34;2;13;22;534;34;0;34;927;18;47;4;4;4;5;4;4;5;0;0;0;0;0;0;0;0;0;1;0;0;1;0;0;0;0;0;0;0;0;0;0;0;0;0;0;0;0;0;0;0;0;0;0;0;0;0;0;0;0;0;0;0;0;0;0;0;1;0;0;3;0;1;1;4;0;0;0;0;0;UMUARAMA;REGIÃO OESTE;73;4
0.6907728469681707;2021-12-31;14;21;25;29;777;37;3;14;22;573;37;0;37;980;66;102;4;5;5;4;5;4;4;0;0;1;0;0;0;0;0;0;0;0;0;1;0;0;0;0;0;0;0;0;0;0;0;0;0;0;0;0;0;0;0;0;0;0;0;0;0;0;0;0;0;0;0;0;0;0;0;1;0;0;3;0;1;1;4;0;0;0;0;0;UMUARAMA;REGIÃO OESTE;74;5
0.675432550412668;2022-01-31;17;21;25;29;771;35;6;17;23;614;35;0;35;929;39;181;5;4;4;5;4;5;4;0;0;0;0;1;0;0;0;0;0;0;0;0;1;0;0;0;0;0;0;0;0;0;0;0;0;0;0;0;0;0;0;0;0;0;0;0;0;0;0;0;0;0;0;0;0;0;0;1;0;0;3;0;1;1;4;0;31;0;0;0;UMUARAMA;REGIÃO OESTE;75;5
0.5664598907799162;2022-02-28;17;24;26;30;726;37;5;17;23;553;37;0;37;898;28;132;4;4;4;4;4;4;4;0;0;0;1;0;0;0;0;0;0;0;0;0;1;0;0;0;0;0;0;0;0;0;0;0;0;0;0;0;0;0;0;0;0;0;0;0;0;0;0;0;0;0;0;0;0;0;0;1;0;0;3;0;1;1;4;0;0;1;0;0;UMUARAMA;REGIÃO OESTE;76;5
0.8211653676899422;2022-03-31;17;21;25;29;781;35;12;17;23;621;35;0;35;941;68;357;4;5;5;4;4;4;5;0;0;0;0;0;0;0;0;1;0;0;0;0;1;0;0;0;0;0;0;0;0;0;0;0;0;0;0;0;0;0;0;0;0;0;0;0;0;0;0;0;0;0;0;0;0;0;0;1;0;0;3;0;1;1;4;0;0;1;0;0;UMUARAMA;REGIÃO OESTE;77;6
0.53867769471396;2022-04-30;12;17;22;26;668;31;4;12;20;510;31;0;31;826;41;132;4;4;4;4;5;5;4;1;0;0;0;0;0;0;0;0;0;0;0;0;1;0;0;0;0;0;0;0;0;0;0;0;0;0;0;0;0;0;0;0;0;0;0;0;0;0;0;0;0;0;0;0;0;0;0;1;0;0;3;0;1;1;4;0;0;1;0;0;UMUARAMA;REGIÃO OESTE;78;5
0.3916370641358712;2022-05-31;5;9;18;24;550;30;2;5;19;381;30;0;30;719;27;67;5;4;4;5;4;4;5;0;0;0;0;0;0;0;1;0;0;0;0;0;1;0;0;0;0;0;0;0;0;0;0;0;0;0;0;0;0;0;0;0;0;0;0;0;0;0;0;0;0;0;0;0;0;0;0;1;0;0;3;0;1;1;4;0;0;0;0;0;UMUARAMA;REGIÃO OESTE;79;3
0.32766025131223153;2022-06-30;5;12;18;22;530;28;2;5;16;364;28;0;28;696;16;57;4;5;5;4;4;4;4;0;0;0;0;0;0;1;0;0;0;0;0;0;1;0;0;0;0;0;0;0;0;0;0;0;0;0;0;0;0;0;0;0;0;0;0;0;0;0;0;0;0;0;0;0;0;0;0;1;0;0;3;0;1;1;4;0;0;1;0;0;UMUARAMA;REGIÃO OESTE;80;2
0.24371277592209672;2022-07-31;6;14;20;23;618;30;0;6;17;416;30;0;30;820;7;12;5;4;4;4;5;5;4;0;0;0;0;0;1;0;0;0;0;0;0;0;1;0;0;0;0;0;0;0;0;0;0;0;0;0;0;0;0;0;0;0;0;0;0;0;0;0;0;0;0;0;0;0;0;0;0;1;0;0;3;0;1;1;4;0;0;0;0;0;UMUARAMA;REGIÃO OESTE;81;1
0.39492427054062174;2022-08-31;4;12;18;24;563;32;7;4;18;368;32;0;32;759;64;215;4;5;4;5;4;4;5;0;1;0;0;0;0;0;0;0;0;0;0;0;1;0;0;0;0;0;0;0;0;0;0;0;0;0;0;0;0;0;0;0;0;0;0;0;0;0;0;0;0;0;0;0;0;0;0;1;0;0;3;0;1;1;4;0;0;0;0;0;UMUARAMA;REGIÃO OESTE;82;3
0.37325698531361007;2022-09-30;6;14;18;26;542;34;5;6;20;387;34;0;34;696;40;163;4;4;5;4;5;4;4;0;0;0;0;0;0;0;0;0;0;0;1;0;1;0;0;0;0;0;0;0;0;0;0;0;0;0;0;0;0;0;0;0;0;0;0;0;0;0;0;0;0;0;0;0;0;0;0;1;0;0;3;0;1;1;4;0;0;0;0;0;UMUARAMA;REGIÃO OESTE;83;3
0.45957266316738243;2022-10-31;-8;10;21;26;663;33;10;-8;20;473;33;0;33;852;79;314;5;4;4;5;4;5;4;0;0;0;0;0;0;0;0;0;0;1;0;0;1;0;0;0;0;0;0;0;0;0;0;0;0;0;0;0;0;0;0;0;0;0;0;0;0;0;0;0;0;0;0;0;0;0;0;1;0;0;3;0;1;1;4;0;0;0;0;0;UMUARAMA;REGIÃO OESTE;84;4
0.5916971528550977;2022-11-30;9;14;21;24;632;33;1;9;18;435;33;0;33;829;5;28;4;5;4;4;4;4;5;0;0;0;0;0;0;0;0;0;1;0;0;0;1;0;0;0;0;0;0;0;0;0;0;0;0;0;0;0;0;0;0;0;0;0;0;0;0;0;0;0;0;0;0;0;0;0;0;1;0;0;3;0;1;1;4;0;0;0;0;0;UMUARAMA;REGIÃO OESTE;85;5
0.4869660498736369;2022-12-31;-20;6;23;27;720;34;5;-20;23;532;34;0;34;908;29;145;4;4;5;4;5;5;4;0;0;1;0;0;0;0;0;0;0;0;0;0;1;0;0;0;0;0;0;0;0;0;0;0;0;0;0;0;0;0;0;0;0;0;0;0;0;0;0;0;0;0;0;0;0;0;0;1;0;0;3;0;1;1;4;0;0;0;0;0;UMUARAMA;REGIÃO OESTE;86;4
0.28096778184260285;2023-01-31;15;20;24;26;737;32;7;15;20;584;32;0;32;890;38;231;5;4;4;5;4;4;5;0;0;0;0;1;0;0;0;0;0;0;0;0;0;1;0;0;0;0;0;0;0;0;0;0;0;0;0;0;0;0;0;0;0;0;0;0;0;0;0;0;0;0;0;0;0;0;0;1;0;0;3;0;1;1;4;0;31;0;0;0;UMUARAMA;REGIÃO OESTE;87;2
0.5723980700917236;2023-02-28;15;20;23;26;655;34;14;15;20;524;34;0;34;786;68;380;4;4;4;4;4;4;4;0;0;0;1;0;0;0;0;0;0;0;0;0;0;1;0;0;0;0;0;0;0;0;0;0;0;0;0;0;0;0;0;0;0;0;0;0;0;0;0;0;0;0;0;0;0;0;0;1;0;0;3;0;1;1;4;0;0;3;0;0;UMUARAMA;REGIÃO OESTE;88;5
1.0;2023-03-31;17;22;25;27;772;33;9;17;21;596;33;0;33;948;48;288;4;5;5;4;5;4;4;0;0;0;0;0;0;0;0;1;0;0;0;0;0;1;0;0;0;0;0;0;0;0;0;0;0;0;0;0;0;0;0;0;0;0;0;0;0;0;0;0;0;0;0;0;0;0;0;1;0;0;3;0;1;1;4;0;0;0;0;0;UMUARAMA;REGIÃO OESTE;89;6
0.5270134139229097;2023-04-30;10;17;22;27;647;34;6;10;20;489;34;0;34;805;78;168;5;4;4;4;4;5;4;1;0;0;0;0;0;0;0;0;0;0;0;0;0;1;0;0;0;0;0;0;0;0;0;0;0;0;0;0;0;0;0;0;0;0;0;0;0;0;0;0;0;0;0;0;0;0;0;1;0;0;3;0;1;1;4;0;0;1;0;0;UMUARAMA;REGIÃO OESTE;90;5
0.5264125267306434;2023-05-31;10;16;20;24;615;29;3;10;20;435;29;0;29;795;30;91;4;5;4;5;4;4;5;0;0;0;0;0;0;0;1;0;0;0;0;0;0;1;0;0;0;0;0;0;0;0;0;0;0;0;0;0;0;0;0;0;0;0;0;0;0;0;0;0;0;0;0;0;0;0;0;1;0;0;3;0;1;1;4;0;0;0;0;0;UMUARAMA;REGIÃO OESTE;91;4
0.35523036954562326;2023-06-30;6;11;18;22;533;32;4;6;16;353;32;0;32;713;62;116;4;4;5;4;5;4;4;0;0;0;0;0;0;1;0;0;0;0;0;0;0;1;0;0;0;0;0;0;0;0;0;0;0;0;0;0;0;0;0;0;0;0;0;0;0;0;0;0;0;0;0;0;0;0;0;1;0;0;3;0;1;1;4;0;0;1;0;0;UMUARAMA;REGIÃO OESTE;92;3
0.24590424685859713;2023-07-31;6;12;18;22;561;28;1;6;16;393;28;0;28;729;13;44;5;4;4;5;4;5;4;0;0;0;0;0;1;0;0;0;0;0;0;0;0;1;0;0;0;0;0;0;0;0;0;0;0;0;0;0;0;0;0;0;0;0;0;0;0;0;0;0;0;0;0;0;0;0;0;1;0;0;3;0;1;1;4;0;15;0;0;0;UMUARAMA;REGIÃO OESTE;93;1
0.5614760617146493;2023-08-31;8;14;20;27;633;34;2;8;20;425;34;0;34;840;14;69;4;5;5;4;4;4;5;0;1;0;0;0;0;0;0;0;0;0;0;0;0;1;0;0;0;0;0;0;0;0;0;0;0;0;0;0;0;0;0;0;0;0;0;0;0;0;0;0;0;0;0;0;0;0;0;1;0;0;3;0;1;1;4;0;0;0;0;0;UMUARAMA;REGIÃO OESTE;94;5
0.7645405863952071;2023-09-30;8;17;24;30;723;38;4;8;25;518;38;0;38;926;63;133;4;4;4;4;5;5;4;0;0;0;0;0;0;0;0;0;0;0;1;0;0;1;0;0;0;0;0;0;0;0;0;0;0;0;0;0;0;0;0;0;0;0;0;0;0;0;0;0;0;0;0;0;0;0;0;1;0;0;3;0;1;1;4;0;0;0;0;0;UMUARAMA;REGIÃO OESTE;95;6
0.8803350829754519;2023-10-31;14;20;24;29;741;35;15;14;23;560;35;0;35;922;93;477;5;4;4;5;4;4;5;0;0;0;0;0;0;0;0;0;0;1;0;0;0;1;0;0;0;0;0;0;0;0;0;0;0;0;0;0;0;0;0;0;0;0;0;0;0;0;0;0;0;0;0;0;0;0;0;1;0;0;3;0;1;1;4;0;0;0;0;0;UMUARAMA;REGIÃO OESTE;96;6
0.9713164731456443;2023-11-30;11;17;24;30;728;37;7;11;25;548;37;0;37;909;69;217;4;5;5;4;4;4;4;0;0;0;0;0;0;0;0;0;1;0;0;0;0;1;0;0;0;0;0;0;0;0;0;0;0;0;0;0;0;0;0;0;0;0;0;0;0;0;0;0;0;0;0;0;0;0;0;1;0;0;3;0;1;1;4;0;0;0;0;0;UMUARAMA;REGIÃO OESTE;97;6
0.7532297686584308;2023-12-31;16;21;26;28;801;36;4;16;22;609;36;0;36;994;40;122;5;4;4;4;5;5;4;0;0;1;0;0;0;0;0;0;0;0;0;0;0;1;0;0;0;0;0;0;0;0;0;0;0;0;0;0;0;0;0;0;0;0;0;0;0;0;0;0;0;0;0;0;0;0;0;1;0;0;3;0;1;1;4;0;0;0;0;0;UMUARAMA;REGIÃO OESTE;98;6
0.30507396214410687;2024-01-31;15;19;25;30;781;37;4;15;23;600;37;0;37;963;62;125;4;5;4;5;4;4;5;0;0;0;0;1;0;0;0;0;0;0;0;0;0;0;1;0;0;0;0;0;0;0;0;0;0;0;0;0;0;0;0;0;0;0;0;0;0;0;0;0;0;0;0;0;0;0;0;1;0;0;3;0;1;1;4;0;31;0;0;0;UMUARAMA;REGIÃO OESTE;99;2
0.9840411430995175;2024-02-29;18;22;26;29;759;35;6;18;23;591;35;0;35;926;47;175;4;4;5;4;4;4;4;0;0;0;1;0;0;0;0;0;0;0;0;0;0;0;1;0;0;0;0;0;0;0;0;0;0;0;0;0;0;0;0;0;0;0;0;0;0;0;0;0;0;0;0;0;0;0;0;1;0;0;3;0;1;1;4;0;0;3;0;0;UMUARAMA;REGIÃO OESTE;100;6
1.0;2024-03-31;17;20;26;30;806;36;3;17;24;625;36;0;36;986;18;81;5;4;4;4;5;5;4;0;0;0;0;0;0;0;0;1;0;0;0;0;0;0;1;0;0;0;0;0;0;0;0;0;0;0;0;0;0;0;0;0;0;0;0;0;0;0;0;0;0;0;0;0;0;0;0;1;0;0;3;0;1;1;4;0;0;1;0;0;UMUARAMA;REGIÃO OESTE;101;6
0.7889295371401304;2024-04-30;13;19;24;28;731;34;2;13;22;570;34;0;34;891;36;70;4;4;4;5;4;4;5;1;0;0;0;0;0;0;0;0;0;0;0;0;0;0;1;0;0;0;0;0;0;0;0;0;0;0;0;0;0;0;0;0;0;0;0;0;0;0;0;0;0;0;0;0;0;0;0;1;0;0;3;0;1;1;4;0;0;0;0;0;UMUARAMA;REGIÃO OESTE;102;6
0.16262835127158332;2024-05-31;5;13;22;27;670;33;1;5;21;505;33;0;33;836;32;36;4;5;5;4;5;4;4;0;0;0;0;0;0;0;1;0;0;0;0;0;0;0;1;0;0;0;0;0;0;0;0;0;0;0;0;0;0;0;0;0;0;0;0;0;0;0;0;0;0;0;0;0;0;0;0;1;0;0;3;0;1;1;4;0;0;1;0;30;UMUARAMA;REGIÃO OESTE;103;1
0.0;2024-06-30;10;16;21;24;635;31;0;10;18;441;31;0;31;829;2;2;5;4;4;4;4;5;4;0;0;0;0;0;0;1;0;0;0;0;0;0;0;0;1;0;0;0;0;0;0;0;0;0;0;0;0;0;0;0;0;0;0;0;0;0;0;0;0;0;0;0;0;0;0;0;0;1;0;0;3;0;1;1;4;0;0;0;0;30;UMUARAMA;REGIÃO OESTE;104;0
0.1615326158033331;2024-07-31;5;13;17;22;526;29;2;5;16;354;29;0;29;699;26;72;4;5;4;5;4;4;5;0;0;0;0;0;1;0;0;0;0;0;0;0;0;0;1;0;0;0;0;0;0;0;0;0;0;0;0;0;0;0;0;0;0;0;0;0;0;0;0;0;0;0;0;0;0;0;0;1;0;0;3;0;1;1;4;0;12;0;0;0;UMUARAMA;REGIÃO OESTE;105;1
0.4354664828658784;2024-08-31;1;10;19;25;585;35;2;1;18;337;35;0;35;832;35;60;4;4;5;4;5;5;4;0;1;0;0;0;0;0;0;0;0;0;0;0;0;0;1;0;0;0;0;0;0;0;0;0;0;0;0;0;0;0;0;0;0;0;0;0;0;0;0;0;0;0;0;0;0;0;0;1;0;0;3;0;1;1;4;0;0;0;0;0;UMUARAMA;REGIÃO OESTE;106;3
0.7157626849053602;2024-09-30;13;16;23;27;696;38;1;13;19;470;38;0;38;921;16;44;5;4;4;5;4;4;4;0;0;0;0;0;0;0;0;0;0;0;1;0;0;0;1;0;0;0;0;0;0;0;0;0;0;0;0;0;0;0;0;0;0;0;0;0;0;0;0;0;0;0;0;0;0;0;0;1;0;0;3;0;1;1;4;0;0;0;0;0;UMUARAMA;REGIÃO OESTE;107;6
0.8989625859357051;2024-10-31;13;17;22;28;696;36;5;13;22;537;36;0;36;855;60;140;4;5;5;4;4;4;5;0;0;0;0;0;0;0;0;0;0;1;0;0;0;0;1;0;0;0;0;0;0;0;0;0;0;0;0;0;0;0;0;0;0;0;0;0;0;0;0;0;0;0;0;0;0;0;0;1;0;0;3;0;1;1;4;0;0;0;0;0;UMUARAMA;REGIÃO OESTE;108;6
0.1407226872946911;2017-10-31;5;14;19;24;575;32;11;5;17;401;32;0;32;750;62;344;5;4;4;5;4;4;5;0;0;0;0;0;0;0;0;0;0;1;0;0;0;0;0;0;0;1;0;0;0;0;0;0;0;0;0;0;0;0;0;0;0;0;0;0;0;0;0;0;0;0;0;0;0;0;0;0;1;0;2;0;0;0;0;0;0;0;0;0;UNIÃO DA VITÓRIA;REGIÃO SUL;1;1
0.13606018861926458;2017-11-30;8;16;20;23;588;32;6;8;17;404;32;0;32;771;48;178;4;5;5;4;4;4;4;0;0;0;0;0;0;0;0;0;1;0;0;0;0;0;0;0;0;1;0;0;0;0;0;0;0;0;0;0;0;0;0;0;0;0;0;0;0;0;0;0;0;0;0;0;0;0;0;0;1;0;2;0;0;0;0;0;0;0;0;0;UNIÃO DA VITÓRIA;REGIÃO SUL;2;1
0.0790505457242768;2017-12-31;14;18;22;25;687;32;3;14;20;526;32;0;32;848;17;85;5;4;4;4;5;5;4;0;0;1;0;0;0;0;0;0;0;0;0;0;0;0;0;0;0;1;0;0;0;0;0;0;0;0;0;0;0;0;0;0;0;0;0;0;0;0;0;0;0;0;0;0;0;0;0;0;1;0;2;0;0;0;0;0;0;0;0;0;UNIÃO DA VITÓRIA;REGIÃO SUL;3;1
0.0545724276782876;2018-01-31;14;19;22;25;689;31;4;14;19;533;31;0;31;845;18;109;4;5;4;5;4;4;5;0;0;0;0;1;0;0;0;0;0;0;0;0;0;0;0;0;0;0;1;0;0;0;0;0;0;0;0;0;0;0;0;0;0;0;0;0;0;0;0;0;0;0;0;0;0;0;0;0;1;0;2;0;0;0;0;0;31;0;0;0;UNIÃO DA VITÓRIA;REGIÃO SUL;4;1
0.09600508636219138;2018-02-28;13;17;21;24;586;30;1;13;19;432;30;0;30;740;4;22;4;4;4;4;4;4;4;0;0;0;1;0;0;0;0;0;0;0;0;0;0;0;0;0;0;0;1;0;0;0;0;0;0;0;0;0;0;0;0;0;0;0;0;0;0;0;0;0;0;0;0;0;0;0;0;0;1;0;2;0;0;0;0;0;0;3;0;0;UNIÃO DA VITÓRIA;REGIÃO SUL;5;1
0.18353290240542544;2018-03-31;15;18;22;25;697;31;6;15;19;539;31;0;31;855;83;199;4;4;5;4;5;5;4;0;0;0;0;0;0;0;0;1;0;0;0;0;0;0;0;0;0;0;1;0;0;0;0;0;0;0;0;0;0;0;0;0;0;0;0;0;0;0;0;0;0;0;0;0;0;0;0;0;1;0;2;0;0;0;0;0;0;1;0;0;UNIÃO DA VITÓRIA;REGIÃO SUL;6;2
0.19582494436791356;2018-04-30;10;17;20;22;593;28;0;10;18;406;28;0;28;780;6;12;5;4;4;5;4;4;4;1;0;0;0;0;0;0;0;0;0;0;0;0;0;0;0;0;0;0;1;0;0;0;0;0;0;0;0;0;0;0;0;0;0;0;0;0;0;0;0;0;0;0;0;0;0;0;0;0;1;0;2;0;0;0;0;0;0;0;0;0;UNIÃO DA VITÓRIA;REGIÃO SUL;7;2
0.20663346402458407;2018-05-31;1;10;16;21;506;28;4;1;17;322;28;0;28;690;95;131;4;5;5;4;4;4;5;0;0;0;0;0;0;0;1;0;0;0;0;0;0;0;0;0;0;0;1;0;0;0;0;0;0;0;0;0;0;0;0;0;0;0;0;0;0;0;0;0;0;0;0;0;0;0;0;0;1;0;2;0;0;0;0;0;0;1;0;0;UNIÃO DA VITÓRIA;REGIÃO SUL;8;2
0.19264596799830455;2018-06-30;0;7;14;20;411;26;6;0;16;269;26;0;26;553;66;194;4;4;4;4;5;5;4;0;0;0;0;0;0;1;0;0;0;0;0;0;0;0;0;0;0;0;1;0;0;0;0;0;0;0;0;0;0;0;0;0;0;0;0;0;0;0;0;0;0;0;0;0;0;0;0;0;1;0;2;0;0;0;0;0;0;0;0;0;UNIÃO DA VITÓRIA;REGIÃO SUL;9;2
0.20483204408180564;2018-07-31;0;7;15;19;465;26;0;0;13;265;26;0;26;665;1;2;5;4;4;5;4;4;5;0;0;0;0;0;1;0;0;0;0;0;0;0;0;0;0;0;0;0;1;0;0;0;0;0;0;0;0;0;0;0;0;0;0;0;0;0;0;0;0;0;0;0;0;0;0;0;0;0;1;0;2;0;0;0;0;0;16;0;0;0;UNIÃO DA VITÓRIA;REGIÃO SUL;10;2
0.25082123556214897;2018-08-31;0;8;14;20;419;28;4;0;13;234;28;0;28;605;44;117;4;5;5;4;5;4;4;0;1;0;0;0;0;0;0;0;0;0;0;0;0;0;0;0;0;0;1;0;0;0;0;0;0;0;0;0;0;0;0;0;0;0;0;0;0;0;0;0;0;0;0;0;0;0;0;0;1;0;2;0;0;0;0;0;0;0;0;0;UNIÃO DA VITÓRIA;REGIÃO SUL;11;3
0.2880152590865741;2018-09-30;3;11;17;23;512;31;7;3;16;350;31;0;31;674;48;196;5;4;4;4;4;5;4;0;0;0;0;0;0;0;0;0;0;0;1;0;0;0;0;0;0;0;1;0;0;0;0;0;0;0;0;0;0;0;0;0;0;0;0;0;0;0;0;0;0;0;0;0;0;0;0;0;1;0;2;0;0;0;0;0;0;0;0;0;UNIÃO DA VITÓRIA;REGIÃO SUL;12;3
0.2535763484158101;2018-10-31;9;13;18;22;565;29;6;9;17;434;29;0;29;697;36;187;4;5;4;5;4;4;5;0;0;0;0;0;0;0;0;0;0;1;0;0;0;0;0;0;0;0;1;0;0;0;0;0;0;0;0;0;0;0;0;0;0;0;0;0;0;0;0;0;0;0;0;0;0;0;0;0;1;0;2;0;0;0;0;0;0;0;0;0;UNIÃO DA VITÓRIA;REGIÃO SUL;13;3
0.23524425135106494;2018-11-30;10;16;21;26;621;31;1;10;20;451;31;0;31;791;13;36;4;4;5;4;5;4;4;0;0;0;0;0;0;0;0;0;1;0;0;0;0;0;0;0;0;0;1;0;0;0;0;0;0;0;0;0;0;0;0;0;0;0;0;0;0;0;0;0;0;0;0;0;0;0;0;0;1;0;2;0;0;0;0;0;0;0;0;0;UNIÃO DA VITÓRIA;REGIÃO SUL;14;3
0.16255165836600613;2018-12-31;9;18;24;27;729;34;3;9;21;513;34;0;34;945;23;100;5;4;4;5;4;5;4;0;0;1;0;0;0;0;0;0;0;0;0;0;0;0;0;0;0;0;1;0;0;0;0;0;0;0;0;0;0;0;0;0;0;0;0;0;0;0;0;0;0;0;0;0;0;0;0;0;1;0;2;0;0;0;0;0;0;0;0;0;UNIÃO DA VITÓRIA;REGIÃO SUL;15;2
0.0981244039419307;2019-01-31;16;22;24;26;758;34;4;16;21;576;34;0;34;939;16;118;4;5;5;4;4;4;5;0;0;0;0;1;0;0;0;0;0;0;0;0;0;0;0;0;0;0;0;1;0;0;0;0;0;0;0;0;0;0;0;0;0;0;0;0;0;0;0;0;0;0;0;0;0;0;0;0;1;0;2;0;0;0;0;0;31;0;0;0;UNIÃO DA VITÓRIA;REGIÃO SUL;16;1
0.16000847727031894;2019-02-28;15;18;22;26;619;34;5;15;20;477;34;0;34;760;31;130;4;4;4;4;4;4;4;0;0;0;1;0;0;0;0;0;0;0;0;0;0;0;0;0;0;0;0;1;0;0;0;0;0;0;0;0;0;0;0;0;0;0;0;0;0;0;0;0;0;0;0;0;0;0;0;0;1;0;3;0;0;0;1;0;0;0;0;0;UNIÃO DA VITÓRIA;REGIÃO SUL;17;2
0.34778001483522314;2019-03-31;12;18;22;24;673;30;2;12;19;517;30;0;30;828;31;71;5;4;4;4;5;5;4;0;0;0;0;0;0;0;0;1;0;0;0;0;0;0;0;0;0;0;0;1;0;0;0;0;0;0;0;0;0;0;0;0;0;0;0;0;0;0;0;0;0;0;0;0;0;0;0;0;1;0;3;0;0;0;1;0;0;3;0;0;UNIÃO DA VITÓRIA;REGIÃO SUL;18;4
0.3643106919571898;2019-04-30;9;16;20;23;593;28;5;9;19;443;28;0;28;743;62;147;4;4;4;5;4;4;5;1;0;0;0;0;0;0;0;0;0;0;0;0;0;0;0;0;0;0;0;1;0;0;0;0;0;0;0;0;0;0;0;0;0;0;0;0;0;0;0;0;0;0;0;0;0;0;0;0;1;0;3;0;0;0;1;0;0;1;0;0;UNIÃO DA VITÓRIA;REGIÃO SUL;19;4
0.3932393769206316;2019-05-31;7;13;17;22;542;28;9;7;17;418;28;0;28;666;75;290;4;5;5;4;5;4;4;0;0;0;0;0;0;0;1;0;0;0;0;0;0;0;0;0;0;0;0;1;0;0;0;0;0;0;0;0;0;0;0;0;0;0;0;0;0;0;0;0;0;0;0;0;0;0;0;0;1;0;3;0;0;0;1;0;0;0;0;0;UNIÃO DA VITÓRIA;REGIÃO SUL;20;4
0.3242555897001166;2019-06-30;3;10;16;20;470;25;1;3;15;304;25;0;25;636;27;43;5;4;4;4;4;5;4;0;0;0;0;0;0;1;0;0;0;0;0;0;0;0;0;0;0;0;0;1;0;0;0;0;0;0;0;0;0;0;0;0;0;0;0;0;0;0;0;0;0;0;0;0;0;0;0;0;1;0;3;0;0;0;1;0;0;1;0;0;UNIÃO DA VITÓRIA;REGIÃO SUL;21;3
0.25929850588110626;2019-07-31;-4;4;14;18;422;25;1;-4;15;224;25;0;25;620;6;19;4;5;4;5;4;4;5;0;0;0;0;0;1;0;0;0;0;0;0;0;0;0;0;0;0;0;0;1;0;0;0;0;0;0;0;0;0;0;0;0;0;0;0;0;0;0;0;0;0;0;0;0;0;0;0;0;1;0;3;0;0;0;1;0;16;0;0;0;UNIÃO DA VITÓRIA;REGIÃO SUL;22;3
0.30783087845713686;2019-08-31;0;7;14;20;447;28;0;0;14;250;28;0;28;644;4;8;4;4;5;4;5;5;4;0;1;0;0;0;0;0;0;0;0;0;0;0;0;0;0;0;0;0;0;1;0;0;0;0;0;0;0;0;0;0;0;0;0;0;0;0;0;0;0;0;0;0;0;0;0;0;0;0;1;0;3;0;0;0;1;0;0;0;0;0;UNIÃO DA VITÓRIA;REGIÃO SUL;23;3
0.3465084242873795;2019-09-30;5;11;18;23;532;31;3;5;16;362;31;0;31;701;48;103;5;4;4;5;4;4;4;0;0;0;0;0;0;0;0;0;0;0;1;0;0;0;0;0;0;0;0;1;0;0;0;0;0;0;0;0;0;0;0;0;0;0;0;0;0;0;0;0;0;0;0;0;0;0;0;0;1;0;3;0;0;0;1;0;0;0;0;0;UNIÃO DA VITÓRIA;REGIÃO SUL;24;4
0.3242555897001166;2019-10-31;11;15;21;25;644;34;5;11;18;451;34;0;34;836;62;149;4;5;5;4;4;4;5;0;0;0;0;0;0;0;0;0;0;1;0;0;0;0;0;0;0;0;0;1;0;0;0;0;0;0;0;0;0;0;0;0;0;0;0;0;0;0;0;0;0;0;0;0;0;0;0;0;1;0;3;0;0;0;1;0;0;0;0;0;UNIÃO DA VITÓRIA;REGIÃO SUL;25;3
0.30708911730422805;2019-11-30;11;16;21;25;630;32;3;11;18;457;32;0;32;802;52;102;4;4;4;4;5;5;4;0;0;0;0;0;0;0;0;0;1;0;0;0;0;0;0;0;0;0;0;1;0;0;0;0;0;0;0;0;0;0;0;0;0;0;0;0;0;0;0;0;0;0;0;0;0;0;0;0;1;0;3;0;0;0;1;0;0;0;0;0;UNIÃO DA VITÓRIA;REGIÃO SUL;26;3
0.1671081911624457;2019-12-31;13;17;22;25;674;33;3;13;19;500;33;0;33;849;31;96;5;4;4;5;4;4;5;0;0;1;0;0;0;0;0;0;0;0;0;0;0;0;0;0;0;0;0;1;0;0;0;0;0;0;0;0;0;0;0;0;0;0;0;0;0;0;0;0;0;0;0;0;0;0;0;0;1;0;3;0;0;0;1;0;0;0;0;0;UNIÃO DA VITÓRIA;REGIÃO SUL;27;2
0.08413690791565118;2020-01-31;13;18;22;26;694;32;2;13;21;526;32;0;32;862;26;67;4;5;5;4;5;4;4;0;0;0;0;1;0;0;0;0;0;0;0;0;0;0;0;0;0;0;0;0;1;0;0;0;0;0;0;0;0;0;0;0;0;0;0;0;0;0;0;0;0;0;0;0;0;0;0;0;1;0;2;0;0;0;1;0;31;0;0;0;UNIÃO DA VITÓRIA;REGIÃO SUL;28;1
0.22708487866906854;2020-02-29;11;18;22;26;636;33;3;11;20;474;33;0;33;798;57;77;4;4;4;4;4;5;4;0;0;0;1;0;0;0;0;0;0;0;0;0;0;0;0;0;0;0;0;0;1;0;0;0;0;0;0;0;0;0;0;0;0;0;0;0;0;0;0;0;0;0;0;0;0;0;0;0;1;0;2;0;1;1;1;0;0;3;0;0;UNIÃO DA VITÓRIA;REGIÃO SUL;29;2
0.19412949030412205;2020-03-31;11;18;21;25;660;33;1;11;19;454;33;0;33;866;19;27;5;4;4;5;4;4;5;0;0;0;0;0;0;0;0;1;0;0;0;0;0;0;0;0;0;0;0;0;1;0;0;0;0;0;0;0;0;0;0;0;0;0;0;0;0;0;0;0;0;0;0;0;0;0;0;0;1;0;2;0;1;1;1;0;0;0;15;0;UNIÃO DA VITÓRIA;REGIÃO SUL;30;2
0.09600508636219138;2020-04-30;3;13;18;23;532;30;2;3;17;316;30;0;30;749;55;67;4;5;5;4;4;4;4;1;0;0;0;0;0;0;0;0;0;0;0;0;0;0;0;0;0;0;0;0;1;0;0;0;0;0;0;0;0;0;0;0;0;0;0;0;0;0;0;0;0;0;0;0;0;0;0;0;1;0;2;0;1;1;1;0;0;1;30;0;UNIÃO DA VITÓRIA;REGIÃO SUL;31;1
0.07862668220832894;2020-05-31;2;10;15;19;456;26;6;2;15;242;26;0;26;671;81;180;5;4;4;4;5;5;4;0;0;0;0;0;0;0;1;0;0;0;0;0;0;0;0;0;0;0;0;0;1;0;0;0;0;0;0;0;0;0;0;0;0;0;0;0;0;0;0;0;0;0;0;0;0;0;0;0;1;0;2;0;1;1;1;0;0;0;31;0;UNIÃO DA VITÓRIA;REGIÃO SUL;32;1
0.018438062943732098;2020-06-30;6;10;15;21;461;25;9;6;17;324;25;0;25;598;94;263;4;4;4;5;4;4;5;0;0;0;0;0;0;1;0;0;0;0;0;0;0;0;0;0;0;0;0;0;1;0;0;0;0;0;0;0;0;0;0;0;0;0;0;0;0;0;0;0;0;0;0;0;0;0;0;0;1;0;2;0;1;1;1;0;0;1;30;0;UNIÃO DA VITÓRIA;REGIÃO SUL;33;0
0.023312493377132565;2020-07-31;0;7;14;18;420;24;1;0;13;236;24;0;24;604;14;35;4;5;5;4;5;4;4;0;0;0;0;0;1;0;0;0;0;0;0;0;0;0;0;0;0;0;0;0;1;0;0;0;0;0;0;0;0;0;0;0;0;0;0;0;0;0;0;0;0;0;0;0;0;0;0;0;1;0;2;0;1;1;1;0;0;0;31;0;UNIÃO DA VITÓRIA;REGIÃO SUL;34;0
0.021087209918406263;2020-08-31;-3;5;14;21;438;30;10;-3;13;237;30;0;30;638;90;306;5;4;4;5;4;5;4;0;1;0;0;0;0;0;0;0;0;0;0;0;0;0;0;0;0;0;0;0;1;0;0;0;0;0;0;0;0;0;0;0;0;0;0;0;0;0;0;0;0;0;0;0;0;0;0;0;1;0;2;0;1;1;1;0;0;0;31;0;UNIÃO DA VITÓRIA;REGIÃO SUL;35;0
0.0031789763696089823;2020-09-30;9;13;19;24;572;33;3;9;16;377;33;0;33;766;60;88;4;5;4;4;4;4;5;0;0;0;0;0;0;0;0;0;0;0;1;0;0;0;0;0;0;0;0;0;1;0;0;0;0;0;0;0;0;0;0;0;0;0;0;0;0;0;0;0;0;0;0;0;0;0;0;0;1;0;2;0;1;1;1;0;0;0;30;0;UNIÃO DA VITÓRIA;REGIÃO SUL;36;0
0.01780226766981033;2020-10-31;7;14;20;27;615;35;1;7;18;415;35;0;35;815;15;45;4;4;5;4;5;5;4;0;0;0;0;0;0;0;0;0;0;1;0;0;0;0;0;0;0;0;0;0;1;0;0;0;0;0;0;0;0;0;0;0;0;0;0;0;0;0;0;0;0;0;0;0;0;0;0;0;1;0;2;0;1;1;1;0;0;0;31;0;UNIÃO DA VITÓRIA;REGIÃO SUL;37;0
0.0;2020-11-30;7;15;20;25;607;33;5;7;18;411;33;0;33;804;37;162;5;4;4;5;4;4;4;0;0;0;0;0;0;0;0;0;1;0;0;0;0;0;0;0;0;0;0;0;1;0;0;0;0;0;0;0;0;0;0;0;0;0;0;0;0;0;0;0;0;0;0;0;0;0;0;0;1;0;2;0;1;1;1;0;0;0;30;0;UNIÃO DA VITÓRIA;REGIÃO SUL;38;0
0.014517325421214339;2020-12-31;14;16;22;24;684;31;8;14;20;518;31;0;31;850;67;233;4;5;5;4;4;4;5;0;0;1;0;0;0;0;0;0;0;0;0;0;0;0;0;0;0;0;0;0;1;0;0;0;0;0;0;0;0;0;0;0;0;0;0;0;0;0;0;0;0;0;0;0;0;0;0;0;1;0;2;0;1;1;1;0;0;0;31;0;UNIÃO DA VITÓRIA;REGIÃO SUL;39;0
0.027657094415598188;2021-01-31;12;17;22;25;671;31;7;12;20;540;31;0;31;802;59;219;5;4;4;4;5;5;4;0;0;0;0;1;0;0;0;0;0;0;0;1;0;0;0;0;0;0;0;0;0;0;0;0;0;0;0;0;0;0;0;0;0;0;0;0;0;0;0;0;0;0;0;0;0;0;0;0;1;0;2;0;1;1;1;0;0;0;31;0;UNIÃO DA VITÓRIA;REGIÃO SUL;40;0
0.00487443043340044;2021-02-28;11;18;21;24;584;31;1;11;19;412;31;0;31;756;24;36;4;4;4;4;4;4;4;0;0;0;1;0;0;0;0;0;0;0;0;1;0;0;0;0;0;0;0;0;0;0;0;0;0;0;0;0;0;0;0;0;0;0;0;0;0;0;0;0;0;0;0;0;0;0;0;0;1;0;2;0;1;1;1;0;0;3;28;0;UNIÃO DA VITÓRIA;REGIÃO SUL;41;0
0.014517325421214339;2021-03-31;10;16;22;24;670;30;7;10;19;504;30;0;30;836;76;202;4;5;4;5;4;4;5;0;0;0;0;0;0;0;0;1;0;0;0;1;0;0;0;0;0;0;0;0;0;0;0;0;0;0;0;0;0;0;0;0;0;0;0;0;0;0;0;0;0;0;0;0;0;0;0;0;1;0;2;0;1;1;1;0;0;0;31;0;UNIÃO DA VITÓRIA;REGIÃO SUL;42;0
0.009536929108826947;2021-04-30;7;14;17;20;522;27;0;7;15;354;27;0;27;689;1;2;4;4;5;4;5;4;4;1;0;0;0;0;0;0;0;0;0;0;0;1;0;0;0;0;0;0;0;0;0;0;0;0;0;0;0;0;0;0;0;0;0;0;0;0;0;0;0;0;0;0;0;0;0;0;0;0;1;0;2;0;1;1;1;0;0;1;30;0;UNIÃO DA VITÓRIA;REGIÃO SUL;43;0
0.024372152167002198;2021-05-31;1;10;15;20;465;27;3;1;14;283;27;0;27;647;42;93;5;4;4;5;4;5;4;0;0;0;0;0;0;0;1;0;0;0;0;1;0;0;0;0;0;0;0;0;0;0;0;0;0;0;0;0;0;0;0;0;0;0;0;0;0;0;0;0;0;0;0;0;0;0;0;0;1;0;2;0;1;1;1;0;0;0;31;0;UNIÃO DA VITÓRIA;REGIÃO SUL;44;0
0.07629543287061566;2021-06-30;-2;3;13;19;392;24;4;-2;14;260;24;0;24;524;28;117;4;5;4;4;4;4;5;0;0;0;0;0;0;1;0;0;0;0;0;1;0;0;0;0;0;0;0;0;0;0;0;0;0;0;0;0;0;0;0;0;0;0;0;0;0;0;0;0;0;0;0;0;0;0;0;0;1;0;2;0;1;1;1;0;0;1;30;0;UNIÃO DA VITÓRIA;REGIÃO SUL;45;1
0.06379145915015363;2021-07-31;-4;3;11;17;347;25;2;-4;12;147;25;0;25;546;28;68;4;4;5;4;5;5;4;0;0;0;0;0;1;0;0;0;0;0;0;1;0;0;0;0;0;0;0;0;0;0;0;0;0;0;0;0;0;0;0;0;0;0;0;0;0;0;0;0;0;0;0;0;0;0;0;0;1;0;2;0;1;1;1;0;0;0;31;0;UNIÃO DA VITÓRIA;REGIÃO SUL;46;1
0.047366747907173906;2021-08-31;4;9;16;21;490;29;2;4;15;319;29;0;29;661;25;58;5;4;4;5;4;4;5;0;1;0;0;0;0;0;0;0;0;0;0;1;0;0;0;0;0;0;0;0;0;0;0;0;0;0;0;0;0;0;0;0;0;0;0;0;0;0;0;0;0;0;0;0;0;0;0;0;1;0;2;0;1;1;1;0;0;0;31;0;UNIÃO DA VITÓRIA;REGIÃO SUL;47;0
0.09536929108826955;2021-09-30;6;13;19;24;560;31;5;6;19;384;31;0;31;735;45;136;4;5;5;4;4;4;4;0;0;0;0;0;0;0;0;0;0;0;1;1;0;0;0;0;0;0;0;0;0;0;0;0;0;0;0;0;0;0;0;0;0;0;0;0;0;0;0;0;0;0;0;0;0;0;0;0;1;0;2;0;1;1;1;0;0;0;30;0;UNIÃO DA VITÓRIA;REGIÃO SUL;48;1
0.1426300731164565;2021-10-31;7;13;17;21;531;27;8;7;16;399;27;0;27;663;81;259;5;4;4;4;5;5;4;0;0;0;0;0;0;0;0;0;0;1;0;1;0;0;0;0;0;0;0;0;0;0;0;0;0;0;0;0;0;0;0;0;0;0;0;0;0;0;0;0;0;0;0;0;0;0;0;0;1;0;2;0;1;1;1;0;0;0;0;0;UNIÃO DA VITÓRIA;REGIÃO SUL;49;2
0.31153968422168066;2021-11-30;8;17;20;24;615;32;2;8;17;428;32;0;32;801;25;74;4;4;4;5;4;4;5;0;0;0;0;0;0;0;0;0;1;0;0;1;0;0;0;0;0;0;0;0;0;0;0;0;0;0;0;0;0;0;0;0;0;0;0;0;0;0;0;0;0;0;0;0;0;0;0;0;1;0;2;0;1;1;1;0;0;0;0;0;UNIÃO DA VITÓRIA;REGIÃO SUL;50;3
0.2805976475574865;2021-12-31;9;18;22;26;675;32;2;9;20;478;32;0;32;872;18;53;4;5;5;4;5;4;4;0;0;1;0;0;0;0;0;0;0;0;0;1;0;0;0;0;0;0;0;0;0;0;0;0;0;0;0;0;0;0;0;0;0;0;0;0;0;0;0;0;0;0;0;0;0;0;0;0;1;0;2;0;1;1;1;0;0;0;0;0;UNIÃO DA VITÓRIA;REGIÃO SUL;51;3
0.1426300731164565;2022-01-31;12;17;22;26;697;33;8;12;20;527;33;0;33;866;69;254;5;4;4;5;4;5;4;0;0;0;0;1;0;0;0;0;0;0;0;0;1;0;0;0;0;0;0;0;0;0;0;0;0;0;0;0;0;0;0;0;0;0;0;0;0;0;0;0;0;0;0;0;0;0;0;0;1;0;2;0;1;1;1;0;31;0;0;0;UNIÃO DA VITÓRIA;REGIÃO SUL;52;2
0.31641411465508107;2022-02-28;12;20;22;25;625;32;4;12;20;451;32;0;32;799;41;103;4;4;4;4;4;4;4;0;0;0;1;0;0;0;0;0;0;0;0;0;1;0;0;0;0;0;0;0;0;0;0;0;0;0;0;0;0;0;0;0;0;0;0;0;0;0;0;0;0;0;0;0;0;0;0;0;1;0;2;0;1;1;1;0;0;1;0;0;UNIÃO DA VITÓRIA;REGIÃO SUL;53;3
0.4251351064957084;2022-03-31;11;15;21;25;659;31;8;11;20;513;31;0;31;805;46;240;4;5;5;4;4;4;5;0;0;0;0;0;0;0;0;1;0;0;0;0;1;0;0;0;0;0;0;0;0;0;0;0;0;0;0;0;0;0;0;0;0;0;0;0;0;0;0;0;0;0;0;0;0;0;0;0;1;0;2;0;1;1;1;0;0;1;0;0;UNIÃO DA VITÓRIA;REGIÃO SUL;54;4
0.3751192116138604;2022-04-30;5;12;18;22;527;27;13;5;17;388;27;0;27;665;152;376;4;4;4;4;5;5;4;1;0;0;0;0;0;0;0;0;0;0;0;0;1;0;0;0;0;0;0;0;0;0;0;0;0;0;0;0;0;0;0;0;0;0;0;0;0;0;0;0;0;0;0;0;0;0;0;0;1;0;2;0;1;1;1;0;0;1;0;0;UNIÃO DA VITÓRIA;REGIÃO SUL;55;4
0.589382218925506;2022-05-31;0;6;14;20;440;25;6;0;15;273;25;0;25;606;59;194;5;4;4;5;4;4;5;0;0;0;0;0;0;0;1;0;0;0;0;0;1;0;0;0;0;0;0;0;0;0;0;0;0;0;0;0;0;0;0;0;0;0;0;0;0;0;0;0;0;0;0;0;0;0;0;0;1;0;2;0;1;1;1;0;0;0;0;0;UNIÃO DA VITÓRIA;REGIÃO SUL;56;5
0.5022782663982198;2022-06-30;-1;6;13;19;403;25;6;-1;14;253;25;0;25;554;59;166;4;5;5;4;4;4;4;0;0;0;0;0;0;1;0;0;0;0;0;0;1;0;0;0;0;0;0;0;0;0;0;0;0;0;0;0;0;0;0;0;0;0;0;0;0;0;0;0;0;0;0;0;0;0;0;0;1;0;2;0;1;1;1;0;0;1;0;0;UNIÃO DA VITÓRIA;REGIÃO SUL;57;5
0.3528663770265975;2022-07-31;0;9;15;18;477;26;1;0;13;273;26;0;26;681;17;40;5;4;4;4;5;5;4;0;0;0;0;0;1;0;0;0;0;0;0;0;1;0;0;0;0;0;0;0;0;0;0;0;0;0;0;0;0;0;0;0;0;0;0;0;0;0;0;0;0;0;0;0;0;0;0;0;1;0;2;0;1;1;1;0;0;0;0;0;UNIÃO DA VITÓRIA;REGIÃO SUL;58;4
0.5499629119423546;2022-08-31;-2;5;13;18;409;26;5;-2;13;235;26;0;26;583;48;162;4;5;4;5;4;4;5;0;1;0;0;0;0;0;0;0;0;0;0;0;1;0;0;0;0;0;0;0;0;0;0;0;0;0;0;0;0;0;0;0;0;0;0;0;0;0;0;0;0;0;0;0;0;0;0;0;1;0;2;0;1;1;1;0;0;0;0;0;UNIÃO DA VITÓRIA;REGIÃO SUL;59;5
0.5881106283776625;2022-09-30;1;9;14;22;415;29;8;1;15;285;29;0;29;546;40;238;4;4;5;4;5;4;4;0;0;0;0;0;0;0;0;0;0;0;1;0;1;0;0;0;0;0;0;0;0;0;0;0;0;0;0;0;0;0;0;0;0;0;0;0;0;0;0;0;0;0;0;0;0;0;0;0;1;0;2;0;1;1;1;0;0;0;0;0;UNIÃO DA VITÓRIA;REGIÃO SUL;60;5
0.5828123344283141;2022-10-31;5;15;18;22;565;29;10;5;15;400;29;0;29;729;73;314;5;4;4;5;4;5;4;0;0;0;0;0;0;0;0;0;0;1;0;0;1;0;0;0;0;0;0;0;0;0;0;0;0;0;0;0;0;0;0;0;0;0;0;0;0;0;0;0;0;0;0;0;0;0;0;0;1;0;2;0;1;1;1;0;0;0;0;0;UNIÃO DA VITÓRIA;REGIÃO SUL;61;5
0.6326162975521883;2022-11-30;6;10;18;22;535;29;2;6;17;351;29;0;29;720;11;63;4;5;4;4;4;4;5;0;0;0;0;0;0;0;0;0;1;0;0;0;1;0;0;0;0;0;0;0;0;0;0;0;0;0;0;0;0;0;0;0;0;0;0;0;0;0;0;0;0;0;0;0;0;0;0;0;1;0;2;0;1;1;1;0;0;0;0;0;UNIÃO DA VITÓRIA;REGIÃO SUL;62;5
0.6189466991628696;2022-12-31;11;17;22;25;676;32;4;11;20;503;32;0;32;849;25;138;4;4;5;4;5;5;4;0;0;1;0;0;0;0;0;0;0;0;0;0;1;0;0;0;0;0;0;0;0;0;0;0;0;0;0;0;0;0;0;0;0;0;0;0;0;0;0;0;0;0;0;0;0;0;0;0;1;0;2;0;1;1;1;0;0;0;0;0;UNIÃO DA VITÓRIA;REGIÃO SUL;63;5
0.37257603051817323;2023-01-31;11;17;22;24;677;31;4;11;19;503;31;0;31;850;26;124;5;4;4;5;4;4;5;0;0;0;0;1;0;0;0;0;0;0;0;0;0;1;0;0;0;0;0;0;0;0;0;0;0;0;0;0;0;0;0;0;0;0;0;0;0;0;0;0;0;0;0;0;0;0;0;0;1;0;2;0;1;1;1;0;31;0;0;0;UNIÃO DA VITÓRIA;REGIÃO SUL;64;4
0.5537776835858854;2023-02-28;12;15;22;24;604;30;5;12;19;467;30;0;30;741;37;152;4;4;4;4;4;4;4;0;0;0;1;0;0;0;0;0;0;0;0;0;0;1;0;0;0;0;0;0;0;0;0;0;0;0;0;0;0;0;0;0;0;0;0;0;0;0;0;0;0;0;0;0;0;0;0;0;1;0;2;0;1;1;1;0;0;3;0;0;UNIÃO DA VITÓRIA;REGIÃO SUL;65;5
0.7536293313553036;2023-03-31;14;21;22;24;691;31;5;14;19;519;31;0;31;863;27;169;4;5;5;4;5;4;4;0;0;0;0;0;0;0;0;1;0;0;0;0;0;1;0;0;0;0;0;0;0;0;0;0;0;0;0;0;0;0;0;0;0;0;0;0;0;0;0;0;0;0;0;0;0;0;0;0;1;0;2;0;1;1;1;0;0;0;0;0;UNIÃO DA VITÓRIA;REGIÃO SUL;66;6
0.6103634629649254;2023-04-30;7;13;18;21;547;28;3;7;16;383;28;0;28;712;22;80;5;4;4;4;4;5;4;1;0;0;0;0;0;0;0;0;0;0;0;0;0;1;0;0;0;0;0;0;0;0;0;0;0;0;0;0;0;0;0;0;0;0;0;0;0;0;0;0;0;0;0;0;0;0;0;0;1;0;2;0;1;1;1;0;0;1;0;0;UNIÃO DA VITÓRIA;REGIÃO SUL;67;5
0.7339196778637279;2023-05-31;5;12;16;21;504;26;3;5;17;324;26;0;26;684;23;93;4;5;4;5;4;4;5;0;0;0;0;0;0;0;1;0;0;0;0;0;0;1;0;0;0;0;0;0;0;0;0;0;0;0;0;0;0;0;0;0;0;0;0;0;0;0;0;0;0;0;0;0;0;0;0;0;1;0;2;0;1;1;1;0;0;0;0;0;UNIÃO DA VITÓRIA;REGIÃO SUL;68;5
0.7438804704885027;2023-06-30;2;9;14;19;418;25;2;2;14;245;25;0;25;591;18;70;4;4;5;4;5;4;4;0;0;0;0;0;0;1;0;0;0;0;0;0;0;1;0;0;0;0;0;0;0;0;0;0;0;0;0;0;0;0;0;0;0;0;0;0;0;0;0;0;0;0;0;0;0;0;0;0;1;0;2;0;1;1;1;0;0;1;0;0;UNIÃO DA VITÓRIA;REGIÃO SUL;69;6
0.5532478541909506;2023-07-31;3;8;14;19;441;24;6;3;14;292;24;0;24;589;89;174;5;4;4;5;4;5;4;0;0;0;0;0;1;0;0;0;0;0;0;0;0;1;0;0;0;0;0;0;0;0;0;0;0;0;0;0;0;0;0;0;0;0;0;0;0;0;0;0;0;0;0;0;0;0;0;0;1;0;2;0;1;1;1;0;15;0;0;0;UNIÃO DA VITÓRIA;REGIÃO SUL;70;5
0.8390378298187984;2023-08-31;2;9;15;23;478;30;6;2;17;299;30;0;30;656;68;200;4;5;5;4;4;4;5;0;1;0;0;0;0;0;0;0;0;0;0;0;0;1;0;0;0;0;0;0;0;0;0;0;0;0;0;0;0;0;0;0;0;0;0;0;0;0;0;0;0;0;0;0;0;0;0;0;1;0;2;0;1;1;1;0;0;0;0;0;UNIÃO DA VITÓRIA;REGIÃO SUL;71;6
0.7470594468581118;2023-09-30;5;13;19;25;572;33;6;5;19;402;33;0;33;742;52;187;4;4;4;4;5;5;4;0;0;0;0;0;0;0;0;0;0;0;1;0;0;1;0;0;0;0;0;0;0;0;0;0;0;0;0;0;0;0;0;0;0;0;0;0;0;0;0;0;0;0;0;0;0;0;0;0;1;0;2;0;1;1;1;0;0;0;0;0;UNIÃO DA VITÓRIA;REGIÃO SUL;72;6
0.5598177386881424;2023-10-31;10;13;19;23;590;30;18;10;19;456;30;0;30;724;110;546;5;4;4;5;4;4;5;0;0;0;0;0;0;0;0;0;0;1;0;0;0;1;0;0;0;0;0;0;0;0;0;0;0;0;0;0;0;0;0;0;0;0;0;0;0;0;0;0;0;0;0;0;0;0;0;0;1;0;2;0;1;1;1;0;0;0;0;0;UNIÃO DA VITÓRIA;REGIÃO SUL;73;5
0.7947440924022464;2023-11-30;6;15;21;27;633;34;9;6;21;479;34;0;34;786;51;261;4;5;5;4;4;4;4;0;0;0;0;0;0;0;0;0;1;0;0;0;0;1;0;0;0;0;0;0;0;0;0;0;0;0;0;0;0;0;0;0;0;0;0;0;0;0;0;0;0;0;0;0;0;0;0;0;1;0;2;0;1;1;1;0;0;0;0;0;UNIÃO DA VITÓRIA;REGIÃO SUL;74;6
0.8226131185758185;2023-12-31;15;17;24;27;731;35;4;15;21;545;35;0;35;916;21;112;5;4;4;4;5;5;4;0;0;1;0;0;0;0;0;0;0;0;0;0;0;1;0;0;0;0;0;0;0;0;0;0;0;0;0;0;0;0;0;0;0;0;0;0;0;0;0;0;0;0;0;0;0;0;0;0;1;0;2;0;1;1;1;0;0;0;0;0;UNIÃO DA VITÓRIA;REGIÃO SUL;75;6
0.45798452898166797;2024-01-31;12;17;23;27;704;35;6;12;21;535;35;0;35;873;55;191;4;5;4;5;4;4;5;0;0;0;0;1;0;0;0;0;0;0;0;0;0;0;1;0;0;0;0;0;0;0;0;0;0;0;0;0;0;0;0;0;0;0;0;0;0;0;0;0;0;0;0;0;0;0;0;0;1;0;2;0;1;1;1;0;31;0;0;0;UNIÃO DA VITÓRIA;REGIÃO SUL;76;4
0.8033273286001907;2024-02-29;15;19;23;26;679;33;5;15;20;519;33;0;33;840;42;136;4;4;5;4;4;4;4;0;0;0;1;0;0;0;0;0;0;0;0;0;0;0;1;0;0;0;0;0;0;0;0;0;0;0;0;0;0;0;0;0;0;0;0;0;0;0;0;0;0;0;0;0;0;0;0;0;1;0;2;0;1;1;1;0;0;3;0;0;UNIÃO DA VITÓRIA;REGIÃO SUL;77;6
0.9901451732542121;2024-03-31;14;17;23;27;713;34;2;14;21;546;34;0;34;879;18;76;5;4;4;4;5;5;4;0;0;0;0;0;0;0;0;1;0;0;0;0;0;0;1;0;0;0;0;0;0;0;0;0;0;0;0;0;0;0;0;0;0;0;0;0;0;0;0;0;0;0;0;0;0;0;0;0;1;0;2;0;1;1;1;0;0;1;0;0;UNIÃO DA VITÓRIA;REGIÃO SUL;78;6
0.680300943096323;2024-04-30;8;16;21;25;620;31;4;8;19;468;31;0;31;771;64;119;4;4;4;5;4;4;5;1;0;0;0;0;0;0;0;0;0;0;0;0;0;0;1;0;0;0;0;0;0;0;0;0;0;0;0;0;0;0;0;0;0;0;0;0;0;0;0;0;0;0;0;0;0;0;0;0;1;0;2;0;1;1;1;0;0;0;0;0;UNIÃO DA VITÓRIA;REGIÃO SUL;79;5
0.3528663770265975;2024-05-31;3;10;18;23;556;29;3;3;19;402;29;0;29;709;30;103;4;5;5;4;5;4;4;0;0;0;0;0;0;0;1;0;0;0;0;0;0;0;1;0;0;0;0;0;0;0;0;0;0;0;0;0;0;0;0;0;0;0;0;0;0;0;0;0;0;0;0;0;0;0;0;0;1;0;2;0;1;1;1;0;0;1;0;30;UNIÃO DA VITÓRIA;REGIÃO SUL;80;4
0.3592243297658154;2024-06-30;0;8;17;20;499;26;1;0;16;321;26;0;26;677;15;22;5;4;4;4;4;5;4;0;0;0;0;0;0;1;0;0;0;0;0;0;0;0;1;0;0;0;0;0;0;0;0;0;0;0;0;0;0;0;0;0;0;0;0;0;0;0;0;0;0;0;0;0;0;0;0;0;1;0;2;0;1;1;1;0;0;0;0;30;UNIÃO DA VITÓRIA;REGIÃO SUL;81;4
1.0;2024-07-31;1;9;13;18;413;25;6;1;12;247;25;0;25;579;44;188;4;5;4;5;4;4;5;0;0;0;0;0;1;0;0;0;0;0;0;0;0;0;1;0;0;0;0;0;0;0;0;0;0;0;0;0;0;0;0;0;0;0;0;0;0;0;0;0;0;0;0;0;0;0;0;0;1;0;2;0;1;1;1;0;12;0;0;0;UNIÃO DA VITÓRIA;REGIÃO SUL;82;6
0.9408710395252728;2024-08-31;-3;7;15;21;468;31;1;-3;14;232;31;0;31;704;16;39;4;4;5;4;5;5;4;0;1;0;0;0;0;0;0;0;0;0;0;0;0;0;1;0;0;0;0;0;0;0;0;0;0;0;0;0;0;0;0;0;0;0;0;0;0;0;0;0;0;0;0;0;0;0;0;0;1;0;2;0;1;1;1;0;0;0;0;0;UNIÃO DA VITÓRIA;REGIÃO SUL;83;6
0.7883861396630285;2024-09-30;10;13;20;24;591;34;3;10;17;378;34;0;34;804;29;84;5;4;4;5;4;4;4;0;0;0;0;0;0;0;0;0;0;0;1;0;0;0;1;0;0;0;0;0;0;0;0;0;0;0;0;0;0;0;0;0;0;0;0;0;0;0;0;0;0;0;0;0;0;0;0;0;1;0;2;0;1;1;1;0;0;0;0;0;UNIÃO DA VITÓRIA;REGIÃO SUL;84;6
0.8653173678075661;2024-10-31;10;14;20;25;610;33;3;10;19;452;33;0;33;767;33;107;4;5;5;4;4;4;5;0;0;0;0;0;0;0;0;0;0;1;0;0;0;0;1;0;0;0;0;0;0;0;0;0;0;0;0;0;0;0;0;0;0;0;0;0;0;0;0;0;0;0;0;0;0;0;0;0;1;0;2;0;1;1;1;0;0;0;0;0;UNIÃO DA VITÓRIA;REGIÃO SUL;85;6
