CONSUMO;DATA;TEMP_MIN_MÉD_MENS;TEMP_MÉD_MIN_MENS;TEMP_MÉD_MÉD_MENS;TEMP_MÉD_MAX_MENS;TEMP_MÉD_ACC_MENS;TEMP_MAX_MÉD_MENS;PRECIPITAÇÃO_MÉD_MENS;TEMP_MIN_MIN_MENS;TEMP_MIN_MAX_MENS;TEMP_MIN_ACC_MENS;TEMP_MAX_MIN_MENS;PRECIPITAÇÃO_MIN_MENS;TEMP_MAX_MAX_MENS;TEMP_MAX_ACC_MENS;PRECIPITAÇÃO_MAX_MENS;PRECIPITAÇÃO_ACC_MENS;DIA_DA_SEMANA_dom;DIA_DA_SEMANA_qua;DIA_DA_SEMANA_qui;DIA_DA_SEMANA_seg;DIA_DA_SEMANA_sex;DIA_DA_SEMANA_sáb;DIA_DA_SEMANA_ter;MÊS_abr;MÊS_ago;MÊS_dez;MÊS_fev;MÊS_jan;MÊS_jul;MÊS_jun;MÊS_mai;MÊS_mar;MÊS_nov;MÊS_out;MÊS_set;ANO_2021;ANO_2022;ANO_2023;ANO_2024;ANO_2015;ANO_2016;ANO_2017;ANO_2018;ANO_2019;ANO_2020;ANO_2014;CAMPUS_ARAPONGAS;CAMPUS_ASSIS CHATEAUBRIAND;CAMPUS_ASTORGA;CAMPUS_BARRACÃO;CAMPUS_CAMPO LARGO;CAMPUS_CAPANEMA;CAMPUS_CASCAVEL;CAMPUS_COLOMBO;CAMPUS_CORONEL VIVIDA;CAMPUS_CURITIBA;CAMPUS_FOZ DO IGUAÇU;CAMPUS_GOIOERÊ;CAMPUS_IRATI;CAMPUS_IVAIPORÃ;CAMPUS_JACAREZINHO;CAMPUS_JAGUARIAÍVA;CAMPUS_LONDRINA - CENTRO;CAMPUS_LONDRINA - NORTE;CAMPUS_PALMAS;CAMPUS_PARANAGUÁ;CAMPUS_PARANAVAÍ;CAMPUS_PINHAIS;CAMPUS_PITANGA;CAMPUS_QUEDAS DO IGUAÇU;CAMPUS_TELÊMACO BORBA;CAMPUS_UMUARAMA;CAMPUS_UNIÃO DA VITÓRIA;CURSOS_TEC_CONCOMITANTE;CURSOS_TEC_INTEGRADO;CURSOS_TEC_SUBSEQUENTE;CURSOS_GRAD_MATUTINO;CURSOS_GRAD_VESPERTINO;CURSOS_GRAD_NOTURNO;CURSOS_POS;FÉRIAS;FERIADO;COVID;GREVE;CAMPUS;REGIÃO;ORDEM;CLASSE
0.502036609903322;2015-02-28;18;22;25;27;692;33;4;18;22;558;33;0;33;827;20;125;4;4;4;4;4;4;4;0;0;0;1;0;0;0;0;0;0;0;0;0;0;0;0;1;0;0;0;0;0;0;0;1;0;0;0;0;0;0;0;0;0;0;0;0;0;0;0;0;0;0;0;0;0;0;0;0;0;0;2;5;0;0;1;1;0;3;0;0;ASSIS CHATEAUBRIAND;REGIÃO OESTE;1;6
0.846886195220101;2015-03-31;12;19;24;26;729;32;2;12;21;574;32;0;32;883;22;70;5;4;4;5;4;4;5;0;0;0;0;0;0;0;0;1;0;0;0;0;0;0;0;1;0;0;0;0;0;0;0;1;0;0;0;0;0;0;0;0;0;0;0;0;0;0;0;0;0;0;0;0;0;0;0;0;0;0;2;5;0;0;2;1;0;0;0;0;ASSIS CHATEAUBRIAND;REGIÃO OESTE;2;9
0.643077980075575;2015-04-30;13;19;21;24;640;29;6;13;21;488;29;0;29;790;59;167;4;5;5;4;4;4;4;1;0;0;0;0;0;0;0;0;0;0;0;0;0;0;0;1;0;0;0;0;0;0;0;1;0;0;0;0;0;0;0;0;0;0;0;0;0;0;0;0;0;0;0;0;0;0;0;0;0;0;2;5;0;0;2;1;0;1;0;0;ASSIS CHATEAUBRIAND;REGIÃO OESTE;3;8
0.530843598174412;2015-05-31;7;11;18;23;557;28;9;7;19;431;28;0;28;683;83;292;5;4;4;4;5;5;4;0;0;0;0;0;0;0;1;0;0;0;0;0;0;0;0;1;0;0;0;0;0;0;0;1;0;0;0;0;0;0;0;0;0;0;0;0;0;0;0;0;0;0;0;0;0;0;0;0;0;0;2;5;0;0;2;1;0;0;0;0;ASSIS CHATEAUBRIAND;REGIÃO OESTE;4;6
0.384551209697208;2015-06-30;4;10;18;22;542;29;1;4;18;391;29;0;29;693;16;31;4;4;4;5;4;4;5;0;0;0;0;0;0;1;0;0;0;0;0;0;0;0;0;1;0;0;0;0;0;0;0;1;0;0;0;0;0;0;0;0;0;0;0;0;0;0;0;0;0;0;0;0;0;0;0;0;0;0;2;5;0;0;2;1;0;1;0;0;ASSIS CHATEAUBRIAND;REGIÃO OESTE;5;4
0.302546989252589;2015-07-31;5;10;16;21;503;28;18;5;17;376;28;0;28;630;108;569;4;5;5;4;5;4;4;0;0;0;0;0;1;0;0;0;0;0;0;0;0;0;0;1;0;0;0;0;0;0;0;1;0;0;0;0;0;0;0;0;0;0;0;0;0;0;0;0;0;0;0;0;0;0;0;0;0;0;2;5;0;0;2;1;15;0;0;3;ASSIS CHATEAUBRIAND;REGIÃO OESTE;6;3
0.331353977523679;2015-08-31;8;15;21;26;652;32;4;8;19;456;32;0;32;849;54;118;5;4;4;5;4;5;4;0;1;0;0;0;0;0;0;0;0;0;0;0;0;0;0;1;0;0;0;0;0;0;0;1;0;0;0;0;0;0;0;0;0;0;0;0;0;0;0;0;0;0;0;0;0;0;0;0;0;0;2;4;0;0;2;1;0;0;0;31;ASSIS CHATEAUBRIAND;REGIÃO OESTE;7;3
0.386906806693822;2015-09-30;3;10;21;28;633;35;8;3;22;448;35;0;35;819;84;227;4;5;4;4;4;4;5;0;0;0;0;0;0;0;0;0;0;0;1;0;0;0;0;1;0;0;0;0;0;0;0;1;0;0;0;0;0;0;0;0;0;0;0;0;0;0;0;0;0;0;0;0;0;0;0;0;0;0;2;4;0;0;2;1;0;0;0;30;ASSIS CHATEAUBRIAND;REGIÃO OESTE;8;4
0.553761593953968;2015-10-31;11;15;23;29;711;35;5;11;23;556;35;0;35;866;40;162;4;4;5;4;5;5;4;0;0;0;0;0;0;0;0;0;0;1;0;0;0;0;0;1;0;0;0;0;0;0;0;1;0;0;0;0;0;0;0;0;0;0;0;0;0;0;0;0;0;0;0;0;0;0;0;0;0;0;2;4;0;0;2;1;0;0;0;7;ASSIS CHATEAUBRIAND;REGIÃO OESTE;9;7
0.570937822054277;2015-11-30;11;19;22;27;670;33;16;11;21;551;33;0;33;788;87;487;5;4;4;5;4;4;4;0;0;0;0;0;0;0;0;0;1;0;0;0;0;0;0;1;0;0;0;0;0;0;0;1;0;0;0;0;0;0;0;0;0;0;0;0;0;0;0;0;0;0;0;0;0;0;0;0;0;0;2;4;0;0;2;1;0;0;0;0;ASSIS CHATEAUBRIAND;REGIÃO OESTE;10;7
0.580507434853021;2015-12-31;15;20;23;27;724;32;12;15;22;601;32;0;32;848;102;363;4;5;5;4;4;4;5;0;0;1;0;0;0;0;0;0;0;0;0;0;0;0;0;1;0;0;0;0;0;0;0;1;0;0;0;0;0;0;0;0;0;0;0;0;0;0;0;0;0;0;0;0;0;0;0;0;0;0;2;4;0;0;2;1;0;0;0;0;ASSIS CHATEAUBRIAND;REGIÃO OESTE;11;7
0.424203759140207;2016-01-31;18;23;25;28;782;34;5;18;23;636;34;0;34;927;46;159;5;4;4;4;5;5;4;0;0;0;0;1;0;0;0;0;0;0;0;0;0;0;0;0;1;0;0;0;0;0;0;1;0;0;0;0;0;0;0;0;0;0;0;0;0;0;0;0;0;0;0;0;0;0;0;0;0;0;2;4;0;0;2;1;31;0;0;0;ASSIS CHATEAUBRIAND;REGIÃO OESTE;12;4
0.615105265740786;2016-02-29;19;22;25;28;734;33;4;19;23;602;33;0;33;865;23;117;4;4;4;5;4;4;4;0;0;0;1;0;0;0;0;0;0;0;0;0;0;0;0;0;1;0;0;0;0;0;0;1;0;0;0;0;0;0;0;0;0;0;0;0;0;0;0;0;0;0;0;0;0;0;0;0;0;0;2;4;0;0;2;1;0;3;0;0;ASSIS CHATEAUBRIAND;REGIÃO OESTE;13;7
0.71104676841537;2016-03-31;12;17;22;28;685;32;3;12;24;542;32;0;32;827;37;89;4;5;5;4;4;4;5;0;0;0;0;0;0;0;0;1;0;0;0;0;0;0;0;0;1;0;0;0;0;0;0;1;0;0;0;0;0;0;0;0;0;0;0;0;0;0;0;0;0;0;0;0;0;0;0;0;0;0;2;4;0;0;2;1;0;1;0;0;ASSIS CHATEAUBRIAND;REGIÃO OESTE;14;8
0.633361142464543;2016-04-30;4;9;23;28;702;33;2;4;23;542;33;0;33;862;49;69;4;4;4;4;5;5;4;1;0;0;0;0;0;0;0;0;0;0;0;0;0;0;0;0;1;0;0;0;0;0;0;1;0;0;0;0;0;0;0;0;0;0;0;0;0;0;0;0;0;0;0;0;0;0;0;0;0;0;2;4;0;0;2;1;0;0;0;0;ASSIS CHATEAUBRIAND;REGIÃO OESTE;15;8
0.406291406978456;2016-05-31;4;11;16;22;490;27;9;4;16;368;27;0;27;612;99;292;5;4;4;5;4;4;5;0;0;0;0;0;0;0;1;0;0;0;0;0;0;0;0;0;1;0;0;0;0;0;0;1;0;0;0;0;0;0;0;0;0;0;0;0;0;0;0;0;0;0;0;0;0;0;0;0;0;0;2;4;0;0;2;1;0;1;0;0;ASSIS CHATEAUBRIAND;REGIÃO OESTE;16;4
0.362467487853953;2016-06-30;-1;7;14;20;408;27;3;-1;14;252;27;0;27;563;49;98;4;5;5;4;4;4;4;0;0;0;0;0;0;1;0;0;0;0;0;0;0;0;0;0;1;0;0;0;0;0;0;1;0;0;0;0;0;0;0;0;0;0;0;0;0;0;0;0;0;0;0;0;0;0;0;0;0;0;2;4;0;0;2;1;0;0;0;0;ASSIS CHATEAUBRIAND;REGIÃO OESTE;17;4
0.372380625214703;2016-07-31;2;6;17;23;514;30;2;2;18;324;30;0;30;704;23;70;5;4;4;4;5;5;4;0;0;0;0;0;1;0;0;0;0;0;0;0;0;0;0;0;1;0;0;0;0;0;0;1;0;0;0;0;0;0;0;0;0;0;0;0;0;0;0;0;0;0;0;0;0;0;0;0;0;0;2;4;0;0;2;1;14;0;0;0;ASSIS CHATEAUBRIAND;REGIÃO OESTE;18;4
0.407959954851058;2016-08-31;3;10;18;25;555;32;15;3;18;386;32;0;32;723;82;459;4;5;4;5;4;4;5;0;1;0;0;0;0;0;0;0;0;0;0;0;0;0;0;0;1;0;0;0;0;0;0;1;0;0;0;0;0;0;0;0;0;0;0;0;0;0;0;0;0;0;0;0;0;0;0;0;0;0;2;4;0;0;2;1;0;0;0;0;ASSIS CHATEAUBRIAND;REGIÃO OESTE;19;4
0.453452421848162;2016-09-30;3;10;18;24;536;32;2;3;18;325;32;0;32;747;25;55;4;4;5;4;5;4;4;0;0;0;0;0;0;0;0;0;0;0;1;0;0;0;0;0;1;0;0;0;0;0;0;1;0;0;0;0;0;0;0;0;0;0;0;0;0;0;0;0;0;0;0;0;0;0;0;0;0;0;2;4;0;0;2;1;0;0;0;0;ASSIS CHATEAUBRIAND;REGIÃO OESTE;20;5
0.566324777935908;2016-10-31;7;14;21;29;652;34;11;7;23;480;34;0;34;824;85;352;5;4;4;5;4;5;4;0;0;0;0;0;0;0;0;0;0;1;0;0;0;0;0;0;1;0;0;0;0;0;0;1;0;0;0;0;0;0;0;0;0;0;0;0;0;0;0;0;0;0;0;0;0;0;0;0;0;0;2;4;0;0;2;1;0;0;0;0;ASSIS CHATEAUBRIAND;REGIÃO OESTE;21;7
0.594199342395838;2016-11-30;8;16;22;26;657;33;3;8;22;477;33;0;33;837;42;94;4;5;4;4;4;4;5;0;0;0;0;0;0;0;0;0;1;0;0;0;0;0;0;0;1;0;0;0;0;0;0;1;0;0;0;0;0;0;0;0;0;0;0;0;0;0;0;0;0;0;0;0;0;0;0;0;0;0;2;4;0;0;2;1;0;0;0;0;ASSIS CHATEAUBRIAND;REGIÃO OESTE;22;7
0.591303921087501;2016-12-31;13;20;23;27;721;32;5;13;22;576;32;0;32;865;42;147;4;4;5;4;5;5;4;0;0;1;0;0;0;0;0;0;0;0;0;0;0;0;0;0;1;0;0;0;0;0;0;1;0;0;0;0;0;0;0;0;0;0;0;0;0;0;0;0;0;0;0;0;0;0;0;0;0;0;2;4;0;0;2;1;0;0;0;0;ASSIS CHATEAUBRIAND;REGIÃO OESTE;23;7
0.4023654119841;2017-01-31;14;21;25;27;769;33;2;14;22;608;33;0;33;931;16;69;5;4;4;5;4;4;5;0;0;0;0;1;0;0;0;0;0;0;0;0;0;0;0;0;0;1;0;0;0;0;0;1;0;0;0;0;0;0;0;0;0;0;0;0;0;0;0;0;0;0;0;0;0;0;0;0;0;0;2;4;0;0;2;1;31;0;0;0;ASSIS CHATEAUBRIAND;REGIÃO OESTE;24;4
0.593315993522108;2017-02-28;16;22;25;28;699;34;3;16;21;551;34;0;34;846;24;97;4;4;4;4;4;4;4;0;0;0;1;0;0;0;0;0;0;0;0;0;0;0;0;0;0;1;0;0;0;0;0;1;0;0;0;0;0;0;0;0;0;0;0;0;0;0;0;0;0;0;0;0;0;0;0;0;0;0;2;4;0;0;2;3;0;2;0;0;ASSIS CHATEAUBRIAND;REGIÃO OESTE;25;7
0.658683810178142;2017-03-31;13;20;24;28;734;34;7;13;23;586;34;0;34;882;108;229;4;5;5;4;5;4;4;0;0;0;0;0;0;0;0;1;0;0;0;0;0;0;0;0;0;1;0;0;0;0;0;1;0;0;0;0;0;0;0;0;0;0;0;0;0;0;0;0;0;0;0;0;0;0;0;0;0;0;2;4;0;0;2;3;0;1;0;0;ASSIS CHATEAUBRIAND;REGIÃO OESTE;26;8
0.514992393384698;2017-04-30;5;12;20;24;601;29;10;5;21;464;29;0;29;738;94;293;5;4;4;4;4;5;4;1;0;0;0;0;0;0;0;0;0;0;0;0;0;0;0;0;0;1;0;0;0;0;0;1;0;0;0;0;0;0;0;0;0;0;0;0;0;0;0;0;0;0;0;0;0;0;0;0;0;0;2;4;0;0;2;3;0;1;0;0;ASSIS CHATEAUBRIAND;REGIÃO OESTE;27;6
0.422731511017324;2017-05-31;11;16;19;24;593;28;9;11;20;481;28;0;28;704;89;277;4;5;4;5;4;4;5;0;0;0;0;0;0;0;1;0;0;0;0;0;0;0;0;0;0;1;0;0;0;0;0;1;0;0;0;0;0;0;0;0;0;0;0;0;0;0;0;0;0;0;0;0;0;0;0;0;0;0;2;4;0;0;2;3;0;0;0;0;ASSIS CHATEAUBRIAND;REGIÃO OESTE;28;4
0.394562496932816;2017-06-30;3;9;17;21;508;27;2;3;18;361;27;0;27;654;24;63;4;4;5;4;5;4;4;0;0;0;0;0;0;1;0;0;0;0;0;0;0;0;0;0;0;1;0;0;0;0;0;1;0;0;0;0;0;0;0;0;0;0;0;0;0;0;0;0;0;0;0;0;0;0;0;0;0;0;2;4;0;0;2;3;0;1;0;0;ASSIS CHATEAUBRIAND;REGIÃO OESTE;29;4
0.320999165726064;2017-07-31;-2;5;17;21;530;28;0;-2;15;315;28;0;28;745;4;4;5;4;4;5;4;5;4;0;0;0;0;0;1;0;0;0;0;0;0;0;0;0;0;0;0;1;0;0;0;0;0;1;0;0;0;0;0;0;0;0;0;0;0;0;0;0;0;0;0;0;0;0;0;0;0;0;0;0;2;4;0;0;2;3;16;0;0;0;ASSIS CHATEAUBRIAND;REGIÃO OESTE;30;3
0.506109829709967;2017-08-31;4;11;20;25;605;33;8;4;19;415;33;0;33;794;73;234;4;5;5;4;4;4;5;0;1;0;0;0;0;0;0;0;0;0;0;0;0;0;0;0;0;1;0;0;0;0;0;1;0;0;0;0;0;0;0;0;0;0;0;0;0;0;0;0;0;0;0;0;0;0;0;0;0;0;2;4;0;0;2;3;0;0;0;0;ASSIS CHATEAUBRIAND;REGIÃO OESTE;31;6
0.635716739461157;2017-09-30;10;17;23;27;693;35;2;10;20;492;35;0;35;894;26;57;4;4;4;4;5;5;4;0;0;0;0;0;0;0;0;0;0;0;1;0;0;0;0;0;0;1;0;0;0;0;0;1;0;0;0;0;0;0;0;0;0;0;0;0;0;0;0;0;0;0;0;0;0;0;0;0;0;0;2;4;0;0;2;3;0;0;0;0;ASSIS CHATEAUBRIAND;REGIÃO OESTE;32;8
0.571723021053148;2017-10-31;7;16;21;28;659;35;19;7;21;499;35;0;35;818;98;586;5;4;4;5;4;4;5;0;0;0;0;0;0;0;0;0;0;1;0;0;0;0;0;0;0;1;0;0;0;0;0;1;0;0;0;0;0;0;0;0;0;0;0;0;0;0;0;0;0;0;0;0;0;0;0;0;0;0;2;4;0;0;2;3;0;0;0;0;ASSIS CHATEAUBRIAND;REGIÃO OESTE;33;7
0.581243558914462;2017-11-30;12;19;21;26;641;33;7;12;19;473;33;0;33;809;63;202;4;5;5;4;4;4;4;0;0;0;0;0;0;0;0;0;1;0;0;0;0;0;0;0;0;1;0;0;0;0;0;1;0;0;0;0;0;0;0;0;0;0;0;0;0;0;0;0;0;0;0;0;0;0;0;0;0;0;2;4;0;0;2;3;0;0;0;0;ASSIS CHATEAUBRIAND;REGIÃO OESTE;34;7
0.644844677823036;2017-12-31;16;22;24;27;743;33;11;16;22;599;33;0;33;887;114;330;5;4;4;4;5;5;4;0;0;1;0;0;0;0;0;0;0;0;0;0;0;0;0;0;0;1;0;0;0;0;0;1;0;0;0;0;0;0;0;0;0;0;0;0;0;0;0;0;0;0;0;0;0;0;0;0;0;0;2;4;0;0;2;3;0;0;0;0;ASSIS CHATEAUBRIAND;REGIÃO OESTE;35;8
0.410659076409678;2018-01-31;17;21;24;27;737;33;9;17;21;609;33;0;33;864;69;279;4;5;4;5;4;4;5;0;0;0;0;1;0;0;0;0;0;0;0;0;0;0;0;0;0;0;1;0;0;0;0;1;0;0;0;0;0;0;0;0;0;0;0;0;0;0;0;0;0;0;0;0;0;0;0;0;0;0;2;4;0;0;2;3;31;0;0;0;ASSIS CHATEAUBRIAND;REGIÃO OESTE;36;4
0.649457721941404;2018-02-28;15;20;24;26;660;32;4;15;21;516;32;0;32;804;30;107;4;4;4;4;4;4;4;0;0;0;1;0;0;0;0;0;0;0;0;0;0;0;0;0;0;0;1;0;0;0;0;1;0;0;0;0;0;0;0;0;0;0;0;0;0;0;0;0;0;0;0;0;0;0;0;0;0;0;4;4;0;0;2;3;0;3;0;0;ASSIS CHATEAUBRIAND;REGIÃO OESTE;37;8
1.0;2018-03-31;10;17;24;27;744;33;9;10;22;598;33;0;33;889;75;286;4;4;5;4;5;5;4;0;0;0;0;0;0;0;0;1;0;0;0;0;0;0;0;0;0;0;1;0;0;0;0;1;0;0;0;0;0;0;0;0;0;0;0;0;0;0;0;0;0;0;0;0;0;0;0;0;0;0;5;4;0;0;2;3;0;1;0;0;ASSIS CHATEAUBRIAND;REGIÃO OESTE;38;9
0.750846542670658;2018-04-30;15;20;23;26;691;31;0;15;21;522;31;0;31;861;6;12;5;4;4;5;4;4;4;1;0;0;0;0;0;0;0;0;0;0;0;0;0;0;0;0;0;0;1;0;0;0;0;1;0;0;0;0;0;0;0;0;0;0;0;0;0;0;0;0;0;0;0;0;0;0;0;0;0;0;5;4;0;0;2;3;0;0;0;0;ASSIS CHATEAUBRIAND;REGIÃO OESTE;39;8
0.614123766992197;2018-05-31;5;11;19;24;596;31;4;5;19;430;31;0;31;762;55;118;4;5;5;4;4;4;5;0;0;0;0;0;0;0;1;0;0;0;0;0;0;0;0;0;0;0;1;0;0;0;0;1;0;0;0;0;0;0;0;0;0;0;0;0;0;0;0;0;0;0;0;0;0;0;0;0;0;0;5;4;0;0;2;3;0;1;0;0;ASSIS CHATEAUBRIAND;REGIÃO OESTE;40;7
0.368650929970064;2018-06-30;3;7;15;23;462;28;3;3;19;327;28;0;28;597;25;81;4;4;4;4;5;5;4;0;0;0;0;0;0;1;0;0;0;0;0;0;0;0;0;0;0;0;1;0;0;0;0;1;0;0;0;0;0;0;0;0;0;0;0;0;0;0;0;0;0;0;0;0;0;0;0;0;0;0;5;4;0;0;2;3;0;0;0;0;ASSIS CHATEAUBRIAND;REGIÃO OESTE;41;4
0.390047602689307;2018-07-31;3;10;17;22;542;30;0;3;16;355;30;0;30;729;8;14;5;4;4;5;4;4;5;0;0;0;0;0;1;0;0;0;0;0;0;0;0;0;0;0;0;0;1;0;0;0;0;1;0;0;0;0;0;0;0;0;0;0;0;0;0;0;0;0;0;0;0;0;0;0;0;0;0;0;5;4;0;0;2;3;16;0;0;0;ASSIS CHATEAUBRIAND;REGIÃO OESTE;42;4
0.475143544191981;2018-08-31;2;8;15;24;474;32;6;2;18;285;32;0;32;663;50;201;4;5;5;4;5;4;4;0;1;0;0;0;0;0;0;0;0;0;0;0;0;0;0;0;0;0;1;0;0;0;0;1;0;0;0;0;0;0;0;0;0;0;0;0;0;0;0;0;0;0;0;0;0;0;0;0;0;0;5;3;0;0;2;3;0;0;0;0;ASSIS CHATEAUBRIAND;REGIÃO OESTE;43;5
0.508808951268587;2018-09-30;6;11;20;27;585;34;10;6;20;420;34;0;34;750;130;314;5;4;4;4;4;5;4;0;0;0;0;0;0;0;0;0;0;0;1;0;0;0;0;0;0;0;1;0;0;0;0;1;0;0;0;0;0;0;0;0;0;0;0;0;0;0;0;0;0;0;0;0;0;0;0;0;0;0;5;3;0;0;2;3;0;0;0;0;ASSIS CHATEAUBRIAND;REGIÃO OESTE;44;6
0.645139127447612;2018-10-31;11;18;21;24;656;31;7;11;20;537;31;0;31;775;58;227;4;5;4;5;4;4;5;0;0;0;0;0;0;0;0;0;0;1;0;0;0;0;0;0;0;0;1;0;0;0;0;1;0;0;0;0;0;0;0;0;0;0;0;0;0;0;0;0;0;0;0;0;0;0;0;0;0;0;5;3;0;0;2;3;0;0;0;0;ASSIS CHATEAUBRIAND;REGIÃO OESTE;45;8
0.636305638710311;2018-11-30;15;19;23;27;699;33;5;15;21;550;33;0;33;848;65;146;4;4;5;4;5;4;4;0;0;0;0;0;0;0;0;0;1;0;0;0;0;0;0;0;0;0;1;0;0;0;0;1;0;0;0;0;0;0;0;0;0;0;0;0;0;0;0;0;0;0;0;0;0;0;0;0;0;0;5;3;0;0;2;3;0;0;0;0;ASSIS CHATEAUBRIAND;REGIÃO OESTE;46;8
0.712273641851107;2018-12-31;11;19;24;27;747;34;2;11;22;562;34;0;34;933;17;60;5;4;4;5;4;5;4;0;0;1;0;0;0;0;0;0;0;0;0;0;0;0;0;0;0;0;1;0;0;0;0;1;0;0;0;0;0;0;0;0;0;0;0;0;0;0;0;0;0;0;0;0;0;0;0;0;0;0;5;3;0;0;2;3;0;0;0;0;ASSIS CHATEAUBRIAND;REGIÃO OESTE;47;8
0.442557785738823;2019-01-31;17;22;26;29;809;35;4;17;22;643;35;0;35;976;30;121;4;5;5;4;4;4;5;0;0;0;0;1;0;0;0;0;0;0;0;0;0;0;0;0;0;0;0;1;0;0;0;1;0;0;0;0;0;0;0;0;0;0;0;0;0;0;0;0;0;0;0;0;0;0;0;0;0;0;5;3;0;0;2;3;31;0;0;0;ASSIS CHATEAUBRIAND;REGIÃO OESTE;48;5
0.662806104922216;2019-02-28;16;19;24;28;679;35;5;16;23;534;35;0;35;823;58;146;4;4;4;4;4;4;4;0;0;0;1;0;0;0;0;0;0;0;0;0;0;0;0;0;0;0;0;1;0;0;0;1;0;0;0;0;0;0;0;0;0;0;0;0;0;0;0;0;0;0;0;0;0;0;0;0;0;0;5;3;0;0;2;3;0;0;0;0;ASSIS CHATEAUBRIAND;REGIÃO OESTE;49;8
0.812337439269765;2019-03-31;13;21;23;26;708;32;6;13;21;557;32;0;32;858;59;181;5;4;4;4;5;5;4;0;0;0;0;0;0;0;0;1;0;0;0;0;0;0;0;0;0;0;0;1;0;0;0;1;0;0;0;0;0;0;0;0;0;0;0;0;0;0;0;0;0;0;0;0;0;0;0;0;0;0;5;4;0;0;2;3;0;3;0;0;ASSIS CHATEAUBRIAND;REGIÃO OESTE;50;9
0.82092555331992;2019-04-30;12;18;22;25;654;30;2;12;20;514;30;0;30;794;28;72;4;4;4;5;4;4;5;1;0;0;0;0;0;0;0;0;0;0;0;0;0;0;0;0;0;0;0;1;0;0;0;1;0;0;0;0;0;0;0;0;0;0;0;0;0;0;0;0;0;0;0;0;0;0;0;0;0;0;5;4;0;0;2;3;0;1;0;0;ASSIS CHATEAUBRIAND;REGIÃO OESTE;51;9
0.695048338813368;2019-05-31;9;12;20;25;606;30;11;9;19;485;30;0;30;727;136;344;4;5;5;4;5;4;4;0;0;0;0;0;0;0;1;0;0;0;0;0;0;0;0;0;0;0;0;1;0;0;0;1;0;0;0;0;0;0;0;0;0;0;0;0;0;0;0;0;0;0;0;0;0;0;0;0;0;0;5;4;0;0;2;3;0;0;0;0;ASSIS CHATEAUBRIAND;REGIÃO OESTE;52;8
0.434803945624969;2019-06-30;8;10;19;23;574;29;0;8;17;411;29;0;29;737;1;4;5;4;4;4;4;5;4;0;0;0;0;0;0;1;0;0;0;0;0;0;0;0;0;0;0;0;0;1;0;0;0;1;0;0;0;0;0;0;0;0;0;0;0;0;0;0;0;0;0;0;0;0;0;0;0;0;0;0;5;4;0;0;2;3;0;1;0;0;ASSIS CHATEAUBRIAND;REGIÃO OESTE;53;5
0.353437699366933;2019-07-31;-2;5;16;23;493;29;3;-2;18;325;29;0;29;661;47;81;4;5;4;5;4;4;5;0;0;0;0;0;1;0;0;0;0;0;0;0;0;0;0;0;0;0;0;1;0;0;0;1;0;0;0;0;0;0;0;0;0;0;0;0;0;0;0;0;0;0;0;0;0;0;0;0;0;0;4;4;0;0;2;3;16;0;0;0;ASSIS CHATEAUBRIAND;REGIÃO OESTE;54;3
0.551994896206507;2019-08-31;1;8;18;25;565;34;0;1;18;347;34;0;34;783;4;12;4;4;5;4;5;5;4;0;1;0;0;0;0;0;0;0;0;0;0;0;0;0;0;0;0;0;0;1;0;0;0;1;0;0;0;0;0;0;0;0;0;0;0;0;0;0;0;0;0;0;0;0;0;0;0;0;0;0;4;4;0;0;2;3;0;0;0;0;ASSIS CHATEAUBRIAND;REGIÃO OESTE;55;7
0.755066987289591;2019-09-30;6;15;22;29;653;37;1;6;21;454;37;0;37;852;29;35;5;4;4;5;4;4;4;0;0;0;0;0;0;0;0;0;0;0;1;0;0;0;0;0;0;0;0;1;0;0;0;1;0;0;0;0;0;0;0;0;0;0;0;0;0;0;0;0;0;0;0;0;0;0;0;0;0;0;4;4;0;0;2;3;0;0;0;0;ASSIS CHATEAUBRIAND;REGIÃO OESTE;56;8
0.905039996074005;2019-10-31;11;18;25;30;767;37;2;11;26;579;37;0;37;956;18;47;4;5;5;4;4;4;5;0;0;0;0;0;0;0;0;0;0;1;0;0;0;0;0;0;0;0;0;1;0;0;0;1;0;0;0;0;0;0;0;0;0;0;0;0;0;0;0;0;0;0;0;0;0;0;0;0;0;0;4;4;0;0;2;3;0;0;0;0;ASSIS CHATEAUBRIAND;REGIÃO OESTE;57;9
0.910536389066104;2019-11-30;14;21;25;28;738;34;10;14;23;578;34;0;34;898;132;314;4;4;4;4;5;5;4;0;0;0;0;0;0;0;0;0;1;0;0;0;0;0;0;0;0;0;0;1;0;0;0;1;0;0;0;0;0;0;0;0;0;0;0;0;0;0;0;0;0;0;0;0;0;0;0;0;0;0;4;4;0;0;2;3;0;0;0;0;ASSIS CHATEAUBRIAND;REGIÃO OESTE;58;9
0.598027187515336;2019-12-31;13;19;23;27;717;33;10;13;22;559;33;0;33;876;89;296;5;4;4;5;4;4;5;0;0;1;0;0;0;0;0;0;0;0;0;0;0;0;0;0;0;0;0;1;0;0;0;1;0;0;0;0;0;0;0;0;0;0;0;0;0;0;0;0;0;0;0;0;0;0;0;0;0;0;4;4;0;0;2;3;0;0;0;0;ASSIS CHATEAUBRIAND;REGIÃO OESTE;59;7
0.420572213770428;2020-01-31;18;20;25;27;771;33;4;18;23;634;33;0;33;909;28;138;4;5;5;4;5;4;4;0;0;0;0;1;0;0;0;0;0;0;0;0;0;0;0;0;0;0;0;0;1;0;0;1;0;0;0;0;0;0;0;0;0;0;0;0;0;0;0;0;0;0;0;0;0;0;0;0;0;0;4;4;0;0;2;3;31;0;0;0;ASSIS CHATEAUBRIAND;REGIÃO OESTE;60;4
0.696029837561957;2020-02-29;12;19;25;28;715;34;1;12;24;566;34;0;34;865;22;43;4;4;4;4;4;5;4;0;0;0;1;0;0;0;0;0;0;0;0;0;0;0;0;0;0;0;0;0;1;0;0;1;0;0;0;0;0;0;0;0;0;0;0;0;0;0;0;0;0;0;0;0;0;0;0;0;0;0;5;4;0;0;3;3;0;3;0;0;ASSIS CHATEAUBRIAND;REGIÃO OESTE;61;8
0.601756882759974;2020-03-31;13;20;24;29;755;35;2;13;24;566;35;0;35;943;26;51;5;4;4;5;4;4;5;0;0;0;0;0;0;0;0;1;0;0;0;0;0;0;0;0;0;0;0;0;1;0;0;1;0;0;0;0;0;0;0;0;0;0;0;0;0;0;0;0;0;0;0;0;0;0;0;0;0;0;5;4;0;0;3;3;0;0;15;0;ASSIS CHATEAUBRIAND;REGIÃO OESTE;62;7
0.125729989694263;2020-04-30;7;14;20;26;600;32;3;7;20;408;32;0;32;792;55;84;4;5;5;4;4;4;4;1;0;0;0;0;0;0;0;0;0;0;0;0;0;0;0;0;0;0;0;0;1;0;0;1;0;0;0;0;0;0;0;0;0;0;0;0;0;0;0;0;0;0;0;0;0;0;0;0;0;0;5;4;0;0;3;3;0;1;30;0;ASSIS CHATEAUBRIAND;REGIÃO OESTE;63;1
0.122932718260784;2020-05-31;3;10;17;22;512;28;8;3;19;323;28;0;28;701;111;243;5;4;4;4;5;5;4;0;0;0;0;0;0;0;1;0;0;0;0;0;0;0;0;0;0;0;0;0;1;0;0;1;0;0;0;0;0;0;0;0;0;0;0;0;0;0;0;0;0;0;0;0;0;0;0;0;0;0;5;4;0;0;3;3;0;0;31;0;ASSIS CHATEAUBRIAND;REGIÃO OESTE;64;1
0.111890857339157;2020-06-30;5;11;18;24;550;30;5;5;19;397;30;0;30;702;82;149;4;4;4;5;4;4;5;0;0;0;0;0;0;1;0;0;0;0;0;0;0;0;0;0;0;0;0;0;1;0;0;1;0;0;0;0;0;0;0;0;0;0;0;0;0;0;0;0;0;0;0;0;0;0;0;0;0;0;5;4;0;0;3;3;0;1;30;0;ASSIS CHATEAUBRIAND;REGIÃO OESTE;65;1
0.119301172891005;2020-07-31;1;9;17;22;518;29;1;1;17;332;29;0;29;705;19;45;4;5;5;4;5;4;4;0;0;0;0;0;1;0;0;0;0;0;0;0;0;0;0;0;0;0;0;0;1;0;0;1;0;0;0;0;0;0;0;0;0;0;0;0;0;0;0;0;0;0;0;0;0;0;0;0;0;0;5;4;0;0;3;3;0;0;31;0;ASSIS CHATEAUBRIAND;REGIÃO OESTE;66;1
0.131569907248368;2020-08-31;1;6;19;24;578;32;10;1;17;393;32;0;32;764;118;314;5;4;4;5;4;5;4;0;1;0;0;0;0;0;0;0;0;0;0;0;0;0;0;0;0;0;0;0;1;0;0;1;0;0;0;0;0;0;0;0;0;0;0;0;0;0;0;0;0;0;0;0;0;0;0;0;0;0;5;3;0;0;3;3;0;0;31;0;ASSIS CHATEAUBRIAND;REGIÃO OESTE;67;1
0.168621485007607;2020-09-30;12;19;23;30;689;39;1;12;20;486;39;0;39;892;19;34;4;5;4;4;4;4;5;0;0;0;0;0;0;0;0;0;0;0;1;0;0;0;0;0;0;0;0;0;1;0;0;1;0;0;0;0;0;0;0;0;0;0;0;0;0;0;0;0;0;0;0;0;0;0;0;0;0;0;5;3;0;0;3;3;0;0;30;0;ASSIS CHATEAUBRIAND;REGIÃO OESTE;68;1
0.224812288364332;2020-10-31;13;19;25;30;761;38;3;13;23;574;38;0;38;947;33;84;4;4;5;4;5;5;4;0;0;0;0;0;0;0;0;0;0;1;0;0;0;0;0;0;0;0;0;0;1;0;0;1;0;0;0;0;0;0;0;0;0;0;0;0;0;0;0;0;0;0;0;0;0;0;0;0;0;0;5;3;0;0;3;3;0;0;31;0;ASSIS CHATEAUBRIAND;REGIÃO OESTE;69;2
0.184031015360455;2020-11-30;11;18;23;28;702;35;3;11;21;509;35;0;35;896;38;79;5;4;4;5;4;4;4;0;0;0;0;0;0;0;0;0;1;0;0;0;0;0;0;0;0;0;0;0;1;0;0;1;0;0;0;0;0;0;0;0;0;0;0;0;0;0;0;0;0;0;0;0;0;0;0;0;0;0;5;3;0;0;3;3;0;0;30;0;ASSIS CHATEAUBRIAND;REGIÃO OESTE;70;1
0.205771212641704;2020-12-31;15;21;24;26;741;32;7;15;21;592;32;0;32;889;78;230;4;5;5;4;4;4;5;0;0;1;0;0;0;0;0;0;0;0;0;0;0;0;0;0;0;0;0;0;1;0;0;1;0;0;0;0;0;0;0;0;0;0;0;0;0;0;0;0;0;0;0;0;0;0;0;0;0;0;5;3;0;0;3;3;0;0;31;0;ASSIS CHATEAUBRIAND;REGIÃO OESTE;71;2
0.18903665897826;2021-01-31;18;20;23;26;724;31;7;18;22;605;31;0;31;843;63;204;5;4;4;4;5;5;4;0;0;0;0;1;0;0;0;0;0;0;0;1;0;0;0;0;0;0;0;0;0;0;0;1;0;0;0;0;0;0;0;0;0;0;0;0;0;0;0;0;0;0;0;0;0;0;0;0;0;0;4;3;0;0;3;3;0;0;31;0;ASSIS CHATEAUBRIAND;REGIÃO OESTE;72;1
0.16656033763557;2021-02-28;14;20;23;27;655;33;3;14;21;502;33;0;33;808;45;92;4;4;4;4;4;4;4;0;0;0;1;0;0;0;0;0;0;0;0;1;0;0;0;0;0;0;0;0;0;0;0;1;0;0;0;0;0;0;0;0;0;0;0;0;0;0;0;0;0;0;0;0;0;0;0;0;0;0;4;3;0;0;3;3;0;3;28;0;ASSIS CHATEAUBRIAND;REGIÃO OESTE;73;1
0.222505766305148;2021-03-31;14;19;24;27;740;34;2;14;22;574;34;0;34;905;14;53;4;5;4;5;4;4;5;0;0;0;0;0;0;0;0;1;0;0;0;1;0;0;0;0;0;0;0;0;0;0;0;1;0;0;0;0;0;0;0;0;0;0;0;0;0;0;0;0;0;0;0;0;0;0;0;0;0;0;4;3;0;0;3;3;0;0;31;0;ASSIS CHATEAUBRIAND;REGIÃO OESTE;74;2
0.148697060411248;2021-04-30;8;16;21;26;639;32;1;8;20;468;32;0;32;810;10;23;4;4;5;4;5;4;4;1;0;0;0;0;0;0;0;0;0;0;0;1;0;0;0;0;0;0;0;0;0;0;0;1;0;0;0;0;0;0;0;0;0;0;0;0;0;0;0;0;0;0;0;0;0;0;0;0;0;0;4;3;0;0;3;3;0;1;30;0;ASSIS CHATEAUBRIAND;REGIÃO OESTE;75;1
0.117534475143544;2021-05-31;5;11;18;24;560;30;2;5;18;379;30;0;30;741;30;65;5;4;4;5;4;5;4;0;0;0;0;0;0;0;1;0;0;0;0;1;0;0;0;0;0;0;0;0;0;0;0;1;0;0;0;0;0;0;0;0;0;0;0;0;0;0;0;0;0;0;0;0;0;0;0;0;0;0;4;3;0;0;3;3;0;0;31;0;ASSIS CHATEAUBRIAND;REGIÃO OESTE;76;1
0.0;2021-06-30;-1;5;16;23;476;29;4;-1;17;343;29;0;29;609;34;110;4;5;4;4;4;4;5;0;0;0;0;0;0;1;0;0;0;0;0;1;0;0;0;0;0;0;0;0;0;0;0;1;0;0;0;0;0;0;0;0;0;0;0;0;0;0;0;0;0;0;0;0;0;0;0;0;0;0;4;4;0;0;3;3;0;1;30;0;ASSIS CHATEAUBRIAND;REGIÃO OESTE;77;0
0.046032291308829;2021-07-31;-2;6;15;23;479;30;1;-2;17;271;30;0;30;687;16;30;4;4;5;4;5;5;4;0;0;0;0;0;1;0;0;0;0;0;0;1;0;0;0;0;0;0;0;0;0;0;0;1;0;0;0;0;0;0;0;0;0;0;0;0;0;0;0;0;0;0;0;0;0;0;0;0;0;0;4;4;0;0;3;3;0;0;31;0;ASSIS CHATEAUBRIAND;REGIÃO OESTE;78;0
0.067330814153212;2021-08-31;6;13;20;26;623;34;2;6;19;434;34;0;34;811;22;51;5;4;4;5;4;4;5;0;1;0;0;0;0;0;0;0;0;0;0;1;0;0;0;0;0;0;0;0;0;0;0;1;0;0;0;0;0;0;0;0;0;0;0;0;0;0;0;0;0;0;0;0;0;0;0;0;0;0;4;4;0;0;3;3;0;0;31;0;ASSIS CHATEAUBRIAND;REGIÃO OESTE;79;0
0.070667909898415;2021-09-30;7;15;23;30;705;36;1;7;24;533;36;0;36;876;19;40;4;5;5;4;4;4;4;0;0;0;0;0;0;0;0;0;0;0;1;1;0;0;0;0;0;0;0;0;0;0;0;1;0;0;0;0;0;0;0;0;0;0;0;0;0;0;0;0;0;0;0;0;0;0;0;0;0;0;4;3;0;0;3;3;0;0;30;0;ASSIS CHATEAUBRIAND;REGIÃO OESTE;80;0
0.14491829022918;2021-10-31;12;17;21;27;655;32;18;12;21;517;32;0;32;794;111;550;5;4;4;4;5;5;4;0;0;0;0;0;0;0;0;0;0;1;0;1;0;0;0;0;0;0;0;0;0;0;0;1;0;0;0;0;0;0;0;0;0;0;0;0;0;0;0;0;0;0;0;0;0;0;0;0;0;0;4;3;0;0;3;3;0;0;0;0;ASSIS CHATEAUBRIAND;REGIÃO OESTE;81;1
0.429896451882024;2021-11-30;14;21;24;27;719;34;2;14;21;545;34;0;34;894;37;55;4;4;4;5;4;4;5;0;0;0;0;0;0;0;0;0;1;0;0;1;0;0;0;0;0;0;0;0;0;0;0;1;0;0;0;0;0;0;0;0;0;0;0;0;0;0;0;0;0;0;0;0;0;0;0;0;0;0;4;3;0;0;3;3;0;0;0;0;ASSIS CHATEAUBRIAND;REGIÃO OESTE;82;5
0.403543210482407;2021-12-31;14;22;26;28;806;36;1;14;23;598;36;0;36;1013;34;45;4;5;5;4;5;4;4;0;0;1;0;0;0;0;0;0;0;0;0;1;0;0;0;0;0;0;0;0;0;0;0;1;0;0;0;0;0;0;0;0;0;0;0;0;0;0;0;0;0;0;0;0;0;0;0;0;0;0;4;3;0;0;3;3;0;0;0;0;ASSIS CHATEAUBRIAND;REGIÃO OESTE;83;4
0.234676350787653;2022-01-31;17;23;27;31;824;37;6;17;24;646;37;0;37;1001;41;184;5;4;4;5;4;5;4;0;0;0;0;1;0;0;0;0;0;0;0;0;1;0;0;0;0;0;0;0;0;0;0;1;0;0;0;0;0;0;0;0;0;0;0;0;0;0;0;0;0;0;0;0;0;0;0;0;0;0;4;3;0;0;3;3;31;0;0;0;ASSIS CHATEAUBRIAND;REGIÃO OESTE;84;2
0.191294106100015;2022-02-28;14;21;26;29;724;35;8;14;23;548;35;0;35;899;75;210;4;4;4;4;4;4;4;0;0;0;1;0;0;0;0;0;0;0;0;0;1;0;0;0;0;0;0;0;0;0;0;1;0;0;0;0;0;0;0;0;0;0;0;0;0;0;0;0;0;0;0;0;0;0;0;0;0;0;4;3;0;0;3;3;0;1;0;0;ASSIS CHATEAUBRIAND;REGIÃO OESTE;85;1
0.325955734406439;2022-03-31;11;16;23;28;723;34;7;11;23;570;34;0;34;877;84;230;4;5;5;4;4;4;5;0;0;0;0;0;0;0;0;1;0;0;0;0;1;0;0;0;0;0;0;0;0;0;0;1;0;0;0;0;0;0;0;0;0;0;0;0;0;0;0;0;0;0;0;0;0;0;0;0;0;0;4;3;0;0;3;3;0;1;0;0;ASSIS CHATEAUBRIAND;REGIÃO OESTE;86;3
0.390145752564166;2022-04-30;8;16;21;26;628;31;12;8;21;483;31;0;31;772;115;366;4;4;4;4;5;5;4;1;0;0;0;0;0;0;0;0;0;0;0;0;1;0;0;0;0;0;0;0;0;0;0;1;0;0;0;0;0;0;0;0;0;0;0;0;0;0;0;0;0;0;0;0;0;0;0;0;0;0;4;3;0;0;3;3;0;1;0;0;ASSIS CHATEAUBRIAND;REGIÃO OESTE;87;4
0.287922657898611;2022-05-31;4;9;16;23;496;27;5;4;18;362;27;0;27;629;57;168;5;4;4;5;4;4;5;0;0;0;0;0;0;0;1;0;0;0;0;0;1;0;0;0;0;0;0;0;0;0;0;1;0;0;0;0;0;0;0;0;0;0;0;0;0;0;0;0;0;0;0;0;0;0;0;0;0;0;4;3;0;0;3;3;0;0;0;0;ASSIS CHATEAUBRIAND;REGIÃO OESTE;88;2
0.263532413996172;2022-06-30;1;7;16;22;466;28;5;1;16;324;28;0;28;607;60;156;4;5;5;4;4;4;4;0;0;0;0;0;0;1;0;0;0;0;0;0;1;0;0;0;0;0;0;0;0;0;0;1;0;0;0;0;0;0;0;0;0;0;0;0;0;0;0;0;0;0;0;0;0;0;0;0;0;0;4;3;0;0;3;3;0;1;0;0;ASSIS CHATEAUBRIAND;REGIÃO OESTE;89;2
0.265102811993915;2022-07-31;4;11;20;23;610;29;1;4;18;428;29;0;29;791;7;18;5;4;4;4;5;5;4;0;0;0;0;0;1;0;0;0;0;0;0;0;1;0;0;0;0;0;0;0;0;0;0;1;0;0;0;0;0;0;0;0;0;0;0;0;0;0;0;0;0;0;0;0;0;0;0;0;0;0;4;3;0;0;3;3;0;0;0;0;ASSIS CHATEAUBRIAND;REGIÃO OESTE;90;2
0.23315502772734;2022-08-31;2;8;17;25;535;31;9;2;19;365;31;0;31;704;84;266;4;5;4;5;4;4;5;0;1;0;0;0;0;0;0;0;0;0;0;0;1;0;0;0;0;0;0;0;0;0;0;1;0;0;0;0;0;0;0;0;0;0;0;0;0;0;0;0;0;0;0;0;0;0;0;0;0;0;4;3;0;0;3;3;0;0;0;0;ASSIS CHATEAUBRIAND;REGIÃO OESTE;91;2
0.353339549492074;2022-09-30;6;12;17;25;518;31;16;6;20;386;31;0;31;650;94;490;4;4;5;4;5;4;4;0;0;0;0;0;0;0;0;0;0;0;1;0;1;0;0;0;0;0;0;0;0;0;0;1;0;0;0;0;0;0;0;0;0;0;0;0;0;0;0;0;0;0;0;0;0;0;0;0;0;0;4;3;0;0;3;3;0;0;0;0;ASSIS CHATEAUBRIAND;REGIÃO OESTE;92;3
0.351818226431761;2022-10-31;11;14;20;25;616;32;13;11;20;472;32;0;32;761;126;399;5;4;4;5;4;5;4;0;0;0;0;0;0;0;0;0;0;1;0;0;1;0;0;0;0;0;0;0;0;0;0;1;0;0;0;0;0;0;0;0;0;0;0;0;0;0;0;0;0;0;0;0;0;0;0;0;0;0;4;3;0;0;3;3;0;0;0;0;ASSIS CHATEAUBRIAND;REGIÃO OESTE;93;3
0.368062030720911;2022-11-30;5;12;20;25;614;32;4;5;21;416;32;0;32;813;58;117;4;5;4;4;4;4;5;0;0;0;0;0;0;0;0;0;1;0;0;0;1;0;0;0;0;0;0;0;0;0;0;1;0;0;0;0;0;0;0;0;0;0;0;0;0;0;0;0;0;0;0;0;0;0;0;0;0;0;4;3;0;0;3;3;0;0;0;0;ASSIS CHATEAUBRIAND;REGIÃO OESTE;94;4
0.363988810914266;2022-12-31;11;20;24;28;755;34;4;11;23;567;34;0;34;944;51;136;4;4;5;4;5;5;4;0;0;1;0;0;0;0;0;0;0;0;0;0;1;0;0;0;0;0;0;0;0;0;0;1;0;0;0;0;0;0;0;0;0;0;0;0;0;0;0;0;0;0;0;0;0;0;0;0;0;0;4;3;0;0;3;3;0;0;0;0;ASSIS CHATEAUBRIAND;REGIÃO OESTE;95;4
0.099278598419787;2023-01-31;16;20;24;28;748;34;9;16;21;588;34;0;34;908;88;294;5;4;4;5;4;4;5;0;0;0;0;1;0;0;0;0;0;0;0;0;0;1;0;0;0;0;0;0;0;0;0;1;0;0;0;0;0;0;0;0;0;0;0;0;0;0;0;0;0;0;0;0;0;0;0;0;0;0;3;3;0;0;3;3;31;0;0;0;ASSIS CHATEAUBRIAND;REGIÃO OESTE;96;1
0.420768513520145;2023-02-28;10;16;23;26;647;32;18;10;21;513;32;0;32;781;104;510;4;4;4;4;4;4;4;0;0;0;1;0;0;0;0;0;0;0;0;0;0;1;0;0;0;0;0;0;0;0;0;1;0;0;0;0;0;0;0;0;0;0;0;0;0;0;0;0;0;0;0;0;0;0;0;0;0;0;4;3;0;0;3;3;0;3;0;0;ASSIS CHATEAUBRIAND;REGIÃO OESTE;97;4
0.783873975560681;2023-03-31;15;21;24;27;747;33;6;15;21;597;33;0;33;896;36;179;4;5;5;4;5;4;4;0;0;0;0;0;0;0;0;1;0;0;0;0;0;1;0;0;0;0;0;0;0;0;0;1;0;0;0;0;0;0;0;0;0;0;0;0;0;0;0;0;0;0;0;0;0;0;0;0;0;0;4;4;0;0;3;3;0;0;0;0;ASSIS CHATEAUBRIAND;REGIÃO OESTE;98;9
0.429896451882024;2023-04-30;11;16;21;25;629;31;5;11;20;483;31;0;31;774;37;140;5;4;4;4;4;5;4;1;0;0;0;0;0;0;0;0;0;0;0;0;0;1;0;0;0;0;0;0;0;0;0;1;0;0;0;0;0;0;0;0;0;0;0;0;0;0;0;0;0;0;0;0;0;0;0;0;0;0;4;4;0;0;3;3;0;1;0;0;ASSIS CHATEAUBRIAND;REGIÃO OESTE;99;5
0.402021887422094;2023-05-31;7;14;19;24;586;28;7;7;19;435;28;0;28;737;72;228;4;5;4;5;4;4;5;0;0;0;0;0;0;0;1;0;0;0;0;0;0;1;0;0;0;0;0;0;0;0;0;1;0;0;0;0;0;0;0;0;0;0;0;0;0;0;0;0;0;0;0;0;0;0;0;0;0;0;4;4;0;0;3;3;0;0;0;0;ASSIS CHATEAUBRIAND;REGIÃO OESTE;100;4
0.318005594542867;2023-06-30;6;8;17;21;501;27;1;6;16;346;27;0;27;655;10;35;4;4;5;4;5;4;4;0;0;0;0;0;0;1;0;0;0;0;0;0;0;1;0;0;0;0;0;0;0;0;0;1;0;0;0;0;0;0;0;0;0;0;0;0;0;0;0;0;0;0;0;0;0;0;0;0;0;0;4;4;0;0;3;3;0;1;0;0;ASSIS CHATEAUBRIAND;REGIÃO OESTE;101;3
0.192079305098886;2023-07-31;5;10;18;24;562;29;5;5;19;410;29;0;29;714;46;146;5;4;4;5;4;5;4;0;0;0;0;0;1;0;0;0;0;0;0;0;0;1;0;0;0;0;0;0;0;0;0;1;0;0;0;0;0;0;0;0;0;0;0;0;0;0;0;0;0;0;0;0;0;0;0;0;0;0;4;4;0;0;3;3;15;0;0;0;ASSIS CHATEAUBRIAND;REGIÃO OESTE;102;1
0.470481425136183;2023-08-31;9;14;20;27;625;33;8;9;21;456;33;0;33;794;120;250;4;5;5;4;4;4;5;0;1;0;0;0;0;0;0;0;0;0;0;0;0;1;0;0;0;0;0;0;0;0;0;1;0;0;0;0;0;0;0;0;0;0;0;0;0;0;0;0;0;0;0;0;0;0;0;0;0;0;4;4;0;0;3;3;0;0;0;0;ASSIS CHATEAUBRIAND;REGIÃO OESTE;103;5
0.599204986013643;2023-09-30;7;14;23;30;684;36;6;7;25;522;36;0;36;846;79;167;4;4;4;4;5;5;4;0;0;0;0;0;0;0;0;0;0;0;1;0;0;1;0;0;0;0;0;0;0;0;0;1;0;0;0;0;0;0;0;0;0;0;0;0;0;0;0;0;0;0;0;0;0;0;0;0;0;0;4;4;0;0;3;3;0;0;0;0;ASSIS CHATEAUBRIAND;REGIÃO OESTE;104;7
0.624135054227806;2023-10-31;11;17;23;29;708;36;9;11;22;561;36;0;36;855;108;291;5;4;4;5;4;4;5;0;0;0;0;0;0;0;0;0;0;1;0;0;0;1;0;0;0;0;0;0;0;0;0;1;0;0;0;0;0;0;0;0;0;0;0;0;0;0;0;0;0;0;0;0;0;0;0;0;0;0;4;4;0;0;3;3;0;0;0;0;ASSIS CHATEAUBRIAND;REGIÃO OESTE;105;7
0.609510722873828;2023-11-30;10;15;24;30;706;35;9;10;26;582;35;0;35;830;64;263;4;5;5;4;4;4;4;0;0;0;0;0;0;0;0;0;1;0;0;0;0;1;0;0;0;0;0;0;0;0;0;1;0;0;0;0;0;0;0;0;0;0;0;0;0;0;0;0;0;0;0;0;0;0;0;0;0;0;4;4;0;0;3;3;0;0;0;0;ASSIS CHATEAUBRIAND;REGIÃO OESTE;106;7
0.376159395396771;2023-12-31;17;20;25;29;778;35;5;17;23;636;35;0;35;920;32;168;5;4;4;4;5;5;4;0;0;1;0;0;0;0;0;0;0;0;0;0;0;1;0;0;0;0;0;0;0;0;0;1;0;0;0;0;0;0;0;0;0;0;0;0;0;0;0;0;0;0;0;0;0;0;0;0;0;0;4;4;0;0;3;3;0;0;0;0;ASSIS CHATEAUBRIAND;REGIÃO OESTE;107;4
0.157088874711685;2024-01-31;15;21;25;29;780;35;7;15;23;617;35;0;35;943;52;206;4;5;4;5;4;4;5;0;0;0;0;1;0;0;0;0;0;0;0;0;0;0;1;0;0;0;0;0;0;0;0;1;0;0;0;0;0;0;0;0;0;0;0;0;0;0;0;0;0;0;0;0;0;0;0;0;0;0;4;4;0;0;3;3;31;0;0;0;ASSIS CHATEAUBRIAND;REGIÃO OESTE;108;1
0.533199195171026;2024-02-29;18;23;26;29;761;36;4;18;23;605;36;0;36;917;33;103;4;4;5;4;4;4;4;0;0;0;1;0;0;0;0;0;0;0;0;0;0;0;1;0;0;0;0;0;0;0;0;1;0;0;0;0;0;0;0;0;0;0;0;0;0;0;0;0;0;0;0;0;0;0;0;0;0;0;4;4;0;0;3;3;0;3;0;0;ASSIS CHATEAUBRIAND;REGIÃO OESTE;109;6
0.913186435687294;2024-03-31;17;22;26;29;798;36;1;17;24;642;36;0;36;953;10;27;5;4;4;4;5;5;4;0;0;0;0;0;0;0;0;1;0;0;0;0;0;0;1;0;0;0;0;0;0;0;0;1;0;0;0;0;0;0;0;0;0;0;0;0;0;0;0;0;0;0;0;0;0;0;0;0;0;0;4;4;0;0;3;3;0;1;0;0;ASSIS CHATEAUBRIAND;REGIÃO OESTE;110;9
0.67870638464936;2024-04-30;12;19;24;28;717;34;2;12;23;577;34;0;34;858;26;74;4;4;4;5;4;4;5;1;0;0;0;0;0;0;0;0;0;0;0;0;0;0;1;0;0;0;0;0;0;0;0;1;0;0;0;0;0;0;0;0;0;0;0;0;0;0;0;0;0;0;0;0;0;0;0;0;0;0;4;4;0;0;3;3;0;0;0;0;ASSIS CHATEAUBRIAND;REGIÃO OESTE;111;8
0.187515335917947;2024-05-31;5;10;19;28;581;32;2;5;24;452;32;0;32;709;35;77;4;5;5;4;5;4;4;0;0;0;0;0;0;0;1;0;0;0;0;0;0;0;1;0;0;0;0;0;0;0;0;1;0;0;0;0;0;0;0;0;0;0;0;0;0;0;0;0;0;0;0;0;0;0;0;0;0;0;4;4;0;0;3;3;0;1;0;30;ASSIS CHATEAUBRIAND;REGIÃO OESTE;112;1
0.128085586690877;2024-06-30;3;9;20;25;612;30;0;3;22;461;30;0;30;763;1;6;5;4;4;4;4;5;4;0;0;0;0;0;0;1;0;0;0;0;0;0;0;0;1;0;0;0;0;0;0;0;0;1;0;0;0;0;0;0;0;0;0;0;0;0;0;0;0;0;0;0;0;0;0;0;0;0;0;0;4;4;0;0;3;3;0;0;0;30;ASSIS CHATEAUBRIAND;REGIÃO OESTE;113;1
0.338126318888943;2024-07-31;4;7;16;22;492;28;5;4;18;351;28;0;28;633;55;155;4;5;4;5;4;4;5;0;0;0;0;0;1;0;0;0;0;0;0;0;0;0;1;0;0;0;0;0;0;0;0;1;0;0;0;0;0;0;0;0;0;0;0;0;0;0;0;0;0;0;0;0;0;0;0;0;0;0;4;4;0;0;3;3;12;0;0;0;ASSIS CHATEAUBRIAND;REGIÃO OESTE;114;3
0.395936595180841;2024-08-31;2;9;19;27;578;34;1;2;20;394;34;0;34;763;15;36;4;4;5;4;5;5;4;0;1;0;0;0;0;0;0;0;0;0;0;0;0;0;1;0;0;0;0;0;0;0;0;1;0;0;0;0;0;0;0;0;0;0;0;0;0;0;0;0;0;0;0;0;0;0;0;0;0;0;4;4;0;0;3;3;0;0;0;0;ASSIS CHATEAUBRIAND;REGIÃO OESTE;115;4
0.627177700348432;2024-09-30;10;16;22;29;670;36;1;10;21;488;36;0;36;853;22;42;5;4;4;5;4;4;4;0;0;0;0;0;0;0;0;0;0;0;1;0;0;0;1;0;0;0;0;0;0;0;0;1;0;0;0;0;0;0;0;0;0;0;0;0;0;0;0;0;0;0;0;0;0;0;0;0;0;0;4;4;0;0;3;3;0;0;0;0;ASSIS CHATEAUBRIAND;REGIÃO OESTE;116;8
0.852333513274771;2024-10-31;13;20;24;28;737;36;2;13;24;567;36;0;36;906;13;52;4;5;5;4;4;4;5;0;0;0;0;0;0;0;0;0;0;1;0;0;0;0;1;0;0;0;0;0;0;0;0;1;0;0;0;0;0;0;0;0;0;0;0;0;0;0;0;0;0;0;0;0;0;0;0;0;0;0;4;4;0;0;3;3;0;0;0;0;ASSIS CHATEAUBRIAND;REGIÃO OESTE;117;9
0.253219820999782;2017-09-30;16;21;25;28;760;35;1;16;22;563;35;0;35;956;28;44;4;4;4;4;5;5;4;0;0;0;0;0;0;0;0;0;0;0;1;0;0;0;0;0;0;1;0;0;0;0;0;0;1;0;0;0;0;0;0;0;0;0;0;0;0;0;0;0;0;0;0;0;0;0;0;0;0;0;1;0;0;0;0;0;0;0;0;0;ASTORGA;REGIÃO NORTE;1;2
0.324819908316961;2017-10-31;12;19;24;31;745;37;11;12;24;583;37;0;37;907;97;354;5;4;4;5;4;4;5;0;0;0;0;0;0;0;0;0;0;1;0;0;0;0;0;0;0;1;0;0;0;0;0;0;1;0;0;0;0;0;0;0;0;0;0;0;0;0;0;0;0;0;0;0;0;0;0;0;0;0;1;0;0;0;0;0;0;0;0;0;ASTORGA;REGIÃO NORTE;2;3
0.409954158480681;2017-11-30;15;20;24;29;732;36;4;15;23;584;36;0;36;880;41;130;4;5;5;4;4;4;4;0;0;0;0;0;0;0;0;0;1;0;0;0;0;0;0;0;0;1;0;0;0;0;0;0;1;0;0;0;0;0;0;0;0;0;0;0;0;0;0;0;0;0;0;0;0;0;0;0;0;0;1;0;0;0;0;0;0;0;0;0;ASTORGA;REGIÃO NORTE;3;4
0.258313323146329;2017-12-31;18;22;26;30;796;35;4;18;25;665;35;0;35;927;25;114;5;4;4;4;5;5;4;0;0;1;0;0;0;0;0;0;0;0;0;0;0;0;0;0;0;1;0;0;0;0;0;0;1;0;0;0;0;0;0;0;0;0;0;0;0;0;0;0;0;0;0;0;0;0;0;0;0;0;1;0;0;0;0;0;0;0;0;0;ASTORGA;REGIÃO NORTE;4;2
0.216110019646365;2018-01-31;19;20;25;30;790;35;9;19;25;666;35;0;35;914;56;278;4;5;4;5;4;4;5;0;0;0;0;1;0;0;0;0;0;0;0;0;0;0;0;0;0;0;1;0;0;0;0;0;1;0;0;0;0;0;0;0;0;0;0;0;0;0;0;0;0;0;0;0;0;0;0;0;0;0;1;0;0;0;0;0;31;0;0;0;ASTORGA;REGIÃO NORTE;5;2
0.303281670668704;2018-02-28;18;22;25;28;696;34;3;18;22;562;34;0;34;831;25;71;4;4;4;4;4;4;4;0;0;0;1;0;0;0;0;0;0;0;0;0;0;0;0;0;0;0;1;0;0;0;0;0;1;0;0;0;0;0;0;0;0;0;0;0;0;0;0;0;0;0;0;0;0;0;0;0;0;0;1;0;0;0;0;0;0;3;0;0;ASTORGA;REGIÃO NORTE;6;3
0.446918431201339;2018-03-31;19;22;26;29;812;34;5;19;24;679;34;0;34;943;22;148;4;4;5;4;5;5;4;0;0;0;0;0;0;0;0;1;0;0;0;0;0;0;0;0;0;0;1;0;0;0;0;0;1;0;0;0;0;0;0;0;0;0;0;0;0;0;0;0;0;0;0;0;0;0;0;0;0;0;1;0;0;0;0;0;0;1;0;0;ASTORGA;REGIÃO NORTE;7;5
0.455359091901332;2018-04-30;16;22;24;27;734;32;0;16;24;581;32;0;32;888;7;13;5;4;4;5;4;4;4;1;0;0;0;0;0;0;0;0;0;0;0;0;0;0;0;0;0;0;1;0;0;0;0;0;1;0;0;0;0;0;0;0;0;0;0;0;0;0;0;0;0;0;0;0;0;0;0;0;0;0;1;0;0;0;0;0;0;0;0;0;ASTORGA;REGIÃO NORTE;8;5
0.488976206068544;2018-05-31;7;14;21;25;655;31;2;7;20;495;31;0;31;815;29;59;4;5;5;4;4;4;5;0;0;0;0;0;0;0;1;0;0;0;0;0;0;0;0;0;0;0;1;0;0;0;0;0;1;0;0;0;0;0;0;0;0;0;0;0;0;0;0;0;0;0;0;0;0;0;0;0;0;0;1;0;0;0;0;0;0;1;0;0;ASTORGA;REGIÃO NORTE;9;6
0.522593320235756;2018-06-30;10;15;20;25;610;30;2;10;22;487;30;0;30;732;33;56;4;4;4;4;5;5;4;0;0;0;0;0;0;1;0;0;0;0;0;0;0;0;0;0;0;0;1;0;0;0;0;0;1;0;0;0;0;0;0;0;0;0;0;0;0;0;0;0;0;0;0;0;0;0;0;0;0;0;1;0;0;0;0;0;0;0;0;0;ASTORGA;REGIÃO NORTE;10;6
0.507458342428873;2018-07-31;7;14;21;25;660;31;0;7;19;473;31;0;31;846;8;9;5;4;4;5;4;4;5;0;0;0;0;0;1;0;0;0;0;0;0;0;0;0;0;0;0;0;1;0;0;0;0;0;1;0;0;0;0;0;0;0;0;0;0;0;0;0;0;0;0;0;0;0;0;0;0;0;0;0;1;0;0;0;0;0;16;0;0;0;ASTORGA;REGIÃO NORTE;11;6
0.535690897184021;2018-08-31;8;13;19;25;592;33;16;8;19;442;33;0;33;741;141;497;4;5;5;4;5;4;4;0;1;0;0;0;0;0;0;0;0;0;0;0;0;0;0;0;0;0;1;0;0;0;0;0;1;0;0;0;0;0;0;0;0;0;0;0;0;0;0;0;0;0;0;0;0;0;0;0;0;0;1;0;0;0;0;0;0;0;0;0;ASTORGA;REGIÃO NORTE;12;6
0.520846976642654;2018-09-30;11;15;22;28;673;35;6;11;23;517;35;0;35;829;53;194;5;4;4;4;4;5;4;0;0;0;0;0;0;0;0;0;0;0;1;0;0;0;0;0;0;0;1;0;0;0;0;0;1;0;0;0;0;0;0;0;0;0;0;0;0;0;0;0;0;0;0;0;0;0;0;0;0;0;1;0;0;0;0;0;0;0;0;0;ASTORGA;REGIÃO NORTE;13;6
0.517499818089209;2018-10-31;15;20;24;27;746;33;9;15;23;605;33;0;33;886;50;276;4;5;4;5;4;4;5;0;0;0;0;0;0;0;0;0;0;1;0;0;0;0;0;0;0;0;1;0;0;0;0;0;1;0;0;0;0;0;0;0;0;0;0;0;0;0;0;0;0;0;0;0;0;0;0;0;0;0;1;0;0;0;0;0;0;0;0;0;ASTORGA;REGIÃO NORTE;14;6
0.451429818816852;2018-11-30;16;20;25;31;757;35;4;16;28;609;35;0;35;905;45;132;4;4;5;4;5;4;4;0;0;0;0;0;0;0;0;0;1;0;0;0;0;0;0;0;0;0;1;0;0;0;0;0;1;0;0;0;0;0;0;0;0;0;0;0;0;0;0;0;0;0;0;0;0;0;0;0;0;0;1;0;0;0;0;0;0;0;0;0;ASTORGA;REGIÃO NORTE;15;5
0.292221494579058;2018-12-31;15;22;27;29;832;35;2;15;25;676;35;0;35;988;13;57;5;4;4;5;4;5;4;0;0;1;0;0;0;0;0;0;0;0;0;0;0;0;0;0;0;0;1;0;0;0;0;0;1;0;0;0;0;0;0;0;0;0;0;0;0;0;0;0;0;0;0;0;0;0;0;0;0;0;1;0;0;0;0;0;0;0;0;0;ASTORGA;REGIÃO NORTE;16;3
0.233718984210143;2019-01-31;21;25;28;31;877;37;3;21;28;741;37;0;37;1012;37;104;4;5;5;4;4;4;5;0;0;0;0;1;0;0;0;0;0;0;0;0;0;0;0;0;0;0;0;1;0;0;0;0;1;0;0;0;0;0;0;0;0;0;0;0;0;0;0;0;0;0;0;0;0;0;0;0;0;0;1;0;0;0;0;0;31;0;0;0;ASTORGA;REGIÃO NORTE;17;2
0.282471076184239;2019-02-28;18;23;26;31;742;37;4;18;25;609;37;0;37;874;54;106;4;4;4;4;4;4;4;0;0;0;1;0;0;0;0;0;0;0;0;0;0;0;0;0;0;0;0;1;0;0;0;0;1;0;0;0;0;0;0;0;0;0;0;0;0;0;0;0;0;0;0;0;0;0;0;0;0;0;1;0;0;0;0;0;0;0;0;0;ASTORGA;REGIÃO NORTE;18;2
0.506876227897839;2019-03-31;18;23;26;28;794;33;5;18;24;651;33;0;33;937;42;151;5;4;4;4;5;5;4;0;0;0;0;0;0;0;0;1;0;0;0;0;0;0;0;0;0;0;0;1;0;0;0;0;1;0;0;0;0;0;0;0;0;0;0;0;0;0;0;0;0;0;0;0;0;0;0;0;0;0;1;0;0;0;0;0;0;3;0;0;ASTORGA;REGIÃO NORTE;19;6
0.539183584370225;2019-04-30;16;22;25;27;742;32;1;16;24;607;32;0;32;877;7;28;4;4;4;5;4;4;5;1;0;0;0;0;0;0;0;0;0;0;0;0;0;0;0;0;0;0;0;1;0;0;0;0;1;0;0;0;0;0;0;0;0;0;0;0;0;0;0;0;0;0;0;0;0;0;0;0;0;0;1;0;0;0;0;0;0;1;0;0;ASTORGA;REGIÃO NORTE;20;6
0.547769773702976;2019-05-31;12;16;22;26;681;31;4;12;22;565;31;0;31;797;54;122;4;5;5;4;5;4;4;0;0;0;0;0;0;0;1;0;0;0;0;0;0;0;0;0;0;0;0;1;0;0;0;0;1;0;0;0;0;0;0;0;0;0;0;0;0;0;0;0;0;0;0;0;0;0;0;0;0;0;1;0;0;0;0;0;0;0;0;0;ASTORGA;REGIÃO NORTE;21;6
0.478934730408208;2019-06-30;10;15;21;24;628;29;1;10;21;489;29;0;29;766;13;37;5;4;4;4;4;5;4;0;0;0;0;0;0;1;0;0;0;0;0;0;0;0;0;0;0;0;0;1;0;0;0;0;1;0;0;0;0;0;0;0;0;0;0;0;0;0;0;0;0;0;0;0;0;0;0;0;0;0;1;0;0;0;0;0;0;1;0;0;ASTORGA;REGIÃO NORTE;22;5
0.485774576147857;2019-07-31;3;10;19;24;604;30;2;3;19;445;30;0;30;763;36;51;4;5;4;5;4;4;5;0;0;0;0;0;1;0;0;0;0;0;0;0;0;0;0;0;0;0;0;1;0;0;0;0;1;0;0;0;0;0;0;0;0;0;0;0;0;0;0;0;0;0;0;0;0;0;0;0;0;0;1;0;0;0;0;0;16;0;0;0;ASTORGA;REGIÃO NORTE;23;5
0.546605544640908;2019-08-31;8;13;21;27;659;33;0;8;21;475;33;0;33;842;0;0;4;4;5;4;5;5;4;0;1;0;0;0;0;0;0;0;0;0;0;0;0;0;0;0;0;0;0;1;0;0;0;0;1;0;0;0;0;0;0;0;0;0;0;0;0;0;0;0;0;0;0;0;0;0;0;0;0;0;1;0;0;0;0;0;0;0;0;0;ASTORGA;REGIÃO NORTE;24;6
0.555337262606418;2019-09-30;14;19;25;30;737;37;3;14;23;571;37;0;37;903;20;81;5;4;4;5;4;4;4;0;0;0;0;0;0;0;0;0;0;0;1;0;0;0;0;0;0;0;0;1;0;0;0;0;1;0;0;0;0;0;0;0;0;0;0;0;0;0;0;0;0;0;0;0;0;0;0;0;0;0;1;0;0;0;0;0;0;0;0;0;ASTORGA;REGIÃO NORTE;25;7
0.533799024958161;2019-10-31;17;20;27;32;843;39;3;17;25;652;39;0;39;1034;28;80;4;5;5;4;4;4;5;0;0;0;0;0;0;0;0;0;0;1;0;0;0;0;0;0;0;0;0;1;0;0;0;0;1;0;0;0;0;0;0;0;0;0;0;0;0;0;0;0;0;0;0;0;0;0;0;0;0;0;1;0;0;0;0;0;0;0;0;0;ASTORGA;REGIÃO NORTE;26;6
0.477188386815106;2019-11-30;17;23;27;32;796;38;3;17;28;639;38;0;38;953;26;86;4;4;4;4;5;5;4;0;0;0;0;0;0;0;0;0;1;0;0;0;0;0;0;0;0;0;0;1;0;0;0;0;1;0;0;0;0;0;0;0;0;0;0;0;0;0;0;0;0;0;0;0;0;0;0;0;0;0;1;0;0;0;0;0;0;0;0;0;ASTORGA;REGIÃO NORTE;27;5
0.363530524630721;2019-12-31;17;20;25;28;769;34;10;17;23;627;34;0;34;911;46;303;5;4;4;5;4;4;5;0;0;1;0;0;0;0;0;0;0;0;0;0;0;0;0;0;0;0;0;1;0;0;0;0;1;0;0;0;0;0;0;0;0;0;0;0;0;0;0;0;0;0;0;0;0;0;0;0;0;0;1;0;0;0;0;0;0;0;0;0;ASTORGA;REGIÃO NORTE;28;4
0.290620679618715;2020-01-31;18;22;26;29;798;34;4;18;25;671;34;0;34;926;27;136;4;5;5;4;5;4;4;0;0;0;0;1;0;0;0;0;0;0;0;0;0;0;0;0;0;0;0;0;1;0;0;0;1;0;0;0;0;0;0;0;0;0;0;0;0;0;0;0;0;0;0;0;0;0;0;0;0;0;1;0;0;0;0;0;31;0;0;0;ASTORGA;REGIÃO NORTE;29;3
0.396274467001383;2020-02-29;18;23;26;29;744;35;4;18;25;604;35;0;35;883;45;129;4;4;4;4;4;5;4;0;0;0;1;0;0;0;0;0;0;0;0;0;0;0;0;0;0;0;0;0;1;0;0;0;1;0;0;0;0;0;0;0;0;0;0;0;0;0;0;0;0;0;0;0;0;0;0;0;0;0;1;1;0;0;0;0;0;3;0;0;ASTORGA;REGIÃO NORTE;30;4
0.290620679618715;2020-03-31;17;23;25;29;789;35;2;17;24;617;35;0;35;961;15;60;5;4;4;5;4;4;5;0;0;0;0;0;0;0;0;1;0;0;0;0;0;0;0;0;0;0;0;0;1;0;0;0;1;0;0;0;0;0;0;0;0;0;0;0;0;0;0;0;0;0;0;0;0;0;0;0;0;0;1;1;0;0;0;0;0;0;15;0;ASTORGA;REGIÃO NORTE;31;3
0.059812268063742;2020-04-30;12;17;23;27;697;33;2;12;22;527;33;0;33;867;36;62;4;5;5;4;4;4;4;1;0;0;0;0;0;0;0;0;0;0;0;0;0;0;0;0;0;0;0;0;1;0;0;0;1;0;0;0;0;0;0;0;0;0;0;0;0;0;0;0;0;0;0;0;0;0;0;0;0;0;1;1;0;0;0;0;0;1;30;0;ASTORGA;REGIÃO NORTE;32;0
0.015280506439642;2020-05-31;8;13;20;25;626;31;2;8;20;457;31;0;31;796;38;71;5;4;4;4;5;5;4;0;0;0;0;0;0;0;1;0;0;0;0;0;0;0;0;0;0;0;0;0;1;0;0;0;1;0;0;0;0;0;0;0;0;0;0;0;0;0;0;0;0;0;0;0;0;0;0;0;0;0;1;1;0;0;0;0;0;0;31;0;ASTORGA;REGIÃO NORTE;33;0
0.0;2020-06-30;11;17;21;25;630;30;5;11;20;496;30;0;30;765;104;150;4;4;4;5;4;4;5;0;0;0;0;0;0;1;0;0;0;0;0;0;0;0;0;0;0;0;0;0;1;0;0;0;1;0;0;0;0;0;0;0;0;0;0;0;0;0;0;0;0;0;0;0;0;0;0;0;0;0;1;1;0;0;0;0;0;1;30;0;ASTORGA;REGIÃO NORTE;34;0
0.003056101287928;2020-07-31;6;12;21;24;636;30;1;6;19;467;30;0;30;804;9;17;4;5;5;4;5;4;4;0;0;0;0;0;1;0;0;0;0;0;0;0;0;0;0;0;0;0;0;0;1;0;0;0;1;0;0;0;0;0;0;0;0;0;0;0;0;0;0;0;0;0;0;0;0;0;0;0;0;0;1;1;0;0;0;0;0;0;31;0;ASTORGA;REGIÃO NORTE;35;0
0.003056101287928;2020-08-31;6;12;21;27;643;34;6;6;21;476;34;0;34;809;46;176;5;4;4;5;4;5;4;0;1;0;0;0;0;0;0;0;0;0;0;0;0;0;0;0;0;0;0;0;1;0;0;0;1;0;0;0;0;0;0;0;0;0;0;0;0;0;0;0;0;0;0;0;0;0;0;0;0;0;1;1;0;0;0;0;0;0;31;0;ASTORGA;REGIÃO NORTE;36;0
0.02226588081205;2020-09-30;14;20;26;31;794;39;0;14;24;599;39;0;39;989;5;14;4;5;4;4;4;4;5;0;0;0;0;0;0;0;0;0;0;0;1;0;0;0;0;0;0;0;0;0;1;0;0;0;1;0;0;0;0;0;0;0;0;0;0;0;0;0;0;0;0;0;0;0;0;0;0;0;0;0;1;1;0;0;0;0;0;0;30;0;ASTORGA;REGIÃO NORTE;37;0
0.061704140289602;2020-10-31;15;21;26;33;814;40;1;15;26;622;40;0;40;1006;8;41;4;4;5;4;5;5;4;0;0;0;0;0;0;0;0;0;0;1;0;0;0;0;0;0;0;0;0;0;1;0;0;0;1;0;0;0;0;0;0;0;0;0;0;0;0;0;0;0;0;0;0;0;0;0;0;0;0;0;1;1;0;0;0;0;0;0;31;0;ASTORGA;REGIÃO NORTE;38;0
0.026631739794805;2020-11-30;14;21;26;30;776;36;1;14;25;588;36;0;36;964;10;18;5;4;4;5;4;4;4;0;0;0;0;0;0;0;0;0;1;0;0;0;0;0;0;0;0;0;0;0;1;0;0;0;1;0;0;0;0;0;0;0;0;0;0;0;0;0;0;0;0;0;0;0;0;0;0;0;0;0;1;1;0;0;0;0;0;0;30;0;ASTORGA;REGIÃO NORTE;39;0
0.039147202212035;2020-12-31;18;23;25;28;790;33;7;18;24;642;33;0;33;939;48;215;4;5;5;4;4;4;5;0;0;1;0;0;0;0;0;0;0;0;0;0;0;0;0;0;0;0;0;0;1;0;0;0;1;0;0;0;0;0;0;0;0;0;0;0;0;0;0;0;0;0;0;0;0;0;0;0;0;0;1;1;0;0;0;0;0;0;31;0;ASTORGA;REGIÃO NORTE;40;0
0.012078876518955;2021-01-31;19;23;25;28;779;33;5;19;24;664;33;0;33;894;26;170;5;4;4;4;5;5;4;0;0;0;0;1;0;0;0;0;0;0;0;1;0;0;0;0;0;0;0;0;0;0;0;0;1;0;0;0;0;0;0;0;0;0;0;0;0;0;0;0;0;0;0;0;0;0;0;0;0;0;1;1;0;0;0;0;0;0;31;0;ASTORGA;REGIÃO NORTE;41;0
0.026922797060322;2021-02-28;18;22;25;28;702;34;3;18;22;556;34;0;34;848;22;74;4;4;4;4;4;4;4;0;0;0;1;0;0;0;0;0;0;0;0;1;0;0;0;0;0;0;0;0;0;0;0;0;1;0;0;0;0;0;0;0;0;0;0;0;0;0;0;0;0;0;0;0;0;0;0;0;0;0;1;1;0;0;0;0;0;3;28;0;ASTORGA;REGIÃO NORTE;42;0
0.057192752674089;2021-03-31;17;22;26;29;807;34;4;17;24;644;34;0;34;969;36;116;4;5;4;5;4;4;5;0;0;0;0;0;0;0;0;1;0;0;0;1;0;0;0;0;0;0;0;0;0;0;0;0;1;0;0;0;0;0;0;0;0;0;0;0;0;0;0;0;0;0;0;0;0;0;0;0;0;0;1;1;0;0;0;0;0;0;31;0;ASTORGA;REGIÃO NORTE;43;0
0.044095175725824;2021-04-30;13;20;23;27;697;33;0;13;22;526;33;0;33;868;2;4;4;4;5;4;5;4;4;1;0;0;0;0;0;0;0;0;0;0;0;1;0;0;0;0;0;0;0;0;0;0;0;0;1;0;0;0;0;0;0;0;0;0;0;0;0;0;0;0;0;0;0;0;0;0;0;0;0;0;1;1;0;0;0;0;0;1;30;0;ASTORGA;REGIÃO NORTE;44;0
0.084261078367169;2021-05-31;9;15;21;26;657;32;8;9;21;484;32;0;32;831;147;234;5;4;4;5;4;5;4;0;0;0;0;0;0;0;1;0;0;0;0;1;0;0;0;0;0;0;0;0;0;0;0;0;1;0;0;0;0;0;0;0;0;0;0;0;0;0;0;0;0;0;0;0;0;0;0;0;0;0;1;1;0;0;0;0;0;0;31;0;ASTORGA;REGIÃO NORTE;45;1
0.035363457760314;2021-06-30;2;8;19;24;556;29;2;2;19;428;29;0;29;684;22;73;4;5;4;4;4;4;5;0;0;0;0;0;0;1;0;0;0;0;0;1;0;0;0;0;0;0;0;0;0;0;0;0;1;0;0;0;0;0;0;0;0;0;0;0;0;0;0;0;0;0;0;0;0;0;0;0;0;0;1;1;0;0;0;0;0;1;30;0;ASTORGA;REGIÃO NORTE;46;0
0.003056101287928;2021-07-31;2;8;18;24;551;30;1;2;18;356;30;0;30;745;9;26;4;4;5;4;5;5;4;0;0;0;0;0;1;0;0;0;0;0;0;1;0;0;0;0;0;0;0;0;0;0;0;0;1;0;0;0;0;0;0;0;0;0;0;0;0;0;0;0;0;0;0;0;0;0;0;0;0;0;1;1;0;0;0;0;0;0;31;0;ASTORGA;REGIÃO NORTE;47;0
0.075238303136142;2021-08-31;10;16;23;29;699;36;3;10;22;517;36;0;36;881;65;90;5;4;4;5;4;4;5;0;1;0;0;0;0;0;0;0;0;0;0;1;0;0;0;0;0;0;0;0;0;0;0;0;1;0;0;0;0;0;0;0;0;0;0;0;0;0;0;0;0;0;0;0;0;0;0;0;0;0;1;1;0;0;0;0;0;0;31;0;ASTORGA;REGIÃO NORTE;48;0
0.096485483518882;2021-09-30;13;20;26;32;777;38;2;13;26;586;38;0;38;967;23;71;4;5;5;4;4;4;4;0;0;0;0;0;0;0;0;0;0;0;1;1;0;0;0;0;0;0;0;0;0;0;0;0;1;0;0;0;0;0;0;0;0;0;0;0;0;0;0;0;0;0;0;0;0;0;0;0;0;0;1;1;0;0;0;0;0;0;30;0;ASTORGA;REGIÃO NORTE;49;1
0.061704140289602;2021-10-31;13;18;22;27;692;33;21;13;22;552;33;0;33;831;147;637;5;4;4;4;5;5;4;0;0;0;0;0;0;0;0;0;0;1;0;1;0;0;0;0;0;0;0;0;0;0;0;0;1;0;0;0;0;0;0;0;0;0;0;0;0;0;0;0;0;0;0;0;0;0;0;0;0;0;1;1;0;0;0;0;0;0;0;0;ASTORGA;REGIÃO NORTE;50;0
0.170705086225715;2021-11-30;15;21;26;29;766;35;1;15;24;591;35;0;35;941;18;28;4;4;4;5;4;4;5;0;0;0;0;0;0;0;0;0;1;0;0;1;0;0;0;0;0;0;0;0;0;0;0;0;1;0;0;0;0;0;0;0;0;0;0;0;0;0;0;0;0;0;0;0;0;0;0;0;0;0;1;1;0;0;0;0;0;0;0;0;ASTORGA;REGIÃO NORTE;51;1
0.183511605908462;2021-12-31;16;22;26;30;813;37;1;16;23;622;37;0;37;1003;13;30;4;5;5;4;5;4;4;0;0;1;0;0;0;0;0;0;0;0;0;1;0;0;0;0;0;0;0;0;0;0;0;0;1;0;0;0;0;0;0;0;0;0;0;0;0;0;0;0;0;0;0;0;0;0;0;0;0;0;1;1;0;0;0;0;0;0;0;0;ASTORGA;REGIÃO NORTE;52;1
0.224114094448083;2022-01-31;18;22;26;30;804;36;5;18;24;656;36;0;36;953;32;143;5;4;4;5;4;5;4;0;0;0;0;1;0;0;0;0;0;0;0;0;1;0;0;0;0;0;0;0;0;0;0;0;1;0;0;0;0;0;0;0;0;0;0;0;0;0;0;0;0;0;0;0;0;0;0;0;0;0;1;1;0;0;0;0;31;0;0;0;ASTORGA;REGIÃO NORTE;53;2
0.409954158480681;2022-02-28;18;25;27;31;748;37;4;18;24;589;37;0;37;906;31;111;4;4;4;4;4;4;4;0;0;0;1;0;0;0;0;0;0;0;0;0;1;0;0;0;0;0;0;0;0;0;0;0;1;0;0;0;0;0;0;0;0;0;0;0;0;0;0;0;0;0;0;0;0;0;0;0;0;0;1;1;0;0;0;1;0;1;0;0;ASTORGA;REGIÃO NORTE;54;4
0.539911227534017;2022-03-31;18;21;26;30;804;36;13;18;24;657;36;0;36;951;102;415;4;5;5;4;4;4;5;0;0;0;0;0;0;0;0;1;0;0;0;0;1;0;0;0;0;0;0;0;0;0;0;0;1;0;0;0;0;0;0;0;0;0;0;0;0;0;0;0;0;0;0;0;0;0;0;0;0;0;1;1;0;0;0;1;0;1;0;0;ASTORGA;REGIÃO NORTE;55;6
0.358437022484174;2022-04-30;14;19;23;27;702;32;6;14;22;558;32;0;32;847;62;180;4;4;4;4;5;5;4;1;0;0;0;0;0;0;0;0;0;0;0;0;1;0;0;0;0;0;0;0;0;0;0;0;1;0;0;0;0;0;0;0;0;0;0;0;0;0;0;0;0;0;0;0;0;0;0;0;0;0;1;1;0;0;0;1;0;1;0;0;ASTORGA;REGIÃO NORTE;56;3
0.427126537146184;2022-05-31;6;10;19;25;595;31;2;6;22;452;31;0;31;737;21;57;5;4;4;5;4;4;5;0;0;0;0;0;0;0;1;0;0;0;0;0;1;0;0;0;0;0;0;0;0;0;0;0;1;0;0;0;0;0;0;0;0;0;0;0;0;0;0;0;0;0;0;0;0;0;0;0;0;0;1;1;0;0;0;1;0;0;0;0;ASTORGA;REGIÃO NORTE;57;4
0.375900458415193;2022-06-30;6;13;19;23;576;29;1;6;18;436;29;0;29;715;13;45;4;5;5;4;4;4;4;0;0;0;0;0;0;1;0;0;0;0;0;0;1;0;0;0;0;0;0;0;0;0;0;0;1;0;0;0;0;0;0;0;0;0;0;0;0;0;0;0;0;0;0;0;0;0;0;0;0;0;1;1;0;0;0;1;0;1;0;0;ASTORGA;REGIÃO NORTE;58;4
0.219602706832569;2022-07-31;9;16;22;24;684;30;0;9;19;508;30;0;30;860;2;4;5;4;4;4;5;5;4;0;0;0;0;0;1;0;0;0;0;0;0;0;1;0;0;0;0;0;0;0;0;0;0;0;1;0;0;0;0;0;0;0;0;0;0;0;0;0;0;0;0;0;0;0;0;0;0;0;0;0;1;1;0;0;0;1;0;0;0;0;ASTORGA;REGIÃO NORTE;59;2
0.427126537146184;2022-08-31;6;12;20;26;625;33;6;6;21;459;33;0;33;790;58;178;4;5;4;5;4;4;5;0;1;0;0;0;0;0;0;0;0;0;0;0;1;0;0;0;0;0;0;0;0;0;0;0;1;0;0;0;0;0;0;0;0;0;0;0;0;0;0;0;0;0;0;0;0;0;0;0;0;0;1;1;0;0;0;1;0;0;0;0;ASTORGA;REGIÃO NORTE;60;4
0.406461471294477;2022-09-30;9;15;20;28;599;35;5;9;21;464;35;0;35;733;39;162;4;4;5;4;5;4;4;0;0;0;0;0;0;0;0;0;0;0;1;0;1;0;0;0;0;0;0;0;0;0;0;0;1;0;0;0;0;0;0;0;0;0;0;0;0;0;0;0;0;0;0;0;0;0;0;0;0;0;1;1;0;0;0;1;0;0;0;0;ASTORGA;REGIÃO NORTE;61;4
0.39554682383759;2022-10-31;-8;10;23;27;712;34;8;-8;22;545;34;0;34;879;37;235;5;4;4;5;4;5;4;0;0;0;0;0;0;0;0;0;0;1;0;0;1;0;0;0;0;0;0;0;0;0;0;0;1;0;0;0;0;0;0;0;0;0;0;0;0;0;0;0;0;0;0;0;0;0;0;0;0;0;1;1;0;0;0;1;0;0;0;0;ASTORGA;REGIÃO NORTE;62;4
0.388998035363458;2022-11-30;12;15;23;26;681;33;3;12;21;516;33;0;33;846;30;83;4;5;4;4;4;4;5;0;0;0;0;0;0;0;0;0;1;0;0;0;1;0;0;0;0;0;0;0;0;0;0;0;1;0;0;0;0;0;0;0;0;0;0;0;0;0;0;0;0;0;0;0;0;0;0;0;0;0;1;1;0;0;0;1;0;0;0;0;ASTORGA;REGIÃO NORTE;63;4
0.309830459142836;2022-12-31;3;17;25;28;765;33;7;3;23;610;33;0;33;920;46;221;4;4;5;4;5;5;4;0;0;1;0;0;0;0;0;0;0;0;0;0;1;0;0;0;0;0;0;0;0;0;0;0;1;0;0;0;0;0;0;0;0;0;0;0;0;0;0;0;0;0;0;0;0;0;0;0;0;0;1;1;0;0;0;1;0;0;0;0;ASTORGA;REGIÃO NORTE;64;3
0.188022993523976;2023-01-31;17;21;25;27;769;33;9;17;23;634;33;0;33;903;49;270;5;4;4;5;4;4;5;0;0;0;0;1;0;0;0;0;0;0;0;0;0;1;0;0;0;0;0;0;0;0;0;0;1;0;0;0;0;0;0;0;0;0;0;0;0;0;0;0;0;0;0;0;0;0;0;0;0;0;1;1;0;0;0;1;31;0;0;0;ASTORGA;REGIÃO NORTE;65;1
0.528123408280579;2023-02-28;12;19;24;27;679;34;10;12;22;559;34;0;34;798;33;287;4;4;4;4;4;4;4;0;0;0;1;0;0;0;0;0;0;0;0;0;0;1;0;0;0;0;0;0;0;0;0;0;1;0;0;0;0;0;0;0;0;0;0;0;0;0;0;0;0;0;0;0;0;0;0;0;0;0;1;1;0;0;0;1;0;3;0;0;ASTORGA;REGIÃO NORTE;66;6
0.846685585388925;2023-03-31;18;23;26;28;806;34;7;18;23;651;34;0;34;960;41;209;4;5;5;4;5;4;4;0;0;0;0;0;0;0;0;1;0;0;0;0;0;1;0;0;0;0;0;0;0;0;0;0;1;0;0;0;0;0;0;0;0;0;0;0;0;0;0;0;0;0;0;0;0;0;0;0;0;0;1;1;0;0;0;1;0;0;0;0;ASTORGA;REGIÃO NORTE;67;9
0.515607945863349;2023-04-30;12;19;23;28;693;34;12;12;22;550;34;0;34;837;121;373;5;4;4;4;4;5;4;1;0;0;0;0;0;0;0;0;0;0;0;0;0;1;0;0;0;0;0;0;0;0;0;0;1;0;0;0;0;0;0;0;0;0;0;0;0;0;0;0;0;0;0;0;0;0;0;0;0;0;1;1;0;0;0;1;0;1;0;0;ASTORGA;REGIÃO NORTE;68;6
0.50382012660991;2023-05-31;12;18;22;26;672;30;3;12;21;506;30;0;30;837;42;100;4;5;4;5;4;4;5;0;0;0;0;0;0;0;1;0;0;0;0;0;0;1;0;0;0;0;0;0;0;0;0;0;1;0;0;0;0;0;0;0;0;0;0;0;0;0;0;0;0;0;0;0;0;0;0;0;0;0;1;1;0;0;0;1;0;0;0;0;ASTORGA;REGIÃO NORTE;69;6
0.441388343156516;2023-06-30;9;11;19;24;583;30;4;9;18;422;30;0;30;744;65;122;4;4;5;4;5;4;4;0;0;0;0;0;0;1;0;0;0;0;0;0;0;1;0;0;0;0;0;0;0;0;0;0;1;0;0;0;0;0;0;0;0;0;0;0;0;0;0;0;0;0;0;0;0;0;0;0;0;0;1;1;0;0;0;1;0;1;0;0;ASTORGA;REGIÃO NORTE;70;5
0.264716582987703;2023-07-31;8;13;20;25;631;30;1;8;19;466;30;0;30;796;11;32;5;4;4;5;4;5;4;0;0;0;0;0;1;0;0;0;0;0;0;0;0;1;0;0;0;0;0;0;0;0;0;0;1;0;0;0;0;0;0;0;0;0;0;0;0;0;0;0;0;0;0;0;0;0;0;0;0;0;1;1;0;0;0;1;15;0;0;0;ASTORGA;REGIÃO NORTE;71;2
0.562468165611584;2023-08-31;11;17;22;28;697;35;2;11;21;501;35;0;35;892;20;64;4;5;5;4;4;4;5;0;1;0;0;0;0;0;0;0;0;0;0;0;0;1;0;0;0;0;0;0;0;0;0;0;1;0;0;0;0;0;0;0;0;0;0;0;0;0;0;0;0;0;0;0;0;0;0;0;0;0;1;1;0;0;0;1;0;0;0;0;ASTORGA;REGIÃO NORTE;72;7
0.703339882121807;2023-09-30;10;18;26;32;778;38;5;10;26;585;38;0;38;970;77;139;4;4;4;4;5;5;4;0;0;0;0;0;0;0;0;0;0;0;1;0;0;1;0;0;0;0;0;0;0;0;0;0;1;0;0;0;0;0;0;0;0;0;0;0;0;0;0;0;0;0;0;0;0;0;0;0;0;0;1;1;0;0;0;1;0;0;0;0;ASTORGA;REGIÃO NORTE;73;8
0.742923670232118;2023-10-31;17;21;26;31;798;36;11;17;25;631;36;0;36;965;113;341;5;4;4;5;4;4;5;0;0;0;0;0;0;0;0;0;0;1;0;0;0;1;0;0;0;0;0;0;0;0;0;0;1;0;0;0;0;0;0;0;0;0;0;0;0;0;0;0;0;0;0;0;0;0;0;0;0;0;1;1;0;0;0;1;0;0;0;0;ASTORGA;REGIÃO NORTE;74;8
0.672778869242524;2023-11-30;12;18;26;32;775;38;7;12;26;613;38;0;38;937;62;216;4;5;5;4;4;4;4;0;0;0;0;0;0;0;0;0;1;0;0;0;0;1;0;0;0;0;0;0;0;0;0;0;1;0;0;0;0;0;0;0;0;0;0;0;0;0;0;0;0;0;0;0;0;0;0;0;0;0;1;1;0;0;0;1;0;0;0;0;ASTORGA;REGIÃO NORTE;75;8
0.47675180091683;2023-12-31;17;23;27;30;834;37;6;17;24;656;37;0;37;1013;32;179;5;4;4;4;5;5;4;0;0;1;0;0;0;0;0;0;0;0;0;0;0;1;0;0;0;0;0;0;0;0;0;0;1;0;0;0;0;0;0;0;0;0;0;0;0;0;0;0;0;0;0;0;0;0;0;0;0;0;1;1;0;0;0;1;0;0;0;0;ASTORGA;REGIÃO NORTE;76;5
0.431637924761697;2024-01-31;16;20;26;31;818;37;2;16;25;648;37;0;37;988;20;66;4;5;4;5;4;4;5;0;0;0;0;1;0;0;0;0;0;0;0;0;0;0;1;0;0;0;0;0;0;0;0;0;1;0;0;0;0;0;0;0;0;0;0;0;0;0;0;0;0;0;0;0;0;0;0;0;0;0;1;1;0;0;0;1;31;0;0;0;ASTORGA;REGIÃO NORTE;77;5
0.850032743942371;2024-02-29;19;24;27;30;791;36;4;19;25;631;36;0;36;951;28;110;4;4;5;4;4;4;4;0;0;0;1;0;0;0;0;0;0;0;0;0;0;0;1;0;0;0;0;0;0;0;0;0;1;0;0;0;0;0;0;0;0;0;0;0;0;0;0;0;0;0;0;0;0;0;0;0;0;0;1;1;0;0;0;1;0;3;0;0;ASTORGA;REGIÃO NORTE;78;9
1.0;2024-03-31;18;21;28;31;856;37;2;18;26;681;37;0;37;1030;47;68;5;4;4;4;5;5;4;0;0;0;0;0;0;0;0;1;0;0;0;0;0;0;1;0;0;0;0;0;0;0;0;0;1;0;0;0;0;0;0;0;0;0;0;0;0;0;0;0;0;0;0;0;0;0;0;0;0;0;1;1;0;0;0;1;0;1;0;0;ASTORGA;REGIÃO NORTE;79;9
0.506876227897839;2024-04-30;15;21;26;29;774;35;4;15;23;622;35;0;35;926;38;120;4;4;4;5;4;4;5;1;0;0;0;0;0;0;0;0;0;0;0;0;0;0;1;0;0;0;0;0;0;0;0;0;1;0;0;0;0;0;0;0;0;0;0;0;0;0;0;0;0;0;0;0;0;0;0;0;0;0;1;1;0;0;0;1;0;0;0;0;ASTORGA;REGIÃO NORTE;80;6
0.377501273375537;2024-05-31;7;13;23;28;716;34;1;7;23;556;34;0;34;876;29;33;4;5;5;4;5;4;4;0;0;0;0;0;0;0;1;0;0;0;0;0;0;0;1;0;0;0;0;0;0;0;0;0;1;0;0;0;0;0;0;0;0;0;0;0;0;0;0;0;0;0;0;0;0;0;0;0;0;0;1;1;0;0;0;1;0;1;0;30;ASTORGA;REGIÃO NORTE;81;4
0.428290766208251;2024-06-30;11;17;23;25;689;32;0;11;20;503;32;0;32;876;3;4;5;4;4;4;4;5;4;0;0;0;0;0;0;1;0;0;0;0;0;0;0;0;1;0;0;0;0;0;0;0;0;0;1;0;0;0;0;0;0;0;0;0;0;0;0;0;0;0;0;0;0;0;0;0;0;0;0;0;1;1;0;0;0;1;0;0;0;30;ASTORGA;REGIÃO NORTE;82;5
0.594047878920178;2024-07-31;8;10;18;23;564;29;3;8;19;431;29;0;29;696;41;88;4;5;4;5;4;4;5;0;0;0;0;0;1;0;0;0;0;0;0;0;0;0;1;0;0;0;0;0;0;0;0;0;1;0;0;0;0;0;0;0;0;0;0;0;0;0;0;0;0;0;0;0;0;0;0;0;0;0;1;1;0;0;0;1;12;0;0;0;ASTORGA;REGIÃO NORTE;83;7
0.769991995925198;2024-08-31;4;12;20;27;633;36;1;4;22;447;36;0;36;818;19;46;4;4;5;4;5;5;4;0;1;0;0;0;0;0;0;0;0;0;0;0;0;0;1;0;0;0;0;0;0;0;0;0;1;0;0;0;0;0;0;0;0;0;0;0;0;0;0;0;0;0;0;0;0;0;0;0;0;0;1;1;0;0;0;1;0;0;0;0;ASTORGA;REGIÃO NORTE;84;8
0.956559703121589;2024-09-30;12;18;24;29;713;38;1;12;21;503;38;0;38;923;26;43;5;4;4;5;4;4;4;0;0;0;0;0;0;0;0;0;0;0;1;0;0;0;1;0;0;0;0;0;0;0;0;0;1;0;0;0;0;0;0;0;0;0;0;0;0;0;0;0;0;0;0;0;0;0;0;0;0;0;1;1;0;0;0;1;0;0;0;0;ASTORGA;REGIÃO NORTE;85;9
1.0;2024-10-31;16;21;25;31;776;37;4;16;26;631;37;0;37;921;28;112;4;5;5;4;4;4;5;0;0;0;0;0;0;0;0;0;0;1;0;0;0;0;1;0;0;0;0;0;0;0;0;0;1;0;0;0;0;0;0;0;0;0;0;0;0;0;0;0;0;0;0;0;0;0;0;0;0;0;1;1;0;0;0;1;0;0;0;0;ASTORGA;REGIÃO NORTE;86;9
0.460943060498221;2015-04-30;10;17;20;22;592;28;3;10;19;433;28;0;28;752;51;99;4;5;5;4;4;4;4;1;0;0;0;0;0;0;0;0;0;0;0;0;0;0;0;1;0;0;0;0;0;0;0;0;0;1;0;0;0;0;0;0;0;0;0;0;0;0;0;0;0;0;0;0;0;0;0;0;0;0;1;0;0;0;0;0;0;1;0;0;BARRACÃO;REGIÃO SUL;1;5
0.50008896797153;2015-05-31;5;10;17;22;512;27;12;5;19;385;27;0;27;639;115;363;5;4;4;4;5;5;4;0;0;0;0;0;0;0;1;0;0;0;0;0;0;0;0;1;0;0;0;0;0;0;0;0;0;1;0;0;0;0;0;0;0;0;0;0;0;0;0;0;0;0;0;0;0;0;0;0;0;0;1;0;0;0;0;0;0;0;0;0;BARRACÃO;REGIÃO SUL;2;6
0.499377224199288;2015-06-30;2;8;17;21;499;27;6;2;16;345;27;0;27;652;85;169;4;4;4;5;4;4;5;0;0;0;0;0;0;1;0;0;0;0;0;0;0;0;0;1;0;0;0;0;0;0;0;0;0;1;0;0;0;0;0;0;0;0;0;0;0;0;0;0;0;0;0;0;0;0;0;0;0;0;1;0;0;0;0;0;0;1;0;0;BARRACÃO;REGIÃO SUL;3;6
0.480160142348754;2015-07-31;2;8;14;20;445;26;17;2;15;322;26;0;26;568;118;521;4;5;5;4;5;4;4;0;0;0;0;0;1;0;0;0;0;0;0;0;0;0;0;1;0;0;0;0;0;0;0;0;0;1;0;0;0;0;0;0;0;0;0;0;0;0;0;0;0;0;0;0;0;0;0;0;0;0;1;0;0;0;0;0;15;0;0;0;BARRACÃO;REGIÃO SUL;4;5
0.544217081850534;2015-08-31;6;13;20;24;606;31;3;6;17;408;31;0;31;804;51;95;5;4;4;5;4;5;4;0;1;0;0;0;0;0;0;0;0;0;0;0;0;0;0;1;0;0;0;0;0;0;0;0;0;1;0;0;0;0;0;0;0;0;0;0;0;0;0;0;0;0;0;0;0;0;0;0;0;0;1;0;0;0;0;0;0;0;0;0;BARRACÃO;REGIÃO SUL;5;6
0.50364768683274;2015-09-30;1;9;20;28;594;35;6;1;21;407;35;0;35;780;35;177;4;5;4;4;4;4;5;0;0;0;0;0;0;0;0;0;0;0;1;0;0;0;0;1;0;0;0;0;0;0;0;0;0;1;0;0;0;0;0;0;0;0;0;0;0;0;0;0;0;0;0;0;0;0;0;0;0;0;1;0;0;0;0;0;0;0;0;0;BARRACÃO;REGIÃO SUL;6;6
0.305782918149466;2015-10-31;8;13;21;28;654;34;7;8;22;494;34;0;34;814;40;209;4;4;5;4;5;5;4;0;0;0;0;0;0;0;0;0;0;1;0;0;0;0;0;1;0;0;0;0;0;0;0;0;0;1;0;0;0;0;0;0;0;0;0;0;0;0;0;0;0;0;0;0;0;0;0;0;0;0;1;0;0;0;0;0;0;0;0;0;BARRACÃO;REGIÃO SUL;7;3
0.287989323843416;2015-11-30;8;17;21;26;619;32;11;8;21;498;32;0;32;740;80;344;5;4;4;5;4;4;4;0;0;0;0;0;0;0;0;0;1;0;0;0;0;0;0;1;0;0;0;0;0;0;0;0;0;1;0;0;0;0;0;0;0;0;0;0;0;0;0;0;0;0;0;0;0;0;0;0;0;0;1;0;0;0;0;0;0;0;0;0;BARRACÃO;REGIÃO SUL;8;2
0.34635231316726;2015-12-31;12;19;22;25;689;31;12;12;21;559;31;0;31;820;83;361;4;5;5;4;4;4;5;0;0;1;0;0;0;0;0;0;0;0;0;0;0;0;0;1;0;0;0;0;0;0;0;0;0;1;0;0;0;0;0;0;0;0;0;0;0;0;0;0;0;0;0;0;0;0;0;0;0;0;1;0;0;0;0;0;0;0;0;0;BARRACÃO;REGIÃO SUL;9;3
0.0;2016-01-31;16;20;24;27;754;34;6;16;22;590;34;0;34;918;91;189;5;4;4;4;5;5;4;0;0;0;0;1;0;0;0;0;0;0;0;0;0;0;0;0;1;0;0;0;0;0;0;0;0;1;0;0;0;0;0;0;0;0;0;0;0;0;0;0;0;0;0;0;0;0;0;0;0;0;1;0;0;0;0;0;31;0;0;0;BARRACÃO;REGIÃO SUL;10;0
0.350978647686833;2016-02-29;17;20;24;27;702;32;6;17;22;567;32;0;32;837;46;185;4;4;4;5;4;4;4;0;0;0;1;0;0;0;0;0;0;0;0;0;0;0;0;0;1;0;0;0;0;0;0;0;0;1;0;0;0;0;0;0;0;0;0;0;0;0;0;0;0;0;0;0;0;0;0;0;0;0;1;0;0;0;0;0;0;3;0;0;BARRACÃO;REGIÃO SUL;11;3
0.574110320284698;2016-03-31;12;17;21;25;648;31;4;12;21;509;31;0;31;786;38;137;4;5;5;4;4;4;5;0;0;0;0;0;0;0;0;1;0;0;0;0;0;0;0;0;1;0;0;0;0;0;0;0;0;1;0;0;0;0;0;0;0;0;0;0;0;0;0;0;0;0;0;0;0;0;0;0;0;0;1;0;0;0;0;0;0;1;0;0;BARRACÃO;REGIÃO SUL;12;7
0.53923487544484;2016-04-30;2;8;22;26;652;32;3;2;21;499;32;0;32;806;56;95;4;4;4;4;5;5;4;1;0;0;0;0;0;0;0;0;0;0;0;0;0;0;0;0;1;0;0;0;0;0;0;0;0;1;0;0;0;0;0;0;0;0;0;0;0;0;0;0;0;0;0;0;0;0;0;0;0;0;1;0;0;0;0;0;0;0;0;0;BARRACÃO;REGIÃO SUL;13;6
0.49297153024911;2016-05-31;2;9;15;20;457;25;4;2;15;330;25;0;25;584;28;120;5;4;4;5;4;4;5;0;0;0;0;0;0;0;1;0;0;0;0;0;0;0;0;0;1;0;0;0;0;0;0;0;0;1;0;0;0;0;0;0;0;0;0;0;0;0;0;0;0;0;0;0;0;0;0;0;0;0;1;0;0;0;0;0;0;1;0;0;BARRACÃO;REGIÃO SUL;14;6
0.704715302491103;2016-06-30;-1;6;12;19;360;26;1;-1;13;203;26;0;26;518;24;37;4;5;5;4;4;4;4;0;0;0;0;0;0;1;0;0;0;0;0;0;0;0;0;0;1;0;0;0;0;0;0;0;0;1;0;0;0;0;0;0;0;0;0;0;0;0;0;0;0;0;0;0;0;0;0;0;0;0;1;0;0;0;0;0;0;0;0;0;BARRACÃO;REGIÃO SUL;15;8
0.772330960854093;2016-07-31;-1;4;15;22;456;28;3;-1;18;273;28;0;28;639;24;104;5;4;4;4;5;5;4;0;0;0;0;0;1;0;0;0;0;0;0;0;0;0;0;0;1;0;0;0;0;0;0;0;0;1;0;0;0;0;0;0;0;0;0;0;0;0;0;0;0;0;0;0;0;0;0;0;0;0;1;0;0;0;0;0;14;0;0;0;BARRACÃO;REGIÃO SUL;16;9
0.687633451957296;2016-08-31;2;9;16;23;511;31;12;2;16;338;31;0;31;683;131;364;4;5;4;5;4;4;5;0;1;0;0;0;0;0;0;0;0;0;0;0;0;0;0;0;1;0;0;0;0;0;0;0;0;1;0;0;0;0;0;0;0;0;0;0;0;0;0;0;0;0;0;0;0;0;0;0;0;0;1;0;0;0;0;0;0;0;0;0;BARRACÃO;REGIÃO SUL;17;8
0.545996441281139;2016-09-30;2;10;17;22;500;32;4;2;19;295;32;0;32;705;72;118;4;4;5;4;5;4;4;0;0;0;0;0;0;0;0;0;0;0;1;0;0;0;0;0;1;0;0;0;0;0;0;0;0;1;0;0;0;0;0;0;0;0;0;0;0;0;0;0;0;0;0;0;0;0;0;0;0;0;1;0;0;0;0;0;0;0;0;0;BARRACÃO;REGIÃO SUL;18;6
0.478024911032028;2016-10-31;5;13;19;26;602;33;9;5;20;428;33;0;33;775;54;293;5;4;4;5;4;5;4;0;0;0;0;0;0;0;0;0;0;1;0;0;0;0;0;0;1;0;0;0;0;0;0;0;0;1;0;0;0;0;0;0;0;0;0;0;0;0;0;0;0;0;0;0;0;0;0;0;0;0;1;0;0;0;0;0;0;0;0;0;BARRACÃO;REGIÃO SUL;19;5
0.507918149466192;2016-11-30;6;14;20;24;612;32;3;6;20;422;32;0;32;802;47;92;4;5;4;4;4;4;5;0;0;0;0;0;0;0;0;0;1;0;0;0;0;0;0;0;1;0;0;0;0;0;0;0;0;1;0;0;0;0;0;0;0;0;0;0;0;0;0;0;0;0;0;0;0;0;0;0;0;0;1;0;0;0;0;0;0;0;0;0;BARRACÃO;REGIÃO SUL;20;6
0.450266903914591;2016-12-31;9;18;22;26;680;31;6;9;20;529;31;0;31;832;83;200;4;4;5;4;5;5;4;0;0;1;0;0;0;0;0;0;0;0;0;0;0;0;0;0;1;0;0;0;0;0;0;0;0;1;0;0;0;0;0;0;0;0;0;0;0;0;0;0;0;0;0;0;0;0;0;0;0;0;1;0;0;0;0;0;0;0;0;0;BARRACÃO;REGIÃO SUL;21;5
0.239590747330961;2017-01-31;12;17;23;26;723;32;2;12;20;558;32;0;32;889;11;77;5;4;4;5;4;4;5;0;0;0;0;1;0;0;0;0;0;0;0;0;0;0;0;0;0;1;0;0;0;0;0;0;0;1;0;0;0;0;0;0;0;0;0;0;0;0;0;0;0;0;0;0;0;0;0;0;0;0;1;0;0;0;0;0;31;0;0;0;BARRACÃO;REGIÃO SUL;22;2
0.497953736654804;2017-02-28;13;20;24;26;662;34;3;13;21;511;34;0;34;812;40;91;4;4;4;4;4;4;4;0;0;0;1;0;0;0;0;0;0;0;0;0;0;0;0;0;0;1;0;0;0;0;0;0;0;1;0;0;0;0;0;0;0;0;0;0;0;0;0;0;0;0;0;0;0;0;0;0;0;0;1;0;0;0;0;0;0;2;0;0;BARRACÃO;REGIÃO SUL;23;6
0.664857651245552;2017-03-31;11;16;22;27;683;33;4;11;21;527;33;0;33;839;60;125;4;5;5;4;5;4;4;0;0;0;0;0;0;0;0;1;0;0;0;0;0;0;0;0;0;1;0;0;0;0;0;0;0;1;0;0;0;0;0;0;0;0;0;0;0;0;0;0;0;0;0;0;0;0;0;0;0;0;1;0;0;0;0;0;0;1;0;0;BARRACÃO;REGIÃO SUL;24;8
0.421797153024911;2017-04-30;5;11;19;23;568;27;6;5;20;439;27;0;27;695;50;191;5;4;4;4;4;5;4;1;0;0;0;0;0;0;0;0;0;0;0;0;0;0;0;0;0;1;0;0;0;0;0;0;0;1;0;0;0;0;0;0;0;0;0;0;0;0;0;0;0;0;0;0;0;0;0;0;0;0;1;0;0;0;0;0;0;1;0;0;BARRACÃO;REGIÃO SUL;25;4
0.527491103202847;2017-05-31;8;14;18;23;544;27;5;8;19;421;27;0;27;667;50;144;4;5;4;5;4;4;5;0;0;0;0;0;0;0;1;0;0;0;0;0;0;0;0;0;0;1;0;0;0;0;0;0;0;1;0;0;0;0;0;0;0;0;0;0;0;0;0;0;0;0;0;0;0;0;0;0;0;0;1;0;0;0;0;0;0;0;0;0;BARRACÃO;REGIÃO SUL;26;6
0.474466192170819;2017-06-30;1;7;15;21;461;27;2;1;16;312;27;0;27;610;47;62;4;4;5;4;5;4;4;0;0;0;0;0;0;1;0;0;0;0;0;0;0;0;0;0;0;1;0;0;0;0;0;0;0;1;0;0;0;0;0;0;0;0;0;0;0;0;0;0;0;0;0;0;0;0;0;0;0;0;1;0;0;0;0;0;0;1;0;0;BARRACÃO;REGIÃO SUL;27;5
0.387277580071174;2017-07-31;-3;3;16;20;483;28;0;-3;15;269;28;0;28;698;3;5;5;4;4;5;4;5;4;0;0;0;0;0;1;0;0;0;0;0;0;0;0;0;0;0;0;1;0;0;0;0;0;0;0;1;0;0;0;0;0;0;0;0;0;0;0;0;0;0;0;0;0;0;0;0;0;0;0;0;1;0;0;0;0;0;16;0;0;0;BARRACÃO;REGIÃO SUL;28;4
0.472330960854093;2017-08-31;4;11;18;23;552;30;9;4;17;364;30;0;30;740;88;294;4;5;5;4;4;4;5;0;1;0;0;0;0;0;0;0;0;0;0;0;0;0;0;0;0;1;0;0;0;0;0;0;0;1;0;0;0;0;0;0;0;0;0;0;0;0;0;0;0;0;0;0;0;0;0;0;0;0;1;0;0;0;0;0;0;0;0;0;BARRACÃO;REGIÃO SUL;29;5
0.463078291814947;2017-09-30;10;15;22;25;650;34;5;10;17;458;34;0;34;843;57;155;4;4;4;4;5;5;4;0;0;0;0;0;0;0;0;0;0;0;1;0;0;0;0;0;0;1;0;0;0;0;0;0;0;1;0;0;0;0;0;0;0;0;0;0;0;0;0;0;0;0;0;0;0;0;0;0;0;0;1;0;0;0;0;0;0;0;0;0;BARRACÃO;REGIÃO SUL;30;5
0.473042704626335;2017-10-31;6;15;19;27;600;34;22;6;20;440;34;0;34;758;155;681;5;4;4;5;4;4;5;0;0;0;0;0;0;0;0;0;0;1;0;0;0;0;0;0;0;1;0;0;0;0;0;0;0;1;0;0;0;0;0;0;0;0;0;0;0;0;0;0;0;0;0;0;0;0;0;0;0;0;1;0;0;0;0;0;0;0;0;0;BARRACÃO;REGIÃO SUL;31;5
0.448131672597865;2017-11-30;9;15;20;23;588;31;13;9;18;408;31;0;31;769;89;385;4;5;5;4;4;4;4;0;0;0;0;0;0;0;0;0;1;0;0;0;0;0;0;0;0;1;0;0;0;0;0;0;0;1;0;0;0;0;0;0;0;0;0;0;0;0;0;0;0;0;0;0;0;0;0;0;0;0;1;0;0;0;0;0;0;0;0;0;BARRACÃO;REGIÃO SUL;32;5
0.777313167259787;2017-12-31;14;20;23;26;713;33;4;14;21;546;33;0;33;880;45;113;5;4;4;4;5;5;4;0;0;1;0;0;0;0;0;0;0;0;0;0;0;0;0;0;0;1;0;0;0;0;0;0;0;1;0;0;0;0;0;0;0;0;0;0;0;0;0;0;0;0;0;0;0;0;0;0;0;0;1;0;0;0;0;0;0;0;0;0;BARRACÃO;REGIÃO SUL;33;9
0.40364768683274;2018-01-31;15;21;23;24;705;31;7;15;20;561;31;0;31;848;58;211;4;5;4;5;4;4;5;0;0;0;0;1;0;0;0;0;0;0;0;0;0;0;0;0;0;0;1;0;0;0;0;0;0;1;0;0;0;0;0;0;0;0;0;0;0;0;0;0;0;0;0;0;0;0;0;0;0;0;1;0;0;0;0;0;31;0;0;0;BARRACÃO;REGIÃO SUL;34;4
0.193327402135231;2018-02-28;13;20;23;25;634;32;3;13;19;478;32;0;32;791;17;75;4;4;4;4;4;4;4;0;0;0;1;0;0;0;0;0;0;0;0;0;0;0;0;0;0;0;1;0;0;0;0;0;0;1;0;0;0;0;0;0;0;0;0;0;0;0;0;0;0;0;0;0;0;0;0;0;0;0;2;0;0;0;0;0;0;3;0;0;BARRACÃO;REGIÃO SUL;35;1
0.848843416370107;2018-03-31;10;17;22;26;691;32;9;10;22;542;32;0;32;840;44;281;4;4;5;4;5;5;4;0;0;0;0;0;0;0;0;1;0;0;0;0;0;0;0;0;0;0;1;0;0;0;0;0;0;1;0;0;0;0;0;0;0;0;0;0;0;0;0;0;0;0;0;0;0;0;0;0;0;0;2;0;0;0;0;0;0;1;0;0;BARRACÃO;REGIÃO SUL;36;9
0.608274021352313;2018-04-30;13;20;22;24;657;30;1;13;19;483;30;0;30;830;22;26;5;4;4;5;4;4;4;1;0;0;0;0;0;0;0;0;0;0;0;0;0;0;0;0;0;0;1;0;0;0;0;0;0;1;0;0;0;0;0;0;0;0;0;0;0;0;0;0;0;0;0;0;0;0;0;0;0;0;2;0;0;0;0;0;0;0;0;0;BARRACÃO;REGIÃO SUL;37;7
0.625355871886121;2018-05-31;3;8;17;23;530;29;5;3;17;380;29;0;29;681;74;169;4;5;5;4;4;4;5;0;0;0;0;0;0;0;1;0;0;0;0;0;0;0;0;0;0;0;1;0;0;0;0;0;0;1;0;0;0;0;0;0;0;0;0;0;0;0;0;0;0;0;0;0;0;0;0;0;0;0;2;0;0;0;0;0;0;1;0;0;BARRACÃO;REGIÃO SUL;38;7
0.539946619217082;2018-06-30;0;5;14;22;412;25;5;0;20;277;25;0;25;548;47;138;4;4;4;4;5;5;4;0;0;0;0;0;0;1;0;0;0;0;0;0;0;0;0;0;0;0;1;0;0;0;0;0;0;1;0;0;0;0;0;0;0;0;0;0;0;0;0;0;0;0;0;0;0;0;0;0;0;0;2;0;0;0;0;0;0;0;0;0;BARRACÃO;REGIÃO SUL;39;6
0.476245551601424;2018-07-31;2;7;15;22;473;28;0;2;16;311;28;0;28;635;8;15;5;4;4;5;4;4;5;0;0;0;0;0;1;0;0;0;0;0;0;0;0;0;0;0;0;0;1;0;0;0;0;0;0;1;0;0;0;0;0;0;0;0;0;0;0;0;0;0;0;0;0;0;0;0;0;0;0;0;2;0;0;0;0;0;16;0;0;0;BARRACÃO;REGIÃO SUL;40;5
0.534608540925267;2018-08-31;0;6;14;22;426;31;3;0;16;237;31;0;31;615;28;89;4;5;5;4;5;4;4;0;1;0;0;0;0;0;0;0;0;0;0;0;0;0;0;0;0;0;1;0;0;0;0;0;0;1;0;0;0;0;0;0;0;0;0;0;0;0;0;0;0;0;0;0;0;0;0;0;0;0;2;0;0;0;0;0;0;0;0;0;BARRACÃO;REGIÃO SUL;41;6
0.478024911032028;2018-09-30;5;11;18;26;550;33;10;5;18;385;33;0;33;716;102;307;5;4;4;4;4;5;4;0;0;0;0;0;0;0;0;0;0;0;1;0;0;0;0;0;0;0;1;0;0;0;0;0;0;1;0;0;0;0;0;0;0;0;0;0;0;0;0;0;0;0;0;0;0;0;0;0;0;0;2;0;0;0;0;0;0;0;0;0;BARRACÃO;REGIÃO SUL;42;5
0.544217081850534;2018-10-31;9;15;19;22;589;30;12;9;18;459;30;0;30;718;69;362;4;5;4;5;4;4;5;0;0;0;0;0;0;0;0;0;0;1;0;0;0;0;0;0;0;0;1;0;0;0;0;0;0;1;0;0;0;0;0;0;0;0;0;0;0;0;0;0;0;0;0;0;0;0;0;0;0;0;2;0;0;0;0;0;0;0;0;0;BARRACÃO;REGIÃO SUL;43;6
0.57838078291815;2018-11-30;13;18;22;25;652;32;6;13;20;492;32;0;32;811;50;173;4;4;5;4;5;4;4;0;0;0;0;0;0;0;0;0;1;0;0;0;0;0;0;0;0;0;1;0;0;0;0;0;0;1;0;0;0;0;0;0;0;0;0;0;0;0;0;0;0;0;0;0;0;0;0;0;0;0;2;0;0;0;0;0;0;0;0;0;BARRACÃO;REGIÃO SUL;44;7
0.624644128113879;2018-12-31;9;17;23;26;704;34;3;9;20;508;34;0;34;900;14;88;5;4;4;5;4;5;4;0;0;1;0;0;0;0;0;0;0;0;0;0;0;0;0;0;0;0;1;0;0;0;0;0;0;1;0;0;0;0;0;0;0;0;0;0;0;0;0;0;0;0;0;0;0;0;0;0;0;0;2;0;0;0;0;0;0;0;0;0;BARRACÃO;REGIÃO SUL;45;7
0.27517793594306;2019-01-31;15;21;25;27;772;34;4;15;21;601;34;0;34;944;38;135;4;5;5;4;4;4;5;0;0;0;0;1;0;0;0;0;0;0;0;0;0;0;0;0;0;0;0;1;0;0;0;0;0;1;0;0;0;0;0;0;0;0;0;0;0;0;0;0;0;0;0;0;0;0;0;0;0;0;2;0;0;0;0;0;31;0;0;0;BARRACÃO;REGIÃO SUL;46;2
0.480160142348754;2019-02-28;13;19;23;28;642;34;5;13;21;488;34;0;34;796;39;140;4;4;4;4;4;4;4;0;0;0;1;0;0;0;0;0;0;0;0;0;0;0;0;0;0;0;0;1;0;0;0;0;0;1;0;0;0;0;0;0;0;0;0;0;0;0;0;0;0;0;0;0;0;0;0;0;0;0;2;0;0;0;0;0;0;0;0;0;BARRACÃO;REGIÃO SUL;47;5
0.501868327402135;2019-03-31;11;18;21;25;654;32;6;11;19;495;32;0;32;813;57;179;5;4;4;4;5;5;4;0;0;0;0;0;0;0;0;1;0;0;0;0;0;0;0;0;0;0;0;1;0;0;0;0;0;1;0;0;0;0;0;0;0;0;0;0;0;0;0;0;0;0;0;0;0;0;0;0;0;0;2;0;0;0;0;0;0;3;0;0;BARRACÃO;REGIÃO SUL;48;6
0.552758007117438;2019-04-30;11;16;20;23;609;29;6;11;19;471;29;0;29;746;51;180;4;4;4;5;4;4;5;1;0;0;0;0;0;0;0;0;0;0;0;0;0;0;0;0;0;0;0;1;0;0;0;0;0;1;0;0;0;0;0;0;0;0;0;0;0;0;0;0;0;0;0;0;0;0;0;0;0;0;2;0;0;0;0;0;0;1;0;0;BARRACÃO;REGIÃO SUL;49;7
0.511120996441281;2019-05-31;8;11;18;23;545;27;10;8;18;431;27;0;27;660;94;298;4;5;5;4;5;4;4;0;0;0;0;0;0;0;1;0;0;0;0;0;0;0;0;0;0;0;0;1;0;0;0;0;0;1;0;0;0;0;0;0;0;0;0;0;0;0;0;0;0;0;0;0;0;0;0;0;0;0;2;0;0;0;0;0;0;0;0;0;BARRACÃO;REGIÃO SUL;50;6
0.445996441281139;2019-06-30;5;9;18;22;533;28;2;5;16;371;28;0;28;695;53;57;5;4;4;4;4;5;4;0;0;0;0;0;0;1;0;0;0;0;0;0;0;0;0;0;0;0;0;1;0;0;0;0;0;1;0;0;0;0;0;0;0;0;0;0;0;0;0;0;0;0;0;0;0;0;0;0;0;0;2;0;0;0;0;0;0;1;0;0;BARRACÃO;REGIÃO SUL;51;5
0.451334519572954;2019-07-31;-4;3;14;22;421;26;1;-4;17;264;26;0;26;579;10;46;4;5;4;5;4;4;5;0;0;0;0;0;1;0;0;0;0;0;0;0;0;0;0;0;0;0;0;1;0;0;0;0;0;1;0;0;0;0;0;0;0;0;0;0;0;0;0;0;0;0;0;0;0;0;0;0;0;0;2;0;0;0;0;0;16;0;0;0;BARRACÃO;REGIÃO SUL;52;5
0.485498220640569;2019-08-31;-1;6;16;22;508;31;1;-1;16;297;31;0;31;718;13;19;4;4;5;4;5;5;4;0;1;0;0;0;0;0;0;0;0;0;0;0;0;0;0;0;0;0;0;1;0;0;0;0;0;1;0;0;0;0;0;0;0;0;0;0;0;0;0;0;0;0;0;0;0;0;0;0;0;0;2;0;0;0;0;0;0;0;0;0;BARRACÃO;REGIÃO SUL;53;5
0.629626334519573;2019-09-30;4;14;20;27;603;35;2;4;19;409;35;0;35;798;30;52;5;4;4;5;4;4;4;0;0;0;0;0;0;0;0;0;0;0;1;0;0;0;0;0;0;0;0;1;0;0;0;0;0;1;0;0;0;0;0;0;0;0;0;0;0;0;0;0;0;0;0;0;0;0;0;0;0;0;2;0;0;0;0;0;0;0;0;0;BARRACÃO;REGIÃO SUL;54;8
0.787277580071174;2019-10-31;9;16;23;28;700;36;4;9;22;512;36;0;36;887;25;116;4;5;5;4;4;4;5;0;0;0;0;0;0;0;0;0;0;1;0;0;0;0;0;0;0;0;0;1;0;0;0;0;0;1;0;0;0;0;0;0;0;0;0;0;0;0;0;0;0;0;0;0;0;0;0;0;0;0;2;0;0;0;0;0;0;0;0;0;BARRACÃO;REGIÃO SUL;55;9
0.726067615658363;2019-11-30;11;19;23;26;687;32;7;11;20;523;32;0;32;850;92;208;4;4;4;4;5;5;4;0;0;0;0;0;0;0;0;0;1;0;0;0;0;0;0;0;0;0;0;1;0;0;0;0;0;1;0;0;0;0;0;0;0;0;0;0;0;0;0;0;0;0;0;0;0;0;0;0;0;0;2;0;0;0;0;0;0;0;0;0;BARRACÃO;REGIÃO SUL;56;8
0.601156583629893;2019-12-31;10;18;22;26;672;33;4;10;21;498;33;0;33;845;52;126;5;4;4;5;4;4;5;0;0;1;0;0;0;0;0;0;0;0;0;0;0;0;0;0;0;0;0;1;0;0;0;0;0;1;0;0;0;0;0;0;0;0;0;0;0;0;0;0;0;0;0;0;0;0;0;0;0;0;2;0;0;0;0;0;0;0;0;0;BARRACÃO;REGIÃO SUL;57;7
0.506850533807829;2020-01-31;15;18;23;25;727;32;6;15;21;574;32;0;32;881;81;201;4;5;5;4;5;4;4;0;0;0;0;1;0;0;0;0;0;0;0;0;0;0;0;0;0;0;0;0;1;0;0;0;0;1;0;0;0;0;0;0;0;0;0;0;0;0;0;0;0;0;0;0;0;0;0;0;0;0;2;0;0;0;0;0;31;0;0;0;BARRACÃO;REGIÃO SUL;58;6
0.510409252669039;2020-02-29;10;17;23;26;674;33;6;10;21;511;33;0;33;837;92;166;4;4;4;4;4;5;4;0;0;0;1;0;0;0;0;0;0;0;0;0;0;0;0;0;0;0;0;0;1;0;0;0;0;1;0;0;0;0;0;0;0;0;0;0;0;0;0;0;0;0;0;0;0;0;0;0;0;0;2;0;0;0;0;0;0;3;0;0;BARRACÃO;REGIÃO SUL;59;6
0.511832740213523;2020-03-31;12;19;23;27;711;34;2;12;20;512;34;0;34;910;49;58;5;4;4;5;4;4;5;0;0;0;0;0;0;0;0;1;0;0;0;0;0;0;0;0;0;0;0;0;1;0;0;0;0;1;0;0;0;0;0;0;0;0;0;0;0;0;0;0;0;0;0;0;0;0;0;0;0;0;2;0;0;0;0;0;0;0;15;0;BARRACÃO;REGIÃO SUL;60;6
0.456672597864769;2020-04-30;3;11;18;25;551;32;2;3;19;347;32;0;32;755;42;64;4;5;5;4;4;4;4;1;0;0;0;0;0;0;0;0;0;0;0;0;0;0;0;0;0;0;0;0;1;0;0;0;0;1;0;0;0;0;0;0;0;0;0;0;0;0;0;0;0;0;0;0;0;0;0;0;0;0;2;0;0;0;0;0;0;1;30;0;BARRACÃO;REGIÃO SUL;61;5
0.421085409252669;2020-05-31;2;9;15;20;460;27;9;2;17;278;27;0;27;642;148;277;5;4;4;4;5;5;4;0;0;0;0;0;0;0;1;0;0;0;0;0;0;0;0;0;0;0;0;0;1;0;0;0;0;1;0;0;0;0;0;0;0;0;0;0;0;0;0;0;0;0;0;0;0;0;0;0;0;0;2;0;0;0;0;0;0;0;31;0;BARRACÃO;REGIÃO SUL;62;4
0.0;2020-06-30;3;9;17;23;502;28;6;3;19;357;28;0;28;648;62;174;4;4;4;5;4;4;5;0;0;0;0;0;0;1;0;0;0;0;0;0;0;0;0;0;0;0;0;0;1;0;0;0;0;1;0;0;0;0;0;0;0;0;0;0;0;0;0;0;0;0;0;0;0;0;0;0;0;0;2;0;0;0;0;0;0;1;30;0;BARRACÃO;REGIÃO SUL;63;0
0.317170818505338;2020-07-31;1;8;16;22;485;27;8;1;17;338;27;0;27;632;72;245;4;5;5;4;5;4;4;0;0;0;0;0;1;0;0;0;0;0;0;0;0;0;0;0;0;0;0;0;1;0;0;0;0;1;0;0;0;0;0;0;0;0;0;0;0;0;0;0;0;0;0;0;0;0;0;0;0;0;2;0;0;0;0;0;0;0;31;0;BARRACÃO;REGIÃO SUL;64;3
0.47126334519573;2020-08-31;-1;5;18;25;557;31;10;-1;19;404;31;0;31;711;97;305;5;4;4;5;4;5;4;0;1;0;0;0;0;0;0;0;0;0;0;0;0;0;0;0;0;0;0;0;1;0;0;0;0;1;0;0;0;0;0;0;0;0;0;0;0;0;0;0;0;0;0;0;0;0;0;0;0;0;2;0;0;0;0;0;0;0;31;0;BARRACÃO;REGIÃO SUL;65;5
0.358451957295374;2020-09-30;9;15;22;30;652;37;2;9;23;480;37;0;37;824;8;46;4;5;4;4;4;4;5;0;0;0;0;0;0;0;0;0;0;0;1;0;0;0;0;0;0;0;0;0;1;0;0;0;0;1;0;0;0;0;0;0;0;0;0;0;0;0;0;0;0;0;0;0;0;0;0;0;0;0;2;0;0;0;0;0;0;0;30;0;BARRACÃO;REGIÃO SUL;66;3
0.043505338078292;2020-10-31;10;17;23;30;719;36;2;10;24;534;36;0;36;904;22;67;4;4;5;4;5;5;4;0;0;0;0;0;0;0;0;0;0;1;0;0;0;0;0;0;0;0;0;0;1;0;0;0;0;1;0;0;0;0;0;0;0;0;0;0;0;0;0;0;0;0;0;0;0;0;0;0;0;0;2;0;0;0;0;0;0;0;31;0;BARRACÃO;REGIÃO SUL;67;0
0.362722419928826;2020-11-30;10;18;22;28;674;35;2;10;22;493;35;0;35;855;24;60;5;4;4;5;4;4;4;0;0;0;0;0;0;0;0;0;1;0;0;0;0;0;0;0;0;0;0;0;1;0;0;0;0;1;0;0;0;0;0;0;0;0;0;0;0;0;0;0;0;0;0;0;0;0;0;0;0;0;2;0;0;0;0;0;0;0;30;0;BARRACÃO;REGIÃO SUL;68;4
0.329270462633452;2020-12-31;13;20;23;26;723;31;7;13;20;563;31;0;31;884;109;228;4;5;5;4;4;4;5;0;0;1;0;0;0;0;0;0;0;0;0;0;0;0;0;0;0;0;0;0;1;0;0;0;0;1;0;0;0;0;0;0;0;0;0;0;0;0;0;0;0;0;0;0;0;0;0;0;0;0;2;0;0;0;0;0;0;0;31;0;BARRACÃO;REGIÃO SUL;69;3
0.181583629893238;2021-01-31;17;19;23;26;706;31;8;17;22;578;31;0;31;833;43;236;5;4;4;4;5;5;4;0;0;0;0;1;0;0;0;0;0;0;0;1;0;0;0;0;0;0;0;0;0;0;0;0;0;1;0;0;0;0;0;0;0;0;0;0;0;0;0;0;0;0;0;0;0;0;0;0;0;0;2;0;0;0;0;0;0;0;31;0;BARRACÃO;REGIÃO SUL;70;1
0.413612099644128;2021-02-28;12;19;23;27;638;33;1;12;21;485;33;0;33;790;19;38;4;4;4;4;4;4;4;0;0;0;1;0;0;0;0;0;0;0;0;1;0;0;0;0;0;0;0;0;0;0;0;0;0;1;0;0;0;0;0;0;0;0;0;0;0;0;0;0;0;0;0;0;0;0;0;0;0;0;2;0;0;0;0;0;0;3;28;0;BARRACÃO;REGIÃO SUL;71;4
0.333185053380783;2021-03-31;13;18;23;27;715;33;2;13;21;552;33;0;33;878;15;56;4;5;4;5;4;4;5;0;0;0;0;0;0;0;0;1;0;0;0;1;0;0;0;0;0;0;0;0;0;0;0;0;0;1;0;0;0;0;0;0;0;0;0;0;0;0;0;0;0;0;0;0;0;0;0;0;0;0;2;0;0;0;0;0;0;0;31;0;BARRACÃO;REGIÃO SUL;72;3
0.266637010676157;2021-04-30;7;15;20;25;608;30;2;7;20;449;30;0;30;767;59;69;4;4;5;4;5;4;4;1;0;0;0;0;0;0;0;0;0;0;0;1;0;0;0;0;0;0;0;0;0;0;0;0;0;1;0;0;0;0;0;0;0;0;0;0;0;0;0;0;0;0;0;0;0;0;0;0;0;0;2;0;0;0;0;0;0;1;30;0;BARRACÃO;REGIÃO SUL;73;2
0.335320284697509;2021-05-31;4;10;17;23;532;29;2;4;19;371;29;0;29;693;42;56;5;4;4;5;4;5;4;0;0;0;0;0;0;0;1;0;0;0;0;1;0;0;0;0;0;0;0;0;0;0;0;0;0;1;0;0;0;0;0;0;0;0;0;0;0;0;0;0;0;0;0;0;0;0;0;0;0;0;2;0;0;0;0;0;0;0;31;0;BARRACÃO;REGIÃO SUL;74;3
0.281583629893238;2021-06-30;-1;4;15;22;438;27;4;-1;17;316;27;0;27;559;37;124;4;5;4;4;4;4;5;0;0;0;0;0;0;1;0;0;0;0;0;1;0;0;0;0;0;0;0;0;0;0;0;0;0;1;0;0;0;0;0;0;0;0;0;0;0;0;0;0;0;0;0;0;0;0;0;0;0;0;2;0;0;0;0;0;0;1;30;0;BARRACÃO;REGIÃO SUL;75;2
0.411120996441281;2021-07-31;-2;4;15;22;453;28;2;-2;17;283;28;0;28;623;28;65;4;4;5;4;5;5;4;0;0;0;0;0;1;0;0;0;0;0;0;1;0;0;0;0;0;0;0;0;0;0;0;0;0;1;0;0;0;0;0;0;0;0;0;0;0;0;0;0;0;0;0;0;0;0;0;0;0;0;2;0;0;0;0;0;0;0;31;0;BARRACÃO;REGIÃO SUL;76;4
0.516814946619217;2021-08-31;6;12;19;26;584;32;1;6;21;425;32;0;32;743;12;34;5;4;4;5;4;4;5;0;1;0;0;0;0;0;0;0;0;0;0;1;0;0;0;0;0;0;0;0;0;0;0;0;0;1;0;0;0;0;0;0;0;0;0;0;0;0;0;0;0;0;0;0;0;0;0;0;0;0;2;0;0;0;0;0;0;0;31;0;BARRACÃO;REGIÃO SUL;77;6
0.254893238434164;2021-09-30;8;15;21;29;643;35;6;8;23;484;35;0;35;803;44;178;4;5;5;4;4;4;4;0;0;0;0;0;0;0;0;0;0;0;1;1;0;0;0;0;0;0;0;0;0;0;0;0;0;1;0;0;0;0;0;0;0;0;0;0;0;0;0;0;0;0;0;0;0;0;0;0;0;0;2;0;0;0;0;0;0;0;30;0;BARRACÃO;REGIÃO SUL;78;2
0.035320284697509;2021-10-31;10;17;20;25;616;30;14;10;19;480;30;0;30;752;86;426;5;4;4;4;5;5;4;0;0;0;0;0;0;0;0;0;0;1;0;1;0;0;0;0;0;0;0;0;0;0;0;0;0;1;0;0;0;0;0;0;0;0;0;0;0;0;0;0;0;0;0;0;0;0;0;0;0;0;2;0;0;0;0;0;0;0;0;0;BARRACÃO;REGIÃO SUL;79;0
0.0;2021-11-30;14;20;23;27;695;33;2;14;22;529;33;0;33;862;37;68;4;4;4;5;4;4;5;0;0;0;0;0;0;0;0;0;1;0;0;1;0;0;0;0;0;0;0;0;0;0;0;0;0;1;0;0;0;0;0;0;0;0;0;0;0;0;0;0;0;0;0;0;0;0;0;0;0;0;2;0;0;0;0;0;0;0;0;0;BARRACÃO;REGIÃO SUL;80;0
0.031049822064057;2021-12-31;14;21;25;28;774;35;2;14;22;570;35;0;35;977;32;63;4;5;5;4;5;4;4;0;0;1;0;0;0;0;0;0;0;0;0;1;0;0;0;0;0;0;0;0;0;0;0;0;0;1;0;0;0;0;0;0;0;0;0;0;0;0;0;0;0;0;0;0;0;0;0;0;0;0;2;0;0;0;0;0;0;0;0;0;BARRACÃO;REGIÃO SUL;81;0
0.011832740213523;2022-01-31;16;21;26;30;800;37;6;16;24;621;37;0;37;980;40;185;5;4;4;5;4;5;4;0;0;0;0;1;0;0;0;0;0;0;0;0;1;0;0;0;0;0;0;0;0;0;0;0;0;1;0;0;0;0;0;0;0;0;0;0;0;0;0;0;0;0;0;0;0;0;0;0;0;0;2;0;0;0;0;0;31;0;0;0;BARRACÃO;REGIÃO SUL;82;0
0.083007117437722;2022-02-28;13;19;25;28;700;34;6;13;23;536;34;0;34;865;49;162;4;4;4;4;4;4;4;0;0;0;1;0;0;0;0;0;0;0;0;0;1;0;0;0;0;0;0;0;0;0;0;0;0;1;0;0;0;0;0;0;0;0;0;0;0;0;0;0;0;0;0;0;0;0;0;0;0;0;2;0;0;0;0;0;0;1;0;0;BARRACÃO;REGIÃO SUL;83;1
0.235320284697509;2022-03-31;9;13;22;28;688;33;8;9;22;546;33;0;33;831;49;255;4;5;5;4;4;4;5;0;0;0;0;0;0;0;0;1;0;0;0;0;1;0;0;0;0;0;0;0;0;0;0;0;0;1;0;0;0;0;0;0;0;0;0;0;0;0;0;0;0;0;0;0;0;0;0;0;0;0;2;0;0;0;0;0;0;1;0;0;BARRACÃO;REGIÃO SUL;84;2
0.283718861209964;2022-04-30;7;14;20;25;592;29;16;7;21;464;29;0;29;719;132;477;4;4;4;4;5;5;4;1;0;0;0;0;0;0;0;0;0;0;0;0;1;0;0;0;0;0;0;0;0;0;0;0;0;1;0;0;0;0;0;0;0;0;0;0;0;0;0;0;0;0;0;0;0;0;0;0;0;0;2;0;0;0;0;0;0;1;0;0;BARRACÃO;REGIÃO SUL;85;2
0.516814946619217;2022-05-31;4;7;15;20;465;25;9;4;18;354;25;0;25;575;99;285;5;4;4;5;4;4;5;0;0;0;0;0;0;0;1;0;0;0;0;0;1;0;0;0;0;0;0;0;0;0;0;0;0;1;0;0;0;0;0;0;0;0;0;0;0;0;0;0;0;0;0;0;0;0;0;0;0;0;2;0;0;0;0;0;0;0;0;0;BARRACÃO;REGIÃO SUL;86;6
0.608274021352313;2022-06-30;0;6;14;21;434;25;5;0;16;310;25;0;25;558;51;150;4;5;5;4;4;4;4;0;0;0;0;0;0;1;0;0;0;0;0;0;1;0;0;0;0;0;0;0;0;0;0;0;0;1;0;0;0;0;0;0;0;0;0;0;0;0;0;0;0;0;0;0;0;0;0;0;0;0;2;0;0;0;0;0;0;1;0;0;BARRACÃO;REGIÃO SUL;87;7
0.547419928825623;2022-07-31;4;8;19;22;576;27;3;4;18;426;27;0;27;726;37;91;5;4;4;4;5;5;4;0;0;0;0;0;1;0;0;0;0;0;0;0;1;0;0;0;0;0;0;0;0;0;0;0;0;1;0;0;0;0;0;0;0;0;0;0;0;0;0;0;0;0;0;0;0;0;0;0;0;0;2;0;0;0;0;0;0;0;0;0;BARRACÃO;REGIÃO SUL;88;6
0.718238434163701;2022-08-31;0;6;16;23;499;29;9;0;18;352;29;0;29;646;105;283;4;5;4;5;4;4;5;0;1;0;0;0;0;0;0;0;0;0;0;0;1;0;0;0;0;0;0;0;0;0;0;0;0;1;0;0;0;0;0;0;0;0;0;0;0;0;0;0;0;0;0;0;0;0;0;0;0;0;2;0;0;0;0;0;0;0;0;0;BARRACÃO;REGIÃO SUL;89;8
0.584786476868327;2022-09-30;3;11;16;24;480;29;9;3;21;339;29;0;29;620;51;258;4;4;5;4;5;4;4;0;0;0;0;0;0;0;0;0;0;0;1;0;1;0;0;0;0;0;0;0;0;0;0;0;0;1;0;0;0;0;0;0;0;0;0;0;0;0;0;0;0;0;0;0;0;0;0;0;0;0;2;0;0;0;0;0;0;0;0;0;BARRACÃO;REGIÃO SUL;90;7
0.60720640569395;2022-10-31;10;13;19;25;583;31;14;10;19;442;31;0;31;724;101;428;5;4;4;5;4;5;4;0;0;0;0;0;0;0;0;0;0;1;0;0;1;0;0;0;0;0;0;0;0;0;0;0;0;1;0;0;0;0;0;0;0;0;0;0;0;0;0;0;0;0;0;0;0;0;0;0;0;0;2;0;0;0;0;0;0;0;0;0;BARRACÃO;REGIÃO SUL;91;7
0.646708185053381;2022-11-30;4;11;20;24;596;30;3;4;20;406;30;0;30;786;44;91;4;5;4;4;4;4;5;0;0;0;0;0;0;0;0;0;1;0;0;0;1;0;0;0;0;0;0;0;0;0;0;0;0;1;0;0;0;0;0;0;0;0;0;0;0;0;0;0;0;0;0;0;0;0;0;0;0;0;2;0;0;0;0;0;0;0;0;0;BARRACÃO;REGIÃO SUL;92;8
0.301868327402135;2022-12-31;13;21;24;28;737;33;2;13;22;553;33;0;33;922;26;61;4;4;5;4;5;5;4;0;0;1;0;0;0;0;0;0;0;0;0;0;1;0;0;0;0;0;0;0;0;0;0;0;0;1;0;0;0;0;0;0;0;0;0;0;0;0;0;0;0;0;0;0;0;0;0;0;0;0;2;0;0;0;0;0;0;0;0;0;BARRACÃO;REGIÃO SUL;93;3
0.334964412811388;2023-01-31;14;21;24;27;742;33;8;14;22;580;33;0;33;904;60;260;5;4;4;5;4;4;5;0;0;0;0;1;0;0;0;0;0;0;0;0;0;1;0;0;0;0;0;0;0;0;0;0;0;1;0;0;0;0;0;0;0;0;0;0;0;0;0;0;0;0;0;0;0;0;0;0;0;0;2;0;0;0;0;0;31;0;0;0;BARRACÃO;REGIÃO SUL;94;3
0.483718861209964;2023-02-28;8;14;23;26;635;32;10;8;21;498;32;0;32;772;90;278;4;4;4;4;4;4;4;0;0;0;1;0;0;0;0;0;0;0;0;0;0;1;0;0;0;0;0;0;0;0;0;0;0;1;0;0;0;0;0;0;0;0;0;0;0;0;0;0;0;0;0;0;0;0;0;0;0;0;2;0;0;0;0;0;0;3;0;0;BARRACÃO;REGIÃO SUL;95;5
0.787277580071174;2023-03-31;14;19;24;27;731;32;7;14;21;586;32;0;32;876;52;216;4;5;5;4;5;4;4;0;0;0;0;0;0;0;0;1;0;0;0;0;0;1;0;0;0;0;0;0;0;0;0;0;0;1;0;0;0;0;0;0;0;0;0;0;0;0;0;0;0;0;0;0;0;0;0;0;0;0;2;0;0;0;0;0;0;0;0;0;BARRACÃO;REGIÃO SUL;96;9
0.621085409252669;2023-04-30;8;13;20;24;594;30;5;8;20;455;30;0;30;733;49;150;5;4;4;4;4;5;4;1;0;0;0;0;0;0;0;0;0;0;0;0;0;1;0;0;0;0;0;0;0;0;0;0;0;1;0;0;0;0;0;0;0;0;0;0;0;0;0;0;0;0;0;0;0;0;0;0;0;0;2;0;0;0;0;0;0;1;0;0;BARRACÃO;REGIÃO SUL;97;7
0.776245551601424;2023-05-31;7;13;18;23;569;26;7;7;20;437;26;0;26;700;55;207;4;5;4;5;4;4;5;0;0;0;0;0;0;0;1;0;0;0;0;0;0;1;0;0;0;0;0;0;0;0;0;0;0;1;0;0;0;0;0;0;0;0;0;0;0;0;0;0;0;0;0;0;0;0;0;0;0;0;2;0;0;0;0;0;0;0;0;0;BARRACÃO;REGIÃO SUL;98;9
0.706494661921708;2023-06-30;4;7;16;20;488;25;5;4;17;366;25;0;25;609;70;142;4;4;5;4;5;4;4;0;0;0;0;0;0;1;0;0;0;0;0;0;0;1;0;0;0;0;0;0;0;0;0;0;0;1;0;0;0;0;0;0;0;0;0;0;0;0;0;0;0;0;0;0;0;0;0;0;0;0;2;0;0;0;0;0;0;1;0;0;BARRACÃO;REGIÃO SUL;99;8
0.445284697508897;2023-07-31;3;7;17;22;536;26;5;3;19;408;26;0;26;665;48;164;5;4;4;5;4;5;4;0;0;0;0;0;1;0;0;0;0;0;0;0;0;1;0;0;0;0;0;0;0;0;0;0;0;1;0;0;0;0;0;0;0;0;0;0;0;0;0;0;0;0;0;0;0;0;0;0;0;0;2;0;0;0;0;0;15;0;0;0;BARRACÃO;REGIÃO SUL;100;5
0.632829181494662;2023-08-31;4;10;19;25;580;30;5;4;21;427;30;0;30;734;64;141;4;5;5;4;4;4;5;0;1;0;0;0;0;0;0;0;0;0;0;0;0;1;0;0;0;0;0;0;0;0;0;0;0;1;0;0;0;0;0;0;0;0;0;0;0;0;0;0;0;0;0;0;0;0;0;0;0;0;2;0;0;0;0;0;0;0;0;0;BARRACÃO;REGIÃO SUL;101;8
0.727846975088968;2023-09-30;7;12;22;29;647;35;12;7;24;508;35;0;35;785;96;350;4;4;4;4;5;5;4;0;0;0;0;0;0;0;0;0;0;0;1;0;0;1;0;0;0;0;0;0;0;0;0;0;0;1;0;0;0;0;0;0;0;0;0;0;0;0;0;0;0;0;0;0;0;0;0;0;0;0;2;0;0;0;0;0;0;0;0;0;BARRACÃO;REGIÃO SUL;102;8
1.0;2023-10-31;8;13;21;27;640;33;15;8;21;517;33;0;33;763;110;455;5;4;4;5;4;4;5;0;0;0;0;0;0;0;0;0;0;1;0;0;0;1;0;0;0;0;0;0;0;0;0;0;0;1;0;0;0;0;0;0;0;0;0;0;0;0;0;0;0;0;0;0;0;0;0;0;0;0;2;0;0;0;0;0;0;0;0;0;BARRACÃO;REGIÃO SUL;103;9
1.0;2023-11-30;9;14;23;29;676;33;15;9;25;564;33;0;33;789;113;439;4;5;5;4;4;4;4;0;0;0;0;0;0;0;0;0;1;0;0;0;0;1;0;0;0;0;0;0;0;0;0;0;0;1;0;0;0;0;0;0;0;0;0;0;0;0;0;0;0;0;0;0;0;0;0;0;0;0;2;0;0;0;0;0;0;0;0;0;BARRACÃO;REGIÃO SUL;104;9
0.996886120996441;2023-12-31;14;20;24;28;745;34;11;14;23;613;34;0;34;876;65;335;5;4;4;4;5;5;4;0;0;1;0;0;0;0;0;0;0;0;0;0;0;1;0;0;0;0;0;0;0;0;0;0;0;1;0;0;0;0;0;0;0;0;0;0;0;0;0;0;0;0;0;0;0;0;0;0;0;0;2;0;0;0;0;0;0;0;0;0;BARRACÃO;REGIÃO SUL;105;9
0.710053380782918;2024-01-31;14;20;24;28;753;33;6;14;23;597;33;0;33;908;89;191;4;5;4;5;4;4;5;0;0;0;0;1;0;0;0;0;0;0;0;0;0;0;1;0;0;0;0;0;0;0;0;0;0;1;0;0;0;0;0;0;0;0;0;0;0;0;0;0;0;0;0;0;0;0;0;0;0;0;2;0;0;0;0;0;31;0;0;0;BARRACÃO;REGIÃO SUL;106;8
1.0;2024-02-29;17;22;26;29;740;35;8;17;23;591;35;0;35;889;44;230;4;4;5;4;4;4;4;0;0;0;1;0;0;0;0;0;0;0;0;0;0;0;1;0;0;0;0;0;0;0;0;0;0;1;0;0;0;0;0;0;0;0;0;0;0;0;0;0;0;0;0;0;0;0;0;0;0;0;2;0;0;0;0;0;0;3;0;0;BARRACÃO;REGIÃO SUL;107;9
1.0;2024-03-31;16;21;24;28;756;34;7;16;24;611;34;0;34;902;78;232;5;4;4;4;5;5;4;0;0;0;0;0;0;0;0;1;0;0;0;0;0;0;1;0;0;0;0;0;0;0;0;0;0;1;0;0;0;0;0;0;0;0;0;0;0;0;0;0;0;0;0;0;0;0;0;0;0;0;2;0;0;0;0;0;0;1;0;0;BARRACÃO;REGIÃO SUL;108;9
1.0;2024-04-30;10;17;23;27;678;31;10;10;23;568;31;0;31;788;101;296;4;4;4;5;4;4;5;1;0;0;0;0;0;0;0;0;0;0;0;0;0;0;1;0;0;0;0;0;0;0;0;0;0;1;0;0;0;0;0;0;0;0;0;0;0;0;0;0;0;0;0;0;0;0;0;0;0;0;2;0;0;0;0;0;0;0;0;0;BARRACÃO;REGIÃO SUL;109;9
0.676957295373666;2024-05-31;3;7;17;25;539;29;11;3;23;434;29;0;29;644;201;340;4;5;5;4;5;4;4;0;0;0;0;0;0;0;1;0;0;0;0;0;0;0;1;0;0;0;0;0;0;0;0;0;0;1;0;0;0;0;0;0;0;0;0;0;0;0;0;0;0;0;0;0;0;0;0;0;0;0;2;0;0;0;0;0;0;1;0;30;BARRACÃO;REGIÃO SUL;110;8
0.450266903914591;2024-06-30;1;6;19;23;561;28;5;1;20;451;28;0;28;672;45;146;5;4;4;4;4;5;4;0;0;0;0;0;0;1;0;0;0;0;0;0;0;0;1;0;0;0;0;0;0;0;0;0;0;1;0;0;0;0;0;0;0;0;0;0;0;0;0;0;0;0;0;0;0;0;0;0;0;0;2;0;0;0;0;0;0;0;0;30;BARRACÃO;REGIÃO SUL;111;5
0.97482206405694;2024-07-31;2;7;15;21;469;26;7;2;18;357;26;0;26;581;50;206;4;5;4;5;4;4;5;0;0;0;0;0;1;0;0;0;0;0;0;0;0;0;1;0;0;0;0;0;0;0;0;0;0;1;0;0;0;0;0;0;0;0;0;0;0;0;0;0;0;0;0;0;0;0;0;0;0;0;2;0;0;0;0;0;12;0;0;0;BARRACÃO;REGIÃO SUL;112;9
0.897597864768683;2024-08-31;1;7;18;26;550;32;3;1;21;402;32;0;32;697;36;94;4;4;5;4;5;5;4;0;1;0;0;0;0;0;0;0;0;0;0;0;0;0;1;0;0;0;0;0;0;0;0;0;0;1;0;0;0;0;0;0;0;0;0;0;0;0;0;0;0;0;0;0;0;0;0;0;0;0;2;0;0;0;0;0;0;0;0;0;BARRACÃO;REGIÃO SUL;113;9
0.994750889679716;2024-09-30;7;15;22;29;654;34;2;7;24;502;34;0;34;806;31;71;5;4;4;5;4;4;4;0;0;0;0;0;0;0;0;0;0;0;1;0;0;0;1;0;0;0;0;0;0;0;0;0;0;1;0;0;0;0;0;0;0;0;0;0;0;0;0;0;0;0;0;0;0;0;0;0;0;0;2;0;0;0;0;0;0;0;0;0;BARRACÃO;REGIÃO SUL;114;9
1.0;2024-10-31;11;18;22;28;687;34;4;11;24;531;34;0;34;842;67;137;4;5;5;4;4;4;5;0;0;0;0;0;0;0;0;0;0;1;0;0;0;0;1;0;0;0;0;0;0;0;0;0;0;1;0;0;0;0;0;0;0;0;0;0;0;0;0;0;0;0;0;0;0;0;0;0;0;0;2;0;0;0;0;0;0;0;0;0;BARRACÃO;REGIÃO SUL;115;9
0.099654320987654;2015-02-28;15;19;23;25;635;30;5;15;21;513;30;0;30;757;54;141;4;4;4;4;4;4;4;0;0;0;1;0;0;0;0;0;0;0;0;0;0;0;0;1;0;0;0;0;0;0;0;0;0;0;1;0;0;0;0;0;0;0;0;0;0;0;0;0;0;0;0;0;0;0;0;0;0;0;2;4;0;0;0;0;0;3;0;0;CAMPO LARGO;REGIÃO LESTE;1;1
0.278617283950617;2015-03-31;14;19;22;24;672;29;4;14;20;538;29;0;29;806;36;133;5;4;4;5;4;4;5;0;0;0;0;0;0;0;0;1;0;0;0;0;0;0;0;1;0;0;0;0;0;0;0;0;0;0;1;0;0;0;0;0;0;0;0;0;0;0;0;0;0;0;0;0;0;0;0;0;0;0;2;4;0;0;0;0;0;0;0;0;CAMPO LARGO;REGIÃO LESTE;2;2
0.303111111111111;2015-04-30;11;16;19;24;584;28;4;11;20;448;28;0;28;720;77;114;4;5;5;4;4;4;4;1;0;0;0;0;0;0;0;0;0;0;0;0;0;0;0;1;0;0;0;0;0;0;0;0;0;0;1;0;0;0;0;0;0;0;0;0;0;0;0;0;0;0;0;0;0;0;0;0;0;0;2;4;0;0;0;0;0;1;0;0;CAMPO LARGO;REGIÃO LESTE;3;3
0.40237037037037;2015-05-31;6;11;17;21;524;25;6;6;18;403;25;0;25;644;59;193;5;4;4;4;5;5;4;0;0;0;0;0;0;0;1;0;0;0;0;0;0;0;0;1;0;0;0;0;0;0;0;0;0;0;1;0;0;0;0;0;0;0;0;0;0;0;0;0;0;0;0;0;0;0;0;0;0;0;2;4;0;0;0;0;0;0;0;0;CAMPO LARGO;REGIÃO LESTE;4;4
0.356444444444444;2015-06-30;1;9;16;20;467;26;2;1;16;310;26;0;26;623;31;54;4;4;4;5;4;4;5;0;0;0;0;0;0;1;0;0;0;0;0;0;0;0;0;1;0;0;0;0;0;0;0;0;0;0;1;0;0;0;0;0;0;0;0;0;0;0;0;0;0;0;0;0;0;0;0;0;0;0;2;4;0;0;0;0;0;1;0;0;CAMPO LARGO;REGIÃO LESTE;5;3
0.275555555555556;2015-07-31;5;10;16;21;488;26;13;5;17;350;26;0;26;627;92;404;4;5;5;4;5;4;4;0;0;0;0;0;1;0;0;0;0;0;0;0;0;0;0;1;0;0;0;0;0;0;0;0;0;0;1;0;0;0;0;0;0;0;0;0;0;0;0;0;0;0;0;0;0;0;0;0;0;0;2;4;0;0;0;0;15;0;0;0;CAMPO LARGO;REGIÃO LESTE;6;2
0.330666666666667;2015-08-31;8;13;18;21;569;31;2;8;15;376;31;0;31;761;32;54;5;4;4;5;4;5;4;0;1;0;0;0;0;0;0;0;0;0;0;0;0;0;0;1;0;0;0;0;0;0;0;0;0;0;1;0;0;0;0;0;0;0;0;0;0;0;0;0;0;0;0;0;0;0;0;0;0;0;2;4;0;0;0;0;0;0;0;0;CAMPO LARGO;REGIÃO LESTE;7;3
0.365333333333333;2015-09-30;5;12;20;26;585;33;5;5;20;429;33;0;33;742;52;144;4;5;4;4;4;4;5;0;0;0;0;0;0;0;0;0;0;0;1;0;0;0;0;1;0;0;0;0;0;0;0;0;0;0;1;0;0;0;0;0;0;0;0;0;0;0;0;0;0;0;0;0;0;0;0;0;0;0;2;4;0;0;0;0;0;0;0;0;CAMPO LARGO;REGIÃO LESTE;8;4
0.348740740740741;2015-10-31;12;15;20;25;623;32;6;12;20;494;32;0;32;751;32;175;4;4;5;4;5;5;4;0;0;0;0;0;0;0;0;0;0;1;0;0;0;0;0;1;0;0;0;0;0;0;0;0;0;0;1;0;0;0;0;0;0;0;0;0;0;0;0;0;0;0;0;0;0;0;0;0;0;0;2;4;0;0;0;0;0;0;0;0;CAMPO LARGO;REGIÃO LESTE;9;3
0.320888888888889;2015-11-30;13;16;20;25;615;32;4;13;19;504;32;0;32;726;23;134;5;4;4;5;4;4;4;0;0;0;0;0;0;0;0;0;1;0;0;0;0;0;0;1;0;0;0;0;0;0;0;0;0;0;1;0;0;0;0;0;0;0;0;0;0;0;0;0;0;0;0;0;0;0;0;0;0;0;2;4;0;0;0;0;0;0;0;0;CAMPO LARGO;REGIÃO LESTE;10;3
0.237827160493827;2015-12-31;14;18;23;25;707;31;6;14;22;581;31;0;31;833;38;195;4;5;5;4;4;4;5;0;0;1;0;0;0;0;0;0;0;0;0;0;0;0;0;1;0;0;0;0;0;0;0;0;0;0;1;0;0;0;0;0;0;0;0;0;0;0;0;0;0;0;0;0;0;0;0;0;0;0;2;4;0;0;0;0;0;0;0;0;CAMPO LARGO;REGIÃO LESTE;11;2
0.134123456790123;2016-01-31;13;19;22;25;693;31;4;13;21;553;31;0;31;833;40;117;5;4;4;4;5;5;4;0;0;0;0;1;0;0;0;0;0;0;0;0;0;0;0;0;1;0;0;0;0;0;0;0;0;0;1;0;0;0;0;0;0;0;0;0;0;0;0;0;0;0;0;0;0;0;0;0;0;0;2;4;0;0;0;0;31;0;0;0;CAMPO LARGO;REGIÃO LESTE;12;1
0.350617283950617;2016-02-29;16;21;24;26;686;32;6;16;21;570;32;0;32;802;42;181;4;4;4;5;4;4;4;0;0;0;1;0;0;0;0;0;0;0;0;0;0;0;0;0;1;0;0;0;0;0;0;0;0;0;1;0;0;0;0;0;0;0;0;0;0;0;0;0;0;0;0;0;0;0;0;0;0;0;3;5;0;0;0;0;0;3;0;0;CAMPO LARGO;REGIÃO LESTE;13;3
0.716444444444444;2016-03-31;13;19;22;25;672;30;4;13;20;532;30;0;30;812;34;111;4;5;5;4;4;4;5;0;0;0;0;0;0;0;0;1;0;0;0;0;0;0;0;0;1;0;0;0;0;0;0;0;0;0;1;0;0;0;0;0;0;0;0;0;0;0;0;0;0;0;0;0;0;0;0;0;0;0;3;5;1;1;0;0;0;1;0;0;CAMPO LARGO;REGIÃO LESTE;14;8
0.653037037037037;2016-04-30;3;10;22;26;659;32;2;3;20;502;32;0;32;815;27;60;4;4;4;4;5;5;4;1;0;0;0;0;0;0;0;0;0;0;0;0;0;0;0;0;1;0;0;0;0;0;0;0;0;0;1;0;0;0;0;0;0;0;0;0;0;0;0;0;0;0;0;0;0;0;0;0;0;0;3;5;1;1;0;0;0;0;0;0;CAMPO LARGO;REGIÃO LESTE;15;8
0.691950617283951;2016-05-31;5;12;16;19;488;25;5;5;17;370;25;0;25;605;41;160;5;4;4;5;4;4;5;0;0;0;0;0;0;0;1;0;0;0;0;0;0;0;0;0;1;0;0;0;0;0;0;0;0;0;1;0;0;0;0;0;0;0;0;0;0;0;0;0;0;0;0;0;0;0;0;0;0;0;3;5;1;1;0;0;0;1;0;0;CAMPO LARGO;REGIÃO LESTE;16;8
0.703111111111111;2016-06-30;-1;7;12;17;373;24;3;-1;14;228;24;0;24;517;33;97;4;5;5;4;4;4;4;0;0;0;0;0;0;1;0;0;0;0;0;0;0;0;0;0;1;0;0;0;0;0;0;0;0;0;1;0;0;0;0;0;0;0;0;0;0;0;0;0;0;0;0;0;0;0;0;0;0;0;3;5;1;1;0;0;0;0;0;0;CAMPO LARGO;REGIÃO LESTE;17;8
0.45679012345679;2016-07-31;1;8;15;21;465;27;7;1;16;284;27;0;27;646;126;218;5;4;4;4;5;5;4;0;0;0;0;0;1;0;0;0;0;0;0;0;0;0;0;0;1;0;0;0;0;0;0;0;0;0;1;0;0;0;0;0;0;0;0;0;0;0;0;0;0;0;0;0;0;0;0;0;0;0;3;5;1;1;0;0;14;0;0;0;CAMPO LARGO;REGIÃO LESTE;18;5
0.731753086419753;2016-08-31;3;9;16;20;485;28;10;3;16;318;28;0;28;651;78;319;4;5;4;5;4;4;5;0;1;0;0;0;0;0;0;0;0;0;0;0;0;0;0;0;1;0;0;0;0;0;0;0;0;0;1;0;0;0;0;0;0;0;0;0;0;0;0;0;0;0;0;0;0;0;0;0;0;0;3;5;1;1;0;0;0;0;0;0;CAMPO LARGO;REGIÃO LESTE;19;8
0.673481481481482;2016-09-30;5;13;17;24;513;29;5;5;18;338;29;0;29;687;110;138;4;4;5;4;5;4;4;0;0;0;0;0;0;0;0;0;0;0;1;0;0;0;0;0;1;0;0;0;0;0;0;0;0;0;1;0;0;0;0;0;0;0;0;0;0;0;0;0;0;0;0;0;0;0;0;0;0;0;3;5;1;1;0;0;0;0;0;0;CAMPO LARGO;REGIÃO LESTE;20;8
0.639901234567901;2016-10-31;9;14;19;25;579;32;6;9;19;439;32;0;32;719;85;195;5;4;4;5;4;5;4;0;0;0;0;0;0;0;0;0;0;1;0;0;0;0;0;0;1;0;0;0;0;0;0;0;0;0;1;0;0;0;0;0;0;0;0;0;0;0;0;0;0;0;0;0;0;0;0;0;0;0;3;5;1;1;0;0;0;0;0;0;CAMPO LARGO;REGIÃO LESTE;21;8
0.670518518518518;2016-11-30;10;15;20;25;604;30;4;10;20;462;30;0;30;745;31;105;4;5;4;4;4;4;5;0;0;0;0;0;0;0;0;0;1;0;0;0;0;0;0;0;1;0;0;0;0;0;0;0;0;0;1;0;0;0;0;0;0;0;0;0;0;0;0;0;0;0;0;0;0;0;0;0;0;0;3;5;1;1;0;0;0;0;0;0;CAMPO LARGO;REGIÃO LESTE;22;8
0.53283950617284;2016-12-31;11;16;22;27;680;33;3;11;21;543;33;0;33;816;17;84;4;4;5;4;5;5;4;0;0;1;0;0;0;0;0;0;0;0;0;0;0;0;0;0;1;0;0;0;0;0;0;0;0;0;1;0;0;0;0;0;0;0;0;0;0;0;0;0;0;0;0;0;0;0;0;0;0;0;3;5;1;1;0;0;0;0;0;0;CAMPO LARGO;REGIÃO LESTE;23;6
0.265679012345679;2017-01-31;14;20;23;26;726;31;4;14;21;585;31;0;31;868;20;130;5;4;4;5;4;4;5;0;0;0;0;1;0;0;0;0;0;0;0;0;0;0;0;0;0;1;0;0;0;0;0;0;0;0;1;0;0;0;0;0;0;0;0;0;0;0;0;0;0;0;0;0;0;0;0;0;0;0;3;5;1;1;0;0;31;0;0;0;CAMPO LARGO;REGIÃO LESTE;24;2
0.692839506172839;2017-02-28;17;21;24;26;664;32;6;17;20;525;32;0;32;803;44;159;4;4;4;4;4;4;4;0;0;0;1;0;0;0;0;0;0;0;0;0;0;0;0;0;0;1;0;0;0;0;0;0;0;0;1;0;0;0;0;0;0;0;0;0;0;0;0;0;0;0;0;0;0;0;0;0;0;0;3;5;1;1;0;0;0;2;0;0;CAMPO LARGO;REGIÃO LESTE;25;8
0.728691358024691;2017-03-31;14;17;21;26;663;31;4;14;21;535;31;0;31;792;31;110;4;5;5;4;5;4;4;0;0;0;0;0;0;0;0;1;0;0;0;0;0;0;0;0;0;1;0;0;0;0;0;0;0;0;1;0;0;0;0;0;0;0;0;0;0;0;0;0;0;0;0;0;0;0;0;0;0;0;3;5;1;1;0;0;0;1;0;0;CAMPO LARGO;REGIÃO LESTE;26;8
0.748938271604938;2017-04-30;6;13;19;23;562;28;4;6;19;438;28;0;28;686;39;106;5;4;4;4;4;5;4;1;0;0;0;0;0;0;0;0;0;0;0;0;0;0;0;0;0;1;0;0;0;0;0;0;0;0;1;0;0;0;0;0;0;0;0;0;0;0;0;0;0;0;0;0;0;0;0;0;0;0;3;5;1;1;0;0;0;1;0;0;CAMPO LARGO;REGIÃO LESTE;27;8
0.802172839506173;2017-05-31;10;15;18;22;550;27;5;10;18;434;27;0;27;666;55;141;4;5;4;5;4;4;5;0;0;0;0;0;0;0;1;0;0;0;0;0;0;0;0;0;0;1;0;0;0;0;0;0;0;0;1;0;0;0;0;0;0;0;0;0;0;0;0;0;0;0;0;0;0;0;0;0;0;0;3;5;1;1;0;0;0;0;0;0;CAMPO LARGO;REGIÃO LESTE;28;9
0.815703703703704;2017-06-30;2;10;16;22;473;26;5;2;18;324;26;0;26;623;78;162;4;4;5;4;5;4;4;0;0;0;0;0;0;1;0;0;0;0;0;0;0;0;0;0;0;1;0;0;0;0;0;0;0;0;1;0;0;0;0;0;0;0;0;0;0;0;0;0;0;0;0;0;0;0;0;0;0;0;3;5;1;1;0;0;0;1;0;0;CAMPO LARGO;REGIÃO LESTE;29;9
0.462320987654321;2017-07-31;-1;6;15;18;462;26;0;-1;13;268;26;0;26;656;0;0;5;4;4;5;4;5;4;0;0;0;0;0;1;0;0;0;0;0;0;0;0;0;0;0;0;1;0;0;0;0;0;0;0;0;1;0;0;0;0;0;0;0;0;0;0;0;0;0;0;0;0;0;0;0;0;0;0;0;3;5;1;1;0;0;16;0;0;0;CAMPO LARGO;REGIÃO LESTE;30;5
0.946074074074074;2017-08-31;5;11;17;22;514;31;5;5;14;355;31;0;31;672;52;141;4;5;5;4;4;4;5;0;1;0;0;0;0;0;0;0;0;0;0;0;0;0;0;0;0;1;0;0;0;0;0;0;0;0;1;0;0;0;0;0;0;0;0;0;0;0;0;0;0;0;0;0;0;0;0;0;0;0;3;5;1;1;0;0;0;0;0;0;CAMPO LARGO;REGIÃO LESTE;31;9
0.781037037037037;2017-09-30;10;16;21;23;616;32;1;10;18;430;32;0;32;802;24;39;4;4;4;4;5;5;4;0;0;0;0;0;0;0;0;0;0;0;1;0;0;0;0;0;0;1;0;0;0;0;0;0;0;0;1;0;0;0;0;0;0;0;0;0;0;0;0;0;0;0;0;0;0;0;0;0;0;0;3;5;1;1;0;0;0;0;0;0;CAMPO LARGO;REGIÃO LESTE;32;9
0.753185185185185;2017-10-31;7;15;19;25;603;32;11;7;18;445;32;0;32;760;81;353;5;4;4;5;4;4;5;0;0;0;0;0;0;0;0;0;0;1;0;0;0;0;0;0;0;1;0;0;0;0;0;0;0;0;1;0;0;0;0;0;0;0;0;0;0;0;0;0;0;0;0;0;0;0;0;0;0;0;3;5;1;1;0;0;0;0;0;0;CAMPO LARGO;REGIÃO LESTE;33;8
0.830518518518518;2017-11-30;10;16;20;24;595;32;4;10;18;442;32;0;32;747;44;135;4;5;5;4;4;4;4;0;0;0;0;0;0;0;0;0;1;0;0;0;0;0;0;0;0;1;0;0;0;0;0;0;0;0;1;0;0;0;0;0;0;0;0;0;0;0;0;0;0;0;0;0;0;0;0;0;0;0;3;5;1;1;0;0;0;0;0;0;CAMPO LARGO;REGIÃO LESTE;34;9
0.605037037037037;2017-12-31;15;18;22;25;680;31;5;15;21;550;31;0;31;810;64;158;5;4;4;4;5;5;4;0;0;1;0;0;0;0;0;0;0;0;0;0;0;0;0;0;0;1;0;0;0;0;0;0;0;0;1;0;0;0;0;0;0;0;0;0;0;0;0;0;0;0;0;0;0;0;0;0;0;0;3;5;1;1;0;0;0;0;0;0;CAMPO LARGO;REGIÃO LESTE;35;7
0.321481481481482;2018-01-31;15;19;22;25;695;32;7;15;20;562;32;0;32;827;40;203;4;5;4;5;4;4;5;0;0;0;0;1;0;0;0;0;0;0;0;0;0;0;0;0;0;0;1;0;0;0;0;0;0;0;1;0;0;0;0;0;0;0;0;0;0;0;0;0;0;0;0;0;0;0;0;0;0;0;3;5;1;1;0;0;31;0;0;0;CAMPO LARGO;REGIÃO LESTE;36;3
0.459950617283951;2018-02-28;14;17;21;24;595;30;1;14;21;468;30;0;30;722;6;21;4;4;4;4;4;4;4;0;0;0;1;0;0;0;0;0;0;0;0;0;0;0;0;0;0;0;1;0;0;0;0;0;0;0;1;0;0;0;0;0;0;0;0;0;0;0;0;0;0;0;0;0;0;0;0;0;0;0;3;5;1;1;0;0;0;3;0;0;CAMPO LARGO;REGIÃO LESTE;37;5
0.949728395061728;2018-03-31;16;18;23;25;703;30;7;16;20;565;30;0;30;841;75;219;4;4;5;4;5;5;4;0;0;0;0;0;0;0;0;1;0;0;0;0;0;0;0;0;0;0;1;0;0;0;0;0;0;0;1;0;0;0;0;0;0;0;0;0;0;0;0;0;0;0;0;0;0;0;0;0;0;0;3;5;1;1;0;0;0;1;0;0;CAMPO LARGO;REGIÃO LESTE;38;9
0.833481481481482;2018-04-30;12;17;21;23;616;29;0;12;20;456;29;0;29;777;2;4;5;4;4;5;4;4;4;1;0;0;0;0;0;0;0;0;0;0;0;0;0;0;0;0;0;0;1;0;0;0;0;0;0;0;1;0;0;0;0;0;0;0;0;0;0;0;0;0;0;0;0;0;0;0;0;0;0;0;3;5;1;1;0;0;0;0;0;0;CAMPO LARGO;REGIÃO LESTE;39;9
0.861432098765432;2018-05-31;4;12;17;22;542;28;2;4;18;384;28;0;28;700;44;51;4;5;5;4;4;4;5;0;0;0;0;0;0;0;1;0;0;0;0;0;0;0;0;0;0;0;1;0;0;0;0;0;0;0;1;0;0;0;0;0;0;0;0;0;0;0;0;0;0;0;0;0;0;0;0;0;0;0;3;5;1;1;0;0;0;1;0;0;CAMPO LARGO;REGIÃO LESTE;40;9
0.846617283950617;2018-06-30;2;10;15;22;461;28;5;2;18;327;28;0;28;596;33;157;4;4;4;4;5;5;4;0;0;0;0;0;0;1;0;0;0;0;0;0;0;0;0;0;0;0;1;0;0;0;0;0;0;0;1;0;0;0;0;0;0;0;0;0;0;0;0;0;0;0;0;0;0;0;0;0;0;0;3;5;1;1;0;0;0;0;0;0;CAMPO LARGO;REGIÃO LESTE;41;9
0.56641975308642;2018-07-31;2;9;17;20;517;28;0;2;15;332;28;0;28;702;8;9;5;4;4;5;4;4;5;0;0;0;0;0;1;0;0;0;0;0;0;0;0;0;0;0;0;0;1;0;0;0;0;0;0;0;1;0;0;0;0;0;0;0;0;0;0;0;0;0;0;0;0;0;0;0;0;0;0;0;3;5;1;1;0;0;16;0;0;0;CAMPO LARGO;REGIÃO LESTE;42;7
0.988938271604938;2018-08-31;3;11;15;21;476;30;3;3;15;315;30;0;30;637;49;82;4;5;5;4;5;4;4;0;1;0;0;0;0;0;0;0;0;0;0;0;0;0;0;0;0;0;1;0;0;0;0;0;0;0;1;0;0;0;0;0;0;0;0;0;0;0;0;0;0;0;0;0;0;0;0;0;0;0;3;4;1;1;0;0;0;0;0;0;CAMPO LARGO;REGIÃO LESTE;43;9
0.873382716049382;2018-09-30;5;13;18;23;552;30;2;5;18;411;30;0;30;693;10;50;5;4;4;4;4;5;4;0;0;0;0;0;0;0;0;0;0;0;1;0;0;0;0;0;0;0;1;0;0;0;0;0;0;0;1;0;0;0;0;0;0;0;0;0;0;0;0;0;0;0;0;0;0;0;0;0;0;0;3;4;1;1;0;0;0;0;0;0;CAMPO LARGO;REGIÃO LESTE;44;9
0.887901234567901;2018-10-31;12;14;19;23;587;29;7;12;18;471;29;0;29;703;41;206;4;5;4;5;4;4;5;0;0;0;0;0;0;0;0;0;0;1;0;0;0;0;0;0;0;0;1;0;0;0;0;0;0;0;1;0;0;0;0;0;0;0;0;0;0;0;0;0;0;0;0;0;0;0;0;0;0;0;3;4;1;1;0;0;0;0;0;0;CAMPO LARGO;REGIÃO LESTE;45;9
0.836444444444444;2018-11-30;12;16;21;26;620;32;2;12;20;478;32;0;32;761;35;70;4;4;5;4;5;4;4;0;0;0;0;0;0;0;0;0;1;0;0;0;0;0;0;0;0;0;1;0;0;0;0;0;0;0;1;0;0;0;0;0;0;0;0;0;0;0;0;0;0;0;0;0;0;0;0;0;0;0;3;4;1;1;0;0;0;0;0;0;CAMPO LARGO;REGIÃO LESTE;46;9
0.779753086419753;2018-12-31;11;17;23;27;724;33;3;11;21;548;33;0;33;901;42;89;5;4;4;5;4;5;4;0;0;1;0;0;0;0;0;0;0;0;0;0;0;0;0;0;0;0;1;0;0;0;0;0;0;0;1;0;0;0;0;0;0;0;0;0;0;0;0;0;0;0;0;0;0;0;0;0;0;0;3;4;1;1;0;0;0;0;0;0;CAMPO LARGO;REGIÃO LESTE;47;9
0.299259259259259;2019-01-31;17;22;25;27;771;34;3;17;22;612;34;0;34;929;22;104;4;5;5;4;4;4;5;0;0;0;0;1;0;0;0;0;0;0;0;0;0;0;0;0;0;0;0;1;0;0;0;0;0;0;1;0;0;0;0;0;0;0;0;0;0;0;0;0;0;0;0;0;0;0;0;0;0;0;3;4;1;1;0;0;31;0;0;0;CAMPO LARGO;REGIÃO LESTE;48;3
0.639703703703704;2019-02-28;16;18;22;27;625;34;4;16;21;505;34;0;34;745;27;109;4;4;4;4;4;4;4;0;0;0;1;0;0;0;0;0;0;0;0;0;0;0;0;0;0;0;0;1;0;0;0;0;0;0;1;0;0;0;0;0;0;0;0;0;0;0;0;0;0;0;0;0;0;0;0;0;0;0;3;4;1;1;0;1;0;0;0;0;CAMPO LARGO;REGIÃO LESTE;49;8
0.814617283950617;2019-03-31;14;18;22;24;677;30;3;14;20;546;30;0;30;808;30;108;5;4;4;4;5;5;4;0;0;0;0;0;0;0;0;1;0;0;0;0;0;0;0;0;0;0;0;1;0;0;0;0;0;0;1;0;0;0;0;0;0;0;0;0;0;0;0;0;0;0;0;0;0;0;0;0;0;0;4;4;1;1;0;1;0;3;0;0;CAMPO LARGO;REGIÃO LESTE;50;9
0.869037037037037;2019-04-30;11;17;21;25;623;29;3;11;21;492;29;0;29;755;23;82;4;4;4;5;4;4;5;1;0;0;0;0;0;0;0;0;0;0;0;0;0;0;0;0;0;0;0;1;0;0;0;0;0;0;1;0;0;0;0;0;0;0;0;0;0;0;0;0;0;0;0;0;0;0;0;0;0;0;4;4;1;1;0;1;0;1;0;0;CAMPO LARGO;REGIÃO LESTE;51;9
0.970567901234568;2019-05-31;8;14;18;24;571;29;15;8;19;460;29;0;29;681;170;480;4;5;5;4;5;4;4;0;0;0;0;0;0;0;1;0;0;0;0;0;0;0;0;0;0;0;0;1;0;0;0;0;0;0;1;0;0;0;0;0;0;0;0;0;0;0;0;0;0;0;0;0;0;0;0;0;0;0;4;4;1;1;0;1;0;0;0;0;CAMPO LARGO;REGIÃO LESTE;52;9
0.816888888888889;2019-06-30;6;11;17;21;511;27;2;6;15;354;27;0;27;669;22;62;5;4;4;4;4;5;4;0;0;0;0;0;0;1;0;0;0;0;0;0;0;0;0;0;0;0;0;1;0;0;0;0;0;0;1;0;0;0;0;0;0;0;0;0;0;0;0;0;0;0;0;0;0;0;0;0;0;0;4;4;1;1;0;1;0;1;0;0;CAMPO LARGO;REGIÃO LESTE;53;9
0.526617283950617;2019-07-31;-1;6;15;20;479;26;1;-1;17;296;26;0;26;662;7;21;4;5;4;5;4;4;5;0;0;0;0;0;1;0;0;0;0;0;0;0;0;0;0;0;0;0;0;1;0;0;0;0;0;0;1;0;0;0;0;0;0;0;0;0;0;0;0;0;0;0;0;0;0;0;0;0;0;0;4;4;1;1;0;1;16;0;0;0;CAMPO LARGO;REGIÃO LESTE;54;6
1.0;2019-08-31;3;8;16;21;495;29;1;3;15;324;29;0;29;665;8;19;4;4;5;4;5;5;4;0;1;0;0;0;0;0;0;0;0;0;0;0;0;0;0;0;0;0;0;1;0;0;0;0;0;0;1;0;0;0;0;0;0;0;0;0;0;0;0;0;0;0;0;0;0;0;0;0;0;0;4;4;1;1;0;1;0;0;0;0;CAMPO LARGO;REGIÃO LESTE;55;9
0.925333333333333;2019-09-30;8;11;19;24;558;32;5;8;18;411;32;0;32;704;49;151;5;4;4;5;4;4;4;0;0;0;0;0;0;0;0;0;0;0;1;0;0;0;0;0;0;0;0;1;0;0;0;0;0;0;1;0;0;0;0;0;0;0;0;0;0;0;0;0;0;0;0;0;0;0;0;0;0;0;4;4;1;1;0;1;0;0;0;0;CAMPO LARGO;REGIÃO LESTE;56;9
0.909333333333333;2019-10-31;12;16;21;26;662;34;3;12;19;490;34;0;34;833;28;95;4;5;5;4;4;4;5;0;0;0;0;0;0;0;0;0;0;1;0;0;0;0;0;0;0;0;0;1;0;0;0;0;0;0;1;0;0;0;0;0;0;0;0;0;0;0;0;0;0;0;0;0;0;0;0;0;0;0;4;4;1;1;0;1;0;0;0;0;CAMPO LARGO;REGIÃO LESTE;57;9
0.900246913580247;2019-11-30;13;16;21;25;628;32;4;13;20;487;32;0;32;769;32;125;4;4;4;4;5;5;4;0;0;0;0;0;0;0;0;0;1;0;0;0;0;0;0;0;0;0;0;1;0;0;0;0;0;0;1;0;0;0;0;0;0;0;0;0;0;0;0;0;0;0;0;0;0;0;0;0;0;0;4;4;1;1;0;1;0;0;0;0;CAMPO LARGO;REGIÃO LESTE;58;9
0.619358024691358;2019-12-31;14;17;22;25;669;31;3;14;20;526;31;0;31;811;18;81;5;4;4;5;4;4;5;0;0;1;0;0;0;0;0;0;0;0;0;0;0;0;0;0;0;0;0;1;0;0;0;0;0;0;1;0;0;0;0;0;0;0;0;0;0;0;0;0;0;0;0;0;0;0;0;0;0;0;4;4;1;1;0;1;0;0;0;0;CAMPO LARGO;REGIÃO LESTE;59;7
0.278617283950617;2020-01-31;15;17;23;26;700;31;3;15;21;561;31;0;31;838;19;99;4;5;5;4;5;4;4;0;0;0;0;1;0;0;0;0;0;0;0;0;0;0;0;0;0;0;0;0;1;0;0;0;0;0;1;0;0;0;0;0;0;0;0;0;0;0;0;0;0;0;0;0;0;0;0;0;0;0;4;4;1;1;0;1;31;0;0;0;CAMPO LARGO;REGIÃO LESTE;60;2
0.622123456790123;2020-02-29;12;18;22;26;632;31;4;12;21;508;31;0;31;757;26;108;4;4;4;4;4;5;4;0;0;0;1;0;0;0;0;0;0;0;0;0;0;0;0;0;0;0;0;0;1;0;0;0;0;0;1;0;0;0;0;0;0;0;0;0;0;0;0;0;0;0;0;0;0;0;0;0;0;0;5;4;1;1;2;1;0;3;0;0;CAMPO LARGO;REGIÃO LESTE;61;7
0.578666666666667;2020-03-31;13;18;21;25;659;32;1;13;20;488;32;0;32;831;15;24;5;4;4;5;4;4;5;0;0;0;0;0;0;0;0;1;0;0;0;0;0;0;0;0;0;0;0;0;1;0;0;0;0;0;1;0;0;0;0;0;0;0;0;0;0;0;0;0;0;0;0;0;0;0;0;0;0;0;5;4;1;1;2;1;0;0;15;0;CAMPO LARGO;REGIÃO LESTE;62;7
0.175703703703704;2020-04-30;6;15;19;24;565;29;2;6;19;386;29;0;29;745;36;56;4;5;5;4;4;4;4;1;0;0;0;0;0;0;0;0;0;0;0;0;0;0;0;0;0;0;0;0;1;0;0;0;0;0;1;0;0;0;0;0;0;0;0;0;0;0;0;0;0;0;0;0;0;0;0;0;0;0;5;4;1;1;2;1;0;1;30;0;CAMPO LARGO;REGIÃO LESTE;63;1
0.073481481481481;2020-05-31;3;11;16;21;493;26;3;3;16;302;26;0;26;684;83;100;5;4;4;4;5;5;4;0;0;0;0;0;0;0;1;0;0;0;0;0;0;0;0;0;0;0;0;0;1;0;0;0;0;0;1;0;0;0;0;0;0;0;0;0;0;0;0;0;0;0;0;0;0;0;0;0;0;0;5;4;1;1;2;1;0;0;31;0;CAMPO LARGO;REGIÃO LESTE;64;0
0.104592592592593;2020-06-30;8;11;17;21;499;28;8;8;18;368;28;0;28;630;74;237;4;4;4;5;4;4;5;0;0;0;0;0;0;1;0;0;0;0;0;0;0;0;0;0;0;0;0;0;1;0;0;0;0;0;1;0;0;0;0;0;0;0;0;0;0;0;0;0;0;0;0;0;0;0;0;0;0;0;5;4;1;1;2;1;0;1;30;0;CAMPO LARGO;REGIÃO LESTE;65;1
0.134716049382716;2020-07-31;2;9;15;21;478;26;2;2;15;304;26;0;26;651;38;55;4;5;5;4;5;4;4;0;0;0;0;0;1;0;0;0;0;0;0;0;0;0;0;0;0;0;0;0;1;0;0;0;0;0;1;0;0;0;0;0;0;0;0;0;0;0;0;0;0;0;0;0;0;0;0;0;0;0;5;4;1;1;2;1;0;0;31;0;CAMPO LARGO;REGIÃO LESTE;66;1
0.073481481481481;2020-08-31;1;6;16;22;489;31;7;1;15;312;31;0;31;666;53;221;5;4;4;5;4;5;4;0;1;0;0;0;0;0;0;0;0;0;0;0;0;0;0;0;0;0;0;0;1;0;0;0;0;0;1;0;0;0;0;0;0;0;0;0;0;0;0;0;0;0;0;0;0;0;0;0;0;0;5;4;1;1;2;1;0;0;31;0;CAMPO LARGO;REGIÃO LESTE;67;0
0.137185185185185;2020-09-30;10;13;20;25;601;34;3;10;17;422;34;0;34;779;42;89;4;5;4;4;4;4;5;0;0;0;0;0;0;0;0;0;0;0;1;0;0;0;0;0;0;0;0;0;1;0;0;0;0;0;1;0;0;0;0;0;0;0;0;0;0;0;0;0;0;0;0;0;0;0;0;0;0;0;5;4;1;1;2;1;0;0;30;0;CAMPO LARGO;REGIÃO LESTE;68;1
0.16641975308642;2020-10-31;9;14;20;27;624;36;2;9;18;454;36;0;36;793;22;72;4;4;5;4;5;5;4;0;0;0;0;0;0;0;0;0;0;1;0;0;0;0;0;0;0;0;0;0;1;0;0;0;0;0;1;0;0;0;0;0;0;0;0;0;0;0;0;0;0;0;0;0;0;0;0;0;0;0;5;4;1;1;2;1;0;0;31;0;CAMPO LARGO;REGIÃO LESTE;69;1
0.095703703703704;2020-11-30;8;15;20;25;606;33;5;8;19;438;33;0;33;774;39;136;5;4;4;5;4;4;4;0;0;0;0;0;0;0;0;0;1;0;0;0;0;0;0;0;0;0;0;0;1;0;0;0;0;0;1;0;0;0;0;0;0;0;0;0;0;0;0;0;0;0;0;0;0;0;0;0;0;0;5;4;1;1;2;1;0;0;30;0;CAMPO LARGO;REGIÃO LESTE;70;1
0.116345679012346;2020-12-31;14;16;22;25;690;31;4;14;20;545;31;0;31;834;50;128;4;5;5;4;4;4;5;0;0;1;0;0;0;0;0;0;0;0;0;0;0;0;0;0;0;0;0;0;1;0;0;0;0;0;1;0;0;0;0;0;0;0;0;0;0;0;0;0;0;0;0;0;0;0;0;0;0;0;5;4;1;1;2;1;0;0;31;0;CAMPO LARGO;REGIÃO LESTE;71;1
0.079604938271605;2021-01-31;14;19;23;26;699;31;5;14;21;579;31;0;31;819;43;164;5;4;4;4;5;5;4;0;0;0;0;1;0;0;0;0;0;0;0;1;0;0;0;0;0;0;0;0;0;0;0;0;0;0;1;0;0;0;0;0;0;0;0;0;0;0;0;0;0;0;0;0;0;0;0;0;0;0;5;3;1;1;2;1;0;0;31;0;CAMPO LARGO;REGIÃO LESTE;72;1
0.081086419753086;2021-02-28;13;19;22;26;621;32;4;13;21;470;32;0;32;773;70;114;4;4;4;4;4;4;4;0;0;0;1;0;0;0;0;0;0;0;0;1;0;0;0;0;0;0;0;0;0;0;0;0;0;0;1;0;0;0;0;0;0;0;0;0;0;0;0;0;0;0;0;0;0;0;0;0;0;0;5;3;1;1;2;1;0;3;28;0;CAMPO LARGO;REGIÃO LESTE;73;1
0.076543209876543;2021-03-31;11;18;23;25;698;31;7;11;20;548;31;0;31;848;38;210;4;5;4;5;4;4;5;0;0;0;0;0;0;0;0;1;0;0;0;1;0;0;0;0;0;0;0;0;0;0;0;0;0;0;1;0;0;0;0;0;0;0;0;0;0;0;0;0;0;0;0;0;0;0;0;0;0;0;5;3;1;1;2;1;0;0;31;0;CAMPO LARGO;REGIÃO LESTE;74;0
0.104592592592593;2021-04-30;10;16;19;22;558;28;0;10;16;410;28;0;28;705;0;1;4;4;5;4;5;4;4;1;0;0;0;0;0;0;0;0;0;0;0;1;0;0;0;0;0;0;0;0;0;0;0;0;0;0;1;0;0;0;0;0;0;0;0;0;0;0;0;0;0;0;0;0;0;0;0;0;0;0;5;3;1;1;2;1;0;1;30;0;CAMPO LARGO;REGIÃO LESTE;75;1
0.045925925925926;2021-05-31;2;12;16;22;506;27;5;2;17;333;27;0;27;678;37;165;5;4;4;5;4;5;4;0;0;0;0;0;0;0;1;0;0;0;0;1;0;0;0;0;0;0;0;0;0;0;0;0;0;0;1;0;0;0;0;0;0;0;0;0;0;0;0;0;0;0;0;0;0;0;0;0;0;0;5;3;1;1;2;1;0;0;31;0;CAMPO LARGO;REGIÃO LESTE;76;0
0.033481481481481;2021-06-30;0;6;15;20;446;26;4;0;15;309;26;0;26;583;69;128;4;5;4;4;4;4;5;0;0;0;0;0;0;1;0;0;0;0;0;1;0;0;0;0;0;0;0;0;0;0;0;0;0;0;1;0;0;0;0;0;0;0;0;0;0;0;0;0;0;0;0;0;0;0;0;0;0;0;5;3;1;1;2;1;0;1;30;0;CAMPO LARGO;REGIÃO LESTE;77;0
0.0;2021-07-31;-2;6;13;18;402;26;1;-2;13;190;26;0;26;613;18;35;4;4;5;4;5;5;4;0;0;0;0;0;1;0;0;0;0;0;0;1;0;0;0;0;0;0;0;0;0;0;0;0;0;0;1;0;0;0;0;0;0;0;0;0;0;0;0;0;0;0;0;0;0;0;0;0;0;0;5;3;1;1;2;1;0;0;31;0;CAMPO LARGO;REGIÃO LESTE;78;0
0.039802469135802;2021-08-31;6;10;17;24;516;30;3;6;19;350;30;0;30;682;26;102;5;4;4;5;4;4;5;0;1;0;0;0;0;0;0;0;0;0;0;1;0;0;0;0;0;0;0;0;0;0;0;0;0;0;1;0;0;0;0;0;0;0;0;0;0;0;0;0;0;0;0;0;0;0;0;0;0;0;5;3;1;1;3;1;0;0;31;0;CAMPO LARGO;REGIÃO LESTE;79;0
0.015703703703704;2021-09-30;9;13;19;25;582;32;2;9;21;418;32;0;32;747;35;66;4;5;5;4;4;4;4;0;0;0;0;0;0;0;0;0;0;0;1;1;0;0;0;0;0;0;0;0;0;0;0;0;0;0;1;0;0;0;0;0;0;0;0;0;0;0;0;0;0;0;0;0;0;0;0;0;0;0;5;3;1;1;3;1;0;0;30;0;CAMPO LARGO;REGIÃO LESTE;80;0
0.033679012345679;2021-10-31;9;13;18;21;544;26;7;9;17;433;26;0;26;655;58;221;5;4;4;4;5;5;4;0;0;0;0;0;0;0;0;0;0;1;0;1;0;0;0;0;0;0;0;0;0;0;0;0;0;0;1;0;0;0;0;0;0;0;0;0;0;0;0;0;0;0;0;0;0;0;0;0;0;0;5;3;1;1;3;1;0;0;0;0;CAMPO LARGO;REGIÃO LESTE;81;0
0.069037037037037;2021-11-30;10;16;20;24;610;32;2;10;19;454;32;0;32;766;11;47;4;4;4;5;4;4;5;0;0;0;0;0;0;0;0;0;1;0;0;1;0;0;0;0;0;0;0;0;0;0;0;0;0;0;1;0;0;0;0;0;0;0;0;0;0;0;0;0;0;0;0;0;0;0;0;0;0;0;5;3;1;1;3;1;0;0;0;0;CAMPO LARGO;REGIÃO LESTE;82;0
0.113283950617284;2021-12-31;11;17;22;26;668;31;2;11;21;502;31;0;31;833;7;51;4;5;5;4;5;4;4;0;0;1;0;0;0;0;0;0;0;0;0;1;0;0;0;0;0;0;0;0;0;0;0;0;0;0;1;0;0;0;0;0;0;0;0;0;0;0;0;0;0;0;0;0;0;0;0;0;0;0;5;3;1;1;3;1;0;0;0;0;CAMPO LARGO;REGIÃO LESTE;83;1
0.033679012345679;2022-01-31;14;18;23;26;706;33;8;14;21;556;33;0;33;856;72;260;5;4;4;5;4;5;4;0;0;0;0;1;0;0;0;0;0;0;0;0;1;0;0;0;0;0;0;0;0;0;0;0;0;0;1;0;0;0;0;0;0;0;0;0;0;0;0;0;0;0;0;0;0;0;0;0;0;0;5;3;1;1;3;1;31;0;0;0;CAMPO LARGO;REGIÃO LESTE;84;0
0.205530864197531;2022-02-28;13;19;23;26;646;33;2;13;21;493;33;0;33;800;21;61;4;4;4;4;4;4;4;0;0;0;1;0;0;0;0;0;0;0;0;0;1;0;0;0;0;0;0;0;0;0;0;0;0;0;1;0;0;0;0;0;0;0;0;0;0;0;0;0;0;0;0;0;0;0;0;0;0;0;5;3;1;1;3;1;0;1;0;0;CAMPO LARGO;REGIÃO LESTE;85;2
0.661333333333333;2022-03-31;14;17;22;26;696;32;8;14;21;560;32;0;32;831;61;254;4;5;5;4;4;4;5;0;0;0;0;0;0;0;0;1;0;0;0;0;1;0;0;0;0;0;0;0;0;0;0;0;0;0;1;0;0;0;0;0;0;0;0;0;0;0;0;0;0;0;0;0;0;0;0;0;0;0;5;3;1;1;3;1;0;1;0;0;CAMPO LARGO;REGIÃO LESTE;86;8
0.578666666666667;2022-04-30;7;13;19;23;561;29;6;7;18;426;29;0;29;695;60;176;4;4;4;4;5;5;4;1;0;0;0;0;0;0;0;0;0;0;0;0;1;0;0;0;0;0;0;0;0;0;0;0;0;0;1;0;0;0;0;0;0;0;0;0;0;0;0;0;0;0;0;0;0;0;0;0;0;0;5;3;1;1;3;1;0;1;0;0;CAMPO LARGO;REGIÃO LESTE;87;7
0.860345679012346;2022-05-31;2;8;15;21;478;26;2;2;17;325;26;0;26;630;29;66;5;4;4;5;4;4;5;0;0;0;0;0;0;0;1;0;0;0;0;0;1;0;0;0;0;0;0;0;0;0;0;0;0;0;1;0;0;0;0;0;0;0;0;0;0;0;0;0;0;0;0;0;0;0;0;0;0;0;5;3;1;1;4;1;0;0;0;0;CAMPO LARGO;REGIÃO LESTE;88;9
0.874962962962963;2022-06-30;1;9;15;21;450;27;4;1;16;308;27;0;27;591;56;124;4;5;5;4;4;4;4;0;0;0;0;0;0;1;0;0;0;0;0;0;1;0;0;0;0;0;0;0;0;0;0;0;0;0;1;0;0;0;0;0;0;0;0;0;0;0;0;0;0;0;0;0;0;0;0;0;0;0;5;3;1;1;4;1;0;1;0;0;CAMPO LARGO;REGIÃO LESTE;89;9
0.503308641975309;2022-07-31;3;11;17;20;528;27;3;3;16;333;27;0;27;724;51;94;5;4;4;4;5;5;4;0;0;0;0;0;1;0;0;0;0;0;0;0;1;0;0;0;0;0;0;0;0;0;0;0;0;0;1;0;0;0;0;0;0;0;0;0;0;0;0;0;0;0;0;0;0;0;0;0;0;0;5;3;1;1;4;1;0;0;0;0;CAMPO LARGO;REGIÃO LESTE;90;6
0.906271604938272;2022-08-31;1;7;15;19;460;28;4;1;16;311;28;0;28;609;43;116;4;5;4;5;4;4;5;0;1;0;0;0;0;0;0;0;0;0;0;0;1;0;0;0;0;0;0;0;0;0;0;0;0;0;1;0;0;0;0;0;0;0;0;0;0;0;0;0;0;0;0;0;0;0;0;0;0;0;5;3;1;1;4;1;0;0;0;0;CAMPO LARGO;REGIÃO LESTE;91;9
0.866074074074074;2022-09-30;4;10;15;23;449;30;7;4;20;335;30;0;30;562;67;219;4;4;5;4;5;4;4;0;0;0;0;0;0;0;0;0;0;0;1;0;1;0;0;0;0;0;0;0;0;0;0;0;0;0;1;0;0;0;0;0;0;0;0;0;0;0;0;0;0;0;0;0;0;0;0;0;0;0;5;3;1;1;4;1;0;0;0;0;CAMPO LARGO;REGIÃO LESTE;92;9
0.789925925925926;2022-10-31;7;15;19;23;589;30;6;7;18;440;30;0;30;738;59;197;5;4;4;5;4;5;4;0;0;0;0;0;0;0;0;0;0;1;0;0;1;0;0;0;0;0;0;0;0;0;0;0;0;0;1;0;0;0;0;0;0;0;0;0;0;0;0;0;0;0;0;0;0;0;0;0;0;0;5;3;1;1;4;1;0;0;0;0;CAMPO LARGO;REGIÃO LESTE;93;9
0.703111111111111;2022-11-30;7;10;18;22;533;28;4;7;17;385;28;0;28;682;31;134;4;5;4;4;4;4;5;0;0;0;0;0;0;0;0;0;1;0;0;0;1;0;0;0;0;0;0;0;0;0;0;0;0;0;1;0;0;0;0;0;0;0;0;0;0;0;0;0;0;0;0;0;0;0;0;0;0;0;5;3;1;1;4;1;0;0;0;0;CAMPO LARGO;REGIÃO LESTE;94;8
0.560296296296296;2022-12-31;12;17;21;26;660;32;4;12;20;518;32;0;32;801;28;126;4;4;5;4;5;5;4;0;0;1;0;0;0;0;0;0;0;0;0;0;1;0;0;0;0;0;0;0;0;0;0;0;0;0;1;0;0;0;0;0;0;0;0;0;0;0;0;0;0;0;0;0;0;0;0;0;0;0;5;3;1;1;4;1;0;0;0;0;CAMPO LARGO;REGIÃO LESTE;95;7
0.174518518518519;2023-01-31;12;17;22;24;680;30;6;12;20;530;30;0;30;829;40;189;5;4;4;5;4;4;5;0;0;0;0;1;0;0;0;0;0;0;0;0;0;1;0;0;0;0;0;0;0;0;0;0;0;0;1;0;0;0;0;0;0;0;0;0;0;0;0;0;0;0;0;0;0;0;0;0;0;0;4;2;1;1;4;1;31;0;0;0;CAMPO LARGO;REGIÃO LESTE;96;1
0.310617283950617;2023-02-28;13;15;22;24;614;30;10;13;20;494;30;0;30;733;56;290;4;4;4;4;4;4;4;0;0;0;1;0;0;0;0;0;0;0;0;0;0;1;0;0;0;0;0;0;0;0;0;0;0;0;1;0;0;0;0;0;0;0;0;0;0;0;0;0;0;0;0;0;0;0;0;0;0;0;4;2;1;1;4;1;0;3;0;0;CAMPO LARGO;REGIÃO LESTE;97;3
0.915456790123457;2023-03-31;15;20;22;24;696;30;5;15;19;544;30;0;30;849;37;156;4;5;5;4;5;4;4;0;0;0;0;0;0;0;0;1;0;0;0;0;0;1;0;0;0;0;0;0;0;0;0;0;0;0;1;0;0;0;0;0;0;0;0;0;0;0;0;0;0;0;0;0;0;0;0;0;0;0;4;2;1;1;4;1;0;0;0;0;CAMPO LARGO;REGIÃO LESTE;98;9
0.664592592592592;2023-04-30;8;14;19;23;564;29;3;8;18;427;29;0;29;700;64;100;5;4;4;4;4;5;4;1;0;0;0;0;0;0;0;0;0;0;0;0;0;1;0;0;0;0;0;0;0;0;0;0;0;0;1;0;0;0;0;0;0;0;0;0;0;0;0;0;0;0;0;0;0;0;0;0;0;0;4;1;1;1;4;1;0;1;0;0;CAMPO LARGO;REGIÃO LESTE;99;8
0.863407407407407;2023-05-31;6;13;17;22;535;27;2;6;18;371;27;0;27;698;19;57;4;5;4;5;4;4;5;0;0;0;0;0;0;0;1;0;0;0;0;0;0;1;0;0;0;0;0;0;0;0;0;0;0;0;1;0;0;0;0;0;0;0;0;0;0;0;0;0;0;0;0;0;0;0;0;0;0;0;4;1;1;1;4;1;0;0;0;0;CAMPO LARGO;REGIÃO LESTE;100;9
0.723851851851852;2023-06-30;5;11;15;21;462;27;3;5;15;296;27;0;27;627;37;95;4;4;5;4;5;4;4;0;0;0;0;0;0;1;0;0;0;0;0;0;0;1;0;0;0;0;0;0;0;0;0;0;0;0;1;0;0;0;0;0;0;0;0;0;0;0;0;0;0;0;0;0;0;0;0;0;0;0;4;1;1;1;4;1;0;1;0;0;CAMPO LARGO;REGIÃO LESTE;101;8
0.364345679012346;2023-07-31;3;10;15;21;480;26;4;3;16;338;26;0;26;622;56;134;5;4;4;5;4;5;4;0;0;0;0;0;1;0;0;0;0;0;0;0;0;1;0;0;0;0;0;0;0;0;0;0;0;0;1;0;0;0;0;0;0;0;0;0;0;0;0;0;0;0;0;0;0;0;0;0;0;0;4;1;1;1;4;1;15;0;0;0;CAMPO LARGO;REGIÃO LESTE;102;4
0.817481481481482;2023-08-31;5;10;17;25;517;31;4;5;20;353;31;0;31;681;34;112;4;5;5;4;4;4;5;0;1;0;0;0;0;0;0;0;0;0;0;0;0;1;0;0;0;0;0;0;0;0;0;0;0;0;1;0;0;0;0;0;0;0;0;0;0;0;0;0;0;0;0;0;0;0;0;0;0;0;4;1;1;1;4;1;0;0;0;0;CAMPO LARGO;REGIÃO LESTE;103;9
0.68237037037037;2023-09-30;9;13;20;26;606;34;6;9;22;445;34;0;34;767;85;166;4;4;4;4;5;5;4;0;0;0;0;0;0;0;0;0;0;0;1;0;0;1;0;0;0;0;0;0;0;0;0;0;0;0;1;0;0;0;0;0;0;0;0;0;0;0;0;0;0;0;0;0;0;0;0;0;0;0;4;1;1;1;4;1;0;0;0;0;CAMPO LARGO;REGIÃO LESTE;104;8
0.759308641975309;2023-10-31;11;14;19;25;600;31;12;11;20;480;31;0;31;720;64;370;5;4;4;5;4;4;5;0;0;0;0;0;0;0;0;0;0;1;0;0;0;1;0;0;0;0;0;0;0;0;0;0;0;0;1;0;0;0;0;0;0;0;0;0;0;0;0;0;0;0;0;0;0;0;0;0;0;0;4;1;1;1;4;1;0;0;0;0;CAMPO LARGO;REGIÃO LESTE;105;8
0.714962962962963;2023-11-30;8;16;21;27;636;35;4;8;20;495;35;0;35;777;32;132;4;5;5;4;4;4;4;0;0;0;0;0;0;0;0;0;1;0;0;0;0;1;0;0;0;0;0;0;0;0;0;0;0;0;1;0;0;0;0;0;0;0;0;0;0;0;0;0;0;0;0;0;0;0;0;0;0;0;4;1;1;1;4;1;0;0;0;0;CAMPO LARGO;REGIÃO LESTE;106;8
0.480691358024691;2023-12-31;14;17;23;27;718;34;2;14;22;558;34;0;34;879;32;68;5;4;4;4;5;5;4;0;0;1;0;0;0;0;0;0;0;0;0;0;0;1;0;0;0;0;0;0;0;0;0;0;0;0;1;0;0;0;0;0;0;0;0;0;0;0;0;0;0;0;0;0;0;0;0;0;0;0;4;1;1;1;4;1;0;0;0;0;CAMPO LARGO;REGIÃO LESTE;107;5
0.131654320987654;2024-01-31;13;17;23;27;705;35;4;13;23;557;35;0;35;852;28;112;4;5;4;5;4;4;5;0;0;0;0;1;0;0;0;0;0;0;0;0;0;0;1;0;0;0;0;0;0;0;0;0;0;0;1;0;0;0;0;0;0;0;0;0;0;0;0;0;0;0;0;0;0;0;0;0;0;0;4;1;1;1;4;1;31;0;0;0;CAMPO LARGO;REGIÃO LESTE;108;1
0.462320987654321;2024-02-29;16;18;23;26;676;32;3;16;21;537;32;0;32;814;18;89;4;4;5;4;4;4;4;0;0;0;1;0;0;0;0;0;0;0;0;0;0;0;1;0;0;0;0;0;0;0;0;0;0;0;1;0;0;0;0;0;0;0;0;0;0;0;0;0;0;0;0;0;0;0;0;0;0;0;4;1;1;1;4;1;0;3;0;0;CAMPO LARGO;REGIÃO LESTE;109;5
0.786864197530864;2024-03-31;15;17;23;28;713;34;1;15;22;570;34;0;34;857;8;31;5;4;4;4;5;5;4;0;0;0;0;0;0;0;0;1;0;0;0;0;0;0;1;0;0;0;0;0;0;0;0;0;0;0;1;0;0;0;0;0;0;0;0;0;0;0;0;0;0;0;0;0;0;0;0;0;0;0;4;1;1;1;4;1;0;1;0;0;CAMPO LARGO;REGIÃO LESTE;110;9
0.400888888888889;2024-04-30;9;16;21;26;641;31;3;9;20;503;31;0;31;779;38;78;4;4;4;5;4;4;5;1;0;0;0;0;0;0;0;0;0;0;0;0;0;0;1;0;0;0;0;0;0;0;0;0;0;0;1;0;0;0;0;0;0;0;0;0;0;0;0;0;0;0;0;0;0;0;0;0;0;0;4;1;1;1;4;1;0;0;0;0;CAMPO LARGO;REGIÃO LESTE;111;4
0.165333333333333;2024-05-31;4;11;19;24;586;30;1;4;19;441;30;0;30;731;16;23;4;5;5;4;5;4;4;0;0;0;0;0;0;0;1;0;0;0;0;0;0;0;1;0;0;0;0;0;0;0;0;0;0;0;1;0;0;0;0;0;0;0;0;0;0;0;0;0;0;0;0;0;0;0;0;0;0;0;4;1;1;1;4;1;0;1;0;30;CAMPO LARGO;REGIÃO LESTE;112;1
0.080888888888889;2024-06-30;2;10;18;21;542;28;1;2;16;364;28;0;28;719;9;20;5;4;4;4;4;5;4;0;0;0;0;0;0;1;0;0;0;0;0;0;0;0;1;0;0;0;0;0;0;0;0;0;0;0;1;0;0;0;0;0;0;0;0;0;0;0;0;0;0;0;0;0;0;0;0;0;0;0;4;1;1;1;4;1;0;0;0;30;CAMPO LARGO;REGIÃO LESTE;113;1
0.401086419753086;2024-07-31;4;10;15;19;460;27;1;4;14;297;27;0;27;623;10;46;4;5;4;5;4;4;5;0;0;0;0;0;1;0;0;0;0;0;0;0;0;0;1;0;0;0;0;0;0;0;0;0;0;0;1;0;0;0;0;0;0;0;0;0;0;0;0;0;0;0;0;0;0;0;0;0;0;0;4;1;1;1;4;1;12;0;0;0;CAMPO LARGO;REGIÃO LESTE;114;4
0.802172839506173;2024-08-31;0;8;17;22;515;32;1;0;16;292;32;0;32;739;20;32;4;4;5;4;5;5;4;0;1;0;0;0;0;0;0;0;0;0;0;0;0;0;1;0;0;0;0;0;0;0;0;0;0;0;1;0;0;0;0;0;0;0;0;0;0;0;0;0;0;0;0;0;0;0;0;0;0;0;4;1;1;1;4;1;0;0;0;0;CAMPO LARGO;REGIÃO LESTE;115;9
0.753481481481481;2024-09-30;11;13;21;25;619;34;2;11;18;420;34;0;34;818;22;60;5;4;4;5;4;4;4;0;0;0;0;0;0;0;0;0;0;0;1;0;0;0;1;0;0;0;0;0;0;0;0;0;0;0;1;0;0;0;0;0;0;0;0;0;0;0;0;0;0;0;0;0;0;0;0;0;0;0;4;1;1;1;4;1;0;0;0;0;CAMPO LARGO;REGIÃO LESTE;116;8
0.890962962962963;2024-10-31;11;14;20;25;611;34;4;11;20;476;34;0;34;746;32;117;4;5;5;4;4;4;5;0;0;0;0;0;0;0;0;0;0;1;0;0;0;0;1;0;0;0;0;0;0;0;0;0;0;0;1;0;0;0;0;0;0;0;0;0;0;0;0;0;0;0;0;0;0;0;0;0;0;0;4;1;1;1;4;1;0;0;0;0;CAMPO LARGO;REGIÃO LESTE;117;9
0.35185018456829;2017-10-31;7;16;21;28;643;35;28;7;21;484;35;0;35;801;164;866;5;4;4;5;4;4;5;0;0;0;0;0;0;0;0;0;0;1;0;0;0;0;0;0;0;1;0;0;0;0;0;0;0;0;0;1;0;0;0;0;0;0;0;0;0;0;0;0;0;0;0;0;0;0;0;0;0;0;2;0;0;0;0;0;0;0;0;0;CAPANEMA;REGIÃO SUL;1;3
0.293058431619699;2017-11-30;10;18;21;25;629;32;9;10;20;451;32;0;32;807;100;266;4;5;5;4;4;4;4;0;0;0;0;0;0;0;0;0;1;0;0;0;0;0;0;0;0;1;0;0;0;0;0;0;0;0;0;1;0;0;0;0;0;0;0;0;0;0;0;0;0;0;0;0;0;0;0;0;0;0;2;0;0;0;0;0;0;0;0;0;CAPANEMA;REGIÃO SUL;2;3
0.259656072746916;2017-12-31;15;22;24;27;749;34;4;15;21;589;34;0;34;910;41;136;5;4;4;4;5;5;4;0;0;1;0;0;0;0;0;0;0;0;0;0;0;0;0;0;0;1;0;0;0;0;0;0;0;0;0;1;0;0;0;0;0;0;0;0;0;0;0;0;0;0;0;0;0;0;0;0;0;0;2;0;0;0;0;0;0;0;0;0;CAPANEMA;REGIÃO SUL;3;2
0.173494192851355;2018-01-31;16;21;24;26;740;32;6;16;21;600;32;0;32;880;40;177;4;5;4;5;4;4;5;0;0;0;0;1;0;0;0;0;0;0;0;0;0;0;0;0;0;0;1;0;0;0;0;0;0;0;0;1;0;0;0;0;0;0;0;0;0;0;0;0;0;0;0;0;0;0;0;0;0;0;2;0;0;0;0;0;31;0;0;0;CAPANEMA;REGIÃO SUL;4;1
0.21761051589088;2018-02-28;14;21;24;27;669;33;5;14;21;516;33;0;33;823;44;146;4;4;4;4;4;4;4;0;0;0;1;0;0;0;0;0;0;0;0;0;0;0;0;0;0;0;1;0;0;0;0;0;0;0;0;1;0;0;0;0;0;0;0;0;0;0;0;0;0;0;0;0;0;0;0;0;0;0;3;0;0;0;0;0;0;3;0;0;CAPANEMA;REGIÃO SUL;5;2
0.333843522103178;2018-03-31;10;17;24;27;739;33;11;10;23;590;33;0;33;888;55;348;4;4;5;4;5;5;4;0;0;0;0;0;0;0;0;1;0;0;0;0;0;0;0;0;0;0;1;0;0;0;0;0;0;0;0;1;0;0;0;0;0;0;0;0;0;0;0;0;0;0;0;0;0;0;0;0;0;0;3;0;0;0;0;0;0;1;0;0;CAPANEMA;REGIÃO SUL;6;3
0.31331592689295;2018-04-30;15;21;23;25;695;31;1;15;19;522;31;0;31;869;20;25;5;4;4;5;4;4;4;1;0;0;0;0;0;0;0;0;0;0;0;0;0;0;0;0;0;0;1;0;0;0;0;0;0;0;0;1;0;0;0;0;0;0;0;0;0;0;0;0;0;0;0;0;0;0;0;0;0;0;3;0;0;0;0;0;0;0;0;0;CAPANEMA;REGIÃO SUL;7;3
0.407400738273161;2018-05-31;4;10;19;24;582;30;6;4;18;419;30;0;30;745;86;178;4;5;5;4;4;4;5;0;0;0;0;0;0;0;1;0;0;0;0;0;0;0;0;0;0;0;1;0;0;0;0;0;0;0;0;1;0;0;0;0;0;0;0;0;0;0;0;0;0;0;0;0;0;0;0;0;0;0;3;0;0;0;0;0;0;1;0;0;CAPANEMA;REGIÃO SUL;8;4
0.384442243630143;2018-06-30;2;6;15;23;448;27;3;2;21;313;27;0;27;584;17;94;4;4;4;4;5;5;4;0;0;0;0;0;0;1;0;0;0;0;0;0;0;0;0;0;0;0;1;0;0;0;0;0;0;0;0;1;0;0;0;0;0;0;0;0;0;0;0;0;0;0;0;0;0;0;0;0;0;0;3;0;0;0;0;0;0;0;0;0;CAPANEMA;REGIÃO SUL;9;4
0.427208066984784;2018-07-31;3;10;17;23;524;30;0;3;17;357;30;0;30;690;5;7;5;4;4;5;4;4;5;0;0;0;0;0;1;0;0;0;0;0;0;0;0;0;0;0;0;0;1;0;0;0;0;0;0;0;0;1;0;0;0;0;0;0;0;0;0;0;0;0;0;0;0;0;0;0;0;0;0;0;3;0;0;0;0;0;16;0;0;0;CAPANEMA;REGIÃO SUL;10;5
0.506167281894301;2018-08-31;1;7;15;24;468;32;2;1;17;284;32;0;32;653;17;51;4;5;5;4;5;4;4;0;1;0;0;0;0;0;0;0;0;0;0;0;0;0;0;0;0;0;1;0;0;0;0;0;0;0;0;1;0;0;0;0;0;0;0;0;0;0;0;0;0;0;0;0;0;0;0;0;0;0;3;0;0;0;0;0;0;0;0;0;CAPANEMA;REGIÃO SUL;11;6
0.432700099036644;2018-09-30;6;12;20;27;590;34;12;6;20;432;34;0;34;748;161;346;5;4;4;4;4;5;4;0;0;0;0;0;0;0;0;0;0;0;1;0;0;0;0;0;0;0;1;0;0;0;0;0;0;0;0;1;0;0;0;0;0;0;0;0;0;0;0;0;0;0;0;0;0;0;0;0;0;0;3;0;0;0;0;0;0;0;0;0;CAPANEMA;REGIÃO SUL;12;5
0.420455568560367;2018-10-31;11;16;20;24;634;31;9;11;20;511;31;0;31;756;60;282;4;5;4;5;4;4;5;0;0;0;0;0;0;0;0;0;0;1;0;0;0;0;0;0;0;0;1;0;0;0;0;0;0;0;0;1;0;0;0;0;0;0;0;0;0;0;0;0;0;0;0;0;0;0;0;0;0;0;3;0;0;0;0;0;0;0;0;0;CAPANEMA;REGIÃO SUL;13;4
0.429458899792923;2018-11-30;15;20;23;27;695;33;4;15;21;539;33;0;33;851;39;121;4;4;5;4;5;4;4;0;0;0;0;0;0;0;0;0;1;0;0;0;0;0;0;0;0;0;1;0;0;0;0;0;0;0;0;1;0;0;0;0;0;0;0;0;0;0;0;0;0;0;0;0;0;0;0;0;0;0;3;0;0;0;0;0;0;0;0;0;CAPANEMA;REGIÃO SUL;14;5
0.369856847033402;2018-12-31;11;19;24;28;749;35;2;11;22;556;35;0;35;942;11;62;5;4;4;5;4;5;4;0;0;1;0;0;0;0;0;0;0;0;0;0;0;0;0;0;0;0;1;0;0;0;0;0;0;0;0;1;0;0;0;0;0;0;0;0;0;0;0;0;0;0;0;0;0;0;0;0;0;0;3;0;0;0;0;0;0;0;0;0;CAPANEMA;REGIÃO SUL;15;4
0.314396326640857;2019-01-31;17;22;26;29;814;35;4;17;23;644;35;0;35;984;27;134;4;5;5;4;4;4;5;0;0;0;0;1;0;0;0;0;0;0;0;0;0;0;0;0;0;0;0;1;0;0;0;0;0;0;0;1;0;0;0;0;0;0;0;0;0;0;0;0;0;0;0;0;0;0;0;0;0;0;3;0;0;0;0;0;31;0;0;0;CAPANEMA;REGIÃO SUL;16;3
0.473755289457099;2019-02-28;15;20;24;29;680;35;5;15;23;529;35;0;35;832;62;140;4;4;4;4;4;4;4;0;0;0;1;0;0;0;0;0;0;0;0;0;0;0;0;0;0;0;0;1;0;0;0;0;0;0;0;1;0;0;0;0;0;0;0;0;0;0;0;0;0;0;0;0;0;0;0;0;0;0;3;0;0;0;1;0;0;0;0;0;CAPANEMA;REGIÃO SUL;17;5
0.620779688484739;2019-03-31;12;20;23;26;698;33;6;12;21;543;33;0;33;853;38;171;5;4;4;4;5;5;4;0;0;0;0;0;0;0;0;1;0;0;0;0;0;0;0;0;0;0;0;1;0;0;0;0;0;0;0;1;0;0;0;0;0;0;0;0;0;0;0;0;0;0;0;0;0;0;0;0;0;0;3;0;0;0;1;0;0;3;0;0;CAPANEMA;REGIÃO SUL;18;7
0.572611866390564;2019-04-30;12;17;22;25;650;30;3;12;20;516;30;0;30;784;25;87;4;4;4;5;4;4;5;1;0;0;0;0;0;0;0;0;0;0;0;0;0;0;0;0;0;0;0;1;0;0;0;0;0;0;0;1;0;0;0;0;0;0;0;0;0;0;0;0;0;0;0;0;0;0;0;0;0;0;3;0;0;0;1;0;0;1;0;0;CAPANEMA;REGIÃO SUL;19;7
0.471234356711983;2019-05-31;9;12;19;24;589;29;7;9;20;477;29;0;29;700;68;213;4;5;5;4;5;4;4;0;0;0;0;0;0;0;1;0;0;0;0;0;0;0;0;0;0;0;0;1;0;0;0;0;0;0;0;1;0;0;0;0;0;0;0;0;0;0;0;0;0;0;0;0;0;0;0;0;0;0;3;0;0;0;1;0;0;0;0;0;CAPANEMA;REGIÃO SUL;20;5
0.408751237958044;2019-06-30;7;10;19;23;568;29;1;7;17;409;29;0;29;727;14;17;5;4;4;4;4;5;4;0;0;0;0;0;0;1;0;0;0;0;0;0;0;0;0;0;0;0;0;1;0;0;0;0;0;0;0;1;0;0;0;0;0;0;0;0;0;0;0;0;0;0;0;0;0;0;0;0;0;0;3;0;0;0;1;0;0;1;0;0;CAPANEMA;REGIÃO SUL;21;4
0.396236607544792;2019-07-31;-2;4;15;23;463;28;3;-2;18;305;28;0;28;622;37;87;4;5;4;5;4;4;5;0;0;0;0;0;1;0;0;0;0;0;0;0;0;0;0;0;0;0;0;1;0;0;0;0;0;0;0;1;0;0;0;0;0;0;0;0;0;0;0;0;0;0;0;0;0;0;0;0;0;0;3;0;0;0;1;0;16;0;0;0;CAPANEMA;REGIÃO SUL;22;4
0.50841811470244;2019-08-31;0;7;18;23;549;32;0;0;18;338;32;0;32;760;4;9;4;4;5;4;5;5;4;0;1;0;0;0;0;0;0;0;0;0;0;0;0;0;0;0;0;0;0;1;0;0;0;0;0;0;0;1;0;0;0;0;0;0;0;0;0;0;0;0;0;0;0;0;0;0;0;0;0;0;3;0;0;0;1;0;0;0;0;0;CAPANEMA;REGIÃO SUL;23;6
0.622130188169623;2019-09-30;6;15;21;29;644;37;1;6;21;454;37;0;37;833;14;35;5;4;4;5;4;4;4;0;0;0;0;0;0;0;0;0;0;0;1;0;0;0;0;0;0;0;0;1;0;0;0;0;0;0;0;1;0;0;0;0;0;0;0;0;0;0;0;0;0;0;0;0;0;0;0;0;0;0;3;0;0;0;1;0;0;0;0;0;CAPANEMA;REGIÃO SUL;24;7
0.700099036643558;2019-10-31;11;17;24;30;744;37;3;11;24;556;37;0;37;932;28;91;4;5;5;4;4;4;5;0;0;0;0;0;0;0;0;0;0;1;0;0;0;0;0;0;0;0;0;1;0;0;0;0;0;0;0;1;0;0;0;0;0;0;0;0;0;0;0;0;0;0;0;0;0;0;0;0;0;0;3;0;0;0;1;0;0;0;0;0;CAPANEMA;REGIÃO SUL;25;8
0.683352840551004;2019-11-30;12;21;24;27;729;34;7;12;22;566;34;0;34;892;124;213;4;4;4;4;5;5;4;0;0;0;0;0;0;0;0;0;1;0;0;0;0;0;0;0;0;0;0;1;0;0;0;0;0;0;0;1;0;0;0;0;0;0;0;0;0;0;0;0;0;0;0;0;0;0;0;0;0;0;3;0;0;0;1;0;0;0;0;0;CAPANEMA;REGIÃO SUL;26;8
0.563248401908706;2019-12-31;12;19;23;28;716;34;6;12;22;546;34;0;34;886;48;185;5;4;4;5;4;4;5;0;0;1;0;0;0;0;0;0;0;0;0;0;0;0;0;0;0;0;0;1;0;0;0;0;0;0;0;1;0;0;0;0;0;0;0;0;0;0;0;0;0;0;0;0;0;0;0;0;0;0;3;0;0;0;1;0;0;0;0;0;CAPANEMA;REGIÃO SUL;27;7
0.496263617538489;2020-01-31;17;19;25;27;769;33;6;17;23;619;33;0;33;920;97;192;4;5;5;4;5;4;4;0;0;0;0;1;0;0;0;0;0;0;0;0;0;0;0;0;0;0;0;0;1;0;0;0;0;0;0;1;0;0;0;0;0;0;0;0;0;0;0;0;0;0;0;0;0;0;0;0;0;0;3;0;0;0;1;0;31;0;0;0;CAPANEMA;REGIÃO SUL;28;6
0.630863419465202;2020-02-29;11;18;25;28;716;34;5;11;22;556;34;0;34;876;110;157;4;4;4;4;4;5;4;0;0;0;1;0;0;0;0;0;0;0;0;0;0;0;0;0;0;0;0;0;1;0;0;0;0;0;0;1;0;0;0;0;0;0;0;0;0;0;0;0;0;0;0;0;0;0;0;0;0;0;3;0;0;0;1;0;0;3;0;0;CAPANEMA;REGIÃO SUL;29;8
0.441343297019897;2020-03-31;13;20;24;29;755;36;1;13;22;559;36;0;36;951;38;43;5;4;4;5;4;4;5;0;0;0;0;0;0;0;0;1;0;0;0;0;0;0;0;0;0;0;0;0;1;0;0;0;0;0;0;1;0;0;0;0;0;0;0;0;0;0;0;0;0;0;0;0;0;0;0;0;0;0;3;0;0;0;1;0;0;0;15;0;CAPANEMA;REGIÃO SUL;30;5
0.0;2020-04-30;5;13;20;27;593;33;2;5;21;391;33;0;33;795;57;74;4;5;5;4;4;4;4;1;0;0;0;0;0;0;0;0;0;0;0;0;0;0;0;0;0;0;0;0;1;0;0;0;0;0;0;1;0;0;0;0;0;0;0;0;0;0;0;0;0;0;0;0;0;0;0;0;0;0;3;0;0;0;1;0;0;1;30;0;CAPANEMA;REGIÃO SUL;31;0
0.053569820833708;2020-05-31;3;10;16;22;501;28;8;3;18;320;28;0;28;681;136;244;5;4;4;4;5;5;4;0;0;0;0;0;0;0;1;0;0;0;0;0;0;0;0;0;0;0;0;0;1;0;0;0;0;0;0;1;0;0;0;0;0;0;0;0;0;0;0;0;0;0;0;0;0;0;0;0;0;0;3;0;0;0;1;0;0;0;31;0;CAPANEMA;REGIÃO SUL;32;0
0.029710993067435;2020-06-30;4;10;18;24;539;29;5;4;20;394;29;0;29;684;51;144;4;4;4;5;4;4;5;0;0;0;0;0;0;1;0;0;0;0;0;0;0;0;0;0;0;0;0;0;1;0;0;0;0;0;0;1;0;0;0;0;0;0;0;0;0;0;0;0;0;0;0;0;0;0;0;0;0;0;3;0;0;0;1;0;0;1;30;0;CAPANEMA;REGIÃO SUL;33;0
0.031151526064644;2020-07-31;2;9;17;23;518;28;4;2;18;357;28;0;28;678;46;109;4;5;5;4;5;4;4;0;0;0;0;0;1;0;0;0;0;0;0;0;0;0;0;0;0;0;0;0;1;0;0;0;0;0;0;1;0;0;0;0;0;0;0;0;0;0;0;0;0;0;0;0;0;0;0;0;0;0;3;0;0;0;1;0;0;0;31;0;CAPANEMA;REGIÃO SUL;34;0
0.03934455748627;2020-08-31;0;6;19;26;589;32;8;0;19;423;32;0;32;755;100;246;5;4;4;5;4;5;4;0;1;0;0;0;0;0;0;0;0;0;0;0;0;0;0;0;0;0;0;0;1;0;0;0;0;0;0;1;0;0;0;0;0;0;0;0;0;0;0;0;0;0;0;0;0;0;0;0;0;0;3;0;0;0;1;0;0;0;31;0;CAPANEMA;REGIÃO SUL;35;0
0.041415323669758;2020-09-30;10;17;23;31;686;38;4;10;23;509;38;0;38;862;51;115;4;5;4;4;4;4;5;0;0;0;0;0;0;0;0;0;0;0;1;0;0;0;0;0;0;0;0;0;1;0;0;0;0;0;0;1;0;0;0;0;0;0;0;0;0;0;0;0;0;0;0;0;0;0;0;0;0;0;3;0;0;0;1;0;0;0;30;0;CAPANEMA;REGIÃO SUL;36;0
0.0602322859458;2020-10-31;12;19;24;31;756;38;3;12;24;565;38;0;38;947;46;83;4;4;5;4;5;5;4;0;0;0;0;0;0;0;0;0;0;1;0;0;0;0;0;0;0;0;0;0;1;0;0;0;0;0;0;1;0;0;0;0;0;0;0;0;0;0;0;0;0;0;0;0;0;0;0;0;0;0;3;0;0;0;1;0;0;0;31;0;CAPANEMA;REGIÃO SUL;37;0
0.072926982983704;2020-11-30;11;19;24;29;708;36;3;11;22;520;36;0;36;896;22;85;5;4;4;5;4;4;4;0;0;0;0;0;0;0;0;0;1;0;0;0;0;0;0;0;0;0;0;0;1;0;0;0;0;0;0;1;0;0;0;0;0;0;0;0;0;0;0;0;0;0;0;0;0;0;0;0;0;0;3;0;0;0;1;0;0;0;30;0;CAPANEMA;REGIÃO SUL;38;0
0.085801746646259;2020-12-31;14;21;24;27;757;33;8;14;21;596;33;0;33;919;149;258;4;5;5;4;4;4;5;0;0;1;0;0;0;0;0;0;0;0;0;0;0;0;0;0;0;0;0;0;1;0;0;0;0;0;0;1;0;0;0;0;0;0;0;0;0;0;0;0;0;0;0;0;0;0;0;0;0;0;3;0;0;0;1;0;0;0;31;0;CAPANEMA;REGIÃO SUL;39;1
0.133249302241829;2021-01-31;18;20;24;27;741;32;10;18;22;614;32;0;32;867;82;299;5;4;4;4;5;5;4;0;0;0;0;1;0;0;0;0;0;0;0;1;0;0;0;0;0;0;0;0;0;0;0;0;0;0;0;1;0;0;0;0;0;0;0;0;0;0;0;0;0;0;0;0;0;0;0;0;0;0;3;0;0;0;1;0;0;0;31;0;CAPANEMA;REGIÃO SUL;40;1
0.106779508418115;2021-02-28;13;20;24;28;669;34;2;13;22;513;34;0;34;824;22;58;4;4;4;4;4;4;4;0;0;0;1;0;0;0;0;0;0;0;0;1;0;0;0;0;0;0;0;0;0;0;0;0;0;0;0;1;0;0;0;0;0;0;0;0;0;0;0;0;0;0;0;0;0;0;0;0;0;0;3;0;0;0;1;0;0;3;28;0;CAPANEMA;REGIÃO SUL;41;1
0.091383812010444;2021-03-31;14;19;24;28;750;35;1;14;22;582;35;0;35;918;14;46;4;5;4;5;4;4;5;0;0;0;0;0;0;0;0;1;0;0;0;1;0;0;0;0;0;0;0;0;0;0;0;0;0;0;0;1;0;0;0;0;0;0;0;0;0;0;0;0;0;0;0;0;0;0;0;0;0;0;3;0;0;0;1;0;0;0;31;0;CAPANEMA;REGIÃO SUL;42;1
0.086431979832538;2021-04-30;8;16;21;26;643;31;1;8;20;478;31;0;31;808;29;40;4;4;5;4;5;4;4;1;0;0;0;0;0;0;0;0;0;0;0;1;0;0;0;0;0;0;0;0;0;0;0;0;0;0;0;1;0;0;0;0;0;0;0;0;0;0;0;0;0;0;0;0;0;0;0;0;0;0;3;0;0;0;1;0;0;1;30;0;CAPANEMA;REGIÃO SUL;43;1
0.066264517871612;2021-05-31;5;11;18;24;557;30;1;5;19;387;30;0;30;728;11;26;5;4;4;5;4;5;4;0;0;0;0;0;0;0;1;0;0;0;0;1;0;0;0;0;0;0;0;0;0;0;0;0;0;0;0;1;0;0;0;0;0;0;0;0;0;0;0;0;0;0;0;0;0;0;0;0;0;0;3;0;0;0;1;0;0;0;31;0;CAPANEMA;REGIÃO SUL;44;0
0.078328981723238;2021-06-30;-1;5;16;23;470;28;5;-1;17;344;28;0;28;597;48;136;4;5;4;4;4;4;5;0;0;0;0;0;0;1;0;0;0;0;0;1;0;0;0;0;0;0;0;0;0;0;0;0;0;0;0;1;0;0;0;0;0;0;0;0;0;0;0;0;0;0;0;0;0;0;0;0;0;0;3;0;0;0;1;0;0;1;30;0;CAPANEMA;REGIÃO SUL;45;0
0.096965877374629;2021-07-31;-1;6;15;23;480;29;2;-1;17;293;29;0;29;666;27;56;4;4;5;4;5;5;4;0;0;0;0;0;1;0;0;0;0;0;0;1;0;0;0;0;0;0;0;0;0;0;0;0;0;0;0;1;0;0;0;0;0;0;0;0;0;0;0;0;0;0;0;0;0;0;0;0;0;0;3;0;0;0;1;0;0;0;31;0;CAPANEMA;REGIÃO SUL;46;1
0.116503106149275;2021-08-31;5;13;20;27;614;33;2;5;22;442;33;0;33;786;20;52;5;4;4;5;4;4;5;0;1;0;0;0;0;0;0;0;0;0;0;1;0;0;0;0;0;0;0;0;0;0;0;0;0;0;0;1;0;0;0;0;0;0;0;0;0;0;0;0;0;0;0;0;0;0;0;0;0;0;3;0;0;0;1;0;0;0;31;0;CAPANEMA;REGIÃO SUL;47;1
0.148554965337175;2021-09-30;9;16;23;30;684;36;3;9;23;517;36;0;36;851;20;88;4;5;5;4;4;4;4;0;0;0;0;0;0;0;0;0;0;0;1;1;0;0;0;0;0;0;0;0;0;0;0;0;0;0;0;1;0;0;0;0;0;0;0;0;0;0;0;0;0;0;0;0;0;0;0;0;0;0;3;0;0;0;1;0;0;0;30;0;CAPANEMA;REGIÃO SUL;48;1
0.1806968578374;2021-10-31;11;18;21;26;656;32;14;11;21;516;32;0;32;795;164;428;5;4;4;4;5;5;4;0;0;0;0;0;0;0;0;0;0;1;0;1;0;0;0;0;0;0;0;0;0;0;0;0;0;0;0;1;0;0;0;0;0;0;0;0;0;0;0;0;0;0;0;0;0;0;0;0;0;0;3;0;0;0;1;0;0;0;0;0;CAPANEMA;REGIÃO SUL;49;1
0.488880885927793;2021-11-30;14;21;24;28;729;34;2;14;22;558;34;0;34;899;26;52;4;4;4;5;4;4;5;0;0;0;0;0;0;0;0;0;1;0;0;1;0;0;0;0;0;0;0;0;0;0;0;0;0;0;0;1;0;0;0;0;0;0;0;0;0;0;0;0;0;0;0;0;0;0;0;0;0;0;3;0;0;0;1;0;0;0;0;0;CAPANEMA;REGIÃO SUL;50;6
0.599351760151256;2021-12-31;15;23;26;29;813;36;0;15;23;606;36;0;36;1020;3;6;4;5;5;4;5;4;4;0;0;1;0;0;0;0;0;0;0;0;0;1;0;0;0;0;0;0;0;0;0;0;0;0;0;0;0;1;0;0;0;0;0;0;0;0;0;0;0;0;0;0;0;0;0;0;0;0;0;0;3;0;0;0;1;0;0;0;0;0;CAPANEMA;REGIÃO SUL;51;7
0.417934635815252;2022-01-31;18;22;27;31;837;38;6;18;24;653;38;0;38;1021;32;182;5;4;4;5;4;5;4;0;0;0;0;1;0;0;0;0;0;0;0;0;1;0;0;0;0;0;0;0;0;0;0;0;0;0;0;1;0;0;0;0;0;0;0;0;0;0;0;0;0;0;0;0;0;0;0;0;0;0;3;0;0;0;1;0;31;0;0;0;CAPANEMA;REGIÃO SUL;52;4
0.673989376069146;2022-02-28;14;21;26;30;735;36;7;14;24;565;36;0;36;904;83;191;4;4;4;4;4;4;4;0;0;0;1;0;0;0;0;0;0;0;0;0;1;0;0;0;0;0;0;0;0;0;0;0;0;0;0;1;0;0;0;0;0;0;0;0;0;0;0;0;0;0;0;0;0;0;0;0;0;0;3;0;0;0;1;0;0;1;0;0;CAPANEMA;REGIÃO SUL;53;8
0.984514270280004;2022-03-31;10;15;23;29;726;34;11;10;23;579;34;0;34;872;135;335;4;5;5;4;4;4;5;0;0;0;0;0;0;0;0;1;0;0;0;0;1;0;0;0;0;0;0;0;0;0;0;0;0;0;0;1;0;0;0;0;0;0;0;0;0;0;0;0;0;0;0;0;0;0;0;0;0;0;3;0;0;0;1;0;0;1;0;0;CAPANEMA;REGIÃO SUL;54;9
0.429458899792923;2022-04-30;8;15;21;26;628;31;17;8;22;496;31;0;31;761;107;506;4;4;4;4;5;5;4;1;0;0;0;0;0;0;0;0;0;0;0;0;1;0;0;0;0;0;0;0;0;0;0;0;0;0;0;1;0;0;0;0;0;0;0;0;0;0;0;0;0;0;0;0;0;0;0;0;0;0;3;0;0;0;1;0;0;1;0;0;CAPANEMA;REGIÃO SUL;55;5
0.423516701179436;2022-05-31;5;9;16;21;496;27;7;5;19;379;27;0;27;613;60;215;5;4;4;5;4;4;5;0;0;0;0;0;0;0;1;0;0;0;0;0;1;0;0;0;0;0;0;0;0;0;0;0;0;0;0;1;0;0;0;0;0;0;0;0;0;0;0;0;0;0;0;0;0;0;0;0;0;0;3;0;0;0;1;0;0;0;0;0;CAPANEMA;REGIÃO SUL;56;4
0.415953902944089;2022-06-30;0;7;15;22;463;27;4;0;18;335;27;0;27;590;34;109;4;5;5;4;4;4;4;0;0;0;0;0;0;1;0;0;0;0;0;0;1;0;0;0;0;0;0;0;0;0;0;0;0;0;0;1;0;0;0;0;0;0;0;0;0;0;0;0;0;0;0;0;0;0;0;0;0;0;3;0;0;0;1;0;0;1;0;0;CAPANEMA;REGIÃO SUL;57;4
0.306293328531557;2022-07-31;5;10;20;23;606;29;2;5;19;442;29;0;29;769;24;51;5;4;4;4;5;5;4;0;0;0;0;0;1;0;0;0;0;0;0;0;1;0;0;0;0;0;0;0;0;0;0;0;0;0;0;1;0;0;0;0;0;0;0;0;0;0;0;0;0;0;0;0;0;0;0;0;0;0;3;0;0;0;1;0;0;0;0;0;CAPANEMA;REGIÃO SUL;58;3
0.457009093364545;2022-08-31;1;7;17;24;530;30;10;1;19;375;30;0;30;686;63;299;4;5;4;5;4;4;5;0;1;0;0;0;0;0;0;0;0;0;0;0;1;0;0;0;0;0;0;0;0;0;0;0;0;0;0;1;0;0;0;0;0;0;0;0;0;0;0;0;0;0;0;0;0;0;0;0;0;0;3;0;0;0;1;0;0;0;0;0;CAPANEMA;REGIÃO SUL;59;5
0.464571891599892;2022-09-30;5;12;17;26;516;31;11;5;22;381;31;0;31;651;59;335;4;4;5;4;5;4;4;0;0;0;0;0;0;0;0;0;0;0;1;0;1;0;0;0;0;0;0;0;0;0;0;0;0;0;0;1;0;0;0;0;0;0;0;0;0;0;0;0;0;0;0;0;0;0;0;0;0;0;3;0;0;0;1;0;0;0;0;0;CAPANEMA;REGIÃO SUL;60;5
0.473755289457099;2022-10-31;11;14;20;26;618;33;15;11;20;475;33;0;33;761;76;471;5;4;4;5;4;5;4;0;0;0;0;0;0;0;0;0;0;1;0;0;1;0;0;0;0;0;0;0;0;0;0;0;0;0;0;1;0;0;0;0;0;0;0;0;0;0;0;0;0;0;0;0;0;0;0;0;0;0;3;0;0;0;1;0;0;0;0;0;CAPANEMA;REGIÃO SUL;61;5
0.661744845592869;2022-11-30;5;12;21;25;626;32;4;5;21;427;32;0;32;825;59;128;4;5;4;4;4;4;5;0;0;0;0;0;0;0;0;0;1;0;0;0;1;0;0;0;0;0;0;0;0;0;0;0;0;0;0;1;0;0;0;0;0;0;0;0;0;0;0;0;0;0;0;0;0;0;0;0;0;0;3;0;0;0;1;0;0;0;0;0;CAPANEMA;REGIÃO SUL;62;8
0.716575132799136;2022-12-31;12;21;25;29;771;34;4;12;24;580;34;0;34;963;40;131;4;4;5;4;5;5;4;0;0;1;0;0;0;0;0;0;0;0;0;0;1;0;0;0;0;0;0;0;0;0;0;0;0;0;0;1;0;0;0;0;0;0;0;0;0;0;0;0;0;0;0;0;0;0;0;0;0;0;3;0;0;0;1;0;0;0;0;0;CAPANEMA;REGIÃO SUL;63;8
0.501665616278023;2023-01-31;13;20;25;28;770;35;7;13;23;606;35;0;35;935;38;218;5;4;4;5;4;4;5;0;0;0;0;1;0;0;0;0;0;0;0;0;0;1;0;0;0;0;0;0;0;0;0;0;0;0;0;1;0;0;0;0;0;0;0;0;0;0;0;0;0;0;0;0;0;0;0;0;0;0;3;0;0;0;1;0;31;0;0;0;CAPANEMA;REGIÃO SUL;64;6
0.729449896461691;2023-02-28;9;16;24;27;666;33;17;9;22;529;33;0;33;803;90;464;4;4;4;4;4;4;4;0;0;0;1;0;0;0;0;0;0;0;0;0;0;1;0;0;0;0;0;0;0;0;0;0;0;0;0;1;0;0;0;0;0;0;0;0;0;0;0;0;0;0;0;0;0;0;0;0;0;0;3;0;0;0;1;0;0;3;0;0;CAPANEMA;REGIÃO SUL;65;8
1.0;2023-03-31;13;20;25;27;764;33;4;13;22;615;33;0;33;912;46;129;4;5;5;4;5;4;4;0;0;0;0;0;0;0;0;1;0;0;0;0;0;1;0;0;0;0;0;0;0;0;0;0;0;0;0;1;0;0;0;0;0;0;0;0;0;0;0;0;0;0;0;0;0;0;0;0;0;0;3;0;0;0;1;0;0;0;0;0;CAPANEMA;REGIÃO SUL;66;9
0.599621860088233;2023-04-30;9;15;21;25;627;31;4;9;20;485;31;0;31;768;65;112;5;4;4;4;4;5;4;1;0;0;0;0;0;0;0;0;0;0;0;0;0;1;0;0;0;0;0;0;0;0;0;0;0;0;0;1;0;0;0;0;0;0;0;0;0;0;0;0;0;0;0;0;0;0;0;0;0;0;3;0;0;0;1;0;0;1;0;0;CAPANEMA;REGIÃO SUL;67;7
0.540740073827316;2023-05-31;8;14;19;24;594;28;6;8;21;457;28;0;28;730;59;195;4;5;4;5;4;4;5;0;0;0;0;0;0;0;1;0;0;0;0;0;0;1;0;0;0;0;0;0;0;0;0;0;0;0;0;1;0;0;0;0;0;0;0;0;0;0;0;0;0;0;0;0;0;0;0;0;0;0;3;0;0;0;1;0;0;0;0;0;CAPANEMA;REGIÃO SUL;68;6
0.478076888448726;2023-06-30;5;8;17;21;513;26;3;5;18;385;26;0;26;641;44;99;4;4;5;4;5;4;4;0;0;0;0;0;0;1;0;0;0;0;0;0;0;1;0;0;0;0;0;0;0;0;0;0;0;0;0;1;0;0;0;0;0;0;0;0;0;0;0;0;0;0;0;0;0;0;0;0;0;0;3;0;0;0;1;0;0;1;0;0;CAPANEMA;REGIÃO SUL;69;5
0.102547942738813;2023-07-31;4;8;18;22;565;28;4;4;20;428;28;0;28;702;47;122;5;4;4;5;4;5;4;0;0;0;0;0;1;0;0;0;0;0;0;0;0;1;0;0;0;0;0;0;0;0;0;0;0;0;0;1;0;0;0;0;0;0;0;0;0;0;0;0;0;0;0;0;0;0;0;0;0;0;3;0;0;0;1;0;15;0;0;0;CAPANEMA;REGIÃO SUL;70;1
0.398397407040605;2023-08-31;5;11;20;27;614;32;7;5;21;454;32;0;32;774;114;232;4;5;5;4;4;4;5;0;1;0;0;0;0;0;0;0;0;0;0;0;0;1;0;0;0;0;0;0;0;0;0;0;0;0;0;1;0;0;0;0;0;0;0;0;0;0;0;0;0;0;0;0;0;0;0;0;0;0;3;0;0;0;1;0;0;0;0;0;CAPANEMA;REGIÃO SUL;71;4
0.518591878995228;2023-09-30;7;13;23;30;681;36;9;7;24;533;36;0;36;828;115;268;4;4;4;4;5;5;4;0;0;0;0;0;0;0;0;0;0;0;1;0;0;1;0;0;0;0;0;0;0;0;0;0;0;0;0;1;0;0;0;0;0;0;0;0;0;0;0;0;0;0;0;0;0;0;0;0;0;0;3;0;0;0;1;0;0;0;0;0;CAPANEMA;REGIÃO SUL;72;6
0.406770505086882;2023-10-31;8;14;22;28;680;35;11;8;22;549;35;0;35;811;132;354;5;4;4;5;4;4;5;0;0;0;0;0;0;0;0;0;0;1;0;0;0;1;0;0;0;0;0;0;0;0;0;0;0;0;0;1;0;0;0;0;0;0;0;0;0;0;0;0;0;0;0;0;0;0;0;0;0;0;3;0;0;0;1;0;0;0;0;0;CAPANEMA;REGIÃO SUL;73;4
0.461870892230125;2023-11-30;9;15;24;30;710;34;14;9;26;593;34;0;34;827;99;413;4;5;5;4;4;4;4;0;0;0;0;0;0;0;0;0;1;0;0;0;0;1;0;0;0;0;0;0;0;0;0;0;0;0;0;1;0;0;0;0;0;0;0;0;0;0;0;0;0;0;0;0;0;0;0;0;0;0;3;0;0;0;1;0;0;0;0;0;CAPANEMA;REGIÃO SUL;74;5
0.395606374358513;2023-12-31;15;21;25;29;779;35;9;15;24;645;35;0;35;913;87;280;5;4;4;4;5;5;4;0;0;1;0;0;0;0;0;0;0;0;0;0;0;1;0;0;0;0;0;0;0;0;0;0;0;0;0;1;0;0;0;0;0;0;0;0;0;0;0;0;0;0;0;0;0;0;0;0;0;0;3;0;0;0;1;0;0;0;0;0;CAPANEMA;REGIÃO SUL;75;4
0.317457459259926;2024-01-31;15;21;25;29;790;35;4;15;24;629;35;0;35;950;53;131;4;5;4;5;4;4;5;0;0;0;0;1;0;0;0;0;0;0;0;0;0;0;1;0;0;0;0;0;0;0;0;0;0;0;0;1;0;0;0;0;0;0;0;0;0;0;0;0;0;0;0;0;0;0;0;0;0;0;3;0;0;0;1;0;31;0;0;0;CAPANEMA;REGIÃO SUL;76;3
0.812550643738183;2024-02-29;18;23;27;30;778;36;4;18;24;623;36;0;36;932;27;129;4;4;5;4;4;4;4;0;0;0;1;0;0;0;0;0;0;0;0;0;0;0;1;0;0;0;0;0;0;0;0;0;0;0;0;1;0;0;0;0;0;0;0;0;0;0;0;0;0;0;0;0;0;0;0;0;0;0;3;0;0;0;1;0;0;3;0;0;CAPANEMA;REGIÃO SUL;77;9
0.789141982533537;2024-03-31;17;22;26;29;796;35;3;17;25;646;35;0;35;945;15;83;5;4;4;4;5;5;4;0;0;0;0;0;0;0;0;1;0;0;0;0;0;0;1;0;0;0;0;0;0;0;0;0;0;0;0;1;0;0;0;0;0;0;0;0;0;0;0;0;0;0;0;0;0;0;0;0;0;0;3;0;0;0;1;0;0;1;0;0;CAPANEMA;REGIÃO SUL;78;9
0.337624921220852;2024-04-30;11;18;24;28;714;33;5;11;24;597;33;0;33;831;40;145;4;4;4;5;4;4;5;1;0;0;0;0;0;0;0;0;0;0;0;0;0;0;1;0;0;0;0;0;0;0;0;0;0;0;0;1;0;0;0;0;0;0;0;0;0;0;0;0;0;0;0;0;0;0;0;0;0;0;3;0;0;0;1;0;0;0;0;0;CAPANEMA;REGIÃO SUL;79;3
0.186278923201585;2024-05-31;4;9;18;27;570;31;7;4;24;460;31;0;31;679;103;216;4;5;5;4;5;4;4;0;0;0;0;0;0;0;1;0;0;0;0;0;0;0;1;0;0;0;0;0;0;0;0;0;0;0;0;1;0;0;0;0;0;0;0;0;0;0;0;0;0;0;0;0;0;0;0;0;0;0;3;0;0;0;1;0;0;1;0;30;CAPANEMA;REGIÃO SUL;80;1
0.12694697037904;2024-06-30;2;8;20;24;593;29;1;2;21;472;29;0;29;714;17;32;5;4;4;4;4;5;4;0;0;0;0;0;0;1;0;0;0;0;0;0;0;0;1;0;0;0;0;0;0;0;0;0;0;0;0;1;0;0;0;0;0;0;0;0;0;0;0;0;0;0;0;0;0;0;0;0;0;0;3;0;0;0;1;0;0;0;0;30;CAPANEMA;REGIÃO SUL;81;1
0.348158818762942;2024-07-31;2;7;16;22;495;27;5;2;19;373;27;0;27;616;36;150;4;5;4;5;4;4;5;0;0;0;0;0;1;0;0;0;0;0;0;0;0;0;1;0;0;0;0;0;0;0;0;0;0;0;0;1;0;0;0;0;0;0;0;0;0;0;0;0;0;0;0;0;0;0;0;0;0;0;3;0;0;0;1;0;12;0;0;0;CAPANEMA;REGIÃO SUL;82;3
0.381651210948051;2024-08-31;1;8;19;27;575;33;1;1;21;412;33;0;33;738;14;36;4;4;5;4;5;5;4;0;1;0;0;0;0;0;0;0;0;0;0;0;0;0;1;0;0;0;0;0;0;0;0;0;0;0;0;1;0;0;0;0;0;0;0;0;0;0;0;0;0;0;0;0;0;0;0;0;0;0;3;0;0;0;1;0;0;0;0;0;CAPANEMA;REGIÃO SUL;83;4
0.569910867020798;2024-09-30;8;16;23;30;682;36;1;8;24;523;36;0;36;842;9;35;5;4;4;5;4;4;4;0;0;0;0;0;0;0;0;0;0;0;1;0;0;0;1;0;0;0;0;0;0;0;0;0;0;0;0;1;0;0;0;0;0;0;0;0;0;0;0;0;0;0;0;0;0;0;0;0;0;0;3;0;0;0;1;0;0;0;0;0;CAPANEMA;REGIÃO SUL;84;7
0.822634374718646;2024-10-31;12;19;23;29;723;35;2;12;24;563;35;0;35;884;29;61;4;5;5;4;4;4;5;0;0;0;0;0;0;0;0;0;0;1;0;0;0;0;1;0;0;0;0;0;0;0;0;0;0;0;0;1;0;0;0;0;0;0;0;0;0;0;0;0;0;0;0;0;0;0;0;0;0;0;3;0;0;0;1;0;0;0;0;0;CAPANEMA;REGIÃO SUL;85;9
0.320554336850169;2017-09-30;10;15;22;25;662;33;3;10;19;473;33;0;33;852;35;101;4;4;4;4;5;5;4;0;0;0;0;0;0;0;0;0;0;0;1;0;0;0;0;0;0;1;0;0;0;0;0;0;0;0;0;0;1;0;0;0;0;0;0;0;0;0;0;0;0;0;0;0;0;0;0;0;0;0;2;0;0;0;0;0;0;0;0;0;CASCAVEL;REGIÃO OESTE;1;3
0.304258504822591;2017-10-31;6;15;20;27;618;34;23;6;20;461;34;0;34;775;156;725;5;4;4;5;4;4;5;0;0;0;0;0;0;0;0;0;0;1;0;0;0;0;0;0;0;1;0;0;0;0;0;0;0;0;0;0;1;0;0;0;0;0;0;0;0;0;0;0;0;0;0;0;0;0;0;0;0;0;2;0;0;0;0;0;0;0;0;0;CASCAVEL;REGIÃO OESTE;2;3
0.254953166892998;2017-11-30;10;17;20;24;600;31;5;10;18;427;31;0;31;774;47;145;4;5;5;4;4;4;4;0;0;0;0;0;0;0;0;0;1;0;0;0;0;0;0;0;0;1;0;0;0;0;0;0;0;0;0;0;1;0;0;0;0;0;0;0;0;0;0;0;0;0;0;0;0;0;0;0;0;0;2;0;0;0;0;0;0;0;0;0;CASCAVEL;REGIÃO OESTE;3;2
0.232737908701556;2017-12-31;15;21;23;26;711;32;4;15;20;560;32;0;32;862;28;130;5;4;4;4;5;5;4;0;0;1;0;0;0;0;0;0;0;0;0;0;0;0;0;0;0;1;0;0;0;0;0;0;0;0;0;0;1;0;0;0;0;0;0;0;0;0;0;0;0;0;0;0;0;0;0;0;0;0;2;0;0;0;0;0;0;0;0;0;CASCAVEL;REGIÃO OESTE;4;2
0.106828232180786;2018-01-31;15;20;23;25;703;31;7;15;20;570;31;0;31;836;83;230;4;5;4;5;4;4;5;0;0;0;0;1;0;0;0;0;0;0;0;0;0;0;0;0;0;0;1;0;0;0;0;0;0;0;0;0;1;0;0;0;0;0;0;0;0;0;0;0;0;0;0;0;0;0;0;0;0;0;2;0;0;0;0;0;31;0;0;0;CASCAVEL;REGIÃO OESTE;5;1
0.270343674919043;2018-02-28;14;20;23;25;632;31;4;14;20;485;31;0;31;780;55;125;4;4;4;4;4;4;4;0;0;0;1;0;0;0;0;0;0;0;0;0;0;0;0;0;0;0;1;0;0;0;0;0;0;0;0;0;1;0;0;0;0;0;0;0;0;0;0;0;0;0;0;0;0;0;0;0;0;0;2;0;0;0;1;1;0;3;0;0;CASCAVEL;REGIÃO OESTE;6;2
0.566036421880985;2018-03-31;9;16;23;26;703;32;9;9;21;559;32;0;32;848;54;276;4;4;5;4;5;5;4;0;0;0;0;0;0;0;0;1;0;0;0;0;0;0;0;0;0;0;1;0;0;0;0;0;0;0;0;0;1;0;0;0;0;0;0;0;0;0;0;0;0;0;0;0;0;0;0;0;0;0;2;0;0;0;1;1;0;1;0;0;CASCAVEL;REGIÃO OESTE;7;7
0.448831783836485;2018-04-30;14;20;22;24;660;30;1;14;19;488;30;0;30;832;20;32;5;4;4;5;4;4;4;1;0;0;0;0;0;0;0;0;0;0;0;0;0;0;0;0;0;0;1;0;0;0;0;0;0;0;0;0;1;0;0;0;0;0;0;0;0;0;0;0;0;0;0;0;0;0;0;0;0;0;2;0;0;0;1;1;0;0;0;0;CASCAVEL;REGIÃO OESTE;8;5
0.359483268916049;2018-05-31;4;9;18;23;553;29;4;4;18;391;29;0;29;714;70;115;4;5;5;4;4;4;5;0;0;0;0;0;0;0;1;0;0;0;0;0;0;0;0;0;0;0;1;0;0;0;0;0;0;0;0;0;1;0;0;0;0;0;0;0;0;0;0;0;0;0;0;0;0;0;0;0;0;0;2;0;0;0;1;1;0;1;0;0;CASCAVEL;REGIÃO OESTE;9;3
0.24297503394965;2018-06-30;1;6;14;22;431;26;3;1;20;297;26;0;26;565;18;81;4;4;4;4;5;5;4;0;0;0;0;0;0;1;0;0;0;0;0;0;0;0;0;0;0;0;1;0;0;0;0;0;0;0;0;0;1;0;0;0;0;0;0;0;0;0;0;0;0;0;0;0;0;0;0;0;0;0;2;0;0;0;1;1;0;0;0;0;CASCAVEL;REGIÃO OESTE;10;2
0.274313172464222;2018-07-31;2;9;16;22;506;29;0;2;16;333;29;0;29;679;6;7;5;4;4;5;4;4;5;0;0;0;0;0;1;0;0;0;0;0;0;0;0;0;0;0;0;0;1;0;0;0;0;0;0;0;0;0;1;0;0;0;0;0;0;0;0;0;0;0;0;0;0;0;0;0;0;0;0;0;2;0;0;0;1;1;16;0;0;0;CASCAVEL;REGIÃO OESTE;11;2
0.30787980082872;2018-08-31;1;7;14;23;444;31;4;1;16;262;31;0;31;627;32;122;4;5;5;4;5;4;4;0;1;0;0;0;0;0;0;0;0;0;0;0;0;0;0;0;0;0;1;0;0;0;0;0;0;0;0;0;1;0;0;0;0;0;0;0;0;0;0;0;0;0;0;0;0;0;0;0;0;0;2;0;0;0;1;1;0;0;0;0;CASCAVEL;REGIÃO OESTE;12;3
0.316375918381559;2018-09-30;5;11;19;26;561;33;10;5;19;404;33;0;33;717;117;286;5;4;4;4;4;5;4;0;0;0;0;0;0;0;0;0;0;0;1;0;0;0;0;0;0;0;1;0;0;0;0;0;0;0;0;0;1;0;0;0;0;0;0;0;0;0;0;0;0;0;0;0;0;0;0;0;0;0;2;0;0;0;1;1;0;0;0;0;CASCAVEL;REGIÃO OESTE;13;3
0.380236080643476;2018-10-31;10;16;20;23;612;30;8;10;19;495;30;0;30;730;50;245;4;5;4;5;4;4;5;0;0;0;0;0;0;0;0;0;0;1;0;0;0;0;0;0;0;0;1;0;0;0;0;0;0;0;0;0;1;0;0;0;0;0;0;0;0;0;0;0;0;0;0;0;0;0;0;0;0;0;2;0;0;0;1;1;0;0;0;0;CASCAVEL;REGIÃO OESTE;14;4
0.410877816079947;2018-11-30;14;18;22;26;662;32;4;14;20;509;32;0;32;814;54;118;4;4;5;4;5;4;4;0;0;0;0;0;0;0;0;0;1;0;0;0;0;0;0;0;0;0;1;0;0;0;0;0;0;0;0;0;1;0;0;0;0;0;0;0;0;0;0;0;0;0;0;0;0;0;0;0;0;0;2;0;0;0;1;1;0;0;0;0;CASCAVEL;REGIÃO OESTE;15;4
0.417632925937533;2018-12-31;10;18;23;26;714;33;3;10;21;526;33;0;33;902;18;81;5;4;4;5;4;5;4;0;0;1;0;0;0;0;0;0;0;0;0;0;0;0;0;0;0;0;1;0;0;0;0;0;0;0;0;0;1;0;0;0;0;0;0;0;0;0;0;0;0;0;0;0;0;0;0;0;0;0;2;0;0;0;1;1;0;0;0;0;CASCAVEL;REGIÃO OESTE;16;4
0.281625404784289;2019-01-31;16;21;25;28;777;34;4;16;21;611;34;0;34;942;25;130;4;5;5;4;4;4;5;0;0;0;0;1;0;0;0;0;0;0;0;0;0;0;0;0;0;0;0;1;0;0;0;0;0;0;0;0;1;0;0;0;0;0;0;0;0;0;0;0;0;0;0;0;0;0;0;0;0;0;2;0;0;0;1;1;31;0;0;0;CASCAVEL;REGIÃO OESTE;17;2
0.37327204986246;2019-02-28;14;18;23;27;647;34;5;14;22;501;34;0;34;793;30;128;4;4;4;4;4;4;4;0;0;0;1;0;0;0;0;0;0;0;0;0;0;0;0;0;0;0;0;1;0;0;0;0;0;0;0;0;1;0;0;0;0;0;0;0;0;0;0;0;0;0;0;0;0;0;0;0;0;0;2;0;0;0;2;1;0;0;0;0;CASCAVEL;REGIÃO OESTE;18;4
0.609074132107664;2019-03-31;12;19;21;25;665;31;6;12;19;515;31;0;31;814;47;195;5;4;4;4;5;5;4;0;0;0;0;0;0;0;0;1;0;0;0;0;0;0;0;0;0;0;0;1;0;0;0;0;0;0;0;0;1;0;0;0;0;0;0;0;0;0;0;0;0;0;0;0;0;0;0;0;0;0;2;0;0;0;2;1;0;3;0;0;CASCAVEL;REGIÃO OESTE;19;7
0.600508374247014;2019-04-30;11;17;21;24;619;29;2;11;19;484;29;0;29;755;23;74;4;4;4;5;4;4;5;1;0;0;0;0;0;0;0;0;0;0;0;0;0;0;0;0;0;0;0;1;0;0;0;0;0;0;0;0;1;0;0;0;0;0;0;0;0;0;0;0;0;0;0;0;0;0;0;0;0;0;2;0;0;0;2;1;0;1;0;0;CASCAVEL;REGIÃO OESTE;20;7
0.471255962951356;2019-05-31;8;11;18;23;562;28;8;8;18;450;28;0;28;674;52;236;4;5;5;4;5;4;4;0;0;0;0;0;0;0;1;0;0;0;0;0;0;0;0;0;0;0;0;1;0;0;0;0;0;0;0;0;1;0;0;0;0;0;0;0;0;0;0;0;0;0;0;0;0;0;0;0;0;0;2;0;0;0;2;1;0;0;0;0;CASCAVEL;REGIÃO OESTE;21;5
0.393258818203976;2019-06-30;7;10;18;22;545;28;0;7;16;387;28;0;28;704;3;7;5;4;4;4;4;5;4;0;0;0;0;0;0;1;0;0;0;0;0;0;0;0;0;0;0;0;0;1;0;0;0;0;0;0;0;0;1;0;0;0;0;0;0;0;0;0;0;0;0;0;0;0;0;0;0;0;0;0;2;0;0;0;2;1;0;1;0;0;CASCAVEL;REGIÃO OESTE;22;4
0.354329886138097;2019-07-31;-3;4;14;22;449;27;3;-3;17;288;27;0;27;610;44;91;4;5;4;5;4;4;5;0;0;0;0;0;1;0;0;0;0;0;0;0;0;0;0;0;0;0;0;1;0;0;0;0;0;0;0;0;1;0;0;0;0;0;0;0;0;0;0;0;0;0;0;0;0;0;0;0;0;0;2;0;0;0;2;1;16;0;0;0;CASCAVEL;REGIÃO OESTE;23;3
0.447299697064661;2019-08-31;0;7;17;23;526;32;0;0;17;316;32;0;32;737;2;7;4;4;5;4;5;5;4;0;1;0;0;0;0;0;0;0;0;0;0;0;0;0;0;0;0;0;0;1;0;0;0;0;0;0;0;0;1;0;0;0;0;0;0;0;0;0;0;0;0;0;0;0;0;0;0;0;0;0;2;0;0;0;2;1;0;0;0;0;CASCAVEL;REGIÃO OESTE;24;5
0.523346913193356;2019-09-30;5;14;21;28;618;36;1;5;20;429;36;0;36;807;30;43;5;4;4;5;4;4;4;0;0;0;0;0;0;0;0;0;0;0;1;0;0;0;0;0;0;0;0;1;0;0;0;0;0;0;0;0;1;0;0;0;0;0;0;0;0;0;0;0;0;0;0;0;0;0;0;0;0;0;2;0;0;0;2;1;0;0;0;0;CASCAVEL;REGIÃO OESTE;25;6
0.552178000626763;2019-10-31;10;16;23;29;722;36;3;10;23;536;36;0;36;907;18;83;4;5;5;4;4;4;5;0;0;0;0;0;0;0;0;0;0;1;0;0;0;0;0;0;0;0;0;1;0;0;0;0;0;0;0;0;1;0;0;0;0;0;0;0;0;0;0;0;0;0;0;0;0;0;0;0;0;0;2;0;0;0;2;1;0;0;0;0;CASCAVEL;REGIÃO OESTE;26;7
0.512204463943731;2019-11-30;12;20;23;27;697;33;7;12;21;536;33;0;33;859;107;221;4;4;4;4;5;5;4;0;0;0;0;0;0;0;0;0;1;0;0;0;0;0;0;0;0;0;0;1;0;0;0;0;0;0;0;0;1;0;0;0;0;0;0;0;0;0;0;0;0;0;0;0;0;0;0;0;0;0;2;0;0;0;2;1;0;0;0;0;CASCAVEL;REGIÃO OESTE;27;6
0.40802256345973;2019-12-31;11;18;22;26;681;33;9;11;21;518;33;0;33;845;128;270;5;4;4;5;4;4;5;0;0;1;0;0;0;0;0;0;0;0;0;0;0;0;0;0;0;0;0;1;0;0;0;0;0;0;0;0;1;0;0;0;0;0;0;0;0;0;0;0;0;0;0;0;0;0;0;0;0;0;2;0;0;0;2;1;0;0;0;0;CASCAVEL;REGIÃO OESTE;28;4
0.369302552317281;2020-01-31;16;18;24;26;734;32;3;16;22;590;32;0;32;877;18;96;4;5;5;4;5;4;4;0;0;0;0;1;0;0;0;0;0;0;0;0;0;0;0;0;0;0;0;0;1;0;0;0;0;0;0;0;1;0;0;0;0;0;0;0;0;0;0;0;0;0;0;0;0;0;0;0;0;0;2;0;0;0;2;1;31;0;0;0;CASCAVEL;REGIÃO OESTE;29;4
0.563181169260768;2020-02-29;11;18;24;26;682;32;1;11;21;527;32;0;32;837;7;33;4;4;4;4;4;5;4;0;0;0;1;0;0;0;0;0;0;0;0;0;0;0;0;0;0;0;0;0;1;0;0;0;0;0;0;0;1;0;0;0;0;0;0;0;0;0;0;0;0;0;0;0;0;0;0;0;0;0;3;0;0;0;2;1;0;3;0;0;CASCAVEL;REGIÃO OESTE;30;7
0.47299697064661;2020-03-31;12;19;23;27;716;34;2;12;20;526;34;0;34;907;31;50;5;4;4;5;4;4;5;0;0;0;0;0;0;0;0;1;0;0;0;0;0;0;0;0;0;0;0;0;1;0;0;0;0;0;0;0;1;0;0;0;0;0;0;0;0;0;0;0;0;0;0;0;0;0;0;0;0;0;3;0;0;0;2;1;0;0;15;0;CASCAVEL;REGIÃO OESTE;31;5
0.062397715797904;2020-04-30;4;12;19;25;564;32;3;4;19;365;32;0;32;763;45;83;4;5;5;4;4;4;4;1;0;0;0;0;0;0;0;0;0;0;0;0;0;0;0;0;0;0;0;0;1;0;0;0;0;0;0;0;1;0;0;0;0;0;0;0;0;0;0;0;0;0;0;0;0;0;0;0;0;0;3;0;0;0;2;1;0;1;30;0;CASCAVEL;REGIÃO OESTE;32;0
0.071381315505414;2020-05-31;2;9;15;21;473;27;7;2;17;290;27;0;27;656;102;206;5;4;4;4;5;5;4;0;0;0;0;0;0;0;1;0;0;0;0;0;0;0;0;0;0;0;0;0;1;0;0;0;0;0;0;0;1;0;0;0;0;0;0;0;0;0;0;0;0;0;0;0;0;0;0;0;0;0;3;0;0;0;2;1;0;0;31;0;CASCAVEL;REGIÃO OESTE;33;0
0.04791253177339;2020-06-30;4;10;17;24;519;29;4;4;19;373;29;0;29;664;54;134;4;4;4;5;4;4;5;0;0;0;0;0;0;1;0;0;0;0;0;0;0;0;0;0;0;0;0;0;1;0;0;0;0;0;0;0;1;0;0;0;0;0;0;0;0;0;0;0;0;0;0;0;0;0;0;0;0;0;3;0;0;0;2;1;0;1;30;0;CASCAVEL;REGIÃO OESTE;34;0
0.053831957937254;2020-07-31;1;8;16;22;497;27;2;1;17;336;27;0;27;657;43;76;4;5;5;4;5;4;4;0;0;0;0;0;1;0;0;0;0;0;0;0;0;0;0;0;0;0;0;0;1;0;0;0;0;0;0;0;1;0;0;0;0;0;0;0;0;0;0;0;0;0;0;0;0;0;0;0;0;0;3;0;0;0;2;1;0;0;31;0;CASCAVEL;REGIÃO OESTE;35;0
0.059612103485497;2020-08-31;0;5;18;24;561;30;9;0;18;398;30;0;30;725;102;293;5;4;4;5;4;5;4;0;1;0;0;0;0;0;0;0;0;0;0;0;0;0;0;0;0;0;0;0;1;0;0;0;0;0;0;0;1;0;0;0;0;0;0;0;0;0;0;0;0;0;0;0;0;0;0;0;0;0;3;0;0;0;2;1;0;0;31;0;CASCAVEL;REGIÃO OESTE;36;0
0.073470524739719;2020-09-30;10;17;22;30;665;37;1;10;22;491;37;0;37;839;17;43;4;5;4;4;4;4;5;0;0;0;0;0;0;0;0;0;0;0;1;0;0;0;0;0;0;0;0;0;1;0;0;0;0;0;0;0;1;0;0;0;0;0;0;0;0;0;0;0;0;0;0;0;0;0;0;0;0;0;3;0;0;0;2;1;0;0;30;0;CASCAVEL;REGIÃO OESTE;37;0
0.148960618405933;2020-10-31;11;18;24;30;730;37;2;11;24;547;37;0;37;912;32;59;4;4;5;4;5;5;4;0;0;0;0;0;0;0;0;0;0;1;0;0;0;0;0;0;0;0;0;0;1;0;0;0;0;0;0;0;1;0;0;0;0;0;0;0;0;0;0;0;0;0;0;0;0;0;0;0;0;0;3;0;0;0;2;1;0;0;31;0;CASCAVEL;REGIÃO OESTE;38;1
0.095059020160869;2020-11-30;10;17;23;27;676;35;2;10;21;492;35;0;35;860;13;69;5;4;4;5;4;4;4;0;0;0;0;0;0;0;0;0;1;0;0;0;0;0;0;0;0;0;0;0;1;0;0;0;0;0;0;0;1;0;0;0;0;0;0;0;0;0;0;0;0;0;0;0;0;0;0;0;0;0;3;0;0;0;2;1;0;0;30;0;CASCAVEL;REGIÃO OESTE;39;1
0.060447787179219;2020-12-31;14;20;23;26;722;31;6;14;20;569;31;0;31;874;80;199;4;5;5;4;4;4;5;0;0;1;0;0;0;0;0;0;0;0;0;0;0;0;0;0;0;0;0;0;1;0;0;0;0;0;0;0;1;0;0;0;0;0;0;0;0;0;0;0;0;0;0;0;0;0;0;0;0;0;3;0;0;0;2;1;0;0;31;0;CASCAVEL;REGIÃO OESTE;40;0
0.0431769908423;2021-01-31;18;19;23;25;713;31;8;18;21;593;31;0;31;833;75;236;5;4;4;4;5;5;4;0;0;0;0;1;0;0;0;0;0;0;0;1;0;0;0;0;0;0;0;0;0;0;0;0;0;0;0;0;1;0;0;0;0;0;0;0;0;0;0;0;0;0;0;0;0;0;0;0;0;0;3;0;0;0;2;1;0;0;31;0;CASCAVEL;REGIÃO OESTE;41;0
0.043943034228211;2021-02-28;13;20;23;27;654;34;2;13;21;499;34;0;34;808;23;69;4;4;4;4;4;4;4;0;0;0;1;0;0;0;0;0;0;0;0;1;0;0;0;0;0;0;0;0;0;0;0;0;0;0;0;0;1;0;0;0;0;0;0;0;0;0;0;0;0;0;0;0;0;0;0;0;0;0;3;0;0;0;2;1;0;3;28;0;CASCAVEL;REGIÃO OESTE;42;0
0.064765486263449;2021-03-31;13;19;24;27;736;34;2;13;21;569;34;0;34;903;13;73;4;5;4;5;4;4;5;0;0;0;0;0;0;0;0;1;0;0;0;1;0;0;0;0;0;0;0;0;0;0;0;0;0;0;0;0;1;0;0;0;0;0;0;0;0;0;0;0;0;0;0;0;0;0;0;0;0;0;3;0;0;0;2;1;0;0;31;0;CASCAVEL;REGIÃO OESTE;43;0
0.03029353389742;2021-04-30;8;15;21;26;634;31;0;8;20;466;31;0;31;801;10;13;4;4;5;4;5;4;4;1;0;0;0;0;0;0;0;0;0;0;0;1;0;0;0;0;0;0;0;0;0;0;0;0;0;0;0;0;1;0;0;0;0;0;0;0;0;0;0;0;0;0;0;0;0;0;0;0;0;0;3;0;0;0;2;1;0;1;30;0;CASCAVEL;REGIÃO OESTE;44;0
0.0;2021-05-31;4;10;18;24;547;29;1;4;18;372;29;0;29;722;12;39;5;4;4;5;4;5;4;0;0;0;0;0;0;0;1;0;0;0;0;1;0;0;0;0;0;0;0;0;0;0;0;0;0;0;0;0;1;0;0;0;0;0;0;0;0;0;0;0;0;0;0;0;0;0;0;0;0;0;3;0;0;0;2;1;0;0;31;0;CASCAVEL;REGIÃO OESTE;45;0
0.005223023085762;2021-06-30;-1;5;16;23;468;29;4;-1;17;339;29;0;29;596;42;114;4;5;4;4;4;4;5;0;0;0;0;0;0;1;0;0;0;0;0;1;0;0;0;0;0;0;0;0;0;0;0;0;0;0;0;0;1;0;0;0;0;0;0;0;0;0;0;0;0;0;0;0;0;0;0;0;0;0;3;0;0;0;2;1;0;1;30;0;CASCAVEL;REGIÃO OESTE;46;0
0.015111946794805;2021-07-31;-2;6;15;23;472;29;1;-2;17;275;29;0;29;670;16;33;4;4;5;4;5;5;4;0;0;0;0;0;1;0;0;0;0;0;0;1;0;0;0;0;0;0;0;0;0;0;0;0;0;0;0;0;1;0;0;0;0;0;0;0;0;0;0;0;0;0;0;0;0;0;0;0;0;0;3;0;0;0;2;1;0;0;31;0;CASCAVEL;REGIÃO OESTE;47;0
0.02590619450538;2021-08-31;5;13;20;26;609;34;2;5;21;429;34;0;34;788;22;70;5;4;4;5;4;4;5;0;1;0;0;0;0;0;0;0;0;0;0;1;0;0;0;0;0;0;0;0;0;0;0;0;0;0;0;0;1;0;0;0;0;0;0;0;0;0;0;0;0;0;0;0;0;0;0;0;0;0;3;0;0;0;2;1;0;0;31;0;CASCAVEL;REGIÃO OESTE;48;0
0.055364044709078;2021-09-30;8;15;23;30;685;36;3;8;23;519;36;0;36;851;21;86;4;5;5;4;4;4;4;0;0;0;0;0;0;0;0;0;0;0;1;1;0;0;0;0;0;0;0;0;0;0;0;0;0;0;0;0;1;0;0;0;0;0;0;0;0;0;0;0;0;0;0;0;0;0;0;0;0;0;3;0;0;0;2;1;0;0;30;0;CASCAVEL;REGIÃO OESTE;49;0
0.205090706500923;2021-10-31;11;17;21;26;650;32;17;11;21;510;32;0;32;789;88;530;5;4;4;4;5;5;4;0;0;0;0;0;0;0;0;0;0;1;0;1;0;0;0;0;0;0;0;0;0;0;0;0;0;0;0;0;1;0;0;0;0;0;0;0;0;0;0;0;0;0;0;0;0;0;0;0;0;0;3;0;0;0;2;1;0;0;0;0;CASCAVEL;REGIÃO OESTE;50;2
0.512900867021832;2021-11-30;14;21;24;27;716;34;3;14;21;544;34;0;34;887;44;99;4;4;4;5;4;4;5;0;0;0;0;0;0;0;0;0;1;0;0;1;0;0;0;0;0;0;0;0;0;0;0;0;0;0;0;0;1;0;0;0;0;0;0;0;0;0;0;0;0;0;0;0;0;0;0;0;0;0;3;0;0;0;2;1;0;0;0;0;CASCAVEL;REGIÃO OESTE;51;6
0.593683624081618;2021-12-31;14;22;26;28;801;36;0;14;23;595;36;0;36;1007;5;11;4;5;5;4;5;4;4;0;0;1;0;0;0;0;0;0;0;0;0;1;0;0;0;0;0;0;0;0;0;0;0;0;0;0;0;0;1;0;0;0;0;0;0;0;0;0;0;0;0;0;0;0;0;0;0;0;0;0;3;0;0;0;2;1;0;0;0;0;CASCAVEL;REGIÃO OESTE;52;7
0.321668581775131;2022-01-31;17;23;27;30;822;37;7;17;24;641;37;0;37;1003;34;218;5;4;4;5;4;5;4;0;0;0;0;1;0;0;0;0;0;0;0;0;1;0;0;0;0;0;0;0;0;0;0;0;0;0;0;0;1;0;0;0;0;0;0;0;0;0;0;0;0;0;0;0;0;0;0;0;0;0;3;0;0;0;2;1;31;0;0;0;CASCAVEL;REGIÃO OESTE;53;3
0.199937323722971;2022-02-28;13;21;26;29;722;35;7;13;23;550;35;0;35;895;79;185;4;4;4;4;4;4;4;0;0;0;1;0;0;0;0;0;0;0;0;0;1;0;0;0;0;0;0;0;0;0;0;0;0;0;0;0;1;0;0;0;0;0;0;0;0;0;0;0;0;0;0;0;0;0;0;0;0;0;3;0;0;0;2;1;0;1;0;0;CASCAVEL;REGIÃO OESTE;54;2
0.796615481040426;2022-03-31;10;15;23;28;715;34;7;10;23;567;34;0;34;863;60;228;4;5;5;4;4;4;5;0;0;0;0;0;0;0;0;1;0;0;0;0;1;0;0;0;0;0;0;0;0;0;0;0;0;0;0;0;1;0;0;0;0;0;0;0;0;0;0;0;0;0;0;0;0;0;0;0;0;0;4;0;0;0;2;1;0;1;0;0;CASCAVEL;REGIÃO OESTE;55;9
0.473205891570041;2022-04-30;8;15;21;26;621;31;16;8;21;484;31;0;31;757;150;489;4;4;4;4;5;5;4;1;0;0;0;0;0;0;0;0;0;0;0;0;1;0;0;0;0;0;0;0;0;0;0;0;0;0;0;0;1;0;0;0;0;0;0;0;0;0;0;0;0;0;0;0;0;0;0;0;0;0;4;0;0;0;2;1;0;1;0;0;CASCAVEL;REGIÃO OESTE;56;5
0.492217695602215;2022-05-31;4;8;15;21;469;26;5;4;18;353;26;0;26;585;49;148;5;4;4;5;4;4;5;0;0;0;0;0;0;0;1;0;0;0;0;0;1;0;0;0;0;0;0;0;0;0;0;0;0;0;0;0;1;0;0;0;0;0;0;0;0;0;0;0;0;0;0;0;0;0;0;0;0;0;4;0;0;0;2;1;0;0;0;0;CASCAVEL;REGIÃO OESTE;57;6
0.448135380758383;2022-06-30;0;7;15;21;445;26;6;0;16;317;26;0;26;573;69;182;4;5;5;4;4;4;4;0;0;0;0;0;0;1;0;0;0;0;0;0;1;0;0;0;0;0;0;0;0;0;0;0;0;0;0;0;1;0;0;0;0;0;0;0;0;0;0;0;0;0;0;0;0;0;0;0;0;0;4;0;0;0;2;1;0;1;0;0;CASCAVEL;REGIÃO OESTE;58;5
0.328145130401476;2022-07-31;4;10;19;22;585;28;2;4;18;422;28;0;28;747;26;59;5;4;4;4;5;5;4;0;0;0;0;0;1;0;0;0;0;0;0;0;1;0;0;0;0;0;0;0;0;0;0;0;0;0;0;0;1;0;0;0;0;0;0;0;0;0;0;0;0;0;0;0;0;0;0;0;0;0;4;0;0;0;2;1;0;0;0;0;CASCAVEL;REGIÃO OESTE;59;3
0.46415265155472;2022-08-31;1;7;16;23;508;29;12;1;17;354;29;0;29;661;104;360;4;5;4;5;4;4;5;0;1;0;0;0;0;0;0;0;0;0;0;0;1;0;0;0;0;0;0;0;0;0;0;0;0;0;0;0;1;0;0;0;0;0;0;0;0;0;0;0;0;0;0;0;0;0;0;0;0;0;4;0;0;0;2;1;0;0;0;0;CASCAVEL;REGIÃO OESTE;60;5
0.443956962289773;2022-09-30;4;11;16;25;492;30;16;4;21;363;30;0;30;622;73;481;4;4;5;4;5;4;4;0;0;0;0;0;0;0;0;0;0;0;1;0;1;0;0;0;0;0;0;0;0;0;0;0;0;0;0;0;1;0;0;0;0;0;0;0;0;0;0;0;0;0;0;0;0;0;0;0;0;0;4;0;0;0;2;1;0;0;0;0;CASCAVEL;REGIÃO OESTE;61;5
0.498694244228559;2022-10-31;10;14;19;25;593;31;16;10;19;455;31;0;31;731;159;494;5;4;4;5;4;5;4;0;0;0;0;0;0;0;0;0;0;1;0;0;1;0;0;0;0;0;0;0;0;0;0;0;0;0;0;0;1;0;0;0;0;0;0;0;0;0;0;0;0;0;0;0;0;0;0;0;0;0;4;0;0;0;2;1;0;0;0;0;CASCAVEL;REGIÃO OESTE;62;6
0.535882168599185;2022-11-30;4;11;20;24;595;31;5;4;20;403;31;0;31;787;64;138;4;5;4;4;4;4;5;0;0;0;0;0;0;0;0;0;1;0;0;0;1;0;0;0;0;0;0;0;0;0;0;0;0;0;0;0;1;0;0;0;0;0;0;0;0;0;0;0;0;0;0;0;0;0;0;0;0;0;4;0;0;0;2;1;0;0;0;0;CASCAVEL;REGIÃO OESTE;63;6
0.541871235070859;2022-12-31;13;21;24;28;735;33;3;13;23;554;33;0;33;916;29;106;4;4;5;4;5;5;4;0;0;1;0;0;0;0;0;0;0;0;0;0;1;0;0;0;0;0;0;0;0;0;0;0;0;0;0;0;1;0;0;0;0;0;0;0;0;0;0;0;0;0;0;0;0;0;0;0;0;0;4;0;0;0;2;1;0;0;0;0;CASCAVEL;REGIÃO OESTE;64;6
0.207249556043038;2023-01-31;14;20;24;27;732;33;6;14;22;576;33;0;33;888;32;184;5;4;4;5;4;4;5;0;0;0;0;1;0;0;0;0;0;0;0;0;0;1;0;0;0;0;0;0;0;0;0;0;0;0;0;0;1;0;0;0;0;0;0;0;0;0;0;0;0;0;0;0;0;0;0;0;0;0;4;0;0;0;2;1;31;0;0;0;CASCAVEL;REGIÃO OESTE;65;2
0.439778543821164;2023-02-28;8;15;23;26;631;32;16;8;21;500;32;0;32;761;70;439;4;4;4;4;4;4;4;0;0;0;1;0;0;0;0;0;0;0;0;0;0;1;0;0;0;0;0;0;0;0;0;0;0;0;0;0;1;0;0;0;0;0;0;0;0;0;0;0;0;0;0;0;0;0;0;0;0;0;4;0;0;0;2;1;0;3;0;0;CASCAVEL;REGIÃO OESTE;66;5
0.87217521501445;2023-03-31;14;20;23;26;727;31;5;14;21;585;31;0;31;869;70;165;4;5;5;4;5;4;4;0;0;0;0;0;0;0;0;1;0;0;0;0;0;1;0;0;0;0;0;0;0;0;0;0;0;0;0;0;1;0;0;0;0;0;0;0;0;0;0;0;0;0;0;0;0;0;0;0;0;0;4;0;0;0;2;1;0;0;0;0;CASCAVEL;REGIÃO OESTE;67;9
0.483651937741565;2023-04-30;9;14;20;24;601;30;4;9;19;460;30;0;30;741;29;124;5;4;4;4;4;5;4;1;0;0;0;0;0;0;0;0;0;0;0;0;0;1;0;0;0;0;0;0;0;0;0;0;0;0;0;0;1;0;0;0;0;0;0;0;0;0;0;0;0;0;0;0;0;0;0;0;0;0;4;0;0;0;2;1;0;1;0;0;CASCAVEL;REGIÃO OESTE;68;5
0.505170792854904;2023-05-31;7;13;18;23;568;27;5;7;20;432;27;0;27;703;36;157;4;5;4;5;4;4;5;0;0;0;0;0;0;0;1;0;0;0;0;0;0;1;0;0;0;0;0;0;0;0;0;0;0;0;0;0;1;0;0;0;0;0;0;0;0;0;0;0;0;0;0;0;0;0;0;0;0;0;4;0;0;0;2;1;0;0;0;0;CASCAVEL;REGIÃO OESTE;69;6
0.504544030084613;2023-06-30;5;7;16;20;492;26;2;5;17;362;26;0;26;622;30;57;4;4;5;4;5;4;4;0;0;0;0;0;0;1;0;0;0;0;0;0;0;1;0;0;0;0;0;0;0;0;0;0;0;0;0;0;1;0;0;0;0;0;0;0;0;0;0;0;0;0;0;0;0;0;0;0;0;0;4;0;0;0;2;1;0;1;0;0;CASCAVEL;REGIÃO OESTE;70;6
0.276332741390717;2023-07-31;4;8;18;22;544;27;6;4;19;406;27;0;27;681;42;176;5;4;4;5;4;5;4;0;0;0;0;0;1;0;0;0;0;0;0;0;0;1;0;0;0;0;0;0;0;0;0;0;0;0;0;0;1;0;0;0;0;0;0;0;0;0;0;0;0;0;0;0;0;0;0;0;0;0;4;0;0;0;2;1;15;0;0;0;CASCAVEL;REGIÃO OESTE;71;2
0.580730526828928;2023-08-31;5;11;19;26;592;31;6;5;21;434;31;0;31;750;84;200;4;5;5;4;4;4;5;0;1;0;0;0;0;0;0;0;0;0;0;0;0;1;0;0;0;0;0;0;0;0;0;0;0;0;0;0;1;0;0;0;0;0;0;0;0;0;0;0;0;0;0;0;0;0;0;0;0;0;4;0;0;0;2;1;0;0;0;0;CASCAVEL;REGIÃO OESTE;72;7
0.757338347435496;2023-09-30;7;13;22;29;659;35;7;7;24;519;35;0;35;798;87;205;4;4;4;4;5;5;4;0;0;0;0;0;0;0;0;0;0;0;1;0;0;1;0;0;0;0;0;0;0;0;0;0;0;0;0;0;1;0;0;0;0;0;0;0;0;0;0;0;0;0;0;0;0;0;0;0;0;0;4;0;0;0;2;1;0;0;0;0;CASCAVEL;REGIÃO OESTE;73;8
0.662766809429298;2023-10-31;9;14;21;27;660;34;9;9;21;532;34;0;34;788;74;274;5;4;4;5;4;4;5;0;0;0;0;0;0;0;0;0;0;1;0;0;0;1;0;0;0;0;0;0;0;0;0;0;0;0;0;0;1;0;0;0;0;0;0;0;0;0;0;0;0;0;0;0;0;0;0;0;0;0;4;0;0;0;2;1;0;0;0;0;CASCAVEL;REGIÃO OESTE;74;8
0.688394442703437;2023-11-30;9;14;23;29;679;33;11;9;26;564;33;0;33;795;50;324;4;5;5;4;4;4;4;0;0;0;0;0;0;0;0;0;1;0;0;0;0;1;0;0;0;0;0;0;0;0;0;0;0;0;0;0;1;0;0;0;0;0;0;0;0;0;0;0;0;0;0;0;0;0;0;0;0;0;4;0;0;0;2;1;0;0;0;0;CASCAVEL;REGIÃO OESTE;75;8
0.548347783697204;2023-12-31;15;20;24;28;748;34;6;15;23;617;34;0;34;879;61;198;5;4;4;4;5;5;4;0;0;1;0;0;0;0;0;0;0;0;0;0;0;1;0;0;0;0;0;0;0;0;0;0;0;0;0;0;1;0;0;0;0;0;0;0;0;0;0;0;0;0;0;0;0;0;0;0;0;0;4;0;0;0;2;1;0;0;0;0;CASCAVEL;REGIÃO OESTE;76;6
0.209408405585153;2024-01-31;14;20;24;28;752;34;8;14;23;598;34;0;34;905;58;237;4;5;4;5;4;4;5;0;0;0;0;1;0;0;0;0;0;0;0;0;0;0;1;0;0;0;0;0;0;0;0;0;0;0;0;0;1;0;0;0;0;0;0;0;0;0;0;0;0;0;0;0;0;0;0;0;0;0;3;0;0;0;2;1;31;0;0;0;CASCAVEL;REGIÃO OESTE;77;2
0.805181238901076;2024-02-29;17;22;26;28;740;34;7;17;23;592;34;0;34;889;52;201;4;4;5;4;4;4;4;0;0;0;1;0;0;0;0;0;0;0;0;0;0;0;1;0;0;0;0;0;0;0;0;0;0;0;0;0;1;0;0;0;0;0;0;0;0;0;0;0;0;0;0;0;0;0;0;0;0;0;3;0;0;0;2;1;0;3;0;0;CASCAVEL;REGIÃO OESTE;78;9
1.0;2024-03-31;16;21;25;28;761;34;4;16;24;616;34;0;34;907;53;113;5;4;4;4;5;5;4;0;0;0;0;0;0;0;0;1;0;0;0;0;0;0;1;0;0;0;0;0;0;0;0;0;0;0;0;0;1;0;0;0;0;0;0;0;0;0;0;0;0;0;0;0;0;0;0;0;0;0;3;0;0;0;2;1;0;1;0;0;CASCAVEL;REGIÃO OESTE;79;9
0.567220307113757;2024-04-30;10;17;23;27;686;32;4;10;22;565;32;0;32;806;23;121;4;4;4;5;4;4;5;1;0;0;0;0;0;0;0;0;0;0;0;0;0;0;1;0;0;0;0;0;0;0;0;0;0;0;0;0;1;0;0;0;0;0;0;0;0;0;0;0;0;0;0;0;0;0;0;0;0;0;3;0;0;0;2;1;0;0;0;0;CASCAVEL;REGIÃO OESTE;80;7
0.174866812911313;2024-05-31;4;8;18;26;546;30;3;4;23;434;30;0;30;658;31;83;4;5;5;4;5;4;4;0;0;0;0;0;0;0;1;0;0;0;0;0;0;0;1;0;0;0;0;0;0;0;0;0;0;0;0;0;1;0;0;0;0;0;0;0;0;0;0;0;0;0;0;0;0;0;0;0;0;0;3;0;0;0;2;1;0;1;0;30;CASCAVEL;REGIÃO OESTE;81;1
0.090880601692259;2024-06-30;2;7;19;23;577;28;1;2;21;452;28;0;28;702;15;22;5;4;4;4;4;5;4;0;0;0;0;0;0;1;0;0;0;0;0;0;0;0;1;0;0;0;0;0;0;0;0;0;0;0;0;0;1;0;0;0;0;0;0;0;0;0;0;0;0;0;0;0;0;0;0;0;0;0;3;0;0;0;2;1;0;0;0;30;CASCAVEL;REGIÃO OESTE;82;1
0.382116368954351;2024-07-31;2;7;15;21;474;26;6;2;18;351;26;0;26;597;42;174;4;5;4;5;4;4;5;0;0;0;0;0;1;0;0;0;0;0;0;0;0;0;1;0;0;0;0;0;0;0;0;0;0;0;0;0;1;0;0;0;0;0;0;0;0;0;0;0;0;0;0;0;0;0;0;0;0;0;3;0;0;0;2;1;12;0;0;0;CASCAVEL;REGIÃO OESTE;83;4
0.582889376371043;2024-08-31;1;7;18;26;554;32;1;1;20;392;32;0;32;716;12;24;4;4;5;4;5;5;4;0;1;0;0;0;0;0;0;0;0;0;0;0;0;0;1;0;0;0;0;0;0;0;0;0;0;0;0;0;1;0;0;0;0;0;0;0;0;0;0;0;0;0;0;0;0;0;0;0;0;0;3;0;0;0;2;1;0;0;0;0;CASCAVEL;REGIÃO OESTE;84;7
0.715554162749399;2024-09-30;8;15;22;29;657;34;2;8;23;499;34;0;34;815;35;63;5;4;4;5;4;4;4;0;0;0;0;0;0;0;0;0;0;0;1;0;0;0;1;0;0;0;0;0;0;0;0;0;0;0;0;0;1;0;0;0;0;0;0;0;0;0;0;0;0;0;0;0;0;0;0;0;0;0;3;0;0;0;2;1;0;0;0;0;CASCAVEL;REGIÃO OESTE;85;8
0.94989379853059;2024-10-31;11;19;23;28;700;34;2;11;24;543;34;0;34;857;20;69;4;5;5;4;4;4;5;0;0;0;0;0;0;0;0;0;0;1;0;0;0;0;1;0;0;0;0;0;0;0;0;0;0;0;0;0;1;0;0;0;0;0;0;0;0;0;0;0;0;0;0;0;0;0;0;0;0;0;3;0;0;0;2;1;0;0;0;0;CASCAVEL;REGIÃO OESTE;86;9
0.37838931606637;2017-08-31;2;9;16;21;487;28;6;2;14;287;28;0;28;687;69;179;4;5;5;4;4;4;5;0;1;0;0;0;0;0;0;0;0;0;0;0;0;0;0;0;0;1;0;0;0;0;0;0;0;0;0;0;0;0;1;0;0;0;0;0;0;0;0;0;0;0;0;0;0;0;0;0;0;0;1;0;0;0;0;0;0;0;0;0;CORONEL VIVIDA;REGIÃO SUL;1;4
0.411574261432618;2017-09-30;11;16;20;23;598;33;2;11;16;388;33;0;33;809;29;62;4;4;4;4;5;5;4;0;0;0;0;0;0;0;0;0;0;0;1;0;0;0;0;0;0;1;0;0;0;0;0;0;0;0;0;0;0;0;1;0;0;0;0;0;0;0;0;0;0;0;0;0;0;0;0;0;0;0;1;0;0;0;0;0;0;0;0;0;CORONEL VIVIDA;REGIÃO SUL;2;4
0.403075677863213;2017-10-31;5;13;18;24;552;31;23;5;17;383;31;0;31;720;114;725;5;4;4;5;4;4;5;0;0;0;0;0;0;0;0;0;0;1;0;0;0;0;0;0;0;1;0;0;0;0;0;0;0;0;0;0;0;0;1;0;0;0;0;0;0;0;0;0;0;0;0;0;0;0;0;0;0;0;1;0;0;0;0;0;0;0;0;0;CORONEL VIVIDA;REGIÃO SUL;3;4
0.366653176851477;2017-11-30;7;14;18;21;546;30;9;7;15;356;30;0;30;736;93;265;4;5;5;4;4;4;4;0;0;0;0;0;0;0;0;0;1;0;0;0;0;0;0;0;0;1;0;0;0;0;0;0;0;0;0;0;0;0;1;0;0;0;0;0;0;0;0;0;0;0;0;0;0;0;0;0;0;0;1;0;0;0;0;0;0;0;0;0;CORONEL VIVIDA;REGIÃO SUL;4;4
0.459732901659247;2017-12-31;12;18;22;24;670;33;5;12;21;495;33;0;33;845;37;142;5;4;4;4;5;5;4;0;0;1;0;0;0;0;0;0;0;0;0;0;0;0;0;0;0;1;0;0;0;0;0;0;0;0;0;0;0;0;1;0;0;0;0;0;0;0;0;0;0;0;0;0;0;0;0;0;0;0;1;0;0;0;0;0;0;0;0;0;CORONEL VIVIDA;REGIÃO SUL;5;5
0.176851477134763;2018-01-31;13;19;21;23;661;30;5;13;19;512;30;0;30;809;42;154;4;5;4;5;4;4;5;0;0;0;0;1;0;0;0;0;0;0;0;0;0;0;0;0;0;0;1;0;0;0;0;0;0;0;0;0;0;0;1;0;0;0;0;0;0;0;0;0;0;0;0;0;0;0;0;0;0;0;1;0;0;0;0;0;31;0;0;0;CORONEL VIVIDA;REGIÃO SUL;6;1
0.344799676244435;2018-02-28;11;17;20;23;566;29;3;11;18;412;29;0;29;720;47;87;4;4;4;4;4;4;4;0;0;0;1;0;0;0;0;0;0;0;0;0;0;0;0;0;0;0;1;0;0;0;0;0;0;0;0;0;0;0;1;0;0;0;0;0;0;0;0;0;0;0;0;0;0;0;0;0;0;0;2;0;0;0;0;0;0;3;0;0;CORONEL VIVIDA;REGIÃO SUL;7;3
1.0;2018-03-31;11;17;21;25;646;30;7;11;19;494;30;0;30;799;49;215;4;4;5;4;5;5;4;0;0;0;0;0;0;0;0;1;0;0;0;0;0;0;0;0;0;0;1;0;0;0;0;0;0;0;0;0;0;0;1;0;0;0;0;0;0;0;0;0;0;0;0;0;0;0;0;0;0;0;2;0;0;0;0;0;0;1;0;0;CORONEL VIVIDA;REGIÃO SUL;8;9
0.609469850263051;2018-04-30;10;16;19;22;583;28;1;10;17;402;28;0;28;765;16;37;5;4;4;5;4;4;4;1;0;0;0;0;0;0;0;0;0;0;0;0;0;0;0;0;0;0;1;0;0;0;0;0;0;0;0;0;0;0;1;0;0;0;0;0;0;0;0;0;0;0;0;0;0;0;0;0;0;0;2;0;0;0;0;0;0;0;0;0;CORONEL VIVIDA;REGIÃO SUL;9;7
0.523674625657628;2018-05-31;2;6;15;21;463;27;4;2;15;308;27;0;27;618;75;133;4;5;5;4;4;4;5;0;0;0;0;0;0;0;1;0;0;0;0;0;0;0;0;0;0;0;1;0;0;0;0;0;0;0;0;0;0;0;1;0;0;0;0;0;0;0;0;0;0;0;0;0;0;0;0;0;0;0;2;0;0;0;0;0;0;1;0;0;CORONEL VIVIDA;REGIÃO SUL;10;6
0.426143261837313;2018-06-30;-1;5;13;21;387;25;4;-1;16;248;25;0;25;527;42;129;4;4;4;4;5;5;4;0;0;0;0;0;0;1;0;0;0;0;0;0;0;0;0;0;0;0;1;0;0;0;0;0;0;0;0;0;0;0;1;0;0;0;0;0;0;0;0;0;0;0;0;0;0;0;0;0;0;0;2;0;0;0;0;0;0;0;0;0;CORONEL VIVIDA;REGIÃO SUL;11;4
0.36341562120599;2018-07-31;0;4;14;20;438;27;0;0;12;253;27;0;27;622;4;8;5;4;4;5;4;4;5;0;0;0;0;0;1;0;0;0;0;0;0;0;0;0;0;0;0;0;1;0;0;0;0;0;0;0;0;0;0;0;1;0;0;0;0;0;0;0;0;0;0;0;0;0;0;0;0;0;0;0;2;0;0;0;0;0;16;0;0;0;CORONEL VIVIDA;REGIÃO SUL;12;4
0.575475515985431;2018-08-31;-1;7;13;19;401;28;4;-1;13;204;28;0;28;598;31;112;4;5;5;4;5;4;4;0;1;0;0;0;0;0;0;0;0;0;0;0;0;0;0;0;0;0;1;0;0;0;0;0;0;0;0;0;0;0;1;0;0;0;0;0;0;0;0;0;0;0;0;0;0;0;0;0;0;0;2;0;0;0;0;0;0;0;0;0;CORONEL VIVIDA;REGIÃO SUL;13;7
0.443545123431809;2018-09-30;4;11;17;22;505;30;11;4;15;337;30;0;30;673;116;342;5;4;4;4;4;5;4;0;0;0;0;0;0;0;0;0;0;0;1;0;0;0;0;0;0;0;1;0;0;0;0;0;0;0;0;0;0;0;1;0;0;0;0;0;0;0;0;0;0;0;0;0;0;0;0;0;0;0;2;0;0;0;0;0;0;0;0;0;CORONEL VIVIDA;REGIÃO SUL;14;5
0.426143261837313;2018-10-31;8;13;18;21;547;29;8;8;17;407;29;0;29;686;60;250;4;5;4;5;4;4;5;0;0;0;0;0;0;0;0;0;0;1;0;0;0;0;0;0;0;0;1;0;0;0;0;0;0;0;0;0;0;0;1;0;0;0;0;0;0;0;0;0;0;0;0;0;0;0;0;0;0;0;2;0;0;0;0;0;0;0;0;0;CORONEL VIVIDA;REGIÃO SUL;15;4
0.506677458518818;2018-11-30;11;17;20;25;602;31;3;11;19;427;31;0;31;778;20;79;4;4;5;4;5;4;4;0;0;0;0;0;0;0;0;0;1;0;0;0;0;0;0;0;0;0;1;0;0;0;0;0;0;0;0;0;0;0;1;0;0;0;0;0;0;0;0;0;0;0;0;0;0;0;0;0;0;0;2;0;0;0;0;0;0;0;0;0;CORONEL VIVIDA;REGIÃO SUL;16;6
0.595710238769729;2018-12-31;9;17;22;25;681;33;2;9;19;469;33;0;33;893;13;68;5;4;4;5;4;5;4;0;0;1;0;0;0;0;0;0;0;0;0;0;0;0;0;0;0;0;1;0;0;0;0;0;0;0;0;0;0;0;1;0;0;0;0;0;0;0;0;0;0;0;0;0;0;0;0;0;0;0;2;0;0;0;0;0;0;0;0;0;CORONEL VIVIDA;REGIÃO SUL;17;7
0.433023067583974;2019-01-31;16;20;23;25;723;33;6;16;20;549;33;0;33;896;41;178;4;5;5;4;4;4;5;0;0;0;0;1;0;0;0;0;0;0;0;0;0;0;0;0;0;0;0;1;0;0;0;0;0;0;0;0;0;0;1;0;0;0;0;0;0;0;0;0;0;0;0;0;0;0;0;0;0;0;2;0;0;0;0;0;31;0;0;0;CORONEL VIVIDA;REGIÃO SUL;18;5
0.564953460137596;2019-02-28;13;17;21;25;593;32;6;13;19;453;32;0;32;734;37;162;4;4;4;4;4;4;4;0;0;0;1;0;0;0;0;0;0;0;0;0;0;0;0;0;0;0;0;1;0;0;0;0;0;0;0;0;0;0;1;0;0;0;0;0;0;0;0;0;0;0;0;0;0;0;0;0;0;0;2;0;0;0;0;0;0;0;0;0;CORONEL VIVIDA;REGIÃO SUL;19;7
0.561715904492108;2019-03-31;13;17;21;23;637;29;4;13;18;482;29;0;29;793;34;119;5;4;4;4;5;5;4;0;0;0;0;0;0;0;0;1;0;0;0;0;0;0;0;0;0;0;0;1;0;0;0;0;0;0;0;0;0;0;1;0;0;0;0;0;0;0;0;0;0;0;0;0;0;0;0;0;0;0;2;0;0;0;0;0;0;3;0;0;CORONEL VIVIDA;REGIÃO SUL;20;7
0.551193848644274;2019-04-30;8;16;19;21;567;27;3;8;17;419;27;0;27;714;33;95;4;4;4;5;4;4;5;1;0;0;0;0;0;0;0;0;0;0;0;0;0;0;0;0;0;0;0;1;0;0;0;0;0;0;0;0;0;0;1;0;0;0;0;0;0;0;0;0;0;0;0;0;0;0;0;0;0;0;2;0;0;0;0;0;0;1;0;0;CORONEL VIVIDA;REGIÃO SUL;21;7
0.515580736543909;2019-05-31;7;12;17;22;522;27;9;7;16;400;27;0;27;644;90;272;4;5;5;4;5;4;4;0;0;0;0;0;0;0;1;0;0;0;0;0;0;0;0;0;0;0;0;1;0;0;0;0;0;0;0;0;0;0;1;0;0;0;0;0;0;0;0;0;0;0;0;0;0;0;0;0;0;0;2;0;0;0;0;0;0;0;0;0;CORONEL VIVIDA;REGIÃO SUL;22;6
0.425738567381627;2019-06-30;4;11;16;21;481;26;1;4;15;313;26;0;26;648;25;31;5;4;4;4;4;5;4;0;0;0;0;0;0;1;0;0;0;0;0;0;0;0;0;0;0;0;0;1;0;0;0;0;0;0;0;0;0;0;1;0;0;0;0;0;0;0;0;0;0;0;0;0;0;0;0;0;0;0;2;0;0;0;0;0;0;1;0;0;CORONEL VIVIDA;REGIÃO SUL;23;4
0.291380008093889;2019-07-31;-5;3;13;18;401;24;1;-5;12;211;24;0;24;591;11;30;4;5;4;5;4;4;5;0;0;0;0;0;1;0;0;0;0;0;0;0;0;0;0;0;0;0;0;1;0;0;0;0;0;0;0;0;0;0;1;0;0;0;0;0;0;0;0;0;0;0;0;0;0;0;0;0;0;0;2;0;0;0;0;0;16;0;0;0;CORONEL VIVIDA;REGIÃO SUL;24;3
0.445163901254553;2019-08-31;-2;6;14;20;449;29;0;-2;14;236;29;0;29;662;7;12;4;4;5;4;5;5;4;0;1;0;0;0;0;0;0;0;0;0;0;0;0;0;0;0;0;0;0;1;0;0;0;0;0;0;0;0;0;0;1;0;0;0;0;0;0;0;0;0;0;0;0;0;0;0;0;0;0;0;2;0;0;0;0;0;0;0;0;0;CORONEL VIVIDA;REGIÃO SUL;25;5
0.437070012140834;2019-09-30;6;12;18;24;532;32;2;6;17;348;32;0;32;716;19;59;5;4;4;5;4;4;4;0;0;0;0;0;0;0;0;0;0;0;1;0;0;0;0;0;0;0;0;1;0;0;0;0;0;0;0;0;0;0;1;0;0;0;0;0;0;0;0;0;0;0;0;0;0;0;0;0;0;0;2;0;0;0;0;0;0;0;0;0;CORONEL VIVIDA;REGIÃO SUL;26;5
0.540267098340753;2019-10-31;11;15;20;25;630;34;3;11;17;437;34;0;34;824;26;102;4;5;5;4;4;4;5;0;0;0;0;0;0;0;0;0;0;1;0;0;0;0;0;0;0;0;0;1;0;0;0;0;0;0;0;0;0;0;1;0;0;0;0;0;0;0;0;0;0;0;0;0;0;0;0;0;0;0;2;0;0;0;0;0;0;0;0;0;CORONEL VIVIDA;REGIÃO SUL;27;6
0.541481181707811;2019-11-30;11;17;21;24;619;31;7;11;17;440;31;0;31;797;64;209;4;4;4;4;5;5;4;0;0;0;0;0;0;0;0;0;1;0;0;0;0;0;0;0;0;0;0;1;0;0;0;0;0;0;0;0;0;0;1;0;0;0;0;0;0;0;0;0;0;0;0;0;0;0;0;0;0;0;2;0;0;0;0;0;0;0;0;0;CORONEL VIVIDA;REGIÃO SUL;28;6
0.278834479967624;2019-12-31;12;17;21;25;650;32;4;12;18;468;32;0;32;832;54;139;5;4;4;5;4;4;5;0;0;1;0;0;0;0;0;0;0;0;0;0;0;0;0;0;0;0;0;1;0;0;0;0;0;0;0;0;0;0;1;0;0;0;0;0;0;0;0;0;0;0;0;0;0;0;0;0;0;0;2;0;0;0;0;0;0;0;0;0;CORONEL VIVIDA;REGIÃO SUL;29;2
0.326588425738567;2020-01-31;12;17;22;25;672;30;3;12;19;509;30;0;30;834;52;102;4;5;5;4;5;4;4;0;0;0;0;1;0;0;0;0;0;0;0;0;0;0;0;0;0;0;0;0;1;0;0;0;0;0;0;0;0;0;1;0;0;0;0;0;0;0;0;0;0;0;0;0;0;0;0;0;0;0;2;0;0;0;0;0;31;0;0;0;CORONEL VIVIDA;REGIÃO SUL;30;3
0.633751517604209;2020-02-29;10;17;21;25;614;31;5;10;18;451;31;0;31;777;79;139;4;4;4;4;4;5;4;0;0;0;1;0;0;0;0;0;0;0;0;0;0;0;0;0;0;0;0;0;1;0;0;0;0;0;0;0;0;0;1;0;0;0;0;0;0;0;0;0;0;0;0;0;0;0;0;0;0;0;2;0;0;0;0;0;0;3;0;0;CORONEL VIVIDA;REGIÃO SUL;31;8
0.527721570214488;2020-03-31;11;18;21;24;648;32;1;11;19;438;32;0;32;857;20;44;5;4;4;5;4;4;5;0;0;0;0;0;0;0;0;1;0;0;0;0;0;0;0;0;0;0;0;0;1;0;0;0;0;0;0;0;0;0;1;0;0;0;0;0;0;0;0;0;0;0;0;0;0;0;0;0;0;0;2;0;0;0;0;0;0;0;15;0;CORONEL VIVIDA;REGIÃO SUL;32;6
0.0;2020-04-30;2;11;17;23;502;30;1;2;17;283;30;0;30;722;29;44;4;5;5;4;4;4;4;1;0;0;0;0;0;0;0;0;0;0;0;0;0;0;0;0;0;0;0;0;1;0;0;0;0;0;0;0;0;0;1;0;0;0;0;0;0;0;0;0;0;0;0;0;0;0;0;0;0;0;2;0;0;0;0;0;0;1;30;0;CORONEL VIVIDA;REGIÃO SUL;33;0
0.235936867664913;2020-05-31;1;8;14;18;430;26;9;1;14;220;26;0;26;641;121;293;5;4;4;4;5;5;4;0;0;0;0;0;0;0;1;0;0;0;0;0;0;0;0;0;0;0;0;0;1;0;0;0;0;0;0;0;0;0;1;0;0;0;0;0;0;0;0;0;0;0;0;0;0;0;0;0;0;0;2;0;0;0;0;0;0;0;31;0;CORONEL VIVIDA;REGIÃO SUL;34;2
0.326183731282882;2020-06-30;4;8;15;21;459;26;7;4;17;320;26;0;26;598;44;204;4;4;4;5;4;4;5;0;0;0;0;0;0;1;0;0;0;0;0;0;0;0;0;0;0;0;0;0;1;0;0;0;0;0;0;0;0;0;1;0;0;0;0;0;0;0;0;0;0;0;0;0;0;0;0;0;0;0;2;0;0;0;0;0;0;1;30;0;CORONEL VIVIDA;REGIÃO SUL;35;3
0.329825981384055;2020-07-31;0;7;14;20;442;25;4;0;16;291;25;0;25;593;80;122;4;5;5;4;5;4;4;0;0;0;0;0;1;0;0;0;0;0;0;0;0;0;0;0;0;0;0;0;1;0;0;0;0;0;0;0;0;0;1;0;0;0;0;0;0;0;0;0;0;0;0;0;0;0;0;0;0;0;2;0;0;0;0;0;0;0;31;0;CORONEL VIVIDA;REGIÃO SUL;36;3
0.316875758802104;2020-08-31;-2;3;16;23;504;29;9;-2;18;340;29;0;29;667;93;289;5;4;4;5;4;5;4;0;1;0;0;0;0;0;0;0;0;0;0;0;0;0;0;0;0;0;0;0;1;0;0;0;0;0;0;0;0;0;1;0;0;0;0;0;0;0;0;0;0;0;0;0;0;0;0;0;0;0;2;0;0;0;0;0;0;0;31;0;CORONEL VIVIDA;REGIÃO SUL;37;3
0.291380008093889;2020-09-30;7;13;20;28;607;34;3;7;21;436;34;0;34;778;52;105;4;5;4;4;4;4;5;0;0;0;0;0;0;0;0;0;0;0;1;0;0;0;0;0;0;0;0;0;1;0;0;0;0;0;0;0;0;0;1;0;0;0;0;0;0;0;0;0;0;0;0;0;0;0;0;0;0;0;2;0;0;0;0;0;0;0;30;0;CORONEL VIVIDA;REGIÃO SUL;38;3
0.447996762444354;2020-10-31;8;15;21;29;661;34;3;8;24;481;34;0;34;840;29;87;4;4;5;4;5;5;4;0;0;0;0;0;0;0;0;0;0;1;0;0;0;0;0;0;0;0;0;0;1;0;0;0;0;0;0;0;0;0;1;0;0;0;0;0;0;0;0;0;0;0;0;0;0;0;0;0;0;0;2;0;0;0;0;0;0;0;31;0;CORONEL VIVIDA;REGIÃO SUL;39;5
0.356940509915014;2020-11-30;8;16;21;26;619;33;3;8;20;440;33;0;33;799;19;84;5;4;4;5;4;4;4;0;0;0;0;0;0;0;0;0;1;0;0;0;0;0;0;0;0;0;0;0;1;0;0;0;0;0;0;0;0;0;1;0;0;0;0;0;0;0;0;0;0;0;0;0;0;0;0;0;0;0;2;0;0;0;0;0;0;0;30;0;CORONEL VIVIDA;REGIÃO SUL;40;3
0.46944556859571;2020-12-31;13;18;22;24;675;30;7;13;19;513;30;0;30;837;129;229;4;5;5;4;4;4;5;0;0;1;0;0;0;0;0;0;0;0;0;0;0;0;0;0;0;0;0;0;1;0;0;0;0;0;0;0;0;0;1;0;0;0;0;0;0;0;0;0;0;0;0;0;0;0;0;0;0;0;2;0;0;0;0;0;0;0;31;0;CORONEL VIVIDA;REGIÃO SUL;41;5
0.323755564548766;2021-01-31;15;18;22;24;670;30;7;15;21;544;30;0;30;796;35;212;5;4;4;4;5;5;4;0;0;0;0;1;0;0;0;0;0;0;0;1;0;0;0;0;0;0;0;0;0;0;0;0;0;0;0;0;0;0;1;0;0;0;0;0;0;0;0;0;0;0;0;0;0;0;0;0;0;0;2;0;0;0;0;0;0;0;31;0;CORONEL VIVIDA;REGIÃO SUL;42;3
0.05503844597329;2021-02-28;12;18;22;27;625;32;1;12;22;479;32;0;32;770;16;32;4;4;4;4;4;4;4;0;0;0;1;0;0;0;0;0;0;0;0;1;0;0;0;0;0;0;0;0;0;0;0;0;0;0;0;0;0;0;1;0;0;0;0;0;0;0;0;0;0;0;0;0;0;0;0;0;0;0;2;0;0;0;0;0;0;3;28;0;CORONEL VIVIDA;REGIÃO SUL;43;0
0.1181707810603;2021-03-31;12;17;23;27;704;33;2;12;21;548;33;0;33;860;17;77;4;5;4;5;4;4;5;0;0;0;0;0;0;0;0;1;0;0;0;1;0;0;0;0;0;0;0;0;0;0;0;0;0;0;0;0;0;0;1;0;0;0;0;0;0;0;0;0;0;0;0;0;0;0;0;0;0;0;2;0;0;0;0;0;0;0;31;0;CORONEL VIVIDA;REGIÃO SUL;44;1
0.041278834479968;2021-04-30;7;15;20;24;591;29;0;7;20;436;29;0;29;746;5;8;4;4;5;4;5;4;4;1;0;0;0;0;0;0;0;0;0;0;0;1;0;0;0;0;0;0;0;0;0;0;0;0;0;0;0;0;0;0;1;0;0;0;0;0;0;0;0;0;0;0;0;0;0;0;0;0;0;0;2;0;0;0;0;0;0;1;30;0;CORONEL VIVIDA;REGIÃO SUL;45;0
0.082152974504249;2021-05-31;5;11;17;23;530;28;3;5;19;376;28;0;28;683;56;86;5;4;4;5;4;5;4;0;0;0;0;0;0;0;1;0;0;0;0;1;0;0;0;0;0;0;0;0;0;0;0;0;0;0;0;0;0;0;1;0;0;0;0;0;0;0;0;0;0;0;0;0;0;0;0;0;0;0;2;0;0;0;0;0;0;0;31;0;CORONEL VIVIDA;REGIÃO SUL;46;1
0.096317280453258;2021-06-30;-1;4;14;22;430;27;5;-1;18;309;27;0;27;550;42;145;4;5;4;4;4;4;5;0;0;0;0;0;0;1;0;0;0;0;0;1;0;0;0;0;0;0;0;0;0;0;0;0;0;0;0;0;0;0;1;0;0;0;0;0;0;0;0;0;0;0;0;0;0;0;0;0;0;0;2;0;0;0;0;0;0;1;30;0;CORONEL VIVIDA;REGIÃO SUL;47;1
0.418858761634966;2021-07-31;-2;3;14;22;448;27;2;-2;17;292;27;0;27;604;41;74;4;4;5;4;5;5;4;0;0;0;0;0;1;0;0;0;0;0;0;1;0;0;0;0;0;0;0;0;0;0;0;0;0;0;0;0;0;0;1;0;0;0;0;0;0;0;0;0;0;0;0;0;0;0;0;0;0;0;2;0;0;0;0;0;0;0;31;0;CORONEL VIVIDA;REGIÃO SUL;48;4
0.392958316471064;2021-08-31;5;12;19;26;575;31;2;5;21;422;31;0;31;728;25;56;5;4;4;5;4;4;5;0;1;0;0;0;0;0;0;0;0;0;0;1;0;0;0;0;0;0;0;0;0;0;0;0;0;0;0;0;0;0;1;0;0;0;0;0;0;0;0;0;0;0;0;0;0;0;0;0;0;0;2;0;0;0;0;0;0;0;31;0;CORONEL VIVIDA;REGIÃO SUL;49;4
0.195062727640631;2021-09-30;8;14;21;28;624;33;5;8;23;474;33;0;33;774;47;141;4;5;5;4;4;4;4;0;0;0;0;0;0;0;0;0;0;0;1;1;0;0;0;0;0;0;0;0;0;0;0;0;0;0;0;0;0;0;1;0;0;0;0;0;0;0;0;0;0;0;0;0;0;0;0;0;0;0;2;0;0;0;0;0;0;0;30;0;CORONEL VIVIDA;REGIÃO SUL;50;2
0.236746256576285;2021-10-31;10;16;19;24;598;29;11;10;19;473;29;0;29;722;69;355;5;4;4;4;5;5;4;0;0;0;0;0;0;0;0;0;0;1;0;1;0;0;0;0;0;0;0;0;0;0;0;0;0;0;0;0;0;0;1;0;0;0;0;0;0;0;0;0;0;0;0;0;0;0;0;0;0;0;2;0;0;0;0;0;0;0;0;0;CORONEL VIVIDA;REGIÃO SUL;51;2
0.506272764063132;2021-11-30;14;19;23;27;683;32;3;14;23;520;32;0;32;847;38;95;4;4;4;5;4;4;5;0;0;0;0;0;0;0;0;0;1;0;0;1;0;0;0;0;0;0;0;0;0;0;0;0;0;0;0;0;0;0;1;0;0;0;0;0;0;0;0;0;0;0;0;0;0;0;0;0;0;0;2;0;0;0;0;0;0;0;0;0;CORONEL VIVIDA;REGIÃO SUL;52;6
0.517604208822339;2021-12-31;12;20;24;28;757;34;2;12;22;561;34;0;34;953;64;77;4;5;5;4;5;4;4;0;0;1;0;0;0;0;0;0;0;0;0;1;0;0;0;0;0;0;0;0;0;0;0;0;0;0;0;0;0;0;1;0;0;0;0;0;0;0;0;0;0;0;0;0;0;0;0;0;0;0;2;0;0;0;0;0;0;0;0;0;CORONEL VIVIDA;REGIÃO SUL;53;6
0.211655200323756;2022-01-31;15;20;25;30;779;35;5;15;24;611;35;0;35;948;48;166;5;4;4;5;4;5;4;0;0;0;0;1;0;0;0;0;0;0;0;0;1;0;0;0;0;0;0;0;0;0;0;0;0;0;0;0;0;0;1;0;0;0;0;0;0;0;0;0;0;0;0;0;0;0;0;0;0;0;2;0;0;0;0;0;31;0;0;0;CORONEL VIVIDA;REGIÃO SUL;54;2
0.484014569000405;2022-02-28;12;19;24;28;683;33;6;12;23;532;33;0;33;835;82;158;4;4;4;4;4;4;4;0;0;0;1;0;0;0;0;0;0;0;0;0;1;0;0;0;0;0;0;0;0;0;0;0;0;0;0;0;0;0;1;0;0;0;0;0;0;0;0;0;0;0;0;0;0;0;0;0;0;0;2;0;0;0;0;0;0;1;0;0;CORONEL VIVIDA;REGIÃO SUL;55;5
0.973290165924727;2022-03-31;8;13;22;27;676;32;10;8;22;540;32;0;32;811;74;312;4;5;5;4;4;4;5;0;0;0;0;0;0;0;0;1;0;0;0;0;1;0;0;0;0;0;0;0;0;0;0;0;0;0;0;0;0;0;1;0;0;0;0;0;0;0;0;0;0;0;0;0;0;0;0;0;0;0;2;0;0;0;0;0;0;1;0;0;CORONEL VIVIDA;REGIÃO SUL;56;9
0.692432213678673;2022-04-30;6;13;19;25;576;29;17;6;21;451;29;0;29;700;144;517;4;4;4;4;5;5;4;1;0;0;0;0;0;0;0;0;0;0;0;0;1;0;0;0;0;0;0;0;0;0;0;0;0;0;0;0;0;0;1;0;0;0;0;0;0;0;0;0;0;0;0;0;0;0;0;0;0;0;2;0;0;0;0;0;0;1;0;0;CORONEL VIVIDA;REGIÃO SUL;57;8
1.0;2022-05-31;2;6;14;19;429;24;8;2;17;307;24;0;24;550;92;234;5;4;4;5;4;4;5;0;0;0;0;0;0;0;1;0;0;0;0;0;1;0;0;0;0;0;0;0;0;0;0;0;0;0;0;0;0;0;1;0;0;0;0;0;0;0;0;0;0;0;0;0;0;0;0;0;0;0;2;0;0;0;0;0;0;0;0;0;CORONEL VIVIDA;REGIÃO SUL;58;9
0.722784297855119;2022-06-30;-1;6;14;19;408;24;6;-1;15;278;24;0;24;537;50;188;4;5;5;4;4;4;4;0;0;0;0;0;0;1;0;0;0;0;0;0;1;0;0;0;0;0;0;0;0;0;0;0;0;0;0;0;0;0;1;0;0;0;0;0;0;0;0;0;0;0;0;0;0;0;0;0;0;0;2;0;0;0;0;0;0;1;0;0;CORONEL VIVIDA;REGIÃO SUL;59;8
0.598138405503844;2022-07-31;3;8;17;21;526;25;2;3;16;367;25;0;25;684;15;50;5;4;4;4;5;5;4;0;0;0;0;0;1;0;0;0;0;0;0;0;1;0;0;0;0;0;0;0;0;0;0;0;0;0;0;0;0;0;1;0;0;0;0;0;0;0;0;0;0;0;0;0;0;0;0;0;0;0;2;0;0;0;0;0;0;0;0;0;CORONEL VIVIDA;REGIÃO SUL;60;7
0.857142857142857;2022-08-31;-1;5;15;21;453;27;9;-1;16;297;27;0;27;609;84;286;4;5;4;5;4;4;5;0;1;0;0;0;0;0;0;0;0;0;0;0;1;0;0;0;0;0;0;0;0;0;0;0;0;0;0;0;0;0;1;0;0;0;0;0;0;0;0;0;0;0;0;0;0;0;0;0;0;0;2;0;0;0;0;0;0;0;0;0;CORONEL VIVIDA;REGIÃO SUL;61;9
0.65965196276811;2022-09-30;1;8;14;23;433;27;8;1;19;291;27;0;27;574;39;254;4;4;5;4;5;4;4;0;0;0;0;0;0;0;0;0;0;0;1;0;1;0;0;0;0;0;0;0;0;0;0;0;0;0;0;0;0;0;1;0;0;0;0;0;0;0;0;0;0;0;0;0;0;0;0;0;0;0;2;0;0;0;0;0;0;0;0;0;CORONEL VIVIDA;REGIÃO SUL;62;8
0.503035208417645;2022-10-31;8;13;18;23;543;29;14;8;18;403;29;0;29;682;140;446;5;4;4;5;4;5;4;0;0;0;0;0;0;0;0;0;0;1;0;0;1;0;0;0;0;0;0;0;0;0;0;0;0;0;0;0;0;0;1;0;0;0;0;0;0;0;0;0;0;0;0;0;0;0;0;0;0;0;2;0;0;0;0;0;0;0;0;0;CORONEL VIVIDA;REGIÃO SUL;63;6
0.641036017806556;2022-11-30;3;9;18;22;550;29;4;3;18;367;29;0;29;734;30;109;4;5;4;4;4;4;5;0;0;0;0;0;0;0;0;0;1;0;0;0;1;0;0;0;0;0;0;0;0;0;0;0;0;0;0;0;0;0;1;0;0;0;0;0;0;0;0;0;0;0;0;0;0;0;0;0;0;0;2;0;0;0;0;0;0;0;0;0;CORONEL VIVIDA;REGIÃO SUL;64;8
0.747875354107649;2022-12-31;12;20;22;26;687;32;3;12;21;513;32;0;32;860;18;91;4;4;5;4;5;5;4;0;0;1;0;0;0;0;0;0;0;0;0;0;1;0;0;0;0;0;0;0;0;0;0;0;0;0;0;0;0;0;1;0;0;0;0;0;0;0;0;0;0;0;0;0;0;0;0;0;0;0;2;0;0;0;0;0;0;0;0;0;CORONEL VIVIDA;REGIÃO SUL;65;8
0.435046539862404;2023-01-31;13;19;22;26;692;31;7;13;21;536;31;0;31;847;35;219;5;4;4;5;4;4;5;0;0;0;0;1;0;0;0;0;0;0;0;0;0;1;0;0;0;0;0;0;0;0;0;0;0;0;0;0;0;0;1;0;0;0;0;0;0;0;0;0;0;0;0;0;0;0;0;0;0;0;2;0;0;0;0;0;31;0;0;0;CORONEL VIVIDA;REGIÃO SUL;66;5
0.678267907729664;2023-02-28;7;14;21;24;585;30;9;7;19;457;30;0;30;714;62;259;4;4;4;4;4;4;4;0;0;0;1;0;0;0;0;0;0;0;0;0;0;1;0;0;0;0;0;0;0;0;0;0;0;0;0;0;0;0;1;0;0;0;0;0;0;0;0;0;0;0;0;0;0;0;0;0;0;0;2;0;0;0;0;0;0;3;0;0;CORONEL VIVIDA;REGIÃO SUL;67;8
1.0;2023-03-31;13;18;22;25;685;30;7;13;20;543;30;0;30;826;55;222;4;5;5;4;5;4;4;0;0;0;0;0;0;0;0;1;0;0;0;0;0;1;0;0;0;0;0;0;0;0;0;0;0;0;0;0;0;0;1;0;0;0;0;0;0;0;0;0;0;0;0;0;0;0;0;0;0;0;2;0;0;0;0;0;0;0;0;0;CORONEL VIVIDA;REGIÃO SUL;68;9
0.945366248482396;2023-04-30;6;12;18;22;544;28;5;6;19;399;28;0;28;688;49;144;5;4;4;4;4;5;4;1;0;0;0;0;0;0;0;0;0;0;0;0;0;1;0;0;0;0;0;0;0;0;0;0;0;0;0;0;0;0;1;0;0;0;0;0;0;0;0;0;0;0;0;0;0;0;0;0;0;0;2;0;0;0;0;0;0;1;0;0;CORONEL VIVIDA;REGIÃO SUL;69;9
0.667341157426143;2023-05-31;6;12;17;22;534;25;6;6;18;392;25;0;25;676;43;175;4;5;4;5;4;4;5;0;0;0;0;0;0;0;1;0;0;0;0;0;0;1;0;0;0;0;0;0;0;0;0;0;0;0;0;0;0;0;1;0;0;0;0;0;0;0;0;0;0;0;0;0;0;0;0;0;0;0;2;0;0;0;0;0;0;0;0;0;CORONEL VIVIDA;REGIÃO SUL;70;8
0.452853095912586;2023-06-30;3;7;15;19;456;24;3;3;16;329;24;0;24;584;66;98;4;4;5;4;5;4;4;0;0;0;0;0;0;1;0;0;0;0;0;0;0;1;0;0;0;0;0;0;0;0;0;0;0;0;0;0;0;0;1;0;0;0;0;0;0;0;0;0;0;0;0;0;0;0;0;0;0;0;2;0;0;0;0;0;0;1;0;0;CORONEL VIVIDA;REGIÃO SUL;71;5
0.297045730473493;2023-07-31;2;6;16;20;491;25;5;2;16;358;25;0;25;624;74;164;5;4;4;5;4;5;4;0;0;0;0;0;1;0;0;0;0;0;0;0;0;1;0;0;0;0;0;0;0;0;0;0;0;0;0;0;0;0;1;0;0;0;0;0;0;0;0;0;0;0;0;0;0;0;0;0;0;0;2;0;0;0;0;0;15;0;0;0;CORONEL VIVIDA;REGIÃO SUL;72;3
0.383650343990287;2023-08-31;2;10;17;24;529;29;8;2;18;366;29;0;29;692;106;251;4;5;5;4;4;4;5;0;1;0;0;0;0;0;0;0;0;0;0;0;0;1;0;0;0;0;0;0;0;0;0;0;0;0;0;0;0;0;1;0;0;0;0;0;0;0;0;0;0;0;0;0;0;0;0;0;0;0;2;0;0;0;0;0;0;0;0;0;CORONEL VIVIDA;REGIÃO SUL;73;4
0.451639012545528;2023-09-30;6;11;20;27;599;33;6;6;22;459;33;0;33;739;66;168;4;4;4;4;5;5;4;0;0;0;0;0;0;0;0;0;0;0;1;0;0;1;0;0;0;0;0;0;0;0;0;0;0;0;0;0;0;0;1;0;0;0;0;0;0;0;0;0;0;0;0;0;0;0;0;0;0;0;2;0;0;0;0;0;0;0;0;0;CORONEL VIVIDA;REGIÃO SUL;74;5
0.420882233913395;2023-10-31;10;13;19;24;585;30;15;10;19;468;30;0;30;702;102;452;5;4;4;5;4;4;5;0;0;0;0;0;0;0;0;0;0;1;0;0;0;1;0;0;0;0;0;0;0;0;0;0;0;0;0;0;0;0;1;0;0;0;0;0;0;0;0;0;0;0;0;0;0;0;0;0;0;0;2;0;0;0;0;0;0;0;0;0;CORONEL VIVIDA;REGIÃO SUL;75;4
0.246458923512748;2023-11-30;7;12;21;27;626;32;9;7;23;508;32;0;32;744;51;284;4;5;5;4;4;4;4;0;0;0;0;0;0;0;0;0;1;0;0;0;0;1;0;0;0;0;0;0;0;0;0;0;0;0;0;0;0;0;1;0;0;0;0;0;0;0;0;0;0;0;0;0;0;0;0;0;0;0;2;0;0;0;0;0;0;0;0;0;CORONEL VIVIDA;REGIÃO SUL;76;2
0.064346418454067;2023-12-31;14;18;23;27;702;33;5;14;22;563;33;0;33;841;36;153;5;4;4;4;5;5;4;0;0;1;0;0;0;0;0;0;0;0;0;0;0;1;0;0;0;0;0;0;0;0;0;0;0;0;0;0;0;0;1;0;0;0;0;0;0;0;0;0;0;0;0;0;0;0;0;0;0;0;2;0;0;0;0;0;0;0;0;0;CORONEL VIVIDA;REGIÃO SUL;77;0
0.068393363010927;2024-01-31;12;18;23;27;698;32;3;12;22;549;32;0;32;846;19;96;4;5;4;5;4;4;5;0;0;0;0;1;0;0;0;0;0;0;0;0;0;0;1;0;0;0;0;0;0;0;0;0;0;0;0;0;0;0;1;0;0;0;0;0;0;0;0;0;0;0;0;0;0;0;0;0;0;0;2;0;0;0;0;0;31;0;0;0;CORONEL VIVIDA;REGIÃO SUL;78;0
0.726831242411979;2024-02-29;16;19;23;26;679;32;6;16;21;540;32;0;32;818;41;162;4;4;5;4;4;4;4;0;0;0;1;0;0;0;0;0;0;0;0;0;0;0;1;0;0;0;0;0;0;0;0;0;0;0;0;0;0;0;1;0;0;0;0;0;0;0;0;0;0;0;0;0;0;0;0;0;0;0;2;0;0;0;1;0;0;3;0;0;CORONEL VIVIDA;REGIÃO SUL;79;8
1.0;2024-03-31;14;19;23;26;703;32;5;14;22;561;32;0;32;844;59;160;5;4;4;4;5;5;4;0;0;0;0;0;0;0;0;1;0;0;0;0;0;0;1;0;0;0;0;0;0;0;0;0;0;0;0;0;0;0;1;0;0;0;0;0;0;0;0;0;0;0;0;0;0;0;0;0;0;0;2;0;0;0;1;0;0;1;0;0;CORONEL VIVIDA;REGIÃO SUL;80;9
0.548765681910158;2024-04-30;9;15;21;24;618;30;3;9;21;501;30;0;30;735;28;103;4;4;4;5;4;4;5;1;0;0;0;0;0;0;0;0;0;0;0;0;0;0;1;0;0;0;0;0;0;0;0;0;0;0;0;0;0;0;1;0;0;0;0;0;0;0;0;0;0;0;0;0;0;0;0;0;0;0;2;0;0;0;1;0;0;0;0;0;CORONEL VIVIDA;REGIÃO SUL;81;6
0.331040064751113;2024-05-31;3;6;16;24;509;28;5;3;20;388;28;0;28;630;52;146;4;5;5;4;5;4;4;0;0;0;0;0;0;0;1;0;0;0;0;0;0;0;1;0;0;0;0;0;0;0;0;0;0;0;0;0;0;0;1;0;0;0;0;0;0;0;0;0;0;0;0;0;0;0;0;0;0;0;2;0;0;0;1;0;0;1;0;30;CORONEL VIVIDA;REGIÃO SUL;82;3
0.330230675839741;2024-06-30;-1;6;17;21;522;26;3;-1;18;401;26;0;26;643;45;77;5;4;4;4;4;5;4;0;0;0;0;0;0;1;0;0;0;0;0;0;0;0;1;0;0;0;0;0;0;0;0;0;0;0;0;0;0;0;1;0;0;0;0;0;0;0;0;0;0;0;0;0;0;0;0;0;0;0;2;0;0;0;1;0;0;0;0;30;CORONEL VIVIDA;REGIÃO SUL;83;3
0.845406717927964;2024-07-31;1;7;14;20;429;25;8;1;16;300;25;0;25;556;68;242;4;5;4;5;4;4;5;0;0;0;0;0;1;0;0;0;0;0;0;0;0;0;1;0;0;0;0;0;0;0;0;0;0;0;0;0;0;0;1;0;0;0;0;0;0;0;0;0;0;0;0;0;0;0;0;0;0;0;2;0;0;0;1;0;12;0;0;0;CORONEL VIVIDA;REGIÃO SUL;84;9
0.795224605422906;2024-08-31;-1;6;16;24;507;30;1;-1;19;340;30;0;30;674;18;29;4;4;5;4;5;5;4;0;1;0;0;0;0;0;0;0;0;0;0;0;0;0;1;0;0;0;0;0;0;0;0;0;0;0;0;0;0;0;1;0;0;0;0;0;0;0;0;0;0;0;0;0;0;0;0;0;0;0;2;0;0;0;1;0;0;0;0;0;CORONEL VIVIDA;REGIÃO SUL;85;9
1.0;2024-09-30;7;13;20;27;614;32;2;7;22;454;32;0;32;773;19;56;5;4;4;5;4;4;4;0;0;0;0;0;0;0;0;0;0;0;1;0;0;0;1;0;0;0;0;0;0;0;0;0;0;0;0;0;0;0;1;0;0;0;0;0;0;0;0;0;0;0;0;0;0;0;0;0;0;0;2;0;0;0;1;0;0;0;0;0;CORONEL VIVIDA;REGIÃO SUL;86;9
1.0;2024-10-31;10;16;20;26;630;32;4;10;22;477;32;0;32;782;52;113;4;5;5;4;4;4;5;0;0;0;0;0;0;0;0;0;0;1;0;0;0;0;1;0;0;0;0;0;0;0;0;0;0;0;0;0;0;0;1;0;0;0;0;0;0;0;0;0;0;0;0;0;0;0;0;0;0;0;2;0;0;0;1;0;0;0;0;0;CORONEL VIVIDA;REGIÃO SUL;87;9
0.716254080129409;2018-08-31;7;10;15;22;480;30;1;7;15;325;30;0;30;635;9;17;4;5;5;4;5;4;4;0;1;0;0;0;0;0;0;0;0;0;0;0;0;0;0;0;0;0;1;0;0;0;0;0;0;0;0;0;0;0;0;1;0;0;0;0;0;0;0;0;0;0;0;0;0;0;0;0;0;0;9;15;0;0;3;5;0;0;0;0;CURITIBA;REGIÃO LESTE;1;8
0.886594066841908;2018-09-30;6;12;18;23;540;30;2;6;17;402;30;0;30;679;10;65;5;4;4;4;4;5;4;0;0;0;0;0;0;0;0;0;0;0;1;0;0;0;0;0;0;0;1;0;0;0;0;0;0;0;0;0;0;0;0;1;0;0;0;0;0;0;0;0;0;0;0;0;0;0;0;0;0;0;9;15;0;0;3;5;0;0;0;0;CURITIBA;REGIÃO LESTE;2;9
0.937173228573904;2018-10-31;11;13;18;23;566;28;9;11;18;446;28;0;28;687;33;264;4;5;4;5;4;4;5;0;0;0;0;0;0;0;0;0;0;1;0;0;0;0;0;0;0;0;1;0;0;0;0;0;0;0;0;0;0;0;0;1;0;0;0;0;0;0;0;0;0;0;0;0;0;0;0;0;0;0;9;15;0;0;3;5;0;0;0;0;CURITIBA;REGIÃO LESTE;3;9
0.943383691036714;2018-11-30;11;15;20;25;605;31;2;11;20;467;31;0;31;743;32;68;4;4;5;4;5;4;4;0;0;0;0;0;0;0;0;0;1;0;0;0;0;0;0;0;0;0;1;0;0;0;0;0;0;0;0;0;0;0;0;1;0;0;0;0;0;0;0;0;0;0;0;0;0;0;0;0;0;0;9;15;0;0;3;5;0;0;0;0;CURITIBA;REGIÃO LESTE;4;9
0.751639273231462;2018-12-31;12;16;23;27;725;33;2;12;22;546;33;0;33;904;20;54;5;4;4;5;4;5;4;0;0;1;0;0;0;0;0;0;0;0;0;0;0;0;0;0;0;0;1;0;0;0;0;0;0;0;0;0;0;0;0;1;0;0;0;0;0;0;0;0;0;0;0;0;0;0;0;0;0;0;9;15;0;0;3;5;0;0;0;0;CURITIBA;REGIÃO LESTE;5;8
0.738698402611283;2019-01-31;17;21;25;28;768;34;5;17;22;602;34;0;34;935;32;161;4;5;5;4;4;4;5;0;0;0;0;1;0;0;0;0;0;0;0;0;0;0;0;0;0;0;0;1;0;0;0;0;0;0;0;0;0;0;0;1;0;0;0;0;0;0;0;0;0;0;0;0;0;0;0;0;0;0;9;15;0;0;3;5;31;0;0;0;CURITIBA;REGIÃO LESTE;6;8
0.812068517288194;2019-02-28;15;17;22;27;614;33;10;15;22;491;33;0;33;737;120;278;4;4;4;4;4;4;4;0;0;0;1;0;0;0;0;0;0;0;0;0;0;0;0;0;0;0;0;1;0;0;0;0;0;0;0;0;0;0;0;1;0;0;0;0;0;0;0;0;0;0;0;0;0;0;0;0;0;0;9;15;0;1;5;6;0;0;0;0;CURITIBA;REGIÃO LESTE;7;9
1.0;2019-03-31;13;17;21;25;666;31;2;13;20;530;31;0;31;802;12;65;5;4;4;4;5;5;4;0;0;0;0;0;0;0;0;1;0;0;0;0;0;0;0;0;0;0;0;1;0;0;0;0;0;0;0;0;0;0;0;1;0;0;0;0;0;0;0;0;0;0;0;0;0;0;0;0;0;0;9;15;0;1;5;6;0;3;0;0;CURITIBA;REGIÃO LESTE;8;9
0.669950027441578;2019-04-30;12;16;21;24;619;29;3;12;20;485;29;0;29;754;20;101;4;4;4;5;4;4;5;1;0;0;0;0;0;0;0;0;0;0;0;0;0;0;0;0;0;0;0;1;0;0;0;0;0;0;0;0;0;0;0;1;0;0;0;0;0;0;0;0;0;0;0;0;0;0;0;0;0;0;9;15;0;1;5;6;0;1;0;0;CURITIBA;REGIÃO LESTE;9;8
0.948958664317282;2019-05-31;8;14;18;24;567;30;8;8;19;455;30;0;30;679;59;243;4;5;5;4;5;4;4;0;0;0;0;0;0;0;1;0;0;0;0;0;0;0;0;0;0;0;0;1;0;0;0;0;0;0;0;0;0;0;0;1;0;0;0;0;0;0;0;0;0;0;0;0;0;0;0;0;0;0;9;15;0;1;5;6;0;0;0;0;CURITIBA;REGIÃO LESTE;10;9
0.625841301019671;2019-06-30;8;12;17;20;510;26;2;8;15;354;26;0;26;666;28;66;5;4;4;4;4;5;4;0;0;0;0;0;0;1;0;0;0;0;0;0;0;0;0;0;0;0;0;1;0;0;0;0;0;0;0;0;0;0;0;1;0;0;0;0;0;0;0;0;0;0;0;0;0;0;0;0;0;0;9;15;0;1;5;6;0;1;0;0;CURITIBA;REGIÃO LESTE;11;7
0.507842514226292;2019-07-31;6;10;16;20;491;26;0;6;15;326;26;0;26;655;5;12;4;5;4;5;4;4;5;0;0;0;0;0;1;0;0;0;0;0;0;0;0;0;0;0;0;0;0;1;0;0;0;0;0;0;0;0;0;0;0;1;0;0;0;0;0;0;0;0;0;0;0;0;0;0;0;0;0;0;9;14;0;1;5;6;16;0;0;0;CURITIBA;REGIÃO LESTE;12;6
0.816401398076201;2019-08-31;6;9;16;23;493;30;2;6;17;326;30;0;30;660;20;49;4;4;5;4;5;5;4;0;1;0;0;0;0;0;0;0;0;0;0;0;0;0;0;0;0;0;0;1;0;0;0;0;0;0;0;0;0;0;0;1;0;0;0;0;0;0;0;0;0;0;0;0;0;0;0;0;0;0;9;14;0;1;5;6;0;0;0;0;CURITIBA;REGIÃO LESTE;13;9
0.999248967330079;2019-09-30;8;10;18;26;535;34;4;8;18;385;34;0;34;685;32;125;5;4;4;5;4;4;4;0;0;0;0;0;0;0;0;0;0;0;1;0;0;0;0;0;0;0;0;1;0;0;0;0;0;0;0;0;0;0;0;1;0;0;0;0;0;0;0;0;0;0;0;0;0;0;0;0;0;0;9;14;0;1;5;6;0;0;0;0;CURITIBA;REGIÃO LESTE;14;9
0.933100320633178;2019-10-31;11;14;21;26;646;34;3;11;19;470;34;0;34;821;26;85;4;5;5;4;4;4;5;0;0;0;0;0;0;0;0;0;0;1;0;0;0;0;0;0;0;0;0;1;0;0;0;0;0;0;0;0;0;0;0;1;0;0;0;0;0;0;0;0;0;0;0;0;0;0;0;0;0;0;9;14;0;1;5;6;0;0;0;0;CURITIBA;REGIÃO LESTE;15;9
0.911349259077385;2019-11-30;12;15;20;25;612;32;3;12;19;462;32;0;32;762;33;99;4;4;4;4;5;5;4;0;0;0;0;0;0;0;0;0;1;0;0;0;0;0;0;0;0;0;0;1;0;0;0;0;0;0;0;0;0;0;0;1;0;0;0;0;0;0;0;0;0;0;0;0;0;0;0;0;0;0;9;14;0;1;5;6;0;0;0;0;CURITIBA;REGIÃO LESTE;16;9
0.465149195528467;2019-12-31;13;17;22;26;667;33;2;13;19;512;33;0;33;822;21;64;5;4;4;5;4;4;5;0;0;1;0;0;0;0;0;0;0;0;0;0;0;0;0;0;0;0;0;1;0;0;0;0;0;0;0;0;0;0;0;1;0;0;0;0;0;0;0;0;0;0;0;0;0;0;0;0;0;0;9;14;0;1;5;6;0;0;0;0;CURITIBA;REGIÃO LESTE;17;5
0.62503249660591;2020-01-31;14;17;23;26;704;32;7;14;21;555;32;0;32;852;59;208;4;5;5;4;5;4;4;0;0;0;0;1;0;0;0;0;0;0;0;0;0;0;0;0;0;0;0;0;1;0;0;0;0;0;0;0;0;0;0;1;0;0;0;0;0;0;0;0;0;0;0;0;0;0;0;0;0;0;9;14;0;1;5;6;31;0;0;0;CURITIBA;REGIÃO LESTE;18;7
0.829573355671741;2020-02-29;11;17;21;27;622;32;3;11;21;495;32;0;32;749;19;101;4;4;4;4;4;5;4;0;0;0;1;0;0;0;0;0;0;0;0;0;0;0;0;0;0;0;0;0;1;0;0;0;0;0;0;0;0;0;0;1;0;0;0;0;0;0;0;0;0;0;0;0;0;0;0;0;0;0;9;14;0;1;5;6;0;3;0;0;CURITIBA;REGIÃO LESTE;19;9
0.56590311678558;2020-03-31;12;18;21;25;658;32;0;12;19;480;32;0;32;836;5;14;5;4;4;5;4;4;5;0;0;0;0;0;0;0;0;1;0;0;0;0;0;0;0;0;0;0;0;0;1;0;0;0;0;0;0;0;0;0;0;1;0;0;0;0;0;0;0;0;0;0;0;0;0;0;0;0;0;0;9;14;0;1;5;6;0;0;15;0;CURITIBA;REGIÃO LESTE;20;7
0.280221843496346;2020-04-30;8;15;19;24;573;31;1;8;18;395;31;0;31;751;14;21;4;5;5;4;4;4;4;1;0;0;0;0;0;0;0;0;0;0;0;0;0;0;0;0;0;0;0;0;1;0;0;0;0;0;0;0;0;0;0;1;0;0;0;0;0;0;0;0;0;0;0;0;0;0;0;0;0;0;9;14;0;1;5;6;0;1;30;0;CURITIBA;REGIÃO LESTE;21;2
0.314422715849678;2020-05-31;6;13;16;21;509;26;1;6;17;327;26;0;26;692;12;25;5;4;4;4;5;5;4;0;0;0;0;0;0;0;1;0;0;0;0;0;0;0;0;0;0;0;0;0;1;0;0;0;0;0;0;0;0;0;0;1;0;0;0;0;0;0;0;0;0;0;0;0;0;0;0;0;0;0;9;14;0;1;5;6;0;0;31;0;CURITIBA;REGIÃO LESTE;22;3
0.246656460325255;2020-06-30;8;10;17;22;498;27;5;8;19;360;27;0;27;636;65;143;4;4;4;5;4;4;5;0;0;0;0;0;0;1;0;0;0;0;0;0;0;0;0;0;0;0;0;0;1;0;0;0;0;0;0;0;0;0;0;1;0;0;0;0;0;0;0;0;0;0;0;0;0;0;0;0;0;0;9;14;0;1;5;6;0;1;30;0;CURITIBA;REGIÃO LESTE;23;2
0.30281059533782;2020-07-31;6;10;16;20;498;27;1;6;15;334;27;0;27;662;17;28;4;5;5;4;5;4;4;0;0;0;0;0;1;0;0;0;0;0;0;0;0;0;0;0;0;0;0;0;1;0;0;0;0;0;0;0;0;0;0;1;0;0;0;0;0;0;0;0;0;0;0;0;0;0;0;0;0;0;9;14;0;1;5;6;0;0;31;0;CURITIBA;REGIÃO LESTE;24;3
0.243825644877091;2020-08-31;6;8;16;22;503;31;4;6;14;330;31;0;31;675;31;132;5;4;4;5;4;5;4;0;1;0;0;0;0;0;0;0;0;0;0;0;0;0;0;0;0;0;0;0;1;0;0;0;0;0;0;0;0;0;0;1;0;0;0;0;0;0;0;0;0;0;0;0;0;0;0;0;0;0;9;14;0;1;5;6;0;0;31;0;CURITIBA;REGIÃO LESTE;25;2
0.452294982524048;2020-09-30;9;12;20;25;594;34;2;9;18;412;34;0;34;775;34;45;4;5;4;4;4;4;5;0;0;0;0;0;0;0;0;0;0;0;1;0;0;0;0;0;0;0;0;0;1;0;0;0;0;0;0;0;0;0;0;1;0;0;0;0;0;0;0;0;0;0;0;0;0;0;0;0;0;0;9;14;0;1;5;6;0;0;30;0;CURITIBA;REGIÃO LESTE;26;5
0.513908547329501;2020-10-31;11;13;20;27;624;36;4;11;19;452;36;0;36;796;37;118;4;4;5;4;5;5;4;0;0;0;0;0;0;0;0;0;0;1;0;0;0;0;0;0;0;0;0;0;1;0;0;0;0;0;0;0;0;0;0;1;0;0;0;0;0;0;0;0;0;0;0;0;0;0;0;0;0;0;9;14;0;1;5;6;0;0;31;0;CURITIBA;REGIÃO LESTE;27;6
0.080273838065802;2020-11-30;8;14;20;25;595;32;7;8;18;431;32;0;32;759;87;210;5;4;4;5;4;4;4;0;0;0;0;0;0;0;0;0;1;0;0;0;0;0;0;0;0;0;0;0;1;0;0;0;0;0;0;0;0;0;0;1;0;0;0;0;0;0;0;0;0;0;0;0;0;0;0;0;0;0;9;14;0;1;5;6;0;0;30;0;CURITIBA;REGIÃO LESTE;28;1
0.126635662497472;2020-12-31;14;16;22;25;680;32;5;14;19;528;32;0;32;831;26;159;4;5;5;4;4;4;5;0;0;1;0;0;0;0;0;0;0;0;0;0;0;0;0;0;0;0;0;0;1;0;0;0;0;0;0;0;0;0;0;1;0;0;0;0;0;0;0;0;0;0;0;0;0;0;0;0;0;0;9;14;0;1;5;6;0;0;31;0;CURITIBA;REGIÃO LESTE;29;1
0.357144920419423;2021-01-31;14;19;22;26;694;32;7;14;21;570;32;0;32;819;82;215;5;4;4;4;5;5;4;0;0;0;0;1;0;0;0;0;0;0;0;1;0;0;0;0;0;0;0;0;0;0;0;0;0;0;0;0;0;0;0;1;0;0;0;0;0;0;0;0;0;0;0;0;0;0;0;0;0;0;8;13;0;1;5;6;0;0;31;0;CURITIBA;REGIÃO LESTE;30;3
0.535457407781854;2021-02-28;14;18;22;26;619;32;3;14;21;475;32;0;32;763;24;89;4;4;4;4;4;4;4;0;0;0;1;0;0;0;0;0;0;0;0;1;0;0;0;0;0;0;0;0;0;0;0;0;0;0;0;0;0;0;0;1;0;0;0;0;0;0;0;0;0;0;0;0;0;0;0;0;0;0;8;13;0;1;5;7;0;3;28;0;CURITIBA;REGIÃO LESTE;31;6
0.283977006845952;2021-03-31;12;18;23;25;698;31;4;12;20;548;31;0;31;848;60;123;4;5;4;5;4;4;5;0;0;0;0;0;0;0;0;1;0;0;0;1;0;0;0;0;0;0;0;0;0;0;0;0;0;0;0;0;0;0;0;1;0;0;0;0;0;0;0;0;0;0;0;0;0;0;0;0;0;0;8;13;0;1;5;7;0;0;31;0;CURITIBA;REGIÃO LESTE;32;2
0.461480689794621;2021-04-30;10;16;19;22;561;29;0;10;17;422;29;0;29;700;8;12;4;4;5;4;5;4;4;1;0;0;0;0;0;0;0;0;0;0;0;1;0;0;0;0;0;0;0;0;0;0;0;0;0;0;0;0;0;0;0;1;0;0;0;0;0;0;0;0;0;0;0;0;0;0;0;0;0;0;8;13;0;1;5;7;0;1;30;0;CURITIBA;REGIÃO LESTE;33;5
0.356047257286461;2021-05-31;8;12;17;21;517;28;4;8;16;352;28;0;28;683;59;123;5;4;4;5;4;5;4;0;0;0;0;0;0;0;1;0;0;0;0;1;0;0;0;0;0;0;0;0;0;0;0;0;0;0;0;0;0;0;0;1;0;0;0;0;0;0;0;0;0;0;0;0;0;0;0;0;0;0;8;13;0;1;5;7;0;0;31;0;CURITIBA;REGIÃO LESTE;34;3
0.387157341344348;2021-06-30;6;9;15;20;452;26;3;6;15;326;26;0;26;578;46;89;4;5;4;4;4;4;5;0;0;0;0;0;0;1;0;0;0;0;0;1;0;0;0;0;0;0;0;0;0;0;0;0;0;0;0;0;0;0;0;1;0;0;0;0;0;0;0;0;0;0;0;0;0;0;0;0;0;0;8;13;0;1;5;7;0;1;30;0;CURITIBA;REGIÃO LESTE;35;4
0.353331985325977;2021-07-31;-14;-3;12;18;361;26;1;-14;12;168;26;0;26;554;12;18;4;4;5;4;5;5;4;0;0;0;0;0;1;0;0;0;0;0;0;1;0;0;0;0;0;0;0;0;0;0;0;0;0;0;0;0;0;0;0;1;0;0;0;0;0;0;0;0;0;0;0;0;0;0;0;0;0;0;8;13;0;1;5;7;0;0;31;0;CURITIBA;REGIÃO LESTE;36;3
0.327999075652099;2021-08-31;8;9;17;24;518;30;3;8;18;354;30;0;30;681;34;89;5;4;4;5;4;4;5;0;1;0;0;0;0;0;0;0;0;0;0;1;0;0;0;0;0;0;0;0;0;0;0;0;0;0;0;0;0;0;0;1;0;0;0;0;0;0;0;0;0;0;0;0;0;0;0;0;0;0;8;14;0;1;5;7;0;0;31;0;CURITIBA;REGIÃO LESTE;37;3
0.3424131257402;2021-09-30;9;12;19;24;574;31;2;9;18;399;31;0;31;748;16;58;4;5;5;4;4;4;4;0;0;0;0;0;0;0;0;0;0;0;1;1;0;0;0;0;0;0;0;0;0;0;0;0;0;0;0;0;0;0;0;1;0;0;0;0;0;0;0;0;0;0;0;0;0;0;0;0;0;0;8;14;0;1;5;7;0;0;30;0;CURITIBA;REGIÃO LESTE;38;3
0.12470030907883;2021-10-31;10;13;17;21;528;27;6;10;16;412;27;0;27;643;26;172;5;4;4;4;5;5;4;0;0;0;0;0;0;0;0;0;0;1;0;1;0;0;0;0;0;0;0;0;0;0;0;0;0;0;0;0;0;0;0;1;0;0;0;0;0;0;0;0;0;0;0;0;0;0;0;0;0;0;8;14;0;1;5;7;0;0;0;0;CURITIBA;REGIÃO LESTE;39;1
0.073427886420752;2021-11-30;11;16;20;25;611;32;2;11;19;452;32;0;32;770;22;51;4;4;4;5;4;4;5;0;0;0;0;0;0;0;0;0;1;0;0;1;0;0;0;0;0;0;0;0;0;0;0;0;0;0;0;0;0;0;0;1;0;0;0;0;0;0;0;0;0;0;0;0;0;0;0;0;0;0;8;14;0;1;5;7;0;0;0;0;CURITIBA;REGIÃO LESTE;40;0
0.069730494814986;2021-12-31;12;17;22;26;670;33;5;12;20;497;33;0;33;842;47;151;4;5;5;4;5;4;4;0;0;1;0;0;0;0;0;0;0;0;0;1;0;0;0;0;0;0;0;0;0;0;0;0;0;0;0;0;0;0;0;1;0;0;0;0;0;0;0;0;0;0;0;0;0;0;0;0;0;0;8;14;0;1;5;7;0;0;0;0;CURITIBA;REGIÃO LESTE;41;0
0.0;2022-01-31;14;17;23;27;704;33;7;14;21;552;33;0;33;857;47;211;5;4;4;5;4;5;4;0;0;0;0;1;0;0;0;0;0;0;0;0;1;0;0;0;0;0;0;0;0;0;0;0;0;0;0;0;0;0;0;1;0;0;0;0;0;0;0;0;0;0;0;0;0;0;0;0;0;0;8;14;0;1;5;7;31;0;0;0;CURITIBA;REGIÃO LESTE;42;0
0.110604003581848;2022-02-28;13;19;23;26;650;32;4;13;20;496;32;0;32;804;27;112;4;4;4;4;4;4;4;0;0;0;1;0;0;0;0;0;0;0;0;0;1;0;0;0;0;0;0;0;0;0;0;0;0;0;0;0;0;0;0;1;0;0;0;0;0;0;0;0;0;0;0;0;0;0;0;0;0;0;8;14;0;1;5;7;0;1;0;0;CURITIBA;REGIÃO LESTE;43;1
0.208527109390797;2022-03-31;12;15;22;26;685;32;7;12;20;547;32;0;32;823;103;229;4;5;5;4;4;4;5;0;0;0;0;0;0;0;0;1;0;0;0;0;1;0;0;0;0;0;0;0;0;0;0;0;0;0;0;0;0;0;0;1;0;0;0;0;0;0;0;0;0;0;0;0;0;0;0;0;0;0;8;14;0;1;5;7;0;1;0;0;CURITIBA;REGIÃO LESTE;44;2
0.214015425055605;2022-04-30;8;13;19;23;567;29;3;8;18;430;29;0;29;704;37;104;4;4;4;4;5;5;4;1;0;0;0;0;0;0;0;0;0;0;0;0;1;0;0;0;0;0;0;0;0;0;0;0;0;0;0;0;0;0;0;1;0;0;0;0;0;0;0;0;0;0;0;0;0;0;0;0;0;0;8;14;0;1;5;7;0;1;0;0;CURITIBA;REGIÃO LESTE;45;2
0.294722551200208;2022-05-31;7;10;16;21;499;26;5;7;17;357;26;0;26;641;58;142;5;4;4;5;4;4;5;0;0;0;0;0;0;0;1;0;0;0;0;0;1;0;0;0;0;0;0;0;0;0;0;0;0;0;0;0;0;0;0;1;0;0;0;0;0;0;0;0;0;0;0;0;0;0;0;0;0;0;8;14;0;1;5;7;0;0;0;0;CURITIBA;REGIÃO LESTE;46;3
0.240937057685086;2022-06-30;7;10;15;22;452;26;4;7;17;332;26;0;26;572;56;135;4;5;5;4;4;4;4;0;0;0;0;0;0;1;0;0;0;0;0;0;1;0;0;0;0;0;0;0;0;0;0;0;0;0;0;0;0;0;0;1;0;0;0;0;0;0;0;0;0;0;0;0;0;0;0;0;0;0;8;14;0;1;5;7;0;1;0;0;CURITIBA;REGIÃO LESTE;47;2
0.183511944308039;2022-07-31;7;12;17;20;534;27;1;7;14;346;27;0;27;722;13;30;5;4;4;4;5;5;4;0;0;0;0;0;1;0;0;0;0;0;0;0;1;0;0;0;0;0;0;0;0;0;0;0;0;0;0;0;0;0;0;1;0;0;0;0;0;0;0;0;0;0;0;0;0;0;0;0;0;0;8;14;0;1;5;7;0;0;0;0;CURITIBA;REGIÃO LESTE;48;1
0.428406366446171;2022-08-31;7;10;15;19;467;27;4;7;14;330;27;0;27;604;52;131;4;5;4;5;4;4;5;0;1;0;0;0;0;0;0;0;0;0;0;0;1;0;0;0;0;0;0;0;0;0;0;0;0;0;0;0;0;0;0;1;0;0;0;0;0;0;0;0;0;0;0;0;0;0;0;0;0;0;8;14;0;1;5;7;0;0;0;0;CURITIBA;REGIÃO LESTE;49;5
0.300124209249256;2022-09-30;7;10;15;23;439;30;6;7;17;322;30;0;30;555;36;169;4;4;5;4;5;4;4;0;0;0;0;0;0;0;0;0;0;0;1;0;1;0;0;0;0;0;0;0;0;0;0;0;0;0;0;0;0;0;0;1;0;0;0;0;0;0;0;0;0;0;0;0;0;0;0;0;0;0;8;14;0;1;5;7;0;0;0;0;CURITIBA;REGIÃO LESTE;50;3
0.283341517663711;2022-10-31;9;14;19;23;582;30;5;9;17;435;30;0;30;728;23;147;5;4;4;5;4;5;4;0;0;0;0;0;0;0;0;0;0;1;0;0;1;0;0;0;0;0;0;0;0;0;0;0;0;0;0;0;0;0;0;1;0;0;0;0;0;0;0;0;0;0;0;0;0;0;0;0;0;0;8;14;0;1;5;7;0;0;0;0;CURITIBA;REGIÃO LESTE;51;2
0.229151621941708;2022-11-30;8;10;18;22;538;28;6;8;18;396;28;0;28;679;28;176;4;5;4;4;4;4;5;0;0;0;0;0;0;0;0;0;1;0;0;0;1;0;0;0;0;0;0;0;0;0;0;0;0;0;0;0;0;0;0;1;0;0;0;0;0;0;0;0;0;0;0;0;0;0;0;0;0;0;8;14;0;1;5;7;0;0;0;0;CURITIBA;REGIÃO LESTE;52;2
0.161558681648806;2022-12-31;13;17;21;25;661;32;5;13;21;515;32;0;32;807;56;168;4;4;5;4;5;5;4;0;0;1;0;0;0;0;0;0;0;0;0;0;1;0;0;0;0;0;0;0;0;0;0;0;0;0;0;0;0;0;0;1;0;0;0;0;0;0;0;0;0;0;0;0;0;0;0;0;0;0;8;14;0;1;5;7;0;0;0;0;CURITIBA;REGIÃO LESTE;53;1
0.082758023050926;2023-01-31;13;17;22;25;687;32;4;13;20;533;32;0;32;842;48;112;5;4;4;5;4;4;5;0;0;0;0;1;0;0;0;0;0;0;0;0;0;1;0;0;0;0;0;0;0;0;0;0;0;0;0;0;0;0;0;1;0;0;0;0;0;0;0;0;0;0;0;0;0;0;0;0;0;0;8;14;0;1;5;7;31;0;0;0;CURITIBA;REGIÃO LESTE;54;1
0.055605303446084;2023-02-28;13;15;22;24;622;31;5;13;20;492;31;0;31;753;21;128;4;4;4;4;4;4;4;0;0;0;1;0;0;0;0;0;0;0;0;0;0;1;0;0;0;0;0;0;0;0;0;0;0;0;0;0;0;0;0;1;0;0;0;0;0;0;0;0;0;0;0;0;0;0;0;0;0;0;8;14;0;1;5;7;0;3;0;0;CURITIBA;REGIÃO LESTE;55;0
0.5134752592507;2023-03-31;14;20;22;25;696;31;3;14;20;550;31;0;31;843;23;96;4;5;5;4;5;4;4;0;0;0;0;0;0;0;0;1;0;0;0;0;0;1;0;0;0;0;0;0;0;0;0;0;0;0;0;0;0;0;0;1;0;0;0;0;0;0;0;0;0;0;0;0;0;0;0;0;0;0;8;14;0;1;5;7;0;0;0;0;CURITIBA;REGIÃO LESTE;56;6
0.228285045784107;2023-04-30;9;15;19;23;562;28;3;9;17;431;28;0;28;694;25;84;5;4;4;4;4;5;4;1;0;0;0;0;0;0;0;0;0;0;0;0;0;1;0;0;0;0;0;0;0;0;0;0;0;0;0;0;0;0;0;1;0;0;0;0;0;0;0;0;0;0;0;0;0;0;0;0;0;0;8;14;0;1;5;7;0;1;0;0;CURITIBA;REGIÃO LESTE;57;2
0.280655131575147;2023-05-31;8;14;18;22;551;28;2;8;19;396;28;0;28;706;34;57;4;5;4;5;4;4;5;0;0;0;0;0;0;0;1;0;0;0;0;0;0;1;0;0;0;0;0;0;0;0;0;0;0;0;0;0;0;0;0;1;0;0;0;0;0;0;0;0;0;0;0;0;0;0;0;0;0;0;8;14;0;1;5;7;0;0;0;0;CURITIBA;REGIÃO LESTE;58;2
0.235217655044917;2023-06-30;6;10;16;22;473;27;1;6;17;317;27;0;27;630;18;44;4;4;5;4;5;4;4;0;0;0;0;0;0;1;0;0;0;0;0;0;0;1;0;0;0;0;0;0;0;0;0;0;0;0;0;0;0;0;0;1;0;0;0;0;0;0;0;0;0;0;0;0;0;0;0;0;0;0;8;14;0;1;5;7;0;1;0;0;CURITIBA;REGIÃO LESTE;59;2
0.111412807995609;2023-07-31;4;10;15;20;480;26;3;4;15;340;26;0;26;620;23;80;5;4;4;5;4;5;4;0;0;0;0;0;1;0;0;0;0;0;0;0;0;1;0;0;0;0;0;0;0;0;0;0;0;0;0;0;0;0;0;1;0;0;0;0;0;0;0;0;0;0;0;0;0;0;0;0;0;0;8;14;0;1;5;7;15;0;0;0;CURITIBA;REGIÃO LESTE;60;1
0.291400675929403;2023-08-31;6;9;17;26;518;30;4;6;21;352;30;0;30;683;30;114;4;5;5;4;4;4;5;0;1;0;0;0;0;0;0;0;0;0;0;0;0;1;0;0;0;0;0;0;0;0;0;0;0;0;0;0;0;0;0;1;0;0;0;0;0;0;0;0;0;0;0;0;0;0;0;0;0;0;8;14;0;1;5;7;0;0;0;0;CURITIBA;REGIÃO LESTE;61;3
0.288945376816199;2023-09-30;10;14;20;26;603;33;4;10;19;439;33;0;33;766;23;110;4;4;4;4;5;5;4;0;0;0;0;0;0;0;0;0;0;0;1;0;0;1;0;0;0;0;0;0;0;0;0;0;0;0;0;0;0;0;0;1;0;0;0;0;0;0;0;0;0;0;0;0;0;0;0;0;0;0;8;14;0;1;5;7;0;0;0;0;CURITIBA;REGIÃO LESTE;62;2
0.259164042866634;2023-10-31;11;12;19;24;584;32;14;11;18;451;32;0;32;718;63;436;5;4;4;5;4;4;5;0;0;0;0;0;0;0;0;0;0;1;0;0;0;1;0;0;0;0;0;0;0;0;0;0;0;0;0;0;0;0;0;1;0;0;0;0;0;0;0;0;0;0;0;0;0;0;0;0;0;0;8;14;0;1;5;7;0;0;0;0;CURITIBA;REGIÃO LESTE;63;2
0.373003264103527;2023-11-30;8;16;21;27;638;35;8;8;21;491;35;0;35;786;83;231;4;5;5;4;4;4;4;0;0;0;0;0;0;0;0;0;1;0;0;0;0;1;0;0;0;0;0;0;0;0;0;0;0;0;0;0;0;0;0;1;0;0;0;0;0;0;0;0;0;0;0;0;0;0;0;0;0;0;8;14;0;1;5;7;0;0;0;0;CURITIBA;REGIÃO LESTE;64;4
0.200959010947745;2023-12-31;13;17;23;28;725;35;2;13;22;558;35;0;35;892;28;54;5;4;4;4;5;5;4;0;0;1;0;0;0;0;0;0;0;0;0;0;0;1;0;0;0;0;0;0;0;0;0;0;0;0;0;0;0;0;0;1;0;0;0;0;0;0;0;0;0;0;0;0;0;0;0;0;0;0;8;14;0;1;5;7;0;0;0;0;CURITIBA;REGIÃO LESTE;65;2
0.140067592940293;2024-01-31;13;17;23;28;706;35;5;13;22;549;35;0;35;862;41;161;4;5;4;5;4;4;5;0;0;0;0;1;0;0;0;0;0;0;0;0;0;0;1;0;0;0;0;0;0;0;0;0;0;0;0;0;0;0;0;1;0;0;0;0;0;0;0;0;0;0;0;0;0;0;0;0;0;0;8;14;0;1;5;7;31;0;0;0;CURITIBA;REGIÃO LESTE;66;1
0.341690978942199;2024-02-29;16;18;23;27;679;32;6;16;22;538;32;0;32;819;48;186;4;4;5;4;4;4;4;0;0;0;1;0;0;0;0;0;0;0;0;0;0;0;1;0;0;0;0;0;0;0;0;0;0;0;0;0;0;0;0;1;0;0;0;0;0;0;0;0;0;0;0;0;0;0;0;0;0;0;8;14;0;1;5;8;0;3;0;0;CURITIBA;REGIÃO LESTE;67;3
0.557352898697247;2024-03-31;14;17;23;28;710;33;2;14;23;567;33;0;33;853;22;47;5;4;4;4;5;5;4;0;0;0;0;0;0;0;0;1;0;0;0;0;0;0;1;0;0;0;0;0;0;0;0;0;0;0;0;0;0;0;0;1;0;0;0;0;0;0;0;0;0;0;0;0;0;0;0;0;0;0;8;14;0;1;5;8;0;1;0;0;CURITIBA;REGIÃO LESTE;68;7
0.267280972876166;2024-04-30;9;16;22;26;645;31;4;9;21;512;31;0;31;778;61;128;4;4;4;5;4;4;5;1;0;0;0;0;0;0;0;0;0;0;0;0;0;0;1;0;0;0;0;0;0;0;0;0;0;0;0;0;0;0;0;1;0;0;0;0;0;0;0;0;0;0;0;0;0;0;0;0;0;0;8;14;0;1;5;8;0;0;0;0;CURITIBA;REGIÃO LESTE;69;2
0.076489788844276;2024-05-31;5;11;19;26;598;30;5;5;22;446;30;0;30;750;51;143;4;5;5;4;5;4;4;0;0;0;0;0;0;0;1;0;0;0;0;0;0;0;1;0;0;0;0;0;0;0;0;0;0;0;0;0;0;0;0;1;0;0;0;0;0;0;0;0;0;0;0;0;0;0;0;0;0;0;8;14;0;1;5;8;0;1;0;30;CURITIBA;REGIÃO LESTE;70;0
0.055836390421445;2024-06-30;9;16;19;22;560;27;1;9;17;385;27;0;27;736;11;29;5;4;4;4;4;5;4;0;0;0;0;0;0;1;0;0;0;0;0;0;0;0;1;0;0;0;0;0;0;0;0;0;0;0;0;0;0;0;0;1;0;0;0;0;0;0;0;0;0;0;0;0;0;0;0;0;0;0;8;14;0;1;5;8;0;0;0;30;CURITIBA;REGIÃO LESTE;71;0
0.199168086888703;2024-07-31;10;15;15;15;473;21;1;10;10;303;21;1;21;643;1;34;4;5;4;5;4;4;5;0;0;0;0;0;1;0;0;0;0;0;0;0;0;0;1;0;0;0;0;0;0;0;0;0;0;0;0;0;0;0;0;1;0;0;0;0;0;0;0;0;0;0;0;0;0;0;0;0;0;0;8;14;0;1;5;8;12;0;0;0;CURITIBA;REGIÃO LESTE;72;2
0.341546549582599;2024-08-31;11;16;16;16;496;21;3;11;11;336;21;3;21;656;3;89;4;4;5;4;5;5;4;0;1;0;0;0;0;0;0;0;0;0;0;0;0;0;1;0;0;0;0;0;0;0;0;0;0;0;0;0;0;0;0;1;0;0;0;0;0;0;0;0;0;0;0;0;0;0;0;0;0;0;8;14;0;1;5;8;0;0;0;0;CURITIBA;REGIÃO LESTE;73;3
0.411132615037985;2024-09-30;13;18;18;18;547;23;3;13;13;393;23;3;23;701;3;96;5;4;4;5;4;4;4;0;0;0;0;0;0;0;0;0;0;0;1;0;0;0;1;0;0;0;0;0;0;0;0;0;0;0;0;0;0;0;0;1;0;0;0;0;0;0;0;0;0;0;0;0;0;0;0;0;0;0;8;14;0;1;5;8;0;0;0;0;CURITIBA;REGIÃO LESTE;74;4
0.408706201796701;2024-10-31;14;19;19;19;588;24;7;14;14;444;24;7;24;732;7;204;4;5;5;4;4;4;5;0;0;0;0;0;0;0;0;0;0;1;0;0;0;0;1;0;0;0;0;0;0;0;0;0;0;0;0;0;0;0;0;1;0;0;0;0;0;0;0;0;0;0;0;0;0;0;0;0;0;0;8;14;0;1;5;8;0;0;0;0;CURITIBA;REGIÃO LESTE;75;4
0.32619399973093;2015-01-31;21;23;28;32;872;36;0;21;29;746;36;0;36;998;0;0;4;4;5;4;5;5;4;0;0;0;0;1;0;0;0;0;0;0;0;0;0;0;0;1;0;0;0;0;0;0;0;0;0;0;0;0;0;0;0;0;1;0;0;0;0;0;0;0;0;0;0;0;0;0;0;0;0;0;3;3;0;0;2;0;31;0;0;0;FOZ DO IGUAÇU;REGIÃO OESTE;1;3
0.449159155119064;2015-02-28;18;24;28;32;782;37;1;18;31;672;37;0;37;892;39;39;4;4;4;4;4;4;4;0;0;0;1;0;0;0;0;0;0;0;0;0;0;0;0;1;0;0;0;0;0;0;0;0;0;0;0;0;0;0;0;0;1;0;0;0;0;0;0;0;0;0;0;0;0;0;0;0;0;0;3;3;0;0;2;0;0;3;0;0;FOZ DO IGUAÇU;REGIÃO OESTE;2;5
0.567765370644424;2015-03-31;16;22;27;32;828;33;3;16;31;725;33;0;33;932;45;92;5;4;4;5;4;4;5;0;0;0;0;0;0;0;0;1;0;0;0;0;0;0;0;1;0;0;0;0;0;0;0;0;0;0;0;0;0;0;0;0;1;0;0;0;0;0;0;0;0;0;0;0;0;0;0;0;0;0;3;3;0;0;2;0;0;0;0;0;FOZ DO IGUAÇU;REGIÃO OESTE;3;7
0.413480425131172;2015-04-30;15;19;24;27;709;31;3;15;25;620;31;0;31;798;71;86;4;5;5;4;4;4;4;1;0;0;0;0;0;0;0;0;0;0;0;0;0;0;0;1;0;0;0;0;0;0;0;0;0;0;0;0;0;0;0;0;1;0;0;0;0;0;0;0;0;0;0;0;0;0;0;0;0;0;3;3;0;0;2;0;0;1;0;0;FOZ DO IGUAÇU;REGIÃO OESTE;4;4
0.354849993273241;2015-05-31;6;12;19;24;597;30;6;6;21;465;30;0;30;730;57;200;5;4;4;4;5;5;4;0;0;0;0;0;0;0;1;0;0;0;0;0;0;0;0;1;0;0;0;0;0;0;0;0;0;0;0;0;0;0;0;0;1;0;0;0;0;0;0;0;0;0;0;0;0;0;0;0;0;0;3;3;0;0;2;0;0;0;0;0;FOZ DO IGUAÇU;REGIÃO OESTE;5;3
0.338248351944033;2015-06-30;4;11;19;23;570;30;6;4;19;410;30;0;30;731;79;165;4;4;4;5;4;4;5;0;0;0;0;0;0;1;0;0;0;0;0;0;0;0;0;1;0;0;0;0;0;0;0;0;0;0;0;0;0;0;0;0;1;0;0;0;0;0;0;0;0;0;0;0;0;0;0;0;0;0;3;3;0;0;2;0;0;1;0;0;FOZ DO IGUAÇU;REGIÃO OESTE;6;3
0.085160769541235;2015-07-31;5;11;17;23;531;29;8;5;17;400;29;0;29;663;36;244;4;5;5;4;5;4;4;0;0;0;0;0;1;0;0;0;0;0;0;0;0;0;0;1;0;0;0;0;0;0;0;0;0;0;0;0;0;0;0;0;1;0;0;0;0;0;0;0;0;0;0;0;0;0;0;0;0;0;3;3;0;0;2;0;15;0;0;3;FOZ DO IGUAÇU;REGIÃO OESTE;7;1
0.0;2015-08-31;7;15;22;27;690;34;2;7;21;483;34;0;34;897;26;50;5;4;4;5;4;5;4;0;1;0;0;0;0;0;0;0;0;0;0;0;0;0;0;1;0;0;0;0;0;0;0;0;0;0;0;0;0;0;0;0;1;0;0;0;0;0;0;0;0;0;0;0;0;0;0;0;0;0;3;3;0;0;2;0;0;0;0;31;FOZ DO IGUAÇU;REGIÃO OESTE;8;0
0.291268666756357;2015-09-30;3;12;22;30;668;38;3;3;23;467;38;0;38;869;28;90;4;5;4;4;4;4;5;0;0;0;0;0;0;0;0;0;0;0;1;0;0;0;0;1;0;0;0;0;0;0;0;0;0;0;0;0;0;0;0;0;1;0;0;0;0;0;0;0;0;0;0;0;0;0;0;0;0;0;3;3;0;0;2;0;0;0;0;30;FOZ DO IGUAÇU;REGIÃO OESTE;9;3
0.557702139109377;2015-10-31;10;16;24;31;747;38;4;10;25;580;38;0;38;915;35;130;4;4;5;4;5;5;4;0;0;0;0;0;0;0;0;0;0;1;0;0;0;0;0;1;0;0;0;0;0;0;0;0;0;0;0;0;0;0;0;0;1;0;0;0;0;0;0;0;0;0;0;0;0;0;0;0;0;0;3;3;0;0;2;0;0;0;0;7;FOZ DO IGUAÇU;REGIÃO OESTE;10;7
0.626907036189964;2015-11-30;10;19;24;29;709;36;8;10;23;578;36;0;36;840;94;252;5;4;4;5;4;4;4;0;0;0;0;0;0;0;0;0;1;0;0;0;0;0;0;1;0;0;0;0;0;0;0;0;0;0;0;0;0;0;0;0;1;0;0;0;0;0;0;0;0;0;0;0;0;0;0;0;0;0;3;3;0;0;2;0;0;0;0;0;FOZ DO IGUAÇU;REGIÃO OESTE;11;7
0.519870846226288;2015-12-31;15;21;25;28;777;33;10;15;24;640;33;0;33;914;81;298;4;5;5;4;4;4;5;0;0;1;0;0;0;0;0;0;0;0;0;0;0;0;0;1;0;0;0;0;0;0;0;0;0;0;0;0;0;0;0;0;1;0;0;0;0;0;0;0;0;0;0;0;0;0;0;0;0;0;3;3;0;0;2;0;0;0;0;0;FOZ DO IGUAÇU;REGIÃO OESTE;12;6
0.497161307681959;2016-01-31;18;24;27;31;834;37;3;18;24;668;37;0;37;1001;21;82;5;4;4;4;5;5;4;0;0;0;0;1;0;0;0;0;0;0;0;0;0;0;0;0;1;0;0;0;0;0;0;0;0;0;0;0;0;0;0;0;1;0;0;0;0;0;0;0;0;0;0;0;0;0;0;0;0;0;3;3;0;0;2;0;31;0;0;0;FOZ DO IGUAÇU;REGIÃO OESTE;13;6
0.558993676846495;2016-02-29;20;24;27;30;791;36;2;20;25;646;36;0;36;937;24;63;4;4;4;5;4;4;4;0;0;0;1;0;0;0;0;0;0;0;0;0;0;0;0;0;1;0;0;0;0;0;0;0;0;0;0;0;0;0;0;0;1;0;0;0;0;0;0;0;0;0;0;0;0;0;0;0;0;0;3;3;0;0;2;0;0;3;0;0;FOZ DO IGUAÇU;REGIÃO OESTE;14;7
0.693501950760124;2016-03-31;13;19;24;28;733;34;1;13;22;576;34;0;34;890;18;32;4;5;5;4;4;4;5;0;0;0;0;0;0;0;0;1;0;0;0;0;0;0;0;0;1;0;0;0;0;0;0;0;0;0;0;0;0;0;0;0;1;0;0;0;0;0;0;0;0;0;0;0;0;0;0;0;0;0;3;3;0;0;2;0;0;1;0;0;FOZ DO IGUAÇU;REGIÃO OESTE;15;8
0.630620207184179;2016-04-30;3;10;24;28;728;34;1;3;23;562;34;0;34;894;7;19;4;4;4;4;5;5;4;1;0;0;0;0;0;0;0;0;0;0;0;0;0;0;0;0;1;0;0;0;0;0;0;0;0;0;0;0;0;0;0;0;1;0;0;0;0;0;0;0;0;0;0;0;0;0;0;0;0;0;3;3;0;0;2;0;0;0;0;0;FOZ DO IGUAÇU;REGIÃO OESTE;16;8
0.50394188080183;2016-05-31;4;12;18;22;544;28;1;4;18;407;28;0;28;682;15;31;5;4;4;5;4;4;5;0;0;0;0;0;0;0;1;0;0;0;0;0;0;0;0;0;1;0;0;0;0;0;0;0;0;0;0;0;0;0;0;0;1;0;0;0;0;0;0;0;0;0;0;0;0;0;0;0;0;0;3;3;0;0;2;0;0;1;0;0;FOZ DO IGUAÇU;REGIÃO OESTE;17;6
0.438988295439257;2016-06-30;-2;7;14;22;433;30;0;-2;16;258;30;0;30;607;0;0;4;5;5;4;4;4;4;0;0;0;0;0;0;1;0;0;0;0;0;0;0;0;0;0;1;0;0;0;0;0;0;0;0;0;0;0;0;0;0;0;1;0;0;0;0;0;0;0;0;0;0;0;0;0;0;0;0;0;3;3;0;0;2;0;0;0;0;0;FOZ DO IGUAÇU;REGIÃO OESTE;18;5
0.397363110453384;2016-07-31;1;6;18;25;548;32;0;1;19;343;32;0;32;754;0;0;5;4;4;4;5;5;4;0;0;0;0;0;1;0;0;0;0;0;0;0;0;0;0;0;1;0;0;0;0;0;0;0;0;0;0;0;0;0;0;0;1;0;0;0;0;0;0;0;0;0;0;0;0;0;0;0;0;0;3;3;0;0;2;0;14;0;0;0;FOZ DO IGUAÇU;REGIÃO OESTE;19;4
0.42997443831562;2016-08-31;3;11;19;25;585;33;0;3;18;405;33;0;33;764;1;1;4;5;4;5;4;4;5;0;1;0;0;0;0;0;0;0;0;0;0;0;0;0;0;0;1;0;0;0;0;0;0;0;0;0;0;0;0;0;0;0;1;0;0;0;0;0;0;0;0;0;0;0;0;0;0;0;0;0;3;3;0;0;2;0;0;0;0;0;FOZ DO IGUAÇU;REGIÃO OESTE;20;5
0.511798735369299;2016-09-30;2;11;19;26;569;34;0;2;19;340;34;0;34;798;2;4;4;4;5;4;5;4;4;0;0;0;0;0;0;0;0;0;0;0;1;0;0;0;0;0;1;0;0;0;0;0;0;0;0;0;0;0;0;0;0;0;1;0;0;0;0;0;0;0;0;0;0;0;0;0;0;0;0;0;3;3;0;0;2;0;0;0;0;0;FOZ DO IGUAÇU;REGIÃO OESTE;21;6
0.641544463877304;2016-10-31;8;15;22;30;689;36;0;8;24;504;36;0;36;874;0;1;5;4;4;5;4;5;4;0;0;0;0;0;0;0;0;0;0;1;0;0;0;0;0;0;1;0;0;0;0;0;0;0;0;0;0;0;0;0;0;0;1;0;0;0;0;0;0;0;0;0;0;0;0;0;0;0;0;0;3;3;0;0;2;0;0;0;0;0;FOZ DO IGUAÇU;REGIÃO OESTE;22;8
0.66629893717207;2016-11-30;8;16;23;27;700;34;4;8;24;501;34;0;34;900;61;109;4;5;4;4;4;4;5;0;0;0;0;0;0;0;0;0;1;0;0;0;0;0;0;0;1;0;0;0;0;0;0;0;0;0;0;0;0;0;0;0;1;0;0;0;0;0;0;0;0;0;0;0;0;0;0;0;0;0;3;3;0;0;2;0;0;0;0;0;FOZ DO IGUAÇU;REGIÃO OESTE;23;8
0.5329745728508;2016-12-31;12;22;25;29;774;35;7;12;23;610;35;0;35;938;66;211;4;4;5;4;5;5;4;0;0;1;0;0;0;0;0;0;0;0;0;0;0;0;0;0;1;0;0;0;0;0;0;0;0;0;0;0;0;0;0;0;1;0;0;0;0;0;0;0;0;0;0;0;0;0;0;0;0;0;3;2;0;0;2;0;0;0;0;0;FOZ DO IGUAÇU;REGIÃO OESTE;24;6
0.486021794699314;2017-01-31;14;22;27;29;824;35;2;14;23;645;35;0;35;1003;15;51;5;4;4;5;4;4;5;0;0;0;0;1;0;0;0;0;0;0;0;0;0;0;0;0;0;1;0;0;0;0;0;0;0;0;0;0;0;0;0;0;1;0;0;0;0;0;0;0;0;0;0;0;0;0;0;0;0;0;3;2;0;0;2;0;31;0;0;0;FOZ DO IGUAÇU;REGIÃO OESTE;25;5
0.632127001210817;2017-02-28;16;24;27;29;744;36;8;16;23;581;36;0;36;906;68;222;4;4;4;4;4;4;4;0;0;0;1;0;0;0;0;0;0;0;0;0;0;0;0;0;0;1;0;0;0;0;0;0;0;0;0;0;0;0;0;0;1;0;0;0;0;0;0;0;0;0;0;0;0;0;0;0;0;0;4;2;0;0;3;0;0;2;0;0;FOZ DO IGUAÇU;REGIÃO OESTE;26;8
0.802340912148527;2017-03-31;13;21;25;30;785;36;4;13;24;612;36;0;36;959;86;118;4;5;5;4;5;4;4;0;0;0;0;0;0;0;0;1;0;0;0;0;0;0;0;0;0;1;0;0;0;0;0;0;0;0;0;0;0;0;0;0;1;0;0;0;0;0;0;0;0;0;0;0;0;0;0;0;0;0;4;2;0;0;3;0;0;1;0;0;FOZ DO IGUAÇU;REGIÃO OESTE;27;9
0.58493205973362;2017-04-30;7;14;22;26;649;32;12;7;22;491;32;0;32;806;170;374;5;4;4;4;4;5;4;1;0;0;0;0;0;0;0;0;0;0;0;0;0;0;0;0;0;1;0;0;0;0;0;0;0;0;0;0;0;0;0;0;1;0;0;0;0;0;0;0;0;0;0;0;0;0;0;0;0;0;4;2;0;0;3;0;0;1;0;0;FOZ DO IGUAÇU;REGIÃO OESTE;28;7
0.497941611731468;2017-05-31;11;16;22;25;666;30;2;11;21;538;30;0;30;795;22;72;4;5;4;5;4;4;5;0;0;0;0;0;0;0;1;0;0;0;0;0;0;0;0;0;0;1;0;0;0;0;0;0;0;0;0;0;0;0;0;0;1;0;0;0;0;0;0;0;0;0;0;0;0;0;0;0;0;0;4;2;0;0;3;0;0;0;0;0;FOZ DO IGUAÇU;REGIÃO OESTE;29;6
0.406215525359882;2017-06-30;4;12;18;24;548;28;1;4;21;402;28;0;28;694;35;39;4;4;5;4;5;4;4;0;0;0;0;0;0;1;0;0;0;0;0;0;0;0;0;0;0;1;0;0;0;0;0;0;0;0;0;0;0;0;0;0;1;0;0;0;0;0;0;0;0;0;0;0;0;0;0;0;0;0;4;2;0;0;3;0;0;1;0;0;FOZ DO IGUAÇU;REGIÃO OESTE;30;4
0.37761334588995;2017-07-31;-1;6;19;24;581;31;0;-1;19;394;31;0;31;769;2;3;5;4;4;5;4;5;4;0;0;0;0;0;1;0;0;0;0;0;0;0;0;0;0;0;0;1;0;0;0;0;0;0;0;0;0;0;0;0;0;0;1;0;0;0;0;0;0;0;0;0;0;0;0;0;0;0;0;0;4;2;0;0;3;0;16;0;0;0;FOZ DO IGUAÇU;REGIÃO OESTE;31;4
0.455267052334185;2017-08-31;7;14;21;26;649;35;6;7;20;444;35;0;35;854;101;171;4;5;5;4;4;4;5;0;1;0;0;0;0;0;0;0;0;0;0;0;0;0;0;0;0;1;0;0;0;0;0;0;0;0;0;0;0;0;0;0;1;0;0;0;0;0;0;0;0;0;0;0;0;0;0;0;0;0;4;2;0;0;3;0;0;0;0;0;FOZ DO IGUAÇU;REGIÃO OESTE;32;5
0.567334858065384;2017-09-30;11;18;24;29;732;37;1;11;21;525;37;0;37;940;15;21;4;4;4;4;5;5;4;0;0;0;0;0;0;0;0;0;0;0;1;0;0;0;0;0;0;1;0;0;0;0;0;0;0;0;0;0;0;0;0;0;1;0;0;0;0;0;0;0;0;0;0;0;0;0;0;0;0;0;4;2;0;0;3;0;0;0;0;0;FOZ DO IGUAÇU;REGIÃO OESTE;33;7
0.590232745863043;2017-10-31;8;17;22;30;694;37;15;8;23;514;37;0;37;873;87;455;5;4;4;5;4;4;5;0;0;0;0;0;0;0;0;0;0;1;0;0;0;0;0;0;0;1;0;0;0;0;0;0;0;0;0;0;0;0;0;0;1;0;0;0;0;0;0;0;0;0;0;0;0;0;0;0;0;0;4;2;0;0;3;0;0;0;0;0;FOZ DO IGUAÇU;REGIÃO OESTE;34;7
0.616736176510158;2017-11-30;11;20;22;27;674;35;9;11;21;477;35;0;35;872;90;283;4;5;5;4;4;4;4;0;0;0;0;0;0;0;0;0;1;0;0;0;0;0;0;0;0;1;0;0;0;0;0;0;0;0;0;0;0;0;0;0;1;0;0;0;0;0;0;0;0;0;0;0;0;0;0;0;0;0;4;2;0;0;3;0;0;0;0;0;FOZ DO IGUAÇU;REGIÃO OESTE;35;7
0.481931925198439;2017-12-31;15;23;26;28;799;35;7;15;23;630;35;0;35;968;115;206;5;4;4;4;5;5;4;0;0;1;0;0;0;0;0;0;0;0;0;0;0;0;0;0;0;1;0;0;0;0;0;0;0;0;0;0;0;0;0;0;1;0;0;0;0;0;0;0;0;0;0;0;0;0;0;0;0;0;4;2;0;0;3;0;0;0;0;0;FOZ DO IGUAÇU;REGIÃO OESTE;36;5
0.418512040898695;2018-01-31;19;22;25;27;790;34;11;19;23;644;34;0;34;936;66;334;4;5;4;5;4;4;5;0;0;0;0;1;0;0;0;0;0;0;0;0;0;0;0;0;0;0;1;0;0;0;0;0;0;0;0;0;0;0;0;0;1;0;0;0;0;0;0;0;0;0;0;0;0;0;0;0;0;0;4;2;0;0;3;0;31;0;0;0;FOZ DO IGUAÇU;REGIÃO OESTE;37;4
0.545055832100094;2018-02-28;15;22;25;28;706;35;7;15;22;545;35;0;35;868;45;196;4;4;4;4;4;4;4;0;0;0;1;0;0;0;0;0;0;0;0;0;0;0;0;0;0;0;1;0;0;0;0;0;0;0;0;0;0;0;0;0;1;0;0;0;0;0;0;0;0;0;0;0;0;0;0;0;0;0;4;2;0;0;3;0;0;3;0;0;FOZ DO IGUAÇU;REGIÃO OESTE;38;6
0.796717341584824;2018-03-31;10;18;25;29;781;35;10;10;24;616;35;0;35;946;70;320;4;4;5;4;5;5;4;0;0;0;0;0;0;0;0;1;0;0;0;0;0;0;0;0;0;0;1;0;0;0;0;0;0;0;0;0;0;0;0;0;1;0;0;0;0;0;0;0;0;0;0;0;0;0;0;0;0;0;4;2;0;0;3;0;0;1;0;0;FOZ DO IGUAÇU;REGIÃO OESTE;39;9
0.74072379927351;2018-04-30;15;22;24;26;728;33;1;15;21;548;33;0;33;908;43;45;5;4;4;5;4;4;4;1;0;0;0;0;0;0;0;0;0;0;0;0;0;0;0;0;0;0;1;0;0;0;0;0;0;0;0;0;0;0;0;0;1;0;0;0;0;0;0;0;0;0;0;0;0;0;0;0;0;0;4;2;0;0;3;0;0;0;0;0;FOZ DO IGUAÇU;REGIÃO OESTE;40;8
0.538517422305933;2018-05-31;5;12;20;26;630;32;2;5;20;458;32;0;32;802;24;72;4;5;5;4;4;4;5;0;0;0;0;0;0;0;1;0;0;0;0;0;0;0;0;0;0;0;1;0;0;0;0;0;0;0;0;0;0;0;0;0;1;0;0;0;0;0;0;0;0;0;0;0;0;0;0;0;0;0;4;2;0;0;3;0;0;1;0;0;FOZ DO IGUAÇU;REGIÃO OESTE;41;6
0.427687340239473;2018-06-30;4;8;16;25;486;28;3;4;23;357;28;0;28;616;40;83;4;4;4;4;5;5;4;0;0;0;0;0;0;1;0;0;0;0;0;0;0;0;0;0;0;0;1;0;0;0;0;0;0;0;0;0;0;0;0;0;1;0;0;0;0;0;0;0;0;0;0;0;0;0;0;0;0;0;4;2;0;0;3;0;0;0;0;0;FOZ DO IGUAÇU;REGIÃO OESTE;42;5
0.396044665680075;2018-07-31;7;11;18;24;567;31;0;7;19;405;31;0;31;730;5;11;5;4;4;5;4;4;5;0;0;0;0;0;1;0;0;0;0;0;0;0;0;0;0;0;0;0;1;0;0;0;0;0;0;0;0;0;0;0;0;0;1;0;0;0;0;0;0;0;0;0;0;0;0;0;0;0;0;0;4;2;0;0;3;0;16;0;0;0;FOZ DO IGUAÇU;REGIÃO OESTE;43;4
0.388133997040226;2018-08-31;5;8;17;25;516;33;2;5;17;330;33;0;33;701;24;55;4;5;5;4;5;4;4;0;1;0;0;0;0;0;0;0;0;0;0;0;0;0;0;0;0;0;1;0;0;0;0;0;0;0;0;0;0;0;0;0;1;0;0;0;0;0;0;0;0;0;0;0;0;0;0;0;0;0;4;2;0;0;3;0;0;0;0;0;FOZ DO IGUAÇU;REGIÃO OESTE;44;4
0.448513386250504;2018-09-30;7;13;21;28;623;36;8;7;20;447;36;0;36;799;44;236;5;4;4;4;4;5;4;0;0;0;0;0;0;0;0;0;0;0;1;0;0;0;0;0;0;0;1;0;0;0;0;0;0;0;0;0;0;0;0;0;1;0;0;0;0;0;0;0;0;0;0;0;0;0;0;0;0;0;4;2;0;0;3;0;0;0;0;0;FOZ DO IGUAÇU;REGIÃO OESTE;45;5
0.529718821471815;2018-10-31;11;18;22;25;680;32;14;11;22;547;32;0;32;814;68;419;4;5;4;5;4;4;5;0;0;0;0;0;0;0;0;0;0;1;0;0;0;0;0;0;0;0;1;0;0;0;0;0;0;0;0;0;0;0;0;0;1;0;0;0;0;0;0;0;0;0;0;0;0;0;0;0;0;0;4;2;0;0;3;0;0;0;0;0;FOZ DO IGUAÇU;REGIÃO OESTE;46;6
0.705690838154177;2018-11-30;16;21;25;29;752;36;4;16;23;589;36;0;36;916;38;108;4;4;5;4;5;4;4;0;0;0;0;0;0;0;0;0;1;0;0;0;0;0;0;0;0;0;1;0;0;0;0;0;0;0;0;0;0;0;0;0;1;0;0;0;0;0;0;0;0;0;0;0;0;0;0;0;0;0;4;2;0;0;3;0;0;0;0;0;FOZ DO IGUAÇU;REGIÃO OESTE;47;8
0.58501278084219;2018-12-31;13;21;26;30;812;37;2;13;24;619;37;0;37;1005;49;76;5;4;4;5;4;5;4;0;0;1;0;0;0;0;0;0;0;0;0;0;0;0;0;0;0;0;1;0;0;0;0;0;0;0;0;0;0;0;0;0;1;0;0;0;0;0;0;0;0;0;0;0;0;0;0;0;0;0;4;2;0;0;3;0;0;0;0;0;FOZ DO IGUAÇU;REGIÃO OESTE;48;7
0.448755549576214;2019-01-31;19;24;28;30;869;37;3;19;25;693;37;0;37;1044;21;108;4;5;5;4;4;4;5;0;0;0;0;1;0;0;0;0;0;0;0;0;0;0;0;0;0;0;0;1;0;0;0;0;0;0;0;0;0;0;0;0;1;0;0;0;0;0;0;0;0;0;0;0;0;0;0;0;0;0;4;2;0;0;3;0;31;0;0;0;FOZ DO IGUAÇU;REGIÃO OESTE;49;5
0.54849993273241;2019-02-28;16;22;26;30;727;37;8;16;24;561;37;0;37;892;50;216;4;4;4;4;4;4;4;0;0;0;1;0;0;0;0;0;0;0;0;0;0;0;0;0;0;0;0;1;0;0;0;0;0;0;0;0;0;0;0;0;1;0;0;0;0;0;0;0;0;0;0;0;0;0;0;0;0;0;4;2;0;0;3;0;0;0;0;0;FOZ DO IGUAÇU;REGIÃO OESTE;50;6
0.750840844880936;2019-03-31;13;21;24;27;751;34;11;13;22;590;34;0;34;913;84;336;5;4;4;4;5;5;4;0;0;0;0;0;0;0;0;1;0;0;0;0;0;0;0;0;0;0;0;1;0;0;0;0;0;0;0;0;0;0;0;0;1;0;0;0;0;0;0;0;0;0;0;0;0;0;0;0;0;0;4;2;0;0;3;0;0;3;0;0;FOZ DO IGUAÇU;REGIÃO OESTE;51;8
0.620772231938652;2019-04-30;13;19;23;26;696;32;9;13;22;556;32;0;32;836;67;271;4;4;4;5;4;4;5;1;0;0;0;0;0;0;0;0;0;0;0;0;0;0;0;0;0;0;0;1;0;0;0;0;0;0;0;0;0;0;0;0;1;0;0;0;0;0;0;0;0;0;0;0;0;0;0;0;0;0;4;2;0;0;3;0;0;1;0;0;FOZ DO IGUAÇU;REGIÃO OESTE;52;7
0.462289788779766;2019-05-31;11;14;21;26;644;30;4;11;22;529;30;0;30;758;31;118;4;5;5;4;5;4;4;0;0;0;0;0;0;0;1;0;0;0;0;0;0;0;0;0;0;0;0;1;0;0;0;0;0;0;0;0;0;0;0;0;1;0;0;0;0;0;0;0;0;0;0;0;0;0;0;0;0;0;4;2;0;0;3;0;0;0;0;0;FOZ DO IGUAÇU;REGIÃO OESTE;53;5
0.326624512309969;2019-06-30;9;13;20;24;606;30;1;9;19;445;30;0;30;768;32;33;5;4;4;4;4;5;4;0;0;0;0;0;0;1;0;0;0;0;0;0;0;0;0;0;0;0;0;1;0;0;0;0;0;0;0;0;0;0;0;0;1;0;0;0;0;0;0;0;0;0;0;0;0;0;0;0;0;0;4;2;0;0;3;0;0;1;0;0;FOZ DO IGUAÇU;REGIÃO OESTE;54;3
0.291887528588726;2019-07-31;2;8;17;24;527;30;1;2;19;374;30;0;30;681;6;16;4;5;4;5;4;4;5;0;0;0;0;0;1;0;0;0;0;0;0;0;0;0;0;0;0;0;0;1;0;0;0;0;0;0;0;0;0;0;0;0;1;0;0;0;0;0;0;0;0;0;0;0;0;0;0;0;0;0;4;2;0;0;3;0;16;0;0;0;FOZ DO IGUAÇU;REGIÃO OESTE;55;3
0.365289923314947;2019-08-31;7;13;20;25;617;34;1;7;19;399;34;0;34;834;17;19;4;4;5;4;5;5;4;0;1;0;0;0;0;0;0;0;0;0;0;0;0;0;0;0;0;0;0;1;0;0;0;0;0;0;0;0;0;0;0;0;1;0;0;0;0;0;0;0;0;0;0;0;0;0;0;0;0;0;4;1;0;0;3;0;0;0;0;0;FOZ DO IGUAÇU;REGIÃO OESTE;56;4
0.483869231804117;2019-09-30;7;16;23;30;684;38;0;7;22;477;38;0;38;890;4;5;5;4;4;5;4;4;4;0;0;0;0;0;0;0;0;0;0;0;1;0;0;0;0;0;0;0;0;1;0;0;0;0;0;0;0;0;0;0;0;0;1;0;0;0;0;0;0;0;0;0;0;0;0;0;0;0;0;0;4;1;0;0;3;0;0;0;0;0;FOZ DO IGUAÇU;REGIÃO OESTE;57;5
0.611166420018835;2019-10-31;12;19;25;31;788;38;3;12;24;580;38;0;38;996;30;100;4;5;5;4;4;4;5;0;0;0;0;0;0;0;0;0;0;1;0;0;0;0;0;0;0;0;0;1;0;0;0;0;0;0;0;0;0;0;0;0;1;0;0;0;0;0;0;0;0;0;0;0;0;0;0;0;0;0;4;1;0;0;3;0;0;0;0;0;FOZ DO IGUAÇU;REGIÃO OESTE;58;7
0.744436970267725;2019-11-30;15;22;26;29;775;35;1;15;24;606;35;0;35;943;8;28;4;4;4;4;5;5;4;0;0;0;0;0;0;0;0;0;1;0;0;0;0;0;0;0;0;0;0;1;0;0;0;0;0;0;0;0;0;0;0;0;1;0;0;0;0;0;0;0;0;0;0;0;0;0;0;0;0;0;4;1;0;0;3;0;0;0;0;0;FOZ DO IGUAÇU;REGIÃO OESTE;59;8
0.524821740885242;2019-12-31;14;21;25;29;767;35;2;14;24;598;35;0;35;935;32;57;5;4;4;5;4;4;5;0;0;1;0;0;0;0;0;0;0;0;0;0;0;0;0;0;0;0;0;1;0;0;0;0;0;0;0;0;0;0;0;0;1;0;0;0;0;0;0;0;0;0;0;0;0;0;0;0;0;0;4;1;0;0;3;0;0;0;0;0;FOZ DO IGUAÇU;REGIÃO OESTE;60;6
0.434871518902193;2020-01-31;18;20;26;28;821;35;0;18;24;664;35;0;35;978;4;14;4;5;5;4;5;4;4;0;0;0;0;1;0;0;0;0;0;0;0;0;0;0;0;0;0;0;0;0;1;0;0;0;0;0;0;0;0;0;0;0;1;0;0;0;0;0;0;0;0;0;0;0;0;0;0;0;0;0;4;1;0;0;3;0;31;0;0;0;FOZ DO IGUAÇU;REGIÃO OESTE;61;5
0.645015471545809;2020-02-29;12;20;26;30;763;36;2;12;24;599;36;0;36;927;33;58;4;4;4;4;4;5;4;0;0;0;1;0;0;0;0;0;0;0;0;0;0;0;0;0;0;0;0;0;1;0;0;0;0;0;0;0;0;0;0;0;1;0;0;0;0;0;0;0;0;0;0;0;0;0;0;0;0;0;5;1;1;1;3;1;0;3;0;0;FOZ DO IGUAÇU;REGIÃO OESTE;62;8
0.538625050450693;2020-03-31;14;22;26;30;803;37;1;14;23;607;37;0;37;998;34;45;5;4;4;5;4;4;5;0;0;0;0;0;0;0;0;1;0;0;0;0;0;0;0;0;0;0;0;0;1;0;0;0;0;0;0;0;0;0;0;0;1;0;0;0;0;0;0;0;0;0;0;0;0;0;0;0;0;0;5;1;1;1;3;1;0;0;15;0;FOZ DO IGUAÇU;REGIÃO OESTE;63;6
0.215390824700659;2020-04-30;9;16;22;28;650;34;0;9;24;478;34;0;34;823;2;4;4;5;5;4;4;4;4;1;0;0;0;0;0;0;0;0;0;0;0;0;0;0;0;0;0;0;0;0;1;0;0;0;0;0;0;0;0;0;0;0;1;0;0;0;0;0;0;0;0;0;0;0;0;0;0;0;0;0;5;1;1;1;3;1;0;1;30;0;FOZ DO IGUAÇU;REGIÃO OESTE;64;2
0.138813399704023;2020-05-31;1;10;17;24;540;30;7;1;22;358;30;0;30;723;134;231;5;4;4;4;5;5;4;0;0;0;0;0;0;0;1;0;0;0;0;0;0;0;0;0;0;0;0;0;1;0;0;0;0;0;0;0;0;0;0;0;1;0;0;0;0;0;0;0;0;0;0;0;0;0;0;0;0;0;5;1;1;1;3;1;0;0;31;0;FOZ DO IGUAÇU;REGIÃO OESTE;65;1
0.121431454325306;2020-06-30;7;14;21;27;616;30;4;7;25;492;30;0;30;739;55;111;4;4;4;5;4;4;5;0;0;0;0;0;0;1;0;0;0;0;0;0;0;0;0;0;0;0;0;0;1;0;0;0;0;0;0;0;0;0;0;0;1;0;0;0;0;0;0;0;0;0;0;0;0;0;0;0;0;0;5;1;1;1;3;1;0;1;30;0;FOZ DO IGUAÇU;REGIÃO OESTE;66;1
0.147692721646711;2020-07-31;6;12;18;25;568;29;1;6;24;430;29;0;29;705;11;16;4;5;5;4;5;4;4;0;0;0;0;0;1;0;0;0;0;0;0;0;0;0;0;0;0;0;0;0;1;0;0;0;0;0;0;0;0;0;0;0;1;0;0;0;0;0;0;0;0;0;0;0;0;0;0;0;0;0;5;1;1;1;3;1;0;0;31;0;FOZ DO IGUAÇU;REGIÃO OESTE;67;1
0.146697161307682;2020-08-31;8;9;20;27;612;32;8;8;23;454;32;0;32;770;97;255;5;4;4;5;4;5;4;0;1;0;0;0;0;0;0;0;0;0;0;0;0;0;0;0;0;0;0;0;1;0;0;0;0;0;0;0;0;0;0;0;1;0;0;0;0;0;0;0;0;0;0;0;0;0;0;0;0;0;5;1;1;1;3;1;0;0;31;0;FOZ DO IGUAÇU;REGIÃO OESTE;68;1
0.138867213776403;2020-09-30;11;17;24;31;732;38;0;11;28;572;38;0;38;892;0;0;4;5;4;4;4;4;5;0;0;0;0;0;0;0;0;0;0;0;1;0;0;0;0;0;0;0;0;0;1;0;0;0;0;0;0;0;0;0;0;0;1;0;0;0;0;0;0;0;0;0;0;0;0;0;0;0;0;0;5;1;1;1;3;1;0;0;30;0;FOZ DO IGUAÇU;REGIÃO OESTE;69;1
0.183398358670792;2020-10-31;13;20;26;30;794;36;3;13;23;601;36;0;36;988;69;106;4;4;5;4;5;5;4;0;0;0;0;0;0;0;0;0;0;1;0;0;0;0;0;0;0;0;0;0;1;0;0;0;0;0;0;0;0;0;0;0;1;0;0;0;0;0;0;0;0;0;0;0;0;0;0;0;0;0;5;1;1;1;3;1;0;0;31;0;FOZ DO IGUAÇU;REGIÃO OESTE;70;1
0.209094578232208;2020-11-30;12;20;25;31;746;38;2;12;25;545;38;0;38;947;14;58;5;4;4;5;4;4;4;0;0;0;0;0;0;0;0;0;1;0;0;0;0;0;0;0;0;0;0;0;1;0;0;0;0;0;0;0;0;0;0;0;1;0;0;0;0;0;0;0;0;0;0;0;0;0;0;0;0;0;5;1;1;1;3;1;0;0;30;0;FOZ DO IGUAÇU;REGIÃO OESTE;71;2
0.223436028521458;2020-12-31;15;22;26;29;806;36;8;15;23;626;36;0;36;987;106;256;4;5;5;4;4;4;5;0;0;1;0;0;0;0;0;0;0;0;0;0;0;0;0;0;0;0;0;0;1;0;0;0;0;0;0;0;0;0;0;0;1;0;0;0;0;0;0;0;0;0;0;0;0;0;0;0;0;0;5;1;1;1;3;1;0;0;31;0;FOZ DO IGUAÇU;REGIÃO OESTE;72;2
0.184232476792681;2021-01-31;18;24;26;29;791;35;7;18;23;647;35;0;35;935;38;214;5;4;4;4;5;5;4;0;0;0;0;1;0;0;0;0;0;0;0;1;0;0;0;0;0;0;0;0;0;0;0;0;0;0;0;0;0;0;0;0;1;0;0;0;0;0;0;0;0;0;0;0;0;0;0;0;0;0;5;1;1;1;3;1;0;0;31;0;FOZ DO IGUAÇU;REGIÃO OESTE;73;1
0.193865195748688;2021-02-28;14;22;25;28;700;36;3;14;23;525;36;0;36;876;23;71;4;4;4;4;4;4;4;0;0;0;1;0;0;0;0;0;0;0;0;1;0;0;0;0;0;0;0;0;0;0;0;0;0;0;0;0;0;0;0;0;1;0;0;0;0;0;0;0;0;0;0;0;0;0;0;0;0;0;5;1;1;1;3;1;0;3;28;0;FOZ DO IGUAÇU;REGIÃO OESTE;74;1
0.180896004305126;2021-03-31;14;20;26;28;791;35;2;14;22;603;35;0;35;979;16;76;4;5;4;5;4;4;5;0;0;0;0;0;0;0;0;1;0;0;0;1;0;0;0;0;0;0;0;0;0;0;0;0;0;0;0;0;0;0;0;0;1;0;0;0;0;0;0;0;0;0;0;0;0;0;0;0;0;0;5;1;1;1;3;1;0;0;31;0;FOZ DO IGUAÇU;REGIÃO OESTE;75;1
0.131602314005112;2021-04-30;9;18;23;28;678;34;2;9;21;484;34;0;34;873;22;68;4;4;5;4;5;4;4;1;0;0;0;0;0;0;0;0;0;0;0;1;0;0;0;0;0;0;0;0;0;0;0;0;0;0;0;0;0;0;0;0;1;0;0;0;0;0;0;0;0;0;0;0;0;0;0;0;0;0;5;1;1;1;3;1;0;1;30;0;FOZ DO IGUAÇU;REGIÃO OESTE;76;1
0.132517153235571;2021-05-31;6;13;19;25;599;32;1;6;18;408;32;0;32;790;14;26;5;4;4;5;4;5;4;0;0;0;0;0;0;0;1;0;0;0;0;1;0;0;0;0;0;0;0;0;0;0;0;0;0;0;0;0;0;0;0;0;1;0;0;0;0;0;0;0;0;0;0;0;0;0;0;0;0;0;5;1;1;1;3;1;0;0;31;0;FOZ DO IGUAÇU;REGIÃO OESTE;77;1
0.108193192519844;2021-06-30;0;6;17;25;516;31;5;0;19;374;31;0;31;658;61;143;4;5;4;4;4;4;5;0;0;0;0;0;0;1;0;0;0;0;0;1;0;0;0;0;0;0;0;0;0;0;0;0;0;0;0;0;0;0;0;0;1;0;0;0;0;0;0;0;0;0;0;0;0;0;0;0;0;0;5;1;1;1;3;1;0;1;30;0;FOZ DO IGUAÇU;REGIÃO OESTE;78;1
0.109995963944572;2021-07-31;-1;7;17;25;514;30;2;-1;20;299;30;0;30;729;25;58;4;4;5;4;5;5;4;0;0;0;0;0;1;0;0;0;0;0;0;1;0;0;0;0;0;0;0;0;0;0;0;0;0;0;0;0;0;0;0;0;1;0;0;0;0;0;0;0;0;0;0;0;0;0;0;0;0;0;5;1;1;1;3;1;0;0;31;0;FOZ DO IGUAÇU;REGIÃO OESTE;79;1
0.120005381407238;2021-08-31;7;14;22;30;673;36;1;7;24;469;36;0;36;877;14;46;5;4;4;5;4;4;5;0;1;0;0;0;0;0;0;0;0;0;0;1;0;0;0;0;0;0;0;0;0;0;0;0;0;0;0;0;0;0;0;0;1;0;0;0;0;0;0;0;0;0;0;0;0;0;0;0;0;0;5;1;1;1;3;1;0;0;31;0;FOZ DO IGUAÇU;REGIÃO OESTE;80;1
0.171155657204359;2021-09-30;10;18;25;31;760;40;4;10;24;533;40;0;40;987;32;133;4;5;5;4;4;4;4;0;0;0;0;0;0;0;0;0;0;0;1;1;0;0;0;0;0;0;0;0;0;0;0;0;0;0;0;0;0;0;0;0;1;0;0;0;0;0;0;0;0;0;0;0;0;0;0;0;0;0;5;1;1;1;3;1;0;0;30;0;FOZ DO IGUAÇU;REGIÃO OESTE;81;1
0.248459572178125;2021-10-31;12;20;23;26;699;33;14;12;20;532;33;0;33;865;128;444;5;4;4;4;5;5;4;0;0;0;0;0;0;0;0;0;0;1;0;1;0;0;0;0;0;0;0;0;0;0;0;0;0;0;0;0;0;0;0;0;1;0;0;0;0;0;0;0;0;0;0;0;0;0;0;0;0;0;5;1;1;1;3;1;0;0;0;0;FOZ DO IGUAÇU;REGIÃO OESTE;82;2
0.57072514462532;2021-11-30;14;22;25;28;751;36;2;14;21;564;36;0;36;938;17;62;4;4;4;5;4;4;5;0;0;0;0;0;0;0;0;0;1;0;0;1;0;0;0;0;0;0;0;0;0;0;0;0;0;0;0;0;0;0;0;0;1;0;0;0;0;0;0;0;0;0;0;0;0;0;0;0;0;0;5;1;1;1;3;1;0;0;0;0;FOZ DO IGUAÇU;REGIÃO OESTE;83;7
0.556249159155119;2021-12-31;15;23;27;30;851;39;0;15;25;612;39;0;39;1089;15;15;4;5;5;4;5;4;4;0;0;1;0;0;0;0;0;0;0;0;0;1;0;0;0;0;0;0;0;0;0;0;0;0;0;0;0;0;0;0;0;0;1;0;0;0;0;0;0;0;0;0;0;0;0;0;0;0;0;0;5;1;1;1;3;1;0;0;0;0;FOZ DO IGUAÇU;REGIÃO OESTE;84;7
0.490353827525898;2022-01-31;17;22;28;32;868;40;3;17;24;661;40;0;40;1076;33;95;5;4;4;5;4;5;4;0;0;0;0;1;0;0;0;0;0;0;0;0;1;0;0;0;0;0;0;0;0;0;0;0;0;0;0;0;0;0;0;0;1;0;0;0;0;0;0;0;0;0;0;0;0;0;0;0;0;0;5;1;1;1;3;1;31;0;0;0;FOZ DO IGUAÇU;REGIÃO OESTE;85;6
0.831239069016548;2022-02-28;12;21;27;31;762;38;2;12;24;562;38;0;38;961;26;55;4;4;4;4;4;4;4;0;0;0;1;0;0;0;0;0;0;0;0;0;1;0;0;0;0;0;0;0;0;0;0;0;0;0;0;0;0;0;0;0;1;0;0;0;0;0;0;0;0;0;0;0;0;0;0;0;0;0;5;1;1;1;3;1;0;1;0;0;FOZ DO IGUAÇU;REGIÃO OESTE;86;9
0.722238665411005;2022-03-31;11;16;24;29;756;36;8;11;23;585;36;0;36;927;83;237;4;5;5;4;4;4;5;0;0;0;0;0;0;0;0;1;0;0;0;0;1;0;0;0;0;0;0;0;0;0;0;0;0;0;0;0;0;0;0;0;1;0;0;0;0;0;0;0;0;0;0;0;0;0;0;0;0;0;5;1;1;1;3;1;0;1;0;0;FOZ DO IGUAÇU;REGIÃO OESTE;87;8
0.288201264630701;2022-04-30;8;17;22;26;656;32;6;8;21;505;32;0;32;806;46;195;4;4;4;4;5;5;4;1;0;0;0;0;0;0;0;0;0;0;0;0;1;0;0;0;0;0;0;0;0;0;0;0;0;0;0;0;0;0;0;0;1;0;0;0;0;0;0;0;0;0;0;0;0;0;0;0;0;0;5;1;1;1;3;1;0;1;0;0;FOZ DO IGUAÇU;REGIÃO OESTE;88;2
0.427794968384232;2022-05-31;4;11;17;23;531;29;6;4;20;383;29;0;29;679;62;183;5;4;4;5;4;4;5;0;0;0;0;0;0;0;1;0;0;0;0;0;1;0;0;0;0;0;0;0;0;0;0;0;0;0;0;0;0;0;0;0;1;0;0;0;0;0;0;0;0;0;0;0;0;0;0;0;0;0;5;1;1;1;3;1;0;0;0;0;FOZ DO IGUAÇU;REGIÃO OESTE;89;5
0.385873806000269;2022-06-30;0;8;16;24;494;30;1;0;19;342;30;0;30;647;17;37;4;5;5;4;4;4;4;0;0;0;0;0;0;1;0;0;0;0;0;0;1;0;0;0;0;0;0;0;0;0;0;0;0;0;0;0;0;0;0;0;1;0;0;0;0;0;0;0;0;0;0;0;0;0;0;0;0;0;5;0;1;1;3;1;0;1;0;0;FOZ DO IGUAÇU;REGIÃO OESTE;90;4
0.262639580250235;2022-07-31;7;14;21;29;650;30;0;7;28;472;30;0;30;828;4;5;5;4;4;4;5;5;4;0;0;0;0;0;1;0;0;0;0;0;0;0;1;0;0;0;0;0;0;0;0;0;0;0;0;0;0;0;0;0;0;0;1;0;0;0;0;0;0;0;0;0;0;0;0;0;0;0;0;0;5;0;1;1;3;1;0;0;0;0;FOZ DO IGUAÇU;REGIÃO OESTE;91;2
0.382752589802233;2022-08-31;1;9;18;25;572;32;11;1;18;379;32;0;32;764;175;330;4;5;4;5;4;4;5;0;1;0;0;0;0;0;0;0;0;0;0;0;1;0;0;0;0;0;0;0;0;0;0;0;0;0;0;0;0;0;0;0;1;0;0;0;0;0;0;0;0;0;0;0;0;0;0;0;0;0;5;0;1;1;3;1;0;0;0;0;FOZ DO IGUAÇU;REGIÃO OESTE;92;4
0.380223328400377;2022-09-30;4;13;18;25;552;33;7;4;18;390;33;0;33;714;48;223;4;4;5;4;5;4;4;0;0;0;0;0;0;0;0;0;0;0;1;0;1;0;0;0;0;0;0;0;0;0;0;0;0;0;0;0;0;0;0;0;1;0;0;0;0;0;0;0;0;0;0;0;0;0;0;0;0;0;5;0;1;1;3;1;0;0;0;0;FOZ DO IGUAÇU;REGIÃO OESTE;93;4
0.514543253060675;2022-10-31;10;15;21;26;650;34;12;10;20;476;34;0;34;824;80;376;5;4;4;5;4;5;4;0;0;0;0;0;0;0;0;0;0;1;0;0;1;0;0;0;0;0;0;0;0;0;0;0;0;0;0;0;0;0;0;0;1;0;0;0;0;0;0;0;0;0;0;0;0;0;0;0;0;0;5;0;1;1;3;1;0;0;0;0;FOZ DO IGUAÇU;REGIÃO OESTE;94;6
0.614314543253061;2022-11-30;6;14;22;26;664;34;2;6;20;442;34;0;34;885;57;72;4;5;4;4;4;4;5;0;0;0;0;0;0;0;0;0;1;0;0;0;1;0;0;0;0;0;0;0;0;0;0;0;0;0;0;0;0;0;0;0;1;0;0;0;0;0;0;0;0;0;0;0;0;0;0;0;0;0;5;0;1;1;3;1;0;0;0;0;FOZ DO IGUAÇU;REGIÃO OESTE;95;7
0.798143414502892;2022-12-31;13;22;26;30;821;37;2;13;23;597;37;0;37;1046;28;54;4;4;5;4;5;5;4;0;0;1;0;0;0;0;0;0;0;0;0;0;1;0;0;0;0;0;0;0;0;0;0;0;0;0;0;0;0;0;0;0;1;0;0;0;0;0;0;0;0;0;0;0;0;0;0;0;0;0;5;0;1;1;3;1;0;0;0;0;FOZ DO IGUAÇU;REGIÃO OESTE;96;9
0.627149199515673;2023-01-31;16;24;26;29;810;38;8;16;22;624;38;0;38;997;53;263;5;4;4;5;4;4;5;0;0;0;0;1;0;0;0;0;0;0;0;0;0;1;0;0;0;0;0;0;0;0;0;0;0;0;0;0;0;0;0;0;1;0;0;0;0;0;0;0;0;0;0;0;0;0;0;0;0;0;4;0;1;1;3;1;31;0;0;0;FOZ DO IGUAÇU;REGIÃO OESTE;97;7
0.772474101977667;2023-02-28;9;17;25;28;693;35;7;9;22;536;35;0;35;850;42;193;4;4;4;4;4;4;4;0;0;0;1;0;0;0;0;0;0;0;0;0;0;1;0;0;0;0;0;0;0;0;0;0;0;0;0;0;0;0;0;0;1;0;0;0;0;0;0;0;0;0;0;0;0;0;0;0;0;0;4;0;1;1;3;1;0;3;0;0;FOZ DO IGUAÇU;REGIÃO OESTE;98;9
1.0;2023-03-31;16;22;26;29;802;36;4;16;22;624;36;0;36;979;58;130;4;5;5;4;5;4;4;0;0;0;0;0;0;0;0;1;0;0;0;0;0;1;0;0;0;0;0;0;0;0;0;0;0;0;0;0;0;0;0;0;1;0;0;0;0;0;0;0;0;0;0;0;0;0;0;0;0;0;4;1;1;1;3;1;0;0;0;0;FOZ DO IGUAÇU;REGIÃO OESTE;99;9
0.59251984393919;2023-04-30;10;16;22;26;650;33;6;10;21;490;33;0;33;810;86;174;5;4;4;4;4;5;4;1;0;0;0;0;0;0;0;0;0;0;0;0;0;1;0;0;0;0;0;0;0;0;0;0;0;0;0;0;0;0;0;0;1;0;0;0;0;0;0;0;0;0;0;0;0;0;0;0;0;0;4;1;1;1;3;1;0;1;0;0;FOZ DO IGUAÇU;REGIÃO OESTE;100;7
0.590448002152563;2023-05-31;6;15;20;25;612;29;5;6;21;448;29;0;29;775;82;161;4;5;4;5;4;4;5;0;0;0;0;0;0;0;1;0;0;0;0;0;0;1;0;0;0;0;0;0;0;0;0;0;0;0;0;0;0;0;0;0;1;0;0;0;0;0;0;0;0;0;0;0;0;0;0;0;0;0;4;1;1;1;3;1;0;0;0;0;FOZ DO IGUAÇU;REGIÃO OESTE;101;7
0.548930445311449;2023-06-30;7;10;18;21;537;28;2;7;17;373;28;0;28;702;19;71;4;4;5;4;5;4;4;0;0;0;0;0;0;1;0;0;0;0;0;0;0;1;0;0;0;0;0;0;0;0;0;0;0;0;0;0;0;0;0;0;1;0;0;0;0;0;0;0;0;0;0;0;0;0;0;0;0;0;4;1;1;1;3;1;0;1;0;0;FOZ DO IGUAÇU;REGIÃO OESTE;102;6
0.418619669043455;2023-07-31;5;9;19;23;596;30;4;5;19;431;30;0;30;761;72;124;5;4;4;5;4;5;4;0;0;0;0;0;1;0;0;0;0;0;0;0;0;1;0;0;0;0;0;0;0;0;0;0;0;0;0;0;0;0;0;0;1;0;0;0;0;0;0;0;0;0;0;0;0;0;0;0;0;0;4;1;1;1;3;1;15;0;0;0;FOZ DO IGUAÇU;REGIÃO OESTE;103;4
0.588779765908785;2023-08-31;6;13;21;28;645;34;2;6;22;452;34;0;34;839;20;57;4;5;5;4;4;4;5;0;1;0;0;0;0;0;0;0;0;0;0;0;0;1;0;0;0;0;0;0;0;0;0;0;0;0;0;0;0;0;0;0;1;0;0;0;0;0;0;0;0;0;0;0;0;0;0;0;0;0;4;1;1;1;3;1;0;0;0;0;FOZ DO IGUAÇU;REGIÃO OESTE;104;7
0.190528723261133;2023-09-30;6;16;24;31;711;38;9;6;23;520;38;0;38;903;108;284;4;4;4;4;5;5;4;0;0;0;0;0;0;0;0;0;0;0;1;0;0;1;0;0;0;0;0;0;0;0;0;0;0;0;0;0;0;0;0;0;1;0;0;0;0;0;0;0;0;0;0;0;0;0;0;0;0;0;4;1;1;1;3;1;0;0;0;0;FOZ DO IGUAÇU;REGIÃO OESTE;105;1
0.581272702811785;2023-10-31;13;18;24;30;730;38;14;13;22;559;38;0;38;900;129;421;5;4;4;5;4;4;5;0;0;0;0;0;0;0;0;0;0;1;0;0;0;1;0;0;0;0;0;0;0;0;0;0;0;0;0;0;0;0;0;0;1;0;0;0;0;0;0;0;0;0;0;0;0;0;0;0;0;0;4;1;1;1;3;1;0;0;0;0;FOZ DO IGUAÇU;REGIÃO OESTE;106;7
0.668397685994888;2023-11-30;9;18;25;30;742;36;7;9;25;585;36;0;36;898;64;201;4;5;5;4;4;4;4;0;0;0;0;0;0;0;0;0;1;0;0;0;0;1;0;0;0;0;0;0;0;0;0;0;0;0;0;0;0;0;0;0;1;0;0;0;0;0;0;0;0;0;0;0;0;0;0;0;0;0;4;1;1;1;3;1;0;0;0;0;FOZ DO IGUAÇU;REGIÃO OESTE;107;8
0.122507735772905;2023-12-31;15;23;27;31;822;37;4;15;25;655;37;0;37;989;43;109;5;4;4;4;5;5;4;0;0;1;0;0;0;0;0;0;0;0;0;0;0;1;0;0;0;0;0;0;0;0;0;0;0;0;0;0;0;0;0;0;1;0;0;0;0;0;0;0;0;0;0;0;0;0;0;0;0;0;4;1;1;1;3;1;0;0;0;0;FOZ DO IGUAÇU;REGIÃO OESTE;108;1
0.223436028521458;2024-01-31;16;23;27;30;834;38;2;16;24;647;38;0;38;1022;25;69;4;5;4;5;4;4;5;0;0;0;0;1;0;0;0;0;0;0;0;0;0;0;1;0;0;0;0;0;0;0;0;0;0;0;0;0;0;0;0;0;1;0;0;0;0;0;0;0;0;0;0;0;0;0;0;0;0;0;4;1;1;1;3;1;31;0;0;0;FOZ DO IGUAÇU;REGIÃO OESTE;109;2
0.661590205838827;2024-02-29;20;26;28;31;823;39;1;20;25;649;39;0;39;997;10;16;4;4;5;4;4;4;4;0;0;0;1;0;0;0;0;0;0;0;0;0;0;0;1;0;0;0;0;0;0;0;0;0;0;0;0;0;0;0;0;0;1;0;0;0;0;0;0;0;0;0;0;0;0;0;0;0;0;0;4;1;1;1;3;1;0;3;0;0;FOZ DO IGUAÇU;REGIÃO OESTE;110;8
0.72557513789856;2024-03-31;18;24;27;31;851;38;0;18;25;667;38;0;38;1034;1;3;5;4;4;4;5;5;4;0;0;0;0;0;0;0;0;1;0;0;0;0;0;0;1;0;0;0;0;0;0;0;0;0;0;0;0;0;0;0;0;0;1;0;0;0;0;0;0;0;0;0;0;0;0;0;0;0;0;0;4;1;1;1;3;1;0;1;0;0;FOZ DO IGUAÇU;REGIÃO OESTE;111;8
0.307574330687475;2024-04-30;12;19;25;29;744;35;1;12;24;606;35;0;35;882;38;39;4;4;4;5;4;4;5;1;0;0;0;0;0;0;0;0;0;0;0;0;0;0;1;0;0;0;0;0;0;0;0;0;0;0;0;0;0;0;0;0;1;0;0;0;0;0;0;0;0;0;0;0;0;0;0;0;0;0;4;1;1;1;3;1;0;0;0;0;FOZ DO IGUAÇU;REGIÃO OESTE;112;3
0.22927485537468;2024-05-31;5;11;20;28;611;34;8;5;22;471;34;0;34;750;95;249;4;5;5;4;5;4;4;0;0;0;0;0;0;0;1;0;0;0;0;0;0;0;1;0;0;0;0;0;0;0;0;0;0;0;0;0;0;0;0;0;1;0;0;0;0;0;0;0;0;0;0;0;0;0;0;0;0;0;4;1;1;1;3;1;0;1;0;30;FOZ DO IGUAÇU;REGIÃO OESTE;113;2
0.199408045203821;2024-06-30;2;8;21;26;630;31;3;2;23;482;31;0;31;778;38;81;5;4;4;4;4;5;4;0;0;0;0;0;0;1;0;0;0;0;0;0;0;0;1;0;0;0;0;0;0;0;0;0;0;0;0;0;0;0;0;0;1;0;0;0;0;0;0;0;0;0;0;0;0;0;0;0;0;0;4;1;1;1;3;1;0;0;0;30;FOZ DO IGUAÇU;REGIÃO OESTE;114;2
0.298506659491457;2024-07-31;1;7;16;22;504;28;4;1;18;372;28;0;28;636;28;122;4;5;4;5;4;4;5;0;0;0;0;0;1;0;0;0;0;0;0;0;0;0;1;0;0;0;0;0;0;0;0;0;0;0;0;0;0;0;0;0;1;0;0;0;0;0;0;0;0;0;0;0;0;0;0;0;0;0;4;1;1;1;3;1;12;0;0;0;FOZ DO IGUAÇU;REGIÃO OESTE;115;3
0.286829005785013;2024-08-31;1;9;19;27;581;35;3;1;19;395;35;0;35;767;32;86;4;4;5;4;5;5;4;0;1;0;0;0;0;0;0;0;0;0;0;0;0;0;1;0;0;0;0;0;0;0;0;0;0;0;0;0;0;0;0;0;1;0;0;0;0;0;0;0;0;0;0;0;0;0;0;0;0;0;4;1;1;1;3;1;0;0;0;0;FOZ DO IGUAÇU;REGIÃO OESTE;116;2
0.339862774115431;2024-09-30;8;16;23;30;691;37;1;8;23;509;37;0;37;872;28;44;5;4;4;5;4;4;4;0;0;0;0;0;0;0;0;0;0;0;1;0;0;0;1;0;0;0;0;0;0;0;0;0;0;0;0;0;0;0;0;0;1;0;0;0;0;0;0;0;0;0;0;0;0;0;0;0;0;0;4;1;1;1;3;1;0;0;0;0;FOZ DO IGUAÇU;REGIÃO OESTE;117;3
0.454486748284676;2024-10-31;12;20;24;29;744;37;3;12;24;574;37;0;37;915;35;88;4;5;5;4;4;4;5;0;0;0;0;0;0;0;0;0;0;1;0;0;0;0;1;0;0;0;0;0;0;0;0;0;0;0;0;0;0;0;0;0;1;0;0;0;0;0;0;0;0;0;0;0;0;0;0;0;0;0;4;1;1;1;3;1;0;0;0;0;FOZ DO IGUAÇU;REGIÃO OESTE;118;5
0.084577758223556;2018-01-31;18;22;25;28;780;33;6;18;23;648;33;0;33;913;87;195;4;5;4;5;4;4;5;0;0;0;0;1;0;0;0;0;0;0;0;0;0;0;0;0;0;0;1;0;0;0;0;0;0;0;0;0;0;0;0;0;0;1;0;0;0;0;0;0;0;0;0;0;0;0;0;0;0;0;2;0;0;0;0;0;31;0;0;0;GOIOERÊ;REGIÃO OESTE;1;1
0.208286963948342;2018-02-28;17;22;25;26;692;32;3;17;22;550;32;0;32;835;22;91;4;4;4;4;4;4;4;0;0;0;1;0;0;0;0;0;0;0;0;0;0;0;0;0;0;0;1;0;0;0;0;0;0;0;0;0;0;0;0;0;0;1;0;0;0;0;0;0;0;0;0;0;0;0;0;0;0;0;2;0;0;0;0;0;0;3;0;0;GOIOERÊ;REGIÃO OESTE;2;2
0.404875902585471;2018-03-31;17;22;26;28;792;33;6;17;24;651;33;0;33;934;46;188;4;4;5;4;5;5;4;0;0;0;0;0;0;0;0;1;0;0;0;0;0;0;0;0;0;0;1;0;0;0;0;0;0;0;0;0;0;0;0;0;0;1;0;0;0;0;0;0;0;0;0;0;0;0;0;0;0;0;2;0;0;0;0;0;0;1;0;0;GOIOERÊ;REGIÃO OESTE;3;4
0.412329511633324;2018-04-30;17;22;24;26;725;31;0;17;22;563;31;0;31;887;11;11;5;4;4;5;4;4;4;1;0;0;0;0;0;0;0;0;0;0;0;0;0;0;0;0;0;0;1;0;0;0;0;0;0;0;0;0;0;0;0;0;0;1;0;0;0;0;0;0;0;0;0;0;0;0;0;0;0;0;2;0;0;0;0;0;0;0;0;0;GOIOERÊ;REGIÃO OESTE;4;4
0.362224695256088;2018-05-31;7;14;21;26;656;31;2;7;20;489;31;0;31;823;39;68;4;5;5;4;4;4;5;0;0;0;0;0;0;0;1;0;0;0;0;0;0;0;0;0;0;0;1;0;0;0;0;0;0;0;0;0;0;0;0;0;0;1;0;0;0;0;0;0;0;0;0;0;0;0;0;0;0;0;2;0;0;0;0;0;0;1;0;0;GOIOERÊ;REGIÃO OESTE;5;4
0.296488004347939;2018-06-30;5;12;18;23;545;27;3;5;19;409;27;0;27;681;30;80;4;4;4;4;5;5;4;0;0;0;0;0;0;1;0;0;0;0;0;0;0;0;0;0;0;0;1;0;0;0;0;0;0;0;0;0;0;0;0;0;0;1;0;0;0;0;0;0;0;0;0;0;0;0;0;0;0;0;2;0;0;0;0;0;0;0;0;0;GOIOERÊ;REGIÃO OESTE;6;3
0.229302000569373;2018-07-31;6;12;20;24;632;30;0;6;19;461;30;0;30;804;11;12;5;4;4;5;4;4;5;0;0;0;0;0;1;0;0;0;0;0;0;0;0;0;0;0;0;0;1;0;0;0;0;0;0;0;0;0;0;0;0;0;0;1;0;0;0;0;0;0;0;0;0;0;0;0;0;0;0;0;2;0;0;0;0;0;16;0;0;0;GOIOERÊ;REGIÃO OESTE;7;2
0.268640492766376;2018-08-31;4;8;18;26;552;31;7;4;20;394;31;0;31;711;124;217;4;5;5;4;5;4;4;0;1;0;0;0;0;0;0;0;0;0;0;0;0;0;0;0;0;0;1;0;0;0;0;0;0;0;0;0;0;0;0;0;0;1;0;0;0;0;0;0;0;0;0;0;0;0;0;0;0;0;2;0;0;0;0;0;0;0;0;0;GOIOERÊ;REGIÃO OESTE;8;2
0.350216102901214;2018-09-30;10;12;22;27;653;32;6;10;22;501;32;0;32;805;46;187;5;4;4;4;4;5;4;0;0;0;0;0;0;0;0;0;0;0;1;0;0;0;0;0;0;0;1;0;0;0;0;0;0;0;0;0;0;0;0;0;0;1;0;0;0;0;0;0;0;0;0;0;0;0;0;0;0;0;2;0;0;0;0;0;0;0;0;0;GOIOERÊ;REGIÃO OESTE;9;3
0.386138357617951;2018-10-31;14;20;23;26;715;30;7;14;22;588;30;0;30;842;51;206;4;5;4;5;4;4;5;0;0;0;0;0;0;0;0;0;0;1;0;0;0;0;0;0;0;0;1;0;0;0;0;0;0;0;0;0;0;0;0;0;0;1;0;0;0;0;0;0;0;0;0;0;0;0;0;0;0;0;2;0;0;0;0;0;0;0;0;0;GOIOERÊ;REGIÃO OESTE;10;4
0.377856569787003;2018-11-30;17;21;25;28;736;33;3;17;24;594;33;0;33;877;26;80;4;4;5;4;5;4;4;0;0;0;0;0;0;0;0;0;1;0;0;0;0;0;0;0;0;0;1;0;0;0;0;0;0;0;0;0;0;0;0;0;0;1;0;0;0;0;0;0;0;0;0;0;0;0;0;0;0;0;2;0;0;0;0;0;0;0;0;0;GOIOERÊ;REGIÃO OESTE;11;4
0.319677010274593;2018-12-31;16;22;26;30;818;37;2;16;24;646;37;0;37;991;10;47;5;4;4;5;4;5;4;0;0;1;0;0;0;0;0;0;0;0;0;0;0;0;0;0;0;0;1;0;0;0;0;0;0;0;0;0;0;0;0;0;0;1;0;0;0;0;0;0;0;0;0;0;0;0;0;0;0;0;2;0;0;0;0;0;0;0;0;0;GOIOERÊ;REGIÃO OESTE;12;3
0.275576490074795;2019-01-31;20;25;28;30;854;36;3;20;24;701;36;0;36;1006;27;96;4;5;5;4;4;4;5;0;0;0;0;1;0;0;0;0;0;0;0;0;0;0;0;0;0;0;0;1;0;0;0;0;0;0;0;0;0;0;0;0;0;1;0;0;0;0;0;0;0;0;0;0;0;0;0;0;0;0;2;0;0;0;0;0;31;0;0;0;GOIOERÊ;REGIÃO OESTE;13;2
0.455291286006367;2019-02-28;18;22;26;30;724;36;6;18;24;584;36;0;36;864;43;162;4;4;4;4;4;4;4;0;0;0;1;0;0;0;0;0;0;0;0;0;0;0;0;0;0;0;0;1;0;0;0;0;0;0;0;0;0;0;0;0;0;1;0;0;0;0;0;0;0;0;0;0;0;0;0;0;0;0;2;0;0;0;0;0;0;0;0;0;GOIOERÊ;REGIÃO OESTE;14;5
0.716685214420663;2019-03-31;16;22;25;27;764;33;3;16;22;616;33;0;33;912;26;103;5;4;4;4;5;5;4;0;0;0;0;0;0;0;0;1;0;0;0;0;0;0;0;0;0;0;0;1;0;0;0;0;0;0;0;0;0;0;0;0;0;1;0;0;0;0;0;0;0;0;0;0;0;0;0;0;0;0;2;0;0;0;0;0;0;3;0;0;GOIOERÊ;REGIÃO OESTE;15;8
0.653950671601232;2019-04-30;15;21;24;26;714;31;1;15;22;572;31;0;31;857;8;22;4;4;4;5;4;4;5;1;0;0;0;0;0;0;0;0;0;0;0;0;0;0;0;0;0;0;0;1;0;0;0;0;0;0;0;0;0;0;0;0;0;1;0;0;0;0;0;0;0;0;0;0;0;0;0;0;0;0;2;0;0;0;0;0;0;1;0;0;GOIOERÊ;REGIÃO OESTE;16;8
0.450218690959911;2019-05-31;10;14;21;26;656;31;7;10;21;532;31;0;31;780;74;228;4;5;5;4;5;4;4;0;0;0;0;0;0;0;1;0;0;0;0;0;0;0;0;0;0;0;0;1;0;0;0;0;0;0;0;0;0;0;0;0;0;1;0;0;0;0;0;0;0;0;0;0;0;0;0;0;0;0;2;0;0;0;0;0;0;0;0;0;GOIOERÊ;REGIÃO OESTE;17;5
0.303631046352131;2019-06-30;10;16;20;23;600;28;1;10;19;460;28;0;28;740;11;19;5;4;4;4;4;5;4;0;0;0;0;0;0;1;0;0;0;0;0;0;0;0;0;0;0;0;0;1;0;0;0;0;0;0;0;0;0;0;0;0;0;1;0;0;0;0;0;0;0;0;0;0;0;0;0;0;0;0;2;0;0;0;0;0;0;1;0;0;GOIOERÊ;REGIÃO OESTE;18;3
0.237480266052434;2019-07-31;-2;6;18;22;558;28;2;-2;18;380;28;0;28;737;47;55;4;5;4;5;4;4;5;0;0;0;0;0;1;0;0;0;0;0;0;0;0;0;0;0;0;0;0;1;0;0;0;0;0;0;0;0;0;0;0;0;0;1;0;0;0;0;0;0;0;0;0;0;0;0;0;0;0;0;2;0;0;0;0;0;16;0;0;0;GOIOERÊ;REGIÃO OESTE;19;2
0.315639638707006;2019-08-31;3;10;20;26;634;33;1;3;19;424;33;0;33;843;20;27;4;4;5;4;5;5;4;0;1;0;0;0;0;0;0;0;0;0;0;0;0;0;0;0;0;0;0;1;0;0;0;0;0;0;0;0;0;0;0;0;0;1;0;0;0;0;0;0;0;0;0;0;0;0;0;0;0;0;2;0;0;0;0;0;0;0;0;0;GOIOERÊ;REGIÃO OESTE;20;3
0.520096275783535;2019-09-30;10;17;24;30;730;38;1;10;23;547;38;0;38;914;29;41;5;4;4;5;4;4;4;0;0;0;0;0;0;0;0;0;0;0;1;0;0;0;0;0;0;0;0;1;0;0;0;0;0;0;0;0;0;0;0;0;0;1;0;0;0;0;0;0;0;0;0;0;0;0;0;0;0;0;2;0;0;0;0;0;0;0;0;0;GOIOERÊ;REGIÃO OESTE;21;6
0.676829110484226;2019-10-31;15;22;27;30;824;37;2;15;24;642;37;0;37;1006;24;58;4;5;5;4;4;4;5;0;0;0;0;0;0;0;0;0;0;1;0;0;0;0;0;0;0;0;0;1;0;0;0;0;0;0;0;0;0;0;0;0;0;1;0;0;0;0;0;0;0;0;0;0;0;0;0;0;0;0;2;0;0;0;0;0;0;0;0;0;GOIOERÊ;REGIÃO OESTE;22;8
0.659230311343461;2019-11-30;17;22;26;30;791;37;5;17;25;633;37;0;37;950;33;145;4;4;4;4;5;5;4;0;0;0;0;0;0;0;0;0;1;0;0;0;0;0;0;0;0;0;0;1;0;0;0;0;0;0;0;0;0;0;0;0;0;1;0;0;0;0;0;0;0;0;0;0;0;0;0;0;0;0;2;0;0;0;0;0;0;0;0;0;GOIOERÊ;REGIÃO OESTE;23;8
0.355185175599782;2019-12-31;14;21;24;28;759;35;10;14;22;593;35;0;35;924;74;311;5;4;4;5;4;4;5;0;0;1;0;0;0;0;0;0;0;0;0;0;0;0;0;0;0;0;0;1;0;0;0;0;0;0;0;0;0;0;0;0;0;1;0;0;0;0;0;0;0;0;0;0;0;0;0;0;0;0;2;0;0;0;0;0;0;0;0;0;GOIOERÊ;REGIÃO OESTE;24;3
0.311602267139419;2020-01-31;18;22;26;28;800;35;4;18;23;642;35;0;35;958;35;115;4;5;5;4;5;4;4;0;0;0;0;1;0;0;0;0;0;0;0;0;0;0;0;0;0;0;0;0;1;0;0;0;0;0;0;0;0;0;0;0;0;1;0;0;0;0;0;0;0;0;0;0;0;0;0;0;0;0;2;0;0;0;0;0;31;0;0;0;GOIOERÊ;REGIÃO OESTE;25;3
0.571546882683299;2020-02-29;16;23;26;30;760;36;4;16;24;595;36;0;36;924;54;130;4;4;4;4;4;5;4;0;0;0;1;0;0;0;0;0;0;0;0;0;0;0;0;0;0;0;0;0;1;0;0;0;0;0;0;0;0;0;0;0;0;1;0;0;0;0;0;0;0;0;0;0;0;0;0;0;0;0;2;0;0;0;0;0;0;3;0;0;GOIOERÊ;REGIÃO OESTE;26;7
0.562436916069256;2020-03-31;15;23;26;30;799;36;2;15;24;603;36;0;36;996;38;53;5;4;4;5;4;4;5;0;0;0;0;0;0;0;0;1;0;0;0;0;0;0;0;0;0;0;0;0;1;0;0;0;0;0;0;0;0;0;0;0;0;1;0;0;0;0;0;0;0;0;0;0;0;0;0;0;0;0;2;0;0;0;0;0;0;0;15;0;GOIOERÊ;REGIÃO OESTE;27;7
0.222883615000388;2020-04-30;8;15;22;27;659;34;2;8;20;458;34;0;34;860;38;53;4;5;5;4;4;4;4;1;0;0;0;0;0;0;0;0;0;0;0;0;0;0;0;0;0;0;0;0;1;0;0;0;0;0;0;0;0;0;0;0;0;1;0;0;0;0;0;0;0;0;0;0;0;0;0;0;0;0;2;0;0;0;0;0;0;1;30;0;GOIOERÊ;REGIÃO OESTE;28;2
0.097000439969978;2020-05-31;6;13;19;24;579;30;3;6;19;379;30;0;30;779;70;86;5;4;4;4;5;5;4;0;0;0;0;0;0;0;1;0;0;0;0;0;0;0;0;0;0;0;0;0;1;0;0;0;0;0;0;0;0;0;0;0;0;1;0;0;0;0;0;0;0;0;0;0;0;0;0;0;0;0;2;0;0;0;0;0;0;0;31;0;GOIOERÊ;REGIÃO OESTE;29;1
0.073811434043324;2020-06-30;8;12;21;25;618;30;5;8;21;479;30;0;30;757;37;153;4;4;4;5;4;4;5;0;0;0;0;0;0;1;0;0;0;0;0;0;0;0;0;0;0;0;0;0;1;0;0;0;0;0;0;0;0;0;0;0;0;1;0;0;0;0;0;0;0;0;0;0;0;0;0;0;0;0;2;0;0;0;0;0;0;1;30;0;GOIOERÊ;REGIÃO OESTE;30;0
0.087579906312275;2020-07-31;4;10;20;24;607;29;1;4;19;430;29;0;29;784;13;29;4;5;5;4;5;4;4;0;0;0;0;0;1;0;0;0;0;0;0;0;0;0;0;0;0;0;0;0;1;0;0;0;0;0;0;0;0;0;0;0;0;1;0;0;0;0;0;0;0;0;0;0;0;0;0;0;0;0;2;0;0;0;0;0;0;0;31;0;GOIOERÊ;REGIÃO OESTE;31;1
0.093066590750278;2020-08-31;4;10;20;24;615;32;6;4;18;442;32;0;32;789;66;184;5;4;4;5;4;5;4;0;1;0;0;0;0;0;0;0;0;0;0;0;0;0;0;0;0;0;0;0;1;0;0;0;0;0;0;0;0;0;0;0;0;1;0;0;0;0;0;0;0;0;0;0;0;0;0;0;0;0;2;0;0;0;0;0;0;0;31;0;GOIOERÊ;REGIÃO OESTE;32;1
0.188410673154067;2020-09-30;15;22;26;30;785;37;1;15;22;585;37;0;37;985;12;40;4;5;4;4;4;4;5;0;0;0;0;0;0;0;0;0;0;0;1;0;0;0;0;0;0;0;0;0;1;0;0;0;0;0;0;0;0;0;0;0;0;1;0;0;0;0;0;0;0;0;0;0;0;0;0;0;0;0;2;0;0;0;0;0;0;0;30;0;GOIOERÊ;REGIÃO OESTE;33;1
0.192551567069541;2020-10-31;16;22;26;32;812;39;2;16;25;629;39;0;39;995;22;71;4;4;5;4;5;5;4;0;0;0;0;0;0;0;0;0;0;1;0;0;0;0;0;0;0;0;0;0;1;0;0;0;0;0;0;0;0;0;0;0;0;1;0;0;0;0;0;0;0;0;0;0;0;0;0;0;0;0;2;0;0;0;0;0;0;0;31;0;GOIOERÊ;REGIÃO OESTE;34;1
0.163565309661223;2020-11-30;15;21;25;30;764;36;1;15;24;578;36;0;36;950;16;38;5;4;4;5;4;4;4;0;0;0;0;0;0;0;0;0;1;0;0;0;0;0;0;0;0;0;0;0;1;0;0;0;0;0;0;0;0;0;0;0;0;1;0;0;0;0;0;0;0;0;0;0;0;0;0;0;0;0;2;0;0;0;0;0;0;0;30;0;GOIOERÊ;REGIÃO OESTE;35;1
0.089857397965786;2020-12-31;17;22;26;28;794;34;7;17;23;636;34;0;34;952;86;227;4;5;5;4;4;4;5;0;0;1;0;0;0;0;0;0;0;0;0;0;0;0;0;0;0;0;0;0;1;0;0;0;0;0;0;0;0;0;0;0;0;1;0;0;0;0;0;0;0;0;0;0;0;0;0;0;0;0;2;0;0;0;0;0;0;0;31;0;GOIOERÊ;REGIÃO OESTE;36;1
0.093066590750278;2021-01-31;19;22;25;28;771;33;7;19;23;645;33;0;33;897;32;214;5;4;4;4;5;5;4;0;0;0;0;1;0;0;0;0;0;0;0;1;0;0;0;0;0;0;0;0;0;0;0;0;0;0;0;0;0;0;0;0;0;1;0;0;0;0;0;0;0;0;0;0;0;0;0;0;0;0;2;0;0;0;0;0;0;0;31;0;GOIOERÊ;REGIÃO OESTE;37;1
0.058800693599731;2021-02-28;14;20;24;27;665;33;3;14;22;513;33;0;33;817;24;78;4;4;4;4;4;4;4;0;0;0;1;0;0;0;0;0;0;0;0;1;0;0;0;0;0;0;0;0;0;0;0;0;0;0;0;0;0;0;0;0;0;1;0;0;0;0;0;0;0;0;0;0;0;0;0;0;0;0;2;0;0;0;0;0;0;3;28;0;GOIOERÊ;REGIÃO OESTE;38;0
0.128367711379694;2021-03-31;14;20;25;28;766;33;3;14;22;608;33;0;33;925;43;93;4;5;4;5;4;4;5;0;0;0;0;0;0;0;0;1;0;0;0;1;0;0;0;0;0;0;0;0;0;0;0;0;0;0;0;0;0;0;0;0;0;1;0;0;0;0;0;0;0;0;0;0;0;0;0;0;0;0;2;0;0;0;0;0;0;0;31;0;GOIOERÊ;REGIÃO OESTE;39;1
0.061078185253241;2021-04-30;10;19;23;26;694;33;0;10;20;497;33;0;33;891;2;3;4;4;5;4;5;4;4;1;0;0;0;0;0;0;0;0;0;0;0;1;0;0;0;0;0;0;0;0;0;0;0;0;0;0;0;0;0;0;0;0;0;1;0;0;0;0;0;0;0;0;0;0;0;0;0;0;0;0;2;0;0;0;0;0;0;1;30;0;GOIOERÊ;REGIÃO OESTE;40;0
0.044928698982893;2021-05-31;7;14;22;26;667;33;1;7;20;470;33;0;33;864;9;42;5;4;4;5;4;5;4;0;0;0;0;0;0;0;1;0;0;0;0;1;0;0;0;0;0;0;0;0;0;0;0;0;0;0;0;0;0;0;0;0;0;1;0;0;0;0;0;0;0;0;0;0;0;0;0;0;0;0;2;0;0;0;0;0;0;0;31;0;GOIOERÊ;REGIÃO OESTE;41;0
0.005176117394342;2021-06-30;1;8;18;24;546;30;3;1;18;400;30;0;30;691;35;77;4;5;4;4;4;4;5;0;0;0;0;0;0;1;0;0;0;0;0;1;0;0;0;0;0;0;0;0;0;0;0;0;0;0;0;0;0;0;0;0;0;1;0;0;0;0;0;0;0;0;0;0;0;0;0;0;0;0;2;0;0;0;0;0;0;1;30;0;GOIOERÊ;REGIÃO OESTE;42;0
0.0;2021-07-31;0;8;17;23;521;30;2;0;16;318;30;0;30;724;58;71;4;4;5;4;5;5;4;0;0;0;0;0;1;0;0;0;0;0;0;1;0;0;0;0;0;0;0;0;0;0;0;0;0;0;0;0;0;0;0;0;0;1;0;0;0;0;0;0;0;0;0;0;0;0;0;0;0;0;2;0;0;0;0;0;0;0;31;0;GOIOERÊ;REGIÃO OESTE;43;0
0.060974662905355;2021-08-31;9;16;22;30;698;37;2;9;22;500;37;0;37;895;16;54;5;4;4;5;4;4;5;0;1;0;0;0;0;0;0;0;0;0;0;1;0;0;0;0;0;0;0;0;0;0;0;0;0;0;0;0;0;0;0;0;0;1;0;0;0;0;0;0;0;0;0;0;0;0;0;0;0;0;2;0;0;0;0;0;0;0;31;0;GOIOERÊ;REGIÃO OESTE;44;0
0.092134889619297;2021-09-30;13;21;27;32;816;41;0;13;24;593;41;0;41;1040;5;14;4;5;5;4;4;4;4;0;0;0;0;0;0;0;0;0;0;0;1;1;0;0;0;0;0;0;0;0;0;0;0;0;0;0;0;0;0;0;0;0;0;1;0;0;0;0;0;0;0;0;0;0;0;0;0;0;0;0;2;0;0;0;0;0;0;0;30;0;GOIOERÊ;REGIÃO OESTE;45;1
0.128367711379694;2021-10-31;14;20;23;26;709;33;30;14;21;570;33;0;33;848;186;920;5;4;4;4;5;5;4;0;0;0;0;0;0;0;0;0;0;1;0;1;0;0;0;0;0;0;0;0;0;0;0;0;0;0;0;0;0;0;0;0;0;1;0;0;0;0;0;0;0;0;0;0;0;0;0;0;0;0;2;0;0;0;0;0;0;0;0;0;GOIOERÊ;REGIÃO OESTE;46;1
0.356116876730764;2021-11-30;14;22;26;30;771;36;2;14;24;586;36;0;36;956;14;46;4;4;4;5;4;4;5;0;0;0;0;0;0;0;0;0;1;0;0;1;0;0;0;0;0;0;0;0;0;0;0;0;0;0;0;0;0;0;0;0;0;1;0;0;0;0;0;0;0;0;0;0;0;0;0;0;0;0;2;0;0;0;0;0;0;0;0;0;GOIOERÊ;REGIÃO OESTE;47;3
0.49100649602733;2021-12-31;15;23;27;30;846;38;1;15;24;639;38;0;38;1052;15;18;4;5;5;4;5;4;4;0;0;1;0;0;0;0;0;0;0;0;0;1;0;0;0;0;0;0;0;0;0;0;0;0;0;0;0;0;0;0;0;0;0;1;0;0;0;0;0;0;0;0;0;0;0;0;0;0;0;0;2;0;0;0;0;0;0;0;0;0;GOIOERÊ;REGIÃO OESTE;48;6
0.622583400191516;2022-01-31;17;23;27;30;836;38;3;17;23;655;38;0;38;1016;32;105;5;4;4;5;4;5;4;0;0;0;0;1;0;0;0;0;0;0;0;0;1;0;0;0;0;0;0;0;0;0;0;0;0;0;0;0;0;0;0;0;0;1;0;0;0;0;0;0;0;0;0;0;0;0;0;0;0;0;2;0;0;0;0;0;31;0;0;0;GOIOERÊ;REGIÃO OESTE;49;7
0.600843707135278;2022-02-28;16;23;28;33;785;36;1;16;30;644;36;0;36;925;14;30;4;4;4;4;4;4;4;0;0;0;1;0;0;0;0;0;0;0;0;0;1;0;0;0;0;0;0;0;0;0;0;0;0;0;0;0;0;0;0;0;0;1;0;0;0;0;0;0;0;0;0;0;0;0;0;0;0;0;2;0;0;0;0;0;0;1;0;0;GOIOERÊ;REGIÃO OESTE;50;7
0.49100649602733;2022-03-31;15;19;25;29;776;35;7;15;25;618;35;0;35;934;52;220;4;5;5;4;4;4;5;0;0;0;0;0;0;0;0;1;0;0;0;0;1;0;0;0;0;0;0;0;0;0;0;0;0;0;0;0;0;0;0;0;0;1;0;0;0;0;0;0;0;0;0;0;0;0;0;0;0;0;2;0;0;0;0;0;0;1;0;0;GOIOERÊ;REGIÃO OESTE;51;6
0.539351432490489;2022-04-30;11;17;23;27;682;32;6;11;22;534;32;0;32;831;71;187;4;4;4;4;5;5;4;1;0;0;0;0;0;0;0;0;0;0;0;0;1;0;0;0;0;0;0;0;0;0;0;0;0;0;0;0;0;0;0;0;0;1;0;0;0;0;0;0;0;0;0;0;0;0;0;0;0;0;2;0;0;0;0;0;0;1;0;0;GOIOERÊ;REGIÃO OESTE;52;6
0.452496182613422;2022-05-31;4;10;18;25;564;31;3;4;20;408;31;0;31;720;30;81;5;4;4;5;4;4;5;0;0;0;0;0;0;0;1;0;0;0;0;0;1;0;0;0;0;0;0;0;0;0;0;0;0;0;0;0;0;0;0;0;0;1;0;0;0;0;0;0;0;0;0;0;0;0;0;0;0;0;2;0;0;0;0;0;0;0;0;0;GOIOERÊ;REGIÃO OESTE;53;5
0.405807603716452;2022-06-30;3;10;18;24;529;29;5;3;19;379;29;0;29;679;49;139;4;5;5;4;4;4;4;0;0;0;0;0;0;1;0;0;0;0;0;0;1;0;0;0;0;0;0;0;0;0;0;0;0;0;0;0;0;0;0;0;0;1;0;0;0;0;0;0;0;0;0;0;0;0;0;0;0;0;2;0;0;0;0;0;0;1;0;0;GOIOERÊ;REGIÃO OESTE;54;4
0.407567483630529;2022-07-31;4;14;21;24;664;31;1;4;20;482;31;0;31;846;17;27;5;4;4;4;5;5;4;0;0;0;0;0;1;0;0;0;0;0;0;0;1;0;0;0;0;0;0;0;0;0;0;0;0;0;0;0;0;0;0;0;0;1;0;0;0;0;0;0;0;0;0;0;0;0;0;0;0;0;2;0;0;0;0;0;0;0;0;0;GOIOERÊ;REGIÃO OESTE;55;4
0.439659411475452;2022-08-31;2;9;19;26;589;32;4;2;20;399;32;0;32;780;52;136;4;5;4;5;4;4;5;0;1;0;0;0;0;0;0;0;0;0;0;0;1;0;0;0;0;0;0;0;0;0;0;0;0;0;0;0;0;0;0;0;0;1;0;0;0;0;0;0;0;0;0;0;0;0;0;0;0;0;2;0;0;0;0;0;0;0;0;0;GOIOERÊ;REGIÃO OESTE;56;5
0.390279251533425;2022-09-30;7;14;19;27;581;34;9;7;20;445;34;0;34;717;66;283;4;4;5;4;5;4;4;0;0;0;0;0;0;0;0;0;0;0;1;0;1;0;0;0;0;0;0;0;0;0;0;0;0;0;0;0;0;0;0;0;0;1;0;0;0;0;0;0;0;0;0;0;0;0;0;0;0;0;2;0;0;0;0;0;0;0;0;0;GOIOERÊ;REGIÃO OESTE;57;4
0.510261652734284;2022-10-31;11;18;22;27;697;34;7;11;20;519;34;0;34;875;38;224;5;4;4;5;4;5;4;0;0;0;0;0;0;0;0;0;0;1;0;0;1;0;0;0;0;0;0;0;0;0;0;0;0;0;0;0;0;0;0;0;0;1;0;0;0;0;0;0;0;0;0;0;0;0;0;0;0;0;2;0;0;0;0;0;0;0;0;0;GOIOERÊ;REGIÃO OESTE;58;6
0.567302466419938;2022-11-30;9;14;22;26;665;33;2;9;20;470;33;0;33;860;45;64;4;5;4;4;4;4;5;0;0;0;0;0;0;0;0;0;1;0;0;0;1;0;0;0;0;0;0;0;0;0;0;0;0;0;0;0;0;0;0;0;0;1;0;0;0;0;0;0;0;0;0;0;0;0;0;0;0;0;2;0;0;0;0;0;0;0;0;0;GOIOERÊ;REGIÃO OESTE;59;7
0.609746629053547;2022-12-31;16;23;25;29;786;34;4;16;23;613;34;0;34;960;42;138;4;4;5;4;5;5;4;0;0;1;0;0;0;0;0;0;0;0;0;0;1;0;0;0;0;0;0;0;0;0;0;0;0;0;0;0;0;0;0;0;0;1;0;0;0;0;0;0;0;0;0;0;0;0;0;0;0;0;2;0;0;0;0;0;0;0;0;0;GOIOERÊ;REGIÃO OESTE;60;7
0.330546856802712;2023-01-31;14;21;25;29;769;34;8;14;23;606;34;0;34;933;44;241;5;4;4;5;4;4;5;0;0;0;0;1;0;0;0;0;0;0;0;0;0;1;0;0;0;0;0;0;0;0;0;0;0;0;0;0;0;0;0;0;0;1;0;0;0;0;0;0;0;0;0;0;0;0;0;0;0;0;2;0;0;0;0;0;31;0;0;0;GOIOERÊ;REGIÃO OESTE;61;3
0.487797303242838;2023-02-28;15;20;24;27;678;34;10;15;22;536;34;0;34;822;48;274;4;4;4;4;4;4;4;0;0;0;1;0;0;0;0;0;0;0;0;0;0;1;0;0;0;0;0;0;0;0;0;0;0;0;0;0;0;0;0;0;0;1;0;0;0;0;0;0;0;0;0;0;0;0;0;0;0;0;2;0;0;0;0;0;0;3;0;0;GOIOERÊ;REGIÃO OESTE;62;6
0.892155594088874;2023-03-31;18;24;26;28;802;35;4;18;22;624;35;0;35;979;24;132;4;5;5;4;5;4;4;0;0;0;0;0;0;0;0;1;0;0;0;0;0;1;0;0;0;0;0;0;0;0;0;0;0;0;0;0;0;0;0;0;0;1;0;0;0;0;0;0;0;0;0;0;0;0;0;0;0;0;2;0;0;0;0;0;0;0;0;0;GOIOERÊ;REGIÃO OESTE;63;9
0.505189057687828;2023-04-30;12;17;23;26;680;33;5;12;20;523;33;0;33;836;57;150;5;4;4;4;4;5;4;1;0;0;0;0;0;0;0;0;0;0;0;0;0;1;0;0;0;0;0;0;0;0;0;0;0;0;0;0;0;0;0;0;0;1;0;0;0;0;0;0;0;0;0;0;0;0;0;0;0;0;2;0;0;0;0;0;0;1;0;0;GOIOERÊ;REGIÃO OESTE;64;6
0.442868604259944;2023-05-31;7;15;20;25;633;30;2;7;20;459;30;0;30;808;28;58;4;5;4;5;4;4;5;0;0;0;0;0;0;0;1;0;0;0;0;0;0;1;0;0;0;0;0;0;0;0;0;0;0;0;0;0;0;0;0;0;0;1;0;0;0;0;0;0;0;0;0;0;0;0;0;0;0;0;2;0;0;0;0;0;0;0;0;0;GOIOERÊ;REGIÃO OESTE;65;5
0.399596262843241;2023-06-30;5;10;18;23;551;29;3;5;18;399;29;0;29;702;41;78;4;4;5;4;5;4;4;0;0;0;0;0;0;1;0;0;0;0;0;0;0;1;0;0;0;0;0;0;0;0;0;0;0;0;0;0;0;0;0;0;0;1;0;0;0;0;0;0;0;0;0;0;0;0;0;0;0;0;2;0;0;0;0;0;0;1;0;0;GOIOERÊ;REGIÃO OESTE;66;4
0.292036543388804;2023-07-31;6;12;20;25;618;30;2;6;21;468;30;0;30;767;17;49;5;4;4;5;4;5;4;0;0;0;0;0;1;0;0;0;0;0;0;0;0;1;0;0;0;0;0;0;0;0;0;0;0;0;0;0;0;0;0;0;0;1;0;0;0;0;0;0;0;0;0;0;0;0;0;0;0;0;2;0;0;0;0;0;15;0;0;0;GOIOERÊ;REGIÃO OESTE;67;3
0.680348870312378;2023-08-31;10;16;22;28;677;34;3;10;22;488;34;0;34;866;25;86;4;5;5;4;4;4;5;0;1;0;0;0;0;0;0;0;0;0;0;0;0;1;0;0;0;0;0;0;0;0;0;0;0;0;0;0;0;0;0;0;0;1;0;0;0;0;0;0;0;0;0;0;0;0;0;0;0;0;2;0;0;0;0;0;0;0;0;0;GOIOERÊ;REGIÃO OESTE;68;8
0.890292191826911;2023-09-30;7;16;25;31;740;38;4;7;25;556;38;0;38;925;34;108;4;4;4;4;5;5;4;0;0;0;0;0;0;0;0;0;0;0;1;0;0;1;0;0;0;0;0;0;0;0;0;0;0;0;0;0;0;0;0;0;0;1;0;0;0;0;0;0;0;0;0;0;0;0;0;0;0;0;2;0;0;0;0;0;0;0;0;0;GOIOERÊ;REGIÃO OESTE;69;9
0.904992365226843;2023-10-31;14;20;25;30;781;36;11;14;24;605;36;0;36;956;90;336;5;4;4;5;4;4;5;0;0;0;0;0;0;0;0;0;0;1;0;0;0;1;0;0;0;0;0;0;0;0;0;0;0;0;0;0;0;0;0;0;0;1;0;0;0;0;0;0;0;0;0;0;0;0;0;0;0;0;2;0;0;0;0;0;0;0;0;0;GOIOERÊ;REGIÃO OESTE;70;9
0.818861771784984;2023-11-30;10;16;25;33;764;39;5;10;27;615;39;0;39;913;38;151;4;5;5;4;4;4;4;0;0;0;0;0;0;0;0;0;1;0;0;0;0;1;0;0;0;0;0;0;0;0;0;0;0;0;0;0;0;0;0;0;0;1;0;0;0;0;0;0;0;0;0;0;0;0;0;0;0;0;2;0;0;0;0;0;0;0;0;0;GOIOERÊ;REGIÃO OESTE;71;9
0.70923160537281;2023-12-31;16;23;27;30;823;38;4;16;24;644;38;0;38;1002;47;123;5;4;4;4;5;5;4;0;0;1;0;0;0;0;0;0;0;0;0;0;0;1;0;0;0;0;0;0;0;0;0;0;0;0;0;0;0;0;0;0;0;1;0;0;0;0;0;0;0;0;0;0;0;0;0;0;0;0;2;0;0;0;0;0;0;0;0;0;GOIOERÊ;REGIÃO OESTE;72;8
0.375475555785605;2024-01-31;14;21;27;31;833;38;2;14;25;645;38;0;38;1021;19;64;4;5;4;5;4;4;5;0;0;0;0;1;0;0;0;0;0;0;0;0;0;0;1;0;0;0;0;0;0;0;0;0;0;0;0;0;0;0;0;0;0;1;0;0;0;0;0;0;0;0;0;0;0;0;0;0;0;0;2;0;0;0;0;0;31;0;0;0;GOIOERÊ;REGIÃO OESTE;73;4
0.8919485493931;2024-02-29;18;25;28;30;799;36;5;18;25;626;36;0;36;972;35;158;4;4;5;4;4;4;4;0;0;0;1;0;0;0;0;0;0;0;0;0;0;0;1;0;0;0;0;0;0;0;0;0;0;0;0;0;0;0;0;0;0;1;0;0;0;0;0;0;0;0;0;0;0;0;0;0;0;0;2;0;0;0;0;0;0;3;0;0;GOIOERÊ;REGIÃO OESTE;74;9
1.0;2024-03-31;17;23;27;30;848;39;2;17;24;658;39;0;39;1037;25;49;5;4;4;4;5;5;4;0;0;0;0;0;0;0;0;1;0;0;0;0;0;0;1;0;0;0;0;0;0;0;0;0;0;0;0;0;0;0;0;0;0;1;0;0;0;0;0;0;0;0;0;0;0;0;0;0;0;0;2;0;0;0;0;0;0;1;0;0;GOIOERÊ;REGIÃO OESTE;75;9
0.98035663448847;2024-04-30;13;19;26;29;766;36;2;13;24;607;36;0;36;926;26;50;4;4;4;5;4;4;5;1;0;0;0;0;0;0;0;0;0;0;0;0;0;0;1;0;0;0;0;0;0;0;0;0;0;0;0;0;0;0;0;0;0;1;0;0;0;0;0;0;0;0;0;0;0;0;0;0;0;0;2;0;0;0;0;0;0;0;0;0;GOIOERÊ;REGIÃO OESTE;76;9
0.282408965035327;2024-05-31;6;12;22;29;692;35;2;6;23;531;35;0;35;852;35;63;4;5;5;4;5;4;4;0;0;0;0;0;0;0;1;0;0;0;0;0;0;0;1;0;0;0;0;0;0;0;0;0;0;0;0;0;0;0;0;0;0;1;0;0;0;0;0;0;0;0;0;0;0;0;0;0;0;0;2;0;0;0;0;0;0;1;0;30;GOIOERÊ;REGIÃO OESTE;77;2
0.045549833070214;2024-06-30;12;19;23;26;700;32;1;12;22;537;32;0;32;863;3;16;5;4;4;4;4;5;4;0;0;0;0;0;0;1;0;0;0;0;0;0;0;0;1;0;0;0;0;0;0;0;0;0;0;0;0;0;0;0;0;0;0;1;0;0;0;0;0;0;0;0;0;0;0;0;0;0;0;0;2;0;0;0;0;0;0;0;0;30;GOIOERÊ;REGIÃO OESTE;78;0
0.269572193897358;2024-07-31;14;19;19;19;600;25;1;14;14;423;25;1;25;777;1;40;4;5;4;5;4;4;5;0;0;0;0;0;1;0;0;0;0;0;0;0;0;0;1;0;0;0;0;0;0;0;0;0;0;0;0;0;0;0;0;0;0;1;0;0;0;0;0;0;0;0;0;0;0;0;0;0;0;0;2;0;0;0;0;0;12;0;0;0;GOIOERÊ;REGIÃO OESTE;79;2
0.256735422759388;2024-08-31;14;20;20;20;628;26;4;14;14;441;26;4;26;814;4;117;4;4;5;4;5;5;4;0;1;0;0;0;0;0;0;0;0;0;0;0;0;0;1;0;0;0;0;0;0;0;0;0;0;0;0;0;0;0;0;0;0;1;0;0;0;0;0;0;0;0;0;0;0;0;0;0;0;0;2;0;0;0;0;0;0;0;0;0;GOIOERÊ;REGIÃO OESTE;80;2
0.467921012448562;2024-09-30;18;24;24;24;718;30;4;18;18;538;30;4;30;898;4;112;5;4;4;5;4;4;4;0;0;0;0;0;0;0;0;0;0;0;1;0;0;0;1;0;0;0;0;0;0;0;0;0;0;0;0;0;0;0;0;0;0;1;0;0;0;0;0;0;0;0;0;0;0;0;0;0;0;0;2;0;0;0;0;0;0;0;0;0;GOIOERÊ;REGIÃO OESTE;81;5
0.529516809441238;2024-10-31;19;24;24;24;756;30;10;19;19;592;30;10;30;920;10;302;4;5;5;4;4;4;5;0;0;0;0;0;0;0;0;0;0;1;0;0;0;0;1;0;0;0;0;0;0;0;0;0;0;0;0;0;0;0;0;0;0;1;0;0;0;0;0;0;0;0;0;0;0;0;0;0;0;0;2;0;0;0;0;0;0;0;0;0;GOIOERÊ;REGIÃO OESTE;82;6
0.023227276711368;2015-02-28;13;19;22;24;621;30;6;13;20;483;30;0;30;759;22;160;4;4;4;4;4;4;4;0;0;0;1;0;0;0;0;0;0;0;0;0;0;0;0;1;0;0;0;0;0;0;0;0;0;0;0;0;0;0;0;0;0;0;1;0;0;0;0;0;0;0;0;0;0;0;0;0;0;0;2;2;0;0;1;0;0;3;0;0;IRATI;REGIÃO CENTRAL;1;0
0.126742045753353;2015-03-31;12;19;21;24;663;29;2;12;19;500;29;0;29;825;16;60;5;4;4;5;4;4;5;0;0;0;0;0;0;0;0;1;0;0;0;0;0;0;0;1;0;0;0;0;0;0;0;0;0;0;0;0;0;0;0;0;0;0;1;0;0;0;0;0;0;0;0;0;0;0;0;0;0;0;2;2;0;0;1;0;0;0;0;0;IRATI;REGIÃO CENTRAL;2;1
0.086422999386449;2015-04-30;9;15;19;23;563;28;2;9;19;409;28;0;28;717;39;55;4;5;5;4;4;4;4;1;0;0;0;0;0;0;0;0;0;0;0;0;0;0;0;1;0;0;0;0;0;0;0;0;0;0;0;0;0;0;0;0;0;0;1;0;0;0;0;0;0;0;0;0;0;0;0;0;0;0;2;2;0;0;1;0;0;1;0;0;IRATI;REGIÃO CENTRAL;3;1
0.10000876501008;2015-05-31;5;9;16;22;493;25;6;5;18;362;25;0;25;623;63;174;5;4;4;4;5;5;4;0;0;0;0;0;0;0;1;0;0;0;0;0;0;0;0;1;0;0;0;0;0;0;0;0;0;0;0;0;0;0;0;0;0;0;1;0;0;0;0;0;0;0;0;0;0;0;0;0;0;0;2;2;0;0;1;0;0;0;0;0;IRATI;REGIÃO CENTRAL;4;1
0.088526601805592;2015-06-30;-1;7;14;19;432;25;1;-1;15;276;25;0;25;588;21;32;4;4;4;5;4;4;5;0;0;0;0;0;0;1;0;0;0;0;0;0;0;0;0;1;0;0;0;0;0;0;0;0;0;0;0;0;0;0;0;0;0;0;1;0;0;0;0;0;0;0;0;0;0;0;0;0;0;0;2;2;0;0;1;0;0;1;0;0;IRATI;REGIÃO CENTRAL;5;1
0.049697607152248;2015-07-31;2;8;14;20;447;25;17;2;16;309;25;0;25;586;104;533;4;5;5;4;5;4;4;0;0;0;0;0;1;0;0;0;0;0;0;0;0;0;0;1;0;0;0;0;0;0;0;0;0;0;0;0;0;0;0;0;0;0;1;0;0;0;0;0;0;0;0;0;0;0;0;0;0;0;2;2;0;0;1;0;15;0;0;3;IRATI;REGIÃO CENTRAL;6;0
0.0;2015-08-31;6;12;17;19;530;30;3;6;14;320;30;0;30;741;52;95;5;4;4;5;4;5;4;0;1;0;0;0;0;0;0;0;0;0;0;0;0;0;0;1;0;0;0;0;0;0;0;0;0;0;0;0;0;0;0;0;0;0;1;0;0;0;0;0;0;0;0;0;0;0;0;0;0;0;2;2;0;0;1;0;0;0;0;31;IRATI;REGIÃO CENTRAL;7;0
0.002980103427119;2015-09-30;1;10;19;25;557;33;6;1;18;382;33;0;33;731;54;168;4;5;4;4;4;4;5;0;0;0;0;0;0;0;0;0;0;0;1;0;0;0;0;1;0;0;0;0;0;0;0;0;0;0;0;0;0;0;0;0;0;0;1;0;0;0;0;0;0;0;0;0;0;0;0;0;0;0;2;2;0;0;1;0;0;0;0;30;IRATI;REGIÃO CENTRAL;8;0
0.103339468840389;2015-10-31;11;14;20;25;623;31;7;11;22;481;31;0;31;764;41;208;4;4;5;4;5;5;4;0;0;0;0;0;0;0;0;0;0;1;0;0;0;0;0;1;0;0;0;0;0;0;0;0;0;0;0;0;0;0;0;0;0;0;1;0;0;0;0;0;0;0;0;0;0;0;0;0;0;0;2;2;0;0;1;0;0;0;0;7;IRATI;REGIÃO CENTRAL;9;1
0.129985099482864;2015-11-30;11;16;20;25;609;31;9;11;18;482;31;0;31;736;87;282;5;4;4;5;4;4;4;0;0;0;0;0;0;0;0;0;1;0;0;0;0;0;0;1;0;0;0;0;0;0;0;0;0;0;0;0;0;0;0;0;0;0;1;0;0;0;0;0;0;0;0;0;0;0;0;0;0;0;2;2;0;0;1;0;0;0;0;0;IRATI;REGIÃO CENTRAL;10;1
0.102550617933211;2015-12-31;14;18;23;26;704;31;6;14;20;563;31;0;31;844;46;176;4;5;5;4;4;4;5;0;0;1;0;0;0;0;0;0;0;0;0;0;0;0;0;1;0;0;0;0;0;0;0;0;0;0;0;0;0;0;0;0;0;0;1;0;0;0;0;0;0;0;0;0;0;0;0;0;0;0;2;2;0;0;1;0;0;0;0;0;IRATI;REGIÃO CENTRAL;11;1
0.089227802611973;2016-01-31;12;19;22;25;687;31;3;12;21;527;31;0;31;846;16;91;5;4;4;4;5;5;4;0;0;0;0;1;0;0;0;0;0;0;0;0;0;0;0;0;1;0;0;0;0;0;0;0;0;0;0;0;0;0;0;0;0;0;1;0;0;0;0;0;0;0;0;0;0;0;0;0;0;0;2;1;0;0;1;0;31;0;0;0;IRATI;REGIÃO CENTRAL;12;1
0.222193005521956;2016-02-29;15;21;23;26;677;31;5;15;21;544;31;0;31;809;21;141;4;4;4;5;4;4;4;0;0;0;1;0;0;0;0;0;0;0;0;0;0;0;0;0;1;0;0;0;0;0;0;0;0;0;0;0;0;0;0;0;0;0;1;0;0;0;0;0;0;0;0;0;0;0;0;0;0;0;2;1;0;0;1;0;0;3;0;0;IRATI;REGIÃO CENTRAL;13;2
0.414935577175914;2016-03-31;10;18;21;24;654;30;7;10;19;487;30;0;30;821;97;212;4;5;5;4;4;4;5;0;0;0;0;0;0;0;0;1;0;0;0;0;0;0;0;0;1;0;0;0;0;0;0;0;0;0;0;0;0;0;0;0;0;0;1;0;0;0;0;0;0;0;0;0;0;0;0;0;0;0;2;1;0;0;1;0;0;1;0;0;IRATI;REGIÃO CENTRAL;14;4
0.447103164168639;2016-04-30;0;8;21;25;631;32;3;0;19;450;32;0;32;813;74;95;4;4;4;4;5;5;4;1;0;0;0;0;0;0;0;0;0;0;0;0;0;0;0;0;1;0;0;0;0;0;0;0;0;0;0;0;0;0;0;0;0;0;1;0;0;0;0;0;0;0;0;0;0;0;0;0;0;0;2;1;0;0;1;0;0;0;0;0;IRATI;REGIÃO CENTRAL;15;5
0.491629415373828;2016-05-31;1;10;15;19;461;24;5;1;16;331;24;0;24;591;50;160;5;4;4;5;4;4;5;0;0;0;0;0;0;0;1;0;0;0;0;0;0;0;0;0;1;0;0;0;0;0;0;0;0;0;0;0;0;0;0;0;0;0;1;0;0;0;0;0;0;0;0;0;0;0;0;0;0;0;2;1;0;0;1;0;0;1;0;0;IRATI;REGIÃO CENTRAL;16;6
0.487071610132352;2016-06-30;-4;5;11;16;341;24;2;-4;13;180;24;0;24;501;23;62;4;5;5;4;4;4;4;0;0;0;0;0;0;1;0;0;0;0;0;0;0;0;0;0;1;0;0;0;0;0;0;0;0;0;0;0;0;0;0;0;0;0;1;0;0;0;0;0;0;0;0;0;0;0;0;0;0;0;2;1;0;0;1;0;0;0;0;0;IRATI;REGIÃO CENTRAL;17;6
0.458059426768341;2016-07-31;-2;6;14;20;428;26;3;-2;15;228;26;0;26;627;46;99;5;4;4;4;5;5;4;0;0;0;0;0;1;0;0;0;0;0;0;0;0;0;0;0;1;0;0;0;0;0;0;0;0;0;0;0;0;0;0;0;0;0;1;0;0;0;0;0;0;0;0;0;0;0;0;0;0;0;2;1;0;0;1;0;14;0;0;0;IRATI;REGIÃO CENTRAL;18;5
0.414584976772723;2016-08-31;0;8;15;19;457;28;11;0;16;276;28;0;28;637;65;350;4;5;4;5;4;4;5;0;1;0;0;0;0;0;0;0;0;0;0;0;0;0;0;0;1;0;0;0;0;0;0;0;0;0;0;0;0;0;0;0;0;0;1;0;0;0;0;0;0;0;0;0;0;0;0;0;0;0;2;1;0;0;1;0;0;0;0;0;IRATI;REGIÃO CENTRAL;19;4
0.428696643001139;2016-09-30;2;11;16;22;477;29;3;2;17;276;29;0;29;679;57;98;4;4;5;4;5;4;4;0;0;0;0;0;0;0;0;0;0;0;1;0;0;0;0;0;1;0;0;0;0;0;0;0;0;0;0;0;0;0;0;0;0;0;1;0;0;0;0;0;0;0;0;0;0;0;0;0;0;0;2;1;0;0;1;0;0;0;0;0;IRATI;REGIÃO CENTRAL;20;5
0.448943816285389;2016-10-31;7;13;18;25;572;32;6;7;19;408;32;0;32;736;56;185;5;4;4;5;4;5;4;0;0;0;0;0;0;0;0;0;0;1;0;0;0;0;0;0;1;0;0;0;0;0;0;0;0;0;0;0;0;0;0;0;0;0;1;0;0;0;0;0;0;0;0;0;0;0;0;0;0;0;2;1;0;0;1;0;0;0;0;0;IRATI;REGIÃO CENTRAL;21;5
0.397668507318783;2016-11-30;8;15;20;24;606;30;3;8;19;435;30;0;30;776;24;86;4;5;4;4;4;4;5;0;0;0;0;0;0;0;0;0;1;0;0;0;0;0;0;0;1;0;0;0;0;0;0;0;0;0;0;0;0;0;0;0;0;0;1;0;0;0;0;0;0;0;0;0;0;0;0;0;0;0;2;1;0;0;1;0;0;0;0;0;IRATI;REGIÃO CENTRAL;22;4
0.336050486458059;2016-12-31;9;15;22;26;671;32;4;9;20;513;32;0;32;829;20;113;4;4;5;4;5;5;4;0;0;1;0;0;0;0;0;0;0;0;0;0;0;0;0;0;1;0;0;0;0;0;0;0;0;0;0;0;0;0;0;0;0;0;1;0;0;0;0;0;0;0;0;0;0;0;0;0;0;0;2;1;0;0;1;0;0;0;0;0;IRATI;REGIÃO CENTRAL;23;3
0.300815145937418;2017-01-31;13;21;23;25;712;31;4;13;20;546;31;0;31;877;34;134;5;4;4;5;4;4;5;0;0;0;0;1;0;0;0;0;0;0;0;0;0;0;0;0;0;1;0;0;0;0;0;0;0;0;0;0;0;0;0;0;0;0;1;0;0;0;0;0;0;0;0;0;0;0;0;0;0;0;2;1;0;0;1;0;31;0;0;0;IRATI;REGIÃO CENTRAL;24;3
0.355245858532737;2017-02-28;16;21;23;25;655;32;4;16;20;500;32;0;32;810;23;123;4;4;4;4;4;4;4;0;0;0;1;0;0;0;0;0;0;0;0;0;0;0;0;0;0;1;0;0;0;0;0;0;0;0;0;0;0;0;0;0;0;0;1;0;0;0;0;0;0;0;0;0;0;0;0;0;0;0;2;1;0;0;1;0;0;2;0;0;IRATI;REGIÃO CENTRAL;25;3
0.544570076255588;2017-03-31;13;17;21;25;656;30;3;13;20;504;30;0;30;807;20;90;4;5;5;4;5;4;4;0;0;0;0;0;0;0;0;1;0;0;0;0;0;0;0;0;0;1;0;0;0;0;0;0;0;0;0;0;0;0;0;0;0;0;1;0;0;0;0;0;0;0;0;0;0;0;0;0;0;0;2;1;0;0;1;0;0;1;0;0;IRATI;REGIÃO CENTRAL;26;6
0.48970111315628;2017-04-30;2;11;18;23;536;28;2;2;18;394;28;0;28;678;43;70;5;4;4;4;4;5;4;1;0;0;0;0;0;0;0;0;0;0;0;0;0;0;0;0;0;1;0;0;0;0;0;0;0;0;0;0;0;0;0;0;0;0;1;0;0;0;0;0;0;0;0;0;0;0;0;0;0;0;2;1;0;0;1;0;0;1;0;0;IRATI;REGIÃO CENTRAL;27;6
0.498466123236042;2017-05-31;7;14;17;22;527;27;6;7;17;406;27;0;27;647;123;200;4;5;4;5;4;4;5;0;0;0;0;0;0;0;1;0;0;0;0;0;0;0;0;0;0;1;0;0;0;0;0;0;0;0;0;0;0;0;0;0;0;0;1;0;0;0;0;0;0;0;0;0;0;0;0;0;0;0;2;1;0;0;1;0;0;0;0;0;IRATI;REGIÃO CENTRAL;28;6
0.431852046629854;2017-06-30;-1;8;15;21;441;24;3;-1;18;292;24;0;24;590;31;98;4;4;5;4;5;4;4;0;0;0;0;0;0;1;0;0;0;0;0;0;0;0;0;0;0;1;0;0;0;0;0;0;0;0;0;0;0;0;0;0;0;0;1;0;0;0;0;0;0;0;0;0;0;0;0;0;0;0;2;1;0;0;1;0;0;1;0;0;IRATI;REGIÃO CENTRAL;29;5
0.383732141291962;2017-07-31;-4;4;14;17;422;25;0;-4;11;213;25;0;25;630;1;1;5;4;4;5;4;5;4;0;0;0;0;0;1;0;0;0;0;0;0;0;0;0;0;0;0;1;0;0;0;0;0;0;0;0;0;0;0;0;0;0;0;0;1;0;0;0;0;0;0;0;0;0;0;0;0;0;0;0;2;1;0;0;1;0;16;0;0;0;IRATI;REGIÃO CENTRAL;30;4
0.383556841090367;2017-08-31;1;9;16;21;486;31;7;1;15;310;31;0;31;662;96;204;4;5;5;4;4;4;5;0;1;0;0;0;0;0;0;0;0;0;0;0;0;0;0;0;0;1;0;0;0;0;0;0;0;0;0;0;0;0;0;0;0;0;1;0;0;0;0;0;0;0;0;0;0;0;0;0;0;0;2;1;0;0;1;0;0;0;0;0;IRATI;REGIÃO CENTRAL;31;4
0.371899377684284;2017-09-30;9;15;20;23;599;32;5;9;16;389;32;0;32;809;78;136;4;4;4;4;5;5;4;0;0;0;0;0;0;0;0;0;0;0;1;0;0;0;0;0;0;1;0;0;0;0;0;0;0;0;0;0;0;0;0;0;0;0;1;0;0;0;0;0;0;0;0;0;0;0;0;0;0;0;2;1;0;0;1;0;0;0;0;0;IRATI;REGIÃO CENTRAL;32;4
0.340345341397143;2017-10-31;4;14;19;25;579;32;12;4;18;410;32;0;32;748;97;377;5;4;4;5;4;4;5;0;0;0;0;0;0;0;0;0;0;1;0;0;0;0;0;0;0;1;0;0;0;0;0;0;0;0;0;0;0;0;0;0;0;0;1;0;0;0;0;0;0;0;0;0;0;0;0;0;0;0;2;1;0;0;1;0;0;0;0;0;IRATI;REGIÃO CENTRAL;33;3
0.326671925672714;2017-11-30;7;15;20;23;590;32;4;7;18;411;32;0;32;769;31;122;4;5;5;4;4;4;4;0;0;0;0;0;0;0;0;0;1;0;0;0;0;0;0;0;0;1;0;0;0;0;0;0;0;0;0;0;0;0;0;0;0;0;1;0;0;0;0;0;0;0;0;0;0;0;0;0;0;0;2;1;0;0;1;0;0;0;0;0;IRATI;REGIÃO CENTRAL;34;3
0.250328687877991;2017-12-31;14;18;22;24;680;31;5;14;20;530;31;0;31;830;41;149;5;4;4;4;5;5;4;0;0;1;0;0;0;0;0;0;0;0;0;0;0;0;0;0;0;1;0;0;0;0;0;0;0;0;0;0;0;0;0;0;0;0;1;0;0;0;0;0;0;0;0;0;0;0;0;0;0;0;2;1;0;0;1;0;0;0;0;0;IRATI;REGIÃO CENTRAL;35;2
0.206678937680778;2018-01-31;14;18;22;25;683;31;4;14;19;536;31;0;31;830;30;131;4;5;4;5;4;4;5;0;0;0;0;1;0;0;0;0;0;0;0;0;0;0;0;0;0;0;1;0;0;0;0;0;0;0;0;0;0;0;0;0;0;0;1;0;0;0;0;0;0;0;0;0;0;0;0;0;0;0;2;1;0;0;1;0;31;0;0;0;IRATI;REGIÃO CENTRAL;36;2
0.267595757735121;2018-02-28;12;16;21;23;578;30;1;12;20;431;30;0;30;724;8;38;4;4;4;4;4;4;4;0;0;0;1;0;0;0;0;0;0;0;0;0;0;0;0;0;0;0;1;0;0;0;0;0;0;0;0;0;0;0;0;0;0;0;1;0;0;0;0;0;0;0;0;0;0;0;0;0;0;0;2;1;0;0;2;0;0;3;0;0;IRATI;REGIÃO CENTRAL;37;2
0.454202822333246;2018-03-31;15;18;22;25;691;31;5;15;19;540;31;0;31;842;34;166;4;4;5;4;5;5;4;0;0;0;0;0;0;0;0;1;0;0;0;0;0;0;0;0;0;0;1;0;0;0;0;0;0;0;0;0;0;0;0;0;0;0;1;0;0;0;0;0;0;0;0;0;0;0;0;0;0;0;2;1;0;0;2;0;0;1;0;0;IRATI;REGIÃO CENTRAL;38;5
0.460776579893067;2018-04-30;9;17;20;23;595;28;0;9;18;411;28;0;28;779;7;12;5;4;4;5;4;4;4;1;0;0;0;0;0;0;0;0;0;0;0;0;0;0;0;0;0;0;1;0;0;0;0;0;0;0;0;0;0;0;0;0;0;0;1;0;0;0;0;0;0;0;0;0;0;0;0;0;0;0;2;1;0;0;2;0;0;0;0;0;IRATI;REGIÃO CENTRAL;39;5
0.412919624857568;2018-05-31;1;9;16;22;508;28;3;1;18;325;28;0;28;692;55;82;4;5;5;4;4;4;5;0;0;0;0;0;0;0;1;0;0;0;0;0;0;0;0;0;0;0;1;0;0;0;0;0;0;0;0;0;0;0;0;0;0;0;1;0;0;0;0;0;0;0;0;0;0;0;0;0;0;0;2;1;0;0;2;0;0;1;0;0;IRATI;REGIÃO CENTRAL;40;4
0.402401612761855;2018-06-30;0;6;14;21;421;27;9;0;16;285;27;0;27;557;68;267;4;4;4;4;5;5;4;0;0;0;0;0;0;1;0;0;0;0;0;0;0;0;0;0;0;0;1;0;0;0;0;0;0;0;0;0;0;0;0;0;0;0;1;0;0;0;0;0;0;0;0;0;0;0;0;0;0;0;2;1;0;0;2;0;0;0;0;0;IRATI;REGIÃO CENTRAL;41;4
0.402226312560259;2018-07-31;0;7;16;19;487;27;0;0;14;289;27;0;27;685;3;4;5;4;4;5;4;4;5;0;0;0;0;0;1;0;0;0;0;0;0;0;0;0;0;0;0;0;1;0;0;0;0;0;0;0;0;0;0;0;0;0;0;0;1;0;0;0;0;0;0;0;0;0;0;0;0;0;0;0;2;1;0;0;2;0;16;0;0;0;IRATI;REGIÃO CENTRAL;42;4
0.399596809536331;2018-08-31;0;8;14;21;436;29;3;0;14;257;29;0;29;615;49;97;4;5;5;4;5;4;4;0;1;0;0;0;0;0;0;0;0;0;0;0;0;0;0;0;0;0;1;0;0;0;0;0;0;0;0;0;0;0;0;0;0;0;1;0;0;0;0;0;0;0;0;0;0;0;0;0;0;0;2;1;0;0;2;0;0;0;0;0;IRATI;REGIÃO CENTRAL;43;4
0.449206766587782;2018-09-30;3;12;17;24;524;32;7;3;17;365;32;0;32;682;60;216;5;4;4;4;4;5;4;0;0;0;0;0;0;0;0;0;0;0;1;0;0;0;0;0;0;0;1;0;0;0;0;0;0;0;0;0;0;0;0;0;0;0;1;0;0;0;0;0;0;0;0;0;0;0;0;0;0;0;2;1;0;0;2;0;0;0;0;0;IRATI;REGIÃO CENTRAL;44;5
0.448856166184591;2018-10-31;8;13;18;22;570;29;7;8;18;447;29;0;29;693;48;222;4;5;4;5;4;4;5;0;0;0;0;0;0;0;0;0;0;1;0;0;0;0;0;0;0;0;1;0;0;0;0;0;0;0;0;0;0;0;0;0;0;0;1;0;0;0;0;0;0;0;0;0;0;0;0;0;0;0;2;1;0;0;2;0;0;0;0;0;IRATI;REGIÃO CENTRAL;45;5
0.448680865982996;2018-11-30;10;16;21;26;623;31;2;10;21;459;31;0;31;787;31;74;4;4;5;4;5;4;4;0;0;0;0;0;0;0;0;0;1;0;0;0;0;0;0;0;0;0;1;0;0;0;0;0;0;0;0;0;0;0;0;0;0;0;1;0;0;0;0;0;0;0;0;0;0;0;0;0;0;0;2;1;0;0;2;0;0;0;0;0;IRATI;REGIÃO CENTRAL;46;5
0.334998685248488;2018-12-31;8;18;23;27;725;34;2;8;21;513;34;0;34;937;12;77;5;4;4;5;4;5;4;0;0;1;0;0;0;0;0;0;0;0;0;0;0;0;0;0;0;0;1;0;0;0;0;0;0;0;0;0;0;0;0;0;0;0;1;0;0;0;0;0;0;0;0;0;0;0;0;0;0;0;2;1;0;0;2;0;0;0;0;0;IRATI;REGIÃO CENTRAL;47;3
0.240599526689456;2019-01-31;16;22;24;26;749;34;5;16;21;576;34;0;34;922;22;164;4;5;5;4;4;4;5;0;0;0;0;1;0;0;0;0;0;0;0;0;0;0;0;0;0;0;0;1;0;0;0;0;0;0;0;0;0;0;0;0;0;0;1;0;0;0;0;0;0;0;0;0;0;0;0;0;0;0;2;0;0;0;2;0;31;0;0;0;IRATI;REGIÃO CENTRAL;48;2
0.352791655710404;2019-02-28;14;17;22;26;612;34;7;14;20;478;34;0;34;746;47;195;4;4;4;4;4;4;4;0;0;0;1;0;0;0;0;0;0;0;0;0;0;0;0;0;0;0;0;1;0;0;0;0;0;0;0;0;0;0;0;0;0;0;1;0;0;0;0;0;0;0;0;0;0;0;0;0;0;0;2;0;1;1;2;0;0;0;0;0;IRATI;REGIÃO CENTRAL;49;3
0.607590498729074;2019-03-31;12;18;21;23;663;30;2;12;19;513;30;0;30;813;27;73;5;4;4;4;5;5;4;0;0;0;0;0;0;0;0;1;0;0;0;0;0;0;0;0;0;0;0;1;0;0;0;0;0;0;0;0;0;0;0;0;0;0;1;0;0;0;0;0;0;0;0;0;0;0;0;0;0;0;2;0;1;1;2;0;0;3;0;0;IRATI;REGIÃO CENTRAL;50;7
0.540713471820493;2019-04-30;9;17;20;23;595;28;3;9;20;451;28;0;28;738;36;83;4;4;4;5;4;4;5;1;0;0;0;0;0;0;0;0;0;0;0;0;0;0;0;0;0;0;0;1;0;0;0;0;0;0;0;0;0;0;0;0;0;0;1;0;0;0;0;0;0;0;0;0;0;0;0;0;0;0;2;0;1;1;2;0;0;1;0;0;IRATI;REGIÃO CENTRAL;51;6
0.527127706196862;2019-05-31;7;13;18;22;543;28;9;7;18;426;28;0;28;661;76;270;4;5;5;4;5;4;4;0;0;0;0;0;0;0;1;0;0;0;0;0;0;0;0;0;0;0;0;1;0;0;0;0;0;0;0;0;0;0;0;0;0;0;1;0;0;0;0;0;0;0;0;0;0;0;0;0;0;0;2;0;1;1;2;0;0;0;0;0;IRATI;REGIÃO CENTRAL;52;6
0.45551757384521;2019-06-30;3;10;16;20;478;25;2;3;16;317;25;0;25;639;49;74;5;4;4;4;4;5;4;0;0;0;0;0;0;1;0;0;0;0;0;0;0;0;0;0;0;0;0;1;0;0;0;0;0;0;0;0;0;0;0;0;0;0;1;0;0;0;0;0;0;0;0;0;0;0;0;0;0;0;2;0;1;1;2;0;0;1;0;0;IRATI;REGIÃO CENTRAL;53;5
0.404855815584188;2019-07-31;-4;4;14;19;440;25;1;-4;16;245;25;0;25;634;10;25;4;5;4;5;4;4;5;0;0;0;0;0;1;0;0;0;0;0;0;0;0;0;0;0;0;0;0;1;0;0;0;0;0;0;0;0;0;0;0;0;0;0;1;0;0;0;0;0;0;0;0;0;0;0;0;0;0;0;2;0;1;1;2;0;16;0;0;0;IRATI;REGIÃO CENTRAL;54;4
0.48750986063634;2019-08-31;0;7;15;21;464;29;0;0;15;272;29;0;29;656;4;7;4;4;5;4;5;5;4;0;1;0;0;0;0;0;0;0;0;0;0;0;0;0;0;0;0;0;0;1;0;0;0;0;0;0;0;0;0;0;0;0;0;0;1;0;0;0;0;0;0;0;0;0;0;0;0;0;0;0;2;0;1;1;2;0;0;0;0;0;IRATI;REGIÃO CENTRAL;55;6
0.56543080024542;2019-09-30;6;11;18;24;549;32;5;6;17;383;32;0;32;714;34;150;5;4;4;5;4;4;4;0;0;0;0;0;0;0;0;0;0;0;1;0;0;0;0;0;0;0;0;1;0;0;0;0;0;0;0;0;0;0;0;0;0;0;1;0;0;0;0;0;0;0;0;0;0;0;0;0;0;0;2;0;1;1;2;0;0;0;0;0;IRATI;REGIÃO CENTRAL;56;7
0.586905074940836;2019-10-31;11;15;21;25;650;34;5;11;18;461;34;0;34;840;47;169;4;5;5;4;4;4;5;0;0;0;0;0;0;0;0;0;0;1;0;0;0;0;0;0;0;0;0;1;0;0;0;0;0;0;0;0;0;0;0;0;0;0;1;0;0;0;0;0;0;0;0;0;0;0;0;0;0;0;2;0;1;1;2;0;0;0;0;0;IRATI;REGIÃO CENTRAL;57;7
0.560697694802349;2019-11-30;11;16;21;25;632;33;5;11;19;463;33;0;33;800;48;145;4;4;4;4;5;5;4;0;0;0;0;0;0;0;0;0;1;0;0;0;0;0;0;0;0;0;0;1;0;0;0;0;0;0;0;0;0;0;0;0;0;0;1;0;0;0;0;0;0;0;0;0;0;0;0;0;0;0;2;0;1;1;2;0;0;0;0;0;IRATI;REGIÃO CENTRAL;58;7
0.359716013673416;2019-12-31;13;17;21;25;666;32;5;13;19;501;32;0;32;832;62;151;5;4;4;5;4;4;5;0;0;1;0;0;0;0;0;0;0;0;0;0;0;0;0;0;0;0;0;1;0;0;0;0;0;0;0;0;0;0;0;0;0;0;1;0;0;0;0;0;0;0;0;0;0;0;0;0;0;0;2;0;1;1;2;0;0;0;0;0;IRATI;REGIÃO CENTRAL;59;4
0.289245332632132;2020-01-31;12;18;22;26;687;32;2;12;21;526;32;0;32;847;23;71;4;5;5;4;5;4;4;0;0;0;0;1;0;0;0;0;0;0;0;0;0;0;0;0;0;0;0;0;1;0;0;0;0;0;0;0;0;0;0;0;0;0;1;0;0;0;0;0;0;0;0;0;0;0;0;0;0;0;2;0;1;1;2;0;31;0;0;0;IRATI;REGIÃO CENTRAL;60;2
0.46910333946884;2020-02-29;11;18;22;26;632;33;3;11;20;474;33;0;33;789;34;84;4;4;4;4;4;5;4;0;0;0;1;0;0;0;0;0;0;0;0;0;0;0;0;0;0;0;0;0;1;0;0;0;0;0;0;0;0;0;0;0;0;0;1;0;0;0;0;0;0;0;0;0;0;0;0;0;0;0;2;0;1;1;2;0;0;3;0;0;IRATI;REGIÃO CENTRAL;61;5
0.373827679901832;2020-03-31;10;17;21;24;650;32;1;10;19;447;32;0;32;853;17;38;5;4;4;5;4;4;5;0;0;0;0;0;0;0;0;1;0;0;0;0;0;0;0;0;0;0;0;0;1;0;0;0;0;0;0;0;0;0;0;0;0;0;1;0;0;0;0;0;0;0;0;0;0;0;0;0;0;0;2;0;1;1;2;0;0;0;15;0;IRATI;REGIÃO CENTRAL;62;4
0.133666403716364;2020-04-30;3;12;18;24;534;30;1;3;18;318;30;0;30;749;30;45;4;5;5;4;4;4;4;1;0;0;0;0;0;0;0;0;0;0;0;0;0;0;0;0;0;0;0;0;1;0;0;0;0;0;0;0;0;0;0;0;0;0;1;0;0;0;0;0;0;0;0;0;0;0;0;0;0;0;2;0;1;1;2;0;0;1;30;0;IRATI;REGIÃO CENTRAL;63;1
0.101674116925234;2020-05-31;1;10;15;19;456;26;7;1;15;246;26;0;26;666;133;208;5;4;4;4;5;5;4;0;0;0;0;0;0;0;1;0;0;0;0;0;0;0;0;0;0;0;0;0;1;0;0;0;0;0;0;0;0;0;0;0;0;0;1;0;0;0;0;0;0;0;0;0;0;0;0;0;0;0;2;0;1;1;2;0;0;0;31;0;IRATI;REGIÃO CENTRAL;64;1
0.09264615654308;2020-06-30;6;11;16;22;472;26;8;6;18;341;26;0;26;602;67;238;4;4;4;5;4;4;5;0;0;0;0;0;0;1;0;0;0;0;0;0;0;0;0;0;0;0;0;0;1;0;0;0;0;0;0;0;0;0;0;0;0;0;1;0;0;0;0;0;0;0;0;0;0;0;0;0;0;0;2;0;1;1;2;0;0;1;30;0;IRATI;REGIÃO CENTRAL;65;1
0.118327636076781;2020-07-31;0;8;14;19;437;25;1;0;14;256;25;0;25;617;15;40;4;5;5;4;5;4;4;0;0;0;0;0;1;0;0;0;0;0;0;0;0;0;0;0;0;0;0;0;1;0;0;0;0;0;0;0;0;0;0;0;0;0;1;0;0;0;0;0;0;0;0;0;0;0;0;0;0;0;2;0;1;1;2;0;0;0;31;0;IRATI;REGIÃO CENTRAL;66;1
0.106056621965115;2020-08-31;-3;5;14;21;449;30;11;-3;14;253;30;0;30;646;106;334;5;4;4;5;4;5;4;0;1;0;0;0;0;0;0;0;0;0;0;0;0;0;0;0;0;0;0;0;1;0;0;0;0;0;0;0;0;0;0;0;0;0;1;0;0;0;0;0;0;0;0;0;0;0;0;0;0;0;2;0;1;1;2;0;0;0;31;0;IRATI;REGIÃO CENTRAL;67;1
0.112104478920151;2020-09-30;9;13;20;25;587;33;1;9;16;395;33;0;33;779;28;43;4;5;4;4;4;4;5;0;0;0;0;0;0;0;0;0;0;0;1;0;0;0;0;0;0;0;0;0;1;0;0;0;0;0;0;0;0;0;0;0;0;0;1;0;0;0;0;0;0;0;0;0;0;0;0;0;0;0;2;0;1;1;2;0;0;0;30;0;IRATI;REGIÃO CENTRAL;68;1
0.135945306337102;2020-10-31;7;14;20;27;619;36;3;7;18;419;36;0;36;818;53;97;4;4;5;4;5;5;4;0;0;0;0;0;0;0;0;0;0;1;0;0;0;0;0;0;0;0;0;0;1;0;0;0;0;0;0;0;0;0;0;0;0;0;1;0;0;0;0;0;0;0;0;0;0;0;0;0;0;0;2;0;1;1;2;0;0;0;31;0;IRATI;REGIÃO CENTRAL;69;1
0.127881497063722;2020-11-30;6;15;20;25;608;33;3;6;18;416;33;0;33;801;32;104;5;4;4;5;4;4;4;0;0;0;0;0;0;0;0;0;1;0;0;0;0;0;0;0;0;0;0;0;1;0;0;0;0;0;0;0;0;0;0;0;0;0;1;0;0;0;0;0;0;0;0;0;0;0;0;0;0;0;2;0;1;1;2;0;0;0;30;0;IRATI;REGIÃO CENTRAL;70;1
0.149531071960733;2020-12-31;13;16;22;24;675;30;7;13;20;519;30;0;30;832;38;204;4;5;5;4;4;4;5;0;0;1;0;0;0;0;0;0;0;0;0;0;0;0;0;0;0;0;0;0;1;0;0;0;0;0;0;0;0;0;0;0;0;0;1;0;0;0;0;0;0;0;0;0;0;0;0;0;0;0;2;0;1;1;2;0;0;0;31;0;IRATI;REGIÃO CENTRAL;71;1
0.168551143833815;2021-01-31;12;17;21;25;665;31;8;12;20;545;31;0;31;784;63;262;5;4;4;4;5;5;4;0;0;0;0;1;0;0;0;0;0;0;0;1;0;0;0;0;0;0;0;0;0;0;0;0;0;0;0;0;0;0;0;0;0;0;1;0;0;0;0;0;0;0;0;0;0;0;0;0;0;0;2;0;1;1;2;0;0;0;31;0;IRATI;REGIÃO CENTRAL;72;1
0.101411166622842;2021-02-28;10;18;21;24;579;30;0;10;19;413;30;0;30;745;4;12;4;4;4;4;4;4;4;0;0;0;1;0;0;0;0;0;0;0;0;1;0;0;0;0;0;0;0;0;0;0;0;0;0;0;0;0;0;0;0;0;0;0;1;0;0;0;0;0;0;0;0;0;0;0;0;0;0;0;2;0;1;1;2;0;0;3;28;0;IRATI;REGIÃO CENTRAL;73;1
0.108773775089841;2021-03-31;10;16;22;24;667;30;4;10;19;507;30;0;30;827;27;127;4;5;4;5;4;4;5;0;0;0;0;0;0;0;0;1;0;0;0;1;0;0;0;0;0;0;0;0;0;0;0;0;0;0;0;0;0;0;0;0;0;0;1;0;0;0;0;0;0;0;0;0;0;0;0;0;0;0;2;0;1;1;2;0;0;0;31;0;IRATI;REGIÃO CENTRAL;74;1
0.093697957752651;2021-04-30;7;14;17;20;520;27;0;7;16;356;27;0;27;683;0;2;4;4;5;4;5;4;4;1;0;0;0;0;0;0;0;0;0;0;0;1;0;0;0;0;0;0;0;0;0;0;0;0;0;0;0;0;0;0;0;0;0;0;1;0;0;0;0;0;0;0;0;0;0;0;0;0;0;0;2;0;1;1;2;0;0;1;30;0;IRATI;REGIÃO CENTRAL;75;1
0.114208081339294;2021-05-31;1;10;15;19;469;27;3;1;14;292;27;0;27;646;33;85;5;4;4;5;4;5;4;0;0;0;0;0;0;0;1;0;0;0;0;1;0;0;0;0;0;0;0;0;0;0;0;0;0;0;0;0;0;0;0;0;0;0;1;0;0;0;0;0;0;0;0;0;0;0;0;0;0;0;2;0;1;1;2;0;0;0;31;0;IRATI;REGIÃO CENTRAL;76;1
0.109474975896222;2021-06-30;-2;3;13;19;404;24;4;-2;15;276;24;0;24;531;34;119;4;5;4;4;4;4;5;0;0;0;0;0;0;1;0;0;0;0;0;1;0;0;0;0;0;0;0;0;0;0;0;0;0;0;0;0;0;0;0;0;0;0;1;0;0;0;0;0;0;0;0;0;0;0;0;0;0;0;2;0;1;1;2;0;0;1;30;0;IRATI;REGIÃO CENTRAL;77;1
0.119642387588746;2021-07-31;-3;4;11;17;351;25;2;-3;13;151;25;0;25;550;33;74;4;4;5;4;5;5;4;0;0;0;0;0;1;0;0;0;0;0;0;1;0;0;0;0;0;0;0;0;0;0;0;0;0;0;0;0;0;0;0;0;0;0;1;0;0;0;0;0;0;0;0;0;0;0;0;0;0;0;2;0;1;1;2;0;0;0;31;0;IRATI;REGIÃO CENTRAL;78;1
0.108773775089841;2021-08-31;4;9;16;22;498;29;3;4;16;328;29;0;29;668;44;78;5;4;4;5;4;4;5;0;1;0;0;0;0;0;0;0;0;0;0;1;0;0;0;0;0;0;0;0;0;0;0;0;0;0;0;0;0;0;0;0;0;0;1;0;0;0;0;0;0;0;0;0;0;0;0;0;0;0;2;0;1;1;2;0;0;0;31;0;IRATI;REGIÃO CENTRAL;79;1
0.093697957752651;2021-09-30;6;13;19;24;569;31;3;6;20;393;31;0;31;745;20;86;4;5;5;4;4;4;4;0;0;0;0;0;0;0;0;0;0;0;1;1;0;0;0;0;0;0;0;0;0;0;0;0;0;0;0;0;0;0;0;0;0;0;1;0;0;0;0;0;0;0;0;0;0;0;0;0;0;0;2;0;1;1;2;0;0;0;30;0;IRATI;REGIÃO CENTRAL;80;1
0.13051100008765;2021-10-31;7;12;17;20;531;27;9;7;17;405;27;0;27;656;91;286;5;4;4;4;5;5;4;0;0;0;0;0;0;0;0;0;0;1;0;1;0;0;0;0;0;0;0;0;0;0;0;0;0;0;0;0;0;0;0;0;0;0;1;0;0;0;0;0;0;0;0;0;0;0;0;0;0;0;2;0;1;1;2;0;0;0;0;0;IRATI;REGIÃO CENTRAL;81;1
0.280392672451573;2021-11-30;7;16;20;23;611;32;2;7;17;427;32;0;32;795;14;50;4;4;4;5;4;4;5;0;0;0;0;0;0;0;0;0;1;0;0;1;0;0;0;0;0;0;0;0;0;0;0;0;0;0;0;0;0;0;0;0;0;0;1;0;0;0;0;0;0;0;0;0;0;0;0;0;0;0;2;0;1;1;2;0;0;0;0;0;IRATI;REGIÃO CENTRAL;82;2
0.225611359453063;2021-12-31;9;17;22;26;668;32;2;9;20;475;32;0;32;861;22;76;4;5;5;4;5;4;4;0;0;1;0;0;0;0;0;0;0;0;0;1;0;0;0;0;0;0;0;0;0;0;0;0;0;0;0;0;0;0;0;0;0;0;1;0;0;0;0;0;0;0;0;0;0;0;0;0;0;0;2;0;1;1;2;0;0;0;0;0;IRATI;REGIÃO CENTRAL;83;2
0.184854062582172;2022-01-31;12;16;22;26;686;33;8;12;20;528;33;0;33;844;54;242;5;4;4;5;4;5;4;0;0;0;0;1;0;0;0;0;0;0;0;0;1;0;0;0;0;0;0;0;0;0;0;0;0;0;0;0;0;0;0;0;0;0;1;0;0;0;0;0;0;0;0;0;0;0;0;0;0;0;2;0;1;1;2;0;31;0;0;0;IRATI;REGIÃO CENTRAL;84;1
0.199579279516171;2022-02-28;12;19;22;25;619;32;5;12;20;451;32;0;32;786;58;140;4;4;4;4;4;4;4;0;0;0;1;0;0;0;0;0;0;0;0;0;1;0;0;0;0;0;0;0;0;0;0;0;0;0;0;0;0;0;0;0;0;0;1;0;0;0;0;0;0;0;0;0;0;0;0;0;0;0;2;0;1;1;2;0;0;1;0;0;IRATI;REGIÃO CENTRAL;85;2
0.472872293803138;2022-03-31;11;15;21;25;661;31;9;11;20;520;31;0;31;801;65;281;4;5;5;4;4;4;5;0;0;0;0;0;0;0;0;1;0;0;0;0;1;0;0;0;0;0;0;0;0;0;0;0;0;0;0;0;0;0;0;0;0;0;1;0;0;0;0;0;0;0;0;0;0;0;0;0;0;0;2;0;1;1;2;0;0;1;0;0;IRATI;REGIÃO CENTRAL;86;5
0.480234902270138;2022-04-30;5;12;18;22;530;28;17;5;17;394;28;0;28;666;248;503;4;4;4;4;5;5;4;1;0;0;0;0;0;0;0;0;0;0;0;0;1;0;0;0;0;0;0;0;0;0;0;0;0;0;0;0;0;0;0;0;0;0;1;0;0;0;0;0;0;0;0;0;0;0;0;0;0;0;2;0;1;1;2;0;0;1;0;0;IRATI;REGIÃO CENTRAL;87;5
0.551669734420194;2022-05-31;0;6;14;20;444;27;5;0;16;280;27;0;27;608;55;156;5;4;4;5;4;4;5;0;0;0;0;0;0;0;1;0;0;0;0;0;1;0;0;0;0;0;0;0;0;0;0;0;0;0;0;0;0;0;0;0;0;0;1;0;0;0;0;0;0;0;0;0;0;0;0;0;0;0;2;0;1;1;2;0;0;0;0;0;IRATI;REGIÃO CENTRAL;88;7
0.524936453676922;2022-06-30;-1;7;14;20;416;25;6;-1;14;269;25;0;25;563;65;177;4;5;5;4;4;4;4;0;0;0;0;0;0;1;0;0;0;0;0;0;1;0;0;0;0;0;0;0;0;0;0;0;0;0;0;0;0;0;0;0;0;0;1;0;0;0;0;0;0;0;0;0;0;0;0;0;0;0;2;0;1;1;2;0;0;1;0;0;IRATI;REGIÃO CENTRAL;89;6
0.383206240687177;2022-07-31;1;9;16;19;492;26;2;1;15;292;26;0;26;693;43;69;5;4;4;4;5;5;4;0;0;0;0;0;1;0;0;0;0;0;0;0;1;0;0;0;0;0;0;0;0;0;0;0;0;0;0;0;0;0;0;0;0;0;1;0;0;0;0;0;0;0;0;0;0;0;0;0;0;0;2;0;1;1;2;0;0;0;0;0;IRATI;REGIÃO CENTRAL;90;4
0.489175212551494;2022-08-31;-2;6;14;18;422;27;5;-2;13;253;27;0;27;590;60;168;4;5;4;5;4;4;5;0;1;0;0;0;0;0;0;0;0;0;0;0;1;0;0;0;0;0;0;0;0;0;0;0;0;0;0;0;0;0;0;0;0;0;1;0;0;0;0;0;0;0;0;0;0;0;0;0;0;0;2;0;1;1;2;0;0;0;0;0;IRATI;REGIÃO CENTRAL;91;6
0.603821544394776;2022-09-30;1;9;14;22;427;29;11;1;17;305;29;0;29;548;53;318;4;4;5;4;5;4;4;0;0;0;0;0;0;0;0;0;0;0;1;0;1;0;0;0;0;0;0;0;0;0;0;0;0;0;0;0;0;0;0;0;0;0;1;0;0;0;0;0;0;0;0;0;0;0;0;0;0;0;2;0;1;1;2;0;0;0;0;0;IRATI;REGIÃO CENTRAL;92;7
0.543518275046016;2022-10-31;5;14;18;22;570;29;12;5;16;411;29;0;29;730;153;376;5;4;4;5;4;5;4;0;0;0;0;0;0;0;0;0;0;1;0;0;1;0;0;0;0;0;0;0;0;0;0;0;0;0;0;0;0;0;0;0;0;0;1;0;0;0;0;0;0;0;0;0;0;0;0;0;0;0;2;0;1;1;2;0;0;0;0;0;IRATI;REGIÃO CENTRAL;93;6
0.519677447629065;2022-11-30;6;10;18;23;533;29;2;6;18;355;29;0;29;711;20;73;4;5;4;4;4;4;5;0;0;0;0;0;0;0;0;0;1;0;0;0;1;0;0;0;0;0;0;0;0;0;0;0;0;0;0;0;0;0;0;0;0;0;1;0;0;0;0;0;0;0;0;0;0;0;0;0;0;0;2;0;1;1;2;0;0;0;0;0;IRATI;REGIÃO CENTRAL;94;6
0.345166096941011;2022-12-31;10;17;21;25;666;32;9;10;21;503;32;0;32;829;80;294;4;4;5;4;5;5;4;0;0;1;0;0;0;0;0;0;0;0;0;0;1;0;0;0;0;0;0;0;0;0;0;0;0;0;0;0;0;0;0;0;0;0;1;0;0;0;0;0;0;0;0;0;0;0;0;0;0;0;2;0;1;1;2;0;0;0;0;0;IRATI;REGIÃO CENTRAL;95;3
0.30440880007012;2023-01-31;11;16;21;24;664;30;7;11;19;501;30;0;30;826;40;202;5;4;4;5;4;4;5;0;0;0;0;1;0;0;0;0;0;0;0;0;0;1;0;0;0;0;0;0;0;0;0;0;0;0;0;0;0;0;0;0;0;0;1;0;0;0;0;0;0;0;0;0;0;0;0;0;0;0;2;0;1;1;2;0;31;0;0;0;IRATI;REGIÃO CENTRAL;96;3
0.533350863353493;2023-02-28;12;14;21;24;596;30;8;12;19;471;30;0;30;721;32;213;4;4;4;4;4;4;4;0;0;0;1;0;0;0;0;0;0;0;0;0;0;1;0;0;0;0;0;0;0;0;0;0;0;0;0;0;0;0;0;0;0;0;1;0;0;0;0;0;0;0;0;0;0;0;0;0;0;0;2;0;1;1;2;0;0;3;0;0;IRATI;REGIÃO CENTRAL;97;6
0.793496362520817;2023-03-31;14;20;22;24;679;30;3;14;19;512;30;0;30;846;20;104;4;5;5;4;5;4;4;0;0;0;0;0;0;0;0;1;0;0;0;0;0;1;0;0;0;0;0;0;0;0;0;0;0;0;0;0;0;0;0;0;0;0;1;0;0;0;0;0;0;0;0;0;0;0;0;0;0;0;2;0;1;1;2;0;0;0;0;0;IRATI;REGIÃO CENTRAL;98;9
0.590674029275134;2023-04-30;7;13;18;22;553;28;4;7;17;392;28;0;28;714;46;109;5;4;4;4;4;5;4;1;0;0;0;0;0;0;0;0;0;0;0;0;0;1;0;0;0;0;0;0;0;0;0;0;0;0;0;0;0;0;0;0;0;0;1;0;0;0;0;0;0;0;0;0;0;0;0;0;0;0;2;0;1;1;2;0;0;1;0;0;IRATI;REGIÃO CENTRAL;99;7
0.679375931282321;2023-05-31;4;12;16;22;503;27;2;4;17;326;27;0;27;679;19;76;4;5;4;5;4;4;5;0;0;0;0;0;0;0;1;0;0;0;0;0;0;1;0;0;0;0;0;0;0;0;0;0;0;0;0;0;0;0;0;0;0;0;1;0;0;0;0;0;0;0;0;0;0;0;0;0;0;0;2;0;1;1;2;0;0;0;0;0;IRATI;REGIÃO CENTRAL;100;8
0.753703216758699;2023-06-30;2;9;14;20;424;25;4;2;14;253;25;0;25;594;37;114;4;4;5;4;5;4;4;0;0;0;0;0;0;1;0;0;0;0;0;0;0;1;0;0;0;0;0;0;0;0;0;0;0;0;0;0;0;0;0;0;0;0;1;0;0;0;0;0;0;0;0;0;0;0;0;0;0;0;2;0;1;1;2;0;0;1;0;0;IRATI;REGIÃO CENTRAL;101;8
0.481023753177316;2023-07-31;4;9;15;20;458;25;8;4;15;315;25;0;25;600;141;254;5;4;4;5;4;5;4;0;0;0;0;0;1;0;0;0;0;0;0;0;0;1;0;0;0;0;0;0;0;0;0;0;0;0;0;0;0;0;0;0;0;0;1;0;0;0;0;0;0;0;0;0;0;0;0;0;0;0;2;0;1;1;2;0;15;0;0;0;IRATI;REGIÃO CENTRAL;102;5
0.725567534402664;2023-08-31;2;10;16;24;491;30;3;2;18;319;30;0;30;663;42;100;4;5;5;4;4;4;5;0;1;0;0;0;0;0;0;0;0;0;0;0;0;1;0;0;0;0;0;0;0;0;0;0;0;0;0;0;0;0;0;0;0;0;1;0;0;0;0;0;0;0;0;0;0;0;0;0;0;0;2;0;1;1;2;0;0;0;0;0;IRATI;REGIÃO CENTRAL;103;8
0.7352966955912;2023-09-30;4;13;19;26;585;33;7;4;20;418;33;0;33;751;64;195;4;4;4;4;5;5;4;0;0;0;0;0;0;0;0;0;0;0;1;0;0;1;0;0;0;0;0;0;0;0;0;0;0;0;0;0;0;0;0;0;0;0;1;0;0;0;0;0;0;0;0;0;0;0;0;0;0;0;2;0;1;1;2;0;0;0;0;0;IRATI;REGIÃO CENTRAL;104;8
0.711981768779034;2023-10-31;11;13;19;24;598;30;20;11;20;469;30;0;30;728;90;626;5;4;4;5;4;4;5;0;0;0;0;0;0;0;0;0;0;1;0;0;0;1;0;0;0;0;0;0;0;0;0;0;0;0;0;0;0;0;0;0;0;0;1;0;0;0;0;0;0;0;0;0;0;0;0;0;0;0;2;0;1;1;2;0;0;0;0;0;IRATI;REGIÃO CENTRAL;105;8
0.737926198615128;2023-11-30;6;15;21;27;633;34;6;6;22;485;34;0;34;781;48;181;4;5;5;4;4;4;4;0;0;0;0;0;0;0;0;0;1;0;0;0;0;1;0;0;0;0;0;0;0;0;0;0;0;0;0;0;0;0;0;0;0;0;1;0;0;0;0;0;0;0;0;0;0;0;0;0;0;0;2;0;1;1;2;0;0;0;0;0;IRATI;REGIÃO CENTRAL;106;8
0.676658778157595;2023-12-31;15;17;23;27;725;34;6;15;21;545;34;0;34;906;82;186;5;4;4;4;5;5;4;0;0;1;0;0;0;0;0;0;0;0;0;0;0;1;0;0;0;0;0;0;0;0;0;0;0;0;0;0;0;0;0;0;0;0;1;0;0;0;0;0;0;0;0;0;0;0;0;0;0;0;2;0;1;1;2;0;0;0;0;0;IRATI;REGIÃO CENTRAL;107;8
0.399509159435533;2024-01-31;12;17;23;27;698;35;6;12;21;535;35;0;35;860;50;172;4;5;4;5;4;4;5;0;0;0;0;1;0;0;0;0;0;0;0;0;0;0;1;0;0;0;0;0;0;0;0;0;0;0;0;0;0;0;0;0;0;0;1;0;0;0;0;0;0;0;0;0;0;0;0;0;0;0;2;0;1;1;2;0;31;0;0;0;IRATI;REGIÃO CENTRAL;108;4
0.866947146989219;2024-02-29;15;18;23;26;673;33;6;15;20;518;33;0;33;827;33;166;4;4;5;4;4;4;4;0;0;0;1;0;0;0;0;0;0;0;0;0;0;0;1;0;0;0;0;0;0;0;0;0;0;0;0;0;0;0;0;0;0;0;1;0;0;0;0;0;0;0;0;0;0;0;0;0;0;0;2;0;1;1;2;0;0;3;0;0;IRATI;REGIÃO CENTRAL;109;9
1.0;2024-03-31;14;16;23;26;703;34;4;14;21;541;34;0;34;866;33;109;5;4;4;4;5;5;4;0;0;0;0;0;0;0;0;1;0;0;0;0;0;0;1;0;0;0;0;0;0;0;0;0;0;0;0;0;0;0;0;0;0;0;1;0;0;0;0;0;0;0;0;0;0;0;0;0;0;0;2;0;1;1;2;0;0;1;0;0;IRATI;REGIÃO CENTRAL;110;9
0.869401349811552;2024-04-30;7;15;21;25;623;31;4;7;20;474;31;0;31;771;43;125;4;4;4;5;4;4;5;1;0;0;0;0;0;0;0;0;0;0;0;0;0;0;1;0;0;0;0;0;0;0;0;0;0;0;0;0;0;0;0;0;0;0;1;0;0;0;0;0;0;0;0;0;0;0;0;0;0;0;2;0;1;1;2;0;0;0;0;0;IRATI;REGIÃO CENTRAL;111;9
0.364186168814094;2024-05-31;3;10;18;24;565;29;3;3;19;416;29;0;29;713;35;82;4;5;5;4;5;4;4;0;0;0;0;0;0;0;1;0;0;0;0;0;0;0;1;0;0;0;0;0;0;0;0;0;0;0;0;0;0;0;0;0;0;0;1;0;0;0;0;0;0;0;0;0;0;0;0;0;0;0;2;0;1;1;2;0;0;1;0;30;IRATI;REGIÃO CENTRAL;112;4
0.301428696643001;2024-06-30;0;8;17;20;509;27;1;0;17;333;27;0;27;684;9;16;5;4;4;4;4;5;4;0;0;0;0;0;0;1;0;0;0;0;0;0;0;0;1;0;0;0;0;0;0;0;0;0;0;0;0;0;0;0;0;0;0;0;1;0;0;0;0;0;0;0;0;0;0;0;0;0;0;0;2;0;1;1;2;0;0;0;0;30;IRATI;REGIÃO CENTRAL;113;3
0.728284687527391;2024-07-31;1;10;14;19;432;26;5;1;13;271;26;0;26;593;26;146;4;5;4;5;4;4;5;0;0;0;0;0;1;0;0;0;0;0;0;0;0;0;1;0;0;0;0;0;0;0;0;0;0;0;0;0;0;0;0;0;0;0;1;0;0;0;0;0;0;0;0;0;0;0;0;0;0;0;2;0;1;1;2;0;12;0;0;0;IRATI;REGIÃO CENTRAL;114;8
0.83968796564116;2024-08-31;-2;7;16;21;483;31;1;-2;15;247;31;0;31;718;9;29;4;4;5;4;5;5;4;0;1;0;0;0;0;0;0;0;0;0;0;0;0;0;1;0;0;0;0;0;0;0;0;0;0;0;0;0;0;0;0;0;0;0;1;0;0;0;0;0;0;0;0;0;0;0;0;0;0;0;2;0;1;1;2;0;0;0;0;0;IRATI;REGIÃO CENTRAL;115;9
0.850994828644053;2024-09-30;10;13;20;24;605;34;2;10;17;392;34;0;34;818;19;56;5;4;4;5;4;4;4;0;0;0;0;0;0;0;0;0;0;0;1;0;0;0;1;0;0;0;0;0;0;0;0;0;0;0;0;0;0;0;0;0;0;0;1;0;0;0;0;0;0;0;0;0;0;0;0;0;0;0;2;0;1;1;2;0;0;0;0;0;IRATI;REGIÃO CENTRAL;116;9
0.913051100008765;2024-10-31;11;14;20;26;616;33;4;11;20;463;33;0;33;769;46;132;4;5;5;4;4;4;5;0;0;0;0;0;0;0;0;0;0;1;0;0;0;0;1;0;0;0;0;0;0;0;0;0;0;0;0;0;0;0;0;0;0;0;1;0;0;0;0;0;0;0;0;0;0;0;0;0;0;0;2;0;1;1;2;0;0;0;0;0;IRATI;REGIÃO CENTRAL;117;9
0.314800063724709;2015-02-28;18;22;25;28;709;33;5;18;23;578;33;0;33;839;56;145;4;4;4;4;4;4;4;0;0;0;1;0;0;0;0;0;0;0;0;0;0;0;0;1;0;0;0;0;0;0;0;0;0;0;0;0;0;0;0;0;0;0;0;1;0;0;0;0;0;0;0;0;0;0;0;0;0;1;3;1;0;0;1;0;0;3;0;0;IVAIPORÃ;REGIÃO CENTRAL;1;3
0.558865700175243;2015-03-31;16;23;25;26;760;32;2;16;22;607;32;0;32;913;14;56;5;4;4;5;4;4;5;0;0;0;0;0;0;0;0;1;0;0;0;0;0;0;0;1;0;0;0;0;0;0;0;0;0;0;0;0;0;0;0;0;0;0;0;1;0;0;0;0;0;0;0;0;0;0;0;0;0;1;3;1;0;0;1;0;0;0;0;0;IVAIPORÃ;REGIÃO CENTRAL;2;7
0.562051935638044;2015-04-30;13;20;23;26;681;31;2;13;22;524;31;0;31;837;31;68;4;5;5;4;4;4;4;1;0;0;0;0;0;0;0;0;0;0;0;0;0;0;0;1;0;0;0;0;0;0;0;0;0;0;0;0;0;0;0;0;0;0;0;1;0;0;0;0;0;0;0;0;0;0;0;0;0;1;3;1;0;0;1;0;0;1;0;0;IVAIPORÃ;REGIÃO CENTRAL;3;7
0.540704158037279;2015-05-31;9;12;19;23;588;27;6;9;21;467;27;0;27;709;54;185;5;4;4;4;5;5;4;0;0;0;0;0;0;0;1;0;0;0;0;0;0;0;0;1;0;0;0;0;0;0;0;0;0;0;0;0;0;0;0;0;0;0;0;1;0;0;0;0;0;0;0;0;0;0;0;0;0;1;3;1;0;0;1;0;0;0;0;0;IVAIPORÃ;REGIÃO CENTRAL;4;6
0.456396367691572;2015-06-30;5;12;18;22;541;27;0;5;18;398;27;0;27;685;11;15;4;4;4;5;4;4;5;0;0;0;0;0;0;1;0;0;0;0;0;0;0;0;0;1;0;0;0;0;0;0;0;0;0;0;0;0;0;0;0;0;0;0;0;1;0;0;0;0;0;0;0;0;0;0;0;0;0;1;3;1;0;0;1;0;0;1;0;0;IVAIPORÃ;REGIÃO CENTRAL;5;5
0.283829855026286;2015-07-31;8;12;18;22;554;28;23;8;18;431;28;0;28;678;160;727;4;5;5;4;5;4;4;0;0;0;0;0;1;0;0;0;0;0;0;0;0;0;0;1;0;0;0;0;0;0;0;0;0;0;0;0;0;0;0;0;0;0;0;1;0;0;0;0;0;0;0;0;0;0;0;0;0;1;3;1;0;0;1;0;15;0;0;3;IVAIPORÃ;REGIÃO CENTRAL;6;2
0.276246614624821;2015-08-31;11;17;21;24;644;33;3;11;17;454;33;0;33;834;34;86;5;4;4;5;4;5;4;0;1;0;0;0;0;0;0;0;0;0;0;0;0;0;0;1;0;0;0;0;0;0;0;0;0;0;0;0;0;0;0;0;0;0;0;1;0;0;0;0;0;0;0;0;0;0;0;0;0;1;3;1;0;0;1;0;0;0;0;31;IVAIPORÃ;REGIÃO CENTRAL;7;2
0.280771068981998;2015-09-30;7;15;22;28;671;36;14;7;23;511;36;0;36;830;226;426;4;5;4;4;4;4;5;0;0;0;0;0;0;0;0;0;0;0;1;0;0;0;0;1;0;0;0;0;0;0;0;0;0;0;0;0;0;0;0;0;0;0;0;1;0;0;0;0;0;0;0;0;0;0;0;0;0;1;3;1;0;0;1;0;0;0;0;30;IVAIPORÃ;REGIÃO CENTRAL;8;2
0.420328182252668;2015-10-31;15;19;24;31;756;35;13;15;26;603;35;0;35;909;149;390;4;4;5;4;5;5;4;0;0;0;0;0;0;0;0;0;0;1;0;0;0;0;0;1;0;0;0;0;0;0;0;0;0;0;0;0;0;0;0;0;0;0;0;1;0;0;0;0;0;0;0;0;0;0;0;0;0;1;3;1;0;0;1;0;0;0;0;7;IVAIPORÃ;REGIÃO CENTRAL;9;4
0.413700812490043;2015-11-30;17;21;24;28;727;34;17;17;23;609;34;0;34;844;114;501;5;4;4;5;4;4;4;0;0;0;0;0;0;0;0;0;1;0;0;0;0;0;0;1;0;0;0;0;0;0;0;0;0;0;0;0;0;0;0;0;0;0;0;1;0;0;0;0;0;0;0;0;0;0;0;0;0;1;3;1;0;0;1;0;0;0;0;0;IVAIPORÃ;REGIÃO CENTRAL;10;4
0.395857893898359;2015-12-31;18;22;25;28;783;33;6;18;24;657;33;0;33;910;39;181;4;5;5;4;4;4;5;0;0;1;0;0;0;0;0;0;0;0;0;0;0;0;0;1;0;0;0;0;0;0;0;0;0;0;0;0;0;0;0;0;0;0;0;1;0;0;0;0;0;0;0;0;0;0;0;0;0;1;3;1;0;0;1;0;0;0;0;0;IVAIPORÃ;REGIÃO CENTRAL;11;4
0.300780627688386;2016-01-31;17;24;26;29;799;34;4;17;24;647;34;0;34;950;20;134;5;4;4;4;5;5;4;0;0;0;0;1;0;0;0;0;0;0;0;0;0;0;0;0;1;0;0;0;0;0;0;0;0;0;0;0;0;0;0;0;0;0;0;1;0;0;0;0;0;0;0;0;0;0;0;0;0;1;3;1;0;0;1;0;31;0;0;0;IVAIPORÃ;REGIÃO CENTRAL;12;3
0.449832722638203;2016-02-29;21;23;26;29;767;33;7;21;25;647;33;0;33;887;36;196;4;4;4;5;4;4;4;0;0;0;1;0;0;0;0;0;0;0;0;0;0;0;0;0;1;0;0;0;0;0;0;0;0;0;0;0;0;0;0;0;0;0;0;1;0;0;0;0;0;0;0;0;0;0;0;0;0;1;3;1;0;0;1;0;0;3;0;0;IVAIPORÃ;REGIÃO CENTRAL;13;5
0.602134777760076;2016-03-31;15;21;24;28;755;34;3;15;22;599;34;0;34;910;22;85;4;5;5;4;4;4;5;0;0;0;0;0;0;0;0;1;0;0;0;0;0;0;0;0;1;0;0;0;0;0;0;0;0;0;0;0;0;0;0;0;0;0;0;1;0;0;0;0;0;0;0;0;0;0;0;0;0;1;3;1;0;0;1;0;0;1;0;0;IVAIPORÃ;REGIÃO CENTRAL;14;7
0.593022144336466;2016-04-30;5;11;24;29;734;34;4;5;24;575;34;0;34;894;89;116;4;4;4;4;5;5;4;1;0;0;0;0;0;0;0;0;0;0;0;0;0;0;0;0;1;0;0;0;0;0;0;0;0;0;0;0;0;0;0;0;0;0;0;1;0;0;0;0;0;0;0;0;0;0;0;0;0;1;3;1;0;0;1;0;0;0;0;0;IVAIPORÃ;REGIÃO CENTRAL;15;7
0.56307153098614;2016-05-31;8;13;18;22;550;27;11;8;18;441;27;0;27;658;106;335;5;4;4;5;4;4;5;0;0;0;0;0;0;0;1;0;0;0;0;0;0;0;0;0;1;0;0;0;0;0;0;0;0;0;0;0;0;0;0;0;0;0;0;1;0;0;0;0;0;0;0;0;0;0;0;0;0;1;3;1;0;0;1;0;0;1;0;0;IVAIPORÃ;REGIÃO CENTRAL;16;7
0.547012904253624;2016-06-30;2;10;15;20;463;25;4;2;17;322;25;0;25;604;42;118;4;5;5;4;4;4;4;0;0;0;0;0;0;1;0;0;0;0;0;0;0;0;0;0;1;0;0;0;0;0;0;0;0;0;0;0;0;0;0;0;0;0;0;1;0;0;0;0;0;0;0;0;0;0;0;0;0;1;3;1;0;0;1;0;0;0;0;0;IVAIPORÃ;REGIÃO CENTRAL;17;6
0.384451170941533;2016-07-31;5;12;18;22;558;29;3;5;19;387;29;0;29;729;65;89;5;4;4;4;5;5;4;0;0;0;0;0;1;0;0;0;0;0;0;0;0;0;0;0;1;0;0;0;0;0;0;0;0;0;0;0;0;0;0;0;0;0;0;1;0;0;0;0;0;0;0;0;0;0;0;0;0;1;3;1;0;0;1;0;14;0;0;0;IVAIPORÃ;REGIÃO CENTRAL;18;4
0.628325633264298;2016-08-31;7;13;19;24;590;32;12;7;19;443;32;0;32;736;84;363;4;5;4;5;4;4;5;0;1;0;0;0;0;0;0;0;0;0;0;0;0;0;0;0;1;0;0;0;0;0;0;0;0;0;0;0;0;0;0;0;0;0;0;1;0;0;0;0;0;0;0;0;0;0;0;0;0;1;3;1;0;0;1;0;0;0;0;0;IVAIPORÃ;REGIÃO CENTRAL;19;8
0.524072008921459;2016-09-30;7;14;20;26;607;32;3;7;20;415;32;0;32;800;34;89;4;4;5;4;5;4;4;0;0;0;0;0;0;0;0;0;0;0;1;0;0;0;0;0;1;0;0;0;0;0;0;0;0;0;0;0;0;0;0;0;0;0;0;1;0;0;0;0;0;0;0;0;0;0;0;0;0;1;3;1;0;0;1;0;0;0;0;0;IVAIPORÃ;REGIÃO CENTRAL;20;6
0.552429504540386;2016-10-31;11;18;23;30;717;37;13;11;24;533;37;0;37;901;99;416;5;4;4;5;4;5;4;0;0;0;0;0;0;0;0;0;0;1;0;0;0;0;0;0;1;0;0;0;0;0;0;0;0;0;0;0;0;0;0;0;0;0;0;1;0;0;0;0;0;0;0;0;0;0;0;0;0;1;3;1;0;0;1;0;0;0;0;0;IVAIPORÃ;REGIÃO CENTRAL;21;7
0.585884976899793;2016-11-30;13;20;25;29;741;33;2;13;25;587;33;0;33;895;15;56;4;5;4;4;4;4;5;0;0;0;0;0;0;0;0;0;1;0;0;0;0;0;0;0;1;0;0;0;0;0;0;0;0;0;0;0;0;0;0;0;0;0;0;1;0;0;0;0;0;0;0;0;0;0;0;0;0;1;3;1;0;0;1;0;0;0;0;0;IVAIPORÃ;REGIÃO CENTRAL;22;7
0.453783654612076;2016-12-31;15;20;25;29;784;35;5;15;25;646;35;0;35;923;34;150;4;4;5;4;5;5;4;0;0;1;0;0;0;0;0;0;0;0;0;0;0;0;0;0;1;0;0;0;0;0;0;0;0;0;0;0;0;0;0;0;0;0;0;1;0;0;0;0;0;0;0;0;0;0;0;0;0;1;3;1;0;0;1;0;0;0;0;0;IVAIPORÃ;REGIÃO CENTRAL;23;5
0.346471244224948;2017-01-31;18;23;26;30;814;35;4;18;26;676;35;0;35;952;36;113;5;4;4;5;4;4;5;0;0;0;0;1;0;0;0;0;0;0;0;0;0;0;0;0;0;1;0;0;0;0;0;0;0;0;0;0;0;0;0;0;0;0;0;1;0;0;0;0;0;0;0;0;0;0;0;0;0;1;3;1;0;0;1;0;31;0;0;0;IVAIPORÃ;REGIÃO CENTRAL;24;3
0.51094471881472;2017-02-28;20;24;27;30;751;35;4;20;24;614;35;0;35;889;31;125;4;4;4;4;4;4;4;0;0;0;1;0;0;0;0;0;0;0;0;0;0;0;0;0;0;1;0;0;0;0;0;0;0;0;0;0;0;0;0;0;0;0;0;1;0;0;0;0;0;0;0;0;0;0;0;0;0;1;3;1;0;0;2;0;0;2;0;0;IVAIPORÃ;REGIÃO CENTRAL;25;6
0.739588975625299;2017-03-31;15;21;25;28;760;33;3;15;23;618;33;0;33;901;24;95;4;5;5;4;5;4;4;0;0;0;0;0;0;0;0;1;0;0;0;0;0;0;0;0;0;1;0;0;0;0;0;0;0;0;0;0;0;0;0;0;0;0;0;1;0;0;0;0;0;0;0;0;0;0;0;0;0;1;3;1;0;0;2;0;0;1;0;0;IVAIPORÃ;REGIÃO CENTRAL;26;8
0.584228134459136;2017-04-30;8;16;22;26;655;30;6;8;22;519;30;0;30;791;42;193;5;4;4;4;4;5;4;1;0;0;0;0;0;0;0;0;0;0;0;0;0;0;0;0;0;1;0;0;0;0;0;0;0;0;0;0;0;0;0;0;0;0;0;1;0;0;0;0;0;0;0;0;0;0;0;0;0;1;3;1;0;0;2;0;0;1;0;0;IVAIPORÃ;REGIÃO CENTRAL;27;7
0.735510594232914;2017-05-31;15;17;20;24;631;29;5;15;21;518;29;0;29;743;71;157;4;5;4;5;4;4;5;0;0;0;0;0;0;0;1;0;0;0;0;0;0;0;0;0;0;1;0;0;0;0;0;0;0;0;0;0;0;0;0;0;0;0;0;1;0;0;0;0;0;0;0;0;0;0;0;0;0;1;3;1;0;0;2;0;0;0;0;0;IVAIPORÃ;REGIÃO CENTRAL;28;8
0.616090489087144;2017-06-30;4;12;18;23;545;28;6;4;20;398;28;0;28;691;131;190;4;4;5;4;5;4;4;0;0;0;0;0;0;1;0;0;0;0;0;0;0;0;0;0;0;1;0;0;0;0;0;0;0;0;0;0;0;0;0;0;0;0;0;1;0;0;0;0;0;0;0;0;0;0;0;0;0;1;3;1;0;0;2;0;0;1;0;0;IVAIPORÃ;REGIÃO CENTRAL;29;7
0.543762944081568;2017-07-31;2;10;18;20;546;28;0;2;15;346;28;0;28;747;5;5;5;4;4;5;4;5;4;0;0;0;0;0;1;0;0;0;0;0;0;0;0;0;0;0;0;1;0;0;0;0;0;0;0;0;0;0;0;0;0;0;0;0;0;1;0;0;0;0;0;0;0;0;0;0;0;0;0;1;3;1;0;0;2;0;16;0;0;0;IVAIPORÃ;REGIÃO CENTRAL;30;6
0.772088577345866;2017-08-31;8;14;20;25;614;33;9;8;21;446;33;0;33;782;82;292;4;5;5;4;4;4;5;0;1;0;0;0;0;0;0;0;0;0;0;0;0;0;0;0;0;1;0;0;0;0;0;0;0;0;0;0;0;0;0;0;0;0;0;1;0;0;0;0;0;0;0;0;0;0;0;0;0;1;3;1;0;0;2;0;0;0;0;0;IVAIPORÃ;REGIÃO CENTRAL;31;9
0.684913175083639;2017-09-30;14;19;24;27;730;34;2;14;21;536;34;0;34;924;35;66;4;4;4;4;5;5;4;0;0;0;0;0;0;0;0;0;0;0;1;0;0;0;0;0;0;1;0;0;0;0;0;0;0;0;0;0;0;0;0;0;0;0;0;1;0;0;0;0;0;0;0;0;0;0;0;0;0;1;3;1;0;0;2;0;0;0;0;0;IVAIPORÃ;REGIÃO CENTRAL;32;8
0.640879400987733;2017-10-31;10;18;23;29;719;36;15;10;22;544;36;0;36;894;81;469;5;4;4;5;4;4;5;0;0;0;0;0;0;0;0;0;0;1;0;0;0;0;0;0;0;1;0;0;0;0;0;0;0;0;0;0;0;0;0;0;0;0;0;1;0;0;0;0;0;0;0;0;0;0;0;0;0;1;3;1;0;0;2;0;0;0;0;0;IVAIPORÃ;REGIÃO CENTRAL;33;8
0.584100685040624;2017-11-30;14;20;24;28;719;35;5;14;23;562;35;0;35;876;46;149;4;5;5;4;4;4;4;0;0;0;0;0;0;0;0;0;1;0;0;0;0;0;0;0;0;1;0;0;0;0;0;0;0;0;0;0;0;0;0;0;0;0;0;1;0;0;0;0;0;0;0;0;0;0;0;0;0;1;3;1;0;0;2;0;0;0;0;0;IVAIPORÃ;REGIÃO CENTRAL;34;7
0.368265094790505;2017-12-31;18;23;26;30;796;35;4;18;25;664;35;0;35;928;25;139;5;4;4;4;5;5;4;0;0;1;0;0;0;0;0;0;0;0;0;0;0;0;0;0;0;1;0;0;0;0;0;0;0;0;0;0;0;0;0;0;0;0;0;1;0;0;0;0;0;0;0;0;0;0;0;0;0;1;3;1;0;0;2;0;0;0;0;0;IVAIPORÃ;REGIÃO CENTRAL;35;4
0.033837820614943;2018-01-31;18;21;25;28;787;34;7;18;23;662;34;0;34;911;58;228;4;5;4;5;4;4;5;0;0;0;0;1;0;0;0;0;0;0;0;0;0;0;0;0;0;0;1;0;0;0;0;0;0;0;0;0;0;0;0;0;0;0;0;1;0;0;0;0;0;0;0;0;0;0;0;0;0;0;3;1;0;0;2;0;31;0;0;0;IVAIPORÃ;REGIÃO CENTRAL;36;0
0.153449099888482;2018-02-28;17;21;25;27;689;33;3;17;23;556;33;0;33;822;27;87;4;4;4;4;4;4;4;0;0;0;1;0;0;0;0;0;0;0;0;0;0;0;0;0;0;0;1;0;0;0;0;0;0;0;0;0;0;0;0;0;0;0;0;1;0;0;0;0;0;0;0;0;0;0;0;0;0;0;3;1;0;0;2;0;0;3;0;0;IVAIPORÃ;REGIÃO CENTRAL;37;1
0.569571451330253;2018-03-31;18;22;26;29;794;34;7;18;24;658;34;0;34;929;42;204;4;4;5;4;5;5;4;0;0;0;0;0;0;0;0;1;0;0;0;0;0;0;0;0;0;0;1;0;0;0;0;0;0;0;0;0;0;0;0;0;0;0;0;1;0;0;0;0;0;0;0;0;0;0;0;0;0;0;3;1;0;0;2;0;0;1;0;0;IVAIPORÃ;REGIÃO CENTRAL;38;7
0.37266209972917;2018-04-30;15;21;24;26;711;31;0;15;22;546;31;0;31;876;4;10;5;4;4;5;4;4;4;1;0;0;0;0;0;0;0;0;0;0;0;0;0;0;0;0;0;0;1;0;0;0;0;0;0;0;0;0;0;0;0;0;0;0;0;1;0;0;0;0;0;0;0;0;0;0;0;0;0;0;3;1;0;0;2;0;0;0;0;0;IVAIPORÃ;REGIÃO CENTRAL;39;4
0.32932929743508;2018-05-31;7;14;20;24;624;30;2;7;20;466;30;0;30;781;43;69;4;5;5;4;4;4;5;0;0;0;0;0;0;0;1;0;0;0;0;0;0;0;0;0;0;0;1;0;0;0;0;0;0;0;0;0;0;0;0;0;0;0;0;1;0;0;0;0;0;0;0;0;0;0;0;0;0;0;3;1;0;0;2;0;0;1;0;0;IVAIPORÃ;REGIÃO CENTRAL;40;3
0.424916361319102;2018-06-30;6;13;18;24;554;30;2;6;21;433;30;0;30;675;35;75;4;4;4;4;5;5;4;0;0;0;0;0;0;1;0;0;0;0;0;0;0;0;0;0;0;0;1;0;0;0;0;0;0;0;0;0;0;0;0;0;0;0;0;1;0;0;0;0;0;0;0;0;0;0;0;0;0;0;3;1;0;0;2;0;0;0;0;0;IVAIPORÃ;REGIÃO CENTRAL;41;4
0.234506930062132;2018-07-31;6;12;20;24;615;30;0;6;18;433;30;0;30;797;11;12;5;4;4;5;4;4;5;0;0;0;0;0;1;0;0;0;0;0;0;0;0;0;0;0;0;0;1;0;0;0;0;0;0;0;0;0;0;0;0;0;0;0;0;1;0;0;0;0;0;0;0;0;0;0;0;0;0;0;3;1;0;0;2;0;16;0;0;0;IVAIPORÃ;REGIÃO CENTRAL;42;2
0.313589294248845;2018-08-31;5;12;18;24;556;31;10;5;18;408;31;0;31;704;99;307;4;5;5;4;5;4;4;0;1;0;0;0;0;0;0;0;0;0;0;0;0;0;0;0;0;0;1;0;0;0;0;0;0;0;0;0;0;0;0;0;0;0;0;1;0;0;0;0;0;0;0;0;0;0;0;0;0;0;3;1;0;0;2;0;0;0;0;0;IVAIPORÃ;REGIÃO CENTRAL;43;3
0.346025171260156;2018-09-30;9;15;21;28;642;34;7;9;22;494;34;0;34;791;95;197;5;4;4;4;4;5;4;0;0;0;0;0;0;0;0;0;0;0;1;0;0;0;0;0;0;0;1;0;0;0;0;0;0;0;0;0;0;0;0;0;0;0;0;1;0;0;0;0;0;0;0;0;0;0;0;0;0;0;3;1;0;0;2;0;0;0;0;0;IVAIPORÃ;REGIÃO CENTRAL;44;3
0.387828580532101;2018-10-31;16;19;23;26;720;32;9;16;22;592;32;0;32;849;72;286;4;5;4;5;4;4;5;0;0;0;0;0;0;0;0;0;0;1;0;0;0;0;0;0;0;0;1;0;0;0;0;0;0;0;0;0;0;0;0;0;0;0;0;1;0;0;0;0;0;0;0;0;0;0;0;0;0;0;3;1;0;0;2;0;0;0;0;0;IVAIPORÃ;REGIÃO CENTRAL;45;4
0.307662896288036;2018-11-30;15;21;25;30;740;35;3;15;26;571;35;0;35;910;50;102;4;4;5;4;5;4;4;0;0;0;0;0;0;0;0;0;1;0;0;0;0;0;0;0;0;0;1;0;0;0;0;0;0;0;0;0;0;0;0;0;0;0;0;1;0;0;0;0;0;0;0;0;0;0;0;0;0;0;3;1;0;0;2;0;0;0;0;0;IVAIPORÃ;REGIÃO CENTRAL;46;3
0.233232435877011;2018-12-31;16;21;27;30;828;36;3;16;26;658;36;0;36;999;24;89;5;4;4;5;4;5;4;0;0;1;0;0;0;0;0;0;0;0;0;0;0;0;0;0;0;0;1;0;0;0;0;0;0;0;0;0;0;0;0;0;0;0;0;1;0;0;0;0;0;0;0;0;0;0;0;0;0;0;3;1;0;0;2;0;0;0;0;0;IVAIPORÃ;REGIÃO CENTRAL;47;2
0.132993468217301;2019-01-31;20;25;28;30;860;36;5;20;27;716;36;0;36;1004;44;166;4;5;5;4;4;4;5;0;0;0;0;1;0;0;0;0;0;0;0;0;0;0;0;0;0;0;0;1;0;0;0;0;0;0;0;0;0;0;0;0;0;0;0;1;0;0;0;0;0;0;0;0;0;0;0;0;0;0;3;1;0;0;2;0;31;0;0;0;IVAIPORÃ;REGIÃO CENTRAL;48;1
0.361319101481599;2019-02-28;18;22;26;31;726;37;10;18;25;596;37;0;37;855;125;272;4;4;4;4;4;4;4;0;0;0;1;0;0;0;0;0;0;0;0;0;0;0;0;0;0;0;0;1;0;0;0;0;0;0;0;0;0;0;0;0;0;0;0;1;0;0;0;0;0;0;0;0;0;0;0;0;0;1;3;1;1;1;3;0;0;0;0;0;IVAIPORÃ;REGIÃO CENTRAL;49;4
0.440847538633105;2019-03-31;17;22;25;27;778;32;5;17;23;639;32;0;32;916;65;161;5;4;4;4;5;5;4;0;0;0;0;0;0;0;0;1;0;0;0;0;0;0;0;0;0;0;0;1;0;0;0;0;0;0;0;0;0;0;0;0;0;0;0;1;0;0;0;0;0;0;0;0;0;0;0;0;0;1;3;1;1;1;3;0;0;3;0;0;IVAIPORÃ;REGIÃO CENTRAL;50;5
0.455504221761988;2019-04-30;14;21;24;26;716;31;1;14;23;582;31;0;31;849;13;32;4;4;4;5;4;4;5;1;0;0;0;0;0;0;0;0;0;0;0;0;0;0;0;0;0;0;0;1;0;0;0;0;0;0;0;0;0;0;0;0;0;0;0;1;0;0;0;0;0;0;0;0;0;0;0;0;0;1;3;1;1;1;3;0;0;1;0;0;IVAIPORÃ;REGIÃO CENTRAL;51;5
0.441293611597897;2019-05-31;10;14;21;26;646;30;7;10;22;543;30;0;30;748;62;208;4;5;5;4;5;4;4;0;0;0;0;0;0;0;1;0;0;0;0;0;0;0;0;0;0;0;0;1;0;0;0;0;0;0;0;0;0;0;0;0;0;0;0;1;0;0;0;0;0;0;0;0;0;0;0;0;0;1;3;1;1;1;3;0;0;0;0;0;IVAIPORÃ;REGIÃO CENTRAL;52;5
0.305496256173331;2019-06-30;8;13;20;24;591;28;1;8;19;452;28;0;28;729;14;34;5;4;4;4;4;5;4;0;0;0;0;0;0;1;0;0;0;0;0;0;0;0;0;0;0;0;0;1;0;0;0;0;0;0;0;0;0;0;0;0;0;0;0;1;0;0;0;0;0;0;0;0;0;0;0;0;0;1;3;1;1;1;3;0;0;1;0;0;IVAIPORÃ;REGIÃO CENTRAL;53;3
0.249482236737295;2019-07-31;1;9;18;23;567;29;1;1;19;405;29;0;29;729;26;31;4;5;4;5;4;4;5;0;0;0;0;0;1;0;0;0;0;0;0;0;0;0;0;0;0;0;0;1;0;0;0;0;0;0;0;0;0;0;0;0;0;0;0;1;0;0;0;0;0;0;0;0;0;0;0;0;0;1;3;1;1;1;3;0;16;0;0;0;IVAIPORÃ;REGIÃO CENTRAL;54;2
0.293069937868408;2019-08-31;6;12;19;24;604;31;0;6;19;431;31;0;31;778;3;3;4;4;5;4;5;5;4;0;1;0;0;0;0;0;0;0;0;0;0;0;0;0;0;0;0;0;0;1;0;0;0;0;0;0;0;0;0;0;0;0;0;0;0;1;0;0;0;0;0;0;0;0;0;0;0;0;0;1;3;1;1;1;3;0;0;0;0;0;IVAIPORÃ;REGIÃO CENTRAL;55;3
0.469396208379799;2019-09-30;13;17;23;30;696;35;2;13;24;545;35;0;35;847;22;62;5;4;4;5;4;4;4;0;0;0;0;0;0;0;0;0;0;0;1;0;0;0;0;0;0;0;0;1;0;0;0;0;0;0;0;0;0;0;0;0;0;0;0;1;0;0;0;0;0;0;0;0;0;0;0;0;0;1;3;1;1;1;3;0;0;0;0;0;IVAIPORÃ;REGIÃO CENTRAL;56;5
0.503935000796559;2019-10-31;15;20;26;31;807;38;4;15;25;621;38;0;38;992;34;120;4;5;5;4;4;4;5;0;0;0;0;0;0;0;0;0;0;1;0;0;0;0;0;0;0;0;0;1;0;0;0;0;0;0;0;0;0;0;0;0;0;0;0;1;0;0;0;0;0;0;0;0;0;0;0;0;0;1;3;1;1;1;3;0;0;0;0;0;IVAIPORÃ;REGIÃO CENTRAL;57;6
0.409622431097658;2019-11-30;16;23;26;30;773;38;5;16;25;595;38;0;38;950;65;161;4;4;4;4;5;5;4;0;0;0;0;0;0;0;0;0;1;0;0;0;0;0;0;0;0;0;0;1;0;0;0;0;0;0;0;0;0;0;0;0;0;0;0;1;0;0;0;0;0;0;0;0;0;0;0;0;0;1;3;1;1;1;3;0;0;0;0;0;IVAIPORÃ;REGIÃO CENTRAL;58;4
0.145738410068504;2019-12-31;17;21;25;28;773;34;6;17;23;620;34;0;34;925;39;195;5;4;4;5;4;4;5;0;0;1;0;0;0;0;0;0;0;0;0;0;0;0;0;0;0;0;0;1;0;0;0;0;0;0;0;0;0;0;0;0;0;0;0;1;0;0;0;0;0;0;0;0;0;0;0;0;0;1;3;1;1;1;3;0;0;0;0;0;IVAIPORÃ;REGIÃO CENTRAL;59;1
0.052572885136212;2020-01-31;18;21;26;29;798;34;4;18;24;665;34;0;34;932;24;135;4;5;5;4;5;4;4;0;0;0;0;1;0;0;0;0;0;0;0;0;0;0;0;0;0;0;0;0;1;0;0;0;0;0;0;0;0;0;0;0;0;0;0;1;0;0;0;0;0;0;0;0;0;0;0;0;0;1;3;1;1;1;3;0;31;0;0;0;IVAIPORÃ;REGIÃO CENTRAL;60;0
0.327226382029632;2020-02-29;16;23;25;29;736;35;2;16;24;598;35;0;35;873;29;55;4;4;4;4;4;5;4;0;0;0;1;0;0;0;0;0;0;0;0;0;0;0;0;0;0;0;0;0;1;0;0;0;0;0;0;0;0;0;0;0;0;0;0;1;0;0;0;0;0;0;0;0;0;0;0;0;0;1;3;1;1;1;3;0;0;3;0;0;IVAIPORÃ;REGIÃO CENTRAL;61;3
0.31703042854867;2020-03-31;16;22;25;28;764;35;3;16;23;584;35;0;35;945;30;98;5;4;4;5;4;4;5;0;0;0;0;0;0;0;0;1;0;0;0;0;0;0;0;0;0;0;0;0;1;0;0;0;0;0;0;0;0;0;0;0;0;0;0;1;0;0;0;0;0;0;0;0;0;0;0;0;0;1;3;1;1;1;3;0;0;0;15;0;IVAIPORÃ;REGIÃO CENTRAL;62;3
0.102851680739207;2020-04-30;10;17;22;26;668;33;3;10;21;486;33;0;33;851;54;88;4;5;5;4;4;4;4;1;0;0;0;0;0;0;0;0;0;0;0;0;0;0;0;0;0;0;0;0;1;0;0;0;0;0;0;0;0;0;0;0;0;0;0;1;0;0;0;0;0;0;0;0;0;0;0;0;0;1;3;1;1;1;3;0;0;1;30;0;IVAIPORÃ;REGIÃO CENTRAL;63;1
0.085900908077107;2020-05-31;7;13;19;24;592;30;5;7;19;415;30;0;30;768;128;162;5;4;4;4;5;5;4;0;0;0;0;0;0;0;1;0;0;0;0;0;0;0;0;0;0;0;0;0;1;0;0;0;0;0;0;0;0;0;0;0;0;0;0;1;0;0;0;0;0;0;0;0;0;0;0;0;0;1;3;1;1;1;3;0;0;0;31;0;IVAIPORÃ;REGIÃO CENTRAL;64;1
0.086410705751155;2020-06-30;10;16;20;23;586;29;9;10;19;458;29;0;29;714;76;274;4;4;4;5;4;4;5;0;0;0;0;0;0;1;0;0;0;0;0;0;0;0;0;0;0;0;0;0;1;0;0;0;0;0;0;0;0;0;0;0;0;0;0;1;0;0;0;0;0;0;0;0;0;0;0;0;0;1;3;1;1;1;3;0;0;1;30;0;IVAIPORÃ;REGIÃO CENTRAL;65;1
0.083033296160586;2020-07-31;5;11;19;23;578;28;2;5;18;411;28;0;28;744;50;57;4;5;5;4;5;4;4;0;0;0;0;0;1;0;0;0;0;0;0;0;0;0;0;0;0;0;0;0;1;0;0;0;0;0;0;0;0;0;0;0;0;0;0;1;0;0;0;0;0;0;0;0;0;0;0;0;0;1;3;1;1;1;3;0;0;0;31;0;IVAIPORÃ;REGIÃO CENTRAL;66;1
0.055376772343476;2020-08-31;4;11;19;25;588;33;9;4;18;418;33;0;33;757;86;281;5;4;4;5;4;5;4;0;1;0;0;0;0;0;0;0;0;0;0;0;0;0;0;0;0;0;0;0;1;0;0;0;0;0;0;0;0;0;0;0;0;0;0;1;0;0;0;0;0;0;0;0;0;0;0;0;0;1;3;1;1;1;3;0;0;0;31;0;IVAIPORÃ;REGIÃO CENTRAL;67;0
0.043205352875578;2020-09-30;13;18;25;29;736;36;1;13;21;547;36;0;36;924;26;41;4;5;4;4;4;4;5;0;0;0;0;0;0;0;0;0;0;0;1;0;0;0;0;0;0;0;0;0;1;0;0;0;0;0;0;0;0;0;0;0;0;0;0;1;0;0;0;0;0;0;0;0;0;0;0;0;0;1;3;1;1;1;3;0;0;0;30;0;IVAIPORÃ;REGIÃO CENTRAL;68;0
0.037597578461048;2020-10-31;14;20;25;32;779;40;1;14;25;584;40;0;40;974;18;36;4;4;5;4;5;5;4;0;0;0;0;0;0;0;0;0;0;1;0;0;0;0;0;0;0;0;0;0;1;0;0;0;0;0;0;0;0;0;0;0;0;0;0;1;0;0;0;0;0;0;0;0;0;0;0;0;0;1;3;1;1;1;3;0;0;0;31;0;IVAIPORÃ;REGIÃO CENTRAL;69;0
0.031734905209495;2020-11-30;12;20;25;29;749;37;4;12;24;544;37;0;37;954;36;114;5;4;4;5;4;4;4;0;0;0;0;0;0;0;0;0;1;0;0;0;0;0;0;0;0;0;0;0;1;0;0;0;0;0;0;0;0;0;0;0;0;0;0;1;0;0;0;0;0;0;0;0;0;0;0;0;0;1;3;1;1;1;3;0;0;0;30;0;IVAIPORÃ;REGIÃO CENTRAL;70;0
0.01981838457862;2020-12-31;17;22;25;27;782;33;6;17;22;625;33;0;33;939;52;196;4;5;5;4;4;4;5;0;0;1;0;0;0;0;0;0;0;0;0;0;0;0;0;0;0;0;0;0;1;0;0;0;0;0;0;0;0;0;0;0;0;0;0;1;0;0;0;0;0;0;0;0;0;0;0;0;0;0;3;1;1;1;3;0;0;0;31;0;IVAIPORÃ;REGIÃO CENTRAL;71;0
0.015867452604748;2021-01-31;18;23;25;28;776;33;9;18;23;657;33;0;33;895;67;284;5;4;4;4;5;5;4;0;0;0;0;1;0;0;0;0;0;0;0;1;0;0;0;0;0;0;0;0;0;0;0;0;0;0;0;0;0;0;0;0;0;0;0;1;0;0;0;0;0;0;0;0;0;0;0;0;0;0;3;0;1;1;3;0;0;0;31;0;IVAIPORÃ;REGIÃO CENTRAL;72;0
0.0;2021-02-28;17;22;25;27;695;34;3;17;22;541;34;0;34;849;29;73;4;4;4;4;4;4;4;0;0;0;1;0;0;0;0;0;0;0;0;1;0;0;0;0;0;0;0;0;0;0;0;0;0;0;0;0;0;0;0;0;0;0;0;1;0;0;0;0;0;0;0;0;0;0;0;0;0;0;3;0;1;1;3;0;0;3;28;0;IVAIPORÃ;REGIÃO CENTRAL;73;0
0.041548510434921;2021-03-31;15;21;25;28;784;34;3;15;22;620;34;0;34;947;26;99;4;5;4;5;4;4;5;0;0;0;0;0;0;0;0;1;0;0;0;1;0;0;0;0;0;0;0;0;0;0;0;0;0;0;0;0;0;0;0;0;0;0;0;1;0;0;0;0;0;0;0;0;0;0;0;0;0;0;3;0;1;1;3;0;0;0;31;0;IVAIPORÃ;REGIÃO CENTRAL;74;0
0.039381870320217;2021-04-30;13;19;22;26;659;32;0;13;21;486;32;0;32;831;1;1;4;4;5;4;5;4;4;1;0;0;0;0;0;0;0;0;0;0;0;1;0;0;0;0;0;0;0;0;0;0;0;0;0;0;0;0;0;0;0;0;0;0;0;1;0;0;0;0;0;0;0;0;0;0;0;0;0;0;3;0;1;1;3;0;0;1;30;0;IVAIPORÃ;REGIÃO CENTRAL;75;0
0.033646646487175;2021-05-31;7;14;20;24;605;29;3;7;20;437;29;0;29;773;28;103;5;4;4;5;4;5;4;0;0;0;0;0;0;0;1;0;0;0;0;1;0;0;0;0;0;0;0;0;0;0;0;0;0;0;0;0;0;0;0;0;0;0;0;1;0;0;0;0;0;0;0;0;0;0;0;0;0;0;3;0;1;1;3;0;0;0;31;0;IVAIPORÃ;REGIÃO CENTRAL;76;0
0.029823163931815;2021-06-30;1;6;17;22;514;27;3;1;17;385;27;0;27;644;63;97;4;5;4;4;4;4;5;0;0;0;0;0;0;1;0;0;0;0;0;1;0;0;0;0;0;0;0;0;0;0;0;0;0;0;0;0;0;0;0;0;0;0;0;1;0;0;0;0;0;0;0;0;0;0;0;0;0;0;3;0;1;1;3;0;0;1;30;0;IVAIPORÃ;REGIÃO CENTRAL;77;0
0.029695714513303;2021-07-31;0;7;16;21;499;29;4;0;16;297;29;0;29;700;73;119;4;4;5;4;5;5;4;0;0;0;0;0;1;0;0;0;0;0;0;1;0;0;0;0;0;0;0;0;0;0;0;0;0;0;0;0;0;0;0;0;0;0;0;1;0;0;0;0;0;0;0;0;0;0;0;0;0;0;3;0;1;1;3;0;0;0;31;0;IVAIPORÃ;REGIÃO CENTRAL;78;0
0.023769316552493;2021-08-31;8;15;21;27;652;35;1;8;20;460;35;0;35;843;11;28;5;4;4;5;4;4;5;0;1;0;0;0;0;0;0;0;0;0;0;1;0;0;0;0;0;0;0;0;0;0;0;0;0;0;0;0;0;0;0;0;0;0;0;1;0;0;0;0;0;0;0;0;0;0;0;0;0;0;3;0;1;1;3;0;0;0;31;0;IVAIPORÃ;REGIÃO CENTRAL;79;0
0.025999681376454;2021-09-30;12;19;24;30;731;37;2;12;24;537;37;0;37;924;22;53;4;5;5;4;4;4;4;0;0;0;0;0;0;0;0;0;0;0;1;1;0;0;0;0;0;0;0;0;0;0;0;0;0;0;0;0;0;0;0;0;0;0;0;1;0;0;0;0;0;0;0;0;0;0;0;0;0;0;3;0;1;1;3;0;0;0;30;0;IVAIPORÃ;REGIÃO CENTRAL;80;0
0.057352238330413;2021-10-31;12;18;22;26;671;32;21;12;21;523;32;0;32;820;174;662;5;4;4;4;5;5;4;0;0;0;0;0;0;0;0;0;0;1;0;1;0;0;0;0;0;0;0;0;0;0;0;0;0;0;0;0;0;0;0;0;0;0;0;1;0;0;0;0;0;0;0;0;0;0;0;0;0;0;3;0;1;1;3;0;0;0;0;0;IVAIPORÃ;REGIÃO CENTRAL;81;0
0.117763262705114;2021-11-30;14;20;25;28;750;35;1;14;22;553;35;0;35;948;21;37;4;4;4;5;4;4;5;0;0;0;0;0;0;0;0;0;1;0;0;1;0;0;0;0;0;0;0;0;0;0;0;0;0;0;0;0;0;0;0;0;0;0;0;1;0;0;0;0;0;0;0;0;0;0;0;0;0;0;3;0;1;1;3;0;0;0;0;0;IVAIPORÃ;REGIÃO CENTRAL;82;1
0.167978333598853;2021-12-31;15;22;26;30;803;37;3;15;22;594;37;0;37;1011;76;99;4;5;5;4;5;4;4;0;0;1;0;0;0;0;0;0;0;0;0;1;0;0;0;0;0;0;0;0;0;0;0;0;0;0;0;0;0;0;0;0;0;0;0;1;0;0;0;0;0;0;0;0;0;0;0;0;0;0;3;0;1;1;3;0;0;0;0;0;IVAIPORÃ;REGIÃO CENTRAL;83;1
0.1976103234029;2022-01-31;18;22;26;30;803;36;5;18;23;640;36;0;36;967;34;140;5;4;4;5;4;5;4;0;0;0;0;1;0;0;0;0;0;0;0;0;1;0;0;0;0;0;0;0;0;0;0;0;0;0;0;0;0;0;0;0;0;0;0;1;0;0;0;0;0;0;0;0;0;0;0;0;0;0;3;0;1;1;3;0;31;0;0;0;IVAIPORÃ;REGIÃO CENTRAL;84;2
0.224820774255217;2022-02-28;17;24;26;30;742;37;5;17;24;571;37;0;37;913;54;145;4;4;4;4;4;4;4;0;0;0;1;0;0;0;0;0;0;0;0;0;1;0;0;0;0;0;0;0;0;0;0;0;0;0;0;0;0;0;0;0;0;0;0;1;0;0;0;0;0;0;0;0;0;0;0;0;0;0;3;0;1;1;3;0;0;1;0;0;IVAIPORÃ;REGIÃO CENTRAL;85;2
0.268727098932611;2022-03-31;17;21;25;29;789;35;11;17;23;632;35;0;35;946;71;352;4;5;5;4;4;4;5;0;0;0;0;0;0;0;0;1;0;0;0;0;1;0;0;0;0;0;0;0;0;0;0;0;0;0;0;0;0;0;0;0;0;0;0;1;0;0;0;0;0;0;0;0;0;0;0;0;0;0;3;0;1;1;3;0;0;1;0;0;IVAIPORÃ;REGIÃO CENTRAL;86;2
0.345260474749084;2022-04-30;12;17;22;26;673;31;7;12;21;520;31;0;31;827;67;199;4;4;4;4;5;5;4;1;0;0;0;0;0;0;0;0;0;0;0;0;1;0;0;0;0;0;0;0;0;0;0;0;0;0;0;0;0;0;0;0;0;0;0;1;0;0;0;0;0;0;0;0;0;0;0;0;0;0;3;0;1;1;3;0;0;1;0;0;IVAIPORÃ;REGIÃO CENTRAL;87;3
0.523562211247411;2022-05-31;5;9;18;24;561;30;3;5;20;413;30;0;30;709;43;100;5;4;4;5;4;4;5;0;0;0;0;0;0;0;1;0;0;0;0;0;1;0;0;0;0;0;0;0;0;0;0;0;0;0;0;0;0;0;0;0;0;0;0;1;0;0;0;0;0;0;0;0;0;0;0;0;0;0;3;0;1;1;3;0;0;0;0;0;IVAIPORÃ;REGIÃO CENTRAL;88;6
0.540258085072487;2022-06-30;4;11;18;22;541;28;3;4;17;391;28;0;28;691;42;83;4;5;5;4;4;4;4;0;0;0;0;0;0;1;0;0;0;0;0;0;1;0;0;0;0;0;0;0;0;0;0;0;0;0;0;0;0;0;0;0;0;0;0;1;0;0;0;0;0;0;0;0;0;0;0;0;0;0;3;0;1;1;3;0;0;1;0;0;IVAIPORÃ;REGIÃO CENTRAL;89;6
0.359598534331687;2022-07-31;7;15;21;23;642;30;1;7;17;452;30;0;30;832;8;17;5;4;4;4;5;5;4;0;0;0;0;0;1;0;0;0;0;0;0;0;1;0;0;0;0;0;0;0;0;0;0;0;0;0;0;0;0;0;0;0;0;0;0;1;0;0;0;0;0;0;0;0;0;0;0;0;0;0;3;0;1;1;3;0;0;0;0;0;IVAIPORÃ;REGIÃO CENTRAL;90;4
0.525537677234348;2022-08-31;5;11;19;24;578;32;5;5;19;403;32;0;32;753;47;162;4;5;4;5;4;4;5;0;1;0;0;0;0;0;0;0;0;0;0;0;1;0;0;0;0;0;0;0;0;0;0;0;0;0;0;0;0;0;0;0;0;0;0;1;0;0;0;0;0;0;0;0;0;0;0;0;0;0;3;0;1;1;3;0;0;0;0;0;IVAIPORÃ;REGIÃO CENTRAL;91;6
0.549816791460889;2022-09-30;8;14;19;26;558;33;10;8;20;422;33;0;33;694;91;313;4;4;5;4;5;4;4;0;0;0;0;0;0;0;0;0;0;0;1;0;1;0;0;0;0;0;0;0;0;0;0;0;0;0;0;0;0;0;0;0;0;0;0;1;0;0;0;0;0;0;0;0;0;0;0;0;0;0;3;0;1;1;3;0;0;0;0;0;IVAIPORÃ;REGIÃO CENTRAL;92;6
0.422813445913653;2022-10-31;-5;12;22;26;694;34;12;-5;21;516;34;0;34;871;78;370;5;4;4;5;4;5;4;0;0;0;0;0;0;0;0;0;0;1;0;0;1;0;0;0;0;0;0;0;0;0;0;0;0;0;0;0;0;0;0;0;0;0;0;1;0;0;0;0;0;0;0;0;0;0;0;0;0;0;3;0;1;1;3;0;0;0;0;0;IVAIPORÃ;REGIÃO CENTRAL;93;4
0.331878285805321;2022-11-30;11;14;22;26;665;34;2;11;20;475;34;0;34;854;27;69;4;5;4;4;4;4;5;0;0;0;0;0;0;0;0;0;1;0;0;0;1;0;0;0;0;0;0;0;0;0;0;0;0;0;0;0;0;0;0;0;0;0;0;1;0;0;0;0;0;0;0;0;0;0;0;0;0;0;3;0;1;1;3;0;0;0;0;0;IVAIPORÃ;REGIÃO CENTRAL;94;3
0.393181456109606;2022-12-31;-7;13;24;28;759;34;6;-7;23;578;34;0;34;940;56;190;4;4;5;4;5;5;4;0;0;1;0;0;0;0;0;0;0;0;0;0;1;0;0;0;0;0;0;0;0;0;0;0;0;0;0;0;0;0;0;0;0;0;0;1;0;0;0;0;0;0;0;0;0;0;0;0;0;0;3;0;1;1;3;0;0;0;0;0;IVAIPORÃ;REGIÃO CENTRAL;95;4
0.260825234984865;2023-01-31;16;21;25;27;769;33;7;16;22;616;33;0;33;921;56;217;5;4;4;5;4;4;5;0;0;0;0;1;0;0;0;0;0;0;0;0;0;1;0;0;0;0;0;0;0;0;0;0;0;0;0;0;0;0;0;0;0;0;0;1;0;0;0;0;0;0;0;0;0;0;0;0;0;0;3;0;1;1;3;0;31;0;0;0;IVAIPORÃ;REGIÃO CENTRAL;96;2
0.529934682173013;2023-02-28;13;19;24;27;678;34;12;13;22;550;34;0;34;806;62;329;4;4;4;4;4;4;4;0;0;0;1;0;0;0;0;0;0;0;0;0;0;1;0;0;0;0;0;0;0;0;0;0;0;0;0;0;0;0;0;0;0;0;0;1;0;0;0;0;0;0;0;0;0;0;0;0;0;0;3;0;1;1;3;0;0;3;0;0;IVAIPORÃ;REGIÃO CENTRAL;97;6
0.879146088895969;2023-03-31;18;23;26;28;792;34;8;18;22;624;34;0;34;959;58;238;4;5;5;4;5;4;4;0;0;0;0;0;0;0;0;1;0;0;0;0;0;1;0;0;0;0;0;0;0;0;0;0;0;0;0;0;0;0;0;0;0;0;0;1;0;0;0;0;0;0;0;0;0;0;0;0;0;0;3;0;1;1;3;0;0;0;0;0;IVAIPORÃ;REGIÃO CENTRAL;98;9
0.513493707184961;2023-04-30;11;18;22;27;667;33;5;11;20;514;33;0;33;821;52;163;5;4;4;4;4;5;4;1;0;0;0;0;0;0;0;0;0;0;0;0;0;1;0;0;0;0;0;0;0;0;0;0;0;0;0;0;0;0;0;0;0;0;0;1;0;0;0;0;0;0;0;0;0;0;0;0;0;0;3;0;1;1;3;0;0;1;0;0;IVAIPORÃ;REGIÃO CENTRAL;99;6
0.452445435717699;2023-05-31;10;16;20;25;633;29;3;10;20;465;29;0;29;801;32;86;4;5;4;5;4;4;5;0;0;0;0;0;0;0;1;0;0;0;0;0;0;1;0;0;0;0;0;0;0;0;0;0;0;0;0;0;0;0;0;0;0;0;0;1;0;0;0;0;0;0;0;0;0;0;0;0;0;0;3;0;1;1;3;0;0;0;0;0;IVAIPORÃ;REGIÃO CENTRAL;100;5
0.498199776963518;2023-06-30;7;11;18;23;549;29;4;7;17;380;29;0;29;718;46;110;4;4;5;4;5;4;4;0;0;0;0;0;0;1;0;0;0;0;0;0;0;1;0;0;0;0;0;0;0;0;0;0;0;0;0;0;0;0;0;0;0;0;0;1;0;0;0;0;0;0;0;0;0;0;0;0;0;0;3;0;1;1;3;0;0;1;0;0;IVAIPORÃ;REGIÃO CENTRAL;101;6
0.298359088736658;2023-07-31;6;12;19;23;591;29;2;6;18;423;29;0;29;758;15;62;5;4;4;5;4;5;4;0;0;0;0;0;1;0;0;0;0;0;0;0;0;1;0;0;0;0;0;0;0;0;0;0;0;0;0;0;0;0;0;0;0;0;0;1;0;0;0;0;0;0;0;0;0;0;0;0;0;0;3;0;1;1;3;0;15;0;0;0;IVAIPORÃ;REGIÃO CENTRAL;102;3
0.393181456109606;2023-08-31;9;15;21;27;650;34;8;9;20;454;34;0;34;846;120;250;4;5;5;4;4;4;5;0;1;0;0;0;0;0;0;0;0;0;0;0;0;1;0;0;0;0;0;0;0;0;0;0;0;0;0;0;0;0;0;0;0;0;0;1;0;0;0;0;0;0;0;0;0;0;0;0;0;0;3;0;1;1;3;0;0;0;0;0;IVAIPORÃ;REGIÃO CENTRAL;103;4
0.570845945515374;2023-09-30;9;17;24;30;735;37;7;9;25;545;37;0;37;925;79;206;4;4;4;4;5;5;4;0;0;0;0;0;0;0;0;0;0;0;1;0;0;1;0;0;0;0;0;0;0;0;0;0;0;0;0;0;0;0;0;0;0;0;0;1;0;0;0;0;0;0;0;0;0;0;0;0;0;0;3;0;1;1;3;0;0;0;0;0;IVAIPORÃ;REGIÃO CENTRAL;104;7
0.568997928946949;2023-10-31;16;21;25;29;770;36;16;16;24;599;36;0;36;941;140;496;5;4;4;5;4;4;5;0;0;0;0;0;0;0;0;0;0;1;0;0;0;1;0;0;0;0;0;0;0;0;0;0;0;0;0;0;0;0;0;0;0;0;0;1;0;0;0;0;0;0;0;0;0;0;0;0;0;0;3;0;1;1;3;0;0;0;0;0;IVAIPORÃ;REGIÃO CENTRAL;105;7
0.666433009399394;2023-11-30;11;18;25;31;759;38;10;11;25;582;38;0;38;937;66;299;4;5;5;4;4;4;4;0;0;0;0;0;0;0;0;0;1;0;0;0;0;1;0;0;0;0;0;0;0;0;0;0;0;0;0;0;0;0;0;0;0;0;0;1;0;0;0;0;0;0;0;0;0;0;0;0;0;0;3;0;1;1;3;0;0;0;0;0;IVAIPORÃ;REGIÃO CENTRAL;106;8
0.495905687430301;2023-12-31;17;22;27;29;831;37;6;17;23;636;37;0;37;1025;43;180;5;4;4;4;5;5;4;0;0;1;0;0;0;0;0;0;0;0;0;0;0;1;0;0;0;0;0;0;0;0;0;0;0;0;0;0;0;0;0;0;0;0;0;1;0;0;0;0;0;0;0;0;0;0;0;0;0;0;3;0;1;1;3;0;0;0;0;0;IVAIPORÃ;REGIÃO CENTRAL;107;6
0.282555360841166;2024-01-31;16;20;26;31;815;38;8;16;24;634;38;0;38;997;72;242;4;5;4;5;4;4;5;0;0;0;0;1;0;0;0;0;0;0;0;0;0;0;1;0;0;0;0;0;0;0;0;0;0;0;0;0;0;0;0;0;0;0;0;1;0;0;0;0;0;0;0;0;0;0;0;0;0;0;3;0;1;1;3;0;31;0;0;0;IVAIPORÃ;REGIÃO CENTRAL;108;2
0.683638680898518;2024-02-29;19;23;27;29;785;36;3;19;24;620;36;0;36;951;30;96;4;4;5;4;4;4;4;0;0;0;1;0;0;0;0;0;0;0;0;0;0;0;1;0;0;0;0;0;0;0;0;0;0;0;0;0;0;0;0;0;0;0;0;1;0;0;0;0;0;0;0;0;0;0;0;0;0;0;3;0;1;1;3;0;0;3;0;0;IVAIPORÃ;REGIÃO CENTRAL;109;8
1.0;2024-03-31;18;21;27;30;834;37;2;18;25;655;37;0;37;1013;14;53;5;4;4;4;5;5;4;0;0;0;0;0;0;0;0;1;0;0;0;0;0;0;1;0;0;0;0;0;0;0;0;0;0;0;0;0;0;0;0;0;0;0;0;1;0;0;0;0;0;0;0;0;0;0;0;0;0;0;3;0;1;1;3;0;0;1;0;0;IVAIPORÃ;REGIÃO CENTRAL;110;9
0.740990919228931;2024-04-30;14;20;25;28;747;34;4;14;22;589;34;0;34;905;47;131;4;4;4;5;4;4;5;1;0;0;0;0;0;0;0;0;0;0;0;0;0;0;1;0;0;0;0;0;0;0;0;0;0;0;0;0;0;0;0;0;0;0;0;1;0;0;0;0;0;0;0;0;0;0;0;0;0;0;3;0;1;1;3;0;0;0;0;0;IVAIPORÃ;REGIÃO CENTRAL;111;8
0.345770272423132;2024-05-31;6;12;22;28;681;33;1;6;22;522;33;0;33;840;23;28;4;5;5;4;5;4;4;0;0;0;0;0;0;0;1;0;0;0;0;0;0;0;1;0;0;0;0;0;0;0;0;0;0;0;0;0;0;0;0;0;0;0;0;1;0;0;0;0;0;0;0;0;0;0;0;0;0;0;3;0;1;1;3;0;0;1;0;30;IVAIPORÃ;REGIÃO CENTRAL;112;3
0.266879082364187;2024-06-30;9;15;22;24;651;31;0;9;19;461;31;0;31;841;0;1;5;4;4;4;4;5;4;0;0;0;0;0;0;1;0;0;0;0;0;0;0;0;1;0;0;0;0;0;0;0;0;0;0;0;0;0;0;0;0;0;0;0;0;1;0;0;0;0;0;0;0;0;0;0;0;0;0;0;3;0;1;1;3;0;0;0;0;30;IVAIPORÃ;REGIÃO CENTRAL;113;2
0.456396367691572;2024-07-31;7;11;18;23;544;29;2;7;17;403;29;0;29;685;12;47;4;5;4;5;4;4;5;0;0;0;0;0;1;0;0;0;0;0;0;0;0;0;1;0;0;0;0;0;0;0;0;0;0;0;0;0;0;0;0;0;0;0;0;1;0;0;0;0;0;0;0;0;0;0;0;0;0;0;3;0;1;1;3;0;12;0;0;0;IVAIPORÃ;REGIÃO CENTRAL;114;5
0.486028357495619;2024-08-31;2;11;19;27;602;34;1;2;22;402;34;0;34;802;16;32;4;4;5;4;5;5;4;0;1;0;0;0;0;0;0;0;0;0;0;0;0;0;1;0;0;0;0;0;0;0;0;0;0;0;0;0;0;0;0;0;0;0;0;1;0;0;0;0;0;0;0;0;0;0;0;0;0;0;3;0;1;1;3;0;0;0;0;0;IVAIPORÃ;REGIÃO CENTRAL;115;5
0.769667038394137;2024-09-30;13;17;24;28;707;37;2;13;22;507;37;0;37;907;32;73;5;4;4;5;4;4;4;0;0;0;0;0;0;0;0;0;0;0;1;0;0;0;1;0;0;0;0;0;0;0;0;0;0;0;0;0;0;0;0;0;0;0;0;1;0;0;0;0;0;0;0;0;0;0;0;0;0;0;3;0;1;1;3;0;0;0;0;0;IVAIPORÃ;REGIÃO CENTRAL;116;8
0.806053847379321;2024-10-31;15;19;24;30;749;36;3;15;25;598;36;0;36;900;24;86;4;5;5;4;4;4;5;0;0;0;0;0;0;0;0;0;0;1;0;0;0;0;1;0;0;0;0;0;0;0;0;0;0;0;0;0;0;0;0;0;0;0;0;1;0;0;0;0;0;0;0;0;0;0;0;0;0;0;3;0;1;1;3;0;0;0;0;0;IVAIPORÃ;REGIÃO CENTRAL;117;9
0.413121616088084;2017-08-31;9;15;21;27;637;34;4;9;21;436;34;0;34;837;54;135;4;5;5;4;4;4;5;0;1;0;0;0;0;0;0;0;0;0;0;0;0;0;0;0;0;1;0;0;0;0;0;0;0;0;0;0;0;0;0;0;0;0;0;0;1;0;0;0;0;0;0;0;0;0;0;0;0;0;3;2;0;0;1;0;0;0;0;0;JACAREZINHO;REGIÃO NORTE;1;4
0.469903089312526;2017-09-30;14;21;25;28;745;35;1;14;21;526;35;0;35;965;12;16;4;4;4;4;5;5;4;0;0;0;0;0;0;0;0;0;0;0;1;0;0;0;0;0;0;1;0;0;0;0;0;0;0;0;0;0;0;0;0;0;0;0;0;0;1;0;0;0;0;0;0;0;0;0;0;0;0;0;3;2;0;0;1;0;0;0;0;0;JACAREZINHO;REGIÃO NORTE;2;5
0.498111834023386;2017-10-31;11;19;24;30;739;37;9;11;22;546;37;0;37;933;50;291;5;4;4;5;4;4;5;0;0;0;0;0;0;0;0;0;0;1;0;0;0;0;0;0;0;1;0;0;0;0;0;0;0;0;0;0;0;0;0;0;0;0;0;0;1;0;0;0;0;0;0;0;0;0;0;0;0;0;3;2;0;0;1;0;0;0;0;0;JACAREZINHO;REGIÃO NORTE;3;6
0.516584012011466;2017-11-30;13;21;24;28;721;36;7;13;22;543;36;0;36;898;62;206;4;5;5;4;4;4;4;0;0;0;0;0;0;0;0;0;1;0;0;0;0;0;0;0;0;1;0;0;0;0;0;0;0;0;0;0;0;0;0;0;0;0;0;0;1;0;0;0;0;0;0;0;0;0;0;0;0;0;3;2;0;0;1;0;0;0;0;0;JACAREZINHO;REGIÃO NORTE;4;6
0.363574320942718;2017-12-31;17;22;25;30;779;35;3;17;24;640;35;0;35;918;29;103;5;4;4;4;5;5;4;0;0;1;0;0;0;0;0;0;0;0;0;0;0;0;0;0;0;1;0;0;0;0;0;0;0;0;0;0;0;0;0;0;0;0;0;0;1;0;0;0;0;0;0;0;0;0;0;0;0;0;3;2;0;0;1;0;0;0;0;0;JACAREZINHO;REGIÃO NORTE;5;4
0.258246508030393;2018-01-31;18;21;25;28;772;34;7;18;23;630;34;0;34;915;37;222;4;5;4;5;4;4;5;0;0;0;0;1;0;0;0;0;0;0;0;0;0;0;0;0;0;0;1;0;0;0;0;0;0;0;0;0;0;0;0;0;0;0;0;0;1;0;0;0;0;0;0;0;0;0;0;0;0;0;3;2;0;0;1;0;31;0;0;0;JACAREZINHO;REGIÃO NORTE;6;2
0.36443878247418;2018-02-28;17;22;25;27;696;34;3;17;22;545;34;0;34;846;27;79;4;4;4;4;4;4;4;0;0;0;1;0;0;0;0;0;0;0;0;0;0;0;0;0;0;0;1;0;0;0;0;0;0;0;0;0;0;0;0;0;0;0;0;0;1;0;0;0;0;0;0;0;0;0;0;0;0;0;5;2;0;0;2;0;0;3;0;0;JACAREZINHO;REGIÃO NORTE;7;4
0.562809954957004;2018-03-31;18;23;26;29;804;35;5;18;23;645;35;0;35;963;34;170;4;4;5;4;5;5;4;0;0;0;0;0;0;0;0;1;0;0;0;0;0;0;0;0;0;0;1;0;0;0;0;0;0;0;0;0;0;0;0;0;0;0;0;0;1;0;0;0;0;0;0;0;0;0;0;0;0;0;5;2;0;0;2;0;0;1;0;0;JACAREZINHO;REGIÃO NORTE;8;7
0.544064789116884;2018-04-30;15;21;24;26;714;32;2;15;22;538;32;0;32;891;32;46;5;4;4;5;4;4;4;1;0;0;0;0;0;0;0;0;0;0;0;0;0;0;0;0;0;0;1;0;0;0;0;0;0;0;0;0;0;0;0;0;0;0;0;0;1;0;0;0;0;0;0;0;0;0;0;0;0;0;5;2;0;0;2;0;0;0;0;0;JACAREZINHO;REGIÃO NORTE;9;6
0.486737340188362;2018-05-31;7;14;21;25;646;32;1;7;20;456;32;0;32;836;29;40;4;5;5;4;4;4;5;0;0;0;0;0;0;0;1;0;0;0;0;0;0;0;0;0;0;0;1;0;0;0;0;0;0;0;0;0;0;0;0;0;0;0;0;0;1;0;0;0;0;0;0;0;0;0;0;0;0;0;5;2;0;0;2;0;0;1;0;0;JACAREZINHO;REGIÃO NORTE;10;5
0.402702579735202;2018-06-30;8;15;20;24;593;31;2;8;20;427;31;0;31;758;32;54;4;4;4;4;5;5;4;0;0;0;0;0;0;1;0;0;0;0;0;0;0;0;0;0;0;0;1;0;0;0;0;0;0;0;0;0;0;0;0;0;0;0;0;0;1;0;0;0;0;0;0;0;0;0;0;0;0;0;5;2;0;0;2;0;0;0;0;0;JACAREZINHO;REGIÃO NORTE;11;4
0.400655170844897;2018-07-31;6;13;21;25;642;32;0;6;18;420;32;0;32;865;10;11;5;4;4;5;4;4;5;0;0;0;0;0;1;0;0;0;0;0;0;0;0;0;0;0;0;0;1;0;0;0;0;0;0;0;0;0;0;0;0;0;0;0;0;0;1;0;0;0;0;0;0;0;0;0;0;0;0;0;5;2;0;0;2;0;16;0;0;0;JACAREZINHO;REGIÃO NORTE;12;4
0.450338959916284;2018-08-31;5;13;19;25;587;33;15;5;17;398;33;0;33;776;132;452;4;5;5;4;5;4;4;0;1;0;0;0;0;0;0;0;0;0;0;0;0;0;0;0;0;0;1;0;0;0;0;0;0;0;0;0;0;0;0;0;0;0;0;0;1;0;0;0;0;0;0;0;0;0;0;0;0;0;5;2;0;0;2;0;0;0;0;0;JACAREZINHO;REGIÃO NORTE;13;5
0.466672733063379;2018-09-30;9;16;22;28;662;36;4;9;22;484;36;0;36;840;34;128;5;4;4;4;4;5;4;0;0;0;0;0;0;0;0;0;0;0;1;0;0;0;0;0;0;0;1;0;0;0;0;0;0;0;0;0;0;0;0;0;0;0;0;0;1;0;0;0;0;0;0;0;0;0;0;0;0;0;5;2;0;0;2;0;0;0;0;0;JACAREZINHO;REGIÃO NORTE;14;5
0.497565858319305;2018-10-31;15;20;24;26;732;33;8;15;21;572;33;0;33;893;47;246;4;5;4;5;4;4;5;0;0;0;0;0;0;0;0;0;0;1;0;0;0;0;0;0;0;0;1;0;0;0;0;0;0;0;0;0;0;0;0;0;0;0;0;0;1;0;0;0;0;0;0;0;0;0;0;0;0;0;5;2;0;0;2;0;0;0;0;0;JACAREZINHO;REGIÃO NORTE;15;6
0.463487874789572;2018-11-30;14;21;24;30;733;35;2;14;25;555;35;0;35;911;38;73;4;4;5;4;5;4;4;0;0;0;0;0;0;0;0;0;1;0;0;0;0;0;0;0;0;0;1;0;0;0;0;0;0;0;0;0;0;0;0;0;0;0;0;0;1;0;0;0;0;0;0;0;0;0;0;0;0;0;5;2;0;0;2;0;0;0;0;0;JACAREZINHO;REGIÃO NORTE;16;5
0.367578142772647;2018-12-31;16;21;26;29;808;35;3;16;25;643;35;0;35;973;16;81;5;4;4;5;4;5;4;0;0;1;0;0;0;0;0;0;0;0;0;0;0;0;0;0;0;0;1;0;0;0;0;0;0;0;0;0;0;0;0;0;0;0;0;0;1;0;0;0;0;0;0;0;0;0;0;0;0;0;5;2;0;0;2;0;0;0;0;0;JACAREZINHO;REGIÃO NORTE;17;4
0.319896264616225;2019-01-31;19;25;27;30;842;36;4;19;27;690;36;0;36;994;26;135;4;5;5;4;4;4;5;0;0;0;0;1;0;0;0;0;0;0;0;0;0;0;0;0;0;0;0;1;0;0;0;0;0;0;0;0;0;0;0;0;0;0;0;0;1;0;0;0;0;0;0;0;0;0;0;0;0;0;5;2;0;0;2;0;31;0;0;0;JACAREZINHO;REGIÃO NORTE;18;3
0.386596296464807;2019-02-28;17;22;26;31;728;37;5;17;25;582;37;0;37;874;26;145;4;4;4;4;4;4;4;0;0;0;1;0;0;0;0;0;0;0;0;0;0;0;0;0;0;0;0;1;0;0;0;0;0;0;0;0;0;0;0;0;0;0;0;0;1;0;0;0;0;0;0;0;0;0;0;0;0;0;5;2;0;0;3;0;0;0;0;0;JACAREZINHO;REGIÃO NORTE;19;4
0.589380772555621;2019-03-31;16;22;25;27;782;33;3;16;23;622;33;0;33;941;22;95;5;4;4;4;5;5;4;0;0;0;0;0;0;0;0;1;0;0;0;0;0;0;0;0;0;0;0;1;0;0;0;0;0;0;0;0;0;0;0;0;0;0;0;0;1;0;0;0;0;0;0;0;0;0;0;0;0;0;5;2;0;0;3;0;0;3;0;0;JACAREZINHO;REGIÃO NORTE;20;7
0.563583420537786;2019-04-30;15;21;24;26;720;32;3;15;22;569;32;0;32;871;40;96;4;4;4;5;4;4;5;1;0;0;0;0;0;0;0;0;0;0;0;0;0;0;0;0;0;0;0;1;0;0;0;0;0;0;0;0;0;0;0;0;0;0;0;0;1;0;0;0;0;0;0;0;0;0;0;0;0;0;5;2;0;0;3;0;0;1;0;0;JACAREZINHO;REGIÃO NORTE;21;7
0.545566222303108;2019-05-31;10;16;21;27;664;32;2;10;22;524;32;0;32;805;25;56;4;5;5;4;5;4;4;0;0;0;0;0;0;0;1;0;0;0;0;0;0;0;0;0;0;0;0;1;0;0;0;0;0;0;0;0;0;0;0;0;0;0;0;0;1;0;0;0;0;0;0;0;0;0;0;0;0;0;5;2;0;0;3;0;0;0;0;0;JACAREZINHO;REGIÃO NORTE;22;6
0.41116520314846;2019-06-30;8;14;20;24;611;31;2;8;19;436;31;0;31;787;50;54;5;4;4;4;4;5;4;0;0;0;0;0;0;1;0;0;0;0;0;0;0;0;0;0;0;0;0;1;0;0;0;0;0;0;0;0;0;0;0;0;0;0;0;0;1;0;0;0;0;0;0;0;0;0;0;0;0;0;5;2;0;0;3;0;0;1;0;0;JACAREZINHO;REGIÃO NORTE;23;4
0.385458847081305;2019-07-31;1;10;19;24;586;31;2;1;19;391;31;0;31;780;38;67;4;5;4;5;4;4;5;0;0;0;0;0;1;0;0;0;0;0;0;0;0;0;0;0;0;0;0;1;0;0;0;0;0;0;0;0;0;0;0;0;0;0;0;0;1;0;0;0;0;0;0;0;0;0;0;0;0;0;5;2;0;0;3;0;16;0;0;0;JACAREZINHO;REGIÃO NORTE;24;4
0.464898312025115;2019-08-31;7;13;20;25;628;33;0;7;19;418;33;0;33;837;3;8;4;4;5;4;5;5;4;0;1;0;0;0;0;0;0;0;0;0;0;0;0;0;0;0;0;0;0;1;0;0;0;0;0;0;0;0;0;0;0;0;0;0;0;0;1;0;0;0;0;0;0;0;0;0;0;0;0;0;5;2;0;0;3;0;0;0;0;0;JACAREZINHO;REGIÃO NORTE;25;5
0.475317348377997;2019-09-30;13;18;24;30;712;37;3;13;23;533;37;0;37;891;26;81;5;4;4;5;4;4;4;0;0;0;0;0;0;0;0;0;0;0;1;0;0;0;0;0;0;0;0;1;0;0;0;0;0;0;0;0;0;0;0;0;0;0;0;0;1;0;0;0;0;0;0;0;0;0;0;0;0;0;5;2;0;0;3;0;0;0;0;0;JACAREZINHO;REGIÃO NORTE;26;5
0.542790845807362;2019-10-31;16;20;26;31;807;39;3;16;24;604;39;0;39;1010;48;93;4;5;5;4;4;4;5;0;0;0;0;0;0;0;0;0;0;1;0;0;0;0;0;0;0;0;0;1;0;0;0;0;0;0;0;0;0;0;0;0;0;0;0;0;1;0;0;0;0;0;0;0;0;0;0;0;0;0;5;2;0;0;3;0;0;0;0;0;JACAREZINHO;REGIÃO NORTE;27;6
0.502707129532736;2019-11-30;15;22;26;30;768;38;4;15;24;580;38;0;38;955;43;132;4;4;4;4;5;5;4;0;0;0;0;0;0;0;0;0;1;0;0;0;0;0;0;0;0;0;0;1;0;0;0;0;0;0;0;0;0;0;0;0;0;0;0;0;1;0;0;0;0;0;0;0;0;0;0;0;0;0;5;2;0;0;3;0;0;0;0;0;JACAREZINHO;REGIÃO NORTE;28;6
0.291096046225943;2019-12-31;16;21;24;28;757;34;4;16;22;609;34;0;34;906;32;121;5;4;4;5;4;4;5;0;0;1;0;0;0;0;0;0;0;0;0;0;0;0;0;0;0;0;0;1;0;0;0;0;0;0;0;0;0;0;0;0;0;0;0;0;1;0;0;0;0;0;0;0;0;0;0;0;0;0;5;2;0;0;3;0;0;0;0;0;JACAREZINHO;REGIÃO NORTE;29;3
0.201465034805951;2020-01-31;17;21;25;29;790;34;6;17;24;651;34;0;34;930;75;197;4;5;5;4;5;4;4;0;0;0;0;1;0;0;0;0;0;0;0;0;0;0;0;0;0;0;0;0;1;0;0;0;0;0;0;0;0;0;0;0;0;0;0;0;1;0;0;0;0;0;0;0;0;0;0;0;0;0;5;2;0;0;3;0;31;0;0;0;JACAREZINHO;REGIÃO NORTE;30;2
0.337549479048182;2020-02-29;17;23;25;29;737;35;5;17;23;593;35;0;35;880;44;138;4;4;4;4;4;5;4;0;0;0;1;0;0;0;0;0;0;0;0;0;0;0;0;0;0;0;0;0;1;0;0;0;0;0;0;0;0;0;0;0;0;0;0;0;1;0;0;0;0;0;0;0;0;0;0;0;0;0;5;2;0;0;3;0;0;3;0;0;JACAREZINHO;REGIÃO NORTE;31;3
0.324264070248874;2020-03-31;16;23;25;28;772;35;1;16;23;584;35;0;35;960;13;24;5;4;4;5;4;4;5;0;0;0;0;0;0;0;0;1;0;0;0;0;0;0;0;0;0;0;0;0;1;0;0;0;0;0;0;0;0;0;0;0;0;0;0;0;1;0;0;0;0;0;0;0;0;0;0;0;0;0;5;2;0;0;3;0;0;0;15;0;JACAREZINHO;REGIÃO NORTE;32;3
0.064015651303517;2020-04-30;11;18;23;27;686;33;2;11;22;505;33;0;33;866;34;46;4;5;5;4;4;4;4;1;0;0;0;0;0;0;0;0;0;0;0;0;0;0;0;0;0;0;0;0;1;0;0;0;0;0;0;0;0;0;0;0;0;0;0;0;1;0;0;0;0;0;0;0;0;0;0;0;0;0;5;2;0;0;3;0;0;1;30;0;JACAREZINHO;REGIÃO NORTE;33;0
0.055507529914919;2020-05-31;8;14;20;26;622;32;2;8;20;439;32;0;32;805;60;62;5;4;4;4;5;5;4;0;0;0;0;0;0;0;1;0;0;0;0;0;0;0;0;0;0;0;0;0;1;0;0;0;0;0;0;0;0;0;0;0;0;0;0;0;1;0;0;0;0;0;0;0;0;0;0;0;0;0;5;2;0;0;3;0;0;0;31;0;JACAREZINHO;REGIÃO NORTE;34;0
0.043905546203194;2020-06-30;11;16;20;24;614;30;4;11;19;460;30;0;30;768;98;122;4;4;4;5;4;4;5;0;0;0;0;0;0;1;0;0;0;0;0;0;0;0;0;0;0;0;0;0;1;0;0;0;0;0;0;0;0;0;0;0;0;0;0;0;1;0;0;0;0;0;0;0;0;0;0;0;0;0;5;2;0;0;3;0;0;1;30;0;JACAREZINHO;REGIÃO NORTE;35;0
0.051731197961691;2020-07-31;6;13;20;24;606;30;0;6;18;420;30;0;30;792;7;10;4;5;5;4;5;4;4;0;0;0;0;0;1;0;0;0;0;0;0;0;0;0;0;0;0;0;0;0;1;0;0;0;0;0;0;0;0;0;0;0;0;0;0;0;1;0;0;0;0;0;0;0;0;0;0;0;0;0;5;2;0;0;3;0;0;0;31;0;JACAREZINHO;REGIÃO NORTE;36;0
0.048773829564584;2020-08-31;5;12;20;26;613;35;6;5;18;421;35;0;35;805;60;190;5;4;4;5;4;5;4;0;1;0;0;0;0;0;0;0;0;0;0;0;0;0;0;0;0;0;0;0;1;0;0;0;0;0;0;0;0;0;0;0;0;0;0;0;1;0;0;0;0;0;0;0;0;0;0;0;0;0;5;2;0;0;3;0;0;0;31;0;JACAREZINHO;REGIÃO NORTE;37;0
0.039355748669184;2020-09-30;13;18;25;29;760;38;1;13;21;548;38;0;38;972;25;43;4;5;4;4;4;4;5;0;0;0;0;0;0;0;0;0;0;0;1;0;0;0;0;0;0;0;0;0;1;0;0;0;0;0;0;0;0;0;0;0;0;0;0;0;1;0;0;0;0;0;0;0;0;0;0;0;0;0;5;2;0;0;3;0;0;0;30;0;JACAREZINHO;REGIÃO NORTE;38;0
0.050047772874107;2020-10-31;14;20;25;32;788;40;2;14;24;580;40;0;40;996;28;64;4;4;5;4;5;5;4;0;0;0;0;0;0;0;0;0;0;1;0;0;0;0;0;0;0;0;0;0;1;0;0;0;0;0;0;0;0;0;0;0;0;0;0;0;1;0;0;0;0;0;0;0;0;0;0;0;0;0;5;2;0;0;3;0;0;0;31;0;JACAREZINHO;REGIÃO NORTE;39;0
0.042586104918331;2020-11-30;12;21;25;30;760;37;2;12;24;544;37;0;37;975;28;71;5;4;4;5;4;4;4;0;0;0;0;0;0;0;0;0;1;0;0;0;0;0;0;0;0;0;0;0;1;0;0;0;0;0;0;0;0;0;0;0;0;0;0;0;1;0;0;0;0;0;0;0;0;0;0;0;0;0;5;2;0;0;3;0;0;0;30;0;JACAREZINHO;REGIÃO NORTE;40;0
0.025387870239774;2020-12-31;19;22;26;28;797;33;7;19;24;653;33;0;33;942;44;229;4;5;5;4;4;4;5;0;0;1;0;0;0;0;0;0;0;0;0;0;0;0;0;0;0;0;0;0;1;0;0;0;0;0;0;0;0;0;0;0;0;0;0;0;1;0;0;0;0;0;0;0;0;0;0;0;0;0;5;2;0;0;3;0;0;0;31;0;JACAREZINHO;REGIÃO NORTE;41;0
0.032440056417489;2021-01-31;19;23;25;29;789;33;11;19;24;665;33;0;33;913;73;328;5;4;4;4;5;5;4;0;0;0;0;1;0;0;0;0;0;0;0;1;0;0;0;0;0;0;0;0;0;0;0;0;0;0;0;0;0;0;0;0;0;0;0;0;1;0;0;0;0;0;0;0;0;0;0;0;0;0;5;2;0;0;3;0;0;0;31;0;JACAREZINHO;REGIÃO NORTE;42;0
0.005232267164111;2021-02-28;18;22;25;28;711;35;1;18;23;553;35;0;35;868;9;29;4;4;4;4;4;4;4;0;0;0;1;0;0;0;0;0;0;0;0;1;0;0;0;0;0;0;0;0;0;0;0;0;0;0;0;0;0;0;0;0;0;0;0;0;1;0;0;0;0;0;0;0;0;0;0;0;0;0;5;2;0;0;3;1;0;3;28;0;JACAREZINHO;REGIÃO NORTE;43;0
0.022566995768688;2021-03-31;16;22;26;28;799;34;5;16;22;632;34;0;34;965;23;143;4;5;4;5;4;4;5;0;0;0;0;0;0;0;0;1;0;0;0;1;0;0;0;0;0;0;0;0;0;0;0;0;0;0;0;0;0;0;0;0;0;0;0;0;1;0;0;0;0;0;0;0;0;0;0;0;0;0;5;2;0;0;3;1;0;0;31;0;JACAREZINHO;REGIÃO NORTE;44;0
0.019700623322262;2021-04-30;14;20;23;27;680;33;0;14;21;503;33;0;33;856;0;2;4;4;5;4;5;4;4;1;0;0;0;0;0;0;0;0;0;0;0;1;0;0;0;0;0;0;0;0;0;0;0;0;0;0;0;0;0;0;0;0;0;0;0;0;1;0;0;0;0;0;0;0;0;0;0;0;0;0;5;2;0;0;3;1;0;1;30;0;JACAREZINHO;REGIÃO NORTE;45;0
0.015514809590973;2021-05-31;8;16;20;25;632;30;8;8;21;451;30;0;30;812;184;238;5;4;4;5;4;5;4;0;0;0;0;0;0;0;1;0;0;0;0;1;0;0;0;0;0;0;0;0;0;0;0;0;0;0;0;0;0;0;0;0;0;0;0;0;1;0;0;0;0;0;0;0;0;0;0;0;0;0;5;2;0;0;3;1;0;0;31;0;JACAREZINHO;REGIÃO NORTE;46;0
0.006051230720233;2021-06-30;2;8;18;23;548;29;4;2;17;398;29;0;29;698;26;113;4;5;4;4;4;4;5;0;0;0;0;0;0;1;0;0;0;0;0;1;0;0;0;0;0;0;0;0;0;0;0;0;0;0;0;0;0;0;0;0;0;0;0;0;1;0;0;0;0;0;0;0;0;0;0;0;0;0;5;2;0;0;3;1;0;1;30;0;JACAREZINHO;REGIÃO NORTE;47;0
0.008462623413258;2021-07-31;2;8;17;22;533;30;2;2;16;317;30;0;30;749;32;50;4;4;5;4;5;5;4;0;0;0;0;0;1;0;0;0;0;0;0;1;0;0;0;0;0;0;0;0;0;0;0;0;0;0;0;0;0;0;0;0;0;0;0;0;1;0;0;0;0;0;0;0;0;0;0;0;0;0;5;2;0;0;3;1;0;0;31;0;JACAREZINHO;REGIÃO NORTE;48;0
0.021156558533145;2021-08-31;9;16;22;28;678;36;3;9;20;474;36;0;36;882;76;101;5;4;4;5;4;4;5;0;1;0;0;0;0;0;0;0;0;0;0;1;0;0;0;0;0;0;0;0;0;0;0;0;0;0;0;0;0;0;0;0;0;0;0;0;1;0;0;0;0;0;0;0;0;0;0;0;0;0;5;2;0;0;3;1;0;0;31;0;JACAREZINHO;REGIÃO NORTE;49;0
0.022430501842668;2021-09-30;12;20;25;31;760;39;4;12;25;553;39;0;39;966;67;117;4;5;5;4;4;4;4;0;0;0;0;0;0;0;0;0;0;0;1;1;0;0;0;0;0;0;0;0;0;0;0;0;0;0;0;0;0;0;0;0;0;0;0;0;1;0;0;0;0;0;0;0;0;0;0;0;0;0;5;2;0;0;3;1;0;0;30;0;JACAREZINHO;REGIÃO NORTE;50;0
0.0;2021-10-31;12;19;22;26;690;34;6;12;20;537;34;0;34;843;59;175;5;4;4;4;5;5;4;0;0;0;0;0;0;0;0;0;0;1;0;1;0;0;0;0;0;0;0;0;0;0;0;0;0;0;0;0;0;0;0;0;0;0;0;0;1;0;0;0;0;0;0;0;0;0;0;0;0;0;5;2;0;0;3;1;0;0;0;0;JACAREZINHO;REGIÃO NORTE;51;0
0.007416169980436;2021-11-30;14;21;26;29;765;35;1;14;23;575;35;0;35;956;8;22;4;4;4;5;4;4;5;0;0;0;0;0;0;0;0;0;1;0;0;1;0;0;0;0;0;0;0;0;0;0;0;0;0;0;0;0;0;0;0;0;0;0;0;0;1;0;0;0;0;0;0;0;0;0;0;0;0;0;5;2;0;0;3;1;0;0;0;0;JACAREZINHO;REGIÃO NORTE;52;0
0.022566995768688;2021-12-31;16;22;26;30;798;37;2;16;24;616;37;0;37;979;33;72;4;5;5;4;5;4;4;0;0;1;0;0;0;0;0;0;0;0;0;1;0;0;0;0;0;0;0;0;0;0;0;0;0;0;0;0;0;0;0;0;0;0;0;0;1;0;0;0;0;0;0;0;0;0;0;0;0;0;5;2;0;0;3;1;0;0;0;0;JACAREZINHO;REGIÃO NORTE;53;0
0.066290550070522;2022-01-31;17;22;26;30;792;35;9;17;24;642;35;0;35;941;44;286;5;4;4;5;4;5;4;0;0;0;0;1;0;0;0;0;0;0;0;0;1;0;0;0;0;0;0;0;0;0;0;0;0;0;0;0;0;0;0;0;0;0;0;0;1;0;0;0;0;0;0;0;0;0;0;0;0;0;5;1;0;0;3;1;31;0;0;0;JACAREZINHO;REGIÃO NORTE;54;0
0.317348377997179;2022-02-28;18;24;27;30;750;37;3;18;24;583;37;0;37;918;28;95;4;4;4;4;4;4;4;0;0;0;1;0;0;0;0;0;0;0;0;0;1;0;0;0;0;0;0;0;0;0;0;0;0;0;0;0;0;0;0;0;0;0;0;0;1;0;0;0;0;0;0;0;0;0;0;0;0;0;5;1;0;0;3;1;0;1;0;0;JACAREZINHO;REGIÃO NORTE;55;3
0.605077574047955;2022-03-31;18;22;26;29;805;35;8;18;24;647;35;0;35;963;52;260;4;5;5;4;4;4;5;0;0;0;0;0;0;0;0;1;0;0;0;0;1;0;0;0;0;0;0;0;0;0;0;0;0;0;0;0;0;0;0;0;0;0;0;0;1;0;0;0;0;0;0;0;0;0;0;0;0;0;5;1;0;0;3;1;0;1;0;0;JACAREZINHO;REGIÃO NORTE;56;7
0.440101915464762;2022-04-30;12;18;23;26;689;32;3;12;20;525;32;0;32;854;37;100;4;4;4;4;5;5;4;1;0;0;0;0;0;0;0;0;0;0;0;0;1;0;0;0;0;0;0;0;0;0;0;0;0;0;0;0;0;0;0;0;0;0;0;0;1;0;0;0;0;0;0;0;0;0;0;0;0;0;5;1;0;0;3;1;0;1;0;0;JACAREZINHO;REGIÃO NORTE;57;5
0.382228490832158;2022-05-31;6;9;19;25;578;30;3;6;20;418;30;0;30;737;40;100;5;4;4;5;4;4;5;0;0;0;0;0;0;0;1;0;0;0;0;0;1;0;0;0;0;0;0;0;0;0;0;0;0;0;0;0;0;0;0;0;0;0;0;0;1;0;0;0;0;0;0;0;0;0;0;0;0;0;5;1;0;0;3;1;0;0;0;0;JACAREZINHO;REGIÃO NORTE;58;4
0.352745802811775;2022-06-30;7;13;19;23;567;28;2;7;17;406;28;0;28;728;24;70;4;5;5;4;4;4;4;0;0;0;0;0;0;1;0;0;0;0;0;0;1;0;0;0;0;0;0;0;0;0;0;0;0;0;0;0;0;0;0;0;0;0;0;0;1;0;0;0;0;0;0;0;0;0;0;0;0;0;5;1;0;0;3;1;0;1;0;0;JACAREZINHO;REGIÃO NORTE;59;3
0.186177715091678;2022-07-31;9;16;21;23;653;30;0;9;17;463;30;0;30;844;2;6;5;4;4;4;5;5;4;0;0;0;0;0;1;0;0;0;0;0;0;0;1;0;0;0;0;0;0;0;0;0;0;0;0;0;0;0;0;0;0;0;0;0;0;0;1;0;0;0;0;0;0;0;0;0;0;0;0;0;5;1;0;0;3;1;0;0;0;0;JACAREZINHO;REGIÃO NORTE;60;1
0.456981664315938;2022-08-31;7;13;19;25;600;32;6;7;19;420;32;0;32;780;52;176;4;5;4;5;4;4;5;0;1;0;0;0;0;0;0;0;0;0;0;0;1;0;0;0;0;0;0;0;0;0;0;0;0;0;0;0;0;0;0;0;0;0;0;0;1;0;0;0;0;0;0;0;0;0;0;0;0;0;5;1;0;0;3;1;0;0;0;0;JACAREZINHO;REGIÃO NORTE;61;5
0.407343373219892;2022-09-30;9;16;19;28;580;34;5;9;22;428;34;0;34;733;58;158;4;4;5;4;5;4;4;0;0;0;0;0;0;0;0;0;0;0;1;0;1;0;0;0;0;0;0;0;0;0;0;0;0;0;0;0;0;0;0;0;0;0;0;0;1;0;0;0;0;0;0;0;0;0;0;0;0;0;5;1;0;0;3;1;0;0;0;0;JACAREZINHO;REGIÃO NORTE;62;4
0.390691114245416;2022-10-31;4;17;23;27;715;34;6;4;21;530;34;0;34;900;63;197;5;4;4;5;4;5;4;0;0;0;0;0;0;0;0;0;0;1;0;0;1;0;0;0;0;0;0;0;0;0;0;0;0;0;0;0;0;0;0;0;0;0;0;0;1;0;0;0;0;0;0;0;0;0;0;0;0;0;5;1;0;0;3;1;0;0;0;0;JACAREZINHO;REGIÃO NORTE;63;4
0.433277219163747;2022-11-30;10;16;22;25;672;34;1;10;20;476;34;0;34;869;6;25;4;5;4;4;4;4;5;0;0;0;0;0;0;0;0;0;1;0;0;0;1;0;0;0;0;0;0;0;0;0;0;0;0;0;0;0;0;0;0;0;0;0;0;0;1;0;0;0;0;0;0;0;0;0;0;0;0;0;5;1;0;0;3;1;0;0;0;0;JACAREZINHO;REGIÃO NORTE;64;5
0.375176304654443;2022-12-31;-2;15;24;28;751;35;7;-2;23;583;35;0;35;919;62;221;4;4;5;4;5;5;4;0;0;1;0;0;0;0;0;0;0;0;0;0;1;0;0;0;0;0;0;0;0;0;0;0;0;0;0;0;0;0;0;0;0;0;0;0;1;0;0;0;0;0;0;0;0;0;0;0;0;0;5;1;0;0;3;1;0;0;0;0;JACAREZINHO;REGIÃO NORTE;65;4
0.279266572637518;2023-01-31;17;20;24;27;757;33;9;17;22;610;33;0;33;903;72;280;5;4;4;5;4;4;5;0;0;0;0;1;0;0;0;0;0;0;0;0;0;1;0;0;0;0;0;0;0;0;0;0;0;0;0;0;0;0;0;0;0;0;0;0;1;0;0;0;0;0;0;0;0;0;0;0;0;0;5;1;0;0;3;1;31;0;0;0;JACAREZINHO;REGIÃO NORTE;66;2
0.536466627235088;2023-02-28;18;22;25;27;695;34;9;18;22;563;34;0;34;827;65;249;4;4;4;4;4;4;4;0;0;0;1;0;0;0;0;0;0;0;0;0;0;1;0;0;0;0;0;0;0;0;0;0;0;0;0;0;0;0;0;0;0;0;0;0;1;0;0;0;0;0;0;0;0;0;0;0;0;0;5;1;0;0;3;1;0;3;0;0;JACAREZINHO;REGIÃO NORTE;67;6
0.888575458392102;2023-03-31;18;23;25;28;790;34;9;18;23;621;34;0;34;959;59;277;4;5;5;4;5;4;4;0;0;0;0;0;0;0;0;1;0;0;0;0;0;1;0;0;0;0;0;0;0;0;0;0;0;0;0;0;0;0;0;0;0;0;0;0;1;0;0;0;0;0;0;0;0;0;0;0;0;0;5;1;0;0;3;1;0;0;0;0;JACAREZINHO;REGIÃO NORTE;68;9
0.455116247326994;2023-04-30;11;18;22;27;666;33;7;11;21;514;33;0;33;818;100;211;5;4;4;4;4;5;4;1;0;0;0;0;0;0;0;0;0;0;0;0;0;1;0;0;0;0;0;0;0;0;0;0;0;0;0;0;0;0;0;0;0;0;0;0;1;0;0;0;0;0;0;0;0;0;0;0;0;0;5;1;0;0;3;1;0;1;0;0;JACAREZINHO;REGIÃO NORTE;69;5
0.485190409026798;2023-05-31;11;17;20;25;632;30;1;11;20;464;30;0;30;799;23;40;4;5;4;5;4;4;5;0;0;0;0;0;0;0;1;0;0;0;0;0;0;1;0;0;0;0;0;0;0;0;0;0;0;0;0;0;0;0;0;0;0;0;0;0;1;0;0;0;0;0;0;0;0;0;0;0;0;0;5;1;0;0;3;1;0;0;0;0;JACAREZINHO;REGIÃO NORTE;70;5
0.354110742071978;2023-06-30;9;12;19;23;566;30;5;9;18;399;30;0;30;733;78;148;4;4;5;4;5;4;4;0;0;0;0;0;0;1;0;0;0;0;0;0;0;1;0;0;0;0;0;0;0;0;0;0;0;0;0;0;0;0;0;0;0;0;0;0;1;0;0;0;0;0;0;0;0;0;0;0;0;0;5;1;0;0;3;1;0;1;0;0;JACAREZINHO;REGIÃO NORTE;71;3
0.19181946403385;2023-07-31;7;13;19;23;601;29;0;7;18;433;29;0;29;768;6;12;5;4;4;5;4;5;4;0;0;0;0;0;1;0;0;0;0;0;0;0;0;1;0;0;0;0;0;0;0;0;0;0;0;0;0;0;0;0;0;0;0;0;0;0;1;0;0;0;0;0;0;0;0;0;0;0;0;0;5;1;0;0;3;1;15;0;0;0;JACAREZINHO;REGIÃO NORTE;72;1
0.511988716502116;2023-08-31;10;14;22;28;670;34;1;10;22;478;34;0;34;862;16;33;4;5;5;4;4;4;5;0;1;0;0;0;0;0;0;0;0;0;0;0;0;1;0;0;0;0;0;0;0;0;0;0;0;0;0;0;0;0;0;0;0;0;0;0;1;0;0;0;0;0;0;0;0;0;0;0;0;0;5;1;0;0;3;1;0;0;0;0;JACAREZINHO;REGIÃO NORTE;73;6
0.770417216433869;2023-09-30;10;18;25;31;757;38;3;10;25;560;38;0;38;953;26;80;4;4;4;4;5;5;4;0;0;0;0;0;0;0;0;0;0;0;1;0;0;1;0;0;0;0;0;0;0;0;0;0;0;0;0;0;0;0;0;0;0;0;0;0;1;0;0;0;0;0;0;0;0;0;0;0;0;0;5;1;0;0;3;1;0;0;0;0;JACAREZINHO;REGIÃO NORTE;74;8
0.603667136812412;2023-10-31;16;21;25;30;781;36;8;16;24;598;36;0;36;963;59;235;5;4;4;5;4;4;5;0;0;0;0;0;0;0;0;0;0;1;0;0;0;1;0;0;0;0;0;0;0;0;0;0;0;0;0;0;0;0;0;0;0;0;0;0;1;0;0;0;0;0;0;0;0;0;0;0;0;0;5;1;0;0;3;1;0;0;0;0;JACAREZINHO;REGIÃO NORTE;75;7
0.861868146867464;2023-11-30;13;20;26;32;779;39;7;13;26;594;39;0;39;963;40;223;4;5;5;4;4;4;4;0;0;0;0;0;0;0;0;0;1;0;0;0;0;1;0;0;0;0;0;0;0;0;0;0;0;0;0;0;0;0;0;0;0;0;0;0;1;0;0;0;0;0;0;0;0;0;0;0;0;0;5;1;0;0;3;1;0;0;0;0;JACAREZINHO;REGIÃO NORTE;76;9
0.657263751763046;2023-12-31;17;24;27;30;839;37;2;17;24;649;37;0;37;1029;29;76;5;4;4;4;5;5;4;0;0;1;0;0;0;0;0;0;0;0;0;0;0;1;0;0;0;0;0;0;0;0;0;0;0;0;0;0;0;0;0;0;0;0;0;0;1;0;0;0;0;0;0;0;0;0;0;0;0;0;5;1;0;0;3;1;0;0;0;0;JACAREZINHO;REGIÃO NORTE;77;8
0.334273624823695;2024-01-31;15;20;26;30;803;37;3;15;24;627;37;0;37;979;25;89;4;5;4;5;4;4;5;0;0;0;0;1;0;0;0;0;0;0;0;0;0;0;1;0;0;0;0;0;0;0;0;0;0;0;0;0;0;0;0;0;0;0;0;0;1;0;0;0;0;0;0;0;0;0;0;0;0;0;5;1;0;0;3;1;31;0;0;0;JACAREZINHO;REGIÃO NORTE;78;3
0.837162746257792;2024-02-29;19;23;27;30;786;37;6;19;25;623;37;0;37;950;60;186;4;4;5;4;4;4;4;0;0;0;1;0;0;0;0;0;0;0;0;0;0;0;1;0;0;0;0;0;0;0;0;0;0;0;0;0;0;0;0;0;0;0;0;0;1;0;0;0;0;0;0;0;0;0;0;0;0;0;5;1;0;0;3;1;0;3;0;0;JACAREZINHO;REGIÃO NORTE;79;9
1.0;2024-03-31;18;20;27;31;823;36;2;18;25;657;36;0;36;989;33;77;5;4;4;4;5;5;4;0;0;0;0;0;0;0;0;1;0;0;0;0;0;0;1;0;0;0;0;0;0;0;0;0;0;0;0;0;0;0;0;0;0;0;0;0;1;0;0;0;0;0;0;0;0;0;0;0;0;0;5;1;0;0;3;1;0;1;0;0;JACAREZINHO;REGIÃO NORTE;80;9
0.311797625005687;2024-04-30;14;20;25;28;759;34;1;14;23;605;34;0;34;912;16;40;4;4;4;5;4;4;5;1;0;0;0;0;0;0;0;0;0;0;0;0;0;0;1;0;0;0;0;0;0;0;0;0;0;0;0;0;0;0;0;0;0;0;0;0;1;0;0;0;0;0;0;0;0;0;0;0;0;0;5;1;0;0;3;1;0;0;0;0;JACAREZINHO;REGIÃO NORTE;81;3
0.170662905500705;2024-05-31;7;14;23;28;710;34;0;7;22;549;34;0;34;870;5;12;4;5;5;4;5;4;4;0;0;0;0;0;0;0;1;0;0;0;0;0;0;0;1;0;0;0;0;0;0;0;0;0;0;0;0;0;0;0;0;0;0;0;0;0;1;0;0;0;0;0;0;0;0;0;0;0;0;0;5;1;0;0;3;1;0;1;0;30;JACAREZINHO;REGIÃO NORTE;82;1
0.09340734337322;2024-06-30;11;18;23;25;675;31;0;11;19;494;31;0;31;857;3;5;5;4;4;4;4;5;4;0;0;0;0;0;0;1;0;0;0;0;0;0;0;0;1;0;0;0;0;0;0;0;0;0;0;0;0;0;0;0;0;0;0;0;0;0;1;0;0;0;0;0;0;0;0;0;0;0;0;0;5;1;0;0;3;1;0;0;0;30;JACAREZINHO;REGIÃO NORTE;83;1
0.291960507757405;2024-07-31;7;14;18;23;566;30;2;7;17;386;30;0;30;747;40;70;4;5;4;5;4;4;5;0;0;0;0;0;1;0;0;0;0;0;0;0;0;0;1;0;0;0;0;0;0;0;0;0;0;0;0;0;0;0;0;0;0;0;0;0;1;0;0;0;0;0;0;0;0;0;0;0;0;0;5;1;0;0;3;1;12;0;0;0;JACAREZINHO;REGIÃO NORTE;84;3
0.493653032440056;2024-08-31;3;11;20;26;624;36;2;3;18;378;36;0;36;871;37;47;4;4;5;4;5;5;4;0;1;0;0;0;0;0;0;0;0;0;0;0;0;0;1;0;0;0;0;0;0;0;0;0;0;0;0;0;0;0;0;0;0;0;0;0;1;0;0;0;0;0;0;0;0;0;0;0;0;0;5;1;0;0;3;1;0;0;0;0;JACAREZINHO;REGIÃO NORTE;85;6
0.726739160107375;2024-09-30;14;17;24;29;727;39;1;14;20;503;39;0;39;950;8;19;5;4;4;5;4;4;4;0;0;0;0;0;0;0;0;0;0;0;1;0;0;0;1;0;0;0;0;0;0;0;0;0;0;0;0;0;0;0;0;0;0;0;0;0;1;0;0;0;0;0;0;0;0;0;0;0;0;0;5;1;0;0;3;1;0;0;0;0;JACAREZINHO;REGIÃO NORTE;86;8
0.754583921015515;2024-10-31;14;17;23;28;719;38;3;14;22;557;38;0;38;881;31;99;4;5;5;4;4;4;5;0;0;0;0;0;0;0;0;0;0;1;0;0;0;0;1;0;0;0;0;0;0;0;0;0;0;0;0;0;0;0;0;0;0;0;0;0;1;0;0;0;0;0;0;0;0;0;0;0;0;0;5;1;0;0;3;1;0;0;0;0;JACAREZINHO;REGIÃO NORTE;87;8
0.28915135608049;2015-08-31;8;15;19;21;587;31;2;8;15;380;31;0;31;794;38;73;5;4;4;5;4;5;4;0;1;0;0;0;0;0;0;0;0;0;0;0;0;0;0;1;0;0;0;0;0;0;0;0;0;0;0;0;0;0;0;0;0;0;0;0;0;1;0;0;0;0;0;0;0;0;0;0;0;0;1;0;0;0;0;0;0;0;0;0;JAGUARIAÍVA;REGIÃO CENTRAL;1;2
0.285214348206474;2015-09-30;5;13;20;26;606;34;6;5;20;438;34;0;34;775;58;181;4;5;4;4;4;4;5;0;0;0;0;0;0;0;0;0;0;0;1;0;0;0;0;1;0;0;0;0;0;0;0;0;0;0;0;0;0;0;0;0;0;0;0;0;0;1;0;0;0;0;0;0;0;0;0;0;0;0;1;0;0;0;0;0;0;0;0;0;JAGUARIAÍVA;REGIÃO CENTRAL;2;2
0.301545640128317;2015-10-31;13;17;21;26;655;33;11;13;21;510;33;0;33;800;133;332;4;4;5;4;5;5;4;0;0;0;0;0;0;0;0;0;0;1;0;0;0;0;0;1;0;0;0;0;0;0;0;0;0;0;0;0;0;0;0;0;0;0;0;0;0;1;0;0;0;0;0;0;0;0;0;0;0;0;1;0;0;0;0;0;0;0;0;0;JAGUARIAÍVA;REGIÃO CENTRAL;3;3
0.317147856517935;2015-11-30;14;17;21;24;628;31;14;14;19;512;31;0;31;744;143;422;5;4;4;5;4;4;4;0;0;0;0;0;0;0;0;0;1;0;0;0;0;0;0;1;0;0;0;0;0;0;0;0;0;0;0;0;0;0;0;0;0;0;0;0;0;1;0;0;0;0;0;0;0;0;0;0;0;0;1;0;0;0;0;0;0;0;0;0;JAGUARIAÍVA;REGIÃO CENTRAL;4;3
0.231262758821814;2015-12-31;15;19;23;25;700;31;6;15;21;577;31;0;31;822;35;179;4;5;5;4;4;4;5;0;0;1;0;0;0;0;0;0;0;0;0;0;0;0;0;1;0;0;0;0;0;0;0;0;0;0;0;0;0;0;0;0;0;0;0;0;0;1;0;0;0;0;0;0;0;0;0;0;0;0;1;0;0;0;0;0;0;0;0;0;JAGUARIAÍVA;REGIÃO CENTRAL;5;2
0.246281714785652;2016-01-31;14;20;23;26;710;31;6;14;21;567;31;0;31;852;55;185;5;4;4;4;5;5;4;0;0;0;0;1;0;0;0;0;0;0;0;0;0;0;0;0;1;0;0;0;0;0;0;0;0;0;0;0;0;0;0;0;0;0;0;0;0;1;0;0;0;0;0;0;0;0;0;0;0;0;1;0;0;0;0;0;31;0;0;0;JAGUARIAÍVA;REGIÃO CENTRAL;6;2
0.334208223972004;2016-02-29;18;21;24;26;692;31;10;18;22;578;31;0;31;806;44;281;4;4;4;5;4;4;4;0;0;0;1;0;0;0;0;0;0;0;0;0;0;0;0;0;1;0;0;0;0;0;0;0;0;0;0;0;0;0;0;0;0;0;0;0;0;1;0;0;0;0;0;0;0;0;0;0;0;0;1;0;0;0;0;0;0;3;0;0;JAGUARIAÍVA;REGIÃO CENTRAL;7;3
0.448527267424905;2016-03-31;14;20;22;25;686;31;5;14;20;543;31;0;31;829;65;142;4;5;5;4;4;4;5;0;0;0;0;0;0;0;0;1;0;0;0;0;0;0;0;0;1;0;0;0;0;0;0;0;0;0;0;0;0;0;0;0;0;0;0;0;0;1;0;0;0;0;0;0;0;0;0;0;0;0;1;0;0;0;0;0;0;1;0;0;JAGUARIAÍVA;REGIÃO CENTRAL;8;5
0.444006999125109;2016-04-30;3;10;22;27;674;32;3;3;21;519;32;0;32;828;55;86;4;4;4;4;5;5;4;1;0;0;0;0;0;0;0;0;0;0;0;0;0;0;0;0;1;0;0;0;0;0;0;0;0;0;0;0;0;0;0;0;0;0;0;0;0;1;0;0;0;0;0;0;0;0;0;0;0;0;1;0;0;0;0;0;0;0;0;0;JAGUARIAÍVA;REGIÃO CENTRAL;9;5
0.592592592592593;2016-05-31;6;12;16;20;507;26;7;6;18;385;26;0;26;629;40;203;5;4;4;5;4;4;5;0;0;0;0;0;0;0;1;0;0;0;0;0;0;0;0;0;1;0;0;0;0;0;0;0;0;0;0;0;0;0;0;0;0;0;0;0;0;1;0;0;0;0;0;0;0;0;0;0;0;0;1;0;0;0;0;0;0;1;0;0;JAGUARIAÍVA;REGIÃO CENTRAL;10;7
0.576115485564305;2016-06-30;-1;8;13;18;400;24;2;-1;15;244;24;0;24;555;15;56;4;5;5;4;4;4;4;0;0;0;0;0;0;1;0;0;0;0;0;0;0;0;0;0;1;0;0;0;0;0;0;0;0;0;0;0;0;0;0;0;0;0;0;0;0;1;0;0;0;0;0;0;0;0;0;0;0;0;1;0;0;0;0;0;0;0;0;0;JAGUARIAÍVA;REGIÃO CENTRAL;11;7
0.498396033829105;2016-07-31;2;10;16;20;489;27;4;2;16;305;27;0;27;673;73;119;5;4;4;4;5;5;4;0;0;0;0;0;1;0;0;0;0;0;0;0;0;0;0;0;1;0;0;0;0;0;0;0;0;0;0;0;0;0;0;0;0;0;0;0;0;1;0;0;0;0;0;0;0;0;0;0;0;0;1;0;0;0;0;0;14;0;0;0;JAGUARIAÍVA;REGIÃO CENTRAL;12;6
0.565033537474482;2016-08-31;4;11;17;21;516;30;10;4;16;347;30;0;30;684;59;308;4;5;4;5;4;4;5;0;1;0;0;0;0;0;0;0;0;0;0;0;0;0;0;0;1;0;0;0;0;0;0;0;0;0;0;0;0;0;0;0;0;0;0;0;0;1;0;0;0;0;0;0;0;0;0;0;0;0;1;0;0;0;0;0;0;0;0;0;JAGUARIAÍVA;REGIÃO CENTRAL;13;7
0.536745406824147;2016-09-30;5;13;18;23;542;30;3;5;17;347;30;0;30;737;52;104;4;4;5;4;5;4;4;0;0;0;0;0;0;0;0;0;0;0;1;0;0;0;0;0;1;0;0;0;0;0;0;0;0;0;0;0;0;0;0;0;0;0;0;0;0;1;0;0;0;0;0;0;0;0;0;0;0;0;1;0;0;0;0;0;0;0;0;0;JAGUARIAÍVA;REGIÃO CENTRAL;14;6
0.502624671916011;2016-10-31;9;16;20;26;611;33;7;9;19;448;33;0;33;774;48;232;5;4;4;5;4;5;4;0;0;0;0;0;0;0;0;0;0;1;0;0;0;0;0;0;1;0;0;0;0;0;0;0;0;0;0;0;0;0;0;0;0;0;0;0;0;1;0;0;0;0;0;0;0;0;0;0;0;0;1;0;0;0;0;0;0;0;0;0;JAGUARIAÍVA;REGIÃO CENTRAL;15;6
0.511811023622047;2016-11-30;10;16;21;26;632;30;3;10;21;486;30;0;30;777;30;96;4;5;4;4;4;4;5;0;0;0;0;0;0;0;0;0;1;0;0;0;0;0;0;0;1;0;0;0;0;0;0;0;0;0;0;0;0;0;0;0;0;0;0;0;0;1;0;0;0;0;0;0;0;0;0;0;0;0;1;0;0;0;0;0;0;0;0;0;JAGUARIAÍVA;REGIÃO CENTRAL;16;6
0.429571303587052;2016-12-31;12;16;22;27;687;32;3;12;22;555;32;0;32;819;34;99;4;4;5;4;5;5;4;0;0;1;0;0;0;0;0;0;0;0;0;0;0;0;0;0;1;0;0;0;0;0;0;0;0;0;0;0;0;0;0;0;0;0;0;0;0;1;0;0;0;0;0;0;0;0;0;0;0;0;1;0;0;0;0;0;0;0;0;0;JAGUARIAÍVA;REGIÃO CENTRAL;17;5
0.405365995917177;2017-01-31;15;21;24;27;737;31;5;15;22;601;31;0;31;872;17;146;5;4;4;5;4;4;5;0;0;0;0;1;0;0;0;0;0;0;0;0;0;0;0;0;0;1;0;0;0;0;0;0;0;0;0;0;0;0;0;0;0;0;0;0;0;1;0;0;0;0;0;0;0;0;0;0;0;0;1;0;0;0;0;0;31;0;0;0;JAGUARIAÍVA;REGIÃO CENTRAL;18;4
0.456547098279382;2017-02-28;17;22;24;27;674;32;5;17;22;540;32;0;32;808;41;127;4;4;4;4;4;4;4;0;0;0;1;0;0;0;0;0;0;0;0;0;0;0;0;0;0;1;0;0;0;0;0;0;0;0;0;0;0;0;0;0;0;0;0;0;0;1;0;0;0;0;0;0;0;0;0;0;0;0;1;0;0;0;0;0;0;2;0;0;JAGUARIAÍVA;REGIÃO CENTRAL;19;5
0.632400116652085;2017-03-31;14;18;22;26;687;31;4;14;22;554;31;0;31;819;23;115;4;5;5;4;5;4;4;0;0;0;0;0;0;0;0;1;0;0;0;0;0;0;0;0;0;1;0;0;0;0;0;0;0;0;0;0;0;0;0;0;0;0;0;0;0;1;0;0;0;0;0;0;0;0;0;0;0;0;1;0;0;0;0;0;0;1;0;0;JAGUARIAÍVA;REGIÃO CENTRAL;20;8
0.540244969378828;2017-04-30;6;14;20;24;590;28;3;6;20;459;28;0;28;720;23;78;5;4;4;4;4;5;4;1;0;0;0;0;0;0;0;0;0;0;0;0;0;0;0;0;0;1;0;0;0;0;0;0;0;0;0;0;0;0;0;0;0;0;0;0;0;1;0;0;0;0;0;0;0;0;0;0;0;0;1;0;0;0;0;0;0;1;0;0;JAGUARIAÍVA;REGIÃO CENTRAL;21;6
0.583989501312336;2017-05-31;12;16;19;23;579;28;11;12;19;452;28;0;28;705;122;329;4;5;4;5;4;4;5;0;0;0;0;0;0;0;1;0;0;0;0;0;0;0;0;0;0;1;0;0;0;0;0;0;0;0;0;0;0;0;0;0;0;0;0;0;0;1;0;0;0;0;0;0;0;0;0;0;0;0;1;0;0;0;0;0;0;0;0;0;JAGUARIAÍVA;REGIÃO CENTRAL;22;7
0.541119860017498;2017-06-30;3;11;17;22;498;27;8;3;18;333;27;0;27;663;120;244;4;4;5;4;5;4;4;0;0;0;0;0;0;1;0;0;0;0;0;0;0;0;0;0;0;1;0;0;0;0;0;0;0;0;0;0;0;0;0;0;0;0;0;0;0;1;0;0;0;0;0;0;0;0;0;0;0;0;1;0;0;0;0;0;0;1;0;0;JAGUARIAÍVA;REGIÃO CENTRAL;23;6
0.468649752114319;2017-07-31;0;8;16;19;488;27;0;0;12;277;27;0;27;700;0;0;5;4;4;5;4;5;4;0;0;0;0;0;1;0;0;0;0;0;0;0;0;0;0;0;0;1;0;0;0;0;0;0;0;0;0;0;0;0;0;0;0;0;0;0;0;1;0;0;0;0;0;0;0;0;0;0;0;0;1;0;0;0;0;0;16;0;0;0;JAGUARIAÍVA;REGIÃO CENTRAL;24;5
0.525080198308545;2017-08-31;6;12;18;22;545;31;5;6;16;364;31;0;31;726;40;167;4;5;5;4;4;4;5;0;1;0;0;0;0;0;0;0;0;0;0;0;0;0;0;0;0;1;0;0;0;0;0;0;0;0;0;0;0;0;0;0;0;0;0;0;0;1;0;0;0;0;0;0;0;0;0;0;0;0;1;0;0;0;0;0;0;0;0;0;JAGUARIAÍVA;REGIÃO CENTRAL;25;6
0.489938757655293;2017-09-30;11;17;22;24;654;32;2;11;19;455;32;0;32;852;34;64;4;4;4;4;5;5;4;0;0;0;0;0;0;0;0;0;0;0;1;0;0;0;0;0;0;1;0;0;0;0;0;0;0;0;0;0;0;0;0;0;0;0;0;0;0;1;0;0;0;0;0;0;0;0;0;0;0;0;1;0;0;0;0;0;0;0;0;0;JAGUARIAÍVA;REGIÃO CENTRAL;26;6
0.488188976377953;2017-10-31;8;16;20;26;631;33;15;8;19;457;33;0;33;805;87;465;5;4;4;5;4;4;5;0;0;0;0;0;0;0;0;0;0;1;0;0;0;0;0;0;0;1;0;0;0;0;0;0;0;0;0;0;0;0;0;0;0;0;0;0;0;1;0;0;0;0;0;0;0;0;0;0;0;0;1;0;0;0;0;0;0;0;0;0;JAGUARIAÍVA;REGIÃO CENTRAL;27;6
0.502624671916011;2017-11-30;11;17;21;25;619;32;6;11;19;464;32;0;32;774;37;176;4;5;5;4;4;4;4;0;0;0;0;0;0;0;0;0;1;0;0;0;0;0;0;0;0;1;0;0;0;0;0;0;0;0;0;0;0;0;0;0;0;0;0;0;0;1;0;0;0;0;0;0;0;0;0;0;0;0;1;0;0;0;0;0;0;0;0;0;JAGUARIAÍVA;REGIÃO CENTRAL;28;6
0.377515310586177;2017-12-31;15;19;22;27;696;32;5;15;22;568;32;0;32;823;35;164;5;4;4;4;5;5;4;0;0;1;0;0;0;0;0;0;0;0;0;0;0;0;0;0;0;1;0;0;0;0;0;0;0;0;0;0;0;0;0;0;0;0;0;0;0;1;0;0;0;0;0;0;0;0;0;0;0;0;1;0;0;0;0;0;0;0;0;0;JAGUARIAÍVA;REGIÃO CENTRAL;29;4
0.34076990376203;2018-01-31;16;19;23;25;707;31;5;16;21;582;31;0;31;831;17;145;4;5;4;5;4;4;5;0;0;0;0;1;0;0;0;0;0;0;0;0;0;0;0;0;0;0;1;0;0;0;0;0;0;0;0;0;0;0;0;0;0;0;0;0;0;1;0;0;0;0;0;0;0;0;0;0;0;0;1;0;0;0;0;0;31;0;0;0;JAGUARIAÍVA;REGIÃO CENTRAL;30;3
0.385535141440653;2018-02-28;15;18;22;25;611;30;2;15;21;485;30;0;30;737;14;51;4;4;4;4;4;4;4;0;0;0;1;0;0;0;0;0;0;0;0;0;0;0;0;0;0;0;1;0;0;0;0;0;0;0;0;0;0;0;0;0;0;0;0;0;0;1;0;0;0;0;0;0;0;0;0;0;0;0;1;0;0;0;0;1;0;3;0;0;JAGUARIAÍVA;REGIÃO CENTRAL;31;4
0.536891221930592;2018-03-31;16;20;23;26;724;31;5;16;22;589;31;0;31;858;42;140;4;4;5;4;5;5;4;0;0;0;0;0;0;0;0;1;0;0;0;0;0;0;0;0;0;0;1;0;0;0;0;0;0;0;0;0;0;0;0;0;0;0;0;0;0;1;0;0;0;0;0;0;0;0;0;0;0;0;1;0;0;0;0;1;0;1;0;0;JAGUARIAÍVA;REGIÃO CENTRAL;32;6
0.532808398950131;2018-04-30;12;19;21;24;644;29;1;12;20;480;29;0;29;808;13;20;5;4;4;5;4;4;4;1;0;0;0;0;0;0;0;0;0;0;0;0;0;0;0;0;0;0;1;0;0;0;0;0;0;0;0;0;0;0;0;0;0;0;0;0;0;1;0;0;0;0;0;0;0;0;0;0;0;0;1;0;0;0;0;1;0;0;0;0;JAGUARIAÍVA;REGIÃO CENTRAL;33;6
0.561096529600467;2018-05-31;5;13;18;22;573;29;3;5;17;406;29;0;29;740;88;104;4;5;5;4;4;4;5;0;0;0;0;0;0;0;1;0;0;0;0;0;0;0;0;0;0;0;1;0;0;0;0;0;0;0;0;0;0;0;0;0;0;0;0;0;0;1;0;0;0;0;0;0;0;0;0;0;0;0;1;0;0;0;0;1;0;1;0;0;JAGUARIAÍVA;REGIÃO CENTRAL;34;7
0.543307086614173;2018-06-30;4;11;16;22;492;29;3;4;19;351;29;0;29;632;47;95;4;4;4;4;5;5;4;0;0;0;0;0;0;1;0;0;0;0;0;0;0;0;0;0;0;0;1;0;0;0;0;0;0;0;0;0;0;0;0;0;0;0;0;0;0;1;0;0;0;0;0;0;0;0;0;0;0;0;1;0;0;0;0;1;0;0;0;0;JAGUARIAÍVA;REGIÃO CENTRAL;35;6
0.494459025955089;2018-07-31;3;10;18;22;546;28;1;3;16;351;28;0;28;740;25;27;5;4;4;5;4;4;5;0;0;0;0;0;1;0;0;0;0;0;0;0;0;0;0;0;0;0;1;0;0;0;0;0;0;0;0;0;0;0;0;0;0;0;0;0;0;1;0;0;0;0;0;0;0;0;0;0;0;0;1;0;0;0;0;1;16;0;0;0;JAGUARIAÍVA;REGIÃO CENTRAL;36;6
0.523330417031204;2018-08-31;3;12;16;22;499;30;7;3;15;330;30;0;30;668;58;202;4;5;5;4;5;4;4;0;1;0;0;0;0;0;0;0;0;0;0;0;0;0;0;0;0;0;1;0;0;0;0;0;0;0;0;0;0;0;0;0;0;0;0;0;0;1;0;0;0;0;0;0;0;0;0;0;0;0;1;0;0;0;0;1;0;0;0;0;JAGUARIAÍVA;REGIÃO CENTRAL;37;6
0.541119860017498;2018-09-30;6;14;19;25;579;32;4;6;19;424;32;0;32;734;27;119;5;4;4;4;4;5;4;0;0;0;0;0;0;0;0;0;0;0;1;0;0;0;0;0;0;0;1;0;0;0;0;0;0;0;0;0;0;0;0;0;0;0;0;0;0;1;0;0;0;0;0;0;0;0;0;0;0;0;1;0;0;0;0;1;0;0;0;0;JAGUARIAÍVA;REGIÃO CENTRAL;38;6
0.556722076407116;2018-10-31;13;15;20;24;623;29;6;13;19;497;29;0;29;749;23;176;4;5;4;5;4;4;5;0;0;0;0;0;0;0;0;0;0;1;0;0;0;0;0;0;0;0;1;0;0;0;0;0;0;0;0;0;0;0;0;0;0;0;0;0;0;1;0;0;0;0;0;0;0;0;0;0;0;0;1;0;0;0;0;1;0;0;0;0;JAGUARIAÍVA;REGIÃO CENTRAL;39;7
0.52405949256343;2018-11-30;12;17;21;26;636;32;3;12;21;478;32;0;32;794;27;84;4;4;5;4;5;4;4;0;0;0;0;0;0;0;0;0;1;0;0;0;0;0;0;0;0;0;1;0;0;0;0;0;0;0;0;0;0;0;0;0;0;0;0;0;0;1;0;0;0;0;0;0;0;0;0;0;0;0;1;0;0;0;0;1;0;0;0;0;JAGUARIAÍVA;REGIÃO CENTRAL;40;6
0.375619714202391;2018-12-31;13;18;24;26;733;33;2;13;23;565;33;0;33;900;23;65;5;4;4;5;4;5;4;0;0;1;0;0;0;0;0;0;0;0;0;0;0;0;0;0;0;0;1;0;0;0;0;0;0;0;0;0;0;0;0;0;0;0;0;0;0;1;0;0;0;0;0;0;0;0;0;0;0;0;1;0;0;0;0;1;0;0;0;0;JAGUARIAÍVA;REGIÃO CENTRAL;41;4
0.326625838436862;2019-01-31;18;23;25;27;780;34;3;18;23;633;34;0;34;927;20;94;4;5;5;4;4;4;5;0;0;0;0;1;0;0;0;0;0;0;0;0;0;0;0;0;0;0;0;1;0;0;0;0;0;0;0;0;0;0;0;0;0;0;0;0;0;1;0;0;0;0;0;0;0;0;0;0;0;0;1;0;0;0;0;1;31;0;0;0;JAGUARIAÍVA;REGIÃO CENTRAL;42;3
0.424613589967921;2019-02-28;15;19;23;27;642;34;6;15;22;520;34;0;34;764;53;161;4;4;4;4;4;4;4;0;0;0;1;0;0;0;0;0;0;0;0;0;0;0;0;0;0;0;0;1;0;0;0;0;0;0;0;0;0;0;0;0;0;0;0;0;0;1;0;0;0;0;0;0;0;0;0;0;0;0;2;0;0;0;1;1;0;0;0;0;JAGUARIAÍVA;REGIÃO CENTRAL;43;4
0.589967920676582;2019-03-31;15;19;23;25;704;30;4;15;21;572;30;0;30;835;36;134;5;4;4;4;5;5;4;0;0;0;0;0;0;0;0;1;0;0;0;0;0;0;0;0;0;0;0;1;0;0;0;0;0;0;0;0;0;0;0;0;0;0;0;0;0;1;0;0;0;0;0;0;0;0;0;0;0;0;2;0;0;0;1;1;0;3;0;0;JAGUARIAÍVA;REGIÃO CENTRAL;44;7
0.585739282589676;2019-04-30;12;19;22;25;650;28;2;12;21;517;28;0;28;783;27;71;4;4;4;5;4;4;5;1;0;0;0;0;0;0;0;0;0;0;0;0;0;0;0;0;0;0;0;1;0;0;0;0;0;0;0;0;0;0;0;0;0;0;0;0;0;1;0;0;0;0;0;0;0;0;0;0;0;0;2;0;0;0;1;1;0;1;0;0;JAGUARIAÍVA;REGIÃO CENTRAL;45;7
0.584572761738116;2019-05-31;9;14;19;24;595;29;5;9;20;480;29;0;29;711;52;158;4;5;5;4;5;4;4;0;0;0;0;0;0;0;1;0;0;0;0;0;0;0;0;0;0;0;0;1;0;0;0;0;0;0;0;0;0;0;0;0;0;0;0;0;0;1;0;0;0;0;0;0;0;0;0;0;0;0;2;0;0;0;1;1;0;0;0;0;JAGUARIAÍVA;REGIÃO CENTRAL;46;7
0.533683289588802;2019-06-30;6;12;18;22;539;28;3;6;16;378;28;0;28;700;56;93;5;4;4;4;4;5;4;0;0;0;0;0;0;1;0;0;0;0;0;0;0;0;0;0;0;0;0;1;0;0;0;0;0;0;0;0;0;0;0;0;0;0;0;0;0;1;0;0;0;0;0;0;0;0;0;0;0;0;2;0;0;0;1;1;0;1;0;0;JAGUARIAÍVA;REGIÃO CENTRAL;47;6
0.457130358705162;2019-07-31;-1;7;16;22;506;27;2;-1;17;321;27;0;27;690;44;75;4;5;4;5;4;4;5;0;0;0;0;0;1;0;0;0;0;0;0;0;0;0;0;0;0;0;0;1;0;0;0;0;0;0;0;0;0;0;0;0;0;0;0;0;0;1;0;0;0;0;0;0;0;0;0;0;0;0;2;0;0;0;1;1;16;0;0;0;JAGUARIAÍVA;REGIÃO CENTRAL;48;5
0.545494313210849;2019-08-31;4;10;17;22;528;30;0;4;16;344;30;0;30;712;9;12;4;4;5;4;5;5;4;0;1;0;0;0;0;0;0;0;0;0;0;0;0;0;0;0;0;0;0;1;0;0;0;0;0;0;0;0;0;0;0;0;0;0;0;0;0;1;0;0;0;0;0;0;0;0;0;0;0;0;2;0;0;0;1;1;0;0;0;0;JAGUARIAÍVA;REGIÃO CENTRAL;49;6
0.619860017497813;2019-09-30;10;14;20;27;604;33;5;10;21;449;33;0;33;760;49;143;5;4;4;5;4;4;4;0;0;0;0;0;0;0;0;0;0;0;1;0;0;0;0;0;0;0;0;1;0;0;0;0;0;0;0;0;0;0;0;0;0;0;0;0;0;1;0;0;0;0;0;0;0;0;0;0;0;0;2;0;0;0;1;1;0;0;0;0;JAGUARIAÍVA;REGIÃO CENTRAL;50;7
0.629192184310295;2019-10-31;12;17;23;27;699;35;3;12;22;520;35;0;35;879;49;80;4;5;5;4;4;4;5;0;0;0;0;0;0;0;0;0;0;1;0;0;0;0;0;0;0;0;0;1;0;0;0;0;0;0;0;0;0;0;0;0;0;0;0;0;0;1;0;0;0;0;0;0;0;0;0;0;0;0;2;0;0;0;1;1;0;0;0;0;JAGUARIAÍVA;REGIÃO CENTRAL;51;8
0.563867016622922;2019-11-30;13;18;22;26;652;33;5;13;20;493;33;0;33;812;53;164;4;4;4;4;5;5;4;0;0;0;0;0;0;0;0;0;1;0;0;0;0;0;0;0;0;0;0;1;0;0;0;0;0;0;0;0;0;0;0;0;0;0;0;0;0;1;0;0;0;0;0;0;0;0;0;0;0;0;2;0;0;0;1;1;0;0;0;0;JAGUARIAÍVA;REGIÃO CENTRAL;52;7
0.378390201224847;2019-12-31;14;18;22;26;679;31;6;14;20;539;31;0;31;820;72;190;5;4;4;5;4;4;5;0;0;1;0;0;0;0;0;0;0;0;0;0;0;0;0;0;0;0;0;1;0;0;0;0;0;0;0;0;0;0;0;0;0;0;0;0;0;1;0;0;0;0;0;0;0;0;0;0;0;0;2;0;0;0;1;1;0;0;0;0;JAGUARIAÍVA;REGIÃO CENTRAL;53;4
0.330417031204433;2020-01-31;15;19;23;26;716;31;5;15;22;589;31;0;31;843;37;140;4;5;5;4;5;4;4;0;0;0;0;1;0;0;0;0;0;0;0;0;0;0;0;0;0;0;0;0;1;0;0;0;0;0;0;0;0;0;0;0;0;0;0;0;0;1;0;0;0;0;0;0;0;0;0;0;0;0;2;0;0;0;1;1;31;0;0;0;JAGUARIAÍVA;REGIÃO CENTRAL;54;3
0.436862058909303;2020-02-29;13;19;22;26;648;32;3;13;22;527;32;0;32;769;18;76;4;4;4;4;4;5;4;0;0;0;1;0;0;0;0;0;0;0;0;0;0;0;0;0;0;0;0;0;1;0;0;0;0;0;0;0;0;0;0;0;0;0;0;0;0;1;0;0;0;0;0;0;0;0;0;0;0;0;2;0;0;0;1;1;0;3;0;0;JAGUARIAÍVA;REGIÃO CENTRAL;55;5
0.279965004374453;2020-03-31;14;20;22;26;682;33;1;14;21;513;33;0;33;852;14;24;5;4;4;5;4;4;5;0;0;0;0;0;0;0;0;1;0;0;0;0;0;0;0;0;0;0;0;0;1;0;0;0;0;0;0;0;0;0;0;0;0;0;0;0;0;1;0;0;0;0;0;0;0;0;0;0;0;0;2;0;0;0;1;1;0;0;15;0;JAGUARIAÍVA;REGIÃO CENTRAL;56;2
0.047681539807524;2020-04-30;8;16;20;24;596;30;2;8;19;420;30;0;30;773;45;63;4;5;5;4;4;4;4;1;0;0;0;0;0;0;0;0;0;0;0;0;0;0;0;0;0;0;0;0;1;0;0;0;0;0;0;0;0;0;0;0;0;0;0;0;0;1;0;0;0;0;0;0;0;0;0;0;0;0;2;0;0;0;1;1;0;1;30;0;JAGUARIAÍVA;REGIÃO CENTRAL;57;0
0.0;2020-05-31;6;13;17;22;530;27;3;6;17;343;27;0;27;717;82;93;5;4;4;4;5;5;4;0;0;0;0;0;0;0;1;0;0;0;0;0;0;0;0;0;0;0;0;0;1;0;0;0;0;0;0;0;0;0;0;0;0;0;0;0;0;1;0;0;0;0;0;0;0;0;0;0;0;0;2;0;0;0;1;1;0;0;31;0;JAGUARIAÍVA;REGIÃO CENTRAL;58;0
0.063867016622922;2020-06-30;9;13;17;21;524;27;8;9;18;390;27;0;27;657;115;227;4;4;4;5;4;4;5;0;0;0;0;0;0;1;0;0;0;0;0;0;0;0;0;0;0;0;0;0;1;0;0;0;0;0;0;0;0;0;0;0;0;0;0;0;0;1;0;0;0;0;0;0;0;0;0;0;0;0;2;0;0;0;1;1;0;1;30;0;JAGUARIAÍVA;REGIÃO CENTRAL;59;0
0.192475940507437;2020-07-31;4;9;16;21;500;27;2;4;16;326;27;0;27;675;48;58;4;5;5;4;5;4;4;0;0;0;0;0;1;0;0;0;0;0;0;0;0;0;0;0;0;0;0;0;1;0;0;0;0;0;0;0;0;0;0;0;0;0;0;0;0;1;0;0;0;0;0;0;0;0;0;0;0;0;2;0;0;0;1;1;0;0;31;0;JAGUARIAÍVA;REGIÃO CENTRAL;60;1
0.198891805191018;2020-08-31;1;8;16;23;511;32;6;1;15;329;32;0;32;693;48;194;5;4;4;5;4;5;4;0;1;0;0;0;0;0;0;0;0;0;0;0;0;0;0;0;0;0;0;0;1;0;0;0;0;0;0;0;0;0;0;0;0;0;0;0;0;1;0;0;0;0;0;0;0;0;0;0;0;0;2;0;0;0;1;1;0;0;31;0;JAGUARIAÍVA;REGIÃO CENTRAL;61;2
0.215223097112861;2020-09-30;11;15;21;25;639;34;1;11;17;449;34;0;34;828;20;27;4;5;4;4;4;4;5;0;0;0;0;0;0;0;0;0;0;0;1;0;0;0;0;0;0;0;0;0;1;0;0;0;0;0;0;0;0;0;0;0;0;0;0;0;0;1;0;0;0;0;0;0;0;0;0;0;0;0;2;0;0;0;1;1;0;0;30;0;JAGUARIAÍVA;REGIÃO CENTRAL;62;2
0.216972878390201;2020-10-31;10;16;21;28;663;37;4;10;20;481;37;0;37;844;36;118;4;4;5;4;5;5;4;0;0;0;0;0;0;0;0;0;0;1;0;0;0;0;0;0;0;0;0;0;1;0;0;0;0;0;0;0;0;0;0;0;0;0;0;0;0;1;0;0;0;0;0;0;0;0;0;0;0;0;2;0;0;0;1;1;0;0;31;0;JAGUARIAÍVA;REGIÃO CENTRAL;63;2
0.215223097112861;2020-11-30;8;16;21;25;633;33;3;8;19;445;33;0;33;821;23;97;5;4;4;5;4;4;4;0;0;0;0;0;0;0;0;0;1;0;0;0;0;0;0;0;0;0;0;0;1;0;0;0;0;0;0;0;0;0;0;0;0;0;0;0;0;1;0;0;0;0;0;0;0;0;0;0;0;0;2;0;0;0;1;1;0;0;30;0;JAGUARIAÍVA;REGIÃO CENTRAL;64;2
0.239574219889181;2020-12-31;14;18;23;24;699;30;3;14;20;552;30;0;30;847;27;100;4;5;5;4;4;4;5;0;0;1;0;0;0;0;0;0;0;0;0;0;0;0;0;0;0;0;0;0;1;0;0;0;0;0;0;0;0;0;0;0;0;0;0;0;0;1;0;0;0;0;0;0;0;0;0;0;0;0;2;0;0;0;1;1;0;0;31;0;JAGUARIAÍVA;REGIÃO CENTRAL;65;2
0.212452610090405;2021-01-31;15;20;23;26;707;31;4;15;21;590;31;0;31;825;16;132;5;4;4;4;5;5;4;0;0;0;0;1;0;0;0;0;0;0;0;1;0;0;0;0;0;0;0;0;0;0;0;0;0;0;0;0;0;0;0;0;0;0;0;0;0;1;0;0;0;0;0;0;0;0;0;0;0;0;2;0;0;0;1;1;0;0;31;0;JAGUARIAÍVA;REGIÃO CENTRAL;66;2
0.189559638378536;2021-02-28;14;20;23;26;634;32;1;14;21;473;32;0;32;793;10;26;4;4;4;4;4;4;4;0;0;0;1;0;0;0;0;0;0;0;0;1;0;0;0;0;0;0;0;0;0;0;0;0;0;0;0;0;0;0;0;0;0;0;0;0;0;1;0;0;0;0;0;0;0;0;0;0;0;0;2;0;0;0;1;1;0;3;28;0;JAGUARIAÍVA;REGIÃO CENTRAL;67;1
0.235053951589385;2021-03-31;12;18;23;26;717;32;3;12;20;557;32;0;32;877;12;92;4;5;4;5;4;4;5;0;0;0;0;0;0;0;0;1;0;0;0;1;0;0;0;0;0;0;0;0;0;0;0;0;0;0;0;0;0;0;0;0;0;0;0;0;0;1;0;0;0;0;0;0;0;0;0;0;0;0;2;0;0;0;1;1;0;0;31;0;JAGUARIAÍVA;REGIÃO CENTRAL;68;2
0.232720909886264;2021-04-30;10;17;20;24;594;30;0;10;19;426;30;0;30;762;4;6;4;4;5;4;5;4;4;1;0;0;0;0;0;0;0;0;0;0;0;1;0;0;0;0;0;0;0;0;0;0;0;0;0;0;0;0;0;0;0;0;0;0;0;0;0;1;0;0;0;0;0;0;0;0;0;0;0;0;2;0;0;0;1;1;0;1;30;0;JAGUARIAÍVA;REGIÃO CENTRAL;69;2
0.244094488188976;2021-05-31;3;13;17;22;535;28;6;3;18;351;28;0;28;720;62;179;5;4;4;5;4;5;4;0;0;0;0;0;0;0;1;0;0;0;0;1;0;0;0;0;0;0;0;0;0;0;0;0;0;0;0;0;0;0;0;0;0;0;0;0;0;1;0;0;0;0;0;0;0;0;0;0;0;0;2;0;0;0;1;1;0;0;31;0;JAGUARIAÍVA;REGIÃO CENTRAL;70;2
0.202099737532808;2021-06-30;-1;5;15;21;464;27;4;-1;15;318;27;0;27;610;66;130;4;5;4;4;4;4;5;0;0;0;0;0;0;1;0;0;0;0;0;1;0;0;0;0;0;0;0;0;0;0;0;0;0;0;0;0;0;0;0;0;0;0;0;0;0;1;0;0;0;0;0;0;0;0;0;0;0;0;2;0;0;0;1;1;0;1;30;0;JAGUARIAÍVA;REGIÃO CENTRAL;71;2
0.198891805191018;2021-07-31;-1;6;14;19;427;28;2;-1;14;204;28;0;28;649;44;50;4;4;5;4;5;5;4;0;0;0;0;0;1;0;0;0;0;0;0;1;0;0;0;0;0;0;0;0;0;0;0;0;0;0;0;0;0;0;0;0;0;0;0;0;0;1;0;0;0;0;0;0;0;0;0;0;0;0;2;0;0;0;1;1;0;0;31;0;JAGUARIAÍVA;REGIÃO CENTRAL;72;2
0.20793234179061;2021-08-31;6;13;19;25;574;33;3;6;18;370;33;0;33;777;67;86;5;4;4;5;4;4;5;0;1;0;0;0;0;0;0;0;0;0;0;1;0;0;0;0;0;0;0;0;0;0;0;0;0;0;0;0;0;0;0;0;0;0;0;0;0;1;0;0;0;0;0;0;0;0;0;0;0;0;2;0;0;0;1;1;0;0;31;0;JAGUARIAÍVA;REGIÃO CENTRAL;73;2
0.197725284339458;2021-09-30;10;17;22;27;648;34;5;10;22;447;34;0;34;849;80;141;4;5;5;4;4;4;4;0;0;0;0;0;0;0;0;0;0;0;1;1;0;0;0;0;0;0;0;0;0;0;0;0;0;0;0;0;0;0;0;0;0;0;0;0;0;1;0;0;0;0;0;0;0;0;0;0;0;0;2;0;0;0;1;1;0;0;30;0;JAGUARIAÍVA;REGIÃO CENTRAL;74;2
0.235053951589385;2021-10-31;9;16;19;23;588;28;14;9;18;446;28;0;28;730;96;431;5;4;4;4;5;5;4;0;0;0;0;0;0;0;0;0;0;1;0;1;0;0;0;0;0;0;0;0;0;0;0;0;0;0;0;0;0;0;0;0;0;0;0;0;0;1;0;0;0;0;0;0;0;0;0;0;0;0;2;0;0;0;1;1;0;0;0;0;JAGUARIAÍVA;REGIÃO CENTRAL;75;2
0.232720909886264;2021-11-30;10;17;22;25;657;32;4;10;18;466;32;0;32;849;53;112;4;4;4;5;4;4;5;0;0;0;0;0;0;0;0;0;1;0;0;1;0;0;0;0;0;0;0;0;0;0;0;0;0;0;0;0;0;0;0;0;0;0;0;0;0;1;0;0;0;0;0;0;0;0;0;0;0;0;2;0;0;0;1;1;0;0;0;0;JAGUARIAÍVA;REGIÃO CENTRAL;76;2
0.230533683289589;2021-12-31;11;19;23;27;707;34;3;11;20;511;34;0;34;903;28;104;4;5;5;4;5;4;4;0;0;1;0;0;0;0;0;0;0;0;0;1;0;0;0;0;0;0;0;0;0;0;0;0;0;0;0;0;0;0;0;0;0;0;0;0;0;1;0;0;0;0;0;0;0;0;0;0;0;0;2;0;0;0;1;1;0;0;0;0;JAGUARIAÍVA;REGIÃO CENTRAL;77;2
0.20793234179061;2022-01-31;15;19;24;27;729;34;7;15;21;569;34;0;34;888;42;209;5;4;4;5;4;5;4;0;0;0;0;1;0;0;0;0;0;0;0;0;1;0;0;0;0;0;0;0;0;0;0;0;0;0;0;0;0;0;0;0;0;0;0;0;0;1;0;0;0;0;0;0;0;0;0;0;0;0;2;0;0;0;1;1;31;0;0;0;JAGUARIAÍVA;REGIÃO CENTRAL;78;2
0.226305045202683;2022-02-28;15;21;24;27;673;34;6;15;21;502;34;0;34;844;82;170;4;4;4;4;4;4;4;0;0;0;1;0;0;0;0;0;0;0;0;0;1;0;0;0;0;0;0;0;0;0;0;0;0;0;0;0;0;0;0;0;0;0;0;0;0;1;0;0;0;0;0;0;0;0;0;0;0;0;2;0;0;0;1;1;0;1;0;0;JAGUARIAÍVA;REGIÃO CENTRAL;79;2
0.366141732283465;2022-03-31;15;19;24;27;729;34;10;15;21;573;34;0;34;884;41;325;4;5;5;4;4;4;5;0;0;0;0;0;0;0;0;1;0;0;0;0;1;0;0;0;0;0;0;0;0;0;0;0;0;0;0;0;0;0;0;0;0;0;0;0;0;1;0;0;0;0;0;0;0;0;0;0;0;0;2;0;0;0;1;1;0;1;0;0;JAGUARIAÍVA;REGIÃO CENTRAL;80;4
0.416447944006999;2022-04-30;9;15;20;24;612;30;3;9;18;457;30;0;30;768;35;95;4;4;4;4;5;5;4;1;0;0;0;0;0;0;0;0;0;0;0;0;1;0;0;0;0;0;0;0;0;0;0;0;0;0;0;0;0;0;0;0;0;0;0;0;0;1;0;0;0;0;0;0;0;0;0;0;0;0;2;0;0;0;1;1;0;1;0;0;JAGUARIAÍVA;REGIÃO CENTRAL;81;4
0.537911927675707;2022-05-31;4;9;16;22;505;27;5;4;18;346;27;0;27;663;92;141;5;4;4;5;4;4;5;0;0;0;0;0;0;0;1;0;0;0;0;0;1;0;0;0;0;0;0;0;0;0;0;0;0;0;0;0;0;0;0;0;0;0;0;0;0;1;0;0;0;0;0;0;0;0;0;0;0;0;2;0;0;0;1;1;0;0;0;0;JAGUARIAÍVA;REGIÃO CENTRAL;82;6
0.517060367454068;2022-06-30;2;10;16;21;482;27;1;2;16;327;27;0;27;637;13;44;4;5;5;4;4;4;4;0;0;0;0;0;0;1;0;0;0;0;0;0;1;0;0;0;0;0;0;0;0;0;0;0;0;0;0;0;0;0;0;0;0;0;0;0;0;1;0;0;0;0;0;0;0;0;0;0;0;0;2;0;0;0;1;1;0;1;0;0;JAGUARIAÍVA;REGIÃO CENTRAL;83;6
0.39326334208224;2022-07-31;4;12;18;21;559;28;1;4;16;356;28;0;28;761;12;19;5;4;4;4;5;5;4;0;0;0;0;0;1;0;0;0;0;0;0;0;1;0;0;0;0;0;0;0;0;0;0;0;0;0;0;0;0;0;0;0;0;0;0;0;0;1;0;0;0;0;0;0;0;0;0;0;0;0;2;0;0;0;1;1;0;0;0;0;JAGUARIAÍVA;REGIÃO CENTRAL;84;4
0.623797025371829;2022-08-31;2;9;16;21;495;29;7;2;16;323;29;0;29;667;58;211;4;5;4;5;4;4;5;0;1;0;0;0;0;0;0;0;0;0;0;0;1;0;0;0;0;0;0;0;0;0;0;0;0;0;0;0;0;0;0;0;0;0;0;0;0;1;0;0;0;0;0;0;0;0;0;0;0;0;2;0;0;0;1;1;0;0;0;0;JAGUARIAÍVA;REGIÃO CENTRAL;85;7
0.57830271216098;2022-09-30;5;12;16;24;477;31;8;5;19;344;31;0;31;610;70;244;4;4;5;4;5;4;4;0;0;0;0;0;0;0;0;0;0;0;1;0;1;0;0;0;0;0;0;0;0;0;0;0;0;0;0;0;0;0;0;0;0;0;0;0;0;1;0;0;0;0;0;0;0;0;0;0;0;0;2;0;0;0;1;1;0;0;0;0;JAGUARIAÍVA;REGIÃO CENTRAL;86;7
0.705161854768154;2022-10-31;1;13;20;24;611;30;11;1;18;444;30;0;30;778;75;356;5;4;4;5;4;5;4;0;0;0;0;0;0;0;0;0;0;1;0;0;1;0;0;0;0;0;0;0;0;0;0;0;0;0;0;0;0;0;0;0;0;0;0;0;0;1;0;0;0;0;0;0;0;0;0;0;0;0;2;0;0;0;1;1;0;0;0;0;JAGUARIAÍVA;REGIÃO CENTRAL;87;8
0.648293963254593;2022-11-30;8;11;19;22;555;29;2;8;17;385;29;0;29;725;21;53;4;5;4;4;4;4;5;0;0;0;0;0;0;0;0;0;1;0;0;0;1;0;0;0;0;0;0;0;0;0;0;0;0;0;0;0;0;0;0;0;0;0;0;0;0;1;0;0;0;0;0;0;0;0;0;0;0;0;2;0;0;0;1;1;0;0;0;0;JAGUARIAÍVA;REGIÃO CENTRAL;88;8
0.560513269174687;2022-12-31;-3;12;21;25;662;31;8;-3;20;502;31;0;31;823;46;238;4;4;5;4;5;5;4;0;0;1;0;0;0;0;0;0;0;0;0;0;1;0;0;0;0;0;0;0;0;0;0;0;0;0;0;0;0;0;0;0;0;0;0;0;0;1;0;0;0;0;0;0;0;0;0;0;0;0;2;0;0;0;1;1;0;0;0;0;JAGUARIAÍVA;REGIÃO CENTRAL;89;7
0.402303878681832;2023-01-31;13;18;22;25;691;31;5;13;20;544;31;0;31;839;32;168;5;4;4;5;4;4;5;0;0;0;0;1;0;0;0;0;0;0;0;0;0;1;0;0;0;0;0;0;0;0;0;0;0;0;0;0;0;0;0;0;0;0;0;0;0;1;0;0;0;0;0;0;0;0;0;0;0;0;2;0;0;0;1;1;31;0;0;0;JAGUARIAÍVA;REGIÃO CENTRAL;90;4
0.47127442403033;2023-02-28;14;17;22;24;617;31;11;14;20;497;31;0;31;736;80;300;4;4;4;4;4;4;4;0;0;0;1;0;0;0;0;0;0;0;0;0;0;1;0;0;0;0;0;0;0;0;0;0;0;0;0;0;0;0;0;0;0;0;0;0;0;1;0;0;0;0;0;0;0;0;0;0;0;0;2;0;0;0;1;1;0;3;0;0;JAGUARIAÍVA;REGIÃO CENTRAL;91;5
0.78652668416448;2023-03-31;16;21;23;25;717;31;6;16;20;560;31;0;31;874;47;190;4;5;5;4;5;4;4;0;0;0;0;0;0;0;0;1;0;0;0;0;0;1;0;0;0;0;0;0;0;0;0;0;0;0;0;0;0;0;0;0;0;0;0;0;0;1;0;0;0;0;0;0;0;0;0;0;0;0;2;0;0;0;1;1;0;0;0;0;JAGUARIAÍVA;REGIÃO CENTRAL;92;9
0.678915135608049;2023-04-30;9;15;20;24;590;30;4;9;18;447;30;0;30;734;50;133;5;4;4;4;4;5;4;1;0;0;0;0;0;0;0;0;0;0;0;0;0;1;0;0;0;0;0;0;0;0;0;0;0;0;0;0;0;0;0;0;0;0;0;0;0;1;0;0;0;0;0;0;0;0;0;0;0;0;2;0;0;0;1;1;0;1;0;0;JAGUARIAÍVA;REGIÃO CENTRAL;93;8
0.827209098862642;2023-05-31;8;14;18;23;563;28;2;8;18;395;28;0;28;731;15;48;4;5;4;5;4;4;5;0;0;0;0;0;0;0;1;0;0;0;0;0;0;1;0;0;0;0;0;0;0;0;0;0;0;0;0;0;0;0;0;0;0;0;0;0;0;1;0;0;0;0;0;0;0;0;0;0;0;0;2;0;0;0;1;1;0;0;0;0;JAGUARIAÍVA;REGIÃO CENTRAL;94;9
0.801399825021872;2023-06-30;6;12;16;21;489;28;6;6;15;315;28;0;28;664;88;172;4;4;5;4;5;4;4;0;0;0;0;0;0;1;0;0;0;0;0;0;0;1;0;0;0;0;0;0;0;0;0;0;0;0;0;0;0;0;0;0;0;0;0;0;0;1;0;0;0;0;0;0;0;0;0;0;0;0;2;0;0;0;1;1;0;1;0;0;JAGUARIAÍVA;REGIÃO CENTRAL;95;9
0.519830854476524;2023-07-31;4;11;16;21;508;27;4;4;16;351;27;0;27;664;34;124;5;4;4;5;4;5;4;0;0;0;0;0;1;0;0;0;0;0;0;0;0;1;0;0;0;0;0;0;0;0;0;0;0;0;0;0;0;0;0;0;0;0;0;0;0;1;0;0;0;0;0;0;0;0;0;0;0;0;2;0;0;0;1;1;15;0;0;0;JAGUARIAÍVA;REGIÃO CENTRAL;96;6
0.849810440361622;2023-08-31;6;11;18;25;557;32;4;6;19;372;32;0;32;743;45;135;4;5;5;4;4;4;5;0;1;0;0;0;0;0;0;0;0;0;0;0;0;1;0;0;0;0;0;0;0;0;0;0;0;0;0;0;0;0;0;0;0;0;0;0;0;1;0;0;0;0;0;0;0;0;0;0;0;0;2;0;0;0;1;1;0;0;0;0;JAGUARIAÍVA;REGIÃO CENTRAL;97;9
0.801399825021872;2023-09-30;8;15;21;27;645;35;5;8;22;464;35;0;35;826;44;143;4;4;4;4;5;5;4;0;0;0;0;0;0;0;0;0;0;0;1;0;0;1;0;0;0;0;0;0;0;0;0;0;0;0;0;0;0;0;0;0;0;0;0;0;0;1;0;0;0;0;0;0;0;0;0;0;0;0;2;0;0;0;1;1;0;0;0;0;JAGUARIAÍVA;REGIÃO CENTRAL;98;9
0.809128025663459;2023-10-31;12;16;21;26;649;33;13;12;21;503;33;0;33;796;108;412;5;4;4;5;4;4;5;0;0;0;0;0;0;0;0;0;0;1;0;0;0;1;0;0;0;0;0;0;0;0;0;0;0;0;0;0;0;0;0;0;0;0;0;0;0;1;0;0;0;0;0;0;0;0;0;0;0;0;2;0;0;0;1;1;0;0;0;0;JAGUARIAÍVA;REGIÃO CENTRAL;99;9
0.849518810148732;2023-11-30;9;16;22;28;656;35;7;9;22;498;35;0;35;814;60;209;4;5;5;4;4;4;4;0;0;0;0;0;0;0;0;0;1;0;0;0;0;1;0;0;0;0;0;0;0;0;0;0;0;0;0;0;0;0;0;0;0;0;0;0;0;1;0;0;0;0;0;0;0;0;0;0;0;0;2;0;0;0;1;1;0;0;0;0;JAGUARIAÍVA;REGIÃO CENTRAL;100;9
0.822688830562846;2023-12-31;14;18;24;27;732;34;4;14;21;559;34;0;34;905;63;139;5;4;4;4;5;5;4;0;0;1;0;0;0;0;0;0;0;0;0;0;0;1;0;0;0;0;0;0;0;0;0;0;0;0;0;0;0;0;0;0;0;0;0;0;0;1;0;0;0;0;0;0;0;0;0;0;0;0;2;0;0;0;1;1;0;0;0;0;JAGUARIAÍVA;REGIÃO CENTRAL;101;9
0.492709244677749;2024-01-31;14;18;23;28;724;35;4;14;22;567;35;0;35;882;47;133;4;5;4;5;4;4;5;0;0;0;0;1;0;0;0;0;0;0;0;0;0;0;1;0;0;0;0;0;0;0;0;0;0;0;0;0;0;0;0;0;0;0;0;0;0;1;0;0;0;0;0;0;0;0;0;0;0;0;2;0;0;0;1;1;31;0;0;0;JAGUARIAÍVA;REGIÃO CENTRAL;102;6
0.902158063575386;2024-02-29;17;19;24;27;694;32;4;17;21;550;32;0;32;839;27;106;4;4;5;4;4;4;4;0;0;0;1;0;0;0;0;0;0;0;0;0;0;0;1;0;0;0;0;0;0;0;0;0;0;0;0;0;0;0;0;0;0;0;0;0;0;1;0;0;0;0;0;0;0;0;0;0;0;0;2;0;0;0;1;1;0;3;0;0;JAGUARIAÍVA;REGIÃO CENTRAL;103;9
1.0;2024-03-31;16;18;24;28;742;34;5;16;22;589;34;0;34;894;45;167;5;4;4;4;5;5;4;0;0;0;0;0;0;0;0;1;0;0;0;0;0;0;1;0;0;0;0;0;0;0;0;0;0;0;0;0;0;0;0;0;0;0;0;0;0;1;0;0;0;0;0;0;0;0;0;0;0;0;2;0;0;0;1;1;0;1;0;0;JAGUARIAÍVA;REGIÃO CENTRAL;104;9
0.818897637795276;2024-04-30;10;17;22;26;672;32;1;10;21;527;32;0;32;817;27;37;4;4;4;5;4;4;5;1;0;0;0;0;0;0;0;0;0;0;0;0;0;0;1;0;0;0;0;0;0;0;0;0;0;0;0;0;0;0;0;0;0;0;0;0;0;1;0;0;0;0;0;0;0;0;0;0;0;0;2;0;0;0;1;1;0;0;0;0;JAGUARIAÍVA;REGIÃO CENTRAL;105;9
0.474628171478565;2024-05-31;5;12;20;26;618;31;1;5;20;467;31;0;31;770;17;23;4;5;5;4;5;4;4;0;0;0;0;0;0;0;1;0;0;0;0;0;0;0;1;0;0;0;0;0;0;0;0;0;0;0;0;0;0;0;0;0;0;0;0;0;0;1;0;0;0;0;0;0;0;0;0;0;0;0;2;0;0;0;1;1;0;1;0;30;JAGUARIAÍVA;REGIÃO CENTRAL;106;5
0.416447944006999;2024-06-30;6;12;19;22;578;29;0;6;17;392;29;0;29;763;1;3;5;4;4;4;4;5;4;0;0;0;0;0;0;1;0;0;0;0;0;0;0;0;1;0;0;0;0;0;0;0;0;0;0;0;0;0;0;0;0;0;0;0;0;0;0;1;0;0;0;0;0;0;0;0;0;0;0;0;2;0;0;0;1;1;0;0;0;30;JAGUARIAÍVA;REGIÃO CENTRAL;107;4
0.854330708661418;2024-07-31;4;11;16;20;482;28;2;4;15;309;28;0;28;655;19;52;4;5;4;5;4;4;5;0;0;0;0;0;1;0;0;0;0;0;0;0;0;0;1;0;0;0;0;0;0;0;0;0;0;0;0;0;0;0;0;0;0;0;0;0;0;1;0;0;0;0;0;0;0;0;0;0;0;0;2;0;0;0;1;1;12;0;0;0;JAGUARIAÍVA;REGIÃO CENTRAL;108;9
0.854330708661418;2024-08-31;0;8;17;23;536;33;2;0;16;298;33;0;33;774;43;58;4;4;5;4;5;5;4;0;1;0;0;0;0;0;0;0;0;0;0;0;0;0;1;0;0;0;0;0;0;0;0;0;0;0;0;0;0;0;0;0;0;0;0;0;0;1;0;0;0;0;0;0;0;0;0;0;0;0;2;0;0;0;1;1;0;0;0;0;JAGUARIAÍVA;REGIÃO CENTRAL;109;9
0.906386701662292;2024-09-30;11;14;21;25;638;35;1;11;18;426;35;0;35;851;10;37;5;4;4;5;4;4;4;0;0;0;0;0;0;0;0;0;0;0;1;0;0;0;1;0;0;0;0;0;0;0;0;0;0;0;0;0;0;0;0;0;0;0;0;0;0;1;0;0;0;0;0;0;0;0;0;0;0;0;2;0;0;0;1;1;0;0;0;0;JAGUARIAÍVA;REGIÃO CENTRAL;110;9
1.0;2024-10-31;11;14;20;25;631;34;3;11;20;485;34;0;34;776;19;87;4;5;5;4;4;4;5;0;0;0;0;0;0;0;0;0;0;1;0;0;0;0;1;0;0;0;0;0;0;0;0;0;0;0;0;0;0;0;0;0;0;0;0;0;0;1;0;0;0;0;0;0;0;0;0;0;0;0;2;0;0;0;1;1;0;0;0;0;JAGUARIAÍVA;REGIÃO CENTRAL;111;9
0.563534046145188;2017-10-31;10;17;23;29;703;37;11;10;22;518;37;0;37;888;103;342;5;4;4;5;4;4;5;0;0;0;0;0;0;0;0;0;0;1;0;0;0;0;0;0;0;1;0;0;0;0;0;0;0;0;0;0;0;0;0;0;0;0;0;0;0;0;1;0;0;0;0;0;0;0;0;0;0;0;2;4;1;0;1;0;0;0;0;0;LONDRINA - CENTRO;REGIÃO NORTE;1;7
0.56274620146314;2017-11-30;13;19;23;27;696;35;4;13;21;525;35;0;35;866;29;125;4;5;5;4;4;4;4;0;0;0;0;0;0;0;0;0;1;0;0;0;0;0;0;0;0;1;0;0;0;0;0;0;0;0;0;0;0;0;0;0;0;0;0;0;0;0;1;0;0;0;0;0;0;0;0;0;0;0;2;4;1;0;1;0;0;0;0;0;LONDRINA - CENTRO;REGIÃO NORTE;2;7
0.486437816544738;2017-12-31;17;22;25;29;770;34;4;17;24;625;34;0;34;915;16;128;5;4;4;4;5;5;4;0;0;1;0;0;0;0;0;0;0;0;0;0;0;0;0;0;0;1;0;0;0;0;0;0;0;0;0;0;0;0;0;0;0;0;0;0;0;0;1;0;0;0;0;0;0;0;0;0;0;0;2;4;1;0;1;0;0;0;0;0;LONDRINA - CENTRO;REGIÃO NORTE;3;5
0.540686550365785;2018-01-31;18;20;24;28;759;34;10;18;23;621;34;0;34;896;61;296;4;5;4;5;4;4;5;0;0;0;0;1;0;0;0;0;0;0;0;0;0;0;0;0;0;0;1;0;0;0;0;0;0;0;0;0;0;0;0;0;0;0;0;0;0;0;1;0;0;0;0;0;0;0;0;0;0;0;2;4;1;0;1;0;31;0;0;0;LONDRINA - CENTRO;REGIÃO NORTE;4;6
0.576927405740011;2018-02-28;17;21;24;27;671;33;3;17;21;525;33;0;33;817;33;97;4;4;4;4;4;4;4;0;0;0;1;0;0;0;0;0;0;0;0;0;0;0;0;0;0;0;1;0;0;0;0;0;0;0;0;0;0;0;0;0;0;0;0;0;0;0;1;0;0;0;0;0;0;0;0;0;0;0;2;4;1;0;1;0;0;3;0;0;LONDRINA - CENTRO;REGIÃO NORTE;5;7
0.755993247045582;2018-03-31;18;22;25;28;787;34;9;18;23;636;34;0;34;939;99;293;4;4;5;4;5;5;4;0;0;0;0;0;0;0;0;1;0;0;0;0;0;0;0;0;0;0;1;0;0;0;0;0;0;0;0;0;0;0;0;0;0;0;0;0;0;0;1;0;0;0;0;0;0;0;0;0;0;0;2;4;1;0;1;0;0;1;0;0;LONDRINA - CENTRO;REGIÃO NORTE;6;8
0.675295441755768;2018-04-30;15;21;23;26;703;31;1;15;23;531;31;0;31;876;11;17;5;4;4;5;4;4;4;1;0;0;0;0;0;0;0;0;0;0;0;0;0;0;0;0;0;0;1;0;0;0;0;0;0;0;0;0;0;0;0;0;0;0;0;0;0;0;1;0;0;0;0;0;0;0;0;0;0;0;2;4;1;0;1;0;0;0;0;0;LONDRINA - CENTRO;REGIÃO NORTE;7;8
0.403151378728194;2018-05-31;6;13;20;24;626;31;2;6;19;443;31;0;31;809;27;50;4;5;5;4;4;4;5;0;0;0;0;0;0;0;1;0;0;0;0;0;0;0;0;0;0;0;1;0;0;0;0;0;0;0;0;0;0;0;0;0;0;0;0;0;0;0;1;0;0;0;0;0;0;0;0;0;0;0;2;4;1;0;1;0;0;1;0;0;LONDRINA - CENTRO;REGIÃO NORTE;8;4
0.316263365222285;2018-06-30;7;14;19;24;571;30;3;7;20;424;30;0;30;717;60;79;4;4;4;4;5;5;4;0;0;0;0;0;0;1;0;0;0;0;0;0;0;0;0;0;0;0;1;0;0;0;0;0;0;0;0;0;0;0;0;0;0;0;0;0;0;0;1;0;0;0;0;0;0;0;0;0;0;0;2;4;1;0;1;0;0;0;0;0;LONDRINA - CENTRO;REGIÃO NORTE;9;3
0.300506471581317;2018-07-31;5;12;20;24;618;30;1;5;17;409;30;0;30;827;19;21;5;4;4;5;4;4;5;0;0;0;0;0;1;0;0;0;0;0;0;0;0;0;0;0;0;0;1;0;0;0;0;0;0;0;0;0;0;0;0;0;0;0;0;0;0;0;1;0;0;0;0;0;0;0;0;0;0;0;2;4;1;0;1;0;16;0;0;0;LONDRINA - CENTRO;REGIÃO NORTE;10;3
0.320877884074282;2018-08-31;5;12;18;24;555;32;18;5;17;378;32;0;32;731;170;555;4;5;5;4;5;4;4;0;1;0;0;0;0;0;0;0;0;0;0;0;0;0;0;0;0;0;1;0;0;0;0;0;0;0;0;0;0;0;0;0;0;0;0;0;0;0;1;0;0;0;0;0;0;0;0;0;0;0;2;4;1;0;1;0;0;0;0;0;LONDRINA - CENTRO;REGIÃO NORTE;11;3
0.497467642093416;2018-09-30;9;14;21;27;638;35;6;9;21;463;35;0;35;814;66;173;5;4;4;4;4;5;4;0;0;0;0;0;0;0;0;0;0;0;1;0;0;0;0;0;0;0;1;0;0;0;0;0;0;0;0;0;0;0;0;0;0;0;0;0;0;0;1;0;0;0;0;0;0;0;0;0;0;0;2;4;1;0;1;0;0;0;0;0;LONDRINA - CENTRO;REGIÃO NORTE;12;6
0.545863815419246;2018-10-31;14;19;23;26;704;32;9;14;21;548;32;0;32;859;40;288;4;5;4;5;4;4;5;0;0;0;0;0;0;0;0;0;0;1;0;0;0;0;0;0;0;0;1;0;0;0;0;0;0;0;0;0;0;0;0;0;0;0;0;0;0;0;1;0;0;0;0;0;0;0;0;0;0;0;2;4;1;0;1;0;0;0;0;0;LONDRINA - CENTRO;REGIÃO NORTE;13;6
0.6809229037704;2018-11-30;14;19;24;30;719;35;4;14;26;543;35;0;35;895;28;112;4;4;5;4;5;4;4;0;0;0;0;0;0;0;0;0;1;0;0;0;0;0;0;0;0;0;1;0;0;0;0;0;0;0;0;0;0;0;0;0;0;0;0;0;0;0;1;0;0;0;0;0;0;0;0;0;0;0;2;4;1;0;1;0;0;0;0;0;LONDRINA - CENTRO;REGIÃO NORTE;14;8
0.68564997186269;2018-12-31;14;21;26;29;805;35;4;14;24;631;35;0;35;979;34;110;5;4;4;5;4;5;4;0;0;1;0;0;0;0;0;0;0;0;0;0;0;0;0;0;0;0;1;0;0;0;0;0;0;0;0;0;0;0;0;0;0;0;0;0;0;0;1;0;0;0;0;0;0;0;0;0;0;0;2;4;1;0;1;0;0;0;0;0;LONDRINA - CENTRO;REGIÃO NORTE;15;8
0.683849184018008;2019-01-31;19;24;27;30;840;36;5;19;27;690;36;0;36;990;24;154;4;5;5;4;4;4;5;0;0;0;0;1;0;0;0;0;0;0;0;0;0;0;0;0;0;0;0;1;0;0;0;0;0;0;0;0;0;0;0;0;0;0;0;0;0;0;1;0;0;0;0;0;0;0;0;0;0;0;2;4;1;0;1;0;31;0;0;0;LONDRINA - CENTRO;REGIÃO NORTE;16;8
0.655486775464266;2019-02-28;17;22;25;30;714;37;5;17;24;570;37;0;37;857;38;129;4;4;4;4;4;4;4;0;0;0;1;0;0;0;0;0;0;0;0;0;0;0;0;0;0;0;0;1;0;0;0;0;0;0;0;0;0;0;0;0;0;0;0;0;0;0;1;0;0;0;0;0;0;0;0;0;0;0;2;4;1;0;1;0;0;0;0;0;LONDRINA - CENTRO;REGIÃO NORTE;17;8
0.907259425998874;2019-03-31;16;22;25;27;770;32;3;16;22;611;32;0;32;930;18;107;5;4;4;4;5;5;4;0;0;0;0;0;0;0;0;1;0;0;0;0;0;0;0;0;0;0;0;1;0;0;0;0;0;0;0;0;0;0;0;0;0;0;0;0;0;0;1;0;0;0;0;0;0;0;0;0;0;0;2;4;1;0;1;0;0;3;0;0;LONDRINA - CENTRO;REGIÃO NORTE;18;9
0.846370287000563;2019-04-30;14;21;24;26;711;31;1;14;22;560;31;0;31;861;5;21;4;4;4;5;4;4;5;1;0;0;0;0;0;0;0;0;0;0;0;0;0;0;0;0;0;0;0;1;0;0;0;0;0;0;0;0;0;0;0;0;0;0;0;0;0;0;1;0;0;0;0;0;0;0;0;0;0;0;2;4;1;0;1;0;0;1;0;0;LONDRINA - CENTRO;REGIÃO NORTE;19;9
0.564659538548115;2019-05-31;10;15;21;26;650;31;4;10;21;515;31;0;31;785;47;116;4;5;5;4;5;4;4;0;0;0;0;0;0;0;1;0;0;0;0;0;0;0;0;0;0;0;0;1;0;0;0;0;0;0;0;0;0;0;0;0;0;0;0;0;0;0;1;0;0;0;0;0;0;0;0;0;0;0;2;4;1;0;1;0;0;0;0;0;LONDRINA - CENTRO;REGIÃO NORTE;20;7
0.389420371412493;2019-06-30;8;14;20;23;592;29;2;8;19;430;29;0;29;754;27;54;5;4;4;4;4;5;4;0;0;0;0;0;0;1;0;0;0;0;0;0;0;0;0;0;0;0;0;1;0;0;0;0;0;0;0;0;0;0;0;0;0;0;0;0;0;0;1;0;0;0;0;0;0;0;0;0;0;0;2;4;1;0;1;0;0;1;0;0;LONDRINA - CENTRO;REGIÃO NORTE;21;4
0.359032076533483;2019-07-31;1;9;18;23;564;29;1;1;17;381;29;0;29;748;27;43;4;5;4;5;4;4;5;0;0;0;0;0;1;0;0;0;0;0;0;0;0;0;0;0;0;0;0;1;0;0;0;0;0;0;0;0;0;0;0;0;0;0;0;0;0;0;1;0;0;0;0;0;0;0;0;0;0;0;2;4;1;0;1;0;16;0;0;0;LONDRINA - CENTRO;REGIÃO NORTE;22;3
0.480472706809229;2019-08-31;7;12;20;25;615;32;0;7;19;407;32;0;32;823;0;1;4;4;5;4;5;5;4;0;1;0;0;0;0;0;0;0;0;0;0;0;0;0;0;0;0;0;0;1;0;0;0;0;0;0;0;0;0;0;0;0;0;0;0;0;0;0;1;0;0;0;0;0;0;0;0;0;0;0;2;4;1;0;1;0;0;0;0;0;LONDRINA - CENTRO;REGIÃO NORTE;23;5
0.832864378165448;2019-09-30;12;18;23;29;699;36;3;12;22;516;36;0;36;881;26;87;5;4;4;5;4;4;4;0;0;0;0;0;0;0;0;0;0;0;1;0;0;0;0;0;0;0;0;1;0;0;0;0;0;0;0;0;0;0;0;0;0;0;0;0;0;0;1;0;0;0;0;0;0;0;0;0;0;0;2;4;1;0;1;0;0;0;0;0;LONDRINA - CENTRO;REGIÃO NORTE;24;9
1.0;2019-10-31;15;19;26;30;797;38;4;15;23;590;38;0;38;1004;42;121;4;5;5;4;4;4;5;0;0;0;0;0;0;0;0;0;0;1;0;0;0;0;0;0;0;0;0;1;0;0;0;0;0;0;0;0;0;0;0;0;0;0;0;0;0;0;1;0;0;0;0;0;0;0;0;0;0;0;2;4;1;0;1;0;0;0;0;0;LONDRINA - CENTRO;REGIÃO NORTE;25;9
0.943162633652223;2019-11-30;15;22;25;30;756;37;2;15;25;572;37;0;37;941;24;74;4;4;4;4;5;5;4;0;0;0;0;0;0;0;0;0;1;0;0;0;0;0;0;0;0;0;0;1;0;0;0;0;0;0;0;0;0;0;0;0;0;0;0;0;0;0;1;0;0;0;0;0;0;0;0;0;0;0;2;4;1;0;1;0;0;0;0;0;LONDRINA - CENTRO;REGIÃO NORTE;26;9
0.606077658975802;2019-12-31;16;20;24;28;749;34;9;16;22;596;34;0;34;903;41;269;5;4;4;5;4;4;5;0;0;1;0;0;0;0;0;0;0;0;0;0;0;0;0;0;0;0;0;1;0;0;0;0;0;0;0;0;0;0;0;0;0;0;0;0;0;0;1;0;0;0;0;0;0;0;0;0;0;0;2;4;1;0;1;0;0;0;0;0;LONDRINA - CENTRO;REGIÃO NORTE;27;7
0.510973550928531;2020-01-31;17;21;25;28;778;33;6;17;24;645;33;0;33;912;47;190;4;5;5;4;5;4;4;0;0;0;0;1;0;0;0;0;0;0;0;0;0;0;0;0;0;0;0;0;1;0;0;0;0;0;0;0;0;0;0;0;0;0;0;0;0;0;1;0;0;0;0;0;0;0;0;0;0;0;2;4;1;0;1;0;31;0;0;0;LONDRINA - CENTRO;REGIÃO NORTE;28;6
0.795948227349465;2020-02-29;16;22;25;28;715;34;4;16;23;576;34;0;34;854;54;113;4;4;4;4;4;5;4;0;0;0;1;0;0;0;0;0;0;0;0;0;0;0;0;0;0;0;0;0;1;0;0;0;0;0;0;0;0;0;0;0;0;0;0;0;0;0;1;0;0;0;0;0;0;0;0;0;0;0;2;4;1;0;1;1;0;3;0;0;LONDRINA - CENTRO;REGIÃO NORTE;29;9
0.648958919527293;2020-03-31;16;22;24;28;757;35;2;16;22;572;35;0;35;942;31;74;5;4;4;5;4;4;5;0;0;0;0;0;0;0;0;1;0;0;0;0;0;0;0;0;0;0;0;0;1;0;0;0;0;0;0;0;0;0;0;0;0;0;0;0;0;0;1;0;0;0;0;0;0;0;0;0;0;0;2;4;1;0;1;1;0;0;15;0;LONDRINA - CENTRO;REGIÃO NORTE;30;8
0.169949352841868;2020-04-30;10;17;22;26;667;33;2;10;21;486;33;0;33;848;25;52;4;5;5;4;4;4;4;1;0;0;0;0;0;0;0;0;0;0;0;0;0;0;0;0;0;0;0;0;1;0;0;0;0;0;0;0;0;0;0;0;0;0;0;0;0;0;1;0;0;0;0;0;0;0;0;0;0;0;2;4;1;0;1;1;0;1;30;0;LONDRINA - CENTRO;REGIÃO NORTE;31;1
0.0244231851435;2020-05-31;7;13;19;25;595;31;1;7;19;418;31;0;31;773;22;40;5;4;4;4;5;5;4;0;0;0;0;0;0;0;1;0;0;0;0;0;0;0;0;0;0;0;0;0;1;0;0;0;0;0;0;0;0;0;0;0;0;0;0;0;0;0;1;0;0;0;0;0;0;0;0;0;0;0;2;4;1;0;1;1;0;0;31;0;LONDRINA - CENTRO;REGIÃO NORTE;32;0
0.0;2020-06-30;10;16;20;23;587;29;5;10;19;451;29;0;29;723;86;149;4;4;4;5;4;4;5;0;0;0;0;0;0;1;0;0;0;0;0;0;0;0;0;0;0;0;0;0;1;0;0;0;0;0;0;0;0;0;0;0;0;0;0;0;0;0;1;0;0;0;0;0;0;0;0;0;0;0;2;4;1;0;1;1;0;1;30;0;LONDRINA - CENTRO;REGIÃO NORTE;33;0
0.019133370849747;2020-07-31;5;12;19;23;580;29;0;5;17;406;29;0;29;754;9;13;4;5;5;4;5;4;4;0;0;0;0;0;1;0;0;0;0;0;0;0;0;0;0;0;0;0;0;0;1;0;0;0;0;0;0;0;0;0;0;0;0;0;0;0;0;0;1;0;0;0;0;0;0;0;0;0;0;0;2;4;1;0;1;1;0;0;31;0;LONDRINA - CENTRO;REGIÃO NORTE;34;0
0.00258863252673;2020-08-31;5;11;19;25;586;33;5;5;18;409;33;0;33;764;37;148;5;4;4;5;4;5;4;0;1;0;0;0;0;0;0;0;0;0;0;0;0;0;0;0;0;0;0;0;1;0;0;0;0;0;0;0;0;0;0;0;0;0;0;0;0;0;1;0;0;0;0;0;0;0;0;0;0;0;2;4;1;0;1;1;0;0;31;0;LONDRINA - CENTRO;REGIÃO NORTE;35;0
0.032639279684862;2020-09-30;12;18;25;29;740;37;1;12;21;535;37;0;37;946;15;28;4;5;4;4;4;4;5;0;0;0;0;0;0;0;0;0;0;0;1;0;0;0;0;0;0;0;0;0;1;0;0;0;0;0;0;0;0;0;0;0;0;0;0;0;0;0;1;0;0;0;0;0;0;0;0;0;0;0;2;4;1;0;1;1;0;0;30;0;LONDRINA - CENTRO;REGIÃO NORTE;36;0
0.065391108610017;2020-10-31;13;20;25;32;766;39;2;13;24;565;39;0;39;968;17;55;4;4;5;4;5;5;4;0;0;0;0;0;0;0;0;0;0;1;0;0;0;0;0;0;0;0;0;0;1;0;0;0;0;0;0;0;0;0;0;0;0;0;0;0;0;0;1;0;0;0;0;0;0;0;0;0;0;0;2;4;1;0;1;1;0;0;31;0;LONDRINA - CENTRO;REGIÃO NORTE;37;0
0.204839617332583;2020-11-30;11;20;25;29;737;36;2;11;23;528;36;0;36;947;22;45;5;4;4;5;4;4;4;0;0;0;0;0;0;0;0;0;1;0;0;0;0;0;0;0;0;0;0;0;1;0;0;0;0;0;0;0;0;0;0;0;0;0;0;0;0;0;1;0;0;0;0;0;0;0;0;0;0;0;2;4;1;0;1;1;0;0;30;0;LONDRINA - CENTRO;REGIÃO NORTE;38;2
0.107259425998874;2020-12-31;16;21;25;27;764;33;7;16;22;604;33;0;33;924;59;228;4;5;5;4;4;4;5;0;0;1;0;0;0;0;0;0;0;0;0;0;0;0;0;0;0;0;0;0;1;0;0;0;0;0;0;0;0;0;0;0;0;0;0;0;0;0;1;0;0;0;0;0;0;0;0;0;0;0;2;4;1;0;1;1;0;0;31;0;LONDRINA - CENTRO;REGIÃO NORTE;39;1
0.075858187957231;2021-01-31;17;22;24;28;759;33;5;17;23;635;33;0;33;884;30;167;5;4;4;4;5;5;4;0;0;0;0;1;0;0;0;0;0;0;0;1;0;0;0;0;0;0;0;0;0;0;0;0;0;0;0;0;0;0;0;0;0;0;0;0;0;0;1;0;0;0;0;0;0;0;0;0;0;0;2;4;1;0;1;1;0;0;31;0;LONDRINA - CENTRO;REGIÃO NORTE;40;0
0.041193021947102;2021-02-28;17;22;24;27;681;33;5;17;22;527;33;0;33;835;69;128;4;4;4;4;4;4;4;0;0;0;1;0;0;0;0;0;0;0;0;1;0;0;0;0;0;0;0;0;0;0;0;0;0;0;0;0;0;0;0;0;0;0;0;0;0;0;1;0;0;0;0;0;0;0;0;0;0;0;2;4;1;0;1;1;0;3;28;0;LONDRINA - CENTRO;REGIÃO NORTE;41;0
0.093303320202589;2021-03-31;15;21;25;28;776;34;6;15;22;610;34;0;34;943;68;197;4;5;4;5;4;4;5;0;0;0;0;0;0;0;0;1;0;0;0;1;0;0;0;0;0;0;0;0;0;0;0;0;0;0;0;0;0;0;0;0;0;0;0;0;0;0;1;0;0;0;0;0;0;0;0;0;0;0;2;4;1;0;1;1;0;0;31;0;LONDRINA - CENTRO;REGIÃO NORTE;42;1
0.059651097355093;2021-04-30;13;19;22;26;656;32;0;13;21;476;32;0;32;836;1;3;4;4;5;4;5;4;4;1;0;0;0;0;0;0;0;0;0;0;0;1;0;0;0;0;0;0;0;0;0;0;0;0;0;0;0;0;0;0;0;0;0;0;0;0;0;0;1;0;0;0;0;0;0;0;0;0;0;0;2;4;1;0;1;1;0;1;30;0;LONDRINA - CENTRO;REGIÃO NORTE;43;0
0.040967923466517;2021-05-31;7;15;20;24;610;30;6;7;20;431;30;0;30;789;115;198;5;4;4;5;4;5;4;0;0;0;0;0;0;0;1;0;0;0;0;1;0;0;0;0;0;0;0;0;0;0;0;0;0;0;0;0;0;0;0;0;0;0;0;0;0;0;1;0;0;0;0;0;0;0;0;0;0;0;2;4;1;0;1;1;0;0;31;0;LONDRINA - CENTRO;REGIÃO NORTE;44;0
0.049521665728756;2021-06-30;2;6;17;22;516;28;2;2;16;380;28;0;28;652;27;70;4;5;4;4;4;4;5;0;0;0;0;0;0;1;0;0;0;0;0;1;0;0;0;0;0;0;0;0;0;0;0;0;0;0;0;0;0;0;0;0;0;0;0;0;0;0;1;0;0;0;0;0;0;0;0;0;0;0;2;4;1;0;1;1;0;1;30;0;LONDRINA - CENTRO;REGIÃO NORTE;45;0
0.04794597636466;2021-07-31;1;7;16;21;499;29;1;1;16;287;29;0;29;710;22;38;4;4;5;4;5;5;4;0;0;0;0;0;1;0;0;0;0;0;0;1;0;0;0;0;0;0;0;0;0;0;0;0;0;0;0;0;0;0;0;0;0;0;0;0;0;0;1;0;0;0;0;0;0;0;0;0;0;0;2;4;1;0;1;1;0;0;31;0;LONDRINA - CENTRO;REGIÃO NORTE;46;0
0.065391108610017;2021-08-31;8;15;21;27;646;35;3;8;19;444;35;0;35;849;63;104;5;4;4;5;4;4;5;0;1;0;0;0;0;0;0;0;0;0;0;1;0;0;0;0;0;0;0;0;0;0;0;0;0;0;0;0;0;0;0;0;0;0;0;0;0;0;1;0;0;0;0;0;0;0;0;0;0;0;2;4;1;0;1;1;0;0;31;0;LONDRINA - CENTRO;REGIÃO NORTE;47;0
0.090039392234102;2021-09-30;11;19;24;30;729;37;2;11;24;524;37;0;37;934;24;59;4;5;5;4;4;4;4;0;0;0;0;0;0;0;0;0;0;0;1;1;0;0;0;0;0;0;0;0;0;0;0;0;0;0;0;0;0;0;0;0;0;0;0;0;0;0;1;0;0;0;0;0;0;0;0;0;0;0;2;4;1;0;1;1;0;0;30;0;LONDRINA - CENTRO;REGIÃO NORTE;48;1
0.068880135059088;2021-10-31;11;17;21;26;647;32;15;11;20;497;32;0;32;797;113;480;5;4;4;4;5;5;4;0;0;0;0;0;0;0;0;0;0;1;0;1;0;0;0;0;0;0;0;0;0;0;0;0;0;0;0;0;0;0;0;0;0;0;0;0;0;0;1;0;0;0;0;0;0;0;0;0;0;0;2;4;1;0;1;1;0;0;0;0;LONDRINA - CENTRO;REGIÃO NORTE;49;0
0.181204276871131;2021-11-30;13;20;24;27;731;34;1;13;22;534;34;0;34;927;16;45;4;4;4;5;4;4;5;0;0;0;0;0;0;0;0;0;1;0;0;1;0;0;0;0;0;0;0;0;0;0;0;0;0;0;0;0;0;0;0;0;0;0;0;0;0;0;1;0;0;0;0;0;0;0;0;0;0;0;2;4;1;0;1;1;0;0;0;0;LONDRINA - CENTRO;REGIÃO NORTE;50;1
0.142149690489589;2021-12-31;14;21;25;29;777;37;3;14;22;573;37;0;37;980;56;82;4;5;5;4;5;4;4;0;0;1;0;0;0;0;0;0;0;0;0;1;0;0;0;0;0;0;0;0;0;0;0;0;0;0;0;0;0;0;0;0;0;0;0;0;0;0;1;0;0;0;0;0;0;0;0;0;0;0;2;4;1;0;1;1;0;0;0;0;LONDRINA - CENTRO;REGIÃO NORTE;51;1
0.156105796285875;2022-01-31;17;21;25;29;771;35;6;17;23;614;35;0;35;929;38;181;5;4;4;5;4;5;4;0;0;0;0;1;0;0;0;0;0;0;0;0;1;0;0;0;0;0;0;0;0;0;0;0;0;0;0;0;0;0;0;0;0;0;0;0;0;0;1;0;0;0;0;0;0;0;0;0;0;0;2;4;1;0;1;1;31;0;0;0;LONDRINA - CENTRO;REGIÃO NORTE;52;1
0.205064715813168;2022-02-28;17;24;26;30;726;37;4;17;23;553;37;0;37;898;44;116;4;4;4;4;4;4;4;0;0;0;1;0;0;0;0;0;0;0;0;0;1;0;0;0;0;0;0;0;0;0;0;0;0;0;0;0;0;0;0;0;0;0;0;0;0;0;1;0;0;0;0;0;0;0;0;0;0;0;2;4;1;0;1;1;0;1;0;0;LONDRINA - CENTRO;REGIÃO NORTE;53;2
0.560832864378166;2022-03-31;17;21;25;29;781;35;12;17;23;621;35;0;35;941;62;381;4;5;5;4;4;4;5;0;0;0;0;0;0;0;0;1;0;0;0;0;1;0;0;0;0;0;0;0;0;0;0;0;0;0;0;0;0;0;0;0;0;0;0;0;0;0;1;0;0;0;0;0;0;0;0;0;0;0;2;4;1;0;1;1;0;1;0;0;LONDRINA - CENTRO;REGIÃO NORTE;54;7
0.485087225661227;2022-04-30;12;17;22;26;668;31;5;12;20;510;31;0;31;826;63;157;4;4;4;4;5;5;4;1;0;0;0;0;0;0;0;0;0;0;0;0;1;0;0;0;0;0;0;0;0;0;0;0;0;0;0;0;0;0;0;0;0;0;0;0;0;0;1;0;0;0;0;0;0;0;0;0;0;0;2;4;1;0;1;1;0;1;0;0;LONDRINA - CENTRO;REGIÃO NORTE;55;5
0.274732695554305;2022-05-31;6;9;18;24;561;30;2;6;20;403;30;0;30;719;18;61;5;4;4;5;4;4;5;0;0;0;0;0;0;0;1;0;0;0;0;0;1;0;0;0;0;0;0;0;0;0;0;0;0;0;0;0;0;0;0;0;0;0;0;0;0;0;1;0;0;0;0;0;0;0;0;0;0;0;2;4;1;0;1;1;0;0;0;0;LONDRINA - CENTRO;REGIÃO NORTE;56;2
0.36015756893641;2022-06-30;5;12;18;22;539;28;2;5;16;385;28;0;28;693;24;67;4;5;5;4;4;4;4;0;0;0;0;0;0;1;0;0;0;0;0;0;1;0;0;0;0;0;0;0;0;0;0;0;0;0;0;0;0;0;0;0;0;0;0;0;0;0;1;0;0;0;0;0;0;0;0;0;0;0;2;4;1;0;1;1;0;1;0;0;LONDRINA - CENTRO;REGIÃO NORTE;57;4
0.299155880697805;2022-07-31;7;15;20;23;634;30;0;7;17;443;30;0;30;825;4;9;5;4;4;4;5;5;4;0;0;0;0;0;1;0;0;0;0;0;0;0;1;0;0;0;0;0;0;0;0;0;0;0;0;0;0;0;0;0;0;0;0;0;0;0;0;0;1;0;0;0;0;0;0;0;0;0;0;0;2;4;1;0;1;1;0;0;0;0;LONDRINA - CENTRO;REGIÃO NORTE;58;3
0.156105796285875;2022-08-31;5;12;19;24;576;32;6;5;18;392;32;0;32;759;50;191;4;5;4;5;4;4;5;0;1;0;0;0;0;0;0;0;0;0;0;0;1;0;0;0;0;0;0;0;0;0;0;0;0;0;0;0;0;0;0;0;0;0;0;0;0;0;1;0;0;0;0;0;0;0;0;0;0;0;0;3;0;0;0;0;0;0;0;0;LONDRINA - CENTRO;REGIÃO NORTE;59;1
0.103545301069218;2022-09-30;8;15;18;26;555;34;5;8;20;408;34;0;34;702;42;151;4;4;5;4;5;4;4;0;0;0;0;0;0;0;0;0;0;0;1;0;1;0;0;0;0;0;0;0;0;0;0;0;0;0;0;0;0;0;0;0;0;0;0;0;0;0;1;0;0;0;0;0;0;0;0;0;0;0;0;3;0;0;0;0;0;0;0;0;LONDRINA - CENTRO;REGIÃO NORTE;60;1
0.149127743387732;2022-10-31;-11;9;22;26;671;33;9;-11;20;487;33;0;33;856;96;280;5;4;4;5;4;5;4;0;0;0;0;0;0;0;0;0;0;1;0;0;1;0;0;0;0;0;0;0;0;0;0;0;0;0;0;0;0;0;0;0;0;0;0;0;0;0;1;0;0;0;0;0;0;0;0;0;0;0;0;3;0;0;0;0;0;0;0;0;LONDRINA - CENTRO;REGIÃO NORTE;61;1
0.174451322453573;2022-11-30;10;14;21;25;644;33;1;10;19;456;33;0;33;832;12;43;4;5;4;4;4;4;5;0;0;0;0;0;0;0;0;0;1;0;0;0;1;0;0;0;0;0;0;0;0;0;0;0;0;0;0;0;0;0;0;0;0;0;0;0;0;0;1;0;0;0;0;0;0;0;0;0;0;0;0;3;0;0;0;0;0;0;0;0;LONDRINA - CENTRO;REGIÃO NORTE;62;1
0.194485087225661;2022-12-31;-22;5;23;27;728;34;5;-22;23;543;34;0;34;913;35;152;4;4;5;4;5;5;4;0;0;1;0;0;0;0;0;0;0;0;0;0;1;0;0;0;0;0;0;0;0;0;0;0;0;0;0;0;0;0;0;0;0;0;0;0;0;0;1;0;0;0;0;0;0;0;0;0;0;0;0;3;0;0;0;0;0;0;0;0;LONDRINA - CENTRO;REGIÃO NORTE;63;2
0.19099606077659;2023-01-31;15;20;24;26;743;32;6;15;21;596;32;0;32;891;32;188;5;4;4;5;4;4;5;0;0;0;0;1;0;0;0;0;0;0;0;0;0;1;0;0;0;0;0;0;0;0;0;0;0;0;0;0;0;0;0;0;0;0;0;0;0;0;1;0;0;0;0;0;0;0;0;0;0;0;0;3;0;0;0;0;31;0;0;0;LONDRINA - CENTRO;REGIÃO NORTE;64;1
0.239729881823298;2023-02-28;15;20;24;27;662;34;12;15;21;535;34;0;34;788;52;337;4;4;4;4;4;4;4;0;0;0;1;0;0;0;0;0;0;0;0;0;0;1;0;0;0;0;0;0;0;0;0;0;0;0;0;0;0;0;0;0;0;0;0;0;0;0;1;0;0;0;0;0;0;0;0;0;0;0;0;3;0;0;0;0;0;3;0;0;LONDRINA - CENTRO;REGIÃO NORTE;65;2
0.431738885762521;2023-03-31;17;23;25;27;783;33;8;17;22;612;33;0;33;953;34;255;4;5;5;4;5;4;4;0;0;0;0;0;0;0;0;1;0;0;0;0;0;1;0;0;0;0;0;0;0;0;0;0;0;0;0;0;0;0;0;0;0;0;0;0;0;0;1;0;0;0;0;0;0;0;0;0;0;0;0;3;0;0;0;0;0;0;0;0;LONDRINA - CENTRO;REGIÃO NORTE;66;5
0.218345526167698;2023-04-30;10;17;22;27;658;34;9;10;20;505;34;0;34;810;105;264;5;4;4;4;4;5;4;1;0;0;0;0;0;0;0;0;0;0;0;0;0;1;0;0;0;0;0;0;0;0;0;0;0;0;0;0;0;0;0;0;0;0;0;0;0;0;1;0;0;0;0;0;0;0;0;0;0;0;0;3;0;0;0;0;0;1;0;0;LONDRINA - CENTRO;REGIÃO NORTE;67;2
0.194485087225661;2023-05-31;11;16;20;25;629;30;3;11;20;458;30;0;30;800;28;97;4;5;4;5;4;4;5;0;0;0;0;0;0;0;1;0;0;0;0;0;0;1;0;0;0;0;0;0;0;0;0;0;0;0;0;0;0;0;0;0;0;0;0;0;0;0;1;0;0;0;0;0;0;0;0;0;0;0;0;3;0;0;0;0;0;0;0;0;LONDRINA - CENTRO;REGIÃO NORTE;68;2
0.100168823860439;2023-06-30;7;11;18;22;544;34;6;7;17;374;34;0;34;714;90;168;4;4;5;4;5;4;4;0;0;0;0;0;0;1;0;0;0;0;0;0;0;1;0;0;0;0;0;0;0;0;0;0;0;0;0;0;0;0;0;0;0;0;0;0;0;0;1;0;0;0;0;0;0;0;0;0;0;0;0;3;0;0;0;0;0;1;0;0;LONDRINA - CENTRO;REGIÃO NORTE;69;1
0.030500844119302;2023-07-31;6;12;19;22;577;28;1;6;17;415;28;0;28;738;7;22;5;4;4;5;4;5;4;0;0;0;0;0;1;0;0;0;0;0;0;0;0;1;0;0;0;0;0;0;0;0;0;0;0;0;0;0;0;0;0;0;0;0;0;0;0;0;1;0;0;0;0;0;0;0;0;0;0;0;0;3;0;0;0;0;15;0;0;0;LONDRINA - CENTRO;REGIÃO NORTE;70;0
0.236353404614519;2023-08-31;9;14;21;27;647;34;2;9;20;447;34;0;34;846;12;52;4;5;5;4;4;4;5;0;1;0;0;0;0;0;0;0;0;0;0;0;0;1;0;0;0;0;0;0;0;0;0;0;0;0;0;0;0;0;0;0;0;0;0;0;0;0;1;0;0;0;0;0;0;0;0;0;0;0;0;3;0;0;0;0;0;0;0;0;LONDRINA - CENTRO;REGIÃO NORTE;71;2
0.441193021947102;2023-09-30;9;17;25;30;735;38;3;9;25;537;38;0;38;934;40;104;4;4;4;4;5;5;4;0;0;0;0;0;0;0;0;0;0;0;1;0;0;1;0;0;0;0;0;0;0;0;0;0;0;0;0;0;0;0;0;0;0;0;0;0;0;0;1;0;0;0;0;0;0;0;0;0;0;0;0;3;0;0;0;0;0;0;0;0;LONDRINA - CENTRO;REGIÃO NORTE;72;5
0.484074282498593;2023-10-31;15;20;24;29;755;36;15;15;23;578;36;0;36;931;116;465;5;4;4;5;4;4;5;0;0;0;0;0;0;0;0;0;0;1;0;0;0;1;0;0;0;0;0;0;0;0;0;0;0;0;0;0;0;0;0;0;0;0;0;0;0;0;1;0;0;0;0;0;0;0;0;0;0;0;0;3;0;0;0;0;0;0;0;0;LONDRINA - CENTRO;REGIÃO NORTE;73;5
0.471581316826112;2023-11-30;12;18;25;31;741;37;7;12;26;566;37;0;37;915;65;212;4;5;5;4;4;4;4;0;0;0;0;0;0;0;0;0;1;0;0;0;0;1;0;0;0;0;0;0;0;0;0;0;0;0;0;0;0;0;0;0;0;0;0;0;0;0;1;0;0;0;0;0;0;0;0;0;0;0;0;3;0;0;0;0;0;0;0;0;LONDRINA - CENTRO;REGIÃO NORTE;74;5
0.396848621271806;2023-12-31;17;21;26;29;811;36;4;17;23;621;36;0;36;1000;26;112;5;4;4;4;5;5;4;0;0;1;0;0;0;0;0;0;0;0;0;0;0;1;0;0;0;0;0;0;0;0;0;0;0;0;0;0;0;0;0;0;0;0;0;0;0;0;1;0;0;0;0;0;0;0;0;0;0;0;0;3;0;0;0;0;0;0;0;0;LONDRINA - CENTRO;REGIÃO NORTE;75;4
0.218908272369162;2024-01-31;15;19;25;30;789;37;4;15;23;611;37;0;37;967;40;129;4;5;4;5;4;4;5;0;0;0;0;1;0;0;0;0;0;0;0;0;0;0;1;0;0;0;0;0;0;0;0;0;0;0;0;0;0;0;0;0;0;0;0;0;0;0;1;0;0;0;0;0;0;0;0;0;0;0;0;3;0;0;0;0;31;0;0;0;LONDRINA - CENTRO;REGIÃO NORTE;76;2
0.432301631963984;2024-02-29;19;22;26;29;768;35;4;19;23;605;35;0;35;931;28;111;4;4;5;4;4;4;4;0;0;0;1;0;0;0;0;0;0;0;0;0;0;0;1;0;0;0;0;0;0;0;0;0;0;0;0;0;0;0;0;0;0;0;0;0;0;0;1;0;0;0;0;0;0;0;0;0;0;0;0;3;0;0;0;0;0;3;0;0;LONDRINA - CENTRO;REGIÃO NORTE;77;5
0.658525604952167;2024-03-31;17;20;26;30;819;36;2;17;24;641;36;0;36;997;21;67;5;4;4;4;5;5;4;0;0;0;0;0;0;0;0;1;0;0;0;0;0;0;1;0;0;0;0;0;0;0;0;0;0;0;0;0;0;0;0;0;0;0;0;0;0;0;1;0;0;0;0;0;0;0;0;0;0;0;0;3;0;0;0;0;0;1;0;0;LONDRINA - CENTRO;REGIÃO NORTE;78;8
0.549240292628025;2024-04-30;14;20;25;28;741;34;1;14;22;584;34;0;34;896;12;40;4;4;4;5;4;4;5;1;0;0;0;0;0;0;0;0;0;0;0;0;0;0;1;0;0;0;0;0;0;0;0;0;0;0;0;0;0;0;0;0;0;0;0;0;0;0;1;0;0;0;0;0;0;0;0;0;0;0;0;3;0;0;0;0;0;0;0;0;LONDRINA - CENTRO;REGIÃO NORTE;79;6
0.225886325267304;2024-05-31;6;13;22;28;682;34;1;6;22;523;34;0;34;841;30;43;4;5;5;4;5;4;4;0;0;0;0;0;0;0;1;0;0;0;0;0;0;0;1;0;0;0;0;0;0;0;0;0;0;0;0;0;0;0;0;0;0;0;0;0;0;0;1;0;0;0;0;0;0;0;0;0;0;0;0;3;0;0;0;0;0;1;0;30;LONDRINA - CENTRO;REGIÃO NORTE;80;2
0.079909960607766;2024-06-30;11;17;22;24;647;31;0;11;19;461;31;0;31;832;1;1;5;4;4;4;4;5;4;0;0;0;0;0;0;1;0;0;0;0;0;0;0;0;1;0;0;0;0;0;0;0;0;0;0;0;0;0;0;0;0;0;0;0;0;0;0;0;1;0;0;0;0;0;0;0;0;0;0;0;0;3;0;0;0;0;0;0;0;30;LONDRINA - CENTRO;REGIÃO NORTE;81;1
0.124704558244232;2024-07-31;6;13;17;22;539;29;3;6;16;384;29;0;29;694;40;86;4;5;4;5;4;4;5;0;0;0;0;0;1;0;0;0;0;0;0;0;0;0;1;0;0;0;0;0;0;0;0;0;0;0;0;0;0;0;0;0;0;0;0;0;0;0;1;0;0;0;0;0;0;0;0;0;0;0;0;3;0;0;0;0;12;0;0;0;LONDRINA - CENTRO;REGIÃO NORTE;82;1
0.236353404614519;2024-08-31;2;11;19;25;594;35;1;2;19;367;35;0;35;822;18;45;4;4;5;4;5;5;4;0;1;0;0;0;0;0;0;0;0;0;0;0;0;0;1;0;0;0;0;0;0;0;0;0;0;0;0;0;0;0;0;0;0;0;0;0;0;0;1;0;0;0;0;0;0;0;0;0;0;0;0;3;0;0;0;0;0;0;0;0;LONDRINA - CENTRO;REGIÃO NORTE;83;2
0.353404614518852;2024-09-30;12;17;24;28;706;38;1;12;21;490;38;0;38;922;17;27;5;4;4;5;4;4;4;0;0;0;0;0;0;0;0;0;0;0;1;0;0;0;1;0;0;0;0;0;0;0;0;0;0;0;0;0;0;0;0;0;0;0;0;0;0;0;1;0;0;0;0;0;0;0;0;0;0;0;0;3;0;0;0;0;0;0;0;0;LONDRINA - CENTRO;REGIÃO NORTE;84;3
0.484074282498593;2024-10-31;14;17;23;29;716;36;3;14;23;564;36;0;36;868;31;108;4;5;5;4;4;4;5;0;0;0;0;0;0;0;0;0;0;1;0;0;0;0;1;0;0;0;0;0;0;0;0;0;0;0;0;0;0;0;0;0;0;0;0;0;0;0;1;0;0;0;0;0;0;0;0;0;0;0;0;3;0;0;0;0;0;0;0;0;LONDRINA - CENTRO;REGIÃO NORTE;85;5
0.812326405516713;2017-09-30;10;14;19;21;560;31;3;10;14;350;31;0;31;769;25;83;4;4;4;4;5;5;4;0;0;0;0;0;0;0;0;0;0;0;1;0;0;0;0;0;0;1;0;0;0;0;0;0;0;0;0;0;0;0;0;0;0;0;0;0;0;0;0;0;1;0;0;0;0;0;0;0;0;0;2;0;3;3;10;0;0;0;0;0;PALMAS;REGIÃO SUL;1;9
0.785269610190595;2017-10-31;3;11;16;22;511;30;22;3;15;340;30;0;30;682;87;672;5;4;4;5;4;4;5;0;0;0;0;0;0;0;0;0;0;1;0;0;0;0;0;0;0;1;0;0;0;0;0;0;0;0;0;0;0;0;0;0;0;0;0;0;0;0;0;0;1;0;0;0;0;0;0;0;0;0;2;0;3;3;10;0;0;0;0;0;PALMAS;REGIÃO SUL;2;9
0.748922517000287;2017-11-30;6;13;17;21;510;29;8;6;14;315;29;0;29;706;76;232;4;5;5;4;4;4;4;0;0;0;0;0;0;0;0;0;1;0;0;0;0;0;0;0;0;1;0;0;0;0;0;0;0;0;0;0;0;0;0;0;0;0;0;0;0;0;0;0;1;0;0;0;0;0;0;0;0;0;2;0;3;3;10;0;0;0;0;0;PALMAS;REGIÃO SUL;3;8
0.614308974236184;2017-12-31;11;18;20;23;632;32;3;11;19;449;32;0;32;814;38;102;5;4;4;4;5;5;4;0;0;1;0;0;0;0;0;0;0;0;0;0;0;0;0;0;0;1;0;0;0;0;0;0;0;0;0;0;0;0;0;0;0;0;0;0;0;0;0;0;1;0;0;0;0;0;0;0;0;0;2;0;3;3;10;0;0;0;0;0;PALMAS;REGIÃO SUL;4;7
0.348817163106982;2018-01-31;11;18;20;22;620;29;7;11;18;464;29;0;29;775;47;217;4;5;4;5;4;4;5;0;0;0;0;1;0;0;0;0;0;0;0;0;0;0;0;0;0;0;1;0;0;0;0;0;0;0;0;0;0;0;0;0;0;0;0;0;0;0;0;0;1;0;0;0;0;0;0;0;0;0;2;0;3;3;10;0;31;0;0;0;PALMAS;REGIÃO SUL;5;3
0.478306675605785;2018-02-28;10;15;19;21;522;28;2;10;16;359;28;0;28;684;23;48;4;4;4;4;4;4;4;0;0;0;1;0;0;0;0;0;0;0;0;0;0;0;0;0;0;0;1;0;0;0;0;0;0;0;0;0;0;0;0;0;0;0;0;0;0;0;0;0;1;0;0;0;0;0;0;0;0;0;2;0;3;3;10;1;0;3;0;0;PALMAS;REGIÃO SUL;6;5
0.799013504453596;2018-03-31;10;16;20;23;607;29;6;10;18;447;29;0;29;768;45;195;4;4;5;4;5;5;4;0;0;0;0;0;0;0;0;1;0;0;0;0;0;0;0;0;0;0;1;0;0;0;0;0;0;0;0;0;0;0;0;0;0;0;0;0;0;0;0;0;1;0;0;0;0;0;0;0;0;0;2;0;3;3;10;1;0;1;0;0;PALMAS;REGIÃO SUL;7;9
0.787759793123264;2018-04-30;9;15;18;21;543;27;3;9;16;362;27;0;27;724;34;77;5;4;4;5;4;4;4;1;0;0;0;0;0;0;0;0;0;0;0;0;0;0;0;0;0;0;1;0;0;0;0;0;0;0;0;0;0;0;0;0;0;0;0;0;0;0;0;0;1;0;0;0;0;0;0;0;0;0;2;0;3;3;10;1;0;0;0;0;PALMAS;REGIÃO SUL;8;9
0.835983143377071;2018-05-31;1;6;14;20;429;26;5;1;14;268;26;0;26;590;85;140;4;5;5;4;4;4;5;0;0;0;0;0;0;0;1;0;0;0;0;0;0;0;0;0;0;0;1;0;0;0;0;0;0;0;0;0;0;0;0;0;0;0;0;0;0;0;0;0;1;0;0;0;0;0;0;0;0;0;2;0;3;3;10;1;0;1;0;0;PALMAS;REGIÃO SUL;9;9
0.742840724068576;2018-06-30;-2;4;12;19;346;25;6;-2;14;200;25;0;25;491;54;174;4;4;4;4;5;5;4;0;0;0;0;0;0;1;0;0;0;0;0;0;0;0;0;0;0;0;1;0;0;0;0;0;0;0;0;0;0;0;0;0;0;0;0;0;0;0;0;0;1;0;0;0;0;0;0;0;0;0;2;0;3;3;10;1;0;0;0;0;PALMAS;REGIÃO SUL;10;8
0.735178622737286;2018-07-31;-1;3;13;18;396;25;0;-1;11;211;25;0;25;582;5;15;5;4;4;5;4;4;5;0;0;0;0;0;1;0;0;0;0;0;0;0;0;0;0;0;0;0;1;0;0;0;0;0;0;0;0;0;0;0;0;0;0;0;0;0;0;0;0;0;1;0;0;0;0;0;0;0;0;0;2;0;3;3;10;1;16;0;0;0;PALMAS;REGIÃO SUL;11;8
0.877693707499282;2018-08-31;-3;6;12;18;357;27;6;-3;11;153;27;0;27;560;56;171;4;5;5;4;5;4;4;0;1;0;0;0;0;0;0;0;0;0;0;0;0;0;0;0;0;0;1;0;0;0;0;0;0;0;0;0;0;0;0;0;0;0;0;0;0;0;0;0;1;0;0;0;0;0;0;0;0;0;2;0;3;3;10;1;0;0;0;0;PALMAS;REGIÃO SUL;12;9
0.81041088018389;2018-09-30;2;10;16;20;466;28;11;2;14;294;28;0;28;638;108;323;5;4;4;4;4;5;4;0;0;0;0;0;0;0;0;0;0;0;1;0;0;0;0;0;0;0;1;0;0;0;0;0;0;0;0;0;0;0;0;0;0;0;0;0;0;0;0;0;1;0;0;0;0;0;0;0;0;0;2;0;3;3;10;1;0;0;0;0;PALMAS;REGIÃO SUL;13;9
0.808734795517671;2018-10-31;7;12;16;20;504;28;9;7;14;349;28;0;28;660;78;289;4;5;4;5;4;4;5;0;0;0;0;0;0;0;0;0;0;1;0;0;0;0;0;0;0;0;1;0;0;0;0;0;0;0;0;0;0;0;0;0;0;0;0;0;0;0;0;0;1;0;0;0;0;0;0;0;0;0;2;0;3;3;10;1;0;0;0;0;PALMAS;REGIÃO SUL;14;9
0.79163873192223;2018-11-30;9;15;19;25;564;30;4;9;20;379;30;0;30;749;34;107;4;4;5;4;5;4;4;0;0;0;0;0;0;0;0;0;1;0;0;0;0;0;0;0;0;0;1;0;0;0;0;0;0;0;0;0;0;0;0;0;0;0;0;0;0;0;0;0;1;0;0;0;0;0;0;0;0;0;2;0;3;3;10;1;0;0;0;0;PALMAS;REGIÃO SUL;15;9
0.65477444689206;2018-12-31;7;15;20;24;634;32;3;7;18;418;32;0;32;849;15;102;5;4;4;5;4;5;4;0;0;1;0;0;0;0;0;0;0;0;0;0;0;0;0;0;0;0;1;0;0;0;0;0;0;0;0;0;0;0;0;0;0;0;0;0;0;0;0;0;1;0;0;0;0;0;0;0;0;0;2;0;3;3;10;1;0;0;0;0;PALMAS;REGIÃO SUL;16;8
0.417967627621875;2019-01-31;14;18;22;24;674;31;4;14;19;498;31;0;31;850;24;132;4;5;5;4;4;4;5;0;0;0;0;1;0;0;0;0;0;0;0;0;0;0;0;0;0;0;0;1;0;0;0;0;0;0;0;0;0;0;0;0;0;0;0;0;0;0;0;0;1;0;0;0;0;0;0;0;0;0;2;0;3;3;10;1;31;0;0;0;PALMAS;REGIÃO SUL;17;4
0.595345273441241;2019-02-28;11;15;20;23;554;31;5;11;18;413;31;0;31;695;23;146;4;4;4;4;4;4;4;0;0;0;1;0;0;0;0;0;0;0;0;0;0;0;0;0;0;0;0;1;0;0;0;0;0;0;0;0;0;0;0;0;0;0;0;0;0;0;0;0;1;0;0;0;0;0;0;0;0;0;2;0;3;3;10;1;0;0;0;0;PALMAS;REGIÃO SUL;18;7
0.87333588736711;2019-03-31;11;16;20;22;610;28;4;11;17;450;28;0;28;769;34;121;5;4;4;4;5;5;4;0;0;0;0;0;0;0;0;1;0;0;0;0;0;0;0;0;0;0;0;1;0;0;0;0;0;0;0;0;0;0;0;0;0;0;0;0;0;0;0;0;1;0;0;0;0;0;0;0;0;0;2;0;3;3;10;1;0;3;0;0;PALMAS;REGIÃO SUL;19;9
0.926395939086294;2019-04-30;7;15;18;20;535;26;4;7;17;384;26;0;26;685;38;116;4;4;4;5;4;4;5;1;0;0;0;0;0;0;0;0;0;0;0;0;0;0;0;0;0;0;0;1;0;0;0;0;0;0;0;0;0;0;0;0;0;0;0;0;0;0;0;0;1;0;0;0;0;0;0;0;0;0;2;0;3;3;10;1;0;1;0;0;PALMAS;REGIÃO SUL;20;9
1.0;2019-05-31;6;11;16;21;497;27;10;6;15;370;27;0;27;625;107;305;4;5;5;4;5;4;4;0;0;0;0;0;0;0;1;0;0;0;0;0;0;0;0;0;0;0;0;1;0;0;0;0;0;0;0;0;0;0;0;0;0;0;0;0;0;0;0;0;1;0;0;0;0;0;0;0;0;0;2;0;3;3;10;1;0;0;0;0;PALMAS;REGIÃO SUL;21;9
0.882721961497941;2019-06-30;3;9;15;20;444;25;1;3;14;273;25;0;25;615;12;27;5;4;4;4;4;5;4;0;0;0;0;0;0;1;0;0;0;0;0;0;0;0;0;0;0;0;0;1;0;0;0;0;0;0;0;0;0;0;0;0;0;0;0;0;0;0;0;0;1;0;0;0;0;0;0;0;0;0;2;0;3;3;10;1;0;1;0;0;PALMAS;REGIÃO SUL;22;9
0.725888324873096;2019-07-31;-6;2;12;17;361;23;1;-6;11;170;23;0;23;551;10;35;4;5;4;5;4;4;5;0;0;0;0;0;1;0;0;0;0;0;0;0;0;0;0;0;0;0;0;1;0;0;0;0;0;0;0;0;0;0;0;0;0;0;0;0;0;0;0;0;1;0;0;0;0;0;0;0;0;0;2;0;3;3;10;1;16;0;0;0;PALMAS;REGIÃO SUL;23;8
0.864141365769562;2019-08-31;-3;4;13;19;400;28;0;-3;11;184;28;0;28;615;7;15;4;4;5;4;5;5;4;0;1;0;0;0;0;0;0;0;0;0;0;0;0;0;0;0;0;0;0;1;0;0;0;0;0;0;0;0;0;0;0;0;0;0;0;0;0;0;0;0;1;0;0;0;0;0;0;0;0;0;2;0;3;3;10;1;0;0;0;0;PALMAS;REGIÃO SUL;24;9
0.904415285892156;2019-09-30;3;9;16;22;473;30;2;3;15;284;30;0;30;662;20;51;5;4;4;5;4;4;4;0;0;0;0;0;0;0;0;0;0;0;1;0;0;0;0;0;0;0;0;1;0;0;0;0;0;0;0;0;0;0;0;0;0;0;0;0;0;0;0;0;1;0;0;0;0;0;0;0;0;0;2;0;3;3;10;1;0;0;0;0;PALMAS;REGIÃO SUL;25;9
0.85710181017144;2019-10-31;8;13;18;25;571;33;6;8;16;383;33;0;33;759;53;178;4;5;5;4;4;4;5;0;0;0;0;0;0;0;0;0;0;1;0;0;0;0;0;0;0;0;0;1;0;0;0;0;0;0;0;0;0;0;0;0;0;0;0;0;0;0;0;0;1;0;0;0;0;0;0;0;0;0;2;0;3;3;10;1;0;0;0;0;PALMAS;REGIÃO SUL;26;9
0.902691313092616;2019-11-30;8;15;19;23;574;30;7;8;16;390;30;0;30;758;74;212;4;4;4;4;5;5;4;0;0;0;0;0;0;0;0;0;1;0;0;0;0;0;0;0;0;0;0;1;0;0;0;0;0;0;0;0;0;0;0;0;0;0;0;0;0;0;0;0;1;0;0;0;0;0;0;0;0;0;2;0;3;3;10;1;0;0;0;0;PALMAS;REGIÃO SUL;27;9
0.722727708073939;2019-12-31;10;16;20;25;622;32;5;10;17;427;32;0;32;817;50;157;5;4;4;5;4;4;5;0;0;1;0;0;0;0;0;0;0;0;0;0;0;0;0;0;0;0;0;1;0;0;0;0;0;0;0;0;0;0;0;0;0;0;0;0;0;0;0;0;1;0;0;0;0;0;0;0;0;0;2;0;3;3;10;1;0;0;0;0;PALMAS;REGIÃO SUL;28;8
0.361172301503687;2020-01-31;11;16;20;24;628;30;3;11;18;457;30;0;30;798;49;104;4;5;5;4;5;4;4;0;0;0;0;1;0;0;0;0;0;0;0;0;0;0;0;0;0;0;0;0;1;0;0;0;0;0;0;0;0;0;0;0;0;0;0;0;0;0;0;0;1;0;0;0;0;0;0;0;0;0;2;0;3;3;10;1;31;0;0;0;PALMAS;REGIÃO SUL;29;4
0.658701273824346;2020-02-29;9;15;20;23;567;30;2;9;17;399;30;0;30;734;22;61;4;4;4;4;4;5;4;0;0;0;1;0;0;0;0;0;0;0;0;0;0;0;0;0;0;0;0;0;1;0;0;0;0;0;0;0;0;0;0;0;0;0;0;0;0;0;0;0;1;0;0;0;0;0;0;0;0;0;2;0;3;3;10;1;0;3;0;0;PALMAS;REGIÃO SUL;30;8
0.720381189541232;2020-03-31;10;17;20;23;614;32;1;10;17;401;32;0;32;828;17;36;5;4;4;5;4;4;5;0;0;0;0;0;0;0;0;1;0;0;0;0;0;0;0;0;0;0;0;0;1;0;0;0;0;0;0;0;0;0;0;0;0;0;0;0;0;0;0;0;1;0;0;0;0;0;0;0;0;0;2;0;3;3;10;1;0;0;15;0;PALMAS;REGIÃO SUL;31;8
0.383919164830955;2020-04-30;1;10;15;22;465;29;3;1;16;252;29;0;29;677;66;86;4;5;5;4;4;4;4;1;0;0;0;0;0;0;0;0;0;0;0;0;0;0;0;0;0;0;0;0;1;0;0;0;0;0;0;0;0;0;0;0;0;0;0;0;0;0;0;0;1;0;0;0;0;0;0;0;0;0;2;0;3;3;10;1;0;1;30;0;PALMAS;REGIÃO SUL;32;4
0.414998563356;2020-05-31;0;8;13;17;401;25;9;0;13;190;25;0;25;612;134;264;5;4;4;4;5;5;4;0;0;0;0;0;0;0;1;0;0;0;0;0;0;0;0;0;0;0;0;0;1;0;0;0;0;0;0;0;0;0;0;0;0;0;0;0;0;0;0;0;1;0;0;0;0;0;0;0;0;0;2;0;3;3;10;1;0;0;31;0;PALMAS;REGIÃO SUL;33;4
0.386217795230342;2020-06-30;3;7;14;19;416;25;12;3;16;276;25;0;25;556;130;346;4;4;4;5;4;4;5;0;0;0;0;0;0;1;0;0;0;0;0;0;0;0;0;0;0;0;0;0;1;0;0;0;0;0;0;0;0;0;0;0;0;0;0;0;0;0;0;0;1;0;0;0;0;0;0;0;0;0;2;0;3;3;10;1;0;1;30;0;PALMAS;REGIÃO SUL;34;4
0.400105353893305;2020-07-31;-1;6;13;18;389;24;5;-1;13;228;24;0;24;550;84;162;4;5;5;4;5;4;4;0;0;0;0;0;1;0;0;0;0;0;0;0;0;0;0;0;0;0;0;0;1;0;0;0;0;0;0;0;0;0;0;0;0;0;0;0;0;0;0;0;1;0;0;0;0;0;0;0;0;0;2;0;3;3;10;1;0;0;31;0;PALMAS;REGIÃO SUL;35;4
0.384541710564122;2020-08-31;-3;3;14;21;449;28;10;-3;14;266;28;0;28;632;135;303;5;4;4;5;4;5;4;0;1;0;0;0;0;0;0;0;0;0;0;0;0;0;0;0;0;0;0;0;1;0;0;0;0;0;0;0;0;0;0;0;0;0;0;0;0;0;0;0;1;0;0;0;0;0;0;0;0;0;2;0;3;3;10;1;0;0;31;0;PALMAS;REGIÃO SUL;36;4
0.356048271238387;2020-09-30;5;11;18;25;547;33;2;5;18;365;33;0;33;728;19;62;4;5;4;4;4;4;5;0;0;0;0;0;0;0;0;0;0;0;1;0;0;0;0;0;0;0;0;0;1;0;0;0;0;0;0;0;0;0;0;0;0;0;0;0;0;0;0;0;1;0;0;0;0;0;0;0;0;0;2;0;3;3;10;1;0;0;30;0;PALMAS;REGIÃO SUL;37;3
0.3656258979025;2020-10-31;6;14;20;28;605;33;2;6;23;412;33;0;33;798;21;73;4;4;5;4;5;5;4;0;0;0;0;0;0;0;0;0;0;1;0;0;0;0;0;0;0;0;0;0;1;0;0;0;0;0;0;0;0;0;0;0;0;0;0;0;0;0;0;0;1;0;0;0;0;0;0;0;0;0;2;0;3;3;10;1;0;0;31;0;PALMAS;REGIÃO SUL;38;4
0.289818982856048;2020-11-30;6;14;19;24;566;32;3;6;17;373;32;0;32;758;18;102;5;4;4;5;4;4;4;0;0;0;0;0;0;0;0;0;1;0;0;0;0;0;0;0;0;0;0;0;1;0;0;0;0;0;0;0;0;0;0;0;0;0;0;0;0;0;0;0;1;0;0;0;0;0;0;0;0;0;2;0;3;3;10;1;0;0;30;0;PALMAS;REGIÃO SUL;39;2
0.2703764007279;2020-12-31;11;16;20;23;630;29;9;11;17;453;29;0;29;806;108;275;4;5;5;4;4;4;5;0;0;1;0;0;0;0;0;0;0;0;0;0;0;0;0;0;0;0;0;0;1;0;0;0;0;0;0;0;0;0;0;0;0;0;0;0;0;0;0;0;1;0;0;0;0;0;0;0;0;0;2;0;3;3;10;1;0;0;31;0;PALMAS;REGIÃO SUL;40;2
0.349056603773585;2021-01-31;13;19;21;23;638;29;7;13;18;498;29;0;29;778;35;210;5;4;4;4;5;5;4;0;0;0;0;1;0;0;0;0;0;0;0;1;0;0;0;0;0;0;0;0;0;0;0;0;0;0;0;0;0;0;0;0;0;0;0;0;0;0;0;0;1;0;0;0;0;0;0;0;0;0;2;0;3;3;10;1;0;0;31;0;PALMAS;REGIÃO SUL;41;3
0.258787472464323;2021-02-28;11;17;21;25;589;31;1;11;20;430;31;0;31;749;8;26;4;4;4;4;4;4;4;0;0;0;1;0;0;0;0;0;0;0;0;1;0;0;0;0;0;0;0;0;0;0;0;0;0;0;0;0;0;0;0;0;0;0;0;0;0;0;0;0;1;0;0;0;0;0;0;0;0;0;2;0;3;3;10;1;0;3;28;0;PALMAS;REGIÃO SUL;42;2
0.2703764007279;2021-03-31;11;16;22;26;671;32;3;11;19;502;32;0;32;840;30;104;4;5;4;5;4;4;5;0;0;0;0;0;0;0;0;1;0;0;0;1;0;0;0;0;0;0;0;0;0;0;0;0;0;0;0;0;0;0;0;0;0;0;0;0;0;0;0;0;1;0;0;0;0;0;0;0;0;0;2;0;3;3;10;1;0;0;31;0;PALMAS;REGIÃO SUL;43;2
0.315678574849152;2021-04-30;6;13;18;23;548;29;0;6;17;372;29;0;29;725;3;6;4;4;5;4;5;4;4;1;0;0;0;0;0;0;0;0;0;0;0;1;0;0;0;0;0;0;0;0;0;0;0;0;0;0;0;0;0;0;0;0;0;0;0;0;0;0;0;0;1;0;0;0;0;0;0;0;0;0;2;0;3;3;10;1;0;1;30;0;PALMAS;REGIÃO SUL;44;3
0.430705871085145;2021-05-31;4;10;16;22;489;29;5;4;16;307;29;0;29;670;82;156;5;4;4;5;4;5;4;0;0;0;0;0;0;0;1;0;0;0;0;1;0;0;0;0;0;0;0;0;0;0;0;0;0;0;0;0;0;0;0;0;0;0;0;0;0;0;0;0;1;0;0;0;0;0;0;0;0;0;2;0;3;3;10;1;0;0;31;0;PALMAS;REGIÃO SUL;45;5
0.501005650799732;2021-06-30;-2;3;14;22;408;27;4;-2;16;266;27;0;27;549;20;105;4;5;4;4;4;4;5;0;0;0;0;0;0;1;0;0;0;0;0;1;0;0;0;0;0;0;0;0;0;0;0;0;0;0;0;0;0;0;0;0;0;0;0;0;0;0;0;0;1;0;0;0;0;0;0;0;0;0;2;0;3;3;10;1;0;1;30;0;PALMAS;REGIÃO SUL;46;6
0.481179963605019;2021-07-31;-4;3;13;21;407;27;2;-4;15;222;27;0;27;592;25;55;4;4;5;4;5;5;4;0;0;0;0;0;1;0;0;0;0;0;0;1;0;0;0;0;0;0;0;0;0;0;0;0;0;0;0;0;0;0;0;0;0;0;0;0;0;0;0;0;1;0;0;0;0;0;0;0;0;0;2;0;3;3;10;1;0;0;31;0;PALMAS;REGIÃO SUL;47;5
0.458911981610957;2021-08-31;3;10;18;24;543;31;1;3;18;364;31;0;31;722;16;45;5;4;4;5;4;4;5;0;1;0;0;0;0;0;0;0;0;0;0;1;0;0;0;0;0;0;0;0;0;0;0;0;0;0;0;0;0;0;0;0;0;0;0;0;0;0;0;0;1;0;0;0;0;0;0;0;0;0;2;0;3;3;10;1;0;0;31;0;PALMAS;REGIÃO SUL;48;5
0.396130638827698;2021-09-30;7;14;20;27;589;33;8;7;21;421;33;0;33;757;70;228;4;5;5;4;4;4;4;0;0;0;0;0;0;0;0;0;0;0;1;1;0;0;0;0;0;0;0;0;0;0;0;0;0;0;0;0;0;0;0;0;0;0;0;0;0;0;0;0;1;0;0;0;0;0;0;0;0;0;2;0;3;3;10;1;0;0;30;0;PALMAS;REGIÃO SUL;49;4
0.36390192510296;2021-10-31;9;15;18;23;564;28;13;9;17;422;28;0;28;705;92;389;5;4;4;4;5;5;4;0;0;0;0;0;0;0;0;0;0;1;0;1;0;0;0;0;0;0;0;0;0;0;0;0;0;0;0;0;0;0;0;0;0;0;0;0;0;0;0;0;1;0;0;0;0;0;0;0;0;0;2;0;3;3;10;1;0;0;0;0;PALMAS;REGIÃO SUL;50;4
0.715065606742649;2021-11-30;12;18;22;25;646;32;4;12;20;465;32;0;32;827;40;108;4;4;4;5;4;4;5;0;0;0;0;0;0;0;0;0;1;0;0;1;0;0;0;0;0;0;0;0;0;0;0;0;0;0;0;0;0;0;0;0;0;0;0;0;0;0;0;0;1;0;0;0;0;0;0;0;0;0;2;0;3;3;10;1;0;0;0;0;PALMAS;REGIÃO SUL;51;8
0.706828847811512;2021-12-31;10;19;23;26;718;33;2;10;20;505;33;0;33;932;31;75;4;5;5;4;5;4;4;0;0;1;0;0;0;0;0;0;0;0;0;1;0;0;0;0;0;0;0;0;0;0;0;0;0;0;0;0;0;0;0;0;0;0;0;0;0;0;0;0;1;0;0;0;0;0;0;0;0;0;2;0;3;3;10;1;0;0;0;0;PALMAS;REGIÃO SUL;52;8
0.418829614021645;2022-01-31;14;18;24;29;749;35;8;14;22;568;35;0;35;931;57;248;5;4;4;5;4;5;4;0;0;0;0;1;0;0;0;0;0;0;0;0;1;0;0;0;0;0;0;0;0;0;0;0;0;0;0;0;0;0;0;0;0;0;0;0;0;0;0;0;1;0;0;0;0;0;0;0;0;0;2;0;3;3;10;1;31;0;0;0;PALMAS;REGIÃO SUL;53;4
0.0;2022-02-28;11;18;23;26;650;32;5;11;22;483;32;0;32;817;40;141;4;4;4;4;4;4;4;0;0;0;1;0;0;0;0;0;0;0;0;0;1;0;0;0;0;0;0;0;0;0;0;0;0;0;0;0;0;0;0;0;0;0;0;0;0;0;0;0;1;0;0;0;0;0;0;0;0;0;2;0;3;3;10;1;0;1;0;0;PALMAS;REGIÃO SUL;54;0
0.896848960827507;2022-03-31;7;12;21;26;650;31;13;7;21;501;31;0;31;798;112;388;4;5;5;4;4;4;5;0;0;0;0;0;0;0;0;1;0;0;0;0;1;0;0;0;0;0;0;0;0;0;0;0;0;0;0;0;0;0;0;0;0;0;0;0;0;0;0;0;1;0;0;0;0;0;0;0;0;0;2;0;3;3;10;1;0;1;0;0;PALMAS;REGIÃO SUL;55;9
0.551288190786323;2022-04-30;5;12;18;23;534;28;20;5;18;392;28;0;28;676;160;603;4;4;4;4;5;5;4;1;0;0;0;0;0;0;0;0;0;0;0;0;1;0;0;0;0;0;0;0;0;0;0;0;0;0;0;0;0;0;0;0;0;0;0;0;0;0;0;0;1;0;0;0;0;0;0;0;0;0;2;0;3;3;10;1;0;1;0;0;PALMAS;REGIÃO SUL;56;7
0.550952973853079;2022-05-31;1;5;12;19;386;23;7;1;15;248;23;0;23;523;55;222;5;4;4;5;4;4;5;0;0;0;0;0;0;0;1;0;0;0;0;0;1;0;0;0;0;0;0;0;0;0;0;0;0;0;0;0;0;0;0;0;0;0;0;0;0;0;0;0;1;0;0;0;0;0;0;0;0;0;2;0;3;3;10;1;0;0;0;0;PALMAS;REGIÃO SUL;57;7
0.549851546786706;2022-06-30;-2;4;12;17;360;22;8;-2;14;224;22;0;22;497;78;248;4;5;5;4;4;4;4;0;0;0;0;0;0;1;0;0;0;0;0;0;1;0;0;0;0;0;0;0;0;0;0;0;0;0;0;0;0;0;0;0;0;0;0;0;0;0;0;0;1;0;0;0;0;0;0;0;0;0;2;0;3;3;10;1;0;1;0;0;PALMAS;REGIÃO SUL;58;6
0.467819174408582;2022-07-31;1;8;15;19;473;24;2;1;14;300;24;0;24;647;22;70;5;4;4;4;5;5;4;0;0;0;0;0;1;0;0;0;0;0;0;0;1;0;0;0;0;0;0;0;0;0;0;0;0;0;0;0;0;0;0;0;0;0;0;0;0;0;0;0;1;0;0;0;0;0;0;0;0;0;2;0;3;3;10;1;0;0;0;0;PALMAS;REGIÃO SUL;59;5
0.493056220668518;2022-08-31;-2;4;13;19;405;25;9;-2;13;236;25;0;25;573;66;291;4;5;4;5;4;4;5;0;1;0;0;0;0;0;0;0;0;0;0;0;1;0;0;0;0;0;0;0;0;0;0;0;0;0;0;0;0;0;0;0;0;0;0;0;0;0;0;0;1;0;0;0;0;0;0;0;0;0;2;0;3;3;10;1;0;0;0;0;PALMAS;REGIÃO SUL;60;6
0.414807010822718;2022-09-30;1;8;13;21;393;26;8;1;17;242;26;0;26;544;42;226;4;4;5;4;5;4;4;0;0;0;0;0;0;0;0;0;0;0;1;0;1;0;0;0;0;0;0;0;0;0;0;0;0;0;0;0;0;0;0;0;0;0;0;0;0;0;0;0;1;0;0;0;0;0;0;0;0;0;2;0;3;3;10;1;0;0;0;0;PALMAS;REGIÃO SUL;61;4
0.455942917345082;2022-10-31;6;12;16;21;503;28;13;6;15;352;28;0;28;653;108;398;5;4;4;5;4;5;4;0;0;0;0;0;0;0;0;0;0;1;0;0;1;0;0;0;0;0;0;0;0;0;0;0;0;0;0;0;0;0;0;0;0;0;0;0;0;0;0;0;1;0;0;0;0;0;0;0;0;0;2;0;3;3;10;1;0;0;0;0;PALMAS;REGIÃO SUL;62;5
0.490949142802414;2022-11-30;2;8;17;21;506;28;5;2;16;312;28;0;28;699;43;145;4;5;4;4;4;4;5;0;0;0;0;0;0;0;0;0;1;0;0;0;1;0;0;0;0;0;0;0;0;0;0;0;0;0;0;0;0;0;0;0;0;0;0;0;0;0;0;0;1;0;0;0;0;0;0;0;0;0;2;0;3;3;10;1;0;0;0;0;PALMAS;REGIÃO SUL;63;6
0.402499760559333;2022-12-31;10;17;21;25;641;31;3;10;19;458;31;0;31;825;26;104;4;4;5;4;5;5;4;0;0;1;0;0;0;0;0;0;0;0;0;0;1;0;0;0;0;0;0;0;0;0;0;0;0;0;0;0;0;0;0;0;0;0;0;0;0;0;0;0;1;0;0;0;0;0;0;0;0;0;2;0;3;3;10;1;0;0;0;0;PALMAS;REGIÃO SUL;64;4
0.295613446987836;2023-01-31;11;18;21;25;653;30;7;11;19;481;30;0;30;826;46;229;5;4;4;5;4;4;5;0;0;0;0;1;0;0;0;0;0;0;0;0;0;1;0;0;0;0;0;0;0;0;0;0;0;0;0;0;0;0;0;0;0;0;0;0;0;0;0;0;1;0;0;0;0;0;0;0;0;0;2;0;3;3;10;1;31;0;0;0;PALMAS;REGIÃO SUL;65;3
0.45321329374581;2023-02-28;7;13;20;23;550;29;7;7;17;410;29;0;29;691;41;184;4;4;4;4;4;4;4;0;0;0;1;0;0;0;0;0;0;0;0;0;0;1;0;0;0;0;0;0;0;0;0;0;0;0;0;0;0;0;0;0;0;0;0;0;0;0;0;0;1;0;0;0;0;0;0;0;0;0;2;0;3;3;10;2;0;3;0;0;PALMAS;REGIÃO SUL;66;5
0.53907671678958;2023-03-31;11;18;21;23;646;29;4;11;20;489;29;0;29;802;22;131;4;5;5;4;5;4;4;0;0;0;0;0;0;0;0;1;0;0;0;0;0;1;0;0;0;0;0;0;0;0;0;0;0;0;0;0;0;0;0;0;0;0;0;0;0;0;0;0;1;0;0;0;0;0;0;0;0;0;2;0;3;3;10;2;0;0;0;0;PALMAS;REGIÃO SUL;67;6
0.498132362800498;2023-04-30;4;10;17;20;498;27;4;4;15;342;27;0;27;653;61;125;5;4;4;4;4;5;4;1;0;0;0;0;0;0;0;0;0;0;0;0;0;1;0;0;0;0;0;0;0;0;0;0;0;0;0;0;0;0;0;0;0;0;0;0;0;0;0;0;1;0;0;0;0;0;0;0;0;0;2;0;3;3;10;2;0;1;0;0;PALMAS;REGIÃO SUL;68;6
0.616272387702327;2023-05-31;5;10;16;20;486;24;4;5;17;330;24;0;24;641;28;130;4;5;4;5;4;4;5;0;0;0;0;0;0;0;1;0;0;0;0;0;0;1;0;0;0;0;0;0;0;0;0;0;0;0;0;0;0;0;0;0;0;0;0;0;0;0;0;0;1;0;0;0;0;0;0;0;0;0;2;0;3;3;10;2;0;0;0;0;PALMAS;REGIÃO SUL;69;7
0.601570730772914;2023-06-30;2;6;14;17;410;23;4;2;14;273;23;0;23;548;64;113;4;4;5;4;5;4;4;0;0;0;0;0;0;1;0;0;0;0;0;0;0;1;0;0;0;0;0;0;0;0;0;0;0;0;0;0;0;0;0;0;0;0;0;0;0;0;0;0;1;0;0;0;0;0;0;0;0;0;2;0;3;3;10;2;0;1;0;0;PALMAS;REGIÃO SUL;70;7
0.818168757781822;2023-07-31;2;6;14;19;441;23;5;2;15;306;23;0;23;575;61;157;5;4;4;5;4;5;4;0;0;0;0;0;1;0;0;0;0;0;0;0;0;1;0;0;0;0;0;0;0;0;0;0;0;0;0;0;0;0;0;0;0;0;0;0;0;0;0;0;1;0;0;0;0;0;0;0;0;0;2;0;3;3;10;2;15;0;0;0;PALMAS;REGIÃO SUL;71;9
0.855282061105258;2023-08-31;0;8;16;23;481;28;8;0;17;315;28;0;28;648;79;235;4;5;5;4;4;4;5;0;1;0;0;0;0;0;0;0;0;0;0;0;0;1;0;0;0;0;0;0;0;0;0;0;0;0;0;0;0;0;0;0;0;0;0;0;0;0;0;0;1;0;0;0;0;0;0;0;0;0;2;0;3;3;10;2;0;0;0;0;PALMAS;REGIÃO SUL;72;9
0.374580978833445;2023-09-30;4;10;18;25;546;31;7;4;19;397;31;0;31;696;48;212;4;4;4;4;5;5;4;0;0;0;0;0;0;0;0;0;0;0;1;0;0;1;0;0;0;0;0;0;0;0;0;0;0;0;0;0;0;0;0;0;0;0;0;0;0;0;0;0;1;0;0;0;0;0;0;0;0;0;2;0;3;3;10;2;0;0;0;0;PALMAS;REGIÃO SUL;73;4
0.344603007374773;2023-10-31;8;11;17;20;534;27;17;8;16;406;27;0;27;663;121;542;5;4;4;5;4;4;5;0;0;0;0;0;0;0;0;0;0;1;0;0;0;1;0;0;0;0;0;0;0;0;0;0;0;0;0;0;0;0;0;0;0;0;0;0;0;0;0;0;1;0;0;0;0;0;0;0;0;0;2;0;3;3;10;2;0;0;0;0;PALMAS;REGIÃO SUL;74;3
0.388947418829614;2023-11-30;5;11;19;25;579;31;13;5;19;444;31;0;31;715;75;380;4;5;5;4;4;4;4;0;0;0;0;0;0;0;0;0;1;0;0;0;0;1;0;0;0;0;0;0;0;0;0;0;0;0;0;0;0;0;0;0;0;0;0;0;0;0;0;0;1;0;0;0;0;0;0;0;0;0;2;0;3;3;10;2;0;0;0;0;PALMAS;REGIÃO SUL;75;4
0.262953740063212;2023-12-31;13;16;21;26;664;33;5;13;21;510;33;0;33;817;31;152;5;4;4;4;5;5;4;0;0;1;0;0;0;0;0;0;0;0;0;0;0;1;0;0;0;0;0;0;0;0;0;0;0;0;0;0;0;0;0;0;0;0;0;0;0;0;0;0;1;0;0;0;0;0;0;0;0;0;2;0;3;3;10;2;0;0;0;0;PALMAS;REGIÃO SUL;76;2
0.197634326213964;2024-01-31;11;17;21;24;653;30;3;11;20;497;30;0;30;809;28;102;4;5;4;5;4;4;5;0;0;0;0;1;0;0;0;0;0;0;0;0;0;0;1;0;0;0;0;0;0;0;0;0;0;0;0;0;0;0;0;0;0;0;0;0;0;0;0;0;1;0;0;0;0;0;0;0;0;0;2;0;3;3;10;2;31;0;0;0;PALMAS;REGIÃO SUL;77;2
0.588880375442965;2024-02-29;15;17;22;24;631;30;4;15;19;487;30;0;30;775;32;128;4;4;5;4;4;4;4;0;0;0;1;0;0;0;0;0;0;0;0;0;0;0;1;0;0;0;0;0;0;0;0;0;0;0;0;0;0;0;0;0;0;0;0;0;0;0;0;0;1;0;0;0;0;0;0;0;0;0;2;0;3;3;10;2;0;3;0;0;PALMAS;REGIÃO SUL;78;7
0.723158701273824;2024-03-31;12;17;21;24;656;31;5;12;19;505;31;0;31;807;44;168;5;4;4;4;5;5;4;0;0;0;0;0;0;0;0;1;0;0;0;0;0;0;1;0;0;0;0;0;0;0;0;0;0;0;0;0;0;0;0;0;0;0;0;0;0;0;0;0;1;0;0;0;0;0;0;0;0;0;3;0;3;3;10;3;0;1;0;0;PALMAS;REGIÃO SUL;79;8
0.460779618810459;2024-04-30;8;14;19;23;574;29;3;8;19;446;29;0;29;701;41;96;4;4;4;5;4;4;5;1;0;0;0;0;0;0;0;0;0;0;0;0;0;0;1;0;0;0;0;0;0;0;0;0;0;0;0;0;0;0;0;0;0;0;0;0;0;0;0;0;1;0;0;0;0;0;0;0;0;0;3;0;3;3;10;3;0;0;0;0;PALMAS;REGIÃO SUL;80;5
0.485633560003831;2024-05-31;2;6;15;22;467;27;7;2;18;338;27;0;27;595;62;220;4;5;5;4;5;4;4;0;0;0;0;0;0;0;1;0;0;0;0;0;0;0;1;0;0;0;0;0;0;0;0;0;0;0;0;0;0;0;0;0;0;0;0;0;0;0;0;0;1;0;0;0;0;0;0;0;0;0;3;0;3;3;10;3;0;1;0;30;PALMAS;REGIÃO SUL;81;5
0.486639210803563;2024-06-30;-2;5;16;20;472;25;4;-2;16;335;25;0;25;609;43;108;5;4;4;4;4;5;4;0;0;0;0;0;0;1;0;0;0;0;0;0;0;0;1;0;0;0;0;0;0;0;0;0;0;0;0;0;0;0;0;0;0;0;0;0;0;0;0;0;1;0;0;0;0;0;0;0;0;0;3;0;3;3;10;3;0;0;0;30;PALMAS;REGIÃO SUL;82;5
0.810746097117134;2024-07-31;-1;5;12;18;380;24;7;-1;13;240;24;0;24;520;62;217;4;5;4;5;4;4;5;0;0;0;0;0;1;0;0;0;0;0;0;0;0;0;1;0;0;0;0;0;0;0;0;0;0;0;0;0;0;0;0;0;0;0;0;0;0;0;0;0;1;0;0;0;0;0;0;0;0;0;3;0;3;3;10;3;12;0;0;0;PALMAS;REGIÃO SUL;83;9
0.880519107365195;2024-08-31;-3;5;15;22;456;29;2;-3;17;273;29;0;29;639;28;48;4;4;5;4;5;5;4;0;1;0;0;0;0;0;0;0;0;0;0;0;0;0;1;0;0;0;0;0;0;0;0;0;0;0;0;0;0;0;0;0;0;0;0;0;0;0;0;0;1;0;0;0;0;0;0;0;0;0;3;0;3;3;10;3;0;0;0;0;PALMAS;REGIÃO SUL;84;9
0.8213772627143;2024-09-30;6;12;19;25;563;31;3;6;19;390;31;0;31;735;19;76;5;4;4;5;4;4;4;0;0;0;0;0;0;0;0;0;0;0;1;0;0;0;1;0;0;0;0;0;0;0;0;0;0;0;0;0;0;0;0;0;0;0;0;0;0;0;0;0;1;0;0;0;0;0;0;0;0;0;3;0;3;3;10;3;0;0;0;0;PALMAS;REGIÃO SUL;85;9
0.818168757781822;2024-10-31;8;14;19;23;576;30;5;8;19;420;30;0;30;732;73;149;4;5;5;4;4;4;5;0;0;0;0;0;0;0;0;0;0;1;0;0;0;0;1;0;0;0;0;0;0;0;0;0;0;0;0;0;0;0;0;0;0;0;0;0;0;0;0;0;1;0;0;0;0;0;0;0;0;0;3;0;3;3;10;3;0;0;0;0;PALMAS;REGIÃO SUL;86;9
0.435337078651685;2014-01-31;21;25;25;25;778;29;8;21;21;661;29;8;29;896;8;233;4;5;5;4;5;4;4;0;0;0;0;1;0;0;0;0;0;0;0;0;0;0;0;0;0;0;0;0;0;1;0;0;0;0;0;0;0;0;0;0;0;0;0;0;0;0;0;0;0;1;0;0;0;0;0;0;0;0;4;1;0;0;3;1;31;0;0;0;PARANAGUÁ;REGIÃO LESTE;1;5
0.72061797752809;2014-02-28;21;25;25;25;691;28;6;21;21;587;28;6;28;795;6;181;4;4;4;4;4;4;4;0;0;0;1;0;0;0;0;0;0;0;0;0;0;0;0;0;0;0;0;0;0;1;0;0;0;0;0;0;0;0;0;0;0;0;0;0;0;0;0;0;0;1;0;0;0;0;0;0;0;0;5;1;0;0;3;1;0;0;0;0;PARANAGUÁ;REGIÃO LESTE;2;8
0.792415730337079;2014-03-31;21;24;24;24;749;28;5;21;21;640;28;5;28;858;5;165;5;4;4;5;4;5;4;0;0;0;0;0;0;0;0;1;0;0;0;0;0;0;0;0;0;0;0;0;0;1;0;0;0;0;0;0;0;0;0;0;0;0;0;0;0;0;0;0;0;1;0;0;0;0;0;0;0;0;5;1;0;0;3;1;0;3;0;0;PARANAGUÁ;REGIÃO LESTE;3;9
0.594325842696629;2014-04-30;18;22;22;22;664;26;3;18;18;555;26;3;26;772;3;92;4;5;4;4;4;4;5;1;0;0;0;0;0;0;0;0;0;0;0;0;0;0;0;0;0;0;0;0;0;1;0;0;0;0;0;0;0;0;0;0;0;0;0;0;0;0;0;0;0;1;0;0;0;0;0;0;0;0;5;1;0;0;3;1;0;1;0;0;PARANAGUÁ;REGIÃO LESTE;4;7
0.573651685393258;2014-05-31;16;19;19;19;604;23;4;16;16;496;23;4;23;711;4;113;4;4;5;4;5;5;4;0;0;0;0;0;0;0;1;0;0;0;0;0;0;0;0;0;0;0;0;0;0;1;0;0;0;0;0;0;0;0;0;0;0;0;0;0;0;0;0;0;0;1;0;0;0;0;0;0;0;0;5;1;0;0;3;1;0;0;0;0;PARANAGUÁ;REGIÃO LESTE;5;7
0.427219101123596;2014-06-30;14;18;18;18;543;22;4;14;14;429;22;4;22;656;4;108;5;4;4;5;4;4;4;0;0;0;0;0;0;1;0;0;0;0;0;0;0;0;0;0;0;0;0;0;0;1;0;0;0;0;0;0;0;0;0;0;0;0;0;0;0;0;0;0;0;1;0;0;0;0;0;0;0;0;5;1;0;0;3;1;0;1;0;0;PARANAGUÁ;REGIÃO LESTE;6;5
0.347696629213483;2014-07-31;13;17;17;17;532;21;2;13;13;404;21;2;21;659;2;74;4;5;5;4;4;4;5;0;0;0;0;0;1;0;0;0;0;0;0;0;0;0;0;0;0;0;0;0;0;1;0;0;0;0;0;0;0;0;0;0;0;0;0;0;0;0;0;0;0;1;0;0;0;0;0;0;0;0;5;1;0;0;3;1;19;0;0;0;PARANAGUÁ;REGIÃO LESTE;7;3
0.472022471910112;2014-08-31;14;18;18;18;549;22;4;14;14;427;22;4;22;672;4;122;5;4;4;4;5;5;4;0;1;0;0;0;0;0;0;0;0;0;0;0;0;0;0;0;0;0;0;0;0;1;0;0;0;0;0;0;0;0;0;0;0;0;0;0;0;0;0;0;0;1;0;0;0;0;0;0;0;0;5;1;0;0;3;1;0;0;0;0;PARANAGUÁ;REGIÃO LESTE;8;5
0.514747191011236;2014-09-30;16;20;20;20;591;23;4;16;16;476;23;4;23;705;4;108;4;4;4;5;4;4;5;0;0;0;0;0;0;0;0;0;0;0;1;0;0;0;0;0;0;0;0;0;0;1;0;0;0;0;0;0;0;0;0;0;0;0;0;0;0;0;0;0;0;1;0;0;0;0;0;0;0;0;5;1;0;0;3;1;0;0;0;0;PARANAGUÁ;REGIÃO LESTE;9;6
0.608398876404494;2014-10-31;17;20;20;20;633;24;7;17;17;533;24;7;24;732;7;204;4;5;5;4;5;4;4;0;0;0;0;0;0;0;0;0;0;1;0;0;0;0;0;0;0;0;0;0;0;1;0;0;0;0;0;0;0;0;0;0;0;0;0;0;0;0;0;0;0;1;0;0;0;0;0;0;0;0;5;1;0;0;3;1;0;0;0;0;PARANAGUÁ;REGIÃO LESTE;10;7
0.722808988764045;2014-11-30;18;21;21;21;641;25;4;18;18;538;25;4;25;743;4;109;5;4;4;4;4;5;4;0;0;0;0;0;0;0;0;0;1;0;0;0;0;0;0;0;0;0;0;0;0;1;0;0;0;0;0;0;0;0;0;0;0;0;0;0;0;0;0;0;0;1;0;0;0;0;0;0;0;0;5;1;0;0;3;1;0;0;0;0;PARANAGUÁ;REGIÃO LESTE;11;8
0.574775280898876;2014-12-31;20;24;24;24;741;28;5;20;20;626;28;5;28;855;5;140;4;5;4;5;4;4;5;0;0;1;0;0;0;0;0;0;0;0;0;0;0;0;0;0;0;0;0;0;0;1;0;0;0;0;0;0;0;0;0;0;0;0;0;0;0;0;0;0;0;1;0;0;0;0;0;0;0;0;4;1;1;0;3;1;0;0;0;0;PARANAGUÁ;REGIÃO LESTE;12;7
0.383904494382022;2015-01-31;19;22;26;30;813;36;9;19;25;681;36;0;36;944;52;266;4;4;5;4;5;5;4;0;0;0;0;1;0;0;0;0;0;0;0;0;0;0;0;1;0;0;0;0;0;0;0;0;0;0;0;0;0;0;0;0;0;0;0;0;0;0;0;0;0;1;0;0;0;0;0;0;0;0;4;1;1;0;3;1;31;0;0;0;PARANAGUÁ;REGIÃO LESTE;13;4
0.658707865168539;2015-02-28;19;21;25;29;702;35;13;19;24;599;35;0;35;804;78;357;4;4;4;4;4;4;4;0;0;0;1;0;0;0;0;0;0;0;0;0;0;0;0;1;0;0;0;0;0;0;0;0;0;0;0;0;0;0;0;0;0;0;0;0;0;0;0;0;0;1;0;0;0;0;0;0;0;0;4;1;1;0;3;1;0;3;0;0;PARANAGUÁ;REGIÃO LESTE;14;8
0.91438202247191;2015-03-31;18;21;24;26;738;30;6;18;23;637;30;0;30;839;62;180;5;4;4;5;4;4;5;0;0;0;0;0;0;0;0;1;0;0;0;0;0;0;0;1;0;0;0;0;0;0;0;0;0;0;0;0;0;0;0;0;0;0;0;0;0;0;0;0;0;1;0;0;0;0;0;0;0;0;4;1;1;0;3;1;0;0;0;0;PARANAGUÁ;REGIÃO LESTE;15;9
0.627134831460674;2015-04-30;15;18;22;25;655;29;3;15;22;552;29;0;29;757;35;84;4;5;5;4;4;4;4;1;0;0;0;0;0;0;0;0;0;0;0;0;0;0;0;1;0;0;0;0;0;0;0;0;0;0;0;0;0;0;0;0;0;0;0;0;0;0;0;0;0;1;0;0;0;0;0;0;0;0;4;1;1;0;3;1;0;1;0;0;PARANAGUÁ;REGIÃO LESTE;16;7
0.552162921348315;2015-05-31;12;15;20;23;610;28;4;12;21;520;28;0;28;700;60;136;5;4;4;4;5;5;4;0;0;0;0;0;0;0;1;0;0;0;0;0;0;0;0;1;0;0;0;0;0;0;0;0;0;0;0;0;0;0;0;0;0;0;0;0;0;0;0;0;0;1;0;0;0;0;0;0;0;0;4;1;1;0;3;1;0;0;0;0;PARANAGUÁ;REGIÃO LESTE;17;7
0.46497191011236;2015-06-30;7;13;18;23;552;29;1;7;17;422;29;0;29;682;8;18;4;4;4;5;4;4;5;0;0;0;0;0;0;1;0;0;0;0;0;0;0;0;0;1;0;0;0;0;0;0;0;0;0;0;0;0;0;0;0;0;0;0;0;0;0;0;0;0;0;1;0;0;0;0;0;0;0;0;4;1;1;0;3;1;0;1;0;0;PARANAGUÁ;REGIÃO LESTE;18;5
0.264466292134832;2015-07-31;10;13;18;23;560;29;7;10;18;455;29;0;29;666;64;210;4;5;5;4;5;4;4;0;0;0;0;0;1;0;0;0;0;0;0;0;0;0;0;1;0;0;0;0;0;0;0;0;0;0;0;0;0;0;0;0;0;0;0;0;0;0;0;0;0;1;0;0;0;0;0;0;0;0;4;1;1;0;3;1;15;0;0;3;PARANAGUÁ;REGIÃO LESTE;19;2
0.242162921348315;2015-08-31;12;16;20;23;627;31;2;12;19;492;31;0;31;761;29;54;5;4;4;5;4;5;4;0;1;0;0;0;0;0;0;0;0;0;0;0;0;0;0;1;0;0;0;0;0;0;0;0;0;0;0;0;0;0;0;0;0;0;0;0;0;0;0;0;0;1;0;0;0;0;0;0;0;0;4;1;1;0;3;1;0;0;0;31;PARANAGUÁ;REGIÃO LESTE;20;2
0.323707865168539;2015-09-30;11;15;21;26;621;35;5;11;21;510;35;0;35;733;34;150;4;5;4;4;4;4;5;0;0;0;0;0;0;0;0;0;0;0;1;0;0;0;0;1;0;0;0;0;0;0;0;0;0;0;0;0;0;0;0;0;0;0;0;0;0;0;0;0;0;1;0;0;0;0;0;0;0;0;4;1;1;0;3;1;0;0;0;30;PARANAGUÁ;REGIÃO LESTE;21;3
0.441629213483146;2015-10-31;14;16;21;26;639;32;9;14;21;553;32;0;32;726;44;264;4;4;5;4;5;5;4;0;0;0;0;0;0;0;0;0;0;1;0;0;0;0;0;1;0;0;0;0;0;0;0;0;0;0;0;0;0;0;0;0;0;0;0;0;0;0;0;0;0;1;0;0;0;0;0;0;0;0;4;1;1;0;3;1;0;0;0;7;PARANAGUÁ;REGIÃO LESTE;22;5
0.498820224719101;2015-11-30;16;18;22;27;659;34;5;16;22;573;34;0;34;745;40;156;5;4;4;5;4;4;4;0;0;0;0;0;0;0;0;0;1;0;0;0;0;0;0;1;0;0;0;0;0;0;0;0;0;0;0;0;0;0;0;0;0;0;0;0;0;0;0;0;0;1;0;0;0;0;0;0;0;0;4;1;1;0;3;1;0;0;0;0;PARANAGUÁ;REGIÃO LESTE;23;6
0.522247191011236;2015-12-31;16;19;25;30;773;34;7;16;26;659;34;0;34;886;52;230;4;5;5;4;4;4;5;0;0;1;0;0;0;0;0;0;0;0;0;0;0;0;0;1;0;0;0;0;0;0;0;0;0;0;0;0;0;0;0;0;0;0;0;0;0;0;0;0;0;1;0;0;0;0;0;0;0;0;4;1;1;0;3;1;0;0;0;0;PARANAGUÁ;REGIÃO LESTE;24;6
0.477022471910112;2016-01-31;17;22;24;29;758;36;6;17;23;649;36;0;36;867;55;173;5;4;4;4;5;5;4;0;0;0;0;1;0;0;0;0;0;0;0;0;0;0;0;0;1;0;0;0;0;0;0;0;0;0;0;0;0;0;0;0;0;0;0;0;0;0;0;0;0;1;0;0;0;0;0;0;0;0;3;0;1;0;3;1;31;0;0;0;PARANAGUÁ;REGIÃO LESTE;25;5
0.53373595505618;2016-02-29;19;23;26;30;745;36;13;19;25;652;36;0;36;837;60;372;4;4;4;5;4;4;4;0;0;0;1;0;0;0;0;0;0;0;0;0;0;0;0;0;1;0;0;0;0;0;0;0;0;0;0;0;0;0;0;0;0;0;0;0;0;0;0;0;0;1;0;0;0;0;0;0;0;0;3;0;1;0;3;1;0;3;0;0;PARANAGUÁ;REGIÃO LESTE;26;6
0.787134831460674;2016-03-31;18;21;24;27;738;31;3;18;23;637;31;0;31;838;33;100;4;5;5;4;4;4;5;0;0;0;0;0;0;0;0;1;0;0;0;0;0;0;0;0;1;0;0;0;0;0;0;0;0;0;0;0;0;0;0;0;0;0;0;0;0;0;0;0;0;1;0;0;0;0;0;0;0;0;3;0;1;0;3;1;0;1;0;0;PARANAGUÁ;REGIÃO LESTE;27;9
0.766629213483146;2016-04-30;8;13;24;28;731;33;3;8;24;618;33;0;33;845;29;87;4;4;4;4;5;5;4;1;0;0;0;0;0;0;0;0;0;0;0;0;0;0;0;0;1;0;0;0;0;0;0;0;0;0;0;0;0;0;0;0;0;0;0;0;0;0;0;0;0;1;0;0;0;0;0;0;0;0;3;0;1;0;3;1;0;0;0;0;PARANAGUÁ;REGIÃO LESTE;28;8
0.390393258426966;2016-05-31;9;15;18;22;556;25;4;9;19;474;25;0;25;637;35;139;5;4;4;5;4;4;5;0;0;0;0;0;0;0;1;0;0;0;0;0;0;0;0;0;1;0;0;0;0;0;0;0;0;0;0;0;0;0;0;0;0;0;0;0;0;0;0;0;0;1;0;0;0;0;0;0;0;0;3;0;1;0;3;1;0;1;0;0;PARANAGUÁ;REGIÃO LESTE;29;4
0.300842696629214;2016-06-30;4;11;14;18;430;23;4;4;17;333;23;0;23;527;34;107;4;5;5;4;4;4;4;0;0;0;0;0;0;1;0;0;0;0;0;0;0;0;0;0;1;0;0;0;0;0;0;0;0;0;0;0;0;0;0;0;0;0;0;0;0;0;0;0;0;1;0;0;0;0;0;0;0;0;3;0;1;0;3;1;0;0;0;0;PARANAGUÁ;REGIÃO LESTE;30;3
0.221292134831461;2016-07-31;5;10;16;22;502;27;6;5;17;380;27;0;27;623;95;195;5;4;4;4;5;5;4;0;0;0;0;0;1;0;0;0;0;0;0;0;0;0;0;0;1;0;0;0;0;0;0;0;0;0;0;0;0;0;0;0;0;0;0;0;0;0;0;0;0;1;0;0;0;0;0;0;0;0;3;0;1;0;3;1;14;0;0;0;PARANAGUÁ;REGIÃO LESTE;31;2
0.290252808988764;2016-08-31;7;12;17;22;522;30;8;7;17;399;30;0;30;646;79;244;4;5;4;5;4;4;5;0;1;0;0;0;0;0;0;0;0;0;0;0;0;0;0;0;1;0;0;0;0;0;0;0;0;0;0;0;0;0;0;0;0;0;0;0;0;0;0;0;0;1;0;0;0;0;0;0;0;0;3;0;1;0;3;1;0;0;0;0;PARANAGUÁ;REGIÃO LESTE;32;3
0.273370786516854;2016-09-30;10;15;19;26;557;33;5;10;19;439;33;0;33;675;113;143;4;4;5;4;5;4;4;0;0;0;0;0;0;0;0;0;0;0;1;0;0;0;0;0;1;0;0;0;0;0;0;0;0;0;0;0;0;0;0;0;0;0;0;0;0;0;0;0;0;1;0;0;0;0;0;0;0;0;3;0;1;0;3;1;0;0;0;0;PARANAGUÁ;REGIÃO LESTE;33;2
0.210224719101124;2016-10-31;13;16;20;26;613;32;5;13;21;524;32;0;32;702;39;158;5;4;4;5;4;5;4;0;0;0;0;0;0;0;0;0;0;1;0;0;0;0;0;0;1;0;0;0;0;0;0;0;0;0;0;0;0;0;0;0;0;0;0;0;0;0;0;0;0;1;0;0;0;0;0;0;0;0;3;0;1;0;3;1;0;0;0;0;PARANAGUÁ;REGIÃO LESTE;34;2
0.149719101123596;2016-11-30;14;18;22;27;646;32;2;14;22;539;32;0;32;752;16;65;4;5;4;4;4;4;5;0;0;0;0;0;0;0;0;0;1;0;0;0;0;0;0;0;1;0;0;0;0;0;0;0;0;0;0;0;0;0;0;0;0;0;0;0;0;0;0;0;0;1;0;0;0;0;0;0;0;0;3;0;1;0;3;1;0;0;0;0;PARANAGUÁ;REGIÃO LESTE;35;1
0.304747191011236;2016-12-31;15;18;24;30;748;36;3;15;24;631;36;0;36;865;19;90;4;4;5;4;5;5;4;0;0;1;0;0;0;0;0;0;0;0;0;0;0;0;0;0;1;0;0;0;0;0;0;0;0;0;0;0;0;0;0;0;0;0;0;0;0;0;0;0;0;1;0;0;0;0;0;0;0;0;3;0;1;0;3;1;0;0;0;0;PARANAGUÁ;REGIÃO LESTE;36;3
0.270758426966292;2017-01-31;19;23;26;29;799;33;8;19;24;682;33;0;33;916;36;259;5;4;4;5;4;4;5;0;0;0;0;1;0;0;0;0;0;0;0;0;0;0;0;0;0;1;0;0;0;0;0;0;0;0;0;0;0;0;0;0;0;0;0;0;0;0;0;0;0;1;0;0;0;0;0;0;0;0;3;0;1;0;3;1;31;0;0;0;PARANAGUÁ;REGIÃO LESTE;37;2
0.54938202247191;2017-02-28;20;23;26;28;726;33;5;20;23;613;33;0;33;839;26;141;4;4;4;4;4;4;4;0;0;0;1;0;0;0;0;0;0;0;0;0;0;0;0;0;0;1;0;0;0;0;0;0;0;0;0;0;0;0;0;0;0;0;0;0;0;0;0;0;0;1;0;0;0;0;0;0;0;0;3;0;1;0;3;1;0;2;0;0;PARANAGUÁ;REGIÃO LESTE;38;6
0.51935393258427;2017-03-31;17;20;24;28;733;33;5;17;25;632;33;0;33;834;34;153;4;5;5;4;5;4;4;0;0;0;0;0;0;0;0;1;0;0;0;0;0;0;0;0;0;1;0;0;0;0;0;0;0;0;0;0;0;0;0;0;0;0;0;0;0;0;0;0;0;1;0;0;0;0;0;0;0;0;3;0;1;0;3;1;0;1;0;0;PARANAGUÁ;REGIÃO LESTE;39;6
0.387921348314607;2017-04-30;12;17;21;26;636;30;5;12;22;538;30;0;30;734;31;136;5;4;4;4;4;5;4;1;0;0;0;0;0;0;0;0;0;0;0;0;0;0;0;0;0;1;0;0;0;0;0;0;0;0;0;0;0;0;0;0;0;0;0;0;0;0;0;0;0;1;0;0;0;0;0;0;0;0;3;0;1;0;3;1;0;1;0;0;PARANAGUÁ;REGIÃO LESTE;40;4
0.346910112359551;2017-05-31;13;17;20;24;622;28;4;13;20;530;28;0;28;714;58;122;4;5;4;5;4;4;5;0;0;0;0;0;0;0;1;0;0;0;0;0;0;0;0;0;0;1;0;0;0;0;0;0;0;0;0;0;0;0;0;0;0;0;0;0;0;0;0;0;0;1;0;0;0;0;0;0;0;0;3;0;1;0;3;1;0;0;0;0;PARANAGUÁ;REGIÃO LESTE;41;3
0.239494382022472;2017-06-30;8;13;19;24;555;29;3;8;20;439;29;0;29;671;32;90;4;4;5;4;5;4;4;0;0;0;0;0;0;1;0;0;0;0;0;0;0;0;0;0;0;1;0;0;0;0;0;0;0;0;0;0;0;0;0;0;0;0;0;0;0;0;0;0;0;1;0;0;0;0;0;0;0;0;3;0;1;0;3;1;0;1;0;0;PARANAGUÁ;REGIÃO LESTE;42;2
0.162556179775281;2017-07-31;5;10;17;21;539;27;0;5;16;397;27;0;27;680;1;1;5;4;4;5;4;5;4;0;0;0;0;0;1;0;0;0;0;0;0;0;0;0;0;0;0;1;0;0;0;0;0;0;0;0;0;0;0;0;0;0;0;0;0;0;0;0;0;0;0;1;0;0;0;0;0;0;0;0;3;0;1;0;3;1;16;0;0;0;PARANAGUÁ;REGIÃO LESTE;43;1
0.248820224719101;2017-08-31;10;14;18;23;566;30;4;10;17;452;30;0;30;680;35;136;4;5;5;4;4;4;5;0;1;0;0;0;0;0;0;0;0;0;0;0;0;0;0;0;0;1;0;0;0;0;0;0;0;0;0;0;0;0;0;0;0;0;0;0;0;0;0;0;0;1;0;0;0;0;0;0;0;0;3;0;1;0;3;2;0;0;0;0;PARANAGUÁ;REGIÃO LESTE;44;2
0.355224719101124;2017-09-30;14;18;21;25;643;31;1;14;20;519;31;0;31;768;25;27;4;4;4;4;5;5;4;0;0;0;0;0;0;0;0;0;0;0;1;0;0;0;0;0;0;1;0;0;0;0;0;0;0;0;0;0;0;0;0;0;0;0;0;0;0;0;0;0;0;1;0;0;0;0;0;0;0;0;3;0;1;0;3;2;0;0;0;0;PARANAGUÁ;REGIÃO LESTE;45;3
0.358595505617978;2017-10-31;12;18;21;26;660;33;9;12;20;537;33;0;33;783;65;270;5;4;4;5;4;4;5;0;0;0;0;0;0;0;0;0;0;1;0;0;0;0;0;0;0;1;0;0;0;0;0;0;0;0;0;0;0;0;0;0;0;0;0;0;0;0;0;0;0;1;0;0;0;0;0;0;0;0;3;0;1;0;3;2;0;0;0;0;PARANAGUÁ;REGIÃO LESTE;46;3
0.36691011235955;2017-11-30;15;18;22;26;647;33;2;15;20;530;33;0;33;764;18;72;4;5;5;4;4;4;4;0;0;0;0;0;0;0;0;0;1;0;0;0;0;0;0;0;0;1;0;0;0;0;0;0;0;0;0;0;0;0;0;0;0;0;0;0;0;0;0;0;0;1;0;0;0;0;0;0;0;0;3;0;1;0;3;2;0;0;0;0;PARANAGUÁ;REGIÃO LESTE;47;4
0.337359550561798;2017-12-31;18;20;24;27;739;33;6;18;24;630;33;0;33;847;38;180;5;4;4;4;5;5;4;0;0;1;0;0;0;0;0;0;0;0;0;0;0;0;0;0;0;1;0;0;0;0;0;0;0;0;0;0;0;0;0;0;0;0;0;0;0;0;0;0;0;1;0;0;0;0;0;0;0;0;3;0;1;0;3;2;0;0;0;0;PARANAGUÁ;REGIÃO LESTE;48;3
0.271095505617978;2018-01-31;19;21;25;28;765;34;9;19;23;651;34;0;34;880;41;283;4;5;4;5;4;4;5;0;0;0;0;1;0;0;0;0;0;0;0;0;0;0;0;0;0;0;1;0;0;0;0;0;0;0;0;0;0;0;0;0;0;0;0;0;0;0;0;0;0;1;0;0;0;0;0;0;0;0;3;0;1;0;3;2;31;0;0;0;PARANAGUÁ;REGIÃO LESTE;49;2
0.486011235955056;2018-02-28;18;20;24;28;665;31;2;18;24;559;31;0;31;770;13;44;4;4;4;4;4;4;4;0;0;0;1;0;0;0;0;0;0;0;0;0;0;0;0;0;0;0;1;0;0;0;0;0;0;0;0;0;0;0;0;0;0;0;0;0;0;0;0;0;0;1;0;0;0;0;0;0;0;0;3;0;1;0;4;2;0;3;0;0;PARANAGUÁ;REGIÃO LESTE;50;5
0.69688202247191;2018-03-31;19;21;25;28;765;33;6;19;23;653;33;0;33;877;33;185;4;4;5;4;5;5;4;0;0;0;0;0;0;0;0;1;0;0;0;0;0;0;0;0;0;0;1;0;0;0;0;0;0;0;0;0;0;0;0;0;0;0;0;0;0;0;0;0;0;1;0;0;0;0;0;0;0;0;3;0;1;0;4;2;0;1;0;0;PARANAGUÁ;REGIÃO LESTE;51;8
0.621741573033708;2018-04-30;16;20;23;26;693;31;1;16;23;568;31;0;31;819;14;38;5;4;4;5;4;4;4;1;0;0;0;0;0;0;0;0;0;0;0;0;0;0;0;0;0;0;1;0;0;0;0;0;0;0;0;0;0;0;0;0;0;0;0;0;0;0;0;0;0;1;0;0;0;0;0;0;0;0;3;0;1;0;4;2;0;0;0;0;PARANAGUÁ;REGIÃO LESTE;52;7
0.385421348314607;2018-05-31;9;16;20;24;632;29;2;9;21;516;29;0;29;748;38;50;4;5;5;4;4;4;5;0;0;0;0;0;0;0;1;0;0;0;0;0;0;0;0;0;0;0;1;0;0;0;0;0;0;0;0;0;0;0;0;0;0;0;0;0;0;0;0;0;0;1;0;0;0;0;0;0;0;0;3;0;1;0;4;2;0;1;0;0;PARANAGUÁ;REGIÃO LESTE;53;4
0.320842696629214;2018-06-30;7;12;18;24;531;29;5;7;22;429;29;0;29;633;30;150;4;4;4;4;5;5;4;0;0;0;0;0;0;1;0;0;0;0;0;0;0;0;0;0;0;0;1;0;0;0;0;0;0;0;0;0;0;0;0;0;0;0;0;0;0;0;0;0;0;1;0;0;0;0;0;0;0;0;3;0;1;0;4;2;0;0;0;0;PARANAGUÁ;REGIÃO LESTE;54;3
0.204494382022472;2018-07-31;7;13;18;22;562;29;1;7;17;427;29;0;29;696;25;27;5;4;4;5;4;4;5;0;0;0;0;0;1;0;0;0;0;0;0;0;0;0;0;0;0;0;1;0;0;0;0;0;0;0;0;0;0;0;0;0;0;0;0;0;0;0;0;0;0;1;0;0;0;0;0;0;0;0;3;0;1;0;4;2;16;0;0;0;PARANAGUÁ;REGIÃO LESTE;55;2
0.253960674157303;2018-08-31;8;13;17;21;526;27;2;8;16;410;27;0;27;642;36;60;4;5;5;4;5;4;4;0;1;0;0;0;0;0;0;0;0;0;0;0;0;0;0;0;0;0;1;0;0;0;0;0;0;0;0;0;0;0;0;0;0;0;0;0;0;0;0;0;0;1;0;0;0;0;0;0;0;0;3;0;1;0;4;2;0;0;0;0;PARANAGUÁ;REGIÃO LESTE;56;2
0.343651685393258;2018-09-30;10;16;20;23;599;29;2;10;20;496;29;0;29;702;10;48;5;4;4;4;4;5;4;0;0;0;0;0;0;0;0;0;0;0;1;0;0;0;0;0;0;0;1;0;0;0;0;0;0;0;0;0;0;0;0;0;0;0;0;0;0;0;0;0;0;1;0;0;0;0;0;0;0;0;3;0;1;0;4;2;0;0;0;0;PARANAGUÁ;REGIÃO LESTE;57;3
0.345421348314607;2018-10-31;15;16;20;26;632;31;6;15;20;539;31;0;31;724;22;172;4;5;4;5;4;4;5;0;0;0;0;0;0;0;0;0;0;1;0;0;0;0;0;0;0;0;1;0;0;0;0;0;0;0;0;0;0;0;0;0;0;0;0;0;0;0;0;0;0;1;0;0;0;0;0;0;0;0;3;0;1;0;4;2;0;0;0;0;PARANAGUÁ;REGIÃO LESTE;58;3
0.419269662921348;2018-11-30;16;19;22;27;669;33;2;16;22;567;33;0;33;771;12;45;4;4;5;4;5;4;4;0;0;0;0;0;0;0;0;0;1;0;0;0;0;0;0;0;0;0;1;0;0;0;0;0;0;0;0;0;0;0;0;0;0;0;0;0;0;0;0;0;0;1;0;0;0;0;0;0;0;0;3;0;1;0;4;2;0;0;0;0;PARANAGUÁ;REGIÃO LESTE;59;4
0.495084269662921;2018-12-31;15;19;25;29;781;35;6;15;24;646;35;0;35;917;54;194;5;4;4;5;4;5;4;0;0;1;0;0;0;0;0;0;0;0;0;0;0;0;0;0;0;0;1;0;0;0;0;0;0;0;0;0;0;0;0;0;0;0;0;0;0;0;0;0;0;1;0;0;0;0;0;0;0;0;3;0;1;0;4;2;0;0;0;0;PARANAGUÁ;REGIÃO LESTE;60;6
0.47373595505618;2019-01-31;21;24;27;31;852;37;9;21;26;714;37;0;37;990;62;284;4;5;5;4;4;4;5;0;0;0;0;1;0;0;0;0;0;0;0;0;0;0;0;0;0;0;0;1;0;0;0;0;0;0;0;0;0;0;0;0;0;0;0;0;0;0;0;0;0;1;0;0;0;0;0;0;0;0;3;0;1;0;4;2;31;0;0;0;PARANAGUÁ;REGIÃO LESTE;61;5
0.678595505617978;2019-02-28;18;20;25;30;691;36;6;18;25;586;36;0;36;795;51;181;4;4;4;4;4;4;4;0;0;0;1;0;0;0;0;0;0;0;0;0;0;0;0;0;0;0;0;1;0;0;0;0;0;0;0;0;0;0;0;0;0;0;0;0;0;0;0;0;0;1;0;0;0;0;0;0;0;0;3;0;1;0;4;2;0;0;0;0;PARANAGUÁ;REGIÃO LESTE;62;8
0.841320224719101;2019-03-31;17;20;24;28;744;32;3;17;23;638;32;0;32;850;16;80;5;4;4;4;5;5;4;0;0;0;0;0;0;0;0;1;0;0;0;0;0;0;0;0;0;0;0;1;0;0;0;0;0;0;0;0;0;0;0;0;0;0;0;0;0;0;0;0;0;1;0;0;0;0;0;0;0;0;3;0;1;0;4;2;0;3;0;0;PARANAGUÁ;REGIÃO LESTE;63;9
0.769775280898876;2019-04-30;17;20;23;29;701;33;3;17;24;594;33;0;33;808;33;85;4;4;4;5;4;4;5;1;0;0;0;0;0;0;0;0;0;0;0;0;0;0;0;0;0;0;0;1;0;0;0;0;0;0;0;0;0;0;0;0;0;0;0;0;0;0;0;0;0;1;0;0;0;0;0;0;0;0;3;0;1;0;4;2;0;1;0;0;PARANAGUÁ;REGIÃO LESTE;64;8
0.570112359550562;2019-05-31;13;18;21;26;654;30;8;13;22;566;30;0;30;742;60;246;4;5;5;4;5;4;4;0;0;0;0;0;0;0;1;0;0;0;0;0;0;0;0;0;0;0;0;1;0;0;0;0;0;0;0;0;0;0;0;0;0;0;0;0;0;0;0;0;0;1;0;0;0;0;0;0;0;0;3;0;1;0;4;2;0;0;0;0;PARANAGUÁ;REGIÃO LESTE;65;7
0.416067415730337;2019-06-30;12;16;20;24;598;31;3;12;18;469;31;0;31;728;33;91;5;4;4;4;4;5;4;0;0;0;0;0;0;1;0;0;0;0;0;0;0;0;0;0;0;0;0;1;0;0;0;0;0;0;0;0;0;0;0;0;0;0;0;0;0;0;0;0;0;1;0;0;0;0;0;0;0;0;3;0;1;0;4;2;0;1;0;0;PARANAGUÁ;REGIÃO LESTE;66;4
0.237387640449438;2019-07-31;4;10;17;23;541;28;1;4;18;400;28;0;28;682;10;23;4;5;4;5;4;4;5;0;0;0;0;0;1;0;0;0;0;0;0;0;0;0;0;0;0;0;0;1;0;0;0;0;0;0;0;0;0;0;0;0;0;0;0;0;0;0;0;0;0;1;0;0;0;0;0;0;0;0;3;0;1;0;4;2;16;0;0;0;PARANAGUÁ;REGIÃO LESTE;67;2
0.341404494382022;2019-08-31;8;11;17;23;540;31;1;8;17;420;31;0;31;661;11;21;4;4;5;4;5;5;4;0;1;0;0;0;0;0;0;0;0;0;0;0;0;0;0;0;0;0;0;1;0;0;0;0;0;0;0;0;0;0;0;0;0;0;0;0;0;0;0;0;0;1;0;0;0;0;0;0;0;0;3;0;1;0;4;2;0;0;0;0;PARANAGUÁ;REGIÃO LESTE;68;3
0.396292134831461;2019-09-30;11;12;19;25;561;31;4;11;18;458;31;0;31;665;47;127;5;4;4;5;4;4;4;0;0;0;0;0;0;0;0;0;0;0;1;0;0;0;0;0;0;0;0;1;0;0;0;0;0;0;0;0;0;0;0;0;0;0;0;0;0;0;0;0;0;1;0;0;0;0;0;0;0;0;3;0;1;0;4;2;0;0;0;0;PARANAGUÁ;REGIÃO LESTE;69;4
0.516179775280899;2019-10-31;16;18;22;26;690;32;3;16;21;561;32;0;32;819;28;91;4;5;5;4;4;4;5;0;0;0;0;0;0;0;0;0;0;1;0;0;0;0;0;0;0;0;0;1;0;0;0;0;0;0;0;0;0;0;0;0;0;0;0;0;0;0;0;0;0;1;0;0;0;0;0;0;0;0;3;0;1;0;4;2;0;0;0;0;PARANAGUÁ;REGIÃO LESTE;70;6
0.606516853932584;2019-11-30;16;17;22;27;672;32;3;16;23;578;32;0;32;765;42;91;4;4;4;4;5;5;4;0;0;0;0;0;0;0;0;0;1;0;0;0;0;0;0;0;0;0;0;1;0;0;0;0;0;0;0;0;0;0;0;0;0;0;0;0;0;0;0;0;0;1;0;0;0;0;0;0;0;0;3;0;1;0;4;2;0;0;0;0;PARANAGUÁ;REGIÃO LESTE;71;7
0.412443820224719;2019-12-31;17;19;24;27;730;32;2;17;26;624;32;0;32;836;16;70;5;4;4;5;4;4;5;0;0;1;0;0;0;0;0;0;0;0;0;0;0;0;0;0;0;0;0;1;0;0;0;0;0;0;0;0;0;0;0;0;0;0;0;0;0;0;0;0;0;1;0;0;0;0;0;0;0;0;3;0;1;0;4;2;0;0;0;0;PARANAGUÁ;REGIÃO LESTE;72;4
0.37435393258427;2020-01-31;17;19;24;28;759;33;4;17;24;647;33;0;33;871;31;136;4;5;5;4;5;4;4;0;0;0;0;1;0;0;0;0;0;0;0;0;0;0;0;0;0;0;0;0;1;0;0;0;0;0;0;0;0;0;0;0;0;0;0;0;0;0;0;0;0;1;0;0;0;0;0;0;0;0;3;0;1;0;4;2;31;0;0;0;PARANAGUÁ;REGIÃO LESTE;73;4
0.618932584269663;2020-02-29;15;20;24;28;683;32;3;15;25;592;32;0;32;774;23;73;4;4;4;4;4;5;4;0;0;0;1;0;0;0;0;0;0;0;0;0;0;0;0;0;0;0;0;0;1;0;0;0;0;0;0;0;0;0;0;0;0;0;0;0;0;0;0;0;0;1;0;0;0;0;0;0;0;0;3;0;1;0;4;2;0;3;0;0;PARANAGUÁ;REGIÃO LESTE;74;7
0.56685393258427;2020-03-31;17;20;23;28;724;33;1;17;26;599;33;0;33;849;15;31;5;4;4;5;4;4;5;0;0;0;0;0;0;0;0;1;0;0;0;0;0;0;0;0;0;0;0;0;1;0;0;0;0;0;0;0;0;0;0;0;0;0;0;0;0;0;0;0;0;1;0;0;0;0;0;0;0;0;3;0;1;0;4;2;0;0;15;0;PARANAGUÁ;REGIÃO LESTE;75;7
0.111685393258427;2020-04-30;12;19;21;26;643;30;1;12;22;516;30;0;30;770;24;39;4;5;5;4;4;4;4;1;0;0;0;0;0;0;0;0;0;0;0;0;0;0;0;0;0;0;0;0;1;0;0;0;0;0;0;0;0;0;0;0;0;0;0;0;0;0;0;0;0;1;0;0;0;0;0;0;0;0;3;0;1;0;4;2;0;1;30;0;PARANAGUÁ;REGIÃO LESTE;76;1
0.040252808988764;2020-05-31;6;14;18;23;570;27;2;6;20;425;27;0;27;715;29;59;5;4;4;4;5;5;4;0;0;0;0;0;0;0;1;0;0;0;0;0;0;0;0;0;0;0;0;0;1;0;0;0;0;0;0;0;0;0;0;0;0;0;0;0;0;0;0;0;0;1;0;0;0;0;0;0;0;0;3;0;1;0;4;2;0;0;31;0;PARANAGUÁ;REGIÃO LESTE;77;0
0.02814606741573;2020-06-30;10;12;19;24;571;30;7;10;21;468;30;0;30;675;57;209;4;4;4;5;4;4;5;0;0;0;0;0;0;1;0;0;0;0;0;0;0;0;0;0;0;0;0;0;1;0;0;0;0;0;0;0;0;0;0;0;0;0;0;0;0;0;0;0;0;1;0;0;0;0;0;0;0;0;3;0;1;0;4;2;0;1;30;0;PARANAGUÁ;REGIÃO LESTE;78;0
0.037780898876405;2020-07-31;5;11;17;22;533;27;1;5;19;408;27;0;27;657;11;22;4;5;5;4;5;4;4;0;0;0;0;0;1;0;0;0;0;0;0;0;0;0;0;0;0;0;0;0;1;0;0;0;0;0;0;0;0;0;0;0;0;0;0;0;0;0;0;0;0;1;0;0;0;0;0;0;0;0;3;0;1;0;4;2;0;0;31;0;PARANAGUÁ;REGIÃO LESTE;79;0
0.029073033707865;2020-08-31;5;7;17;23;539;31;7;5;17;410;31;0;31;667;46;226;5;4;4;5;4;5;4;0;1;0;0;0;0;0;0;0;0;0;0;0;0;0;0;0;0;0;0;0;1;0;0;0;0;0;0;0;0;0;0;0;0;0;0;0;0;0;0;0;0;1;0;0;0;0;0;0;0;0;3;0;1;0;4;2;0;0;31;0;PARANAGUÁ;REGIÃO LESTE;80;0
0.059831460674157;2020-09-30;11;12;20;25;611;33;1;11;19;481;33;0;33;740;18;41;4;5;4;4;4;4;5;0;0;0;0;0;0;0;0;0;0;0;1;0;0;0;0;0;0;0;0;0;1;0;0;0;0;0;0;0;0;0;0;0;0;0;0;0;0;0;0;0;0;1;0;0;0;0;0;0;0;0;3;0;1;0;4;2;0;0;30;0;PARANAGUÁ;REGIÃO LESTE;81;0
0.063904494382022;2020-10-31;12;15;21;28;647;35;2;12;20;527;35;0;35;766;24;67;4;4;5;4;5;5;4;0;0;0;0;0;0;0;0;0;0;1;0;0;0;0;0;0;0;0;0;0;1;0;0;0;0;0;0;0;0;0;0;0;0;0;0;0;0;0;0;0;0;1;0;0;0;0;0;0;0;0;3;0;1;0;4;2;0;0;31;0;PARANAGUÁ;REGIÃO LESTE;82;0
0.083426966292135;2020-11-30;11;15;21;27;632;33;5;11;21;518;33;0;33;746;56;161;5;4;4;5;4;4;4;0;0;0;0;0;0;0;0;0;1;0;0;0;0;0;0;0;0;0;0;0;1;0;0;0;0;0;0;0;0;0;0;0;0;0;0;0;0;0;0;0;0;1;0;0;0;0;0;0;0;0;3;0;1;0;4;2;0;0;30;0;PARANAGUÁ;REGIÃO LESTE;83;1
0.137050561797753;2020-12-31;18;18;24;27;737;32;5;18;24;628;32;0;32;845;26;140;4;5;5;4;4;4;5;0;0;1;0;0;0;0;0;0;0;0;0;0;0;0;0;0;0;0;0;0;1;0;0;0;0;0;0;0;0;0;0;0;0;0;0;0;0;0;0;0;0;1;0;0;0;0;0;0;0;0;3;0;1;0;4;2;0;0;31;0;PARANAGUÁ;REGIÃO LESTE;84;1
0.198005617977528;2021-01-31;17;20;24;28;759;32;7;17;24;668;32;0;32;851;38;230;5;4;4;4;5;5;4;0;0;0;0;1;0;0;0;0;0;0;0;1;0;0;0;0;0;0;0;0;0;0;0;0;0;0;0;0;0;0;0;0;0;0;0;0;0;0;0;0;0;1;0;0;0;0;0;0;0;0;3;0;1;0;4;2;0;0;31;0;PARANAGUÁ;REGIÃO LESTE;85;2
0.146797752808989;2021-02-28;16;21;24;28;676;33;5;16;26;567;33;0;33;785;45;152;4;4;4;4;4;4;4;0;0;0;1;0;0;0;0;0;0;0;0;1;0;0;0;0;0;0;0;0;0;0;0;0;0;0;0;0;0;0;0;0;0;0;0;0;0;0;0;0;0;1;0;0;0;0;0;0;0;0;3;0;1;0;4;2;0;3;28;0;PARANAGUÁ;REGIÃO LESTE;86;1
0.149241573033708;2021-03-31;17;21;24;27;756;32;9;17;23;644;32;0;32;868;31;281;4;5;4;5;4;4;5;0;0;0;0;0;0;0;0;1;0;0;0;1;0;0;0;0;0;0;0;0;0;0;0;0;0;0;0;0;0;0;0;0;0;0;0;0;0;0;0;0;0;1;0;0;0;0;0;0;0;0;3;0;1;0;4;2;0;0;31;0;PARANAGUÁ;REGIÃO LESTE;87;1
0.041292134831461;2021-04-30;14;19;21;24;626;29;1;14;19;521;29;0;29;731;10;22;4;4;5;4;5;4;4;1;0;0;0;0;0;0;0;0;0;0;0;1;0;0;0;0;0;0;0;0;0;0;0;0;0;0;0;0;0;0;0;0;0;0;0;0;0;0;0;0;0;1;0;0;0;0;0;0;0;0;3;0;1;0;4;2;0;1;30;0;PARANAGUÁ;REGIÃO LESTE;88;0
0.032556179775281;2021-05-31;8;15;19;23;581;28;5;8;19;462;28;0;28;700;47;151;5;4;4;5;4;5;4;0;0;0;0;0;0;0;1;0;0;0;0;1;0;0;0;0;0;0;0;0;0;0;0;0;0;0;0;0;0;0;0;0;0;0;0;0;0;0;0;0;0;1;0;0;0;0;0;0;0;0;3;0;1;0;4;2;0;0;31;0;PARANAGUÁ;REGIÃO LESTE;89;0
0.0;2021-06-30;5;10;17;22;521;26;5;5;18;424;26;0;26;618;50;160;4;5;4;4;4;4;5;0;0;0;0;0;0;1;0;0;0;0;0;1;0;0;0;0;0;0;0;0;0;0;0;0;0;0;0;0;0;0;0;0;0;0;0;0;0;0;0;0;0;1;0;0;0;0;0;0;0;0;3;0;1;0;4;2;0;1;30;0;PARANAGUÁ;REGIÃO LESTE;90;0
0.031685393258427;2021-07-31;3;9;15;21;470;27;1;3;15;318;27;0;27;623;29;37;4;4;5;4;5;5;4;0;0;0;0;0;1;0;0;0;0;0;0;1;0;0;0;0;0;0;0;0;0;0;0;0;0;0;0;0;0;0;0;0;0;0;0;0;0;0;0;0;0;1;0;0;0;0;0;0;0;0;3;0;1;0;4;2;0;0;31;0;PARANAGUÁ;REGIÃO LESTE;91;0
0.060421348314607;2021-08-31;10;12;18;23;550;30;4;10;22;438;30;0;30;661;35;129;5;4;4;5;4;4;5;0;1;0;0;0;0;0;0;0;0;0;0;1;0;0;0;0;0;0;0;0;0;0;0;0;0;0;0;0;0;0;0;0;0;0;0;0;0;0;0;0;0;1;0;0;0;0;0;0;0;0;3;0;1;0;4;2;0;0;31;0;PARANAGUÁ;REGIÃO LESTE;92;0
0.107865168539326;2021-09-30;12;13;20;26;591;31;3;12;22;476;31;0;31;706;18;84;4;5;5;4;4;4;4;0;0;0;0;0;0;0;0;0;0;0;1;1;0;0;0;0;0;0;0;0;0;0;0;0;0;0;0;0;0;0;0;0;0;0;0;0;0;0;0;0;0;1;0;0;0;0;0;0;0;0;3;0;1;0;4;2;0;0;30;0;PARANAGUÁ;REGIÃO LESTE;93;1
0.096994382022472;2021-10-31;12;15;18;22;569;26;7;12;19;499;26;0;26;639;54;216;5;4;4;4;5;5;4;0;0;0;0;0;0;0;0;0;0;1;0;1;0;0;0;0;0;0;0;0;0;0;0;0;0;0;0;0;0;0;0;0;0;0;0;0;0;0;0;0;0;1;0;0;0;0;0;0;0;0;3;0;1;0;4;2;0;0;0;0;PARANAGUÁ;REGIÃO LESTE;94;1
0.203932584269663;2021-11-30;13;16;21;26;622;31;3;13;22;522;31;0;31;723;65;93;4;4;4;5;4;4;5;0;0;0;0;0;0;0;0;0;1;0;0;1;0;0;0;0;0;0;0;0;0;0;0;0;0;0;0;0;0;0;0;0;0;0;0;0;0;0;0;0;0;1;0;0;0;0;0;0;0;0;3;0;1;0;4;2;0;0;0;0;PARANAGUÁ;REGIÃO LESTE;95;2
0.213679775280899;2021-12-31;14;18;23;27;702;32;6;14;23;584;32;0;32;820;44;176;4;5;5;4;5;4;4;0;0;1;0;0;0;0;0;0;0;0;0;1;0;0;0;0;0;0;0;0;0;0;0;0;0;0;0;0;0;0;0;0;0;0;0;0;0;0;0;0;0;1;0;0;0;0;0;0;0;0;3;0;1;0;4;2;0;0;0;0;PARANAGUÁ;REGIÃO LESTE;96;2
0.339073033707865;2022-01-31;17;19;25;29;767;34;6;17;25;647;34;0;34;887;55;200;5;4;4;5;4;5;4;0;0;0;0;1;0;0;0;0;0;0;0;0;1;0;0;0;0;0;0;0;0;0;0;0;0;0;0;0;0;0;0;0;0;0;0;0;0;0;0;0;0;1;0;0;0;0;0;0;0;0;3;0;1;0;4;2;31;0;0;0;PARANAGUÁ;REGIÃO LESTE;97;3
0.790168539325843;2022-02-28;15;21;25;28;699;33;3;15;24;577;33;0;33;821;33;74;4;4;4;4;4;4;4;0;0;0;1;0;0;0;0;0;0;0;0;0;1;0;0;0;0;0;0;0;0;0;0;0;0;0;0;0;0;0;0;0;0;0;0;0;0;0;0;0;0;1;0;0;0;0;0;0;0;0;3;0;1;0;4;2;0;1;0;0;PARANAGUÁ;REGIÃO LESTE;98;9
0.930337078651686;2022-03-31;17;18;24;29;758;34;5;17;24;654;34;0;34;862;35;166;4;5;5;4;4;4;5;0;0;0;0;0;0;0;0;1;0;0;0;0;1;0;0;0;0;0;0;0;0;0;0;0;0;0;0;0;0;0;0;0;0;0;0;0;0;0;0;0;0;1;0;0;0;0;0;0;0;0;3;0;1;0;4;2;0;1;0;0;PARANAGUÁ;REGIÃO LESTE;99;9
0.435674157303371;2022-04-30;11;16;21;25;624;31;6;11;21;520;31;0;31;728;56;188;4;4;4;4;5;5;4;1;0;0;0;0;0;0;0;0;0;0;0;0;1;0;0;0;0;0;0;0;0;0;0;0;0;0;0;0;0;0;0;0;0;0;0;0;0;0;0;0;0;1;0;0;0;0;0;0;0;0;3;0;1;0;4;2;0;1;0;0;PARANAGUÁ;REGIÃO LESTE;100;5
0.287696629213483;2022-05-31;6;12;18;23;551;27;4;6;20;439;27;0;27;662;51;128;5;4;4;5;4;4;5;0;0;0;0;0;0;0;1;0;0;0;0;0;1;0;0;0;0;0;0;0;0;0;0;0;0;0;0;0;0;0;0;0;0;0;0;0;0;0;0;0;0;1;0;0;0;0;0;0;0;0;3;0;1;0;4;2;0;0;0;0;PARANAGUÁ;REGIÃO LESTE;101;2
0.305056179775281;2022-06-30;5;11;17;24;519;28;4;5;20;420;28;0;28;617;44;128;4;5;5;4;4;4;4;0;0;0;0;0;0;1;0;0;0;0;0;0;1;0;0;0;0;0;0;0;0;0;0;0;0;0;0;0;0;0;0;0;0;0;0;0;0;0;0;0;0;1;0;0;0;0;0;0;0;0;3;0;1;0;4;2;0;1;0;0;PARANAGUÁ;REGIÃO LESTE;102;3
0.361713483146067;2022-07-31;7;13;19;22;578;27;1;7;19;437;27;0;27;719;16;32;5;4;4;4;5;5;4;0;0;0;0;0;1;0;0;0;0;0;0;0;1;0;0;0;0;0;0;0;0;0;0;0;0;0;0;0;0;0;0;0;0;0;0;0;0;0;0;0;0;1;0;0;0;0;0;0;0;0;3;0;1;0;4;2;0;0;0;0;PARANAGUÁ;REGIÃO LESTE;103;4
0.349522471910112;2022-08-31;5;8;16;21;510;27;5;5;20;413;27;0;27;607;50;142;4;5;4;5;4;4;5;0;1;0;0;0;0;0;0;0;0;0;0;0;1;0;0;0;0;0;0;0;0;0;0;0;0;0;0;0;0;0;0;0;0;0;0;0;0;0;0;0;0;1;0;0;0;0;0;0;0;0;3;0;1;0;4;2;0;0;0;0;PARANAGUÁ;REGIÃO LESTE;104;3
0.337921348314607;2022-09-30;8;11;16;24;471;30;8;8;22;396;30;0;30;546;48;243;4;4;5;4;5;4;4;0;0;0;0;0;0;0;0;0;0;0;1;0;1;0;0;0;0;0;0;0;0;0;0;0;0;0;0;0;0;0;0;0;0;0;0;0;0;0;0;0;0;1;0;0;0;0;0;0;0;0;3;0;1;0;4;2;0;0;0;0;PARANAGUÁ;REGIÃO LESTE;105;3
0.436601123595506;2022-10-31;10;14;20;25;618;30;6;10;21;511;30;0;30;726;44;192;5;4;4;5;4;5;4;0;0;0;0;0;0;0;0;0;0;1;0;0;1;0;0;0;0;0;0;0;0;0;0;0;0;0;0;0;0;0;0;0;0;0;0;0;0;0;0;0;0;1;0;0;0;0;0;0;0;0;3;0;1;0;4;2;0;0;0;0;PARANAGUÁ;REGIÃO LESTE;106;5
0.512359550561798;2022-11-30;10;11;19;23;560;27;5;10;20;460;27;0;27;661;31;137;4;5;4;4;4;4;5;0;0;0;0;0;0;0;0;0;1;0;0;0;1;0;0;0;0;0;0;0;0;0;0;0;0;0;0;0;0;0;0;0;0;0;0;0;0;0;0;0;0;1;0;0;0;0;0;0;0;0;3;0;1;0;4;2;0;0;0;0;PARANAGUÁ;REGIÃO LESTE;107;6
0.664747191011236;2022-12-31;16;18;23;27;701;32;3;16;23;598;32;0;32;803;20;103;4;4;5;4;5;5;4;0;0;1;0;0;0;0;0;0;0;0;0;0;1;0;0;0;0;0;0;0;0;0;0;0;0;0;0;0;0;0;0;0;0;0;0;0;0;0;0;0;0;1;0;0;0;0;0;0;0;0;3;0;1;0;4;2;0;0;0;0;PARANAGUÁ;REGIÃO LESTE;108;8
0.480140449438202;2023-01-31;15;19;24;26;746;32;10;15;23;624;32;0;32;868;50;323;5;4;4;5;4;4;5;0;0;0;0;1;0;0;0;0;0;0;0;0;0;1;0;0;0;0;0;0;0;0;0;0;0;0;0;0;0;0;0;0;0;0;0;0;0;0;0;0;0;1;0;0;0;0;0;0;0;0;3;0;1;0;4;2;31;0;0;0;PARANAGUÁ;REGIÃO LESTE;109;5
0.896348314606742;2023-02-28;16;17;24;26;671;31;8;16;23;571;31;0;31;770;94;218;4;4;4;4;4;4;4;0;0;0;1;0;0;0;0;0;0;0;0;0;0;1;0;0;0;0;0;0;0;0;0;0;0;0;0;0;0;0;0;0;0;0;0;0;0;0;0;0;0;1;0;0;0;0;0;0;0;0;3;0;1;0;4;2;0;3;0;0;PARANAGUÁ;REGIÃO LESTE;110;9
1.0;2023-03-31;17;21;25;27;763;32;13;17;23;643;32;0;32;884;110;393;4;5;5;4;5;4;4;0;0;0;0;0;0;0;0;1;0;0;0;0;0;1;0;0;0;0;0;0;0;0;0;0;0;0;0;0;0;0;0;0;0;0;0;0;0;0;0;0;0;1;0;0;0;0;0;0;0;0;3;0;1;0;4;2;0;0;0;0;PARANAGUÁ;REGIÃO LESTE;111;9
0.605056179775281;2023-04-30;11;16;21;25;623;30;4;11;21;523;30;0;30;722;52;131;5;4;4;4;4;5;4;1;0;0;0;0;0;0;0;0;0;0;0;0;0;1;0;0;0;0;0;0;0;0;0;0;0;0;0;0;0;0;0;0;0;0;0;0;0;0;0;0;0;1;0;0;0;0;0;0;0;0;3;0;1;0;4;2;0;1;0;0;PARANAGUÁ;REGIÃO LESTE;112;7
0.584634831460674;2023-05-31;10;15;20;25;610;28;2;10;22;487;28;0;28;734;24;64;4;5;4;5;4;4;5;0;0;0;0;0;0;0;1;0;0;0;0;0;0;1;0;0;0;0;0;0;0;0;0;0;0;0;0;0;0;0;0;0;0;0;0;0;0;0;0;0;0;1;0;0;0;0;0;0;0;0;3;0;1;0;4;2;0;0;0;0;PARANAGUÁ;REGIÃO LESTE;113;7
0.380056179775281;2023-06-30;9;13;18;23;538;28;3;9;19;412;28;0;28;664;28;92;4;4;5;4;5;4;4;0;0;0;0;0;0;1;0;0;0;0;0;0;0;1;0;0;0;0;0;0;0;0;0;0;0;0;0;0;0;0;0;0;0;0;0;0;0;0;0;0;0;1;0;0;0;0;0;0;0;0;3;0;1;0;4;2;0;1;0;0;PARANAGUÁ;REGIÃO LESTE;114;4
0.278988764044944;2023-07-31;6;11;17;22;527;26;4;6;19;432;26;0;26;622;60;137;5;4;4;5;4;5;4;0;0;0;0;0;1;0;0;0;0;0;0;0;0;1;0;0;0;0;0;0;0;0;0;0;0;0;0;0;0;0;0;0;0;0;0;0;0;0;0;0;0;1;0;0;0;0;0;0;0;0;3;0;1;0;4;2;15;0;0;0;PARANAGUÁ;REGIÃO LESTE;115;2
0.427893258426966;2023-08-31;8;11;18;26;555;30;5;8;23;442;30;0;30;668;50;158;4;5;5;4;4;4;5;0;1;0;0;0;0;0;0;0;0;0;0;0;0;1;0;0;0;0;0;0;0;0;0;0;0;0;0;0;0;0;0;0;0;0;0;0;0;0;0;0;0;1;0;0;0;0;0;0;0;0;3;0;1;0;4;2;0;0;0;0;PARANAGUÁ;REGIÃO LESTE;116;5
0.589887640449438;2023-09-30;11;14;21;27;622;33;6;11;24;509;33;0;33;734;58;175;4;4;4;4;5;5;4;0;0;0;0;0;0;0;0;0;0;0;1;0;0;1;0;0;0;0;0;0;0;0;0;0;0;0;0;0;0;0;0;0;0;0;0;0;0;0;0;0;0;1;0;0;0;0;0;0;0;0;3;0;1;0;4;2;0;0;0;0;PARANAGUÁ;REGIÃO LESTE;117;7
0.473174157303371;2023-10-31;13;14;20;25;619;31;16;13;22;536;31;0;31;702;85;505;5;4;4;5;4;4;5;0;0;0;0;0;0;0;0;0;0;1;0;0;0;1;0;0;0;0;0;0;0;0;0;0;0;0;0;0;0;0;0;0;0;0;0;0;0;0;0;0;0;1;0;0;0;0;0;0;0;0;3;0;1;0;4;2;0;0;0;0;PARANAGUÁ;REGIÃO LESTE;118;5
0.707865168539326;2023-11-30;11;17;22;27;656;34;5;11;23;556;34;0;34;756;38;159;4;5;5;4;4;4;4;0;0;0;0;0;0;0;0;0;1;0;0;0;0;1;0;0;0;0;0;0;0;0;0;0;0;0;0;0;0;0;0;0;0;0;0;0;0;0;0;0;0;1;0;0;0;0;0;0;0;0;3;0;1;0;4;2;0;0;0;0;PARANAGUÁ;REGIÃO LESTE;119;8
0.713511235955056;2023-12-31;16;19;24;29;757;35;3;16;24;637;35;0;35;878;55;79;5;4;4;4;5;5;4;0;0;1;0;0;0;0;0;0;0;0;0;0;0;1;0;0;0;0;0;0;0;0;0;0;0;0;0;0;0;0;0;0;0;0;0;0;0;0;0;0;0;1;0;0;0;0;0;0;0;0;3;0;1;0;4;2;0;0;0;0;PARANAGUÁ;REGIÃO LESTE;120;8
0.584634831460674;2024-01-31;16;19;25;29;763;36;6;16;26;645;36;0;36;882;66;176;4;5;4;5;4;4;5;0;0;0;0;1;0;0;0;0;0;0;0;0;0;0;1;0;0;0;0;0;0;0;0;0;0;0;0;0;0;0;0;0;0;0;0;0;0;0;0;0;0;1;0;0;0;0;0;0;0;0;3;0;1;0;4;2;31;0;0;0;PARANAGUÁ;REGIÃO LESTE;121;7
0.930365168539326;2024-02-29;19;20;25;29;725;33;7;19;24;616;33;0;33;834;52;213;4;4;5;4;4;4;4;0;0;0;1;0;0;0;0;0;0;0;0;0;0;0;1;0;0;0;0;0;0;0;0;0;0;0;0;0;0;0;0;0;0;0;0;0;0;0;0;0;0;1;0;0;0;0;0;0;0;0;4;0;1;0;4;2;0;3;0;0;PARANAGUÁ;REGIÃO LESTE;122;9
0.7675;2024-03-31;17;19;25;30;773;35;3;17;26;664;35;0;35;882;60;83;5;4;4;4;5;5;4;0;0;0;0;0;0;0;0;1;0;0;0;0;0;0;1;0;0;0;0;0;0;0;0;0;0;0;0;0;0;0;0;0;0;0;0;0;0;0;0;0;0;1;0;0;0;0;0;0;0;0;4;0;1;0;4;2;0;1;0;0;PARANAGUÁ;REGIÃO LESTE;123;8
0.46938202247191;2024-04-30;12;18;23;28;702;33;4;12;24;595;33;0;33;810;70;113;4;4;4;5;4;4;5;1;0;0;0;0;0;0;0;0;0;0;0;0;0;0;1;0;0;0;0;0;0;0;0;0;0;0;0;0;0;0;0;0;0;0;0;0;0;0;0;0;0;1;0;0;0;0;0;0;0;0;4;0;1;0;4;2;0;0;0;0;PARANAGUÁ;REGIÃO LESTE;124;5
0.332977528089888;2024-05-31;7;14;21;26;649;31;1;7;22;541;31;0;31;757;17;37;4;5;5;4;5;4;4;0;0;0;0;0;0;0;1;0;0;0;0;0;0;0;1;0;0;0;0;0;0;0;0;0;0;0;0;0;0;0;0;0;0;0;0;0;0;0;0;0;0;1;0;0;0;0;0;0;0;0;4;0;1;0;4;2;0;1;0;30;PARANAGUÁ;REGIÃO LESTE;125;3
0.238483146067416;2024-06-30;7;12;20;23;611;29;1;7;19;472;29;0;29;749;17;37;5;4;4;4;4;5;4;0;0;0;0;0;0;1;0;0;0;0;0;0;0;0;1;0;0;0;0;0;0;0;0;0;0;0;0;0;0;0;0;0;0;0;0;0;0;0;0;0;0;1;0;0;0;0;0;0;0;0;4;0;1;0;4;2;0;0;0;30;PARANAGUÁ;REGIÃO LESTE;126;2
0.312078651685393;2024-07-31;7;12;16;20;504;27;2;7;17;388;27;0;27;621;19;52;4;5;4;5;4;4;5;0;0;0;0;0;1;0;0;0;0;0;0;0;0;0;1;0;0;0;0;0;0;0;0;0;0;0;0;0;0;0;0;0;0;0;0;0;0;0;0;0;0;1;0;0;0;0;0;0;0;0;4;0;1;0;4;2;12;0;0;0;PARANAGUÁ;REGIÃO LESTE;127;3
0.447050561797753;2024-08-31;4;9;18;24;558;31;2;4;19;390;31;0;31;726;28;47;4;4;5;4;5;5;4;0;1;0;0;0;0;0;0;0;0;0;0;0;0;0;1;0;0;0;0;0;0;0;0;0;0;0;0;0;0;0;0;0;0;0;0;0;0;0;0;0;0;1;0;0;0;0;0;0;0;0;4;0;1;0;4;2;0;0;0;0;PARANAGUÁ;REGIÃO LESTE;128;5
0.46685393258427;2024-09-30;12;13;21;25;628;33;1;12;20;480;33;0;33;776;13;45;5;4;4;5;4;4;4;0;0;0;0;0;0;0;0;0;0;0;1;0;0;0;1;0;0;0;0;0;0;0;0;0;0;0;0;0;0;0;0;0;0;0;0;0;0;0;0;0;0;1;0;0;0;0;0;0;0;0;4;0;1;0;4;2;0;0;0;0;PARANAGUÁ;REGIÃO LESTE;129;5
0.71873595505618;2024-10-31;13;14;21;26;638;33;3;13;21;543;33;0;33;733;29;108;4;5;5;4;4;4;5;0;0;0;0;0;0;0;0;0;0;1;0;0;0;0;1;0;0;0;0;0;0;0;0;0;0;0;0;0;0;0;0;0;0;0;0;0;0;0;0;0;0;1;0;0;0;0;0;0;0;0;4;0;1;0;4;2;0;0;0;0;PARANAGUÁ;REGIÃO LESTE;130;8
0.34912063599205;2014-02-28;22;27;27;27;743;31;5;22;22;606;31;5;31;879;5;131;4;4;4;4;4;4;4;0;0;0;1;0;0;0;0;0;0;0;0;0;0;0;0;0;0;0;0;0;0;1;0;0;0;0;0;0;0;0;0;0;0;0;0;0;0;0;0;0;0;0;1;0;0;0;0;0;0;0;3;2;0;0;2;0;0;0;0;0;PARANAVAÍ;REGIÃO NORTE;1;3
0.325158435519556;2014-03-31;21;26;26;26;814;31;4;21;21;666;31;4;31;962;4;114;5;4;4;5;4;5;4;0;0;0;0;0;0;0;0;1;0;0;0;0;0;0;0;0;0;0;0;0;0;1;0;0;0;0;0;0;0;0;0;0;0;0;0;0;0;0;0;0;0;0;1;0;0;0;0;0;0;0;3;2;0;0;2;0;0;3;0;0;PARANAVAÍ;REGIÃO NORTE;2;3
0.289721378482769;2014-04-30;19;24;24;24;732;30;4;19;19;579;30;4;30;885;4;112;4;5;4;4;4;4;5;1;0;0;0;0;0;0;0;0;0;0;0;0;0;0;0;0;0;0;0;0;0;1;0;0;0;0;0;0;0;0;0;0;0;0;0;0;0;0;0;0;0;0;1;0;0;0;0;0;0;0;3;2;0;0;2;0;0;1;0;0;PARANAVAÍ;REGIÃO NORTE;3;2
0.227359658004275;2014-05-31;17;21;21;21;658;26;3;17;17;516;26;3;26;800;3;92;4;4;5;4;5;5;4;0;0;0;0;0;0;0;1;0;0;0;0;0;0;0;0;0;0;0;0;0;0;1;0;0;0;0;0;0;0;0;0;0;0;0;0;0;0;0;0;0;0;0;1;0;0;0;0;0;0;0;3;2;0;0;2;0;0;0;0;0;PARANAVAÍ;REGIÃO NORTE;4;2
0.146248171897851;2014-06-30;16;20;20;20;608;25;2;16;16;468;25;2;25;749;2;72;5;4;4;5;4;4;4;0;0;0;0;0;0;1;0;0;0;0;0;0;0;0;0;0;0;0;0;0;0;1;0;0;0;0;0;0;0;0;0;0;0;0;0;0;0;0;0;0;0;0;1;0;0;0;0;0;0;0;3;2;0;0;2;0;0;1;0;0;PARANAVAÍ;REGIÃO NORTE;5;1
0.180860239247009;2014-07-31;15;20;20;20;622;25;2;15;15;453;25;2;25;790;2;76;4;5;5;4;4;4;5;0;0;0;0;0;1;0;0;0;0;0;0;0;0;0;0;0;0;0;0;0;0;1;0;0;0;0;0;0;0;0;0;0;0;0;0;0;0;0;0;0;0;0;1;0;0;0;0;0;0;0;3;2;0;0;2;0;19;0;0;0;PARANAVAÍ;REGIÃO NORTE;6;1
0.269846626917164;2014-08-31;16;22;22;22;667;27;5;16;16;498;27;5;27;836;5;147;5;4;4;4;5;5;4;0;1;0;0;0;0;0;0;0;0;0;0;0;0;0;0;0;0;0;0;0;0;1;0;0;0;0;0;0;0;0;0;0;0;0;0;0;0;0;0;0;0;0;1;0;0;0;0;0;0;0;3;2;0;0;2;0;0;0;0;0;PARANAVAÍ;REGIÃO NORTE;7;2
0.312821089736378;2014-09-30;18;24;24;24;725;30;5;18;18;550;30;5;30;901;5;135;4;4;4;5;4;4;5;0;0;0;0;0;0;0;0;0;0;0;1;0;0;0;0;0;0;0;0;0;0;1;0;0;0;0;0;0;0;0;0;0;0;0;0;0;0;0;0;0;0;0;1;0;0;0;0;0;0;0;3;2;0;0;2;0;0;0;0;0;PARANAVAÍ;REGIÃO NORTE;8;3
0.3484831439607;2014-10-31;20;25;25;25;786;30;7;20;20;628;30;7;30;944;7;232;4;5;5;4;5;4;4;0;0;0;0;0;0;0;0;0;0;1;0;0;0;0;0;0;0;0;0;0;0;1;0;0;0;0;0;0;0;0;0;0;0;0;0;0;0;0;0;0;0;0;1;0;0;0;0;0;0;0;3;2;0;0;2;0;0;0;0;0;PARANAVAÍ;REGIÃO NORTE;9;3
0.442831964600442;2014-11-30;21;26;26;26;773;31;4;21;21;618;31;4;31;929;4;116;5;4;4;4;4;5;4;0;0;0;0;0;0;0;0;0;1;0;0;0;0;0;0;0;0;0;0;0;0;1;0;0;0;0;0;0;0;0;0;0;0;0;0;0;0;0;0;0;0;0;1;0;0;0;0;0;0;0;3;2;0;0;2;0;0;0;0;0;PARANAVAÍ;REGIÃO NORTE;10;5
0.33535830802115;2014-12-31;21;26;26;26;817;31;5;21;21;666;31;5;31;968;5;143;4;5;4;5;4;4;5;0;0;1;0;0;0;0;0;0;0;0;0;0;0;0;0;0;0;0;0;0;0;1;0;0;0;0;0;0;0;0;0;0;0;0;0;0;0;0;0;0;0;0;1;0;0;0;0;0;0;0;3;2;0;0;2;0;0;0;0;0;PARANAVAÍ;REGIÃO NORTE;11;3
0.216597292533843;2015-01-31;21;26;28;31;867;37;4;21;25;709;37;0;37;1025;27;129;4;4;5;4;5;5;4;0;0;0;0;1;0;0;0;0;0;0;0;0;0;0;0;1;0;0;0;0;0;0;0;0;0;0;0;0;0;0;0;0;0;0;0;0;0;0;0;0;0;0;1;0;0;0;0;0;0;0;3;2;0;0;2;0;31;0;0;0;PARANAVAÍ;REGIÃO NORTE;12;2
0.325383432707091;2015-02-28;20;23;26;28;730;33;6;20;24;607;33;0;33;853;56;164;4;4;4;4;4;4;4;0;0;0;1;0;0;0;0;0;0;0;0;0;0;0;0;1;0;0;0;0;0;0;0;0;0;0;0;0;0;0;0;0;0;0;0;0;0;0;0;0;0;0;1;0;0;0;0;0;0;0;3;2;0;0;2;0;0;3;0;0;PARANAVAÍ;REGIÃO NORTE;13;3
0.582030224622192;2015-03-31;18;23;25;27;786;33;2;18;23;648;33;0;33;924;11;51;5;4;4;5;4;4;5;0;0;0;0;0;0;0;0;1;0;0;0;0;0;0;0;1;0;0;0;0;0;0;0;0;0;0;0;0;0;0;0;0;0;0;0;0;0;0;0;0;0;0;1;0;0;0;0;0;0;0;3;1;0;0;2;0;0;0;0;0;PARANAVAÍ;REGIÃO NORTE;14;7
0.452619342258222;2015-04-30;15;21;24;27;721;32;3;15;23;573;32;0;32;870;27;90;4;5;5;4;4;4;4;1;0;0;0;0;0;0;0;0;0;0;0;0;0;0;0;1;0;0;0;0;0;0;0;0;0;0;0;0;0;0;0;0;0;0;0;0;0;0;0;0;0;0;1;0;0;0;0;0;0;0;3;1;0;0;2;0;0;1;0;0;PARANAVAÍ;REGIÃO NORTE;15;5
0.394645066936663;2015-05-31;11;13;20;25;629;28;5;11;21;510;28;0;28;748;72;152;5;4;4;4;5;5;4;0;0;0;0;0;0;0;1;0;0;0;0;0;0;0;0;1;0;0;0;0;0;0;0;0;0;0;0;0;0;0;0;0;0;0;0;0;0;0;0;0;0;0;1;0;0;0;0;0;0;0;3;1;0;0;2;0;0;0;0;0;PARANAVAÍ;REGIÃO NORTE;16;4
0.32204597442532;2015-06-30;8;14;20;24;601;29;0;8;20;464;29;0;29;738;2;5;4;4;4;5;4;4;5;0;0;0;0;0;0;1;0;0;0;0;0;0;0;0;0;1;0;0;0;0;0;0;0;0;0;0;0;0;0;0;0;0;0;0;0;0;0;0;0;0;0;0;1;0;0;0;0;0;0;0;3;1;0;0;2;0;0;1;0;0;PARANAVAÍ;REGIÃO NORTE;17;3
0.269846626917164;2015-07-31;12;14;19;23;601;29;14;12;19;483;29;0;29;718;162;444;4;5;5;4;5;4;4;0;0;0;0;0;1;0;0;0;0;0;0;0;0;0;0;1;0;0;0;0;0;0;0;0;0;0;0;0;0;0;0;0;0;0;0;0;0;0;0;0;0;0;1;0;0;0;0;0;0;0;3;1;0;0;2;0;15;0;0;0;PARANAVAÍ;REGIÃO NORTE;18;2
0.363707953650579;2015-08-31;13;19;23;26;698;34;1;13;20;521;34;0;34;876;16;40;5;4;4;5;4;5;4;0;1;0;0;0;0;0;0;0;0;0;0;0;0;0;0;1;0;0;0;0;0;0;0;0;0;0;0;0;0;0;0;0;0;0;0;0;0;0;0;0;0;0;1;0;0;0;0;0;0;0;3;1;0;0;2;0;0;0;0;0;PARANAVAÍ;REGIÃO NORTE;19;4
0.44140698241272;2015-09-30;10;17;24;30;715;37;11;10;25;560;37;0;37;871;116;344;4;5;4;4;4;4;5;0;0;0;0;0;0;0;0;0;0;0;1;0;0;0;0;1;0;0;0;0;0;0;0;0;0;0;0;0;0;0;0;0;0;0;0;0;0;0;0;0;0;0;1;0;0;0;0;0;0;0;3;1;0;0;2;0;0;0;0;0;PARANAVAÍ;REGIÃO NORTE;20;5
0.566767915401057;2015-10-31;16;19;26;34;803;37;9;16;32;655;37;0;37;952;89;287;4;4;5;4;5;5;4;0;0;0;0;0;0;0;0;0;0;1;0;0;0;0;0;1;0;0;0;0;0;0;0;0;0;0;0;0;0;0;0;0;0;0;0;0;0;0;0;0;0;0;1;0;0;0;0;0;0;0;3;1;0;0;2;0;0;0;0;0;PARANAVAÍ;REGIÃO NORTE;21;7
0.529830877114036;2015-11-30;19;23;26;29;767;34;13;19;25;662;34;0;34;872;147;393;5;4;4;5;4;4;4;0;0;0;0;0;0;0;0;0;1;0;0;0;0;0;0;1;0;0;0;0;0;0;0;0;0;0;0;0;0;0;0;0;0;0;0;0;0;0;0;0;0;0;1;0;0;0;0;0;0;0;3;1;0;0;2;0;0;0;0;0;PARANAVAÍ;REGIÃO NORTE;22;6
0.408669891626355;2015-12-31;19;22;26;29;800;34;6;19;25;680;34;0;34;920;33;185;4;5;5;4;4;4;5;0;0;1;0;0;0;0;0;0;0;0;0;0;0;0;0;1;0;0;0;0;0;0;0;0;0;0;0;0;0;0;0;0;0;0;0;0;0;0;0;0;0;0;1;0;0;0;0;0;0;0;3;1;0;0;2;0;0;0;0;0;PARANAVAÍ;REGIÃO NORTE;23;4
0.242096973787828;2016-01-31;19;24;27;30;834;35;3;19;25;691;35;0;35;977;20;98;5;4;4;4;5;5;4;0;0;0;0;1;0;0;0;0;0;0;0;0;0;0;0;0;1;0;0;0;0;0;0;0;0;0;0;0;0;0;0;0;0;0;0;0;0;0;0;0;0;0;1;0;0;0;0;0;0;0;3;1;0;0;2;0;31;0;0;0;PARANAVAÍ;REGIÃO NORTE;24;2
0.444331945850677;2016-02-29;21;23;27;29;782;34;4;21;24;665;34;0;34;899;30;129;4;4;4;5;4;4;4;0;0;0;1;0;0;0;0;0;0;0;0;0;0;0;0;0;1;0;0;0;0;0;0;0;0;0;0;0;0;0;0;0;0;0;0;0;0;0;0;0;0;0;1;0;0;0;0;0;0;0;3;1;0;0;2;0;0;3;0;0;PARANAVAÍ;REGIÃO NORTE;25;5
0.7516781040237;2016-03-31;17;22;25;29;787;35;3;17;23;637;35;0;35;938;34;88;4;5;5;4;4;4;5;0;0;0;0;0;0;0;0;1;0;0;0;0;0;0;0;0;1;0;0;0;0;0;0;0;0;0;0;0;0;0;0;0;0;0;0;0;0;0;0;0;0;0;1;0;0;0;0;0;0;0;3;1;0;0;2;0;0;1;0;0;PARANAVAÍ;REGIÃO NORTE;26;8
0.727340908238647;2016-04-30;8;13;26;30;777;35;3;8;24;618;35;0;35;935;59;91;4;4;4;4;5;5;4;1;0;0;0;0;0;0;0;0;0;0;0;0;0;0;0;0;1;0;0;0;0;0;0;0;0;0;0;0;0;0;0;0;0;0;0;0;0;0;0;0;0;0;1;0;0;0;0;0;0;0;3;1;0;0;2;0;0;0;0;0;PARANAVAÍ;REGIÃO NORTE;27;8
0.370420369745378;2016-05-31;9;15;19;22;590;28;4;9;20;491;28;0;28;688;42;122;5;4;4;5;4;4;5;0;0;0;0;0;0;0;1;0;0;0;0;0;0;0;0;0;1;0;0;0;0;0;0;0;0;0;0;0;0;0;0;0;0;0;0;0;0;0;0;0;0;0;1;0;0;0;0;0;0;0;3;1;0;0;2;0;0;1;0;0;PARANAVAÍ;REGIÃO NORTE;28;4
0.3017587280159;2016-06-30;5;12;18;21;526;26;1;5;19;397;26;0;26;656;14;28;4;5;5;4;4;4;4;0;0;0;0;0;0;1;0;0;0;0;0;0;0;0;0;0;1;0;0;0;0;0;0;0;0;0;0;0;0;0;0;0;0;0;0;0;0;0;0;0;0;0;1;0;0;0;0;0;0;0;3;1;0;0;2;0;0;0;0;0;PARANAVAÍ;REGIÃO NORTE;29;3
0.298571267859152;2016-07-31;7;13;20;24;613;31;3;7;19;439;31;0;31;787;84;87;5;4;4;4;5;5;4;0;0;0;0;0;1;0;0;0;0;0;0;0;0;0;0;0;1;0;0;0;0;0;0;0;0;0;0;0;0;0;0;0;0;0;0;0;0;0;0;0;0;0;1;0;0;0;0;0;0;0;3;1;0;0;2;0;14;0;0;0;PARANAVAÍ;REGIÃO NORTE;30;3
0.39295758803015;2016-08-31;9;14;21;25;650;33;7;9;21;503;33;0;33;798;76;218;4;5;4;5;4;4;5;0;1;0;0;0;0;0;0;0;0;0;0;0;0;0;0;0;1;0;0;0;0;0;0;0;0;0;0;0;0;0;0;0;0;0;0;0;0;0;0;0;0;0;1;0;0;0;0;0;0;0;3;1;0;0;2;0;0;0;0;0;PARANAVAÍ;REGIÃO NORTE;31;4
0.400119998500019;2016-09-30;9;15;21;27;643;35;3;9;22;460;35;0;35;827;26;77;4;4;5;4;5;4;4;0;0;0;0;0;0;0;0;0;0;0;1;0;0;0;0;0;1;0;0;0;0;0;0;0;0;0;0;0;0;0;0;0;0;0;0;0;0;0;0;0;0;0;1;0;0;0;0;0;0;0;3;1;0;0;2;0;0;0;0;0;PARANAVAÍ;REGIÃO NORTE;32;4
0.539693253834327;2016-10-31;13;19;25;31;760;37;4;13;26;592;37;0;37;927;28;109;5;4;4;5;4;5;4;0;0;0;0;0;0;0;0;0;0;1;0;0;0;0;0;0;1;0;0;0;0;0;0;0;0;0;0;0;0;0;0;0;0;0;0;0;0;0;0;0;0;0;1;0;0;0;0;0;0;0;3;1;0;0;2;0;0;0;0;0;PARANAVAÍ;REGIÃO NORTE;33;6
0.630929613379833;2016-11-30;15;21;26;29;777;35;1;15;25;624;35;0;35;929;8;34;4;5;4;4;4;4;5;0;0;0;0;0;0;0;0;0;1;0;0;0;0;0;0;0;1;0;0;0;0;0;0;0;0;0;0;0;0;0;0;0;0;0;0;0;0;0;0;0;0;0;1;0;0;0;0;0;0;0;3;1;0;0;2;0;0;0;0;0;PARANAVAÍ;REGIÃO NORTE;34;8
0.515468556643042;2016-12-31;17;22;26;30;810;35;5;17;25;674;35;0;35;946;39;153;4;4;5;4;5;5;4;0;0;1;0;0;0;0;0;0;0;0;0;0;0;0;0;0;1;0;0;0;0;0;0;0;0;0;0;0;0;0;0;0;0;0;0;0;0;0;0;0;0;0;1;0;0;0;0;0;0;0;3;1;0;0;2;0;0;0;0;0;PARANAVAÍ;REGIÃO NORTE;35;6
0.399595005062437;2017-01-31;20;24;27;30;836;35;3;20;26;703;35;0;35;969;18;89;5;4;4;5;4;4;5;0;0;0;0;1;0;0;0;0;0;0;0;0;0;0;0;0;0;1;0;0;0;0;0;0;0;0;0;0;0;0;0;0;0;0;0;0;0;0;0;0;0;0;1;0;0;0;0;0;0;0;3;1;0;0;2;0;31;0;0;0;PARANAVAÍ;REGIÃO NORTE;36;4
0.694753815577305;2017-02-28;21;24;28;30;775;36;3;21;25;640;36;0;36;910;30;78;4;4;4;4;4;4;4;0;0;0;1;0;0;0;0;0;0;0;0;0;0;0;0;0;0;1;0;0;0;0;0;0;0;0;0;0;0;0;0;0;0;0;0;0;0;0;0;0;0;0;1;0;0;0;0;0;0;0;4;1;1;1;2;0;0;2;0;0;PARANAVAÍ;REGIÃO NORTE;37;8
0.846701916226047;2017-03-31;17;22;26;28;795;34;4;17;25;661;34;0;34;930;30;111;4;5;5;4;5;4;4;0;0;0;0;0;0;0;0;1;0;0;0;0;0;0;0;0;0;1;0;0;0;0;0;0;0;0;0;0;0;0;0;0;0;0;0;0;0;0;0;0;0;0;1;0;0;0;0;0;0;0;4;1;1;1;2;0;0;1;0;0;PARANAVAÍ;REGIÃO NORTE;38;9
0.670941613229835;2017-04-30;10;18;23;27;688;31;7;10;23;553;31;0;31;823;60;214;5;4;4;4;4;5;4;1;0;0;0;0;0;0;0;0;0;0;0;0;0;0;0;0;0;1;0;0;0;0;0;0;0;0;0;0;0;0;0;0;0;0;0;0;0;0;0;0;0;0;1;0;0;0;0;0;0;0;4;1;1;1;2;0;0;1;0;0;PARANAVAÍ;REGIÃO NORTE;39;8
0.410319871001612;2017-05-31;16;18;21;25;666;29;6;16;21;561;29;0;29;770;77;178;4;5;4;5;4;4;5;0;0;0;0;0;0;0;1;0;0;0;0;0;0;0;0;0;0;1;0;0;0;0;0;0;0;0;0;0;0;0;0;0;0;0;0;0;0;0;0;0;0;0;1;0;0;0;0;0;0;0;4;1;1;1;2;0;0;0;0;0;PARANAVAÍ;REGIÃO NORTE;40;4
0.27250909363633;2017-06-30;7;13;20;24;589;29;6;7;22;464;29;0;29;714;96;180;4;4;5;4;5;4;4;0;0;0;0;0;0;1;0;0;0;0;0;0;0;0;0;0;0;1;0;0;0;0;0;0;0;0;0;0;0;0;0;0;0;0;0;0;0;0;0;0;0;0;1;0;0;0;0;0;0;0;4;1;1;1;2;0;0;1;0;0;PARANAVAÍ;REGIÃO NORTE;41;2
0.200134998312521;2017-07-31;5;11;19;22;597;28;0;5;17;416;28;0;28;778;0;0;5;4;4;5;4;5;4;0;0;0;0;0;1;0;0;0;0;0;0;0;0;0;0;0;0;1;0;0;0;0;0;0;0;0;0;0;0;0;0;0;0;0;0;0;0;0;0;0;0;0;1;0;0;0;0;0;0;0;4;1;1;1;2;1;16;0;0;0;PARANAVAÍ;REGIÃO NORTE;42;2
0.399220009749878;2017-08-31;12;16;22;27;668;34;7;12;25;516;34;0;34;820;101;214;4;5;5;4;4;4;5;0;1;0;0;0;0;0;0;0;0;0;0;0;0;0;0;0;0;1;0;0;0;0;0;0;0;0;0;0;0;0;0;0;0;0;0;0;0;0;0;0;0;0;1;0;0;0;0;0;0;0;4;1;1;1;2;1;0;0;0;0;PARANAVAÍ;REGIÃO NORTE;43;4
0.545580680241497;2017-09-30;16;21;26;28;769;35;2;16;22;578;35;0;35;960;22;48;4;4;4;4;5;5;4;0;0;0;0;0;0;0;0;0;0;0;1;0;0;0;0;0;0;1;0;0;0;0;0;0;0;0;0;0;0;0;0;0;0;0;0;0;0;0;0;0;0;0;1;0;0;0;0;0;0;0;4;1;1;1;2;1;0;0;0;0;PARANAVAÍ;REGIÃO NORTE;44;6
0.456069299133761;2017-10-31;13;19;25;31;762;37;12;13;25;608;37;0;37;916;103;357;5;4;4;5;4;4;5;0;0;0;0;0;0;0;0;0;0;1;0;0;0;0;0;0;0;1;0;0;0;0;0;0;0;0;0;0;0;0;0;0;0;0;0;0;0;0;0;0;0;0;1;0;0;0;0;0;0;0;4;1;1;1;2;1;0;0;0;0;PARANAVAÍ;REGIÃO NORTE;45;5
0.467994150073124;2017-11-30;16;21;25;29;749;36;3;16;23;605;36;0;36;892;27;101;4;5;5;4;4;4;4;0;0;0;0;0;0;0;0;0;1;0;0;0;0;0;0;0;0;1;0;0;0;0;0;0;0;0;0;0;0;0;0;0;0;0;0;0;0;0;0;0;0;0;1;0;0;0;0;0;0;0;4;1;1;1;2;1;0;0;0;0;PARANAVAÍ;REGIÃO NORTE;46;5
0.444444444444444;2017-12-31;19;23;26;30;814;35;4;19;25;688;35;0;35;939;36;127;5;4;4;4;5;5;4;0;0;1;0;0;0;0;0;0;0;0;0;0;0;0;0;0;0;1;0;0;0;0;0;0;0;0;0;0;0;0;0;0;0;0;0;0;0;0;0;0;0;0;1;0;0;0;0;0;0;0;4;1;1;1;2;1;0;0;0;0;PARANAVAÍ;REGIÃO NORTE;47;5
0.17107286158923;2018-01-31;20;22;26;30;810;35;5;20;25;691;35;0;35;930;31;167;4;5;4;5;4;4;5;0;0;0;0;1;0;0;0;0;0;0;0;0;0;0;0;0;0;0;1;0;0;0;0;0;0;0;0;0;0;0;0;0;0;0;0;0;0;0;0;0;0;0;1;0;0;0;0;0;0;0;4;1;1;1;2;1;31;0;0;0;PARANAVAÍ;REGIÃO NORTE;48;1
0.468894138823265;2018-02-28;19;22;25;28;712;34;3;19;23;581;34;0;34;842;41;97;4;4;4;4;4;4;4;0;0;0;1;0;0;0;0;0;0;0;0;0;0;0;0;0;0;0;1;0;0;0;0;0;0;0;0;0;0;0;0;0;0;0;0;0;0;0;0;0;0;0;1;0;0;0;0;0;0;0;4;1;1;1;2;2;0;3;0;0;PARANAVAÍ;REGIÃO NORTE;49;5
0.972512843589455;2018-03-31;20;23;27;29;823;34;3;20;25;699;34;0;34;947;17;94;4;4;5;4;5;5;4;0;0;0;0;0;0;0;0;1;0;0;0;0;0;0;0;0;0;0;1;0;0;0;0;0;0;0;0;0;0;0;0;0;0;0;0;0;0;0;0;0;0;0;1;0;0;0;0;0;0;0;4;1;1;1;2;2;0;1;0;0;PARANAVAÍ;REGIÃO NORTE;50;9
0.695841301983725;2018-04-30;17;22;25;27;748;32;0;17;25;596;32;0;32;899;5;11;5;4;4;5;4;4;4;1;0;0;0;0;0;0;0;0;0;0;0;0;0;0;0;0;0;0;1;0;0;0;0;0;0;0;0;0;0;0;0;0;0;0;0;0;0;0;0;0;0;0;1;0;0;0;0;0;0;0;4;1;1;1;2;2;0;0;0;0;PARANAVAÍ;REGIÃO NORTE;51;8
0.573217834777065;2018-05-31;8;14;21;25;666;31;1;8;21;513;31;0;31;820;16;34;4;5;5;4;4;4;5;0;0;0;0;0;0;0;1;0;0;0;0;0;0;0;0;0;0;0;1;0;0;0;0;0;0;0;0;0;0;0;0;0;0;0;0;0;0;0;0;0;0;0;1;0;0;0;0;0;0;0;4;1;1;1;2;2;0;1;0;0;PARANAVAÍ;REGIÃO NORTE;52;7
0.288746390670117;2018-06-30;10;16;20;25;613;30;2;10;23;498;30;0;30;728;53;68;4;4;4;4;5;5;4;0;0;0;0;0;0;1;0;0;0;0;0;0;0;0;0;0;0;0;1;0;0;0;0;0;0;0;0;0;0;0;0;0;0;0;0;0;0;0;0;0;0;0;1;0;0;0;0;0;0;0;4;1;1;1;2;2;0;0;0;0;PARANAVAÍ;REGIÃO NORTE;53;2
0.333670829114636;2018-07-31;8;14;21;24;665;31;0;8;19;484;31;0;31;847;1;2;5;4;4;5;4;4;5;0;0;0;0;0;1;0;0;0;0;0;0;0;0;0;0;0;0;0;1;0;0;0;0;0;0;0;0;0;0;0;0;0;0;0;0;0;0;0;0;0;0;0;1;0;0;0;0;0;0;0;4;1;1;1;2;2;16;0;0;0;PARANAVAÍ;REGIÃO NORTE;54;3
0.307833652079349;2018-08-31;8;14;19;26;600;33;10;8;19;457;33;0;33;744;78;299;4;5;5;4;5;4;4;0;1;0;0;0;0;0;0;0;0;0;0;0;0;0;0;0;0;0;1;0;0;0;0;0;0;0;0;0;0;0;0;0;0;0;0;0;0;0;0;0;0;0;1;0;0;0;0;0;0;0;4;1;1;1;2;2;0;0;0;0;PARANAVAÍ;REGIÃO NORTE;55;3
0.416357295533806;2018-09-30;11;16;23;29;679;35;7;11;23;529;35;0;35;828;66;210;5;4;4;4;4;5;4;0;0;0;0;0;0;0;0;0;0;0;1;0;0;0;0;0;0;0;1;0;0;0;0;0;0;0;0;0;0;0;0;0;0;0;0;0;0;0;0;0;0;0;1;0;0;0;0;0;0;0;4;1;1;1;2;2;0;0;0;0;PARANAVAÍ;REGIÃO NORTE;56;4
0.647391907601155;2018-10-31;16;21;25;28;763;33;8;16;24;636;33;0;33;891;31;234;4;5;4;5;4;4;5;0;0;0;0;0;0;0;0;0;0;1;0;0;0;0;0;0;0;0;1;0;0;0;0;0;0;0;0;0;0;0;0;0;0;0;0;0;0;0;0;0;0;0;1;0;0;0;0;0;0;0;4;1;1;1;2;2;0;0;0;0;PARANAVAÍ;REGIÃO NORTE;57;8
0.636404544943188;2018-11-30;17;21;26;31;776;36;4;17;28;632;36;0;36;920;39;120;4;4;5;4;5;4;4;0;0;0;0;0;0;0;0;0;1;0;0;0;0;0;0;0;0;0;1;0;0;0;0;0;0;0;0;0;0;0;0;0;0;0;0;0;0;0;0;0;0;0;1;0;0;0;0;0;0;0;4;1;1;1;2;2;0;0;0;0;PARANAVAÍ;REGIÃO NORTE;58;8
0.577605279934001;2018-12-31;16;23;27;30;846;35;2;16;25;691;35;0;35;1001;22;58;5;4;4;5;4;5;4;0;0;1;0;0;0;0;0;0;0;0;0;0;0;0;0;0;0;0;1;0;0;0;0;0;0;0;0;0;0;0;0;0;0;0;0;0;0;0;0;0;0;0;1;0;0;0;0;0;0;0;4;1;1;1;2;2;0;0;0;0;PARANAVAÍ;REGIÃO NORTE;59;7
0.314133573330333;2019-01-31;22;26;29;32;895;37;3;22;28;759;37;0;37;1032;53;93;4;5;5;4;4;4;5;0;0;0;0;1;0;0;0;0;0;0;0;0;0;0;0;0;0;0;0;1;0;0;0;0;0;0;0;0;0;0;0;0;0;0;0;0;0;0;0;0;0;0;1;0;0;0;0;0;0;0;4;1;1;1;2;2;31;0;0;0;PARANAVAÍ;REGIÃO NORTE;60;3
0.61945475681554;2019-02-28;19;23;27;31;755;38;3;19;25;625;38;0;38;884;23;76;4;4;4;4;4;4;4;0;0;0;1;0;0;0;0;0;0;0;0;0;0;0;0;0;0;0;0;1;0;0;0;0;0;0;0;0;0;0;0;0;0;0;0;0;0;0;0;0;0;0;1;0;0;0;0;0;0;0;4;1;2;2;2;3;0;0;0;0;PARANAVAÍ;REGIÃO NORTE;61;7
0.786027674654067;2019-03-31;18;23;26;28;805;33;4;18;24;670;33;0;33;940;24;138;5;4;4;4;5;5;4;0;0;0;0;0;0;0;0;1;0;0;0;0;0;0;0;0;0;0;0;1;0;0;0;0;0;0;0;0;0;0;0;0;0;0;0;0;0;0;0;0;0;0;1;0;0;0;0;0;0;0;4;1;2;2;2;3;0;3;0;0;PARANAVAÍ;REGIÃO NORTE;62;9
0.701541230734616;2019-04-30;17;22;25;27;752;32;1;17;24;620;32;0;32;884;6;18;4;4;4;5;4;4;5;1;0;0;0;0;0;0;0;0;0;0;0;0;0;0;0;0;0;0;0;1;0;0;0;0;0;0;0;0;0;0;0;0;0;0;0;0;0;0;0;0;0;0;1;0;0;0;0;0;0;0;4;1;2;2;2;3;0;1;0;0;PARANAVAÍ;REGIÃO NORTE;63;8
0.569542880713991;2019-05-31;13;17;22;27;692;31;1;13;23;582;31;0;31;802;13;45;4;5;5;4;5;4;4;0;0;0;0;0;0;0;1;0;0;0;0;0;0;0;0;0;0;0;0;1;0;0;0;0;0;0;0;0;0;0;0;0;0;0;0;0;0;0;0;0;0;0;1;0;0;0;0;0;0;0;4;1;2;2;2;3;0;0;0;0;PARANAVAÍ;REGIÃO NORTE;64;7
0.347733153335583;2019-06-30;11;16;21;24;642;30;1;11;22;509;30;0;30;775;7;20;5;4;4;4;4;5;4;0;0;0;0;0;0;1;0;0;0;0;0;0;0;0;0;0;0;0;0;1;0;0;0;0;0;0;0;0;0;0;0;0;0;0;0;0;0;0;0;0;0;0;1;0;0;0;0;0;0;0;4;1;2;2;2;3;0;1;0;0;PARANAVAÍ;REGIÃO NORTE;65;3
0.29414632317096;2019-07-31;3;10;20;24;614;30;3;3;20;458;30;0;30;769;54;79;4;5;4;5;4;4;5;0;0;0;0;0;1;0;0;0;0;0;0;0;0;0;0;0;0;0;0;1;0;0;0;0;0;0;0;0;0;0;0;0;0;0;0;0;0;0;0;0;0;0;1;0;0;0;0;0;0;0;4;1;2;2;2;3;16;0;0;0;PARANAVAÍ;REGIÃO NORTE;66;3
0.395282558968013;2019-08-31;9;13;22;27;670;33;0;9;22;494;33;0;33;846;0;0;4;4;5;4;5;5;4;0;1;0;0;0;0;0;0;0;0;0;0;0;0;0;0;0;0;0;0;1;0;0;0;0;0;0;0;0;0;0;0;0;0;0;0;0;0;0;0;0;0;0;1;0;0;0;0;0;0;0;4;1;2;2;2;3;0;0;0;0;PARANAVAÍ;REGIÃO NORTE;67;4
0.543143210709866;2019-09-30;14;20;25;30;745;37;3;14;24;583;37;0;37;906;31;96;5;4;4;5;4;4;4;0;0;0;0;0;0;0;0;0;0;0;1;0;0;0;0;0;0;0;0;1;0;0;0;0;0;0;0;0;0;0;0;0;0;0;0;0;0;0;0;0;0;0;1;0;0;0;0;0;0;0;4;1;2;2;2;3;0;0;0;0;PARANAVAÍ;REGIÃO NORTE;68;6
0.58739265759178;2019-10-31;18;21;28;32;862;39;2;18;25;681;39;0;39;1043;18;56;4;5;5;4;4;4;5;0;0;0;0;0;0;0;0;0;0;1;0;0;0;0;0;0;0;0;0;1;0;0;0;0;0;0;0;0;0;0;0;0;0;0;0;0;0;0;0;0;0;0;1;0;0;0;0;0;0;0;4;1;2;2;2;3;0;0;0;0;PARANAVAÍ;REGIÃO NORTE;69;7
0.806952413094836;2019-11-30;18;24;27;33;816;38;2;18;28;662;38;0;38;969;20;63;4;4;4;4;5;5;4;0;0;0;0;0;0;0;0;0;1;0;0;0;0;0;0;0;0;0;0;1;0;0;0;0;0;0;0;0;0;0;0;0;0;0;0;0;0;0;0;0;0;0;1;0;0;0;0;0;0;0;4;1;2;2;2;3;0;0;0;0;PARANAVAÍ;REGIÃO NORTE;70;9
0.492106348670642;2019-12-31;17;21;25;29;788;35;6;17;24;646;35;0;35;930;26;175;5;4;4;5;4;4;5;0;0;1;0;0;0;0;0;0;0;0;0;0;0;0;0;0;0;0;0;1;0;0;0;0;0;0;0;0;0;0;0;0;0;0;0;0;0;0;0;0;0;0;1;0;0;0;0;0;0;0;4;1;2;2;2;3;0;0;0;0;PARANAVAÍ;REGIÃO NORTE;71;6
0.324408444894439;2020-01-31;19;22;26;30;817;34;5;19;25;688;34;0;34;946;38;148;4;5;5;4;5;4;4;0;0;0;0;1;0;0;0;0;0;0;0;0;0;0;0;0;0;0;0;0;1;0;0;0;0;0;0;0;0;0;0;0;0;0;0;0;0;0;0;0;0;0;1;0;0;0;0;0;0;0;4;1;2;2;2;3;31;0;0;0;PARANAVAÍ;REGIÃO NORTE;72;3
0.609704878689016;2020-02-29;18;24;26;30;763;35;4;18;26;621;35;0;35;905;37;112;4;4;4;4;4;5;4;0;0;0;1;0;0;0;0;0;0;0;0;0;0;0;0;0;0;0;0;0;1;0;0;0;0;0;0;0;0;0;0;0;0;0;0;0;0;0;0;0;0;0;1;0;0;0;0;0;0;0;4;1;2;2;2;3;0;3;0;0;PARANAVAÍ;REGIÃO NORTE;73;7
0.49574380320246;2020-03-31;18;23;26;30;807;35;1;18;25;638;35;0;35;975;7;24;5;4;4;5;4;4;5;0;0;0;0;0;0;0;0;1;0;0;0;0;0;0;0;0;0;0;0;0;1;0;0;0;0;0;0;0;0;0;0;0;0;0;0;0;0;0;0;0;0;0;1;0;0;0;0;0;0;0;3;1;2;2;2;3;0;0;15;0;PARANAVAÍ;REGIÃO NORTE;74;6
0.053774327820902;2020-04-30;12;17;24;28;709;34;3;12;22;538;34;0;34;881;63;91;4;5;5;4;4;4;4;1;0;0;0;0;0;0;0;0;0;0;0;0;0;0;0;0;0;0;0;0;1;0;0;0;0;0;0;0;0;0;0;0;0;0;0;0;0;0;0;0;0;0;1;0;0;0;0;0;0;0;3;1;2;2;2;3;0;1;30;0;PARANAVAÍ;REGIÃO NORTE;75;0
0.062549218134773;2020-05-31;8;13;21;25;639;32;2;8;20;465;32;0;32;812;30;59;5;4;4;4;5;5;4;0;0;0;0;0;0;0;1;0;0;0;0;0;0;0;0;0;0;0;0;0;1;0;0;0;0;0;0;0;0;0;0;0;0;0;0;0;0;0;0;0;0;0;1;0;0;0;0;0;0;0;3;1;2;2;2;3;0;0;31;0;PARANAVAÍ;REGIÃO NORTE;76;0
0.059624254696816;2020-06-30;11;17;22;25;646;31;5;11;20;509;31;0;31;783;118;158;4;4;4;5;4;4;5;0;0;0;0;0;0;1;0;0;0;0;0;0;0;0;0;0;0;0;0;0;1;0;0;0;0;0;0;0;0;0;0;0;0;0;0;0;0;0;0;0;0;0;1;0;0;0;0;0;0;0;3;1;2;2;2;3;0;1;30;0;PARANAVAÍ;REGIÃO NORTE;77;0
0.069224134698316;2020-07-31;6;12;21;24;650;31;0;6;19;478;31;0;31;822;8;13;4;5;5;4;5;4;4;0;0;0;0;0;1;0;0;0;0;0;0;0;0;0;0;0;0;0;0;0;1;0;0;0;0;0;0;0;0;0;0;0;0;0;0;0;0;0;0;0;0;0;1;0;0;0;0;0;0;0;3;1;2;2;2;3;0;0;31;0;PARANAVAÍ;REGIÃO NORTE;78;0
0.065136685791428;2020-08-31;6;12;21;27;661;34;7;6;22;495;34;0;34;827;57;229;5;4;4;5;4;5;4;0;1;0;0;0;0;0;0;0;0;0;0;0;0;0;0;0;0;0;0;0;1;0;0;0;0;0;0;0;0;0;0;0;0;0;0;0;0;0;0;0;0;0;1;0;0;0;0;0;0;0;3;1;2;2;2;3;0;0;31;0;PARANAVAÍ;REGIÃO NORTE;79;0
0.080211497356283;2020-09-30;15;20;27;32;808;39;1;15;25;618;39;0;39;997;14;31;4;5;4;4;4;4;5;0;0;0;0;0;0;0;0;0;0;0;1;0;0;0;0;0;0;0;0;0;1;0;0;0;0;0;0;0;0;0;0;0;0;0;0;0;0;0;0;0;0;0;1;0;0;0;0;0;0;0;3;1;2;2;2;3;0;0;30;0;PARANAVAÍ;REGIÃO NORTE;80;1
0.137660779240259;2020-10-31;16;22;27;34;834;41;2;16;27;647;41;0;41;1021;23;64;4;4;5;4;5;5;4;0;0;0;0;0;0;0;0;0;0;1;0;0;0;0;0;0;0;0;0;0;1;0;0;0;0;0;0;0;0;0;0;0;0;0;0;0;0;0;0;0;0;0;1;0;0;0;0;0;0;0;3;1;2;2;2;3;0;0;31;0;PARANAVAÍ;REGIÃO NORTE;81;1
0.0;2020-11-30;14;21;26;31;795;37;1;14;25;606;37;0;37;983;5;16;5;4;4;5;4;4;4;0;0;0;0;0;0;0;0;0;1;0;0;0;0;0;0;0;0;0;0;0;1;0;0;0;0;0;0;0;0;0;0;0;0;0;0;0;0;0;0;0;0;0;1;0;0;0;0;0;0;0;3;1;2;2;2;3;0;0;30;0;PARANAVAÍ;REGIÃO NORTE;82;0
0.053736828289646;2020-12-31;19;23;26;28;810;33;3;19;24;661;33;0;33;959;40;91;4;5;5;4;4;4;5;0;0;1;0;0;0;0;0;0;0;0;0;0;0;0;0;0;0;0;0;0;1;0;0;0;0;0;0;0;0;0;0;0;0;0;0;0;0;0;0;0;0;0;1;0;0;0;0;0;0;0;3;1;2;2;2;3;0;0;31;0;PARANAVAÍ;REGIÃO NORTE;83;0
0.079311508606142;2021-01-31;20;24;26;29;800;33;9;20;25;682;33;0;33;918;71;280;5;4;4;4;5;5;4;0;0;0;0;1;0;0;0;0;0;0;0;1;0;0;0;0;0;0;0;0;0;0;0;0;0;0;0;0;0;0;0;0;0;0;0;0;0;0;0;0;0;0;1;0;0;0;0;0;0;0;3;1;2;2;2;3;0;0;31;0;PARANAVAÍ;REGIÃO NORTE;84;1
0.030674616567293;2021-02-28;18;23;26;29;721;35;3;18;23;570;35;0;35;872;28;75;4;4;4;4;4;4;4;0;0;0;1;0;0;0;0;0;0;0;0;1;0;0;0;0;0;0;0;0;0;0;0;0;0;0;0;0;0;0;0;0;0;0;0;0;0;0;0;0;0;0;1;0;0;0;0;0;0;0;3;1;2;2;2;3;0;3;28;0;PARANAVAÍ;REGIÃO NORTE;85;0
0.072336595792553;2021-03-31;17;23;27;30;822;35;3;17;24;662;35;0;35;982;35;81;4;5;4;5;4;4;5;0;0;0;0;0;0;0;0;1;0;0;0;1;0;0;0;0;0;0;0;0;0;0;0;0;0;0;0;0;0;0;0;0;0;0;0;0;0;0;0;0;0;0;1;0;0;0;0;0;0;0;3;1;2;2;2;3;0;0;31;0;PARANAVAÍ;REGIÃO NORTE;86;0
0.069749128135898;2021-04-30;12;20;24;28;711;34;0;12;22;532;34;0;34;890;1;2;4;4;5;4;5;4;4;1;0;0;0;0;0;0;0;0;0;0;0;1;0;0;0;0;0;0;0;0;0;0;0;0;0;0;0;0;0;0;0;0;0;0;0;0;0;0;0;0;0;0;1;0;0;0;0;0;0;0;3;1;2;2;2;3;0;1;30;0;PARANAVAÍ;REGIÃO NORTE;87;0
0.093261334233322;2021-05-31;9;15;22;26;670;33;4;9;21;486;33;0;33;854;99;136;5;4;4;5;4;5;4;0;0;0;0;0;0;0;1;0;0;0;0;1;0;0;0;0;0;0;0;0;0;0;0;0;0;0;0;0;0;0;0;0;0;0;0;0;0;0;0;0;0;0;1;0;0;0;0;0;0;0;3;1;2;2;2;3;0;0;31;0;PARANAVAÍ;REGIÃO NORTE;88;1
0.033749578130273;2021-06-30;2;8;19;25;570;30;3;2;20;435;30;0;30;704;31;78;4;5;4;4;4;4;5;0;0;0;0;0;0;1;0;0;0;0;0;1;0;0;0;0;0;0;0;0;0;0;0;0;0;0;0;0;0;0;0;0;0;0;0;0;0;0;0;0;0;0;1;0;0;0;0;0;0;0;3;1;2;2;2;3;0;1;30;0;PARANAVAÍ;REGIÃO NORTE;89;0
0.031649604379945;2021-07-31;2;8;18;23;561;30;0;2;17;353;30;0;30;769;9;15;4;4;5;4;5;5;4;0;0;0;0;0;1;0;0;0;0;0;0;1;0;0;0;0;0;0;0;0;0;0;0;0;0;0;0;0;0;0;0;0;0;0;0;0;0;0;0;0;0;0;1;0;0;0;0;0;0;0;3;1;2;2;2;3;0;0;31;0;PARANAVAÍ;REGIÃO NORTE;90;0
0.047924400944988;2021-08-31;10;16;23;29;717;36;4;10;22;529;36;0;36;905;90;120;5;4;4;5;4;4;5;0;1;0;0;0;0;0;0;0;0;0;0;1;0;0;0;0;0;0;0;0;0;0;0;0;0;0;0;0;0;0;0;0;0;0;0;0;0;0;0;0;0;0;1;0;0;0;0;0;0;0;3;1;2;2;2;3;0;0;31;0;PARANAVAÍ;REGIÃO NORTE;91;0
0.039374507818652;2021-09-30;14;20;26;32;792;38;2;14;27;604;38;0;38;981;31;63;4;5;5;4;4;4;4;0;0;0;0;0;0;0;0;0;0;0;1;1;0;0;0;0;0;0;0;0;0;0;0;0;0;0;0;0;0;0;0;0;0;0;0;0;0;0;0;0;0;0;1;0;0;0;0;0;0;0;3;1;2;2;2;3;0;0;30;0;PARANAVAÍ;REGIÃO NORTE;92;0
0.022349720628492;2021-10-31;14;19;23;28;714;33;14;14;23;578;33;0;33;850;92;445;5;4;4;4;5;5;4;0;0;0;0;0;0;0;0;0;0;1;0;1;0;0;0;0;0;0;0;0;0;0;0;0;0;0;0;0;0;0;0;0;0;0;0;0;0;0;0;0;0;0;1;0;0;0;0;0;0;0;3;1;2;2;2;3;0;0;0;0;PARANAVAÍ;REGIÃO NORTE;93;0
0.092248846889414;2021-11-30;16;22;26;30;787;36;1;16;24;605;36;0;36;969;10;32;4;4;4;5;4;4;5;0;0;0;0;0;0;0;0;0;1;0;0;1;0;0;0;0;0;0;0;0;0;0;0;0;0;0;0;0;0;0;0;0;0;0;0;0;0;0;0;0;0;0;1;0;0;0;0;0;0;0;3;1;2;2;2;3;0;0;0;0;PARANAVAÍ;REGIÃO NORTE;94;1
0.085123935950801;2021-12-31;17;23;27;31;840;38;1;17;24;643;38;0;38;1037;16;34;4;5;5;4;5;4;4;0;0;1;0;0;0;0;0;0;0;0;0;1;0;0;0;0;0;0;0;0;0;0;0;0;0;0;0;0;0;0;0;0;0;0;0;0;0;0;0;0;0;0;1;0;0;0;0;0;0;0;3;1;2;2;2;3;0;0;0;0;PARANAVAÍ;REGIÃO NORTE;95;1
0.23392207597405;2022-01-31;19;23;27;31;839;37;6;19;25;682;37;0;37;996;74;171;5;4;4;5;4;5;4;0;0;0;0;1;0;0;0;0;0;0;0;0;1;0;0;0;0;0;0;0;0;0;0;0;0;0;0;0;0;0;0;0;0;0;0;0;0;0;0;0;0;0;1;0;0;0;0;0;0;0;3;1;2;2;2;3;31;0;0;0;PARANAVAÍ;REGIÃO NORTE;96;2
0.157723028462144;2022-02-28;19;25;27;30;766;37;5;19;24;601;37;0;37;931;49;146;4;4;4;4;4;4;4;0;0;0;1;0;0;0;0;0;0;0;0;0;1;0;0;0;0;0;0;0;0;0;0;0;0;0;0;0;0;0;0;0;0;0;0;0;0;0;0;0;0;0;1;0;0;0;0;0;0;0;3;1;2;2;2;3;0;1;0;0;PARANAVAÍ;REGIÃO NORTE;97;1
0.19091011362358;2022-03-31;19;22;26;30;815;36;9;19;25;670;36;0;36;959;59;294;4;5;5;4;4;4;5;0;0;0;0;0;0;0;0;1;0;0;0;0;1;0;0;0;0;0;0;0;0;0;0;0;0;0;0;0;0;0;0;0;0;0;0;0;0;0;0;0;0;0;1;0;0;0;0;0;0;0;3;1;2;2;2;3;0;1;0;0;PARANAVAÍ;REGIÃO NORTE;98;1
0.379120260996737;2022-04-30;13;19;24;27;714;32;7;13;23;560;32;0;32;869;73;218;4;4;4;4;5;5;4;1;0;0;0;0;0;0;0;0;0;0;0;0;1;0;0;0;0;0;0;0;0;0;0;0;0;0;0;0;0;0;0;0;0;0;0;0;0;0;0;0;0;0;1;0;0;0;0;0;0;0;3;1;2;2;2;3;0;1;0;0;PARANAVAÍ;REGIÃO NORTE;99;4
0.256009299883751;2022-05-31;6;10;20;26;609;31;3;6;22;467;31;0;31;752;30;88;5;4;4;5;4;4;5;0;0;0;0;0;0;0;1;0;0;0;0;0;1;0;0;0;0;0;0;0;0;0;0;0;0;0;0;0;0;0;0;0;0;0;0;0;0;0;0;0;0;0;1;0;0;0;0;0;0;0;3;1;2;2;2;3;0;0;0;0;PARANAVAÍ;REGIÃO NORTE;100;2
0.222747215659804;2022-06-30;6;13;20;24;590;29;2;6;19;450;29;0;29;730;47;65;4;5;5;4;4;4;4;0;0;0;0;0;0;1;0;0;0;0;0;0;1;0;0;0;0;0;0;0;0;0;0;0;0;0;0;0;0;0;0;0;0;0;0;0;0;0;0;0;0;0;1;0;0;0;0;0;0;0;3;1;2;2;2;3;0;1;0;0;PARANAVAÍ;REGIÃO NORTE;101;2
0.299021262234222;2022-07-31;9;17;23;25;701;31;0;9;20;522;31;0;31;880;5;11;5;4;4;4;5;5;4;0;0;0;0;0;1;0;0;0;0;0;0;0;1;0;0;0;0;0;0;0;0;0;0;0;0;0;0;0;0;0;0;0;0;0;0;0;0;0;0;0;0;0;1;0;0;0;0;0;0;0;3;1;2;2;2;3;0;0;0;0;PARANAVAÍ;REGIÃO NORTE;102;3
0.201372482843964;2022-08-31;7;12;21;27;642;33;7;7;21;478;33;0;33;805;81;209;4;5;4;5;4;4;5;0;1;0;0;0;0;0;0;0;0;0;0;0;1;0;0;0;0;0;0;0;0;0;0;0;0;0;0;0;0;0;0;0;0;0;0;0;0;0;0;0;0;0;1;0;0;0;0;0;0;0;3;1;2;2;2;3;0;0;0;0;PARANAVAÍ;REGIÃO NORTE;103;2
0.271121610979863;2022-09-30;10;15;20;28;612;35;7;10;22;482;35;0;35;742;62;211;4;4;5;4;5;4;4;0;0;0;0;0;0;0;0;0;0;0;1;0;1;0;0;0;0;0;0;0;0;0;0;0;0;0;0;0;0;0;0;0;0;0;0;0;0;0;0;0;0;0;1;0;0;0;0;0;0;0;3;1;2;2;2;3;0;0;0;0;PARANAVAÍ;REGIÃO NORTE;104;2
0.338545768177898;2022-10-31;-5;12;24;28;732;34;7;-5;23;570;34;0;34;894;42;219;5;4;4;5;4;5;4;0;0;0;0;0;0;0;0;0;0;1;0;0;1;0;0;0;0;0;0;0;0;0;0;0;0;0;0;0;0;0;0;0;0;0;0;0;0;0;0;0;0;0;1;0;0;0;0;0;0;0;3;1;2;2;2;3;0;0;0;0;PARANAVAÍ;REGIÃO NORTE;105;3
0.304871189110136;2022-11-30;12;16;23;27;701;34;3;12;22;534;34;0;34;867;26;77;4;5;4;4;4;4;5;0;0;0;0;0;0;0;0;0;1;0;0;0;1;0;0;0;0;0;0;0;0;0;0;0;0;0;0;0;0;0;0;0;0;0;0;0;0;0;0;0;0;0;1;0;0;0;0;0;0;0;3;1;2;2;2;3;0;0;0;0;PARANAVAÍ;REGIÃO NORTE;106;3
0.289721378482769;2022-12-31;11;21;25;29;789;34;8;11;24;636;34;0;34;942;69;241;4;4;5;4;5;5;4;0;0;1;0;0;0;0;0;0;0;0;0;0;1;0;0;0;0;0;0;0;0;0;0;0;0;0;0;0;0;0;0;0;0;0;0;0;0;0;0;0;0;0;1;0;0;0;0;0;0;0;3;1;2;2;2;3;0;0;0;0;PARANAVAÍ;REGIÃO NORTE;107;2
0.131623354708066;2023-01-31;17;22;25;28;789;34;10;17;23;652;34;0;34;926;55;314;5;4;4;5;4;4;5;0;0;0;0;1;0;0;0;0;0;0;0;0;0;1;0;0;0;0;0;0;0;0;0;0;0;0;0;0;0;0;0;0;0;0;0;0;0;0;0;0;0;0;1;0;0;0;0;0;0;0;3;1;2;2;2;3;31;0;0;0;PARANAVAÍ;REGIÃO NORTE;108;1
0.416019799752503;2023-02-28;11;19;25;28;694;34;13;11;22;572;34;0;34;816;50;356;4;4;4;4;4;4;4;0;0;0;1;0;0;0;0;0;0;0;0;0;0;1;0;0;0;0;0;0;0;0;0;0;0;0;0;0;0;0;0;0;0;0;0;0;0;0;0;0;0;0;1;0;0;0;0;0;0;0;3;1;2;2;2;3;0;3;0;0;PARANAVAÍ;REGIÃO NORTE;109;4
0.92211347358158;2023-03-31;19;24;27;28;822;34;6;19;24;670;34;0;34;973;31;196;4;5;5;4;5;4;4;0;0;0;0;0;0;0;0;1;0;0;0;0;0;1;0;0;0;0;0;0;0;0;0;0;0;0;0;0;0;0;0;0;0;0;0;0;0;0;0;0;0;0;1;0;0;0;0;0;0;0;3;1;2;2;2;3;0;0;0;0;PARANAVAÍ;REGIÃO NORTE;110;9
0.49049386882664;2023-04-30;13;19;24;28;709;34;11;13;22;563;34;0;34;855;126;338;5;4;4;4;4;5;4;1;0;0;0;0;0;0;0;0;0;0;0;0;0;1;0;0;0;0;0;0;0;0;0;0;0;0;0;0;0;0;0;0;0;0;0;0;0;0;0;0;0;0;1;0;0;0;0;0;0;0;3;1;2;2;2;3;0;1;0;0;PARANAVAÍ;REGIÃO NORTE;111;6
0.462931713353583;2023-05-31;12;18;22;26;689;31;3;12;22;520;31;0;31;857;28;83;4;5;4;5;4;4;5;0;0;0;0;0;0;0;1;0;0;0;0;0;0;1;0;0;0;0;0;0;0;0;0;0;0;0;0;0;0;0;0;0;0;0;0;0;0;0;0;0;0;0;1;0;0;0;0;0;0;0;3;1;2;2;2;3;0;0;0;0;PARANAVAÍ;REGIÃO NORTE;112;5
0.307121160985488;2023-06-30;9;12;20;25;599;31;4;9;19;437;31;0;31;762;70;117;4;4;5;4;5;4;4;0;0;0;0;0;0;1;0;0;0;0;0;0;0;1;0;0;0;0;0;0;0;0;0;0;0;0;0;0;0;0;0;0;0;0;0;0;0;0;0;0;0;0;1;0;0;0;0;0;0;0;3;1;2;2;2;3;0;1;0;0;PARANAVAÍ;REGIÃO NORTE;113;3
0.149060636742041;2023-07-31;8;13;21;25;649;31;1;8;19;476;31;0;31;822;13;24;5;4;4;5;4;5;4;0;0;0;0;0;1;0;0;0;0;0;0;0;0;1;0;0;0;0;0;0;0;0;0;0;0;0;0;0;0;0;0;0;0;0;0;0;0;0;0;0;0;0;1;0;0;0;0;0;0;0;3;1;2;2;2;3;15;0;0;0;PARANAVAÍ;REGIÃO NORTE;114;1
0.489668879139011;2023-08-31;12;18;23;28;715;35;4;12;22;518;35;0;35;913;44;117;4;5;5;4;4;4;5;0;1;0;0;0;0;0;0;0;0;0;0;0;0;1;0;0;0;0;0;0;0;0;0;0;0;0;0;0;0;0;0;0;0;0;0;0;0;0;0;0;0;0;1;0;0;0;0;0;0;0;3;1;2;2;2;3;0;0;0;0;PARANAVAÍ;REGIÃO NORTE;115;6
0.773990325120936;2023-09-30;10;18;26;32;790;39;7;10;26;601;39;0;39;980;127;198;4;4;4;4;5;5;4;0;0;0;0;0;0;0;0;0;0;0;1;0;0;1;0;0;0;0;0;0;0;0;0;0;0;0;0;0;0;0;0;0;0;0;0;0;0;0;0;0;0;0;1;0;0;0;0;0;0;0;3;1;2;2;2;3;0;0;0;0;PARANAVAÍ;REGIÃO NORTE;116;9
0.984887688903888;2023-10-31;17;22;26;31;819;37;14;17;26;654;37;0;37;984;144;430;5;4;4;5;4;4;5;0;0;0;0;0;0;0;0;0;0;1;0;0;0;1;0;0;0;0;0;0;0;0;0;0;0;0;0;0;0;0;0;0;0;0;0;0;0;0;0;0;0;0;1;0;0;0;0;0;0;0;3;1;2;2;2;3;0;0;0;0;PARANAVAÍ;REGIÃO NORTE;117;9
0.920238497018787;2023-11-30;13;19;26;33;794;39;7;13;26;629;39;0;39;960;71;205;4;5;5;4;4;4;4;0;0;0;0;0;0;0;0;0;1;0;0;0;0;1;0;0;0;0;0;0;0;0;0;0;0;0;0;0;0;0;0;0;0;0;0;0;0;0;0;0;0;0;1;0;0;0;0;0;0;0;3;1;2;2;2;3;0;0;0;0;PARANAVAÍ;REGIÃO NORTE;118;9
0.554768065399182;2023-12-31;18;23;28;31;854;38;7;18;25;673;38;0;38;1035;37;225;5;4;4;4;5;5;4;0;0;1;0;0;0;0;0;0;0;0;0;0;0;1;0;0;0;0;0;0;0;0;0;0;0;0;0;0;0;0;0;0;0;0;0;0;0;0;0;0;0;0;1;0;0;0;0;0;0;0;3;1;2;2;2;3;0;0;0;0;PARANAVAÍ;REGIÃO NORTE;119;7
0.19091011362358;2024-01-31;16;21;27;32;839;38;3;16;26;668;38;0;38;1011;22;90;4;5;4;5;4;4;5;0;0;0;0;1;0;0;0;0;0;0;0;0;0;0;1;0;0;0;0;0;0;0;0;0;0;0;0;0;0;0;0;0;0;0;0;0;0;0;0;0;0;0;1;0;0;0;0;0;0;0;3;1;2;2;2;3;31;0;0;0;PARANAVAÍ;REGIÃO NORTE;120;1
0.644166947913151;2024-02-29;19;24;28;30;808;36;3;19;25;646;36;0;36;971;32;89;4;4;5;4;4;4;4;0;0;0;1;0;0;0;0;0;0;0;0;0;0;0;1;0;0;0;0;0;0;0;0;0;0;0;0;0;0;0;0;0;0;0;0;0;0;0;0;0;0;0;1;0;0;0;0;0;0;0;3;1;2;2;2;3;0;3;0;0;PARANAVAÍ;REGIÃO NORTE;121;8
0.955825552180598;2024-03-31;19;22;28;31;876;38;2;19;27;702;38;0;38;1050;12;60;5;4;4;4;5;5;4;0;0;0;0;0;0;0;0;1;0;0;0;0;0;0;1;0;0;0;0;0;0;0;0;0;0;0;0;0;0;0;0;0;0;0;0;0;0;0;0;0;0;0;1;0;0;0;0;0;0;0;3;1;2;2;2;3;0;1;0;0;PARANAVAÍ;REGIÃO NORTE;122;9
0.195747553155586;2024-04-30;16;21;26;30;789;36;2;16;24;633;36;0;36;945;39;48;4;4;4;5;4;4;5;1;0;0;0;0;0;0;0;0;0;0;0;0;0;0;1;0;0;0;0;0;0;0;0;0;0;0;0;0;0;0;0;0;0;0;0;0;0;0;0;0;0;0;1;0;0;0;0;0;0;0;3;1;2;2;2;3;0;0;0;0;PARANAVAÍ;REGIÃO NORTE;123;2
0.145573180335246;2024-05-31;7;13;23;29;728;35;1;7;23;563;35;0;35;894;26;27;4;5;5;4;5;4;4;0;0;0;0;0;0;0;1;0;0;0;0;0;0;0;1;0;0;0;0;0;0;0;0;0;0;0;0;0;0;0;0;0;0;0;0;0;0;0;0;0;0;0;1;0;0;0;0;0;0;0;3;1;2;2;2;3;0;1;0;30;PARANAVAÍ;REGIÃO NORTE;124;1
0.087748903138711;2024-06-30;10;17;24;26;707;33;0;10;21;516;33;0;33;898;1;2;5;4;4;4;4;5;4;0;0;0;0;0;0;1;0;0;0;0;0;0;0;0;1;0;0;0;0;0;0;0;0;0;0;0;0;0;0;0;0;0;0;0;0;0;0;0;0;0;0;0;1;0;0;0;0;0;0;0;3;1;2;2;2;3;0;0;0;30;PARANAVAÍ;REGIÃO NORTE;125;1
0.322270971612855;2024-07-31;7;10;18;24;565;30;3;7;19;425;30;0;30;704;44;89;4;5;4;5;4;4;5;0;0;0;0;0;1;0;0;0;0;0;0;0;0;0;1;0;0;0;0;0;0;0;0;0;0;0;0;0;0;0;0;0;0;0;0;0;0;0;0;0;0;0;1;0;0;0;0;0;0;0;3;1;2;2;2;3;12;0;0;0;PARANAVAÍ;REGIÃO NORTE;126;3
0.400157498031275;2024-08-31;5;12;21;28;650;36;1;5;24;471;36;0;36;830;10;30;4;4;5;4;5;5;4;0;1;0;0;0;0;0;0;0;0;0;0;0;0;0;1;0;0;0;0;0;0;0;0;0;0;0;0;0;0;0;0;0;0;0;0;0;0;0;0;0;0;0;1;0;0;0;0;0;0;0;3;1;2;2;2;3;0;0;0;0;PARANAVAÍ;REGIÃO NORTE;127;4
0.600742490718866;2024-09-30;11;17;23;29;700;38;2;11;20;484;38;0;38;915;42;72;5;4;4;5;4;4;4;0;0;0;0;0;0;0;0;0;0;0;1;0;0;0;1;0;0;0;0;0;0;0;0;0;0;0;0;0;0;0;0;0;0;0;0;0;0;0;0;0;0;0;1;0;0;0;0;0;0;0;3;1;2;2;2;3;0;0;0;0;PARANAVAÍ;REGIÃO NORTE;128;7
1.0;2024-10-31;16;21;26;31;808;38;4;16;26;657;38;0;38;959;35;116;4;5;5;4;4;4;5;0;0;0;0;0;0;0;0;0;0;1;0;0;0;0;1;0;0;0;0;0;0;0;0;0;0;0;0;0;0;0;0;0;0;0;0;0;0;0;0;0;0;0;1;0;0;0;0;0;0;0;3;1;2;2;2;3;0;0;0;0;PARANAVAÍ;REGIÃO NORTE;129;9
0.498247555801513;2016-01-31;12;19;22;25;689;32;5;12;20;546;32;0;32;832;70;149;5;4;4;4;5;5;4;0;0;0;0;1;0;0;0;0;0;0;0;0;0;0;0;0;1;0;0;0;0;0;0;0;0;0;0;0;0;0;0;0;0;0;0;0;0;0;0;0;0;0;0;1;0;0;0;0;0;0;2;0;0;0;0;0;31;0;0;0;PINHAIS;REGIÃO LESTE;1;6
0.485888212506918;2016-02-29;16;20;23;26;678;32;9;16;21;557;32;0;32;799;77;274;4;4;4;5;4;4;4;0;0;0;1;0;0;0;0;0;0;0;0;0;0;0;0;0;1;0;0;0;0;0;0;0;0;0;0;0;0;0;0;0;0;0;0;0;0;0;0;0;0;0;0;1;0;0;0;0;0;0;2;0;0;0;0;0;0;3;0;0;PINHAIS;REGIÃO LESTE;2;5
0.60302527209002;2016-03-31;12;16;21;25;666;30;3;12;20;528;30;0;30;804;32;99;4;5;5;4;4;4;5;0;0;0;0;0;0;0;0;1;0;0;0;0;0;0;0;0;1;0;0;0;0;0;0;0;0;0;0;0;0;0;0;0;0;0;0;0;0;0;0;0;0;0;0;1;0;0;0;0;0;0;2;0;0;0;0;0;0;1;0;0;PINHAIS;REGIÃO LESTE;3;7
0.494558199594171;2016-04-30;6;12;22;26;663;32;5;6;21;512;32;0;32;813;41;141;4;4;4;4;5;5;4;1;0;0;0;0;0;0;0;0;0;0;0;0;0;0;0;0;1;0;0;0;0;0;0;0;0;0;0;0;0;0;0;0;0;0;0;0;0;0;0;0;0;0;0;1;0;0;0;0;0;0;2;0;0;0;0;0;0;0;0;0;PINHAIS;REGIÃO LESTE;4;6
0.548238332410994;2016-05-31;4;12;16;19;488;24;5;4;16;374;24;0;24;602;38;158;5;4;4;5;4;4;5;0;0;0;0;0;0;0;1;0;0;0;0;0;0;0;0;0;1;0;0;0;0;0;0;0;0;0;0;0;0;0;0;0;0;0;0;0;0;0;0;0;0;0;0;1;0;0;0;0;0;0;2;0;0;0;0;0;0;1;0;0;PINHAIS;REGIÃO LESTE;5;6
0.581258070466704;2016-06-30;6;8;13;18;398;24;4;6;14;275;24;0;24;520;42;119;4;5;5;4;4;4;4;0;0;0;0;0;0;1;0;0;0;0;0;0;0;0;0;0;1;0;0;0;0;0;0;0;0;0;0;0;0;0;0;0;0;0;0;0;0;0;0;0;0;0;0;1;0;0;0;0;0;0;2;0;0;0;0;0;0;0;0;0;PINHAIS;REGIÃO LESTE;6;7
0.574801697103855;2016-07-31;6;10;15;20;474;27;4;6;16;305;27;0;27;642;43;119;5;4;4;4;5;5;4;0;0;0;0;0;1;0;0;0;0;0;0;0;0;0;0;0;1;0;0;0;0;0;0;0;0;0;0;0;0;0;0;0;0;0;0;0;0;0;0;0;0;0;0;1;0;0;0;0;0;0;2;0;0;0;0;0;14;0;0;0;PINHAIS;REGIÃO LESTE;7;7
0.48699501936912;2016-08-31;6;9;16;21;482;29;5;6;16;323;29;0;29;640;54;163;4;5;4;5;4;4;5;0;1;0;0;0;0;0;0;0;0;0;0;0;0;0;0;0;1;0;0;0;0;0;0;0;0;0;0;0;0;0;0;0;0;0;0;0;0;0;0;0;0;0;0;1;0;0;0;0;0;0;2;0;0;0;0;0;0;0;0;0;PINHAIS;REGIÃO LESTE;8;5
0.433683822173031;2016-09-30;6;12;17;22;498;29;3;6;16;336;29;0;29;659;44;92;4;4;5;4;5;4;4;0;0;0;0;0;0;0;0;0;0;0;1;0;0;0;0;0;1;0;0;0;0;0;0;0;0;0;0;0;0;0;0;0;0;0;0;0;0;0;0;0;0;0;0;1;0;0;0;0;0;0;2;0;0;0;0;0;0;0;0;0;PINHAIS;REGIÃO LESTE;9;5
0.207526286662977;2016-10-31;8;13;18;25;557;32;6;8;18;416;32;0;32;699;41;176;5;4;4;5;4;5;4;0;0;0;0;0;0;0;0;0;0;1;0;0;0;0;0;0;1;0;0;0;0;0;0;0;0;0;0;0;0;0;0;0;0;0;0;0;0;0;0;0;0;0;0;1;0;0;0;0;0;0;2;0;0;0;0;0;0;0;0;0;PINHAIS;REGIÃO LESTE;10;2
0.02600996126176;2016-11-30;8;15;19;24;584;31;4;8;19;436;31;0;31;733;52;105;4;5;4;4;4;4;5;0;0;0;0;0;0;0;0;0;1;0;0;0;0;0;0;0;1;0;0;0;0;0;0;0;0;0;0;0;0;0;0;0;0;0;0;0;0;0;0;0;0;0;0;1;0;0;0;0;0;0;2;0;0;0;0;0;0;0;0;0;PINHAIS;REGIÃO LESTE;11;0
0.071389042612064;2016-12-31;11;15;22;28;674;34;3;11;22;534;34;0;34;814;20;79;4;4;5;4;5;5;4;0;0;1;0;0;0;0;0;0;0;0;0;0;0;0;0;0;1;0;0;0;0;0;0;0;0;0;0;0;0;0;0;0;0;0;0;0;0;0;0;0;0;0;0;1;0;0;0;0;0;0;2;0;0;0;0;0;0;0;0;0;PINHAIS;REGIÃO LESTE;12;0
0.197933960523889;2017-01-31;14;19;23;26;719;32;5;14;21;575;32;0;32;862;24;169;5;4;4;5;4;4;5;0;0;0;0;1;0;0;0;0;0;0;0;0;0;0;0;0;0;1;0;0;0;0;0;0;0;0;0;0;0;0;0;0;0;0;0;0;0;0;0;0;0;0;0;1;0;0;0;0;0;0;2;0;0;0;0;0;31;0;0;0;PINHAIS;REGIÃO LESTE;13;2
0.359896698026194;2017-02-28;17;21;24;27;666;34;3;17;20;520;34;0;34;811;36;79;4;4;4;4;4;4;4;0;0;0;1;0;0;0;0;0;0;0;0;0;0;0;0;0;0;1;0;0;0;0;0;0;0;0;0;0;0;0;0;0;0;0;0;0;0;0;0;0;0;0;0;1;0;0;0;0;0;0;2;0;0;0;0;0;0;2;0;0;PINHAIS;REGIÃO LESTE;14;4
0.517985611510791;2017-03-31;13;16;21;26;652;31;2;13;21;522;31;0;31;783;8;50;4;5;5;4;5;4;4;0;0;0;0;0;0;0;0;1;0;0;0;0;0;0;0;0;0;1;0;0;0;0;0;0;0;0;0;0;0;0;0;0;0;0;0;0;0;0;0;0;0;0;0;1;0;0;0;0;0;0;2;0;0;0;0;0;0;1;0;0;PINHAIS;REGIÃO LESTE;15;6
0.496402877697842;2017-04-30;7;13;19;23;559;28;2;7;19;432;28;0;28;686;28;74;5;4;4;4;4;5;4;1;0;0;0;0;0;0;0;0;0;0;0;0;0;0;0;0;0;1;0;0;0;0;0;0;0;0;0;0;0;0;0;0;0;0;0;0;0;0;0;0;0;0;0;1;0;0;0;0;0;0;2;0;0;0;0;0;0;1;0;0;PINHAIS;REGIÃO LESTE;16;6
0.642132447887844;2017-05-31;9;15;18;22;545;28;3;9;17;425;28;0;28;665;40;104;4;5;4;5;4;4;5;0;0;0;0;0;0;0;1;0;0;0;0;0;0;0;0;0;0;1;0;0;0;0;0;0;0;0;0;0;0;0;0;0;0;0;0;0;0;0;0;0;0;0;0;1;0;0;0;0;0;0;2;0;0;0;0;0;0;0;0;0;PINHAIS;REGIÃO LESTE;17;8
0.586792104777716;2017-06-30;6;11;16;21;473;26;6;6;18;332;26;0;26;613;118;182;4;4;5;4;5;4;4;0;0;0;0;0;0;1;0;0;0;0;0;0;0;0;0;0;0;1;0;0;0;0;0;0;0;0;0;0;0;0;0;0;0;0;0;0;0;0;0;0;0;0;0;1;0;0;0;0;0;0;2;0;0;0;0;0;0;1;0;0;PINHAIS;REGIÃO LESTE;18;7
0.436081903707803;2017-07-31;4;8;15;18;463;25;0;4;12;288;25;0;25;639;2;6;5;4;4;5;4;5;4;0;0;0;0;0;1;0;0;0;0;0;0;0;0;0;0;0;0;1;0;0;0;0;0;0;0;0;0;0;0;0;0;0;0;0;0;0;0;0;0;0;0;0;0;1;0;0;0;0;0;0;2;0;0;0;0;0;16;0;0;0;PINHAIS;REGIÃO LESTE;19;5
0.540306216565209;2017-08-31;7;10;16;22;505;31;3;7;16;357;31;0;31;653;49;97;4;5;5;4;4;4;5;0;1;0;0;0;0;0;0;0;0;0;0;0;0;0;0;0;0;1;0;0;0;0;0;0;0;0;0;0;0;0;0;0;0;0;0;0;0;0;0;0;0;0;0;1;0;0;0;0;0;0;2;0;0;0;0;0;0;0;0;0;PINHAIS;REGIÃO LESTE;20;6
0.660579228924553;2017-09-30;10;15;20;24;608;32;1;10;18;423;32;0;32;794;23;43;4;4;4;4;5;5;4;0;0;0;0;0;0;0;0;0;0;0;1;0;0;0;0;0;0;1;0;0;0;0;0;0;0;0;0;0;0;0;0;0;0;0;0;0;0;0;0;0;0;0;0;1;0;0;0;0;0;0;2;0;0;0;0;0;0;0;0;0;PINHAIS;REGIÃO LESTE;21;8
0.61575355100535;2017-10-31;8;14;19;24;591;32;7;8;17;440;32;0;32;742;35;227;5;4;4;5;4;4;5;0;0;0;0;0;0;0;0;0;0;1;0;0;0;0;0;0;0;1;0;0;0;0;0;0;0;0;0;0;0;0;0;0;0;0;0;0;0;0;0;0;0;0;0;1;0;0;0;0;0;0;2;0;0;0;0;0;0;0;0;0;PINHAIS;REGIÃO LESTE;22;7
0.525917727356576;2017-11-30;10;14;19;25;580;32;4;10;18;428;32;0;32;732;54;134;4;5;5;4;4;4;4;0;0;0;0;0;0;0;0;0;1;0;0;0;0;0;0;0;0;1;0;0;0;0;0;0;0;0;0;0;0;0;0;0;0;0;0;0;0;0;0;0;0;0;0;1;0;0;0;0;0;0;2;0;0;0;0;0;0;0;0;0;PINHAIS;REGIÃO LESTE;23;6
0.333886736764435;2017-12-31;14;16;22;25;670;32;4;14;21;534;32;0;32;806;44;138;5;4;4;4;5;5;4;0;0;1;0;0;0;0;0;0;0;0;0;0;0;0;0;0;0;1;0;0;0;0;0;0;0;0;0;0;0;0;0;0;0;0;0;0;0;0;0;0;0;0;0;1;0;0;0;0;0;0;2;0;0;0;0;0;0;0;0;0;PINHAIS;REGIÃO LESTE;24;3
0.313964213244789;2018-01-31;14;18;22;25;682;31;10;14;20;547;31;0;31;818;88;320;4;5;4;5;4;4;5;0;0;0;0;1;0;0;0;0;0;0;0;0;0;0;0;0;0;0;1;0;0;0;0;0;0;0;0;0;0;0;0;0;0;0;0;0;0;0;0;0;0;0;0;1;0;0;0;0;0;0;2;0;0;0;0;0;31;0;0;0;PINHAIS;REGIÃO LESTE;25;3
0.401586423169157;2018-02-28;14;17;21;25;586;31;3;14;21;457;31;0;31;715;43;91;4;4;4;4;4;4;4;0;0;0;1;0;0;0;0;0;0;0;0;0;0;0;0;0;0;0;1;0;0;0;0;0;0;0;0;0;0;0;0;0;0;0;0;0;0;0;0;0;0;0;0;1;0;0;0;0;0;0;2;0;0;0;0;0;0;3;0;0;PINHAIS;REGIÃO LESTE;26;4
0.591403800036894;2018-03-31;16;18;23;25;701;31;10;16;21;564;31;0;31;838;68;302;4;4;5;4;5;5;4;0;0;0;0;0;0;0;0;1;0;0;0;0;0;0;0;0;0;0;1;0;0;0;0;0;0;0;0;0;0;0;0;0;0;0;0;0;0;0;0;0;0;0;0;1;0;0;0;0;0;0;2;0;0;0;0;0;0;1;0;0;PINHAIS;REGIÃO LESTE;27;7
0.651355838406198;2018-04-30;12;16;20;23;615;29;1;12;19;461;29;0;29;769;8;22;5;4;4;5;4;4;4;1;0;0;0;0;0;0;0;0;0;0;0;0;0;0;0;0;0;0;1;0;0;0;0;0;0;0;0;0;0;0;0;0;0;0;0;0;0;0;0;0;0;0;0;1;0;0;0;0;0;0;2;0;0;0;0;0;0;0;0;0;PINHAIS;REGIÃO LESTE;28;8
0.606161224866261;2018-05-31;6;11;18;22;550;28;1;6;18;408;28;0;28;691;20;26;4;5;5;4;4;4;5;0;0;0;0;0;0;0;1;0;0;0;0;0;0;0;0;0;0;0;1;0;0;0;0;0;0;0;0;0;0;0;0;0;0;0;0;0;0;0;0;0;0;0;0;1;0;0;0;0;0;0;2;0;0;0;0;0;0;1;0;0;PINHAIS;REGIÃO LESTE;29;7
0.688249400479616;2018-06-30;8;8;15;22;463;27;3;8;17;343;27;0;27;583;23;91;4;4;4;4;5;5;4;0;0;0;0;0;0;1;0;0;0;0;0;0;0;0;0;0;0;0;1;0;0;0;0;0;0;0;0;0;0;0;0;0;0;0;0;0;0;0;0;0;0;0;0;1;0;0;0;0;0;0;2;0;0;0;0;0;0;0;0;0;PINHAIS;REGIÃO LESTE;30;8
0.660948164545287;2018-07-31;7;11;17;21;517;27;0;7;16;354;27;0;27;680;4;4;5;4;4;5;4;4;5;0;0;0;0;0;1;0;0;0;0;0;0;0;0;0;0;0;0;0;1;0;0;0;0;0;0;0;0;0;0;0;0;0;0;0;0;0;0;0;0;0;0;0;0;1;0;0;0;0;0;0;2;0;0;0;0;0;16;0;0;0;PINHAIS;REGIÃO LESTE;31;8
0.647113078767755;2018-08-31;7;10;15;22;480;30;1;7;15;325;30;0;30;635;9;17;4;5;5;4;5;4;4;0;1;0;0;0;0;0;0;0;0;0;0;0;0;0;0;0;0;0;1;0;0;0;0;0;0;0;0;0;0;0;0;0;0;0;0;0;0;0;0;0;0;0;0;1;0;0;0;0;0;0;2;0;0;0;0;0;0;0;0;0;PINHAIS;REGIÃO LESTE;32;8
0.706696181516325;2018-09-30;6;12;18;23;540;30;2;6;17;402;30;0;30;679;10;65;5;4;4;4;4;5;4;0;0;0;0;0;0;0;0;0;0;0;1;0;0;0;0;0;0;0;1;0;0;0;0;0;0;0;0;0;0;0;0;0;0;0;0;0;0;0;0;0;0;0;0;1;0;0;0;0;0;0;2;0;0;0;0;0;0;0;0;0;PINHAIS;REGIÃO LESTE;33;8
0.669249216011806;2018-10-31;11;13;18;23;566;28;9;11;18;446;28;0;28;687;33;264;4;5;4;5;4;4;5;0;0;0;0;0;0;0;0;0;0;1;0;0;0;0;0;0;0;0;1;0;0;0;0;0;0;0;0;0;0;0;0;0;0;0;0;0;0;0;0;0;0;0;0;1;0;0;0;0;0;0;2;0;0;0;0;0;0;0;0;0;PINHAIS;REGIÃO LESTE;34;8
0.536985795978602;2018-11-30;11;15;20;25;605;31;2;11;20;467;31;0;31;743;32;68;4;4;5;4;5;4;4;0;0;0;0;0;0;0;0;0;1;0;0;0;0;0;0;0;0;0;1;0;0;0;0;0;0;0;0;0;0;0;0;0;0;0;0;0;0;0;0;0;0;0;0;1;0;0;0;0;0;0;2;0;0;0;0;0;0;0;0;0;PINHAIS;REGIÃO LESTE;35;6
0.314702084486257;2018-12-31;12;16;23;27;725;33;2;12;22;546;33;0;33;904;20;54;5;4;4;5;4;5;4;0;0;1;0;0;0;0;0;0;0;0;0;0;0;0;0;0;0;0;1;0;0;0;0;0;0;0;0;0;0;0;0;0;0;0;0;0;0;0;0;0;0;0;0;1;0;0;0;0;0;0;2;0;0;0;0;0;0;0;0;0;PINHAIS;REGIÃO LESTE;36;3
0.275594908688434;2019-01-31;17;21;25;28;768;34;5;17;22;602;34;0;34;935;32;161;4;5;5;4;4;4;5;0;0;0;0;1;0;0;0;0;0;0;0;0;0;0;0;0;0;0;0;1;0;0;0;0;0;0;0;0;0;0;0;0;0;0;0;0;0;0;0;0;0;0;0;1;0;0;0;0;0;0;2;0;0;0;0;0;31;0;0;0;PINHAIS;REGIÃO LESTE;37;2
0.360265633646929;2019-02-28;15;17;22;27;614;33;10;15;22;491;33;0;33;737;120;278;4;4;4;4;4;4;4;0;0;0;1;0;0;0;0;0;0;0;0;0;0;0;0;0;0;0;0;1;0;0;0;0;0;0;0;0;0;0;0;0;0;0;0;0;0;0;0;0;0;0;0;1;0;0;0;0;0;0;2;0;0;0;0;0;0;0;0;0;PINHAIS;REGIÃO LESTE;38;4
0.611510791366906;2019-03-31;13;17;21;25;666;31;2;13;20;530;31;0;31;802;12;65;5;4;4;4;5;5;4;0;0;0;0;0;0;0;0;1;0;0;0;0;0;0;0;0;0;0;0;1;0;0;0;0;0;0;0;0;0;0;0;0;0;0;0;0;0;0;0;0;0;0;0;1;0;0;0;0;0;0;2;0;0;0;0;0;0;3;0;0;PINHAIS;REGIÃO LESTE;39;7
0.631064379265818;2019-04-30;12;16;21;24;619;29;3;12;20;485;29;0;29;754;20;101;4;4;4;5;4;4;5;1;0;0;0;0;0;0;0;0;0;0;0;0;0;0;0;0;0;0;0;1;0;0;0;0;0;0;0;0;0;0;0;0;0;0;0;0;0;0;0;0;0;0;0;1;0;0;0;0;0;0;2;0;0;0;0;0;0;1;0;0;PINHAIS;REGIÃO LESTE;40;8
0.614831211953514;2019-05-31;8;14;18;24;567;30;8;8;19;455;30;0;30;679;59;243;4;5;5;4;5;4;4;0;0;0;0;0;0;0;1;0;0;0;0;0;0;0;0;0;0;0;0;1;0;0;0;0;0;0;0;0;0;0;0;0;0;0;0;0;0;0;0;0;0;0;0;1;0;0;0;0;0;0;2;0;0;0;0;0;0;0;0;0;PINHAIS;REGIÃO LESTE;41;7
0.538830474082273;2019-06-30;8;12;17;20;510;26;2;8;15;354;26;0;26;666;28;66;5;4;4;4;4;5;4;0;0;0;0;0;0;1;0;0;0;0;0;0;0;0;0;0;0;0;0;1;0;0;0;0;0;0;0;0;0;0;0;0;0;0;0;0;0;0;0;0;0;0;0;1;0;0;0;0;0;0;2;0;0;0;0;0;0;1;0;0;PINHAIS;REGIÃO LESTE;42;6
0.451946135399373;2019-07-31;6;10;16;20;491;26;0;6;15;326;26;0;26;655;5;12;4;5;4;5;4;4;5;0;0;0;0;0;1;0;0;0;0;0;0;0;0;0;0;0;0;0;0;1;0;0;0;0;0;0;0;0;0;0;0;0;0;0;0;0;0;0;0;0;0;0;0;1;0;0;0;0;0;0;2;0;0;0;0;0;16;0;0;0;PINHAIS;REGIÃO LESTE;43;5
0.53200516509869;2019-08-31;6;9;16;23;493;30;2;6;17;326;30;0;30;660;20;49;4;4;5;4;5;5;4;0;1;0;0;0;0;0;0;0;0;0;0;0;0;0;0;0;0;0;0;1;0;0;0;0;0;0;0;0;0;0;0;0;0;0;0;0;0;0;0;0;0;0;0;1;0;0;0;0;0;0;2;0;0;0;0;0;0;0;0;0;PINHAIS;REGIÃO LESTE;44;6
0.577568714259362;2019-09-30;8;10;18;26;535;34;4;8;18;385;34;0;34;685;32;125;5;4;4;5;4;4;4;0;0;0;0;0;0;0;0;0;0;0;1;0;0;0;0;0;0;0;0;1;0;0;0;0;0;0;0;0;0;0;0;0;0;0;0;0;0;0;0;0;0;0;0;1;0;0;0;0;0;0;2;0;0;0;0;0;0;0;0;0;PINHAIS;REGIÃO LESTE;45;7
0.516878804648589;2019-10-31;11;14;21;26;646;34;3;11;19;470;34;0;34;821;26;85;4;5;5;4;4;4;5;0;0;0;0;0;0;0;0;0;0;1;0;0;0;0;0;0;0;0;0;1;0;0;0;0;0;0;0;0;0;0;0;0;0;0;0;0;0;0;0;0;0;0;0;1;0;0;0;0;0;0;2;0;0;0;0;0;0;0;0;0;PINHAIS;REGIÃO LESTE;46;6
0.444751890795056;2019-11-30;12;15;20;25;612;32;3;12;19;462;32;0;32;762;33;99;4;4;4;4;5;5;4;0;0;0;0;0;0;0;0;0;1;0;0;0;0;0;0;0;0;0;0;1;0;0;0;0;0;0;0;0;0;0;0;0;0;0;0;0;0;0;0;0;0;0;0;1;0;0;0;0;0;0;2;0;0;0;0;0;0;0;0;0;PINHAIS;REGIÃO LESTE;47;5
0.339051835454713;2019-12-31;13;17;22;26;667;33;2;13;19;512;33;0;33;822;21;64;5;4;4;5;4;4;5;0;0;1;0;0;0;0;0;0;0;0;0;0;0;0;0;0;0;0;0;1;0;0;0;0;0;0;0;0;0;0;0;0;0;0;0;0;0;0;0;0;0;0;0;1;0;0;0;0;0;0;2;0;0;0;0;0;0;0;0;0;PINHAIS;REGIÃO LESTE;48;3
0.642501383508578;2020-01-31;14;17;23;26;704;32;7;14;21;555;32;0;32;852;59;208;4;5;5;4;5;4;4;0;0;0;0;1;0;0;0;0;0;0;0;0;0;0;0;0;0;0;0;0;1;0;0;0;0;0;0;0;0;0;0;0;0;0;0;0;0;0;0;0;0;0;0;1;0;0;0;0;0;0;2;0;0;0;0;0;31;0;0;0;PINHAIS;REGIÃO LESTE;49;8
0.658919018631249;2020-02-29;11;17;21;27;622;32;3;11;21;495;32;0;32;749;19;101;4;4;4;4;4;5;4;0;0;0;1;0;0;0;0;0;0;0;0;0;0;0;0;0;0;0;0;0;1;0;0;0;0;0;0;0;0;0;0;0;0;0;0;0;0;0;0;0;0;0;0;1;0;0;0;0;0;0;2;0;0;0;1;1;0;3;0;0;PINHAIS;REGIÃO LESTE;50;8
0.488655229662424;2020-03-31;12;18;21;25;658;32;0;12;19;480;32;0;32;836;5;14;5;4;4;5;4;4;5;0;0;0;0;0;0;0;0;1;0;0;0;0;0;0;0;0;0;0;0;0;1;0;0;0;0;0;0;0;0;0;0;0;0;0;0;0;0;0;0;0;0;0;0;1;0;0;0;0;0;0;2;0;0;0;1;1;0;0;15;0;PINHAIS;REGIÃO LESTE;51;6
0.225235196458218;2020-04-30;8;15;19;24;573;31;1;8;18;395;31;0;31;751;14;21;4;5;5;4;4;4;4;1;0;0;0;0;0;0;0;0;0;0;0;0;0;0;0;0;0;0;0;0;1;0;0;0;0;0;0;0;0;0;0;0;0;0;0;0;0;0;0;0;0;0;0;1;0;0;0;0;0;0;2;0;0;0;1;1;0;1;30;0;PINHAIS;REGIÃO LESTE;52;2
0.175428887659103;2020-05-31;6;13;16;21;509;26;1;6;17;327;26;0;26;692;12;25;5;4;4;4;5;5;4;0;0;0;0;0;0;0;1;0;0;0;0;0;0;0;0;0;0;0;0;0;1;0;0;0;0;0;0;0;0;0;0;0;0;0;0;0;0;0;0;0;0;0;0;1;0;0;0;0;0;0;2;0;0;0;1;1;0;0;31;0;PINHAIS;REGIÃO LESTE;53;1
0.158826784726065;2020-06-30;8;10;17;22;498;27;5;8;19;360;27;0;27;636;65;143;4;4;4;5;4;4;5;0;0;0;0;0;0;1;0;0;0;0;0;0;0;0;0;0;0;0;0;0;1;0;0;0;0;0;0;0;0;0;0;0;0;0;0;0;0;0;0;0;0;0;0;1;0;0;0;0;0;0;2;0;0;0;1;1;0;1;30;0;PINHAIS;REGIÃO LESTE;54;1
0.196642685851319;2020-07-31;6;10;16;20;498;27;1;6;15;334;27;0;27;662;17;28;4;5;5;4;5;4;4;0;0;0;0;0;1;0;0;0;0;0;0;0;0;0;0;0;0;0;0;0;1;0;0;0;0;0;0;0;0;0;0;0;0;0;0;0;0;0;0;0;0;0;0;1;0;0;0;0;0;0;2;0;0;0;1;1;0;0;31;0;PINHAIS;REGIÃO LESTE;55;2
0.177273565762774;2020-08-31;6;8;16;22;503;31;4;6;14;330;31;0;31;675;31;132;5;4;4;5;4;5;4;0;1;0;0;0;0;0;0;0;0;0;0;0;0;0;0;0;0;0;0;0;1;0;0;0;0;0;0;0;0;0;0;0;0;0;0;0;0;0;0;0;0;0;0;1;0;0;0;0;0;0;2;0;0;0;1;1;0;0;31;0;PINHAIS;REGIÃO LESTE;56;1
0.275041505257333;2020-09-30;9;12;20;25;594;34;2;9;18;412;34;0;34;775;34;45;4;5;4;4;4;4;5;0;0;0;0;0;0;0;0;0;0;0;1;0;0;0;0;0;0;0;0;0;1;0;0;0;0;0;0;0;0;0;0;0;0;0;0;0;0;0;0;0;0;0;0;1;0;0;0;0;0;0;2;0;0;0;1;1;0;0;30;0;PINHAIS;REGIÃO LESTE;57;2
0.30308061243313;2020-10-31;11;13;20;27;624;36;4;11;19;452;36;0;36;796;37;118;4;4;5;4;5;5;4;0;0;0;0;0;0;0;0;0;0;1;0;0;0;0;0;0;0;0;0;0;1;0;0;0;0;0;0;0;0;0;0;0;0;0;0;0;0;0;0;0;0;0;0;1;0;0;0;0;0;0;2;0;0;0;1;1;0;0;31;0;PINHAIS;REGIÃO LESTE;58;3
0.230769230769231;2020-11-30;8;14;20;25;595;32;7;8;18;431;32;0;32;759;87;210;5;4;4;5;4;4;4;0;0;0;0;0;0;0;0;0;1;0;0;0;0;0;0;0;0;0;0;0;1;0;0;0;0;0;0;0;0;0;0;0;0;0;0;0;0;0;0;0;0;0;0;1;0;0;0;0;0;0;2;0;0;0;1;1;0;0;30;0;PINHAIS;REGIÃO LESTE;59;2
0.280206603947611;2020-12-31;14;16;22;25;680;32;5;14;19;528;32;0;32;831;26;159;4;5;5;4;4;4;5;0;0;1;0;0;0;0;0;0;0;0;0;0;0;0;0;0;0;0;0;0;1;0;0;0;0;0;0;0;0;0;0;0;0;0;0;0;0;0;0;0;0;0;0;1;0;0;0;0;0;0;2;0;0;0;1;1;0;0;31;0;PINHAIS;REGIÃO LESTE;60;2
0.177273565762774;2021-01-31;14;19;22;26;694;32;7;14;21;570;32;0;32;819;82;215;5;4;4;4;5;5;4;0;0;0;0;1;0;0;0;0;0;0;0;1;0;0;0;0;0;0;0;0;0;0;0;0;0;0;0;0;0;0;0;0;0;0;0;0;0;0;0;0;0;0;0;1;0;0;0;0;0;0;2;0;0;0;1;1;0;0;31;0;PINHAIS;REGIÃO LESTE;61;1
0.142593617413761;2021-02-28;14;18;22;26;619;32;3;14;21;475;32;0;32;763;24;89;4;4;4;4;4;4;4;0;0;0;1;0;0;0;0;0;0;0;0;1;0;0;0;0;0;0;0;0;0;0;0;0;0;0;0;0;0;0;0;0;0;0;0;0;0;0;0;0;0;0;0;1;0;0;0;0;0;0;2;0;0;0;1;2;0;3;28;0;PINHAIS;REGIÃO LESTE;62;1
0.0;2021-03-31;12;18;23;25;698;31;4;12;20;548;31;0;31;848;60;123;4;5;4;5;4;4;5;0;0;0;0;0;0;0;0;1;0;0;0;1;0;0;0;0;0;0;0;0;0;0;0;0;0;0;0;0;0;0;0;0;0;0;0;0;0;0;0;0;0;0;0;1;0;0;0;0;0;0;2;0;0;0;1;2;0;0;31;0;PINHAIS;REGIÃO LESTE;63;0
0.031543995572773;2021-04-30;10;16;19;22;561;29;0;10;17;422;29;0;29;700;8;12;4;4;5;4;5;4;4;1;0;0;0;0;0;0;0;0;0;0;0;1;0;0;0;0;0;0;0;0;0;0;0;0;0;0;0;0;0;0;0;0;0;0;0;0;0;0;0;0;0;0;0;1;0;0;0;0;0;0;2;0;0;0;1;2;0;1;30;0;PINHAIS;REGIÃO LESTE;64;0
0.051466519092418;2021-05-31;8;12;17;21;517;28;4;8;16;352;28;0;28;683;59;123;5;4;4;5;4;5;4;0;0;0;0;0;0;0;1;0;0;0;0;1;0;0;0;0;0;0;0;0;0;0;0;0;0;0;0;0;0;0;0;0;0;0;0;0;0;0;0;0;0;0;0;1;0;0;0;0;0;0;2;0;0;0;1;2;0;0;31;0;PINHAIS;REGIÃO LESTE;65;0
0.164360819037078;2021-06-30;6;9;15;20;452;26;3;6;15;326;26;0;26;578;46;89;4;5;4;4;4;4;5;0;0;0;0;0;0;1;0;0;0;0;0;1;0;0;0;0;0;0;0;0;0;0;0;0;0;0;0;0;0;0;0;0;0;0;0;0;0;0;0;0;0;0;0;1;0;0;0;0;0;0;2;0;0;0;1;2;0;1;30;0;PINHAIS;REGIÃO LESTE;66;1
0.102933038184837;2021-07-31;-14;-3;12;18;361;26;1;-14;12;168;26;0;26;554;12;18;4;4;5;4;5;5;4;0;0;0;0;0;1;0;0;0;0;0;0;1;0;0;0;0;0;0;0;0;0;0;0;0;0;0;0;0;0;0;0;0;0;0;0;0;0;0;0;0;0;0;0;1;0;0;0;0;0;0;2;0;0;0;1;2;0;0;31;0;PINHAIS;REGIÃO LESTE;67;1
0.120088544548976;2021-08-31;8;9;17;24;518;30;3;8;18;354;30;0;30;681;34;89;5;4;4;5;4;4;5;0;1;0;0;0;0;0;0;0;0;0;0;1;0;0;0;0;0;0;0;0;0;0;0;0;0;0;0;0;0;0;0;0;0;0;0;0;0;0;0;0;0;0;0;1;0;0;0;0;0;0;2;0;0;0;1;2;0;0;31;0;PINHAIS;REGIÃO LESTE;68;1
0.075816270060874;2021-09-30;9;12;19;24;574;31;2;9;18;399;31;0;31;748;16;58;4;5;5;4;4;4;4;0;0;0;0;0;0;0;0;0;0;0;1;1;0;0;0;0;0;0;0;0;0;0;0;0;0;0;0;0;0;0;0;0;0;0;0;0;0;0;0;0;0;0;0;1;0;0;0;0;0;0;2;0;0;0;1;2;0;0;30;0;PINHAIS;REGIÃO LESTE;69;0
0.148681055155875;2021-10-31;10;13;17;21;528;27;6;10;16;412;27;0;27;643;26;172;5;4;4;4;5;5;4;0;0;0;0;0;0;0;0;0;0;1;0;1;0;0;0;0;0;0;0;0;0;0;0;0;0;0;0;0;0;0;0;0;0;0;0;0;0;0;0;0;0;0;0;1;0;0;0;0;0;0;2;0;0;0;1;2;0;0;0;0;PINHAIS;REGIÃO LESTE;70;1
0.125622578859989;2021-11-30;11;16;20;25;611;32;2;11;19;452;32;0;32;770;22;51;4;4;4;5;4;4;5;0;0;0;0;0;0;0;0;0;1;0;0;1;0;0;0;0;0;0;0;0;0;0;0;0;0;0;0;0;0;0;0;0;0;0;0;0;0;0;0;0;0;0;0;1;0;0;0;0;0;0;2;0;0;0;1;2;0;0;0;0;PINHAIS;REGIÃO LESTE;71;1
0.194429072126914;2021-12-31;12;17;22;26;670;33;5;12;20;497;33;0;33;842;47;151;4;5;5;4;5;4;4;0;0;1;0;0;0;0;0;0;0;0;0;1;0;0;0;0;0;0;0;0;0;0;0;0;0;0;0;0;0;0;0;0;0;0;0;0;0;0;0;0;0;0;0;1;0;0;0;0;0;0;2;0;0;0;1;2;0;0;0;0;PINHAIS;REGIÃO LESTE;72;1
0.263051097583472;2022-01-31;14;17;23;27;704;33;7;14;21;552;33;0;33;857;47;211;5;4;4;5;4;5;4;0;0;0;0;1;0;0;0;0;0;0;0;0;1;0;0;0;0;0;0;0;0;0;0;0;0;0;0;0;0;0;0;0;0;0;0;0;0;0;0;0;0;0;0;1;0;0;0;0;0;0;2;0;0;0;1;2;31;0;0;0;PINHAIS;REGIÃO LESTE;73;2
0.194244604316547;2022-02-28;13;19;23;26;650;32;4;13;20;496;32;0;32;804;27;112;4;4;4;4;4;4;4;0;0;0;1;0;0;0;0;0;0;0;0;0;1;0;0;0;0;0;0;0;0;0;0;0;0;0;0;0;0;0;0;0;0;0;0;0;0;0;0;0;0;0;0;1;0;0;0;0;0;0;2;0;0;0;1;2;0;1;0;0;PINHAIS;REGIÃO LESTE;74;1
0.771997786386276;2022-03-31;12;15;22;26;685;32;7;12;20;547;32;0;32;823;103;229;4;5;5;4;4;4;5;0;0;0;0;0;0;0;0;1;0;0;0;0;1;0;0;0;0;0;0;0;0;0;0;0;0;0;0;0;0;0;0;0;0;0;0;0;0;0;0;0;0;0;0;1;0;0;0;0;0;0;2;0;0;0;1;2;0;1;0;0;PINHAIS;REGIÃO LESTE;75;9
0.723298284449364;2022-04-30;8;13;19;23;567;29;3;8;18;430;29;0;29;704;37;104;4;4;4;4;5;5;4;1;0;0;0;0;0;0;0;0;0;0;0;0;1;0;0;0;0;0;0;0;0;0;0;0;0;0;0;0;0;0;0;0;0;0;0;0;0;0;0;0;0;0;0;1;0;0;0;0;0;0;2;0;0;1;1;2;0;1;0;0;PINHAIS;REGIÃO LESTE;76;8
0.966426858513189;2022-05-31;7;10;16;21;499;26;5;7;17;357;26;0;26;641;58;142;5;4;4;5;4;4;5;0;0;0;0;0;0;0;1;0;0;0;0;0;1;0;0;0;0;0;0;0;0;0;0;0;0;0;0;0;0;0;0;0;0;0;0;0;0;0;0;0;0;0;0;1;0;0;0;0;0;0;2;0;0;1;1;2;0;0;0;0;PINHAIS;REGIÃO LESTE;77;9
1.0;2022-06-30;7;10;15;22;452;26;4;7;17;332;26;0;26;572;56;135;4;5;5;4;4;4;4;0;0;0;0;0;0;1;0;0;0;0;0;0;1;0;0;0;0;0;0;0;0;0;0;0;0;0;0;0;0;0;0;0;0;0;0;0;0;0;0;0;0;0;0;1;0;0;0;0;0;0;2;0;0;1;1;2;0;1;0;0;PINHAIS;REGIÃO LESTE;78;9
0.680501752444198;2022-07-31;7;12;17;20;534;27;1;7;14;346;27;0;27;722;13;30;5;4;4;4;5;5;4;0;0;0;0;0;1;0;0;0;0;0;0;0;1;0;0;0;0;0;0;0;0;0;0;0;0;0;0;0;0;0;0;0;0;0;0;0;0;0;0;0;0;0;0;1;0;0;0;0;0;0;2;0;0;1;1;2;0;0;0;0;PINHAIS;REGIÃO LESTE;79;8
0.983582364877329;2022-08-31;7;10;15;19;467;27;4;7;14;330;27;0;27;604;52;131;4;5;4;5;4;4;5;0;1;0;0;0;0;0;0;0;0;0;0;0;1;0;0;0;0;0;0;0;0;0;0;0;0;0;0;0;0;0;0;0;0;0;0;0;0;0;0;0;0;0;0;1;0;0;0;0;0;0;2;0;0;1;1;2;0;0;0;0;PINHAIS;REGIÃO LESTE;80;9
0.894853348090758;2022-09-30;7;10;15;23;439;30;6;7;17;322;30;0;30;555;36;169;4;4;5;4;5;4;4;0;0;0;0;0;0;0;0;0;0;0;1;0;1;0;0;0;0;0;0;0;0;0;0;0;0;0;0;0;0;0;0;0;0;0;0;0;0;0;0;0;0;0;0;1;0;0;0;0;0;0;2;0;0;1;1;2;0;0;0;0;PINHAIS;REGIÃO LESTE;81;9
0.766279284264896;2022-10-31;9;14;19;23;582;30;5;9;17;435;30;0;30;728;23;147;5;4;4;5;4;5;4;0;0;0;0;0;0;0;0;0;0;1;0;0;1;0;0;0;0;0;0;0;0;0;0;0;0;0;0;0;0;0;0;0;0;0;0;0;0;0;0;0;0;0;0;1;0;0;0;0;0;0;2;0;0;1;1;2;0;0;0;0;PINHAIS;REGIÃO LESTE;82;8
0.701162147205312;2022-11-30;8;10;18;22;538;28;6;8;18;396;28;0;28;679;28;176;4;5;4;4;4;4;5;0;0;0;0;0;0;0;0;0;1;0;0;0;1;0;0;0;0;0;0;0;0;0;0;0;0;0;0;0;0;0;0;0;0;0;0;0;0;0;0;0;0;0;0;1;0;0;0;0;0;0;2;0;0;1;1;2;0;0;0;0;PINHAIS;REGIÃO LESTE;83;8
0.486072680317285;2022-12-31;13;17;21;25;661;32;5;13;21;515;32;0;32;807;56;168;4;4;5;4;5;5;4;0;0;1;0;0;0;0;0;0;0;0;0;0;1;0;0;0;0;0;0;0;0;0;0;0;0;0;0;0;0;0;0;0;0;0;0;0;0;0;0;0;0;0;0;1;0;0;0;0;0;0;2;0;0;1;1;2;0;0;0;0;PINHAIS;REGIÃO LESTE;84;5
0.31451761667589;2023-01-31;13;17;22;25;687;32;4;13;20;533;32;0;32;842;48;112;5;4;4;5;4;4;5;0;0;0;0;1;0;0;0;0;0;0;0;0;0;1;0;0;0;0;0;0;0;0;0;0;0;0;0;0;0;0;0;0;0;0;0;0;0;0;0;0;0;0;0;1;0;0;0;0;0;0;2;0;0;1;1;2;31;0;0;0;PINHAIS;REGIÃO LESTE;85;3
0.566131710016602;2023-02-28;13;15;22;24;622;31;5;13;20;492;31;0;31;753;21;128;4;4;4;4;4;4;4;0;0;0;1;0;0;0;0;0;0;0;0;0;0;1;0;0;0;0;0;0;0;0;0;0;0;0;0;0;0;0;0;0;0;0;0;0;0;0;0;0;0;0;0;1;0;0;0;0;0;0;2;0;0;1;1;2;0;3;0;0;PINHAIS;REGIÃO LESTE;86;7
0.829182807600074;2023-03-31;14;20;22;25;696;31;3;14;20;550;31;0;31;843;23;96;4;5;5;4;5;4;4;0;0;0;0;0;0;0;0;1;0;0;0;0;0;1;0;0;0;0;0;0;0;0;0;0;0;0;0;0;0;0;0;0;0;0;0;0;0;0;0;0;0;0;0;1;0;0;0;0;0;0;2;0;0;1;1;2;0;0;0;0;PINHAIS;REGIÃO LESTE;87;9
0.651355838406198;2023-04-30;9;15;19;23;562;28;3;9;17;431;28;0;28;694;25;84;5;4;4;4;4;5;4;1;0;0;0;0;0;0;0;0;0;0;0;0;0;1;0;0;0;0;0;0;0;0;0;0;0;0;0;0;0;0;0;0;0;0;0;0;0;0;0;0;0;0;0;1;0;0;0;0;0;0;2;0;0;1;1;2;0;1;0;0;PINHAIS;REGIÃO LESTE;88;8
0.777716288507655;2023-05-31;8;14;18;22;551;28;2;8;19;396;28;0;28;706;34;57;4;5;4;5;4;4;5;0;0;0;0;0;0;0;1;0;0;0;0;0;0;1;0;0;0;0;0;0;0;0;0;0;0;0;0;0;0;0;0;0;0;0;0;0;0;0;0;0;0;0;0;1;0;0;0;0;0;0;2;0;0;1;1;2;0;0;0;0;PINHAIS;REGIÃO LESTE;89;9
0.778638627559491;2023-06-30;6;10;16;22;473;27;1;6;17;317;27;0;27;630;18;44;4;4;5;4;5;4;4;0;0;0;0;0;0;1;0;0;0;0;0;0;0;1;0;0;0;0;0;0;0;0;0;0;0;0;0;0;0;0;0;0;0;0;0;0;0;0;0;0;0;0;0;1;0;0;0;0;0;0;2;0;0;1;1;2;0;1;0;0;PINHAIS;REGIÃO LESTE;90;9
0.486072680317285;2023-07-31;4;10;15;20;480;26;3;4;15;340;26;0;26;620;23;80;5;4;4;5;4;5;4;0;0;0;0;0;1;0;0;0;0;0;0;0;0;1;0;0;0;0;0;0;0;0;0;0;0;0;0;0;0;0;0;0;0;0;0;0;0;0;0;0;0;0;0;1;0;0;0;0;0;0;2;0;0;1;1;2;15;0;0;0;PINHAIS;REGIÃO LESTE;91;5
0.812027301235934;2023-08-31;6;9;17;26;518;30;4;6;21;352;30;0;30;683;30;114;4;5;5;4;4;4;5;0;1;0;0;0;0;0;0;0;0;0;0;0;0;1;0;0;0;0;0;0;0;0;0;0;0;0;0;0;0;0;0;0;0;0;0;0;0;0;0;0;0;0;0;1;0;0;0;0;0;0;2;0;0;1;1;2;0;0;0;0;PINHAIS;REGIÃO LESTE;92;9
0.63475373547316;2023-09-30;10;14;20;26;603;33;4;10;19;439;33;0;33;766;23;110;4;4;4;4;5;5;4;0;0;0;0;0;0;0;0;0;0;0;1;0;0;1;0;0;0;0;0;0;0;0;0;0;0;0;0;0;0;0;0;0;0;0;0;0;0;0;0;0;0;0;0;1;0;0;0;0;0;0;2;0;0;1;1;2;0;0;0;0;PINHAIS;REGIÃO LESTE;93;8
0.674783250322819;2023-10-31;11;12;19;24;584;32;14;11;18;451;32;0;32;718;63;436;5;4;4;5;4;4;5;0;0;0;0;0;0;0;0;0;0;1;0;0;0;1;0;0;0;0;0;0;0;0;0;0;0;0;0;0;0;0;0;0;0;0;0;0;0;0;0;0;0;0;0;1;0;0;0;0;0;0;2;0;0;1;1;2;0;0;0;0;PINHAIS;REGIÃO LESTE;94;8
0.640287769784173;2023-11-30;8;16;21;27;638;35;8;8;21;491;35;0;35;786;83;231;4;5;5;4;4;4;4;0;0;0;0;0;0;0;0;0;1;0;0;0;0;1;0;0;0;0;0;0;0;0;0;0;0;0;0;0;0;0;0;0;0;0;0;0;0;0;0;0;0;0;0;1;0;0;0;0;0;0;2;0;0;1;1;2;0;0;0;0;PINHAIS;REGIÃO LESTE;95;8
0.560413207895222;2023-12-31;13;17;23;28;725;35;2;13;22;558;35;0;35;892;28;54;5;4;4;4;5;5;4;0;0;1;0;0;0;0;0;0;0;0;0;0;0;1;0;0;0;0;0;0;0;0;0;0;0;0;0;0;0;0;0;0;0;0;0;0;0;0;0;0;0;0;0;1;0;0;0;0;0;0;2;0;0;1;1;2;0;0;0;0;PINHAIS;REGIÃO LESTE;96;7
0.411732152739347;2024-01-31;13;17;23;28;706;35;5;13;22;549;35;0;35;862;41;161;4;5;4;5;4;4;5;0;0;0;0;1;0;0;0;0;0;0;0;0;0;0;1;0;0;0;0;0;0;0;0;0;0;0;0;0;0;0;0;0;0;0;0;0;0;0;0;0;0;0;0;1;0;0;0;0;0;0;2;0;0;1;1;2;31;0;0;0;PINHAIS;REGIÃO LESTE;97;4
0.686035786755211;2024-02-29;16;18;23;27;679;32;6;16;22;538;32;0;32;819;48;186;4;4;5;4;4;4;4;0;0;0;1;0;0;0;0;0;0;0;0;0;0;0;1;0;0;0;0;0;0;0;0;0;0;0;0;0;0;0;0;0;0;0;0;0;0;0;0;0;0;0;0;1;0;0;0;0;0;0;2;0;0;1;2;2;0;3;0;0;PINHAIS;REGIÃO LESTE;98;8
0.834901309721454;2024-03-31;14;17;23;28;710;33;2;14;23;567;33;0;33;853;22;47;5;4;4;4;5;5;4;0;0;0;0;0;0;0;0;1;0;0;0;0;0;0;1;0;0;0;0;0;0;0;0;0;0;0;0;0;0;0;0;0;0;0;0;0;0;0;0;0;0;0;0;1;0;0;0;0;0;0;2;0;0;1;2;2;0;1;0;0;PINHAIS;REGIÃO LESTE;99;9
0.324847814056447;2024-04-30;9;16;22;26;645;31;4;9;21;512;31;0;31;778;61;128;4;4;4;5;4;4;5;1;0;0;0;0;0;0;0;0;0;0;0;0;0;0;1;0;0;0;0;0;0;0;0;0;0;0;0;0;0;0;0;0;0;0;0;0;0;0;0;0;0;0;0;1;0;0;0;0;0;0;2;0;0;1;2;2;0;0;0;0;PINHAIS;REGIÃO LESTE;100;3
0.171555063641395;2024-05-31;5;11;19;26;598;30;5;5;22;446;30;0;30;750;51;143;4;5;5;4;5;4;4;0;0;0;0;0;0;0;1;0;0;0;0;0;0;0;1;0;0;0;0;0;0;0;0;0;0;0;0;0;0;0;0;0;0;0;0;0;0;0;0;0;0;0;0;1;0;0;0;0;0;0;2;0;0;1;2;2;0;1;0;30;PINHAIS;REGIÃO LESTE;101;1
0.153292750415053;2024-06-30;9;16;19;22;557;27;1;9;17;383;27;0;27;732;11;32;5;4;4;4;4;5;4;0;0;0;0;0;0;1;0;0;0;0;0;0;0;0;1;0;0;0;0;0;0;0;0;0;0;0;0;0;0;0;0;0;0;0;0;0;0;0;0;0;0;0;0;1;0;0;0;0;0;0;2;0;0;1;2;2;0;0;0;30;PINHAIS;REGIÃO LESTE;102;1
0.451761667589006;2024-07-31;10;15;15;15;477;21;1;10;10;308;21;1;21;647;1;37;4;5;4;5;4;4;5;0;0;0;0;0;1;0;0;0;0;0;0;0;0;0;1;0;0;0;0;0;0;0;0;0;0;0;0;0;0;0;0;0;0;0;0;0;0;0;0;0;0;0;0;1;0;0;0;0;0;0;2;0;0;1;2;2;12;0;0;0;PINHAIS;REGIÃO LESTE;103;5
0.491791182438664;2024-08-31;11;16;16;16;496;21;3;11;11;337;21;3;21;654;3;99;4;4;5;4;5;5;4;0;1;0;0;0;0;0;0;0;0;0;0;0;0;0;1;0;0;0;0;0;0;0;0;0;0;0;0;0;0;0;0;0;0;0;0;0;0;0;0;0;0;0;0;1;0;0;0;0;0;0;2;0;0;1;2;2;0;0;0;0;PINHAIS;REGIÃO LESTE;104;6
0.446596568898727;2024-09-30;13;18;18;18;549;24;3;13;13;390;24;3;24;708;3;88;5;4;4;5;4;4;4;0;0;0;0;0;0;0;0;0;0;0;1;0;0;0;1;0;0;0;0;0;0;0;0;0;0;0;0;0;0;0;0;0;0;0;0;0;0;0;0;0;0;0;0;1;0;0;0;0;0;0;2;0;0;1;2;2;0;0;0;0;PINHAIS;REGIÃO LESTE;105;5
0.486072680317285;2024-10-31;14;19;19;19;585;24;7;14;14;440;24;7;24;729;7;203;4;5;5;4;4;4;5;0;0;0;0;0;0;0;0;0;0;1;0;0;0;0;1;0;0;0;0;0;0;0;0;0;0;0;0;0;0;0;0;0;0;0;0;0;0;0;0;0;0;0;0;1;0;0;0;0;0;0;2;0;0;1;2;2;0;0;0;0;PINHAIS;REGIÃO LESTE;106;5
0.372651678472436;2017-10-31;7;15;21;27;644;34;17;7;20;471;34;0;34;816;100;536;5;4;4;5;4;4;5;0;0;0;0;0;0;0;0;0;0;1;0;0;0;0;0;0;0;1;0;0;0;0;0;0;0;0;0;0;0;0;0;0;0;0;0;0;0;0;0;0;0;0;0;0;1;0;0;0;0;0;1;0;0;0;0;1;0;0;0;0;PITANGA;REGIÃO CENTRAL;1;4
0.309054511857099;2017-11-30;11;18;22;25;651;33;4;11;20;490;33;0;33;813;22;122;4;5;5;4;4;4;4;0;0;0;0;0;0;0;0;0;1;0;0;0;0;0;0;0;0;1;0;0;0;0;0;0;0;0;0;0;0;0;0;0;0;0;0;0;0;0;0;0;0;0;0;0;1;0;0;0;0;0;1;0;0;0;0;1;0;0;0;0;PITANGA;REGIÃO CENTRAL;2;3
0.236064059131506;2017-12-31;16;21;24;28;732;32;6;16;23;599;32;0;32;865;50;180;5;4;4;4;5;5;4;0;0;1;0;0;0;0;0;0;0;0;0;0;0;0;0;0;0;1;0;0;0;0;0;0;0;0;0;0;0;0;0;0;0;0;0;0;0;0;0;0;0;0;0;0;1;0;0;0;0;0;1;0;0;0;0;1;0;0;0;0;PITANGA;REGIÃO CENTRAL;3;2
0.153526331998768;2018-01-31;16;20;23;26;725;31;5;16;22;601;31;0;31;848;24;162;4;5;4;5;4;4;5;0;0;0;0;1;0;0;0;0;0;0;0;0;0;0;0;0;0;0;1;0;0;0;0;0;0;0;0;0;0;0;0;0;0;0;0;0;0;0;0;0;0;0;0;0;1;0;0;0;0;0;1;0;0;0;0;1;31;0;0;0;PITANGA;REGIÃO CENTRAL;4;1
0.285340314136126;2018-02-28;15;19;22;25;628;31;3;15;21;497;31;0;31;758;18;88;4;4;4;4;4;4;4;0;0;0;1;0;0;0;0;0;0;0;0;0;0;0;0;0;0;0;1;0;0;0;0;0;0;0;0;0;0;0;0;0;0;0;0;0;0;0;0;0;0;0;0;0;1;0;0;0;0;0;1;0;0;0;1;1;0;3;0;0;PITANGA;REGIÃO CENTRAL;5;2
0.551124114567293;2018-03-31;16;20;24;27;731;32;7;16;22;597;32;0;32;866;38;218;4;4;5;4;5;5;4;0;0;0;0;0;0;0;0;1;0;0;0;0;0;0;0;0;0;0;1;0;0;0;0;0;0;0;0;0;0;0;0;0;0;0;0;0;0;0;0;0;0;0;0;0;1;0;0;0;0;0;1;0;0;0;1;1;0;1;0;0;PITANGA;REGIÃO CENTRAL;6;7
0.48629504157684;2018-04-30;12;19;22;24;647;29;0;12;20;479;29;0;29;814;4;6;5;4;4;5;4;4;4;1;0;0;0;0;0;0;0;0;0;0;0;0;0;0;0;0;0;0;1;0;0;0;0;0;0;0;0;0;0;0;0;0;0;0;0;0;0;0;0;0;0;0;0;0;1;0;0;0;0;0;1;0;0;0;1;1;0;0;0;0;PITANGA;REGIÃO CENTRAL;7;5
0.501693871265784;2018-05-31;5;12;18;22;566;29;3;5;18;407;29;0;29;724;64;95;4;5;5;4;4;4;5;0;0;0;0;0;0;0;1;0;0;0;0;0;0;0;0;0;0;0;1;0;0;0;0;0;0;0;0;0;0;0;0;0;0;0;0;0;0;0;0;0;0;0;0;0;1;0;0;0;0;0;1;0;0;0;1;1;0;1;0;0;PITANGA;REGIÃO CENTRAL;8;6
0.462272867262088;2018-06-30;3;10;16;22;486;28;5;3;19;370;28;0;28;603;41;140;4;4;4;4;5;5;4;0;0;0;0;0;0;1;0;0;0;0;0;0;0;0;0;0;0;0;1;0;0;0;0;0;0;0;0;0;0;0;0;0;0;0;0;0;0;0;0;0;0;0;0;0;1;0;0;0;0;0;1;0;0;0;1;1;0;0;0;0;PITANGA;REGIÃO CENTRAL;9;5
0.477209732060363;2018-07-31;3;10;18;21;552;28;0;3;16;376;28;0;28;728;8;11;5;4;4;5;4;4;5;0;0;0;0;0;1;0;0;0;0;0;0;0;0;0;0;0;0;0;1;0;0;0;0;0;0;0;0;0;0;0;0;0;0;0;0;0;0;0;0;0;0;0;0;0;1;0;0;0;0;0;1;0;0;0;1;1;16;0;0;0;PITANGA;REGIÃO CENTRAL;10;5
0.557129658145981;2018-08-31;3;11;16;23;497;30;4;3;16;347;30;0;30;648;37;136;4;5;5;4;5;4;4;0;1;0;0;0;0;0;0;0;0;0;0;0;0;0;0;0;0;0;1;0;0;0;0;0;0;0;0;0;0;0;0;0;0;0;0;0;0;0;0;0;0;0;0;0;1;0;0;0;0;0;1;0;0;0;1;1;0;0;0;0;PITANGA;REGIÃO CENTRAL;11;7
0.602556205728365;2018-09-30;6;14;19;26;581;33;9;6;20;434;33;0;33;727;101;275;5;4;4;4;4;5;4;0;0;0;0;0;0;0;0;0;0;0;1;0;0;0;0;0;0;0;1;0;0;0;0;0;0;0;0;0;0;0;0;0;0;0;0;0;0;0;0;0;0;0;0;0;1;0;0;0;0;0;1;0;0;0;1;1;0;0;0;0;PITANGA;REGIÃO CENTRAL;12;7
0.560517400677548;2018-10-31;14;16;21;24;645;30;6;14;20;524;30;0;30;766;64;194;4;5;4;5;4;4;5;0;0;0;0;0;0;0;0;0;0;1;0;0;0;0;0;0;0;0;1;0;0;0;0;0;0;0;0;0;0;0;0;0;0;0;0;0;0;0;0;0;0;0;0;0;1;0;0;0;0;0;1;0;0;0;1;1;0;0;0;0;PITANGA;REGIÃO CENTRAL;13;7
0.482291345857715;2018-11-30;12;19;22;28;672;33;2;12;23;504;33;0;33;840;30;72;4;4;5;4;5;4;4;0;0;0;0;0;0;0;0;0;1;0;0;0;0;0;0;0;0;0;1;0;0;0;0;0;0;0;0;0;0;0;0;0;0;0;0;0;0;0;0;0;0;0;0;0;1;0;0;0;0;0;1;0;0;0;1;1;0;0;0;0;PITANGA;REGIÃO CENTRAL;14;5
0.425315676008623;2018-12-31;14;19;25;28;766;34;3;14;25;587;34;0;34;945;38;85;5;4;4;5;4;5;4;0;0;1;0;0;0;0;0;0;0;0;0;0;0;0;0;0;0;0;1;0;0;0;0;0;0;0;0;0;0;0;0;0;0;0;0;0;0;0;0;0;0;0;0;0;1;0;0;0;0;0;1;0;0;0;1;1;0;0;0;0;PITANGA;REGIÃO CENTRAL;15;4
0.320449645826917;2019-01-31;18;23;26;28;794;34;4;18;24;648;34;0;34;940;23;122;4;5;5;4;4;4;5;0;0;0;0;1;0;0;0;0;0;0;0;0;0;0;0;0;0;0;0;1;0;0;0;0;0;0;0;0;0;0;0;0;0;0;0;0;0;0;0;0;0;0;0;0;1;0;0;0;0;0;1;0;0;0;1;1;31;0;0;0;PITANGA;REGIÃO CENTRAL;16;3
0.437942716353557;2019-02-28;16;19;24;28;660;34;10;16;23;536;34;0;34;785;79;268;4;4;4;4;4;4;4;0;0;0;1;0;0;0;0;0;0;0;0;0;0;0;0;0;0;0;0;1;0;0;0;0;0;0;0;0;0;0;0;0;0;0;0;0;0;0;0;0;0;0;0;0;1;0;0;0;0;0;1;0;0;0;3;1;0;0;0;0;PITANGA;REGIÃO CENTRAL;17;5
0.749923005851555;2019-03-31;15;19;23;25;713;31;3;15;22;578;31;0;31;848;50;98;5;4;4;4;5;5;4;0;0;0;0;0;0;0;0;1;0;0;0;0;0;0;0;0;0;0;0;1;0;0;0;0;0;0;0;0;0;0;0;0;0;0;0;0;0;0;0;0;0;0;0;0;1;0;0;0;0;0;1;0;0;0;3;1;0;3;0;0;PITANGA;REGIÃO CENTRAL;18;8
0.864490298737296;2019-04-30;12;19;22;24;649;29;2;12;21;518;29;0;29;779;24;52;4;4;4;5;4;4;5;1;0;0;0;0;0;0;0;0;0;0;0;0;0;0;0;0;0;0;0;1;0;0;0;0;0;0;0;0;0;0;0;0;0;0;0;0;0;0;0;0;0;0;0;0;1;0;0;0;0;0;1;0;0;0;3;1;0;1;0;0;PITANGA;REGIÃO CENTRAL;19;9
0.796581459809054;2019-05-31;9;13;19;24;589;29;10;9;20;491;29;0;29;688;69;300;4;5;5;4;5;4;4;0;0;0;0;0;0;0;1;0;0;0;0;0;0;0;0;0;0;0;0;1;0;0;0;0;0;0;0;0;0;0;0;0;0;0;0;0;0;0;0;0;0;0;0;0;1;0;0;0;0;0;1;0;0;0;3;1;0;0;0;0;PITANGA;REGIÃO CENTRAL;20;9
0.568986757006468;2019-06-30;6;11;18;22;535;27;3;6;18;399;27;0;27;672;26;84;5;4;4;4;4;5;4;0;0;0;0;0;0;1;0;0;0;0;0;0;0;0;0;0;0;0;0;1;0;0;0;0;0;0;0;0;0;0;0;0;0;0;0;0;0;0;0;0;0;0;0;0;1;0;0;0;0;0;1;0;0;0;3;1;0;1;0;0;PITANGA;REGIÃO CENTRAL;21;7
0.402217431475208;2019-07-31;-1;6;16;21;507;27;2;-1;18;344;27;0;27;669;25;48;4;5;4;5;4;4;5;0;0;0;0;0;1;0;0;0;0;0;0;0;0;0;0;0;0;0;0;1;0;0;0;0;0;0;0;0;0;0;0;0;0;0;0;0;0;0;0;0;0;0;0;0;1;0;0;0;0;0;1;0;0;0;3;1;16;0;0;0;PITANGA;REGIÃO CENTRAL;22;4
0.476439790575916;2019-08-31;3;10;17;22;537;30;0;3;17;365;30;0;30;707;10;15;4;4;5;4;5;5;4;0;1;0;0;0;0;0;0;0;0;0;0;0;0;0;0;0;0;0;0;1;0;0;0;0;0;0;0;0;0;0;0;0;0;0;0;0;0;0;0;0;0;0;0;0;1;0;0;0;0;0;1;0;0;0;3;1;0;0;0;0;PITANGA;REGIÃO CENTRAL;23;5
0.558977517708654;2019-09-30;11;15;21;28;626;33;4;11;22;478;33;0;33;774;36;118;5;4;4;5;4;4;4;0;0;0;0;0;0;0;0;0;0;0;1;0;0;0;0;0;0;0;0;1;0;0;0;0;0;0;0;0;0;0;0;0;0;0;0;0;0;0;0;0;0;0;0;0;1;0;0;0;0;0;1;0;0;0;3;1;0;0;0;0;PITANGA;REGIÃO CENTRAL;24;7
0.630890052356021;2019-10-31;13;18;23;29;728;36;5;13;23;547;36;0;36;909;30;150;4;5;5;4;4;4;5;0;0;0;0;0;0;0;0;0;0;1;0;0;0;0;0;0;0;0;0;1;0;0;0;0;0;0;0;0;0;0;0;0;0;0;0;0;0;0;0;0;0;0;0;0;1;0;0;0;0;0;1;0;0;0;3;1;0;0;0;0;PITANGA;REGIÃO CENTRAL;25;8
0.671080997844164;2019-11-30;14;19;23;28;695;35;5;14;21;521;35;0;35;869;41;152;4;4;4;4;5;5;4;0;0;0;0;0;0;0;0;0;1;0;0;0;0;0;0;0;0;0;0;1;0;0;0;0;0;0;0;0;0;0;0;0;0;0;0;0;0;0;0;0;0;0;0;0;1;0;0;0;0;0;1;0;0;0;3;1;0;0;0;0;PITANGA;REGIÃO CENTRAL;26;8
0.489374807514629;2019-12-31;15;20;23;27;711;33;6;15;21;557;33;0;33;866;46;178;5;4;4;5;4;4;5;0;0;1;0;0;0;0;0;0;0;0;0;0;0;0;0;0;0;0;0;1;0;0;0;0;0;0;0;0;0;0;0;0;0;0;0;0;0;0;0;0;0;0;0;0;1;0;0;0;0;0;1;0;0;0;3;1;0;0;0;0;PITANGA;REGIÃO CENTRAL;27;6
0.332768709578072;2020-01-31;16;19;24;26;735;32;5;16;22;601;32;0;32;869;24;148;4;5;5;4;5;4;4;0;0;0;0;1;0;0;0;0;0;0;0;0;0;0;0;0;0;0;0;0;1;0;0;0;0;0;0;0;0;0;0;0;0;0;0;0;0;0;0;0;0;0;0;0;1;0;0;0;0;0;1;0;0;0;3;1;31;0;0;0;PITANGA;REGIÃO CENTRAL;28;3
0.572836464428704;2020-02-29;14;20;23;27;674;33;4;14;22;538;33;0;33;810;47;119;4;4;4;4;4;5;4;0;0;0;1;0;0;0;0;0;0;0;0;0;0;0;0;0;0;0;0;0;1;0;0;0;0;0;0;0;0;0;0;0;0;0;0;0;0;0;0;0;0;0;0;0;1;0;0;0;0;0;1;0;0;0;3;1;0;3;0;0;PITANGA;REGIÃO CENTRAL;29;7
0.432553125962427;2020-03-31;14;20;23;26;698;33;3;14;21;515;33;0;33;880;60;101;5;4;4;5;4;4;5;0;0;0;0;0;0;0;0;1;0;0;0;0;0;0;0;0;0;0;0;0;1;0;0;0;0;0;0;0;0;0;0;0;0;0;0;0;0;0;0;0;0;0;0;0;1;0;0;0;0;0;1;0;0;0;3;1;0;0;15;0;PITANGA;REGIÃO CENTRAL;30;5
0.032337542346782;2020-04-30;7;14;20;25;595;30;3;7;19;405;30;0;30;786;49;87;4;5;5;4;4;4;4;1;0;0;0;0;0;0;0;0;0;0;0;0;0;0;0;0;0;0;0;0;1;0;0;0;0;0;0;0;0;0;0;0;0;0;0;0;0;0;0;0;0;0;0;0;1;0;0;0;0;0;1;0;0;0;3;1;0;1;30;0;PITANGA;REGIÃO CENTRAL;31;0
0.034955343393902;2020-05-31;5;12;17;22;527;28;10;5;17;342;28;0;28;711;222;295;5;4;4;4;5;5;4;0;0;0;0;0;0;0;1;0;0;0;0;0;0;0;0;0;0;0;0;0;1;0;0;0;0;0;0;0;0;0;0;0;0;0;0;0;0;0;0;0;0;0;0;0;1;0;0;0;0;0;1;0;0;0;3;1;0;0;31;0;PITANGA;REGIÃO CENTRAL;32;0
0.028641823221435;2020-06-30;8;13;18;22;526;27;8;8;18;406;27;0;27;647;65;230;4;4;4;5;4;4;5;0;0;0;0;0;0;1;0;0;0;0;0;0;0;0;0;0;0;0;0;0;1;0;0;0;0;0;0;0;0;0;0;0;0;0;0;0;0;0;0;0;0;0;0;0;1;0;0;0;0;0;1;0;0;0;3;1;0;1;30;0;PITANGA;REGIÃO CENTRAL;33;0
0.052971974129966;2020-07-31;4;9;16;21;508;26;1;4;16;348;26;0;26;668;28;41;4;5;5;4;5;4;4;0;0;0;0;0;1;0;0;0;0;0;0;0;0;0;0;0;0;0;0;0;1;0;0;0;0;0;0;0;0;0;0;0;0;0;0;0;0;0;0;0;0;0;0;0;1;0;0;0;0;0;1;0;0;0;3;1;0;0;31;0;PITANGA;REGIÃO CENTRAL;34;0
0.027871881736988;2020-08-31;2;8;17;23;524;31;11;2;16;353;31;0;31;695;57;329;5;4;4;5;4;5;4;0;1;0;0;0;0;0;0;0;0;0;0;0;0;0;0;0;0;0;0;0;1;0;0;0;0;0;0;0;0;0;0;0;0;0;0;0;0;0;0;0;0;0;0;0;1;0;0;0;0;0;1;0;0;0;3;1;0;0;31;0;PITANGA;REGIÃO CENTRAL;35;0
0.087773329226979;2020-09-30;12;16;22;26;660;34;3;12;19;476;34;0;34;844;36;83;4;5;4;4;4;4;5;0;0;0;0;0;0;0;0;0;0;0;1;0;0;0;0;0;0;0;0;0;1;0;0;0;0;0;0;0;0;0;0;0;0;0;0;0;0;0;0;0;0;0;0;0;1;0;0;0;0;0;1;0;0;0;3;1;0;0;30;0;PITANGA;REGIÃO CENTRAL;36;1
0.026178010471204;2020-10-31;11;17;23;30;704;37;2;11;24;513;37;0;37;895;28;64;4;4;5;4;5;5;4;0;0;0;0;0;0;0;0;0;0;1;0;0;0;0;0;0;0;0;0;0;1;0;0;0;0;0;0;0;0;0;0;0;0;0;0;0;0;0;0;0;0;0;0;0;1;0;0;0;0;0;1;0;0;0;3;1;0;0;31;0;PITANGA;REGIÃO CENTRAL;37;0
0.032337542346782;2020-11-30;9;18;22;27;673;34;4;9;21;473;34;0;34;873;32;123;5;4;4;5;4;4;4;0;0;0;0;0;0;0;0;0;1;0;0;0;0;0;0;0;0;0;0;0;1;0;0;0;0;0;0;0;0;0;0;0;0;0;0;0;0;0;0;0;0;0;0;0;1;0;0;0;0;0;1;0;0;0;3;1;0;0;30;0;PITANGA;REGIÃO CENTRAL;38;0
0.040498922081922;2020-12-31;15;19;23;25;716;30;9;15;21;564;30;0;30;868;48;286;4;5;5;4;4;4;5;0;0;1;0;0;0;0;0;0;0;0;0;0;0;0;0;0;0;0;0;0;1;0;0;0;0;0;0;0;0;0;0;0;0;0;0;0;0;0;0;0;0;0;0;0;1;0;0;0;0;0;1;0;0;0;3;1;0;0;31;0;PITANGA;REGIÃO CENTRAL;39;0
0.030951647674777;2021-01-31;15;20;23;26;711;31;9;15;22;600;31;0;31;822;31;288;5;4;4;4;5;5;4;0;0;0;0;1;0;0;0;0;0;0;0;1;0;0;0;0;0;0;0;0;0;0;0;0;0;0;0;0;0;0;0;0;0;0;0;0;0;0;0;0;0;0;0;0;1;0;0;0;0;0;1;0;0;0;3;1;0;0;31;0;PITANGA;REGIÃO CENTRAL;40;0
0.020326455189406;2021-02-28;14;20;23;25;634;32;1;14;21;480;32;0;32;788;15;42;4;4;4;4;4;4;4;0;0;0;1;0;0;0;0;0;0;0;0;1;0;0;0;0;0;0;0;0;0;0;0;0;0;0;0;0;0;0;0;0;0;0;0;0;0;0;0;0;0;0;0;0;1;0;0;0;0;0;1;0;0;0;3;1;0;3;28;0;PITANGA;REGIÃO CENTRAL;41;0
0.030951647674777;2021-03-31;12;18;23;26;719;32;3;12;20;561;32;0;32;876;23;100;4;5;4;5;4;4;5;0;0;0;0;0;0;0;0;1;0;0;0;1;0;0;0;0;0;0;0;0;0;0;0;0;0;0;0;0;0;0;0;0;0;0;0;0;0;0;0;0;0;0;0;0;1;0;0;0;0;0;1;0;0;0;3;1;0;0;31;0;PITANGA;REGIÃO CENTRAL;42;0
0.009239297813366;2021-04-30;11;17;20;23;586;29;0;11;19;420;29;0;29;751;3;4;4;4;5;4;5;4;4;1;0;0;0;0;0;0;0;0;0;0;0;1;0;0;0;0;0;0;0;0;0;0;0;0;0;0;0;0;0;0;0;0;0;0;0;0;0;0;0;0;0;0;0;0;1;0;0;0;0;0;1;0;0;0;3;1;0;1;30;0;PITANGA;REGIÃO CENTRAL;43;0
0.002309824453342;2021-05-31;4;12;17;21;536;28;3;4;17;371;28;0;28;700;40;103;5;4;4;5;4;5;4;0;0;0;0;0;0;0;1;0;0;0;0;1;0;0;0;0;0;0;0;0;0;0;0;0;0;0;0;0;0;0;0;0;0;0;0;0;0;0;0;0;0;0;0;0;1;0;0;0;0;0;1;0;0;0;3;1;0;0;31;0;PITANGA;REGIÃO CENTRAL;44;0
0.0;2021-06-30;-1;4;15;20;455;25;5;-1;16;331;25;0;25;579;77;142;4;5;4;4;4;4;5;0;0;0;0;0;0;1;0;0;0;0;0;1;0;0;0;0;0;0;0;0;0;0;0;0;0;0;0;0;0;0;0;0;0;0;0;0;0;0;0;0;0;0;0;0;1;0;0;0;0;0;1;0;0;0;3;1;0;1;30;0;PITANGA;REGIÃO CENTRAL;45;0
0.030951647674777;2021-07-31;-1;5;14;20;428;27;2;-1;15;232;27;0;27;624;24;64;4;4;5;4;5;5;4;0;0;0;0;0;1;0;0;0;0;0;0;1;0;0;0;0;0;0;0;0;0;0;0;0;0;0;0;0;0;0;0;0;0;0;0;0;0;0;0;0;0;0;0;0;1;0;0;0;0;0;1;0;0;0;3;1;0;0;31;0;PITANGA;REGIÃO CENTRAL;46;0
0.050046196489067;2021-08-31;6;13;19;25;584;32;2;6;18;399;32;0;32;769;15;47;5;4;4;5;4;4;5;0;1;0;0;0;0;0;0;0;0;0;0;1;0;0;0;0;0;0;0;0;0;0;0;0;0;0;0;0;0;0;0;0;0;0;0;0;0;0;0;0;0;0;0;0;1;0;0;0;0;0;1;0;0;0;3;1;0;0;31;0;PITANGA;REGIÃO CENTRAL;47;0
0.050816137973514;2021-09-30;10;16;22;27;656;34;1;10;22;468;34;0;34;843;22;42;4;5;5;4;4;4;4;0;0;0;0;0;0;0;0;0;0;0;1;1;0;0;0;0;0;0;0;0;0;0;0;0;0;0;0;0;0;0;0;0;0;0;0;0;0;0;0;0;0;0;0;0;1;0;0;0;0;0;1;0;0;0;3;1;0;0;30;0;PITANGA;REGIÃO CENTRAL;48;0
0.064367108099784;2021-10-31;9;16;19;23;604;29;21;9;19;464;29;0;29;745;138;655;5;4;4;4;5;5;4;0;0;0;0;0;0;0;0;0;0;1;0;1;0;0;0;0;0;0;0;0;0;0;0;0;0;0;0;0;0;0;0;0;0;0;0;0;0;0;0;0;0;0;0;0;1;0;0;0;0;0;1;0;0;0;3;1;0;0;0;0;PITANGA;REGIÃO CENTRAL;49;0
0.3279950723745;2021-11-30;11;18;23;26;683;33;2;11;19;488;33;0;33;877;51;63;4;4;4;5;4;4;5;0;0;0;0;0;0;0;0;0;1;0;0;1;0;0;0;0;0;0;0;0;0;0;0;0;0;0;0;0;0;0;0;0;0;0;0;0;0;0;0;0;0;0;0;0;1;0;0;0;0;0;1;0;0;0;3;1;0;0;0;0;PITANGA;REGIÃO CENTRAL;50;3
0.355558977517709;2021-12-31;12;20;24;27;737;34;4;12;21;531;34;0;34;942;92;118;4;5;5;4;5;4;4;0;0;1;0;0;0;0;0;0;0;0;0;1;0;0;0;0;0;0;0;0;0;0;0;0;0;0;0;0;0;0;0;0;0;0;0;0;0;0;0;0;0;0;0;0;1;0;0;0;0;0;1;0;0;0;3;1;0;0;0;0;PITANGA;REGIÃO CENTRAL;51;3
0.279180782260548;2022-01-31;15;20;24;28;746;34;6;15;22;585;34;0;34;906;21;194;5;4;4;5;4;5;4;0;0;0;0;1;0;0;0;0;0;0;0;0;1;0;0;0;0;0;0;0;0;0;0;0;0;0;0;0;0;0;0;0;0;0;0;0;0;0;0;0;0;0;0;0;1;0;0;0;0;0;1;0;0;0;3;1;31;0;0;0;PITANGA;REGIÃO CENTRAL;52;2
0.554973821989529;2022-02-28;15;22;24;27;680;34;4;15;22;512;34;0;34;848;28;103;4;4;4;4;4;4;4;0;0;0;1;0;0;0;0;0;0;0;0;0;1;0;0;0;0;0;0;0;0;0;0;0;0;0;0;0;0;0;0;0;0;0;0;0;0;0;0;0;0;0;0;0;1;0;0;0;0;0;1;0;0;0;3;1;0;1;0;0;PITANGA;REGIÃO CENTRAL;53;7
0.599014474899908;2022-03-31;15;19;23;27;723;33;12;15;21;572;33;0;33;874;64;382;4;5;5;4;4;4;5;0;0;0;0;0;0;0;0;1;0;0;0;0;1;0;0;0;0;0;0;0;0;0;0;0;0;0;0;0;0;0;0;0;0;0;0;0;0;0;0;0;0;0;0;0;1;0;0;0;0;0;1;0;0;0;3;1;0;1;0;0;PITANGA;REGIÃO CENTRAL;54;7
0.471204188481675;2022-04-30;9;15;20;24;603;29;12;9;18;456;29;0;29;749;101;368;4;4;4;4;5;5;4;1;0;0;0;0;0;0;0;0;0;0;0;0;1;0;0;0;0;0;0;0;0;0;0;0;0;0;0;0;0;0;0;0;0;0;0;0;0;0;0;0;0;0;0;0;1;0;0;0;0;0;1;0;0;0;3;1;0;1;0;0;PITANGA;REGIÃO CENTRAL;55;5
0.627656298121343;2022-05-31;4;8;16;22;501;28;7;4;18;354;28;0;28;647;83;212;5;4;4;5;4;4;5;0;0;0;0;0;0;0;1;0;0;0;0;0;1;0;0;0;0;0;0;0;0;0;0;0;0;0;0;0;0;0;0;0;0;0;0;0;0;0;0;0;0;0;0;0;1;0;0;0;0;0;1;0;0;0;3;1;0;0;0;0;PITANGA;REGIÃO CENTRAL;56;8
0.545118570988605;2022-06-30;2;9;16;21;481;26;5;2;15;337;26;0;26;624;62;161;4;5;5;4;4;4;4;0;0;0;0;0;0;1;0;0;0;0;0;0;1;0;0;0;0;0;0;0;0;0;0;0;0;0;0;0;0;0;0;0;0;0;0;0;0;0;0;0;0;0;0;0;1;0;0;0;0;0;1;0;0;0;3;1;0;1;0;0;PITANGA;REGIÃO CENTRAL;57;6
0.556051740067755;2022-07-31;4;12;19;21;576;27;1;4;16;390;27;0;27;762;8;25;5;4;4;4;5;5;4;0;0;0;0;0;1;0;0;0;0;0;0;0;1;0;0;0;0;0;0;0;0;0;0;0;0;0;0;0;0;0;0;0;0;0;0;0;0;0;0;0;0;0;0;0;1;0;0;0;0;0;1;0;0;0;3;1;0;0;0;0;PITANGA;REGIÃO CENTRAL;58;7
0.665845395749923;2022-08-31;2;9;16;22;510;29;6;2;16;340;29;0;29;679;62;190;4;5;4;5;4;4;5;0;1;0;0;0;0;0;0;0;0;0;0;0;1;0;0;0;0;0;0;0;0;0;0;0;0;0;0;0;0;0;0;0;0;0;0;0;0;0;0;0;0;0;0;0;1;0;0;0;0;0;1;0;0;0;3;1;0;0;0;0;PITANGA;REGIÃO CENTRAL;59;8
0.623652602402218;2022-09-30;5;12;16;24;491;31;12;5;17;359;31;0;31;622;65;355;4;4;5;4;5;4;4;0;0;0;0;0;0;0;0;0;0;0;1;0;1;0;0;0;0;0;0;0;0;0;0;0;0;0;0;0;0;0;0;0;0;0;0;0;0;0;0;0;0;0;0;0;1;0;0;0;0;0;1;0;0;0;3;1;0;0;0;0;PITANGA;REGIÃO CENTRAL;60;7
0.479673544810594;2022-10-31;-1;12;20;23;625;31;15;-1;18;456;31;0;31;795;132;464;5;4;4;5;4;5;4;0;0;0;0;0;0;0;0;0;0;1;0;0;1;0;0;0;0;0;0;0;0;0;0;0;0;0;0;0;0;0;0;0;0;0;0;0;0;0;0;0;0;0;0;0;1;0;0;0;0;0;1;0;0;0;3;1;0;0;0;0;PITANGA;REGIÃO CENTRAL;61;5
0.498922081921774;2022-11-30;8;12;20;24;598;31;4;8;19;407;31;0;31;788;44;105;4;5;4;4;4;4;5;0;0;0;0;0;0;0;0;0;1;0;0;0;1;0;0;0;0;0;0;0;0;0;0;0;0;0;0;0;0;0;0;0;0;0;0;0;0;0;0;0;0;0;0;0;1;0;0;0;0;0;1;0;0;0;3;1;0;0;0;0;PITANGA;REGIÃO CENTRAL;62;6
0.493994456421312;2022-12-31;-6;12;23;26;702;32;7;-6;21;522;32;0;32;881;42;211;4;4;5;4;5;5;4;0;0;1;0;0;0;0;0;0;0;0;0;0;1;0;0;0;0;0;0;0;0;0;0;0;0;0;0;0;0;0;0;0;0;0;0;0;0;0;0;0;0;0;0;0;1;0;0;0;0;0;1;0;0;0;3;1;0;0;0;0;PITANGA;REGIÃO CENTRAL;63;6
0.288728056667693;2023-01-31;14;19;23;26;710;31;6;14;20;557;31;0;31;862;47;184;5;4;4;5;4;4;5;0;0;0;0;1;0;0;0;0;0;0;0;0;0;1;0;0;0;0;0;0;0;0;0;0;0;0;0;0;0;0;0;0;0;0;0;0;0;0;0;0;0;0;0;0;1;0;0;0;0;0;1;0;0;0;3;1;31;0;0;0;PITANGA;REGIÃO CENTRAL;64;2
0.481675392670157;2023-02-28;12;17;22;25;624;32;12;12;20;499;32;0;32;748;55;334;4;4;4;4;4;4;4;0;0;0;1;0;0;0;0;0;0;0;0;0;0;1;0;0;0;0;0;0;0;0;0;0;0;0;0;0;0;0;0;0;0;0;0;0;0;0;0;0;0;0;0;0;1;0;0;0;0;0;1;0;0;0;3;1;0;3;0;0;PITANGA;REGIÃO CENTRAL;65;5
0.704034493378503;2023-03-31;17;22;24;26;729;31;6;17;21;566;31;0;31;892;30;174;4;5;5;4;5;4;4;0;0;0;0;0;0;0;0;1;0;0;0;0;0;1;0;0;0;0;0;0;0;0;0;0;0;0;0;0;0;0;0;0;0;0;0;0;0;0;0;0;0;0;0;0;1;0;0;0;0;0;1;0;0;0;3;1;0;0;0;0;PITANGA;REGIÃO CENTRAL;66;8
0.369571912534647;2023-04-30;9;15;20;24;603;30;5;9;18;451;30;0;30;755;51;156;5;4;4;4;4;5;4;1;0;0;0;0;0;0;0;0;0;0;0;0;0;1;0;0;0;0;0;0;0;0;0;0;0;0;0;0;0;0;0;0;0;0;0;0;0;0;0;0;0;0;0;0;1;0;0;0;0;0;1;0;0;0;3;1;0;1;0;0;PITANGA;REGIÃO CENTRAL;67;4
0.560825377271327;2023-05-31;8;15;18;23;572;28;5;8;19;408;28;0;28;736;67;141;4;5;4;5;4;4;5;0;0;0;0;0;0;0;1;0;0;0;0;0;0;1;0;0;0;0;0;0;0;0;0;0;0;0;0;0;0;0;0;0;0;0;0;0;0;0;0;0;0;0;0;0;1;0;0;0;0;0;1;0;0;0;3;1;0;0;0;0;PITANGA;REGIÃO CENTRAL;68;7
0.720665229442562;2023-06-30;5;11;16;21;493;27;2;5;15;330;27;0;27;655;17;48;4;4;5;4;5;4;4;0;0;0;0;0;0;1;0;0;0;0;0;0;0;1;0;0;0;0;0;0;0;0;0;0;0;0;0;0;0;0;0;0;0;0;0;0;0;0;0;0;0;0;0;0;1;0;0;0;0;0;1;0;0;0;3;1;0;1;0;0;PITANGA;REGIÃO CENTRAL;69;8
0.374653526331999;2023-07-31;5;10;17;21;531;26;3;5;16;378;26;0;26;684;24;97;5;4;4;5;4;5;4;0;0;0;0;0;1;0;0;0;0;0;0;0;0;1;0;0;0;0;0;0;0;0;0;0;0;0;0;0;0;0;0;0;0;0;0;0;0;0;0;0;0;0;0;0;1;0;0;0;0;0;1;0;0;0;3;1;15;0;0;0;PITANGA;REGIÃO CENTRAL;70;4
0.52740991684632;2023-08-31;6;13;19;25;581;32;6;6;19;396;32;0;32;765;100;194;4;5;5;4;4;4;5;0;1;0;0;0;0;0;0;0;0;0;0;0;0;1;0;0;0;0;0;0;0;0;0;0;0;0;0;0;0;0;0;0;0;0;0;0;0;0;0;0;0;0;0;0;1;0;0;0;0;0;1;0;0;0;3;1;0;0;0;0;PITANGA;REGIÃO CENTRAL;71;6
0.563597166615337;2023-09-30;7;15;22;28;663;35;8;7;22;484;35;0;35;841;69;233;4;4;4;4;5;5;4;0;0;0;0;0;0;0;0;0;0;0;1;0;0;1;0;0;0;0;0;0;0;0;0;0;0;0;0;0;0;0;0;0;0;0;0;0;0;0;0;0;0;0;0;0;1;0;0;0;0;0;1;0;0;0;3;1;0;0;0;0;PITANGA;REGIÃO CENTRAL;72;7
0.570372651678472;2023-10-31;13;18;22;26;685;33;19;13;22;531;33;0;33;840;116;594;5;4;4;5;4;4;5;0;0;0;0;0;0;0;0;0;0;1;0;0;0;1;0;0;0;0;0;0;0;0;0;0;0;0;0;0;0;0;0;0;0;0;0;0;0;0;0;0;0;0;0;0;1;0;0;0;0;0;1;0;0;0;3;1;0;0;0;0;PITANGA;REGIÃO CENTRAL;73;7
0.70218663381583;2023-11-30;9;17;23;29;690;36;7;9;23;524;36;0;36;856;44;205;4;5;5;4;4;4;4;0;0;0;0;0;0;0;0;0;1;0;0;0;0;1;0;0;0;0;0;0;0;0;0;0;0;0;0;0;0;0;0;0;0;0;0;0;0;0;0;0;0;0;0;0;1;0;0;0;0;0;1;0;0;0;3;1;0;0;0;0;PITANGA;REGIÃO CENTRAL;74;8
0.670619032953496;2023-12-31;16;20;25;28;766;35;4;16;21;580;35;0;35;952;39;131;5;4;4;4;5;5;4;0;0;1;0;0;0;0;0;0;0;0;0;0;0;1;0;0;0;0;0;0;0;0;0;0;0;0;0;0;0;0;0;0;0;0;0;0;0;0;0;0;0;0;0;0;1;0;0;0;0;0;1;0;0;0;3;1;0;0;0;0;PITANGA;REGIÃO CENTRAL;75;8
0.451031721589159;2024-01-31;14;19;24;28;750;36;7;14;22;578;36;0;36;923;61;219;4;5;4;5;4;4;5;0;0;0;0;1;0;0;0;0;0;0;0;0;0;0;1;0;0;0;0;0;0;0;0;0;0;0;0;0;0;0;0;0;0;0;0;0;0;0;0;0;0;0;0;0;1;0;0;0;0;0;1;0;0;0;3;1;31;0;0;0;PITANGA;REGIÃO CENTRAL;76;5
0.908376963350785;2024-02-29;17;21;25;27;723;34;2;17;22;565;34;0;34;880;20;68;4;4;5;4;4;4;4;0;0;0;1;0;0;0;0;0;0;0;0;0;0;0;1;0;0;0;0;0;0;0;0;0;0;0;0;0;0;0;0;0;0;0;0;0;0;0;0;0;0;0;0;0;1;0;0;0;0;0;2;0;0;0;3;1;0;3;0;0;PITANGA;REGIÃO CENTRAL;77;9
1.0;2024-03-31;16;19;25;28;765;35;2;16;22;595;35;0;35;934;37;75;5;4;4;4;5;5;4;0;0;0;0;0;0;0;0;1;0;0;0;0;0;0;1;0;0;0;0;0;0;0;0;0;0;0;0;0;0;0;0;0;0;0;0;0;0;0;0;0;0;0;0;0;1;0;0;0;0;0;2;0;0;0;3;1;0;1;0;0;PITANGA;REGIÃO CENTRAL;78;9
0.572836464428704;2024-04-30;11;17;23;26;680;32;4;11;21;531;32;0;32;830;50;111;4;4;4;5;4;4;5;1;0;0;0;0;0;0;0;0;0;0;0;0;0;0;1;0;0;0;0;0;0;0;0;0;0;0;0;0;0;0;0;0;0;0;0;0;0;0;0;0;0;0;0;0;1;0;0;0;0;0;2;0;0;0;3;1;0;0;0;0;PITANGA;REGIÃO CENTRAL;79;7
0.341238065906991;2024-05-31;5;11;20;26;617;31;1;5;21;469;31;0;31;766;20;37;4;5;5;4;5;4;4;0;0;0;0;0;0;0;1;0;0;0;0;0;0;0;1;0;0;0;0;0;0;0;0;0;0;0;0;0;0;0;0;0;0;0;0;0;0;0;0;0;0;0;0;0;1;0;0;0;0;0;2;0;0;0;3;1;0;1;0;30;PITANGA;REGIÃO CENTRAL;80;3
0.25408068986757;2024-06-30;5;12;20;22;586;29;0;5;18;411;29;0;29;761;1;2;5;4;4;4;4;5;4;0;0;0;0;0;0;1;0;0;0;0;0;0;0;0;1;0;0;0;0;0;0;0;0;0;0;0;0;0;0;0;0;0;0;0;0;0;0;0;0;0;0;0;0;0;1;0;0;0;0;0;2;0;0;0;3;1;0;0;0;30;PITANGA;REGIÃO CENTRAL;81;2
0.575146288882045;2024-07-31;5;10;16;21;491;27;3;5;15;353;27;0;27;629;28;83;4;5;4;5;4;4;5;0;0;0;0;0;1;0;0;0;0;0;0;0;0;0;1;0;0;0;0;0;0;0;0;0;0;0;0;0;0;0;0;0;0;0;0;0;0;0;0;0;0;0;0;0;1;0;0;0;0;0;2;0;0;0;3;1;12;0;0;0;PITANGA;REGIÃO CENTRAL;82;7
0.770865414228519;2024-08-31;0;9;18;25;549;33;1;0;20;350;33;0;33;748;10;28;4;4;5;4;5;5;4;0;1;0;0;0;0;0;0;0;0;0;0;0;0;0;1;0;0;0;0;0;0;0;0;0;0;0;0;0;0;0;0;0;0;0;0;0;0;0;0;0;0;0;0;0;1;0;0;0;0;0;2;0;0;0;3;1;0;0;0;0;PITANGA;REGIÃO CENTRAL;83;9
0.683708038189098;2024-09-30;11;15;22;27;656;35;4;11;20;462;35;0;35;850;39;106;5;4;4;5;4;4;4;0;0;0;0;0;0;0;0;0;0;0;1;0;0;0;1;0;0;0;0;0;0;0;0;0;0;0;0;0;0;0;0;0;0;0;0;0;0;0;0;0;0;0;0;0;1;0;0;0;0;0;2;0;0;0;3;1;0;0;0;0;PITANGA;REGIÃO CENTRAL;84;8
0.804280874653526;2024-10-31;12;17;22;27;682;34;4;12;23;532;34;0;34;833;42;115;4;5;5;4;4;4;5;0;0;0;0;0;0;0;0;0;0;1;0;0;0;0;1;0;0;0;0;0;0;0;0;0;0;0;0;0;0;0;0;0;0;0;0;0;0;0;0;0;0;0;0;0;1;0;0;0;0;0;2;0;0;0;3;1;0;0;0;0;PITANGA;REGIÃO CENTRAL;85;9
0.501143583227446;2017-11-30;10;16;20;23;592;31;6;10;18;413;31;0;31;772;55;185;4;5;5;4;4;4;4;0;0;0;0;0;0;0;0;0;1;0;0;0;0;0;0;0;0;1;0;0;0;0;0;0;0;0;0;0;0;0;0;0;0;0;0;0;0;0;0;0;0;0;0;0;0;1;0;0;0;0;1;0;0;0;0;0;0;0;0;0;QUEDAS DO IGUAÇU;REGIÃO OESTE;1;6
0.387039390088945;2017-12-31;14;21;23;26;715;33;3;14;21;554;33;0;33;875;35;108;5;4;4;4;5;5;4;0;0;1;0;0;0;0;0;0;0;0;0;0;0;0;0;0;0;1;0;0;0;0;0;0;0;0;0;0;0;0;0;0;0;0;0;0;0;0;0;0;0;0;0;0;0;1;0;0;0;0;1;0;0;0;0;0;0;0;0;0;QUEDAS DO IGUAÇU;REGIÃO OESTE;2;4
0.385006353240153;2018-01-31;15;21;23;24;706;31;6;15;20;565;31;0;31;846;67;198;4;5;4;5;4;4;5;0;0;0;0;1;0;0;0;0;0;0;0;0;0;0;0;0;0;0;1;0;0;0;0;0;0;0;0;0;0;0;0;0;0;0;0;0;0;0;0;0;0;0;0;0;0;1;0;0;0;0;1;0;0;0;0;0;31;0;0;0;QUEDAS DO IGUAÇU;REGIÃO OESTE;3;4
0.457941550190597;2018-02-28;13;20;22;25;626;31;5;13;19;477;31;0;31;775;56;127;4;4;4;4;4;4;4;0;0;0;1;0;0;0;0;0;0;0;0;0;0;0;0;0;0;0;1;0;0;0;0;0;0;0;0;0;0;0;0;0;0;0;0;0;0;0;0;0;0;0;0;0;0;1;0;0;0;0;1;0;0;0;0;0;0;3;0;0;QUEDAS DO IGUAÇU;REGIÃO OESTE;4;5
0.588310038119441;2018-03-31;12;17;22;26;694;32;6;12;21;548;32;0;32;839;58;199;4;4;5;4;5;5;4;0;0;0;0;0;0;0;0;1;0;0;0;0;0;0;0;0;0;0;1;0;0;0;0;0;0;0;0;0;0;0;0;0;0;0;0;0;0;0;0;0;0;0;0;0;0;1;0;0;0;0;1;0;0;0;0;0;0;1;0;0;QUEDAS DO IGUAÇU;REGIÃO OESTE;5;7
0.552986022871665;2018-04-30;14;20;21;24;644;30;1;14;18;468;30;0;30;820;20;21;5;4;4;5;4;4;4;1;0;0;0;0;0;0;0;0;0;0;0;0;0;0;0;0;0;0;1;0;0;0;0;0;0;0;0;0;0;0;0;0;0;0;0;0;0;0;0;0;0;0;0;0;0;1;0;0;0;0;1;0;0;0;0;0;0;0;0;0;QUEDAS DO IGUAÇU;REGIÃO OESTE;6;7
0.574587039390089;2018-05-31;4;9;17;22;521;29;4;4;17;366;29;0;29;675;74;121;4;5;5;4;4;4;5;0;0;0;0;0;0;0;1;0;0;0;0;0;0;0;0;0;0;0;1;0;0;0;0;0;0;0;0;0;0;0;0;0;0;0;0;0;0;0;0;0;0;0;0;0;0;1;0;0;0;0;1;0;0;0;0;0;0;1;0;0;QUEDAS DO IGUAÇU;REGIÃO OESTE;7;7
0.582465057179161;2018-06-30;1;6;14;22;422;25;4;1;19;288;25;0;25;555;28;112;4;4;4;4;5;5;4;0;0;0;0;0;0;1;0;0;0;0;0;0;0;0;0;0;0;0;1;0;0;0;0;0;0;0;0;0;0;0;0;0;0;0;0;0;0;0;0;0;0;0;0;0;0;1;0;0;0;0;1;0;0;0;0;0;0;0;0;0;QUEDAS DO IGUAÇU;REGIÃO OESTE;8;7
0.522490470139771;2018-07-31;2;7;16;21;484;28;0;2;15;312;28;0;28;656;5;10;5;4;4;5;4;4;5;0;0;0;0;0;1;0;0;0;0;0;0;0;0;0;0;0;0;0;1;0;0;0;0;0;0;0;0;0;0;0;0;0;0;0;0;0;0;0;0;0;0;0;0;0;0;1;0;0;0;0;1;0;0;0;0;0;16;0;0;0;QUEDAS DO IGUAÇU;REGIÃO OESTE;9;6
0.598983481575604;2018-08-31;1;9;14;22;439;30;3;1;15;257;30;0;30;621;18;86;4;5;5;4;5;4;4;0;1;0;0;0;0;0;0;0;0;0;0;0;0;0;0;0;0;0;1;0;0;0;0;0;0;0;0;0;0;0;0;0;0;0;0;0;0;0;0;0;0;0;0;0;0;1;0;0;0;0;1;0;0;0;0;0;0;0;0;0;QUEDAS DO IGUAÇU;REGIÃO OESTE;10;7
0.576365946632783;2018-09-30;5;12;18;25;549;32;11;5;18;393;32;0;32;706;138;327;5;4;4;4;4;5;4;0;0;0;0;0;0;0;0;0;0;0;1;0;0;0;0;0;0;0;1;0;0;0;0;0;0;0;0;0;0;0;0;0;0;0;0;0;0;0;0;0;0;0;0;0;0;1;0;0;0;0;1;0;0;0;0;0;0;0;0;0;QUEDAS DO IGUAÇU;REGIÃO OESTE;11;7
0.566963151207116;2018-10-31;10;15;19;22;598;30;9;10;19;476;30;0;30;721;67;275;4;5;4;5;4;4;5;0;0;0;0;0;0;0;0;0;0;1;0;0;0;0;0;0;0;0;1;0;0;0;0;0;0;0;0;0;0;0;0;0;0;0;0;0;0;0;0;0;0;0;0;0;0;1;0;0;0;0;1;0;0;0;0;0;0;0;0;0;QUEDAS DO IGUAÇU;REGIÃO OESTE;12;7
0.533672172808132;2018-11-30;14;18;22;25;651;32;4;14;19;491;32;0;32;810;27;107;4;4;5;4;5;4;4;0;0;0;0;0;0;0;0;0;1;0;0;0;0;0;0;0;0;0;1;0;0;0;0;0;0;0;0;0;0;0;0;0;0;0;0;0;0;0;0;0;0;0;0;0;0;1;0;0;0;0;1;0;0;0;0;0;0;0;0;0;QUEDAS DO IGUAÇU;REGIÃO OESTE;13;6
0.36010165184244;2018-12-31;11;18;23;27;721;34;2;11;21;525;34;0;34;916;15;58;5;4;4;5;4;5;4;0;0;1;0;0;0;0;0;0;0;0;0;0;0;0;0;0;0;0;1;0;0;0;0;0;0;0;0;0;0;0;0;0;0;0;0;0;0;0;0;0;0;0;0;0;0;1;0;0;0;0;1;0;0;0;0;0;0;0;0;0;QUEDAS DO IGUAÇU;REGIÃO OESTE;14;4
0.320203303684879;2019-01-31;17;21;25;27;774;34;7;17;21;606;34;0;34;943;49;210;4;5;5;4;4;4;5;0;0;0;0;1;0;0;0;0;0;0;0;0;0;0;0;0;0;0;0;1;0;0;0;0;0;0;0;0;0;0;0;0;0;0;0;0;0;0;0;0;0;0;0;0;0;1;0;0;0;0;1;0;0;0;0;0;31;0;0;0;QUEDAS DO IGUAÇU;REGIÃO OESTE;15;3
0.429479034307497;2019-02-28;14;18;23;27;643;34;6;14;22;498;34;0;34;788;55;158;4;4;4;4;4;4;4;0;0;0;1;0;0;0;0;0;0;0;0;0;0;0;0;0;0;0;0;1;0;0;0;0;0;0;0;0;0;0;0;0;0;0;0;0;0;0;0;0;0;0;0;0;0;1;0;0;0;0;1;0;0;0;0;0;0;0;0;0;QUEDAS DO IGUAÇU;REGIÃO OESTE;16;5
0.595933926302414;2019-03-31;13;19;21;25;665;31;5;13;19;513;31;0;31;816;59;166;5;4;4;4;5;5;4;0;0;0;0;0;0;0;0;1;0;0;0;0;0;0;0;0;0;0;0;1;0;0;0;0;0;0;0;0;0;0;0;0;0;0;0;0;0;0;0;0;0;0;0;0;0;1;0;0;0;0;1;0;0;0;0;0;0;3;0;0;QUEDAS DO IGUAÇU;REGIÃO OESTE;17;7
0.607369758576874;2019-04-30;10;18;20;23;611;28;3;10;18;472;28;0;28;750;23;80;4;4;4;5;4;4;5;1;0;0;0;0;0;0;0;0;0;0;0;0;0;0;0;0;0;0;0;1;0;0;0;0;0;0;0;0;0;0;0;0;0;0;0;0;0;0;0;0;0;0;0;0;0;1;0;0;0;0;1;0;0;0;0;0;0;1;0;0;QUEDAS DO IGUAÇU;REGIÃO OESTE;18;7
0.727318932655654;2019-05-31;8;12;18;23;550;28;8;8;18;437;28;0;28;663;75;254;4;5;5;4;5;4;4;0;0;0;0;0;0;0;1;0;0;0;0;0;0;0;0;0;0;0;0;1;0;0;0;0;0;0;0;0;0;0;0;0;0;0;0;0;0;0;0;0;0;0;0;0;0;1;0;0;0;0;1;0;0;0;0;0;0;0;0;0;QUEDAS DO IGUAÇU;REGIÃO OESTE;19;8
0.696315120711563;2019-06-30;7;11;18;22;527;27;1;7;16;368;27;0;27;687;16;26;5;4;4;4;4;5;4;0;0;0;0;0;0;1;0;0;0;0;0;0;0;0;0;0;0;0;0;1;0;0;0;0;0;0;0;0;0;0;0;0;0;0;0;0;0;0;0;0;0;0;0;0;0;1;0;0;0;0;1;0;0;0;0;0;0;1;0;0;QUEDAS DO IGUAÇU;REGIÃO OESTE;20;8
0.611181702668361;2019-07-31;-4;3;14;20;435;26;2;-4;15;267;26;0;26;603;27;68;4;5;4;5;4;4;5;0;0;0;0;0;1;0;0;0;0;0;0;0;0;0;0;0;0;0;0;1;0;0;0;0;0;0;0;0;0;0;0;0;0;0;0;0;0;0;0;0;0;0;0;0;0;1;0;0;0;0;1;0;0;0;0;0;16;0;0;0;QUEDAS DO IGUAÇU;REGIÃO OESTE;21;7
0.744091486658196;2019-08-31;0;7;16;22;506;31;1;0;16;300;31;0;31;712;16;25;4;4;5;4;5;5;4;0;1;0;0;0;0;0;0;0;0;0;0;0;0;0;0;0;0;0;0;1;0;0;0;0;0;0;0;0;0;0;0;0;0;0;0;0;0;0;0;0;0;0;0;0;0;1;0;0;0;0;1;0;0;0;0;0;0;0;0;0;QUEDAS DO IGUAÇU;REGIÃO OESTE;22;8
0.730876747141042;2019-09-30;7;14;20;27;597;34;1;7;19;417;34;0;34;778;18;40;5;4;4;5;4;4;4;0;0;0;0;0;0;0;0;0;0;0;1;0;0;0;0;0;0;0;0;1;0;0;0;0;0;0;0;0;0;0;0;0;0;0;0;0;0;0;0;0;0;0;0;0;0;1;0;0;0;0;1;0;0;0;0;0;0;0;0;0;QUEDAS DO IGUAÇU;REGIÃO OESTE;23;8
0.683608640406607;2019-10-31;11;17;23;28;700;35;5;11;21;512;35;0;35;887;56;147;4;5;5;4;4;4;5;0;0;0;0;0;0;0;0;0;0;1;0;0;0;0;0;0;0;0;0;1;0;0;0;0;0;0;0;0;0;0;0;0;0;0;0;0;0;0;0;0;0;0;0;0;0;1;0;0;0;0;1;0;0;0;0;0;0;0;0;0;QUEDAS DO IGUAÇU;REGIÃO OESTE;24;8
0.716645489199492;2019-11-30;12;20;23;26;679;32;6;12;20;513;32;0;32;845;76;170;4;4;4;4;5;5;4;0;0;0;0;0;0;0;0;0;1;0;0;0;0;0;0;0;0;0;0;1;0;0;0;0;0;0;0;0;0;0;0;0;0;0;0;0;0;0;0;0;0;0;0;0;0;1;0;0;0;0;1;0;0;0;0;0;0;0;0;0;QUEDAS DO IGUAÇU;REGIÃO OESTE;25;8
0.568996188055909;2019-12-31;12;19;22;26;682;32;6;12;20;514;32;0;32;850;70;194;5;4;4;5;4;4;5;0;0;1;0;0;0;0;0;0;0;0;0;0;0;0;0;0;0;0;0;1;0;0;0;0;0;0;0;0;0;0;0;0;0;0;0;0;0;0;0;0;0;0;0;0;0;1;0;0;0;0;1;0;0;0;0;0;0;0;0;0;QUEDAS DO IGUAÇU;REGIÃO OESTE;26;7
0.519186785260483;2020-01-31;15;18;23;25;726;32;6;15;21;576;32;0;32;876;85;184;4;5;5;4;5;4;4;0;0;0;0;1;0;0;0;0;0;0;0;0;0;0;0;0;0;0;0;0;1;0;0;0;0;0;0;0;0;0;0;0;0;0;0;0;0;0;0;0;0;0;0;0;0;1;0;0;0;0;1;0;0;0;0;0;31;0;0;0;QUEDAS DO IGUAÇU;REGIÃO OESTE;27;6
0.607115628970775;2020-02-29;11;18;23;26;674;33;5;11;21;516;33;0;33;831;68;132;4;4;4;4;4;5;4;0;0;0;1;0;0;0;0;0;0;0;0;0;0;0;0;0;0;0;0;0;1;0;0;0;0;0;0;0;0;0;0;0;0;0;0;0;0;0;0;0;0;0;0;0;0;1;0;0;0;0;1;0;0;0;0;1;0;3;0;0;QUEDAS DO IGUAÇU;REGIÃO OESTE;28;7
0.558576874205845;2020-03-31;13;20;23;26;702;34;1;13;20;505;34;0;34;899;34;36;5;4;4;5;4;4;5;0;0;0;0;0;0;0;0;1;0;0;0;0;0;0;0;0;0;0;0;0;1;0;0;0;0;0;0;0;0;0;0;0;0;0;0;0;0;0;0;0;0;0;0;0;0;1;0;0;0;0;1;0;0;0;0;1;0;0;15;0;QUEDAS DO IGUAÇU;REGIÃO OESTE;29;7
0.357306226175349;2020-04-30;4;12;18;25;552;32;4;4;19;343;32;0;32;761;62;118;4;5;5;4;4;4;4;1;0;0;0;0;0;0;0;0;0;0;0;0;0;0;0;0;0;0;0;0;1;0;0;0;0;0;0;0;0;0;0;0;0;0;0;0;0;0;0;0;0;0;0;0;0;1;0;0;0;0;1;0;0;0;0;1;0;1;30;0;QUEDAS DO IGUAÇU;REGIÃO OESTE;30;3
0.295298602287167;2020-05-31;2;9;15;20;462;27;7;2;16;271;27;0;27;653;105;210;5;4;4;4;5;5;4;0;0;0;0;0;0;0;1;0;0;0;0;0;0;0;0;0;0;0;0;0;1;0;0;0;0;0;0;0;0;0;0;0;0;0;0;0;0;0;0;0;0;0;0;0;0;1;0;0;0;0;1;0;0;0;0;1;0;0;31;0;QUEDAS DO IGUAÇU;REGIÃO OESTE;31;3
0.272426937738247;2020-06-30;5;9;17;23;502;27;5;5;18;361;27;0;27;642;48;154;4;4;4;5;4;4;5;0;0;0;0;0;0;1;0;0;0;0;0;0;0;0;0;0;0;0;0;0;1;0;0;0;0;0;0;0;0;0;0;0;0;0;0;0;0;0;0;0;0;0;0;0;0;1;0;0;0;0;1;0;0;0;0;1;0;1;30;0;QUEDAS DO IGUAÇU;REGIÃO OESTE;32;2
0.279288437102922;2020-07-31;1;8;16;22;489;26;3;1;17;347;26;0;26;631;64;102;4;5;5;4;5;4;4;0;0;0;0;0;1;0;0;0;0;0;0;0;0;0;0;0;0;0;0;0;1;0;0;0;0;0;0;0;0;0;0;0;0;0;0;0;0;0;0;0;0;0;0;0;0;1;0;0;0;0;1;0;0;0;0;1;0;0;31;0;QUEDAS DO IGUAÇU;REGIÃO OESTE;33;2
0.51156289707751;2020-08-31;-1;4;18;25;557;30;10;-1;20;410;30;0;30;703;114;308;5;4;4;5;4;5;4;0;1;0;0;0;0;0;0;0;0;0;0;0;0;0;0;0;0;0;0;0;1;0;0;0;0;0;0;0;0;0;0;0;0;0;0;0;0;0;0;0;0;0;0;0;0;1;0;0;0;0;1;0;0;0;0;1;0;0;31;0;QUEDAS DO IGUAÇU;REGIÃO OESTE;34;6
0.0;2020-09-30;9;15;22;30;658;36;3;9;24;499;36;0;36;817;32;81;4;5;4;4;4;4;5;0;0;0;0;0;0;0;0;0;0;0;1;0;0;0;0;0;0;0;0;0;1;0;0;0;0;0;0;0;0;0;0;0;0;0;0;0;0;0;0;0;0;0;0;0;0;1;0;0;0;0;1;0;0;0;0;1;0;0;30;0;QUEDAS DO IGUAÇU;REGIÃO OESTE;35;0
0.290978398983482;2020-10-31;10;17;23;30;721;36;2;10;25;546;36;0;36;896;27;65;4;4;5;4;5;5;4;0;0;0;0;0;0;0;0;0;0;1;0;0;0;0;0;0;0;0;0;0;1;0;0;0;0;0;0;0;0;0;0;0;0;0;0;0;0;0;0;0;0;0;0;0;0;1;0;0;0;0;1;0;0;0;0;1;0;0;31;0;QUEDAS DO IGUAÇU;REGIÃO OESTE;36;3
0.266836086404066;2020-11-30;10;18;22;28;674;34;4;10;22;501;34;0;34;847;68;121;5;4;4;5;4;4;4;0;0;0;0;0;0;0;0;0;1;0;0;0;0;0;0;0;0;0;0;0;1;0;0;0;0;0;0;0;0;0;0;0;0;0;0;0;0;0;0;0;0;0;0;0;0;1;0;0;0;0;1;0;0;0;0;1;0;0;30;0;QUEDAS DO IGUAÇU;REGIÃO OESTE;37;2
0.259466327827192;2020-12-31;14;20;24;26;730;31;9;14;21;577;31;0;31;883;138;266;4;5;5;4;4;4;5;0;0;1;0;0;0;0;0;0;0;0;0;0;0;0;0;0;0;0;0;0;1;0;0;0;0;0;0;0;0;0;0;0;0;0;0;0;0;0;0;0;0;0;0;0;0;1;0;0;0;0;1;0;0;0;0;1;0;0;31;0;QUEDAS DO IGUAÇU;REGIÃO OESTE;38;2
0.267344345616264;2021-01-31;17;19;23;26;710;31;6;17;23;589;31;0;31;832;32;191;5;4;4;4;5;5;4;0;0;0;0;1;0;0;0;0;0;0;0;1;0;0;0;0;0;0;0;0;0;0;0;0;0;0;0;0;0;0;0;0;0;0;0;0;0;0;0;0;0;0;0;0;0;1;0;0;0;0;1;0;0;0;0;1;0;0;31;0;QUEDAS DO IGUAÇU;REGIÃO OESTE;39;2
0.241423125794155;2021-02-28;13;19;23;28;649;33;2;13;22;502;33;0;33;797;22;58;4;4;4;4;4;4;4;0;0;0;1;0;0;0;0;0;0;0;0;1;0;0;0;0;0;0;0;0;0;0;0;0;0;0;0;0;0;0;0;0;0;0;0;0;0;0;0;0;0;0;0;0;0;1;0;0;0;0;1;0;0;0;0;1;0;3;28;0;QUEDAS DO IGUAÇU;REGIÃO OESTE;40;2
0.290978398983482;2021-03-31;13;18;24;27;729;34;1;13;21;571;34;0;34;887;12;36;4;5;4;5;4;4;5;0;0;0;0;0;0;0;0;1;0;0;0;1;0;0;0;0;0;0;0;0;0;0;0;0;0;0;0;0;0;0;0;0;0;0;0;0;0;0;0;0;0;0;0;0;0;1;0;0;0;0;1;0;0;0;0;1;0;0;31;0;QUEDAS DO IGUAÇU;REGIÃO OESTE;41;3
0.20584498094028;2021-04-30;8;15;21;25;622;30;1;8;20;466;30;0;30;778;18;23;4;4;5;4;5;4;4;1;0;0;0;0;0;0;0;0;0;0;0;1;0;0;0;0;0;0;0;0;0;0;0;0;0;0;0;0;0;0;0;0;0;0;0;0;0;0;0;0;0;0;0;0;0;1;0;0;0;0;1;0;0;0;0;1;0;1;30;0;QUEDAS DO IGUAÇU;REGIÃO OESTE;42;2
0.196442185514612;2021-05-31;5;11;18;24;546;29;1;5;19;390;29;0;29;702;24;42;5;4;4;5;4;5;4;0;0;0;0;0;0;0;1;0;0;0;0;1;0;0;0;0;0;0;0;0;0;0;0;0;0;0;0;0;0;0;0;0;0;0;0;0;0;0;0;0;0;0;0;0;0;1;0;0;0;0;1;0;0;0;0;1;0;0;31;0;QUEDAS DO IGUAÇU;REGIÃO OESTE;43;2
0.20584498094028;2021-06-30;-1;4;15;23;450;27;5;-1;18;332;27;0;27;569;42;147;4;5;4;4;4;4;5;0;0;0;0;0;0;1;0;0;0;0;0;1;0;0;0;0;0;0;0;0;0;0;0;0;0;0;0;0;0;0;0;0;0;0;0;0;0;0;0;0;0;0;0;0;0;1;0;0;0;0;1;0;0;0;0;1;0;1;30;0;QUEDAS DO IGUAÇU;REGIÃO OESTE;44;2
0.204320203303685;2021-07-31;-2;5;15;23;469;28;2;-2;18;303;28;0;28;635;19;47;4;4;5;4;5;5;4;0;0;0;0;0;1;0;0;0;0;0;0;1;0;0;0;0;0;0;0;0;0;0;0;0;0;0;0;0;0;0;0;0;0;0;0;0;0;0;0;0;0;0;0;0;0;1;0;0;0;0;1;0;0;0;0;1;0;0;31;0;QUEDAS DO IGUAÇU;REGIÃO OESTE;45;2
0.259466327827192;2021-08-31;6;12;19;26;598;32;2;6;22;442;32;0;32;753;31;74;5;4;4;5;4;4;5;0;1;0;0;0;0;0;0;0;0;0;0;1;0;0;0;0;0;0;0;0;0;0;0;0;0;0;0;0;0;0;0;0;0;0;0;0;0;0;0;0;0;0;0;0;0;1;0;0;0;0;1;0;0;0;0;1;0;0;31;0;QUEDAS DO IGUAÇU;REGIÃO OESTE;46;2
0.304955527318933;2021-09-30;9;15;22;29;658;35;3;9;24;508;35;0;35;807;35;86;4;5;5;4;4;4;4;0;0;0;0;0;0;0;0;0;0;0;1;1;0;0;0;0;0;0;0;0;0;0;0;0;0;0;0;0;0;0;0;0;0;0;0;0;0;0;0;0;0;0;0;0;0;1;0;0;0;0;1;0;0;0;0;1;0;0;30;0;QUEDAS DO IGUAÇU;REGIÃO OESTE;47;3
0.290978398983482;2021-10-31;11;17;20;25;630;30;16;11;20;502;30;0;30;759;154;495;5;4;4;4;5;5;4;0;0;0;0;0;0;0;0;0;0;1;0;1;0;0;0;0;0;0;0;0;0;0;0;0;0;0;0;0;0;0;0;0;0;0;0;0;0;0;0;0;0;0;0;0;0;1;0;0;0;0;1;0;0;0;0;1;0;0;0;0;QUEDAS DO IGUAÇU;REGIÃO OESTE;48;3
0.495552731893266;2021-11-30;14;20;24;27;709;33;2;14;23;545;33;0;33;872;17;61;4;4;4;5;4;4;5;0;0;0;0;0;0;0;0;0;1;0;0;1;0;0;0;0;0;0;0;0;0;0;0;0;0;0;0;0;0;0;0;0;0;0;0;0;0;0;0;0;0;0;0;0;0;1;0;0;0;0;1;0;0;0;0;1;0;0;0;0;QUEDAS DO IGUAÇU;REGIÃO OESTE;49;6
0.653367217280813;2021-12-31;14;21;25;28;788;35;1;14;23;591;35;0;35;985;19;43;4;5;5;4;5;4;4;0;0;1;0;0;0;0;0;0;0;0;0;1;0;0;0;0;0;0;0;0;0;0;0;0;0;0;0;0;0;0;0;0;0;0;0;0;0;0;0;0;0;0;0;0;0;1;0;0;0;0;1;0;0;0;0;1;0;0;0;0;QUEDAS DO IGUAÇU;REGIÃO OESTE;50;8
0.700635324015248;2022-01-31;17;21;26;31;808;37;8;17;25;637;37;0;37;980;55;245;5;4;4;5;4;5;4;0;0;0;0;1;0;0;0;0;0;0;0;0;1;0;0;0;0;0;0;0;0;0;0;0;0;0;0;0;0;0;0;0;0;0;0;0;0;0;0;0;0;0;0;0;0;1;0;0;0;0;1;0;0;0;0;1;31;0;0;0;QUEDAS DO IGUAÇU;REGIÃO OESTE;51;8
0.760864040660737;2022-02-28;13;20;25;29;712;34;6;13;24;555;34;0;34;868;43;169;4;4;4;4;4;4;4;0;0;0;1;0;0;0;0;0;0;0;0;0;1;0;0;0;0;0;0;0;0;0;0;0;0;0;0;0;0;0;0;0;0;0;0;0;0;0;0;0;0;0;0;0;0;1;0;0;0;0;1;0;0;0;0;1;0;1;0;0;QUEDAS DO IGUAÇU;REGIÃO OESTE;52;8
0.866073697585769;2022-03-31;9;14;23;28;703;33;11;9;23;565;33;0;33;840;100;353;4;5;5;4;4;4;5;0;0;0;0;0;0;0;0;1;0;0;0;0;1;0;0;0;0;0;0;0;0;0;0;0;0;0;0;0;0;0;0;0;0;0;0;0;0;0;0;0;0;0;0;0;0;1;0;0;0;0;1;0;0;0;0;1;0;1;0;0;QUEDAS DO IGUAÇU;REGIÃO OESTE;53;9
0.876747141041931;2022-04-30;7;14;20;26;607;30;18;7;22;482;30;0;30;732;118;546;4;4;4;4;5;5;4;1;0;0;0;0;0;0;0;0;0;0;0;0;1;0;0;0;0;0;0;0;0;0;0;0;0;0;0;0;0;0;0;0;0;0;0;0;0;0;0;0;0;0;0;0;0;1;0;0;0;0;1;0;0;0;0;1;0;1;0;0;QUEDAS DO IGUAÇU;REGIÃO OESTE;54;9
1.0;2022-05-31;4;7;15;20;467;25;7;4;18;359;25;0;25;575;86;215;5;4;4;5;4;4;5;0;0;0;0;0;0;0;1;0;0;0;0;0;1;0;0;0;0;0;0;0;0;0;0;0;0;0;0;0;0;0;0;0;0;0;0;0;0;0;0;0;0;0;0;0;0;1;0;0;0;0;1;0;0;0;0;1;0;0;0;0;QUEDAS DO IGUAÇU;REGIÃO OESTE;55;9
0.838627700127065;2022-06-30;1;7;15;20;442;25;6;1;16;320;25;0;25;564;68;175;4;5;5;4;4;4;4;0;0;0;0;0;0;1;0;0;0;0;0;0;1;0;0;0;0;0;0;0;0;0;0;0;0;0;0;0;0;0;0;0;0;0;0;0;0;0;0;0;0;0;0;0;0;1;0;0;0;0;1;0;0;0;0;1;0;1;0;0;QUEDAS DO IGUAÇU;REGIÃO OESTE;56;9
0.519440914866582;2022-07-31;4;9;19;22;576;27;2;4;18;427;27;0;27;724;33;71;5;4;4;4;5;5;4;0;0;0;0;0;1;0;0;0;0;0;0;0;1;0;0;0;0;0;0;0;0;0;0;0;0;0;0;0;0;0;0;0;0;0;0;0;0;0;0;0;0;0;0;0;0;1;0;0;0;0;1;0;0;0;0;1;0;0;0;0;QUEDAS DO IGUAÇU;REGIÃO OESTE;57;6
0.606099110546379;2022-08-31;0;6;16;23;501;29;8;0;18;357;29;0;29;644;67;250;4;5;4;5;4;4;5;0;1;0;0;0;0;0;0;0;0;0;0;0;1;0;0;0;0;0;0;0;0;0;0;0;0;0;0;0;0;0;0;0;0;0;0;0;0;0;0;0;0;0;0;0;0;1;0;0;0;0;1;0;0;0;0;1;0;0;0;0;QUEDAS DO IGUAÇU;REGIÃO OESTE;58;7
0.419313850063532;2022-09-30;3;10;16;24;479;29;9;3;21;347;29;0;29;610;45;284;4;4;5;4;5;4;4;0;0;0;0;0;0;0;0;0;0;0;1;0;1;0;0;0;0;0;0;0;0;0;0;0;0;0;0;0;0;0;0;0;0;0;0;0;0;0;0;0;0;0;0;0;0;1;0;0;0;0;1;0;0;0;0;1;0;0;0;0;QUEDAS DO IGUAÇU;REGIÃO OESTE;59;4
0.48005082592122;2022-10-31;10;14;19;25;592;31;18;10;20;458;31;0;31;726;150;557;5;4;4;5;4;5;4;0;0;0;0;0;0;0;0;0;0;1;0;0;1;0;0;0;0;0;0;0;0;0;0;0;0;0;0;0;0;0;0;0;0;0;0;0;0;0;0;0;0;0;0;0;0;1;0;0;0;0;1;0;0;0;0;1;0;0;0;0;QUEDAS DO IGUAÇU;REGIÃO OESTE;60;5
0.541296060991106;2022-11-30;4;11;20;24;600;30;10;4;20;419;30;0;30;780;143;306;4;5;4;4;4;4;5;0;0;0;0;0;0;0;0;0;1;0;0;0;1;0;0;0;0;0;0;0;0;0;0;0;0;0;0;0;0;0;0;0;0;0;0;0;0;0;0;0;0;0;0;0;0;1;0;0;0;0;1;0;0;0;0;1;0;0;0;0;QUEDAS DO IGUAÇU;REGIÃO OESTE;61;6
0.432782719186785;2022-12-31;14;21;24;28;741;33;5;14;23;572;33;0;33;911;35;143;4;4;5;4;5;5;4;0;0;1;0;0;0;0;0;0;0;0;0;0;1;0;0;0;0;0;0;0;0;0;0;0;0;0;0;0;0;0;0;0;0;0;0;0;0;0;0;0;0;0;0;0;0;1;0;0;0;0;1;0;0;0;0;1;0;0;0;0;QUEDAS DO IGUAÇU;REGIÃO OESTE;62;5
0.22007623888183;2023-01-31;15;21;24;27;743;33;11;15;23;591;33;0;33;894;65;344;5;4;4;5;4;4;5;0;0;0;0;1;0;0;0;0;0;0;0;0;0;1;0;0;0;0;0;0;0;0;0;0;0;0;0;0;0;0;0;0;0;0;0;0;0;0;0;0;0;0;0;0;0;1;0;0;0;0;1;0;0;0;0;1;31;0;0;0;QUEDAS DO IGUAÇU;REGIÃO OESTE;63;2
0.462007623888183;2023-02-28;8;15;23;26;635;32;19;8;21;508;32;0;32;762;105;536;4;4;4;4;4;4;4;0;0;0;1;0;0;0;0;0;0;0;0;0;0;1;0;0;0;0;0;0;0;0;0;0;0;0;0;0;0;0;0;0;0;0;0;0;0;0;0;0;0;0;0;0;0;1;0;0;0;0;2;0;0;0;0;1;0;3;0;0;QUEDAS DO IGUAÇU;REGIÃO OESTE;64;5
0.889707750952986;2023-03-31;14;20;24;27;734;31;7;14;22;598;31;0;31;869;74;229;4;5;5;4;5;4;4;0;0;0;0;0;0;0;0;1;0;0;0;0;0;1;0;0;0;0;0;0;0;0;0;0;0;0;0;0;0;0;0;0;0;0;0;0;0;0;0;0;0;0;0;0;0;1;0;0;0;0;2;0;0;0;0;1;0;0;0;0;QUEDAS DO IGUAÇU;REGIÃO OESTE;65;9
0.564167725540026;2023-04-30;8;14;20;25;599;30;4;8;21;462;30;0;30;736;61;122;5;4;4;4;4;5;4;1;0;0;0;0;0;0;0;0;0;0;0;0;0;1;0;0;0;0;0;0;0;0;0;0;0;0;0;0;0;0;0;0;0;0;0;0;0;0;0;0;0;0;0;0;0;1;0;0;0;0;2;0;0;0;0;1;0;1;0;0;QUEDAS DO IGUAÇU;REGIÃO OESTE;66;7
0.661245235069886;2023-05-31;7;13;19;23;576;26;8;7;20;447;26;0;26;705;57;238;4;5;4;5;4;4;5;0;0;0;0;0;0;0;1;0;0;0;0;0;0;1;0;0;0;0;0;0;0;0;0;0;0;0;0;0;0;0;0;0;0;0;0;0;0;0;0;0;0;0;0;0;0;1;0;0;0;0;2;0;0;0;0;1;0;0;0;0;QUEDAS DO IGUAÇU;REGIÃO OESTE;67;8
0.541296060991106;2023-06-30;4;7;16;20;494;25;4;4;17;377;25;0;25;612;60;116;4;4;5;4;5;4;4;0;0;0;0;0;0;1;0;0;0;0;0;0;0;1;0;0;0;0;0;0;0;0;0;0;0;0;0;0;0;0;0;0;0;0;0;0;0;0;0;0;0;0;0;0;0;1;0;0;0;0;2;0;0;0;0;1;0;1;0;0;QUEDAS DO IGUAÇU;REGIÃO OESTE;68;6
0.393392630241423;2023-07-31;3;8;17;21;539;26;5;3;18;411;26;0;26;667;69;166;5;4;4;5;4;5;4;0;0;0;0;0;1;0;0;0;0;0;0;0;0;1;0;0;0;0;0;0;0;0;0;0;0;0;0;0;0;0;0;0;0;0;0;0;0;0;0;0;0;0;0;0;0;1;0;0;0;0;2;0;0;0;0;1;15;0;0;0;QUEDAS DO IGUAÇU;REGIÃO OESTE;69;4
0.787293519695044;2023-08-31;4;11;19;25;579;30;7;4;21;428;30;0;30;730;116;225;4;5;5;4;4;4;5;0;1;0;0;0;0;0;0;0;0;0;0;0;0;1;0;0;0;0;0;0;0;0;0;0;0;0;0;0;0;0;0;0;0;0;0;0;0;0;0;0;0;0;0;0;0;1;0;0;0;0;2;0;0;0;0;1;0;0;0;0;QUEDAS DO IGUAÇU;REGIÃO OESTE;70;9
0.663278271918678;2023-09-30;7;12;22;29;648;34;6;7;25;521;34;0;34;776;97;183;4;4;4;4;5;5;4;0;0;0;0;0;0;0;0;0;0;0;1;0;0;1;0;0;0;0;0;0;0;0;0;0;0;0;0;0;0;0;0;0;0;0;0;0;0;0;0;0;0;0;0;0;0;1;0;0;0;0;2;0;0;0;0;1;0;0;0;0;QUEDAS DO IGUAÇU;REGIÃO OESTE;71;8
0.590343074968234;2023-10-31;10;14;21;26;643;32;12;10;21;529;32;0;32;757;82;379;5;4;4;5;4;4;5;0;0;0;0;0;0;0;0;0;0;1;0;0;0;1;0;0;0;0;0;0;0;0;0;0;0;0;0;0;0;0;0;0;0;0;0;0;0;0;0;0;0;0;0;0;0;1;0;0;0;0;2;0;0;0;0;1;0;0;0;0;QUEDAS DO IGUAÇU;REGIÃO OESTE;72;7
0.434561626429479;2023-11-30;9;14;23;29;678;33;10;9;26;569;33;0;33;786;67;311;4;5;5;4;4;4;4;0;0;0;0;0;0;0;0;0;1;0;0;0;0;1;0;0;0;0;0;0;0;0;0;0;0;0;0;0;0;0;0;0;0;0;0;0;0;0;0;0;0;0;0;0;0;1;0;0;0;0;2;0;0;0;0;1;0;0;0;0;QUEDAS DO IGUAÇU;REGIÃO OESTE;73;5
0.424904701397713;2023-12-31;16;20;24;28;753;34;6;16;24;627;34;0;34;878;45;192;5;4;4;4;5;5;4;0;0;1;0;0;0;0;0;0;0;0;0;0;0;1;0;0;0;0;0;0;0;0;0;0;0;0;0;0;0;0;0;0;0;0;0;0;0;0;0;0;0;0;0;0;0;1;0;0;0;0;2;0;0;0;0;1;0;0;0;0;QUEDAS DO IGUAÇU;REGIÃO OESTE;74;4
0.298856416772554;2024-01-31;14;20;24;28;751;33;7;14;24;606;33;0;33;895;66;216;4;5;4;5;4;4;5;0;0;0;0;1;0;0;0;0;0;0;0;0;0;0;1;0;0;0;0;0;0;0;0;0;0;0;0;0;0;0;0;0;0;0;0;0;0;0;0;0;0;0;0;0;0;1;0;0;0;0;2;0;0;0;0;1;31;0;0;0;QUEDAS DO IGUAÇU;REGIÃO OESTE;75;3
0.486404066073698;2024-02-29;18;21;25;29;737;34;3;18;23;599;34;0;34;875;30;98;4;4;5;4;4;4;4;0;0;0;1;0;0;0;0;0;0;0;0;0;0;0;1;0;0;0;0;0;0;0;0;0;0;0;0;0;0;0;0;0;0;0;0;0;0;0;0;0;0;0;0;0;0;1;0;0;0;0;2;0;0;0;0;1;0;3;0;0;QUEDAS DO IGUAÇU;REGIÃO OESTE;76;5
0.779415501905972;2024-03-31;16;21;24;28;756;34;7;16;25;619;34;0;34;893;46;202;5;4;4;4;5;5;4;0;0;0;0;0;0;0;0;1;0;0;0;0;0;0;1;0;0;0;0;0;0;0;0;0;0;0;0;0;0;0;0;0;0;0;0;0;0;0;0;0;0;0;0;0;0;1;0;0;0;0;2;0;0;0;0;1;0;1;0;0;QUEDAS DO IGUAÇU;REGIÃO OESTE;77;9
0.457433290978399;2024-04-30;10;17;23;27;677;31;4;10;23;567;31;0;31;786;42;134;4;4;4;5;4;4;5;1;0;0;0;0;0;0;0;0;0;0;0;0;0;0;1;0;0;0;0;0;0;0;0;0;0;0;0;0;0;0;0;0;0;0;0;0;0;0;0;0;0;0;0;0;0;1;0;0;0;0;2;0;0;0;0;1;0;0;0;0;QUEDAS DO IGUAÇU;REGIÃO OESTE;78;5
0.314612452350699;2024-05-31;3;7;18;25;543;29;3;3;22;435;29;0;29;652;26;83;4;5;5;4;5;4;4;0;0;0;0;0;0;0;1;0;0;0;0;0;0;0;1;0;0;0;0;0;0;0;0;0;0;0;0;0;0;0;0;0;0;0;0;0;0;0;0;0;0;0;0;0;0;1;0;0;0;0;2;0;0;0;0;1;0;1;0;30;QUEDAS DO IGUAÇU;REGIÃO OESTE;79;3
0.327827191867853;2024-06-30;1;7;19;23;562;27;1;1;20;452;27;0;27;673;17;26;5;4;4;4;4;5;4;0;0;0;0;0;0;1;0;0;0;0;0;0;0;0;1;0;0;0;0;0;0;0;0;0;0;0;0;0;0;0;0;0;0;0;0;0;0;0;0;0;0;0;0;0;0;1;0;0;0;0;2;0;0;0;0;1;0;0;0;30;QUEDAS DO IGUAÇU;REGIÃO OESTE;80;3
0.661245235069886;2024-07-31;2;7;15;21;473;26;7;2;18;358;26;0;26;589;54;203;4;5;4;5;4;4;5;0;0;0;0;0;1;0;0;0;0;0;0;0;0;0;1;0;0;0;0;0;0;0;0;0;0;0;0;0;0;0;0;0;0;0;0;0;0;0;0;0;0;0;0;0;0;1;0;0;0;0;2;0;0;0;0;1;12;0;0;0;QUEDAS DO IGUAÇU;REGIÃO OESTE;81;8
0.51156289707751;2024-08-31;1;7;18;26;554;31;1;1;21;407;31;0;31;701;10;22;4;4;5;4;5;5;4;0;1;0;0;0;0;0;0;0;0;0;0;0;0;0;1;0;0;0;0;0;0;0;0;0;0;0;0;0;0;0;0;0;0;0;0;0;0;0;0;0;0;0;0;0;0;1;0;0;0;0;2;0;0;0;0;1;0;0;0;0;QUEDAS DO IGUAÇU;REGIÃO OESTE;82;6
0.564167725540026;2024-09-30;8;15;22;29;659;33;1;8;24;515;33;0;33;803;12;40;5;4;4;5;4;4;4;0;0;0;0;0;0;0;0;0;0;0;1;0;0;0;1;0;0;0;0;0;0;0;0;0;0;0;0;0;0;0;0;0;0;0;0;0;0;0;0;0;0;0;0;0;0;1;0;0;0;0;2;0;0;0;0;1;0;0;0;0;QUEDAS DO IGUAÇU;REGIÃO OESTE;83;7
0.67700127064803;2024-10-31;11;18;22;28;689;33;3;11;24;541;33;0;33;838;25;104;4;5;5;4;4;4;5;0;0;0;0;0;0;0;0;0;0;1;0;0;0;0;1;0;0;0;0;0;0;0;0;0;0;0;0;0;0;0;0;0;0;0;0;0;0;0;0;0;0;0;0;0;0;1;0;0;0;0;2;0;0;0;0;1;0;0;0;0;QUEDAS DO IGUAÇU;REGIÃO OESTE;84;8
0.526537785588752;2017-10-31;7;16;21;27;641;34;16;7;19;458;34;0;34;824;102;483;5;4;4;5;4;4;5;0;0;0;0;0;0;0;0;0;0;1;0;0;0;0;0;0;0;1;0;0;0;0;0;0;0;0;0;0;0;0;0;0;0;0;0;0;0;0;0;0;0;0;0;0;0;0;1;0;0;0;3;0;0;0;3;1;0;0;0;0;TELÊMACO BORBA;REGIÃO CENTRAL;1;6
0.528763913298184;2017-11-30;11;17;21;25;637;33;6;11;20;479;33;0;33;795;38;182;4;5;5;4;4;4;4;0;0;0;0;0;0;0;0;0;1;0;0;0;0;0;0;0;0;1;0;0;0;0;0;0;0;0;0;0;0;0;0;0;0;0;0;0;0;0;0;0;0;0;0;0;0;0;1;0;0;0;3;0;0;0;3;1;0;0;0;0;TELÊMACO BORBA;REGIÃO CENTRAL;2;6
0.401464557703574;2017-12-31;15;20;23;28;715;32;4;15;23;588;32;0;32;842;24;125;5;4;4;4;5;5;4;0;0;1;0;0;0;0;0;0;0;0;0;0;0;0;0;0;0;1;0;0;0;0;0;0;0;0;0;0;0;0;0;0;0;0;0;0;0;0;0;0;0;0;0;0;0;0;1;0;0;0;3;0;0;0;3;1;0;0;0;0;TELÊMACO BORBA;REGIÃO CENTRAL;3;4
0.169888693614528;2018-01-31;16;20;23;25;717;31;7;16;21;591;31;0;31;843;55;231;4;5;4;5;4;4;5;0;0;0;0;1;0;0;0;0;0;0;0;0;0;0;0;0;0;0;1;0;0;0;0;0;0;0;0;0;0;0;0;0;0;0;0;0;0;0;0;0;0;0;0;0;0;0;1;0;0;0;3;0;0;0;3;1;31;0;0;0;TELÊMACO BORBA;REGIÃO CENTRAL;4;1
0.422495606326889;2018-02-28;15;18;22;25;624;30;3;15;21;493;30;0;30;755;28;71;4;4;4;4;4;4;4;0;0;0;1;0;0;0;0;0;0;0;0;0;0;0;0;0;0;0;1;0;0;0;0;0;0;0;0;0;0;0;0;0;0;0;0;0;0;0;0;0;0;0;0;0;0;0;1;0;0;0;4;0;0;0;3;1;0;3;0;0;TELÊMACO BORBA;REGIÃO CENTRAL;5;4
0.672173403632103;2018-03-31;16;20;24;27;733;32;5;16;22;594;32;0;32;873;31;168;4;4;5;4;5;5;4;0;0;0;0;0;0;0;0;1;0;0;0;0;0;0;0;0;0;0;1;0;0;0;0;0;0;0;0;0;0;0;0;0;0;0;0;0;0;0;0;0;0;0;0;0;0;0;1;0;0;0;4;0;0;0;3;1;0;1;0;0;TELÊMACO BORBA;REGIÃO CENTRAL;6;8
0.59742237844171;2018-04-30;12;19;22;24;659;30;0;12;20;487;30;0;30;831;13;15;5;4;4;5;4;4;4;1;0;0;0;0;0;0;0;0;0;0;0;0;0;0;0;0;0;0;1;0;0;0;0;0;0;0;0;0;0;0;0;0;0;0;0;0;0;0;0;0;0;0;0;0;0;0;1;0;0;0;4;0;0;0;3;1;0;0;0;0;TELÊMACO BORBA;REGIÃO CENTRAL;7;7
0.482835383714118;2018-05-31;5;13;19;22;577;29;3;5;18;401;29;0;29;752;73;94;4;5;5;4;4;4;5;0;0;0;0;0;0;0;1;0;0;0;0;0;0;0;0;0;0;0;1;0;0;0;0;0;0;0;0;0;0;0;0;0;0;0;0;0;0;0;0;0;0;0;0;0;0;0;1;0;0;0;4;0;0;0;3;1;0;1;0;0;TELÊMACO BORBA;REGIÃO CENTRAL;8;5
0.568365553602812;2018-06-30;3;11;17;23;497;29;3;3;18;357;29;0;29;637;35;78;4;4;4;4;5;5;4;0;0;0;0;0;0;1;0;0;0;0;0;0;0;0;0;0;0;0;1;0;0;0;0;0;0;0;0;0;0;0;0;0;0;0;0;0;0;0;0;0;0;0;0;0;0;0;1;0;0;0;4;0;0;0;3;1;0;0;0;0;TELÊMACO BORBA;REGIÃO CENTRAL;9;7
0.40058582308143;2018-07-31;3;10;18;22;554;29;1;3;16;358;29;0;29;750;25;27;5;4;4;5;4;4;5;0;0;0;0;0;1;0;0;0;0;0;0;0;0;0;0;0;0;0;1;0;0;0;0;0;0;0;0;0;0;0;0;0;0;0;0;0;0;0;0;0;0;0;0;0;0;0;1;0;0;0;4;0;0;0;3;1;16;0;0;0;TELÊMACO BORBA;REGIÃO CENTRAL;10;4
0.534094903339192;2018-08-31;3;11;16;23;505;30;9;3;16;337;30;0;30;673;70;264;4;5;5;4;5;4;4;0;1;0;0;0;0;0;0;0;0;0;0;0;0;0;0;0;0;0;1;0;0;0;0;0;0;0;0;0;0;0;0;0;0;0;0;0;0;0;0;0;0;0;0;0;0;0;1;0;0;0;4;0;0;0;3;1;0;0;0;0;TELÊMACO BORBA;REGIÃO CENTRAL;11;6
0.577738722905682;2018-09-30;6;14;20;26;588;33;5;6;20;429;33;0;33;747;52;157;5;4;4;4;4;5;4;0;0;0;0;0;0;0;0;0;0;0;1;0;0;0;0;0;0;0;1;0;0;0;0;0;0;0;0;0;0;0;0;0;0;0;0;0;0;0;0;0;0;0;0;0;0;0;1;0;0;0;4;0;0;0;3;1;0;0;0;0;TELÊMACO BORBA;REGIÃO CENTRAL;12;7
0.602577621558289;2018-10-31;13;15;21;24;640;30;10;13;19;513;30;0;30;766;66;299;4;5;4;5;4;4;5;0;0;0;0;0;0;0;0;0;0;1;0;0;0;0;0;0;0;0;1;0;0;0;0;0;0;0;0;0;0;0;0;0;0;0;0;0;0;0;0;0;0;0;0;0;0;0;1;0;0;0;4;0;0;0;3;1;0;0;0;0;TELÊMACO BORBA;REGIÃO CENTRAL;13;7
0.680609256004687;2018-11-30;12;18;22;27;652;33;3;12;22;479;33;0;33;824;29;96;4;4;5;4;5;4;4;0;0;0;0;0;0;0;0;0;1;0;0;0;0;0;0;0;0;0;1;0;0;0;0;0;0;0;0;0;0;0;0;0;0;0;0;0;0;0;0;0;0;0;0;0;0;0;1;0;0;0;4;0;0;0;3;1;0;0;0;0;TELÊMACO BORBA;REGIÃO CENTRAL;14;8
0.481546572934974;2018-12-31;14;18;24;28;748;33;2;14;25;579;33;0;33;918;20;74;5;4;4;5;4;5;4;0;0;1;0;0;0;0;0;0;0;0;0;0;0;0;0;0;0;0;1;0;0;0;0;0;0;0;0;0;0;0;0;0;0;0;0;0;0;0;0;0;0;0;0;0;0;0;1;0;0;0;4;0;0;0;3;1;0;0;0;0;TELÊMACO BORBA;REGIÃO CENTRAL;15;5
0.26871704745167;2019-01-31;18;23;25;28;786;34;3;18;24;638;34;0;34;934;33;87;4;5;5;4;4;4;5;0;0;0;0;1;0;0;0;0;0;0;0;0;0;0;0;0;0;0;0;1;0;0;0;0;0;0;0;0;0;0;0;0;0;0;0;0;0;0;0;0;0;0;0;0;0;0;1;0;0;0;4;0;0;0;3;1;31;0;0;0;TELÊMACO BORBA;REGIÃO CENTRAL;16;2
0.597539543057997;2019-02-28;15;19;23;28;655;34;5;15;23;527;34;0;34;783;33;138;4;4;4;4;4;4;4;0;0;0;1;0;0;0;0;0;0;0;0;0;0;0;0;0;0;0;0;1;0;0;0;0;0;0;0;0;0;0;0;0;0;0;0;0;0;0;0;0;0;0;0;0;0;0;1;0;0;0;4;0;1;1;3;1;0;0;0;0;TELÊMACO BORBA;REGIÃO CENTRAL;17;7
0.770298769771529;2019-03-31;15;19;23;26;717;31;3;15;22;579;31;0;31;854;32;105;5;4;4;4;5;5;4;0;0;0;0;0;0;0;0;1;0;0;0;0;0;0;0;0;0;0;0;1;0;0;0;0;0;0;0;0;0;0;0;0;0;0;0;0;0;0;0;0;0;0;0;0;0;0;1;0;0;0;4;0;1;1;3;1;0;3;0;0;TELÊMACO BORBA;REGIÃO CENTRAL;18;8
0.763327475102519;2019-04-30;12;19;22;25;664;29;2;12;21;527;29;0;29;801;22;51;4;4;4;5;4;4;5;1;0;0;0;0;0;0;0;0;0;0;0;0;0;0;0;0;0;0;0;1;0;0;0;0;0;0;0;0;0;0;0;0;0;0;0;0;0;0;0;0;0;0;0;0;0;0;1;0;0;0;4;0;1;1;3;1;0;1;0;0;TELÊMACO BORBA;REGIÃO CENTRAL;19;8
0.68863503222027;2019-05-31;8;13;19;25;597;29;5;8;21;478;29;0;29;715;50;157;4;5;5;4;5;4;4;0;0;0;0;0;0;0;1;0;0;0;0;0;0;0;0;0;0;0;0;1;0;0;0;0;0;0;0;0;0;0;0;0;0;0;0;0;0;0;0;0;0;0;0;0;0;0;1;0;0;0;4;0;1;1;3;1;0;0;0;0;TELÊMACO BORBA;REGIÃO CENTRAL;20;8
0.552665495020504;2019-06-30;6;12;18;23;542;28;2;6;18;383;28;0;28;701;36;60;5;4;4;4;4;5;4;0;0;0;0;0;0;1;0;0;0;0;0;0;0;0;0;0;0;0;0;1;0;0;0;0;0;0;0;0;0;0;0;0;0;0;0;0;0;0;0;0;0;0;0;0;0;0;1;0;0;0;4;0;1;1;3;1;0;1;0;0;TELÊMACO BORBA;REGIÃO CENTRAL;21;7
0.354481546572935;2019-07-31;-2;7;16;22;511;28;2;-2;18;329;28;0;28;693;26;60;4;5;4;5;4;4;5;0;0;0;0;0;1;0;0;0;0;0;0;0;0;0;0;0;0;0;0;1;0;0;0;0;0;0;0;0;0;0;0;0;0;0;0;0;0;0;0;0;0;0;0;0;0;0;1;0;0;0;4;0;1;1;3;1;16;0;0;0;TELÊMACO BORBA;REGIÃO CENTRAL;22;3
0.556707674282367;2019-08-31;3;10;17;22;539;30;0;3;17;351;30;0;30;727;3;4;4;4;5;4;5;5;4;0;1;0;0;0;0;0;0;0;0;0;0;0;0;0;0;0;0;0;0;1;0;0;0;0;0;0;0;0;0;0;0;0;0;0;0;0;0;0;0;0;0;0;0;0;0;0;1;0;0;0;4;0;1;1;3;1;0;0;0;0;TELÊMACO BORBA;REGIÃO CENTRAL;23;7
0.728178090216754;2019-09-30;11;15;21;28;629;33;4;11;23;472;33;0;33;786;44;125;5;4;4;5;4;4;4;0;0;0;0;0;0;0;0;0;0;0;1;0;0;0;0;0;0;0;0;1;0;0;0;0;0;0;0;0;0;0;0;0;0;0;0;0;0;0;0;0;0;0;0;0;0;0;1;0;0;0;4;0;1;1;3;1;0;0;0;0;TELÊMACO BORBA;REGIÃO CENTRAL;24;8
0.72630345635618;2019-10-31;12;18;23;28;719;36;3;12;23;535;36;0;36;903;46;82;4;5;5;4;4;4;5;0;0;0;0;0;0;0;0;0;0;1;0;0;0;0;0;0;0;0;0;1;0;0;0;0;0;0;0;0;0;0;0;0;0;0;0;0;0;0;0;0;0;0;0;0;0;0;1;0;0;0;4;0;1;1;3;1;0;0;0;0;TELÊMACO BORBA;REGIÃO CENTRAL;25;8
0.826596367896895;2019-11-30;13;19;22;27;675;35;7;13;21;498;35;0;35;851;62;198;4;4;4;4;5;5;4;0;0;0;0;0;0;0;0;0;1;0;0;0;0;0;0;0;0;0;0;1;0;0;0;0;0;0;0;0;0;0;0;0;0;0;0;0;0;0;0;0;0;0;0;0;0;0;1;0;0;0;4;0;1;1;3;1;0;0;0;0;TELÊMACO BORBA;REGIÃO CENTRAL;26;9
0.40837727006444;2019-12-31;14;19;22;26;696;32;6;14;21;551;32;0;32;842;47;194;5;4;4;5;4;4;5;0;0;1;0;0;0;0;0;0;0;0;0;0;0;0;0;0;0;0;0;1;0;0;0;0;0;0;0;0;0;0;0;0;0;0;0;0;0;0;0;0;0;0;0;0;0;0;1;0;0;0;4;0;1;1;3;1;0;0;0;0;TELÊMACO BORBA;REGIÃO CENTRAL;27;4
0.302343292325718;2020-01-31;15;19;23;26;727;31;5;15;22;597;31;0;31;856;53;146;4;5;5;4;5;4;4;0;0;0;0;1;0;0;0;0;0;0;0;0;0;0;0;0;0;0;0;0;1;0;0;0;0;0;0;0;0;0;0;0;0;0;0;0;0;0;0;0;0;0;0;0;0;0;1;0;0;0;4;0;1;1;3;1;31;0;0;0;TELÊMACO BORBA;REGIÃO CENTRAL;28;3
0.729173989455184;2020-02-29;13;19;23;27;663;32;3;13;23;535;32;0;32;792;26;79;4;4;4;4;4;5;4;0;0;0;1;0;0;0;0;0;0;0;0;0;0;0;0;0;0;0;0;0;1;0;0;0;0;0;0;0;0;0;0;0;0;0;0;0;0;0;0;0;0;0;0;0;0;0;1;0;0;0;4;0;1;1;4;1;0;3;0;0;TELÊMACO BORBA;REGIÃO CENTRAL;29;8
0.496485061511424;2020-03-31;14;20;22;26;692;33;1;14;21;512;33;0;33;872;14;20;5;4;4;5;4;4;5;0;0;0;0;0;0;0;0;1;0;0;0;0;0;0;0;0;0;0;0;0;1;0;0;0;0;0;0;0;0;0;0;0;0;0;0;0;0;0;0;0;0;0;0;0;0;0;1;0;0;0;4;0;1;1;4;1;0;0;15;0;TELÊMACO BORBA;REGIÃO CENTRAL;30;6
0.102284710017575;2020-04-30;8;16;20;25;610;31;2;8;19;422;31;0;31;798;28;48;4;5;5;4;4;4;4;1;0;0;0;0;0;0;0;0;0;0;0;0;0;0;0;0;0;0;0;0;1;0;0;0;0;0;0;0;0;0;0;0;0;0;0;0;0;0;0;0;0;0;0;0;0;0;1;0;0;0;4;0;1;1;4;1;0;1;30;0;TELÊMACO BORBA;REGIÃO CENTRAL;31;1
0.041476274165202;2020-05-31;6;12;17;22;537;29;3;6;17;341;29;0;29;733;88;100;5;4;4;4;5;5;4;0;0;0;0;0;0;0;1;0;0;0;0;0;0;0;0;0;0;0;0;0;1;0;0;0;0;0;0;0;0;0;0;0;0;0;0;0;0;0;0;0;0;0;0;0;0;0;1;0;0;0;4;0;1;1;4;1;0;0;31;0;TELÊMACO BORBA;REGIÃO CENTRAL;32;0
0.03526654950205;2020-06-30;8;13;17;21;525;28;8;8;18;392;28;0;28;658;94;253;4;4;4;5;4;4;5;0;0;0;0;0;0;1;0;0;0;0;0;0;0;0;0;0;0;0;0;0;1;0;0;0;0;0;0;0;0;0;0;0;0;0;0;0;0;0;0;0;0;0;0;0;0;0;1;0;0;0;4;0;1;1;4;1;0;1;30;0;TELÊMACO BORBA;REGIÃO CENTRAL;33;0
0.048388986526069;2020-07-31;3;9;16;21;499;27;2;3;16;324;27;0;27;674;42;68;4;5;5;4;5;4;4;0;0;0;0;0;1;0;0;0;0;0;0;0;0;0;0;0;0;0;0;0;1;0;0;0;0;0;0;0;0;0;0;0;0;0;0;0;0;0;0;0;0;0;0;0;0;0;1;0;0;0;4;0;1;1;4;1;0;0;31;0;TELÊMACO BORBA;REGIÃO CENTRAL;34;0
0.073813708260105;2020-08-31;1;8;17;23;516;32;7;1;15;329;32;0;32;702;53;220;5;4;4;5;4;5;4;0;1;0;0;0;0;0;0;0;0;0;0;0;0;0;0;0;0;0;0;0;1;0;0;0;0;0;0;0;0;0;0;0;0;0;0;0;0;0;0;0;0;0;0;0;0;0;1;0;0;0;4;0;1;1;4;1;0;0;31;0;TELÊMACO BORBA;REGIÃO CENTRAL;35;0
0.042179261862917;2020-09-30;11;16;22;26;650;35;2;11;18;457;35;0;35;844;47;60;4;5;4;4;4;4;5;0;0;0;0;0;0;0;0;0;0;0;1;0;0;0;0;0;0;0;0;0;1;0;0;0;0;0;0;0;0;0;0;0;0;0;0;0;0;0;0;0;0;0;0;0;0;0;1;0;0;0;4;0;1;1;4;1;0;0;30;0;TELÊMACO BORBA;REGIÃO CENTRAL;36;0
0.010251903925015;2020-10-31;10;17;22;29;679;38;1;10;21;490;38;0;38;869;8;44;4;4;5;4;5;5;4;0;0;0;0;0;0;0;0;0;0;1;0;0;0;0;0;0;0;0;0;0;1;0;0;0;0;0;0;0;0;0;0;0;0;0;0;0;0;0;0;0;0;0;0;0;0;0;1;0;0;0;4;0;1;1;4;1;0;0;31;0;TELÊMACO BORBA;REGIÃO CENTRAL;37;0
0.0;2020-11-30;8;16;22;26;650;33;2;8;20;449;33;0;33;851;23;71;5;4;4;5;4;4;4;0;0;0;0;0;0;0;0;0;1;0;0;0;0;0;0;0;0;0;0;0;1;0;0;0;0;0;0;0;0;0;0;0;0;0;0;0;0;0;0;0;0;0;0;0;0;0;1;0;0;0;4;0;1;1;4;1;0;0;30;0;TELÊMACO BORBA;REGIÃO CENTRAL;38;0
0.044756883421207;2020-12-31;14;19;23;25;706;31;4;14;20;554;31;0;31;858;20;126;4;5;5;4;4;4;5;0;0;1;0;0;0;0;0;0;0;0;0;0;0;0;0;0;0;0;0;0;1;0;0;0;0;0;0;0;0;0;0;0;0;0;0;0;0;0;0;0;0;0;0;0;0;0;1;0;0;0;4;0;1;1;4;1;0;0;31;0;TELÊMACO BORBA;REGIÃO CENTRAL;39;0
0.08107791446983;2021-01-31;15;20;23;26;711;31;4;15;21;598;31;0;31;825;25;133;5;4;4;4;5;5;4;0;0;0;0;1;0;0;0;0;0;0;0;1;0;0;0;0;0;0;0;0;0;0;0;0;0;0;0;0;0;0;0;0;0;0;0;0;0;0;0;0;0;0;0;0;0;0;1;0;0;0;4;0;1;1;4;1;0;0;31;0;TELÊMACO BORBA;REGIÃO CENTRAL;40;1
0.005389572349151;2021-02-28;14;20;23;26;641;32;1;14;21;482;32;0;32;799;6;38;4;4;4;4;4;4;4;0;0;0;1;0;0;0;0;0;0;0;0;1;0;0;0;0;0;0;0;0;0;0;0;0;0;0;0;0;0;0;0;0;0;0;0;0;0;0;0;0;0;0;0;0;0;0;1;0;0;0;4;0;1;1;4;1;0;3;28;0;TELÊMACO BORBA;REGIÃO CENTRAL;41;0
0.052021089630931;2021-03-31;12;18;23;26;725;33;4;12;21;564;33;0;33;885;34;118;4;5;4;5;4;4;5;0;0;0;0;0;0;0;0;1;0;0;0;1;0;0;0;0;0;0;0;0;0;0;0;0;0;0;0;0;0;0;0;0;0;0;0;0;0;0;0;0;0;0;0;0;0;0;1;0;0;0;4;0;1;1;4;1;0;0;31;0;TELÊMACO BORBA;REGIÃO CENTRAL;42;0
0.028119507908612;2021-04-30;10;17;20;24;594;31;0;10;19;422;31;0;31;767;6;8;4;4;5;4;5;4;4;1;0;0;0;0;0;0;0;0;0;0;0;1;0;0;0;0;0;0;0;0;0;0;0;0;0;0;0;0;0;0;0;0;0;0;0;0;0;0;0;0;0;0;0;0;0;0;1;0;0;0;4;0;1;1;4;1;0;1;30;0;TELÊMACO BORBA;REGIÃO CENTRAL;43;0
0.044756883421207;2021-05-31;4;12;17;21;539;29;5;4;17;365;29;0;29;713;51;144;5;4;4;5;4;5;4;0;0;0;0;0;0;0;1;0;0;0;0;1;0;0;0;0;0;0;0;0;0;0;0;0;0;0;0;0;0;0;0;0;0;0;0;0;0;0;0;0;0;0;0;0;0;0;1;0;0;0;4;0;1;1;4;1;0;0;31;0;TELÊMACO BORBA;REGIÃO CENTRAL;44;0
0.0597539543058;2021-06-30;-1;3;15;21;459;27;3;-1;16;324;27;0;27;594;46;76;4;5;4;4;4;4;5;0;0;0;0;0;0;1;0;0;0;0;0;1;0;0;0;0;0;0;0;0;0;0;0;0;0;0;0;0;0;0;0;0;0;0;0;0;0;0;0;0;0;0;0;0;0;0;1;0;0;0;4;0;1;1;4;1;0;1;30;0;TELÊMACO BORBA;REGIÃO CENTRAL;45;0
0.084710017574692;2021-07-31;-2;6;14;19;427;28;2;-2;14;214;28;0;28;640;53;67;4;4;5;4;5;5;4;0;0;0;0;0;1;0;0;0;0;0;0;1;0;0;0;0;0;0;0;0;0;0;0;0;0;0;0;0;0;0;0;0;0;0;0;0;0;0;0;0;0;0;0;0;0;0;1;0;0;0;4;0;1;1;4;1;0;0;31;0;TELÊMACO BORBA;REGIÃO CENTRAL;46;1
0.088342120679555;2021-08-31;6;13;19;26;592;34;2;6;17;377;34;0;34;807;52;71;5;4;4;5;4;4;5;0;1;0;0;0;0;0;0;0;0;0;0;1;0;0;0;0;0;0;0;0;0;0;0;0;0;0;0;0;0;0;0;0;0;0;0;0;0;0;0;0;0;0;0;0;0;0;1;0;0;0;4;0;1;1;4;1;0;0;31;0;TELÊMACO BORBA;REGIÃO CENTRAL;47;1
0.182776801405975;2021-09-30;10;17;22;27;669;35;3;10;22;457;35;0;35;882;39;92;4;5;5;4;4;4;4;0;0;0;0;0;0;0;0;0;0;0;1;1;0;0;0;0;0;0;0;0;0;0;0;0;0;0;0;0;0;0;0;0;0;0;0;0;0;0;0;0;0;0;0;0;0;0;1;0;0;0;4;0;1;1;4;1;0;0;30;0;TELÊMACO BORBA;REGIÃO CENTRAL;48;1
0.184592852958407;2021-10-31;9;16;20;24;608;30;15;9;18;453;30;0;30;763;102;477;5;4;4;4;5;5;4;0;0;0;0;0;0;0;0;0;0;1;0;1;0;0;0;0;0;0;0;0;0;0;0;0;0;0;0;0;0;0;0;0;0;0;0;0;0;0;0;0;0;0;0;0;0;0;1;0;0;0;4;0;1;1;4;1;0;0;0;0;TELÊMACO BORBA;REGIÃO CENTRAL;49;1
0.31634446397188;2021-11-30;10;18;23;26;686;33;3;10;19;477;33;0;33;895;65;98;4;4;4;5;4;4;5;0;0;0;0;0;0;0;0;0;1;0;0;1;0;0;0;0;0;0;0;0;0;0;0;0;0;0;0;0;0;0;0;0;0;0;0;0;0;0;0;0;0;0;0;0;0;0;1;0;0;0;4;0;1;1;4;1;0;0;0;0;TELÊMACO BORBA;REGIÃO CENTRAL;50;3
0.4697129466901;2021-12-31;12;20;24;28;741;35;4;12;20;524;35;0;35;958;45;121;4;5;5;4;5;4;4;0;0;1;0;0;0;0;0;0;0;0;0;1;0;0;0;0;0;0;0;0;0;0;0;0;0;0;0;0;0;0;0;0;0;0;0;0;0;0;0;0;0;0;0;0;0;0;1;0;0;0;4;0;1;1;4;1;0;0;0;0;TELÊMACO BORBA;REGIÃO CENTRAL;51;5
0.43884007029877;2022-01-31;15;20;24;28;749;35;6;15;21;578;35;0;35;920;36;192;5;4;4;5;4;5;4;0;0;0;0;1;0;0;0;0;0;0;0;0;1;0;0;0;0;0;0;0;0;0;0;0;0;0;0;0;0;0;0;0;0;0;0;0;0;0;0;0;0;0;0;0;0;0;1;0;0;0;4;0;1;1;4;1;31;0;0;0;TELÊMACO BORBA;REGIÃO CENTRAL;52;5
0.361335676625659;2022-02-28;15;22;25;28;693;35;3;15;22;511;35;0;35;875;40;94;4;4;4;4;4;4;4;0;0;0;1;0;0;0;0;0;0;0;0;0;1;0;0;0;0;0;0;0;0;0;0;0;0;0;0;0;0;0;0;0;0;0;0;0;0;0;0;0;0;0;0;0;0;0;1;0;0;0;4;0;1;1;4;1;0;1;0;0;TELÊMACO BORBA;REGIÃO CENTRAL;53;4
0.331693028705331;2022-03-31;15;20;24;27;746;34;11;15;21;578;34;0;34;914;54;345;4;5;5;4;4;4;5;0;0;0;0;0;0;0;0;1;0;0;0;0;1;0;0;0;0;0;0;0;0;0;0;0;0;0;0;0;0;0;0;0;0;0;0;0;0;0;0;0;0;0;0;0;0;0;1;0;0;0;4;0;1;1;4;1;0;1;0;0;TELÊMACO BORBA;REGIÃO CENTRAL;54;3
0.434094903339192;2022-04-30;9;16;21;24;623;30;3;9;18;459;30;0;30;788;39;94;4;4;4;4;5;5;4;1;0;0;0;0;0;0;0;0;0;0;0;0;1;0;0;0;0;0;0;0;0;0;0;0;0;0;0;0;0;0;0;0;0;0;0;0;0;0;0;0;0;0;0;0;0;0;1;0;0;0;4;0;1;1;4;1;0;1;0;0;TELÊMACO BORBA;REGIÃO CENTRAL;55;5
0.593204452255419;2022-05-31;3;9;16;22;510;28;3;3;18;340;28;0;28;680;49;97;5;4;4;5;4;4;5;0;0;0;0;0;0;0;1;0;0;0;0;0;1;0;0;0;0;0;0;0;0;0;0;0;0;0;0;0;0;0;0;0;0;0;0;0;0;0;0;0;0;0;0;0;0;0;1;0;0;0;4;0;1;1;4;1;0;0;0;0;TELÊMACO BORBA;REGIÃO CENTRAL;56;7
0.509666080843585;2022-06-30;2;10;16;21;489;27;2;2;15;324;27;0;27;654;16;66;4;5;5;4;4;4;4;0;0;0;0;0;0;1;0;0;0;0;0;0;1;0;0;0;0;0;0;0;0;0;0;0;0;0;0;0;0;0;0;0;0;0;0;0;0;0;0;0;0;0;0;0;0;0;1;0;0;0;4;0;1;1;4;1;0;1;0;0;TELÊMACO BORBA;REGIÃO CENTRAL;57;6
0.560515524311658;2022-07-31;4;12;18;21;568;28;1;4;16;358;28;0;28;777;20;32;5;4;4;4;5;5;4;0;0;0;0;0;1;0;0;0;0;0;0;0;1;0;0;0;0;0;0;0;0;0;0;0;0;0;0;0;0;0;0;0;0;0;0;0;0;0;0;0;0;0;0;0;0;0;1;0;0;0;4;0;1;1;4;1;0;0;0;0;TELÊMACO BORBA;REGIÃO CENTRAL;58;7
0.462448740480375;2022-08-31;2;9;16;22;507;30;6;2;16;319;30;0;30;693;59;171;4;5;4;5;4;4;5;0;1;0;0;0;0;0;0;0;0;0;0;0;1;0;0;0;0;0;0;0;0;0;0;0;0;0;0;0;0;0;0;0;0;0;0;0;0;0;0;0;0;0;0;0;0;0;1;0;0;0;4;0;1;1;4;1;0;0;0;0;TELÊMACO BORBA;REGIÃO CENTRAL;59;5
0.54481546572935;2022-09-30;5;13;16;24;488;32;7;5;19;345;32;0;32;631;47;209;4;4;5;4;5;4;4;0;0;0;0;0;0;0;0;0;0;0;1;0;1;0;0;0;0;0;0;0;0;0;0;0;0;0;0;0;0;0;0;0;0;0;0;0;0;0;0;0;0;0;0;0;0;0;1;0;0;0;4;0;1;1;4;1;0;0;0;0;TELÊMACO BORBA;REGIÃO CENTRAL;60;6
0.551435266549502;2022-10-31;-3;12;20;24;619;31;12;-3;18;441;31;0;31;798;93;365;5;4;4;5;4;5;4;0;0;0;0;0;0;0;0;0;0;1;0;0;1;0;0;0;0;0;0;0;0;0;0;0;0;0;0;0;0;0;0;0;0;0;0;0;0;0;0;0;0;0;0;0;0;0;1;0;0;0;4;0;1;1;4;1;0;0;0;0;TELÊMACO BORBA;REGIÃO CENTRAL;61;7
0.520210896309315;2022-11-30;8;12;19;23;573;31;1;8;17;387;31;0;31;760;10;40;4;5;4;4;4;4;5;0;0;0;0;0;0;0;0;0;1;0;0;0;1;0;0;0;0;0;0;0;0;0;0;0;0;0;0;0;0;0;0;0;0;0;0;0;0;0;0;0;0;0;0;0;0;0;1;0;0;0;4;0;1;1;4;1;0;0;0;0;TELÊMACO BORBA;REGIÃO CENTRAL;62;6
0.489689513766842;2022-12-31;-11;8;22;25;675;32;7;-11;20;497;32;0;32;852;58;230;4;4;5;4;5;5;4;0;0;1;0;0;0;0;0;0;0;0;0;0;1;0;0;0;0;0;0;0;0;0;0;0;0;0;0;0;0;0;0;0;0;0;0;0;0;0;0;0;0;0;0;0;0;0;1;0;0;0;4;0;1;1;4;1;0;0;0;0;TELÊMACO BORBA;REGIÃO CENTRAL;63;6
0.291739894551845;2023-01-31;13;19;23;25;700;31;4;13;19;544;31;0;31;856;18;133;5;4;4;5;4;4;5;0;0;0;0;1;0;0;0;0;0;0;0;0;0;1;0;0;0;0;0;0;0;0;0;0;0;0;0;0;0;0;0;0;0;0;0;0;0;0;0;0;0;0;0;0;0;0;1;0;0;0;4;0;1;1;4;1;31;0;0;0;TELÊMACO BORBA;REGIÃO CENTRAL;64;3
0.448271821909783;2023-02-28;14;17;22;25;622;32;9;14;20;494;32;0;32;749;41;257;4;4;4;4;4;4;4;0;0;0;1;0;0;0;0;0;0;0;0;0;0;1;0;0;0;0;0;0;0;0;0;0;0;0;0;0;0;0;0;0;0;0;0;0;0;0;0;0;0;0;0;0;0;0;1;0;0;0;4;0;1;1;4;1;0;3;0;0;TELÊMACO BORBA;REGIÃO CENTRAL;65;5
1.0;2023-03-31;17;21;23;25;728;32;5;17;20;558;32;0;32;898;30;169;4;5;5;4;5;4;4;0;0;0;0;0;0;0;0;1;0;0;0;0;0;1;0;0;0;0;0;0;0;0;0;0;0;0;0;0;0;0;0;0;0;0;0;0;0;0;0;0;0;0;0;0;0;0;1;0;0;0;4;0;1;1;4;1;0;0;0;0;TELÊMACO BORBA;REGIÃO CENTRAL;66;9
0.674868189806678;2023-04-30;9;16;20;25;609;31;4;9;18;453;31;0;31;764;48;110;5;4;4;4;4;5;4;1;0;0;0;0;0;0;0;0;0;0;0;0;0;1;0;0;0;0;0;0;0;0;0;0;0;0;0;0;0;0;0;0;0;0;0;0;0;0;0;0;0;0;0;0;0;0;1;0;0;0;4;0;1;1;4;1;0;1;0;0;TELÊMACO BORBA;REGIÃO CENTRAL;67;8
0.684007029876977;2023-05-31;8;15;18;23;571;28;2;8;18;390;28;0;28;751;19;70;4;5;4;5;4;4;5;0;0;0;0;0;0;0;1;0;0;0;0;0;0;1;0;0;0;0;0;0;0;0;0;0;0;0;0;0;0;0;0;0;0;0;0;0;0;0;0;0;0;0;0;0;0;0;1;0;0;0;4;0;1;1;4;1;0;0;0;0;TELÊMACO BORBA;REGIÃO CENTRAL;68;8
0.590509666080844;2023-06-30;5;11;16;21;495;28;4;5;15;311;28;0;28;678;64;106;4;4;5;4;5;4;4;0;0;0;0;0;0;1;0;0;0;0;0;0;0;1;0;0;0;0;0;0;0;0;0;0;0;0;0;0;0;0;0;0;0;0;0;0;0;0;0;0;0;0;0;0;0;0;1;0;0;0;4;0;1;1;4;1;0;1;0;0;TELÊMACO BORBA;REGIÃO CENTRAL;69;7
0.418863503222027;2023-07-31;4;11;17;21;517;27;4;4;16;351;27;0;27;683;34;123;5;4;4;5;4;5;4;0;0;0;0;0;1;0;0;0;0;0;0;0;0;1;0;0;0;0;0;0;0;0;0;0;0;0;0;0;0;0;0;0;0;0;0;0;0;0;0;0;0;0;0;0;0;0;1;0;0;0;4;0;1;1;4;1;15;0;0;0;TELÊMACO BORBA;REGIÃO CENTRAL;70;4
0.749384885764499;2023-08-31;6;12;18;25;573;33;5;6;19;374;33;0;33;772;43;154;4;5;5;4;4;4;5;0;1;0;0;0;0;0;0;0;0;0;0;0;0;1;0;0;0;0;0;0;0;0;0;0;0;0;0;0;0;0;0;0;0;0;0;0;0;0;0;0;0;0;0;0;0;0;1;0;0;0;4;0;1;1;4;1;0;0;0;0;TELÊMACO BORBA;REGIÃO CENTRAL;71;8
0.836555360281195;2023-09-30;7;15;22;28;661;36;4;7;23;468;36;0;36;853;34;113;4;4;4;4;5;5;4;0;0;0;0;0;0;0;0;0;0;0;1;0;0;1;0;0;0;0;0;0;0;0;0;0;0;0;0;0;0;0;0;0;0;0;0;0;0;0;0;0;0;0;0;0;0;0;1;0;0;0;4;0;1;1;4;1;0;0;0;0;TELÊMACO BORBA;REGIÃO CENTRAL;72;9
0.818394844756883;2023-10-31;13;17;22;27;674;33;15;13;21;512;33;0;33;835;103;466;5;4;4;5;4;4;5;0;0;0;0;0;0;0;0;0;0;1;0;0;0;1;0;0;0;0;0;0;0;0;0;0;0;0;0;0;0;0;0;0;0;0;0;0;0;0;0;0;0;0;0;0;0;0;1;0;0;0;4;0;1;1;4;1;0;0;0;0;TELÊMACO BORBA;REGIÃO CENTRAL;73;9
0.817223198594025;2023-11-30;9;16;22;28;672;36;7;9;23;501;36;0;36;842;45;196;4;5;5;4;4;4;4;0;0;0;0;0;0;0;0;0;1;0;0;0;0;1;0;0;0;0;0;0;0;0;0;0;0;0;0;0;0;0;0;0;0;0;0;0;0;0;0;0;0;0;0;0;0;0;1;0;0;0;4;0;1;1;4;1;0;0;0;0;TELÊMACO BORBA;REGIÃO CENTRAL;74;9
0.640421792618629;2023-12-31;15;19;24;27;748;34;4;15;21;562;34;0;34;934;37;111;5;4;4;4;5;5;4;0;0;1;0;0;0;0;0;0;0;0;0;0;0;1;0;0;0;0;0;0;0;0;0;0;0;0;0;0;0;0;0;0;0;0;0;0;0;0;0;0;0;0;0;0;0;0;1;0;0;0;4;0;1;1;4;1;0;0;0;0;TELÊMACO BORBA;REGIÃO CENTRAL;75;8
0.344405389572349;2024-01-31;13;18;24;28;738;36;4;13;22;566;36;0;36;911;47;127;4;5;4;5;4;4;5;0;0;0;0;1;0;0;0;0;0;0;0;0;0;0;1;0;0;0;0;0;0;0;0;0;0;0;0;0;0;0;0;0;0;0;0;0;0;0;0;0;0;0;0;0;0;0;1;0;0;0;4;0;1;1;4;1;31;0;0;0;TELÊMACO BORBA;REGIÃO CENTRAL;76;3
0.901933216168717;2024-02-29;17;20;25;27;711;33;6;17;21;553;33;0;33;870;52;161;4;4;5;4;4;4;4;0;0;0;1;0;0;0;0;0;0;0;0;0;0;0;1;0;0;0;0;0;0;0;0;0;0;0;0;0;0;0;0;0;0;0;0;0;0;0;0;0;0;0;0;0;0;0;1;0;0;0;4;0;1;1;4;1;0;3;0;0;TELÊMACO BORBA;REGIÃO CENTRAL;77;9
0.974575278265964;2024-03-31;16;19;24;28;758;35;3;16;22;588;35;0;35;928;43;108;5;4;4;4;5;5;4;0;0;0;0;0;0;0;0;1;0;0;0;0;0;0;1;0;0;0;0;0;0;0;0;0;0;0;0;0;0;0;0;0;0;0;0;0;0;0;0;0;0;0;0;0;0;0;1;0;0;0;4;0;1;1;4;1;0;1;0;0;TELÊMACO BORBA;REGIÃO CENTRAL;78;9
0.504393673110721;2024-04-30;11;18;23;27;689;32;2;11;21;532;32;0;32;845;32;57;4;4;4;5;4;4;5;1;0;0;0;0;0;0;0;0;0;0;0;0;0;0;1;0;0;0;0;0;0;0;0;0;0;0;0;0;0;0;0;0;0;0;0;0;0;0;0;0;0;0;0;0;0;0;1;0;0;0;4;0;1;1;4;1;0;0;0;0;TELÊMACO BORBA;REGIÃO CENTRAL;79;6
0.260867018160516;2024-05-31;5;12;20;26;627;32;1;5;20;463;32;0;32;790;30;32;4;5;5;4;5;4;4;0;0;0;0;0;0;0;1;0;0;0;0;0;0;0;1;0;0;0;0;0;0;0;0;0;0;0;0;0;0;0;0;0;0;0;0;0;0;0;0;0;0;0;0;0;0;0;1;0;0;0;4;0;1;1;4;1;0;1;0;30;TELÊMACO BORBA;REGIÃO CENTRAL;80;2
0.200351493848858;2024-06-30;6;13;20;22;587;29;0;6;17;392;29;0;29;782;2;3;5;4;4;4;4;5;4;0;0;0;0;0;0;1;0;0;0;0;0;0;0;0;1;0;0;0;0;0;0;0;0;0;0;0;0;0;0;0;0;0;0;0;0;0;0;0;0;0;0;0;0;0;0;0;1;0;0;0;4;0;1;1;4;1;0;0;0;30;TELÊMACO BORBA;REGIÃO CENTRAL;81;2
0.693087287639133;2024-07-31;4;12;16;20;487;28;1;4;14;309;28;0;28;665;12;41;4;5;4;5;4;4;5;0;0;0;0;0;1;0;0;0;0;0;0;0;0;0;1;0;0;0;0;0;0;0;0;0;0;0;0;0;0;0;0;0;0;0;0;0;0;0;0;0;0;0;0;0;0;0;1;0;0;0;4;0;1;1;4;1;12;0;0;0;TELÊMACO BORBA;REGIÃO CENTRAL;82;8
0.658582308142941;2024-08-31;0;9;17;23;542;34;2;0;16;295;34;0;34;789;42;59;4;4;5;4;5;5;4;0;1;0;0;0;0;0;0;0;0;0;0;0;0;0;1;0;0;0;0;0;0;0;0;0;0;0;0;0;0;0;0;0;0;0;0;0;0;0;0;0;0;0;0;0;0;0;1;0;0;0;4;0;1;1;4;1;0;0;0;0;TELÊMACO BORBA;REGIÃO CENTRAL;83;8
0.86115992970123;2024-09-30;11;15;22;26;649;36;1;11;18;427;36;0;36;870;12;38;5;4;4;5;4;4;4;0;0;0;0;0;0;0;0;0;0;0;1;0;0;0;1;0;0;0;0;0;0;0;0;0;0;0;0;0;0;0;0;0;0;0;0;0;0;0;0;0;0;0;0;0;0;0;1;0;0;0;4;0;1;1;4;1;0;0;0;0;TELÊMACO BORBA;REGIÃO CENTRAL;84;9
0.909197422378442;2024-10-31;11;15;21;25;647;35;3;11;20;492;35;0;35;802;22;91;4;5;5;4;4;4;5;0;0;0;0;0;0;0;0;0;0;1;0;0;0;0;1;0;0;0;0;0;0;0;0;0;0;0;0;0;0;0;0;0;0;0;0;0;0;0;0;0;0;0;0;0;0;0;1;0;0;0;4;0;1;1;4;1;0;0;0;0;TELÊMACO BORBA;REGIÃO CENTRAL;85;9
0.354382058215365;2015-11-30;16;20;23;27;696;33;11;16;21;561;33;0;33;831;60;315;5;4;4;5;4;4;4;0;0;0;0;0;0;0;0;0;1;0;0;0;0;0;0;1;0;0;0;0;0;0;0;0;0;0;0;0;0;0;0;0;0;0;0;0;0;0;0;0;0;0;0;0;0;0;0;1;0;1;2;4;0;0;1;0;0;0;0;0;UMUARAMA;REGIÃO OESTE;1;3
0.247812947351678;2015-12-31;16;21;24;27;747;32;8;16;22;610;32;0;32;884;59;262;4;5;5;4;4;4;5;0;0;1;0;0;0;0;0;0;0;0;0;0;0;0;0;1;0;0;0;0;0;0;0;0;0;0;0;0;0;0;0;0;0;0;0;0;0;0;0;0;0;0;0;0;0;0;0;1;0;1;2;4;0;0;1;0;0;0;0;0;UMUARAMA;REGIÃO OESTE;2;2
0.267606878391036;2016-01-31;15;22;25;28;766;34;7;15;23;602;34;0;34;930;77;227;5;4;4;4;5;5;4;0;0;0;0;1;0;0;0;0;0;0;0;0;0;0;0;0;1;0;0;0;0;0;0;0;0;0;0;0;0;0;0;0;0;0;0;0;0;0;0;0;0;0;0;0;0;0;0;1;0;1;2;4;0;0;1;0;31;0;0;0;UMUARAMA;REGIÃO OESTE;3;2
0.364950603538165;2016-02-29;19;22;25;28;735;33;10;19;23;599;33;0;33;870;47;284;4;4;4;5;4;4;4;0;0;0;1;0;0;0;0;0;0;0;0;0;0;0;0;0;1;0;0;0;0;0;0;0;0;0;0;0;0;0;0;0;0;0;0;0;0;0;0;0;0;0;0;0;0;0;0;1;0;0;2;4;0;0;1;0;0;3;0;0;UMUARAMA;REGIÃO OESTE;4;4
0.542459749394694;2016-03-31;14;21;24;27;739;34;5;14;21;561;34;0;34;917;41;145;4;5;5;4;4;4;5;0;0;0;0;0;0;0;0;1;0;0;0;0;0;0;0;0;1;0;0;0;0;0;0;0;0;0;0;0;0;0;0;0;0;0;0;0;0;0;0;0;0;0;0;0;0;0;0;1;0;0;3;4;0;0;1;0;0;1;0;0;UMUARAMA;REGIÃO OESTE;5;6
0.492020571549759;2016-04-30;5;11;24;28;719;34;3;5;23;541;34;0;34;898;68;102;4;4;4;4;5;5;4;1;0;0;0;0;0;0;0;0;0;0;0;0;0;0;0;0;1;0;0;0;0;0;0;0;0;0;0;0;0;0;0;0;0;0;0;0;0;0;0;0;0;0;0;0;0;0;0;1;0;0;3;4;0;0;1;0;0;0;0;0;UMUARAMA;REGIÃO OESTE;6;6
0.345863598607356;2016-05-31;7;13;18;21;543;28;11;7;19;406;28;0;28;680;117;344;5;4;4;5;4;4;5;0;0;0;0;0;0;0;1;0;0;0;0;0;0;0;0;0;1;0;0;0;0;0;0;0;0;0;0;0;0;0;0;0;0;0;0;0;0;0;0;0;0;0;0;0;0;0;0;1;0;0;3;4;0;0;1;0;0;1;0;0;UMUARAMA;REGIÃO OESTE;7;3
0.270611314352367;2016-06-30;1;10;15;19;461;26;1;1;16;288;26;0;26;633;7;31;4;5;5;4;4;4;4;0;0;0;0;0;0;1;0;0;0;0;0;0;0;0;0;0;1;0;0;0;0;0;0;0;0;0;0;0;0;0;0;0;0;0;0;0;0;0;0;0;0;0;0;0;0;0;0;1;0;0;3;4;0;0;1;0;0;0;0;0;UMUARAMA;REGIÃO OESTE;8;2
0.231023452273651;2016-07-31;4;12;18;22;546;30;3;4;17;341;30;0;30;751;88;93;5;4;4;4;5;5;4;0;0;0;0;0;1;0;0;0;0;0;0;0;0;0;0;0;1;0;0;0;0;0;0;0;0;0;0;0;0;0;0;0;0;0;0;0;0;0;0;0;0;0;0;0;0;0;0;1;0;0;3;4;0;0;1;0;14;0;0;0;UMUARAMA;REGIÃO OESTE;9;2
0.223918844882739;2016-08-31;5;13;19;24;584;33;9;5;18;396;33;0;33;772;58;278;4;5;4;5;4;4;5;0;1;0;0;0;0;0;0;0;0;0;0;0;0;0;0;0;1;0;0;0;0;0;0;0;0;0;0;0;0;0;0;0;0;0;0;0;0;0;0;0;0;0;0;0;0;0;0;1;0;0;3;4;0;0;1;0;0;0;0;0;UMUARAMA;REGIÃO OESTE;10;2
0.26234027888235;2016-09-30;6;14;20;26;595;34;6;6;19;375;34;0;34;814;74;179;4;4;5;4;5;4;4;0;0;0;0;0;0;0;0;0;0;0;1;0;0;0;0;0;1;0;0;0;0;0;0;0;0;0;0;0;0;0;0;0;0;0;0;0;0;0;0;0;0;0;0;0;0;0;0;1;0;0;3;4;0;0;1;0;0;0;0;0;UMUARAMA;REGIÃO OESTE;11;2
0.37901843309828;2016-10-31;10;17;22;29;689;36;9;10;22;484;36;0;36;894;59;269;5;4;4;5;4;5;4;0;0;0;0;0;0;0;0;0;0;1;0;0;0;0;0;0;1;0;0;0;0;0;0;0;0;0;0;0;0;0;0;0;0;0;0;0;0;0;0;0;0;0;0;0;0;0;0;1;0;0;3;4;0;0;1;0;0;0;0;0;UMUARAMA;REGIÃO OESTE;12;4
0.426064365622183;2016-11-30;11;18;24;28;711;33;2;11;23;536;33;0;33;885;25;68;4;5;4;4;4;4;5;0;0;0;0;0;0;0;0;0;1;0;0;0;0;0;0;0;1;0;0;0;0;0;0;0;0;0;0;0;0;0;0;0;0;0;0;0;0;0;0;0;0;0;0;0;0;0;0;1;0;0;3;4;0;0;1;0;0;0;0;0;UMUARAMA;REGIÃO OESTE;13;4
0.322252266581836;2016-12-31;14;19;24;28;754;34;5;14;23;603;34;0;34;904;44;151;4;4;5;4;5;5;4;0;0;1;0;0;0;0;0;0;0;0;0;0;0;0;0;0;1;0;0;0;0;0;0;0;0;0;0;0;0;0;0;0;0;0;0;0;0;0;0;0;0;0;0;0;0;0;0;1;0;0;3;4;0;0;1;0;0;0;0;0;UMUARAMA;REGIÃO OESTE;14;3
0.258947033561317;2017-01-31;17;22;25;29;777;34;6;17;24;627;34;0;34;927;23;185;5;4;4;5;4;4;5;0;0;0;0;1;0;0;0;0;0;0;0;0;0;0;0;0;0;1;0;0;0;0;0;0;0;0;0;0;0;0;0;0;0;0;0;0;0;0;0;0;0;0;0;0;0;0;0;1;0;0;3;4;0;0;1;0;31;0;0;0;UMUARAMA;REGIÃO OESTE;15;2
0.430730077938603;2017-02-28;18;23;26;29;725;35;4;18;23;573;35;0;35;877;36;107;4;4;4;4;4;4;4;0;0;0;1;0;0;0;0;0;0;0;0;0;0;0;0;0;0;1;0;0;0;0;0;0;0;0;0;0;0;0;0;0;0;0;0;0;0;0;0;0;0;0;0;0;0;0;0;1;0;0;3;5;0;0;2;0;0;2;0;0;UMUARAMA;REGIÃO OESTE;16;5
0.634819645476556;2017-03-31;14;20;24;27;743;33;4;14;22;580;33;0;33;906;27;134;4;5;5;4;5;4;4;0;0;0;0;0;0;0;0;1;0;0;0;0;0;0;0;0;0;1;0;0;0;0;0;0;0;0;0;0;0;0;0;0;0;0;0;0;0;0;0;0;0;0;0;0;0;0;0;1;0;0;3;5;0;0;2;0;0;1;0;0;UMUARAMA;REGIÃO OESTE;17;8
0.409310216849584;2017-04-30;7;16;21;25;639;30;5;7;21;483;30;0;30;795;48;149;5;4;4;4;4;5;4;1;0;0;0;0;0;0;0;0;0;0;0;0;0;0;0;0;0;1;0;0;0;0;0;0;0;0;0;0;0;0;0;0;0;0;0;0;0;0;0;0;0;0;0;0;0;0;0;1;0;0;3;5;0;0;2;0;0;1;0;0;UMUARAMA;REGIÃO OESTE;18;4
0.32341869466094;2017-05-31;13;16;20;23;619;29;9;13;19;472;29;0;29;765;91;273;4;5;4;5;4;4;5;0;0;0;0;0;0;0;1;0;0;0;0;0;0;0;0;0;0;1;0;0;0;0;0;0;0;0;0;0;0;0;0;0;0;0;0;0;0;0;0;0;0;0;0;0;0;0;0;1;0;0;3;5;0;0;2;0;0;0;0;0;UMUARAMA;REGIÃO OESTE;19;3
0.220773023699698;2017-06-30;3;11;18;23;532;29;5;3;18;356;29;0;29;709;64;149;4;4;5;4;5;4;4;0;0;0;0;0;0;1;0;0;0;0;0;0;0;0;0;0;0;1;0;0;0;0;0;0;0;0;0;0;0;0;0;0;0;0;0;0;0;0;0;0;0;0;0;0;0;0;0;1;0;0;3;5;0;0;2;0;0;1;0;0;UMUARAMA;REGIÃO OESTE;20;2
0.256119329127123;2017-07-31;2;10;17;20;531;28;0;2;14;305;28;0;28;757;2;2;5;4;4;5;4;5;4;0;0;0;0;0;1;0;0;0;0;0;0;0;0;0;0;0;0;1;0;0;0;0;0;0;0;0;0;0;0;0;0;0;0;0;0;0;0;0;0;0;0;0;0;0;0;0;0;1;0;0;3;5;0;0;2;0;16;0;0;0;UMUARAMA;REGIÃO OESTE;21;2
0.353180283830833;2017-08-31;7;14;19;26;604;33;7;7;21;400;33;0;33;808;64;222;4;5;5;4;4;4;5;0;1;0;0;0;0;0;0;0;0;0;0;0;0;0;0;0;0;1;0;0;0;0;0;0;0;0;0;0;0;0;0;0;0;0;0;0;0;0;0;0;0;0;0;0;0;0;0;1;0;0;3;5;0;0;2;0;0;0;0;0;UMUARAMA;REGIÃO OESTE;22;3
0.505381475001325;2017-09-30;13;19;24;27;717;35;1;13;20;493;35;0;35;941;20;39;4;4;4;4;5;5;4;0;0;0;0;0;0;0;0;0;0;0;1;0;0;0;0;0;0;1;0;0;0;0;0;0;0;0;0;0;0;0;0;0;0;0;0;0;0;0;0;0;0;0;0;0;0;0;0;1;0;0;3;4;0;0;2;0;0;0;0;0;UMUARAMA;REGIÃO OESTE;23;6
0.485446158740258;2017-10-31;9;17;22;29;692;36;12;9;21;499;36;0;36;886;70;376;5;4;4;5;4;4;5;0;0;0;0;0;0;0;0;0;0;1;0;0;0;0;0;0;0;1;0;0;0;0;0;0;0;0;0;0;0;0;0;0;0;0;0;0;0;0;0;0;0;0;0;0;0;0;0;1;0;0;3;4;0;0;2;0;0;0;0;0;UMUARAMA;REGIÃO OESTE;24;5
0.53634483855575;2017-11-30;12;19;23;27;686;35;4;12;21;512;35;0;35;860;35;114;4;5;5;4;4;4;4;0;0;0;0;0;0;0;0;0;1;0;0;0;0;0;0;0;0;1;0;0;0;0;0;0;0;0;0;0;0;0;0;0;0;0;0;0;0;0;0;0;0;0;0;0;0;0;0;1;0;0;3;4;0;0;2;0;0;0;0;0;UMUARAMA;REGIÃO OESTE;25;6
0.424014279907393;2017-12-31;16;22;25;29;762;34;3;16;24;619;34;0;34;905;16;104;5;4;4;4;5;5;4;0;0;1;0;0;0;0;0;0;0;0;0;0;0;0;0;0;0;1;0;0;0;0;0;0;0;0;0;0;0;0;0;0;0;0;0;0;0;0;0;0;0;0;0;0;0;0;0;1;0;0;3;4;0;0;2;0;0;0;0;0;UMUARAMA;REGIÃO OESTE;26;4
0.28938020253433;2018-01-31;17;20;24;27;751;33;9;17;22;612;33;0;33;890;36;291;4;5;4;5;4;4;5;0;0;0;0;1;0;0;0;0;0;0;0;0;0;0;0;0;0;0;1;0;0;0;0;0;0;0;0;0;0;0;0;0;0;0;0;0;0;0;0;0;0;0;0;0;0;0;0;1;0;0;3;3;0;0;2;0;31;0;0;0;UMUARAMA;REGIÃO OESTE;27;2
0.456320803068059;2018-02-28;16;20;24;26;663;33;4;16;21;514;33;0;33;811;34;114;4;4;4;4;4;4;4;0;0;0;1;0;0;0;0;0;0;0;0;0;0;0;0;0;0;0;1;0;0;0;0;0;0;0;0;0;0;0;0;0;0;0;0;0;0;0;0;0;0;0;0;0;0;0;0;1;0;0;3;3;1;1;3;0;0;3;0;0;UMUARAMA;REGIÃO OESTE;28;5
0.818691126310022;2018-03-31;17;21;25;28;777;34;6;17;22;622;34;0;34;931;34;181;4;4;5;4;5;5;4;0;0;0;0;0;0;0;0;1;0;0;0;0;0;0;0;0;0;0;1;0;0;0;0;0;0;0;0;0;0;0;0;0;0;0;0;0;0;0;0;0;0;0;0;0;0;0;0;1;0;0;3;3;1;1;3;0;0;1;0;0;UMUARAMA;REGIÃO OESTE;29;9
0.756693706590318;2018-04-30;14;20;23;25;694;31;1;14;22;515;31;0;31;873;13;16;5;4;4;5;4;4;4;1;0;0;0;0;0;0;0;0;0;0;0;0;0;0;0;0;0;0;1;0;0;0;0;0;0;0;0;0;0;0;0;0;0;0;0;0;0;0;0;0;0;0;0;0;0;0;0;1;0;0;3;3;1;1;3;0;0;0;0;0;UMUARAMA;REGIÃO OESTE;30;8
0.461905519325592;2018-05-31;6;13;20;24;615;31;1;6;18;424;31;0;31;807;29;36;4;5;5;4;4;4;5;0;0;0;0;0;0;0;1;0;0;0;0;0;0;0;0;0;0;0;1;0;0;0;0;0;0;0;0;0;0;0;0;0;0;0;0;0;0;0;0;0;0;0;0;0;0;0;0;1;0;0;3;3;1;1;3;0;0;1;0;0;UMUARAMA;REGIÃO OESTE;31;5
0.295848576427549;2018-06-30;6;13;19;23;555;30;3;6;20;399;30;0;30;711;45;79;4;4;4;4;5;5;4;0;0;0;0;0;0;1;0;0;0;0;0;0;0;0;0;0;0;0;1;0;0;0;0;0;0;0;0;0;0;0;0;0;0;0;0;0;0;0;0;0;0;0;0;0;0;0;0;1;0;0;3;3;1;1;3;0;0;0;0;0;UMUARAMA;REGIÃO OESTE;32;3
0.283088560168248;2018-07-31;4;12;19;24;603;30;0;4;17;387;30;0;30;819;13;14;5;4;4;5;4;4;5;0;0;0;0;0;1;0;0;0;0;0;0;0;0;0;0;0;0;0;1;0;0;0;0;0;0;0;0;0;0;0;0;0;0;0;0;0;0;0;0;0;0;0;0;0;0;0;0;1;0;0;3;3;1;1;3;0;16;0;0;0;UMUARAMA;REGIÃO OESTE;33;2
0.319813371507343;2018-08-31;4;12;18;24;547;32;14;4;16;361;32;0;32;732;105;419;4;5;5;4;5;4;4;0;1;0;0;0;0;0;0;0;0;0;0;0;0;0;0;0;0;0;1;0;0;0;0;0;0;0;0;0;0;0;0;0;0;0;0;0;0;0;0;0;0;0;0;0;0;0;0;1;0;0;3;2;1;1;3;0;0;0;0;0;UMUARAMA;REGIÃO OESTE;34;3
0.406553205026245;2018-09-30;8;15;21;27;630;35;7;8;21;450;35;0;35;810;97;220;5;4;4;4;4;5;4;0;0;0;0;0;0;0;0;0;0;0;1;0;0;0;0;0;0;0;1;0;0;0;0;0;0;0;0;0;0;0;0;0;0;0;0;0;0;0;0;0;0;0;0;0;0;0;0;1;0;0;3;2;1;1;3;0;0;0;0;0;UMUARAMA;REGIÃO OESTE;35;4
0.460138204054221;2018-10-31;14;18;22;25;692;32;10;14;20;537;32;0;32;847;38;309;4;5;4;5;4;4;5;0;0;0;0;0;0;0;0;0;0;1;0;0;0;0;0;0;0;0;1;0;0;0;0;0;0;0;0;0;0;0;0;0;0;0;0;0;0;0;0;0;0;0;0;0;0;0;0;1;0;0;3;2;1;1;3;0;0;0;0;0;UMUARAMA;REGIÃO OESTE;36;5
0.656380891787286;2018-11-30;13;19;24;29;707;35;3;13;25;522;35;0;35;892;22;82;4;4;5;4;5;4;4;0;0;0;0;0;0;0;0;0;1;0;0;0;0;0;0;0;0;0;1;0;0;0;0;0;0;0;0;0;0;0;0;0;0;0;0;0;0;0;0;0;0;0;0;0;0;0;0;1;0;0;3;2;1;1;3;0;0;0;0;0;UMUARAMA;REGIÃO OESTE;37;8
0.566565929696198;2018-12-31;14;21;26;29;796;35;3;14;24;620;35;0;35;971;18;80;5;4;4;5;4;5;4;0;0;1;0;0;0;0;0;0;0;0;0;0;0;0;0;0;0;0;1;0;0;0;0;0;0;0;0;0;0;0;0;0;0;0;0;0;0;0;0;0;0;0;0;0;0;0;0;1;0;0;3;2;1;1;3;0;0;0;0;0;UMUARAMA;REGIÃO OESTE;38;7
0.405987664139406;2019-01-31;19;24;27;30;828;36;4;19;26;675;36;0;36;981;29;135;4;5;5;4;4;4;5;0;0;0;0;1;0;0;0;0;0;0;0;0;0;0;0;0;0;0;0;1;0;0;0;0;0;0;0;0;0;0;0;0;0;0;0;0;0;0;0;0;0;0;0;0;0;0;0;1;0;0;3;0;1;1;3;0;31;0;0;0;UMUARAMA;REGIÃO OESTE;39;4
0.523478783380167;2019-02-28;16;21;25;30;702;36;7;16;24;556;36;0;36;848;71;203;4;4;4;4;4;4;4;0;0;0;1;0;0;0;0;0;0;0;0;0;0;0;0;0;0;0;0;1;0;0;0;0;0;0;0;0;0;0;0;0;0;0;0;0;0;0;0;0;0;0;0;0;0;0;0;1;0;0;3;0;1;1;4;0;0;0;0;0;UMUARAMA;REGIÃO OESTE;40;6
0.814767686407578;2019-03-31;16;21;25;27;760;32;4;16;22;600;32;0;32;921;20;121;5;4;4;4;5;5;4;0;0;0;0;0;0;0;0;1;0;0;0;0;0;0;0;0;0;0;0;1;0;0;0;0;0;0;0;0;0;0;0;0;0;0;0;0;0;0;0;0;0;0;0;0;0;0;0;1;0;0;3;0;1;1;4;0;0;3;0;0;UMUARAMA;REGIÃO OESTE;41;9
0.756057473092625;2019-04-30;14;21;23;26;701;31;1;14;22;548;31;0;31;854;6;29;4;4;4;5;4;4;5;1;0;0;0;0;0;0;0;0;0;0;0;0;0;0;0;0;0;0;0;1;0;0;0;0;0;0;0;0;0;0;0;0;0;0;0;0;0;0;0;0;0;0;0;0;0;0;0;1;0;0;3;0;1;1;4;0;0;1;0;0;UMUARAMA;REGIÃO OESTE;42;8
0.519166534118021;2019-05-31;9;14;21;26;638;31;3;9;21;498;31;0;31;778;51;99;4;5;5;4;5;4;4;0;0;0;0;0;0;0;1;0;0;0;0;0;0;0;0;0;0;0;0;1;0;0;0;0;0;0;0;0;0;0;0;0;0;0;0;0;0;0;0;0;0;0;0;0;0;0;0;1;0;0;3;0;1;1;4;0;0;0;0;0;UMUARAMA;REGIÃO OESTE;43;6
0.248131064100525;2019-06-30;7;13;19;23;581;29;3;7;18;410;29;0;29;753;61;79;5;4;4;4;4;5;4;0;0;0;0;0;0;1;0;0;0;0;0;0;0;0;0;0;0;0;0;1;0;0;0;0;0;0;0;0;0;0;0;0;0;0;0;0;0;0;0;0;0;0;0;0;0;0;0;1;0;0;3;0;1;1;4;0;0;1;0;0;UMUARAMA;REGIÃO OESTE;44;2
0.193308944382588;2019-07-31;0;8;18;23;552;30;2;0;17;360;30;0;30;744;26;50;4;5;4;5;4;4;5;0;0;0;0;0;1;0;0;0;0;0;0;0;0;0;0;0;0;0;0;1;0;0;0;0;0;0;0;0;0;0;0;0;0;0;0;0;0;0;0;0;0;0;0;0;0;0;0;1;0;0;3;0;1;1;4;0;16;0;0;0;UMUARAMA;REGIÃO OESTE;45;1
0.289344856228903;2019-08-31;5;12;19;24;600;32;0;5;18;386;32;0;32;815;2;4;4;4;5;4;5;5;4;0;1;0;0;0;0;0;0;0;0;0;0;0;0;0;0;0;0;0;0;1;0;0;0;0;0;0;0;0;0;0;0;0;0;0;0;0;0;0;0;0;0;0;0;0;0;0;0;1;0;0;3;0;1;1;4;0;0;0;0;0;UMUARAMA;REGIÃO OESTE;46;2
0.459572663167382;2019-09-30;12;17;23;29;687;36;3;12;22;503;36;0;36;871;44;89;5;4;4;5;4;4;4;0;0;0;0;0;0;0;0;0;0;0;1;0;0;0;0;0;0;0;0;1;0;0;0;0;0;0;0;0;0;0;0;0;0;0;0;0;0;0;0;0;0;0;0;0;0;0;0;1;0;0;3;0;1;1;4;0;0;0;0;0;UMUARAMA;REGIÃO OESTE;47;5
0.700457734655285;2019-10-31;14;19;25;30;782;38;4;14;23;574;38;0;38;990;25;114;4;5;5;4;4;4;5;0;0;0;0;0;0;0;0;0;0;1;0;0;0;0;0;0;0;0;0;1;0;0;0;0;0;0;0;0;0;0;0;0;0;0;0;0;0;0;0;0;0;0;0;0;0;0;0;1;0;0;3;0;1;1;4;0;0;0;0;0;UMUARAMA;REGIÃO OESTE;48;8
0.799321350935794;2019-11-30;14;22;25;30;743;37;3;14;24;550;37;0;37;937;24;97;4;4;4;4;5;5;4;0;0;0;0;0;0;0;0;0;1;0;0;0;0;0;0;0;0;0;0;1;0;0;0;0;0;0;0;0;0;0;0;0;0;0;0;0;0;0;0;0;0;0;0;0;0;0;0;1;0;0;3;0;1;1;4;0;0;0;0;0;UMUARAMA;REGIÃO OESTE;49;9
0.45384656168814;2019-12-31;16;20;24;28;741;34;10;16;22;587;34;0;34;896;51;308;5;4;4;5;4;4;5;0;0;1;0;0;0;0;0;0;0;0;0;0;0;0;0;0;0;0;0;1;0;0;0;0;0;0;0;0;0;0;0;0;0;0;0;0;0;0;0;0;0;0;0;0;0;0;0;1;0;0;3;0;1;1;4;0;0;0;0;0;UMUARAMA;REGIÃO OESTE;50;5
0.305533464114663;2020-01-31;17;20;25;28;768;33;5;17;23;632;33;0;33;904;47;152;4;5;5;4;5;4;4;0;0;0;0;1;0;0;0;0;0;0;0;0;0;0;0;0;0;0;0;0;1;0;0;0;0;0;0;0;0;0;0;0;0;0;0;0;0;0;0;0;0;0;0;0;0;0;0;1;0;0;3;0;1;1;4;0;31;0;0;0;UMUARAMA;REGIÃO OESTE;51;3
0.580775144478023;2020-02-29;15;22;24;28;705;34;3;15;22;565;34;0;34;845;24;83;4;4;4;4;4;5;4;0;0;0;1;0;0;0;0;0;0;0;0;0;0;0;0;0;0;0;0;0;1;0;0;0;0;0;0;0;0;0;0;0;0;0;0;0;0;0;0;0;0;0;0;0;0;0;0;1;0;0;3;0;1;1;4;0;0;3;0;0;UMUARAMA;REGIÃO OESTE;52;7
0.4678436986374;2020-03-31;15;22;24;28;743;35;2;15;22;554;35;0;35;931;23;62;5;4;4;5;4;4;5;0;0;0;0;0;0;0;0;1;0;0;0;0;0;0;0;0;0;0;0;0;1;0;0;0;0;0;0;0;0;0;0;0;0;0;0;0;0;0;0;0;0;0;0;0;0;0;0;1;0;0;3;0;1;1;4;0;0;0;15;0;UMUARAMA;REGIÃO OESTE;53;5
0.111340862096389;2020-04-30;10;17;22;26;657;32;2;10;21;472;32;0;32;842;25;50;4;5;5;4;4;4;4;1;0;0;0;0;0;0;0;0;0;0;0;0;0;0;0;0;0;0;0;0;1;0;0;0;0;0;0;0;0;0;0;0;0;0;0;0;0;0;0;0;0;0;0;0;0;0;0;1;0;0;3;0;1;1;4;0;0;1;30;0;UMUARAMA;REGIÃO OESTE;54;1
0.029266740893908;2020-05-31;7;13;19;25;586;31;2;7;19;401;31;0;31;771;57;70;5;4;4;4;5;5;4;0;0;0;0;0;0;0;1;0;0;0;0;0;0;0;0;0;0;0;0;0;1;0;0;0;0;0;0;0;0;0;0;0;0;0;0;0;0;0;0;0;0;0;0;0;0;0;0;1;0;0;3;0;1;1;4;0;0;0;31;0;UMUARAMA;REGIÃO OESTE;55;0
0.000636233497694;2020-06-30;10;15;19;23;574;29;6;10;19;431;29;0;29;716;84;168;4;4;4;5;4;4;5;0;0;0;0;0;0;1;0;0;0;0;0;0;0;0;0;0;0;0;0;0;1;0;0;0;0;0;0;0;0;0;0;0;0;0;0;0;0;0;0;0;0;0;0;0;0;0;0;1;0;0;3;0;1;1;4;0;0;1;30;0;UMUARAMA;REGIÃO OESTE;56;0
0.013148825619002;2020-07-31;5;11;18;22;559;29;1;5;17;379;29;0;29;739;13;17;4;5;5;4;5;4;4;0;0;0;0;0;1;0;0;0;0;0;0;0;0;0;0;0;0;0;0;0;1;0;0;0;0;0;0;0;0;0;0;0;0;0;0;0;0;0;0;0;0;0;0;0;0;0;0;1;0;0;3;0;1;1;4;0;0;0;31;0;UMUARAMA;REGIÃO OESTE;57;0
0.010321121184808;2020-08-31;4;11;18;24;572;34;6;4;17;384;34;0;34;760;48;183;5;4;4;5;4;5;4;0;1;0;0;0;0;0;0;0;0;0;0;0;0;0;0;0;0;0;0;0;1;0;0;0;0;0;0;0;0;0;0;0;0;0;0;0;0;0;0;0;0;0;0;0;0;0;0;1;0;0;3;0;1;1;4;0;0;0;31;0;UMUARAMA;REGIÃO OESTE;58;0
0.067864906420656;2020-09-30;12;17;24;28;722;37;1;12;20;512;37;0;37;931;23;39;4;5;4;4;4;4;5;0;0;0;0;0;0;0;0;0;0;0;1;0;0;0;0;0;0;0;0;0;1;0;0;0;0;0;0;0;0;0;0;0;0;0;0;0;0;0;0;0;0;0;0;0;0;0;0;1;0;0;3;0;1;1;4;0;0;0;30;0;UMUARAMA;REGIÃO OESTE;59;0
0.110033048795575;2020-10-31;12;19;24;31;749;39;1;12;23;544;39;0;39;953;8;30;4;4;5;4;5;5;4;0;0;0;0;0;0;0;0;0;0;1;0;0;0;0;0;0;0;0;0;0;1;0;0;0;0;0;0;0;0;0;0;0;0;0;0;0;0;0;0;0;0;0;0;0;0;0;0;1;0;0;3;0;1;1;4;0;0;0;31;0;UMUARAMA;REGIÃO OESTE;60;1
0.050898679815492;2020-11-30;11;19;24;28;720;36;2;11;22;505;36;0;36;935;17;67;5;4;4;5;4;4;4;0;0;0;0;0;0;0;0;0;1;0;0;0;0;0;0;0;0;0;0;0;1;0;0;0;0;0;0;0;0;0;0;0;0;0;0;0;0;0;0;0;0;0;0;0;0;0;0;1;0;0;3;0;1;1;4;0;0;0;30;0;UMUARAMA;REGIÃO OESTE;61;0
0.099075694113073;2020-12-31;16;21;24;26;754;33;7;16;21;593;33;0;33;914;50;215;4;5;5;4;4;4;5;0;0;1;0;0;0;0;0;0;0;0;0;0;0;0;0;0;0;0;0;0;1;0;0;0;0;0;0;0;0;0;0;0;0;0;0;0;0;0;0;0;0;0;0;0;0;0;0;1;0;0;3;0;1;1;4;0;0;0;31;0;UMUARAMA;REGIÃO OESTE;62;1
0.104554371454324;2021-01-31;17;22;24;28;755;33;7;17;22;629;33;0;33;881;53;227;5;4;4;4;5;5;4;0;0;0;0;1;0;0;0;0;0;0;0;1;0;0;0;0;0;0;0;0;0;0;0;0;0;0;0;0;0;0;0;0;0;0;0;0;0;0;0;0;0;0;0;0;0;0;0;1;0;0;3;0;1;1;4;0;0;0;31;0;UMUARAMA;REGIÃO OESTE;63;1
0.052807380308573;2021-02-28;17;22;24;27;681;33;4;17;22;527;33;0;33;835;70;113;4;4;4;4;4;4;4;0;0;0;1;0;0;0;0;0;0;0;0;1;0;0;0;0;0;0;0;0;0;0;0;0;0;0;0;0;0;0;0;0;0;0;0;0;0;0;0;0;0;0;0;0;0;0;0;1;0;0;3;0;1;1;4;0;0;3;28;0;UMUARAMA;REGIÃO OESTE;64;0
0.071682307406818;2021-03-31;15;21;25;28;776;34;5;15;22;610;34;0;34;943;31;153;4;5;4;5;4;4;5;0;0;0;0;0;0;0;0;1;0;0;0;1;0;0;0;0;0;0;0;0;0;0;0;0;0;0;0;0;0;0;0;0;0;0;0;0;0;0;0;0;0;0;0;0;0;0;0;1;0;0;3;0;1;1;4;0;0;0;31;0;UMUARAMA;REGIÃO OESTE;65;0
0.071046073909125;2021-04-30;13;19;22;26;656;32;0;13;21;476;32;0;32;836;2;6;4;4;5;4;5;4;4;1;0;0;0;0;0;0;0;0;0;0;0;1;0;0;0;0;0;0;0;0;0;0;0;0;0;0;0;0;0;0;0;0;0;0;0;0;0;0;0;0;0;0;0;0;0;0;0;1;0;0;3;0;1;1;4;0;0;1;30;0;UMUARAMA;REGIÃO OESTE;66;0
0.090309810367071;2021-05-31;7;15;20;24;610;30;4;7;20;431;30;0;30;789;61;133;5;4;4;5;4;5;4;0;0;0;0;0;0;0;1;0;0;0;0;1;0;0;0;0;0;0;0;0;0;0;0;0;0;0;0;0;0;0;0;0;0;0;0;0;0;0;0;0;0;0;0;0;0;0;0;1;0;0;3;0;1;1;4;0;0;0;31;0;UMUARAMA;REGIÃO OESTE;67;1
0.051959068978315;2021-06-30;2;6;17;22;516;28;3;2;16;380;28;0;28;652;28;76;4;5;4;4;4;4;5;0;0;0;0;0;0;1;0;0;0;0;0;1;0;0;0;0;0;0;0;0;0;0;0;0;0;0;0;0;0;0;0;0;0;0;0;0;0;0;0;0;0;0;0;0;0;0;0;1;0;0;3;0;1;1;4;0;0;1;30;0;UMUARAMA;REGIÃO OESTE;68;0
0.051959068978315;2021-07-31;1;7;16;21;499;29;2;1;16;287;29;0;29;710;27;49;4;4;5;4;5;5;4;0;0;0;0;0;1;0;0;0;0;0;0;1;0;0;0;0;0;0;0;0;0;0;0;0;0;0;0;0;0;0;0;0;0;0;0;0;0;0;0;0;0;0;0;0;0;0;0;1;0;0;3;0;1;1;4;0;0;0;31;0;UMUARAMA;REGIÃO OESTE;69;0
0.08373539755757;2021-08-31;8;15;21;27;646;35;3;8;19;444;35;0;35;849;83;102;5;4;4;5;4;4;5;0;1;0;0;0;0;0;0;0;0;0;0;1;0;0;0;0;0;0;0;0;0;0;0;0;0;0;0;0;0;0;0;0;0;0;0;0;0;0;0;0;0;0;0;0;0;0;0;1;0;0;3;0;1;1;4;0;0;0;31;0;UMUARAMA;REGIÃO OESTE;70;1
0.142092147818249;2021-09-30;11;19;24;30;729;37;4;11;24;524;37;0;37;934;44;105;4;5;5;4;4;4;4;0;0;0;0;0;0;0;0;0;0;0;1;1;0;0;0;0;0;0;0;0;0;0;0;0;0;0;0;0;0;0;0;0;0;0;0;0;0;0;0;0;0;0;0;0;0;0;0;1;0;0;3;0;1;1;4;0;0;0;30;0;UMUARAMA;REGIÃO OESTE;71;1
0.130852022692328;2021-10-31;11;17;21;26;647;32;14;11;20;497;32;0;32;797;103;447;5;4;4;4;5;5;4;0;0;0;0;0;0;0;0;0;0;1;0;1;0;0;0;0;0;0;0;0;0;0;0;0;0;0;0;0;0;0;0;0;0;0;0;0;0;0;0;0;0;0;0;0;0;0;0;1;0;0;3;0;1;1;4;0;0;0;0;0;UMUARAMA;REGIÃO OESTE;72;1
0.511107576480568;2021-11-30;13;20;24;27;731;34;2;13;22;534;34;0;34;927;18;47;4;4;4;5;4;4;5;0;0;0;0;0;0;0;0;0;1;0;0;1;0;0;0;0;0;0;0;0;0;0;0;0;0;0;0;0;0;0;0;0;0;0;0;0;0;0;0;0;0;0;0;0;0;0;0;1;0;0;3;0;1;1;4;0;0;0;0;0;UMUARAMA;REGIÃO OESTE;73;6
0.690772846968171;2021-12-31;14;21;25;29;777;37;3;14;22;573;37;0;37;980;66;102;4;5;5;4;5;4;4;0;0;1;0;0;0;0;0;0;0;0;0;1;0;0;0;0;0;0;0;0;0;0;0;0;0;0;0;0;0;0;0;0;0;0;0;0;0;0;0;0;0;0;0;0;0;0;0;1;0;0;3;0;1;1;4;0;0;0;0;0;UMUARAMA;REGIÃO OESTE;74;8
0.675432550412668;2022-01-31;17;21;25;29;771;35;6;17;23;614;35;0;35;929;39;181;5;4;4;5;4;5;4;0;0;0;0;1;0;0;0;0;0;0;0;0;1;0;0;0;0;0;0;0;0;0;0;0;0;0;0;0;0;0;0;0;0;0;0;0;0;0;0;0;0;0;0;0;0;0;0;1;0;0;3;0;1;1;4;0;31;0;0;0;UMUARAMA;REGIÃO OESTE;75;8
0.566459890779916;2022-02-28;17;24;26;30;726;37;5;17;23;553;37;0;37;898;28;132;4;4;4;4;4;4;4;0;0;0;1;0;0;0;0;0;0;0;0;0;1;0;0;0;0;0;0;0;0;0;0;0;0;0;0;0;0;0;0;0;0;0;0;0;0;0;0;0;0;0;0;0;0;0;0;1;0;0;3;0;1;1;4;0;0;1;0;0;UMUARAMA;REGIÃO OESTE;76;7
0.821165367689942;2022-03-31;17;21;25;29;781;35;12;17;23;621;35;0;35;941;68;357;4;5;5;4;4;4;5;0;0;0;0;0;0;0;0;1;0;0;0;0;1;0;0;0;0;0;0;0;0;0;0;0;0;0;0;0;0;0;0;0;0;0;0;0;0;0;0;0;0;0;0;0;0;0;0;1;0;0;3;0;1;1;4;0;0;1;0;0;UMUARAMA;REGIÃO OESTE;77;9
0.53867769471396;2022-04-30;12;17;22;26;668;31;4;12;20;510;31;0;31;826;41;132;4;4;4;4;5;5;4;1;0;0;0;0;0;0;0;0;0;0;0;0;1;0;0;0;0;0;0;0;0;0;0;0;0;0;0;0;0;0;0;0;0;0;0;0;0;0;0;0;0;0;0;0;0;0;0;1;0;0;3;0;1;1;4;0;0;1;0;0;UMUARAMA;REGIÃO OESTE;78;6
0.391637064135871;2022-05-31;5;9;18;24;550;30;2;5;19;381;30;0;30;719;27;67;5;4;4;5;4;4;5;0;0;0;0;0;0;0;1;0;0;0;0;0;1;0;0;0;0;0;0;0;0;0;0;0;0;0;0;0;0;0;0;0;0;0;0;0;0;0;0;0;0;0;0;0;0;0;0;1;0;0;3;0;1;1;4;0;0;0;0;0;UMUARAMA;REGIÃO OESTE;79;4
0.327660251312232;2022-06-30;5;12;18;22;530;28;2;5;16;364;28;0;28;696;16;57;4;5;5;4;4;4;4;0;0;0;0;0;0;1;0;0;0;0;0;0;1;0;0;0;0;0;0;0;0;0;0;0;0;0;0;0;0;0;0;0;0;0;0;0;0;0;0;0;0;0;0;0;0;0;0;1;0;0;3;0;1;1;4;0;0;1;0;0;UMUARAMA;REGIÃO OESTE;80;3
0.243712775922097;2022-07-31;6;14;20;23;618;30;0;6;17;416;30;0;30;820;7;12;5;4;4;4;5;5;4;0;0;0;0;0;1;0;0;0;0;0;0;0;1;0;0;0;0;0;0;0;0;0;0;0;0;0;0;0;0;0;0;0;0;0;0;0;0;0;0;0;0;0;0;0;0;0;0;1;0;0;3;0;1;1;4;0;0;0;0;0;UMUARAMA;REGIÃO OESTE;81;2
0.394924270540622;2022-08-31;4;12;18;24;563;32;7;4;18;368;32;0;32;759;64;215;4;5;4;5;4;4;5;0;1;0;0;0;0;0;0;0;0;0;0;0;1;0;0;0;0;0;0;0;0;0;0;0;0;0;0;0;0;0;0;0;0;0;0;0;0;0;0;0;0;0;0;0;0;0;0;1;0;0;3;0;1;1;4;0;0;0;0;0;UMUARAMA;REGIÃO OESTE;82;4
0.37325698531361;2022-09-30;6;14;18;26;542;34;5;6;20;387;34;0;34;696;40;163;4;4;5;4;5;4;4;0;0;0;0;0;0;0;0;0;0;0;1;0;1;0;0;0;0;0;0;0;0;0;0;0;0;0;0;0;0;0;0;0;0;0;0;0;0;0;0;0;0;0;0;0;0;0;0;1;0;0;3;0;1;1;4;0;0;0;0;0;UMUARAMA;REGIÃO OESTE;83;4
0.459572663167382;2022-10-31;-8;10;21;26;663;33;10;-8;20;473;33;0;33;852;79;314;5;4;4;5;4;5;4;0;0;0;0;0;0;0;0;0;0;1;0;0;1;0;0;0;0;0;0;0;0;0;0;0;0;0;0;0;0;0;0;0;0;0;0;0;0;0;0;0;0;0;0;0;0;0;0;1;0;0;3;0;1;1;4;0;0;0;0;0;UMUARAMA;REGIÃO OESTE;84;5
0.591697152855098;2022-11-30;9;14;21;24;632;33;1;9;18;435;33;0;33;829;5;28;4;5;4;4;4;4;5;0;0;0;0;0;0;0;0;0;1;0;0;0;1;0;0;0;0;0;0;0;0;0;0;0;0;0;0;0;0;0;0;0;0;0;0;0;0;0;0;0;0;0;0;0;0;0;0;1;0;0;3;0;1;1;4;0;0;0;0;0;UMUARAMA;REGIÃO OESTE;85;7
0.486966049873637;2022-12-31;-20;6;23;27;720;34;5;-20;23;532;34;0;34;908;29;145;4;4;5;4;5;5;4;0;0;1;0;0;0;0;0;0;0;0;0;0;1;0;0;0;0;0;0;0;0;0;0;0;0;0;0;0;0;0;0;0;0;0;0;0;0;0;0;0;0;0;0;0;0;0;0;1;0;0;3;0;1;1;4;0;0;0;0;0;UMUARAMA;REGIÃO OESTE;86;5
0.280967781842603;2023-01-31;15;20;24;26;737;32;7;15;20;584;32;0;32;890;38;231;5;4;4;5;4;4;5;0;0;0;0;1;0;0;0;0;0;0;0;0;0;1;0;0;0;0;0;0;0;0;0;0;0;0;0;0;0;0;0;0;0;0;0;0;0;0;0;0;0;0;0;0;0;0;0;1;0;0;3;0;1;1;4;0;31;0;0;0;UMUARAMA;REGIÃO OESTE;87;2
0.572398070091724;2023-02-28;15;20;23;26;655;34;14;15;20;524;34;0;34;786;68;380;4;4;4;4;4;4;4;0;0;0;1;0;0;0;0;0;0;0;0;0;0;1;0;0;0;0;0;0;0;0;0;0;0;0;0;0;0;0;0;0;0;0;0;0;0;0;0;0;0;0;0;0;0;0;0;1;0;0;3;0;1;1;4;0;0;3;0;0;UMUARAMA;REGIÃO OESTE;88;7
1.0;2023-03-31;17;22;25;27;772;33;9;17;21;596;33;0;33;948;48;288;4;5;5;4;5;4;4;0;0;0;0;0;0;0;0;1;0;0;0;0;0;1;0;0;0;0;0;0;0;0;0;0;0;0;0;0;0;0;0;0;0;0;0;0;0;0;0;0;0;0;0;0;0;0;0;1;0;0;3;0;1;1;4;0;0;0;0;0;UMUARAMA;REGIÃO OESTE;89;9
0.52701341392291;2023-04-30;10;17;22;27;647;34;6;10;20;489;34;0;34;805;78;168;5;4;4;4;4;5;4;1;0;0;0;0;0;0;0;0;0;0;0;0;0;1;0;0;0;0;0;0;0;0;0;0;0;0;0;0;0;0;0;0;0;0;0;0;0;0;0;0;0;0;0;0;0;0;0;1;0;0;3;0;1;1;4;0;0;1;0;0;UMUARAMA;REGIÃO OESTE;90;6
0.526412526730643;2023-05-31;10;16;20;24;615;29;3;10;20;435;29;0;29;795;30;91;4;5;4;5;4;4;5;0;0;0;0;0;0;0;1;0;0;0;0;0;0;1;0;0;0;0;0;0;0;0;0;0;0;0;0;0;0;0;0;0;0;0;0;0;0;0;0;0;0;0;0;0;0;0;0;1;0;0;3;0;1;1;4;0;0;0;0;0;UMUARAMA;REGIÃO OESTE;91;6
0.355230369545623;2023-06-30;6;11;18;22;533;32;4;6;16;353;32;0;32;713;62;116;4;4;5;4;5;4;4;0;0;0;0;0;0;1;0;0;0;0;0;0;0;1;0;0;0;0;0;0;0;0;0;0;0;0;0;0;0;0;0;0;0;0;0;0;0;0;0;0;0;0;0;0;0;0;0;1;0;0;3;0;1;1;4;0;0;1;0;0;UMUARAMA;REGIÃO OESTE;92;3
0.245904246858597;2023-07-31;6;12;18;22;561;28;1;6;16;393;28;0;28;729;13;44;5;4;4;5;4;5;4;0;0;0;0;0;1;0;0;0;0;0;0;0;0;1;0;0;0;0;0;0;0;0;0;0;0;0;0;0;0;0;0;0;0;0;0;0;0;0;0;0;0;0;0;0;0;0;0;1;0;0;3;0;1;1;4;0;15;0;0;0;UMUARAMA;REGIÃO OESTE;93;2
0.561476061714649;2023-08-31;8;14;20;27;633;34;2;8;20;425;34;0;34;840;14;69;4;5;5;4;4;4;5;0;1;0;0;0;0;0;0;0;0;0;0;0;0;1;0;0;0;0;0;0;0;0;0;0;0;0;0;0;0;0;0;0;0;0;0;0;0;0;0;0;0;0;0;0;0;0;0;1;0;0;3;0;1;1;4;0;0;0;0;0;UMUARAMA;REGIÃO OESTE;94;7
0.764540586395207;2023-09-30;8;17;24;30;723;38;4;8;25;518;38;0;38;926;63;133;4;4;4;4;5;5;4;0;0;0;0;0;0;0;0;0;0;0;1;0;0;1;0;0;0;0;0;0;0;0;0;0;0;0;0;0;0;0;0;0;0;0;0;0;0;0;0;0;0;0;0;0;0;0;0;1;0;0;3;0;1;1;4;0;0;0;0;0;UMUARAMA;REGIÃO OESTE;95;8
0.880335082975452;2023-10-31;14;20;24;29;741;35;15;14;23;560;35;0;35;922;93;477;5;4;4;5;4;4;5;0;0;0;0;0;0;0;0;0;0;1;0;0;0;1;0;0;0;0;0;0;0;0;0;0;0;0;0;0;0;0;0;0;0;0;0;0;0;0;0;0;0;0;0;0;0;0;0;1;0;0;3;0;1;1;4;0;0;0;0;0;UMUARAMA;REGIÃO OESTE;96;9
0.971316473145644;2023-11-30;11;17;24;30;728;37;7;11;25;548;37;0;37;909;69;217;4;5;5;4;4;4;4;0;0;0;0;0;0;0;0;0;1;0;0;0;0;1;0;0;0;0;0;0;0;0;0;0;0;0;0;0;0;0;0;0;0;0;0;0;0;0;0;0;0;0;0;0;0;0;0;1;0;0;3;0;1;1;4;0;0;0;0;0;UMUARAMA;REGIÃO OESTE;97;9
0.753229768658431;2023-12-31;16;21;26;28;801;36;4;16;22;609;36;0;36;994;40;122;5;4;4;4;5;5;4;0;0;1;0;0;0;0;0;0;0;0;0;0;0;1;0;0;0;0;0;0;0;0;0;0;0;0;0;0;0;0;0;0;0;0;0;0;0;0;0;0;0;0;0;0;0;0;0;1;0;0;3;0;1;1;4;0;0;0;0;0;UMUARAMA;REGIÃO OESTE;98;8
0.305073962144107;2024-01-31;15;19;25;30;781;37;4;15;23;600;37;0;37;963;62;125;4;5;4;5;4;4;5;0;0;0;0;1;0;0;0;0;0;0;0;0;0;0;1;0;0;0;0;0;0;0;0;0;0;0;0;0;0;0;0;0;0;0;0;0;0;0;0;0;0;0;0;0;0;0;0;1;0;0;3;0;1;1;4;0;31;0;0;0;UMUARAMA;REGIÃO OESTE;99;3
0.984041143099518;2024-02-29;18;22;26;29;759;35;6;18;23;591;35;0;35;926;47;175;4;4;5;4;4;4;4;0;0;0;1;0;0;0;0;0;0;0;0;0;0;0;1;0;0;0;0;0;0;0;0;0;0;0;0;0;0;0;0;0;0;0;0;0;0;0;0;0;0;0;0;0;0;0;0;1;0;0;3;0;1;1;4;0;0;3;0;0;UMUARAMA;REGIÃO OESTE;100;9
1.0;2024-03-31;17;20;26;30;806;36;3;17;24;625;36;0;36;986;18;81;5;4;4;4;5;5;4;0;0;0;0;0;0;0;0;1;0;0;0;0;0;0;1;0;0;0;0;0;0;0;0;0;0;0;0;0;0;0;0;0;0;0;0;0;0;0;0;0;0;0;0;0;0;0;0;1;0;0;3;0;1;1;4;0;0;1;0;0;UMUARAMA;REGIÃO OESTE;101;9
0.78892953714013;2024-04-30;13;19;24;28;731;34;2;13;22;570;34;0;34;891;36;70;4;4;4;5;4;4;5;1;0;0;0;0;0;0;0;0;0;0;0;0;0;0;1;0;0;0;0;0;0;0;0;0;0;0;0;0;0;0;0;0;0;0;0;0;0;0;0;0;0;0;0;0;0;0;0;1;0;0;3;0;1;1;4;0;0;0;0;0;UMUARAMA;REGIÃO OESTE;102;9
0.162628351271583;2024-05-31;5;13;22;27;670;33;1;5;21;505;33;0;33;836;32;36;4;5;5;4;5;4;4;0;0;0;0;0;0;0;1;0;0;0;0;0;0;0;1;0;0;0;0;0;0;0;0;0;0;0;0;0;0;0;0;0;0;0;0;0;0;0;0;0;0;0;0;0;0;0;0;1;0;0;3;0;1;1;4;0;0;1;0;30;UMUARAMA;REGIÃO OESTE;103;1
0.0;2024-06-30;10;16;21;24;635;31;0;10;18;441;31;0;31;829;2;2;5;4;4;4;4;5;4;0;0;0;0;0;0;1;0;0;0;0;0;0;0;0;1;0;0;0;0;0;0;0;0;0;0;0;0;0;0;0;0;0;0;0;0;0;0;0;0;0;0;0;0;0;0;0;0;1;0;0;3;0;1;1;4;0;0;0;0;30;UMUARAMA;REGIÃO OESTE;104;0
0.161532615803333;2024-07-31;5;13;17;22;526;29;2;5;16;354;29;0;29;699;26;72;4;5;4;5;4;4;5;0;0;0;0;0;1;0;0;0;0;0;0;0;0;0;1;0;0;0;0;0;0;0;0;0;0;0;0;0;0;0;0;0;0;0;0;0;0;0;0;0;0;0;0;0;0;0;0;1;0;0;3;0;1;1;4;0;12;0;0;0;UMUARAMA;REGIÃO OESTE;105;1
0.435466482865878;2024-08-31;1;10;19;25;585;35;2;1;18;337;35;0;35;832;35;60;4;4;5;4;5;5;4;0;1;0;0;0;0;0;0;0;0;0;0;0;0;0;1;0;0;0;0;0;0;0;0;0;0;0;0;0;0;0;0;0;0;0;0;0;0;0;0;0;0;0;0;0;0;0;0;1;0;0;3;0;1;1;4;0;0;0;0;0;UMUARAMA;REGIÃO OESTE;106;5
0.71576268490536;2024-09-30;13;16;23;27;696;38;1;13;19;470;38;0;38;921;16;44;5;4;4;5;4;4;4;0;0;0;0;0;0;0;0;0;0;0;1;0;0;0;1;0;0;0;0;0;0;0;0;0;0;0;0;0;0;0;0;0;0;0;0;0;0;0;0;0;0;0;0;0;0;0;0;1;0;0;3;0;1;1;4;0;0;0;0;0;UMUARAMA;REGIÃO OESTE;107;8
0.898962585935705;2024-10-31;13;17;22;28;696;36;5;13;22;537;36;0;36;855;60;140;4;5;5;4;4;4;5;0;0;0;0;0;0;0;0;0;0;1;0;0;0;0;1;0;0;0;0;0;0;0;0;0;0;0;0;0;0;0;0;0;0;0;0;0;0;0;0;0;0;0;0;0;0;0;0;1;0;0;3;0;1;1;4;0;0;0;0;0;UMUARAMA;REGIÃO OESTE;108;9
0.140722687294691;2017-10-31;5;14;19;24;575;32;11;5;17;401;32;0;32;750;62;344;5;4;4;5;4;4;5;0;0;0;0;0;0;0;0;0;0;1;0;0;0;0;0;0;0;1;0;0;0;0;0;0;0;0;0;0;0;0;0;0;0;0;0;0;0;0;0;0;0;0;0;0;0;0;0;0;1;0;2;0;0;0;0;0;0;0;0;0;UNIÃO DA VITÓRIA;REGIÃO SUL;1;1
0.136060188619265;2017-11-30;8;16;20;23;588;32;6;8;17;404;32;0;32;771;48;178;4;5;5;4;4;4;4;0;0;0;0;0;0;0;0;0;1;0;0;0;0;0;0;0;0;1;0;0;0;0;0;0;0;0;0;0;0;0;0;0;0;0;0;0;0;0;0;0;0;0;0;0;0;0;0;0;1;0;2;0;0;0;0;0;0;0;0;0;UNIÃO DA VITÓRIA;REGIÃO SUL;2;1
0.079050545724277;2017-12-31;14;18;22;25;687;32;3;14;20;526;32;0;32;848;17;85;5;4;4;4;5;5;4;0;0;1;0;0;0;0;0;0;0;0;0;0;0;0;0;0;0;1;0;0;0;0;0;0;0;0;0;0;0;0;0;0;0;0;0;0;0;0;0;0;0;0;0;0;0;0;0;0;1;0;2;0;0;0;0;0;0;0;0;0;UNIÃO DA VITÓRIA;REGIÃO SUL;3;1
0.054572427678288;2018-01-31;14;19;22;25;689;31;4;14;19;533;31;0;31;845;18;109;4;5;4;5;4;4;5;0;0;0;0;1;0;0;0;0;0;0;0;0;0;0;0;0;0;0;1;0;0;0;0;0;0;0;0;0;0;0;0;0;0;0;0;0;0;0;0;0;0;0;0;0;0;0;0;0;1;0;2;0;0;0;0;0;31;0;0;0;UNIÃO DA VITÓRIA;REGIÃO SUL;4;0
0.096005086362191;2018-02-28;13;17;21;24;586;30;1;13;19;432;30;0;30;740;4;22;4;4;4;4;4;4;4;0;0;0;1;0;0;0;0;0;0;0;0;0;0;0;0;0;0;0;1;0;0;0;0;0;0;0;0;0;0;0;0;0;0;0;0;0;0;0;0;0;0;0;0;0;0;0;0;0;1;0;2;0;0;0;0;0;0;3;0;0;UNIÃO DA VITÓRIA;REGIÃO SUL;5;1
0.183532902405425;2018-03-31;15;18;22;25;697;31;6;15;19;539;31;0;31;855;83;199;4;4;5;4;5;5;4;0;0;0;0;0;0;0;0;1;0;0;0;0;0;0;0;0;0;0;1;0;0;0;0;0;0;0;0;0;0;0;0;0;0;0;0;0;0;0;0;0;0;0;0;0;0;0;0;0;1;0;2;0;0;0;0;0;0;1;0;0;UNIÃO DA VITÓRIA;REGIÃO SUL;6;1
0.195824944367914;2018-04-30;10;17;20;22;593;28;0;10;18;406;28;0;28;780;6;12;5;4;4;5;4;4;4;1;0;0;0;0;0;0;0;0;0;0;0;0;0;0;0;0;0;0;1;0;0;0;0;0;0;0;0;0;0;0;0;0;0;0;0;0;0;0;0;0;0;0;0;0;0;0;0;0;1;0;2;0;0;0;0;0;0;0;0;0;UNIÃO DA VITÓRIA;REGIÃO SUL;7;2
0.206633464024584;2018-05-31;1;10;16;21;506;28;4;1;17;322;28;0;28;690;95;131;4;5;5;4;4;4;5;0;0;0;0;0;0;0;1;0;0;0;0;0;0;0;0;0;0;0;1;0;0;0;0;0;0;0;0;0;0;0;0;0;0;0;0;0;0;0;0;0;0;0;0;0;0;0;0;0;1;0;2;0;0;0;0;0;0;1;0;0;UNIÃO DA VITÓRIA;REGIÃO SUL;8;2
0.192645967998305;2018-06-30;0;7;14;20;411;26;6;0;16;269;26;0;26;553;66;194;4;4;4;4;5;5;4;0;0;0;0;0;0;1;0;0;0;0;0;0;0;0;0;0;0;0;1;0;0;0;0;0;0;0;0;0;0;0;0;0;0;0;0;0;0;0;0;0;0;0;0;0;0;0;0;0;1;0;2;0;0;0;0;0;0;0;0;0;UNIÃO DA VITÓRIA;REGIÃO SUL;9;1
0.204832044081806;2018-07-31;0;7;15;19;465;26;0;0;13;265;26;0;26;665;1;2;5;4;4;5;4;4;5;0;0;0;0;0;1;0;0;0;0;0;0;0;0;0;0;0;0;0;1;0;0;0;0;0;0;0;0;0;0;0;0;0;0;0;0;0;0;0;0;0;0;0;0;0;0;0;0;0;1;0;2;0;0;0;0;0;16;0;0;0;UNIÃO DA VITÓRIA;REGIÃO SUL;10;2
0.250821235562149;2018-08-31;0;8;14;20;419;28;4;0;13;234;28;0;28;605;44;117;4;5;5;4;5;4;4;0;1;0;0;0;0;0;0;0;0;0;0;0;0;0;0;0;0;0;1;0;0;0;0;0;0;0;0;0;0;0;0;0;0;0;0;0;0;0;0;0;0;0;0;0;0;0;0;0;1;0;2;0;0;0;0;0;0;0;0;0;UNIÃO DA VITÓRIA;REGIÃO SUL;11;2
0.288015259086574;2018-09-30;3;11;17;23;512;31;7;3;16;350;31;0;31;674;48;196;5;4;4;4;4;5;4;0;0;0;0;0;0;0;0;0;0;0;1;0;0;0;0;0;0;0;1;0;0;0;0;0;0;0;0;0;0;0;0;0;0;0;0;0;0;0;0;0;0;0;0;0;0;0;0;0;1;0;2;0;0;0;0;0;0;0;0;0;UNIÃO DA VITÓRIA;REGIÃO SUL;12;2
0.25357634841581;2018-10-31;9;13;18;22;565;29;6;9;17;434;29;0;29;697;36;187;4;5;4;5;4;4;5;0;0;0;0;0;0;0;0;0;0;1;0;0;0;0;0;0;0;0;1;0;0;0;0;0;0;0;0;0;0;0;0;0;0;0;0;0;0;0;0;0;0;0;0;0;0;0;0;0;1;0;2;0;0;0;0;0;0;0;0;0;UNIÃO DA VITÓRIA;REGIÃO SUL;13;2
0.235244251351065;2018-11-30;10;16;21;26;621;31;1;10;20;451;31;0;31;791;13;36;4;4;5;4;5;4;4;0;0;0;0;0;0;0;0;0;1;0;0;0;0;0;0;0;0;0;1;0;0;0;0;0;0;0;0;0;0;0;0;0;0;0;0;0;0;0;0;0;0;0;0;0;0;0;0;0;1;0;2;0;0;0;0;0;0;0;0;0;UNIÃO DA VITÓRIA;REGIÃO SUL;14;2
0.162551658366006;2018-12-31;9;18;24;27;729;34;3;9;21;513;34;0;34;945;23;100;5;4;4;5;4;5;4;0;0;1;0;0;0;0;0;0;0;0;0;0;0;0;0;0;0;0;1;0;0;0;0;0;0;0;0;0;0;0;0;0;0;0;0;0;0;0;0;0;0;0;0;0;0;0;0;0;1;0;2;0;0;0;0;0;0;0;0;0;UNIÃO DA VITÓRIA;REGIÃO SUL;15;1
0.098124403941931;2019-01-31;16;22;24;26;758;34;4;16;21;576;34;0;34;939;16;118;4;5;5;4;4;4;5;0;0;0;0;1;0;0;0;0;0;0;0;0;0;0;0;0;0;0;0;1;0;0;0;0;0;0;0;0;0;0;0;0;0;0;0;0;0;0;0;0;0;0;0;0;0;0;0;0;1;0;2;0;0;0;0;0;31;0;0;0;UNIÃO DA VITÓRIA;REGIÃO SUL;16;1
0.160008477270319;2019-02-28;15;18;22;26;619;34;5;15;20;477;34;0;34;760;31;130;4;4;4;4;4;4;4;0;0;0;1;0;0;0;0;0;0;0;0;0;0;0;0;0;0;0;0;1;0;0;0;0;0;0;0;0;0;0;0;0;0;0;0;0;0;0;0;0;0;0;0;0;0;0;0;0;1;0;3;0;0;0;1;0;0;0;0;0;UNIÃO DA VITÓRIA;REGIÃO SUL;17;1
0.347780014835223;2019-03-31;12;18;22;24;673;30;2;12;19;517;30;0;30;828;31;71;5;4;4;4;5;5;4;0;0;0;0;0;0;0;0;1;0;0;0;0;0;0;0;0;0;0;0;1;0;0;0;0;0;0;0;0;0;0;0;0;0;0;0;0;0;0;0;0;0;0;0;0;0;0;0;0;1;0;3;0;0;0;1;0;0;3;0;0;UNIÃO DA VITÓRIA;REGIÃO SUL;18;3
0.36431069195719;2019-04-30;9;16;20;23;593;28;5;9;19;443;28;0;28;743;62;147;4;4;4;5;4;4;5;1;0;0;0;0;0;0;0;0;0;0;0;0;0;0;0;0;0;0;0;1;0;0;0;0;0;0;0;0;0;0;0;0;0;0;0;0;0;0;0;0;0;0;0;0;0;0;0;0;1;0;3;0;0;0;1;0;0;1;0;0;UNIÃO DA VITÓRIA;REGIÃO SUL;19;4
0.393239376920632;2019-05-31;7;13;17;22;542;28;9;7;17;418;28;0;28;666;75;290;4;5;5;4;5;4;4;0;0;0;0;0;0;0;1;0;0;0;0;0;0;0;0;0;0;0;0;1;0;0;0;0;0;0;0;0;0;0;0;0;0;0;0;0;0;0;0;0;0;0;0;0;0;0;0;0;1;0;3;0;0;0;1;0;0;0;0;0;UNIÃO DA VITÓRIA;REGIÃO SUL;20;4
0.324255589700117;2019-06-30;3;10;16;20;470;25;1;3;15;304;25;0;25;636;27;43;5;4;4;4;4;5;4;0;0;0;0;0;0;1;0;0;0;0;0;0;0;0;0;0;0;0;0;1;0;0;0;0;0;0;0;0;0;0;0;0;0;0;0;0;0;0;0;0;0;0;0;0;0;0;0;0;1;0;3;0;0;0;1;0;0;1;0;0;UNIÃO DA VITÓRIA;REGIÃO SUL;21;3
0.259298505881106;2019-07-31;-4;4;14;18;422;25;1;-4;15;224;25;0;25;620;6;19;4;5;4;5;4;4;5;0;0;0;0;0;1;0;0;0;0;0;0;0;0;0;0;0;0;0;0;1;0;0;0;0;0;0;0;0;0;0;0;0;0;0;0;0;0;0;0;0;0;0;0;0;0;0;0;0;1;0;3;0;0;0;1;0;16;0;0;0;UNIÃO DA VITÓRIA;REGIÃO SUL;22;2
0.307830878457137;2019-08-31;0;7;14;20;447;28;0;0;14;250;28;0;28;644;4;8;4;4;5;4;5;5;4;0;1;0;0;0;0;0;0;0;0;0;0;0;0;0;0;0;0;0;0;1;0;0;0;0;0;0;0;0;0;0;0;0;0;0;0;0;0;0;0;0;0;0;0;0;0;0;0;0;1;0;3;0;0;0;1;0;0;0;0;0;UNIÃO DA VITÓRIA;REGIÃO SUL;23;3
0.34650842428738;2019-09-30;5;11;18;23;532;31;3;5;16;362;31;0;31;701;48;103;5;4;4;5;4;4;4;0;0;0;0;0;0;0;0;0;0;0;1;0;0;0;0;0;0;0;0;1;0;0;0;0;0;0;0;0;0;0;0;0;0;0;0;0;0;0;0;0;0;0;0;0;0;0;0;0;1;0;3;0;0;0;1;0;0;0;0;0;UNIÃO DA VITÓRIA;REGIÃO SUL;24;3
0.324255589700117;2019-10-31;11;15;21;25;644;34;5;11;18;451;34;0;34;836;62;149;4;5;5;4;4;4;5;0;0;0;0;0;0;0;0;0;0;1;0;0;0;0;0;0;0;0;0;1;0;0;0;0;0;0;0;0;0;0;0;0;0;0;0;0;0;0;0;0;0;0;0;0;0;0;0;0;1;0;3;0;0;0;1;0;0;0;0;0;UNIÃO DA VITÓRIA;REGIÃO SUL;25;3
0.307089117304228;2019-11-30;11;16;21;25;630;32;3;11;18;457;32;0;32;802;52;102;4;4;4;4;5;5;4;0;0;0;0;0;0;0;0;0;1;0;0;0;0;0;0;0;0;0;0;1;0;0;0;0;0;0;0;0;0;0;0;0;0;0;0;0;0;0;0;0;0;0;0;0;0;0;0;0;1;0;3;0;0;0;1;0;0;0;0;0;UNIÃO DA VITÓRIA;REGIÃO SUL;26;3
0.167108191162446;2019-12-31;13;17;22;25;674;33;3;13;19;500;33;0;33;849;31;96;5;4;4;5;4;4;5;0;0;1;0;0;0;0;0;0;0;0;0;0;0;0;0;0;0;0;0;1;0;0;0;0;0;0;0;0;0;0;0;0;0;0;0;0;0;0;0;0;0;0;0;0;0;0;0;0;1;0;3;0;0;0;1;0;0;0;0;0;UNIÃO DA VITÓRIA;REGIÃO SUL;27;1
0.084136907915651;2020-01-31;13;18;22;26;694;32;2;13;21;526;32;0;32;862;26;67;4;5;5;4;5;4;4;0;0;0;0;1;0;0;0;0;0;0;0;0;0;0;0;0;0;0;0;0;1;0;0;0;0;0;0;0;0;0;0;0;0;0;0;0;0;0;0;0;0;0;0;0;0;0;0;0;1;0;2;0;0;0;1;0;31;0;0;0;UNIÃO DA VITÓRIA;REGIÃO SUL;28;1
0.227084878669069;2020-02-29;11;18;22;26;636;33;3;11;20;474;33;0;33;798;57;77;4;4;4;4;4;5;4;0;0;0;1;0;0;0;0;0;0;0;0;0;0;0;0;0;0;0;0;0;1;0;0;0;0;0;0;0;0;0;0;0;0;0;0;0;0;0;0;0;0;0;0;0;0;0;0;0;1;0;2;0;1;1;1;0;0;3;0;0;UNIÃO DA VITÓRIA;REGIÃO SUL;29;2
0.194129490304122;2020-03-31;11;18;21;25;660;33;1;11;19;454;33;0;33;866;19;27;5;4;4;5;4;4;5;0;0;0;0;0;0;0;0;1;0;0;0;0;0;0;0;0;0;0;0;0;1;0;0;0;0;0;0;0;0;0;0;0;0;0;0;0;0;0;0;0;0;0;0;0;0;0;0;0;1;0;2;0;1;1;1;0;0;0;15;0;UNIÃO DA VITÓRIA;REGIÃO SUL;30;1
0.096005086362191;2020-04-30;3;13;18;23;532;30;2;3;17;316;30;0;30;749;55;67;4;5;5;4;4;4;4;1;0;0;0;0;0;0;0;0;0;0;0;0;0;0;0;0;0;0;0;0;1;0;0;0;0;0;0;0;0;0;0;0;0;0;0;0;0;0;0;0;0;0;0;0;0;0;0;0;1;0;2;0;1;1;1;0;0;1;30;0;UNIÃO DA VITÓRIA;REGIÃO SUL;31;1
0.078626682208329;2020-05-31;2;10;15;19;456;26;6;2;15;242;26;0;26;671;81;180;5;4;4;4;5;5;4;0;0;0;0;0;0;0;1;0;0;0;0;0;0;0;0;0;0;0;0;0;1;0;0;0;0;0;0;0;0;0;0;0;0;0;0;0;0;0;0;0;0;0;0;0;0;0;0;0;1;0;2;0;1;1;1;0;0;0;31;0;UNIÃO DA VITÓRIA;REGIÃO SUL;32;1
0.018438062943732;2020-06-30;6;10;15;21;461;25;9;6;17;324;25;0;25;598;94;263;4;4;4;5;4;4;5;0;0;0;0;0;0;1;0;0;0;0;0;0;0;0;0;0;0;0;0;0;1;0;0;0;0;0;0;0;0;0;0;0;0;0;0;0;0;0;0;0;0;0;0;0;0;0;0;0;1;0;2;0;1;1;1;0;0;1;30;0;UNIÃO DA VITÓRIA;REGIÃO SUL;33;0
0.023312493377133;2020-07-31;0;7;14;18;420;24;1;0;13;236;24;0;24;604;14;35;4;5;5;4;5;4;4;0;0;0;0;0;1;0;0;0;0;0;0;0;0;0;0;0;0;0;0;0;1;0;0;0;0;0;0;0;0;0;0;0;0;0;0;0;0;0;0;0;0;0;0;0;0;0;0;0;1;0;2;0;1;1;1;0;0;0;31;0;UNIÃO DA VITÓRIA;REGIÃO SUL;34;0
0.021087209918406;2020-08-31;-3;5;14;21;438;30;10;-3;13;237;30;0;30;638;90;306;5;4;4;5;4;5;4;0;1;0;0;0;0;0;0;0;0;0;0;0;0;0;0;0;0;0;0;0;1;0;0;0;0;0;0;0;0;0;0;0;0;0;0;0;0;0;0;0;0;0;0;0;0;0;0;0;1;0;2;0;1;1;1;0;0;0;31;0;UNIÃO DA VITÓRIA;REGIÃO SUL;35;0
0.003178976369609;2020-09-30;9;13;19;24;572;33;3;9;16;377;33;0;33;766;60;88;4;5;4;4;4;4;5;0;0;0;0;0;0;0;0;0;0;0;1;0;0;0;0;0;0;0;0;0;1;0;0;0;0;0;0;0;0;0;0;0;0;0;0;0;0;0;0;0;0;0;0;0;0;0;0;0;1;0;2;0;1;1;1;0;0;0;30;0;UNIÃO DA VITÓRIA;REGIÃO SUL;36;0
0.01780226766981;2020-10-31;7;14;20;27;615;35;1;7;18;415;35;0;35;815;15;45;4;4;5;4;5;5;4;0;0;0;0;0;0;0;0;0;0;1;0;0;0;0;0;0;0;0;0;0;1;0;0;0;0;0;0;0;0;0;0;0;0;0;0;0;0;0;0;0;0;0;0;0;0;0;0;0;1;0;2;0;1;1;1;0;0;0;31;0;UNIÃO DA VITÓRIA;REGIÃO SUL;37;0
0.0;2020-11-30;7;15;20;25;607;33;5;7;18;411;33;0;33;804;37;162;5;4;4;5;4;4;4;0;0;0;0;0;0;0;0;0;1;0;0;0;0;0;0;0;0;0;0;0;1;0;0;0;0;0;0;0;0;0;0;0;0;0;0;0;0;0;0;0;0;0;0;0;0;0;0;0;1;0;2;0;1;1;1;0;0;0;30;0;UNIÃO DA VITÓRIA;REGIÃO SUL;38;0
0.014517325421214;2020-12-31;14;16;22;24;684;31;8;14;20;518;31;0;31;850;67;233;4;5;5;4;4;4;5;0;0;1;0;0;0;0;0;0;0;0;0;0;0;0;0;0;0;0;0;0;1;0;0;0;0;0;0;0;0;0;0;0;0;0;0;0;0;0;0;0;0;0;0;0;0;0;0;0;1;0;2;0;1;1;1;0;0;0;31;0;UNIÃO DA VITÓRIA;REGIÃO SUL;39;0
0.027657094415598;2021-01-31;12;17;22;25;671;31;7;12;20;540;31;0;31;802;59;219;5;4;4;4;5;5;4;0;0;0;0;1;0;0;0;0;0;0;0;1;0;0;0;0;0;0;0;0;0;0;0;0;0;0;0;0;0;0;0;0;0;0;0;0;0;0;0;0;0;0;0;0;0;0;0;0;1;0;2;0;1;1;1;0;0;0;31;0;UNIÃO DA VITÓRIA;REGIÃO SUL;40;0
0.0048744304334;2021-02-28;11;18;21;24;584;31;1;11;19;412;31;0;31;756;24;36;4;4;4;4;4;4;4;0;0;0;1;0;0;0;0;0;0;0;0;1;0;0;0;0;0;0;0;0;0;0;0;0;0;0;0;0;0;0;0;0;0;0;0;0;0;0;0;0;0;0;0;0;0;0;0;0;1;0;2;0;1;1;1;0;0;3;28;0;UNIÃO DA VITÓRIA;REGIÃO SUL;41;0
0.014517325421214;2021-03-31;10;16;22;24;670;30;7;10;19;504;30;0;30;836;76;202;4;5;4;5;4;4;5;0;0;0;0;0;0;0;0;1;0;0;0;1;0;0;0;0;0;0;0;0;0;0;0;0;0;0;0;0;0;0;0;0;0;0;0;0;0;0;0;0;0;0;0;0;0;0;0;0;1;0;2;0;1;1;1;0;0;0;31;0;UNIÃO DA VITÓRIA;REGIÃO SUL;42;0
0.009536929108827;2021-04-30;7;14;17;20;522;27;0;7;15;354;27;0;27;689;1;2;4;4;5;4;5;4;4;1;0;0;0;0;0;0;0;0;0;0;0;1;0;0;0;0;0;0;0;0;0;0;0;0;0;0;0;0;0;0;0;0;0;0;0;0;0;0;0;0;0;0;0;0;0;0;0;0;1;0;2;0;1;1;1;0;0;1;30;0;UNIÃO DA VITÓRIA;REGIÃO SUL;43;0
0.024372152167002;2021-05-31;1;10;15;20;465;27;3;1;14;283;27;0;27;647;42;93;5;4;4;5;4;5;4;0;0;0;0;0;0;0;1;0;0;0;0;1;0;0;0;0;0;0;0;0;0;0;0;0;0;0;0;0;0;0;0;0;0;0;0;0;0;0;0;0;0;0;0;0;0;0;0;0;1;0;2;0;1;1;1;0;0;0;31;0;UNIÃO DA VITÓRIA;REGIÃO SUL;44;0
0.076295432870616;2021-06-30;-2;3;13;19;392;24;4;-2;14;260;24;0;24;524;28;117;4;5;4;4;4;4;5;0;0;0;0;0;0;1;0;0;0;0;0;1;0;0;0;0;0;0;0;0;0;0;0;0;0;0;0;0;0;0;0;0;0;0;0;0;0;0;0;0;0;0;0;0;0;0;0;0;1;0;2;0;1;1;1;0;0;1;30;0;UNIÃO DA VITÓRIA;REGIÃO SUL;45;0
0.063791459150154;2021-07-31;-4;3;11;17;347;25;2;-4;12;147;25;0;25;546;28;68;4;4;5;4;5;5;4;0;0;0;0;0;1;0;0;0;0;0;0;1;0;0;0;0;0;0;0;0;0;0;0;0;0;0;0;0;0;0;0;0;0;0;0;0;0;0;0;0;0;0;0;0;0;0;0;0;1;0;2;0;1;1;1;0;0;0;31;0;UNIÃO DA VITÓRIA;REGIÃO SUL;46;0
0.047366747907174;2021-08-31;4;9;16;21;490;29;2;4;15;319;29;0;29;661;25;58;5;4;4;5;4;4;5;0;1;0;0;0;0;0;0;0;0;0;0;1;0;0;0;0;0;0;0;0;0;0;0;0;0;0;0;0;0;0;0;0;0;0;0;0;0;0;0;0;0;0;0;0;0;0;0;0;1;0;2;0;1;1;1;0;0;0;31;0;UNIÃO DA VITÓRIA;REGIÃO SUL;47;0
0.09536929108827;2021-09-30;6;13;19;24;560;31;5;6;19;384;31;0;31;735;45;136;4;5;5;4;4;4;4;0;0;0;0;0;0;0;0;0;0;0;1;1;0;0;0;0;0;0;0;0;0;0;0;0;0;0;0;0;0;0;0;0;0;0;0;0;0;0;0;0;0;0;0;0;0;0;0;0;1;0;2;0;1;1;1;0;0;0;30;0;UNIÃO DA VITÓRIA;REGIÃO SUL;48;1
0.142630073116456;2021-10-31;7;13;17;21;531;27;8;7;16;399;27;0;27;663;81;259;5;4;4;4;5;5;4;0;0;0;0;0;0;0;0;0;0;1;0;1;0;0;0;0;0;0;0;0;0;0;0;0;0;0;0;0;0;0;0;0;0;0;0;0;0;0;0;0;0;0;0;0;0;0;0;0;1;0;2;0;1;1;1;0;0;0;0;0;UNIÃO DA VITÓRIA;REGIÃO SUL;49;1
0.311539684221681;2021-11-30;8;17;20;24;615;32;2;8;17;428;32;0;32;801;25;74;4;4;4;5;4;4;5;0;0;0;0;0;0;0;0;0;1;0;0;1;0;0;0;0;0;0;0;0;0;0;0;0;0;0;0;0;0;0;0;0;0;0;0;0;0;0;0;0;0;0;0;0;0;0;0;0;1;0;2;0;1;1;1;0;0;0;0;0;UNIÃO DA VITÓRIA;REGIÃO SUL;50;3
0.280597647557486;2021-12-31;9;18;22;26;675;32;2;9;20;478;32;0;32;872;18;53;4;5;5;4;5;4;4;0;0;1;0;0;0;0;0;0;0;0;0;1;0;0;0;0;0;0;0;0;0;0;0;0;0;0;0;0;0;0;0;0;0;0;0;0;0;0;0;0;0;0;0;0;0;0;0;0;1;0;2;0;1;1;1;0;0;0;0;0;UNIÃO DA VITÓRIA;REGIÃO SUL;51;2
0.142630073116456;2022-01-31;12;17;22;26;697;33;8;12;20;527;33;0;33;866;69;254;5;4;4;5;4;5;4;0;0;0;0;1;0;0;0;0;0;0;0;0;1;0;0;0;0;0;0;0;0;0;0;0;0;0;0;0;0;0;0;0;0;0;0;0;0;0;0;0;0;0;0;0;0;0;0;0;1;0;2;0;1;1;1;0;31;0;0;0;UNIÃO DA VITÓRIA;REGIÃO SUL;52;1
0.316414114655081;2022-02-28;12;20;22;25;625;32;4;12;20;451;32;0;32;799;41;103;4;4;4;4;4;4;4;0;0;0;1;0;0;0;0;0;0;0;0;0;1;0;0;0;0;0;0;0;0;0;0;0;0;0;0;0;0;0;0;0;0;0;0;0;0;0;0;0;0;0;0;0;0;0;0;0;1;0;2;0;1;1;1;0;0;1;0;0;UNIÃO DA VITÓRIA;REGIÃO SUL;53;3
0.425135106495708;2022-03-31;11;15;21;25;659;31;8;11;20;513;31;0;31;805;46;240;4;5;5;4;4;4;5;0;0;0;0;0;0;0;0;1;0;0;0;0;1;0;0;0;0;0;0;0;0;0;0;0;0;0;0;0;0;0;0;0;0;0;0;0;0;0;0;0;0;0;0;0;0;0;0;0;1;0;2;0;1;1;1;0;0;1;0;0;UNIÃO DA VITÓRIA;REGIÃO SUL;54;4
0.37511921161386;2022-04-30;5;12;18;22;527;27;13;5;17;388;27;0;27;665;152;376;4;4;4;4;5;5;4;1;0;0;0;0;0;0;0;0;0;0;0;0;1;0;0;0;0;0;0;0;0;0;0;0;0;0;0;0;0;0;0;0;0;0;0;0;0;0;0;0;0;0;0;0;0;0;0;0;1;0;2;0;1;1;1;0;0;1;0;0;UNIÃO DA VITÓRIA;REGIÃO SUL;55;4
0.589382218925506;2022-05-31;0;6;14;20;440;25;6;0;15;273;25;0;25;606;59;194;5;4;4;5;4;4;5;0;0;0;0;0;0;0;1;0;0;0;0;0;1;0;0;0;0;0;0;0;0;0;0;0;0;0;0;0;0;0;0;0;0;0;0;0;0;0;0;0;0;0;0;0;0;0;0;0;1;0;2;0;1;1;1;0;0;0;0;0;UNIÃO DA VITÓRIA;REGIÃO SUL;56;7
0.50227826639822;2022-06-30;-1;6;13;19;403;25;6;-1;14;253;25;0;25;554;59;166;4;5;5;4;4;4;4;0;0;0;0;0;0;1;0;0;0;0;0;0;1;0;0;0;0;0;0;0;0;0;0;0;0;0;0;0;0;0;0;0;0;0;0;0;0;0;0;0;0;0;0;0;0;0;0;0;1;0;2;0;1;1;1;0;0;1;0;0;UNIÃO DA VITÓRIA;REGIÃO SUL;57;6
0.352866377026598;2022-07-31;0;9;15;18;477;26;1;0;13;273;26;0;26;681;17;40;5;4;4;4;5;5;4;0;0;0;0;0;1;0;0;0;0;0;0;0;1;0;0;0;0;0;0;0;0;0;0;0;0;0;0;0;0;0;0;0;0;0;0;0;0;0;0;0;0;0;0;0;0;0;0;0;1;0;2;0;1;1;1;0;0;0;0;0;UNIÃO DA VITÓRIA;REGIÃO SUL;58;3
0.549962911942355;2022-08-31;-2;5;13;18;409;26;5;-2;13;235;26;0;26;583;48;162;4;5;4;5;4;4;5;0;1;0;0;0;0;0;0;0;0;0;0;0;1;0;0;0;0;0;0;0;0;0;0;0;0;0;0;0;0;0;0;0;0;0;0;0;0;0;0;0;0;0;0;0;0;0;0;0;1;0;2;0;1;1;1;0;0;0;0;0;UNIÃO DA VITÓRIA;REGIÃO SUL;59;7
0.588110628377662;2022-09-30;1;9;14;22;415;29;8;1;15;285;29;0;29;546;40;238;4;4;5;4;5;4;4;0;0;0;0;0;0;0;0;0;0;0;1;0;1;0;0;0;0;0;0;0;0;0;0;0;0;0;0;0;0;0;0;0;0;0;0;0;0;0;0;0;0;0;0;0;0;0;0;0;1;0;2;0;1;1;1;0;0;0;0;0;UNIÃO DA VITÓRIA;REGIÃO SUL;60;7
0.582812334428314;2022-10-31;5;15;18;22;565;29;10;5;15;400;29;0;29;729;73;314;5;4;4;5;4;5;4;0;0;0;0;0;0;0;0;0;0;1;0;0;1;0;0;0;0;0;0;0;0;0;0;0;0;0;0;0;0;0;0;0;0;0;0;0;0;0;0;0;0;0;0;0;0;0;0;0;1;0;2;0;1;1;1;0;0;0;0;0;UNIÃO DA VITÓRIA;REGIÃO SUL;61;7
0.632616297552188;2022-11-30;6;10;18;22;535;29;2;6;17;351;29;0;29;720;11;63;4;5;4;4;4;4;5;0;0;0;0;0;0;0;0;0;1;0;0;0;1;0;0;0;0;0;0;0;0;0;0;0;0;0;0;0;0;0;0;0;0;0;0;0;0;0;0;0;0;0;0;0;0;0;0;0;1;0;2;0;1;1;1;0;0;0;0;0;UNIÃO DA VITÓRIA;REGIÃO SUL;62;8
0.61894669916287;2022-12-31;11;17;22;25;676;32;4;11;20;503;32;0;32;849;25;138;4;4;5;4;5;5;4;0;0;1;0;0;0;0;0;0;0;0;0;0;1;0;0;0;0;0;0;0;0;0;0;0;0;0;0;0;0;0;0;0;0;0;0;0;0;0;0;0;0;0;0;0;0;0;0;0;1;0;2;0;1;1;1;0;0;0;0;0;UNIÃO DA VITÓRIA;REGIÃO SUL;63;7
0.372576030518173;2023-01-31;11;17;22;24;677;31;4;11;19;503;31;0;31;850;26;124;5;4;4;5;4;4;5;0;0;0;0;1;0;0;0;0;0;0;0;0;0;1;0;0;0;0;0;0;0;0;0;0;0;0;0;0;0;0;0;0;0;0;0;0;0;0;0;0;0;0;0;0;0;0;0;0;1;0;2;0;1;1;1;0;31;0;0;0;UNIÃO DA VITÓRIA;REGIÃO SUL;64;4
0.553777683585885;2023-02-28;12;15;22;24;604;30;5;12;19;467;30;0;30;741;37;152;4;4;4;4;4;4;4;0;0;0;1;0;0;0;0;0;0;0;0;0;0;1;0;0;0;0;0;0;0;0;0;0;0;0;0;0;0;0;0;0;0;0;0;0;0;0;0;0;0;0;0;0;0;0;0;0;1;0;2;0;1;1;1;0;0;3;0;0;UNIÃO DA VITÓRIA;REGIÃO SUL;65;7
0.753629331355304;2023-03-31;14;21;22;24;691;31;5;14;19;519;31;0;31;863;27;169;4;5;5;4;5;4;4;0;0;0;0;0;0;0;0;1;0;0;0;0;0;1;0;0;0;0;0;0;0;0;0;0;0;0;0;0;0;0;0;0;0;0;0;0;0;0;0;0;0;0;0;0;0;0;0;0;1;0;2;0;1;1;1;0;0;0;0;0;UNIÃO DA VITÓRIA;REGIÃO SUL;66;8
0.610363462964925;2023-04-30;7;13;18;21;547;28;3;7;16;383;28;0;28;712;22;80;5;4;4;4;4;5;4;1;0;0;0;0;0;0;0;0;0;0;0;0;0;1;0;0;0;0;0;0;0;0;0;0;0;0;0;0;0;0;0;0;0;0;0;0;0;0;0;0;0;0;0;0;0;0;0;0;1;0;2;0;1;1;1;0;0;1;0;0;UNIÃO DA VITÓRIA;REGIÃO SUL;67;7
0.733919677863728;2023-05-31;5;12;16;21;504;26;3;5;17;324;26;0;26;684;23;93;4;5;4;5;4;4;5;0;0;0;0;0;0;0;1;0;0;0;0;0;0;1;0;0;0;0;0;0;0;0;0;0;0;0;0;0;0;0;0;0;0;0;0;0;0;0;0;0;0;0;0;0;0;0;0;0;1;0;2;0;1;1;1;0;0;0;0;0;UNIÃO DA VITÓRIA;REGIÃO SUL;68;8
0.743880470488503;2023-06-30;2;9;14;19;418;25;2;2;14;245;25;0;25;591;18;70;4;4;5;4;5;4;4;0;0;0;0;0;0;1;0;0;0;0;0;0;0;1;0;0;0;0;0;0;0;0;0;0;0;0;0;0;0;0;0;0;0;0;0;0;0;0;0;0;0;0;0;0;0;0;0;0;1;0;2;0;1;1;1;0;0;1;0;0;UNIÃO DA VITÓRIA;REGIÃO SUL;69;8
0.553247854190951;2023-07-31;3;8;14;19;441;24;6;3;14;292;24;0;24;589;89;174;5;4;4;5;4;5;4;0;0;0;0;0;1;0;0;0;0;0;0;0;0;1;0;0;0;0;0;0;0;0;0;0;0;0;0;0;0;0;0;0;0;0;0;0;0;0;0;0;0;0;0;0;0;0;0;0;1;0;2;0;1;1;1;0;15;0;0;0;UNIÃO DA VITÓRIA;REGIÃO SUL;70;7
0.839037829818798;2023-08-31;2;9;15;23;478;30;6;2;17;299;30;0;30;656;68;200;4;5;5;4;4;4;5;0;1;0;0;0;0;0;0;0;0;0;0;0;0;1;0;0;0;0;0;0;0;0;0;0;0;0;0;0;0;0;0;0;0;0;0;0;0;0;0;0;0;0;0;0;0;0;0;0;1;0;2;0;1;1;1;0;0;0;0;0;UNIÃO DA VITÓRIA;REGIÃO SUL;71;9
0.747059446858112;2023-09-30;5;13;19;25;572;33;6;5;19;402;33;0;33;742;52;187;4;4;4;4;5;5;4;0;0;0;0;0;0;0;0;0;0;0;1;0;0;1;0;0;0;0;0;0;0;0;0;0;0;0;0;0;0;0;0;0;0;0;0;0;0;0;0;0;0;0;0;0;0;0;0;0;1;0;2;0;1;1;1;0;0;0;0;0;UNIÃO DA VITÓRIA;REGIÃO SUL;72;8
0.559817738688142;2023-10-31;10;13;19;23;590;30;18;10;19;456;30;0;30;724;110;546;5;4;4;5;4;4;5;0;0;0;0;0;0;0;0;0;0;1;0;0;0;1;0;0;0;0;0;0;0;0;0;0;0;0;0;0;0;0;0;0;0;0;0;0;0;0;0;0;0;0;0;0;0;0;0;0;1;0;2;0;1;1;1;0;0;0;0;0;UNIÃO DA VITÓRIA;REGIÃO SUL;73;7
0.794744092402246;2023-11-30;6;15;21;27;633;34;9;6;21;479;34;0;34;786;51;261;4;5;5;4;4;4;4;0;0;0;0;0;0;0;0;0;1;0;0;0;0;1;0;0;0;0;0;0;0;0;0;0;0;0;0;0;0;0;0;0;0;0;0;0;0;0;0;0;0;0;0;0;0;0;0;0;1;0;2;0;1;1;1;0;0;0;0;0;UNIÃO DA VITÓRIA;REGIÃO SUL;74;9
0.822613118575818;2023-12-31;15;17;24;27;731;35;4;15;21;545;35;0;35;916;21;112;5;4;4;4;5;5;4;0;0;1;0;0;0;0;0;0;0;0;0;0;0;1;0;0;0;0;0;0;0;0;0;0;0;0;0;0;0;0;0;0;0;0;0;0;0;0;0;0;0;0;0;0;0;0;0;0;1;0;2;0;1;1;1;0;0;0;0;0;UNIÃO DA VITÓRIA;REGIÃO SUL;75;9
0.457984528981668;2024-01-31;12;17;23;27;704;35;6;12;21;535;35;0;35;873;55;191;4;5;4;5;4;4;5;0;0;0;0;1;0;0;0;0;0;0;0;0;0;0;1;0;0;0;0;0;0;0;0;0;0;0;0;0;0;0;0;0;0;0;0;0;0;0;0;0;0;0;0;0;0;0;0;0;1;0;2;0;1;1;1;0;31;0;0;0;UNIÃO DA VITÓRIA;REGIÃO SUL;76;5
0.803327328600191;2024-02-29;15;19;23;26;679;33;5;15;20;519;33;0;33;840;42;136;4;4;5;4;4;4;4;0;0;0;1;0;0;0;0;0;0;0;0;0;0;0;1;0;0;0;0;0;0;0;0;0;0;0;0;0;0;0;0;0;0;0;0;0;0;0;0;0;0;0;0;0;0;0;0;0;1;0;2;0;1;1;1;0;0;3;0;0;UNIÃO DA VITÓRIA;REGIÃO SUL;77;9
0.990145173254212;2024-03-31;14;17;23;27;713;34;2;14;21;546;34;0;34;879;18;76;5;4;4;4;5;5;4;0;0;0;0;0;0;0;0;1;0;0;0;0;0;0;1;0;0;0;0;0;0;0;0;0;0;0;0;0;0;0;0;0;0;0;0;0;0;0;0;0;0;0;0;0;0;0;0;0;1;0;2;0;1;1;1;0;0;1;0;0;UNIÃO DA VITÓRIA;REGIÃO SUL;78;9
0.680300943096323;2024-04-30;8;16;21;25;620;31;4;8;19;468;31;0;31;771;64;119;4;4;4;5;4;4;5;1;0;0;0;0;0;0;0;0;0;0;0;0;0;0;1;0;0;0;0;0;0;0;0;0;0;0;0;0;0;0;0;0;0;0;0;0;0;0;0;0;0;0;0;0;0;0;0;0;1;0;2;0;1;1;1;0;0;0;0;0;UNIÃO DA VITÓRIA;REGIÃO SUL;79;8
0.352866377026598;2024-05-31;3;10;18;23;556;29;3;3;19;402;29;0;29;709;30;103;4;5;5;4;5;4;4;0;0;0;0;0;0;0;1;0;0;0;0;0;0;0;1;0;0;0;0;0;0;0;0;0;0;0;0;0;0;0;0;0;0;0;0;0;0;0;0;0;0;0;0;0;0;0;0;0;1;0;2;0;1;1;1;0;0;1;0;30;UNIÃO DA VITÓRIA;REGIÃO SUL;80;3
0.359224329765815;2024-06-30;0;8;17;20;499;26;1;0;16;321;26;0;26;677;15;22;5;4;4;4;4;5;4;0;0;0;0;0;0;1;0;0;0;0;0;0;0;0;1;0;0;0;0;0;0;0;0;0;0;0;0;0;0;0;0;0;0;0;0;0;0;0;0;0;0;0;0;0;0;0;0;0;1;0;2;0;1;1;1;0;0;0;0;30;UNIÃO DA VITÓRIA;REGIÃO SUL;81;3
1.0;2024-07-31;1;9;13;18;413;25;6;1;12;247;25;0;25;579;44;188;4;5;4;5;4;4;5;0;0;0;0;0;1;0;0;0;0;0;0;0;0;0;1;0;0;0;0;0;0;0;0;0;0;0;0;0;0;0;0;0;0;0;0;0;0;0;0;0;0;0;0;0;0;0;0;0;1;0;2;0;1;1;1;0;12;0;0;0;UNIÃO DA VITÓRIA;REGIÃO SUL;82;9
0.940871039525273;2024-08-31;-3;7;15;21;468;31;1;-3;14;232;31;0;31;704;16;39;4;4;5;4;5;5;4;0;1;0;0;0;0;0;0;0;0;0;0;0;0;0;1;0;0;0;0;0;0;0;0;0;0;0;0;0;0;0;0;0;0;0;0;0;0;0;0;0;0;0;0;0;0;0;0;0;1;0;2;0;1;1;1;0;0;0;0;0;UNIÃO DA VITÓRIA;REGIÃO SUL;83;9
0.788386139663028;2024-09-30;10;13;20;24;591;34;3;10;17;378;34;0;34;804;29;84;5;4;4;5;4;4;4;0;0;0;0;0;0;0;0;0;0;0;1;0;0;0;1;0;0;0;0;0;0;0;0;0;0;0;0;0;0;0;0;0;0;0;0;0;0;0;0;0;0;0;0;0;0;0;0;0;1;0;2;0;1;1;1;0;0;0;0;0;UNIÃO DA VITÓRIA;REGIÃO SUL;84;9
0.865317367807566;2024-10-31;10;14;20;25;610;33;3;10;19;452;33;0;33;767;33;107;4;5;5;4;4;4;5;0;0;0;0;0;0;0;0;0;0;1;0;0;0;0;1;0;0;0;0;0;0;0;0;0;0;0;0;0;0;0;0;0;0;0;0;0;0;0;0;0;0;0;0;0;0;0;0;0;1;0;2;0;1;1;1;0;0;0;0;0;UNIÃO DA VITÓRIA;REGIÃO SUL;85;9
