CONSUMO;DATA;TEMP_MIN_MÉD_MENS;TEMP_MÉD_MIN_MENS;TEMP_MÉD_MÉD_MENS;TEMP_MÉD_MAX_MENS;TEMP_MÉD_ACC_MENS;TEMP_MAX_MÉD_MENS;PRECIPITAÇÃO_MÉD_MENS;TEMP_MIN_MIN_MENS;TEMP_MIN_MAX_MENS;TEMP_MIN_ACC_MENS;TEMP_MAX_MIN_MENS;PRECIPITAÇÃO_MIN_MENS;TEMP_MAX_MAX_MENS;TEMP_MAX_ACC_MENS;PRECIPITAÇÃO_MAX_MENS;PRECIPITAÇÃO_ACC_MENS;DIA_DA_SEMANA_dom;DIA_DA_SEMANA_qua;DIA_DA_SEMANA_qui;DIA_DA_SEMANA_seg;DIA_DA_SEMANA_sex;DIA_DA_SEMANA_sáb;DIA_DA_SEMANA_ter;MÊS_abr;MÊS_ago;MÊS_dez;MÊS_fev;MÊS_jan;MÊS_jul;MÊS_jun;MÊS_mai;MÊS_mar;MÊS_nov;MÊS_out;MÊS_set;ANO_2021;ANO_2022;ANO_2023;ANO_2024;ANO_2015;ANO_2016;ANO_2017;ANO_2018;ANO_2019;ANO_2020;ANO_2014;CAMPUS_ARAPONGAS;CAMPUS_ASSIS CHATEAUBRIAND;CAMPUS_ASTORGA;CAMPUS_BARRACÃO;CAMPUS_CAMPO LARGO;CAMPUS_CAPANEMA;CAMPUS_CASCAVEL;CAMPUS_COLOMBO;CAMPUS_CORONEL VIVIDA;CAMPUS_CURITIBA;CAMPUS_FOZ DO IGUAÇU;CAMPUS_GOIOERÊ;CAMPUS_IRATI;CAMPUS_IVAIPORÃ;CAMPUS_JACAREZINHO;CAMPUS_JAGUARIAÍVA;CAMPUS_LONDRINA - CENTRO;CAMPUS_LONDRINA - NORTE;CAMPUS_PALMAS;CAMPUS_PARANAGUÁ;CAMPUS_PARANAVAÍ;CAMPUS_PINHAIS;CAMPUS_PITANGA;CAMPUS_QUEDAS DO IGUAÇU;CAMPUS_TELÊMACO BORBA;CAMPUS_UMUARAMA;CAMPUS_UNIÃO DA VITÓRIA;CURSOS_TEC_CONCOMITANTE;CURSOS_TEC_INTEGRADO;CURSOS_TEC_SUBSEQUENTE;CURSOS_GRAD_MATUTINO;CURSOS_GRAD_VESPERTINO;CURSOS_GRAD_NOTURNO;CURSOS_POS;FÉRIAS;FERIADO;COVID;GREVE;CAMPUS;REGIÃO;ORDEM
11400.0;2015-02-28;18.0;22.0;25.0;27.0;692.0;33.0;4.0;18.0;22.0;558.0;33.0;0.0;33.0;827.0;20.0;125.0;4;4;4;4;4;4;4;0;0;0;1;0;0;0;0;0;0;0;0;0;0;0;0;1.0;0.0;0.0;0.0;0.0;0.0;0.0;0.0;1.0;0.0;0.0;0.0;0.0;0.0;0.0;0.0;0.0;0.0;0.0;0.0;0.0;0.0;0.0;0.0;0.0;0.0;0.0;0.0;0.0;0.0;0.0;0.0;0.0;0.0;0.0;2.0;5.0;0.0;0.0;1.4285714285714286;1.0;0;3;0;0;ASSIS CHATEAUBRIAND;REGIÃO OESTE;1
18427.0;2015-03-31;12.0;19.0;24.0;26.0;729.0;32.0;2.0;12.0;21.0;574.0;32.0;0.0;32.0;883.0;22.0;70.0;5;4;4;5;4;4;5;0;0;0;0;0;0;0;0;1;0;0;0;0;0;0;0;1.0;0.0;0.0;0.0;0.0;0.0;0.0;0.0;1.0;0.0;0.0;0.0;0.0;0.0;0.0;0.0;0.0;0.0;0.0;0.0;0.0;0.0;0.0;0.0;0.0;0.0;0.0;0.0;0.0;0.0;0.0;0.0;0.0;0.0;0.0;2.0;5.0;0.0;0.0;2.0;1.0;0;0;0;0;ASSIS CHATEAUBRIAND;REGIÃO OESTE;2
14274.0;2015-04-30;13.0;19.0;21.0;24.0;640.0;29.0;6.0;13.0;21.0;488.0;29.0;0.0;29.0;790.0;59.0;167.0;4;5;5;4;4;4;4;1;0;0;0;0;0;0;0;0;0;0;0;0;0;0;0;1.0;0.0;0.0;0.0;0.0;0.0;0.0;0.0;1.0;0.0;0.0;0.0;0.0;0.0;0.0;0.0;0.0;0.0;0.0;0.0;0.0;0.0;0.0;0.0;0.0;0.0;0.0;0.0;0.0;0.0;0.0;0.0;0.0;0.0;0.0;2.0;5.0;0.0;0.0;2.0;1.0;0;1;0;0;ASSIS CHATEAUBRIAND;REGIÃO OESTE;3
11987.0;2015-05-31;7.0;11.0;18.0;23.0;557.0;28.0;9.0;7.0;19.0;431.0;28.0;0.0;28.0;683.0;83.0;292.0;5;4;4;4;5;5;4;0;0;0;0;0;0;0;1;0;0;0;0;0;0;0;0;1.0;0.0;0.0;0.0;0.0;0.0;0.0;0.0;1.0;0.0;0.0;0.0;0.0;0.0;0.0;0.0;0.0;0.0;0.0;0.0;0.0;0.0;0.0;0.0;0.0;0.0;0.0;0.0;0.0;0.0;0.0;0.0;0.0;0.0;0.0;2.0;5.0;0.0;0.0;2.0;1.0;0;0;0;0;ASSIS CHATEAUBRIAND;REGIÃO OESTE;4
9006.0;2015-06-30;4.0;10.0;18.0;22.0;542.0;29.0;1.0;4.0;18.0;391.0;29.0;0.0;29.0;693.0;16.0;31.0;4;4;4;5;4;4;5;0;0;0;0;0;0;1;0;0;0;0;0;0;0;0;0;1.0;0.0;0.0;0.0;0.0;0.0;0.0;0.0;1.0;0.0;0.0;0.0;0.0;0.0;0.0;0.0;0.0;0.0;0.0;0.0;0.0;0.0;0.0;0.0;0.0;0.0;0.0;0.0;0.0;0.0;0.0;0.0;0.0;0.0;0.0;2.0;5.0;0.0;0.0;2.0;1.0;0;1;0;0;ASSIS CHATEAUBRIAND;REGIÃO OESTE;5
7335.0;2015-07-31;5.0;10.0;16.0;21.0;503.0;28.0;18.0;5.0;17.0;376.0;28.0;0.0;28.0;630.0;108.0;569.0;4;5;5;4;5;4;4;0;0;0;0;0;1;0;0;0;0;0;0;0;0;0;0;1.0;0.0;0.0;0.0;0.0;0.0;0.0;0.0;1.0;0.0;0.0;0.0;0.0;0.0;0.0;0.0;0.0;0.0;0.0;0.0;0.0;0.0;0.0;0.0;0.0;0.0;0.0;0.0;0.0;0.0;0.0;0.0;0.0;0.0;0.0;2.0;4.548387096774194;0.0;0.0;2.0;1.0;15;0;0;3;ASSIS CHATEAUBRIAND;REGIÃO OESTE;6
7922.0;2015-08-31;8.0;15.0;21.0;26.0;652.0;32.0;4.0;8.0;19.0;456.0;32.0;0.0;32.0;849.0;54.0;118.0;5;4;4;5;4;5;4;0;1;0;0;0;0;0;0;0;0;0;0;0;0;0;0;1.0;0.0;0.0;0.0;0.0;0.0;0.0;0.0;1.0;0.0;0.0;0.0;0.0;0.0;0.0;0.0;0.0;0.0;0.0;0.0;0.0;0.0;0.0;0.0;0.0;0.0;0.0;0.0;0.0;0.0;0.0;0.0;0.0;0.0;0.0;2.0;4.0;0.0;0.0;2.0;1.0;0;0;0;31;ASSIS CHATEAUBRIAND;REGIÃO OESTE;7
9054.0;2015-09-30;3.0;10.0;21.0;28.0;633.0;35.0;8.0;3.0;22.0;448.0;35.0;0.0;35.0;819.0;84.0;227.0;4;5;4;4;4;4;5;0;0;0;0;0;0;0;0;0;0;0;1;0;0;0;0;1.0;0.0;0.0;0.0;0.0;0.0;0.0;0.0;1.0;0.0;0.0;0.0;0.0;0.0;0.0;0.0;0.0;0.0;0.0;0.0;0.0;0.0;0.0;0.0;0.0;0.0;0.0;0.0;0.0;0.0;0.0;0.0;0.0;0.0;0.0;2.0;4.0;0.0;0.0;2.0;1.0;0;0;0;30;ASSIS CHATEAUBRIAND;REGIÃO OESTE;8
12454.0;2015-10-31;11.0;15.0;23.0;29.0;711.0;35.0;5.0;11.0;23.0;556.0;35.0;0.0;35.0;866.0;40.0;162.0;4;4;5;4;5;5;4;0;0;0;0;0;0;0;0;0;0;1;0;0;0;0;0;1.0;0.0;0.0;0.0;0.0;0.0;0.0;0.0;1.0;0.0;0.0;0.0;0.0;0.0;0.0;0.0;0.0;0.0;0.0;0.0;0.0;0.0;0.0;0.0;0.0;0.0;0.0;0.0;0.0;0.0;0.0;0.0;0.0;0.0;0.0;2.0;4.0;0.0;0.0;2.0;1.0;0;0;0;7;ASSIS CHATEAUBRIAND;REGIÃO OESTE;9
12804.0;2015-11-30;11.0;19.0;22.0;27.0;670.0;33.0;16.0;11.0;21.0;551.0;33.0;0.0;33.0;788.0;87.0;487.0;5;4;4;5;4;4;4;0;0;0;0;0;0;0;0;0;1;0;0;0;0;0;0;1.0;0.0;0.0;0.0;0.0;0.0;0.0;0.0;1.0;0.0;0.0;0.0;0.0;0.0;0.0;0.0;0.0;0.0;0.0;0.0;0.0;0.0;0.0;0.0;0.0;0.0;0.0;0.0;0.0;0.0;0.0;0.0;0.0;0.0;0.0;2.0;4.0;0.0;0.0;2.0;1.0;0;0;0;0;ASSIS CHATEAUBRIAND;REGIÃO OESTE;10
12999.0;2015-12-31;15.0;20.0;23.0;27.0;724.0;32.0;12.0;15.0;22.0;601.0;32.0;0.0;32.0;848.0;102.0;363.0;4;5;5;4;4;4;5;0;0;1;0;0;0;0;0;0;0;0;0;0;0;0;0;1.0;0.0;0.0;0.0;0.0;0.0;0.0;0.0;1.0;0.0;0.0;0.0;0.0;0.0;0.0;0.0;0.0;0.0;0.0;0.0;0.0;0.0;0.0;0.0;0.0;0.0;0.0;0.0;0.0;0.0;0.0;0.0;0.0;0.0;0.0;2.0;4.0;0.0;0.0;2.0;1.0;0;0;0;0;ASSIS CHATEAUBRIAND;REGIÃO OESTE;11
9814.0;2016-01-31;18.0;23.0;25.0;28.0;782.0;34.0;5.0;18.0;23.0;636.0;34.0;0.0;34.0;927.0;46.0;159.0;5;4;4;4;5;5;4;0;0;0;0;1;0;0;0;0;0;0;0;0;0;0;0;0.0;1.0;0.0;0.0;0.0;0.0;0.0;0.0;1.0;0.0;0.0;0.0;0.0;0.0;0.0;0.0;0.0;0.0;0.0;0.0;0.0;0.0;0.0;0.0;0.0;0.0;0.0;0.0;0.0;0.0;0.0;0.0;0.0;0.0;0.0;2.0;4.0;0.0;0.0;2.0;1.0;31;0;0;0;ASSIS CHATEAUBRIAND;REGIÃO OESTE;12
13704.0;2016-02-29;19.0;22.0;25.0;28.0;734.0;33.0;4.0;19.0;23.0;602.0;33.0;0.0;33.0;865.0;23.0;117.0;4;4;4;5;4;4;4;0;0;0;1;0;0;0;0;0;0;0;0;0;0;0;0;0.0;1.0;0.0;0.0;0.0;0.0;0.0;0.0;1.0;0.0;0.0;0.0;0.0;0.0;0.0;0.0;0.0;0.0;0.0;0.0;0.0;0.0;0.0;0.0;0.0;0.0;0.0;0.0;0.0;0.0;0.0;0.0;0.0;0.0;0.0;2.0;4.0;0.0;0.0;2.0;1.0;0;3;0;0;ASSIS CHATEAUBRIAND;REGIÃO OESTE;13
15659.0;2016-03-31;12.0;17.0;22.0;28.0;685.0;32.0;3.0;12.0;24.0;542.0;32.0;0.0;32.0;827.0;37.0;89.0;4;5;5;4;4;4;5;0;0;0;0;0;0;0;0;1;0;0;0;0;0;0;0;0.0;1.0;0.0;0.0;0.0;0.0;0.0;0.0;1.0;0.0;0.0;0.0;0.0;0.0;0.0;0.0;0.0;0.0;0.0;0.0;0.0;0.0;0.0;0.0;0.0;0.0;0.0;0.0;0.0;0.0;0.0;0.0;0.0;0.0;0.0;2.0;4.0;0.0;0.0;2.0;1.0;0;1;0;0;ASSIS CHATEAUBRIAND;REGIÃO OESTE;14
14076.0;2016-04-30;4.0;9.0;23.0;28.0;702.0;33.0;2.0;4.0;23.0;542.0;33.0;0.0;33.0;862.0;49.0;69.0;4;4;4;4;5;5;4;1;0;0;0;0;0;0;0;0;0;0;0;0;0;0;0;0.0;1.0;0.0;0.0;0.0;0.0;0.0;0.0;1.0;0.0;0.0;0.0;0.0;0.0;0.0;0.0;0.0;0.0;0.0;0.0;0.0;0.0;0.0;0.0;0.0;0.0;0.0;0.0;0.0;0.0;0.0;0.0;0.0;0.0;0.0;2.0;4.0;0.0;0.0;2.0;1.0;0;0;0;0;ASSIS CHATEAUBRIAND;REGIÃO OESTE;15
9449.0;2016-05-31;4.0;11.0;16.0;22.0;490.0;27.0;9.0;4.0;16.0;368.0;27.0;0.0;27.0;612.0;99.0;292.0;5;4;4;5;4;4;5;0;0;0;0;0;0;0;1;0;0;0;0;0;0;0;0;0.0;1.0;0.0;0.0;0.0;0.0;0.0;0.0;1.0;0.0;0.0;0.0;0.0;0.0;0.0;0.0;0.0;0.0;0.0;0.0;0.0;0.0;0.0;0.0;0.0;0.0;0.0;0.0;0.0;0.0;0.0;0.0;0.0;0.0;0.0;2.0;4.0;0.0;0.0;2.0;1.0;0;1;0;0;ASSIS CHATEAUBRIAND;REGIÃO OESTE;16
8556.0;2016-06-30;-1.0;7.0;14.0;20.0;408.0;27.0;3.0;-1.0;14.0;252.0;27.0;0.0;27.0;563.0;49.0;98.0;4;5;5;4;4;4;4;0;0;0;0;0;0;1;0;0;0;0;0;0;0;0;0;0.0;1.0;0.0;0.0;0.0;0.0;0.0;0.0;1.0;0.0;0.0;0.0;0.0;0.0;0.0;0.0;0.0;0.0;0.0;0.0;0.0;0.0;0.0;0.0;0.0;0.0;0.0;0.0;0.0;0.0;0.0;0.0;0.0;0.0;0.0;2.0;4.0;0.0;0.0;2.0;1.0;0;0;0;0;ASSIS CHATEAUBRIAND;REGIÃO OESTE;17
8758.0;2016-07-31;2.0;6.0;17.0;23.0;514.0;30.0;2.0;2.0;18.0;324.0;30.0;0.0;30.0;704.0;23.0;70.0;5;4;4;4;5;5;4;0;0;0;0;0;1;0;0;0;0;0;0;0;0;0;0;0.0;1.0;0.0;0.0;0.0;0.0;0.0;0.0;1.0;0.0;0.0;0.0;0.0;0.0;0.0;0.0;0.0;0.0;0.0;0.0;0.0;0.0;0.0;0.0;0.0;0.0;0.0;0.0;0.0;0.0;0.0;0.0;0.0;0.0;0.0;2.0;4.0;0.0;0.0;2.0;1.0;14;0;0;0;ASSIS CHATEAUBRIAND;REGIÃO OESTE;18
9483.0;2016-08-31;3.0;10.0;18.0;25.0;555.0;32.0;15.0;3.0;18.0;386.0;32.0;0.0;32.0;723.0;82.0;459.0;4;5;4;5;4;4;5;0;1;0;0;0;0;0;0;0;0;0;0;0;0;0;0;0.0;1.0;0.0;0.0;0.0;0.0;0.0;0.0;1.0;0.0;0.0;0.0;0.0;0.0;0.0;0.0;0.0;0.0;0.0;0.0;0.0;0.0;0.0;0.0;0.0;0.0;0.0;0.0;0.0;0.0;0.0;0.0;0.0;0.0;0.0;2.0;4.0;0.0;0.0;2.0;1.0;0;0;0;0;ASSIS CHATEAUBRIAND;REGIÃO OESTE;19
10410.0;2016-09-30;3.0;10.0;18.0;24.0;536.0;32.0;2.0;3.0;18.0;325.0;32.0;0.0;32.0;747.0;25.0;55.0;4;4;5;4;5;4;4;0;0;0;0;0;0;0;0;0;0;0;1;0;0;0;0;0.0;1.0;0.0;0.0;0.0;0.0;0.0;0.0;1.0;0.0;0.0;0.0;0.0;0.0;0.0;0.0;0.0;0.0;0.0;0.0;0.0;0.0;0.0;0.0;0.0;0.0;0.0;0.0;0.0;0.0;0.0;0.0;0.0;0.0;0.0;2.0;4.0;0.0;0.0;2.0;1.0;0;0;0;0;ASSIS CHATEAUBRIAND;REGIÃO OESTE;20
12710.0;2016-10-31;7.0;14.0;21.0;29.0;652.0;34.0;11.0;7.0;23.0;480.0;34.0;0.0;34.0;824.0;85.0;352.0;5;4;4;5;4;5;4;0;0;0;0;0;0;0;0;0;0;1;0;0;0;0;0;0.0;1.0;0.0;0.0;0.0;0.0;0.0;0.0;1.0;0.0;0.0;0.0;0.0;0.0;0.0;0.0;0.0;0.0;0.0;0.0;0.0;0.0;0.0;0.0;0.0;0.0;0.0;0.0;0.0;0.0;0.0;0.0;0.0;0.0;0.0;2.0;4.0;0.0;0.0;2.0;1.0;0;0;0;0;ASSIS CHATEAUBRIAND;REGIÃO OESTE;21
13278.0;2016-11-30;8.0;16.0;22.0;26.0;657.0;33.0;3.0;8.0;22.0;477.0;33.0;0.0;33.0;837.0;42.0;94.0;4;5;4;4;4;4;5;0;0;0;0;0;0;0;0;0;1;0;0;0;0;0;0;0.0;1.0;0.0;0.0;0.0;0.0;0.0;0.0;1.0;0.0;0.0;0.0;0.0;0.0;0.0;0.0;0.0;0.0;0.0;0.0;0.0;0.0;0.0;0.0;0.0;0.0;0.0;0.0;0.0;0.0;0.0;0.0;0.0;0.0;0.0;2.0;4.0;0.0;0.0;2.0;1.0;0;0;0;0;ASSIS CHATEAUBRIAND;REGIÃO OESTE;22
13219.0;2016-12-31;13.0;20.0;23.0;27.0;721.0;32.0;5.0;13.0;22.0;576.0;32.0;0.0;32.0;865.0;42.0;147.0;4;4;5;4;5;5;4;0;0;1;0;0;0;0;0;0;0;0;0;0;0;0;0;0.0;1.0;0.0;0.0;0.0;0.0;0.0;0.0;1.0;0.0;0.0;0.0;0.0;0.0;0.0;0.0;0.0;0.0;0.0;0.0;0.0;0.0;0.0;0.0;0.0;0.0;0.0;0.0;0.0;0.0;0.0;0.0;0.0;0.0;0.0;2.0;4.0;0.0;0.0;2.0;1.0;0;0;0;0;ASSIS CHATEAUBRIAND;REGIÃO OESTE;23
9369.0;2017-01-31;14.0;21.0;25.0;27.0;769.0;33.0;2.0;14.0;22.0;608.0;33.0;0.0;33.0;931.0;16.0;69.0;5;4;4;5;4;4;5;0;0;0;0;1;0;0;0;0;0;0;0;0;0;0;0;0.0;0.0;1.0;0.0;0.0;0.0;0.0;0.0;1.0;0.0;0.0;0.0;0.0;0.0;0.0;0.0;0.0;0.0;0.0;0.0;0.0;0.0;0.0;0.0;0.0;0.0;0.0;0.0;0.0;0.0;0.0;0.0;0.0;0.0;0.0;2.0;4.0;0.0;0.0;2.0;1.0;31;0;0;0;ASSIS CHATEAUBRIAND;REGIÃO OESTE;24
13260.0;2017-02-28;16.0;22.0;25.0;28.0;699.0;34.0;3.0;16.0;21.0;551.0;34.0;0.0;34.0;846.0;24.0;97.0;4;4;4;4;4;4;4;0;0;0;1;0;0;0;0;0;0;0;0;0;0;0;0;0.0;0.0;1.0;0.0;0.0;0.0;0.0;0.0;1.0;0.0;0.0;0.0;0.0;0.0;0.0;0.0;0.0;0.0;0.0;0.0;0.0;0.0;0.0;0.0;0.0;0.0;0.0;0.0;0.0;0.0;0.0;0.0;0.0;0.0;0.0;2.0;4.0;0.0;0.0;2.0;3.0;0;2;0;0;ASSIS CHATEAUBRIAND;REGIÃO OESTE;25
14592.0;2017-03-31;13.0;20.0;24.0;28.0;734.0;34.0;7.0;13.0;23.0;586.0;34.0;0.0;34.0;882.0;108.0;229.0;4;5;5;4;5;4;4;0;0;0;0;0;0;0;0;1;0;0;0;0;0;0;0;0.0;0.0;1.0;0.0;0.0;0.0;0.0;0.0;1.0;0.0;0.0;0.0;0.0;0.0;0.0;0.0;0.0;0.0;0.0;0.0;0.0;0.0;0.0;0.0;0.0;0.0;0.0;0.0;0.0;0.0;0.0;0.0;0.0;0.0;0.0;2.0;4.0;0.0;0.0;2.0;3.0;0;1;0;0;ASSIS CHATEAUBRIAND;REGIÃO OESTE;26
11664.0;2017-04-30;5.0;12.0;20.0;24.0;601.0;29.0;10.0;5.0;21.0;464.0;29.0;0.0;29.0;738.0;94.0;293.0;5;4;4;4;4;5;4;1;0;0;0;0;0;0;0;0;0;0;0;0;0;0;0;0.0;0.0;1.0;0.0;0.0;0.0;0.0;0.0;1.0;0.0;0.0;0.0;0.0;0.0;0.0;0.0;0.0;0.0;0.0;0.0;0.0;0.0;0.0;0.0;0.0;0.0;0.0;0.0;0.0;0.0;0.0;0.0;0.0;0.0;0.0;2.0;4.0;0.0;0.0;2.0;3.0;0;1;0;0;ASSIS CHATEAUBRIAND;REGIÃO OESTE;27
9784.0;2017-05-31;11.0;16.0;19.0;24.0;593.0;28.0;9.0;11.0;20.0;481.0;28.0;0.0;28.0;704.0;89.0;277.0;4;5;4;5;4;4;5;0;0;0;0;0;0;0;1;0;0;0;0;0;0;0;0;0.0;0.0;1.0;0.0;0.0;0.0;0.0;0.0;1.0;0.0;0.0;0.0;0.0;0.0;0.0;0.0;0.0;0.0;0.0;0.0;0.0;0.0;0.0;0.0;0.0;0.0;0.0;0.0;0.0;0.0;0.0;0.0;0.0;0.0;0.0;2.0;4.0;0.0;0.0;2.0;3.0;0;0;0;0;ASSIS CHATEAUBRIAND;REGIÃO OESTE;28
9210.0;2017-06-30;3.0;9.0;17.0;21.0;508.0;27.0;2.0;3.0;18.0;361.0;27.0;0.0;27.0;654.0;24.0;63.0;4;4;5;4;5;4;4;0;0;0;0;0;0;1;0;0;0;0;0;0;0;0;0;0.0;0.0;1.0;0.0;0.0;0.0;0.0;0.0;1.0;0.0;0.0;0.0;0.0;0.0;0.0;0.0;0.0;0.0;0.0;0.0;0.0;0.0;0.0;0.0;0.0;0.0;0.0;0.0;0.0;0.0;0.0;0.0;0.0;0.0;0.0;2.0;4.0;0.0;0.0;2.0;3.0;0;1;0;0;ASSIS CHATEAUBRIAND;REGIÃO OESTE;29
7711.0;2017-07-31;-2.0;5.0;17.0;21.0;530.0;28.0;0.0;-2.0;15.0;315.0;28.0;0.0;28.0;745.0;4.0;4.0;5;4;4;5;4;5;4;0;0;0;0;0;1;0;0;0;0;0;0;0;0;0;0;0.0;0.0;1.0;0.0;0.0;0.0;0.0;0.0;1.0;0.0;0.0;0.0;0.0;0.0;0.0;0.0;0.0;0.0;0.0;0.0;0.0;0.0;0.0;0.0;0.0;0.0;0.0;0.0;0.0;0.0;0.0;0.0;0.0;0.0;0.0;2.0;4.0;0.0;0.0;2.0;3.0;16;0;0;0;ASSIS CHATEAUBRIAND;REGIÃO OESTE;30
11483.0;2017-08-31;4.0;11.0;20.0;25.0;605.0;33.0;8.0;4.0;19.0;415.0;33.0;0.0;33.0;794.0;73.0;234.0;4;5;5;4;4;4;5;0;1;0;0;0;0;0;0;0;0;0;0;0;0;0;0;0.0;0.0;1.0;0.0;0.0;0.0;0.0;0.0;1.0;0.0;0.0;0.0;0.0;0.0;0.0;0.0;0.0;0.0;0.0;0.0;0.0;0.0;0.0;0.0;0.0;0.0;0.0;0.0;0.0;0.0;0.0;0.0;0.0;0.0;0.0;2.0;4.0;0.0;0.0;2.0;3.0;0;0;0;0;ASSIS CHATEAUBRIAND;REGIÃO OESTE;31
14124.0;2017-09-30;10.0;17.0;23.0;27.0;693.0;35.0;2.0;10.0;20.0;492.0;35.0;0.0;35.0;894.0;26.0;57.0;4;4;4;4;5;5;4;0;0;0;0;0;0;0;0;0;0;0;1;0;0;0;0;0.0;0.0;1.0;0.0;0.0;0.0;0.0;0.0;1.0;0.0;0.0;0.0;0.0;0.0;0.0;0.0;0.0;0.0;0.0;0.0;0.0;0.0;0.0;0.0;0.0;0.0;0.0;0.0;0.0;0.0;0.0;0.0;0.0;0.0;0.0;2.0;4.0;0.0;0.0;2.0;3.0;0;0;0;0;ASSIS CHATEAUBRIAND;REGIÃO OESTE;32
12820.0;2017-10-31;7.0;16.0;21.0;28.0;659.0;35.0;19.0;7.0;21.0;499.0;35.0;0.0;35.0;818.0;98.0;586.0;5;4;4;5;4;4;5;0;0;0;0;0;0;0;0;0;0;1;0;0;0;0;0;0.0;0.0;1.0;0.0;0.0;0.0;0.0;0.0;1.0;0.0;0.0;0.0;0.0;0.0;0.0;0.0;0.0;0.0;0.0;0.0;0.0;0.0;0.0;0.0;0.0;0.0;0.0;0.0;0.0;0.0;0.0;0.0;0.0;0.0;0.0;2.0;4.0;0.0;0.0;2.0;3.0;0;0;0;0;ASSIS CHATEAUBRIAND;REGIÃO OESTE;33
13014.0;2017-11-30;12.0;19.0;21.0;26.0;641.0;33.0;7.0;12.0;19.0;473.0;33.0;0.0;33.0;809.0;63.0;202.0;4;5;5;4;4;4;4;0;0;0;0;0;0;0;0;0;1;0;0;0;0;0;0;0.0;0.0;1.0;0.0;0.0;0.0;0.0;0.0;1.0;0.0;0.0;0.0;0.0;0.0;0.0;0.0;0.0;0.0;0.0;0.0;0.0;0.0;0.0;0.0;0.0;0.0;0.0;0.0;0.0;0.0;0.0;0.0;0.0;0.0;0.0;2.0;4.0;0.0;0.0;2.0;3.0;0;0;0;0;ASSIS CHATEAUBRIAND;REGIÃO OESTE;34
14310.0;2017-12-31;16.0;22.0;24.0;27.0;743.0;33.0;11.0;16.0;22.0;599.0;33.0;0.0;33.0;887.0;114.0;330.0;5;4;4;4;5;5;4;0;0;1;0;0;0;0;0;0;0;0;0;0;0;0;0;0.0;0.0;1.0;0.0;0.0;0.0;0.0;0.0;1.0;0.0;0.0;0.0;0.0;0.0;0.0;0.0;0.0;0.0;0.0;0.0;0.0;0.0;0.0;0.0;0.0;0.0;0.0;0.0;0.0;0.0;0.0;0.0;0.0;0.0;0.0;2.0;4.0;0.0;0.0;2.0;3.0;0;0;0;0;ASSIS CHATEAUBRIAND;REGIÃO OESTE;35
9538.0;2018-01-31;17.0;21.0;24.0;27.0;737.0;33.0;9.0;17.0;21.0;609.0;33.0;0.0;33.0;864.0;69.0;279.0;4;5;4;5;4;4;5;0;0;0;0;1;0;0;0;0;0;0;0;0;0;0;0;0.0;0.0;0.0;1.0;0.0;0.0;0.0;0.0;1.0;0.0;0.0;0.0;0.0;0.0;0.0;0.0;0.0;0.0;0.0;0.0;0.0;0.0;0.0;0.0;0.0;0.0;0.0;0.0;0.0;0.0;0.0;0.0;0.0;0.0;0.0;2.0;4.0;0.0;0.0;2.0;3.0;31;0;0;0;ASSIS CHATEAUBRIAND;REGIÃO OESTE;36
14404.0;2018-02-28;15.0;20.0;24.0;26.0;660.0;32.0;4.0;15.0;21.0;516.0;32.0;0.0;32.0;804.0;30.0;107.0;4;4;4;4;4;4;4;0;0;0;1;0;0;0;0;0;0;0;0;0;0;0;0;0.0;0.0;0.0;1.0;0.0;0.0;0.0;0.0;1.0;0.0;0.0;0.0;0.0;0.0;0.0;0.0;0.0;0.0;0.0;0.0;0.0;0.0;0.0;0.0;0.0;0.0;0.0;0.0;0.0;0.0;0.0;0.0;0.0;0.0;0.0;4.464285714285714;4.0;0.0;0.0;2.0;3.0;0;3;0;0;ASSIS CHATEAUBRIAND;REGIÃO OESTE;37
21547.0;2018-03-31;10.0;17.0;24.0;27.0;744.0;33.0;9.0;10.0;22.0;598.0;33.0;0.0;33.0;889.0;75.0;286.0;4;4;5;4;5;5;4;0;0;0;0;0;0;0;0;1;0;0;0;0;0;0;0;0.0;0.0;0.0;1.0;0.0;0.0;0.0;0.0;1.0;0.0;0.0;0.0;0.0;0.0;0.0;0.0;0.0;0.0;0.0;0.0;0.0;0.0;0.0;0.0;0.0;0.0;0.0;0.0;0.0;0.0;0.0;0.0;0.0;0.0;0.0;5.0;4.0;0.0;0.0;2.0;3.0;0;1;0;0;ASSIS CHATEAUBRIAND;REGIÃO OESTE;38
16470.0;2018-04-30;15.0;20.0;23.0;26.0;691.0;31.0;0.0;15.0;21.0;522.0;31.0;0.0;31.0;861.0;6.0;12.0;5;4;4;5;4;4;4;1;0;0;0;0;0;0;0;0;0;0;0;0;0;0;0;0.0;0.0;0.0;1.0;0.0;0.0;0.0;0.0;1.0;0.0;0.0;0.0;0.0;0.0;0.0;0.0;0.0;0.0;0.0;0.0;0.0;0.0;0.0;0.0;0.0;0.0;0.0;0.0;0.0;0.0;0.0;0.0;0.0;0.0;0.0;5.0;4.0;0.0;0.0;2.0;3.0;0;0;0;0;ASSIS CHATEAUBRIAND;REGIÃO OESTE;39
13684.0;2018-05-31;5.0;11.0;19.0;24.0;596.0;31.0;4.0;5.0;19.0;430.0;31.0;0.0;31.0;762.0;55.0;118.0;4;5;5;4;4;4;5;0;0;0;0;0;0;0;1;0;0;0;0;0;0;0;0;0.0;0.0;0.0;1.0;0.0;0.0;0.0;0.0;1.0;0.0;0.0;0.0;0.0;0.0;0.0;0.0;0.0;0.0;0.0;0.0;0.0;0.0;0.0;0.0;0.0;0.0;0.0;0.0;0.0;0.0;0.0;0.0;0.0;0.0;0.0;5.0;4.0;0.0;0.0;2.0;3.0;0;1;0;0;ASSIS CHATEAUBRIAND;REGIÃO OESTE;40
8682.0;2018-06-30;3.0;7.0;15.0;23.0;462.0;28.0;3.0;3.0;19.0;327.0;28.0;0.0;28.0;597.0;25.0;81.0;4;4;4;4;5;5;4;0;0;0;0;0;0;1;0;0;0;0;0;0;0;0;0;0.0;0.0;0.0;1.0;0.0;0.0;0.0;0.0;1.0;0.0;0.0;0.0;0.0;0.0;0.0;0.0;0.0;0.0;0.0;0.0;0.0;0.0;0.0;0.0;0.0;0.0;0.0;0.0;0.0;0.0;0.0;0.0;0.0;0.0;0.0;5.0;4.0;0.0;0.0;2.0;3.0;0;0;0;0;ASSIS CHATEAUBRIAND;REGIÃO OESTE;41
9118.0;2018-07-31;3.0;10.0;17.0;22.0;542.0;30.0;0.0;3.0;16.0;355.0;30.0;0.0;30.0;729.0;8.0;14.0;5;4;4;5;4;4;5;0;0;0;0;0;1;0;0;0;0;0;0;0;0;0;0;0.0;0.0;0.0;1.0;0.0;0.0;0.0;0.0;1.0;0.0;0.0;0.0;0.0;0.0;0.0;0.0;0.0;0.0;0.0;0.0;0.0;0.0;0.0;0.0;0.0;0.0;0.0;0.0;0.0;0.0;0.0;0.0;0.0;0.0;0.0;5.0;4.0;0.0;0.0;2.0;3.0;16;0;0;0;ASSIS CHATEAUBRIAND;REGIÃO OESTE;42
10852.0;2018-08-31;2.0;8.0;15.0;24.0;474.0;32.0;6.0;2.0;18.0;285.0;32.0;0.0;32.0;663.0;50.0;201.0;4;5;5;4;5;4;4;0;1;0;0;0;0;0;0;0;0;0;0;0;0;0;0;0.0;0.0;0.0;1.0;0.0;0.0;0.0;0.0;1.0;0.0;0.0;0.0;0.0;0.0;0.0;0.0;0.0;0.0;0.0;0.0;0.0;0.0;0.0;0.0;0.0;0.0;0.0;0.0;0.0;0.0;0.0;0.0;0.0;0.0;0.0;5.0;3.3225806451612905;0.0;0.0;2.0;3.0;0;0;0;0;ASSIS CHATEAUBRIAND;REGIÃO OESTE;43
11538.0;2018-09-30;6.0;11.0;20.0;27.0;585.0;34.0;10.0;6.0;20.0;420.0;34.0;0.0;34.0;750.0;130.0;314.0;5;4;4;4;4;5;4;0;0;0;0;0;0;0;0;0;0;0;1;0;0;0;0;0.0;0.0;0.0;1.0;0.0;0.0;0.0;0.0;1.0;0.0;0.0;0.0;0.0;0.0;0.0;0.0;0.0;0.0;0.0;0.0;0.0;0.0;0.0;0.0;0.0;0.0;0.0;0.0;0.0;0.0;0.0;0.0;0.0;0.0;0.0;5.0;3.0;0.0;0.0;2.0;3.0;0;0;0;0;ASSIS CHATEAUBRIAND;REGIÃO OESTE;44
14316.0;2018-10-31;11.0;18.0;21.0;24.0;656.0;31.0;7.0;11.0;20.0;537.0;31.0;0.0;31.0;775.0;58.0;227.0;4;5;4;5;4;4;5;0;0;0;0;0;0;0;0;0;0;1;0;0;0;0;0;0.0;0.0;0.0;1.0;0.0;0.0;0.0;0.0;1.0;0.0;0.0;0.0;0.0;0.0;0.0;0.0;0.0;0.0;0.0;0.0;0.0;0.0;0.0;0.0;0.0;0.0;0.0;0.0;0.0;0.0;0.0;0.0;0.0;0.0;0.0;5.0;3.0;0.0;0.0;2.0;3.0;0;0;0;0;ASSIS CHATEAUBRIAND;REGIÃO OESTE;45
14136.0;2018-11-30;15.0;19.0;23.0;27.0;699.0;33.0;5.0;15.0;21.0;550.0;33.0;0.0;33.0;848.0;65.0;146.0;4;4;5;4;5;4;4;0;0;0;0;0;0;0;0;0;1;0;0;0;0;0;0;0.0;0.0;0.0;1.0;0.0;0.0;0.0;0.0;1.0;0.0;0.0;0.0;0.0;0.0;0.0;0.0;0.0;0.0;0.0;0.0;0.0;0.0;0.0;0.0;0.0;0.0;0.0;0.0;0.0;0.0;0.0;0.0;0.0;0.0;0.0;5.0;3.0;0.0;0.0;2.0;3.0;0;0;0;0;ASSIS CHATEAUBRIAND;REGIÃO OESTE;46
15684.0;2018-12-31;11.0;19.0;24.0;27.0;747.0;34.0;2.0;11.0;22.0;562.0;34.0;0.0;34.0;933.0;17.0;60.0;5;4;4;5;4;5;4;0;0;1;0;0;0;0;0;0;0;0;0;0;0;0;0;0.0;0.0;0.0;1.0;0.0;0.0;0.0;0.0;1.0;0.0;0.0;0.0;0.0;0.0;0.0;0.0;0.0;0.0;0.0;0.0;0.0;0.0;0.0;0.0;0.0;0.0;0.0;0.0;0.0;0.0;0.0;0.0;0.0;0.0;0.0;5.0;3.0;0.0;0.0;2.0;3.0;0;0;0;0;ASSIS CHATEAUBRIAND;REGIÃO OESTE;47
10188.0;2019-01-31;17.0;22.0;26.0;29.0;809.0;35.0;4.0;17.0;22.0;643.0;35.0;0.0;35.0;976.0;30.0;121.0;4;5;5;4;4;4;5;0;0;0;0;1;0;0;0;0;0;0;0;0;0;0;0;0.0;0.0;0.0;0.0;1.0;0.0;0.0;0.0;1.0;0.0;0.0;0.0;0.0;0.0;0.0;0.0;0.0;0.0;0.0;0.0;0.0;0.0;0.0;0.0;0.0;0.0;0.0;0.0;0.0;0.0;0.0;0.0;0.0;0.0;0.0;5.0;3.0;0.0;0.0;2.0;3.0;31;0;0;0;ASSIS CHATEAUBRIAND;REGIÃO OESTE;48
14676.0;2019-02-28;16.0;19.0;24.0;28.0;679.0;35.0;5.0;16.0;23.0;534.0;35.0;0.0;35.0;823.0;58.0;146.0;4;4;4;4;4;4;4;0;0;0;1;0;0;0;0;0;0;0;0;0;0;0;0;0.0;0.0;0.0;0.0;1.0;0.0;0.0;0.0;1.0;0.0;0.0;0.0;0.0;0.0;0.0;0.0;0.0;0.0;0.0;0.0;0.0;0.0;0.0;0.0;0.0;0.0;0.0;0.0;0.0;0.0;0.0;0.0;0.0;0.0;0.0;5.0;3.0;0.0;0.0;2.0;3.0;0;0;0;0;ASSIS CHATEAUBRIAND;REGIÃO OESTE;49
17723.0;2019-03-31;13.0;21.0;23.0;26.0;708.0;32.0;6.0;13.0;21.0;557.0;32.0;0.0;32.0;858.0;59.0;181.0;5;4;4;4;5;5;4;0;0;0;0;0;0;0;0;1;0;0;0;0;0;0;0;0.0;0.0;0.0;0.0;1.0;0.0;0.0;0.0;1.0;0.0;0.0;0.0;0.0;0.0;0.0;0.0;0.0;0.0;0.0;0.0;0.0;0.0;0.0;0.0;0.0;0.0;0.0;0.0;0.0;0.0;0.0;0.0;0.0;0.0;0.0;5.0;3.6774193548387095;0.0;0.0;2.0;3.0;0;3;0;0;ASSIS CHATEAUBRIAND;REGIÃO OESTE;50
17898.0;2019-04-30;12.0;18.0;22.0;25.0;654.0;30.0;2.0;12.0;20.0;514.0;30.0;0.0;30.0;794.0;28.0;72.0;4;4;4;5;4;4;5;1;0;0;0;0;0;0;0;0;0;0;0;0;0;0;0;0.0;0.0;0.0;0.0;1.0;0.0;0.0;0.0;1.0;0.0;0.0;0.0;0.0;0.0;0.0;0.0;0.0;0.0;0.0;0.0;0.0;0.0;0.0;0.0;0.0;0.0;0.0;0.0;0.0;0.0;0.0;0.0;0.0;0.0;0.0;5.0;4.0;0.0;0.0;2.0;3.0;0;1;0;0;ASSIS CHATEAUBRIAND;REGIÃO OESTE;51
15333.0;2019-05-31;9.0;12.0;20.0;25.0;606.0;30.0;11.0;9.0;19.0;485.0;30.0;0.0;30.0;727.0;136.0;344.0;4;5;5;4;5;4;4;0;0;0;0;0;0;0;1;0;0;0;0;0;0;0;0;0.0;0.0;0.0;0.0;1.0;0.0;0.0;0.0;1.0;0.0;0.0;0.0;0.0;0.0;0.0;0.0;0.0;0.0;0.0;0.0;0.0;0.0;0.0;0.0;0.0;0.0;0.0;0.0;0.0;0.0;0.0;0.0;0.0;0.0;0.0;5.0;4.0;0.0;0.0;2.0;3.0;0;0;0;0;ASSIS CHATEAUBRIAND;REGIÃO OESTE;52
10030.0;2019-06-30;8.0;10.0;19.0;23.0;574.0;29.0;0.0;8.0;17.0;411.0;29.0;0.0;29.0;737.0;1.0;4.0;5;4;4;4;4;5;4;0;0;0;0;0;0;1;0;0;0;0;0;0;0;0;0;0.0;0.0;0.0;0.0;1.0;0.0;0.0;0.0;1.0;0.0;0.0;0.0;0.0;0.0;0.0;0.0;0.0;0.0;0.0;0.0;0.0;0.0;0.0;0.0;0.0;0.0;0.0;0.0;0.0;0.0;0.0;0.0;0.0;0.0;0.0;5.0;4.0;0.0;0.0;2.0;3.0;0;1;0;0;ASSIS CHATEAUBRIAND;REGIÃO OESTE;53
8372.0;2019-07-31;-2.0;5.0;16.0;23.0;493.0;29.0;3.0;-2.0;18.0;325.0;29.0;0.0;29.0;661.0;47.0;81.0;4;5;4;5;4;4;5;0;0;0;0;0;1;0;0;0;0;0;0;0;0;0;0;0.0;0.0;0.0;0.0;1.0;0.0;0.0;0.0;1.0;0.0;0.0;0.0;0.0;0.0;0.0;0.0;0.0;0.0;0.0;0.0;0.0;0.0;0.0;0.0;0.0;0.0;0.0;0.0;0.0;0.0;0.0;0.0;0.0;0.0;0.0;4.161290322580645;4.0;0.0;0.0;2.0;3.0;16;0;0;0;ASSIS CHATEAUBRIAND;REGIÃO OESTE;54
12418.0;2019-08-31;1.0;8.0;18.0;25.0;565.0;34.0;0.0;1.0;18.0;347.0;34.0;0.0;34.0;783.0;4.0;12.0;4;4;5;4;5;5;4;0;1;0;0;0;0;0;0;0;0;0;0;0;0;0;0;0.0;0.0;0.0;0.0;1.0;0.0;0.0;0.0;1.0;0.0;0.0;0.0;0.0;0.0;0.0;0.0;0.0;0.0;0.0;0.0;0.0;0.0;0.0;0.0;0.0;0.0;0.0;0.0;0.0;0.0;0.0;0.0;0.0;0.0;0.0;4.0;4.0;0.0;0.0;2.0;3.0;0;0;0;0;ASSIS CHATEAUBRIAND;REGIÃO OESTE;55
16556.0;2019-09-30;6.0;15.0;22.0;29.0;653.0;37.0;1.0;6.0;21.0;454.0;37.0;0.0;37.0;852.0;29.0;35.0;5;4;4;5;4;4;4;0;0;0;0;0;0;0;0;0;0;0;1;0;0;0;0;0.0;0.0;0.0;0.0;1.0;0.0;0.0;0.0;1.0;0.0;0.0;0.0;0.0;0.0;0.0;0.0;0.0;0.0;0.0;0.0;0.0;0.0;0.0;0.0;0.0;0.0;0.0;0.0;0.0;0.0;0.0;0.0;0.0;0.0;0.0;4.0;4.0;0.0;0.0;2.0;3.0;0;0;0;0;ASSIS CHATEAUBRIAND;REGIÃO OESTE;56
19612.0;2019-10-31;11.0;18.0;25.0;30.0;767.0;37.0;2.0;11.0;26.0;579.0;37.0;0.0;37.0;956.0;18.0;47.0;4;5;5;4;4;4;5;0;0;0;0;0;0;0;0;0;0;1;0;0;0;0;0;0.0;0.0;0.0;0.0;1.0;0.0;0.0;0.0;1.0;0.0;0.0;0.0;0.0;0.0;0.0;0.0;0.0;0.0;0.0;0.0;0.0;0.0;0.0;0.0;0.0;0.0;0.0;0.0;0.0;0.0;0.0;0.0;0.0;0.0;0.0;4.0;4.0;0.0;0.0;2.0;3.0;0;0;0;0;ASSIS CHATEAUBRIAND;REGIÃO OESTE;57
19724.0;2019-11-30;14.0;21.0;25.0;28.0;738.0;34.0;10.0;14.0;23.0;578.0;34.0;0.0;34.0;898.0;132.0;314.0;4;4;4;4;5;5;4;0;0;0;0;0;0;0;0;0;1;0;0;0;0;0;0;0.0;0.0;0.0;0.0;1.0;0.0;0.0;0.0;1.0;0.0;0.0;0.0;0.0;0.0;0.0;0.0;0.0;0.0;0.0;0.0;0.0;0.0;0.0;0.0;0.0;0.0;0.0;0.0;0.0;0.0;0.0;0.0;0.0;0.0;0.0;4.0;4.0;0.0;0.0;2.0;3.0;0;0;0;0;ASSIS CHATEAUBRIAND;REGIÃO OESTE;58
13356.0;2019-12-31;13.0;19.0;23.0;27.0;717.0;33.0;10.0;13.0;22.0;559.0;33.0;0.0;33.0;876.0;89.0;296.0;5;4;4;5;4;4;5;0;0;1;0;0;0;0;0;0;0;0;0;0;0;0;0;0.0;0.0;0.0;0.0;1.0;0.0;0.0;0.0;1.0;0.0;0.0;0.0;0.0;0.0;0.0;0.0;0.0;0.0;0.0;0.0;0.0;0.0;0.0;0.0;0.0;0.0;0.0;0.0;0.0;0.0;0.0;0.0;0.0;0.0;0.0;4.0;4.0;0.0;0.0;2.0;3.0;0;0;0;0;ASSIS CHATEAUBRIAND;REGIÃO OESTE;59
9740.0;2020-01-31;18.0;20.0;25.0;27.0;771.0;33.0;4.0;18.0;23.0;634.0;33.0;0.0;33.0;909.0;28.0;138.0;4;5;5;4;5;4;4;0;0;0;0;1;0;0;0;0;0;0;0;0;0;0;0;0.0;0.0;0.0;0.0;0.0;1.0;0.0;0.0;1.0;0.0;0.0;0.0;0.0;0.0;0.0;0.0;0.0;0.0;0.0;0.0;0.0;0.0;0.0;0.0;0.0;0.0;0.0;0.0;0.0;0.0;0.0;0.0;0.0;0.0;0.0;4.0;4.0;0.0;0.0;2.0;3.0;31;0;0;0;ASSIS CHATEAUBRIAND;REGIÃO OESTE;60
15353.0;2020-02-29;12.0;19.0;25.0;28.0;715.0;34.0;1.0;12.0;24.0;566.0;34.0;0.0;34.0;865.0;22.0;43.0;4;4;4;4;4;5;4;0;0;0;1;0;0;0;0;0;0;0;0;0;0;0;0;0.0;0.0;0.0;0.0;0.0;1.0;0.0;0.0;1.0;0.0;0.0;0.0;0.0;0.0;0.0;0.0;0.0;0.0;0.0;0.0;0.0;0.0;0.0;0.0;0.0;0.0;0.0;0.0;0.0;0.0;0.0;0.0;0.0;0.0;0.0;4.827586206896552;4.0;0.0;0.0;2.8275862068965516;3.0;0;3;0;0;ASSIS CHATEAUBRIAND;REGIÃO OESTE;61
13432.0;2020-03-31;13.0;20.0;24.0;29.0;755.0;35.0;2.0;13.0;24.0;566.0;35.0;0.0;35.0;943.0;26.0;51.0;5;4;4;5;4;4;5;0;0;0;0;0;0;0;0;1;0;0;0;0;0;0;0;0.0;0.0;0.0;0.0;0.0;1.0;0.0;0.0;1.0;0.0;0.0;0.0;0.0;0.0;0.0;0.0;0.0;0.0;0.0;0.0;0.0;0.0;0.0;0.0;0.0;0.0;0.0;0.0;0.0;0.0;0.0;0.0;0.0;0.0;0.0;5.0;4.0;0.0;0.0;3.0;3.0;0;0;15;0;ASSIS CHATEAUBRIAND;REGIÃO OESTE;62
3732.0;2020-04-30;7.0;14.0;20.0;26.0;600.0;32.0;3.0;7.0;20.0;408.0;32.0;0.0;32.0;792.0;55.0;84.0;4;5;5;4;4;4;4;1;0;0;0;0;0;0;0;0;0;0;0;0;0;0;0;0.0;0.0;0.0;0.0;0.0;1.0;0.0;0.0;1.0;0.0;0.0;0.0;0.0;0.0;0.0;0.0;0.0;0.0;0.0;0.0;0.0;0.0;0.0;0.0;0.0;0.0;0.0;0.0;0.0;0.0;0.0;0.0;0.0;0.0;0.0;5.0;4.0;0.0;0.0;3.0;3.0;0;1;30;0;ASSIS CHATEAUBRIAND;REGIÃO OESTE;63
3675.0;2020-05-31;3.0;10.0;17.0;22.0;512.0;28.0;8.0;3.0;19.0;323.0;28.0;0.0;28.0;701.0;111.0;243.0;5;4;4;4;5;5;4;0;0;0;0;0;0;0;1;0;0;0;0;0;0;0;0;0.0;0.0;0.0;0.0;0.0;1.0;0.0;0.0;1.0;0.0;0.0;0.0;0.0;0.0;0.0;0.0;0.0;0.0;0.0;0.0;0.0;0.0;0.0;0.0;0.0;0.0;0.0;0.0;0.0;0.0;0.0;0.0;0.0;0.0;0.0;5.0;4.0;0.0;0.0;3.0;3.0;0;0;31;0;ASSIS CHATEAUBRIAND;REGIÃO OESTE;64
3450.0;2020-06-30;5.0;11.0;18.0;24.0;550.0;30.0;5.0;5.0;19.0;397.0;30.0;0.0;30.0;702.0;82.0;149.0;4;4;4;5;4;4;5;0;0;0;0;0;0;1;0;0;0;0;0;0;0;0;0;0.0;0.0;0.0;0.0;0.0;1.0;0.0;0.0;1.0;0.0;0.0;0.0;0.0;0.0;0.0;0.0;0.0;0.0;0.0;0.0;0.0;0.0;0.0;0.0;0.0;0.0;0.0;0.0;0.0;0.0;0.0;0.0;0.0;0.0;0.0;5.0;4.0;0.0;0.0;3.0;3.0;0;1;30;0;ASSIS CHATEAUBRIAND;REGIÃO OESTE;65
3601.0;2020-07-31;1.0;9.0;17.0;22.0;518.0;29.0;1.0;1.0;17.0;332.0;29.0;0.0;29.0;705.0;19.0;45.0;4;5;5;4;5;4;4;0;0;0;0;0;1;0;0;0;0;0;0;0;0;0;0;0.0;0.0;0.0;0.0;0.0;1.0;0.0;0.0;1.0;0.0;0.0;0.0;0.0;0.0;0.0;0.0;0.0;0.0;0.0;0.0;0.0;0.0;0.0;0.0;0.0;0.0;0.0;0.0;0.0;0.0;0.0;0.0;0.0;0.0;0.0;5.0;3.7419354838709675;0.0;0.0;3.0;3.0;0;0;31;0;ASSIS CHATEAUBRIAND;REGIÃO OESTE;66
3851.0;2020-08-31;1.0;6.0;19.0;24.0;578.0;32.0;10.0;1.0;17.0;393.0;32.0;0.0;32.0;764.0;118.0;314.0;5;4;4;5;4;5;4;0;1;0;0;0;0;0;0;0;0;0;0;0;0;0;0;0.0;0.0;0.0;0.0;0.0;1.0;0.0;0.0;1.0;0.0;0.0;0.0;0.0;0.0;0.0;0.0;0.0;0.0;0.0;0.0;0.0;0.0;0.0;0.0;0.0;0.0;0.0;0.0;0.0;0.0;0.0;0.0;0.0;0.0;0.0;5.0;3.0;0.0;0.0;3.0;3.0;0;0;31;0;ASSIS CHATEAUBRIAND;REGIÃO OESTE;67
4606.0;2020-09-30;12.0;19.0;23.0;30.0;689.0;39.0;1.0;12.0;20.0;486.0;39.0;0.0;39.0;892.0;19.0;34.0;4;5;4;4;4;4;5;0;0;0;0;0;0;0;0;0;0;0;1;0;0;0;0;0.0;0.0;0.0;0.0;0.0;1.0;0.0;0.0;1.0;0.0;0.0;0.0;0.0;0.0;0.0;0.0;0.0;0.0;0.0;0.0;0.0;0.0;0.0;0.0;0.0;0.0;0.0;0.0;0.0;0.0;0.0;0.0;0.0;0.0;0.0;5.0;3.0;0.0;0.0;3.0;3.0;0;0;30;0;ASSIS CHATEAUBRIAND;REGIÃO OESTE;68
5751.0;2020-10-31;13.0;19.0;25.0;30.0;761.0;38.0;3.0;13.0;23.0;574.0;38.0;0.0;38.0;947.0;33.0;84.0;4;4;5;4;5;5;4;0;0;0;0;0;0;0;0;0;0;1;0;0;0;0;0;0.0;0.0;0.0;0.0;0.0;1.0;0.0;0.0;1.0;0.0;0.0;0.0;0.0;0.0;0.0;0.0;0.0;0.0;0.0;0.0;0.0;0.0;0.0;0.0;0.0;0.0;0.0;0.0;0.0;0.0;0.0;0.0;0.0;0.0;0.0;5.0;3.0;0.0;0.0;3.0;3.0;0;0;31;0;ASSIS CHATEAUBRIAND;REGIÃO OESTE;69
4920.0;2020-11-30;11.0;18.0;23.0;28.0;702.0;35.0;3.0;11.0;21.0;509.0;35.0;0.0;35.0;896.0;38.0;79.0;5;4;4;5;4;4;4;0;0;0;0;0;0;0;0;0;1;0;0;0;0;0;0;0.0;0.0;0.0;0.0;0.0;1.0;0.0;0.0;1.0;0.0;0.0;0.0;0.0;0.0;0.0;0.0;0.0;0.0;0.0;0.0;0.0;0.0;0.0;0.0;0.0;0.0;0.0;0.0;0.0;0.0;0.0;0.0;0.0;0.0;0.0;5.0;3.0;0.0;0.0;3.0;3.0;0;0;30;0;ASSIS CHATEAUBRIAND;REGIÃO OESTE;70
5363.0;2020-12-31;15.0;21.0;24.0;26.0;741.0;32.0;7.0;15.0;21.0;592.0;32.0;0.0;32.0;889.0;78.0;230.0;4;5;5;4;4;4;5;0;0;1;0;0;0;0;0;0;0;0;0;0;0;0;0;0.0;0.0;0.0;0.0;0.0;1.0;0.0;0.0;1.0;0.0;0.0;0.0;0.0;0.0;0.0;0.0;0.0;0.0;0.0;0.0;0.0;0.0;0.0;0.0;0.0;0.0;0.0;0.0;0.0;0.0;0.0;0.0;0.0;0.0;0.0;4.709677419354839;3.0;0.0;0.0;3.0;3.0;0;0;31;0;ASSIS CHATEAUBRIAND;REGIÃO OESTE;71
5022.0;2021-01-31;18.0;20.0;23.0;26.0;724.0;31.0;7.0;18.0;22.0;605.0;31.0;0.0;31.0;843.0;63.0;204.0;5;4;4;4;5;5;4;0;0;0;0;1;0;0;0;0;0;0;0;1;0;0;0;0.0;0.0;0.0;0.0;0.0;0.0;0.0;0.0;1.0;0.0;0.0;0.0;0.0;0.0;0.0;0.0;0.0;0.0;0.0;0.0;0.0;0.0;0.0;0.0;0.0;0.0;0.0;0.0;0.0;0.0;0.0;0.0;0.0;0.0;0.0;4.0;3.0;0.0;0.0;3.0;3.0;0;0;31;0;ASSIS CHATEAUBRIAND;REGIÃO OESTE;72
4564.0;2021-02-28;14.0;20.0;23.0;27.0;655.0;33.0;3.0;14.0;21.0;502.0;33.0;0.0;33.0;808.0;45.0;92.0;4;4;4;4;4;4;4;0;0;0;1;0;0;0;0;0;0;0;0;1;0;0;0;0.0;0.0;0.0;0.0;0.0;0.0;0.0;0.0;1.0;0.0;0.0;0.0;0.0;0.0;0.0;0.0;0.0;0.0;0.0;0.0;0.0;0.0;0.0;0.0;0.0;0.0;0.0;0.0;0.0;0.0;0.0;0.0;0.0;0.0;0.0;4.0;3.0;0.0;0.0;3.0;3.0;0;3;28;0;ASSIS CHATEAUBRIAND;REGIÃO OESTE;73
5704.0;2021-03-31;14.0;19.0;24.0;27.0;740.0;34.0;2.0;14.0;22.0;574.0;34.0;0.0;34.0;905.0;14.0;53.0;4;5;4;5;4;4;5;0;0;0;0;0;0;0;0;1;0;0;0;1;0;0;0;0.0;0.0;0.0;0.0;0.0;0.0;0.0;0.0;1.0;0.0;0.0;0.0;0.0;0.0;0.0;0.0;0.0;0.0;0.0;0.0;0.0;0.0;0.0;0.0;0.0;0.0;0.0;0.0;0.0;0.0;0.0;0.0;0.0;0.0;0.0;4.0;3.0;0.0;0.0;3.0;3.0;0;0;31;0;ASSIS CHATEAUBRIAND;REGIÃO OESTE;74
4200.0;2021-04-30;8.0;16.0;21.0;26.0;639.0;32.0;1.0;8.0;20.0;468.0;32.0;0.0;32.0;810.0;10.0;23.0;4;4;5;4;5;4;4;1;0;0;0;0;0;0;0;0;0;0;0;1;0;0;0;0.0;0.0;0.0;0.0;0.0;0.0;0.0;0.0;1.0;0.0;0.0;0.0;0.0;0.0;0.0;0.0;0.0;0.0;0.0;0.0;0.0;0.0;0.0;0.0;0.0;0.0;0.0;0.0;0.0;0.0;0.0;0.0;0.0;0.0;0.0;4.0;3.0;0.0;0.0;3.0;3.0;0;1;30;0;ASSIS CHATEAUBRIAND;REGIÃO OESTE;75
3565.0;2021-05-31;5.0;11.0;18.0;24.0;560.0;30.0;2.0;5.0;18.0;379.0;30.0;0.0;30.0;741.0;30.0;65.0;5;4;4;5;4;5;4;0;0;0;0;0;0;0;1;0;0;0;0;1;0;0;0;0.0;0.0;0.0;0.0;0.0;0.0;0.0;0.0;1.0;0.0;0.0;0.0;0.0;0.0;0.0;0.0;0.0;0.0;0.0;0.0;0.0;0.0;0.0;0.0;0.0;0.0;0.0;0.0;0.0;0.0;0.0;0.0;0.0;0.0;0.0;4.0;3.3870967741935485;0.0;0.0;3.0;3.0;0;0;31;0;ASSIS CHATEAUBRIAND;REGIÃO OESTE;76
1170.0;2021-06-30;-1.0;5.0;16.0;23.0;476.0;29.0;4.0;-1.0;17.0;343.0;29.0;0.0;29.0;609.0;34.0;110.0;4;5;4;4;4;4;5;0;0;0;0;0;0;1;0;0;0;0;0;1;0;0;0;0.0;0.0;0.0;0.0;0.0;0.0;0.0;0.0;1.0;0.0;0.0;0.0;0.0;0.0;0.0;0.0;0.0;0.0;0.0;0.0;0.0;0.0;0.0;0.0;0.0;0.0;0.0;0.0;0.0;0.0;0.0;0.0;0.0;0.0;0.0;4.0;4.0;0.0;0.0;3.0;3.0;0;1;30;0;ASSIS CHATEAUBRIAND;REGIÃO OESTE;77
2108.0;2021-07-31;-2.0;6.0;15.0;23.0;479.0;30.0;1.0;-2.0;17.0;271.0;30.0;0.0;30.0;687.0;16.0;30.0;4;4;5;4;5;5;4;0;0;0;0;0;1;0;0;0;0;0;0;1;0;0;0;0.0;0.0;0.0;0.0;0.0;0.0;0.0;0.0;1.0;0.0;0.0;0.0;0.0;0.0;0.0;0.0;0.0;0.0;0.0;0.0;0.0;0.0;0.0;0.0;0.0;0.0;0.0;0.0;0.0;0.0;0.0;0.0;0.0;0.0;0.0;4.0;4.0;0.0;0.0;3.0;3.0;0;0;31;0;ASSIS CHATEAUBRIAND;REGIÃO OESTE;78
2542.0;2021-08-31;6.0;13.0;20.0;26.0;623.0;34.0;2.0;6.0;19.0;434.0;34.0;0.0;34.0;811.0;22.0;51.0;5;4;4;5;4;4;5;0;1;0;0;0;0;0;0;0;0;0;0;1;0;0;0;0.0;0.0;0.0;0.0;0.0;0.0;0.0;0.0;1.0;0.0;0.0;0.0;0.0;0.0;0.0;0.0;0.0;0.0;0.0;0.0;0.0;0.0;0.0;0.0;0.0;0.0;0.0;0.0;0.0;0.0;0.0;0.0;0.0;0.0;0.0;4.0;4.0;0.0;0.0;3.0;3.0;0;0;31;0;ASSIS CHATEAUBRIAND;REGIÃO OESTE;79
2610.0;2021-09-30;7.0;15.0;23.0;30.0;705.0;36.0;1.0;7.0;24.0;533.0;36.0;0.0;36.0;876.0;19.0;40.0;4;5;5;4;4;4;4;0;0;0;0;0;0;0;0;0;0;0;1;1;0;0;0;0.0;0.0;0.0;0.0;0.0;0.0;0.0;0.0;1.0;0.0;0.0;0.0;0.0;0.0;0.0;0.0;0.0;0.0;0.0;0.0;0.0;0.0;0.0;0.0;0.0;0.0;0.0;0.0;0.0;0.0;0.0;0.0;0.0;0.0;0.0;4.0;3.3;0.0;0.0;3.0;3.0;0;0;30;0;ASSIS CHATEAUBRIAND;REGIÃO OESTE;80
4123.0;2021-10-31;12.0;17.0;21.0;27.0;655.0;32.0;18.0;12.0;21.0;517.0;32.0;0.0;32.0;794.0;111.0;550.0;5;4;4;4;5;5;4;0;0;0;0;0;0;0;0;0;0;1;0;1;0;0;0;0.0;0.0;0.0;0.0;0.0;0.0;0.0;0.0;1.0;0.0;0.0;0.0;0.0;0.0;0.0;0.0;0.0;0.0;0.0;0.0;0.0;0.0;0.0;0.0;0.0;0.0;0.0;0.0;0.0;0.0;0.0;0.0;0.0;0.0;0.0;4.0;3.0;0.0;0.0;3.0;3.0;0;0;0;0;ASSIS CHATEAUBRIAND;REGIÃO OESTE;81
9930.0;2021-11-30;14.0;21.0;24.0;27.0;719.0;34.0;2.0;14.0;21.0;545.0;34.0;0.0;34.0;894.0;37.0;55.0;4;4;4;5;4;4;5;0;0;0;0;0;0;0;0;0;1;0;0;1;0;0;0;0.0;0.0;0.0;0.0;0.0;0.0;0.0;0.0;1.0;0.0;0.0;0.0;0.0;0.0;0.0;0.0;0.0;0.0;0.0;0.0;0.0;0.0;0.0;0.0;0.0;0.0;0.0;0.0;0.0;0.0;0.0;0.0;0.0;0.0;0.0;4.0;3.0;0.0;0.0;3.0;3.0;0;0;0;0;ASSIS CHATEAUBRIAND;REGIÃO OESTE;82
9393.0;2021-12-31;14.0;22.0;26.0;28.0;806.0;36.0;1.0;14.0;23.0;598.0;36.0;0.0;36.0;1013.0;34.0;45.0;4;5;5;4;5;4;4;0;0;1;0;0;0;0;0;0;0;0;0;1;0;0;0;0.0;0.0;0.0;0.0;0.0;0.0;0.0;0.0;1.0;0.0;0.0;0.0;0.0;0.0;0.0;0.0;0.0;0.0;0.0;0.0;0.0;0.0;0.0;0.0;0.0;0.0;0.0;0.0;0.0;0.0;0.0;0.0;0.0;0.0;0.0;4.0;3.0;0.0;0.0;3.0;3.0;0;0;0;0;ASSIS CHATEAUBRIAND;REGIÃO OESTE;83
5952.0;2022-01-31;17.0;23.0;27.0;31.0;824.0;37.0;6.0;17.0;24.0;646.0;37.0;0.0;37.0;1001.0;41.0;184.0;5;4;4;5;4;5;4;0;0;0;0;1;0;0;0;0;0;0;0;0;1;0;0;0.0;0.0;0.0;0.0;0.0;0.0;0.0;0.0;1.0;0.0;0.0;0.0;0.0;0.0;0.0;0.0;0.0;0.0;0.0;0.0;0.0;0.0;0.0;0.0;0.0;0.0;0.0;0.0;0.0;0.0;0.0;0.0;0.0;0.0;0.0;4.0;3.0;0.0;0.0;3.0;3.0;31;0;0;0;ASSIS CHATEAUBRIAND;REGIÃO OESTE;84
5068.0;2022-02-28;14.0;21.0;26.0;29.0;724.0;35.0;8.0;14.0;23.0;548.0;35.0;0.0;35.0;899.0;75.0;210.0;4;4;4;4;4;4;4;0;0;0;1;0;0;0;0;0;0;0;0;0;1;0;0;0.0;0.0;0.0;0.0;0.0;0.0;0.0;0.0;1.0;0.0;0.0;0.0;0.0;0.0;0.0;0.0;0.0;0.0;0.0;0.0;0.0;0.0;0.0;0.0;0.0;0.0;0.0;0.0;0.0;0.0;0.0;0.0;0.0;0.0;0.0;4.0;3.0;0.0;0.0;3.0;3.0;0;1;0;0;ASSIS CHATEAUBRIAND;REGIÃO OESTE;85
7812.0;2022-03-31;11.0;16.0;23.0;28.0;723.0;34.0;7.0;11.0;23.0;570.0;34.0;0.0;34.0;877.0;84.0;230.0;4;5;5;4;4;4;5;0;0;0;0;0;0;0;0;1;0;0;0;0;1;0;0;0.0;0.0;0.0;0.0;0.0;0.0;0.0;0.0;1.0;0.0;0.0;0.0;0.0;0.0;0.0;0.0;0.0;0.0;0.0;0.0;0.0;0.0;0.0;0.0;0.0;0.0;0.0;0.0;0.0;0.0;0.0;0.0;0.0;0.0;0.0;4.0;3.0;0.0;0.0;3.0;3.0;0;1;0;0;ASSIS CHATEAUBRIAND;REGIÃO OESTE;86
9120.0;2022-04-30;8.0;16.0;21.0;26.0;628.0;31.0;12.0;8.0;21.0;483.0;31.0;0.0;31.0;772.0;115.0;366.0;4;4;4;4;5;5;4;1;0;0;0;0;0;0;0;0;0;0;0;0;1;0;0;0.0;0.0;0.0;0.0;0.0;0.0;0.0;0.0;1.0;0.0;0.0;0.0;0.0;0.0;0.0;0.0;0.0;0.0;0.0;0.0;0.0;0.0;0.0;0.0;0.0;0.0;0.0;0.0;0.0;0.0;0.0;0.0;0.0;0.0;0.0;4.0;3.0;0.0;0.0;3.0;3.0;0;1;0;0;ASSIS CHATEAUBRIAND;REGIÃO OESTE;87
7037.0;2022-05-31;4.0;9.0;16.0;23.0;496.0;27.0;5.0;4.0;18.0;362.0;27.0;0.0;27.0;629.0;57.0;168.0;5;4;4;5;4;4;5;0;0;0;0;0;0;0;1;0;0;0;0;0;1;0;0;0.0;0.0;0.0;0.0;0.0;0.0;0.0;0.0;1.0;0.0;0.0;0.0;0.0;0.0;0.0;0.0;0.0;0.0;0.0;0.0;0.0;0.0;0.0;0.0;0.0;0.0;0.0;0.0;0.0;0.0;0.0;0.0;0.0;0.0;0.0;4.0;3.0;0.0;0.0;3.0;3.0;0;0;0;0;ASSIS CHATEAUBRIAND;REGIÃO OESTE;88
6540.0;2022-06-30;1.0;7.0;16.0;22.0;466.0;28.0;5.0;1.0;16.0;324.0;28.0;0.0;28.0;607.0;60.0;156.0;4;5;5;4;4;4;4;0;0;0;0;0;0;1;0;0;0;0;0;0;1;0;0;0.0;0.0;0.0;0.0;0.0;0.0;0.0;0.0;1.0;0.0;0.0;0.0;0.0;0.0;0.0;0.0;0.0;0.0;0.0;0.0;0.0;0.0;0.0;0.0;0.0;0.0;0.0;0.0;0.0;0.0;0.0;0.0;0.0;0.0;0.0;4.0;3.0;0.0;0.0;3.0;3.0;0;1;0;0;ASSIS CHATEAUBRIAND;REGIÃO OESTE;89
6572.0;2022-07-31;4.0;11.0;20.0;23.0;610.0;29.0;1.0;4.0;18.0;428.0;29.0;0.0;29.0;791.0;7.0;18.0;5;4;4;4;5;5;4;0;0;0;0;0;1;0;0;0;0;0;0;0;1;0;0;0.0;0.0;0.0;0.0;0.0;0.0;0.0;0.0;1.0;0.0;0.0;0.0;0.0;0.0;0.0;0.0;0.0;0.0;0.0;0.0;0.0;0.0;0.0;0.0;0.0;0.0;0.0;0.0;0.0;0.0;0.0;0.0;0.0;0.0;0.0;4.0;3.0;0.0;0.0;3.0;3.0;0;0;0;0;ASSIS CHATEAUBRIAND;REGIÃO OESTE;90
5921.0;2022-08-31;2.0;8.0;17.0;25.0;535.0;31.0;9.0;2.0;19.0;365.0;31.0;0.0;31.0;704.0;84.0;266.0;4;5;4;5;4;4;5;0;1;0;0;0;0;0;0;0;0;0;0;0;1;0;0;0.0;0.0;0.0;0.0;0.0;0.0;0.0;0.0;1.0;0.0;0.0;0.0;0.0;0.0;0.0;0.0;0.0;0.0;0.0;0.0;0.0;0.0;0.0;0.0;0.0;0.0;0.0;0.0;0.0;0.0;0.0;0.0;0.0;0.0;0.0;4.0;3.0;0.0;0.0;3.0;3.0;0;0;0;0;ASSIS CHATEAUBRIAND;REGIÃO OESTE;91
8370.0;2022-09-30;6.0;12.0;17.0;25.0;518.0;31.0;16.0;6.0;20.0;386.0;31.0;0.0;31.0;650.0;94.0;490.0;4;4;5;4;5;4;4;0;0;0;0;0;0;0;0;0;0;0;1;0;1;0;0;0.0;0.0;0.0;0.0;0.0;0.0;0.0;0.0;1.0;0.0;0.0;0.0;0.0;0.0;0.0;0.0;0.0;0.0;0.0;0.0;0.0;0.0;0.0;0.0;0.0;0.0;0.0;0.0;0.0;0.0;0.0;0.0;0.0;0.0;0.0;4.0;3.0;0.0;0.0;3.0;3.0;0;0;0;0;ASSIS CHATEAUBRIAND;REGIÃO OESTE;92
8339.0;2022-10-31;11.0;14.0;20.0;25.0;616.0;32.0;13.0;11.0;20.0;472.0;32.0;0.0;32.0;761.0;126.0;399.0;5;4;4;5;4;5;4;0;0;0;0;0;0;0;0;0;0;1;0;0;1;0;0;0.0;0.0;0.0;0.0;0.0;0.0;0.0;0.0;1.0;0.0;0.0;0.0;0.0;0.0;0.0;0.0;0.0;0.0;0.0;0.0;0.0;0.0;0.0;0.0;0.0;0.0;0.0;0.0;0.0;0.0;0.0;0.0;0.0;0.0;0.0;4.0;3.0;0.0;0.0;3.0;3.0;0;0;0;0;ASSIS CHATEAUBRIAND;REGIÃO OESTE;93
8670.0;2022-11-30;5.0;12.0;20.0;25.0;614.0;32.0;4.0;5.0;21.0;416.0;32.0;0.0;32.0;813.0;58.0;117.0;4;5;4;4;4;4;5;0;0;0;0;0;0;0;0;0;1;0;0;0;1;0;0;0.0;0.0;0.0;0.0;0.0;0.0;0.0;0.0;1.0;0.0;0.0;0.0;0.0;0.0;0.0;0.0;0.0;0.0;0.0;0.0;0.0;0.0;0.0;0.0;0.0;0.0;0.0;0.0;0.0;0.0;0.0;0.0;0.0;0.0;0.0;4.0;3.0;0.0;0.0;3.0;3.0;0;0;0;0;ASSIS CHATEAUBRIAND;REGIÃO OESTE;94
8587.0;2022-12-31;11.0;20.0;24.0;28.0;755.0;34.0;4.0;11.0;23.0;567.0;34.0;0.0;34.0;944.0;51.0;136.0;4;4;5;4;5;5;4;0;0;1;0;0;0;0;0;0;0;0;0;0;1;0;0;0.0;0.0;0.0;0.0;0.0;0.0;0.0;0.0;1.0;0.0;0.0;0.0;0.0;0.0;0.0;0.0;0.0;0.0;0.0;0.0;0.0;0.0;0.0;0.0;0.0;0.0;0.0;0.0;0.0;0.0;0.0;0.0;0.0;0.0;0.0;4.0;3.0;0.0;0.0;3.0;3.0;0;0;0;0;ASSIS CHATEAUBRIAND;REGIÃO OESTE;95
3193.0;2023-01-31;16.0;20.0;24.0;28.0;748.0;34.0;9.0;16.0;21.0;588.0;34.0;0.0;34.0;908.0;88.0;294.0;5;4;4;5;4;4;5;0;0;0;0;1;0;0;0;0;0;0;0;0;0;1;0;0.0;0.0;0.0;0.0;0.0;0.0;0.0;0.0;1.0;0.0;0.0;0.0;0.0;0.0;0.0;0.0;0.0;0.0;0.0;0.0;0.0;0.0;0.0;0.0;0.0;0.0;0.0;0.0;0.0;0.0;0.0;0.0;0.0;0.0;0.0;3.0;3.0;0.0;0.0;3.0;3.0;31;0;0;0;ASSIS CHATEAUBRIAND;REGIÃO OESTE;96
9744.0;2023-02-28;10.0;16.0;23.0;26.0;647.0;32.0;18.0;10.0;21.0;513.0;32.0;0.0;32.0;781.0;104.0;510.0;4;4;4;4;4;4;4;0;0;0;1;0;0;0;0;0;0;0;0;0;0;1;0;0.0;0.0;0.0;0.0;0.0;0.0;0.0;0.0;1.0;0.0;0.0;0.0;0.0;0.0;0.0;0.0;0.0;0.0;0.0;0.0;0.0;0.0;0.0;0.0;0.0;0.0;0.0;0.0;0.0;0.0;0.0;0.0;0.0;0.0;0.0;3.75;3.2142857142857144;0.0;0.0;3.0;3.0;0;3;0;0;ASSIS CHATEAUBRIAND;REGIÃO OESTE;97
17143.0;2023-03-31;15.0;21.0;24.0;27.0;747.0;33.0;6.0;15.0;21.0;597.0;33.0;0.0;33.0;896.0;36.0;179.0;4;5;5;4;5;4;4;0;0;0;0;0;0;0;0;1;0;0;0;0;0;1;0;0.0;0.0;0.0;0.0;0.0;0.0;0.0;0.0;1.0;0.0;0.0;0.0;0.0;0.0;0.0;0.0;0.0;0.0;0.0;0.0;0.0;0.0;0.0;0.0;0.0;0.0;0.0;0.0;0.0;0.0;0.0;0.0;0.0;0.0;0.0;4.0;4.0;0.0;0.0;3.0;3.0;0;0;0;0;ASSIS CHATEAUBRIAND;REGIÃO OESTE;98
9930.0;2023-04-30;11.0;16.0;21.0;25.0;629.0;31.0;5.0;11.0;20.0;483.0;31.0;0.0;31.0;774.0;37.0;140.0;5;4;4;4;4;5;4;1;0;0;0;0;0;0;0;0;0;0;0;0;0;1;0;0.0;0.0;0.0;0.0;0.0;0.0;0.0;0.0;1.0;0.0;0.0;0.0;0.0;0.0;0.0;0.0;0.0;0.0;0.0;0.0;0.0;0.0;0.0;0.0;0.0;0.0;0.0;0.0;0.0;0.0;0.0;0.0;0.0;0.0;0.0;4.0;4.0;0.0;0.0;3.0;3.0;0;1;0;0;ASSIS CHATEAUBRIAND;REGIÃO OESTE;99
9362.0;2023-05-31;7.0;14.0;19.0;24.0;586.0;28.0;7.0;7.0;19.0;435.0;28.0;0.0;28.0;737.0;72.0;228.0;4;5;4;5;4;4;5;0;0;0;0;0;0;0;1;0;0;0;0;0;0;1;0;0.0;0.0;0.0;0.0;0.0;0.0;0.0;0.0;1.0;0.0;0.0;0.0;0.0;0.0;0.0;0.0;0.0;0.0;0.0;0.0;0.0;0.0;0.0;0.0;0.0;0.0;0.0;0.0;0.0;0.0;0.0;0.0;0.0;0.0;0.0;4.0;4.0;0.0;0.0;3.0;3.0;0;0;0;0;ASSIS CHATEAUBRIAND;REGIÃO OESTE;100
7650.0;2023-06-30;6.0;8.0;17.0;21.0;501.0;27.0;1.0;6.0;16.0;346.0;27.0;0.0;27.0;655.0;10.0;35.0;4;4;5;4;5;4;4;0;0;0;0;0;0;1;0;0;0;0;0;0;0;1;0;0.0;0.0;0.0;0.0;0.0;0.0;0.0;0.0;1.0;0.0;0.0;0.0;0.0;0.0;0.0;0.0;0.0;0.0;0.0;0.0;0.0;0.0;0.0;0.0;0.0;0.0;0.0;0.0;0.0;0.0;0.0;0.0;0.0;0.0;0.0;4.0;4.0;0.0;0.0;3.0;3.0;0;1;0;0;ASSIS CHATEAUBRIAND;REGIÃO OESTE;101
5084.0;2023-07-31;5.0;10.0;18.0;24.0;562.0;29.0;5.0;5.0;19.0;410.0;29.0;0.0;29.0;714.0;46.0;146.0;5;4;4;5;4;5;4;0;0;0;0;0;1;0;0;0;0;0;0;0;0;1;0;0.0;0.0;0.0;0.0;0.0;0.0;0.0;0.0;1.0;0.0;0.0;0.0;0.0;0.0;0.0;0.0;0.0;0.0;0.0;0.0;0.0;0.0;0.0;0.0;0.0;0.0;0.0;0.0;0.0;0.0;0.0;0.0;0.0;0.0;0.0;4.0;4.0;0.0;0.0;3.0;3.0;15;0;0;0;ASSIS CHATEAUBRIAND;REGIÃO OESTE;102
10757.0;2023-08-31;9.0;14.0;20.0;27.0;625.0;33.0;8.0;9.0;21.0;456.0;33.0;0.0;33.0;794.0;120.0;250.0;4;5;5;4;4;4;5;0;1;0;0;0;0;0;0;0;0;0;0;0;0;1;0;0.0;0.0;0.0;0.0;0.0;0.0;0.0;0.0;1.0;0.0;0.0;0.0;0.0;0.0;0.0;0.0;0.0;0.0;0.0;0.0;0.0;0.0;0.0;0.0;0.0;0.0;0.0;0.0;0.0;0.0;0.0;0.0;0.0;0.0;0.0;4.0;4.0;0.0;0.0;3.0;3.0;0;0;0;0;ASSIS CHATEAUBRIAND;REGIÃO OESTE;103
13380.0;2023-09-30;7.0;14.0;23.0;30.0;684.0;36.0;6.0;7.0;25.0;522.0;36.0;0.0;36.0;846.0;79.0;167.0;4;4;4;4;5;5;4;0;0;0;0;0;0;0;0;0;0;0;1;0;0;1;0;0.0;0.0;0.0;0.0;0.0;0.0;0.0;0.0;1.0;0.0;0.0;0.0;0.0;0.0;0.0;0.0;0.0;0.0;0.0;0.0;0.0;0.0;0.0;0.0;0.0;0.0;0.0;0.0;0.0;0.0;0.0;0.0;0.0;0.0;0.0;4.0;4.0;0.0;0.0;3.0;3.0;0;0;0;0;ASSIS CHATEAUBRIAND;REGIÃO OESTE;104
13888.0;2023-10-31;11.0;17.0;23.0;29.0;708.0;36.0;9.0;11.0;22.0;561.0;36.0;0.0;36.0;855.0;108.0;291.0;5;4;4;5;4;4;5;0;0;0;0;0;0;0;0;0;0;1;0;0;0;1;0;0.0;0.0;0.0;0.0;0.0;0.0;0.0;0.0;1.0;0.0;0.0;0.0;0.0;0.0;0.0;0.0;0.0;0.0;0.0;0.0;0.0;0.0;0.0;0.0;0.0;0.0;0.0;0.0;0.0;0.0;0.0;0.0;0.0;0.0;0.0;4.0;4.0;0.0;0.0;3.0;3.0;0;0;0;0;ASSIS CHATEAUBRIAND;REGIÃO OESTE;105
13590.0;2023-11-30;10.0;15.0;24.0;30.0;706.0;35.0;9.0;10.0;26.0;582.0;35.0;0.0;35.0;830.0;64.0;263.0;4;5;5;4;4;4;4;0;0;0;0;0;0;0;0;0;1;0;0;0;0;1;0;0.0;0.0;0.0;0.0;0.0;0.0;0.0;0.0;1.0;0.0;0.0;0.0;0.0;0.0;0.0;0.0;0.0;0.0;0.0;0.0;0.0;0.0;0.0;0.0;0.0;0.0;0.0;0.0;0.0;0.0;0.0;0.0;0.0;0.0;0.0;4.0;4.0;0.0;0.0;3.0;3.0;0;0;0;0;ASSIS CHATEAUBRIAND;REGIÃO OESTE;106
8835.0;2023-12-31;17.0;20.0;25.0;29.0;778.0;35.0;5.0;17.0;23.0;636.0;35.0;0.0;35.0;920.0;32.0;168.0;5;4;4;4;5;5;4;0;0;1;0;0;0;0;0;0;0;0;0;0;0;1;0;0.0;0.0;0.0;0.0;0.0;0.0;0.0;0.0;1.0;0.0;0.0;0.0;0.0;0.0;0.0;0.0;0.0;0.0;0.0;0.0;0.0;0.0;0.0;0.0;0.0;0.0;0.0;0.0;0.0;0.0;0.0;0.0;0.0;0.0;0.0;4.0;4.0;0.0;0.0;3.0;3.0;0;0;0;0;ASSIS CHATEAUBRIAND;REGIÃO OESTE;107
4371.0;2024-01-31;15.0;21.0;25.0;29.0;780.0;35.0;7.0;15.0;23.0;617.0;35.0;0.0;35.0;943.0;52.0;206.0;4;5;4;5;4;4;5;0;0;0;0;1;0;0;0;0;0;0;0;0;0;0;1;0.0;0.0;0.0;0.0;0.0;0.0;0.0;0.0;1.0;0.0;0.0;0.0;0.0;0.0;0.0;0.0;0.0;0.0;0.0;0.0;0.0;0.0;0.0;0.0;0.0;0.0;0.0;0.0;0.0;0.0;0.0;0.0;0.0;0.0;0.0;4.0;4.0;0.0;0.0;3.0;3.0;31;0;0;0;ASSIS CHATEAUBRIAND;REGIÃO OESTE;108
12035.0;2024-02-29;18.0;23.0;26.0;29.0;761.0;36.0;4.0;18.0;23.0;605.0;36.0;0.0;36.0;917.0;33.0;103.0;4;4;5;4;4;4;4;0;0;0;1;0;0;0;0;0;0;0;0;0;0;0;1;0.0;0.0;0.0;0.0;0.0;0.0;0.0;0.0;1.0;0.0;0.0;0.0;0.0;0.0;0.0;0.0;0.0;0.0;0.0;0.0;0.0;0.0;0.0;0.0;0.0;0.0;0.0;0.0;0.0;0.0;0.0;0.0;0.0;0.0;0.0;4.0;4.0;0.0;0.0;3.0;3.0;0;3;0;0;ASSIS CHATEAUBRIAND;REGIÃO OESTE;109
19778.0;2024-03-31;17.0;22.0;26.0;29.0;798.0;36.0;1.0;17.0;24.0;642.0;36.0;0.0;36.0;953.0;10.0;27.0;5;4;4;4;5;5;4;0;0;0;0;0;0;0;0;1;0;0;0;0;0;0;1;0.0;0.0;0.0;0.0;0.0;0.0;0.0;0.0;1.0;0.0;0.0;0.0;0.0;0.0;0.0;0.0;0.0;0.0;0.0;0.0;0.0;0.0;0.0;0.0;0.0;0.0;0.0;0.0;0.0;0.0;0.0;0.0;0.0;0.0;0.0;4.0;4.0;0.0;0.0;3.0;3.0;0;1;0;0;ASSIS CHATEAUBRIAND;REGIÃO OESTE;110
15000.0;2024-04-30;12.0;19.0;24.0;28.0;717.0;34.0;2.0;12.0;23.0;577.0;34.0;0.0;34.0;858.0;26.0;74.0;4;4;4;5;4;4;5;1;0;0;0;0;0;0;0;0;0;0;0;0;0;0;1;0.0;0.0;0.0;0.0;0.0;0.0;0.0;0.0;1.0;0.0;0.0;0.0;0.0;0.0;0.0;0.0;0.0;0.0;0.0;0.0;0.0;0.0;0.0;0.0;0.0;0.0;0.0;0.0;0.0;0.0;0.0;0.0;0.0;0.0;0.0;4.0;4.0;0.0;0.0;3.0;3.0;0;0;0;0;ASSIS CHATEAUBRIAND;REGIÃO OESTE;111
4991.0;2024-05-31;5.0;10.0;19.0;28.0;581.0;32.0;2.0;5.0;24.0;452.0;32.0;0.0;32.0;709.0;35.0;77.0;4;5;5;4;5;4;4;0;0;0;0;0;0;0;1;0;0;0;0;0;0;0;1;0.0;0.0;0.0;0.0;0.0;0.0;0.0;0.0;1.0;0.0;0.0;0.0;0.0;0.0;0.0;0.0;0.0;0.0;0.0;0.0;0.0;0.0;0.0;0.0;0.0;0.0;0.0;0.0;0.0;0.0;0.0;0.0;0.0;0.0;0.0;4.0;4.0;0.0;0.0;3.0;3.0;0;1;0;30;ASSIS CHATEAUBRIAND;REGIÃO OESTE;112
3780.0;2024-06-30;3.0;9.0;20.0;25.0;612.0;30.0;0.0;3.0;22.0;461.0;30.0;0.0;30.0;763.0;1.0;6.0;5;4;4;4;4;5;4;0;0;0;0;0;0;1;0;0;0;0;0;0;0;0;1;0.0;0.0;0.0;0.0;0.0;0.0;0.0;0.0;1.0;0.0;0.0;0.0;0.0;0.0;0.0;0.0;0.0;0.0;0.0;0.0;0.0;0.0;0.0;0.0;0.0;0.0;0.0;0.0;0.0;0.0;0.0;0.0;0.0;0.0;0.0;4.0;4.0;0.0;0.0;3.0;3.0;0;0;0;30;ASSIS CHATEAUBRIAND;REGIÃO OESTE;113
8060.0;2024-07-31;4.0;7.0;16.0;22.0;492.0;28.0;5.0;4.0;18.0;351.0;28.0;0.0;28.0;633.0;55.0;155.0;4;5;4;5;4;4;5;0;0;0;0;0;1;0;0;0;0;0;0;0;0;0;1;0.0;0.0;0.0;0.0;0.0;0.0;0.0;0.0;1.0;0.0;0.0;0.0;0.0;0.0;0.0;0.0;0.0;0.0;0.0;0.0;0.0;0.0;0.0;0.0;0.0;0.0;0.0;0.0;0.0;0.0;0.0;0.0;0.0;0.0;0.0;4.0;4.0;0.0;0.0;3.0;3.0;12;0;0;0;ASSIS CHATEAUBRIAND;REGIÃO OESTE;114
9238.0;2024-08-31;2.0;9.0;19.0;27.0;578.0;34.0;1.0;2.0;20.0;394.0;34.0;0.0;34.0;763.0;15.0;36.0;4;4;5;4;5;5;4;0;1;0;0;0;0;0;0;0;0;0;0;0;0;0;1;0.0;0.0;0.0;0.0;0.0;0.0;0.0;0.0;1.0;0.0;0.0;0.0;0.0;0.0;0.0;0.0;0.0;0.0;0.0;0.0;0.0;0.0;0.0;0.0;0.0;0.0;0.0;0.0;0.0;0.0;0.0;0.0;0.0;0.0;0.0;4.0;4.0;0.0;0.0;3.0;3.0;0;0;0;0;ASSIS CHATEAUBRIAND;REGIÃO OESTE;115
13950.0;2024-09-30;10.0;16.0;22.0;29.0;670.0;36.0;1.0;10.0;21.0;488.0;36.0;0.0;36.0;853.0;22.0;42.0;5;4;4;5;4;4;4;0;0;0;0;0;0;0;0;0;0;0;1;0;0;0;1;0.0;0.0;0.0;0.0;0.0;0.0;0.0;0.0;1.0;0.0;0.0;0.0;0.0;0.0;0.0;0.0;0.0;0.0;0.0;0.0;0.0;0.0;0.0;0.0;0.0;0.0;0.0;0.0;0.0;0.0;0.0;0.0;0.0;0.0;0.0;4.0;4.0;0.0;0.0;3.0;3.0;0;0;0;0;ASSIS CHATEAUBRIAND;REGIÃO OESTE;116
18538.0;2024-10-31;13.0;20.0;24.0;28.0;737.0;36.0;2.0;13.0;24.0;567.0;36.0;0.0;36.0;906.0;13.0;52.0;4;5;5;4;4;4;5;0;0;0;0;0;0;0;0;0;0;1;0;0;0;0;1;0.0;0.0;0.0;0.0;0.0;0.0;0.0;0.0;1.0;0.0;0.0;0.0;0.0;0.0;0.0;0.0;0.0;0.0;0.0;0.0;0.0;0.0;0.0;0.0;0.0;0.0;0.0;0.0;0.0;0.0;0.0;0.0;0.0;0.0;0.0;4.0;4.0;0.0;0.0;3.0;3.0;0;0;0;0;ASSIS CHATEAUBRIAND;REGIÃO OESTE;117
3207.0;2017-09-30;16.0;21.0;25.0;28.0;760.0;35.0;1.0;16.0;22.0;563.0;35.0;0.0;35.0;956.0;28.0;44.0;4;4;4;4;5;5;4;0;0;0;0;0;0;0;0;0;0;0;1;0;0;0;0;0.0;0.0;1.0;0.0;0.0;0.0;0.0;0.0;0.0;1.0;0.0;0.0;0.0;0.0;0.0;0.0;0.0;0.0;0.0;0.0;0.0;0.0;0.0;0.0;0.0;0.0;0.0;0.0;0.0;0.0;0.0;0.0;0.0;0.0;0.0;1.0;0.0;0.0;0.0;0.0;0.0;0;0;0;0;ASTORGA;REGIÃO NORTE;1
3699.0;2017-10-31;12.0;19.0;24.0;31.0;745.0;37.0;11.0;12.0;24.0;583.0;37.0;0.0;37.0;907.0;97.0;354.0;5;4;4;5;4;4;5;0;0;0;0;0;0;0;0;0;0;1;0;0;0;0;0;0.0;0.0;1.0;0.0;0.0;0.0;0.0;0.0;0.0;1.0;0.0;0.0;0.0;0.0;0.0;0.0;0.0;0.0;0.0;0.0;0.0;0.0;0.0;0.0;0.0;0.0;0.0;0.0;0.0;0.0;0.0;0.0;0.0;0.0;0.0;1.0;0.0;0.0;0.0;0.0;0.0;0;0;0;0;ASTORGA;REGIÃO NORTE;2
4284.0;2017-11-30;15.0;20.0;24.0;29.0;732.0;36.0;4.0;15.0;23.0;584.0;36.0;0.0;36.0;880.0;41.0;130.0;4;5;5;4;4;4;4;0;0;0;0;0;0;0;0;0;1;0;0;0;0;0;0;0.0;0.0;1.0;0.0;0.0;0.0;0.0;0.0;0.0;1.0;0.0;0.0;0.0;0.0;0.0;0.0;0.0;0.0;0.0;0.0;0.0;0.0;0.0;0.0;0.0;0.0;0.0;0.0;0.0;0.0;0.0;0.0;0.0;0.0;0.0;1.0;0.0;0.0;0.0;0.0;0.0;0;0;0;0;ASTORGA;REGIÃO NORTE;3
3242.0;2017-12-31;18.0;22.0;26.0;30.0;796.0;35.0;4.0;18.0;25.0;665.0;35.0;0.0;35.0;927.0;25.0;114.0;5;4;4;4;5;5;4;0;0;1;0;0;0;0;0;0;0;0;0;0;0;0;0;0.0;0.0;1.0;0.0;0.0;0.0;0.0;0.0;0.0;1.0;0.0;0.0;0.0;0.0;0.0;0.0;0.0;0.0;0.0;0.0;0.0;0.0;0.0;0.0;0.0;0.0;0.0;0.0;0.0;0.0;0.0;0.0;0.0;0.0;0.0;1.0;0.0;0.0;0.0;0.0;0.0;0;0;0;0;ASTORGA;REGIÃO NORTE;4
2952.0;2018-01-31;19.0;20.0;25.0;30.0;790.0;35.0;9.0;19.0;25.0;666.0;35.0;0.0;35.0;914.0;56.0;278.0;4;5;4;5;4;4;5;0;0;0;0;1;0;0;0;0;0;0;0;0;0;0;0;0.0;0.0;0.0;1.0;0.0;0.0;0.0;0.0;0.0;1.0;0.0;0.0;0.0;0.0;0.0;0.0;0.0;0.0;0.0;0.0;0.0;0.0;0.0;0.0;0.0;0.0;0.0;0.0;0.0;0.0;0.0;0.0;0.0;0.0;0.0;1.0;0.0;0.0;0.0;0.0;0.0;31;0;0;0;ASTORGA;REGIÃO NORTE;5
3551.0;2018-02-28;18.0;22.0;25.0;28.0;696.0;34.0;3.0;18.0;22.0;562.0;34.0;0.0;34.0;831.0;25.0;71.0;4;4;4;4;4;4;4;0;0;0;1;0;0;0;0;0;0;0;0;0;0;0;0;0.0;0.0;0.0;1.0;0.0;0.0;0.0;0.0;0.0;1.0;0.0;0.0;0.0;0.0;0.0;0.0;0.0;0.0;0.0;0.0;0.0;0.0;0.0;0.0;0.0;0.0;0.0;0.0;0.0;0.0;0.0;0.0;0.0;0.0;0.0;1.0;0.0;0.0;0.0;0.0;0.0;0;3;0;0;ASTORGA;REGIÃO NORTE;6
4538.0;2018-03-31;19.0;22.0;26.0;29.0;812.0;34.0;5.0;19.0;24.0;679.0;34.0;0.0;34.0;943.0;22.0;148.0;4;4;5;4;5;5;4;0;0;0;0;0;0;0;0;1;0;0;0;0;0;0;0;0.0;0.0;0.0;1.0;0.0;0.0;0.0;0.0;0.0;1.0;0.0;0.0;0.0;0.0;0.0;0.0;0.0;0.0;0.0;0.0;0.0;0.0;0.0;0.0;0.0;0.0;0.0;0.0;0.0;0.0;0.0;0.0;0.0;0.0;0.0;1.0;0.0;0.0;0.0;0.0;0.0;0;1;0;0;ASTORGA;REGIÃO NORTE;7
4596.0;2018-04-30;16.0;22.0;24.0;27.0;734.0;32.0;0.0;16.0;24.0;581.0;32.0;0.0;32.0;888.0;7.0;13.0;5;4;4;5;4;4;4;1;0;0;0;0;0;0;0;0;0;0;0;0;0;0;0;0.0;0.0;0.0;1.0;0.0;0.0;0.0;0.0;0.0;1.0;0.0;0.0;0.0;0.0;0.0;0.0;0.0;0.0;0.0;0.0;0.0;0.0;0.0;0.0;0.0;0.0;0.0;0.0;0.0;0.0;0.0;0.0;0.0;0.0;0.0;1.0;0.0;0.0;0.0;0.0;0.0;0;0;0;0;ASTORGA;REGIÃO NORTE;8
4827.0;2018-05-31;7.0;14.0;21.0;25.0;655.0;31.0;2.0;7.0;20.0;495.0;31.0;0.0;31.0;815.0;29.0;59.0;4;5;5;4;4;4;5;0;0;0;0;0;0;0;1;0;0;0;0;0;0;0;0;0.0;0.0;0.0;1.0;0.0;0.0;0.0;0.0;0.0;1.0;0.0;0.0;0.0;0.0;0.0;0.0;0.0;0.0;0.0;0.0;0.0;0.0;0.0;0.0;0.0;0.0;0.0;0.0;0.0;0.0;0.0;0.0;0.0;0.0;0.0;1.0;0.0;0.0;0.0;0.0;0.0;0;1;0;0;ASTORGA;REGIÃO NORTE;9
5058.0;2018-06-30;10.0;15.0;20.0;25.0;610.0;30.0;2.0;10.0;22.0;487.0;30.0;0.0;30.0;732.0;33.0;56.0;4;4;4;4;5;5;4;0;0;0;0;0;0;1;0;0;0;0;0;0;0;0;0;0.0;0.0;0.0;1.0;0.0;0.0;0.0;0.0;0.0;1.0;0.0;0.0;0.0;0.0;0.0;0.0;0.0;0.0;0.0;0.0;0.0;0.0;0.0;0.0;0.0;0.0;0.0;0.0;0.0;0.0;0.0;0.0;0.0;0.0;0.0;1.0;0.0;0.0;0.0;0.0;0.0;0;0;0;0;ASTORGA;REGIÃO NORTE;10
4954.0;2018-07-31;7.0;14.0;21.0;25.0;660.0;31.0;0.0;7.0;19.0;473.0;31.0;0.0;31.0;846.0;8.0;9.0;5;4;4;5;4;4;5;0;0;0;0;0;1;0;0;0;0;0;0;0;0;0;0;0.0;0.0;0.0;1.0;0.0;0.0;0.0;0.0;0.0;1.0;0.0;0.0;0.0;0.0;0.0;0.0;0.0;0.0;0.0;0.0;0.0;0.0;0.0;0.0;0.0;0.0;0.0;0.0;0.0;0.0;0.0;0.0;0.0;0.0;0.0;1.0;0.0;0.0;0.0;0.0;0.0;16;0;0;0;ASTORGA;REGIÃO NORTE;11
5148.0;2018-08-31;8.0;13.0;19.0;25.0;592.0;33.0;16.0;8.0;19.0;442.0;33.0;0.0;33.0;741.0;141.0;497.0;4;5;5;4;5;4;4;0;1;0;0;0;0;0;0;0;0;0;0;0;0;0;0;0.0;0.0;0.0;1.0;0.0;0.0;0.0;0.0;0.0;1.0;0.0;0.0;0.0;0.0;0.0;0.0;0.0;0.0;0.0;0.0;0.0;0.0;0.0;0.0;0.0;0.0;0.0;0.0;0.0;0.0;0.0;0.0;0.0;0.0;0.0;1.0;0.0;0.0;0.0;0.0;0.0;0;0;0;0;ASTORGA;REGIÃO NORTE;12
5046.0;2018-09-30;11.0;15.0;22.0;28.0;673.0;35.0;6.0;11.0;23.0;517.0;35.0;0.0;35.0;829.0;53.0;194.0;5;4;4;4;4;5;4;0;0;0;0;0;0;0;0;0;0;0;1;0;0;0;0;0.0;0.0;0.0;1.0;0.0;0.0;0.0;0.0;0.0;1.0;0.0;0.0;0.0;0.0;0.0;0.0;0.0;0.0;0.0;0.0;0.0;0.0;0.0;0.0;0.0;0.0;0.0;0.0;0.0;0.0;0.0;0.0;0.0;0.0;0.0;1.0;0.0;0.0;0.0;0.0;0.0;0;0;0;0;ASTORGA;REGIÃO NORTE;13
5023.0;2018-10-31;15.0;20.0;24.0;27.0;746.0;33.0;9.0;15.0;23.0;605.0;33.0;0.0;33.0;886.0;50.0;276.0;4;5;4;5;4;4;5;0;0;0;0;0;0;0;0;0;0;1;0;0;0;0;0;0.0;0.0;0.0;1.0;0.0;0.0;0.0;0.0;0.0;1.0;0.0;0.0;0.0;0.0;0.0;0.0;0.0;0.0;0.0;0.0;0.0;0.0;0.0;0.0;0.0;0.0;0.0;0.0;0.0;0.0;0.0;0.0;0.0;0.0;0.0;1.0;0.0;0.0;0.0;0.0;0.0;0;0;0;0;ASTORGA;REGIÃO NORTE;14
4569.0;2018-11-30;16.0;20.0;25.0;31.0;757.0;35.0;4.0;16.0;28.0;609.0;35.0;0.0;35.0;905.0;45.0;132.0;4;4;5;4;5;4;4;0;0;0;0;0;0;0;0;0;1;0;0;0;0;0;0;0.0;0.0;0.0;1.0;0.0;0.0;0.0;0.0;0.0;1.0;0.0;0.0;0.0;0.0;0.0;0.0;0.0;0.0;0.0;0.0;0.0;0.0;0.0;0.0;0.0;0.0;0.0;0.0;0.0;0.0;0.0;0.0;0.0;0.0;0.0;1.0;0.0;0.0;0.0;0.0;0.0;0;0;0;0;ASTORGA;REGIÃO NORTE;15
3475.0;2018-12-31;15.0;22.0;27.0;29.0;832.0;35.0;2.0;15.0;25.0;676.0;35.0;0.0;35.0;988.0;13.0;57.0;5;4;4;5;4;5;4;0;0;1;0;0;0;0;0;0;0;0;0;0;0;0;0;0.0;0.0;0.0;1.0;0.0;0.0;0.0;0.0;0.0;1.0;0.0;0.0;0.0;0.0;0.0;0.0;0.0;0.0;0.0;0.0;0.0;0.0;0.0;0.0;0.0;0.0;0.0;0.0;0.0;0.0;0.0;0.0;0.0;0.0;0.0;1.0;0.0;0.0;0.0;0.0;0.0;0;0;0;0;ASTORGA;REGIÃO NORTE;16
3073.0;2019-01-31;21.0;25.0;28.0;31.0;877.0;37.0;3.0;21.0;28.0;741.0;37.0;0.0;37.0;1012.0;37.0;104.0;4;5;5;4;4;4;5;0;0;0;0;1;0;0;0;0;0;0;0;0;0;0;0;0.0;0.0;0.0;0.0;1.0;0.0;0.0;0.0;0.0;1.0;0.0;0.0;0.0;0.0;0.0;0.0;0.0;0.0;0.0;0.0;0.0;0.0;0.0;0.0;0.0;0.0;0.0;0.0;0.0;0.0;0.0;0.0;0.0;0.0;0.0;1.0;0.0;0.0;0.0;0.0;0.0;31;0;0;0;ASTORGA;REGIÃO NORTE;17
3408.0;2019-02-28;18.0;23.0;26.0;31.0;742.0;37.0;4.0;18.0;25.0;609.0;37.0;0.0;37.0;874.0;54.0;106.0;4;4;4;4;4;4;4;0;0;0;1;0;0;0;0;0;0;0;0;0;0;0;0;0.0;0.0;0.0;0.0;1.0;0.0;0.0;0.0;0.0;1.0;0.0;0.0;0.0;0.0;0.0;0.0;0.0;0.0;0.0;0.0;0.0;0.0;0.0;0.0;0.0;0.0;0.0;0.0;0.0;0.0;0.0;0.0;0.0;0.0;0.0;1.0;0.0;0.0;0.0;0.0;0.0;0;0;0;0;ASTORGA;REGIÃO NORTE;18
4950.0;2019-03-31;18.0;23.0;26.0;28.0;794.0;33.0;5.0;18.0;24.0;651.0;33.0;0.0;33.0;937.0;42.0;151.0;5;4;4;4;5;5;4;0;0;0;0;0;0;0;0;1;0;0;0;0;0;0;0;0.0;0.0;0.0;0.0;1.0;0.0;0.0;0.0;0.0;1.0;0.0;0.0;0.0;0.0;0.0;0.0;0.0;0.0;0.0;0.0;0.0;0.0;0.0;0.0;0.0;0.0;0.0;0.0;0.0;0.0;0.0;0.0;0.0;0.0;0.0;1.0;0.0;0.0;0.0;0.0;0.0;0;3;0;0;ASTORGA;REGIÃO NORTE;19
5172.0;2019-04-30;16.0;22.0;25.0;27.0;742.0;32.0;1.0;16.0;24.0;607.0;32.0;0.0;32.0;877.0;7.0;28.0;4;4;4;5;4;4;5;1;0;0;0;0;0;0;0;0;0;0;0;0;0;0;0;0.0;0.0;0.0;0.0;1.0;0.0;0.0;0.0;0.0;1.0;0.0;0.0;0.0;0.0;0.0;0.0;0.0;0.0;0.0;0.0;0.0;0.0;0.0;0.0;0.0;0.0;0.0;0.0;0.0;0.0;0.0;0.0;0.0;0.0;0.0;1.0;0.0;0.0;0.0;0.0;0.0;0;1;0;0;ASTORGA;REGIÃO NORTE;20
5231.0;2019-05-31;12.0;16.0;22.0;26.0;681.0;31.0;4.0;12.0;22.0;565.0;31.0;0.0;31.0;797.0;54.0;122.0;4;5;5;4;5;4;4;0;0;0;0;0;0;0;1;0;0;0;0;0;0;0;0;0.0;0.0;0.0;0.0;1.0;0.0;0.0;0.0;0.0;1.0;0.0;0.0;0.0;0.0;0.0;0.0;0.0;0.0;0.0;0.0;0.0;0.0;0.0;0.0;0.0;0.0;0.0;0.0;0.0;0.0;0.0;0.0;0.0;0.0;0.0;1.0;0.0;0.0;0.0;0.0;0.0;0;0;0;0;ASTORGA;REGIÃO NORTE;21
4758.0;2019-06-30;10.0;15.0;21.0;24.0;628.0;29.0;1.0;10.0;21.0;489.0;29.0;0.0;29.0;766.0;13.0;37.0;5;4;4;4;4;5;4;0;0;0;0;0;0;1;0;0;0;0;0;0;0;0;0;0.0;0.0;0.0;0.0;1.0;0.0;0.0;0.0;0.0;1.0;0.0;0.0;0.0;0.0;0.0;0.0;0.0;0.0;0.0;0.0;0.0;0.0;0.0;0.0;0.0;0.0;0.0;0.0;0.0;0.0;0.0;0.0;0.0;0.0;0.0;1.0;0.0;0.0;0.0;0.0;0.0;0;1;0;0;ASTORGA;REGIÃO NORTE;22
4805.0;2019-07-31;3.0;10.0;19.0;24.0;604.0;30.0;2.0;3.0;19.0;445.0;30.0;0.0;30.0;763.0;36.0;51.0;4;5;4;5;4;4;5;0;0;0;0;0;1;0;0;0;0;0;0;0;0;0;0;0.0;0.0;0.0;0.0;1.0;0.0;0.0;0.0;0.0;1.0;0.0;0.0;0.0;0.0;0.0;0.0;0.0;0.0;0.0;0.0;0.0;0.0;0.0;0.0;0.0;0.0;0.0;0.0;0.0;0.0;0.0;0.0;0.0;0.0;0.0;1.0;0.0;0.0;0.0;0.0;0.0;16;0;0;0;ASTORGA;REGIÃO NORTE;23
5223.0;2019-08-31;8.0;13.0;21.0;27.0;659.0;33.0;0.0;8.0;21.0;475.0;33.0;0.0;33.0;842.0;0.0;0.0;4;4;5;4;5;5;4;0;1;0;0;0;0;0;0;0;0;0;0;0;0;0;0;0.0;0.0;0.0;0.0;1.0;0.0;0.0;0.0;0.0;1.0;0.0;0.0;0.0;0.0;0.0;0.0;0.0;0.0;0.0;0.0;0.0;0.0;0.0;0.0;0.0;0.0;0.0;0.0;0.0;0.0;0.0;0.0;0.0;0.0;0.0;1.0;0.0;0.0;0.0;0.0;0.0;0;0;0;0;ASTORGA;REGIÃO NORTE;24
5283.0;2019-09-30;14.0;19.0;25.0;30.0;737.0;37.0;3.0;14.0;23.0;571.0;37.0;0.0;37.0;903.0;20.0;81.0;5;4;4;5;4;4;4;0;0;0;0;0;0;0;0;0;0;0;1;0;0;0;0;0.0;0.0;0.0;0.0;1.0;0.0;0.0;0.0;0.0;1.0;0.0;0.0;0.0;0.0;0.0;0.0;0.0;0.0;0.0;0.0;0.0;0.0;0.0;0.0;0.0;0.0;0.0;0.0;0.0;0.0;0.0;0.0;0.0;0.0;0.0;1.0;0.0;0.0;0.0;0.0;0.0;0;0;0;0;ASTORGA;REGIÃO NORTE;25
5135.0;2019-10-31;17.0;20.0;27.0;32.0;843.0;39.0;3.0;17.0;25.0;652.0;39.0;0.0;39.0;1034.0;28.0;80.0;4;5;5;4;4;4;5;0;0;0;0;0;0;0;0;0;0;1;0;0;0;0;0;0.0;0.0;0.0;0.0;1.0;0.0;0.0;0.0;0.0;1.0;0.0;0.0;0.0;0.0;0.0;0.0;0.0;0.0;0.0;0.0;0.0;0.0;0.0;0.0;0.0;0.0;0.0;0.0;0.0;0.0;0.0;0.0;0.0;0.0;0.0;1.0;0.0;0.0;0.0;0.0;0.0;0;0;0;0;ASTORGA;REGIÃO NORTE;26
4746.0;2019-11-30;17.0;23.0;27.0;32.0;796.0;38.0;3.0;17.0;28.0;639.0;38.0;0.0;38.0;953.0;26.0;86.0;4;4;4;4;5;5;4;0;0;0;0;0;0;0;0;0;1;0;0;0;0;0;0;0.0;0.0;0.0;0.0;1.0;0.0;0.0;0.0;0.0;1.0;0.0;0.0;0.0;0.0;0.0;0.0;0.0;0.0;0.0;0.0;0.0;0.0;0.0;0.0;0.0;0.0;0.0;0.0;0.0;0.0;0.0;0.0;0.0;0.0;0.0;1.0;0.0;0.0;0.0;0.0;0.0;0;0;0;0;ASTORGA;REGIÃO NORTE;27
3965.0;2019-12-31;17.0;20.0;25.0;28.0;769.0;34.0;10.0;17.0;23.0;627.0;34.0;0.0;34.0;911.0;46.0;303.0;5;4;4;5;4;4;5;0;0;1;0;0;0;0;0;0;0;0;0;0;0;0;0;0.0;0.0;0.0;0.0;1.0;0.0;0.0;0.0;0.0;1.0;0.0;0.0;0.0;0.0;0.0;0.0;0.0;0.0;0.0;0.0;0.0;0.0;0.0;0.0;0.0;0.0;0.0;0.0;0.0;0.0;0.0;0.0;0.0;0.0;0.0;1.0;0.0;0.0;0.0;0.0;0.0;0;0;0;0;ASTORGA;REGIÃO NORTE;28
3464.0;2020-01-31;18.0;22.0;26.0;29.0;798.0;34.0;4.0;18.0;25.0;671.0;34.0;0.0;34.0;926.0;27.0;136.0;4;5;5;4;5;4;4;0;0;0;0;1;0;0;0;0;0;0;0;0;0;0;0;0.0;0.0;0.0;0.0;0.0;1.0;0.0;0.0;0.0;1.0;0.0;0.0;0.0;0.0;0.0;0.0;0.0;0.0;0.0;0.0;0.0;0.0;0.0;0.0;0.0;0.0;0.0;0.0;0.0;0.0;0.0;0.0;0.0;0.0;0.0;1.0;0.0;0.0;0.0;0.0;0.0;31;0;0;0;ASTORGA;REGIÃO NORTE;29
4190.0;2020-02-29;18.0;23.0;26.0;29.0;744.0;35.0;4.0;18.0;25.0;604.0;35.0;0.0;35.0;883.0;45.0;129.0;4;4;4;4;4;5;4;0;0;0;1;0;0;0;0;0;0;0;0;0;0;0;0;0.0;0.0;0.0;0.0;0.0;1.0;0.0;0.0;0.0;1.0;0.0;0.0;0.0;0.0;0.0;0.0;0.0;0.0;0.0;0.0;0.0;0.0;0.0;0.0;0.0;0.0;0.0;0.0;0.0;0.0;0.0;0.0;0.0;0.0;0.0;1.0;0.7931034482758621;0.0;0.0;0.0;0.0;0;3;0;0;ASTORGA;REGIÃO NORTE;30
3464.0;2020-03-31;17.0;23.0;25.0;29.0;789.0;35.0;2.0;17.0;24.0;617.0;35.0;0.0;35.0;961.0;15.0;60.0;5;4;4;5;4;4;5;0;0;0;0;0;0;0;0;1;0;0;0;0;0;0;0;0.0;0.0;0.0;0.0;0.0;1.0;0.0;0.0;0.0;1.0;0.0;0.0;0.0;0.0;0.0;0.0;0.0;0.0;0.0;0.0;0.0;0.0;0.0;0.0;0.0;0.0;0.0;0.0;0.0;0.0;0.0;0.0;0.0;0.0;0.0;1.0;1.0;0.0;0.0;0.0;0.0;0;0;15;0;ASTORGA;REGIÃO NORTE;31
1878.0;2020-04-30;12.0;17.0;23.0;27.0;697.0;33.0;2.0;12.0;22.0;527.0;33.0;0.0;33.0;867.0;36.0;62.0;4;5;5;4;4;4;4;1;0;0;0;0;0;0;0;0;0;0;0;0;0;0;0;0.0;0.0;0.0;0.0;0.0;1.0;0.0;0.0;0.0;1.0;0.0;0.0;0.0;0.0;0.0;0.0;0.0;0.0;0.0;0.0;0.0;0.0;0.0;0.0;0.0;0.0;0.0;0.0;0.0;0.0;0.0;0.0;0.0;0.0;0.0;1.0;1.0;0.0;0.0;0.0;0.0;0;1;30;0;ASTORGA;REGIÃO NORTE;32
1572.0;2020-05-31;8.0;13.0;20.0;25.0;626.0;31.0;2.0;8.0;20.0;457.0;31.0;0.0;31.0;796.0;38.0;71.0;5;4;4;4;5;5;4;0;0;0;0;0;0;0;1;0;0;0;0;0;0;0;0;0.0;0.0;0.0;0.0;0.0;1.0;0.0;0.0;0.0;1.0;0.0;0.0;0.0;0.0;0.0;0.0;0.0;0.0;0.0;0.0;0.0;0.0;0.0;0.0;0.0;0.0;0.0;0.0;0.0;0.0;0.0;0.0;0.0;0.0;0.0;1.0;1.0;0.0;0.0;0.0;0.0;0;0;31;0;ASTORGA;REGIÃO NORTE;33
1467.0;2020-06-30;11.0;17.0;21.0;25.0;630.0;30.0;5.0;11.0;20.0;496.0;30.0;0.0;30.0;765.0;104.0;150.0;4;4;4;5;4;4;5;0;0;0;0;0;0;1;0;0;0;0;0;0;0;0;0;0.0;0.0;0.0;0.0;0.0;1.0;0.0;0.0;0.0;1.0;0.0;0.0;0.0;0.0;0.0;0.0;0.0;0.0;0.0;0.0;0.0;0.0;0.0;0.0;0.0;0.0;0.0;0.0;0.0;0.0;0.0;0.0;0.0;0.0;0.0;1.0;1.0;0.0;0.0;0.0;0.0;0;1;30;0;ASTORGA;REGIÃO NORTE;34
1488.0;2020-07-31;6.0;12.0;21.0;24.0;636.0;30.0;1.0;6.0;19.0;467.0;30.0;0.0;30.0;804.0;9.0;17.0;4;5;5;4;5;4;4;0;0;0;0;0;1;0;0;0;0;0;0;0;0;0;0;0.0;0.0;0.0;0.0;0.0;1.0;0.0;0.0;0.0;1.0;0.0;0.0;0.0;0.0;0.0;0.0;0.0;0.0;0.0;0.0;0.0;0.0;0.0;0.0;0.0;0.0;0.0;0.0;0.0;0.0;0.0;0.0;0.0;0.0;0.0;1.0;1.0;0.0;0.0;0.0;0.0;0;0;31;0;ASTORGA;REGIÃO NORTE;35
1488.0;2020-08-31;6.0;12.0;21.0;27.0;643.0;34.0;6.0;6.0;21.0;476.0;34.0;0.0;34.0;809.0;46.0;176.0;5;4;4;5;4;5;4;0;1;0;0;0;0;0;0;0;0;0;0;0;0;0;0;0.0;0.0;0.0;0.0;0.0;1.0;0.0;0.0;0.0;1.0;0.0;0.0;0.0;0.0;0.0;0.0;0.0;0.0;0.0;0.0;0.0;0.0;0.0;0.0;0.0;0.0;0.0;0.0;0.0;0.0;0.0;0.0;0.0;0.0;0.0;1.0;1.0;0.0;0.0;0.0;0.0;0;0;31;0;ASTORGA;REGIÃO NORTE;36
1620.0;2020-09-30;14.0;20.0;26.0;31.0;794.0;39.0;0.0;14.0;24.0;599.0;39.0;0.0;39.0;989.0;5.0;14.0;4;5;4;4;4;4;5;0;0;0;0;0;0;0;0;0;0;0;1;0;0;0;0;0.0;0.0;0.0;0.0;0.0;1.0;0.0;0.0;0.0;1.0;0.0;0.0;0.0;0.0;0.0;0.0;0.0;0.0;0.0;0.0;0.0;0.0;0.0;0.0;0.0;0.0;0.0;0.0;0.0;0.0;0.0;0.0;0.0;0.0;0.0;1.0;1.0;0.0;0.0;0.0;0.0;0;0;30;0;ASTORGA;REGIÃO NORTE;37
1891.0;2020-10-31;15.0;21.0;26.0;33.0;814.0;40.0;1.0;15.0;26.0;622.0;40.0;0.0;40.0;1006.0;8.0;41.0;4;4;5;4;5;5;4;0;0;0;0;0;0;0;0;0;0;1;0;0;0;0;0;0.0;0.0;0.0;0.0;0.0;1.0;0.0;0.0;0.0;1.0;0.0;0.0;0.0;0.0;0.0;0.0;0.0;0.0;0.0;0.0;0.0;0.0;0.0;0.0;0.0;0.0;0.0;0.0;0.0;0.0;0.0;0.0;0.0;0.0;0.0;1.0;1.0;0.0;0.0;0.0;0.0;0;0;31;0;ASTORGA;REGIÃO NORTE;38
1650.0;2020-11-30;14.0;21.0;26.0;30.0;776.0;36.0;1.0;14.0;25.0;588.0;36.0;0.0;36.0;964.0;10.0;18.0;5;4;4;5;4;4;4;0;0;0;0;0;0;0;0;0;1;0;0;0;0;0;0;0.0;0.0;0.0;0.0;0.0;1.0;0.0;0.0;0.0;1.0;0.0;0.0;0.0;0.0;0.0;0.0;0.0;0.0;0.0;0.0;0.0;0.0;0.0;0.0;0.0;0.0;0.0;0.0;0.0;0.0;0.0;0.0;0.0;0.0;0.0;1.0;1.0;0.0;0.0;0.0;0.0;0;0;30;0;ASTORGA;REGIÃO NORTE;39
1736.0;2020-12-31;18.0;23.0;25.0;28.0;790.0;33.0;7.0;18.0;24.0;642.0;33.0;0.0;33.0;939.0;48.0;215.0;4;5;5;4;4;4;5;0;0;1;0;0;0;0;0;0;0;0;0;0;0;0;0;0.0;0.0;0.0;0.0;0.0;1.0;0.0;0.0;0.0;1.0;0.0;0.0;0.0;0.0;0.0;0.0;0.0;0.0;0.0;0.0;0.0;0.0;0.0;0.0;0.0;0.0;0.0;0.0;0.0;0.0;0.0;0.0;0.0;0.0;0.0;1.0;1.0;0.0;0.0;0.0;0.0;0;0;31;0;ASTORGA;REGIÃO NORTE;40
1550.0;2021-01-31;19.0;23.0;25.0;28.0;779.0;33.0;5.0;19.0;24.0;664.0;33.0;0.0;33.0;894.0;26.0;170.0;5;4;4;4;5;5;4;0;0;0;0;1;0;0;0;0;0;0;0;1;0;0;0;0.0;0.0;0.0;0.0;0.0;0.0;0.0;0.0;0.0;1.0;0.0;0.0;0.0;0.0;0.0;0.0;0.0;0.0;0.0;0.0;0.0;0.0;0.0;0.0;0.0;0.0;0.0;0.0;0.0;0.0;0.0;0.0;0.0;0.0;0.0;1.0;1.0;0.0;0.0;0.0;0.0;0;0;31;0;ASTORGA;REGIÃO NORTE;41
1652.0;2021-02-28;18.0;22.0;25.0;28.0;702.0;34.0;3.0;18.0;22.0;556.0;34.0;0.0;34.0;848.0;22.0;74.0;4;4;4;4;4;4;4;0;0;0;1;0;0;0;0;0;0;0;0;1;0;0;0;0.0;0.0;0.0;0.0;0.0;0.0;0.0;0.0;0.0;1.0;0.0;0.0;0.0;0.0;0.0;0.0;0.0;0.0;0.0;0.0;0.0;0.0;0.0;0.0;0.0;0.0;0.0;0.0;0.0;0.0;0.0;0.0;0.0;0.0;0.0;1.0;1.0;0.0;0.0;0.0;0.0;0;3;28;0;ASTORGA;REGIÃO NORTE;42
1860.0;2021-03-31;17.0;22.0;26.0;29.0;807.0;34.0;4.0;17.0;24.0;644.0;34.0;0.0;34.0;969.0;36.0;116.0;4;5;4;5;4;4;5;0;0;0;0;0;0;0;0;1;0;0;0;1;0;0;0;0.0;0.0;0.0;0.0;0.0;0.0;0.0;0.0;0.0;1.0;0.0;0.0;0.0;0.0;0.0;0.0;0.0;0.0;0.0;0.0;0.0;0.0;0.0;0.0;0.0;0.0;0.0;0.0;0.0;0.0;0.0;0.0;0.0;0.0;0.0;1.0;1.0;0.0;0.0;0.0;0.0;0;0;31;0;ASTORGA;REGIÃO NORTE;43
1770.0;2021-04-30;13.0;20.0;23.0;27.0;697.0;33.0;0.0;13.0;22.0;526.0;33.0;0.0;33.0;868.0;2.0;4.0;4;4;5;4;5;4;4;1;0;0;0;0;0;0;0;0;0;0;0;1;0;0;0;0.0;0.0;0.0;0.0;0.0;0.0;0.0;0.0;0.0;1.0;0.0;0.0;0.0;0.0;0.0;0.0;0.0;0.0;0.0;0.0;0.0;0.0;0.0;0.0;0.0;0.0;0.0;0.0;0.0;0.0;0.0;0.0;0.0;0.0;0.0;1.0;1.0;0.0;0.0;0.0;0.0;0;1;30;0;ASTORGA;REGIÃO NORTE;44
2046.0;2021-05-31;9.0;15.0;21.0;26.0;657.0;32.0;8.0;9.0;21.0;484.0;32.0;0.0;32.0;831.0;147.0;234.0;5;4;4;5;4;5;4;0;0;0;0;0;0;0;1;0;0;0;0;1;0;0;0;0.0;0.0;0.0;0.0;0.0;0.0;0.0;0.0;0.0;1.0;0.0;0.0;0.0;0.0;0.0;0.0;0.0;0.0;0.0;0.0;0.0;0.0;0.0;0.0;0.0;0.0;0.0;0.0;0.0;0.0;0.0;0.0;0.0;0.0;0.0;1.0;1.0;0.0;0.0;0.0;0.0;0;0;31;0;ASTORGA;REGIÃO NORTE;45
1710.0;2021-06-30;2.0;8.0;19.0;24.0;556.0;29.0;2.0;2.0;19.0;428.0;29.0;0.0;29.0;684.0;22.0;73.0;4;5;4;4;4;4;5;0;0;0;0;0;0;1;0;0;0;0;0;1;0;0;0;0.0;0.0;0.0;0.0;0.0;0.0;0.0;0.0;0.0;1.0;0.0;0.0;0.0;0.0;0.0;0.0;0.0;0.0;0.0;0.0;0.0;0.0;0.0;0.0;0.0;0.0;0.0;0.0;0.0;0.0;0.0;0.0;0.0;0.0;0.0;1.0;1.0;0.0;0.0;0.0;0.0;0;1;30;0;ASTORGA;REGIÃO NORTE;46
1488.0;2021-07-31;2.0;8.0;18.0;24.0;551.0;30.0;1.0;2.0;18.0;356.0;30.0;0.0;30.0;745.0;9.0;26.0;4;4;5;4;5;5;4;0;0;0;0;0;1;0;0;0;0;0;0;1;0;0;0;0.0;0.0;0.0;0.0;0.0;0.0;0.0;0.0;0.0;1.0;0.0;0.0;0.0;0.0;0.0;0.0;0.0;0.0;0.0;0.0;0.0;0.0;0.0;0.0;0.0;0.0;0.0;0.0;0.0;0.0;0.0;0.0;0.0;0.0;0.0;1.0;1.0;0.0;0.0;0.0;0.0;0;0;31;0;ASTORGA;REGIÃO NORTE;47
1984.0;2021-08-31;10.0;16.0;23.0;29.0;699.0;36.0;3.0;10.0;22.0;517.0;36.0;0.0;36.0;881.0;65.0;90.0;5;4;4;5;4;4;5;0;1;0;0;0;0;0;0;0;0;0;0;1;0;0;0;0.0;0.0;0.0;0.0;0.0;0.0;0.0;0.0;0.0;1.0;0.0;0.0;0.0;0.0;0.0;0.0;0.0;0.0;0.0;0.0;0.0;0.0;0.0;0.0;0.0;0.0;0.0;0.0;0.0;0.0;0.0;0.0;0.0;0.0;0.0;1.0;1.0;0.0;0.0;0.0;0.0;0;0;31;0;ASTORGA;REGIÃO NORTE;48
2130.0;2021-09-30;13.0;20.0;26.0;32.0;777.0;38.0;2.0;13.0;26.0;586.0;38.0;0.0;38.0;967.0;23.0;71.0;4;5;5;4;4;4;4;0;0;0;0;0;0;0;0;0;0;0;1;1;0;0;0;0.0;0.0;0.0;0.0;0.0;0.0;0.0;0.0;0.0;1.0;0.0;0.0;0.0;0.0;0.0;0.0;0.0;0.0;0.0;0.0;0.0;0.0;0.0;0.0;0.0;0.0;0.0;0.0;0.0;0.0;0.0;0.0;0.0;0.0;0.0;1.0;1.0;0.0;0.0;0.0;0.0;0;0;30;0;ASTORGA;REGIÃO NORTE;49
1891.0;2021-10-31;13.0;18.0;22.0;27.0;692.0;33.0;21.0;13.0;22.0;552.0;33.0;0.0;33.0;831.0;147.0;637.0;5;4;4;4;5;5;4;0;0;0;0;0;0;0;0;0;0;1;0;1;0;0;0;0.0;0.0;0.0;0.0;0.0;0.0;0.0;0.0;0.0;1.0;0.0;0.0;0.0;0.0;0.0;0.0;0.0;0.0;0.0;0.0;0.0;0.0;0.0;0.0;0.0;0.0;0.0;0.0;0.0;0.0;0.0;0.0;0.0;0.0;0.0;1.0;1.0;0.0;0.0;0.0;0.0;0;0;0;0;ASTORGA;REGIÃO NORTE;50
2640.0;2021-11-30;15.0;21.0;26.0;29.0;766.0;35.0;1.0;15.0;24.0;591.0;35.0;0.0;35.0;941.0;18.0;28.0;4;4;4;5;4;4;5;0;0;0;0;0;0;0;0;0;1;0;0;1;0;0;0;0.0;0.0;0.0;0.0;0.0;0.0;0.0;0.0;0.0;1.0;0.0;0.0;0.0;0.0;0.0;0.0;0.0;0.0;0.0;0.0;0.0;0.0;0.0;0.0;0.0;0.0;0.0;0.0;0.0;0.0;0.0;0.0;0.0;0.0;0.0;1.0;1.0;0.0;0.0;0.0;0.0;0;0;0;0;ASTORGA;REGIÃO NORTE;51
2728.0;2021-12-31;16.0;22.0;26.0;30.0;813.0;37.0;1.0;16.0;23.0;622.0;37.0;0.0;37.0;1003.0;13.0;30.0;4;5;5;4;5;4;4;0;0;1;0;0;0;0;0;0;0;0;0;1;0;0;0;0.0;0.0;0.0;0.0;0.0;0.0;0.0;0.0;0.0;1.0;0.0;0.0;0.0;0.0;0.0;0.0;0.0;0.0;0.0;0.0;0.0;0.0;0.0;0.0;0.0;0.0;0.0;0.0;0.0;0.0;0.0;0.0;0.0;0.0;0.0;1.0;1.0;0.0;0.0;0.0;0.0;0;0;0;0;ASTORGA;REGIÃO NORTE;52
3007.0;2022-01-31;18.0;22.0;26.0;30.0;804.0;36.0;5.0;18.0;24.0;656.0;36.0;0.0;36.0;953.0;32.0;143.0;5;4;4;5;4;5;4;0;0;0;0;1;0;0;0;0;0;0;0;0;1;0;0;0.0;0.0;0.0;0.0;0.0;0.0;0.0;0.0;0.0;1.0;0.0;0.0;0.0;0.0;0.0;0.0;0.0;0.0;0.0;0.0;0.0;0.0;0.0;0.0;0.0;0.0;0.0;0.0;0.0;0.0;0.0;0.0;0.0;0.0;0.0;1.0;1.0;0.0;0.0;0.0;0.0;31;0;0;0;ASTORGA;REGIÃO NORTE;53
4284.0;2022-02-28;18.0;25.0;27.0;31.0;748.0;37.0;4.0;18.0;24.0;589.0;37.0;0.0;37.0;906.0;31.0;111.0;4;4;4;4;4;4;4;0;0;0;1;0;0;0;0;0;0;0;0;0;1;0;0;0.0;0.0;0.0;0.0;0.0;0.0;0.0;0.0;0.0;1.0;0.0;0.0;0.0;0.0;0.0;0.0;0.0;0.0;0.0;0.0;0.0;0.0;0.0;0.0;0.0;0.0;0.0;0.0;0.0;0.0;0.0;0.0;0.0;0.0;0.0;1.0;1.0;0.0;0.0;0.0;1.0;0;1;0;0;ASTORGA;REGIÃO NORTE;54
5177.0;2022-03-31;18.0;21.0;26.0;30.0;804.0;36.0;13.0;18.0;24.0;657.0;36.0;0.0;36.0;951.0;102.0;415.0;4;5;5;4;4;4;5;0;0;0;0;0;0;0;0;1;0;0;0;0;1;0;0;0.0;0.0;0.0;0.0;0.0;0.0;0.0;0.0;0.0;1.0;0.0;0.0;0.0;0.0;0.0;0.0;0.0;0.0;0.0;0.0;0.0;0.0;0.0;0.0;0.0;0.0;0.0;0.0;0.0;0.0;0.0;0.0;0.0;0.0;0.0;1.0;1.0;0.0;0.0;0.0;1.0;0;1;0;0;ASTORGA;REGIÃO NORTE;55
3930.0;2022-04-30;14.0;19.0;23.0;27.0;702.0;32.0;6.0;14.0;22.0;558.0;32.0;0.0;32.0;847.0;62.0;180.0;4;4;4;4;5;5;4;1;0;0;0;0;0;0;0;0;0;0;0;0;1;0;0;0.0;0.0;0.0;0.0;0.0;0.0;0.0;0.0;0.0;1.0;0.0;0.0;0.0;0.0;0.0;0.0;0.0;0.0;0.0;0.0;0.0;0.0;0.0;0.0;0.0;0.0;0.0;0.0;0.0;0.0;0.0;0.0;0.0;0.0;0.0;1.0;1.0;0.0;0.0;0.0;1.0;0;1;0;0;ASTORGA;REGIÃO NORTE;56
4402.0;2022-05-31;6.0;10.0;19.0;25.0;595.0;31.0;2.0;6.0;22.0;452.0;31.0;0.0;31.0;737.0;21.0;57.0;5;4;4;5;4;4;5;0;0;0;0;0;0;0;1;0;0;0;0;0;1;0;0;0.0;0.0;0.0;0.0;0.0;0.0;0.0;0.0;0.0;1.0;0.0;0.0;0.0;0.0;0.0;0.0;0.0;0.0;0.0;0.0;0.0;0.0;0.0;0.0;0.0;0.0;0.0;0.0;0.0;0.0;0.0;0.0;0.0;0.0;0.0;1.0;1.0;0.0;0.0;0.0;1.0;0;0;0;0;ASTORGA;REGIÃO NORTE;57
4050.0;2022-06-30;6.0;13.0;19.0;23.0;576.0;29.0;1.0;6.0;18.0;436.0;29.0;0.0;29.0;715.0;13.0;45.0;4;5;5;4;4;4;4;0;0;0;0;0;0;1;0;0;0;0;0;0;1;0;0;0.0;0.0;0.0;0.0;0.0;0.0;0.0;0.0;0.0;1.0;0.0;0.0;0.0;0.0;0.0;0.0;0.0;0.0;0.0;0.0;0.0;0.0;0.0;0.0;0.0;0.0;0.0;0.0;0.0;0.0;0.0;0.0;0.0;0.0;0.0;1.0;1.0;0.0;0.0;0.0;1.0;0;1;0;0;ASTORGA;REGIÃO NORTE;58
2976.0;2022-07-31;9.0;16.0;22.0;24.0;684.0;30.0;0.0;9.0;19.0;508.0;30.0;0.0;30.0;860.0;2.0;4.0;5;4;4;4;5;5;4;0;0;0;0;0;1;0;0;0;0;0;0;0;1;0;0;0.0;0.0;0.0;0.0;0.0;0.0;0.0;0.0;0.0;1.0;0.0;0.0;0.0;0.0;0.0;0.0;0.0;0.0;0.0;0.0;0.0;0.0;0.0;0.0;0.0;0.0;0.0;0.0;0.0;0.0;0.0;0.0;0.0;0.0;0.0;1.0;1.0;0.0;0.0;0.0;1.0;0;0;0;0;ASTORGA;REGIÃO NORTE;59
4402.0;2022-08-31;6.0;12.0;20.0;26.0;625.0;33.0;6.0;6.0;21.0;459.0;33.0;0.0;33.0;790.0;58.0;178.0;4;5;4;5;4;4;5;0;1;0;0;0;0;0;0;0;0;0;0;0;1;0;0;0.0;0.0;0.0;0.0;0.0;0.0;0.0;0.0;0.0;1.0;0.0;0.0;0.0;0.0;0.0;0.0;0.0;0.0;0.0;0.0;0.0;0.0;0.0;0.0;0.0;0.0;0.0;0.0;0.0;0.0;0.0;0.0;0.0;0.0;0.0;1.0;1.0;0.0;0.0;0.0;1.0;0;0;0;0;ASTORGA;REGIÃO NORTE;60
4260.0;2022-09-30;9.0;15.0;20.0;28.0;599.0;35.0;5.0;9.0;21.0;464.0;35.0;0.0;35.0;733.0;39.0;162.0;4;4;5;4;5;4;4;0;0;0;0;0;0;0;0;0;0;0;1;0;1;0;0;0.0;0.0;0.0;0.0;0.0;0.0;0.0;0.0;0.0;1.0;0.0;0.0;0.0;0.0;0.0;0.0;0.0;0.0;0.0;0.0;0.0;0.0;0.0;0.0;0.0;0.0;0.0;0.0;0.0;0.0;0.0;0.0;0.0;0.0;0.0;1.0;1.0;0.0;0.0;0.0;1.0;0;0;0;0;ASTORGA;REGIÃO NORTE;61
4185.0;2022-10-31;-8.0;10.0;23.0;27.0;712.0;34.0;8.0;-8.0;22.0;545.0;34.0;0.0;34.0;879.0;37.0;235.0;5;4;4;5;4;5;4;0;0;0;0;0;0;0;0;0;0;1;0;0;1;0;0;0.0;0.0;0.0;0.0;0.0;0.0;0.0;0.0;0.0;1.0;0.0;0.0;0.0;0.0;0.0;0.0;0.0;0.0;0.0;0.0;0.0;0.0;0.0;0.0;0.0;0.0;0.0;0.0;0.0;0.0;0.0;0.0;0.0;0.0;0.0;1.0;1.0;0.0;0.0;0.0;1.0;0;0;0;0;ASTORGA;REGIÃO NORTE;62
4140.0;2022-11-30;12.0;15.0;23.0;26.0;681.0;33.0;3.0;12.0;21.0;516.0;33.0;0.0;33.0;846.0;30.0;83.0;4;5;4;4;4;4;5;0;0;0;0;0;0;0;0;0;1;0;0;0;1;0;0;0.0;0.0;0.0;0.0;0.0;0.0;0.0;0.0;0.0;1.0;0.0;0.0;0.0;0.0;0.0;0.0;0.0;0.0;0.0;0.0;0.0;0.0;0.0;0.0;0.0;0.0;0.0;0.0;0.0;0.0;0.0;0.0;0.0;0.0;0.0;1.0;1.0;0.0;0.0;0.0;1.0;0;0;0;0;ASTORGA;REGIÃO NORTE;63
3596.0;2022-12-31;3.0;17.0;25.0;28.0;765.0;33.0;7.0;3.0;23.0;610.0;33.0;0.0;33.0;920.0;46.0;221.0;4;4;5;4;5;5;4;0;0;1;0;0;0;0;0;0;0;0;0;0;1;0;0;0.0;0.0;0.0;0.0;0.0;0.0;0.0;0.0;0.0;1.0;0.0;0.0;0.0;0.0;0.0;0.0;0.0;0.0;0.0;0.0;0.0;0.0;0.0;0.0;0.0;0.0;0.0;0.0;0.0;0.0;0.0;0.0;0.0;0.0;0.0;1.0;1.0;0.0;0.0;0.0;1.0;0;0;0;0;ASTORGA;REGIÃO NORTE;64
2759.0;2023-01-31;17.0;21.0;25.0;27.0;769.0;33.0;9.0;17.0;23.0;634.0;33.0;0.0;33.0;903.0;49.0;270.0;5;4;4;5;4;4;5;0;0;0;0;1;0;0;0;0;0;0;0;0;0;1;0;0.0;0.0;0.0;0.0;0.0;0.0;0.0;0.0;0.0;1.0;0.0;0.0;0.0;0.0;0.0;0.0;0.0;0.0;0.0;0.0;0.0;0.0;0.0;0.0;0.0;0.0;0.0;0.0;0.0;0.0;0.0;0.0;0.0;0.0;0.0;1.0;1.0;0.0;0.0;0.0;1.0;31;0;0;0;ASTORGA;REGIÃO NORTE;65
5096.0;2023-02-28;12.0;19.0;24.0;27.0;679.0;34.0;10.0;12.0;22.0;559.0;34.0;0.0;34.0;798.0;33.0;287.0;4;4;4;4;4;4;4;0;0;0;1;0;0;0;0;0;0;0;0;0;0;1;0;0.0;0.0;0.0;0.0;0.0;0.0;0.0;0.0;0.0;1.0;0.0;0.0;0.0;0.0;0.0;0.0;0.0;0.0;0.0;0.0;0.0;0.0;0.0;0.0;0.0;0.0;0.0;0.0;0.0;0.0;0.0;0.0;0.0;0.0;0.0;1.0;1.0;0.0;0.0;0.0;1.0;0;3;0;0;ASTORGA;REGIÃO NORTE;66
7285.0;2023-03-31;18.0;23.0;26.0;28.0;806.0;34.0;7.0;18.0;23.0;651.0;34.0;0.0;34.0;960.0;41.0;209.0;4;5;5;4;5;4;4;0;0;0;0;0;0;0;0;1;0;0;0;0;0;1;0;0.0;0.0;0.0;0.0;0.0;0.0;0.0;0.0;0.0;1.0;0.0;0.0;0.0;0.0;0.0;0.0;0.0;0.0;0.0;0.0;0.0;0.0;0.0;0.0;0.0;0.0;0.0;0.0;0.0;0.0;0.0;0.0;0.0;0.0;0.0;1.0;1.0;0.0;0.0;0.0;1.0;0;0;0;0;ASTORGA;REGIÃO NORTE;67
5010.0;2023-04-30;12.0;19.0;23.0;28.0;693.0;34.0;12.0;12.0;22.0;550.0;34.0;0.0;34.0;837.0;121.0;373.0;5;4;4;4;4;5;4;1;0;0;0;0;0;0;0;0;0;0;0;0;0;1;0;0.0;0.0;0.0;0.0;0.0;0.0;0.0;0.0;0.0;1.0;0.0;0.0;0.0;0.0;0.0;0.0;0.0;0.0;0.0;0.0;0.0;0.0;0.0;0.0;0.0;0.0;0.0;0.0;0.0;0.0;0.0;0.0;0.0;0.0;0.0;1.0;1.0;0.0;0.0;0.0;1.0;0;1;0;0;ASTORGA;REGIÃO NORTE;68
4929.0;2023-05-31;12.0;18.0;22.0;26.0;672.0;30.0;3.0;12.0;21.0;506.0;30.0;0.0;30.0;837.0;42.0;100.0;4;5;4;5;4;4;5;0;0;0;0;0;0;0;1;0;0;0;0;0;0;1;0;0.0;0.0;0.0;0.0;0.0;0.0;0.0;0.0;0.0;1.0;0.0;0.0;0.0;0.0;0.0;0.0;0.0;0.0;0.0;0.0;0.0;0.0;0.0;0.0;0.0;0.0;0.0;0.0;0.0;0.0;0.0;0.0;0.0;0.0;0.0;1.0;1.0;0.0;0.0;0.0;1.0;0;0;0;0;ASTORGA;REGIÃO NORTE;69
4500.0;2023-06-30;9.0;11.0;19.0;24.0;583.0;30.0;4.0;9.0;18.0;422.0;30.0;0.0;30.0;744.0;65.0;122.0;4;4;5;4;5;4;4;0;0;0;0;0;0;1;0;0;0;0;0;0;0;1;0;0.0;0.0;0.0;0.0;0.0;0.0;0.0;0.0;0.0;1.0;0.0;0.0;0.0;0.0;0.0;0.0;0.0;0.0;0.0;0.0;0.0;0.0;0.0;0.0;0.0;0.0;0.0;0.0;0.0;0.0;0.0;0.0;0.0;0.0;0.0;1.0;1.0;0.0;0.0;0.0;1.0;0;1;0;0;ASTORGA;REGIÃO NORTE;70
3286.0;2023-07-31;8.0;13.0;20.0;25.0;631.0;30.0;1.0;8.0;19.0;466.0;30.0;0.0;30.0;796.0;11.0;32.0;5;4;4;5;4;5;4;0;0;0;0;0;1;0;0;0;0;0;0;0;0;1;0;0.0;0.0;0.0;0.0;0.0;0.0;0.0;0.0;0.0;1.0;0.0;0.0;0.0;0.0;0.0;0.0;0.0;0.0;0.0;0.0;0.0;0.0;0.0;0.0;0.0;0.0;0.0;0.0;0.0;0.0;0.0;0.0;0.0;0.0;0.0;1.0;1.0;0.0;0.0;0.0;1.0;15;0;0;0;ASTORGA;REGIÃO NORTE;71
5332.0;2023-08-31;11.0;17.0;22.0;28.0;697.0;35.0;2.0;11.0;21.0;501.0;35.0;0.0;35.0;892.0;20.0;64.0;4;5;5;4;4;4;5;0;1;0;0;0;0;0;0;0;0;0;0;0;0;1;0;0.0;0.0;0.0;0.0;0.0;0.0;0.0;0.0;0.0;1.0;0.0;0.0;0.0;0.0;0.0;0.0;0.0;0.0;0.0;0.0;0.0;0.0;0.0;0.0;0.0;0.0;0.0;0.0;0.0;0.0;0.0;0.0;0.0;0.0;0.0;1.0;1.0;0.0;0.0;0.0;1.0;0;0;0;0;ASTORGA;REGIÃO NORTE;72
6300.0;2023-09-30;10.0;18.0;26.0;32.0;778.0;38.0;5.0;10.0;26.0;585.0;38.0;0.0;38.0;970.0;77.0;139.0;4;4;4;4;5;5;4;0;0;0;0;0;0;0;0;0;0;0;1;0;0;1;0;0.0;0.0;0.0;0.0;0.0;0.0;0.0;0.0;0.0;1.0;0.0;0.0;0.0;0.0;0.0;0.0;0.0;0.0;0.0;0.0;0.0;0.0;0.0;0.0;0.0;0.0;0.0;0.0;0.0;0.0;0.0;0.0;0.0;0.0;0.0;1.0;1.0;0.0;0.0;0.0;1.0;0;0;0;0;ASTORGA;REGIÃO NORTE;73
6572.0;2023-10-31;17.0;21.0;26.0;31.0;798.0;36.0;11.0;17.0;25.0;631.0;36.0;0.0;36.0;965.0;113.0;341.0;5;4;4;5;4;4;5;0;0;0;0;0;0;0;0;0;0;1;0;0;0;1;0;0.0;0.0;0.0;0.0;0.0;0.0;0.0;0.0;0.0;1.0;0.0;0.0;0.0;0.0;0.0;0.0;0.0;0.0;0.0;0.0;0.0;0.0;0.0;0.0;0.0;0.0;0.0;0.0;0.0;0.0;0.0;0.0;0.0;0.0;0.0;1.0;1.0;0.0;0.0;0.0;1.0;0;0;0;0;ASTORGA;REGIÃO NORTE;74
6090.0;2023-11-30;12.0;18.0;26.0;32.0;775.0;38.0;7.0;12.0;26.0;613.0;38.0;0.0;38.0;937.0;62.0;216.0;4;5;5;4;4;4;4;0;0;0;0;0;0;0;0;0;1;0;0;0;0;1;0;0.0;0.0;0.0;0.0;0.0;0.0;0.0;0.0;0.0;1.0;0.0;0.0;0.0;0.0;0.0;0.0;0.0;0.0;0.0;0.0;0.0;0.0;0.0;0.0;0.0;0.0;0.0;0.0;0.0;0.0;0.0;0.0;0.0;0.0;0.0;1.0;1.0;0.0;0.0;0.0;1.0;0;0;0;0;ASTORGA;REGIÃO NORTE;75
4743.0;2023-12-31;17.0;23.0;27.0;30.0;834.0;37.0;6.0;17.0;24.0;656.0;37.0;0.0;37.0;1013.0;32.0;179.0;5;4;4;4;5;5;4;0;0;1;0;0;0;0;0;0;0;0;0;0;0;1;0;0.0;0.0;0.0;0.0;0.0;0.0;0.0;0.0;0.0;1.0;0.0;0.0;0.0;0.0;0.0;0.0;0.0;0.0;0.0;0.0;0.0;0.0;0.0;0.0;0.0;0.0;0.0;0.0;0.0;0.0;0.0;0.0;0.0;0.0;0.0;1.0;1.0;0.0;0.0;0.0;1.0;0;0;0;0;ASTORGA;REGIÃO NORTE;76
4433.0;2024-01-31;16.0;20.0;26.0;31.0;818.0;37.0;2.0;16.0;25.0;648.0;37.0;0.0;37.0;988.0;20.0;66.0;4;5;4;5;4;4;5;0;0;0;0;1;0;0;0;0;0;0;0;0;0;0;1;0.0;0.0;0.0;0.0;0.0;0.0;0.0;0.0;0.0;1.0;0.0;0.0;0.0;0.0;0.0;0.0;0.0;0.0;0.0;0.0;0.0;0.0;0.0;0.0;0.0;0.0;0.0;0.0;0.0;0.0;0.0;0.0;0.0;0.0;0.0;1.0;1.0;0.0;0.0;0.0;1.0;31;0;0;0;ASTORGA;REGIÃO NORTE;77
7308.0;2024-02-29;19.0;24.0;27.0;30.0;791.0;36.0;4.0;19.0;25.0;631.0;36.0;0.0;36.0;951.0;28.0;110.0;4;4;5;4;4;4;4;0;0;0;1;0;0;0;0;0;0;0;0;0;0;0;1;0.0;0.0;0.0;0.0;0.0;0.0;0.0;0.0;0.0;1.0;0.0;0.0;0.0;0.0;0.0;0.0;0.0;0.0;0.0;0.0;0.0;0.0;0.0;0.0;0.0;0.0;0.0;0.0;0.0;0.0;0.0;0.0;0.0;0.0;0.0;1.0;1.0;0.0;0.0;0.0;1.0;0;3;0;0;ASTORGA;REGIÃO NORTE;78
8742.0;2024-03-31;18.0;21.0;28.0;31.0;856.0;37.0;2.0;18.0;26.0;681.0;37.0;0.0;37.0;1030.0;47.0;68.0;5;4;4;4;5;5;4;0;0;0;0;0;0;0;0;1;0;0;0;0;0;0;1;0.0;0.0;0.0;0.0;0.0;0.0;0.0;0.0;0.0;1.0;0.0;0.0;0.0;0.0;0.0;0.0;0.0;0.0;0.0;0.0;0.0;0.0;0.0;0.0;0.0;0.0;0.0;0.0;0.0;0.0;0.0;0.0;0.0;0.0;0.0;1.0;1.0;0.0;0.0;0.0;1.0;0;1;0;0;ASTORGA;REGIÃO NORTE;79
4950.0;2024-04-30;15.0;21.0;26.0;29.0;774.0;35.0;4.0;15.0;23.0;622.0;35.0;0.0;35.0;926.0;38.0;120.0;4;4;4;5;4;4;5;1;0;0;0;0;0;0;0;0;0;0;0;0;0;0;1;0.0;0.0;0.0;0.0;0.0;0.0;0.0;0.0;0.0;1.0;0.0;0.0;0.0;0.0;0.0;0.0;0.0;0.0;0.0;0.0;0.0;0.0;0.0;0.0;0.0;0.0;0.0;0.0;0.0;0.0;0.0;0.0;0.0;0.0;0.0;1.0;1.0;0.0;0.0;0.0;1.0;0;0;0;0;ASTORGA;REGIÃO NORTE;80
4061.0;2024-05-31;7.0;13.0;23.0;28.0;716.0;34.0;1.0;7.0;23.0;556.0;34.0;0.0;34.0;876.0;29.0;33.0;4;5;5;4;5;4;4;0;0;0;0;0;0;0;1;0;0;0;0;0;0;0;1;0.0;0.0;0.0;0.0;0.0;0.0;0.0;0.0;0.0;1.0;0.0;0.0;0.0;0.0;0.0;0.0;0.0;0.0;0.0;0.0;0.0;0.0;0.0;0.0;0.0;0.0;0.0;0.0;0.0;0.0;0.0;0.0;0.0;0.0;0.0;1.0;1.0;0.0;0.0;0.0;1.0;0;1;0;30;ASTORGA;REGIÃO NORTE;81
4410.0;2024-06-30;11.0;17.0;23.0;25.0;689.0;32.0;0.0;11.0;20.0;503.0;32.0;0.0;32.0;876.0;3.0;4.0;5;4;4;4;4;5;4;0;0;0;0;0;0;1;0;0;0;0;0;0;0;0;1;0.0;0.0;0.0;0.0;0.0;0.0;0.0;0.0;0.0;1.0;0.0;0.0;0.0;0.0;0.0;0.0;0.0;0.0;0.0;0.0;0.0;0.0;0.0;0.0;0.0;0.0;0.0;0.0;0.0;0.0;0.0;0.0;0.0;0.0;0.0;1.0;1.0;0.0;0.0;0.0;1.0;0;0;0;30;ASTORGA;REGIÃO NORTE;82
5549.0;2024-07-31;8.0;10.0;18.0;23.0;564.0;29.0;3.0;8.0;19.0;431.0;29.0;0.0;29.0;696.0;41.0;88.0;4;5;4;5;4;4;5;0;0;0;0;0;1;0;0;0;0;0;0;0;0;0;1;0.0;0.0;0.0;0.0;0.0;0.0;0.0;0.0;0.0;1.0;0.0;0.0;0.0;0.0;0.0;0.0;0.0;0.0;0.0;0.0;0.0;0.0;0.0;0.0;0.0;0.0;0.0;0.0;0.0;0.0;0.0;0.0;0.0;0.0;0.0;1.0;1.0;0.0;0.0;0.0;1.0;12;0;0;0;ASTORGA;REGIÃO NORTE;83
6758.0;2024-08-31;4.0;12.0;20.0;27.0;633.0;36.0;1.0;4.0;22.0;447.0;36.0;0.0;36.0;818.0;19.0;46.0;4;4;5;4;5;5;4;0;1;0;0;0;0;0;0;0;0;0;0;0;0;0;1;0.0;0.0;0.0;0.0;0.0;0.0;0.0;0.0;0.0;1.0;0.0;0.0;0.0;0.0;0.0;0.0;0.0;0.0;0.0;0.0;0.0;0.0;0.0;0.0;0.0;0.0;0.0;0.0;0.0;0.0;0.0;0.0;0.0;0.0;0.0;1.0;1.0;0.0;0.0;0.0;1.0;0;0;0;0;ASTORGA;REGIÃO NORTE;84
8040.0;2024-09-30;12.0;18.0;24.0;29.0;713.0;38.0;1.0;12.0;21.0;503.0;38.0;0.0;38.0;923.0;26.0;43.0;5;4;4;5;4;4;4;0;0;0;0;0;0;0;0;0;0;0;1;0;0;0;1;0.0;0.0;0.0;0.0;0.0;0.0;0.0;0.0;0.0;1.0;0.0;0.0;0.0;0.0;0.0;0.0;0.0;0.0;0.0;0.0;0.0;0.0;0.0;0.0;0.0;0.0;0.0;0.0;0.0;0.0;0.0;0.0;0.0;0.0;0.0;1.0;1.0;0.0;0.0;0.0;1.0;0;0;0;0;ASTORGA;REGIÃO NORTE;85
8649.0;2024-10-31;16.0;21.0;25.0;31.0;776.0;37.0;4.0;16.0;26.0;631.0;37.0;0.0;37.0;921.0;28.0;112.0;4;5;5;4;4;4;5;0;0;0;0;0;0;0;0;0;0;1;0;0;0;0;1;0.0;0.0;0.0;0.0;0.0;0.0;0.0;0.0;0.0;1.0;0.0;0.0;0.0;0.0;0.0;0.0;0.0;0.0;0.0;0.0;0.0;0.0;0.0;0.0;0.0;0.0;0.0;0.0;0.0;0.0;0.0;0.0;0.0;0.0;0.0;1.0;1.0;0.0;0.0;0.0;1.0;0;0;0;0;ASTORGA;REGIÃO NORTE;86
2400.0;2015-04-30;10.0;17.0;20.0;22.0;592.0;28.0;3.0;10.0;19.0;433.0;28.0;0.0;28.0;752.0;51.0;99.0;4;5;5;4;4;4;4;1;0;0;0;0;0;0;0;0;0;0;0;0;0;0;0;1.0;0.0;0.0;0.0;0.0;0.0;0.0;0.0;0.0;0.0;1.0;0.0;0.0;0.0;0.0;0.0;0.0;0.0;0.0;0.0;0.0;0.0;0.0;0.0;0.0;0.0;0.0;0.0;0.0;0.0;0.0;0.0;0.0;0.0;0.0;1.0;0.0;0.0;0.0;0.0;0.0;0;1;0;0;BARRACÃO;REGIÃO SUL;1
2510.0;2015-05-31;5.0;10.0;17.0;22.0;512.0;27.0;12.0;5.0;19.0;385.0;27.0;0.0;27.0;639.0;115.0;363.0;5;4;4;4;5;5;4;0;0;0;0;0;0;0;1;0;0;0;0;0;0;0;0;1.0;0.0;0.0;0.0;0.0;0.0;0.0;0.0;0.0;0.0;1.0;0.0;0.0;0.0;0.0;0.0;0.0;0.0;0.0;0.0;0.0;0.0;0.0;0.0;0.0;0.0;0.0;0.0;0.0;0.0;0.0;0.0;0.0;0.0;0.0;1.0;0.0;0.0;0.0;0.0;0.0;0;0;0;0;BARRACÃO;REGIÃO SUL;2
2508.0;2015-06-30;2.0;8.0;17.0;21.0;499.0;27.0;6.0;2.0;16.0;345.0;27.0;0.0;27.0;652.0;85.0;169.0;4;4;4;5;4;4;5;0;0;0;0;0;0;1;0;0;0;0;0;0;0;0;0;1.0;0.0;0.0;0.0;0.0;0.0;0.0;0.0;0.0;0.0;1.0;0.0;0.0;0.0;0.0;0.0;0.0;0.0;0.0;0.0;0.0;0.0;0.0;0.0;0.0;0.0;0.0;0.0;0.0;0.0;0.0;0.0;0.0;0.0;0.0;1.0;0.0;0.0;0.0;0.0;0.0;0;1;0;0;BARRACÃO;REGIÃO SUL;3
2454.0;2015-07-31;2.0;8.0;14.0;20.0;445.0;26.0;17.0;2.0;15.0;322.0;26.0;0.0;26.0;568.0;118.0;521.0;4;5;5;4;5;4;4;0;0;0;0;0;1;0;0;0;0;0;0;0;0;0;0;1.0;0.0;0.0;0.0;0.0;0.0;0.0;0.0;0.0;0.0;1.0;0.0;0.0;0.0;0.0;0.0;0.0;0.0;0.0;0.0;0.0;0.0;0.0;0.0;0.0;0.0;0.0;0.0;0.0;0.0;0.0;0.0;0.0;0.0;0.0;1.0;0.0;0.0;0.0;0.0;0.0;15;0;0;0;BARRACÃO;REGIÃO SUL;4
2634.0;2015-08-31;6.0;13.0;20.0;24.0;606.0;31.0;3.0;6.0;17.0;408.0;31.0;0.0;31.0;804.0;51.0;95.0;5;4;4;5;4;5;4;0;1;0;0;0;0;0;0;0;0;0;0;0;0;0;0;1.0;0.0;0.0;0.0;0.0;0.0;0.0;0.0;0.0;0.0;1.0;0.0;0.0;0.0;0.0;0.0;0.0;0.0;0.0;0.0;0.0;0.0;0.0;0.0;0.0;0.0;0.0;0.0;0.0;0.0;0.0;0.0;0.0;0.0;0.0;1.0;0.0;0.0;0.0;0.0;0.0;0;0;0;0;BARRACÃO;REGIÃO SUL;5
2520.0;2015-09-30;1.0;9.0;20.0;28.0;594.0;35.0;6.0;1.0;21.0;407.0;35.0;0.0;35.0;780.0;35.0;177.0;4;5;4;4;4;4;5;0;0;0;0;0;0;0;0;0;0;0;1;0;0;0;0;1.0;0.0;0.0;0.0;0.0;0.0;0.0;0.0;0.0;0.0;1.0;0.0;0.0;0.0;0.0;0.0;0.0;0.0;0.0;0.0;0.0;0.0;0.0;0.0;0.0;0.0;0.0;0.0;0.0;0.0;0.0;0.0;0.0;0.0;0.0;1.0;0.0;0.0;0.0;0.0;0.0;0;0;0;0;BARRACÃO;REGIÃO SUL;6
1964.0;2015-10-31;8.0;13.0;21.0;28.0;654.0;34.0;7.0;8.0;22.0;494.0;34.0;0.0;34.0;814.0;40.0;209.0;4;4;5;4;5;5;4;0;0;0;0;0;0;0;0;0;0;1;0;0;0;0;0;1.0;0.0;0.0;0.0;0.0;0.0;0.0;0.0;0.0;0.0;1.0;0.0;0.0;0.0;0.0;0.0;0.0;0.0;0.0;0.0;0.0;0.0;0.0;0.0;0.0;0.0;0.0;0.0;0.0;0.0;0.0;0.0;0.0;0.0;0.0;1.0;0.0;0.0;0.0;0.0;0.0;0;0;0;0;BARRACÃO;REGIÃO SUL;7
1914.0;2015-11-30;8.0;17.0;21.0;26.0;619.0;32.0;11.0;8.0;21.0;498.0;32.0;0.0;32.0;740.0;80.0;344.0;5;4;4;5;4;4;4;0;0;0;0;0;0;0;0;0;1;0;0;0;0;0;0;1.0;0.0;0.0;0.0;0.0;0.0;0.0;0.0;0.0;0.0;1.0;0.0;0.0;0.0;0.0;0.0;0.0;0.0;0.0;0.0;0.0;0.0;0.0;0.0;0.0;0.0;0.0;0.0;0.0;0.0;0.0;0.0;0.0;0.0;0.0;1.0;0.0;0.0;0.0;0.0;0.0;0;0;0;0;BARRACÃO;REGIÃO SUL;8
2078.0;2015-12-31;12.0;19.0;22.0;25.0;689.0;31.0;12.0;12.0;21.0;559.0;31.0;0.0;31.0;820.0;83.0;361.0;4;5;5;4;4;4;5;0;0;1;0;0;0;0;0;0;0;0;0;0;0;0;0;1.0;0.0;0.0;0.0;0.0;0.0;0.0;0.0;0.0;0.0;1.0;0.0;0.0;0.0;0.0;0.0;0.0;0.0;0.0;0.0;0.0;0.0;0.0;0.0;0.0;0.0;0.0;0.0;0.0;0.0;0.0;0.0;0.0;0.0;0.0;1.0;0.0;0.0;0.0;0.0;0.0;0;0;0;0;BARRACÃO;REGIÃO SUL;9
1064.0;2016-01-31;16.0;20.0;24.0;27.0;754.0;34.0;6.0;16.0;22.0;590.0;34.0;0.0;34.0;918.0;91.0;189.0;5;4;4;4;5;5;4;0;0;0;0;1;0;0;0;0;0;0;0;0;0;0;0;0.0;1.0;0.0;0.0;0.0;0.0;0.0;0.0;0.0;0.0;1.0;0.0;0.0;0.0;0.0;0.0;0.0;0.0;0.0;0.0;0.0;0.0;0.0;0.0;0.0;0.0;0.0;0.0;0.0;0.0;0.0;0.0;0.0;0.0;0.0;1.0;0.0;0.0;0.0;0.0;0.0;31;0;0;0;BARRACÃO;REGIÃO SUL;10
2091.0;2016-02-29;17.0;20.0;24.0;27.0;702.0;32.0;6.0;17.0;22.0;567.0;32.0;0.0;32.0;837.0;46.0;185.0;4;4;4;5;4;4;4;0;0;0;1;0;0;0;0;0;0;0;0;0;0;0;0;0.0;1.0;0.0;0.0;0.0;0.0;0.0;0.0;0.0;0.0;1.0;0.0;0.0;0.0;0.0;0.0;0.0;0.0;0.0;0.0;0.0;0.0;0.0;0.0;0.0;0.0;0.0;0.0;0.0;0.0;0.0;0.0;0.0;0.0;0.0;1.0;0.0;0.0;0.0;0.0;0.0;0;3;0;0;BARRACÃO;REGIÃO SUL;11
2718.0;2016-03-31;12.0;17.0;21.0;25.0;648.0;31.0;4.0;12.0;21.0;509.0;31.0;0.0;31.0;786.0;38.0;137.0;4;5;5;4;4;4;5;0;0;0;0;0;0;0;0;1;0;0;0;0;0;0;0;0.0;1.0;0.0;0.0;0.0;0.0;0.0;0.0;0.0;0.0;1.0;0.0;0.0;0.0;0.0;0.0;0.0;0.0;0.0;0.0;0.0;0.0;0.0;0.0;0.0;0.0;0.0;0.0;0.0;0.0;0.0;0.0;0.0;0.0;0.0;1.0;0.0;0.0;0.0;0.0;0.0;0;1;0;0;BARRACÃO;REGIÃO SUL;12
2620.0;2016-04-30;2.0;8.0;22.0;26.0;652.0;32.0;3.0;2.0;21.0;499.0;32.0;0.0;32.0;806.0;56.0;95.0;4;4;4;4;5;5;4;1;0;0;0;0;0;0;0;0;0;0;0;0;0;0;0;0.0;1.0;0.0;0.0;0.0;0.0;0.0;0.0;0.0;0.0;1.0;0.0;0.0;0.0;0.0;0.0;0.0;0.0;0.0;0.0;0.0;0.0;0.0;0.0;0.0;0.0;0.0;0.0;0.0;0.0;0.0;0.0;0.0;0.0;0.0;1.0;0.0;0.0;0.0;0.0;0.0;0;0;0;0;BARRACÃO;REGIÃO SUL;13
2490.0;2016-05-31;2.0;9.0;15.0;20.0;457.0;25.0;4.0;2.0;15.0;330.0;25.0;0.0;25.0;584.0;28.0;120.0;5;4;4;5;4;4;5;0;0;0;0;0;0;0;1;0;0;0;0;0;0;0;0;0.0;1.0;0.0;0.0;0.0;0.0;0.0;0.0;0.0;0.0;1.0;0.0;0.0;0.0;0.0;0.0;0.0;0.0;0.0;0.0;0.0;0.0;0.0;0.0;0.0;0.0;0.0;0.0;0.0;0.0;0.0;0.0;0.0;0.0;0.0;1.0;0.0;0.0;0.0;0.0;0.0;0;1;0;0;BARRACÃO;REGIÃO SUL;14
3085.0;2016-06-30;-1.0;6.0;12.0;19.0;360.0;26.0;1.0;-1.0;13.0;203.0;26.0;0.0;26.0;518.0;24.0;37.0;4;5;5;4;4;4;4;0;0;0;0;0;0;1;0;0;0;0;0;0;0;0;0;0.0;1.0;0.0;0.0;0.0;0.0;0.0;0.0;0.0;0.0;1.0;0.0;0.0;0.0;0.0;0.0;0.0;0.0;0.0;0.0;0.0;0.0;0.0;0.0;0.0;0.0;0.0;0.0;0.0;0.0;0.0;0.0;0.0;0.0;0.0;1.0;0.0;0.0;0.0;0.0;0.0;0;0;0;0;BARRACÃO;REGIÃO SUL;15
3275.0;2016-07-31;-1.0;4.0;15.0;22.0;456.0;28.0;3.0;-1.0;18.0;273.0;28.0;0.0;28.0;639.0;24.0;104.0;5;4;4;4;5;5;4;0;0;0;0;0;1;0;0;0;0;0;0;0;0;0;0;0.0;1.0;0.0;0.0;0.0;0.0;0.0;0.0;0.0;0.0;1.0;0.0;0.0;0.0;0.0;0.0;0.0;0.0;0.0;0.0;0.0;0.0;0.0;0.0;0.0;0.0;0.0;0.0;0.0;0.0;0.0;0.0;0.0;0.0;0.0;1.0;0.0;0.0;0.0;0.0;0.0;14;0;0;0;BARRACÃO;REGIÃO SUL;16
3037.0;2016-08-31;2.0;9.0;16.0;23.0;511.0;31.0;12.0;2.0;16.0;338.0;31.0;0.0;31.0;683.0;131.0;364.0;4;5;4;5;4;4;5;0;1;0;0;0;0;0;0;0;0;0;0;0;0;0;0;0.0;1.0;0.0;0.0;0.0;0.0;0.0;0.0;0.0;0.0;1.0;0.0;0.0;0.0;0.0;0.0;0.0;0.0;0.0;0.0;0.0;0.0;0.0;0.0;0.0;0.0;0.0;0.0;0.0;0.0;0.0;0.0;0.0;0.0;0.0;1.0;0.0;0.0;0.0;0.0;0.0;0;0;0;0;BARRACÃO;REGIÃO SUL;17
2639.0;2016-09-30;2.0;10.0;17.0;22.0;500.0;32.0;4.0;2.0;19.0;295.0;32.0;0.0;32.0;705.0;72.0;118.0;4;4;5;4;5;4;4;0;0;0;0;0;0;0;0;0;0;0;1;0;0;0;0;0.0;1.0;0.0;0.0;0.0;0.0;0.0;0.0;0.0;0.0;1.0;0.0;0.0;0.0;0.0;0.0;0.0;0.0;0.0;0.0;0.0;0.0;0.0;0.0;0.0;0.0;0.0;0.0;0.0;0.0;0.0;0.0;0.0;0.0;0.0;1.0;0.0;0.0;0.0;0.0;0.0;0;0;0;0;BARRACÃO;REGIÃO SUL;18
2448.0;2016-10-31;5.0;13.0;19.0;26.0;602.0;33.0;9.0;5.0;20.0;428.0;33.0;0.0;33.0;775.0;54.0;293.0;5;4;4;5;4;5;4;0;0;0;0;0;0;0;0;0;0;1;0;0;0;0;0;0.0;1.0;0.0;0.0;0.0;0.0;0.0;0.0;0.0;0.0;1.0;0.0;0.0;0.0;0.0;0.0;0.0;0.0;0.0;0.0;0.0;0.0;0.0;0.0;0.0;0.0;0.0;0.0;0.0;0.0;0.0;0.0;0.0;0.0;0.0;1.0;0.0;0.0;0.0;0.0;0.0;0;0;0;0;BARRACÃO;REGIÃO SUL;19
2532.0;2016-11-30;6.0;14.0;20.0;24.0;612.0;32.0;3.0;6.0;20.0;422.0;32.0;0.0;32.0;802.0;47.0;92.0;4;5;4;4;4;4;5;0;0;0;0;0;0;0;0;0;1;0;0;0;0;0;0;0.0;1.0;0.0;0.0;0.0;0.0;0.0;0.0;0.0;0.0;1.0;0.0;0.0;0.0;0.0;0.0;0.0;0.0;0.0;0.0;0.0;0.0;0.0;0.0;0.0;0.0;0.0;0.0;0.0;0.0;0.0;0.0;0.0;0.0;0.0;1.0;0.0;0.0;0.0;0.0;0.0;0;0;0;0;BARRACÃO;REGIÃO SUL;20
2370.0;2016-12-31;9.0;18.0;22.0;26.0;680.0;31.0;6.0;9.0;20.0;529.0;31.0;0.0;31.0;832.0;83.0;200.0;4;4;5;4;5;5;4;0;0;1;0;0;0;0;0;0;0;0;0;0;0;0;0;0.0;1.0;0.0;0.0;0.0;0.0;0.0;0.0;0.0;0.0;1.0;0.0;0.0;0.0;0.0;0.0;0.0;0.0;0.0;0.0;0.0;0.0;0.0;0.0;0.0;0.0;0.0;0.0;0.0;0.0;0.0;0.0;0.0;0.0;0.0;1.0;0.0;0.0;0.0;0.0;0.0;0;0;0;0;BARRACÃO;REGIÃO SUL;21
1778.0;2017-01-31;12.0;17.0;23.0;26.0;723.0;32.0;2.0;12.0;20.0;558.0;32.0;0.0;32.0;889.0;11.0;77.0;5;4;4;5;4;4;5;0;0;0;0;1;0;0;0;0;0;0;0;0;0;0;0;0.0;0.0;1.0;0.0;0.0;0.0;0.0;0.0;0.0;0.0;1.0;0.0;0.0;0.0;0.0;0.0;0.0;0.0;0.0;0.0;0.0;0.0;0.0;0.0;0.0;0.0;0.0;0.0;0.0;0.0;0.0;0.0;0.0;0.0;0.0;1.0;0.0;0.0;0.0;0.0;0.0;31;0;0;0;BARRACÃO;REGIÃO SUL;22
2504.0;2017-02-28;13.0;20.0;24.0;26.0;662.0;34.0;3.0;13.0;21.0;511.0;34.0;0.0;34.0;812.0;40.0;91.0;4;4;4;4;4;4;4;0;0;0;1;0;0;0;0;0;0;0;0;0;0;0;0;0.0;0.0;1.0;0.0;0.0;0.0;0.0;0.0;0.0;0.0;1.0;0.0;0.0;0.0;0.0;0.0;0.0;0.0;0.0;0.0;0.0;0.0;0.0;0.0;0.0;0.0;0.0;0.0;0.0;0.0;0.0;0.0;0.0;0.0;0.0;1.0;0.0;0.0;0.0;0.0;0.0;0;2;0;0;BARRACÃO;REGIÃO SUL;23
2973.0;2017-03-31;11.0;16.0;22.0;27.0;683.0;33.0;4.0;11.0;21.0;527.0;33.0;0.0;33.0;839.0;60.0;125.0;4;5;5;4;5;4;4;0;0;0;0;0;0;0;0;1;0;0;0;0;0;0;0;0.0;0.0;1.0;0.0;0.0;0.0;0.0;0.0;0.0;0.0;1.0;0.0;0.0;0.0;0.0;0.0;0.0;0.0;0.0;0.0;0.0;0.0;0.0;0.0;0.0;0.0;0.0;0.0;0.0;0.0;0.0;0.0;0.0;0.0;0.0;1.0;0.0;0.0;0.0;0.0;0.0;0;1;0;0;BARRACÃO;REGIÃO SUL;24
2290.0;2017-04-30;5.0;11.0;19.0;23.0;568.0;27.0;6.0;5.0;20.0;439.0;27.0;0.0;27.0;695.0;50.0;191.0;5;4;4;4;4;5;4;1;0;0;0;0;0;0;0;0;0;0;0;0;0;0;0;0.0;0.0;1.0;0.0;0.0;0.0;0.0;0.0;0.0;0.0;1.0;0.0;0.0;0.0;0.0;0.0;0.0;0.0;0.0;0.0;0.0;0.0;0.0;0.0;0.0;0.0;0.0;0.0;0.0;0.0;0.0;0.0;0.0;0.0;0.0;1.0;0.0;0.0;0.0;0.0;0.0;0;1;0;0;BARRACÃO;REGIÃO SUL;25
2587.0;2017-05-31;8.0;14.0;18.0;23.0;544.0;27.0;5.0;8.0;19.0;421.0;27.0;0.0;27.0;667.0;50.0;144.0;4;5;4;5;4;4;5;0;0;0;0;0;0;0;1;0;0;0;0;0;0;0;0;0.0;0.0;1.0;0.0;0.0;0.0;0.0;0.0;0.0;0.0;1.0;0.0;0.0;0.0;0.0;0.0;0.0;0.0;0.0;0.0;0.0;0.0;0.0;0.0;0.0;0.0;0.0;0.0;0.0;0.0;0.0;0.0;0.0;0.0;0.0;1.0;0.0;0.0;0.0;0.0;0.0;0;0;0;0;BARRACÃO;REGIÃO SUL;26
2438.0;2017-06-30;1.0;7.0;15.0;21.0;461.0;27.0;2.0;1.0;16.0;312.0;27.0;0.0;27.0;610.0;47.0;62.0;4;4;5;4;5;4;4;0;0;0;0;0;0;1;0;0;0;0;0;0;0;0;0;0.0;0.0;1.0;0.0;0.0;0.0;0.0;0.0;0.0;0.0;1.0;0.0;0.0;0.0;0.0;0.0;0.0;0.0;0.0;0.0;0.0;0.0;0.0;0.0;0.0;0.0;0.0;0.0;0.0;0.0;0.0;0.0;0.0;0.0;0.0;1.0;0.0;0.0;0.0;0.0;0.0;0;1;0;0;BARRACÃO;REGIÃO SUL;27
2193.0;2017-07-31;-3.0;3.0;16.0;20.0;483.0;28.0;0.0;-3.0;15.0;269.0;28.0;0.0;28.0;698.0;3.0;5.0;5;4;4;5;4;5;4;0;0;0;0;0;1;0;0;0;0;0;0;0;0;0;0;0.0;0.0;1.0;0.0;0.0;0.0;0.0;0.0;0.0;0.0;1.0;0.0;0.0;0.0;0.0;0.0;0.0;0.0;0.0;0.0;0.0;0.0;0.0;0.0;0.0;0.0;0.0;0.0;0.0;0.0;0.0;0.0;0.0;0.0;0.0;1.0;0.0;0.0;0.0;0.0;0.0;16;0;0;0;BARRACÃO;REGIÃO SUL;28
2432.0;2017-08-31;4.0;11.0;18.0;23.0;552.0;30.0;9.0;4.0;17.0;364.0;30.0;0.0;30.0;740.0;88.0;294.0;4;5;5;4;4;4;5;0;1;0;0;0;0;0;0;0;0;0;0;0;0;0;0;0.0;0.0;1.0;0.0;0.0;0.0;0.0;0.0;0.0;0.0;1.0;0.0;0.0;0.0;0.0;0.0;0.0;0.0;0.0;0.0;0.0;0.0;0.0;0.0;0.0;0.0;0.0;0.0;0.0;0.0;0.0;0.0;0.0;0.0;0.0;1.0;0.0;0.0;0.0;0.0;0.0;0;0;0;0;BARRACÃO;REGIÃO SUL;29
2406.0;2017-09-30;10.0;15.0;22.0;25.0;650.0;34.0;5.0;10.0;17.0;458.0;34.0;0.0;34.0;843.0;57.0;155.0;4;4;4;4;5;5;4;0;0;0;0;0;0;0;0;0;0;0;1;0;0;0;0;0.0;0.0;1.0;0.0;0.0;0.0;0.0;0.0;0.0;0.0;1.0;0.0;0.0;0.0;0.0;0.0;0.0;0.0;0.0;0.0;0.0;0.0;0.0;0.0;0.0;0.0;0.0;0.0;0.0;0.0;0.0;0.0;0.0;0.0;0.0;1.0;0.0;0.0;0.0;0.0;0.0;0;0;0;0;BARRACÃO;REGIÃO SUL;30
2434.0;2017-10-31;6.0;15.0;19.0;27.0;600.0;34.0;22.0;6.0;20.0;440.0;34.0;0.0;34.0;758.0;155.0;681.0;5;4;4;5;4;4;5;0;0;0;0;0;0;0;0;0;0;1;0;0;0;0;0;0.0;0.0;1.0;0.0;0.0;0.0;0.0;0.0;0.0;0.0;1.0;0.0;0.0;0.0;0.0;0.0;0.0;0.0;0.0;0.0;0.0;0.0;0.0;0.0;0.0;0.0;0.0;0.0;0.0;0.0;0.0;0.0;0.0;0.0;0.0;1.0;0.0;0.0;0.0;0.0;0.0;0;0;0;0;BARRACÃO;REGIÃO SUL;31
2364.0;2017-11-30;9.0;15.0;20.0;23.0;588.0;31.0;13.0;9.0;18.0;408.0;31.0;0.0;31.0;769.0;89.0;385.0;4;5;5;4;4;4;4;0;0;0;0;0;0;0;0;0;1;0;0;0;0;0;0;0.0;0.0;1.0;0.0;0.0;0.0;0.0;0.0;0.0;0.0;1.0;0.0;0.0;0.0;0.0;0.0;0.0;0.0;0.0;0.0;0.0;0.0;0.0;0.0;0.0;0.0;0.0;0.0;0.0;0.0;0.0;0.0;0.0;0.0;0.0;1.0;0.0;0.0;0.0;0.0;0.0;0;0;0;0;BARRACÃO;REGIÃO SUL;32
3289.0;2017-12-31;14.0;20.0;23.0;26.0;713.0;33.0;4.0;14.0;21.0;546.0;33.0;0.0;33.0;880.0;45.0;113.0;5;4;4;4;5;5;4;0;0;1;0;0;0;0;0;0;0;0;0;0;0;0;0;0.0;0.0;1.0;0.0;0.0;0.0;0.0;0.0;0.0;0.0;1.0;0.0;0.0;0.0;0.0;0.0;0.0;0.0;0.0;0.0;0.0;0.0;0.0;0.0;0.0;0.0;0.0;0.0;0.0;0.0;0.0;0.0;0.0;0.0;0.0;1.0;0.0;0.0;0.0;0.0;0.0;0;0;0;0;BARRACÃO;REGIÃO SUL;33
2239.0;2018-01-31;15.0;21.0;23.0;24.0;705.0;31.0;7.0;15.0;20.0;561.0;31.0;0.0;31.0;848.0;58.0;211.0;4;5;4;5;4;4;5;0;0;0;0;1;0;0;0;0;0;0;0;0;0;0;0;0.0;0.0;0.0;1.0;0.0;0.0;0.0;0.0;0.0;0.0;1.0;0.0;0.0;0.0;0.0;0.0;0.0;0.0;0.0;0.0;0.0;0.0;0.0;0.0;0.0;0.0;0.0;0.0;0.0;0.0;0.0;0.0;0.0;0.0;0.0;1.0;0.0;0.0;0.0;0.0;0.0;31;0;0;0;BARRACÃO;REGIÃO SUL;34
1648.0;2018-02-28;13.0;20.0;23.0;25.0;634.0;32.0;3.0;13.0;19.0;478.0;32.0;0.0;32.0;791.0;17.0;75.0;4;4;4;4;4;4;4;0;0;0;1;0;0;0;0;0;0;0;0;0;0;0;0;0.0;0.0;0.0;1.0;0.0;0.0;0.0;0.0;0.0;0.0;1.0;0.0;0.0;0.0;0.0;0.0;0.0;0.0;0.0;0.0;0.0;0.0;0.0;0.0;0.0;0.0;0.0;0.0;0.0;0.0;0.0;0.0;0.0;0.0;0.0;1.8214285714285714;0.0;0.0;0.0;0.0;0.0;0;3;0;0;BARRACÃO;REGIÃO SUL;35
3490.0;2018-03-31;10.0;17.0;22.0;26.0;691.0;32.0;9.0;10.0;22.0;542.0;32.0;0.0;32.0;840.0;44.0;281.0;4;4;5;4;5;5;4;0;0;0;0;0;0;0;0;1;0;0;0;0;0;0;0;0.0;0.0;0.0;1.0;0.0;0.0;0.0;0.0;0.0;0.0;1.0;0.0;0.0;0.0;0.0;0.0;0.0;0.0;0.0;0.0;0.0;0.0;0.0;0.0;0.0;0.0;0.0;0.0;0.0;0.0;0.0;0.0;0.0;0.0;0.0;2.0;0.0;0.0;0.0;0.0;0.0;0;1;0;0;BARRACÃO;REGIÃO SUL;36
2814.0;2018-04-30;13.0;20.0;22.0;24.0;657.0;30.0;1.0;13.0;19.0;483.0;30.0;0.0;30.0;830.0;22.0;26.0;5;4;4;5;4;4;4;1;0;0;0;0;0;0;0;0;0;0;0;0;0;0;0;0.0;0.0;0.0;1.0;0.0;0.0;0.0;0.0;0.0;0.0;1.0;0.0;0.0;0.0;0.0;0.0;0.0;0.0;0.0;0.0;0.0;0.0;0.0;0.0;0.0;0.0;0.0;0.0;0.0;0.0;0.0;0.0;0.0;0.0;0.0;2.0;0.0;0.0;0.0;0.0;0.0;0;0;0;0;BARRACÃO;REGIÃO SUL;37
2862.0;2018-05-31;3.0;8.0;17.0;23.0;530.0;29.0;5.0;3.0;17.0;380.0;29.0;0.0;29.0;681.0;74.0;169.0;4;5;5;4;4;4;5;0;0;0;0;0;0;0;1;0;0;0;0;0;0;0;0;0.0;0.0;0.0;1.0;0.0;0.0;0.0;0.0;0.0;0.0;1.0;0.0;0.0;0.0;0.0;0.0;0.0;0.0;0.0;0.0;0.0;0.0;0.0;0.0;0.0;0.0;0.0;0.0;0.0;0.0;0.0;0.0;0.0;0.0;0.0;2.0;0.0;0.0;0.0;0.0;0.0;0;1;0;0;BARRACÃO;REGIÃO SUL;38
2622.0;2018-06-30;0.0;5.0;14.0;22.0;412.0;25.0;5.0;0.0;20.0;277.0;25.0;0.0;25.0;548.0;47.0;138.0;4;4;4;4;5;5;4;0;0;0;0;0;0;1;0;0;0;0;0;0;0;0;0;0.0;0.0;0.0;1.0;0.0;0.0;0.0;0.0;0.0;0.0;1.0;0.0;0.0;0.0;0.0;0.0;0.0;0.0;0.0;0.0;0.0;0.0;0.0;0.0;0.0;0.0;0.0;0.0;0.0;0.0;0.0;0.0;0.0;0.0;0.0;2.0;0.0;0.0;0.0;0.0;0.0;0;0;0;0;BARRACÃO;REGIÃO SUL;39
2443.0;2018-07-31;2.0;7.0;15.0;22.0;473.0;28.0;0.0;2.0;16.0;311.0;28.0;0.0;28.0;635.0;8.0;15.0;5;4;4;5;4;4;5;0;0;0;0;0;1;0;0;0;0;0;0;0;0;0;0;0.0;0.0;0.0;1.0;0.0;0.0;0.0;0.0;0.0;0.0;1.0;0.0;0.0;0.0;0.0;0.0;0.0;0.0;0.0;0.0;0.0;0.0;0.0;0.0;0.0;0.0;0.0;0.0;0.0;0.0;0.0;0.0;0.0;0.0;0.0;2.0;0.0;0.0;0.0;0.0;0.0;16;0;0;0;BARRACÃO;REGIÃO SUL;40
2607.0;2018-08-31;-0.0;6.0;14.0;22.0;426.0;31.0;3.0;-0.0;16.0;237.0;31.0;0.0;31.0;615.0;28.0;89.0;4;5;5;4;5;4;4;0;1;0;0;0;0;0;0;0;0;0;0;0;0;0;0;0.0;0.0;0.0;1.0;0.0;0.0;0.0;0.0;0.0;0.0;1.0;0.0;0.0;0.0;0.0;0.0;0.0;0.0;0.0;0.0;0.0;0.0;0.0;0.0;0.0;0.0;0.0;0.0;0.0;0.0;0.0;0.0;0.0;0.0;0.0;2.0;0.0;0.0;0.0;0.0;0.0;0;0;0;0;BARRACÃO;REGIÃO SUL;41
2448.0;2018-09-30;5.0;11.0;18.0;26.0;550.0;33.0;10.0;5.0;18.0;385.0;33.0;0.0;33.0;716.0;102.0;307.0;5;4;4;4;4;5;4;0;0;0;0;0;0;0;0;0;0;0;1;0;0;0;0;0.0;0.0;0.0;1.0;0.0;0.0;0.0;0.0;0.0;0.0;1.0;0.0;0.0;0.0;0.0;0.0;0.0;0.0;0.0;0.0;0.0;0.0;0.0;0.0;0.0;0.0;0.0;0.0;0.0;0.0;0.0;0.0;0.0;0.0;0.0;2.0;0.0;0.0;0.0;0.0;0.0;0;0;0;0;BARRACÃO;REGIÃO SUL;42
2634.0;2018-10-31;9.0;15.0;19.0;22.0;589.0;30.0;12.0;9.0;18.0;459.0;30.0;0.0;30.0;718.0;69.0;362.0;4;5;4;5;4;4;5;0;0;0;0;0;0;0;0;0;0;1;0;0;0;0;0;0.0;0.0;0.0;1.0;0.0;0.0;0.0;0.0;0.0;0.0;1.0;0.0;0.0;0.0;0.0;0.0;0.0;0.0;0.0;0.0;0.0;0.0;0.0;0.0;0.0;0.0;0.0;0.0;0.0;0.0;0.0;0.0;0.0;0.0;0.0;2.0;0.0;0.0;0.0;0.0;0.0;0;0;0;0;BARRACÃO;REGIÃO SUL;43
2730.0;2018-11-30;13.0;18.0;22.0;25.0;652.0;32.0;6.0;13.0;20.0;492.0;32.0;0.0;32.0;811.0;50.0;173.0;4;4;5;4;5;4;4;0;0;0;0;0;0;0;0;0;1;0;0;0;0;0;0;0.0;0.0;0.0;1.0;0.0;0.0;0.0;0.0;0.0;0.0;1.0;0.0;0.0;0.0;0.0;0.0;0.0;0.0;0.0;0.0;0.0;0.0;0.0;0.0;0.0;0.0;0.0;0.0;0.0;0.0;0.0;0.0;0.0;0.0;0.0;2.0;0.0;0.0;0.0;0.0;0.0;0;0;0;0;BARRACÃO;REGIÃO SUL;44
2860.0;2018-12-31;9.0;17.0;23.0;26.0;704.0;34.0;3.0;9.0;20.0;508.0;34.0;0.0;34.0;900.0;14.0;88.0;5;4;4;5;4;5;4;0;0;1;0;0;0;0;0;0;0;0;0;0;0;0;0;0.0;0.0;0.0;1.0;0.0;0.0;0.0;0.0;0.0;0.0;1.0;0.0;0.0;0.0;0.0;0.0;0.0;0.0;0.0;0.0;0.0;0.0;0.0;0.0;0.0;0.0;0.0;0.0;0.0;0.0;0.0;0.0;0.0;0.0;0.0;2.0;0.0;0.0;0.0;0.0;0.0;0;0;0;0;BARRACÃO;REGIÃO SUL;45
1878.0;2019-01-31;15.0;21.0;25.0;27.0;772.0;34.0;4.0;15.0;21.0;601.0;34.0;0.0;34.0;944.0;38.0;135.0;4;5;5;4;4;4;5;0;0;0;0;1;0;0;0;0;0;0;0;0;0;0;0;0.0;0.0;0.0;0.0;1.0;0.0;0.0;0.0;0.0;0.0;1.0;0.0;0.0;0.0;0.0;0.0;0.0;0.0;0.0;0.0;0.0;0.0;0.0;0.0;0.0;0.0;0.0;0.0;0.0;0.0;0.0;0.0;0.0;0.0;0.0;2.0;0.0;0.0;0.0;0.0;0.0;31;0;0;0;BARRACÃO;REGIÃO SUL;46
2454.0;2019-02-28;13.0;19.0;23.0;28.0;642.0;34.0;5.0;13.0;21.0;488.0;34.0;0.0;34.0;796.0;39.0;140.0;4;4;4;4;4;4;4;0;0;0;1;0;0;0;0;0;0;0;0;0;0;0;0;0.0;0.0;0.0;0.0;1.0;0.0;0.0;0.0;0.0;0.0;1.0;0.0;0.0;0.0;0.0;0.0;0.0;0.0;0.0;0.0;0.0;0.0;0.0;0.0;0.0;0.0;0.0;0.0;0.0;0.0;0.0;0.0;0.0;0.0;0.0;2.0;0.0;0.0;0.0;0.0;0.0;0;0;0;0;BARRACÃO;REGIÃO SUL;47
2515.0;2019-03-31;11.0;18.0;21.0;25.0;654.0;32.0;6.0;11.0;19.0;495.0;32.0;0.0;32.0;813.0;57.0;179.0;5;4;4;4;5;5;4;0;0;0;0;0;0;0;0;1;0;0;0;0;0;0;0;0.0;0.0;0.0;0.0;1.0;0.0;0.0;0.0;0.0;0.0;1.0;0.0;0.0;0.0;0.0;0.0;0.0;0.0;0.0;0.0;0.0;0.0;0.0;0.0;0.0;0.0;0.0;0.0;0.0;0.0;0.0;0.0;0.0;0.0;0.0;2.0;0.0;0.0;0.0;0.0;0.0;0;3;0;0;BARRACÃO;REGIÃO SUL;48
2658.0;2019-04-30;11.0;16.0;20.0;23.0;609.0;29.0;6.0;11.0;19.0;471.0;29.0;0.0;29.0;746.0;51.0;180.0;4;4;4;5;4;4;5;1;0;0;0;0;0;0;0;0;0;0;0;0;0;0;0;0.0;0.0;0.0;0.0;1.0;0.0;0.0;0.0;0.0;0.0;1.0;0.0;0.0;0.0;0.0;0.0;0.0;0.0;0.0;0.0;0.0;0.0;0.0;0.0;0.0;0.0;0.0;0.0;0.0;0.0;0.0;0.0;0.0;0.0;0.0;2.0;0.0;0.0;0.0;0.0;0.0;0;1;0;0;BARRACÃO;REGIÃO SUL;49
2541.0;2019-05-31;8.0;11.0;18.0;23.0;545.0;27.0;10.0;8.0;18.0;431.0;27.0;0.0;27.0;660.0;94.0;298.0;4;5;5;4;5;4;4;0;0;0;0;0;0;0;1;0;0;0;0;0;0;0;0;0.0;0.0;0.0;0.0;1.0;0.0;0.0;0.0;0.0;0.0;1.0;0.0;0.0;0.0;0.0;0.0;0.0;0.0;0.0;0.0;0.0;0.0;0.0;0.0;0.0;0.0;0.0;0.0;0.0;0.0;0.0;0.0;0.0;0.0;0.0;2.0;0.0;0.0;0.0;0.0;0.0;0;0;0;0;BARRACÃO;REGIÃO SUL;50
2358.0;2019-06-30;5.0;9.0;18.0;22.0;533.0;28.0;2.0;5.0;16.0;371.0;28.0;0.0;28.0;695.0;53.0;57.0;5;4;4;4;4;5;4;0;0;0;0;0;0;1;0;0;0;0;0;0;0;0;0;0.0;0.0;0.0;0.0;1.0;0.0;0.0;0.0;0.0;0.0;1.0;0.0;0.0;0.0;0.0;0.0;0.0;0.0;0.0;0.0;0.0;0.0;0.0;0.0;0.0;0.0;0.0;0.0;0.0;0.0;0.0;0.0;0.0;0.0;0.0;2.0;0.0;0.0;0.0;0.0;0.0;0;1;0;0;BARRACÃO;REGIÃO SUL;51
2373.0;2019-07-31;-4.0;3.0;14.0;22.0;421.0;26.0;1.0;-4.0;17.0;264.0;26.0;0.0;26.0;579.0;10.0;46.0;4;5;4;5;4;4;5;0;0;0;0;0;1;0;0;0;0;0;0;0;0;0;0;0.0;0.0;0.0;0.0;1.0;0.0;0.0;0.0;0.0;0.0;1.0;0.0;0.0;0.0;0.0;0.0;0.0;0.0;0.0;0.0;0.0;0.0;0.0;0.0;0.0;0.0;0.0;0.0;0.0;0.0;0.0;0.0;0.0;0.0;0.0;2.0;0.0;0.0;0.0;0.0;0.0;16;0;0;0;BARRACÃO;REGIÃO SUL;52
2469.0;2019-08-31;-1.0;6.0;16.0;22.0;508.0;31.0;1.0;-1.0;16.0;297.0;31.0;0.0;31.0;718.0;13.0;19.0;4;4;5;4;5;5;4;0;1;0;0;0;0;0;0;0;0;0;0;0;0;0;0;0.0;0.0;0.0;0.0;1.0;0.0;0.0;0.0;0.0;0.0;1.0;0.0;0.0;0.0;0.0;0.0;0.0;0.0;0.0;0.0;0.0;0.0;0.0;0.0;0.0;0.0;0.0;0.0;0.0;0.0;0.0;0.0;0.0;0.0;0.0;2.0;0.0;0.0;0.0;0.0;0.0;0;0;0;0;BARRACÃO;REGIÃO SUL;53
2874.0;2019-09-30;4.0;14.0;20.0;27.0;603.0;35.0;2.0;4.0;19.0;409.0;35.0;0.0;35.0;798.0;30.0;52.0;5;4;4;5;4;4;4;0;0;0;0;0;0;0;0;0;0;0;1;0;0;0;0;0.0;0.0;0.0;0.0;1.0;0.0;0.0;0.0;0.0;0.0;1.0;0.0;0.0;0.0;0.0;0.0;0.0;0.0;0.0;0.0;0.0;0.0;0.0;0.0;0.0;0.0;0.0;0.0;0.0;0.0;0.0;0.0;0.0;0.0;0.0;2.0;0.0;0.0;0.0;0.0;0.0;0;0;0;0;BARRACÃO;REGIÃO SUL;54
3317.0;2019-10-31;9.0;16.0;23.0;28.0;700.0;36.0;4.0;9.0;22.0;512.0;36.0;0.0;36.0;887.0;25.0;116.0;4;5;5;4;4;4;5;0;0;0;0;0;0;0;0;0;0;1;0;0;0;0;0;0.0;0.0;0.0;0.0;1.0;0.0;0.0;0.0;0.0;0.0;1.0;0.0;0.0;0.0;0.0;0.0;0.0;0.0;0.0;0.0;0.0;0.0;0.0;0.0;0.0;0.0;0.0;0.0;0.0;0.0;0.0;0.0;0.0;0.0;0.0;2.0;0.0;0.0;0.0;0.0;0.0;0;0;0;0;BARRACÃO;REGIÃO SUL;55
3145.0;2019-11-30;11.0;19.0;23.0;26.0;687.0;32.0;7.0;11.0;20.0;523.0;32.0;0.0;32.0;850.0;92.0;208.0;4;4;4;4;5;5;4;0;0;0;0;0;0;0;0;0;1;0;0;0;0;0;0;0.0;0.0;0.0;0.0;1.0;0.0;0.0;0.0;0.0;0.0;1.0;0.0;0.0;0.0;0.0;0.0;0.0;0.0;0.0;0.0;0.0;0.0;0.0;0.0;0.0;0.0;0.0;0.0;0.0;0.0;0.0;0.0;0.0;0.0;0.0;2.0;0.0;0.0;0.0;0.0;0.0;0;0;0;0;BARRACÃO;REGIÃO SUL;56
2794.0;2019-12-31;10.0;18.0;22.0;26.0;672.0;33.0;4.0;10.0;21.0;498.0;33.0;0.0;33.0;845.0;52.0;126.0;5;4;4;5;4;4;5;0;0;1;0;0;0;0;0;0;0;0;0;0;0;0;0;0.0;0.0;0.0;0.0;1.0;0.0;0.0;0.0;0.0;0.0;1.0;0.0;0.0;0.0;0.0;0.0;0.0;0.0;0.0;0.0;0.0;0.0;0.0;0.0;0.0;0.0;0.0;0.0;0.0;0.0;0.0;0.0;0.0;0.0;0.0;2.0;0.0;0.0;0.0;0.0;0.0;0;0;0;0;BARRACÃO;REGIÃO SUL;57
2529.0;2020-01-31;15.0;18.0;23.0;25.0;727.0;32.0;6.0;15.0;21.0;574.0;32.0;0.0;32.0;881.0;81.0;201.0;4;5;5;4;5;4;4;0;0;0;0;1;0;0;0;0;0;0;0;0;0;0;0;0.0;0.0;0.0;0.0;0.0;1.0;0.0;0.0;0.0;0.0;1.0;0.0;0.0;0.0;0.0;0.0;0.0;0.0;0.0;0.0;0.0;0.0;0.0;0.0;0.0;0.0;0.0;0.0;0.0;0.0;0.0;0.0;0.0;0.0;0.0;2.0;0.0;0.0;0.0;0.0;0.0;31;0;0;0;BARRACÃO;REGIÃO SUL;58
2539.0;2020-02-29;10.0;17.0;23.0;26.0;674.0;33.0;6.0;10.0;21.0;511.0;33.0;0.0;33.0;837.0;92.0;166.0;4;4;4;4;4;5;4;0;0;0;1;0;0;0;0;0;0;0;0;0;0;0;0;0.0;0.0;0.0;0.0;0.0;1.0;0.0;0.0;0.0;0.0;1.0;0.0;0.0;0.0;0.0;0.0;0.0;0.0;0.0;0.0;0.0;0.0;0.0;0.0;0.0;0.0;0.0;0.0;0.0;0.0;0.0;0.0;0.0;0.0;0.0;2.0;0.0;0.0;0.0;0.0;0.0;0;3;0;0;BARRACÃO;REGIÃO SUL;59
2543.0;2020-03-31;12.0;19.0;23.0;27.0;711.0;34.0;2.0;12.0;20.0;512.0;34.0;0.0;34.0;910.0;49.0;58.0;5;4;4;5;4;4;5;0;0;0;0;0;0;0;0;1;0;0;0;0;0;0;0;0.0;0.0;0.0;0.0;0.0;1.0;0.0;0.0;0.0;0.0;1.0;0.0;0.0;0.0;0.0;0.0;0.0;0.0;0.0;0.0;0.0;0.0;0.0;0.0;0.0;0.0;0.0;0.0;0.0;0.0;0.0;0.0;0.0;0.0;0.0;2.0;0.0;0.0;0.0;0.0;0.0;0;0;15;0;BARRACÃO;REGIÃO SUL;60
2388.0;2020-04-30;3.0;11.0;18.0;25.0;551.0;32.0;2.0;3.0;19.0;347.0;32.0;0.0;32.0;755.0;42.0;64.0;4;5;5;4;4;4;4;1;0;0;0;0;0;0;0;0;0;0;0;0;0;0;0;0.0;0.0;0.0;0.0;0.0;1.0;0.0;0.0;0.0;0.0;1.0;0.0;0.0;0.0;0.0;0.0;0.0;0.0;0.0;0.0;0.0;0.0;0.0;0.0;0.0;0.0;0.0;0.0;0.0;0.0;0.0;0.0;0.0;0.0;0.0;2.0;0.0;0.0;0.0;0.0;0.0;0;1;30;0;BARRACÃO;REGIÃO SUL;61
2288.0;2020-05-31;2.0;9.0;15.0;20.0;460.0;27.0;9.0;2.0;17.0;278.0;27.0;0.0;27.0;642.0;148.0;277.0;5;4;4;4;5;5;4;0;0;0;0;0;0;0;1;0;0;0;0;0;0;0;0;0.0;0.0;0.0;0.0;0.0;1.0;0.0;0.0;0.0;0.0;1.0;0.0;0.0;0.0;0.0;0.0;0.0;0.0;0.0;0.0;0.0;0.0;0.0;0.0;0.0;0.0;0.0;0.0;0.0;0.0;0.0;0.0;0.0;0.0;0.0;2.0;0.0;0.0;0.0;0.0;0.0;0;0;31;0;BARRACÃO;REGIÃO SUL;62
912.0;2020-06-30;3.0;9.0;17.0;23.0;502.0;28.0;6.0;3.0;19.0;357.0;28.0;0.0;28.0;648.0;62.0;174.0;4;4;4;5;4;4;5;0;0;0;0;0;0;1;0;0;0;0;0;0;0;0;0;0.0;0.0;0.0;0.0;0.0;1.0;0.0;0.0;0.0;0.0;1.0;0.0;0.0;0.0;0.0;0.0;0.0;0.0;0.0;0.0;0.0;0.0;0.0;0.0;0.0;0.0;0.0;0.0;0.0;0.0;0.0;0.0;0.0;0.0;0.0;2.0;0.0;0.0;0.0;0.0;0.0;0;1;30;0;BARRACÃO;REGIÃO SUL;63
1996.0;2020-07-31;1.0;8.0;16.0;22.0;485.0;27.0;8.0;1.0;17.0;338.0;27.0;0.0;27.0;632.0;72.0;245.0;4;5;5;4;5;4;4;0;0;0;0;0;1;0;0;0;0;0;0;0;0;0;0;0.0;0.0;0.0;0.0;0.0;1.0;0.0;0.0;0.0;0.0;1.0;0.0;0.0;0.0;0.0;0.0;0.0;0.0;0.0;0.0;0.0;0.0;0.0;0.0;0.0;0.0;0.0;0.0;0.0;0.0;0.0;0.0;0.0;0.0;0.0;2.0;0.0;0.0;0.0;0.0;0.0;0;0;31;0;BARRACÃO;REGIÃO SUL;64
2429.0;2020-08-31;-1.0;5.0;18.0;25.0;557.0;31.0;10.0;-1.0;19.0;404.0;31.0;0.0;31.0;711.0;97.0;305.0;5;4;4;5;4;5;4;0;1;0;0;0;0;0;0;0;0;0;0;0;0;0;0;0.0;0.0;0.0;0.0;0.0;1.0;0.0;0.0;0.0;0.0;1.0;0.0;0.0;0.0;0.0;0.0;0.0;0.0;0.0;0.0;0.0;0.0;0.0;0.0;0.0;0.0;0.0;0.0;0.0;0.0;0.0;0.0;0.0;0.0;0.0;2.0;0.0;0.0;0.0;0.0;0.0;0;0;31;0;BARRACÃO;REGIÃO SUL;65
2112.0;2020-09-30;9.0;15.0;22.0;30.0;652.0;37.0;2.0;9.0;23.0;480.0;37.0;0.0;37.0;824.0;8.0;46.0;4;5;4;4;4;4;5;0;0;0;0;0;0;0;0;0;0;0;1;0;0;0;0;0.0;0.0;0.0;0.0;0.0;1.0;0.0;0.0;0.0;0.0;1.0;0.0;0.0;0.0;0.0;0.0;0.0;0.0;0.0;0.0;0.0;0.0;0.0;0.0;0.0;0.0;0.0;0.0;0.0;0.0;0.0;0.0;0.0;0.0;0.0;2.0;0.0;0.0;0.0;0.0;0.0;0;0;30;0;BARRACÃO;REGIÃO SUL;66
1227.0;2020-10-31;10.0;17.0;23.0;30.0;719.0;36.0;2.0;10.0;24.0;534.0;36.0;0.0;36.0;904.0;22.0;67.0;4;4;5;4;5;5;4;0;0;0;0;0;0;0;0;0;0;1;0;0;0;0;0;0.0;0.0;0.0;0.0;0.0;1.0;0.0;0.0;0.0;0.0;1.0;0.0;0.0;0.0;0.0;0.0;0.0;0.0;0.0;0.0;0.0;0.0;0.0;0.0;0.0;0.0;0.0;0.0;0.0;0.0;0.0;0.0;0.0;0.0;0.0;2.0;0.0;0.0;0.0;0.0;0.0;0;0;31;0;BARRACÃO;REGIÃO SUL;67
2124.0;2020-11-30;10.0;18.0;22.0;28.0;674.0;35.0;2.0;10.0;22.0;493.0;35.0;0.0;35.0;855.0;24.0;60.0;5;4;4;5;4;4;4;0;0;0;0;0;0;0;0;0;1;0;0;0;0;0;0;0.0;0.0;0.0;0.0;0.0;1.0;0.0;0.0;0.0;0.0;1.0;0.0;0.0;0.0;0.0;0.0;0.0;0.0;0.0;0.0;0.0;0.0;0.0;0.0;0.0;0.0;0.0;0.0;0.0;0.0;0.0;0.0;0.0;0.0;0.0;2.0;0.0;0.0;0.0;0.0;0.0;0;0;30;0;BARRACÃO;REGIÃO SUL;68
2030.0;2020-12-31;13.0;20.0;23.0;26.0;723.0;31.0;7.0;13.0;20.0;563.0;31.0;0.0;31.0;884.0;109.0;228.0;4;5;5;4;4;4;5;0;0;1;0;0;0;0;0;0;0;0;0;0;0;0;0;0.0;0.0;0.0;0.0;0.0;1.0;0.0;0.0;0.0;0.0;1.0;0.0;0.0;0.0;0.0;0.0;0.0;0.0;0.0;0.0;0.0;0.0;0.0;0.0;0.0;0.0;0.0;0.0;0.0;0.0;0.0;0.0;0.0;0.0;0.0;2.0;0.0;0.0;0.0;0.0;0.0;0;0;31;0;BARRACÃO;REGIÃO SUL;69
1615.0;2021-01-31;17.0;19.0;23.0;26.0;706.0;31.0;8.0;17.0;22.0;578.0;31.0;0.0;31.0;833.0;43.0;236.0;5;4;4;4;5;5;4;0;0;0;0;1;0;0;0;0;0;0;0;1;0;0;0;0.0;0.0;0.0;0.0;0.0;0.0;0.0;0.0;0.0;0.0;1.0;0.0;0.0;0.0;0.0;0.0;0.0;0.0;0.0;0.0;0.0;0.0;0.0;0.0;0.0;0.0;0.0;0.0;0.0;0.0;0.0;0.0;0.0;0.0;0.0;2.0;0.0;0.0;0.0;0.0;0.0;0;0;31;0;BARRACÃO;REGIÃO SUL;70
2267.0;2021-02-28;12.0;19.0;23.0;27.0;638.0;33.0;1.0;12.0;21.0;485.0;33.0;0.0;33.0;790.0;19.0;38.0;4;4;4;4;4;4;4;0;0;0;1;0;0;0;0;0;0;0;0;1;0;0;0;0.0;0.0;0.0;0.0;0.0;0.0;0.0;0.0;0.0;0.0;1.0;0.0;0.0;0.0;0.0;0.0;0.0;0.0;0.0;0.0;0.0;0.0;0.0;0.0;0.0;0.0;0.0;0.0;0.0;0.0;0.0;0.0;0.0;0.0;0.0;2.0;0.0;0.0;0.0;0.0;0.0;0;3;28;0;BARRACÃO;REGIÃO SUL;71
2041.0;2021-03-31;13.0;18.0;23.0;27.0;715.0;33.0;2.0;13.0;21.0;552.0;33.0;0.0;33.0;878.0;15.0;56.0;4;5;4;5;4;4;5;0;0;0;0;0;0;0;0;1;0;0;0;1;0;0;0;0.0;0.0;0.0;0.0;0.0;0.0;0.0;0.0;0.0;0.0;1.0;0.0;0.0;0.0;0.0;0.0;0.0;0.0;0.0;0.0;0.0;0.0;0.0;0.0;0.0;0.0;0.0;0.0;0.0;0.0;0.0;0.0;0.0;0.0;0.0;2.0;0.0;0.0;0.0;0.0;0.0;0;0;31;0;BARRACÃO;REGIÃO SUL;72
1854.0;2021-04-30;7.0;15.0;20.0;25.0;608.0;30.0;2.0;7.0;20.0;449.0;30.0;0.0;30.0;767.0;59.0;69.0;4;4;5;4;5;4;4;1;0;0;0;0;0;0;0;0;0;0;0;1;0;0;0;0.0;0.0;0.0;0.0;0.0;0.0;0.0;0.0;0.0;0.0;1.0;0.0;0.0;0.0;0.0;0.0;0.0;0.0;0.0;0.0;0.0;0.0;0.0;0.0;0.0;0.0;0.0;0.0;0.0;0.0;0.0;0.0;0.0;0.0;0.0;2.0;0.0;0.0;0.0;0.0;0.0;0;1;30;0;BARRACÃO;REGIÃO SUL;73
2047.0;2021-05-31;4.0;10.0;17.0;23.0;532.0;29.0;2.0;4.0;19.0;371.0;29.0;0.0;29.0;693.0;42.0;56.0;5;4;4;5;4;5;4;0;0;0;0;0;0;0;1;0;0;0;0;1;0;0;0;0.0;0.0;0.0;0.0;0.0;0.0;0.0;0.0;0.0;0.0;1.0;0.0;0.0;0.0;0.0;0.0;0.0;0.0;0.0;0.0;0.0;0.0;0.0;0.0;0.0;0.0;0.0;0.0;0.0;0.0;0.0;0.0;0.0;0.0;0.0;2.0;0.0;0.0;0.0;0.0;0.0;0;0;31;0;BARRACÃO;REGIÃO SUL;74
1896.0;2021-06-30;-1.0;4.0;15.0;22.0;438.0;27.0;4.0;-1.0;17.0;316.0;27.0;0.0;27.0;559.0;37.0;124.0;4;5;4;4;4;4;5;0;0;0;0;0;0;1;0;0;0;0;0;1;0;0;0;0.0;0.0;0.0;0.0;0.0;0.0;0.0;0.0;0.0;0.0;1.0;0.0;0.0;0.0;0.0;0.0;0.0;0.0;0.0;0.0;0.0;0.0;0.0;0.0;0.0;0.0;0.0;0.0;0.0;0.0;0.0;0.0;0.0;0.0;0.0;2.0;0.0;0.0;0.0;0.0;0.0;0;1;30;0;BARRACÃO;REGIÃO SUL;75
2260.0;2021-07-31;-2.0;4.0;15.0;22.0;453.0;28.0;2.0;-2.0;17.0;283.0;28.0;0.0;28.0;623.0;28.0;65.0;4;4;5;4;5;5;4;0;0;0;0;0;1;0;0;0;0;0;0;1;0;0;0;0.0;0.0;0.0;0.0;0.0;0.0;0.0;0.0;0.0;0.0;1.0;0.0;0.0;0.0;0.0;0.0;0.0;0.0;0.0;0.0;0.0;0.0;0.0;0.0;0.0;0.0;0.0;0.0;0.0;0.0;0.0;0.0;0.0;0.0;0.0;2.0;0.0;0.0;0.0;0.0;0.0;0;0;31;0;BARRACÃO;REGIÃO SUL;76
2557.0;2021-08-31;6.0;12.0;19.0;26.0;584.0;32.0;1.0;6.0;21.0;425.0;32.0;0.0;32.0;743.0;12.0;34.0;5;4;4;5;4;4;5;0;1;0;0;0;0;0;0;0;0;0;0;1;0;0;0;0.0;0.0;0.0;0.0;0.0;0.0;0.0;0.0;0.0;0.0;1.0;0.0;0.0;0.0;0.0;0.0;0.0;0.0;0.0;0.0;0.0;0.0;0.0;0.0;0.0;0.0;0.0;0.0;0.0;0.0;0.0;0.0;0.0;0.0;0.0;2.0;0.0;0.0;0.0;0.0;0.0;0;0;31;0;BARRACÃO;REGIÃO SUL;77
1821.0;2021-09-30;8.0;15.0;21.0;29.0;643.0;35.0;6.0;8.0;23.0;484.0;35.0;0.0;35.0;803.0;44.0;178.0;4;5;5;4;4;4;4;0;0;0;0;0;0;0;0;0;0;0;1;1;0;0;0;0.0;0.0;0.0;0.0;0.0;0.0;0.0;0.0;0.0;0.0;1.0;0.0;0.0;0.0;0.0;0.0;0.0;0.0;0.0;0.0;0.0;0.0;0.0;0.0;0.0;0.0;0.0;0.0;0.0;0.0;0.0;0.0;0.0;0.0;0.0;2.0;0.0;0.0;0.0;0.0;0.0;0;0;30;0;BARRACÃO;REGIÃO SUL;78
1204.0;2021-10-31;10.0;17.0;20.0;25.0;616.0;30.0;14.0;10.0;19.0;480.0;30.0;0.0;30.0;752.0;86.0;426.0;5;4;4;4;5;5;4;0;0;0;0;0;0;0;0;0;0;1;0;1;0;0;0;0.0;0.0;0.0;0.0;0.0;0.0;0.0;0.0;0.0;0.0;1.0;0.0;0.0;0.0;0.0;0.0;0.0;0.0;0.0;0.0;0.0;0.0;0.0;0.0;0.0;0.0;0.0;0.0;0.0;0.0;0.0;0.0;0.0;0.0;0.0;2.0;0.0;0.0;0.0;0.0;0.0;0;0;0;0;BARRACÃO;REGIÃO SUL;79
1056.0;2021-11-30;14.0;20.0;23.0;27.0;695.0;33.0;2.0;14.0;22.0;529.0;33.0;0.0;33.0;862.0;37.0;68.0;4;4;4;5;4;4;5;0;0;0;0;0;0;0;0;0;1;0;0;1;0;0;0;0.0;0.0;0.0;0.0;0.0;0.0;0.0;0.0;0.0;0.0;1.0;0.0;0.0;0.0;0.0;0.0;0.0;0.0;0.0;0.0;0.0;0.0;0.0;0.0;0.0;0.0;0.0;0.0;0.0;0.0;0.0;0.0;0.0;0.0;0.0;2.0;0.0;0.0;0.0;0.0;0.0;0;0;0;0;BARRACÃO;REGIÃO SUL;80
1192.0;2021-12-31;14.0;21.0;25.0;28.0;774.0;35.0;2.0;14.0;22.0;570.0;35.0;0.0;35.0;977.0;32.0;63.0;4;5;5;4;5;4;4;0;0;1;0;0;0;0;0;0;0;0;0;1;0;0;0;0.0;0.0;0.0;0.0;0.0;0.0;0.0;0.0;0.0;0.0;1.0;0.0;0.0;0.0;0.0;0.0;0.0;0.0;0.0;0.0;0.0;0.0;0.0;0.0;0.0;0.0;0.0;0.0;0.0;0.0;0.0;0.0;0.0;0.0;0.0;2.0;0.0;0.0;0.0;0.0;0.0;0;0;0;0;BARRACÃO;REGIÃO SUL;81
1138.0;2022-01-31;16.0;21.0;26.0;30.0;800.0;37.0;6.0;16.0;24.0;621.0;37.0;0.0;37.0;980.0;40.0;185.0;5;4;4;5;4;5;4;0;0;0;0;1;0;0;0;0;0;0;0;0;1;0;0;0.0;0.0;0.0;0.0;0.0;0.0;0.0;0.0;0.0;0.0;1.0;0.0;0.0;0.0;0.0;0.0;0.0;0.0;0.0;0.0;0.0;0.0;0.0;0.0;0.0;0.0;0.0;0.0;0.0;0.0;0.0;0.0;0.0;0.0;0.0;2.0;0.0;0.0;0.0;0.0;0.0;31;0;0;0;BARRACÃO;REGIÃO SUL;82
1338.0;2022-02-28;13.0;19.0;25.0;28.0;700.0;34.0;6.0;13.0;23.0;536.0;34.0;0.0;34.0;865.0;49.0;162.0;4;4;4;4;4;4;4;0;0;0;1;0;0;0;0;0;0;0;0;0;1;0;0;0.0;0.0;0.0;0.0;0.0;0.0;0.0;0.0;0.0;0.0;1.0;0.0;0.0;0.0;0.0;0.0;0.0;0.0;0.0;0.0;0.0;0.0;0.0;0.0;0.0;0.0;0.0;0.0;0.0;0.0;0.0;0.0;0.0;0.0;0.0;2.0;0.0;0.0;0.0;0.0;0.0;0;1;0;0;BARRACÃO;REGIÃO SUL;83
1766.0;2022-03-31;9.0;13.0;22.0;28.0;688.0;33.0;8.0;9.0;22.0;546.0;33.0;0.0;33.0;831.0;49.0;255.0;4;5;5;4;4;4;5;0;0;0;0;0;0;0;0;1;0;0;0;0;1;0;0;0.0;0.0;0.0;0.0;0.0;0.0;0.0;0.0;0.0;0.0;1.0;0.0;0.0;0.0;0.0;0.0;0.0;0.0;0.0;0.0;0.0;0.0;0.0;0.0;0.0;0.0;0.0;0.0;0.0;0.0;0.0;0.0;0.0;0.0;0.0;2.0;0.0;0.0;0.0;0.0;0.0;0;1;0;0;BARRACÃO;REGIÃO SUL;84
1902.0;2022-04-30;7.0;14.0;20.0;25.0;592.0;29.0;16.0;7.0;21.0;464.0;29.0;0.0;29.0;719.0;132.0;477.0;4;4;4;4;5;5;4;1;0;0;0;0;0;0;0;0;0;0;0;0;1;0;0;0.0;0.0;0.0;0.0;0.0;0.0;0.0;0.0;0.0;0.0;1.0;0.0;0.0;0.0;0.0;0.0;0.0;0.0;0.0;0.0;0.0;0.0;0.0;0.0;0.0;0.0;0.0;0.0;0.0;0.0;0.0;0.0;0.0;0.0;0.0;2.0;0.0;0.0;0.0;0.0;0.0;0;1;0;0;BARRACÃO;REGIÃO SUL;85
2557.0;2022-05-31;4.0;7.0;15.0;20.0;465.0;25.0;9.0;4.0;18.0;354.0;25.0;0.0;25.0;575.0;99.0;285.0;5;4;4;5;4;4;5;0;0;0;0;0;0;0;1;0;0;0;0;0;1;0;0;0.0;0.0;0.0;0.0;0.0;0.0;0.0;0.0;0.0;0.0;1.0;0.0;0.0;0.0;0.0;0.0;0.0;0.0;0.0;0.0;0.0;0.0;0.0;0.0;0.0;0.0;0.0;0.0;0.0;0.0;0.0;0.0;0.0;0.0;0.0;2.0;0.0;0.0;0.0;0.0;0.0;0;0;0;0;BARRACÃO;REGIÃO SUL;86
2814.0;2022-06-30;-0.0;6.0;14.0;21.0;434.0;25.0;5.0;-0.0;16.0;310.0;25.0;0.0;25.0;558.0;51.0;150.0;4;5;5;4;4;4;4;0;0;0;0;0;0;1;0;0;0;0;0;0;1;0;0;0.0;0.0;0.0;0.0;0.0;0.0;0.0;0.0;0.0;0.0;1.0;0.0;0.0;0.0;0.0;0.0;0.0;0.0;0.0;0.0;0.0;0.0;0.0;0.0;0.0;0.0;0.0;0.0;0.0;0.0;0.0;0.0;0.0;0.0;0.0;2.0;0.0;0.0;0.0;0.0;0.0;0;1;0;0;BARRACÃO;REGIÃO SUL;87
2643.0;2022-07-31;4.0;8.0;19.0;22.0;576.0;27.0;3.0;4.0;18.0;426.0;27.0;0.0;27.0;726.0;37.0;91.0;5;4;4;4;5;5;4;0;0;0;0;0;1;0;0;0;0;0;0;0;1;0;0;0.0;0.0;0.0;0.0;0.0;0.0;0.0;0.0;0.0;0.0;1.0;0.0;0.0;0.0;0.0;0.0;0.0;0.0;0.0;0.0;0.0;0.0;0.0;0.0;0.0;0.0;0.0;0.0;0.0;0.0;0.0;0.0;0.0;0.0;0.0;2.0;0.0;0.0;0.0;0.0;0.0;0;0;0;0;BARRACÃO;REGIÃO SUL;88
3123.0;2022-08-31;0.0;6.0;16.0;23.0;499.0;29.0;9.0;0.0;18.0;352.0;29.0;0.0;29.0;646.0;105.0;283.0;4;5;4;5;4;4;5;0;1;0;0;0;0;0;0;0;0;0;0;0;1;0;0;0.0;0.0;0.0;0.0;0.0;0.0;0.0;0.0;0.0;0.0;1.0;0.0;0.0;0.0;0.0;0.0;0.0;0.0;0.0;0.0;0.0;0.0;0.0;0.0;0.0;0.0;0.0;0.0;0.0;0.0;0.0;0.0;0.0;0.0;0.0;2.0;0.0;0.0;0.0;0.0;0.0;0;0;0;0;BARRACÃO;REGIÃO SUL;89
2748.0;2022-09-30;3.0;11.0;16.0;24.0;480.0;29.0;9.0;3.0;21.0;339.0;29.0;0.0;29.0;620.0;51.0;258.0;4;4;5;4;5;4;4;0;0;0;0;0;0;0;0;0;0;0;1;0;1;0;0;0.0;0.0;0.0;0.0;0.0;0.0;0.0;0.0;0.0;0.0;1.0;0.0;0.0;0.0;0.0;0.0;0.0;0.0;0.0;0.0;0.0;0.0;0.0;0.0;0.0;0.0;0.0;0.0;0.0;0.0;0.0;0.0;0.0;0.0;0.0;2.0;0.0;0.0;0.0;0.0;0.0;0;0;0;0;BARRACÃO;REGIÃO SUL;90
2811.0;2022-10-31;10.0;13.0;19.0;25.0;583.0;31.0;14.0;10.0;19.0;442.0;31.0;0.0;31.0;724.0;101.0;428.0;5;4;4;5;4;5;4;0;0;0;0;0;0;0;0;0;0;1;0;0;1;0;0;0.0;0.0;0.0;0.0;0.0;0.0;0.0;0.0;0.0;0.0;1.0;0.0;0.0;0.0;0.0;0.0;0.0;0.0;0.0;0.0;0.0;0.0;0.0;0.0;0.0;0.0;0.0;0.0;0.0;0.0;0.0;0.0;0.0;0.0;0.0;2.0;0.0;0.0;0.0;0.0;0.0;0;0;0;0;BARRACÃO;REGIÃO SUL;91
2922.0;2022-11-30;4.0;11.0;20.0;24.0;596.0;30.0;3.0;4.0;20.0;406.0;30.0;0.0;30.0;786.0;44.0;91.0;4;5;4;4;4;4;5;0;0;0;0;0;0;0;0;0;1;0;0;0;1;0;0;0.0;0.0;0.0;0.0;0.0;0.0;0.0;0.0;0.0;0.0;1.0;0.0;0.0;0.0;0.0;0.0;0.0;0.0;0.0;0.0;0.0;0.0;0.0;0.0;0.0;0.0;0.0;0.0;0.0;0.0;0.0;0.0;0.0;0.0;0.0;2.0;0.0;0.0;0.0;0.0;0.0;0;0;0;0;BARRACÃO;REGIÃO SUL;92
1953.0;2022-12-31;13.0;21.0;24.0;28.0;737.0;33.0;2.0;13.0;22.0;553.0;33.0;0.0;33.0;922.0;26.0;61.0;4;4;5;4;5;5;4;0;0;1;0;0;0;0;0;0;0;0;0;0;1;0;0;0.0;0.0;0.0;0.0;0.0;0.0;0.0;0.0;0.0;0.0;1.0;0.0;0.0;0.0;0.0;0.0;0.0;0.0;0.0;0.0;0.0;0.0;0.0;0.0;0.0;0.0;0.0;0.0;0.0;0.0;0.0;0.0;0.0;0.0;0.0;2.0;0.0;0.0;0.0;0.0;0.0;0;0;0;0;BARRACÃO;REGIÃO SUL;93
2046.0;2023-01-31;14.0;21.0;24.0;27.0;742.0;33.0;8.0;14.0;22.0;580.0;33.0;0.0;33.0;904.0;60.0;260.0;5;4;4;5;4;4;5;0;0;0;0;1;0;0;0;0;0;0;0;0;0;1;0;0.0;0.0;0.0;0.0;0.0;0.0;0.0;0.0;0.0;0.0;1.0;0.0;0.0;0.0;0.0;0.0;0.0;0.0;0.0;0.0;0.0;0.0;0.0;0.0;0.0;0.0;0.0;0.0;0.0;0.0;0.0;0.0;0.0;0.0;0.0;2.0;0.0;0.0;0.0;0.0;0.0;31;0;0;0;BARRACÃO;REGIÃO SUL;94
2464.0;2023-02-28;8.0;14.0;23.0;26.0;635.0;32.0;10.0;8.0;21.0;498.0;32.0;0.0;32.0;772.0;90.0;278.0;4;4;4;4;4;4;4;0;0;0;1;0;0;0;0;0;0;0;0;0;0;1;0;0.0;0.0;0.0;0.0;0.0;0.0;0.0;0.0;0.0;0.0;1.0;0.0;0.0;0.0;0.0;0.0;0.0;0.0;0.0;0.0;0.0;0.0;0.0;0.0;0.0;0.0;0.0;0.0;0.0;0.0;0.0;0.0;0.0;0.0;0.0;2.0;0.0;0.0;0.0;0.0;0.0;0;3;0;0;BARRACÃO;REGIÃO SUL;95
3317.0;2023-03-31;14.0;19.0;24.0;27.0;731.0;32.0;7.0;14.0;21.0;586.0;32.0;0.0;32.0;876.0;52.0;216.0;4;5;5;4;5;4;4;0;0;0;0;0;0;0;0;1;0;0;0;0;0;1;0;0.0;0.0;0.0;0.0;0.0;0.0;0.0;0.0;0.0;0.0;1.0;0.0;0.0;0.0;0.0;0.0;0.0;0.0;0.0;0.0;0.0;0.0;0.0;0.0;0.0;0.0;0.0;0.0;0.0;0.0;0.0;0.0;0.0;0.0;0.0;2.0;0.0;0.0;0.0;0.0;0.0;0;0;0;0;BARRACÃO;REGIÃO SUL;96
2850.0;2023-04-30;8.0;13.0;20.0;24.0;594.0;30.0;5.0;8.0;20.0;455.0;30.0;0.0;30.0;733.0;49.0;150.0;5;4;4;4;4;5;4;1;0;0;0;0;0;0;0;0;0;0;0;0;0;1;0;0.0;0.0;0.0;0.0;0.0;0.0;0.0;0.0;0.0;0.0;1.0;0.0;0.0;0.0;0.0;0.0;0.0;0.0;0.0;0.0;0.0;0.0;0.0;0.0;0.0;0.0;0.0;0.0;0.0;0.0;0.0;0.0;0.0;0.0;0.0;2.0;0.0;0.0;0.0;0.0;0.0;0;1;0;0;BARRACÃO;REGIÃO SUL;97
3286.0;2023-05-31;7.0;13.0;18.0;23.0;569.0;26.0;7.0;7.0;20.0;437.0;26.0;0.0;26.0;700.0;55.0;207.0;4;5;4;5;4;4;5;0;0;0;0;0;0;0;1;0;0;0;0;0;0;1;0;0.0;0.0;0.0;0.0;0.0;0.0;0.0;0.0;0.0;0.0;1.0;0.0;0.0;0.0;0.0;0.0;0.0;0.0;0.0;0.0;0.0;0.0;0.0;0.0;0.0;0.0;0.0;0.0;0.0;0.0;0.0;0.0;0.0;0.0;0.0;2.0;0.0;0.0;0.0;0.0;0.0;0;0;0;0;BARRACÃO;REGIÃO SUL;98
3090.0;2023-06-30;4.0;7.0;16.0;20.0;488.0;25.0;5.0;4.0;17.0;366.0;25.0;0.0;25.0;609.0;70.0;142.0;4;4;5;4;5;4;4;0;0;0;0;0;0;1;0;0;0;0;0;0;0;1;0;0.0;0.0;0.0;0.0;0.0;0.0;0.0;0.0;0.0;0.0;1.0;0.0;0.0;0.0;0.0;0.0;0.0;0.0;0.0;0.0;0.0;0.0;0.0;0.0;0.0;0.0;0.0;0.0;0.0;0.0;0.0;0.0;0.0;0.0;0.0;2.0;0.0;0.0;0.0;0.0;0.0;0;1;0;0;BARRACÃO;REGIÃO SUL;99
2356.0;2023-07-31;3.0;7.0;17.0;22.0;536.0;26.0;5.0;3.0;19.0;408.0;26.0;0.0;26.0;665.0;48.0;164.0;5;4;4;5;4;5;4;0;0;0;0;0;1;0;0;0;0;0;0;0;0;1;0;0.0;0.0;0.0;0.0;0.0;0.0;0.0;0.0;0.0;0.0;1.0;0.0;0.0;0.0;0.0;0.0;0.0;0.0;0.0;0.0;0.0;0.0;0.0;0.0;0.0;0.0;0.0;0.0;0.0;0.0;0.0;0.0;0.0;0.0;0.0;2.0;0.0;0.0;0.0;0.0;0.0;15;0;0;0;BARRACÃO;REGIÃO SUL;100
2883.0;2023-08-31;4.0;10.0;19.0;25.0;580.0;30.0;5.0;4.0;21.0;427.0;30.0;0.0;30.0;734.0;64.0;141.0;4;5;5;4;4;4;5;0;1;0;0;0;0;0;0;0;0;0;0;0;0;1;0;0.0;0.0;0.0;0.0;0.0;0.0;0.0;0.0;0.0;0.0;1.0;0.0;0.0;0.0;0.0;0.0;0.0;0.0;0.0;0.0;0.0;0.0;0.0;0.0;0.0;0.0;0.0;0.0;0.0;0.0;0.0;0.0;0.0;0.0;0.0;2.0;0.0;0.0;0.0;0.0;0.0;0;0;0;0;BARRACÃO;REGIÃO SUL;101
3150.0;2023-09-30;7.0;12.0;22.0;29.0;647.0;35.0;12.0;7.0;24.0;508.0;35.0;0.0;35.0;785.0;96.0;350.0;4;4;4;4;5;5;4;0;0;0;0;0;0;0;0;0;0;0;1;0;0;1;0;0.0;0.0;0.0;0.0;0.0;0.0;0.0;0.0;0.0;0.0;1.0;0.0;0.0;0.0;0.0;0.0;0.0;0.0;0.0;0.0;0.0;0.0;0.0;0.0;0.0;0.0;0.0;0.0;0.0;0.0;0.0;0.0;0.0;0.0;0.0;2.0;0.0;0.0;0.0;0.0;0.0;0;0;0;0;BARRACÃO;REGIÃO SUL;102
3937.0;2023-10-31;8.0;13.0;21.0;27.0;640.0;33.0;15.0;8.0;21.0;517.0;33.0;0.0;33.0;763.0;110.0;455.0;5;4;4;5;4;4;5;0;0;0;0;0;0;0;0;0;0;1;0;0;0;1;0;0.0;0.0;0.0;0.0;0.0;0.0;0.0;0.0;0.0;0.0;1.0;0.0;0.0;0.0;0.0;0.0;0.0;0.0;0.0;0.0;0.0;0.0;0.0;0.0;0.0;0.0;0.0;0.0;0.0;0.0;0.0;0.0;0.0;0.0;0.0;2.0;0.0;0.0;0.0;0.0;0.0;0;0;0;0;BARRACÃO;REGIÃO SUL;103
4530.0;2023-11-30;9.0;14.0;23.0;29.0;676.0;33.0;15.0;9.0;25.0;564.0;33.0;0.0;33.0;789.0;113.0;439.0;4;5;5;4;4;4;4;0;0;0;0;0;0;0;0;0;1;0;0;0;0;1;0;0.0;0.0;0.0;0.0;0.0;0.0;0.0;0.0;0.0;0.0;1.0;0.0;0.0;0.0;0.0;0.0;0.0;0.0;0.0;0.0;0.0;0.0;0.0;0.0;0.0;0.0;0.0;0.0;0.0;0.0;0.0;0.0;0.0;0.0;0.0;2.0;0.0;0.0;0.0;0.0;0.0;0;0;0;0;BARRACÃO;REGIÃO SUL;104
3906.0;2023-12-31;14.0;20.0;24.0;28.0;745.0;34.0;11.0;14.0;23.0;613.0;34.0;0.0;34.0;876.0;65.0;335.0;5;4;4;4;5;5;4;0;0;1;0;0;0;0;0;0;0;0;0;0;0;1;0;0.0;0.0;0.0;0.0;0.0;0.0;0.0;0.0;0.0;0.0;1.0;0.0;0.0;0.0;0.0;0.0;0.0;0.0;0.0;0.0;0.0;0.0;0.0;0.0;0.0;0.0;0.0;0.0;0.0;0.0;0.0;0.0;0.0;0.0;0.0;2.0;0.0;0.0;0.0;0.0;0.0;0;0;0;0;BARRACÃO;REGIÃO SUL;105
3100.0;2024-01-31;14.0;20.0;24.0;28.0;753.0;33.0;6.0;14.0;23.0;597.0;33.0;0.0;33.0;908.0;89.0;191.0;4;5;4;5;4;4;5;0;0;0;0;1;0;0;0;0;0;0;0;0;0;0;1;0.0;0.0;0.0;0.0;0.0;0.0;0.0;0.0;0.0;0.0;1.0;0.0;0.0;0.0;0.0;0.0;0.0;0.0;0.0;0.0;0.0;0.0;0.0;0.0;0.0;0.0;0.0;0.0;0.0;0.0;0.0;0.0;0.0;0.0;0.0;2.0;0.0;0.0;0.0;0.0;0.0;31;0;0;0;BARRACÃO;REGIÃO SUL;106
6293.0;2024-02-29;17.0;22.0;26.0;29.0;740.0;35.0;8.0;17.0;23.0;591.0;35.0;0.0;35.0;889.0;44.0;230.0;4;4;5;4;4;4;4;0;0;0;1;0;0;0;0;0;0;0;0;0;0;0;1;0.0;0.0;0.0;0.0;0.0;0.0;0.0;0.0;0.0;0.0;1.0;0.0;0.0;0.0;0.0;0.0;0.0;0.0;0.0;0.0;0.0;0.0;0.0;0.0;0.0;0.0;0.0;0.0;0.0;0.0;0.0;0.0;0.0;0.0;0.0;2.0;0.0;0.0;0.0;0.0;0.0;0;3;0;0;BARRACÃO;REGIÃO SUL;107
7254.0;2024-03-31;16.0;21.0;24.0;28.0;756.0;34.0;7.0;16.0;24.0;611.0;34.0;0.0;34.0;902.0;78.0;232.0;5;4;4;4;5;5;4;0;0;0;0;0;0;0;0;1;0;0;0;0;0;0;1;0.0;0.0;0.0;0.0;0.0;0.0;0.0;0.0;0.0;0.0;1.0;0.0;0.0;0.0;0.0;0.0;0.0;0.0;0.0;0.0;0.0;0.0;0.0;0.0;0.0;0.0;0.0;0.0;0.0;0.0;0.0;0.0;0.0;0.0;0.0;2.0;0.0;0.0;0.0;0.0;0.0;0;1;0;0;BARRACÃO;REGIÃO SUL;108
5820.0;2024-04-30;10.0;17.0;23.0;27.0;678.0;31.0;10.0;10.0;23.0;568.0;31.0;0.0;31.0;788.0;101.0;296.0;4;4;4;5;4;4;5;1;0;0;0;0;0;0;0;0;0;0;0;0;0;0;1;0.0;0.0;0.0;0.0;0.0;0.0;0.0;0.0;0.0;0.0;1.0;0.0;0.0;0.0;0.0;0.0;0.0;0.0;0.0;0.0;0.0;0.0;0.0;0.0;0.0;0.0;0.0;0.0;0.0;0.0;0.0;0.0;0.0;0.0;0.0;2.0;0.0;0.0;0.0;0.0;0.0;0;0;0;0;BARRACÃO;REGIÃO SUL;109
3007.0;2024-05-31;3.0;7.0;17.0;25.0;539.0;29.0;11.0;3.0;23.0;434.0;29.0;0.0;29.0;644.0;201.0;340.0;4;5;5;4;5;4;4;0;0;0;0;0;0;0;1;0;0;0;0;0;0;0;1;0.0;0.0;0.0;0.0;0.0;0.0;0.0;0.0;0.0;0.0;1.0;0.0;0.0;0.0;0.0;0.0;0.0;0.0;0.0;0.0;0.0;0.0;0.0;0.0;0.0;0.0;0.0;0.0;0.0;0.0;0.0;0.0;0.0;0.0;0.0;2.0;0.0;0.0;0.0;0.0;0.0;0;1;0;30;BARRACÃO;REGIÃO SUL;110
2370.0;2024-06-30;1.0;6.0;19.0;23.0;561.0;28.0;5.0;1.0;20.0;451.0;28.0;0.0;28.0;672.0;45.0;146.0;5;4;4;4;4;5;4;0;0;0;0;0;0;1;0;0;0;0;0;0;0;0;1;0.0;0.0;0.0;0.0;0.0;0.0;0.0;0.0;0.0;0.0;1.0;0.0;0.0;0.0;0.0;0.0;0.0;0.0;0.0;0.0;0.0;0.0;0.0;0.0;0.0;0.0;0.0;0.0;0.0;0.0;0.0;0.0;0.0;0.0;0.0;2.0;0.0;0.0;0.0;0.0;0.0;0;0;0;30;BARRACÃO;REGIÃO SUL;111
3844.0;2024-07-31;2.0;7.0;15.0;21.0;469.0;26.0;7.0;2.0;18.0;357.0;26.0;0.0;26.0;581.0;50.0;206.0;4;5;4;5;4;4;5;0;0;0;0;0;1;0;0;0;0;0;0;0;0;0;1;0.0;0.0;0.0;0.0;0.0;0.0;0.0;0.0;0.0;0.0;1.0;0.0;0.0;0.0;0.0;0.0;0.0;0.0;0.0;0.0;0.0;0.0;0.0;0.0;0.0;0.0;0.0;0.0;0.0;0.0;0.0;0.0;0.0;0.0;0.0;2.0;0.0;0.0;0.0;0.0;0.0;12;0;0;0;BARRACÃO;REGIÃO SUL;112
3627.0;2024-08-31;1.0;7.0;18.0;26.0;550.0;32.0;3.0;1.0;21.0;402.0;32.0;0.0;32.0;697.0;36.0;94.0;4;4;5;4;5;5;4;0;1;0;0;0;0;0;0;0;0;0;0;0;0;0;1;0.0;0.0;0.0;0.0;0.0;0.0;0.0;0.0;0.0;0.0;1.0;0.0;0.0;0.0;0.0;0.0;0.0;0.0;0.0;0.0;0.0;0.0;0.0;0.0;0.0;0.0;0.0;0.0;0.0;0.0;0.0;0.0;0.0;0.0;0.0;2.0;0.0;0.0;0.0;0.0;0.0;0;0;0;0;BARRACÃO;REGIÃO SUL;113
3900.0;2024-09-30;7.0;15.0;22.0;29.0;654.0;34.0;2.0;7.0;24.0;502.0;34.0;0.0;34.0;806.0;31.0;71.0;5;4;4;5;4;4;4;0;0;0;0;0;0;0;0;0;0;0;1;0;0;0;1;0.0;0.0;0.0;0.0;0.0;0.0;0.0;0.0;0.0;0.0;1.0;0.0;0.0;0.0;0.0;0.0;0.0;0.0;0.0;0.0;0.0;0.0;0.0;0.0;0.0;0.0;0.0;0.0;0.0;0.0;0.0;0.0;0.0;0.0;0.0;2.0;0.0;0.0;0.0;0.0;0.0;0;0;0;0;BARRACÃO;REGIÃO SUL;114
4991.0;2024-10-31;11.0;18.0;22.0;28.0;687.0;34.0;4.0;11.0;24.0;531.0;34.0;0.0;34.0;842.0;67.0;137.0;4;5;5;4;4;4;5;0;0;0;0;0;0;0;0;0;0;1;0;0;0;0;1;0.0;0.0;0.0;0.0;0.0;0.0;0.0;0.0;0.0;0.0;1.0;0.0;0.0;0.0;0.0;0.0;0.0;0.0;0.0;0.0;0.0;0.0;0.0;0.0;0.0;0.0;0.0;0.0;0.0;0.0;0.0;0.0;0.0;0.0;0.0;2.0;0.0;0.0;0.0;0.0;0.0;0;0;0;0;BARRACÃO;REGIÃO SUL;115
3520.0;2015-02-28;15.0;19.0;23.0;25.0;635.0;30.0;5.0;15.0;21.0;513.0;30.0;0.0;30.0;757.0;54.0;141.0;4;4;4;4;4;4;4;0;0;0;1;0;0;0;0;0;0;0;0;0;0;0;0;1.0;0.0;0.0;0.0;0.0;0.0;0.0;0.0;0.0;0.0;0.0;1.0;0.0;0.0;0.0;0.0;0.0;0.0;0.0;0.0;0.0;0.0;0.0;0.0;0.0;0.0;0.0;0.0;0.0;0.0;0.0;0.0;0.0;0.0;0.0;2.0;4.0;0.0;0.0;0.0;0.0;0;3;0;0;CAMPO LARGO;REGIÃO LESTE;1
5332.0;2015-03-31;14.0;19.0;22.0;24.0;672.0;29.0;4.0;14.0;20.0;538.0;29.0;0.0;29.0;806.0;36.0;133.0;5;4;4;5;4;4;5;0;0;0;0;0;0;0;0;1;0;0;0;0;0;0;0;1.0;0.0;0.0;0.0;0.0;0.0;0.0;0.0;0.0;0.0;0.0;1.0;0.0;0.0;0.0;0.0;0.0;0.0;0.0;0.0;0.0;0.0;0.0;0.0;0.0;0.0;0.0;0.0;0.0;0.0;0.0;0.0;0.0;0.0;0.0;2.0;4.0;0.0;0.0;0.0;0.0;0;0;0;0;CAMPO LARGO;REGIÃO LESTE;2
5580.0;2015-04-30;11.0;16.0;19.0;24.0;584.0;28.0;4.0;11.0;20.0;448.0;28.0;0.0;28.0;720.0;77.0;114.0;4;5;5;4;4;4;4;1;0;0;0;0;0;0;0;0;0;0;0;0;0;0;0;1.0;0.0;0.0;0.0;0.0;0.0;0.0;0.0;0.0;0.0;0.0;1.0;0.0;0.0;0.0;0.0;0.0;0.0;0.0;0.0;0.0;0.0;0.0;0.0;0.0;0.0;0.0;0.0;0.0;0.0;0.0;0.0;0.0;0.0;0.0;2.0;4.0;0.0;0.0;0.0;0.0;0;1;0;0;CAMPO LARGO;REGIÃO LESTE;3
6585.0;2015-05-31;6.0;11.0;17.0;21.0;524.0;25.0;6.0;6.0;18.0;403.0;25.0;0.0;25.0;644.0;59.0;193.0;5;4;4;4;5;5;4;0;0;0;0;0;0;0;1;0;0;0;0;0;0;0;0;1.0;0.0;0.0;0.0;0.0;0.0;0.0;0.0;0.0;0.0;0.0;1.0;0.0;0.0;0.0;0.0;0.0;0.0;0.0;0.0;0.0;0.0;0.0;0.0;0.0;0.0;0.0;0.0;0.0;0.0;0.0;0.0;0.0;0.0;0.0;2.0;4.0;0.0;0.0;0.0;0.0;0;0;0;0;CAMPO LARGO;REGIÃO LESTE;4
6120.0;2015-06-30;1.0;9.0;16.0;20.0;467.0;26.0;2.0;1.0;16.0;310.0;26.0;0.0;26.0;623.0;31.0;54.0;4;4;4;5;4;4;5;0;0;0;0;0;0;1;0;0;0;0;0;0;0;0;0;1.0;0.0;0.0;0.0;0.0;0.0;0.0;0.0;0.0;0.0;0.0;1.0;0.0;0.0;0.0;0.0;0.0;0.0;0.0;0.0;0.0;0.0;0.0;0.0;0.0;0.0;0.0;0.0;0.0;0.0;0.0;0.0;0.0;0.0;0.0;2.0;4.0;0.0;0.0;0.0;0.0;0;1;0;0;CAMPO LARGO;REGIÃO LESTE;5
5301.0;2015-07-31;5.0;10.0;16.0;21.0;488.0;26.0;13.0;5.0;17.0;350.0;26.0;0.0;26.0;627.0;92.0;404.0;4;5;5;4;5;4;4;0;0;0;0;0;1;0;0;0;0;0;0;0;0;0;0;1.0;0.0;0.0;0.0;0.0;0.0;0.0;0.0;0.0;0.0;0.0;1.0;0.0;0.0;0.0;0.0;0.0;0.0;0.0;0.0;0.0;0.0;0.0;0.0;0.0;0.0;0.0;0.0;0.0;0.0;0.0;0.0;0.0;0.0;0.0;2.0;4.0;0.0;0.0;0.0;0.0;15;0;0;0;CAMPO LARGO;REGIÃO LESTE;6
5859.0;2015-08-31;8.0;13.0;18.0;21.0;569.0;31.0;2.0;8.0;15.0;376.0;31.0;0.0;31.0;761.0;32.0;54.0;5;4;4;5;4;5;4;0;1;0;0;0;0;0;0;0;0;0;0;0;0;0;0;1.0;0.0;0.0;0.0;0.0;0.0;0.0;0.0;0.0;0.0;0.0;1.0;0.0;0.0;0.0;0.0;0.0;0.0;0.0;0.0;0.0;0.0;0.0;0.0;0.0;0.0;0.0;0.0;0.0;0.0;0.0;0.0;0.0;0.0;0.0;2.0;4.0;0.0;0.0;0.0;0.0;0;0;0;0;CAMPO LARGO;REGIÃO LESTE;7
6210.0;2015-09-30;5.0;12.0;20.0;26.0;585.0;33.0;5.0;5.0;20.0;429.0;33.0;0.0;33.0;742.0;52.0;144.0;4;5;4;4;4;4;5;0;0;0;0;0;0;0;0;0;0;0;1;0;0;0;0;1.0;0.0;0.0;0.0;0.0;0.0;0.0;0.0;0.0;0.0;0.0;1.0;0.0;0.0;0.0;0.0;0.0;0.0;0.0;0.0;0.0;0.0;0.0;0.0;0.0;0.0;0.0;0.0;0.0;0.0;0.0;0.0;0.0;0.0;0.0;2.0;4.0;0.0;0.0;0.0;0.0;0;0;0;0;CAMPO LARGO;REGIÃO LESTE;8
6042.0;2015-10-31;12.0;15.0;20.0;25.0;623.0;32.0;6.0;12.0;20.0;494.0;32.0;0.0;32.0;751.0;32.0;175.0;4;4;5;4;5;5;4;0;0;0;0;0;0;0;0;0;0;1;0;0;0;0;0;1.0;0.0;0.0;0.0;0.0;0.0;0.0;0.0;0.0;0.0;0.0;1.0;0.0;0.0;0.0;0.0;0.0;0.0;0.0;0.0;0.0;0.0;0.0;0.0;0.0;0.0;0.0;0.0;0.0;0.0;0.0;0.0;0.0;0.0;0.0;2.0;4.0;0.0;0.0;0.0;0.0;0;0;0;0;CAMPO LARGO;REGIÃO LESTE;9
5760.0;2015-11-30;13.0;16.0;20.0;25.0;615.0;32.0;4.0;13.0;19.0;504.0;32.0;0.0;32.0;726.0;23.0;134.0;5;4;4;5;4;4;4;0;0;0;0;0;0;0;0;0;1;0;0;0;0;0;0;1.0;0.0;0.0;0.0;0.0;0.0;0.0;0.0;0.0;0.0;0.0;1.0;0.0;0.0;0.0;0.0;0.0;0.0;0.0;0.0;0.0;0.0;0.0;0.0;0.0;0.0;0.0;0.0;0.0;0.0;0.0;0.0;0.0;0.0;0.0;2.0;4.0;0.0;0.0;0.0;0.0;0;0;0;0;CAMPO LARGO;REGIÃO LESTE;10
4919.0;2015-12-31;14.0;18.0;23.0;25.0;707.0;31.0;6.0;14.0;22.0;581.0;31.0;0.0;31.0;833.0;38.0;195.0;4;5;5;4;4;4;5;0;0;1;0;0;0;0;0;0;0;0;0;0;0;0;0;1.0;0.0;0.0;0.0;0.0;0.0;0.0;0.0;0.0;0.0;0.0;1.0;0.0;0.0;0.0;0.0;0.0;0.0;0.0;0.0;0.0;0.0;0.0;0.0;0.0;0.0;0.0;0.0;0.0;0.0;0.0;0.0;0.0;0.0;0.0;2.0;4.0;0.0;0.0;0.0;0.0;0;0;0;0;CAMPO LARGO;REGIÃO LESTE;11
3869.0;2016-01-31;13.0;19.0;22.0;25.0;693.0;31.0;4.0;13.0;21.0;553.0;31.0;0.0;31.0;833.0;40.0;117.0;5;4;4;4;5;5;4;0;0;0;0;1;0;0;0;0;0;0;0;0;0;0;0;0.0;1.0;0.0;0.0;0.0;0.0;0.0;0.0;0.0;0.0;0.0;1.0;0.0;0.0;0.0;0.0;0.0;0.0;0.0;0.0;0.0;0.0;0.0;0.0;0.0;0.0;0.0;0.0;0.0;0.0;0.0;0.0;0.0;0.0;0.0;2.0;4.0;0.0;0.0;0.0;0.0;31;0;0;0;CAMPO LARGO;REGIÃO LESTE;12
6061.0;2016-02-29;16.0;21.0;24.0;26.0;686.0;32.0;6.0;16.0;21.0;570.0;32.0;0.0;32.0;802.0;42.0;181.0;4;4;4;5;4;4;4;0;0;0;1;0;0;0;0;0;0;0;0;0;0;0;0;0.0;1.0;0.0;0.0;0.0;0.0;0.0;0.0;0.0;0.0;0.0;1.0;0.0;0.0;0.0;0.0;0.0;0.0;0.0;0.0;0.0;0.0;0.0;0.0;0.0;0.0;0.0;0.0;0.0;0.0;0.0;0.0;0.0;0.0;0.0;2.5172413793103448;4.517241379310345;0.0;0.0;0.0;0.0;0;3;0;0;CAMPO LARGO;REGIÃO LESTE;13
9765.0;2016-03-31;13.0;19.0;22.0;25.0;672.0;30.0;4.0;13.0;20.0;532.0;30.0;0.0;30.0;812.0;34.0;111.0;4;5;5;4;4;4;5;0;0;0;0;0;0;0;0;1;0;0;0;0;0;0;0;0.0;1.0;0.0;0.0;0.0;0.0;0.0;0.0;0.0;0.0;0.0;1.0;0.0;0.0;0.0;0.0;0.0;0.0;0.0;0.0;0.0;0.0;0.0;0.0;0.0;0.0;0.0;0.0;0.0;0.0;0.0;0.0;0.0;0.0;0.0;3.0;5.0;0.5483870967741935;0.5483870967741935;0.0;0.0;0;1;0;0;CAMPO LARGO;REGIÃO LESTE;14
9123.0;2016-04-30;3.0;10.0;22.0;26.0;659.0;32.0;2.0;3.0;20.0;502.0;32.0;0.0;32.0;815.0;27.0;60.0;4;4;4;4;5;5;4;1;0;0;0;0;0;0;0;0;0;0;0;0;0;0;0;0.0;1.0;0.0;0.0;0.0;0.0;0.0;0.0;0.0;0.0;0.0;1.0;0.0;0.0;0.0;0.0;0.0;0.0;0.0;0.0;0.0;0.0;0.0;0.0;0.0;0.0;0.0;0.0;0.0;0.0;0.0;0.0;0.0;0.0;0.0;3.0;5.0;1.0;1.0;0.0;0.0;0;0;0;0;CAMPO LARGO;REGIÃO LESTE;15
9517.0;2016-05-31;5.0;12.0;16.0;19.0;488.0;25.0;5.0;5.0;17.0;370.0;25.0;0.0;25.0;605.0;41.0;160.0;5;4;4;5;4;4;5;0;0;0;0;0;0;0;1;0;0;0;0;0;0;0;0;0.0;1.0;0.0;0.0;0.0;0.0;0.0;0.0;0.0;0.0;0.0;1.0;0.0;0.0;0.0;0.0;0.0;0.0;0.0;0.0;0.0;0.0;0.0;0.0;0.0;0.0;0.0;0.0;0.0;0.0;0.0;0.0;0.0;0.0;0.0;3.0;5.0;1.0;1.0;0.0;0.0;0;1;0;0;CAMPO LARGO;REGIÃO LESTE;16
9630.0;2016-06-30;-1.0;7.0;12.0;17.0;373.0;24.0;3.0;-1.0;14.0;228.0;24.0;0.0;24.0;517.0;33.0;97.0;4;5;5;4;4;4;4;0;0;0;0;0;0;1;0;0;0;0;0;0;0;0;0;0.0;1.0;0.0;0.0;0.0;0.0;0.0;0.0;0.0;0.0;0.0;1.0;0.0;0.0;0.0;0.0;0.0;0.0;0.0;0.0;0.0;0.0;0.0;0.0;0.0;0.0;0.0;0.0;0.0;0.0;0.0;0.0;0.0;0.0;0.0;3.0;5.0;1.0;1.0;0.0;0.0;0;0;0;0;CAMPO LARGO;REGIÃO LESTE;17
7136.0;2016-07-31;1.0;8.0;15.0;21.0;465.0;27.0;7.0;1.0;16.0;284.0;27.0;0.0;27.0;646.0;126.0;218.0;5;4;4;4;5;5;4;0;0;0;0;0;1;0;0;0;0;0;0;0;0;0;0;0.0;1.0;0.0;0.0;0.0;0.0;0.0;0.0;0.0;0.0;0.0;1.0;0.0;0.0;0.0;0.0;0.0;0.0;0.0;0.0;0.0;0.0;0.0;0.0;0.0;0.0;0.0;0.0;0.0;0.0;0.0;0.0;0.0;0.0;0.0;3.0;5.0;1.0;1.0;0.0;0.0;14;0;0;0;CAMPO LARGO;REGIÃO LESTE;18
9920.0;2016-08-31;3.0;9.0;16.0;20.0;485.0;28.0;10.0;3.0;16.0;318.0;28.0;0.0;28.0;651.0;78.0;319.0;4;5;4;5;4;4;5;0;1;0;0;0;0;0;0;0;0;0;0;0;0;0;0;0.0;1.0;0.0;0.0;0.0;0.0;0.0;0.0;0.0;0.0;0.0;1.0;0.0;0.0;0.0;0.0;0.0;0.0;0.0;0.0;0.0;0.0;0.0;0.0;0.0;0.0;0.0;0.0;0.0;0.0;0.0;0.0;0.0;0.0;0.0;3.0;5.0;1.0;1.0;0.0;0.0;0;0;0;0;CAMPO LARGO;REGIÃO LESTE;19
9330.0;2016-09-30;5.0;13.0;17.0;24.0;513.0;29.0;5.0;5.0;18.0;338.0;29.0;0.0;29.0;687.0;110.0;138.0;4;4;5;4;5;4;4;0;0;0;0;0;0;0;0;0;0;0;1;0;0;0;0;0.0;1.0;0.0;0.0;0.0;0.0;0.0;0.0;0.0;0.0;0.0;1.0;0.0;0.0;0.0;0.0;0.0;0.0;0.0;0.0;0.0;0.0;0.0;0.0;0.0;0.0;0.0;0.0;0.0;0.0;0.0;0.0;0.0;0.0;0.0;3.0;5.0;1.0;1.0;0.0;0.0;0;0;0;0;CAMPO LARGO;REGIÃO LESTE;20
8990.0;2016-10-31;9.0;14.0;19.0;25.0;579.0;32.0;6.0;9.0;19.0;439.0;32.0;0.0;32.0;719.0;85.0;195.0;5;4;4;5;4;5;4;0;0;0;0;0;0;0;0;0;0;1;0;0;0;0;0;0.0;1.0;0.0;0.0;0.0;0.0;0.0;0.0;0.0;0.0;0.0;1.0;0.0;0.0;0.0;0.0;0.0;0.0;0.0;0.0;0.0;0.0;0.0;0.0;0.0;0.0;0.0;0.0;0.0;0.0;0.0;0.0;0.0;0.0;0.0;3.0;5.0;1.0;1.0;0.0;0.0;0;0;0;0;CAMPO LARGO;REGIÃO LESTE;21
9300.0;2016-11-30;10.0;15.0;20.0;25.0;604.0;30.0;4.0;10.0;20.0;462.0;30.0;0.0;30.0;745.0;31.0;105.0;4;5;4;4;4;4;5;0;0;0;0;0;0;0;0;0;1;0;0;0;0;0;0;0.0;1.0;0.0;0.0;0.0;0.0;0.0;0.0;0.0;0.0;0.0;1.0;0.0;0.0;0.0;0.0;0.0;0.0;0.0;0.0;0.0;0.0;0.0;0.0;0.0;0.0;0.0;0.0;0.0;0.0;0.0;0.0;0.0;0.0;0.0;3.0;5.0;1.0;1.0;0.0;0.0;0;0;0;0;CAMPO LARGO;REGIÃO LESTE;22
7906.0;2016-12-31;11.0;16.0;22.0;27.0;680.0;33.0;3.0;11.0;21.0;543.0;33.0;0.0;33.0;816.0;17.0;84.0;4;4;5;4;5;5;4;0;0;1;0;0;0;0;0;0;0;0;0;0;0;0;0;0.0;1.0;0.0;0.0;0.0;0.0;0.0;0.0;0.0;0.0;0.0;1.0;0.0;0.0;0.0;0.0;0.0;0.0;0.0;0.0;0.0;0.0;0.0;0.0;0.0;0.0;0.0;0.0;0.0;0.0;0.0;0.0;0.0;0.0;0.0;3.0;5.0;1.0;1.0;0.0;0.0;0;0;0;0;CAMPO LARGO;REGIÃO LESTE;23
5201.0;2017-01-31;14.0;20.0;23.0;26.0;726.0;31.0;4.0;14.0;21.0;585.0;31.0;0.0;31.0;868.0;20.0;130.0;5;4;4;5;4;4;5;0;0;0;0;1;0;0;0;0;0;0;0;0;0;0;0;0.0;0.0;1.0;0.0;0.0;0.0;0.0;0.0;0.0;0.0;0.0;1.0;0.0;0.0;0.0;0.0;0.0;0.0;0.0;0.0;0.0;0.0;0.0;0.0;0.0;0.0;0.0;0.0;0.0;0.0;0.0;0.0;0.0;0.0;0.0;3.0;5.0;1.0;1.0;0.0;0.0;31;0;0;0;CAMPO LARGO;REGIÃO LESTE;24
9526.0;2017-02-28;17.0;21.0;24.0;26.0;664.0;32.0;6.0;17.0;20.0;525.0;32.0;0.0;32.0;803.0;44.0;159.0;4;4;4;4;4;4;4;0;0;0;1;0;0;0;0;0;0;0;0;0;0;0;0;0.0;0.0;1.0;0.0;0.0;0.0;0.0;0.0;0.0;0.0;0.0;1.0;0.0;0.0;0.0;0.0;0.0;0.0;0.0;0.0;0.0;0.0;0.0;0.0;0.0;0.0;0.0;0.0;0.0;0.0;0.0;0.0;0.0;0.0;0.0;3.0;5.0;1.0;1.0;0.0;0.0;0;2;0;0;CAMPO LARGO;REGIÃO LESTE;25
9889.0;2017-03-31;14.0;17.0;21.0;26.0;663.0;31.0;4.0;14.0;21.0;535.0;31.0;0.0;31.0;792.0;31.0;110.0;4;5;5;4;5;4;4;0;0;0;0;0;0;0;0;1;0;0;0;0;0;0;0;0.0;0.0;1.0;0.0;0.0;0.0;0.0;0.0;0.0;0.0;0.0;1.0;0.0;0.0;0.0;0.0;0.0;0.0;0.0;0.0;0.0;0.0;0.0;0.0;0.0;0.0;0.0;0.0;0.0;0.0;0.0;0.0;0.0;0.0;0.0;3.0;5.0;1.0;1.0;0.0;0.0;0;1;0;0;CAMPO LARGO;REGIÃO LESTE;26
10094.0;2017-04-30;6.0;13.0;19.0;23.0;562.0;28.0;4.0;6.0;19.0;438.0;28.0;0.0;28.0;686.0;39.0;106.0;5;4;4;4;4;5;4;1;0;0;0;0;0;0;0;0;0;0;0;0;0;0;0;0.0;0.0;1.0;0.0;0.0;0.0;0.0;0.0;0.0;0.0;0.0;1.0;0.0;0.0;0.0;0.0;0.0;0.0;0.0;0.0;0.0;0.0;0.0;0.0;0.0;0.0;0.0;0.0;0.0;0.0;0.0;0.0;0.0;0.0;0.0;3.0;5.0;1.0;1.0;0.0;0.0;0;1;0;0;CAMPO LARGO;REGIÃO LESTE;27
10633.0;2017-05-31;10.0;15.0;18.0;22.0;550.0;27.0;5.0;10.0;18.0;434.0;27.0;0.0;27.0;666.0;55.0;141.0;4;5;4;5;4;4;5;0;0;0;0;0;0;0;1;0;0;0;0;0;0;0;0;0.0;0.0;1.0;0.0;0.0;0.0;0.0;0.0;0.0;0.0;0.0;1.0;0.0;0.0;0.0;0.0;0.0;0.0;0.0;0.0;0.0;0.0;0.0;0.0;0.0;0.0;0.0;0.0;0.0;0.0;0.0;0.0;0.0;0.0;0.0;3.0;5.0;1.0;1.0;0.0;0.0;0;0;0;0;CAMPO LARGO;REGIÃO LESTE;28
10770.0;2017-06-30;2.0;10.0;16.0;22.0;473.0;26.0;5.0;2.0;18.0;324.0;26.0;0.0;26.0;623.0;78.0;162.0;4;4;5;4;5;4;4;0;0;0;0;0;0;1;0;0;0;0;0;0;0;0;0;0.0;0.0;1.0;0.0;0.0;0.0;0.0;0.0;0.0;0.0;0.0;1.0;0.0;0.0;0.0;0.0;0.0;0.0;0.0;0.0;0.0;0.0;0.0;0.0;0.0;0.0;0.0;0.0;0.0;0.0;0.0;0.0;0.0;0.0;0.0;3.0;5.0;1.0;1.0;0.0;0.0;0;1;0;0;CAMPO LARGO;REGIÃO LESTE;29
7192.0;2017-07-31;-1.0;6.0;15.0;18.0;462.0;26.0;0.0;-1.0;13.0;268.0;26.0;0.0;26.0;656.0;0.0;0.0;5;4;4;5;4;5;4;0;0;0;0;0;1;0;0;0;0;0;0;0;0;0;0;0.0;0.0;1.0;0.0;0.0;0.0;0.0;0.0;0.0;0.0;0.0;1.0;0.0;0.0;0.0;0.0;0.0;0.0;0.0;0.0;0.0;0.0;0.0;0.0;0.0;0.0;0.0;0.0;0.0;0.0;0.0;0.0;0.0;0.0;0.0;3.0;5.0;1.0;1.0;0.0;0.0;16;0;0;0;CAMPO LARGO;REGIÃO LESTE;30
12090.0;2017-08-31;5.0;11.0;17.0;22.0;514.0;31.0;5.0;5.0;14.0;355.0;31.0;0.0;31.0;672.0;52.0;141.0;4;5;5;4;4;4;5;0;1;0;0;0;0;0;0;0;0;0;0;0;0;0;0;0.0;0.0;1.0;0.0;0.0;0.0;0.0;0.0;0.0;0.0;0.0;1.0;0.0;0.0;0.0;0.0;0.0;0.0;0.0;0.0;0.0;0.0;0.0;0.0;0.0;0.0;0.0;0.0;0.0;0.0;0.0;0.0;0.0;0.0;0.0;3.0;5.0;1.0;1.0;0.0;0.0;0;0;0;0;CAMPO LARGO;REGIÃO LESTE;31
10419.0;2017-09-30;10.0;16.0;21.0;23.0;616.0;32.0;1.0;10.0;18.0;430.0;32.0;0.0;32.0;802.0;24.0;39.0;4;4;4;4;5;5;4;0;0;0;0;0;0;0;0;0;0;0;1;0;0;0;0;0.0;0.0;1.0;0.0;0.0;0.0;0.0;0.0;0.0;0.0;0.0;1.0;0.0;0.0;0.0;0.0;0.0;0.0;0.0;0.0;0.0;0.0;0.0;0.0;0.0;0.0;0.0;0.0;0.0;0.0;0.0;0.0;0.0;0.0;0.0;3.0;5.0;1.0;1.0;0.0;0.0;0;0;0;0;CAMPO LARGO;REGIÃO LESTE;32
10137.0;2017-10-31;7.0;15.0;19.0;25.0;603.0;32.0;11.0;7.0;18.0;445.0;32.0;0.0;32.0;760.0;81.0;353.0;5;4;4;5;4;4;5;0;0;0;0;0;0;0;0;0;0;1;0;0;0;0;0;0.0;0.0;1.0;0.0;0.0;0.0;0.0;0.0;0.0;0.0;0.0;1.0;0.0;0.0;0.0;0.0;0.0;0.0;0.0;0.0;0.0;0.0;0.0;0.0;0.0;0.0;0.0;0.0;0.0;0.0;0.0;0.0;0.0;0.0;0.0;3.0;5.0;1.0;1.0;0.0;0.0;0;0;0;0;CAMPO LARGO;REGIÃO LESTE;33
10920.0;2017-11-30;10.0;16.0;20.0;24.0;595.0;32.0;4.0;10.0;18.0;442.0;32.0;0.0;32.0;747.0;44.0;135.0;4;5;5;4;4;4;4;0;0;0;0;0;0;0;0;0;1;0;0;0;0;0;0;0.0;0.0;1.0;0.0;0.0;0.0;0.0;0.0;0.0;0.0;0.0;1.0;0.0;0.0;0.0;0.0;0.0;0.0;0.0;0.0;0.0;0.0;0.0;0.0;0.0;0.0;0.0;0.0;0.0;0.0;0.0;0.0;0.0;0.0;0.0;3.0;5.0;1.0;1.0;0.0;0.0;0;0;0;0;CAMPO LARGO;REGIÃO LESTE;34
8637.0;2017-12-31;15.0;18.0;22.0;25.0;680.0;31.0;5.0;15.0;21.0;550.0;31.0;0.0;31.0;810.0;64.0;158.0;5;4;4;4;5;5;4;0;0;1;0;0;0;0;0;0;0;0;0;0;0;0;0;0.0;0.0;1.0;0.0;0.0;0.0;0.0;0.0;0.0;0.0;0.0;1.0;0.0;0.0;0.0;0.0;0.0;0.0;0.0;0.0;0.0;0.0;0.0;0.0;0.0;0.0;0.0;0.0;0.0;0.0;0.0;0.0;0.0;0.0;0.0;3.0;5.0;1.0;1.0;0.0;0.0;0;0;0;0;CAMPO LARGO;REGIÃO LESTE;35
5766.0;2018-01-31;15.0;19.0;22.0;25.0;695.0;32.0;7.0;15.0;20.0;562.0;32.0;0.0;32.0;827.0;40.0;203.0;4;5;4;5;4;4;5;0;0;0;0;1;0;0;0;0;0;0;0;0;0;0;0;0.0;0.0;0.0;1.0;0.0;0.0;0.0;0.0;0.0;0.0;0.0;1.0;0.0;0.0;0.0;0.0;0.0;0.0;0.0;0.0;0.0;0.0;0.0;0.0;0.0;0.0;0.0;0.0;0.0;0.0;0.0;0.0;0.0;0.0;0.0;3.0;5.0;1.0;1.0;0.0;0.0;31;0;0;0;CAMPO LARGO;REGIÃO LESTE;36
7168.0;2018-02-28;14.0;17.0;21.0;24.0;595.0;30.0;1.0;14.0;21.0;468.0;30.0;0.0;30.0;722.0;6.0;21.0;4;4;4;4;4;4;4;0;0;0;1;0;0;0;0;0;0;0;0;0;0;0;0;0.0;0.0;0.0;1.0;0.0;0.0;0.0;0.0;0.0;0.0;0.0;1.0;0.0;0.0;0.0;0.0;0.0;0.0;0.0;0.0;0.0;0.0;0.0;0.0;0.0;0.0;0.0;0.0;0.0;0.0;0.0;0.0;0.0;0.0;0.0;3.0;5.0;1.0;1.0;0.0;0.0;0;3;0;0;CAMPO LARGO;REGIÃO LESTE;37
12127.0;2018-03-31;16.0;18.0;23.0;25.0;703.0;30.0;7.0;16.0;20.0;565.0;30.0;0.0;30.0;841.0;75.0;219.0;4;4;5;4;5;5;4;0;0;0;0;0;0;0;0;1;0;0;0;0;0;0;0;0.0;0.0;0.0;1.0;0.0;0.0;0.0;0.0;0.0;0.0;0.0;1.0;0.0;0.0;0.0;0.0;0.0;0.0;0.0;0.0;0.0;0.0;0.0;0.0;0.0;0.0;0.0;0.0;0.0;0.0;0.0;0.0;0.0;0.0;0.0;3.0;5.0;1.0;1.0;0.0;0.0;0;1;0;0;CAMPO LARGO;REGIÃO LESTE;38
10950.0;2018-04-30;12.0;17.0;21.0;23.0;616.0;29.0;0.0;12.0;20.0;456.0;29.0;0.0;29.0;777.0;2.0;4.0;5;4;4;5;4;4;4;1;0;0;0;0;0;0;0;0;0;0;0;0;0;0;0;0.0;0.0;0.0;1.0;0.0;0.0;0.0;0.0;0.0;0.0;0.0;1.0;0.0;0.0;0.0;0.0;0.0;0.0;0.0;0.0;0.0;0.0;0.0;0.0;0.0;0.0;0.0;0.0;0.0;0.0;0.0;0.0;0.0;0.0;0.0;3.0;5.0;1.0;1.0;0.0;0.0;0;0;0;0;CAMPO LARGO;REGIÃO LESTE;39
11233.0;2018-05-31;4.0;12.0;17.0;22.0;542.0;28.0;2.0;4.0;18.0;384.0;28.0;0.0;28.0;700.0;44.0;51.0;4;5;5;4;4;4;5;0;0;0;0;0;0;0;1;0;0;0;0;0;0;0;0;0.0;0.0;0.0;1.0;0.0;0.0;0.0;0.0;0.0;0.0;0.0;1.0;0.0;0.0;0.0;0.0;0.0;0.0;0.0;0.0;0.0;0.0;0.0;0.0;0.0;0.0;0.0;0.0;0.0;0.0;0.0;0.0;0.0;0.0;0.0;3.0;5.0;1.0;1.0;0.0;0.0;0;1;0;0;CAMPO LARGO;REGIÃO LESTE;40
11083.0;2018-06-30;2.0;10.0;15.0;22.0;461.0;28.0;5.0;2.0;18.0;327.0;28.0;0.0;28.0;596.0;33.0;157.0;4;4;4;4;5;5;4;0;0;0;0;0;0;1;0;0;0;0;0;0;0;0;0;0.0;0.0;0.0;1.0;0.0;0.0;0.0;0.0;0.0;0.0;0.0;1.0;0.0;0.0;0.0;0.0;0.0;0.0;0.0;0.0;0.0;0.0;0.0;0.0;0.0;0.0;0.0;0.0;0.0;0.0;0.0;0.0;0.0;0.0;0.0;3.0;5.0;1.0;1.0;0.0;0.0;0;0;0;0;CAMPO LARGO;REGIÃO LESTE;41
8246.0;2018-07-31;2.0;9.0;17.0;20.0;517.0;28.0;0.0;2.0;15.0;332.0;28.0;0.0;28.0;702.0;8.0;9.0;5;4;4;5;4;4;5;0;0;0;0;0;1;0;0;0;0;0;0;0;0;0;0;0.0;0.0;0.0;1.0;0.0;0.0;0.0;0.0;0.0;0.0;0.0;1.0;0.0;0.0;0.0;0.0;0.0;0.0;0.0;0.0;0.0;0.0;0.0;0.0;0.0;0.0;0.0;0.0;0.0;0.0;0.0;0.0;0.0;0.0;0.0;3.0;5.0;1.0;1.0;0.0;0.0;16;0;0;0;CAMPO LARGO;REGIÃO LESTE;42
12524.0;2018-08-31;3.0;11.0;15.0;21.0;476.0;30.0;3.0;3.0;15.0;315.0;30.0;0.0;30.0;637.0;49.0;82.0;4;5;5;4;5;4;4;0;1;0;0;0;0;0;0;0;0;0;0;0;0;0;0;0.0;0.0;0.0;1.0;0.0;0.0;0.0;0.0;0.0;0.0;0.0;1.0;0.0;0.0;0.0;0.0;0.0;0.0;0.0;0.0;0.0;0.0;0.0;0.0;0.0;0.0;0.0;0.0;0.0;0.0;0.0;0.0;0.0;0.0;0.0;3.0;4.0;1.0;1.0;0.0;0.0;0;0;0;0;CAMPO LARGO;REGIÃO LESTE;43
11354.0;2018-09-30;5.0;13.0;18.0;23.0;552.0;30.0;2.0;5.0;18.0;411.0;30.0;0.0;30.0;693.0;10.0;50.0;5;4;4;4;4;5;4;0;0;0;0;0;0;0;0;0;0;0;1;0;0;0;0;0.0;0.0;0.0;1.0;0.0;0.0;0.0;0.0;0.0;0.0;0.0;1.0;0.0;0.0;0.0;0.0;0.0;0.0;0.0;0.0;0.0;0.0;0.0;0.0;0.0;0.0;0.0;0.0;0.0;0.0;0.0;0.0;0.0;0.0;0.0;3.0;4.0;1.0;1.0;0.0;0.0;0;0;0;0;CAMPO LARGO;REGIÃO LESTE;44
11501.0;2018-10-31;12.0;14.0;19.0;23.0;587.0;29.0;7.0;12.0;18.0;471.0;29.0;0.0;29.0;703.0;41.0;206.0;4;5;4;5;4;4;5;0;0;0;0;0;0;0;0;0;0;1;0;0;0;0;0;0.0;0.0;0.0;1.0;0.0;0.0;0.0;0.0;0.0;0.0;0.0;1.0;0.0;0.0;0.0;0.0;0.0;0.0;0.0;0.0;0.0;0.0;0.0;0.0;0.0;0.0;0.0;0.0;0.0;0.0;0.0;0.0;0.0;0.0;0.0;3.0;4.0;1.0;1.0;0.0;0.0;0;0;0;0;CAMPO LARGO;REGIÃO LESTE;45
10980.0;2018-11-30;12.0;16.0;21.0;26.0;620.0;32.0;2.0;12.0;20.0;478.0;32.0;0.0;32.0;761.0;35.0;70.0;4;4;5;4;5;4;4;0;0;0;0;0;0;0;0;0;1;0;0;0;0;0;0;0.0;0.0;0.0;1.0;0.0;0.0;0.0;0.0;0.0;0.0;0.0;1.0;0.0;0.0;0.0;0.0;0.0;0.0;0.0;0.0;0.0;0.0;0.0;0.0;0.0;0.0;0.0;0.0;0.0;0.0;0.0;0.0;0.0;0.0;0.0;3.0;4.0;1.0;1.0;0.0;0.0;0;0;0;0;CAMPO LARGO;REGIÃO LESTE;46
10406.0;2018-12-31;11.0;17.0;23.0;27.0;724.0;33.0;3.0;11.0;21.0;548.0;33.0;0.0;33.0;901.0;42.0;89.0;5;4;4;5;4;5;4;0;0;1;0;0;0;0;0;0;0;0;0;0;0;0;0;0.0;0.0;0.0;1.0;0.0;0.0;0.0;0.0;0.0;0.0;0.0;1.0;0.0;0.0;0.0;0.0;0.0;0.0;0.0;0.0;0.0;0.0;0.0;0.0;0.0;0.0;0.0;0.0;0.0;0.0;0.0;0.0;0.0;0.0;0.0;3.0;4.0;1.0;1.0;0.0;0.0;0;0;0;0;CAMPO LARGO;REGIÃO LESTE;47
5541.0;2019-01-31;17.0;22.0;25.0;27.0;771.0;34.0;3.0;17.0;22.0;612.0;34.0;0.0;34.0;929.0;22.0;104.0;4;5;5;4;4;4;5;0;0;0;0;1;0;0;0;0;0;0;0;0;0;0;0;0.0;0.0;0.0;0.0;1.0;0.0;0.0;0.0;0.0;0.0;0.0;1.0;0.0;0.0;0.0;0.0;0.0;0.0;0.0;0.0;0.0;0.0;0.0;0.0;0.0;0.0;0.0;0.0;0.0;0.0;0.0;0.0;0.0;0.0;0.0;3.0;4.0;1.0;1.0;0.0;0.0;31;0;0;0;CAMPO LARGO;REGIÃO LESTE;48
8988.0;2019-02-28;16.0;18.0;22.0;27.0;625.0;34.0;4.0;16.0;21.0;505.0;34.0;0.0;34.0;745.0;27.0;109.0;4;4;4;4;4;4;4;0;0;0;1;0;0;0;0;0;0;0;0;0;0;0;0;0.0;0.0;0.0;0.0;1.0;0.0;0.0;0.0;0.0;0.0;0.0;1.0;0.0;0.0;0.0;0.0;0.0;0.0;0.0;0.0;0.0;0.0;0.0;0.0;0.0;0.0;0.0;0.0;0.0;0.0;0.0;0.0;0.0;0.0;0.0;3.392857142857143;4.0;1.0;1.0;0.0;1.0;0;0;0;0;CAMPO LARGO;REGIÃO LESTE;49
10759.0;2019-03-31;14.0;18.0;22.0;24.0;677.0;30.0;3.0;14.0;20.0;546.0;30.0;0.0;30.0;808.0;30.0;108.0;5;4;4;4;5;5;4;0;0;0;0;0;0;0;0;1;0;0;0;0;0;0;0;0.0;0.0;0.0;0.0;1.0;0.0;0.0;0.0;0.0;0.0;0.0;1.0;0.0;0.0;0.0;0.0;0.0;0.0;0.0;0.0;0.0;0.0;0.0;0.0;0.0;0.0;0.0;0.0;0.0;0.0;0.0;0.0;0.0;0.0;0.0;4.0;4.0;1.0;1.0;0.0;1.0;0;3;0;0;CAMPO LARGO;REGIÃO LESTE;50
11310.0;2019-04-30;11.0;17.0;21.0;25.0;623.0;29.0;3.0;11.0;21.0;492.0;29.0;0.0;29.0;755.0;23.0;82.0;4;4;4;5;4;4;5;1;0;0;0;0;0;0;0;0;0;0;0;0;0;0;0;0.0;0.0;0.0;0.0;1.0;0.0;0.0;0.0;0.0;0.0;0.0;1.0;0.0;0.0;0.0;0.0;0.0;0.0;0.0;0.0;0.0;0.0;0.0;0.0;0.0;0.0;0.0;0.0;0.0;0.0;0.0;0.0;0.0;0.0;0.0;4.0;4.0;1.0;1.0;0.0;1.0;0;1;0;0;CAMPO LARGO;REGIÃO LESTE;51
12338.0;2019-05-31;8.0;14.0;18.0;24.0;571.0;29.0;15.0;8.0;19.0;460.0;29.0;0.0;29.0;681.0;170.0;480.0;4;5;5;4;5;4;4;0;0;0;0;0;0;0;1;0;0;0;0;0;0;0;0;0.0;0.0;0.0;0.0;1.0;0.0;0.0;0.0;0.0;0.0;0.0;1.0;0.0;0.0;0.0;0.0;0.0;0.0;0.0;0.0;0.0;0.0;0.0;0.0;0.0;0.0;0.0;0.0;0.0;0.0;0.0;0.0;0.0;0.0;0.0;4.0;4.0;1.0;1.0;0.0;1.0;0;0;0;0;CAMPO LARGO;REGIÃO LESTE;52
10782.0;2019-06-30;6.0;11.0;17.0;21.0;511.0;27.0;2.0;6.0;15.0;354.0;27.0;0.0;27.0;669.0;22.0;62.0;5;4;4;4;4;5;4;0;0;0;0;0;0;1;0;0;0;0;0;0;0;0;0;0.0;0.0;0.0;0.0;1.0;0.0;0.0;0.0;0.0;0.0;0.0;1.0;0.0;0.0;0.0;0.0;0.0;0.0;0.0;0.0;0.0;0.0;0.0;0.0;0.0;0.0;0.0;0.0;0.0;0.0;0.0;0.0;0.0;0.0;0.0;4.0;4.0;1.0;1.0;0.0;1.0;0;1;0;0;CAMPO LARGO;REGIÃO LESTE;53
7843.0;2019-07-31;-1.0;6.0;15.0;20.0;479.0;26.0;1.0;-1.0;17.0;296.0;26.0;0.0;26.0;662.0;7.0;21.0;4;5;4;5;4;4;5;0;0;0;0;0;1;0;0;0;0;0;0;0;0;0;0;0.0;0.0;0.0;0.0;1.0;0.0;0.0;0.0;0.0;0.0;0.0;1.0;0.0;0.0;0.0;0.0;0.0;0.0;0.0;0.0;0.0;0.0;0.0;0.0;0.0;0.0;0.0;0.0;0.0;0.0;0.0;0.0;0.0;0.0;0.0;4.0;4.0;1.0;1.0;0.0;1.0;16;0;0;0;CAMPO LARGO;REGIÃO LESTE;54
12636.0;2019-08-31;3.0;8.0;16.0;21.0;495.0;29.0;1.0;3.0;15.0;324.0;29.0;0.0;29.0;665.0;8.0;19.0;4;4;5;4;5;5;4;0;1;0;0;0;0;0;0;0;0;0;0;0;0;0;0;0.0;0.0;0.0;0.0;1.0;0.0;0.0;0.0;0.0;0.0;0.0;1.0;0.0;0.0;0.0;0.0;0.0;0.0;0.0;0.0;0.0;0.0;0.0;0.0;0.0;0.0;0.0;0.0;0.0;0.0;0.0;0.0;0.0;0.0;0.0;4.0;4.0;1.0;1.0;0.0;1.0;0;0;0;0;CAMPO LARGO;REGIÃO LESTE;55
11880.0;2019-09-30;8.0;11.0;19.0;24.0;558.0;32.0;5.0;8.0;18.0;411.0;32.0;0.0;32.0;704.0;49.0;151.0;5;4;4;5;4;4;4;0;0;0;0;0;0;0;0;0;0;0;1;0;0;0;0;0.0;0.0;0.0;0.0;1.0;0.0;0.0;0.0;0.0;0.0;0.0;1.0;0.0;0.0;0.0;0.0;0.0;0.0;0.0;0.0;0.0;0.0;0.0;0.0;0.0;0.0;0.0;0.0;0.0;0.0;0.0;0.0;0.0;0.0;0.0;4.0;4.0;1.0;1.0;0.0;1.0;0;0;0;0;CAMPO LARGO;REGIÃO LESTE;56
11718.0;2019-10-31;12.0;16.0;21.0;26.0;662.0;34.0;3.0;12.0;19.0;490.0;34.0;0.0;34.0;833.0;28.0;95.0;4;5;5;4;4;4;5;0;0;0;0;0;0;0;0;0;0;1;0;0;0;0;0;0.0;0.0;0.0;0.0;1.0;0.0;0.0;0.0;0.0;0.0;0.0;1.0;0.0;0.0;0.0;0.0;0.0;0.0;0.0;0.0;0.0;0.0;0.0;0.0;0.0;0.0;0.0;0.0;0.0;0.0;0.0;0.0;0.0;0.0;0.0;4.0;4.0;1.0;1.0;0.0;1.0;0;0;0;0;CAMPO LARGO;REGIÃO LESTE;57
11626.0;2019-11-30;13.0;16.0;21.0;25.0;628.0;32.0;4.0;13.0;20.0;487.0;32.0;0.0;32.0;769.0;32.0;125.0;4;4;4;4;5;5;4;0;0;0;0;0;0;0;0;0;1;0;0;0;0;0;0;0.0;0.0;0.0;0.0;1.0;0.0;0.0;0.0;0.0;0.0;0.0;1.0;0.0;0.0;0.0;0.0;0.0;0.0;0.0;0.0;0.0;0.0;0.0;0.0;0.0;0.0;0.0;0.0;0.0;0.0;0.0;0.0;0.0;0.0;0.0;4.0;4.0;1.0;1.0;0.0;1.0;0;0;0;0;CAMPO LARGO;REGIÃO LESTE;58
8782.0;2019-12-31;14.0;17.0;22.0;25.0;669.0;31.0;3.0;14.0;20.0;526.0;31.0;0.0;31.0;811.0;18.0;81.0;5;4;4;5;4;4;5;0;0;1;0;0;0;0;0;0;0;0;0;0;0;0;0;0.0;0.0;0.0;0.0;1.0;0.0;0.0;0.0;0.0;0.0;0.0;1.0;0.0;0.0;0.0;0.0;0.0;0.0;0.0;0.0;0.0;0.0;0.0;0.0;0.0;0.0;0.0;0.0;0.0;0.0;0.0;0.0;0.0;0.0;0.0;4.0;4.0;1.0;1.0;0.0;1.0;0;0;0;0;CAMPO LARGO;REGIÃO LESTE;59
5332.0;2020-01-31;15.0;17.0;23.0;26.0;700.0;31.0;3.0;15.0;21.0;561.0;31.0;0.0;31.0;838.0;19.0;99.0;4;5;5;4;5;4;4;0;0;0;0;1;0;0;0;0;0;0;0;0;0;0;0;0.0;0.0;0.0;0.0;0.0;1.0;0.0;0.0;0.0;0.0;0.0;1.0;0.0;0.0;0.0;0.0;0.0;0.0;0.0;0.0;0.0;0.0;0.0;0.0;0.0;0.0;0.0;0.0;0.0;0.0;0.0;0.0;0.0;0.0;0.0;4.0;4.0;1.0;1.0;0.0;1.0;31;0;0;0;CAMPO LARGO;REGIÃO LESTE;60
8810.0;2020-02-29;12.0;18.0;22.0;26.0;632.0;31.0;4.0;12.0;21.0;508.0;31.0;0.0;31.0;757.0;26.0;108.0;4;4;4;4;4;5;4;0;0;0;1;0;0;0;0;0;0;0;0;0;0;0;0;0.0;0.0;0.0;0.0;0.0;1.0;0.0;0.0;0.0;0.0;0.0;1.0;0.0;0.0;0.0;0.0;0.0;0.0;0.0;0.0;0.0;0.0;0.0;0.0;0.0;0.0;0.0;0.0;0.0;0.0;0.0;0.0;0.0;0.0;0.0;4.827586206896552;4.0;1.0;1.0;1.6551724137931034;1.0;0;3;0;0;CAMPO LARGO;REGIÃO LESTE;61
8370.0;2020-03-31;13.0;18.0;21.0;25.0;659.0;32.0;1.0;13.0;20.0;488.0;32.0;0.0;32.0;831.0;15.0;24.0;5;4;4;5;4;4;5;0;0;0;0;0;0;0;0;1;0;0;0;0;0;0;0;0.0;0.0;0.0;0.0;0.0;1.0;0.0;0.0;0.0;0.0;0.0;1.0;0.0;0.0;0.0;0.0;0.0;0.0;0.0;0.0;0.0;0.0;0.0;0.0;0.0;0.0;0.0;0.0;0.0;0.0;0.0;0.0;0.0;0.0;0.0;5.0;4.0;1.0;1.0;2.0;1.0;0;0;15;0;CAMPO LARGO;REGIÃO LESTE;62
4290.0;2020-04-30;6.0;15.0;19.0;24.0;565.0;29.0;2.0;6.0;19.0;386.0;29.0;0.0;29.0;745.0;36.0;56.0;4;5;5;4;4;4;4;1;0;0;0;0;0;0;0;0;0;0;0;0;0;0;0;0.0;0.0;0.0;0.0;0.0;1.0;0.0;0.0;0.0;0.0;0.0;1.0;0.0;0.0;0.0;0.0;0.0;0.0;0.0;0.0;0.0;0.0;0.0;0.0;0.0;0.0;0.0;0.0;0.0;0.0;0.0;0.0;0.0;0.0;0.0;5.0;4.0;1.0;1.0;2.0;1.0;0;1;30;0;CAMPO LARGO;REGIÃO LESTE;63
3255.0;2020-05-31;3.0;11.0;16.0;21.0;493.0;26.0;3.0;3.0;16.0;302.0;26.0;0.0;26.0;684.0;83.0;100.0;5;4;4;4;5;5;4;0;0;0;0;0;0;0;1;0;0;0;0;0;0;0;0;0.0;0.0;0.0;0.0;0.0;1.0;0.0;0.0;0.0;0.0;0.0;1.0;0.0;0.0;0.0;0.0;0.0;0.0;0.0;0.0;0.0;0.0;0.0;0.0;0.0;0.0;0.0;0.0;0.0;0.0;0.0;0.0;0.0;0.0;0.0;5.0;4.0;1.0;1.0;2.0;1.0;0;0;31;0;CAMPO LARGO;REGIÃO LESTE;64
3570.0;2020-06-30;8.0;11.0;17.0;21.0;499.0;28.0;8.0;8.0;18.0;368.0;28.0;0.0;28.0;630.0;74.0;237.0;4;4;4;5;4;4;5;0;0;0;0;0;0;1;0;0;0;0;0;0;0;0;0;0.0;0.0;0.0;0.0;0.0;1.0;0.0;0.0;0.0;0.0;0.0;1.0;0.0;0.0;0.0;0.0;0.0;0.0;0.0;0.0;0.0;0.0;0.0;0.0;0.0;0.0;0.0;0.0;0.0;0.0;0.0;0.0;0.0;0.0;0.0;5.0;4.0;1.0;1.0;2.0;1.0;0;1;30;0;CAMPO LARGO;REGIÃO LESTE;65
3875.0;2020-07-31;2.0;9.0;15.0;21.0;478.0;26.0;2.0;2.0;15.0;304.0;26.0;0.0;26.0;651.0;38.0;55.0;4;5;5;4;5;4;4;0;0;0;0;0;1;0;0;0;0;0;0;0;0;0;0;0.0;0.0;0.0;0.0;0.0;1.0;0.0;0.0;0.0;0.0;0.0;1.0;0.0;0.0;0.0;0.0;0.0;0.0;0.0;0.0;0.0;0.0;0.0;0.0;0.0;0.0;0.0;0.0;0.0;0.0;0.0;0.0;0.0;0.0;0.0;5.0;4.0;1.0;1.0;2.0;1.0;0;0;31;0;CAMPO LARGO;REGIÃO LESTE;66
3255.0;2020-08-31;1.0;6.0;16.0;22.0;489.0;31.0;7.0;1.0;15.0;312.0;31.0;0.0;31.0;666.0;53.0;221.0;5;4;4;5;4;5;4;0;1;0;0;0;0;0;0;0;0;0;0;0;0;0;0;0.0;0.0;0.0;0.0;0.0;1.0;0.0;0.0;0.0;0.0;0.0;1.0;0.0;0.0;0.0;0.0;0.0;0.0;0.0;0.0;0.0;0.0;0.0;0.0;0.0;0.0;0.0;0.0;0.0;0.0;0.0;0.0;0.0;0.0;0.0;5.0;4.0;1.0;1.0;2.0;1.0;0;0;31;0;CAMPO LARGO;REGIÃO LESTE;67
3900.0;2020-09-30;10.0;13.0;20.0;25.0;601.0;34.0;3.0;10.0;17.0;422.0;34.0;0.0;34.0;779.0;42.0;89.0;4;5;4;4;4;4;5;0;0;0;0;0;0;0;0;0;0;0;1;0;0;0;0;0.0;0.0;0.0;0.0;0.0;1.0;0.0;0.0;0.0;0.0;0.0;1.0;0.0;0.0;0.0;0.0;0.0;0.0;0.0;0.0;0.0;0.0;0.0;0.0;0.0;0.0;0.0;0.0;0.0;0.0;0.0;0.0;0.0;0.0;0.0;5.0;4.0;1.0;1.0;2.0;1.0;0;0;30;0;CAMPO LARGO;REGIÃO LESTE;68
4196.0;2020-10-31;9.0;14.0;20.0;27.0;624.0;36.0;2.0;9.0;18.0;454.0;36.0;0.0;36.0;793.0;22.0;72.0;4;4;5;4;5;5;4;0;0;0;0;0;0;0;0;0;0;1;0;0;0;0;0;0.0;0.0;0.0;0.0;0.0;1.0;0.0;0.0;0.0;0.0;0.0;1.0;0.0;0.0;0.0;0.0;0.0;0.0;0.0;0.0;0.0;0.0;0.0;0.0;0.0;0.0;0.0;0.0;0.0;0.0;0.0;0.0;0.0;0.0;0.0;5.0;4.0;1.0;1.0;2.0;1.0;0;0;31;0;CAMPO LARGO;REGIÃO LESTE;69
3480.0;2020-11-30;8.0;15.0;20.0;25.0;606.0;33.0;5.0;8.0;19.0;438.0;33.0;0.0;33.0;774.0;39.0;136.0;5;4;4;5;4;4;4;0;0;0;0;0;0;0;0;0;1;0;0;0;0;0;0;0.0;0.0;0.0;0.0;0.0;1.0;0.0;0.0;0.0;0.0;0.0;1.0;0.0;0.0;0.0;0.0;0.0;0.0;0.0;0.0;0.0;0.0;0.0;0.0;0.0;0.0;0.0;0.0;0.0;0.0;0.0;0.0;0.0;0.0;0.0;5.0;4.0;1.0;1.0;2.0;1.0;0;0;30;0;CAMPO LARGO;REGIÃO LESTE;70
3689.0;2020-12-31;14.0;16.0;22.0;25.0;690.0;31.0;4.0;14.0;20.0;545.0;31.0;0.0;31.0;834.0;50.0;128.0;4;5;5;4;4;4;5;0;0;1;0;0;0;0;0;0;0;0;0;0;0;0;0;0.0;0.0;0.0;0.0;0.0;1.0;0.0;0.0;0.0;0.0;0.0;1.0;0.0;0.0;0.0;0.0;0.0;0.0;0.0;0.0;0.0;0.0;0.0;0.0;0.0;0.0;0.0;0.0;0.0;0.0;0.0;0.0;0.0;0.0;0.0;5.0;3.7096774193548385;1.0;1.0;2.0;1.0;0;0;31;0;CAMPO LARGO;REGIÃO LESTE;71
3317.0;2021-01-31;14.0;19.0;23.0;26.0;699.0;31.0;5.0;14.0;21.0;579.0;31.0;0.0;31.0;819.0;43.0;164.0;5;4;4;4;5;5;4;0;0;0;0;1;0;0;0;0;0;0;0;1;0;0;0;0.0;0.0;0.0;0.0;0.0;0.0;0.0;0.0;0.0;0.0;0.0;1.0;0.0;0.0;0.0;0.0;0.0;0.0;0.0;0.0;0.0;0.0;0.0;0.0;0.0;0.0;0.0;0.0;0.0;0.0;0.0;0.0;0.0;0.0;0.0;5.0;3.0;1.0;1.0;2.0;1.0;0;0;31;0;CAMPO LARGO;REGIÃO LESTE;72
3332.0;2021-02-28;13.0;19.0;22.0;26.0;621.0;32.0;4.0;13.0;21.0;470.0;32.0;0.0;32.0;773.0;70.0;114.0;4;4;4;4;4;4;4;0;0;0;1;0;0;0;0;0;0;0;0;1;0;0;0;0.0;0.0;0.0;0.0;0.0;0.0;0.0;0.0;0.0;0.0;0.0;1.0;0.0;0.0;0.0;0.0;0.0;0.0;0.0;0.0;0.0;0.0;0.0;0.0;0.0;0.0;0.0;0.0;0.0;0.0;0.0;0.0;0.0;0.0;0.0;5.0;3.0;1.0;1.0;2.0;1.0;0;3;28;0;CAMPO LARGO;REGIÃO LESTE;73
3286.0;2021-03-31;11.0;18.0;23.0;25.0;698.0;31.0;7.0;11.0;20.0;548.0;31.0;0.0;31.0;848.0;38.0;210.0;4;5;4;5;4;4;5;0;0;0;0;0;0;0;0;1;0;0;0;1;0;0;0;0.0;0.0;0.0;0.0;0.0;0.0;0.0;0.0;0.0;0.0;0.0;1.0;0.0;0.0;0.0;0.0;0.0;0.0;0.0;0.0;0.0;0.0;0.0;0.0;0.0;0.0;0.0;0.0;0.0;0.0;0.0;0.0;0.0;0.0;0.0;5.0;3.0;1.0;1.0;2.0;1.0;0;0;31;0;CAMPO LARGO;REGIÃO LESTE;74
3570.0;2021-04-30;10.0;16.0;19.0;22.0;558.0;28.0;0.0;10.0;16.0;410.0;28.0;0.0;28.0;705.0;0.0;1.0;4;4;5;4;5;4;4;1;0;0;0;0;0;0;0;0;0;0;0;1;0;0;0;0.0;0.0;0.0;0.0;0.0;0.0;0.0;0.0;0.0;0.0;0.0;1.0;0.0;0.0;0.0;0.0;0.0;0.0;0.0;0.0;0.0;0.0;0.0;0.0;0.0;0.0;0.0;0.0;0.0;0.0;0.0;0.0;0.0;0.0;0.0;5.0;3.0;1.0;1.0;2.0;1.0;0;1;30;0;CAMPO LARGO;REGIÃO LESTE;75
2976.0;2021-05-31;2.0;12.0;16.0;22.0;506.0;27.0;5.0;2.0;17.0;333.0;27.0;0.0;27.0;678.0;37.0;165.0;5;4;4;5;4;5;4;0;0;0;0;0;0;0;1;0;0;0;0;1;0;0;0;0.0;0.0;0.0;0.0;0.0;0.0;0.0;0.0;0.0;0.0;0.0;1.0;0.0;0.0;0.0;0.0;0.0;0.0;0.0;0.0;0.0;0.0;0.0;0.0;0.0;0.0;0.0;0.0;0.0;0.0;0.0;0.0;0.0;0.0;0.0;5.0;3.0;1.0;1.0;2.0;1.0;0;0;31;0;CAMPO LARGO;REGIÃO LESTE;76
2850.0;2021-06-30;-0.0;6.0;15.0;20.0;446.0;26.0;4.0;-0.0;15.0;309.0;26.0;0.0;26.0;583.0;69.0;128.0;4;5;4;4;4;4;5;0;0;0;0;0;0;1;0;0;0;0;0;1;0;0;0;0.0;0.0;0.0;0.0;0.0;0.0;0.0;0.0;0.0;0.0;0.0;1.0;0.0;0.0;0.0;0.0;0.0;0.0;0.0;0.0;0.0;0.0;0.0;0.0;0.0;0.0;0.0;0.0;0.0;0.0;0.0;0.0;0.0;0.0;0.0;5.0;3.0;1.0;1.0;2.0;1.0;0;1;30;0;CAMPO LARGO;REGIÃO LESTE;77
2511.0;2021-07-31;-2.0;6.0;13.0;18.0;402.0;26.0;1.0;-2.0;13.0;190.0;26.0;0.0;26.0;613.0;18.0;35.0;4;4;5;4;5;5;4;0;0;0;0;0;1;0;0;0;0;0;0;1;0;0;0;0.0;0.0;0.0;0.0;0.0;0.0;0.0;0.0;0.0;0.0;0.0;1.0;0.0;0.0;0.0;0.0;0.0;0.0;0.0;0.0;0.0;0.0;0.0;0.0;0.0;0.0;0.0;0.0;0.0;0.0;0.0;0.0;0.0;0.0;0.0;5.0;3.0;1.0;1.0;2.0;1.0;0;0;31;0;CAMPO LARGO;REGIÃO LESTE;78
2914.0;2021-08-31;6.0;10.0;17.0;24.0;516.0;30.0;3.0;6.0;19.0;350.0;30.0;0.0;30.0;682.0;26.0;102.0;5;4;4;5;4;4;5;0;1;0;0;0;0;0;0;0;0;0;0;1;0;0;0;0.0;0.0;0.0;0.0;0.0;0.0;0.0;0.0;0.0;0.0;0.0;1.0;0.0;0.0;0.0;0.0;0.0;0.0;0.0;0.0;0.0;0.0;0.0;0.0;0.0;0.0;0.0;0.0;0.0;0.0;0.0;0.0;0.0;0.0;0.0;5.0;3.0;1.0;1.0;2.7419354838709675;1.0;0;0;31;0;CAMPO LARGO;REGIÃO LESTE;79
2670.0;2021-09-30;9.0;13.0;19.0;25.0;582.0;32.0;2.0;9.0;21.0;418.0;32.0;0.0;32.0;747.0;35.0;66.0;4;5;5;4;4;4;4;0;0;0;0;0;0;0;0;0;0;0;1;1;0;0;0;0.0;0.0;0.0;0.0;0.0;0.0;0.0;0.0;0.0;0.0;0.0;1.0;0.0;0.0;0.0;0.0;0.0;0.0;0.0;0.0;0.0;0.0;0.0;0.0;0.0;0.0;0.0;0.0;0.0;0.0;0.0;0.0;0.0;0.0;0.0;5.0;3.0;1.0;1.0;3.0;1.0;0;0;30;0;CAMPO LARGO;REGIÃO LESTE;80
2852.0;2021-10-31;9.0;13.0;18.0;21.0;544.0;26.0;7.0;9.0;17.0;433.0;26.0;0.0;26.0;655.0;58.0;221.0;5;4;4;4;5;5;4;0;0;0;0;0;0;0;0;0;0;1;0;1;0;0;0;0.0;0.0;0.0;0.0;0.0;0.0;0.0;0.0;0.0;0.0;0.0;1.0;0.0;0.0;0.0;0.0;0.0;0.0;0.0;0.0;0.0;0.0;0.0;0.0;0.0;0.0;0.0;0.0;0.0;0.0;0.0;0.0;0.0;0.0;0.0;5.0;3.0;1.0;1.0;3.0;1.0;0;0;0;0;CAMPO LARGO;REGIÃO LESTE;81
3210.0;2021-11-30;10.0;16.0;20.0;24.0;610.0;32.0;2.0;10.0;19.0;454.0;32.0;0.0;32.0;766.0;11.0;47.0;4;4;4;5;4;4;5;0;0;0;0;0;0;0;0;0;1;0;0;1;0;0;0;0.0;0.0;0.0;0.0;0.0;0.0;0.0;0.0;0.0;0.0;0.0;1.0;0.0;0.0;0.0;0.0;0.0;0.0;0.0;0.0;0.0;0.0;0.0;0.0;0.0;0.0;0.0;0.0;0.0;0.0;0.0;0.0;0.0;0.0;0.0;5.0;3.0;1.0;1.0;3.0;1.0;0;0;0;0;CAMPO LARGO;REGIÃO LESTE;82
3658.0;2021-12-31;11.0;17.0;22.0;26.0;668.0;31.0;2.0;11.0;21.0;502.0;31.0;0.0;31.0;833.0;7.0;51.0;4;5;5;4;5;4;4;0;0;1;0;0;0;0;0;0;0;0;0;1;0;0;0;0.0;0.0;0.0;0.0;0.0;0.0;0.0;0.0;0.0;0.0;0.0;1.0;0.0;0.0;0.0;0.0;0.0;0.0;0.0;0.0;0.0;0.0;0.0;0.0;0.0;0.0;0.0;0.0;0.0;0.0;0.0;0.0;0.0;0.0;0.0;5.0;3.0;1.0;1.0;3.0;1.0;0;0;0;0;CAMPO LARGO;REGIÃO LESTE;83
2852.0;2022-01-31;14.0;18.0;23.0;26.0;706.0;33.0;8.0;14.0;21.0;556.0;33.0;0.0;33.0;856.0;72.0;260.0;5;4;4;5;4;5;4;0;0;0;0;1;0;0;0;0;0;0;0;0;1;0;0;0.0;0.0;0.0;0.0;0.0;0.0;0.0;0.0;0.0;0.0;0.0;1.0;0.0;0.0;0.0;0.0;0.0;0.0;0.0;0.0;0.0;0.0;0.0;0.0;0.0;0.0;0.0;0.0;0.0;0.0;0.0;0.0;0.0;0.0;0.0;5.0;3.0;1.0;1.0;3.0;1.0;31;0;0;0;CAMPO LARGO;REGIÃO LESTE;84
4592.0;2022-02-28;13.0;19.0;23.0;26.0;646.0;33.0;2.0;13.0;21.0;493.0;33.0;0.0;33.0;800.0;21.0;61.0;4;4;4;4;4;4;4;0;0;0;1;0;0;0;0;0;0;0;0;0;1;0;0;0.0;0.0;0.0;0.0;0.0;0.0;0.0;0.0;0.0;0.0;0.0;1.0;0.0;0.0;0.0;0.0;0.0;0.0;0.0;0.0;0.0;0.0;0.0;0.0;0.0;0.0;0.0;0.0;0.0;0.0;0.0;0.0;0.0;0.0;0.0;5.0;3.0;1.0;1.0;3.0;1.0;0;1;0;0;CAMPO LARGO;REGIÃO LESTE;85
9207.0;2022-03-31;14.0;17.0;22.0;26.0;696.0;32.0;8.0;14.0;21.0;560.0;32.0;0.0;32.0;831.0;61.0;254.0;4;5;5;4;4;4;5;0;0;0;0;0;0;0;0;1;0;0;0;0;1;0;0;0.0;0.0;0.0;0.0;0.0;0.0;0.0;0.0;0.0;0.0;0.0;1.0;0.0;0.0;0.0;0.0;0.0;0.0;0.0;0.0;0.0;0.0;0.0;0.0;0.0;0.0;0.0;0.0;0.0;0.0;0.0;0.0;0.0;0.0;0.0;5.0;3.0;1.0;1.0;3.0;1.0;0;1;0;0;CAMPO LARGO;REGIÃO LESTE;86
8370.0;2022-04-30;7.0;13.0;19.0;23.0;561.0;29.0;6.0;7.0;18.0;426.0;29.0;0.0;29.0;695.0;60.0;176.0;4;4;4;4;5;5;4;1;0;0;0;0;0;0;0;0;0;0;0;0;1;0;0;0.0;0.0;0.0;0.0;0.0;0.0;0.0;0.0;0.0;0.0;0.0;1.0;0.0;0.0;0.0;0.0;0.0;0.0;0.0;0.0;0.0;0.0;0.0;0.0;0.0;0.0;0.0;0.0;0.0;0.0;0.0;0.0;0.0;0.0;0.0;5.0;3.0;1.0;1.0;3.433333333333333;1.0;0;1;0;0;CAMPO LARGO;REGIÃO LESTE;87
11222.0;2022-05-31;2.0;8.0;15.0;21.0;478.0;26.0;2.0;2.0;17.0;325.0;26.0;0.0;26.0;630.0;29.0;66.0;5;4;4;5;4;4;5;0;0;0;0;0;0;0;1;0;0;0;0;0;1;0;0;0.0;0.0;0.0;0.0;0.0;0.0;0.0;0.0;0.0;0.0;0.0;1.0;0.0;0.0;0.0;0.0;0.0;0.0;0.0;0.0;0.0;0.0;0.0;0.0;0.0;0.0;0.0;0.0;0.0;0.0;0.0;0.0;0.0;0.0;0.0;5.0;3.0;1.0;1.0;4.0;1.0;0;0;0;0;CAMPO LARGO;REGIÃO LESTE;88
11370.0;2022-06-30;1.0;9.0;15.0;21.0;450.0;27.0;4.0;1.0;16.0;308.0;27.0;0.0;27.0;591.0;56.0;124.0;4;5;5;4;4;4;4;0;0;0;0;0;0;1;0;0;0;0;0;0;1;0;0;0.0;0.0;0.0;0.0;0.0;0.0;0.0;0.0;0.0;0.0;0.0;1.0;0.0;0.0;0.0;0.0;0.0;0.0;0.0;0.0;0.0;0.0;0.0;0.0;0.0;0.0;0.0;0.0;0.0;0.0;0.0;0.0;0.0;0.0;0.0;5.0;3.0;1.0;1.0;4.0;1.0;0;1;0;0;CAMPO LARGO;REGIÃO LESTE;89
7607.0;2022-07-31;3.0;11.0;17.0;20.0;528.0;27.0;3.0;3.0;16.0;333.0;27.0;0.0;27.0;724.0;51.0;94.0;5;4;4;4;5;5;4;0;0;0;0;0;1;0;0;0;0;0;0;0;1;0;0;0.0;0.0;0.0;0.0;0.0;0.0;0.0;0.0;0.0;0.0;0.0;1.0;0.0;0.0;0.0;0.0;0.0;0.0;0.0;0.0;0.0;0.0;0.0;0.0;0.0;0.0;0.0;0.0;0.0;0.0;0.0;0.0;0.0;0.0;0.0;5.0;3.0;1.0;1.0;4.0;1.0;0;0;0;0;CAMPO LARGO;REGIÃO LESTE;90
11687.0;2022-08-31;1.0;7.0;15.0;19.0;460.0;28.0;4.0;1.0;16.0;311.0;28.0;0.0;28.0;609.0;43.0;116.0;4;5;4;5;4;4;5;0;1;0;0;0;0;0;0;0;0;0;0;0;1;0;0;0.0;0.0;0.0;0.0;0.0;0.0;0.0;0.0;0.0;0.0;0.0;1.0;0.0;0.0;0.0;0.0;0.0;0.0;0.0;0.0;0.0;0.0;0.0;0.0;0.0;0.0;0.0;0.0;0.0;0.0;0.0;0.0;0.0;0.0;0.0;5.0;3.0;1.0;1.0;4.0;1.0;0;0;0;0;CAMPO LARGO;REGIÃO LESTE;91
11280.0;2022-09-30;4.0;10.0;15.0;23.0;449.0;30.0;7.0;4.0;20.0;335.0;30.0;0.0;30.0;562.0;67.0;219.0;4;4;5;4;5;4;4;0;0;0;0;0;0;0;0;0;0;0;1;0;1;0;0;0.0;0.0;0.0;0.0;0.0;0.0;0.0;0.0;0.0;0.0;0.0;1.0;0.0;0.0;0.0;0.0;0.0;0.0;0.0;0.0;0.0;0.0;0.0;0.0;0.0;0.0;0.0;0.0;0.0;0.0;0.0;0.0;0.0;0.0;0.0;5.0;3.0;1.0;1.0;4.0;1.0;0;0;0;0;CAMPO LARGO;REGIÃO LESTE;92
10509.0;2022-10-31;7.0;15.0;19.0;23.0;589.0;30.0;6.0;7.0;18.0;440.0;30.0;0.0;30.0;738.0;59.0;197.0;5;4;4;5;4;5;4;0;0;0;0;0;0;0;0;0;0;1;0;0;1;0;0;0.0;0.0;0.0;0.0;0.0;0.0;0.0;0.0;0.0;0.0;0.0;1.0;0.0;0.0;0.0;0.0;0.0;0.0;0.0;0.0;0.0;0.0;0.0;0.0;0.0;0.0;0.0;0.0;0.0;0.0;0.0;0.0;0.0;0.0;0.0;5.0;3.0;1.0;1.0;4.0;1.0;0;0;0;0;CAMPO LARGO;REGIÃO LESTE;93
9630.0;2022-11-30;7.0;10.0;18.0;22.0;533.0;28.0;4.0;7.0;17.0;385.0;28.0;0.0;28.0;682.0;31.0;134.0;4;5;4;4;4;4;5;0;0;0;0;0;0;0;0;0;1;0;0;0;1;0;0;0.0;0.0;0.0;0.0;0.0;0.0;0.0;0.0;0.0;0.0;0.0;1.0;0.0;0.0;0.0;0.0;0.0;0.0;0.0;0.0;0.0;0.0;0.0;0.0;0.0;0.0;0.0;0.0;0.0;0.0;0.0;0.0;0.0;0.0;0.0;5.0;3.0;1.0;1.0;4.0;1.0;0;0;0;0;CAMPO LARGO;REGIÃO LESTE;94
8184.0;2022-12-31;12.0;17.0;21.0;26.0;660.0;32.0;4.0;12.0;20.0;518.0;32.0;0.0;32.0;801.0;28.0;126.0;4;4;5;4;5;5;4;0;0;1;0;0;0;0;0;0;0;0;0;0;1;0;0;0.0;0.0;0.0;0.0;0.0;0.0;0.0;0.0;0.0;0.0;0.0;1.0;0.0;0.0;0.0;0.0;0.0;0.0;0.0;0.0;0.0;0.0;0.0;0.0;0.0;0.0;0.0;0.0;0.0;0.0;0.0;0.0;0.0;0.0;0.0;4.741935483870968;2.5161290322580645;1.0;1.0;4.0;1.0;0;0;0;0;CAMPO LARGO;REGIÃO LESTE;95
4278.0;2023-01-31;12.0;17.0;22.0;24.0;680.0;30.0;6.0;12.0;20.0;530.0;30.0;0.0;30.0;829.0;40.0;189.0;5;4;4;5;4;4;5;0;0;0;0;1;0;0;0;0;0;0;0;0;0;1;0;0.0;0.0;0.0;0.0;0.0;0.0;0.0;0.0;0.0;0.0;0.0;1.0;0.0;0.0;0.0;0.0;0.0;0.0;0.0;0.0;0.0;0.0;0.0;0.0;0.0;0.0;0.0;0.0;0.0;0.0;0.0;0.0;0.0;0.0;0.0;4.0;2.0;1.0;1.0;4.0;1.0;31;0;0;0;CAMPO LARGO;REGIÃO LESTE;96
5656.0;2023-02-28;13.0;15.0;22.0;24.0;614.0;30.0;10.0;13.0;20.0;494.0;30.0;0.0;30.0;733.0;56.0;290.0;4;4;4;4;4;4;4;0;0;0;1;0;0;0;0;0;0;0;0;0;0;1;0;0.0;0.0;0.0;0.0;0.0;0.0;0.0;0.0;0.0;0.0;0.0;1.0;0.0;0.0;0.0;0.0;0.0;0.0;0.0;0.0;0.0;0.0;0.0;0.0;0.0;0.0;0.0;0.0;0.0;0.0;0.0;0.0;0.0;0.0;0.0;4.0;2.0;1.0;1.0;4.0;1.0;0;3;0;0;CAMPO LARGO;REGIÃO LESTE;97
11780.0;2023-03-31;15.0;20.0;22.0;24.0;696.0;30.0;5.0;15.0;19.0;544.0;30.0;0.0;30.0;849.0;37.0;156.0;4;5;5;4;5;4;4;0;0;0;0;0;0;0;0;1;0;0;0;0;0;1;0;0.0;0.0;0.0;0.0;0.0;0.0;0.0;0.0;0.0;0.0;0.0;1.0;0.0;0.0;0.0;0.0;0.0;0.0;0.0;0.0;0.0;0.0;0.0;0.0;0.0;0.0;0.0;0.0;0.0;0.0;0.0;0.0;0.0;0.0;0.0;4.0;2.0;1.0;1.0;4.0;1.0;0;0;0;0;CAMPO LARGO;REGIÃO LESTE;98
9240.0;2023-04-30;8.0;14.0;19.0;23.0;564.0;29.0;3.0;8.0;18.0;427.0;29.0;0.0;29.0;700.0;64.0;100.0;5;4;4;4;4;5;4;1;0;0;0;0;0;0;0;0;0;0;0;0;0;1;0;0.0;0.0;0.0;0.0;0.0;0.0;0.0;0.0;0.0;0.0;0.0;1.0;0.0;0.0;0.0;0.0;0.0;0.0;0.0;0.0;0.0;0.0;0.0;0.0;0.0;0.0;0.0;0.0;0.0;0.0;0.0;0.0;0.0;0.0;0.0;4.0;1.4666666666666666;1.0;1.0;4.0;1.0;0;1;0;0;CAMPO LARGO;REGIÃO LESTE;99
11253.0;2023-05-31;6.0;13.0;17.0;22.0;535.0;27.0;2.0;6.0;18.0;371.0;27.0;0.0;27.0;698.0;19.0;57.0;4;5;4;5;4;4;5;0;0;0;0;0;0;0;1;0;0;0;0;0;0;1;0;0.0;0.0;0.0;0.0;0.0;0.0;0.0;0.0;0.0;0.0;0.0;1.0;0.0;0.0;0.0;0.0;0.0;0.0;0.0;0.0;0.0;0.0;0.0;0.0;0.0;0.0;0.0;0.0;0.0;0.0;0.0;0.0;0.0;0.0;0.0;4.0;1.0;1.0;1.0;4.0;1.0;0;0;0;0;CAMPO LARGO;REGIÃO LESTE;100
9840.0;2023-06-30;5.0;11.0;15.0;21.0;462.0;27.0;3.0;5.0;15.0;296.0;27.0;0.0;27.0;627.0;37.0;95.0;4;4;5;4;5;4;4;0;0;0;0;0;0;1;0;0;0;0;0;0;0;1;0;0.0;0.0;0.0;0.0;0.0;0.0;0.0;0.0;0.0;0.0;0.0;1.0;0.0;0.0;0.0;0.0;0.0;0.0;0.0;0.0;0.0;0.0;0.0;0.0;0.0;0.0;0.0;0.0;0.0;0.0;0.0;0.0;0.0;0.0;0.0;4.0;1.0;1.0;1.0;4.0;1.0;0;1;0;0;CAMPO LARGO;REGIÃO LESTE;101
6200.0;2023-07-31;3.0;10.0;15.0;21.0;480.0;26.0;4.0;3.0;16.0;338.0;26.0;0.0;26.0;622.0;56.0;134.0;5;4;4;5;4;5;4;0;0;0;0;0;1;0;0;0;0;0;0;0;0;1;0;0.0;0.0;0.0;0.0;0.0;0.0;0.0;0.0;0.0;0.0;0.0;1.0;0.0;0.0;0.0;0.0;0.0;0.0;0.0;0.0;0.0;0.0;0.0;0.0;0.0;0.0;0.0;0.0;0.0;0.0;0.0;0.0;0.0;0.0;0.0;4.0;1.0;1.0;1.0;4.0;1.0;15;0;0;0;CAMPO LARGO;REGIÃO LESTE;102
10788.0;2023-08-31;5.0;10.0;17.0;25.0;517.0;31.0;4.0;5.0;20.0;353.0;31.0;0.0;31.0;681.0;34.0;112.0;4;5;5;4;4;4;5;0;1;0;0;0;0;0;0;0;0;0;0;0;0;1;0;0.0;0.0;0.0;0.0;0.0;0.0;0.0;0.0;0.0;0.0;0.0;1.0;0.0;0.0;0.0;0.0;0.0;0.0;0.0;0.0;0.0;0.0;0.0;0.0;0.0;0.0;0.0;0.0;0.0;0.0;0.0;0.0;0.0;0.0;0.0;4.0;1.0;1.0;1.0;4.0;1.0;0;0;0;0;CAMPO LARGO;REGIÃO LESTE;103
9420.0;2023-09-30;9.0;13.0;20.0;26.0;606.0;34.0;6.0;9.0;22.0;445.0;34.0;0.0;34.0;767.0;85.0;166.0;4;4;4;4;5;5;4;0;0;0;0;0;0;0;0;0;0;0;1;0;0;1;0;0.0;0.0;0.0;0.0;0.0;0.0;0.0;0.0;0.0;0.0;0.0;1.0;0.0;0.0;0.0;0.0;0.0;0.0;0.0;0.0;0.0;0.0;0.0;0.0;0.0;0.0;0.0;0.0;0.0;0.0;0.0;0.0;0.0;0.0;0.0;4.0;1.0;1.0;1.0;4.0;1.0;0;0;0;0;CAMPO LARGO;REGIÃO LESTE;104
10199.0;2023-10-31;11.0;14.0;19.0;25.0;600.0;31.0;12.0;11.0;20.0;480.0;31.0;0.0;31.0;720.0;64.0;370.0;5;4;4;5;4;4;5;0;0;0;0;0;0;0;0;0;0;1;0;0;0;1;0;0.0;0.0;0.0;0.0;0.0;0.0;0.0;0.0;0.0;0.0;0.0;1.0;0.0;0.0;0.0;0.0;0.0;0.0;0.0;0.0;0.0;0.0;0.0;0.0;0.0;0.0;0.0;0.0;0.0;0.0;0.0;0.0;0.0;0.0;0.0;4.0;1.0;1.0;1.0;4.0;1.0;0;0;0;0;CAMPO LARGO;REGIÃO LESTE;105
9750.0;2023-11-30;8.0;16.0;21.0;27.0;636.0;35.0;4.0;8.0;20.0;495.0;35.0;0.0;35.0;777.0;32.0;132.0;4;5;5;4;4;4;4;0;0;0;0;0;0;0;0;0;1;0;0;0;0;1;0;0.0;0.0;0.0;0.0;0.0;0.0;0.0;0.0;0.0;0.0;0.0;1.0;0.0;0.0;0.0;0.0;0.0;0.0;0.0;0.0;0.0;0.0;0.0;0.0;0.0;0.0;0.0;0.0;0.0;0.0;0.0;0.0;0.0;0.0;0.0;4.0;1.0;1.0;1.0;4.0;1.0;0;0;0;0;CAMPO LARGO;REGIÃO LESTE;106
7378.0;2023-12-31;14.0;17.0;23.0;27.0;718.0;34.0;2.0;14.0;22.0;558.0;34.0;0.0;34.0;879.0;32.0;68.0;5;4;4;4;5;5;4;0;0;1;0;0;0;0;0;0;0;0;0;0;0;1;0;0.0;0.0;0.0;0.0;0.0;0.0;0.0;0.0;0.0;0.0;0.0;1.0;0.0;0.0;0.0;0.0;0.0;0.0;0.0;0.0;0.0;0.0;0.0;0.0;0.0;0.0;0.0;0.0;0.0;0.0;0.0;0.0;0.0;0.0;0.0;4.0;1.0;1.0;1.0;4.0;1.0;0;0;0;0;CAMPO LARGO;REGIÃO LESTE;107
3844.0;2024-01-31;13.0;17.0;23.0;27.0;705.0;35.0;4.0;13.0;23.0;557.0;35.0;0.0;35.0;852.0;28.0;112.0;4;5;4;5;4;4;5;0;0;0;0;1;0;0;0;0;0;0;0;0;0;0;1;0.0;0.0;0.0;0.0;0.0;0.0;0.0;0.0;0.0;0.0;0.0;1.0;0.0;0.0;0.0;0.0;0.0;0.0;0.0;0.0;0.0;0.0;0.0;0.0;0.0;0.0;0.0;0.0;0.0;0.0;0.0;0.0;0.0;0.0;0.0;4.0;1.0;1.0;1.0;4.0;1.0;31;0;0;0;CAMPO LARGO;REGIÃO LESTE;108
7192.0;2024-02-29;16.0;18.0;23.0;26.0;676.0;32.0;3.0;16.0;21.0;537.0;32.0;0.0;32.0;814.0;18.0;89.0;4;4;5;4;4;4;4;0;0;0;1;0;0;0;0;0;0;0;0;0;0;0;1;0.0;0.0;0.0;0.0;0.0;0.0;0.0;0.0;0.0;0.0;0.0;1.0;0.0;0.0;0.0;0.0;0.0;0.0;0.0;0.0;0.0;0.0;0.0;0.0;0.0;0.0;0.0;0.0;0.0;0.0;0.0;0.0;0.0;0.0;0.0;4.0;1.0;1.0;1.0;4.0;1.0;0;3;0;0;CAMPO LARGO;REGIÃO LESTE;109
10478.0;2024-03-31;15.0;17.0;23.0;28.0;713.0;34.0;1.0;15.0;22.0;570.0;34.0;0.0;34.0;857.0;8.0;31.0;5;4;4;4;5;5;4;0;0;0;0;0;0;0;0;1;0;0;0;0;0;0;1;0.0;0.0;0.0;0.0;0.0;0.0;0.0;0.0;0.0;0.0;0.0;1.0;0.0;0.0;0.0;0.0;0.0;0.0;0.0;0.0;0.0;0.0;0.0;0.0;0.0;0.0;0.0;0.0;0.0;0.0;0.0;0.0;0.0;0.0;0.0;4.0;1.0;1.0;1.0;4.0;1.0;0;1;0;0;CAMPO LARGO;REGIÃO LESTE;110
6570.0;2024-04-30;9.0;16.0;21.0;26.0;641.0;31.0;3.0;9.0;20.0;503.0;31.0;0.0;31.0;779.0;38.0;78.0;4;4;4;5;4;4;5;1;0;0;0;0;0;0;0;0;0;0;0;0;0;0;1;0.0;0.0;0.0;0.0;0.0;0.0;0.0;0.0;0.0;0.0;0.0;1.0;0.0;0.0;0.0;0.0;0.0;0.0;0.0;0.0;0.0;0.0;0.0;0.0;0.0;0.0;0.0;0.0;0.0;0.0;0.0;0.0;0.0;0.0;0.0;4.0;1.0;1.0;1.0;4.0;1.0;0;0;0;0;CAMPO LARGO;REGIÃO LESTE;111
4185.0;2024-05-31;4.0;11.0;19.0;24.0;586.0;30.0;1.0;4.0;19.0;441.0;30.0;0.0;30.0;731.0;16.0;23.0;4;5;5;4;5;4;4;0;0;0;0;0;0;0;1;0;0;0;0;0;0;0;1;0.0;0.0;0.0;0.0;0.0;0.0;0.0;0.0;0.0;0.0;0.0;1.0;0.0;0.0;0.0;0.0;0.0;0.0;0.0;0.0;0.0;0.0;0.0;0.0;0.0;0.0;0.0;0.0;0.0;0.0;0.0;0.0;0.0;0.0;0.0;4.0;1.0;1.0;1.0;4.0;1.0;0;1;0;30;CAMPO LARGO;REGIÃO LESTE;112
3330.0;2024-06-30;2.0;10.0;18.0;21.0;542.0;28.0;1.0;2.0;16.0;364.0;28.0;0.0;28.0;719.0;9.0;20.0;5;4;4;4;4;5;4;0;0;0;0;0;0;1;0;0;0;0;0;0;0;0;1;0.0;0.0;0.0;0.0;0.0;0.0;0.0;0.0;0.0;0.0;0.0;1.0;0.0;0.0;0.0;0.0;0.0;0.0;0.0;0.0;0.0;0.0;0.0;0.0;0.0;0.0;0.0;0.0;0.0;0.0;0.0;0.0;0.0;0.0;0.0;4.0;1.0;1.0;1.0;4.0;1.0;0;0;0;30;CAMPO LARGO;REGIÃO LESTE;113
6572.0;2024-07-31;4.0;10.0;15.0;19.0;460.0;27.0;1.0;4.0;14.0;297.0;27.0;0.0;27.0;623.0;10.0;46.0;4;5;4;5;4;4;5;0;0;0;0;0;1;0;0;0;0;0;0;0;0;0;1;0.0;0.0;0.0;0.0;0.0;0.0;0.0;0.0;0.0;0.0;0.0;1.0;0.0;0.0;0.0;0.0;0.0;0.0;0.0;0.0;0.0;0.0;0.0;0.0;0.0;0.0;0.0;0.0;0.0;0.0;0.0;0.0;0.0;0.0;0.0;4.0;1.0;1.0;1.0;4.0;1.0;12;0;0;0;CAMPO LARGO;REGIÃO LESTE;114
10633.0;2024-08-31;-0.0;8.0;17.0;22.0;515.0;32.0;1.0;-0.0;16.0;292.0;32.0;0.0;32.0;739.0;20.0;32.0;4;4;5;4;5;5;4;0;1;0;0;0;0;0;0;0;0;0;0;0;0;0;1;0.0;0.0;0.0;0.0;0.0;0.0;0.0;0.0;0.0;0.0;0.0;1.0;0.0;0.0;0.0;0.0;0.0;0.0;0.0;0.0;0.0;0.0;0.0;0.0;0.0;0.0;0.0;0.0;0.0;0.0;0.0;0.0;0.0;0.0;0.0;4.0;1.0;1.0;1.0;4.0;1.0;0;0;0;0;CAMPO LARGO;REGIÃO LESTE;115
10140.0;2024-09-30;11.0;13.0;21.0;25.0;619.0;34.0;2.0;11.0;18.0;420.0;34.0;0.0;34.0;818.0;22.0;60.0;5;4;4;5;4;4;4;0;0;0;0;0;0;0;0;0;0;0;1;0;0;0;1;0.0;0.0;0.0;0.0;0.0;0.0;0.0;0.0;0.0;0.0;0.0;1.0;0.0;0.0;0.0;0.0;0.0;0.0;0.0;0.0;0.0;0.0;0.0;0.0;0.0;0.0;0.0;0.0;0.0;0.0;0.0;0.0;0.0;0.0;0.0;4.0;1.0;1.0;1.0;4.0;1.0;0;0;0;0;CAMPO LARGO;REGIÃO LESTE;116
11532.0;2024-10-31;11.0;14.0;20.0;25.0;611.0;34.0;4.0;11.0;20.0;476.0;34.0;0.0;34.0;746.0;32.0;117.0;4;5;5;4;4;4;5;0;0;0;0;0;0;0;0;0;0;1;0;0;0;0;1;0.0;0.0;0.0;0.0;0.0;0.0;0.0;0.0;0.0;0.0;0.0;1.0;0.0;0.0;0.0;0.0;0.0;0.0;0.0;0.0;0.0;0.0;0.0;0.0;0.0;0.0;0.0;0.0;0.0;0.0;0.0;0.0;0.0;0.0;0.0;4.0;1.0;1.0;1.0;4.0;1.0;0;0;0;0;CAMPO LARGO;REGIÃO LESTE;117
4598.0;2017-10-31;7.0;16.0;21.0;28.0;643.0;35.0;28.0;7.0;21.0;484.0;35.0;0.0;35.0;801.0;164.0;866.0;5;4;4;5;4;4;5;0;0;0;0;0;0;0;0;0;0;1;0;0;0;0;0;0.0;0.0;1.0;0.0;0.0;0.0;0.0;0.0;0.0;0.0;0.0;0.0;1.0;0.0;0.0;0.0;0.0;0.0;0.0;0.0;0.0;0.0;0.0;0.0;0.0;0.0;0.0;0.0;0.0;0.0;0.0;0.0;0.0;0.0;0.0;2.0;0.0;0.0;0.0;0.0;0.0;0;0;0;0;CAPANEMA;REGIÃO SUL;1
3945.0;2017-11-30;10.0;18.0;21.0;25.0;629.0;32.0;9.0;10.0;20.0;451.0;32.0;0.0;32.0;807.0;100.0;266.0;4;5;5;4;4;4;4;0;0;0;0;0;0;0;0;0;1;0;0;0;0;0;0;0.0;0.0;1.0;0.0;0.0;0.0;0.0;0.0;0.0;0.0;0.0;0.0;1.0;0.0;0.0;0.0;0.0;0.0;0.0;0.0;0.0;0.0;0.0;0.0;0.0;0.0;0.0;0.0;0.0;0.0;0.0;0.0;0.0;0.0;0.0;2.0;0.0;0.0;0.0;0.0;0.0;0;0;0;0;CAPANEMA;REGIÃO SUL;2
3574.0;2017-12-31;15.0;22.0;24.0;27.0;749.0;34.0;4.0;15.0;21.0;589.0;34.0;0.0;34.0;910.0;41.0;136.0;5;4;4;4;5;5;4;0;0;1;0;0;0;0;0;0;0;0;0;0;0;0;0;0.0;0.0;1.0;0.0;0.0;0.0;0.0;0.0;0.0;0.0;0.0;0.0;1.0;0.0;0.0;0.0;0.0;0.0;0.0;0.0;0.0;0.0;0.0;0.0;0.0;0.0;0.0;0.0;0.0;0.0;0.0;0.0;0.0;0.0;0.0;2.0;0.0;0.0;0.0;0.0;0.0;0;0;0;0;CAPANEMA;REGIÃO SUL;3
2617.0;2018-01-31;16.0;21.0;24.0;26.0;740.0;32.0;6.0;16.0;21.0;600.0;32.0;0.0;32.0;880.0;40.0;177.0;4;5;4;5;4;4;5;0;0;0;0;1;0;0;0;0;0;0;0;0;0;0;0;0.0;0.0;0.0;1.0;0.0;0.0;0.0;0.0;0.0;0.0;0.0;0.0;1.0;0.0;0.0;0.0;0.0;0.0;0.0;0.0;0.0;0.0;0.0;0.0;0.0;0.0;0.0;0.0;0.0;0.0;0.0;0.0;0.0;0.0;0.0;2.0;0.0;0.0;0.0;0.0;0.0;31;0;0;0;CAPANEMA;REGIÃO SUL;4
3107.0;2018-02-28;14.0;21.0;24.0;27.0;669.0;33.0;5.0;14.0;21.0;516.0;33.0;0.0;33.0;823.0;44.0;146.0;4;4;4;4;4;4;4;0;0;0;1;0;0;0;0;0;0;0;0;0;0;0;0;0.0;0.0;0.0;1.0;0.0;0.0;0.0;0.0;0.0;0.0;0.0;0.0;1.0;0.0;0.0;0.0;0.0;0.0;0.0;0.0;0.0;0.0;0.0;0.0;0.0;0.0;0.0;0.0;0.0;0.0;0.0;0.0;0.0;0.0;0.0;2.8214285714285716;0.0;0.0;0.0;0.0;0.0;0;3;0;0;CAPANEMA;REGIÃO SUL;5
4398.0;2018-03-31;10.0;17.0;24.0;27.0;739.0;33.0;11.0;10.0;23.0;590.0;33.0;0.0;33.0;888.0;55.0;348.0;4;4;5;4;5;5;4;0;0;0;0;0;0;0;0;1;0;0;0;0;0;0;0;0.0;0.0;0.0;1.0;0.0;0.0;0.0;0.0;0.0;0.0;0.0;0.0;1.0;0.0;0.0;0.0;0.0;0.0;0.0;0.0;0.0;0.0;0.0;0.0;0.0;0.0;0.0;0.0;0.0;0.0;0.0;0.0;0.0;0.0;0.0;3.0;0.0;0.0;0.0;0.0;0.0;0;1;0;0;CAPANEMA;REGIÃO SUL;6
4170.0;2018-04-30;15.0;21.0;23.0;25.0;695.0;31.0;1.0;15.0;19.0;522.0;31.0;0.0;31.0;869.0;20.0;25.0;5;4;4;5;4;4;4;1;0;0;0;0;0;0;0;0;0;0;0;0;0;0;0;0.0;0.0;0.0;1.0;0.0;0.0;0.0;0.0;0.0;0.0;0.0;0.0;1.0;0.0;0.0;0.0;0.0;0.0;0.0;0.0;0.0;0.0;0.0;0.0;0.0;0.0;0.0;0.0;0.0;0.0;0.0;0.0;0.0;0.0;0.0;3.0;0.0;0.0;0.0;0.0;0.0;0;0;0;0;CAPANEMA;REGIÃO SUL;7
5215.0;2018-05-31;4.0;10.0;19.0;24.0;582.0;30.0;6.0;4.0;18.0;419.0;30.0;0.0;30.0;745.0;86.0;178.0;4;5;5;4;4;4;5;0;0;0;0;0;0;0;1;0;0;0;0;0;0;0;0;0.0;0.0;0.0;1.0;0.0;0.0;0.0;0.0;0.0;0.0;0.0;0.0;1.0;0.0;0.0;0.0;0.0;0.0;0.0;0.0;0.0;0.0;0.0;0.0;0.0;0.0;0.0;0.0;0.0;0.0;0.0;0.0;0.0;0.0;0.0;3.0;0.0;0.0;0.0;0.0;0.0;0;1;0;0;CAPANEMA;REGIÃO SUL;8
4960.0;2018-06-30;2.0;6.0;15.0;23.0;448.0;27.0;3.0;2.0;21.0;313.0;27.0;0.0;27.0;584.0;17.0;94.0;4;4;4;4;5;5;4;0;0;0;0;0;0;1;0;0;0;0;0;0;0;0;0;0.0;0.0;0.0;1.0;0.0;0.0;0.0;0.0;0.0;0.0;0.0;0.0;1.0;0.0;0.0;0.0;0.0;0.0;0.0;0.0;0.0;0.0;0.0;0.0;0.0;0.0;0.0;0.0;0.0;0.0;0.0;0.0;0.0;0.0;0.0;3.0;0.0;0.0;0.0;0.0;0.0;0;0;0;0;CAPANEMA;REGIÃO SUL;9
5435.0;2018-07-31;3.0;10.0;17.0;23.0;524.0;30.0;0.0;3.0;17.0;357.0;30.0;0.0;30.0;690.0;5.0;7.0;5;4;4;5;4;4;5;0;0;0;0;0;1;0;0;0;0;0;0;0;0;0;0;0.0;0.0;0.0;1.0;0.0;0.0;0.0;0.0;0.0;0.0;0.0;0.0;1.0;0.0;0.0;0.0;0.0;0.0;0.0;0.0;0.0;0.0;0.0;0.0;0.0;0.0;0.0;0.0;0.0;0.0;0.0;0.0;0.0;0.0;0.0;3.0;0.0;0.0;0.0;0.0;0.0;16;0;0;0;CAPANEMA;REGIÃO SUL;10
6312.0;2018-08-31;1.0;7.0;15.0;24.0;468.0;32.0;2.0;1.0;17.0;284.0;32.0;0.0;32.0;653.0;17.0;51.0;4;5;5;4;5;4;4;0;1;0;0;0;0;0;0;0;0;0;0;0;0;0;0;0.0;0.0;0.0;1.0;0.0;0.0;0.0;0.0;0.0;0.0;0.0;0.0;1.0;0.0;0.0;0.0;0.0;0.0;0.0;0.0;0.0;0.0;0.0;0.0;0.0;0.0;0.0;0.0;0.0;0.0;0.0;0.0;0.0;0.0;0.0;3.0;0.0;0.0;0.0;0.0;0.0;0;0;0;0;CAPANEMA;REGIÃO SUL;11
5496.0;2018-09-30;6.0;12.0;20.0;27.0;590.0;34.0;12.0;6.0;20.0;432.0;34.0;0.0;34.0;748.0;161.0;346.0;5;4;4;4;4;5;4;0;0;0;0;0;0;0;0;0;0;0;1;0;0;0;0;0.0;0.0;0.0;1.0;0.0;0.0;0.0;0.0;0.0;0.0;0.0;0.0;1.0;0.0;0.0;0.0;0.0;0.0;0.0;0.0;0.0;0.0;0.0;0.0;0.0;0.0;0.0;0.0;0.0;0.0;0.0;0.0;0.0;0.0;0.0;3.0;0.0;0.0;0.0;0.0;0.0;0;0;0;0;CAPANEMA;REGIÃO SUL;12
5360.0;2018-10-31;11.0;16.0;20.0;24.0;634.0;31.0;9.0;11.0;20.0;511.0;31.0;0.0;31.0;756.0;60.0;282.0;4;5;4;5;4;4;5;0;0;0;0;0;0;0;0;0;0;1;0;0;0;0;0;0.0;0.0;0.0;1.0;0.0;0.0;0.0;0.0;0.0;0.0;0.0;0.0;1.0;0.0;0.0;0.0;0.0;0.0;0.0;0.0;0.0;0.0;0.0;0.0;0.0;0.0;0.0;0.0;0.0;0.0;0.0;0.0;0.0;0.0;0.0;3.0;0.0;0.0;0.0;0.0;0.0;0;0;0;0;CAPANEMA;REGIÃO SUL;13
5460.0;2018-11-30;15.0;20.0;23.0;27.0;695.0;33.0;4.0;15.0;21.0;539.0;33.0;0.0;33.0;851.0;39.0;121.0;4;4;5;4;5;4;4;0;0;0;0;0;0;0;0;0;1;0;0;0;0;0;0;0.0;0.0;0.0;1.0;0.0;0.0;0.0;0.0;0.0;0.0;0.0;0.0;1.0;0.0;0.0;0.0;0.0;0.0;0.0;0.0;0.0;0.0;0.0;0.0;0.0;0.0;0.0;0.0;0.0;0.0;0.0;0.0;0.0;0.0;0.0;3.0;0.0;0.0;0.0;0.0;0.0;0;0;0;0;CAPANEMA;REGIÃO SUL;14
4798.0;2018-12-31;11.0;19.0;24.0;28.0;749.0;35.0;2.0;11.0;22.0;556.0;35.0;0.0;35.0;942.0;11.0;62.0;5;4;4;5;4;5;4;0;0;1;0;0;0;0;0;0;0;0;0;0;0;0;0;0.0;0.0;0.0;1.0;0.0;0.0;0.0;0.0;0.0;0.0;0.0;0.0;1.0;0.0;0.0;0.0;0.0;0.0;0.0;0.0;0.0;0.0;0.0;0.0;0.0;0.0;0.0;0.0;0.0;0.0;0.0;0.0;0.0;0.0;0.0;3.0;0.0;0.0;0.0;0.0;0.0;0;0;0;0;CAPANEMA;REGIÃO SUL;15
4182.0;2019-01-31;17.0;22.0;26.0;29.0;814.0;35.0;4.0;17.0;23.0;644.0;35.0;0.0;35.0;984.0;27.0;134.0;4;5;5;4;4;4;5;0;0;0;0;1;0;0;0;0;0;0;0;0;0;0;0;0.0;0.0;0.0;0.0;1.0;0.0;0.0;0.0;0.0;0.0;0.0;0.0;1.0;0.0;0.0;0.0;0.0;0.0;0.0;0.0;0.0;0.0;0.0;0.0;0.0;0.0;0.0;0.0;0.0;0.0;0.0;0.0;0.0;0.0;0.0;3.0;0.0;0.0;0.0;0.0;0.0;31;0;0;0;CAPANEMA;REGIÃO SUL;16
5952.0;2019-02-28;15.0;20.0;24.0;29.0;680.0;35.0;5.0;15.0;23.0;529.0;35.0;0.0;35.0;832.0;62.0;140.0;4;4;4;4;4;4;4;0;0;0;1;0;0;0;0;0;0;0;0;0;0;0;0;0.0;0.0;0.0;0.0;1.0;0.0;0.0;0.0;0.0;0.0;0.0;0.0;1.0;0.0;0.0;0.0;0.0;0.0;0.0;0.0;0.0;0.0;0.0;0.0;0.0;0.0;0.0;0.0;0.0;0.0;0.0;0.0;0.0;0.0;0.0;3.0;0.0;0.0;0.0;0.7857142857142857;0.0;0;0;0;0;CAPANEMA;REGIÃO SUL;17
7585.0;2019-03-31;12.0;20.0;23.0;26.0;698.0;33.0;6.0;12.0;21.0;543.0;33.0;0.0;33.0;853.0;38.0;171.0;5;4;4;4;5;5;4;0;0;0;0;0;0;0;0;1;0;0;0;0;0;0;0;0.0;0.0;0.0;0.0;1.0;0.0;0.0;0.0;0.0;0.0;0.0;0.0;1.0;0.0;0.0;0.0;0.0;0.0;0.0;0.0;0.0;0.0;0.0;0.0;0.0;0.0;0.0;0.0;0.0;0.0;0.0;0.0;0.0;0.0;0.0;3.0;0.0;0.0;0.0;1.0;0.0;0;3;0;0;CAPANEMA;REGIÃO SUL;18
7050.0;2019-04-30;12.0;17.0;22.0;25.0;650.0;30.0;3.0;12.0;20.0;516.0;30.0;0.0;30.0;784.0;25.0;87.0;4;4;4;5;4;4;5;1;0;0;0;0;0;0;0;0;0;0;0;0;0;0;0;0.0;0.0;0.0;0.0;1.0;0.0;0.0;0.0;0.0;0.0;0.0;0.0;1.0;0.0;0.0;0.0;0.0;0.0;0.0;0.0;0.0;0.0;0.0;0.0;0.0;0.0;0.0;0.0;0.0;0.0;0.0;0.0;0.0;0.0;0.0;3.0;0.0;0.0;0.0;1.0;0.0;0;1;0;0;CAPANEMA;REGIÃO SUL;19
5924.0;2019-05-31;9.0;12.0;19.0;24.0;589.0;29.0;7.0;9.0;20.0;477.0;29.0;0.0;29.0;700.0;68.0;213.0;4;5;5;4;5;4;4;0;0;0;0;0;0;0;1;0;0;0;0;0;0;0;0;0.0;0.0;0.0;0.0;1.0;0.0;0.0;0.0;0.0;0.0;0.0;0.0;1.0;0.0;0.0;0.0;0.0;0.0;0.0;0.0;0.0;0.0;0.0;0.0;0.0;0.0;0.0;0.0;0.0;0.0;0.0;0.0;0.0;0.0;0.0;3.0;0.0;0.0;0.0;1.0;0.0;0;0;0;0;CAPANEMA;REGIÃO SUL;20
5230.0;2019-06-30;7.0;10.0;19.0;23.0;568.0;29.0;1.0;7.0;17.0;409.0;29.0;0.0;29.0;727.0;14.0;17.0;5;4;4;4;4;5;4;0;0;0;0;0;0;1;0;0;0;0;0;0;0;0;0;0.0;0.0;0.0;0.0;1.0;0.0;0.0;0.0;0.0;0.0;0.0;0.0;1.0;0.0;0.0;0.0;0.0;0.0;0.0;0.0;0.0;0.0;0.0;0.0;0.0;0.0;0.0;0.0;0.0;0.0;0.0;0.0;0.0;0.0;0.0;3.0;0.0;0.0;0.0;1.0;0.0;0;1;0;0;CAPANEMA;REGIÃO SUL;21
5091.0;2019-07-31;-2.0;4.0;15.0;23.0;463.0;28.0;3.0;-2.0;18.0;305.0;28.0;0.0;28.0;622.0;37.0;87.0;4;5;4;5;4;4;5;0;0;0;0;0;1;0;0;0;0;0;0;0;0;0;0;0.0;0.0;0.0;0.0;1.0;0.0;0.0;0.0;0.0;0.0;0.0;0.0;1.0;0.0;0.0;0.0;0.0;0.0;0.0;0.0;0.0;0.0;0.0;0.0;0.0;0.0;0.0;0.0;0.0;0.0;0.0;0.0;0.0;0.0;0.0;3.0;0.0;0.0;0.0;1.0;0.0;16;0;0;0;CAPANEMA;REGIÃO SUL;22
6337.0;2019-08-31;0.0;7.0;18.0;23.0;549.0;32.0;0.0;0.0;18.0;338.0;32.0;0.0;32.0;760.0;4.0;9.0;4;4;5;4;5;5;4;0;1;0;0;0;0;0;0;0;0;0;0;0;0;0;0;0.0;0.0;0.0;0.0;1.0;0.0;0.0;0.0;0.0;0.0;0.0;0.0;1.0;0.0;0.0;0.0;0.0;0.0;0.0;0.0;0.0;0.0;0.0;0.0;0.0;0.0;0.0;0.0;0.0;0.0;0.0;0.0;0.0;0.0;0.0;3.0;0.0;0.0;0.0;1.0;0.0;0;0;0;0;CAPANEMA;REGIÃO SUL;23
7600.0;2019-09-30;6.0;15.0;21.0;29.0;644.0;37.0;1.0;6.0;21.0;454.0;37.0;0.0;37.0;833.0;14.0;35.0;5;4;4;5;4;4;4;0;0;0;0;0;0;0;0;0;0;0;1;0;0;0;0;0.0;0.0;0.0;0.0;1.0;0.0;0.0;0.0;0.0;0.0;0.0;0.0;1.0;0.0;0.0;0.0;0.0;0.0;0.0;0.0;0.0;0.0;0.0;0.0;0.0;0.0;0.0;0.0;0.0;0.0;0.0;0.0;0.0;0.0;0.0;3.0;0.0;0.0;0.0;1.0;0.0;0;0;0;0;CAPANEMA;REGIÃO SUL;24
8466.0;2019-10-31;11.0;17.0;24.0;30.0;744.0;37.0;3.0;11.0;24.0;556.0;37.0;0.0;37.0;932.0;28.0;91.0;4;5;5;4;4;4;5;0;0;0;0;0;0;0;0;0;0;1;0;0;0;0;0;0.0;0.0;0.0;0.0;1.0;0.0;0.0;0.0;0.0;0.0;0.0;0.0;1.0;0.0;0.0;0.0;0.0;0.0;0.0;0.0;0.0;0.0;0.0;0.0;0.0;0.0;0.0;0.0;0.0;0.0;0.0;0.0;0.0;0.0;0.0;3.0;0.0;0.0;0.0;1.0;0.0;0;0;0;0;CAPANEMA;REGIÃO SUL;25
8280.0;2019-11-30;12.0;21.0;24.0;27.0;729.0;34.0;7.0;12.0;22.0;566.0;34.0;0.0;34.0;892.0;124.0;213.0;4;4;4;4;5;5;4;0;0;0;0;0;0;0;0;0;1;0;0;0;0;0;0;0.0;0.0;0.0;0.0;1.0;0.0;0.0;0.0;0.0;0.0;0.0;0.0;1.0;0.0;0.0;0.0;0.0;0.0;0.0;0.0;0.0;0.0;0.0;0.0;0.0;0.0;0.0;0.0;0.0;0.0;0.0;0.0;0.0;0.0;0.0;3.0;0.0;0.0;0.0;1.0;0.0;0;0;0;0;CAPANEMA;REGIÃO SUL;26
6946.0;2019-12-31;12.0;19.0;23.0;28.0;716.0;34.0;6.0;12.0;22.0;546.0;34.0;0.0;34.0;886.0;48.0;185.0;5;4;4;5;4;4;5;0;0;1;0;0;0;0;0;0;0;0;0;0;0;0;0;0.0;0.0;0.0;0.0;1.0;0.0;0.0;0.0;0.0;0.0;0.0;0.0;1.0;0.0;0.0;0.0;0.0;0.0;0.0;0.0;0.0;0.0;0.0;0.0;0.0;0.0;0.0;0.0;0.0;0.0;0.0;0.0;0.0;0.0;0.0;3.0;0.0;0.0;0.0;1.0;0.0;0;0;0;0;CAPANEMA;REGIÃO SUL;27
6202.0;2020-01-31;17.0;19.0;25.0;27.0;769.0;33.0;6.0;17.0;23.0;619.0;33.0;0.0;33.0;920.0;97.0;192.0;4;5;5;4;5;4;4;0;0;0;0;1;0;0;0;0;0;0;0;0;0;0;0;0.0;0.0;0.0;0.0;0.0;1.0;0.0;0.0;0.0;0.0;0.0;0.0;1.0;0.0;0.0;0.0;0.0;0.0;0.0;0.0;0.0;0.0;0.0;0.0;0.0;0.0;0.0;0.0;0.0;0.0;0.0;0.0;0.0;0.0;0.0;3.0;0.0;0.0;0.0;1.0;0.0;31;0;0;0;CAPANEMA;REGIÃO SUL;28
7697.0;2020-02-29;11.0;18.0;25.0;28.0;716.0;34.0;5.0;11.0;22.0;556.0;34.0;0.0;34.0;876.0;110.0;157.0;4;4;4;4;4;5;4;0;0;0;1;0;0;0;0;0;0;0;0;0;0;0;0;0.0;0.0;0.0;0.0;0.0;1.0;0.0;0.0;0.0;0.0;0.0;0.0;1.0;0.0;0.0;0.0;0.0;0.0;0.0;0.0;0.0;0.0;0.0;0.0;0.0;0.0;0.0;0.0;0.0;0.0;0.0;0.0;0.0;0.0;0.0;3.0;0.0;0.0;0.0;1.0;0.0;0;3;0;0;CAPANEMA;REGIÃO SUL;29
5592.0;2020-03-31;13.0;20.0;24.0;29.0;755.0;36.0;1.0;13.0;22.0;559.0;36.0;0.0;36.0;951.0;38.0;43.0;5;4;4;5;4;4;5;0;0;0;0;0;0;0;0;1;0;0;0;0;0;0;0;0.0;0.0;0.0;0.0;0.0;1.0;0.0;0.0;0.0;0.0;0.0;0.0;1.0;0.0;0.0;0.0;0.0;0.0;0.0;0.0;0.0;0.0;0.0;0.0;0.0;0.0;0.0;0.0;0.0;0.0;0.0;0.0;0.0;0.0;0.0;3.0;0.0;0.0;0.0;1.0;0.0;0;0;15;0;CAPANEMA;REGIÃO SUL;30
690.0;2020-04-30;5.0;13.0;20.0;27.0;593.0;33.0;2.0;5.0;21.0;391.0;33.0;0.0;33.0;795.0;57.0;74.0;4;5;5;4;4;4;4;1;0;0;0;0;0;0;0;0;0;0;0;0;0;0;0;0.0;0.0;0.0;0.0;0.0;1.0;0.0;0.0;0.0;0.0;0.0;0.0;1.0;0.0;0.0;0.0;0.0;0.0;0.0;0.0;0.0;0.0;0.0;0.0;0.0;0.0;0.0;0.0;0.0;0.0;0.0;0.0;0.0;0.0;0.0;3.0;0.0;0.0;0.0;1.0;0.0;0;1;30;0;CAPANEMA;REGIÃO SUL;31
1285.0;2020-05-31;3.0;10.0;16.0;22.0;501.0;28.0;8.0;3.0;18.0;320.0;28.0;0.0;28.0;681.0;136.0;244.0;5;4;4;4;5;5;4;0;0;0;0;0;0;0;1;0;0;0;0;0;0;0;0;0.0;0.0;0.0;0.0;0.0;1.0;0.0;0.0;0.0;0.0;0.0;0.0;1.0;0.0;0.0;0.0;0.0;0.0;0.0;0.0;0.0;0.0;0.0;0.0;0.0;0.0;0.0;0.0;0.0;0.0;0.0;0.0;0.0;0.0;0.0;3.0;0.0;0.0;0.0;1.0;0.0;0;0;31;0;CAPANEMA;REGIÃO SUL;32
1020.0;2020-06-30;4.0;10.0;18.0;24.0;539.0;29.0;5.0;4.0;20.0;394.0;29.0;0.0;29.0;684.0;51.0;144.0;4;4;4;5;4;4;5;0;0;0;0;0;0;1;0;0;0;0;0;0;0;0;0;0.0;0.0;0.0;0.0;0.0;1.0;0.0;0.0;0.0;0.0;0.0;0.0;1.0;0.0;0.0;0.0;0.0;0.0;0.0;0.0;0.0;0.0;0.0;0.0;0.0;0.0;0.0;0.0;0.0;0.0;0.0;0.0;0.0;0.0;0.0;3.0;0.0;0.0;0.0;1.0;0.0;0;1;30;0;CAPANEMA;REGIÃO SUL;33
1036.0;2020-07-31;2.0;9.0;17.0;23.0;518.0;28.0;4.0;2.0;18.0;357.0;28.0;0.0;28.0;678.0;46.0;109.0;4;5;5;4;5;4;4;0;0;0;0;0;1;0;0;0;0;0;0;0;0;0;0;0.0;0.0;0.0;0.0;0.0;1.0;0.0;0.0;0.0;0.0;0.0;0.0;1.0;0.0;0.0;0.0;0.0;0.0;0.0;0.0;0.0;0.0;0.0;0.0;0.0;0.0;0.0;0.0;0.0;0.0;0.0;0.0;0.0;0.0;0.0;3.0;0.0;0.0;0.0;1.0;0.0;0;0;31;0;CAPANEMA;REGIÃO SUL;34
1127.0;2020-08-31;0.0;6.0;19.0;26.0;589.0;32.0;8.0;0.0;19.0;423.0;32.0;0.0;32.0;755.0;100.0;246.0;5;4;4;5;4;5;4;0;1;0;0;0;0;0;0;0;0;0;0;0;0;0;0;0.0;0.0;0.0;0.0;0.0;1.0;0.0;0.0;0.0;0.0;0.0;0.0;1.0;0.0;0.0;0.0;0.0;0.0;0.0;0.0;0.0;0.0;0.0;0.0;0.0;0.0;0.0;0.0;0.0;0.0;0.0;0.0;0.0;0.0;0.0;3.0;0.0;0.0;0.0;1.0;0.0;0;0;31;0;CAPANEMA;REGIÃO SUL;35
1150.0;2020-09-30;10.0;17.0;23.0;31.0;686.0;38.0;4.0;10.0;23.0;509.0;38.0;0.0;38.0;862.0;51.0;115.0;4;5;4;4;4;4;5;0;0;0;0;0;0;0;0;0;0;0;1;0;0;0;0;0.0;0.0;0.0;0.0;0.0;1.0;0.0;0.0;0.0;0.0;0.0;0.0;1.0;0.0;0.0;0.0;0.0;0.0;0.0;0.0;0.0;0.0;0.0;0.0;0.0;0.0;0.0;0.0;0.0;0.0;0.0;0.0;0.0;0.0;0.0;3.0;0.0;0.0;0.0;1.0;0.0;0;0;30;0;CAPANEMA;REGIÃO SUL;36
1359.0;2020-10-31;12.0;19.0;24.0;31.0;756.0;38.0;3.0;12.0;24.0;565.0;38.0;0.0;38.0;947.0;46.0;83.0;4;4;5;4;5;5;4;0;0;0;0;0;0;0;0;0;0;1;0;0;0;0;0;0.0;0.0;0.0;0.0;0.0;1.0;0.0;0.0;0.0;0.0;0.0;0.0;1.0;0.0;0.0;0.0;0.0;0.0;0.0;0.0;0.0;0.0;0.0;0.0;0.0;0.0;0.0;0.0;0.0;0.0;0.0;0.0;0.0;0.0;0.0;3.0;0.0;0.0;0.0;1.0;0.0;0;0;31;0;CAPANEMA;REGIÃO SUL;37
1500.0;2020-11-30;11.0;19.0;24.0;29.0;708.0;36.0;3.0;11.0;22.0;520.0;36.0;0.0;36.0;896.0;22.0;85.0;5;4;4;5;4;4;4;0;0;0;0;0;0;0;0;0;1;0;0;0;0;0;0;0.0;0.0;0.0;0.0;0.0;1.0;0.0;0.0;0.0;0.0;0.0;0.0;1.0;0.0;0.0;0.0;0.0;0.0;0.0;0.0;0.0;0.0;0.0;0.0;0.0;0.0;0.0;0.0;0.0;0.0;0.0;0.0;0.0;0.0;0.0;3.0;0.0;0.0;0.0;1.0;0.0;0;0;30;0;CAPANEMA;REGIÃO SUL;38
1643.0;2020-12-31;14.0;21.0;24.0;27.0;757.0;33.0;8.0;14.0;21.0;596.0;33.0;0.0;33.0;919.0;149.0;258.0;4;5;5;4;4;4;5;0;0;1;0;0;0;0;0;0;0;0;0;0;0;0;0;0.0;0.0;0.0;0.0;0.0;1.0;0.0;0.0;0.0;0.0;0.0;0.0;1.0;0.0;0.0;0.0;0.0;0.0;0.0;0.0;0.0;0.0;0.0;0.0;0.0;0.0;0.0;0.0;0.0;0.0;0.0;0.0;0.0;0.0;0.0;3.0;0.0;0.0;0.0;1.0;0.0;0;0;31;0;CAPANEMA;REGIÃO SUL;39
2170.0;2021-01-31;18.0;20.0;24.0;27.0;741.0;32.0;10.0;18.0;22.0;614.0;32.0;0.0;32.0;867.0;82.0;299.0;5;4;4;4;5;5;4;0;0;0;0;1;0;0;0;0;0;0;0;1;0;0;0;0.0;0.0;0.0;0.0;0.0;0.0;0.0;0.0;0.0;0.0;0.0;0.0;1.0;0.0;0.0;0.0;0.0;0.0;0.0;0.0;0.0;0.0;0.0;0.0;0.0;0.0;0.0;0.0;0.0;0.0;0.0;0.0;0.0;0.0;0.0;3.0;0.0;0.0;0.0;1.0;0.0;0;0;31;0;CAPANEMA;REGIÃO SUL;40
1876.0;2021-02-28;13.0;20.0;24.0;28.0;669.0;34.0;2.0;13.0;22.0;513.0;34.0;0.0;34.0;824.0;22.0;58.0;4;4;4;4;4;4;4;0;0;0;1;0;0;0;0;0;0;0;0;1;0;0;0;0.0;0.0;0.0;0.0;0.0;0.0;0.0;0.0;0.0;0.0;0.0;0.0;1.0;0.0;0.0;0.0;0.0;0.0;0.0;0.0;0.0;0.0;0.0;0.0;0.0;0.0;0.0;0.0;0.0;0.0;0.0;0.0;0.0;0.0;0.0;3.0;0.0;0.0;0.0;1.0;0.0;0;3;28;0;CAPANEMA;REGIÃO SUL;41
1705.0;2021-03-31;14.0;19.0;24.0;28.0;750.0;35.0;1.0;14.0;22.0;582.0;35.0;0.0;35.0;918.0;14.0;46.0;4;5;4;5;4;4;5;0;0;0;0;0;0;0;0;1;0;0;0;1;0;0;0;0.0;0.0;0.0;0.0;0.0;0.0;0.0;0.0;0.0;0.0;0.0;0.0;1.0;0.0;0.0;0.0;0.0;0.0;0.0;0.0;0.0;0.0;0.0;0.0;0.0;0.0;0.0;0.0;0.0;0.0;0.0;0.0;0.0;0.0;0.0;3.0;0.0;0.0;0.0;1.0;0.0;0;0;31;0;CAPANEMA;REGIÃO SUL;42
1650.0;2021-04-30;8.0;16.0;21.0;26.0;643.0;31.0;1.0;8.0;20.0;478.0;31.0;0.0;31.0;808.0;29.0;40.0;4;4;5;4;5;4;4;1;0;0;0;0;0;0;0;0;0;0;0;1;0;0;0;0.0;0.0;0.0;0.0;0.0;0.0;0.0;0.0;0.0;0.0;0.0;0.0;1.0;0.0;0.0;0.0;0.0;0.0;0.0;0.0;0.0;0.0;0.0;0.0;0.0;0.0;0.0;0.0;0.0;0.0;0.0;0.0;0.0;0.0;0.0;3.0;0.0;0.0;0.0;1.0;0.0;0;1;30;0;CAPANEMA;REGIÃO SUL;43
1426.0;2021-05-31;5.0;11.0;18.0;24.0;557.0;30.0;1.0;5.0;19.0;387.0;30.0;0.0;30.0;728.0;11.0;26.0;5;4;4;5;4;5;4;0;0;0;0;0;0;0;1;0;0;0;0;1;0;0;0;0.0;0.0;0.0;0.0;0.0;0.0;0.0;0.0;0.0;0.0;0.0;0.0;1.0;0.0;0.0;0.0;0.0;0.0;0.0;0.0;0.0;0.0;0.0;0.0;0.0;0.0;0.0;0.0;0.0;0.0;0.0;0.0;0.0;0.0;0.0;3.0;0.0;0.0;0.0;1.0;0.0;0;0;31;0;CAPANEMA;REGIÃO SUL;44
1560.0;2021-06-30;-1.0;5.0;16.0;23.0;470.0;28.0;5.0;-1.0;17.0;344.0;28.0;0.0;28.0;597.0;48.0;136.0;4;5;4;4;4;4;5;0;0;0;0;0;0;1;0;0;0;0;0;1;0;0;0;0.0;0.0;0.0;0.0;0.0;0.0;0.0;0.0;0.0;0.0;0.0;0.0;1.0;0.0;0.0;0.0;0.0;0.0;0.0;0.0;0.0;0.0;0.0;0.0;0.0;0.0;0.0;0.0;0.0;0.0;0.0;0.0;0.0;0.0;0.0;3.0;0.0;0.0;0.0;1.0;0.0;0;1;30;0;CAPANEMA;REGIÃO SUL;45
1767.0;2021-07-31;-1.0;6.0;15.0;23.0;480.0;29.0;2.0;-1.0;17.0;293.0;29.0;0.0;29.0;666.0;27.0;56.0;4;4;5;4;5;5;4;0;0;0;0;0;1;0;0;0;0;0;0;1;0;0;0;0.0;0.0;0.0;0.0;0.0;0.0;0.0;0.0;0.0;0.0;0.0;0.0;1.0;0.0;0.0;0.0;0.0;0.0;0.0;0.0;0.0;0.0;0.0;0.0;0.0;0.0;0.0;0.0;0.0;0.0;0.0;0.0;0.0;0.0;0.0;3.0;0.0;0.0;0.0;1.0;0.0;0;0;31;0;CAPANEMA;REGIÃO SUL;46
1984.0;2021-08-31;5.0;13.0;20.0;27.0;614.0;33.0;2.0;5.0;22.0;442.0;33.0;0.0;33.0;786.0;20.0;52.0;5;4;4;5;4;4;5;0;1;0;0;0;0;0;0;0;0;0;0;1;0;0;0;0.0;0.0;0.0;0.0;0.0;0.0;0.0;0.0;0.0;0.0;0.0;0.0;1.0;0.0;0.0;0.0;0.0;0.0;0.0;0.0;0.0;0.0;0.0;0.0;0.0;0.0;0.0;0.0;0.0;0.0;0.0;0.0;0.0;0.0;0.0;3.0;0.0;0.0;0.0;1.0;0.0;0;0;31;0;CAPANEMA;REGIÃO SUL;47
2340.0;2021-09-30;9.0;16.0;23.0;30.0;684.0;36.0;3.0;9.0;23.0;517.0;36.0;0.0;36.0;851.0;20.0;88.0;4;5;5;4;4;4;4;0;0;0;0;0;0;0;0;0;0;0;1;1;0;0;0;0.0;0.0;0.0;0.0;0.0;0.0;0.0;0.0;0.0;0.0;0.0;0.0;1.0;0.0;0.0;0.0;0.0;0.0;0.0;0.0;0.0;0.0;0.0;0.0;0.0;0.0;0.0;0.0;0.0;0.0;0.0;0.0;0.0;0.0;0.0;3.0;0.0;0.0;0.0;1.0;0.0;0;0;30;0;CAPANEMA;REGIÃO SUL;48
2697.0;2021-10-31;11.0;18.0;21.0;26.0;656.0;32.0;14.0;11.0;21.0;516.0;32.0;0.0;32.0;795.0;164.0;428.0;5;4;4;4;5;5;4;0;0;0;0;0;0;0;0;0;0;1;0;1;0;0;0;0.0;0.0;0.0;0.0;0.0;0.0;0.0;0.0;0.0;0.0;0.0;0.0;1.0;0.0;0.0;0.0;0.0;0.0;0.0;0.0;0.0;0.0;0.0;0.0;0.0;0.0;0.0;0.0;0.0;0.0;0.0;0.0;0.0;0.0;0.0;3.0;0.0;0.0;0.0;1.0;0.0;0;0;0;0;CAPANEMA;REGIÃO SUL;49
6120.0;2021-11-30;14.0;21.0;24.0;28.0;729.0;34.0;2.0;14.0;22.0;558.0;34.0;0.0;34.0;899.0;26.0;52.0;4;4;4;5;4;4;5;0;0;0;0;0;0;0;0;0;1;0;0;1;0;0;0;0.0;0.0;0.0;0.0;0.0;0.0;0.0;0.0;0.0;0.0;0.0;0.0;1.0;0.0;0.0;0.0;0.0;0.0;0.0;0.0;0.0;0.0;0.0;0.0;0.0;0.0;0.0;0.0;0.0;0.0;0.0;0.0;0.0;0.0;0.0;3.0;0.0;0.0;0.0;1.0;0.0;0;0;0;0;CAPANEMA;REGIÃO SUL;50
7347.0;2021-12-31;15.0;23.0;26.0;29.0;813.0;36.0;0.0;15.0;23.0;606.0;36.0;0.0;36.0;1020.0;3.0;6.0;4;5;5;4;5;4;4;0;0;1;0;0;0;0;0;0;0;0;0;1;0;0;0;0.0;0.0;0.0;0.0;0.0;0.0;0.0;0.0;0.0;0.0;0.0;0.0;1.0;0.0;0.0;0.0;0.0;0.0;0.0;0.0;0.0;0.0;0.0;0.0;0.0;0.0;0.0;0.0;0.0;0.0;0.0;0.0;0.0;0.0;0.0;3.0;0.0;0.0;0.0;1.0;0.0;0;0;0;0;CAPANEMA;REGIÃO SUL;51
5332.0;2022-01-31;18.0;22.0;27.0;31.0;837.0;38.0;6.0;18.0;24.0;653.0;38.0;0.0;38.0;1021.0;32.0;182.0;5;4;4;5;4;5;4;0;0;0;0;1;0;0;0;0;0;0;0;0;1;0;0;0.0;0.0;0.0;0.0;0.0;0.0;0.0;0.0;0.0;0.0;0.0;0.0;1.0;0.0;0.0;0.0;0.0;0.0;0.0;0.0;0.0;0.0;0.0;0.0;0.0;0.0;0.0;0.0;0.0;0.0;0.0;0.0;0.0;0.0;0.0;3.0;0.0;0.0;0.0;1.0;0.0;31;0;0;0;CAPANEMA;REGIÃO SUL;52
8176.0;2022-02-28;14.0;21.0;26.0;30.0;735.0;36.0;7.0;14.0;24.0;565.0;36.0;0.0;36.0;904.0;83.0;191.0;4;4;4;4;4;4;4;0;0;0;1;0;0;0;0;0;0;0;0;0;1;0;0;0.0;0.0;0.0;0.0;0.0;0.0;0.0;0.0;0.0;0.0;0.0;0.0;1.0;0.0;0.0;0.0;0.0;0.0;0.0;0.0;0.0;0.0;0.0;0.0;0.0;0.0;0.0;0.0;0.0;0.0;0.0;0.0;0.0;0.0;0.0;3.0;0.0;0.0;0.0;1.0;0.0;0;1;0;0;CAPANEMA;REGIÃO SUL;53
11625.0;2022-03-31;10.0;15.0;23.0;29.0;726.0;34.0;11.0;10.0;23.0;579.0;34.0;0.0;34.0;872.0;135.0;335.0;4;5;5;4;4;4;5;0;0;0;0;0;0;0;0;1;0;0;0;0;1;0;0;0.0;0.0;0.0;0.0;0.0;0.0;0.0;0.0;0.0;0.0;0.0;0.0;1.0;0.0;0.0;0.0;0.0;0.0;0.0;0.0;0.0;0.0;0.0;0.0;0.0;0.0;0.0;0.0;0.0;0.0;0.0;0.0;0.0;0.0;0.0;3.0;0.0;0.0;0.0;1.0;0.0;0;1;0;0;CAPANEMA;REGIÃO SUL;54
5460.0;2022-04-30;8.0;15.0;21.0;26.0;628.0;31.0;17.0;8.0;22.0;496.0;31.0;0.0;31.0;761.0;107.0;506.0;4;4;4;4;5;5;4;1;0;0;0;0;0;0;0;0;0;0;0;0;1;0;0;0.0;0.0;0.0;0.0;0.0;0.0;0.0;0.0;0.0;0.0;0.0;0.0;1.0;0.0;0.0;0.0;0.0;0.0;0.0;0.0;0.0;0.0;0.0;0.0;0.0;0.0;0.0;0.0;0.0;0.0;0.0;0.0;0.0;0.0;0.0;3.0;0.0;0.0;0.0;1.0;0.0;0;1;0;0;CAPANEMA;REGIÃO SUL;55
5394.0;2022-05-31;5.0;9.0;16.0;21.0;496.0;27.0;7.0;5.0;19.0;379.0;27.0;0.0;27.0;613.0;60.0;215.0;5;4;4;5;4;4;5;0;0;0;0;0;0;0;1;0;0;0;0;0;1;0;0;0.0;0.0;0.0;0.0;0.0;0.0;0.0;0.0;0.0;0.0;0.0;0.0;1.0;0.0;0.0;0.0;0.0;0.0;0.0;0.0;0.0;0.0;0.0;0.0;0.0;0.0;0.0;0.0;0.0;0.0;0.0;0.0;0.0;0.0;0.0;3.0;0.0;0.0;0.0;1.0;0.0;0;0;0;0;CAPANEMA;REGIÃO SUL;56
5310.0;2022-06-30;0.0;7.0;15.0;22.0;463.0;27.0;4.0;0.0;18.0;335.0;27.0;0.0;27.0;590.0;34.0;109.0;4;5;5;4;4;4;4;0;0;0;0;0;0;1;0;0;0;0;0;0;1;0;0;0.0;0.0;0.0;0.0;0.0;0.0;0.0;0.0;0.0;0.0;0.0;0.0;1.0;0.0;0.0;0.0;0.0;0.0;0.0;0.0;0.0;0.0;0.0;0.0;0.0;0.0;0.0;0.0;0.0;0.0;0.0;0.0;0.0;0.0;0.0;3.0;0.0;0.0;0.0;1.0;0.0;0;1;0;0;CAPANEMA;REGIÃO SUL;57
4092.0;2022-07-31;5.0;10.0;20.0;23.0;606.0;29.0;2.0;5.0;19.0;442.0;29.0;0.0;29.0;769.0;24.0;51.0;5;4;4;4;5;5;4;0;0;0;0;0;1;0;0;0;0;0;0;0;1;0;0;0.0;0.0;0.0;0.0;0.0;0.0;0.0;0.0;0.0;0.0;0.0;0.0;1.0;0.0;0.0;0.0;0.0;0.0;0.0;0.0;0.0;0.0;0.0;0.0;0.0;0.0;0.0;0.0;0.0;0.0;0.0;0.0;0.0;0.0;0.0;3.0;0.0;0.0;0.0;1.0;0.0;0;0;0;0;CAPANEMA;REGIÃO SUL;58
5766.0;2022-08-31;1.0;7.0;17.0;24.0;530.0;30.0;10.0;1.0;19.0;375.0;30.0;0.0;30.0;686.0;63.0;299.0;4;5;4;5;4;4;5;0;1;0;0;0;0;0;0;0;0;0;0;0;1;0;0;0.0;0.0;0.0;0.0;0.0;0.0;0.0;0.0;0.0;0.0;0.0;0.0;1.0;0.0;0.0;0.0;0.0;0.0;0.0;0.0;0.0;0.0;0.0;0.0;0.0;0.0;0.0;0.0;0.0;0.0;0.0;0.0;0.0;0.0;0.0;3.0;0.0;0.0;0.0;1.0;0.0;0;0;0;0;CAPANEMA;REGIÃO SUL;59
5850.0;2022-09-30;5.0;12.0;17.0;26.0;516.0;31.0;11.0;5.0;22.0;381.0;31.0;0.0;31.0;651.0;59.0;335.0;4;4;5;4;5;4;4;0;0;0;0;0;0;0;0;0;0;0;1;0;1;0;0;0.0;0.0;0.0;0.0;0.0;0.0;0.0;0.0;0.0;0.0;0.0;0.0;1.0;0.0;0.0;0.0;0.0;0.0;0.0;0.0;0.0;0.0;0.0;0.0;0.0;0.0;0.0;0.0;0.0;0.0;0.0;0.0;0.0;0.0;0.0;3.0;0.0;0.0;0.0;1.0;0.0;0;0;0;0;CAPANEMA;REGIÃO SUL;60
5952.0;2022-10-31;11.0;14.0;20.0;26.0;618.0;33.0;15.0;11.0;20.0;475.0;33.0;0.0;33.0;761.0;76.0;471.0;5;4;4;5;4;5;4;0;0;0;0;0;0;0;0;0;0;1;0;0;1;0;0;0.0;0.0;0.0;0.0;0.0;0.0;0.0;0.0;0.0;0.0;0.0;0.0;1.0;0.0;0.0;0.0;0.0;0.0;0.0;0.0;0.0;0.0;0.0;0.0;0.0;0.0;0.0;0.0;0.0;0.0;0.0;0.0;0.0;0.0;0.0;3.0;0.0;0.0;0.0;1.0;0.0;0;0;0;0;CAPANEMA;REGIÃO SUL;61
8040.0;2022-11-30;5.0;12.0;21.0;25.0;626.0;32.0;4.0;5.0;21.0;427.0;32.0;0.0;32.0;825.0;59.0;128.0;4;5;4;4;4;4;5;0;0;0;0;0;0;0;0;0;1;0;0;0;1;0;0;0.0;0.0;0.0;0.0;0.0;0.0;0.0;0.0;0.0;0.0;0.0;0.0;1.0;0.0;0.0;0.0;0.0;0.0;0.0;0.0;0.0;0.0;0.0;0.0;0.0;0.0;0.0;0.0;0.0;0.0;0.0;0.0;0.0;0.0;0.0;3.0;0.0;0.0;0.0;1.0;0.0;0;0;0;0;CAPANEMA;REGIÃO SUL;62
8649.0;2022-12-31;12.0;21.0;25.0;29.0;771.0;34.0;4.0;12.0;24.0;580.0;34.0;0.0;34.0;963.0;40.0;131.0;4;4;5;4;5;5;4;0;0;1;0;0;0;0;0;0;0;0;0;0;1;0;0;0.0;0.0;0.0;0.0;0.0;0.0;0.0;0.0;0.0;0.0;0.0;0.0;1.0;0.0;0.0;0.0;0.0;0.0;0.0;0.0;0.0;0.0;0.0;0.0;0.0;0.0;0.0;0.0;0.0;0.0;0.0;0.0;0.0;0.0;0.0;3.0;0.0;0.0;0.0;1.0;0.0;0;0;0;0;CAPANEMA;REGIÃO SUL;63
6262.0;2023-01-31;13.0;20.0;25.0;28.0;770.0;35.0;7.0;13.0;23.0;606.0;35.0;0.0;35.0;935.0;38.0;218.0;5;4;4;5;4;4;5;0;0;0;0;1;0;0;0;0;0;0;0;0;0;1;0;0.0;0.0;0.0;0.0;0.0;0.0;0.0;0.0;0.0;0.0;0.0;0.0;1.0;0.0;0.0;0.0;0.0;0.0;0.0;0.0;0.0;0.0;0.0;0.0;0.0;0.0;0.0;0.0;0.0;0.0;0.0;0.0;0.0;0.0;0.0;3.0;0.0;0.0;0.0;1.0;0.0;31;0;0;0;CAPANEMA;REGIÃO SUL;64
8792.0;2023-02-28;9.0;16.0;24.0;27.0;666.0;33.0;17.0;9.0;22.0;529.0;33.0;0.0;33.0;803.0;90.0;464.0;4;4;4;4;4;4;4;0;0;0;1;0;0;0;0;0;0;0;0;0;0;1;0;0.0;0.0;0.0;0.0;0.0;0.0;0.0;0.0;0.0;0.0;0.0;0.0;1.0;0.0;0.0;0.0;0.0;0.0;0.0;0.0;0.0;0.0;0.0;0.0;0.0;0.0;0.0;0.0;0.0;0.0;0.0;0.0;0.0;0.0;0.0;3.0;0.0;0.0;0.0;1.0;0.0;0;3;0;0;CAPANEMA;REGIÃO SUL;65
14415.0;2023-03-31;13.0;20.0;25.0;27.0;764.0;33.0;4.0;13.0;22.0;615.0;33.0;0.0;33.0;912.0;46.0;129.0;4;5;5;4;5;4;4;0;0;0;0;0;0;0;0;1;0;0;0;0;0;1;0;0.0;0.0;0.0;0.0;0.0;0.0;0.0;0.0;0.0;0.0;0.0;0.0;1.0;0.0;0.0;0.0;0.0;0.0;0.0;0.0;0.0;0.0;0.0;0.0;0.0;0.0;0.0;0.0;0.0;0.0;0.0;0.0;0.0;0.0;0.0;3.0;0.0;0.0;0.0;1.0;0.0;0;0;0;0;CAPANEMA;REGIÃO SUL;66
7350.0;2023-04-30;9.0;15.0;21.0;25.0;627.0;31.0;4.0;9.0;20.0;485.0;31.0;0.0;31.0;768.0;65.0;112.0;5;4;4;4;4;5;4;1;0;0;0;0;0;0;0;0;0;0;0;0;0;1;0;0.0;0.0;0.0;0.0;0.0;0.0;0.0;0.0;0.0;0.0;0.0;0.0;1.0;0.0;0.0;0.0;0.0;0.0;0.0;0.0;0.0;0.0;0.0;0.0;0.0;0.0;0.0;0.0;0.0;0.0;0.0;0.0;0.0;0.0;0.0;3.0;0.0;0.0;0.0;1.0;0.0;0;1;0;0;CAPANEMA;REGIÃO SUL;67
6696.0;2023-05-31;8.0;14.0;19.0;24.0;594.0;28.0;6.0;8.0;21.0;457.0;28.0;0.0;28.0;730.0;59.0;195.0;4;5;4;5;4;4;5;0;0;0;0;0;0;0;1;0;0;0;0;0;0;1;0;0.0;0.0;0.0;0.0;0.0;0.0;0.0;0.0;0.0;0.0;0.0;0.0;1.0;0.0;0.0;0.0;0.0;0.0;0.0;0.0;0.0;0.0;0.0;0.0;0.0;0.0;0.0;0.0;0.0;0.0;0.0;0.0;0.0;0.0;0.0;3.0;0.0;0.0;0.0;1.0;0.0;0;0;0;0;CAPANEMA;REGIÃO SUL;68
6000.0;2023-06-30;5.0;8.0;17.0;21.0;513.0;26.0;3.0;5.0;18.0;385.0;26.0;0.0;26.0;641.0;44.0;99.0;4;4;5;4;5;4;4;0;0;0;0;0;0;1;0;0;0;0;0;0;0;1;0;0.0;0.0;0.0;0.0;0.0;0.0;0.0;0.0;0.0;0.0;0.0;0.0;1.0;0.0;0.0;0.0;0.0;0.0;0.0;0.0;0.0;0.0;0.0;0.0;0.0;0.0;0.0;0.0;0.0;0.0;0.0;0.0;0.0;0.0;0.0;3.0;0.0;0.0;0.0;1.0;0.0;0;1;0;0;CAPANEMA;REGIÃO SUL;69
1829.0;2023-07-31;4.0;8.0;18.0;22.0;565.0;28.0;4.0;4.0;20.0;428.0;28.0;0.0;28.0;702.0;47.0;122.0;5;4;4;5;4;5;4;0;0;0;0;0;1;0;0;0;0;0;0;0;0;1;0;0.0;0.0;0.0;0.0;0.0;0.0;0.0;0.0;0.0;0.0;0.0;0.0;1.0;0.0;0.0;0.0;0.0;0.0;0.0;0.0;0.0;0.0;0.0;0.0;0.0;0.0;0.0;0.0;0.0;0.0;0.0;0.0;0.0;0.0;0.0;3.0;0.0;0.0;0.0;1.0;0.0;15;0;0;0;CAPANEMA;REGIÃO SUL;70
5115.0;2023-08-31;5.0;11.0;20.0;27.0;614.0;32.0;7.0;5.0;21.0;454.0;32.0;0.0;32.0;774.0;114.0;232.0;4;5;5;4;4;4;5;0;1;0;0;0;0;0;0;0;0;0;0;0;0;1;0;0.0;0.0;0.0;0.0;0.0;0.0;0.0;0.0;0.0;0.0;0.0;0.0;1.0;0.0;0.0;0.0;0.0;0.0;0.0;0.0;0.0;0.0;0.0;0.0;0.0;0.0;0.0;0.0;0.0;0.0;0.0;0.0;0.0;0.0;0.0;3.0;0.0;0.0;0.0;1.0;0.0;0;0;0;0;CAPANEMA;REGIÃO SUL;71
6450.0;2023-09-30;7.0;13.0;23.0;30.0;681.0;36.0;9.0;7.0;24.0;533.0;36.0;0.0;36.0;828.0;115.0;268.0;4;4;4;4;5;5;4;0;0;0;0;0;0;0;0;0;0;0;1;0;0;1;0;0.0;0.0;0.0;0.0;0.0;0.0;0.0;0.0;0.0;0.0;0.0;0.0;1.0;0.0;0.0;0.0;0.0;0.0;0.0;0.0;0.0;0.0;0.0;0.0;0.0;0.0;0.0;0.0;0.0;0.0;0.0;0.0;0.0;0.0;0.0;3.0;0.0;0.0;0.0;1.0;0.0;0;0;0;0;CAPANEMA;REGIÃO SUL;72
5208.0;2023-10-31;8.0;14.0;22.0;28.0;680.0;35.0;11.0;8.0;22.0;549.0;35.0;0.0;35.0;811.0;132.0;354.0;5;4;4;5;4;4;5;0;0;0;0;0;0;0;0;0;0;1;0;0;0;1;0;0.0;0.0;0.0;0.0;0.0;0.0;0.0;0.0;0.0;0.0;0.0;0.0;1.0;0.0;0.0;0.0;0.0;0.0;0.0;0.0;0.0;0.0;0.0;0.0;0.0;0.0;0.0;0.0;0.0;0.0;0.0;0.0;0.0;0.0;0.0;3.0;0.0;0.0;0.0;1.0;0.0;0;0;0;0;CAPANEMA;REGIÃO SUL;73
5820.0;2023-11-30;9.0;15.0;24.0;30.0;710.0;34.0;14.0;9.0;26.0;593.0;34.0;0.0;34.0;827.0;99.0;413.0;4;5;5;4;4;4;4;0;0;0;0;0;0;0;0;0;1;0;0;0;0;1;0;0.0;0.0;0.0;0.0;0.0;0.0;0.0;0.0;0.0;0.0;0.0;0.0;1.0;0.0;0.0;0.0;0.0;0.0;0.0;0.0;0.0;0.0;0.0;0.0;0.0;0.0;0.0;0.0;0.0;0.0;0.0;0.0;0.0;0.0;0.0;3.0;0.0;0.0;0.0;1.0;0.0;0;0;0;0;CAPANEMA;REGIÃO SUL;74
5084.0;2023-12-31;15.0;21.0;25.0;29.0;779.0;35.0;9.0;15.0;24.0;645.0;35.0;0.0;35.0;913.0;87.0;280.0;5;4;4;4;5;5;4;0;0;1;0;0;0;0;0;0;0;0;0;0;0;1;0;0.0;0.0;0.0;0.0;0.0;0.0;0.0;0.0;0.0;0.0;0.0;0.0;1.0;0.0;0.0;0.0;0.0;0.0;0.0;0.0;0.0;0.0;0.0;0.0;0.0;0.0;0.0;0.0;0.0;0.0;0.0;0.0;0.0;0.0;0.0;3.0;0.0;0.0;0.0;1.0;0.0;0;0;0;0;CAPANEMA;REGIÃO SUL;75
4216.0;2024-01-31;15.0;21.0;25.0;29.0;790.0;35.0;4.0;15.0;24.0;629.0;35.0;0.0;35.0;950.0;53.0;131.0;4;5;4;5;4;4;5;0;0;0;0;1;0;0;0;0;0;0;0;0;0;0;1;0.0;0.0;0.0;0.0;0.0;0.0;0.0;0.0;0.0;0.0;0.0;0.0;1.0;0.0;0.0;0.0;0.0;0.0;0.0;0.0;0.0;0.0;0.0;0.0;0.0;0.0;0.0;0.0;0.0;0.0;0.0;0.0;0.0;0.0;0.0;3.0;0.0;0.0;0.0;1.0;0.0;31;0;0;0;CAPANEMA;REGIÃO SUL;76
9715.0;2024-02-29;18.0;23.0;27.0;30.0;778.0;36.0;4.0;18.0;24.0;623.0;36.0;0.0;36.0;932.0;27.0;129.0;4;4;5;4;4;4;4;0;0;0;1;0;0;0;0;0;0;0;0;0;0;0;1;0.0;0.0;0.0;0.0;0.0;0.0;0.0;0.0;0.0;0.0;0.0;0.0;1.0;0.0;0.0;0.0;0.0;0.0;0.0;0.0;0.0;0.0;0.0;0.0;0.0;0.0;0.0;0.0;0.0;0.0;0.0;0.0;0.0;0.0;0.0;3.0;0.0;0.0;0.0;1.0;0.0;0;3;0;0;CAPANEMA;REGIÃO SUL;77
9455.0;2024-03-31;17.0;22.0;26.0;29.0;796.0;35.0;3.0;17.0;25.0;646.0;35.0;0.0;35.0;945.0;15.0;83.0;5;4;4;4;5;5;4;0;0;0;0;0;0;0;0;1;0;0;0;0;0;0;1;0.0;0.0;0.0;0.0;0.0;0.0;0.0;0.0;0.0;0.0;0.0;0.0;1.0;0.0;0.0;0.0;0.0;0.0;0.0;0.0;0.0;0.0;0.0;0.0;0.0;0.0;0.0;0.0;0.0;0.0;0.0;0.0;0.0;0.0;0.0;3.0;0.0;0.0;0.0;1.0;0.0;0;1;0;0;CAPANEMA;REGIÃO SUL;78
4440.0;2024-04-30;11.0;18.0;24.0;28.0;714.0;33.0;5.0;11.0;24.0;597.0;33.0;0.0;33.0;831.0;40.0;145.0;4;4;4;5;4;4;5;1;0;0;0;0;0;0;0;0;0;0;0;0;0;0;1;0.0;0.0;0.0;0.0;0.0;0.0;0.0;0.0;0.0;0.0;0.0;0.0;1.0;0.0;0.0;0.0;0.0;0.0;0.0;0.0;0.0;0.0;0.0;0.0;0.0;0.0;0.0;0.0;0.0;0.0;0.0;0.0;0.0;0.0;0.0;3.0;0.0;0.0;0.0;1.0;0.0;0;0;0;0;CAPANEMA;REGIÃO SUL;79
2759.0;2024-05-31;4.0;9.0;18.0;27.0;570.0;31.0;7.0;4.0;24.0;460.0;31.0;0.0;31.0;679.0;103.0;216.0;4;5;5;4;5;4;4;0;0;0;0;0;0;0;1;0;0;0;0;0;0;0;1;0.0;0.0;0.0;0.0;0.0;0.0;0.0;0.0;0.0;0.0;0.0;0.0;1.0;0.0;0.0;0.0;0.0;0.0;0.0;0.0;0.0;0.0;0.0;0.0;0.0;0.0;0.0;0.0;0.0;0.0;0.0;0.0;0.0;0.0;0.0;3.0;0.0;0.0;0.0;1.0;0.0;0;1;0;30;CAPANEMA;REGIÃO SUL;80
2100.0;2024-06-30;2.0;8.0;20.0;24.0;593.0;29.0;1.0;2.0;21.0;472.0;29.0;0.0;29.0;714.0;17.0;32.0;5;4;4;4;4;5;4;0;0;0;0;0;0;1;0;0;0;0;0;0;0;0;1;0.0;0.0;0.0;0.0;0.0;0.0;0.0;0.0;0.0;0.0;0.0;0.0;1.0;0.0;0.0;0.0;0.0;0.0;0.0;0.0;0.0;0.0;0.0;0.0;0.0;0.0;0.0;0.0;0.0;0.0;0.0;0.0;0.0;0.0;0.0;3.0;0.0;0.0;0.0;1.0;0.0;0;0;0;30;CAPANEMA;REGIÃO SUL;81
4557.0;2024-07-31;2.0;7.0;16.0;22.0;495.0;27.0;5.0;2.0;19.0;373.0;27.0;0.0;27.0;616.0;36.0;150.0;4;5;4;5;4;4;5;0;0;0;0;0;1;0;0;0;0;0;0;0;0;0;1;0.0;0.0;0.0;0.0;0.0;0.0;0.0;0.0;0.0;0.0;0.0;0.0;1.0;0.0;0.0;0.0;0.0;0.0;0.0;0.0;0.0;0.0;0.0;0.0;0.0;0.0;0.0;0.0;0.0;0.0;0.0;0.0;0.0;0.0;0.0;3.0;0.0;0.0;0.0;1.0;0.0;12;0;0;0;CAPANEMA;REGIÃO SUL;82
4929.0;2024-08-31;1.0;8.0;19.0;27.0;575.0;33.0;1.0;1.0;21.0;412.0;33.0;0.0;33.0;738.0;14.0;36.0;4;4;5;4;5;5;4;0;1;0;0;0;0;0;0;0;0;0;0;0;0;0;1;0.0;0.0;0.0;0.0;0.0;0.0;0.0;0.0;0.0;0.0;0.0;0.0;1.0;0.0;0.0;0.0;0.0;0.0;0.0;0.0;0.0;0.0;0.0;0.0;0.0;0.0;0.0;0.0;0.0;0.0;0.0;0.0;0.0;0.0;0.0;3.0;0.0;0.0;0.0;1.0;0.0;0;0;0;0;CAPANEMA;REGIÃO SUL;83
7020.0;2024-09-30;8.0;16.0;23.0;30.0;682.0;36.0;1.0;8.0;24.0;523.0;36.0;0.0;36.0;842.0;9.0;35.0;5;4;4;5;4;4;4;0;0;0;0;0;0;0;0;0;0;0;1;0;0;0;1;0.0;0.0;0.0;0.0;0.0;0.0;0.0;0.0;0.0;0.0;0.0;0.0;1.0;0.0;0.0;0.0;0.0;0.0;0.0;0.0;0.0;0.0;0.0;0.0;0.0;0.0;0.0;0.0;0.0;0.0;0.0;0.0;0.0;0.0;0.0;3.0;0.0;0.0;0.0;1.0;0.0;0;0;0;0;CAPANEMA;REGIÃO SUL;84
9827.0;2024-10-31;12.0;19.0;23.0;29.0;723.0;35.0;2.0;12.0;24.0;563.0;35.0;0.0;35.0;884.0;29.0;61.0;4;5;5;4;4;4;5;0;0;0;0;0;0;0;0;0;0;1;0;0;0;0;1;0.0;0.0;0.0;0.0;0.0;0.0;0.0;0.0;0.0;0.0;0.0;0.0;1.0;0.0;0.0;0.0;0.0;0.0;0.0;0.0;0.0;0.0;0.0;0.0;0.0;0.0;0.0;0.0;0.0;0.0;0.0;0.0;0.0;0.0;0.0;3.0;0.0;0.0;0.0;1.0;0.0;0;0;0;0;CAPANEMA;REGIÃO SUL;85
8788.0;2017-09-30;10.0;15.0;22.0;25.0;662.0;33.0;3.0;10.0;19.0;473.0;33.0;0.0;33.0;852.0;35.0;101.0;4;4;4;4;5;5;4;0;0;0;0;0;0;0;0;0;0;0;1;0;0;0;0;0.0;0.0;1.0;0.0;0.0;0.0;0.0;0.0;0.0;0.0;0.0;0.0;0.0;1.0;0.0;0.0;0.0;0.0;0.0;0.0;0.0;0.0;0.0;0.0;0.0;0.0;0.0;0.0;0.0;0.0;0.0;0.0;0.0;0.0;0.0;2.0;0.0;0.0;0.0;0.0;0.0;0;0;0;0;CASCAVEL;REGIÃO OESTE;1
8554.0;2017-10-31;6.0;15.0;20.0;27.0;618.0;34.0;23.0;6.0;20.0;461.0;34.0;0.0;34.0;775.0;156.0;725.0;5;4;4;5;4;4;5;0;0;0;0;0;0;0;0;0;0;1;0;0;0;0;0;0.0;0.0;1.0;0.0;0.0;0.0;0.0;0.0;0.0;0.0;0.0;0.0;0.0;1.0;0.0;0.0;0.0;0.0;0.0;0.0;0.0;0.0;0.0;0.0;0.0;0.0;0.0;0.0;0.0;0.0;0.0;0.0;0.0;0.0;0.0;2.0;0.0;0.0;0.0;0.0;0.0;0;0;0;0;CASCAVEL;REGIÃO OESTE;2
7846.0;2017-11-30;10.0;17.0;20.0;24.0;600.0;31.0;5.0;10.0;18.0;427.0;31.0;0.0;31.0;774.0;47.0;145.0;4;5;5;4;4;4;4;0;0;0;0;0;0;0;0;0;1;0;0;0;0;0;0;0.0;0.0;1.0;0.0;0.0;0.0;0.0;0.0;0.0;0.0;0.0;0.0;0.0;1.0;0.0;0.0;0.0;0.0;0.0;0.0;0.0;0.0;0.0;0.0;0.0;0.0;0.0;0.0;0.0;0.0;0.0;0.0;0.0;0.0;0.0;2.0;0.0;0.0;0.0;0.0;0.0;0;0;0;0;CASCAVEL;REGIÃO OESTE;3
7527.0;2017-12-31;15.0;21.0;23.0;26.0;711.0;32.0;4.0;15.0;20.0;560.0;32.0;0.0;32.0;862.0;28.0;130.0;5;4;4;4;5;5;4;0;0;1;0;0;0;0;0;0;0;0;0;0;0;0;0;0.0;0.0;1.0;0.0;0.0;0.0;0.0;0.0;0.0;0.0;0.0;0.0;0.0;1.0;0.0;0.0;0.0;0.0;0.0;0.0;0.0;0.0;0.0;0.0;0.0;0.0;0.0;0.0;0.0;0.0;0.0;0.0;0.0;0.0;0.0;2.0;0.0;0.0;0.0;0.0;0.0;0;0;0;0;CASCAVEL;REGIÃO OESTE;4
5719.0;2018-01-31;15.0;20.0;23.0;25.0;703.0;31.0;7.0;15.0;20.0;570.0;31.0;0.0;31.0;836.0;83.0;230.0;4;5;4;5;4;4;5;0;0;0;0;1;0;0;0;0;0;0;0;0;0;0;0;0.0;0.0;0.0;1.0;0.0;0.0;0.0;0.0;0.0;0.0;0.0;0.0;0.0;1.0;0.0;0.0;0.0;0.0;0.0;0.0;0.0;0.0;0.0;0.0;0.0;0.0;0.0;0.0;0.0;0.0;0.0;0.0;0.0;0.0;0.0;2.0;0.0;0.0;0.0;0.0;0.0;31;0;0;0;CASCAVEL;REGIÃO OESTE;5
8067.0;2018-02-28;14.0;20.0;23.0;25.0;632.0;31.0;4.0;14.0;20.0;485.0;31.0;0.0;31.0;780.0;55.0;125.0;4;4;4;4;4;4;4;0;0;0;1;0;0;0;0;0;0;0;0;0;0;0;0;0.0;0.0;0.0;1.0;0.0;0.0;0.0;0.0;0.0;0.0;0.0;0.0;0.0;1.0;0.0;0.0;0.0;0.0;0.0;0.0;0.0;0.0;0.0;0.0;0.0;0.0;0.0;0.0;0.0;0.0;0.0;0.0;0.0;0.0;0.0;2.0;0.0;0.0;0.0;0.8214285714285714;1.0;0;3;0;0;CASCAVEL;REGIÃO OESTE;6
12313.0;2018-03-31;9.0;16.0;23.0;26.0;703.0;32.0;9.0;9.0;21.0;559.0;32.0;0.0;32.0;848.0;54.0;276.0;4;4;5;4;5;5;4;0;0;0;0;0;0;0;0;1;0;0;0;0;0;0;0;0.0;0.0;0.0;1.0;0.0;0.0;0.0;0.0;0.0;0.0;0.0;0.0;0.0;1.0;0.0;0.0;0.0;0.0;0.0;0.0;0.0;0.0;0.0;0.0;0.0;0.0;0.0;0.0;0.0;0.0;0.0;0.0;0.0;0.0;0.0;2.0;0.0;0.0;0.0;1.0;1.0;0;1;0;0;CASCAVEL;REGIÃO OESTE;7
10630.0;2018-04-30;14.0;20.0;22.0;24.0;660.0;30.0;1.0;14.0;19.0;488.0;30.0;0.0;30.0;832.0;20.0;32.0;5;4;4;5;4;4;4;1;0;0;0;0;0;0;0;0;0;0;0;0;0;0;0;0.0;0.0;0.0;1.0;0.0;0.0;0.0;0.0;0.0;0.0;0.0;0.0;0.0;1.0;0.0;0.0;0.0;0.0;0.0;0.0;0.0;0.0;0.0;0.0;0.0;0.0;0.0;0.0;0.0;0.0;0.0;0.0;0.0;0.0;0.0;2.0;0.0;0.0;0.0;1.0;1.0;0;0;0;0;CASCAVEL;REGIÃO OESTE;8
9347.0;2018-05-31;4.0;9.0;18.0;23.0;553.0;29.0;4.0;4.0;18.0;391.0;29.0;0.0;29.0;714.0;70.0;115.0;4;5;5;4;4;4;5;0;0;0;0;0;0;0;1;0;0;0;0;0;0;0;0;0.0;0.0;0.0;1.0;0.0;0.0;0.0;0.0;0.0;0.0;0.0;0.0;0.0;1.0;0.0;0.0;0.0;0.0;0.0;0.0;0.0;0.0;0.0;0.0;0.0;0.0;0.0;0.0;0.0;0.0;0.0;0.0;0.0;0.0;0.0;2.0;0.0;0.0;0.0;1.0;1.0;0;1;0;0;CASCAVEL;REGIÃO OESTE;9
7674.0;2018-06-30;1.0;6.0;14.0;22.0;431.0;26.0;3.0;1.0;20.0;297.0;26.0;0.0;26.0;565.0;18.0;81.0;4;4;4;4;5;5;4;0;0;0;0;0;0;1;0;0;0;0;0;0;0;0;0;0.0;0.0;0.0;1.0;0.0;0.0;0.0;0.0;0.0;0.0;0.0;0.0;0.0;1.0;0.0;0.0;0.0;0.0;0.0;0.0;0.0;0.0;0.0;0.0;0.0;0.0;0.0;0.0;0.0;0.0;0.0;0.0;0.0;0.0;0.0;2.0;0.0;0.0;0.0;1.0;1.0;0;0;0;0;CASCAVEL;REGIÃO OESTE;10
8124.0;2018-07-31;2.0;9.0;16.0;22.0;506.0;29.0;0.0;2.0;16.0;333.0;29.0;0.0;29.0;679.0;6.0;7.0;5;4;4;5;4;4;5;0;0;0;0;0;1;0;0;0;0;0;0;0;0;0;0;0.0;0.0;0.0;1.0;0.0;0.0;0.0;0.0;0.0;0.0;0.0;0.0;0.0;1.0;0.0;0.0;0.0;0.0;0.0;0.0;0.0;0.0;0.0;0.0;0.0;0.0;0.0;0.0;0.0;0.0;0.0;0.0;0.0;0.0;0.0;2.0;0.0;0.0;0.0;1.0;1.0;16;0;0;0;CASCAVEL;REGIÃO OESTE;11
8606.0;2018-08-31;1.0;7.0;14.0;23.0;444.0;31.0;4.0;1.0;16.0;262.0;31.0;0.0;31.0;627.0;32.0;122.0;4;5;5;4;5;4;4;0;1;0;0;0;0;0;0;0;0;0;0;0;0;0;0;0.0;0.0;0.0;1.0;0.0;0.0;0.0;0.0;0.0;0.0;0.0;0.0;0.0;1.0;0.0;0.0;0.0;0.0;0.0;0.0;0.0;0.0;0.0;0.0;0.0;0.0;0.0;0.0;0.0;0.0;0.0;0.0;0.0;0.0;0.0;2.0;0.0;0.0;0.0;1.0;1.0;0;0;0;0;CASCAVEL;REGIÃO OESTE;12
8728.0;2018-09-30;5.0;11.0;19.0;26.0;561.0;33.0;10.0;5.0;19.0;404.0;33.0;0.0;33.0;717.0;117.0;286.0;5;4;4;4;4;5;4;0;0;0;0;0;0;0;0;0;0;0;1;0;0;0;0;0.0;0.0;0.0;1.0;0.0;0.0;0.0;0.0;0.0;0.0;0.0;0.0;0.0;1.0;0.0;0.0;0.0;0.0;0.0;0.0;0.0;0.0;0.0;0.0;0.0;0.0;0.0;0.0;0.0;0.0;0.0;0.0;0.0;0.0;0.0;2.0;0.0;0.0;0.0;1.0;1.0;0;0;0;0;CASCAVEL;REGIÃO OESTE;13
9645.0;2018-10-31;10.0;16.0;20.0;23.0;612.0;30.0;8.0;10.0;19.0;495.0;30.0;0.0;30.0;730.0;50.0;245.0;4;5;4;5;4;4;5;0;0;0;0;0;0;0;0;0;0;1;0;0;0;0;0;0.0;0.0;0.0;1.0;0.0;0.0;0.0;0.0;0.0;0.0;0.0;0.0;0.0;1.0;0.0;0.0;0.0;0.0;0.0;0.0;0.0;0.0;0.0;0.0;0.0;0.0;0.0;0.0;0.0;0.0;0.0;0.0;0.0;0.0;0.0;2.0;0.0;0.0;0.0;1.0;1.0;0;0;0;0;CASCAVEL;REGIÃO OESTE;14
10085.0;2018-11-30;14.0;18.0;22.0;26.0;662.0;32.0;4.0;14.0;20.0;509.0;32.0;0.0;32.0;814.0;54.0;118.0;4;4;5;4;5;4;4;0;0;0;0;0;0;0;0;0;1;0;0;0;0;0;0;0.0;0.0;0.0;1.0;0.0;0.0;0.0;0.0;0.0;0.0;0.0;0.0;0.0;1.0;0.0;0.0;0.0;0.0;0.0;0.0;0.0;0.0;0.0;0.0;0.0;0.0;0.0;0.0;0.0;0.0;0.0;0.0;0.0;0.0;0.0;2.0;0.0;0.0;0.0;1.0;1.0;0;0;0;0;CASCAVEL;REGIÃO OESTE;15
10182.0;2018-12-31;10.0;18.0;23.0;26.0;714.0;33.0;3.0;10.0;21.0;526.0;33.0;0.0;33.0;902.0;18.0;81.0;5;4;4;5;4;5;4;0;0;1;0;0;0;0;0;0;0;0;0;0;0;0;0;0.0;0.0;0.0;1.0;0.0;0.0;0.0;0.0;0.0;0.0;0.0;0.0;0.0;1.0;0.0;0.0;0.0;0.0;0.0;0.0;0.0;0.0;0.0;0.0;0.0;0.0;0.0;0.0;0.0;0.0;0.0;0.0;0.0;0.0;0.0;2.0;0.0;0.0;0.0;1.0;1.0;0;0;0;0;CASCAVEL;REGIÃO OESTE;16
8229.0;2019-01-31;16.0;21.0;25.0;28.0;777.0;34.0;4.0;16.0;21.0;611.0;34.0;0.0;34.0;942.0;25.0;130.0;4;5;5;4;4;4;5;0;0;0;0;1;0;0;0;0;0;0;0;0;0;0;0;0.0;0.0;0.0;0.0;1.0;0.0;0.0;0.0;0.0;0.0;0.0;0.0;0.0;1.0;0.0;0.0;0.0;0.0;0.0;0.0;0.0;0.0;0.0;0.0;0.0;0.0;0.0;0.0;0.0;0.0;0.0;0.0;0.0;0.0;0.0;2.0;0.0;0.0;0.0;1.0;1.0;31;0;0;0;CASCAVEL;REGIÃO OESTE;17
9545.0;2019-02-28;14.0;18.0;23.0;27.0;647.0;34.0;5.0;14.0;22.0;501.0;34.0;0.0;34.0;793.0;30.0;128.0;4;4;4;4;4;4;4;0;0;0;1;0;0;0;0;0;0;0;0;0;0;0;0;0.0;0.0;0.0;0.0;1.0;0.0;0.0;0.0;0.0;0.0;0.0;0.0;0.0;1.0;0.0;0.0;0.0;0.0;0.0;0.0;0.0;0.0;0.0;0.0;0.0;0.0;0.0;0.0;0.0;0.0;0.0;0.0;0.0;0.0;0.0;2.0;0.0;0.0;0.0;1.8214285714285714;1.0;0;0;0;0;CASCAVEL;REGIÃO OESTE;18
12931.0;2019-03-31;12.0;19.0;21.0;25.0;665.0;31.0;6.0;12.0;19.0;515.0;31.0;0.0;31.0;814.0;47.0;195.0;5;4;4;4;5;5;4;0;0;0;0;0;0;0;0;1;0;0;0;0;0;0;0;0.0;0.0;0.0;0.0;1.0;0.0;0.0;0.0;0.0;0.0;0.0;0.0;0.0;1.0;0.0;0.0;0.0;0.0;0.0;0.0;0.0;0.0;0.0;0.0;0.0;0.0;0.0;0.0;0.0;0.0;0.0;0.0;0.0;0.0;0.0;2.0;0.0;0.0;0.0;2.0;1.0;0;3;0;0;CASCAVEL;REGIÃO OESTE;19
12808.0;2019-04-30;11.0;17.0;21.0;24.0;619.0;29.0;2.0;11.0;19.0;484.0;29.0;0.0;29.0;755.0;23.0;74.0;4;4;4;5;4;4;5;1;0;0;0;0;0;0;0;0;0;0;0;0;0;0;0;0.0;0.0;0.0;0.0;1.0;0.0;0.0;0.0;0.0;0.0;0.0;0.0;0.0;1.0;0.0;0.0;0.0;0.0;0.0;0.0;0.0;0.0;0.0;0.0;0.0;0.0;0.0;0.0;0.0;0.0;0.0;0.0;0.0;0.0;0.0;2.0;0.0;0.0;0.0;2.0;1.0;0;1;0;0;CASCAVEL;REGIÃO OESTE;20
10952.0;2019-05-31;8.0;11.0;18.0;23.0;562.0;28.0;8.0;8.0;18.0;450.0;28.0;0.0;28.0;674.0;52.0;236.0;4;5;5;4;5;4;4;0;0;0;0;0;0;0;1;0;0;0;0;0;0;0;0;0.0;0.0;0.0;0.0;1.0;0.0;0.0;0.0;0.0;0.0;0.0;0.0;0.0;1.0;0.0;0.0;0.0;0.0;0.0;0.0;0.0;0.0;0.0;0.0;0.0;0.0;0.0;0.0;0.0;0.0;0.0;0.0;0.0;0.0;0.0;2.0;0.0;0.0;0.0;2.0;1.0;0;0;0;0;CASCAVEL;REGIÃO OESTE;21
9832.0;2019-06-30;7.0;10.0;18.0;22.0;545.0;28.0;0.0;7.0;16.0;387.0;28.0;0.0;28.0;704.0;3.0;7.0;5;4;4;4;4;5;4;0;0;0;0;0;0;1;0;0;0;0;0;0;0;0;0;0.0;0.0;0.0;0.0;1.0;0.0;0.0;0.0;0.0;0.0;0.0;0.0;0.0;1.0;0.0;0.0;0.0;0.0;0.0;0.0;0.0;0.0;0.0;0.0;0.0;0.0;0.0;0.0;0.0;0.0;0.0;0.0;0.0;0.0;0.0;2.0;0.0;0.0;0.0;2.0;1.0;0;1;0;0;CASCAVEL;REGIÃO OESTE;22
9273.0;2019-07-31;-3.0;4.0;14.0;22.0;449.0;27.0;3.0;-3.0;17.0;288.0;27.0;0.0;27.0;610.0;44.0;91.0;4;5;4;5;4;4;5;0;0;0;0;0;1;0;0;0;0;0;0;0;0;0;0;0.0;0.0;0.0;0.0;1.0;0.0;0.0;0.0;0.0;0.0;0.0;0.0;0.0;1.0;0.0;0.0;0.0;0.0;0.0;0.0;0.0;0.0;0.0;0.0;0.0;0.0;0.0;0.0;0.0;0.0;0.0;0.0;0.0;0.0;0.0;2.0;0.0;0.0;0.0;2.0;1.0;16;0;0;0;CASCAVEL;REGIÃO OESTE;23
10608.0;2019-08-31;-0.0;7.0;17.0;23.0;526.0;32.0;0.0;-0.0;17.0;316.0;32.0;0.0;32.0;737.0;2.0;7.0;4;4;5;4;5;5;4;0;1;0;0;0;0;0;0;0;0;0;0;0;0;0;0;0.0;0.0;0.0;0.0;1.0;0.0;0.0;0.0;0.0;0.0;0.0;0.0;0.0;1.0;0.0;0.0;0.0;0.0;0.0;0.0;0.0;0.0;0.0;0.0;0.0;0.0;0.0;0.0;0.0;0.0;0.0;0.0;0.0;0.0;0.0;2.0;0.0;0.0;0.0;2.0;1.0;0;0;0;0;CASCAVEL;REGIÃO OESTE;24
11700.0;2019-09-30;5.0;14.0;21.0;28.0;618.0;36.0;1.0;5.0;20.0;429.0;36.0;0.0;36.0;807.0;30.0;43.0;5;4;4;5;4;4;4;0;0;0;0;0;0;0;0;0;0;0;1;0;0;0;0;0.0;0.0;0.0;0.0;1.0;0.0;0.0;0.0;0.0;0.0;0.0;0.0;0.0;1.0;0.0;0.0;0.0;0.0;0.0;0.0;0.0;0.0;0.0;0.0;0.0;0.0;0.0;0.0;0.0;0.0;0.0;0.0;0.0;0.0;0.0;2.0;0.0;0.0;0.0;2.0;1.0;0;0;0;0;CASCAVEL;REGIÃO OESTE;25
12114.0;2019-10-31;10.0;16.0;23.0;29.0;722.0;36.0;3.0;10.0;23.0;536.0;36.0;0.0;36.0;907.0;18.0;83.0;4;5;5;4;4;4;5;0;0;0;0;0;0;0;0;0;0;1;0;0;0;0;0;0.0;0.0;0.0;0.0;1.0;0.0;0.0;0.0;0.0;0.0;0.0;0.0;0.0;1.0;0.0;0.0;0.0;0.0;0.0;0.0;0.0;0.0;0.0;0.0;0.0;0.0;0.0;0.0;0.0;0.0;0.0;0.0;0.0;0.0;0.0;2.0;0.0;0.0;0.0;2.0;1.0;0;0;0;0;CASCAVEL;REGIÃO OESTE;26
11540.0;2019-11-30;12.0;20.0;23.0;27.0;697.0;33.0;7.0;12.0;21.0;536.0;33.0;0.0;33.0;859.0;107.0;221.0;4;4;4;4;5;5;4;0;0;0;0;0;0;0;0;0;1;0;0;0;0;0;0;0.0;0.0;0.0;0.0;1.0;0.0;0.0;0.0;0.0;0.0;0.0;0.0;0.0;1.0;0.0;0.0;0.0;0.0;0.0;0.0;0.0;0.0;0.0;0.0;0.0;0.0;0.0;0.0;0.0;0.0;0.0;0.0;0.0;0.0;0.0;2.0;0.0;0.0;0.0;2.0;1.0;0;0;0;0;CASCAVEL;REGIÃO OESTE;27
10044.0;2019-12-31;11.0;18.0;22.0;26.0;681.0;33.0;9.0;11.0;21.0;518.0;33.0;0.0;33.0;845.0;128.0;270.0;5;4;4;5;4;4;5;0;0;1;0;0;0;0;0;0;0;0;0;0;0;0;0;0.0;0.0;0.0;0.0;1.0;0.0;0.0;0.0;0.0;0.0;0.0;0.0;0.0;1.0;0.0;0.0;0.0;0.0;0.0;0.0;0.0;0.0;0.0;0.0;0.0;0.0;0.0;0.0;0.0;0.0;0.0;0.0;0.0;0.0;0.0;2.0;0.0;0.0;0.0;2.0;1.0;0;0;0;0;CASCAVEL;REGIÃO OESTE;28
9488.0;2020-01-31;16.0;18.0;24.0;26.0;734.0;32.0;3.0;16.0;22.0;590.0;32.0;0.0;32.0;877.0;18.0;96.0;4;5;5;4;5;4;4;0;0;0;0;1;0;0;0;0;0;0;0;0;0;0;0;0.0;0.0;0.0;0.0;0.0;1.0;0.0;0.0;0.0;0.0;0.0;0.0;0.0;1.0;0.0;0.0;0.0;0.0;0.0;0.0;0.0;0.0;0.0;0.0;0.0;0.0;0.0;0.0;0.0;0.0;0.0;0.0;0.0;0.0;0.0;2.0;0.0;0.0;0.0;2.0;1.0;31;0;0;0;CASCAVEL;REGIÃO OESTE;29
12272.0;2020-02-29;11.0;18.0;24.0;26.0;682.0;32.0;1.0;11.0;21.0;527.0;32.0;0.0;32.0;837.0;7.0;33.0;4;4;4;4;4;5;4;0;0;0;1;0;0;0;0;0;0;0;0;0;0;0;0;0.0;0.0;0.0;0.0;0.0;1.0;0.0;0.0;0.0;0.0;0.0;0.0;0.0;1.0;0.0;0.0;0.0;0.0;0.0;0.0;0.0;0.0;0.0;0.0;0.0;0.0;0.0;0.0;0.0;0.0;0.0;0.0;0.0;0.0;0.0;2.8275862068965516;0.0;0.0;0.0;2.0;1.0;0;3;0;0;CASCAVEL;REGIÃO OESTE;30
10977.0;2020-03-31;12.0;19.0;23.0;27.0;716.0;34.0;2.0;12.0;20.0;526.0;34.0;0.0;34.0;907.0;31.0;50.0;5;4;4;5;4;4;5;0;0;0;0;0;0;0;0;1;0;0;0;0;0;0;0;0.0;0.0;0.0;0.0;0.0;1.0;0.0;0.0;0.0;0.0;0.0;0.0;0.0;1.0;0.0;0.0;0.0;0.0;0.0;0.0;0.0;0.0;0.0;0.0;0.0;0.0;0.0;0.0;0.0;0.0;0.0;0.0;0.0;0.0;0.0;3.0;0.0;0.0;0.0;2.0;1.0;0;0;15;0;CASCAVEL;REGIÃO OESTE;31
5081.0;2020-04-30;4.0;12.0;19.0;25.0;564.0;32.0;3.0;4.0;19.0;365.0;32.0;0.0;32.0;763.0;45.0;83.0;4;5;5;4;4;4;4;1;0;0;0;0;0;0;0;0;0;0;0;0;0;0;0;0.0;0.0;0.0;0.0;0.0;1.0;0.0;0.0;0.0;0.0;0.0;0.0;0.0;1.0;0.0;0.0;0.0;0.0;0.0;0.0;0.0;0.0;0.0;0.0;0.0;0.0;0.0;0.0;0.0;0.0;0.0;0.0;0.0;0.0;0.0;3.0;0.0;0.0;0.0;2.0;1.0;0;1;30;0;CASCAVEL;REGIÃO OESTE;32
5210.0;2020-05-31;2.0;9.0;15.0;21.0;473.0;27.0;7.0;2.0;17.0;290.0;27.0;0.0;27.0;656.0;102.0;206.0;5;4;4;4;5;5;4;0;0;0;0;0;0;0;1;0;0;0;0;0;0;0;0;0.0;0.0;0.0;0.0;0.0;1.0;0.0;0.0;0.0;0.0;0.0;0.0;0.0;1.0;0.0;0.0;0.0;0.0;0.0;0.0;0.0;0.0;0.0;0.0;0.0;0.0;0.0;0.0;0.0;0.0;0.0;0.0;0.0;0.0;0.0;3.0;0.0;0.0;0.0;2.0;1.0;0;0;31;0;CASCAVEL;REGIÃO OESTE;33
4873.0;2020-06-30;4.0;10.0;17.0;24.0;519.0;29.0;4.0;4.0;19.0;373.0;29.0;0.0;29.0;664.0;54.0;134.0;4;4;4;5;4;4;5;0;0;0;0;0;0;1;0;0;0;0;0;0;0;0;0;0.0;0.0;0.0;0.0;0.0;1.0;0.0;0.0;0.0;0.0;0.0;0.0;0.0;1.0;0.0;0.0;0.0;0.0;0.0;0.0;0.0;0.0;0.0;0.0;0.0;0.0;0.0;0.0;0.0;0.0;0.0;0.0;0.0;0.0;0.0;3.0;0.0;0.0;0.0;2.0;1.0;0;1;30;0;CASCAVEL;REGIÃO OESTE;34
4958.0;2020-07-31;1.0;8.0;16.0;22.0;497.0;27.0;2.0;1.0;17.0;336.0;27.0;0.0;27.0;657.0;43.0;76.0;4;5;5;4;5;4;4;0;0;0;0;0;1;0;0;0;0;0;0;0;0;0;0;0.0;0.0;0.0;0.0;0.0;1.0;0.0;0.0;0.0;0.0;0.0;0.0;0.0;1.0;0.0;0.0;0.0;0.0;0.0;0.0;0.0;0.0;0.0;0.0;0.0;0.0;0.0;0.0;0.0;0.0;0.0;0.0;0.0;0.0;0.0;3.0;0.0;0.0;0.0;2.0;1.0;0;0;31;0;CASCAVEL;REGIÃO OESTE;35
5041.0;2020-08-31;-0.0;5.0;18.0;24.0;561.0;30.0;9.0;-0.0;18.0;398.0;30.0;0.0;30.0;725.0;102.0;293.0;5;4;4;5;4;5;4;0;1;0;0;0;0;0;0;0;0;0;0;0;0;0;0;0.0;0.0;0.0;0.0;0.0;1.0;0.0;0.0;0.0;0.0;0.0;0.0;0.0;1.0;0.0;0.0;0.0;0.0;0.0;0.0;0.0;0.0;0.0;0.0;0.0;0.0;0.0;0.0;0.0;0.0;0.0;0.0;0.0;0.0;0.0;3.0;0.0;0.0;0.0;2.0;1.0;0;0;31;0;CASCAVEL;REGIÃO OESTE;36
5240.0;2020-09-30;10.0;17.0;22.0;30.0;665.0;37.0;1.0;10.0;22.0;491.0;37.0;0.0;37.0;839.0;17.0;43.0;4;5;4;4;4;4;5;0;0;0;0;0;0;0;0;0;0;0;1;0;0;0;0;0.0;0.0;0.0;0.0;0.0;1.0;0.0;0.0;0.0;0.0;0.0;0.0;0.0;1.0;0.0;0.0;0.0;0.0;0.0;0.0;0.0;0.0;0.0;0.0;0.0;0.0;0.0;0.0;0.0;0.0;0.0;0.0;0.0;0.0;0.0;3.0;0.0;0.0;0.0;2.0;1.0;0;0;30;0;CASCAVEL;REGIÃO OESTE;37
6324.0;2020-10-31;11.0;18.0;24.0;30.0;730.0;37.0;2.0;11.0;24.0;547.0;37.0;0.0;37.0;912.0;32.0;59.0;4;4;5;4;5;5;4;0;0;0;0;0;0;0;0;0;0;1;0;0;0;0;0;0.0;0.0;0.0;0.0;0.0;1.0;0.0;0.0;0.0;0.0;0.0;0.0;0.0;1.0;0.0;0.0;0.0;0.0;0.0;0.0;0.0;0.0;0.0;0.0;0.0;0.0;0.0;0.0;0.0;0.0;0.0;0.0;0.0;0.0;0.0;3.0;0.0;0.0;0.0;2.0;1.0;0;0;31;0;CASCAVEL;REGIÃO OESTE;38
5550.0;2020-11-30;10.0;17.0;23.0;27.0;676.0;35.0;2.0;10.0;21.0;492.0;35.0;0.0;35.0;860.0;13.0;69.0;5;4;4;5;4;4;4;0;0;0;0;0;0;0;0;0;1;0;0;0;0;0;0;0.0;0.0;0.0;0.0;0.0;1.0;0.0;0.0;0.0;0.0;0.0;0.0;0.0;1.0;0.0;0.0;0.0;0.0;0.0;0.0;0.0;0.0;0.0;0.0;0.0;0.0;0.0;0.0;0.0;0.0;0.0;0.0;0.0;0.0;0.0;3.0;0.0;0.0;0.0;2.0;1.0;0;0;30;0;CASCAVEL;REGIÃO OESTE;39
5053.0;2020-12-31;14.0;20.0;23.0;26.0;722.0;31.0;6.0;14.0;20.0;569.0;31.0;0.0;31.0;874.0;80.0;199.0;4;5;5;4;4;4;5;0;0;1;0;0;0;0;0;0;0;0;0;0;0;0;0;0.0;0.0;0.0;0.0;0.0;1.0;0.0;0.0;0.0;0.0;0.0;0.0;0.0;1.0;0.0;0.0;0.0;0.0;0.0;0.0;0.0;0.0;0.0;0.0;0.0;0.0;0.0;0.0;0.0;0.0;0.0;0.0;0.0;0.0;0.0;3.0;0.0;0.0;0.0;2.0;1.0;0;0;31;0;CASCAVEL;REGIÃO OESTE;40
4805.0;2021-01-31;18.0;19.0;23.0;25.0;713.0;31.0;8.0;18.0;21.0;593.0;31.0;0.0;31.0;833.0;75.0;236.0;5;4;4;4;5;5;4;0;0;0;0;1;0;0;0;0;0;0;0;1;0;0;0;0.0;0.0;0.0;0.0;0.0;0.0;0.0;0.0;0.0;0.0;0.0;0.0;0.0;1.0;0.0;0.0;0.0;0.0;0.0;0.0;0.0;0.0;0.0;0.0;0.0;0.0;0.0;0.0;0.0;0.0;0.0;0.0;0.0;0.0;0.0;3.0;0.0;0.0;0.0;2.0;1.0;0;0;31;0;CASCAVEL;REGIÃO OESTE;41
4816.0;2021-02-28;13.0;20.0;23.0;27.0;654.0;34.0;2.0;13.0;21.0;499.0;34.0;0.0;34.0;808.0;23.0;69.0;4;4;4;4;4;4;4;0;0;0;1;0;0;0;0;0;0;0;0;1;0;0;0;0.0;0.0;0.0;0.0;0.0;0.0;0.0;0.0;0.0;0.0;0.0;0.0;0.0;1.0;0.0;0.0;0.0;0.0;0.0;0.0;0.0;0.0;0.0;0.0;0.0;0.0;0.0;0.0;0.0;0.0;0.0;0.0;0.0;0.0;0.0;3.0;0.0;0.0;0.0;2.0;1.0;0;3;28;0;CASCAVEL;REGIÃO OESTE;42
5115.0;2021-03-31;13.0;19.0;24.0;27.0;736.0;34.0;2.0;13.0;21.0;569.0;34.0;0.0;34.0;903.0;13.0;73.0;4;5;4;5;4;4;5;0;0;0;0;0;0;0;0;1;0;0;0;1;0;0;0;0.0;0.0;0.0;0.0;0.0;0.0;0.0;0.0;0.0;0.0;0.0;0.0;0.0;1.0;0.0;0.0;0.0;0.0;0.0;0.0;0.0;0.0;0.0;0.0;0.0;0.0;0.0;0.0;0.0;0.0;0.0;0.0;0.0;0.0;0.0;3.0;0.0;0.0;0.0;2.0;1.0;0;0;31;0;CASCAVEL;REGIÃO OESTE;43
4620.0;2021-04-30;8.0;15.0;21.0;26.0;634.0;31.0;0.0;8.0;20.0;466.0;31.0;0.0;31.0;801.0;10.0;13.0;4;4;5;4;5;4;4;1;0;0;0;0;0;0;0;0;0;0;0;1;0;0;0;0.0;0.0;0.0;0.0;0.0;0.0;0.0;0.0;0.0;0.0;0.0;0.0;0.0;1.0;0.0;0.0;0.0;0.0;0.0;0.0;0.0;0.0;0.0;0.0;0.0;0.0;0.0;0.0;0.0;0.0;0.0;0.0;0.0;0.0;0.0;3.0;0.0;0.0;0.0;2.0;1.0;0;1;30;0;CASCAVEL;REGIÃO OESTE;44
4185.0;2021-05-31;4.0;10.0;18.0;24.0;547.0;29.0;1.0;4.0;18.0;372.0;29.0;0.0;29.0;722.0;12.0;39.0;5;4;4;5;4;5;4;0;0;0;0;0;0;0;1;0;0;0;0;1;0;0;0;0.0;0.0;0.0;0.0;0.0;0.0;0.0;0.0;0.0;0.0;0.0;0.0;0.0;1.0;0.0;0.0;0.0;0.0;0.0;0.0;0.0;0.0;0.0;0.0;0.0;0.0;0.0;0.0;0.0;0.0;0.0;0.0;0.0;0.0;0.0;3.0;0.0;0.0;0.0;2.0;1.0;0;0;31;0;CASCAVEL;REGIÃO OESTE;45
4260.0;2021-06-30;-1.0;5.0;16.0;23.0;468.0;29.0;4.0;-1.0;17.0;339.0;29.0;0.0;29.0;596.0;42.0;114.0;4;5;4;4;4;4;5;0;0;0;0;0;0;1;0;0;0;0;0;1;0;0;0;0.0;0.0;0.0;0.0;0.0;0.0;0.0;0.0;0.0;0.0;0.0;0.0;0.0;1.0;0.0;0.0;0.0;0.0;0.0;0.0;0.0;0.0;0.0;0.0;0.0;0.0;0.0;0.0;0.0;0.0;0.0;0.0;0.0;0.0;0.0;3.0;0.0;0.0;0.0;2.0;1.0;0;1;30;0;CASCAVEL;REGIÃO OESTE;46
4402.0;2021-07-31;-2.0;6.0;15.0;23.0;472.0;29.0;1.0;-2.0;17.0;275.0;29.0;0.0;29.0;670.0;16.0;33.0;4;4;5;4;5;5;4;0;0;0;0;0;1;0;0;0;0;0;0;1;0;0;0;0.0;0.0;0.0;0.0;0.0;0.0;0.0;0.0;0.0;0.0;0.0;0.0;0.0;1.0;0.0;0.0;0.0;0.0;0.0;0.0;0.0;0.0;0.0;0.0;0.0;0.0;0.0;0.0;0.0;0.0;0.0;0.0;0.0;0.0;0.0;3.0;0.0;0.0;0.0;2.0;1.0;0;0;31;0;CASCAVEL;REGIÃO OESTE;47
4557.0;2021-08-31;5.0;13.0;20.0;26.0;609.0;34.0;2.0;5.0;21.0;429.0;34.0;0.0;34.0;788.0;22.0;70.0;5;4;4;5;4;4;5;0;1;0;0;0;0;0;0;0;0;0;0;1;0;0;0;0.0;0.0;0.0;0.0;0.0;0.0;0.0;0.0;0.0;0.0;0.0;0.0;0.0;1.0;0.0;0.0;0.0;0.0;0.0;0.0;0.0;0.0;0.0;0.0;0.0;0.0;0.0;0.0;0.0;0.0;0.0;0.0;0.0;0.0;0.0;3.0;0.0;0.0;0.0;2.0;1.0;0;0;31;0;CASCAVEL;REGIÃO OESTE;48
4980.0;2021-09-30;8.0;15.0;23.0;30.0;685.0;36.0;3.0;8.0;23.0;519.0;36.0;0.0;36.0;851.0;21.0;86.0;4;5;5;4;4;4;4;0;0;0;0;0;0;0;0;0;0;0;1;1;0;0;0;0.0;0.0;0.0;0.0;0.0;0.0;0.0;0.0;0.0;0.0;0.0;0.0;0.0;1.0;0.0;0.0;0.0;0.0;0.0;0.0;0.0;0.0;0.0;0.0;0.0;0.0;0.0;0.0;0.0;0.0;0.0;0.0;0.0;0.0;0.0;3.0;0.0;0.0;0.0;2.0;1.0;0;0;30;0;CASCAVEL;REGIÃO OESTE;49
7130.0;2021-10-31;11.0;17.0;21.0;26.0;650.0;32.0;17.0;11.0;21.0;510.0;32.0;0.0;32.0;789.0;88.0;530.0;5;4;4;4;5;5;4;0;0;0;0;0;0;0;0;0;0;1;0;1;0;0;0;0.0;0.0;0.0;0.0;0.0;0.0;0.0;0.0;0.0;0.0;0.0;0.0;0.0;1.0;0.0;0.0;0.0;0.0;0.0;0.0;0.0;0.0;0.0;0.0;0.0;0.0;0.0;0.0;0.0;0.0;0.0;0.0;0.0;0.0;0.0;3.0;0.0;0.0;0.0;2.0;1.0;0;0;0;0;CASCAVEL;REGIÃO OESTE;50
11550.0;2021-11-30;14.0;21.0;24.0;27.0;716.0;34.0;3.0;14.0;21.0;544.0;34.0;0.0;34.0;887.0;44.0;99.0;4;4;4;5;4;4;5;0;0;0;0;0;0;0;0;0;1;0;0;1;0;0;0;0.0;0.0;0.0;0.0;0.0;0.0;0.0;0.0;0.0;0.0;0.0;0.0;0.0;1.0;0.0;0.0;0.0;0.0;0.0;0.0;0.0;0.0;0.0;0.0;0.0;0.0;0.0;0.0;0.0;0.0;0.0;0.0;0.0;0.0;0.0;3.0;0.0;0.0;0.0;2.0;1.0;0;0;0;0;CASCAVEL;REGIÃO OESTE;51
12710.0;2021-12-31;14.0;22.0;26.0;28.0;801.0;36.0;0.0;14.0;23.0;595.0;36.0;0.0;36.0;1007.0;5.0;11.0;4;5;5;4;5;4;4;0;0;1;0;0;0;0;0;0;0;0;0;1;0;0;0;0.0;0.0;0.0;0.0;0.0;0.0;0.0;0.0;0.0;0.0;0.0;0.0;0.0;1.0;0.0;0.0;0.0;0.0;0.0;0.0;0.0;0.0;0.0;0.0;0.0;0.0;0.0;0.0;0.0;0.0;0.0;0.0;0.0;0.0;0.0;3.0;0.0;0.0;0.0;2.0;1.0;0;0;0;0;CASCAVEL;REGIÃO OESTE;52
8804.0;2022-01-31;17.0;23.0;27.0;30.0;822.0;37.0;7.0;17.0;24.0;641.0;37.0;0.0;37.0;1003.0;34.0;218.0;5;4;4;5;4;5;4;0;0;0;0;1;0;0;0;0;0;0;0;0;1;0;0;0.0;0.0;0.0;0.0;0.0;0.0;0.0;0.0;0.0;0.0;0.0;0.0;0.0;1.0;0.0;0.0;0.0;0.0;0.0;0.0;0.0;0.0;0.0;0.0;0.0;0.0;0.0;0.0;0.0;0.0;0.0;0.0;0.0;0.0;0.0;3.0;0.0;0.0;0.0;2.0;1.0;31;0;0;0;CASCAVEL;REGIÃO OESTE;53
7056.0;2022-02-28;13.0;21.0;26.0;29.0;722.0;35.0;7.0;13.0;23.0;550.0;35.0;0.0;35.0;895.0;79.0;185.0;4;4;4;4;4;4;4;0;0;0;1;0;0;0;0;0;0;0;0;0;1;0;0;0.0;0.0;0.0;0.0;0.0;0.0;0.0;0.0;0.0;0.0;0.0;0.0;0.0;1.0;0.0;0.0;0.0;0.0;0.0;0.0;0.0;0.0;0.0;0.0;0.0;0.0;0.0;0.0;0.0;0.0;0.0;0.0;0.0;0.0;0.0;3.0;0.0;0.0;0.0;2.0;1.0;0;1;0;0;CASCAVEL;REGIÃO OESTE;54
15624.0;2022-03-31;10.0;15.0;23.0;28.0;715.0;34.0;7.0;10.0;23.0;567.0;34.0;0.0;34.0;863.0;60.0;228.0;4;5;5;4;4;4;5;0;0;0;0;0;0;0;0;1;0;0;0;0;1;0;0;0.0;0.0;0.0;0.0;0.0;0.0;0.0;0.0;0.0;0.0;0.0;0.0;0.0;1.0;0.0;0.0;0.0;0.0;0.0;0.0;0.0;0.0;0.0;0.0;0.0;0.0;0.0;0.0;0.0;0.0;0.0;0.0;0.0;0.0;0.0;3.935483870967742;0.0;0.0;0.0;2.0;1.0;0;1;0;0;CASCAVEL;REGIÃO OESTE;55
10980.0;2022-04-30;8.0;15.0;21.0;26.0;621.0;31.0;16.0;8.0;21.0;484.0;31.0;0.0;31.0;757.0;150.0;489.0;4;4;4;4;5;5;4;1;0;0;0;0;0;0;0;0;0;0;0;0;1;0;0;0.0;0.0;0.0;0.0;0.0;0.0;0.0;0.0;0.0;0.0;0.0;0.0;0.0;1.0;0.0;0.0;0.0;0.0;0.0;0.0;0.0;0.0;0.0;0.0;0.0;0.0;0.0;0.0;0.0;0.0;0.0;0.0;0.0;0.0;0.0;4.0;0.0;0.0;0.0;2.0;1.0;0;1;0;0;CASCAVEL;REGIÃO OESTE;56
11253.0;2022-05-31;4.0;8.0;15.0;21.0;469.0;26.0;5.0;4.0;18.0;353.0;26.0;0.0;26.0;585.0;49.0;148.0;5;4;4;5;4;4;5;0;0;0;0;0;0;0;1;0;0;0;0;0;1;0;0;0.0;0.0;0.0;0.0;0.0;0.0;0.0;0.0;0.0;0.0;0.0;0.0;0.0;1.0;0.0;0.0;0.0;0.0;0.0;0.0;0.0;0.0;0.0;0.0;0.0;0.0;0.0;0.0;0.0;0.0;0.0;0.0;0.0;0.0;0.0;4.0;0.0;0.0;0.0;2.0;1.0;0;0;0;0;CASCAVEL;REGIÃO OESTE;57
10620.0;2022-06-30;0.0;7.0;15.0;21.0;445.0;26.0;6.0;0.0;16.0;317.0;26.0;0.0;26.0;573.0;69.0;182.0;4;5;5;4;4;4;4;0;0;0;0;0;0;1;0;0;0;0;0;0;1;0;0;0.0;0.0;0.0;0.0;0.0;0.0;0.0;0.0;0.0;0.0;0.0;0.0;0.0;1.0;0.0;0.0;0.0;0.0;0.0;0.0;0.0;0.0;0.0;0.0;0.0;0.0;0.0;0.0;0.0;0.0;0.0;0.0;0.0;0.0;0.0;4.0;0.0;0.0;0.0;2.0;1.0;0;1;0;0;CASCAVEL;REGIÃO OESTE;58
8897.0;2022-07-31;4.0;10.0;19.0;22.0;585.0;28.0;2.0;4.0;18.0;422.0;28.0;0.0;28.0;747.0;26.0;59.0;5;4;4;4;5;5;4;0;0;0;0;0;1;0;0;0;0;0;0;0;1;0;0;0.0;0.0;0.0;0.0;0.0;0.0;0.0;0.0;0.0;0.0;0.0;0.0;0.0;1.0;0.0;0.0;0.0;0.0;0.0;0.0;0.0;0.0;0.0;0.0;0.0;0.0;0.0;0.0;0.0;0.0;0.0;0.0;0.0;0.0;0.0;4.0;0.0;0.0;0.0;2.0;1.0;0;0;0;0;CASCAVEL;REGIÃO OESTE;59
10850.0;2022-08-31;1.0;7.0;16.0;23.0;508.0;29.0;12.0;1.0;17.0;354.0;29.0;0.0;29.0;661.0;104.0;360.0;4;5;4;5;4;4;5;0;1;0;0;0;0;0;0;0;0;0;0;0;1;0;0;0.0;0.0;0.0;0.0;0.0;0.0;0.0;0.0;0.0;0.0;0.0;0.0;0.0;1.0;0.0;0.0;0.0;0.0;0.0;0.0;0.0;0.0;0.0;0.0;0.0;0.0;0.0;0.0;0.0;0.0;0.0;0.0;0.0;0.0;0.0;4.0;0.0;0.0;0.0;2.0;1.0;0;0;0;0;CASCAVEL;REGIÃO OESTE;60
10560.0;2022-09-30;4.0;11.0;16.0;25.0;492.0;30.0;16.0;4.0;21.0;363.0;30.0;0.0;30.0;622.0;73.0;481.0;4;4;5;4;5;4;4;0;0;0;0;0;0;0;0;0;0;0;1;0;1;0;0;0.0;0.0;0.0;0.0;0.0;0.0;0.0;0.0;0.0;0.0;0.0;0.0;0.0;1.0;0.0;0.0;0.0;0.0;0.0;0.0;0.0;0.0;0.0;0.0;0.0;0.0;0.0;0.0;0.0;0.0;0.0;0.0;0.0;0.0;0.0;4.0;0.0;0.0;0.0;2.0;1.0;0;0;0;0;CASCAVEL;REGIÃO OESTE;61
11346.0;2022-10-31;10.0;14.0;19.0;25.0;593.0;31.0;16.0;10.0;19.0;455.0;31.0;0.0;31.0;731.0;159.0;494.0;5;4;4;5;4;5;4;0;0;0;0;0;0;0;0;0;0;1;0;0;1;0;0;0.0;0.0;0.0;0.0;0.0;0.0;0.0;0.0;0.0;0.0;0.0;0.0;0.0;1.0;0.0;0.0;0.0;0.0;0.0;0.0;0.0;0.0;0.0;0.0;0.0;0.0;0.0;0.0;0.0;0.0;0.0;0.0;0.0;0.0;0.0;4.0;0.0;0.0;0.0;2.0;1.0;0;0;0;0;CASCAVEL;REGIÃO OESTE;62
11880.0;2022-11-30;4.0;11.0;20.0;24.0;595.0;31.0;5.0;4.0;20.0;403.0;31.0;0.0;31.0;787.0;64.0;138.0;4;5;4;4;4;4;5;0;0;0;0;0;0;0;0;0;1;0;0;0;1;0;0;0.0;0.0;0.0;0.0;0.0;0.0;0.0;0.0;0.0;0.0;0.0;0.0;0.0;1.0;0.0;0.0;0.0;0.0;0.0;0.0;0.0;0.0;0.0;0.0;0.0;0.0;0.0;0.0;0.0;0.0;0.0;0.0;0.0;0.0;0.0;4.0;0.0;0.0;0.0;2.0;1.0;0;0;0;0;CASCAVEL;REGIÃO OESTE;63
11966.0;2022-12-31;13.0;21.0;24.0;28.0;735.0;33.0;3.0;13.0;23.0;554.0;33.0;0.0;33.0;916.0;29.0;106.0;4;4;5;4;5;5;4;0;0;1;0;0;0;0;0;0;0;0;0;0;1;0;0;0.0;0.0;0.0;0.0;0.0;0.0;0.0;0.0;0.0;0.0;0.0;0.0;0.0;1.0;0.0;0.0;0.0;0.0;0.0;0.0;0.0;0.0;0.0;0.0;0.0;0.0;0.0;0.0;0.0;0.0;0.0;0.0;0.0;0.0;0.0;4.0;0.0;0.0;0.0;2.0;1.0;0;0;0;0;CASCAVEL;REGIÃO OESTE;64
7161.0;2023-01-31;14.0;20.0;24.0;27.0;732.0;33.0;6.0;14.0;22.0;576.0;33.0;0.0;33.0;888.0;32.0;184.0;5;4;4;5;4;4;5;0;0;0;0;1;0;0;0;0;0;0;0;0;0;1;0;0.0;0.0;0.0;0.0;0.0;0.0;0.0;0.0;0.0;0.0;0.0;0.0;0.0;1.0;0.0;0.0;0.0;0.0;0.0;0.0;0.0;0.0;0.0;0.0;0.0;0.0;0.0;0.0;0.0;0.0;0.0;0.0;0.0;0.0;0.0;4.0;0.0;0.0;0.0;2.0;1.0;31;0;0;0;CASCAVEL;REGIÃO OESTE;65
10500.0;2023-02-28;8.0;15.0;23.0;26.0;631.0;32.0;16.0;8.0;21.0;500.0;32.0;0.0;32.0;761.0;70.0;439.0;4;4;4;4;4;4;4;0;0;0;1;0;0;0;0;0;0;0;0;0;0;1;0;0.0;0.0;0.0;0.0;0.0;0.0;0.0;0.0;0.0;0.0;0.0;0.0;0.0;1.0;0.0;0.0;0.0;0.0;0.0;0.0;0.0;0.0;0.0;0.0;0.0;0.0;0.0;0.0;0.0;0.0;0.0;0.0;0.0;0.0;0.0;4.0;0.0;0.0;0.0;2.0;1.0;0;3;0;0;CASCAVEL;REGIÃO OESTE;66
16709.0;2023-03-31;14.0;20.0;23.0;26.0;727.0;31.0;5.0;14.0;21.0;585.0;31.0;0.0;31.0;869.0;70.0;165.0;4;5;5;4;5;4;4;0;0;0;0;0;0;0;0;1;0;0;0;0;0;1;0;0.0;0.0;0.0;0.0;0.0;0.0;0.0;0.0;0.0;0.0;0.0;0.0;0.0;1.0;0.0;0.0;0.0;0.0;0.0;0.0;0.0;0.0;0.0;0.0;0.0;0.0;0.0;0.0;0.0;0.0;0.0;0.0;0.0;0.0;0.0;4.0;0.0;0.0;0.0;2.0;1.0;0;0;0;0;CASCAVEL;REGIÃO OESTE;67
11130.0;2023-04-30;9.0;14.0;20.0;24.0;601.0;30.0;4.0;9.0;19.0;460.0;30.0;0.0;30.0;741.0;29.0;124.0;5;4;4;4;4;5;4;1;0;0;0;0;0;0;0;0;0;0;0;0;0;1;0;0.0;0.0;0.0;0.0;0.0;0.0;0.0;0.0;0.0;0.0;0.0;0.0;0.0;1.0;0.0;0.0;0.0;0.0;0.0;0.0;0.0;0.0;0.0;0.0;0.0;0.0;0.0;0.0;0.0;0.0;0.0;0.0;0.0;0.0;0.0;4.0;0.0;0.0;0.0;2.0;1.0;0;1;0;0;CASCAVEL;REGIÃO OESTE;68
11439.0;2023-05-31;7.0;13.0;18.0;23.0;568.0;27.0;5.0;7.0;20.0;432.0;27.0;0.0;27.0;703.0;36.0;157.0;4;5;4;5;4;4;5;0;0;0;0;0;0;0;1;0;0;0;0;0;0;1;0;0.0;0.0;0.0;0.0;0.0;0.0;0.0;0.0;0.0;0.0;0.0;0.0;0.0;1.0;0.0;0.0;0.0;0.0;0.0;0.0;0.0;0.0;0.0;0.0;0.0;0.0;0.0;0.0;0.0;0.0;0.0;0.0;0.0;0.0;0.0;4.0;0.0;0.0;0.0;2.0;1.0;0;0;0;0;CASCAVEL;REGIÃO OESTE;69
11430.0;2023-06-30;5.0;7.0;16.0;20.0;492.0;26.0;2.0;5.0;17.0;362.0;26.0;0.0;26.0;622.0;30.0;57.0;4;4;5;4;5;4;4;0;0;0;0;0;0;1;0;0;0;0;0;0;0;1;0;0.0;0.0;0.0;0.0;0.0;0.0;0.0;0.0;0.0;0.0;0.0;0.0;0.0;1.0;0.0;0.0;0.0;0.0;0.0;0.0;0.0;0.0;0.0;0.0;0.0;0.0;0.0;0.0;0.0;0.0;0.0;0.0;0.0;0.0;0.0;4.0;0.0;0.0;0.0;2.0;1.0;0;1;0;0;CASCAVEL;REGIÃO OESTE;70
8153.0;2023-07-31;4.0;8.0;18.0;22.0;544.0;27.0;6.0;4.0;19.0;406.0;27.0;0.0;27.0;681.0;42.0;176.0;5;4;4;5;4;5;4;0;0;0;0;0;1;0;0;0;0;0;0;0;0;1;0;0.0;0.0;0.0;0.0;0.0;0.0;0.0;0.0;0.0;0.0;0.0;0.0;0.0;1.0;0.0;0.0;0.0;0.0;0.0;0.0;0.0;0.0;0.0;0.0;0.0;0.0;0.0;0.0;0.0;0.0;0.0;0.0;0.0;0.0;0.0;4.0;0.0;0.0;0.0;2.0;1.0;15;0;0;0;CASCAVEL;REGIÃO OESTE;71
12524.0;2023-08-31;5.0;11.0;19.0;26.0;592.0;31.0;6.0;5.0;21.0;434.0;31.0;0.0;31.0;750.0;84.0;200.0;4;5;5;4;4;4;5;0;1;0;0;0;0;0;0;0;0;0;0;0;0;1;0;0.0;0.0;0.0;0.0;0.0;0.0;0.0;0.0;0.0;0.0;0.0;0.0;0.0;1.0;0.0;0.0;0.0;0.0;0.0;0.0;0.0;0.0;0.0;0.0;0.0;0.0;0.0;0.0;0.0;0.0;0.0;0.0;0.0;0.0;0.0;4.0;0.0;0.0;0.0;2.0;1.0;0;0;0;0;CASCAVEL;REGIÃO OESTE;72
15060.0;2023-09-30;7.0;13.0;22.0;29.0;659.0;35.0;7.0;7.0;24.0;519.0;35.0;0.0;35.0;798.0;87.0;205.0;4;4;4;4;5;5;4;0;0;0;0;0;0;0;0;0;0;0;1;0;0;1;0;0.0;0.0;0.0;0.0;0.0;0.0;0.0;0.0;0.0;0.0;0.0;0.0;0.0;1.0;0.0;0.0;0.0;0.0;0.0;0.0;0.0;0.0;0.0;0.0;0.0;0.0;0.0;0.0;0.0;0.0;0.0;0.0;0.0;0.0;0.0;4.0;0.0;0.0;0.0;2.0;1.0;0;0;0;0;CASCAVEL;REGIÃO OESTE;73
13702.0;2023-10-31;9.0;14.0;21.0;27.0;660.0;34.0;9.0;9.0;21.0;532.0;34.0;0.0;34.0;788.0;74.0;274.0;5;4;4;5;4;4;5;0;0;0;0;0;0;0;0;0;0;1;0;0;0;1;0;0.0;0.0;0.0;0.0;0.0;0.0;0.0;0.0;0.0;0.0;0.0;0.0;0.0;1.0;0.0;0.0;0.0;0.0;0.0;0.0;0.0;0.0;0.0;0.0;0.0;0.0;0.0;0.0;0.0;0.0;0.0;0.0;0.0;0.0;0.0;4.0;0.0;0.0;0.0;2.0;1.0;0;0;0;0;CASCAVEL;REGIÃO OESTE;74
14070.0;2023-11-30;9.0;14.0;23.0;29.0;679.0;33.0;11.0;9.0;26.0;564.0;33.0;0.0;33.0;795.0;50.0;324.0;4;5;5;4;4;4;4;0;0;0;0;0;0;0;0;0;1;0;0;0;0;1;0;0.0;0.0;0.0;0.0;0.0;0.0;0.0;0.0;0.0;0.0;0.0;0.0;0.0;1.0;0.0;0.0;0.0;0.0;0.0;0.0;0.0;0.0;0.0;0.0;0.0;0.0;0.0;0.0;0.0;0.0;0.0;0.0;0.0;0.0;0.0;4.0;0.0;0.0;0.0;2.0;1.0;0;0;0;0;CASCAVEL;REGIÃO OESTE;75
12059.0;2023-12-31;15.0;20.0;24.0;28.0;748.0;34.0;6.0;15.0;23.0;617.0;34.0;0.0;34.0;879.0;61.0;198.0;5;4;4;4;5;5;4;0;0;1;0;0;0;0;0;0;0;0;0;0;0;1;0;0.0;0.0;0.0;0.0;0.0;0.0;0.0;0.0;0.0;0.0;0.0;0.0;0.0;1.0;0.0;0.0;0.0;0.0;0.0;0.0;0.0;0.0;0.0;0.0;0.0;0.0;0.0;0.0;0.0;0.0;0.0;0.0;0.0;0.0;0.0;4.0;0.0;0.0;0.0;2.0;1.0;0;0;0;0;CASCAVEL;REGIÃO OESTE;76
7192.0;2024-01-31;14.0;20.0;24.0;28.0;752.0;34.0;8.0;14.0;23.0;598.0;34.0;0.0;34.0;905.0;58.0;237.0;4;5;4;5;4;4;5;0;0;0;0;1;0;0;0;0;0;0;0;0;0;0;1;0.0;0.0;0.0;0.0;0.0;0.0;0.0;0.0;0.0;0.0;0.0;0.0;0.0;1.0;0.0;0.0;0.0;0.0;0.0;0.0;0.0;0.0;0.0;0.0;0.0;0.0;0.0;0.0;0.0;0.0;0.0;0.0;0.0;0.0;0.0;3.0;0.0;0.0;0.0;2.0;1.0;31;0;0;0;CASCAVEL;REGIÃO OESTE;77
15747.0;2024-02-29;17.0;22.0;26.0;28.0;740.0;34.0;7.0;17.0;23.0;592.0;34.0;0.0;34.0;889.0;52.0;201.0;4;4;5;4;4;4;4;0;0;0;1;0;0;0;0;0;0;0;0;0;0;0;1;0.0;0.0;0.0;0.0;0.0;0.0;0.0;0.0;0.0;0.0;0.0;0.0;0.0;1.0;0.0;0.0;0.0;0.0;0.0;0.0;0.0;0.0;0.0;0.0;0.0;0.0;0.0;0.0;0.0;0.0;0.0;0.0;0.0;0.0;0.0;3.0;0.0;0.0;0.0;2.0;1.0;0;3;0;0;CASCAVEL;REGIÃO OESTE;78
19499.0;2024-03-31;16.0;21.0;25.0;28.0;761.0;34.0;4.0;16.0;24.0;616.0;34.0;0.0;34.0;907.0;53.0;113.0;5;4;4;4;5;5;4;0;0;0;0;0;0;0;0;1;0;0;0;0;0;0;1;0.0;0.0;0.0;0.0;0.0;0.0;0.0;0.0;0.0;0.0;0.0;0.0;0.0;1.0;0.0;0.0;0.0;0.0;0.0;0.0;0.0;0.0;0.0;0.0;0.0;0.0;0.0;0.0;0.0;0.0;0.0;0.0;0.0;0.0;0.0;3.0;0.0;0.0;0.0;2.0;1.0;0;1;0;0;CASCAVEL;REGIÃO OESTE;79
12330.0;2024-04-30;10.0;17.0;23.0;27.0;686.0;32.0;4.0;10.0;22.0;565.0;32.0;0.0;32.0;806.0;23.0;121.0;4;4;4;5;4;4;5;1;0;0;0;0;0;0;0;0;0;0;0;0;0;0;1;0.0;0.0;0.0;0.0;0.0;0.0;0.0;0.0;0.0;0.0;0.0;0.0;0.0;1.0;0.0;0.0;0.0;0.0;0.0;0.0;0.0;0.0;0.0;0.0;0.0;0.0;0.0;0.0;0.0;0.0;0.0;0.0;0.0;0.0;0.0;3.0;0.0;0.0;0.0;2.0;1.0;0;0;0;0;CASCAVEL;REGIÃO OESTE;80
6696.0;2024-05-31;4.0;8.0;18.0;26.0;546.0;30.0;3.0;4.0;23.0;434.0;30.0;0.0;30.0;658.0;31.0;83.0;4;5;5;4;5;4;4;0;0;0;0;0;0;0;1;0;0;0;0;0;0;0;1;0.0;0.0;0.0;0.0;0.0;0.0;0.0;0.0;0.0;0.0;0.0;0.0;0.0;1.0;0.0;0.0;0.0;0.0;0.0;0.0;0.0;0.0;0.0;0.0;0.0;0.0;0.0;0.0;0.0;0.0;0.0;0.0;0.0;0.0;0.0;3.0;0.0;0.0;0.0;2.0;1.0;0;1;0;30;CASCAVEL;REGIÃO OESTE;81
5490.0;2024-06-30;2.0;7.0;19.0;23.0;577.0;28.0;1.0;2.0;21.0;452.0;28.0;0.0;28.0;702.0;15.0;22.0;5;4;4;4;4;5;4;0;0;0;0;0;0;1;0;0;0;0;0;0;0;0;1;0.0;0.0;0.0;0.0;0.0;0.0;0.0;0.0;0.0;0.0;0.0;0.0;0.0;1.0;0.0;0.0;0.0;0.0;0.0;0.0;0.0;0.0;0.0;0.0;0.0;0.0;0.0;0.0;0.0;0.0;0.0;0.0;0.0;0.0;0.0;3.0;0.0;0.0;0.0;2.0;1.0;0;0;0;30;CASCAVEL;REGIÃO OESTE;82
9672.0;2024-07-31;2.0;7.0;15.0;21.0;474.0;26.0;6.0;2.0;18.0;351.0;26.0;0.0;26.0;597.0;42.0;174.0;4;5;4;5;4;4;5;0;0;0;0;0;1;0;0;0;0;0;0;0;0;0;1;0.0;0.0;0.0;0.0;0.0;0.0;0.0;0.0;0.0;0.0;0.0;0.0;0.0;1.0;0.0;0.0;0.0;0.0;0.0;0.0;0.0;0.0;0.0;0.0;0.0;0.0;0.0;0.0;0.0;0.0;0.0;0.0;0.0;0.0;0.0;3.0;0.0;0.0;0.0;2.0;1.0;12;0;0;0;CASCAVEL;REGIÃO OESTE;83
12555.0;2024-08-31;1.0;7.0;18.0;26.0;554.0;32.0;1.0;1.0;20.0;392.0;32.0;0.0;32.0;716.0;12.0;24.0;4;4;5;4;5;5;4;0;1;0;0;0;0;0;0;0;0;0;0;0;0;0;1;0.0;0.0;0.0;0.0;0.0;0.0;0.0;0.0;0.0;0.0;0.0;0.0;0.0;1.0;0.0;0.0;0.0;0.0;0.0;0.0;0.0;0.0;0.0;0.0;0.0;0.0;0.0;0.0;0.0;0.0;0.0;0.0;0.0;0.0;0.0;3.0;0.0;0.0;0.0;2.0;1.0;0;0;0;0;CASCAVEL;REGIÃO OESTE;84
14460.0;2024-09-30;8.0;15.0;22.0;29.0;657.0;34.0;2.0;8.0;23.0;499.0;34.0;0.0;34.0;815.0;35.0;63.0;5;4;4;5;4;4;4;0;0;0;0;0;0;0;0;0;0;0;1;0;0;0;1;0.0;0.0;0.0;0.0;0.0;0.0;0.0;0.0;0.0;0.0;0.0;0.0;0.0;1.0;0.0;0.0;0.0;0.0;0.0;0.0;0.0;0.0;0.0;0.0;0.0;0.0;0.0;0.0;0.0;0.0;0.0;0.0;0.0;0.0;0.0;3.0;0.0;0.0;0.0;2.0;1.0;0;0;0;0;CASCAVEL;REGIÃO OESTE;85
17825.0;2024-10-31;11.0;19.0;23.0;28.0;700.0;34.0;2.0;11.0;24.0;543.0;34.0;0.0;34.0;857.0;20.0;69.0;4;5;5;4;4;4;5;0;0;0;0;0;0;0;0;0;0;1;0;0;0;0;1;0.0;0.0;0.0;0.0;0.0;0.0;0.0;0.0;0.0;0.0;0.0;0.0;0.0;1.0;0.0;0.0;0.0;0.0;0.0;0.0;0.0;0.0;0.0;0.0;0.0;0.0;0.0;0.0;0.0;0.0;0.0;0.0;0.0;0.0;0.0;3.0;0.0;0.0;0.0;2.0;1.0;0;0;0;0;CASCAVEL;REGIÃO OESTE;86
2039.0;2017-08-31;2.0;9.0;16.0;21.0;487.0;28.0;6.0;2.0;14.0;287.0;28.0;0.0;28.0;687.0;69.0;179.0;4;5;5;4;4;4;5;0;1;0;0;0;0;0;0;0;0;0;0;0;0;0;0;0.0;0.0;1.0;0.0;0.0;0.0;0.0;0.0;0.0;0.0;0.0;0.0;0.0;0.0;0.0;1.0;0.0;0.0;0.0;0.0;0.0;0.0;0.0;0.0;0.0;0.0;0.0;0.0;0.0;0.0;0.0;0.0;0.0;0.0;0.0;1.0;0.0;0.0;0.0;0.0;0.0;0;0;0;0;CORONEL VIVIDA;REGIÃO SUL;1
2121.0;2017-09-30;11.0;16.0;20.0;23.0;598.0;33.0;2.0;11.0;16.0;388.0;33.0;0.0;33.0;809.0;29.0;62.0;4;4;4;4;5;5;4;0;0;0;0;0;0;0;0;0;0;0;1;0;0;0;0;0.0;0.0;1.0;0.0;0.0;0.0;0.0;0.0;0.0;0.0;0.0;0.0;0.0;0.0;0.0;1.0;0.0;0.0;0.0;0.0;0.0;0.0;0.0;0.0;0.0;0.0;0.0;0.0;0.0;0.0;0.0;0.0;0.0;0.0;0.0;1.0;0.0;0.0;0.0;0.0;0.0;0;0;0;0;CORONEL VIVIDA;REGIÃO SUL;2
2100.0;2017-10-31;5.0;13.0;18.0;24.0;552.0;31.0;23.0;5.0;17.0;383.0;31.0;0.0;31.0;720.0;114.0;725.0;5;4;4;5;4;4;5;0;0;0;0;0;0;0;0;0;0;1;0;0;0;0;0;0.0;0.0;1.0;0.0;0.0;0.0;0.0;0.0;0.0;0.0;0.0;0.0;0.0;0.0;0.0;1.0;0.0;0.0;0.0;0.0;0.0;0.0;0.0;0.0;0.0;0.0;0.0;0.0;0.0;0.0;0.0;0.0;0.0;0.0;0.0;1.0;0.0;0.0;0.0;0.0;0.0;0;0;0;0;CORONEL VIVIDA;REGIÃO SUL;3
2010.0;2017-11-30;7.0;14.0;18.0;21.0;546.0;30.0;9.0;7.0;15.0;356.0;30.0;0.0;30.0;736.0;93.0;265.0;4;5;5;4;4;4;4;0;0;0;0;0;0;0;0;0;1;0;0;0;0;0;0;0.0;0.0;1.0;0.0;0.0;0.0;0.0;0.0;0.0;0.0;0.0;0.0;0.0;0.0;0.0;1.0;0.0;0.0;0.0;0.0;0.0;0.0;0.0;0.0;0.0;0.0;0.0;0.0;0.0;0.0;0.0;0.0;0.0;0.0;0.0;1.0;0.0;0.0;0.0;0.0;0.0;0;0;0;0;CORONEL VIVIDA;REGIÃO SUL;4
2240.0;2017-12-31;12.0;18.0;22.0;24.0;670.0;33.0;5.0;12.0;21.0;495.0;33.0;0.0;33.0;845.0;37.0;142.0;5;4;4;4;5;5;4;0;0;1;0;0;0;0;0;0;0;0;0;0;0;0;0;0.0;0.0;1.0;0.0;0.0;0.0;0.0;0.0;0.0;0.0;0.0;0.0;0.0;0.0;0.0;1.0;0.0;0.0;0.0;0.0;0.0;0.0;0.0;0.0;0.0;0.0;0.0;0.0;0.0;0.0;0.0;0.0;0.0;0.0;0.0;1.0;0.0;0.0;0.0;0.0;0.0;0;0;0;0;CORONEL VIVIDA;REGIÃO SUL;5
1541.0;2018-01-31;13.0;19.0;21.0;23.0;661.0;30.0;5.0;13.0;19.0;512.0;30.0;0.0;30.0;809.0;42.0;154.0;4;5;4;5;4;4;5;0;0;0;0;1;0;0;0;0;0;0;0;0;0;0;0;0.0;0.0;0.0;1.0;0.0;0.0;0.0;0.0;0.0;0.0;0.0;0.0;0.0;0.0;0.0;1.0;0.0;0.0;0.0;0.0;0.0;0.0;0.0;0.0;0.0;0.0;0.0;0.0;0.0;0.0;0.0;0.0;0.0;0.0;0.0;1.0;0.0;0.0;0.0;0.0;0.0;31;0;0;0;CORONEL VIVIDA;REGIÃO SUL;6
1956.0;2018-02-28;11.0;17.0;20.0;23.0;566.0;29.0;3.0;11.0;18.0;412.0;29.0;0.0;29.0;720.0;47.0;87.0;4;4;4;4;4;4;4;0;0;0;1;0;0;0;0;0;0;0;0;0;0;0;0;0.0;0.0;0.0;1.0;0.0;0.0;0.0;0.0;0.0;0.0;0.0;0.0;0.0;0.0;0.0;1.0;0.0;0.0;0.0;0.0;0.0;0.0;0.0;0.0;0.0;0.0;0.0;0.0;0.0;0.0;0.0;0.0;0.0;0.0;0.0;1.8214285714285714;0.0;0.0;0.0;0.0;0.0;0;3;0;0;CORONEL VIVIDA;REGIÃO SUL;7
3592.0;2018-03-31;11.0;17.0;21.0;25.0;646.0;30.0;7.0;11.0;19.0;494.0;30.0;0.0;30.0;799.0;49.0;215.0;4;4;5;4;5;5;4;0;0;0;0;0;0;0;0;1;0;0;0;0;0;0;0;0.0;0.0;0.0;1.0;0.0;0.0;0.0;0.0;0.0;0.0;0.0;0.0;0.0;0.0;0.0;1.0;0.0;0.0;0.0;0.0;0.0;0.0;0.0;0.0;0.0;0.0;0.0;0.0;0.0;0.0;0.0;0.0;0.0;0.0;0.0;2.0;0.0;0.0;0.0;0.0;0.0;0;1;0;0;CORONEL VIVIDA;REGIÃO SUL;8
2610.0;2018-04-30;10.0;16.0;19.0;22.0;583.0;28.0;1.0;10.0;17.0;402.0;28.0;0.0;28.0;765.0;16.0;37.0;5;4;4;5;4;4;4;1;0;0;0;0;0;0;0;0;0;0;0;0;0;0;0;0.0;0.0;0.0;1.0;0.0;0.0;0.0;0.0;0.0;0.0;0.0;0.0;0.0;0.0;0.0;1.0;0.0;0.0;0.0;0.0;0.0;0.0;0.0;0.0;0.0;0.0;0.0;0.0;0.0;0.0;0.0;0.0;0.0;0.0;0.0;2.0;0.0;0.0;0.0;0.0;0.0;0;0;0;0;CORONEL VIVIDA;REGIÃO SUL;9
2398.0;2018-05-31;2.0;6.0;15.0;21.0;463.0;27.0;4.0;2.0;15.0;308.0;27.0;0.0;27.0;618.0;75.0;133.0;4;5;5;4;4;4;5;0;0;0;0;0;0;0;1;0;0;0;0;0;0;0;0;0.0;0.0;0.0;1.0;0.0;0.0;0.0;0.0;0.0;0.0;0.0;0.0;0.0;0.0;0.0;1.0;0.0;0.0;0.0;0.0;0.0;0.0;0.0;0.0;0.0;0.0;0.0;0.0;0.0;0.0;0.0;0.0;0.0;0.0;0.0;2.0;0.0;0.0;0.0;0.0;0.0;0;1;0;0;CORONEL VIVIDA;REGIÃO SUL;10
2157.0;2018-06-30;-1.0;5.0;13.0;21.0;387.0;25.0;4.0;-1.0;16.0;248.0;25.0;0.0;25.0;527.0;42.0;129.0;4;4;4;4;5;5;4;0;0;0;0;0;0;1;0;0;0;0;0;0;0;0;0;0.0;0.0;0.0;1.0;0.0;0.0;0.0;0.0;0.0;0.0;0.0;0.0;0.0;0.0;0.0;1.0;0.0;0.0;0.0;0.0;0.0;0.0;0.0;0.0;0.0;0.0;0.0;0.0;0.0;0.0;0.0;0.0;0.0;0.0;0.0;2.0;0.0;0.0;0.0;0.0;0.0;0;0;0;0;CORONEL VIVIDA;REGIÃO SUL;11
2002.0;2018-07-31;-0.0;4.0;14.0;20.0;438.0;27.0;0.0;-0.0;12.0;253.0;27.0;0.0;27.0;622.0;4.0;8.0;5;4;4;5;4;4;5;0;0;0;0;0;1;0;0;0;0;0;0;0;0;0;0;0.0;0.0;0.0;1.0;0.0;0.0;0.0;0.0;0.0;0.0;0.0;0.0;0.0;0.0;0.0;1.0;0.0;0.0;0.0;0.0;0.0;0.0;0.0;0.0;0.0;0.0;0.0;0.0;0.0;0.0;0.0;0.0;0.0;0.0;0.0;2.0;0.0;0.0;0.0;0.0;0.0;16;0;0;0;CORONEL VIVIDA;REGIÃO SUL;12
2526.0;2018-08-31;-1.0;7.0;13.0;19.0;401.0;28.0;4.0;-1.0;13.0;204.0;28.0;0.0;28.0;598.0;31.0;112.0;4;5;5;4;5;4;4;0;1;0;0;0;0;0;0;0;0;0;0;0;0;0;0;0.0;0.0;0.0;1.0;0.0;0.0;0.0;0.0;0.0;0.0;0.0;0.0;0.0;0.0;0.0;1.0;0.0;0.0;0.0;0.0;0.0;0.0;0.0;0.0;0.0;0.0;0.0;0.0;0.0;0.0;0.0;0.0;0.0;0.0;0.0;2.0;0.0;0.0;0.0;0.0;0.0;0;0;0;0;CORONEL VIVIDA;REGIÃO SUL;13
2200.0;2018-09-30;4.0;11.0;17.0;22.0;505.0;30.0;11.0;4.0;15.0;337.0;30.0;0.0;30.0;673.0;116.0;342.0;5;4;4;4;4;5;4;0;0;0;0;0;0;0;0;0;0;0;1;0;0;0;0;0.0;0.0;0.0;1.0;0.0;0.0;0.0;0.0;0.0;0.0;0.0;0.0;0.0;0.0;0.0;1.0;0.0;0.0;0.0;0.0;0.0;0.0;0.0;0.0;0.0;0.0;0.0;0.0;0.0;0.0;0.0;0.0;0.0;0.0;0.0;2.0;0.0;0.0;0.0;0.0;0.0;0;0;0;0;CORONEL VIVIDA;REGIÃO SUL;14
2157.0;2018-10-31;8.0;13.0;18.0;21.0;547.0;29.0;8.0;8.0;17.0;407.0;29.0;0.0;29.0;686.0;60.0;250.0;4;5;4;5;4;4;5;0;0;0;0;0;0;0;0;0;0;1;0;0;0;0;0;0.0;0.0;0.0;1.0;0.0;0.0;0.0;0.0;0.0;0.0;0.0;0.0;0.0;0.0;0.0;1.0;0.0;0.0;0.0;0.0;0.0;0.0;0.0;0.0;0.0;0.0;0.0;0.0;0.0;0.0;0.0;0.0;0.0;0.0;0.0;2.0;0.0;0.0;0.0;0.0;0.0;0;0;0;0;CORONEL VIVIDA;REGIÃO SUL;15
2356.0;2018-11-30;11.0;17.0;20.0;25.0;602.0;31.0;3.0;11.0;19.0;427.0;31.0;0.0;31.0;778.0;20.0;79.0;4;4;5;4;5;4;4;0;0;0;0;0;0;0;0;0;1;0;0;0;0;0;0;0.0;0.0;0.0;1.0;0.0;0.0;0.0;0.0;0.0;0.0;0.0;0.0;0.0;0.0;0.0;1.0;0.0;0.0;0.0;0.0;0.0;0.0;0.0;0.0;0.0;0.0;0.0;0.0;0.0;0.0;0.0;0.0;0.0;0.0;0.0;2.0;0.0;0.0;0.0;0.0;0.0;0;0;0;0;CORONEL VIVIDA;REGIÃO SUL;16
2576.0;2018-12-31;9.0;17.0;22.0;25.0;681.0;33.0;2.0;9.0;19.0;469.0;33.0;0.0;33.0;893.0;13.0;68.0;5;4;4;5;4;5;4;0;0;1;0;0;0;0;0;0;0;0;0;0;0;0;0;0.0;0.0;0.0;1.0;0.0;0.0;0.0;0.0;0.0;0.0;0.0;0.0;0.0;0.0;0.0;1.0;0.0;0.0;0.0;0.0;0.0;0.0;0.0;0.0;0.0;0.0;0.0;0.0;0.0;0.0;0.0;0.0;0.0;0.0;0.0;2.0;0.0;0.0;0.0;0.0;0.0;0;0;0;0;CORONEL VIVIDA;REGIÃO SUL;17
2174.0;2019-01-31;16.0;20.0;23.0;25.0;723.0;33.0;6.0;16.0;20.0;549.0;33.0;0.0;33.0;896.0;41.0;178.0;4;5;5;4;4;4;5;0;0;0;0;1;0;0;0;0;0;0;0;0;0;0;0;0.0;0.0;0.0;0.0;1.0;0.0;0.0;0.0;0.0;0.0;0.0;0.0;0.0;0.0;0.0;1.0;0.0;0.0;0.0;0.0;0.0;0.0;0.0;0.0;0.0;0.0;0.0;0.0;0.0;0.0;0.0;0.0;0.0;0.0;0.0;2.0;0.0;0.0;0.0;0.0;0.0;31;0;0;0;CORONEL VIVIDA;REGIÃO SUL;18
2500.0;2019-02-28;13.0;17.0;21.0;25.0;593.0;32.0;6.0;13.0;19.0;453.0;32.0;0.0;32.0;734.0;37.0;162.0;4;4;4;4;4;4;4;0;0;0;1;0;0;0;0;0;0;0;0;0;0;0;0;0.0;0.0;0.0;0.0;1.0;0.0;0.0;0.0;0.0;0.0;0.0;0.0;0.0;0.0;0.0;1.0;0.0;0.0;0.0;0.0;0.0;0.0;0.0;0.0;0.0;0.0;0.0;0.0;0.0;0.0;0.0;0.0;0.0;0.0;0.0;2.0;0.0;0.0;0.0;0.0;0.0;0;0;0;0;CORONEL VIVIDA;REGIÃO SUL;19
2492.0;2019-03-31;13.0;17.0;21.0;23.0;637.0;29.0;4.0;13.0;18.0;482.0;29.0;0.0;29.0;793.0;34.0;119.0;5;4;4;4;5;5;4;0;0;0;0;0;0;0;0;1;0;0;0;0;0;0;0;0.0;0.0;0.0;0.0;1.0;0.0;0.0;0.0;0.0;0.0;0.0;0.0;0.0;0.0;0.0;1.0;0.0;0.0;0.0;0.0;0.0;0.0;0.0;0.0;0.0;0.0;0.0;0.0;0.0;0.0;0.0;0.0;0.0;0.0;0.0;2.0;0.0;0.0;0.0;0.0;0.0;0;3;0;0;CORONEL VIVIDA;REGIÃO SUL;20
2466.0;2019-04-30;8.0;16.0;19.0;21.0;567.0;27.0;3.0;8.0;17.0;419.0;27.0;0.0;27.0;714.0;33.0;95.0;4;4;4;5;4;4;5;1;0;0;0;0;0;0;0;0;0;0;0;0;0;0;0;0.0;0.0;0.0;0.0;1.0;0.0;0.0;0.0;0.0;0.0;0.0;0.0;0.0;0.0;0.0;1.0;0.0;0.0;0.0;0.0;0.0;0.0;0.0;0.0;0.0;0.0;0.0;0.0;0.0;0.0;0.0;0.0;0.0;0.0;0.0;2.0;0.0;0.0;0.0;0.0;0.0;0;1;0;0;CORONEL VIVIDA;REGIÃO SUL;21
2378.0;2019-05-31;7.0;12.0;17.0;22.0;522.0;27.0;9.0;7.0;16.0;400.0;27.0;0.0;27.0;644.0;90.0;272.0;4;5;5;4;5;4;4;0;0;0;0;0;0;0;1;0;0;0;0;0;0;0;0;0.0;0.0;0.0;0.0;1.0;0.0;0.0;0.0;0.0;0.0;0.0;0.0;0.0;0.0;0.0;1.0;0.0;0.0;0.0;0.0;0.0;0.0;0.0;0.0;0.0;0.0;0.0;0.0;0.0;0.0;0.0;0.0;0.0;0.0;0.0;2.0;0.0;0.0;0.0;0.0;0.0;0;0;0;0;CORONEL VIVIDA;REGIÃO SUL;22
2156.0;2019-06-30;4.0;11.0;16.0;21.0;481.0;26.0;1.0;4.0;15.0;313.0;26.0;0.0;26.0;648.0;25.0;31.0;5;4;4;4;4;5;4;0;0;0;0;0;0;1;0;0;0;0;0;0;0;0;0;0.0;0.0;0.0;0.0;1.0;0.0;0.0;0.0;0.0;0.0;0.0;0.0;0.0;0.0;0.0;1.0;0.0;0.0;0.0;0.0;0.0;0.0;0.0;0.0;0.0;0.0;0.0;0.0;0.0;0.0;0.0;0.0;0.0;0.0;0.0;2.0;0.0;0.0;0.0;0.0;0.0;0;1;0;0;CORONEL VIVIDA;REGIÃO SUL;23
1824.0;2019-07-31;-5.0;3.0;13.0;18.0;401.0;24.0;1.0;-5.0;12.0;211.0;24.0;0.0;24.0;591.0;11.0;30.0;4;5;4;5;4;4;5;0;0;0;0;0;1;0;0;0;0;0;0;0;0;0;0;0.0;0.0;0.0;0.0;1.0;0.0;0.0;0.0;0.0;0.0;0.0;0.0;0.0;0.0;0.0;1.0;0.0;0.0;0.0;0.0;0.0;0.0;0.0;0.0;0.0;0.0;0.0;0.0;0.0;0.0;0.0;0.0;0.0;0.0;0.0;2.0;0.0;0.0;0.0;0.0;0.0;16;0;0;0;CORONEL VIVIDA;REGIÃO SUL;24
2204.0;2019-08-31;-2.0;6.0;14.0;20.0;449.0;29.0;0.0;-2.0;14.0;236.0;29.0;0.0;29.0;662.0;7.0;12.0;4;4;5;4;5;5;4;0;1;0;0;0;0;0;0;0;0;0;0;0;0;0;0;0.0;0.0;0.0;0.0;1.0;0.0;0.0;0.0;0.0;0.0;0.0;0.0;0.0;0.0;0.0;1.0;0.0;0.0;0.0;0.0;0.0;0.0;0.0;0.0;0.0;0.0;0.0;0.0;0.0;0.0;0.0;0.0;0.0;0.0;0.0;2.0;0.0;0.0;0.0;0.0;0.0;0;0;0;0;CORONEL VIVIDA;REGIÃO SUL;25
2184.0;2019-09-30;6.0;12.0;18.0;24.0;532.0;32.0;2.0;6.0;17.0;348.0;32.0;0.0;32.0;716.0;19.0;59.0;5;4;4;5;4;4;4;0;0;0;0;0;0;0;0;0;0;0;1;0;0;0;0;0.0;0.0;0.0;0.0;1.0;0.0;0.0;0.0;0.0;0.0;0.0;0.0;0.0;0.0;0.0;1.0;0.0;0.0;0.0;0.0;0.0;0.0;0.0;0.0;0.0;0.0;0.0;0.0;0.0;0.0;0.0;0.0;0.0;0.0;0.0;2.0;0.0;0.0;0.0;0.0;0.0;0;0;0;0;CORONEL VIVIDA;REGIÃO SUL;26
2439.0;2019-10-31;11.0;15.0;20.0;25.0;630.0;34.0;3.0;11.0;17.0;437.0;34.0;0.0;34.0;824.0;26.0;102.0;4;5;5;4;4;4;5;0;0;0;0;0;0;0;0;0;0;1;0;0;0;0;0;0.0;0.0;0.0;0.0;1.0;0.0;0.0;0.0;0.0;0.0;0.0;0.0;0.0;0.0;0.0;1.0;0.0;0.0;0.0;0.0;0.0;0.0;0.0;0.0;0.0;0.0;0.0;0.0;0.0;0.0;0.0;0.0;0.0;0.0;0.0;2.0;0.0;0.0;0.0;0.0;0.0;0;0;0;0;CORONEL VIVIDA;REGIÃO SUL;27
2442.0;2019-11-30;11.0;17.0;21.0;24.0;619.0;31.0;7.0;11.0;17.0;440.0;31.0;0.0;31.0;797.0;64.0;209.0;4;4;4;4;5;5;4;0;0;0;0;0;0;0;0;0;1;0;0;0;0;0;0;0.0;0.0;0.0;0.0;1.0;0.0;0.0;0.0;0.0;0.0;0.0;0.0;0.0;0.0;0.0;1.0;0.0;0.0;0.0;0.0;0.0;0.0;0.0;0.0;0.0;0.0;0.0;0.0;0.0;0.0;0.0;0.0;0.0;0.0;0.0;2.0;0.0;0.0;0.0;0.0;0.0;0;0;0;0;CORONEL VIVIDA;REGIÃO SUL;28
1793.0;2019-12-31;12.0;17.0;21.0;25.0;650.0;32.0;4.0;12.0;18.0;468.0;32.0;0.0;32.0;832.0;54.0;139.0;5;4;4;5;4;4;5;0;0;1;0;0;0;0;0;0;0;0;0;0;0;0;0;0.0;0.0;0.0;0.0;1.0;0.0;0.0;0.0;0.0;0.0;0.0;0.0;0.0;0.0;0.0;1.0;0.0;0.0;0.0;0.0;0.0;0.0;0.0;0.0;0.0;0.0;0.0;0.0;0.0;0.0;0.0;0.0;0.0;0.0;0.0;2.0;0.0;0.0;0.0;0.0;0.0;0;0;0;0;CORONEL VIVIDA;REGIÃO SUL;29
1911.0;2020-01-31;12.0;17.0;22.0;25.0;672.0;30.0;3.0;12.0;19.0;509.0;30.0;0.0;30.0;834.0;52.0;102.0;4;5;5;4;5;4;4;0;0;0;0;1;0;0;0;0;0;0;0;0;0;0;0;0.0;0.0;0.0;0.0;0.0;1.0;0.0;0.0;0.0;0.0;0.0;0.0;0.0;0.0;0.0;1.0;0.0;0.0;0.0;0.0;0.0;0.0;0.0;0.0;0.0;0.0;0.0;0.0;0.0;0.0;0.0;0.0;0.0;0.0;0.0;2.0;0.0;0.0;0.0;0.0;0.0;31;0;0;0;CORONEL VIVIDA;REGIÃO SUL;30
2670.0;2020-02-29;10.0;17.0;21.0;25.0;614.0;31.0;5.0;10.0;18.0;451.0;31.0;0.0;31.0;777.0;79.0;139.0;4;4;4;4;4;5;4;0;0;0;1;0;0;0;0;0;0;0;0;0;0;0;0;0.0;0.0;0.0;0.0;0.0;1.0;0.0;0.0;0.0;0.0;0.0;0.0;0.0;0.0;0.0;1.0;0.0;0.0;0.0;0.0;0.0;0.0;0.0;0.0;0.0;0.0;0.0;0.0;0.0;0.0;0.0;0.0;0.0;0.0;0.0;2.0;0.0;0.0;0.0;0.0;0.0;0;3;0;0;CORONEL VIVIDA;REGIÃO SUL;31
2408.0;2020-03-31;11.0;18.0;21.0;24.0;648.0;32.0;1.0;11.0;19.0;438.0;32.0;0.0;32.0;857.0;20.0;44.0;5;4;4;5;4;4;5;0;0;0;0;0;0;0;0;1;0;0;0;0;0;0;0;0.0;0.0;0.0;0.0;0.0;1.0;0.0;0.0;0.0;0.0;0.0;0.0;0.0;0.0;0.0;1.0;0.0;0.0;0.0;0.0;0.0;0.0;0.0;0.0;0.0;0.0;0.0;0.0;0.0;0.0;0.0;0.0;0.0;0.0;0.0;2.0;0.0;0.0;0.0;0.0;0.0;0;0;15;0;CORONEL VIVIDA;REGIÃO SUL;32
1104.0;2020-04-30;2.0;11.0;17.0;23.0;502.0;30.0;1.0;2.0;17.0;283.0;30.0;0.0;30.0;722.0;29.0;44.0;4;5;5;4;4;4;4;1;0;0;0;0;0;0;0;0;0;0;0;0;0;0;0;0.0;0.0;0.0;0.0;0.0;1.0;0.0;0.0;0.0;0.0;0.0;0.0;0.0;0.0;0.0;1.0;0.0;0.0;0.0;0.0;0.0;0.0;0.0;0.0;0.0;0.0;0.0;0.0;0.0;0.0;0.0;0.0;0.0;0.0;0.0;2.0;0.0;0.0;0.0;0.0;0.0;0;1;30;0;CORONEL VIVIDA;REGIÃO SUL;33
1687.0;2020-05-31;1.0;8.0;14.0;18.0;430.0;26.0;9.0;1.0;14.0;220.0;26.0;0.0;26.0;641.0;121.0;293.0;5;4;4;4;5;5;4;0;0;0;0;0;0;0;1;0;0;0;0;0;0;0;0;0.0;0.0;0.0;0.0;0.0;1.0;0.0;0.0;0.0;0.0;0.0;0.0;0.0;0.0;0.0;1.0;0.0;0.0;0.0;0.0;0.0;0.0;0.0;0.0;0.0;0.0;0.0;0.0;0.0;0.0;0.0;0.0;0.0;0.0;0.0;2.0;0.0;0.0;0.0;0.0;0.0;0;0;31;0;CORONEL VIVIDA;REGIÃO SUL;34
1910.0;2020-06-30;4.0;8.0;15.0;21.0;459.0;26.0;7.0;4.0;17.0;320.0;26.0;0.0;26.0;598.0;44.0;204.0;4;4;4;5;4;4;5;0;0;0;0;0;0;1;0;0;0;0;0;0;0;0;0;0.0;0.0;0.0;0.0;0.0;1.0;0.0;0.0;0.0;0.0;0.0;0.0;0.0;0.0;0.0;1.0;0.0;0.0;0.0;0.0;0.0;0.0;0.0;0.0;0.0;0.0;0.0;0.0;0.0;0.0;0.0;0.0;0.0;0.0;0.0;2.0;0.0;0.0;0.0;0.0;0.0;0;1;30;0;CORONEL VIVIDA;REGIÃO SUL;35
1919.0;2020-07-31;-0.0;7.0;14.0;20.0;442.0;25.0;4.0;-0.0;16.0;291.0;25.0;0.0;25.0;593.0;80.0;122.0;4;5;5;4;5;4;4;0;0;0;0;0;1;0;0;0;0;0;0;0;0;0;0;0.0;0.0;0.0;0.0;0.0;1.0;0.0;0.0;0.0;0.0;0.0;0.0;0.0;0.0;0.0;1.0;0.0;0.0;0.0;0.0;0.0;0.0;0.0;0.0;0.0;0.0;0.0;0.0;0.0;0.0;0.0;0.0;0.0;0.0;0.0;2.0;0.0;0.0;0.0;0.0;0.0;0;0;31;0;CORONEL VIVIDA;REGIÃO SUL;36
1887.0;2020-08-31;-2.0;3.0;16.0;23.0;504.0;29.0;9.0;-2.0;18.0;340.0;29.0;0.0;29.0;667.0;93.0;289.0;5;4;4;5;4;5;4;0;1;0;0;0;0;0;0;0;0;0;0;0;0;0;0;0.0;0.0;0.0;0.0;0.0;1.0;0.0;0.0;0.0;0.0;0.0;0.0;0.0;0.0;0.0;1.0;0.0;0.0;0.0;0.0;0.0;0.0;0.0;0.0;0.0;0.0;0.0;0.0;0.0;0.0;0.0;0.0;0.0;0.0;0.0;2.0;0.0;0.0;0.0;0.0;0.0;0;0;31;0;CORONEL VIVIDA;REGIÃO SUL;37
1824.0;2020-09-30;7.0;13.0;20.0;28.0;607.0;34.0;3.0;7.0;21.0;436.0;34.0;0.0;34.0;778.0;52.0;105.0;4;5;4;4;4;4;5;0;0;0;0;0;0;0;0;0;0;0;1;0;0;0;0;0.0;0.0;0.0;0.0;0.0;1.0;0.0;0.0;0.0;0.0;0.0;0.0;0.0;0.0;0.0;1.0;0.0;0.0;0.0;0.0;0.0;0.0;0.0;0.0;0.0;0.0;0.0;0.0;0.0;0.0;0.0;0.0;0.0;0.0;0.0;2.0;0.0;0.0;0.0;0.0;0.0;0;0;30;0;CORONEL VIVIDA;REGIÃO SUL;38
2211.0;2020-10-31;8.0;15.0;21.0;29.0;661.0;34.0;3.0;8.0;24.0;481.0;34.0;0.0;34.0;840.0;29.0;87.0;4;4;5;4;5;5;4;0;0;0;0;0;0;0;0;0;0;1;0;0;0;0;0;0.0;0.0;0.0;0.0;0.0;1.0;0.0;0.0;0.0;0.0;0.0;0.0;0.0;0.0;0.0;1.0;0.0;0.0;0.0;0.0;0.0;0.0;0.0;0.0;0.0;0.0;0.0;0.0;0.0;0.0;0.0;0.0;0.0;0.0;0.0;2.0;0.0;0.0;0.0;0.0;0.0;0;0;31;0;CORONEL VIVIDA;REGIÃO SUL;39
1986.0;2020-11-30;8.0;16.0;21.0;26.0;619.0;33.0;3.0;8.0;20.0;440.0;33.0;0.0;33.0;799.0;19.0;84.0;5;4;4;5;4;4;4;0;0;0;0;0;0;0;0;0;1;0;0;0;0;0;0;0.0;0.0;0.0;0.0;0.0;1.0;0.0;0.0;0.0;0.0;0.0;0.0;0.0;0.0;0.0;1.0;0.0;0.0;0.0;0.0;0.0;0.0;0.0;0.0;0.0;0.0;0.0;0.0;0.0;0.0;0.0;0.0;0.0;0.0;0.0;2.0;0.0;0.0;0.0;0.0;0.0;0;0;30;0;CORONEL VIVIDA;REGIÃO SUL;40
2264.0;2020-12-31;13.0;18.0;22.0;24.0;675.0;30.0;7.0;13.0;19.0;513.0;30.0;0.0;30.0;837.0;129.0;229.0;4;5;5;4;4;4;5;0;0;1;0;0;0;0;0;0;0;0;0;0;0;0;0;0.0;0.0;0.0;0.0;0.0;1.0;0.0;0.0;0.0;0.0;0.0;0.0;0.0;0.0;0.0;1.0;0.0;0.0;0.0;0.0;0.0;0.0;0.0;0.0;0.0;0.0;0.0;0.0;0.0;0.0;0.0;0.0;0.0;0.0;0.0;2.0;0.0;0.0;0.0;0.0;0.0;0;0;31;0;CORONEL VIVIDA;REGIÃO SUL;41
1904.0;2021-01-31;15.0;18.0;22.0;24.0;670.0;30.0;7.0;15.0;21.0;544.0;30.0;0.0;30.0;796.0;35.0;212.0;5;4;4;4;5;5;4;0;0;0;0;1;0;0;0;0;0;0;0;1;0;0;0;0.0;0.0;0.0;0.0;0.0;0.0;0.0;0.0;0.0;0.0;0.0;0.0;0.0;0.0;0.0;1.0;0.0;0.0;0.0;0.0;0.0;0.0;0.0;0.0;0.0;0.0;0.0;0.0;0.0;0.0;0.0;0.0;0.0;0.0;0.0;2.0;0.0;0.0;0.0;0.0;0.0;0;0;31;0;CORONEL VIVIDA;REGIÃO SUL;42
1240.0;2021-02-28;12.0;18.0;22.0;27.0;625.0;32.0;1.0;12.0;22.0;479.0;32.0;0.0;32.0;770.0;16.0;32.0;4;4;4;4;4;4;4;0;0;0;1;0;0;0;0;0;0;0;0;1;0;0;0;0.0;0.0;0.0;0.0;0.0;0.0;0.0;0.0;0.0;0.0;0.0;0.0;0.0;0.0;0.0;1.0;0.0;0.0;0.0;0.0;0.0;0.0;0.0;0.0;0.0;0.0;0.0;0.0;0.0;0.0;0.0;0.0;0.0;0.0;0.0;2.0;0.0;0.0;0.0;0.0;0.0;0;3;28;0;CORONEL VIVIDA;REGIÃO SUL;43
1396.0;2021-03-31;12.0;17.0;23.0;27.0;704.0;33.0;2.0;12.0;21.0;548.0;33.0;0.0;33.0;860.0;17.0;77.0;4;5;4;5;4;4;5;0;0;0;0;0;0;0;0;1;0;0;0;1;0;0;0;0.0;0.0;0.0;0.0;0.0;0.0;0.0;0.0;0.0;0.0;0.0;0.0;0.0;0.0;0.0;1.0;0.0;0.0;0.0;0.0;0.0;0.0;0.0;0.0;0.0;0.0;0.0;0.0;0.0;0.0;0.0;0.0;0.0;0.0;0.0;2.0;0.0;0.0;0.0;0.0;0.0;0;0;31;0;CORONEL VIVIDA;REGIÃO SUL;44
1206.0;2021-04-30;7.0;15.0;20.0;24.0;591.0;29.0;0.0;7.0;20.0;436.0;29.0;0.0;29.0;746.0;5.0;8.0;4;4;5;4;5;4;4;1;0;0;0;0;0;0;0;0;0;0;0;1;0;0;0;0.0;0.0;0.0;0.0;0.0;0.0;0.0;0.0;0.0;0.0;0.0;0.0;0.0;0.0;0.0;1.0;0.0;0.0;0.0;0.0;0.0;0.0;0.0;0.0;0.0;0.0;0.0;0.0;0.0;0.0;0.0;0.0;0.0;0.0;0.0;2.0;0.0;0.0;0.0;0.0;0.0;0;1;30;0;CORONEL VIVIDA;REGIÃO SUL;45
1307.0;2021-05-31;5.0;11.0;17.0;23.0;530.0;28.0;3.0;5.0;19.0;376.0;28.0;0.0;28.0;683.0;56.0;86.0;5;4;4;5;4;5;4;0;0;0;0;0;0;0;1;0;0;0;0;1;0;0;0;0.0;0.0;0.0;0.0;0.0;0.0;0.0;0.0;0.0;0.0;0.0;0.0;0.0;0.0;0.0;1.0;0.0;0.0;0.0;0.0;0.0;0.0;0.0;0.0;0.0;0.0;0.0;0.0;0.0;0.0;0.0;0.0;0.0;0.0;0.0;2.0;0.0;0.0;0.0;0.0;0.0;0;0;31;0;CORONEL VIVIDA;REGIÃO SUL;46
1342.0;2021-06-30;-1.0;4.0;14.0;22.0;430.0;27.0;5.0;-1.0;18.0;309.0;27.0;0.0;27.0;550.0;42.0;145.0;4;5;4;4;4;4;5;0;0;0;0;0;0;1;0;0;0;0;0;1;0;0;0;0.0;0.0;0.0;0.0;0.0;0.0;0.0;0.0;0.0;0.0;0.0;0.0;0.0;0.0;0.0;1.0;0.0;0.0;0.0;0.0;0.0;0.0;0.0;0.0;0.0;0.0;0.0;0.0;0.0;0.0;0.0;0.0;0.0;0.0;0.0;2.0;0.0;0.0;0.0;0.0;0.0;0;1;30;0;CORONEL VIVIDA;REGIÃO SUL;47
2139.0;2021-07-31;-2.0;3.0;14.0;22.0;448.0;27.0;2.0;-2.0;17.0;292.0;27.0;0.0;27.0;604.0;41.0;74.0;4;4;5;4;5;5;4;0;0;0;0;0;1;0;0;0;0;0;0;1;0;0;0;0.0;0.0;0.0;0.0;0.0;0.0;0.0;0.0;0.0;0.0;0.0;0.0;0.0;0.0;0.0;1.0;0.0;0.0;0.0;0.0;0.0;0.0;0.0;0.0;0.0;0.0;0.0;0.0;0.0;0.0;0.0;0.0;0.0;0.0;0.0;2.0;0.0;0.0;0.0;0.0;0.0;0;0;31;0;CORONEL VIVIDA;REGIÃO SUL;48
2075.0;2021-08-31;5.0;12.0;19.0;26.0;575.0;31.0;2.0;5.0;21.0;422.0;31.0;0.0;31.0;728.0;25.0;56.0;5;4;4;5;4;4;5;0;1;0;0;0;0;0;0;0;0;0;0;1;0;0;0;0.0;0.0;0.0;0.0;0.0;0.0;0.0;0.0;0.0;0.0;0.0;0.0;0.0;0.0;0.0;1.0;0.0;0.0;0.0;0.0;0.0;0.0;0.0;0.0;0.0;0.0;0.0;0.0;0.0;0.0;0.0;0.0;0.0;0.0;0.0;2.0;0.0;0.0;0.0;0.0;0.0;0;0;31;0;CORONEL VIVIDA;REGIÃO SUL;49
1586.0;2021-09-30;8.0;14.0;21.0;28.0;624.0;33.0;5.0;8.0;23.0;474.0;33.0;0.0;33.0;774.0;47.0;141.0;4;5;5;4;4;4;4;0;0;0;0;0;0;0;0;0;0;0;1;1;0;0;0;0.0;0.0;0.0;0.0;0.0;0.0;0.0;0.0;0.0;0.0;0.0;0.0;0.0;0.0;0.0;1.0;0.0;0.0;0.0;0.0;0.0;0.0;0.0;0.0;0.0;0.0;0.0;0.0;0.0;0.0;0.0;0.0;0.0;0.0;0.0;2.0;0.0;0.0;0.0;0.0;0.0;0;0;30;0;CORONEL VIVIDA;REGIÃO SUL;50
1689.0;2021-10-31;10.0;16.0;19.0;24.0;598.0;29.0;11.0;10.0;19.0;473.0;29.0;0.0;29.0;722.0;69.0;355.0;5;4;4;4;5;5;4;0;0;0;0;0;0;0;0;0;0;1;0;1;0;0;0;0.0;0.0;0.0;0.0;0.0;0.0;0.0;0.0;0.0;0.0;0.0;0.0;0.0;0.0;0.0;1.0;0.0;0.0;0.0;0.0;0.0;0.0;0.0;0.0;0.0;0.0;0.0;0.0;0.0;0.0;0.0;0.0;0.0;0.0;0.0;2.0;0.0;0.0;0.0;0.0;0.0;0;0;0;0;CORONEL VIVIDA;REGIÃO SUL;51
2355.0;2021-11-30;14.0;19.0;23.0;27.0;683.0;32.0;3.0;14.0;23.0;520.0;32.0;0.0;32.0;847.0;38.0;95.0;4;4;4;5;4;4;5;0;0;0;0;0;0;0;0;0;1;0;0;1;0;0;0;0.0;0.0;0.0;0.0;0.0;0.0;0.0;0.0;0.0;0.0;0.0;0.0;0.0;0.0;0.0;1.0;0.0;0.0;0.0;0.0;0.0;0.0;0.0;0.0;0.0;0.0;0.0;0.0;0.0;0.0;0.0;0.0;0.0;0.0;0.0;2.0;0.0;0.0;0.0;0.0;0.0;0;0;0;0;CORONEL VIVIDA;REGIÃO SUL;52
2383.0;2021-12-31;12.0;20.0;24.0;28.0;757.0;34.0;2.0;12.0;22.0;561.0;34.0;0.0;34.0;953.0;64.0;77.0;4;5;5;4;5;4;4;0;0;1;0;0;0;0;0;0;0;0;0;1;0;0;0;0.0;0.0;0.0;0.0;0.0;0.0;0.0;0.0;0.0;0.0;0.0;0.0;0.0;0.0;0.0;1.0;0.0;0.0;0.0;0.0;0.0;0.0;0.0;0.0;0.0;0.0;0.0;0.0;0.0;0.0;0.0;0.0;0.0;0.0;0.0;2.0;0.0;0.0;0.0;0.0;0.0;0;0;0;0;CORONEL VIVIDA;REGIÃO SUL;53
1627.0;2022-01-31;15.0;20.0;25.0;30.0;779.0;35.0;5.0;15.0;24.0;611.0;35.0;0.0;35.0;948.0;48.0;166.0;5;4;4;5;4;5;4;0;0;0;0;1;0;0;0;0;0;0;0;0;1;0;0;0.0;0.0;0.0;0.0;0.0;0.0;0.0;0.0;0.0;0.0;0.0;0.0;0.0;0.0;0.0;1.0;0.0;0.0;0.0;0.0;0.0;0.0;0.0;0.0;0.0;0.0;0.0;0.0;0.0;0.0;0.0;0.0;0.0;0.0;0.0;2.0;0.0;0.0;0.0;0.0;0.0;31;0;0;0;CORONEL VIVIDA;REGIÃO SUL;54
2300.0;2022-02-28;12.0;19.0;24.0;28.0;683.0;33.0;6.0;12.0;23.0;532.0;33.0;0.0;33.0;835.0;82.0;158.0;4;4;4;4;4;4;4;0;0;0;1;0;0;0;0;0;0;0;0;0;1;0;0;0.0;0.0;0.0;0.0;0.0;0.0;0.0;0.0;0.0;0.0;0.0;0.0;0.0;0.0;0.0;1.0;0.0;0.0;0.0;0.0;0.0;0.0;0.0;0.0;0.0;0.0;0.0;0.0;0.0;0.0;0.0;0.0;0.0;0.0;0.0;2.0;0.0;0.0;0.0;0.0;0.0;0;1;0;0;CORONEL VIVIDA;REGIÃO SUL;55
3509.0;2022-03-31;8.0;13.0;22.0;27.0;676.0;32.0;10.0;8.0;22.0;540.0;32.0;0.0;32.0;811.0;74.0;312.0;4;5;5;4;4;4;5;0;0;0;0;0;0;0;0;1;0;0;0;0;1;0;0;0.0;0.0;0.0;0.0;0.0;0.0;0.0;0.0;0.0;0.0;0.0;0.0;0.0;0.0;0.0;1.0;0.0;0.0;0.0;0.0;0.0;0.0;0.0;0.0;0.0;0.0;0.0;0.0;0.0;0.0;0.0;0.0;0.0;0.0;0.0;2.0;0.0;0.0;0.0;0.0;0.0;0;1;0;0;CORONEL VIVIDA;REGIÃO SUL;56
2815.0;2022-04-30;6.0;13.0;19.0;25.0;576.0;29.0;17.0;6.0;21.0;451.0;29.0;0.0;29.0;700.0;144.0;517.0;4;4;4;4;5;5;4;1;0;0;0;0;0;0;0;0;0;0;0;0;1;0;0;0.0;0.0;0.0;0.0;0.0;0.0;0.0;0.0;0.0;0.0;0.0;0.0;0.0;0.0;0.0;1.0;0.0;0.0;0.0;0.0;0.0;0.0;0.0;0.0;0.0;0.0;0.0;0.0;0.0;0.0;0.0;0.0;0.0;0.0;0.0;2.0;0.0;0.0;0.0;0.0;0.0;0;1;0;0;CORONEL VIVIDA;REGIÃO SUL;57
3578.0;2022-05-31;2.0;6.0;14.0;19.0;429.0;24.0;8.0;2.0;17.0;307.0;24.0;0.0;24.0;550.0;92.0;234.0;5;4;4;5;4;4;5;0;0;0;0;0;0;0;1;0;0;0;0;0;1;0;0;0.0;0.0;0.0;0.0;0.0;0.0;0.0;0.0;0.0;0.0;0.0;0.0;0.0;0.0;0.0;1.0;0.0;0.0;0.0;0.0;0.0;0.0;0.0;0.0;0.0;0.0;0.0;0.0;0.0;0.0;0.0;0.0;0.0;0.0;0.0;2.0;0.0;0.0;0.0;0.0;0.0;0;0;0;0;CORONEL VIVIDA;REGIÃO SUL;58
2890.0;2022-06-30;-1.0;6.0;14.0;19.0;408.0;24.0;6.0;-1.0;15.0;278.0;24.0;0.0;24.0;537.0;50.0;188.0;4;5;5;4;4;4;4;0;0;0;0;0;0;1;0;0;0;0;0;0;1;0;0;0.0;0.0;0.0;0.0;0.0;0.0;0.0;0.0;0.0;0.0;0.0;0.0;0.0;0.0;0.0;1.0;0.0;0.0;0.0;0.0;0.0;0.0;0.0;0.0;0.0;0.0;0.0;0.0;0.0;0.0;0.0;0.0;0.0;0.0;0.0;2.0;0.0;0.0;0.0;0.0;0.0;0;1;0;0;CORONEL VIVIDA;REGIÃO SUL;59
2582.0;2022-07-31;3.0;8.0;17.0;21.0;526.0;25.0;2.0;3.0;16.0;367.0;25.0;0.0;25.0;684.0;15.0;50.0;5;4;4;4;5;5;4;0;0;0;0;0;1;0;0;0;0;0;0;0;1;0;0;0.0;0.0;0.0;0.0;0.0;0.0;0.0;0.0;0.0;0.0;0.0;0.0;0.0;0.0;0.0;1.0;0.0;0.0;0.0;0.0;0.0;0.0;0.0;0.0;0.0;0.0;0.0;0.0;0.0;0.0;0.0;0.0;0.0;0.0;0.0;2.0;0.0;0.0;0.0;0.0;0.0;0;0;0;0;CORONEL VIVIDA;REGIÃO SUL;60
3222.0;2022-08-31;-1.0;5.0;15.0;21.0;453.0;27.0;9.0;-1.0;16.0;297.0;27.0;0.0;27.0;609.0;84.0;286.0;4;5;4;5;4;4;5;0;1;0;0;0;0;0;0;0;0;0;0;0;1;0;0;0.0;0.0;0.0;0.0;0.0;0.0;0.0;0.0;0.0;0.0;0.0;0.0;0.0;0.0;0.0;1.0;0.0;0.0;0.0;0.0;0.0;0.0;0.0;0.0;0.0;0.0;0.0;0.0;0.0;0.0;0.0;0.0;0.0;0.0;0.0;2.0;0.0;0.0;0.0;0.0;0.0;0;0;0;0;CORONEL VIVIDA;REGIÃO SUL;61
2734.0;2022-09-30;1.0;8.0;14.0;23.0;433.0;27.0;8.0;1.0;19.0;291.0;27.0;0.0;27.0;574.0;39.0;254.0;4;4;5;4;5;4;4;0;0;0;0;0;0;0;0;0;0;0;1;0;1;0;0;0.0;0.0;0.0;0.0;0.0;0.0;0.0;0.0;0.0;0.0;0.0;0.0;0.0;0.0;0.0;1.0;0.0;0.0;0.0;0.0;0.0;0.0;0.0;0.0;0.0;0.0;0.0;0.0;0.0;0.0;0.0;0.0;0.0;0.0;0.0;2.0;0.0;0.0;0.0;0.0;0.0;0;0;0;0;CORONEL VIVIDA;REGIÃO SUL;62
2347.0;2022-10-31;8.0;13.0;18.0;23.0;543.0;29.0;14.0;8.0;18.0;403.0;29.0;0.0;29.0;682.0;140.0;446.0;5;4;4;5;4;5;4;0;0;0;0;0;0;0;0;0;0;1;0;0;1;0;0;0.0;0.0;0.0;0.0;0.0;0.0;0.0;0.0;0.0;0.0;0.0;0.0;0.0;0.0;0.0;1.0;0.0;0.0;0.0;0.0;0.0;0.0;0.0;0.0;0.0;0.0;0.0;0.0;0.0;0.0;0.0;0.0;0.0;0.0;0.0;2.0;0.0;0.0;0.0;0.0;0.0;0;0;0;0;CORONEL VIVIDA;REGIÃO SUL;63
2688.0;2022-11-30;3.0;9.0;18.0;22.0;550.0;29.0;4.0;3.0;18.0;367.0;29.0;0.0;29.0;734.0;30.0;109.0;4;5;4;4;4;4;5;0;0;0;0;0;0;0;0;0;1;0;0;0;1;0;0;0.0;0.0;0.0;0.0;0.0;0.0;0.0;0.0;0.0;0.0;0.0;0.0;0.0;0.0;0.0;1.0;0.0;0.0;0.0;0.0;0.0;0.0;0.0;0.0;0.0;0.0;0.0;0.0;0.0;0.0;0.0;0.0;0.0;0.0;0.0;2.0;0.0;0.0;0.0;0.0;0.0;0;0;0;0;CORONEL VIVIDA;REGIÃO SUL;64
2952.0;2022-12-31;12.0;20.0;22.0;26.0;687.0;32.0;3.0;12.0;21.0;513.0;32.0;0.0;32.0;860.0;18.0;91.0;4;4;5;4;5;5;4;0;0;1;0;0;0;0;0;0;0;0;0;0;1;0;0;0.0;0.0;0.0;0.0;0.0;0.0;0.0;0.0;0.0;0.0;0.0;0.0;0.0;0.0;0.0;1.0;0.0;0.0;0.0;0.0;0.0;0.0;0.0;0.0;0.0;0.0;0.0;0.0;0.0;0.0;0.0;0.0;0.0;0.0;0.0;2.0;0.0;0.0;0.0;0.0;0.0;0;0;0;0;CORONEL VIVIDA;REGIÃO SUL;65
2179.0;2023-01-31;13.0;19.0;22.0;26.0;692.0;31.0;7.0;13.0;21.0;536.0;31.0;0.0;31.0;847.0;35.0;219.0;5;4;4;5;4;4;5;0;0;0;0;1;0;0;0;0;0;0;0;0;0;1;0;0.0;0.0;0.0;0.0;0.0;0.0;0.0;0.0;0.0;0.0;0.0;0.0;0.0;0.0;0.0;1.0;0.0;0.0;0.0;0.0;0.0;0.0;0.0;0.0;0.0;0.0;0.0;0.0;0.0;0.0;0.0;0.0;0.0;0.0;0.0;2.0;0.0;0.0;0.0;0.0;0.0;31;0;0;0;CORONEL VIVIDA;REGIÃO SUL;66
2780.0;2023-02-28;7.0;14.0;21.0;24.0;585.0;30.0;9.0;7.0;19.0;457.0;30.0;0.0;30.0;714.0;62.0;259.0;4;4;4;4;4;4;4;0;0;0;1;0;0;0;0;0;0;0;0;0;0;1;0;0.0;0.0;0.0;0.0;0.0;0.0;0.0;0.0;0.0;0.0;0.0;0.0;0.0;0.0;0.0;1.0;0.0;0.0;0.0;0.0;0.0;0.0;0.0;0.0;0.0;0.0;0.0;0.0;0.0;0.0;0.0;0.0;0.0;0.0;0.0;2.0;0.0;0.0;0.0;0.0;0.0;0;3;0;0;CORONEL VIVIDA;REGIÃO SUL;67
3884.0;2023-03-31;13.0;18.0;22.0;25.0;685.0;30.0;7.0;13.0;20.0;543.0;30.0;0.0;30.0;826.0;55.0;222.0;4;5;5;4;5;4;4;0;0;0;0;0;0;0;0;1;0;0;0;0;0;1;0;0.0;0.0;0.0;0.0;0.0;0.0;0.0;0.0;0.0;0.0;0.0;0.0;0.0;0.0;0.0;1.0;0.0;0.0;0.0;0.0;0.0;0.0;0.0;0.0;0.0;0.0;0.0;0.0;0.0;0.0;0.0;0.0;0.0;0.0;0.0;2.0;0.0;0.0;0.0;0.0;0.0;0;0;0;0;CORONEL VIVIDA;REGIÃO SUL;68
3440.0;2023-04-30;6.0;12.0;18.0;22.0;544.0;28.0;5.0;6.0;19.0;399.0;28.0;0.0;28.0;688.0;49.0;144.0;5;4;4;4;4;5;4;1;0;0;0;0;0;0;0;0;0;0;0;0;0;1;0;0.0;0.0;0.0;0.0;0.0;0.0;0.0;0.0;0.0;0.0;0.0;0.0;0.0;0.0;0.0;1.0;0.0;0.0;0.0;0.0;0.0;0.0;0.0;0.0;0.0;0.0;0.0;0.0;0.0;0.0;0.0;0.0;0.0;0.0;0.0;2.0;0.0;0.0;0.0;0.0;0.0;0;1;0;0;CORONEL VIVIDA;REGIÃO SUL;69
2753.0;2023-05-31;6.0;12.0;17.0;22.0;534.0;25.0;6.0;6.0;18.0;392.0;25.0;0.0;25.0;676.0;43.0;175.0;4;5;4;5;4;4;5;0;0;0;0;0;0;0;1;0;0;0;0;0;0;1;0;0.0;0.0;0.0;0.0;0.0;0.0;0.0;0.0;0.0;0.0;0.0;0.0;0.0;0.0;0.0;1.0;0.0;0.0;0.0;0.0;0.0;0.0;0.0;0.0;0.0;0.0;0.0;0.0;0.0;0.0;0.0;0.0;0.0;0.0;0.0;2.0;0.0;0.0;0.0;0.0;0.0;0;0;0;0;CORONEL VIVIDA;REGIÃO SUL;70
2223.0;2023-06-30;3.0;7.0;15.0;19.0;456.0;24.0;3.0;3.0;16.0;329.0;24.0;0.0;24.0;584.0;66.0;98.0;4;4;5;4;5;4;4;0;0;0;0;0;0;1;0;0;0;0;0;0;0;1;0;0.0;0.0;0.0;0.0;0.0;0.0;0.0;0.0;0.0;0.0;0.0;0.0;0.0;0.0;0.0;1.0;0.0;0.0;0.0;0.0;0.0;0.0;0.0;0.0;0.0;0.0;0.0;0.0;0.0;0.0;0.0;0.0;0.0;0.0;0.0;2.0;0.0;0.0;0.0;0.0;0.0;0;1;0;0;CORONEL VIVIDA;REGIÃO SUL;71
1838.0;2023-07-31;2.0;6.0;16.0;20.0;491.0;25.0;5.0;2.0;16.0;358.0;25.0;0.0;25.0;624.0;74.0;164.0;5;4;4;5;4;5;4;0;0;0;0;0;1;0;0;0;0;0;0;0;0;1;0;0.0;0.0;0.0;0.0;0.0;0.0;0.0;0.0;0.0;0.0;0.0;0.0;0.0;0.0;0.0;1.0;0.0;0.0;0.0;0.0;0.0;0.0;0.0;0.0;0.0;0.0;0.0;0.0;0.0;0.0;0.0;0.0;0.0;0.0;0.0;2.0;0.0;0.0;0.0;0.0;0.0;15;0;0;0;CORONEL VIVIDA;REGIÃO SUL;72
2052.0;2023-08-31;2.0;10.0;17.0;24.0;529.0;29.0;8.0;2.0;18.0;366.0;29.0;0.0;29.0;692.0;106.0;251.0;4;5;5;4;4;4;5;0;1;0;0;0;0;0;0;0;0;0;0;0;0;1;0;0.0;0.0;0.0;0.0;0.0;0.0;0.0;0.0;0.0;0.0;0.0;0.0;0.0;0.0;0.0;1.0;0.0;0.0;0.0;0.0;0.0;0.0;0.0;0.0;0.0;0.0;0.0;0.0;0.0;0.0;0.0;0.0;0.0;0.0;0.0;2.0;0.0;0.0;0.0;0.0;0.0;0;0;0;0;CORONEL VIVIDA;REGIÃO SUL;73
2220.0;2023-09-30;6.0;11.0;20.0;27.0;599.0;33.0;6.0;6.0;22.0;459.0;33.0;0.0;33.0;739.0;66.0;168.0;4;4;4;4;5;5;4;0;0;0;0;0;0;0;0;0;0;0;1;0;0;1;0;0.0;0.0;0.0;0.0;0.0;0.0;0.0;0.0;0.0;0.0;0.0;0.0;0.0;0.0;0.0;1.0;0.0;0.0;0.0;0.0;0.0;0.0;0.0;0.0;0.0;0.0;0.0;0.0;0.0;0.0;0.0;0.0;0.0;0.0;0.0;2.0;0.0;0.0;0.0;0.0;0.0;0;0;0;0;CORONEL VIVIDA;REGIÃO SUL;74
2144.0;2023-10-31;10.0;13.0;19.0;24.0;585.0;30.0;15.0;10.0;19.0;468.0;30.0;0.0;30.0;702.0;102.0;452.0;5;4;4;5;4;4;5;0;0;0;0;0;0;0;0;0;0;1;0;0;0;1;0;0.0;0.0;0.0;0.0;0.0;0.0;0.0;0.0;0.0;0.0;0.0;0.0;0.0;0.0;0.0;1.0;0.0;0.0;0.0;0.0;0.0;0.0;0.0;0.0;0.0;0.0;0.0;0.0;0.0;0.0;0.0;0.0;0.0;0.0;0.0;2.0;0.0;0.0;0.0;0.0;0.0;0;0;0;0;CORONEL VIVIDA;REGIÃO SUL;75
1713.0;2023-11-30;7.0;12.0;21.0;27.0;626.0;32.0;9.0;7.0;23.0;508.0;32.0;0.0;32.0;744.0;51.0;284.0;4;5;5;4;4;4;4;0;0;0;0;0;0;0;0;0;1;0;0;0;0;1;0;0.0;0.0;0.0;0.0;0.0;0.0;0.0;0.0;0.0;0.0;0.0;0.0;0.0;0.0;0.0;1.0;0.0;0.0;0.0;0.0;0.0;0.0;0.0;0.0;0.0;0.0;0.0;0.0;0.0;0.0;0.0;0.0;0.0;0.0;0.0;2.0;0.0;0.0;0.0;0.0;0.0;0;0;0;0;CORONEL VIVIDA;REGIÃO SUL;76
1263.0;2023-12-31;14.0;18.0;23.0;27.0;702.0;33.0;5.0;14.0;22.0;563.0;33.0;0.0;33.0;841.0;36.0;153.0;5;4;4;4;5;5;4;0;0;1;0;0;0;0;0;0;0;0;0;0;0;1;0;0.0;0.0;0.0;0.0;0.0;0.0;0.0;0.0;0.0;0.0;0.0;0.0;0.0;0.0;0.0;1.0;0.0;0.0;0.0;0.0;0.0;0.0;0.0;0.0;0.0;0.0;0.0;0.0;0.0;0.0;0.0;0.0;0.0;0.0;0.0;2.0;0.0;0.0;0.0;0.0;0.0;0;0;0;0;CORONEL VIVIDA;REGIÃO SUL;77
1273.0;2024-01-31;12.0;18.0;23.0;27.0;698.0;32.0;3.0;12.0;22.0;549.0;32.0;0.0;32.0;846.0;19.0;96.0;4;5;4;5;4;4;5;0;0;0;0;1;0;0;0;0;0;0;0;0;0;0;1;0.0;0.0;0.0;0.0;0.0;0.0;0.0;0.0;0.0;0.0;0.0;0.0;0.0;0.0;0.0;1.0;0.0;0.0;0.0;0.0;0.0;0.0;0.0;0.0;0.0;0.0;0.0;0.0;0.0;0.0;0.0;0.0;0.0;0.0;0.0;2.0;0.0;0.0;0.0;0.0;0.0;31;0;0;0;CORONEL VIVIDA;REGIÃO SUL;78
2900.0;2024-02-29;16.0;19.0;23.0;26.0;679.0;32.0;6.0;16.0;21.0;540.0;32.0;0.0;32.0;818.0;41.0;162.0;4;4;5;4;4;4;4;0;0;0;1;0;0;0;0;0;0;0;0;0;0;0;1;0.0;0.0;0.0;0.0;0.0;0.0;0.0;0.0;0.0;0.0;0.0;0.0;0.0;0.0;0.0;1.0;0.0;0.0;0.0;0.0;0.0;0.0;0.0;0.0;0.0;0.0;0.0;0.0;0.0;0.0;0.0;0.0;0.0;0.0;0.0;2.0;0.0;0.0;0.0;0.896551724137931;0.0;0;3;0;0;CORONEL VIVIDA;REGIÃO SUL;79
4838.0;2024-03-31;14.0;19.0;23.0;26.0;703.0;32.0;5.0;14.0;22.0;561.0;32.0;0.0;32.0;844.0;59.0;160.0;5;4;4;4;5;5;4;0;0;0;0;0;0;0;0;1;0;0;0;0;0;0;1;0.0;0.0;0.0;0.0;0.0;0.0;0.0;0.0;0.0;0.0;0.0;0.0;0.0;0.0;0.0;1.0;0.0;0.0;0.0;0.0;0.0;0.0;0.0;0.0;0.0;0.0;0.0;0.0;0.0;0.0;0.0;0.0;0.0;0.0;0.0;2.0;0.0;0.0;0.0;1.0;0.0;0;1;0;0;CORONEL VIVIDA;REGIÃO SUL;80
2460.0;2024-04-30;9.0;15.0;21.0;24.0;618.0;30.0;3.0;9.0;21.0;501.0;30.0;0.0;30.0;735.0;28.0;103.0;4;4;4;5;4;4;5;1;0;0;0;0;0;0;0;0;0;0;0;0;0;0;1;0.0;0.0;0.0;0.0;0.0;0.0;0.0;0.0;0.0;0.0;0.0;0.0;0.0;0.0;0.0;1.0;0.0;0.0;0.0;0.0;0.0;0.0;0.0;0.0;0.0;0.0;0.0;0.0;0.0;0.0;0.0;0.0;0.0;0.0;0.0;2.0;0.0;0.0;0.0;1.0;0.0;0;0;0;0;CORONEL VIVIDA;REGIÃO SUL;81
1922.0;2024-05-31;3.0;6.0;16.0;24.0;509.0;28.0;5.0;3.0;20.0;388.0;28.0;0.0;28.0;630.0;52.0;146.0;4;5;5;4;5;4;4;0;0;0;0;0;0;0;1;0;0;0;0;0;0;0;1;0.0;0.0;0.0;0.0;0.0;0.0;0.0;0.0;0.0;0.0;0.0;0.0;0.0;0.0;0.0;1.0;0.0;0.0;0.0;0.0;0.0;0.0;0.0;0.0;0.0;0.0;0.0;0.0;0.0;0.0;0.0;0.0;0.0;0.0;0.0;2.0;0.0;0.0;0.0;1.0;0.0;0;1;0;30;CORONEL VIVIDA;REGIÃO SUL;82
1920.0;2024-06-30;-1.0;6.0;17.0;21.0;522.0;26.0;3.0;-1.0;18.0;401.0;26.0;0.0;26.0;643.0;45.0;77.0;5;4;4;4;4;5;4;0;0;0;0;0;0;1;0;0;0;0;0;0;0;0;1;0.0;0.0;0.0;0.0;0.0;0.0;0.0;0.0;0.0;0.0;0.0;0.0;0.0;0.0;0.0;1.0;0.0;0.0;0.0;0.0;0.0;0.0;0.0;0.0;0.0;0.0;0.0;0.0;0.0;0.0;0.0;0.0;0.0;0.0;0.0;2.0;0.0;0.0;0.0;1.0;0.0;0;0;0;30;CORONEL VIVIDA;REGIÃO SUL;83
3193.0;2024-07-31;1.0;7.0;14.0;20.0;429.0;25.0;8.0;1.0;16.0;300.0;25.0;0.0;25.0;556.0;68.0;242.0;4;5;4;5;4;4;5;0;0;0;0;0;1;0;0;0;0;0;0;0;0;0;1;0.0;0.0;0.0;0.0;0.0;0.0;0.0;0.0;0.0;0.0;0.0;0.0;0.0;0.0;0.0;1.0;0.0;0.0;0.0;0.0;0.0;0.0;0.0;0.0;0.0;0.0;0.0;0.0;0.0;0.0;0.0;0.0;0.0;0.0;0.0;2.0;0.0;0.0;0.0;1.0;0.0;12;0;0;0;CORONEL VIVIDA;REGIÃO SUL;84
3069.0;2024-08-31;-1.0;6.0;16.0;24.0;507.0;30.0;1.0;-1.0;19.0;340.0;30.0;0.0;30.0;674.0;18.0;29.0;4;4;5;4;5;5;4;0;1;0;0;0;0;0;0;0;0;0;0;0;0;0;1;0.0;0.0;0.0;0.0;0.0;0.0;0.0;0.0;0.0;0.0;0.0;0.0;0.0;0.0;0.0;1.0;0.0;0.0;0.0;0.0;0.0;0.0;0.0;0.0;0.0;0.0;0.0;0.0;0.0;0.0;0.0;0.0;0.0;0.0;0.0;2.0;0.0;0.0;0.0;1.0;0.0;0;0;0;0;CORONEL VIVIDA;REGIÃO SUL;85
4140.0;2024-09-30;7.0;13.0;20.0;27.0;614.0;32.0;2.0;7.0;22.0;454.0;32.0;0.0;32.0;773.0;19.0;56.0;5;4;4;5;4;4;4;0;0;0;0;0;0;0;0;0;0;0;1;0;0;0;1;0.0;0.0;0.0;0.0;0.0;0.0;0.0;0.0;0.0;0.0;0.0;0.0;0.0;0.0;0.0;1.0;0.0;0.0;0.0;0.0;0.0;0.0;0.0;0.0;0.0;0.0;0.0;0.0;0.0;0.0;0.0;0.0;0.0;0.0;0.0;2.0;0.0;0.0;0.0;1.0;0.0;0;0;0;0;CORONEL VIVIDA;REGIÃO SUL;86
4619.0;2024-10-31;10.0;16.0;20.0;26.0;630.0;32.0;4.0;10.0;22.0;477.0;32.0;0.0;32.0;782.0;52.0;113.0;4;5;5;4;4;4;5;0;0;0;0;0;0;0;0;0;0;1;0;0;0;0;1;0.0;0.0;0.0;0.0;0.0;0.0;0.0;0.0;0.0;0.0;0.0;0.0;0.0;0.0;0.0;1.0;0.0;0.0;0.0;0.0;0.0;0.0;0.0;0.0;0.0;0.0;0.0;0.0;0.0;0.0;0.0;0.0;0.0;0.0;0.0;2.0;0.0;0.0;0.0;1.0;0.0;0;0;0;0;CORONEL VIVIDA;REGIÃO SUL;87
32223.0;2018-08-31;7.0;10.0;15.0;22.0;480.0;30.0;1.0;7.0;15.0;325.0;30.0;0.0;30.0;635.0;9.0;17.0;4;5;5;4;5;4;4;0;1;0;0;0;0;0;0;0;0;0;0;0;0;0;0;0.0;0.0;0.0;1.0;0.0;0.0;0.0;0.0;0.0;0.0;0.0;0.0;0.0;0.0;0.0;0.0;1.0;0.0;0.0;0.0;0.0;0.0;0.0;0.0;0.0;0.0;0.0;0.0;0.0;0.0;0.0;0.0;0.0;0.0;0.0;9.0;15.0;0.0;0.0;3.0;5.0;0;0;0;0;CURITIBA;REGIÃO LESTE;1
38120.0;2018-09-30;6.0;12.0;18.0;23.0;540.0;30.0;2.0;6.0;17.0;402.0;30.0;0.0;30.0;679.0;10.0;65.0;5;4;4;4;4;5;4;0;0;0;0;0;0;0;0;0;0;0;1;0;0;0;0;0.0;0.0;0.0;1.0;0.0;0.0;0.0;0.0;0.0;0.0;0.0;0.0;0.0;0.0;0.0;0.0;1.0;0.0;0.0;0.0;0.0;0.0;0.0;0.0;0.0;0.0;0.0;0.0;0.0;0.0;0.0;0.0;0.0;0.0;0.0;9.0;15.0;0.0;0.0;3.0;5.0;0;0;0;0;CURITIBA;REGIÃO LESTE;2
39871.0;2018-10-31;11.0;13.0;18.0;23.0;566.0;28.0;9.0;11.0;18.0;446.0;28.0;0.0;28.0;687.0;33.0;264.0;4;5;4;5;4;4;5;0;0;0;0;0;0;0;0;0;0;1;0;0;0;0;0;0.0;0.0;0.0;1.0;0.0;0.0;0.0;0.0;0.0;0.0;0.0;0.0;0.0;0.0;0.0;0.0;1.0;0.0;0.0;0.0;0.0;0.0;0.0;0.0;0.0;0.0;0.0;0.0;0.0;0.0;0.0;0.0;0.0;0.0;0.0;9.0;15.0;0.0;0.0;3.0;5.0;0;0;0;0;CURITIBA;REGIÃO LESTE;3
40086.0;2018-11-30;11.0;15.0;20.0;25.0;605.0;31.0;2.0;11.0;20.0;467.0;31.0;0.0;31.0;743.0;32.0;68.0;4;4;5;4;5;4;4;0;0;0;0;0;0;0;0;0;1;0;0;0;0;0;0;0.0;0.0;0.0;1.0;0.0;0.0;0.0;0.0;0.0;0.0;0.0;0.0;0.0;0.0;0.0;0.0;1.0;0.0;0.0;0.0;0.0;0.0;0.0;0.0;0.0;0.0;0.0;0.0;0.0;0.0;0.0;0.0;0.0;0.0;0.0;9.0;15.0;0.0;0.0;3.0;5.0;0;0;0;0;CURITIBA;REGIÃO LESTE;4
33448.0;2018-12-31;12.0;16.0;23.0;27.0;725.0;33.0;2.0;12.0;22.0;546.0;33.0;0.0;33.0;904.0;20.0;54.0;5;4;4;5;4;5;4;0;0;1;0;0;0;0;0;0;0;0;0;0;0;0;0;0.0;0.0;0.0;1.0;0.0;0.0;0.0;0.0;0.0;0.0;0.0;0.0;0.0;0.0;0.0;0.0;1.0;0.0;0.0;0.0;0.0;0.0;0.0;0.0;0.0;0.0;0.0;0.0;0.0;0.0;0.0;0.0;0.0;0.0;0.0;9.0;15.0;0.0;0.0;3.0;5.0;0;0;0;0;CURITIBA;REGIÃO LESTE;5
33000.0;2019-01-31;17.0;21.0;25.0;28.0;768.0;34.0;5.0;17.0;22.0;602.0;34.0;0.0;34.0;935.0;32.0;161.0;4;5;5;4;4;4;5;0;0;0;0;1;0;0;0;0;0;0;0;0;0;0;0;0.0;0.0;0.0;0.0;1.0;0.0;0.0;0.0;0.0;0.0;0.0;0.0;0.0;0.0;0.0;0.0;1.0;0.0;0.0;0.0;0.0;0.0;0.0;0.0;0.0;0.0;0.0;0.0;0.0;0.0;0.0;0.0;0.0;0.0;0.0;9.0;15.0;0.0;0.0;3.0;5.0;31;0;0;0;CURITIBA;REGIÃO LESTE;6
35540.0;2019-02-28;15.0;17.0;22.0;27.0;614.0;33.0;10.0;15.0;22.0;491.0;33.0;0.0;33.0;737.0;120.0;278.0;4;4;4;4;4;4;4;0;0;0;1;0;0;0;0;0;0;0;0;0;0;0;0;0.0;0.0;0.0;0.0;1.0;0.0;0.0;0.0;0.0;0.0;0.0;0.0;0.0;0.0;0.0;0.0;1.0;0.0;0.0;0.0;0.0;0.0;0.0;0.0;0.0;0.0;0.0;0.0;0.0;0.0;0.0;0.0;0.0;0.0;0.0;9.0;15.0;0.0;0.7857142857142857;4.607142857142857;6.0;0;0;0;0;CURITIBA;REGIÃO LESTE;7
42046.0;2019-03-31;13.0;17.0;21.0;25.0;666.0;31.0;2.0;13.0;20.0;530.0;31.0;0.0;31.0;802.0;12.0;65.0;5;4;4;4;5;5;4;0;0;0;0;0;0;0;0;1;0;0;0;0;0;0;0;0.0;0.0;0.0;0.0;1.0;0.0;0.0;0.0;0.0;0.0;0.0;0.0;0.0;0.0;0.0;0.0;1.0;0.0;0.0;0.0;0.0;0.0;0.0;0.0;0.0;0.0;0.0;0.0;0.0;0.0;0.0;0.0;0.0;0.0;0.0;9.0;15.0;0.0;1.0;5.0;6.0;0;3;0;0;CURITIBA;REGIÃO LESTE;8
30620.0;2019-04-30;12.0;16.0;21.0;24.0;619.0;29.0;3.0;12.0;20.0;485.0;29.0;0.0;29.0;754.0;20.0;101.0;4;4;4;5;4;4;5;1;0;0;0;0;0;0;0;0;0;0;0;0;0;0;0;0.0;0.0;0.0;0.0;1.0;0.0;0.0;0.0;0.0;0.0;0.0;0.0;0.0;0.0;0.0;0.0;1.0;0.0;0.0;0.0;0.0;0.0;0.0;0.0;0.0;0.0;0.0;0.0;0.0;0.0;0.0;0.0;0.0;0.0;0.0;9.0;15.0;0.0;1.0;5.0;6.0;0;1;0;0;CURITIBA;REGIÃO LESTE;9
40279.0;2019-05-31;8.0;14.0;18.0;24.0;567.0;30.0;8.0;8.0;19.0;455.0;30.0;0.0;30.0;679.0;59.0;243.0;4;5;5;4;5;4;4;0;0;0;0;0;0;0;1;0;0;0;0;0;0;0;0;0.0;0.0;0.0;0.0;1.0;0.0;0.0;0.0;0.0;0.0;0.0;0.0;0.0;0.0;0.0;0.0;1.0;0.0;0.0;0.0;0.0;0.0;0.0;0.0;0.0;0.0;0.0;0.0;0.0;0.0;0.0;0.0;0.0;0.0;0.0;9.0;15.0;0.0;1.0;5.0;6.0;0;0;0;0;CURITIBA;REGIÃO LESTE;10
29093.0;2019-06-30;8.0;12.0;17.0;20.0;510.0;26.0;2.0;8.0;15.0;354.0;26.0;0.0;26.0;666.0;28.0;66.0;5;4;4;4;4;5;4;0;0;0;0;0;0;1;0;0;0;0;0;0;0;0;0;0.0;0.0;0.0;0.0;1.0;0.0;0.0;0.0;0.0;0.0;0.0;0.0;0.0;0.0;0.0;0.0;1.0;0.0;0.0;0.0;0.0;0.0;0.0;0.0;0.0;0.0;0.0;0.0;0.0;0.0;0.0;0.0;0.0;0.0;0.0;9.0;15.0;0.0;1.0;5.0;6.0;0;1;0;0;CURITIBA;REGIÃO LESTE;11
25008.0;2019-07-31;6.0;10.0;16.0;20.0;491.0;26.0;0.0;6.0;15.0;326.0;26.0;0.0;26.0;655.0;5.0;12.0;4;5;4;5;4;4;5;0;0;0;0;0;1;0;0;0;0;0;0;0;0;0;0;0.0;0.0;0.0;0.0;1.0;0.0;0.0;0.0;0.0;0.0;0.0;0.0;0.0;0.0;0.0;0.0;1.0;0.0;0.0;0.0;0.0;0.0;0.0;0.0;0.0;0.0;0.0;0.0;0.0;0.0;0.0;0.0;0.0;0.0;0.0;9.0;14.419354838709678;0.0;1.0;5.0;6.0;16;0;0;0;CURITIBA;REGIÃO LESTE;12
35690.0;2019-08-31;6.0;9.0;16.0;23.0;493.0;30.0;2.0;6.0;17.0;326.0;30.0;0.0;30.0;660.0;20.0;49.0;4;4;5;4;5;5;4;0;1;0;0;0;0;0;0;0;0;0;0;0;0;0;0;0.0;0.0;0.0;0.0;1.0;0.0;0.0;0.0;0.0;0.0;0.0;0.0;0.0;0.0;0.0;0.0;1.0;0.0;0.0;0.0;0.0;0.0;0.0;0.0;0.0;0.0;0.0;0.0;0.0;0.0;0.0;0.0;0.0;0.0;0.0;9.0;14.0;0.0;1.0;5.0;6.0;0;0;0;0;CURITIBA;REGIÃO LESTE;13
42020.0;2019-09-30;8.0;10.0;18.0;26.0;535.0;34.0;4.0;8.0;18.0;385.0;34.0;0.0;34.0;685.0;32.0;125.0;5;4;4;5;4;4;4;0;0;0;0;0;0;0;0;0;0;0;1;0;0;0;0;0.0;0.0;0.0;0.0;1.0;0.0;0.0;0.0;0.0;0.0;0.0;0.0;0.0;0.0;0.0;0.0;1.0;0.0;0.0;0.0;0.0;0.0;0.0;0.0;0.0;0.0;0.0;0.0;0.0;0.0;0.0;0.0;0.0;0.0;0.0;9.0;14.0;0.0;1.0;5.0;6.0;0;0;0;0;CURITIBA;REGIÃO LESTE;14
39730.0;2019-10-31;11.0;14.0;21.0;26.0;646.0;34.0;3.0;11.0;19.0;470.0;34.0;0.0;34.0;821.0;26.0;85.0;4;5;5;4;4;4;5;0;0;0;0;0;0;0;0;0;0;1;0;0;0;0;0;0.0;0.0;0.0;0.0;1.0;0.0;0.0;0.0;0.0;0.0;0.0;0.0;0.0;0.0;0.0;0.0;1.0;0.0;0.0;0.0;0.0;0.0;0.0;0.0;0.0;0.0;0.0;0.0;0.0;0.0;0.0;0.0;0.0;0.0;0.0;9.0;14.0;0.0;1.0;5.0;6.0;0;0;0;0;CURITIBA;REGIÃO LESTE;15
38977.0;2019-11-30;12.0;15.0;20.0;25.0;612.0;32.0;3.0;12.0;19.0;462.0;32.0;0.0;32.0;762.0;33.0;99.0;4;4;4;4;5;5;4;0;0;0;0;0;0;0;0;0;1;0;0;0;0;0;0;0.0;0.0;0.0;0.0;1.0;0.0;0.0;0.0;0.0;0.0;0.0;0.0;0.0;0.0;0.0;0.0;1.0;0.0;0.0;0.0;0.0;0.0;0.0;0.0;0.0;0.0;0.0;0.0;0.0;0.0;0.0;0.0;0.0;0.0;0.0;9.0;14.0;0.0;1.0;5.0;6.0;0;0;0;0;CURITIBA;REGIÃO LESTE;16
23530.0;2019-12-31;13.0;17.0;22.0;26.0;667.0;33.0;2.0;13.0;19.0;512.0;33.0;0.0;33.0;822.0;21.0;64.0;5;4;4;5;4;4;5;0;0;1;0;0;0;0;0;0;0;0;0;0;0;0;0;0.0;0.0;0.0;0.0;1.0;0.0;0.0;0.0;0.0;0.0;0.0;0.0;0.0;0.0;0.0;0.0;1.0;0.0;0.0;0.0;0.0;0.0;0.0;0.0;0.0;0.0;0.0;0.0;0.0;0.0;0.0;0.0;0.0;0.0;0.0;9.0;14.0;0.0;1.0;5.0;6.0;0;0;0;0;CURITIBA;REGIÃO LESTE;17
29065.0;2020-01-31;14.0;17.0;23.0;26.0;704.0;32.0;7.0;14.0;21.0;555.0;32.0;0.0;32.0;852.0;59.0;208.0;4;5;5;4;5;4;4;0;0;0;0;1;0;0;0;0;0;0;0;0;0;0;0;0.0;0.0;0.0;0.0;0.0;1.0;0.0;0.0;0.0;0.0;0.0;0.0;0.0;0.0;0.0;0.0;1.0;0.0;0.0;0.0;0.0;0.0;0.0;0.0;0.0;0.0;0.0;0.0;0.0;0.0;0.0;0.0;0.0;0.0;0.0;9.0;14.0;0.0;1.0;5.0;6.0;31;0;0;0;CURITIBA;REGIÃO LESTE;18
36146.0;2020-02-29;11.0;17.0;21.0;27.0;622.0;32.0;3.0;11.0;21.0;495.0;32.0;0.0;32.0;749.0;19.0;101.0;4;4;4;4;4;5;4;0;0;0;1;0;0;0;0;0;0;0;0;0;0;0;0;0.0;0.0;0.0;0.0;0.0;1.0;0.0;0.0;0.0;0.0;0.0;0.0;0.0;0.0;0.0;0.0;1.0;0.0;0.0;0.0;0.0;0.0;0.0;0.0;0.0;0.0;0.0;0.0;0.0;0.0;0.0;0.0;0.0;0.0;0.0;9.0;14.0;0.0;1.0;5.0;6.0;0;3;0;0;CURITIBA;REGIÃO LESTE;19
27018.0;2020-03-31;12.0;18.0;21.0;25.0;658.0;32.0;0.0;12.0;19.0;480.0;32.0;0.0;32.0;836.0;5.0;14.0;5;4;4;5;4;4;5;0;0;0;0;0;0;0;0;1;0;0;0;0;0;0;0;0.0;0.0;0.0;0.0;0.0;1.0;0.0;0.0;0.0;0.0;0.0;0.0;0.0;0.0;0.0;0.0;1.0;0.0;0.0;0.0;0.0;0.0;0.0;0.0;0.0;0.0;0.0;0.0;0.0;0.0;0.0;0.0;0.0;0.0;0.0;9.0;14.0;0.0;1.0;5.0;6.0;0;0;15;0;CURITIBA;REGIÃO LESTE;20
17128.0;2020-04-30;8.0;15.0;19.0;24.0;573.0;31.0;1.0;8.0;18.0;395.0;31.0;0.0;31.0;751.0;14.0;21.0;4;5;5;4;4;4;4;1;0;0;0;0;0;0;0;0;0;0;0;0;0;0;0;0.0;0.0;0.0;0.0;0.0;1.0;0.0;0.0;0.0;0.0;0.0;0.0;0.0;0.0;0.0;0.0;1.0;0.0;0.0;0.0;0.0;0.0;0.0;0.0;0.0;0.0;0.0;0.0;0.0;0.0;0.0;0.0;0.0;0.0;0.0;9.0;14.0;0.0;1.0;5.0;6.0;0;1;30;0;CURITIBA;REGIÃO LESTE;21
18312.0;2020-05-31;6.0;13.0;16.0;21.0;509.0;26.0;1.0;6.0;17.0;327.0;26.0;0.0;26.0;692.0;12.0;25.0;5;4;4;4;5;5;4;0;0;0;0;0;0;0;1;0;0;0;0;0;0;0;0;0.0;0.0;0.0;0.0;0.0;1.0;0.0;0.0;0.0;0.0;0.0;0.0;0.0;0.0;0.0;0.0;1.0;0.0;0.0;0.0;0.0;0.0;0.0;0.0;0.0;0.0;0.0;0.0;0.0;0.0;0.0;0.0;0.0;0.0;0.0;9.0;14.0;0.0;1.0;5.0;6.0;0;0;31;0;CURITIBA;REGIÃO LESTE;22
15966.0;2020-06-30;8.0;10.0;17.0;22.0;498.0;27.0;5.0;8.0;19.0;360.0;27.0;0.0;27.0;636.0;65.0;143.0;4;4;4;5;4;4;5;0;0;0;0;0;0;1;0;0;0;0;0;0;0;0;0;0.0;0.0;0.0;0.0;0.0;1.0;0.0;0.0;0.0;0.0;0.0;0.0;0.0;0.0;0.0;0.0;1.0;0.0;0.0;0.0;0.0;0.0;0.0;0.0;0.0;0.0;0.0;0.0;0.0;0.0;0.0;0.0;0.0;0.0;0.0;9.0;14.0;0.0;1.0;5.0;6.0;0;1;30;0;CURITIBA;REGIÃO LESTE;23
17910.0;2020-07-31;6.0;10.0;16.0;20.0;498.0;27.0;1.0;6.0;15.0;334.0;27.0;0.0;27.0;662.0;17.0;28.0;4;5;5;4;5;4;4;0;0;0;0;0;1;0;0;0;0;0;0;0;0;0;0;0.0;0.0;0.0;0.0;0.0;1.0;0.0;0.0;0.0;0.0;0.0;0.0;0.0;0.0;0.0;0.0;1.0;0.0;0.0;0.0;0.0;0.0;0.0;0.0;0.0;0.0;0.0;0.0;0.0;0.0;0.0;0.0;0.0;0.0;0.0;9.0;14.0;0.0;1.0;5.0;6.0;0;0;31;0;CURITIBA;REGIÃO LESTE;24
15868.0;2020-08-31;6.0;8.0;16.0;22.0;503.0;31.0;4.0;6.0;14.0;330.0;31.0;0.0;31.0;675.0;31.0;132.0;5;4;4;5;4;5;4;0;1;0;0;0;0;0;0;0;0;0;0;0;0;0;0;0.0;0.0;0.0;0.0;0.0;1.0;0.0;0.0;0.0;0.0;0.0;0.0;0.0;0.0;0.0;0.0;1.0;0.0;0.0;0.0;0.0;0.0;0.0;0.0;0.0;0.0;0.0;0.0;0.0;0.0;0.0;0.0;0.0;0.0;0.0;9.0;14.0;0.0;1.0;5.0;6.0;0;0;31;0;CURITIBA;REGIÃO LESTE;25
23085.0;2020-09-30;9.0;12.0;20.0;25.0;594.0;34.0;2.0;9.0;18.0;412.0;34.0;0.0;34.0;775.0;34.0;45.0;4;5;4;4;4;4;5;0;0;0;0;0;0;0;0;0;0;0;1;0;0;0;0;0.0;0.0;0.0;0.0;0.0;1.0;0.0;0.0;0.0;0.0;0.0;0.0;0.0;0.0;0.0;0.0;1.0;0.0;0.0;0.0;0.0;0.0;0.0;0.0;0.0;0.0;0.0;0.0;0.0;0.0;0.0;0.0;0.0;0.0;0.0;9.0;14.0;0.0;1.0;5.0;6.0;0;0;30;0;CURITIBA;REGIÃO LESTE;26
25218.0;2020-10-31;11.0;13.0;20.0;27.0;624.0;36.0;4.0;11.0;19.0;452.0;36.0;0.0;36.0;796.0;37.0;118.0;4;4;5;4;5;5;4;0;0;0;0;0;0;0;0;0;0;1;0;0;0;0;0;0.0;0.0;0.0;0.0;0.0;1.0;0.0;0.0;0.0;0.0;0.0;0.0;0.0;0.0;0.0;0.0;1.0;0.0;0.0;0.0;0.0;0.0;0.0;0.0;0.0;0.0;0.0;0.0;0.0;0.0;0.0;0.0;0.0;0.0;0.0;9.0;14.0;0.0;1.0;5.0;6.0;0;0;31;0;CURITIBA;REGIÃO LESTE;27
10206.0;2020-11-30;8.0;14.0;20.0;25.0;595.0;32.0;7.0;8.0;18.0;431.0;32.0;0.0;32.0;759.0;87.0;210.0;5;4;4;5;4;4;4;0;0;0;0;0;0;0;0;0;1;0;0;0;0;0;0;0.0;0.0;0.0;0.0;0.0;1.0;0.0;0.0;0.0;0.0;0.0;0.0;0.0;0.0;0.0;0.0;1.0;0.0;0.0;0.0;0.0;0.0;0.0;0.0;0.0;0.0;0.0;0.0;0.0;0.0;0.0;0.0;0.0;0.0;0.0;9.0;14.0;0.0;1.0;5.0;6.0;0;0;30;0;CURITIBA;REGIÃO LESTE;28
11811.0;2020-12-31;14.0;16.0;22.0;25.0;680.0;32.0;5.0;14.0;19.0;528.0;32.0;0.0;32.0;831.0;26.0;159.0;4;5;5;4;4;4;5;0;0;1;0;0;0;0;0;0;0;0;0;0;0;0;0;0.0;0.0;0.0;0.0;0.0;1.0;0.0;0.0;0.0;0.0;0.0;0.0;0.0;0.0;0.0;0.0;1.0;0.0;0.0;0.0;0.0;0.0;0.0;0.0;0.0;0.0;0.0;0.0;0.0;0.0;0.0;0.0;0.0;0.0;0.0;8.67741935483871;13.580645161290322;0.0;1.0;5.0;6.0;0;0;31;0;CURITIBA;REGIÃO LESTE;29
19791.0;2021-01-31;14.0;19.0;22.0;26.0;694.0;32.0;7.0;14.0;21.0;570.0;32.0;0.0;32.0;819.0;82.0;215.0;5;4;4;4;5;5;4;0;0;0;0;1;0;0;0;0;0;0;0;1;0;0;0;0.0;0.0;0.0;0.0;0.0;0.0;0.0;0.0;0.0;0.0;0.0;0.0;0.0;0.0;0.0;0.0;1.0;0.0;0.0;0.0;0.0;0.0;0.0;0.0;0.0;0.0;0.0;0.0;0.0;0.0;0.0;0.0;0.0;0.0;0.0;8.0;13.0;0.0;1.0;5.0;6.0;0;0;31;0;CURITIBA;REGIÃO LESTE;30
25964.0;2021-02-28;14.0;18.0;22.0;26.0;619.0;32.0;3.0;14.0;21.0;475.0;32.0;0.0;32.0;763.0;24.0;89.0;4;4;4;4;4;4;4;0;0;0;1;0;0;0;0;0;0;0;0;1;0;0;0;0.0;0.0;0.0;0.0;0.0;0.0;0.0;0.0;0.0;0.0;0.0;0.0;0.0;0.0;0.0;0.0;1.0;0.0;0.0;0.0;0.0;0.0;0.0;0.0;0.0;0.0;0.0;0.0;0.0;0.0;0.0;0.0;0.0;0.0;0.0;8.0;13.0;0.0;1.0;5.0;7.0;0;3;28;0;CURITIBA;REGIÃO LESTE;31
17258.0;2021-03-31;12.0;18.0;23.0;25.0;698.0;31.0;4.0;12.0;20.0;548.0;31.0;0.0;31.0;848.0;60.0;123.0;4;5;4;5;4;4;5;0;0;0;0;0;0;0;0;1;0;0;0;1;0;0;0;0.0;0.0;0.0;0.0;0.0;0.0;0.0;0.0;0.0;0.0;0.0;0.0;0.0;0.0;0.0;0.0;1.0;0.0;0.0;0.0;0.0;0.0;0.0;0.0;0.0;0.0;0.0;0.0;0.0;0.0;0.0;0.0;0.0;0.0;0.0;8.0;13.0;0.0;1.0;5.0;7.0;0;0;31;0;CURITIBA;REGIÃO LESTE;32
23403.0;2021-04-30;10.0;16.0;19.0;22.0;561.0;29.0;0.0;10.0;17.0;422.0;29.0;0.0;29.0;700.0;8.0;12.0;4;4;5;4;5;4;4;1;0;0;0;0;0;0;0;0;0;0;0;1;0;0;0;0.0;0.0;0.0;0.0;0.0;0.0;0.0;0.0;0.0;0.0;0.0;0.0;0.0;0.0;0.0;0.0;1.0;0.0;0.0;0.0;0.0;0.0;0.0;0.0;0.0;0.0;0.0;0.0;0.0;0.0;0.0;0.0;0.0;0.0;0.0;8.0;13.0;0.0;1.0;5.0;7.0;0;1;30;0;CURITIBA;REGIÃO LESTE;33
19753.0;2021-05-31;8.0;12.0;17.0;21.0;517.0;28.0;4.0;8.0;16.0;352.0;28.0;0.0;28.0;683.0;59.0;123.0;5;4;4;5;4;5;4;0;0;0;0;0;0;0;1;0;0;0;0;1;0;0;0;0.0;0.0;0.0;0.0;0.0;0.0;0.0;0.0;0.0;0.0;0.0;0.0;0.0;0.0;0.0;0.0;1.0;0.0;0.0;0.0;0.0;0.0;0.0;0.0;0.0;0.0;0.0;0.0;0.0;0.0;0.0;0.0;0.0;0.0;0.0;8.0;13.0;0.0;1.0;5.0;7.0;0;0;31;0;CURITIBA;REGIÃO LESTE;34
20830.0;2021-06-30;6.0;9.0;15.0;20.0;452.0;26.0;3.0;6.0;15.0;326.0;26.0;0.0;26.0;578.0;46.0;89.0;4;5;4;4;4;4;5;0;0;0;0;0;0;1;0;0;0;0;0;1;0;0;0;0.0;0.0;0.0;0.0;0.0;0.0;0.0;0.0;0.0;0.0;0.0;0.0;0.0;0.0;0.0;0.0;1.0;0.0;0.0;0.0;0.0;0.0;0.0;0.0;0.0;0.0;0.0;0.0;0.0;0.0;0.0;0.0;0.0;0.0;0.0;8.0;13.0;0.0;1.0;5.0;7.0;0;1;30;0;CURITIBA;REGIÃO LESTE;35
19659.0;2021-07-31;-14.0;-3.0;12.0;18.0;361.0;26.0;1.0;-14.0;12.0;168.0;26.0;0.0;26.0;554.0;12.0;18.0;4;4;5;4;5;5;4;0;0;0;0;0;1;0;0;0;0;0;0;1;0;0;0;0.0;0.0;0.0;0.0;0.0;0.0;0.0;0.0;0.0;0.0;0.0;0.0;0.0;0.0;0.0;0.0;1.0;0.0;0.0;0.0;0.0;0.0;0.0;0.0;0.0;0.0;0.0;0.0;0.0;0.0;0.0;0.0;0.0;0.0;0.0;8.0;13.0;0.0;1.0;5.0;7.0;0;0;31;0;CURITIBA;REGIÃO LESTE;36
18782.0;2021-08-31;8.0;9.0;17.0;24.0;518.0;30.0;3.0;8.0;18.0;354.0;30.0;0.0;30.0;681.0;34.0;89.0;5;4;4;5;4;4;5;0;1;0;0;0;0;0;0;0;0;0;0;1;0;0;0;0.0;0.0;0.0;0.0;0.0;0.0;0.0;0.0;0.0;0.0;0.0;0.0;0.0;0.0;0.0;0.0;1.0;0.0;0.0;0.0;0.0;0.0;0.0;0.0;0.0;0.0;0.0;0.0;0.0;0.0;0.0;0.0;0.0;0.0;0.0;8.0;13.741935483870968;0.0;1.0;5.0;7.0;0;0;31;0;CURITIBA;REGIÃO LESTE;37
19281.0;2021-09-30;9.0;12.0;19.0;24.0;574.0;31.0;2.0;9.0;18.0;399.0;31.0;0.0;31.0;748.0;16.0;58.0;4;5;5;4;4;4;4;0;0;0;0;0;0;0;0;0;0;0;1;1;0;0;0;0.0;0.0;0.0;0.0;0.0;0.0;0.0;0.0;0.0;0.0;0.0;0.0;0.0;0.0;0.0;0.0;1.0;0.0;0.0;0.0;0.0;0.0;0.0;0.0;0.0;0.0;0.0;0.0;0.0;0.0;0.0;0.0;0.0;0.0;0.0;8.0;14.0;0.0;1.0;5.0;7.0;0;0;30;0;CURITIBA;REGIÃO LESTE;38
11744.0;2021-10-31;10.0;13.0;17.0;21.0;528.0;27.0;6.0;10.0;16.0;412.0;27.0;0.0;27.0;643.0;26.0;172.0;5;4;4;4;5;5;4;0;0;0;0;0;0;0;0;0;0;1;0;1;0;0;0;0.0;0.0;0.0;0.0;0.0;0.0;0.0;0.0;0.0;0.0;0.0;0.0;0.0;0.0;0.0;0.0;1.0;0.0;0.0;0.0;0.0;0.0;0.0;0.0;0.0;0.0;0.0;0.0;0.0;0.0;0.0;0.0;0.0;0.0;0.0;8.0;14.0;0.0;1.0;5.0;7.0;0;0;0;0;CURITIBA;REGIÃO LESTE;39
9969.0;2021-11-30;11.0;16.0;20.0;25.0;611.0;32.0;2.0;11.0;19.0;452.0;32.0;0.0;32.0;770.0;22.0;51.0;4;4;4;5;4;4;5;0;0;0;0;0;0;0;0;0;1;0;0;1;0;0;0;0.0;0.0;0.0;0.0;0.0;0.0;0.0;0.0;0.0;0.0;0.0;0.0;0.0;0.0;0.0;0.0;1.0;0.0;0.0;0.0;0.0;0.0;0.0;0.0;0.0;0.0;0.0;0.0;0.0;0.0;0.0;0.0;0.0;0.0;0.0;8.0;14.0;0.0;1.0;5.0;7.0;0;0;0;0;CURITIBA;REGIÃO LESTE;40
9841.0;2021-12-31;12.0;17.0;22.0;26.0;670.0;33.0;5.0;12.0;20.0;497.0;33.0;0.0;33.0;842.0;47.0;151.0;4;5;5;4;5;4;4;0;0;1;0;0;0;0;0;0;0;0;0;1;0;0;0;0.0;0.0;0.0;0.0;0.0;0.0;0.0;0.0;0.0;0.0;0.0;0.0;0.0;0.0;0.0;0.0;1.0;0.0;0.0;0.0;0.0;0.0;0.0;0.0;0.0;0.0;0.0;0.0;0.0;0.0;0.0;0.0;0.0;0.0;0.0;8.0;14.0;0.0;1.0;5.0;7.0;0;0;0;0;CURITIBA;REGIÃO LESTE;41
7427.0;2022-01-31;14.0;17.0;23.0;27.0;704.0;33.0;7.0;14.0;21.0;552.0;33.0;0.0;33.0;857.0;47.0;211.0;5;4;4;5;4;5;4;0;0;0;0;1;0;0;0;0;0;0;0;0;1;0;0;0.0;0.0;0.0;0.0;0.0;0.0;0.0;0.0;0.0;0.0;0.0;0.0;0.0;0.0;0.0;0.0;1.0;0.0;0.0;0.0;0.0;0.0;0.0;0.0;0.0;0.0;0.0;0.0;0.0;0.0;0.0;0.0;0.0;0.0;0.0;8.0;14.0;0.0;1.0;5.0;7.0;31;0;0;0;CURITIBA;REGIÃO LESTE;42
11256.0;2022-02-28;13.0;19.0;23.0;26.0;650.0;32.0;4.0;13.0;20.0;496.0;32.0;0.0;32.0;804.0;27.0;112.0;4;4;4;4;4;4;4;0;0;0;1;0;0;0;0;0;0;0;0;0;1;0;0;0.0;0.0;0.0;0.0;0.0;0.0;0.0;0.0;0.0;0.0;0.0;0.0;0.0;0.0;0.0;0.0;1.0;0.0;0.0;0.0;0.0;0.0;0.0;0.0;0.0;0.0;0.0;0.0;0.0;0.0;0.0;0.0;0.0;0.0;0.0;8.0;14.0;0.0;1.0;5.0;7.0;0;1;0;0;CURITIBA;REGIÃO LESTE;43
14646.0;2022-03-31;12.0;15.0;22.0;26.0;685.0;32.0;7.0;12.0;20.0;547.0;32.0;0.0;32.0;823.0;103.0;229.0;4;5;5;4;4;4;5;0;0;0;0;0;0;0;0;1;0;0;0;0;1;0;0;0.0;0.0;0.0;0.0;0.0;0.0;0.0;0.0;0.0;0.0;0.0;0.0;0.0;0.0;0.0;0.0;1.0;0.0;0.0;0.0;0.0;0.0;0.0;0.0;0.0;0.0;0.0;0.0;0.0;0.0;0.0;0.0;0.0;0.0;0.0;8.0;14.0;0.0;1.0;5.0;7.0;0;1;0;0;CURITIBA;REGIÃO LESTE;44
14836.0;2022-04-30;8.0;13.0;19.0;23.0;567.0;29.0;3.0;8.0;18.0;430.0;29.0;0.0;29.0;704.0;37.0;104.0;4;4;4;4;5;5;4;1;0;0;0;0;0;0;0;0;0;0;0;0;1;0;0;0.0;0.0;0.0;0.0;0.0;0.0;0.0;0.0;0.0;0.0;0.0;0.0;0.0;0.0;0.0;0.0;1.0;0.0;0.0;0.0;0.0;0.0;0.0;0.0;0.0;0.0;0.0;0.0;0.0;0.0;0.0;0.0;0.0;0.0;0.0;8.0;14.0;0.0;1.0;5.0;7.0;0;1;0;0;CURITIBA;REGIÃO LESTE;45
17630.0;2022-05-31;7.0;10.0;16.0;21.0;499.0;26.0;5.0;7.0;17.0;357.0;26.0;0.0;26.0;641.0;58.0;142.0;5;4;4;5;4;4;5;0;0;0;0;0;0;0;1;0;0;0;0;0;1;0;0;0.0;0.0;0.0;0.0;0.0;0.0;0.0;0.0;0.0;0.0;0.0;0.0;0.0;0.0;0.0;0.0;1.0;0.0;0.0;0.0;0.0;0.0;0.0;0.0;0.0;0.0;0.0;0.0;0.0;0.0;0.0;0.0;0.0;0.0;0.0;8.0;14.0;0.0;1.0;5.0;7.0;0;0;0;0;CURITIBA;REGIÃO LESTE;46
15768.0;2022-06-30;7.0;10.0;15.0;22.0;452.0;26.0;4.0;7.0;17.0;332.0;26.0;0.0;26.0;572.0;56.0;135.0;4;5;5;4;4;4;4;0;0;0;0;0;0;1;0;0;0;0;0;0;1;0;0;0.0;0.0;0.0;0.0;0.0;0.0;0.0;0.0;0.0;0.0;0.0;0.0;0.0;0.0;0.0;0.0;1.0;0.0;0.0;0.0;0.0;0.0;0.0;0.0;0.0;0.0;0.0;0.0;0.0;0.0;0.0;0.0;0.0;0.0;0.0;8.0;14.0;0.0;1.0;5.0;7.0;0;1;0;0;CURITIBA;REGIÃO LESTE;47
13780.0;2022-07-31;7.0;12.0;17.0;20.0;534.0;27.0;1.0;7.0;14.0;346.0;27.0;0.0;27.0;722.0;13.0;30.0;5;4;4;4;5;5;4;0;0;0;0;0;1;0;0;0;0;0;0;0;1;0;0;0.0;0.0;0.0;0.0;0.0;0.0;0.0;0.0;0.0;0.0;0.0;0.0;0.0;0.0;0.0;0.0;1.0;0.0;0.0;0.0;0.0;0.0;0.0;0.0;0.0;0.0;0.0;0.0;0.0;0.0;0.0;0.0;0.0;0.0;0.0;8.0;14.0;0.0;1.0;5.0;7.0;0;0;0;0;CURITIBA;REGIÃO LESTE;48
22258.0;2022-08-31;7.0;10.0;15.0;19.0;467.0;27.0;4.0;7.0;14.0;330.0;27.0;0.0;27.0;604.0;52.0;131.0;4;5;4;5;4;4;5;0;1;0;0;0;0;0;0;0;0;0;0;0;1;0;0;0.0;0.0;0.0;0.0;0.0;0.0;0.0;0.0;0.0;0.0;0.0;0.0;0.0;0.0;0.0;0.0;1.0;0.0;0.0;0.0;0.0;0.0;0.0;0.0;0.0;0.0;0.0;0.0;0.0;0.0;0.0;0.0;0.0;0.0;0.0;8.0;14.0;0.0;1.0;5.0;7.0;0;0;0;0;CURITIBA;REGIÃO LESTE;49
17817.0;2022-09-30;7.0;10.0;15.0;23.0;439.0;30.0;6.0;7.0;17.0;322.0;30.0;0.0;30.0;555.0;36.0;169.0;4;4;5;4;5;4;4;0;0;0;0;0;0;0;0;0;0;0;1;0;1;0;0;0.0;0.0;0.0;0.0;0.0;0.0;0.0;0.0;0.0;0.0;0.0;0.0;0.0;0.0;0.0;0.0;1.0;0.0;0.0;0.0;0.0;0.0;0.0;0.0;0.0;0.0;0.0;0.0;0.0;0.0;0.0;0.0;0.0;0.0;0.0;8.0;14.0;0.0;1.0;5.0;7.0;0;0;0;0;CURITIBA;REGIÃO LESTE;50
17236.0;2022-10-31;9.0;14.0;19.0;23.0;582.0;30.0;5.0;9.0;17.0;435.0;30.0;0.0;30.0;728.0;23.0;147.0;5;4;4;5;4;5;4;0;0;0;0;0;0;0;0;0;0;1;0;0;1;0;0;0.0;0.0;0.0;0.0;0.0;0.0;0.0;0.0;0.0;0.0;0.0;0.0;0.0;0.0;0.0;0.0;1.0;0.0;0.0;0.0;0.0;0.0;0.0;0.0;0.0;0.0;0.0;0.0;0.0;0.0;0.0;0.0;0.0;0.0;0.0;8.0;14.0;0.0;1.0;5.0;7.0;0;0;0;0;CURITIBA;REGIÃO LESTE;51
15360.0;2022-11-30;8.0;10.0;18.0;22.0;538.0;28.0;6.0;8.0;18.0;396.0;28.0;0.0;28.0;679.0;28.0;176.0;4;5;4;4;4;4;5;0;0;0;0;0;0;0;0;0;1;0;0;0;1;0;0;0.0;0.0;0.0;0.0;0.0;0.0;0.0;0.0;0.0;0.0;0.0;0.0;0.0;0.0;0.0;0.0;1.0;0.0;0.0;0.0;0.0;0.0;0.0;0.0;0.0;0.0;0.0;0.0;0.0;0.0;0.0;0.0;0.0;0.0;0.0;8.0;14.0;0.0;1.0;5.0;7.0;0;0;0;0;CURITIBA;REGIÃO LESTE;52
13020.0;2022-12-31;13.0;17.0;21.0;25.0;661.0;32.0;5.0;13.0;21.0;515.0;32.0;0.0;32.0;807.0;56.0;168.0;4;4;5;4;5;5;4;0;0;1;0;0;0;0;0;0;0;0;0;0;1;0;0;0.0;0.0;0.0;0.0;0.0;0.0;0.0;0.0;0.0;0.0;0.0;0.0;0.0;0.0;0.0;0.0;1.0;0.0;0.0;0.0;0.0;0.0;0.0;0.0;0.0;0.0;0.0;0.0;0.0;0.0;0.0;0.0;0.0;0.0;0.0;8.0;14.0;0.0;1.0;5.0;7.0;0;0;0;0;CURITIBA;REGIÃO LESTE;53
10292.0;2023-01-31;13.0;17.0;22.0;25.0;687.0;32.0;4.0;13.0;20.0;533.0;32.0;0.0;32.0;842.0;48.0;112.0;5;4;4;5;4;4;5;0;0;0;0;1;0;0;0;0;0;0;0;0;0;1;0;0.0;0.0;0.0;0.0;0.0;0.0;0.0;0.0;0.0;0.0;0.0;0.0;0.0;0.0;0.0;0.0;1.0;0.0;0.0;0.0;0.0;0.0;0.0;0.0;0.0;0.0;0.0;0.0;0.0;0.0;0.0;0.0;0.0;0.0;0.0;8.0;14.0;0.0;1.0;5.0;7.0;31;0;0;0;CURITIBA;REGIÃO LESTE;54
9352.0;2023-02-28;13.0;15.0;22.0;24.0;622.0;31.0;5.0;13.0;20.0;492.0;31.0;0.0;31.0;753.0;21.0;128.0;4;4;4;4;4;4;4;0;0;0;1;0;0;0;0;0;0;0;0;0;0;1;0;0.0;0.0;0.0;0.0;0.0;0.0;0.0;0.0;0.0;0.0;0.0;0.0;0.0;0.0;0.0;0.0;1.0;0.0;0.0;0.0;0.0;0.0;0.0;0.0;0.0;0.0;0.0;0.0;0.0;0.0;0.0;0.0;0.0;0.0;0.0;8.0;14.0;0.0;1.0;5.0;7.0;0;3;0;0;CURITIBA;REGIÃO LESTE;55
25203.0;2023-03-31;14.0;20.0;22.0;25.0;696.0;31.0;3.0;14.0;20.0;550.0;31.0;0.0;31.0;843.0;23.0;96.0;4;5;5;4;5;4;4;0;0;0;0;0;0;0;0;1;0;0;0;0;0;1;0;0.0;0.0;0.0;0.0;0.0;0.0;0.0;0.0;0.0;0.0;0.0;0.0;0.0;0.0;0.0;0.0;1.0;0.0;0.0;0.0;0.0;0.0;0.0;0.0;0.0;0.0;0.0;0.0;0.0;0.0;0.0;0.0;0.0;0.0;0.0;8.0;14.0;0.0;1.0;5.0;7.0;0;0;0;0;CURITIBA;REGIÃO LESTE;56
15330.0;2023-04-30;9.0;15.0;19.0;23.0;562.0;28.0;3.0;9.0;17.0;431.0;28.0;0.0;28.0;694.0;25.0;84.0;5;4;4;4;4;5;4;1;0;0;0;0;0;0;0;0;0;0;0;0;0;1;0;0.0;0.0;0.0;0.0;0.0;0.0;0.0;0.0;0.0;0.0;0.0;0.0;0.0;0.0;0.0;0.0;1.0;0.0;0.0;0.0;0.0;0.0;0.0;0.0;0.0;0.0;0.0;0.0;0.0;0.0;0.0;0.0;0.0;0.0;0.0;8.0;14.0;0.0;1.0;5.0;7.0;0;1;0;0;CURITIBA;REGIÃO LESTE;57
17143.0;2023-05-31;8.0;14.0;18.0;22.0;551.0;28.0;2.0;8.0;19.0;396.0;28.0;0.0;28.0;706.0;34.0;57.0;4;5;4;5;4;4;5;0;0;0;0;0;0;0;1;0;0;0;0;0;0;1;0;0.0;0.0;0.0;0.0;0.0;0.0;0.0;0.0;0.0;0.0;0.0;0.0;0.0;0.0;0.0;0.0;1.0;0.0;0.0;0.0;0.0;0.0;0.0;0.0;0.0;0.0;0.0;0.0;0.0;0.0;0.0;0.0;0.0;0.0;0.0;8.0;14.0;0.0;1.0;5.0;7.0;0;0;0;0;CURITIBA;REGIÃO LESTE;58
15570.0;2023-06-30;6.0;10.0;16.0;22.0;473.0;27.0;1.0;6.0;17.0;317.0;27.0;0.0;27.0;630.0;18.0;44.0;4;4;5;4;5;4;4;0;0;0;0;0;0;1;0;0;0;0;0;0;0;1;0;0.0;0.0;0.0;0.0;0.0;0.0;0.0;0.0;0.0;0.0;0.0;0.0;0.0;0.0;0.0;0.0;1.0;0.0;0.0;0.0;0.0;0.0;0.0;0.0;0.0;0.0;0.0;0.0;0.0;0.0;0.0;0.0;0.0;0.0;0.0;8.0;14.0;0.0;1.0;5.0;7.0;0;1;0;0;CURITIBA;REGIÃO LESTE;59
11284.0;2023-07-31;4.0;10.0;15.0;20.0;480.0;26.0;3.0;4.0;15.0;340.0;26.0;0.0;26.0;620.0;23.0;80.0;5;4;4;5;4;5;4;0;0;0;0;0;1;0;0;0;0;0;0;0;0;1;0;0.0;0.0;0.0;0.0;0.0;0.0;0.0;0.0;0.0;0.0;0.0;0.0;0.0;0.0;0.0;0.0;1.0;0.0;0.0;0.0;0.0;0.0;0.0;0.0;0.0;0.0;0.0;0.0;0.0;0.0;0.0;0.0;0.0;0.0;0.0;8.0;14.0;0.0;1.0;5.0;7.0;15;0;0;0;CURITIBA;REGIÃO LESTE;60
17515.0;2023-08-31;6.0;9.0;17.0;26.0;518.0;30.0;4.0;6.0;21.0;352.0;30.0;0.0;30.0;683.0;30.0;114.0;4;5;5;4;4;4;5;0;1;0;0;0;0;0;0;0;0;0;0;0;0;1;0;0.0;0.0;0.0;0.0;0.0;0.0;0.0;0.0;0.0;0.0;0.0;0.0;0.0;0.0;0.0;0.0;1.0;0.0;0.0;0.0;0.0;0.0;0.0;0.0;0.0;0.0;0.0;0.0;0.0;0.0;0.0;0.0;0.0;0.0;0.0;8.0;14.0;0.0;1.0;5.0;7.0;0;0;0;0;CURITIBA;REGIÃO LESTE;61
17430.0;2023-09-30;10.0;14.0;20.0;26.0;603.0;33.0;4.0;10.0;19.0;439.0;33.0;0.0;33.0;766.0;23.0;110.0;4;4;4;4;5;5;4;0;0;0;0;0;0;0;0;0;0;0;1;0;0;1;0;0.0;0.0;0.0;0.0;0.0;0.0;0.0;0.0;0.0;0.0;0.0;0.0;0.0;0.0;0.0;0.0;1.0;0.0;0.0;0.0;0.0;0.0;0.0;0.0;0.0;0.0;0.0;0.0;0.0;0.0;0.0;0.0;0.0;0.0;0.0;8.0;14.0;0.0;1.0;5.0;7.0;0;0;0;0;CURITIBA;REGIÃO LESTE;62
16399.0;2023-10-31;11.0;12.0;19.0;24.0;584.0;32.0;14.0;11.0;18.0;451.0;32.0;0.0;32.0;718.0;63.0;436.0;5;4;4;5;4;4;5;0;0;0;0;0;0;0;0;0;0;1;0;0;0;1;0;0.0;0.0;0.0;0.0;0.0;0.0;0.0;0.0;0.0;0.0;0.0;0.0;0.0;0.0;0.0;0.0;1.0;0.0;0.0;0.0;0.0;0.0;0.0;0.0;0.0;0.0;0.0;0.0;0.0;0.0;0.0;0.0;0.0;0.0;0.0;8.0;14.0;0.0;1.0;5.0;7.0;0;0;0;0;CURITIBA;REGIÃO LESTE;63
20340.0;2023-11-30;8.0;16.0;21.0;27.0;638.0;35.0;8.0;8.0;21.0;491.0;35.0;0.0;35.0;786.0;83.0;231.0;4;5;5;4;4;4;4;0;0;0;0;0;0;0;0;0;1;0;0;0;0;1;0;0.0;0.0;0.0;0.0;0.0;0.0;0.0;0.0;0.0;0.0;0.0;0.0;0.0;0.0;0.0;0.0;1.0;0.0;0.0;0.0;0.0;0.0;0.0;0.0;0.0;0.0;0.0;0.0;0.0;0.0;0.0;0.0;0.0;0.0;0.0;8.0;14.0;0.0;1.0;5.0;7.0;0;0;0;0;CURITIBA;REGIÃO LESTE;64
14384.0;2023-12-31;13.0;17.0;23.0;28.0;725.0;35.0;2.0;13.0;22.0;558.0;35.0;0.0;35.0;892.0;28.0;54.0;5;4;4;4;5;5;4;0;0;1;0;0;0;0;0;0;0;0;0;0;0;1;0;0.0;0.0;0.0;0.0;0.0;0.0;0.0;0.0;0.0;0.0;0.0;0.0;0.0;0.0;0.0;0.0;1.0;0.0;0.0;0.0;0.0;0.0;0.0;0.0;0.0;0.0;0.0;0.0;0.0;0.0;0.0;0.0;0.0;0.0;0.0;8.0;14.0;0.0;1.0;5.0;7.0;0;0;0;0;CURITIBA;REGIÃO LESTE;65
12276.0;2024-01-31;13.0;17.0;23.0;28.0;706.0;35.0;5.0;13.0;22.0;549.0;35.0;0.0;35.0;862.0;41.0;161.0;4;5;4;5;4;4;5;0;0;0;0;1;0;0;0;0;0;0;0;0;0;0;1;0.0;0.0;0.0;0.0;0.0;0.0;0.0;0.0;0.0;0.0;0.0;0.0;0.0;0.0;0.0;0.0;1.0;0.0;0.0;0.0;0.0;0.0;0.0;0.0;0.0;0.0;0.0;0.0;0.0;0.0;0.0;0.0;0.0;0.0;0.0;8.0;14.0;0.0;1.0;5.0;7.0;31;0;0;0;CURITIBA;REGIÃO LESTE;66
19256.0;2024-02-29;16.0;18.0;23.0;27.0;679.0;32.0;6.0;16.0;22.0;538.0;32.0;0.0;32.0;819.0;48.0;186.0;4;4;5;4;4;4;4;0;0;0;1;0;0;0;0;0;0;0;0;0;0;0;1;0.0;0.0;0.0;0.0;0.0;0.0;0.0;0.0;0.0;0.0;0.0;0.0;0.0;0.0;0.0;0.0;1.0;0.0;0.0;0.0;0.0;0.0;0.0;0.0;0.0;0.0;0.0;0.0;0.0;0.0;0.0;0.0;0.0;0.0;0.0;8.0;14.0;0.0;1.0;5.0;8.0;0;3;0;0;CURITIBA;REGIÃO LESTE;67
26722.0;2024-03-31;14.0;17.0;23.0;28.0;710.0;33.0;2.0;14.0;23.0;567.0;33.0;0.0;33.0;853.0;22.0;47.0;5;4;4;4;5;5;4;0;0;0;0;0;0;0;0;1;0;0;0;0;0;0;1;0.0;0.0;0.0;0.0;0.0;0.0;0.0;0.0;0.0;0.0;0.0;0.0;0.0;0.0;0.0;0.0;1.0;0.0;0.0;0.0;0.0;0.0;0.0;0.0;0.0;0.0;0.0;0.0;0.0;0.0;0.0;0.0;0.0;0.0;0.0;8.0;14.0;0.0;1.0;5.0;8.0;0;1;0;0;CURITIBA;REGIÃO LESTE;68
16680.0;2024-04-30;9.0;16.0;22.0;26.0;645.0;31.0;4.0;9.0;21.0;512.0;31.0;0.0;31.0;778.0;61.0;128.0;4;4;4;5;4;4;5;1;0;0;0;0;0;0;0;0;0;0;0;0;0;0;1;0.0;0.0;0.0;0.0;0.0;0.0;0.0;0.0;0.0;0.0;0.0;0.0;0.0;0.0;0.0;0.0;1.0;0.0;0.0;0.0;0.0;0.0;0.0;0.0;0.0;0.0;0.0;0.0;0.0;0.0;0.0;0.0;0.0;0.0;0.0;8.0;14.0;0.0;1.0;5.0;8.0;0;0;0;0;CURITIBA;REGIÃO LESTE;69
10075.0;2024-05-31;5.0;11.0;19.0;26.0;598.0;30.0;5.0;5.0;22.0;446.0;30.0;0.0;30.0;750.0;51.0;143.0;4;5;5;4;5;4;4;0;0;0;0;0;0;0;1;0;0;0;0;0;0;0;1;0.0;0.0;0.0;0.0;0.0;0.0;0.0;0.0;0.0;0.0;0.0;0.0;0.0;0.0;0.0;0.0;1.0;0.0;0.0;0.0;0.0;0.0;0.0;0.0;0.0;0.0;0.0;0.0;0.0;0.0;0.0;0.0;0.0;0.0;0.0;8.0;14.0;0.0;1.0;5.0;8.0;0;1;0;30;CURITIBA;REGIÃO LESTE;70
9360.0;2024-06-30;9.0;16.0;19.0;22.0;560.0;27.0;1.0;9.0;17.0;385.0;27.0;0.0;27.0;736.0;11.0;29.0;5;4;4;4;4;5;4;0;0;0;0;0;0;1;0;0;0;0;0;0;0;0;1;0.0;0.0;0.0;0.0;0.0;0.0;0.0;0.0;0.0;0.0;0.0;0.0;0.0;0.0;0.0;0.0;1.0;0.0;0.0;0.0;0.0;0.0;0.0;0.0;0.0;0.0;0.0;0.0;0.0;0.0;0.0;0.0;0.0;0.0;0.0;8.0;14.0;0.0;1.0;5.0;8.0;0;0;0;30;CURITIBA;REGIÃO LESTE;71
14322.0;2024-07-31;10.0;15.0;15.0;15.0;473.0;21.0;1.0;10.0;10.0;303.0;21.0;1.0;21.0;643.0;1.0;34.0;4;5;4;5;4;4;5;0;0;0;0;0;1;0;0;0;0;0;0;0;0;0;1;0.0;0.0;0.0;0.0;0.0;0.0;0.0;0.0;0.0;0.0;0.0;0.0;0.0;0.0;0.0;0.0;1.0;0.0;0.0;0.0;0.0;0.0;0.0;0.0;0.0;0.0;0.0;0.0;0.0;0.0;0.0;0.0;0.0;0.0;0.0;8.0;14.0;0.0;1.0;5.0;8.0;12;0;0;0;CURITIBA;REGIÃO LESTE;72
19251.0;2024-08-31;11.0;16.0;16.0;16.0;496.0;21.0;3.0;11.0;11.0;336.0;21.0;3.0;21.0;656.0;3.0;89.0;4;4;5;4;5;5;4;0;1;0;0;0;0;0;0;0;0;0;0;0;0;0;1;0.0;0.0;0.0;0.0;0.0;0.0;0.0;0.0;0.0;0.0;0.0;0.0;0.0;0.0;0.0;0.0;1.0;0.0;0.0;0.0;0.0;0.0;0.0;0.0;0.0;0.0;0.0;0.0;0.0;0.0;0.0;0.0;0.0;0.0;0.0;8.0;14.0;0.0;1.0;5.0;8.0;0;0;0;0;CURITIBA;REGIÃO LESTE;73
21660.0;2024-09-30;13.0;18.0;18.0;18.0;547.0;23.0;3.0;13.0;13.0;393.0;23.0;3.0;23.0;701.0;3.0;96.0;5;4;4;5;4;4;4;0;0;0;0;0;0;0;0;0;0;0;1;0;0;0;1;0.0;0.0;0.0;0.0;0.0;0.0;0.0;0.0;0.0;0.0;0.0;0.0;0.0;0.0;0.0;0.0;1.0;0.0;0.0;0.0;0.0;0.0;0.0;0.0;0.0;0.0;0.0;0.0;0.0;0.0;0.0;0.0;0.0;0.0;0.0;8.0;14.0;0.0;1.0;5.0;8.0;0;0;0;0;CURITIBA;REGIÃO LESTE;74
21576.0;2024-10-31;14.0;19.0;19.0;19.0;588.0;24.0;7.0;14.0;14.0;444.0;24.0;7.0;24.0;732.0;7.0;204.0;4;5;5;4;4;4;5;0;0;0;0;0;0;0;0;0;0;1;0;0;0;0;1;0.0;0.0;0.0;0.0;0.0;0.0;0.0;0.0;0.0;0.0;0.0;0.0;0.0;0.0;0.0;0.0;1.0;0.0;0.0;0.0;0.0;0.0;0.0;0.0;0.0;0.0;0.0;0.0;0.0;0.0;0.0;0.0;0.0;0.0;0.0;8.0;14.0;0.0;1.0;5.0;8.0;0;0;0;0;CURITIBA;REGIÃO LESTE;75
16622.0;2015-01-31;21.0;23.0;28.0;32.0;872.0;36.0;0.0;21.0;29.0;746.0;36.0;0.0;36.0;998.0;0.0;0.0;4;4;5;4;5;5;4;0;0;0;0;1;0;0;0;0;0;0;0;0;0;0;0;1.0;0.0;0.0;0.0;0.0;0.0;0.0;0.0;0.0;0.0;0.0;0.0;0.0;0.0;0.0;0.0;0.0;1.0;0.0;0.0;0.0;0.0;0.0;0.0;0.0;0.0;0.0;0.0;0.0;0.0;0.0;0.0;0.0;0.0;0.0;3.0;3.0;0.0;0.0;2.0;0.0;31;0;0;0;FOZ DO IGUAÇU;REGIÃO OESTE;1
21192.0;2015-02-28;18.0;24.0;28.0;32.0;782.0;37.0;1.0;18.0;31.0;672.0;37.0;0.0;37.0;892.0;39.0;39.0;4;4;4;4;4;4;4;0;0;0;1;0;0;0;0;0;0;0;0;0;0;0;0;1.0;0.0;0.0;0.0;0.0;0.0;0.0;0.0;0.0;0.0;0.0;0.0;0.0;0.0;0.0;0.0;0.0;1.0;0.0;0.0;0.0;0.0;0.0;0.0;0.0;0.0;0.0;0.0;0.0;0.0;0.0;0.0;0.0;0.0;0.0;3.0;3.0;0.0;0.0;2.0;0.0;0;3;0;0;FOZ DO IGUAÇU;REGIÃO OESTE;2
25600.0;2015-03-31;16.0;22.0;27.0;32.0;828.0;33.0;3.0;16.0;31.0;725.0;33.0;0.0;33.0;932.0;45.0;92.0;5;4;4;5;4;4;5;0;0;0;0;0;0;0;0;1;0;0;0;0;0;0;0;1.0;0.0;0.0;0.0;0.0;0.0;0.0;0.0;0.0;0.0;0.0;0.0;0.0;0.0;0.0;0.0;0.0;1.0;0.0;0.0;0.0;0.0;0.0;0.0;0.0;0.0;0.0;0.0;0.0;0.0;0.0;0.0;0.0;0.0;0.0;3.0;3.0;0.0;0.0;2.0;0.0;0;0;0;0;FOZ DO IGUAÇU;REGIÃO OESTE;3
19866.0;2015-04-30;15.0;19.0;24.0;27.0;709.0;31.0;3.0;15.0;25.0;620.0;31.0;0.0;31.0;798.0;71.0;86.0;4;5;5;4;4;4;4;1;0;0;0;0;0;0;0;0;0;0;0;0;0;0;0;1.0;0.0;0.0;0.0;0.0;0.0;0.0;0.0;0.0;0.0;0.0;0.0;0.0;0.0;0.0;0.0;0.0;1.0;0.0;0.0;0.0;0.0;0.0;0.0;0.0;0.0;0.0;0.0;0.0;0.0;0.0;0.0;0.0;0.0;0.0;3.0;3.0;0.0;0.0;2.0;0.0;0;1;0;0;FOZ DO IGUAÇU;REGIÃO OESTE;4
17687.0;2015-05-31;6.0;12.0;19.0;24.0;597.0;30.0;6.0;6.0;21.0;465.0;30.0;0.0;30.0;730.0;57.0;200.0;5;4;4;4;5;5;4;0;0;0;0;0;0;0;1;0;0;0;0;0;0;0;0;1.0;0.0;0.0;0.0;0.0;0.0;0.0;0.0;0.0;0.0;0.0;0.0;0.0;0.0;0.0;0.0;0.0;1.0;0.0;0.0;0.0;0.0;0.0;0.0;0.0;0.0;0.0;0.0;0.0;0.0;0.0;0.0;0.0;0.0;0.0;3.0;3.0;0.0;0.0;2.0;0.0;0;0;0;0;FOZ DO IGUAÇU;REGIÃO OESTE;5
17070.0;2015-06-30;4.0;11.0;19.0;23.0;570.0;30.0;6.0;4.0;19.0;410.0;30.0;0.0;30.0;731.0;79.0;165.0;4;4;4;5;4;4;5;0;0;0;0;0;0;1;0;0;0;0;0;0;0;0;0;1.0;0.0;0.0;0.0;0.0;0.0;0.0;0.0;0.0;0.0;0.0;0.0;0.0;0.0;0.0;0.0;0.0;1.0;0.0;0.0;0.0;0.0;0.0;0.0;0.0;0.0;0.0;0.0;0.0;0.0;0.0;0.0;0.0;0.0;0.0;3.0;3.0;0.0;0.0;2.0;0.0;0;1;0;0;FOZ DO IGUAÇU;REGIÃO OESTE;6
7664.0;2015-07-31;5.0;11.0;17.0;23.0;531.0;29.0;8.0;5.0;17.0;400.0;29.0;0.0;29.0;663.0;36.0;244.0;4;5;5;4;5;4;4;0;0;0;0;0;1;0;0;0;0;0;0;0;0;0;0;1.0;0.0;0.0;0.0;0.0;0.0;0.0;0.0;0.0;0.0;0.0;0.0;0.0;0.0;0.0;0.0;0.0;1.0;0.0;0.0;0.0;0.0;0.0;0.0;0.0;0.0;0.0;0.0;0.0;0.0;0.0;0.0;0.0;0.0;0.0;3.0;3.0;0.0;0.0;2.0;0.0;15;0;0;3;FOZ DO IGUAÇU;REGIÃO OESTE;7
4499.0;2015-08-31;7.0;15.0;22.0;27.0;690.0;34.0;2.0;7.0;21.0;483.0;34.0;0.0;34.0;897.0;26.0;50.0;5;4;4;5;4;5;4;0;1;0;0;0;0;0;0;0;0;0;0;0;0;0;0;1.0;0.0;0.0;0.0;0.0;0.0;0.0;0.0;0.0;0.0;0.0;0.0;0.0;0.0;0.0;0.0;0.0;1.0;0.0;0.0;0.0;0.0;0.0;0.0;0.0;0.0;0.0;0.0;0.0;0.0;0.0;0.0;0.0;0.0;0.0;3.0;3.0;0.0;0.0;2.0;0.0;0;0;0;31;FOZ DO IGUAÇU;REGIÃO OESTE;8
15324.0;2015-09-30;3.0;12.0;22.0;30.0;668.0;38.0;3.0;3.0;23.0;467.0;38.0;0.0;38.0;869.0;28.0;90.0;4;5;4;4;4;4;5;0;0;0;0;0;0;0;0;0;0;0;1;0;0;0;0;1.0;0.0;0.0;0.0;0.0;0.0;0.0;0.0;0.0;0.0;0.0;0.0;0.0;0.0;0.0;0.0;0.0;1.0;0.0;0.0;0.0;0.0;0.0;0.0;0.0;0.0;0.0;0.0;0.0;0.0;0.0;0.0;0.0;0.0;0.0;3.0;3.0;0.0;0.0;2.0;0.0;0;0;0;30;FOZ DO IGUAÇU;REGIÃO OESTE;9
25226.0;2015-10-31;10.0;16.0;24.0;31.0;747.0;38.0;4.0;10.0;25.0;580.0;38.0;0.0;38.0;915.0;35.0;130.0;4;4;5;4;5;5;4;0;0;0;0;0;0;0;0;0;0;1;0;0;0;0;0;1.0;0.0;0.0;0.0;0.0;0.0;0.0;0.0;0.0;0.0;0.0;0.0;0.0;0.0;0.0;0.0;0.0;1.0;0.0;0.0;0.0;0.0;0.0;0.0;0.0;0.0;0.0;0.0;0.0;0.0;0.0;0.0;0.0;0.0;0.0;3.0;3.0;0.0;0.0;2.0;0.0;0;0;0;7;FOZ DO IGUAÇU;REGIÃO OESTE;10
27798.0;2015-11-30;10.0;19.0;24.0;29.0;709.0;36.0;8.0;10.0;23.0;578.0;36.0;0.0;36.0;840.0;94.0;252.0;5;4;4;5;4;4;4;0;0;0;0;0;0;0;0;0;1;0;0;0;0;0;0;1.0;0.0;0.0;0.0;0.0;0.0;0.0;0.0;0.0;0.0;0.0;0.0;0.0;0.0;0.0;0.0;0.0;1.0;0.0;0.0;0.0;0.0;0.0;0.0;0.0;0.0;0.0;0.0;0.0;0.0;0.0;0.0;0.0;0.0;0.0;3.0;3.0;0.0;0.0;2.0;0.0;0;0;0;0;FOZ DO IGUAÇU;REGIÃO OESTE;11
23820.0;2015-12-31;15.0;21.0;25.0;28.0;777.0;33.0;10.0;15.0;24.0;640.0;33.0;0.0;33.0;914.0;81.0;298.0;4;5;5;4;4;4;5;0;0;1;0;0;0;0;0;0;0;0;0;0;0;0;0;1.0;0.0;0.0;0.0;0.0;0.0;0.0;0.0;0.0;0.0;0.0;0.0;0.0;0.0;0.0;0.0;0.0;1.0;0.0;0.0;0.0;0.0;0.0;0.0;0.0;0.0;0.0;0.0;0.0;0.0;0.0;0.0;0.0;0.0;0.0;3.0;3.0;0.0;0.0;2.0;0.0;0;0;0;0;FOZ DO IGUAÇU;REGIÃO OESTE;12
22976.0;2016-01-31;18.0;24.0;27.0;31.0;834.0;37.0;3.0;18.0;24.0;668.0;37.0;0.0;37.0;1001.0;21.0;82.0;5;4;4;4;5;5;4;0;0;0;0;1;0;0;0;0;0;0;0;0;0;0;0;0.0;1.0;0.0;0.0;0.0;0.0;0.0;0.0;0.0;0.0;0.0;0.0;0.0;0.0;0.0;0.0;0.0;1.0;0.0;0.0;0.0;0.0;0.0;0.0;0.0;0.0;0.0;0.0;0.0;0.0;0.0;0.0;0.0;0.0;0.0;3.0;3.0;0.0;0.0;2.0;0.0;31;0;0;0;FOZ DO IGUAÇU;REGIÃO OESTE;13
25274.0;2016-02-29;20.0;24.0;27.0;30.0;791.0;36.0;2.0;20.0;25.0;646.0;36.0;0.0;36.0;937.0;24.0;63.0;4;4;4;5;4;4;4;0;0;0;1;0;0;0;0;0;0;0;0;0;0;0;0;0.0;1.0;0.0;0.0;0.0;0.0;0.0;0.0;0.0;0.0;0.0;0.0;0.0;0.0;0.0;0.0;0.0;1.0;0.0;0.0;0.0;0.0;0.0;0.0;0.0;0.0;0.0;0.0;0.0;0.0;0.0;0.0;0.0;0.0;0.0;3.0;3.0;0.0;0.0;2.0;0.0;0;3;0;0;FOZ DO IGUAÇU;REGIÃO OESTE;14
30273.0;2016-03-31;13.0;19.0;24.0;28.0;733.0;34.0;1.0;13.0;22.0;576.0;34.0;0.0;34.0;890.0;18.0;32.0;4;5;5;4;4;4;5;0;0;0;0;0;0;0;0;1;0;0;0;0;0;0;0;0.0;1.0;0.0;0.0;0.0;0.0;0.0;0.0;0.0;0.0;0.0;0.0;0.0;0.0;0.0;0.0;0.0;1.0;0.0;0.0;0.0;0.0;0.0;0.0;0.0;0.0;0.0;0.0;0.0;0.0;0.0;0.0;0.0;0.0;0.0;3.0;3.0;0.0;0.0;2.0;0.0;0;1;0;0;FOZ DO IGUAÇU;REGIÃO OESTE;15
27936.0;2016-04-30;3.0;10.0;24.0;28.0;728.0;34.0;1.0;3.0;23.0;562.0;34.0;0.0;34.0;894.0;7.0;19.0;4;4;4;4;5;5;4;1;0;0;0;0;0;0;0;0;0;0;0;0;0;0;0;0.0;1.0;0.0;0.0;0.0;0.0;0.0;0.0;0.0;0.0;0.0;0.0;0.0;0.0;0.0;0.0;0.0;1.0;0.0;0.0;0.0;0.0;0.0;0.0;0.0;0.0;0.0;0.0;0.0;0.0;0.0;0.0;0.0;0.0;0.0;3.0;3.0;0.0;0.0;2.0;0.0;0;0;0;0;FOZ DO IGUAÇU;REGIÃO OESTE;16
23228.0;2016-05-31;4.0;12.0;18.0;22.0;544.0;28.0;1.0;4.0;18.0;407.0;28.0;0.0;28.0;682.0;15.0;31.0;5;4;4;5;4;4;5;0;0;0;0;0;0;0;1;0;0;0;0;0;0;0;0;0.0;1.0;0.0;0.0;0.0;0.0;0.0;0.0;0.0;0.0;0.0;0.0;0.0;0.0;0.0;0.0;0.0;1.0;0.0;0.0;0.0;0.0;0.0;0.0;0.0;0.0;0.0;0.0;0.0;0.0;0.0;0.0;0.0;0.0;0.0;3.0;3.0;0.0;0.0;2.0;0.0;0;1;0;0;FOZ DO IGUAÇU;REGIÃO OESTE;17
20814.0;2016-06-30;-2.0;7.0;14.0;22.0;433.0;30.0;0.0;-2.0;16.0;258.0;30.0;0.0;30.0;607.0;0.0;0.0;4;5;5;4;4;4;4;0;0;0;0;0;0;1;0;0;0;0;0;0;0;0;0;0.0;1.0;0.0;0.0;0.0;0.0;0.0;0.0;0.0;0.0;0.0;0.0;0.0;0.0;0.0;0.0;0.0;1.0;0.0;0.0;0.0;0.0;0.0;0.0;0.0;0.0;0.0;0.0;0.0;0.0;0.0;0.0;0.0;0.0;0.0;3.0;3.0;0.0;0.0;2.0;0.0;0;0;0;0;FOZ DO IGUAÇU;REGIÃO OESTE;18
19267.0;2016-07-31;1.0;6.0;18.0;25.0;548.0;32.0;0.0;1.0;19.0;343.0;32.0;0.0;32.0;754.0;0.0;0.0;5;4;4;4;5;5;4;0;0;0;0;0;1;0;0;0;0;0;0;0;0;0;0;0.0;1.0;0.0;0.0;0.0;0.0;0.0;0.0;0.0;0.0;0.0;0.0;0.0;0.0;0.0;0.0;0.0;1.0;0.0;0.0;0.0;0.0;0.0;0.0;0.0;0.0;0.0;0.0;0.0;0.0;0.0;0.0;0.0;0.0;0.0;3.0;3.0;0.0;0.0;2.0;0.0;14;0;0;0;FOZ DO IGUAÇU;REGIÃO OESTE;19
20479.0;2016-08-31;3.0;11.0;19.0;25.0;585.0;33.0;0.0;3.0;18.0;405.0;33.0;0.0;33.0;764.0;1.0;1.0;4;5;4;5;4;4;5;0;1;0;0;0;0;0;0;0;0;0;0;0;0;0;0;0.0;1.0;0.0;0.0;0.0;0.0;0.0;0.0;0.0;0.0;0.0;0.0;0.0;0.0;0.0;0.0;0.0;1.0;0.0;0.0;0.0;0.0;0.0;0.0;0.0;0.0;0.0;0.0;0.0;0.0;0.0;0.0;0.0;0.0;0.0;3.0;3.0;0.0;0.0;2.0;0.0;0;0;0;0;FOZ DO IGUAÇU;REGIÃO OESTE;20
23520.0;2016-09-30;2.0;11.0;19.0;26.0;569.0;34.0;0.0;2.0;19.0;340.0;34.0;0.0;34.0;798.0;2.0;4.0;4;4;5;4;5;4;4;0;0;0;0;0;0;0;0;0;0;0;1;0;0;0;0;0.0;1.0;0.0;0.0;0.0;0.0;0.0;0.0;0.0;0.0;0.0;0.0;0.0;0.0;0.0;0.0;0.0;1.0;0.0;0.0;0.0;0.0;0.0;0.0;0.0;0.0;0.0;0.0;0.0;0.0;0.0;0.0;0.0;0.0;0.0;3.0;3.0;0.0;0.0;2.0;0.0;0;0;0;0;FOZ DO IGUAÇU;REGIÃO OESTE;21
28342.0;2016-10-31;8.0;15.0;22.0;30.0;689.0;36.0;0.0;8.0;24.0;504.0;36.0;0.0;36.0;874.0;0.0;1.0;5;4;4;5;4;5;4;0;0;0;0;0;0;0;0;0;0;1;0;0;0;0;0;0.0;1.0;0.0;0.0;0.0;0.0;0.0;0.0;0.0;0.0;0.0;0.0;0.0;0.0;0.0;0.0;0.0;1.0;0.0;0.0;0.0;0.0;0.0;0.0;0.0;0.0;0.0;0.0;0.0;0.0;0.0;0.0;0.0;0.0;0.0;3.0;3.0;0.0;0.0;2.0;0.0;0;0;0;0;FOZ DO IGUAÇU;REGIÃO OESTE;22
29262.0;2016-11-30;8.0;16.0;23.0;27.0;700.0;34.0;4.0;8.0;24.0;501.0;34.0;0.0;34.0;900.0;61.0;109.0;4;5;4;4;4;4;5;0;0;0;0;0;0;0;0;0;1;0;0;0;0;0;0;0.0;1.0;0.0;0.0;0.0;0.0;0.0;0.0;0.0;0.0;0.0;0.0;0.0;0.0;0.0;0.0;0.0;1.0;0.0;0.0;0.0;0.0;0.0;0.0;0.0;0.0;0.0;0.0;0.0;0.0;0.0;0.0;0.0;0.0;0.0;3.0;3.0;0.0;0.0;2.0;0.0;0;0;0;0;FOZ DO IGUAÇU;REGIÃO OESTE;23
24307.0;2016-12-31;12.0;22.0;25.0;29.0;774.0;35.0;7.0;12.0;23.0;610.0;35.0;0.0;35.0;938.0;66.0;211.0;4;4;5;4;5;5;4;0;0;1;0;0;0;0;0;0;0;0;0;0;0;0;0;0.0;1.0;0.0;0.0;0.0;0.0;0.0;0.0;0.0;0.0;0.0;0.0;0.0;0.0;0.0;0.0;0.0;1.0;0.0;0.0;0.0;0.0;0.0;0.0;0.0;0.0;0.0;0.0;0.0;0.0;0.0;0.0;0.0;0.0;0.0;3.0;2.4193548387096775;0.0;0.0;2.0;0.0;0;0;0;0;FOZ DO IGUAÇU;REGIÃO OESTE;24
22562.0;2017-01-31;14.0;22.0;27.0;29.0;824.0;35.0;2.0;14.0;23.0;645.0;35.0;0.0;35.0;1003.0;15.0;51.0;5;4;4;5;4;4;5;0;0;0;0;1;0;0;0;0;0;0;0;0;0;0;0;0.0;0.0;1.0;0.0;0.0;0.0;0.0;0.0;0.0;0.0;0.0;0.0;0.0;0.0;0.0;0.0;0.0;1.0;0.0;0.0;0.0;0.0;0.0;0.0;0.0;0.0;0.0;0.0;0.0;0.0;0.0;0.0;0.0;0.0;0.0;3.0;2.0;0.0;0.0;2.0;0.0;31;0;0;0;FOZ DO IGUAÇU;REGIÃO OESTE;25
27992.0;2017-02-28;16.0;24.0;27.0;29.0;744.0;36.0;8.0;16.0;23.0;581.0;36.0;0.0;36.0;906.0;68.0;222.0;4;4;4;4;4;4;4;0;0;0;1;0;0;0;0;0;0;0;0;0;0;0;0;0.0;0.0;1.0;0.0;0.0;0.0;0.0;0.0;0.0;0.0;0.0;0.0;0.0;0.0;0.0;0.0;0.0;1.0;0.0;0.0;0.0;0.0;0.0;0.0;0.0;0.0;0.0;0.0;0.0;0.0;0.0;0.0;0.0;0.0;0.0;3.8214285714285716;2.0;0.0;0.0;2.8214285714285716;0.0;0;2;0;0;FOZ DO IGUAÇU;REGIÃO OESTE;26
34318.0;2017-03-31;13.0;21.0;25.0;30.0;785.0;36.0;4.0;13.0;24.0;612.0;36.0;0.0;36.0;959.0;86.0;118.0;4;5;5;4;5;4;4;0;0;0;0;0;0;0;0;1;0;0;0;0;0;0;0;0.0;0.0;1.0;0.0;0.0;0.0;0.0;0.0;0.0;0.0;0.0;0.0;0.0;0.0;0.0;0.0;0.0;1.0;0.0;0.0;0.0;0.0;0.0;0.0;0.0;0.0;0.0;0.0;0.0;0.0;0.0;0.0;0.0;0.0;0.0;4.0;2.0;0.0;0.0;3.0;0.0;0;1;0;0;FOZ DO IGUAÇU;REGIÃO OESTE;27
26238.0;2017-04-30;7.0;14.0;22.0;26.0;649.0;32.0;12.0;7.0;22.0;491.0;32.0;0.0;32.0;806.0;170.0;374.0;5;4;4;4;4;5;4;1;0;0;0;0;0;0;0;0;0;0;0;0;0;0;0;0.0;0.0;1.0;0.0;0.0;0.0;0.0;0.0;0.0;0.0;0.0;0.0;0.0;0.0;0.0;0.0;0.0;1.0;0.0;0.0;0.0;0.0;0.0;0.0;0.0;0.0;0.0;0.0;0.0;0.0;0.0;0.0;0.0;0.0;0.0;4.0;2.0;0.0;0.0;3.0;0.0;0;1;0;0;FOZ DO IGUAÇU;REGIÃO OESTE;28
23005.0;2017-05-31;11.0;16.0;22.0;25.0;666.0;30.0;2.0;11.0;21.0;538.0;30.0;0.0;30.0;795.0;22.0;72.0;4;5;4;5;4;4;5;0;0;0;0;0;0;0;1;0;0;0;0;0;0;0;0;0.0;0.0;1.0;0.0;0.0;0.0;0.0;0.0;0.0;0.0;0.0;0.0;0.0;0.0;0.0;0.0;0.0;1.0;0.0;0.0;0.0;0.0;0.0;0.0;0.0;0.0;0.0;0.0;0.0;0.0;0.0;0.0;0.0;0.0;0.0;4.0;2.0;0.0;0.0;3.0;0.0;0;0;0;0;FOZ DO IGUAÇU;REGIÃO OESTE;29
19596.0;2017-06-30;4.0;12.0;18.0;24.0;548.0;28.0;1.0;4.0;21.0;402.0;28.0;0.0;28.0;694.0;35.0;39.0;4;4;5;4;5;4;4;0;0;0;0;0;0;1;0;0;0;0;0;0;0;0;0;0.0;0.0;1.0;0.0;0.0;0.0;0.0;0.0;0.0;0.0;0.0;0.0;0.0;0.0;0.0;0.0;0.0;1.0;0.0;0.0;0.0;0.0;0.0;0.0;0.0;0.0;0.0;0.0;0.0;0.0;0.0;0.0;0.0;0.0;0.0;4.0;2.0;0.0;0.0;3.0;0.0;0;1;0;0;FOZ DO IGUAÇU;REGIÃO OESTE;30
18533.0;2017-07-31;-1.0;6.0;19.0;24.0;581.0;31.0;0.0;-1.0;19.0;394.0;31.0;0.0;31.0;769.0;2.0;3.0;5;4;4;5;4;5;4;0;0;0;0;0;1;0;0;0;0;0;0;0;0;0;0;0.0;0.0;1.0;0.0;0.0;0.0;0.0;0.0;0.0;0.0;0.0;0.0;0.0;0.0;0.0;0.0;0.0;1.0;0.0;0.0;0.0;0.0;0.0;0.0;0.0;0.0;0.0;0.0;0.0;0.0;0.0;0.0;0.0;0.0;0.0;4.0;2.0;0.0;0.0;3.0;0.0;16;0;0;0;FOZ DO IGUAÇU;REGIÃO OESTE;31
21419.0;2017-08-31;7.0;14.0;21.0;26.0;649.0;35.0;6.0;7.0;20.0;444.0;35.0;0.0;35.0;854.0;101.0;171.0;4;5;5;4;4;4;5;0;1;0;0;0;0;0;0;0;0;0;0;0;0;0;0;0.0;0.0;1.0;0.0;0.0;0.0;0.0;0.0;0.0;0.0;0.0;0.0;0.0;0.0;0.0;0.0;0.0;1.0;0.0;0.0;0.0;0.0;0.0;0.0;0.0;0.0;0.0;0.0;0.0;0.0;0.0;0.0;0.0;0.0;0.0;4.0;2.0;0.0;0.0;3.0;0.0;0;0;0;0;FOZ DO IGUAÇU;REGIÃO OESTE;32
25584.0;2017-09-30;11.0;18.0;24.0;29.0;732.0;37.0;1.0;11.0;21.0;525.0;37.0;0.0;37.0;940.0;15.0;21.0;4;4;4;4;5;5;4;0;0;0;0;0;0;0;0;0;0;0;1;0;0;0;0;0.0;0.0;1.0;0.0;0.0;0.0;0.0;0.0;0.0;0.0;0.0;0.0;0.0;0.0;0.0;0.0;0.0;1.0;0.0;0.0;0.0;0.0;0.0;0.0;0.0;0.0;0.0;0.0;0.0;0.0;0.0;0.0;0.0;0.0;0.0;4.0;2.0;0.0;0.0;3.0;0.0;0;0;0;0;FOZ DO IGUAÇU;REGIÃO OESTE;33
26435.0;2017-10-31;8.0;17.0;22.0;30.0;694.0;37.0;15.0;8.0;23.0;514.0;37.0;0.0;37.0;873.0;87.0;455.0;5;4;4;5;4;4;5;0;0;0;0;0;0;0;0;0;0;1;0;0;0;0;0;0.0;0.0;1.0;0.0;0.0;0.0;0.0;0.0;0.0;0.0;0.0;0.0;0.0;0.0;0.0;0.0;0.0;1.0;0.0;0.0;0.0;0.0;0.0;0.0;0.0;0.0;0.0;0.0;0.0;0.0;0.0;0.0;0.0;0.0;0.0;4.0;2.0;0.0;0.0;3.0;0.0;0;0;0;0;FOZ DO IGUAÇU;REGIÃO OESTE;34
27420.0;2017-11-30;11.0;20.0;22.0;27.0;674.0;35.0;9.0;11.0;21.0;477.0;35.0;0.0;35.0;872.0;90.0;283.0;4;5;5;4;4;4;4;0;0;0;0;0;0;0;0;0;1;0;0;0;0;0;0;0.0;0.0;1.0;0.0;0.0;0.0;0.0;0.0;0.0;0.0;0.0;0.0;0.0;0.0;0.0;0.0;0.0;1.0;0.0;0.0;0.0;0.0;0.0;0.0;0.0;0.0;0.0;0.0;0.0;0.0;0.0;0.0;0.0;0.0;0.0;4.0;2.0;0.0;0.0;3.0;0.0;0;0;0;0;FOZ DO IGUAÇU;REGIÃO OESTE;35
22410.0;2017-12-31;15.0;23.0;26.0;28.0;799.0;35.0;7.0;15.0;23.0;630.0;35.0;0.0;35.0;968.0;115.0;206.0;5;4;4;4;5;5;4;0;0;1;0;0;0;0;0;0;0;0;0;0;0;0;0;0.0;0.0;1.0;0.0;0.0;0.0;0.0;0.0;0.0;0.0;0.0;0.0;0.0;0.0;0.0;0.0;0.0;1.0;0.0;0.0;0.0;0.0;0.0;0.0;0.0;0.0;0.0;0.0;0.0;0.0;0.0;0.0;0.0;0.0;0.0;4.0;2.0;0.0;0.0;3.0;0.0;0;0;0;0;FOZ DO IGUAÇU;REGIÃO OESTE;36
20053.0;2018-01-31;19.0;22.0;25.0;27.0;790.0;34.0;11.0;19.0;23.0;644.0;34.0;0.0;34.0;936.0;66.0;334.0;4;5;4;5;4;4;5;0;0;0;0;1;0;0;0;0;0;0;0;0;0;0;0;0.0;0.0;0.0;1.0;0.0;0.0;0.0;0.0;0.0;0.0;0.0;0.0;0.0;0.0;0.0;0.0;0.0;1.0;0.0;0.0;0.0;0.0;0.0;0.0;0.0;0.0;0.0;0.0;0.0;0.0;0.0;0.0;0.0;0.0;0.0;4.0;2.0;0.0;0.0;3.0;0.0;31;0;0;0;FOZ DO IGUAÇU;REGIÃO OESTE;37
24756.0;2018-02-28;15.0;22.0;25.0;28.0;706.0;35.0;7.0;15.0;22.0;545.0;35.0;0.0;35.0;868.0;45.0;196.0;4;4;4;4;4;4;4;0;0;0;1;0;0;0;0;0;0;0;0;0;0;0;0;0.0;0.0;0.0;1.0;0.0;0.0;0.0;0.0;0.0;0.0;0.0;0.0;0.0;0.0;0.0;0.0;0.0;1.0;0.0;0.0;0.0;0.0;0.0;0.0;0.0;0.0;0.0;0.0;0.0;0.0;0.0;0.0;0.0;0.0;0.0;4.0;2.0;0.0;0.0;3.0;0.0;0;3;0;0;FOZ DO IGUAÇU;REGIÃO OESTE;38
34109.0;2018-03-31;10.0;18.0;25.0;29.0;781.0;35.0;10.0;10.0;24.0;616.0;35.0;0.0;35.0;946.0;70.0;320.0;4;4;5;4;5;5;4;0;0;0;0;0;0;0;0;1;0;0;0;0;0;0;0;0.0;0.0;0.0;1.0;0.0;0.0;0.0;0.0;0.0;0.0;0.0;0.0;0.0;0.0;0.0;0.0;0.0;1.0;0.0;0.0;0.0;0.0;0.0;0.0;0.0;0.0;0.0;0.0;0.0;0.0;0.0;0.0;0.0;0.0;0.0;4.0;2.0;0.0;0.0;3.0;0.0;0;1;0;0;FOZ DO IGUAÇU;REGIÃO OESTE;39
32028.0;2018-04-30;15.0;22.0;24.0;26.0;728.0;33.0;1.0;15.0;21.0;548.0;33.0;0.0;33.0;908.0;43.0;45.0;5;4;4;5;4;4;4;1;0;0;0;0;0;0;0;0;0;0;0;0;0;0;0;0.0;0.0;0.0;1.0;0.0;0.0;0.0;0.0;0.0;0.0;0.0;0.0;0.0;0.0;0.0;0.0;0.0;1.0;0.0;0.0;0.0;0.0;0.0;0.0;0.0;0.0;0.0;0.0;0.0;0.0;0.0;0.0;0.0;0.0;0.0;4.0;2.0;0.0;0.0;3.0;0.0;0;0;0;0;FOZ DO IGUAÇU;REGIÃO OESTE;40
24513.0;2018-05-31;5.0;12.0;20.0;26.0;630.0;32.0;2.0;5.0;20.0;458.0;32.0;0.0;32.0;802.0;24.0;72.0;4;5;5;4;4;4;5;0;0;0;0;0;0;0;1;0;0;0;0;0;0;0;0;0.0;0.0;0.0;1.0;0.0;0.0;0.0;0.0;0.0;0.0;0.0;0.0;0.0;0.0;0.0;0.0;0.0;1.0;0.0;0.0;0.0;0.0;0.0;0.0;0.0;0.0;0.0;0.0;0.0;0.0;0.0;0.0;0.0;0.0;0.0;4.0;2.0;0.0;0.0;3.0;0.0;0;1;0;0;FOZ DO IGUAÇU;REGIÃO OESTE;41
20394.0;2018-06-30;4.0;8.0;16.0;25.0;486.0;28.0;3.0;4.0;23.0;357.0;28.0;0.0;28.0;616.0;40.0;83.0;4;4;4;4;5;5;4;0;0;0;0;0;0;1;0;0;0;0;0;0;0;0;0;0.0;0.0;0.0;1.0;0.0;0.0;0.0;0.0;0.0;0.0;0.0;0.0;0.0;0.0;0.0;0.0;0.0;1.0;0.0;0.0;0.0;0.0;0.0;0.0;0.0;0.0;0.0;0.0;0.0;0.0;0.0;0.0;0.0;0.0;0.0;4.0;2.0;0.0;0.0;3.0;0.0;0;0;0;0;FOZ DO IGUAÇU;REGIÃO OESTE;42
19218.0;2018-07-31;7.0;11.0;18.0;24.0;567.0;31.0;0.0;7.0;19.0;405.0;31.0;0.0;31.0;730.0;5.0;11.0;5;4;4;5;4;4;5;0;0;0;0;0;1;0;0;0;0;0;0;0;0;0;0;0.0;0.0;0.0;1.0;0.0;0.0;0.0;0.0;0.0;0.0;0.0;0.0;0.0;0.0;0.0;0.0;0.0;1.0;0.0;0.0;0.0;0.0;0.0;0.0;0.0;0.0;0.0;0.0;0.0;0.0;0.0;0.0;0.0;0.0;0.0;4.0;2.0;0.0;0.0;3.0;0.0;16;0;0;0;FOZ DO IGUAÇU;REGIÃO OESTE;43
18924.0;2018-08-31;5.0;8.0;17.0;25.0;516.0;33.0;2.0;5.0;17.0;330.0;33.0;0.0;33.0;701.0;24.0;55.0;4;5;5;4;5;4;4;0;1;0;0;0;0;0;0;0;0;0;0;0;0;0;0;0.0;0.0;0.0;1.0;0.0;0.0;0.0;0.0;0.0;0.0;0.0;0.0;0.0;0.0;0.0;0.0;0.0;1.0;0.0;0.0;0.0;0.0;0.0;0.0;0.0;0.0;0.0;0.0;0.0;0.0;0.0;0.0;0.0;0.0;0.0;4.0;2.0;0.0;0.0;3.0;0.0;0;0;0;0;FOZ DO IGUAÇU;REGIÃO OESTE;44
21168.0;2018-09-30;7.0;13.0;21.0;28.0;623.0;36.0;8.0;7.0;20.0;447.0;36.0;0.0;36.0;799.0;44.0;236.0;5;4;4;4;4;5;4;0;0;0;0;0;0;0;0;0;0;0;1;0;0;0;0;0.0;0.0;0.0;1.0;0.0;0.0;0.0;0.0;0.0;0.0;0.0;0.0;0.0;0.0;0.0;0.0;0.0;1.0;0.0;0.0;0.0;0.0;0.0;0.0;0.0;0.0;0.0;0.0;0.0;0.0;0.0;0.0;0.0;0.0;0.0;4.0;2.0;0.0;0.0;3.0;0.0;0;0;0;0;FOZ DO IGUAÇU;REGIÃO OESTE;45
24186.0;2018-10-31;11.0;18.0;22.0;25.0;680.0;32.0;14.0;11.0;22.0;547.0;32.0;0.0;32.0;814.0;68.0;419.0;4;5;4;5;4;4;5;0;0;0;0;0;0;0;0;0;0;1;0;0;0;0;0;0.0;0.0;0.0;1.0;0.0;0.0;0.0;0.0;0.0;0.0;0.0;0.0;0.0;0.0;0.0;0.0;0.0;1.0;0.0;0.0;0.0;0.0;0.0;0.0;0.0;0.0;0.0;0.0;0.0;0.0;0.0;0.0;0.0;0.0;0.0;4.0;2.0;0.0;0.0;3.0;0.0;0;0;0;0;FOZ DO IGUAÇU;REGIÃO OESTE;46
30726.0;2018-11-30;16.0;21.0;25.0;29.0;752.0;36.0;4.0;16.0;23.0;589.0;36.0;0.0;36.0;916.0;38.0;108.0;4;4;5;4;5;4;4;0;0;0;0;0;0;0;0;0;1;0;0;0;0;0;0;0.0;0.0;0.0;1.0;0.0;0.0;0.0;0.0;0.0;0.0;0.0;0.0;0.0;0.0;0.0;0.0;0.0;1.0;0.0;0.0;0.0;0.0;0.0;0.0;0.0;0.0;0.0;0.0;0.0;0.0;0.0;0.0;0.0;0.0;0.0;4.0;2.0;0.0;0.0;3.0;0.0;0;0;0;0;FOZ DO IGUAÇU;REGIÃO OESTE;47
26241.0;2018-12-31;13.0;21.0;26.0;30.0;812.0;37.0;2.0;13.0;24.0;619.0;37.0;0.0;37.0;1005.0;49.0;76.0;5;4;4;5;4;5;4;0;0;1;0;0;0;0;0;0;0;0;0;0;0;0;0;0.0;0.0;0.0;1.0;0.0;0.0;0.0;0.0;0.0;0.0;0.0;0.0;0.0;0.0;0.0;0.0;0.0;1.0;0.0;0.0;0.0;0.0;0.0;0.0;0.0;0.0;0.0;0.0;0.0;0.0;0.0;0.0;0.0;0.0;0.0;4.0;2.0;0.0;0.0;3.0;0.0;0;0;0;0;FOZ DO IGUAÇU;REGIÃO OESTE;48
21177.0;2019-01-31;19.0;24.0;28.0;30.0;869.0;37.0;3.0;19.0;25.0;693.0;37.0;0.0;37.0;1044.0;21.0;108.0;4;5;5;4;4;4;5;0;0;0;0;1;0;0;0;0;0;0;0;0;0;0;0;0.0;0.0;0.0;0.0;1.0;0.0;0.0;0.0;0.0;0.0;0.0;0.0;0.0;0.0;0.0;0.0;0.0;1.0;0.0;0.0;0.0;0.0;0.0;0.0;0.0;0.0;0.0;0.0;0.0;0.0;0.0;0.0;0.0;0.0;0.0;4.0;2.0;0.0;0.0;3.0;0.0;31;0;0;0;FOZ DO IGUAÇU;REGIÃO OESTE;49
24884.0;2019-02-28;16.0;22.0;26.0;30.0;727.0;37.0;8.0;16.0;24.0;561.0;37.0;0.0;37.0;892.0;50.0;216.0;4;4;4;4;4;4;4;0;0;0;1;0;0;0;0;0;0;0;0;0;0;0;0;0.0;0.0;0.0;0.0;1.0;0.0;0.0;0.0;0.0;0.0;0.0;0.0;0.0;0.0;0.0;0.0;0.0;1.0;0.0;0.0;0.0;0.0;0.0;0.0;0.0;0.0;0.0;0.0;0.0;0.0;0.0;0.0;0.0;0.0;0.0;4.0;2.0;0.0;0.0;3.0;0.0;0;0;0;0;FOZ DO IGUAÇU;REGIÃO OESTE;50
32404.0;2019-03-31;13.0;21.0;24.0;27.0;751.0;34.0;11.0;13.0;22.0;590.0;34.0;0.0;34.0;913.0;84.0;336.0;5;4;4;4;5;5;4;0;0;0;0;0;0;0;0;1;0;0;0;0;0;0;0;0.0;0.0;0.0;0.0;1.0;0.0;0.0;0.0;0.0;0.0;0.0;0.0;0.0;0.0;0.0;0.0;0.0;1.0;0.0;0.0;0.0;0.0;0.0;0.0;0.0;0.0;0.0;0.0;0.0;0.0;0.0;0.0;0.0;0.0;0.0;4.0;2.0;0.0;0.0;3.0;0.0;0;3;0;0;FOZ DO IGUAÇU;REGIÃO OESTE;51
27570.0;2019-04-30;13.0;19.0;23.0;26.0;696.0;32.0;9.0;13.0;22.0;556.0;32.0;0.0;32.0;836.0;67.0;271.0;4;4;4;5;4;4;5;1;0;0;0;0;0;0;0;0;0;0;0;0;0;0;0;0.0;0.0;0.0;0.0;1.0;0.0;0.0;0.0;0.0;0.0;0.0;0.0;0.0;0.0;0.0;0.0;0.0;1.0;0.0;0.0;0.0;0.0;0.0;0.0;0.0;0.0;0.0;0.0;0.0;0.0;0.0;0.0;0.0;0.0;0.0;4.0;2.0;0.0;0.0;3.0;0.0;0;1;0;0;FOZ DO IGUAÇU;REGIÃO OESTE;52
21680.0;2019-05-31;11.0;14.0;21.0;26.0;644.0;30.0;4.0;11.0;22.0;529.0;30.0;0.0;30.0;758.0;31.0;118.0;4;5;5;4;5;4;4;0;0;0;0;0;0;0;1;0;0;0;0;0;0;0;0;0.0;0.0;0.0;0.0;1.0;0.0;0.0;0.0;0.0;0.0;0.0;0.0;0.0;0.0;0.0;0.0;0.0;1.0;0.0;0.0;0.0;0.0;0.0;0.0;0.0;0.0;0.0;0.0;0.0;0.0;0.0;0.0;0.0;0.0;0.0;4.0;2.0;0.0;0.0;3.0;0.0;0;0;0;0;FOZ DO IGUAÇU;REGIÃO OESTE;53
16638.0;2019-06-30;9.0;13.0;20.0;24.0;606.0;30.0;1.0;9.0;19.0;445.0;30.0;0.0;30.0;768.0;32.0;33.0;5;4;4;4;4;5;4;0;0;0;0;0;0;1;0;0;0;0;0;0;0;0;0;0.0;0.0;0.0;0.0;1.0;0.0;0.0;0.0;0.0;0.0;0.0;0.0;0.0;0.0;0.0;0.0;0.0;1.0;0.0;0.0;0.0;0.0;0.0;0.0;0.0;0.0;0.0;0.0;0.0;0.0;0.0;0.0;0.0;0.0;0.0;4.0;2.0;0.0;0.0;3.0;0.0;0;1;0;0;FOZ DO IGUAÇU;REGIÃO OESTE;54
15347.0;2019-07-31;2.0;8.0;17.0;24.0;527.0;30.0;1.0;2.0;19.0;374.0;30.0;0.0;30.0;681.0;6.0;16.0;4;5;4;5;4;4;5;0;0;0;0;0;1;0;0;0;0;0;0;0;0;0;0;0.0;0.0;0.0;0.0;1.0;0.0;0.0;0.0;0.0;0.0;0.0;0.0;0.0;0.0;0.0;0.0;0.0;1.0;0.0;0.0;0.0;0.0;0.0;0.0;0.0;0.0;0.0;0.0;0.0;0.0;0.0;0.0;0.0;0.0;0.0;4.0;1.5806451612903225;0.0;0.0;3.0;0.0;16;0;0;0;FOZ DO IGUAÇU;REGIÃO OESTE;55
18075.0;2019-08-31;7.0;13.0;20.0;25.0;617.0;34.0;1.0;7.0;19.0;399.0;34.0;0.0;34.0;834.0;17.0;19.0;4;4;5;4;5;5;4;0;1;0;0;0;0;0;0;0;0;0;0;0;0;0;0;0.0;0.0;0.0;0.0;1.0;0.0;0.0;0.0;0.0;0.0;0.0;0.0;0.0;0.0;0.0;0.0;0.0;1.0;0.0;0.0;0.0;0.0;0.0;0.0;0.0;0.0;0.0;0.0;0.0;0.0;0.0;0.0;0.0;0.0;0.0;4.0;1.0;0.0;0.0;3.0;0.0;0;0;0;0;FOZ DO IGUAÇU;REGIÃO OESTE;56
22482.0;2019-09-30;7.0;16.0;23.0;30.0;684.0;38.0;0.0;7.0;22.0;477.0;38.0;0.0;38.0;890.0;4.0;5.0;5;4;4;5;4;4;4;0;0;0;0;0;0;0;0;0;0;0;1;0;0;0;0;0.0;0.0;0.0;0.0;1.0;0.0;0.0;0.0;0.0;0.0;0.0;0.0;0.0;0.0;0.0;0.0;0.0;1.0;0.0;0.0;0.0;0.0;0.0;0.0;0.0;0.0;0.0;0.0;0.0;0.0;0.0;0.0;0.0;0.0;0.0;4.0;1.0;0.0;0.0;3.0;0.0;0;0;0;0;FOZ DO IGUAÇU;REGIÃO OESTE;57
27213.0;2019-10-31;12.0;19.0;25.0;31.0;788.0;38.0;3.0;12.0;24.0;580.0;38.0;0.0;38.0;996.0;30.0;100.0;4;5;5;4;4;4;5;0;0;0;0;0;0;0;0;0;0;1;0;0;0;0;0;0.0;0.0;0.0;0.0;1.0;0.0;0.0;0.0;0.0;0.0;0.0;0.0;0.0;0.0;0.0;0.0;0.0;1.0;0.0;0.0;0.0;0.0;0.0;0.0;0.0;0.0;0.0;0.0;0.0;0.0;0.0;0.0;0.0;0.0;0.0;4.0;1.0;0.0;0.0;3.0;0.0;0;0;0;0;FOZ DO IGUAÇU;REGIÃO OESTE;58
32166.0;2019-11-30;15.0;22.0;26.0;29.0;775.0;35.0;1.0;15.0;24.0;606.0;35.0;0.0;35.0;943.0;8.0;28.0;4;4;4;4;5;5;4;0;0;0;0;0;0;0;0;0;1;0;0;0;0;0;0;0.0;0.0;0.0;0.0;1.0;0.0;0.0;0.0;0.0;0.0;0.0;0.0;0.0;0.0;0.0;0.0;0.0;1.0;0.0;0.0;0.0;0.0;0.0;0.0;0.0;0.0;0.0;0.0;0.0;0.0;0.0;0.0;0.0;0.0;0.0;4.0;1.0;0.0;0.0;3.0;0.0;0;0;0;0;FOZ DO IGUAÇU;REGIÃO OESTE;59
24004.0;2019-12-31;14.0;21.0;25.0;29.0;767.0;35.0;2.0;14.0;24.0;598.0;35.0;0.0;35.0;935.0;32.0;57.0;5;4;4;5;4;4;5;0;0;1;0;0;0;0;0;0;0;0;0;0;0;0;0;0.0;0.0;0.0;0.0;1.0;0.0;0.0;0.0;0.0;0.0;0.0;0.0;0.0;0.0;0.0;0.0;0.0;1.0;0.0;0.0;0.0;0.0;0.0;0.0;0.0;0.0;0.0;0.0;0.0;0.0;0.0;0.0;0.0;0.0;0.0;4.0;1.0;0.0;0.0;3.0;0.0;0;0;0;0;FOZ DO IGUAÇU;REGIÃO OESTE;60
20661.0;2020-01-31;18.0;20.0;26.0;28.0;821.0;35.0;0.0;18.0;24.0;664.0;35.0;0.0;35.0;978.0;4.0;14.0;4;5;5;4;5;4;4;0;0;0;0;1;0;0;0;0;0;0;0;0;0;0;0;0.0;0.0;0.0;0.0;0.0;1.0;0.0;0.0;0.0;0.0;0.0;0.0;0.0;0.0;0.0;0.0;0.0;1.0;0.0;0.0;0.0;0.0;0.0;0.0;0.0;0.0;0.0;0.0;0.0;0.0;0.0;0.0;0.0;0.0;0.0;4.0;1.0;0.0;0.0;3.0;0.0;31;0;0;0;FOZ DO IGUAÇU;REGIÃO OESTE;61
28471.0;2020-02-29;12.0;20.0;26.0;30.0;763.0;36.0;2.0;12.0;24.0;599.0;36.0;0.0;36.0;927.0;33.0;58.0;4;4;4;4;4;5;4;0;0;0;1;0;0;0;0;0;0;0;0;0;0;0;0;0.0;0.0;0.0;0.0;0.0;1.0;0.0;0.0;0.0;0.0;0.0;0.0;0.0;0.0;0.0;0.0;0.0;1.0;0.0;0.0;0.0;0.0;0.0;0.0;0.0;0.0;0.0;0.0;0.0;0.0;0.0;0.0;0.0;0.0;0.0;4.827586206896552;1.0;1.0;1.0;3.0;1.0;0;3;0;0;FOZ DO IGUAÇU;REGIÃO OESTE;62
24517.0;2020-03-31;14.0;22.0;26.0;30.0;803.0;37.0;1.0;14.0;23.0;607.0;37.0;0.0;37.0;998.0;34.0;45.0;5;4;4;5;4;4;5;0;0;0;0;0;0;0;0;1;0;0;0;0;0;0;0;0.0;0.0;0.0;0.0;0.0;1.0;0.0;0.0;0.0;0.0;0.0;0.0;0.0;0.0;0.0;0.0;0.0;1.0;0.0;0.0;0.0;0.0;0.0;0.0;0.0;0.0;0.0;0.0;0.0;0.0;0.0;0.0;0.0;0.0;0.0;5.0;1.0;1.0;1.0;3.0;1.0;0;0;15;0;FOZ DO IGUAÇU;REGIÃO OESTE;63
12504.0;2020-04-30;9.0;16.0;22.0;28.0;650.0;34.0;0.0;9.0;24.0;478.0;34.0;0.0;34.0;823.0;2.0;4.0;4;5;5;4;4;4;4;1;0;0;0;0;0;0;0;0;0;0;0;0;0;0;0;0.0;0.0;0.0;0.0;0.0;1.0;0.0;0.0;0.0;0.0;0.0;0.0;0.0;0.0;0.0;0.0;0.0;1.0;0.0;0.0;0.0;0.0;0.0;0.0;0.0;0.0;0.0;0.0;0.0;0.0;0.0;0.0;0.0;0.0;0.0;5.0;1.0;1.0;1.0;3.0;1.0;0;1;30;0;FOZ DO IGUAÇU;REGIÃO OESTE;64
9658.0;2020-05-31;1.0;10.0;17.0;24.0;540.0;30.0;7.0;1.0;22.0;358.0;30.0;0.0;30.0;723.0;134.0;231.0;5;4;4;4;5;5;4;0;0;0;0;0;0;0;1;0;0;0;0;0;0;0;0;0.0;0.0;0.0;0.0;0.0;1.0;0.0;0.0;0.0;0.0;0.0;0.0;0.0;0.0;0.0;0.0;0.0;1.0;0.0;0.0;0.0;0.0;0.0;0.0;0.0;0.0;0.0;0.0;0.0;0.0;0.0;0.0;0.0;0.0;0.0;5.0;1.0;1.0;1.0;3.0;1.0;0;0;31;0;FOZ DO IGUAÇU;REGIÃO OESTE;65
9012.0;2020-06-30;7.0;14.0;21.0;27.0;616.0;30.0;4.0;7.0;25.0;492.0;30.0;0.0;30.0;739.0;55.0;111.0;4;4;4;5;4;4;5;0;0;0;0;0;0;1;0;0;0;0;0;0;0;0;0;0.0;0.0;0.0;0.0;0.0;1.0;0.0;0.0;0.0;0.0;0.0;0.0;0.0;0.0;0.0;0.0;0.0;1.0;0.0;0.0;0.0;0.0;0.0;0.0;0.0;0.0;0.0;0.0;0.0;0.0;0.0;0.0;0.0;0.0;0.0;5.0;1.0;1.0;1.0;3.0;1.0;0;1;30;0;FOZ DO IGUAÇU;REGIÃO OESTE;66
9988.0;2020-07-31;6.0;12.0;18.0;25.0;568.0;29.0;1.0;6.0;24.0;430.0;29.0;0.0;29.0;705.0;11.0;16.0;4;5;5;4;5;4;4;0;0;0;0;0;1;0;0;0;0;0;0;0;0;0;0;0.0;0.0;0.0;0.0;0.0;1.0;0.0;0.0;0.0;0.0;0.0;0.0;0.0;0.0;0.0;0.0;0.0;1.0;0.0;0.0;0.0;0.0;0.0;0.0;0.0;0.0;0.0;0.0;0.0;0.0;0.0;0.0;0.0;0.0;0.0;5.0;1.0;1.0;1.0;3.0;1.0;0;0;31;0;FOZ DO IGUAÇU;REGIÃO OESTE;67
9951.0;2020-08-31;8.0;9.0;20.0;27.0;612.0;32.0;8.0;8.0;23.0;454.0;32.0;0.0;32.0;770.0;97.0;255.0;5;4;4;5;4;5;4;0;1;0;0;0;0;0;0;0;0;0;0;0;0;0;0;0.0;0.0;0.0;0.0;0.0;1.0;0.0;0.0;0.0;0.0;0.0;0.0;0.0;0.0;0.0;0.0;0.0;1.0;0.0;0.0;0.0;0.0;0.0;0.0;0.0;0.0;0.0;0.0;0.0;0.0;0.0;0.0;0.0;0.0;0.0;5.0;1.0;1.0;1.0;3.0;1.0;0;0;31;0;FOZ DO IGUAÇU;REGIÃO OESTE;68
9660.0;2020-09-30;11.0;17.0;24.0;31.0;732.0;38.0;0.0;11.0;28.0;572.0;38.0;0.0;38.0;892.0;0.0;0.0;4;5;4;4;4;4;5;0;0;0;0;0;0;0;0;0;0;0;1;0;0;0;0;0.0;0.0;0.0;0.0;0.0;1.0;0.0;0.0;0.0;0.0;0.0;0.0;0.0;0.0;0.0;0.0;0.0;1.0;0.0;0.0;0.0;0.0;0.0;0.0;0.0;0.0;0.0;0.0;0.0;0.0;0.0;0.0;0.0;0.0;0.0;5.0;1.0;1.0;1.0;3.0;1.0;0;0;30;0;FOZ DO IGUAÇU;REGIÃO OESTE;69
11315.0;2020-10-31;13.0;20.0;26.0;30.0;794.0;36.0;3.0;13.0;23.0;601.0;36.0;0.0;36.0;988.0;69.0;106.0;4;4;5;4;5;5;4;0;0;0;0;0;0;0;0;0;0;1;0;0;0;0;0;0.0;0.0;0.0;0.0;0.0;1.0;0.0;0.0;0.0;0.0;0.0;0.0;0.0;0.0;0.0;0.0;0.0;1.0;0.0;0.0;0.0;0.0;0.0;0.0;0.0;0.0;0.0;0.0;0.0;0.0;0.0;0.0;0.0;0.0;0.0;5.0;1.0;1.0;1.0;3.0;1.0;0;0;31;0;FOZ DO IGUAÇU;REGIÃO OESTE;70
12270.0;2020-11-30;12.0;20.0;25.0;31.0;746.0;38.0;2.0;12.0;25.0;545.0;38.0;0.0;38.0;947.0;14.0;58.0;5;4;4;5;4;4;4;0;0;0;0;0;0;0;0;0;1;0;0;0;0;0;0;0.0;0.0;0.0;0.0;0.0;1.0;0.0;0.0;0.0;0.0;0.0;0.0;0.0;0.0;0.0;0.0;0.0;1.0;0.0;0.0;0.0;0.0;0.0;0.0;0.0;0.0;0.0;0.0;0.0;0.0;0.0;0.0;0.0;0.0;0.0;5.0;1.0;1.0;1.0;3.0;1.0;0;0;30;0;FOZ DO IGUAÇU;REGIÃO OESTE;71
12803.0;2020-12-31;15.0;22.0;26.0;29.0;806.0;36.0;8.0;15.0;23.0;626.0;36.0;0.0;36.0;987.0;106.0;256.0;4;5;5;4;4;4;5;0;0;1;0;0;0;0;0;0;0;0;0;0;0;0;0;0.0;0.0;0.0;0.0;0.0;1.0;0.0;0.0;0.0;0.0;0.0;0.0;0.0;0.0;0.0;0.0;0.0;1.0;0.0;0.0;0.0;0.0;0.0;0.0;0.0;0.0;0.0;0.0;0.0;0.0;0.0;0.0;0.0;0.0;0.0;5.0;1.0;1.0;1.0;3.0;1.0;0;0;31;0;FOZ DO IGUAÇU;REGIÃO OESTE;72
11346.0;2021-01-31;18.0;24.0;26.0;29.0;791.0;35.0;7.0;18.0;23.0;647.0;35.0;0.0;35.0;935.0;38.0;214.0;5;4;4;4;5;5;4;0;0;0;0;1;0;0;0;0;0;0;0;1;0;0;0;0.0;0.0;0.0;0.0;0.0;0.0;0.0;0.0;0.0;0.0;0.0;0.0;0.0;0.0;0.0;0.0;0.0;1.0;0.0;0.0;0.0;0.0;0.0;0.0;0.0;0.0;0.0;0.0;0.0;0.0;0.0;0.0;0.0;0.0;0.0;5.0;1.0;1.0;1.0;3.0;1.0;0;0;31;0;FOZ DO IGUAÇU;REGIÃO OESTE;73
11704.0;2021-02-28;14.0;22.0;25.0;28.0;700.0;36.0;3.0;14.0;23.0;525.0;36.0;0.0;36.0;876.0;23.0;71.0;4;4;4;4;4;4;4;0;0;0;1;0;0;0;0;0;0;0;0;1;0;0;0;0.0;0.0;0.0;0.0;0.0;0.0;0.0;0.0;0.0;0.0;0.0;0.0;0.0;0.0;0.0;0.0;0.0;1.0;0.0;0.0;0.0;0.0;0.0;0.0;0.0;0.0;0.0;0.0;0.0;0.0;0.0;0.0;0.0;0.0;0.0;5.0;1.0;1.0;1.0;3.0;1.0;0;3;28;0;FOZ DO IGUAÇU;REGIÃO OESTE;74
11222.0;2021-03-31;14.0;20.0;26.0;28.0;791.0;35.0;2.0;14.0;22.0;603.0;35.0;0.0;35.0;979.0;16.0;76.0;4;5;4;5;4;4;5;0;0;0;0;0;0;0;0;1;0;0;0;1;0;0;0;0.0;0.0;0.0;0.0;0.0;0.0;0.0;0.0;0.0;0.0;0.0;0.0;0.0;0.0;0.0;0.0;0.0;1.0;0.0;0.0;0.0;0.0;0.0;0.0;0.0;0.0;0.0;0.0;0.0;0.0;0.0;0.0;0.0;0.0;0.0;5.0;1.0;1.0;1.0;3.0;1.0;0;0;31;0;FOZ DO IGUAÇU;REGIÃO OESTE;75
9390.0;2021-04-30;9.0;18.0;23.0;28.0;678.0;34.0;2.0;9.0;21.0;484.0;34.0;0.0;34.0;873.0;22.0;68.0;4;4;5;4;5;4;4;1;0;0;0;0;0;0;0;0;0;0;0;1;0;0;0;0.0;0.0;0.0;0.0;0.0;0.0;0.0;0.0;0.0;0.0;0.0;0.0;0.0;0.0;0.0;0.0;0.0;1.0;0.0;0.0;0.0;0.0;0.0;0.0;0.0;0.0;0.0;0.0;0.0;0.0;0.0;0.0;0.0;0.0;0.0;5.0;1.0;1.0;1.0;3.0;1.0;0;1;30;0;FOZ DO IGUAÇU;REGIÃO OESTE;76
9424.0;2021-05-31;6.0;13.0;19.0;25.0;599.0;32.0;1.0;6.0;18.0;408.0;32.0;0.0;32.0;790.0;14.0;26.0;5;4;4;5;4;5;4;0;0;0;0;0;0;0;1;0;0;0;0;1;0;0;0;0.0;0.0;0.0;0.0;0.0;0.0;0.0;0.0;0.0;0.0;0.0;0.0;0.0;0.0;0.0;0.0;0.0;1.0;0.0;0.0;0.0;0.0;0.0;0.0;0.0;0.0;0.0;0.0;0.0;0.0;0.0;0.0;0.0;0.0;0.0;5.0;1.0;1.0;1.0;3.0;1.0;0;0;31;0;FOZ DO IGUAÇU;REGIÃO OESTE;77
8520.0;2021-06-30;0.0;6.0;17.0;25.0;516.0;31.0;5.0;0.0;19.0;374.0;31.0;0.0;31.0;658.0;61.0;143.0;4;5;4;4;4;4;5;0;0;0;0;0;0;1;0;0;0;0;0;1;0;0;0;0.0;0.0;0.0;0.0;0.0;0.0;0.0;0.0;0.0;0.0;0.0;0.0;0.0;0.0;0.0;0.0;0.0;1.0;0.0;0.0;0.0;0.0;0.0;0.0;0.0;0.0;0.0;0.0;0.0;0.0;0.0;0.0;0.0;0.0;0.0;5.0;1.0;1.0;1.0;3.0;1.0;0;1;30;0;FOZ DO IGUAÇU;REGIÃO OESTE;78
8587.0;2021-07-31;-1.0;7.0;17.0;25.0;514.0;30.0;2.0;-1.0;20.0;299.0;30.0;0.0;30.0;729.0;25.0;58.0;4;4;5;4;5;5;4;0;0;0;0;0;1;0;0;0;0;0;0;1;0;0;0;0.0;0.0;0.0;0.0;0.0;0.0;0.0;0.0;0.0;0.0;0.0;0.0;0.0;0.0;0.0;0.0;0.0;1.0;0.0;0.0;0.0;0.0;0.0;0.0;0.0;0.0;0.0;0.0;0.0;0.0;0.0;0.0;0.0;0.0;0.0;5.0;1.0;1.0;1.0;3.0;1.0;0;0;31;0;FOZ DO IGUAÇU;REGIÃO OESTE;79
8959.0;2021-08-31;7.0;14.0;22.0;30.0;673.0;36.0;1.0;7.0;24.0;469.0;36.0;0.0;36.0;877.0;14.0;46.0;5;4;4;5;4;4;5;0;1;0;0;0;0;0;0;0;0;0;0;1;0;0;0;0.0;0.0;0.0;0.0;0.0;0.0;0.0;0.0;0.0;0.0;0.0;0.0;0.0;0.0;0.0;0.0;0.0;1.0;0.0;0.0;0.0;0.0;0.0;0.0;0.0;0.0;0.0;0.0;0.0;0.0;0.0;0.0;0.0;0.0;0.0;5.0;1.0;1.0;1.0;3.0;1.0;0;0;31;0;FOZ DO IGUAÇU;REGIÃO OESTE;80
10860.0;2021-09-30;10.0;18.0;25.0;31.0;760.0;40.0;4.0;10.0;24.0;533.0;40.0;0.0;40.0;987.0;32.0;133.0;4;5;5;4;4;4;4;0;0;0;0;0;0;0;0;0;0;0;1;1;0;0;0;0.0;0.0;0.0;0.0;0.0;0.0;0.0;0.0;0.0;0.0;0.0;0.0;0.0;0.0;0.0;0.0;0.0;1.0;0.0;0.0;0.0;0.0;0.0;0.0;0.0;0.0;0.0;0.0;0.0;0.0;0.0;0.0;0.0;0.0;0.0;5.0;1.0;1.0;1.0;3.0;1.0;0;0;30;0;FOZ DO IGUAÇU;REGIÃO OESTE;81
13733.0;2021-10-31;12.0;20.0;23.0;26.0;699.0;33.0;14.0;12.0;20.0;532.0;33.0;0.0;33.0;865.0;128.0;444.0;5;4;4;4;5;5;4;0;0;0;0;0;0;0;0;0;0;1;0;1;0;0;0;0.0;0.0;0.0;0.0;0.0;0.0;0.0;0.0;0.0;0.0;0.0;0.0;0.0;0.0;0.0;0.0;0.0;1.0;0.0;0.0;0.0;0.0;0.0;0.0;0.0;0.0;0.0;0.0;0.0;0.0;0.0;0.0;0.0;0.0;0.0;5.0;1.0;1.0;1.0;3.0;1.0;0;0;0;0;FOZ DO IGUAÇU;REGIÃO OESTE;82
25710.0;2021-11-30;14.0;22.0;25.0;28.0;751.0;36.0;2.0;14.0;21.0;564.0;36.0;0.0;36.0;938.0;17.0;62.0;4;4;4;5;4;4;5;0;0;0;0;0;0;0;0;0;1;0;0;1;0;0;0;0.0;0.0;0.0;0.0;0.0;0.0;0.0;0.0;0.0;0.0;0.0;0.0;0.0;0.0;0.0;0.0;0.0;1.0;0.0;0.0;0.0;0.0;0.0;0.0;0.0;0.0;0.0;0.0;0.0;0.0;0.0;0.0;0.0;0.0;0.0;5.0;1.0;1.0;1.0;3.0;1.0;0;0;0;0;FOZ DO IGUAÇU;REGIÃO OESTE;83
25172.0;2021-12-31;15.0;23.0;27.0;30.0;851.0;39.0;0.0;15.0;25.0;612.0;39.0;0.0;39.0;1089.0;15.0;15.0;4;5;5;4;5;4;4;0;0;1;0;0;0;0;0;0;0;0;0;1;0;0;0;0.0;0.0;0.0;0.0;0.0;0.0;0.0;0.0;0.0;0.0;0.0;0.0;0.0;0.0;0.0;0.0;0.0;1.0;0.0;0.0;0.0;0.0;0.0;0.0;0.0;0.0;0.0;0.0;0.0;0.0;0.0;0.0;0.0;0.0;0.0;5.0;1.0;1.0;1.0;3.0;1.0;0;0;0;0;FOZ DO IGUAÇU;REGIÃO OESTE;84
22723.0;2022-01-31;17.0;22.0;28.0;32.0;868.0;40.0;3.0;17.0;24.0;661.0;40.0;0.0;40.0;1076.0;33.0;95.0;5;4;4;5;4;5;4;0;0;0;0;1;0;0;0;0;0;0;0;0;1;0;0;0.0;0.0;0.0;0.0;0.0;0.0;0.0;0.0;0.0;0.0;0.0;0.0;0.0;0.0;0.0;0.0;0.0;1.0;0.0;0.0;0.0;0.0;0.0;0.0;0.0;0.0;0.0;0.0;0.0;0.0;0.0;0.0;0.0;0.0;0.0;5.0;1.0;1.0;1.0;3.0;1.0;31;0;0;0;FOZ DO IGUAÇU;REGIÃO OESTE;85
35392.0;2022-02-28;12.0;21.0;27.0;31.0;762.0;38.0;2.0;12.0;24.0;562.0;38.0;0.0;38.0;961.0;26.0;55.0;4;4;4;4;4;4;4;0;0;0;1;0;0;0;0;0;0;0;0;0;1;0;0;0.0;0.0;0.0;0.0;0.0;0.0;0.0;0.0;0.0;0.0;0.0;0.0;0.0;0.0;0.0;0.0;0.0;1.0;0.0;0.0;0.0;0.0;0.0;0.0;0.0;0.0;0.0;0.0;0.0;0.0;0.0;0.0;0.0;0.0;0.0;5.0;1.0;1.0;1.0;3.0;1.0;0;1;0;0;FOZ DO IGUAÇU;REGIÃO OESTE;86
31341.0;2022-03-31;11.0;16.0;24.0;29.0;756.0;36.0;8.0;11.0;23.0;585.0;36.0;0.0;36.0;927.0;83.0;237.0;4;5;5;4;4;4;5;0;0;0;0;0;0;0;0;1;0;0;0;0;1;0;0;0.0;0.0;0.0;0.0;0.0;0.0;0.0;0.0;0.0;0.0;0.0;0.0;0.0;0.0;0.0;0.0;0.0;1.0;0.0;0.0;0.0;0.0;0.0;0.0;0.0;0.0;0.0;0.0;0.0;0.0;0.0;0.0;0.0;0.0;0.0;5.0;1.0;1.0;1.0;3.0;1.0;0;1;0;0;FOZ DO IGUAÇU;REGIÃO OESTE;87
15210.0;2022-04-30;8.0;17.0;22.0;26.0;656.0;32.0;6.0;8.0;21.0;505.0;32.0;0.0;32.0;806.0;46.0;195.0;4;4;4;4;5;5;4;1;0;0;0;0;0;0;0;0;0;0;0;0;1;0;0;0.0;0.0;0.0;0.0;0.0;0.0;0.0;0.0;0.0;0.0;0.0;0.0;0.0;0.0;0.0;0.0;0.0;1.0;0.0;0.0;0.0;0.0;0.0;0.0;0.0;0.0;0.0;0.0;0.0;0.0;0.0;0.0;0.0;0.0;0.0;5.0;1.0;1.0;1.0;3.0;1.0;0;1;0;0;FOZ DO IGUAÇU;REGIÃO OESTE;88
20398.0;2022-05-31;4.0;11.0;17.0;23.0;531.0;29.0;6.0;4.0;20.0;383.0;29.0;0.0;29.0;679.0;62.0;183.0;5;4;4;5;4;4;5;0;0;0;0;0;0;0;1;0;0;0;0;0;1;0;0;0.0;0.0;0.0;0.0;0.0;0.0;0.0;0.0;0.0;0.0;0.0;0.0;0.0;0.0;0.0;0.0;0.0;1.0;0.0;0.0;0.0;0.0;0.0;0.0;0.0;0.0;0.0;0.0;0.0;0.0;0.0;0.0;0.0;0.0;0.0;5.0;0.7741935483870968;1.0;1.0;3.0;1.0;0;0;0;0;FOZ DO IGUAÇU;REGIÃO OESTE;89
18840.0;2022-06-30;0.0;8.0;16.0;24.0;494.0;30.0;1.0;0.0;19.0;342.0;30.0;0.0;30.0;647.0;17.0;37.0;4;5;5;4;4;4;4;0;0;0;0;0;0;1;0;0;0;0;0;0;1;0;0;0.0;0.0;0.0;0.0;0.0;0.0;0.0;0.0;0.0;0.0;0.0;0.0;0.0;0.0;0.0;0.0;0.0;1.0;0.0;0.0;0.0;0.0;0.0;0.0;0.0;0.0;0.0;0.0;0.0;0.0;0.0;0.0;0.0;0.0;0.0;5.0;0.0;1.0;1.0;3.0;1.0;0;1;0;0;FOZ DO IGUAÇU;REGIÃO OESTE;90
14260.0;2022-07-31;7.0;14.0;21.0;29.0;650.0;30.0;0.0;7.0;28.0;472.0;30.0;0.0;30.0;828.0;4.0;5.0;5;4;4;4;5;5;4;0;0;0;0;0;1;0;0;0;0;0;0;0;1;0;0;0.0;0.0;0.0;0.0;0.0;0.0;0.0;0.0;0.0;0.0;0.0;0.0;0.0;0.0;0.0;0.0;0.0;1.0;0.0;0.0;0.0;0.0;0.0;0.0;0.0;0.0;0.0;0.0;0.0;0.0;0.0;0.0;0.0;0.0;0.0;5.0;0.0;1.0;1.0;3.0;1.0;0;0;0;0;FOZ DO IGUAÇU;REGIÃO OESTE;91
18724.0;2022-08-31;1.0;9.0;18.0;25.0;572.0;32.0;11.0;1.0;18.0;379.0;32.0;0.0;32.0;764.0;175.0;330.0;4;5;4;5;4;4;5;0;1;0;0;0;0;0;0;0;0;0;0;0;1;0;0;0.0;0.0;0.0;0.0;0.0;0.0;0.0;0.0;0.0;0.0;0.0;0.0;0.0;0.0;0.0;0.0;0.0;1.0;0.0;0.0;0.0;0.0;0.0;0.0;0.0;0.0;0.0;0.0;0.0;0.0;0.0;0.0;0.0;0.0;0.0;5.0;0.0;1.0;1.0;3.0;1.0;0;0;0;0;FOZ DO IGUAÇU;REGIÃO OESTE;92
18630.0;2022-09-30;4.0;13.0;18.0;25.0;552.0;33.0;7.0;4.0;18.0;390.0;33.0;0.0;33.0;714.0;48.0;223.0;4;4;5;4;5;4;4;0;0;0;0;0;0;0;0;0;0;0;1;0;1;0;0;0.0;0.0;0.0;0.0;0.0;0.0;0.0;0.0;0.0;0.0;0.0;0.0;0.0;0.0;0.0;0.0;0.0;1.0;0.0;0.0;0.0;0.0;0.0;0.0;0.0;0.0;0.0;0.0;0.0;0.0;0.0;0.0;0.0;0.0;0.0;5.0;0.0;1.0;1.0;3.0;1.0;0;0;0;0;FOZ DO IGUAÇU;REGIÃO OESTE;93
23622.0;2022-10-31;10.0;15.0;21.0;26.0;650.0;34.0;12.0;10.0;20.0;476.0;34.0;0.0;34.0;824.0;80.0;376.0;5;4;4;5;4;5;4;0;0;0;0;0;0;0;0;0;0;1;0;0;1;0;0;0.0;0.0;0.0;0.0;0.0;0.0;0.0;0.0;0.0;0.0;0.0;0.0;0.0;0.0;0.0;0.0;0.0;1.0;0.0;0.0;0.0;0.0;0.0;0.0;0.0;0.0;0.0;0.0;0.0;0.0;0.0;0.0;0.0;0.0;0.0;5.0;0.0;1.0;1.0;3.0;1.0;0;0;0;0;FOZ DO IGUAÇU;REGIÃO OESTE;94
27330.0;2022-11-30;6.0;14.0;22.0;26.0;664.0;34.0;2.0;6.0;20.0;442.0;34.0;0.0;34.0;885.0;57.0;72.0;4;5;4;4;4;4;5;0;0;0;0;0;0;0;0;0;1;0;0;0;1;0;0;0.0;0.0;0.0;0.0;0.0;0.0;0.0;0.0;0.0;0.0;0.0;0.0;0.0;0.0;0.0;0.0;0.0;1.0;0.0;0.0;0.0;0.0;0.0;0.0;0.0;0.0;0.0;0.0;0.0;0.0;0.0;0.0;0.0;0.0;0.0;5.0;0.0;1.0;1.0;3.0;1.0;0;0;0;0;FOZ DO IGUAÇU;REGIÃO OESTE;95
34162.0;2022-12-31;13.0;22.0;26.0;30.0;821.0;37.0;2.0;13.0;23.0;597.0;37.0;0.0;37.0;1046.0;28.0;54.0;4;4;5;4;5;5;4;0;0;1;0;0;0;0;0;0;0;0;0;0;1;0;0;0.0;0.0;0.0;0.0;0.0;0.0;0.0;0.0;0.0;0.0;0.0;0.0;0.0;0.0;0.0;0.0;0.0;1.0;0.0;0.0;0.0;0.0;0.0;0.0;0.0;0.0;0.0;0.0;0.0;0.0;0.0;0.0;0.0;0.0;0.0;4.645161290322581;0.0;1.0;1.0;3.0;1.0;0;0;0;0;FOZ DO IGUAÇU;REGIÃO OESTE;96
27807.0;2023-01-31;16.0;24.0;26.0;29.0;810.0;38.0;8.0;16.0;22.0;624.0;38.0;0.0;38.0;997.0;53.0;263.0;5;4;4;5;4;4;5;0;0;0;0;1;0;0;0;0;0;0;0;0;0;1;0;0.0;0.0;0.0;0.0;0.0;0.0;0.0;0.0;0.0;0.0;0.0;0.0;0.0;0.0;0.0;0.0;0.0;1.0;0.0;0.0;0.0;0.0;0.0;0.0;0.0;0.0;0.0;0.0;0.0;0.0;0.0;0.0;0.0;0.0;0.0;4.0;0.0;1.0;1.0;3.0;1.0;31;0;0;0;FOZ DO IGUAÇU;REGIÃO OESTE;97
33208.0;2023-02-28;9.0;17.0;25.0;28.0;693.0;35.0;7.0;9.0;22.0;536.0;35.0;0.0;35.0;850.0;42.0;193.0;4;4;4;4;4;4;4;0;0;0;1;0;0;0;0;0;0;0;0;0;0;1;0;0.0;0.0;0.0;0.0;0.0;0.0;0.0;0.0;0.0;0.0;0.0;0.0;0.0;0.0;0.0;0.0;0.0;1.0;0.0;0.0;0.0;0.0;0.0;0.0;0.0;0.0;0.0;0.0;0.0;0.0;0.0;0.0;0.0;0.0;0.0;4.0;0.0;1.0;1.0;3.0;1.0;0;3;0;0;FOZ DO IGUAÇU;REGIÃO OESTE;98
41664.0;2023-03-31;16.0;22.0;26.0;29.0;802.0;36.0;4.0;16.0;22.0;624.0;36.0;0.0;36.0;979.0;58.0;130.0;4;5;5;4;5;4;4;0;0;0;0;0;0;0;0;1;0;0;0;0;0;1;0;0.0;0.0;0.0;0.0;0.0;0.0;0.0;0.0;0.0;0.0;0.0;0.0;0.0;0.0;0.0;0.0;0.0;1.0;0.0;0.0;0.0;0.0;0.0;0.0;0.0;0.0;0.0;0.0;0.0;0.0;0.0;0.0;0.0;0.0;0.0;4.0;0.8387096774193549;1.0;1.0;3.0;1.0;0;0;0;0;FOZ DO IGUAÇU;REGIÃO OESTE;99
26520.0;2023-04-30;10.0;16.0;22.0;26.0;650.0;33.0;6.0;10.0;21.0;490.0;33.0;0.0;33.0;810.0;86.0;174.0;5;4;4;4;4;5;4;1;0;0;0;0;0;0;0;0;0;0;0;0;0;1;0;0.0;0.0;0.0;0.0;0.0;0.0;0.0;0.0;0.0;0.0;0.0;0.0;0.0;0.0;0.0;0.0;0.0;1.0;0.0;0.0;0.0;0.0;0.0;0.0;0.0;0.0;0.0;0.0;0.0;0.0;0.0;0.0;0.0;0.0;0.0;4.0;1.0;1.0;1.0;3.0;1.0;0;1;0;0;FOZ DO IGUAÇU;REGIÃO OESTE;100
26443.0;2023-05-31;6.0;15.0;20.0;25.0;612.0;29.0;5.0;6.0;21.0;448.0;29.0;0.0;29.0;775.0;82.0;161.0;4;5;4;5;4;4;5;0;0;0;0;0;0;0;1;0;0;0;0;0;0;1;0;0.0;0.0;0.0;0.0;0.0;0.0;0.0;0.0;0.0;0.0;0.0;0.0;0.0;0.0;0.0;0.0;0.0;1.0;0.0;0.0;0.0;0.0;0.0;0.0;0.0;0.0;0.0;0.0;0.0;0.0;0.0;0.0;0.0;0.0;0.0;4.0;1.0;1.0;1.0;3.0;1.0;0;0;0;0;FOZ DO IGUAÇU;REGIÃO OESTE;101
24900.0;2023-06-30;7.0;10.0;18.0;21.0;537.0;28.0;2.0;7.0;17.0;373.0;28.0;0.0;28.0;702.0;19.0;71.0;4;4;5;4;5;4;4;0;0;0;0;0;0;1;0;0;0;0;0;0;0;1;0;0.0;0.0;0.0;0.0;0.0;0.0;0.0;0.0;0.0;0.0;0.0;0.0;0.0;0.0;0.0;0.0;0.0;1.0;0.0;0.0;0.0;0.0;0.0;0.0;0.0;0.0;0.0;0.0;0.0;0.0;0.0;0.0;0.0;0.0;0.0;4.0;1.0;1.0;1.0;3.0;1.0;0;1;0;0;FOZ DO IGUAÇU;REGIÃO OESTE;102
20057.0;2023-07-31;5.0;9.0;19.0;23.0;596.0;30.0;4.0;5.0;19.0;431.0;30.0;0.0;30.0;761.0;72.0;124.0;5;4;4;5;4;5;4;0;0;0;0;0;1;0;0;0;0;0;0;0;0;1;0;0.0;0.0;0.0;0.0;0.0;0.0;0.0;0.0;0.0;0.0;0.0;0.0;0.0;0.0;0.0;0.0;0.0;1.0;0.0;0.0;0.0;0.0;0.0;0.0;0.0;0.0;0.0;0.0;0.0;0.0;0.0;0.0;0.0;0.0;0.0;4.0;1.0;1.0;1.0;3.0;1.0;15;0;0;0;FOZ DO IGUAÇU;REGIÃO OESTE;103
26381.0;2023-08-31;6.0;13.0;21.0;28.0;645.0;34.0;2.0;6.0;22.0;452.0;34.0;0.0;34.0;839.0;20.0;57.0;4;5;5;4;4;4;5;0;1;0;0;0;0;0;0;0;0;0;0;0;0;1;0;0.0;0.0;0.0;0.0;0.0;0.0;0.0;0.0;0.0;0.0;0.0;0.0;0.0;0.0;0.0;0.0;0.0;1.0;0.0;0.0;0.0;0.0;0.0;0.0;0.0;0.0;0.0;0.0;0.0;0.0;0.0;0.0;0.0;0.0;0.0;4.0;1.0;1.0;1.0;3.0;1.0;0;0;0;0;FOZ DO IGUAÇU;REGIÃO OESTE;104
11580.0;2023-09-30;6.0;16.0;24.0;31.0;711.0;38.0;9.0;6.0;23.0;520.0;38.0;0.0;38.0;903.0;108.0;284.0;4;4;4;4;5;5;4;0;0;0;0;0;0;0;0;0;0;0;1;0;0;1;0;0.0;0.0;0.0;0.0;0.0;0.0;0.0;0.0;0.0;0.0;0.0;0.0;0.0;0.0;0.0;0.0;0.0;1.0;0.0;0.0;0.0;0.0;0.0;0.0;0.0;0.0;0.0;0.0;0.0;0.0;0.0;0.0;0.0;0.0;0.0;4.0;1.0;1.0;1.0;3.0;1.0;0;0;0;0;FOZ DO IGUAÇU;REGIÃO OESTE;105
26102.0;2023-10-31;13.0;18.0;24.0;30.0;730.0;38.0;14.0;13.0;22.0;559.0;38.0;0.0;38.0;900.0;129.0;421.0;5;4;4;5;4;4;5;0;0;0;0;0;0;0;0;0;0;1;0;0;0;1;0;0.0;0.0;0.0;0.0;0.0;0.0;0.0;0.0;0.0;0.0;0.0;0.0;0.0;0.0;0.0;0.0;0.0;1.0;0.0;0.0;0.0;0.0;0.0;0.0;0.0;0.0;0.0;0.0;0.0;0.0;0.0;0.0;0.0;0.0;0.0;4.0;1.0;1.0;1.0;3.0;1.0;0;0;0;0;FOZ DO IGUAÇU;REGIÃO OESTE;106
29340.0;2023-11-30;9.0;18.0;25.0;30.0;742.0;36.0;7.0;9.0;25.0;585.0;36.0;0.0;36.0;898.0;64.0;201.0;4;5;5;4;4;4;4;0;0;0;0;0;0;0;0;0;1;0;0;0;0;1;0;0.0;0.0;0.0;0.0;0.0;0.0;0.0;0.0;0.0;0.0;0.0;0.0;0.0;0.0;0.0;0.0;0.0;1.0;0.0;0.0;0.0;0.0;0.0;0.0;0.0;0.0;0.0;0.0;0.0;0.0;0.0;0.0;0.0;0.0;0.0;4.0;1.0;1.0;1.0;3.0;1.0;0;0;0;0;FOZ DO IGUAÇU;REGIÃO OESTE;107
9052.0;2023-12-31;15.0;23.0;27.0;31.0;822.0;37.0;4.0;15.0;25.0;655.0;37.0;0.0;37.0;989.0;43.0;109.0;5;4;4;4;5;5;4;0;0;1;0;0;0;0;0;0;0;0;0;0;0;1;0;0.0;0.0;0.0;0.0;0.0;0.0;0.0;0.0;0.0;0.0;0.0;0.0;0.0;0.0;0.0;0.0;0.0;1.0;0.0;0.0;0.0;0.0;0.0;0.0;0.0;0.0;0.0;0.0;0.0;0.0;0.0;0.0;0.0;0.0;0.0;4.0;1.0;1.0;1.0;3.0;1.0;0;0;0;0;FOZ DO IGUAÇU;REGIÃO OESTE;108
12803.0;2024-01-31;16.0;23.0;27.0;30.0;834.0;38.0;2.0;16.0;24.0;647.0;38.0;0.0;38.0;1022.0;25.0;69.0;4;5;4;5;4;4;5;0;0;0;0;1;0;0;0;0;0;0;0;0;0;0;1;0.0;0.0;0.0;0.0;0.0;0.0;0.0;0.0;0.0;0.0;0.0;0.0;0.0;0.0;0.0;0.0;0.0;1.0;0.0;0.0;0.0;0.0;0.0;0.0;0.0;0.0;0.0;0.0;0.0;0.0;0.0;0.0;0.0;0.0;0.0;4.0;1.0;1.0;1.0;3.0;1.0;31;0;0;0;FOZ DO IGUAÇU;REGIÃO OESTE;109
29087.0;2024-02-29;20.0;26.0;28.0;31.0;823.0;39.0;1.0;20.0;25.0;649.0;39.0;0.0;39.0;997.0;10.0;16.0;4;4;5;4;4;4;4;0;0;0;1;0;0;0;0;0;0;0;0;0;0;0;1;0.0;0.0;0.0;0.0;0.0;0.0;0.0;0.0;0.0;0.0;0.0;0.0;0.0;0.0;0.0;0.0;0.0;1.0;0.0;0.0;0.0;0.0;0.0;0.0;0.0;0.0;0.0;0.0;0.0;0.0;0.0;0.0;0.0;0.0;0.0;4.0;1.0;1.0;1.0;3.0;1.0;0;3;0;0;FOZ DO IGUAÇU;REGIÃO OESTE;110
31465.0;2024-03-31;18.0;24.0;27.0;31.0;851.0;38.0;0.0;18.0;25.0;667.0;38.0;0.0;38.0;1034.0;1.0;3.0;5;4;4;4;5;5;4;0;0;0;0;0;0;0;0;1;0;0;0;0;0;0;1;0.0;0.0;0.0;0.0;0.0;0.0;0.0;0.0;0.0;0.0;0.0;0.0;0.0;0.0;0.0;0.0;0.0;1.0;0.0;0.0;0.0;0.0;0.0;0.0;0.0;0.0;0.0;0.0;0.0;0.0;0.0;0.0;0.0;0.0;0.0;4.0;1.0;1.0;1.0;3.0;1.0;0;1;0;0;FOZ DO IGUAÇU;REGIÃO OESTE;111
15930.0;2024-04-30;12.0;19.0;25.0;29.0;744.0;35.0;1.0;12.0;24.0;606.0;35.0;0.0;35.0;882.0;38.0;39.0;4;4;4;5;4;4;5;1;0;0;0;0;0;0;0;0;0;0;0;0;0;0;1;0.0;0.0;0.0;0.0;0.0;0.0;0.0;0.0;0.0;0.0;0.0;0.0;0.0;0.0;0.0;0.0;0.0;1.0;0.0;0.0;0.0;0.0;0.0;0.0;0.0;0.0;0.0;0.0;0.0;0.0;0.0;0.0;0.0;0.0;0.0;4.0;1.0;1.0;1.0;3.0;1.0;0;0;0;0;FOZ DO IGUAÇU;REGIÃO OESTE;112
13020.0;2024-05-31;5.0;11.0;20.0;28.0;611.0;34.0;8.0;5.0;22.0;471.0;34.0;0.0;34.0;750.0;95.0;249.0;4;5;5;4;5;4;4;0;0;0;0;0;0;0;1;0;0;0;0;0;0;0;1;0.0;0.0;0.0;0.0;0.0;0.0;0.0;0.0;0.0;0.0;0.0;0.0;0.0;0.0;0.0;0.0;0.0;1.0;0.0;0.0;0.0;0.0;0.0;0.0;0.0;0.0;0.0;0.0;0.0;0.0;0.0;0.0;0.0;0.0;0.0;4.0;1.0;1.0;1.0;3.0;1.0;0;1;0;30;FOZ DO IGUAÇU;REGIÃO OESTE;113
11910.0;2024-06-30;2.0;8.0;21.0;26.0;630.0;31.0;3.0;2.0;23.0;482.0;31.0;0.0;31.0;778.0;38.0;81.0;5;4;4;4;4;5;4;0;0;0;0;0;0;1;0;0;0;0;0;0;0;0;1;0.0;0.0;0.0;0.0;0.0;0.0;0.0;0.0;0.0;0.0;0.0;0.0;0.0;0.0;0.0;0.0;0.0;1.0;0.0;0.0;0.0;0.0;0.0;0.0;0.0;0.0;0.0;0.0;0.0;0.0;0.0;0.0;0.0;0.0;0.0;4.0;1.0;1.0;1.0;3.0;1.0;0;0;0;30;FOZ DO IGUAÇU;REGIÃO OESTE;114
15593.0;2024-07-31;1.0;7.0;16.0;22.0;504.0;28.0;4.0;1.0;18.0;372.0;28.0;0.0;28.0;636.0;28.0;122.0;4;5;4;5;4;4;5;0;0;0;0;0;1;0;0;0;0;0;0;0;0;0;1;0.0;0.0;0.0;0.0;0.0;0.0;0.0;0.0;0.0;0.0;0.0;0.0;0.0;0.0;0.0;0.0;0.0;1.0;0.0;0.0;0.0;0.0;0.0;0.0;0.0;0.0;0.0;0.0;0.0;0.0;0.0;0.0;0.0;0.0;0.0;4.0;1.0;1.0;1.0;3.0;1.0;12;0;0;0;FOZ DO IGUAÇU;REGIÃO OESTE;115
15159.0;2024-08-31;1.0;9.0;19.0;27.0;581.0;35.0;3.0;1.0;19.0;395.0;35.0;0.0;35.0;767.0;32.0;86.0;4;4;5;4;5;5;4;0;1;0;0;0;0;0;0;0;0;0;0;0;0;0;1;0.0;0.0;0.0;0.0;0.0;0.0;0.0;0.0;0.0;0.0;0.0;0.0;0.0;0.0;0.0;0.0;0.0;1.0;0.0;0.0;0.0;0.0;0.0;0.0;0.0;0.0;0.0;0.0;0.0;0.0;0.0;0.0;0.0;0.0;0.0;4.0;1.0;1.0;1.0;3.0;1.0;0;0;0;0;FOZ DO IGUAÇU;REGIÃO OESTE;116
17130.0;2024-09-30;8.0;16.0;23.0;30.0;691.0;37.0;1.0;8.0;23.0;509.0;37.0;0.0;37.0;872.0;28.0;44.0;5;4;4;5;4;4;4;0;0;0;0;0;0;0;0;0;0;0;1;0;0;0;1;0.0;0.0;0.0;0.0;0.0;0.0;0.0;0.0;0.0;0.0;0.0;0.0;0.0;0.0;0.0;0.0;0.0;1.0;0.0;0.0;0.0;0.0;0.0;0.0;0.0;0.0;0.0;0.0;0.0;0.0;0.0;0.0;0.0;0.0;0.0;4.0;1.0;1.0;1.0;3.0;1.0;0;0;0;0;FOZ DO IGUAÇU;REGIÃO OESTE;117
21390.0;2024-10-31;12.0;20.0;24.0;29.0;744.0;37.0;3.0;12.0;24.0;574.0;37.0;0.0;37.0;915.0;35.0;88.0;4;5;5;4;4;4;5;0;0;0;0;0;0;0;0;0;0;1;0;0;0;0;1;0.0;0.0;0.0;0.0;0.0;0.0;0.0;0.0;0.0;0.0;0.0;0.0;0.0;0.0;0.0;0.0;0.0;1.0;0.0;0.0;0.0;0.0;0.0;0.0;0.0;0.0;0.0;0.0;0.0;0.0;0.0;0.0;0.0;0.0;0.0;4.0;1.0;1.0;1.0;3.0;1.0;0;0;0;0;FOZ DO IGUAÇU;REGIÃO OESTE;118
3917.0;2018-01-31;18.0;22.0;25.0;28.0;780.0;33.0;6.0;18.0;23.0;648.0;33.0;0.0;33.0;913.0;87.0;195.0;4;5;4;5;4;4;5;0;0;0;0;1;0;0;0;0;0;0;0;0;0;0;0;0.0;0.0;0.0;1.0;0.0;0.0;0.0;0.0;0.0;0.0;0.0;0.0;0.0;0.0;0.0;0.0;0.0;0.0;1.0;0.0;0.0;0.0;0.0;0.0;0.0;0.0;0.0;0.0;0.0;0.0;0.0;0.0;0.0;0.0;0.0;2.0;0.0;0.0;0.0;0.0;0.0;31;0;0;0;GOIOERÊ;REGIÃO OESTE;1
5112.0;2018-02-28;17.0;22.0;25.0;26.0;692.0;32.0;3.0;17.0;22.0;550.0;32.0;0.0;32.0;835.0;22.0;91.0;4;4;4;4;4;4;4;0;0;0;1;0;0;0;0;0;0;0;0;0;0;0;0;0.0;0.0;0.0;1.0;0.0;0.0;0.0;0.0;0.0;0.0;0.0;0.0;0.0;0.0;0.0;0.0;0.0;0.0;1.0;0.0;0.0;0.0;0.0;0.0;0.0;0.0;0.0;0.0;0.0;0.0;0.0;0.0;0.0;0.0;0.0;2.0;0.0;0.0;0.0;0.0;0.0;0;3;0;0;GOIOERÊ;REGIÃO OESTE;2
7011.0;2018-03-31;17.0;22.0;26.0;28.0;792.0;33.0;6.0;17.0;24.0;651.0;33.0;0.0;33.0;934.0;46.0;188.0;4;4;5;4;5;5;4;0;0;0;0;0;0;0;0;1;0;0;0;0;0;0;0;0.0;0.0;0.0;1.0;0.0;0.0;0.0;0.0;0.0;0.0;0.0;0.0;0.0;0.0;0.0;0.0;0.0;0.0;1.0;0.0;0.0;0.0;0.0;0.0;0.0;0.0;0.0;0.0;0.0;0.0;0.0;0.0;0.0;0.0;0.0;2.0;0.0;0.0;0.0;0.0;0.0;0;1;0;0;GOIOERÊ;REGIÃO OESTE;3
7083.0;2018-04-30;17.0;22.0;24.0;26.0;725.0;31.0;0.0;17.0;22.0;563.0;31.0;0.0;31.0;887.0;11.0;11.0;5;4;4;5;4;4;4;1;0;0;0;0;0;0;0;0;0;0;0;0;0;0;0;0.0;0.0;0.0;1.0;0.0;0.0;0.0;0.0;0.0;0.0;0.0;0.0;0.0;0.0;0.0;0.0;0.0;0.0;1.0;0.0;0.0;0.0;0.0;0.0;0.0;0.0;0.0;0.0;0.0;0.0;0.0;0.0;0.0;0.0;0.0;2.0;0.0;0.0;0.0;0.0;0.0;0;0;0;0;GOIOERÊ;REGIÃO OESTE;4
6599.0;2018-05-31;7.0;14.0;21.0;26.0;656.0;31.0;2.0;7.0;20.0;489.0;31.0;0.0;31.0;823.0;39.0;68.0;4;5;5;4;4;4;5;0;0;0;0;0;0;0;1;0;0;0;0;0;0;0;0;0.0;0.0;0.0;1.0;0.0;0.0;0.0;0.0;0.0;0.0;0.0;0.0;0.0;0.0;0.0;0.0;0.0;0.0;1.0;0.0;0.0;0.0;0.0;0.0;0.0;0.0;0.0;0.0;0.0;0.0;0.0;0.0;0.0;0.0;0.0;2.0;0.0;0.0;0.0;0.0;0.0;0;1;0;0;GOIOERÊ;REGIÃO OESTE;5
5964.0;2018-06-30;5.0;12.0;18.0;23.0;545.0;27.0;3.0;5.0;19.0;409.0;27.0;0.0;27.0;681.0;30.0;80.0;4;4;4;4;5;5;4;0;0;0;0;0;0;1;0;0;0;0;0;0;0;0;0;0.0;0.0;0.0;1.0;0.0;0.0;0.0;0.0;0.0;0.0;0.0;0.0;0.0;0.0;0.0;0.0;0.0;0.0;1.0;0.0;0.0;0.0;0.0;0.0;0.0;0.0;0.0;0.0;0.0;0.0;0.0;0.0;0.0;0.0;0.0;2.0;0.0;0.0;0.0;0.0;0.0;0;0;0;0;GOIOERÊ;REGIÃO OESTE;6
5315.0;2018-07-31;6.0;12.0;20.0;24.0;632.0;30.0;0.0;6.0;19.0;461.0;30.0;0.0;30.0;804.0;11.0;12.0;5;4;4;5;4;4;5;0;0;0;0;0;1;0;0;0;0;0;0;0;0;0;0;0.0;0.0;0.0;1.0;0.0;0.0;0.0;0.0;0.0;0.0;0.0;0.0;0.0;0.0;0.0;0.0;0.0;0.0;1.0;0.0;0.0;0.0;0.0;0.0;0.0;0.0;0.0;0.0;0.0;0.0;0.0;0.0;0.0;0.0;0.0;2.0;0.0;0.0;0.0;0.0;0.0;16;0;0;0;GOIOERÊ;REGIÃO OESTE;7
5695.0;2018-08-31;4.0;8.0;18.0;26.0;552.0;31.0;7.0;4.0;20.0;394.0;31.0;0.0;31.0;711.0;124.0;217.0;4;5;5;4;5;4;4;0;1;0;0;0;0;0;0;0;0;0;0;0;0;0;0;0.0;0.0;0.0;1.0;0.0;0.0;0.0;0.0;0.0;0.0;0.0;0.0;0.0;0.0;0.0;0.0;0.0;0.0;1.0;0.0;0.0;0.0;0.0;0.0;0.0;0.0;0.0;0.0;0.0;0.0;0.0;0.0;0.0;0.0;0.0;2.0;0.0;0.0;0.0;0.0;0.0;0;0;0;0;GOIOERÊ;REGIÃO OESTE;8
6483.0;2018-09-30;10.0;12.0;22.0;27.0;653.0;32.0;6.0;10.0;22.0;501.0;32.0;0.0;32.0;805.0;46.0;187.0;5;4;4;4;4;5;4;0;0;0;0;0;0;0;0;0;0;0;1;0;0;0;0;0.0;0.0;0.0;1.0;0.0;0.0;0.0;0.0;0.0;0.0;0.0;0.0;0.0;0.0;0.0;0.0;0.0;0.0;1.0;0.0;0.0;0.0;0.0;0.0;0.0;0.0;0.0;0.0;0.0;0.0;0.0;0.0;0.0;0.0;0.0;2.0;0.0;0.0;0.0;0.0;0.0;0;0;0;0;GOIOERÊ;REGIÃO OESTE;9
6830.0;2018-10-31;14.0;20.0;23.0;26.0;715.0;30.0;7.0;14.0;22.0;588.0;30.0;0.0;30.0;842.0;51.0;206.0;4;5;4;5;4;4;5;0;0;0;0;0;0;0;0;0;0;1;0;0;0;0;0;0.0;0.0;0.0;1.0;0.0;0.0;0.0;0.0;0.0;0.0;0.0;0.0;0.0;0.0;0.0;0.0;0.0;0.0;1.0;0.0;0.0;0.0;0.0;0.0;0.0;0.0;0.0;0.0;0.0;0.0;0.0;0.0;0.0;0.0;0.0;2.0;0.0;0.0;0.0;0.0;0.0;0;0;0;0;GOIOERÊ;REGIÃO OESTE;10
6750.0;2018-11-30;17.0;21.0;25.0;28.0;736.0;33.0;3.0;17.0;24.0;594.0;33.0;0.0;33.0;877.0;26.0;80.0;4;4;5;4;5;4;4;0;0;0;0;0;0;0;0;0;1;0;0;0;0;0;0;0.0;0.0;0.0;1.0;0.0;0.0;0.0;0.0;0.0;0.0;0.0;0.0;0.0;0.0;0.0;0.0;0.0;0.0;1.0;0.0;0.0;0.0;0.0;0.0;0.0;0.0;0.0;0.0;0.0;0.0;0.0;0.0;0.0;0.0;0.0;2.0;0.0;0.0;0.0;0.0;0.0;0;0;0;0;GOIOERÊ;REGIÃO OESTE;11
6188.0;2018-12-31;16.0;22.0;26.0;30.0;818.0;37.0;2.0;16.0;24.0;646.0;37.0;0.0;37.0;991.0;10.0;47.0;5;4;4;5;4;5;4;0;0;1;0;0;0;0;0;0;0;0;0;0;0;0;0;0.0;0.0;0.0;1.0;0.0;0.0;0.0;0.0;0.0;0.0;0.0;0.0;0.0;0.0;0.0;0.0;0.0;0.0;1.0;0.0;0.0;0.0;0.0;0.0;0.0;0.0;0.0;0.0;0.0;0.0;0.0;0.0;0.0;0.0;0.0;2.0;0.0;0.0;0.0;0.0;0.0;0;0;0;0;GOIOERÊ;REGIÃO OESTE;12
5762.0;2019-01-31;20.0;25.0;28.0;30.0;854.0;36.0;3.0;20.0;24.0;701.0;36.0;0.0;36.0;1006.0;27.0;96.0;4;5;5;4;4;4;5;0;0;0;0;1;0;0;0;0;0;0;0;0;0;0;0;0.0;0.0;0.0;0.0;1.0;0.0;0.0;0.0;0.0;0.0;0.0;0.0;0.0;0.0;0.0;0.0;0.0;0.0;1.0;0.0;0.0;0.0;0.0;0.0;0.0;0.0;0.0;0.0;0.0;0.0;0.0;0.0;0.0;0.0;0.0;2.0;0.0;0.0;0.0;0.0;0.0;31;0;0;0;GOIOERÊ;REGIÃO OESTE;13
7498.0;2019-02-28;18.0;22.0;26.0;30.0;724.0;36.0;6.0;18.0;24.0;584.0;36.0;0.0;36.0;864.0;43.0;162.0;4;4;4;4;4;4;4;0;0;0;1;0;0;0;0;0;0;0;0;0;0;0;0;0.0;0.0;0.0;0.0;1.0;0.0;0.0;0.0;0.0;0.0;0.0;0.0;0.0;0.0;0.0;0.0;0.0;0.0;1.0;0.0;0.0;0.0;0.0;0.0;0.0;0.0;0.0;0.0;0.0;0.0;0.0;0.0;0.0;0.0;0.0;2.0;0.0;0.0;0.0;0.0;0.0;0;0;0;0;GOIOERÊ;REGIÃO OESTE;14
10023.0;2019-03-31;16.0;22.0;25.0;27.0;764.0;33.0;3.0;16.0;22.0;616.0;33.0;0.0;33.0;912.0;26.0;103.0;5;4;4;4;5;5;4;0;0;0;0;0;0;0;0;1;0;0;0;0;0;0;0;0.0;0.0;0.0;0.0;1.0;0.0;0.0;0.0;0.0;0.0;0.0;0.0;0.0;0.0;0.0;0.0;0.0;0.0;1.0;0.0;0.0;0.0;0.0;0.0;0.0;0.0;0.0;0.0;0.0;0.0;0.0;0.0;0.0;0.0;0.0;2.0;0.0;0.0;0.0;0.0;0.0;0;3;0;0;GOIOERÊ;REGIÃO OESTE;15
9417.0;2019-04-30;15.0;21.0;24.0;26.0;714.0;31.0;1.0;15.0;22.0;572.0;31.0;0.0;31.0;857.0;8.0;22.0;4;4;4;5;4;4;5;1;0;0;0;0;0;0;0;0;0;0;0;0;0;0;0;0.0;0.0;0.0;0.0;1.0;0.0;0.0;0.0;0.0;0.0;0.0;0.0;0.0;0.0;0.0;0.0;0.0;0.0;1.0;0.0;0.0;0.0;0.0;0.0;0.0;0.0;0.0;0.0;0.0;0.0;0.0;0.0;0.0;0.0;0.0;2.0;0.0;0.0;0.0;0.0;0.0;0;1;0;0;GOIOERÊ;REGIÃO OESTE;16
7449.0;2019-05-31;10.0;14.0;21.0;26.0;656.0;31.0;7.0;10.0;21.0;532.0;31.0;0.0;31.0;780.0;74.0;228.0;4;5;5;4;5;4;4;0;0;0;0;0;0;0;1;0;0;0;0;0;0;0;0;0.0;0.0;0.0;0.0;1.0;0.0;0.0;0.0;0.0;0.0;0.0;0.0;0.0;0.0;0.0;0.0;0.0;0.0;1.0;0.0;0.0;0.0;0.0;0.0;0.0;0.0;0.0;0.0;0.0;0.0;0.0;0.0;0.0;0.0;0.0;2.0;0.0;0.0;0.0;0.0;0.0;0;0;0;0;GOIOERÊ;REGIÃO OESTE;17
6033.0;2019-06-30;10.0;16.0;20.0;23.0;600.0;28.0;1.0;10.0;19.0;460.0;28.0;0.0;28.0;740.0;11.0;19.0;5;4;4;4;4;5;4;0;0;0;0;0;0;1;0;0;0;0;0;0;0;0;0;0.0;0.0;0.0;0.0;1.0;0.0;0.0;0.0;0.0;0.0;0.0;0.0;0.0;0.0;0.0;0.0;0.0;0.0;1.0;0.0;0.0;0.0;0.0;0.0;0.0;0.0;0.0;0.0;0.0;0.0;0.0;0.0;0.0;0.0;0.0;2.0;0.0;0.0;0.0;0.0;0.0;0;1;0;0;GOIOERÊ;REGIÃO OESTE;18
5394.0;2019-07-31;-2.0;6.0;18.0;22.0;558.0;28.0;2.0;-2.0;18.0;380.0;28.0;0.0;28.0;737.0;47.0;55.0;4;5;4;5;4;4;5;0;0;0;0;0;1;0;0;0;0;0;0;0;0;0;0;0.0;0.0;0.0;0.0;1.0;0.0;0.0;0.0;0.0;0.0;0.0;0.0;0.0;0.0;0.0;0.0;0.0;0.0;1.0;0.0;0.0;0.0;0.0;0.0;0.0;0.0;0.0;0.0;0.0;0.0;0.0;0.0;0.0;0.0;0.0;2.0;0.0;0.0;0.0;0.0;0.0;16;0;0;0;GOIOERÊ;REGIÃO OESTE;19
6149.0;2019-08-31;3.0;10.0;20.0;26.0;634.0;33.0;1.0;3.0;19.0;424.0;33.0;0.0;33.0;843.0;20.0;27.0;4;4;5;4;5;5;4;0;1;0;0;0;0;0;0;0;0;0;0;0;0;0;0;0.0;0.0;0.0;0.0;1.0;0.0;0.0;0.0;0.0;0.0;0.0;0.0;0.0;0.0;0.0;0.0;0.0;0.0;1.0;0.0;0.0;0.0;0.0;0.0;0.0;0.0;0.0;0.0;0.0;0.0;0.0;0.0;0.0;0.0;0.0;2.0;0.0;0.0;0.0;0.0;0.0;0;0;0;0;GOIOERÊ;REGIÃO OESTE;20
8124.0;2019-09-30;10.0;17.0;24.0;30.0;730.0;38.0;1.0;10.0;23.0;547.0;38.0;0.0;38.0;914.0;29.0;41.0;5;4;4;5;4;4;4;0;0;0;0;0;0;0;0;0;0;0;1;0;0;0;0;0.0;0.0;0.0;0.0;1.0;0.0;0.0;0.0;0.0;0.0;0.0;0.0;0.0;0.0;0.0;0.0;0.0;0.0;1.0;0.0;0.0;0.0;0.0;0.0;0.0;0.0;0.0;0.0;0.0;0.0;0.0;0.0;0.0;0.0;0.0;2.0;0.0;0.0;0.0;0.0;0.0;0;0;0;0;GOIOERÊ;REGIÃO OESTE;21
9638.0;2019-10-31;15.0;22.0;27.0;30.0;824.0;37.0;2.0;15.0;24.0;642.0;37.0;0.0;37.0;1006.0;24.0;58.0;4;5;5;4;4;4;5;0;0;0;0;0;0;0;0;0;0;1;0;0;0;0;0;0.0;0.0;0.0;0.0;1.0;0.0;0.0;0.0;0.0;0.0;0.0;0.0;0.0;0.0;0.0;0.0;0.0;0.0;1.0;0.0;0.0;0.0;0.0;0.0;0.0;0.0;0.0;0.0;0.0;0.0;0.0;0.0;0.0;0.0;0.0;2.0;0.0;0.0;0.0;0.0;0.0;0;0;0;0;GOIOERÊ;REGIÃO OESTE;22
9468.0;2019-11-30;17.0;22.0;26.0;30.0;791.0;37.0;5.0;17.0;25.0;633.0;37.0;0.0;37.0;950.0;33.0;145.0;4;4;4;4;5;5;4;0;0;0;0;0;0;0;0;0;1;0;0;0;0;0;0;0.0;0.0;0.0;0.0;1.0;0.0;0.0;0.0;0.0;0.0;0.0;0.0;0.0;0.0;0.0;0.0;0.0;0.0;1.0;0.0;0.0;0.0;0.0;0.0;0.0;0.0;0.0;0.0;0.0;0.0;0.0;0.0;0.0;0.0;0.0;2.0;0.0;0.0;0.0;0.0;0.0;0;0;0;0;GOIOERÊ;REGIÃO OESTE;23
6531.0;2019-12-31;14.0;21.0;24.0;28.0;759.0;35.0;10.0;14.0;22.0;593.0;35.0;0.0;35.0;924.0;74.0;311.0;5;4;4;5;4;4;5;0;0;1;0;0;0;0;0;0;0;0;0;0;0;0;0;0.0;0.0;0.0;0.0;1.0;0.0;0.0;0.0;0.0;0.0;0.0;0.0;0.0;0.0;0.0;0.0;0.0;0.0;1.0;0.0;0.0;0.0;0.0;0.0;0.0;0.0;0.0;0.0;0.0;0.0;0.0;0.0;0.0;0.0;0.0;2.0;0.0;0.0;0.0;0.0;0.0;0;0;0;0;GOIOERÊ;REGIÃO OESTE;24
6110.0;2020-01-31;18.0;22.0;26.0;28.0;800.0;35.0;4.0;18.0;23.0;642.0;35.0;0.0;35.0;958.0;35.0;115.0;4;5;5;4;5;4;4;0;0;0;0;1;0;0;0;0;0;0;0;0;0;0;0;0.0;0.0;0.0;0.0;0.0;1.0;0.0;0.0;0.0;0.0;0.0;0.0;0.0;0.0;0.0;0.0;0.0;0.0;1.0;0.0;0.0;0.0;0.0;0.0;0.0;0.0;0.0;0.0;0.0;0.0;0.0;0.0;0.0;0.0;0.0;2.0;0.0;0.0;0.0;0.0;0.0;31;0;0;0;GOIOERÊ;REGIÃO OESTE;25
8621.0;2020-02-29;16.0;23.0;26.0;30.0;760.0;36.0;4.0;16.0;24.0;595.0;36.0;0.0;36.0;924.0;54.0;130.0;4;4;4;4;4;5;4;0;0;0;1;0;0;0;0;0;0;0;0;0;0;0;0;0.0;0.0;0.0;0.0;0.0;1.0;0.0;0.0;0.0;0.0;0.0;0.0;0.0;0.0;0.0;0.0;0.0;0.0;1.0;0.0;0.0;0.0;0.0;0.0;0.0;0.0;0.0;0.0;0.0;0.0;0.0;0.0;0.0;0.0;0.0;2.0;0.0;0.0;0.0;0.0;0.0;0;3;0;0;GOIOERÊ;REGIÃO OESTE;26
8533.0;2020-03-31;15.0;23.0;26.0;30.0;799.0;36.0;2.0;15.0;24.0;603.0;36.0;0.0;36.0;996.0;38.0;53.0;5;4;4;5;4;4;5;0;0;0;0;0;0;0;0;1;0;0;0;0;0;0;0;0.0;0.0;0.0;0.0;0.0;1.0;0.0;0.0;0.0;0.0;0.0;0.0;0.0;0.0;0.0;0.0;0.0;0.0;1.0;0.0;0.0;0.0;0.0;0.0;0.0;0.0;0.0;0.0;0.0;0.0;0.0;0.0;0.0;0.0;0.0;2.0;0.0;0.0;0.0;0.0;0.0;0;0;15;0;GOIOERÊ;REGIÃO OESTE;27
5253.0;2020-04-30;8.0;15.0;22.0;27.0;659.0;34.0;2.0;8.0;20.0;458.0;34.0;0.0;34.0;860.0;38.0;53.0;4;5;5;4;4;4;4;1;0;0;0;0;0;0;0;0;0;0;0;0;0;0;0;0.0;0.0;0.0;0.0;0.0;1.0;0.0;0.0;0.0;0.0;0.0;0.0;0.0;0.0;0.0;0.0;0.0;0.0;1.0;0.0;0.0;0.0;0.0;0.0;0.0;0.0;0.0;0.0;0.0;0.0;0.0;0.0;0.0;0.0;0.0;2.0;0.0;0.0;0.0;0.0;0.0;0;1;30;0;GOIOERÊ;REGIÃO OESTE;28
4037.0;2020-05-31;6.0;13.0;19.0;24.0;579.0;30.0;3.0;6.0;19.0;379.0;30.0;0.0;30.0;779.0;70.0;86.0;5;4;4;4;5;5;4;0;0;0;0;0;0;0;1;0;0;0;0;0;0;0;0;0.0;0.0;0.0;0.0;0.0;1.0;0.0;0.0;0.0;0.0;0.0;0.0;0.0;0.0;0.0;0.0;0.0;0.0;1.0;0.0;0.0;0.0;0.0;0.0;0.0;0.0;0.0;0.0;0.0;0.0;0.0;0.0;0.0;0.0;0.0;2.0;0.0;0.0;0.0;0.0;0.0;0;0;31;0;GOIOERÊ;REGIÃO OESTE;29
3813.0;2020-06-30;8.0;12.0;21.0;25.0;618.0;30.0;5.0;8.0;21.0;479.0;30.0;0.0;30.0;757.0;37.0;153.0;4;4;4;5;4;4;5;0;0;0;0;0;0;1;0;0;0;0;0;0;0;0;0;0.0;0.0;0.0;0.0;0.0;1.0;0.0;0.0;0.0;0.0;0.0;0.0;0.0;0.0;0.0;0.0;0.0;0.0;1.0;0.0;0.0;0.0;0.0;0.0;0.0;0.0;0.0;0.0;0.0;0.0;0.0;0.0;0.0;0.0;0.0;2.0;0.0;0.0;0.0;0.0;0.0;0;1;30;0;GOIOERÊ;REGIÃO OESTE;30
3946.0;2020-07-31;4.0;10.0;20.0;24.0;607.0;29.0;1.0;4.0;19.0;430.0;29.0;0.0;29.0;784.0;13.0;29.0;4;5;5;4;5;4;4;0;0;0;0;0;1;0;0;0;0;0;0;0;0;0;0;0.0;0.0;0.0;0.0;0.0;1.0;0.0;0.0;0.0;0.0;0.0;0.0;0.0;0.0;0.0;0.0;0.0;0.0;1.0;0.0;0.0;0.0;0.0;0.0;0.0;0.0;0.0;0.0;0.0;0.0;0.0;0.0;0.0;0.0;0.0;2.0;0.0;0.0;0.0;0.0;0.0;0;0;31;0;GOIOERÊ;REGIÃO OESTE;31
3999.0;2020-08-31;4.0;10.0;20.0;24.0;615.0;32.0;6.0;4.0;18.0;442.0;32.0;0.0;32.0;789.0;66.0;184.0;5;4;4;5;4;5;4;0;1;0;0;0;0;0;0;0;0;0;0;0;0;0;0;0.0;0.0;0.0;0.0;0.0;1.0;0.0;0.0;0.0;0.0;0.0;0.0;0.0;0.0;0.0;0.0;0.0;0.0;1.0;0.0;0.0;0.0;0.0;0.0;0.0;0.0;0.0;0.0;0.0;0.0;0.0;0.0;0.0;0.0;0.0;2.0;0.0;0.0;0.0;0.0;0.0;0;0;31;0;GOIOERÊ;REGIÃO OESTE;32
4920.0;2020-09-30;15.0;22.0;26.0;30.0;785.0;37.0;1.0;15.0;22.0;585.0;37.0;0.0;37.0;985.0;12.0;40.0;4;5;4;4;4;4;5;0;0;0;0;0;0;0;0;0;0;0;1;0;0;0;0;0.0;0.0;0.0;0.0;0.0;1.0;0.0;0.0;0.0;0.0;0.0;0.0;0.0;0.0;0.0;0.0;0.0;0.0;1.0;0.0;0.0;0.0;0.0;0.0;0.0;0.0;0.0;0.0;0.0;0.0;0.0;0.0;0.0;0.0;0.0;2.0;0.0;0.0;0.0;0.0;0.0;0;0;30;0;GOIOERÊ;REGIÃO OESTE;33
4960.0;2020-10-31;16.0;22.0;26.0;32.0;812.0;39.0;2.0;16.0;25.0;629.0;39.0;0.0;39.0;995.0;22.0;71.0;4;4;5;4;5;5;4;0;0;0;0;0;0;0;0;0;0;1;0;0;0;0;0;0.0;0.0;0.0;0.0;0.0;1.0;0.0;0.0;0.0;0.0;0.0;0.0;0.0;0.0;0.0;0.0;0.0;0.0;1.0;0.0;0.0;0.0;0.0;0.0;0.0;0.0;0.0;0.0;0.0;0.0;0.0;0.0;0.0;0.0;0.0;2.0;0.0;0.0;0.0;0.0;0.0;0;0;31;0;GOIOERÊ;REGIÃO OESTE;34
4680.0;2020-11-30;15.0;21.0;25.0;30.0;764.0;36.0;1.0;15.0;24.0;578.0;36.0;0.0;36.0;950.0;16.0;38.0;5;4;4;5;4;4;4;0;0;0;0;0;0;0;0;0;1;0;0;0;0;0;0;0.0;0.0;0.0;0.0;0.0;1.0;0.0;0.0;0.0;0.0;0.0;0.0;0.0;0.0;0.0;0.0;0.0;0.0;1.0;0.0;0.0;0.0;0.0;0.0;0.0;0.0;0.0;0.0;0.0;0.0;0.0;0.0;0.0;0.0;0.0;2.0;0.0;0.0;0.0;0.0;0.0;0;0;30;0;GOIOERÊ;REGIÃO OESTE;35
3968.0;2020-12-31;17.0;22.0;26.0;28.0;794.0;34.0;7.0;17.0;23.0;636.0;34.0;0.0;34.0;952.0;86.0;227.0;4;5;5;4;4;4;5;0;0;1;0;0;0;0;0;0;0;0;0;0;0;0;0;0.0;0.0;0.0;0.0;0.0;1.0;0.0;0.0;0.0;0.0;0.0;0.0;0.0;0.0;0.0;0.0;0.0;0.0;1.0;0.0;0.0;0.0;0.0;0.0;0.0;0.0;0.0;0.0;0.0;0.0;0.0;0.0;0.0;0.0;0.0;2.0;0.0;0.0;0.0;0.0;0.0;0;0;31;0;GOIOERÊ;REGIÃO OESTE;36
3999.0;2021-01-31;19.0;22.0;25.0;28.0;771.0;33.0;7.0;19.0;23.0;645.0;33.0;0.0;33.0;897.0;32.0;214.0;5;4;4;4;5;5;4;0;0;0;0;1;0;0;0;0;0;0;0;1;0;0;0;0.0;0.0;0.0;0.0;0.0;0.0;0.0;0.0;0.0;0.0;0.0;0.0;0.0;0.0;0.0;0.0;0.0;0.0;1.0;0.0;0.0;0.0;0.0;0.0;0.0;0.0;0.0;0.0;0.0;0.0;0.0;0.0;0.0;0.0;0.0;2.0;0.0;0.0;0.0;0.0;0.0;0;0;31;0;GOIOERÊ;REGIÃO OESTE;37
3668.0;2021-02-28;14.0;20.0;24.0;27.0;665.0;33.0;3.0;14.0;22.0;513.0;33.0;0.0;33.0;817.0;24.0;78.0;4;4;4;4;4;4;4;0;0;0;1;0;0;0;0;0;0;0;0;1;0;0;0;0.0;0.0;0.0;0.0;0.0;0.0;0.0;0.0;0.0;0.0;0.0;0.0;0.0;0.0;0.0;0.0;0.0;0.0;1.0;0.0;0.0;0.0;0.0;0.0;0.0;0.0;0.0;0.0;0.0;0.0;0.0;0.0;0.0;0.0;0.0;2.0;0.0;0.0;0.0;0.0;0.0;0;3;28;0;GOIOERÊ;REGIÃO OESTE;38
4340.0;2021-03-31;14.0;20.0;25.0;28.0;766.0;33.0;3.0;14.0;22.0;608.0;33.0;0.0;33.0;925.0;43.0;93.0;4;5;4;5;4;4;5;0;0;0;0;0;0;0;0;1;0;0;0;1;0;0;0;0.0;0.0;0.0;0.0;0.0;0.0;0.0;0.0;0.0;0.0;0.0;0.0;0.0;0.0;0.0;0.0;0.0;0.0;1.0;0.0;0.0;0.0;0.0;0.0;0.0;0.0;0.0;0.0;0.0;0.0;0.0;0.0;0.0;0.0;0.0;2.0;0.0;0.0;0.0;0.0;0.0;0;0;31;0;GOIOERÊ;REGIÃO OESTE;39
3690.0;2021-04-30;10.0;19.0;23.0;26.0;694.0;33.0;0.0;10.0;20.0;497.0;33.0;0.0;33.0;891.0;2.0;3.0;4;4;5;4;5;4;4;1;0;0;0;0;0;0;0;0;0;0;0;1;0;0;0;0.0;0.0;0.0;0.0;0.0;0.0;0.0;0.0;0.0;0.0;0.0;0.0;0.0;0.0;0.0;0.0;0.0;0.0;1.0;0.0;0.0;0.0;0.0;0.0;0.0;0.0;0.0;0.0;0.0;0.0;0.0;0.0;0.0;0.0;0.0;2.0;0.0;0.0;0.0;0.0;0.0;0;1;30;0;GOIOERÊ;REGIÃO OESTE;40
3534.0;2021-05-31;7.0;14.0;22.0;26.0;667.0;33.0;1.0;7.0;20.0;470.0;33.0;0.0;33.0;864.0;9.0;42.0;5;4;4;5;4;5;4;0;0;0;0;0;0;0;1;0;0;0;0;1;0;0;0;0.0;0.0;0.0;0.0;0.0;0.0;0.0;0.0;0.0;0.0;0.0;0.0;0.0;0.0;0.0;0.0;0.0;0.0;1.0;0.0;0.0;0.0;0.0;0.0;0.0;0.0;0.0;0.0;0.0;0.0;0.0;0.0;0.0;0.0;0.0;2.0;0.0;0.0;0.0;0.0;0.0;0;0;31;0;GOIOERÊ;REGIÃO OESTE;41
3150.0;2021-06-30;1.0;8.0;18.0;24.0;546.0;30.0;3.0;1.0;18.0;400.0;30.0;0.0;30.0;691.0;35.0;77.0;4;5;4;4;4;4;5;0;0;0;0;0;0;1;0;0;0;0;0;1;0;0;0;0.0;0.0;0.0;0.0;0.0;0.0;0.0;0.0;0.0;0.0;0.0;0.0;0.0;0.0;0.0;0.0;0.0;0.0;1.0;0.0;0.0;0.0;0.0;0.0;0.0;0.0;0.0;0.0;0.0;0.0;0.0;0.0;0.0;0.0;0.0;2.0;0.0;0.0;0.0;0.0;0.0;0;1;30;0;GOIOERÊ;REGIÃO OESTE;42
3100.0;2021-07-31;0.0;8.0;17.0;23.0;521.0;30.0;2.0;0.0;16.0;318.0;30.0;0.0;30.0;724.0;58.0;71.0;4;4;5;4;5;5;4;0;0;0;0;0;1;0;0;0;0;0;0;1;0;0;0;0.0;0.0;0.0;0.0;0.0;0.0;0.0;0.0;0.0;0.0;0.0;0.0;0.0;0.0;0.0;0.0;0.0;0.0;1.0;0.0;0.0;0.0;0.0;0.0;0.0;0.0;0.0;0.0;0.0;0.0;0.0;0.0;0.0;0.0;0.0;2.0;0.0;0.0;0.0;0.0;0.0;0;0;31;0;GOIOERÊ;REGIÃO OESTE;43
3689.0;2021-08-31;9.0;16.0;22.0;30.0;698.0;37.0;2.0;9.0;22.0;500.0;37.0;0.0;37.0;895.0;16.0;54.0;5;4;4;5;4;4;5;0;1;0;0;0;0;0;0;0;0;0;0;1;0;0;0;0.0;0.0;0.0;0.0;0.0;0.0;0.0;0.0;0.0;0.0;0.0;0.0;0.0;0.0;0.0;0.0;0.0;0.0;1.0;0.0;0.0;0.0;0.0;0.0;0.0;0.0;0.0;0.0;0.0;0.0;0.0;0.0;0.0;0.0;0.0;2.0;0.0;0.0;0.0;0.0;0.0;0;0;31;0;GOIOERÊ;REGIÃO OESTE;44
3990.0;2021-09-30;13.0;21.0;27.0;32.0;816.0;41.0;0.0;13.0;24.0;593.0;41.0;0.0;41.0;1040.0;5.0;14.0;4;5;5;4;4;4;4;0;0;0;0;0;0;0;0;0;0;0;1;1;0;0;0;0.0;0.0;0.0;0.0;0.0;0.0;0.0;0.0;0.0;0.0;0.0;0.0;0.0;0.0;0.0;0.0;0.0;0.0;1.0;0.0;0.0;0.0;0.0;0.0;0.0;0.0;0.0;0.0;0.0;0.0;0.0;0.0;0.0;0.0;0.0;2.0;0.0;0.0;0.0;0.0;0.0;0;0;30;0;GOIOERÊ;REGIÃO OESTE;45
4340.0;2021-10-31;14.0;20.0;23.0;26.0;709.0;33.0;30.0;14.0;21.0;570.0;33.0;0.0;33.0;848.0;186.0;920.0;5;4;4;4;5;5;4;0;0;0;0;0;0;0;0;0;0;1;0;1;0;0;0;0.0;0.0;0.0;0.0;0.0;0.0;0.0;0.0;0.0;0.0;0.0;0.0;0.0;0.0;0.0;0.0;0.0;0.0;1.0;0.0;0.0;0.0;0.0;0.0;0.0;0.0;0.0;0.0;0.0;0.0;0.0;0.0;0.0;0.0;0.0;2.0;0.0;0.0;0.0;0.0;0.0;0;0;0;0;GOIOERÊ;REGIÃO OESTE;46
6540.0;2021-11-30;14.0;22.0;26.0;30.0;771.0;36.0;2.0;14.0;24.0;586.0;36.0;0.0;36.0;956.0;14.0;46.0;4;4;4;5;4;4;5;0;0;0;0;0;0;0;0;0;1;0;0;1;0;0;0;0.0;0.0;0.0;0.0;0.0;0.0;0.0;0.0;0.0;0.0;0.0;0.0;0.0;0.0;0.0;0.0;0.0;0.0;1.0;0.0;0.0;0.0;0.0;0.0;0.0;0.0;0.0;0.0;0.0;0.0;0.0;0.0;0.0;0.0;0.0;2.0;0.0;0.0;0.0;0.0;0.0;0;0;0;0;GOIOERÊ;REGIÃO OESTE;47
7843.0;2021-12-31;15.0;23.0;27.0;30.0;846.0;38.0;1.0;15.0;24.0;639.0;38.0;0.0;38.0;1052.0;15.0;18.0;4;5;5;4;5;4;4;0;0;1;0;0;0;0;0;0;0;0;0;1;0;0;0;0.0;0.0;0.0;0.0;0.0;0.0;0.0;0.0;0.0;0.0;0.0;0.0;0.0;0.0;0.0;0.0;0.0;0.0;1.0;0.0;0.0;0.0;0.0;0.0;0.0;0.0;0.0;0.0;0.0;0.0;0.0;0.0;0.0;0.0;0.0;2.0;0.0;0.0;0.0;0.0;0.0;0;0;0;0;GOIOERÊ;REGIÃO OESTE;48
9114.0;2022-01-31;17.0;23.0;27.0;30.0;836.0;38.0;3.0;17.0;23.0;655.0;38.0;0.0;38.0;1016.0;32.0;105.0;5;4;4;5;4;5;4;0;0;0;0;1;0;0;0;0;0;0;0;0;1;0;0;0.0;0.0;0.0;0.0;0.0;0.0;0.0;0.0;0.0;0.0;0.0;0.0;0.0;0.0;0.0;0.0;0.0;0.0;1.0;0.0;0.0;0.0;0.0;0.0;0.0;0.0;0.0;0.0;0.0;0.0;0.0;0.0;0.0;0.0;0.0;2.0;0.0;0.0;0.0;0.0;0.0;31;0;0;0;GOIOERÊ;REGIÃO OESTE;49
8904.0;2022-02-28;16.0;23.0;28.0;33.0;785.0;36.0;1.0;16.0;30.0;644.0;36.0;0.0;36.0;925.0;14.0;30.0;4;4;4;4;4;4;4;0;0;0;1;0;0;0;0;0;0;0;0;0;1;0;0;0.0;0.0;0.0;0.0;0.0;0.0;0.0;0.0;0.0;0.0;0.0;0.0;0.0;0.0;0.0;0.0;0.0;0.0;1.0;0.0;0.0;0.0;0.0;0.0;0.0;0.0;0.0;0.0;0.0;0.0;0.0;0.0;0.0;0.0;0.0;2.0;0.0;0.0;0.0;0.0;0.0;0;1;0;0;GOIOERÊ;REGIÃO OESTE;50
7843.0;2022-03-31;15.0;19.0;25.0;29.0;776.0;35.0;7.0;15.0;25.0;618.0;35.0;0.0;35.0;934.0;52.0;220.0;4;5;5;4;4;4;5;0;0;0;0;0;0;0;0;1;0;0;0;0;1;0;0;0.0;0.0;0.0;0.0;0.0;0.0;0.0;0.0;0.0;0.0;0.0;0.0;0.0;0.0;0.0;0.0;0.0;0.0;1.0;0.0;0.0;0.0;0.0;0.0;0.0;0.0;0.0;0.0;0.0;0.0;0.0;0.0;0.0;0.0;0.0;2.0;0.0;0.0;0.0;0.0;0.0;0;1;0;0;GOIOERÊ;REGIÃO OESTE;51
8310.0;2022-04-30;11.0;17.0;23.0;27.0;682.0;32.0;6.0;11.0;22.0;534.0;32.0;0.0;32.0;831.0;71.0;187.0;4;4;4;4;5;5;4;1;0;0;0;0;0;0;0;0;0;0;0;0;1;0;0;0.0;0.0;0.0;0.0;0.0;0.0;0.0;0.0;0.0;0.0;0.0;0.0;0.0;0.0;0.0;0.0;0.0;0.0;1.0;0.0;0.0;0.0;0.0;0.0;0.0;0.0;0.0;0.0;0.0;0.0;0.0;0.0;0.0;0.0;0.0;2.0;0.0;0.0;0.0;0.0;0.0;0;1;0;0;GOIOERÊ;REGIÃO OESTE;52
7471.0;2022-05-31;4.0;10.0;18.0;25.0;564.0;31.0;3.0;4.0;20.0;408.0;31.0;0.0;31.0;720.0;30.0;81.0;5;4;4;5;4;4;5;0;0;0;0;0;0;0;1;0;0;0;0;0;1;0;0;0.0;0.0;0.0;0.0;0.0;0.0;0.0;0.0;0.0;0.0;0.0;0.0;0.0;0.0;0.0;0.0;0.0;0.0;1.0;0.0;0.0;0.0;0.0;0.0;0.0;0.0;0.0;0.0;0.0;0.0;0.0;0.0;0.0;0.0;0.0;2.0;0.0;0.0;0.0;0.0;0.0;0;0;0;0;GOIOERÊ;REGIÃO OESTE;53
7020.0;2022-06-30;3.0;10.0;18.0;24.0;529.0;29.0;5.0;3.0;19.0;379.0;29.0;0.0;29.0;679.0;49.0;139.0;4;5;5;4;4;4;4;0;0;0;0;0;0;1;0;0;0;0;0;0;1;0;0;0.0;0.0;0.0;0.0;0.0;0.0;0.0;0.0;0.0;0.0;0.0;0.0;0.0;0.0;0.0;0.0;0.0;0.0;1.0;0.0;0.0;0.0;0.0;0.0;0.0;0.0;0.0;0.0;0.0;0.0;0.0;0.0;0.0;0.0;0.0;2.0;0.0;0.0;0.0;0.0;0.0;0;1;0;0;GOIOERÊ;REGIÃO OESTE;54
7037.0;2022-07-31;4.0;14.0;21.0;24.0;664.0;31.0;1.0;4.0;20.0;482.0;31.0;0.0;31.0;846.0;17.0;27.0;5;4;4;4;5;5;4;0;0;0;0;0;1;0;0;0;0;0;0;0;1;0;0;0.0;0.0;0.0;0.0;0.0;0.0;0.0;0.0;0.0;0.0;0.0;0.0;0.0;0.0;0.0;0.0;0.0;0.0;1.0;0.0;0.0;0.0;0.0;0.0;0.0;0.0;0.0;0.0;0.0;0.0;0.0;0.0;0.0;0.0;0.0;2.0;0.0;0.0;0.0;0.0;0.0;0;0;0;0;GOIOERÊ;REGIÃO OESTE;55
7347.0;2022-08-31;2.0;9.0;19.0;26.0;589.0;32.0;4.0;2.0;20.0;399.0;32.0;0.0;32.0;780.0;52.0;136.0;4;5;4;5;4;4;5;0;1;0;0;0;0;0;0;0;0;0;0;0;1;0;0;0.0;0.0;0.0;0.0;0.0;0.0;0.0;0.0;0.0;0.0;0.0;0.0;0.0;0.0;0.0;0.0;0.0;0.0;1.0;0.0;0.0;0.0;0.0;0.0;0.0;0.0;0.0;0.0;0.0;0.0;0.0;0.0;0.0;0.0;0.0;2.0;0.0;0.0;0.0;0.0;0.0;0;0;0;0;GOIOERÊ;REGIÃO OESTE;56
6870.0;2022-09-30;7.0;14.0;19.0;27.0;581.0;34.0;9.0;7.0;20.0;445.0;34.0;0.0;34.0;717.0;66.0;283.0;4;4;5;4;5;4;4;0;0;0;0;0;0;0;0;0;0;0;1;0;1;0;0;0.0;0.0;0.0;0.0;0.0;0.0;0.0;0.0;0.0;0.0;0.0;0.0;0.0;0.0;0.0;0.0;0.0;0.0;1.0;0.0;0.0;0.0;0.0;0.0;0.0;0.0;0.0;0.0;0.0;0.0;0.0;0.0;0.0;0.0;0.0;2.0;0.0;0.0;0.0;0.0;0.0;0;0;0;0;GOIOERÊ;REGIÃO OESTE;57
8029.0;2022-10-31;11.0;18.0;22.0;27.0;697.0;34.0;7.0;11.0;20.0;519.0;34.0;0.0;34.0;875.0;38.0;224.0;5;4;4;5;4;5;4;0;0;0;0;0;0;0;0;0;0;1;0;0;1;0;0;0.0;0.0;0.0;0.0;0.0;0.0;0.0;0.0;0.0;0.0;0.0;0.0;0.0;0.0;0.0;0.0;0.0;0.0;1.0;0.0;0.0;0.0;0.0;0.0;0.0;0.0;0.0;0.0;0.0;0.0;0.0;0.0;0.0;0.0;0.0;2.0;0.0;0.0;0.0;0.0;0.0;0;0;0;0;GOIOERÊ;REGIÃO OESTE;58
8580.0;2022-11-30;9.0;14.0;22.0;26.0;665.0;33.0;2.0;9.0;20.0;470.0;33.0;0.0;33.0;860.0;45.0;64.0;4;5;4;4;4;4;5;0;0;0;0;0;0;0;0;0;1;0;0;0;1;0;0;0.0;0.0;0.0;0.0;0.0;0.0;0.0;0.0;0.0;0.0;0.0;0.0;0.0;0.0;0.0;0.0;0.0;0.0;1.0;0.0;0.0;0.0;0.0;0.0;0.0;0.0;0.0;0.0;0.0;0.0;0.0;0.0;0.0;0.0;0.0;2.0;0.0;0.0;0.0;0.0;0.0;0;0;0;0;GOIOERÊ;REGIÃO OESTE;59
8990.0;2022-12-31;16.0;23.0;25.0;29.0;786.0;34.0;4.0;16.0;23.0;613.0;34.0;0.0;34.0;960.0;42.0;138.0;4;4;5;4;5;5;4;0;0;1;0;0;0;0;0;0;0;0;0;0;1;0;0;0.0;0.0;0.0;0.0;0.0;0.0;0.0;0.0;0.0;0.0;0.0;0.0;0.0;0.0;0.0;0.0;0.0;0.0;1.0;0.0;0.0;0.0;0.0;0.0;0.0;0.0;0.0;0.0;0.0;0.0;0.0;0.0;0.0;0.0;0.0;2.0;0.0;0.0;0.0;0.0;0.0;0;0;0;0;GOIOERÊ;REGIÃO OESTE;60
6293.0;2023-01-31;14.0;21.0;25.0;29.0;769.0;34.0;8.0;14.0;23.0;606.0;34.0;0.0;34.0;933.0;44.0;241.0;5;4;4;5;4;4;5;0;0;0;0;1;0;0;0;0;0;0;0;0;0;1;0;0.0;0.0;0.0;0.0;0.0;0.0;0.0;0.0;0.0;0.0;0.0;0.0;0.0;0.0;0.0;0.0;0.0;0.0;1.0;0.0;0.0;0.0;0.0;0.0;0.0;0.0;0.0;0.0;0.0;0.0;0.0;0.0;0.0;0.0;0.0;2.0;0.0;0.0;0.0;0.0;0.0;31;0;0;0;GOIOERÊ;REGIÃO OESTE;61
7812.0;2023-02-28;15.0;20.0;24.0;27.0;678.0;34.0;10.0;15.0;22.0;536.0;34.0;0.0;34.0;822.0;48.0;274.0;4;4;4;4;4;4;4;0;0;0;1;0;0;0;0;0;0;0;0;0;0;1;0;0.0;0.0;0.0;0.0;0.0;0.0;0.0;0.0;0.0;0.0;0.0;0.0;0.0;0.0;0.0;0.0;0.0;0.0;1.0;0.0;0.0;0.0;0.0;0.0;0.0;0.0;0.0;0.0;0.0;0.0;0.0;0.0;0.0;0.0;0.0;2.0;0.0;0.0;0.0;0.0;0.0;0;3;0;0;GOIOERÊ;REGIÃO OESTE;62
11718.0;2023-03-31;18.0;24.0;26.0;28.0;802.0;35.0;4.0;18.0;22.0;624.0;35.0;0.0;35.0;979.0;24.0;132.0;4;5;5;4;5;4;4;0;0;0;0;0;0;0;0;1;0;0;0;0;0;1;0;0.0;0.0;0.0;0.0;0.0;0.0;0.0;0.0;0.0;0.0;0.0;0.0;0.0;0.0;0.0;0.0;0.0;0.0;1.0;0.0;0.0;0.0;0.0;0.0;0.0;0.0;0.0;0.0;0.0;0.0;0.0;0.0;0.0;0.0;0.0;2.0;0.0;0.0;0.0;0.0;0.0;0;0;0;0;GOIOERÊ;REGIÃO OESTE;63
7980.0;2023-04-30;12.0;17.0;23.0;26.0;680.0;33.0;5.0;12.0;20.0;523.0;33.0;0.0;33.0;836.0;57.0;150.0;5;4;4;4;4;5;4;1;0;0;0;0;0;0;0;0;0;0;0;0;0;1;0;0.0;0.0;0.0;0.0;0.0;0.0;0.0;0.0;0.0;0.0;0.0;0.0;0.0;0.0;0.0;0.0;0.0;0.0;1.0;0.0;0.0;0.0;0.0;0.0;0.0;0.0;0.0;0.0;0.0;0.0;0.0;0.0;0.0;0.0;0.0;2.0;0.0;0.0;0.0;0.0;0.0;0;1;0;0;GOIOERÊ;REGIÃO OESTE;64
7378.0;2023-05-31;7.0;15.0;20.0;25.0;633.0;30.0;2.0;7.0;20.0;459.0;30.0;0.0;30.0;808.0;28.0;58.0;4;5;4;5;4;4;5;0;0;0;0;0;0;0;1;0;0;0;0;0;0;1;0;0.0;0.0;0.0;0.0;0.0;0.0;0.0;0.0;0.0;0.0;0.0;0.0;0.0;0.0;0.0;0.0;0.0;0.0;1.0;0.0;0.0;0.0;0.0;0.0;0.0;0.0;0.0;0.0;0.0;0.0;0.0;0.0;0.0;0.0;0.0;2.0;0.0;0.0;0.0;0.0;0.0;0;0;0;0;GOIOERÊ;REGIÃO OESTE;65
6960.0;2023-06-30;5.0;10.0;18.0;23.0;551.0;29.0;3.0;5.0;18.0;399.0;29.0;0.0;29.0;702.0;41.0;78.0;4;4;5;4;5;4;4;0;0;0;0;0;0;1;0;0;0;0;0;0;0;1;0;0.0;0.0;0.0;0.0;0.0;0.0;0.0;0.0;0.0;0.0;0.0;0.0;0.0;0.0;0.0;0.0;0.0;0.0;1.0;0.0;0.0;0.0;0.0;0.0;0.0;0.0;0.0;0.0;0.0;0.0;0.0;0.0;0.0;0.0;0.0;2.0;0.0;0.0;0.0;0.0;0.0;0;1;0;0;GOIOERÊ;REGIÃO OESTE;66
5921.0;2023-07-31;6.0;12.0;20.0;25.0;618.0;30.0;2.0;6.0;21.0;468.0;30.0;0.0;30.0;767.0;17.0;49.0;5;4;4;5;4;5;4;0;0;0;0;0;1;0;0;0;0;0;0;0;0;1;0;0.0;0.0;0.0;0.0;0.0;0.0;0.0;0.0;0.0;0.0;0.0;0.0;0.0;0.0;0.0;0.0;0.0;0.0;1.0;0.0;0.0;0.0;0.0;0.0;0.0;0.0;0.0;0.0;0.0;0.0;0.0;0.0;0.0;0.0;0.0;2.0;0.0;0.0;0.0;0.0;0.0;15;0;0;0;GOIOERÊ;REGIÃO OESTE;67
9672.0;2023-08-31;10.0;16.0;22.0;28.0;677.0;34.0;3.0;10.0;22.0;488.0;34.0;0.0;34.0;866.0;25.0;86.0;4;5;5;4;4;4;5;0;1;0;0;0;0;0;0;0;0;0;0;0;0;1;0;0.0;0.0;0.0;0.0;0.0;0.0;0.0;0.0;0.0;0.0;0.0;0.0;0.0;0.0;0.0;0.0;0.0;0.0;1.0;0.0;0.0;0.0;0.0;0.0;0.0;0.0;0.0;0.0;0.0;0.0;0.0;0.0;0.0;0.0;0.0;2.0;0.0;0.0;0.0;0.0;0.0;0;0;0;0;GOIOERÊ;REGIÃO OESTE;68
11700.0;2023-09-30;7.0;16.0;25.0;31.0;740.0;38.0;4.0;7.0;25.0;556.0;38.0;0.0;38.0;925.0;34.0;108.0;4;4;4;4;5;5;4;0;0;0;0;0;0;0;0;0;0;0;1;0;0;1;0;0.0;0.0;0.0;0.0;0.0;0.0;0.0;0.0;0.0;0.0;0.0;0.0;0.0;0.0;0.0;0.0;0.0;0.0;1.0;0.0;0.0;0.0;0.0;0.0;0.0;0.0;0.0;0.0;0.0;0.0;0.0;0.0;0.0;0.0;0.0;2.0;0.0;0.0;0.0;0.0;0.0;0;0;0;0;GOIOERÊ;REGIÃO OESTE;69
11842.0;2023-10-31;14.0;20.0;25.0;30.0;781.0;36.0;11.0;14.0;24.0;605.0;36.0;0.0;36.0;956.0;90.0;336.0;5;4;4;5;4;4;5;0;0;0;0;0;0;0;0;0;0;1;0;0;0;1;0;0.0;0.0;0.0;0.0;0.0;0.0;0.0;0.0;0.0;0.0;0.0;0.0;0.0;0.0;0.0;0.0;0.0;0.0;1.0;0.0;0.0;0.0;0.0;0.0;0.0;0.0;0.0;0.0;0.0;0.0;0.0;0.0;0.0;0.0;0.0;2.0;0.0;0.0;0.0;0.0;0.0;0;0;0;0;GOIOERÊ;REGIÃO OESTE;70
11010.0;2023-11-30;10.0;16.0;25.0;33.0;764.0;39.0;5.0;10.0;27.0;615.0;39.0;0.0;39.0;913.0;38.0;151.0;4;5;5;4;4;4;4;0;0;0;0;0;0;0;0;0;1;0;0;0;0;1;0;0.0;0.0;0.0;0.0;0.0;0.0;0.0;0.0;0.0;0.0;0.0;0.0;0.0;0.0;0.0;0.0;0.0;0.0;1.0;0.0;0.0;0.0;0.0;0.0;0.0;0.0;0.0;0.0;0.0;0.0;0.0;0.0;0.0;0.0;0.0;2.0;0.0;0.0;0.0;0.0;0.0;0;0;0;0;GOIOERÊ;REGIÃO OESTE;71
9951.0;2023-12-31;16.0;23.0;27.0;30.0;823.0;38.0;4.0;16.0;24.0;644.0;38.0;0.0;38.0;1002.0;47.0;123.0;5;4;4;4;5;5;4;0;0;1;0;0;0;0;0;0;0;0;0;0;0;1;0;0.0;0.0;0.0;0.0;0.0;0.0;0.0;0.0;0.0;0.0;0.0;0.0;0.0;0.0;0.0;0.0;0.0;0.0;1.0;0.0;0.0;0.0;0.0;0.0;0.0;0.0;0.0;0.0;0.0;0.0;0.0;0.0;0.0;0.0;0.0;2.0;0.0;0.0;0.0;0.0;0.0;0;0;0;0;GOIOERÊ;REGIÃO OESTE;72
6727.0;2024-01-31;14.0;21.0;27.0;31.0;833.0;38.0;2.0;14.0;25.0;645.0;38.0;0.0;38.0;1021.0;19.0;64.0;4;5;4;5;4;4;5;0;0;0;0;1;0;0;0;0;0;0;0;0;0;0;1;0.0;0.0;0.0;0.0;0.0;0.0;0.0;0.0;0.0;0.0;0.0;0.0;0.0;0.0;0.0;0.0;0.0;0.0;1.0;0.0;0.0;0.0;0.0;0.0;0.0;0.0;0.0;0.0;0.0;0.0;0.0;0.0;0.0;0.0;0.0;2.0;0.0;0.0;0.0;0.0;0.0;31;0;0;0;GOIOERÊ;REGIÃO OESTE;73
11716.0;2024-02-29;18.0;25.0;28.0;30.0;799.0;36.0;5.0;18.0;25.0;626.0;36.0;0.0;36.0;972.0;35.0;158.0;4;4;5;4;4;4;4;0;0;0;1;0;0;0;0;0;0;0;0;0;0;0;1;0.0;0.0;0.0;0.0;0.0;0.0;0.0;0.0;0.0;0.0;0.0;0.0;0.0;0.0;0.0;0.0;0.0;0.0;1.0;0.0;0.0;0.0;0.0;0.0;0.0;0.0;0.0;0.0;0.0;0.0;0.0;0.0;0.0;0.0;0.0;2.0;0.0;0.0;0.0;0.0;0.0;0;3;0;0;GOIOERÊ;REGIÃO OESTE;74
14167.0;2024-03-31;17.0;23.0;27.0;30.0;848.0;39.0;2.0;17.0;24.0;658.0;39.0;0.0;39.0;1037.0;25.0;49.0;5;4;4;4;5;5;4;0;0;0;0;0;0;0;0;1;0;0;0;0;0;0;1;0.0;0.0;0.0;0.0;0.0;0.0;0.0;0.0;0.0;0.0;0.0;0.0;0.0;0.0;0.0;0.0;0.0;0.0;1.0;0.0;0.0;0.0;0.0;0.0;0.0;0.0;0.0;0.0;0.0;0.0;0.0;0.0;0.0;0.0;0.0;2.0;0.0;0.0;0.0;0.0;0.0;0;1;0;0;GOIOERÊ;REGIÃO OESTE;75
12570.0;2024-04-30;13.0;19.0;26.0;29.0;766.0;36.0;2.0;13.0;24.0;607.0;36.0;0.0;36.0;926.0;26.0;50.0;4;4;4;5;4;4;5;1;0;0;0;0;0;0;0;0;0;0;0;0;0;0;1;0.0;0.0;0.0;0.0;0.0;0.0;0.0;0.0;0.0;0.0;0.0;0.0;0.0;0.0;0.0;0.0;0.0;0.0;1.0;0.0;0.0;0.0;0.0;0.0;0.0;0.0;0.0;0.0;0.0;0.0;0.0;0.0;0.0;0.0;0.0;2.0;0.0;0.0;0.0;0.0;0.0;0;0;0;0;GOIOERÊ;REGIÃO OESTE;76
5828.0;2024-05-31;6.0;12.0;22.0;29.0;692.0;35.0;2.0;6.0;23.0;531.0;35.0;0.0;35.0;852.0;35.0;63.0;4;5;5;4;5;4;4;0;0;0;0;0;0;0;1;0;0;0;0;0;0;0;1;0.0;0.0;0.0;0.0;0.0;0.0;0.0;0.0;0.0;0.0;0.0;0.0;0.0;0.0;0.0;0.0;0.0;0.0;1.0;0.0;0.0;0.0;0.0;0.0;0.0;0.0;0.0;0.0;0.0;0.0;0.0;0.0;0.0;0.0;0.0;2.0;0.0;0.0;0.0;0.0;0.0;0;1;0;30;GOIOERÊ;REGIÃO OESTE;77
3540.0;2024-06-30;12.0;19.0;23.0;26.0;700.0;32.0;1.0;12.0;22.0;537.0;32.0;0.0;32.0;863.0;3.0;16.0;5;4;4;4;4;5;4;0;0;0;0;0;0;1;0;0;0;0;0;0;0;0;1;0.0;0.0;0.0;0.0;0.0;0.0;0.0;0.0;0.0;0.0;0.0;0.0;0.0;0.0;0.0;0.0;0.0;0.0;1.0;0.0;0.0;0.0;0.0;0.0;0.0;0.0;0.0;0.0;0.0;0.0;0.0;0.0;0.0;0.0;0.0;2.0;0.0;0.0;0.0;0.0;0.0;0;0;0;30;GOIOERÊ;REGIÃO OESTE;78
5704.0;2024-07-31;14.0;19.0;19.0;19.0;600.0;25.0;1.0;14.0;14.0;423.0;25.0;1.0;25.0;777.0;1.0;40.0;4;5;4;5;4;4;5;0;0;0;0;0;1;0;0;0;0;0;0;0;0;0;1;0.0;0.0;0.0;0.0;0.0;0.0;0.0;0.0;0.0;0.0;0.0;0.0;0.0;0.0;0.0;0.0;0.0;0.0;1.0;0.0;0.0;0.0;0.0;0.0;0.0;0.0;0.0;0.0;0.0;0.0;0.0;0.0;0.0;0.0;0.0;2.0;0.0;0.0;0.0;0.0;0.0;12;0;0;0;GOIOERÊ;REGIÃO OESTE;79
5580.0;2024-08-31;14.0;20.0;20.0;20.0;628.0;26.0;4.0;14.0;14.0;441.0;26.0;4.0;26.0;814.0;4.0;117.0;4;4;5;4;5;5;4;0;1;0;0;0;0;0;0;0;0;0;0;0;0;0;1;0.0;0.0;0.0;0.0;0.0;0.0;0.0;0.0;0.0;0.0;0.0;0.0;0.0;0.0;0.0;0.0;0.0;0.0;1.0;0.0;0.0;0.0;0.0;0.0;0.0;0.0;0.0;0.0;0.0;0.0;0.0;0.0;0.0;0.0;0.0;2.0;0.0;0.0;0.0;0.0;0.0;0;0;0;0;GOIOERÊ;REGIÃO OESTE;80
7620.0;2024-09-30;18.0;24.0;24.0;24.0;718.0;30.0;4.0;18.0;18.0;538.0;30.0;4.0;30.0;898.0;4.0;112.0;5;4;4;5;4;4;4;0;0;0;0;0;0;0;0;0;0;0;1;0;0;0;1;0.0;0.0;0.0;0.0;0.0;0.0;0.0;0.0;0.0;0.0;0.0;0.0;0.0;0.0;0.0;0.0;0.0;0.0;1.0;0.0;0.0;0.0;0.0;0.0;0.0;0.0;0.0;0.0;0.0;0.0;0.0;0.0;0.0;0.0;0.0;2.0;0.0;0.0;0.0;0.0;0.0;0;0;0;0;GOIOERÊ;REGIÃO OESTE;81
8215.0;2024-10-31;19.0;24.0;24.0;24.0;756.0;30.0;10.0;19.0;19.0;592.0;30.0;10.0;30.0;920.0;10.0;302.0;4;5;5;4;4;4;5;0;0;0;0;0;0;0;0;0;0;1;0;0;0;0;1;0.0;0.0;0.0;0.0;0.0;0.0;0.0;0.0;0.0;0.0;0.0;0.0;0.0;0.0;0.0;0.0;0.0;0.0;1.0;0.0;0.0;0.0;0.0;0.0;0.0;0.0;0.0;0.0;0.0;0.0;0.0;0.0;0.0;0.0;0.0;2.0;0.0;0.0;0.0;0.0;0.0;0;0;0;0;GOIOERÊ;REGIÃO OESTE;82
2496.0;2015-02-28;13.0;19.0;22.0;24.0;621.0;30.0;6.0;13.0;20.0;483.0;30.0;0.0;30.0;759.0;22.0;160.0;4;4;4;4;4;4;4;0;0;0;1;0;0;0;0;0;0;0;0;0;0;0;0;1.0;0.0;0.0;0.0;0.0;0.0;0.0;0.0;0.0;0.0;0.0;0.0;0.0;0.0;0.0;0.0;0.0;0.0;0.0;1.0;0.0;0.0;0.0;0.0;0.0;0.0;0.0;0.0;0.0;0.0;0.0;0.0;0.0;0.0;0.0;2.0;2.0;0.0;0.0;0.7142857142857143;0.0;0;3;0;0;IRATI;REGIÃO CENTRAL;1
3677.0;2015-03-31;12.0;19.0;21.0;24.0;663.0;29.0;2.0;12.0;19.0;500.0;29.0;0.0;29.0;825.0;16.0;60.0;5;4;4;5;4;4;5;0;0;0;0;0;0;0;0;1;0;0;0;0;0;0;0;1.0;0.0;0.0;0.0;0.0;0.0;0.0;0.0;0.0;0.0;0.0;0.0;0.0;0.0;0.0;0.0;0.0;0.0;0.0;1.0;0.0;0.0;0.0;0.0;0.0;0.0;0.0;0.0;0.0;0.0;0.0;0.0;0.0;0.0;0.0;2.0;2.0;0.0;0.0;1.0;0.0;0;0;0;0;IRATI;REGIÃO CENTRAL;2
3217.0;2015-04-30;9.0;15.0;19.0;23.0;563.0;28.0;2.0;9.0;19.0;409.0;28.0;0.0;28.0;717.0;39.0;55.0;4;5;5;4;4;4;4;1;0;0;0;0;0;0;0;0;0;0;0;0;0;0;0;1.0;0.0;0.0;0.0;0.0;0.0;0.0;0.0;0.0;0.0;0.0;0.0;0.0;0.0;0.0;0.0;0.0;0.0;0.0;1.0;0.0;0.0;0.0;0.0;0.0;0.0;0.0;0.0;0.0;0.0;0.0;0.0;0.0;0.0;0.0;2.0;2.0;0.0;0.0;1.0;0.0;0;1;0;0;IRATI;REGIÃO CENTRAL;3
3372.0;2015-05-31;5.0;9.0;16.0;22.0;493.0;25.0;6.0;5.0;18.0;362.0;25.0;0.0;25.0;623.0;63.0;174.0;5;4;4;4;5;5;4;0;0;0;0;0;0;0;1;0;0;0;0;0;0;0;0;1.0;0.0;0.0;0.0;0.0;0.0;0.0;0.0;0.0;0.0;0.0;0.0;0.0;0.0;0.0;0.0;0.0;0.0;0.0;1.0;0.0;0.0;0.0;0.0;0.0;0.0;0.0;0.0;0.0;0.0;0.0;0.0;0.0;0.0;0.0;2.0;2.0;0.0;0.0;1.0;0.0;0;0;0;0;IRATI;REGIÃO CENTRAL;4
3241.0;2015-06-30;-1.0;7.0;14.0;19.0;432.0;25.0;1.0;-1.0;15.0;276.0;25.0;0.0;25.0;588.0;21.0;32.0;4;4;4;5;4;4;5;0;0;0;0;0;0;1;0;0;0;0;0;0;0;0;0;1.0;0.0;0.0;0.0;0.0;0.0;0.0;0.0;0.0;0.0;0.0;0.0;0.0;0.0;0.0;0.0;0.0;0.0;0.0;1.0;0.0;0.0;0.0;0.0;0.0;0.0;0.0;0.0;0.0;0.0;0.0;0.0;0.0;0.0;0.0;2.0;2.0;0.0;0.0;1.0;0.0;0;1;0;0;IRATI;REGIÃO CENTRAL;5
2798.0;2015-07-31;2.0;8.0;14.0;20.0;447.0;25.0;17.0;2.0;16.0;309.0;25.0;0.0;25.0;586.0;104.0;533.0;4;5;5;4;5;4;4;0;0;0;0;0;1;0;0;0;0;0;0;0;0;0;0;1.0;0.0;0.0;0.0;0.0;0.0;0.0;0.0;0.0;0.0;0.0;0.0;0.0;0.0;0.0;0.0;0.0;0.0;0.0;1.0;0.0;0.0;0.0;0.0;0.0;0.0;0.0;0.0;0.0;0.0;0.0;0.0;0.0;0.0;0.0;2.0;2.0;0.0;0.0;1.0;0.0;15;0;0;3;IRATI;REGIÃO CENTRAL;6
2231.0;2015-08-31;6.0;12.0;17.0;19.0;530.0;30.0;3.0;6.0;14.0;320.0;30.0;0.0;30.0;741.0;52.0;95.0;5;4;4;5;4;5;4;0;1;0;0;0;0;0;0;0;0;0;0;0;0;0;0;1.0;0.0;0.0;0.0;0.0;0.0;0.0;0.0;0.0;0.0;0.0;0.0;0.0;0.0;0.0;0.0;0.0;0.0;0.0;1.0;0.0;0.0;0.0;0.0;0.0;0.0;0.0;0.0;0.0;0.0;0.0;0.0;0.0;0.0;0.0;2.0;2.0;0.0;0.0;1.0;0.0;0;0;0;31;IRATI;REGIÃO CENTRAL;7
2265.0;2015-09-30;1.0;10.0;19.0;25.0;557.0;33.0;6.0;1.0;18.0;382.0;33.0;0.0;33.0;731.0;54.0;168.0;4;5;4;4;4;4;5;0;0;0;0;0;0;0;0;0;0;0;1;0;0;0;0;1.0;0.0;0.0;0.0;0.0;0.0;0.0;0.0;0.0;0.0;0.0;0.0;0.0;0.0;0.0;0.0;0.0;0.0;0.0;1.0;0.0;0.0;0.0;0.0;0.0;0.0;0.0;0.0;0.0;0.0;0.0;0.0;0.0;0.0;0.0;2.0;2.0;0.0;0.0;1.0;0.0;0;0;0;30;IRATI;REGIÃO CENTRAL;8
3410.0;2015-10-31;11.0;14.0;20.0;25.0;623.0;31.0;7.0;11.0;22.0;481.0;31.0;0.0;31.0;764.0;41.0;208.0;4;4;5;4;5;5;4;0;0;0;0;0;0;0;0;0;0;1;0;0;0;0;0;1.0;0.0;0.0;0.0;0.0;0.0;0.0;0.0;0.0;0.0;0.0;0.0;0.0;0.0;0.0;0.0;0.0;0.0;0.0;1.0;0.0;0.0;0.0;0.0;0.0;0.0;0.0;0.0;0.0;0.0;0.0;0.0;0.0;0.0;0.0;2.0;2.0;0.0;0.0;1.0;0.0;0;0;0;7;IRATI;REGIÃO CENTRAL;9
3714.0;2015-11-30;11.0;16.0;20.0;25.0;609.0;31.0;9.0;11.0;18.0;482.0;31.0;0.0;31.0;736.0;87.0;282.0;5;4;4;5;4;4;4;0;0;0;0;0;0;0;0;0;1;0;0;0;0;0;0;1.0;0.0;0.0;0.0;0.0;0.0;0.0;0.0;0.0;0.0;0.0;0.0;0.0;0.0;0.0;0.0;0.0;0.0;0.0;1.0;0.0;0.0;0.0;0.0;0.0;0.0;0.0;0.0;0.0;0.0;0.0;0.0;0.0;0.0;0.0;2.0;2.0;0.0;0.0;1.0;0.0;0;0;0;0;IRATI;REGIÃO CENTRAL;10
3401.0;2015-12-31;14.0;18.0;23.0;26.0;704.0;31.0;6.0;14.0;20.0;563.0;31.0;0.0;31.0;844.0;46.0;176.0;4;5;5;4;4;4;5;0;0;1;0;0;0;0;0;0;0;0;0;0;0;0;0;1.0;0.0;0.0;0.0;0.0;0.0;0.0;0.0;0.0;0.0;0.0;0.0;0.0;0.0;0.0;0.0;0.0;0.0;0.0;1.0;0.0;0.0;0.0;0.0;0.0;0.0;0.0;0.0;0.0;0.0;0.0;0.0;0.0;0.0;0.0;2.0;1.5806451612903225;0.0;0.0;1.0;0.0;0;0;0;0;IRATI;REGIÃO CENTRAL;11
3249.0;2016-01-31;12.0;19.0;22.0;25.0;687.0;31.0;3.0;12.0;21.0;527.0;31.0;0.0;31.0;846.0;16.0;91.0;5;4;4;4;5;5;4;0;0;0;0;1;0;0;0;0;0;0;0;0;0;0;0;0.0;1.0;0.0;0.0;0.0;0.0;0.0;0.0;0.0;0.0;0.0;0.0;0.0;0.0;0.0;0.0;0.0;0.0;0.0;1.0;0.0;0.0;0.0;0.0;0.0;0.0;0.0;0.0;0.0;0.0;0.0;0.0;0.0;0.0;0.0;2.0;1.0;0.0;0.0;1.0;0.0;31;0;0;0;IRATI;REGIÃO CENTRAL;12
4766.0;2016-02-29;15.0;21.0;23.0;26.0;677.0;31.0;5.0;15.0;21.0;544.0;31.0;0.0;31.0;809.0;21.0;141.0;4;4;4;5;4;4;4;0;0;0;1;0;0;0;0;0;0;0;0;0;0;0;0;0.0;1.0;0.0;0.0;0.0;0.0;0.0;0.0;0.0;0.0;0.0;0.0;0.0;0.0;0.0;0.0;0.0;0.0;0.0;1.0;0.0;0.0;0.0;0.0;0.0;0.0;0.0;0.0;0.0;0.0;0.0;0.0;0.0;0.0;0.0;2.0;1.0;0.0;0.0;1.0;0.0;0;3;0;0;IRATI;REGIÃO CENTRAL;13
6965.0;2016-03-31;10.0;18.0;21.0;24.0;654.0;30.0;7.0;10.0;19.0;487.0;30.0;0.0;30.0;821.0;97.0;212.0;4;5;5;4;4;4;5;0;0;0;0;0;0;0;0;1;0;0;0;0;0;0;0;0.0;1.0;0.0;0.0;0.0;0.0;0.0;0.0;0.0;0.0;0.0;0.0;0.0;0.0;0.0;0.0;0.0;0.0;0.0;1.0;0.0;0.0;0.0;0.0;0.0;0.0;0.0;0.0;0.0;0.0;0.0;0.0;0.0;0.0;0.0;2.0;1.0;0.0;0.0;1.0;0.0;0;1;0;0;IRATI;REGIÃO CENTRAL;14
7332.0;2016-04-30;0.0;8.0;21.0;25.0;631.0;32.0;3.0;0.0;19.0;450.0;32.0;0.0;32.0;813.0;74.0;95.0;4;4;4;4;5;5;4;1;0;0;0;0;0;0;0;0;0;0;0;0;0;0;0;0.0;1.0;0.0;0.0;0.0;0.0;0.0;0.0;0.0;0.0;0.0;0.0;0.0;0.0;0.0;0.0;0.0;0.0;0.0;1.0;0.0;0.0;0.0;0.0;0.0;0.0;0.0;0.0;0.0;0.0;0.0;0.0;0.0;0.0;0.0;2.0;1.0;0.0;0.0;1.0;0.0;0;0;0;0;IRATI;REGIÃO CENTRAL;15
7840.0;2016-05-31;1.0;10.0;15.0;19.0;461.0;24.0;5.0;1.0;16.0;331.0;24.0;0.0;24.0;591.0;50.0;160.0;5;4;4;5;4;4;5;0;0;0;0;0;0;0;1;0;0;0;0;0;0;0;0;0.0;1.0;0.0;0.0;0.0;0.0;0.0;0.0;0.0;0.0;0.0;0.0;0.0;0.0;0.0;0.0;0.0;0.0;0.0;1.0;0.0;0.0;0.0;0.0;0.0;0.0;0.0;0.0;0.0;0.0;0.0;0.0;0.0;0.0;0.0;2.0;1.0;0.0;0.0;1.0;0.0;0;1;0;0;IRATI;REGIÃO CENTRAL;16
7788.0;2016-06-30;-4.0;5.0;11.0;16.0;341.0;24.0;2.0;-4.0;13.0;180.0;24.0;0.0;24.0;501.0;23.0;62.0;4;5;5;4;4;4;4;0;0;0;0;0;0;1;0;0;0;0;0;0;0;0;0;0.0;1.0;0.0;0.0;0.0;0.0;0.0;0.0;0.0;0.0;0.0;0.0;0.0;0.0;0.0;0.0;0.0;0.0;0.0;1.0;0.0;0.0;0.0;0.0;0.0;0.0;0.0;0.0;0.0;0.0;0.0;0.0;0.0;0.0;0.0;2.0;1.0;0.0;0.0;1.0;0.0;0;0;0;0;IRATI;REGIÃO CENTRAL;17
7457.0;2016-07-31;-2.0;6.0;14.0;20.0;428.0;26.0;3.0;-2.0;15.0;228.0;26.0;0.0;26.0;627.0;46.0;99.0;5;4;4;4;5;5;4;0;0;0;0;0;1;0;0;0;0;0;0;0;0;0;0;0.0;1.0;0.0;0.0;0.0;0.0;0.0;0.0;0.0;0.0;0.0;0.0;0.0;0.0;0.0;0.0;0.0;0.0;0.0;1.0;0.0;0.0;0.0;0.0;0.0;0.0;0.0;0.0;0.0;0.0;0.0;0.0;0.0;0.0;0.0;2.0;1.0;0.0;0.0;1.0;0.0;14;0;0;0;IRATI;REGIÃO CENTRAL;18
6961.0;2016-08-31;0.0;8.0;15.0;19.0;457.0;28.0;11.0;0.0;16.0;276.0;28.0;0.0;28.0;637.0;65.0;350.0;4;5;4;5;4;4;5;0;1;0;0;0;0;0;0;0;0;0;0;0;0;0;0;0.0;1.0;0.0;0.0;0.0;0.0;0.0;0.0;0.0;0.0;0.0;0.0;0.0;0.0;0.0;0.0;0.0;0.0;0.0;1.0;0.0;0.0;0.0;0.0;0.0;0.0;0.0;0.0;0.0;0.0;0.0;0.0;0.0;0.0;0.0;2.0;1.0;0.0;0.0;1.0;0.0;0;0;0;0;IRATI;REGIÃO CENTRAL;19
7122.0;2016-09-30;2.0;11.0;16.0;22.0;477.0;29.0;3.0;2.0;17.0;276.0;29.0;0.0;29.0;679.0;57.0;98.0;4;4;5;4;5;4;4;0;0;0;0;0;0;0;0;0;0;0;1;0;0;0;0;0.0;1.0;0.0;0.0;0.0;0.0;0.0;0.0;0.0;0.0;0.0;0.0;0.0;0.0;0.0;0.0;0.0;0.0;0.0;1.0;0.0;0.0;0.0;0.0;0.0;0.0;0.0;0.0;0.0;0.0;0.0;0.0;0.0;0.0;0.0;2.0;1.0;0.0;0.0;1.0;0.0;0;0;0;0;IRATI;REGIÃO CENTRAL;20
7353.0;2016-10-31;7.0;13.0;18.0;25.0;572.0;32.0;6.0;7.0;19.0;408.0;32.0;0.0;32.0;736.0;56.0;185.0;5;4;4;5;4;5;4;0;0;0;0;0;0;0;0;0;0;1;0;0;0;0;0;0.0;1.0;0.0;0.0;0.0;0.0;0.0;0.0;0.0;0.0;0.0;0.0;0.0;0.0;0.0;0.0;0.0;0.0;0.0;1.0;0.0;0.0;0.0;0.0;0.0;0.0;0.0;0.0;0.0;0.0;0.0;0.0;0.0;0.0;0.0;2.0;1.0;0.0;0.0;1.0;0.0;0;0;0;0;IRATI;REGIÃO CENTRAL;21
6768.0;2016-11-30;8.0;15.0;20.0;24.0;606.0;30.0;3.0;8.0;19.0;435.0;30.0;0.0;30.0;776.0;24.0;86.0;4;5;4;4;4;4;5;0;0;0;0;0;0;0;0;0;1;0;0;0;0;0;0;0.0;1.0;0.0;0.0;0.0;0.0;0.0;0.0;0.0;0.0;0.0;0.0;0.0;0.0;0.0;0.0;0.0;0.0;0.0;1.0;0.0;0.0;0.0;0.0;0.0;0.0;0.0;0.0;0.0;0.0;0.0;0.0;0.0;0.0;0.0;2.0;1.0;0.0;0.0;1.0;0.0;0;0;0;0;IRATI;REGIÃO CENTRAL;22
6065.0;2016-12-31;9.0;15.0;22.0;26.0;671.0;32.0;4.0;9.0;20.0;513.0;32.0;0.0;32.0;829.0;20.0;113.0;4;4;5;4;5;5;4;0;0;1;0;0;0;0;0;0;0;0;0;0;0;0;0;0.0;1.0;0.0;0.0;0.0;0.0;0.0;0.0;0.0;0.0;0.0;0.0;0.0;0.0;0.0;0.0;0.0;0.0;0.0;1.0;0.0;0.0;0.0;0.0;0.0;0.0;0.0;0.0;0.0;0.0;0.0;0.0;0.0;0.0;0.0;2.0;1.0;0.0;0.0;1.0;0.0;0;0;0;0;IRATI;REGIÃO CENTRAL;23
5663.0;2017-01-31;13.0;21.0;23.0;25.0;712.0;31.0;4.0;13.0;20.0;546.0;31.0;0.0;31.0;877.0;34.0;134.0;5;4;4;5;4;4;5;0;0;0;0;1;0;0;0;0;0;0;0;0;0;0;0;0.0;0.0;1.0;0.0;0.0;0.0;0.0;0.0;0.0;0.0;0.0;0.0;0.0;0.0;0.0;0.0;0.0;0.0;0.0;1.0;0.0;0.0;0.0;0.0;0.0;0.0;0.0;0.0;0.0;0.0;0.0;0.0;0.0;0.0;0.0;2.0;1.0;0.0;0.0;1.0;0.0;31;0;0;0;IRATI;REGIÃO CENTRAL;24
6284.0;2017-02-28;16.0;21.0;23.0;25.0;655.0;32.0;4.0;16.0;20.0;500.0;32.0;0.0;32.0;810.0;23.0;123.0;4;4;4;4;4;4;4;0;0;0;1;0;0;0;0;0;0;0;0;0;0;0;0;0.0;0.0;1.0;0.0;0.0;0.0;0.0;0.0;0.0;0.0;0.0;0.0;0.0;0.0;0.0;0.0;0.0;0.0;0.0;1.0;0.0;0.0;0.0;0.0;0.0;0.0;0.0;0.0;0.0;0.0;0.0;0.0;0.0;0.0;0.0;2.0;1.0;0.0;0.0;1.0;0.0;0;2;0;0;IRATI;REGIÃO CENTRAL;25
8444.0;2017-03-31;13.0;17.0;21.0;25.0;656.0;30.0;3.0;13.0;20.0;504.0;30.0;0.0;30.0;807.0;20.0;90.0;4;5;5;4;5;4;4;0;0;0;0;0;0;0;0;1;0;0;0;0;0;0;0;0.0;0.0;1.0;0.0;0.0;0.0;0.0;0.0;0.0;0.0;0.0;0.0;0.0;0.0;0.0;0.0;0.0;0.0;0.0;1.0;0.0;0.0;0.0;0.0;0.0;0.0;0.0;0.0;0.0;0.0;0.0;0.0;0.0;0.0;0.0;2.0;1.0;0.0;0.0;1.0;0.0;0;1;0;0;IRATI;REGIÃO CENTRAL;26
7818.0;2017-04-30;2.0;11.0;18.0;23.0;536.0;28.0;2.0;2.0;18.0;394.0;28.0;0.0;28.0;678.0;43.0;70.0;5;4;4;4;4;5;4;1;0;0;0;0;0;0;0;0;0;0;0;0;0;0;0;0.0;0.0;1.0;0.0;0.0;0.0;0.0;0.0;0.0;0.0;0.0;0.0;0.0;0.0;0.0;0.0;0.0;0.0;0.0;1.0;0.0;0.0;0.0;0.0;0.0;0.0;0.0;0.0;0.0;0.0;0.0;0.0;0.0;0.0;0.0;2.0;1.0;0.0;0.0;1.0;0.0;0;1;0;0;IRATI;REGIÃO CENTRAL;27
7918.0;2017-05-31;7.0;14.0;17.0;22.0;527.0;27.0;6.0;7.0;17.0;406.0;27.0;0.0;27.0;647.0;123.0;200.0;4;5;4;5;4;4;5;0;0;0;0;0;0;0;1;0;0;0;0;0;0;0;0;0.0;0.0;1.0;0.0;0.0;0.0;0.0;0.0;0.0;0.0;0.0;0.0;0.0;0.0;0.0;0.0;0.0;0.0;0.0;1.0;0.0;0.0;0.0;0.0;0.0;0.0;0.0;0.0;0.0;0.0;0.0;0.0;0.0;0.0;0.0;2.0;1.0;0.0;0.0;1.0;0.0;0;0;0;0;IRATI;REGIÃO CENTRAL;28
7158.0;2017-06-30;-1.0;8.0;15.0;21.0;441.0;24.0;3.0;-1.0;18.0;292.0;24.0;0.0;24.0;590.0;31.0;98.0;4;4;5;4;5;4;4;0;0;0;0;0;0;1;0;0;0;0;0;0;0;0;0;0.0;0.0;1.0;0.0;0.0;0.0;0.0;0.0;0.0;0.0;0.0;0.0;0.0;0.0;0.0;0.0;0.0;0.0;0.0;1.0;0.0;0.0;0.0;0.0;0.0;0.0;0.0;0.0;0.0;0.0;0.0;0.0;0.0;0.0;0.0;2.0;1.0;0.0;0.0;1.0;0.0;0;1;0;0;IRATI;REGIÃO CENTRAL;29
6609.0;2017-07-31;-4.0;4.0;14.0;17.0;422.0;25.0;0.0;-4.0;11.0;213.0;25.0;0.0;25.0;630.0;1.0;1.0;5;4;4;5;4;5;4;0;0;0;0;0;1;0;0;0;0;0;0;0;0;0;0;0.0;0.0;1.0;0.0;0.0;0.0;0.0;0.0;0.0;0.0;0.0;0.0;0.0;0.0;0.0;0.0;0.0;0.0;0.0;1.0;0.0;0.0;0.0;0.0;0.0;0.0;0.0;0.0;0.0;0.0;0.0;0.0;0.0;0.0;0.0;2.0;1.0;0.0;0.0;1.0;0.0;16;0;0;0;IRATI;REGIÃO CENTRAL;30
6607.0;2017-08-31;1.0;9.0;16.0;21.0;486.0;31.0;7.0;1.0;15.0;310.0;31.0;0.0;31.0;662.0;96.0;204.0;4;5;5;4;4;4;5;0;1;0;0;0;0;0;0;0;0;0;0;0;0;0;0;0.0;0.0;1.0;0.0;0.0;0.0;0.0;0.0;0.0;0.0;0.0;0.0;0.0;0.0;0.0;0.0;0.0;0.0;0.0;1.0;0.0;0.0;0.0;0.0;0.0;0.0;0.0;0.0;0.0;0.0;0.0;0.0;0.0;0.0;0.0;2.0;1.0;0.0;0.0;1.0;0.0;0;0;0;0;IRATI;REGIÃO CENTRAL;31
6474.0;2017-09-30;9.0;15.0;20.0;23.0;599.0;32.0;5.0;9.0;16.0;389.0;32.0;0.0;32.0;809.0;78.0;136.0;4;4;4;4;5;5;4;0;0;0;0;0;0;0;0;0;0;0;1;0;0;0;0;0.0;0.0;1.0;0.0;0.0;0.0;0.0;0.0;0.0;0.0;0.0;0.0;0.0;0.0;0.0;0.0;0.0;0.0;0.0;1.0;0.0;0.0;0.0;0.0;0.0;0.0;0.0;0.0;0.0;0.0;0.0;0.0;0.0;0.0;0.0;2.0;1.0;0.0;0.0;1.0;0.0;0;0;0;0;IRATI;REGIÃO CENTRAL;32
6114.0;2017-10-31;4.0;14.0;19.0;25.0;579.0;32.0;12.0;4.0;18.0;410.0;32.0;0.0;32.0;748.0;97.0;377.0;5;4;4;5;4;4;5;0;0;0;0;0;0;0;0;0;0;1;0;0;0;0;0;0.0;0.0;1.0;0.0;0.0;0.0;0.0;0.0;0.0;0.0;0.0;0.0;0.0;0.0;0.0;0.0;0.0;0.0;0.0;1.0;0.0;0.0;0.0;0.0;0.0;0.0;0.0;0.0;0.0;0.0;0.0;0.0;0.0;0.0;0.0;2.0;1.0;0.0;0.0;1.0;0.0;0;0;0;0;IRATI;REGIÃO CENTRAL;33
5958.0;2017-11-30;7.0;15.0;20.0;23.0;590.0;32.0;4.0;7.0;18.0;411.0;32.0;0.0;32.0;769.0;31.0;122.0;4;5;5;4;4;4;4;0;0;0;0;0;0;0;0;0;1;0;0;0;0;0;0;0.0;0.0;1.0;0.0;0.0;0.0;0.0;0.0;0.0;0.0;0.0;0.0;0.0;0.0;0.0;0.0;0.0;0.0;0.0;1.0;0.0;0.0;0.0;0.0;0.0;0.0;0.0;0.0;0.0;0.0;0.0;0.0;0.0;0.0;0.0;2.0;1.0;0.0;0.0;1.0;0.0;0;0;0;0;IRATI;REGIÃO CENTRAL;34
5087.0;2017-12-31;14.0;18.0;22.0;24.0;680.0;31.0;5.0;14.0;20.0;530.0;31.0;0.0;31.0;830.0;41.0;149.0;5;4;4;4;5;5;4;0;0;1;0;0;0;0;0;0;0;0;0;0;0;0;0;0.0;0.0;1.0;0.0;0.0;0.0;0.0;0.0;0.0;0.0;0.0;0.0;0.0;0.0;0.0;0.0;0.0;0.0;0.0;1.0;0.0;0.0;0.0;0.0;0.0;0.0;0.0;0.0;0.0;0.0;0.0;0.0;0.0;0.0;0.0;2.0;1.0;0.0;0.0;1.0;0.0;0;0;0;0;IRATI;REGIÃO CENTRAL;35
4589.0;2018-01-31;14.0;18.0;22.0;25.0;683.0;31.0;4.0;14.0;19.0;536.0;31.0;0.0;31.0;830.0;30.0;131.0;4;5;4;5;4;4;5;0;0;0;0;1;0;0;0;0;0;0;0;0;0;0;0;0.0;0.0;0.0;1.0;0.0;0.0;0.0;0.0;0.0;0.0;0.0;0.0;0.0;0.0;0.0;0.0;0.0;0.0;0.0;1.0;0.0;0.0;0.0;0.0;0.0;0.0;0.0;0.0;0.0;0.0;0.0;0.0;0.0;0.0;0.0;2.0;1.0;0.0;0.0;1.0;0.0;31;0;0;0;IRATI;REGIÃO CENTRAL;36
5284.0;2018-02-28;12.0;16.0;21.0;23.0;578.0;30.0;1.0;12.0;20.0;431.0;30.0;0.0;30.0;724.0;8.0;38.0;4;4;4;4;4;4;4;0;0;0;1;0;0;0;0;0;0;0;0;0;0;0;0;0.0;0.0;0.0;1.0;0.0;0.0;0.0;0.0;0.0;0.0;0.0;0.0;0.0;0.0;0.0;0.0;0.0;0.0;0.0;1.0;0.0;0.0;0.0;0.0;0.0;0.0;0.0;0.0;0.0;0.0;0.0;0.0;0.0;0.0;0.0;2.0;1.0;0.0;0.0;1.8214285714285714;0.0;0;3;0;0;IRATI;REGIÃO CENTRAL;37
7413.0;2018-03-31;15.0;18.0;22.0;25.0;691.0;31.0;5.0;15.0;19.0;540.0;31.0;0.0;31.0;842.0;34.0;166.0;4;4;5;4;5;5;4;0;0;0;0;0;0;0;0;1;0;0;0;0;0;0;0;0.0;0.0;0.0;1.0;0.0;0.0;0.0;0.0;0.0;0.0;0.0;0.0;0.0;0.0;0.0;0.0;0.0;0.0;0.0;1.0;0.0;0.0;0.0;0.0;0.0;0.0;0.0;0.0;0.0;0.0;0.0;0.0;0.0;0.0;0.0;2.0;1.0;0.0;0.0;2.0;0.0;0;1;0;0;IRATI;REGIÃO CENTRAL;38
7488.0;2018-04-30;9.0;17.0;20.0;23.0;595.0;28.0;0.0;9.0;18.0;411.0;28.0;0.0;28.0;779.0;7.0;12.0;5;4;4;5;4;4;4;1;0;0;0;0;0;0;0;0;0;0;0;0;0;0;0;0.0;0.0;0.0;1.0;0.0;0.0;0.0;0.0;0.0;0.0;0.0;0.0;0.0;0.0;0.0;0.0;0.0;0.0;0.0;1.0;0.0;0.0;0.0;0.0;0.0;0.0;0.0;0.0;0.0;0.0;0.0;0.0;0.0;0.0;0.0;2.0;1.0;0.0;0.0;2.0;0.0;0;0;0;0;IRATI;REGIÃO CENTRAL;39
6942.0;2018-05-31;1.0;9.0;16.0;22.0;508.0;28.0;3.0;1.0;18.0;325.0;28.0;0.0;28.0;692.0;55.0;82.0;4;5;5;4;4;4;5;0;0;0;0;0;0;0;1;0;0;0;0;0;0;0;0;0.0;0.0;0.0;1.0;0.0;0.0;0.0;0.0;0.0;0.0;0.0;0.0;0.0;0.0;0.0;0.0;0.0;0.0;0.0;1.0;0.0;0.0;0.0;0.0;0.0;0.0;0.0;0.0;0.0;0.0;0.0;0.0;0.0;0.0;0.0;2.0;1.0;0.0;0.0;2.0;0.0;0;1;0;0;IRATI;REGIÃO CENTRAL;40
6822.0;2018-06-30;-0.0;6.0;14.0;21.0;421.0;27.0;9.0;-0.0;16.0;285.0;27.0;0.0;27.0;557.0;68.0;267.0;4;4;4;4;5;5;4;0;0;0;0;0;0;1;0;0;0;0;0;0;0;0;0;0.0;0.0;0.0;1.0;0.0;0.0;0.0;0.0;0.0;0.0;0.0;0.0;0.0;0.0;0.0;0.0;0.0;0.0;0.0;1.0;0.0;0.0;0.0;0.0;0.0;0.0;0.0;0.0;0.0;0.0;0.0;0.0;0.0;0.0;0.0;2.0;1.0;0.0;0.0;2.0;0.0;0;0;0;0;IRATI;REGIÃO CENTRAL;41
6820.0;2018-07-31;0.0;7.0;16.0;19.0;487.0;27.0;0.0;0.0;14.0;289.0;27.0;0.0;27.0;685.0;3.0;4.0;5;4;4;5;4;4;5;0;0;0;0;0;1;0;0;0;0;0;0;0;0;0;0;0.0;0.0;0.0;1.0;0.0;0.0;0.0;0.0;0.0;0.0;0.0;0.0;0.0;0.0;0.0;0.0;0.0;0.0;0.0;1.0;0.0;0.0;0.0;0.0;0.0;0.0;0.0;0.0;0.0;0.0;0.0;0.0;0.0;0.0;0.0;2.0;1.0;0.0;0.0;2.0;0.0;16;0;0;0;IRATI;REGIÃO CENTRAL;42
6790.0;2018-08-31;0.0;8.0;14.0;21.0;436.0;29.0;3.0;0.0;14.0;257.0;29.0;0.0;29.0;615.0;49.0;97.0;4;5;5;4;5;4;4;0;1;0;0;0;0;0;0;0;0;0;0;0;0;0;0;0.0;0.0;0.0;1.0;0.0;0.0;0.0;0.0;0.0;0.0;0.0;0.0;0.0;0.0;0.0;0.0;0.0;0.0;0.0;1.0;0.0;0.0;0.0;0.0;0.0;0.0;0.0;0.0;0.0;0.0;0.0;0.0;0.0;0.0;0.0;2.0;1.0;0.0;0.0;2.0;0.0;0;0;0;0;IRATI;REGIÃO CENTRAL;43
7356.0;2018-09-30;3.0;12.0;17.0;24.0;524.0;32.0;7.0;3.0;17.0;365.0;32.0;0.0;32.0;682.0;60.0;216.0;5;4;4;4;4;5;4;0;0;0;0;0;0;0;0;0;0;0;1;0;0;0;0;0.0;0.0;0.0;1.0;0.0;0.0;0.0;0.0;0.0;0.0;0.0;0.0;0.0;0.0;0.0;0.0;0.0;0.0;0.0;1.0;0.0;0.0;0.0;0.0;0.0;0.0;0.0;0.0;0.0;0.0;0.0;0.0;0.0;0.0;0.0;2.0;1.0;0.0;0.0;2.0;0.0;0;0;0;0;IRATI;REGIÃO CENTRAL;44
7352.0;2018-10-31;8.0;13.0;18.0;22.0;570.0;29.0;7.0;8.0;18.0;447.0;29.0;0.0;29.0;693.0;48.0;222.0;4;5;4;5;4;4;5;0;0;0;0;0;0;0;0;0;0;1;0;0;0;0;0;0.0;0.0;0.0;1.0;0.0;0.0;0.0;0.0;0.0;0.0;0.0;0.0;0.0;0.0;0.0;0.0;0.0;0.0;0.0;1.0;0.0;0.0;0.0;0.0;0.0;0.0;0.0;0.0;0.0;0.0;0.0;0.0;0.0;0.0;0.0;2.0;1.0;0.0;0.0;2.0;0.0;0;0;0;0;IRATI;REGIÃO CENTRAL;45
7350.0;2018-11-30;10.0;16.0;21.0;26.0;623.0;31.0;2.0;10.0;21.0;459.0;31.0;0.0;31.0;787.0;31.0;74.0;4;4;5;4;5;4;4;0;0;0;0;0;0;0;0;0;1;0;0;0;0;0;0;0.0;0.0;0.0;1.0;0.0;0.0;0.0;0.0;0.0;0.0;0.0;0.0;0.0;0.0;0.0;0.0;0.0;0.0;0.0;1.0;0.0;0.0;0.0;0.0;0.0;0.0;0.0;0.0;0.0;0.0;0.0;0.0;0.0;0.0;0.0;2.0;1.0;0.0;0.0;2.0;0.0;0;0;0;0;IRATI;REGIÃO CENTRAL;46
6053.0;2018-12-31;8.0;18.0;23.0;27.0;725.0;34.0;2.0;8.0;21.0;513.0;34.0;0.0;34.0;937.0;12.0;77.0;5;4;4;5;4;5;4;0;0;1;0;0;0;0;0;0;0;0;0;0;0;0;0;0.0;0.0;0.0;1.0;0.0;0.0;0.0;0.0;0.0;0.0;0.0;0.0;0.0;0.0;0.0;0.0;0.0;0.0;0.0;1.0;0.0;0.0;0.0;0.0;0.0;0.0;0.0;0.0;0.0;0.0;0.0;0.0;0.0;0.0;0.0;2.0;0.6774193548387096;0.0;0.0;2.0;0.0;0;0;0;0;IRATI;REGIÃO CENTRAL;47
4976.0;2019-01-31;16.0;22.0;24.0;26.0;749.0;34.0;5.0;16.0;21.0;576.0;34.0;0.0;34.0;922.0;22.0;164.0;4;5;5;4;4;4;5;0;0;0;0;1;0;0;0;0;0;0;0;0;0;0;0;0.0;0.0;0.0;0.0;1.0;0.0;0.0;0.0;0.0;0.0;0.0;0.0;0.0;0.0;0.0;0.0;0.0;0.0;0.0;1.0;0.0;0.0;0.0;0.0;0.0;0.0;0.0;0.0;0.0;0.0;0.0;0.0;0.0;0.0;0.0;2.0;0.0;0.0;0.0;2.0;0.0;31;0;0;0;IRATI;REGIÃO CENTRAL;48
6256.0;2019-02-28;14.0;17.0;22.0;26.0;612.0;34.0;7.0;14.0;20.0;478.0;34.0;0.0;34.0;746.0;47.0;195.0;4;4;4;4;4;4;4;0;0;0;1;0;0;0;0;0;0;0;0;0;0;0;0;0.0;0.0;0.0;0.0;1.0;0.0;0.0;0.0;0.0;0.0;0.0;0.0;0.0;0.0;0.0;0.0;0.0;0.0;0.0;1.0;0.0;0.0;0.0;0.0;0.0;0.0;0.0;0.0;0.0;0.0;0.0;0.0;0.0;0.0;0.0;2.0;0.0;1.0;1.0;2.0;0.0;0;0;0;0;IRATI;REGIÃO CENTRAL;49
9163.0;2019-03-31;12.0;18.0;21.0;23.0;663.0;30.0;2.0;12.0;19.0;513.0;30.0;0.0;30.0;813.0;27.0;73.0;5;4;4;4;5;5;4;0;0;0;0;0;0;0;0;1;0;0;0;0;0;0;0;0.0;0.0;0.0;0.0;1.0;0.0;0.0;0.0;0.0;0.0;0.0;0.0;0.0;0.0;0.0;0.0;0.0;0.0;0.0;1.0;0.0;0.0;0.0;0.0;0.0;0.0;0.0;0.0;0.0;0.0;0.0;0.0;0.0;0.0;0.0;2.0;0.0;1.0;1.0;2.0;0.0;0;3;0;0;IRATI;REGIÃO CENTRAL;50
8400.0;2019-04-30;9.0;17.0;20.0;23.0;595.0;28.0;3.0;9.0;20.0;451.0;28.0;0.0;28.0;738.0;36.0;83.0;4;4;4;5;4;4;5;1;0;0;0;0;0;0;0;0;0;0;0;0;0;0;0;0.0;0.0;0.0;0.0;1.0;0.0;0.0;0.0;0.0;0.0;0.0;0.0;0.0;0.0;0.0;0.0;0.0;0.0;0.0;1.0;0.0;0.0;0.0;0.0;0.0;0.0;0.0;0.0;0.0;0.0;0.0;0.0;0.0;0.0;0.0;2.0;0.0;1.0;1.0;2.0;0.0;0;1;0;0;IRATI;REGIÃO CENTRAL;51
8245.0;2019-05-31;7.0;13.0;18.0;22.0;543.0;28.0;9.0;7.0;18.0;426.0;28.0;0.0;28.0;661.0;76.0;270.0;4;5;5;4;5;4;4;0;0;0;0;0;0;0;1;0;0;0;0;0;0;0;0;0.0;0.0;0.0;0.0;1.0;0.0;0.0;0.0;0.0;0.0;0.0;0.0;0.0;0.0;0.0;0.0;0.0;0.0;0.0;1.0;0.0;0.0;0.0;0.0;0.0;0.0;0.0;0.0;0.0;0.0;0.0;0.0;0.0;0.0;0.0;2.0;0.0;1.0;1.0;2.0;0.0;0;0;0;0;IRATI;REGIÃO CENTRAL;52
7428.0;2019-06-30;3.0;10.0;16.0;20.0;478.0;25.0;2.0;3.0;16.0;317.0;25.0;0.0;25.0;639.0;49.0;74.0;5;4;4;4;4;5;4;0;0;0;0;0;0;1;0;0;0;0;0;0;0;0;0;0.0;0.0;0.0;0.0;1.0;0.0;0.0;0.0;0.0;0.0;0.0;0.0;0.0;0.0;0.0;0.0;0.0;0.0;0.0;1.0;0.0;0.0;0.0;0.0;0.0;0.0;0.0;0.0;0.0;0.0;0.0;0.0;0.0;0.0;0.0;2.0;0.0;1.0;1.0;2.0;0.0;0;1;0;0;IRATI;REGIÃO CENTRAL;53
6850.0;2019-07-31;-4.0;4.0;14.0;19.0;440.0;25.0;1.0;-4.0;16.0;245.0;25.0;0.0;25.0;634.0;10.0;25.0;4;5;4;5;4;4;5;0;0;0;0;0;1;0;0;0;0;0;0;0;0;0;0;0.0;0.0;0.0;0.0;1.0;0.0;0.0;0.0;0.0;0.0;0.0;0.0;0.0;0.0;0.0;0.0;0.0;0.0;0.0;1.0;0.0;0.0;0.0;0.0;0.0;0.0;0.0;0.0;0.0;0.0;0.0;0.0;0.0;0.0;0.0;2.0;0.0;1.0;1.0;2.0;0.0;16;0;0;0;IRATI;REGIÃO CENTRAL;54
7793.0;2019-08-31;-0.0;7.0;15.0;21.0;464.0;29.0;0.0;-0.0;15.0;272.0;29.0;0.0;29.0;656.0;4.0;7.0;4;4;5;4;5;5;4;0;1;0;0;0;0;0;0;0;0;0;0;0;0;0;0;0.0;0.0;0.0;0.0;1.0;0.0;0.0;0.0;0.0;0.0;0.0;0.0;0.0;0.0;0.0;0.0;0.0;0.0;0.0;1.0;0.0;0.0;0.0;0.0;0.0;0.0;0.0;0.0;0.0;0.0;0.0;0.0;0.0;0.0;0.0;2.0;0.0;1.0;1.0;2.0;0.0;0;0;0;0;IRATI;REGIÃO CENTRAL;55
8682.0;2019-09-30;6.0;11.0;18.0;24.0;549.0;32.0;5.0;6.0;17.0;383.0;32.0;0.0;32.0;714.0;34.0;150.0;5;4;4;5;4;4;4;0;0;0;0;0;0;0;0;0;0;0;1;0;0;0;0;0.0;0.0;0.0;0.0;1.0;0.0;0.0;0.0;0.0;0.0;0.0;0.0;0.0;0.0;0.0;0.0;0.0;0.0;0.0;1.0;0.0;0.0;0.0;0.0;0.0;0.0;0.0;0.0;0.0;0.0;0.0;0.0;0.0;0.0;0.0;2.0;0.0;1.0;1.0;2.0;0.0;0;0;0;0;IRATI;REGIÃO CENTRAL;56
8927.0;2019-10-31;11.0;15.0;21.0;25.0;650.0;34.0;5.0;11.0;18.0;461.0;34.0;0.0;34.0;840.0;47.0;169.0;4;5;5;4;4;4;5;0;0;0;0;0;0;0;0;0;0;1;0;0;0;0;0;0.0;0.0;0.0;0.0;1.0;0.0;0.0;0.0;0.0;0.0;0.0;0.0;0.0;0.0;0.0;0.0;0.0;0.0;0.0;1.0;0.0;0.0;0.0;0.0;0.0;0.0;0.0;0.0;0.0;0.0;0.0;0.0;0.0;0.0;0.0;2.0;0.0;1.0;1.0;2.0;0.0;0;0;0;0;IRATI;REGIÃO CENTRAL;57
8628.0;2019-11-30;11.0;16.0;21.0;25.0;632.0;33.0;5.0;11.0;19.0;463.0;33.0;0.0;33.0;800.0;48.0;145.0;4;4;4;4;5;5;4;0;0;0;0;0;0;0;0;0;1;0;0;0;0;0;0;0.0;0.0;0.0;0.0;1.0;0.0;0.0;0.0;0.0;0.0;0.0;0.0;0.0;0.0;0.0;0.0;0.0;0.0;0.0;1.0;0.0;0.0;0.0;0.0;0.0;0.0;0.0;0.0;0.0;0.0;0.0;0.0;0.0;0.0;0.0;2.0;0.0;1.0;1.0;2.0;0.0;0;0;0;0;IRATI;REGIÃO CENTRAL;58
6335.0;2019-12-31;13.0;17.0;21.0;25.0;666.0;32.0;5.0;13.0;19.0;501.0;32.0;0.0;32.0;832.0;62.0;151.0;5;4;4;5;4;4;5;0;0;1;0;0;0;0;0;0;0;0;0;0;0;0;0;0.0;0.0;0.0;0.0;1.0;0.0;0.0;0.0;0.0;0.0;0.0;0.0;0.0;0.0;0.0;0.0;0.0;0.0;0.0;1.0;0.0;0.0;0.0;0.0;0.0;0.0;0.0;0.0;0.0;0.0;0.0;0.0;0.0;0.0;0.0;2.0;0.0;1.0;1.0;2.0;0.0;0;0;0;0;IRATI;REGIÃO CENTRAL;59
5531.0;2020-01-31;12.0;18.0;22.0;26.0;687.0;32.0;2.0;12.0;21.0;526.0;32.0;0.0;32.0;847.0;23.0;71.0;4;5;5;4;5;4;4;0;0;0;0;1;0;0;0;0;0;0;0;0;0;0;0;0.0;0.0;0.0;0.0;0.0;1.0;0.0;0.0;0.0;0.0;0.0;0.0;0.0;0.0;0.0;0.0;0.0;0.0;0.0;1.0;0.0;0.0;0.0;0.0;0.0;0.0;0.0;0.0;0.0;0.0;0.0;0.0;0.0;0.0;0.0;2.0;0.0;1.0;1.0;2.0;0.0;31;0;0;0;IRATI;REGIÃO CENTRAL;60
7583.0;2020-02-29;11.0;18.0;22.0;26.0;632.0;33.0;3.0;11.0;20.0;474.0;33.0;0.0;33.0;789.0;34.0;84.0;4;4;4;4;4;5;4;0;0;0;1;0;0;0;0;0;0;0;0;0;0;0;0;0.0;0.0;0.0;0.0;0.0;1.0;0.0;0.0;0.0;0.0;0.0;0.0;0.0;0.0;0.0;0.0;0.0;0.0;0.0;1.0;0.0;0.0;0.0;0.0;0.0;0.0;0.0;0.0;0.0;0.0;0.0;0.0;0.0;0.0;0.0;2.0;0.0;1.0;1.0;2.0;0.0;0;3;0;0;IRATI;REGIÃO CENTRAL;61
6496.0;2020-03-31;10.0;17.0;21.0;24.0;650.0;32.0;1.0;10.0;19.0;447.0;32.0;0.0;32.0;853.0;17.0;38.0;5;4;4;5;4;4;5;0;0;0;0;0;0;0;0;1;0;0;0;0;0;0;0;0.0;0.0;0.0;0.0;0.0;1.0;0.0;0.0;0.0;0.0;0.0;0.0;0.0;0.0;0.0;0.0;0.0;0.0;0.0;1.0;0.0;0.0;0.0;0.0;0.0;0.0;0.0;0.0;0.0;0.0;0.0;0.0;0.0;0.0;0.0;2.0;0.0;1.0;1.0;2.0;0.0;0;0;15;0;IRATI;REGIÃO CENTRAL;62
3756.0;2020-04-30;3.0;12.0;18.0;24.0;534.0;30.0;1.0;3.0;18.0;318.0;30.0;0.0;30.0;749.0;30.0;45.0;4;5;5;4;4;4;4;1;0;0;0;0;0;0;0;0;0;0;0;0;0;0;0;0.0;0.0;0.0;0.0;0.0;1.0;0.0;0.0;0.0;0.0;0.0;0.0;0.0;0.0;0.0;0.0;0.0;0.0;0.0;1.0;0.0;0.0;0.0;0.0;0.0;0.0;0.0;0.0;0.0;0.0;0.0;0.0;0.0;0.0;0.0;2.0;0.0;1.0;1.0;2.0;0.0;0;1;30;0;IRATI;REGIÃO CENTRAL;63
3391.0;2020-05-31;1.0;10.0;15.0;19.0;456.0;26.0;7.0;1.0;15.0;246.0;26.0;0.0;26.0;666.0;133.0;208.0;5;4;4;4;5;5;4;0;0;0;0;0;0;0;1;0;0;0;0;0;0;0;0;0.0;0.0;0.0;0.0;0.0;1.0;0.0;0.0;0.0;0.0;0.0;0.0;0.0;0.0;0.0;0.0;0.0;0.0;0.0;1.0;0.0;0.0;0.0;0.0;0.0;0.0;0.0;0.0;0.0;0.0;0.0;0.0;0.0;0.0;0.0;2.0;0.0;1.0;1.0;2.0;0.0;0;0;31;0;IRATI;REGIÃO CENTRAL;64
3288.0;2020-06-30;6.0;11.0;16.0;22.0;472.0;26.0;8.0;6.0;18.0;341.0;26.0;0.0;26.0;602.0;67.0;238.0;4;4;4;5;4;4;5;0;0;0;0;0;0;1;0;0;0;0;0;0;0;0;0;0.0;0.0;0.0;0.0;0.0;1.0;0.0;0.0;0.0;0.0;0.0;0.0;0.0;0.0;0.0;0.0;0.0;0.0;0.0;1.0;0.0;0.0;0.0;0.0;0.0;0.0;0.0;0.0;0.0;0.0;0.0;0.0;0.0;0.0;0.0;2.0;0.0;1.0;1.0;2.0;0.0;0;1;30;0;IRATI;REGIÃO CENTRAL;65
3581.0;2020-07-31;0.0;8.0;14.0;19.0;437.0;25.0;1.0;0.0;14.0;256.0;25.0;0.0;25.0;617.0;15.0;40.0;4;5;5;4;5;4;4;0;0;0;0;0;1;0;0;0;0;0;0;0;0;0;0;0.0;0.0;0.0;0.0;0.0;1.0;0.0;0.0;0.0;0.0;0.0;0.0;0.0;0.0;0.0;0.0;0.0;0.0;0.0;1.0;0.0;0.0;0.0;0.0;0.0;0.0;0.0;0.0;0.0;0.0;0.0;0.0;0.0;0.0;0.0;2.0;0.0;1.0;1.0;2.0;0.0;0;0;31;0;IRATI;REGIÃO CENTRAL;66
3441.0;2020-08-31;-3.0;5.0;14.0;21.0;449.0;30.0;11.0;-3.0;14.0;253.0;30.0;0.0;30.0;646.0;106.0;334.0;5;4;4;5;4;5;4;0;1;0;0;0;0;0;0;0;0;0;0;0;0;0;0;0.0;0.0;0.0;0.0;0.0;1.0;0.0;0.0;0.0;0.0;0.0;0.0;0.0;0.0;0.0;0.0;0.0;0.0;0.0;1.0;0.0;0.0;0.0;0.0;0.0;0.0;0.0;0.0;0.0;0.0;0.0;0.0;0.0;0.0;0.0;2.0;0.0;1.0;1.0;2.0;0.0;0;0;31;0;IRATI;REGIÃO CENTRAL;67
3510.0;2020-09-30;9.0;13.0;20.0;25.0;587.0;33.0;1.0;9.0;16.0;395.0;33.0;0.0;33.0;779.0;28.0;43.0;4;5;4;4;4;4;5;0;0;0;0;0;0;0;0;0;0;0;1;0;0;0;0;0.0;0.0;0.0;0.0;0.0;1.0;0.0;0.0;0.0;0.0;0.0;0.0;0.0;0.0;0.0;0.0;0.0;0.0;0.0;1.0;0.0;0.0;0.0;0.0;0.0;0.0;0.0;0.0;0.0;0.0;0.0;0.0;0.0;0.0;0.0;2.0;0.0;1.0;1.0;2.0;0.0;0;0;30;0;IRATI;REGIÃO CENTRAL;68
3782.0;2020-10-31;7.0;14.0;20.0;27.0;619.0;36.0;3.0;7.0;18.0;419.0;36.0;0.0;36.0;818.0;53.0;97.0;4;4;5;4;5;5;4;0;0;0;0;0;0;0;0;0;0;1;0;0;0;0;0;0.0;0.0;0.0;0.0;0.0;1.0;0.0;0.0;0.0;0.0;0.0;0.0;0.0;0.0;0.0;0.0;0.0;0.0;0.0;1.0;0.0;0.0;0.0;0.0;0.0;0.0;0.0;0.0;0.0;0.0;0.0;0.0;0.0;0.0;0.0;2.0;0.0;1.0;1.0;2.0;0.0;0;0;31;0;IRATI;REGIÃO CENTRAL;69
3690.0;2020-11-30;6.0;15.0;20.0;25.0;608.0;33.0;3.0;6.0;18.0;416.0;33.0;0.0;33.0;801.0;32.0;104.0;5;4;4;5;4;4;4;0;0;0;0;0;0;0;0;0;1;0;0;0;0;0;0;0.0;0.0;0.0;0.0;0.0;1.0;0.0;0.0;0.0;0.0;0.0;0.0;0.0;0.0;0.0;0.0;0.0;0.0;0.0;1.0;0.0;0.0;0.0;0.0;0.0;0.0;0.0;0.0;0.0;0.0;0.0;0.0;0.0;0.0;0.0;2.0;0.0;1.0;1.0;2.0;0.0;0;0;30;0;IRATI;REGIÃO CENTRAL;70
3937.0;2020-12-31;13.0;16.0;22.0;24.0;675.0;30.0;7.0;13.0;20.0;519.0;30.0;0.0;30.0;832.0;38.0;204.0;4;5;5;4;4;4;5;0;0;1;0;0;0;0;0;0;0;0;0;0;0;0;0;0.0;0.0;0.0;0.0;0.0;1.0;0.0;0.0;0.0;0.0;0.0;0.0;0.0;0.0;0.0;0.0;0.0;0.0;0.0;1.0;0.0;0.0;0.0;0.0;0.0;0.0;0.0;0.0;0.0;0.0;0.0;0.0;0.0;0.0;0.0;2.0;0.0;1.0;1.0;2.0;0.0;0;0;31;0;IRATI;REGIÃO CENTRAL;71
4154.0;2021-01-31;12.0;17.0;21.0;25.0;665.0;31.0;8.0;12.0;20.0;545.0;31.0;0.0;31.0;784.0;63.0;262.0;5;4;4;4;5;5;4;0;0;0;0;1;0;0;0;0;0;0;0;1;0;0;0;0.0;0.0;0.0;0.0;0.0;0.0;0.0;0.0;0.0;0.0;0.0;0.0;0.0;0.0;0.0;0.0;0.0;0.0;0.0;1.0;0.0;0.0;0.0;0.0;0.0;0.0;0.0;0.0;0.0;0.0;0.0;0.0;0.0;0.0;0.0;2.0;0.0;1.0;1.0;2.0;0.0;0;0;31;0;IRATI;REGIÃO CENTRAL;72
3388.0;2021-02-28;10.0;18.0;21.0;24.0;579.0;30.0;0.0;10.0;19.0;413.0;30.0;0.0;30.0;745.0;4.0;12.0;4;4;4;4;4;4;4;0;0;0;1;0;0;0;0;0;0;0;0;1;0;0;0;0.0;0.0;0.0;0.0;0.0;0.0;0.0;0.0;0.0;0.0;0.0;0.0;0.0;0.0;0.0;0.0;0.0;0.0;0.0;1.0;0.0;0.0;0.0;0.0;0.0;0.0;0.0;0.0;0.0;0.0;0.0;0.0;0.0;0.0;0.0;2.0;0.0;1.0;1.0;2.0;0.0;0;3;28;0;IRATI;REGIÃO CENTRAL;73
3472.0;2021-03-31;10.0;16.0;22.0;24.0;667.0;30.0;4.0;10.0;19.0;507.0;30.0;0.0;30.0;827.0;27.0;127.0;4;5;4;5;4;4;5;0;0;0;0;0;0;0;0;1;0;0;0;1;0;0;0;0.0;0.0;0.0;0.0;0.0;0.0;0.0;0.0;0.0;0.0;0.0;0.0;0.0;0.0;0.0;0.0;0.0;0.0;0.0;1.0;0.0;0.0;0.0;0.0;0.0;0.0;0.0;0.0;0.0;0.0;0.0;0.0;0.0;0.0;0.0;2.0;0.0;1.0;1.0;2.0;0.0;0;0;31;0;IRATI;REGIÃO CENTRAL;74
3300.0;2021-04-30;7.0;14.0;17.0;20.0;520.0;27.0;0.0;7.0;16.0;356.0;27.0;0.0;27.0;683.0;0.0;2.0;4;4;5;4;5;4;4;1;0;0;0;0;0;0;0;0;0;0;0;1;0;0;0;0.0;0.0;0.0;0.0;0.0;0.0;0.0;0.0;0.0;0.0;0.0;0.0;0.0;0.0;0.0;0.0;0.0;0.0;0.0;1.0;0.0;0.0;0.0;0.0;0.0;0.0;0.0;0.0;0.0;0.0;0.0;0.0;0.0;0.0;0.0;2.0;0.0;1.0;1.0;2.0;0.0;0;1;30;0;IRATI;REGIÃO CENTRAL;75
3534.0;2021-05-31;1.0;10.0;15.0;19.0;469.0;27.0;3.0;1.0;14.0;292.0;27.0;0.0;27.0;646.0;33.0;85.0;5;4;4;5;4;5;4;0;0;0;0;0;0;0;1;0;0;0;0;1;0;0;0;0.0;0.0;0.0;0.0;0.0;0.0;0.0;0.0;0.0;0.0;0.0;0.0;0.0;0.0;0.0;0.0;0.0;0.0;0.0;1.0;0.0;0.0;0.0;0.0;0.0;0.0;0.0;0.0;0.0;0.0;0.0;0.0;0.0;0.0;0.0;2.0;0.0;1.0;1.0;2.0;0.0;0;0;31;0;IRATI;REGIÃO CENTRAL;76
3480.0;2021-06-30;-2.0;3.0;13.0;19.0;404.0;24.0;4.0;-2.0;15.0;276.0;24.0;0.0;24.0;531.0;34.0;119.0;4;5;4;4;4;4;5;0;0;0;0;0;0;1;0;0;0;0;0;1;0;0;0;0.0;0.0;0.0;0.0;0.0;0.0;0.0;0.0;0.0;0.0;0.0;0.0;0.0;0.0;0.0;0.0;0.0;0.0;0.0;1.0;0.0;0.0;0.0;0.0;0.0;0.0;0.0;0.0;0.0;0.0;0.0;0.0;0.0;0.0;0.0;2.0;0.0;1.0;1.0;2.0;0.0;0;1;30;0;IRATI;REGIÃO CENTRAL;77
3596.0;2021-07-31;-3.0;4.0;11.0;17.0;351.0;25.0;2.0;-3.0;13.0;151.0;25.0;0.0;25.0;550.0;33.0;74.0;4;4;5;4;5;5;4;0;0;0;0;0;1;0;0;0;0;0;0;1;0;0;0;0.0;0.0;0.0;0.0;0.0;0.0;0.0;0.0;0.0;0.0;0.0;0.0;0.0;0.0;0.0;0.0;0.0;0.0;0.0;1.0;0.0;0.0;0.0;0.0;0.0;0.0;0.0;0.0;0.0;0.0;0.0;0.0;0.0;0.0;0.0;2.0;0.0;1.0;1.0;2.0;0.0;0;0;31;0;IRATI;REGIÃO CENTRAL;78
3472.0;2021-08-31;4.0;9.0;16.0;22.0;498.0;29.0;3.0;4.0;16.0;328.0;29.0;0.0;29.0;668.0;44.0;78.0;5;4;4;5;4;4;5;0;1;0;0;0;0;0;0;0;0;0;0;1;0;0;0;0.0;0.0;0.0;0.0;0.0;0.0;0.0;0.0;0.0;0.0;0.0;0.0;0.0;0.0;0.0;0.0;0.0;0.0;0.0;1.0;0.0;0.0;0.0;0.0;0.0;0.0;0.0;0.0;0.0;0.0;0.0;0.0;0.0;0.0;0.0;2.0;0.0;1.0;1.0;2.0;0.0;0;0;31;0;IRATI;REGIÃO CENTRAL;79
3300.0;2021-09-30;6.0;13.0;19.0;24.0;569.0;31.0;3.0;6.0;20.0;393.0;31.0;0.0;31.0;745.0;20.0;86.0;4;5;5;4;4;4;4;0;0;0;0;0;0;0;0;0;0;0;1;1;0;0;0;0.0;0.0;0.0;0.0;0.0;0.0;0.0;0.0;0.0;0.0;0.0;0.0;0.0;0.0;0.0;0.0;0.0;0.0;0.0;1.0;0.0;0.0;0.0;0.0;0.0;0.0;0.0;0.0;0.0;0.0;0.0;0.0;0.0;0.0;0.0;2.0;0.0;1.0;1.0;2.0;0.0;0;0;30;0;IRATI;REGIÃO CENTRAL;80
3720.0;2021-10-31;7.0;12.0;17.0;20.0;531.0;27.0;9.0;7.0;17.0;405.0;27.0;0.0;27.0;656.0;91.0;286.0;5;4;4;4;5;5;4;0;0;0;0;0;0;0;0;0;0;1;0;1;0;0;0;0.0;0.0;0.0;0.0;0.0;0.0;0.0;0.0;0.0;0.0;0.0;0.0;0.0;0.0;0.0;0.0;0.0;0.0;0.0;1.0;0.0;0.0;0.0;0.0;0.0;0.0;0.0;0.0;0.0;0.0;0.0;0.0;0.0;0.0;0.0;2.0;0.0;1.0;1.0;2.0;0.0;0;0;0;0;IRATI;REGIÃO CENTRAL;81
5430.0;2021-11-30;7.0;16.0;20.0;23.0;611.0;32.0;2.0;7.0;17.0;427.0;32.0;0.0;32.0;795.0;14.0;50.0;4;4;4;5;4;4;5;0;0;0;0;0;0;0;0;0;1;0;0;1;0;0;0;0.0;0.0;0.0;0.0;0.0;0.0;0.0;0.0;0.0;0.0;0.0;0.0;0.0;0.0;0.0;0.0;0.0;0.0;0.0;1.0;0.0;0.0;0.0;0.0;0.0;0.0;0.0;0.0;0.0;0.0;0.0;0.0;0.0;0.0;0.0;2.0;0.0;1.0;1.0;2.0;0.0;0;0;0;0;IRATI;REGIÃO CENTRAL;82
4805.0;2021-12-31;9.0;17.0;22.0;26.0;668.0;32.0;2.0;9.0;20.0;475.0;32.0;0.0;32.0;861.0;22.0;76.0;4;5;5;4;5;4;4;0;0;1;0;0;0;0;0;0;0;0;0;1;0;0;0;0.0;0.0;0.0;0.0;0.0;0.0;0.0;0.0;0.0;0.0;0.0;0.0;0.0;0.0;0.0;0.0;0.0;0.0;0.0;1.0;0.0;0.0;0.0;0.0;0.0;0.0;0.0;0.0;0.0;0.0;0.0;0.0;0.0;0.0;0.0;2.0;0.0;1.0;1.0;2.0;0.0;0;0;0;0;IRATI;REGIÃO CENTRAL;83
4340.0;2022-01-31;12.0;16.0;22.0;26.0;686.0;33.0;8.0;12.0;20.0;528.0;33.0;0.0;33.0;844.0;54.0;242.0;5;4;4;5;4;5;4;0;0;0;0;1;0;0;0;0;0;0;0;0;1;0;0;0.0;0.0;0.0;0.0;0.0;0.0;0.0;0.0;0.0;0.0;0.0;0.0;0.0;0.0;0.0;0.0;0.0;0.0;0.0;1.0;0.0;0.0;0.0;0.0;0.0;0.0;0.0;0.0;0.0;0.0;0.0;0.0;0.0;0.0;0.0;2.0;0.0;1.0;1.0;2.0;0.0;31;0;0;0;IRATI;REGIÃO CENTRAL;84
4508.0;2022-02-28;12.0;19.0;22.0;25.0;619.0;32.0;5.0;12.0;20.0;451.0;32.0;0.0;32.0;786.0;58.0;140.0;4;4;4;4;4;4;4;0;0;0;1;0;0;0;0;0;0;0;0;0;1;0;0;0.0;0.0;0.0;0.0;0.0;0.0;0.0;0.0;0.0;0.0;0.0;0.0;0.0;0.0;0.0;0.0;0.0;0.0;0.0;1.0;0.0;0.0;0.0;0.0;0.0;0.0;0.0;0.0;0.0;0.0;0.0;0.0;0.0;0.0;0.0;2.0;0.0;1.0;1.0;2.0;0.0;0;1;0;0;IRATI;REGIÃO CENTRAL;85
7626.0;2022-03-31;11.0;15.0;21.0;25.0;661.0;31.0;9.0;11.0;20.0;520.0;31.0;0.0;31.0;801.0;65.0;281.0;4;5;5;4;4;4;5;0;0;0;0;0;0;0;0;1;0;0;0;0;1;0;0;0.0;0.0;0.0;0.0;0.0;0.0;0.0;0.0;0.0;0.0;0.0;0.0;0.0;0.0;0.0;0.0;0.0;0.0;0.0;1.0;0.0;0.0;0.0;0.0;0.0;0.0;0.0;0.0;0.0;0.0;0.0;0.0;0.0;0.0;0.0;2.0;0.0;1.0;1.0;2.0;0.0;0;1;0;0;IRATI;REGIÃO CENTRAL;86
7710.0;2022-04-30;5.0;12.0;18.0;22.0;530.0;28.0;17.0;5.0;17.0;394.0;28.0;0.0;28.0;666.0;248.0;503.0;4;4;4;4;5;5;4;1;0;0;0;0;0;0;0;0;0;0;0;0;1;0;0;0.0;0.0;0.0;0.0;0.0;0.0;0.0;0.0;0.0;0.0;0.0;0.0;0.0;0.0;0.0;0.0;0.0;0.0;0.0;1.0;0.0;0.0;0.0;0.0;0.0;0.0;0.0;0.0;0.0;0.0;0.0;0.0;0.0;0.0;0.0;2.0;0.0;1.0;1.0;2.0;0.0;0;1;0;0;IRATI;REGIÃO CENTRAL;87
8525.0;2022-05-31;0.0;6.0;14.0;20.0;444.0;27.0;5.0;0.0;16.0;280.0;27.0;0.0;27.0;608.0;55.0;156.0;5;4;4;5;4;4;5;0;0;0;0;0;0;0;1;0;0;0;0;0;1;0;0;0.0;0.0;0.0;0.0;0.0;0.0;0.0;0.0;0.0;0.0;0.0;0.0;0.0;0.0;0.0;0.0;0.0;0.0;0.0;1.0;0.0;0.0;0.0;0.0;0.0;0.0;0.0;0.0;0.0;0.0;0.0;0.0;0.0;0.0;0.0;2.0;0.0;1.0;1.0;2.0;0.0;0;0;0;0;IRATI;REGIÃO CENTRAL;88
8220.0;2022-06-30;-1.0;7.0;14.0;20.0;416.0;25.0;6.0;-1.0;14.0;269.0;25.0;0.0;25.0;563.0;65.0;177.0;4;5;5;4;4;4;4;0;0;0;0;0;0;1;0;0;0;0;0;0;1;0;0;0.0;0.0;0.0;0.0;0.0;0.0;0.0;0.0;0.0;0.0;0.0;0.0;0.0;0.0;0.0;0.0;0.0;0.0;0.0;1.0;0.0;0.0;0.0;0.0;0.0;0.0;0.0;0.0;0.0;0.0;0.0;0.0;0.0;0.0;0.0;2.0;0.0;1.0;1.0;2.0;0.0;0;1;0;0;IRATI;REGIÃO CENTRAL;89
6603.0;2022-07-31;1.0;9.0;16.0;19.0;492.0;26.0;2.0;1.0;15.0;292.0;26.0;0.0;26.0;693.0;43.0;69.0;5;4;4;4;5;5;4;0;0;0;0;0;1;0;0;0;0;0;0;0;1;0;0;0.0;0.0;0.0;0.0;0.0;0.0;0.0;0.0;0.0;0.0;0.0;0.0;0.0;0.0;0.0;0.0;0.0;0.0;0.0;1.0;0.0;0.0;0.0;0.0;0.0;0.0;0.0;0.0;0.0;0.0;0.0;0.0;0.0;0.0;0.0;2.0;0.0;1.0;1.0;2.0;0.0;0;0;0;0;IRATI;REGIÃO CENTRAL;90
7812.0;2022-08-31;-2.0;6.0;14.0;18.0;422.0;27.0;5.0;-2.0;13.0;253.0;27.0;0.0;27.0;590.0;60.0;168.0;4;5;4;5;4;4;5;0;1;0;0;0;0;0;0;0;0;0;0;0;1;0;0;0.0;0.0;0.0;0.0;0.0;0.0;0.0;0.0;0.0;0.0;0.0;0.0;0.0;0.0;0.0;0.0;0.0;0.0;0.0;1.0;0.0;0.0;0.0;0.0;0.0;0.0;0.0;0.0;0.0;0.0;0.0;0.0;0.0;0.0;0.0;2.0;0.0;1.0;1.0;2.0;0.0;0;0;0;0;IRATI;REGIÃO CENTRAL;91
9120.0;2022-09-30;1.0;9.0;14.0;22.0;427.0;29.0;11.0;1.0;17.0;305.0;29.0;0.0;29.0;548.0;53.0;318.0;4;4;5;4;5;4;4;0;0;0;0;0;0;0;0;0;0;0;1;0;1;0;0;0.0;0.0;0.0;0.0;0.0;0.0;0.0;0.0;0.0;0.0;0.0;0.0;0.0;0.0;0.0;0.0;0.0;0.0;0.0;1.0;0.0;0.0;0.0;0.0;0.0;0.0;0.0;0.0;0.0;0.0;0.0;0.0;0.0;0.0;0.0;2.0;0.0;1.0;1.0;2.0;0.0;0;0;0;0;IRATI;REGIÃO CENTRAL;92
8432.0;2022-10-31;5.0;14.0;18.0;22.0;570.0;29.0;12.0;5.0;16.0;411.0;29.0;0.0;29.0;730.0;153.0;376.0;5;4;4;5;4;5;4;0;0;0;0;0;0;0;0;0;0;1;0;0;1;0;0;0.0;0.0;0.0;0.0;0.0;0.0;0.0;0.0;0.0;0.0;0.0;0.0;0.0;0.0;0.0;0.0;0.0;0.0;0.0;1.0;0.0;0.0;0.0;0.0;0.0;0.0;0.0;0.0;0.0;0.0;0.0;0.0;0.0;0.0;0.0;2.0;0.0;1.0;1.0;2.0;0.0;0;0;0;0;IRATI;REGIÃO CENTRAL;93
8160.0;2022-11-30;6.0;10.0;18.0;23.0;533.0;29.0;2.0;6.0;18.0;355.0;29.0;0.0;29.0;711.0;20.0;73.0;4;5;4;4;4;4;5;0;0;0;0;0;0;0;0;0;1;0;0;0;1;0;0;0.0;0.0;0.0;0.0;0.0;0.0;0.0;0.0;0.0;0.0;0.0;0.0;0.0;0.0;0.0;0.0;0.0;0.0;0.0;1.0;0.0;0.0;0.0;0.0;0.0;0.0;0.0;0.0;0.0;0.0;0.0;0.0;0.0;0.0;0.0;2.0;0.0;1.0;1.0;2.0;0.0;0;0;0;0;IRATI;REGIÃO CENTRAL;94
6169.0;2022-12-31;10.0;17.0;21.0;25.0;666.0;32.0;9.0;10.0;21.0;503.0;32.0;0.0;32.0;829.0;80.0;294.0;4;4;5;4;5;5;4;0;0;1;0;0;0;0;0;0;0;0;0;0;1;0;0;0.0;0.0;0.0;0.0;0.0;0.0;0.0;0.0;0.0;0.0;0.0;0.0;0.0;0.0;0.0;0.0;0.0;0.0;0.0;1.0;0.0;0.0;0.0;0.0;0.0;0.0;0.0;0.0;0.0;0.0;0.0;0.0;0.0;0.0;0.0;2.0;0.0;1.0;1.0;2.0;0.0;0;0;0;0;IRATI;REGIÃO CENTRAL;95
5704.0;2023-01-31;11.0;16.0;21.0;24.0;664.0;30.0;7.0;11.0;19.0;501.0;30.0;0.0;30.0;826.0;40.0;202.0;5;4;4;5;4;4;5;0;0;0;0;1;0;0;0;0;0;0;0;0;0;1;0;0.0;0.0;0.0;0.0;0.0;0.0;0.0;0.0;0.0;0.0;0.0;0.0;0.0;0.0;0.0;0.0;0.0;0.0;0.0;1.0;0.0;0.0;0.0;0.0;0.0;0.0;0.0;0.0;0.0;0.0;0.0;0.0;0.0;0.0;0.0;2.0;0.0;1.0;1.0;2.0;0.0;31;0;0;0;IRATI;REGIÃO CENTRAL;96
8316.0;2023-02-28;12.0;14.0;21.0;24.0;596.0;30.0;8.0;12.0;19.0;471.0;30.0;0.0;30.0;721.0;32.0;213.0;4;4;4;4;4;4;4;0;0;0;1;0;0;0;0;0;0;0;0;0;0;1;0;0.0;0.0;0.0;0.0;0.0;0.0;0.0;0.0;0.0;0.0;0.0;0.0;0.0;0.0;0.0;0.0;0.0;0.0;0.0;1.0;0.0;0.0;0.0;0.0;0.0;0.0;0.0;0.0;0.0;0.0;0.0;0.0;0.0;0.0;0.0;2.0;0.0;1.0;1.0;2.0;0.0;0;3;0;0;IRATI;REGIÃO CENTRAL;97
11284.0;2023-03-31;14.0;20.0;22.0;24.0;679.0;30.0;3.0;14.0;19.0;512.0;30.0;0.0;30.0;846.0;20.0;104.0;4;5;5;4;5;4;4;0;0;0;0;0;0;0;0;1;0;0;0;0;0;1;0;0.0;0.0;0.0;0.0;0.0;0.0;0.0;0.0;0.0;0.0;0.0;0.0;0.0;0.0;0.0;0.0;0.0;0.0;0.0;1.0;0.0;0.0;0.0;0.0;0.0;0.0;0.0;0.0;0.0;0.0;0.0;0.0;0.0;0.0;0.0;2.0;0.0;1.0;1.0;2.0;0.0;0;0;0;0;IRATI;REGIÃO CENTRAL;98
8970.0;2023-04-30;7.0;13.0;18.0;22.0;553.0;28.0;4.0;7.0;17.0;392.0;28.0;0.0;28.0;714.0;46.0;109.0;5;4;4;4;4;5;4;1;0;0;0;0;0;0;0;0;0;0;0;0;0;1;0;0.0;0.0;0.0;0.0;0.0;0.0;0.0;0.0;0.0;0.0;0.0;0.0;0.0;0.0;0.0;0.0;0.0;0.0;0.0;1.0;0.0;0.0;0.0;0.0;0.0;0.0;0.0;0.0;0.0;0.0;0.0;0.0;0.0;0.0;0.0;2.0;0.0;1.0;1.0;2.0;0.0;0;1;0;0;IRATI;REGIÃO CENTRAL;99
9982.0;2023-05-31;4.0;12.0;16.0;22.0;503.0;27.0;2.0;4.0;17.0;326.0;27.0;0.0;27.0;679.0;19.0;76.0;4;5;4;5;4;4;5;0;0;0;0;0;0;0;1;0;0;0;0;0;0;1;0;0.0;0.0;0.0;0.0;0.0;0.0;0.0;0.0;0.0;0.0;0.0;0.0;0.0;0.0;0.0;0.0;0.0;0.0;0.0;1.0;0.0;0.0;0.0;0.0;0.0;0.0;0.0;0.0;0.0;0.0;0.0;0.0;0.0;0.0;0.0;2.0;0.0;1.0;1.0;2.0;0.0;0;0;0;0;IRATI;REGIÃO CENTRAL;100
10830.0;2023-06-30;2.0;9.0;14.0;20.0;424.0;25.0;4.0;2.0;14.0;253.0;25.0;0.0;25.0;594.0;37.0;114.0;4;4;5;4;5;4;4;0;0;0;0;0;0;1;0;0;0;0;0;0;0;1;0;0.0;0.0;0.0;0.0;0.0;0.0;0.0;0.0;0.0;0.0;0.0;0.0;0.0;0.0;0.0;0.0;0.0;0.0;0.0;1.0;0.0;0.0;0.0;0.0;0.0;0.0;0.0;0.0;0.0;0.0;0.0;0.0;0.0;0.0;0.0;2.0;0.0;1.0;1.0;2.0;0.0;0;1;0;0;IRATI;REGIÃO CENTRAL;101
7719.0;2023-07-31;4.0;9.0;15.0;20.0;458.0;25.0;8.0;4.0;15.0;315.0;25.0;0.0;25.0;600.0;141.0;254.0;5;4;4;5;4;5;4;0;0;0;0;0;1;0;0;0;0;0;0;0;0;1;0;0.0;0.0;0.0;0.0;0.0;0.0;0.0;0.0;0.0;0.0;0.0;0.0;0.0;0.0;0.0;0.0;0.0;0.0;0.0;1.0;0.0;0.0;0.0;0.0;0.0;0.0;0.0;0.0;0.0;0.0;0.0;0.0;0.0;0.0;0.0;2.0;0.0;1.0;1.0;2.0;0.0;15;0;0;0;IRATI;REGIÃO CENTRAL;102
10509.0;2023-08-31;2.0;10.0;16.0;24.0;491.0;30.0;3.0;2.0;18.0;319.0;30.0;0.0;30.0;663.0;42.0;100.0;4;5;5;4;4;4;5;0;1;0;0;0;0;0;0;0;0;0;0;0;0;1;0;0.0;0.0;0.0;0.0;0.0;0.0;0.0;0.0;0.0;0.0;0.0;0.0;0.0;0.0;0.0;0.0;0.0;0.0;0.0;1.0;0.0;0.0;0.0;0.0;0.0;0.0;0.0;0.0;0.0;0.0;0.0;0.0;0.0;0.0;0.0;2.0;0.0;1.0;1.0;2.0;0.0;0;0;0;0;IRATI;REGIÃO CENTRAL;103
10620.0;2023-09-30;4.0;13.0;19.0;26.0;585.0;33.0;7.0;4.0;20.0;418.0;33.0;0.0;33.0;751.0;64.0;195.0;4;4;4;4;5;5;4;0;0;0;0;0;0;0;0;0;0;0;1;0;0;1;0;0.0;0.0;0.0;0.0;0.0;0.0;0.0;0.0;0.0;0.0;0.0;0.0;0.0;0.0;0.0;0.0;0.0;0.0;0.0;1.0;0.0;0.0;0.0;0.0;0.0;0.0;0.0;0.0;0.0;0.0;0.0;0.0;0.0;0.0;0.0;2.0;0.0;1.0;1.0;2.0;0.0;0;0;0;0;IRATI;REGIÃO CENTRAL;104
10354.0;2023-10-31;11.0;13.0;19.0;24.0;598.0;30.0;20.0;11.0;20.0;469.0;30.0;0.0;30.0;728.0;90.0;626.0;5;4;4;5;4;4;5;0;0;0;0;0;0;0;0;0;0;1;0;0;0;1;0;0.0;0.0;0.0;0.0;0.0;0.0;0.0;0.0;0.0;0.0;0.0;0.0;0.0;0.0;0.0;0.0;0.0;0.0;0.0;1.0;0.0;0.0;0.0;0.0;0.0;0.0;0.0;0.0;0.0;0.0;0.0;0.0;0.0;0.0;0.0;2.0;0.0;1.0;1.0;2.0;0.0;0;0;0;0;IRATI;REGIÃO CENTRAL;105
10650.0;2023-11-30;6.0;15.0;21.0;27.0;633.0;34.0;6.0;6.0;22.0;485.0;34.0;0.0;34.0;781.0;48.0;181.0;4;5;5;4;4;4;4;0;0;0;0;0;0;0;0;0;1;0;0;0;0;1;0;0.0;0.0;0.0;0.0;0.0;0.0;0.0;0.0;0.0;0.0;0.0;0.0;0.0;0.0;0.0;0.0;0.0;0.0;0.0;1.0;0.0;0.0;0.0;0.0;0.0;0.0;0.0;0.0;0.0;0.0;0.0;0.0;0.0;0.0;0.0;2.0;0.0;1.0;1.0;2.0;0.0;0;0;0;0;IRATI;REGIÃO CENTRAL;106
9951.0;2023-12-31;15.0;17.0;23.0;27.0;725.0;34.0;6.0;15.0;21.0;545.0;34.0;0.0;34.0;906.0;82.0;186.0;5;4;4;4;5;5;4;0;0;1;0;0;0;0;0;0;0;0;0;0;0;1;0;0.0;0.0;0.0;0.0;0.0;0.0;0.0;0.0;0.0;0.0;0.0;0.0;0.0;0.0;0.0;0.0;0.0;0.0;0.0;1.0;0.0;0.0;0.0;0.0;0.0;0.0;0.0;0.0;0.0;0.0;0.0;0.0;0.0;0.0;0.0;2.0;0.0;1.0;1.0;2.0;0.0;0;0;0;0;IRATI;REGIÃO CENTRAL;107
6789.0;2024-01-31;12.0;17.0;23.0;27.0;698.0;35.0;6.0;12.0;21.0;535.0;35.0;0.0;35.0;860.0;50.0;172.0;4;5;4;5;4;4;5;0;0;0;0;1;0;0;0;0;0;0;0;0;0;0;1;0.0;0.0;0.0;0.0;0.0;0.0;0.0;0.0;0.0;0.0;0.0;0.0;0.0;0.0;0.0;0.0;0.0;0.0;0.0;1.0;0.0;0.0;0.0;0.0;0.0;0.0;0.0;0.0;0.0;0.0;0.0;0.0;0.0;0.0;0.0;2.0;0.0;1.0;1.0;2.0;0.0;31;0;0;0;IRATI;REGIÃO CENTRAL;108
12122.0;2024-02-29;15.0;18.0;23.0;26.0;673.0;33.0;6.0;15.0;20.0;518.0;33.0;0.0;33.0;827.0;33.0;166.0;4;4;5;4;4;4;4;0;0;0;1;0;0;0;0;0;0;0;0;0;0;0;1;0.0;0.0;0.0;0.0;0.0;0.0;0.0;0.0;0.0;0.0;0.0;0.0;0.0;0.0;0.0;0.0;0.0;0.0;0.0;1.0;0.0;0.0;0.0;0.0;0.0;0.0;0.0;0.0;0.0;0.0;0.0;0.0;0.0;0.0;0.0;2.0;0.0;1.0;1.0;2.0;0.0;0;3;0;0;IRATI;REGIÃO CENTRAL;109
13640.0;2024-03-31;14.0;16.0;23.0;26.0;703.0;34.0;4.0;14.0;21.0;541.0;34.0;0.0;34.0;866.0;33.0;109.0;5;4;4;4;5;5;4;0;0;0;0;0;0;0;0;1;0;0;0;0;0;0;1;0.0;0.0;0.0;0.0;0.0;0.0;0.0;0.0;0.0;0.0;0.0;0.0;0.0;0.0;0.0;0.0;0.0;0.0;0.0;1.0;0.0;0.0;0.0;0.0;0.0;0.0;0.0;0.0;0.0;0.0;0.0;0.0;0.0;0.0;0.0;2.0;0.0;1.0;1.0;2.0;0.0;0;1;0;0;IRATI;REGIÃO CENTRAL;110
12150.0;2024-04-30;7.0;15.0;21.0;25.0;623.0;31.0;4.0;7.0;20.0;474.0;31.0;0.0;31.0;771.0;43.0;125.0;4;4;4;5;4;4;5;1;0;0;0;0;0;0;0;0;0;0;0;0;0;0;1;0.0;0.0;0.0;0.0;0.0;0.0;0.0;0.0;0.0;0.0;0.0;0.0;0.0;0.0;0.0;0.0;0.0;0.0;0.0;1.0;0.0;0.0;0.0;0.0;0.0;0.0;0.0;0.0;0.0;0.0;0.0;0.0;0.0;0.0;0.0;2.0;0.0;1.0;1.0;2.0;0.0;0;0;0;0;IRATI;REGIÃO CENTRAL;111
6386.0;2024-05-31;3.0;10.0;18.0;24.0;565.0;29.0;3.0;3.0;19.0;416.0;29.0;0.0;29.0;713.0;35.0;82.0;4;5;5;4;5;4;4;0;0;0;0;0;0;0;1;0;0;0;0;0;0;0;1;0.0;0.0;0.0;0.0;0.0;0.0;0.0;0.0;0.0;0.0;0.0;0.0;0.0;0.0;0.0;0.0;0.0;0.0;0.0;1.0;0.0;0.0;0.0;0.0;0.0;0.0;0.0;0.0;0.0;0.0;0.0;0.0;0.0;0.0;0.0;2.0;0.0;1.0;1.0;2.0;0.0;0;1;0;30;IRATI;REGIÃO CENTRAL;112
5670.0;2024-06-30;-0.0;8.0;17.0;20.0;509.0;27.0;1.0;-0.0;17.0;333.0;27.0;0.0;27.0;684.0;9.0;16.0;5;4;4;4;4;5;4;0;0;0;0;0;0;1;0;0;0;0;0;0;0;0;1;0.0;0.0;0.0;0.0;0.0;0.0;0.0;0.0;0.0;0.0;0.0;0.0;0.0;0.0;0.0;0.0;0.0;0.0;0.0;1.0;0.0;0.0;0.0;0.0;0.0;0.0;0.0;0.0;0.0;0.0;0.0;0.0;0.0;0.0;0.0;2.0;0.0;1.0;1.0;2.0;0.0;0;0;0;30;IRATI;REGIÃO CENTRAL;113
10540.0;2024-07-31;1.0;10.0;14.0;19.0;432.0;26.0;5.0;1.0;13.0;271.0;26.0;0.0;26.0;593.0;26.0;146.0;4;5;4;5;4;4;5;0;0;0;0;0;1;0;0;0;0;0;0;0;0;0;1;0.0;0.0;0.0;0.0;0.0;0.0;0.0;0.0;0.0;0.0;0.0;0.0;0.0;0.0;0.0;0.0;0.0;0.0;0.0;1.0;0.0;0.0;0.0;0.0;0.0;0.0;0.0;0.0;0.0;0.0;0.0;0.0;0.0;0.0;0.0;2.0;0.0;1.0;1.0;2.0;0.0;12;0;0;0;IRATI;REGIÃO CENTRAL;114
11811.0;2024-08-31;-2.0;7.0;16.0;21.0;483.0;31.0;1.0;-2.0;15.0;247.0;31.0;0.0;31.0;718.0;9.0;29.0;4;4;5;4;5;5;4;0;1;0;0;0;0;0;0;0;0;0;0;0;0;0;1;0.0;0.0;0.0;0.0;0.0;0.0;0.0;0.0;0.0;0.0;0.0;0.0;0.0;0.0;0.0;0.0;0.0;0.0;0.0;1.0;0.0;0.0;0.0;0.0;0.0;0.0;0.0;0.0;0.0;0.0;0.0;0.0;0.0;0.0;0.0;2.0;0.0;1.0;1.0;2.0;0.0;0;0;0;0;IRATI;REGIÃO CENTRAL;115
11940.0;2024-09-30;10.0;13.0;20.0;24.0;605.0;34.0;2.0;10.0;17.0;392.0;34.0;0.0;34.0;818.0;19.0;56.0;5;4;4;5;4;4;4;0;0;0;0;0;0;0;0;0;0;0;1;0;0;0;1;0.0;0.0;0.0;0.0;0.0;0.0;0.0;0.0;0.0;0.0;0.0;0.0;0.0;0.0;0.0;0.0;0.0;0.0;0.0;1.0;0.0;0.0;0.0;0.0;0.0;0.0;0.0;0.0;0.0;0.0;0.0;0.0;0.0;0.0;0.0;2.0;0.0;1.0;1.0;2.0;0.0;0;0;0;0;IRATI;REGIÃO CENTRAL;116
12648.0;2024-10-31;11.0;14.0;20.0;26.0;616.0;33.0;4.0;11.0;20.0;463.0;33.0;0.0;33.0;769.0;46.0;132.0;4;5;5;4;4;4;5;0;0;0;0;0;0;0;0;0;0;1;0;0;0;0;1;0.0;0.0;0.0;0.0;0.0;0.0;0.0;0.0;0.0;0.0;0.0;0.0;0.0;0.0;0.0;0.0;0.0;0.0;0.0;1.0;0.0;0.0;0.0;0.0;0.0;0.0;0.0;0.0;0.0;0.0;0.0;0.0;0.0;0.0;0.0;2.0;0.0;1.0;1.0;2.0;0.0;0;0;0;0;IRATI;REGIÃO CENTRAL;117
8132.0;2015-02-28;18.0;22.0;25.0;28.0;709.0;33.0;5.0;18.0;23.0;578.0;33.0;0.0;33.0;839.0;56.0;145.0;4;4;4;4;4;4;4;0;0;0;1;0;0;0;0;0;0;0;0;0;0;0;0;1.0;0.0;0.0;0.0;0.0;0.0;0.0;0.0;0.0;0.0;0.0;0.0;0.0;0.0;0.0;0.0;0.0;0.0;0.0;0.0;1.0;0.0;0.0;0.0;0.0;0.0;0.0;0.0;0.0;0.0;0.0;0.0;0.0;0.0;1.0;2.7142857142857144;1.0;0.0;0.0;0.7142857142857143;0.0;0;3;0;0;IVAIPORÃ;REGIÃO CENTRAL;1
11962.0;2015-03-31;16.0;23.0;25.0;26.0;760.0;32.0;2.0;16.0;22.0;607.0;32.0;0.0;32.0;913.0;14.0;56.0;5;4;4;5;4;4;5;0;0;0;0;0;0;0;0;1;0;0;0;0;0;0;0;1.0;0.0;0.0;0.0;0.0;0.0;0.0;0.0;0.0;0.0;0.0;0.0;0.0;0.0;0.0;0.0;0.0;0.0;0.0;0.0;1.0;0.0;0.0;0.0;0.0;0.0;0.0;0.0;0.0;0.0;0.0;0.0;0.0;0.0;1.0;3.0;1.0;0.0;0.0;1.0;0.0;0;0;0;0;IVAIPORÃ;REGIÃO CENTRAL;2
12012.0;2015-04-30;13.0;20.0;23.0;26.0;681.0;31.0;2.0;13.0;22.0;524.0;31.0;0.0;31.0;837.0;31.0;68.0;4;5;5;4;4;4;4;1;0;0;0;0;0;0;0;0;0;0;0;0;0;0;0;1.0;0.0;0.0;0.0;0.0;0.0;0.0;0.0;0.0;0.0;0.0;0.0;0.0;0.0;0.0;0.0;0.0;0.0;0.0;0.0;1.0;0.0;0.0;0.0;0.0;0.0;0.0;0.0;0.0;0.0;0.0;0.0;0.0;0.0;1.0;3.0;1.0;0.0;0.0;1.0;0.0;0;1;0;0;IVAIPORÃ;REGIÃO CENTRAL;3
11677.0;2015-05-31;9.0;12.0;19.0;23.0;588.0;27.0;6.0;9.0;21.0;467.0;27.0;0.0;27.0;709.0;54.0;185.0;5;4;4;4;5;5;4;0;0;0;0;0;0;0;1;0;0;0;0;0;0;0;0;1.0;0.0;0.0;0.0;0.0;0.0;0.0;0.0;0.0;0.0;0.0;0.0;0.0;0.0;0.0;0.0;0.0;0.0;0.0;0.0;1.0;0.0;0.0;0.0;0.0;0.0;0.0;0.0;0.0;0.0;0.0;0.0;0.0;0.0;1.0;3.0;1.0;0.0;0.0;1.0;0.0;0;0;0;0;IVAIPORÃ;REGIÃO CENTRAL;4
10354.0;2015-06-30;5.0;12.0;18.0;22.0;541.0;27.0;0.0;5.0;18.0;398.0;27.0;0.0;27.0;685.0;11.0;15.0;4;4;4;5;4;4;5;0;0;0;0;0;0;1;0;0;0;0;0;0;0;0;0;1.0;0.0;0.0;0.0;0.0;0.0;0.0;0.0;0.0;0.0;0.0;0.0;0.0;0.0;0.0;0.0;0.0;0.0;0.0;0.0;1.0;0.0;0.0;0.0;0.0;0.0;0.0;0.0;0.0;0.0;0.0;0.0;0.0;0.0;1.0;3.0;1.0;0.0;0.0;1.0;0.0;0;1;0;0;IVAIPORÃ;REGIÃO CENTRAL;5
7646.0;2015-07-31;8.0;12.0;18.0;22.0;554.0;28.0;23.0;8.0;18.0;431.0;28.0;0.0;28.0;678.0;160.0;727.0;4;5;5;4;5;4;4;0;0;0;0;0;1;0;0;0;0;0;0;0;0;0;0;1.0;0.0;0.0;0.0;0.0;0.0;0.0;0.0;0.0;0.0;0.0;0.0;0.0;0.0;0.0;0.0;0.0;0.0;0.0;0.0;1.0;0.0;0.0;0.0;0.0;0.0;0.0;0.0;0.0;0.0;0.0;0.0;0.0;0.0;1.0;3.0;1.0;0.0;0.0;1.0;0.0;15;0;0;3;IVAIPORÃ;REGIÃO CENTRAL;6
7527.0;2015-08-31;11.0;17.0;21.0;24.0;644.0;33.0;3.0;11.0;17.0;454.0;33.0;0.0;33.0;834.0;34.0;86.0;5;4;4;5;4;5;4;0;1;0;0;0;0;0;0;0;0;0;0;0;0;0;0;1.0;0.0;0.0;0.0;0.0;0.0;0.0;0.0;0.0;0.0;0.0;0.0;0.0;0.0;0.0;0.0;0.0;0.0;0.0;0.0;1.0;0.0;0.0;0.0;0.0;0.0;0.0;0.0;0.0;0.0;0.0;0.0;0.0;0.0;1.0;3.0;1.0;0.0;0.0;1.0;0.0;0;0;0;31;IVAIPORÃ;REGIÃO CENTRAL;7
7598.0;2015-09-30;7.0;15.0;22.0;28.0;671.0;36.0;14.0;7.0;23.0;511.0;36.0;0.0;36.0;830.0;226.0;426.0;4;5;4;4;4;4;5;0;0;0;0;0;0;0;0;0;0;0;1;0;0;0;0;1.0;0.0;0.0;0.0;0.0;0.0;0.0;0.0;0.0;0.0;0.0;0.0;0.0;0.0;0.0;0.0;0.0;0.0;0.0;0.0;1.0;0.0;0.0;0.0;0.0;0.0;0.0;0.0;0.0;0.0;0.0;0.0;0.0;0.0;1.0;3.0;1.0;0.0;0.0;1.0;0.0;0;0;0;30;IVAIPORÃ;REGIÃO CENTRAL;8
9788.0;2015-10-31;15.0;19.0;24.0;31.0;756.0;35.0;13.0;15.0;26.0;603.0;35.0;0.0;35.0;909.0;149.0;390.0;4;4;5;4;5;5;4;0;0;0;0;0;0;0;0;0;0;1;0;0;0;0;0;1.0;0.0;0.0;0.0;0.0;0.0;0.0;0.0;0.0;0.0;0.0;0.0;0.0;0.0;0.0;0.0;0.0;0.0;0.0;0.0;1.0;0.0;0.0;0.0;0.0;0.0;0.0;0.0;0.0;0.0;0.0;0.0;0.0;0.0;1.0;3.0;1.0;0.0;0.0;1.0;0.0;0;0;0;7;IVAIPORÃ;REGIÃO CENTRAL;9
9684.0;2015-11-30;17.0;21.0;24.0;28.0;727.0;34.0;17.0;17.0;23.0;609.0;34.0;0.0;34.0;844.0;114.0;501.0;5;4;4;5;4;4;4;0;0;0;0;0;0;0;0;0;1;0;0;0;0;0;0;1.0;0.0;0.0;0.0;0.0;0.0;0.0;0.0;0.0;0.0;0.0;0.0;0.0;0.0;0.0;0.0;0.0;0.0;0.0;0.0;1.0;0.0;0.0;0.0;0.0;0.0;0.0;0.0;0.0;0.0;0.0;0.0;0.0;0.0;1.0;3.0;1.0;0.0;0.0;1.0;0.0;0;0;0;0;IVAIPORÃ;REGIÃO CENTRAL;10
9404.0;2015-12-31;18.0;22.0;25.0;28.0;783.0;33.0;6.0;18.0;24.0;657.0;33.0;0.0;33.0;910.0;39.0;181.0;4;5;5;4;4;4;5;0;0;1;0;0;0;0;0;0;0;0;0;0;0;0;0;1.0;0.0;0.0;0.0;0.0;0.0;0.0;0.0;0.0;0.0;0.0;0.0;0.0;0.0;0.0;0.0;0.0;0.0;0.0;0.0;1.0;0.0;0.0;0.0;0.0;0.0;0.0;0.0;0.0;0.0;0.0;0.0;0.0;0.0;1.0;3.0;1.0;0.0;0.0;1.0;0.0;0;0;0;0;IVAIPORÃ;REGIÃO CENTRAL;11
7912.0;2016-01-31;17.0;24.0;26.0;29.0;799.0;34.0;4.0;17.0;24.0;647.0;34.0;0.0;34.0;950.0;20.0;134.0;5;4;4;4;5;5;4;0;0;0;0;1;0;0;0;0;0;0;0;0;0;0;0;0.0;1.0;0.0;0.0;0.0;0.0;0.0;0.0;0.0;0.0;0.0;0.0;0.0;0.0;0.0;0.0;0.0;0.0;0.0;0.0;1.0;0.0;0.0;0.0;0.0;0.0;0.0;0.0;0.0;0.0;0.0;0.0;0.0;0.0;1.0;3.0;1.0;0.0;0.0;1.0;0.0;31;0;0;0;IVAIPORÃ;REGIÃO CENTRAL;12
10251.0;2016-02-29;21.0;23.0;26.0;29.0;767.0;33.0;7.0;21.0;25.0;647.0;33.0;0.0;33.0;887.0;36.0;196.0;4;4;4;5;4;4;4;0;0;0;1;0;0;0;0;0;0;0;0;0;0;0;0;0.0;1.0;0.0;0.0;0.0;0.0;0.0;0.0;0.0;0.0;0.0;0.0;0.0;0.0;0.0;0.0;0.0;0.0;0.0;0.0;1.0;0.0;0.0;0.0;0.0;0.0;0.0;0.0;0.0;0.0;0.0;0.0;0.0;0.0;1.0;3.0;1.0;0.0;0.0;1.0;0.0;0;3;0;0;IVAIPORÃ;REGIÃO CENTRAL;13
12641.0;2016-03-31;15.0;21.0;24.0;28.0;755.0;34.0;3.0;15.0;22.0;599.0;34.0;0.0;34.0;910.0;22.0;85.0;4;5;5;4;4;4;5;0;0;0;0;0;0;0;0;1;0;0;0;0;0;0;0;0.0;1.0;0.0;0.0;0.0;0.0;0.0;0.0;0.0;0.0;0.0;0.0;0.0;0.0;0.0;0.0;0.0;0.0;0.0;0.0;1.0;0.0;0.0;0.0;0.0;0.0;0.0;0.0;0.0;0.0;0.0;0.0;0.0;0.0;1.0;3.0;1.0;0.0;0.0;1.0;0.0;0;1;0;0;IVAIPORÃ;REGIÃO CENTRAL;14
12498.0;2016-04-30;5.0;11.0;24.0;29.0;734.0;34.0;4.0;5.0;24.0;575.0;34.0;0.0;34.0;894.0;89.0;116.0;4;4;4;4;5;5;4;1;0;0;0;0;0;0;0;0;0;0;0;0;0;0;0;0.0;1.0;0.0;0.0;0.0;0.0;0.0;0.0;0.0;0.0;0.0;0.0;0.0;0.0;0.0;0.0;0.0;0.0;0.0;0.0;1.0;0.0;0.0;0.0;0.0;0.0;0.0;0.0;0.0;0.0;0.0;0.0;0.0;0.0;1.0;3.0;1.0;0.0;0.0;1.0;0.0;0;0;0;0;IVAIPORÃ;REGIÃO CENTRAL;15
12028.0;2016-05-31;8.0;13.0;18.0;22.0;550.0;27.0;11.0;8.0;18.0;441.0;27.0;0.0;27.0;658.0;106.0;335.0;5;4;4;5;4;4;5;0;0;0;0;0;0;0;1;0;0;0;0;0;0;0;0;0.0;1.0;0.0;0.0;0.0;0.0;0.0;0.0;0.0;0.0;0.0;0.0;0.0;0.0;0.0;0.0;0.0;0.0;0.0;0.0;1.0;0.0;0.0;0.0;0.0;0.0;0.0;0.0;0.0;0.0;0.0;0.0;0.0;0.0;1.0;3.0;1.0;0.0;0.0;1.0;0.0;0;1;0;0;IVAIPORÃ;REGIÃO CENTRAL;16
11776.0;2016-06-30;2.0;10.0;15.0;20.0;463.0;25.0;4.0;2.0;17.0;322.0;25.0;0.0;25.0;604.0;42.0;118.0;4;5;5;4;4;4;4;0;0;0;0;0;0;1;0;0;0;0;0;0;0;0;0;0.0;1.0;0.0;0.0;0.0;0.0;0.0;0.0;0.0;0.0;0.0;0.0;0.0;0.0;0.0;0.0;0.0;0.0;0.0;0.0;1.0;0.0;0.0;0.0;0.0;0.0;0.0;0.0;0.0;0.0;0.0;0.0;0.0;0.0;1.0;3.0;1.0;0.0;0.0;1.0;0.0;0;0;0;0;IVAIPORÃ;REGIÃO CENTRAL;17
9225.0;2016-07-31;5.0;12.0;18.0;22.0;558.0;29.0;3.0;5.0;19.0;387.0;29.0;0.0;29.0;729.0;65.0;89.0;5;4;4;4;5;5;4;0;0;0;0;0;1;0;0;0;0;0;0;0;0;0;0;0.0;1.0;0.0;0.0;0.0;0.0;0.0;0.0;0.0;0.0;0.0;0.0;0.0;0.0;0.0;0.0;0.0;0.0;0.0;0.0;1.0;0.0;0.0;0.0;0.0;0.0;0.0;0.0;0.0;0.0;0.0;0.0;0.0;0.0;1.0;3.0;1.0;0.0;0.0;1.0;0.0;14;0;0;0;IVAIPORÃ;REGIÃO CENTRAL;18
13052.0;2016-08-31;7.0;13.0;19.0;24.0;590.0;32.0;12.0;7.0;19.0;443.0;32.0;0.0;32.0;736.0;84.0;363.0;4;5;4;5;4;4;5;0;1;0;0;0;0;0;0;0;0;0;0;0;0;0;0;0.0;1.0;0.0;0.0;0.0;0.0;0.0;0.0;0.0;0.0;0.0;0.0;0.0;0.0;0.0;0.0;0.0;0.0;0.0;0.0;1.0;0.0;0.0;0.0;0.0;0.0;0.0;0.0;0.0;0.0;0.0;0.0;0.0;0.0;1.0;3.0;1.0;0.0;0.0;1.0;0.0;0;0;0;0;IVAIPORÃ;REGIÃO CENTRAL;19
11416.0;2016-09-30;7.0;14.0;20.0;26.0;607.0;32.0;3.0;7.0;20.0;415.0;32.0;0.0;32.0;800.0;34.0;89.0;4;4;5;4;5;4;4;0;0;0;0;0;0;0;0;0;0;0;1;0;0;0;0;0.0;1.0;0.0;0.0;0.0;0.0;0.0;0.0;0.0;0.0;0.0;0.0;0.0;0.0;0.0;0.0;0.0;0.0;0.0;0.0;1.0;0.0;0.0;0.0;0.0;0.0;0.0;0.0;0.0;0.0;0.0;0.0;0.0;0.0;1.0;3.0;1.0;0.0;0.0;1.0;0.0;0;0;0;0;IVAIPORÃ;REGIÃO CENTRAL;20
11861.0;2016-10-31;11.0;18.0;23.0;30.0;717.0;37.0;13.0;11.0;24.0;533.0;37.0;0.0;37.0;901.0;99.0;416.0;5;4;4;5;4;5;4;0;0;0;0;0;0;0;0;0;0;1;0;0;0;0;0;0.0;1.0;0.0;0.0;0.0;0.0;0.0;0.0;0.0;0.0;0.0;0.0;0.0;0.0;0.0;0.0;0.0;0.0;0.0;0.0;1.0;0.0;0.0;0.0;0.0;0.0;0.0;0.0;0.0;0.0;0.0;0.0;0.0;0.0;1.0;3.0;1.0;0.0;0.0;1.0;0.0;0;0;0;0;IVAIPORÃ;REGIÃO CENTRAL;21
12386.0;2016-11-30;13.0;20.0;25.0;29.0;741.0;33.0;2.0;13.0;25.0;587.0;33.0;0.0;33.0;895.0;15.0;56.0;4;5;4;4;4;4;5;0;0;0;0;0;0;0;0;0;1;0;0;0;0;0;0;0.0;1.0;0.0;0.0;0.0;0.0;0.0;0.0;0.0;0.0;0.0;0.0;0.0;0.0;0.0;0.0;0.0;0.0;0.0;0.0;1.0;0.0;0.0;0.0;0.0;0.0;0.0;0.0;0.0;0.0;0.0;0.0;0.0;0.0;1.0;3.0;1.0;0.0;0.0;1.0;0.0;0;0;0;0;IVAIPORÃ;REGIÃO CENTRAL;22
10313.0;2016-12-31;15.0;20.0;25.0;29.0;784.0;35.0;5.0;15.0;25.0;646.0;35.0;0.0;35.0;923.0;34.0;150.0;4;4;5;4;5;5;4;0;0;1;0;0;0;0;0;0;0;0;0;0;0;0;0;0.0;1.0;0.0;0.0;0.0;0.0;0.0;0.0;0.0;0.0;0.0;0.0;0.0;0.0;0.0;0.0;0.0;0.0;0.0;0.0;1.0;0.0;0.0;0.0;0.0;0.0;0.0;0.0;0.0;0.0;0.0;0.0;0.0;0.0;1.0;3.0;1.0;0.0;0.0;1.0;0.0;0;0;0;0;IVAIPORÃ;REGIÃO CENTRAL;23
8629.0;2017-01-31;18.0;23.0;26.0;30.0;814.0;35.0;4.0;18.0;26.0;676.0;35.0;0.0;35.0;952.0;36.0;113.0;5;4;4;5;4;4;5;0;0;0;0;1;0;0;0;0;0;0;0;0;0;0;0;0.0;0.0;1.0;0.0;0.0;0.0;0.0;0.0;0.0;0.0;0.0;0.0;0.0;0.0;0.0;0.0;0.0;0.0;0.0;0.0;1.0;0.0;0.0;0.0;0.0;0.0;0.0;0.0;0.0;0.0;0.0;0.0;0.0;0.0;1.0;3.0;1.0;0.0;0.0;1.0;0.0;31;0;0;0;IVAIPORÃ;REGIÃO CENTRAL;24
11210.0;2017-02-28;20.0;24.0;27.0;30.0;751.0;35.0;4.0;20.0;24.0;614.0;35.0;0.0;35.0;889.0;31.0;125.0;4;4;4;4;4;4;4;0;0;0;1;0;0;0;0;0;0;0;0;0;0;0;0;0.0;0.0;1.0;0.0;0.0;0.0;0.0;0.0;0.0;0.0;0.0;0.0;0.0;0.0;0.0;0.0;0.0;0.0;0.0;0.0;1.0;0.0;0.0;0.0;0.0;0.0;0.0;0.0;0.0;0.0;0.0;0.0;0.0;0.0;1.0;3.0;1.0;0.0;0.0;1.8214285714285714;0.0;0;2;0;0;IVAIPORÃ;REGIÃO CENTRAL;25
14798.0;2017-03-31;15.0;21.0;25.0;28.0;760.0;33.0;3.0;15.0;23.0;618.0;33.0;0.0;33.0;901.0;24.0;95.0;4;5;5;4;5;4;4;0;0;0;0;0;0;0;0;1;0;0;0;0;0;0;0;0.0;0.0;1.0;0.0;0.0;0.0;0.0;0.0;0.0;0.0;0.0;0.0;0.0;0.0;0.0;0.0;0.0;0.0;0.0;0.0;1.0;0.0;0.0;0.0;0.0;0.0;0.0;0.0;0.0;0.0;0.0;0.0;0.0;0.0;1.0;3.0;1.0;0.0;0.0;2.0;0.0;0;1;0;0;IVAIPORÃ;REGIÃO CENTRAL;26
12360.0;2017-04-30;8.0;16.0;22.0;26.0;655.0;30.0;6.0;8.0;22.0;519.0;30.0;0.0;30.0;791.0;42.0;193.0;5;4;4;4;4;5;4;1;0;0;0;0;0;0;0;0;0;0;0;0;0;0;0;0.0;0.0;1.0;0.0;0.0;0.0;0.0;0.0;0.0;0.0;0.0;0.0;0.0;0.0;0.0;0.0;0.0;0.0;0.0;0.0;1.0;0.0;0.0;0.0;0.0;0.0;0.0;0.0;0.0;0.0;0.0;0.0;0.0;0.0;1.0;3.0;1.0;0.0;0.0;2.0;0.0;0;1;0;0;IVAIPORÃ;REGIÃO CENTRAL;27
14734.0;2017-05-31;15.0;17.0;20.0;24.0;631.0;29.0;5.0;15.0;21.0;518.0;29.0;0.0;29.0;743.0;71.0;157.0;4;5;4;5;4;4;5;0;0;0;0;0;0;0;1;0;0;0;0;0;0;0;0;0.0;0.0;1.0;0.0;0.0;0.0;0.0;0.0;0.0;0.0;0.0;0.0;0.0;0.0;0.0;0.0;0.0;0.0;0.0;0.0;1.0;0.0;0.0;0.0;0.0;0.0;0.0;0.0;0.0;0.0;0.0;0.0;0.0;0.0;1.0;3.0;1.0;0.0;0.0;2.0;0.0;0;0;0;0;IVAIPORÃ;REGIÃO CENTRAL;28
12860.0;2017-06-30;4.0;12.0;18.0;23.0;545.0;28.0;6.0;4.0;20.0;398.0;28.0;0.0;28.0;691.0;131.0;190.0;4;4;5;4;5;4;4;0;0;0;0;0;0;1;0;0;0;0;0;0;0;0;0;0.0;0.0;1.0;0.0;0.0;0.0;0.0;0.0;0.0;0.0;0.0;0.0;0.0;0.0;0.0;0.0;0.0;0.0;0.0;0.0;1.0;0.0;0.0;0.0;0.0;0.0;0.0;0.0;0.0;0.0;0.0;0.0;0.0;0.0;1.0;3.0;1.0;0.0;0.0;2.0;0.0;0;1;0;0;IVAIPORÃ;REGIÃO CENTRAL;29
11725.0;2017-07-31;2.0;10.0;18.0;20.0;546.0;28.0;0.0;2.0;15.0;346.0;28.0;0.0;28.0;747.0;5.0;5.0;5;4;4;5;4;5;4;0;0;0;0;0;1;0;0;0;0;0;0;0;0;0;0;0.0;0.0;1.0;0.0;0.0;0.0;0.0;0.0;0.0;0.0;0.0;0.0;0.0;0.0;0.0;0.0;0.0;0.0;0.0;0.0;1.0;0.0;0.0;0.0;0.0;0.0;0.0;0.0;0.0;0.0;0.0;0.0;0.0;0.0;1.0;3.0;1.0;0.0;0.0;2.0;0.0;16;0;0;0;IVAIPORÃ;REGIÃO CENTRAL;30
15308.0;2017-08-31;8.0;14.0;20.0;25.0;614.0;33.0;9.0;8.0;21.0;446.0;33.0;0.0;33.0;782.0;82.0;292.0;4;5;5;4;4;4;5;0;1;0;0;0;0;0;0;0;0;0;0;0;0;0;0;0.0;0.0;1.0;0.0;0.0;0.0;0.0;0.0;0.0;0.0;0.0;0.0;0.0;0.0;0.0;0.0;0.0;0.0;0.0;0.0;1.0;0.0;0.0;0.0;0.0;0.0;0.0;0.0;0.0;0.0;0.0;0.0;0.0;0.0;1.0;3.0;1.0;0.0;0.0;2.0;0.0;0;0;0;0;IVAIPORÃ;REGIÃO CENTRAL;31
13940.0;2017-09-30;14.0;19.0;24.0;27.0;730.0;34.0;2.0;14.0;21.0;536.0;34.0;0.0;34.0;924.0;35.0;66.0;4;4;4;4;5;5;4;0;0;0;0;0;0;0;0;0;0;0;1;0;0;0;0;0.0;0.0;1.0;0.0;0.0;0.0;0.0;0.0;0.0;0.0;0.0;0.0;0.0;0.0;0.0;0.0;0.0;0.0;0.0;0.0;1.0;0.0;0.0;0.0;0.0;0.0;0.0;0.0;0.0;0.0;0.0;0.0;0.0;0.0;1.0;3.0;1.0;0.0;0.0;2.0;0.0;0;0;0;0;IVAIPORÃ;REGIÃO CENTRAL;32
13249.0;2017-10-31;10.0;18.0;23.0;29.0;719.0;36.0;15.0;10.0;22.0;544.0;36.0;0.0;36.0;894.0;81.0;469.0;5;4;4;5;4;4;5;0;0;0;0;0;0;0;0;0;0;1;0;0;0;0;0;0.0;0.0;1.0;0.0;0.0;0.0;0.0;0.0;0.0;0.0;0.0;0.0;0.0;0.0;0.0;0.0;0.0;0.0;0.0;0.0;1.0;0.0;0.0;0.0;0.0;0.0;0.0;0.0;0.0;0.0;0.0;0.0;0.0;0.0;1.0;3.0;1.0;0.0;0.0;2.0;0.0;0;0;0;0;IVAIPORÃ;REGIÃO CENTRAL;33
12358.0;2017-11-30;14.0;20.0;24.0;28.0;719.0;35.0;5.0;14.0;23.0;562.0;35.0;0.0;35.0;876.0;46.0;149.0;4;5;5;4;4;4;4;0;0;0;0;0;0;0;0;0;1;0;0;0;0;0;0;0.0;0.0;1.0;0.0;0.0;0.0;0.0;0.0;0.0;0.0;0.0;0.0;0.0;0.0;0.0;0.0;0.0;0.0;0.0;0.0;1.0;0.0;0.0;0.0;0.0;0.0;0.0;0.0;0.0;0.0;0.0;0.0;0.0;0.0;1.0;3.0;1.0;0.0;0.0;2.0;0.0;0;0;0;0;IVAIPORÃ;REGIÃO CENTRAL;34
8971.0;2017-12-31;18.0;23.0;26.0;30.0;796.0;35.0;4.0;18.0;25.0;664.0;35.0;0.0;35.0;928.0;25.0;139.0;5;4;4;4;5;5;4;0;0;1;0;0;0;0;0;0;0;0;0;0;0;0;0;0.0;0.0;1.0;0.0;0.0;0.0;0.0;0.0;0.0;0.0;0.0;0.0;0.0;0.0;0.0;0.0;0.0;0.0;0.0;0.0;1.0;0.0;0.0;0.0;0.0;0.0;0.0;0.0;0.0;0.0;0.0;0.0;0.0;0.0;0.7096774193548387;3.0;1.0;0.0;0.0;2.0;0.0;0;0;0;0;IVAIPORÃ;REGIÃO CENTRAL;35
3723.0;2018-01-31;18.0;21.0;25.0;28.0;787.0;34.0;7.0;18.0;23.0;662.0;34.0;0.0;34.0;911.0;58.0;228.0;4;5;4;5;4;4;5;0;0;0;0;1;0;0;0;0;0;0;0;0;0;0;0;0.0;0.0;0.0;1.0;0.0;0.0;0.0;0.0;0.0;0.0;0.0;0.0;0.0;0.0;0.0;0.0;0.0;0.0;0.0;0.0;1.0;0.0;0.0;0.0;0.0;0.0;0.0;0.0;0.0;0.0;0.0;0.0;0.0;0.0;0.0;3.0;1.0;0.0;0.0;2.0;0.0;31;0;0;0;IVAIPORÃ;REGIÃO CENTRAL;36
5600.0;2018-02-28;17.0;21.0;25.0;27.0;689.0;33.0;3.0;17.0;23.0;556.0;33.0;0.0;33.0;822.0;27.0;87.0;4;4;4;4;4;4;4;0;0;0;1;0;0;0;0;0;0;0;0;0;0;0;0;0.0;0.0;0.0;1.0;0.0;0.0;0.0;0.0;0.0;0.0;0.0;0.0;0.0;0.0;0.0;0.0;0.0;0.0;0.0;0.0;1.0;0.0;0.0;0.0;0.0;0.0;0.0;0.0;0.0;0.0;0.0;0.0;0.0;0.0;0.0;3.0;1.0;0.0;0.0;2.0;0.0;0;3;0;0;IVAIPORÃ;REGIÃO CENTRAL;37
12130.0;2018-03-31;18.0;22.0;26.0;29.0;794.0;34.0;7.0;18.0;24.0;658.0;34.0;0.0;34.0;929.0;42.0;204.0;4;4;5;4;5;5;4;0;0;0;0;0;0;0;0;1;0;0;0;0;0;0;0;0.0;0.0;0.0;1.0;0.0;0.0;0.0;0.0;0.0;0.0;0.0;0.0;0.0;0.0;0.0;0.0;0.0;0.0;0.0;0.0;1.0;0.0;0.0;0.0;0.0;0.0;0.0;0.0;0.0;0.0;0.0;0.0;0.0;0.0;0.0;3.0;1.0;0.0;0.0;2.0;0.0;0;1;0;0;IVAIPORÃ;REGIÃO CENTRAL;38
9040.0;2018-04-30;15.0;21.0;24.0;26.0;711.0;31.0;0.0;15.0;22.0;546.0;31.0;0.0;31.0;876.0;4.0;10.0;5;4;4;5;4;4;4;1;0;0;0;0;0;0;0;0;0;0;0;0;0;0;0;0.0;0.0;0.0;1.0;0.0;0.0;0.0;0.0;0.0;0.0;0.0;0.0;0.0;0.0;0.0;0.0;0.0;0.0;0.0;0.0;1.0;0.0;0.0;0.0;0.0;0.0;0.0;0.0;0.0;0.0;0.0;0.0;0.0;0.0;0.0;3.0;1.0;0.0;0.0;2.0;0.0;0;0;0;0;IVAIPORÃ;REGIÃO CENTRAL;39
8360.0;2018-05-31;7.0;14.0;20.0;24.0;624.0;30.0;2.0;7.0;20.0;466.0;30.0;0.0;30.0;781.0;43.0;69.0;4;5;5;4;4;4;5;0;0;0;0;0;0;0;1;0;0;0;0;0;0;0;0;0.0;0.0;0.0;1.0;0.0;0.0;0.0;0.0;0.0;0.0;0.0;0.0;0.0;0.0;0.0;0.0;0.0;0.0;0.0;0.0;1.0;0.0;0.0;0.0;0.0;0.0;0.0;0.0;0.0;0.0;0.0;0.0;0.0;0.0;0.0;3.0;1.0;0.0;0.0;2.0;0.0;0;1;0;0;IVAIPORÃ;REGIÃO CENTRAL;40
9860.0;2018-06-30;6.0;13.0;18.0;24.0;554.0;30.0;2.0;6.0;21.0;433.0;30.0;0.0;30.0;675.0;35.0;75.0;4;4;4;4;5;5;4;0;0;0;0;0;0;1;0;0;0;0;0;0;0;0;0;0.0;0.0;0.0;1.0;0.0;0.0;0.0;0.0;0.0;0.0;0.0;0.0;0.0;0.0;0.0;0.0;0.0;0.0;0.0;0.0;1.0;0.0;0.0;0.0;0.0;0.0;0.0;0.0;0.0;0.0;0.0;0.0;0.0;0.0;0.0;3.0;1.0;0.0;0.0;2.0;0.0;0;0;0;0;IVAIPORÃ;REGIÃO CENTRAL;41
6872.0;2018-07-31;6.0;12.0;20.0;24.0;615.0;30.0;0.0;6.0;18.0;433.0;30.0;0.0;30.0;797.0;11.0;12.0;5;4;4;5;4;4;5;0;0;0;0;0;1;0;0;0;0;0;0;0;0;0;0;0.0;0.0;0.0;1.0;0.0;0.0;0.0;0.0;0.0;0.0;0.0;0.0;0.0;0.0;0.0;0.0;0.0;0.0;0.0;0.0;1.0;0.0;0.0;0.0;0.0;0.0;0.0;0.0;0.0;0.0;0.0;0.0;0.0;0.0;0.0;3.0;1.0;0.0;0.0;2.0;0.0;16;0;0;0;IVAIPORÃ;REGIÃO CENTRAL;42
8113.0;2018-08-31;5.0;12.0;18.0;24.0;556.0;31.0;10.0;5.0;18.0;408.0;31.0;0.0;31.0;704.0;99.0;307.0;4;5;5;4;5;4;4;0;1;0;0;0;0;0;0;0;0;0;0;0;0;0;0;0.0;0.0;0.0;1.0;0.0;0.0;0.0;0.0;0.0;0.0;0.0;0.0;0.0;0.0;0.0;0.0;0.0;0.0;0.0;0.0;1.0;0.0;0.0;0.0;0.0;0.0;0.0;0.0;0.0;0.0;0.0;0.0;0.0;0.0;0.0;3.0;1.0;0.0;0.0;2.0;0.0;0;0;0;0;IVAIPORÃ;REGIÃO CENTRAL;43
8622.0;2018-09-30;9.0;15.0;21.0;28.0;642.0;34.0;7.0;9.0;22.0;494.0;34.0;0.0;34.0;791.0;95.0;197.0;5;4;4;4;4;5;4;0;0;0;0;0;0;0;0;0;0;0;1;0;0;0;0;0.0;0.0;0.0;1.0;0.0;0.0;0.0;0.0;0.0;0.0;0.0;0.0;0.0;0.0;0.0;0.0;0.0;0.0;0.0;0.0;1.0;0.0;0.0;0.0;0.0;0.0;0.0;0.0;0.0;0.0;0.0;0.0;0.0;0.0;0.0;3.0;1.0;0.0;0.0;2.0;0.0;0;0;0;0;IVAIPORÃ;REGIÃO CENTRAL;44
9278.0;2018-10-31;16.0;19.0;23.0;26.0;720.0;32.0;9.0;16.0;22.0;592.0;32.0;0.0;32.0;849.0;72.0;286.0;4;5;4;5;4;4;5;0;0;0;0;0;0;0;0;0;0;1;0;0;0;0;0;0.0;0.0;0.0;1.0;0.0;0.0;0.0;0.0;0.0;0.0;0.0;0.0;0.0;0.0;0.0;0.0;0.0;0.0;0.0;0.0;1.0;0.0;0.0;0.0;0.0;0.0;0.0;0.0;0.0;0.0;0.0;0.0;0.0;0.0;0.0;3.0;1.0;0.0;0.0;2.0;0.0;0;0;0;0;IVAIPORÃ;REGIÃO CENTRAL;45
8020.0;2018-11-30;15.0;21.0;25.0;30.0;740.0;35.0;3.0;15.0;26.0;571.0;35.0;0.0;35.0;910.0;50.0;102.0;4;4;5;4;5;4;4;0;0;0;0;0;0;0;0;0;1;0;0;0;0;0;0;0.0;0.0;0.0;1.0;0.0;0.0;0.0;0.0;0.0;0.0;0.0;0.0;0.0;0.0;0.0;0.0;0.0;0.0;0.0;0.0;1.0;0.0;0.0;0.0;0.0;0.0;0.0;0.0;0.0;0.0;0.0;0.0;0.0;0.0;0.0;3.0;1.0;0.0;0.0;2.0;0.0;0;0;0;0;IVAIPORÃ;REGIÃO CENTRAL;46
6852.0;2018-12-31;16.0;21.0;27.0;30.0;828.0;36.0;3.0;16.0;26.0;658.0;36.0;0.0;36.0;999.0;24.0;89.0;5;4;4;5;4;5;4;0;0;1;0;0;0;0;0;0;0;0;0;0;0;0;0;0.0;0.0;0.0;1.0;0.0;0.0;0.0;0.0;0.0;0.0;0.0;0.0;0.0;0.0;0.0;0.0;0.0;0.0;0.0;0.0;1.0;0.0;0.0;0.0;0.0;0.0;0.0;0.0;0.0;0.0;0.0;0.0;0.0;0.0;0.0;3.0;1.0;0.0;0.0;2.0;0.0;0;0;0;0;IVAIPORÃ;REGIÃO CENTRAL;47
5279.0;2019-01-31;20.0;25.0;28.0;30.0;860.0;36.0;5.0;20.0;27.0;716.0;36.0;0.0;36.0;1004.0;44.0;166.0;4;5;5;4;4;4;5;0;0;0;0;1;0;0;0;0;0;0;0;0;0;0;0;0.0;0.0;0.0;0.0;1.0;0.0;0.0;0.0;0.0;0.0;0.0;0.0;0.0;0.0;0.0;0.0;0.0;0.0;0.0;0.0;1.0;0.0;0.0;0.0;0.0;0.0;0.0;0.0;0.0;0.0;0.0;0.0;0.0;0.0;0.0;3.0;1.0;0.0;0.0;2.0;0.0;31;0;0;0;IVAIPORÃ;REGIÃO CENTRAL;48
8862.0;2019-02-28;18.0;22.0;26.0;31.0;726.0;37.0;10.0;18.0;25.0;596.0;37.0;0.0;37.0;855.0;125.0;272.0;4;4;4;4;4;4;4;0;0;0;1;0;0;0;0;0;0;0;0;0;0;0;0;0.0;0.0;0.0;0.0;1.0;0.0;0.0;0.0;0.0;0.0;0.0;0.0;0.0;0.0;0.0;0.0;0.0;0.0;0.0;0.0;1.0;0.0;0.0;0.0;0.0;0.0;0.0;0.0;0.0;0.0;0.0;0.0;0.0;0.0;0.7857142857142857;3.0;1.0;0.7857142857142857;0.7857142857142857;2.7857142857142856;0.0;0;0;0;0;IVAIPORÃ;REGIÃO CENTRAL;49
10110.0;2019-03-31;17.0;22.0;25.0;27.0;778.0;32.0;5.0;17.0;23.0;639.0;32.0;0.0;32.0;916.0;65.0;161.0;5;4;4;4;5;5;4;0;0;0;0;0;0;0;0;1;0;0;0;0;0;0;0;0.0;0.0;0.0;0.0;1.0;0.0;0.0;0.0;0.0;0.0;0.0;0.0;0.0;0.0;0.0;0.0;0.0;0.0;0.0;0.0;1.0;0.0;0.0;0.0;0.0;0.0;0.0;0.0;0.0;0.0;0.0;0.0;0.0;0.0;1.0;3.0;1.0;1.0;1.0;3.0;0.0;0;3;0;0;IVAIPORÃ;REGIÃO CENTRAL;50
10340.0;2019-04-30;14.0;21.0;24.0;26.0;716.0;31.0;1.0;14.0;23.0;582.0;31.0;0.0;31.0;849.0;13.0;32.0;4;4;4;5;4;4;5;1;0;0;0;0;0;0;0;0;0;0;0;0;0;0;0;0.0;0.0;0.0;0.0;1.0;0.0;0.0;0.0;0.0;0.0;0.0;0.0;0.0;0.0;0.0;0.0;0.0;0.0;0.0;0.0;1.0;0.0;0.0;0.0;0.0;0.0;0.0;0.0;0.0;0.0;0.0;0.0;0.0;0.0;1.0;3.0;1.0;1.0;1.0;3.0;0.0;0;1;0;0;IVAIPORÃ;REGIÃO CENTRAL;51
10117.0;2019-05-31;10.0;14.0;21.0;26.0;646.0;30.0;7.0;10.0;22.0;543.0;30.0;0.0;30.0;748.0;62.0;208.0;4;5;5;4;5;4;4;0;0;0;0;0;0;0;1;0;0;0;0;0;0;0;0;0.0;0.0;0.0;0.0;1.0;0.0;0.0;0.0;0.0;0.0;0.0;0.0;0.0;0.0;0.0;0.0;0.0;0.0;0.0;0.0;1.0;0.0;0.0;0.0;0.0;0.0;0.0;0.0;0.0;0.0;0.0;0.0;0.0;0.0;1.0;3.0;1.0;1.0;1.0;3.0;0.0;0;0;0;0;IVAIPORÃ;REGIÃO CENTRAL;52
7986.0;2019-06-30;8.0;13.0;20.0;24.0;591.0;28.0;1.0;8.0;19.0;452.0;28.0;0.0;28.0;729.0;14.0;34.0;5;4;4;4;4;5;4;0;0;0;0;0;0;1;0;0;0;0;0;0;0;0;0;0.0;0.0;0.0;0.0;1.0;0.0;0.0;0.0;0.0;0.0;0.0;0.0;0.0;0.0;0.0;0.0;0.0;0.0;0.0;0.0;1.0;0.0;0.0;0.0;0.0;0.0;0.0;0.0;0.0;0.0;0.0;0.0;0.0;0.0;1.0;3.0;1.0;1.0;1.0;3.0;0.0;0;1;0;0;IVAIPORÃ;REGIÃO CENTRAL;53
7107.0;2019-07-31;1.0;9.0;18.0;23.0;567.0;29.0;1.0;1.0;19.0;405.0;29.0;0.0;29.0;729.0;26.0;31.0;4;5;4;5;4;4;5;0;0;0;0;0;1;0;0;0;0;0;0;0;0;0;0;0.0;0.0;0.0;0.0;1.0;0.0;0.0;0.0;0.0;0.0;0.0;0.0;0.0;0.0;0.0;0.0;0.0;0.0;0.0;0.0;1.0;0.0;0.0;0.0;0.0;0.0;0.0;0.0;0.0;0.0;0.0;0.0;0.0;0.0;1.0;3.0;1.0;1.0;1.0;3.0;0.0;16;0;0;0;IVAIPORÃ;REGIÃO CENTRAL;54
7791.0;2019-08-31;6.0;12.0;19.0;24.0;604.0;31.0;0.0;6.0;19.0;431.0;31.0;0.0;31.0;778.0;3.0;3.0;4;4;5;4;5;5;4;0;1;0;0;0;0;0;0;0;0;0;0;0;0;0;0;0.0;0.0;0.0;0.0;1.0;0.0;0.0;0.0;0.0;0.0;0.0;0.0;0.0;0.0;0.0;0.0;0.0;0.0;0.0;0.0;1.0;0.0;0.0;0.0;0.0;0.0;0.0;0.0;0.0;0.0;0.0;0.0;0.0;0.0;1.0;3.0;1.0;1.0;1.0;3.0;0.0;0;0;0;0;IVAIPORÃ;REGIÃO CENTRAL;55
10558.0;2019-09-30;13.0;17.0;23.0;30.0;696.0;35.0;2.0;13.0;24.0;545.0;35.0;0.0;35.0;847.0;22.0;62.0;5;4;4;5;4;4;4;0;0;0;0;0;0;0;0;0;0;0;1;0;0;0;0;0.0;0.0;0.0;0.0;1.0;0.0;0.0;0.0;0.0;0.0;0.0;0.0;0.0;0.0;0.0;0.0;0.0;0.0;0.0;0.0;1.0;0.0;0.0;0.0;0.0;0.0;0.0;0.0;0.0;0.0;0.0;0.0;0.0;0.0;1.0;3.0;1.0;1.0;1.0;3.0;0.0;0;0;0;0;IVAIPORÃ;REGIÃO CENTRAL;56
11100.0;2019-10-31;15.0;20.0;26.0;31.0;807.0;38.0;4.0;15.0;25.0;621.0;38.0;0.0;38.0;992.0;34.0;120.0;4;5;5;4;4;4;5;0;0;0;0;0;0;0;0;0;0;1;0;0;0;0;0;0.0;0.0;0.0;0.0;1.0;0.0;0.0;0.0;0.0;0.0;0.0;0.0;0.0;0.0;0.0;0.0;0.0;0.0;0.0;0.0;1.0;0.0;0.0;0.0;0.0;0.0;0.0;0.0;0.0;0.0;0.0;0.0;0.0;0.0;1.0;3.0;1.0;1.0;1.0;3.0;0.0;0;0;0;0;IVAIPORÃ;REGIÃO CENTRAL;57
9620.0;2019-11-30;16.0;23.0;26.0;30.0;773.0;38.0;5.0;16.0;25.0;595.0;38.0;0.0;38.0;950.0;65.0;161.0;4;4;4;4;5;5;4;0;0;0;0;0;0;0;0;0;1;0;0;0;0;0;0;0.0;0.0;0.0;0.0;1.0;0.0;0.0;0.0;0.0;0.0;0.0;0.0;0.0;0.0;0.0;0.0;0.0;0.0;0.0;0.0;1.0;0.0;0.0;0.0;0.0;0.0;0.0;0.0;0.0;0.0;0.0;0.0;0.0;0.0;1.0;3.0;1.0;1.0;1.0;3.0;0.0;0;0;0;0;IVAIPORÃ;REGIÃO CENTRAL;58
5479.0;2019-12-31;17.0;21.0;25.0;28.0;773.0;34.0;6.0;17.0;23.0;620.0;34.0;0.0;34.0;925.0;39.0;195.0;5;4;4;5;4;4;5;0;0;1;0;0;0;0;0;0;0;0;0;0;0;0;0;0.0;0.0;0.0;0.0;1.0;0.0;0.0;0.0;0.0;0.0;0.0;0.0;0.0;0.0;0.0;0.0;0.0;0.0;0.0;0.0;1.0;0.0;0.0;0.0;0.0;0.0;0.0;0.0;0.0;0.0;0.0;0.0;0.0;0.0;1.0;3.0;1.0;1.0;1.0;3.0;0.0;0;0;0;0;IVAIPORÃ;REGIÃO CENTRAL;59
4017.0;2020-01-31;18.0;21.0;26.0;29.0;798.0;34.0;4.0;18.0;24.0;665.0;34.0;0.0;34.0;932.0;24.0;135.0;4;5;5;4;5;4;4;0;0;0;0;1;0;0;0;0;0;0;0;0;0;0;0;0.0;0.0;0.0;0.0;0.0;1.0;0.0;0.0;0.0;0.0;0.0;0.0;0.0;0.0;0.0;0.0;0.0;0.0;0.0;0.0;1.0;0.0;0.0;0.0;0.0;0.0;0.0;0.0;0.0;0.0;0.0;0.0;0.0;0.0;1.0;3.0;1.0;1.0;1.0;3.0;0.0;31;0;0;0;IVAIPORÃ;REGIÃO CENTRAL;60
8327.0;2020-02-29;16.0;23.0;25.0;29.0;736.0;35.0;2.0;16.0;24.0;598.0;35.0;0.0;35.0;873.0;29.0;55.0;4;4;4;4;4;5;4;0;0;0;1;0;0;0;0;0;0;0;0;0;0;0;0;0.0;0.0;0.0;0.0;0.0;1.0;0.0;0.0;0.0;0.0;0.0;0.0;0.0;0.0;0.0;0.0;0.0;0.0;0.0;0.0;1.0;0.0;0.0;0.0;0.0;0.0;0.0;0.0;0.0;0.0;0.0;0.0;0.0;0.0;1.0;3.0;1.0;1.0;1.0;3.0;0.0;0;3;0;0;IVAIPORÃ;REGIÃO CENTRAL;61
8167.0;2020-03-31;16.0;22.0;25.0;28.0;764.0;35.0;3.0;16.0;23.0;584.0;35.0;0.0;35.0;945.0;30.0;98.0;5;4;4;5;4;4;5;0;0;0;0;0;0;0;0;1;0;0;0;0;0;0;0;0.0;0.0;0.0;0.0;0.0;1.0;0.0;0.0;0.0;0.0;0.0;0.0;0.0;0.0;0.0;0.0;0.0;0.0;0.0;0.0;1.0;0.0;0.0;0.0;0.0;0.0;0.0;0.0;0.0;0.0;0.0;0.0;0.0;0.0;1.0;3.0;1.0;1.0;1.0;3.0;0.0;0;0;15;0;IVAIPORÃ;REGIÃO CENTRAL;62
4806.0;2020-04-30;10.0;17.0;22.0;26.0;668.0;33.0;3.0;10.0;21.0;486.0;33.0;0.0;33.0;851.0;54.0;88.0;4;5;5;4;4;4;4;1;0;0;0;0;0;0;0;0;0;0;0;0;0;0;0;0.0;0.0;0.0;0.0;0.0;1.0;0.0;0.0;0.0;0.0;0.0;0.0;0.0;0.0;0.0;0.0;0.0;0.0;0.0;0.0;1.0;0.0;0.0;0.0;0.0;0.0;0.0;0.0;0.0;0.0;0.0;0.0;0.0;0.0;1.0;3.0;1.0;1.0;1.0;3.0;0.0;0;1;30;0;IVAIPORÃ;REGIÃO CENTRAL;63
4540.0;2020-05-31;7.0;13.0;19.0;24.0;592.0;30.0;5.0;7.0;19.0;415.0;30.0;0.0;30.0;768.0;128.0;162.0;5;4;4;4;5;5;4;0;0;0;0;0;0;0;1;0;0;0;0;0;0;0;0;0.0;0.0;0.0;0.0;0.0;1.0;0.0;0.0;0.0;0.0;0.0;0.0;0.0;0.0;0.0;0.0;0.0;0.0;0.0;0.0;1.0;0.0;0.0;0.0;0.0;0.0;0.0;0.0;0.0;0.0;0.0;0.0;0.0;0.0;1.0;3.0;1.0;1.0;1.0;3.0;0.0;0;0;31;0;IVAIPORÃ;REGIÃO CENTRAL;64
4548.0;2020-06-30;10.0;16.0;20.0;23.0;586.0;29.0;9.0;10.0;19.0;458.0;29.0;0.0;29.0;714.0;76.0;274.0;4;4;4;5;4;4;5;0;0;0;0;0;0;1;0;0;0;0;0;0;0;0;0;0.0;0.0;0.0;0.0;0.0;1.0;0.0;0.0;0.0;0.0;0.0;0.0;0.0;0.0;0.0;0.0;0.0;0.0;0.0;0.0;1.0;0.0;0.0;0.0;0.0;0.0;0.0;0.0;0.0;0.0;0.0;0.0;0.0;0.0;1.0;3.0;1.0;1.0;1.0;3.0;0.0;0;1;30;0;IVAIPORÃ;REGIÃO CENTRAL;65
4495.0;2020-07-31;5.0;11.0;19.0;23.0;578.0;28.0;2.0;5.0;18.0;411.0;28.0;0.0;28.0;744.0;50.0;57.0;4;5;5;4;5;4;4;0;0;0;0;0;1;0;0;0;0;0;0;0;0;0;0;0.0;0.0;0.0;0.0;0.0;1.0;0.0;0.0;0.0;0.0;0.0;0.0;0.0;0.0;0.0;0.0;0.0;0.0;0.0;0.0;1.0;0.0;0.0;0.0;0.0;0.0;0.0;0.0;0.0;0.0;0.0;0.0;0.0;0.0;1.0;3.0;1.0;1.0;1.0;3.0;0.0;0;0;31;0;IVAIPORÃ;REGIÃO CENTRAL;66
4061.0;2020-08-31;4.0;11.0;19.0;25.0;588.0;33.0;9.0;4.0;18.0;418.0;33.0;0.0;33.0;757.0;86.0;281.0;5;4;4;5;4;5;4;0;1;0;0;0;0;0;0;0;0;0;0;0;0;0;0;0.0;0.0;0.0;0.0;0.0;1.0;0.0;0.0;0.0;0.0;0.0;0.0;0.0;0.0;0.0;0.0;0.0;0.0;0.0;0.0;1.0;0.0;0.0;0.0;0.0;0.0;0.0;0.0;0.0;0.0;0.0;0.0;0.0;0.0;1.0;3.0;1.0;1.0;1.0;3.0;0.0;0;0;31;0;IVAIPORÃ;REGIÃO CENTRAL;67
3870.0;2020-09-30;13.0;18.0;25.0;29.0;736.0;36.0;1.0;13.0;21.0;547.0;36.0;0.0;36.0;924.0;26.0;41.0;4;5;4;4;4;4;5;0;0;0;0;0;0;0;0;0;0;0;1;0;0;0;0;0.0;0.0;0.0;0.0;0.0;1.0;0.0;0.0;0.0;0.0;0.0;0.0;0.0;0.0;0.0;0.0;0.0;0.0;0.0;0.0;1.0;0.0;0.0;0.0;0.0;0.0;0.0;0.0;0.0;0.0;0.0;0.0;0.0;0.0;1.0;3.0;1.0;1.0;1.0;3.0;0.0;0;0;30;0;IVAIPORÃ;REGIÃO CENTRAL;68
3782.0;2020-10-31;14.0;20.0;25.0;32.0;779.0;40.0;1.0;14.0;25.0;584.0;40.0;0.0;40.0;974.0;18.0;36.0;4;4;5;4;5;5;4;0;0;0;0;0;0;0;0;0;0;1;0;0;0;0;0;0.0;0.0;0.0;0.0;0.0;1.0;0.0;0.0;0.0;0.0;0.0;0.0;0.0;0.0;0.0;0.0;0.0;0.0;0.0;0.0;1.0;0.0;0.0;0.0;0.0;0.0;0.0;0.0;0.0;0.0;0.0;0.0;0.0;0.0;1.0;3.0;1.0;1.0;1.0;3.0;0.0;0;0;31;0;IVAIPORÃ;REGIÃO CENTRAL;69
3690.0;2020-11-30;12.0;20.0;25.0;29.0;749.0;37.0;4.0;12.0;24.0;544.0;37.0;0.0;37.0;954.0;36.0;114.0;5;4;4;5;4;4;4;0;0;0;0;0;0;0;0;0;1;0;0;0;0;0;0;0.0;0.0;0.0;0.0;0.0;1.0;0.0;0.0;0.0;0.0;0.0;0.0;0.0;0.0;0.0;0.0;0.0;0.0;0.0;0.0;1.0;0.0;0.0;0.0;0.0;0.0;0.0;0.0;0.0;0.0;0.0;0.0;0.0;0.0;1.0;3.0;1.0;1.0;1.0;3.0;0.0;0;0;30;0;IVAIPORÃ;REGIÃO CENTRAL;70
3503.0;2020-12-31;17.0;22.0;25.0;27.0;782.0;33.0;6.0;17.0;22.0;625.0;33.0;0.0;33.0;939.0;52.0;196.0;4;5;5;4;4;4;5;0;0;1;0;0;0;0;0;0;0;0;0;0;0;0;0;0.0;0.0;0.0;0.0;0.0;1.0;0.0;0.0;0.0;0.0;0.0;0.0;0.0;0.0;0.0;0.0;0.0;0.0;0.0;0.0;1.0;0.0;0.0;0.0;0.0;0.0;0.0;0.0;0.0;0.0;0.0;0.0;0.0;0.0;0.4838709677419355;3.0;0.5806451612903226;1.0;1.0;3.0;0.0;0;0;31;0;IVAIPORÃ;REGIÃO CENTRAL;71
3441.0;2021-01-31;18.0;23.0;25.0;28.0;776.0;33.0;9.0;18.0;23.0;657.0;33.0;0.0;33.0;895.0;67.0;284.0;5;4;4;4;5;5;4;0;0;0;0;1;0;0;0;0;0;0;0;1;0;0;0;0.0;0.0;0.0;0.0;0.0;0.0;0.0;0.0;0.0;0.0;0.0;0.0;0.0;0.0;0.0;0.0;0.0;0.0;0.0;0.0;1.0;0.0;0.0;0.0;0.0;0.0;0.0;0.0;0.0;0.0;0.0;0.0;0.0;0.0;0.0;3.0;0.0;1.0;1.0;3.0;0.0;0;0;31;0;IVAIPORÃ;REGIÃO CENTRAL;72
3192.0;2021-02-28;17.0;22.0;25.0;27.0;695.0;34.0;3.0;17.0;22.0;541.0;34.0;0.0;34.0;849.0;29.0;73.0;4;4;4;4;4;4;4;0;0;0;1;0;0;0;0;0;0;0;0;1;0;0;0;0.0;0.0;0.0;0.0;0.0;0.0;0.0;0.0;0.0;0.0;0.0;0.0;0.0;0.0;0.0;0.0;0.0;0.0;0.0;0.0;1.0;0.0;0.0;0.0;0.0;0.0;0.0;0.0;0.0;0.0;0.0;0.0;0.0;0.0;0.0;3.0;0.0;1.0;1.0;3.0;0.0;0;3;28;0;IVAIPORÃ;REGIÃO CENTRAL;73
3844.0;2021-03-31;15.0;21.0;25.0;28.0;784.0;34.0;3.0;15.0;22.0;620.0;34.0;0.0;34.0;947.0;26.0;99.0;4;5;4;5;4;4;5;0;0;0;0;0;0;0;0;1;0;0;0;1;0;0;0;0.0;0.0;0.0;0.0;0.0;0.0;0.0;0.0;0.0;0.0;0.0;0.0;0.0;0.0;0.0;0.0;0.0;0.0;0.0;0.0;1.0;0.0;0.0;0.0;0.0;0.0;0.0;0.0;0.0;0.0;0.0;0.0;0.0;0.0;0.0;3.0;0.0;1.0;1.0;3.0;0.0;0;0;31;0;IVAIPORÃ;REGIÃO CENTRAL;74
3810.0;2021-04-30;13.0;19.0;22.0;26.0;659.0;32.0;0.0;13.0;21.0;486.0;32.0;0.0;32.0;831.0;1.0;1.0;4;4;5;4;5;4;4;1;0;0;0;0;0;0;0;0;0;0;0;1;0;0;0;0.0;0.0;0.0;0.0;0.0;0.0;0.0;0.0;0.0;0.0;0.0;0.0;0.0;0.0;0.0;0.0;0.0;0.0;0.0;0.0;1.0;0.0;0.0;0.0;0.0;0.0;0.0;0.0;0.0;0.0;0.0;0.0;0.0;0.0;0.0;3.0;0.0;1.0;1.0;3.0;0.0;0;1;30;0;IVAIPORÃ;REGIÃO CENTRAL;75
3720.0;2021-05-31;7.0;14.0;20.0;24.0;605.0;29.0;3.0;7.0;20.0;437.0;29.0;0.0;29.0;773.0;28.0;103.0;5;4;4;5;4;5;4;0;0;0;0;0;0;0;1;0;0;0;0;1;0;0;0;0.0;0.0;0.0;0.0;0.0;0.0;0.0;0.0;0.0;0.0;0.0;0.0;0.0;0.0;0.0;0.0;0.0;0.0;0.0;0.0;1.0;0.0;0.0;0.0;0.0;0.0;0.0;0.0;0.0;0.0;0.0;0.0;0.0;0.0;0.0;3.0;0.0;1.0;1.0;3.0;0.0;0;0;31;0;IVAIPORÃ;REGIÃO CENTRAL;76
3660.0;2021-06-30;1.0;6.0;17.0;22.0;514.0;27.0;3.0;1.0;17.0;385.0;27.0;0.0;27.0;644.0;63.0;97.0;4;5;4;4;4;4;5;0;0;0;0;0;0;1;0;0;0;0;0;1;0;0;0;0.0;0.0;0.0;0.0;0.0;0.0;0.0;0.0;0.0;0.0;0.0;0.0;0.0;0.0;0.0;0.0;0.0;0.0;0.0;0.0;1.0;0.0;0.0;0.0;0.0;0.0;0.0;0.0;0.0;0.0;0.0;0.0;0.0;0.0;0.0;3.0;0.0;1.0;1.0;3.0;0.0;0;1;30;0;IVAIPORÃ;REGIÃO CENTRAL;77
3658.0;2021-07-31;0.0;7.0;16.0;21.0;499.0;29.0;4.0;0.0;16.0;297.0;29.0;0.0;29.0;700.0;73.0;119.0;4;4;5;4;5;5;4;0;0;0;0;0;1;0;0;0;0;0;0;1;0;0;0;0.0;0.0;0.0;0.0;0.0;0.0;0.0;0.0;0.0;0.0;0.0;0.0;0.0;0.0;0.0;0.0;0.0;0.0;0.0;0.0;1.0;0.0;0.0;0.0;0.0;0.0;0.0;0.0;0.0;0.0;0.0;0.0;0.0;0.0;0.0;3.0;0.0;1.0;1.0;3.0;0.0;0;0;31;0;IVAIPORÃ;REGIÃO CENTRAL;78
3565.0;2021-08-31;8.0;15.0;21.0;27.0;652.0;35.0;1.0;8.0;20.0;460.0;35.0;0.0;35.0;843.0;11.0;28.0;5;4;4;5;4;4;5;0;1;0;0;0;0;0;0;0;0;0;0;1;0;0;0;0.0;0.0;0.0;0.0;0.0;0.0;0.0;0.0;0.0;0.0;0.0;0.0;0.0;0.0;0.0;0.0;0.0;0.0;0.0;0.0;1.0;0.0;0.0;0.0;0.0;0.0;0.0;0.0;0.0;0.0;0.0;0.0;0.0;0.0;0.0;3.0;0.0;1.0;1.0;3.0;0.0;0;0;31;0;IVAIPORÃ;REGIÃO CENTRAL;79
3600.0;2021-09-30;12.0;19.0;24.0;30.0;731.0;37.0;2.0;12.0;24.0;537.0;37.0;0.0;37.0;924.0;22.0;53.0;4;5;5;4;4;4;4;0;0;0;0;0;0;0;0;0;0;0;1;1;0;0;0;0.0;0.0;0.0;0.0;0.0;0.0;0.0;0.0;0.0;0.0;0.0;0.0;0.0;0.0;0.0;0.0;0.0;0.0;0.0;0.0;1.0;0.0;0.0;0.0;0.0;0.0;0.0;0.0;0.0;0.0;0.0;0.0;0.0;0.0;0.0;3.0;0.0;1.0;1.0;3.0;0.0;0;0;30;0;IVAIPORÃ;REGIÃO CENTRAL;80
4092.0;2021-10-31;12.0;18.0;22.0;26.0;671.0;32.0;21.0;12.0;21.0;523.0;32.0;0.0;32.0;820.0;174.0;662.0;5;4;4;4;5;5;4;0;0;0;0;0;0;0;0;0;0;1;0;1;0;0;0;0.0;0.0;0.0;0.0;0.0;0.0;0.0;0.0;0.0;0.0;0.0;0.0;0.0;0.0;0.0;0.0;0.0;0.0;0.0;0.0;1.0;0.0;0.0;0.0;0.0;0.0;0.0;0.0;0.0;0.0;0.0;0.0;0.0;0.0;0.0;3.0;0.0;1.0;1.0;3.0;0.0;0;0;0;0;IVAIPORÃ;REGIÃO CENTRAL;81
5040.0;2021-11-30;14.0;20.0;25.0;28.0;750.0;35.0;1.0;14.0;22.0;553.0;35.0;0.0;35.0;948.0;21.0;37.0;4;4;4;5;4;4;5;0;0;0;0;0;0;0;0;0;1;0;0;1;0;0;0;0.0;0.0;0.0;0.0;0.0;0.0;0.0;0.0;0.0;0.0;0.0;0.0;0.0;0.0;0.0;0.0;0.0;0.0;0.0;0.0;1.0;0.0;0.0;0.0;0.0;0.0;0.0;0.0;0.0;0.0;0.0;0.0;0.0;0.0;0.0;3.0;0.0;1.0;1.0;3.0;0.0;0;0;0;0;IVAIPORÃ;REGIÃO CENTRAL;82
5828.0;2021-12-31;15.0;22.0;26.0;30.0;803.0;37.0;3.0;15.0;22.0;594.0;37.0;0.0;37.0;1011.0;76.0;99.0;4;5;5;4;5;4;4;0;0;1;0;0;0;0;0;0;0;0;0;1;0;0;0;0.0;0.0;0.0;0.0;0.0;0.0;0.0;0.0;0.0;0.0;0.0;0.0;0.0;0.0;0.0;0.0;0.0;0.0;0.0;0.0;1.0;0.0;0.0;0.0;0.0;0.0;0.0;0.0;0.0;0.0;0.0;0.0;0.0;0.0;0.0;3.0;0.0;1.0;1.0;3.0;0.0;0;0;0;0;IVAIPORÃ;REGIÃO CENTRAL;83
6293.0;2022-01-31;18.0;22.0;26.0;30.0;803.0;36.0;5.0;18.0;23.0;640.0;36.0;0.0;36.0;967.0;34.0;140.0;5;4;4;5;4;5;4;0;0;0;0;1;0;0;0;0;0;0;0;0;1;0;0;0.0;0.0;0.0;0.0;0.0;0.0;0.0;0.0;0.0;0.0;0.0;0.0;0.0;0.0;0.0;0.0;0.0;0.0;0.0;0.0;1.0;0.0;0.0;0.0;0.0;0.0;0.0;0.0;0.0;0.0;0.0;0.0;0.0;0.0;0.0;3.0;0.0;1.0;1.0;3.0;0.0;31;0;0;0;IVAIPORÃ;REGIÃO CENTRAL;84
6720.0;2022-02-28;17.0;24.0;26.0;30.0;742.0;37.0;5.0;17.0;24.0;571.0;37.0;0.0;37.0;913.0;54.0;145.0;4;4;4;4;4;4;4;0;0;0;1;0;0;0;0;0;0;0;0;0;1;0;0;0.0;0.0;0.0;0.0;0.0;0.0;0.0;0.0;0.0;0.0;0.0;0.0;0.0;0.0;0.0;0.0;0.0;0.0;0.0;0.0;1.0;0.0;0.0;0.0;0.0;0.0;0.0;0.0;0.0;0.0;0.0;0.0;0.0;0.0;0.0;3.0;0.0;1.0;1.0;3.0;0.0;0;1;0;0;IVAIPORÃ;REGIÃO CENTRAL;85
7409.0;2022-03-31;17.0;21.0;25.0;29.0;789.0;35.0;11.0;17.0;23.0;632.0;35.0;0.0;35.0;946.0;71.0;352.0;4;5;5;4;4;4;5;0;0;0;0;0;0;0;0;1;0;0;0;0;1;0;0;0.0;0.0;0.0;0.0;0.0;0.0;0.0;0.0;0.0;0.0;0.0;0.0;0.0;0.0;0.0;0.0;0.0;0.0;0.0;0.0;1.0;0.0;0.0;0.0;0.0;0.0;0.0;0.0;0.0;0.0;0.0;0.0;0.0;0.0;0.0;3.0;0.0;1.0;1.0;3.0;0.0;0;1;0;0;IVAIPORÃ;REGIÃO CENTRAL;86
8610.0;2022-04-30;12.0;17.0;22.0;26.0;673.0;31.0;7.0;12.0;21.0;520.0;31.0;0.0;31.0;827.0;67.0;199.0;4;4;4;4;5;5;4;1;0;0;0;0;0;0;0;0;0;0;0;0;1;0;0;0.0;0.0;0.0;0.0;0.0;0.0;0.0;0.0;0.0;0.0;0.0;0.0;0.0;0.0;0.0;0.0;0.0;0.0;0.0;0.0;1.0;0.0;0.0;0.0;0.0;0.0;0.0;0.0;0.0;0.0;0.0;0.0;0.0;0.0;0.0;3.0;0.0;1.0;1.0;3.0;0.0;0;1;0;0;IVAIPORÃ;REGIÃO CENTRAL;87
11408.0;2022-05-31;5.0;9.0;18.0;24.0;561.0;30.0;3.0;5.0;20.0;413.0;30.0;0.0;30.0;709.0;43.0;100.0;5;4;4;5;4;4;5;0;0;0;0;0;0;0;1;0;0;0;0;0;1;0;0;0.0;0.0;0.0;0.0;0.0;0.0;0.0;0.0;0.0;0.0;0.0;0.0;0.0;0.0;0.0;0.0;0.0;0.0;0.0;0.0;1.0;0.0;0.0;0.0;0.0;0.0;0.0;0.0;0.0;0.0;0.0;0.0;0.0;0.0;0.0;3.0;0.0;1.0;1.0;3.0;0.0;0;0;0;0;IVAIPORÃ;REGIÃO CENTRAL;88
11670.0;2022-06-30;4.0;11.0;18.0;22.0;541.0;28.0;3.0;4.0;17.0;391.0;28.0;0.0;28.0;691.0;42.0;83.0;4;5;5;4;4;4;4;0;0;0;0;0;0;1;0;0;0;0;0;0;1;0;0;0.0;0.0;0.0;0.0;0.0;0.0;0.0;0.0;0.0;0.0;0.0;0.0;0.0;0.0;0.0;0.0;0.0;0.0;0.0;0.0;1.0;0.0;0.0;0.0;0.0;0.0;0.0;0.0;0.0;0.0;0.0;0.0;0.0;0.0;0.0;3.0;0.0;1.0;1.0;3.0;0.0;0;1;0;0;IVAIPORÃ;REGIÃO CENTRAL;89
8835.0;2022-07-31;7.0;15.0;21.0;23.0;642.0;30.0;1.0;7.0;17.0;452.0;30.0;0.0;30.0;832.0;8.0;17.0;5;4;4;4;5;5;4;0;0;0;0;0;1;0;0;0;0;0;0;0;1;0;0;0.0;0.0;0.0;0.0;0.0;0.0;0.0;0.0;0.0;0.0;0.0;0.0;0.0;0.0;0.0;0.0;0.0;0.0;0.0;0.0;1.0;0.0;0.0;0.0;0.0;0.0;0.0;0.0;0.0;0.0;0.0;0.0;0.0;0.0;0.0;3.0;0.0;1.0;1.0;3.0;0.0;0;0;0;0;IVAIPORÃ;REGIÃO CENTRAL;90
11439.0;2022-08-31;5.0;11.0;19.0;24.0;578.0;32.0;5.0;5.0;19.0;403.0;32.0;0.0;32.0;753.0;47.0;162.0;4;5;4;5;4;4;5;0;1;0;0;0;0;0;0;0;0;0;0;0;1;0;0;0.0;0.0;0.0;0.0;0.0;0.0;0.0;0.0;0.0;0.0;0.0;0.0;0.0;0.0;0.0;0.0;0.0;0.0;0.0;0.0;1.0;0.0;0.0;0.0;0.0;0.0;0.0;0.0;0.0;0.0;0.0;0.0;0.0;0.0;0.0;3.0;0.0;1.0;1.0;3.0;0.0;0;0;0;0;IVAIPORÃ;REGIÃO CENTRAL;91
11820.0;2022-09-30;8.0;14.0;19.0;26.0;558.0;33.0;10.0;8.0;20.0;422.0;33.0;0.0;33.0;694.0;91.0;313.0;4;4;5;4;5;4;4;0;0;0;0;0;0;0;0;0;0;0;1;0;1;0;0;0.0;0.0;0.0;0.0;0.0;0.0;0.0;0.0;0.0;0.0;0.0;0.0;0.0;0.0;0.0;0.0;0.0;0.0;0.0;0.0;1.0;0.0;0.0;0.0;0.0;0.0;0.0;0.0;0.0;0.0;0.0;0.0;0.0;0.0;0.0;3.0;0.0;1.0;1.0;3.0;0.0;0;0;0;0;IVAIPORÃ;REGIÃO CENTRAL;92
9827.0;2022-10-31;-5.0;12.0;22.0;26.0;694.0;34.0;12.0;-5.0;21.0;516.0;34.0;0.0;34.0;871.0;78.0;370.0;5;4;4;5;4;5;4;0;0;0;0;0;0;0;0;0;0;1;0;0;1;0;0;0.0;0.0;0.0;0.0;0.0;0.0;0.0;0.0;0.0;0.0;0.0;0.0;0.0;0.0;0.0;0.0;0.0;0.0;0.0;0.0;1.0;0.0;0.0;0.0;0.0;0.0;0.0;0.0;0.0;0.0;0.0;0.0;0.0;0.0;0.0;3.0;0.0;1.0;1.0;3.0;0.0;0;0;0;0;IVAIPORÃ;REGIÃO CENTRAL;93
8400.0;2022-11-30;11.0;14.0;22.0;26.0;665.0;34.0;2.0;11.0;20.0;475.0;34.0;0.0;34.0;854.0;27.0;69.0;4;5;4;4;4;4;5;0;0;0;0;0;0;0;0;0;1;0;0;0;1;0;0;0.0;0.0;0.0;0.0;0.0;0.0;0.0;0.0;0.0;0.0;0.0;0.0;0.0;0.0;0.0;0.0;0.0;0.0;0.0;0.0;1.0;0.0;0.0;0.0;0.0;0.0;0.0;0.0;0.0;0.0;0.0;0.0;0.0;0.0;0.0;3.0;0.0;1.0;1.0;3.0;0.0;0;0;0;0;IVAIPORÃ;REGIÃO CENTRAL;94
9362.0;2022-12-31;-7.0;13.0;24.0;28.0;759.0;34.0;6.0;-7.0;23.0;578.0;34.0;0.0;34.0;940.0;56.0;190.0;4;4;5;4;5;5;4;0;0;1;0;0;0;0;0;0;0;0;0;0;1;0;0;0.0;0.0;0.0;0.0;0.0;0.0;0.0;0.0;0.0;0.0;0.0;0.0;0.0;0.0;0.0;0.0;0.0;0.0;0.0;0.0;1.0;0.0;0.0;0.0;0.0;0.0;0.0;0.0;0.0;0.0;0.0;0.0;0.0;0.0;0.0;3.0;0.0;1.0;1.0;3.0;0.0;0;0;0;0;IVAIPORÃ;REGIÃO CENTRAL;95
7285.0;2023-01-31;16.0;21.0;25.0;27.0;769.0;33.0;7.0;16.0;22.0;616.0;33.0;0.0;33.0;921.0;56.0;217.0;5;4;4;5;4;4;5;0;0;0;0;1;0;0;0;0;0;0;0;0;0;1;0;0.0;0.0;0.0;0.0;0.0;0.0;0.0;0.0;0.0;0.0;0.0;0.0;0.0;0.0;0.0;0.0;0.0;0.0;0.0;0.0;1.0;0.0;0.0;0.0;0.0;0.0;0.0;0.0;0.0;0.0;0.0;0.0;0.0;0.0;0.0;3.0;0.0;1.0;1.0;3.0;0.0;31;0;0;0;IVAIPORÃ;REGIÃO CENTRAL;96
11508.0;2023-02-28;13.0;19.0;24.0;27.0;678.0;34.0;12.0;13.0;22.0;550.0;34.0;0.0;34.0;806.0;62.0;329.0;4;4;4;4;4;4;4;0;0;0;1;0;0;0;0;0;0;0;0;0;0;1;0;0.0;0.0;0.0;0.0;0.0;0.0;0.0;0.0;0.0;0.0;0.0;0.0;0.0;0.0;0.0;0.0;0.0;0.0;0.0;0.0;1.0;0.0;0.0;0.0;0.0;0.0;0.0;0.0;0.0;0.0;0.0;0.0;0.0;0.0;0.0;3.0;0.0;1.0;1.0;3.0;0.0;0;3;0;0;IVAIPORÃ;REGIÃO CENTRAL;97
16988.0;2023-03-31;18.0;23.0;26.0;28.0;792.0;34.0;8.0;18.0;22.0;624.0;34.0;0.0;34.0;959.0;58.0;238.0;4;5;5;4;5;4;4;0;0;0;0;0;0;0;0;1;0;0;0;0;0;1;0;0.0;0.0;0.0;0.0;0.0;0.0;0.0;0.0;0.0;0.0;0.0;0.0;0.0;0.0;0.0;0.0;0.0;0.0;0.0;0.0;1.0;0.0;0.0;0.0;0.0;0.0;0.0;0.0;0.0;0.0;0.0;0.0;0.0;0.0;0.0;3.0;0.0;1.0;1.0;3.0;0.0;0;0;0;0;IVAIPORÃ;REGIÃO CENTRAL;98
11250.0;2023-04-30;11.0;18.0;22.0;27.0;667.0;33.0;5.0;11.0;20.0;514.0;33.0;0.0;33.0;821.0;52.0;163.0;5;4;4;4;4;5;4;1;0;0;0;0;0;0;0;0;0;0;0;0;0;1;0;0.0;0.0;0.0;0.0;0.0;0.0;0.0;0.0;0.0;0.0;0.0;0.0;0.0;0.0;0.0;0.0;0.0;0.0;0.0;0.0;1.0;0.0;0.0;0.0;0.0;0.0;0.0;0.0;0.0;0.0;0.0;0.0;0.0;0.0;0.0;3.0;0.0;1.0;1.0;3.0;0.0;0;1;0;0;IVAIPORÃ;REGIÃO CENTRAL;99
10292.0;2023-05-31;10.0;16.0;20.0;25.0;633.0;29.0;3.0;10.0;20.0;465.0;29.0;0.0;29.0;801.0;32.0;86.0;4;5;4;5;4;4;5;0;0;0;0;0;0;0;1;0;0;0;0;0;0;1;0;0.0;0.0;0.0;0.0;0.0;0.0;0.0;0.0;0.0;0.0;0.0;0.0;0.0;0.0;0.0;0.0;0.0;0.0;0.0;0.0;1.0;0.0;0.0;0.0;0.0;0.0;0.0;0.0;0.0;0.0;0.0;0.0;0.0;0.0;0.0;3.0;0.0;1.0;1.0;3.0;0.0;0;0;0;0;IVAIPORÃ;REGIÃO CENTRAL;100
11010.0;2023-06-30;7.0;11.0;18.0;23.0;549.0;29.0;4.0;7.0;17.0;380.0;29.0;0.0;29.0;718.0;46.0;110.0;4;4;5;4;5;4;4;0;0;0;0;0;0;1;0;0;0;0;0;0;0;1;0;0.0;0.0;0.0;0.0;0.0;0.0;0.0;0.0;0.0;0.0;0.0;0.0;0.0;0.0;0.0;0.0;0.0;0.0;0.0;0.0;1.0;0.0;0.0;0.0;0.0;0.0;0.0;0.0;0.0;0.0;0.0;0.0;0.0;0.0;0.0;3.0;0.0;1.0;1.0;3.0;0.0;0;1;0;0;IVAIPORÃ;REGIÃO CENTRAL;101
7874.0;2023-07-31;6.0;12.0;19.0;23.0;591.0;29.0;2.0;6.0;18.0;423.0;29.0;0.0;29.0;758.0;15.0;62.0;5;4;4;5;4;5;4;0;0;0;0;0;1;0;0;0;0;0;0;0;0;1;0;0.0;0.0;0.0;0.0;0.0;0.0;0.0;0.0;0.0;0.0;0.0;0.0;0.0;0.0;0.0;0.0;0.0;0.0;0.0;0.0;1.0;0.0;0.0;0.0;0.0;0.0;0.0;0.0;0.0;0.0;0.0;0.0;0.0;0.0;0.0;3.0;0.0;1.0;1.0;3.0;0.0;15;0;0;0;IVAIPORÃ;REGIÃO CENTRAL;102
9362.0;2023-08-31;9.0;15.0;21.0;27.0;650.0;34.0;8.0;9.0;20.0;454.0;34.0;0.0;34.0;846.0;120.0;250.0;4;5;5;4;4;4;5;0;1;0;0;0;0;0;0;0;0;0;0;0;0;1;0;0.0;0.0;0.0;0.0;0.0;0.0;0.0;0.0;0.0;0.0;0.0;0.0;0.0;0.0;0.0;0.0;0.0;0.0;0.0;0.0;1.0;0.0;0.0;0.0;0.0;0.0;0.0;0.0;0.0;0.0;0.0;0.0;0.0;0.0;0.0;3.0;0.0;1.0;1.0;3.0;0.0;0;0;0;0;IVAIPORÃ;REGIÃO CENTRAL;103
12150.0;2023-09-30;9.0;17.0;24.0;30.0;735.0;37.0;7.0;9.0;25.0;545.0;37.0;0.0;37.0;925.0;79.0;206.0;4;4;4;4;5;5;4;0;0;0;0;0;0;0;0;0;0;0;1;0;0;1;0;0.0;0.0;0.0;0.0;0.0;0.0;0.0;0.0;0.0;0.0;0.0;0.0;0.0;0.0;0.0;0.0;0.0;0.0;0.0;0.0;1.0;0.0;0.0;0.0;0.0;0.0;0.0;0.0;0.0;0.0;0.0;0.0;0.0;0.0;0.0;3.0;0.0;1.0;1.0;3.0;0.0;0;0;0;0;IVAIPORÃ;REGIÃO CENTRAL;104
12121.0;2023-10-31;16.0;21.0;25.0;29.0;770.0;36.0;16.0;16.0;24.0;599.0;36.0;0.0;36.0;941.0;140.0;496.0;5;4;4;5;4;4;5;0;0;0;0;0;0;0;0;0;0;1;0;0;0;1;0;0.0;0.0;0.0;0.0;0.0;0.0;0.0;0.0;0.0;0.0;0.0;0.0;0.0;0.0;0.0;0.0;0.0;0.0;0.0;0.0;1.0;0.0;0.0;0.0;0.0;0.0;0.0;0.0;0.0;0.0;0.0;0.0;0.0;0.0;0.0;3.0;0.0;1.0;1.0;3.0;0.0;0;0;0;0;IVAIPORÃ;REGIÃO CENTRAL;105
13650.0;2023-11-30;11.0;18.0;25.0;31.0;759.0;38.0;10.0;11.0;25.0;582.0;38.0;0.0;38.0;937.0;66.0;299.0;4;5;5;4;4;4;4;0;0;0;0;0;0;0;0;0;1;0;0;0;0;1;0;0.0;0.0;0.0;0.0;0.0;0.0;0.0;0.0;0.0;0.0;0.0;0.0;0.0;0.0;0.0;0.0;0.0;0.0;0.0;0.0;1.0;0.0;0.0;0.0;0.0;0.0;0.0;0.0;0.0;0.0;0.0;0.0;0.0;0.0;0.0;3.0;0.0;1.0;1.0;3.0;0.0;0;0;0;0;IVAIPORÃ;REGIÃO CENTRAL;106
10974.0;2023-12-31;17.0;22.0;27.0;29.0;831.0;37.0;6.0;17.0;23.0;636.0;37.0;0.0;37.0;1025.0;43.0;180.0;5;4;4;4;5;5;4;0;0;1;0;0;0;0;0;0;0;0;0;0;0;1;0;0.0;0.0;0.0;0.0;0.0;0.0;0.0;0.0;0.0;0.0;0.0;0.0;0.0;0.0;0.0;0.0;0.0;0.0;0.0;0.0;1.0;0.0;0.0;0.0;0.0;0.0;0.0;0.0;0.0;0.0;0.0;0.0;0.0;0.0;0.0;3.0;0.0;1.0;1.0;3.0;0.0;0;0;0;0;IVAIPORÃ;REGIÃO CENTRAL;107
7626.0;2024-01-31;16.0;20.0;26.0;31.0;815.0;38.0;8.0;16.0;24.0;634.0;38.0;0.0;38.0;997.0;72.0;242.0;4;5;4;5;4;4;5;0;0;0;0;1;0;0;0;0;0;0;0;0;0;0;1;0.0;0.0;0.0;0.0;0.0;0.0;0.0;0.0;0.0;0.0;0.0;0.0;0.0;0.0;0.0;0.0;0.0;0.0;0.0;0.0;1.0;0.0;0.0;0.0;0.0;0.0;0.0;0.0;0.0;0.0;0.0;0.0;0.0;0.0;0.0;3.0;0.0;1.0;1.0;3.0;0.0;31;0;0;0;IVAIPORÃ;REGIÃO CENTRAL;108
13920.0;2024-02-29;19.0;23.0;27.0;29.0;785.0;36.0;3.0;19.0;24.0;620.0;36.0;0.0;36.0;951.0;30.0;96.0;4;4;5;4;4;4;4;0;0;0;1;0;0;0;0;0;0;0;0;0;0;0;1;0.0;0.0;0.0;0.0;0.0;0.0;0.0;0.0;0.0;0.0;0.0;0.0;0.0;0.0;0.0;0.0;0.0;0.0;0.0;0.0;1.0;0.0;0.0;0.0;0.0;0.0;0.0;0.0;0.0;0.0;0.0;0.0;0.0;0.0;0.0;3.0;0.0;1.0;1.0;3.0;0.0;0;3;0;0;IVAIPORÃ;REGIÃO CENTRAL;109
19251.0;2024-03-31;18.0;21.0;27.0;30.0;834.0;37.0;2.0;18.0;25.0;655.0;37.0;0.0;37.0;1013.0;14.0;53.0;5;4;4;4;5;5;4;0;0;0;0;0;0;0;0;1;0;0;0;0;0;0;1;0.0;0.0;0.0;0.0;0.0;0.0;0.0;0.0;0.0;0.0;0.0;0.0;0.0;0.0;0.0;0.0;0.0;0.0;0.0;0.0;1.0;0.0;0.0;0.0;0.0;0.0;0.0;0.0;0.0;0.0;0.0;0.0;0.0;0.0;0.0;3.0;0.0;1.0;1.0;3.0;0.0;0;1;0;0;IVAIPORÃ;REGIÃO CENTRAL;110
14820.0;2024-04-30;14.0;20.0;25.0;28.0;747.0;34.0;4.0;14.0;22.0;589.0;34.0;0.0;34.0;905.0;47.0;131.0;4;4;4;5;4;4;5;1;0;0;0;0;0;0;0;0;0;0;0;0;0;0;1;0.0;0.0;0.0;0.0;0.0;0.0;0.0;0.0;0.0;0.0;0.0;0.0;0.0;0.0;0.0;0.0;0.0;0.0;0.0;0.0;1.0;0.0;0.0;0.0;0.0;0.0;0.0;0.0;0.0;0.0;0.0;0.0;0.0;0.0;0.0;3.0;0.0;1.0;1.0;3.0;0.0;0;0;0;0;IVAIPORÃ;REGIÃO CENTRAL;111
8618.0;2024-05-31;6.0;12.0;22.0;28.0;681.0;33.0;1.0;6.0;22.0;522.0;33.0;0.0;33.0;840.0;23.0;28.0;4;5;5;4;5;4;4;0;0;0;0;0;0;0;1;0;0;0;0;0;0;0;1;0.0;0.0;0.0;0.0;0.0;0.0;0.0;0.0;0.0;0.0;0.0;0.0;0.0;0.0;0.0;0.0;0.0;0.0;0.0;0.0;1.0;0.0;0.0;0.0;0.0;0.0;0.0;0.0;0.0;0.0;0.0;0.0;0.0;0.0;0.0;3.0;0.0;1.0;1.0;3.0;0.0;0;1;0;30;IVAIPORÃ;REGIÃO CENTRAL;112
7380.0;2024-06-30;9.0;15.0;22.0;24.0;651.0;31.0;0.0;9.0;19.0;461.0;31.0;0.0;31.0;841.0;0.0;1.0;5;4;4;4;4;5;4;0;0;0;0;0;0;1;0;0;0;0;0;0;0;0;1;0.0;0.0;0.0;0.0;0.0;0.0;0.0;0.0;0.0;0.0;0.0;0.0;0.0;0.0;0.0;0.0;0.0;0.0;0.0;0.0;1.0;0.0;0.0;0.0;0.0;0.0;0.0;0.0;0.0;0.0;0.0;0.0;0.0;0.0;0.0;3.0;0.0;1.0;1.0;3.0;0.0;0;0;0;30;IVAIPORÃ;REGIÃO CENTRAL;113
10354.0;2024-07-31;7.0;11.0;18.0;23.0;544.0;29.0;2.0;7.0;17.0;403.0;29.0;0.0;29.0;685.0;12.0;47.0;4;5;4;5;4;4;5;0;0;0;0;0;1;0;0;0;0;0;0;0;0;0;1;0.0;0.0;0.0;0.0;0.0;0.0;0.0;0.0;0.0;0.0;0.0;0.0;0.0;0.0;0.0;0.0;0.0;0.0;0.0;0.0;1.0;0.0;0.0;0.0;0.0;0.0;0.0;0.0;0.0;0.0;0.0;0.0;0.0;0.0;0.0;3.0;0.0;1.0;1.0;3.0;0.0;12;0;0;0;IVAIPORÃ;REGIÃO CENTRAL;114
10819.0;2024-08-31;2.0;11.0;19.0;27.0;602.0;34.0;1.0;2.0;22.0;402.0;34.0;0.0;34.0;802.0;16.0;32.0;4;4;5;4;5;5;4;0;1;0;0;0;0;0;0;0;0;0;0;0;0;0;1;0.0;0.0;0.0;0.0;0.0;0.0;0.0;0.0;0.0;0.0;0.0;0.0;0.0;0.0;0.0;0.0;0.0;0.0;0.0;0.0;1.0;0.0;0.0;0.0;0.0;0.0;0.0;0.0;0.0;0.0;0.0;0.0;0.0;0.0;0.0;3.0;0.0;1.0;1.0;3.0;0.0;0;0;0;0;IVAIPORÃ;REGIÃO CENTRAL;115
15270.0;2024-09-30;13.0;17.0;24.0;28.0;707.0;37.0;2.0;13.0;22.0;507.0;37.0;0.0;37.0;907.0;32.0;73.0;5;4;4;5;4;4;4;0;0;0;0;0;0;0;0;0;0;0;1;0;0;0;1;0.0;0.0;0.0;0.0;0.0;0.0;0.0;0.0;0.0;0.0;0.0;0.0;0.0;0.0;0.0;0.0;0.0;0.0;0.0;0.0;1.0;0.0;0.0;0.0;0.0;0.0;0.0;0.0;0.0;0.0;0.0;0.0;0.0;0.0;0.0;3.0;0.0;1.0;1.0;3.0;0.0;0;0;0;0;IVAIPORÃ;REGIÃO CENTRAL;116
15841.0;2024-10-31;15.0;19.0;24.0;30.0;749.0;36.0;3.0;15.0;25.0;598.0;36.0;0.0;36.0;900.0;24.0;86.0;4;5;5;4;4;4;5;0;0;0;0;0;0;0;0;0;0;1;0;0;0;0;1;0.0;0.0;0.0;0.0;0.0;0.0;0.0;0.0;0.0;0.0;0.0;0.0;0.0;0.0;0.0;0.0;0.0;0.0;0.0;0.0;1.0;0.0;0.0;0.0;0.0;0.0;0.0;0.0;0.0;0.0;0.0;0.0;0.0;0.0;0.0;3.0;0.0;1.0;1.0;3.0;0.0;0;0;0;0;IVAIPORÃ;REGIÃO CENTRAL;117
14257.0;2017-08-31;9.0;15.0;21.0;27.0;637.0;34.0;4.0;9.0;21.0;436.0;34.0;0.0;34.0;837.0;54.0;135.0;4;5;5;4;4;4;5;0;1;0;0;0;0;0;0;0;0;0;0;0;0;0;0;0.0;0.0;1.0;0.0;0.0;0.0;0.0;0.0;0.0;0.0;0.0;0.0;0.0;0.0;0.0;0.0;0.0;0.0;0.0;0.0;0.0;1.0;0.0;0.0;0.0;0.0;0.0;0.0;0.0;0.0;0.0;0.0;0.0;0.0;0.0;3.0;2.0;0.0;0.0;1.0;0.0;0;0;0;0;JACAREZINHO;REGIÃO NORTE;1
15505.0;2017-09-30;14.0;21.0;25.0;28.0;745.0;35.0;1.0;14.0;21.0;526.0;35.0;0.0;35.0;965.0;12.0;16.0;4;4;4;4;5;5;4;0;0;0;0;0;0;0;0;0;0;0;1;0;0;0;0;0.0;0.0;1.0;0.0;0.0;0.0;0.0;0.0;0.0;0.0;0.0;0.0;0.0;0.0;0.0;0.0;0.0;0.0;0.0;0.0;0.0;1.0;0.0;0.0;0.0;0.0;0.0;0.0;0.0;0.0;0.0;0.0;0.0;0.0;0.0;3.0;2.0;0.0;0.0;1.0;0.0;0;0;0;0;JACAREZINHO;REGIÃO NORTE;2
16125.0;2017-10-31;11.0;19.0;24.0;30.0;739.0;37.0;9.0;11.0;22.0;546.0;37.0;0.0;37.0;933.0;50.0;291.0;5;4;4;5;4;4;5;0;0;0;0;0;0;0;0;0;0;1;0;0;0;0;0;0.0;0.0;1.0;0.0;0.0;0.0;0.0;0.0;0.0;0.0;0.0;0.0;0.0;0.0;0.0;0.0;0.0;0.0;0.0;0.0;0.0;1.0;0.0;0.0;0.0;0.0;0.0;0.0;0.0;0.0;0.0;0.0;0.0;0.0;0.0;3.0;2.0;0.0;0.0;1.0;0.0;0;0;0;0;JACAREZINHO;REGIÃO NORTE;3
16531.0;2017-11-30;13.0;21.0;24.0;28.0;721.0;36.0;7.0;13.0;22.0;543.0;36.0;0.0;36.0;898.0;62.0;206.0;4;5;5;4;4;4;4;0;0;0;0;0;0;0;0;0;1;0;0;0;0;0;0;0.0;0.0;1.0;0.0;0.0;0.0;0.0;0.0;0.0;0.0;0.0;0.0;0.0;0.0;0.0;0.0;0.0;0.0;0.0;0.0;0.0;1.0;0.0;0.0;0.0;0.0;0.0;0.0;0.0;0.0;0.0;0.0;0.0;0.0;0.0;3.0;2.0;0.0;0.0;1.0;0.0;0;0;0;0;JACAREZINHO;REGIÃO NORTE;4
13168.0;2017-12-31;17.0;22.0;25.0;30.0;779.0;35.0;3.0;17.0;24.0;640.0;35.0;0.0;35.0;918.0;29.0;103.0;5;4;4;4;5;5;4;0;0;1;0;0;0;0;0;0;0;0;0;0;0;0;0;0.0;0.0;1.0;0.0;0.0;0.0;0.0;0.0;0.0;0.0;0.0;0.0;0.0;0.0;0.0;0.0;0.0;0.0;0.0;0.0;0.0;1.0;0.0;0.0;0.0;0.0;0.0;0.0;0.0;0.0;0.0;0.0;0.0;0.0;0.0;3.0;2.0;0.0;0.0;1.0;0.0;0;0;0;0;JACAREZINHO;REGIÃO NORTE;5
10853.0;2018-01-31;18.0;21.0;25.0;28.0;772.0;34.0;7.0;18.0;23.0;630.0;34.0;0.0;34.0;915.0;37.0;222.0;4;5;4;5;4;4;5;0;0;0;0;1;0;0;0;0;0;0;0;0;0;0;0;0.0;0.0;0.0;1.0;0.0;0.0;0.0;0.0;0.0;0.0;0.0;0.0;0.0;0.0;0.0;0.0;0.0;0.0;0.0;0.0;0.0;1.0;0.0;0.0;0.0;0.0;0.0;0.0;0.0;0.0;0.0;0.0;0.0;0.0;0.0;3.0;2.0;0.0;0.0;1.0;0.0;31;0;0;0;JACAREZINHO;REGIÃO NORTE;6
13187.0;2018-02-28;17.0;22.0;25.0;27.0;696.0;34.0;3.0;17.0;22.0;545.0;34.0;0.0;34.0;846.0;27.0;79.0;4;4;4;4;4;4;4;0;0;0;1;0;0;0;0;0;0;0;0;0;0;0;0;0.0;0.0;0.0;1.0;0.0;0.0;0.0;0.0;0.0;0.0;0.0;0.0;0.0;0.0;0.0;0.0;0.0;0.0;0.0;0.0;0.0;1.0;0.0;0.0;0.0;0.0;0.0;0.0;0.0;0.0;0.0;0.0;0.0;0.0;0.0;4.642857142857143;2.0;0.0;0.0;1.8214285714285714;0.0;0;3;0;0;JACAREZINHO;REGIÃO NORTE;7
17547.0;2018-03-31;18.0;23.0;26.0;29.0;804.0;35.0;5.0;18.0;23.0;645.0;35.0;0.0;35.0;963.0;34.0;170.0;4;4;5;4;5;5;4;0;0;0;0;0;0;0;0;1;0;0;0;0;0;0;0;0.0;0.0;0.0;1.0;0.0;0.0;0.0;0.0;0.0;0.0;0.0;0.0;0.0;0.0;0.0;0.0;0.0;0.0;0.0;0.0;0.0;1.0;0.0;0.0;0.0;0.0;0.0;0.0;0.0;0.0;0.0;0.0;0.0;0.0;0.0;5.0;2.0;0.0;0.0;2.0;0.0;0;1;0;0;JACAREZINHO;REGIÃO NORTE;8
17135.0;2018-04-30;15.0;21.0;24.0;26.0;714.0;32.0;2.0;15.0;22.0;538.0;32.0;0.0;32.0;891.0;32.0;46.0;5;4;4;5;4;4;4;1;0;0;0;0;0;0;0;0;0;0;0;0;0;0;0;0.0;0.0;0.0;1.0;0.0;0.0;0.0;0.0;0.0;0.0;0.0;0.0;0.0;0.0;0.0;0.0;0.0;0.0;0.0;0.0;0.0;1.0;0.0;0.0;0.0;0.0;0.0;0.0;0.0;0.0;0.0;0.0;0.0;0.0;0.0;5.0;2.0;0.0;0.0;2.0;0.0;0;0;0;0;JACAREZINHO;REGIÃO NORTE;9
15875.0;2018-05-31;7.0;14.0;21.0;25.0;646.0;32.0;1.0;7.0;20.0;456.0;32.0;0.0;32.0;836.0;29.0;40.0;4;5;5;4;4;4;5;0;0;0;0;0;0;0;1;0;0;0;0;0;0;0;0;0.0;0.0;0.0;1.0;0.0;0.0;0.0;0.0;0.0;0.0;0.0;0.0;0.0;0.0;0.0;0.0;0.0;0.0;0.0;0.0;0.0;1.0;0.0;0.0;0.0;0.0;0.0;0.0;0.0;0.0;0.0;0.0;0.0;0.0;0.0;5.0;2.0;0.0;0.0;2.0;0.0;0;1;0;0;JACAREZINHO;REGIÃO NORTE;10
14028.0;2018-06-30;8.0;15.0;20.0;24.0;593.0;31.0;2.0;8.0;20.0;427.0;31.0;0.0;31.0;758.0;32.0;54.0;4;4;4;4;5;5;4;0;0;0;0;0;0;1;0;0;0;0;0;0;0;0;0;0.0;0.0;0.0;1.0;0.0;0.0;0.0;0.0;0.0;0.0;0.0;0.0;0.0;0.0;0.0;0.0;0.0;0.0;0.0;0.0;0.0;1.0;0.0;0.0;0.0;0.0;0.0;0.0;0.0;0.0;0.0;0.0;0.0;0.0;0.0;5.0;2.0;0.0;0.0;2.0;0.0;0;0;0;0;JACAREZINHO;REGIÃO NORTE;11
13983.0;2018-07-31;6.0;13.0;21.0;25.0;642.0;32.0;0.0;6.0;18.0;420.0;32.0;0.0;32.0;865.0;10.0;11.0;5;4;4;5;4;4;5;0;0;0;0;0;1;0;0;0;0;0;0;0;0;0;0;0.0;0.0;0.0;1.0;0.0;0.0;0.0;0.0;0.0;0.0;0.0;0.0;0.0;0.0;0.0;0.0;0.0;0.0;0.0;0.0;0.0;1.0;0.0;0.0;0.0;0.0;0.0;0.0;0.0;0.0;0.0;0.0;0.0;0.0;0.0;5.0;2.0;0.0;0.0;2.0;0.0;16;0;0;0;JACAREZINHO;REGIÃO NORTE;12
15075.0;2018-08-31;5.0;13.0;19.0;25.0;587.0;33.0;15.0;5.0;17.0;398.0;33.0;0.0;33.0;776.0;132.0;452.0;4;5;5;4;5;4;4;0;1;0;0;0;0;0;0;0;0;0;0;0;0;0;0;0.0;0.0;0.0;1.0;0.0;0.0;0.0;0.0;0.0;0.0;0.0;0.0;0.0;0.0;0.0;0.0;0.0;0.0;0.0;0.0;0.0;1.0;0.0;0.0;0.0;0.0;0.0;0.0;0.0;0.0;0.0;0.0;0.0;0.0;0.0;5.0;2.0;0.0;0.0;2.0;0.0;0;0;0;0;JACAREZINHO;REGIÃO NORTE;13
15434.0;2018-09-30;9.0;16.0;22.0;28.0;662.0;36.0;4.0;9.0;22.0;484.0;36.0;0.0;36.0;840.0;34.0;128.0;5;4;4;4;4;5;4;0;0;0;0;0;0;0;0;0;0;0;1;0;0;0;0;0.0;0.0;0.0;1.0;0.0;0.0;0.0;0.0;0.0;0.0;0.0;0.0;0.0;0.0;0.0;0.0;0.0;0.0;0.0;0.0;0.0;1.0;0.0;0.0;0.0;0.0;0.0;0.0;0.0;0.0;0.0;0.0;0.0;0.0;0.0;5.0;2.0;0.0;0.0;2.0;0.0;0;0;0;0;JACAREZINHO;REGIÃO NORTE;14
16113.0;2018-10-31;15.0;20.0;24.0;26.0;732.0;33.0;8.0;15.0;21.0;572.0;33.0;0.0;33.0;893.0;47.0;246.0;4;5;4;5;4;4;5;0;0;0;0;0;0;0;0;0;0;1;0;0;0;0;0;0.0;0.0;0.0;1.0;0.0;0.0;0.0;0.0;0.0;0.0;0.0;0.0;0.0;0.0;0.0;0.0;0.0;0.0;0.0;0.0;0.0;1.0;0.0;0.0;0.0;0.0;0.0;0.0;0.0;0.0;0.0;0.0;0.0;0.0;0.0;5.0;2.0;0.0;0.0;2.0;0.0;0;0;0;0;JACAREZINHO;REGIÃO NORTE;15
15364.0;2018-11-30;14.0;21.0;24.0;30.0;733.0;35.0;2.0;14.0;25.0;555.0;35.0;0.0;35.0;911.0;38.0;73.0;4;4;5;4;5;4;4;0;0;0;0;0;0;0;0;0;1;0;0;0;0;0;0;0.0;0.0;0.0;1.0;0.0;0.0;0.0;0.0;0.0;0.0;0.0;0.0;0.0;0.0;0.0;0.0;0.0;0.0;0.0;0.0;0.0;1.0;0.0;0.0;0.0;0.0;0.0;0.0;0.0;0.0;0.0;0.0;0.0;0.0;0.0;5.0;2.0;0.0;0.0;2.0;0.0;0;0;0;0;JACAREZINHO;REGIÃO NORTE;16
13256.0;2018-12-31;16.0;21.0;26.0;29.0;808.0;35.0;3.0;16.0;25.0;643.0;35.0;0.0;35.0;973.0;16.0;81.0;5;4;4;5;4;5;4;0;0;1;0;0;0;0;0;0;0;0;0;0;0;0;0;0.0;0.0;0.0;1.0;0.0;0.0;0.0;0.0;0.0;0.0;0.0;0.0;0.0;0.0;0.0;0.0;0.0;0.0;0.0;0.0;0.0;1.0;0.0;0.0;0.0;0.0;0.0;0.0;0.0;0.0;0.0;0.0;0.0;0.0;0.0;5.0;2.0;0.0;0.0;2.0;0.0;0;0;0;0;JACAREZINHO;REGIÃO NORTE;17
12208.0;2019-01-31;19.0;25.0;27.0;30.0;842.0;36.0;4.0;19.0;27.0;690.0;36.0;0.0;36.0;994.0;26.0;135.0;4;5;5;4;4;4;5;0;0;0;0;1;0;0;0;0;0;0;0;0;0;0;0;0.0;0.0;0.0;0.0;1.0;0.0;0.0;0.0;0.0;0.0;0.0;0.0;0.0;0.0;0.0;0.0;0.0;0.0;0.0;0.0;0.0;1.0;0.0;0.0;0.0;0.0;0.0;0.0;0.0;0.0;0.0;0.0;0.0;0.0;0.0;5.0;2.0;0.0;0.0;2.0;0.0;31;0;0;0;JACAREZINHO;REGIÃO NORTE;18
13674.0;2019-02-28;17.0;22.0;26.0;31.0;728.0;37.0;5.0;17.0;25.0;582.0;37.0;0.0;37.0;874.0;26.0;145.0;4;4;4;4;4;4;4;0;0;0;1;0;0;0;0;0;0;0;0;0;0;0;0;0.0;0.0;0.0;0.0;1.0;0.0;0.0;0.0;0.0;0.0;0.0;0.0;0.0;0.0;0.0;0.0;0.0;0.0;0.0;0.0;0.0;1.0;0.0;0.0;0.0;0.0;0.0;0.0;0.0;0.0;0.0;0.0;0.0;0.0;0.0;5.0;2.0;0.0;0.0;2.8214285714285716;0.0;0;0;0;0;JACAREZINHO;REGIÃO NORTE;19
18131.0;2019-03-31;16.0;22.0;25.0;27.0;782.0;33.0;3.0;16.0;23.0;622.0;33.0;0.0;33.0;941.0;22.0;95.0;5;4;4;4;5;5;4;0;0;0;0;0;0;0;0;1;0;0;0;0;0;0;0;0.0;0.0;0.0;0.0;1.0;0.0;0.0;0.0;0.0;0.0;0.0;0.0;0.0;0.0;0.0;0.0;0.0;0.0;0.0;0.0;0.0;1.0;0.0;0.0;0.0;0.0;0.0;0.0;0.0;0.0;0.0;0.0;0.0;0.0;0.0;5.0;2.0;0.0;0.0;3.0;0.0;0;3;0;0;JACAREZINHO;REGIÃO NORTE;20
17564.0;2019-04-30;15.0;21.0;24.0;26.0;720.0;32.0;3.0;15.0;22.0;569.0;32.0;0.0;32.0;871.0;40.0;96.0;4;4;4;5;4;4;5;1;0;0;0;0;0;0;0;0;0;0;0;0;0;0;0;0.0;0.0;0.0;0.0;1.0;0.0;0.0;0.0;0.0;0.0;0.0;0.0;0.0;0.0;0.0;0.0;0.0;0.0;0.0;0.0;0.0;1.0;0.0;0.0;0.0;0.0;0.0;0.0;0.0;0.0;0.0;0.0;0.0;0.0;0.0;5.0;2.0;0.0;0.0;3.0;0.0;0;1;0;0;JACAREZINHO;REGIÃO NORTE;21
17168.0;2019-05-31;10.0;16.0;21.0;27.0;664.0;32.0;2.0;10.0;22.0;524.0;32.0;0.0;32.0;805.0;25.0;56.0;4;5;5;4;5;4;4;0;0;0;0;0;0;0;1;0;0;0;0;0;0;0;0;0.0;0.0;0.0;0.0;1.0;0.0;0.0;0.0;0.0;0.0;0.0;0.0;0.0;0.0;0.0;0.0;0.0;0.0;0.0;0.0;0.0;1.0;0.0;0.0;0.0;0.0;0.0;0.0;0.0;0.0;0.0;0.0;0.0;0.0;0.0;5.0;2.0;0.0;0.0;3.0;0.0;0;0;0;0;JACAREZINHO;REGIÃO NORTE;22
14214.0;2019-06-30;8.0;14.0;20.0;24.0;611.0;31.0;2.0;8.0;19.0;436.0;31.0;0.0;31.0;787.0;50.0;54.0;5;4;4;4;4;5;4;0;0;0;0;0;0;1;0;0;0;0;0;0;0;0;0;0.0;0.0;0.0;0.0;1.0;0.0;0.0;0.0;0.0;0.0;0.0;0.0;0.0;0.0;0.0;0.0;0.0;0.0;0.0;0.0;0.0;1.0;0.0;0.0;0.0;0.0;0.0;0.0;0.0;0.0;0.0;0.0;0.0;0.0;0.0;5.0;2.0;0.0;0.0;3.0;0.0;0;1;0;0;JACAREZINHO;REGIÃO NORTE;23
13649.0;2019-07-31;1.0;10.0;19.0;24.0;586.0;31.0;2.0;1.0;19.0;391.0;31.0;0.0;31.0;780.0;38.0;67.0;4;5;4;5;4;4;5;0;0;0;0;0;1;0;0;0;0;0;0;0;0;0;0;0.0;0.0;0.0;0.0;1.0;0.0;0.0;0.0;0.0;0.0;0.0;0.0;0.0;0.0;0.0;0.0;0.0;0.0;0.0;0.0;0.0;1.0;0.0;0.0;0.0;0.0;0.0;0.0;0.0;0.0;0.0;0.0;0.0;0.0;0.0;5.0;2.0;0.0;0.0;3.0;0.0;16;0;0;0;JACAREZINHO;REGIÃO NORTE;24
15395.0;2019-08-31;7.0;13.0;20.0;25.0;628.0;33.0;0.0;7.0;19.0;418.0;33.0;0.0;33.0;837.0;3.0;8.0;4;4;5;4;5;5;4;0;1;0;0;0;0;0;0;0;0;0;0;0;0;0;0;0.0;0.0;0.0;0.0;1.0;0.0;0.0;0.0;0.0;0.0;0.0;0.0;0.0;0.0;0.0;0.0;0.0;0.0;0.0;0.0;0.0;1.0;0.0;0.0;0.0;0.0;0.0;0.0;0.0;0.0;0.0;0.0;0.0;0.0;0.0;5.0;2.0;0.0;0.0;3.0;0.0;0;0;0;0;JACAREZINHO;REGIÃO NORTE;25
15624.0;2019-09-30;13.0;18.0;24.0;30.0;712.0;37.0;3.0;13.0;23.0;533.0;37.0;0.0;37.0;891.0;26.0;81.0;5;4;4;5;4;4;4;0;0;0;0;0;0;0;0;0;0;0;1;0;0;0;0;0.0;0.0;0.0;0.0;1.0;0.0;0.0;0.0;0.0;0.0;0.0;0.0;0.0;0.0;0.0;0.0;0.0;0.0;0.0;0.0;0.0;1.0;0.0;0.0;0.0;0.0;0.0;0.0;0.0;0.0;0.0;0.0;0.0;0.0;0.0;5.0;2.0;0.0;0.0;3.0;0.0;0;0;0;0;JACAREZINHO;REGIÃO NORTE;26
17107.0;2019-10-31;16.0;20.0;26.0;31.0;807.0;39.0;3.0;16.0;24.0;604.0;39.0;0.0;39.0;1010.0;48.0;93.0;4;5;5;4;4;4;5;0;0;0;0;0;0;0;0;0;0;1;0;0;0;0;0;0.0;0.0;0.0;0.0;1.0;0.0;0.0;0.0;0.0;0.0;0.0;0.0;0.0;0.0;0.0;0.0;0.0;0.0;0.0;0.0;0.0;1.0;0.0;0.0;0.0;0.0;0.0;0.0;0.0;0.0;0.0;0.0;0.0;0.0;0.0;5.0;2.0;0.0;0.0;3.0;0.0;0;0;0;0;JACAREZINHO;REGIÃO NORTE;27
16226.0;2019-11-30;15.0;22.0;26.0;30.0;768.0;38.0;4.0;15.0;24.0;580.0;38.0;0.0;38.0;955.0;43.0;132.0;4;4;4;4;5;5;4;0;0;0;0;0;0;0;0;0;1;0;0;0;0;0;0;0.0;0.0;0.0;0.0;1.0;0.0;0.0;0.0;0.0;0.0;0.0;0.0;0.0;0.0;0.0;0.0;0.0;0.0;0.0;0.0;0.0;1.0;0.0;0.0;0.0;0.0;0.0;0.0;0.0;0.0;0.0;0.0;0.0;0.0;0.0;5.0;2.0;0.0;0.0;3.0;0.0;0;0;0;0;JACAREZINHO;REGIÃO NORTE;28
11575.0;2019-12-31;16.0;21.0;24.0;28.0;757.0;34.0;4.0;16.0;22.0;609.0;34.0;0.0;34.0;906.0;32.0;121.0;5;4;4;5;4;4;5;0;0;1;0;0;0;0;0;0;0;0;0;0;0;0;0;0.0;0.0;0.0;0.0;1.0;0.0;0.0;0.0;0.0;0.0;0.0;0.0;0.0;0.0;0.0;0.0;0.0;0.0;0.0;0.0;0.0;1.0;0.0;0.0;0.0;0.0;0.0;0.0;0.0;0.0;0.0;0.0;0.0;0.0;0.0;5.0;2.0;0.0;0.0;3.0;0.0;0;0;0;0;JACAREZINHO;REGIÃO NORTE;29
9605.0;2020-01-31;17.0;21.0;25.0;29.0;790.0;34.0;6.0;17.0;24.0;651.0;34.0;0.0;34.0;930.0;75.0;197.0;4;5;5;4;5;4;4;0;0;0;0;1;0;0;0;0;0;0;0;0;0;0;0;0.0;0.0;0.0;0.0;0.0;1.0;0.0;0.0;0.0;0.0;0.0;0.0;0.0;0.0;0.0;0.0;0.0;0.0;0.0;0.0;0.0;1.0;0.0;0.0;0.0;0.0;0.0;0.0;0.0;0.0;0.0;0.0;0.0;0.0;0.0;5.0;2.0;0.0;0.0;3.0;0.0;31;0;0;0;JACAREZINHO;REGIÃO NORTE;30
12596.0;2020-02-29;17.0;23.0;25.0;29.0;737.0;35.0;5.0;17.0;23.0;593.0;35.0;0.0;35.0;880.0;44.0;138.0;4;4;4;4;4;5;4;0;0;0;1;0;0;0;0;0;0;0;0;0;0;0;0;0.0;0.0;0.0;0.0;0.0;1.0;0.0;0.0;0.0;0.0;0.0;0.0;0.0;0.0;0.0;0.0;0.0;0.0;0.0;0.0;0.0;1.0;0.0;0.0;0.0;0.0;0.0;0.0;0.0;0.0;0.0;0.0;0.0;0.0;0.0;5.0;2.0;0.0;0.0;3.0;0.0;0;3;0;0;JACAREZINHO;REGIÃO NORTE;31
12304.0;2020-03-31;16.0;23.0;25.0;28.0;772.0;35.0;1.0;16.0;23.0;584.0;35.0;0.0;35.0;960.0;13.0;24.0;5;4;4;5;4;4;5;0;0;0;0;0;0;0;0;1;0;0;0;0;0;0;0;0.0;0.0;0.0;0.0;0.0;1.0;0.0;0.0;0.0;0.0;0.0;0.0;0.0;0.0;0.0;0.0;0.0;0.0;0.0;0.0;0.0;1.0;0.0;0.0;0.0;0.0;0.0;0.0;0.0;0.0;0.0;0.0;0.0;0.0;0.0;5.0;2.0;0.0;0.0;3.0;0.0;0;0;15;0;JACAREZINHO;REGIÃO NORTE;32
6584.0;2020-04-30;11.0;18.0;23.0;27.0;686.0;33.0;2.0;11.0;22.0;505.0;33.0;0.0;33.0;866.0;34.0;46.0;4;5;5;4;4;4;4;1;0;0;0;0;0;0;0;0;0;0;0;0;0;0;0;0.0;0.0;0.0;0.0;0.0;1.0;0.0;0.0;0.0;0.0;0.0;0.0;0.0;0.0;0.0;0.0;0.0;0.0;0.0;0.0;0.0;1.0;0.0;0.0;0.0;0.0;0.0;0.0;0.0;0.0;0.0;0.0;0.0;0.0;0.0;5.0;2.0;0.0;0.0;3.0;0.0;0;1;30;0;JACAREZINHO;REGIÃO NORTE;33
6397.0;2020-05-31;8.0;14.0;20.0;26.0;622.0;32.0;2.0;8.0;20.0;439.0;32.0;0.0;32.0;805.0;60.0;62.0;5;4;4;4;5;5;4;0;0;0;0;0;0;0;1;0;0;0;0;0;0;0;0;0.0;0.0;0.0;0.0;0.0;1.0;0.0;0.0;0.0;0.0;0.0;0.0;0.0;0.0;0.0;0.0;0.0;0.0;0.0;0.0;0.0;1.0;0.0;0.0;0.0;0.0;0.0;0.0;0.0;0.0;0.0;0.0;0.0;0.0;0.0;5.0;2.0;0.0;0.0;3.0;0.0;0;0;31;0;JACAREZINHO;REGIÃO NORTE;34
6142.0;2020-06-30;11.0;16.0;20.0;24.0;614.0;30.0;4.0;11.0;19.0;460.0;30.0;0.0;30.0;768.0;98.0;122.0;4;4;4;5;4;4;5;0;0;0;0;0;0;1;0;0;0;0;0;0;0;0;0;0.0;0.0;0.0;0.0;0.0;1.0;0.0;0.0;0.0;0.0;0.0;0.0;0.0;0.0;0.0;0.0;0.0;0.0;0.0;0.0;0.0;1.0;0.0;0.0;0.0;0.0;0.0;0.0;0.0;0.0;0.0;0.0;0.0;0.0;0.0;5.0;2.0;0.0;0.0;3.0;0.0;0;1;30;0;JACAREZINHO;REGIÃO NORTE;35
6314.0;2020-07-31;6.0;13.0;20.0;24.0;606.0;30.0;0.0;6.0;18.0;420.0;30.0;0.0;30.0;792.0;7.0;10.0;4;5;5;4;5;4;4;0;0;0;0;0;1;0;0;0;0;0;0;0;0;0;0;0.0;0.0;0.0;0.0;0.0;1.0;0.0;0.0;0.0;0.0;0.0;0.0;0.0;0.0;0.0;0.0;0.0;0.0;0.0;0.0;0.0;1.0;0.0;0.0;0.0;0.0;0.0;0.0;0.0;0.0;0.0;0.0;0.0;0.0;0.0;5.0;2.0;0.0;0.0;3.0;0.0;0;0;31;0;JACAREZINHO;REGIÃO NORTE;36
6249.0;2020-08-31;5.0;12.0;20.0;26.0;613.0;35.0;6.0;5.0;18.0;421.0;35.0;0.0;35.0;805.0;60.0;190.0;5;4;4;5;4;5;4;0;1;0;0;0;0;0;0;0;0;0;0;0;0;0;0;0.0;0.0;0.0;0.0;0.0;1.0;0.0;0.0;0.0;0.0;0.0;0.0;0.0;0.0;0.0;0.0;0.0;0.0;0.0;0.0;0.0;1.0;0.0;0.0;0.0;0.0;0.0;0.0;0.0;0.0;0.0;0.0;0.0;0.0;0.0;5.0;2.0;0.0;0.0;3.0;0.0;0;0;31;0;JACAREZINHO;REGIÃO NORTE;37
6042.0;2020-09-30;13.0;18.0;25.0;29.0;760.0;38.0;1.0;13.0;21.0;548.0;38.0;0.0;38.0;972.0;25.0;43.0;4;5;4;4;4;4;5;0;0;0;0;0;0;0;0;0;0;0;1;0;0;0;0;0.0;0.0;0.0;0.0;0.0;1.0;0.0;0.0;0.0;0.0;0.0;0.0;0.0;0.0;0.0;0.0;0.0;0.0;0.0;0.0;0.0;1.0;0.0;0.0;0.0;0.0;0.0;0.0;0.0;0.0;0.0;0.0;0.0;0.0;0.0;5.0;2.0;0.0;0.0;3.0;0.0;0;0;30;0;JACAREZINHO;REGIÃO NORTE;38
6277.0;2020-10-31;14.0;20.0;25.0;32.0;788.0;40.0;2.0;14.0;24.0;580.0;40.0;0.0;40.0;996.0;28.0;64.0;4;4;5;4;5;5;4;0;0;0;0;0;0;0;0;0;0;1;0;0;0;0;0;0.0;0.0;0.0;0.0;0.0;1.0;0.0;0.0;0.0;0.0;0.0;0.0;0.0;0.0;0.0;0.0;0.0;0.0;0.0;0.0;0.0;1.0;0.0;0.0;0.0;0.0;0.0;0.0;0.0;0.0;0.0;0.0;0.0;0.0;0.0;5.0;2.0;0.0;0.0;3.0;0.0;0;0;31;0;JACAREZINHO;REGIÃO NORTE;39
6113.0;2020-11-30;12.0;21.0;25.0;30.0;760.0;37.0;2.0;12.0;24.0;544.0;37.0;0.0;37.0;975.0;28.0;71.0;5;4;4;5;4;4;4;0;0;0;0;0;0;0;0;0;1;0;0;0;0;0;0;0.0;0.0;0.0;0.0;0.0;1.0;0.0;0.0;0.0;0.0;0.0;0.0;0.0;0.0;0.0;0.0;0.0;0.0;0.0;0.0;0.0;1.0;0.0;0.0;0.0;0.0;0.0;0.0;0.0;0.0;0.0;0.0;0.0;0.0;0.0;5.0;2.0;0.0;0.0;3.0;0.0;0;0;30;0;JACAREZINHO;REGIÃO NORTE;40
5735.0;2020-12-31;19.0;22.0;26.0;28.0;797.0;33.0;7.0;19.0;24.0;653.0;33.0;0.0;33.0;942.0;44.0;229.0;4;5;5;4;4;4;5;0;0;1;0;0;0;0;0;0;0;0;0;0;0;0;0;0.0;0.0;0.0;0.0;0.0;1.0;0.0;0.0;0.0;0.0;0.0;0.0;0.0;0.0;0.0;0.0;0.0;0.0;0.0;0.0;0.0;1.0;0.0;0.0;0.0;0.0;0.0;0.0;0.0;0.0;0.0;0.0;0.0;0.0;0.0;5.0;2.0;0.0;0.0;3.0;0.0;0;0;31;0;JACAREZINHO;REGIÃO NORTE;41
5890.0;2021-01-31;19.0;23.0;25.0;29.0;789.0;33.0;11.0;19.0;24.0;665.0;33.0;0.0;33.0;913.0;73.0;328.0;5;4;4;4;5;5;4;0;0;0;0;1;0;0;0;0;0;0;0;1;0;0;0;0.0;0.0;0.0;0.0;0.0;0.0;0.0;0.0;0.0;0.0;0.0;0.0;0.0;0.0;0.0;0.0;0.0;0.0;0.0;0.0;0.0;1.0;0.0;0.0;0.0;0.0;0.0;0.0;0.0;0.0;0.0;0.0;0.0;0.0;0.0;5.0;2.0;0.0;0.0;3.0;0.0;0;0;31;0;JACAREZINHO;REGIÃO NORTE;42
5292.0;2021-02-28;18.0;22.0;25.0;28.0;711.0;35.0;1.0;18.0;23.0;553.0;35.0;0.0;35.0;868.0;9.0;29.0;4;4;4;4;4;4;4;0;0;0;1;0;0;0;0;0;0;0;0;1;0;0;0;0.0;0.0;0.0;0.0;0.0;0.0;0.0;0.0;0.0;0.0;0.0;0.0;0.0;0.0;0.0;0.0;0.0;0.0;0.0;0.0;0.0;1.0;0.0;0.0;0.0;0.0;0.0;0.0;0.0;0.0;0.0;0.0;0.0;0.0;0.0;5.0;2.0;0.0;0.0;3.0;1.0;0;3;28;0;JACAREZINHO;REGIÃO NORTE;43
5673.0;2021-03-31;16.0;22.0;26.0;28.0;799.0;34.0;5.0;16.0;22.0;632.0;34.0;0.0;34.0;965.0;23.0;143.0;4;5;4;5;4;4;5;0;0;0;0;0;0;0;0;1;0;0;0;1;0;0;0;0.0;0.0;0.0;0.0;0.0;0.0;0.0;0.0;0.0;0.0;0.0;0.0;0.0;0.0;0.0;0.0;0.0;0.0;0.0;0.0;0.0;1.0;0.0;0.0;0.0;0.0;0.0;0.0;0.0;0.0;0.0;0.0;0.0;0.0;0.0;5.0;2.0;0.0;0.0;3.0;1.0;0;0;31;0;JACAREZINHO;REGIÃO NORTE;44
5610.0;2021-04-30;14.0;20.0;23.0;27.0;680.0;33.0;0.0;14.0;21.0;503.0;33.0;0.0;33.0;856.0;0.0;2.0;4;4;5;4;5;4;4;1;0;0;0;0;0;0;0;0;0;0;0;1;0;0;0;0.0;0.0;0.0;0.0;0.0;0.0;0.0;0.0;0.0;0.0;0.0;0.0;0.0;0.0;0.0;0.0;0.0;0.0;0.0;0.0;0.0;1.0;0.0;0.0;0.0;0.0;0.0;0.0;0.0;0.0;0.0;0.0;0.0;0.0;0.0;5.0;2.0;0.0;0.0;3.0;1.0;0;1;30;0;JACAREZINHO;REGIÃO NORTE;45
5518.0;2021-05-31;8.0;16.0;20.0;25.0;632.0;30.0;8.0;8.0;21.0;451.0;30.0;0.0;30.0;812.0;184.0;238.0;5;4;4;5;4;5;4;0;0;0;0;0;0;0;1;0;0;0;0;1;0;0;0;0.0;0.0;0.0;0.0;0.0;0.0;0.0;0.0;0.0;0.0;0.0;0.0;0.0;0.0;0.0;0.0;0.0;0.0;0.0;0.0;0.0;1.0;0.0;0.0;0.0;0.0;0.0;0.0;0.0;0.0;0.0;0.0;0.0;0.0;0.0;5.0;2.0;0.0;0.0;3.0;1.0;0;0;31;0;JACAREZINHO;REGIÃO NORTE;46
5310.0;2021-06-30;2.0;8.0;18.0;23.0;548.0;29.0;4.0;2.0;17.0;398.0;29.0;0.0;29.0;698.0;26.0;113.0;4;5;4;4;4;4;5;0;0;0;0;0;0;1;0;0;0;0;0;1;0;0;0;0.0;0.0;0.0;0.0;0.0;0.0;0.0;0.0;0.0;0.0;0.0;0.0;0.0;0.0;0.0;0.0;0.0;0.0;0.0;0.0;0.0;1.0;0.0;0.0;0.0;0.0;0.0;0.0;0.0;0.0;0.0;0.0;0.0;0.0;0.0;5.0;2.0;0.0;0.0;3.0;1.0;0;1;30;0;JACAREZINHO;REGIÃO NORTE;47
5363.0;2021-07-31;2.0;8.0;17.0;22.0;533.0;30.0;2.0;2.0;16.0;317.0;30.0;0.0;30.0;749.0;32.0;50.0;4;4;5;4;5;5;4;0;0;0;0;0;1;0;0;0;0;0;0;1;0;0;0;0.0;0.0;0.0;0.0;0.0;0.0;0.0;0.0;0.0;0.0;0.0;0.0;0.0;0.0;0.0;0.0;0.0;0.0;0.0;0.0;0.0;1.0;0.0;0.0;0.0;0.0;0.0;0.0;0.0;0.0;0.0;0.0;0.0;0.0;0.0;5.0;2.0;0.0;0.0;3.0;1.0;0;0;31;0;JACAREZINHO;REGIÃO NORTE;48
5642.0;2021-08-31;9.0;16.0;22.0;28.0;678.0;36.0;3.0;9.0;20.0;474.0;36.0;0.0;36.0;882.0;76.0;101.0;5;4;4;5;4;4;5;0;1;0;0;0;0;0;0;0;0;0;0;1;0;0;0;0.0;0.0;0.0;0.0;0.0;0.0;0.0;0.0;0.0;0.0;0.0;0.0;0.0;0.0;0.0;0.0;0.0;0.0;0.0;0.0;0.0;1.0;0.0;0.0;0.0;0.0;0.0;0.0;0.0;0.0;0.0;0.0;0.0;0.0;0.0;5.0;2.0;0.0;0.0;3.0;1.0;0;0;31;0;JACAREZINHO;REGIÃO NORTE;49
5670.0;2021-09-30;12.0;20.0;25.0;31.0;760.0;39.0;4.0;12.0;25.0;553.0;39.0;0.0;39.0;966.0;67.0;117.0;4;5;5;4;4;4;4;0;0;0;0;0;0;0;0;0;0;0;1;1;0;0;0;0.0;0.0;0.0;0.0;0.0;0.0;0.0;0.0;0.0;0.0;0.0;0.0;0.0;0.0;0.0;0.0;0.0;0.0;0.0;0.0;0.0;1.0;0.0;0.0;0.0;0.0;0.0;0.0;0.0;0.0;0.0;0.0;0.0;0.0;0.0;5.0;2.0;0.0;0.0;3.0;1.0;0;0;30;0;JACAREZINHO;REGIÃO NORTE;50
5177.0;2021-10-31;12.0;19.0;22.0;26.0;690.0;34.0;6.0;12.0;20.0;537.0;34.0;0.0;34.0;843.0;59.0;175.0;5;4;4;4;5;5;4;0;0;0;0;0;0;0;0;0;0;1;0;1;0;0;0;0.0;0.0;0.0;0.0;0.0;0.0;0.0;0.0;0.0;0.0;0.0;0.0;0.0;0.0;0.0;0.0;0.0;0.0;0.0;0.0;0.0;1.0;0.0;0.0;0.0;0.0;0.0;0.0;0.0;0.0;0.0;0.0;0.0;0.0;0.0;5.0;2.0;0.0;0.0;3.0;1.0;0;0;0;0;JACAREZINHO;REGIÃO NORTE;51
5340.0;2021-11-30;14.0;21.0;26.0;29.0;765.0;35.0;1.0;14.0;23.0;575.0;35.0;0.0;35.0;956.0;8.0;22.0;4;4;4;5;4;4;5;0;0;0;0;0;0;0;0;0;1;0;0;1;0;0;0;0.0;0.0;0.0;0.0;0.0;0.0;0.0;0.0;0.0;0.0;0.0;0.0;0.0;0.0;0.0;0.0;0.0;0.0;0.0;0.0;0.0;1.0;0.0;0.0;0.0;0.0;0.0;0.0;0.0;0.0;0.0;0.0;0.0;0.0;0.0;5.0;2.0;0.0;0.0;3.0;1.0;0;0;0;0;JACAREZINHO;REGIÃO NORTE;52
5673.0;2021-12-31;16.0;22.0;26.0;30.0;798.0;37.0;2.0;16.0;24.0;616.0;37.0;0.0;37.0;979.0;33.0;72.0;4;5;5;4;5;4;4;0;0;1;0;0;0;0;0;0;0;0;0;1;0;0;0;0.0;0.0;0.0;0.0;0.0;0.0;0.0;0.0;0.0;0.0;0.0;0.0;0.0;0.0;0.0;0.0;0.0;0.0;0.0;0.0;0.0;1.0;0.0;0.0;0.0;0.0;0.0;0.0;0.0;0.0;0.0;0.0;0.0;0.0;0.0;5.0;1.5806451612903225;0.0;0.0;3.0;1.0;0;0;0;0;JACAREZINHO;REGIÃO NORTE;53
6634.0;2022-01-31;17.0;22.0;26.0;30.0;792.0;35.0;9.0;17.0;24.0;642.0;35.0;0.0;35.0;941.0;44.0;286.0;5;4;4;5;4;5;4;0;0;0;0;1;0;0;0;0;0;0;0;0;1;0;0;0.0;0.0;0.0;0.0;0.0;0.0;0.0;0.0;0.0;0.0;0.0;0.0;0.0;0.0;0.0;0.0;0.0;0.0;0.0;0.0;0.0;1.0;0.0;0.0;0.0;0.0;0.0;0.0;0.0;0.0;0.0;0.0;0.0;0.0;0.0;5.0;1.0;0.0;0.0;3.0;1.0;31;0;0;0;JACAREZINHO;REGIÃO NORTE;54
12152.0;2022-02-28;18.0;24.0;27.0;30.0;750.0;37.0;3.0;18.0;24.0;583.0;37.0;0.0;37.0;918.0;28.0;95.0;4;4;4;4;4;4;4;0;0;0;1;0;0;0;0;0;0;0;0;0;1;0;0;0.0;0.0;0.0;0.0;0.0;0.0;0.0;0.0;0.0;0.0;0.0;0.0;0.0;0.0;0.0;0.0;0.0;0.0;0.0;0.0;0.0;1.0;0.0;0.0;0.0;0.0;0.0;0.0;0.0;0.0;0.0;0.0;0.0;0.0;0.0;5.0;1.0;0.0;0.0;3.0;1.0;0;1;0;0;JACAREZINHO;REGIÃO NORTE;55
18476.0;2022-03-31;18.0;22.0;26.0;29.0;805.0;35.0;8.0;18.0;24.0;647.0;35.0;0.0;35.0;963.0;52.0;260.0;4;5;5;4;4;4;5;0;0;0;0;0;0;0;0;1;0;0;0;0;1;0;0;0.0;0.0;0.0;0.0;0.0;0.0;0.0;0.0;0.0;0.0;0.0;0.0;0.0;0.0;0.0;0.0;0.0;0.0;0.0;0.0;0.0;1.0;0.0;0.0;0.0;0.0;0.0;0.0;0.0;0.0;0.0;0.0;0.0;0.0;0.0;5.0;1.0;0.0;0.0;3.0;1.0;0;1;0;0;JACAREZINHO;REGIÃO NORTE;56
14850.0;2022-04-30;12.0;18.0;23.0;26.0;689.0;32.0;3.0;12.0;20.0;525.0;32.0;0.0;32.0;854.0;37.0;100.0;4;4;4;4;5;5;4;1;0;0;0;0;0;0;0;0;0;0;0;0;1;0;0;0.0;0.0;0.0;0.0;0.0;0.0;0.0;0.0;0.0;0.0;0.0;0.0;0.0;0.0;0.0;0.0;0.0;0.0;0.0;0.0;0.0;1.0;0.0;0.0;0.0;0.0;0.0;0.0;0.0;0.0;0.0;0.0;0.0;0.0;0.0;5.0;1.0;0.0;0.0;3.0;1.0;0;1;0;0;JACAREZINHO;REGIÃO NORTE;57
13578.0;2022-05-31;6.0;9.0;19.0;25.0;578.0;30.0;3.0;6.0;20.0;418.0;30.0;0.0;30.0;737.0;40.0;100.0;5;4;4;5;4;4;5;0;0;0;0;0;0;0;1;0;0;0;0;0;1;0;0;0.0;0.0;0.0;0.0;0.0;0.0;0.0;0.0;0.0;0.0;0.0;0.0;0.0;0.0;0.0;0.0;0.0;0.0;0.0;0.0;0.0;1.0;0.0;0.0;0.0;0.0;0.0;0.0;0.0;0.0;0.0;0.0;0.0;0.0;0.0;5.0;1.0;0.0;0.0;3.0;1.0;0;0;0;0;JACAREZINHO;REGIÃO NORTE;58
12930.0;2022-06-30;7.0;13.0;19.0;23.0;567.0;28.0;2.0;7.0;17.0;406.0;28.0;0.0;28.0;728.0;24.0;70.0;4;5;5;4;4;4;4;0;0;0;0;0;0;1;0;0;0;0;0;0;1;0;0;0.0;0.0;0.0;0.0;0.0;0.0;0.0;0.0;0.0;0.0;0.0;0.0;0.0;0.0;0.0;0.0;0.0;0.0;0.0;0.0;0.0;1.0;0.0;0.0;0.0;0.0;0.0;0.0;0.0;0.0;0.0;0.0;0.0;0.0;0.0;5.0;1.0;0.0;0.0;3.0;1.0;0;1;0;0;JACAREZINHO;REGIÃO NORTE;59
9269.0;2022-07-31;9.0;16.0;21.0;23.0;653.0;30.0;0.0;9.0;17.0;463.0;30.0;0.0;30.0;844.0;2.0;6.0;5;4;4;4;5;5;4;0;0;0;0;0;1;0;0;0;0;0;0;0;1;0;0;0.0;0.0;0.0;0.0;0.0;0.0;0.0;0.0;0.0;0.0;0.0;0.0;0.0;0.0;0.0;0.0;0.0;0.0;0.0;0.0;0.0;1.0;0.0;0.0;0.0;0.0;0.0;0.0;0.0;0.0;0.0;0.0;0.0;0.0;0.0;5.0;1.0;0.0;0.0;3.0;1.0;0;0;0;0;JACAREZINHO;REGIÃO NORTE;60
15221.0;2022-08-31;7.0;13.0;19.0;25.0;600.0;32.0;6.0;7.0;19.0;420.0;32.0;0.0;32.0;780.0;52.0;176.0;4;5;4;5;4;4;5;0;1;0;0;0;0;0;0;0;0;0;0;0;1;0;0;0.0;0.0;0.0;0.0;0.0;0.0;0.0;0.0;0.0;0.0;0.0;0.0;0.0;0.0;0.0;0.0;0.0;0.0;0.0;0.0;0.0;1.0;0.0;0.0;0.0;0.0;0.0;0.0;0.0;0.0;0.0;0.0;0.0;0.0;0.0;5.0;1.0;0.0;0.0;3.0;1.0;0;0;0;0;JACAREZINHO;REGIÃO NORTE;61
14130.0;2022-09-30;9.0;16.0;19.0;28.0;580.0;34.0;5.0;9.0;22.0;428.0;34.0;0.0;34.0;733.0;58.0;158.0;4;4;5;4;5;4;4;0;0;0;0;0;0;0;0;0;0;0;1;0;1;0;0;0.0;0.0;0.0;0.0;0.0;0.0;0.0;0.0;0.0;0.0;0.0;0.0;0.0;0.0;0.0;0.0;0.0;0.0;0.0;0.0;0.0;1.0;0.0;0.0;0.0;0.0;0.0;0.0;0.0;0.0;0.0;0.0;0.0;0.0;0.0;5.0;1.0;0.0;0.0;3.0;1.0;0;0;0;0;JACAREZINHO;REGIÃO NORTE;62
13764.0;2022-10-31;4.0;17.0;23.0;27.0;715.0;34.0;6.0;4.0;21.0;530.0;34.0;0.0;34.0;900.0;63.0;197.0;5;4;4;5;4;5;4;0;0;0;0;0;0;0;0;0;0;1;0;0;1;0;0;0.0;0.0;0.0;0.0;0.0;0.0;0.0;0.0;0.0;0.0;0.0;0.0;0.0;0.0;0.0;0.0;0.0;0.0;0.0;0.0;0.0;1.0;0.0;0.0;0.0;0.0;0.0;0.0;0.0;0.0;0.0;0.0;0.0;0.0;0.0;5.0;1.0;0.0;0.0;3.0;1.0;0;0;0;0;JACAREZINHO;REGIÃO NORTE;63
14700.0;2022-11-30;10.0;16.0;22.0;25.0;672.0;34.0;1.0;10.0;20.0;476.0;34.0;0.0;34.0;869.0;6.0;25.0;4;5;4;4;4;4;5;0;0;0;0;0;0;0;0;0;1;0;0;0;1;0;0;0.0;0.0;0.0;0.0;0.0;0.0;0.0;0.0;0.0;0.0;0.0;0.0;0.0;0.0;0.0;0.0;0.0;0.0;0.0;0.0;0.0;1.0;0.0;0.0;0.0;0.0;0.0;0.0;0.0;0.0;0.0;0.0;0.0;0.0;0.0;5.0;1.0;0.0;0.0;3.0;1.0;0;0;0;0;JACAREZINHO;REGIÃO NORTE;64
13423.0;2022-12-31;-2.0;15.0;24.0;28.0;751.0;35.0;7.0;-2.0;23.0;583.0;35.0;0.0;35.0;919.0;62.0;221.0;4;4;5;4;5;5;4;0;0;1;0;0;0;0;0;0;0;0;0;0;1;0;0;0.0;0.0;0.0;0.0;0.0;0.0;0.0;0.0;0.0;0.0;0.0;0.0;0.0;0.0;0.0;0.0;0.0;0.0;0.0;0.0;0.0;1.0;0.0;0.0;0.0;0.0;0.0;0.0;0.0;0.0;0.0;0.0;0.0;0.0;0.0;5.0;1.0;0.0;0.0;3.0;1.0;0;0;0;0;JACAREZINHO;REGIÃO NORTE;65
11315.0;2023-01-31;17.0;20.0;24.0;27.0;757.0;33.0;9.0;17.0;22.0;610.0;33.0;0.0;33.0;903.0;72.0;280.0;5;4;4;5;4;4;5;0;0;0;0;1;0;0;0;0;0;0;0;0;0;1;0;0.0;0.0;0.0;0.0;0.0;0.0;0.0;0.0;0.0;0.0;0.0;0.0;0.0;0.0;0.0;0.0;0.0;0.0;0.0;0.0;0.0;1.0;0.0;0.0;0.0;0.0;0.0;0.0;0.0;0.0;0.0;0.0;0.0;0.0;0.0;5.0;1.0;0.0;0.0;3.0;1.0;31;0;0;0;JACAREZINHO;REGIÃO NORTE;66
16968.0;2023-02-28;18.0;22.0;25.0;27.0;695.0;34.0;9.0;18.0;22.0;563.0;34.0;0.0;34.0;827.0;65.0;249.0;4;4;4;4;4;4;4;0;0;0;1;0;0;0;0;0;0;0;0;0;0;1;0;0.0;0.0;0.0;0.0;0.0;0.0;0.0;0.0;0.0;0.0;0.0;0.0;0.0;0.0;0.0;0.0;0.0;0.0;0.0;0.0;0.0;1.0;0.0;0.0;0.0;0.0;0.0;0.0;0.0;0.0;0.0;0.0;0.0;0.0;0.0;5.0;1.0;0.0;0.0;3.0;1.0;0;3;0;0;JACAREZINHO;REGIÃO NORTE;67
24707.0;2023-03-31;18.0;23.0;25.0;28.0;790.0;34.0;9.0;18.0;23.0;621.0;34.0;0.0;34.0;959.0;59.0;277.0;4;5;5;4;5;4;4;0;0;0;0;0;0;0;0;1;0;0;0;0;0;1;0;0.0;0.0;0.0;0.0;0.0;0.0;0.0;0.0;0.0;0.0;0.0;0.0;0.0;0.0;0.0;0.0;0.0;0.0;0.0;0.0;0.0;1.0;0.0;0.0;0.0;0.0;0.0;0.0;0.0;0.0;0.0;0.0;0.0;0.0;0.0;5.0;1.0;0.0;0.0;3.0;1.0;0;0;0;0;JACAREZINHO;REGIÃO NORTE;68
15180.0;2023-04-30;11.0;18.0;22.0;27.0;666.0;33.0;7.0;11.0;21.0;514.0;33.0;0.0;33.0;818.0;100.0;211.0;5;4;4;4;4;5;4;1;0;0;0;0;0;0;0;0;0;0;0;0;0;1;0;0.0;0.0;0.0;0.0;0.0;0.0;0.0;0.0;0.0;0.0;0.0;0.0;0.0;0.0;0.0;0.0;0.0;0.0;0.0;0.0;0.0;1.0;0.0;0.0;0.0;0.0;0.0;0.0;0.0;0.0;0.0;0.0;0.0;0.0;0.0;5.0;1.0;0.0;0.0;3.0;1.0;0;1;0;0;JACAREZINHO;REGIÃO NORTE;69
15841.0;2023-05-31;11.0;17.0;20.0;25.0;632.0;30.0;1.0;11.0;20.0;464.0;30.0;0.0;30.0;799.0;23.0;40.0;4;5;4;5;4;4;5;0;0;0;0;0;0;0;1;0;0;0;0;0;0;1;0;0.0;0.0;0.0;0.0;0.0;0.0;0.0;0.0;0.0;0.0;0.0;0.0;0.0;0.0;0.0;0.0;0.0;0.0;0.0;0.0;0.0;1.0;0.0;0.0;0.0;0.0;0.0;0.0;0.0;0.0;0.0;0.0;0.0;0.0;0.0;5.0;1.0;0.0;0.0;3.0;1.0;0;0;0;0;JACAREZINHO;REGIÃO NORTE;70
12960.0;2023-06-30;9.0;12.0;19.0;23.0;566.0;30.0;5.0;9.0;18.0;399.0;30.0;0.0;30.0;733.0;78.0;148.0;4;4;5;4;5;4;4;0;0;0;0;0;0;1;0;0;0;0;0;0;0;1;0;0.0;0.0;0.0;0.0;0.0;0.0;0.0;0.0;0.0;0.0;0.0;0.0;0.0;0.0;0.0;0.0;0.0;0.0;0.0;0.0;0.0;1.0;0.0;0.0;0.0;0.0;0.0;0.0;0.0;0.0;0.0;0.0;0.0;0.0;0.0;5.0;1.0;0.0;0.0;3.0;1.0;0;1;0;0;JACAREZINHO;REGIÃO NORTE;71
9393.0;2023-07-31;7.0;13.0;19.0;23.0;601.0;29.0;0.0;7.0;18.0;433.0;29.0;0.0;29.0;768.0;6.0;12.0;5;4;4;5;4;5;4;0;0;0;0;0;1;0;0;0;0;0;0;0;0;1;0;0.0;0.0;0.0;0.0;0.0;0.0;0.0;0.0;0.0;0.0;0.0;0.0;0.0;0.0;0.0;0.0;0.0;0.0;0.0;0.0;0.0;1.0;0.0;0.0;0.0;0.0;0.0;0.0;0.0;0.0;0.0;0.0;0.0;0.0;0.0;5.0;1.0;0.0;0.0;3.0;1.0;15;0;0;0;JACAREZINHO;REGIÃO NORTE;72
16430.0;2023-08-31;10.0;14.0;22.0;28.0;670.0;34.0;1.0;10.0;22.0;478.0;34.0;0.0;34.0;862.0;16.0;33.0;4;5;5;4;4;4;5;0;1;0;0;0;0;0;0;0;0;0;0;0;0;1;0;0.0;0.0;0.0;0.0;0.0;0.0;0.0;0.0;0.0;0.0;0.0;0.0;0.0;0.0;0.0;0.0;0.0;0.0;0.0;0.0;0.0;1.0;0.0;0.0;0.0;0.0;0.0;0.0;0.0;0.0;0.0;0.0;0.0;0.0;0.0;5.0;1.0;0.0;0.0;3.0;1.0;0;0;0;0;JACAREZINHO;REGIÃO NORTE;73
22110.0;2023-09-30;10.0;18.0;25.0;31.0;757.0;38.0;3.0;10.0;25.0;560.0;38.0;0.0;38.0;953.0;26.0;80.0;4;4;4;4;5;5;4;0;0;0;0;0;0;0;0;0;0;0;1;0;0;1;0;0.0;0.0;0.0;0.0;0.0;0.0;0.0;0.0;0.0;0.0;0.0;0.0;0.0;0.0;0.0;0.0;0.0;0.0;0.0;0.0;0.0;1.0;0.0;0.0;0.0;0.0;0.0;0.0;0.0;0.0;0.0;0.0;0.0;0.0;0.0;5.0;1.0;0.0;0.0;3.0;1.0;0;0;0;0;JACAREZINHO;REGIÃO NORTE;74
18445.0;2023-10-31;16.0;21.0;25.0;30.0;781.0;36.0;8.0;16.0;24.0;598.0;36.0;0.0;36.0;963.0;59.0;235.0;5;4;4;5;4;4;5;0;0;0;0;0;0;0;0;0;0;1;0;0;0;1;0;0.0;0.0;0.0;0.0;0.0;0.0;0.0;0.0;0.0;0.0;0.0;0.0;0.0;0.0;0.0;0.0;0.0;0.0;0.0;0.0;0.0;1.0;0.0;0.0;0.0;0.0;0.0;0.0;0.0;0.0;0.0;0.0;0.0;0.0;0.0;5.0;1.0;0.0;0.0;3.0;1.0;0;0;0;0;JACAREZINHO;REGIÃO NORTE;75
24120.0;2023-11-30;13.0;20.0;26.0;32.0;779.0;39.0;7.0;13.0;26.0;594.0;39.0;0.0;39.0;963.0;40.0;223.0;4;5;5;4;4;4;4;0;0;0;0;0;0;0;0;0;1;0;0;0;0;1;0;0.0;0.0;0.0;0.0;0.0;0.0;0.0;0.0;0.0;0.0;0.0;0.0;0.0;0.0;0.0;0.0;0.0;0.0;0.0;0.0;0.0;1.0;0.0;0.0;0.0;0.0;0.0;0.0;0.0;0.0;0.0;0.0;0.0;0.0;0.0;5.0;1.0;0.0;0.0;3.0;1.0;0;0;0;0;JACAREZINHO;REGIÃO NORTE;76
19623.0;2023-12-31;17.0;24.0;27.0;30.0;839.0;37.0;2.0;17.0;24.0;649.0;37.0;0.0;37.0;1029.0;29.0;76.0;5;4;4;4;5;5;4;0;0;1;0;0;0;0;0;0;0;0;0;0;0;1;0;0.0;0.0;0.0;0.0;0.0;0.0;0.0;0.0;0.0;0.0;0.0;0.0;0.0;0.0;0.0;0.0;0.0;0.0;0.0;0.0;0.0;1.0;0.0;0.0;0.0;0.0;0.0;0.0;0.0;0.0;0.0;0.0;0.0;0.0;0.0;5.0;1.0;0.0;0.0;3.0;1.0;0;0;0;0;JACAREZINHO;REGIÃO NORTE;77
12524.0;2024-01-31;15.0;20.0;26.0;30.0;803.0;37.0;3.0;15.0;24.0;627.0;37.0;0.0;37.0;979.0;25.0;89.0;4;5;4;5;4;4;5;0;0;0;0;1;0;0;0;0;0;0;0;0;0;0;1;0.0;0.0;0.0;0.0;0.0;0.0;0.0;0.0;0.0;0.0;0.0;0.0;0.0;0.0;0.0;0.0;0.0;0.0;0.0;0.0;0.0;1.0;0.0;0.0;0.0;0.0;0.0;0.0;0.0;0.0;0.0;0.0;0.0;0.0;0.0;5.0;1.0;0.0;0.0;3.0;1.0;31;0;0;0;JACAREZINHO;REGIÃO NORTE;78
23577.0;2024-02-29;19.0;23.0;27.0;30.0;786.0;37.0;6.0;19.0;25.0;623.0;37.0;0.0;37.0;950.0;60.0;186.0;4;4;5;4;4;4;4;0;0;0;1;0;0;0;0;0;0;0;0;0;0;0;1;0.0;0.0;0.0;0.0;0.0;0.0;0.0;0.0;0.0;0.0;0.0;0.0;0.0;0.0;0.0;0.0;0.0;0.0;0.0;0.0;0.0;1.0;0.0;0.0;0.0;0.0;0.0;0.0;0.0;0.0;0.0;0.0;0.0;0.0;0.0;5.0;1.0;0.0;0.0;3.0;1.0;0;3;0;0;JACAREZINHO;REGIÃO NORTE;79
27156.0;2024-03-31;18.0;20.0;27.0;31.0;823.0;36.0;2.0;18.0;25.0;657.0;36.0;0.0;36.0;989.0;33.0;77.0;5;4;4;4;5;5;4;0;0;0;0;0;0;0;0;1;0;0;0;0;0;0;1;0.0;0.0;0.0;0.0;0.0;0.0;0.0;0.0;0.0;0.0;0.0;0.0;0.0;0.0;0.0;0.0;0.0;0.0;0.0;0.0;0.0;1.0;0.0;0.0;0.0;0.0;0.0;0.0;0.0;0.0;0.0;0.0;0.0;0.0;0.0;5.0;1.0;0.0;0.0;3.0;1.0;0;1;0;0;JACAREZINHO;REGIÃO NORTE;80
12030.0;2024-04-30;14.0;20.0;25.0;28.0;759.0;34.0;1.0;14.0;23.0;605.0;34.0;0.0;34.0;912.0;16.0;40.0;4;4;4;5;4;4;5;1;0;0;0;0;0;0;0;0;0;0;0;0;0;0;1;0.0;0.0;0.0;0.0;0.0;0.0;0.0;0.0;0.0;0.0;0.0;0.0;0.0;0.0;0.0;0.0;0.0;0.0;0.0;0.0;0.0;1.0;0.0;0.0;0.0;0.0;0.0;0.0;0.0;0.0;0.0;0.0;0.0;0.0;0.0;5.0;1.0;0.0;0.0;3.0;1.0;0;0;0;0;JACAREZINHO;REGIÃO NORTE;81
8928.0;2024-05-31;7.0;14.0;23.0;28.0;710.0;34.0;0.0;7.0;22.0;549.0;34.0;0.0;34.0;870.0;5.0;12.0;4;5;5;4;5;4;4;0;0;0;0;0;0;0;1;0;0;0;0;0;0;0;1;0.0;0.0;0.0;0.0;0.0;0.0;0.0;0.0;0.0;0.0;0.0;0.0;0.0;0.0;0.0;0.0;0.0;0.0;0.0;0.0;0.0;1.0;0.0;0.0;0.0;0.0;0.0;0.0;0.0;0.0;0.0;0.0;0.0;0.0;0.0;5.0;1.0;0.0;0.0;3.0;1.0;0;1;0;30;JACAREZINHO;REGIÃO NORTE;82
7230.0;2024-06-30;11.0;18.0;23.0;25.0;675.0;31.0;0.0;11.0;19.0;494.0;31.0;0.0;31.0;857.0;3.0;5.0;5;4;4;4;4;5;4;0;0;0;0;0;0;1;0;0;0;0;0;0;0;0;1;0.0;0.0;0.0;0.0;0.0;0.0;0.0;0.0;0.0;0.0;0.0;0.0;0.0;0.0;0.0;0.0;0.0;0.0;0.0;0.0;0.0;1.0;0.0;0.0;0.0;0.0;0.0;0.0;0.0;0.0;0.0;0.0;0.0;0.0;0.0;5.0;1.0;0.0;0.0;3.0;1.0;0;0;0;30;JACAREZINHO;REGIÃO NORTE;83
11594.0;2024-07-31;7.0;14.0;18.0;23.0;566.0;30.0;2.0;7.0;17.0;386.0;30.0;0.0;30.0;747.0;40.0;70.0;4;5;4;5;4;4;5;0;0;0;0;0;1;0;0;0;0;0;0;0;0;0;1;0.0;0.0;0.0;0.0;0.0;0.0;0.0;0.0;0.0;0.0;0.0;0.0;0.0;0.0;0.0;0.0;0.0;0.0;0.0;0.0;0.0;1.0;0.0;0.0;0.0;0.0;0.0;0.0;0.0;0.0;0.0;0.0;0.0;0.0;0.0;5.0;1.0;0.0;0.0;3.0;1.0;12;0;0;0;JACAREZINHO;REGIÃO NORTE;84
16027.0;2024-08-31;3.0;11.0;20.0;26.0;624.0;36.0;2.0;3.0;18.0;378.0;36.0;0.0;36.0;871.0;37.0;47.0;4;4;5;4;5;5;4;0;1;0;0;0;0;0;0;0;0;0;0;0;0;0;1;0.0;0.0;0.0;0.0;0.0;0.0;0.0;0.0;0.0;0.0;0.0;0.0;0.0;0.0;0.0;0.0;0.0;0.0;0.0;0.0;0.0;1.0;0.0;0.0;0.0;0.0;0.0;0.0;0.0;0.0;0.0;0.0;0.0;0.0;0.0;5.0;1.0;0.0;0.0;3.0;1.0;0;0;0;0;JACAREZINHO;REGIÃO NORTE;85
21150.0;2024-09-30;14.0;17.0;24.0;29.0;727.0;39.0;1.0;14.0;20.0;503.0;39.0;0.0;39.0;950.0;8.0;19.0;5;4;4;5;4;4;4;0;0;0;0;0;0;0;0;0;0;0;1;0;0;0;1;0.0;0.0;0.0;0.0;0.0;0.0;0.0;0.0;0.0;0.0;0.0;0.0;0.0;0.0;0.0;0.0;0.0;0.0;0.0;0.0;0.0;1.0;0.0;0.0;0.0;0.0;0.0;0.0;0.0;0.0;0.0;0.0;0.0;0.0;0.0;5.0;1.0;0.0;0.0;3.0;1.0;0;0;0;0;JACAREZINHO;REGIÃO NORTE;86
21762.0;2024-10-31;14.0;17.0;23.0;28.0;719.0;38.0;3.0;14.0;22.0;557.0;38.0;0.0;38.0;881.0;31.0;99.0;4;5;5;4;4;4;5;0;0;0;0;0;0;0;0;0;0;1;0;0;0;0;1;0.0;0.0;0.0;0.0;0.0;0.0;0.0;0.0;0.0;0.0;0.0;0.0;0.0;0.0;0.0;0.0;0.0;0.0;0.0;0.0;0.0;1.0;0.0;0.0;0.0;0.0;0.0;0.0;0.0;0.0;0.0;0.0;0.0;0.0;0.0;5.0;1.0;0.0;0.0;3.0;1.0;0;0;0;0;JACAREZINHO;REGIÃO NORTE;87
2727.0;2015-08-31;8.0;15.0;19.0;21.0;587.0;31.0;2.0;8.0;15.0;380.0;31.0;0.0;31.0;794.0;38.0;73.0;5;4;4;5;4;5;4;0;1;0;0;0;0;0;0;0;0;0;0;0;0;0;0;1.0;0.0;0.0;0.0;0.0;0.0;0.0;0.0;0.0;0.0;0.0;0.0;0.0;0.0;0.0;0.0;0.0;0.0;0.0;0.0;0.0;0.0;1.0;0.0;0.0;0.0;0.0;0.0;0.0;0.0;0.0;0.0;0.0;0.0;0.0;1.0;0.0;0.0;0.0;0.0;0.0;0;0;0;0;JAGUARIAÍVA;REGIÃO CENTRAL;1
2700.0;2015-09-30;5.0;13.0;20.0;26.0;606.0;34.0;6.0;5.0;20.0;438.0;34.0;0.0;34.0;775.0;58.0;181.0;4;5;4;4;4;4;5;0;0;0;0;0;0;0;0;0;0;0;1;0;0;0;0;1.0;0.0;0.0;0.0;0.0;0.0;0.0;0.0;0.0;0.0;0.0;0.0;0.0;0.0;0.0;0.0;0.0;0.0;0.0;0.0;0.0;0.0;1.0;0.0;0.0;0.0;0.0;0.0;0.0;0.0;0.0;0.0;0.0;0.0;0.0;1.0;0.0;0.0;0.0;0.0;0.0;0;0;0;0;JAGUARIAÍVA;REGIÃO CENTRAL;2
2812.0;2015-10-31;13.0;17.0;21.0;26.0;655.0;33.0;11.0;13.0;21.0;510.0;33.0;0.0;33.0;800.0;133.0;332.0;4;4;5;4;5;5;4;0;0;0;0;0;0;0;0;0;0;1;0;0;0;0;0;1.0;0.0;0.0;0.0;0.0;0.0;0.0;0.0;0.0;0.0;0.0;0.0;0.0;0.0;0.0;0.0;0.0;0.0;0.0;0.0;0.0;0.0;1.0;0.0;0.0;0.0;0.0;0.0;0.0;0.0;0.0;0.0;0.0;0.0;0.0;1.0;0.0;0.0;0.0;0.0;0.0;0;0;0;0;JAGUARIAÍVA;REGIÃO CENTRAL;3
2919.0;2015-11-30;14.0;17.0;21.0;24.0;628.0;31.0;14.0;14.0;19.0;512.0;31.0;0.0;31.0;744.0;143.0;422.0;5;4;4;5;4;4;4;0;0;0;0;0;0;0;0;0;1;0;0;0;0;0;0;1.0;0.0;0.0;0.0;0.0;0.0;0.0;0.0;0.0;0.0;0.0;0.0;0.0;0.0;0.0;0.0;0.0;0.0;0.0;0.0;0.0;0.0;1.0;0.0;0.0;0.0;0.0;0.0;0.0;0.0;0.0;0.0;0.0;0.0;0.0;1.0;0.0;0.0;0.0;0.0;0.0;0;0;0;0;JAGUARIAÍVA;REGIÃO CENTRAL;4
2330.0;2015-12-31;15.0;19.0;23.0;25.0;700.0;31.0;6.0;15.0;21.0;577.0;31.0;0.0;31.0;822.0;35.0;179.0;4;5;5;4;4;4;5;0;0;1;0;0;0;0;0;0;0;0;0;0;0;0;0;1.0;0.0;0.0;0.0;0.0;0.0;0.0;0.0;0.0;0.0;0.0;0.0;0.0;0.0;0.0;0.0;0.0;0.0;0.0;0.0;0.0;0.0;1.0;0.0;0.0;0.0;0.0;0.0;0.0;0.0;0.0;0.0;0.0;0.0;0.0;1.0;0.0;0.0;0.0;0.0;0.0;0;0;0;0;JAGUARIAÍVA;REGIÃO CENTRAL;5
2433.0;2016-01-31;14.0;20.0;23.0;26.0;710.0;31.0;6.0;14.0;21.0;567.0;31.0;0.0;31.0;852.0;55.0;185.0;5;4;4;4;5;5;4;0;0;0;0;1;0;0;0;0;0;0;0;0;0;0;0;0.0;1.0;0.0;0.0;0.0;0.0;0.0;0.0;0.0;0.0;0.0;0.0;0.0;0.0;0.0;0.0;0.0;0.0;0.0;0.0;0.0;0.0;1.0;0.0;0.0;0.0;0.0;0.0;0.0;0.0;0.0;0.0;0.0;0.0;0.0;1.0;0.0;0.0;0.0;0.0;0.0;31;0;0;0;JAGUARIAÍVA;REGIÃO CENTRAL;6
3036.0;2016-02-29;18.0;21.0;24.0;26.0;692.0;31.0;10.0;18.0;22.0;578.0;31.0;0.0;31.0;806.0;44.0;281.0;4;4;4;5;4;4;4;0;0;0;1;0;0;0;0;0;0;0;0;0;0;0;0;0.0;1.0;0.0;0.0;0.0;0.0;0.0;0.0;0.0;0.0;0.0;0.0;0.0;0.0;0.0;0.0;0.0;0.0;0.0;0.0;0.0;0.0;1.0;0.0;0.0;0.0;0.0;0.0;0.0;0.0;0.0;0.0;0.0;0.0;0.0;1.0;0.0;0.0;0.0;0.0;0.0;0;3;0;0;JAGUARIAÍVA;REGIÃO CENTRAL;7
3820.0;2016-03-31;14.0;20.0;22.0;25.0;686.0;31.0;5.0;14.0;20.0;543.0;31.0;0.0;31.0;829.0;65.0;142.0;4;5;5;4;4;4;5;0;0;0;0;0;0;0;0;1;0;0;0;0;0;0;0;0.0;1.0;0.0;0.0;0.0;0.0;0.0;0.0;0.0;0.0;0.0;0.0;0.0;0.0;0.0;0.0;0.0;0.0;0.0;0.0;0.0;0.0;1.0;0.0;0.0;0.0;0.0;0.0;0.0;0.0;0.0;0.0;0.0;0.0;0.0;1.0;0.0;0.0;0.0;0.0;0.0;0;1;0;0;JAGUARIAÍVA;REGIÃO CENTRAL;8
3789.0;2016-04-30;3.0;10.0;22.0;27.0;674.0;32.0;3.0;3.0;21.0;519.0;32.0;0.0;32.0;828.0;55.0;86.0;4;4;4;4;5;5;4;1;0;0;0;0;0;0;0;0;0;0;0;0;0;0;0;0.0;1.0;0.0;0.0;0.0;0.0;0.0;0.0;0.0;0.0;0.0;0.0;0.0;0.0;0.0;0.0;0.0;0.0;0.0;0.0;0.0;0.0;1.0;0.0;0.0;0.0;0.0;0.0;0.0;0.0;0.0;0.0;0.0;0.0;0.0;1.0;0.0;0.0;0.0;0.0;0.0;0;0;0;0;JAGUARIAÍVA;REGIÃO CENTRAL;9
4808.0;2016-05-31;6.0;12.0;16.0;20.0;507.0;26.0;7.0;6.0;18.0;385.0;26.0;0.0;26.0;629.0;40.0;203.0;5;4;4;5;4;4;5;0;0;0;0;0;0;0;1;0;0;0;0;0;0;0;0;0.0;1.0;0.0;0.0;0.0;0.0;0.0;0.0;0.0;0.0;0.0;0.0;0.0;0.0;0.0;0.0;0.0;0.0;0.0;0.0;0.0;0.0;1.0;0.0;0.0;0.0;0.0;0.0;0.0;0.0;0.0;0.0;0.0;0.0;0.0;1.0;0.0;0.0;0.0;0.0;0.0;0;1;0;0;JAGUARIAÍVA;REGIÃO CENTRAL;10
4695.0;2016-06-30;-1.0;8.0;13.0;18.0;400.0;24.0;2.0;-1.0;15.0;244.0;24.0;0.0;24.0;555.0;15.0;56.0;4;5;5;4;4;4;4;0;0;0;0;0;0;1;0;0;0;0;0;0;0;0;0;0.0;1.0;0.0;0.0;0.0;0.0;0.0;0.0;0.0;0.0;0.0;0.0;0.0;0.0;0.0;0.0;0.0;0.0;0.0;0.0;0.0;0.0;1.0;0.0;0.0;0.0;0.0;0.0;0.0;0.0;0.0;0.0;0.0;0.0;0.0;1.0;0.0;0.0;0.0;0.0;0.0;0;0;0;0;JAGUARIAÍVA;REGIÃO CENTRAL;11
4162.0;2016-07-31;2.0;10.0;16.0;20.0;489.0;27.0;4.0;2.0;16.0;305.0;27.0;0.0;27.0;673.0;73.0;119.0;5;4;4;4;5;5;4;0;0;0;0;0;1;0;0;0;0;0;0;0;0;0;0;0.0;1.0;0.0;0.0;0.0;0.0;0.0;0.0;0.0;0.0;0.0;0.0;0.0;0.0;0.0;0.0;0.0;0.0;0.0;0.0;0.0;0.0;1.0;0.0;0.0;0.0;0.0;0.0;0.0;0.0;0.0;0.0;0.0;0.0;0.0;1.0;0.0;0.0;0.0;0.0;0.0;14;0;0;0;JAGUARIAÍVA;REGIÃO CENTRAL;12
4619.0;2016-08-31;4.0;11.0;17.0;21.0;516.0;30.0;10.0;4.0;16.0;347.0;30.0;0.0;30.0;684.0;59.0;308.0;4;5;4;5;4;4;5;0;1;0;0;0;0;0;0;0;0;0;0;0;0;0;0;0.0;1.0;0.0;0.0;0.0;0.0;0.0;0.0;0.0;0.0;0.0;0.0;0.0;0.0;0.0;0.0;0.0;0.0;0.0;0.0;0.0;0.0;1.0;0.0;0.0;0.0;0.0;0.0;0.0;0.0;0.0;0.0;0.0;0.0;0.0;1.0;0.0;0.0;0.0;0.0;0.0;0;0;0;0;JAGUARIAÍVA;REGIÃO CENTRAL;13
4425.0;2016-09-30;5.0;13.0;18.0;23.0;542.0;30.0;3.0;5.0;17.0;347.0;30.0;0.0;30.0;737.0;52.0;104.0;4;4;5;4;5;4;4;0;0;0;0;0;0;0;0;0;0;0;1;0;0;0;0;0.0;1.0;0.0;0.0;0.0;0.0;0.0;0.0;0.0;0.0;0.0;0.0;0.0;0.0;0.0;0.0;0.0;0.0;0.0;0.0;0.0;0.0;1.0;0.0;0.0;0.0;0.0;0.0;0.0;0.0;0.0;0.0;0.0;0.0;0.0;1.0;0.0;0.0;0.0;0.0;0.0;0;0;0;0;JAGUARIAÍVA;REGIÃO CENTRAL;14
4191.0;2016-10-31;9.0;16.0;20.0;26.0;611.0;33.0;7.0;9.0;19.0;448.0;33.0;0.0;33.0;774.0;48.0;232.0;5;4;4;5;4;5;4;0;0;0;0;0;0;0;0;0;0;1;0;0;0;0;0;0.0;1.0;0.0;0.0;0.0;0.0;0.0;0.0;0.0;0.0;0.0;0.0;0.0;0.0;0.0;0.0;0.0;0.0;0.0;0.0;0.0;0.0;1.0;0.0;0.0;0.0;0.0;0.0;0.0;0.0;0.0;0.0;0.0;0.0;0.0;1.0;0.0;0.0;0.0;0.0;0.0;0;0;0;0;JAGUARIAÍVA;REGIÃO CENTRAL;15
4254.0;2016-11-30;10.0;16.0;21.0;26.0;632.0;30.0;3.0;10.0;21.0;486.0;30.0;0.0;30.0;777.0;30.0;96.0;4;5;4;4;4;4;5;0;0;0;0;0;0;0;0;0;1;0;0;0;0;0;0;0.0;1.0;0.0;0.0;0.0;0.0;0.0;0.0;0.0;0.0;0.0;0.0;0.0;0.0;0.0;0.0;0.0;0.0;0.0;0.0;0.0;0.0;1.0;0.0;0.0;0.0;0.0;0.0;0.0;0.0;0.0;0.0;0.0;0.0;0.0;1.0;0.0;0.0;0.0;0.0;0.0;0;0;0;0;JAGUARIAÍVA;REGIÃO CENTRAL;16
3690.0;2016-12-31;12.0;16.0;22.0;27.0;687.0;32.0;3.0;12.0;22.0;555.0;32.0;0.0;32.0;819.0;34.0;99.0;4;4;5;4;5;5;4;0;0;1;0;0;0;0;0;0;0;0;0;0;0;0;0;0.0;1.0;0.0;0.0;0.0;0.0;0.0;0.0;0.0;0.0;0.0;0.0;0.0;0.0;0.0;0.0;0.0;0.0;0.0;0.0;0.0;0.0;1.0;0.0;0.0;0.0;0.0;0.0;0.0;0.0;0.0;0.0;0.0;0.0;0.0;1.0;0.0;0.0;0.0;0.0;0.0;0;0;0;0;JAGUARIAÍVA;REGIÃO CENTRAL;17
3524.0;2017-01-31;15.0;21.0;24.0;27.0;737.0;31.0;5.0;15.0;22.0;601.0;31.0;0.0;31.0;872.0;17.0;146.0;5;4;4;5;4;4;5;0;0;0;0;1;0;0;0;0;0;0;0;0;0;0;0;0.0;0.0;1.0;0.0;0.0;0.0;0.0;0.0;0.0;0.0;0.0;0.0;0.0;0.0;0.0;0.0;0.0;0.0;0.0;0.0;0.0;0.0;1.0;0.0;0.0;0.0;0.0;0.0;0.0;0.0;0.0;0.0;0.0;0.0;0.0;1.0;0.0;0.0;0.0;0.0;0.0;31;0;0;0;JAGUARIAÍVA;REGIÃO CENTRAL;18
3875.0;2017-02-28;17.0;22.0;24.0;27.0;674.0;32.0;5.0;17.0;22.0;540.0;32.0;0.0;32.0;808.0;41.0;127.0;4;4;4;4;4;4;4;0;0;0;1;0;0;0;0;0;0;0;0;0;0;0;0;0.0;0.0;1.0;0.0;0.0;0.0;0.0;0.0;0.0;0.0;0.0;0.0;0.0;0.0;0.0;0.0;0.0;0.0;0.0;0.0;0.0;0.0;1.0;0.0;0.0;0.0;0.0;0.0;0.0;0.0;0.0;0.0;0.0;0.0;0.0;1.0;0.0;0.0;0.0;0.0;0.0;0;2;0;0;JAGUARIAÍVA;REGIÃO CENTRAL;19
5081.0;2017-03-31;14.0;18.0;22.0;26.0;687.0;31.0;4.0;14.0;22.0;554.0;31.0;0.0;31.0;819.0;23.0;115.0;4;5;5;4;5;4;4;0;0;0;0;0;0;0;0;1;0;0;0;0;0;0;0;0.0;0.0;1.0;0.0;0.0;0.0;0.0;0.0;0.0;0.0;0.0;0.0;0.0;0.0;0.0;0.0;0.0;0.0;0.0;0.0;0.0;0.0;1.0;0.0;0.0;0.0;0.0;0.0;0.0;0.0;0.0;0.0;0.0;0.0;0.0;1.0;0.0;0.0;0.0;0.0;0.0;0;1;0;0;JAGUARIAÍVA;REGIÃO CENTRAL;20
4449.0;2017-04-30;6.0;14.0;20.0;24.0;590.0;28.0;3.0;6.0;20.0;459.0;28.0;0.0;28.0;720.0;23.0;78.0;5;4;4;4;4;5;4;1;0;0;0;0;0;0;0;0;0;0;0;0;0;0;0;0.0;0.0;1.0;0.0;0.0;0.0;0.0;0.0;0.0;0.0;0.0;0.0;0.0;0.0;0.0;0.0;0.0;0.0;0.0;0.0;0.0;0.0;1.0;0.0;0.0;0.0;0.0;0.0;0.0;0.0;0.0;0.0;0.0;0.0;0.0;1.0;0.0;0.0;0.0;0.0;0.0;0;1;0;0;JAGUARIAÍVA;REGIÃO CENTRAL;21
4749.0;2017-05-31;12.0;16.0;19.0;23.0;579.0;28.0;11.0;12.0;19.0;452.0;28.0;0.0;28.0;705.0;122.0;329.0;4;5;4;5;4;4;5;0;0;0;0;0;0;0;1;0;0;0;0;0;0;0;0;0.0;0.0;1.0;0.0;0.0;0.0;0.0;0.0;0.0;0.0;0.0;0.0;0.0;0.0;0.0;0.0;0.0;0.0;0.0;0.0;0.0;0.0;1.0;0.0;0.0;0.0;0.0;0.0;0.0;0.0;0.0;0.0;0.0;0.0;0.0;1.0;0.0;0.0;0.0;0.0;0.0;0;0;0;0;JAGUARIAÍVA;REGIÃO CENTRAL;22
4455.0;2017-06-30;3.0;11.0;17.0;22.0;498.0;27.0;8.0;3.0;18.0;333.0;27.0;0.0;27.0;663.0;120.0;244.0;4;4;5;4;5;4;4;0;0;0;0;0;0;1;0;0;0;0;0;0;0;0;0;0.0;0.0;1.0;0.0;0.0;0.0;0.0;0.0;0.0;0.0;0.0;0.0;0.0;0.0;0.0;0.0;0.0;0.0;0.0;0.0;0.0;0.0;1.0;0.0;0.0;0.0;0.0;0.0;0.0;0.0;0.0;0.0;0.0;0.0;0.0;1.0;0.0;0.0;0.0;0.0;0.0;0;1;0;0;JAGUARIAÍVA;REGIÃO CENTRAL;23
3958.0;2017-07-31;-0.0;8.0;16.0;19.0;488.0;27.0;0.0;-0.0;12.0;277.0;27.0;0.0;27.0;700.0;0.0;0.0;5;4;4;5;4;5;4;0;0;0;0;0;1;0;0;0;0;0;0;0;0;0;0;0.0;0.0;1.0;0.0;0.0;0.0;0.0;0.0;0.0;0.0;0.0;0.0;0.0;0.0;0.0;0.0;0.0;0.0;0.0;0.0;0.0;0.0;1.0;0.0;0.0;0.0;0.0;0.0;0.0;0.0;0.0;0.0;0.0;0.0;0.0;1.0;0.0;0.0;0.0;0.0;0.0;16;0;0;0;JAGUARIAÍVA;REGIÃO CENTRAL;24
4345.0;2017-08-31;6.0;12.0;18.0;22.0;545.0;31.0;5.0;6.0;16.0;364.0;31.0;0.0;31.0;726.0;40.0;167.0;4;5;5;4;4;4;5;0;1;0;0;0;0;0;0;0;0;0;0;0;0;0;0;0.0;0.0;1.0;0.0;0.0;0.0;0.0;0.0;0.0;0.0;0.0;0.0;0.0;0.0;0.0;0.0;0.0;0.0;0.0;0.0;0.0;0.0;1.0;0.0;0.0;0.0;0.0;0.0;0.0;0.0;0.0;0.0;0.0;0.0;0.0;1.0;0.0;0.0;0.0;0.0;0.0;0;0;0;0;JAGUARIAÍVA;REGIÃO CENTRAL;25
4104.0;2017-09-30;11.0;17.0;22.0;24.0;654.0;32.0;2.0;11.0;19.0;455.0;32.0;0.0;32.0;852.0;34.0;64.0;4;4;4;4;5;5;4;0;0;0;0;0;0;0;0;0;0;0;1;0;0;0;0;0.0;0.0;1.0;0.0;0.0;0.0;0.0;0.0;0.0;0.0;0.0;0.0;0.0;0.0;0.0;0.0;0.0;0.0;0.0;0.0;0.0;0.0;1.0;0.0;0.0;0.0;0.0;0.0;0.0;0.0;0.0;0.0;0.0;0.0;0.0;1.0;0.0;0.0;0.0;0.0;0.0;0;0;0;0;JAGUARIAÍVA;REGIÃO CENTRAL;26
4092.0;2017-10-31;8.0;16.0;20.0;26.0;631.0;33.0;15.0;8.0;19.0;457.0;33.0;0.0;33.0;805.0;87.0;465.0;5;4;4;5;4;4;5;0;0;0;0;0;0;0;0;0;0;1;0;0;0;0;0;0.0;0.0;1.0;0.0;0.0;0.0;0.0;0.0;0.0;0.0;0.0;0.0;0.0;0.0;0.0;0.0;0.0;0.0;0.0;0.0;0.0;0.0;1.0;0.0;0.0;0.0;0.0;0.0;0.0;0.0;0.0;0.0;0.0;0.0;0.0;1.0;0.0;0.0;0.0;0.0;0.0;0;0;0;0;JAGUARIAÍVA;REGIÃO CENTRAL;27
4191.0;2017-11-30;11.0;17.0;21.0;25.0;619.0;32.0;6.0;11.0;19.0;464.0;32.0;0.0;32.0;774.0;37.0;176.0;4;5;5;4;4;4;4;0;0;0;0;0;0;0;0;0;1;0;0;0;0;0;0;0.0;0.0;1.0;0.0;0.0;0.0;0.0;0.0;0.0;0.0;0.0;0.0;0.0;0.0;0.0;0.0;0.0;0.0;0.0;0.0;0.0;0.0;1.0;0.0;0.0;0.0;0.0;0.0;0.0;0.0;0.0;0.0;0.0;0.0;0.0;1.0;0.0;0.0;0.0;0.0;0.0;0;0;0;0;JAGUARIAÍVA;REGIÃO CENTRAL;28
3333.0;2017-12-31;15.0;19.0;22.0;27.0;696.0;32.0;5.0;15.0;22.0;568.0;32.0;0.0;32.0;823.0;35.0;164.0;5;4;4;4;5;5;4;0;0;1;0;0;0;0;0;0;0;0;0;0;0;0;0;0.0;0.0;1.0;0.0;0.0;0.0;0.0;0.0;0.0;0.0;0.0;0.0;0.0;0.0;0.0;0.0;0.0;0.0;0.0;0.0;0.0;0.0;1.0;0.0;0.0;0.0;0.0;0.0;0.0;0.0;0.0;0.0;0.0;0.0;0.0;1.0;0.0;0.0;0.0;0.0;0.0;0;0;0;0;JAGUARIAÍVA;REGIÃO CENTRAL;29
3081.0;2018-01-31;16.0;19.0;23.0;25.0;707.0;31.0;5.0;16.0;21.0;582.0;31.0;0.0;31.0;831.0;17.0;145.0;4;5;4;5;4;4;5;0;0;0;0;1;0;0;0;0;0;0;0;0;0;0;0;0.0;0.0;0.0;1.0;0.0;0.0;0.0;0.0;0.0;0.0;0.0;0.0;0.0;0.0;0.0;0.0;0.0;0.0;0.0;0.0;0.0;0.0;1.0;0.0;0.0;0.0;0.0;0.0;0.0;0.0;0.0;0.0;0.0;0.0;0.0;1.0;0.0;0.0;0.0;0.0;0.0;31;0;0;0;JAGUARIAÍVA;REGIÃO CENTRAL;30
3388.0;2018-02-28;15.0;18.0;22.0;25.0;611.0;30.0;2.0;15.0;21.0;485.0;30.0;0.0;30.0;737.0;14.0;51.0;4;4;4;4;4;4;4;0;0;0;1;0;0;0;0;0;0;0;0;0;0;0;0;0.0;0.0;0.0;1.0;0.0;0.0;0.0;0.0;0.0;0.0;0.0;0.0;0.0;0.0;0.0;0.0;0.0;0.0;0.0;0.0;0.0;0.0;1.0;0.0;0.0;0.0;0.0;0.0;0.0;0.0;0.0;0.0;0.0;0.0;0.0;1.0;0.0;0.0;0.0;0.0;1.0;0;3;0;0;JAGUARIAÍVA;REGIÃO CENTRAL;31
4426.0;2018-03-31;16.0;20.0;23.0;26.0;724.0;31.0;5.0;16.0;22.0;589.0;31.0;0.0;31.0;858.0;42.0;140.0;4;4;5;4;5;5;4;0;0;0;0;0;0;0;0;1;0;0;0;0;0;0;0;0.0;0.0;0.0;1.0;0.0;0.0;0.0;0.0;0.0;0.0;0.0;0.0;0.0;0.0;0.0;0.0;0.0;0.0;0.0;0.0;0.0;0.0;1.0;0.0;0.0;0.0;0.0;0.0;0.0;0.0;0.0;0.0;0.0;0.0;0.0;1.0;0.0;0.0;0.0;0.0;1.0;0;1;0;0;JAGUARIAÍVA;REGIÃO CENTRAL;32
4398.0;2018-04-30;12.0;19.0;21.0;24.0;644.0;29.0;1.0;12.0;20.0;480.0;29.0;0.0;29.0;808.0;13.0;20.0;5;4;4;5;4;4;4;1;0;0;0;0;0;0;0;0;0;0;0;0;0;0;0;0.0;0.0;0.0;1.0;0.0;0.0;0.0;0.0;0.0;0.0;0.0;0.0;0.0;0.0;0.0;0.0;0.0;0.0;0.0;0.0;0.0;0.0;1.0;0.0;0.0;0.0;0.0;0.0;0.0;0.0;0.0;0.0;0.0;0.0;0.0;1.0;0.0;0.0;0.0;0.0;1.0;0;0;0;0;JAGUARIAÍVA;REGIÃO CENTRAL;33
4592.0;2018-05-31;5.0;13.0;18.0;22.0;573.0;29.0;3.0;5.0;17.0;406.0;29.0;0.0;29.0;740.0;88.0;104.0;4;5;5;4;4;4;5;0;0;0;0;0;0;0;1;0;0;0;0;0;0;0;0;0.0;0.0;0.0;1.0;0.0;0.0;0.0;0.0;0.0;0.0;0.0;0.0;0.0;0.0;0.0;0.0;0.0;0.0;0.0;0.0;0.0;0.0;1.0;0.0;0.0;0.0;0.0;0.0;0.0;0.0;0.0;0.0;0.0;0.0;0.0;1.0;0.0;0.0;0.0;0.0;1.0;0;1;0;0;JAGUARIAÍVA;REGIÃO CENTRAL;34
4470.0;2018-06-30;4.0;11.0;16.0;22.0;492.0;29.0;3.0;4.0;19.0;351.0;29.0;0.0;29.0;632.0;47.0;95.0;4;4;4;4;5;5;4;0;0;0;0;0;0;1;0;0;0;0;0;0;0;0;0;0.0;0.0;0.0;1.0;0.0;0.0;0.0;0.0;0.0;0.0;0.0;0.0;0.0;0.0;0.0;0.0;0.0;0.0;0.0;0.0;0.0;0.0;1.0;0.0;0.0;0.0;0.0;0.0;0.0;0.0;0.0;0.0;0.0;0.0;0.0;1.0;0.0;0.0;0.0;0.0;1.0;0;0;0;0;JAGUARIAÍVA;REGIÃO CENTRAL;35
4135.0;2018-07-31;3.0;10.0;18.0;22.0;546.0;28.0;1.0;3.0;16.0;351.0;28.0;0.0;28.0;740.0;25.0;27.0;5;4;4;5;4;4;5;0;0;0;0;0;1;0;0;0;0;0;0;0;0;0;0;0.0;0.0;0.0;1.0;0.0;0.0;0.0;0.0;0.0;0.0;0.0;0.0;0.0;0.0;0.0;0.0;0.0;0.0;0.0;0.0;0.0;0.0;1.0;0.0;0.0;0.0;0.0;0.0;0.0;0.0;0.0;0.0;0.0;0.0;0.0;1.0;0.0;0.0;0.0;0.0;1.0;16;0;0;0;JAGUARIAÍVA;REGIÃO CENTRAL;36
4333.0;2018-08-31;3.0;12.0;16.0;22.0;499.0;30.0;7.0;3.0;15.0;330.0;30.0;0.0;30.0;668.0;58.0;202.0;4;5;5;4;5;4;4;0;1;0;0;0;0;0;0;0;0;0;0;0;0;0;0;0.0;0.0;0.0;1.0;0.0;0.0;0.0;0.0;0.0;0.0;0.0;0.0;0.0;0.0;0.0;0.0;0.0;0.0;0.0;0.0;0.0;0.0;1.0;0.0;0.0;0.0;0.0;0.0;0.0;0.0;0.0;0.0;0.0;0.0;0.0;1.0;0.0;0.0;0.0;0.0;1.0;0;0;0;0;JAGUARIAÍVA;REGIÃO CENTRAL;37
4455.0;2018-09-30;6.0;14.0;19.0;25.0;579.0;32.0;4.0;6.0;19.0;424.0;32.0;0.0;32.0;734.0;27.0;119.0;5;4;4;4;4;5;4;0;0;0;0;0;0;0;0;0;0;0;1;0;0;0;0;0.0;0.0;0.0;1.0;0.0;0.0;0.0;0.0;0.0;0.0;0.0;0.0;0.0;0.0;0.0;0.0;0.0;0.0;0.0;0.0;0.0;0.0;1.0;0.0;0.0;0.0;0.0;0.0;0.0;0.0;0.0;0.0;0.0;0.0;0.0;1.0;0.0;0.0;0.0;0.0;1.0;0;0;0;0;JAGUARIAÍVA;REGIÃO CENTRAL;38
4562.0;2018-10-31;13.0;15.0;20.0;24.0;623.0;29.0;6.0;13.0;19.0;497.0;29.0;0.0;29.0;749.0;23.0;176.0;4;5;4;5;4;4;5;0;0;0;0;0;0;0;0;0;0;1;0;0;0;0;0;0.0;0.0;0.0;1.0;0.0;0.0;0.0;0.0;0.0;0.0;0.0;0.0;0.0;0.0;0.0;0.0;0.0;0.0;0.0;0.0;0.0;0.0;1.0;0.0;0.0;0.0;0.0;0.0;0.0;0.0;0.0;0.0;0.0;0.0;0.0;1.0;0.0;0.0;0.0;0.0;1.0;0;0;0;0;JAGUARIAÍVA;REGIÃO CENTRAL;39
4338.0;2018-11-30;12.0;17.0;21.0;26.0;636.0;32.0;3.0;12.0;21.0;478.0;32.0;0.0;32.0;794.0;27.0;84.0;4;4;5;4;5;4;4;0;0;0;0;0;0;0;0;0;1;0;0;0;0;0;0;0.0;0.0;0.0;1.0;0.0;0.0;0.0;0.0;0.0;0.0;0.0;0.0;0.0;0.0;0.0;0.0;0.0;0.0;0.0;0.0;0.0;0.0;1.0;0.0;0.0;0.0;0.0;0.0;0.0;0.0;0.0;0.0;0.0;0.0;0.0;1.0;0.0;0.0;0.0;0.0;1.0;0;0;0;0;JAGUARIAÍVA;REGIÃO CENTRAL;40
3320.0;2018-12-31;13.0;18.0;24.0;26.0;733.0;33.0;2.0;13.0;23.0;565.0;33.0;0.0;33.0;900.0;23.0;65.0;5;4;4;5;4;5;4;0;0;1;0;0;0;0;0;0;0;0;0;0;0;0;0;0.0;0.0;0.0;1.0;0.0;0.0;0.0;0.0;0.0;0.0;0.0;0.0;0.0;0.0;0.0;0.0;0.0;0.0;0.0;0.0;0.0;0.0;1.0;0.0;0.0;0.0;0.0;0.0;0.0;0.0;0.0;0.0;0.0;0.0;0.0;1.0;0.0;0.0;0.0;0.0;1.0;0;0;0;0;JAGUARIAÍVA;REGIÃO CENTRAL;41
2984.0;2019-01-31;18.0;23.0;25.0;27.0;780.0;34.0;3.0;18.0;23.0;633.0;34.0;0.0;34.0;927.0;20.0;94.0;4;5;5;4;4;4;5;0;0;0;0;1;0;0;0;0;0;0;0;0;0;0;0;0.0;0.0;0.0;0.0;1.0;0.0;0.0;0.0;0.0;0.0;0.0;0.0;0.0;0.0;0.0;0.0;0.0;0.0;0.0;0.0;0.0;0.0;1.0;0.0;0.0;0.0;0.0;0.0;0.0;0.0;0.0;0.0;0.0;0.0;0.0;1.0;0.0;0.0;0.0;0.0;1.0;31;0;0;0;JAGUARIAÍVA;REGIÃO CENTRAL;42
3656.0;2019-02-28;15.0;19.0;23.0;27.0;642.0;34.0;6.0;15.0;22.0;520.0;34.0;0.0;34.0;764.0;53.0;161.0;4;4;4;4;4;4;4;0;0;0;1;0;0;0;0;0;0;0;0;0;0;0;0;0.0;0.0;0.0;0.0;1.0;0.0;0.0;0.0;0.0;0.0;0.0;0.0;0.0;0.0;0.0;0.0;0.0;0.0;0.0;0.0;0.0;0.0;1.0;0.0;0.0;0.0;0.0;0.0;0.0;0.0;0.0;0.0;0.0;0.0;0.0;1.7857142857142858;0.0;0.0;0.0;0.8214285714285714;1.0;0;0;0;0;JAGUARIAÍVA;REGIÃO CENTRAL;43
4790.0;2019-03-31;15.0;19.0;23.0;25.0;704.0;30.0;4.0;15.0;21.0;572.0;30.0;0.0;30.0;835.0;36.0;134.0;5;4;4;4;5;5;4;0;0;0;0;0;0;0;0;1;0;0;0;0;0;0;0;0.0;0.0;0.0;0.0;1.0;0.0;0.0;0.0;0.0;0.0;0.0;0.0;0.0;0.0;0.0;0.0;0.0;0.0;0.0;0.0;0.0;0.0;1.0;0.0;0.0;0.0;0.0;0.0;0.0;0.0;0.0;0.0;0.0;0.0;0.0;2.0;0.0;0.0;0.0;1.0;1.0;0;3;0;0;JAGUARIAÍVA;REGIÃO CENTRAL;44
4761.0;2019-04-30;12.0;19.0;22.0;25.0;650.0;28.0;2.0;12.0;21.0;517.0;28.0;0.0;28.0;783.0;27.0;71.0;4;4;4;5;4;4;5;1;0;0;0;0;0;0;0;0;0;0;0;0;0;0;0;0.0;0.0;0.0;0.0;1.0;0.0;0.0;0.0;0.0;0.0;0.0;0.0;0.0;0.0;0.0;0.0;0.0;0.0;0.0;0.0;0.0;0.0;1.0;0.0;0.0;0.0;0.0;0.0;0.0;0.0;0.0;0.0;0.0;0.0;0.0;2.0;0.0;0.0;0.0;1.0;1.0;0;1;0;0;JAGUARIAÍVA;REGIÃO CENTRAL;45
4753.0;2019-05-31;9.0;14.0;19.0;24.0;595.0;29.0;5.0;9.0;20.0;480.0;29.0;0.0;29.0;711.0;52.0;158.0;4;5;5;4;5;4;4;0;0;0;0;0;0;0;1;0;0;0;0;0;0;0;0;0.0;0.0;0.0;0.0;1.0;0.0;0.0;0.0;0.0;0.0;0.0;0.0;0.0;0.0;0.0;0.0;0.0;0.0;0.0;0.0;0.0;0.0;1.0;0.0;0.0;0.0;0.0;0.0;0.0;0.0;0.0;0.0;0.0;0.0;0.0;2.0;0.0;0.0;0.0;1.0;1.0;0;0;0;0;JAGUARIAÍVA;REGIÃO CENTRAL;46
4404.0;2019-06-30;6.0;12.0;18.0;22.0;539.0;28.0;3.0;6.0;16.0;378.0;28.0;0.0;28.0;700.0;56.0;93.0;5;4;4;4;4;5;4;0;0;0;0;0;0;1;0;0;0;0;0;0;0;0;0;0.0;0.0;0.0;0.0;1.0;0.0;0.0;0.0;0.0;0.0;0.0;0.0;0.0;0.0;0.0;0.0;0.0;0.0;0.0;0.0;0.0;0.0;1.0;0.0;0.0;0.0;0.0;0.0;0.0;0.0;0.0;0.0;0.0;0.0;0.0;2.0;0.0;0.0;0.0;1.0;1.0;0;1;0;0;JAGUARIAÍVA;REGIÃO CENTRAL;47
3879.0;2019-07-31;-1.0;7.0;16.0;22.0;506.0;27.0;2.0;-1.0;17.0;321.0;27.0;0.0;27.0;690.0;44.0;75.0;4;5;4;5;4;4;5;0;0;0;0;0;1;0;0;0;0;0;0;0;0;0;0;0.0;0.0;0.0;0.0;1.0;0.0;0.0;0.0;0.0;0.0;0.0;0.0;0.0;0.0;0.0;0.0;0.0;0.0;0.0;0.0;0.0;0.0;1.0;0.0;0.0;0.0;0.0;0.0;0.0;0.0;0.0;0.0;0.0;0.0;0.0;2.0;0.0;0.0;0.0;1.0;1.0;16;0;0;0;JAGUARIAÍVA;REGIÃO CENTRAL;48
4485.0;2019-08-31;4.0;10.0;17.0;22.0;528.0;30.0;0.0;4.0;16.0;344.0;30.0;0.0;30.0;712.0;9.0;12.0;4;4;5;4;5;5;4;0;1;0;0;0;0;0;0;0;0;0;0;0;0;0;0;0.0;0.0;0.0;0.0;1.0;0.0;0.0;0.0;0.0;0.0;0.0;0.0;0.0;0.0;0.0;0.0;0.0;0.0;0.0;0.0;0.0;0.0;1.0;0.0;0.0;0.0;0.0;0.0;0.0;0.0;0.0;0.0;0.0;0.0;0.0;2.0;0.0;0.0;0.0;1.0;1.0;0;0;0;0;JAGUARIAÍVA;REGIÃO CENTRAL;49
4995.0;2019-09-30;10.0;14.0;20.0;27.0;604.0;33.0;5.0;10.0;21.0;449.0;33.0;0.0;33.0;760.0;49.0;143.0;5;4;4;5;4;4;4;0;0;0;0;0;0;0;0;0;0;0;1;0;0;0;0;0.0;0.0;0.0;0.0;1.0;0.0;0.0;0.0;0.0;0.0;0.0;0.0;0.0;0.0;0.0;0.0;0.0;0.0;0.0;0.0;0.0;0.0;1.0;0.0;0.0;0.0;0.0;0.0;0.0;0.0;0.0;0.0;0.0;0.0;0.0;2.0;0.0;0.0;0.0;1.0;1.0;0;0;0;0;JAGUARIAÍVA;REGIÃO CENTRAL;50
5059.0;2019-10-31;12.0;17.0;23.0;27.0;699.0;35.0;3.0;12.0;22.0;520.0;35.0;0.0;35.0;879.0;49.0;80.0;4;5;5;4;4;4;5;0;0;0;0;0;0;0;0;0;0;1;0;0;0;0;0;0.0;0.0;0.0;0.0;1.0;0.0;0.0;0.0;0.0;0.0;0.0;0.0;0.0;0.0;0.0;0.0;0.0;0.0;0.0;0.0;0.0;0.0;1.0;0.0;0.0;0.0;0.0;0.0;0.0;0.0;0.0;0.0;0.0;0.0;0.0;2.0;0.0;0.0;0.0;1.0;1.0;0;0;0;0;JAGUARIAÍVA;REGIÃO CENTRAL;51
4611.0;2019-11-30;13.0;18.0;22.0;26.0;652.0;33.0;5.0;13.0;20.0;493.0;33.0;0.0;33.0;812.0;53.0;164.0;4;4;4;4;5;5;4;0;0;0;0;0;0;0;0;0;1;0;0;0;0;0;0;0.0;0.0;0.0;0.0;1.0;0.0;0.0;0.0;0.0;0.0;0.0;0.0;0.0;0.0;0.0;0.0;0.0;0.0;0.0;0.0;0.0;0.0;1.0;0.0;0.0;0.0;0.0;0.0;0.0;0.0;0.0;0.0;0.0;0.0;0.0;2.0;0.0;0.0;0.0;1.0;1.0;0;0;0;0;JAGUARIAÍVA;REGIÃO CENTRAL;52
3339.0;2019-12-31;14.0;18.0;22.0;26.0;679.0;31.0;6.0;14.0;20.0;539.0;31.0;0.0;31.0;820.0;72.0;190.0;5;4;4;5;4;4;5;0;0;1;0;0;0;0;0;0;0;0;0;0;0;0;0;0.0;0.0;0.0;0.0;1.0;0.0;0.0;0.0;0.0;0.0;0.0;0.0;0.0;0.0;0.0;0.0;0.0;0.0;0.0;0.0;0.0;0.0;1.0;0.0;0.0;0.0;0.0;0.0;0.0;0.0;0.0;0.0;0.0;0.0;0.0;2.0;0.0;0.0;0.0;1.0;1.0;0;0;0;0;JAGUARIAÍVA;REGIÃO CENTRAL;53
3010.0;2020-01-31;15.0;19.0;23.0;26.0;716.0;31.0;5.0;15.0;22.0;589.0;31.0;0.0;31.0;843.0;37.0;140.0;4;5;5;4;5;4;4;0;0;0;0;1;0;0;0;0;0;0;0;0;0;0;0;0.0;0.0;0.0;0.0;0.0;1.0;0.0;0.0;0.0;0.0;0.0;0.0;0.0;0.0;0.0;0.0;0.0;0.0;0.0;0.0;0.0;0.0;1.0;0.0;0.0;0.0;0.0;0.0;0.0;0.0;0.0;0.0;0.0;0.0;0.0;2.0;0.0;0.0;0.0;1.0;1.0;31;0;0;0;JAGUARIAÍVA;REGIÃO CENTRAL;54
3740.0;2020-02-29;13.0;19.0;22.0;26.0;648.0;32.0;3.0;13.0;22.0;527.0;32.0;0.0;32.0;769.0;18.0;76.0;4;4;4;4;4;5;4;0;0;0;1;0;0;0;0;0;0;0;0;0;0;0;0;0.0;0.0;0.0;0.0;0.0;1.0;0.0;0.0;0.0;0.0;0.0;0.0;0.0;0.0;0.0;0.0;0.0;0.0;0.0;0.0;0.0;0.0;1.0;0.0;0.0;0.0;0.0;0.0;0.0;0.0;0.0;0.0;0.0;0.0;0.0;2.0;0.0;0.0;0.0;1.0;1.0;0;3;0;0;JAGUARIAÍVA;REGIÃO CENTRAL;55
2664.0;2020-03-31;14.0;20.0;22.0;26.0;682.0;33.0;1.0;14.0;21.0;513.0;33.0;0.0;33.0;852.0;14.0;24.0;5;4;4;5;4;4;5;0;0;0;0;0;0;0;0;1;0;0;0;0;0;0;0;0.0;0.0;0.0;0.0;0.0;1.0;0.0;0.0;0.0;0.0;0.0;0.0;0.0;0.0;0.0;0.0;0.0;0.0;0.0;0.0;0.0;0.0;1.0;0.0;0.0;0.0;0.0;0.0;0.0;0.0;0.0;0.0;0.0;0.0;0.0;2.0;0.0;0.0;0.0;1.0;1.0;0;0;15;0;JAGUARIAÍVA;REGIÃO CENTRAL;56
1071.0;2020-04-30;8.0;16.0;20.0;24.0;596.0;30.0;2.0;8.0;19.0;420.0;30.0;0.0;30.0;773.0;45.0;63.0;4;5;5;4;4;4;4;1;0;0;0;0;0;0;0;0;0;0;0;0;0;0;0;0.0;0.0;0.0;0.0;0.0;1.0;0.0;0.0;0.0;0.0;0.0;0.0;0.0;0.0;0.0;0.0;0.0;0.0;0.0;0.0;0.0;0.0;1.0;0.0;0.0;0.0;0.0;0.0;0.0;0.0;0.0;0.0;0.0;0.0;0.0;2.0;0.0;0.0;0.0;1.0;1.0;0;1;30;0;JAGUARIAÍVA;REGIÃO CENTRAL;57
744.0;2020-05-31;6.0;13.0;17.0;22.0;530.0;27.0;3.0;6.0;17.0;343.0;27.0;0.0;27.0;717.0;82.0;93.0;5;4;4;4;5;5;4;0;0;0;0;0;0;0;1;0;0;0;0;0;0;0;0;0.0;0.0;0.0;0.0;0.0;1.0;0.0;0.0;0.0;0.0;0.0;0.0;0.0;0.0;0.0;0.0;0.0;0.0;0.0;0.0;0.0;0.0;1.0;0.0;0.0;0.0;0.0;0.0;0.0;0.0;0.0;0.0;0.0;0.0;0.0;2.0;0.0;0.0;0.0;1.0;1.0;0;0;31;0;JAGUARIAÍVA;REGIÃO CENTRAL;58
1182.0;2020-06-30;9.0;13.0;17.0;21.0;524.0;27.0;8.0;9.0;18.0;390.0;27.0;0.0;27.0;657.0;115.0;227.0;4;4;4;5;4;4;5;0;0;0;0;0;0;1;0;0;0;0;0;0;0;0;0;0.0;0.0;0.0;0.0;0.0;1.0;0.0;0.0;0.0;0.0;0.0;0.0;0.0;0.0;0.0;0.0;0.0;0.0;0.0;0.0;0.0;0.0;1.0;0.0;0.0;0.0;0.0;0.0;0.0;0.0;0.0;0.0;0.0;0.0;0.0;2.0;0.0;0.0;0.0;1.0;1.0;0;1;30;0;JAGUARIAÍVA;REGIÃO CENTRAL;59
2064.0;2020-07-31;4.0;9.0;16.0;21.0;500.0;27.0;2.0;4.0;16.0;326.0;27.0;0.0;27.0;675.0;48.0;58.0;4;5;5;4;5;4;4;0;0;0;0;0;1;0;0;0;0;0;0;0;0;0;0;0.0;0.0;0.0;0.0;0.0;1.0;0.0;0.0;0.0;0.0;0.0;0.0;0.0;0.0;0.0;0.0;0.0;0.0;0.0;0.0;0.0;0.0;1.0;0.0;0.0;0.0;0.0;0.0;0.0;0.0;0.0;0.0;0.0;0.0;0.0;2.0;0.0;0.0;0.0;1.0;1.0;0;0;31;0;JAGUARIAÍVA;REGIÃO CENTRAL;60
2108.0;2020-08-31;1.0;8.0;16.0;23.0;511.0;32.0;6.0;1.0;15.0;329.0;32.0;0.0;32.0;693.0;48.0;194.0;5;4;4;5;4;5;4;0;1;0;0;0;0;0;0;0;0;0;0;0;0;0;0;0.0;0.0;0.0;0.0;0.0;1.0;0.0;0.0;0.0;0.0;0.0;0.0;0.0;0.0;0.0;0.0;0.0;0.0;0.0;0.0;0.0;0.0;1.0;0.0;0.0;0.0;0.0;0.0;0.0;0.0;0.0;0.0;0.0;0.0;0.0;2.0;0.0;0.0;0.0;1.0;1.0;0;0;31;0;JAGUARIAÍVA;REGIÃO CENTRAL;61
2220.0;2020-09-30;11.0;15.0;21.0;25.0;639.0;34.0;1.0;11.0;17.0;449.0;34.0;0.0;34.0;828.0;20.0;27.0;4;5;4;4;4;4;5;0;0;0;0;0;0;0;0;0;0;0;1;0;0;0;0;0.0;0.0;0.0;0.0;0.0;1.0;0.0;0.0;0.0;0.0;0.0;0.0;0.0;0.0;0.0;0.0;0.0;0.0;0.0;0.0;0.0;0.0;1.0;0.0;0.0;0.0;0.0;0.0;0.0;0.0;0.0;0.0;0.0;0.0;0.0;2.0;0.0;0.0;0.0;1.0;1.0;0;0;30;0;JAGUARIAÍVA;REGIÃO CENTRAL;62
2232.0;2020-10-31;10.0;16.0;21.0;28.0;663.0;37.0;4.0;10.0;20.0;481.0;37.0;0.0;37.0;844.0;36.0;118.0;4;4;5;4;5;5;4;0;0;0;0;0;0;0;0;0;0;1;0;0;0;0;0;0.0;0.0;0.0;0.0;0.0;1.0;0.0;0.0;0.0;0.0;0.0;0.0;0.0;0.0;0.0;0.0;0.0;0.0;0.0;0.0;0.0;0.0;1.0;0.0;0.0;0.0;0.0;0.0;0.0;0.0;0.0;0.0;0.0;0.0;0.0;2.0;0.0;0.0;0.0;1.0;1.0;0;0;31;0;JAGUARIAÍVA;REGIÃO CENTRAL;63
2220.0;2020-11-30;8.0;16.0;21.0;25.0;633.0;33.0;3.0;8.0;19.0;445.0;33.0;0.0;33.0;821.0;23.0;97.0;5;4;4;5;4;4;4;0;0;0;0;0;0;0;0;0;1;0;0;0;0;0;0;0.0;0.0;0.0;0.0;0.0;1.0;0.0;0.0;0.0;0.0;0.0;0.0;0.0;0.0;0.0;0.0;0.0;0.0;0.0;0.0;0.0;0.0;1.0;0.0;0.0;0.0;0.0;0.0;0.0;0.0;0.0;0.0;0.0;0.0;0.0;2.0;0.0;0.0;0.0;1.0;1.0;0;0;30;0;JAGUARIAÍVA;REGIÃO CENTRAL;64
2387.0;2020-12-31;14.0;18.0;23.0;24.0;699.0;30.0;3.0;14.0;20.0;552.0;30.0;0.0;30.0;847.0;27.0;100.0;4;5;5;4;4;4;5;0;0;1;0;0;0;0;0;0;0;0;0;0;0;0;0;0.0;0.0;0.0;0.0;0.0;1.0;0.0;0.0;0.0;0.0;0.0;0.0;0.0;0.0;0.0;0.0;0.0;0.0;0.0;0.0;0.0;0.0;1.0;0.0;0.0;0.0;0.0;0.0;0.0;0.0;0.0;0.0;0.0;0.0;0.0;2.0;0.0;0.0;0.0;1.0;1.0;0;0;31;0;JAGUARIAÍVA;REGIÃO CENTRAL;65
2201.0;2021-01-31;15.0;20.0;23.0;26.0;707.0;31.0;4.0;15.0;21.0;590.0;31.0;0.0;31.0;825.0;16.0;132.0;5;4;4;4;5;5;4;0;0;0;0;1;0;0;0;0;0;0;0;1;0;0;0;0.0;0.0;0.0;0.0;0.0;0.0;0.0;0.0;0.0;0.0;0.0;0.0;0.0;0.0;0.0;0.0;0.0;0.0;0.0;0.0;0.0;0.0;1.0;0.0;0.0;0.0;0.0;0.0;0.0;0.0;0.0;0.0;0.0;0.0;0.0;2.0;0.0;0.0;0.0;1.0;1.0;0;0;31;0;JAGUARIAÍVA;REGIÃO CENTRAL;66
2044.0;2021-02-28;14.0;20.0;23.0;26.0;634.0;32.0;1.0;14.0;21.0;473.0;32.0;0.0;32.0;793.0;10.0;26.0;4;4;4;4;4;4;4;0;0;0;1;0;0;0;0;0;0;0;0;1;0;0;0;0.0;0.0;0.0;0.0;0.0;0.0;0.0;0.0;0.0;0.0;0.0;0.0;0.0;0.0;0.0;0.0;0.0;0.0;0.0;0.0;0.0;0.0;1.0;0.0;0.0;0.0;0.0;0.0;0.0;0.0;0.0;0.0;0.0;0.0;0.0;2.0;0.0;0.0;0.0;1.0;1.0;0;3;28;0;JAGUARIAÍVA;REGIÃO CENTRAL;67
2356.0;2021-03-31;12.0;18.0;23.0;26.0;717.0;32.0;3.0;12.0;20.0;557.0;32.0;0.0;32.0;877.0;12.0;92.0;4;5;4;5;4;4;5;0;0;0;0;0;0;0;0;1;0;0;0;1;0;0;0;0.0;0.0;0.0;0.0;0.0;0.0;0.0;0.0;0.0;0.0;0.0;0.0;0.0;0.0;0.0;0.0;0.0;0.0;0.0;0.0;0.0;0.0;1.0;0.0;0.0;0.0;0.0;0.0;0.0;0.0;0.0;0.0;0.0;0.0;0.0;2.0;0.0;0.0;0.0;1.0;1.0;0;0;31;0;JAGUARIAÍVA;REGIÃO CENTRAL;68
2340.0;2021-04-30;10.0;17.0;20.0;24.0;594.0;30.0;0.0;10.0;19.0;426.0;30.0;0.0;30.0;762.0;4.0;6.0;4;4;5;4;5;4;4;1;0;0;0;0;0;0;0;0;0;0;0;1;0;0;0;0.0;0.0;0.0;0.0;0.0;0.0;0.0;0.0;0.0;0.0;0.0;0.0;0.0;0.0;0.0;0.0;0.0;0.0;0.0;0.0;0.0;0.0;1.0;0.0;0.0;0.0;0.0;0.0;0.0;0.0;0.0;0.0;0.0;0.0;0.0;2.0;0.0;0.0;0.0;1.0;1.0;0;1;30;0;JAGUARIAÍVA;REGIÃO CENTRAL;69
2418.0;2021-05-31;3.0;13.0;17.0;22.0;535.0;28.0;6.0;3.0;18.0;351.0;28.0;0.0;28.0;720.0;62.0;179.0;5;4;4;5;4;5;4;0;0;0;0;0;0;0;1;0;0;0;0;1;0;0;0;0.0;0.0;0.0;0.0;0.0;0.0;0.0;0.0;0.0;0.0;0.0;0.0;0.0;0.0;0.0;0.0;0.0;0.0;0.0;0.0;0.0;0.0;1.0;0.0;0.0;0.0;0.0;0.0;0.0;0.0;0.0;0.0;0.0;0.0;0.0;2.0;0.0;0.0;0.0;1.0;1.0;0;0;31;0;JAGUARIAÍVA;REGIÃO CENTRAL;70
2130.0;2021-06-30;-1.0;5.0;15.0;21.0;464.0;27.0;4.0;-1.0;15.0;318.0;27.0;0.0;27.0;610.0;66.0;130.0;4;5;4;4;4;4;5;0;0;0;0;0;0;1;0;0;0;0;0;1;0;0;0;0.0;0.0;0.0;0.0;0.0;0.0;0.0;0.0;0.0;0.0;0.0;0.0;0.0;0.0;0.0;0.0;0.0;0.0;0.0;0.0;0.0;0.0;1.0;0.0;0.0;0.0;0.0;0.0;0.0;0.0;0.0;0.0;0.0;0.0;0.0;2.0;0.0;0.0;0.0;1.0;1.0;0;1;30;0;JAGUARIAÍVA;REGIÃO CENTRAL;71
2108.0;2021-07-31;-1.0;6.0;14.0;19.0;427.0;28.0;2.0;-1.0;14.0;204.0;28.0;0.0;28.0;649.0;44.0;50.0;4;4;5;4;5;5;4;0;0;0;0;0;1;0;0;0;0;0;0;1;0;0;0;0.0;0.0;0.0;0.0;0.0;0.0;0.0;0.0;0.0;0.0;0.0;0.0;0.0;0.0;0.0;0.0;0.0;0.0;0.0;0.0;0.0;0.0;1.0;0.0;0.0;0.0;0.0;0.0;0.0;0.0;0.0;0.0;0.0;0.0;0.0;2.0;0.0;0.0;0.0;1.0;1.0;0;0;31;0;JAGUARIAÍVA;REGIÃO CENTRAL;72
2170.0;2021-08-31;6.0;13.0;19.0;25.0;574.0;33.0;3.0;6.0;18.0;370.0;33.0;0.0;33.0;777.0;67.0;86.0;5;4;4;5;4;4;5;0;1;0;0;0;0;0;0;0;0;0;0;1;0;0;0;0.0;0.0;0.0;0.0;0.0;0.0;0.0;0.0;0.0;0.0;0.0;0.0;0.0;0.0;0.0;0.0;0.0;0.0;0.0;0.0;0.0;0.0;1.0;0.0;0.0;0.0;0.0;0.0;0.0;0.0;0.0;0.0;0.0;0.0;0.0;2.0;0.0;0.0;0.0;1.0;1.0;0;0;31;0;JAGUARIAÍVA;REGIÃO CENTRAL;73
2100.0;2021-09-30;10.0;17.0;22.0;27.0;648.0;34.0;5.0;10.0;22.0;447.0;34.0;0.0;34.0;849.0;80.0;141.0;4;5;5;4;4;4;4;0;0;0;0;0;0;0;0;0;0;0;1;1;0;0;0;0.0;0.0;0.0;0.0;0.0;0.0;0.0;0.0;0.0;0.0;0.0;0.0;0.0;0.0;0.0;0.0;0.0;0.0;0.0;0.0;0.0;0.0;1.0;0.0;0.0;0.0;0.0;0.0;0.0;0.0;0.0;0.0;0.0;0.0;0.0;2.0;0.0;0.0;0.0;1.0;1.0;0;0;30;0;JAGUARIAÍVA;REGIÃO CENTRAL;74
2356.0;2021-10-31;9.0;16.0;19.0;23.0;588.0;28.0;14.0;9.0;18.0;446.0;28.0;0.0;28.0;730.0;96.0;431.0;5;4;4;4;5;5;4;0;0;0;0;0;0;0;0;0;0;1;0;1;0;0;0;0.0;0.0;0.0;0.0;0.0;0.0;0.0;0.0;0.0;0.0;0.0;0.0;0.0;0.0;0.0;0.0;0.0;0.0;0.0;0.0;0.0;0.0;1.0;0.0;0.0;0.0;0.0;0.0;0.0;0.0;0.0;0.0;0.0;0.0;0.0;2.0;0.0;0.0;0.0;1.0;1.0;0;0;0;0;JAGUARIAÍVA;REGIÃO CENTRAL;75
2340.0;2021-11-30;10.0;17.0;22.0;25.0;657.0;32.0;4.0;10.0;18.0;466.0;32.0;0.0;32.0;849.0;53.0;112.0;4;4;4;5;4;4;5;0;0;0;0;0;0;0;0;0;1;0;0;1;0;0;0;0.0;0.0;0.0;0.0;0.0;0.0;0.0;0.0;0.0;0.0;0.0;0.0;0.0;0.0;0.0;0.0;0.0;0.0;0.0;0.0;0.0;0.0;1.0;0.0;0.0;0.0;0.0;0.0;0.0;0.0;0.0;0.0;0.0;0.0;0.0;2.0;0.0;0.0;0.0;1.0;1.0;0;0;0;0;JAGUARIAÍVA;REGIÃO CENTRAL;76
2325.0;2021-12-31;11.0;19.0;23.0;27.0;707.0;34.0;3.0;11.0;20.0;511.0;34.0;0.0;34.0;903.0;28.0;104.0;4;5;5;4;5;4;4;0;0;1;0;0;0;0;0;0;0;0;0;1;0;0;0;0.0;0.0;0.0;0.0;0.0;0.0;0.0;0.0;0.0;0.0;0.0;0.0;0.0;0.0;0.0;0.0;0.0;0.0;0.0;0.0;0.0;0.0;1.0;0.0;0.0;0.0;0.0;0.0;0.0;0.0;0.0;0.0;0.0;0.0;0.0;2.0;0.0;0.0;0.0;1.0;1.0;0;0;0;0;JAGUARIAÍVA;REGIÃO CENTRAL;77
2170.0;2022-01-31;15.0;19.0;24.0;27.0;729.0;34.0;7.0;15.0;21.0;569.0;34.0;0.0;34.0;888.0;42.0;209.0;5;4;4;5;4;5;4;0;0;0;0;1;0;0;0;0;0;0;0;0;1;0;0;0.0;0.0;0.0;0.0;0.0;0.0;0.0;0.0;0.0;0.0;0.0;0.0;0.0;0.0;0.0;0.0;0.0;0.0;0.0;0.0;0.0;0.0;1.0;0.0;0.0;0.0;0.0;0.0;0.0;0.0;0.0;0.0;0.0;0.0;0.0;2.0;0.0;0.0;0.0;1.0;1.0;31;0;0;0;JAGUARIAÍVA;REGIÃO CENTRAL;78
2296.0;2022-02-28;15.0;21.0;24.0;27.0;673.0;34.0;6.0;15.0;21.0;502.0;34.0;0.0;34.0;844.0;82.0;170.0;4;4;4;4;4;4;4;0;0;0;1;0;0;0;0;0;0;0;0;0;1;0;0;0.0;0.0;0.0;0.0;0.0;0.0;0.0;0.0;0.0;0.0;0.0;0.0;0.0;0.0;0.0;0.0;0.0;0.0;0.0;0.0;0.0;0.0;1.0;0.0;0.0;0.0;0.0;0.0;0.0;0.0;0.0;0.0;0.0;0.0;0.0;2.0;0.0;0.0;0.0;1.0;1.0;0;1;0;0;JAGUARIAÍVA;REGIÃO CENTRAL;79
3255.0;2022-03-31;15.0;19.0;24.0;27.0;729.0;34.0;10.0;15.0;21.0;573.0;34.0;0.0;34.0;884.0;41.0;325.0;4;5;5;4;4;4;5;0;0;0;0;0;0;0;0;1;0;0;0;0;1;0;0;0.0;0.0;0.0;0.0;0.0;0.0;0.0;0.0;0.0;0.0;0.0;0.0;0.0;0.0;0.0;0.0;0.0;0.0;0.0;0.0;0.0;0.0;1.0;0.0;0.0;0.0;0.0;0.0;0.0;0.0;0.0;0.0;0.0;0.0;0.0;2.0;0.0;0.0;0.0;1.0;1.0;0;1;0;0;JAGUARIAÍVA;REGIÃO CENTRAL;80
3600.0;2022-04-30;9.0;15.0;20.0;24.0;612.0;30.0;3.0;9.0;18.0;457.0;30.0;0.0;30.0;768.0;35.0;95.0;4;4;4;4;5;5;4;1;0;0;0;0;0;0;0;0;0;0;0;0;1;0;0;0.0;0.0;0.0;0.0;0.0;0.0;0.0;0.0;0.0;0.0;0.0;0.0;0.0;0.0;0.0;0.0;0.0;0.0;0.0;0.0;0.0;0.0;1.0;0.0;0.0;0.0;0.0;0.0;0.0;0.0;0.0;0.0;0.0;0.0;0.0;2.0;0.0;0.0;0.0;1.0;1.0;0;1;0;0;JAGUARIAÍVA;REGIÃO CENTRAL;81
4433.0;2022-05-31;4.0;9.0;16.0;22.0;505.0;27.0;5.0;4.0;18.0;346.0;27.0;0.0;27.0;663.0;92.0;141.0;5;4;4;5;4;4;5;0;0;0;0;0;0;0;1;0;0;0;0;0;1;0;0;0.0;0.0;0.0;0.0;0.0;0.0;0.0;0.0;0.0;0.0;0.0;0.0;0.0;0.0;0.0;0.0;0.0;0.0;0.0;0.0;0.0;0.0;1.0;0.0;0.0;0.0;0.0;0.0;0.0;0.0;0.0;0.0;0.0;0.0;0.0;2.0;0.0;0.0;0.0;1.0;1.0;0;0;0;0;JAGUARIAÍVA;REGIÃO CENTRAL;82
4290.0;2022-06-30;2.0;10.0;16.0;21.0;482.0;27.0;1.0;2.0;16.0;327.0;27.0;0.0;27.0;637.0;13.0;44.0;4;5;5;4;4;4;4;0;0;0;0;0;0;1;0;0;0;0;0;0;1;0;0;0.0;0.0;0.0;0.0;0.0;0.0;0.0;0.0;0.0;0.0;0.0;0.0;0.0;0.0;0.0;0.0;0.0;0.0;0.0;0.0;0.0;0.0;1.0;0.0;0.0;0.0;0.0;0.0;0.0;0.0;0.0;0.0;0.0;0.0;0.0;2.0;0.0;0.0;0.0;1.0;1.0;0;1;0;0;JAGUARIAÍVA;REGIÃO CENTRAL;83
3441.0;2022-07-31;4.0;12.0;18.0;21.0;559.0;28.0;1.0;4.0;16.0;356.0;28.0;0.0;28.0;761.0;12.0;19.0;5;4;4;4;5;5;4;0;0;0;0;0;1;0;0;0;0;0;0;0;1;0;0;0.0;0.0;0.0;0.0;0.0;0.0;0.0;0.0;0.0;0.0;0.0;0.0;0.0;0.0;0.0;0.0;0.0;0.0;0.0;0.0;0.0;0.0;1.0;0.0;0.0;0.0;0.0;0.0;0.0;0.0;0.0;0.0;0.0;0.0;0.0;2.0;0.0;0.0;0.0;1.0;1.0;0;0;0;0;JAGUARIAÍVA;REGIÃO CENTRAL;84
5022.0;2022-08-31;2.0;9.0;16.0;21.0;495.0;29.0;7.0;2.0;16.0;323.0;29.0;0.0;29.0;667.0;58.0;211.0;4;5;4;5;4;4;5;0;1;0;0;0;0;0;0;0;0;0;0;0;1;0;0;0.0;0.0;0.0;0.0;0.0;0.0;0.0;0.0;0.0;0.0;0.0;0.0;0.0;0.0;0.0;0.0;0.0;0.0;0.0;0.0;0.0;0.0;1.0;0.0;0.0;0.0;0.0;0.0;0.0;0.0;0.0;0.0;0.0;0.0;0.0;2.0;0.0;0.0;0.0;1.0;1.0;0;0;0;0;JAGUARIAÍVA;REGIÃO CENTRAL;85
4710.0;2022-09-30;5.0;12.0;16.0;24.0;477.0;31.0;8.0;5.0;19.0;344.0;31.0;0.0;31.0;610.0;70.0;244.0;4;4;5;4;5;4;4;0;0;0;0;0;0;0;0;0;0;0;1;0;1;0;0;0.0;0.0;0.0;0.0;0.0;0.0;0.0;0.0;0.0;0.0;0.0;0.0;0.0;0.0;0.0;0.0;0.0;0.0;0.0;0.0;0.0;0.0;1.0;0.0;0.0;0.0;0.0;0.0;0.0;0.0;0.0;0.0;0.0;0.0;0.0;2.0;0.0;0.0;0.0;1.0;1.0;0;0;0;0;JAGUARIAÍVA;REGIÃO CENTRAL;86
5580.0;2022-10-31;1.0;13.0;20.0;24.0;611.0;30.0;11.0;1.0;18.0;444.0;30.0;0.0;30.0;778.0;75.0;356.0;5;4;4;5;4;5;4;0;0;0;0;0;0;0;0;0;0;1;0;0;1;0;0;0.0;0.0;0.0;0.0;0.0;0.0;0.0;0.0;0.0;0.0;0.0;0.0;0.0;0.0;0.0;0.0;0.0;0.0;0.0;0.0;0.0;0.0;1.0;0.0;0.0;0.0;0.0;0.0;0.0;0.0;0.0;0.0;0.0;0.0;0.0;2.0;0.0;0.0;0.0;1.0;1.0;0;0;0;0;JAGUARIAÍVA;REGIÃO CENTRAL;87
5190.0;2022-11-30;8.0;11.0;19.0;22.0;555.0;29.0;2.0;8.0;17.0;385.0;29.0;0.0;29.0;725.0;21.0;53.0;4;5;4;4;4;4;5;0;0;0;0;0;0;0;0;0;1;0;0;0;1;0;0;0.0;0.0;0.0;0.0;0.0;0.0;0.0;0.0;0.0;0.0;0.0;0.0;0.0;0.0;0.0;0.0;0.0;0.0;0.0;0.0;0.0;0.0;1.0;0.0;0.0;0.0;0.0;0.0;0.0;0.0;0.0;0.0;0.0;0.0;0.0;2.0;0.0;0.0;0.0;1.0;1.0;0;0;0;0;JAGUARIAÍVA;REGIÃO CENTRAL;88
4588.0;2022-12-31;-3.0;12.0;21.0;25.0;662.0;31.0;8.0;-3.0;20.0;502.0;31.0;0.0;31.0;823.0;46.0;238.0;4;4;5;4;5;5;4;0;0;1;0;0;0;0;0;0;0;0;0;0;1;0;0;0.0;0.0;0.0;0.0;0.0;0.0;0.0;0.0;0.0;0.0;0.0;0.0;0.0;0.0;0.0;0.0;0.0;0.0;0.0;0.0;0.0;0.0;1.0;0.0;0.0;0.0;0.0;0.0;0.0;0.0;0.0;0.0;0.0;0.0;0.0;2.0;0.0;0.0;0.0;1.0;1.0;0;0;0;0;JAGUARIAÍVA;REGIÃO CENTRAL;89
3503.0;2023-01-31;13.0;18.0;22.0;25.0;691.0;31.0;5.0;13.0;20.0;544.0;31.0;0.0;31.0;839.0;32.0;168.0;5;4;4;5;4;4;5;0;0;0;0;1;0;0;0;0;0;0;0;0;0;1;0;0.0;0.0;0.0;0.0;0.0;0.0;0.0;0.0;0.0;0.0;0.0;0.0;0.0;0.0;0.0;0.0;0.0;0.0;0.0;0.0;0.0;0.0;1.0;0.0;0.0;0.0;0.0;0.0;0.0;0.0;0.0;0.0;0.0;0.0;0.0;2.0;0.0;0.0;0.0;1.0;1.0;31;0;0;0;JAGUARIAÍVA;REGIÃO CENTRAL;90
3976.0;2023-02-28;14.0;17.0;22.0;24.0;617.0;31.0;11.0;14.0;20.0;497.0;31.0;0.0;31.0;736.0;80.0;300.0;4;4;4;4;4;4;4;0;0;0;1;0;0;0;0;0;0;0;0;0;0;1;0;0.0;0.0;0.0;0.0;0.0;0.0;0.0;0.0;0.0;0.0;0.0;0.0;0.0;0.0;0.0;0.0;0.0;0.0;0.0;0.0;0.0;0.0;1.0;0.0;0.0;0.0;0.0;0.0;0.0;0.0;0.0;0.0;0.0;0.0;0.0;2.0;0.0;0.0;0.0;1.0;1.0;0;3;0;0;JAGUARIAÍVA;REGIÃO CENTRAL;91
6138.0;2023-03-31;16.0;21.0;23.0;25.0;717.0;31.0;6.0;16.0;20.0;560.0;31.0;0.0;31.0;874.0;47.0;190.0;4;5;5;4;5;4;4;0;0;0;0;0;0;0;0;1;0;0;0;0;0;1;0;0.0;0.0;0.0;0.0;0.0;0.0;0.0;0.0;0.0;0.0;0.0;0.0;0.0;0.0;0.0;0.0;0.0;0.0;0.0;0.0;0.0;0.0;1.0;0.0;0.0;0.0;0.0;0.0;0.0;0.0;0.0;0.0;0.0;0.0;0.0;2.0;0.0;0.0;0.0;1.0;1.0;0;0;0;0;JAGUARIAÍVA;REGIÃO CENTRAL;92
5400.0;2023-04-30;9.0;15.0;20.0;24.0;590.0;30.0;4.0;9.0;18.0;447.0;30.0;0.0;30.0;734.0;50.0;133.0;5;4;4;4;4;5;4;1;0;0;0;0;0;0;0;0;0;0;0;0;0;1;0;0.0;0.0;0.0;0.0;0.0;0.0;0.0;0.0;0.0;0.0;0.0;0.0;0.0;0.0;0.0;0.0;0.0;0.0;0.0;0.0;0.0;0.0;1.0;0.0;0.0;0.0;0.0;0.0;0.0;0.0;0.0;0.0;0.0;0.0;0.0;2.0;0.0;0.0;0.0;1.0;1.0;0;1;0;0;JAGUARIAÍVA;REGIÃO CENTRAL;93
6417.0;2023-05-31;8.0;14.0;18.0;23.0;563.0;28.0;2.0;8.0;18.0;395.0;28.0;0.0;28.0;731.0;15.0;48.0;4;5;4;5;4;4;5;0;0;0;0;0;0;0;1;0;0;0;0;0;0;1;0;0.0;0.0;0.0;0.0;0.0;0.0;0.0;0.0;0.0;0.0;0.0;0.0;0.0;0.0;0.0;0.0;0.0;0.0;0.0;0.0;0.0;0.0;1.0;0.0;0.0;0.0;0.0;0.0;0.0;0.0;0.0;0.0;0.0;0.0;0.0;2.0;0.0;0.0;0.0;1.0;1.0;0;0;0;0;JAGUARIAÍVA;REGIÃO CENTRAL;94
6240.0;2023-06-30;6.0;12.0;16.0;21.0;489.0;28.0;6.0;6.0;15.0;315.0;28.0;0.0;28.0;664.0;88.0;172.0;4;4;5;4;5;4;4;0;0;0;0;0;0;1;0;0;0;0;0;0;0;1;0;0.0;0.0;0.0;0.0;0.0;0.0;0.0;0.0;0.0;0.0;0.0;0.0;0.0;0.0;0.0;0.0;0.0;0.0;0.0;0.0;0.0;0.0;1.0;0.0;0.0;0.0;0.0;0.0;0.0;0.0;0.0;0.0;0.0;0.0;0.0;2.0;0.0;0.0;0.0;1.0;1.0;0;1;0;0;JAGUARIAÍVA;REGIÃO CENTRAL;95
4309.0;2023-07-31;4.0;11.0;16.0;21.0;508.0;27.0;4.0;4.0;16.0;351.0;27.0;0.0;27.0;664.0;34.0;124.0;5;4;4;5;4;5;4;0;0;0;0;0;1;0;0;0;0;0;0;0;0;1;0;0.0;0.0;0.0;0.0;0.0;0.0;0.0;0.0;0.0;0.0;0.0;0.0;0.0;0.0;0.0;0.0;0.0;0.0;0.0;0.0;0.0;0.0;1.0;0.0;0.0;0.0;0.0;0.0;0.0;0.0;0.0;0.0;0.0;0.0;0.0;2.0;0.0;0.0;0.0;1.0;1.0;15;0;0;0;JAGUARIAÍVA;REGIÃO CENTRAL;96
6572.0;2023-08-31;6.0;11.0;18.0;25.0;557.0;32.0;4.0;6.0;19.0;372.0;32.0;0.0;32.0;743.0;45.0;135.0;4;5;5;4;4;4;5;0;1;0;0;0;0;0;0;0;0;0;0;0;0;1;0;0.0;0.0;0.0;0.0;0.0;0.0;0.0;0.0;0.0;0.0;0.0;0.0;0.0;0.0;0.0;0.0;0.0;0.0;0.0;0.0;0.0;0.0;1.0;0.0;0.0;0.0;0.0;0.0;0.0;0.0;0.0;0.0;0.0;0.0;0.0;2.0;0.0;0.0;0.0;1.0;1.0;0;0;0;0;JAGUARIAÍVA;REGIÃO CENTRAL;97
6240.0;2023-09-30;8.0;15.0;21.0;27.0;645.0;35.0;5.0;8.0;22.0;464.0;35.0;0.0;35.0;826.0;44.0;143.0;4;4;4;4;5;5;4;0;0;0;0;0;0;0;0;0;0;0;1;0;0;1;0;0.0;0.0;0.0;0.0;0.0;0.0;0.0;0.0;0.0;0.0;0.0;0.0;0.0;0.0;0.0;0.0;0.0;0.0;0.0;0.0;0.0;0.0;1.0;0.0;0.0;0.0;0.0;0.0;0.0;0.0;0.0;0.0;0.0;0.0;0.0;2.0;0.0;0.0;0.0;1.0;1.0;0;0;0;0;JAGUARIAÍVA;REGIÃO CENTRAL;98
6293.0;2023-10-31;12.0;16.0;21.0;26.0;649.0;33.0;13.0;12.0;21.0;503.0;33.0;0.0;33.0;796.0;108.0;412.0;5;4;4;5;4;4;5;0;0;0;0;0;0;0;0;0;0;1;0;0;0;1;0;0.0;0.0;0.0;0.0;0.0;0.0;0.0;0.0;0.0;0.0;0.0;0.0;0.0;0.0;0.0;0.0;0.0;0.0;0.0;0.0;0.0;0.0;1.0;0.0;0.0;0.0;0.0;0.0;0.0;0.0;0.0;0.0;0.0;0.0;0.0;2.0;0.0;0.0;0.0;1.0;1.0;0;0;0;0;JAGUARIAÍVA;REGIÃO CENTRAL;99
6570.0;2023-11-30;9.0;16.0;22.0;28.0;656.0;35.0;7.0;9.0;22.0;498.0;35.0;0.0;35.0;814.0;60.0;209.0;4;5;5;4;4;4;4;0;0;0;0;0;0;0;0;0;1;0;0;0;0;1;0;0.0;0.0;0.0;0.0;0.0;0.0;0.0;0.0;0.0;0.0;0.0;0.0;0.0;0.0;0.0;0.0;0.0;0.0;0.0;0.0;0.0;0.0;1.0;0.0;0.0;0.0;0.0;0.0;0.0;0.0;0.0;0.0;0.0;0.0;0.0;2.0;0.0;0.0;0.0;1.0;1.0;0;0;0;0;JAGUARIAÍVA;REGIÃO CENTRAL;100
6386.0;2023-12-31;14.0;18.0;24.0;27.0;732.0;34.0;4.0;14.0;21.0;559.0;34.0;0.0;34.0;905.0;63.0;139.0;5;4;4;4;5;5;4;0;0;1;0;0;0;0;0;0;0;0;0;0;0;1;0;0.0;0.0;0.0;0.0;0.0;0.0;0.0;0.0;0.0;0.0;0.0;0.0;0.0;0.0;0.0;0.0;0.0;0.0;0.0;0.0;0.0;0.0;1.0;0.0;0.0;0.0;0.0;0.0;0.0;0.0;0.0;0.0;0.0;0.0;0.0;2.0;0.0;0.0;0.0;1.0;1.0;0;0;0;0;JAGUARIAÍVA;REGIÃO CENTRAL;101
4123.0;2024-01-31;14.0;18.0;23.0;28.0;724.0;35.0;4.0;14.0;22.0;567.0;35.0;0.0;35.0;882.0;47.0;133.0;4;5;4;5;4;4;5;0;0;0;0;1;0;0;0;0;0;0;0;0;0;0;1;0.0;0.0;0.0;0.0;0.0;0.0;0.0;0.0;0.0;0.0;0.0;0.0;0.0;0.0;0.0;0.0;0.0;0.0;0.0;0.0;0.0;0.0;1.0;0.0;0.0;0.0;0.0;0.0;0.0;0.0;0.0;0.0;0.0;0.0;0.0;2.0;0.0;0.0;0.0;1.0;1.0;31;0;0;0;JAGUARIAÍVA;REGIÃO CENTRAL;102
6931.0;2024-02-29;17.0;19.0;24.0;27.0;694.0;32.0;4.0;17.0;21.0;550.0;32.0;0.0;32.0;839.0;27.0;106.0;4;4;5;4;4;4;4;0;0;0;1;0;0;0;0;0;0;0;0;0;0;0;1;0.0;0.0;0.0;0.0;0.0;0.0;0.0;0.0;0.0;0.0;0.0;0.0;0.0;0.0;0.0;0.0;0.0;0.0;0.0;0.0;0.0;0.0;1.0;0.0;0.0;0.0;0.0;0.0;0.0;0.0;0.0;0.0;0.0;0.0;0.0;2.0;0.0;0.0;0.0;1.0;1.0;0;3;0;0;JAGUARIAÍVA;REGIÃO CENTRAL;103
8184.0;2024-03-31;16.0;18.0;24.0;28.0;742.0;34.0;5.0;16.0;22.0;589.0;34.0;0.0;34.0;894.0;45.0;167.0;5;4;4;4;5;5;4;0;0;0;0;0;0;0;0;1;0;0;0;0;0;0;1;0.0;0.0;0.0;0.0;0.0;0.0;0.0;0.0;0.0;0.0;0.0;0.0;0.0;0.0;0.0;0.0;0.0;0.0;0.0;0.0;0.0;0.0;1.0;0.0;0.0;0.0;0.0;0.0;0.0;0.0;0.0;0.0;0.0;0.0;0.0;2.0;0.0;0.0;0.0;1.0;1.0;0;1;0;0;JAGUARIAÍVA;REGIÃO CENTRAL;104
6360.0;2024-04-30;10.0;17.0;22.0;26.0;672.0;32.0;1.0;10.0;21.0;527.0;32.0;0.0;32.0;817.0;27.0;37.0;4;4;4;5;4;4;5;1;0;0;0;0;0;0;0;0;0;0;0;0;0;0;1;0.0;0.0;0.0;0.0;0.0;0.0;0.0;0.0;0.0;0.0;0.0;0.0;0.0;0.0;0.0;0.0;0.0;0.0;0.0;0.0;0.0;0.0;1.0;0.0;0.0;0.0;0.0;0.0;0.0;0.0;0.0;0.0;0.0;0.0;0.0;2.0;0.0;0.0;0.0;1.0;1.0;0;0;0;0;JAGUARIAÍVA;REGIÃO CENTRAL;105
3999.0;2024-05-31;5.0;12.0;20.0;26.0;618.0;31.0;1.0;5.0;20.0;467.0;31.0;0.0;31.0;770.0;17.0;23.0;4;5;5;4;5;4;4;0;0;0;0;0;0;0;1;0;0;0;0;0;0;0;1;0.0;0.0;0.0;0.0;0.0;0.0;0.0;0.0;0.0;0.0;0.0;0.0;0.0;0.0;0.0;0.0;0.0;0.0;0.0;0.0;0.0;0.0;1.0;0.0;0.0;0.0;0.0;0.0;0.0;0.0;0.0;0.0;0.0;0.0;0.0;2.0;0.0;0.0;0.0;1.0;1.0;0;1;0;30;JAGUARIAÍVA;REGIÃO CENTRAL;106
3600.0;2024-06-30;6.0;12.0;19.0;22.0;578.0;29.0;0.0;6.0;17.0;392.0;29.0;0.0;29.0;763.0;1.0;3.0;5;4;4;4;4;5;4;0;0;0;0;0;0;1;0;0;0;0;0;0;0;0;1;0.0;0.0;0.0;0.0;0.0;0.0;0.0;0.0;0.0;0.0;0.0;0.0;0.0;0.0;0.0;0.0;0.0;0.0;0.0;0.0;0.0;0.0;1.0;0.0;0.0;0.0;0.0;0.0;0.0;0.0;0.0;0.0;0.0;0.0;0.0;2.0;0.0;0.0;0.0;1.0;1.0;0;0;0;30;JAGUARIAÍVA;REGIÃO CENTRAL;107
6603.0;2024-07-31;4.0;11.0;16.0;20.0;482.0;28.0;2.0;4.0;15.0;309.0;28.0;0.0;28.0;655.0;19.0;52.0;4;5;4;5;4;4;5;0;0;0;0;0;1;0;0;0;0;0;0;0;0;0;1;0.0;0.0;0.0;0.0;0.0;0.0;0.0;0.0;0.0;0.0;0.0;0.0;0.0;0.0;0.0;0.0;0.0;0.0;0.0;0.0;0.0;0.0;1.0;0.0;0.0;0.0;0.0;0.0;0.0;0.0;0.0;0.0;0.0;0.0;0.0;2.0;0.0;0.0;0.0;1.0;1.0;12;0;0;0;JAGUARIAÍVA;REGIÃO CENTRAL;108
6603.0;2024-08-31;0.0;8.0;17.0;23.0;536.0;33.0;2.0;0.0;16.0;298.0;33.0;0.0;33.0;774.0;43.0;58.0;4;4;5;4;5;5;4;0;1;0;0;0;0;0;0;0;0;0;0;0;0;0;1;0.0;0.0;0.0;0.0;0.0;0.0;0.0;0.0;0.0;0.0;0.0;0.0;0.0;0.0;0.0;0.0;0.0;0.0;0.0;0.0;0.0;0.0;1.0;0.0;0.0;0.0;0.0;0.0;0.0;0.0;0.0;0.0;0.0;0.0;0.0;2.0;0.0;0.0;0.0;1.0;1.0;0;0;0;0;JAGUARIAÍVA;REGIÃO CENTRAL;109
6960.0;2024-09-30;11.0;14.0;21.0;25.0;638.0;35.0;1.0;11.0;18.0;426.0;35.0;0.0;35.0;851.0;10.0;37.0;5;4;4;5;4;4;4;0;0;0;0;0;0;0;0;0;0;0;1;0;0;0;1;0.0;0.0;0.0;0.0;0.0;0.0;0.0;0.0;0.0;0.0;0.0;0.0;0.0;0.0;0.0;0.0;0.0;0.0;0.0;0.0;0.0;0.0;1.0;0.0;0.0;0.0;0.0;0.0;0.0;0.0;0.0;0.0;0.0;0.0;0.0;2.0;0.0;0.0;0.0;1.0;1.0;0;0;0;0;JAGUARIAÍVA;REGIÃO CENTRAL;110
8184.0;2024-10-31;11.0;14.0;20.0;25.0;631.0;34.0;3.0;11.0;20.0;485.0;34.0;0.0;34.0;776.0;19.0;87.0;4;5;5;4;4;4;5;0;0;0;0;0;0;0;0;0;0;1;0;0;0;0;1;0.0;0.0;0.0;0.0;0.0;0.0;0.0;0.0;0.0;0.0;0.0;0.0;0.0;0.0;0.0;0.0;0.0;0.0;0.0;0.0;0.0;0.0;1.0;0.0;0.0;0.0;0.0;0.0;0.0;0.0;0.0;0.0;0.0;0.0;0.0;2.0;0.0;0.0;0.0;1.0;1.0;0;0;0;0;JAGUARIAÍVA;REGIÃO CENTRAL;111
6937.0;2017-10-31;10.0;17.0;23.0;29.0;703.0;37.0;11.0;10.0;22.0;518.0;37.0;0.0;37.0;888.0;103.0;342.0;5;4;4;5;4;4;5;0;0;0;0;0;0;0;0;0;0;1;0;0;0;0;0;0.0;0.0;1.0;0.0;0.0;0.0;0.0;0.0;0.0;0.0;0.0;0.0;0.0;0.0;0.0;0.0;0.0;0.0;0.0;0.0;0.0;0.0;0.0;1.0;0.0;0.0;0.0;0.0;0.0;0.0;0.0;0.0;0.0;0.0;0.0;2.0;4.0;1.0;0.0;1.0;0.0;0;0;0;0;LONDRINA - CENTRO;REGIÃO NORTE;1
6930.0;2017-11-30;13.0;19.0;23.0;27.0;696.0;35.0;4.0;13.0;21.0;525.0;35.0;0.0;35.0;866.0;29.0;125.0;4;5;5;4;4;4;4;0;0;0;0;0;0;0;0;0;1;0;0;0;0;0;0;0.0;0.0;1.0;0.0;0.0;0.0;0.0;0.0;0.0;0.0;0.0;0.0;0.0;0.0;0.0;0.0;0.0;0.0;0.0;0.0;0.0;0.0;0.0;1.0;0.0;0.0;0.0;0.0;0.0;0.0;0.0;0.0;0.0;0.0;0.0;2.0;4.0;1.0;0.0;1.0;0.0;0;0;0;0;LONDRINA - CENTRO;REGIÃO NORTE;2
6252.0;2017-12-31;17.0;22.0;25.0;29.0;770.0;34.0;4.0;17.0;24.0;625.0;34.0;0.0;34.0;915.0;16.0;128.0;5;4;4;4;5;5;4;0;0;1;0;0;0;0;0;0;0;0;0;0;0;0;0;0.0;0.0;1.0;0.0;0.0;0.0;0.0;0.0;0.0;0.0;0.0;0.0;0.0;0.0;0.0;0.0;0.0;0.0;0.0;0.0;0.0;0.0;0.0;1.0;0.0;0.0;0.0;0.0;0.0;0.0;0.0;0.0;0.0;0.0;0.0;2.0;4.0;1.0;0.0;1.0;0.0;0;0;0;0;LONDRINA - CENTRO;REGIÃO NORTE;3
6734.0;2018-01-31;18.0;20.0;24.0;28.0;759.0;34.0;10.0;18.0;23.0;621.0;34.0;0.0;34.0;896.0;61.0;296.0;4;5;4;5;4;4;5;0;0;0;0;1;0;0;0;0;0;0;0;0;0;0;0;0.0;0.0;0.0;1.0;0.0;0.0;0.0;0.0;0.0;0.0;0.0;0.0;0.0;0.0;0.0;0.0;0.0;0.0;0.0;0.0;0.0;0.0;0.0;1.0;0.0;0.0;0.0;0.0;0.0;0.0;0.0;0.0;0.0;0.0;0.0;2.0;4.0;1.0;0.0;1.0;0.0;31;0;0;0;LONDRINA - CENTRO;REGIÃO NORTE;4
7056.0;2018-02-28;17.0;21.0;24.0;27.0;671.0;33.0;3.0;17.0;21.0;525.0;33.0;0.0;33.0;817.0;33.0;97.0;4;4;4;4;4;4;4;0;0;0;1;0;0;0;0;0;0;0;0;0;0;0;0;0.0;0.0;0.0;1.0;0.0;0.0;0.0;0.0;0.0;0.0;0.0;0.0;0.0;0.0;0.0;0.0;0.0;0.0;0.0;0.0;0.0;0.0;0.0;1.0;0.0;0.0;0.0;0.0;0.0;0.0;0.0;0.0;0.0;0.0;0.0;2.0;4.0;1.0;0.0;1.0;0.0;0;3;0;0;LONDRINA - CENTRO;REGIÃO NORTE;5
8647.0;2018-03-31;18.0;22.0;25.0;28.0;787.0;34.0;9.0;18.0;23.0;636.0;34.0;0.0;34.0;939.0;99.0;293.0;4;4;5;4;5;5;4;0;0;0;0;0;0;0;0;1;0;0;0;0;0;0;0;0.0;0.0;0.0;1.0;0.0;0.0;0.0;0.0;0.0;0.0;0.0;0.0;0.0;0.0;0.0;0.0;0.0;0.0;0.0;0.0;0.0;0.0;0.0;1.0;0.0;0.0;0.0;0.0;0.0;0.0;0.0;0.0;0.0;0.0;0.0;2.0;4.0;1.0;0.0;1.0;0.0;0;1;0;0;LONDRINA - CENTRO;REGIÃO NORTE;6
7930.0;2018-04-30;15.0;21.0;23.0;26.0;703.0;31.0;1.0;15.0;23.0;531.0;31.0;0.0;31.0;876.0;11.0;17.0;5;4;4;5;4;4;4;1;0;0;0;0;0;0;0;0;0;0;0;0;0;0;0;0.0;0.0;0.0;1.0;0.0;0.0;0.0;0.0;0.0;0.0;0.0;0.0;0.0;0.0;0.0;0.0;0.0;0.0;0.0;0.0;0.0;0.0;0.0;1.0;0.0;0.0;0.0;0.0;0.0;0.0;0.0;0.0;0.0;0.0;0.0;2.0;4.0;1.0;0.0;1.0;0.0;0;0;0;0;LONDRINA - CENTRO;REGIÃO NORTE;7
5512.0;2018-05-31;6.0;13.0;20.0;24.0;626.0;31.0;2.0;6.0;19.0;443.0;31.0;0.0;31.0;809.0;27.0;50.0;4;5;5;4;4;4;5;0;0;0;0;0;0;0;1;0;0;0;0;0;0;0;0;0.0;0.0;0.0;1.0;0.0;0.0;0.0;0.0;0.0;0.0;0.0;0.0;0.0;0.0;0.0;0.0;0.0;0.0;0.0;0.0;0.0;0.0;0.0;1.0;0.0;0.0;0.0;0.0;0.0;0.0;0.0;0.0;0.0;0.0;0.0;2.0;4.0;1.0;0.0;1.0;0.0;0;1;0;0;LONDRINA - CENTRO;REGIÃO NORTE;8
4740.0;2018-06-30;7.0;14.0;19.0;24.0;571.0;30.0;3.0;7.0;20.0;424.0;30.0;0.0;30.0;717.0;60.0;79.0;4;4;4;4;5;5;4;0;0;0;0;0;0;1;0;0;0;0;0;0;0;0;0;0.0;0.0;0.0;1.0;0.0;0.0;0.0;0.0;0.0;0.0;0.0;0.0;0.0;0.0;0.0;0.0;0.0;0.0;0.0;0.0;0.0;0.0;0.0;1.0;0.0;0.0;0.0;0.0;0.0;0.0;0.0;0.0;0.0;0.0;0.0;2.0;4.0;1.0;0.0;1.0;0.0;0;0;0;0;LONDRINA - CENTRO;REGIÃO NORTE;9
4600.0;2018-07-31;5.0;12.0;20.0;24.0;618.0;30.0;1.0;5.0;17.0;409.0;30.0;0.0;30.0;827.0;19.0;21.0;5;4;4;5;4;4;5;0;0;0;0;0;1;0;0;0;0;0;0;0;0;0;0;0.0;0.0;0.0;1.0;0.0;0.0;0.0;0.0;0.0;0.0;0.0;0.0;0.0;0.0;0.0;0.0;0.0;0.0;0.0;0.0;0.0;0.0;0.0;1.0;0.0;0.0;0.0;0.0;0.0;0.0;0.0;0.0;0.0;0.0;0.0;2.0;4.0;1.0;0.0;1.0;0.0;16;0;0;0;LONDRINA - CENTRO;REGIÃO NORTE;10
4781.0;2018-08-31;5.0;12.0;18.0;24.0;555.0;32.0;18.0;5.0;17.0;378.0;32.0;0.0;32.0;731.0;170.0;555.0;4;5;5;4;5;4;4;0;1;0;0;0;0;0;0;0;0;0;0;0;0;0;0;0.0;0.0;0.0;1.0;0.0;0.0;0.0;0.0;0.0;0.0;0.0;0.0;0.0;0.0;0.0;0.0;0.0;0.0;0.0;0.0;0.0;0.0;0.0;1.0;0.0;0.0;0.0;0.0;0.0;0.0;0.0;0.0;0.0;0.0;0.0;2.0;4.0;1.0;0.0;1.0;0.0;0;0;0;0;LONDRINA - CENTRO;REGIÃO NORTE;11
6350.0;2018-09-30;9.0;14.0;21.0;27.0;638.0;35.0;6.0;9.0;21.0;463.0;35.0;0.0;35.0;814.0;66.0;173.0;5;4;4;4;4;5;4;0;0;0;0;0;0;0;0;0;0;0;1;0;0;0;0;0.0;0.0;0.0;1.0;0.0;0.0;0.0;0.0;0.0;0.0;0.0;0.0;0.0;0.0;0.0;0.0;0.0;0.0;0.0;0.0;0.0;0.0;0.0;1.0;0.0;0.0;0.0;0.0;0.0;0.0;0.0;0.0;0.0;0.0;0.0;2.0;4.0;1.0;0.0;1.0;0.0;0;0;0;0;LONDRINA - CENTRO;REGIÃO NORTE;12
6780.0;2018-10-31;14.0;19.0;23.0;26.0;704.0;32.0;9.0;14.0;21.0;548.0;32.0;0.0;32.0;859.0;40.0;288.0;4;5;4;5;4;4;5;0;0;0;0;0;0;0;0;0;0;1;0;0;0;0;0;0.0;0.0;0.0;1.0;0.0;0.0;0.0;0.0;0.0;0.0;0.0;0.0;0.0;0.0;0.0;0.0;0.0;0.0;0.0;0.0;0.0;0.0;0.0;1.0;0.0;0.0;0.0;0.0;0.0;0.0;0.0;0.0;0.0;0.0;0.0;2.0;4.0;1.0;0.0;1.0;0.0;0;0;0;0;LONDRINA - CENTRO;REGIÃO NORTE;13
7980.0;2018-11-30;14.0;19.0;24.0;30.0;719.0;35.0;4.0;14.0;26.0;543.0;35.0;0.0;35.0;895.0;28.0;112.0;4;4;5;4;5;4;4;0;0;0;0;0;0;0;0;0;1;0;0;0;0;0;0;0.0;0.0;0.0;1.0;0.0;0.0;0.0;0.0;0.0;0.0;0.0;0.0;0.0;0.0;0.0;0.0;0.0;0.0;0.0;0.0;0.0;0.0;0.0;1.0;0.0;0.0;0.0;0.0;0.0;0.0;0.0;0.0;0.0;0.0;0.0;2.0;4.0;1.0;0.0;1.0;0.0;0;0;0;0;LONDRINA - CENTRO;REGIÃO NORTE;14
8022.0;2018-12-31;14.0;21.0;26.0;29.0;805.0;35.0;4.0;14.0;24.0;631.0;35.0;0.0;35.0;979.0;34.0;110.0;5;4;4;5;4;5;4;0;0;1;0;0;0;0;0;0;0;0;0;0;0;0;0;0.0;0.0;0.0;1.0;0.0;0.0;0.0;0.0;0.0;0.0;0.0;0.0;0.0;0.0;0.0;0.0;0.0;0.0;0.0;0.0;0.0;0.0;0.0;1.0;0.0;0.0;0.0;0.0;0.0;0.0;0.0;0.0;0.0;0.0;0.0;2.0;4.0;1.0;0.0;1.0;0.0;0;0;0;0;LONDRINA - CENTRO;REGIÃO NORTE;15
8006.0;2019-01-31;19.0;24.0;27.0;30.0;840.0;36.0;5.0;19.0;27.0;690.0;36.0;0.0;36.0;990.0;24.0;154.0;4;5;5;4;4;4;5;0;0;0;0;1;0;0;0;0;0;0;0;0;0;0;0;0.0;0.0;0.0;0.0;1.0;0.0;0.0;0.0;0.0;0.0;0.0;0.0;0.0;0.0;0.0;0.0;0.0;0.0;0.0;0.0;0.0;0.0;0.0;1.0;0.0;0.0;0.0;0.0;0.0;0.0;0.0;0.0;0.0;0.0;0.0;2.0;4.0;1.0;0.0;1.0;0.0;31;0;0;0;LONDRINA - CENTRO;REGIÃO NORTE;16
7754.0;2019-02-28;17.0;22.0;25.0;30.0;714.0;37.0;5.0;17.0;24.0;570.0;37.0;0.0;37.0;857.0;38.0;129.0;4;4;4;4;4;4;4;0;0;0;1;0;0;0;0;0;0;0;0;0;0;0;0;0.0;0.0;0.0;0.0;1.0;0.0;0.0;0.0;0.0;0.0;0.0;0.0;0.0;0.0;0.0;0.0;0.0;0.0;0.0;0.0;0.0;0.0;0.0;1.0;0.0;0.0;0.0;0.0;0.0;0.0;0.0;0.0;0.0;0.0;0.0;2.0;4.0;1.0;0.0;1.0;0.0;0;0;0;0;LONDRINA - CENTRO;REGIÃO NORTE;17
9991.0;2019-03-31;16.0;22.0;25.0;27.0;770.0;32.0;3.0;16.0;22.0;611.0;32.0;0.0;32.0;930.0;18.0;107.0;5;4;4;4;5;5;4;0;0;0;0;0;0;0;0;1;0;0;0;0;0;0;0;0.0;0.0;0.0;0.0;1.0;0.0;0.0;0.0;0.0;0.0;0.0;0.0;0.0;0.0;0.0;0.0;0.0;0.0;0.0;0.0;0.0;0.0;0.0;1.0;0.0;0.0;0.0;0.0;0.0;0.0;0.0;0.0;0.0;0.0;0.0;2.0;4.0;1.0;0.0;1.0;0.0;0;3;0;0;LONDRINA - CENTRO;REGIÃO NORTE;18
9450.0;2019-04-30;14.0;21.0;24.0;26.0;711.0;31.0;1.0;14.0;22.0;560.0;31.0;0.0;31.0;861.0;5.0;21.0;4;4;4;5;4;4;5;1;0;0;0;0;0;0;0;0;0;0;0;0;0;0;0;0.0;0.0;0.0;0.0;1.0;0.0;0.0;0.0;0.0;0.0;0.0;0.0;0.0;0.0;0.0;0.0;0.0;0.0;0.0;0.0;0.0;0.0;0.0;1.0;0.0;0.0;0.0;0.0;0.0;0.0;0.0;0.0;0.0;0.0;0.0;2.0;4.0;1.0;0.0;1.0;0.0;0;1;0;0;LONDRINA - CENTRO;REGIÃO NORTE;19
6947.0;2019-05-31;10.0;15.0;21.0;26.0;650.0;31.0;4.0;10.0;21.0;515.0;31.0;0.0;31.0;785.0;47.0;116.0;4;5;5;4;5;4;4;0;0;0;0;0;0;0;1;0;0;0;0;0;0;0;0;0.0;0.0;0.0;0.0;1.0;0.0;0.0;0.0;0.0;0.0;0.0;0.0;0.0;0.0;0.0;0.0;0.0;0.0;0.0;0.0;0.0;0.0;0.0;1.0;0.0;0.0;0.0;0.0;0.0;0.0;0.0;0.0;0.0;0.0;0.0;2.0;4.0;1.0;0.0;1.0;0.0;0;0;0;0;LONDRINA - CENTRO;REGIÃO NORTE;20
5390.0;2019-06-30;8.0;14.0;20.0;23.0;592.0;29.0;2.0;8.0;19.0;430.0;29.0;0.0;29.0;754.0;27.0;54.0;5;4;4;4;4;5;4;0;0;0;0;0;0;1;0;0;0;0;0;0;0;0;0;0.0;0.0;0.0;0.0;1.0;0.0;0.0;0.0;0.0;0.0;0.0;0.0;0.0;0.0;0.0;0.0;0.0;0.0;0.0;0.0;0.0;0.0;0.0;1.0;0.0;0.0;0.0;0.0;0.0;0.0;0.0;0.0;0.0;0.0;0.0;2.0;4.0;1.0;0.0;1.0;0.0;0;1;0;0;LONDRINA - CENTRO;REGIÃO NORTE;21
5120.0;2019-07-31;1.0;9.0;18.0;23.0;564.0;29.0;1.0;1.0;17.0;381.0;29.0;0.0;29.0;748.0;27.0;43.0;4;5;4;5;4;4;5;0;0;0;0;0;1;0;0;0;0;0;0;0;0;0;0;0.0;0.0;0.0;0.0;1.0;0.0;0.0;0.0;0.0;0.0;0.0;0.0;0.0;0.0;0.0;0.0;0.0;0.0;0.0;0.0;0.0;0.0;0.0;1.0;0.0;0.0;0.0;0.0;0.0;0.0;0.0;0.0;0.0;0.0;0.0;2.0;4.0;1.0;0.0;1.0;0.0;16;0;0;0;LONDRINA - CENTRO;REGIÃO NORTE;22
6199.0;2019-08-31;7.0;12.0;20.0;25.0;615.0;32.0;0.0;7.0;19.0;407.0;32.0;0.0;32.0;823.0;0.0;1.0;4;4;5;4;5;5;4;0;1;0;0;0;0;0;0;0;0;0;0;0;0;0;0;0.0;0.0;0.0;0.0;1.0;0.0;0.0;0.0;0.0;0.0;0.0;0.0;0.0;0.0;0.0;0.0;0.0;0.0;0.0;0.0;0.0;0.0;0.0;1.0;0.0;0.0;0.0;0.0;0.0;0.0;0.0;0.0;0.0;0.0;0.0;2.0;4.0;1.0;0.0;1.0;0.0;0;0;0;0;LONDRINA - CENTRO;REGIÃO NORTE;23
9330.0;2019-09-30;12.0;18.0;23.0;29.0;699.0;36.0;3.0;12.0;22.0;516.0;36.0;0.0;36.0;881.0;26.0;87.0;5;4;4;5;4;4;4;0;0;0;0;0;0;0;0;0;0;0;1;0;0;0;0;0.0;0.0;0.0;0.0;1.0;0.0;0.0;0.0;0.0;0.0;0.0;0.0;0.0;0.0;0.0;0.0;0.0;0.0;0.0;0.0;0.0;0.0;0.0;1.0;0.0;0.0;0.0;0.0;0.0;0.0;0.0;0.0;0.0;0.0;0.0;2.0;4.0;1.0;0.0;1.0;0.0;0;0;0;0;LONDRINA - CENTRO;REGIÃO NORTE;24
10815.0;2019-10-31;15.0;19.0;26.0;30.0;797.0;38.0;4.0;15.0;23.0;590.0;38.0;0.0;38.0;1004.0;42.0;121.0;4;5;5;4;4;4;5;0;0;0;0;0;0;0;0;0;0;1;0;0;0;0;0;0.0;0.0;0.0;0.0;1.0;0.0;0.0;0.0;0.0;0.0;0.0;0.0;0.0;0.0;0.0;0.0;0.0;0.0;0.0;0.0;0.0;0.0;0.0;1.0;0.0;0.0;0.0;0.0;0.0;0.0;0.0;0.0;0.0;0.0;0.0;2.0;4.0;1.0;0.0;1.0;0.0;0;0;0;0;LONDRINA - CENTRO;REGIÃO NORTE;25
10310.0;2019-11-30;15.0;22.0;25.0;30.0;756.0;37.0;2.0;15.0;25.0;572.0;37.0;0.0;37.0;941.0;24.0;74.0;4;4;4;4;5;5;4;0;0;0;0;0;0;0;0;0;1;0;0;0;0;0;0;0.0;0.0;0.0;0.0;1.0;0.0;0.0;0.0;0.0;0.0;0.0;0.0;0.0;0.0;0.0;0.0;0.0;0.0;0.0;0.0;0.0;0.0;0.0;1.0;0.0;0.0;0.0;0.0;0.0;0.0;0.0;0.0;0.0;0.0;0.0;2.0;4.0;1.0;0.0;1.0;0.0;0;0;0;0;LONDRINA - CENTRO;REGIÃO NORTE;26
7315.0;2019-12-31;16.0;20.0;24.0;28.0;749.0;34.0;9.0;16.0;22.0;596.0;34.0;0.0;34.0;903.0;41.0;269.0;5;4;4;5;4;4;5;0;0;1;0;0;0;0;0;0;0;0;0;0;0;0;0;0.0;0.0;0.0;0.0;1.0;0.0;0.0;0.0;0.0;0.0;0.0;0.0;0.0;0.0;0.0;0.0;0.0;0.0;0.0;0.0;0.0;0.0;0.0;1.0;0.0;0.0;0.0;0.0;0.0;0.0;0.0;0.0;0.0;0.0;0.0;2.0;4.0;1.0;0.0;1.0;0.0;0;0;0;0;LONDRINA - CENTRO;REGIÃO NORTE;27
6470.0;2020-01-31;17.0;21.0;25.0;28.0;778.0;33.0;6.0;17.0;24.0;645.0;33.0;0.0;33.0;912.0;47.0;190.0;4;5;5;4;5;4;4;0;0;0;0;1;0;0;0;0;0;0;0;0;0;0;0;0.0;0.0;0.0;0.0;0.0;1.0;0.0;0.0;0.0;0.0;0.0;0.0;0.0;0.0;0.0;0.0;0.0;0.0;0.0;0.0;0.0;0.0;0.0;1.0;0.0;0.0;0.0;0.0;0.0;0.0;0.0;0.0;0.0;0.0;0.0;2.0;4.0;1.0;0.0;1.0;0.0;31;0;0;0;LONDRINA - CENTRO;REGIÃO NORTE;28
9002.0;2020-02-29;16.0;22.0;25.0;28.0;715.0;34.0;4.0;16.0;23.0;576.0;34.0;0.0;34.0;854.0;54.0;113.0;4;4;4;4;4;5;4;0;0;0;1;0;0;0;0;0;0;0;0;0;0;0;0;0.0;0.0;0.0;0.0;0.0;1.0;0.0;0.0;0.0;0.0;0.0;0.0;0.0;0.0;0.0;0.0;0.0;0.0;0.0;0.0;0.0;0.0;0.0;1.0;0.0;0.0;0.0;0.0;0.0;0.0;0.0;0.0;0.0;0.0;0.0;2.0;4.0;1.0;0.0;1.0;1.0;0;3;0;0;LONDRINA - CENTRO;REGIÃO NORTE;29
7696.0;2020-03-31;16.0;22.0;24.0;28.0;757.0;35.0;2.0;16.0;22.0;572.0;35.0;0.0;35.0;942.0;31.0;74.0;5;4;4;5;4;4;5;0;0;0;0;0;0;0;0;1;0;0;0;0;0;0;0;0.0;0.0;0.0;0.0;0.0;1.0;0.0;0.0;0.0;0.0;0.0;0.0;0.0;0.0;0.0;0.0;0.0;0.0;0.0;0.0;0.0;0.0;0.0;1.0;0.0;0.0;0.0;0.0;0.0;0.0;0.0;0.0;0.0;0.0;0.0;2.0;4.0;1.0;0.0;1.0;1.0;0;0;15;0;LONDRINA - CENTRO;REGIÃO NORTE;30
3440.0;2020-04-30;10.0;17.0;22.0;26.0;667.0;33.0;2.0;10.0;21.0;486.0;33.0;0.0;33.0;848.0;25.0;52.0;4;5;5;4;4;4;4;1;0;0;0;0;0;0;0;0;0;0;0;0;0;0;0;0.0;0.0;0.0;0.0;0.0;1.0;0.0;0.0;0.0;0.0;0.0;0.0;0.0;0.0;0.0;0.0;0.0;0.0;0.0;0.0;0.0;0.0;0.0;1.0;0.0;0.0;0.0;0.0;0.0;0.0;0.0;0.0;0.0;0.0;0.0;2.0;4.0;1.0;0.0;1.0;1.0;0;1;30;0;LONDRINA - CENTRO;REGIÃO NORTE;31
2147.0;2020-05-31;7.0;13.0;19.0;25.0;595.0;31.0;1.0;7.0;19.0;418.0;31.0;0.0;31.0;773.0;22.0;40.0;5;4;4;4;5;5;4;0;0;0;0;0;0;0;1;0;0;0;0;0;0;0;0;0.0;0.0;0.0;0.0;0.0;1.0;0.0;0.0;0.0;0.0;0.0;0.0;0.0;0.0;0.0;0.0;0.0;0.0;0.0;0.0;0.0;0.0;0.0;1.0;0.0;0.0;0.0;0.0;0.0;0.0;0.0;0.0;0.0;0.0;0.0;2.0;4.0;1.0;0.0;1.0;1.0;0;0;31;0;LONDRINA - CENTRO;REGIÃO NORTE;32
1930.0;2020-06-30;10.0;16.0;20.0;23.0;587.0;29.0;5.0;10.0;19.0;451.0;29.0;0.0;29.0;723.0;86.0;149.0;4;4;4;5;4;4;5;0;0;0;0;0;0;1;0;0;0;0;0;0;0;0;0;0.0;0.0;0.0;0.0;0.0;1.0;0.0;0.0;0.0;0.0;0.0;0.0;0.0;0.0;0.0;0.0;0.0;0.0;0.0;0.0;0.0;0.0;0.0;1.0;0.0;0.0;0.0;0.0;0.0;0.0;0.0;0.0;0.0;0.0;0.0;2.0;4.0;1.0;0.0;1.0;1.0;0;1;30;0;LONDRINA - CENTRO;REGIÃO NORTE;33
2100.0;2020-07-31;5.0;12.0;19.0;23.0;580.0;29.0;0.0;5.0;17.0;406.0;29.0;0.0;29.0;754.0;9.0;13.0;4;5;5;4;5;4;4;0;0;0;0;0;1;0;0;0;0;0;0;0;0;0;0;0.0;0.0;0.0;0.0;0.0;1.0;0.0;0.0;0.0;0.0;0.0;0.0;0.0;0.0;0.0;0.0;0.0;0.0;0.0;0.0;0.0;0.0;0.0;1.0;0.0;0.0;0.0;0.0;0.0;0.0;0.0;0.0;0.0;0.0;0.0;2.0;4.0;1.0;0.0;1.0;1.0;0;0;31;0;LONDRINA - CENTRO;REGIÃO NORTE;34
1953.0;2020-08-31;5.0;11.0;19.0;25.0;586.0;33.0;5.0;5.0;18.0;409.0;33.0;0.0;33.0;764.0;37.0;148.0;5;4;4;5;4;5;4;0;1;0;0;0;0;0;0;0;0;0;0;0;0;0;0;0.0;0.0;0.0;0.0;0.0;1.0;0.0;0.0;0.0;0.0;0.0;0.0;0.0;0.0;0.0;0.0;0.0;0.0;0.0;0.0;0.0;0.0;0.0;1.0;0.0;0.0;0.0;0.0;0.0;0.0;0.0;0.0;0.0;0.0;0.0;2.0;4.0;1.0;0.0;1.0;1.0;0;0;31;0;LONDRINA - CENTRO;REGIÃO NORTE;35
2220.0;2020-09-30;12.0;18.0;25.0;29.0;740.0;37.0;1.0;12.0;21.0;535.0;37.0;0.0;37.0;946.0;15.0;28.0;4;5;4;4;4;4;5;0;0;0;0;0;0;0;0;0;0;0;1;0;0;0;0;0.0;0.0;0.0;0.0;0.0;1.0;0.0;0.0;0.0;0.0;0.0;0.0;0.0;0.0;0.0;0.0;0.0;0.0;0.0;0.0;0.0;0.0;0.0;1.0;0.0;0.0;0.0;0.0;0.0;0.0;0.0;0.0;0.0;0.0;0.0;2.0;4.0;1.0;0.0;1.0;1.0;0;0;30;0;LONDRINA - CENTRO;REGIÃO NORTE;36
2511.0;2020-10-31;13.0;20.0;25.0;32.0;766.0;39.0;2.0;13.0;24.0;565.0;39.0;0.0;39.0;968.0;17.0;55.0;4;4;5;4;5;5;4;0;0;0;0;0;0;0;0;0;0;1;0;0;0;0;0;0.0;0.0;0.0;0.0;0.0;1.0;0.0;0.0;0.0;0.0;0.0;0.0;0.0;0.0;0.0;0.0;0.0;0.0;0.0;0.0;0.0;0.0;0.0;1.0;0.0;0.0;0.0;0.0;0.0;0.0;0.0;0.0;0.0;0.0;0.0;2.0;4.0;1.0;0.0;1.0;1.0;0;0;31;0;LONDRINA - CENTRO;REGIÃO NORTE;37
3750.0;2020-11-30;11.0;20.0;25.0;29.0;737.0;36.0;2.0;11.0;23.0;528.0;36.0;0.0;36.0;947.0;22.0;45.0;5;4;4;5;4;4;4;0;0;0;0;0;0;0;0;0;1;0;0;0;0;0;0;0.0;0.0;0.0;0.0;0.0;1.0;0.0;0.0;0.0;0.0;0.0;0.0;0.0;0.0;0.0;0.0;0.0;0.0;0.0;0.0;0.0;0.0;0.0;1.0;0.0;0.0;0.0;0.0;0.0;0.0;0.0;0.0;0.0;0.0;0.0;2.0;4.0;1.0;0.0;1.0;1.0;0;0;30;0;LONDRINA - CENTRO;REGIÃO NORTE;38
2883.0;2020-12-31;16.0;21.0;25.0;27.0;764.0;33.0;7.0;16.0;22.0;604.0;33.0;0.0;33.0;924.0;59.0;228.0;4;5;5;4;4;4;5;0;0;1;0;0;0;0;0;0;0;0;0;0;0;0;0;0.0;0.0;0.0;0.0;0.0;1.0;0.0;0.0;0.0;0.0;0.0;0.0;0.0;0.0;0.0;0.0;0.0;0.0;0.0;0.0;0.0;0.0;0.0;1.0;0.0;0.0;0.0;0.0;0.0;0.0;0.0;0.0;0.0;0.0;0.0;2.0;4.0;1.0;0.0;1.0;1.0;0;0;31;0;LONDRINA - CENTRO;REGIÃO NORTE;39
2604.0;2021-01-31;17.0;22.0;24.0;28.0;759.0;33.0;5.0;17.0;23.0;635.0;33.0;0.0;33.0;884.0;30.0;167.0;5;4;4;4;5;5;4;0;0;0;0;1;0;0;0;0;0;0;0;1;0;0;0;0.0;0.0;0.0;0.0;0.0;0.0;0.0;0.0;0.0;0.0;0.0;0.0;0.0;0.0;0.0;0.0;0.0;0.0;0.0;0.0;0.0;0.0;0.0;1.0;0.0;0.0;0.0;0.0;0.0;0.0;0.0;0.0;0.0;0.0;0.0;2.0;4.0;1.0;0.0;1.0;1.0;0;0;31;0;LONDRINA - CENTRO;REGIÃO NORTE;40
2296.0;2021-02-28;17.0;22.0;24.0;27.0;681.0;33.0;5.0;17.0;22.0;527.0;33.0;0.0;33.0;835.0;69.0;128.0;4;4;4;4;4;4;4;0;0;0;1;0;0;0;0;0;0;0;0;1;0;0;0;0.0;0.0;0.0;0.0;0.0;0.0;0.0;0.0;0.0;0.0;0.0;0.0;0.0;0.0;0.0;0.0;0.0;0.0;0.0;0.0;0.0;0.0;0.0;1.0;0.0;0.0;0.0;0.0;0.0;0.0;0.0;0.0;0.0;0.0;0.0;2.0;4.0;1.0;0.0;1.0;1.0;0;3;28;0;LONDRINA - CENTRO;REGIÃO NORTE;41
2759.0;2021-03-31;15.0;21.0;25.0;28.0;776.0;34.0;6.0;15.0;22.0;610.0;34.0;0.0;34.0;943.0;68.0;197.0;4;5;4;5;4;4;5;0;0;0;0;0;0;0;0;1;0;0;0;1;0;0;0;0.0;0.0;0.0;0.0;0.0;0.0;0.0;0.0;0.0;0.0;0.0;0.0;0.0;0.0;0.0;0.0;0.0;0.0;0.0;0.0;0.0;0.0;0.0;1.0;0.0;0.0;0.0;0.0;0.0;0.0;0.0;0.0;0.0;0.0;0.0;2.0;4.0;1.0;0.0;1.0;1.0;0;0;31;0;LONDRINA - CENTRO;REGIÃO NORTE;42
2460.0;2021-04-30;13.0;19.0;22.0;26.0;656.0;32.0;0.0;13.0;21.0;476.0;32.0;0.0;32.0;836.0;1.0;3.0;4;4;5;4;5;4;4;1;0;0;0;0;0;0;0;0;0;0;0;1;0;0;0;0.0;0.0;0.0;0.0;0.0;0.0;0.0;0.0;0.0;0.0;0.0;0.0;0.0;0.0;0.0;0.0;0.0;0.0;0.0;0.0;0.0;0.0;0.0;1.0;0.0;0.0;0.0;0.0;0.0;0.0;0.0;0.0;0.0;0.0;0.0;2.0;4.0;1.0;0.0;1.0;1.0;0;1;30;0;LONDRINA - CENTRO;REGIÃO NORTE;43
2294.0;2021-05-31;7.0;15.0;20.0;24.0;610.0;30.0;6.0;7.0;20.0;431.0;30.0;0.0;30.0;789.0;115.0;198.0;5;4;4;5;4;5;4;0;0;0;0;0;0;0;1;0;0;0;0;1;0;0;0;0.0;0.0;0.0;0.0;0.0;0.0;0.0;0.0;0.0;0.0;0.0;0.0;0.0;0.0;0.0;0.0;0.0;0.0;0.0;0.0;0.0;0.0;0.0;1.0;0.0;0.0;0.0;0.0;0.0;0.0;0.0;0.0;0.0;0.0;0.0;2.0;4.0;1.0;0.0;1.0;1.0;0;0;31;0;LONDRINA - CENTRO;REGIÃO NORTE;44
2370.0;2021-06-30;2.0;6.0;17.0;22.0;516.0;28.0;2.0;2.0;16.0;380.0;28.0;0.0;28.0;652.0;27.0;70.0;4;5;4;4;4;4;5;0;0;0;0;0;0;1;0;0;0;0;0;1;0;0;0;0.0;0.0;0.0;0.0;0.0;0.0;0.0;0.0;0.0;0.0;0.0;0.0;0.0;0.0;0.0;0.0;0.0;0.0;0.0;0.0;0.0;0.0;0.0;1.0;0.0;0.0;0.0;0.0;0.0;0.0;0.0;0.0;0.0;0.0;0.0;2.0;4.0;1.0;0.0;1.0;1.0;0;1;30;0;LONDRINA - CENTRO;REGIÃO NORTE;45
2356.0;2021-07-31;1.0;7.0;16.0;21.0;499.0;29.0;1.0;1.0;16.0;287.0;29.0;0.0;29.0;710.0;22.0;38.0;4;4;5;4;5;5;4;0;0;0;0;0;1;0;0;0;0;0;0;1;0;0;0;0.0;0.0;0.0;0.0;0.0;0.0;0.0;0.0;0.0;0.0;0.0;0.0;0.0;0.0;0.0;0.0;0.0;0.0;0.0;0.0;0.0;0.0;0.0;1.0;0.0;0.0;0.0;0.0;0.0;0.0;0.0;0.0;0.0;0.0;0.0;2.0;4.0;1.0;0.0;1.0;1.0;0;0;31;0;LONDRINA - CENTRO;REGIÃO NORTE;46
2511.0;2021-08-31;8.0;15.0;21.0;27.0;646.0;35.0;3.0;8.0;19.0;444.0;35.0;0.0;35.0;849.0;63.0;104.0;5;4;4;5;4;4;5;0;1;0;0;0;0;0;0;0;0;0;0;1;0;0;0;0.0;0.0;0.0;0.0;0.0;0.0;0.0;0.0;0.0;0.0;0.0;0.0;0.0;0.0;0.0;0.0;0.0;0.0;0.0;0.0;0.0;0.0;0.0;1.0;0.0;0.0;0.0;0.0;0.0;0.0;0.0;0.0;0.0;0.0;0.0;2.0;4.0;1.0;0.0;1.0;1.0;0;0;31;0;LONDRINA - CENTRO;REGIÃO NORTE;47
2730.0;2021-09-30;11.0;19.0;24.0;30.0;729.0;37.0;2.0;11.0;24.0;524.0;37.0;0.0;37.0;934.0;24.0;59.0;4;5;5;4;4;4;4;0;0;0;0;0;0;0;0;0;0;0;1;1;0;0;0;0.0;0.0;0.0;0.0;0.0;0.0;0.0;0.0;0.0;0.0;0.0;0.0;0.0;0.0;0.0;0.0;0.0;0.0;0.0;0.0;0.0;0.0;0.0;1.0;0.0;0.0;0.0;0.0;0.0;0.0;0.0;0.0;0.0;0.0;0.0;2.0;4.0;1.0;0.0;1.0;1.0;0;0;30;0;LONDRINA - CENTRO;REGIÃO NORTE;48
2542.0;2021-10-31;11.0;17.0;21.0;26.0;647.0;32.0;15.0;11.0;20.0;497.0;32.0;0.0;32.0;797.0;113.0;480.0;5;4;4;4;5;5;4;0;0;0;0;0;0;0;0;0;0;1;0;1;0;0;0;0.0;0.0;0.0;0.0;0.0;0.0;0.0;0.0;0.0;0.0;0.0;0.0;0.0;0.0;0.0;0.0;0.0;0.0;0.0;0.0;0.0;0.0;0.0;1.0;0.0;0.0;0.0;0.0;0.0;0.0;0.0;0.0;0.0;0.0;0.0;2.0;4.0;1.0;0.0;1.0;1.0;0;0;0;0;LONDRINA - CENTRO;REGIÃO NORTE;49
3540.0;2021-11-30;13.0;20.0;24.0;27.0;731.0;34.0;1.0;13.0;22.0;534.0;34.0;0.0;34.0;927.0;16.0;45.0;4;4;4;5;4;4;5;0;0;0;0;0;0;0;0;0;1;0;0;1;0;0;0;0.0;0.0;0.0;0.0;0.0;0.0;0.0;0.0;0.0;0.0;0.0;0.0;0.0;0.0;0.0;0.0;0.0;0.0;0.0;0.0;0.0;0.0;0.0;1.0;0.0;0.0;0.0;0.0;0.0;0.0;0.0;0.0;0.0;0.0;0.0;2.0;4.0;1.0;0.0;1.0;1.0;0;0;0;0;LONDRINA - CENTRO;REGIÃO NORTE;50
3193.0;2021-12-31;14.0;21.0;25.0;29.0;777.0;37.0;3.0;14.0;22.0;573.0;37.0;0.0;37.0;980.0;56.0;82.0;4;5;5;4;5;4;4;0;0;1;0;0;0;0;0;0;0;0;0;1;0;0;0;0.0;0.0;0.0;0.0;0.0;0.0;0.0;0.0;0.0;0.0;0.0;0.0;0.0;0.0;0.0;0.0;0.0;0.0;0.0;0.0;0.0;0.0;0.0;1.0;0.0;0.0;0.0;0.0;0.0;0.0;0.0;0.0;0.0;0.0;0.0;2.0;4.0;1.0;0.0;1.0;1.0;0;0;0;0;LONDRINA - CENTRO;REGIÃO NORTE;51
3317.0;2022-01-31;17.0;21.0;25.0;29.0;771.0;35.0;6.0;17.0;23.0;614.0;35.0;0.0;35.0;929.0;38.0;181.0;5;4;4;5;4;5;4;0;0;0;0;1;0;0;0;0;0;0;0;0;1;0;0;0.0;0.0;0.0;0.0;0.0;0.0;0.0;0.0;0.0;0.0;0.0;0.0;0.0;0.0;0.0;0.0;0.0;0.0;0.0;0.0;0.0;0.0;0.0;1.0;0.0;0.0;0.0;0.0;0.0;0.0;0.0;0.0;0.0;0.0;0.0;2.0;4.0;1.0;0.0;1.0;1.0;31;0;0;0;LONDRINA - CENTRO;REGIÃO NORTE;52
3752.0;2022-02-28;17.0;24.0;26.0;30.0;726.0;37.0;4.0;17.0;23.0;553.0;37.0;0.0;37.0;898.0;44.0;116.0;4;4;4;4;4;4;4;0;0;0;1;0;0;0;0;0;0;0;0;0;1;0;0;0.0;0.0;0.0;0.0;0.0;0.0;0.0;0.0;0.0;0.0;0.0;0.0;0.0;0.0;0.0;0.0;0.0;0.0;0.0;0.0;0.0;0.0;0.0;1.0;0.0;0.0;0.0;0.0;0.0;0.0;0.0;0.0;0.0;0.0;0.0;2.0;4.0;1.0;0.0;1.0;1.0;0;1;0;0;LONDRINA - CENTRO;REGIÃO NORTE;53
6913.0;2022-03-31;17.0;21.0;25.0;29.0;781.0;35.0;12.0;17.0;23.0;621.0;35.0;0.0;35.0;941.0;62.0;381.0;4;5;5;4;4;4;5;0;0;0;0;0;0;0;0;1;0;0;0;0;1;0;0;0.0;0.0;0.0;0.0;0.0;0.0;0.0;0.0;0.0;0.0;0.0;0.0;0.0;0.0;0.0;0.0;0.0;0.0;0.0;0.0;0.0;0.0;0.0;1.0;0.0;0.0;0.0;0.0;0.0;0.0;0.0;0.0;0.0;0.0;0.0;2.0;4.0;1.0;0.0;1.0;1.0;0;1;0;0;LONDRINA - CENTRO;REGIÃO NORTE;54
6240.0;2022-04-30;12.0;17.0;22.0;26.0;668.0;31.0;5.0;12.0;20.0;510.0;31.0;0.0;31.0;826.0;63.0;157.0;4;4;4;4;5;5;4;1;0;0;0;0;0;0;0;0;0;0;0;0;1;0;0;0.0;0.0;0.0;0.0;0.0;0.0;0.0;0.0;0.0;0.0;0.0;0.0;0.0;0.0;0.0;0.0;0.0;0.0;0.0;0.0;0.0;0.0;0.0;1.0;0.0;0.0;0.0;0.0;0.0;0.0;0.0;0.0;0.0;0.0;0.0;2.0;4.0;1.0;0.0;1.0;1.0;0;1;0;0;LONDRINA - CENTRO;REGIÃO NORTE;55
4371.0;2022-05-31;6.0;9.0;18.0;24.0;561.0;30.0;2.0;6.0;20.0;403.0;30.0;0.0;30.0;719.0;18.0;61.0;5;4;4;5;4;4;5;0;0;0;0;0;0;0;1;0;0;0;0;0;1;0;0;0.0;0.0;0.0;0.0;0.0;0.0;0.0;0.0;0.0;0.0;0.0;0.0;0.0;0.0;0.0;0.0;0.0;0.0;0.0;0.0;0.0;0.0;0.0;1.0;0.0;0.0;0.0;0.0;0.0;0.0;0.0;0.0;0.0;0.0;0.0;2.0;4.0;1.0;0.0;1.0;1.0;0;0;0;0;LONDRINA - CENTRO;REGIÃO NORTE;56
5130.0;2022-06-30;5.0;12.0;18.0;22.0;539.0;28.0;2.0;5.0;16.0;385.0;28.0;0.0;28.0;693.0;24.0;67.0;4;5;5;4;4;4;4;0;0;0;0;0;0;1;0;0;0;0;0;0;1;0;0;0.0;0.0;0.0;0.0;0.0;0.0;0.0;0.0;0.0;0.0;0.0;0.0;0.0;0.0;0.0;0.0;0.0;0.0;0.0;0.0;0.0;0.0;0.0;1.0;0.0;0.0;0.0;0.0;0.0;0.0;0.0;0.0;0.0;0.0;0.0;2.0;4.0;1.0;0.0;1.0;1.0;0;1;0;0;LONDRINA - CENTRO;REGIÃO NORTE;57
4588.0;2022-07-31;7.0;15.0;20.0;23.0;634.0;30.0;0.0;7.0;17.0;443.0;30.0;0.0;30.0;825.0;4.0;9.0;5;4;4;4;5;5;4;0;0;0;0;0;1;0;0;0;0;0;0;0;1;0;0;0.0;0.0;0.0;0.0;0.0;0.0;0.0;0.0;0.0;0.0;0.0;0.0;0.0;0.0;0.0;0.0;0.0;0.0;0.0;0.0;0.0;0.0;0.0;1.0;0.0;0.0;0.0;0.0;0.0;0.0;0.0;0.0;0.0;0.0;0.0;1.7419354838709677;3.870967741935484;0.8709677419354839;0.0;0.8709677419354839;0.8709677419354839;0;0;0;0;LONDRINA - CENTRO;REGIÃO NORTE;58
3317.0;2022-08-31;5.0;12.0;19.0;24.0;576.0;32.0;6.0;5.0;18.0;392.0;32.0;0.0;32.0;759.0;50.0;191.0;4;5;4;5;4;4;5;0;1;0;0;0;0;0;0;0;0;0;0;0;1;0;0;0.0;0.0;0.0;0.0;0.0;0.0;0.0;0.0;0.0;0.0;0.0;0.0;0.0;0.0;0.0;0.0;0.0;0.0;0.0;0.0;0.0;0.0;0.0;1.0;0.0;0.0;0.0;0.0;0.0;0.0;0.0;0.0;0.0;0.0;0.0;0.0;3.0;0.0;0.0;0.0;0.0;0;0;0;0;LONDRINA - CENTRO;REGIÃO NORTE;59
2850.0;2022-09-30;8.0;15.0;18.0;26.0;555.0;34.0;5.0;8.0;20.0;408.0;34.0;0.0;34.0;702.0;42.0;151.0;4;4;5;4;5;4;4;0;0;0;0;0;0;0;0;0;0;0;1;0;1;0;0;0.0;0.0;0.0;0.0;0.0;0.0;0.0;0.0;0.0;0.0;0.0;0.0;0.0;0.0;0.0;0.0;0.0;0.0;0.0;0.0;0.0;0.0;0.0;1.0;0.0;0.0;0.0;0.0;0.0;0.0;0.0;0.0;0.0;0.0;0.0;0.0;3.0;0.0;0.0;0.0;0.0;0;0;0;0;LONDRINA - CENTRO;REGIÃO NORTE;60
3255.0;2022-10-31;-11.0;9.0;22.0;26.0;671.0;33.0;9.0;-11.0;20.0;487.0;33.0;0.0;33.0;856.0;96.0;280.0;5;4;4;5;4;5;4;0;0;0;0;0;0;0;0;0;0;1;0;0;1;0;0;0.0;0.0;0.0;0.0;0.0;0.0;0.0;0.0;0.0;0.0;0.0;0.0;0.0;0.0;0.0;0.0;0.0;0.0;0.0;0.0;0.0;0.0;0.0;1.0;0.0;0.0;0.0;0.0;0.0;0.0;0.0;0.0;0.0;0.0;0.0;0.0;3.0;0.0;0.0;0.0;0.0;0;0;0;0;LONDRINA - CENTRO;REGIÃO NORTE;61
3480.0;2022-11-30;10.0;14.0;21.0;25.0;644.0;33.0;1.0;10.0;19.0;456.0;33.0;0.0;33.0;832.0;12.0;43.0;4;5;4;4;4;4;5;0;0;0;0;0;0;0;0;0;1;0;0;0;1;0;0;0.0;0.0;0.0;0.0;0.0;0.0;0.0;0.0;0.0;0.0;0.0;0.0;0.0;0.0;0.0;0.0;0.0;0.0;0.0;0.0;0.0;0.0;0.0;1.0;0.0;0.0;0.0;0.0;0.0;0.0;0.0;0.0;0.0;0.0;0.0;0.0;3.0;0.0;0.0;0.0;0.0;0;0;0;0;LONDRINA - CENTRO;REGIÃO NORTE;62
3658.0;2022-12-31;-22.0;5.0;23.0;27.0;728.0;34.0;5.0;-22.0;23.0;543.0;34.0;0.0;34.0;913.0;35.0;152.0;4;4;5;4;5;5;4;0;0;1;0;0;0;0;0;0;0;0;0;0;1;0;0;0.0;0.0;0.0;0.0;0.0;0.0;0.0;0.0;0.0;0.0;0.0;0.0;0.0;0.0;0.0;0.0;0.0;0.0;0.0;0.0;0.0;0.0;0.0;1.0;0.0;0.0;0.0;0.0;0.0;0.0;0.0;0.0;0.0;0.0;0.0;0.0;3.0;0.0;0.0;0.0;0.0;0;0;0;0;LONDRINA - CENTRO;REGIÃO NORTE;63
3627.0;2023-01-31;15.0;20.0;24.0;26.0;743.0;32.0;6.0;15.0;21.0;596.0;32.0;0.0;32.0;891.0;32.0;188.0;5;4;4;5;4;4;5;0;0;0;0;1;0;0;0;0;0;0;0;0;0;1;0;0.0;0.0;0.0;0.0;0.0;0.0;0.0;0.0;0.0;0.0;0.0;0.0;0.0;0.0;0.0;0.0;0.0;0.0;0.0;0.0;0.0;0.0;0.0;1.0;0.0;0.0;0.0;0.0;0.0;0.0;0.0;0.0;0.0;0.0;0.0;0.0;3.0;0.0;0.0;0.0;0.0;31;0;0;0;LONDRINA - CENTRO;REGIÃO NORTE;64
4060.0;2023-02-28;15.0;20.0;24.0;27.0;662.0;34.0;12.0;15.0;21.0;535.0;34.0;0.0;34.0;788.0;52.0;337.0;4;4;4;4;4;4;4;0;0;0;1;0;0;0;0;0;0;0;0;0;0;1;0;0.0;0.0;0.0;0.0;0.0;0.0;0.0;0.0;0.0;0.0;0.0;0.0;0.0;0.0;0.0;0.0;0.0;0.0;0.0;0.0;0.0;0.0;0.0;1.0;0.0;0.0;0.0;0.0;0.0;0.0;0.0;0.0;0.0;0.0;0.0;0.0;3.0;0.0;0.0;0.0;0.0;0;3;0;0;LONDRINA - CENTRO;REGIÃO NORTE;65
5766.0;2023-03-31;17.0;23.0;25.0;27.0;783.0;33.0;8.0;17.0;22.0;612.0;33.0;0.0;33.0;953.0;34.0;255.0;4;5;5;4;5;4;4;0;0;0;0;0;0;0;0;1;0;0;0;0;0;1;0;0.0;0.0;0.0;0.0;0.0;0.0;0.0;0.0;0.0;0.0;0.0;0.0;0.0;0.0;0.0;0.0;0.0;0.0;0.0;0.0;0.0;0.0;0.0;1.0;0.0;0.0;0.0;0.0;0.0;0.0;0.0;0.0;0.0;0.0;0.0;0.0;3.0;0.0;0.0;0.0;0.0;0;0;0;0;LONDRINA - CENTRO;REGIÃO NORTE;66
3870.0;2023-04-30;10.0;17.0;22.0;27.0;658.0;34.0;9.0;10.0;20.0;505.0;34.0;0.0;34.0;810.0;105.0;264.0;5;4;4;4;4;5;4;1;0;0;0;0;0;0;0;0;0;0;0;0;0;1;0;0.0;0.0;0.0;0.0;0.0;0.0;0.0;0.0;0.0;0.0;0.0;0.0;0.0;0.0;0.0;0.0;0.0;0.0;0.0;0.0;0.0;0.0;0.0;1.0;0.0;0.0;0.0;0.0;0.0;0.0;0.0;0.0;0.0;0.0;0.0;0.0;3.0;0.0;0.0;0.0;0.0;0;1;0;0;LONDRINA - CENTRO;REGIÃO NORTE;67
3658.0;2023-05-31;11.0;16.0;20.0;25.0;629.0;30.0;3.0;11.0;20.0;458.0;30.0;0.0;30.0;800.0;28.0;97.0;4;5;4;5;4;4;5;0;0;0;0;0;0;0;1;0;0;0;0;0;0;1;0;0.0;0.0;0.0;0.0;0.0;0.0;0.0;0.0;0.0;0.0;0.0;0.0;0.0;0.0;0.0;0.0;0.0;0.0;0.0;0.0;0.0;0.0;0.0;1.0;0.0;0.0;0.0;0.0;0.0;0.0;0.0;0.0;0.0;0.0;0.0;0.0;3.0;0.0;0.0;0.0;0.0;0;0;0;0;LONDRINA - CENTRO;REGIÃO NORTE;68
2820.0;2023-06-30;7.0;11.0;18.0;22.0;544.0;34.0;6.0;7.0;17.0;374.0;34.0;0.0;34.0;714.0;90.0;168.0;4;4;5;4;5;4;4;0;0;0;0;0;0;1;0;0;0;0;0;0;0;1;0;0.0;0.0;0.0;0.0;0.0;0.0;0.0;0.0;0.0;0.0;0.0;0.0;0.0;0.0;0.0;0.0;0.0;0.0;0.0;0.0;0.0;0.0;0.0;1.0;0.0;0.0;0.0;0.0;0.0;0.0;0.0;0.0;0.0;0.0;0.0;0.0;3.0;0.0;0.0;0.0;0.0;0;1;0;0;LONDRINA - CENTRO;REGIÃO NORTE;69
2201.0;2023-07-31;6.0;12.0;19.0;22.0;577.0;28.0;1.0;6.0;17.0;415.0;28.0;0.0;28.0;738.0;7.0;22.0;5;4;4;5;4;5;4;0;0;0;0;0;1;0;0;0;0;0;0;0;0;1;0;0.0;0.0;0.0;0.0;0.0;0.0;0.0;0.0;0.0;0.0;0.0;0.0;0.0;0.0;0.0;0.0;0.0;0.0;0.0;0.0;0.0;0.0;0.0;1.0;0.0;0.0;0.0;0.0;0.0;0.0;0.0;0.0;0.0;0.0;0.0;0.0;3.0;0.0;0.0;0.0;0.0;15;0;0;0;LONDRINA - CENTRO;REGIÃO NORTE;70
4030.0;2023-08-31;9.0;14.0;21.0;27.0;647.0;34.0;2.0;9.0;20.0;447.0;34.0;0.0;34.0;846.0;12.0;52.0;4;5;5;4;4;4;5;0;1;0;0;0;0;0;0;0;0;0;0;0;0;1;0;0.0;0.0;0.0;0.0;0.0;0.0;0.0;0.0;0.0;0.0;0.0;0.0;0.0;0.0;0.0;0.0;0.0;0.0;0.0;0.0;0.0;0.0;0.0;1.0;0.0;0.0;0.0;0.0;0.0;0.0;0.0;0.0;0.0;0.0;0.0;0.0;3.0;0.0;0.0;0.0;0.0;0;0;0;0;LONDRINA - CENTRO;REGIÃO NORTE;71
5850.0;2023-09-30;9.0;17.0;25.0;30.0;735.0;38.0;3.0;9.0;25.0;537.0;38.0;0.0;38.0;934.0;40.0;104.0;4;4;4;4;5;5;4;0;0;0;0;0;0;0;0;0;0;0;1;0;0;1;0;0.0;0.0;0.0;0.0;0.0;0.0;0.0;0.0;0.0;0.0;0.0;0.0;0.0;0.0;0.0;0.0;0.0;0.0;0.0;0.0;0.0;0.0;0.0;1.0;0.0;0.0;0.0;0.0;0.0;0.0;0.0;0.0;0.0;0.0;0.0;0.0;3.0;0.0;0.0;0.0;0.0;0;0;0;0;LONDRINA - CENTRO;REGIÃO NORTE;72
6231.0;2023-10-31;15.0;20.0;24.0;29.0;755.0;36.0;15.0;15.0;23.0;578.0;36.0;0.0;36.0;931.0;116.0;465.0;5;4;4;5;4;4;5;0;0;0;0;0;0;0;0;0;0;1;0;0;0;1;0;0.0;0.0;0.0;0.0;0.0;0.0;0.0;0.0;0.0;0.0;0.0;0.0;0.0;0.0;0.0;0.0;0.0;0.0;0.0;0.0;0.0;0.0;0.0;1.0;0.0;0.0;0.0;0.0;0.0;0.0;0.0;0.0;0.0;0.0;0.0;0.0;3.0;0.0;0.0;0.0;0.0;0;0;0;0;LONDRINA - CENTRO;REGIÃO NORTE;73
6120.0;2023-11-30;12.0;18.0;25.0;31.0;741.0;37.0;7.0;12.0;26.0;566.0;37.0;0.0;37.0;915.0;65.0;212.0;4;5;5;4;4;4;4;0;0;0;0;0;0;0;0;0;1;0;0;0;0;1;0;0.0;0.0;0.0;0.0;0.0;0.0;0.0;0.0;0.0;0.0;0.0;0.0;0.0;0.0;0.0;0.0;0.0;0.0;0.0;0.0;0.0;0.0;0.0;1.0;0.0;0.0;0.0;0.0;0.0;0.0;0.0;0.0;0.0;0.0;0.0;0.0;3.0;0.0;0.0;0.0;0.0;0;0;0;0;LONDRINA - CENTRO;REGIÃO NORTE;74
5456.0;2023-12-31;17.0;21.0;26.0;29.0;811.0;36.0;4.0;17.0;23.0;621.0;36.0;0.0;36.0;1000.0;26.0;112.0;5;4;4;4;5;5;4;0;0;1;0;0;0;0;0;0;0;0;0;0;0;1;0;0.0;0.0;0.0;0.0;0.0;0.0;0.0;0.0;0.0;0.0;0.0;0.0;0.0;0.0;0.0;0.0;0.0;0.0;0.0;0.0;0.0;0.0;0.0;1.0;0.0;0.0;0.0;0.0;0.0;0.0;0.0;0.0;0.0;0.0;0.0;0.0;3.0;0.0;0.0;0.0;0.0;0;0;0;0;LONDRINA - CENTRO;REGIÃO NORTE;75
3875.0;2024-01-31;15.0;19.0;25.0;30.0;789.0;37.0;4.0;15.0;23.0;611.0;37.0;0.0;37.0;967.0;40.0;129.0;4;5;4;5;4;4;5;0;0;0;0;1;0;0;0;0;0;0;0;0;0;0;1;0.0;0.0;0.0;0.0;0.0;0.0;0.0;0.0;0.0;0.0;0.0;0.0;0.0;0.0;0.0;0.0;0.0;0.0;0.0;0.0;0.0;0.0;0.0;1.0;0.0;0.0;0.0;0.0;0.0;0.0;0.0;0.0;0.0;0.0;0.0;0.0;3.0;0.0;0.0;0.0;0.0;31;0;0;0;LONDRINA - CENTRO;REGIÃO NORTE;76
5771.0;2024-02-29;19.0;22.0;26.0;29.0;768.0;35.0;4.0;19.0;23.0;605.0;35.0;0.0;35.0;931.0;28.0;111.0;4;4;5;4;4;4;4;0;0;0;1;0;0;0;0;0;0;0;0;0;0;0;1;0.0;0.0;0.0;0.0;0.0;0.0;0.0;0.0;0.0;0.0;0.0;0.0;0.0;0.0;0.0;0.0;0.0;0.0;0.0;0.0;0.0;0.0;0.0;1.0;0.0;0.0;0.0;0.0;0.0;0.0;0.0;0.0;0.0;0.0;0.0;0.0;3.0;0.0;0.0;0.0;0.0;0;3;0;0;LONDRINA - CENTRO;REGIÃO NORTE;77
7781.0;2024-03-31;17.0;20.0;26.0;30.0;819.0;36.0;2.0;17.0;24.0;641.0;36.0;0.0;36.0;997.0;21.0;67.0;5;4;4;4;5;5;4;0;0;0;0;0;0;0;0;1;0;0;0;0;0;0;1;0.0;0.0;0.0;0.0;0.0;0.0;0.0;0.0;0.0;0.0;0.0;0.0;0.0;0.0;0.0;0.0;0.0;0.0;0.0;0.0;0.0;0.0;0.0;1.0;0.0;0.0;0.0;0.0;0.0;0.0;0.0;0.0;0.0;0.0;0.0;0.0;3.0;0.0;0.0;0.0;0.0;0;1;0;0;LONDRINA - CENTRO;REGIÃO NORTE;78
6810.0;2024-04-30;14.0;20.0;25.0;28.0;741.0;34.0;1.0;14.0;22.0;584.0;34.0;0.0;34.0;896.0;12.0;40.0;4;4;4;5;4;4;5;1;0;0;0;0;0;0;0;0;0;0;0;0;0;0;1;0.0;0.0;0.0;0.0;0.0;0.0;0.0;0.0;0.0;0.0;0.0;0.0;0.0;0.0;0.0;0.0;0.0;0.0;0.0;0.0;0.0;0.0;0.0;1.0;0.0;0.0;0.0;0.0;0.0;0.0;0.0;0.0;0.0;0.0;0.0;0.0;3.0;0.0;0.0;0.0;0.0;0;0;0;0;LONDRINA - CENTRO;REGIÃO NORTE;79
3937.0;2024-05-31;6.0;13.0;22.0;28.0;682.0;34.0;1.0;6.0;22.0;523.0;34.0;0.0;34.0;841.0;30.0;43.0;4;5;5;4;5;4;4;0;0;0;0;0;0;0;1;0;0;0;0;0;0;0;1;0.0;0.0;0.0;0.0;0.0;0.0;0.0;0.0;0.0;0.0;0.0;0.0;0.0;0.0;0.0;0.0;0.0;0.0;0.0;0.0;0.0;0.0;0.0;1.0;0.0;0.0;0.0;0.0;0.0;0.0;0.0;0.0;0.0;0.0;0.0;0.0;3.0;0.0;0.0;0.0;0.0;0;1;0;30;LONDRINA - CENTRO;REGIÃO NORTE;80
2640.0;2024-06-30;11.0;17.0;22.0;24.0;647.0;31.0;0.0;11.0;19.0;461.0;31.0;0.0;31.0;832.0;1.0;1.0;5;4;4;4;4;5;4;0;0;0;0;0;0;1;0;0;0;0;0;0;0;0;1;0.0;0.0;0.0;0.0;0.0;0.0;0.0;0.0;0.0;0.0;0.0;0.0;0.0;0.0;0.0;0.0;0.0;0.0;0.0;0.0;0.0;0.0;0.0;1.0;0.0;0.0;0.0;0.0;0.0;0.0;0.0;0.0;0.0;0.0;0.0;0.0;3.0;0.0;0.0;0.0;0.0;0;0;0;30;LONDRINA - CENTRO;REGIÃO NORTE;81
3038.0;2024-07-31;6.0;13.0;17.0;22.0;539.0;29.0;3.0;6.0;16.0;384.0;29.0;0.0;29.0;694.0;40.0;86.0;4;5;4;5;4;4;5;0;0;0;0;0;1;0;0;0;0;0;0;0;0;0;1;0.0;0.0;0.0;0.0;0.0;0.0;0.0;0.0;0.0;0.0;0.0;0.0;0.0;0.0;0.0;0.0;0.0;0.0;0.0;0.0;0.0;0.0;0.0;1.0;0.0;0.0;0.0;0.0;0.0;0.0;0.0;0.0;0.0;0.0;0.0;0.0;3.0;0.0;0.0;0.0;0.0;12;0;0;0;LONDRINA - CENTRO;REGIÃO NORTE;82
4030.0;2024-08-31;2.0;11.0;19.0;25.0;594.0;35.0;1.0;2.0;19.0;367.0;35.0;0.0;35.0;822.0;18.0;45.0;4;4;5;4;5;5;4;0;1;0;0;0;0;0;0;0;0;0;0;0;0;0;1;0.0;0.0;0.0;0.0;0.0;0.0;0.0;0.0;0.0;0.0;0.0;0.0;0.0;0.0;0.0;0.0;0.0;0.0;0.0;0.0;0.0;0.0;0.0;1.0;0.0;0.0;0.0;0.0;0.0;0.0;0.0;0.0;0.0;0.0;0.0;0.0;3.0;0.0;0.0;0.0;0.0;0;0;0;0;LONDRINA - CENTRO;REGIÃO NORTE;83
5070.0;2024-09-30;12.0;17.0;24.0;28.0;706.0;38.0;1.0;12.0;21.0;490.0;38.0;0.0;38.0;922.0;17.0;27.0;5;4;4;5;4;4;4;0;0;0;0;0;0;0;0;0;0;0;1;0;0;0;1;0.0;0.0;0.0;0.0;0.0;0.0;0.0;0.0;0.0;0.0;0.0;0.0;0.0;0.0;0.0;0.0;0.0;0.0;0.0;0.0;0.0;0.0;0.0;1.0;0.0;0.0;0.0;0.0;0.0;0.0;0.0;0.0;0.0;0.0;0.0;0.0;3.0;0.0;0.0;0.0;0.0;0;0;0;0;LONDRINA - CENTRO;REGIÃO NORTE;84
6231.0;2024-10-31;14.0;17.0;23.0;29.0;716.0;36.0;3.0;14.0;23.0;564.0;36.0;0.0;36.0;868.0;31.0;108.0;4;5;5;4;4;4;5;0;0;0;0;0;0;0;0;0;0;1;0;0;0;0;1;0.0;0.0;0.0;0.0;0.0;0.0;0.0;0.0;0.0;0.0;0.0;0.0;0.0;0.0;0.0;0.0;0.0;0.0;0.0;0.0;0.0;0.0;0.0;1.0;0.0;0.0;0.0;0.0;0.0;0.0;0.0;0.0;0.0;0.0;0.0;0.0;3.0;0.0;0.0;0.0;0.0;0;0;0;0;LONDRINA - CENTRO;REGIÃO NORTE;85
21051.0;2017-09-30;10.0;14.0;19.0;21.0;560.0;31.0;3.0;10.0;14.0;350.0;31.0;0.0;31.0;769.0;25.0;83.0;4;4;4;4;5;5;4;0;0;0;0;0;0;0;0;0;0;0;1;0;0;0;0;0.0;0.0;1.0;0.0;0.0;0.0;0.0;0.0;0.0;0.0;0.0;0.0;0.0;0.0;0.0;0.0;0.0;0.0;0.0;0.0;0.0;0.0;0.0;0.0;0.0;1.0;0.0;0.0;0.0;0.0;0.0;0.0;0.0;0.0;0.0;2.0;0.0;3.0;3.0;10.0;0.0;0;0;0;0;PALMAS;REGIÃO SUL;1
20486.0;2017-10-31;3.0;11.0;16.0;22.0;511.0;30.0;22.0;3.0;15.0;340.0;30.0;0.0;30.0;682.0;87.0;672.0;5;4;4;5;4;4;5;0;0;0;0;0;0;0;0;0;0;1;0;0;0;0;0;0.0;0.0;1.0;0.0;0.0;0.0;0.0;0.0;0.0;0.0;0.0;0.0;0.0;0.0;0.0;0.0;0.0;0.0;0.0;0.0;0.0;0.0;0.0;0.0;0.0;1.0;0.0;0.0;0.0;0.0;0.0;0.0;0.0;0.0;0.0;2.0;0.0;3.0;3.0;10.0;0.0;0;0;0;0;PALMAS;REGIÃO SUL;2
19727.0;2017-11-30;6.0;13.0;17.0;21.0;510.0;29.0;8.0;6.0;14.0;315.0;29.0;0.0;29.0;706.0;76.0;232.0;4;5;5;4;4;4;4;0;0;0;0;0;0;0;0;0;1;0;0;0;0;0;0;0.0;0.0;1.0;0.0;0.0;0.0;0.0;0.0;0.0;0.0;0.0;0.0;0.0;0.0;0.0;0.0;0.0;0.0;0.0;0.0;0.0;0.0;0.0;0.0;0.0;1.0;0.0;0.0;0.0;0.0;0.0;0.0;0.0;0.0;0.0;2.0;0.0;3.0;3.0;10.0;0.0;0;0;0;0;PALMAS;REGIÃO SUL;3
16916.0;2017-12-31;11.0;18.0;20.0;23.0;632.0;32.0;3.0;11.0;19.0;449.0;32.0;0.0;32.0;814.0;38.0;102.0;5;4;4;4;5;5;4;0;0;1;0;0;0;0;0;0;0;0;0;0;0;0;0;0.0;0.0;1.0;0.0;0.0;0.0;0.0;0.0;0.0;0.0;0.0;0.0;0.0;0.0;0.0;0.0;0.0;0.0;0.0;0.0;0.0;0.0;0.0;0.0;0.0;1.0;0.0;0.0;0.0;0.0;0.0;0.0;0.0;0.0;0.0;2.0;0.0;3.0;3.0;10.0;0.0;0;0;0;0;PALMAS;REGIÃO SUL;4
11372.0;2018-01-31;11.0;18.0;20.0;22.0;620.0;29.0;7.0;11.0;18.0;464.0;29.0;0.0;29.0;775.0;47.0;217.0;4;5;4;5;4;4;5;0;0;0;0;1;0;0;0;0;0;0;0;0;0;0;0;0.0;0.0;0.0;1.0;0.0;0.0;0.0;0.0;0.0;0.0;0.0;0.0;0.0;0.0;0.0;0.0;0.0;0.0;0.0;0.0;0.0;0.0;0.0;0.0;0.0;1.0;0.0;0.0;0.0;0.0;0.0;0.0;0.0;0.0;0.0;2.0;0.0;3.0;3.0;10.0;0.0;31;0;0;0;PALMAS;REGIÃO SUL;5
14076.0;2018-02-28;10.0;15.0;19.0;21.0;522.0;28.0;2.0;10.0;16.0;359.0;28.0;0.0;28.0;684.0;23.0;48.0;4;4;4;4;4;4;4;0;0;0;1;0;0;0;0;0;0;0;0;0;0;0;0;0.0;0.0;0.0;1.0;0.0;0.0;0.0;0.0;0.0;0.0;0.0;0.0;0.0;0.0;0.0;0.0;0.0;0.0;0.0;0.0;0.0;0.0;0.0;0.0;0.0;1.0;0.0;0.0;0.0;0.0;0.0;0.0;0.0;0.0;0.0;2.0;0.0;3.0;3.0;10.0;1.0;0;3;0;0;PALMAS;REGIÃO SUL;6
20773.0;2018-03-31;10.0;16.0;20.0;23.0;607.0;29.0;6.0;10.0;18.0;447.0;29.0;0.0;29.0;768.0;45.0;195.0;4;4;5;4;5;5;4;0;0;0;0;0;0;0;0;1;0;0;0;0;0;0;0;0.0;0.0;0.0;1.0;0.0;0.0;0.0;0.0;0.0;0.0;0.0;0.0;0.0;0.0;0.0;0.0;0.0;0.0;0.0;0.0;0.0;0.0;0.0;0.0;0.0;1.0;0.0;0.0;0.0;0.0;0.0;0.0;0.0;0.0;0.0;2.0;0.0;3.0;3.0;10.0;1.0;0;1;0;0;PALMAS;REGIÃO SUL;7
20538.0;2018-04-30;9.0;15.0;18.0;21.0;543.0;27.0;3.0;9.0;16.0;362.0;27.0;0.0;27.0;724.0;34.0;77.0;5;4;4;5;4;4;4;1;0;0;0;0;0;0;0;0;0;0;0;0;0;0;0;0.0;0.0;0.0;1.0;0.0;0.0;0.0;0.0;0.0;0.0;0.0;0.0;0.0;0.0;0.0;0.0;0.0;0.0;0.0;0.0;0.0;0.0;0.0;0.0;0.0;1.0;0.0;0.0;0.0;0.0;0.0;0.0;0.0;0.0;0.0;2.0;0.0;3.0;3.0;10.0;1.0;0;0;0;0;PALMAS;REGIÃO SUL;8
21545.0;2018-05-31;1.0;6.0;14.0;20.0;429.0;26.0;5.0;1.0;14.0;268.0;26.0;0.0;26.0;590.0;85.0;140.0;4;5;5;4;4;4;5;0;0;0;0;0;0;0;1;0;0;0;0;0;0;0;0;0.0;0.0;0.0;1.0;0.0;0.0;0.0;0.0;0.0;0.0;0.0;0.0;0.0;0.0;0.0;0.0;0.0;0.0;0.0;0.0;0.0;0.0;0.0;0.0;0.0;1.0;0.0;0.0;0.0;0.0;0.0;0.0;0.0;0.0;0.0;2.0;0.0;3.0;3.0;10.0;1.0;0;1;0;0;PALMAS;REGIÃO SUL;9
19600.0;2018-06-30;-2.0;4.0;12.0;19.0;346.0;25.0;6.0;-2.0;14.0;200.0;25.0;0.0;25.0;491.0;54.0;174.0;4;4;4;4;5;5;4;0;0;0;0;0;0;1;0;0;0;0;0;0;0;0;0;0.0;0.0;0.0;1.0;0.0;0.0;0.0;0.0;0.0;0.0;0.0;0.0;0.0;0.0;0.0;0.0;0.0;0.0;0.0;0.0;0.0;0.0;0.0;0.0;0.0;1.0;0.0;0.0;0.0;0.0;0.0;0.0;0.0;0.0;0.0;2.0;0.0;3.0;3.0;10.0;1.0;0;0;0;0;PALMAS;REGIÃO SUL;10
19440.0;2018-07-31;-1.0;3.0;13.0;18.0;396.0;25.0;0.0;-1.0;11.0;211.0;25.0;0.0;25.0;582.0;5.0;15.0;5;4;4;5;4;4;5;0;0;0;0;0;1;0;0;0;0;0;0;0;0;0;0;0.0;0.0;0.0;1.0;0.0;0.0;0.0;0.0;0.0;0.0;0.0;0.0;0.0;0.0;0.0;0.0;0.0;0.0;0.0;0.0;0.0;0.0;0.0;0.0;0.0;1.0;0.0;0.0;0.0;0.0;0.0;0.0;0.0;0.0;0.0;2.0;0.0;3.0;3.0;10.0;1.0;16;0;0;0;PALMAS;REGIÃO SUL;11
22416.0;2018-08-31;-3.0;6.0;12.0;18.0;357.0;27.0;6.0;-3.0;11.0;153.0;27.0;0.0;27.0;560.0;56.0;171.0;4;5;5;4;5;4;4;0;1;0;0;0;0;0;0;0;0;0;0;0;0;0;0;0.0;0.0;0.0;1.0;0.0;0.0;0.0;0.0;0.0;0.0;0.0;0.0;0.0;0.0;0.0;0.0;0.0;0.0;0.0;0.0;0.0;0.0;0.0;0.0;0.0;1.0;0.0;0.0;0.0;0.0;0.0;0.0;0.0;0.0;0.0;2.0;0.0;3.0;3.0;10.0;1.0;0;0;0;0;PALMAS;REGIÃO SUL;12
21011.0;2018-09-30;2.0;10.0;16.0;20.0;466.0;28.0;11.0;2.0;14.0;294.0;28.0;0.0;28.0;638.0;108.0;323.0;5;4;4;4;4;5;4;0;0;0;0;0;0;0;0;0;0;0;1;0;0;0;0;0.0;0.0;0.0;1.0;0.0;0.0;0.0;0.0;0.0;0.0;0.0;0.0;0.0;0.0;0.0;0.0;0.0;0.0;0.0;0.0;0.0;0.0;0.0;0.0;0.0;1.0;0.0;0.0;0.0;0.0;0.0;0.0;0.0;0.0;0.0;2.0;0.0;3.0;3.0;10.0;1.0;0;0;0;0;PALMAS;REGIÃO SUL;13
20976.0;2018-10-31;7.0;12.0;16.0;20.0;504.0;28.0;9.0;7.0;14.0;349.0;28.0;0.0;28.0;660.0;78.0;289.0;4;5;4;5;4;4;5;0;0;0;0;0;0;0;0;0;0;1;0;0;0;0;0;0.0;0.0;0.0;1.0;0.0;0.0;0.0;0.0;0.0;0.0;0.0;0.0;0.0;0.0;0.0;0.0;0.0;0.0;0.0;0.0;0.0;0.0;0.0;0.0;0.0;1.0;0.0;0.0;0.0;0.0;0.0;0.0;0.0;0.0;0.0;2.0;0.0;3.0;3.0;10.0;1.0;0;0;0;0;PALMAS;REGIÃO SUL;14
20619.0;2018-11-30;9.0;15.0;19.0;25.0;564.0;30.0;4.0;9.0;20.0;379.0;30.0;0.0;30.0;749.0;34.0;107.0;4;4;5;4;5;4;4;0;0;0;0;0;0;0;0;0;1;0;0;0;0;0;0;0.0;0.0;0.0;1.0;0.0;0.0;0.0;0.0;0.0;0.0;0.0;0.0;0.0;0.0;0.0;0.0;0.0;0.0;0.0;0.0;0.0;0.0;0.0;0.0;0.0;1.0;0.0;0.0;0.0;0.0;0.0;0.0;0.0;0.0;0.0;2.0;0.0;3.0;3.0;10.0;1.0;0;0;0;0;PALMAS;REGIÃO SUL;15
17761.0;2018-12-31;7.0;15.0;20.0;24.0;634.0;32.0;3.0;7.0;18.0;418.0;32.0;0.0;32.0;849.0;15.0;102.0;5;4;4;5;4;5;4;0;0;1;0;0;0;0;0;0;0;0;0;0;0;0;0;0.0;0.0;0.0;1.0;0.0;0.0;0.0;0.0;0.0;0.0;0.0;0.0;0.0;0.0;0.0;0.0;0.0;0.0;0.0;0.0;0.0;0.0;0.0;0.0;0.0;1.0;0.0;0.0;0.0;0.0;0.0;0.0;0.0;0.0;0.0;2.0;0.0;3.0;3.0;10.0;1.0;0;0;0;0;PALMAS;REGIÃO SUL;16
12816.0;2019-01-31;14.0;18.0;22.0;24.0;674.0;31.0;4.0;14.0;19.0;498.0;31.0;0.0;31.0;850.0;24.0;132.0;4;5;5;4;4;4;5;0;0;0;0;1;0;0;0;0;0;0;0;0;0;0;0;0.0;0.0;0.0;0.0;1.0;0.0;0.0;0.0;0.0;0.0;0.0;0.0;0.0;0.0;0.0;0.0;0.0;0.0;0.0;0.0;0.0;0.0;0.0;0.0;0.0;1.0;0.0;0.0;0.0;0.0;0.0;0.0;0.0;0.0;0.0;2.0;0.0;3.0;3.0;10.0;1.0;31;0;0;0;PALMAS;REGIÃO SUL;17
16520.0;2019-02-28;11.0;15.0;20.0;23.0;554.0;31.0;5.0;11.0;18.0;413.0;31.0;0.0;31.0;695.0;23.0;146.0;4;4;4;4;4;4;4;0;0;0;1;0;0;0;0;0;0;0;0;0;0;0;0;0.0;0.0;0.0;0.0;1.0;0.0;0.0;0.0;0.0;0.0;0.0;0.0;0.0;0.0;0.0;0.0;0.0;0.0;0.0;0.0;0.0;0.0;0.0;0.0;0.0;1.0;0.0;0.0;0.0;0.0;0.0;0.0;0.0;0.0;0.0;2.0;0.0;3.0;3.0;10.0;1.0;0;0;0;0;PALMAS;REGIÃO SUL;18
22325.0;2019-03-31;11.0;16.0;20.0;22.0;610.0;28.0;4.0;11.0;17.0;450.0;28.0;0.0;28.0;769.0;34.0;121.0;5;4;4;4;5;5;4;0;0;0;0;0;0;0;0;1;0;0;0;0;0;0;0;0.0;0.0;0.0;0.0;1.0;0.0;0.0;0.0;0.0;0.0;0.0;0.0;0.0;0.0;0.0;0.0;0.0;0.0;0.0;0.0;0.0;0.0;0.0;0.0;0.0;1.0;0.0;0.0;0.0;0.0;0.0;0.0;0.0;0.0;0.0;2.0;0.0;3.0;3.0;10.0;1.0;0;3;0;0;PALMAS;REGIÃO SUL;19
23433.0;2019-04-30;7.0;15.0;18.0;20.0;535.0;26.0;4.0;7.0;17.0;384.0;26.0;0.0;26.0;685.0;38.0;116.0;4;4;4;5;4;4;5;1;0;0;0;0;0;0;0;0;0;0;0;0;0;0;0;0.0;0.0;0.0;0.0;1.0;0.0;0.0;0.0;0.0;0.0;0.0;0.0;0.0;0.0;0.0;0.0;0.0;0.0;0.0;0.0;0.0;0.0;0.0;0.0;0.0;1.0;0.0;0.0;0.0;0.0;0.0;0.0;0.0;0.0;0.0;2.0;0.0;3.0;3.0;10.0;1.0;0;1;0;0;PALMAS;REGIÃO SUL;20
24970.0;2019-05-31;6.0;11.0;16.0;21.0;497.0;27.0;10.0;6.0;15.0;370.0;27.0;0.0;27.0;625.0;107.0;305.0;4;5;5;4;5;4;4;0;0;0;0;0;0;0;1;0;0;0;0;0;0;0;0;0.0;0.0;0.0;0.0;1.0;0.0;0.0;0.0;0.0;0.0;0.0;0.0;0.0;0.0;0.0;0.0;0.0;0.0;0.0;0.0;0.0;0.0;0.0;0.0;0.0;1.0;0.0;0.0;0.0;0.0;0.0;0.0;0.0;0.0;0.0;2.0;0.0;3.0;3.0;10.0;1.0;0;0;0;0;PALMAS;REGIÃO SUL;21
22521.0;2019-06-30;3.0;9.0;15.0;20.0;444.0;25.0;1.0;3.0;14.0;273.0;25.0;0.0;25.0;615.0;12.0;27.0;5;4;4;4;4;5;4;0;0;0;0;0;0;1;0;0;0;0;0;0;0;0;0;0.0;0.0;0.0;0.0;1.0;0.0;0.0;0.0;0.0;0.0;0.0;0.0;0.0;0.0;0.0;0.0;0.0;0.0;0.0;0.0;0.0;0.0;0.0;0.0;0.0;1.0;0.0;0.0;0.0;0.0;0.0;0.0;0.0;0.0;0.0;2.0;0.0;3.0;3.0;10.0;1.0;0;1;0;0;PALMAS;REGIÃO SUL;22
19246.0;2019-07-31;-6.0;2.0;12.0;17.0;361.0;23.0;1.0;-6.0;11.0;170.0;23.0;0.0;23.0;551.0;10.0;35.0;4;5;4;5;4;4;5;0;0;0;0;0;1;0;0;0;0;0;0;0;0;0;0;0.0;0.0;0.0;0.0;1.0;0.0;0.0;0.0;0.0;0.0;0.0;0.0;0.0;0.0;0.0;0.0;0.0;0.0;0.0;0.0;0.0;0.0;0.0;0.0;0.0;1.0;0.0;0.0;0.0;0.0;0.0;0.0;0.0;0.0;0.0;2.0;0.0;3.0;3.0;10.0;1.0;16;0;0;0;PALMAS;REGIÃO SUL;23
22133.0;2019-08-31;-3.0;4.0;13.0;19.0;400.0;28.0;0.0;-3.0;11.0;184.0;28.0;0.0;28.0;615.0;7.0;15.0;4;4;5;4;5;5;4;0;1;0;0;0;0;0;0;0;0;0;0;0;0;0;0;0.0;0.0;0.0;0.0;1.0;0.0;0.0;0.0;0.0;0.0;0.0;0.0;0.0;0.0;0.0;0.0;0.0;0.0;0.0;0.0;0.0;0.0;0.0;0.0;0.0;1.0;0.0;0.0;0.0;0.0;0.0;0.0;0.0;0.0;0.0;2.0;0.0;3.0;3.0;10.0;1.0;0;0;0;0;PALMAS;REGIÃO SUL;24
22974.0;2019-09-30;3.0;9.0;16.0;22.0;473.0;30.0;2.0;3.0;15.0;284.0;30.0;0.0;30.0;662.0;20.0;51.0;5;4;4;5;4;4;4;0;0;0;0;0;0;0;0;0;0;0;1;0;0;0;0;0.0;0.0;0.0;0.0;1.0;0.0;0.0;0.0;0.0;0.0;0.0;0.0;0.0;0.0;0.0;0.0;0.0;0.0;0.0;0.0;0.0;0.0;0.0;0.0;0.0;1.0;0.0;0.0;0.0;0.0;0.0;0.0;0.0;0.0;0.0;2.0;0.0;3.0;3.0;10.0;1.0;0;0;0;0;PALMAS;REGIÃO SUL;25
21986.0;2019-10-31;8.0;13.0;18.0;25.0;571.0;33.0;6.0;8.0;16.0;383.0;33.0;0.0;33.0;759.0;53.0;178.0;4;5;5;4;4;4;5;0;0;0;0;0;0;0;0;0;0;1;0;0;0;0;0;0.0;0.0;0.0;0.0;1.0;0.0;0.0;0.0;0.0;0.0;0.0;0.0;0.0;0.0;0.0;0.0;0.0;0.0;0.0;0.0;0.0;0.0;0.0;0.0;0.0;1.0;0.0;0.0;0.0;0.0;0.0;0.0;0.0;0.0;0.0;2.0;0.0;3.0;3.0;10.0;1.0;0;0;0;0;PALMAS;REGIÃO SUL;26
22938.0;2019-11-30;8.0;15.0;19.0;23.0;574.0;30.0;7.0;8.0;16.0;390.0;30.0;0.0;30.0;758.0;74.0;212.0;4;4;4;4;5;5;4;0;0;0;0;0;0;0;0;0;1;0;0;0;0;0;0;0.0;0.0;0.0;0.0;1.0;0.0;0.0;0.0;0.0;0.0;0.0;0.0;0.0;0.0;0.0;0.0;0.0;0.0;0.0;0.0;0.0;0.0;0.0;0.0;0.0;1.0;0.0;0.0;0.0;0.0;0.0;0.0;0.0;0.0;0.0;2.0;0.0;3.0;3.0;10.0;1.0;0;0;0;0;PALMAS;REGIÃO SUL;27
19180.0;2019-12-31;10.0;16.0;20.0;25.0;622.0;32.0;5.0;10.0;17.0;427.0;32.0;0.0;32.0;817.0;50.0;157.0;5;4;4;5;4;4;5;0;0;1;0;0;0;0;0;0;0;0;0;0;0;0;0;0.0;0.0;0.0;0.0;1.0;0.0;0.0;0.0;0.0;0.0;0.0;0.0;0.0;0.0;0.0;0.0;0.0;0.0;0.0;0.0;0.0;0.0;0.0;0.0;0.0;1.0;0.0;0.0;0.0;0.0;0.0;0.0;0.0;0.0;0.0;2.0;0.0;3.0;3.0;10.0;1.0;0;0;0;0;PALMAS;REGIÃO SUL;28
11630.0;2020-01-31;11.0;16.0;20.0;24.0;628.0;30.0;3.0;11.0;18.0;457.0;30.0;0.0;30.0;798.0;49.0;104.0;4;5;5;4;5;4;4;0;0;0;0;1;0;0;0;0;0;0;0;0;0;0;0;0.0;0.0;0.0;0.0;0.0;1.0;0.0;0.0;0.0;0.0;0.0;0.0;0.0;0.0;0.0;0.0;0.0;0.0;0.0;0.0;0.0;0.0;0.0;0.0;0.0;1.0;0.0;0.0;0.0;0.0;0.0;0.0;0.0;0.0;0.0;2.0;0.0;3.0;3.0;10.0;1.0;31;0;0;0;PALMAS;REGIÃO SUL;29
17843.0;2020-02-29;9.0;15.0;20.0;23.0;567.0;30.0;2.0;9.0;17.0;399.0;30.0;0.0;30.0;734.0;22.0;61.0;4;4;4;4;4;5;4;0;0;0;1;0;0;0;0;0;0;0;0;0;0;0;0;0.0;0.0;0.0;0.0;0.0;1.0;0.0;0.0;0.0;0.0;0.0;0.0;0.0;0.0;0.0;0.0;0.0;0.0;0.0;0.0;0.0;0.0;0.0;0.0;0.0;1.0;0.0;0.0;0.0;0.0;0.0;0.0;0.0;0.0;0.0;2.0;0.0;3.0;3.0;10.0;1.0;0;3;0;0;PALMAS;REGIÃO SUL;30
19131.0;2020-03-31;10.0;17.0;20.0;23.0;614.0;32.0;1.0;10.0;17.0;401.0;32.0;0.0;32.0;828.0;17.0;36.0;5;4;4;5;4;4;5;0;0;0;0;0;0;0;0;1;0;0;0;0;0;0;0;0.0;0.0;0.0;0.0;0.0;1.0;0.0;0.0;0.0;0.0;0.0;0.0;0.0;0.0;0.0;0.0;0.0;0.0;0.0;0.0;0.0;0.0;0.0;0.0;0.0;1.0;0.0;0.0;0.0;0.0;0.0;0.0;0.0;0.0;0.0;2.0;0.0;3.0;3.0;10.0;1.0;0;0;15;0;PALMAS;REGIÃO SUL;31
12105.0;2020-04-30;1.0;10.0;15.0;22.0;465.0;29.0;3.0;1.0;16.0;252.0;29.0;0.0;29.0;677.0;66.0;86.0;4;5;5;4;4;4;4;1;0;0;0;0;0;0;0;0;0;0;0;0;0;0;0;0.0;0.0;0.0;0.0;0.0;1.0;0.0;0.0;0.0;0.0;0.0;0.0;0.0;0.0;0.0;0.0;0.0;0.0;0.0;0.0;0.0;0.0;0.0;0.0;0.0;1.0;0.0;0.0;0.0;0.0;0.0;0.0;0.0;0.0;0.0;2.0;0.0;3.0;3.0;10.0;1.0;0;1;30;0;PALMAS;REGIÃO SUL;32
12754.0;2020-05-31;0.0;8.0;13.0;17.0;401.0;25.0;9.0;0.0;13.0;190.0;25.0;0.0;25.0;612.0;134.0;264.0;5;4;4;4;5;5;4;0;0;0;0;0;0;0;1;0;0;0;0;0;0;0;0;0.0;0.0;0.0;0.0;0.0;1.0;0.0;0.0;0.0;0.0;0.0;0.0;0.0;0.0;0.0;0.0;0.0;0.0;0.0;0.0;0.0;0.0;0.0;0.0;0.0;1.0;0.0;0.0;0.0;0.0;0.0;0.0;0.0;0.0;0.0;2.0;0.0;3.0;3.0;10.0;1.0;0;0;31;0;PALMAS;REGIÃO SUL;33
12153.0;2020-06-30;3.0;7.0;14.0;19.0;416.0;25.0;12.0;3.0;16.0;276.0;25.0;0.0;25.0;556.0;130.0;346.0;4;4;4;5;4;4;5;0;0;0;0;0;0;1;0;0;0;0;0;0;0;0;0;0.0;0.0;0.0;0.0;0.0;1.0;0.0;0.0;0.0;0.0;0.0;0.0;0.0;0.0;0.0;0.0;0.0;0.0;0.0;0.0;0.0;0.0;0.0;0.0;0.0;1.0;0.0;0.0;0.0;0.0;0.0;0.0;0.0;0.0;0.0;2.0;0.0;3.0;3.0;10.0;1.0;0;1;30;0;PALMAS;REGIÃO SUL;34
12443.0;2020-07-31;-1.0;6.0;13.0;18.0;389.0;24.0;5.0;-1.0;13.0;228.0;24.0;0.0;24.0;550.0;84.0;162.0;4;5;5;4;5;4;4;0;0;0;0;0;1;0;0;0;0;0;0;0;0;0;0;0.0;0.0;0.0;0.0;0.0;1.0;0.0;0.0;0.0;0.0;0.0;0.0;0.0;0.0;0.0;0.0;0.0;0.0;0.0;0.0;0.0;0.0;0.0;0.0;0.0;1.0;0.0;0.0;0.0;0.0;0.0;0.0;0.0;0.0;0.0;2.0;0.0;3.0;3.0;10.0;1.0;0;0;31;0;PALMAS;REGIÃO SUL;35
12118.0;2020-08-31;-3.0;3.0;14.0;21.0;449.0;28.0;10.0;-3.0;14.0;266.0;28.0;0.0;28.0;632.0;135.0;303.0;5;4;4;5;4;5;4;0;1;0;0;0;0;0;0;0;0;0;0;0;0;0;0;0.0;0.0;0.0;0.0;0.0;1.0;0.0;0.0;0.0;0.0;0.0;0.0;0.0;0.0;0.0;0.0;0.0;0.0;0.0;0.0;0.0;0.0;0.0;0.0;0.0;1.0;0.0;0.0;0.0;0.0;0.0;0.0;0.0;0.0;0.0;2.0;0.0;3.0;3.0;10.0;1.0;0;0;31;0;PALMAS;REGIÃO SUL;36
11523.0;2020-09-30;5.0;11.0;18.0;25.0;547.0;33.0;2.0;5.0;18.0;365.0;33.0;0.0;33.0;728.0;19.0;62.0;4;5;4;4;4;4;5;0;0;0;0;0;0;0;0;0;0;0;1;0;0;0;0;0.0;0.0;0.0;0.0;0.0;1.0;0.0;0.0;0.0;0.0;0.0;0.0;0.0;0.0;0.0;0.0;0.0;0.0;0.0;0.0;0.0;0.0;0.0;0.0;0.0;1.0;0.0;0.0;0.0;0.0;0.0;0.0;0.0;0.0;0.0;2.0;0.0;3.0;3.0;10.0;1.0;0;0;30;0;PALMAS;REGIÃO SUL;37
11723.0;2020-10-31;6.0;14.0;20.0;28.0;605.0;33.0;2.0;6.0;23.0;412.0;33.0;0.0;33.0;798.0;21.0;73.0;4;4;5;4;5;5;4;0;0;0;0;0;0;0;0;0;0;1;0;0;0;0;0;0.0;0.0;0.0;0.0;0.0;1.0;0.0;0.0;0.0;0.0;0.0;0.0;0.0;0.0;0.0;0.0;0.0;0.0;0.0;0.0;0.0;0.0;0.0;0.0;0.0;1.0;0.0;0.0;0.0;0.0;0.0;0.0;0.0;0.0;0.0;2.0;0.0;3.0;3.0;10.0;1.0;0;0;31;0;PALMAS;REGIÃO SUL;38
10140.0;2020-11-30;6.0;14.0;19.0;24.0;566.0;32.0;3.0;6.0;17.0;373.0;32.0;0.0;32.0;758.0;18.0;102.0;5;4;4;5;4;4;4;0;0;0;0;0;0;0;0;0;1;0;0;0;0;0;0;0.0;0.0;0.0;0.0;0.0;1.0;0.0;0.0;0.0;0.0;0.0;0.0;0.0;0.0;0.0;0.0;0.0;0.0;0.0;0.0;0.0;0.0;0.0;0.0;0.0;1.0;0.0;0.0;0.0;0.0;0.0;0.0;0.0;0.0;0.0;2.0;0.0;3.0;3.0;10.0;1.0;0;0;30;0;PALMAS;REGIÃO SUL;39
9734.0;2020-12-31;11.0;16.0;20.0;23.0;630.0;29.0;9.0;11.0;17.0;453.0;29.0;0.0;29.0;806.0;108.0;275.0;4;5;5;4;4;4;5;0;0;1;0;0;0;0;0;0;0;0;0;0;0;0;0;0.0;0.0;0.0;0.0;0.0;1.0;0.0;0.0;0.0;0.0;0.0;0.0;0.0;0.0;0.0;0.0;0.0;0.0;0.0;0.0;0.0;0.0;0.0;0.0;0.0;1.0;0.0;0.0;0.0;0.0;0.0;0.0;0.0;0.0;0.0;2.0;0.0;3.0;3.0;10.0;1.0;0;0;31;0;PALMAS;REGIÃO SUL;40
11377.0;2021-01-31;13.0;19.0;21.0;23.0;638.0;29.0;7.0;13.0;18.0;498.0;29.0;0.0;29.0;778.0;35.0;210.0;5;4;4;4;5;5;4;0;0;0;0;1;0;0;0;0;0;0;0;1;0;0;0;0.0;0.0;0.0;0.0;0.0;0.0;0.0;0.0;0.0;0.0;0.0;0.0;0.0;0.0;0.0;0.0;0.0;0.0;0.0;0.0;0.0;0.0;0.0;0.0;0.0;1.0;0.0;0.0;0.0;0.0;0.0;0.0;0.0;0.0;0.0;2.0;0.0;3.0;3.0;10.0;1.0;0;0;31;0;PALMAS;REGIÃO SUL;41
9492.0;2021-02-28;11.0;17.0;21.0;25.0;589.0;31.0;1.0;11.0;20.0;430.0;31.0;0.0;31.0;749.0;8.0;26.0;4;4;4;4;4;4;4;0;0;0;1;0;0;0;0;0;0;0;0;1;0;0;0;0.0;0.0;0.0;0.0;0.0;0.0;0.0;0.0;0.0;0.0;0.0;0.0;0.0;0.0;0.0;0.0;0.0;0.0;0.0;0.0;0.0;0.0;0.0;0.0;0.0;1.0;0.0;0.0;0.0;0.0;0.0;0.0;0.0;0.0;0.0;2.0;0.0;3.0;3.0;10.0;1.0;0;3;28;0;PALMAS;REGIÃO SUL;42
9734.0;2021-03-31;11.0;16.0;22.0;26.0;671.0;32.0;3.0;11.0;19.0;502.0;32.0;0.0;32.0;840.0;30.0;104.0;4;5;4;5;4;4;5;0;0;0;0;0;0;0;0;1;0;0;0;1;0;0;0;0.0;0.0;0.0;0.0;0.0;0.0;0.0;0.0;0.0;0.0;0.0;0.0;0.0;0.0;0.0;0.0;0.0;0.0;0.0;0.0;0.0;0.0;0.0;0.0;0.0;1.0;0.0;0.0;0.0;0.0;0.0;0.0;0.0;0.0;0.0;2.0;0.0;3.0;3.0;10.0;1.0;0;0;31;0;PALMAS;REGIÃO SUL;43
10680.0;2021-04-30;6.0;13.0;18.0;23.0;548.0;29.0;0.0;6.0;17.0;372.0;29.0;0.0;29.0;725.0;3.0;6.0;4;4;5;4;5;4;4;1;0;0;0;0;0;0;0;0;0;0;0;1;0;0;0;0.0;0.0;0.0;0.0;0.0;0.0;0.0;0.0;0.0;0.0;0.0;0.0;0.0;0.0;0.0;0.0;0.0;0.0;0.0;0.0;0.0;0.0;0.0;0.0;0.0;1.0;0.0;0.0;0.0;0.0;0.0;0.0;0.0;0.0;0.0;2.0;0.0;3.0;3.0;10.0;1.0;0;1;30;0;PALMAS;REGIÃO SUL;44
13082.0;2021-05-31;4.0;10.0;16.0;22.0;489.0;29.0;5.0;4.0;16.0;307.0;29.0;0.0;29.0;670.0;82.0;156.0;5;4;4;5;4;5;4;0;0;0;0;0;0;0;1;0;0;0;0;1;0;0;0;0.0;0.0;0.0;0.0;0.0;0.0;0.0;0.0;0.0;0.0;0.0;0.0;0.0;0.0;0.0;0.0;0.0;0.0;0.0;0.0;0.0;0.0;0.0;0.0;0.0;1.0;0.0;0.0;0.0;0.0;0.0;0.0;0.0;0.0;0.0;2.0;0.0;3.0;3.0;10.0;1.0;0;0;31;0;PALMAS;REGIÃO SUL;45
14550.0;2021-06-30;-2.0;3.0;14.0;22.0;408.0;27.0;4.0;-2.0;16.0;266.0;27.0;0.0;27.0;549.0;20.0;105.0;4;5;4;4;4;4;5;0;0;0;0;0;0;1;0;0;0;0;0;1;0;0;0;0.0;0.0;0.0;0.0;0.0;0.0;0.0;0.0;0.0;0.0;0.0;0.0;0.0;0.0;0.0;0.0;0.0;0.0;0.0;0.0;0.0;0.0;0.0;0.0;0.0;1.0;0.0;0.0;0.0;0.0;0.0;0.0;0.0;0.0;0.0;2.0;0.0;3.0;3.0;10.0;1.0;0;1;30;0;PALMAS;REGIÃO SUL;46
14136.0;2021-07-31;-4.0;3.0;13.0;21.0;407.0;27.0;2.0;-4.0;15.0;222.0;27.0;0.0;27.0;592.0;25.0;55.0;4;4;5;4;5;5;4;0;0;0;0;0;1;0;0;0;0;0;0;1;0;0;0;0.0;0.0;0.0;0.0;0.0;0.0;0.0;0.0;0.0;0.0;0.0;0.0;0.0;0.0;0.0;0.0;0.0;0.0;0.0;0.0;0.0;0.0;0.0;0.0;0.0;1.0;0.0;0.0;0.0;0.0;0.0;0.0;0.0;0.0;0.0;2.0;0.0;3.0;3.0;10.0;1.0;0;0;31;0;PALMAS;REGIÃO SUL;47
13671.0;2021-08-31;3.0;10.0;18.0;24.0;543.0;31.0;1.0;3.0;18.0;364.0;31.0;0.0;31.0;722.0;16.0;45.0;5;4;4;5;4;4;5;0;1;0;0;0;0;0;0;0;0;0;0;1;0;0;0;0.0;0.0;0.0;0.0;0.0;0.0;0.0;0.0;0.0;0.0;0.0;0.0;0.0;0.0;0.0;0.0;0.0;0.0;0.0;0.0;0.0;0.0;0.0;0.0;0.0;1.0;0.0;0.0;0.0;0.0;0.0;0.0;0.0;0.0;0.0;2.0;0.0;3.0;3.0;10.0;1.0;0;0;31;0;PALMAS;REGIÃO SUL;48
12360.0;2021-09-30;7.0;14.0;20.0;27.0;589.0;33.0;8.0;7.0;21.0;421.0;33.0;0.0;33.0;757.0;70.0;228.0;4;5;5;4;4;4;4;0;0;0;0;0;0;0;0;0;0;0;1;1;0;0;0;0.0;0.0;0.0;0.0;0.0;0.0;0.0;0.0;0.0;0.0;0.0;0.0;0.0;0.0;0.0;0.0;0.0;0.0;0.0;0.0;0.0;0.0;0.0;0.0;0.0;1.0;0.0;0.0;0.0;0.0;0.0;0.0;0.0;0.0;0.0;2.0;0.0;3.0;3.0;10.0;1.0;0;0;30;0;PALMAS;REGIÃO SUL;49
11687.0;2021-10-31;9.0;15.0;18.0;23.0;564.0;28.0;13.0;9.0;17.0;422.0;28.0;0.0;28.0;705.0;92.0;389.0;5;4;4;4;5;5;4;0;0;0;0;0;0;0;0;0;0;1;0;1;0;0;0;0.0;0.0;0.0;0.0;0.0;0.0;0.0;0.0;0.0;0.0;0.0;0.0;0.0;0.0;0.0;0.0;0.0;0.0;0.0;0.0;0.0;0.0;0.0;0.0;0.0;1.0;0.0;0.0;0.0;0.0;0.0;0.0;0.0;0.0;0.0;2.0;0.0;3.0;3.0;10.0;1.0;0;0;0;0;PALMAS;REGIÃO SUL;50
19020.0;2021-11-30;12.0;18.0;22.0;25.0;646.0;32.0;4.0;12.0;20.0;465.0;32.0;0.0;32.0;827.0;40.0;108.0;4;4;4;5;4;4;5;0;0;0;0;0;0;0;0;0;1;0;0;1;0;0;0;0.0;0.0;0.0;0.0;0.0;0.0;0.0;0.0;0.0;0.0;0.0;0.0;0.0;0.0;0.0;0.0;0.0;0.0;0.0;0.0;0.0;0.0;0.0;0.0;0.0;1.0;0.0;0.0;0.0;0.0;0.0;0.0;0.0;0.0;0.0;2.0;0.0;3.0;3.0;10.0;1.0;0;0;0;0;PALMAS;REGIÃO SUL;51
18848.0;2021-12-31;10.0;19.0;23.0;26.0;718.0;33.0;2.0;10.0;20.0;505.0;33.0;0.0;33.0;932.0;31.0;75.0;4;5;5;4;5;4;4;0;0;1;0;0;0;0;0;0;0;0;0;1;0;0;0;0.0;0.0;0.0;0.0;0.0;0.0;0.0;0.0;0.0;0.0;0.0;0.0;0.0;0.0;0.0;0.0;0.0;0.0;0.0;0.0;0.0;0.0;0.0;0.0;0.0;1.0;0.0;0.0;0.0;0.0;0.0;0.0;0.0;0.0;0.0;2.0;0.0;3.0;3.0;10.0;1.0;0;0;0;0;PALMAS;REGIÃO SUL;52
12834.0;2022-01-31;14.0;18.0;24.0;29.0;749.0;35.0;8.0;14.0;22.0;568.0;35.0;0.0;35.0;931.0;57.0;248.0;5;4;4;5;4;5;4;0;0;0;0;1;0;0;0;0;0;0;0;0;1;0;0;0.0;0.0;0.0;0.0;0.0;0.0;0.0;0.0;0.0;0.0;0.0;0.0;0.0;0.0;0.0;0.0;0.0;0.0;0.0;0.0;0.0;0.0;0.0;0.0;0.0;1.0;0.0;0.0;0.0;0.0;0.0;0.0;0.0;0.0;0.0;2.0;0.0;3.0;3.0;10.0;1.0;31;0;0;0;PALMAS;REGIÃO SUL;53
4088.0;2022-02-28;11.0;18.0;23.0;26.0;650.0;32.0;5.0;11.0;22.0;483.0;32.0;0.0;32.0;817.0;40.0;141.0;4;4;4;4;4;4;4;0;0;0;1;0;0;0;0;0;0;0;0;0;1;0;0;0.0;0.0;0.0;0.0;0.0;0.0;0.0;0.0;0.0;0.0;0.0;0.0;0.0;0.0;0.0;0.0;0.0;0.0;0.0;0.0;0.0;0.0;0.0;0.0;0.0;1.0;0.0;0.0;0.0;0.0;0.0;0.0;0.0;0.0;0.0;2.0;0.0;3.0;3.0;10.0;1.0;0;1;0;0;PALMAS;REGIÃO SUL;54
22816.0;2022-03-31;7.0;12.0;21.0;26.0;650.0;31.0;13.0;7.0;21.0;501.0;31.0;0.0;31.0;798.0;112.0;388.0;4;5;5;4;4;4;5;0;0;0;0;0;0;0;0;1;0;0;0;0;1;0;0;0.0;0.0;0.0;0.0;0.0;0.0;0.0;0.0;0.0;0.0;0.0;0.0;0.0;0.0;0.0;0.0;0.0;0.0;0.0;0.0;0.0;0.0;0.0;0.0;0.0;1.0;0.0;0.0;0.0;0.0;0.0;0.0;0.0;0.0;0.0;2.0;0.0;3.0;3.0;10.0;1.0;0;1;0;0;PALMAS;REGIÃO SUL;55
15600.0;2022-04-30;5.0;12.0;18.0;23.0;534.0;28.0;20.0;5.0;18.0;392.0;28.0;0.0;28.0;676.0;160.0;603.0;4;4;4;4;5;5;4;1;0;0;0;0;0;0;0;0;0;0;0;0;1;0;0;0.0;0.0;0.0;0.0;0.0;0.0;0.0;0.0;0.0;0.0;0.0;0.0;0.0;0.0;0.0;0.0;0.0;0.0;0.0;0.0;0.0;0.0;0.0;0.0;0.0;1.0;0.0;0.0;0.0;0.0;0.0;0.0;0.0;0.0;0.0;2.0;0.0;3.0;3.0;10.0;1.0;0;1;0;0;PALMAS;REGIÃO SUL;56
15593.0;2022-05-31;1.0;5.0;12.0;19.0;386.0;23.0;7.0;1.0;15.0;248.0;23.0;0.0;23.0;523.0;55.0;222.0;5;4;4;5;4;4;5;0;0;0;0;0;0;0;1;0;0;0;0;0;1;0;0;0.0;0.0;0.0;0.0;0.0;0.0;0.0;0.0;0.0;0.0;0.0;0.0;0.0;0.0;0.0;0.0;0.0;0.0;0.0;0.0;0.0;0.0;0.0;0.0;0.0;1.0;0.0;0.0;0.0;0.0;0.0;0.0;0.0;0.0;0.0;2.0;0.0;3.0;3.0;10.0;1.0;0;0;0;0;PALMAS;REGIÃO SUL;57
15570.0;2022-06-30;-2.0;4.0;12.0;17.0;360.0;22.0;8.0;-2.0;14.0;224.0;22.0;0.0;22.0;497.0;78.0;248.0;4;5;5;4;4;4;4;0;0;0;0;0;0;1;0;0;0;0;0;0;1;0;0;0.0;0.0;0.0;0.0;0.0;0.0;0.0;0.0;0.0;0.0;0.0;0.0;0.0;0.0;0.0;0.0;0.0;0.0;0.0;0.0;0.0;0.0;0.0;0.0;0.0;1.0;0.0;0.0;0.0;0.0;0.0;0.0;0.0;0.0;0.0;2.0;0.0;3.0;3.0;10.0;1.0;0;1;0;0;PALMAS;REGIÃO SUL;58
13857.0;2022-07-31;1.0;8.0;15.0;19.0;473.0;24.0;2.0;1.0;14.0;300.0;24.0;0.0;24.0;647.0;22.0;70.0;5;4;4;4;5;5;4;0;0;0;0;0;1;0;0;0;0;0;0;0;1;0;0;0.0;0.0;0.0;0.0;0.0;0.0;0.0;0.0;0.0;0.0;0.0;0.0;0.0;0.0;0.0;0.0;0.0;0.0;0.0;0.0;0.0;0.0;0.0;0.0;0.0;1.0;0.0;0.0;0.0;0.0;0.0;0.0;0.0;0.0;0.0;2.0;0.0;3.0;3.0;10.0;1.0;0;0;0;0;PALMAS;REGIÃO SUL;59
14384.0;2022-08-31;-2.0;4.0;13.0;19.0;405.0;25.0;9.0;-2.0;13.0;236.0;25.0;0.0;25.0;573.0;66.0;291.0;4;5;4;5;4;4;5;0;1;0;0;0;0;0;0;0;0;0;0;0;1;0;0;0.0;0.0;0.0;0.0;0.0;0.0;0.0;0.0;0.0;0.0;0.0;0.0;0.0;0.0;0.0;0.0;0.0;0.0;0.0;0.0;0.0;0.0;0.0;0.0;0.0;1.0;0.0;0.0;0.0;0.0;0.0;0.0;0.0;0.0;0.0;2.0;0.0;3.0;3.0;10.0;1.0;0;0;0;0;PALMAS;REGIÃO SUL;60
12750.0;2022-09-30;1.0;8.0;13.0;21.0;393.0;26.0;8.0;1.0;17.0;242.0;26.0;0.0;26.0;544.0;42.0;226.0;4;4;5;4;5;4;4;0;0;0;0;0;0;0;0;0;0;0;1;0;1;0;0;0.0;0.0;0.0;0.0;0.0;0.0;0.0;0.0;0.0;0.0;0.0;0.0;0.0;0.0;0.0;0.0;0.0;0.0;0.0;0.0;0.0;0.0;0.0;0.0;0.0;1.0;0.0;0.0;0.0;0.0;0.0;0.0;0.0;0.0;0.0;2.0;0.0;3.0;3.0;10.0;1.0;0;0;0;0;PALMAS;REGIÃO SUL;61
13609.0;2022-10-31;6.0;12.0;16.0;21.0;503.0;28.0;13.0;6.0;15.0;352.0;28.0;0.0;28.0;653.0;108.0;398.0;5;4;4;5;4;5;4;0;0;0;0;0;0;0;0;0;0;1;0;0;1;0;0;0.0;0.0;0.0;0.0;0.0;0.0;0.0;0.0;0.0;0.0;0.0;0.0;0.0;0.0;0.0;0.0;0.0;0.0;0.0;0.0;0.0;0.0;0.0;0.0;0.0;1.0;0.0;0.0;0.0;0.0;0.0;0.0;0.0;0.0;0.0;2.0;0.0;3.0;3.0;10.0;1.0;0;0;0;0;PALMAS;REGIÃO SUL;62
14340.0;2022-11-30;2.0;8.0;17.0;21.0;506.0;28.0;5.0;2.0;16.0;312.0;28.0;0.0;28.0;699.0;43.0;145.0;4;5;4;4;4;4;5;0;0;0;0;0;0;0;0;0;1;0;0;0;1;0;0;0.0;0.0;0.0;0.0;0.0;0.0;0.0;0.0;0.0;0.0;0.0;0.0;0.0;0.0;0.0;0.0;0.0;0.0;0.0;0.0;0.0;0.0;0.0;0.0;0.0;1.0;0.0;0.0;0.0;0.0;0.0;0.0;0.0;0.0;0.0;2.0;0.0;3.0;3.0;10.0;1.0;0;0;0;0;PALMAS;REGIÃO SUL;63
12493.0;2022-12-31;10.0;17.0;21.0;25.0;641.0;31.0;3.0;10.0;19.0;458.0;31.0;0.0;31.0;825.0;26.0;104.0;4;4;5;4;5;5;4;0;0;1;0;0;0;0;0;0;0;0;0;0;1;0;0;0.0;0.0;0.0;0.0;0.0;0.0;0.0;0.0;0.0;0.0;0.0;0.0;0.0;0.0;0.0;0.0;0.0;0.0;0.0;0.0;0.0;0.0;0.0;0.0;0.0;1.0;0.0;0.0;0.0;0.0;0.0;0.0;0.0;0.0;0.0;2.0;0.0;3.0;3.0;10.0;1.0;0;0;0;0;PALMAS;REGIÃO SUL;64
10261.0;2023-01-31;11.0;18.0;21.0;25.0;653.0;30.0;7.0;11.0;19.0;481.0;30.0;0.0;30.0;826.0;46.0;229.0;5;4;4;5;4;4;5;0;0;0;0;1;0;0;0;0;0;0;0;0;0;1;0;0.0;0.0;0.0;0.0;0.0;0.0;0.0;0.0;0.0;0.0;0.0;0.0;0.0;0.0;0.0;0.0;0.0;0.0;0.0;0.0;0.0;0.0;0.0;0.0;0.0;1.0;0.0;0.0;0.0;0.0;0.0;0.0;0.0;0.0;0.0;2.0;0.0;3.0;3.0;10.0;1.0;31;0;0;0;PALMAS;REGIÃO SUL;65
13552.0;2023-02-28;7.0;13.0;20.0;23.0;550.0;29.0;7.0;7.0;17.0;410.0;29.0;0.0;29.0;691.0;41.0;184.0;4;4;4;4;4;4;4;0;0;0;1;0;0;0;0;0;0;0;0;0;0;1;0;0.0;0.0;0.0;0.0;0.0;0.0;0.0;0.0;0.0;0.0;0.0;0.0;0.0;0.0;0.0;0.0;0.0;0.0;0.0;0.0;0.0;0.0;0.0;0.0;0.0;1.0;0.0;0.0;0.0;0.0;0.0;0.0;0.0;0.0;0.0;2.0;0.0;3.0;3.0;10.0;2.0;0;3;0;0;PALMAS;REGIÃO SUL;66
15345.0;2023-03-31;11.0;18.0;21.0;23.0;646.0;29.0;4.0;11.0;20.0;489.0;29.0;0.0;29.0;802.0;22.0;131.0;4;5;5;4;5;4;4;0;0;0;0;0;0;0;0;1;0;0;0;0;0;1;0;0.0;0.0;0.0;0.0;0.0;0.0;0.0;0.0;0.0;0.0;0.0;0.0;0.0;0.0;0.0;0.0;0.0;0.0;0.0;0.0;0.0;0.0;0.0;0.0;0.0;1.0;0.0;0.0;0.0;0.0;0.0;0.0;0.0;0.0;0.0;2.0;0.0;3.0;3.0;10.0;2.0;0;0;0;0;PALMAS;REGIÃO SUL;67
14490.0;2023-04-30;4.0;10.0;17.0;20.0;498.0;27.0;4.0;4.0;15.0;342.0;27.0;0.0;27.0;653.0;61.0;125.0;5;4;4;4;4;5;4;1;0;0;0;0;0;0;0;0;0;0;0;0;0;1;0;0.0;0.0;0.0;0.0;0.0;0.0;0.0;0.0;0.0;0.0;0.0;0.0;0.0;0.0;0.0;0.0;0.0;0.0;0.0;0.0;0.0;0.0;0.0;0.0;0.0;1.0;0.0;0.0;0.0;0.0;0.0;0.0;0.0;0.0;0.0;2.0;0.0;3.0;3.0;10.0;2.0;0;1;0;0;PALMAS;REGIÃO SUL;68
16957.0;2023-05-31;5.0;10.0;16.0;20.0;486.0;24.0;4.0;5.0;17.0;330.0;24.0;0.0;24.0;641.0;28.0;130.0;4;5;4;5;4;4;5;0;0;0;0;0;0;0;1;0;0;0;0;0;0;1;0;0.0;0.0;0.0;0.0;0.0;0.0;0.0;0.0;0.0;0.0;0.0;0.0;0.0;0.0;0.0;0.0;0.0;0.0;0.0;0.0;0.0;0.0;0.0;0.0;0.0;1.0;0.0;0.0;0.0;0.0;0.0;0.0;0.0;0.0;0.0;2.0;0.0;3.0;3.0;10.0;2.0;0;0;0;0;PALMAS;REGIÃO SUL;69
16650.0;2023-06-30;2.0;6.0;14.0;17.0;410.0;23.0;4.0;2.0;14.0;273.0;23.0;0.0;23.0;548.0;64.0;113.0;4;4;5;4;5;4;4;0;0;0;0;0;0;1;0;0;0;0;0;0;0;1;0;0.0;0.0;0.0;0.0;0.0;0.0;0.0;0.0;0.0;0.0;0.0;0.0;0.0;0.0;0.0;0.0;0.0;0.0;0.0;0.0;0.0;0.0;0.0;0.0;0.0;1.0;0.0;0.0;0.0;0.0;0.0;0.0;0.0;0.0;0.0;2.0;0.0;3.0;3.0;10.0;2.0;0;1;0;0;PALMAS;REGIÃO SUL;70
21173.0;2023-07-31;2.0;6.0;14.0;19.0;441.0;23.0;5.0;2.0;15.0;306.0;23.0;0.0;23.0;575.0;61.0;157.0;5;4;4;5;4;5;4;0;0;0;0;0;1;0;0;0;0;0;0;0;0;1;0;0.0;0.0;0.0;0.0;0.0;0.0;0.0;0.0;0.0;0.0;0.0;0.0;0.0;0.0;0.0;0.0;0.0;0.0;0.0;0.0;0.0;0.0;0.0;0.0;0.0;1.0;0.0;0.0;0.0;0.0;0.0;0.0;0.0;0.0;0.0;2.0;0.0;3.0;3.0;10.0;2.0;15;0;0;0;PALMAS;REGIÃO SUL;71
21948.0;2023-08-31;0.0;8.0;16.0;23.0;481.0;28.0;8.0;0.0;17.0;315.0;28.0;0.0;28.0;648.0;79.0;235.0;4;5;5;4;4;4;5;0;1;0;0;0;0;0;0;0;0;0;0;0;0;1;0;0.0;0.0;0.0;0.0;0.0;0.0;0.0;0.0;0.0;0.0;0.0;0.0;0.0;0.0;0.0;0.0;0.0;0.0;0.0;0.0;0.0;0.0;0.0;0.0;0.0;1.0;0.0;0.0;0.0;0.0;0.0;0.0;0.0;0.0;0.0;2.0;0.0;3.0;3.0;10.0;2.0;0;0;0;0;PALMAS;REGIÃO SUL;72
11910.0;2023-09-30;4.0;10.0;18.0;25.0;546.0;31.0;7.0;4.0;19.0;397.0;31.0;0.0;31.0;696.0;48.0;212.0;4;4;4;4;5;5;4;0;0;0;0;0;0;0;0;0;0;0;1;0;0;1;0;0.0;0.0;0.0;0.0;0.0;0.0;0.0;0.0;0.0;0.0;0.0;0.0;0.0;0.0;0.0;0.0;0.0;0.0;0.0;0.0;0.0;0.0;0.0;0.0;0.0;1.0;0.0;0.0;0.0;0.0;0.0;0.0;0.0;0.0;0.0;2.0;0.0;3.0;3.0;10.0;2.0;0;0;0;0;PALMAS;REGIÃO SUL;73
11284.0;2023-10-31;8.0;11.0;17.0;20.0;534.0;27.0;17.0;8.0;16.0;406.0;27.0;0.0;27.0;663.0;121.0;542.0;5;4;4;5;4;4;5;0;0;0;0;0;0;0;0;0;0;1;0;0;0;1;0;0.0;0.0;0.0;0.0;0.0;0.0;0.0;0.0;0.0;0.0;0.0;0.0;0.0;0.0;0.0;0.0;0.0;0.0;0.0;0.0;0.0;0.0;0.0;0.0;0.0;1.0;0.0;0.0;0.0;0.0;0.0;0.0;0.0;0.0;0.0;2.0;0.0;3.0;3.0;10.0;2.0;0;0;0;0;PALMAS;REGIÃO SUL;74
12210.0;2023-11-30;5.0;11.0;19.0;25.0;579.0;31.0;13.0;5.0;19.0;444.0;31.0;0.0;31.0;715.0;75.0;380.0;4;5;5;4;4;4;4;0;0;0;0;0;0;0;0;0;1;0;0;0;0;1;0;0.0;0.0;0.0;0.0;0.0;0.0;0.0;0.0;0.0;0.0;0.0;0.0;0.0;0.0;0.0;0.0;0.0;0.0;0.0;0.0;0.0;0.0;0.0;0.0;0.0;1.0;0.0;0.0;0.0;0.0;0.0;0.0;0.0;0.0;0.0;2.0;0.0;3.0;3.0;10.0;2.0;0;0;0;0;PALMAS;REGIÃO SUL;75
9579.0;2023-12-31;13.0;16.0;21.0;26.0;664.0;33.0;5.0;13.0;21.0;510.0;33.0;0.0;33.0;817.0;31.0;152.0;5;4;4;4;5;5;4;0;0;1;0;0;0;0;0;0;0;0;0;0;0;1;0;0.0;0.0;0.0;0.0;0.0;0.0;0.0;0.0;0.0;0.0;0.0;0.0;0.0;0.0;0.0;0.0;0.0;0.0;0.0;0.0;0.0;0.0;0.0;0.0;0.0;1.0;0.0;0.0;0.0;0.0;0.0;0.0;0.0;0.0;0.0;2.0;0.0;3.0;3.0;10.0;2.0;0;0;0;0;PALMAS;REGIÃO SUL;76
8215.0;2024-01-31;11.0;17.0;21.0;24.0;653.0;30.0;3.0;11.0;20.0;497.0;30.0;0.0;30.0;809.0;28.0;102.0;4;5;4;5;4;4;5;0;0;0;0;1;0;0;0;0;0;0;0;0;0;0;1;0.0;0.0;0.0;0.0;0.0;0.0;0.0;0.0;0.0;0.0;0.0;0.0;0.0;0.0;0.0;0.0;0.0;0.0;0.0;0.0;0.0;0.0;0.0;0.0;0.0;1.0;0.0;0.0;0.0;0.0;0.0;0.0;0.0;0.0;0.0;2.0;0.0;3.0;3.0;10.0;2.0;31;0;0;0;PALMAS;REGIÃO SUL;77
16385.0;2024-02-29;15.0;17.0;22.0;24.0;631.0;30.0;4.0;15.0;19.0;487.0;30.0;0.0;30.0;775.0;32.0;128.0;4;4;5;4;4;4;4;0;0;0;1;0;0;0;0;0;0;0;0;0;0;0;1;0.0;0.0;0.0;0.0;0.0;0.0;0.0;0.0;0.0;0.0;0.0;0.0;0.0;0.0;0.0;0.0;0.0;0.0;0.0;0.0;0.0;0.0;0.0;0.0;0.0;1.0;0.0;0.0;0.0;0.0;0.0;0.0;0.0;0.0;0.0;2.3793103448275863;0.0;3.0;3.0;10.0;2.4827586206896552;0;3;0;0;PALMAS;REGIÃO SUL;78
19189.0;2024-03-31;12.0;17.0;21.0;24.0;656.0;31.0;5.0;12.0;19.0;505.0;31.0;0.0;31.0;807.0;44.0;168.0;5;4;4;4;5;5;4;0;0;0;0;0;0;0;0;1;0;0;0;0;0;0;1;0.0;0.0;0.0;0.0;0.0;0.0;0.0;0.0;0.0;0.0;0.0;0.0;0.0;0.0;0.0;0.0;0.0;0.0;0.0;0.0;0.0;0.0;0.0;0.0;0.0;1.0;0.0;0.0;0.0;0.0;0.0;0.0;0.0;0.0;0.0;3.0;0.0;3.0;3.0;10.0;3.0;0;1;0;0;PALMAS;REGIÃO SUL;79
13710.0;2024-04-30;8.0;14.0;19.0;23.0;574.0;29.0;3.0;8.0;19.0;446.0;29.0;0.0;29.0;701.0;41.0;96.0;4;4;4;5;4;4;5;1;0;0;0;0;0;0;0;0;0;0;0;0;0;0;1;0.0;0.0;0.0;0.0;0.0;0.0;0.0;0.0;0.0;0.0;0.0;0.0;0.0;0.0;0.0;0.0;0.0;0.0;0.0;0.0;0.0;0.0;0.0;0.0;0.0;1.0;0.0;0.0;0.0;0.0;0.0;0.0;0.0;0.0;0.0;3.0;0.0;3.0;3.0;10.0;3.0;0;0;0;0;PALMAS;REGIÃO SUL;80
14229.0;2024-05-31;2.0;6.0;15.0;22.0;467.0;27.0;7.0;2.0;18.0;338.0;27.0;0.0;27.0;595.0;62.0;220.0;4;5;5;4;5;4;4;0;0;0;0;0;0;0;1;0;0;0;0;0;0;0;1;0.0;0.0;0.0;0.0;0.0;0.0;0.0;0.0;0.0;0.0;0.0;0.0;0.0;0.0;0.0;0.0;0.0;0.0;0.0;0.0;0.0;0.0;0.0;0.0;0.0;1.0;0.0;0.0;0.0;0.0;0.0;0.0;0.0;0.0;0.0;3.0;0.0;3.0;3.0;10.0;3.0;0;1;0;30;PALMAS;REGIÃO SUL;81
14250.0;2024-06-30;-2.0;5.0;16.0;20.0;472.0;25.0;4.0;-2.0;16.0;335.0;25.0;0.0;25.0;609.0;43.0;108.0;5;4;4;4;4;5;4;0;0;0;0;0;0;1;0;0;0;0;0;0;0;0;1;0.0;0.0;0.0;0.0;0.0;0.0;0.0;0.0;0.0;0.0;0.0;0.0;0.0;0.0;0.0;0.0;0.0;0.0;0.0;0.0;0.0;0.0;0.0;0.0;0.0;1.0;0.0;0.0;0.0;0.0;0.0;0.0;0.0;0.0;0.0;3.0;0.0;3.0;3.0;10.0;3.0;0;0;0;30;PALMAS;REGIÃO SUL;82
21018.0;2024-07-31;-1.0;5.0;12.0;18.0;380.0;24.0;7.0;-1.0;13.0;240.0;24.0;0.0;24.0;520.0;62.0;217.0;4;5;4;5;4;4;5;0;0;0;0;0;1;0;0;0;0;0;0;0;0;0;1;0.0;0.0;0.0;0.0;0.0;0.0;0.0;0.0;0.0;0.0;0.0;0.0;0.0;0.0;0.0;0.0;0.0;0.0;0.0;0.0;0.0;0.0;0.0;0.0;0.0;1.0;0.0;0.0;0.0;0.0;0.0;0.0;0.0;0.0;0.0;3.0;0.0;3.0;3.0;10.0;3.0;12;0;0;0;PALMAS;REGIÃO SUL;83
22475.0;2024-08-31;-3.0;5.0;15.0;22.0;456.0;29.0;2.0;-3.0;17.0;273.0;29.0;0.0;29.0;639.0;28.0;48.0;4;4;5;4;5;5;4;0;1;0;0;0;0;0;0;0;0;0;0;0;0;0;1;0.0;0.0;0.0;0.0;0.0;0.0;0.0;0.0;0.0;0.0;0.0;0.0;0.0;0.0;0.0;0.0;0.0;0.0;0.0;0.0;0.0;0.0;0.0;0.0;0.0;1.0;0.0;0.0;0.0;0.0;0.0;0.0;0.0;0.0;0.0;3.0;0.0;3.0;3.0;10.0;3.0;0;0;0;0;PALMAS;REGIÃO SUL;84
21240.0;2024-09-30;6.0;12.0;19.0;25.0;563.0;31.0;3.0;6.0;19.0;390.0;31.0;0.0;31.0;735.0;19.0;76.0;5;4;4;5;4;4;4;0;0;0;0;0;0;0;0;0;0;0;1;0;0;0;1;0.0;0.0;0.0;0.0;0.0;0.0;0.0;0.0;0.0;0.0;0.0;0.0;0.0;0.0;0.0;0.0;0.0;0.0;0.0;0.0;0.0;0.0;0.0;0.0;0.0;1.0;0.0;0.0;0.0;0.0;0.0;0.0;0.0;0.0;0.0;3.0;0.0;3.0;3.0;10.0;3.0;0;0;0;0;PALMAS;REGIÃO SUL;85
21173.0;2024-10-31;8.0;14.0;19.0;23.0;576.0;30.0;5.0;8.0;19.0;420.0;30.0;0.0;30.0;732.0;73.0;149.0;4;5;5;4;4;4;5;0;0;0;0;0;0;0;0;0;0;1;0;0;0;0;1;0.0;0.0;0.0;0.0;0.0;0.0;0.0;0.0;0.0;0.0;0.0;0.0;0.0;0.0;0.0;0.0;0.0;0.0;0.0;0.0;0.0;0.0;0.0;0.0;0.0;1.0;0.0;0.0;0.0;0.0;0.0;0.0;0.0;0.0;0.0;3.0;0.0;3.0;3.0;10.0;3.0;0;0;0;0;PALMAS;REGIÃO SUL;86
22368.0;2014-01-31;21.0;25.0;25.0;25.0;778.0;29.0;8.0;21.0;21.0;661.0;29.0;8.0;29.0;896.0;8.0;233.0;4;5;5;4;5;4;4;0;0;0;0;1;0;0;0;0;0;0;0;0;0;0;0;0.0;0.0;0.0;0.0;0.0;0.0;1.0;0.0;0.0;0.0;0.0;0.0;0.0;0.0;0.0;0.0;0.0;0.0;0.0;0.0;0.0;0.0;0.0;0.0;0.0;0.0;1.0;0.0;0.0;0.0;0.0;0.0;0.0;0.0;0.0;4.0;1.0;0.0;0.0;3.0;1.0;31;0;0;0;PARANAGUÁ;REGIÃO LESTE;1
32524.0;2014-02-28;21.0;25.0;25.0;25.0;691.0;28.0;6.0;21.0;21.0;587.0;28.0;6.0;28.0;795.0;6.0;181.0;4;4;4;4;4;4;4;0;0;0;1;0;0;0;0;0;0;0;0;0;0;0;0;0.0;0.0;0.0;0.0;0.0;0.0;1.0;0.0;0.0;0.0;0.0;0.0;0.0;0.0;0.0;0.0;0.0;0.0;0.0;0.0;0.0;0.0;0.0;0.0;0.0;0.0;1.0;0.0;0.0;0.0;0.0;0.0;0.0;0.0;0.0;4.857142857142857;1.0;0.0;0.0;3.0;1.0;0;0;0;0;PARANAGUÁ;REGIÃO LESTE;2
35080.0;2014-03-31;21.0;24.0;24.0;24.0;749.0;28.0;5.0;21.0;21.0;640.0;28.0;5.0;28.0;858.0;5.0;165.0;5;4;4;5;4;5;4;0;0;0;0;0;0;0;0;1;0;0;0;0;0;0;0;0.0;0.0;0.0;0.0;0.0;0.0;1.0;0.0;0.0;0.0;0.0;0.0;0.0;0.0;0.0;0.0;0.0;0.0;0.0;0.0;0.0;0.0;0.0;0.0;0.0;0.0;1.0;0.0;0.0;0.0;0.0;0.0;0.0;0.0;0.0;5.0;1.0;0.0;0.0;3.0;1.0;0;3;0;0;PARANAGUÁ;REGIÃO LESTE;3
28028.0;2014-04-30;18.0;22.0;22.0;22.0;664.0;26.0;3.0;18.0;18.0;555.0;26.0;3.0;26.0;772.0;3.0;92.0;4;5;4;4;4;4;5;1;0;0;0;0;0;0;0;0;0;0;0;0;0;0;0;0.0;0.0;0.0;0.0;0.0;0.0;1.0;0.0;0.0;0.0;0.0;0.0;0.0;0.0;0.0;0.0;0.0;0.0;0.0;0.0;0.0;0.0;0.0;0.0;0.0;0.0;1.0;0.0;0.0;0.0;0.0;0.0;0.0;0.0;0.0;5.0;1.0;0.0;0.0;3.0;1.0;0;1;0;0;PARANAGUÁ;REGIÃO LESTE;4
27292.0;2014-05-31;16.0;19.0;19.0;19.0;604.0;23.0;4.0;16.0;16.0;496.0;23.0;4.0;23.0;711.0;4.0;113.0;4;4;5;4;5;5;4;0;0;0;0;0;0;0;1;0;0;0;0;0;0;0;0;0.0;0.0;0.0;0.0;0.0;0.0;1.0;0.0;0.0;0.0;0.0;0.0;0.0;0.0;0.0;0.0;0.0;0.0;0.0;0.0;0.0;0.0;0.0;0.0;0.0;0.0;1.0;0.0;0.0;0.0;0.0;0.0;0.0;0.0;0.0;5.0;1.0;0.0;0.0;3.0;1.0;0;0;0;0;PARANAGUÁ;REGIÃO LESTE;5
22079.0;2014-06-30;14.0;18.0;18.0;18.0;543.0;22.0;4.0;14.0;14.0;429.0;22.0;4.0;22.0;656.0;4.0;108.0;5;4;4;5;4;4;4;0;0;0;0;0;0;1;0;0;0;0;0;0;0;0;0;0.0;0.0;0.0;0.0;0.0;0.0;1.0;0.0;0.0;0.0;0.0;0.0;0.0;0.0;0.0;0.0;0.0;0.0;0.0;0.0;0.0;0.0;0.0;0.0;0.0;0.0;1.0;0.0;0.0;0.0;0.0;0.0;0.0;0.0;0.0;5.0;1.0;0.0;0.0;3.0;1.0;0;1;0;0;PARANAGUÁ;REGIÃO LESTE;6
19248.0;2014-07-31;13.0;17.0;17.0;17.0;532.0;21.0;2.0;13.0;13.0;404.0;21.0;2.0;21.0;659.0;2.0;74.0;4;5;5;4;4;4;5;0;0;0;0;0;1;0;0;0;0;0;0;0;0;0;0;0.0;0.0;0.0;0.0;0.0;0.0;1.0;0.0;0.0;0.0;0.0;0.0;0.0;0.0;0.0;0.0;0.0;0.0;0.0;0.0;0.0;0.0;0.0;0.0;0.0;0.0;1.0;0.0;0.0;0.0;0.0;0.0;0.0;0.0;0.0;5.0;1.0;0.0;0.0;3.0;1.0;19;0;0;0;PARANAGUÁ;REGIÃO LESTE;7
23674.0;2014-08-31;14.0;18.0;18.0;18.0;549.0;22.0;4.0;14.0;14.0;427.0;22.0;4.0;22.0;672.0;4.0;122.0;5;4;4;4;5;5;4;0;1;0;0;0;0;0;0;0;0;0;0;0;0;0;0;0.0;0.0;0.0;0.0;0.0;0.0;1.0;0.0;0.0;0.0;0.0;0.0;0.0;0.0;0.0;0.0;0.0;0.0;0.0;0.0;0.0;0.0;0.0;0.0;0.0;0.0;1.0;0.0;0.0;0.0;0.0;0.0;0.0;0.0;0.0;5.0;1.0;0.0;0.0;3.0;1.0;0;0;0;0;PARANAGUÁ;REGIÃO LESTE;8
25195.0;2014-09-30;16.0;20.0;20.0;20.0;591.0;23.0;4.0;16.0;16.0;476.0;23.0;4.0;23.0;705.0;4.0;108.0;4;4;4;5;4;4;5;0;0;0;0;0;0;0;0;0;0;0;1;0;0;0;0;0.0;0.0;0.0;0.0;0.0;0.0;1.0;0.0;0.0;0.0;0.0;0.0;0.0;0.0;0.0;0.0;0.0;0.0;0.0;0.0;0.0;0.0;0.0;0.0;0.0;0.0;1.0;0.0;0.0;0.0;0.0;0.0;0.0;0.0;0.0;5.0;1.0;0.0;0.0;3.0;1.0;0;0;0;0;PARANAGUÁ;REGIÃO LESTE;9
28529.0;2014-10-31;17.0;20.0;20.0;20.0;633.0;24.0;7.0;17.0;17.0;533.0;24.0;7.0;24.0;732.0;7.0;204.0;4;5;5;4;5;4;4;0;0;0;0;0;0;0;0;0;0;1;0;0;0;0;0;0.0;0.0;0.0;0.0;0.0;0.0;1.0;0.0;0.0;0.0;0.0;0.0;0.0;0.0;0.0;0.0;0.0;0.0;0.0;0.0;0.0;0.0;0.0;0.0;0.0;0.0;1.0;0.0;0.0;0.0;0.0;0.0;0.0;0.0;0.0;5.0;1.0;0.0;0.0;3.0;1.0;0;0;0;0;PARANAGUÁ;REGIÃO LESTE;10
32602.0;2014-11-30;18.0;21.0;21.0;21.0;641.0;25.0;4.0;18.0;18.0;538.0;25.0;4.0;25.0;743.0;4.0;109.0;5;4;4;4;4;5;4;0;0;0;0;0;0;0;0;0;1;0;0;0;0;0;0;0.0;0.0;0.0;0.0;0.0;0.0;1.0;0.0;0.0;0.0;0.0;0.0;0.0;0.0;0.0;0.0;0.0;0.0;0.0;0.0;0.0;0.0;0.0;0.0;0.0;0.0;1.0;0.0;0.0;0.0;0.0;0.0;0.0;0.0;0.0;5.0;1.0;0.0;0.0;3.0;1.0;0;0;0;0;PARANAGUÁ;REGIÃO LESTE;11
27332.0;2014-12-31;20.0;24.0;24.0;24.0;741.0;28.0;5.0;20.0;20.0;626.0;28.0;5.0;28.0;855.0;5.0;140.0;4;5;4;5;4;4;5;0;0;1;0;0;0;0;0;0;0;0;0;0;0;0;0;0.0;0.0;0.0;0.0;0.0;0.0;1.0;0.0;0.0;0.0;0.0;0.0;0.0;0.0;0.0;0.0;0.0;0.0;0.0;0.0;0.0;0.0;0.0;0.0;0.0;0.0;1.0;0.0;0.0;0.0;0.0;0.0;0.0;0.0;0.0;4.483870967741935;1.0;0.7741935483870968;0.0;3.0;1.0;0;0;0;0;PARANAGUÁ;REGIÃO LESTE;12
20537.0;2015-01-31;19.0;22.0;26.0;30.0;813.0;36.0;9.0;19.0;25.0;681.0;36.0;0.0;36.0;944.0;52.0;266.0;4;4;5;4;5;5;4;0;0;0;0;1;0;0;0;0;0;0;0;0;0;0;0;1.0;0.0;0.0;0.0;0.0;0.0;0.0;0.0;0.0;0.0;0.0;0.0;0.0;0.0;0.0;0.0;0.0;0.0;0.0;0.0;0.0;0.0;0.0;0.0;0.0;0.0;1.0;0.0;0.0;0.0;0.0;0.0;0.0;0.0;0.0;4.0;1.0;1.0;0.0;3.0;1.0;31;0;0;0;PARANAGUÁ;REGIÃO LESTE;13
30320.0;2015-02-28;19.0;21.0;25.0;29.0;702.0;35.0;13.0;19.0;24.0;599.0;35.0;0.0;35.0;804.0;78.0;357.0;4;4;4;4;4;4;4;0;0;0;1;0;0;0;0;0;0;0;0;0;0;0;0;1.0;0.0;0.0;0.0;0.0;0.0;0.0;0.0;0.0;0.0;0.0;0.0;0.0;0.0;0.0;0.0;0.0;0.0;0.0;0.0;0.0;0.0;0.0;0.0;0.0;0.0;1.0;0.0;0.0;0.0;0.0;0.0;0.0;0.0;0.0;4.0;1.0;1.0;0.0;3.0;1.0;0;3;0;0;PARANAGUÁ;REGIÃO LESTE;14
39422.0;2015-03-31;18.0;21.0;24.0;26.0;738.0;30.0;6.0;18.0;23.0;637.0;30.0;0.0;30.0;839.0;62.0;180.0;5;4;4;5;4;4;5;0;0;0;0;0;0;0;0;1;0;0;0;0;0;0;0;1.0;0.0;0.0;0.0;0.0;0.0;0.0;0.0;0.0;0.0;0.0;0.0;0.0;0.0;0.0;0.0;0.0;0.0;0.0;0.0;0.0;0.0;0.0;0.0;0.0;0.0;1.0;0.0;0.0;0.0;0.0;0.0;0.0;0.0;0.0;4.0;1.0;1.0;0.0;3.0;1.0;0;0;0;0;PARANAGUÁ;REGIÃO LESTE;15
29196.0;2015-04-30;15.0;18.0;22.0;25.0;655.0;29.0;3.0;15.0;22.0;552.0;29.0;0.0;29.0;757.0;35.0;84.0;4;5;5;4;4;4;4;1;0;0;0;0;0;0;0;0;0;0;0;0;0;0;0;1.0;0.0;0.0;0.0;0.0;0.0;0.0;0.0;0.0;0.0;0.0;0.0;0.0;0.0;0.0;0.0;0.0;0.0;0.0;0.0;0.0;0.0;0.0;0.0;0.0;0.0;1.0;0.0;0.0;0.0;0.0;0.0;0.0;0.0;0.0;4.0;1.0;1.0;0.0;3.0;1.0;0;1;0;0;PARANAGUÁ;REGIÃO LESTE;16
26527.0;2015-05-31;12.0;15.0;20.0;23.0;610.0;28.0;4.0;12.0;21.0;520.0;28.0;0.0;28.0;700.0;60.0;136.0;5;4;4;4;5;5;4;0;0;0;0;0;0;0;1;0;0;0;0;0;0;0;0;1.0;0.0;0.0;0.0;0.0;0.0;0.0;0.0;0.0;0.0;0.0;0.0;0.0;0.0;0.0;0.0;0.0;0.0;0.0;0.0;0.0;0.0;0.0;0.0;0.0;0.0;1.0;0.0;0.0;0.0;0.0;0.0;0.0;0.0;0.0;4.0;1.0;1.0;0.0;3.0;1.0;0;0;0;0;PARANAGUÁ;REGIÃO LESTE;17
23423.0;2015-06-30;7.0;13.0;18.0;23.0;552.0;29.0;1.0;7.0;17.0;422.0;29.0;0.0;29.0;682.0;8.0;18.0;4;4;4;5;4;4;5;0;0;0;0;0;0;1;0;0;0;0;0;0;0;0;0;1.0;0.0;0.0;0.0;0.0;0.0;0.0;0.0;0.0;0.0;0.0;0.0;0.0;0.0;0.0;0.0;0.0;0.0;0.0;0.0;0.0;0.0;0.0;0.0;0.0;0.0;1.0;0.0;0.0;0.0;0.0;0.0;0.0;0.0;0.0;4.0;1.0;1.0;0.0;3.0;1.0;0;1;0;0;PARANAGUÁ;REGIÃO LESTE;18
16285.0;2015-07-31;10.0;13.0;18.0;23.0;560.0;29.0;7.0;10.0;18.0;455.0;29.0;0.0;29.0;666.0;64.0;210.0;4;5;5;4;5;4;4;0;0;0;0;0;1;0;0;0;0;0;0;0;0;0;0;1.0;0.0;0.0;0.0;0.0;0.0;0.0;0.0;0.0;0.0;0.0;0.0;0.0;0.0;0.0;0.0;0.0;0.0;0.0;0.0;0.0;0.0;0.0;0.0;0.0;0.0;1.0;0.0;0.0;0.0;0.0;0.0;0.0;0.0;0.0;4.0;1.0;1.0;0.0;3.0;1.0;15;0;0;3;PARANAGUÁ;REGIÃO LESTE;19
15491.0;2015-08-31;12.0;16.0;20.0;23.0;627.0;31.0;2.0;12.0;19.0;492.0;31.0;0.0;31.0;761.0;29.0;54.0;5;4;4;5;4;5;4;0;1;0;0;0;0;0;0;0;0;0;0;0;0;0;0;1.0;0.0;0.0;0.0;0.0;0.0;0.0;0.0;0.0;0.0;0.0;0.0;0.0;0.0;0.0;0.0;0.0;0.0;0.0;0.0;0.0;0.0;0.0;0.0;0.0;0.0;1.0;0.0;0.0;0.0;0.0;0.0;0.0;0.0;0.0;4.0;1.0;1.0;0.0;3.0;1.0;0;0;0;31;PARANAGUÁ;REGIÃO LESTE;20
18394.0;2015-09-30;11.0;15.0;21.0;26.0;621.0;35.0;5.0;11.0;21.0;510.0;35.0;0.0;35.0;733.0;34.0;150.0;4;5;4;4;4;4;5;0;0;0;0;0;0;0;0;0;0;0;1;0;0;0;0;1.0;0.0;0.0;0.0;0.0;0.0;0.0;0.0;0.0;0.0;0.0;0.0;0.0;0.0;0.0;0.0;0.0;0.0;0.0;0.0;0.0;0.0;0.0;0.0;0.0;0.0;1.0;0.0;0.0;0.0;0.0;0.0;0.0;0.0;0.0;4.0;1.0;1.0;0.0;3.0;1.0;0;0;0;30;PARANAGUÁ;REGIÃO LESTE;21
22592.0;2015-10-31;14.0;16.0;21.0;26.0;639.0;32.0;9.0;14.0;21.0;553.0;32.0;0.0;32.0;726.0;44.0;264.0;4;4;5;4;5;5;4;0;0;0;0;0;0;0;0;0;0;1;0;0;0;0;0;1.0;0.0;0.0;0.0;0.0;0.0;0.0;0.0;0.0;0.0;0.0;0.0;0.0;0.0;0.0;0.0;0.0;0.0;0.0;0.0;0.0;0.0;0.0;0.0;0.0;0.0;1.0;0.0;0.0;0.0;0.0;0.0;0.0;0.0;0.0;4.0;1.0;1.0;0.0;3.0;1.0;0;0;0;7;PARANAGUÁ;REGIÃO LESTE;22
24628.0;2015-11-30;16.0;18.0;22.0;27.0;659.0;34.0;5.0;16.0;22.0;573.0;34.0;0.0;34.0;745.0;40.0;156.0;5;4;4;5;4;4;4;0;0;0;0;0;0;0;0;0;1;0;0;0;0;0;0;1.0;0.0;0.0;0.0;0.0;0.0;0.0;0.0;0.0;0.0;0.0;0.0;0.0;0.0;0.0;0.0;0.0;0.0;0.0;0.0;0.0;0.0;0.0;0.0;0.0;0.0;1.0;0.0;0.0;0.0;0.0;0.0;0.0;0.0;0.0;4.0;1.0;1.0;0.0;3.0;1.0;0;0;0;0;PARANAGUÁ;REGIÃO LESTE;23
25462.0;2015-12-31;16.0;19.0;25.0;30.0;773.0;34.0;7.0;16.0;26.0;659.0;34.0;0.0;34.0;886.0;52.0;230.0;4;5;5;4;4;4;5;0;0;1;0;0;0;0;0;0;0;0;0;0;0;0;0;1.0;0.0;0.0;0.0;0.0;0.0;0.0;0.0;0.0;0.0;0.0;0.0;0.0;0.0;0.0;0.0;0.0;0.0;0.0;0.0;0.0;0.0;0.0;0.0;0.0;0.0;1.0;0.0;0.0;0.0;0.0;0.0;0.0;0.0;0.0;3.5806451612903225;0.5806451612903226;1.0;0.0;3.0;1.0;0;0;0;0;PARANAGUÁ;REGIÃO LESTE;24
23852.0;2016-01-31;17.0;22.0;24.0;29.0;758.0;36.0;6.0;17.0;23.0;649.0;36.0;0.0;36.0;867.0;55.0;173.0;5;4;4;4;5;5;4;0;0;0;0;1;0;0;0;0;0;0;0;0;0;0;0;0.0;1.0;0.0;0.0;0.0;0.0;0.0;0.0;0.0;0.0;0.0;0.0;0.0;0.0;0.0;0.0;0.0;0.0;0.0;0.0;0.0;0.0;0.0;0.0;0.0;0.0;1.0;0.0;0.0;0.0;0.0;0.0;0.0;0.0;0.0;3.0;0.0;1.0;0.0;3.0;1.0;31;0;0;0;PARANAGUÁ;REGIÃO LESTE;25
25871.0;2016-02-29;19.0;23.0;26.0;30.0;745.0;36.0;13.0;19.0;25.0;652.0;36.0;0.0;36.0;837.0;60.0;372.0;4;4;4;5;4;4;4;0;0;0;1;0;0;0;0;0;0;0;0;0;0;0;0;0.0;1.0;0.0;0.0;0.0;0.0;0.0;0.0;0.0;0.0;0.0;0.0;0.0;0.0;0.0;0.0;0.0;0.0;0.0;0.0;0.0;0.0;0.0;0.0;0.0;0.0;1.0;0.0;0.0;0.0;0.0;0.0;0.0;0.0;0.0;3.0;0.0;1.0;0.0;3.0;1.0;0;3;0;0;PARANAGUÁ;REGIÃO LESTE;26
34892.0;2016-03-31;18.0;21.0;24.0;27.0;738.0;31.0;3.0;18.0;23.0;637.0;31.0;0.0;31.0;838.0;33.0;100.0;4;5;5;4;4;4;5;0;0;0;0;0;0;0;0;1;0;0;0;0;0;0;0;0.0;1.0;0.0;0.0;0.0;0.0;0.0;0.0;0.0;0.0;0.0;0.0;0.0;0.0;0.0;0.0;0.0;0.0;0.0;0.0;0.0;0.0;0.0;0.0;0.0;0.0;1.0;0.0;0.0;0.0;0.0;0.0;0.0;0.0;0.0;3.0;0.0;1.0;0.0;3.0;1.0;0;1;0;0;PARANAGUÁ;REGIÃO LESTE;27
34162.0;2016-04-30;8.0;13.0;24.0;28.0;731.0;33.0;3.0;8.0;24.0;618.0;33.0;0.0;33.0;845.0;29.0;87.0;4;4;4;4;5;5;4;1;0;0;0;0;0;0;0;0;0;0;0;0;0;0;0;0.0;1.0;0.0;0.0;0.0;0.0;0.0;0.0;0.0;0.0;0.0;0.0;0.0;0.0;0.0;0.0;0.0;0.0;0.0;0.0;0.0;0.0;0.0;0.0;0.0;0.0;1.0;0.0;0.0;0.0;0.0;0.0;0.0;0.0;0.0;3.0;0.0;1.0;0.0;3.0;1.0;0;0;0;0;PARANAGUÁ;REGIÃO LESTE;28
20768.0;2016-05-31;9.0;15.0;18.0;22.0;556.0;25.0;4.0;9.0;19.0;474.0;25.0;0.0;25.0;637.0;35.0;139.0;5;4;4;5;4;4;5;0;0;0;0;0;0;0;1;0;0;0;0;0;0;0;0;0.0;1.0;0.0;0.0;0.0;0.0;0.0;0.0;0.0;0.0;0.0;0.0;0.0;0.0;0.0;0.0;0.0;0.0;0.0;0.0;0.0;0.0;0.0;0.0;0.0;0.0;1.0;0.0;0.0;0.0;0.0;0.0;0.0;0.0;0.0;3.0;0.0;1.0;0.0;3.0;1.0;0;1;0;0;PARANAGUÁ;REGIÃO LESTE;29
17580.0;2016-06-30;4.0;11.0;14.0;18.0;430.0;23.0;4.0;4.0;17.0;333.0;23.0;0.0;23.0;527.0;34.0;107.0;4;5;5;4;4;4;4;0;0;0;0;0;0;1;0;0;0;0;0;0;0;0;0;0.0;1.0;0.0;0.0;0.0;0.0;0.0;0.0;0.0;0.0;0.0;0.0;0.0;0.0;0.0;0.0;0.0;0.0;0.0;0.0;0.0;0.0;0.0;0.0;0.0;0.0;1.0;0.0;0.0;0.0;0.0;0.0;0.0;0.0;0.0;3.0;0.0;1.0;0.0;3.0;1.0;0;0;0;0;PARANAGUÁ;REGIÃO LESTE;30
14748.0;2016-07-31;5.0;10.0;16.0;22.0;502.0;27.0;6.0;5.0;17.0;380.0;27.0;0.0;27.0;623.0;95.0;195.0;5;4;4;4;5;5;4;0;0;0;0;0;1;0;0;0;0;0;0;0;0;0;0;0.0;1.0;0.0;0.0;0.0;0.0;0.0;0.0;0.0;0.0;0.0;0.0;0.0;0.0;0.0;0.0;0.0;0.0;0.0;0.0;0.0;0.0;0.0;0.0;0.0;0.0;1.0;0.0;0.0;0.0;0.0;0.0;0.0;0.0;0.0;3.0;0.0;1.0;0.0;3.0;1.0;14;0;0;0;PARANAGUÁ;REGIÃO LESTE;31
17203.0;2016-08-31;7.0;12.0;17.0;22.0;522.0;30.0;8.0;7.0;17.0;399.0;30.0;0.0;30.0;646.0;79.0;244.0;4;5;4;5;4;4;5;0;1;0;0;0;0;0;0;0;0;0;0;0;0;0;0;0.0;1.0;0.0;0.0;0.0;0.0;0.0;0.0;0.0;0.0;0.0;0.0;0.0;0.0;0.0;0.0;0.0;0.0;0.0;0.0;0.0;0.0;0.0;0.0;0.0;0.0;1.0;0.0;0.0;0.0;0.0;0.0;0.0;0.0;0.0;3.0;0.0;1.0;0.0;3.0;1.0;0;0;0;0;PARANAGUÁ;REGIÃO LESTE;32
16602.0;2016-09-30;10.0;15.0;19.0;26.0;557.0;33.0;5.0;10.0;19.0;439.0;33.0;0.0;33.0;675.0;113.0;143.0;4;4;5;4;5;4;4;0;0;0;0;0;0;0;0;0;0;0;1;0;0;0;0;0.0;1.0;0.0;0.0;0.0;0.0;0.0;0.0;0.0;0.0;0.0;0.0;0.0;0.0;0.0;0.0;0.0;0.0;0.0;0.0;0.0;0.0;0.0;0.0;0.0;0.0;1.0;0.0;0.0;0.0;0.0;0.0;0.0;0.0;0.0;3.0;0.0;1.0;0.0;3.0;1.0;0;0;0;0;PARANAGUÁ;REGIÃO LESTE;33
14354.0;2016-10-31;13.0;16.0;20.0;26.0;613.0;32.0;5.0;13.0;21.0;524.0;32.0;0.0;32.0;702.0;39.0;158.0;5;4;4;5;4;5;4;0;0;0;0;0;0;0;0;0;0;1;0;0;0;0;0;0.0;1.0;0.0;0.0;0.0;0.0;0.0;0.0;0.0;0.0;0.0;0.0;0.0;0.0;0.0;0.0;0.0;0.0;0.0;0.0;0.0;0.0;0.0;0.0;0.0;0.0;1.0;0.0;0.0;0.0;0.0;0.0;0.0;0.0;0.0;3.0;0.0;1.0;0.0;3.0;1.0;0;0;0;0;PARANAGUÁ;REGIÃO LESTE;34
12200.0;2016-11-30;14.0;18.0;22.0;27.0;646.0;32.0;2.0;14.0;22.0;539.0;32.0;0.0;32.0;752.0;16.0;65.0;4;5;4;4;4;4;5;0;0;0;0;0;0;0;0;0;1;0;0;0;0;0;0;0.0;1.0;0.0;0.0;0.0;0.0;0.0;0.0;0.0;0.0;0.0;0.0;0.0;0.0;0.0;0.0;0.0;0.0;0.0;0.0;0.0;0.0;0.0;0.0;0.0;0.0;1.0;0.0;0.0;0.0;0.0;0.0;0.0;0.0;0.0;3.0;0.0;1.0;0.0;3.0;1.0;0;0;0;0;PARANAGUÁ;REGIÃO LESTE;35
17719.0;2016-12-31;15.0;18.0;24.0;30.0;748.0;36.0;3.0;15.0;24.0;631.0;36.0;0.0;36.0;865.0;19.0;90.0;4;4;5;4;5;5;4;0;0;1;0;0;0;0;0;0;0;0;0;0;0;0;0;0.0;1.0;0.0;0.0;0.0;0.0;0.0;0.0;0.0;0.0;0.0;0.0;0.0;0.0;0.0;0.0;0.0;0.0;0.0;0.0;0.0;0.0;0.0;0.0;0.0;0.0;1.0;0.0;0.0;0.0;0.0;0.0;0.0;0.0;0.0;3.0;0.0;1.0;0.0;3.0;1.0;0;0;0;0;PARANAGUÁ;REGIÃO LESTE;36
16509.0;2017-01-31;19.0;23.0;26.0;29.0;799.0;33.0;8.0;19.0;24.0;682.0;33.0;0.0;33.0;916.0;36.0;259.0;5;4;4;5;4;4;5;0;0;0;0;1;0;0;0;0;0;0;0;0;0;0;0;0.0;0.0;1.0;0.0;0.0;0.0;0.0;0.0;0.0;0.0;0.0;0.0;0.0;0.0;0.0;0.0;0.0;0.0;0.0;0.0;0.0;0.0;0.0;0.0;0.0;0.0;1.0;0.0;0.0;0.0;0.0;0.0;0.0;0.0;0.0;3.0;0.0;1.0;0.0;3.0;1.0;31;0;0;0;PARANAGUÁ;REGIÃO LESTE;37
26428.0;2017-02-28;20.0;23.0;26.0;28.0;726.0;33.0;5.0;20.0;23.0;613.0;33.0;0.0;33.0;839.0;26.0;141.0;4;4;4;4;4;4;4;0;0;0;1;0;0;0;0;0;0;0;0;0;0;0;0;0.0;0.0;1.0;0.0;0.0;0.0;0.0;0.0;0.0;0.0;0.0;0.0;0.0;0.0;0.0;0.0;0.0;0.0;0.0;0.0;0.0;0.0;0.0;0.0;0.0;0.0;1.0;0.0;0.0;0.0;0.0;0.0;0.0;0.0;0.0;3.0;0.0;1.0;0.0;3.0;1.0;0;2;0;0;PARANAGUÁ;REGIÃO LESTE;38
25359.0;2017-03-31;17.0;20.0;24.0;28.0;733.0;33.0;5.0;17.0;25.0;632.0;33.0;0.0;33.0;834.0;34.0;153.0;4;5;5;4;5;4;4;0;0;0;0;0;0;0;0;1;0;0;0;0;0;0;0;0.0;0.0;1.0;0.0;0.0;0.0;0.0;0.0;0.0;0.0;0.0;0.0;0.0;0.0;0.0;0.0;0.0;0.0;0.0;0.0;0.0;0.0;0.0;0.0;0.0;0.0;1.0;0.0;0.0;0.0;0.0;0.0;0.0;0.0;0.0;3.0;0.0;1.0;0.0;3.0;1.0;0;1;0;0;PARANAGUÁ;REGIÃO LESTE;39
20680.0;2017-04-30;12.0;17.0;21.0;26.0;636.0;30.0;5.0;12.0;22.0;538.0;30.0;0.0;30.0;734.0;31.0;136.0;5;4;4;4;4;5;4;1;0;0;0;0;0;0;0;0;0;0;0;0;0;0;0;0.0;0.0;1.0;0.0;0.0;0.0;0.0;0.0;0.0;0.0;0.0;0.0;0.0;0.0;0.0;0.0;0.0;0.0;0.0;0.0;0.0;0.0;0.0;0.0;0.0;0.0;1.0;0.0;0.0;0.0;0.0;0.0;0.0;0.0;0.0;3.0;0.0;1.0;0.0;3.0;1.0;0;1;0;0;PARANAGUÁ;REGIÃO LESTE;40
19220.0;2017-05-31;13.0;17.0;20.0;24.0;622.0;28.0;4.0;13.0;20.0;530.0;28.0;0.0;28.0;714.0;58.0;122.0;4;5;4;5;4;4;5;0;0;0;0;0;0;0;1;0;0;0;0;0;0;0;0;0.0;0.0;1.0;0.0;0.0;0.0;0.0;0.0;0.0;0.0;0.0;0.0;0.0;0.0;0.0;0.0;0.0;0.0;0.0;0.0;0.0;0.0;0.0;0.0;0.0;0.0;1.0;0.0;0.0;0.0;0.0;0.0;0.0;0.0;0.0;3.0;0.0;1.0;0.0;3.0;1.0;0;0;0;0;PARANAGUÁ;REGIÃO LESTE;41
15396.0;2017-06-30;8.0;13.0;19.0;24.0;555.0;29.0;3.0;8.0;20.0;439.0;29.0;0.0;29.0;671.0;32.0;90.0;4;4;5;4;5;4;4;0;0;0;0;0;0;1;0;0;0;0;0;0;0;0;0;0.0;0.0;1.0;0.0;0.0;0.0;0.0;0.0;0.0;0.0;0.0;0.0;0.0;0.0;0.0;0.0;0.0;0.0;0.0;0.0;0.0;0.0;0.0;0.0;0.0;0.0;1.0;0.0;0.0;0.0;0.0;0.0;0.0;0.0;0.0;3.0;0.0;1.0;0.0;3.0;1.0;0;1;0;0;PARANAGUÁ;REGIÃO LESTE;42
12657.0;2017-07-31;5.0;10.0;17.0;21.0;539.0;27.0;0.0;5.0;16.0;397.0;27.0;0.0;27.0;680.0;1.0;1.0;5;4;4;5;4;5;4;0;0;0;0;0;1;0;0;0;0;0;0;0;0;0;0;0.0;0.0;1.0;0.0;0.0;0.0;0.0;0.0;0.0;0.0;0.0;0.0;0.0;0.0;0.0;0.0;0.0;0.0;0.0;0.0;0.0;0.0;0.0;0.0;0.0;0.0;1.0;0.0;0.0;0.0;0.0;0.0;0.0;0.0;0.0;3.0;0.0;1.0;0.0;3.0;1.0;16;0;0;0;PARANAGUÁ;REGIÃO LESTE;43
15728.0;2017-08-31;10.0;14.0;18.0;23.0;566.0;30.0;4.0;10.0;17.0;452.0;30.0;0.0;30.0;680.0;35.0;136.0;4;5;5;4;4;4;5;0;1;0;0;0;0;0;0;0;0;0;0;0;0;0;0;0.0;0.0;1.0;0.0;0.0;0.0;0.0;0.0;0.0;0.0;0.0;0.0;0.0;0.0;0.0;0.0;0.0;0.0;0.0;0.0;0.0;0.0;0.0;0.0;0.0;0.0;1.0;0.0;0.0;0.0;0.0;0.0;0.0;0.0;0.0;3.0;0.0;1.0;0.0;3.0;2.0;0;0;0;0;PARANAGUÁ;REGIÃO LESTE;44
19516.0;2017-09-30;14.0;18.0;21.0;25.0;643.0;31.0;1.0;14.0;20.0;519.0;31.0;0.0;31.0;768.0;25.0;27.0;4;4;4;4;5;5;4;0;0;0;0;0;0;0;0;0;0;0;1;0;0;0;0;0.0;0.0;1.0;0.0;0.0;0.0;0.0;0.0;0.0;0.0;0.0;0.0;0.0;0.0;0.0;0.0;0.0;0.0;0.0;0.0;0.0;0.0;0.0;0.0;0.0;0.0;1.0;0.0;0.0;0.0;0.0;0.0;0.0;0.0;0.0;3.0;0.0;1.0;0.0;3.0;2.0;0;0;0;0;PARANAGUÁ;REGIÃO LESTE;45
19636.0;2017-10-31;12.0;18.0;21.0;26.0;660.0;33.0;9.0;12.0;20.0;537.0;33.0;0.0;33.0;783.0;65.0;270.0;5;4;4;5;4;4;5;0;0;0;0;0;0;0;0;0;0;1;0;0;0;0;0;0.0;0.0;1.0;0.0;0.0;0.0;0.0;0.0;0.0;0.0;0.0;0.0;0.0;0.0;0.0;0.0;0.0;0.0;0.0;0.0;0.0;0.0;0.0;0.0;0.0;0.0;1.0;0.0;0.0;0.0;0.0;0.0;0.0;0.0;0.0;3.0;0.0;1.0;0.0;3.0;2.0;0;0;0;0;PARANAGUÁ;REGIÃO LESTE;46
19932.0;2017-11-30;15.0;18.0;22.0;26.0;647.0;33.0;2.0;15.0;20.0;530.0;33.0;0.0;33.0;764.0;18.0;72.0;4;5;5;4;4;4;4;0;0;0;0;0;0;0;0;0;1;0;0;0;0;0;0;0.0;0.0;1.0;0.0;0.0;0.0;0.0;0.0;0.0;0.0;0.0;0.0;0.0;0.0;0.0;0.0;0.0;0.0;0.0;0.0;0.0;0.0;0.0;0.0;0.0;0.0;1.0;0.0;0.0;0.0;0.0;0.0;0.0;0.0;0.0;3.0;0.0;1.0;0.0;3.0;2.0;0;0;0;0;PARANAGUÁ;REGIÃO LESTE;47
18880.0;2017-12-31;18.0;20.0;24.0;27.0;739.0;33.0;6.0;18.0;24.0;630.0;33.0;0.0;33.0;847.0;38.0;180.0;5;4;4;4;5;5;4;0;0;1;0;0;0;0;0;0;0;0;0;0;0;0;0;0.0;0.0;1.0;0.0;0.0;0.0;0.0;0.0;0.0;0.0;0.0;0.0;0.0;0.0;0.0;0.0;0.0;0.0;0.0;0.0;0.0;0.0;0.0;0.0;0.0;0.0;1.0;0.0;0.0;0.0;0.0;0.0;0.0;0.0;0.0;3.0;0.0;1.0;0.0;3.0;2.0;0;0;0;0;PARANAGUÁ;REGIÃO LESTE;48
16521.0;2018-01-31;19.0;21.0;25.0;28.0;765.0;34.0;9.0;19.0;23.0;651.0;34.0;0.0;34.0;880.0;41.0;283.0;4;5;4;5;4;4;5;0;0;0;0;1;0;0;0;0;0;0;0;0;0;0;0;0.0;0.0;0.0;1.0;0.0;0.0;0.0;0.0;0.0;0.0;0.0;0.0;0.0;0.0;0.0;0.0;0.0;0.0;0.0;0.0;0.0;0.0;0.0;0.0;0.0;0.0;1.0;0.0;0.0;0.0;0.0;0.0;0.0;0.0;0.0;3.0;0.0;1.0;0.0;3.0;2.0;31;0;0;0;PARANAGUÁ;REGIÃO LESTE;49
24172.0;2018-02-28;18.0;20.0;24.0;28.0;665.0;31.0;2.0;18.0;24.0;559.0;31.0;0.0;31.0;770.0;13.0;44.0;4;4;4;4;4;4;4;0;0;0;1;0;0;0;0;0;0;0;0;0;0;0;0;0.0;0.0;0.0;1.0;0.0;0.0;0.0;0.0;0.0;0.0;0.0;0.0;0.0;0.0;0.0;0.0;0.0;0.0;0.0;0.0;0.0;0.0;0.0;0.0;0.0;0.0;1.0;0.0;0.0;0.0;0.0;0.0;0.0;0.0;0.0;3.0;0.0;1.0;0.0;3.8214285714285716;2.0;0;3;0;0;PARANAGUÁ;REGIÃO LESTE;50
31679.0;2018-03-31;19.0;21.0;25.0;28.0;765.0;33.0;6.0;19.0;23.0;653.0;33.0;0.0;33.0;877.0;33.0;185.0;4;4;5;4;5;5;4;0;0;0;0;0;0;0;0;1;0;0;0;0;0;0;0;0.0;0.0;0.0;1.0;0.0;0.0;0.0;0.0;0.0;0.0;0.0;0.0;0.0;0.0;0.0;0.0;0.0;0.0;0.0;0.0;0.0;0.0;0.0;0.0;0.0;0.0;1.0;0.0;0.0;0.0;0.0;0.0;0.0;0.0;0.0;3.0;0.0;1.0;0.0;4.0;2.0;0;1;0;0;PARANAGUÁ;REGIÃO LESTE;51
29004.0;2018-04-30;16.0;20.0;23.0;26.0;693.0;31.0;1.0;16.0;23.0;568.0;31.0;0.0;31.0;819.0;14.0;38.0;5;4;4;5;4;4;4;1;0;0;0;0;0;0;0;0;0;0;0;0;0;0;0;0.0;0.0;0.0;1.0;0.0;0.0;0.0;0.0;0.0;0.0;0.0;0.0;0.0;0.0;0.0;0.0;0.0;0.0;0.0;0.0;0.0;0.0;0.0;0.0;0.0;0.0;1.0;0.0;0.0;0.0;0.0;0.0;0.0;0.0;0.0;3.0;0.0;1.0;0.0;4.0;2.0;0;0;0;0;PARANAGUÁ;REGIÃO LESTE;52
20591.0;2018-05-31;9.0;16.0;20.0;24.0;632.0;29.0;2.0;9.0;21.0;516.0;29.0;0.0;29.0;748.0;38.0;50.0;4;5;5;4;4;4;5;0;0;0;0;0;0;0;1;0;0;0;0;0;0;0;0;0.0;0.0;0.0;1.0;0.0;0.0;0.0;0.0;0.0;0.0;0.0;0.0;0.0;0.0;0.0;0.0;0.0;0.0;0.0;0.0;0.0;0.0;0.0;0.0;0.0;0.0;1.0;0.0;0.0;0.0;0.0;0.0;0.0;0.0;0.0;3.0;0.0;1.0;0.0;4.0;2.0;0;1;0;0;PARANAGUÁ;REGIÃO LESTE;53
18292.0;2018-06-30;7.0;12.0;18.0;24.0;531.0;29.0;5.0;7.0;22.0;429.0;29.0;0.0;29.0;633.0;30.0;150.0;4;4;4;4;5;5;4;0;0;0;0;0;0;1;0;0;0;0;0;0;0;0;0;0.0;0.0;0.0;1.0;0.0;0.0;0.0;0.0;0.0;0.0;0.0;0.0;0.0;0.0;0.0;0.0;0.0;0.0;0.0;0.0;0.0;0.0;0.0;0.0;0.0;0.0;1.0;0.0;0.0;0.0;0.0;0.0;0.0;0.0;0.0;3.0;0.0;1.0;0.0;4.0;2.0;0;0;0;0;PARANAGUÁ;REGIÃO LESTE;54
14150.0;2018-07-31;7.0;13.0;18.0;22.0;562.0;29.0;1.0;7.0;17.0;427.0;29.0;0.0;29.0;696.0;25.0;27.0;5;4;4;5;4;4;5;0;0;0;0;0;1;0;0;0;0;0;0;0;0;0;0;0.0;0.0;0.0;1.0;0.0;0.0;0.0;0.0;0.0;0.0;0.0;0.0;0.0;0.0;0.0;0.0;0.0;0.0;0.0;0.0;0.0;0.0;0.0;0.0;0.0;0.0;1.0;0.0;0.0;0.0;0.0;0.0;0.0;0.0;0.0;3.0;0.0;1.0;0.0;4.0;2.0;16;0;0;0;PARANAGUÁ;REGIÃO LESTE;55
15911.0;2018-08-31;8.0;13.0;17.0;21.0;526.0;27.0;2.0;8.0;16.0;410.0;27.0;0.0;27.0;642.0;36.0;60.0;4;5;5;4;5;4;4;0;1;0;0;0;0;0;0;0;0;0;0;0;0;0;0;0.0;0.0;0.0;1.0;0.0;0.0;0.0;0.0;0.0;0.0;0.0;0.0;0.0;0.0;0.0;0.0;0.0;0.0;0.0;0.0;0.0;0.0;0.0;0.0;0.0;0.0;1.0;0.0;0.0;0.0;0.0;0.0;0.0;0.0;0.0;3.0;0.0;1.0;0.0;4.0;2.0;0;0;0;0;PARANAGUÁ;REGIÃO LESTE;56
19104.0;2018-09-30;10.0;16.0;20.0;23.0;599.0;29.0;2.0;10.0;20.0;496.0;29.0;0.0;29.0;702.0;10.0;48.0;5;4;4;4;4;5;4;0;0;0;0;0;0;0;0;0;0;0;1;0;0;0;0;0.0;0.0;0.0;1.0;0.0;0.0;0.0;0.0;0.0;0.0;0.0;0.0;0.0;0.0;0.0;0.0;0.0;0.0;0.0;0.0;0.0;0.0;0.0;0.0;0.0;0.0;1.0;0.0;0.0;0.0;0.0;0.0;0.0;0.0;0.0;3.0;0.0;1.0;0.0;4.0;2.0;0;0;0;0;PARANAGUÁ;REGIÃO LESTE;57
19167.0;2018-10-31;15.0;16.0;20.0;26.0;632.0;31.0;6.0;15.0;20.0;539.0;31.0;0.0;31.0;724.0;22.0;172.0;4;5;4;5;4;4;5;0;0;0;0;0;0;0;0;0;0;1;0;0;0;0;0;0.0;0.0;0.0;1.0;0.0;0.0;0.0;0.0;0.0;0.0;0.0;0.0;0.0;0.0;0.0;0.0;0.0;0.0;0.0;0.0;0.0;0.0;0.0;0.0;0.0;0.0;1.0;0.0;0.0;0.0;0.0;0.0;0.0;0.0;0.0;3.0;0.0;1.0;0.0;4.0;2.0;0;0;0;0;PARANAGUÁ;REGIÃO LESTE;58
21796.0;2018-11-30;16.0;19.0;22.0;27.0;669.0;33.0;2.0;16.0;22.0;567.0;33.0;0.0;33.0;771.0;12.0;45.0;4;4;5;4;5;4;4;0;0;0;0;0;0;0;0;0;1;0;0;0;0;0;0;0.0;0.0;0.0;1.0;0.0;0.0;0.0;0.0;0.0;0.0;0.0;0.0;0.0;0.0;0.0;0.0;0.0;0.0;0.0;0.0;0.0;0.0;0.0;0.0;0.0;0.0;1.0;0.0;0.0;0.0;0.0;0.0;0.0;0.0;0.0;3.0;0.0;1.0;0.0;4.0;2.0;0;0;0;0;PARANAGUÁ;REGIÃO LESTE;59
24495.0;2018-12-31;15.0;19.0;25.0;29.0;781.0;35.0;6.0;15.0;24.0;646.0;35.0;0.0;35.0;917.0;54.0;194.0;5;4;4;5;4;5;4;0;0;1;0;0;0;0;0;0;0;0;0;0;0;0;0;0.0;0.0;0.0;1.0;0.0;0.0;0.0;0.0;0.0;0.0;0.0;0.0;0.0;0.0;0.0;0.0;0.0;0.0;0.0;0.0;0.0;0.0;0.0;0.0;0.0;0.0;1.0;0.0;0.0;0.0;0.0;0.0;0.0;0.0;0.0;3.0;0.0;1.0;0.0;4.0;2.0;0;0;0;0;PARANAGUÁ;REGIÃO LESTE;60
23735.0;2019-01-31;21.0;24.0;27.0;31.0;852.0;37.0;9.0;21.0;26.0;714.0;37.0;0.0;37.0;990.0;62.0;284.0;4;5;5;4;4;4;5;0;0;0;0;1;0;0;0;0;0;0;0;0;0;0;0;0.0;0.0;0.0;0.0;1.0;0.0;0.0;0.0;0.0;0.0;0.0;0.0;0.0;0.0;0.0;0.0;0.0;0.0;0.0;0.0;0.0;0.0;0.0;0.0;0.0;0.0;1.0;0.0;0.0;0.0;0.0;0.0;0.0;0.0;0.0;3.0;0.0;1.0;0.0;4.0;2.0;31;0;0;0;PARANAGUÁ;REGIÃO LESTE;61
31028.0;2019-02-28;18.0;20.0;25.0;30.0;691.0;36.0;6.0;18.0;25.0;586.0;36.0;0.0;36.0;795.0;51.0;181.0;4;4;4;4;4;4;4;0;0;0;1;0;0;0;0;0;0;0;0;0;0;0;0;0.0;0.0;0.0;0.0;1.0;0.0;0.0;0.0;0.0;0.0;0.0;0.0;0.0;0.0;0.0;0.0;0.0;0.0;0.0;0.0;0.0;0.0;0.0;0.0;0.0;0.0;1.0;0.0;0.0;0.0;0.0;0.0;0.0;0.0;0.0;3.0;0.0;1.0;0.0;4.0;2.0;0;0;0;0;PARANAGUÁ;REGIÃO LESTE;62
36821.0;2019-03-31;17.0;20.0;24.0;28.0;744.0;32.0;3.0;17.0;23.0;638.0;32.0;0.0;32.0;850.0;16.0;80.0;5;4;4;4;5;5;4;0;0;0;0;0;0;0;0;1;0;0;0;0;0;0;0;0.0;0.0;0.0;0.0;1.0;0.0;0.0;0.0;0.0;0.0;0.0;0.0;0.0;0.0;0.0;0.0;0.0;0.0;0.0;0.0;0.0;0.0;0.0;0.0;0.0;0.0;1.0;0.0;0.0;0.0;0.0;0.0;0.0;0.0;0.0;3.0;0.0;1.0;0.0;4.0;2.0;0;3;0;0;PARANAGUÁ;REGIÃO LESTE;63
34274.0;2019-04-30;17.0;20.0;23.0;29.0;701.0;33.0;3.0;17.0;24.0;594.0;33.0;0.0;33.0;808.0;33.0;85.0;4;4;4;5;4;4;5;1;0;0;0;0;0;0;0;0;0;0;0;0;0;0;0;0.0;0.0;0.0;0.0;1.0;0.0;0.0;0.0;0.0;0.0;0.0;0.0;0.0;0.0;0.0;0.0;0.0;0.0;0.0;0.0;0.0;0.0;0.0;0.0;0.0;0.0;1.0;0.0;0.0;0.0;0.0;0.0;0.0;0.0;0.0;3.0;0.0;1.0;0.0;4.0;2.0;0;1;0;0;PARANAGUÁ;REGIÃO LESTE;64
27166.0;2019-05-31;13.0;18.0;21.0;26.0;654.0;30.0;8.0;13.0;22.0;566.0;30.0;0.0;30.0;742.0;60.0;246.0;4;5;5;4;5;4;4;0;0;0;0;0;0;0;1;0;0;0;0;0;0;0;0;0.0;0.0;0.0;0.0;1.0;0.0;0.0;0.0;0.0;0.0;0.0;0.0;0.0;0.0;0.0;0.0;0.0;0.0;0.0;0.0;0.0;0.0;0.0;0.0;0.0;0.0;1.0;0.0;0.0;0.0;0.0;0.0;0.0;0.0;0.0;3.0;0.0;1.0;0.0;4.0;2.0;0;0;0;0;PARANAGUÁ;REGIÃO LESTE;65
21682.0;2019-06-30;12.0;16.0;20.0;24.0;598.0;31.0;3.0;12.0;18.0;469.0;31.0;0.0;31.0;728.0;33.0;91.0;5;4;4;4;4;5;4;0;0;0;0;0;0;1;0;0;0;0;0;0;0;0;0;0.0;0.0;0.0;0.0;1.0;0.0;0.0;0.0;0.0;0.0;0.0;0.0;0.0;0.0;0.0;0.0;0.0;0.0;0.0;0.0;0.0;0.0;0.0;0.0;0.0;0.0;1.0;0.0;0.0;0.0;0.0;0.0;0.0;0.0;0.0;3.0;0.0;1.0;0.0;4.0;2.0;0;1;0;0;PARANAGUÁ;REGIÃO LESTE;66
15321.0;2019-07-31;4.0;10.0;17.0;23.0;541.0;28.0;1.0;4.0;18.0;400.0;28.0;0.0;28.0;682.0;10.0;23.0;4;5;4;5;4;4;5;0;0;0;0;0;1;0;0;0;0;0;0;0;0;0;0;0.0;0.0;0.0;0.0;1.0;0.0;0.0;0.0;0.0;0.0;0.0;0.0;0.0;0.0;0.0;0.0;0.0;0.0;0.0;0.0;0.0;0.0;0.0;0.0;0.0;0.0;1.0;0.0;0.0;0.0;0.0;0.0;0.0;0.0;0.0;3.0;0.0;1.0;0.0;4.0;2.0;16;0;0;0;PARANAGUÁ;REGIÃO LESTE;67
19024.0;2019-08-31;8.0;11.0;17.0;23.0;540.0;31.0;1.0;8.0;17.0;420.0;31.0;0.0;31.0;661.0;11.0;21.0;4;4;5;4;5;5;4;0;1;0;0;0;0;0;0;0;0;0;0;0;0;0;0;0.0;0.0;0.0;0.0;1.0;0.0;0.0;0.0;0.0;0.0;0.0;0.0;0.0;0.0;0.0;0.0;0.0;0.0;0.0;0.0;0.0;0.0;0.0;0.0;0.0;0.0;1.0;0.0;0.0;0.0;0.0;0.0;0.0;0.0;0.0;3.0;0.0;1.0;0.0;4.0;2.0;0;0;0;0;PARANAGUÁ;REGIÃO LESTE;68
20978.0;2019-09-30;11.0;12.0;19.0;25.0;561.0;31.0;4.0;11.0;18.0;458.0;31.0;0.0;31.0;665.0;47.0;127.0;5;4;4;5;4;4;4;0;0;0;0;0;0;0;0;0;0;0;1;0;0;0;0;0.0;0.0;0.0;0.0;1.0;0.0;0.0;0.0;0.0;0.0;0.0;0.0;0.0;0.0;0.0;0.0;0.0;0.0;0.0;0.0;0.0;0.0;0.0;0.0;0.0;0.0;1.0;0.0;0.0;0.0;0.0;0.0;0.0;0.0;0.0;3.0;0.0;1.0;0.0;4.0;2.0;0;0;0;0;PARANAGUÁ;REGIÃO LESTE;69
25246.0;2019-10-31;16.0;18.0;22.0;26.0;690.0;32.0;3.0;16.0;21.0;561.0;32.0;0.0;32.0;819.0;28.0;91.0;4;5;5;4;4;4;5;0;0;0;0;0;0;0;0;0;0;1;0;0;0;0;0;0.0;0.0;0.0;0.0;1.0;0.0;0.0;0.0;0.0;0.0;0.0;0.0;0.0;0.0;0.0;0.0;0.0;0.0;0.0;0.0;0.0;0.0;0.0;0.0;0.0;0.0;1.0;0.0;0.0;0.0;0.0;0.0;0.0;0.0;0.0;3.0;0.0;1.0;0.0;4.0;2.0;0;0;0;0;PARANAGUÁ;REGIÃO LESTE;70
28462.0;2019-11-30;16.0;17.0;22.0;27.0;672.0;32.0;3.0;16.0;23.0;578.0;32.0;0.0;32.0;765.0;42.0;91.0;4;4;4;4;5;5;4;0;0;0;0;0;0;0;0;0;1;0;0;0;0;0;0;0.0;0.0;0.0;0.0;1.0;0.0;0.0;0.0;0.0;0.0;0.0;0.0;0.0;0.0;0.0;0.0;0.0;0.0;0.0;0.0;0.0;0.0;0.0;0.0;0.0;0.0;1.0;0.0;0.0;0.0;0.0;0.0;0.0;0.0;0.0;3.0;0.0;1.0;0.0;4.0;2.0;0;0;0;0;PARANAGUÁ;REGIÃO LESTE;71
21553.0;2019-12-31;17.0;19.0;24.0;27.0;730.0;32.0;2.0;17.0;26.0;624.0;32.0;0.0;32.0;836.0;16.0;70.0;5;4;4;5;4;4;5;0;0;1;0;0;0;0;0;0;0;0;0;0;0;0;0;0.0;0.0;0.0;0.0;1.0;0.0;0.0;0.0;0.0;0.0;0.0;0.0;0.0;0.0;0.0;0.0;0.0;0.0;0.0;0.0;0.0;0.0;0.0;0.0;0.0;0.0;1.0;0.0;0.0;0.0;0.0;0.0;0.0;0.0;0.0;3.0;0.0;1.0;0.0;4.0;2.0;0;0;0;0;PARANAGUÁ;REGIÃO LESTE;72
20197.0;2020-01-31;17.0;19.0;24.0;28.0;759.0;33.0;4.0;17.0;24.0;647.0;33.0;0.0;33.0;871.0;31.0;136.0;4;5;5;4;5;4;4;0;0;0;0;1;0;0;0;0;0;0;0;0;0;0;0;0.0;0.0;0.0;0.0;0.0;1.0;0.0;0.0;0.0;0.0;0.0;0.0;0.0;0.0;0.0;0.0;0.0;0.0;0.0;0.0;0.0;0.0;0.0;0.0;0.0;0.0;1.0;0.0;0.0;0.0;0.0;0.0;0.0;0.0;0.0;3.0;0.0;1.0;0.0;4.0;2.0;31;0;0;0;PARANAGUÁ;REGIÃO LESTE;73
28904.0;2020-02-29;15.0;20.0;24.0;28.0;683.0;32.0;3.0;15.0;25.0;592.0;32.0;0.0;32.0;774.0;23.0;73.0;4;4;4;4;4;5;4;0;0;0;1;0;0;0;0;0;0;0;0;0;0;0;0;0.0;0.0;0.0;0.0;0.0;1.0;0.0;0.0;0.0;0.0;0.0;0.0;0.0;0.0;0.0;0.0;0.0;0.0;0.0;0.0;0.0;0.0;0.0;0.0;0.0;0.0;1.0;0.0;0.0;0.0;0.0;0.0;0.0;0.0;0.0;3.0;0.0;1.0;0.0;4.0;2.0;0;3;0;0;PARANAGUÁ;REGIÃO LESTE;74
27050.0;2020-03-31;17.0;20.0;23.0;28.0;724.0;33.0;1.0;17.0;26.0;599.0;33.0;0.0;33.0;849.0;15.0;31.0;5;4;4;5;4;4;5;0;0;0;0;0;0;0;0;1;0;0;0;0;0;0;0;0.0;0.0;0.0;0.0;0.0;1.0;0.0;0.0;0.0;0.0;0.0;0.0;0.0;0.0;0.0;0.0;0.0;0.0;0.0;0.0;0.0;0.0;0.0;0.0;0.0;0.0;1.0;0.0;0.0;0.0;0.0;0.0;0.0;0.0;0.0;3.0;0.0;1.0;0.0;4.0;2.0;0;0;15;0;PARANAGUÁ;REGIÃO LESTE;75
10846.0;2020-04-30;12.0;19.0;21.0;26.0;643.0;30.0;1.0;12.0;22.0;516.0;30.0;0.0;30.0;770.0;24.0;39.0;4;5;5;4;4;4;4;1;0;0;0;0;0;0;0;0;0;0;0;0;0;0;0;0.0;0.0;0.0;0.0;0.0;1.0;0.0;0.0;0.0;0.0;0.0;0.0;0.0;0.0;0.0;0.0;0.0;0.0;0.0;0.0;0.0;0.0;0.0;0.0;0.0;0.0;1.0;0.0;0.0;0.0;0.0;0.0;0.0;0.0;0.0;3.0;0.0;1.0;0.0;4.0;2.0;0;1;30;0;PARANAGUÁ;REGIÃO LESTE;76
8303.0;2020-05-31;6.0;14.0;18.0;23.0;570.0;27.0;2.0;6.0;20.0;425.0;27.0;0.0;27.0;715.0;29.0;59.0;5;4;4;4;5;5;4;0;0;0;0;0;0;0;1;0;0;0;0;0;0;0;0;0.0;0.0;0.0;0.0;0.0;1.0;0.0;0.0;0.0;0.0;0.0;0.0;0.0;0.0;0.0;0.0;0.0;0.0;0.0;0.0;0.0;0.0;0.0;0.0;0.0;0.0;1.0;0.0;0.0;0.0;0.0;0.0;0.0;0.0;0.0;3.0;0.0;1.0;0.0;4.0;2.0;0;0;31;0;PARANAGUÁ;REGIÃO LESTE;77
7872.0;2020-06-30;10.0;12.0;19.0;24.0;571.0;30.0;7.0;10.0;21.0;468.0;30.0;0.0;30.0;675.0;57.0;209.0;4;4;4;5;4;4;5;0;0;0;0;0;0;1;0;0;0;0;0;0;0;0;0;0.0;0.0;0.0;0.0;0.0;1.0;0.0;0.0;0.0;0.0;0.0;0.0;0.0;0.0;0.0;0.0;0.0;0.0;0.0;0.0;0.0;0.0;0.0;0.0;0.0;0.0;1.0;0.0;0.0;0.0;0.0;0.0;0.0;0.0;0.0;3.0;0.0;1.0;0.0;4.0;2.0;0;1;30;0;PARANAGUÁ;REGIÃO LESTE;78
8215.0;2020-07-31;5.0;11.0;17.0;22.0;533.0;27.0;1.0;5.0;19.0;408.0;27.0;0.0;27.0;657.0;11.0;22.0;4;5;5;4;5;4;4;0;0;0;0;0;1;0;0;0;0;0;0;0;0;0;0;0.0;0.0;0.0;0.0;0.0;1.0;0.0;0.0;0.0;0.0;0.0;0.0;0.0;0.0;0.0;0.0;0.0;0.0;0.0;0.0;0.0;0.0;0.0;0.0;0.0;0.0;1.0;0.0;0.0;0.0;0.0;0.0;0.0;0.0;0.0;3.0;0.0;1.0;0.0;4.0;2.0;0;0;31;0;PARANAGUÁ;REGIÃO LESTE;79
7905.0;2020-08-31;5.0;7.0;17.0;23.0;539.0;31.0;7.0;5.0;17.0;410.0;31.0;0.0;31.0;667.0;46.0;226.0;5;4;4;5;4;5;4;0;1;0;0;0;0;0;0;0;0;0;0;0;0;0;0;0.0;0.0;0.0;0.0;0.0;1.0;0.0;0.0;0.0;0.0;0.0;0.0;0.0;0.0;0.0;0.0;0.0;0.0;0.0;0.0;0.0;0.0;0.0;0.0;0.0;0.0;1.0;0.0;0.0;0.0;0.0;0.0;0.0;0.0;0.0;3.0;0.0;1.0;0.0;4.0;2.0;0;0;31;0;PARANAGUÁ;REGIÃO LESTE;80
9000.0;2020-09-30;11.0;12.0;20.0;25.0;611.0;33.0;1.0;11.0;19.0;481.0;33.0;0.0;33.0;740.0;18.0;41.0;4;5;4;4;4;4;5;0;0;0;0;0;0;0;0;0;0;0;1;0;0;0;0;0.0;0.0;0.0;0.0;0.0;1.0;0.0;0.0;0.0;0.0;0.0;0.0;0.0;0.0;0.0;0.0;0.0;0.0;0.0;0.0;0.0;0.0;0.0;0.0;0.0;0.0;1.0;0.0;0.0;0.0;0.0;0.0;0.0;0.0;0.0;3.0;0.0;1.0;0.0;4.0;2.0;0;0;30;0;PARANAGUÁ;REGIÃO LESTE;81
9145.0;2020-10-31;12.0;15.0;21.0;28.0;647.0;35.0;2.0;12.0;20.0;527.0;35.0;0.0;35.0;766.0;24.0;67.0;4;4;5;4;5;5;4;0;0;0;0;0;0;0;0;0;0;1;0;0;0;0;0;0.0;0.0;0.0;0.0;0.0;1.0;0.0;0.0;0.0;0.0;0.0;0.0;0.0;0.0;0.0;0.0;0.0;0.0;0.0;0.0;0.0;0.0;0.0;0.0;0.0;0.0;1.0;0.0;0.0;0.0;0.0;0.0;0.0;0.0;0.0;3.0;0.0;1.0;0.0;4.0;2.0;0;0;31;0;PARANAGUÁ;REGIÃO LESTE;82
9840.0;2020-11-30;11.0;15.0;21.0;27.0;632.0;33.0;5.0;11.0;21.0;518.0;33.0;0.0;33.0;746.0;56.0;161.0;5;4;4;5;4;4;4;0;0;0;0;0;0;0;0;0;1;0;0;0;0;0;0;0.0;0.0;0.0;0.0;0.0;1.0;0.0;0.0;0.0;0.0;0.0;0.0;0.0;0.0;0.0;0.0;0.0;0.0;0.0;0.0;0.0;0.0;0.0;0.0;0.0;0.0;1.0;0.0;0.0;0.0;0.0;0.0;0.0;0.0;0.0;3.0;0.0;1.0;0.0;4.0;2.0;0;0;30;0;PARANAGUÁ;REGIÃO LESTE;83
11749.0;2020-12-31;18.0;18.0;24.0;27.0;737.0;32.0;5.0;18.0;24.0;628.0;32.0;0.0;32.0;845.0;26.0;140.0;4;5;5;4;4;4;5;0;0;1;0;0;0;0;0;0;0;0;0;0;0;0;0;0.0;0.0;0.0;0.0;0.0;1.0;0.0;0.0;0.0;0.0;0.0;0.0;0.0;0.0;0.0;0.0;0.0;0.0;0.0;0.0;0.0;0.0;0.0;0.0;0.0;0.0;1.0;0.0;0.0;0.0;0.0;0.0;0.0;0.0;0.0;3.0;0.0;1.0;0.0;4.0;2.0;0;0;31;0;PARANAGUÁ;REGIÃO LESTE;84
13919.0;2021-01-31;17.0;20.0;24.0;28.0;759.0;32.0;7.0;17.0;24.0;668.0;32.0;0.0;32.0;851.0;38.0;230.0;5;4;4;4;5;5;4;0;0;0;0;1;0;0;0;0;0;0;0;1;0;0;0;0.0;0.0;0.0;0.0;0.0;0.0;0.0;0.0;0.0;0.0;0.0;0.0;0.0;0.0;0.0;0.0;0.0;0.0;0.0;0.0;0.0;0.0;0.0;0.0;0.0;0.0;1.0;0.0;0.0;0.0;0.0;0.0;0.0;0.0;0.0;3.0;0.0;1.0;0.0;4.0;2.0;0;0;31;0;PARANAGUÁ;REGIÃO LESTE;85
12096.0;2021-02-28;16.0;21.0;24.0;28.0;676.0;33.0;5.0;16.0;26.0;567.0;33.0;0.0;33.0;785.0;45.0;152.0;4;4;4;4;4;4;4;0;0;0;1;0;0;0;0;0;0;0;0;1;0;0;0;0.0;0.0;0.0;0.0;0.0;0.0;0.0;0.0;0.0;0.0;0.0;0.0;0.0;0.0;0.0;0.0;0.0;0.0;0.0;0.0;0.0;0.0;0.0;0.0;0.0;0.0;1.0;0.0;0.0;0.0;0.0;0.0;0.0;0.0;0.0;3.0;0.0;1.0;0.0;4.0;2.0;0;3;28;0;PARANAGUÁ;REGIÃO LESTE;86
12183.0;2021-03-31;17.0;21.0;24.0;27.0;756.0;32.0;9.0;17.0;23.0;644.0;32.0;0.0;32.0;868.0;31.0;281.0;4;5;4;5;4;4;5;0;0;0;0;0;0;0;0;1;0;0;0;1;0;0;0;0.0;0.0;0.0;0.0;0.0;0.0;0.0;0.0;0.0;0.0;0.0;0.0;0.0;0.0;0.0;0.0;0.0;0.0;0.0;0.0;0.0;0.0;0.0;0.0;0.0;0.0;1.0;0.0;0.0;0.0;0.0;0.0;0.0;0.0;0.0;3.0;0.0;1.0;0.0;4.0;2.0;0;0;31;0;PARANAGUÁ;REGIÃO LESTE;87
8340.0;2021-04-30;14.0;19.0;21.0;24.0;626.0;29.0;1.0;14.0;19.0;521.0;29.0;0.0;29.0;731.0;10.0;22.0;4;4;5;4;5;4;4;1;0;0;0;0;0;0;0;0;0;0;0;1;0;0;0;0.0;0.0;0.0;0.0;0.0;0.0;0.0;0.0;0.0;0.0;0.0;0.0;0.0;0.0;0.0;0.0;0.0;0.0;0.0;0.0;0.0;0.0;0.0;0.0;0.0;0.0;1.0;0.0;0.0;0.0;0.0;0.0;0.0;0.0;0.0;3.0;0.0;1.0;0.0;4.0;2.0;0;1;30;0;PARANAGUÁ;REGIÃO LESTE;88
8029.0;2021-05-31;8.0;15.0;19.0;23.0;581.0;28.0;5.0;8.0;19.0;462.0;28.0;0.0;28.0;700.0;47.0;151.0;5;4;4;5;4;5;4;0;0;0;0;0;0;0;1;0;0;0;0;1;0;0;0;0.0;0.0;0.0;0.0;0.0;0.0;0.0;0.0;0.0;0.0;0.0;0.0;0.0;0.0;0.0;0.0;0.0;0.0;0.0;0.0;0.0;0.0;0.0;0.0;0.0;0.0;1.0;0.0;0.0;0.0;0.0;0.0;0.0;0.0;0.0;3.0;0.0;1.0;0.0;4.0;2.0;0;0;31;0;PARANAGUÁ;REGIÃO LESTE;89
6870.0;2021-06-30;5.0;10.0;17.0;22.0;521.0;26.0;5.0;5.0;18.0;424.0;26.0;0.0;26.0;618.0;50.0;160.0;4;5;4;4;4;4;5;0;0;0;0;0;0;1;0;0;0;0;0;1;0;0;0;0.0;0.0;0.0;0.0;0.0;0.0;0.0;0.0;0.0;0.0;0.0;0.0;0.0;0.0;0.0;0.0;0.0;0.0;0.0;0.0;0.0;0.0;0.0;0.0;0.0;0.0;1.0;0.0;0.0;0.0;0.0;0.0;0.0;0.0;0.0;3.0;0.0;1.0;0.0;4.0;2.0;0;1;30;0;PARANAGUÁ;REGIÃO LESTE;90
7998.0;2021-07-31;3.0;9.0;15.0;21.0;470.0;27.0;1.0;3.0;15.0;318.0;27.0;0.0;27.0;623.0;29.0;37.0;4;4;5;4;5;5;4;0;0;0;0;0;1;0;0;0;0;0;0;1;0;0;0;0.0;0.0;0.0;0.0;0.0;0.0;0.0;0.0;0.0;0.0;0.0;0.0;0.0;0.0;0.0;0.0;0.0;0.0;0.0;0.0;0.0;0.0;0.0;0.0;0.0;0.0;1.0;0.0;0.0;0.0;0.0;0.0;0.0;0.0;0.0;3.0;0.0;1.0;0.0;4.0;2.0;0;0;31;0;PARANAGUÁ;REGIÃO LESTE;91
9021.0;2021-08-31;10.0;12.0;18.0;23.0;550.0;30.0;4.0;10.0;22.0;438.0;30.0;0.0;30.0;661.0;35.0;129.0;5;4;4;5;4;4;5;0;1;0;0;0;0;0;0;0;0;0;0;1;0;0;0;0.0;0.0;0.0;0.0;0.0;0.0;0.0;0.0;0.0;0.0;0.0;0.0;0.0;0.0;0.0;0.0;0.0;0.0;0.0;0.0;0.0;0.0;0.0;0.0;0.0;0.0;1.0;0.0;0.0;0.0;0.0;0.0;0.0;0.0;0.0;3.0;0.0;1.0;0.0;4.0;2.0;0;0;31;0;PARANAGUÁ;REGIÃO LESTE;92
10710.0;2021-09-30;12.0;13.0;20.0;26.0;591.0;31.0;3.0;12.0;22.0;476.0;31.0;0.0;31.0;706.0;18.0;84.0;4;5;5;4;4;4;4;0;0;0;0;0;0;0;0;0;0;0;1;1;0;0;0;0.0;0.0;0.0;0.0;0.0;0.0;0.0;0.0;0.0;0.0;0.0;0.0;0.0;0.0;0.0;0.0;0.0;0.0;0.0;0.0;0.0;0.0;0.0;0.0;0.0;0.0;1.0;0.0;0.0;0.0;0.0;0.0;0.0;0.0;0.0;3.0;0.0;1.0;0.0;4.0;2.0;0;0;30;0;PARANAGUÁ;REGIÃO LESTE;93
10323.0;2021-10-31;12.0;15.0;18.0;22.0;569.0;26.0;7.0;12.0;19.0;499.0;26.0;0.0;26.0;639.0;54.0;216.0;5;4;4;4;5;5;4;0;0;0;0;0;0;0;0;0;0;1;0;1;0;0;0;0.0;0.0;0.0;0.0;0.0;0.0;0.0;0.0;0.0;0.0;0.0;0.0;0.0;0.0;0.0;0.0;0.0;0.0;0.0;0.0;0.0;0.0;0.0;0.0;0.0;0.0;1.0;0.0;0.0;0.0;0.0;0.0;0.0;0.0;0.0;3.0;0.0;1.0;0.0;4.0;2.0;0;0;0;0;PARANAGUÁ;REGIÃO LESTE;94
14130.0;2021-11-30;13.0;16.0;21.0;26.0;622.0;31.0;3.0;13.0;22.0;522.0;31.0;0.0;31.0;723.0;65.0;93.0;4;4;4;5;4;4;5;0;0;0;0;0;0;0;0;0;1;0;0;1;0;0;0;0.0;0.0;0.0;0.0;0.0;0.0;0.0;0.0;0.0;0.0;0.0;0.0;0.0;0.0;0.0;0.0;0.0;0.0;0.0;0.0;0.0;0.0;0.0;0.0;0.0;0.0;1.0;0.0;0.0;0.0;0.0;0.0;0.0;0.0;0.0;3.0;0.0;1.0;0.0;4.0;2.0;0;0;0;0;PARANAGUÁ;REGIÃO LESTE;95
14477.0;2021-12-31;14.0;18.0;23.0;27.0;702.0;32.0;6.0;14.0;23.0;584.0;32.0;0.0;32.0;820.0;44.0;176.0;4;5;5;4;5;4;4;0;0;1;0;0;0;0;0;0;0;0;0;1;0;0;0;0.0;0.0;0.0;0.0;0.0;0.0;0.0;0.0;0.0;0.0;0.0;0.0;0.0;0.0;0.0;0.0;0.0;0.0;0.0;0.0;0.0;0.0;0.0;0.0;0.0;0.0;1.0;0.0;0.0;0.0;0.0;0.0;0.0;0.0;0.0;3.0;0.0;1.0;0.0;4.0;2.0;0;0;0;0;PARANAGUÁ;REGIÃO LESTE;96
18941.0;2022-01-31;17.0;19.0;25.0;29.0;767.0;34.0;6.0;17.0;25.0;647.0;34.0;0.0;34.0;887.0;55.0;200.0;5;4;4;5;4;5;4;0;0;0;0;1;0;0;0;0;0;0;0;0;1;0;0;0.0;0.0;0.0;0.0;0.0;0.0;0.0;0.0;0.0;0.0;0.0;0.0;0.0;0.0;0.0;0.0;0.0;0.0;0.0;0.0;0.0;0.0;0.0;0.0;0.0;0.0;1.0;0.0;0.0;0.0;0.0;0.0;0.0;0.0;0.0;3.0;0.0;1.0;0.0;4.0;2.0;31;0;0;0;PARANAGUÁ;REGIÃO LESTE;97
35000.0;2022-02-28;15.0;21.0;25.0;28.0;699.0;33.0;3.0;15.0;24.0;577.0;33.0;0.0;33.0;821.0;33.0;74.0;4;4;4;4;4;4;4;0;0;0;1;0;0;0;0;0;0;0;0;0;1;0;0;0.0;0.0;0.0;0.0;0.0;0.0;0.0;0.0;0.0;0.0;0.0;0.0;0.0;0.0;0.0;0.0;0.0;0.0;0.0;0.0;0.0;0.0;0.0;0.0;0.0;0.0;1.0;0.0;0.0;0.0;0.0;0.0;0.0;0.0;0.0;3.0;0.0;1.0;0.0;4.0;2.0;0;1;0;0;PARANAGUÁ;REGIÃO LESTE;98
39990.0;2022-03-31;17.0;18.0;24.0;29.0;758.0;34.0;5.0;17.0;24.0;654.0;34.0;0.0;34.0;862.0;35.0;166.0;4;5;5;4;4;4;5;0;0;0;0;0;0;0;0;1;0;0;0;0;1;0;0;0.0;0.0;0.0;0.0;0.0;0.0;0.0;0.0;0.0;0.0;0.0;0.0;0.0;0.0;0.0;0.0;0.0;0.0;0.0;0.0;0.0;0.0;0.0;0.0;0.0;0.0;1.0;0.0;0.0;0.0;0.0;0.0;0.0;0.0;0.0;3.0;0.0;1.0;0.0;4.0;2.0;0;1;0;0;PARANAGUÁ;REGIÃO LESTE;99
22380.0;2022-04-30;11.0;16.0;21.0;25.0;624.0;31.0;6.0;11.0;21.0;520.0;31.0;0.0;31.0;728.0;56.0;188.0;4;4;4;4;5;5;4;1;0;0;0;0;0;0;0;0;0;0;0;0;1;0;0;0.0;0.0;0.0;0.0;0.0;0.0;0.0;0.0;0.0;0.0;0.0;0.0;0.0;0.0;0.0;0.0;0.0;0.0;0.0;0.0;0.0;0.0;0.0;0.0;0.0;0.0;1.0;0.0;0.0;0.0;0.0;0.0;0.0;0.0;0.0;3.0;0.0;1.0;0.0;4.0;2.0;0;1;0;0;PARANAGUÁ;REGIÃO LESTE;100
17112.0;2022-05-31;6.0;12.0;18.0;23.0;551.0;27.0;4.0;6.0;20.0;439.0;27.0;0.0;27.0;662.0;51.0;128.0;5;4;4;5;4;4;5;0;0;0;0;0;0;0;1;0;0;0;0;0;1;0;0;0.0;0.0;0.0;0.0;0.0;0.0;0.0;0.0;0.0;0.0;0.0;0.0;0.0;0.0;0.0;0.0;0.0;0.0;0.0;0.0;0.0;0.0;0.0;0.0;0.0;0.0;1.0;0.0;0.0;0.0;0.0;0.0;0.0;0.0;0.0;3.0;0.0;1.0;0.0;4.0;2.0;0;0;0;0;PARANAGUÁ;REGIÃO LESTE;101
17730.0;2022-06-30;5.0;11.0;17.0;24.0;519.0;28.0;4.0;5.0;20.0;420.0;28.0;0.0;28.0;617.0;44.0;128.0;4;5;5;4;4;4;4;0;0;0;0;0;0;1;0;0;0;0;0;0;1;0;0;0.0;0.0;0.0;0.0;0.0;0.0;0.0;0.0;0.0;0.0;0.0;0.0;0.0;0.0;0.0;0.0;0.0;0.0;0.0;0.0;0.0;0.0;0.0;0.0;0.0;0.0;1.0;0.0;0.0;0.0;0.0;0.0;0.0;0.0;0.0;3.0;0.0;1.0;0.0;4.0;2.0;0;1;0;0;PARANAGUÁ;REGIÃO LESTE;102
19747.0;2022-07-31;7.0;13.0;19.0;22.0;578.0;27.0;1.0;7.0;19.0;437.0;27.0;0.0;27.0;719.0;16.0;32.0;5;4;4;4;5;5;4;0;0;0;0;0;1;0;0;0;0;0;0;0;1;0;0;0.0;0.0;0.0;0.0;0.0;0.0;0.0;0.0;0.0;0.0;0.0;0.0;0.0;0.0;0.0;0.0;0.0;0.0;0.0;0.0;0.0;0.0;0.0;0.0;0.0;0.0;1.0;0.0;0.0;0.0;0.0;0.0;0.0;0.0;0.0;3.0;0.0;1.0;0.0;4.0;2.0;0;0;0;0;PARANAGUÁ;REGIÃO LESTE;103
19313.0;2022-08-31;5.0;8.0;16.0;21.0;510.0;27.0;5.0;5.0;20.0;413.0;27.0;0.0;27.0;607.0;50.0;142.0;4;5;4;5;4;4;5;0;1;0;0;0;0;0;0;0;0;0;0;0;1;0;0;0.0;0.0;0.0;0.0;0.0;0.0;0.0;0.0;0.0;0.0;0.0;0.0;0.0;0.0;0.0;0.0;0.0;0.0;0.0;0.0;0.0;0.0;0.0;0.0;0.0;0.0;1.0;0.0;0.0;0.0;0.0;0.0;0.0;0.0;0.0;3.0;0.0;1.0;0.0;4.0;2.0;0;0;0;0;PARANAGUÁ;REGIÃO LESTE;104
18900.0;2022-09-30;8.0;11.0;16.0;24.0;471.0;30.0;8.0;8.0;22.0;396.0;30.0;0.0;30.0;546.0;48.0;243.0;4;4;5;4;5;4;4;0;0;0;0;0;0;0;0;0;0;0;1;0;1;0;0;0.0;0.0;0.0;0.0;0.0;0.0;0.0;0.0;0.0;0.0;0.0;0.0;0.0;0.0;0.0;0.0;0.0;0.0;0.0;0.0;0.0;0.0;0.0;0.0;0.0;0.0;1.0;0.0;0.0;0.0;0.0;0.0;0.0;0.0;0.0;3.0;0.0;1.0;0.0;4.0;2.0;0;0;0;0;PARANAGUÁ;REGIÃO LESTE;105
22413.0;2022-10-31;10.0;14.0;20.0;25.0;618.0;30.0;6.0;10.0;21.0;511.0;30.0;0.0;30.0;726.0;44.0;192.0;5;4;4;5;4;5;4;0;0;0;0;0;0;0;0;0;0;1;0;0;1;0;0;0.0;0.0;0.0;0.0;0.0;0.0;0.0;0.0;0.0;0.0;0.0;0.0;0.0;0.0;0.0;0.0;0.0;0.0;0.0;0.0;0.0;0.0;0.0;0.0;0.0;0.0;1.0;0.0;0.0;0.0;0.0;0.0;0.0;0.0;0.0;3.0;0.0;1.0;0.0;4.0;2.0;0;0;0;0;PARANAGUÁ;REGIÃO LESTE;106
25110.0;2022-11-30;10.0;11.0;19.0;23.0;560.0;27.0;5.0;10.0;20.0;460.0;27.0;0.0;27.0;661.0;31.0;137.0;4;5;4;4;4;4;5;0;0;0;0;0;0;0;0;0;1;0;0;0;1;0;0;0.0;0.0;0.0;0.0;0.0;0.0;0.0;0.0;0.0;0.0;0.0;0.0;0.0;0.0;0.0;0.0;0.0;0.0;0.0;0.0;0.0;0.0;0.0;0.0;0.0;0.0;1.0;0.0;0.0;0.0;0.0;0.0;0.0;0.0;0.0;3.0;0.0;1.0;0.0;4.0;2.0;0;0;0;0;PARANAGUÁ;REGIÃO LESTE;107
30535.0;2022-12-31;16.0;18.0;23.0;27.0;701.0;32.0;3.0;16.0;23.0;598.0;32.0;0.0;32.0;803.0;20.0;103.0;4;4;5;4;5;5;4;0;0;1;0;0;0;0;0;0;0;0;0;0;1;0;0;0.0;0.0;0.0;0.0;0.0;0.0;0.0;0.0;0.0;0.0;0.0;0.0;0.0;0.0;0.0;0.0;0.0;0.0;0.0;0.0;0.0;0.0;0.0;0.0;0.0;0.0;1.0;0.0;0.0;0.0;0.0;0.0;0.0;0.0;0.0;3.0;0.0;1.0;0.0;4.0;2.0;0;0;0;0;PARANAGUÁ;REGIÃO LESTE;108
23963.0;2023-01-31;15.0;19.0;24.0;26.0;746.0;32.0;10.0;15.0;23.0;624.0;32.0;0.0;32.0;868.0;50.0;323.0;5;4;4;5;4;4;5;0;0;0;0;1;0;0;0;0;0;0;0;0;0;1;0;0.0;0.0;0.0;0.0;0.0;0.0;0.0;0.0;0.0;0.0;0.0;0.0;0.0;0.0;0.0;0.0;0.0;0.0;0.0;0.0;0.0;0.0;0.0;0.0;0.0;0.0;1.0;0.0;0.0;0.0;0.0;0.0;0.0;0.0;0.0;3.0;0.0;1.0;0.0;4.0;2.0;31;0;0;0;PARANAGUÁ;REGIÃO LESTE;109
38780.0;2023-02-28;16.0;17.0;24.0;26.0;671.0;31.0;8.0;16.0;23.0;571.0;31.0;0.0;31.0;770.0;94.0;218.0;4;4;4;4;4;4;4;0;0;0;1;0;0;0;0;0;0;0;0;0;0;1;0;0.0;0.0;0.0;0.0;0.0;0.0;0.0;0.0;0.0;0.0;0.0;0.0;0.0;0.0;0.0;0.0;0.0;0.0;0.0;0.0;0.0;0.0;0.0;0.0;0.0;0.0;1.0;0.0;0.0;0.0;0.0;0.0;0.0;0.0;0.0;3.0;0.0;1.0;0.0;4.0;2.0;0;3;0;0;PARANAGUÁ;REGIÃO LESTE;110
42470.0;2023-03-31;17.0;21.0;25.0;27.0;763.0;32.0;13.0;17.0;23.0;643.0;32.0;0.0;32.0;884.0;110.0;393.0;4;5;5;4;5;4;4;0;0;0;0;0;0;0;0;1;0;0;0;0;0;1;0;0.0;0.0;0.0;0.0;0.0;0.0;0.0;0.0;0.0;0.0;0.0;0.0;0.0;0.0;0.0;0.0;0.0;0.0;0.0;0.0;0.0;0.0;0.0;0.0;0.0;0.0;1.0;0.0;0.0;0.0;0.0;0.0;0.0;0.0;0.0;3.0;0.0;1.0;0.0;4.0;2.0;0;0;0;0;PARANAGUÁ;REGIÃO LESTE;111
28410.0;2023-04-30;11.0;16.0;21.0;25.0;623.0;30.0;4.0;11.0;21.0;523.0;30.0;0.0;30.0;722.0;52.0;131.0;5;4;4;4;4;5;4;1;0;0;0;0;0;0;0;0;0;0;0;0;0;1;0;0.0;0.0;0.0;0.0;0.0;0.0;0.0;0.0;0.0;0.0;0.0;0.0;0.0;0.0;0.0;0.0;0.0;0.0;0.0;0.0;0.0;0.0;0.0;0.0;0.0;0.0;1.0;0.0;0.0;0.0;0.0;0.0;0.0;0.0;0.0;3.0;0.0;1.0;0.0;4.0;2.0;0;1;0;0;PARANAGUÁ;REGIÃO LESTE;112
27683.0;2023-05-31;10.0;15.0;20.0;25.0;610.0;28.0;2.0;10.0;22.0;487.0;28.0;0.0;28.0;734.0;24.0;64.0;4;5;4;5;4;4;5;0;0;0;0;0;0;0;1;0;0;0;0;0;0;1;0;0.0;0.0;0.0;0.0;0.0;0.0;0.0;0.0;0.0;0.0;0.0;0.0;0.0;0.0;0.0;0.0;0.0;0.0;0.0;0.0;0.0;0.0;0.0;0.0;0.0;0.0;1.0;0.0;0.0;0.0;0.0;0.0;0.0;0.0;0.0;3.0;0.0;1.0;0.0;4.0;2.0;0;0;0;0;PARANAGUÁ;REGIÃO LESTE;113
20400.0;2023-06-30;9.0;13.0;18.0;23.0;538.0;28.0;3.0;9.0;19.0;412.0;28.0;0.0;28.0;664.0;28.0;92.0;4;4;5;4;5;4;4;0;0;0;0;0;0;1;0;0;0;0;0;0;0;1;0;0.0;0.0;0.0;0.0;0.0;0.0;0.0;0.0;0.0;0.0;0.0;0.0;0.0;0.0;0.0;0.0;0.0;0.0;0.0;0.0;0.0;0.0;0.0;0.0;0.0;0.0;1.0;0.0;0.0;0.0;0.0;0.0;0.0;0.0;0.0;3.0;0.0;1.0;0.0;4.0;2.0;0;1;0;0;PARANAGUÁ;REGIÃO LESTE;114
16802.0;2023-07-31;6.0;11.0;17.0;22.0;527.0;26.0;4.0;6.0;19.0;432.0;26.0;0.0;26.0;622.0;60.0;137.0;5;4;4;5;4;5;4;0;0;0;0;0;1;0;0;0;0;0;0;0;0;1;0;0.0;0.0;0.0;0.0;0.0;0.0;0.0;0.0;0.0;0.0;0.0;0.0;0.0;0.0;0.0;0.0;0.0;0.0;0.0;0.0;0.0;0.0;0.0;0.0;0.0;0.0;1.0;0.0;0.0;0.0;0.0;0.0;0.0;0.0;0.0;3.0;0.0;1.0;0.0;4.0;2.0;15;0;0;0;PARANAGUÁ;REGIÃO LESTE;115
22103.0;2023-08-31;8.0;11.0;18.0;26.0;555.0;30.0;5.0;8.0;23.0;442.0;30.0;0.0;30.0;668.0;50.0;158.0;4;5;5;4;4;4;5;0;1;0;0;0;0;0;0;0;0;0;0;0;0;1;0;0.0;0.0;0.0;0.0;0.0;0.0;0.0;0.0;0.0;0.0;0.0;0.0;0.0;0.0;0.0;0.0;0.0;0.0;0.0;0.0;0.0;0.0;0.0;0.0;0.0;0.0;1.0;0.0;0.0;0.0;0.0;0.0;0.0;0.0;0.0;3.0;0.0;1.0;0.0;4.0;2.0;0;0;0;0;PARANAGUÁ;REGIÃO LESTE;116
27870.0;2023-09-30;11.0;14.0;21.0;27.0;622.0;33.0;6.0;11.0;24.0;509.0;33.0;0.0;33.0;734.0;58.0;175.0;4;4;4;4;5;5;4;0;0;0;0;0;0;0;0;0;0;0;1;0;0;1;0;0.0;0.0;0.0;0.0;0.0;0.0;0.0;0.0;0.0;0.0;0.0;0.0;0.0;0.0;0.0;0.0;0.0;0.0;0.0;0.0;0.0;0.0;0.0;0.0;0.0;0.0;1.0;0.0;0.0;0.0;0.0;0.0;0.0;0.0;0.0;3.0;0.0;1.0;0.0;4.0;2.0;0;0;0;0;PARANAGUÁ;REGIÃO LESTE;117
23715.0;2023-10-31;13.0;14.0;20.0;25.0;619.0;31.0;16.0;13.0;22.0;536.0;31.0;0.0;31.0;702.0;85.0;505.0;5;4;4;5;4;4;5;0;0;0;0;0;0;0;0;0;0;1;0;0;0;1;0;0.0;0.0;0.0;0.0;0.0;0.0;0.0;0.0;0.0;0.0;0.0;0.0;0.0;0.0;0.0;0.0;0.0;0.0;0.0;0.0;0.0;0.0;0.0;0.0;0.0;0.0;1.0;0.0;0.0;0.0;0.0;0.0;0.0;0.0;0.0;3.0;0.0;1.0;0.0;4.0;2.0;0;0;0;0;PARANAGUÁ;REGIÃO LESTE;118
32070.0;2023-11-30;11.0;17.0;22.0;27.0;656.0;34.0;5.0;11.0;23.0;556.0;34.0;0.0;34.0;756.0;38.0;159.0;4;5;5;4;4;4;4;0;0;0;0;0;0;0;0;0;1;0;0;0;0;1;0;0.0;0.0;0.0;0.0;0.0;0.0;0.0;0.0;0.0;0.0;0.0;0.0;0.0;0.0;0.0;0.0;0.0;0.0;0.0;0.0;0.0;0.0;0.0;0.0;0.0;0.0;1.0;0.0;0.0;0.0;0.0;0.0;0.0;0.0;0.0;3.0;0.0;1.0;0.0;4.0;2.0;0;0;0;0;PARANAGUÁ;REGIÃO LESTE;119
32271.0;2023-12-31;16.0;19.0;24.0;29.0;757.0;35.0;3.0;16.0;24.0;637.0;35.0;0.0;35.0;878.0;55.0;79.0;5;4;4;4;5;5;4;0;0;1;0;0;0;0;0;0;0;0;0;0;0;1;0;0.0;0.0;0.0;0.0;0.0;0.0;0.0;0.0;0.0;0.0;0.0;0.0;0.0;0.0;0.0;0.0;0.0;0.0;0.0;0.0;0.0;0.0;0.0;0.0;0.0;0.0;1.0;0.0;0.0;0.0;0.0;0.0;0.0;0.0;0.0;3.0;0.0;1.0;0.0;4.0;2.0;0;0;0;0;PARANAGUÁ;REGIÃO LESTE;120
27683.0;2024-01-31;16.0;19.0;25.0;29.0;763.0;36.0;6.0;16.0;26.0;645.0;36.0;0.0;36.0;882.0;66.0;176.0;4;5;4;5;4;4;5;0;0;0;0;1;0;0;0;0;0;0;0;0;0;0;1;0.0;0.0;0.0;0.0;0.0;0.0;0.0;0.0;0.0;0.0;0.0;0.0;0.0;0.0;0.0;0.0;0.0;0.0;0.0;0.0;0.0;0.0;0.0;0.0;0.0;0.0;1.0;0.0;0.0;0.0;0.0;0.0;0.0;0.0;0.0;3.0;0.0;1.0;0.0;4.0;2.0;31;0;0;0;PARANAGUÁ;REGIÃO LESTE;121
39991.0;2024-02-29;19.0;20.0;25.0;29.0;725.0;33.0;7.0;19.0;24.0;616.0;33.0;0.0;33.0;834.0;52.0;213.0;4;4;5;4;4;4;4;0;0;0;1;0;0;0;0;0;0;0;0;0;0;0;1;0.0;0.0;0.0;0.0;0.0;0.0;0.0;0.0;0.0;0.0;0.0;0.0;0.0;0.0;0.0;0.0;0.0;0.0;0.0;0.0;0.0;0.0;0.0;0.0;0.0;0.0;1.0;0.0;0.0;0.0;0.0;0.0;0.0;0.0;0.0;3.8620689655172415;0.0;1.0;0.0;4.0;2.0;0;3;0;0;PARANAGUÁ;REGIÃO LESTE;122
34193.0;2024-03-31;17.0;19.0;25.0;30.0;773.0;35.0;3.0;17.0;26.0;664.0;35.0;0.0;35.0;882.0;60.0;83.0;5;4;4;4;5;5;4;0;0;0;0;0;0;0;0;1;0;0;0;0;0;0;1;0.0;0.0;0.0;0.0;0.0;0.0;0.0;0.0;0.0;0.0;0.0;0.0;0.0;0.0;0.0;0.0;0.0;0.0;0.0;0.0;0.0;0.0;0.0;0.0;0.0;0.0;1.0;0.0;0.0;0.0;0.0;0.0;0.0;0.0;0.0;4.0;0.0;1.0;0.0;4.0;2.0;0;1;0;0;PARANAGUÁ;REGIÃO LESTE;123
23580.0;2024-04-30;12.0;18.0;23.0;28.0;702.0;33.0;4.0;12.0;24.0;595.0;33.0;0.0;33.0;810.0;70.0;113.0;4;4;4;5;4;4;5;1;0;0;0;0;0;0;0;0;0;0;0;0;0;0;1;0.0;0.0;0.0;0.0;0.0;0.0;0.0;0.0;0.0;0.0;0.0;0.0;0.0;0.0;0.0;0.0;0.0;0.0;0.0;0.0;0.0;0.0;0.0;0.0;0.0;0.0;1.0;0.0;0.0;0.0;0.0;0.0;0.0;0.0;0.0;4.0;0.0;1.0;0.0;4.0;2.0;0;0;0;0;PARANAGUÁ;REGIÃO LESTE;124
18724.0;2024-05-31;7.0;14.0;21.0;26.0;649.0;31.0;1.0;7.0;22.0;541.0;31.0;0.0;31.0;757.0;17.0;37.0;4;5;5;4;5;4;4;0;0;0;0;0;0;0;1;0;0;0;0;0;0;0;1;0.0;0.0;0.0;0.0;0.0;0.0;0.0;0.0;0.0;0.0;0.0;0.0;0.0;0.0;0.0;0.0;0.0;0.0;0.0;0.0;0.0;0.0;0.0;0.0;0.0;0.0;1.0;0.0;0.0;0.0;0.0;0.0;0.0;0.0;0.0;4.0;0.0;1.0;0.0;4.0;2.0;0;1;0;30;PARANAGUÁ;REGIÃO LESTE;125
15360.0;2024-06-30;7.0;12.0;20.0;23.0;611.0;29.0;1.0;7.0;19.0;472.0;29.0;0.0;29.0;749.0;17.0;37.0;5;4;4;4;4;5;4;0;0;0;0;0;0;1;0;0;0;0;0;0;0;0;1;0.0;0.0;0.0;0.0;0.0;0.0;0.0;0.0;0.0;0.0;0.0;0.0;0.0;0.0;0.0;0.0;0.0;0.0;0.0;0.0;0.0;0.0;0.0;0.0;0.0;0.0;1.0;0.0;0.0;0.0;0.0;0.0;0.0;0.0;0.0;4.0;0.0;1.0;0.0;4.0;2.0;0;0;0;30;PARANAGUÁ;REGIÃO LESTE;126
17980.0;2024-07-31;7.0;12.0;16.0;20.0;504.0;27.0;2.0;7.0;17.0;388.0;27.0;0.0;27.0;621.0;19.0;52.0;4;5;4;5;4;4;5;0;0;0;0;0;1;0;0;0;0;0;0;0;0;0;1;0.0;0.0;0.0;0.0;0.0;0.0;0.0;0.0;0.0;0.0;0.0;0.0;0.0;0.0;0.0;0.0;0.0;0.0;0.0;0.0;0.0;0.0;0.0;0.0;0.0;0.0;1.0;0.0;0.0;0.0;0.0;0.0;0.0;0.0;0.0;4.0;0.0;1.0;0.0;4.0;2.0;12;0;0;0;PARANAGUÁ;REGIÃO LESTE;127
22785.0;2024-08-31;4.0;9.0;18.0;24.0;558.0;31.0;2.0;4.0;19.0;390.0;31.0;0.0;31.0;726.0;28.0;47.0;4;4;5;4;5;5;4;0;1;0;0;0;0;0;0;0;0;0;0;0;0;0;1;0.0;0.0;0.0;0.0;0.0;0.0;0.0;0.0;0.0;0.0;0.0;0.0;0.0;0.0;0.0;0.0;0.0;0.0;0.0;0.0;0.0;0.0;0.0;0.0;0.0;0.0;1.0;0.0;0.0;0.0;0.0;0.0;0.0;0.0;0.0;4.0;0.0;1.0;0.0;4.0;2.0;0;0;0;0;PARANAGUÁ;REGIÃO LESTE;128
23490.0;2024-09-30;12.0;13.0;21.0;25.0;628.0;33.0;1.0;12.0;20.0;480.0;33.0;0.0;33.0;776.0;13.0;45.0;5;4;4;5;4;4;4;0;0;0;0;0;0;0;0;0;0;0;1;0;0;0;1;0.0;0.0;0.0;0.0;0.0;0.0;0.0;0.0;0.0;0.0;0.0;0.0;0.0;0.0;0.0;0.0;0.0;0.0;0.0;0.0;0.0;0.0;0.0;0.0;0.0;0.0;1.0;0.0;0.0;0.0;0.0;0.0;0.0;0.0;0.0;4.0;0.0;1.0;0.0;4.0;2.0;0;0;0;0;PARANAGUÁ;REGIÃO LESTE;129
32457.0;2024-10-31;13.0;14.0;21.0;26.0;638.0;33.0;3.0;13.0;21.0;543.0;33.0;0.0;33.0;733.0;29.0;108.0;4;5;5;4;4;4;5;0;0;0;0;0;0;0;0;0;0;1;0;0;0;0;1;0.0;0.0;0.0;0.0;0.0;0.0;0.0;0.0;0.0;0.0;0.0;0.0;0.0;0.0;0.0;0.0;0.0;0.0;0.0;0.0;0.0;0.0;0.0;0.0;0.0;0.0;1.0;0.0;0.0;0.0;0.0;0.0;0.0;0.0;0.0;4.0;0.0;1.0;0.0;4.0;2.0;0;0;0;0;PARANAGUÁ;REGIÃO LESTE;130
15100.0;2014-02-28;22.0;27.0;27.0;27.0;743.0;31.0;5.0;22.0;22.0;606.0;31.0;5.0;31.0;879.0;5.0;131.0;4;4;4;4;4;4;4;0;0;0;1;0;0;0;0;0;0;0;0;0;0;0;0;0.0;0.0;0.0;0.0;0.0;0.0;1.0;0.0;0.0;0.0;0.0;0.0;0.0;0.0;0.0;0.0;0.0;0.0;0.0;0.0;0.0;0.0;0.0;0.0;0.0;0.0;0.0;1.0;0.0;0.0;0.0;0.0;0.0;0.0;0.0;2.857142857142857;2.0;0.0;0.0;1.8571428571428572;0.0;0;0;0;0;PARANAVAÍ;REGIÃO NORTE;1
14461.0;2014-03-31;21.0;26.0;26.0;26.0;814.0;31.0;4.0;21.0;21.0;666.0;31.0;4.0;31.0;962.0;4.0;114.0;5;4;4;5;4;5;4;0;0;0;0;0;0;0;0;1;0;0;0;0;0;0;0;0.0;0.0;0.0;0.0;0.0;0.0;1.0;0.0;0.0;0.0;0.0;0.0;0.0;0.0;0.0;0.0;0.0;0.0;0.0;0.0;0.0;0.0;0.0;0.0;0.0;0.0;0.0;1.0;0.0;0.0;0.0;0.0;0.0;0.0;0.0;3.0;2.0;0.0;0.0;2.0;0.0;0;3;0;0;PARANAVAÍ;REGIÃO NORTE;2
13516.0;2014-04-30;19.0;24.0;24.0;24.0;732.0;30.0;4.0;19.0;19.0;579.0;30.0;4.0;30.0;885.0;4.0;112.0;4;5;4;4;4;4;5;1;0;0;0;0;0;0;0;0;0;0;0;0;0;0;0;0.0;0.0;0.0;0.0;0.0;0.0;1.0;0.0;0.0;0.0;0.0;0.0;0.0;0.0;0.0;0.0;0.0;0.0;0.0;0.0;0.0;0.0;0.0;0.0;0.0;0.0;0.0;1.0;0.0;0.0;0.0;0.0;0.0;0.0;0.0;3.0;2.0;0.0;0.0;2.0;0.0;0;1;0;0;PARANAVAÍ;REGIÃO NORTE;3
11853.0;2014-05-31;17.0;21.0;21.0;21.0;658.0;26.0;3.0;17.0;17.0;516.0;26.0;3.0;26.0;800.0;3.0;92.0;4;4;5;4;5;5;4;0;0;0;0;0;0;0;1;0;0;0;0;0;0;0;0;0.0;0.0;0.0;0.0;0.0;0.0;1.0;0.0;0.0;0.0;0.0;0.0;0.0;0.0;0.0;0.0;0.0;0.0;0.0;0.0;0.0;0.0;0.0;0.0;0.0;0.0;0.0;1.0;0.0;0.0;0.0;0.0;0.0;0.0;0.0;3.0;2.0;0.0;0.0;2.0;0.0;0;0;0;0;PARANAVAÍ;REGIÃO NORTE;4
9690.0;2014-06-30;16.0;20.0;20.0;20.0;608.0;25.0;2.0;16.0;16.0;468.0;25.0;2.0;25.0;749.0;2.0;72.0;5;4;4;5;4;4;4;0;0;0;0;0;0;1;0;0;0;0;0;0;0;0;0;0.0;0.0;0.0;0.0;0.0;0.0;1.0;0.0;0.0;0.0;0.0;0.0;0.0;0.0;0.0;0.0;0.0;0.0;0.0;0.0;0.0;0.0;0.0;0.0;0.0;0.0;0.0;1.0;0.0;0.0;0.0;0.0;0.0;0.0;0.0;3.0;2.0;0.0;0.0;2.0;0.0;0;1;0;0;PARANAVAÍ;REGIÃO NORTE;5
10613.0;2014-07-31;15.0;20.0;20.0;20.0;622.0;25.0;2.0;15.0;15.0;453.0;25.0;2.0;25.0;790.0;2.0;76.0;4;5;5;4;4;4;5;0;0;0;0;0;1;0;0;0;0;0;0;0;0;0;0;0.0;0.0;0.0;0.0;0.0;0.0;1.0;0.0;0.0;0.0;0.0;0.0;0.0;0.0;0.0;0.0;0.0;0.0;0.0;0.0;0.0;0.0;0.0;0.0;0.0;0.0;0.0;1.0;0.0;0.0;0.0;0.0;0.0;0.0;0.0;3.0;2.0;0.0;0.0;2.0;0.0;19;0;0;0;PARANAVAÍ;REGIÃO NORTE;6
12986.0;2014-08-31;16.0;22.0;22.0;22.0;667.0;27.0;5.0;16.0;16.0;498.0;27.0;5.0;27.0;836.0;5.0;147.0;5;4;4;4;5;5;4;0;1;0;0;0;0;0;0;0;0;0;0;0;0;0;0;0.0;0.0;0.0;0.0;0.0;0.0;1.0;0.0;0.0;0.0;0.0;0.0;0.0;0.0;0.0;0.0;0.0;0.0;0.0;0.0;0.0;0.0;0.0;0.0;0.0;0.0;0.0;1.0;0.0;0.0;0.0;0.0;0.0;0.0;0.0;3.0;2.0;0.0;0.0;2.0;0.0;0;0;0;0;PARANAVAÍ;REGIÃO NORTE;7
14132.0;2014-09-30;18.0;24.0;24.0;24.0;725.0;30.0;5.0;18.0;18.0;550.0;30.0;5.0;30.0;901.0;5.0;135.0;4;4;4;5;4;4;5;0;0;0;0;0;0;0;0;0;0;0;1;0;0;0;0;0.0;0.0;0.0;0.0;0.0;0.0;1.0;0.0;0.0;0.0;0.0;0.0;0.0;0.0;0.0;0.0;0.0;0.0;0.0;0.0;0.0;0.0;0.0;0.0;0.0;0.0;0.0;1.0;0.0;0.0;0.0;0.0;0.0;0.0;0.0;3.0;2.0;0.0;0.0;2.0;0.0;0;0;0;0;PARANAVAÍ;REGIÃO NORTE;8
15083.0;2014-10-31;20.0;25.0;25.0;25.0;786.0;30.0;7.0;20.0;20.0;628.0;30.0;7.0;30.0;944.0;7.0;232.0;4;5;5;4;5;4;4;0;0;0;0;0;0;0;0;0;0;1;0;0;0;0;0;0.0;0.0;0.0;0.0;0.0;0.0;1.0;0.0;0.0;0.0;0.0;0.0;0.0;0.0;0.0;0.0;0.0;0.0;0.0;0.0;0.0;0.0;0.0;0.0;0.0;0.0;0.0;1.0;0.0;0.0;0.0;0.0;0.0;0.0;0.0;3.0;2.0;0.0;0.0;2.0;0.0;0;0;0;0;PARANAVAÍ;REGIÃO NORTE;9
17599.0;2014-11-30;21.0;26.0;26.0;26.0;773.0;31.0;4.0;21.0;21.0;618.0;31.0;4.0;31.0;929.0;4.0;116.0;5;4;4;4;4;5;4;0;0;0;0;0;0;0;0;0;1;0;0;0;0;0;0;0.0;0.0;0.0;0.0;0.0;0.0;1.0;0.0;0.0;0.0;0.0;0.0;0.0;0.0;0.0;0.0;0.0;0.0;0.0;0.0;0.0;0.0;0.0;0.0;0.0;0.0;0.0;1.0;0.0;0.0;0.0;0.0;0.0;0.0;0.0;3.0;2.0;0.0;0.0;2.0;0.0;0;0;0;0;PARANAVAÍ;REGIÃO NORTE;10
14733.0;2014-12-31;21.0;26.0;26.0;26.0;817.0;31.0;5.0;21.0;21.0;666.0;31.0;5.0;31.0;968.0;5.0;143.0;4;5;4;5;4;4;5;0;0;1;0;0;0;0;0;0;0;0;0;0;0;0;0;0.0;0.0;0.0;0.0;0.0;0.0;1.0;0.0;0.0;0.0;0.0;0.0;0.0;0.0;0.0;0.0;0.0;0.0;0.0;0.0;0.0;0.0;0.0;0.0;0.0;0.0;0.0;1.0;0.0;0.0;0.0;0.0;0.0;0.0;0.0;3.0;2.0;0.0;0.0;2.0;0.0;0;0;0;0;PARANAVAÍ;REGIÃO NORTE;11
11566.0;2015-01-31;21.0;26.0;28.0;31.0;867.0;37.0;4.0;21.0;25.0;709.0;37.0;0.0;37.0;1025.0;27.0;129.0;4;4;5;4;5;5;4;0;0;0;0;1;0;0;0;0;0;0;0;0;0;0;0;1.0;0.0;0.0;0.0;0.0;0.0;0.0;0.0;0.0;0.0;0.0;0.0;0.0;0.0;0.0;0.0;0.0;0.0;0.0;0.0;0.0;0.0;0.0;0.0;0.0;0.0;0.0;1.0;0.0;0.0;0.0;0.0;0.0;0.0;0.0;3.0;2.0;0.0;0.0;2.0;0.0;31;0;0;0;PARANAVAÍ;REGIÃO NORTE;12
14467.0;2015-02-28;20.0;23.0;26.0;28.0;730.0;33.0;6.0;20.0;24.0;607.0;33.0;0.0;33.0;853.0;56.0;164.0;4;4;4;4;4;4;4;0;0;0;1;0;0;0;0;0;0;0;0;0;0;0;0;1.0;0.0;0.0;0.0;0.0;0.0;0.0;0.0;0.0;0.0;0.0;0.0;0.0;0.0;0.0;0.0;0.0;0.0;0.0;0.0;0.0;0.0;0.0;0.0;0.0;0.0;0.0;1.0;0.0;0.0;0.0;0.0;0.0;0.0;0.0;3.0;1.9642857142857142;0.0;0.0;2.0;0.0;0;3;0;0;PARANAVAÍ;REGIÃO NORTE;13
21311.0;2015-03-31;18.0;23.0;25.0;27.0;786.0;33.0;2.0;18.0;23.0;648.0;33.0;0.0;33.0;924.0;11.0;51.0;5;4;4;5;4;4;5;0;0;0;0;0;0;0;0;1;0;0;0;0;0;0;0;1.0;0.0;0.0;0.0;0.0;0.0;0.0;0.0;0.0;0.0;0.0;0.0;0.0;0.0;0.0;0.0;0.0;0.0;0.0;0.0;0.0;0.0;0.0;0.0;0.0;0.0;0.0;1.0;0.0;0.0;0.0;0.0;0.0;0.0;0.0;3.0;1.0;0.0;0.0;2.0;0.0;0;0;0;0;PARANAVAÍ;REGIÃO NORTE;14
17860.0;2015-04-30;15.0;21.0;24.0;27.0;721.0;32.0;3.0;15.0;23.0;573.0;32.0;0.0;32.0;870.0;27.0;90.0;4;5;5;4;4;4;4;1;0;0;0;0;0;0;0;0;0;0;0;0;0;0;0;1.0;0.0;0.0;0.0;0.0;0.0;0.0;0.0;0.0;0.0;0.0;0.0;0.0;0.0;0.0;0.0;0.0;0.0;0.0;0.0;0.0;0.0;0.0;0.0;0.0;0.0;0.0;1.0;0.0;0.0;0.0;0.0;0.0;0.0;0.0;3.0;1.0;0.0;0.0;2.0;0.0;0;1;0;0;PARANAVAÍ;REGIÃO NORTE;15
16314.0;2015-05-31;11.0;13.0;20.0;25.0;629.0;28.0;5.0;11.0;21.0;510.0;28.0;0.0;28.0;748.0;72.0;152.0;5;4;4;4;5;5;4;0;0;0;0;0;0;0;1;0;0;0;0;0;0;0;0;1.0;0.0;0.0;0.0;0.0;0.0;0.0;0.0;0.0;0.0;0.0;0.0;0.0;0.0;0.0;0.0;0.0;0.0;0.0;0.0;0.0;0.0;0.0;0.0;0.0;0.0;0.0;1.0;0.0;0.0;0.0;0.0;0.0;0.0;0.0;3.0;1.0;0.0;0.0;2.0;0.0;0;0;0;0;PARANAVAÍ;REGIÃO NORTE;16
14378.0;2015-06-30;8.0;14.0;20.0;24.0;601.0;29.0;0.0;8.0;20.0;464.0;29.0;0.0;29.0;738.0;2.0;5.0;4;4;4;5;4;4;5;0;0;0;0;0;0;1;0;0;0;0;0;0;0;0;0;1.0;0.0;0.0;0.0;0.0;0.0;0.0;0.0;0.0;0.0;0.0;0.0;0.0;0.0;0.0;0.0;0.0;0.0;0.0;0.0;0.0;0.0;0.0;0.0;0.0;0.0;0.0;1.0;0.0;0.0;0.0;0.0;0.0;0.0;0.0;3.0;1.0;0.0;0.0;2.0;0.0;0;1;0;0;PARANAVAÍ;REGIÃO NORTE;17
12986.0;2015-07-31;12.0;14.0;19.0;23.0;601.0;29.0;14.0;12.0;19.0;483.0;29.0;0.0;29.0;718.0;162.0;444.0;4;5;5;4;5;4;4;0;0;0;0;0;1;0;0;0;0;0;0;0;0;0;0;1.0;0.0;0.0;0.0;0.0;0.0;0.0;0.0;0.0;0.0;0.0;0.0;0.0;0.0;0.0;0.0;0.0;0.0;0.0;0.0;0.0;0.0;0.0;0.0;0.0;0.0;0.0;1.0;0.0;0.0;0.0;0.0;0.0;0.0;0.0;3.0;1.0;0.0;0.0;2.0;0.0;15;0;0;0;PARANAVAÍ;REGIÃO NORTE;18
15489.0;2015-08-31;13.0;19.0;23.0;26.0;698.0;34.0;1.0;13.0;20.0;521.0;34.0;0.0;34.0;876.0;16.0;40.0;5;4;4;5;4;5;4;0;1;0;0;0;0;0;0;0;0;0;0;0;0;0;0;1.0;0.0;0.0;0.0;0.0;0.0;0.0;0.0;0.0;0.0;0.0;0.0;0.0;0.0;0.0;0.0;0.0;0.0;0.0;0.0;0.0;0.0;0.0;0.0;0.0;0.0;0.0;1.0;0.0;0.0;0.0;0.0;0.0;0.0;0.0;3.0;1.0;0.0;0.0;2.0;0.0;0;0;0;0;PARANAVAÍ;REGIÃO NORTE;19
17561.0;2015-09-30;10.0;17.0;24.0;30.0;715.0;37.0;11.0;10.0;25.0;560.0;37.0;0.0;37.0;871.0;116.0;344.0;4;5;4;4;4;4;5;0;0;0;0;0;0;0;0;0;0;0;1;0;0;0;0;1.0;0.0;0.0;0.0;0.0;0.0;0.0;0.0;0.0;0.0;0.0;0.0;0.0;0.0;0.0;0.0;0.0;0.0;0.0;0.0;0.0;0.0;0.0;0.0;0.0;0.0;0.0;1.0;0.0;0.0;0.0;0.0;0.0;0.0;0.0;3.0;1.0;0.0;0.0;2.0;0.0;0;0;0;0;PARANAVAÍ;REGIÃO NORTE;20
20904.0;2015-10-31;16.0;19.0;26.0;34.0;803.0;37.0;9.0;16.0;32.0;655.0;37.0;0.0;37.0;952.0;89.0;287.0;4;4;5;4;5;5;4;0;0;0;0;0;0;0;0;0;0;1;0;0;0;0;0;1.0;0.0;0.0;0.0;0.0;0.0;0.0;0.0;0.0;0.0;0.0;0.0;0.0;0.0;0.0;0.0;0.0;0.0;0.0;0.0;0.0;0.0;0.0;0.0;0.0;0.0;0.0;1.0;0.0;0.0;0.0;0.0;0.0;0.0;0.0;3.0;1.0;0.0;0.0;2.0;0.0;0;0;0;0;PARANAVAÍ;REGIÃO NORTE;21
19919.0;2015-11-30;19.0;23.0;26.0;29.0;767.0;34.0;13.0;19.0;25.0;662.0;34.0;0.0;34.0;872.0;147.0;393.0;5;4;4;5;4;4;4;0;0;0;0;0;0;0;0;0;1;0;0;0;0;0;0;1.0;0.0;0.0;0.0;0.0;0.0;0.0;0.0;0.0;0.0;0.0;0.0;0.0;0.0;0.0;0.0;0.0;0.0;0.0;0.0;0.0;0.0;0.0;0.0;0.0;0.0;0.0;1.0;0.0;0.0;0.0;0.0;0.0;0.0;0.0;3.0;1.0;0.0;0.0;2.0;0.0;0;0;0;0;PARANAVAÍ;REGIÃO NORTE;22
16688.0;2015-12-31;19.0;22.0;26.0;29.0;800.0;34.0;6.0;19.0;25.0;680.0;34.0;0.0;34.0;920.0;33.0;185.0;4;5;5;4;4;4;5;0;0;1;0;0;0;0;0;0;0;0;0;0;0;0;0;1.0;0.0;0.0;0.0;0.0;0.0;0.0;0.0;0.0;0.0;0.0;0.0;0.0;0.0;0.0;0.0;0.0;0.0;0.0;0.0;0.0;0.0;0.0;0.0;0.0;0.0;0.0;1.0;0.0;0.0;0.0;0.0;0.0;0.0;0.0;3.0;1.0;0.0;0.0;2.0;0.0;0;0;0;0;PARANAVAÍ;REGIÃO NORTE;23
12246.0;2016-01-31;19.0;24.0;27.0;30.0;834.0;35.0;3.0;19.0;25.0;691.0;35.0;0.0;35.0;977.0;20.0;98.0;5;4;4;4;5;5;4;0;0;0;0;1;0;0;0;0;0;0;0;0;0;0;0;0.0;1.0;0.0;0.0;0.0;0.0;0.0;0.0;0.0;0.0;0.0;0.0;0.0;0.0;0.0;0.0;0.0;0.0;0.0;0.0;0.0;0.0;0.0;0.0;0.0;0.0;0.0;1.0;0.0;0.0;0.0;0.0;0.0;0.0;0.0;3.0;1.0;0.0;0.0;2.0;0.0;31;0;0;0;PARANAVAÍ;REGIÃO NORTE;24
17639.0;2016-02-29;21.0;23.0;27.0;29.0;782.0;34.0;4.0;21.0;24.0;665.0;34.0;0.0;34.0;899.0;30.0;129.0;4;4;4;5;4;4;4;0;0;0;1;0;0;0;0;0;0;0;0;0;0;0;0;0.0;1.0;0.0;0.0;0.0;0.0;0.0;0.0;0.0;0.0;0.0;0.0;0.0;0.0;0.0;0.0;0.0;0.0;0.0;0.0;0.0;0.0;0.0;0.0;0.0;0.0;0.0;1.0;0.0;0.0;0.0;0.0;0.0;0.0;0.0;3.0;1.0;0.0;0.0;2.0;0.0;0;3;0;0;PARANAVAÍ;REGIÃO NORTE;25
25835.0;2016-03-31;17.0;22.0;25.0;29.0;787.0;35.0;3.0;17.0;23.0;637.0;35.0;0.0;35.0;938.0;34.0;88.0;4;5;5;4;4;4;5;0;0;0;0;0;0;0;0;1;0;0;0;0;0;0;0;0.0;1.0;0.0;0.0;0.0;0.0;0.0;0.0;0.0;0.0;0.0;0.0;0.0;0.0;0.0;0.0;0.0;0.0;0.0;0.0;0.0;0.0;0.0;0.0;0.0;0.0;0.0;1.0;0.0;0.0;0.0;0.0;0.0;0.0;0.0;3.0;1.0;0.0;0.0;2.0;0.0;0;1;0;0;PARANAVAÍ;REGIÃO NORTE;26
25186.0;2016-04-30;8.0;13.0;26.0;30.0;777.0;35.0;3.0;8.0;24.0;618.0;35.0;0.0;35.0;935.0;59.0;91.0;4;4;4;4;5;5;4;1;0;0;0;0;0;0;0;0;0;0;0;0;0;0;0;0.0;1.0;0.0;0.0;0.0;0.0;0.0;0.0;0.0;0.0;0.0;0.0;0.0;0.0;0.0;0.0;0.0;0.0;0.0;0.0;0.0;0.0;0.0;0.0;0.0;0.0;0.0;1.0;0.0;0.0;0.0;0.0;0.0;0.0;0.0;3.0;1.0;0.0;0.0;2.0;0.0;0;0;0;0;PARANAVAÍ;REGIÃO NORTE;27
15668.0;2016-05-31;9.0;15.0;19.0;22.0;590.0;28.0;4.0;9.0;20.0;491.0;28.0;0.0;28.0;688.0;42.0;122.0;5;4;4;5;4;4;5;0;0;0;0;0;0;0;1;0;0;0;0;0;0;0;0;0.0;1.0;0.0;0.0;0.0;0.0;0.0;0.0;0.0;0.0;0.0;0.0;0.0;0.0;0.0;0.0;0.0;0.0;0.0;0.0;0.0;0.0;0.0;0.0;0.0;0.0;0.0;1.0;0.0;0.0;0.0;0.0;0.0;0.0;0.0;3.0;1.0;0.0;0.0;2.0;0.0;0;1;0;0;PARANAVAÍ;REGIÃO NORTE;28
13837.0;2016-06-30;5.0;12.0;18.0;21.0;526.0;26.0;1.0;5.0;19.0;397.0;26.0;0.0;26.0;656.0;14.0;28.0;4;5;5;4;4;4;4;0;0;0;0;0;0;1;0;0;0;0;0;0;0;0;0;0.0;1.0;0.0;0.0;0.0;0.0;0.0;0.0;0.0;0.0;0.0;0.0;0.0;0.0;0.0;0.0;0.0;0.0;0.0;0.0;0.0;0.0;0.0;0.0;0.0;0.0;0.0;1.0;0.0;0.0;0.0;0.0;0.0;0.0;0.0;3.0;1.0;0.0;0.0;2.0;0.0;0;0;0;0;PARANAVAÍ;REGIÃO NORTE;29
13752.0;2016-07-31;7.0;13.0;20.0;24.0;613.0;31.0;3.0;7.0;19.0;439.0;31.0;0.0;31.0;787.0;84.0;87.0;5;4;4;4;5;5;4;0;0;0;0;0;1;0;0;0;0;0;0;0;0;0;0;0.0;1.0;0.0;0.0;0.0;0.0;0.0;0.0;0.0;0.0;0.0;0.0;0.0;0.0;0.0;0.0;0.0;0.0;0.0;0.0;0.0;0.0;0.0;0.0;0.0;0.0;0.0;1.0;0.0;0.0;0.0;0.0;0.0;0.0;0.0;3.0;1.0;0.0;0.0;2.0;0.0;14;0;0;0;PARANAVAÍ;REGIÃO NORTE;30
16269.0;2016-08-31;9.0;14.0;21.0;25.0;650.0;33.0;7.0;9.0;21.0;503.0;33.0;0.0;33.0;798.0;76.0;218.0;4;5;4;5;4;4;5;0;1;0;0;0;0;0;0;0;0;0;0;0;0;0;0;0.0;1.0;0.0;0.0;0.0;0.0;0.0;0.0;0.0;0.0;0.0;0.0;0.0;0.0;0.0;0.0;0.0;0.0;0.0;0.0;0.0;0.0;0.0;0.0;0.0;0.0;0.0;1.0;0.0;0.0;0.0;0.0;0.0;0.0;0.0;3.0;1.0;0.0;0.0;2.0;0.0;0;0;0;0;PARANAVAÍ;REGIÃO NORTE;31
16460.0;2016-09-30;9.0;15.0;21.0;27.0;643.0;35.0;3.0;9.0;22.0;460.0;35.0;0.0;35.0;827.0;26.0;77.0;4;4;5;4;5;4;4;0;0;0;0;0;0;0;0;0;0;0;1;0;0;0;0;0.0;1.0;0.0;0.0;0.0;0.0;0.0;0.0;0.0;0.0;0.0;0.0;0.0;0.0;0.0;0.0;0.0;0.0;0.0;0.0;0.0;0.0;0.0;0.0;0.0;0.0;0.0;1.0;0.0;0.0;0.0;0.0;0.0;0.0;0.0;3.0;1.0;0.0;0.0;2.0;0.0;0;0;0;0;PARANAVAÍ;REGIÃO NORTE;32
20182.0;2016-10-31;13.0;19.0;25.0;31.0;760.0;37.0;4.0;13.0;26.0;592.0;37.0;0.0;37.0;927.0;28.0;109.0;5;4;4;5;4;5;4;0;0;0;0;0;0;0;0;0;0;1;0;0;0;0;0;0.0;1.0;0.0;0.0;0.0;0.0;0.0;0.0;0.0;0.0;0.0;0.0;0.0;0.0;0.0;0.0;0.0;0.0;0.0;0.0;0.0;0.0;0.0;0.0;0.0;0.0;0.0;1.0;0.0;0.0;0.0;0.0;0.0;0.0;0.0;3.0;1.0;0.0;0.0;2.0;0.0;0;0;0;0;PARANAVAÍ;REGIÃO NORTE;33
22615.0;2016-11-30;15.0;21.0;26.0;29.0;777.0;35.0;1.0;15.0;25.0;624.0;35.0;0.0;35.0;929.0;8.0;34.0;4;5;4;4;4;4;5;0;0;0;0;0;0;0;0;0;1;0;0;0;0;0;0;0.0;1.0;0.0;0.0;0.0;0.0;0.0;0.0;0.0;0.0;0.0;0.0;0.0;0.0;0.0;0.0;0.0;0.0;0.0;0.0;0.0;0.0;0.0;0.0;0.0;0.0;0.0;1.0;0.0;0.0;0.0;0.0;0.0;0.0;0.0;3.0;1.0;0.0;0.0;2.0;0.0;0;0;0;0;PARANAVAÍ;REGIÃO NORTE;34
19536.0;2016-12-31;17.0;22.0;26.0;30.0;810.0;35.0;5.0;17.0;25.0;674.0;35.0;0.0;35.0;946.0;39.0;153.0;4;4;5;4;5;5;4;0;0;1;0;0;0;0;0;0;0;0;0;0;0;0;0;0.0;1.0;0.0;0.0;0.0;0.0;0.0;0.0;0.0;0.0;0.0;0.0;0.0;0.0;0.0;0.0;0.0;0.0;0.0;0.0;0.0;0.0;0.0;0.0;0.0;0.0;0.0;1.0;0.0;0.0;0.0;0.0;0.0;0.0;0.0;3.0;1.0;0.0;0.0;2.0;0.0;0;0;0;0;PARANAVAÍ;REGIÃO NORTE;35
16446.0;2017-01-31;20.0;24.0;27.0;30.0;836.0;35.0;3.0;20.0;26.0;703.0;35.0;0.0;35.0;969.0;18.0;89.0;5;4;4;5;4;4;5;0;0;0;0;1;0;0;0;0;0;0;0;0;0;0;0;0.0;0.0;1.0;0.0;0.0;0.0;0.0;0.0;0.0;0.0;0.0;0.0;0.0;0.0;0.0;0.0;0.0;0.0;0.0;0.0;0.0;0.0;0.0;0.0;0.0;0.0;0.0;1.0;0.0;0.0;0.0;0.0;0.0;0.0;0.0;3.0;1.0;0.0;0.0;2.0;0.0;31;0;0;0;PARANAVAÍ;REGIÃO NORTE;36
24317.0;2017-02-28;21.0;24.0;28.0;30.0;775.0;36.0;3.0;21.0;25.0;640.0;36.0;0.0;36.0;910.0;30.0;78.0;4;4;4;4;4;4;4;0;0;0;1;0;0;0;0;0;0;0;0;0;0;0;0;0.0;0.0;1.0;0.0;0.0;0.0;0.0;0.0;0.0;0.0;0.0;0.0;0.0;0.0;0.0;0.0;0.0;0.0;0.0;0.0;0.0;0.0;0.0;0.0;0.0;0.0;0.0;1.0;0.0;0.0;0.0;0.0;0.0;0.0;0.0;3.8214285714285716;1.0;0.8214285714285714;0.8214285714285714;2.0;0.0;0;2;0;0;PARANAVAÍ;REGIÃO NORTE;37
28369.0;2017-03-31;17.0;22.0;26.0;28.0;795.0;34.0;4.0;17.0;25.0;661.0;34.0;0.0;34.0;930.0;30.0;111.0;4;5;5;4;5;4;4;0;0;0;0;0;0;0;0;1;0;0;0;0;0;0;0;0.0;0.0;1.0;0.0;0.0;0.0;0.0;0.0;0.0;0.0;0.0;0.0;0.0;0.0;0.0;0.0;0.0;0.0;0.0;0.0;0.0;0.0;0.0;0.0;0.0;0.0;0.0;1.0;0.0;0.0;0.0;0.0;0.0;0.0;0.0;4.0;1.0;1.0;1.0;2.0;0.0;0;1;0;0;PARANAVAÍ;REGIÃO NORTE;38
23682.0;2017-04-30;10.0;18.0;23.0;27.0;688.0;31.0;7.0;10.0;23.0;553.0;31.0;0.0;31.0;823.0;60.0;214.0;5;4;4;4;4;5;4;1;0;0;0;0;0;0;0;0;0;0;0;0;0;0;0;0.0;0.0;1.0;0.0;0.0;0.0;0.0;0.0;0.0;0.0;0.0;0.0;0.0;0.0;0.0;0.0;0.0;0.0;0.0;0.0;0.0;0.0;0.0;0.0;0.0;0.0;0.0;1.0;0.0;0.0;0.0;0.0;0.0;0.0;0.0;4.0;1.0;1.0;1.0;2.0;0.0;0;1;0;0;PARANAVAÍ;REGIÃO NORTE;39
16732.0;2017-05-31;16.0;18.0;21.0;25.0;666.0;29.0;6.0;16.0;21.0;561.0;29.0;0.0;29.0;770.0;77.0;178.0;4;5;4;5;4;4;5;0;0;0;0;0;0;0;1;0;0;0;0;0;0;0;0;0.0;0.0;1.0;0.0;0.0;0.0;0.0;0.0;0.0;0.0;0.0;0.0;0.0;0.0;0.0;0.0;0.0;0.0;0.0;0.0;0.0;0.0;0.0;0.0;0.0;0.0;0.0;1.0;0.0;0.0;0.0;0.0;0.0;0.0;0.0;4.0;1.0;1.0;1.0;2.0;0.0;0;0;0;0;PARANAVAÍ;REGIÃO NORTE;40
13057.0;2017-06-30;7.0;13.0;20.0;24.0;589.0;29.0;6.0;7.0;22.0;464.0;29.0;0.0;29.0;714.0;96.0;180.0;4;4;5;4;5;4;4;0;0;0;0;0;0;1;0;0;0;0;0;0;0;0;0;0.0;0.0;1.0;0.0;0.0;0.0;0.0;0.0;0.0;0.0;0.0;0.0;0.0;0.0;0.0;0.0;0.0;0.0;0.0;0.0;0.0;0.0;0.0;0.0;0.0;0.0;0.0;1.0;0.0;0.0;0.0;0.0;0.0;0.0;0.0;4.0;1.0;1.0;1.0;2.0;0.0;0;1;0;0;PARANAVAÍ;REGIÃO NORTE;41
11127.0;2017-07-31;5.0;11.0;19.0;22.0;597.0;28.0;0.0;5.0;17.0;416.0;28.0;0.0;28.0;778.0;0.0;0.0;5;4;4;5;4;5;4;0;0;0;0;0;1;0;0;0;0;0;0;0;0;0;0;0.0;0.0;1.0;0.0;0.0;0.0;0.0;0.0;0.0;0.0;0.0;0.0;0.0;0.0;0.0;0.0;0.0;0.0;0.0;0.0;0.0;0.0;0.0;0.0;0.0;0.0;0.0;1.0;0.0;0.0;0.0;0.0;0.0;0.0;0.0;4.0;1.0;1.0;1.0;2.0;1.0;16;0;0;0;PARANAVAÍ;REGIÃO NORTE;42
16436.0;2017-08-31;12.0;16.0;22.0;27.0;668.0;34.0;7.0;12.0;25.0;516.0;34.0;0.0;34.0;820.0;101.0;214.0;4;5;5;4;4;4;5;0;1;0;0;0;0;0;0;0;0;0;0;0;0;0;0;0.0;0.0;1.0;0.0;0.0;0.0;0.0;0.0;0.0;0.0;0.0;0.0;0.0;0.0;0.0;0.0;0.0;0.0;0.0;0.0;0.0;0.0;0.0;0.0;0.0;0.0;0.0;1.0;0.0;0.0;0.0;0.0;0.0;0.0;0.0;4.0;1.0;1.0;1.0;2.0;1.0;0;0;0;0;PARANAVAÍ;REGIÃO NORTE;43
20339.0;2017-09-30;16.0;21.0;26.0;28.0;769.0;35.0;2.0;16.0;22.0;578.0;35.0;0.0;35.0;960.0;22.0;48.0;4;4;4;4;5;5;4;0;0;0;0;0;0;0;0;0;0;0;1;0;0;0;0;0.0;0.0;1.0;0.0;0.0;0.0;0.0;0.0;0.0;0.0;0.0;0.0;0.0;0.0;0.0;0.0;0.0;0.0;0.0;0.0;0.0;0.0;0.0;0.0;0.0;0.0;0.0;1.0;0.0;0.0;0.0;0.0;0.0;0.0;0.0;4.0;1.0;1.0;1.0;2.0;1.0;0;0;0;0;PARANAVAÍ;REGIÃO NORTE;44
17952.0;2017-10-31;13.0;19.0;25.0;31.0;762.0;37.0;12.0;13.0;25.0;608.0;37.0;0.0;37.0;916.0;103.0;357.0;5;4;4;5;4;4;5;0;0;0;0;0;0;0;0;0;0;1;0;0;0;0;0;0.0;0.0;1.0;0.0;0.0;0.0;0.0;0.0;0.0;0.0;0.0;0.0;0.0;0.0;0.0;0.0;0.0;0.0;0.0;0.0;0.0;0.0;0.0;0.0;0.0;0.0;0.0;1.0;0.0;0.0;0.0;0.0;0.0;0.0;0.0;4.0;1.0;1.0;1.0;2.0;1.0;0;0;0;0;PARANAVAÍ;REGIÃO NORTE;45
18270.0;2017-11-30;16.0;21.0;25.0;29.0;749.0;36.0;3.0;16.0;23.0;605.0;36.0;0.0;36.0;892.0;27.0;101.0;4;5;5;4;4;4;4;0;0;0;0;0;0;0;0;0;1;0;0;0;0;0;0;0.0;0.0;1.0;0.0;0.0;0.0;0.0;0.0;0.0;0.0;0.0;0.0;0.0;0.0;0.0;0.0;0.0;0.0;0.0;0.0;0.0;0.0;0.0;0.0;0.0;0.0;0.0;1.0;0.0;0.0;0.0;0.0;0.0;0.0;0.0;4.0;1.0;1.0;1.0;2.0;1.0;0;0;0;0;PARANAVAÍ;REGIÃO NORTE;46
17642.0;2017-12-31;19.0;23.0;26.0;30.0;814.0;35.0;4.0;19.0;25.0;688.0;35.0;0.0;35.0;939.0;36.0;127.0;5;4;4;4;5;5;4;0;0;1;0;0;0;0;0;0;0;0;0;0;0;0;0;0.0;0.0;1.0;0.0;0.0;0.0;0.0;0.0;0.0;0.0;0.0;0.0;0.0;0.0;0.0;0.0;0.0;0.0;0.0;0.0;0.0;0.0;0.0;0.0;0.0;0.0;0.0;1.0;0.0;0.0;0.0;0.0;0.0;0.0;0.0;4.0;1.0;1.0;1.0;2.0;1.0;0;0;0;0;PARANAVAÍ;REGIÃO NORTE;47
10352.0;2018-01-31;20.0;22.0;26.0;30.0;810.0;35.0;5.0;20.0;25.0;691.0;35.0;0.0;35.0;930.0;31.0;167.0;4;5;4;5;4;4;5;0;0;0;0;1;0;0;0;0;0;0;0;0;0;0;0;0.0;0.0;0.0;1.0;0.0;0.0;0.0;0.0;0.0;0.0;0.0;0.0;0.0;0.0;0.0;0.0;0.0;0.0;0.0;0.0;0.0;0.0;0.0;0.0;0.0;0.0;0.0;1.0;0.0;0.0;0.0;0.0;0.0;0.0;0.0;4.0;1.0;1.0;1.0;2.0;1.0;31;0;0;0;PARANAVAÍ;REGIÃO NORTE;48
18294.0;2018-02-28;19.0;22.0;25.0;28.0;712.0;34.0;3.0;19.0;23.0;581.0;34.0;0.0;34.0;842.0;41.0;97.0;4;4;4;4;4;4;4;0;0;0;1;0;0;0;0;0;0;0;0;0;0;0;0;0.0;0.0;0.0;1.0;0.0;0.0;0.0;0.0;0.0;0.0;0.0;0.0;0.0;0.0;0.0;0.0;0.0;0.0;0.0;0.0;0.0;0.0;0.0;0.0;0.0;0.0;0.0;1.0;0.0;0.0;0.0;0.0;0.0;0.0;0.0;4.0;1.0;1.0;1.0;2.0;2.0;0;3;0;0;PARANAVAÍ;REGIÃO NORTE;49
31724.0;2018-03-31;20.0;23.0;27.0;29.0;823.0;34.0;3.0;20.0;25.0;699.0;34.0;0.0;34.0;947.0;17.0;94.0;4;4;5;4;5;5;4;0;0;0;0;0;0;0;0;1;0;0;0;0;0;0;0;0.0;0.0;0.0;1.0;0.0;0.0;0.0;0.0;0.0;0.0;0.0;0.0;0.0;0.0;0.0;0.0;0.0;0.0;0.0;0.0;0.0;0.0;0.0;0.0;0.0;0.0;0.0;1.0;0.0;0.0;0.0;0.0;0.0;0.0;0.0;4.0;1.0;1.0;1.0;2.0;2.0;0;1;0;0;PARANAVAÍ;REGIÃO NORTE;50
24346.0;2018-04-30;17.0;22.0;25.0;27.0;748.0;32.0;0.0;17.0;25.0;596.0;32.0;0.0;32.0;899.0;5.0;11.0;5;4;4;5;4;4;4;1;0;0;0;0;0;0;0;0;0;0;0;0;0;0;0;0.0;0.0;0.0;1.0;0.0;0.0;0.0;0.0;0.0;0.0;0.0;0.0;0.0;0.0;0.0;0.0;0.0;0.0;0.0;0.0;0.0;0.0;0.0;0.0;0.0;0.0;0.0;1.0;0.0;0.0;0.0;0.0;0.0;0.0;0.0;4.0;1.0;1.0;1.0;2.0;2.0;0;0;0;0;PARANAVAÍ;REGIÃO NORTE;51
21076.0;2018-05-31;8.0;14.0;21.0;25.0;666.0;31.0;1.0;8.0;21.0;513.0;31.0;0.0;31.0;820.0;16.0;34.0;4;5;5;4;4;4;5;0;0;0;0;0;0;0;1;0;0;0;0;0;0;0;0;0.0;0.0;0.0;1.0;0.0;0.0;0.0;0.0;0.0;0.0;0.0;0.0;0.0;0.0;0.0;0.0;0.0;0.0;0.0;0.0;0.0;0.0;0.0;0.0;0.0;0.0;0.0;1.0;0.0;0.0;0.0;0.0;0.0;0.0;0.0;4.0;1.0;1.0;1.0;2.0;2.0;0;1;0;0;PARANAVAÍ;REGIÃO NORTE;52
13490.0;2018-06-30;10.0;16.0;20.0;25.0;613.0;30.0;2.0;10.0;23.0;498.0;30.0;0.0;30.0;728.0;53.0;68.0;4;4;4;4;5;5;4;0;0;0;0;0;0;1;0;0;0;0;0;0;0;0;0;0.0;0.0;0.0;1.0;0.0;0.0;0.0;0.0;0.0;0.0;0.0;0.0;0.0;0.0;0.0;0.0;0.0;0.0;0.0;0.0;0.0;0.0;0.0;0.0;0.0;0.0;0.0;1.0;0.0;0.0;0.0;0.0;0.0;0.0;0.0;4.0;1.0;1.0;1.0;2.0;2.0;0;0;0;0;PARANAVAÍ;REGIÃO NORTE;53
14688.0;2018-07-31;8.0;14.0;21.0;24.0;665.0;31.0;0.0;8.0;19.0;484.0;31.0;0.0;31.0;847.0;1.0;2.0;5;4;4;5;4;4;5;0;0;0;0;0;1;0;0;0;0;0;0;0;0;0;0;0.0;0.0;0.0;1.0;0.0;0.0;0.0;0.0;0.0;0.0;0.0;0.0;0.0;0.0;0.0;0.0;0.0;0.0;0.0;0.0;0.0;0.0;0.0;0.0;0.0;0.0;0.0;1.0;0.0;0.0;0.0;0.0;0.0;0.0;0.0;4.0;1.0;1.0;1.0;2.0;2.0;16;0;0;0;PARANAVAÍ;REGIÃO NORTE;54
13999.0;2018-08-31;8.0;14.0;19.0;26.0;600.0;33.0;10.0;8.0;19.0;457.0;33.0;0.0;33.0;744.0;78.0;299.0;4;5;5;4;5;4;4;0;1;0;0;0;0;0;0;0;0;0;0;0;0;0;0;0.0;0.0;0.0;1.0;0.0;0.0;0.0;0.0;0.0;0.0;0.0;0.0;0.0;0.0;0.0;0.0;0.0;0.0;0.0;0.0;0.0;0.0;0.0;0.0;0.0;0.0;0.0;1.0;0.0;0.0;0.0;0.0;0.0;0.0;0.0;4.0;1.0;1.0;1.0;2.0;2.0;0;0;0;0;PARANAVAÍ;REGIÃO NORTE;55
16893.0;2018-09-30;11.0;16.0;23.0;29.0;679.0;35.0;7.0;11.0;23.0;529.0;35.0;0.0;35.0;828.0;66.0;210.0;5;4;4;4;4;5;4;0;0;0;0;0;0;0;0;0;0;0;1;0;0;0;0;0.0;0.0;0.0;1.0;0.0;0.0;0.0;0.0;0.0;0.0;0.0;0.0;0.0;0.0;0.0;0.0;0.0;0.0;0.0;0.0;0.0;0.0;0.0;0.0;0.0;0.0;0.0;1.0;0.0;0.0;0.0;0.0;0.0;0.0;0.0;4.0;1.0;1.0;1.0;2.0;2.0;0;0;0;0;PARANAVAÍ;REGIÃO NORTE;56
23054.0;2018-10-31;16.0;21.0;25.0;28.0;763.0;33.0;8.0;16.0;24.0;636.0;33.0;0.0;33.0;891.0;31.0;234.0;4;5;4;5;4;4;5;0;0;0;0;0;0;0;0;0;0;1;0;0;0;0;0;0.0;0.0;0.0;1.0;0.0;0.0;0.0;0.0;0.0;0.0;0.0;0.0;0.0;0.0;0.0;0.0;0.0;0.0;0.0;0.0;0.0;0.0;0.0;0.0;0.0;0.0;0.0;1.0;0.0;0.0;0.0;0.0;0.0;0.0;0.0;4.0;1.0;1.0;1.0;2.0;2.0;0;0;0;0;PARANAVAÍ;REGIÃO NORTE;57
22761.0;2018-11-30;17.0;21.0;26.0;31.0;776.0;36.0;4.0;17.0;28.0;632.0;36.0;0.0;36.0;920.0;39.0;120.0;4;4;5;4;5;4;4;0;0;0;0;0;0;0;0;0;1;0;0;0;0;0;0;0.0;0.0;0.0;1.0;0.0;0.0;0.0;0.0;0.0;0.0;0.0;0.0;0.0;0.0;0.0;0.0;0.0;0.0;0.0;0.0;0.0;0.0;0.0;0.0;0.0;0.0;0.0;1.0;0.0;0.0;0.0;0.0;0.0;0.0;0.0;4.0;1.0;1.0;1.0;2.0;2.0;0;0;0;0;PARANAVAÍ;REGIÃO NORTE;58
21193.0;2018-12-31;16.0;23.0;27.0;30.0;846.0;35.0;2.0;16.0;25.0;691.0;35.0;0.0;35.0;1001.0;22.0;58.0;5;4;4;5;4;5;4;0;0;1;0;0;0;0;0;0;0;0;0;0;0;0;0;0.0;0.0;0.0;1.0;0.0;0.0;0.0;0.0;0.0;0.0;0.0;0.0;0.0;0.0;0.0;0.0;0.0;0.0;0.0;0.0;0.0;0.0;0.0;0.0;0.0;0.0;0.0;1.0;0.0;0.0;0.0;0.0;0.0;0.0;0.0;4.0;1.0;1.0;1.0;2.0;2.0;0;0;0;0;PARANAVAÍ;REGIÃO NORTE;59
14167.0;2019-01-31;22.0;26.0;29.0;32.0;895.0;37.0;3.0;22.0;28.0;759.0;37.0;0.0;37.0;1032.0;53.0;93.0;4;5;5;4;4;4;5;0;0;0;0;1;0;0;0;0;0;0;0;0;0;0;0;0.0;0.0;0.0;0.0;1.0;0.0;0.0;0.0;0.0;0.0;0.0;0.0;0.0;0.0;0.0;0.0;0.0;0.0;0.0;0.0;0.0;0.0;0.0;0.0;0.0;0.0;0.0;1.0;0.0;0.0;0.0;0.0;0.0;0.0;0.0;4.0;1.0;1.0;1.0;2.0;2.0;31;0;0;0;PARANAVAÍ;REGIÃO NORTE;60
22309.0;2019-02-28;19.0;23.0;27.0;31.0;755.0;38.0;3.0;19.0;25.0;625.0;38.0;0.0;38.0;884.0;23.0;76.0;4;4;4;4;4;4;4;0;0;0;1;0;0;0;0;0;0;0;0;0;0;0;0;0.0;0.0;0.0;0.0;1.0;0.0;0.0;0.0;0.0;0.0;0.0;0.0;0.0;0.0;0.0;0.0;0.0;0.0;0.0;0.0;0.0;0.0;0.0;0.0;0.0;0.0;0.0;1.0;0.0;0.0;0.0;0.0;0.0;0.0;0.0;4.0;1.0;1.7857142857142858;1.7857142857142858;2.0;3.0;0;0;0;0;PARANAVAÍ;REGIÃO NORTE;61
26751.0;2019-03-31;18.0;23.0;26.0;28.0;805.0;33.0;4.0;18.0;24.0;670.0;33.0;0.0;33.0;940.0;24.0;138.0;5;4;4;4;5;5;4;0;0;0;0;0;0;0;0;1;0;0;0;0;0;0;0;0.0;0.0;0.0;0.0;1.0;0.0;0.0;0.0;0.0;0.0;0.0;0.0;0.0;0.0;0.0;0.0;0.0;0.0;0.0;0.0;0.0;0.0;0.0;0.0;0.0;0.0;0.0;1.0;0.0;0.0;0.0;0.0;0.0;0.0;0.0;4.0;1.0;2.0;2.0;2.0;3.0;0;3;0;0;PARANAVAÍ;REGIÃO NORTE;62
24498.0;2019-04-30;17.0;22.0;25.0;27.0;752.0;32.0;1.0;17.0;24.0;620.0;32.0;0.0;32.0;884.0;6.0;18.0;4;4;4;5;4;4;5;1;0;0;0;0;0;0;0;0;0;0;0;0;0;0;0;0.0;0.0;0.0;0.0;1.0;0.0;0.0;0.0;0.0;0.0;0.0;0.0;0.0;0.0;0.0;0.0;0.0;0.0;0.0;0.0;0.0;0.0;0.0;0.0;0.0;0.0;0.0;1.0;0.0;0.0;0.0;0.0;0.0;0.0;0.0;4.0;1.0;2.0;2.0;2.0;3.0;0;1;0;0;PARANAVAÍ;REGIÃO NORTE;63
20978.0;2019-05-31;13.0;17.0;22.0;27.0;692.0;31.0;1.0;13.0;23.0;582.0;31.0;0.0;31.0;802.0;13.0;45.0;4;5;5;4;5;4;4;0;0;0;0;0;0;0;1;0;0;0;0;0;0;0;0;0.0;0.0;0.0;0.0;1.0;0.0;0.0;0.0;0.0;0.0;0.0;0.0;0.0;0.0;0.0;0.0;0.0;0.0;0.0;0.0;0.0;0.0;0.0;0.0;0.0;0.0;0.0;1.0;0.0;0.0;0.0;0.0;0.0;0.0;0.0;4.0;1.0;2.0;2.0;2.0;3.0;0;0;0;0;PARANAVAÍ;REGIÃO NORTE;64
15063.0;2019-06-30;11.0;16.0;21.0;24.0;642.0;30.0;1.0;11.0;22.0;509.0;30.0;0.0;30.0;775.0;7.0;20.0;5;4;4;4;4;5;4;0;0;0;0;0;0;1;0;0;0;0;0;0;0;0;0;0.0;0.0;0.0;0.0;1.0;0.0;0.0;0.0;0.0;0.0;0.0;0.0;0.0;0.0;0.0;0.0;0.0;0.0;0.0;0.0;0.0;0.0;0.0;0.0;0.0;0.0;0.0;1.0;0.0;0.0;0.0;0.0;0.0;0.0;0.0;4.0;1.0;2.0;2.0;2.0;3.0;0;1;0;0;PARANAVAÍ;REGIÃO NORTE;65
13634.0;2019-07-31;3.0;10.0;20.0;24.0;614.0;30.0;3.0;3.0;20.0;458.0;30.0;0.0;30.0;769.0;54.0;79.0;4;5;4;5;4;4;5;0;0;0;0;0;1;0;0;0;0;0;0;0;0;0;0;0.0;0.0;0.0;0.0;1.0;0.0;0.0;0.0;0.0;0.0;0.0;0.0;0.0;0.0;0.0;0.0;0.0;0.0;0.0;0.0;0.0;0.0;0.0;0.0;0.0;0.0;0.0;1.0;0.0;0.0;0.0;0.0;0.0;0.0;0.0;4.0;1.0;2.0;2.0;2.0;3.0;16;0;0;0;PARANAVAÍ;REGIÃO NORTE;66
16331.0;2019-08-31;9.0;13.0;22.0;27.0;670.0;33.0;0.0;9.0;22.0;494.0;33.0;0.0;33.0;846.0;0.0;0.0;4;4;5;4;5;5;4;0;1;0;0;0;0;0;0;0;0;0;0;0;0;0;0;0.0;0.0;0.0;0.0;1.0;0.0;0.0;0.0;0.0;0.0;0.0;0.0;0.0;0.0;0.0;0.0;0.0;0.0;0.0;0.0;0.0;0.0;0.0;0.0;0.0;0.0;0.0;1.0;0.0;0.0;0.0;0.0;0.0;0.0;0.0;4.0;1.0;2.0;2.0;2.0;3.0;0;0;0;0;PARANAVAÍ;REGIÃO NORTE;67
20274.0;2019-09-30;14.0;20.0;25.0;30.0;745.0;37.0;3.0;14.0;24.0;583.0;37.0;0.0;37.0;906.0;31.0;96.0;5;4;4;5;4;4;4;0;0;0;0;0;0;0;0;0;0;0;1;0;0;0;0;0.0;0.0;0.0;0.0;1.0;0.0;0.0;0.0;0.0;0.0;0.0;0.0;0.0;0.0;0.0;0.0;0.0;0.0;0.0;0.0;0.0;0.0;0.0;0.0;0.0;0.0;0.0;1.0;0.0;0.0;0.0;0.0;0.0;0.0;0.0;4.0;1.0;2.0;2.0;2.0;3.0;0;0;0;0;PARANAVAÍ;REGIÃO NORTE;68
21454.0;2019-10-31;18.0;21.0;28.0;32.0;862.0;39.0;2.0;18.0;25.0;681.0;39.0;0.0;39.0;1043.0;18.0;56.0;4;5;5;4;4;4;5;0;0;0;0;0;0;0;0;0;0;1;0;0;0;0;0;0.0;0.0;0.0;0.0;1.0;0.0;0.0;0.0;0.0;0.0;0.0;0.0;0.0;0.0;0.0;0.0;0.0;0.0;0.0;0.0;0.0;0.0;0.0;0.0;0.0;0.0;0.0;1.0;0.0;0.0;0.0;0.0;0.0;0.0;0.0;4.0;1.0;2.0;2.0;2.0;3.0;0;0;0;0;PARANAVAÍ;REGIÃO NORTE;69
27309.0;2019-11-30;18.0;24.0;27.0;33.0;816.0;38.0;2.0;18.0;28.0;662.0;38.0;0.0;38.0;969.0;20.0;63.0;4;4;4;4;5;5;4;0;0;0;0;0;0;0;0;0;1;0;0;0;0;0;0;0.0;0.0;0.0;0.0;1.0;0.0;0.0;0.0;0.0;0.0;0.0;0.0;0.0;0.0;0.0;0.0;0.0;0.0;0.0;0.0;0.0;0.0;0.0;0.0;0.0;0.0;0.0;1.0;0.0;0.0;0.0;0.0;0.0;0.0;0.0;4.0;1.0;2.0;2.0;2.0;3.0;0;0;0;0;PARANAVAÍ;REGIÃO NORTE;70
18913.0;2019-12-31;17.0;21.0;25.0;29.0;788.0;35.0;6.0;17.0;24.0;646.0;35.0;0.0;35.0;930.0;26.0;175.0;5;4;4;5;4;4;5;0;0;1;0;0;0;0;0;0;0;0;0;0;0;0;0;0.0;0.0;0.0;0.0;1.0;0.0;0.0;0.0;0.0;0.0;0.0;0.0;0.0;0.0;0.0;0.0;0.0;0.0;0.0;0.0;0.0;0.0;0.0;0.0;0.0;0.0;0.0;1.0;0.0;0.0;0.0;0.0;0.0;0.0;0.0;4.0;1.0;2.0;2.0;2.0;3.0;0;0;0;0;PARANAVAÍ;REGIÃO NORTE;71
14441.0;2020-01-31;19.0;22.0;26.0;30.0;817.0;34.0;5.0;19.0;25.0;688.0;34.0;0.0;34.0;946.0;38.0;148.0;4;5;5;4;5;4;4;0;0;0;0;1;0;0;0;0;0;0;0;0;0;0;0;0.0;0.0;0.0;0.0;0.0;1.0;0.0;0.0;0.0;0.0;0.0;0.0;0.0;0.0;0.0;0.0;0.0;0.0;0.0;0.0;0.0;0.0;0.0;0.0;0.0;0.0;0.0;1.0;0.0;0.0;0.0;0.0;0.0;0.0;0.0;4.0;1.0;2.0;2.0;2.0;3.0;31;0;0;0;PARANAVAÍ;REGIÃO NORTE;72
22049.0;2020-02-29;18.0;24.0;26.0;30.0;763.0;35.0;4.0;18.0;26.0;621.0;35.0;0.0;35.0;905.0;37.0;112.0;4;4;4;4;4;5;4;0;0;0;1;0;0;0;0;0;0;0;0;0;0;0;0;0.0;0.0;0.0;0.0;0.0;1.0;0.0;0.0;0.0;0.0;0.0;0.0;0.0;0.0;0.0;0.0;0.0;0.0;0.0;0.0;0.0;0.0;0.0;0.0;0.0;0.0;0.0;1.0;0.0;0.0;0.0;0.0;0.0;0.0;0.0;3.9655172413793105;1.0;2.0;2.0;2.0;3.0;0;3;0;0;PARANAVAÍ;REGIÃO NORTE;73
19010.0;2020-03-31;18.0;23.0;26.0;30.0;807.0;35.0;1.0;18.0;25.0;638.0;35.0;0.0;35.0;975.0;7.0;24.0;5;4;4;5;4;4;5;0;0;0;0;0;0;0;0;1;0;0;0;0;0;0;0;0.0;0.0;0.0;0.0;0.0;1.0;0.0;0.0;0.0;0.0;0.0;0.0;0.0;0.0;0.0;0.0;0.0;0.0;0.0;0.0;0.0;0.0;0.0;0.0;0.0;0.0;0.0;1.0;0.0;0.0;0.0;0.0;0.0;0.0;0.0;3.0;1.0;2.0;2.0;2.0;3.0;0;0;15;0;PARANAVAÍ;REGIÃO NORTE;74
7224.0;2020-04-30;12.0;17.0;24.0;28.0;709.0;34.0;3.0;12.0;22.0;538.0;34.0;0.0;34.0;881.0;63.0;91.0;4;5;5;4;4;4;4;1;0;0;0;0;0;0;0;0;0;0;0;0;0;0;0;0.0;0.0;0.0;0.0;0.0;1.0;0.0;0.0;0.0;0.0;0.0;0.0;0.0;0.0;0.0;0.0;0.0;0.0;0.0;0.0;0.0;0.0;0.0;0.0;0.0;0.0;0.0;1.0;0.0;0.0;0.0;0.0;0.0;0.0;0.0;3.0;1.0;2.0;2.0;2.0;3.0;0;1;30;0;PARANAVAÍ;REGIÃO NORTE;75
7458.0;2020-05-31;8.0;13.0;21.0;25.0;639.0;32.0;2.0;8.0;20.0;465.0;32.0;0.0;32.0;812.0;30.0;59.0;5;4;4;4;5;5;4;0;0;0;0;0;0;0;1;0;0;0;0;0;0;0;0;0.0;0.0;0.0;0.0;0.0;1.0;0.0;0.0;0.0;0.0;0.0;0.0;0.0;0.0;0.0;0.0;0.0;0.0;0.0;0.0;0.0;0.0;0.0;0.0;0.0;0.0;0.0;1.0;0.0;0.0;0.0;0.0;0.0;0.0;0.0;3.0;1.0;2.0;2.0;2.0;3.0;0;0;31;0;PARANAVAÍ;REGIÃO NORTE;76
7380.0;2020-06-30;11.0;17.0;22.0;25.0;646.0;31.0;5.0;11.0;20.0;509.0;31.0;0.0;31.0;783.0;118.0;158.0;4;4;4;5;4;4;5;0;0;0;0;0;0;1;0;0;0;0;0;0;0;0;0;0.0;0.0;0.0;0.0;0.0;1.0;0.0;0.0;0.0;0.0;0.0;0.0;0.0;0.0;0.0;0.0;0.0;0.0;0.0;0.0;0.0;0.0;0.0;0.0;0.0;0.0;0.0;1.0;0.0;0.0;0.0;0.0;0.0;0.0;0.0;3.0;1.0;2.0;2.0;2.0;3.0;0;1;30;0;PARANAVAÍ;REGIÃO NORTE;77
7636.0;2020-07-31;6.0;12.0;21.0;24.0;650.0;31.0;0.0;6.0;19.0;478.0;31.0;0.0;31.0;822.0;8.0;13.0;4;5;5;4;5;4;4;0;0;0;0;0;1;0;0;0;0;0;0;0;0;0;0;0.0;0.0;0.0;0.0;0.0;1.0;0.0;0.0;0.0;0.0;0.0;0.0;0.0;0.0;0.0;0.0;0.0;0.0;0.0;0.0;0.0;0.0;0.0;0.0;0.0;0.0;0.0;1.0;0.0;0.0;0.0;0.0;0.0;0.0;0.0;3.0;1.0;2.0;2.0;2.0;3.0;0;0;31;0;PARANAVAÍ;REGIÃO NORTE;78
7527.0;2020-08-31;6.0;12.0;21.0;27.0;661.0;34.0;7.0;6.0;22.0;495.0;34.0;0.0;34.0;827.0;57.0;229.0;5;4;4;5;4;5;4;0;1;0;0;0;0;0;0;0;0;0;0;0;0;0;0;0.0;0.0;0.0;0.0;0.0;1.0;0.0;0.0;0.0;0.0;0.0;0.0;0.0;0.0;0.0;0.0;0.0;0.0;0.0;0.0;0.0;0.0;0.0;0.0;0.0;0.0;0.0;1.0;0.0;0.0;0.0;0.0;0.0;0.0;0.0;3.0;1.0;2.0;2.0;2.0;3.0;0;0;31;0;PARANAVAÍ;REGIÃO NORTE;79
7929.0;2020-09-30;15.0;20.0;27.0;32.0;808.0;39.0;1.0;15.0;25.0;618.0;39.0;0.0;39.0;997.0;14.0;31.0;4;5;4;4;4;4;5;0;0;0;0;0;0;0;0;0;0;0;1;0;0;0;0;0.0;0.0;0.0;0.0;0.0;1.0;0.0;0.0;0.0;0.0;0.0;0.0;0.0;0.0;0.0;0.0;0.0;0.0;0.0;0.0;0.0;0.0;0.0;0.0;0.0;0.0;0.0;1.0;0.0;0.0;0.0;0.0;0.0;0.0;0.0;3.0;1.0;2.0;2.0;2.0;3.0;0;0;30;0;PARANAVAÍ;REGIÃO NORTE;80
9461.0;2020-10-31;16.0;22.0;27.0;34.0;834.0;41.0;2.0;16.0;27.0;647.0;41.0;0.0;41.0;1021.0;23.0;64.0;4;4;5;4;5;5;4;0;0;0;0;0;0;0;0;0;0;1;0;0;0;0;0;0.0;0.0;0.0;0.0;0.0;1.0;0.0;0.0;0.0;0.0;0.0;0.0;0.0;0.0;0.0;0.0;0.0;0.0;0.0;0.0;0.0;0.0;0.0;0.0;0.0;0.0;0.0;1.0;0.0;0.0;0.0;0.0;0.0;0.0;0.0;3.0;1.0;2.0;2.0;2.0;3.0;0;0;31;0;PARANAVAÍ;REGIÃO NORTE;81
5790.0;2020-11-30;14.0;21.0;26.0;31.0;795.0;37.0;1.0;14.0;25.0;606.0;37.0;0.0;37.0;983.0;5.0;16.0;5;4;4;5;4;4;4;0;0;0;0;0;0;0;0;0;1;0;0;0;0;0;0;0.0;0.0;0.0;0.0;0.0;1.0;0.0;0.0;0.0;0.0;0.0;0.0;0.0;0.0;0.0;0.0;0.0;0.0;0.0;0.0;0.0;0.0;0.0;0.0;0.0;0.0;0.0;1.0;0.0;0.0;0.0;0.0;0.0;0.0;0.0;3.0;1.0;2.0;2.0;2.0;3.0;0;0;30;0;PARANAVAÍ;REGIÃO NORTE;82
7223.0;2020-12-31;19.0;23.0;26.0;28.0;810.0;33.0;3.0;19.0;24.0;661.0;33.0;0.0;33.0;959.0;40.0;91.0;4;5;5;4;4;4;5;0;0;1;0;0;0;0;0;0;0;0;0;0;0;0;0;0.0;0.0;0.0;0.0;0.0;1.0;0.0;0.0;0.0;0.0;0.0;0.0;0.0;0.0;0.0;0.0;0.0;0.0;0.0;0.0;0.0;0.0;0.0;0.0;0.0;0.0;0.0;1.0;0.0;0.0;0.0;0.0;0.0;0.0;0.0;3.0;1.0;2.0;2.0;2.0;3.0;0;0;31;0;PARANAVAÍ;REGIÃO NORTE;83
7905.0;2021-01-31;20.0;24.0;26.0;29.0;800.0;33.0;9.0;20.0;25.0;682.0;33.0;0.0;33.0;918.0;71.0;280.0;5;4;4;4;5;5;4;0;0;0;0;1;0;0;0;0;0;0;0;1;0;0;0;0.0;0.0;0.0;0.0;0.0;0.0;0.0;0.0;0.0;0.0;0.0;0.0;0.0;0.0;0.0;0.0;0.0;0.0;0.0;0.0;0.0;0.0;0.0;0.0;0.0;0.0;0.0;1.0;0.0;0.0;0.0;0.0;0.0;0.0;0.0;3.0;1.0;2.0;2.0;2.0;3.0;0;0;31;0;PARANAVAÍ;REGIÃO NORTE;84
6608.0;2021-02-28;18.0;23.0;26.0;29.0;721.0;35.0;3.0;18.0;23.0;570.0;35.0;0.0;35.0;872.0;28.0;75.0;4;4;4;4;4;4;4;0;0;0;1;0;0;0;0;0;0;0;0;1;0;0;0;0.0;0.0;0.0;0.0;0.0;0.0;0.0;0.0;0.0;0.0;0.0;0.0;0.0;0.0;0.0;0.0;0.0;0.0;0.0;0.0;0.0;0.0;0.0;0.0;0.0;0.0;0.0;1.0;0.0;0.0;0.0;0.0;0.0;0.0;0.0;3.0;1.0;2.0;2.0;2.0;3.0;0;3;28;0;PARANAVAÍ;REGIÃO NORTE;85
7719.0;2021-03-31;17.0;23.0;27.0;30.0;822.0;35.0;3.0;17.0;24.0;662.0;35.0;0.0;35.0;982.0;35.0;81.0;4;5;4;5;4;4;5;0;0;0;0;0;0;0;0;1;0;0;0;1;0;0;0;0.0;0.0;0.0;0.0;0.0;0.0;0.0;0.0;0.0;0.0;0.0;0.0;0.0;0.0;0.0;0.0;0.0;0.0;0.0;0.0;0.0;0.0;0.0;0.0;0.0;0.0;0.0;1.0;0.0;0.0;0.0;0.0;0.0;0.0;0.0;3.0;1.0;2.0;2.0;2.0;3.0;0;0;31;0;PARANAVAÍ;REGIÃO NORTE;86
7650.0;2021-04-30;12.0;20.0;24.0;28.0;711.0;34.0;0.0;12.0;22.0;532.0;34.0;0.0;34.0;890.0;1.0;2.0;4;4;5;4;5;4;4;1;0;0;0;0;0;0;0;0;0;0;0;1;0;0;0;0.0;0.0;0.0;0.0;0.0;0.0;0.0;0.0;0.0;0.0;0.0;0.0;0.0;0.0;0.0;0.0;0.0;0.0;0.0;0.0;0.0;0.0;0.0;0.0;0.0;0.0;0.0;1.0;0.0;0.0;0.0;0.0;0.0;0.0;0.0;3.0;1.0;2.0;2.0;2.0;3.0;0;1;30;0;PARANAVAÍ;REGIÃO NORTE;87
8277.0;2021-05-31;9.0;15.0;22.0;26.0;670.0;33.0;4.0;9.0;21.0;486.0;33.0;0.0;33.0;854.0;99.0;136.0;5;4;4;5;4;5;4;0;0;0;0;0;0;0;1;0;0;0;0;1;0;0;0;0.0;0.0;0.0;0.0;0.0;0.0;0.0;0.0;0.0;0.0;0.0;0.0;0.0;0.0;0.0;0.0;0.0;0.0;0.0;0.0;0.0;0.0;0.0;0.0;0.0;0.0;0.0;1.0;0.0;0.0;0.0;0.0;0.0;0.0;0.0;3.0;1.0;2.0;2.0;2.0;3.0;0;0;31;0;PARANAVAÍ;REGIÃO NORTE;88
6690.0;2021-06-30;2.0;8.0;19.0;25.0;570.0;30.0;3.0;2.0;20.0;435.0;30.0;0.0;30.0;704.0;31.0;78.0;4;5;4;4;4;4;5;0;0;0;0;0;0;1;0;0;0;0;0;1;0;0;0;0.0;0.0;0.0;0.0;0.0;0.0;0.0;0.0;0.0;0.0;0.0;0.0;0.0;0.0;0.0;0.0;0.0;0.0;0.0;0.0;0.0;0.0;0.0;0.0;0.0;0.0;0.0;1.0;0.0;0.0;0.0;0.0;0.0;0.0;0.0;3.0;1.0;2.0;2.0;2.0;3.0;0;1;30;0;PARANAVAÍ;REGIÃO NORTE;89
6634.0;2021-07-31;2.0;8.0;18.0;23.0;561.0;30.0;0.0;2.0;17.0;353.0;30.0;0.0;30.0;769.0;9.0;15.0;4;4;5;4;5;5;4;0;0;0;0;0;1;0;0;0;0;0;0;1;0;0;0;0.0;0.0;0.0;0.0;0.0;0.0;0.0;0.0;0.0;0.0;0.0;0.0;0.0;0.0;0.0;0.0;0.0;0.0;0.0;0.0;0.0;0.0;0.0;0.0;0.0;0.0;0.0;1.0;0.0;0.0;0.0;0.0;0.0;0.0;0.0;3.0;1.0;2.0;2.0;2.0;3.0;0;0;31;0;PARANAVAÍ;REGIÃO NORTE;90
7068.0;2021-08-31;10.0;16.0;23.0;29.0;717.0;36.0;4.0;10.0;22.0;529.0;36.0;0.0;36.0;905.0;90.0;120.0;5;4;4;5;4;4;5;0;1;0;0;0;0;0;0;0;0;0;0;1;0;0;0;0.0;0.0;0.0;0.0;0.0;0.0;0.0;0.0;0.0;0.0;0.0;0.0;0.0;0.0;0.0;0.0;0.0;0.0;0.0;0.0;0.0;0.0;0.0;0.0;0.0;0.0;0.0;1.0;0.0;0.0;0.0;0.0;0.0;0.0;0.0;3.0;1.0;2.0;2.0;2.0;3.0;0;0;31;0;PARANAVAÍ;REGIÃO NORTE;91
6840.0;2021-09-30;14.0;20.0;26.0;32.0;792.0;38.0;2.0;14.0;27.0;604.0;38.0;0.0;38.0;981.0;31.0;63.0;4;5;5;4;4;4;4;0;0;0;0;0;0;0;0;0;0;0;1;1;0;0;0;0.0;0.0;0.0;0.0;0.0;0.0;0.0;0.0;0.0;0.0;0.0;0.0;0.0;0.0;0.0;0.0;0.0;0.0;0.0;0.0;0.0;0.0;0.0;0.0;0.0;0.0;0.0;1.0;0.0;0.0;0.0;0.0;0.0;0.0;0.0;3.0;1.0;2.0;2.0;2.0;3.0;0;0;30;0;PARANAVAÍ;REGIÃO NORTE;92
6386.0;2021-10-31;14.0;19.0;23.0;28.0;714.0;33.0;14.0;14.0;23.0;578.0;33.0;0.0;33.0;850.0;92.0;445.0;5;4;4;4;5;5;4;0;0;0;0;0;0;0;0;0;0;1;0;1;0;0;0;0.0;0.0;0.0;0.0;0.0;0.0;0.0;0.0;0.0;0.0;0.0;0.0;0.0;0.0;0.0;0.0;0.0;0.0;0.0;0.0;0.0;0.0;0.0;0.0;0.0;0.0;0.0;1.0;0.0;0.0;0.0;0.0;0.0;0.0;0.0;3.0;1.0;2.0;2.0;2.0;3.0;0;0;0;0;PARANAVAÍ;REGIÃO NORTE;93
8250.0;2021-11-30;16.0;22.0;26.0;30.0;787.0;36.0;1.0;16.0;24.0;605.0;36.0;0.0;36.0;969.0;10.0;32.0;4;4;4;5;4;4;5;0;0;0;0;0;0;0;0;0;1;0;0;1;0;0;0;0.0;0.0;0.0;0.0;0.0;0.0;0.0;0.0;0.0;0.0;0.0;0.0;0.0;0.0;0.0;0.0;0.0;0.0;0.0;0.0;0.0;0.0;0.0;0.0;0.0;0.0;0.0;1.0;0.0;0.0;0.0;0.0;0.0;0.0;0.0;3.0;1.0;2.0;2.0;2.0;3.0;0;0;0;0;PARANAVAÍ;REGIÃO NORTE;94
8060.0;2021-12-31;17.0;23.0;27.0;31.0;840.0;38.0;1.0;17.0;24.0;643.0;38.0;0.0;38.0;1037.0;16.0;34.0;4;5;5;4;5;4;4;0;0;1;0;0;0;0;0;0;0;0;0;1;0;0;0;0.0;0.0;0.0;0.0;0.0;0.0;0.0;0.0;0.0;0.0;0.0;0.0;0.0;0.0;0.0;0.0;0.0;0.0;0.0;0.0;0.0;0.0;0.0;0.0;0.0;0.0;0.0;1.0;0.0;0.0;0.0;0.0;0.0;0.0;0.0;3.0;1.0;2.0;2.0;2.0;3.0;0;0;0;0;PARANAVAÍ;REGIÃO NORTE;95
12028.0;2022-01-31;19.0;23.0;27.0;31.0;839.0;37.0;6.0;19.0;25.0;682.0;37.0;0.0;37.0;996.0;74.0;171.0;5;4;4;5;4;5;4;0;0;0;0;1;0;0;0;0;0;0;0;0;1;0;0;0.0;0.0;0.0;0.0;0.0;0.0;0.0;0.0;0.0;0.0;0.0;0.0;0.0;0.0;0.0;0.0;0.0;0.0;0.0;0.0;0.0;0.0;0.0;0.0;0.0;0.0;0.0;1.0;0.0;0.0;0.0;0.0;0.0;0.0;0.0;3.0;1.0;2.0;2.0;2.0;3.0;31;0;0;0;PARANAVAÍ;REGIÃO NORTE;96
9996.0;2022-02-28;19.0;25.0;27.0;30.0;766.0;37.0;5.0;19.0;24.0;601.0;37.0;0.0;37.0;931.0;49.0;146.0;4;4;4;4;4;4;4;0;0;0;1;0;0;0;0;0;0;0;0;0;1;0;0;0.0;0.0;0.0;0.0;0.0;0.0;0.0;0.0;0.0;0.0;0.0;0.0;0.0;0.0;0.0;0.0;0.0;0.0;0.0;0.0;0.0;0.0;0.0;0.0;0.0;0.0;0.0;1.0;0.0;0.0;0.0;0.0;0.0;0.0;0.0;3.0;1.0;2.0;2.0;2.0;3.0;0;1;0;0;PARANAVAÍ;REGIÃO NORTE;97
10881.0;2022-03-31;19.0;22.0;26.0;30.0;815.0;36.0;9.0;19.0;25.0;670.0;36.0;0.0;36.0;959.0;59.0;294.0;4;5;5;4;4;4;5;0;0;0;0;0;0;0;0;1;0;0;0;0;1;0;0;0.0;0.0;0.0;0.0;0.0;0.0;0.0;0.0;0.0;0.0;0.0;0.0;0.0;0.0;0.0;0.0;0.0;0.0;0.0;0.0;0.0;0.0;0.0;0.0;0.0;0.0;0.0;1.0;0.0;0.0;0.0;0.0;0.0;0.0;0.0;3.0;1.0;2.0;2.0;2.0;3.0;0;1;0;0;PARANAVAÍ;REGIÃO NORTE;98
15900.0;2022-04-30;13.0;19.0;24.0;27.0;714.0;32.0;7.0;13.0;23.0;560.0;32.0;0.0;32.0;869.0;73.0;218.0;4;4;4;4;5;5;4;1;0;0;0;0;0;0;0;0;0;0;0;0;1;0;0;0.0;0.0;0.0;0.0;0.0;0.0;0.0;0.0;0.0;0.0;0.0;0.0;0.0;0.0;0.0;0.0;0.0;0.0;0.0;0.0;0.0;0.0;0.0;0.0;0.0;0.0;0.0;1.0;0.0;0.0;0.0;0.0;0.0;0.0;0.0;3.0;1.0;2.0;2.0;2.0;3.0;0;1;0;0;PARANAVAÍ;REGIÃO NORTE;99
12617.0;2022-05-31;6.0;10.0;20.0;26.0;609.0;31.0;3.0;6.0;22.0;467.0;31.0;0.0;31.0;752.0;30.0;88.0;5;4;4;5;4;4;5;0;0;0;0;0;0;0;1;0;0;0;0;0;1;0;0;0.0;0.0;0.0;0.0;0.0;0.0;0.0;0.0;0.0;0.0;0.0;0.0;0.0;0.0;0.0;0.0;0.0;0.0;0.0;0.0;0.0;0.0;0.0;0.0;0.0;0.0;0.0;1.0;0.0;0.0;0.0;0.0;0.0;0.0;0.0;3.0;1.0;2.0;2.0;2.0;3.0;0;0;0;0;PARANAVAÍ;REGIÃO NORTE;100
11730.0;2022-06-30;6.0;13.0;20.0;24.0;590.0;29.0;2.0;6.0;19.0;450.0;29.0;0.0;29.0;730.0;47.0;65.0;4;5;5;4;4;4;4;0;0;0;0;0;0;1;0;0;0;0;0;0;1;0;0;0.0;0.0;0.0;0.0;0.0;0.0;0.0;0.0;0.0;0.0;0.0;0.0;0.0;0.0;0.0;0.0;0.0;0.0;0.0;0.0;0.0;0.0;0.0;0.0;0.0;0.0;0.0;1.0;0.0;0.0;0.0;0.0;0.0;0.0;0.0;3.0;1.0;2.0;2.0;2.0;3.0;0;1;0;0;PARANAVAÍ;REGIÃO NORTE;101
13764.0;2022-07-31;9.0;17.0;23.0;25.0;701.0;31.0;0.0;9.0;20.0;522.0;31.0;0.0;31.0;880.0;5.0;11.0;5;4;4;4;5;5;4;0;0;0;0;0;1;0;0;0;0;0;0;0;1;0;0;0.0;0.0;0.0;0.0;0.0;0.0;0.0;0.0;0.0;0.0;0.0;0.0;0.0;0.0;0.0;0.0;0.0;0.0;0.0;0.0;0.0;0.0;0.0;0.0;0.0;0.0;0.0;1.0;0.0;0.0;0.0;0.0;0.0;0.0;0.0;3.0;1.0;2.0;2.0;2.0;3.0;0;0;0;0;PARANAVAÍ;REGIÃO NORTE;102
11160.0;2022-08-31;7.0;12.0;21.0;27.0;642.0;33.0;7.0;7.0;21.0;478.0;33.0;0.0;33.0;805.0;81.0;209.0;4;5;4;5;4;4;5;0;1;0;0;0;0;0;0;0;0;0;0;0;1;0;0;0.0;0.0;0.0;0.0;0.0;0.0;0.0;0.0;0.0;0.0;0.0;0.0;0.0;0.0;0.0;0.0;0.0;0.0;0.0;0.0;0.0;0.0;0.0;0.0;0.0;0.0;0.0;1.0;0.0;0.0;0.0;0.0;0.0;0.0;0.0;3.0;1.0;2.0;2.0;2.0;3.0;0;0;0;0;PARANAVAÍ;REGIÃO NORTE;103
13020.0;2022-09-30;10.0;15.0;20.0;28.0;612.0;35.0;7.0;10.0;22.0;482.0;35.0;0.0;35.0;742.0;62.0;211.0;4;4;5;4;5;4;4;0;0;0;0;0;0;0;0;0;0;0;1;0;1;0;0;0.0;0.0;0.0;0.0;0.0;0.0;0.0;0.0;0.0;0.0;0.0;0.0;0.0;0.0;0.0;0.0;0.0;0.0;0.0;0.0;0.0;0.0;0.0;0.0;0.0;0.0;0.0;1.0;0.0;0.0;0.0;0.0;0.0;0.0;0.0;3.0;1.0;2.0;2.0;2.0;3.0;0;0;0;0;PARANAVAÍ;REGIÃO NORTE;104
14818.0;2022-10-31;-5.0;12.0;24.0;28.0;732.0;34.0;7.0;-5.0;23.0;570.0;34.0;0.0;34.0;894.0;42.0;219.0;5;4;4;5;4;5;4;0;0;0;0;0;0;0;0;0;0;1;0;0;1;0;0;0.0;0.0;0.0;0.0;0.0;0.0;0.0;0.0;0.0;0.0;0.0;0.0;0.0;0.0;0.0;0.0;0.0;0.0;0.0;0.0;0.0;0.0;0.0;0.0;0.0;0.0;0.0;1.0;0.0;0.0;0.0;0.0;0.0;0.0;0.0;3.0;1.0;2.0;2.0;2.0;3.0;0;0;0;0;PARANAVAÍ;REGIÃO NORTE;105
13920.0;2022-11-30;12.0;16.0;23.0;27.0;701.0;34.0;3.0;12.0;22.0;534.0;34.0;0.0;34.0;867.0;26.0;77.0;4;5;4;4;4;4;5;0;0;0;0;0;0;0;0;0;1;0;0;0;1;0;0;0.0;0.0;0.0;0.0;0.0;0.0;0.0;0.0;0.0;0.0;0.0;0.0;0.0;0.0;0.0;0.0;0.0;0.0;0.0;0.0;0.0;0.0;0.0;0.0;0.0;0.0;0.0;1.0;0.0;0.0;0.0;0.0;0.0;0.0;0.0;3.0;1.0;2.0;2.0;2.0;3.0;0;0;0;0;PARANAVAÍ;REGIÃO NORTE;106
13516.0;2022-12-31;11.0;21.0;25.0;29.0;789.0;34.0;8.0;11.0;24.0;636.0;34.0;0.0;34.0;942.0;69.0;241.0;4;4;5;4;5;5;4;0;0;1;0;0;0;0;0;0;0;0;0;0;1;0;0;0.0;0.0;0.0;0.0;0.0;0.0;0.0;0.0;0.0;0.0;0.0;0.0;0.0;0.0;0.0;0.0;0.0;0.0;0.0;0.0;0.0;0.0;0.0;0.0;0.0;0.0;0.0;1.0;0.0;0.0;0.0;0.0;0.0;0.0;0.0;3.0;1.0;2.0;2.0;2.0;3.0;0;0;0;0;PARANAVAÍ;REGIÃO NORTE;107
9300.0;2023-01-31;17.0;22.0;25.0;28.0;789.0;34.0;10.0;17.0;23.0;652.0;34.0;0.0;34.0;926.0;55.0;314.0;5;4;4;5;4;4;5;0;0;0;0;1;0;0;0;0;0;0;0;0;0;1;0;0.0;0.0;0.0;0.0;0.0;0.0;0.0;0.0;0.0;0.0;0.0;0.0;0.0;0.0;0.0;0.0;0.0;0.0;0.0;0.0;0.0;0.0;0.0;0.0;0.0;0.0;0.0;1.0;0.0;0.0;0.0;0.0;0.0;0.0;0.0;3.0;1.0;2.0;2.0;2.0;3.0;31;0;0;0;PARANAVAÍ;REGIÃO NORTE;108
16884.0;2023-02-28;11.0;19.0;25.0;28.0;694.0;34.0;13.0;11.0;22.0;572.0;34.0;0.0;34.0;816.0;50.0;356.0;4;4;4;4;4;4;4;0;0;0;1;0;0;0;0;0;0;0;0;0;0;1;0;0.0;0.0;0.0;0.0;0.0;0.0;0.0;0.0;0.0;0.0;0.0;0.0;0.0;0.0;0.0;0.0;0.0;0.0;0.0;0.0;0.0;0.0;0.0;0.0;0.0;0.0;0.0;1.0;0.0;0.0;0.0;0.0;0.0;0.0;0.0;3.0;1.0;2.0;2.0;2.0;3.0;0;3;0;0;PARANAVAÍ;REGIÃO NORTE;109
30380.0;2023-03-31;19.0;24.0;27.0;28.0;822.0;34.0;6.0;19.0;24.0;670.0;34.0;0.0;34.0;973.0;31.0;196.0;4;5;5;4;5;4;4;0;0;0;0;0;0;0;0;1;0;0;0;0;0;1;0;0.0;0.0;0.0;0.0;0.0;0.0;0.0;0.0;0.0;0.0;0.0;0.0;0.0;0.0;0.0;0.0;0.0;0.0;0.0;0.0;0.0;0.0;0.0;0.0;0.0;0.0;0.0;1.0;0.0;0.0;0.0;0.0;0.0;0.0;0.0;3.0;1.0;2.0;2.0;2.0;3.0;0;0;0;0;PARANAVAÍ;REGIÃO NORTE;110
18870.0;2023-04-30;13.0;19.0;24.0;28.0;709.0;34.0;11.0;13.0;22.0;563.0;34.0;0.0;34.0;855.0;126.0;338.0;5;4;4;4;4;5;4;1;0;0;0;0;0;0;0;0;0;0;0;0;0;1;0;0.0;0.0;0.0;0.0;0.0;0.0;0.0;0.0;0.0;0.0;0.0;0.0;0.0;0.0;0.0;0.0;0.0;0.0;0.0;0.0;0.0;0.0;0.0;0.0;0.0;0.0;0.0;1.0;0.0;0.0;0.0;0.0;0.0;0.0;0.0;3.0;1.0;2.0;2.0;2.0;3.0;0;1;0;0;PARANAVAÍ;REGIÃO NORTE;111
18135.0;2023-05-31;12.0;18.0;22.0;26.0;689.0;31.0;3.0;12.0;22.0;520.0;31.0;0.0;31.0;857.0;28.0;83.0;4;5;4;5;4;4;5;0;0;0;0;0;0;0;1;0;0;0;0;0;0;1;0;0.0;0.0;0.0;0.0;0.0;0.0;0.0;0.0;0.0;0.0;0.0;0.0;0.0;0.0;0.0;0.0;0.0;0.0;0.0;0.0;0.0;0.0;0.0;0.0;0.0;0.0;0.0;1.0;0.0;0.0;0.0;0.0;0.0;0.0;0.0;3.0;1.0;2.0;2.0;2.0;3.0;0;0;0;0;PARANAVAÍ;REGIÃO NORTE;112
13980.0;2023-06-30;9.0;12.0;20.0;25.0;599.0;31.0;4.0;9.0;19.0;437.0;31.0;0.0;31.0;762.0;70.0;117.0;4;4;5;4;5;4;4;0;0;0;0;0;0;1;0;0;0;0;0;0;0;1;0;0.0;0.0;0.0;0.0;0.0;0.0;0.0;0.0;0.0;0.0;0.0;0.0;0.0;0.0;0.0;0.0;0.0;0.0;0.0;0.0;0.0;0.0;0.0;0.0;0.0;0.0;0.0;1.0;0.0;0.0;0.0;0.0;0.0;0.0;0.0;3.0;1.0;2.0;2.0;2.0;3.0;0;1;0;0;PARANAVAÍ;REGIÃO NORTE;113
9765.0;2023-07-31;8.0;13.0;21.0;25.0;649.0;31.0;1.0;8.0;19.0;476.0;31.0;0.0;31.0;822.0;13.0;24.0;5;4;4;5;4;5;4;0;0;0;0;0;1;0;0;0;0;0;0;0;0;1;0;0.0;0.0;0.0;0.0;0.0;0.0;0.0;0.0;0.0;0.0;0.0;0.0;0.0;0.0;0.0;0.0;0.0;0.0;0.0;0.0;0.0;0.0;0.0;0.0;0.0;0.0;0.0;1.0;0.0;0.0;0.0;0.0;0.0;0.0;0.0;3.0;1.0;2.0;2.0;2.0;3.0;15;0;0;0;PARANAVAÍ;REGIÃO NORTE;114
18848.0;2023-08-31;12.0;18.0;23.0;28.0;715.0;35.0;4.0;12.0;22.0;518.0;35.0;0.0;35.0;913.0;44.0;117.0;4;5;5;4;4;4;5;0;1;0;0;0;0;0;0;0;0;0;0;0;0;1;0;0.0;0.0;0.0;0.0;0.0;0.0;0.0;0.0;0.0;0.0;0.0;0.0;0.0;0.0;0.0;0.0;0.0;0.0;0.0;0.0;0.0;0.0;0.0;0.0;0.0;0.0;0.0;1.0;0.0;0.0;0.0;0.0;0.0;0.0;0.0;3.0;1.0;2.0;2.0;2.0;3.0;0;0;0;0;PARANAVAÍ;REGIÃO NORTE;115
26430.0;2023-09-30;10.0;18.0;26.0;32.0;790.0;39.0;7.0;10.0;26.0;601.0;39.0;0.0;39.0;980.0;127.0;198.0;4;4;4;4;5;5;4;0;0;0;0;0;0;0;0;0;0;0;1;0;0;1;0;0.0;0.0;0.0;0.0;0.0;0.0;0.0;0.0;0.0;0.0;0.0;0.0;0.0;0.0;0.0;0.0;0.0;0.0;0.0;0.0;0.0;0.0;0.0;0.0;0.0;0.0;0.0;1.0;0.0;0.0;0.0;0.0;0.0;0.0;0.0;3.0;1.0;2.0;2.0;2.0;3.0;0;0;0;0;PARANAVAÍ;REGIÃO NORTE;116
32054.0;2023-10-31;17.0;22.0;26.0;31.0;819.0;37.0;14.0;17.0;26.0;654.0;37.0;0.0;37.0;984.0;144.0;430.0;5;4;4;5;4;4;5;0;0;0;0;0;0;0;0;0;0;1;0;0;0;1;0;0.0;0.0;0.0;0.0;0.0;0.0;0.0;0.0;0.0;0.0;0.0;0.0;0.0;0.0;0.0;0.0;0.0;0.0;0.0;0.0;0.0;0.0;0.0;0.0;0.0;0.0;0.0;1.0;0.0;0.0;0.0;0.0;0.0;0.0;0.0;3.0;1.0;2.0;2.0;2.0;3.0;0;0;0;0;PARANAVAÍ;REGIÃO NORTE;117
30330.0;2023-11-30;13.0;19.0;26.0;33.0;794.0;39.0;7.0;13.0;26.0;629.0;39.0;0.0;39.0;960.0;71.0;205.0;4;5;5;4;4;4;4;0;0;0;0;0;0;0;0;0;1;0;0;0;0;1;0;0.0;0.0;0.0;0.0;0.0;0.0;0.0;0.0;0.0;0.0;0.0;0.0;0.0;0.0;0.0;0.0;0.0;0.0;0.0;0.0;0.0;0.0;0.0;0.0;0.0;0.0;0.0;1.0;0.0;0.0;0.0;0.0;0.0;0.0;0.0;3.0;1.0;2.0;2.0;2.0;3.0;0;0;0;0;PARANAVAÍ;REGIÃO NORTE;118
20584.0;2023-12-31;18.0;23.0;28.0;31.0;854.0;38.0;7.0;18.0;25.0;673.0;38.0;0.0;38.0;1035.0;37.0;225.0;5;4;4;4;5;5;4;0;0;1;0;0;0;0;0;0;0;0;0;0;0;1;0;0.0;0.0;0.0;0.0;0.0;0.0;0.0;0.0;0.0;0.0;0.0;0.0;0.0;0.0;0.0;0.0;0.0;0.0;0.0;0.0;0.0;0.0;0.0;0.0;0.0;0.0;0.0;1.0;0.0;0.0;0.0;0.0;0.0;0.0;0.0;3.0;1.0;2.0;2.0;2.0;3.0;0;0;0;0;PARANAVAÍ;REGIÃO NORTE;119
10881.0;2024-01-31;16.0;21.0;27.0;32.0;839.0;38.0;3.0;16.0;26.0;668.0;38.0;0.0;38.0;1011.0;22.0;90.0;4;5;4;5;4;4;5;0;0;0;0;1;0;0;0;0;0;0;0;0;0;0;1;0.0;0.0;0.0;0.0;0.0;0.0;0.0;0.0;0.0;0.0;0.0;0.0;0.0;0.0;0.0;0.0;0.0;0.0;0.0;0.0;0.0;0.0;0.0;0.0;0.0;0.0;0.0;1.0;0.0;0.0;0.0;0.0;0.0;0.0;0.0;3.0;1.0;2.0;2.0;2.0;3.0;31;0;0;0;PARANAVAÍ;REGIÃO NORTE;120
22968.0;2024-02-29;19.0;24.0;28.0;30.0;808.0;36.0;3.0;19.0;25.0;646.0;36.0;0.0;36.0;971.0;32.0;89.0;4;4;5;4;4;4;4;0;0;0;1;0;0;0;0;0;0;0;0;0;0;0;1;0.0;0.0;0.0;0.0;0.0;0.0;0.0;0.0;0.0;0.0;0.0;0.0;0.0;0.0;0.0;0.0;0.0;0.0;0.0;0.0;0.0;0.0;0.0;0.0;0.0;0.0;0.0;1.0;0.0;0.0;0.0;0.0;0.0;0.0;0.0;3.0;1.0;2.0;2.0;2.0;3.0;0;3;0;0;PARANAVAÍ;REGIÃO NORTE;121
31279.0;2024-03-31;19.0;22.0;28.0;31.0;876.0;38.0;2.0;19.0;27.0;702.0;38.0;0.0;38.0;1050.0;12.0;60.0;5;4;4;4;5;5;4;0;0;0;0;0;0;0;0;1;0;0;0;0;0;0;1;0.0;0.0;0.0;0.0;0.0;0.0;0.0;0.0;0.0;0.0;0.0;0.0;0.0;0.0;0.0;0.0;0.0;0.0;0.0;0.0;0.0;0.0;0.0;0.0;0.0;0.0;0.0;1.0;0.0;0.0;0.0;0.0;0.0;0.0;0.0;3.0;1.0;2.0;2.0;2.0;3.0;0;1;0;0;PARANAVAÍ;REGIÃO NORTE;122
11010.0;2024-04-30;16.0;21.0;26.0;30.0;789.0;36.0;2.0;16.0;24.0;633.0;36.0;0.0;36.0;945.0;39.0;48.0;4;4;4;5;4;4;5;1;0;0;0;0;0;0;0;0;0;0;0;0;0;0;1;0.0;0.0;0.0;0.0;0.0;0.0;0.0;0.0;0.0;0.0;0.0;0.0;0.0;0.0;0.0;0.0;0.0;0.0;0.0;0.0;0.0;0.0;0.0;0.0;0.0;0.0;0.0;1.0;0.0;0.0;0.0;0.0;0.0;0.0;0.0;3.0;1.0;2.0;2.0;2.0;3.0;0;0;0;0;PARANAVAÍ;REGIÃO NORTE;123
9672.0;2024-05-31;7.0;13.0;23.0;29.0;728.0;35.0;1.0;7.0;23.0;563.0;35.0;0.0;35.0;894.0;26.0;27.0;4;5;5;4;5;4;4;0;0;0;0;0;0;0;1;0;0;0;0;0;0;0;1;0.0;0.0;0.0;0.0;0.0;0.0;0.0;0.0;0.0;0.0;0.0;0.0;0.0;0.0;0.0;0.0;0.0;0.0;0.0;0.0;0.0;0.0;0.0;0.0;0.0;0.0;0.0;1.0;0.0;0.0;0.0;0.0;0.0;0.0;0.0;3.0;1.0;2.0;2.0;2.0;3.0;0;1;0;30;PARANAVAÍ;REGIÃO NORTE;124
8130.0;2024-06-30;10.0;17.0;24.0;26.0;707.0;33.0;0.0;10.0;21.0;516.0;33.0;0.0;33.0;898.0;1.0;2.0;5;4;4;4;4;5;4;0;0;0;0;0;0;1;0;0;0;0;0;0;0;0;1;0.0;0.0;0.0;0.0;0.0;0.0;0.0;0.0;0.0;0.0;0.0;0.0;0.0;0.0;0.0;0.0;0.0;0.0;0.0;0.0;0.0;0.0;0.0;0.0;0.0;0.0;0.0;1.0;0.0;0.0;0.0;0.0;0.0;0.0;0.0;3.0;1.0;2.0;2.0;2.0;3.0;0;0;0;30;PARANAVAÍ;REGIÃO NORTE;125
14384.0;2024-07-31;7.0;10.0;18.0;24.0;565.0;30.0;3.0;7.0;19.0;425.0;30.0;0.0;30.0;704.0;44.0;89.0;4;5;4;5;4;4;5;0;0;0;0;0;1;0;0;0;0;0;0;0;0;0;1;0.0;0.0;0.0;0.0;0.0;0.0;0.0;0.0;0.0;0.0;0.0;0.0;0.0;0.0;0.0;0.0;0.0;0.0;0.0;0.0;0.0;0.0;0.0;0.0;0.0;0.0;0.0;1.0;0.0;0.0;0.0;0.0;0.0;0.0;0.0;3.0;1.0;2.0;2.0;2.0;3.0;12;0;0;0;PARANAVAÍ;REGIÃO NORTE;126
16461.0;2024-08-31;5.0;12.0;21.0;28.0;650.0;36.0;1.0;5.0;24.0;471.0;36.0;0.0;36.0;830.0;10.0;30.0;4;4;5;4;5;5;4;0;1;0;0;0;0;0;0;0;0;0;0;0;0;0;1;0.0;0.0;0.0;0.0;0.0;0.0;0.0;0.0;0.0;0.0;0.0;0.0;0.0;0.0;0.0;0.0;0.0;0.0;0.0;0.0;0.0;0.0;0.0;0.0;0.0;0.0;0.0;1.0;0.0;0.0;0.0;0.0;0.0;0.0;0.0;3.0;1.0;2.0;2.0;2.0;3.0;0;0;0;0;PARANAVAÍ;REGIÃO NORTE;127
21810.0;2024-09-30;11.0;17.0;23.0;29.0;700.0;38.0;2.0;11.0;20.0;484.0;38.0;0.0;38.0;915.0;42.0;72.0;5;4;4;5;4;4;4;0;0;0;0;0;0;0;0;0;0;0;1;0;0;0;1;0.0;0.0;0.0;0.0;0.0;0.0;0.0;0.0;0.0;0.0;0.0;0.0;0.0;0.0;0.0;0.0;0.0;0.0;0.0;0.0;0.0;0.0;0.0;0.0;0.0;0.0;0.0;1.0;0.0;0.0;0.0;0.0;0.0;0.0;0.0;3.0;1.0;2.0;2.0;2.0;3.0;0;0;0;0;PARANAVAÍ;REGIÃO NORTE;128
32457.0;2024-10-31;16.0;21.0;26.0;31.0;808.0;38.0;4.0;16.0;26.0;657.0;38.0;0.0;38.0;959.0;35.0;116.0;4;5;5;4;4;4;5;0;0;0;0;0;0;0;0;0;0;1;0;0;0;0;1;0.0;0.0;0.0;0.0;0.0;0.0;0.0;0.0;0.0;0.0;0.0;0.0;0.0;0.0;0.0;0.0;0.0;0.0;0.0;0.0;0.0;0.0;0.0;0.0;0.0;0.0;0.0;1.0;0.0;0.0;0.0;0.0;0.0;0.0;0.0;3.0;1.0;2.0;2.0;2.0;3.0;0;0;0;0;PARANAVAÍ;REGIÃO NORTE;129
4840.0;2016-01-31;12.0;19.0;22.0;25.0;689.0;32.0;5.0;12.0;20.0;546.0;32.0;0.0;32.0;832.0;70.0;149.0;5;4;4;4;5;5;4;0;0;0;0;1;0;0;0;0;0;0;0;0;0;0;0;0.0;1.0;0.0;0.0;0.0;0.0;0.0;0.0;0.0;0.0;0.0;0.0;0.0;0.0;0.0;0.0;0.0;0.0;0.0;0.0;0.0;0.0;0.0;0.0;0.0;0.0;0.0;0.0;1.0;0.0;0.0;0.0;0.0;0.0;0.0;2.0;0.0;0.0;0.0;0.0;0.0;31;0;0;0;PINHAIS;REGIÃO LESTE;1
4773.0;2016-02-29;16.0;20.0;23.0;26.0;678.0;32.0;9.0;16.0;21.0;557.0;32.0;0.0;32.0;799.0;77.0;274.0;4;4;4;5;4;4;4;0;0;0;1;0;0;0;0;0;0;0;0;0;0;0;0;0.0;1.0;0.0;0.0;0.0;0.0;0.0;0.0;0.0;0.0;0.0;0.0;0.0;0.0;0.0;0.0;0.0;0.0;0.0;0.0;0.0;0.0;0.0;0.0;0.0;0.0;0.0;0.0;1.0;0.0;0.0;0.0;0.0;0.0;0.0;2.0;0.0;0.0;0.0;0.0;0.0;0;3;0;0;PINHAIS;REGIÃO LESTE;2
5408.0;2016-03-31;12.0;16.0;21.0;25.0;666.0;30.0;3.0;12.0;20.0;528.0;30.0;0.0;30.0;804.0;32.0;99.0;4;5;5;4;4;4;5;0;0;0;0;0;0;0;0;1;0;0;0;0;0;0;0;0.0;1.0;0.0;0.0;0.0;0.0;0.0;0.0;0.0;0.0;0.0;0.0;0.0;0.0;0.0;0.0;0.0;0.0;0.0;0.0;0.0;0.0;0.0;0.0;0.0;0.0;0.0;0.0;1.0;0.0;0.0;0.0;0.0;0.0;0.0;2.0;0.0;0.0;0.0;0.0;0.0;0;1;0;0;PINHAIS;REGIÃO LESTE;3
4820.0;2016-04-30;6.0;12.0;22.0;26.0;663.0;32.0;5.0;6.0;21.0;512.0;32.0;0.0;32.0;813.0;41.0;141.0;4;4;4;4;5;5;4;1;0;0;0;0;0;0;0;0;0;0;0;0;0;0;0;0.0;1.0;0.0;0.0;0.0;0.0;0.0;0.0;0.0;0.0;0.0;0.0;0.0;0.0;0.0;0.0;0.0;0.0;0.0;0.0;0.0;0.0;0.0;0.0;0.0;0.0;0.0;0.0;1.0;0.0;0.0;0.0;0.0;0.0;0.0;2.0;0.0;0.0;0.0;0.0;0.0;0;0;0;0;PINHAIS;REGIÃO LESTE;4
5111.0;2016-05-31;4.0;12.0;16.0;19.0;488.0;24.0;5.0;4.0;16.0;374.0;24.0;0.0;24.0;602.0;38.0;158.0;5;4;4;5;4;4;5;0;0;0;0;0;0;0;1;0;0;0;0;0;0;0;0;0.0;1.0;0.0;0.0;0.0;0.0;0.0;0.0;0.0;0.0;0.0;0.0;0.0;0.0;0.0;0.0;0.0;0.0;0.0;0.0;0.0;0.0;0.0;0.0;0.0;0.0;0.0;0.0;1.0;0.0;0.0;0.0;0.0;0.0;0.0;2.0;0.0;0.0;0.0;0.0;0.0;0;1;0;0;PINHAIS;REGIÃO LESTE;5
5290.0;2016-06-30;6.0;8.0;13.0;18.0;398.0;24.0;4.0;6.0;14.0;275.0;24.0;0.0;24.0;520.0;42.0;119.0;4;5;5;4;4;4;4;0;0;0;0;0;0;1;0;0;0;0;0;0;0;0;0;0.0;1.0;0.0;0.0;0.0;0.0;0.0;0.0;0.0;0.0;0.0;0.0;0.0;0.0;0.0;0.0;0.0;0.0;0.0;0.0;0.0;0.0;0.0;0.0;0.0;0.0;0.0;0.0;1.0;0.0;0.0;0.0;0.0;0.0;0.0;2.0;0.0;0.0;0.0;0.0;0.0;0;0;0;0;PINHAIS;REGIÃO LESTE;6
5255.0;2016-07-31;6.0;10.0;15.0;20.0;474.0;27.0;4.0;6.0;16.0;305.0;27.0;0.0;27.0;642.0;43.0;119.0;5;4;4;4;5;5;4;0;0;0;0;0;1;0;0;0;0;0;0;0;0;0;0;0.0;1.0;0.0;0.0;0.0;0.0;0.0;0.0;0.0;0.0;0.0;0.0;0.0;0.0;0.0;0.0;0.0;0.0;0.0;0.0;0.0;0.0;0.0;0.0;0.0;0.0;0.0;0.0;1.0;0.0;0.0;0.0;0.0;0.0;0.0;2.0;0.0;0.0;0.0;0.0;0.0;14;0;0;0;PINHAIS;REGIÃO LESTE;7
4779.0;2016-08-31;6.0;9.0;16.0;21.0;482.0;29.0;5.0;6.0;16.0;323.0;29.0;0.0;29.0;640.0;54.0;163.0;4;5;4;5;4;4;5;0;1;0;0;0;0;0;0;0;0;0;0;0;0;0;0;0.0;1.0;0.0;0.0;0.0;0.0;0.0;0.0;0.0;0.0;0.0;0.0;0.0;0.0;0.0;0.0;0.0;0.0;0.0;0.0;0.0;0.0;0.0;0.0;0.0;0.0;0.0;0.0;1.0;0.0;0.0;0.0;0.0;0.0;0.0;2.0;0.0;0.0;0.0;0.0;0.0;0;0;0;0;PINHAIS;REGIÃO LESTE;8
4490.0;2016-09-30;6.0;12.0;17.0;22.0;498.0;29.0;3.0;6.0;16.0;336.0;29.0;0.0;29.0;659.0;44.0;92.0;4;4;5;4;5;4;4;0;0;0;0;0;0;0;0;0;0;0;1;0;0;0;0;0.0;1.0;0.0;0.0;0.0;0.0;0.0;0.0;0.0;0.0;0.0;0.0;0.0;0.0;0.0;0.0;0.0;0.0;0.0;0.0;0.0;0.0;0.0;0.0;0.0;0.0;0.0;0.0;1.0;0.0;0.0;0.0;0.0;0.0;0.0;2.0;0.0;0.0;0.0;0.0;0.0;0;0;0;0;PINHAIS;REGIÃO LESTE;9
3264.0;2016-10-31;8.0;13.0;18.0;25.0;557.0;32.0;6.0;8.0;18.0;416.0;32.0;0.0;32.0;699.0;41.0;176.0;5;4;4;5;4;5;4;0;0;0;0;0;0;0;0;0;0;1;0;0;0;0;0;0.0;1.0;0.0;0.0;0.0;0.0;0.0;0.0;0.0;0.0;0.0;0.0;0.0;0.0;0.0;0.0;0.0;0.0;0.0;0.0;0.0;0.0;0.0;0.0;0.0;0.0;0.0;0.0;1.0;0.0;0.0;0.0;0.0;0.0;0.0;2.0;0.0;0.0;0.0;0.0;0.0;0;0;0;0;PINHAIS;REGIÃO LESTE;10
2280.0;2016-11-30;8.0;15.0;19.0;24.0;584.0;31.0;4.0;8.0;19.0;436.0;31.0;0.0;31.0;733.0;52.0;105.0;4;5;4;4;4;4;5;0;0;0;0;0;0;0;0;0;1;0;0;0;0;0;0;0.0;1.0;0.0;0.0;0.0;0.0;0.0;0.0;0.0;0.0;0.0;0.0;0.0;0.0;0.0;0.0;0.0;0.0;0.0;0.0;0.0;0.0;0.0;0.0;0.0;0.0;0.0;0.0;1.0;0.0;0.0;0.0;0.0;0.0;0.0;2.0;0.0;0.0;0.0;0.0;0.0;0;0;0;0;PINHAIS;REGIÃO LESTE;11
2526.0;2016-12-31;11.0;15.0;22.0;28.0;674.0;34.0;3.0;11.0;22.0;534.0;34.0;0.0;34.0;814.0;20.0;79.0;4;4;5;4;5;5;4;0;0;1;0;0;0;0;0;0;0;0;0;0;0;0;0;0.0;1.0;0.0;0.0;0.0;0.0;0.0;0.0;0.0;0.0;0.0;0.0;0.0;0.0;0.0;0.0;0.0;0.0;0.0;0.0;0.0;0.0;0.0;0.0;0.0;0.0;0.0;0.0;1.0;0.0;0.0;0.0;0.0;0.0;0.0;2.0;0.0;0.0;0.0;0.0;0.0;0;0;0;0;PINHAIS;REGIÃO LESTE;12
3212.0;2017-01-31;14.0;19.0;23.0;26.0;719.0;32.0;5.0;14.0;21.0;575.0;32.0;0.0;32.0;862.0;24.0;169.0;5;4;4;5;4;4;5;0;0;0;0;1;0;0;0;0;0;0;0;0;0;0;0;0.0;0.0;1.0;0.0;0.0;0.0;0.0;0.0;0.0;0.0;0.0;0.0;0.0;0.0;0.0;0.0;0.0;0.0;0.0;0.0;0.0;0.0;0.0;0.0;0.0;0.0;0.0;0.0;1.0;0.0;0.0;0.0;0.0;0.0;0.0;2.0;0.0;0.0;0.0;0.0;0.0;31;0;0;0;PINHAIS;REGIÃO LESTE;13
4090.0;2017-02-28;17.0;21.0;24.0;27.0;666.0;34.0;3.0;17.0;20.0;520.0;34.0;0.0;34.0;811.0;36.0;79.0;4;4;4;4;4;4;4;0;0;0;1;0;0;0;0;0;0;0;0;0;0;0;0;0.0;0.0;1.0;0.0;0.0;0.0;0.0;0.0;0.0;0.0;0.0;0.0;0.0;0.0;0.0;0.0;0.0;0.0;0.0;0.0;0.0;0.0;0.0;0.0;0.0;0.0;0.0;0.0;1.0;0.0;0.0;0.0;0.0;0.0;0.0;2.0;0.0;0.0;0.0;0.0;0.0;0;2;0;0;PINHAIS;REGIÃO LESTE;14
4947.0;2017-03-31;13.0;16.0;21.0;26.0;652.0;31.0;2.0;13.0;21.0;522.0;31.0;0.0;31.0;783.0;8.0;50.0;4;5;5;4;5;4;4;0;0;0;0;0;0;0;0;1;0;0;0;0;0;0;0;0.0;0.0;1.0;0.0;0.0;0.0;0.0;0.0;0.0;0.0;0.0;0.0;0.0;0.0;0.0;0.0;0.0;0.0;0.0;0.0;0.0;0.0;0.0;0.0;0.0;0.0;0.0;0.0;1.0;0.0;0.0;0.0;0.0;0.0;0.0;2.0;0.0;0.0;0.0;0.0;0.0;0;1;0;0;PINHAIS;REGIÃO LESTE;15
4830.0;2017-04-30;7.0;13.0;19.0;23.0;559.0;28.0;2.0;7.0;19.0;432.0;28.0;0.0;28.0;686.0;28.0;74.0;5;4;4;4;4;5;4;1;0;0;0;0;0;0;0;0;0;0;0;0;0;0;0;0.0;0.0;1.0;0.0;0.0;0.0;0.0;0.0;0.0;0.0;0.0;0.0;0.0;0.0;0.0;0.0;0.0;0.0;0.0;0.0;0.0;0.0;0.0;0.0;0.0;0.0;0.0;0.0;1.0;0.0;0.0;0.0;0.0;0.0;0.0;2.0;0.0;0.0;0.0;0.0;0.0;0;1;0;0;PINHAIS;REGIÃO LESTE;16
5620.0;2017-05-31;9.0;15.0;18.0;22.0;545.0;28.0;3.0;9.0;17.0;425.0;28.0;0.0;28.0;665.0;40.0;104.0;4;5;4;5;4;4;5;0;0;0;0;0;0;0;1;0;0;0;0;0;0;0;0;0.0;0.0;1.0;0.0;0.0;0.0;0.0;0.0;0.0;0.0;0.0;0.0;0.0;0.0;0.0;0.0;0.0;0.0;0.0;0.0;0.0;0.0;0.0;0.0;0.0;0.0;0.0;0.0;1.0;0.0;0.0;0.0;0.0;0.0;0.0;2.0;0.0;0.0;0.0;0.0;0.0;0;0;0;0;PINHAIS;REGIÃO LESTE;17
5320.0;2017-06-30;6.0;11.0;16.0;21.0;473.0;26.0;6.0;6.0;18.0;332.0;26.0;0.0;26.0;613.0;118.0;182.0;4;4;5;4;5;4;4;0;0;0;0;0;0;1;0;0;0;0;0;0;0;0;0;0.0;0.0;1.0;0.0;0.0;0.0;0.0;0.0;0.0;0.0;0.0;0.0;0.0;0.0;0.0;0.0;0.0;0.0;0.0;0.0;0.0;0.0;0.0;0.0;0.0;0.0;0.0;0.0;1.0;0.0;0.0;0.0;0.0;0.0;0.0;2.0;0.0;0.0;0.0;0.0;0.0;0;1;0;0;PINHAIS;REGIÃO LESTE;18
4503.0;2017-07-31;4.0;8.0;15.0;18.0;463.0;25.0;0.0;4.0;12.0;288.0;25.0;0.0;25.0;639.0;2.0;6.0;5;4;4;5;4;5;4;0;0;0;0;0;1;0;0;0;0;0;0;0;0;0;0;0.0;0.0;1.0;0.0;0.0;0.0;0.0;0.0;0.0;0.0;0.0;0.0;0.0;0.0;0.0;0.0;0.0;0.0;0.0;0.0;0.0;0.0;0.0;0.0;0.0;0.0;0.0;0.0;1.0;0.0;0.0;0.0;0.0;0.0;0.0;2.0;0.0;0.0;0.0;0.0;0.0;16;0;0;0;PINHAIS;REGIÃO LESTE;19
5068.0;2017-08-31;7.0;10.0;16.0;22.0;505.0;31.0;3.0;7.0;16.0;357.0;31.0;0.0;31.0;653.0;49.0;97.0;4;5;5;4;4;4;5;0;1;0;0;0;0;0;0;0;0;0;0;0;0;0;0;0.0;0.0;1.0;0.0;0.0;0.0;0.0;0.0;0.0;0.0;0.0;0.0;0.0;0.0;0.0;0.0;0.0;0.0;0.0;0.0;0.0;0.0;0.0;0.0;0.0;0.0;0.0;0.0;1.0;0.0;0.0;0.0;0.0;0.0;0.0;2.0;0.0;0.0;0.0;0.0;0.0;0;0;0;0;PINHAIS;REGIÃO LESTE;20
5720.0;2017-09-30;10.0;15.0;20.0;24.0;608.0;32.0;1.0;10.0;18.0;423.0;32.0;0.0;32.0;794.0;23.0;43.0;4;4;4;4;5;5;4;0;0;0;0;0;0;0;0;0;0;0;1;0;0;0;0;0.0;0.0;1.0;0.0;0.0;0.0;0.0;0.0;0.0;0.0;0.0;0.0;0.0;0.0;0.0;0.0;0.0;0.0;0.0;0.0;0.0;0.0;0.0;0.0;0.0;0.0;0.0;0.0;1.0;0.0;0.0;0.0;0.0;0.0;0.0;2.0;0.0;0.0;0.0;0.0;0.0;0;0;0;0;PINHAIS;REGIÃO LESTE;21
5477.0;2017-10-31;8.0;14.0;19.0;24.0;591.0;32.0;7.0;8.0;17.0;440.0;32.0;0.0;32.0;742.0;35.0;227.0;5;4;4;5;4;4;5;0;0;0;0;0;0;0;0;0;0;1;0;0;0;0;0;0.0;0.0;1.0;0.0;0.0;0.0;0.0;0.0;0.0;0.0;0.0;0.0;0.0;0.0;0.0;0.0;0.0;0.0;0.0;0.0;0.0;0.0;0.0;0.0;0.0;0.0;0.0;0.0;1.0;0.0;0.0;0.0;0.0;0.0;0.0;2.0;0.0;0.0;0.0;0.0;0.0;0;0;0;0;PINHAIS;REGIÃO LESTE;22
4990.0;2017-11-30;10.0;14.0;19.0;25.0;580.0;32.0;4.0;10.0;18.0;428.0;32.0;0.0;32.0;732.0;54.0;134.0;4;5;5;4;4;4;4;0;0;0;0;0;0;0;0;0;1;0;0;0;0;0;0;0.0;0.0;1.0;0.0;0.0;0.0;0.0;0.0;0.0;0.0;0.0;0.0;0.0;0.0;0.0;0.0;0.0;0.0;0.0;0.0;0.0;0.0;0.0;0.0;0.0;0.0;0.0;0.0;1.0;0.0;0.0;0.0;0.0;0.0;0.0;2.0;0.0;0.0;0.0;0.0;0.0;0;0;0;0;PINHAIS;REGIÃO LESTE;23
3949.0;2017-12-31;14.0;16.0;22.0;25.0;670.0;32.0;4.0;14.0;21.0;534.0;32.0;0.0;32.0;806.0;44.0;138.0;5;4;4;4;5;5;4;0;0;1;0;0;0;0;0;0;0;0;0;0;0;0;0;0.0;0.0;1.0;0.0;0.0;0.0;0.0;0.0;0.0;0.0;0.0;0.0;0.0;0.0;0.0;0.0;0.0;0.0;0.0;0.0;0.0;0.0;0.0;0.0;0.0;0.0;0.0;0.0;1.0;0.0;0.0;0.0;0.0;0.0;0.0;2.0;0.0;0.0;0.0;0.0;0.0;0;0;0;0;PINHAIS;REGIÃO LESTE;24
3841.0;2018-01-31;14.0;18.0;22.0;25.0;682.0;31.0;10.0;14.0;20.0;547.0;31.0;0.0;31.0;818.0;88.0;320.0;4;5;4;5;4;4;5;0;0;0;0;1;0;0;0;0;0;0;0;0;0;0;0;0.0;0.0;0.0;1.0;0.0;0.0;0.0;0.0;0.0;0.0;0.0;0.0;0.0;0.0;0.0;0.0;0.0;0.0;0.0;0.0;0.0;0.0;0.0;0.0;0.0;0.0;0.0;0.0;1.0;0.0;0.0;0.0;0.0;0.0;0.0;2.0;0.0;0.0;0.0;0.0;0.0;31;0;0;0;PINHAIS;REGIÃO LESTE;25
4316.0;2018-02-28;14.0;17.0;21.0;25.0;586.0;31.0;3.0;14.0;21.0;457.0;31.0;0.0;31.0;715.0;43.0;91.0;4;4;4;4;4;4;4;0;0;0;1;0;0;0;0;0;0;0;0;0;0;0;0;0.0;0.0;0.0;1.0;0.0;0.0;0.0;0.0;0.0;0.0;0.0;0.0;0.0;0.0;0.0;0.0;0.0;0.0;0.0;0.0;0.0;0.0;0.0;0.0;0.0;0.0;0.0;0.0;1.0;0.0;0.0;0.0;0.0;0.0;0.0;2.0;0.0;0.0;0.0;0.0;0.0;0;3;0;0;PINHAIS;REGIÃO LESTE;26
5345.0;2018-03-31;16.0;18.0;23.0;25.0;701.0;31.0;10.0;16.0;21.0;564.0;31.0;0.0;31.0;838.0;68.0;302.0;4;4;5;4;5;5;4;0;0;0;0;0;0;0;0;1;0;0;0;0;0;0;0;0.0;0.0;0.0;1.0;0.0;0.0;0.0;0.0;0.0;0.0;0.0;0.0;0.0;0.0;0.0;0.0;0.0;0.0;0.0;0.0;0.0;0.0;0.0;0.0;0.0;0.0;0.0;0.0;1.0;0.0;0.0;0.0;0.0;0.0;0.0;2.0;0.0;0.0;0.0;0.0;0.0;0;1;0;0;PINHAIS;REGIÃO LESTE;27
5670.0;2018-04-30;12.0;16.0;20.0;23.0;615.0;29.0;1.0;12.0;19.0;461.0;29.0;0.0;29.0;769.0;8.0;22.0;5;4;4;5;4;4;4;1;0;0;0;0;0;0;0;0;0;0;0;0;0;0;0;0.0;0.0;0.0;1.0;0.0;0.0;0.0;0.0;0.0;0.0;0.0;0.0;0.0;0.0;0.0;0.0;0.0;0.0;0.0;0.0;0.0;0.0;0.0;0.0;0.0;0.0;0.0;0.0;1.0;0.0;0.0;0.0;0.0;0.0;0.0;2.0;0.0;0.0;0.0;0.0;0.0;0;0;0;0;PINHAIS;REGIÃO LESTE;28
5425.0;2018-05-31;6.0;11.0;18.0;22.0;550.0;28.0;1.0;6.0;18.0;408.0;28.0;0.0;28.0;691.0;20.0;26.0;4;5;5;4;4;4;5;0;0;0;0;0;0;0;1;0;0;0;0;0;0;0;0;0.0;0.0;0.0;1.0;0.0;0.0;0.0;0.0;0.0;0.0;0.0;0.0;0.0;0.0;0.0;0.0;0.0;0.0;0.0;0.0;0.0;0.0;0.0;0.0;0.0;0.0;0.0;0.0;1.0;0.0;0.0;0.0;0.0;0.0;0.0;2.0;0.0;0.0;0.0;0.0;0.0;0;1;0;0;PINHAIS;REGIÃO LESTE;29
5870.0;2018-06-30;8.0;8.0;15.0;22.0;463.0;27.0;3.0;8.0;17.0;343.0;27.0;0.0;27.0;583.0;23.0;91.0;4;4;4;4;5;5;4;0;0;0;0;0;0;1;0;0;0;0;0;0;0;0;0;0.0;0.0;0.0;1.0;0.0;0.0;0.0;0.0;0.0;0.0;0.0;0.0;0.0;0.0;0.0;0.0;0.0;0.0;0.0;0.0;0.0;0.0;0.0;0.0;0.0;0.0;0.0;0.0;1.0;0.0;0.0;0.0;0.0;0.0;0.0;2.0;0.0;0.0;0.0;0.0;0.0;0;0;0;0;PINHAIS;REGIÃO LESTE;30
5722.0;2018-07-31;7.0;11.0;17.0;21.0;517.0;27.0;0.0;7.0;16.0;354.0;27.0;0.0;27.0;680.0;4.0;4.0;5;4;4;5;4;4;5;0;0;0;0;0;1;0;0;0;0;0;0;0;0;0;0;0.0;0.0;0.0;1.0;0.0;0.0;0.0;0.0;0.0;0.0;0.0;0.0;0.0;0.0;0.0;0.0;0.0;0.0;0.0;0.0;0.0;0.0;0.0;0.0;0.0;0.0;0.0;0.0;1.0;0.0;0.0;0.0;0.0;0.0;0.0;2.0;0.0;0.0;0.0;0.0;0.0;16;0;0;0;PINHAIS;REGIÃO LESTE;31
5647.0;2018-08-31;7.0;10.0;15.0;22.0;480.0;30.0;1.0;7.0;15.0;325.0;30.0;0.0;30.0;635.0;9.0;17.0;4;5;5;4;5;4;4;0;1;0;0;0;0;0;0;0;0;0;0;0;0;0;0;0.0;0.0;0.0;1.0;0.0;0.0;0.0;0.0;0.0;0.0;0.0;0.0;0.0;0.0;0.0;0.0;0.0;0.0;0.0;0.0;0.0;0.0;0.0;0.0;0.0;0.0;0.0;0.0;1.0;0.0;0.0;0.0;0.0;0.0;0.0;2.0;0.0;0.0;0.0;0.0;0.0;0;0;0;0;PINHAIS;REGIÃO LESTE;32
5970.0;2018-09-30;6.0;12.0;18.0;23.0;540.0;30.0;2.0;6.0;17.0;402.0;30.0;0.0;30.0;679.0;10.0;65.0;5;4;4;4;4;5;4;0;0;0;0;0;0;0;0;0;0;0;1;0;0;0;0;0.0;0.0;0.0;1.0;0.0;0.0;0.0;0.0;0.0;0.0;0.0;0.0;0.0;0.0;0.0;0.0;0.0;0.0;0.0;0.0;0.0;0.0;0.0;0.0;0.0;0.0;0.0;0.0;1.0;0.0;0.0;0.0;0.0;0.0;0.0;2.0;0.0;0.0;0.0;0.0;0.0;0;0;0;0;PINHAIS;REGIÃO LESTE;33
5767.0;2018-10-31;11.0;13.0;18.0;23.0;566.0;28.0;9.0;11.0;18.0;446.0;28.0;0.0;28.0;687.0;33.0;264.0;4;5;4;5;4;4;5;0;0;0;0;0;0;0;0;0;0;1;0;0;0;0;0;0.0;0.0;0.0;1.0;0.0;0.0;0.0;0.0;0.0;0.0;0.0;0.0;0.0;0.0;0.0;0.0;0.0;0.0;0.0;0.0;0.0;0.0;0.0;0.0;0.0;0.0;0.0;0.0;1.0;0.0;0.0;0.0;0.0;0.0;0.0;2.0;0.0;0.0;0.0;0.0;0.0;0;0;0;0;PINHAIS;REGIÃO LESTE;34
5050.0;2018-11-30;11.0;15.0;20.0;25.0;605.0;31.0;2.0;11.0;20.0;467.0;31.0;0.0;31.0;743.0;32.0;68.0;4;4;5;4;5;4;4;0;0;0;0;0;0;0;0;0;1;0;0;0;0;0;0;0.0;0.0;0.0;1.0;0.0;0.0;0.0;0.0;0.0;0.0;0.0;0.0;0.0;0.0;0.0;0.0;0.0;0.0;0.0;0.0;0.0;0.0;0.0;0.0;0.0;0.0;0.0;0.0;1.0;0.0;0.0;0.0;0.0;0.0;0.0;2.0;0.0;0.0;0.0;0.0;0.0;0;0;0;0;PINHAIS;REGIÃO LESTE;35
3845.0;2018-12-31;12.0;16.0;23.0;27.0;725.0;33.0;2.0;12.0;22.0;546.0;33.0;0.0;33.0;904.0;20.0;54.0;5;4;4;5;4;5;4;0;0;1;0;0;0;0;0;0;0;0;0;0;0;0;0;0.0;0.0;0.0;1.0;0.0;0.0;0.0;0.0;0.0;0.0;0.0;0.0;0.0;0.0;0.0;0.0;0.0;0.0;0.0;0.0;0.0;0.0;0.0;0.0;0.0;0.0;0.0;0.0;1.0;0.0;0.0;0.0;0.0;0.0;0.0;2.0;0.0;0.0;0.0;0.0;0.0;0;0;0;0;PINHAIS;REGIÃO LESTE;36
3633.0;2019-01-31;17.0;21.0;25.0;28.0;768.0;34.0;5.0;17.0;22.0;602.0;34.0;0.0;34.0;935.0;32.0;161.0;4;5;5;4;4;4;5;0;0;0;0;1;0;0;0;0;0;0;0;0;0;0;0;0.0;0.0;0.0;0.0;1.0;0.0;0.0;0.0;0.0;0.0;0.0;0.0;0.0;0.0;0.0;0.0;0.0;0.0;0.0;0.0;0.0;0.0;0.0;0.0;0.0;0.0;0.0;0.0;1.0;0.0;0.0;0.0;0.0;0.0;0.0;2.0;0.0;0.0;0.0;0.0;0.0;31;0;0;0;PINHAIS;REGIÃO LESTE;37
4092.0;2019-02-28;15.0;17.0;22.0;27.0;614.0;33.0;10.0;15.0;22.0;491.0;33.0;0.0;33.0;737.0;120.0;278.0;4;4;4;4;4;4;4;0;0;0;1;0;0;0;0;0;0;0;0;0;0;0;0;0.0;0.0;0.0;0.0;1.0;0.0;0.0;0.0;0.0;0.0;0.0;0.0;0.0;0.0;0.0;0.0;0.0;0.0;0.0;0.0;0.0;0.0;0.0;0.0;0.0;0.0;0.0;0.0;1.0;0.0;0.0;0.0;0.0;0.0;0.0;2.0;0.0;0.0;0.0;0.0;0.0;0;0;0;0;PINHAIS;REGIÃO LESTE;38
5454.0;2019-03-31;13.0;17.0;21.0;25.0;666.0;31.0;2.0;13.0;20.0;530.0;31.0;0.0;31.0;802.0;12.0;65.0;5;4;4;4;5;5;4;0;0;0;0;0;0;0;0;1;0;0;0;0;0;0;0;0.0;0.0;0.0;0.0;1.0;0.0;0.0;0.0;0.0;0.0;0.0;0.0;0.0;0.0;0.0;0.0;0.0;0.0;0.0;0.0;0.0;0.0;0.0;0.0;0.0;0.0;0.0;0.0;1.0;0.0;0.0;0.0;0.0;0.0;0.0;2.0;0.0;0.0;0.0;0.0;0.0;0;3;0;0;PINHAIS;REGIÃO LESTE;39
5560.0;2019-04-30;12.0;16.0;21.0;24.0;619.0;29.0;3.0;12.0;20.0;485.0;29.0;0.0;29.0;754.0;20.0;101.0;4;4;4;5;4;4;5;1;0;0;0;0;0;0;0;0;0;0;0;0;0;0;0;0.0;0.0;0.0;0.0;1.0;0.0;0.0;0.0;0.0;0.0;0.0;0.0;0.0;0.0;0.0;0.0;0.0;0.0;0.0;0.0;0.0;0.0;0.0;0.0;0.0;0.0;0.0;0.0;1.0;0.0;0.0;0.0;0.0;0.0;0.0;2.0;0.0;0.0;0.0;0.0;0.0;0;1;0;0;PINHAIS;REGIÃO LESTE;40
5472.0;2019-05-31;8.0;14.0;18.0;24.0;567.0;30.0;8.0;8.0;19.0;455.0;30.0;0.0;30.0;679.0;59.0;243.0;4;5;5;4;5;4;4;0;0;0;0;0;0;0;1;0;0;0;0;0;0;0;0;0.0;0.0;0.0;0.0;1.0;0.0;0.0;0.0;0.0;0.0;0.0;0.0;0.0;0.0;0.0;0.0;0.0;0.0;0.0;0.0;0.0;0.0;0.0;0.0;0.0;0.0;0.0;0.0;1.0;0.0;0.0;0.0;0.0;0.0;0.0;2.0;0.0;0.0;0.0;0.0;0.0;0;0;0;0;PINHAIS;REGIÃO LESTE;41
5060.0;2019-06-30;8.0;12.0;17.0;20.0;510.0;26.0;2.0;8.0;15.0;354.0;26.0;0.0;26.0;666.0;28.0;66.0;5;4;4;4;4;5;4;0;0;0;0;0;0;1;0;0;0;0;0;0;0;0;0;0.0;0.0;0.0;0.0;1.0;0.0;0.0;0.0;0.0;0.0;0.0;0.0;0.0;0.0;0.0;0.0;0.0;0.0;0.0;0.0;0.0;0.0;0.0;0.0;0.0;0.0;0.0;0.0;1.0;0.0;0.0;0.0;0.0;0.0;0.0;2.0;0.0;0.0;0.0;0.0;0.0;0;1;0;0;PINHAIS;REGIÃO LESTE;42
4589.0;2019-07-31;6.0;10.0;16.0;20.0;491.0;26.0;0.0;6.0;15.0;326.0;26.0;0.0;26.0;655.0;5.0;12.0;4;5;4;5;4;4;5;0;0;0;0;0;1;0;0;0;0;0;0;0;0;0;0;0.0;0.0;0.0;0.0;1.0;0.0;0.0;0.0;0.0;0.0;0.0;0.0;0.0;0.0;0.0;0.0;0.0;0.0;0.0;0.0;0.0;0.0;0.0;0.0;0.0;0.0;0.0;0.0;1.0;0.0;0.0;0.0;0.0;0.0;0.0;2.0;0.0;0.0;0.0;0.0;0.0;16;0;0;0;PINHAIS;REGIÃO LESTE;43
5023.0;2019-08-31;6.0;9.0;16.0;23.0;493.0;30.0;2.0;6.0;17.0;326.0;30.0;0.0;30.0;660.0;20.0;49.0;4;4;5;4;5;5;4;0;1;0;0;0;0;0;0;0;0;0;0;0;0;0;0;0.0;0.0;0.0;0.0;1.0;0.0;0.0;0.0;0.0;0.0;0.0;0.0;0.0;0.0;0.0;0.0;0.0;0.0;0.0;0.0;0.0;0.0;0.0;0.0;0.0;0.0;0.0;0.0;1.0;0.0;0.0;0.0;0.0;0.0;0.0;2.0;0.0;0.0;0.0;0.0;0.0;0;0;0;0;PINHAIS;REGIÃO LESTE;44
5270.0;2019-09-30;8.0;10.0;18.0;26.0;535.0;34.0;4.0;8.0;18.0;385.0;34.0;0.0;34.0;685.0;32.0;125.0;5;4;4;5;4;4;4;0;0;0;0;0;0;0;0;0;0;0;1;0;0;0;0;0.0;0.0;0.0;0.0;1.0;0.0;0.0;0.0;0.0;0.0;0.0;0.0;0.0;0.0;0.0;0.0;0.0;0.0;0.0;0.0;0.0;0.0;0.0;0.0;0.0;0.0;0.0;0.0;1.0;0.0;0.0;0.0;0.0;0.0;0.0;2.0;0.0;0.0;0.0;0.0;0.0;0;0;0;0;PINHAIS;REGIÃO LESTE;45
4941.0;2019-10-31;11.0;14.0;21.0;26.0;646.0;34.0;3.0;11.0;19.0;470.0;34.0;0.0;34.0;821.0;26.0;85.0;4;5;5;4;4;4;5;0;0;0;0;0;0;0;0;0;0;1;0;0;0;0;0;0.0;0.0;0.0;0.0;1.0;0.0;0.0;0.0;0.0;0.0;0.0;0.0;0.0;0.0;0.0;0.0;0.0;0.0;0.0;0.0;0.0;0.0;0.0;0.0;0.0;0.0;0.0;0.0;1.0;0.0;0.0;0.0;0.0;0.0;0.0;2.0;0.0;0.0;0.0;0.0;0.0;0;0;0;0;PINHAIS;REGIÃO LESTE;46
4550.0;2019-11-30;12.0;15.0;20.0;25.0;612.0;32.0;3.0;12.0;19.0;462.0;32.0;0.0;32.0;762.0;33.0;99.0;4;4;4;4;5;5;4;0;0;0;0;0;0;0;0;0;1;0;0;0;0;0;0;0.0;0.0;0.0;0.0;1.0;0.0;0.0;0.0;0.0;0.0;0.0;0.0;0.0;0.0;0.0;0.0;0.0;0.0;0.0;0.0;0.0;0.0;0.0;0.0;0.0;0.0;0.0;0.0;1.0;0.0;0.0;0.0;0.0;0.0;0.0;2.0;0.0;0.0;0.0;0.0;0.0;0;0;0;0;PINHAIS;REGIÃO LESTE;47
3977.0;2019-12-31;13.0;17.0;22.0;26.0;667.0;33.0;2.0;13.0;19.0;512.0;33.0;0.0;33.0;822.0;21.0;64.0;5;4;4;5;4;4;5;0;0;1;0;0;0;0;0;0;0;0;0;0;0;0;0;0.0;0.0;0.0;0.0;1.0;0.0;0.0;0.0;0.0;0.0;0.0;0.0;0.0;0.0;0.0;0.0;0.0;0.0;0.0;0.0;0.0;0.0;0.0;0.0;0.0;0.0;0.0;0.0;1.0;0.0;0.0;0.0;0.0;0.0;0.0;2.0;0.0;0.0;0.0;0.0;0.0;0;0;0;0;PINHAIS;REGIÃO LESTE;48
5622.0;2020-01-31;14.0;17.0;23.0;26.0;704.0;32.0;7.0;14.0;21.0;555.0;32.0;0.0;32.0;852.0;59.0;208.0;4;5;5;4;5;4;4;0;0;0;0;1;0;0;0;0;0;0;0;0;0;0;0;0.0;0.0;0.0;0.0;0.0;1.0;0.0;0.0;0.0;0.0;0.0;0.0;0.0;0.0;0.0;0.0;0.0;0.0;0.0;0.0;0.0;0.0;0.0;0.0;0.0;0.0;0.0;0.0;1.0;0.0;0.0;0.0;0.0;0.0;0.0;2.0;0.0;0.0;0.0;0.0;0.0;31;0;0;0;PINHAIS;REGIÃO LESTE;49
5711.0;2020-02-29;11.0;17.0;21.0;27.0;622.0;32.0;3.0;11.0;21.0;495.0;32.0;0.0;32.0;749.0;19.0;101.0;4;4;4;4;4;5;4;0;0;0;1;0;0;0;0;0;0;0;0;0;0;0;0;0.0;0.0;0.0;0.0;0.0;1.0;0.0;0.0;0.0;0.0;0.0;0.0;0.0;0.0;0.0;0.0;0.0;0.0;0.0;0.0;0.0;0.0;0.0;0.0;0.0;0.0;0.0;0.0;1.0;0.0;0.0;0.0;0.0;0.0;0.0;2.0;0.0;0.0;0.0;0.8275862068965517;1.0;0;3;0;0;PINHAIS;REGIÃO LESTE;50
4788.0;2020-03-31;12.0;18.0;21.0;25.0;658.0;32.0;0.0;12.0;19.0;480.0;32.0;0.0;32.0;836.0;5.0;14.0;5;4;4;5;4;4;5;0;0;0;0;0;0;0;0;1;0;0;0;0;0;0;0;0.0;0.0;0.0;0.0;0.0;1.0;0.0;0.0;0.0;0.0;0.0;0.0;0.0;0.0;0.0;0.0;0.0;0.0;0.0;0.0;0.0;0.0;0.0;0.0;0.0;0.0;0.0;0.0;1.0;0.0;0.0;0.0;0.0;0.0;0.0;2.0;0.0;0.0;0.0;1.0;1.0;0;0;15;0;PINHAIS;REGIÃO LESTE;51
3360.0;2020-04-30;8.0;15.0;19.0;24.0;573.0;31.0;1.0;8.0;18.0;395.0;31.0;0.0;31.0;751.0;14.0;21.0;4;5;5;4;4;4;4;1;0;0;0;0;0;0;0;0;0;0;0;0;0;0;0;0.0;0.0;0.0;0.0;0.0;1.0;0.0;0.0;0.0;0.0;0.0;0.0;0.0;0.0;0.0;0.0;0.0;0.0;0.0;0.0;0.0;0.0;0.0;0.0;0.0;0.0;0.0;0.0;1.0;0.0;0.0;0.0;0.0;0.0;0.0;2.0;0.0;0.0;0.0;1.0;1.0;0;1;30;0;PINHAIS;REGIÃO LESTE;52
3090.0;2020-05-31;6.0;13.0;16.0;21.0;509.0;26.0;1.0;6.0;17.0;327.0;26.0;0.0;26.0;692.0;12.0;25.0;5;4;4;4;5;5;4;0;0;0;0;0;0;0;1;0;0;0;0;0;0;0;0;0.0;0.0;0.0;0.0;0.0;1.0;0.0;0.0;0.0;0.0;0.0;0.0;0.0;0.0;0.0;0.0;0.0;0.0;0.0;0.0;0.0;0.0;0.0;0.0;0.0;0.0;0.0;0.0;1.0;0.0;0.0;0.0;0.0;0.0;0.0;2.0;0.0;0.0;0.0;1.0;1.0;0;0;31;0;PINHAIS;REGIÃO LESTE;53
3000.0;2020-06-30;8.0;10.0;17.0;22.0;498.0;27.0;5.0;8.0;19.0;360.0;27.0;0.0;27.0;636.0;65.0;143.0;4;4;4;5;4;4;5;0;0;0;0;0;0;1;0;0;0;0;0;0;0;0;0;0.0;0.0;0.0;0.0;0.0;1.0;0.0;0.0;0.0;0.0;0.0;0.0;0.0;0.0;0.0;0.0;0.0;0.0;0.0;0.0;0.0;0.0;0.0;0.0;0.0;0.0;0.0;0.0;1.0;0.0;0.0;0.0;0.0;0.0;0.0;2.0;0.0;0.0;0.0;1.0;1.0;0;1;30;0;PINHAIS;REGIÃO LESTE;54
3205.0;2020-07-31;6.0;10.0;16.0;20.0;498.0;27.0;1.0;6.0;15.0;334.0;27.0;0.0;27.0;662.0;17.0;28.0;4;5;5;4;5;4;4;0;0;0;0;0;1;0;0;0;0;0;0;0;0;0;0;0.0;0.0;0.0;0.0;0.0;1.0;0.0;0.0;0.0;0.0;0.0;0.0;0.0;0.0;0.0;0.0;0.0;0.0;0.0;0.0;0.0;0.0;0.0;0.0;0.0;0.0;0.0;0.0;1.0;0.0;0.0;0.0;0.0;0.0;0.0;2.0;0.0;0.0;0.0;1.0;1.0;0;0;31;0;PINHAIS;REGIÃO LESTE;55
3100.0;2020-08-31;6.0;8.0;16.0;22.0;503.0;31.0;4.0;6.0;14.0;330.0;31.0;0.0;31.0;675.0;31.0;132.0;5;4;4;5;4;5;4;0;1;0;0;0;0;0;0;0;0;0;0;0;0;0;0;0.0;0.0;0.0;0.0;0.0;1.0;0.0;0.0;0.0;0.0;0.0;0.0;0.0;0.0;0.0;0.0;0.0;0.0;0.0;0.0;0.0;0.0;0.0;0.0;0.0;0.0;0.0;0.0;1.0;0.0;0.0;0.0;0.0;0.0;0.0;2.0;0.0;0.0;0.0;1.0;1.0;0;0;31;0;PINHAIS;REGIÃO LESTE;56
3630.0;2020-09-30;9.0;12.0;20.0;25.0;594.0;34.0;2.0;9.0;18.0;412.0;34.0;0.0;34.0;775.0;34.0;45.0;4;5;4;4;4;4;5;0;0;0;0;0;0;0;0;0;0;0;1;0;0;0;0;0.0;0.0;0.0;0.0;0.0;1.0;0.0;0.0;0.0;0.0;0.0;0.0;0.0;0.0;0.0;0.0;0.0;0.0;0.0;0.0;0.0;0.0;0.0;0.0;0.0;0.0;0.0;0.0;1.0;0.0;0.0;0.0;0.0;0.0;0.0;2.0;0.0;0.0;0.0;1.0;1.0;0;0;30;0;PINHAIS;REGIÃO LESTE;57
3782.0;2020-10-31;11.0;13.0;20.0;27.0;624.0;36.0;4.0;11.0;19.0;452.0;36.0;0.0;36.0;796.0;37.0;118.0;4;4;5;4;5;5;4;0;0;0;0;0;0;0;0;0;0;1;0;0;0;0;0;0.0;0.0;0.0;0.0;0.0;1.0;0.0;0.0;0.0;0.0;0.0;0.0;0.0;0.0;0.0;0.0;0.0;0.0;0.0;0.0;0.0;0.0;0.0;0.0;0.0;0.0;0.0;0.0;1.0;0.0;0.0;0.0;0.0;0.0;0.0;2.0;0.0;0.0;0.0;1.0;1.0;0;0;31;0;PINHAIS;REGIÃO LESTE;58
3390.0;2020-11-30;8.0;14.0;20.0;25.0;595.0;32.0;7.0;8.0;18.0;431.0;32.0;0.0;32.0;759.0;87.0;210.0;5;4;4;5;4;4;4;0;0;0;0;0;0;0;0;0;1;0;0;0;0;0;0;0.0;0.0;0.0;0.0;0.0;1.0;0.0;0.0;0.0;0.0;0.0;0.0;0.0;0.0;0.0;0.0;0.0;0.0;0.0;0.0;0.0;0.0;0.0;0.0;0.0;0.0;0.0;0.0;1.0;0.0;0.0;0.0;0.0;0.0;0.0;2.0;0.0;0.0;0.0;1.0;1.0;0;0;30;0;PINHAIS;REGIÃO LESTE;59
3658.0;2020-12-31;14.0;16.0;22.0;25.0;680.0;32.0;5.0;14.0;19.0;528.0;32.0;0.0;32.0;831.0;26.0;159.0;4;5;5;4;4;4;5;0;0;1;0;0;0;0;0;0;0;0;0;0;0;0;0;0.0;0.0;0.0;0.0;0.0;1.0;0.0;0.0;0.0;0.0;0.0;0.0;0.0;0.0;0.0;0.0;0.0;0.0;0.0;0.0;0.0;0.0;0.0;0.0;0.0;0.0;0.0;0.0;1.0;0.0;0.0;0.0;0.0;0.0;0.0;2.0;0.0;0.0;0.0;1.0;1.0;0;0;31;0;PINHAIS;REGIÃO LESTE;60
3100.0;2021-01-31;14.0;19.0;22.0;26.0;694.0;32.0;7.0;14.0;21.0;570.0;32.0;0.0;32.0;819.0;82.0;215.0;5;4;4;4;5;5;4;0;0;0;0;1;0;0;0;0;0;0;0;1;0;0;0;0.0;0.0;0.0;0.0;0.0;0.0;0.0;0.0;0.0;0.0;0.0;0.0;0.0;0.0;0.0;0.0;0.0;0.0;0.0;0.0;0.0;0.0;0.0;0.0;0.0;0.0;0.0;0.0;1.0;0.0;0.0;0.0;0.0;0.0;0.0;2.0;0.0;0.0;0.0;1.0;1.0;0;0;31;0;PINHAIS;REGIÃO LESTE;61
2912.0;2021-02-28;14.0;18.0;22.0;26.0;619.0;32.0;3.0;14.0;21.0;475.0;32.0;0.0;32.0;763.0;24.0;89.0;4;4;4;4;4;4;4;0;0;0;1;0;0;0;0;0;0;0;0;1;0;0;0;0.0;0.0;0.0;0.0;0.0;0.0;0.0;0.0;0.0;0.0;0.0;0.0;0.0;0.0;0.0;0.0;0.0;0.0;0.0;0.0;0.0;0.0;0.0;0.0;0.0;0.0;0.0;0.0;1.0;0.0;0.0;0.0;0.0;0.0;0.0;2.0;0.0;0.0;0.0;1.0;2.0;0;3;28;0;PINHAIS;REGIÃO LESTE;62
2139.0;2021-03-31;12.0;18.0;23.0;25.0;698.0;31.0;4.0;12.0;20.0;548.0;31.0;0.0;31.0;848.0;60.0;123.0;4;5;4;5;4;4;5;0;0;0;0;0;0;0;0;1;0;0;0;1;0;0;0;0.0;0.0;0.0;0.0;0.0;0.0;0.0;0.0;0.0;0.0;0.0;0.0;0.0;0.0;0.0;0.0;0.0;0.0;0.0;0.0;0.0;0.0;0.0;0.0;0.0;0.0;0.0;0.0;1.0;0.0;0.0;0.0;0.0;0.0;0.0;2.0;0.0;0.0;0.0;1.0;2.0;0;0;31;0;PINHAIS;REGIÃO LESTE;63
2310.0;2021-04-30;10.0;16.0;19.0;22.0;561.0;29.0;0.0;10.0;17.0;422.0;29.0;0.0;29.0;700.0;8.0;12.0;4;4;5;4;5;4;4;1;0;0;0;0;0;0;0;0;0;0;0;1;0;0;0;0.0;0.0;0.0;0.0;0.0;0.0;0.0;0.0;0.0;0.0;0.0;0.0;0.0;0.0;0.0;0.0;0.0;0.0;0.0;0.0;0.0;0.0;0.0;0.0;0.0;0.0;0.0;0.0;1.0;0.0;0.0;0.0;0.0;0.0;0.0;2.0;0.0;0.0;0.0;1.0;2.0;0;1;30;0;PINHAIS;REGIÃO LESTE;64
2418.0;2021-05-31;8.0;12.0;17.0;21.0;517.0;28.0;4.0;8.0;16.0;352.0;28.0;0.0;28.0;683.0;59.0;123.0;5;4;4;5;4;5;4;0;0;0;0;0;0;0;1;0;0;0;0;1;0;0;0;0.0;0.0;0.0;0.0;0.0;0.0;0.0;0.0;0.0;0.0;0.0;0.0;0.0;0.0;0.0;0.0;0.0;0.0;0.0;0.0;0.0;0.0;0.0;0.0;0.0;0.0;0.0;0.0;1.0;0.0;0.0;0.0;0.0;0.0;0.0;2.0;0.0;0.0;0.0;1.0;2.0;0;0;31;0;PINHAIS;REGIÃO LESTE;65
3030.0;2021-06-30;6.0;9.0;15.0;20.0;452.0;26.0;3.0;6.0;15.0;326.0;26.0;0.0;26.0;578.0;46.0;89.0;4;5;4;4;4;4;5;0;0;0;0;0;0;1;0;0;0;0;0;1;0;0;0;0.0;0.0;0.0;0.0;0.0;0.0;0.0;0.0;0.0;0.0;0.0;0.0;0.0;0.0;0.0;0.0;0.0;0.0;0.0;0.0;0.0;0.0;0.0;0.0;0.0;0.0;0.0;0.0;1.0;0.0;0.0;0.0;0.0;0.0;0.0;2.0;0.0;0.0;0.0;1.0;2.0;0;1;30;0;PINHAIS;REGIÃO LESTE;66
2697.0;2021-07-31;-14.0;-3.0;12.0;18.0;361.0;26.0;1.0;-14.0;12.0;168.0;26.0;0.0;26.0;554.0;12.0;18.0;4;4;5;4;5;5;4;0;0;0;0;0;1;0;0;0;0;0;0;1;0;0;0;0.0;0.0;0.0;0.0;0.0;0.0;0.0;0.0;0.0;0.0;0.0;0.0;0.0;0.0;0.0;0.0;0.0;0.0;0.0;0.0;0.0;0.0;0.0;0.0;0.0;0.0;0.0;0.0;1.0;0.0;0.0;0.0;0.0;0.0;0.0;2.0;0.0;0.0;0.0;1.0;2.0;0;0;31;0;PINHAIS;REGIÃO LESTE;67
2790.0;2021-08-31;8.0;9.0;17.0;24.0;518.0;30.0;3.0;8.0;18.0;354.0;30.0;0.0;30.0;681.0;34.0;89.0;5;4;4;5;4;4;5;0;1;0;0;0;0;0;0;0;0;0;0;1;0;0;0;0.0;0.0;0.0;0.0;0.0;0.0;0.0;0.0;0.0;0.0;0.0;0.0;0.0;0.0;0.0;0.0;0.0;0.0;0.0;0.0;0.0;0.0;0.0;0.0;0.0;0.0;0.0;0.0;1.0;0.0;0.0;0.0;0.0;0.0;0.0;2.0;0.0;0.0;0.0;1.0;2.0;0;0;31;0;PINHAIS;REGIÃO LESTE;68
2550.0;2021-09-30;9.0;12.0;19.0;24.0;574.0;31.0;2.0;9.0;18.0;399.0;31.0;0.0;31.0;748.0;16.0;58.0;4;5;5;4;4;4;4;0;0;0;0;0;0;0;0;0;0;0;1;1;0;0;0;0.0;0.0;0.0;0.0;0.0;0.0;0.0;0.0;0.0;0.0;0.0;0.0;0.0;0.0;0.0;0.0;0.0;0.0;0.0;0.0;0.0;0.0;0.0;0.0;0.0;0.0;0.0;0.0;1.0;0.0;0.0;0.0;0.0;0.0;0.0;2.0;0.0;0.0;0.0;1.0;2.0;0;0;30;0;PINHAIS;REGIÃO LESTE;69
2945.0;2021-10-31;10.0;13.0;17.0;21.0;528.0;27.0;6.0;10.0;16.0;412.0;27.0;0.0;27.0;643.0;26.0;172.0;5;4;4;4;5;5;4;0;0;0;0;0;0;0;0;0;0;1;0;1;0;0;0;0.0;0.0;0.0;0.0;0.0;0.0;0.0;0.0;0.0;0.0;0.0;0.0;0.0;0.0;0.0;0.0;0.0;0.0;0.0;0.0;0.0;0.0;0.0;0.0;0.0;0.0;0.0;0.0;1.0;0.0;0.0;0.0;0.0;0.0;0.0;2.0;0.0;0.0;0.0;1.0;2.0;0;0;0;0;PINHAIS;REGIÃO LESTE;70
2820.0;2021-11-30;11.0;16.0;20.0;25.0;611.0;32.0;2.0;11.0;19.0;452.0;32.0;0.0;32.0;770.0;22.0;51.0;4;4;4;5;4;4;5;0;0;0;0;0;0;0;0;0;1;0;0;1;0;0;0;0.0;0.0;0.0;0.0;0.0;0.0;0.0;0.0;0.0;0.0;0.0;0.0;0.0;0.0;0.0;0.0;0.0;0.0;0.0;0.0;0.0;0.0;0.0;0.0;0.0;0.0;0.0;0.0;1.0;0.0;0.0;0.0;0.0;0.0;0.0;2.0;0.0;0.0;0.0;1.0;2.0;0;0;0;0;PINHAIS;REGIÃO LESTE;71
3193.0;2021-12-31;12.0;17.0;22.0;26.0;670.0;33.0;5.0;12.0;20.0;497.0;33.0;0.0;33.0;842.0;47.0;151.0;4;5;5;4;5;4;4;0;0;1;0;0;0;0;0;0;0;0;0;1;0;0;0;0.0;0.0;0.0;0.0;0.0;0.0;0.0;0.0;0.0;0.0;0.0;0.0;0.0;0.0;0.0;0.0;0.0;0.0;0.0;0.0;0.0;0.0;0.0;0.0;0.0;0.0;0.0;0.0;1.0;0.0;0.0;0.0;0.0;0.0;0.0;2.0;0.0;0.0;0.0;1.0;2.0;0;0;0;0;PINHAIS;REGIÃO LESTE;72
3565.0;2022-01-31;14.0;17.0;23.0;27.0;704.0;33.0;7.0;14.0;21.0;552.0;33.0;0.0;33.0;857.0;47.0;211.0;5;4;4;5;4;5;4;0;0;0;0;1;0;0;0;0;0;0;0;0;1;0;0;0.0;0.0;0.0;0.0;0.0;0.0;0.0;0.0;0.0;0.0;0.0;0.0;0.0;0.0;0.0;0.0;0.0;0.0;0.0;0.0;0.0;0.0;0.0;0.0;0.0;0.0;0.0;0.0;1.0;0.0;0.0;0.0;0.0;0.0;0.0;2.0;0.0;0.0;0.0;1.0;2.0;31;0;0;0;PINHAIS;REGIÃO LESTE;73
3192.0;2022-02-28;13.0;19.0;23.0;26.0;650.0;32.0;4.0;13.0;20.0;496.0;32.0;0.0;32.0;804.0;27.0;112.0;4;4;4;4;4;4;4;0;0;0;1;0;0;0;0;0;0;0;0;0;1;0;0;0.0;0.0;0.0;0.0;0.0;0.0;0.0;0.0;0.0;0.0;0.0;0.0;0.0;0.0;0.0;0.0;0.0;0.0;0.0;0.0;0.0;0.0;0.0;0.0;0.0;0.0;0.0;0.0;1.0;0.0;0.0;0.0;0.0;0.0;0.0;2.0;0.0;0.0;0.0;1.0;2.0;0;1;0;0;PINHAIS;REGIÃO LESTE;74
6324.0;2022-03-31;12.0;15.0;22.0;26.0;685.0;32.0;7.0;12.0;20.0;547.0;32.0;0.0;32.0;823.0;103.0;229.0;4;5;5;4;4;4;5;0;0;0;0;0;0;0;0;1;0;0;0;0;1;0;0;0.0;0.0;0.0;0.0;0.0;0.0;0.0;0.0;0.0;0.0;0.0;0.0;0.0;0.0;0.0;0.0;0.0;0.0;0.0;0.0;0.0;0.0;0.0;0.0;0.0;0.0;0.0;0.0;1.0;0.0;0.0;0.0;0.0;0.0;0.0;2.0;0.0;0.0;0.0;1.0;2.0;0;1;0;0;PINHAIS;REGIÃO LESTE;75
6060.0;2022-04-30;8.0;13.0;19.0;23.0;567.0;29.0;3.0;8.0;18.0;430.0;29.0;0.0;29.0;704.0;37.0;104.0;4;4;4;4;5;5;4;1;0;0;0;0;0;0;0;0;0;0;0;0;1;0;0;0.0;0.0;0.0;0.0;0.0;0.0;0.0;0.0;0.0;0.0;0.0;0.0;0.0;0.0;0.0;0.0;0.0;0.0;0.0;0.0;0.0;0.0;0.0;0.0;0.0;0.0;0.0;0.0;1.0;0.0;0.0;0.0;0.0;0.0;0.0;2.0;0.0;0.0;0.5666666666666667;1.0;2.0;0;1;0;0;PINHAIS;REGIÃO LESTE;76
7378.0;2022-05-31;7.0;10.0;16.0;21.0;499.0;26.0;5.0;7.0;17.0;357.0;26.0;0.0;26.0;641.0;58.0;142.0;5;4;4;5;4;4;5;0;0;0;0;0;0;0;1;0;0;0;0;0;1;0;0;0.0;0.0;0.0;0.0;0.0;0.0;0.0;0.0;0.0;0.0;0.0;0.0;0.0;0.0;0.0;0.0;0.0;0.0;0.0;0.0;0.0;0.0;0.0;0.0;0.0;0.0;0.0;0.0;1.0;0.0;0.0;0.0;0.0;0.0;0.0;2.0;0.0;0.0;1.0;1.0;2.0;0;0;0;0;PINHAIS;REGIÃO LESTE;77
7560.0;2022-06-30;7.0;10.0;15.0;22.0;452.0;26.0;4.0;7.0;17.0;332.0;26.0;0.0;26.0;572.0;56.0;135.0;4;5;5;4;4;4;4;0;0;0;0;0;0;1;0;0;0;0;0;0;1;0;0;0.0;0.0;0.0;0.0;0.0;0.0;0.0;0.0;0.0;0.0;0.0;0.0;0.0;0.0;0.0;0.0;0.0;0.0;0.0;0.0;0.0;0.0;0.0;0.0;0.0;0.0;0.0;0.0;1.0;0.0;0.0;0.0;0.0;0.0;0.0;2.0;0.0;0.0;1.0;1.0;2.0;0;1;0;0;PINHAIS;REGIÃO LESTE;78
5828.0;2022-07-31;7.0;12.0;17.0;20.0;534.0;27.0;1.0;7.0;14.0;346.0;27.0;0.0;27.0;722.0;13.0;30.0;5;4;4;4;5;5;4;0;0;0;0;0;1;0;0;0;0;0;0;0;1;0;0;0.0;0.0;0.0;0.0;0.0;0.0;0.0;0.0;0.0;0.0;0.0;0.0;0.0;0.0;0.0;0.0;0.0;0.0;0.0;0.0;0.0;0.0;0.0;0.0;0.0;0.0;0.0;0.0;1.0;0.0;0.0;0.0;0.0;0.0;0.0;2.0;0.0;0.0;1.0;1.0;2.0;0;0;0;0;PINHAIS;REGIÃO LESTE;79
7471.0;2022-08-31;7.0;10.0;15.0;19.0;467.0;27.0;4.0;7.0;14.0;330.0;27.0;0.0;27.0;604.0;52.0;131.0;4;5;4;5;4;4;5;0;1;0;0;0;0;0;0;0;0;0;0;0;1;0;0;0.0;0.0;0.0;0.0;0.0;0.0;0.0;0.0;0.0;0.0;0.0;0.0;0.0;0.0;0.0;0.0;0.0;0.0;0.0;0.0;0.0;0.0;0.0;0.0;0.0;0.0;0.0;0.0;1.0;0.0;0.0;0.0;0.0;0.0;0.0;2.0;0.0;0.0;1.0;1.0;2.0;0;0;0;0;PINHAIS;REGIÃO LESTE;80
6990.0;2022-09-30;7.0;10.0;15.0;23.0;439.0;30.0;6.0;7.0;17.0;322.0;30.0;0.0;30.0;555.0;36.0;169.0;4;4;5;4;5;4;4;0;0;0;0;0;0;0;0;0;0;0;1;0;1;0;0;0.0;0.0;0.0;0.0;0.0;0.0;0.0;0.0;0.0;0.0;0.0;0.0;0.0;0.0;0.0;0.0;0.0;0.0;0.0;0.0;0.0;0.0;0.0;0.0;0.0;0.0;0.0;0.0;1.0;0.0;0.0;0.0;0.0;0.0;0.0;2.0;0.0;0.0;1.0;1.0;2.0;0;0;0;0;PINHAIS;REGIÃO LESTE;81
6293.0;2022-10-31;9.0;14.0;19.0;23.0;582.0;30.0;5.0;9.0;17.0;435.0;30.0;0.0;30.0;728.0;23.0;147.0;5;4;4;5;4;5;4;0;0;0;0;0;0;0;0;0;0;1;0;0;1;0;0;0.0;0.0;0.0;0.0;0.0;0.0;0.0;0.0;0.0;0.0;0.0;0.0;0.0;0.0;0.0;0.0;0.0;0.0;0.0;0.0;0.0;0.0;0.0;0.0;0.0;0.0;0.0;0.0;1.0;0.0;0.0;0.0;0.0;0.0;0.0;2.0;0.0;0.0;1.0;1.0;2.0;0;0;0;0;PINHAIS;REGIÃO LESTE;82
5940.0;2022-11-30;8.0;10.0;18.0;22.0;538.0;28.0;6.0;8.0;18.0;396.0;28.0;0.0;28.0;679.0;28.0;176.0;4;5;4;4;4;4;5;0;0;0;0;0;0;0;0;0;1;0;0;0;1;0;0;0.0;0.0;0.0;0.0;0.0;0.0;0.0;0.0;0.0;0.0;0.0;0.0;0.0;0.0;0.0;0.0;0.0;0.0;0.0;0.0;0.0;0.0;0.0;0.0;0.0;0.0;0.0;0.0;1.0;0.0;0.0;0.0;0.0;0.0;0.0;2.0;0.0;0.0;1.0;1.0;2.0;0;0;0;0;PINHAIS;REGIÃO LESTE;83
4774.0;2022-12-31;13.0;17.0;21.0;25.0;661.0;32.0;5.0;13.0;21.0;515.0;32.0;0.0;32.0;807.0;56.0;168.0;4;4;5;4;5;5;4;0;0;1;0;0;0;0;0;0;0;0;0;0;1;0;0;0.0;0.0;0.0;0.0;0.0;0.0;0.0;0.0;0.0;0.0;0.0;0.0;0.0;0.0;0.0;0.0;0.0;0.0;0.0;0.0;0.0;0.0;0.0;0.0;0.0;0.0;0.0;0.0;1.0;0.0;0.0;0.0;0.0;0.0;0.0;2.0;0.0;0.0;1.0;1.0;2.0;0;0;0;0;PINHAIS;REGIÃO LESTE;84
3844.0;2023-01-31;13.0;17.0;22.0;25.0;687.0;32.0;4.0;13.0;20.0;533.0;32.0;0.0;32.0;842.0;48.0;112.0;5;4;4;5;4;4;5;0;0;0;0;1;0;0;0;0;0;0;0;0;0;1;0;0.0;0.0;0.0;0.0;0.0;0.0;0.0;0.0;0.0;0.0;0.0;0.0;0.0;0.0;0.0;0.0;0.0;0.0;0.0;0.0;0.0;0.0;0.0;0.0;0.0;0.0;0.0;0.0;1.0;0.0;0.0;0.0;0.0;0.0;0.0;2.0;0.0;0.0;1.0;1.0;2.0;31;0;0;0;PINHAIS;REGIÃO LESTE;85
5208.0;2023-02-28;13.0;15.0;22.0;24.0;622.0;31.0;5.0;13.0;20.0;492.0;31.0;0.0;31.0;753.0;21.0;128.0;4;4;4;4;4;4;4;0;0;0;1;0;0;0;0;0;0;0;0;0;0;1;0;0.0;0.0;0.0;0.0;0.0;0.0;0.0;0.0;0.0;0.0;0.0;0.0;0.0;0.0;0.0;0.0;0.0;0.0;0.0;0.0;0.0;0.0;0.0;0.0;0.0;0.0;0.0;0.0;1.0;0.0;0.0;0.0;0.0;0.0;0.0;2.0;0.0;0.0;1.0;1.0;2.0;0;3;0;0;PINHAIS;REGIÃO LESTE;86
6634.0;2023-03-31;14.0;20.0;22.0;25.0;696.0;31.0;3.0;14.0;20.0;550.0;31.0;0.0;31.0;843.0;23.0;96.0;4;5;5;4;5;4;4;0;0;0;0;0;0;0;0;1;0;0;0;0;0;1;0;0.0;0.0;0.0;0.0;0.0;0.0;0.0;0.0;0.0;0.0;0.0;0.0;0.0;0.0;0.0;0.0;0.0;0.0;0.0;0.0;0.0;0.0;0.0;0.0;0.0;0.0;0.0;0.0;1.0;0.0;0.0;0.0;0.0;0.0;0.0;2.0;0.0;0.0;1.0;1.0;2.0;0;0;0;0;PINHAIS;REGIÃO LESTE;87
5670.0;2023-04-30;9.0;15.0;19.0;23.0;562.0;28.0;3.0;9.0;17.0;431.0;28.0;0.0;28.0;694.0;25.0;84.0;5;4;4;4;4;5;4;1;0;0;0;0;0;0;0;0;0;0;0;0;0;1;0;0.0;0.0;0.0;0.0;0.0;0.0;0.0;0.0;0.0;0.0;0.0;0.0;0.0;0.0;0.0;0.0;0.0;0.0;0.0;0.0;0.0;0.0;0.0;0.0;0.0;0.0;0.0;0.0;1.0;0.0;0.0;0.0;0.0;0.0;0.0;2.0;0.0;0.0;1.0;1.0;2.0;0;1;0;0;PINHAIS;REGIÃO LESTE;88
6355.0;2023-05-31;8.0;14.0;18.0;22.0;551.0;28.0;2.0;8.0;19.0;396.0;28.0;0.0;28.0;706.0;34.0;57.0;4;5;4;5;4;4;5;0;0;0;0;0;0;0;1;0;0;0;0;0;0;1;0;0.0;0.0;0.0;0.0;0.0;0.0;0.0;0.0;0.0;0.0;0.0;0.0;0.0;0.0;0.0;0.0;0.0;0.0;0.0;0.0;0.0;0.0;0.0;0.0;0.0;0.0;0.0;0.0;1.0;0.0;0.0;0.0;0.0;0.0;0.0;2.0;0.0;0.0;1.0;1.0;2.0;0;0;0;0;PINHAIS;REGIÃO LESTE;89
6360.0;2023-06-30;6.0;10.0;16.0;22.0;473.0;27.0;1.0;6.0;17.0;317.0;27.0;0.0;27.0;630.0;18.0;44.0;4;4;5;4;5;4;4;0;0;0;0;0;0;1;0;0;0;0;0;0;0;1;0;0.0;0.0;0.0;0.0;0.0;0.0;0.0;0.0;0.0;0.0;0.0;0.0;0.0;0.0;0.0;0.0;0.0;0.0;0.0;0.0;0.0;0.0;0.0;0.0;0.0;0.0;0.0;0.0;1.0;0.0;0.0;0.0;0.0;0.0;0.0;2.0;0.0;0.0;1.0;1.0;2.0;0;1;0;0;PINHAIS;REGIÃO LESTE;90
4774.0;2023-07-31;4.0;10.0;15.0;20.0;480.0;26.0;3.0;4.0;15.0;340.0;26.0;0.0;26.0;620.0;23.0;80.0;5;4;4;5;4;5;4;0;0;0;0;0;1;0;0;0;0;0;0;0;0;1;0;0.0;0.0;0.0;0.0;0.0;0.0;0.0;0.0;0.0;0.0;0.0;0.0;0.0;0.0;0.0;0.0;0.0;0.0;0.0;0.0;0.0;0.0;0.0;0.0;0.0;0.0;0.0;0.0;1.0;0.0;0.0;0.0;0.0;0.0;0.0;2.0;0.0;0.0;1.0;1.0;2.0;15;0;0;0;PINHAIS;REGIÃO LESTE;91
6541.0;2023-08-31;6.0;9.0;17.0;26.0;518.0;30.0;4.0;6.0;21.0;352.0;30.0;0.0;30.0;683.0;30.0;114.0;4;5;5;4;4;4;5;0;1;0;0;0;0;0;0;0;0;0;0;0;0;1;0;0.0;0.0;0.0;0.0;0.0;0.0;0.0;0.0;0.0;0.0;0.0;0.0;0.0;0.0;0.0;0.0;0.0;0.0;0.0;0.0;0.0;0.0;0.0;0.0;0.0;0.0;0.0;0.0;1.0;0.0;0.0;0.0;0.0;0.0;0.0;2.0;0.0;0.0;1.0;1.0;2.0;0;0;0;0;PINHAIS;REGIÃO LESTE;92
5580.0;2023-09-30;10.0;14.0;20.0;26.0;603.0;33.0;4.0;10.0;19.0;439.0;33.0;0.0;33.0;766.0;23.0;110.0;4;4;4;4;5;5;4;0;0;0;0;0;0;0;0;0;0;0;1;0;0;1;0;0.0;0.0;0.0;0.0;0.0;0.0;0.0;0.0;0.0;0.0;0.0;0.0;0.0;0.0;0.0;0.0;0.0;0.0;0.0;0.0;0.0;0.0;0.0;0.0;0.0;0.0;0.0;0.0;1.0;0.0;0.0;0.0;0.0;0.0;0.0;2.0;0.0;0.0;1.0;1.0;2.0;0;0;0;0;PINHAIS;REGIÃO LESTE;93
5797.0;2023-10-31;11.0;12.0;19.0;24.0;584.0;32.0;14.0;11.0;18.0;451.0;32.0;0.0;32.0;718.0;63.0;436.0;5;4;4;5;4;4;5;0;0;0;0;0;0;0;0;0;0;1;0;0;0;1;0;0.0;0.0;0.0;0.0;0.0;0.0;0.0;0.0;0.0;0.0;0.0;0.0;0.0;0.0;0.0;0.0;0.0;0.0;0.0;0.0;0.0;0.0;0.0;0.0;0.0;0.0;0.0;0.0;1.0;0.0;0.0;0.0;0.0;0.0;0.0;2.0;0.0;0.0;1.0;1.0;2.0;0;0;0;0;PINHAIS;REGIÃO LESTE;94
5610.0;2023-11-30;8.0;16.0;21.0;27.0;638.0;35.0;8.0;8.0;21.0;491.0;35.0;0.0;35.0;786.0;83.0;231.0;4;5;5;4;4;4;4;0;0;0;0;0;0;0;0;0;1;0;0;0;0;1;0;0.0;0.0;0.0;0.0;0.0;0.0;0.0;0.0;0.0;0.0;0.0;0.0;0.0;0.0;0.0;0.0;0.0;0.0;0.0;0.0;0.0;0.0;0.0;0.0;0.0;0.0;0.0;0.0;1.0;0.0;0.0;0.0;0.0;0.0;0.0;2.0;0.0;0.0;1.0;1.0;2.0;0;0;0;0;PINHAIS;REGIÃO LESTE;95
5177.0;2023-12-31;13.0;17.0;23.0;28.0;725.0;35.0;2.0;13.0;22.0;558.0;35.0;0.0;35.0;892.0;28.0;54.0;5;4;4;4;5;5;4;0;0;1;0;0;0;0;0;0;0;0;0;0;0;1;0;0.0;0.0;0.0;0.0;0.0;0.0;0.0;0.0;0.0;0.0;0.0;0.0;0.0;0.0;0.0;0.0;0.0;0.0;0.0;0.0;0.0;0.0;0.0;0.0;0.0;0.0;0.0;0.0;1.0;0.0;0.0;0.0;0.0;0.0;0.0;2.0;0.0;0.0;1.0;1.0;2.0;0;0;0;0;PINHAIS;REGIÃO LESTE;96
4371.0;2024-01-31;13.0;17.0;23.0;28.0;706.0;35.0;5.0;13.0;22.0;549.0;35.0;0.0;35.0;862.0;41.0;161.0;4;5;4;5;4;4;5;0;0;0;0;1;0;0;0;0;0;0;0;0;0;0;1;0.0;0.0;0.0;0.0;0.0;0.0;0.0;0.0;0.0;0.0;0.0;0.0;0.0;0.0;0.0;0.0;0.0;0.0;0.0;0.0;0.0;0.0;0.0;0.0;0.0;0.0;0.0;0.0;1.0;0.0;0.0;0.0;0.0;0.0;0.0;2.0;0.0;0.0;1.0;1.0;2.0;31;0;0;0;PINHAIS;REGIÃO LESTE;97
5858.0;2024-02-29;16.0;18.0;23.0;27.0;679.0;32.0;6.0;16.0;22.0;538.0;32.0;0.0;32.0;819.0;48.0;186.0;4;4;5;4;4;4;4;0;0;0;1;0;0;0;0;0;0;0;0;0;0;0;1;0.0;0.0;0.0;0.0;0.0;0.0;0.0;0.0;0.0;0.0;0.0;0.0;0.0;0.0;0.0;0.0;0.0;0.0;0.0;0.0;0.0;0.0;0.0;0.0;0.0;0.0;0.0;0.0;1.0;0.0;0.0;0.0;0.0;0.0;0.0;2.0;0.0;0.0;1.0;1.8275862068965518;2.0;0;3;0;0;PINHAIS;REGIÃO LESTE;98
6665.0;2024-03-31;14.0;17.0;23.0;28.0;710.0;33.0;2.0;14.0;23.0;567.0;33.0;0.0;33.0;853.0;22.0;47.0;5;4;4;4;5;5;4;0;0;0;0;0;0;0;0;1;0;0;0;0;0;0;1;0.0;0.0;0.0;0.0;0.0;0.0;0.0;0.0;0.0;0.0;0.0;0.0;0.0;0.0;0.0;0.0;0.0;0.0;0.0;0.0;0.0;0.0;0.0;0.0;0.0;0.0;0.0;0.0;1.0;0.0;0.0;0.0;0.0;0.0;0.0;2.0;0.0;0.0;1.0;2.0;2.0;0;1;0;0;PINHAIS;REGIÃO LESTE;99
3900.0;2024-04-30;9.0;16.0;22.0;26.0;645.0;31.0;4.0;9.0;21.0;512.0;31.0;0.0;31.0;778.0;61.0;128.0;4;4;4;5;4;4;5;1;0;0;0;0;0;0;0;0;0;0;0;0;0;0;1;0.0;0.0;0.0;0.0;0.0;0.0;0.0;0.0;0.0;0.0;0.0;0.0;0.0;0.0;0.0;0.0;0.0;0.0;0.0;0.0;0.0;0.0;0.0;0.0;0.0;0.0;0.0;0.0;1.0;0.0;0.0;0.0;0.0;0.0;0.0;2.0;0.0;0.0;1.0;2.0;2.0;0;0;0;0;PINHAIS;REGIÃO LESTE;100
3069.0;2024-05-31;5.0;11.0;19.0;26.0;598.0;30.0;5.0;5.0;22.0;446.0;30.0;0.0;30.0;750.0;51.0;143.0;4;5;5;4;5;4;4;0;0;0;0;0;0;0;1;0;0;0;0;0;0;0;1;0.0;0.0;0.0;0.0;0.0;0.0;0.0;0.0;0.0;0.0;0.0;0.0;0.0;0.0;0.0;0.0;0.0;0.0;0.0;0.0;0.0;0.0;0.0;0.0;0.0;0.0;0.0;0.0;1.0;0.0;0.0;0.0;0.0;0.0;0.0;2.0;0.0;0.0;1.0;2.0;2.0;0;1;0;30;PINHAIS;REGIÃO LESTE;101
2970.0;2024-06-30;9.0;16.0;19.0;22.0;557.0;27.0;1.0;9.0;17.0;383.0;27.0;0.0;27.0;732.0;11.0;32.0;5;4;4;4;4;5;4;0;0;0;0;0;0;1;0;0;0;0;0;0;0;0;1;0.0;0.0;0.0;0.0;0.0;0.0;0.0;0.0;0.0;0.0;0.0;0.0;0.0;0.0;0.0;0.0;0.0;0.0;0.0;0.0;0.0;0.0;0.0;0.0;0.0;0.0;0.0;0.0;1.0;0.0;0.0;0.0;0.0;0.0;0.0;2.0;0.0;0.0;1.0;2.0;2.0;0;0;0;30;PINHAIS;REGIÃO LESTE;102
4588.0;2024-07-31;10.0;15.0;15.0;15.0;477.0;21.0;1.0;10.0;10.0;308.0;21.0;1.0;21.0;647.0;1.0;37.0;4;5;4;5;4;4;5;0;0;0;0;0;1;0;0;0;0;0;0;0;0;0;1;0.0;0.0;0.0;0.0;0.0;0.0;0.0;0.0;0.0;0.0;0.0;0.0;0.0;0.0;0.0;0.0;0.0;0.0;0.0;0.0;0.0;0.0;0.0;0.0;0.0;0.0;0.0;0.0;1.0;0.0;0.0;0.0;0.0;0.0;0.0;2.0;0.0;0.0;1.0;2.0;2.0;12;0;0;0;PINHAIS;REGIÃO LESTE;103
4805.0;2024-08-31;11.0;16.0;16.0;16.0;496.0;21.0;3.0;11.0;11.0;337.0;21.0;3.0;21.0;654.0;3.0;99.0;4;4;5;4;5;5;4;0;1;0;0;0;0;0;0;0;0;0;0;0;0;0;1;0.0;0.0;0.0;0.0;0.0;0.0;0.0;0.0;0.0;0.0;0.0;0.0;0.0;0.0;0.0;0.0;0.0;0.0;0.0;0.0;0.0;0.0;0.0;0.0;0.0;0.0;0.0;0.0;1.0;0.0;0.0;0.0;0.0;0.0;0.0;2.0;0.0;0.0;1.0;2.0;2.0;0;0;0;0;PINHAIS;REGIÃO LESTE;104
4560.0;2024-09-30;13.0;18.0;18.0;18.0;549.0;24.0;3.0;13.0;13.0;390.0;24.0;3.0;24.0;708.0;3.0;88.0;5;4;4;5;4;4;4;0;0;0;0;0;0;0;0;0;0;0;1;0;0;0;1;0.0;0.0;0.0;0.0;0.0;0.0;0.0;0.0;0.0;0.0;0.0;0.0;0.0;0.0;0.0;0.0;0.0;0.0;0.0;0.0;0.0;0.0;0.0;0.0;0.0;0.0;0.0;0.0;1.0;0.0;0.0;0.0;0.0;0.0;0.0;2.0;0.0;0.0;1.0;2.0;2.0;0;0;0;0;PINHAIS;REGIÃO LESTE;105
4774.0;2024-10-31;14.0;19.0;19.0;19.0;585.0;24.0;7.0;14.0;14.0;440.0;24.0;7.0;24.0;729.0;7.0;203.0;4;5;5;4;4;4;5;0;0;0;0;0;0;0;0;0;0;1;0;0;0;0;1;0.0;0.0;0.0;0.0;0.0;0.0;0.0;0.0;0.0;0.0;0.0;0.0;0.0;0.0;0.0;0.0;0.0;0.0;0.0;0.0;0.0;0.0;0.0;0.0;0.0;0.0;0.0;0.0;1.0;0.0;0.0;0.0;0.0;0.0;0.0;2.0;0.0;0.0;1.0;2.0;2.0;0;0;0;0;PINHAIS;REGIÃO LESTE;106
3800.0;2017-10-31;7.0;15.0;21.0;27.0;644.0;34.0;17.0;7.0;20.0;471.0;34.0;0.0;34.0;816.0;100.0;536.0;5;4;4;5;4;4;5;0;0;0;0;0;0;0;0;0;0;1;0;0;0;0;0;0.0;0.0;1.0;0.0;0.0;0.0;0.0;0.0;0.0;0.0;0.0;0.0;0.0;0.0;0.0;0.0;0.0;0.0;0.0;0.0;0.0;0.0;0.0;0.0;0.0;0.0;0.0;0.0;0.0;1.0;0.0;0.0;0.0;0.0;0.0;1.0;0.0;0.0;0.0;0.0;1.0;0;0;0;0;PITANGA;REGIÃO CENTRAL;1
3387.0;2017-11-30;11.0;18.0;22.0;25.0;651.0;33.0;4.0;11.0;20.0;490.0;33.0;0.0;33.0;813.0;22.0;122.0;4;5;5;4;4;4;4;0;0;0;0;0;0;0;0;0;1;0;0;0;0;0;0;0.0;0.0;1.0;0.0;0.0;0.0;0.0;0.0;0.0;0.0;0.0;0.0;0.0;0.0;0.0;0.0;0.0;0.0;0.0;0.0;0.0;0.0;0.0;0.0;0.0;0.0;0.0;0.0;0.0;1.0;0.0;0.0;0.0;0.0;0.0;1.0;0.0;0.0;0.0;0.0;1.0;0;0;0;0;PITANGA;REGIÃO CENTRAL;2
2913.0;2017-12-31;16.0;21.0;24.0;28.0;732.0;32.0;6.0;16.0;23.0;599.0;32.0;0.0;32.0;865.0;50.0;180.0;5;4;4;4;5;5;4;0;0;1;0;0;0;0;0;0;0;0;0;0;0;0;0;0.0;0.0;1.0;0.0;0.0;0.0;0.0;0.0;0.0;0.0;0.0;0.0;0.0;0.0;0.0;0.0;0.0;0.0;0.0;0.0;0.0;0.0;0.0;0.0;0.0;0.0;0.0;0.0;0.0;1.0;0.0;0.0;0.0;0.0;0.0;1.0;0.0;0.0;0.0;0.0;1.0;0;0;0;0;PITANGA;REGIÃO CENTRAL;3
2377.0;2018-01-31;16.0;20.0;23.0;26.0;725.0;31.0;5.0;16.0;22.0;601.0;31.0;0.0;31.0;848.0;24.0;162.0;4;5;4;5;4;4;5;0;0;0;0;1;0;0;0;0;0;0;0;0;0;0;0;0.0;0.0;0.0;1.0;0.0;0.0;0.0;0.0;0.0;0.0;0.0;0.0;0.0;0.0;0.0;0.0;0.0;0.0;0.0;0.0;0.0;0.0;0.0;0.0;0.0;0.0;0.0;0.0;0.0;1.0;0.0;0.0;0.0;0.0;0.0;1.0;0.0;0.0;0.0;0.0;1.0;31;0;0;0;PITANGA;REGIÃO CENTRAL;4
3233.0;2018-02-28;15.0;19.0;22.0;25.0;628.0;31.0;3.0;15.0;21.0;497.0;31.0;0.0;31.0;758.0;18.0;88.0;4;4;4;4;4;4;4;0;0;0;1;0;0;0;0;0;0;0;0;0;0;0;0;0.0;0.0;0.0;1.0;0.0;0.0;0.0;0.0;0.0;0.0;0.0;0.0;0.0;0.0;0.0;0.0;0.0;0.0;0.0;0.0;0.0;0.0;0.0;0.0;0.0;0.0;0.0;0.0;0.0;1.0;0.0;0.0;0.0;0.0;0.0;1.0;0.0;0.0;0.0;0.8214285714285714;1.0;0;3;0;0;PITANGA;REGIÃO CENTRAL;5
4959.0;2018-03-31;16.0;20.0;24.0;27.0;731.0;32.0;7.0;16.0;22.0;597.0;32.0;0.0;32.0;866.0;38.0;218.0;4;4;5;4;5;5;4;0;0;0;0;0;0;0;0;1;0;0;0;0;0;0;0;0.0;0.0;0.0;1.0;0.0;0.0;0.0;0.0;0.0;0.0;0.0;0.0;0.0;0.0;0.0;0.0;0.0;0.0;0.0;0.0;0.0;0.0;0.0;0.0;0.0;0.0;0.0;0.0;0.0;1.0;0.0;0.0;0.0;0.0;0.0;1.0;0.0;0.0;0.0;1.0;1.0;0;1;0;0;PITANGA;REGIÃO CENTRAL;6
4538.0;2018-04-30;12.0;19.0;22.0;24.0;647.0;29.0;0.0;12.0;20.0;479.0;29.0;0.0;29.0;814.0;4.0;6.0;5;4;4;5;4;4;4;1;0;0;0;0;0;0;0;0;0;0;0;0;0;0;0;0.0;0.0;0.0;1.0;0.0;0.0;0.0;0.0;0.0;0.0;0.0;0.0;0.0;0.0;0.0;0.0;0.0;0.0;0.0;0.0;0.0;0.0;0.0;0.0;0.0;0.0;0.0;0.0;0.0;1.0;0.0;0.0;0.0;0.0;0.0;1.0;0.0;0.0;0.0;1.0;1.0;0;0;0;0;PITANGA;REGIÃO CENTRAL;7
4638.0;2018-05-31;5.0;12.0;18.0;22.0;566.0;29.0;3.0;5.0;18.0;407.0;29.0;0.0;29.0;724.0;64.0;95.0;4;5;5;4;4;4;5;0;0;0;0;0;0;0;1;0;0;0;0;0;0;0;0;0.0;0.0;0.0;1.0;0.0;0.0;0.0;0.0;0.0;0.0;0.0;0.0;0.0;0.0;0.0;0.0;0.0;0.0;0.0;0.0;0.0;0.0;0.0;0.0;0.0;0.0;0.0;0.0;0.0;1.0;0.0;0.0;0.0;0.0;0.0;1.0;0.0;0.0;0.0;1.0;1.0;0;1;0;0;PITANGA;REGIÃO CENTRAL;8
4382.0;2018-06-30;3.0;10.0;16.0;22.0;486.0;28.0;5.0;3.0;19.0;370.0;28.0;0.0;28.0;603.0;41.0;140.0;4;4;4;4;5;5;4;0;0;0;0;0;0;1;0;0;0;0;0;0;0;0;0;0.0;0.0;0.0;1.0;0.0;0.0;0.0;0.0;0.0;0.0;0.0;0.0;0.0;0.0;0.0;0.0;0.0;0.0;0.0;0.0;0.0;0.0;0.0;0.0;0.0;0.0;0.0;0.0;0.0;1.0;0.0;0.0;0.0;0.0;0.0;1.0;0.0;0.0;0.0;1.0;1.0;0;0;0;0;PITANGA;REGIÃO CENTRAL;9
4479.0;2018-07-31;3.0;10.0;18.0;21.0;552.0;28.0;0.0;3.0;16.0;376.0;28.0;0.0;28.0;728.0;8.0;11.0;5;4;4;5;4;4;5;0;0;0;0;0;1;0;0;0;0;0;0;0;0;0;0;0.0;0.0;0.0;1.0;0.0;0.0;0.0;0.0;0.0;0.0;0.0;0.0;0.0;0.0;0.0;0.0;0.0;0.0;0.0;0.0;0.0;0.0;0.0;0.0;0.0;0.0;0.0;0.0;0.0;1.0;0.0;0.0;0.0;0.0;0.0;1.0;0.0;0.0;0.0;1.0;1.0;16;0;0;0;PITANGA;REGIÃO CENTRAL;10
4998.0;2018-08-31;3.0;11.0;16.0;23.0;497.0;30.0;4.0;3.0;16.0;347.0;30.0;0.0;30.0;648.0;37.0;136.0;4;5;5;4;5;4;4;0;1;0;0;0;0;0;0;0;0;0;0;0;0;0;0;0.0;0.0;0.0;1.0;0.0;0.0;0.0;0.0;0.0;0.0;0.0;0.0;0.0;0.0;0.0;0.0;0.0;0.0;0.0;0.0;0.0;0.0;0.0;0.0;0.0;0.0;0.0;0.0;0.0;1.0;0.0;0.0;0.0;0.0;0.0;1.0;0.0;0.0;0.0;1.0;1.0;0;0;0;0;PITANGA;REGIÃO CENTRAL;11
5293.0;2018-09-30;6.0;14.0;19.0;26.0;581.0;33.0;9.0;6.0;20.0;434.0;33.0;0.0;33.0;727.0;101.0;275.0;5;4;4;4;4;5;4;0;0;0;0;0;0;0;0;0;0;0;1;0;0;0;0;0.0;0.0;0.0;1.0;0.0;0.0;0.0;0.0;0.0;0.0;0.0;0.0;0.0;0.0;0.0;0.0;0.0;0.0;0.0;0.0;0.0;0.0;0.0;0.0;0.0;0.0;0.0;0.0;0.0;1.0;0.0;0.0;0.0;0.0;0.0;1.0;0.0;0.0;0.0;1.0;1.0;0;0;0;0;PITANGA;REGIÃO CENTRAL;12
5020.0;2018-10-31;14.0;16.0;21.0;24.0;645.0;30.0;6.0;14.0;20.0;524.0;30.0;0.0;30.0;766.0;64.0;194.0;4;5;4;5;4;4;5;0;0;0;0;0;0;0;0;0;0;1;0;0;0;0;0;0.0;0.0;0.0;1.0;0.0;0.0;0.0;0.0;0.0;0.0;0.0;0.0;0.0;0.0;0.0;0.0;0.0;0.0;0.0;0.0;0.0;0.0;0.0;0.0;0.0;0.0;0.0;0.0;0.0;1.0;0.0;0.0;0.0;0.0;0.0;1.0;0.0;0.0;0.0;1.0;1.0;0;0;0;0;PITANGA;REGIÃO CENTRAL;13
4512.0;2018-11-30;12.0;19.0;22.0;28.0;672.0;33.0;2.0;12.0;23.0;504.0;33.0;0.0;33.0;840.0;30.0;72.0;4;4;5;4;5;4;4;0;0;0;0;0;0;0;0;0;1;0;0;0;0;0;0;0.0;0.0;0.0;1.0;0.0;0.0;0.0;0.0;0.0;0.0;0.0;0.0;0.0;0.0;0.0;0.0;0.0;0.0;0.0;0.0;0.0;0.0;0.0;0.0;0.0;0.0;0.0;0.0;0.0;1.0;0.0;0.0;0.0;0.0;0.0;1.0;0.0;0.0;0.0;1.0;1.0;0;0;0;0;PITANGA;REGIÃO CENTRAL;14
4142.0;2018-12-31;14.0;19.0;25.0;28.0;766.0;34.0;3.0;14.0;25.0;587.0;34.0;0.0;34.0;945.0;38.0;85.0;5;4;4;5;4;5;4;0;0;1;0;0;0;0;0;0;0;0;0;0;0;0;0;0.0;0.0;0.0;1.0;0.0;0.0;0.0;0.0;0.0;0.0;0.0;0.0;0.0;0.0;0.0;0.0;0.0;0.0;0.0;0.0;0.0;0.0;0.0;0.0;0.0;0.0;0.0;0.0;0.0;1.0;0.0;0.0;0.0;0.0;0.0;1.0;0.0;0.0;0.0;1.0;1.0;0;0;0;0;PITANGA;REGIÃO CENTRAL;15
3461.0;2019-01-31;18.0;23.0;26.0;28.0;794.0;34.0;4.0;18.0;24.0;648.0;34.0;0.0;34.0;940.0;23.0;122.0;4;5;5;4;4;4;5;0;0;0;0;1;0;0;0;0;0;0;0;0;0;0;0;0.0;0.0;0.0;0.0;1.0;0.0;0.0;0.0;0.0;0.0;0.0;0.0;0.0;0.0;0.0;0.0;0.0;0.0;0.0;0.0;0.0;0.0;0.0;0.0;0.0;0.0;0.0;0.0;0.0;1.0;0.0;0.0;0.0;0.0;0.0;1.0;0.0;0.0;0.0;1.0;1.0;31;0;0;0;PITANGA;REGIÃO CENTRAL;16
4224.0;2019-02-28;16.0;19.0;24.0;28.0;660.0;34.0;10.0;16.0;23.0;536.0;34.0;0.0;34.0;785.0;79.0;268.0;4;4;4;4;4;4;4;0;0;0;1;0;0;0;0;0;0;0;0;0;0;0;0;0.0;0.0;0.0;0.0;1.0;0.0;0.0;0.0;0.0;0.0;0.0;0.0;0.0;0.0;0.0;0.0;0.0;0.0;0.0;0.0;0.0;0.0;0.0;0.0;0.0;0.0;0.0;0.0;0.0;1.0;0.0;0.0;0.0;0.0;0.0;1.0;0.0;0.0;0.0;2.607142857142857;1.0;0;0;0;0;PITANGA;REGIÃO CENTRAL;17
6250.0;2019-03-31;15.0;19.0;23.0;25.0;713.0;31.0;3.0;15.0;22.0;578.0;31.0;0.0;31.0;848.0;50.0;98.0;5;4;4;4;5;5;4;0;0;0;0;0;0;0;0;1;0;0;0;0;0;0;0;0.0;0.0;0.0;0.0;1.0;0.0;0.0;0.0;0.0;0.0;0.0;0.0;0.0;0.0;0.0;0.0;0.0;0.0;0.0;0.0;0.0;0.0;0.0;0.0;0.0;0.0;0.0;0.0;0.0;1.0;0.0;0.0;0.0;0.0;0.0;1.0;0.0;0.0;0.0;3.0;1.0;0;3;0;0;PITANGA;REGIÃO CENTRAL;18
6994.0;2019-04-30;12.0;19.0;22.0;24.0;649.0;29.0;2.0;12.0;21.0;518.0;29.0;0.0;29.0;779.0;24.0;52.0;4;4;4;5;4;4;5;1;0;0;0;0;0;0;0;0;0;0;0;0;0;0;0;0.0;0.0;0.0;0.0;1.0;0.0;0.0;0.0;0.0;0.0;0.0;0.0;0.0;0.0;0.0;0.0;0.0;0.0;0.0;0.0;0.0;0.0;0.0;0.0;0.0;0.0;0.0;0.0;0.0;1.0;0.0;0.0;0.0;0.0;0.0;1.0;0.0;0.0;0.0;3.0;1.0;0;1;0;0;PITANGA;REGIÃO CENTRAL;19
6553.0;2019-05-31;9.0;13.0;19.0;24.0;589.0;29.0;10.0;9.0;20.0;491.0;29.0;0.0;29.0;688.0;69.0;300.0;4;5;5;4;5;4;4;0;0;0;0;0;0;0;1;0;0;0;0;0;0;0;0;0.0;0.0;0.0;0.0;1.0;0.0;0.0;0.0;0.0;0.0;0.0;0.0;0.0;0.0;0.0;0.0;0.0;0.0;0.0;0.0;0.0;0.0;0.0;0.0;0.0;0.0;0.0;0.0;0.0;1.0;0.0;0.0;0.0;0.0;0.0;1.0;0.0;0.0;0.0;3.0;1.0;0;0;0;0;PITANGA;REGIÃO CENTRAL;20
5075.0;2019-06-30;6.0;11.0;18.0;22.0;535.0;27.0;3.0;6.0;18.0;399.0;27.0;0.0;27.0;672.0;26.0;84.0;5;4;4;4;4;5;4;0;0;0;0;0;0;1;0;0;0;0;0;0;0;0;0;0.0;0.0;0.0;0.0;1.0;0.0;0.0;0.0;0.0;0.0;0.0;0.0;0.0;0.0;0.0;0.0;0.0;0.0;0.0;0.0;0.0;0.0;0.0;0.0;0.0;0.0;0.0;0.0;0.0;1.0;0.0;0.0;0.0;0.0;0.0;1.0;0.0;0.0;0.0;3.0;1.0;0;1;0;0;PITANGA;REGIÃO CENTRAL;21
3992.0;2019-07-31;-1.0;6.0;16.0;21.0;507.0;27.0;2.0;-1.0;18.0;344.0;27.0;0.0;27.0;669.0;25.0;48.0;4;5;4;5;4;4;5;0;0;0;0;0;1;0;0;0;0;0;0;0;0;0;0;0.0;0.0;0.0;0.0;1.0;0.0;0.0;0.0;0.0;0.0;0.0;0.0;0.0;0.0;0.0;0.0;0.0;0.0;0.0;0.0;0.0;0.0;0.0;0.0;0.0;0.0;0.0;0.0;0.0;1.0;0.0;0.0;0.0;0.0;0.0;1.0;0.0;0.0;0.0;3.0;1.0;16;0;0;0;PITANGA;REGIÃO CENTRAL;22
4474.0;2019-08-31;3.0;10.0;17.0;22.0;537.0;30.0;0.0;3.0;17.0;365.0;30.0;0.0;30.0;707.0;10.0;15.0;4;4;5;4;5;5;4;0;1;0;0;0;0;0;0;0;0;0;0;0;0;0;0;0.0;0.0;0.0;0.0;1.0;0.0;0.0;0.0;0.0;0.0;0.0;0.0;0.0;0.0;0.0;0.0;0.0;0.0;0.0;0.0;0.0;0.0;0.0;0.0;0.0;0.0;0.0;0.0;0.0;1.0;0.0;0.0;0.0;0.0;0.0;1.0;0.0;0.0;0.0;3.0;1.0;0;0;0;0;PITANGA;REGIÃO CENTRAL;23
5010.0;2019-09-30;11.0;15.0;21.0;28.0;626.0;33.0;4.0;11.0;22.0;478.0;33.0;0.0;33.0;774.0;36.0;118.0;5;4;4;5;4;4;4;0;0;0;0;0;0;0;0;0;0;0;1;0;0;0;0;0.0;0.0;0.0;0.0;1.0;0.0;0.0;0.0;0.0;0.0;0.0;0.0;0.0;0.0;0.0;0.0;0.0;0.0;0.0;0.0;0.0;0.0;0.0;0.0;0.0;0.0;0.0;0.0;0.0;1.0;0.0;0.0;0.0;0.0;0.0;1.0;0.0;0.0;0.0;3.0;1.0;0;0;0;0;PITANGA;REGIÃO CENTRAL;24
5477.0;2019-10-31;13.0;18.0;23.0;29.0;728.0;36.0;5.0;13.0;23.0;547.0;36.0;0.0;36.0;909.0;30.0;150.0;4;5;5;4;4;4;5;0;0;0;0;0;0;0;0;0;0;1;0;0;0;0;0;0.0;0.0;0.0;0.0;1.0;0.0;0.0;0.0;0.0;0.0;0.0;0.0;0.0;0.0;0.0;0.0;0.0;0.0;0.0;0.0;0.0;0.0;0.0;0.0;0.0;0.0;0.0;0.0;0.0;1.0;0.0;0.0;0.0;0.0;0.0;1.0;0.0;0.0;0.0;3.0;1.0;0;0;0;0;PITANGA;REGIÃO CENTRAL;25
5738.0;2019-11-30;14.0;19.0;23.0;28.0;695.0;35.0;5.0;14.0;21.0;521.0;35.0;0.0;35.0;869.0;41.0;152.0;4;4;4;4;5;5;4;0;0;0;0;0;0;0;0;0;1;0;0;0;0;0;0;0.0;0.0;0.0;0.0;1.0;0.0;0.0;0.0;0.0;0.0;0.0;0.0;0.0;0.0;0.0;0.0;0.0;0.0;0.0;0.0;0.0;0.0;0.0;0.0;0.0;0.0;0.0;0.0;0.0;1.0;0.0;0.0;0.0;0.0;0.0;1.0;0.0;0.0;0.0;3.0;1.0;0;0;0;0;PITANGA;REGIÃO CENTRAL;26
4558.0;2019-12-31;15.0;20.0;23.0;27.0;711.0;33.0;6.0;15.0;21.0;557.0;33.0;0.0;33.0;866.0;46.0;178.0;5;4;4;5;4;4;5;0;0;1;0;0;0;0;0;0;0;0;0;0;0;0;0;0.0;0.0;0.0;0.0;1.0;0.0;0.0;0.0;0.0;0.0;0.0;0.0;0.0;0.0;0.0;0.0;0.0;0.0;0.0;0.0;0.0;0.0;0.0;0.0;0.0;0.0;0.0;0.0;0.0;1.0;0.0;0.0;0.0;0.0;0.0;1.0;0.0;0.0;0.0;3.0;1.0;0;0;0;0;PITANGA;REGIÃO CENTRAL;27
3541.0;2020-01-31;16.0;19.0;24.0;26.0;735.0;32.0;5.0;16.0;22.0;601.0;32.0;0.0;32.0;869.0;24.0;148.0;4;5;5;4;5;4;4;0;0;0;0;1;0;0;0;0;0;0;0;0;0;0;0;0.0;0.0;0.0;0.0;0.0;1.0;0.0;0.0;0.0;0.0;0.0;0.0;0.0;0.0;0.0;0.0;0.0;0.0;0.0;0.0;0.0;0.0;0.0;0.0;0.0;0.0;0.0;0.0;0.0;1.0;0.0;0.0;0.0;0.0;0.0;1.0;0.0;0.0;0.0;3.0;1.0;31;0;0;0;PITANGA;REGIÃO CENTRAL;28
5100.0;2020-02-29;14.0;20.0;23.0;27.0;674.0;33.0;4.0;14.0;22.0;538.0;33.0;0.0;33.0;810.0;47.0;119.0;4;4;4;4;4;5;4;0;0;0;1;0;0;0;0;0;0;0;0;0;0;0;0;0.0;0.0;0.0;0.0;0.0;1.0;0.0;0.0;0.0;0.0;0.0;0.0;0.0;0.0;0.0;0.0;0.0;0.0;0.0;0.0;0.0;0.0;0.0;0.0;0.0;0.0;0.0;0.0;0.0;1.0;0.0;0.0;0.0;0.0;0.0;1.0;0.0;0.0;0.0;3.0;1.0;0;3;0;0;PITANGA;REGIÃO CENTRAL;29
4189.0;2020-03-31;14.0;20.0;23.0;26.0;698.0;33.0;3.0;14.0;21.0;515.0;33.0;0.0;33.0;880.0;60.0;101.0;5;4;4;5;4;4;5;0;0;0;0;0;0;0;0;1;0;0;0;0;0;0;0;0.0;0.0;0.0;0.0;0.0;1.0;0.0;0.0;0.0;0.0;0.0;0.0;0.0;0.0;0.0;0.0;0.0;0.0;0.0;0.0;0.0;0.0;0.0;0.0;0.0;0.0;0.0;0.0;0.0;1.0;0.0;0.0;0.0;0.0;0.0;1.0;0.0;0.0;0.0;3.0;1.0;0;0;15;0;PITANGA;REGIÃO CENTRAL;30
1590.0;2020-04-30;7.0;14.0;20.0;25.0;595.0;30.0;3.0;7.0;19.0;405.0;30.0;0.0;30.0;786.0;49.0;87.0;4;5;5;4;4;4;4;1;0;0;0;0;0;0;0;0;0;0;0;0;0;0;0;0.0;0.0;0.0;0.0;0.0;1.0;0.0;0.0;0.0;0.0;0.0;0.0;0.0;0.0;0.0;0.0;0.0;0.0;0.0;0.0;0.0;0.0;0.0;0.0;0.0;0.0;0.0;0.0;0.0;1.0;0.0;0.0;0.0;0.0;0.0;1.0;0.0;0.0;0.0;3.0;1.0;0;1;30;0;PITANGA;REGIÃO CENTRAL;31
1607.0;2020-05-31;5.0;12.0;17.0;22.0;527.0;28.0;10.0;5.0;17.0;342.0;28.0;0.0;28.0;711.0;222.0;295.0;5;4;4;4;5;5;4;0;0;0;0;0;0;0;1;0;0;0;0;0;0;0;0;0.0;0.0;0.0;0.0;0.0;1.0;0.0;0.0;0.0;0.0;0.0;0.0;0.0;0.0;0.0;0.0;0.0;0.0;0.0;0.0;0.0;0.0;0.0;0.0;0.0;0.0;0.0;0.0;0.0;1.0;0.0;0.0;0.0;0.0;0.0;1.0;0.0;0.0;0.0;3.0;1.0;0;0;31;0;PITANGA;REGIÃO CENTRAL;32
1566.0;2020-06-30;8.0;13.0;18.0;22.0;526.0;27.0;8.0;8.0;18.0;406.0;27.0;0.0;27.0;647.0;65.0;230.0;4;4;4;5;4;4;5;0;0;0;0;0;0;1;0;0;0;0;0;0;0;0;0;0.0;0.0;0.0;0.0;0.0;1.0;0.0;0.0;0.0;0.0;0.0;0.0;0.0;0.0;0.0;0.0;0.0;0.0;0.0;0.0;0.0;0.0;0.0;0.0;0.0;0.0;0.0;0.0;0.0;1.0;0.0;0.0;0.0;0.0;0.0;1.0;0.0;0.0;0.0;3.0;1.0;0;1;30;0;PITANGA;REGIÃO CENTRAL;33
1724.0;2020-07-31;4.0;9.0;16.0;21.0;508.0;26.0;1.0;4.0;16.0;348.0;26.0;0.0;26.0;668.0;28.0;41.0;4;5;5;4;5;4;4;0;0;0;0;0;1;0;0;0;0;0;0;0;0;0;0;0.0;0.0;0.0;0.0;0.0;1.0;0.0;0.0;0.0;0.0;0.0;0.0;0.0;0.0;0.0;0.0;0.0;0.0;0.0;0.0;0.0;0.0;0.0;0.0;0.0;0.0;0.0;0.0;0.0;1.0;0.0;0.0;0.0;0.0;0.0;1.0;0.0;0.0;0.0;3.0;1.0;0;0;31;0;PITANGA;REGIÃO CENTRAL;34
1561.0;2020-08-31;2.0;8.0;17.0;23.0;524.0;31.0;11.0;2.0;16.0;353.0;31.0;0.0;31.0;695.0;57.0;329.0;5;4;4;5;4;5;4;0;1;0;0;0;0;0;0;0;0;0;0;0;0;0;0;0.0;0.0;0.0;0.0;0.0;1.0;0.0;0.0;0.0;0.0;0.0;0.0;0.0;0.0;0.0;0.0;0.0;0.0;0.0;0.0;0.0;0.0;0.0;0.0;0.0;0.0;0.0;0.0;0.0;1.0;0.0;0.0;0.0;0.0;0.0;1.0;0.0;0.0;0.0;3.0;1.0;0;0;31;0;PITANGA;REGIÃO CENTRAL;35
1950.0;2020-09-30;12.0;16.0;22.0;26.0;660.0;34.0;3.0;12.0;19.0;476.0;34.0;0.0;34.0;844.0;36.0;83.0;4;5;4;4;4;4;5;0;0;0;0;0;0;0;0;0;0;0;1;0;0;0;0;0.0;0.0;0.0;0.0;0.0;1.0;0.0;0.0;0.0;0.0;0.0;0.0;0.0;0.0;0.0;0.0;0.0;0.0;0.0;0.0;0.0;0.0;0.0;0.0;0.0;0.0;0.0;0.0;0.0;1.0;0.0;0.0;0.0;0.0;0.0;1.0;0.0;0.0;0.0;3.0;1.0;0;0;30;0;PITANGA;REGIÃO CENTRAL;36
1550.0;2020-10-31;11.0;17.0;23.0;30.0;704.0;37.0;2.0;11.0;24.0;513.0;37.0;0.0;37.0;895.0;28.0;64.0;4;4;5;4;5;5;4;0;0;0;0;0;0;0;0;0;0;1;0;0;0;0;0;0.0;0.0;0.0;0.0;0.0;1.0;0.0;0.0;0.0;0.0;0.0;0.0;0.0;0.0;0.0;0.0;0.0;0.0;0.0;0.0;0.0;0.0;0.0;0.0;0.0;0.0;0.0;0.0;0.0;1.0;0.0;0.0;0.0;0.0;0.0;1.0;0.0;0.0;0.0;3.0;1.0;0;0;31;0;PITANGA;REGIÃO CENTRAL;37
1590.0;2020-11-30;9.0;18.0;22.0;27.0;673.0;34.0;4.0;9.0;21.0;473.0;34.0;0.0;34.0;873.0;32.0;123.0;5;4;4;5;4;4;4;0;0;0;0;0;0;0;0;0;1;0;0;0;0;0;0;0.0;0.0;0.0;0.0;0.0;1.0;0.0;0.0;0.0;0.0;0.0;0.0;0.0;0.0;0.0;0.0;0.0;0.0;0.0;0.0;0.0;0.0;0.0;0.0;0.0;0.0;0.0;0.0;0.0;1.0;0.0;0.0;0.0;0.0;0.0;1.0;0.0;0.0;0.0;3.0;1.0;0;0;30;0;PITANGA;REGIÃO CENTRAL;38
1643.0;2020-12-31;15.0;19.0;23.0;25.0;716.0;30.0;9.0;15.0;21.0;564.0;30.0;0.0;30.0;868.0;48.0;286.0;4;5;5;4;4;4;5;0;0;1;0;0;0;0;0;0;0;0;0;0;0;0;0;0.0;0.0;0.0;0.0;0.0;1.0;0.0;0.0;0.0;0.0;0.0;0.0;0.0;0.0;0.0;0.0;0.0;0.0;0.0;0.0;0.0;0.0;0.0;0.0;0.0;0.0;0.0;0.0;0.0;1.0;0.0;0.0;0.0;0.0;0.0;1.0;0.0;0.0;0.0;3.0;1.0;0;0;31;0;PITANGA;REGIÃO CENTRAL;39
1581.0;2021-01-31;15.0;20.0;23.0;26.0;711.0;31.0;9.0;15.0;22.0;600.0;31.0;0.0;31.0;822.0;31.0;288.0;5;4;4;4;5;5;4;0;0;0;0;1;0;0;0;0;0;0;0;1;0;0;0;0.0;0.0;0.0;0.0;0.0;0.0;0.0;0.0;0.0;0.0;0.0;0.0;0.0;0.0;0.0;0.0;0.0;0.0;0.0;0.0;0.0;0.0;0.0;0.0;0.0;0.0;0.0;0.0;0.0;1.0;0.0;0.0;0.0;0.0;0.0;1.0;0.0;0.0;0.0;3.0;1.0;0;0;31;0;PITANGA;REGIÃO CENTRAL;40
1512.0;2021-02-28;14.0;20.0;23.0;25.0;634.0;32.0;1.0;14.0;21.0;480.0;32.0;0.0;32.0;788.0;15.0;42.0;4;4;4;4;4;4;4;0;0;0;1;0;0;0;0;0;0;0;0;1;0;0;0;0.0;0.0;0.0;0.0;0.0;0.0;0.0;0.0;0.0;0.0;0.0;0.0;0.0;0.0;0.0;0.0;0.0;0.0;0.0;0.0;0.0;0.0;0.0;0.0;0.0;0.0;0.0;0.0;0.0;1.0;0.0;0.0;0.0;0.0;0.0;1.0;0.0;0.0;0.0;3.0;1.0;0;3;28;0;PITANGA;REGIÃO CENTRAL;41
1581.0;2021-03-31;12.0;18.0;23.0;26.0;719.0;32.0;3.0;12.0;20.0;561.0;32.0;0.0;32.0;876.0;23.0;100.0;4;5;4;5;4;4;5;0;0;0;0;0;0;0;0;1;0;0;0;1;0;0;0;0.0;0.0;0.0;0.0;0.0;0.0;0.0;0.0;0.0;0.0;0.0;0.0;0.0;0.0;0.0;0.0;0.0;0.0;0.0;0.0;0.0;0.0;0.0;0.0;0.0;0.0;0.0;0.0;0.0;1.0;0.0;0.0;0.0;0.0;0.0;1.0;0.0;0.0;0.0;3.0;1.0;0;0;31;0;PITANGA;REGIÃO CENTRAL;42
1440.0;2021-04-30;11.0;17.0;20.0;23.0;586.0;29.0;0.0;11.0;19.0;420.0;29.0;0.0;29.0;751.0;3.0;4.0;4;4;5;4;5;4;4;1;0;0;0;0;0;0;0;0;0;0;0;1;0;0;0;0.0;0.0;0.0;0.0;0.0;0.0;0.0;0.0;0.0;0.0;0.0;0.0;0.0;0.0;0.0;0.0;0.0;0.0;0.0;0.0;0.0;0.0;0.0;0.0;0.0;0.0;0.0;0.0;0.0;1.0;0.0;0.0;0.0;0.0;0.0;1.0;0.0;0.0;0.0;3.0;1.0;0;1;30;0;PITANGA;REGIÃO CENTRAL;43
1395.0;2021-05-31;4.0;12.0;17.0;21.0;536.0;28.0;3.0;4.0;17.0;371.0;28.0;0.0;28.0;700.0;40.0;103.0;5;4;4;5;4;5;4;0;0;0;0;0;0;0;1;0;0;0;0;1;0;0;0;0.0;0.0;0.0;0.0;0.0;0.0;0.0;0.0;0.0;0.0;0.0;0.0;0.0;0.0;0.0;0.0;0.0;0.0;0.0;0.0;0.0;0.0;0.0;0.0;0.0;0.0;0.0;0.0;0.0;1.0;0.0;0.0;0.0;0.0;0.0;1.0;0.0;0.0;0.0;3.0;1.0;0;0;31;0;PITANGA;REGIÃO CENTRAL;44
1380.0;2021-06-30;-1.0;4.0;15.0;20.0;455.0;25.0;5.0;-1.0;16.0;331.0;25.0;0.0;25.0;579.0;77.0;142.0;4;5;4;4;4;4;5;0;0;0;0;0;0;1;0;0;0;0;0;1;0;0;0;0.0;0.0;0.0;0.0;0.0;0.0;0.0;0.0;0.0;0.0;0.0;0.0;0.0;0.0;0.0;0.0;0.0;0.0;0.0;0.0;0.0;0.0;0.0;0.0;0.0;0.0;0.0;0.0;0.0;1.0;0.0;0.0;0.0;0.0;0.0;1.0;0.0;0.0;0.0;3.0;1.0;0;1;30;0;PITANGA;REGIÃO CENTRAL;45
1581.0;2021-07-31;-1.0;5.0;14.0;20.0;428.0;27.0;2.0;-1.0;15.0;232.0;27.0;0.0;27.0;624.0;24.0;64.0;4;4;5;4;5;5;4;0;0;0;0;0;1;0;0;0;0;0;0;1;0;0;0;0.0;0.0;0.0;0.0;0.0;0.0;0.0;0.0;0.0;0.0;0.0;0.0;0.0;0.0;0.0;0.0;0.0;0.0;0.0;0.0;0.0;0.0;0.0;0.0;0.0;0.0;0.0;0.0;0.0;1.0;0.0;0.0;0.0;0.0;0.0;1.0;0.0;0.0;0.0;3.0;1.0;0;0;31;0;PITANGA;REGIÃO CENTRAL;46
1705.0;2021-08-31;6.0;13.0;19.0;25.0;584.0;32.0;2.0;6.0;18.0;399.0;32.0;0.0;32.0;769.0;15.0;47.0;5;4;4;5;4;4;5;0;1;0;0;0;0;0;0;0;0;0;0;1;0;0;0;0.0;0.0;0.0;0.0;0.0;0.0;0.0;0.0;0.0;0.0;0.0;0.0;0.0;0.0;0.0;0.0;0.0;0.0;0.0;0.0;0.0;0.0;0.0;0.0;0.0;0.0;0.0;0.0;0.0;1.0;0.0;0.0;0.0;0.0;0.0;1.0;0.0;0.0;0.0;3.0;1.0;0;0;31;0;PITANGA;REGIÃO CENTRAL;47
1710.0;2021-09-30;10.0;16.0;22.0;27.0;656.0;34.0;1.0;10.0;22.0;468.0;34.0;0.0;34.0;843.0;22.0;42.0;4;5;5;4;4;4;4;0;0;0;0;0;0;0;0;0;0;0;1;1;0;0;0;0.0;0.0;0.0;0.0;0.0;0.0;0.0;0.0;0.0;0.0;0.0;0.0;0.0;0.0;0.0;0.0;0.0;0.0;0.0;0.0;0.0;0.0;0.0;0.0;0.0;0.0;0.0;0.0;0.0;1.0;0.0;0.0;0.0;0.0;0.0;1.0;0.0;0.0;0.0;3.0;1.0;0;0;30;0;PITANGA;REGIÃO CENTRAL;48
1798.0;2021-10-31;9.0;16.0;19.0;23.0;604.0;29.0;21.0;9.0;19.0;464.0;29.0;0.0;29.0;745.0;138.0;655.0;5;4;4;4;5;5;4;0;0;0;0;0;0;0;0;0;0;1;0;1;0;0;0;0.0;0.0;0.0;0.0;0.0;0.0;0.0;0.0;0.0;0.0;0.0;0.0;0.0;0.0;0.0;0.0;0.0;0.0;0.0;0.0;0.0;0.0;0.0;0.0;0.0;0.0;0.0;0.0;0.0;1.0;0.0;0.0;0.0;0.0;0.0;1.0;0.0;0.0;0.0;3.0;1.0;0;0;0;0;PITANGA;REGIÃO CENTRAL;49
3510.0;2021-11-30;11.0;18.0;23.0;26.0;683.0;33.0;2.0;11.0;19.0;488.0;33.0;0.0;33.0;877.0;51.0;63.0;4;4;4;5;4;4;5;0;0;0;0;0;0;0;0;0;1;0;0;1;0;0;0;0.0;0.0;0.0;0.0;0.0;0.0;0.0;0.0;0.0;0.0;0.0;0.0;0.0;0.0;0.0;0.0;0.0;0.0;0.0;0.0;0.0;0.0;0.0;0.0;0.0;0.0;0.0;0.0;0.0;1.0;0.0;0.0;0.0;0.0;0.0;1.0;0.0;0.0;0.0;3.0;1.0;0;0;0;0;PITANGA;REGIÃO CENTRAL;50
3689.0;2021-12-31;12.0;20.0;24.0;27.0;737.0;34.0;4.0;12.0;21.0;531.0;34.0;0.0;34.0;942.0;92.0;118.0;4;5;5;4;5;4;4;0;0;1;0;0;0;0;0;0;0;0;0;1;0;0;0;0.0;0.0;0.0;0.0;0.0;0.0;0.0;0.0;0.0;0.0;0.0;0.0;0.0;0.0;0.0;0.0;0.0;0.0;0.0;0.0;0.0;0.0;0.0;0.0;0.0;0.0;0.0;0.0;0.0;1.0;0.0;0.0;0.0;0.0;0.0;1.0;0.0;0.0;0.0;3.0;1.0;0;0;0;0;PITANGA;REGIÃO CENTRAL;51
3193.0;2022-01-31;15.0;20.0;24.0;28.0;746.0;34.0;6.0;15.0;22.0;585.0;34.0;0.0;34.0;906.0;21.0;194.0;5;4;4;5;4;5;4;0;0;0;0;1;0;0;0;0;0;0;0;0;1;0;0;0.0;0.0;0.0;0.0;0.0;0.0;0.0;0.0;0.0;0.0;0.0;0.0;0.0;0.0;0.0;0.0;0.0;0.0;0.0;0.0;0.0;0.0;0.0;0.0;0.0;0.0;0.0;0.0;0.0;1.0;0.0;0.0;0.0;0.0;0.0;1.0;0.0;0.0;0.0;3.0;1.0;31;0;0;0;PITANGA;REGIÃO CENTRAL;52
4984.0;2022-02-28;15.0;22.0;24.0;27.0;680.0;34.0;4.0;15.0;22.0;512.0;34.0;0.0;34.0;848.0;28.0;103.0;4;4;4;4;4;4;4;0;0;0;1;0;0;0;0;0;0;0;0;0;1;0;0;0.0;0.0;0.0;0.0;0.0;0.0;0.0;0.0;0.0;0.0;0.0;0.0;0.0;0.0;0.0;0.0;0.0;0.0;0.0;0.0;0.0;0.0;0.0;0.0;0.0;0.0;0.0;0.0;0.0;1.0;0.0;0.0;0.0;0.0;0.0;1.0;0.0;0.0;0.0;3.0;1.0;0;1;0;0;PITANGA;REGIÃO CENTRAL;53
5270.0;2022-03-31;15.0;19.0;23.0;27.0;723.0;33.0;12.0;15.0;21.0;572.0;33.0;0.0;33.0;874.0;64.0;382.0;4;5;5;4;4;4;5;0;0;0;0;0;0;0;0;1;0;0;0;0;1;0;0;0.0;0.0;0.0;0.0;0.0;0.0;0.0;0.0;0.0;0.0;0.0;0.0;0.0;0.0;0.0;0.0;0.0;0.0;0.0;0.0;0.0;0.0;0.0;0.0;0.0;0.0;0.0;0.0;0.0;1.0;0.0;0.0;0.0;0.0;0.0;1.0;0.0;0.0;0.0;3.0;1.0;0;1;0;0;PITANGA;REGIÃO CENTRAL;54
4440.0;2022-04-30;9.0;15.0;20.0;24.0;603.0;29.0;12.0;9.0;18.0;456.0;29.0;0.0;29.0;749.0;101.0;368.0;4;4;4;4;5;5;4;1;0;0;0;0;0;0;0;0;0;0;0;0;1;0;0;0.0;0.0;0.0;0.0;0.0;0.0;0.0;0.0;0.0;0.0;0.0;0.0;0.0;0.0;0.0;0.0;0.0;0.0;0.0;0.0;0.0;0.0;0.0;0.0;0.0;0.0;0.0;0.0;0.0;1.0;0.0;0.0;0.0;0.0;0.0;1.0;0.0;0.0;0.0;3.0;1.0;0;1;0;0;PITANGA;REGIÃO CENTRAL;55
5456.0;2022-05-31;4.0;8.0;16.0;22.0;501.0;28.0;7.0;4.0;18.0;354.0;28.0;0.0;28.0;647.0;83.0;212.0;5;4;4;5;4;4;5;0;0;0;0;0;0;0;1;0;0;0;0;0;1;0;0;0.0;0.0;0.0;0.0;0.0;0.0;0.0;0.0;0.0;0.0;0.0;0.0;0.0;0.0;0.0;0.0;0.0;0.0;0.0;0.0;0.0;0.0;0.0;0.0;0.0;0.0;0.0;0.0;0.0;1.0;0.0;0.0;0.0;0.0;0.0;1.0;0.0;0.0;0.0;3.0;1.0;0;0;0;0;PITANGA;REGIÃO CENTRAL;56
4920.0;2022-06-30;2.0;9.0;16.0;21.0;481.0;26.0;5.0;2.0;15.0;337.0;26.0;0.0;26.0;624.0;62.0;161.0;4;5;5;4;4;4;4;0;0;0;0;0;0;1;0;0;0;0;0;0;1;0;0;0.0;0.0;0.0;0.0;0.0;0.0;0.0;0.0;0.0;0.0;0.0;0.0;0.0;0.0;0.0;0.0;0.0;0.0;0.0;0.0;0.0;0.0;0.0;0.0;0.0;0.0;0.0;0.0;0.0;1.0;0.0;0.0;0.0;0.0;0.0;1.0;0.0;0.0;0.0;3.0;1.0;0;1;0;0;PITANGA;REGIÃO CENTRAL;57
4991.0;2022-07-31;4.0;12.0;19.0;21.0;576.0;27.0;1.0;4.0;16.0;390.0;27.0;0.0;27.0;762.0;8.0;25.0;5;4;4;4;5;5;4;0;0;0;0;0;1;0;0;0;0;0;0;0;1;0;0;0.0;0.0;0.0;0.0;0.0;0.0;0.0;0.0;0.0;0.0;0.0;0.0;0.0;0.0;0.0;0.0;0.0;0.0;0.0;0.0;0.0;0.0;0.0;0.0;0.0;0.0;0.0;0.0;0.0;1.0;0.0;0.0;0.0;0.0;0.0;1.0;0.0;0.0;0.0;3.0;1.0;0;0;0;0;PITANGA;REGIÃO CENTRAL;58
5704.0;2022-08-31;2.0;9.0;16.0;22.0;510.0;29.0;6.0;2.0;16.0;340.0;29.0;0.0;29.0;679.0;62.0;190.0;4;5;4;5;4;4;5;0;1;0;0;0;0;0;0;0;0;0;0;0;1;0;0;0.0;0.0;0.0;0.0;0.0;0.0;0.0;0.0;0.0;0.0;0.0;0.0;0.0;0.0;0.0;0.0;0.0;0.0;0.0;0.0;0.0;0.0;0.0;0.0;0.0;0.0;0.0;0.0;0.0;1.0;0.0;0.0;0.0;0.0;0.0;1.0;0.0;0.0;0.0;3.0;1.0;0;0;0;0;PITANGA;REGIÃO CENTRAL;59
5430.0;2022-09-30;5.0;12.0;16.0;24.0;491.0;31.0;12.0;5.0;17.0;359.0;31.0;0.0;31.0;622.0;65.0;355.0;4;4;5;4;5;4;4;0;0;0;0;0;0;0;0;0;0;0;1;0;1;0;0;0.0;0.0;0.0;0.0;0.0;0.0;0.0;0.0;0.0;0.0;0.0;0.0;0.0;0.0;0.0;0.0;0.0;0.0;0.0;0.0;0.0;0.0;0.0;0.0;0.0;0.0;0.0;0.0;0.0;1.0;0.0;0.0;0.0;0.0;0.0;1.0;0.0;0.0;0.0;3.0;1.0;0;0;0;0;PITANGA;REGIÃO CENTRAL;60
4495.0;2022-10-31;-1.0;12.0;20.0;23.0;625.0;31.0;15.0;-1.0;18.0;456.0;31.0;0.0;31.0;795.0;132.0;464.0;5;4;4;5;4;5;4;0;0;0;0;0;0;0;0;0;0;1;0;0;1;0;0;0.0;0.0;0.0;0.0;0.0;0.0;0.0;0.0;0.0;0.0;0.0;0.0;0.0;0.0;0.0;0.0;0.0;0.0;0.0;0.0;0.0;0.0;0.0;0.0;0.0;0.0;0.0;0.0;0.0;1.0;0.0;0.0;0.0;0.0;0.0;1.0;0.0;0.0;0.0;3.0;1.0;0;0;0;0;PITANGA;REGIÃO CENTRAL;61
4620.0;2022-11-30;8.0;12.0;20.0;24.0;598.0;31.0;4.0;8.0;19.0;407.0;31.0;0.0;31.0;788.0;44.0;105.0;4;5;4;4;4;4;5;0;0;0;0;0;0;0;0;0;1;0;0;0;1;0;0;0.0;0.0;0.0;0.0;0.0;0.0;0.0;0.0;0.0;0.0;0.0;0.0;0.0;0.0;0.0;0.0;0.0;0.0;0.0;0.0;0.0;0.0;0.0;0.0;0.0;0.0;0.0;0.0;0.0;1.0;0.0;0.0;0.0;0.0;0.0;1.0;0.0;0.0;0.0;3.0;1.0;0;0;0;0;PITANGA;REGIÃO CENTRAL;62
4588.0;2022-12-31;-6.0;12.0;23.0;26.0;702.0;32.0;7.0;-6.0;21.0;522.0;32.0;0.0;32.0;881.0;42.0;211.0;4;4;5;4;5;5;4;0;0;1;0;0;0;0;0;0;0;0;0;0;1;0;0;0.0;0.0;0.0;0.0;0.0;0.0;0.0;0.0;0.0;0.0;0.0;0.0;0.0;0.0;0.0;0.0;0.0;0.0;0.0;0.0;0.0;0.0;0.0;0.0;0.0;0.0;0.0;0.0;0.0;1.0;0.0;0.0;0.0;0.0;0.0;1.0;0.0;0.0;0.0;3.0;1.0;0;0;0;0;PITANGA;REGIÃO CENTRAL;63
3255.0;2023-01-31;14.0;19.0;23.0;26.0;710.0;31.0;6.0;14.0;20.0;557.0;31.0;0.0;31.0;862.0;47.0;184.0;5;4;4;5;4;4;5;0;0;0;0;1;0;0;0;0;0;0;0;0;0;1;0;0.0;0.0;0.0;0.0;0.0;0.0;0.0;0.0;0.0;0.0;0.0;0.0;0.0;0.0;0.0;0.0;0.0;0.0;0.0;0.0;0.0;0.0;0.0;0.0;0.0;0.0;0.0;0.0;0.0;1.0;0.0;0.0;0.0;0.0;0.0;1.0;0.0;0.0;0.0;3.0;1.0;31;0;0;0;PITANGA;REGIÃO CENTRAL;64
4508.0;2023-02-28;12.0;17.0;22.0;25.0;624.0;32.0;12.0;12.0;20.0;499.0;32.0;0.0;32.0;748.0;55.0;334.0;4;4;4;4;4;4;4;0;0;0;1;0;0;0;0;0;0;0;0;0;0;1;0;0.0;0.0;0.0;0.0;0.0;0.0;0.0;0.0;0.0;0.0;0.0;0.0;0.0;0.0;0.0;0.0;0.0;0.0;0.0;0.0;0.0;0.0;0.0;0.0;0.0;0.0;0.0;0.0;0.0;1.0;0.0;0.0;0.0;0.0;0.0;1.0;0.0;0.0;0.0;3.0;1.0;0;3;0;0;PITANGA;REGIÃO CENTRAL;65
5952.0;2023-03-31;17.0;22.0;24.0;26.0;729.0;31.0;6.0;17.0;21.0;566.0;31.0;0.0;31.0;892.0;30.0;174.0;4;5;5;4;5;4;4;0;0;0;0;0;0;0;0;1;0;0;0;0;0;1;0;0.0;0.0;0.0;0.0;0.0;0.0;0.0;0.0;0.0;0.0;0.0;0.0;0.0;0.0;0.0;0.0;0.0;0.0;0.0;0.0;0.0;0.0;0.0;0.0;0.0;0.0;0.0;0.0;0.0;1.0;0.0;0.0;0.0;0.0;0.0;1.0;0.0;0.0;0.0;3.0;1.0;0;0;0;0;PITANGA;REGIÃO CENTRAL;66
3780.0;2023-04-30;9.0;15.0;20.0;24.0;603.0;30.0;5.0;9.0;18.0;451.0;30.0;0.0;30.0;755.0;51.0;156.0;5;4;4;4;4;5;4;1;0;0;0;0;0;0;0;0;0;0;0;0;0;1;0;0.0;0.0;0.0;0.0;0.0;0.0;0.0;0.0;0.0;0.0;0.0;0.0;0.0;0.0;0.0;0.0;0.0;0.0;0.0;0.0;0.0;0.0;0.0;0.0;0.0;0.0;0.0;0.0;0.0;1.0;0.0;0.0;0.0;0.0;0.0;1.0;0.0;0.0;0.0;3.0;1.0;0;1;0;0;PITANGA;REGIÃO CENTRAL;67
5022.0;2023-05-31;8.0;15.0;18.0;23.0;572.0;28.0;5.0;8.0;19.0;408.0;28.0;0.0;28.0;736.0;67.0;141.0;4;5;4;5;4;4;5;0;0;0;0;0;0;0;1;0;0;0;0;0;0;1;0;0.0;0.0;0.0;0.0;0.0;0.0;0.0;0.0;0.0;0.0;0.0;0.0;0.0;0.0;0.0;0.0;0.0;0.0;0.0;0.0;0.0;0.0;0.0;0.0;0.0;0.0;0.0;0.0;0.0;1.0;0.0;0.0;0.0;0.0;0.0;1.0;0.0;0.0;0.0;3.0;1.0;0;0;0;0;PITANGA;REGIÃO CENTRAL;68
6060.0;2023-06-30;5.0;11.0;16.0;21.0;493.0;27.0;2.0;5.0;15.0;330.0;27.0;0.0;27.0;655.0;17.0;48.0;4;4;5;4;5;4;4;0;0;0;0;0;0;1;0;0;0;0;0;0;0;1;0;0.0;0.0;0.0;0.0;0.0;0.0;0.0;0.0;0.0;0.0;0.0;0.0;0.0;0.0;0.0;0.0;0.0;0.0;0.0;0.0;0.0;0.0;0.0;0.0;0.0;0.0;0.0;0.0;0.0;1.0;0.0;0.0;0.0;0.0;0.0;1.0;0.0;0.0;0.0;3.0;1.0;0;1;0;0;PITANGA;REGIÃO CENTRAL;69
3813.0;2023-07-31;5.0;10.0;17.0;21.0;531.0;26.0;3.0;5.0;16.0;378.0;26.0;0.0;26.0;684.0;24.0;97.0;5;4;4;5;4;5;4;0;0;0;0;0;1;0;0;0;0;0;0;0;0;1;0;0.0;0.0;0.0;0.0;0.0;0.0;0.0;0.0;0.0;0.0;0.0;0.0;0.0;0.0;0.0;0.0;0.0;0.0;0.0;0.0;0.0;0.0;0.0;0.0;0.0;0.0;0.0;0.0;0.0;1.0;0.0;0.0;0.0;0.0;0.0;1.0;0.0;0.0;0.0;3.0;1.0;15;0;0;0;PITANGA;REGIÃO CENTRAL;70
4805.0;2023-08-31;6.0;13.0;19.0;25.0;581.0;32.0;6.0;6.0;19.0;396.0;32.0;0.0;32.0;765.0;100.0;194.0;4;5;5;4;4;4;5;0;1;0;0;0;0;0;0;0;0;0;0;0;0;1;0;0.0;0.0;0.0;0.0;0.0;0.0;0.0;0.0;0.0;0.0;0.0;0.0;0.0;0.0;0.0;0.0;0.0;0.0;0.0;0.0;0.0;0.0;0.0;0.0;0.0;0.0;0.0;0.0;0.0;1.0;0.0;0.0;0.0;0.0;0.0;1.0;0.0;0.0;0.0;3.0;1.0;0;0;0;0;PITANGA;REGIÃO CENTRAL;71
5040.0;2023-09-30;7.0;15.0;22.0;28.0;663.0;35.0;8.0;7.0;22.0;484.0;35.0;0.0;35.0;841.0;69.0;233.0;4;4;4;4;5;5;4;0;0;0;0;0;0;0;0;0;0;0;1;0;0;1;0;0.0;0.0;0.0;0.0;0.0;0.0;0.0;0.0;0.0;0.0;0.0;0.0;0.0;0.0;0.0;0.0;0.0;0.0;0.0;0.0;0.0;0.0;0.0;0.0;0.0;0.0;0.0;0.0;0.0;1.0;0.0;0.0;0.0;0.0;0.0;1.0;0.0;0.0;0.0;3.0;1.0;0;0;0;0;PITANGA;REGIÃO CENTRAL;72
5084.0;2023-10-31;13.0;18.0;22.0;26.0;685.0;33.0;19.0;13.0;22.0;531.0;33.0;0.0;33.0;840.0;116.0;594.0;5;4;4;5;4;4;5;0;0;0;0;0;0;0;0;0;0;1;0;0;0;1;0;0.0;0.0;0.0;0.0;0.0;0.0;0.0;0.0;0.0;0.0;0.0;0.0;0.0;0.0;0.0;0.0;0.0;0.0;0.0;0.0;0.0;0.0;0.0;0.0;0.0;0.0;0.0;0.0;0.0;1.0;0.0;0.0;0.0;0.0;0.0;1.0;0.0;0.0;0.0;3.0;1.0;0;0;0;0;PITANGA;REGIÃO CENTRAL;73
5940.0;2023-11-30;9.0;17.0;23.0;29.0;690.0;36.0;7.0;9.0;23.0;524.0;36.0;0.0;36.0;856.0;44.0;205.0;4;5;5;4;4;4;4;0;0;0;0;0;0;0;0;0;1;0;0;0;0;1;0;0.0;0.0;0.0;0.0;0.0;0.0;0.0;0.0;0.0;0.0;0.0;0.0;0.0;0.0;0.0;0.0;0.0;0.0;0.0;0.0;0.0;0.0;0.0;0.0;0.0;0.0;0.0;0.0;0.0;1.0;0.0;0.0;0.0;0.0;0.0;1.0;0.0;0.0;0.0;3.0;1.0;0;0;0;0;PITANGA;REGIÃO CENTRAL;74
5735.0;2023-12-31;16.0;20.0;25.0;28.0;766.0;35.0;4.0;16.0;21.0;580.0;35.0;0.0;35.0;952.0;39.0;131.0;5;4;4;4;5;5;4;0;0;1;0;0;0;0;0;0;0;0;0;0;0;1;0;0.0;0.0;0.0;0.0;0.0;0.0;0.0;0.0;0.0;0.0;0.0;0.0;0.0;0.0;0.0;0.0;0.0;0.0;0.0;0.0;0.0;0.0;0.0;0.0;0.0;0.0;0.0;0.0;0.0;1.0;0.0;0.0;0.0;0.0;0.0;1.0;0.0;0.0;0.0;3.0;1.0;0;0;0;0;PITANGA;REGIÃO CENTRAL;75
4309.0;2024-01-31;14.0;19.0;24.0;28.0;750.0;36.0;7.0;14.0;22.0;578.0;36.0;0.0;36.0;923.0;61.0;219.0;4;5;4;5;4;4;5;0;0;0;0;1;0;0;0;0;0;0;0;0;0;0;1;0.0;0.0;0.0;0.0;0.0;0.0;0.0;0.0;0.0;0.0;0.0;0.0;0.0;0.0;0.0;0.0;0.0;0.0;0.0;0.0;0.0;0.0;0.0;0.0;0.0;0.0;0.0;0.0;0.0;1.0;0.0;0.0;0.0;0.0;0.0;1.0;0.0;0.0;0.0;3.0;1.0;31;0;0;0;PITANGA;REGIÃO CENTRAL;76
7279.0;2024-02-29;17.0;21.0;25.0;27.0;723.0;34.0;2.0;17.0;22.0;565.0;34.0;0.0;34.0;880.0;20.0;68.0;4;4;5;4;4;4;4;0;0;0;1;0;0;0;0;0;0;0;0;0;0;0;1;0.0;0.0;0.0;0.0;0.0;0.0;0.0;0.0;0.0;0.0;0.0;0.0;0.0;0.0;0.0;0.0;0.0;0.0;0.0;0.0;0.0;0.0;0.0;0.0;0.0;0.0;0.0;0.0;0.0;1.0;0.0;0.0;0.0;0.0;0.0;1.8620689655172413;0.0;0.0;0.0;3.0;1.0;0;3;0;0;PITANGA;REGIÃO CENTRAL;77
7874.0;2024-03-31;16.0;19.0;25.0;28.0;765.0;35.0;2.0;16.0;22.0;595.0;35.0;0.0;35.0;934.0;37.0;75.0;5;4;4;4;5;5;4;0;0;0;0;0;0;0;0;1;0;0;0;0;0;0;1;0.0;0.0;0.0;0.0;0.0;0.0;0.0;0.0;0.0;0.0;0.0;0.0;0.0;0.0;0.0;0.0;0.0;0.0;0.0;0.0;0.0;0.0;0.0;0.0;0.0;0.0;0.0;0.0;0.0;1.0;0.0;0.0;0.0;0.0;0.0;2.0;0.0;0.0;0.0;3.0;1.0;0;1;0;0;PITANGA;REGIÃO CENTRAL;78
5100.0;2024-04-30;11.0;17.0;23.0;26.0;680.0;32.0;4.0;11.0;21.0;531.0;32.0;0.0;32.0;830.0;50.0;111.0;4;4;4;5;4;4;5;1;0;0;0;0;0;0;0;0;0;0;0;0;0;0;1;0.0;0.0;0.0;0.0;0.0;0.0;0.0;0.0;0.0;0.0;0.0;0.0;0.0;0.0;0.0;0.0;0.0;0.0;0.0;0.0;0.0;0.0;0.0;0.0;0.0;0.0;0.0;0.0;0.0;1.0;0.0;0.0;0.0;0.0;0.0;2.0;0.0;0.0;0.0;3.0;1.0;0;0;0;0;PITANGA;REGIÃO CENTRAL;79
3596.0;2024-05-31;5.0;11.0;20.0;26.0;617.0;31.0;1.0;5.0;21.0;469.0;31.0;0.0;31.0;766.0;20.0;37.0;4;5;5;4;5;4;4;0;0;0;0;0;0;0;1;0;0;0;0;0;0;0;1;0.0;0.0;0.0;0.0;0.0;0.0;0.0;0.0;0.0;0.0;0.0;0.0;0.0;0.0;0.0;0.0;0.0;0.0;0.0;0.0;0.0;0.0;0.0;0.0;0.0;0.0;0.0;0.0;0.0;1.0;0.0;0.0;0.0;0.0;0.0;2.0;0.0;0.0;0.0;3.0;1.0;0;1;0;30;PITANGA;REGIÃO CENTRAL;80
3030.0;2024-06-30;5.0;12.0;20.0;22.0;586.0;29.0;0.0;5.0;18.0;411.0;29.0;0.0;29.0;761.0;1.0;2.0;5;4;4;4;4;5;4;0;0;0;0;0;0;1;0;0;0;0;0;0;0;0;1;0.0;0.0;0.0;0.0;0.0;0.0;0.0;0.0;0.0;0.0;0.0;0.0;0.0;0.0;0.0;0.0;0.0;0.0;0.0;0.0;0.0;0.0;0.0;0.0;0.0;0.0;0.0;0.0;0.0;1.0;0.0;0.0;0.0;0.0;0.0;2.0;0.0;0.0;0.0;3.0;1.0;0;0;0;30;PITANGA;REGIÃO CENTRAL;81
5115.0;2024-07-31;5.0;10.0;16.0;21.0;491.0;27.0;3.0;5.0;15.0;353.0;27.0;0.0;27.0;629.0;28.0;83.0;4;5;4;5;4;4;5;0;0;0;0;0;1;0;0;0;0;0;0;0;0;0;1;0.0;0.0;0.0;0.0;0.0;0.0;0.0;0.0;0.0;0.0;0.0;0.0;0.0;0.0;0.0;0.0;0.0;0.0;0.0;0.0;0.0;0.0;0.0;0.0;0.0;0.0;0.0;0.0;0.0;1.0;0.0;0.0;0.0;0.0;0.0;2.0;0.0;0.0;0.0;3.0;1.0;12;0;0;0;PITANGA;REGIÃO CENTRAL;82
6386.0;2024-08-31;0.0;9.0;18.0;25.0;549.0;33.0;1.0;0.0;20.0;350.0;33.0;0.0;33.0;748.0;10.0;28.0;4;4;5;4;5;5;4;0;1;0;0;0;0;0;0;0;0;0;0;0;0;0;1;0.0;0.0;0.0;0.0;0.0;0.0;0.0;0.0;0.0;0.0;0.0;0.0;0.0;0.0;0.0;0.0;0.0;0.0;0.0;0.0;0.0;0.0;0.0;0.0;0.0;0.0;0.0;0.0;0.0;1.0;0.0;0.0;0.0;0.0;0.0;2.0;0.0;0.0;0.0;3.0;1.0;0;0;0;0;PITANGA;REGIÃO CENTRAL;83
5820.0;2024-09-30;11.0;15.0;22.0;27.0;656.0;35.0;4.0;11.0;20.0;462.0;35.0;0.0;35.0;850.0;39.0;106.0;5;4;4;5;4;4;4;0;0;0;0;0;0;0;0;0;0;0;1;0;0;0;1;0.0;0.0;0.0;0.0;0.0;0.0;0.0;0.0;0.0;0.0;0.0;0.0;0.0;0.0;0.0;0.0;0.0;0.0;0.0;0.0;0.0;0.0;0.0;0.0;0.0;0.0;0.0;0.0;0.0;1.0;0.0;0.0;0.0;0.0;0.0;2.0;0.0;0.0;0.0;3.0;1.0;0;0;0;0;PITANGA;REGIÃO CENTRAL;84
6603.0;2024-10-31;12.0;17.0;22.0;27.0;682.0;34.0;4.0;12.0;23.0;532.0;34.0;0.0;34.0;833.0;42.0;115.0;4;5;5;4;4;4;5;0;0;0;0;0;0;0;0;0;0;1;0;0;0;0;1;0.0;0.0;0.0;0.0;0.0;0.0;0.0;0.0;0.0;0.0;0.0;0.0;0.0;0.0;0.0;0.0;0.0;0.0;0.0;0.0;0.0;0.0;0.0;0.0;0.0;0.0;0.0;0.0;0.0;1.0;0.0;0.0;0.0;0.0;0.0;2.0;0.0;0.0;0.0;3.0;1.0;0;0;0;0;PITANGA;REGIÃO CENTRAL;85
2842.0;2017-11-30;10.0;16.0;20.0;23.0;592.0;31.0;6.0;10.0;18.0;413.0;31.0;0.0;31.0;772.0;55.0;185.0;4;5;5;4;4;4;4;0;0;0;0;0;0;0;0;0;1;0;0;0;0;0;0;0.0;0.0;1.0;0.0;0.0;0.0;0.0;0.0;0.0;0.0;0.0;0.0;0.0;0.0;0.0;0.0;0.0;0.0;0.0;0.0;0.0;0.0;0.0;0.0;0.0;0.0;0.0;0.0;0.0;0.0;1.0;0.0;0.0;0.0;0.0;1.0;0.0;0.0;0.0;0.0;0.0;0;0;0;0;QUEDAS DO IGUAÇU;REGIÃO OESTE;1
2393.0;2017-12-31;14.0;21.0;23.0;26.0;715.0;33.0;3.0;14.0;21.0;554.0;33.0;0.0;33.0;875.0;35.0;108.0;5;4;4;4;5;5;4;0;0;1;0;0;0;0;0;0;0;0;0;0;0;0;0;0.0;0.0;1.0;0.0;0.0;0.0;0.0;0.0;0.0;0.0;0.0;0.0;0.0;0.0;0.0;0.0;0.0;0.0;0.0;0.0;0.0;0.0;0.0;0.0;0.0;0.0;0.0;0.0;0.0;0.0;1.0;0.0;0.0;0.0;0.0;1.0;0.0;0.0;0.0;0.0;0.0;0;0;0;0;QUEDAS DO IGUAÇU;REGIÃO OESTE;2
2385.0;2018-01-31;15.0;21.0;23.0;24.0;706.0;31.0;6.0;15.0;20.0;565.0;31.0;0.0;31.0;846.0;67.0;198.0;4;5;4;5;4;4;5;0;0;0;0;1;0;0;0;0;0;0;0;0;0;0;0;0.0;0.0;0.0;1.0;0.0;0.0;0.0;0.0;0.0;0.0;0.0;0.0;0.0;0.0;0.0;0.0;0.0;0.0;0.0;0.0;0.0;0.0;0.0;0.0;0.0;0.0;0.0;0.0;0.0;0.0;1.0;0.0;0.0;0.0;0.0;1.0;0.0;0.0;0.0;0.0;0.0;31;0;0;0;QUEDAS DO IGUAÇU;REGIÃO OESTE;3
2672.0;2018-02-28;13.0;20.0;22.0;25.0;626.0;31.0;5.0;13.0;19.0;477.0;31.0;0.0;31.0;775.0;56.0;127.0;4;4;4;4;4;4;4;0;0;0;1;0;0;0;0;0;0;0;0;0;0;0;0;0.0;0.0;0.0;1.0;0.0;0.0;0.0;0.0;0.0;0.0;0.0;0.0;0.0;0.0;0.0;0.0;0.0;0.0;0.0;0.0;0.0;0.0;0.0;0.0;0.0;0.0;0.0;0.0;0.0;0.0;1.0;0.0;0.0;0.0;0.0;1.0;0.0;0.0;0.0;0.0;0.0;0;3;0;0;QUEDAS DO IGUAÇU;REGIÃO OESTE;4
3185.0;2018-03-31;12.0;17.0;22.0;26.0;694.0;32.0;6.0;12.0;21.0;548.0;32.0;0.0;32.0;839.0;58.0;199.0;4;4;5;4;5;5;4;0;0;0;0;0;0;0;0;1;0;0;0;0;0;0;0;0.0;0.0;0.0;1.0;0.0;0.0;0.0;0.0;0.0;0.0;0.0;0.0;0.0;0.0;0.0;0.0;0.0;0.0;0.0;0.0;0.0;0.0;0.0;0.0;0.0;0.0;0.0;0.0;0.0;0.0;1.0;0.0;0.0;0.0;0.0;1.0;0.0;0.0;0.0;0.0;0.0;0;1;0;0;QUEDAS DO IGUAÇU;REGIÃO OESTE;5
3046.0;2018-04-30;14.0;20.0;21.0;24.0;644.0;30.0;1.0;14.0;18.0;468.0;30.0;0.0;30.0;820.0;20.0;21.0;5;4;4;5;4;4;4;1;0;0;0;0;0;0;0;0;0;0;0;0;0;0;0;0.0;0.0;0.0;1.0;0.0;0.0;0.0;0.0;0.0;0.0;0.0;0.0;0.0;0.0;0.0;0.0;0.0;0.0;0.0;0.0;0.0;0.0;0.0;0.0;0.0;0.0;0.0;0.0;0.0;0.0;1.0;0.0;0.0;0.0;0.0;1.0;0.0;0.0;0.0;0.0;0.0;0;0;0;0;QUEDAS DO IGUAÇU;REGIÃO OESTE;6
3131.0;2018-05-31;4.0;9.0;17.0;22.0;521.0;29.0;4.0;4.0;17.0;366.0;29.0;0.0;29.0;675.0;74.0;121.0;4;5;5;4;4;4;5;0;0;0;0;0;0;0;1;0;0;0;0;0;0;0;0;0.0;0.0;0.0;1.0;0.0;0.0;0.0;0.0;0.0;0.0;0.0;0.0;0.0;0.0;0.0;0.0;0.0;0.0;0.0;0.0;0.0;0.0;0.0;0.0;0.0;0.0;0.0;0.0;0.0;0.0;1.0;0.0;0.0;0.0;0.0;1.0;0.0;0.0;0.0;0.0;0.0;0;1;0;0;QUEDAS DO IGUAÇU;REGIÃO OESTE;7
3162.0;2018-06-30;1.0;6.0;14.0;22.0;422.0;25.0;4.0;1.0;19.0;288.0;25.0;0.0;25.0;555.0;28.0;112.0;4;4;4;4;5;5;4;0;0;0;0;0;0;1;0;0;0;0;0;0;0;0;0;0.0;0.0;0.0;1.0;0.0;0.0;0.0;0.0;0.0;0.0;0.0;0.0;0.0;0.0;0.0;0.0;0.0;0.0;0.0;0.0;0.0;0.0;0.0;0.0;0.0;0.0;0.0;0.0;0.0;0.0;1.0;0.0;0.0;0.0;0.0;1.0;0.0;0.0;0.0;0.0;0.0;0;0;0;0;QUEDAS DO IGUAÇU;REGIÃO OESTE;8
2926.0;2018-07-31;2.0;7.0;16.0;21.0;484.0;28.0;0.0;2.0;15.0;312.0;28.0;0.0;28.0;656.0;5.0;10.0;5;4;4;5;4;4;5;0;0;0;0;0;1;0;0;0;0;0;0;0;0;0;0;0.0;0.0;0.0;1.0;0.0;0.0;0.0;0.0;0.0;0.0;0.0;0.0;0.0;0.0;0.0;0.0;0.0;0.0;0.0;0.0;0.0;0.0;0.0;0.0;0.0;0.0;0.0;0.0;0.0;0.0;1.0;0.0;0.0;0.0;0.0;1.0;0.0;0.0;0.0;0.0;0.0;16;0;0;0;QUEDAS DO IGUAÇU;REGIÃO OESTE;9
3227.0;2018-08-31;1.0;9.0;14.0;22.0;439.0;30.0;3.0;1.0;15.0;257.0;30.0;0.0;30.0;621.0;18.0;86.0;4;5;5;4;5;4;4;0;1;0;0;0;0;0;0;0;0;0;0;0;0;0;0;0.0;0.0;0.0;1.0;0.0;0.0;0.0;0.0;0.0;0.0;0.0;0.0;0.0;0.0;0.0;0.0;0.0;0.0;0.0;0.0;0.0;0.0;0.0;0.0;0.0;0.0;0.0;0.0;0.0;0.0;1.0;0.0;0.0;0.0;0.0;1.0;0.0;0.0;0.0;0.0;0.0;0;0;0;0;QUEDAS DO IGUAÇU;REGIÃO OESTE;10
3138.0;2018-09-30;5.0;12.0;18.0;25.0;549.0;32.0;11.0;5.0;18.0;393.0;32.0;0.0;32.0;706.0;138.0;327.0;5;4;4;4;4;5;4;0;0;0;0;0;0;0;0;0;0;0;1;0;0;0;0;0.0;0.0;0.0;1.0;0.0;0.0;0.0;0.0;0.0;0.0;0.0;0.0;0.0;0.0;0.0;0.0;0.0;0.0;0.0;0.0;0.0;0.0;0.0;0.0;0.0;0.0;0.0;0.0;0.0;0.0;1.0;0.0;0.0;0.0;0.0;1.0;0.0;0.0;0.0;0.0;0.0;0;0;0;0;QUEDAS DO IGUAÇU;REGIÃO OESTE;11
3101.0;2018-10-31;10.0;15.0;19.0;22.0;598.0;30.0;9.0;10.0;19.0;476.0;30.0;0.0;30.0;721.0;67.0;275.0;4;5;4;5;4;4;5;0;0;0;0;0;0;0;0;0;0;1;0;0;0;0;0;0.0;0.0;0.0;1.0;0.0;0.0;0.0;0.0;0.0;0.0;0.0;0.0;0.0;0.0;0.0;0.0;0.0;0.0;0.0;0.0;0.0;0.0;0.0;0.0;0.0;0.0;0.0;0.0;0.0;0.0;1.0;0.0;0.0;0.0;0.0;1.0;0.0;0.0;0.0;0.0;0.0;0;0;0;0;QUEDAS DO IGUAÇU;REGIÃO OESTE;12
2970.0;2018-11-30;14.0;18.0;22.0;25.0;651.0;32.0;4.0;14.0;19.0;491.0;32.0;0.0;32.0;810.0;27.0;107.0;4;4;5;4;5;4;4;0;0;0;0;0;0;0;0;0;1;0;0;0;0;0;0;0.0;0.0;0.0;1.0;0.0;0.0;0.0;0.0;0.0;0.0;0.0;0.0;0.0;0.0;0.0;0.0;0.0;0.0;0.0;0.0;0.0;0.0;0.0;0.0;0.0;0.0;0.0;0.0;0.0;0.0;1.0;0.0;0.0;0.0;0.0;1.0;0.0;0.0;0.0;0.0;0.0;0;0;0;0;QUEDAS DO IGUAÇU;REGIÃO OESTE;13
2287.0;2018-12-31;11.0;18.0;23.0;27.0;721.0;34.0;2.0;11.0;21.0;525.0;34.0;0.0;34.0;916.0;15.0;58.0;5;4;4;5;4;5;4;0;0;1;0;0;0;0;0;0;0;0;0;0;0;0;0;0.0;0.0;0.0;1.0;0.0;0.0;0.0;0.0;0.0;0.0;0.0;0.0;0.0;0.0;0.0;0.0;0.0;0.0;0.0;0.0;0.0;0.0;0.0;0.0;0.0;0.0;0.0;0.0;0.0;0.0;1.0;0.0;0.0;0.0;0.0;1.0;0.0;0.0;0.0;0.0;0.0;0;0;0;0;QUEDAS DO IGUAÇU;REGIÃO OESTE;14
2130.0;2019-01-31;17.0;21.0;25.0;27.0;774.0;34.0;7.0;17.0;21.0;606.0;34.0;0.0;34.0;943.0;49.0;210.0;4;5;5;4;4;4;5;0;0;0;0;1;0;0;0;0;0;0;0;0;0;0;0;0.0;0.0;0.0;0.0;1.0;0.0;0.0;0.0;0.0;0.0;0.0;0.0;0.0;0.0;0.0;0.0;0.0;0.0;0.0;0.0;0.0;0.0;0.0;0.0;0.0;0.0;0.0;0.0;0.0;0.0;1.0;0.0;0.0;0.0;0.0;1.0;0.0;0.0;0.0;0.0;0.0;31;0;0;0;QUEDAS DO IGUAÇU;REGIÃO OESTE;15
2560.0;2019-02-28;14.0;18.0;23.0;27.0;643.0;34.0;6.0;14.0;22.0;498.0;34.0;0.0;34.0;788.0;55.0;158.0;4;4;4;4;4;4;4;0;0;0;1;0;0;0;0;0;0;0;0;0;0;0;0;0.0;0.0;0.0;0.0;1.0;0.0;0.0;0.0;0.0;0.0;0.0;0.0;0.0;0.0;0.0;0.0;0.0;0.0;0.0;0.0;0.0;0.0;0.0;0.0;0.0;0.0;0.0;0.0;0.0;0.0;1.0;0.0;0.0;0.0;0.0;1.0;0.0;0.0;0.0;0.0;0.0;0;0;0;0;QUEDAS DO IGUAÇU;REGIÃO OESTE;16
3215.0;2019-03-31;13.0;19.0;21.0;25.0;665.0;31.0;5.0;13.0;19.0;513.0;31.0;0.0;31.0;816.0;59.0;166.0;5;4;4;4;5;5;4;0;0;0;0;0;0;0;0;1;0;0;0;0;0;0;0;0.0;0.0;0.0;0.0;1.0;0.0;0.0;0.0;0.0;0.0;0.0;0.0;0.0;0.0;0.0;0.0;0.0;0.0;0.0;0.0;0.0;0.0;0.0;0.0;0.0;0.0;0.0;0.0;0.0;0.0;1.0;0.0;0.0;0.0;0.0;1.0;0.0;0.0;0.0;0.0;0.0;0;3;0;0;QUEDAS DO IGUAÇU;REGIÃO OESTE;17
3260.0;2019-04-30;10.0;18.0;20.0;23.0;611.0;28.0;3.0;10.0;18.0;472.0;28.0;0.0;28.0;750.0;23.0;80.0;4;4;4;5;4;4;5;1;0;0;0;0;0;0;0;0;0;0;0;0;0;0;0;0.0;0.0;0.0;0.0;1.0;0.0;0.0;0.0;0.0;0.0;0.0;0.0;0.0;0.0;0.0;0.0;0.0;0.0;0.0;0.0;0.0;0.0;0.0;0.0;0.0;0.0;0.0;0.0;0.0;0.0;1.0;0.0;0.0;0.0;0.0;1.0;0.0;0.0;0.0;0.0;0.0;0;1;0;0;QUEDAS DO IGUAÇU;REGIÃO OESTE;18
3732.0;2019-05-31;8.0;12.0;18.0;23.0;550.0;28.0;8.0;8.0;18.0;437.0;28.0;0.0;28.0;663.0;75.0;254.0;4;5;5;4;5;4;4;0;0;0;0;0;0;0;1;0;0;0;0;0;0;0;0;0.0;0.0;0.0;0.0;1.0;0.0;0.0;0.0;0.0;0.0;0.0;0.0;0.0;0.0;0.0;0.0;0.0;0.0;0.0;0.0;0.0;0.0;0.0;0.0;0.0;0.0;0.0;0.0;0.0;0.0;1.0;0.0;0.0;0.0;0.0;1.0;0.0;0.0;0.0;0.0;0.0;0;0;0;0;QUEDAS DO IGUAÇU;REGIÃO OESTE;19
3610.0;2019-06-30;7.0;11.0;18.0;22.0;527.0;27.0;1.0;7.0;16.0;368.0;27.0;0.0;27.0;687.0;16.0;26.0;5;4;4;4;4;5;4;0;0;0;0;0;0;1;0;0;0;0;0;0;0;0;0;0.0;0.0;0.0;0.0;1.0;0.0;0.0;0.0;0.0;0.0;0.0;0.0;0.0;0.0;0.0;0.0;0.0;0.0;0.0;0.0;0.0;0.0;0.0;0.0;0.0;0.0;0.0;0.0;0.0;0.0;1.0;0.0;0.0;0.0;0.0;1.0;0.0;0.0;0.0;0.0;0.0;0;1;0;0;QUEDAS DO IGUAÇU;REGIÃO OESTE;20
3275.0;2019-07-31;-4.0;3.0;14.0;20.0;435.0;26.0;2.0;-4.0;15.0;267.0;26.0;0.0;26.0;603.0;27.0;68.0;4;5;4;5;4;4;5;0;0;0;0;0;1;0;0;0;0;0;0;0;0;0;0;0.0;0.0;0.0;0.0;1.0;0.0;0.0;0.0;0.0;0.0;0.0;0.0;0.0;0.0;0.0;0.0;0.0;0.0;0.0;0.0;0.0;0.0;0.0;0.0;0.0;0.0;0.0;0.0;0.0;0.0;1.0;0.0;0.0;0.0;0.0;1.0;0.0;0.0;0.0;0.0;0.0;16;0;0;0;QUEDAS DO IGUAÇU;REGIÃO OESTE;21
3798.0;2019-08-31;-0.0;7.0;16.0;22.0;506.0;31.0;1.0;-0.0;16.0;300.0;31.0;0.0;31.0;712.0;16.0;25.0;4;4;5;4;5;5;4;0;1;0;0;0;0;0;0;0;0;0;0;0;0;0;0;0.0;0.0;0.0;0.0;1.0;0.0;0.0;0.0;0.0;0.0;0.0;0.0;0.0;0.0;0.0;0.0;0.0;0.0;0.0;0.0;0.0;0.0;0.0;0.0;0.0;0.0;0.0;0.0;0.0;0.0;1.0;0.0;0.0;0.0;0.0;1.0;0.0;0.0;0.0;0.0;0.0;0;0;0;0;QUEDAS DO IGUAÇU;REGIÃO OESTE;22
3746.0;2019-09-30;7.0;14.0;20.0;27.0;597.0;34.0;1.0;7.0;19.0;417.0;34.0;0.0;34.0;778.0;18.0;40.0;5;4;4;5;4;4;4;0;0;0;0;0;0;0;0;0;0;0;1;0;0;0;0;0.0;0.0;0.0;0.0;1.0;0.0;0.0;0.0;0.0;0.0;0.0;0.0;0.0;0.0;0.0;0.0;0.0;0.0;0.0;0.0;0.0;0.0;0.0;0.0;0.0;0.0;0.0;0.0;0.0;0.0;1.0;0.0;0.0;0.0;0.0;1.0;0.0;0.0;0.0;0.0;0.0;0;0;0;0;QUEDAS DO IGUAÇU;REGIÃO OESTE;23
3560.0;2019-10-31;11.0;17.0;23.0;28.0;700.0;35.0;5.0;11.0;21.0;512.0;35.0;0.0;35.0;887.0;56.0;147.0;4;5;5;4;4;4;5;0;0;0;0;0;0;0;0;0;0;1;0;0;0;0;0;0.0;0.0;0.0;0.0;1.0;0.0;0.0;0.0;0.0;0.0;0.0;0.0;0.0;0.0;0.0;0.0;0.0;0.0;0.0;0.0;0.0;0.0;0.0;0.0;0.0;0.0;0.0;0.0;0.0;0.0;1.0;0.0;0.0;0.0;0.0;1.0;0.0;0.0;0.0;0.0;0.0;0;0;0;0;QUEDAS DO IGUAÇU;REGIÃO OESTE;24
3690.0;2019-11-30;12.0;20.0;23.0;26.0;679.0;32.0;6.0;12.0;20.0;513.0;32.0;0.0;32.0;845.0;76.0;170.0;4;4;4;4;5;5;4;0;0;0;0;0;0;0;0;0;1;0;0;0;0;0;0;0.0;0.0;0.0;0.0;1.0;0.0;0.0;0.0;0.0;0.0;0.0;0.0;0.0;0.0;0.0;0.0;0.0;0.0;0.0;0.0;0.0;0.0;0.0;0.0;0.0;0.0;0.0;0.0;0.0;0.0;1.0;0.0;0.0;0.0;0.0;1.0;0.0;0.0;0.0;0.0;0.0;0;0;0;0;QUEDAS DO IGUAÇU;REGIÃO OESTE;25
3109.0;2019-12-31;12.0;19.0;22.0;26.0;682.0;32.0;6.0;12.0;20.0;514.0;32.0;0.0;32.0;850.0;70.0;194.0;5;4;4;5;4;4;5;0;0;1;0;0;0;0;0;0;0;0;0;0;0;0;0;0.0;0.0;0.0;0.0;1.0;0.0;0.0;0.0;0.0;0.0;0.0;0.0;0.0;0.0;0.0;0.0;0.0;0.0;0.0;0.0;0.0;0.0;0.0;0.0;0.0;0.0;0.0;0.0;0.0;0.0;1.0;0.0;0.0;0.0;0.0;1.0;0.0;0.0;0.0;0.0;0.0;0;0;0;0;QUEDAS DO IGUAÇU;REGIÃO OESTE;26
2913.0;2020-01-31;15.0;18.0;23.0;25.0;726.0;32.0;6.0;15.0;21.0;576.0;32.0;0.0;32.0;876.0;85.0;184.0;4;5;5;4;5;4;4;0;0;0;0;1;0;0;0;0;0;0;0;0;0;0;0;0.0;0.0;0.0;0.0;0.0;1.0;0.0;0.0;0.0;0.0;0.0;0.0;0.0;0.0;0.0;0.0;0.0;0.0;0.0;0.0;0.0;0.0;0.0;0.0;0.0;0.0;0.0;0.0;0.0;0.0;1.0;0.0;0.0;0.0;0.0;1.0;0.0;0.0;0.0;0.0;0.0;31;0;0;0;QUEDAS DO IGUAÇU;REGIÃO OESTE;27
3259.0;2020-02-29;11.0;18.0;23.0;26.0;674.0;33.0;5.0;11.0;21.0;516.0;33.0;0.0;33.0;831.0;68.0;132.0;4;4;4;4;4;5;4;0;0;0;1;0;0;0;0;0;0;0;0;0;0;0;0;0.0;0.0;0.0;0.0;0.0;1.0;0.0;0.0;0.0;0.0;0.0;0.0;0.0;0.0;0.0;0.0;0.0;0.0;0.0;0.0;0.0;0.0;0.0;0.0;0.0;0.0;0.0;0.0;0.0;0.0;1.0;0.0;0.0;0.0;0.0;1.0;0.0;0.0;0.0;0.0;1.0;0;3;0;0;QUEDAS DO IGUAÇU;REGIÃO OESTE;28
3068.0;2020-03-31;13.0;20.0;23.0;26.0;702.0;34.0;1.0;13.0;20.0;505.0;34.0;0.0;34.0;899.0;34.0;36.0;5;4;4;5;4;4;5;0;0;0;0;0;0;0;0;1;0;0;0;0;0;0;0;0.0;0.0;0.0;0.0;0.0;1.0;0.0;0.0;0.0;0.0;0.0;0.0;0.0;0.0;0.0;0.0;0.0;0.0;0.0;0.0;0.0;0.0;0.0;0.0;0.0;0.0;0.0;0.0;0.0;0.0;1.0;0.0;0.0;0.0;0.0;1.0;0.0;0.0;0.0;0.0;1.0;0;0;15;0;QUEDAS DO IGUAÇU;REGIÃO OESTE;29
2276.0;2020-04-30;4.0;12.0;18.0;25.0;552.0;32.0;4.0;4.0;19.0;343.0;32.0;0.0;32.0;761.0;62.0;118.0;4;5;5;4;4;4;4;1;0;0;0;0;0;0;0;0;0;0;0;0;0;0;0;0.0;0.0;0.0;0.0;0.0;1.0;0.0;0.0;0.0;0.0;0.0;0.0;0.0;0.0;0.0;0.0;0.0;0.0;0.0;0.0;0.0;0.0;0.0;0.0;0.0;0.0;0.0;0.0;0.0;0.0;1.0;0.0;0.0;0.0;0.0;1.0;0.0;0.0;0.0;0.0;1.0;0;1;30;0;QUEDAS DO IGUAÇU;REGIÃO OESTE;30
2032.0;2020-05-31;2.0;9.0;15.0;20.0;462.0;27.0;7.0;2.0;16.0;271.0;27.0;0.0;27.0;653.0;105.0;210.0;5;4;4;4;5;5;4;0;0;0;0;0;0;0;1;0;0;0;0;0;0;0;0;0.0;0.0;0.0;0.0;0.0;1.0;0.0;0.0;0.0;0.0;0.0;0.0;0.0;0.0;0.0;0.0;0.0;0.0;0.0;0.0;0.0;0.0;0.0;0.0;0.0;0.0;0.0;0.0;0.0;0.0;1.0;0.0;0.0;0.0;0.0;1.0;0.0;0.0;0.0;0.0;1.0;0;0;31;0;QUEDAS DO IGUAÇU;REGIÃO OESTE;31
1942.0;2020-06-30;5.0;9.0;17.0;23.0;502.0;27.0;5.0;5.0;18.0;361.0;27.0;0.0;27.0;642.0;48.0;154.0;4;4;4;5;4;4;5;0;0;0;0;0;0;1;0;0;0;0;0;0;0;0;0;0.0;0.0;0.0;0.0;0.0;1.0;0.0;0.0;0.0;0.0;0.0;0.0;0.0;0.0;0.0;0.0;0.0;0.0;0.0;0.0;0.0;0.0;0.0;0.0;0.0;0.0;0.0;0.0;0.0;0.0;1.0;0.0;0.0;0.0;0.0;1.0;0.0;0.0;0.0;0.0;1.0;0;1;30;0;QUEDAS DO IGUAÇU;REGIÃO OESTE;32
1969.0;2020-07-31;1.0;8.0;16.0;22.0;489.0;26.0;3.0;1.0;17.0;347.0;26.0;0.0;26.0;631.0;64.0;102.0;4;5;5;4;5;4;4;0;0;0;0;0;1;0;0;0;0;0;0;0;0;0;0;0.0;0.0;0.0;0.0;0.0;1.0;0.0;0.0;0.0;0.0;0.0;0.0;0.0;0.0;0.0;0.0;0.0;0.0;0.0;0.0;0.0;0.0;0.0;0.0;0.0;0.0;0.0;0.0;0.0;0.0;1.0;0.0;0.0;0.0;0.0;1.0;0.0;0.0;0.0;0.0;1.0;0;0;31;0;QUEDAS DO IGUAÇU;REGIÃO OESTE;33
2883.0;2020-08-31;-1.0;4.0;18.0;25.0;557.0;30.0;10.0;-1.0;20.0;410.0;30.0;0.0;30.0;703.0;114.0;308.0;5;4;4;5;4;5;4;0;1;0;0;0;0;0;0;0;0;0;0;0;0;0;0;0.0;0.0;0.0;0.0;0.0;1.0;0.0;0.0;0.0;0.0;0.0;0.0;0.0;0.0;0.0;0.0;0.0;0.0;0.0;0.0;0.0;0.0;0.0;0.0;0.0;0.0;0.0;0.0;0.0;0.0;1.0;0.0;0.0;0.0;0.0;1.0;0.0;0.0;0.0;0.0;1.0;0;0;31;0;QUEDAS DO IGUAÇU;REGIÃO OESTE;34
870.0;2020-09-30;9.0;15.0;22.0;30.0;658.0;36.0;3.0;9.0;24.0;499.0;36.0;0.0;36.0;817.0;32.0;81.0;4;5;4;4;4;4;5;0;0;0;0;0;0;0;0;0;0;0;1;0;0;0;0;0.0;0.0;0.0;0.0;0.0;1.0;0.0;0.0;0.0;0.0;0.0;0.0;0.0;0.0;0.0;0.0;0.0;0.0;0.0;0.0;0.0;0.0;0.0;0.0;0.0;0.0;0.0;0.0;0.0;0.0;1.0;0.0;0.0;0.0;0.0;1.0;0.0;0.0;0.0;0.0;1.0;0;0;30;0;QUEDAS DO IGUAÇU;REGIÃO OESTE;35
2015.0;2020-10-31;10.0;17.0;23.0;30.0;721.0;36.0;2.0;10.0;25.0;546.0;36.0;0.0;36.0;896.0;27.0;65.0;4;4;5;4;5;5;4;0;0;0;0;0;0;0;0;0;0;1;0;0;0;0;0;0.0;0.0;0.0;0.0;0.0;1.0;0.0;0.0;0.0;0.0;0.0;0.0;0.0;0.0;0.0;0.0;0.0;0.0;0.0;0.0;0.0;0.0;0.0;0.0;0.0;0.0;0.0;0.0;0.0;0.0;1.0;0.0;0.0;0.0;0.0;1.0;0.0;0.0;0.0;0.0;1.0;0;0;31;0;QUEDAS DO IGUAÇU;REGIÃO OESTE;36
1920.0;2020-11-30;10.0;18.0;22.0;28.0;674.0;34.0;4.0;10.0;22.0;501.0;34.0;0.0;34.0;847.0;68.0;121.0;5;4;4;5;4;4;4;0;0;0;0;0;0;0;0;0;1;0;0;0;0;0;0;0.0;0.0;0.0;0.0;0.0;1.0;0.0;0.0;0.0;0.0;0.0;0.0;0.0;0.0;0.0;0.0;0.0;0.0;0.0;0.0;0.0;0.0;0.0;0.0;0.0;0.0;0.0;0.0;0.0;0.0;1.0;0.0;0.0;0.0;0.0;1.0;0.0;0.0;0.0;0.0;1.0;0;0;30;0;QUEDAS DO IGUAÇU;REGIÃO OESTE;37
1891.0;2020-12-31;14.0;20.0;24.0;26.0;730.0;31.0;9.0;14.0;21.0;577.0;31.0;0.0;31.0;883.0;138.0;266.0;4;5;5;4;4;4;5;0;0;1;0;0;0;0;0;0;0;0;0;0;0;0;0;0.0;0.0;0.0;0.0;0.0;1.0;0.0;0.0;0.0;0.0;0.0;0.0;0.0;0.0;0.0;0.0;0.0;0.0;0.0;0.0;0.0;0.0;0.0;0.0;0.0;0.0;0.0;0.0;0.0;0.0;1.0;0.0;0.0;0.0;0.0;1.0;0.0;0.0;0.0;0.0;1.0;0;0;31;0;QUEDAS DO IGUAÇU;REGIÃO OESTE;38
1922.0;2021-01-31;17.0;19.0;23.0;26.0;710.0;31.0;6.0;17.0;23.0;589.0;31.0;0.0;31.0;832.0;32.0;191.0;5;4;4;4;5;5;4;0;0;0;0;1;0;0;0;0;0;0;0;1;0;0;0;0.0;0.0;0.0;0.0;0.0;0.0;0.0;0.0;0.0;0.0;0.0;0.0;0.0;0.0;0.0;0.0;0.0;0.0;0.0;0.0;0.0;0.0;0.0;0.0;0.0;0.0;0.0;0.0;0.0;0.0;1.0;0.0;0.0;0.0;0.0;1.0;0.0;0.0;0.0;0.0;1.0;0;0;31;0;QUEDAS DO IGUAÇU;REGIÃO OESTE;39
1820.0;2021-02-28;13.0;19.0;23.0;28.0;649.0;33.0;2.0;13.0;22.0;502.0;33.0;0.0;33.0;797.0;22.0;58.0;4;4;4;4;4;4;4;0;0;0;1;0;0;0;0;0;0;0;0;1;0;0;0;0.0;0.0;0.0;0.0;0.0;0.0;0.0;0.0;0.0;0.0;0.0;0.0;0.0;0.0;0.0;0.0;0.0;0.0;0.0;0.0;0.0;0.0;0.0;0.0;0.0;0.0;0.0;0.0;0.0;0.0;1.0;0.0;0.0;0.0;0.0;1.0;0.0;0.0;0.0;0.0;1.0;0;3;28;0;QUEDAS DO IGUAÇU;REGIÃO OESTE;40
2015.0;2021-03-31;13.0;18.0;24.0;27.0;729.0;34.0;1.0;13.0;21.0;571.0;34.0;0.0;34.0;887.0;12.0;36.0;4;5;4;5;4;4;5;0;0;0;0;0;0;0;0;1;0;0;0;1;0;0;0;0.0;0.0;0.0;0.0;0.0;0.0;0.0;0.0;0.0;0.0;0.0;0.0;0.0;0.0;0.0;0.0;0.0;0.0;0.0;0.0;0.0;0.0;0.0;0.0;0.0;0.0;0.0;0.0;0.0;0.0;1.0;0.0;0.0;0.0;0.0;1.0;0.0;0.0;0.0;0.0;1.0;0;0;31;0;QUEDAS DO IGUAÇU;REGIÃO OESTE;41
1680.0;2021-04-30;8.0;15.0;21.0;25.0;622.0;30.0;1.0;8.0;20.0;466.0;30.0;0.0;30.0;778.0;18.0;23.0;4;4;5;4;5;4;4;1;0;0;0;0;0;0;0;0;0;0;0;1;0;0;0;0.0;0.0;0.0;0.0;0.0;0.0;0.0;0.0;0.0;0.0;0.0;0.0;0.0;0.0;0.0;0.0;0.0;0.0;0.0;0.0;0.0;0.0;0.0;0.0;0.0;0.0;0.0;0.0;0.0;0.0;1.0;0.0;0.0;0.0;0.0;1.0;0.0;0.0;0.0;0.0;1.0;0;1;30;0;QUEDAS DO IGUAÇU;REGIÃO OESTE;42
1643.0;2021-05-31;5.0;11.0;18.0;24.0;546.0;29.0;1.0;5.0;19.0;390.0;29.0;0.0;29.0;702.0;24.0;42.0;5;4;4;5;4;5;4;0;0;0;0;0;0;0;1;0;0;0;0;1;0;0;0;0.0;0.0;0.0;0.0;0.0;0.0;0.0;0.0;0.0;0.0;0.0;0.0;0.0;0.0;0.0;0.0;0.0;0.0;0.0;0.0;0.0;0.0;0.0;0.0;0.0;0.0;0.0;0.0;0.0;0.0;1.0;0.0;0.0;0.0;0.0;1.0;0.0;0.0;0.0;0.0;1.0;0;0;31;0;QUEDAS DO IGUAÇU;REGIÃO OESTE;43
1680.0;2021-06-30;-1.0;4.0;15.0;23.0;450.0;27.0;5.0;-1.0;18.0;332.0;27.0;0.0;27.0;569.0;42.0;147.0;4;5;4;4;4;4;5;0;0;0;0;0;0;1;0;0;0;0;0;1;0;0;0;0.0;0.0;0.0;0.0;0.0;0.0;0.0;0.0;0.0;0.0;0.0;0.0;0.0;0.0;0.0;0.0;0.0;0.0;0.0;0.0;0.0;0.0;0.0;0.0;0.0;0.0;0.0;0.0;0.0;0.0;1.0;0.0;0.0;0.0;0.0;1.0;0.0;0.0;0.0;0.0;1.0;0;1;30;0;QUEDAS DO IGUAÇU;REGIÃO OESTE;44
1674.0;2021-07-31;-2.0;5.0;15.0;23.0;469.0;28.0;2.0;-2.0;18.0;303.0;28.0;0.0;28.0;635.0;19.0;47.0;4;4;5;4;5;5;4;0;0;0;0;0;1;0;0;0;0;0;0;1;0;0;0;0.0;0.0;0.0;0.0;0.0;0.0;0.0;0.0;0.0;0.0;0.0;0.0;0.0;0.0;0.0;0.0;0.0;0.0;0.0;0.0;0.0;0.0;0.0;0.0;0.0;0.0;0.0;0.0;0.0;0.0;1.0;0.0;0.0;0.0;0.0;1.0;0.0;0.0;0.0;0.0;1.0;0;0;31;0;QUEDAS DO IGUAÇU;REGIÃO OESTE;45
1891.0;2021-08-31;6.0;12.0;19.0;26.0;598.0;32.0;2.0;6.0;22.0;442.0;32.0;0.0;32.0;753.0;31.0;74.0;5;4;4;5;4;4;5;0;1;0;0;0;0;0;0;0;0;0;0;1;0;0;0;0.0;0.0;0.0;0.0;0.0;0.0;0.0;0.0;0.0;0.0;0.0;0.0;0.0;0.0;0.0;0.0;0.0;0.0;0.0;0.0;0.0;0.0;0.0;0.0;0.0;0.0;0.0;0.0;0.0;0.0;1.0;0.0;0.0;0.0;0.0;1.0;0.0;0.0;0.0;0.0;1.0;0;0;31;0;QUEDAS DO IGUAÇU;REGIÃO OESTE;46
2070.0;2021-09-30;9.0;15.0;22.0;29.0;658.0;35.0;3.0;9.0;24.0;508.0;35.0;0.0;35.0;807.0;35.0;86.0;4;5;5;4;4;4;4;0;0;0;0;0;0;0;0;0;0;0;1;1;0;0;0;0.0;0.0;0.0;0.0;0.0;0.0;0.0;0.0;0.0;0.0;0.0;0.0;0.0;0.0;0.0;0.0;0.0;0.0;0.0;0.0;0.0;0.0;0.0;0.0;0.0;0.0;0.0;0.0;0.0;0.0;1.0;0.0;0.0;0.0;0.0;1.0;0.0;0.0;0.0;0.0;1.0;0;0;30;0;QUEDAS DO IGUAÇU;REGIÃO OESTE;47
2015.0;2021-10-31;11.0;17.0;20.0;25.0;630.0;30.0;16.0;11.0;20.0;502.0;30.0;0.0;30.0;759.0;154.0;495.0;5;4;4;4;5;5;4;0;0;0;0;0;0;0;0;0;0;1;0;1;0;0;0;0.0;0.0;0.0;0.0;0.0;0.0;0.0;0.0;0.0;0.0;0.0;0.0;0.0;0.0;0.0;0.0;0.0;0.0;0.0;0.0;0.0;0.0;0.0;0.0;0.0;0.0;0.0;0.0;0.0;0.0;1.0;0.0;0.0;0.0;0.0;1.0;0.0;0.0;0.0;0.0;1.0;0;0;0;0;QUEDAS DO IGUAÇU;REGIÃO OESTE;48
2820.0;2021-11-30;14.0;20.0;24.0;27.0;709.0;33.0;2.0;14.0;23.0;545.0;33.0;0.0;33.0;872.0;17.0;61.0;4;4;4;5;4;4;5;0;0;0;0;0;0;0;0;0;1;0;0;1;0;0;0;0.0;0.0;0.0;0.0;0.0;0.0;0.0;0.0;0.0;0.0;0.0;0.0;0.0;0.0;0.0;0.0;0.0;0.0;0.0;0.0;0.0;0.0;0.0;0.0;0.0;0.0;0.0;0.0;0.0;0.0;1.0;0.0;0.0;0.0;0.0;1.0;0.0;0.0;0.0;0.0;1.0;0;0;0;0;QUEDAS DO IGUAÇU;REGIÃO OESTE;49
3441.0;2021-12-31;14.0;21.0;25.0;28.0;788.0;35.0;1.0;14.0;23.0;591.0;35.0;0.0;35.0;985.0;19.0;43.0;4;5;5;4;5;4;4;0;0;1;0;0;0;0;0;0;0;0;0;1;0;0;0;0.0;0.0;0.0;0.0;0.0;0.0;0.0;0.0;0.0;0.0;0.0;0.0;0.0;0.0;0.0;0.0;0.0;0.0;0.0;0.0;0.0;0.0;0.0;0.0;0.0;0.0;0.0;0.0;0.0;0.0;1.0;0.0;0.0;0.0;0.0;1.0;0.0;0.0;0.0;0.0;1.0;0;0;0;0;QUEDAS DO IGUAÇU;REGIÃO OESTE;50
3627.0;2022-01-31;17.0;21.0;26.0;31.0;808.0;37.0;8.0;17.0;25.0;637.0;37.0;0.0;37.0;980.0;55.0;245.0;5;4;4;5;4;5;4;0;0;0;0;1;0;0;0;0;0;0;0;0;1;0;0;0.0;0.0;0.0;0.0;0.0;0.0;0.0;0.0;0.0;0.0;0.0;0.0;0.0;0.0;0.0;0.0;0.0;0.0;0.0;0.0;0.0;0.0;0.0;0.0;0.0;0.0;0.0;0.0;0.0;0.0;1.0;0.0;0.0;0.0;0.0;1.0;0.0;0.0;0.0;0.0;1.0;31;0;0;0;QUEDAS DO IGUAÇU;REGIÃO OESTE;51
3864.0;2022-02-28;13.0;20.0;25.0;29.0;712.0;34.0;6.0;13.0;24.0;555.0;34.0;0.0;34.0;868.0;43.0;169.0;4;4;4;4;4;4;4;0;0;0;1;0;0;0;0;0;0;0;0;0;1;0;0;0.0;0.0;0.0;0.0;0.0;0.0;0.0;0.0;0.0;0.0;0.0;0.0;0.0;0.0;0.0;0.0;0.0;0.0;0.0;0.0;0.0;0.0;0.0;0.0;0.0;0.0;0.0;0.0;0.0;0.0;1.0;0.0;0.0;0.0;0.0;1.0;0.0;0.0;0.0;0.0;1.0;0;1;0;0;QUEDAS DO IGUAÇU;REGIÃO OESTE;52
4278.0;2022-03-31;9.0;14.0;23.0;28.0;703.0;33.0;11.0;9.0;23.0;565.0;33.0;0.0;33.0;840.0;100.0;353.0;4;5;5;4;4;4;5;0;0;0;0;0;0;0;0;1;0;0;0;0;1;0;0;0.0;0.0;0.0;0.0;0.0;0.0;0.0;0.0;0.0;0.0;0.0;0.0;0.0;0.0;0.0;0.0;0.0;0.0;0.0;0.0;0.0;0.0;0.0;0.0;0.0;0.0;0.0;0.0;0.0;0.0;1.0;0.0;0.0;0.0;0.0;1.0;0.0;0.0;0.0;0.0;1.0;0;1;0;0;QUEDAS DO IGUAÇU;REGIÃO OESTE;53
4320.0;2022-04-30;7.0;14.0;20.0;26.0;607.0;30.0;18.0;7.0;22.0;482.0;30.0;0.0;30.0;732.0;118.0;546.0;4;4;4;4;5;5;4;1;0;0;0;0;0;0;0;0;0;0;0;0;1;0;0;0.0;0.0;0.0;0.0;0.0;0.0;0.0;0.0;0.0;0.0;0.0;0.0;0.0;0.0;0.0;0.0;0.0;0.0;0.0;0.0;0.0;0.0;0.0;0.0;0.0;0.0;0.0;0.0;0.0;0.0;1.0;0.0;0.0;0.0;0.0;1.0;0.0;0.0;0.0;0.0;1.0;0;1;0;0;QUEDAS DO IGUAÇU;REGIÃO OESTE;54
4805.0;2022-05-31;4.0;7.0;15.0;20.0;467.0;25.0;7.0;4.0;18.0;359.0;25.0;0.0;25.0;575.0;86.0;215.0;5;4;4;5;4;4;5;0;0;0;0;0;0;0;1;0;0;0;0;0;1;0;0;0.0;0.0;0.0;0.0;0.0;0.0;0.0;0.0;0.0;0.0;0.0;0.0;0.0;0.0;0.0;0.0;0.0;0.0;0.0;0.0;0.0;0.0;0.0;0.0;0.0;0.0;0.0;0.0;0.0;0.0;1.0;0.0;0.0;0.0;0.0;1.0;0.0;0.0;0.0;0.0;1.0;0;0;0;0;QUEDAS DO IGUAÇU;REGIÃO OESTE;55
4170.0;2022-06-30;1.0;7.0;15.0;20.0;442.0;25.0;6.0;1.0;16.0;320.0;25.0;0.0;25.0;564.0;68.0;175.0;4;5;5;4;4;4;4;0;0;0;0;0;0;1;0;0;0;0;0;0;1;0;0;0.0;0.0;0.0;0.0;0.0;0.0;0.0;0.0;0.0;0.0;0.0;0.0;0.0;0.0;0.0;0.0;0.0;0.0;0.0;0.0;0.0;0.0;0.0;0.0;0.0;0.0;0.0;0.0;0.0;0.0;1.0;0.0;0.0;0.0;0.0;1.0;0.0;0.0;0.0;0.0;1.0;0;1;0;0;QUEDAS DO IGUAÇU;REGIÃO OESTE;56
2914.0;2022-07-31;4.0;9.0;19.0;22.0;576.0;27.0;2.0;4.0;18.0;427.0;27.0;0.0;27.0;724.0;33.0;71.0;5;4;4;4;5;5;4;0;0;0;0;0;1;0;0;0;0;0;0;0;1;0;0;0.0;0.0;0.0;0.0;0.0;0.0;0.0;0.0;0.0;0.0;0.0;0.0;0.0;0.0;0.0;0.0;0.0;0.0;0.0;0.0;0.0;0.0;0.0;0.0;0.0;0.0;0.0;0.0;0.0;0.0;1.0;0.0;0.0;0.0;0.0;1.0;0.0;0.0;0.0;0.0;1.0;0;0;0;0;QUEDAS DO IGUAÇU;REGIÃO OESTE;57
3255.0;2022-08-31;0.0;6.0;16.0;23.0;501.0;29.0;8.0;0.0;18.0;357.0;29.0;0.0;29.0;644.0;67.0;250.0;4;5;4;5;4;4;5;0;1;0;0;0;0;0;0;0;0;0;0;0;1;0;0;0.0;0.0;0.0;0.0;0.0;0.0;0.0;0.0;0.0;0.0;0.0;0.0;0.0;0.0;0.0;0.0;0.0;0.0;0.0;0.0;0.0;0.0;0.0;0.0;0.0;0.0;0.0;0.0;0.0;0.0;1.0;0.0;0.0;0.0;0.0;1.0;0.0;0.0;0.0;0.0;1.0;0;0;0;0;QUEDAS DO IGUAÇU;REGIÃO OESTE;58
2520.0;2022-09-30;3.0;10.0;16.0;24.0;479.0;29.0;9.0;3.0;21.0;347.0;29.0;0.0;29.0;610.0;45.0;284.0;4;4;5;4;5;4;4;0;0;0;0;0;0;0;0;0;0;0;1;0;1;0;0;0.0;0.0;0.0;0.0;0.0;0.0;0.0;0.0;0.0;0.0;0.0;0.0;0.0;0.0;0.0;0.0;0.0;0.0;0.0;0.0;0.0;0.0;0.0;0.0;0.0;0.0;0.0;0.0;0.0;0.0;1.0;0.0;0.0;0.0;0.0;1.0;0.0;0.0;0.0;0.0;1.0;0;0;0;0;QUEDAS DO IGUAÇU;REGIÃO OESTE;59
2759.0;2022-10-31;10.0;14.0;19.0;25.0;592.0;31.0;18.0;10.0;20.0;458.0;31.0;0.0;31.0;726.0;150.0;557.0;5;4;4;5;4;5;4;0;0;0;0;0;0;0;0;0;0;1;0;0;1;0;0;0.0;0.0;0.0;0.0;0.0;0.0;0.0;0.0;0.0;0.0;0.0;0.0;0.0;0.0;0.0;0.0;0.0;0.0;0.0;0.0;0.0;0.0;0.0;0.0;0.0;0.0;0.0;0.0;0.0;0.0;1.0;0.0;0.0;0.0;0.0;1.0;0.0;0.0;0.0;0.0;1.0;0;0;0;0;QUEDAS DO IGUAÇU;REGIÃO OESTE;60
3000.0;2022-11-30;4.0;11.0;20.0;24.0;600.0;30.0;10.0;4.0;20.0;419.0;30.0;0.0;30.0;780.0;143.0;306.0;4;5;4;4;4;4;5;0;0;0;0;0;0;0;0;0;1;0;0;0;1;0;0;0.0;0.0;0.0;0.0;0.0;0.0;0.0;0.0;0.0;0.0;0.0;0.0;0.0;0.0;0.0;0.0;0.0;0.0;0.0;0.0;0.0;0.0;0.0;0.0;0.0;0.0;0.0;0.0;0.0;0.0;1.0;0.0;0.0;0.0;0.0;1.0;0.0;0.0;0.0;0.0;1.0;0;0;0;0;QUEDAS DO IGUAÇU;REGIÃO OESTE;61
2573.0;2022-12-31;14.0;21.0;24.0;28.0;741.0;33.0;5.0;14.0;23.0;572.0;33.0;0.0;33.0;911.0;35.0;143.0;4;4;5;4;5;5;4;0;0;1;0;0;0;0;0;0;0;0;0;0;1;0;0;0.0;0.0;0.0;0.0;0.0;0.0;0.0;0.0;0.0;0.0;0.0;0.0;0.0;0.0;0.0;0.0;0.0;0.0;0.0;0.0;0.0;0.0;0.0;0.0;0.0;0.0;0.0;0.0;0.0;0.0;1.0;0.0;0.0;0.0;0.0;1.0;0.0;0.0;0.0;0.0;1.0;0;0;0;0;QUEDAS DO IGUAÇU;REGIÃO OESTE;62
1736.0;2023-01-31;15.0;21.0;24.0;27.0;743.0;33.0;11.0;15.0;23.0;591.0;33.0;0.0;33.0;894.0;65.0;344.0;5;4;4;5;4;4;5;0;0;0;0;1;0;0;0;0;0;0;0;0;0;1;0;0.0;0.0;0.0;0.0;0.0;0.0;0.0;0.0;0.0;0.0;0.0;0.0;0.0;0.0;0.0;0.0;0.0;0.0;0.0;0.0;0.0;0.0;0.0;0.0;0.0;0.0;0.0;0.0;0.0;0.0;1.0;0.0;0.0;0.0;0.0;1.0;0.0;0.0;0.0;0.0;1.0;31;0;0;0;QUEDAS DO IGUAÇU;REGIÃO OESTE;63
2688.0;2023-02-28;8.0;15.0;23.0;26.0;635.0;32.0;19.0;8.0;21.0;508.0;32.0;0.0;32.0;762.0;105.0;536.0;4;4;4;4;4;4;4;0;0;0;1;0;0;0;0;0;0;0;0;0;0;1;0;0.0;0.0;0.0;0.0;0.0;0.0;0.0;0.0;0.0;0.0;0.0;0.0;0.0;0.0;0.0;0.0;0.0;0.0;0.0;0.0;0.0;0.0;0.0;0.0;0.0;0.0;0.0;0.0;0.0;0.0;1.0;0.0;0.0;0.0;0.0;1.7142857142857142;0.0;0.0;0.0;0.0;1.0;0;3;0;0;QUEDAS DO IGUAÇU;REGIÃO OESTE;64
4371.0;2023-03-31;14.0;20.0;24.0;27.0;734.0;31.0;7.0;14.0;22.0;598.0;31.0;0.0;31.0;869.0;74.0;229.0;4;5;5;4;5;4;4;0;0;0;0;0;0;0;0;1;0;0;0;0;0;1;0;0.0;0.0;0.0;0.0;0.0;0.0;0.0;0.0;0.0;0.0;0.0;0.0;0.0;0.0;0.0;0.0;0.0;0.0;0.0;0.0;0.0;0.0;0.0;0.0;0.0;0.0;0.0;0.0;0.0;0.0;1.0;0.0;0.0;0.0;0.0;2.0;0.0;0.0;0.0;0.0;1.0;0;0;0;0;QUEDAS DO IGUAÇU;REGIÃO OESTE;65
3090.0;2023-04-30;8.0;14.0;20.0;25.0;599.0;30.0;4.0;8.0;21.0;462.0;30.0;0.0;30.0;736.0;61.0;122.0;5;4;4;4;4;5;4;1;0;0;0;0;0;0;0;0;0;0;0;0;0;1;0;0.0;0.0;0.0;0.0;0.0;0.0;0.0;0.0;0.0;0.0;0.0;0.0;0.0;0.0;0.0;0.0;0.0;0.0;0.0;0.0;0.0;0.0;0.0;0.0;0.0;0.0;0.0;0.0;0.0;0.0;1.0;0.0;0.0;0.0;0.0;2.0;0.0;0.0;0.0;0.0;1.0;0;1;0;0;QUEDAS DO IGUAÇU;REGIÃO OESTE;66
3472.0;2023-05-31;7.0;13.0;19.0;23.0;576.0;26.0;8.0;7.0;20.0;447.0;26.0;0.0;26.0;705.0;57.0;238.0;4;5;4;5;4;4;5;0;0;0;0;0;0;0;1;0;0;0;0;0;0;1;0;0.0;0.0;0.0;0.0;0.0;0.0;0.0;0.0;0.0;0.0;0.0;0.0;0.0;0.0;0.0;0.0;0.0;0.0;0.0;0.0;0.0;0.0;0.0;0.0;0.0;0.0;0.0;0.0;0.0;0.0;1.0;0.0;0.0;0.0;0.0;2.0;0.0;0.0;0.0;0.0;1.0;0;0;0;0;QUEDAS DO IGUAÇU;REGIÃO OESTE;67
3000.0;2023-06-30;4.0;7.0;16.0;20.0;494.0;25.0;4.0;4.0;17.0;377.0;25.0;0.0;25.0;612.0;60.0;116.0;4;4;5;4;5;4;4;0;0;0;0;0;0;1;0;0;0;0;0;0;0;1;0;0.0;0.0;0.0;0.0;0.0;0.0;0.0;0.0;0.0;0.0;0.0;0.0;0.0;0.0;0.0;0.0;0.0;0.0;0.0;0.0;0.0;0.0;0.0;0.0;0.0;0.0;0.0;0.0;0.0;0.0;1.0;0.0;0.0;0.0;0.0;2.0;0.0;0.0;0.0;0.0;1.0;0;1;0;0;QUEDAS DO IGUAÇU;REGIÃO OESTE;68
2418.0;2023-07-31;3.0;8.0;17.0;21.0;539.0;26.0;5.0;3.0;18.0;411.0;26.0;0.0;26.0;667.0;69.0;166.0;5;4;4;5;4;5;4;0;0;0;0;0;1;0;0;0;0;0;0;0;0;1;0;0.0;0.0;0.0;0.0;0.0;0.0;0.0;0.0;0.0;0.0;0.0;0.0;0.0;0.0;0.0;0.0;0.0;0.0;0.0;0.0;0.0;0.0;0.0;0.0;0.0;0.0;0.0;0.0;0.0;0.0;1.0;0.0;0.0;0.0;0.0;2.0;0.0;0.0;0.0;0.0;1.0;15;0;0;0;QUEDAS DO IGUAÇU;REGIÃO OESTE;69
3968.0;2023-08-31;4.0;11.0;19.0;25.0;579.0;30.0;7.0;4.0;21.0;428.0;30.0;0.0;30.0;730.0;116.0;225.0;4;5;5;4;4;4;5;0;1;0;0;0;0;0;0;0;0;0;0;0;0;1;0;0.0;0.0;0.0;0.0;0.0;0.0;0.0;0.0;0.0;0.0;0.0;0.0;0.0;0.0;0.0;0.0;0.0;0.0;0.0;0.0;0.0;0.0;0.0;0.0;0.0;0.0;0.0;0.0;0.0;0.0;1.0;0.0;0.0;0.0;0.0;2.0;0.0;0.0;0.0;0.0;1.0;0;0;0;0;QUEDAS DO IGUAÇU;REGIÃO OESTE;70
3480.0;2023-09-30;7.0;12.0;22.0;29.0;648.0;34.0;6.0;7.0;25.0;521.0;34.0;0.0;34.0;776.0;97.0;183.0;4;4;4;4;5;5;4;0;0;0;0;0;0;0;0;0;0;0;1;0;0;1;0;0.0;0.0;0.0;0.0;0.0;0.0;0.0;0.0;0.0;0.0;0.0;0.0;0.0;0.0;0.0;0.0;0.0;0.0;0.0;0.0;0.0;0.0;0.0;0.0;0.0;0.0;0.0;0.0;0.0;0.0;1.0;0.0;0.0;0.0;0.0;2.0;0.0;0.0;0.0;0.0;1.0;0;0;0;0;QUEDAS DO IGUAÇU;REGIÃO OESTE;71
3193.0;2023-10-31;10.0;14.0;21.0;26.0;643.0;32.0;12.0;10.0;21.0;529.0;32.0;0.0;32.0;757.0;82.0;379.0;5;4;4;5;4;4;5;0;0;0;0;0;0;0;0;0;0;1;0;0;0;1;0;0.0;0.0;0.0;0.0;0.0;0.0;0.0;0.0;0.0;0.0;0.0;0.0;0.0;0.0;0.0;0.0;0.0;0.0;0.0;0.0;0.0;0.0;0.0;0.0;0.0;0.0;0.0;0.0;0.0;0.0;1.0;0.0;0.0;0.0;0.0;2.0;0.0;0.0;0.0;0.0;1.0;0;0;0;0;QUEDAS DO IGUAÇU;REGIÃO OESTE;72
2580.0;2023-11-30;9.0;14.0;23.0;29.0;678.0;33.0;10.0;9.0;26.0;569.0;33.0;0.0;33.0;786.0;67.0;311.0;4;5;5;4;4;4;4;0;0;0;0;0;0;0;0;0;1;0;0;0;0;1;0;0.0;0.0;0.0;0.0;0.0;0.0;0.0;0.0;0.0;0.0;0.0;0.0;0.0;0.0;0.0;0.0;0.0;0.0;0.0;0.0;0.0;0.0;0.0;0.0;0.0;0.0;0.0;0.0;0.0;0.0;1.0;0.0;0.0;0.0;0.0;2.0;0.0;0.0;0.0;0.0;1.0;0;0;0;0;QUEDAS DO IGUAÇU;REGIÃO OESTE;73
2542.0;2023-12-31;16.0;20.0;24.0;28.0;753.0;34.0;6.0;16.0;24.0;627.0;34.0;0.0;34.0;878.0;45.0;192.0;5;4;4;4;5;5;4;0;0;1;0;0;0;0;0;0;0;0;0;0;0;1;0;0.0;0.0;0.0;0.0;0.0;0.0;0.0;0.0;0.0;0.0;0.0;0.0;0.0;0.0;0.0;0.0;0.0;0.0;0.0;0.0;0.0;0.0;0.0;0.0;0.0;0.0;0.0;0.0;0.0;0.0;1.0;0.0;0.0;0.0;0.0;2.0;0.0;0.0;0.0;0.0;1.0;0;0;0;0;QUEDAS DO IGUAÇU;REGIÃO OESTE;74
2046.0;2024-01-31;14.0;20.0;24.0;28.0;751.0;33.0;7.0;14.0;24.0;606.0;33.0;0.0;33.0;895.0;66.0;216.0;4;5;4;5;4;4;5;0;0;0;0;1;0;0;0;0;0;0;0;0;0;0;1;0.0;0.0;0.0;0.0;0.0;0.0;0.0;0.0;0.0;0.0;0.0;0.0;0.0;0.0;0.0;0.0;0.0;0.0;0.0;0.0;0.0;0.0;0.0;0.0;0.0;0.0;0.0;0.0;0.0;0.0;1.0;0.0;0.0;0.0;0.0;2.0;0.0;0.0;0.0;0.0;1.0;31;0;0;0;QUEDAS DO IGUAÇU;REGIÃO OESTE;75
2784.0;2024-02-29;18.0;21.0;25.0;29.0;737.0;34.0;3.0;18.0;23.0;599.0;34.0;0.0;34.0;875.0;30.0;98.0;4;4;5;4;4;4;4;0;0;0;1;0;0;0;0;0;0;0;0;0;0;0;1;0.0;0.0;0.0;0.0;0.0;0.0;0.0;0.0;0.0;0.0;0.0;0.0;0.0;0.0;0.0;0.0;0.0;0.0;0.0;0.0;0.0;0.0;0.0;0.0;0.0;0.0;0.0;0.0;0.0;0.0;1.0;0.0;0.0;0.0;0.0;2.0;0.0;0.0;0.0;0.0;1.0;0;3;0;0;QUEDAS DO IGUAÇU;REGIÃO OESTE;76
3937.0;2024-03-31;16.0;21.0;24.0;28.0;756.0;34.0;7.0;16.0;25.0;619.0;34.0;0.0;34.0;893.0;46.0;202.0;5;4;4;4;5;5;4;0;0;0;0;0;0;0;0;1;0;0;0;0;0;0;1;0.0;0.0;0.0;0.0;0.0;0.0;0.0;0.0;0.0;0.0;0.0;0.0;0.0;0.0;0.0;0.0;0.0;0.0;0.0;0.0;0.0;0.0;0.0;0.0;0.0;0.0;0.0;0.0;0.0;0.0;1.0;0.0;0.0;0.0;0.0;2.0;0.0;0.0;0.0;0.0;1.0;0;1;0;0;QUEDAS DO IGUAÇU;REGIÃO OESTE;77
2670.0;2024-04-30;10.0;17.0;23.0;27.0;677.0;31.0;4.0;10.0;23.0;567.0;31.0;0.0;31.0;786.0;42.0;134.0;4;4;4;5;4;4;5;1;0;0;0;0;0;0;0;0;0;0;0;0;0;0;1;0.0;0.0;0.0;0.0;0.0;0.0;0.0;0.0;0.0;0.0;0.0;0.0;0.0;0.0;0.0;0.0;0.0;0.0;0.0;0.0;0.0;0.0;0.0;0.0;0.0;0.0;0.0;0.0;0.0;0.0;1.0;0.0;0.0;0.0;0.0;2.0;0.0;0.0;0.0;0.0;1.0;0;0;0;0;QUEDAS DO IGUAÇU;REGIÃO OESTE;78
2108.0;2024-05-31;3.0;7.0;18.0;25.0;543.0;29.0;3.0;3.0;22.0;435.0;29.0;0.0;29.0;652.0;26.0;83.0;4;5;5;4;5;4;4;0;0;0;0;0;0;0;1;0;0;0;0;0;0;0;1;0.0;0.0;0.0;0.0;0.0;0.0;0.0;0.0;0.0;0.0;0.0;0.0;0.0;0.0;0.0;0.0;0.0;0.0;0.0;0.0;0.0;0.0;0.0;0.0;0.0;0.0;0.0;0.0;0.0;0.0;1.0;0.0;0.0;0.0;0.0;2.0;0.0;0.0;0.0;0.0;1.0;0;1;0;30;QUEDAS DO IGUAÇU;REGIÃO OESTE;79
2160.0;2024-06-30;1.0;7.0;19.0;23.0;562.0;27.0;1.0;1.0;20.0;452.0;27.0;0.0;27.0;673.0;17.0;26.0;5;4;4;4;4;5;4;0;0;0;0;0;0;1;0;0;0;0;0;0;0;0;1;0.0;0.0;0.0;0.0;0.0;0.0;0.0;0.0;0.0;0.0;0.0;0.0;0.0;0.0;0.0;0.0;0.0;0.0;0.0;0.0;0.0;0.0;0.0;0.0;0.0;0.0;0.0;0.0;0.0;0.0;1.0;0.0;0.0;0.0;0.0;2.0;0.0;0.0;0.0;0.0;1.0;0;0;0;30;QUEDAS DO IGUAÇU;REGIÃO OESTE;80
3472.0;2024-07-31;2.0;7.0;15.0;21.0;473.0;26.0;7.0;2.0;18.0;358.0;26.0;0.0;26.0;589.0;54.0;203.0;4;5;4;5;4;4;5;0;0;0;0;0;1;0;0;0;0;0;0;0;0;0;1;0.0;0.0;0.0;0.0;0.0;0.0;0.0;0.0;0.0;0.0;0.0;0.0;0.0;0.0;0.0;0.0;0.0;0.0;0.0;0.0;0.0;0.0;0.0;0.0;0.0;0.0;0.0;0.0;0.0;0.0;1.0;0.0;0.0;0.0;0.0;2.0;0.0;0.0;0.0;0.0;1.0;12;0;0;0;QUEDAS DO IGUAÇU;REGIÃO OESTE;81
2883.0;2024-08-31;1.0;7.0;18.0;26.0;554.0;31.0;1.0;1.0;21.0;407.0;31.0;0.0;31.0;701.0;10.0;22.0;4;4;5;4;5;5;4;0;1;0;0;0;0;0;0;0;0;0;0;0;0;0;1;0.0;0.0;0.0;0.0;0.0;0.0;0.0;0.0;0.0;0.0;0.0;0.0;0.0;0.0;0.0;0.0;0.0;0.0;0.0;0.0;0.0;0.0;0.0;0.0;0.0;0.0;0.0;0.0;0.0;0.0;1.0;0.0;0.0;0.0;0.0;2.0;0.0;0.0;0.0;0.0;1.0;0;0;0;0;QUEDAS DO IGUAÇU;REGIÃO OESTE;82
3090.0;2024-09-30;8.0;15.0;22.0;29.0;659.0;33.0;1.0;8.0;24.0;515.0;33.0;0.0;33.0;803.0;12.0;40.0;5;4;4;5;4;4;4;0;0;0;0;0;0;0;0;0;0;0;1;0;0;0;1;0.0;0.0;0.0;0.0;0.0;0.0;0.0;0.0;0.0;0.0;0.0;0.0;0.0;0.0;0.0;0.0;0.0;0.0;0.0;0.0;0.0;0.0;0.0;0.0;0.0;0.0;0.0;0.0;0.0;0.0;1.0;0.0;0.0;0.0;0.0;2.0;0.0;0.0;0.0;0.0;1.0;0;0;0;0;QUEDAS DO IGUAÇU;REGIÃO OESTE;83
3534.0;2024-10-31;11.0;18.0;22.0;28.0;689.0;33.0;3.0;11.0;24.0;541.0;33.0;0.0;33.0;838.0;25.0;104.0;4;5;5;4;4;4;5;0;0;0;0;0;0;0;0;0;0;1;0;0;0;0;1;0.0;0.0;0.0;0.0;0.0;0.0;0.0;0.0;0.0;0.0;0.0;0.0;0.0;0.0;0.0;0.0;0.0;0.0;0.0;0.0;0.0;0.0;0.0;0.0;0.0;0.0;0.0;0.0;0.0;0.0;1.0;0.0;0.0;0.0;0.0;2.0;0.0;0.0;0.0;0.0;1.0;0;0;0;0;QUEDAS DO IGUAÇU;REGIÃO OESTE;84
15168.0;2017-10-31;7.0;16.0;21.0;27.0;641.0;34.0;16.0;7.0;19.0;458.0;34.0;0.0;34.0;824.0;102.0;483.0;5;4;4;5;4;4;5;0;0;0;0;0;0;0;0;0;0;1;0;0;0;0;0;0.0;0.0;1.0;0.0;0.0;0.0;0.0;0.0;0.0;0.0;0.0;0.0;0.0;0.0;0.0;0.0;0.0;0.0;0.0;0.0;0.0;0.0;0.0;0.0;0.0;0.0;0.0;0.0;0.0;0.0;0.0;1.0;0.0;0.0;0.0;3.0;0.0;0.0;0.0;3.0;1.0;0;0;0;0;TELÊMACO BORBA;REGIÃO CENTRAL;1
15206.0;2017-11-30;11.0;17.0;21.0;25.0;637.0;33.0;6.0;11.0;20.0;479.0;33.0;0.0;33.0;795.0;38.0;182.0;4;5;5;4;4;4;4;0;0;0;0;0;0;0;0;0;1;0;0;0;0;0;0;0.0;0.0;1.0;0.0;0.0;0.0;0.0;0.0;0.0;0.0;0.0;0.0;0.0;0.0;0.0;0.0;0.0;0.0;0.0;0.0;0.0;0.0;0.0;0.0;0.0;0.0;0.0;0.0;0.0;0.0;0.0;1.0;0.0;0.0;0.0;3.0;0.0;0.0;0.0;3.0;1.0;0;0;0;0;TELÊMACO BORBA;REGIÃO CENTRAL;2
13033.0;2017-12-31;15.0;20.0;23.0;28.0;715.0;32.0;4.0;15.0;23.0;588.0;32.0;0.0;32.0;842.0;24.0;125.0;5;4;4;4;5;5;4;0;0;1;0;0;0;0;0;0;0;0;0;0;0;0;0;0.0;0.0;1.0;0.0;0.0;0.0;0.0;0.0;0.0;0.0;0.0;0.0;0.0;0.0;0.0;0.0;0.0;0.0;0.0;0.0;0.0;0.0;0.0;0.0;0.0;0.0;0.0;0.0;0.0;0.0;0.0;1.0;0.0;0.0;0.0;3.0;0.0;0.0;0.0;3.0;1.0;0;0;0;0;TELÊMACO BORBA;REGIÃO CENTRAL;3
9080.0;2018-01-31;16.0;20.0;23.0;25.0;717.0;31.0;7.0;16.0;21.0;591.0;31.0;0.0;31.0;843.0;55.0;231.0;4;5;4;5;4;4;5;0;0;0;0;1;0;0;0;0;0;0;0;0;0;0;0;0.0;0.0;0.0;1.0;0.0;0.0;0.0;0.0;0.0;0.0;0.0;0.0;0.0;0.0;0.0;0.0;0.0;0.0;0.0;0.0;0.0;0.0;0.0;0.0;0.0;0.0;0.0;0.0;0.0;0.0;0.0;1.0;0.0;0.0;0.0;3.0;0.0;0.0;0.0;3.0;1.0;31;0;0;0;TELÊMACO BORBA;REGIÃO CENTRAL;4
13392.0;2018-02-28;15.0;18.0;22.0;25.0;624.0;30.0;3.0;15.0;21.0;493.0;30.0;0.0;30.0;755.0;28.0;71.0;4;4;4;4;4;4;4;0;0;0;1;0;0;0;0;0;0;0;0;0;0;0;0;0.0;0.0;0.0;1.0;0.0;0.0;0.0;0.0;0.0;0.0;0.0;0.0;0.0;0.0;0.0;0.0;0.0;0.0;0.0;0.0;0.0;0.0;0.0;0.0;0.0;0.0;0.0;0.0;0.0;0.0;0.0;1.0;0.0;0.0;0.0;3.8214285714285716;0.0;0.0;0.0;3.0;1.0;0;3;0;0;TELÊMACO BORBA;REGIÃO CENTRAL;5
17654.0;2018-03-31;16.0;20.0;24.0;27.0;733.0;32.0;5.0;16.0;22.0;594.0;32.0;0.0;32.0;873.0;31.0;168.0;4;4;5;4;5;5;4;0;0;0;0;0;0;0;0;1;0;0;0;0;0;0;0;0.0;0.0;0.0;1.0;0.0;0.0;0.0;0.0;0.0;0.0;0.0;0.0;0.0;0.0;0.0;0.0;0.0;0.0;0.0;0.0;0.0;0.0;0.0;0.0;0.0;0.0;0.0;0.0;0.0;0.0;0.0;1.0;0.0;0.0;0.0;4.0;0.0;0.0;0.0;3.0;1.0;0;1;0;0;TELÊMACO BORBA;REGIÃO CENTRAL;6
16378.0;2018-04-30;12.0;19.0;22.0;24.0;659.0;30.0;0.0;12.0;20.0;487.0;30.0;0.0;30.0;831.0;13.0;15.0;5;4;4;5;4;4;4;1;0;0;0;0;0;0;0;0;0;0;0;0;0;0;0;0.0;0.0;0.0;1.0;0.0;0.0;0.0;0.0;0.0;0.0;0.0;0.0;0.0;0.0;0.0;0.0;0.0;0.0;0.0;0.0;0.0;0.0;0.0;0.0;0.0;0.0;0.0;0.0;0.0;0.0;0.0;1.0;0.0;0.0;0.0;4.0;0.0;0.0;0.0;3.0;1.0;0;0;0;0;TELÊMACO BORBA;REGIÃO CENTRAL;7
14422.0;2018-05-31;5.0;13.0;19.0;22.0;577.0;29.0;3.0;5.0;18.0;401.0;29.0;0.0;29.0;752.0;73.0;94.0;4;5;5;4;4;4;5;0;0;0;0;0;0;0;1;0;0;0;0;0;0;0;0;0.0;0.0;0.0;1.0;0.0;0.0;0.0;0.0;0.0;0.0;0.0;0.0;0.0;0.0;0.0;0.0;0.0;0.0;0.0;0.0;0.0;0.0;0.0;0.0;0.0;0.0;0.0;0.0;0.0;0.0;0.0;1.0;0.0;0.0;0.0;4.0;0.0;0.0;0.0;3.0;1.0;0;1;0;0;TELÊMACO BORBA;REGIÃO CENTRAL;8
15882.0;2018-06-30;3.0;11.0;17.0;23.0;497.0;29.0;3.0;3.0;18.0;357.0;29.0;0.0;29.0;637.0;35.0;78.0;4;4;4;4;5;5;4;0;0;0;0;0;0;1;0;0;0;0;0;0;0;0;0;0.0;0.0;0.0;1.0;0.0;0.0;0.0;0.0;0.0;0.0;0.0;0.0;0.0;0.0;0.0;0.0;0.0;0.0;0.0;0.0;0.0;0.0;0.0;0.0;0.0;0.0;0.0;0.0;0.0;0.0;0.0;1.0;0.0;0.0;0.0;4.0;0.0;0.0;0.0;3.0;1.0;0;0;0;0;TELÊMACO BORBA;REGIÃO CENTRAL;9
13018.0;2018-07-31;3.0;10.0;18.0;22.0;554.0;29.0;1.0;3.0;16.0;358.0;29.0;0.0;29.0;750.0;25.0;27.0;5;4;4;5;4;4;5;0;0;0;0;0;1;0;0;0;0;0;0;0;0;0;0;0.0;0.0;0.0;1.0;0.0;0.0;0.0;0.0;0.0;0.0;0.0;0.0;0.0;0.0;0.0;0.0;0.0;0.0;0.0;0.0;0.0;0.0;0.0;0.0;0.0;0.0;0.0;0.0;0.0;0.0;0.0;1.0;0.0;0.0;0.0;4.0;0.0;0.0;0.0;3.0;1.0;16;0;0;0;TELÊMACO BORBA;REGIÃO CENTRAL;10
15297.0;2018-08-31;3.0;11.0;16.0;23.0;505.0;30.0;9.0;3.0;16.0;337.0;30.0;0.0;30.0;673.0;70.0;264.0;4;5;5;4;5;4;4;0;1;0;0;0;0;0;0;0;0;0;0;0;0;0;0;0.0;0.0;0.0;1.0;0.0;0.0;0.0;0.0;0.0;0.0;0.0;0.0;0.0;0.0;0.0;0.0;0.0;0.0;0.0;0.0;0.0;0.0;0.0;0.0;0.0;0.0;0.0;0.0;0.0;0.0;0.0;1.0;0.0;0.0;0.0;4.0;0.0;0.0;0.0;3.0;1.0;0;0;0;0;TELÊMACO BORBA;REGIÃO CENTRAL;11
16042.0;2018-09-30;6.0;14.0;20.0;26.0;588.0;33.0;5.0;6.0;20.0;429.0;33.0;0.0;33.0;747.0;52.0;157.0;5;4;4;4;4;5;4;0;0;0;0;0;0;0;0;0;0;0;1;0;0;0;0;0.0;0.0;0.0;1.0;0.0;0.0;0.0;0.0;0.0;0.0;0.0;0.0;0.0;0.0;0.0;0.0;0.0;0.0;0.0;0.0;0.0;0.0;0.0;0.0;0.0;0.0;0.0;0.0;0.0;0.0;0.0;1.0;0.0;0.0;0.0;4.0;0.0;0.0;0.0;3.0;1.0;0;0;0;0;TELÊMACO BORBA;REGIÃO CENTRAL;12
16466.0;2018-10-31;13.0;15.0;21.0;24.0;640.0;30.0;10.0;13.0;19.0;513.0;30.0;0.0;30.0;766.0;66.0;299.0;4;5;4;5;4;4;5;0;0;0;0;0;0;0;0;0;0;1;0;0;0;0;0;0.0;0.0;0.0;1.0;0.0;0.0;0.0;0.0;0.0;0.0;0.0;0.0;0.0;0.0;0.0;0.0;0.0;0.0;0.0;0.0;0.0;0.0;0.0;0.0;0.0;0.0;0.0;0.0;0.0;0.0;0.0;1.0;0.0;0.0;0.0;4.0;0.0;0.0;0.0;3.0;1.0;0;0;0;0;TELÊMACO BORBA;REGIÃO CENTRAL;13
17798.0;2018-11-30;12.0;18.0;22.0;27.0;652.0;33.0;3.0;12.0;22.0;479.0;33.0;0.0;33.0;824.0;29.0;96.0;4;4;5;4;5;4;4;0;0;0;0;0;0;0;0;0;1;0;0;0;0;0;0;0.0;0.0;0.0;1.0;0.0;0.0;0.0;0.0;0.0;0.0;0.0;0.0;0.0;0.0;0.0;0.0;0.0;0.0;0.0;0.0;0.0;0.0;0.0;0.0;0.0;0.0;0.0;0.0;0.0;0.0;0.0;1.0;0.0;0.0;0.0;4.0;0.0;0.0;0.0;3.0;1.0;0;0;0;0;TELÊMACO BORBA;REGIÃO CENTRAL;14
14400.0;2018-12-31;14.0;18.0;24.0;28.0;748.0;33.0;2.0;14.0;25.0;579.0;33.0;0.0;33.0;918.0;20.0;74.0;5;4;4;5;4;5;4;0;0;1;0;0;0;0;0;0;0;0;0;0;0;0;0;0.0;0.0;0.0;1.0;0.0;0.0;0.0;0.0;0.0;0.0;0.0;0.0;0.0;0.0;0.0;0.0;0.0;0.0;0.0;0.0;0.0;0.0;0.0;0.0;0.0;0.0;0.0;0.0;0.0;0.0;0.0;1.0;0.0;0.0;0.0;4.0;0.0;0.0;0.0;3.0;1.0;0;0;0;0;TELÊMACO BORBA;REGIÃO CENTRAL;15
10767.0;2019-01-31;18.0;23.0;25.0;28.0;786.0;34.0;3.0;18.0;24.0;638.0;34.0;0.0;34.0;934.0;33.0;87.0;4;5;5;4;4;4;5;0;0;0;0;1;0;0;0;0;0;0;0;0;0;0;0;0.0;0.0;0.0;0.0;1.0;0.0;0.0;0.0;0.0;0.0;0.0;0.0;0.0;0.0;0.0;0.0;0.0;0.0;0.0;0.0;0.0;0.0;0.0;0.0;0.0;0.0;0.0;0.0;0.0;0.0;0.0;1.0;0.0;0.0;0.0;4.0;0.0;0.0;0.0;3.0;1.0;31;0;0;0;TELÊMACO BORBA;REGIÃO CENTRAL;16
16380.0;2019-02-28;15.0;19.0;23.0;28.0;655.0;34.0;5.0;15.0;23.0;527.0;34.0;0.0;34.0;783.0;33.0;138.0;4;4;4;4;4;4;4;0;0;0;1;0;0;0;0;0;0;0;0;0;0;0;0;0.0;0.0;0.0;0.0;1.0;0.0;0.0;0.0;0.0;0.0;0.0;0.0;0.0;0.0;0.0;0.0;0.0;0.0;0.0;0.0;0.0;0.0;0.0;0.0;0.0;0.0;0.0;0.0;0.0;0.0;0.0;1.0;0.0;0.0;0.0;4.0;0.0;0.7857142857142857;0.7857142857142857;3.0;1.0;0;0;0;0;TELÊMACO BORBA;REGIÃO CENTRAL;17
19329.0;2019-03-31;15.0;19.0;23.0;26.0;717.0;31.0;3.0;15.0;22.0;579.0;31.0;0.0;31.0;854.0;32.0;105.0;5;4;4;4;5;5;4;0;0;0;0;0;0;0;0;1;0;0;0;0;0;0;0;0.0;0.0;0.0;0.0;1.0;0.0;0.0;0.0;0.0;0.0;0.0;0.0;0.0;0.0;0.0;0.0;0.0;0.0;0.0;0.0;0.0;0.0;0.0;0.0;0.0;0.0;0.0;0.0;0.0;0.0;0.0;1.0;0.0;0.0;0.0;4.0;0.0;1.0;1.0;3.0;1.0;0;3;0;0;TELÊMACO BORBA;REGIÃO CENTRAL;18
19210.0;2019-04-30;12.0;19.0;22.0;25.0;664.0;29.0;2.0;12.0;21.0;527.0;29.0;0.0;29.0;801.0;22.0;51.0;4;4;4;5;4;4;5;1;0;0;0;0;0;0;0;0;0;0;0;0;0;0;0;0.0;0.0;0.0;0.0;1.0;0.0;0.0;0.0;0.0;0.0;0.0;0.0;0.0;0.0;0.0;0.0;0.0;0.0;0.0;0.0;0.0;0.0;0.0;0.0;0.0;0.0;0.0;0.0;0.0;0.0;0.0;1.0;0.0;0.0;0.0;4.0;0.0;1.0;1.0;3.0;1.0;0;1;0;0;TELÊMACO BORBA;REGIÃO CENTRAL;19
17935.0;2019-05-31;8.0;13.0;19.0;25.0;597.0;29.0;5.0;8.0;21.0;478.0;29.0;0.0;29.0;715.0;50.0;157.0;4;5;5;4;5;4;4;0;0;0;0;0;0;0;1;0;0;0;0;0;0;0;0;0.0;0.0;0.0;0.0;1.0;0.0;0.0;0.0;0.0;0.0;0.0;0.0;0.0;0.0;0.0;0.0;0.0;0.0;0.0;0.0;0.0;0.0;0.0;0.0;0.0;0.0;0.0;0.0;0.0;0.0;0.0;1.0;0.0;0.0;0.0;4.0;0.0;1.0;1.0;3.0;1.0;0;0;0;0;TELÊMACO BORBA;REGIÃO CENTRAL;20
15614.0;2019-06-30;6.0;12.0;18.0;23.0;542.0;28.0;2.0;6.0;18.0;383.0;28.0;0.0;28.0;701.0;36.0;60.0;5;4;4;4;4;5;4;0;0;0;0;0;0;1;0;0;0;0;0;0;0;0;0;0.0;0.0;0.0;0.0;1.0;0.0;0.0;0.0;0.0;0.0;0.0;0.0;0.0;0.0;0.0;0.0;0.0;0.0;0.0;0.0;0.0;0.0;0.0;0.0;0.0;0.0;0.0;0.0;0.0;0.0;0.0;1.0;0.0;0.0;0.0;4.0;0.0;1.0;1.0;3.0;1.0;0;1;0;0;TELÊMACO BORBA;REGIÃO CENTRAL;21
12231.0;2019-07-31;-2.0;7.0;16.0;22.0;511.0;28.0;2.0;-2.0;18.0;329.0;28.0;0.0;28.0;693.0;26.0;60.0;4;5;4;5;4;4;5;0;0;0;0;0;1;0;0;0;0;0;0;0;0;0;0;0.0;0.0;0.0;0.0;1.0;0.0;0.0;0.0;0.0;0.0;0.0;0.0;0.0;0.0;0.0;0.0;0.0;0.0;0.0;0.0;0.0;0.0;0.0;0.0;0.0;0.0;0.0;0.0;0.0;0.0;0.0;1.0;0.0;0.0;0.0;4.0;0.0;1.0;1.0;3.0;1.0;16;0;0;0;TELÊMACO BORBA;REGIÃO CENTRAL;22
15683.0;2019-08-31;3.0;10.0;17.0;22.0;539.0;30.0;0.0;3.0;17.0;351.0;30.0;0.0;30.0;727.0;3.0;4.0;4;4;5;4;5;5;4;0;1;0;0;0;0;0;0;0;0;0;0;0;0;0;0;0.0;0.0;0.0;0.0;1.0;0.0;0.0;0.0;0.0;0.0;0.0;0.0;0.0;0.0;0.0;0.0;0.0;0.0;0.0;0.0;0.0;0.0;0.0;0.0;0.0;0.0;0.0;0.0;0.0;0.0;0.0;1.0;0.0;0.0;0.0;4.0;0.0;1.0;1.0;3.0;1.0;0;0;0;0;TELÊMACO BORBA;REGIÃO CENTRAL;23
18610.0;2019-09-30;11.0;15.0;21.0;28.0;629.0;33.0;4.0;11.0;23.0;472.0;33.0;0.0;33.0;786.0;44.0;125.0;5;4;4;5;4;4;4;0;0;0;0;0;0;0;0;0;0;0;1;0;0;0;0;0.0;0.0;0.0;0.0;1.0;0.0;0.0;0.0;0.0;0.0;0.0;0.0;0.0;0.0;0.0;0.0;0.0;0.0;0.0;0.0;0.0;0.0;0.0;0.0;0.0;0.0;0.0;0.0;0.0;0.0;0.0;1.0;0.0;0.0;0.0;4.0;0.0;1.0;1.0;3.0;1.0;0;0;0;0;TELÊMACO BORBA;REGIÃO CENTRAL;24
18578.0;2019-10-31;12.0;18.0;23.0;28.0;719.0;36.0;3.0;12.0;23.0;535.0;36.0;0.0;36.0;903.0;46.0;82.0;4;5;5;4;4;4;5;0;0;0;0;0;0;0;0;0;0;1;0;0;0;0;0;0.0;0.0;0.0;0.0;1.0;0.0;0.0;0.0;0.0;0.0;0.0;0.0;0.0;0.0;0.0;0.0;0.0;0.0;0.0;0.0;0.0;0.0;0.0;0.0;0.0;0.0;0.0;0.0;0.0;0.0;0.0;1.0;0.0;0.0;0.0;4.0;0.0;1.0;1.0;3.0;1.0;0;0;0;0;TELÊMACO BORBA;REGIÃO CENTRAL;25
20290.0;2019-11-30;13.0;19.0;22.0;27.0;675.0;35.0;7.0;13.0;21.0;498.0;35.0;0.0;35.0;851.0;62.0;198.0;4;4;4;4;5;5;4;0;0;0;0;0;0;0;0;0;1;0;0;0;0;0;0;0.0;0.0;0.0;0.0;1.0;0.0;0.0;0.0;0.0;0.0;0.0;0.0;0.0;0.0;0.0;0.0;0.0;0.0;0.0;0.0;0.0;0.0;0.0;0.0;0.0;0.0;0.0;0.0;0.0;0.0;0.0;1.0;0.0;0.0;0.0;4.0;0.0;1.0;1.0;3.0;1.0;0;0;0;0;TELÊMACO BORBA;REGIÃO CENTRAL;26
13151.0;2019-12-31;14.0;19.0;22.0;26.0;696.0;32.0;6.0;14.0;21.0;551.0;32.0;0.0;32.0;842.0;47.0;194.0;5;4;4;5;4;4;5;0;0;1;0;0;0;0;0;0;0;0;0;0;0;0;0;0.0;0.0;0.0;0.0;1.0;0.0;0.0;0.0;0.0;0.0;0.0;0.0;0.0;0.0;0.0;0.0;0.0;0.0;0.0;0.0;0.0;0.0;0.0;0.0;0.0;0.0;0.0;0.0;0.0;0.0;0.0;1.0;0.0;0.0;0.0;4.0;0.0;1.0;1.0;3.0;1.0;0;0;0;0;TELÊMACO BORBA;REGIÃO CENTRAL;27
11341.0;2020-01-31;15.0;19.0;23.0;26.0;727.0;31.0;5.0;15.0;22.0;597.0;31.0;0.0;31.0;856.0;53.0;146.0;4;5;5;4;5;4;4;0;0;0;0;1;0;0;0;0;0;0;0;0;0;0;0;0.0;0.0;0.0;0.0;0.0;1.0;0.0;0.0;0.0;0.0;0.0;0.0;0.0;0.0;0.0;0.0;0.0;0.0;0.0;0.0;0.0;0.0;0.0;0.0;0.0;0.0;0.0;0.0;0.0;0.0;0.0;1.0;0.0;0.0;0.0;4.0;0.0;1.0;1.0;3.0;1.0;31;0;0;0;TELÊMACO BORBA;REGIÃO CENTRAL;28
18627.0;2020-02-29;13.0;19.0;23.0;27.0;663.0;32.0;3.0;13.0;23.0;535.0;32.0;0.0;32.0;792.0;26.0;79.0;4;4;4;4;4;5;4;0;0;0;1;0;0;0;0;0;0;0;0;0;0;0;0;0.0;0.0;0.0;0.0;0.0;1.0;0.0;0.0;0.0;0.0;0.0;0.0;0.0;0.0;0.0;0.0;0.0;0.0;0.0;0.0;0.0;0.0;0.0;0.0;0.0;0.0;0.0;0.0;0.0;0.0;0.0;1.0;0.0;0.0;0.0;4.0;0.0;1.0;1.0;3.8275862068965516;1.0;0;3;0;0;TELÊMACO BORBA;REGIÃO CENTRAL;29
14655.0;2020-03-31;14.0;20.0;22.0;26.0;692.0;33.0;1.0;14.0;21.0;512.0;33.0;0.0;33.0;872.0;14.0;20.0;5;4;4;5;4;4;5;0;0;0;0;0;0;0;0;1;0;0;0;0;0;0;0;0.0;0.0;0.0;0.0;0.0;1.0;0.0;0.0;0.0;0.0;0.0;0.0;0.0;0.0;0.0;0.0;0.0;0.0;0.0;0.0;0.0;0.0;0.0;0.0;0.0;0.0;0.0;0.0;0.0;0.0;0.0;1.0;0.0;0.0;0.0;4.0;0.0;1.0;1.0;4.0;1.0;0;0;15;0;TELÊMACO BORBA;REGIÃO CENTRAL;30
7926.0;2020-04-30;8.0;16.0;20.0;25.0;610.0;31.0;2.0;8.0;19.0;422.0;31.0;0.0;31.0;798.0;28.0;48.0;4;5;5;4;4;4;4;1;0;0;0;0;0;0;0;0;0;0;0;0;0;0;0;0.0;0.0;0.0;0.0;0.0;1.0;0.0;0.0;0.0;0.0;0.0;0.0;0.0;0.0;0.0;0.0;0.0;0.0;0.0;0.0;0.0;0.0;0.0;0.0;0.0;0.0;0.0;0.0;0.0;0.0;0.0;1.0;0.0;0.0;0.0;4.0;0.0;1.0;1.0;4.0;1.0;0;1;30;0;TELÊMACO BORBA;REGIÃO CENTRAL;31
6888.0;2020-05-31;6.0;12.0;17.0;22.0;537.0;29.0;3.0;6.0;17.0;341.0;29.0;0.0;29.0;733.0;88.0;100.0;5;4;4;4;5;5;4;0;0;0;0;0;0;0;1;0;0;0;0;0;0;0;0;0.0;0.0;0.0;0.0;0.0;1.0;0.0;0.0;0.0;0.0;0.0;0.0;0.0;0.0;0.0;0.0;0.0;0.0;0.0;0.0;0.0;0.0;0.0;0.0;0.0;0.0;0.0;0.0;0.0;0.0;0.0;1.0;0.0;0.0;0.0;4.0;0.0;1.0;1.0;4.0;1.0;0;0;31;0;TELÊMACO BORBA;REGIÃO CENTRAL;32
6782.0;2020-06-30;8.0;13.0;17.0;21.0;525.0;28.0;8.0;8.0;18.0;392.0;28.0;0.0;28.0;658.0;94.0;253.0;4;4;4;5;4;4;5;0;0;0;0;0;0;1;0;0;0;0;0;0;0;0;0;0.0;0.0;0.0;0.0;0.0;1.0;0.0;0.0;0.0;0.0;0.0;0.0;0.0;0.0;0.0;0.0;0.0;0.0;0.0;0.0;0.0;0.0;0.0;0.0;0.0;0.0;0.0;0.0;0.0;0.0;0.0;1.0;0.0;0.0;0.0;4.0;0.0;1.0;1.0;4.0;1.0;0;1;30;0;TELÊMACO BORBA;REGIÃO CENTRAL;33
7006.0;2020-07-31;3.0;9.0;16.0;21.0;499.0;27.0;2.0;3.0;16.0;324.0;27.0;0.0;27.0;674.0;42.0;68.0;4;5;5;4;5;4;4;0;0;0;0;0;1;0;0;0;0;0;0;0;0;0;0;0.0;0.0;0.0;0.0;0.0;1.0;0.0;0.0;0.0;0.0;0.0;0.0;0.0;0.0;0.0;0.0;0.0;0.0;0.0;0.0;0.0;0.0;0.0;0.0;0.0;0.0;0.0;0.0;0.0;0.0;0.0;1.0;0.0;0.0;0.0;4.0;0.0;1.0;1.0;4.0;1.0;0;0;31;0;TELÊMACO BORBA;REGIÃO CENTRAL;34
7440.0;2020-08-31;1.0;8.0;17.0;23.0;516.0;32.0;7.0;1.0;15.0;329.0;32.0;0.0;32.0;702.0;53.0;220.0;5;4;4;5;4;5;4;0;1;0;0;0;0;0;0;0;0;0;0;0;0;0;0;0.0;0.0;0.0;0.0;0.0;1.0;0.0;0.0;0.0;0.0;0.0;0.0;0.0;0.0;0.0;0.0;0.0;0.0;0.0;0.0;0.0;0.0;0.0;0.0;0.0;0.0;0.0;0.0;0.0;0.0;0.0;1.0;0.0;0.0;0.0;4.0;0.0;1.0;1.0;4.0;1.0;0;0;31;0;TELÊMACO BORBA;REGIÃO CENTRAL;35
6900.0;2020-09-30;11.0;16.0;22.0;26.0;650.0;35.0;2.0;11.0;18.0;457.0;35.0;0.0;35.0;844.0;47.0;60.0;4;5;4;4;4;4;5;0;0;0;0;0;0;0;0;0;0;0;1;0;0;0;0;0.0;0.0;0.0;0.0;0.0;1.0;0.0;0.0;0.0;0.0;0.0;0.0;0.0;0.0;0.0;0.0;0.0;0.0;0.0;0.0;0.0;0.0;0.0;0.0;0.0;0.0;0.0;0.0;0.0;0.0;0.0;1.0;0.0;0.0;0.0;4.0;0.0;1.0;1.0;4.0;1.0;0;0;30;0;TELÊMACO BORBA;REGIÃO CENTRAL;36
6355.0;2020-10-31;10.0;17.0;22.0;29.0;679.0;38.0;1.0;10.0;21.0;490.0;38.0;0.0;38.0;869.0;8.0;44.0;4;4;5;4;5;5;4;0;0;0;0;0;0;0;0;0;0;1;0;0;0;0;0;0.0;0.0;0.0;0.0;0.0;1.0;0.0;0.0;0.0;0.0;0.0;0.0;0.0;0.0;0.0;0.0;0.0;0.0;0.0;0.0;0.0;0.0;0.0;0.0;0.0;0.0;0.0;0.0;0.0;0.0;0.0;1.0;0.0;0.0;0.0;4.0;0.0;1.0;1.0;4.0;1.0;0;0;31;0;TELÊMACO BORBA;REGIÃO CENTRAL;37
6180.0;2020-11-30;8.0;16.0;22.0;26.0;650.0;33.0;2.0;8.0;20.0;449.0;33.0;0.0;33.0;851.0;23.0;71.0;5;4;4;5;4;4;4;0;0;0;0;0;0;0;0;0;1;0;0;0;0;0;0;0.0;0.0;0.0;0.0;0.0;1.0;0.0;0.0;0.0;0.0;0.0;0.0;0.0;0.0;0.0;0.0;0.0;0.0;0.0;0.0;0.0;0.0;0.0;0.0;0.0;0.0;0.0;0.0;0.0;0.0;0.0;1.0;0.0;0.0;0.0;4.0;0.0;1.0;1.0;4.0;1.0;0;0;30;0;TELÊMACO BORBA;REGIÃO CENTRAL;38
6944.0;2020-12-31;14.0;19.0;23.0;25.0;706.0;31.0;4.0;14.0;20.0;554.0;31.0;0.0;31.0;858.0;20.0;126.0;4;5;5;4;4;4;5;0;0;1;0;0;0;0;0;0;0;0;0;0;0;0;0;0.0;0.0;0.0;0.0;0.0;1.0;0.0;0.0;0.0;0.0;0.0;0.0;0.0;0.0;0.0;0.0;0.0;0.0;0.0;0.0;0.0;0.0;0.0;0.0;0.0;0.0;0.0;0.0;0.0;0.0;0.0;1.0;0.0;0.0;0.0;4.0;0.0;1.0;1.0;4.0;1.0;0;0;31;0;TELÊMACO BORBA;REGIÃO CENTRAL;39
7564.0;2021-01-31;15.0;20.0;23.0;26.0;711.0;31.0;4.0;15.0;21.0;598.0;31.0;0.0;31.0;825.0;25.0;133.0;5;4;4;4;5;5;4;0;0;0;0;1;0;0;0;0;0;0;0;1;0;0;0;0.0;0.0;0.0;0.0;0.0;0.0;0.0;0.0;0.0;0.0;0.0;0.0;0.0;0.0;0.0;0.0;0.0;0.0;0.0;0.0;0.0;0.0;0.0;0.0;0.0;0.0;0.0;0.0;0.0;0.0;0.0;1.0;0.0;0.0;0.0;4.0;0.0;1.0;1.0;4.0;1.0;0;0;31;0;TELÊMACO BORBA;REGIÃO CENTRAL;40
6272.0;2021-02-28;14.0;20.0;23.0;26.0;641.0;32.0;1.0;14.0;21.0;482.0;32.0;0.0;32.0;799.0;6.0;38.0;4;4;4;4;4;4;4;0;0;0;1;0;0;0;0;0;0;0;0;1;0;0;0;0.0;0.0;0.0;0.0;0.0;0.0;0.0;0.0;0.0;0.0;0.0;0.0;0.0;0.0;0.0;0.0;0.0;0.0;0.0;0.0;0.0;0.0;0.0;0.0;0.0;0.0;0.0;0.0;0.0;0.0;0.0;1.0;0.0;0.0;0.0;4.0;0.0;1.0;1.0;4.0;1.0;0;3;28;0;TELÊMACO BORBA;REGIÃO CENTRAL;41
7068.0;2021-03-31;12.0;18.0;23.0;26.0;725.0;33.0;4.0;12.0;21.0;564.0;33.0;0.0;33.0;885.0;34.0;118.0;4;5;4;5;4;4;5;0;0;0;0;0;0;0;0;1;0;0;0;1;0;0;0;0.0;0.0;0.0;0.0;0.0;0.0;0.0;0.0;0.0;0.0;0.0;0.0;0.0;0.0;0.0;0.0;0.0;0.0;0.0;0.0;0.0;0.0;0.0;0.0;0.0;0.0;0.0;0.0;0.0;0.0;0.0;1.0;0.0;0.0;0.0;4.0;0.0;1.0;1.0;4.0;1.0;0;0;31;0;TELÊMACO BORBA;REGIÃO CENTRAL;42
6660.0;2021-04-30;10.0;17.0;20.0;24.0;594.0;31.0;0.0;10.0;19.0;422.0;31.0;0.0;31.0;767.0;6.0;8.0;4;4;5;4;5;4;4;1;0;0;0;0;0;0;0;0;0;0;0;1;0;0;0;0.0;0.0;0.0;0.0;0.0;0.0;0.0;0.0;0.0;0.0;0.0;0.0;0.0;0.0;0.0;0.0;0.0;0.0;0.0;0.0;0.0;0.0;0.0;0.0;0.0;0.0;0.0;0.0;0.0;0.0;0.0;1.0;0.0;0.0;0.0;4.0;0.0;1.0;1.0;4.0;1.0;0;1;30;0;TELÊMACO BORBA;REGIÃO CENTRAL;43
6944.0;2021-05-31;4.0;12.0;17.0;21.0;539.0;29.0;5.0;4.0;17.0;365.0;29.0;0.0;29.0;713.0;51.0;144.0;5;4;4;5;4;5;4;0;0;0;0;0;0;0;1;0;0;0;0;1;0;0;0;0.0;0.0;0.0;0.0;0.0;0.0;0.0;0.0;0.0;0.0;0.0;0.0;0.0;0.0;0.0;0.0;0.0;0.0;0.0;0.0;0.0;0.0;0.0;0.0;0.0;0.0;0.0;0.0;0.0;0.0;0.0;1.0;0.0;0.0;0.0;4.0;0.0;1.0;1.0;4.0;1.0;0;0;31;0;TELÊMACO BORBA;REGIÃO CENTRAL;44
7200.0;2021-06-30;-1.0;3.0;15.0;21.0;459.0;27.0;3.0;-1.0;16.0;324.0;27.0;0.0;27.0;594.0;46.0;76.0;4;5;4;4;4;4;5;0;0;0;0;0;0;1;0;0;0;0;0;1;0;0;0;0.0;0.0;0.0;0.0;0.0;0.0;0.0;0.0;0.0;0.0;0.0;0.0;0.0;0.0;0.0;0.0;0.0;0.0;0.0;0.0;0.0;0.0;0.0;0.0;0.0;0.0;0.0;0.0;0.0;0.0;0.0;1.0;0.0;0.0;0.0;4.0;0.0;1.0;1.0;4.0;1.0;0;1;30;0;TELÊMACO BORBA;REGIÃO CENTRAL;45
7626.0;2021-07-31;-2.0;6.0;14.0;19.0;427.0;28.0;2.0;-2.0;14.0;214.0;28.0;0.0;28.0;640.0;53.0;67.0;4;4;5;4;5;5;4;0;0;0;0;0;1;0;0;0;0;0;0;1;0;0;0;0.0;0.0;0.0;0.0;0.0;0.0;0.0;0.0;0.0;0.0;0.0;0.0;0.0;0.0;0.0;0.0;0.0;0.0;0.0;0.0;0.0;0.0;0.0;0.0;0.0;0.0;0.0;0.0;0.0;0.0;0.0;1.0;0.0;0.0;0.0;4.0;0.0;1.0;1.0;4.0;1.0;0;0;31;0;TELÊMACO BORBA;REGIÃO CENTRAL;46
7688.0;2021-08-31;6.0;13.0;19.0;26.0;592.0;34.0;2.0;6.0;17.0;377.0;34.0;0.0;34.0;807.0;52.0;71.0;5;4;4;5;4;4;5;0;1;0;0;0;0;0;0;0;0;0;0;1;0;0;0;0.0;0.0;0.0;0.0;0.0;0.0;0.0;0.0;0.0;0.0;0.0;0.0;0.0;0.0;0.0;0.0;0.0;0.0;0.0;0.0;0.0;0.0;0.0;0.0;0.0;0.0;0.0;0.0;0.0;0.0;0.0;1.0;0.0;0.0;0.0;4.0;0.0;1.0;1.0;4.0;1.0;0;0;31;0;TELÊMACO BORBA;REGIÃO CENTRAL;47
9300.0;2021-09-30;10.0;17.0;22.0;27.0;669.0;35.0;3.0;10.0;22.0;457.0;35.0;0.0;35.0;882.0;39.0;92.0;4;5;5;4;4;4;4;0;0;0;0;0;0;0;0;0;0;0;1;1;0;0;0;0.0;0.0;0.0;0.0;0.0;0.0;0.0;0.0;0.0;0.0;0.0;0.0;0.0;0.0;0.0;0.0;0.0;0.0;0.0;0.0;0.0;0.0;0.0;0.0;0.0;0.0;0.0;0.0;0.0;0.0;0.0;1.0;0.0;0.0;0.0;4.0;0.0;1.0;1.0;4.0;1.0;0;0;30;0;TELÊMACO BORBA;REGIÃO CENTRAL;48
9331.0;2021-10-31;9.0;16.0;20.0;24.0;608.0;30.0;15.0;9.0;18.0;453.0;30.0;0.0;30.0;763.0;102.0;477.0;5;4;4;4;5;5;4;0;0;0;0;0;0;0;0;0;0;1;0;1;0;0;0;0.0;0.0;0.0;0.0;0.0;0.0;0.0;0.0;0.0;0.0;0.0;0.0;0.0;0.0;0.0;0.0;0.0;0.0;0.0;0.0;0.0;0.0;0.0;0.0;0.0;0.0;0.0;0.0;0.0;0.0;0.0;1.0;0.0;0.0;0.0;4.0;0.0;1.0;1.0;4.0;1.0;0;0;0;0;TELÊMACO BORBA;REGIÃO CENTRAL;49
11580.0;2021-11-30;10.0;18.0;23.0;26.0;686.0;33.0;3.0;10.0;19.0;477.0;33.0;0.0;33.0;895.0;65.0;98.0;4;4;4;5;4;4;5;0;0;0;0;0;0;0;0;0;1;0;0;1;0;0;0;0.0;0.0;0.0;0.0;0.0;0.0;0.0;0.0;0.0;0.0;0.0;0.0;0.0;0.0;0.0;0.0;0.0;0.0;0.0;0.0;0.0;0.0;0.0;0.0;0.0;0.0;0.0;0.0;0.0;0.0;0.0;1.0;0.0;0.0;0.0;4.0;0.0;1.0;1.0;4.0;1.0;0;0;0;0;TELÊMACO BORBA;REGIÃO CENTRAL;50
14198.0;2021-12-31;12.0;20.0;24.0;28.0;741.0;35.0;4.0;12.0;20.0;524.0;35.0;0.0;35.0;958.0;45.0;121.0;4;5;5;4;5;4;4;0;0;1;0;0;0;0;0;0;0;0;0;1;0;0;0;0.0;0.0;0.0;0.0;0.0;0.0;0.0;0.0;0.0;0.0;0.0;0.0;0.0;0.0;0.0;0.0;0.0;0.0;0.0;0.0;0.0;0.0;0.0;0.0;0.0;0.0;0.0;0.0;0.0;0.0;0.0;1.0;0.0;0.0;0.0;4.0;0.0;1.0;1.0;4.0;1.0;0;0;0;0;TELÊMACO BORBA;REGIÃO CENTRAL;51
13671.0;2022-01-31;15.0;20.0;24.0;28.0;749.0;35.0;6.0;15.0;21.0;578.0;35.0;0.0;35.0;920.0;36.0;192.0;5;4;4;5;4;5;4;0;0;0;0;1;0;0;0;0;0;0;0;0;1;0;0;0.0;0.0;0.0;0.0;0.0;0.0;0.0;0.0;0.0;0.0;0.0;0.0;0.0;0.0;0.0;0.0;0.0;0.0;0.0;0.0;0.0;0.0;0.0;0.0;0.0;0.0;0.0;0.0;0.0;0.0;0.0;1.0;0.0;0.0;0.0;4.0;0.0;1.0;1.0;4.0;1.0;31;0;0;0;TELÊMACO BORBA;REGIÃO CENTRAL;52
12348.0;2022-02-28;15.0;22.0;25.0;28.0;693.0;35.0;3.0;15.0;22.0;511.0;35.0;0.0;35.0;875.0;40.0;94.0;4;4;4;4;4;4;4;0;0;0;1;0;0;0;0;0;0;0;0;0;1;0;0;0.0;0.0;0.0;0.0;0.0;0.0;0.0;0.0;0.0;0.0;0.0;0.0;0.0;0.0;0.0;0.0;0.0;0.0;0.0;0.0;0.0;0.0;0.0;0.0;0.0;0.0;0.0;0.0;0.0;0.0;0.0;1.0;0.0;0.0;0.0;4.0;0.0;1.0;1.0;4.0;1.0;0;1;0;0;TELÊMACO BORBA;REGIÃO CENTRAL;53
11842.0;2022-03-31;15.0;20.0;24.0;27.0;746.0;34.0;11.0;15.0;21.0;578.0;34.0;0.0;34.0;914.0;54.0;345.0;4;5;5;4;4;4;5;0;0;0;0;0;0;0;0;1;0;0;0;0;1;0;0;0.0;0.0;0.0;0.0;0.0;0.0;0.0;0.0;0.0;0.0;0.0;0.0;0.0;0.0;0.0;0.0;0.0;0.0;0.0;0.0;0.0;0.0;0.0;0.0;0.0;0.0;0.0;0.0;0.0;0.0;0.0;1.0;0.0;0.0;0.0;4.0;0.0;1.0;1.0;4.0;1.0;0;1;0;0;TELÊMACO BORBA;REGIÃO CENTRAL;54
13590.0;2022-04-30;9.0;16.0;21.0;24.0;623.0;30.0;3.0;9.0;18.0;459.0;30.0;0.0;30.0;788.0;39.0;94.0;4;4;4;4;5;5;4;1;0;0;0;0;0;0;0;0;0;0;0;0;1;0;0;0.0;0.0;0.0;0.0;0.0;0.0;0.0;0.0;0.0;0.0;0.0;0.0;0.0;0.0;0.0;0.0;0.0;0.0;0.0;0.0;0.0;0.0;0.0;0.0;0.0;0.0;0.0;0.0;0.0;0.0;0.0;1.0;0.0;0.0;0.0;4.0;0.0;1.0;1.0;4.0;1.0;0;1;0;0;TELÊMACO BORBA;REGIÃO CENTRAL;55
16306.0;2022-05-31;3.0;9.0;16.0;22.0;510.0;28.0;3.0;3.0;18.0;340.0;28.0;0.0;28.0;680.0;49.0;97.0;5;4;4;5;4;4;5;0;0;0;0;0;0;0;1;0;0;0;0;0;1;0;0;0.0;0.0;0.0;0.0;0.0;0.0;0.0;0.0;0.0;0.0;0.0;0.0;0.0;0.0;0.0;0.0;0.0;0.0;0.0;0.0;0.0;0.0;0.0;0.0;0.0;0.0;0.0;0.0;0.0;0.0;0.0;1.0;0.0;0.0;0.0;4.0;0.0;1.0;1.0;4.0;1.0;0;0;0;0;TELÊMACO BORBA;REGIÃO CENTRAL;56
14880.0;2022-06-30;2.0;10.0;16.0;21.0;489.0;27.0;2.0;2.0;15.0;324.0;27.0;0.0;27.0;654.0;16.0;66.0;4;5;5;4;4;4;4;0;0;0;0;0;0;1;0;0;0;0;0;0;1;0;0;0.0;0.0;0.0;0.0;0.0;0.0;0.0;0.0;0.0;0.0;0.0;0.0;0.0;0.0;0.0;0.0;0.0;0.0;0.0;0.0;0.0;0.0;0.0;0.0;0.0;0.0;0.0;0.0;0.0;0.0;0.0;1.0;0.0;0.0;0.0;4.0;0.0;1.0;1.0;4.0;1.0;0;1;0;0;TELÊMACO BORBA;REGIÃO CENTRAL;57
15748.0;2022-07-31;4.0;12.0;18.0;21.0;568.0;28.0;1.0;4.0;16.0;358.0;28.0;0.0;28.0;777.0;20.0;32.0;5;4;4;4;5;5;4;0;0;0;0;0;1;0;0;0;0;0;0;0;1;0;0;0.0;0.0;0.0;0.0;0.0;0.0;0.0;0.0;0.0;0.0;0.0;0.0;0.0;0.0;0.0;0.0;0.0;0.0;0.0;0.0;0.0;0.0;0.0;0.0;0.0;0.0;0.0;0.0;0.0;0.0;0.0;1.0;0.0;0.0;0.0;4.0;0.0;1.0;1.0;4.0;1.0;0;0;0;0;TELÊMACO BORBA;REGIÃO CENTRAL;58
14074.0;2022-08-31;2.0;9.0;16.0;22.0;507.0;30.0;6.0;2.0;16.0;319.0;30.0;0.0;30.0;693.0;59.0;171.0;4;5;4;5;4;4;5;0;1;0;0;0;0;0;0;0;0;0;0;0;1;0;0;0.0;0.0;0.0;0.0;0.0;0.0;0.0;0.0;0.0;0.0;0.0;0.0;0.0;0.0;0.0;0.0;0.0;0.0;0.0;0.0;0.0;0.0;0.0;0.0;0.0;0.0;0.0;0.0;0.0;0.0;0.0;1.0;0.0;0.0;0.0;4.0;0.0;1.0;1.0;4.0;1.0;0;0;0;0;TELÊMACO BORBA;REGIÃO CENTRAL;59
15480.0;2022-09-30;5.0;13.0;16.0;24.0;488.0;32.0;7.0;5.0;19.0;345.0;32.0;0.0;32.0;631.0;47.0;209.0;4;4;5;4;5;4;4;0;0;0;0;0;0;0;0;0;0;0;1;0;1;0;0;0.0;0.0;0.0;0.0;0.0;0.0;0.0;0.0;0.0;0.0;0.0;0.0;0.0;0.0;0.0;0.0;0.0;0.0;0.0;0.0;0.0;0.0;0.0;0.0;0.0;0.0;0.0;0.0;0.0;0.0;0.0;1.0;0.0;0.0;0.0;4.0;0.0;1.0;1.0;4.0;1.0;0;0;0;0;TELÊMACO BORBA;REGIÃO CENTRAL;60
15593.0;2022-10-31;-3.0;12.0;20.0;24.0;619.0;31.0;12.0;-3.0;18.0;441.0;31.0;0.0;31.0;798.0;93.0;365.0;5;4;4;5;4;5;4;0;0;0;0;0;0;0;0;0;0;1;0;0;1;0;0;0.0;0.0;0.0;0.0;0.0;0.0;0.0;0.0;0.0;0.0;0.0;0.0;0.0;0.0;0.0;0.0;0.0;0.0;0.0;0.0;0.0;0.0;0.0;0.0;0.0;0.0;0.0;0.0;0.0;0.0;0.0;1.0;0.0;0.0;0.0;4.0;0.0;1.0;1.0;4.0;1.0;0;0;0;0;TELÊMACO BORBA;REGIÃO CENTRAL;61
15060.0;2022-11-30;8.0;12.0;19.0;23.0;573.0;31.0;1.0;8.0;17.0;387.0;31.0;0.0;31.0;760.0;10.0;40.0;4;5;4;4;4;4;5;0;0;0;0;0;0;0;0;0;1;0;0;0;1;0;0;0.0;0.0;0.0;0.0;0.0;0.0;0.0;0.0;0.0;0.0;0.0;0.0;0.0;0.0;0.0;0.0;0.0;0.0;0.0;0.0;0.0;0.0;0.0;0.0;0.0;0.0;0.0;0.0;0.0;0.0;0.0;1.0;0.0;0.0;0.0;4.0;0.0;1.0;1.0;4.0;1.0;0;0;0;0;TELÊMACO BORBA;REGIÃO CENTRAL;62
14539.0;2022-12-31;-11.0;8.0;22.0;25.0;675.0;32.0;7.0;-11.0;20.0;497.0;32.0;0.0;32.0;852.0;58.0;230.0;4;4;5;4;5;5;4;0;0;1;0;0;0;0;0;0;0;0;0;0;1;0;0;0.0;0.0;0.0;0.0;0.0;0.0;0.0;0.0;0.0;0.0;0.0;0.0;0.0;0.0;0.0;0.0;0.0;0.0;0.0;0.0;0.0;0.0;0.0;0.0;0.0;0.0;0.0;0.0;0.0;0.0;0.0;1.0;0.0;0.0;0.0;4.0;0.0;1.0;1.0;4.0;1.0;0;0;0;0;TELÊMACO BORBA;REGIÃO CENTRAL;63
11160.0;2023-01-31;13.0;19.0;23.0;25.0;700.0;31.0;4.0;13.0;19.0;544.0;31.0;0.0;31.0;856.0;18.0;133.0;5;4;4;5;4;4;5;0;0;0;0;1;0;0;0;0;0;0;0;0;0;1;0;0.0;0.0;0.0;0.0;0.0;0.0;0.0;0.0;0.0;0.0;0.0;0.0;0.0;0.0;0.0;0.0;0.0;0.0;0.0;0.0;0.0;0.0;0.0;0.0;0.0;0.0;0.0;0.0;0.0;0.0;0.0;1.0;0.0;0.0;0.0;4.0;0.0;1.0;1.0;4.0;1.0;31;0;0;0;TELÊMACO BORBA;REGIÃO CENTRAL;64
13832.0;2023-02-28;14.0;17.0;22.0;25.0;622.0;32.0;9.0;14.0;20.0;494.0;32.0;0.0;32.0;749.0;41.0;257.0;4;4;4;4;4;4;4;0;0;0;1;0;0;0;0;0;0;0;0;0;0;1;0;0.0;0.0;0.0;0.0;0.0;0.0;0.0;0.0;0.0;0.0;0.0;0.0;0.0;0.0;0.0;0.0;0.0;0.0;0.0;0.0;0.0;0.0;0.0;0.0;0.0;0.0;0.0;0.0;0.0;0.0;0.0;1.0;0.0;0.0;0.0;4.0;0.0;1.0;1.0;4.0;1.0;0;3;0;0;TELÊMACO BORBA;REGIÃO CENTRAL;65
23250.0;2023-03-31;17.0;21.0;23.0;25.0;728.0;32.0;5.0;17.0;20.0;558.0;32.0;0.0;32.0;898.0;30.0;169.0;4;5;5;4;5;4;4;0;0;0;0;0;0;0;0;1;0;0;0;0;0;1;0;0.0;0.0;0.0;0.0;0.0;0.0;0.0;0.0;0.0;0.0;0.0;0.0;0.0;0.0;0.0;0.0;0.0;0.0;0.0;0.0;0.0;0.0;0.0;0.0;0.0;0.0;0.0;0.0;0.0;0.0;0.0;1.0;0.0;0.0;0.0;4.0;0.0;1.0;1.0;4.0;1.0;0;0;0;0;TELÊMACO BORBA;REGIÃO CENTRAL;66
17700.0;2023-04-30;9.0;16.0;20.0;25.0;609.0;31.0;4.0;9.0;18.0;453.0;31.0;0.0;31.0;764.0;48.0;110.0;5;4;4;4;4;5;4;1;0;0;0;0;0;0;0;0;0;0;0;0;0;1;0;0.0;0.0;0.0;0.0;0.0;0.0;0.0;0.0;0.0;0.0;0.0;0.0;0.0;0.0;0.0;0.0;0.0;0.0;0.0;0.0;0.0;0.0;0.0;0.0;0.0;0.0;0.0;0.0;0.0;0.0;0.0;1.0;0.0;0.0;0.0;4.0;0.0;1.0;1.0;4.0;1.0;0;1;0;0;TELÊMACO BORBA;REGIÃO CENTRAL;67
17856.0;2023-05-31;8.0;15.0;18.0;23.0;571.0;28.0;2.0;8.0;18.0;390.0;28.0;0.0;28.0;751.0;19.0;70.0;4;5;4;5;4;4;5;0;0;0;0;0;0;0;1;0;0;0;0;0;0;1;0;0.0;0.0;0.0;0.0;0.0;0.0;0.0;0.0;0.0;0.0;0.0;0.0;0.0;0.0;0.0;0.0;0.0;0.0;0.0;0.0;0.0;0.0;0.0;0.0;0.0;0.0;0.0;0.0;0.0;0.0;0.0;1.0;0.0;0.0;0.0;4.0;0.0;1.0;1.0;4.0;1.0;0;0;0;0;TELÊMACO BORBA;REGIÃO CENTRAL;68
16260.0;2023-06-30;5.0;11.0;16.0;21.0;495.0;28.0;4.0;5.0;15.0;311.0;28.0;0.0;28.0;678.0;64.0;106.0;4;4;5;4;5;4;4;0;0;0;0;0;0;1;0;0;0;0;0;0;0;1;0;0.0;0.0;0.0;0.0;0.0;0.0;0.0;0.0;0.0;0.0;0.0;0.0;0.0;0.0;0.0;0.0;0.0;0.0;0.0;0.0;0.0;0.0;0.0;0.0;0.0;0.0;0.0;0.0;0.0;0.0;0.0;1.0;0.0;0.0;0.0;4.0;0.0;1.0;1.0;4.0;1.0;0;1;0;0;TELÊMACO BORBA;REGIÃO CENTRAL;69
13330.0;2023-07-31;4.0;11.0;17.0;21.0;517.0;27.0;4.0;4.0;16.0;351.0;27.0;0.0;27.0;683.0;34.0;123.0;5;4;4;5;4;5;4;0;0;0;0;0;1;0;0;0;0;0;0;0;0;1;0;0.0;0.0;0.0;0.0;0.0;0.0;0.0;0.0;0.0;0.0;0.0;0.0;0.0;0.0;0.0;0.0;0.0;0.0;0.0;0.0;0.0;0.0;0.0;0.0;0.0;0.0;0.0;0.0;0.0;0.0;0.0;1.0;0.0;0.0;0.0;4.0;0.0;1.0;1.0;4.0;1.0;15;0;0;0;TELÊMACO BORBA;REGIÃO CENTRAL;70
18972.0;2023-08-31;6.0;12.0;18.0;25.0;573.0;33.0;5.0;6.0;19.0;374.0;33.0;0.0;33.0;772.0;43.0;154.0;4;5;5;4;4;4;5;0;1;0;0;0;0;0;0;0;0;0;0;0;0;1;0;0.0;0.0;0.0;0.0;0.0;0.0;0.0;0.0;0.0;0.0;0.0;0.0;0.0;0.0;0.0;0.0;0.0;0.0;0.0;0.0;0.0;0.0;0.0;0.0;0.0;0.0;0.0;0.0;0.0;0.0;0.0;1.0;0.0;0.0;0.0;4.0;0.0;1.0;1.0;4.0;1.0;0;0;0;0;TELÊMACO BORBA;REGIÃO CENTRAL;71
20460.0;2023-09-30;7.0;15.0;22.0;28.0;661.0;36.0;4.0;7.0;23.0;468.0;36.0;0.0;36.0;853.0;34.0;113.0;4;4;4;4;5;5;4;0;0;0;0;0;0;0;0;0;0;0;1;0;0;1;0;0.0;0.0;0.0;0.0;0.0;0.0;0.0;0.0;0.0;0.0;0.0;0.0;0.0;0.0;0.0;0.0;0.0;0.0;0.0;0.0;0.0;0.0;0.0;0.0;0.0;0.0;0.0;0.0;0.0;0.0;0.0;1.0;0.0;0.0;0.0;4.0;0.0;1.0;1.0;4.0;1.0;0;0;0;0;TELÊMACO BORBA;REGIÃO CENTRAL;72
20150.0;2023-10-31;13.0;17.0;22.0;27.0;674.0;33.0;15.0;13.0;21.0;512.0;33.0;0.0;33.0;835.0;103.0;466.0;5;4;4;5;4;4;5;0;0;0;0;0;0;0;0;0;0;1;0;0;0;1;0;0.0;0.0;0.0;0.0;0.0;0.0;0.0;0.0;0.0;0.0;0.0;0.0;0.0;0.0;0.0;0.0;0.0;0.0;0.0;0.0;0.0;0.0;0.0;0.0;0.0;0.0;0.0;0.0;0.0;0.0;0.0;1.0;0.0;0.0;0.0;4.0;0.0;1.0;1.0;4.0;1.0;0;0;0;0;TELÊMACO BORBA;REGIÃO CENTRAL;73
20130.0;2023-11-30;9.0;16.0;22.0;28.0;672.0;36.0;7.0;9.0;23.0;501.0;36.0;0.0;36.0;842.0;45.0;196.0;4;5;5;4;4;4;4;0;0;0;0;0;0;0;0;0;1;0;0;0;0;1;0;0.0;0.0;0.0;0.0;0.0;0.0;0.0;0.0;0.0;0.0;0.0;0.0;0.0;0.0;0.0;0.0;0.0;0.0;0.0;0.0;0.0;0.0;0.0;0.0;0.0;0.0;0.0;0.0;0.0;0.0;0.0;1.0;0.0;0.0;0.0;4.0;0.0;1.0;1.0;4.0;1.0;0;0;0;0;TELÊMACO BORBA;REGIÃO CENTRAL;74
17112.0;2023-12-31;15.0;19.0;24.0;27.0;748.0;34.0;4.0;15.0;21.0;562.0;34.0;0.0;34.0;934.0;37.0;111.0;5;4;4;4;5;5;4;0;0;1;0;0;0;0;0;0;0;0;0;0;0;1;0;0.0;0.0;0.0;0.0;0.0;0.0;0.0;0.0;0.0;0.0;0.0;0.0;0.0;0.0;0.0;0.0;0.0;0.0;0.0;0.0;0.0;0.0;0.0;0.0;0.0;0.0;0.0;0.0;0.0;0.0;0.0;1.0;0.0;0.0;0.0;4.0;0.0;1.0;1.0;4.0;1.0;0;0;0;0;TELÊMACO BORBA;REGIÃO CENTRAL;75
12059.0;2024-01-31;13.0;18.0;24.0;28.0;738.0;36.0;4.0;13.0;22.0;566.0;36.0;0.0;36.0;911.0;47.0;127.0;4;5;4;5;4;4;5;0;0;0;0;1;0;0;0;0;0;0;0;0;0;0;1;0.0;0.0;0.0;0.0;0.0;0.0;0.0;0.0;0.0;0.0;0.0;0.0;0.0;0.0;0.0;0.0;0.0;0.0;0.0;0.0;0.0;0.0;0.0;0.0;0.0;0.0;0.0;0.0;0.0;0.0;0.0;1.0;0.0;0.0;0.0;4.0;0.0;1.0;1.0;4.0;1.0;31;0;0;0;TELÊMACO BORBA;REGIÃO CENTRAL;76
21576.0;2024-02-29;17.0;20.0;25.0;27.0;711.0;33.0;6.0;17.0;21.0;553.0;33.0;0.0;33.0;870.0;52.0;161.0;4;4;5;4;4;4;4;0;0;0;1;0;0;0;0;0;0;0;0;0;0;0;1;0.0;0.0;0.0;0.0;0.0;0.0;0.0;0.0;0.0;0.0;0.0;0.0;0.0;0.0;0.0;0.0;0.0;0.0;0.0;0.0;0.0;0.0;0.0;0.0;0.0;0.0;0.0;0.0;0.0;0.0;0.0;1.0;0.0;0.0;0.0;4.0;0.0;1.0;1.0;4.0;1.0;0;3;0;0;TELÊMACO BORBA;REGIÃO CENTRAL;77
22816.0;2024-03-31;16.0;19.0;24.0;28.0;758.0;35.0;3.0;16.0;22.0;588.0;35.0;0.0;35.0;928.0;43.0;108.0;5;4;4;4;5;5;4;0;0;0;0;0;0;0;0;1;0;0;0;0;0;0;1;0.0;0.0;0.0;0.0;0.0;0.0;0.0;0.0;0.0;0.0;0.0;0.0;0.0;0.0;0.0;0.0;0.0;0.0;0.0;0.0;0.0;0.0;0.0;0.0;0.0;0.0;0.0;0.0;0.0;0.0;0.0;1.0;0.0;0.0;0.0;4.0;0.0;1.0;1.0;4.0;1.0;0;1;0;0;TELÊMACO BORBA;REGIÃO CENTRAL;78
14790.0;2024-04-30;11.0;18.0;23.0;27.0;689.0;32.0;2.0;11.0;21.0;532.0;32.0;0.0;32.0;845.0;32.0;57.0;4;4;4;5;4;4;5;1;0;0;0;0;0;0;0;0;0;0;0;0;0;0;1;0.0;0.0;0.0;0.0;0.0;0.0;0.0;0.0;0.0;0.0;0.0;0.0;0.0;0.0;0.0;0.0;0.0;0.0;0.0;0.0;0.0;0.0;0.0;0.0;0.0;0.0;0.0;0.0;0.0;0.0;0.0;1.0;0.0;0.0;0.0;4.0;0.0;1.0;1.0;4.0;1.0;0;0;0;0;TELÊMACO BORBA;REGIÃO CENTRAL;79
10633.0;2024-05-31;5.0;12.0;20.0;26.0;627.0;32.0;1.0;5.0;20.0;463.0;32.0;0.0;32.0;790.0;30.0;32.0;4;5;5;4;5;4;4;0;0;0;0;0;0;0;1;0;0;0;0;0;0;0;1;0.0;0.0;0.0;0.0;0.0;0.0;0.0;0.0;0.0;0.0;0.0;0.0;0.0;0.0;0.0;0.0;0.0;0.0;0.0;0.0;0.0;0.0;0.0;0.0;0.0;0.0;0.0;0.0;0.0;0.0;0.0;1.0;0.0;0.0;0.0;4.0;0.0;1.0;1.0;4.0;1.0;0;1;0;30;TELÊMACO BORBA;REGIÃO CENTRAL;80
9600.0;2024-06-30;6.0;13.0;20.0;22.0;587.0;29.0;0.0;6.0;17.0;392.0;29.0;0.0;29.0;782.0;2.0;3.0;5;4;4;4;4;5;4;0;0;0;0;0;0;1;0;0;0;0;0;0;0;0;1;0.0;0.0;0.0;0.0;0.0;0.0;0.0;0.0;0.0;0.0;0.0;0.0;0.0;0.0;0.0;0.0;0.0;0.0;0.0;0.0;0.0;0.0;0.0;0.0;0.0;0.0;0.0;0.0;0.0;0.0;0.0;1.0;0.0;0.0;0.0;4.0;0.0;1.0;1.0;4.0;1.0;0;0;0;30;TELÊMACO BORBA;REGIÃO CENTRAL;81
18011.0;2024-07-31;4.0;12.0;16.0;20.0;487.0;28.0;1.0;4.0;14.0;309.0;28.0;0.0;28.0;665.0;12.0;41.0;4;5;4;5;4;4;5;0;0;0;0;0;1;0;0;0;0;0;0;0;0;0;1;0.0;0.0;0.0;0.0;0.0;0.0;0.0;0.0;0.0;0.0;0.0;0.0;0.0;0.0;0.0;0.0;0.0;0.0;0.0;0.0;0.0;0.0;0.0;0.0;0.0;0.0;0.0;0.0;0.0;0.0;0.0;1.0;0.0;0.0;0.0;4.0;0.0;1.0;1.0;4.0;1.0;12;0;0;0;TELÊMACO BORBA;REGIÃO CENTRAL;82
17422.0;2024-08-31;-0.0;9.0;17.0;23.0;542.0;34.0;2.0;-0.0;16.0;295.0;34.0;0.0;34.0;789.0;42.0;59.0;4;4;5;4;5;5;4;0;1;0;0;0;0;0;0;0;0;0;0;0;0;0;1;0.0;0.0;0.0;0.0;0.0;0.0;0.0;0.0;0.0;0.0;0.0;0.0;0.0;0.0;0.0;0.0;0.0;0.0;0.0;0.0;0.0;0.0;0.0;0.0;0.0;0.0;0.0;0.0;0.0;0.0;0.0;1.0;0.0;0.0;0.0;4.0;0.0;1.0;1.0;4.0;1.0;0;0;0;0;TELÊMACO BORBA;REGIÃO CENTRAL;83
20880.0;2024-09-30;11.0;15.0;22.0;26.0;649.0;36.0;1.0;11.0;18.0;427.0;36.0;0.0;36.0;870.0;12.0;38.0;5;4;4;5;4;4;4;0;0;0;0;0;0;0;0;0;0;0;1;0;0;0;1;0.0;0.0;0.0;0.0;0.0;0.0;0.0;0.0;0.0;0.0;0.0;0.0;0.0;0.0;0.0;0.0;0.0;0.0;0.0;0.0;0.0;0.0;0.0;0.0;0.0;0.0;0.0;0.0;0.0;0.0;0.0;1.0;0.0;0.0;0.0;4.0;0.0;1.0;1.0;4.0;1.0;0;0;0;0;TELÊMACO BORBA;REGIÃO CENTRAL;84
21700.0;2024-10-31;11.0;15.0;21.0;25.0;647.0;35.0;3.0;11.0;20.0;492.0;35.0;0.0;35.0;802.0;22.0;91.0;4;5;5;4;4;4;5;0;0;0;0;0;0;0;0;0;0;1;0;0;0;0;1;0.0;0.0;0.0;0.0;0.0;0.0;0.0;0.0;0.0;0.0;0.0;0.0;0.0;0.0;0.0;0.0;0.0;0.0;0.0;0.0;0.0;0.0;0.0;0.0;0.0;0.0;0.0;0.0;0.0;0.0;0.0;1.0;0.0;0.0;0.0;4.0;0.0;1.0;1.0;4.0;1.0;0;0;0;0;TELÊMACO BORBA;REGIÃO CENTRAL;85
17856.0;2015-11-30;16.0;20.0;23.0;27.0;696.0;33.0;11.0;16.0;21.0;561.0;33.0;0.0;33.0;831.0;60.0;315.0;5;4;4;5;4;4;4;0;0;0;0;0;0;0;0;0;1;0;0;0;0;0;0;1.0;0.0;0.0;0.0;0.0;0.0;0.0;0.0;0.0;0.0;0.0;0.0;0.0;0.0;0.0;0.0;0.0;0.0;0.0;0.0;0.0;0.0;0.0;0.0;0.0;0.0;0.0;0.0;0.0;0.0;0.0;0.0;1.0;0.0;1.0;2.0;4.0;0.0;0.0;1.0;0.0;0;0;0;0;UMUARAMA;REGIÃO OESTE;1
14841.0;2015-12-31;16.0;21.0;24.0;27.0;747.0;32.0;8.0;16.0;22.0;610.0;32.0;0.0;32.0;884.0;59.0;262.0;4;5;5;4;4;4;5;0;0;1;0;0;0;0;0;0;0;0;0;0;0;0;0;1.0;0.0;0.0;0.0;0.0;0.0;0.0;0.0;0.0;0.0;0.0;0.0;0.0;0.0;0.0;0.0;0.0;0.0;0.0;0.0;0.0;0.0;0.0;0.0;0.0;0.0;0.0;0.0;0.0;0.0;0.0;0.0;1.0;0.0;1.0;2.0;4.0;0.0;0.0;1.0;0.0;0;0;0;0;UMUARAMA;REGIÃO OESTE;2
15401.0;2016-01-31;15.0;22.0;25.0;28.0;766.0;34.0;7.0;15.0;23.0;602.0;34.0;0.0;34.0;930.0;77.0;227.0;5;4;4;4;5;5;4;0;0;0;0;1;0;0;0;0;0;0;0;0;0;0;0;0.0;1.0;0.0;0.0;0.0;0.0;0.0;0.0;0.0;0.0;0.0;0.0;0.0;0.0;0.0;0.0;0.0;0.0;0.0;0.0;0.0;0.0;0.0;0.0;0.0;0.0;0.0;0.0;0.0;0.0;0.0;0.0;1.0;0.0;0.9354838709677419;2.0;4.0;0.0;0.0;1.0;0.0;31;0;0;0;UMUARAMA;REGIÃO OESTE;3
18155.0;2016-02-29;19.0;22.0;25.0;28.0;735.0;33.0;10.0;19.0;23.0;599.0;33.0;0.0;33.0;870.0;47.0;284.0;4;4;4;5;4;4;4;0;0;0;1;0;0;0;0;0;0;0;0;0;0;0;0;0.0;1.0;0.0;0.0;0.0;0.0;0.0;0.0;0.0;0.0;0.0;0.0;0.0;0.0;0.0;0.0;0.0;0.0;0.0;0.0;0.0;0.0;0.0;0.0;0.0;0.0;0.0;0.0;0.0;0.0;0.0;0.0;1.0;0.0;0.0;2.0;4.0;0.0;0.0;1.0;0.0;0;3;0;0;UMUARAMA;REGIÃO OESTE;4
23177.0;2016-03-31;14.0;21.0;24.0;27.0;739.0;34.0;5.0;14.0;21.0;561.0;34.0;0.0;34.0;917.0;41.0;145.0;4;5;5;4;4;4;5;0;0;0;0;0;0;0;0;1;0;0;0;0;0;0;0;0.0;1.0;0.0;0.0;0.0;0.0;0.0;0.0;0.0;0.0;0.0;0.0;0.0;0.0;0.0;0.0;0.0;0.0;0.0;0.0;0.0;0.0;0.0;0.0;0.0;0.0;0.0;0.0;0.0;0.0;0.0;0.0;1.0;0.0;0.0;2.5806451612903225;4.0;0.0;0.0;1.0;0.0;0;1;0;0;UMUARAMA;REGIÃO OESTE;5
21750.0;2016-04-30;5.0;11.0;24.0;28.0;719.0;34.0;3.0;5.0;23.0;541.0;34.0;0.0;34.0;898.0;68.0;102.0;4;4;4;4;5;5;4;1;0;0;0;0;0;0;0;0;0;0;0;0;0;0;0;0.0;1.0;0.0;0.0;0.0;0.0;0.0;0.0;0.0;0.0;0.0;0.0;0.0;0.0;0.0;0.0;0.0;0.0;0.0;0.0;0.0;0.0;0.0;0.0;0.0;0.0;0.0;0.0;0.0;0.0;0.0;0.0;1.0;0.0;0.0;3.0;4.0;0.0;0.0;1.0;0.0;0;0;0;0;UMUARAMA;REGIÃO OESTE;6
17615.0;2016-05-31;7.0;13.0;18.0;21.0;543.0;28.0;11.0;7.0;19.0;406.0;28.0;0.0;28.0;680.0;117.0;344.0;5;4;4;5;4;4;5;0;0;0;0;0;0;0;1;0;0;0;0;0;0;0;0;0.0;1.0;0.0;0.0;0.0;0.0;0.0;0.0;0.0;0.0;0.0;0.0;0.0;0.0;0.0;0.0;0.0;0.0;0.0;0.0;0.0;0.0;0.0;0.0;0.0;0.0;0.0;0.0;0.0;0.0;0.0;0.0;1.0;0.0;0.0;3.0;4.0;0.0;0.0;1.0;0.0;0;1;0;0;UMUARAMA;REGIÃO OESTE;7
15486.0;2016-06-30;1.0;10.0;15.0;19.0;461.0;26.0;1.0;1.0;16.0;288.0;26.0;0.0;26.0;633.0;7.0;31.0;4;5;5;4;4;4;4;0;0;0;0;0;0;1;0;0;0;0;0;0;0;0;0;0.0;1.0;0.0;0.0;0.0;0.0;0.0;0.0;0.0;0.0;0.0;0.0;0.0;0.0;0.0;0.0;0.0;0.0;0.0;0.0;0.0;0.0;0.0;0.0;0.0;0.0;0.0;0.0;0.0;0.0;0.0;0.0;1.0;0.0;0.0;3.0;4.0;0.0;0.0;1.0;0.0;0;0;0;0;UMUARAMA;REGIÃO OESTE;8
14366.0;2016-07-31;4.0;12.0;18.0;22.0;546.0;30.0;3.0;4.0;17.0;341.0;30.0;0.0;30.0;751.0;88.0;93.0;5;4;4;4;5;5;4;0;0;0;0;0;1;0;0;0;0;0;0;0;0;0;0;0.0;1.0;0.0;0.0;0.0;0.0;0.0;0.0;0.0;0.0;0.0;0.0;0.0;0.0;0.0;0.0;0.0;0.0;0.0;0.0;0.0;0.0;0.0;0.0;0.0;0.0;0.0;0.0;0.0;0.0;0.0;0.0;1.0;0.0;0.0;3.0;4.0;0.0;0.0;1.0;0.0;14;0;0;0;UMUARAMA;REGIÃO OESTE;9
14165.0;2016-08-31;5.0;13.0;19.0;24.0;584.0;33.0;9.0;5.0;18.0;396.0;33.0;0.0;33.0;772.0;58.0;278.0;4;5;4;5;4;4;5;0;1;0;0;0;0;0;0;0;0;0;0;0;0;0;0;0.0;1.0;0.0;0.0;0.0;0.0;0.0;0.0;0.0;0.0;0.0;0.0;0.0;0.0;0.0;0.0;0.0;0.0;0.0;0.0;0.0;0.0;0.0;0.0;0.0;0.0;0.0;0.0;0.0;0.0;0.0;0.0;1.0;0.0;0.0;3.0;4.0;0.0;0.0;1.0;0.0;0;0;0;0;UMUARAMA;REGIÃO OESTE;10
15252.0;2016-09-30;6.0;14.0;20.0;26.0;595.0;34.0;6.0;6.0;19.0;375.0;34.0;0.0;34.0;814.0;74.0;179.0;4;4;5;4;5;4;4;0;0;0;0;0;0;0;0;0;0;0;1;0;0;0;0;0.0;1.0;0.0;0.0;0.0;0.0;0.0;0.0;0.0;0.0;0.0;0.0;0.0;0.0;0.0;0.0;0.0;0.0;0.0;0.0;0.0;0.0;0.0;0.0;0.0;0.0;0.0;0.0;0.0;0.0;0.0;0.0;1.0;0.0;0.0;3.0;4.0;0.0;0.0;1.0;0.0;0;0;0;0;UMUARAMA;REGIÃO OESTE;11
18553.0;2016-10-31;10.0;17.0;22.0;29.0;689.0;36.0;9.0;10.0;22.0;484.0;36.0;0.0;36.0;894.0;59.0;269.0;5;4;4;5;4;5;4;0;0;0;0;0;0;0;0;0;0;1;0;0;0;0;0;0.0;1.0;0.0;0.0;0.0;0.0;0.0;0.0;0.0;0.0;0.0;0.0;0.0;0.0;0.0;0.0;0.0;0.0;0.0;0.0;0.0;0.0;0.0;0.0;0.0;0.0;0.0;0.0;0.0;0.0;0.0;0.0;1.0;0.0;0.0;3.0;4.0;0.0;0.0;1.0;0.0;0;0;0;0;UMUARAMA;REGIÃO OESTE;12
19884.0;2016-11-30;11.0;18.0;24.0;28.0;711.0;33.0;2.0;11.0;23.0;536.0;33.0;0.0;33.0;885.0;25.0;68.0;4;5;4;4;4;4;5;0;0;0;0;0;0;0;0;0;1;0;0;0;0;0;0;0.0;1.0;0.0;0.0;0.0;0.0;0.0;0.0;0.0;0.0;0.0;0.0;0.0;0.0;0.0;0.0;0.0;0.0;0.0;0.0;0.0;0.0;0.0;0.0;0.0;0.0;0.0;0.0;0.0;0.0;0.0;0.0;1.0;0.0;0.0;3.0;4.0;0.0;0.0;1.0;0.0;0;0;0;0;UMUARAMA;REGIÃO OESTE;13
16947.0;2016-12-31;14.0;19.0;24.0;28.0;754.0;34.0;5.0;14.0;23.0;603.0;34.0;0.0;34.0;904.0;44.0;151.0;4;4;5;4;5;5;4;0;0;1;0;0;0;0;0;0;0;0;0;0;0;0;0;0.0;1.0;0.0;0.0;0.0;0.0;0.0;0.0;0.0;0.0;0.0;0.0;0.0;0.0;0.0;0.0;0.0;0.0;0.0;0.0;0.0;0.0;0.0;0.0;0.0;0.0;0.0;0.0;0.0;0.0;0.0;0.0;1.0;0.0;0.0;3.0;4.0;0.0;0.0;1.0;0.0;0;0;0;0;UMUARAMA;REGIÃO OESTE;14
15156.0;2017-01-31;17.0;22.0;25.0;29.0;777.0;34.0;6.0;17.0;24.0;627.0;34.0;0.0;34.0;927.0;23.0;185.0;5;4;4;5;4;4;5;0;0;0;0;1;0;0;0;0;0;0;0;0;0;0;0;0.0;0.0;1.0;0.0;0.0;0.0;0.0;0.0;0.0;0.0;0.0;0.0;0.0;0.0;0.0;0.0;0.0;0.0;0.0;0.0;0.0;0.0;0.0;0.0;0.0;0.0;0.0;0.0;0.0;0.0;0.0;0.0;1.0;0.0;0.0;3.0;4.0;0.0;0.0;1.0;0.0;31;0;0;0;UMUARAMA;REGIÃO OESTE;15
20016.0;2017-02-28;18.0;23.0;26.0;29.0;725.0;35.0;4.0;18.0;23.0;573.0;35.0;0.0;35.0;877.0;36.0;107.0;4;4;4;4;4;4;4;0;0;0;1;0;0;0;0;0;0;0;0;0;0;0;0;0.0;0.0;1.0;0.0;0.0;0.0;0.0;0.0;0.0;0.0;0.0;0.0;0.0;0.0;0.0;0.0;0.0;0.0;0.0;0.0;0.0;0.0;0.0;0.0;0.0;0.0;0.0;0.0;0.0;0.0;0.0;0.0;1.0;0.0;0.0;3.0;4.821428571428571;0.0;0.0;1.8214285714285714;0.0;0;2;0;0;UMUARAMA;REGIÃO OESTE;16
25790.0;2017-03-31;14.0;20.0;24.0;27.0;743.0;33.0;4.0;14.0;22.0;580.0;33.0;0.0;33.0;906.0;27.0;134.0;4;5;5;4;5;4;4;0;0;0;0;0;0;0;0;1;0;0;0;0;0;0;0;0.0;0.0;1.0;0.0;0.0;0.0;0.0;0.0;0.0;0.0;0.0;0.0;0.0;0.0;0.0;0.0;0.0;0.0;0.0;0.0;0.0;0.0;0.0;0.0;0.0;0.0;0.0;0.0;0.0;0.0;0.0;0.0;1.0;0.0;0.0;3.0;5.0;0.0;0.0;2.0;0.0;0;1;0;0;UMUARAMA;REGIÃO OESTE;17
19410.0;2017-04-30;7.0;16.0;21.0;25.0;639.0;30.0;5.0;7.0;21.0;483.0;30.0;0.0;30.0;795.0;48.0;149.0;5;4;4;4;4;5;4;1;0;0;0;0;0;0;0;0;0;0;0;0;0;0;0;0.0;0.0;1.0;0.0;0.0;0.0;0.0;0.0;0.0;0.0;0.0;0.0;0.0;0.0;0.0;0.0;0.0;0.0;0.0;0.0;0.0;0.0;0.0;0.0;0.0;0.0;0.0;0.0;0.0;0.0;0.0;0.0;1.0;0.0;0.0;3.0;5.0;0.0;0.0;2.0;0.0;0;1;0;0;UMUARAMA;REGIÃO OESTE;18
16980.0;2017-05-31;13.0;16.0;20.0;23.0;619.0;29.0;9.0;13.0;19.0;472.0;29.0;0.0;29.0;765.0;91.0;273.0;4;5;4;5;4;4;5;0;0;0;0;0;0;0;1;0;0;0;0;0;0;0;0;0.0;0.0;1.0;0.0;0.0;0.0;0.0;0.0;0.0;0.0;0.0;0.0;0.0;0.0;0.0;0.0;0.0;0.0;0.0;0.0;0.0;0.0;0.0;0.0;0.0;0.0;0.0;0.0;0.0;0.0;0.0;0.0;1.0;0.0;0.0;3.0;5.0;0.0;0.0;2.0;0.0;0;0;0;0;UMUARAMA;REGIÃO OESTE;19
14076.0;2017-06-30;3.0;11.0;18.0;23.0;532.0;29.0;5.0;3.0;18.0;356.0;29.0;0.0;29.0;709.0;64.0;149.0;4;4;5;4;5;4;4;0;0;0;0;0;0;1;0;0;0;0;0;0;0;0;0;0.0;0.0;1.0;0.0;0.0;0.0;0.0;0.0;0.0;0.0;0.0;0.0;0.0;0.0;0.0;0.0;0.0;0.0;0.0;0.0;0.0;0.0;0.0;0.0;0.0;0.0;0.0;0.0;0.0;0.0;0.0;0.0;1.0;0.0;0.0;3.0;5.0;0.0;0.0;2.0;0.0;0;1;0;0;UMUARAMA;REGIÃO OESTE;20
15076.0;2017-07-31;2.0;10.0;17.0;20.0;531.0;28.0;0.0;2.0;14.0;305.0;28.0;0.0;28.0;757.0;2.0;2.0;5;4;4;5;4;5;4;0;0;0;0;0;1;0;0;0;0;0;0;0;0;0;0;0.0;0.0;1.0;0.0;0.0;0.0;0.0;0.0;0.0;0.0;0.0;0.0;0.0;0.0;0.0;0.0;0.0;0.0;0.0;0.0;0.0;0.0;0.0;0.0;0.0;0.0;0.0;0.0;0.0;0.0;0.0;0.0;1.0;0.0;0.0;3.0;5.0;0.0;0.0;2.0;0.0;16;0;0;0;UMUARAMA;REGIÃO OESTE;21
17822.0;2017-08-31;7.0;14.0;19.0;26.0;604.0;33.0;7.0;7.0;21.0;400.0;33.0;0.0;33.0;808.0;64.0;222.0;4;5;5;4;4;4;5;0;1;0;0;0;0;0;0;0;0;0;0;0;0;0;0;0.0;0.0;1.0;0.0;0.0;0.0;0.0;0.0;0.0;0.0;0.0;0.0;0.0;0.0;0.0;0.0;0.0;0.0;0.0;0.0;0.0;0.0;0.0;0.0;0.0;0.0;0.0;0.0;0.0;0.0;0.0;0.0;1.0;0.0;0.0;3.0;4.580645161290323;0.0;0.0;2.0;0.0;0;0;0;0;UMUARAMA;REGIÃO OESTE;22
22128.0;2017-09-30;13.0;19.0;24.0;27.0;717.0;35.0;1.0;13.0;20.0;493.0;35.0;0.0;35.0;941.0;20.0;39.0;4;4;4;4;5;5;4;0;0;0;0;0;0;0;0;0;0;0;1;0;0;0;0;0.0;0.0;1.0;0.0;0.0;0.0;0.0;0.0;0.0;0.0;0.0;0.0;0.0;0.0;0.0;0.0;0.0;0.0;0.0;0.0;0.0;0.0;0.0;0.0;0.0;0.0;0.0;0.0;0.0;0.0;0.0;0.0;1.0;0.0;0.0;3.0;4.0;0.0;0.0;2.0;0.0;0;0;0;0;UMUARAMA;REGIÃO OESTE;23
21564.0;2017-10-31;9.0;17.0;22.0;29.0;692.0;36.0;12.0;9.0;21.0;499.0;36.0;0.0;36.0;886.0;70.0;376.0;5;4;4;5;4;4;5;0;0;0;0;0;0;0;0;0;0;1;0;0;0;0;0;0.0;0.0;1.0;0.0;0.0;0.0;0.0;0.0;0.0;0.0;0.0;0.0;0.0;0.0;0.0;0.0;0.0;0.0;0.0;0.0;0.0;0.0;0.0;0.0;0.0;0.0;0.0;0.0;0.0;0.0;0.0;0.0;1.0;0.0;0.0;3.0;4.0;0.0;0.0;2.0;0.0;0;0;0;0;UMUARAMA;REGIÃO OESTE;24
23004.0;2017-11-30;12.0;19.0;23.0;27.0;686.0;35.0;4.0;12.0;21.0;512.0;35.0;0.0;35.0;860.0;35.0;114.0;4;5;5;4;4;4;4;0;0;0;0;0;0;0;0;0;1;0;0;0;0;0;0;0.0;0.0;1.0;0.0;0.0;0.0;0.0;0.0;0.0;0.0;0.0;0.0;0.0;0.0;0.0;0.0;0.0;0.0;0.0;0.0;0.0;0.0;0.0;0.0;0.0;0.0;0.0;0.0;0.0;0.0;0.0;0.0;1.0;0.0;0.0;3.0;4.0;0.0;0.0;2.0;0.0;0;0;0;0;UMUARAMA;REGIÃO OESTE;25
19826.0;2017-12-31;16.0;22.0;25.0;29.0;762.0;34.0;3.0;16.0;24.0;619.0;34.0;0.0;34.0;905.0;16.0;104.0;5;4;4;4;5;5;4;0;0;1;0;0;0;0;0;0;0;0;0;0;0;0;0;0.0;0.0;1.0;0.0;0.0;0.0;0.0;0.0;0.0;0.0;0.0;0.0;0.0;0.0;0.0;0.0;0.0;0.0;0.0;0.0;0.0;0.0;0.0;0.0;0.0;0.0;0.0;0.0;0.0;0.0;0.0;0.0;1.0;0.0;0.0;3.0;3.7096774193548385;0.0;0.0;2.0;0.0;0;0;0;0;UMUARAMA;REGIÃO OESTE;26
16017.0;2018-01-31;17.0;20.0;24.0;27.0;751.0;33.0;9.0;17.0;22.0;612.0;33.0;0.0;33.0;890.0;36.0;291.0;4;5;4;5;4;4;5;0;0;0;0;1;0;0;0;0;0;0;0;0;0;0;0;0.0;0.0;0.0;1.0;0.0;0.0;0.0;0.0;0.0;0.0;0.0;0.0;0.0;0.0;0.0;0.0;0.0;0.0;0.0;0.0;0.0;0.0;0.0;0.0;0.0;0.0;0.0;0.0;0.0;0.0;0.0;0.0;1.0;0.0;0.0;3.0;3.0;0.0;0.0;2.0;0.0;31;0;0;0;UMUARAMA;REGIÃO OESTE;27
20740.0;2018-02-28;16.0;20.0;24.0;26.0;663.0;33.0;4.0;16.0;21.0;514.0;33.0;0.0;33.0;811.0;34.0;114.0;4;4;4;4;4;4;4;0;0;0;1;0;0;0;0;0;0;0;0;0;0;0;0;0.0;0.0;0.0;1.0;0.0;0.0;0.0;0.0;0.0;0.0;0.0;0.0;0.0;0.0;0.0;0.0;0.0;0.0;0.0;0.0;0.0;0.0;0.0;0.0;0.0;0.0;0.0;0.0;0.0;0.0;0.0;0.0;1.0;0.0;0.0;3.0;3.0;0.8214285714285714;0.8214285714285714;2.8214285714285716;0.0;0;3;0;0;UMUARAMA;REGIÃO OESTE;28
30992.0;2018-03-31;17.0;21.0;25.0;28.0;777.0;34.0;6.0;17.0;22.0;622.0;34.0;0.0;34.0;931.0;34.0;181.0;4;4;5;4;5;5;4;0;0;0;0;0;0;0;0;1;0;0;0;0;0;0;0;0.0;0.0;0.0;1.0;0.0;0.0;0.0;0.0;0.0;0.0;0.0;0.0;0.0;0.0;0.0;0.0;0.0;0.0;0.0;0.0;0.0;0.0;0.0;0.0;0.0;0.0;0.0;0.0;0.0;0.0;0.0;0.0;1.0;0.0;0.0;3.0;3.0;1.0;1.0;3.0;0.0;0;1;0;0;UMUARAMA;REGIÃO OESTE;29
29238.0;2018-04-30;14.0;20.0;23.0;25.0;694.0;31.0;1.0;14.0;22.0;515.0;31.0;0.0;31.0;873.0;13.0;16.0;5;4;4;5;4;4;4;1;0;0;0;0;0;0;0;0;0;0;0;0;0;0;0;0.0;0.0;0.0;1.0;0.0;0.0;0.0;0.0;0.0;0.0;0.0;0.0;0.0;0.0;0.0;0.0;0.0;0.0;0.0;0.0;0.0;0.0;0.0;0.0;0.0;0.0;0.0;0.0;0.0;0.0;0.0;0.0;1.0;0.0;0.0;3.0;3.0;1.0;1.0;3.0;0.0;0;0;0;0;UMUARAMA;REGIÃO OESTE;30
20898.0;2018-05-31;6.0;13.0;20.0;24.0;615.0;31.0;1.0;6.0;18.0;424.0;31.0;0.0;31.0;807.0;29.0;36.0;4;5;5;4;4;4;5;0;0;0;0;0;0;0;1;0;0;0;0;0;0;0;0;0.0;0.0;0.0;1.0;0.0;0.0;0.0;0.0;0.0;0.0;0.0;0.0;0.0;0.0;0.0;0.0;0.0;0.0;0.0;0.0;0.0;0.0;0.0;0.0;0.0;0.0;0.0;0.0;0.0;0.0;0.0;0.0;1.0;0.0;0.0;3.0;3.0;1.0;1.0;3.0;0.0;0;1;0;0;UMUARAMA;REGIÃO OESTE;31
16200.0;2018-06-30;6.0;13.0;19.0;23.0;555.0;30.0;3.0;6.0;20.0;399.0;30.0;0.0;30.0;711.0;45.0;79.0;4;4;4;4;5;5;4;0;0;0;0;0;0;1;0;0;0;0;0;0;0;0;0;0.0;0.0;0.0;1.0;0.0;0.0;0.0;0.0;0.0;0.0;0.0;0.0;0.0;0.0;0.0;0.0;0.0;0.0;0.0;0.0;0.0;0.0;0.0;0.0;0.0;0.0;0.0;0.0;0.0;0.0;0.0;0.0;1.0;0.0;0.0;3.0;3.0;1.0;1.0;3.0;0.0;0;0;0;0;UMUARAMA;REGIÃO OESTE;32
15839.0;2018-07-31;4.0;12.0;19.0;24.0;603.0;30.0;0.0;4.0;17.0;387.0;30.0;0.0;30.0;819.0;13.0;14.0;5;4;4;5;4;4;5;0;0;0;0;0;1;0;0;0;0;0;0;0;0;0;0;0.0;0.0;0.0;1.0;0.0;0.0;0.0;0.0;0.0;0.0;0.0;0.0;0.0;0.0;0.0;0.0;0.0;0.0;0.0;0.0;0.0;0.0;0.0;0.0;0.0;0.0;0.0;0.0;0.0;0.0;0.0;0.0;1.0;0.0;0.0;3.0;3.0;1.0;1.0;3.0;0.0;16;0;0;0;UMUARAMA;REGIÃO OESTE;33
16878.0;2018-08-31;4.0;12.0;18.0;24.0;547.0;32.0;14.0;4.0;16.0;361.0;32.0;0.0;32.0;732.0;105.0;419.0;4;5;5;4;5;4;4;0;1;0;0;0;0;0;0;0;0;0;0;0;0;0;0;0.0;0.0;0.0;1.0;0.0;0.0;0.0;0.0;0.0;0.0;0.0;0.0;0.0;0.0;0.0;0.0;0.0;0.0;0.0;0.0;0.0;0.0;0.0;0.0;0.0;0.0;0.0;0.0;0.0;0.0;0.0;0.0;1.0;0.0;0.0;3.0;2.3225806451612905;1.0;1.0;3.0;0.0;0;0;0;0;UMUARAMA;REGIÃO OESTE;34
19332.0;2018-09-30;8.0;15.0;21.0;27.0;630.0;35.0;7.0;8.0;21.0;450.0;35.0;0.0;35.0;810.0;97.0;220.0;5;4;4;4;4;5;4;0;0;0;0;0;0;0;0;0;0;0;1;0;0;0;0;0.0;0.0;0.0;1.0;0.0;0.0;0.0;0.0;0.0;0.0;0.0;0.0;0.0;0.0;0.0;0.0;0.0;0.0;0.0;0.0;0.0;0.0;0.0;0.0;0.0;0.0;0.0;0.0;0.0;0.0;0.0;0.0;1.0;0.0;0.0;3.0;2.0;1.0;1.0;3.0;0.0;0;0;0;0;UMUARAMA;REGIÃO OESTE;35
20848.0;2018-10-31;14.0;18.0;22.0;25.0;692.0;32.0;10.0;14.0;20.0;537.0;32.0;0.0;32.0;847.0;38.0;309.0;4;5;4;5;4;4;5;0;0;0;0;0;0;0;0;0;0;1;0;0;0;0;0;0.0;0.0;0.0;1.0;0.0;0.0;0.0;0.0;0.0;0.0;0.0;0.0;0.0;0.0;0.0;0.0;0.0;0.0;0.0;0.0;0.0;0.0;0.0;0.0;0.0;0.0;0.0;0.0;0.0;0.0;0.0;0.0;1.0;0.0;0.0;3.0;2.0;1.0;1.0;3.0;0.0;0;0;0;0;UMUARAMA;REGIÃO OESTE;36
26400.0;2018-11-30;13.0;19.0;24.0;29.0;707.0;35.0;3.0;13.0;25.0;522.0;35.0;0.0;35.0;892.0;22.0;82.0;4;4;5;4;5;4;4;0;0;0;0;0;0;0;0;0;1;0;0;0;0;0;0;0.0;0.0;0.0;1.0;0.0;0.0;0.0;0.0;0.0;0.0;0.0;0.0;0.0;0.0;0.0;0.0;0.0;0.0;0.0;0.0;0.0;0.0;0.0;0.0;0.0;0.0;0.0;0.0;0.0;0.0;0.0;0.0;1.0;0.0;0.0;3.0;2.0;1.0;1.0;3.0;0.0;0;0;0;0;UMUARAMA;REGIÃO OESTE;37
23859.0;2018-12-31;14.0;21.0;26.0;29.0;796.0;35.0;3.0;14.0;24.0;620.0;35.0;0.0;35.0;971.0;18.0;80.0;5;4;4;5;4;5;4;0;0;1;0;0;0;0;0;0;0;0;0;0;0;0;0;0.0;0.0;0.0;1.0;0.0;0.0;0.0;0.0;0.0;0.0;0.0;0.0;0.0;0.0;0.0;0.0;0.0;0.0;0.0;0.0;0.0;0.0;0.0;0.0;0.0;0.0;0.0;0.0;0.0;0.0;0.0;0.0;1.0;0.0;0.0;3.0;1.6129032258064515;1.0;1.0;3.0;0.0;0;0;0;0;UMUARAMA;REGIÃO OESTE;38
19316.0;2019-01-31;19.0;24.0;27.0;30.0;828.0;36.0;4.0;19.0;26.0;675.0;36.0;0.0;36.0;981.0;29.0;135.0;4;5;5;4;4;4;5;0;0;0;0;1;0;0;0;0;0;0;0;0;0;0;0;0.0;0.0;0.0;0.0;1.0;0.0;0.0;0.0;0.0;0.0;0.0;0.0;0.0;0.0;0.0;0.0;0.0;0.0;0.0;0.0;0.0;0.0;0.0;0.0;0.0;0.0;0.0;0.0;0.0;0.0;0.0;0.0;1.0;0.0;0.0;3.0;0.0;1.0;1.0;3.0;0.0;31;0;0;0;UMUARAMA;REGIÃO OESTE;39
22640.0;2019-02-28;16.0;21.0;25.0;30.0;702.0;36.0;7.0;16.0;24.0;556.0;36.0;0.0;36.0;848.0;71.0;203.0;4;4;4;4;4;4;4;0;0;0;1;0;0;0;0;0;0;0;0;0;0;0;0;0.0;0.0;0.0;0.0;1.0;0.0;0.0;0.0;0.0;0.0;0.0;0.0;0.0;0.0;0.0;0.0;0.0;0.0;0.0;0.0;0.0;0.0;0.0;0.0;0.0;0.0;0.0;0.0;0.0;0.0;0.0;0.0;1.0;0.0;0.0;3.0;0.0;1.0;1.0;3.7857142857142856;0.0;0;0;0;0;UMUARAMA;REGIÃO OESTE;40
30881.0;2019-03-31;16.0;21.0;25.0;27.0;760.0;32.0;4.0;16.0;22.0;600.0;32.0;0.0;32.0;921.0;20.0;121.0;5;4;4;4;5;5;4;0;0;0;0;0;0;0;0;1;0;0;0;0;0;0;0;0.0;0.0;0.0;0.0;1.0;0.0;0.0;0.0;0.0;0.0;0.0;0.0;0.0;0.0;0.0;0.0;0.0;0.0;0.0;0.0;0.0;0.0;0.0;0.0;0.0;0.0;0.0;0.0;0.0;0.0;0.0;0.0;1.0;0.0;0.0;3.0;0.0;1.0;1.0;4.0;0.0;0;3;0;0;UMUARAMA;REGIÃO OESTE;41
29220.0;2019-04-30;14.0;21.0;23.0;26.0;701.0;31.0;1.0;14.0;22.0;548.0;31.0;0.0;31.0;854.0;6.0;29.0;4;4;4;5;4;4;5;1;0;0;0;0;0;0;0;0;0;0;0;0;0;0;0;0.0;0.0;0.0;0.0;1.0;0.0;0.0;0.0;0.0;0.0;0.0;0.0;0.0;0.0;0.0;0.0;0.0;0.0;0.0;0.0;0.0;0.0;0.0;0.0;0.0;0.0;0.0;0.0;0.0;0.0;0.0;0.0;1.0;0.0;0.0;3.0;0.0;1.0;1.0;4.0;0.0;0;1;0;0;UMUARAMA;REGIÃO OESTE;42
22518.0;2019-05-31;9.0;14.0;21.0;26.0;638.0;31.0;3.0;9.0;21.0;498.0;31.0;0.0;31.0;778.0;51.0;99.0;4;5;5;4;5;4;4;0;0;0;0;0;0;0;1;0;0;0;0;0;0;0;0;0.0;0.0;0.0;0.0;1.0;0.0;0.0;0.0;0.0;0.0;0.0;0.0;0.0;0.0;0.0;0.0;0.0;0.0;0.0;0.0;0.0;0.0;0.0;0.0;0.0;0.0;0.0;0.0;0.0;0.0;0.0;0.0;1.0;0.0;0.0;3.0;0.0;1.0;1.0;4.0;0.0;0;0;0;0;UMUARAMA;REGIÃO OESTE;43
14850.0;2019-06-30;7.0;13.0;19.0;23.0;581.0;29.0;3.0;7.0;18.0;410.0;29.0;0.0;29.0;753.0;61.0;79.0;5;4;4;4;4;5;4;0;0;0;0;0;0;1;0;0;0;0;0;0;0;0;0;0.0;0.0;0.0;0.0;1.0;0.0;0.0;0.0;0.0;0.0;0.0;0.0;0.0;0.0;0.0;0.0;0.0;0.0;0.0;0.0;0.0;0.0;0.0;0.0;0.0;0.0;0.0;0.0;0.0;0.0;0.0;0.0;1.0;0.0;0.0;3.0;0.0;1.0;1.0;4.0;0.0;0;1;0;0;UMUARAMA;REGIÃO OESTE;44
13299.0;2019-07-31;-0.0;8.0;18.0;23.0;552.0;30.0;2.0;-0.0;17.0;360.0;30.0;0.0;30.0;744.0;26.0;50.0;4;5;4;5;4;4;5;0;0;0;0;0;1;0;0;0;0;0;0;0;0;0;0;0.0;0.0;0.0;0.0;1.0;0.0;0.0;0.0;0.0;0.0;0.0;0.0;0.0;0.0;0.0;0.0;0.0;0.0;0.0;0.0;0.0;0.0;0.0;0.0;0.0;0.0;0.0;0.0;0.0;0.0;0.0;0.0;1.0;0.0;0.0;3.0;0.0;1.0;1.0;4.0;0.0;16;0;0;0;UMUARAMA;REGIÃO OESTE;45
16016.0;2019-08-31;5.0;12.0;19.0;24.0;600.0;32.0;0.0;5.0;18.0;386.0;32.0;0.0;32.0;815.0;2.0;4.0;4;4;5;4;5;5;4;0;1;0;0;0;0;0;0;0;0;0;0;0;0;0;0;0.0;0.0;0.0;0.0;1.0;0.0;0.0;0.0;0.0;0.0;0.0;0.0;0.0;0.0;0.0;0.0;0.0;0.0;0.0;0.0;0.0;0.0;0.0;0.0;0.0;0.0;0.0;0.0;0.0;0.0;0.0;0.0;1.0;0.0;0.0;3.0;0.0;1.0;1.0;4.0;0.0;0;0;0;0;UMUARAMA;REGIÃO OESTE;46
20832.0;2019-09-30;12.0;17.0;23.0;29.0;687.0;36.0;3.0;12.0;22.0;503.0;36.0;0.0;36.0;871.0;44.0;89.0;5;4;4;5;4;4;4;0;0;0;0;0;0;0;0;0;0;0;1;0;0;0;0;0.0;0.0;0.0;0.0;1.0;0.0;0.0;0.0;0.0;0.0;0.0;0.0;0.0;0.0;0.0;0.0;0.0;0.0;0.0;0.0;0.0;0.0;0.0;0.0;0.0;0.0;0.0;0.0;0.0;0.0;0.0;0.0;1.0;0.0;0.0;3.0;0.0;1.0;1.0;4.0;0.0;0;0;0;0;UMUARAMA;REGIÃO OESTE;47
27647.0;2019-10-31;14.0;19.0;25.0;30.0;782.0;38.0;4.0;14.0;23.0;574.0;38.0;0.0;38.0;990.0;25.0;114.0;4;5;5;4;4;4;5;0;0;0;0;0;0;0;0;0;0;1;0;0;0;0;0;0.0;0.0;0.0;0.0;1.0;0.0;0.0;0.0;0.0;0.0;0.0;0.0;0.0;0.0;0.0;0.0;0.0;0.0;0.0;0.0;0.0;0.0;0.0;0.0;0.0;0.0;0.0;0.0;0.0;0.0;0.0;0.0;1.0;0.0;0.0;3.0;0.0;1.0;1.0;4.0;0.0;0;0;0;0;UMUARAMA;REGIÃO OESTE;48
30444.0;2019-11-30;14.0;22.0;25.0;30.0;743.0;37.0;3.0;14.0;24.0;550.0;37.0;0.0;37.0;937.0;24.0;97.0;4;4;4;4;5;5;4;0;0;0;0;0;0;0;0;0;1;0;0;0;0;0;0;0.0;0.0;0.0;0.0;1.0;0.0;0.0;0.0;0.0;0.0;0.0;0.0;0.0;0.0;0.0;0.0;0.0;0.0;0.0;0.0;0.0;0.0;0.0;0.0;0.0;0.0;0.0;0.0;0.0;0.0;0.0;0.0;1.0;0.0;0.0;3.0;0.0;1.0;1.0;4.0;0.0;0;0;0;0;UMUARAMA;REGIÃO OESTE;49
20670.0;2019-12-31;16.0;20.0;24.0;28.0;741.0;34.0;10.0;16.0;22.0;587.0;34.0;0.0;34.0;896.0;51.0;308.0;5;4;4;5;4;4;5;0;0;1;0;0;0;0;0;0;0;0;0;0;0;0;0;0.0;0.0;0.0;0.0;1.0;0.0;0.0;0.0;0.0;0.0;0.0;0.0;0.0;0.0;0.0;0.0;0.0;0.0;0.0;0.0;0.0;0.0;0.0;0.0;0.0;0.0;0.0;0.0;0.0;0.0;0.0;0.0;1.0;0.0;0.0;3.0;0.0;1.0;1.0;4.0;0.0;0;0;0;0;UMUARAMA;REGIÃO OESTE;50
16474.0;2020-01-31;17.0;20.0;25.0;28.0;768.0;33.0;5.0;17.0;23.0;632.0;33.0;0.0;33.0;904.0;47.0;152.0;4;5;5;4;5;4;4;0;0;0;0;1;0;0;0;0;0;0;0;0;0;0;0;0.0;0.0;0.0;0.0;0.0;1.0;0.0;0.0;0.0;0.0;0.0;0.0;0.0;0.0;0.0;0.0;0.0;0.0;0.0;0.0;0.0;0.0;0.0;0.0;0.0;0.0;0.0;0.0;0.0;0.0;0.0;0.0;1.0;0.0;0.0;3.0;0.0;1.0;1.0;4.0;0.0;31;0;0;0;UMUARAMA;REGIÃO OESTE;51
24261.0;2020-02-29;15.0;22.0;24.0;28.0;705.0;34.0;3.0;15.0;22.0;565.0;34.0;0.0;34.0;845.0;24.0;83.0;4;4;4;4;4;5;4;0;0;0;1;0;0;0;0;0;0;0;0;0;0;0;0;0.0;0.0;0.0;0.0;0.0;1.0;0.0;0.0;0.0;0.0;0.0;0.0;0.0;0.0;0.0;0.0;0.0;0.0;0.0;0.0;0.0;0.0;0.0;0.0;0.0;0.0;0.0;0.0;0.0;0.0;0.0;0.0;1.0;0.0;0.0;3.0;0.0;1.0;1.0;4.0;0.0;0;3;0;0;UMUARAMA;REGIÃO OESTE;52
21066.0;2020-03-31;15.0;22.0;24.0;28.0;743.0;35.0;2.0;15.0;22.0;554.0;35.0;0.0;35.0;931.0;23.0;62.0;5;4;4;5;4;4;5;0;0;0;0;0;0;0;0;1;0;0;0;0;0;0;0;0.0;0.0;0.0;0.0;0.0;1.0;0.0;0.0;0.0;0.0;0.0;0.0;0.0;0.0;0.0;0.0;0.0;0.0;0.0;0.0;0.0;0.0;0.0;0.0;0.0;0.0;0.0;0.0;0.0;0.0;0.0;0.0;1.0;0.0;0.0;3.0;0.0;1.0;1.0;4.0;0.0;0;0;15;0;UMUARAMA;REGIÃO OESTE;53
10980.0;2020-04-30;10.0;17.0;22.0;26.0;657.0;32.0;2.0;10.0;21.0;472.0;32.0;0.0;32.0;842.0;25.0;50.0;4;5;5;4;4;4;4;1;0;0;0;0;0;0;0;0;0;0;0;0;0;0;0;0.0;0.0;0.0;0.0;0.0;1.0;0.0;0.0;0.0;0.0;0.0;0.0;0.0;0.0;0.0;0.0;0.0;0.0;0.0;0.0;0.0;0.0;0.0;0.0;0.0;0.0;0.0;0.0;0.0;0.0;0.0;0.0;1.0;0.0;0.0;3.0;0.0;1.0;1.0;4.0;0.0;0;1;30;0;UMUARAMA;REGIÃO OESTE;54
8658.0;2020-05-31;7.0;13.0;19.0;25.0;586.0;31.0;2.0;7.0;19.0;401.0;31.0;0.0;31.0;771.0;57.0;70.0;5;4;4;4;5;5;4;0;0;0;0;0;0;0;1;0;0;0;0;0;0;0;0;0.0;0.0;0.0;0.0;0.0;1.0;0.0;0.0;0.0;0.0;0.0;0.0;0.0;0.0;0.0;0.0;0.0;0.0;0.0;0.0;0.0;0.0;0.0;0.0;0.0;0.0;0.0;0.0;0.0;0.0;0.0;0.0;1.0;0.0;0.0;3.0;0.0;1.0;1.0;4.0;0.0;0;0;31;0;UMUARAMA;REGIÃO OESTE;55
7848.0;2020-06-30;10.0;15.0;19.0;23.0;574.0;29.0;6.0;10.0;19.0;431.0;29.0;0.0;29.0;716.0;84.0;168.0;4;4;4;5;4;4;5;0;0;0;0;0;0;1;0;0;0;0;0;0;0;0;0;0.0;0.0;0.0;0.0;0.0;1.0;0.0;0.0;0.0;0.0;0.0;0.0;0.0;0.0;0.0;0.0;0.0;0.0;0.0;0.0;0.0;0.0;0.0;0.0;0.0;0.0;0.0;0.0;0.0;0.0;0.0;0.0;1.0;0.0;0.0;3.0;0.0;1.0;1.0;4.0;0.0;0;1;30;0;UMUARAMA;REGIÃO OESTE;56
8202.0;2020-07-31;5.0;11.0;18.0;22.0;559.0;29.0;1.0;5.0;17.0;379.0;29.0;0.0;29.0;739.0;13.0;17.0;4;5;5;4;5;4;4;0;0;0;0;0;1;0;0;0;0;0;0;0;0;0;0;0.0;0.0;0.0;0.0;0.0;1.0;0.0;0.0;0.0;0.0;0.0;0.0;0.0;0.0;0.0;0.0;0.0;0.0;0.0;0.0;0.0;0.0;0.0;0.0;0.0;0.0;0.0;0.0;0.0;0.0;0.0;0.0;1.0;0.0;0.0;3.0;0.0;1.0;1.0;4.0;0.0;0;0;31;0;UMUARAMA;REGIÃO OESTE;57
8122.0;2020-08-31;4.0;11.0;18.0;24.0;572.0;34.0;6.0;4.0;17.0;384.0;34.0;0.0;34.0;760.0;48.0;183.0;5;4;4;5;4;5;4;0;1;0;0;0;0;0;0;0;0;0;0;0;0;0;0;0.0;0.0;0.0;0.0;0.0;1.0;0.0;0.0;0.0;0.0;0.0;0.0;0.0;0.0;0.0;0.0;0.0;0.0;0.0;0.0;0.0;0.0;0.0;0.0;0.0;0.0;0.0;0.0;0.0;0.0;0.0;0.0;1.0;0.0;0.0;3.0;0.0;1.0;1.0;4.0;0.0;0;0;31;0;UMUARAMA;REGIÃO OESTE;58
9750.0;2020-09-30;12.0;17.0;24.0;28.0;722.0;37.0;1.0;12.0;20.0;512.0;37.0;0.0;37.0;931.0;23.0;39.0;4;5;4;4;4;4;5;0;0;0;0;0;0;0;0;0;0;0;1;0;0;0;0;0.0;0.0;0.0;0.0;0.0;1.0;0.0;0.0;0.0;0.0;0.0;0.0;0.0;0.0;0.0;0.0;0.0;0.0;0.0;0.0;0.0;0.0;0.0;0.0;0.0;0.0;0.0;0.0;0.0;0.0;0.0;0.0;1.0;0.0;0.0;3.0;0.0;1.0;1.0;4.0;0.0;0;0;30;0;UMUARAMA;REGIÃO OESTE;59
10943.0;2020-10-31;12.0;19.0;24.0;31.0;749.0;39.0;1.0;12.0;23.0;544.0;39.0;0.0;39.0;953.0;8.0;30.0;4;4;5;4;5;5;4;0;0;0;0;0;0;0;0;0;0;1;0;0;0;0;0;0.0;0.0;0.0;0.0;0.0;1.0;0.0;0.0;0.0;0.0;0.0;0.0;0.0;0.0;0.0;0.0;0.0;0.0;0.0;0.0;0.0;0.0;0.0;0.0;0.0;0.0;0.0;0.0;0.0;0.0;0.0;0.0;1.0;0.0;0.0;3.0;0.0;1.0;1.0;4.0;0.0;0;0;31;0;UMUARAMA;REGIÃO OESTE;60
9270.0;2020-11-30;11.0;19.0;24.0;28.0;720.0;36.0;2.0;11.0;22.0;505.0;36.0;0.0;36.0;935.0;17.0;67.0;5;4;4;5;4;4;4;0;0;0;0;0;0;0;0;0;1;0;0;0;0;0;0;0.0;0.0;0.0;0.0;0.0;1.0;0.0;0.0;0.0;0.0;0.0;0.0;0.0;0.0;0.0;0.0;0.0;0.0;0.0;0.0;0.0;0.0;0.0;0.0;0.0;0.0;0.0;0.0;0.0;0.0;0.0;0.0;1.0;0.0;0.0;3.0;0.0;1.0;1.0;4.0;0.0;0;0;30;0;UMUARAMA;REGIÃO OESTE;61
10633.0;2020-12-31;16.0;21.0;24.0;26.0;754.0;33.0;7.0;16.0;21.0;593.0;33.0;0.0;33.0;914.0;50.0;215.0;4;5;5;4;4;4;5;0;0;1;0;0;0;0;0;0;0;0;0;0;0;0;0;0.0;0.0;0.0;0.0;0.0;1.0;0.0;0.0;0.0;0.0;0.0;0.0;0.0;0.0;0.0;0.0;0.0;0.0;0.0;0.0;0.0;0.0;0.0;0.0;0.0;0.0;0.0;0.0;0.0;0.0;0.0;0.0;1.0;0.0;0.0;3.0;0.0;1.0;1.0;4.0;0.0;0;0;31;0;UMUARAMA;REGIÃO OESTE;62
10788.0;2021-01-31;17.0;22.0;24.0;28.0;755.0;33.0;7.0;17.0;22.0;629.0;33.0;0.0;33.0;881.0;53.0;227.0;5;4;4;4;5;5;4;0;0;0;0;1;0;0;0;0;0;0;0;1;0;0;0;0.0;0.0;0.0;0.0;0.0;0.0;0.0;0.0;0.0;0.0;0.0;0.0;0.0;0.0;0.0;0.0;0.0;0.0;0.0;0.0;0.0;0.0;0.0;0.0;0.0;0.0;0.0;0.0;0.0;0.0;0.0;0.0;1.0;0.0;0.0;3.0;0.0;1.0;1.0;4.0;0.0;0;0;31;0;UMUARAMA;REGIÃO OESTE;63
9324.0;2021-02-28;17.0;22.0;24.0;27.0;681.0;33.0;4.0;17.0;22.0;527.0;33.0;0.0;33.0;835.0;70.0;113.0;4;4;4;4;4;4;4;0;0;0;1;0;0;0;0;0;0;0;0;1;0;0;0;0.0;0.0;0.0;0.0;0.0;0.0;0.0;0.0;0.0;0.0;0.0;0.0;0.0;0.0;0.0;0.0;0.0;0.0;0.0;0.0;0.0;0.0;0.0;0.0;0.0;0.0;0.0;0.0;0.0;0.0;0.0;0.0;1.0;0.0;0.0;3.0;0.0;1.0;1.0;4.0;0.0;0;3;28;0;UMUARAMA;REGIÃO OESTE;64
9858.0;2021-03-31;15.0;21.0;25.0;28.0;776.0;34.0;5.0;15.0;22.0;610.0;34.0;0.0;34.0;943.0;31.0;153.0;4;5;4;5;4;4;5;0;0;0;0;0;0;0;0;1;0;0;0;1;0;0;0;0.0;0.0;0.0;0.0;0.0;0.0;0.0;0.0;0.0;0.0;0.0;0.0;0.0;0.0;0.0;0.0;0.0;0.0;0.0;0.0;0.0;0.0;0.0;0.0;0.0;0.0;0.0;0.0;0.0;0.0;0.0;0.0;1.0;0.0;0.0;3.0;0.0;1.0;1.0;4.0;0.0;0;0;31;0;UMUARAMA;REGIÃO OESTE;65
9840.0;2021-04-30;13.0;19.0;22.0;26.0;656.0;32.0;0.0;13.0;21.0;476.0;32.0;0.0;32.0;836.0;2.0;6.0;4;4;5;4;5;4;4;1;0;0;0;0;0;0;0;0;0;0;0;1;0;0;0;0.0;0.0;0.0;0.0;0.0;0.0;0.0;0.0;0.0;0.0;0.0;0.0;0.0;0.0;0.0;0.0;0.0;0.0;0.0;0.0;0.0;0.0;0.0;0.0;0.0;0.0;0.0;0.0;0.0;0.0;0.0;0.0;1.0;0.0;0.0;3.0;0.0;1.0;1.0;4.0;0.0;0;1;30;0;UMUARAMA;REGIÃO OESTE;66
10385.0;2021-05-31;7.0;15.0;20.0;24.0;610.0;30.0;4.0;7.0;20.0;431.0;30.0;0.0;30.0;789.0;61.0;133.0;5;4;4;5;4;5;4;0;0;0;0;0;0;0;1;0;0;0;0;1;0;0;0;0.0;0.0;0.0;0.0;0.0;0.0;0.0;0.0;0.0;0.0;0.0;0.0;0.0;0.0;0.0;0.0;0.0;0.0;0.0;0.0;0.0;0.0;0.0;0.0;0.0;0.0;0.0;0.0;0.0;0.0;0.0;0.0;1.0;0.0;0.0;3.0;0.0;1.0;1.0;4.0;0.0;0;0;31;0;UMUARAMA;REGIÃO OESTE;67
9300.0;2021-06-30;2.0;6.0;17.0;22.0;516.0;28.0;3.0;2.0;16.0;380.0;28.0;0.0;28.0;652.0;28.0;76.0;4;5;4;4;4;4;5;0;0;0;0;0;0;1;0;0;0;0;0;1;0;0;0;0.0;0.0;0.0;0.0;0.0;0.0;0.0;0.0;0.0;0.0;0.0;0.0;0.0;0.0;0.0;0.0;0.0;0.0;0.0;0.0;0.0;0.0;0.0;0.0;0.0;0.0;0.0;0.0;0.0;0.0;0.0;0.0;1.0;0.0;0.0;3.0;0.0;1.0;1.0;4.0;0.0;0;1;30;0;UMUARAMA;REGIÃO OESTE;68
9300.0;2021-07-31;1.0;7.0;16.0;21.0;499.0;29.0;2.0;1.0;16.0;287.0;29.0;0.0;29.0;710.0;27.0;49.0;4;4;5;4;5;5;4;0;0;0;0;0;1;0;0;0;0;0;0;1;0;0;0;0.0;0.0;0.0;0.0;0.0;0.0;0.0;0.0;0.0;0.0;0.0;0.0;0.0;0.0;0.0;0.0;0.0;0.0;0.0;0.0;0.0;0.0;0.0;0.0;0.0;0.0;0.0;0.0;0.0;0.0;0.0;0.0;1.0;0.0;0.0;3.0;0.0;1.0;1.0;4.0;0.0;0;0;31;0;UMUARAMA;REGIÃO OESTE;69
10199.0;2021-08-31;8.0;15.0;21.0;27.0;646.0;35.0;3.0;8.0;19.0;444.0;35.0;0.0;35.0;849.0;83.0;102.0;5;4;4;5;4;4;5;0;1;0;0;0;0;0;0;0;0;0;0;1;0;0;0;0.0;0.0;0.0;0.0;0.0;0.0;0.0;0.0;0.0;0.0;0.0;0.0;0.0;0.0;0.0;0.0;0.0;0.0;0.0;0.0;0.0;0.0;0.0;0.0;0.0;0.0;0.0;0.0;0.0;0.0;0.0;0.0;1.0;0.0;0.0;3.0;0.0;1.0;1.0;4.0;0.0;0;0;31;0;UMUARAMA;REGIÃO OESTE;70
11850.0;2021-09-30;11.0;19.0;24.0;30.0;729.0;37.0;4.0;11.0;24.0;524.0;37.0;0.0;37.0;934.0;44.0;105.0;4;5;5;4;4;4;4;0;0;0;0;0;0;0;0;0;0;0;1;1;0;0;0;0.0;0.0;0.0;0.0;0.0;0.0;0.0;0.0;0.0;0.0;0.0;0.0;0.0;0.0;0.0;0.0;0.0;0.0;0.0;0.0;0.0;0.0;0.0;0.0;0.0;0.0;0.0;0.0;0.0;0.0;0.0;0.0;1.0;0.0;0.0;3.0;0.0;1.0;1.0;4.0;0.0;0;0;30;0;UMUARAMA;REGIÃO OESTE;71
11532.0;2021-10-31;11.0;17.0;21.0;26.0;647.0;32.0;14.0;11.0;20.0;497.0;32.0;0.0;32.0;797.0;103.0;447.0;5;4;4;4;5;5;4;0;0;0;0;0;0;0;0;0;0;1;0;1;0;0;0;0.0;0.0;0.0;0.0;0.0;0.0;0.0;0.0;0.0;0.0;0.0;0.0;0.0;0.0;0.0;0.0;0.0;0.0;0.0;0.0;0.0;0.0;0.0;0.0;0.0;0.0;0.0;0.0;0.0;0.0;0.0;0.0;1.0;0.0;0.0;3.0;0.0;1.0;1.0;4.0;0.0;0;0;0;0;UMUARAMA;REGIÃO OESTE;72
22290.0;2021-11-30;13.0;20.0;24.0;27.0;731.0;34.0;2.0;13.0;22.0;534.0;34.0;0.0;34.0;927.0;18.0;47.0;4;4;4;5;4;4;5;0;0;0;0;0;0;0;0;0;1;0;0;1;0;0;0;0.0;0.0;0.0;0.0;0.0;0.0;0.0;0.0;0.0;0.0;0.0;0.0;0.0;0.0;0.0;0.0;0.0;0.0;0.0;0.0;0.0;0.0;0.0;0.0;0.0;0.0;0.0;0.0;0.0;0.0;0.0;0.0;1.0;0.0;0.0;3.0;0.0;1.0;1.0;4.0;0.0;0;0;0;0;UMUARAMA;REGIÃO OESTE;73
27373.0;2021-12-31;14.0;21.0;25.0;29.0;777.0;37.0;3.0;14.0;22.0;573.0;37.0;0.0;37.0;980.0;66.0;102.0;4;5;5;4;5;4;4;0;0;1;0;0;0;0;0;0;0;0;0;1;0;0;0;0.0;0.0;0.0;0.0;0.0;0.0;0.0;0.0;0.0;0.0;0.0;0.0;0.0;0.0;0.0;0.0;0.0;0.0;0.0;0.0;0.0;0.0;0.0;0.0;0.0;0.0;0.0;0.0;0.0;0.0;0.0;0.0;1.0;0.0;0.0;3.0;0.0;1.0;1.0;4.0;0.0;0;0;0;0;UMUARAMA;REGIÃO OESTE;74
26939.0;2022-01-31;17.0;21.0;25.0;29.0;771.0;35.0;6.0;17.0;23.0;614.0;35.0;0.0;35.0;929.0;39.0;181.0;5;4;4;5;4;5;4;0;0;0;0;1;0;0;0;0;0;0;0;0;1;0;0;0.0;0.0;0.0;0.0;0.0;0.0;0.0;0.0;0.0;0.0;0.0;0.0;0.0;0.0;0.0;0.0;0.0;0.0;0.0;0.0;0.0;0.0;0.0;0.0;0.0;0.0;0.0;0.0;0.0;0.0;0.0;0.0;1.0;0.0;0.0;3.0;0.0;1.0;1.0;4.0;0.0;31;0;0;0;UMUARAMA;REGIÃO OESTE;75
23856.0;2022-02-28;17.0;24.0;26.0;30.0;726.0;37.0;5.0;17.0;23.0;553.0;37.0;0.0;37.0;898.0;28.0;132.0;4;4;4;4;4;4;4;0;0;0;1;0;0;0;0;0;0;0;0;0;1;0;0;0.0;0.0;0.0;0.0;0.0;0.0;0.0;0.0;0.0;0.0;0.0;0.0;0.0;0.0;0.0;0.0;0.0;0.0;0.0;0.0;0.0;0.0;0.0;0.0;0.0;0.0;0.0;0.0;0.0;0.0;0.0;0.0;1.0;0.0;0.0;3.0;0.0;1.0;1.0;4.0;0.0;0;1;0;0;UMUARAMA;REGIÃO OESTE;76
31062.0;2022-03-31;17.0;21.0;25.0;29.0;781.0;35.0;12.0;17.0;23.0;621.0;35.0;0.0;35.0;941.0;68.0;357.0;4;5;5;4;4;4;5;0;0;0;0;0;0;0;0;1;0;0;0;0;1;0;0;0.0;0.0;0.0;0.0;0.0;0.0;0.0;0.0;0.0;0.0;0.0;0.0;0.0;0.0;0.0;0.0;0.0;0.0;0.0;0.0;0.0;0.0;0.0;0.0;0.0;0.0;0.0;0.0;0.0;0.0;0.0;0.0;1.0;0.0;0.0;3.0;0.0;1.0;1.0;4.0;0.0;0;1;0;0;UMUARAMA;REGIÃO OESTE;77
23070.0;2022-04-30;12.0;17.0;22.0;26.0;668.0;31.0;4.0;12.0;20.0;510.0;31.0;0.0;31.0;826.0;41.0;132.0;4;4;4;4;5;5;4;1;0;0;0;0;0;0;0;0;0;0;0;0;1;0;0;0.0;0.0;0.0;0.0;0.0;0.0;0.0;0.0;0.0;0.0;0.0;0.0;0.0;0.0;0.0;0.0;0.0;0.0;0.0;0.0;0.0;0.0;0.0;0.0;0.0;0.0;0.0;0.0;0.0;0.0;0.0;0.0;1.0;0.0;0.0;3.0;0.0;1.0;1.0;4.0;0.0;0;1;0;0;UMUARAMA;REGIÃO OESTE;78
18910.0;2022-05-31;5.0;9.0;18.0;24.0;550.0;30.0;2.0;5.0;19.0;381.0;30.0;0.0;30.0;719.0;27.0;67.0;5;4;4;5;4;4;5;0;0;0;0;0;0;0;1;0;0;0;0;0;1;0;0;0.0;0.0;0.0;0.0;0.0;0.0;0.0;0.0;0.0;0.0;0.0;0.0;0.0;0.0;0.0;0.0;0.0;0.0;0.0;0.0;0.0;0.0;0.0;0.0;0.0;0.0;0.0;0.0;0.0;0.0;0.0;0.0;1.0;0.0;0.0;3.0;0.0;1.0;1.0;4.0;0.0;0;0;0;0;UMUARAMA;REGIÃO OESTE;79
17100.0;2022-06-30;5.0;12.0;18.0;22.0;530.0;28.0;2.0;5.0;16.0;364.0;28.0;0.0;28.0;696.0;16.0;57.0;4;5;5;4;4;4;4;0;0;0;0;0;0;1;0;0;0;0;0;0;1;0;0;0.0;0.0;0.0;0.0;0.0;0.0;0.0;0.0;0.0;0.0;0.0;0.0;0.0;0.0;0.0;0.0;0.0;0.0;0.0;0.0;0.0;0.0;0.0;0.0;0.0;0.0;0.0;0.0;0.0;0.0;0.0;0.0;1.0;0.0;0.0;3.0;0.0;1.0;1.0;4.0;0.0;0;1;0;0;UMUARAMA;REGIÃO OESTE;80
14725.0;2022-07-31;6.0;14.0;20.0;23.0;618.0;30.0;0.0;6.0;17.0;416.0;30.0;0.0;30.0;820.0;7.0;12.0;5;4;4;4;5;5;4;0;0;0;0;0;1;0;0;0;0;0;0;0;1;0;0;0.0;0.0;0.0;0.0;0.0;0.0;0.0;0.0;0.0;0.0;0.0;0.0;0.0;0.0;0.0;0.0;0.0;0.0;0.0;0.0;0.0;0.0;0.0;0.0;0.0;0.0;0.0;0.0;0.0;0.0;0.0;0.0;1.0;0.0;0.0;3.0;0.0;1.0;1.0;4.0;0.0;0;0;0;0;UMUARAMA;REGIÃO OESTE;81
19003.0;2022-08-31;4.0;12.0;18.0;24.0;563.0;32.0;7.0;4.0;18.0;368.0;32.0;0.0;32.0;759.0;64.0;215.0;4;5;4;5;4;4;5;0;1;0;0;0;0;0;0;0;0;0;0;0;1;0;0;0.0;0.0;0.0;0.0;0.0;0.0;0.0;0.0;0.0;0.0;0.0;0.0;0.0;0.0;0.0;0.0;0.0;0.0;0.0;0.0;0.0;0.0;0.0;0.0;0.0;0.0;0.0;0.0;0.0;0.0;0.0;0.0;1.0;0.0;0.0;3.0;0.0;1.0;1.0;4.0;0.0;0;0;0;0;UMUARAMA;REGIÃO OESTE;82
18390.0;2022-09-30;6.0;14.0;18.0;26.0;542.0;34.0;5.0;6.0;20.0;387.0;34.0;0.0;34.0;696.0;40.0;163.0;4;4;5;4;5;4;4;0;0;0;0;0;0;0;0;0;0;0;1;0;1;0;0;0.0;0.0;0.0;0.0;0.0;0.0;0.0;0.0;0.0;0.0;0.0;0.0;0.0;0.0;0.0;0.0;0.0;0.0;0.0;0.0;0.0;0.0;0.0;0.0;0.0;0.0;0.0;0.0;0.0;0.0;0.0;0.0;1.0;0.0;0.0;3.0;0.0;1.0;1.0;4.0;0.0;0;0;0;0;UMUARAMA;REGIÃO OESTE;83
20832.0;2022-10-31;-8.0;10.0;21.0;26.0;663.0;33.0;10.0;-8.0;20.0;473.0;33.0;0.0;33.0;852.0;79.0;314.0;5;4;4;5;4;5;4;0;0;0;0;0;0;0;0;0;0;1;0;0;1;0;0;0.0;0.0;0.0;0.0;0.0;0.0;0.0;0.0;0.0;0.0;0.0;0.0;0.0;0.0;0.0;0.0;0.0;0.0;0.0;0.0;0.0;0.0;0.0;0.0;0.0;0.0;0.0;0.0;0.0;0.0;0.0;0.0;1.0;0.0;0.0;3.0;0.0;1.0;1.0;4.0;0.0;0;0;0;0;UMUARAMA;REGIÃO OESTE;84
24570.0;2022-11-30;9.0;14.0;21.0;24.0;632.0;33.0;1.0;9.0;18.0;435.0;33.0;0.0;33.0;829.0;5.0;28.0;4;5;4;4;4;4;5;0;0;0;0;0;0;0;0;0;1;0;0;0;1;0;0;0.0;0.0;0.0;0.0;0.0;0.0;0.0;0.0;0.0;0.0;0.0;0.0;0.0;0.0;0.0;0.0;0.0;0.0;0.0;0.0;0.0;0.0;0.0;0.0;0.0;0.0;0.0;0.0;0.0;0.0;0.0;0.0;1.0;0.0;0.0;3.0;0.0;1.0;1.0;4.0;0.0;0;0;0;0;UMUARAMA;REGIÃO OESTE;85
21607.0;2022-12-31;-20.0;6.0;23.0;27.0;720.0;34.0;5.0;-20.0;23.0;532.0;34.0;0.0;34.0;908.0;29.0;145.0;4;4;5;4;5;5;4;0;0;1;0;0;0;0;0;0;0;0;0;0;1;0;0;0.0;0.0;0.0;0.0;0.0;0.0;0.0;0.0;0.0;0.0;0.0;0.0;0.0;0.0;0.0;0.0;0.0;0.0;0.0;0.0;0.0;0.0;0.0;0.0;0.0;0.0;0.0;0.0;0.0;0.0;0.0;0.0;1.0;0.0;0.0;3.0;0.0;1.0;1.0;4.0;0.0;0;0;0;0;UMUARAMA;REGIÃO OESTE;86
15779.0;2023-01-31;15.0;20.0;24.0;26.0;737.0;32.0;7.0;15.0;20.0;584.0;32.0;0.0;32.0;890.0;38.0;231.0;5;4;4;5;4;4;5;0;0;0;0;1;0;0;0;0;0;0;0;0;0;1;0;0.0;0.0;0.0;0.0;0.0;0.0;0.0;0.0;0.0;0.0;0.0;0.0;0.0;0.0;0.0;0.0;0.0;0.0;0.0;0.0;0.0;0.0;0.0;0.0;0.0;0.0;0.0;0.0;0.0;0.0;0.0;0.0;1.0;0.0;0.0;3.0;0.0;1.0;1.0;4.0;0.0;31;0;0;0;UMUARAMA;REGIÃO OESTE;87
24024.0;2023-02-28;15.0;20.0;23.0;26.0;655.0;34.0;14.0;15.0;20.0;524.0;34.0;0.0;34.0;786.0;68.0;380.0;4;4;4;4;4;4;4;0;0;0;1;0;0;0;0;0;0;0;0;0;0;1;0;0.0;0.0;0.0;0.0;0.0;0.0;0.0;0.0;0.0;0.0;0.0;0.0;0.0;0.0;0.0;0.0;0.0;0.0;0.0;0.0;0.0;0.0;0.0;0.0;0.0;0.0;0.0;0.0;0.0;0.0;0.0;0.0;1.0;0.0;0.0;3.0;0.0;1.0;1.0;4.0;0.0;0;3;0;0;UMUARAMA;REGIÃO OESTE;88
36580.0;2023-03-31;17.0;22.0;25.0;27.0;772.0;33.0;9.0;17.0;21.0;596.0;33.0;0.0;33.0;948.0;48.0;288.0;4;5;5;4;5;4;4;0;0;0;0;0;0;0;0;1;0;0;0;0;0;1;0;0.0;0.0;0.0;0.0;0.0;0.0;0.0;0.0;0.0;0.0;0.0;0.0;0.0;0.0;0.0;0.0;0.0;0.0;0.0;0.0;0.0;0.0;0.0;0.0;0.0;0.0;0.0;0.0;0.0;0.0;0.0;0.0;1.0;0.0;0.0;3.0;0.0;1.0;1.0;4.0;0.0;0;0;0;0;UMUARAMA;REGIÃO OESTE;89
22740.0;2023-04-30;10.0;17.0;22.0;27.0;647.0;34.0;6.0;10.0;20.0;489.0;34.0;0.0;34.0;805.0;78.0;168.0;5;4;4;4;4;5;4;1;0;0;0;0;0;0;0;0;0;0;0;0;0;1;0;0.0;0.0;0.0;0.0;0.0;0.0;0.0;0.0;0.0;0.0;0.0;0.0;0.0;0.0;0.0;0.0;0.0;0.0;0.0;0.0;0.0;0.0;0.0;0.0;0.0;0.0;0.0;0.0;0.0;0.0;0.0;0.0;1.0;0.0;0.0;3.0;0.0;1.0;1.0;4.0;0.0;0;1;0;0;UMUARAMA;REGIÃO OESTE;90
22723.0;2023-05-31;10.0;16.0;20.0;24.0;615.0;29.0;3.0;10.0;20.0;435.0;29.0;0.0;29.0;795.0;30.0;91.0;4;5;4;5;4;4;5;0;0;0;0;0;0;0;1;0;0;0;0;0;0;1;0;0.0;0.0;0.0;0.0;0.0;0.0;0.0;0.0;0.0;0.0;0.0;0.0;0.0;0.0;0.0;0.0;0.0;0.0;0.0;0.0;0.0;0.0;0.0;0.0;0.0;0.0;0.0;0.0;0.0;0.0;0.0;0.0;1.0;0.0;0.0;3.0;0.0;1.0;1.0;4.0;0.0;0;0;0;0;UMUARAMA;REGIÃO OESTE;91
17880.0;2023-06-30;6.0;11.0;18.0;22.0;533.0;32.0;4.0;6.0;16.0;353.0;32.0;0.0;32.0;713.0;62.0;116.0;4;4;5;4;5;4;4;0;0;0;0;0;0;1;0;0;0;0;0;0;0;1;0;0.0;0.0;0.0;0.0;0.0;0.0;0.0;0.0;0.0;0.0;0.0;0.0;0.0;0.0;0.0;0.0;0.0;0.0;0.0;0.0;0.0;0.0;0.0;0.0;0.0;0.0;0.0;0.0;0.0;0.0;0.0;0.0;1.0;0.0;0.0;3.0;0.0;1.0;1.0;4.0;0.0;0;1;0;0;UMUARAMA;REGIÃO OESTE;92
14787.0;2023-07-31;6.0;12.0;18.0;22.0;561.0;28.0;1.0;6.0;16.0;393.0;28.0;0.0;28.0;729.0;13.0;44.0;5;4;4;5;4;5;4;0;0;0;0;0;1;0;0;0;0;0;0;0;0;1;0;0.0;0.0;0.0;0.0;0.0;0.0;0.0;0.0;0.0;0.0;0.0;0.0;0.0;0.0;0.0;0.0;0.0;0.0;0.0;0.0;0.0;0.0;0.0;0.0;0.0;0.0;0.0;0.0;0.0;0.0;0.0;0.0;1.0;0.0;0.0;3.0;0.0;1.0;1.0;4.0;0.0;15;0;0;0;UMUARAMA;REGIÃO OESTE;93
23715.0;2023-08-31;8.0;14.0;20.0;27.0;633.0;34.0;2.0;8.0;20.0;425.0;34.0;0.0;34.0;840.0;14.0;69.0;4;5;5;4;4;4;5;0;1;0;0;0;0;0;0;0;0;0;0;0;0;1;0;0.0;0.0;0.0;0.0;0.0;0.0;0.0;0.0;0.0;0.0;0.0;0.0;0.0;0.0;0.0;0.0;0.0;0.0;0.0;0.0;0.0;0.0;0.0;0.0;0.0;0.0;0.0;0.0;0.0;0.0;0.0;0.0;1.0;0.0;0.0;3.0;0.0;1.0;1.0;4.0;0.0;0;0;0;0;UMUARAMA;REGIÃO OESTE;94
29460.0;2023-09-30;8.0;17.0;24.0;30.0;723.0;38.0;4.0;8.0;25.0;518.0;38.0;0.0;38.0;926.0;63.0;133.0;4;4;4;4;5;5;4;0;0;0;0;0;0;0;0;0;0;0;1;0;0;1;0;0.0;0.0;0.0;0.0;0.0;0.0;0.0;0.0;0.0;0.0;0.0;0.0;0.0;0.0;0.0;0.0;0.0;0.0;0.0;0.0;0.0;0.0;0.0;0.0;0.0;0.0;0.0;0.0;0.0;0.0;0.0;0.0;1.0;0.0;0.0;3.0;0.0;1.0;1.0;4.0;0.0;0;0;0;0;UMUARAMA;REGIÃO OESTE;95
32736.0;2023-10-31;14.0;20.0;24.0;29.0;741.0;35.0;15.0;14.0;23.0;560.0;35.0;0.0;35.0;922.0;93.0;477.0;5;4;4;5;4;4;5;0;0;0;0;0;0;0;0;0;0;1;0;0;0;1;0;0.0;0.0;0.0;0.0;0.0;0.0;0.0;0.0;0.0;0.0;0.0;0.0;0.0;0.0;0.0;0.0;0.0;0.0;0.0;0.0;0.0;0.0;0.0;0.0;0.0;0.0;0.0;0.0;0.0;0.0;0.0;0.0;1.0;0.0;0.0;3.0;0.0;1.0;1.0;4.0;0.0;0;0;0;0;UMUARAMA;REGIÃO OESTE;96
35310.0;2023-11-30;11.0;17.0;24.0;30.0;728.0;37.0;7.0;11.0;25.0;548.0;37.0;0.0;37.0;909.0;69.0;217.0;4;5;5;4;4;4;4;0;0;0;0;0;0;0;0;0;1;0;0;0;0;1;0;0.0;0.0;0.0;0.0;0.0;0.0;0.0;0.0;0.0;0.0;0.0;0.0;0.0;0.0;0.0;0.0;0.0;0.0;0.0;0.0;0.0;0.0;0.0;0.0;0.0;0.0;0.0;0.0;0.0;0.0;0.0;0.0;1.0;0.0;0.0;3.0;0.0;1.0;1.0;4.0;0.0;0;0;0;0;UMUARAMA;REGIÃO OESTE;97
29140.0;2023-12-31;16.0;21.0;26.0;28.0;801.0;36.0;4.0;16.0;22.0;609.0;36.0;0.0;36.0;994.0;40.0;122.0;5;4;4;4;5;5;4;0;0;1;0;0;0;0;0;0;0;0;0;0;0;1;0;0.0;0.0;0.0;0.0;0.0;0.0;0.0;0.0;0.0;0.0;0.0;0.0;0.0;0.0;0.0;0.0;0.0;0.0;0.0;0.0;0.0;0.0;0.0;0.0;0.0;0.0;0.0;0.0;0.0;0.0;0.0;0.0;1.0;0.0;0.0;3.0;0.0;1.0;1.0;4.0;0.0;0;0;0;0;UMUARAMA;REGIÃO OESTE;98
16461.0;2024-01-31;15.0;19.0;25.0;30.0;781.0;37.0;4.0;15.0;23.0;600.0;37.0;0.0;37.0;963.0;62.0;125.0;4;5;4;5;4;4;5;0;0;0;0;1;0;0;0;0;0;0;0;0;0;0;1;0.0;0.0;0.0;0.0;0.0;0.0;0.0;0.0;0.0;0.0;0.0;0.0;0.0;0.0;0.0;0.0;0.0;0.0;0.0;0.0;0.0;0.0;0.0;0.0;0.0;0.0;0.0;0.0;0.0;0.0;0.0;0.0;1.0;0.0;0.0;3.0;0.0;1.0;1.0;4.0;0.0;31;0;0;0;UMUARAMA;REGIÃO OESTE;99
35670.0;2024-02-29;18.0;22.0;26.0;29.0;759.0;35.0;6.0;18.0;23.0;591.0;35.0;0.0;35.0;926.0;47.0;175.0;4;4;5;4;4;4;4;0;0;0;1;0;0;0;0;0;0;0;0;0;0;0;1;0.0;0.0;0.0;0.0;0.0;0.0;0.0;0.0;0.0;0.0;0.0;0.0;0.0;0.0;0.0;0.0;0.0;0.0;0.0;0.0;0.0;0.0;0.0;0.0;0.0;0.0;0.0;0.0;0.0;0.0;0.0;0.0;1.0;0.0;0.0;3.0;0.0;1.0;1.0;4.0;0.0;0;3;0;0;UMUARAMA;REGIÃO OESTE;100
41292.0;2024-03-31;17.0;20.0;26.0;30.0;806.0;36.0;3.0;17.0;24.0;625.0;36.0;0.0;36.0;986.0;18.0;81.0;5;4;4;4;5;5;4;0;0;0;0;0;0;0;0;1;0;0;0;0;0;0;1;0.0;0.0;0.0;0.0;0.0;0.0;0.0;0.0;0.0;0.0;0.0;0.0;0.0;0.0;0.0;0.0;0.0;0.0;0.0;0.0;0.0;0.0;0.0;0.0;0.0;0.0;0.0;0.0;0.0;0.0;0.0;0.0;1.0;0.0;0.0;3.0;0.0;1.0;1.0;4.0;0.0;0;1;0;0;UMUARAMA;REGIÃO OESTE;101
30150.0;2024-04-30;13.0;19.0;24.0;28.0;731.0;34.0;2.0;13.0;22.0;570.0;34.0;0.0;34.0;891.0;36.0;70.0;4;4;4;5;4;4;5;1;0;0;0;0;0;0;0;0;0;0;0;0;0;0;1;0.0;0.0;0.0;0.0;0.0;0.0;0.0;0.0;0.0;0.0;0.0;0.0;0.0;0.0;0.0;0.0;0.0;0.0;0.0;0.0;0.0;0.0;0.0;0.0;0.0;0.0;0.0;0.0;0.0;0.0;0.0;0.0;1.0;0.0;0.0;3.0;0.0;1.0;1.0;4.0;0.0;0;0;0;0;UMUARAMA;REGIÃO OESTE;102
12431.0;2024-05-31;5.0;13.0;22.0;27.0;670.0;33.0;1.0;5.0;21.0;505.0;33.0;0.0;33.0;836.0;32.0;36.0;4;5;5;4;5;4;4;0;0;0;0;0;0;0;1;0;0;0;0;0;0;0;1;0.0;0.0;0.0;0.0;0.0;0.0;0.0;0.0;0.0;0.0;0.0;0.0;0.0;0.0;0.0;0.0;0.0;0.0;0.0;0.0;0.0;0.0;0.0;0.0;0.0;0.0;0.0;0.0;0.0;0.0;0.0;0.0;1.0;0.0;0.0;3.0;0.0;1.0;1.0;4.0;0.0;0;1;0;30;UMUARAMA;REGIÃO OESTE;103
7830.0;2024-06-30;10.0;16.0;21.0;24.0;635.0;31.0;0.0;10.0;18.0;441.0;31.0;0.0;31.0;829.0;2.0;2.0;5;4;4;4;4;5;4;0;0;0;0;0;0;1;0;0;0;0;0;0;0;0;1;0.0;0.0;0.0;0.0;0.0;0.0;0.0;0.0;0.0;0.0;0.0;0.0;0.0;0.0;0.0;0.0;0.0;0.0;0.0;0.0;0.0;0.0;0.0;0.0;0.0;0.0;0.0;0.0;0.0;0.0;0.0;0.0;1.0;0.0;0.0;3.0;0.0;1.0;1.0;4.0;0.0;0;0;0;30;UMUARAMA;REGIÃO OESTE;104
12400.0;2024-07-31;5.0;13.0;17.0;22.0;526.0;29.0;2.0;5.0;16.0;354.0;29.0;0.0;29.0;699.0;26.0;72.0;4;5;4;5;4;4;5;0;0;0;0;0;1;0;0;0;0;0;0;0;0;0;1;0.0;0.0;0.0;0.0;0.0;0.0;0.0;0.0;0.0;0.0;0.0;0.0;0.0;0.0;0.0;0.0;0.0;0.0;0.0;0.0;0.0;0.0;0.0;0.0;0.0;0.0;0.0;0.0;0.0;0.0;0.0;0.0;1.0;0.0;0.0;3.0;0.0;1.0;1.0;4.0;0.0;12;0;0;0;UMUARAMA;REGIÃO OESTE;105
20150.0;2024-08-31;1.0;10.0;19.0;25.0;585.0;35.0;2.0;1.0;18.0;337.0;35.0;0.0;35.0;832.0;35.0;60.0;4;4;5;4;5;5;4;0;1;0;0;0;0;0;0;0;0;0;0;0;0;0;1;0.0;0.0;0.0;0.0;0.0;0.0;0.0;0.0;0.0;0.0;0.0;0.0;0.0;0.0;0.0;0.0;0.0;0.0;0.0;0.0;0.0;0.0;0.0;0.0;0.0;0.0;0.0;0.0;0.0;0.0;0.0;0.0;1.0;0.0;0.0;3.0;0.0;1.0;1.0;4.0;0.0;0;0;0;0;UMUARAMA;REGIÃO OESTE;106
28080.0;2024-09-30;13.0;16.0;23.0;27.0;696.0;38.0;1.0;13.0;19.0;470.0;38.0;0.0;38.0;921.0;16.0;44.0;5;4;4;5;4;4;4;0;0;0;0;0;0;0;0;0;0;0;1;0;0;0;1;0.0;0.0;0.0;0.0;0.0;0.0;0.0;0.0;0.0;0.0;0.0;0.0;0.0;0.0;0.0;0.0;0.0;0.0;0.0;0.0;0.0;0.0;0.0;0.0;0.0;0.0;0.0;0.0;0.0;0.0;0.0;0.0;1.0;0.0;0.0;3.0;0.0;1.0;1.0;4.0;0.0;0;0;0;0;UMUARAMA;REGIÃO OESTE;107
33263.0;2024-10-31;13.0;17.0;22.0;28.0;696.0;36.0;5.0;13.0;22.0;537.0;36.0;0.0;36.0;855.0;60.0;140.0;4;5;5;4;4;4;5;0;0;0;0;0;0;0;0;0;0;1;0;0;0;0;1;0.0;0.0;0.0;0.0;0.0;0.0;0.0;0.0;0.0;0.0;0.0;0.0;0.0;0.0;0.0;0.0;0.0;0.0;0.0;0.0;0.0;0.0;0.0;0.0;0.0;0.0;0.0;0.0;0.0;0.0;0.0;0.0;1.0;0.0;0.0;3.0;0.0;1.0;1.0;4.0;0.0;0;0;0;0;UMUARAMA;REGIÃO OESTE;108
3578.0;2017-10-31;5.0;14.0;19.0;24.0;575.0;32.0;11.0;5.0;17.0;401.0;32.0;0.0;32.0;750.0;62.0;344.0;5;4;4;5;4;4;5;0;0;0;0;0;0;0;0;0;0;1;0;0;0;0;0;0.0;0.0;1.0;0.0;0.0;0.0;0.0;0.0;0.0;0.0;0.0;0.0;0.0;0.0;0.0;0.0;0.0;0.0;0.0;0.0;0.0;0.0;0.0;0.0;0.0;0.0;0.0;0.0;0.0;0.0;0.0;0.0;0.0;1.0;0.0;2.0;0.0;0.0;0.0;0.0;0.0;0;0;0;0;UNIÃO DA VITÓRIA;REGIÃO SUL;1
3534.0;2017-11-30;8.0;16.0;20.0;23.0;588.0;32.0;6.0;8.0;17.0;404.0;32.0;0.0;32.0;771.0;48.0;178.0;4;5;5;4;4;4;4;0;0;0;0;0;0;0;0;0;1;0;0;0;0;0;0;0.0;0.0;1.0;0.0;0.0;0.0;0.0;0.0;0.0;0.0;0.0;0.0;0.0;0.0;0.0;0.0;0.0;0.0;0.0;0.0;0.0;0.0;0.0;0.0;0.0;0.0;0.0;0.0;0.0;0.0;0.0;0.0;0.0;1.0;0.0;2.0;0.0;0.0;0.0;0.0;0.0;0;0;0;0;UNIÃO DA VITÓRIA;REGIÃO SUL;2
2996.0;2017-12-31;14.0;18.0;22.0;25.0;687.0;32.0;3.0;14.0;20.0;526.0;32.0;0.0;32.0;848.0;17.0;85.0;5;4;4;4;5;5;4;0;0;1;0;0;0;0;0;0;0;0;0;0;0;0;0;0.0;0.0;1.0;0.0;0.0;0.0;0.0;0.0;0.0;0.0;0.0;0.0;0.0;0.0;0.0;0.0;0.0;0.0;0.0;0.0;0.0;0.0;0.0;0.0;0.0;0.0;0.0;0.0;0.0;0.0;0.0;0.0;0.0;1.0;0.0;2.0;0.0;0.0;0.0;0.0;0.0;0;0;0;0;UNIÃO DA VITÓRIA;REGIÃO SUL;3
2765.0;2018-01-31;14.0;19.0;22.0;25.0;689.0;31.0;4.0;14.0;19.0;533.0;31.0;0.0;31.0;845.0;18.0;109.0;4;5;4;5;4;4;5;0;0;0;0;1;0;0;0;0;0;0;0;0;0;0;0;0.0;0.0;0.0;1.0;0.0;0.0;0.0;0.0;0.0;0.0;0.0;0.0;0.0;0.0;0.0;0.0;0.0;0.0;0.0;0.0;0.0;0.0;0.0;0.0;0.0;0.0;0.0;0.0;0.0;0.0;0.0;0.0;0.0;1.0;0.0;2.0;0.0;0.0;0.0;0.0;0.0;31;0;0;0;UNIÃO DA VITÓRIA;REGIÃO SUL;4
3156.0;2018-02-28;13.0;17.0;21.0;24.0;586.0;30.0;1.0;13.0;19.0;432.0;30.0;0.0;30.0;740.0;4.0;22.0;4;4;4;4;4;4;4;0;0;0;1;0;0;0;0;0;0;0;0;0;0;0;0;0.0;0.0;0.0;1.0;0.0;0.0;0.0;0.0;0.0;0.0;0.0;0.0;0.0;0.0;0.0;0.0;0.0;0.0;0.0;0.0;0.0;0.0;0.0;0.0;0.0;0.0;0.0;0.0;0.0;0.0;0.0;0.0;0.0;1.0;0.0;2.0;0.0;0.0;0.0;0.0;0.0;0;3;0;0;UNIÃO DA VITÓRIA;REGIÃO SUL;5
3982.0;2018-03-31;15.0;18.0;22.0;25.0;697.0;31.0;6.0;15.0;19.0;539.0;31.0;0.0;31.0;855.0;83.0;199.0;4;4;5;4;5;5;4;0;0;0;0;0;0;0;0;1;0;0;0;0;0;0;0;0.0;0.0;0.0;1.0;0.0;0.0;0.0;0.0;0.0;0.0;0.0;0.0;0.0;0.0;0.0;0.0;0.0;0.0;0.0;0.0;0.0;0.0;0.0;0.0;0.0;0.0;0.0;0.0;0.0;0.0;0.0;0.0;0.0;1.0;0.0;2.0;0.0;0.0;0.0;0.0;0.0;0;1;0;0;UNIÃO DA VITÓRIA;REGIÃO SUL;6
4098.0;2018-04-30;10.0;17.0;20.0;22.0;593.0;28.0;0.0;10.0;18.0;406.0;28.0;0.0;28.0;780.0;6.0;12.0;5;4;4;5;4;4;4;1;0;0;0;0;0;0;0;0;0;0;0;0;0;0;0;0.0;0.0;0.0;1.0;0.0;0.0;0.0;0.0;0.0;0.0;0.0;0.0;0.0;0.0;0.0;0.0;0.0;0.0;0.0;0.0;0.0;0.0;0.0;0.0;0.0;0.0;0.0;0.0;0.0;0.0;0.0;0.0;0.0;1.0;0.0;2.0;0.0;0.0;0.0;0.0;0.0;0;0;0;0;UNIÃO DA VITÓRIA;REGIÃO SUL;7
4200.0;2018-05-31;1.0;10.0;16.0;21.0;506.0;28.0;4.0;1.0;17.0;322.0;28.0;0.0;28.0;690.0;95.0;131.0;4;5;5;4;4;4;5;0;0;0;0;0;0;0;1;0;0;0;0;0;0;0;0;0.0;0.0;0.0;1.0;0.0;0.0;0.0;0.0;0.0;0.0;0.0;0.0;0.0;0.0;0.0;0.0;0.0;0.0;0.0;0.0;0.0;0.0;0.0;0.0;0.0;0.0;0.0;0.0;0.0;0.0;0.0;0.0;0.0;1.0;0.0;2.0;0.0;0.0;0.0;0.0;0.0;0;1;0;0;UNIÃO DA VITÓRIA;REGIÃO SUL;8
4068.0;2018-06-30;0.0;7.0;14.0;20.0;411.0;26.0;6.0;0.0;16.0;269.0;26.0;0.0;26.0;553.0;66.0;194.0;4;4;4;4;5;5;4;0;0;0;0;0;0;1;0;0;0;0;0;0;0;0;0;0.0;0.0;0.0;1.0;0.0;0.0;0.0;0.0;0.0;0.0;0.0;0.0;0.0;0.0;0.0;0.0;0.0;0.0;0.0;0.0;0.0;0.0;0.0;0.0;0.0;0.0;0.0;0.0;0.0;0.0;0.0;0.0;0.0;1.0;0.0;2.0;0.0;0.0;0.0;0.0;0.0;0;0;0;0;UNIÃO DA VITÓRIA;REGIÃO SUL;9
4183.0;2018-07-31;-0.0;7.0;15.0;19.0;465.0;26.0;0.0;-0.0;13.0;265.0;26.0;0.0;26.0;665.0;1.0;2.0;5;4;4;5;4;4;5;0;0;0;0;0;1;0;0;0;0;0;0;0;0;0;0;0.0;0.0;0.0;1.0;0.0;0.0;0.0;0.0;0.0;0.0;0.0;0.0;0.0;0.0;0.0;0.0;0.0;0.0;0.0;0.0;0.0;0.0;0.0;0.0;0.0;0.0;0.0;0.0;0.0;0.0;0.0;0.0;0.0;1.0;0.0;2.0;0.0;0.0;0.0;0.0;0.0;16;0;0;0;UNIÃO DA VITÓRIA;REGIÃO SUL;10
4617.0;2018-08-31;0.0;8.0;14.0;20.0;419.0;28.0;4.0;0.0;13.0;234.0;28.0;0.0;28.0;605.0;44.0;117.0;4;5;5;4;5;4;4;0;1;0;0;0;0;0;0;0;0;0;0;0;0;0;0;0.0;0.0;0.0;1.0;0.0;0.0;0.0;0.0;0.0;0.0;0.0;0.0;0.0;0.0;0.0;0.0;0.0;0.0;0.0;0.0;0.0;0.0;0.0;0.0;0.0;0.0;0.0;0.0;0.0;0.0;0.0;0.0;0.0;1.0;0.0;2.0;0.0;0.0;0.0;0.0;0.0;0;0;0;0;UNIÃO DA VITÓRIA;REGIÃO SUL;11
4968.0;2018-09-30;3.0;11.0;17.0;23.0;512.0;31.0;7.0;3.0;16.0;350.0;31.0;0.0;31.0;674.0;48.0;196.0;5;4;4;4;4;5;4;0;0;0;0;0;0;0;0;0;0;0;1;0;0;0;0;0.0;0.0;0.0;1.0;0.0;0.0;0.0;0.0;0.0;0.0;0.0;0.0;0.0;0.0;0.0;0.0;0.0;0.0;0.0;0.0;0.0;0.0;0.0;0.0;0.0;0.0;0.0;0.0;0.0;0.0;0.0;0.0;0.0;1.0;0.0;2.0;0.0;0.0;0.0;0.0;0.0;0;0;0;0;UNIÃO DA VITÓRIA;REGIÃO SUL;12
4643.0;2018-10-31;9.0;13.0;18.0;22.0;565.0;29.0;6.0;9.0;17.0;434.0;29.0;0.0;29.0;697.0;36.0;187.0;4;5;4;5;4;4;5;0;0;0;0;0;0;0;0;0;0;1;0;0;0;0;0;0.0;0.0;0.0;1.0;0.0;0.0;0.0;0.0;0.0;0.0;0.0;0.0;0.0;0.0;0.0;0.0;0.0;0.0;0.0;0.0;0.0;0.0;0.0;0.0;0.0;0.0;0.0;0.0;0.0;0.0;0.0;0.0;0.0;1.0;0.0;2.0;0.0;0.0;0.0;0.0;0.0;0;0;0;0;UNIÃO DA VITÓRIA;REGIÃO SUL;13
4470.0;2018-11-30;10.0;16.0;21.0;26.0;621.0;31.0;1.0;10.0;20.0;451.0;31.0;0.0;31.0;791.0;13.0;36.0;4;4;5;4;5;4;4;0;0;0;0;0;0;0;0;0;1;0;0;0;0;0;0;0.0;0.0;0.0;1.0;0.0;0.0;0.0;0.0;0.0;0.0;0.0;0.0;0.0;0.0;0.0;0.0;0.0;0.0;0.0;0.0;0.0;0.0;0.0;0.0;0.0;0.0;0.0;0.0;0.0;0.0;0.0;0.0;0.0;1.0;0.0;2.0;0.0;0.0;0.0;0.0;0.0;0;0;0;0;UNIÃO DA VITÓRIA;REGIÃO SUL;14
3784.0;2018-12-31;9.0;18.0;24.0;27.0;729.0;34.0;3.0;9.0;21.0;513.0;34.0;0.0;34.0;945.0;23.0;100.0;5;4;4;5;4;5;4;0;0;1;0;0;0;0;0;0;0;0;0;0;0;0;0;0.0;0.0;0.0;1.0;0.0;0.0;0.0;0.0;0.0;0.0;0.0;0.0;0.0;0.0;0.0;0.0;0.0;0.0;0.0;0.0;0.0;0.0;0.0;0.0;0.0;0.0;0.0;0.0;0.0;0.0;0.0;0.0;0.0;1.0;0.0;2.0;0.0;0.0;0.0;0.0;0.0;0;0;0;0;UNIÃO DA VITÓRIA;REGIÃO SUL;15
3176.0;2019-01-31;16.0;22.0;24.0;26.0;758.0;34.0;4.0;16.0;21.0;576.0;34.0;0.0;34.0;939.0;16.0;118.0;4;5;5;4;4;4;5;0;0;0;0;1;0;0;0;0;0;0;0;0;0;0;0;0.0;0.0;0.0;0.0;1.0;0.0;0.0;0.0;0.0;0.0;0.0;0.0;0.0;0.0;0.0;0.0;0.0;0.0;0.0;0.0;0.0;0.0;0.0;0.0;0.0;0.0;0.0;0.0;0.0;0.0;0.0;0.0;0.0;1.0;0.0;2.0;0.0;0.0;0.0;0.0;0.0;31;0;0;0;UNIÃO DA VITÓRIA;REGIÃO SUL;16
3760.0;2019-02-28;15.0;18.0;22.0;26.0;619.0;34.0;5.0;15.0;20.0;477.0;34.0;0.0;34.0;760.0;31.0;130.0;4;4;4;4;4;4;4;0;0;0;1;0;0;0;0;0;0;0;0;0;0;0;0;0.0;0.0;0.0;0.0;1.0;0.0;0.0;0.0;0.0;0.0;0.0;0.0;0.0;0.0;0.0;0.0;0.0;0.0;0.0;0.0;0.0;0.0;0.0;0.0;0.0;0.0;0.0;0.0;0.0;0.0;0.0;0.0;0.0;1.0;0.0;2.7857142857142856;0.0;0.0;0.0;0.8214285714285714;0.0;0;0;0;0;UNIÃO DA VITÓRIA;REGIÃO SUL;17
5532.0;2019-03-31;12.0;18.0;22.0;24.0;673.0;30.0;2.0;12.0;19.0;517.0;30.0;0.0;30.0;828.0;31.0;71.0;5;4;4;4;5;5;4;0;0;0;0;0;0;0;0;1;0;0;0;0;0;0;0;0.0;0.0;0.0;0.0;1.0;0.0;0.0;0.0;0.0;0.0;0.0;0.0;0.0;0.0;0.0;0.0;0.0;0.0;0.0;0.0;0.0;0.0;0.0;0.0;0.0;0.0;0.0;0.0;0.0;0.0;0.0;0.0;0.0;1.0;0.0;3.0;0.0;0.0;0.0;1.0;0.0;0;3;0;0;UNIÃO DA VITÓRIA;REGIÃO SUL;18
5688.0;2019-04-30;9.0;16.0;20.0;23.0;593.0;28.0;5.0;9.0;19.0;443.0;28.0;0.0;28.0;743.0;62.0;147.0;4;4;4;5;4;4;5;1;0;0;0;0;0;0;0;0;0;0;0;0;0;0;0;0.0;0.0;0.0;0.0;1.0;0.0;0.0;0.0;0.0;0.0;0.0;0.0;0.0;0.0;0.0;0.0;0.0;0.0;0.0;0.0;0.0;0.0;0.0;0.0;0.0;0.0;0.0;0.0;0.0;0.0;0.0;0.0;0.0;1.0;0.0;3.0;0.0;0.0;0.0;1.0;0.0;0;1;0;0;UNIÃO DA VITÓRIA;REGIÃO SUL;19
5961.0;2019-05-31;7.0;13.0;17.0;22.0;542.0;28.0;9.0;7.0;17.0;418.0;28.0;0.0;28.0;666.0;75.0;290.0;4;5;5;4;5;4;4;0;0;0;0;0;0;0;1;0;0;0;0;0;0;0;0;0.0;0.0;0.0;0.0;1.0;0.0;0.0;0.0;0.0;0.0;0.0;0.0;0.0;0.0;0.0;0.0;0.0;0.0;0.0;0.0;0.0;0.0;0.0;0.0;0.0;0.0;0.0;0.0;0.0;0.0;0.0;0.0;0.0;1.0;0.0;3.0;0.0;0.0;0.0;1.0;0.0;0;0;0;0;UNIÃO DA VITÓRIA;REGIÃO SUL;20
5310.0;2019-06-30;3.0;10.0;16.0;20.0;470.0;25.0;1.0;3.0;15.0;304.0;25.0;0.0;25.0;636.0;27.0;43.0;5;4;4;4;4;5;4;0;0;0;0;0;0;1;0;0;0;0;0;0;0;0;0;0.0;0.0;0.0;0.0;1.0;0.0;0.0;0.0;0.0;0.0;0.0;0.0;0.0;0.0;0.0;0.0;0.0;0.0;0.0;0.0;0.0;0.0;0.0;0.0;0.0;0.0;0.0;0.0;0.0;0.0;0.0;0.0;0.0;1.0;0.0;3.0;0.0;0.0;0.0;1.0;0.0;0;1;0;0;UNIÃO DA VITÓRIA;REGIÃO SUL;21
4697.0;2019-07-31;-4.0;4.0;14.0;18.0;422.0;25.0;1.0;-4.0;15.0;224.0;25.0;0.0;25.0;620.0;6.0;19.0;4;5;4;5;4;4;5;0;0;0;0;0;1;0;0;0;0;0;0;0;0;0;0;0.0;0.0;0.0;0.0;1.0;0.0;0.0;0.0;0.0;0.0;0.0;0.0;0.0;0.0;0.0;0.0;0.0;0.0;0.0;0.0;0.0;0.0;0.0;0.0;0.0;0.0;0.0;0.0;0.0;0.0;0.0;0.0;0.0;1.0;0.0;3.0;0.0;0.0;0.0;1.0;0.0;16;0;0;0;UNIÃO DA VITÓRIA;REGIÃO SUL;22
5155.0;2019-08-31;-0.0;7.0;14.0;20.0;447.0;28.0;0.0;-0.0;14.0;250.0;28.0;0.0;28.0;644.0;4.0;8.0;4;4;5;4;5;5;4;0;1;0;0;0;0;0;0;0;0;0;0;0;0;0;0;0.0;0.0;0.0;0.0;1.0;0.0;0.0;0.0;0.0;0.0;0.0;0.0;0.0;0.0;0.0;0.0;0.0;0.0;0.0;0.0;0.0;0.0;0.0;0.0;0.0;0.0;0.0;0.0;0.0;0.0;0.0;0.0;0.0;1.0;0.0;3.0;0.0;0.0;0.0;1.0;0.0;0;0;0;0;UNIÃO DA VITÓRIA;REGIÃO SUL;23
5520.0;2019-09-30;5.0;11.0;18.0;23.0;532.0;31.0;3.0;5.0;16.0;362.0;31.0;0.0;31.0;701.0;48.0;103.0;5;4;4;5;4;4;4;0;0;0;0;0;0;0;0;0;0;0;1;0;0;0;0;0.0;0.0;0.0;0.0;1.0;0.0;0.0;0.0;0.0;0.0;0.0;0.0;0.0;0.0;0.0;0.0;0.0;0.0;0.0;0.0;0.0;0.0;0.0;0.0;0.0;0.0;0.0;0.0;0.0;0.0;0.0;0.0;0.0;1.0;0.0;3.0;0.0;0.0;0.0;1.0;0.0;0;0;0;0;UNIÃO DA VITÓRIA;REGIÃO SUL;24
5310.0;2019-10-31;11.0;15.0;21.0;25.0;644.0;34.0;5.0;11.0;18.0;451.0;34.0;0.0;34.0;836.0;62.0;149.0;4;5;5;4;4;4;5;0;0;0;0;0;0;0;0;0;0;1;0;0;0;0;0;0.0;0.0;0.0;0.0;1.0;0.0;0.0;0.0;0.0;0.0;0.0;0.0;0.0;0.0;0.0;0.0;0.0;0.0;0.0;0.0;0.0;0.0;0.0;0.0;0.0;0.0;0.0;0.0;0.0;0.0;0.0;0.0;0.0;1.0;0.0;3.0;0.0;0.0;0.0;1.0;0.0;0;0;0;0;UNIÃO DA VITÓRIA;REGIÃO SUL;25
5148.0;2019-11-30;11.0;16.0;21.0;25.0;630.0;32.0;3.0;11.0;18.0;457.0;32.0;0.0;32.0;802.0;52.0;102.0;4;4;4;4;5;5;4;0;0;0;0;0;0;0;0;0;1;0;0;0;0;0;0;0.0;0.0;0.0;0.0;1.0;0.0;0.0;0.0;0.0;0.0;0.0;0.0;0.0;0.0;0.0;0.0;0.0;0.0;0.0;0.0;0.0;0.0;0.0;0.0;0.0;0.0;0.0;0.0;0.0;0.0;0.0;0.0;0.0;1.0;0.0;3.0;0.0;0.0;0.0;1.0;0.0;0;0;0;0;UNIÃO DA VITÓRIA;REGIÃO SUL;26
3827.0;2019-12-31;13.0;17.0;22.0;25.0;674.0;33.0;3.0;13.0;19.0;500.0;33.0;0.0;33.0;849.0;31.0;96.0;5;4;4;5;4;4;5;0;0;1;0;0;0;0;0;0;0;0;0;0;0;0;0;0.0;0.0;0.0;0.0;1.0;0.0;0.0;0.0;0.0;0.0;0.0;0.0;0.0;0.0;0.0;0.0;0.0;0.0;0.0;0.0;0.0;0.0;0.0;0.0;0.0;0.0;0.0;0.0;0.0;0.0;0.0;0.0;0.0;1.0;0.0;2.7419354838709675;0.0;0.0;0.0;1.0;0.0;0;0;0;0;UNIÃO DA VITÓRIA;REGIÃO SUL;27
3044.0;2020-01-31;13.0;18.0;22.0;26.0;694.0;32.0;2.0;13.0;21.0;526.0;32.0;0.0;32.0;862.0;26.0;67.0;4;5;5;4;5;4;4;0;0;0;0;1;0;0;0;0;0;0;0;0;0;0;0;0.0;0.0;0.0;0.0;0.0;1.0;0.0;0.0;0.0;0.0;0.0;0.0;0.0;0.0;0.0;0.0;0.0;0.0;0.0;0.0;0.0;0.0;0.0;0.0;0.0;0.0;0.0;0.0;0.0;0.0;0.0;0.0;0.0;1.0;0.0;2.0;0.0;0.0;0.0;1.0;0.0;31;0;0;0;UNIÃO DA VITÓRIA;REGIÃO SUL;28
4393.0;2020-02-29;11.0;18.0;22.0;26.0;636.0;33.0;3.0;11.0;20.0;474.0;33.0;0.0;33.0;798.0;57.0;77.0;4;4;4;4;4;5;4;0;0;0;1;0;0;0;0;0;0;0;0;0;0;0;0;0.0;0.0;0.0;0.0;0.0;1.0;0.0;0.0;0.0;0.0;0.0;0.0;0.0;0.0;0.0;0.0;0.0;0.0;0.0;0.0;0.0;0.0;0.0;0.0;0.0;0.0;0.0;0.0;0.0;0.0;0.0;0.0;0.0;1.0;0.0;2.0;0.0;0.8275862068965517;0.8275862068965517;1.0;0.0;0;3;0;0;UNIÃO DA VITÓRIA;REGIÃO SUL;29
4082.0;2020-03-31;11.0;18.0;21.0;25.0;660.0;33.0;1.0;11.0;19.0;454.0;33.0;0.0;33.0;866.0;19.0;27.0;5;4;4;5;4;4;5;0;0;0;0;0;0;0;0;1;0;0;0;0;0;0;0;0.0;0.0;0.0;0.0;0.0;1.0;0.0;0.0;0.0;0.0;0.0;0.0;0.0;0.0;0.0;0.0;0.0;0.0;0.0;0.0;0.0;0.0;0.0;0.0;0.0;0.0;0.0;0.0;0.0;0.0;0.0;0.0;0.0;1.0;0.0;2.0;0.0;1.0;1.0;1.0;0.0;0;0;15;0;UNIÃO DA VITÓRIA;REGIÃO SUL;30
3156.0;2020-04-30;3.0;13.0;18.0;23.0;532.0;30.0;2.0;3.0;17.0;316.0;30.0;0.0;30.0;749.0;55.0;67.0;4;5;5;4;4;4;4;1;0;0;0;0;0;0;0;0;0;0;0;0;0;0;0;0.0;0.0;0.0;0.0;0.0;1.0;0.0;0.0;0.0;0.0;0.0;0.0;0.0;0.0;0.0;0.0;0.0;0.0;0.0;0.0;0.0;0.0;0.0;0.0;0.0;0.0;0.0;0.0;0.0;0.0;0.0;0.0;0.0;1.0;0.0;2.0;0.0;1.0;1.0;1.0;0.0;0;1;30;0;UNIÃO DA VITÓRIA;REGIÃO SUL;31
2992.0;2020-05-31;2.0;10.0;15.0;19.0;456.0;26.0;6.0;2.0;15.0;242.0;26.0;0.0;26.0;671.0;81.0;180.0;5;4;4;4;5;5;4;0;0;0;0;0;0;0;1;0;0;0;0;0;0;0;0;0.0;0.0;0.0;0.0;0.0;1.0;0.0;0.0;0.0;0.0;0.0;0.0;0.0;0.0;0.0;0.0;0.0;0.0;0.0;0.0;0.0;0.0;0.0;0.0;0.0;0.0;0.0;0.0;0.0;0.0;0.0;0.0;0.0;1.0;0.0;2.0;0.0;1.0;1.0;1.0;0.0;0;0;31;0;UNIÃO DA VITÓRIA;REGIÃO SUL;32
2424.0;2020-06-30;6.0;10.0;15.0;21.0;461.0;25.0;9.0;6.0;17.0;324.0;25.0;0.0;25.0;598.0;94.0;263.0;4;4;4;5;4;4;5;0;0;0;0;0;0;1;0;0;0;0;0;0;0;0;0;0.0;0.0;0.0;0.0;0.0;1.0;0.0;0.0;0.0;0.0;0.0;0.0;0.0;0.0;0.0;0.0;0.0;0.0;0.0;0.0;0.0;0.0;0.0;0.0;0.0;0.0;0.0;0.0;0.0;0.0;0.0;0.0;0.0;1.0;0.0;2.0;0.0;1.0;1.0;1.0;0.0;0;1;30;0;UNIÃO DA VITÓRIA;REGIÃO SUL;33
2470.0;2020-07-31;-0.0;7.0;14.0;18.0;420.0;24.0;1.0;-0.0;13.0;236.0;24.0;0.0;24.0;604.0;14.0;35.0;4;5;5;4;5;4;4;0;0;0;0;0;1;0;0;0;0;0;0;0;0;0;0;0.0;0.0;0.0;0.0;0.0;1.0;0.0;0.0;0.0;0.0;0.0;0.0;0.0;0.0;0.0;0.0;0.0;0.0;0.0;0.0;0.0;0.0;0.0;0.0;0.0;0.0;0.0;0.0;0.0;0.0;0.0;0.0;0.0;1.0;0.0;2.0;0.0;1.0;1.0;1.0;0.0;0;0;31;0;UNIÃO DA VITÓRIA;REGIÃO SUL;34
2449.0;2020-08-31;-3.0;5.0;14.0;21.0;438.0;30.0;10.0;-3.0;13.0;237.0;30.0;0.0;30.0;638.0;90.0;306.0;5;4;4;5;4;5;4;0;1;0;0;0;0;0;0;0;0;0;0;0;0;0;0;0.0;0.0;0.0;0.0;0.0;1.0;0.0;0.0;0.0;0.0;0.0;0.0;0.0;0.0;0.0;0.0;0.0;0.0;0.0;0.0;0.0;0.0;0.0;0.0;0.0;0.0;0.0;0.0;0.0;0.0;0.0;0.0;0.0;1.0;0.0;2.0;0.0;1.0;1.0;1.0;0.0;0;0;31;0;UNIÃO DA VITÓRIA;REGIÃO SUL;35
2280.0;2020-09-30;9.0;13.0;19.0;24.0;572.0;33.0;3.0;9.0;16.0;377.0;33.0;0.0;33.0;766.0;60.0;88.0;4;5;4;4;4;4;5;0;0;0;0;0;0;0;0;0;0;0;1;0;0;0;0;0.0;0.0;0.0;0.0;0.0;1.0;0.0;0.0;0.0;0.0;0.0;0.0;0.0;0.0;0.0;0.0;0.0;0.0;0.0;0.0;0.0;0.0;0.0;0.0;0.0;0.0;0.0;0.0;0.0;0.0;0.0;0.0;0.0;1.0;0.0;2.0;0.0;1.0;1.0;1.0;0.0;0;0;30;0;UNIÃO DA VITÓRIA;REGIÃO SUL;36
2418.0;2020-10-31;7.0;14.0;20.0;27.0;615.0;35.0;1.0;7.0;18.0;415.0;35.0;0.0;35.0;815.0;15.0;45.0;4;4;5;4;5;5;4;0;0;0;0;0;0;0;0;0;0;1;0;0;0;0;0;0.0;0.0;0.0;0.0;0.0;1.0;0.0;0.0;0.0;0.0;0.0;0.0;0.0;0.0;0.0;0.0;0.0;0.0;0.0;0.0;0.0;0.0;0.0;0.0;0.0;0.0;0.0;0.0;0.0;0.0;0.0;0.0;0.0;1.0;0.0;2.0;0.0;1.0;1.0;1.0;0.0;0;0;31;0;UNIÃO DA VITÓRIA;REGIÃO SUL;37
2250.0;2020-11-30;7.0;15.0;20.0;25.0;607.0;33.0;5.0;7.0;18.0;411.0;33.0;0.0;33.0;804.0;37.0;162.0;5;4;4;5;4;4;4;0;0;0;0;0;0;0;0;0;1;0;0;0;0;0;0;0.0;0.0;0.0;0.0;0.0;1.0;0.0;0.0;0.0;0.0;0.0;0.0;0.0;0.0;0.0;0.0;0.0;0.0;0.0;0.0;0.0;0.0;0.0;0.0;0.0;0.0;0.0;0.0;0.0;0.0;0.0;0.0;0.0;1.0;0.0;2.0;0.0;1.0;1.0;1.0;0.0;0;0;30;0;UNIÃO DA VITÓRIA;REGIÃO SUL;38
2387.0;2020-12-31;14.0;16.0;22.0;24.0;684.0;31.0;8.0;14.0;20.0;518.0;31.0;0.0;31.0;850.0;67.0;233.0;4;5;5;4;4;4;5;0;0;1;0;0;0;0;0;0;0;0;0;0;0;0;0;0.0;0.0;0.0;0.0;0.0;1.0;0.0;0.0;0.0;0.0;0.0;0.0;0.0;0.0;0.0;0.0;0.0;0.0;0.0;0.0;0.0;0.0;0.0;0.0;0.0;0.0;0.0;0.0;0.0;0.0;0.0;0.0;0.0;1.0;0.0;2.0;0.0;1.0;1.0;1.0;0.0;0;0;31;0;UNIÃO DA VITÓRIA;REGIÃO SUL;39
2511.0;2021-01-31;12.0;17.0;22.0;25.0;671.0;31.0;7.0;12.0;20.0;540.0;31.0;0.0;31.0;802.0;59.0;219.0;5;4;4;4;5;5;4;0;0;0;0;1;0;0;0;0;0;0;0;1;0;0;0;0.0;0.0;0.0;0.0;0.0;0.0;0.0;0.0;0.0;0.0;0.0;0.0;0.0;0.0;0.0;0.0;0.0;0.0;0.0;0.0;0.0;0.0;0.0;0.0;0.0;0.0;0.0;0.0;0.0;0.0;0.0;0.0;0.0;1.0;0.0;2.0;0.0;1.0;1.0;1.0;0.0;0;0;31;0;UNIÃO DA VITÓRIA;REGIÃO SUL;40
2296.0;2021-02-28;11.0;18.0;21.0;24.0;584.0;31.0;1.0;11.0;19.0;412.0;31.0;0.0;31.0;756.0;24.0;36.0;4;4;4;4;4;4;4;0;0;0;1;0;0;0;0;0;0;0;0;1;0;0;0;0.0;0.0;0.0;0.0;0.0;0.0;0.0;0.0;0.0;0.0;0.0;0.0;0.0;0.0;0.0;0.0;0.0;0.0;0.0;0.0;0.0;0.0;0.0;0.0;0.0;0.0;0.0;0.0;0.0;0.0;0.0;0.0;0.0;1.0;0.0;2.0;0.0;1.0;1.0;1.0;0.0;0;3;28;0;UNIÃO DA VITÓRIA;REGIÃO SUL;41
2387.0;2021-03-31;10.0;16.0;22.0;24.0;670.0;30.0;7.0;10.0;19.0;504.0;30.0;0.0;30.0;836.0;76.0;202.0;4;5;4;5;4;4;5;0;0;0;0;0;0;0;0;1;0;0;0;1;0;0;0;0.0;0.0;0.0;0.0;0.0;0.0;0.0;0.0;0.0;0.0;0.0;0.0;0.0;0.0;0.0;0.0;0.0;0.0;0.0;0.0;0.0;0.0;0.0;0.0;0.0;0.0;0.0;0.0;0.0;0.0;0.0;0.0;0.0;1.0;0.0;2.0;0.0;1.0;1.0;1.0;0.0;0;0;31;0;UNIÃO DA VITÓRIA;REGIÃO SUL;42
2340.0;2021-04-30;7.0;14.0;17.0;20.0;522.0;27.0;0.0;7.0;15.0;354.0;27.0;0.0;27.0;689.0;1.0;2.0;4;4;5;4;5;4;4;1;0;0;0;0;0;0;0;0;0;0;0;1;0;0;0;0.0;0.0;0.0;0.0;0.0;0.0;0.0;0.0;0.0;0.0;0.0;0.0;0.0;0.0;0.0;0.0;0.0;0.0;0.0;0.0;0.0;0.0;0.0;0.0;0.0;0.0;0.0;0.0;0.0;0.0;0.0;0.0;0.0;1.0;0.0;2.0;0.0;1.0;1.0;1.0;0.0;0;1;30;0;UNIÃO DA VITÓRIA;REGIÃO SUL;43
2480.0;2021-05-31;1.0;10.0;15.0;20.0;465.0;27.0;3.0;1.0;14.0;283.0;27.0;0.0;27.0;647.0;42.0;93.0;5;4;4;5;4;5;4;0;0;0;0;0;0;0;1;0;0;0;0;1;0;0;0;0.0;0.0;0.0;0.0;0.0;0.0;0.0;0.0;0.0;0.0;0.0;0.0;0.0;0.0;0.0;0.0;0.0;0.0;0.0;0.0;0.0;0.0;0.0;0.0;0.0;0.0;0.0;0.0;0.0;0.0;0.0;0.0;0.0;1.0;0.0;2.0;0.0;1.0;1.0;1.0;0.0;0;0;31;0;UNIÃO DA VITÓRIA;REGIÃO SUL;44
2970.0;2021-06-30;-2.0;3.0;13.0;19.0;392.0;24.0;4.0;-2.0;14.0;260.0;24.0;0.0;24.0;524.0;28.0;117.0;4;5;4;4;4;4;5;0;0;0;0;0;0;1;0;0;0;0;0;1;0;0;0;0.0;0.0;0.0;0.0;0.0;0.0;0.0;0.0;0.0;0.0;0.0;0.0;0.0;0.0;0.0;0.0;0.0;0.0;0.0;0.0;0.0;0.0;0.0;0.0;0.0;0.0;0.0;0.0;0.0;0.0;0.0;0.0;0.0;1.0;0.0;2.0;0.0;1.0;1.0;1.0;0.0;0;1;30;0;UNIÃO DA VITÓRIA;REGIÃO SUL;45
2852.0;2021-07-31;-4.0;3.0;11.0;17.0;347.0;25.0;2.0;-4.0;12.0;147.0;25.0;0.0;25.0;546.0;28.0;68.0;4;4;5;4;5;5;4;0;0;0;0;0;1;0;0;0;0;0;0;1;0;0;0;0.0;0.0;0.0;0.0;0.0;0.0;0.0;0.0;0.0;0.0;0.0;0.0;0.0;0.0;0.0;0.0;0.0;0.0;0.0;0.0;0.0;0.0;0.0;0.0;0.0;0.0;0.0;0.0;0.0;0.0;0.0;0.0;0.0;1.0;0.0;2.0;0.0;1.0;1.0;1.0;0.0;0;0;31;0;UNIÃO DA VITÓRIA;REGIÃO SUL;46
2697.0;2021-08-31;4.0;9.0;16.0;21.0;490.0;29.0;2.0;4.0;15.0;319.0;29.0;0.0;29.0;661.0;25.0;58.0;5;4;4;5;4;4;5;0;1;0;0;0;0;0;0;0;0;0;0;1;0;0;0;0.0;0.0;0.0;0.0;0.0;0.0;0.0;0.0;0.0;0.0;0.0;0.0;0.0;0.0;0.0;0.0;0.0;0.0;0.0;0.0;0.0;0.0;0.0;0.0;0.0;0.0;0.0;0.0;0.0;0.0;0.0;0.0;0.0;1.0;0.0;2.0;0.0;1.0;1.0;1.0;0.0;0;0;31;0;UNIÃO DA VITÓRIA;REGIÃO SUL;47
3150.0;2021-09-30;6.0;13.0;19.0;24.0;560.0;31.0;5.0;6.0;19.0;384.0;31.0;0.0;31.0;735.0;45.0;136.0;4;5;5;4;4;4;4;0;0;0;0;0;0;0;0;0;0;0;1;1;0;0;0;0.0;0.0;0.0;0.0;0.0;0.0;0.0;0.0;0.0;0.0;0.0;0.0;0.0;0.0;0.0;0.0;0.0;0.0;0.0;0.0;0.0;0.0;0.0;0.0;0.0;0.0;0.0;0.0;0.0;0.0;0.0;0.0;0.0;1.0;0.0;2.0;0.0;1.0;1.0;1.0;0.0;0;0;30;0;UNIÃO DA VITÓRIA;REGIÃO SUL;48
3596.0;2021-10-31;7.0;13.0;17.0;21.0;531.0;27.0;8.0;7.0;16.0;399.0;27.0;0.0;27.0;663.0;81.0;259.0;5;4;4;4;5;5;4;0;0;0;0;0;0;0;0;0;0;1;0;1;0;0;0;0.0;0.0;0.0;0.0;0.0;0.0;0.0;0.0;0.0;0.0;0.0;0.0;0.0;0.0;0.0;0.0;0.0;0.0;0.0;0.0;0.0;0.0;0.0;0.0;0.0;0.0;0.0;0.0;0.0;0.0;0.0;0.0;0.0;1.0;0.0;2.0;0.0;1.0;1.0;1.0;0.0;0;0;0;0;UNIÃO DA VITÓRIA;REGIÃO SUL;49
5190.0;2021-11-30;8.0;17.0;20.0;24.0;615.0;32.0;2.0;8.0;17.0;428.0;32.0;0.0;32.0;801.0;25.0;74.0;4;4;4;5;4;4;5;0;0;0;0;0;0;0;0;0;1;0;0;1;0;0;0;0.0;0.0;0.0;0.0;0.0;0.0;0.0;0.0;0.0;0.0;0.0;0.0;0.0;0.0;0.0;0.0;0.0;0.0;0.0;0.0;0.0;0.0;0.0;0.0;0.0;0.0;0.0;0.0;0.0;0.0;0.0;0.0;0.0;1.0;0.0;2.0;0.0;1.0;1.0;1.0;0.0;0;0;0;0;UNIÃO DA VITÓRIA;REGIÃO SUL;50
4898.0;2021-12-31;9.0;18.0;22.0;26.0;675.0;32.0;2.0;9.0;20.0;478.0;32.0;0.0;32.0;872.0;18.0;53.0;4;5;5;4;5;4;4;0;0;1;0;0;0;0;0;0;0;0;0;1;0;0;0;0.0;0.0;0.0;0.0;0.0;0.0;0.0;0.0;0.0;0.0;0.0;0.0;0.0;0.0;0.0;0.0;0.0;0.0;0.0;0.0;0.0;0.0;0.0;0.0;0.0;0.0;0.0;0.0;0.0;0.0;0.0;0.0;0.0;1.0;0.0;2.0;0.0;1.0;1.0;1.0;0.0;0;0;0;0;UNIÃO DA VITÓRIA;REGIÃO SUL;51
3596.0;2022-01-31;12.0;17.0;22.0;26.0;697.0;33.0;8.0;12.0;20.0;527.0;33.0;0.0;33.0;866.0;69.0;254.0;5;4;4;5;4;5;4;0;0;0;0;1;0;0;0;0;0;0;0;0;1;0;0;0.0;0.0;0.0;0.0;0.0;0.0;0.0;0.0;0.0;0.0;0.0;0.0;0.0;0.0;0.0;0.0;0.0;0.0;0.0;0.0;0.0;0.0;0.0;0.0;0.0;0.0;0.0;0.0;0.0;0.0;0.0;0.0;0.0;1.0;0.0;2.0;0.0;1.0;1.0;1.0;0.0;31;0;0;0;UNIÃO DA VITÓRIA;REGIÃO SUL;52
5236.0;2022-02-28;12.0;20.0;22.0;25.0;625.0;32.0;4.0;12.0;20.0;451.0;32.0;0.0;32.0;799.0;41.0;103.0;4;4;4;4;4;4;4;0;0;0;1;0;0;0;0;0;0;0;0;0;1;0;0;0.0;0.0;0.0;0.0;0.0;0.0;0.0;0.0;0.0;0.0;0.0;0.0;0.0;0.0;0.0;0.0;0.0;0.0;0.0;0.0;0.0;0.0;0.0;0.0;0.0;0.0;0.0;0.0;0.0;0.0;0.0;0.0;0.0;1.0;0.0;2.0;0.0;1.0;1.0;1.0;0.0;0;1;0;0;UNIÃO DA VITÓRIA;REGIÃO SUL;53
6262.0;2022-03-31;11.0;15.0;21.0;25.0;659.0;31.0;8.0;11.0;20.0;513.0;31.0;0.0;31.0;805.0;46.0;240.0;4;5;5;4;4;4;5;0;0;0;0;0;0;0;0;1;0;0;0;0;1;0;0;0.0;0.0;0.0;0.0;0.0;0.0;0.0;0.0;0.0;0.0;0.0;0.0;0.0;0.0;0.0;0.0;0.0;0.0;0.0;0.0;0.0;0.0;0.0;0.0;0.0;0.0;0.0;0.0;0.0;0.0;0.0;0.0;0.0;1.0;0.0;2.0;0.0;1.0;1.0;1.0;0.0;0;1;0;0;UNIÃO DA VITÓRIA;REGIÃO SUL;54
5790.0;2022-04-30;5.0;12.0;18.0;22.0;527.0;27.0;13.0;5.0;17.0;388.0;27.0;0.0;27.0;665.0;152.0;376.0;4;4;4;4;5;5;4;1;0;0;0;0;0;0;0;0;0;0;0;0;1;0;0;0.0;0.0;0.0;0.0;0.0;0.0;0.0;0.0;0.0;0.0;0.0;0.0;0.0;0.0;0.0;0.0;0.0;0.0;0.0;0.0;0.0;0.0;0.0;0.0;0.0;0.0;0.0;0.0;0.0;0.0;0.0;0.0;0.0;1.0;0.0;2.0;0.0;1.0;1.0;1.0;0.0;0;1;0;0;UNIÃO DA VITÓRIA;REGIÃO SUL;55
7812.0;2022-05-31;0.0;6.0;14.0;20.0;440.0;25.0;6.0;0.0;15.0;273.0;25.0;0.0;25.0;606.0;59.0;194.0;5;4;4;5;4;4;5;0;0;0;0;0;0;0;1;0;0;0;0;0;1;0;0;0.0;0.0;0.0;0.0;0.0;0.0;0.0;0.0;0.0;0.0;0.0;0.0;0.0;0.0;0.0;0.0;0.0;0.0;0.0;0.0;0.0;0.0;0.0;0.0;0.0;0.0;0.0;0.0;0.0;0.0;0.0;0.0;0.0;1.0;0.0;2.0;0.0;1.0;1.0;1.0;0.0;0;0;0;0;UNIÃO DA VITÓRIA;REGIÃO SUL;56
6990.0;2022-06-30;-1.0;6.0;13.0;19.0;403.0;25.0;6.0;-1.0;14.0;253.0;25.0;0.0;25.0;554.0;59.0;166.0;4;5;5;4;4;4;4;0;0;0;0;0;0;1;0;0;0;0;0;0;1;0;0;0.0;0.0;0.0;0.0;0.0;0.0;0.0;0.0;0.0;0.0;0.0;0.0;0.0;0.0;0.0;0.0;0.0;0.0;0.0;0.0;0.0;0.0;0.0;0.0;0.0;0.0;0.0;0.0;0.0;0.0;0.0;0.0;0.0;1.0;0.0;2.0;0.0;1.0;1.0;1.0;0.0;0;1;0;0;UNIÃO DA VITÓRIA;REGIÃO SUL;57
5580.0;2022-07-31;0.0;9.0;15.0;18.0;477.0;26.0;1.0;0.0;13.0;273.0;26.0;0.0;26.0;681.0;17.0;40.0;5;4;4;4;5;5;4;0;0;0;0;0;1;0;0;0;0;0;0;0;1;0;0;0.0;0.0;0.0;0.0;0.0;0.0;0.0;0.0;0.0;0.0;0.0;0.0;0.0;0.0;0.0;0.0;0.0;0.0;0.0;0.0;0.0;0.0;0.0;0.0;0.0;0.0;0.0;0.0;0.0;0.0;0.0;0.0;0.0;1.0;0.0;2.0;0.0;1.0;1.0;1.0;0.0;0;0;0;0;UNIÃO DA VITÓRIA;REGIÃO SUL;58
7440.0;2022-08-31;-2.0;5.0;13.0;18.0;409.0;26.0;5.0;-2.0;13.0;235.0;26.0;0.0;26.0;583.0;48.0;162.0;4;5;4;5;4;4;5;0;1;0;0;0;0;0;0;0;0;0;0;0;1;0;0;0.0;0.0;0.0;0.0;0.0;0.0;0.0;0.0;0.0;0.0;0.0;0.0;0.0;0.0;0.0;0.0;0.0;0.0;0.0;0.0;0.0;0.0;0.0;0.0;0.0;0.0;0.0;0.0;0.0;0.0;0.0;0.0;0.0;1.0;0.0;2.0;0.0;1.0;1.0;1.0;0.0;0;0;0;0;UNIÃO DA VITÓRIA;REGIÃO SUL;59
7800.0;2022-09-30;1.0;9.0;14.0;22.0;415.0;29.0;8.0;1.0;15.0;285.0;29.0;0.0;29.0;546.0;40.0;238.0;4;4;5;4;5;4;4;0;0;0;0;0;0;0;0;0;0;0;1;0;1;0;0;0.0;0.0;0.0;0.0;0.0;0.0;0.0;0.0;0.0;0.0;0.0;0.0;0.0;0.0;0.0;0.0;0.0;0.0;0.0;0.0;0.0;0.0;0.0;0.0;0.0;0.0;0.0;0.0;0.0;0.0;0.0;0.0;0.0;1.0;0.0;2.0;0.0;1.0;1.0;1.0;0.0;0;0;0;0;UNIÃO DA VITÓRIA;REGIÃO SUL;60
7750.0;2022-10-31;5.0;15.0;18.0;22.0;565.0;29.0;10.0;5.0;15.0;400.0;29.0;0.0;29.0;729.0;73.0;314.0;5;4;4;5;4;5;4;0;0;0;0;0;0;0;0;0;0;1;0;0;1;0;0;0.0;0.0;0.0;0.0;0.0;0.0;0.0;0.0;0.0;0.0;0.0;0.0;0.0;0.0;0.0;0.0;0.0;0.0;0.0;0.0;0.0;0.0;0.0;0.0;0.0;0.0;0.0;0.0;0.0;0.0;0.0;0.0;0.0;1.0;0.0;2.0;0.0;1.0;1.0;1.0;0.0;0;0;0;0;UNIÃO DA VITÓRIA;REGIÃO SUL;61
8220.0;2022-11-30;6.0;10.0;18.0;22.0;535.0;29.0;2.0;6.0;17.0;351.0;29.0;0.0;29.0;720.0;11.0;63.0;4;5;4;4;4;4;5;0;0;0;0;0;0;0;0;0;1;0;0;0;1;0;0;0.0;0.0;0.0;0.0;0.0;0.0;0.0;0.0;0.0;0.0;0.0;0.0;0.0;0.0;0.0;0.0;0.0;0.0;0.0;0.0;0.0;0.0;0.0;0.0;0.0;0.0;0.0;0.0;0.0;0.0;0.0;0.0;0.0;1.0;0.0;2.0;0.0;1.0;1.0;1.0;0.0;0;0;0;0;UNIÃO DA VITÓRIA;REGIÃO SUL;62
8091.0;2022-12-31;11.0;17.0;22.0;25.0;676.0;32.0;4.0;11.0;20.0;503.0;32.0;0.0;32.0;849.0;25.0;138.0;4;4;5;4;5;5;4;0;0;1;0;0;0;0;0;0;0;0;0;0;1;0;0;0.0;0.0;0.0;0.0;0.0;0.0;0.0;0.0;0.0;0.0;0.0;0.0;0.0;0.0;0.0;0.0;0.0;0.0;0.0;0.0;0.0;0.0;0.0;0.0;0.0;0.0;0.0;0.0;0.0;0.0;0.0;0.0;0.0;1.0;0.0;2.0;0.0;1.0;1.0;1.0;0.0;0;0;0;0;UNIÃO DA VITÓRIA;REGIÃO SUL;63
5766.0;2023-01-31;11.0;17.0;22.0;24.0;677.0;31.0;4.0;11.0;19.0;503.0;31.0;0.0;31.0;850.0;26.0;124.0;5;4;4;5;4;4;5;0;0;0;0;1;0;0;0;0;0;0;0;0;0;1;0;0.0;0.0;0.0;0.0;0.0;0.0;0.0;0.0;0.0;0.0;0.0;0.0;0.0;0.0;0.0;0.0;0.0;0.0;0.0;0.0;0.0;0.0;0.0;0.0;0.0;0.0;0.0;0.0;0.0;0.0;0.0;0.0;0.0;1.0;0.0;2.0;0.0;1.0;1.0;1.0;0.0;31;0;0;0;UNIÃO DA VITÓRIA;REGIÃO SUL;64
7476.0;2023-02-28;12.0;15.0;22.0;24.0;604.0;30.0;5.0;12.0;19.0;467.0;30.0;0.0;30.0;741.0;37.0;152.0;4;4;4;4;4;4;4;0;0;0;1;0;0;0;0;0;0;0;0;0;0;1;0;0.0;0.0;0.0;0.0;0.0;0.0;0.0;0.0;0.0;0.0;0.0;0.0;0.0;0.0;0.0;0.0;0.0;0.0;0.0;0.0;0.0;0.0;0.0;0.0;0.0;0.0;0.0;0.0;0.0;0.0;0.0;0.0;0.0;1.0;0.0;2.0;0.0;1.0;1.0;1.0;0.0;0;3;0;0;UNIÃO DA VITÓRIA;REGIÃO SUL;65
9362.0;2023-03-31;14.0;21.0;22.0;24.0;691.0;31.0;5.0;14.0;19.0;519.0;31.0;0.0;31.0;863.0;27.0;169.0;4;5;5;4;5;4;4;0;0;0;0;0;0;0;0;1;0;0;0;0;0;1;0;0.0;0.0;0.0;0.0;0.0;0.0;0.0;0.0;0.0;0.0;0.0;0.0;0.0;0.0;0.0;0.0;0.0;0.0;0.0;0.0;0.0;0.0;0.0;0.0;0.0;0.0;0.0;0.0;0.0;0.0;0.0;0.0;0.0;1.0;0.0;2.0;0.0;1.0;1.0;1.0;0.0;0;0;0;0;UNIÃO DA VITÓRIA;REGIÃO SUL;66
8010.0;2023-04-30;7.0;13.0;18.0;21.0;547.0;28.0;3.0;7.0;16.0;383.0;28.0;0.0;28.0;712.0;22.0;80.0;5;4;4;4;4;5;4;1;0;0;0;0;0;0;0;0;0;0;0;0;0;1;0;0.0;0.0;0.0;0.0;0.0;0.0;0.0;0.0;0.0;0.0;0.0;0.0;0.0;0.0;0.0;0.0;0.0;0.0;0.0;0.0;0.0;0.0;0.0;0.0;0.0;0.0;0.0;0.0;0.0;0.0;0.0;0.0;0.0;1.0;0.0;2.0;0.0;1.0;1.0;1.0;0.0;0;1;0;0;UNIÃO DA VITÓRIA;REGIÃO SUL;67
9176.0;2023-05-31;5.0;12.0;16.0;21.0;504.0;26.0;3.0;5.0;17.0;324.0;26.0;0.0;26.0;684.0;23.0;93.0;4;5;4;5;4;4;5;0;0;0;0;0;0;0;1;0;0;0;0;0;0;1;0;0.0;0.0;0.0;0.0;0.0;0.0;0.0;0.0;0.0;0.0;0.0;0.0;0.0;0.0;0.0;0.0;0.0;0.0;0.0;0.0;0.0;0.0;0.0;0.0;0.0;0.0;0.0;0.0;0.0;0.0;0.0;0.0;0.0;1.0;0.0;2.0;0.0;1.0;1.0;1.0;0.0;0;0;0;0;UNIÃO DA VITÓRIA;REGIÃO SUL;68
9270.0;2023-06-30;2.0;9.0;14.0;19.0;418.0;25.0;2.0;2.0;14.0;245.0;25.0;0.0;25.0;591.0;18.0;70.0;4;4;5;4;5;4;4;0;0;0;0;0;0;1;0;0;0;0;0;0;0;1;0;0.0;0.0;0.0;0.0;0.0;0.0;0.0;0.0;0.0;0.0;0.0;0.0;0.0;0.0;0.0;0.0;0.0;0.0;0.0;0.0;0.0;0.0;0.0;0.0;0.0;0.0;0.0;0.0;0.0;0.0;0.0;0.0;0.0;1.0;0.0;2.0;0.0;1.0;1.0;1.0;0.0;0;1;0;0;UNIÃO DA VITÓRIA;REGIÃO SUL;69
7471.0;2023-07-31;3.0;8.0;14.0;19.0;441.0;24.0;6.0;3.0;14.0;292.0;24.0;0.0;24.0;589.0;89.0;174.0;5;4;4;5;4;5;4;0;0;0;0;0;1;0;0;0;0;0;0;0;0;1;0;0.0;0.0;0.0;0.0;0.0;0.0;0.0;0.0;0.0;0.0;0.0;0.0;0.0;0.0;0.0;0.0;0.0;0.0;0.0;0.0;0.0;0.0;0.0;0.0;0.0;0.0;0.0;0.0;0.0;0.0;0.0;0.0;0.0;1.0;0.0;2.0;0.0;1.0;1.0;1.0;0.0;15;0;0;0;UNIÃO DA VITÓRIA;REGIÃO SUL;70
10168.0;2023-08-31;2.0;9.0;15.0;23.0;478.0;30.0;6.0;2.0;17.0;299.0;30.0;0.0;30.0;656.0;68.0;200.0;4;5;5;4;4;4;5;0;1;0;0;0;0;0;0;0;0;0;0;0;0;1;0;0.0;0.0;0.0;0.0;0.0;0.0;0.0;0.0;0.0;0.0;0.0;0.0;0.0;0.0;0.0;0.0;0.0;0.0;0.0;0.0;0.0;0.0;0.0;0.0;0.0;0.0;0.0;0.0;0.0;0.0;0.0;0.0;0.0;1.0;0.0;2.0;0.0;1.0;1.0;1.0;0.0;0;0;0;0;UNIÃO DA VITÓRIA;REGIÃO SUL;71
9300.0;2023-09-30;5.0;13.0;19.0;25.0;572.0;33.0;6.0;5.0;19.0;402.0;33.0;0.0;33.0;742.0;52.0;187.0;4;4;4;4;5;5;4;0;0;0;0;0;0;0;0;0;0;0;1;0;0;1;0;0.0;0.0;0.0;0.0;0.0;0.0;0.0;0.0;0.0;0.0;0.0;0.0;0.0;0.0;0.0;0.0;0.0;0.0;0.0;0.0;0.0;0.0;0.0;0.0;0.0;0.0;0.0;0.0;0.0;0.0;0.0;0.0;0.0;1.0;0.0;2.0;0.0;1.0;1.0;1.0;0.0;0;0;0;0;UNIÃO DA VITÓRIA;REGIÃO SUL;72
7533.0;2023-10-31;10.0;13.0;19.0;23.0;590.0;30.0;18.0;10.0;19.0;456.0;30.0;0.0;30.0;724.0;110.0;546.0;5;4;4;5;4;4;5;0;0;0;0;0;0;0;0;0;0;1;0;0;0;1;0;0.0;0.0;0.0;0.0;0.0;0.0;0.0;0.0;0.0;0.0;0.0;0.0;0.0;0.0;0.0;0.0;0.0;0.0;0.0;0.0;0.0;0.0;0.0;0.0;0.0;0.0;0.0;0.0;0.0;0.0;0.0;0.0;0.0;1.0;0.0;2.0;0.0;1.0;1.0;1.0;0.0;0;0;0;0;UNIÃO DA VITÓRIA;REGIÃO SUL;73
9750.0;2023-11-30;6.0;15.0;21.0;27.0;633.0;34.0;9.0;6.0;21.0;479.0;34.0;0.0;34.0;786.0;51.0;261.0;4;5;5;4;4;4;4;0;0;0;0;0;0;0;0;0;1;0;0;0;0;1;0;0.0;0.0;0.0;0.0;0.0;0.0;0.0;0.0;0.0;0.0;0.0;0.0;0.0;0.0;0.0;0.0;0.0;0.0;0.0;0.0;0.0;0.0;0.0;0.0;0.0;0.0;0.0;0.0;0.0;0.0;0.0;0.0;0.0;1.0;0.0;2.0;0.0;1.0;1.0;1.0;0.0;0;0;0;0;UNIÃO DA VITÓRIA;REGIÃO SUL;74
10013.0;2023-12-31;15.0;17.0;24.0;27.0;731.0;35.0;4.0;15.0;21.0;545.0;35.0;0.0;35.0;916.0;21.0;112.0;5;4;4;4;5;5;4;0;0;1;0;0;0;0;0;0;0;0;0;0;0;1;0;0.0;0.0;0.0;0.0;0.0;0.0;0.0;0.0;0.0;0.0;0.0;0.0;0.0;0.0;0.0;0.0;0.0;0.0;0.0;0.0;0.0;0.0;0.0;0.0;0.0;0.0;0.0;0.0;0.0;0.0;0.0;0.0;0.0;1.0;0.0;2.0;0.0;1.0;1.0;1.0;0.0;0;0;0;0;UNIÃO DA VITÓRIA;REGIÃO SUL;75
6572.0;2024-01-31;12.0;17.0;23.0;27.0;704.0;35.0;6.0;12.0;21.0;535.0;35.0;0.0;35.0;873.0;55.0;191.0;4;5;4;5;4;4;5;0;0;0;0;1;0;0;0;0;0;0;0;0;0;0;1;0.0;0.0;0.0;0.0;0.0;0.0;0.0;0.0;0.0;0.0;0.0;0.0;0.0;0.0;0.0;0.0;0.0;0.0;0.0;0.0;0.0;0.0;0.0;0.0;0.0;0.0;0.0;0.0;0.0;0.0;0.0;0.0;0.0;1.0;0.0;2.0;0.0;1.0;1.0;1.0;0.0;31;0;0;0;UNIÃO DA VITÓRIA;REGIÃO SUL;76
9831.0;2024-02-29;15.0;19.0;23.0;26.0;679.0;33.0;5.0;15.0;20.0;519.0;33.0;0.0;33.0;840.0;42.0;136.0;4;4;5;4;4;4;4;0;0;0;1;0;0;0;0;0;0;0;0;0;0;0;1;0.0;0.0;0.0;0.0;0.0;0.0;0.0;0.0;0.0;0.0;0.0;0.0;0.0;0.0;0.0;0.0;0.0;0.0;0.0;0.0;0.0;0.0;0.0;0.0;0.0;0.0;0.0;0.0;0.0;0.0;0.0;0.0;0.0;1.0;0.0;2.0;0.0;1.0;1.0;1.0;0.0;0;3;0;0;UNIÃO DA VITÓRIA;REGIÃO SUL;77
11594.0;2024-03-31;14.0;17.0;23.0;27.0;713.0;34.0;2.0;14.0;21.0;546.0;34.0;0.0;34.0;879.0;18.0;76.0;5;4;4;4;5;5;4;0;0;0;0;0;0;0;0;1;0;0;0;0;0;0;1;0.0;0.0;0.0;0.0;0.0;0.0;0.0;0.0;0.0;0.0;0.0;0.0;0.0;0.0;0.0;0.0;0.0;0.0;0.0;0.0;0.0;0.0;0.0;0.0;0.0;0.0;0.0;0.0;0.0;0.0;0.0;0.0;0.0;1.0;0.0;2.0;0.0;1.0;1.0;1.0;0.0;0;1;0;0;UNIÃO DA VITÓRIA;REGIÃO SUL;78
8670.0;2024-04-30;8.0;16.0;21.0;25.0;620.0;31.0;4.0;8.0;19.0;468.0;31.0;0.0;31.0;771.0;64.0;119.0;4;4;4;5;4;4;5;1;0;0;0;0;0;0;0;0;0;0;0;0;0;0;1;0.0;0.0;0.0;0.0;0.0;0.0;0.0;0.0;0.0;0.0;0.0;0.0;0.0;0.0;0.0;0.0;0.0;0.0;0.0;0.0;0.0;0.0;0.0;0.0;0.0;0.0;0.0;0.0;0.0;0.0;0.0;0.0;0.0;1.0;0.0;2.0;0.0;1.0;1.0;1.0;0.0;0;0;0;0;UNIÃO DA VITÓRIA;REGIÃO SUL;79
5580.0;2024-05-31;3.0;10.0;18.0;23.0;556.0;29.0;3.0;3.0;19.0;402.0;29.0;0.0;29.0;709.0;30.0;103.0;4;5;5;4;5;4;4;0;0;0;0;0;0;0;1;0;0;0;0;0;0;0;1;0.0;0.0;0.0;0.0;0.0;0.0;0.0;0.0;0.0;0.0;0.0;0.0;0.0;0.0;0.0;0.0;0.0;0.0;0.0;0.0;0.0;0.0;0.0;0.0;0.0;0.0;0.0;0.0;0.0;0.0;0.0;0.0;0.0;1.0;0.0;2.0;0.0;1.0;1.0;1.0;0.0;0;1;0;30;UNIÃO DA VITÓRIA;REGIÃO SUL;80
5640.0;2024-06-30;-0.0;8.0;17.0;20.0;499.0;26.0;1.0;-0.0;16.0;321.0;26.0;0.0;26.0;677.0;15.0;22.0;5;4;4;4;4;5;4;0;0;0;0;0;0;1;0;0;0;0;0;0;0;0;1;0.0;0.0;0.0;0.0;0.0;0.0;0.0;0.0;0.0;0.0;0.0;0.0;0.0;0.0;0.0;0.0;0.0;0.0;0.0;0.0;0.0;0.0;0.0;0.0;0.0;0.0;0.0;0.0;0.0;0.0;0.0;0.0;0.0;1.0;0.0;2.0;0.0;1.0;1.0;1.0;0.0;0;0;0;30;UNIÃO DA VITÓRIA;REGIÃO SUL;81
11687.0;2024-07-31;1.0;9.0;13.0;18.0;413.0;25.0;6.0;1.0;12.0;247.0;25.0;0.0;25.0;579.0;44.0;188.0;4;5;4;5;4;4;5;0;0;0;0;0;1;0;0;0;0;0;0;0;0;0;1;0.0;0.0;0.0;0.0;0.0;0.0;0.0;0.0;0.0;0.0;0.0;0.0;0.0;0.0;0.0;0.0;0.0;0.0;0.0;0.0;0.0;0.0;0.0;0.0;0.0;0.0;0.0;0.0;0.0;0.0;0.0;0.0;0.0;1.0;0.0;2.0;0.0;1.0;1.0;1.0;0.0;12;0;0;0;UNIÃO DA VITÓRIA;REGIÃO SUL;82
11129.0;2024-08-31;-3.0;7.0;15.0;21.0;468.0;31.0;1.0;-3.0;14.0;232.0;31.0;0.0;31.0;704.0;16.0;39.0;4;4;5;4;5;5;4;0;1;0;0;0;0;0;0;0;0;0;0;0;0;0;1;0.0;0.0;0.0;0.0;0.0;0.0;0.0;0.0;0.0;0.0;0.0;0.0;0.0;0.0;0.0;0.0;0.0;0.0;0.0;0.0;0.0;0.0;0.0;0.0;0.0;0.0;0.0;0.0;0.0;0.0;0.0;0.0;0.0;1.0;0.0;2.0;0.0;1.0;1.0;1.0;0.0;0;0;0;0;UNIÃO DA VITÓRIA;REGIÃO SUL;83
9690.0;2024-09-30;10.0;13.0;20.0;24.0;591.0;34.0;3.0;10.0;17.0;378.0;34.0;0.0;34.0;804.0;29.0;84.0;5;4;4;5;4;4;4;0;0;0;0;0;0;0;0;0;0;0;1;0;0;0;1;0.0;0.0;0.0;0.0;0.0;0.0;0.0;0.0;0.0;0.0;0.0;0.0;0.0;0.0;0.0;0.0;0.0;0.0;0.0;0.0;0.0;0.0;0.0;0.0;0.0;0.0;0.0;0.0;0.0;0.0;0.0;0.0;0.0;1.0;0.0;2.0;0.0;1.0;1.0;1.0;0.0;0;0;0;0;UNIÃO DA VITÓRIA;REGIÃO SUL;84
10416.0;2024-10-31;10.0;14.0;20.0;25.0;610.0;33.0;3.0;10.0;19.0;452.0;33.0;0.0;33.0;767.0;33.0;107.0;4;5;5;4;4;4;5;0;0;0;0;0;0;0;0;0;0;1;0;0;0;0;1;0.0;0.0;0.0;0.0;0.0;0.0;0.0;0.0;0.0;0.0;0.0;0.0;0.0;0.0;0.0;0.0;0.0;0.0;0.0;0.0;0.0;0.0;0.0;0.0;0.0;0.0;0.0;0.0;0.0;0.0;0.0;0.0;0.0;1.0;0.0;2.0;0.0;1.0;1.0;1.0;0.0;0;0;0;0;UNIÃO DA VITÓRIA;REGIÃO SUL;85
