CONSUMO;DATA;TEMP_MIN_MÉD_MENS;TEMP_MÉD_MIN_MENS;TEMP_MÉD_MÉD_MENS;TEMP_MÉD_MAX_MENS;TEMP_MÉD_ACC_MENS;TEMP_MAX_MÉD_MENS;PRECIPITAÇÃO_MÉD_MENS;TEMP_MIN_MIN_MENS;TEMP_MIN_MAX_MENS;TEMP_MIN_ACC_MENS;TEMP_MAX_MIN_MENS;PRECIPITAÇÃO_MIN_MENS;TEMP_MAX_MAX_MENS;TEMP_MAX_ACC_MENS;PRECIPITAÇÃO_MAX_MENS;PRECIPITAÇÃO_ACC_MENS;DIA_DA_SEMANA_dom;DIA_DA_SEMANA_qua;DIA_DA_SEMANA_qui;DIA_DA_SEMANA_seg;DIA_DA_SEMANA_sex;DIA_DA_SEMANA_sáb;DIA_DA_SEMANA_ter;MÊS_abr;MÊS_ago;MÊS_dez;MÊS_fev;MÊS_jan;MÊS_jul;MÊS_jun;MÊS_mai;MÊS_mar;MÊS_nov;MÊS_out;MÊS_set;ANO_2021;ANO_2022;ANO_2023;ANO_2024;ANO_2015;ANO_2016;ANO_2017;ANO_2018;ANO_2019;ANO_2020;ANO_2014;CAMPUS_ARAPONGAS;CAMPUS_ASSIS CHATEAUBRIAND;CAMPUS_ASTORGA;CAMPUS_BARRACÃO;CAMPUS_CAMPO LARGO;CAMPUS_CAPANEMA;CAMPUS_CASCAVEL;CAMPUS_COLOMBO;CAMPUS_CORONEL VIVIDA;CAMPUS_CURITIBA;CAMPUS_FOZ DO IGUAÇU;CAMPUS_GOIOERÊ;CAMPUS_IRATI;CAMPUS_IVAIPORÃ;CAMPUS_JACAREZINHO;CAMPUS_JAGUARIAÍVA;CAMPUS_LONDRINA - CENTRO;CAMPUS_LONDRINA - NORTE;CAMPUS_PALMAS;CAMPUS_PARANAGUÁ;CAMPUS_PARANAVAÍ;CAMPUS_PINHAIS;CAMPUS_PITANGA;CAMPUS_QUEDAS DO IGUAÇU;CAMPUS_TELÊMACO BORBA;CAMPUS_UMUARAMA;CAMPUS_UNIÃO DA VITÓRIA;CURSOS_TEC_CONCOMITANTE;CURSOS_TEC_INTEGRADO;CURSOS_TEC_SUBSEQUENTE;CURSOS_GRAD_MATUTINO;CURSOS_GRAD_VESPERTINO;CURSOS_GRAD_NOTURNO;CURSOS_POS;FÉRIAS;FERIADO;COVID;GREVE;CAMPUS;REGIÃO;ORDEM;LAG_01;LAG_02;LAG_03;LAG_04;LAG_05;LAG_06;LAG_07;LAG_08;LAG_09;LAG_10;LAG_11;LAG_12
13704.0;2016-02-29;19.0;22.0;25.0;28.0;734.0;33.0;4.0;19.0;23.0;602.0;33.0;0.0;33.0;865.0;23.0;117.0;4;4;4;5;4;4;4;0;0;0;1;0;0;0;0;0;0;0;0;0;0;0;0;0.0;1.0;0.0;0.0;0.0;0.0;0.0;0.0;1.0;0.0;0.0;0.0;0.0;0.0;0.0;0.0;0.0;0.0;0.0;0.0;0.0;0.0;0.0;0.0;0.0;0.0;0.0;0.0;0.0;0.0;0.0;0.0;0.0;0.0;0.0;2.0;4.0;0.0;0.0;2.0;1.0;0;3;0;0;ASSIS CHATEAUBRIAND;REGIÃO OESTE;1;9814.0;12999.0;12804.0;12454.0;9054.0;7922.0;7335.0;9006.0;11987.0;14274.0;18427.0;11400.0
15659.0;2016-03-31;12.0;17.0;22.0;28.0;685.0;32.0;3.0;12.0;24.0;542.0;32.0;0.0;32.0;827.0;37.0;89.0;4;5;5;4;4;4;5;0;0;0;0;0;0;0;0;1;0;0;0;0;0;0;0;0.0;1.0;0.0;0.0;0.0;0.0;0.0;0.0;1.0;0.0;0.0;0.0;0.0;0.0;0.0;0.0;0.0;0.0;0.0;0.0;0.0;0.0;0.0;0.0;0.0;0.0;0.0;0.0;0.0;0.0;0.0;0.0;0.0;0.0;0.0;2.0;4.0;0.0;0.0;2.0;1.0;0;1;0;0;ASSIS CHATEAUBRIAND;REGIÃO OESTE;2;13704.0;9814.0;12999.0;12804.0;12454.0;9054.0;7922.0;7335.0;9006.0;11987.0;14274.0;18427.0
14076.0;2016-04-30;4.0;9.0;23.0;28.0;702.0;33.0;2.0;4.0;23.0;542.0;33.0;0.0;33.0;862.0;49.0;69.0;4;4;4;4;5;5;4;1;0;0;0;0;0;0;0;0;0;0;0;0;0;0;0;0.0;1.0;0.0;0.0;0.0;0.0;0.0;0.0;1.0;0.0;0.0;0.0;0.0;0.0;0.0;0.0;0.0;0.0;0.0;0.0;0.0;0.0;0.0;0.0;0.0;0.0;0.0;0.0;0.0;0.0;0.0;0.0;0.0;0.0;0.0;2.0;4.0;0.0;0.0;2.0;1.0;0;0;0;0;ASSIS CHATEAUBRIAND;REGIÃO OESTE;3;15659.0;13704.0;9814.0;12999.0;12804.0;12454.0;9054.0;7922.0;7335.0;9006.0;11987.0;14274.0
9449.0;2016-05-31;4.0;11.0;16.0;22.0;490.0;27.0;9.0;4.0;16.0;368.0;27.0;0.0;27.0;612.0;99.0;292.0;5;4;4;5;4;4;5;0;0;0;0;0;0;0;1;0;0;0;0;0;0;0;0;0.0;1.0;0.0;0.0;0.0;0.0;0.0;0.0;1.0;0.0;0.0;0.0;0.0;0.0;0.0;0.0;0.0;0.0;0.0;0.0;0.0;0.0;0.0;0.0;0.0;0.0;0.0;0.0;0.0;0.0;0.0;0.0;0.0;0.0;0.0;2.0;4.0;0.0;0.0;2.0;1.0;0;1;0;0;ASSIS CHATEAUBRIAND;REGIÃO OESTE;4;14076.0;15659.0;13704.0;9814.0;12999.0;12804.0;12454.0;9054.0;7922.0;7335.0;9006.0;11987.0
8556.0;2016-06-30;-1.0;7.0;14.0;20.0;408.0;27.0;3.0;-1.0;14.0;252.0;27.0;0.0;27.0;563.0;49.0;98.0;4;5;5;4;4;4;4;0;0;0;0;0;0;1;0;0;0;0;0;0;0;0;0;0.0;1.0;0.0;0.0;0.0;0.0;0.0;0.0;1.0;0.0;0.0;0.0;0.0;0.0;0.0;0.0;0.0;0.0;0.0;0.0;0.0;0.0;0.0;0.0;0.0;0.0;0.0;0.0;0.0;0.0;0.0;0.0;0.0;0.0;0.0;2.0;4.0;0.0;0.0;2.0;1.0;0;0;0;0;ASSIS CHATEAUBRIAND;REGIÃO OESTE;5;9449.0;14076.0;15659.0;13704.0;9814.0;12999.0;12804.0;12454.0;9054.0;7922.0;7335.0;9006.0
8758.0;2016-07-31;2.0;6.0;17.0;23.0;514.0;30.0;2.0;2.0;18.0;324.0;30.0;0.0;30.0;704.0;23.0;70.0;5;4;4;4;5;5;4;0;0;0;0;0;1;0;0;0;0;0;0;0;0;0;0;0.0;1.0;0.0;0.0;0.0;0.0;0.0;0.0;1.0;0.0;0.0;0.0;0.0;0.0;0.0;0.0;0.0;0.0;0.0;0.0;0.0;0.0;0.0;0.0;0.0;0.0;0.0;0.0;0.0;0.0;0.0;0.0;0.0;0.0;0.0;2.0;4.0;0.0;0.0;2.0;1.0;14;0;0;0;ASSIS CHATEAUBRIAND;REGIÃO OESTE;6;8556.0;9449.0;14076.0;15659.0;13704.0;9814.0;12999.0;12804.0;12454.0;9054.0;7922.0;7335.0
9483.0;2016-08-31;3.0;10.0;18.0;25.0;555.0;32.0;15.0;3.0;18.0;386.0;32.0;0.0;32.0;723.0;82.0;459.0;4;5;4;5;4;4;5;0;1;0;0;0;0;0;0;0;0;0;0;0;0;0;0;0.0;1.0;0.0;0.0;0.0;0.0;0.0;0.0;1.0;0.0;0.0;0.0;0.0;0.0;0.0;0.0;0.0;0.0;0.0;0.0;0.0;0.0;0.0;0.0;0.0;0.0;0.0;0.0;0.0;0.0;0.0;0.0;0.0;0.0;0.0;2.0;4.0;0.0;0.0;2.0;1.0;0;0;0;0;ASSIS CHATEAUBRIAND;REGIÃO OESTE;7;8758.0;8556.0;9449.0;14076.0;15659.0;13704.0;9814.0;12999.0;12804.0;12454.0;9054.0;7922.0
10410.0;2016-09-30;3.0;10.0;18.0;24.0;536.0;32.0;2.0;3.0;18.0;325.0;32.0;0.0;32.0;747.0;25.0;55.0;4;4;5;4;5;4;4;0;0;0;0;0;0;0;0;0;0;0;1;0;0;0;0;0.0;1.0;0.0;0.0;0.0;0.0;0.0;0.0;1.0;0.0;0.0;0.0;0.0;0.0;0.0;0.0;0.0;0.0;0.0;0.0;0.0;0.0;0.0;0.0;0.0;0.0;0.0;0.0;0.0;0.0;0.0;0.0;0.0;0.0;0.0;2.0;4.0;0.0;0.0;2.0;1.0;0;0;0;0;ASSIS CHATEAUBRIAND;REGIÃO OESTE;8;9483.0;8758.0;8556.0;9449.0;14076.0;15659.0;13704.0;9814.0;12999.0;12804.0;12454.0;9054.0
12710.0;2016-10-31;7.0;14.0;21.0;29.0;652.0;34.0;11.0;7.0;23.0;480.0;34.0;0.0;34.0;824.0;85.0;352.0;5;4;4;5;4;5;4;0;0;0;0;0;0;0;0;0;0;1;0;0;0;0;0;0.0;1.0;0.0;0.0;0.0;0.0;0.0;0.0;1.0;0.0;0.0;0.0;0.0;0.0;0.0;0.0;0.0;0.0;0.0;0.0;0.0;0.0;0.0;0.0;0.0;0.0;0.0;0.0;0.0;0.0;0.0;0.0;0.0;0.0;0.0;2.0;4.0;0.0;0.0;2.0;1.0;0;0;0;0;ASSIS CHATEAUBRIAND;REGIÃO OESTE;9;10410.0;9483.0;8758.0;8556.0;9449.0;14076.0;15659.0;13704.0;9814.0;12999.0;12804.0;12454.0
13278.0;2016-11-30;8.0;16.0;22.0;26.0;657.0;33.0;3.0;8.0;22.0;477.0;33.0;0.0;33.0;837.0;42.0;94.0;4;5;4;4;4;4;5;0;0;0;0;0;0;0;0;0;1;0;0;0;0;0;0;0.0;1.0;0.0;0.0;0.0;0.0;0.0;0.0;1.0;0.0;0.0;0.0;0.0;0.0;0.0;0.0;0.0;0.0;0.0;0.0;0.0;0.0;0.0;0.0;0.0;0.0;0.0;0.0;0.0;0.0;0.0;0.0;0.0;0.0;0.0;2.0;4.0;0.0;0.0;2.0;1.0;0;0;0;0;ASSIS CHATEAUBRIAND;REGIÃO OESTE;10;12710.0;10410.0;9483.0;8758.0;8556.0;9449.0;14076.0;15659.0;13704.0;9814.0;12999.0;12804.0
13219.0;2016-12-31;13.0;20.0;23.0;27.0;721.0;32.0;5.0;13.0;22.0;576.0;32.0;0.0;32.0;865.0;42.0;147.0;4;4;5;4;5;5;4;0;0;1;0;0;0;0;0;0;0;0;0;0;0;0;0;0.0;1.0;0.0;0.0;0.0;0.0;0.0;0.0;1.0;0.0;0.0;0.0;0.0;0.0;0.0;0.0;0.0;0.0;0.0;0.0;0.0;0.0;0.0;0.0;0.0;0.0;0.0;0.0;0.0;0.0;0.0;0.0;0.0;0.0;0.0;2.0;4.0;0.0;0.0;2.0;1.0;0;0;0;0;ASSIS CHATEAUBRIAND;REGIÃO OESTE;11;13278.0;12710.0;10410.0;9483.0;8758.0;8556.0;9449.0;14076.0;15659.0;13704.0;9814.0;12999.0
9369.0;2017-01-31;14.0;21.0;25.0;27.0;769.0;33.0;2.0;14.0;22.0;608.0;33.0;0.0;33.0;931.0;16.0;69.0;5;4;4;5;4;4;5;0;0;0;0;1;0;0;0;0;0;0;0;0;0;0;0;0.0;0.0;1.0;0.0;0.0;0.0;0.0;0.0;1.0;0.0;0.0;0.0;0.0;0.0;0.0;0.0;0.0;0.0;0.0;0.0;0.0;0.0;0.0;0.0;0.0;0.0;0.0;0.0;0.0;0.0;0.0;0.0;0.0;0.0;0.0;2.0;4.0;0.0;0.0;2.0;1.0;31;0;0;0;ASSIS CHATEAUBRIAND;REGIÃO OESTE;12;13219.0;13278.0;12710.0;10410.0;9483.0;8758.0;8556.0;9449.0;14076.0;15659.0;13704.0;9814.0
13260.0;2017-02-28;16.0;22.0;25.0;28.0;699.0;34.0;3.0;16.0;21.0;551.0;34.0;0.0;34.0;846.0;24.0;97.0;4;4;4;4;4;4;4;0;0;0;1;0;0;0;0;0;0;0;0;0;0;0;0;0.0;0.0;1.0;0.0;0.0;0.0;0.0;0.0;1.0;0.0;0.0;0.0;0.0;0.0;0.0;0.0;0.0;0.0;0.0;0.0;0.0;0.0;0.0;0.0;0.0;0.0;0.0;0.0;0.0;0.0;0.0;0.0;0.0;0.0;0.0;2.0;4.0;0.0;0.0;2.0;3.0;0;2;0;0;ASSIS CHATEAUBRIAND;REGIÃO OESTE;13;9369.0;13219.0;13278.0;12710.0;10410.0;9483.0;8758.0;8556.0;9449.0;14076.0;15659.0;13704.0
14592.0;2017-03-31;13.0;20.0;24.0;28.0;734.0;34.0;7.0;13.0;23.0;586.0;34.0;0.0;34.0;882.0;108.0;229.0;4;5;5;4;5;4;4;0;0;0;0;0;0;0;0;1;0;0;0;0;0;0;0;0.0;0.0;1.0;0.0;0.0;0.0;0.0;0.0;1.0;0.0;0.0;0.0;0.0;0.0;0.0;0.0;0.0;0.0;0.0;0.0;0.0;0.0;0.0;0.0;0.0;0.0;0.0;0.0;0.0;0.0;0.0;0.0;0.0;0.0;0.0;2.0;4.0;0.0;0.0;2.0;3.0;0;1;0;0;ASSIS CHATEAUBRIAND;REGIÃO OESTE;14;13260.0;9369.0;13219.0;13278.0;12710.0;10410.0;9483.0;8758.0;8556.0;9449.0;14076.0;15659.0
11664.0;2017-04-30;5.0;12.0;20.0;24.0;601.0;29.0;10.0;5.0;21.0;464.0;29.0;0.0;29.0;738.0;94.0;293.0;5;4;4;4;4;5;4;1;0;0;0;0;0;0;0;0;0;0;0;0;0;0;0;0.0;0.0;1.0;0.0;0.0;0.0;0.0;0.0;1.0;0.0;0.0;0.0;0.0;0.0;0.0;0.0;0.0;0.0;0.0;0.0;0.0;0.0;0.0;0.0;0.0;0.0;0.0;0.0;0.0;0.0;0.0;0.0;0.0;0.0;0.0;2.0;4.0;0.0;0.0;2.0;3.0;0;1;0;0;ASSIS CHATEAUBRIAND;REGIÃO OESTE;15;14592.0;13260.0;9369.0;13219.0;13278.0;12710.0;10410.0;9483.0;8758.0;8556.0;9449.0;14076.0
9784.0;2017-05-31;11.0;16.0;19.0;24.0;593.0;28.0;9.0;11.0;20.0;481.0;28.0;0.0;28.0;704.0;89.0;277.0;4;5;4;5;4;4;5;0;0;0;0;0;0;0;1;0;0;0;0;0;0;0;0;0.0;0.0;1.0;0.0;0.0;0.0;0.0;0.0;1.0;0.0;0.0;0.0;0.0;0.0;0.0;0.0;0.0;0.0;0.0;0.0;0.0;0.0;0.0;0.0;0.0;0.0;0.0;0.0;0.0;0.0;0.0;0.0;0.0;0.0;0.0;2.0;4.0;0.0;0.0;2.0;3.0;0;0;0;0;ASSIS CHATEAUBRIAND;REGIÃO OESTE;16;11664.0;14592.0;13260.0;9369.0;13219.0;13278.0;12710.0;10410.0;9483.0;8758.0;8556.0;9449.0
9210.0;2017-06-30;3.0;9.0;17.0;21.0;508.0;27.0;2.0;3.0;18.0;361.0;27.0;0.0;27.0;654.0;24.0;63.0;4;4;5;4;5;4;4;0;0;0;0;0;0;1;0;0;0;0;0;0;0;0;0;0.0;0.0;1.0;0.0;0.0;0.0;0.0;0.0;1.0;0.0;0.0;0.0;0.0;0.0;0.0;0.0;0.0;0.0;0.0;0.0;0.0;0.0;0.0;0.0;0.0;0.0;0.0;0.0;0.0;0.0;0.0;0.0;0.0;0.0;0.0;2.0;4.0;0.0;0.0;2.0;3.0;0;1;0;0;ASSIS CHATEAUBRIAND;REGIÃO OESTE;17;9784.0;11664.0;14592.0;13260.0;9369.0;13219.0;13278.0;12710.0;10410.0;9483.0;8758.0;8556.0
7711.0;2017-07-31;-2.0;5.0;17.0;21.0;530.0;28.0;0.0;-2.0;15.0;315.0;28.0;0.0;28.0;745.0;4.0;4.0;5;4;4;5;4;5;4;0;0;0;0;0;1;0;0;0;0;0;0;0;0;0;0;0.0;0.0;1.0;0.0;0.0;0.0;0.0;0.0;1.0;0.0;0.0;0.0;0.0;0.0;0.0;0.0;0.0;0.0;0.0;0.0;0.0;0.0;0.0;0.0;0.0;0.0;0.0;0.0;0.0;0.0;0.0;0.0;0.0;0.0;0.0;2.0;4.0;0.0;0.0;2.0;3.0;16;0;0;0;ASSIS CHATEAUBRIAND;REGIÃO OESTE;18;9210.0;9784.0;11664.0;14592.0;13260.0;9369.0;13219.0;13278.0;12710.0;10410.0;9483.0;8758.0
11483.0;2017-08-31;4.0;11.0;20.0;25.0;605.0;33.0;8.0;4.0;19.0;415.0;33.0;0.0;33.0;794.0;73.0;234.0;4;5;5;4;4;4;5;0;1;0;0;0;0;0;0;0;0;0;0;0;0;0;0;0.0;0.0;1.0;0.0;0.0;0.0;0.0;0.0;1.0;0.0;0.0;0.0;0.0;0.0;0.0;0.0;0.0;0.0;0.0;0.0;0.0;0.0;0.0;0.0;0.0;0.0;0.0;0.0;0.0;0.0;0.0;0.0;0.0;0.0;0.0;2.0;4.0;0.0;0.0;2.0;3.0;0;0;0;0;ASSIS CHATEAUBRIAND;REGIÃO OESTE;19;7711.0;9210.0;9784.0;11664.0;14592.0;13260.0;9369.0;13219.0;13278.0;12710.0;10410.0;9483.0
14124.0;2017-09-30;10.0;17.0;23.0;27.0;693.0;35.0;2.0;10.0;20.0;492.0;35.0;0.0;35.0;894.0;26.0;57.0;4;4;4;4;5;5;4;0;0;0;0;0;0;0;0;0;0;0;1;0;0;0;0;0.0;0.0;1.0;0.0;0.0;0.0;0.0;0.0;1.0;0.0;0.0;0.0;0.0;0.0;0.0;0.0;0.0;0.0;0.0;0.0;0.0;0.0;0.0;0.0;0.0;0.0;0.0;0.0;0.0;0.0;0.0;0.0;0.0;0.0;0.0;2.0;4.0;0.0;0.0;2.0;3.0;0;0;0;0;ASSIS CHATEAUBRIAND;REGIÃO OESTE;20;11483.0;7711.0;9210.0;9784.0;11664.0;14592.0;13260.0;9369.0;13219.0;13278.0;12710.0;10410.0
12820.0;2017-10-31;7.0;16.0;21.0;28.0;659.0;35.0;19.0;7.0;21.0;499.0;35.0;0.0;35.0;818.0;98.0;586.0;5;4;4;5;4;4;5;0;0;0;0;0;0;0;0;0;0;1;0;0;0;0;0;0.0;0.0;1.0;0.0;0.0;0.0;0.0;0.0;1.0;0.0;0.0;0.0;0.0;0.0;0.0;0.0;0.0;0.0;0.0;0.0;0.0;0.0;0.0;0.0;0.0;0.0;0.0;0.0;0.0;0.0;0.0;0.0;0.0;0.0;0.0;2.0;4.0;0.0;0.0;2.0;3.0;0;0;0;0;ASSIS CHATEAUBRIAND;REGIÃO OESTE;21;14124.0;11483.0;7711.0;9210.0;9784.0;11664.0;14592.0;13260.0;9369.0;13219.0;13278.0;12710.0
13014.0;2017-11-30;12.0;19.0;21.0;26.0;641.0;33.0;7.0;12.0;19.0;473.0;33.0;0.0;33.0;809.0;63.0;202.0;4;5;5;4;4;4;4;0;0;0;0;0;0;0;0;0;1;0;0;0;0;0;0;0.0;0.0;1.0;0.0;0.0;0.0;0.0;0.0;1.0;0.0;0.0;0.0;0.0;0.0;0.0;0.0;0.0;0.0;0.0;0.0;0.0;0.0;0.0;0.0;0.0;0.0;0.0;0.0;0.0;0.0;0.0;0.0;0.0;0.0;0.0;2.0;4.0;0.0;0.0;2.0;3.0;0;0;0;0;ASSIS CHATEAUBRIAND;REGIÃO OESTE;22;12820.0;14124.0;11483.0;7711.0;9210.0;9784.0;11664.0;14592.0;13260.0;9369.0;13219.0;13278.0
14310.0;2017-12-31;16.0;22.0;24.0;27.0;743.0;33.0;11.0;16.0;22.0;599.0;33.0;0.0;33.0;887.0;114.0;330.0;5;4;4;4;5;5;4;0;0;1;0;0;0;0;0;0;0;0;0;0;0;0;0;0.0;0.0;1.0;0.0;0.0;0.0;0.0;0.0;1.0;0.0;0.0;0.0;0.0;0.0;0.0;0.0;0.0;0.0;0.0;0.0;0.0;0.0;0.0;0.0;0.0;0.0;0.0;0.0;0.0;0.0;0.0;0.0;0.0;0.0;0.0;2.0;4.0;0.0;0.0;2.0;3.0;0;0;0;0;ASSIS CHATEAUBRIAND;REGIÃO OESTE;23;13014.0;12820.0;14124.0;11483.0;7711.0;9210.0;9784.0;11664.0;14592.0;13260.0;9369.0;13219.0
9538.0;2018-01-31;17.0;21.0;24.0;27.0;737.0;33.0;9.0;17.0;21.0;609.0;33.0;0.0;33.0;864.0;69.0;279.0;4;5;4;5;4;4;5;0;0;0;0;1;0;0;0;0;0;0;0;0;0;0;0;0.0;0.0;0.0;1.0;0.0;0.0;0.0;0.0;1.0;0.0;0.0;0.0;0.0;0.0;0.0;0.0;0.0;0.0;0.0;0.0;0.0;0.0;0.0;0.0;0.0;0.0;0.0;0.0;0.0;0.0;0.0;0.0;0.0;0.0;0.0;2.0;4.0;0.0;0.0;2.0;3.0;31;0;0;0;ASSIS CHATEAUBRIAND;REGIÃO OESTE;24;14310.0;13014.0;12820.0;14124.0;11483.0;7711.0;9210.0;9784.0;11664.0;14592.0;13260.0;9369.0
14404.0;2018-02-28;15.0;20.0;24.0;26.0;660.0;32.0;4.0;15.0;21.0;516.0;32.0;0.0;32.0;804.0;30.0;107.0;4;4;4;4;4;4;4;0;0;0;1;0;0;0;0;0;0;0;0;0;0;0;0;0.0;0.0;0.0;1.0;0.0;0.0;0.0;0.0;1.0;0.0;0.0;0.0;0.0;0.0;0.0;0.0;0.0;0.0;0.0;0.0;0.0;0.0;0.0;0.0;0.0;0.0;0.0;0.0;0.0;0.0;0.0;0.0;0.0;0.0;0.0;4.0;4.0;0.0;0.0;2.0;3.0;0;3;0;0;ASSIS CHATEAUBRIAND;REGIÃO OESTE;25;9538.0;14310.0;13014.0;12820.0;14124.0;11483.0;7711.0;9210.0;9784.0;11664.0;14592.0;13260.0
21547.0;2018-03-31;10.0;17.0;24.0;27.0;744.0;33.0;9.0;10.0;22.0;598.0;33.0;0.0;33.0;889.0;75.0;286.0;4;4;5;4;5;5;4;0;0;0;0;0;0;0;0;1;0;0;0;0;0;0;0;0.0;0.0;0.0;1.0;0.0;0.0;0.0;0.0;1.0;0.0;0.0;0.0;0.0;0.0;0.0;0.0;0.0;0.0;0.0;0.0;0.0;0.0;0.0;0.0;0.0;0.0;0.0;0.0;0.0;0.0;0.0;0.0;0.0;0.0;0.0;5.0;4.0;0.0;0.0;2.0;3.0;0;1;0;0;ASSIS CHATEAUBRIAND;REGIÃO OESTE;26;14404.0;9538.0;14310.0;13014.0;12820.0;14124.0;11483.0;7711.0;9210.0;9784.0;11664.0;14592.0
16470.0;2018-04-30;15.0;20.0;23.0;26.0;691.0;31.0;0.0;15.0;21.0;522.0;31.0;0.0;31.0;861.0;6.0;12.0;5;4;4;5;4;4;4;1;0;0;0;0;0;0;0;0;0;0;0;0;0;0;0;0.0;0.0;0.0;1.0;0.0;0.0;0.0;0.0;1.0;0.0;0.0;0.0;0.0;0.0;0.0;0.0;0.0;0.0;0.0;0.0;0.0;0.0;0.0;0.0;0.0;0.0;0.0;0.0;0.0;0.0;0.0;0.0;0.0;0.0;0.0;5.0;4.0;0.0;0.0;2.0;3.0;0;0;0;0;ASSIS CHATEAUBRIAND;REGIÃO OESTE;27;21547.0;14404.0;9538.0;14310.0;13014.0;12820.0;14124.0;11483.0;7711.0;9210.0;9784.0;11664.0
13684.0;2018-05-31;5.0;11.0;19.0;24.0;596.0;31.0;4.0;5.0;19.0;430.0;31.0;0.0;31.0;762.0;55.0;118.0;4;5;5;4;4;4;5;0;0;0;0;0;0;0;1;0;0;0;0;0;0;0;0;0.0;0.0;0.0;1.0;0.0;0.0;0.0;0.0;1.0;0.0;0.0;0.0;0.0;0.0;0.0;0.0;0.0;0.0;0.0;0.0;0.0;0.0;0.0;0.0;0.0;0.0;0.0;0.0;0.0;0.0;0.0;0.0;0.0;0.0;0.0;5.0;4.0;0.0;0.0;2.0;3.0;0;1;0;0;ASSIS CHATEAUBRIAND;REGIÃO OESTE;28;16470.0;21547.0;14404.0;9538.0;14310.0;13014.0;12820.0;14124.0;11483.0;7711.0;9210.0;9784.0
8682.0;2018-06-30;3.0;7.0;15.0;23.0;462.0;28.0;3.0;3.0;19.0;327.0;28.0;0.0;28.0;597.0;25.0;81.0;4;4;4;4;5;5;4;0;0;0;0;0;0;1;0;0;0;0;0;0;0;0;0;0.0;0.0;0.0;1.0;0.0;0.0;0.0;0.0;1.0;0.0;0.0;0.0;0.0;0.0;0.0;0.0;0.0;0.0;0.0;0.0;0.0;0.0;0.0;0.0;0.0;0.0;0.0;0.0;0.0;0.0;0.0;0.0;0.0;0.0;0.0;5.0;4.0;0.0;0.0;2.0;3.0;0;0;0;0;ASSIS CHATEAUBRIAND;REGIÃO OESTE;29;13684.0;16470.0;21547.0;14404.0;9538.0;14310.0;13014.0;12820.0;14124.0;11483.0;7711.0;9210.0
9118.0;2018-07-31;3.0;10.0;17.0;22.0;542.0;30.0;0.0;3.0;16.0;355.0;30.0;0.0;30.0;729.0;8.0;14.0;5;4;4;5;4;4;5;0;0;0;0;0;1;0;0;0;0;0;0;0;0;0;0;0.0;0.0;0.0;1.0;0.0;0.0;0.0;0.0;1.0;0.0;0.0;0.0;0.0;0.0;0.0;0.0;0.0;0.0;0.0;0.0;0.0;0.0;0.0;0.0;0.0;0.0;0.0;0.0;0.0;0.0;0.0;0.0;0.0;0.0;0.0;5.0;4.0;0.0;0.0;2.0;3.0;16;0;0;0;ASSIS CHATEAUBRIAND;REGIÃO OESTE;30;8682.0;13684.0;16470.0;21547.0;14404.0;9538.0;14310.0;13014.0;12820.0;14124.0;11483.0;7711.0
10852.0;2018-08-31;2.0;8.0;15.0;24.0;474.0;32.0;6.0;2.0;18.0;285.0;32.0;0.0;32.0;663.0;50.0;201.0;4;5;5;4;5;4;4;0;1;0;0;0;0;0;0;0;0;0;0;0;0;0;0;0.0;0.0;0.0;1.0;0.0;0.0;0.0;0.0;1.0;0.0;0.0;0.0;0.0;0.0;0.0;0.0;0.0;0.0;0.0;0.0;0.0;0.0;0.0;0.0;0.0;0.0;0.0;0.0;0.0;0.0;0.0;0.0;0.0;0.0;0.0;5.0;3.0;0.0;0.0;2.0;3.0;0;0;0;0;ASSIS CHATEAUBRIAND;REGIÃO OESTE;31;9118.0;8682.0;13684.0;16470.0;21547.0;14404.0;9538.0;14310.0;13014.0;12820.0;14124.0;11483.0
11538.0;2018-09-30;6.0;11.0;20.0;27.0;585.0;34.0;10.0;6.0;20.0;420.0;34.0;0.0;34.0;750.0;130.0;314.0;5;4;4;4;4;5;4;0;0;0;0;0;0;0;0;0;0;0;1;0;0;0;0;0.0;0.0;0.0;1.0;0.0;0.0;0.0;0.0;1.0;0.0;0.0;0.0;0.0;0.0;0.0;0.0;0.0;0.0;0.0;0.0;0.0;0.0;0.0;0.0;0.0;0.0;0.0;0.0;0.0;0.0;0.0;0.0;0.0;0.0;0.0;5.0;3.0;0.0;0.0;2.0;3.0;0;0;0;0;ASSIS CHATEAUBRIAND;REGIÃO OESTE;32;10852.0;9118.0;8682.0;13684.0;16470.0;21547.0;14404.0;9538.0;14310.0;13014.0;12820.0;14124.0
14316.0;2018-10-31;11.0;18.0;21.0;24.0;656.0;31.0;7.0;11.0;20.0;537.0;31.0;0.0;31.0;775.0;58.0;227.0;4;5;4;5;4;4;5;0;0;0;0;0;0;0;0;0;0;1;0;0;0;0;0;0.0;0.0;0.0;1.0;0.0;0.0;0.0;0.0;1.0;0.0;0.0;0.0;0.0;0.0;0.0;0.0;0.0;0.0;0.0;0.0;0.0;0.0;0.0;0.0;0.0;0.0;0.0;0.0;0.0;0.0;0.0;0.0;0.0;0.0;0.0;5.0;3.0;0.0;0.0;2.0;3.0;0;0;0;0;ASSIS CHATEAUBRIAND;REGIÃO OESTE;33;11538.0;10852.0;9118.0;8682.0;13684.0;16470.0;21547.0;14404.0;9538.0;14310.0;13014.0;12820.0
14136.0;2018-11-30;15.0;19.0;23.0;27.0;699.0;33.0;5.0;15.0;21.0;550.0;33.0;0.0;33.0;848.0;65.0;146.0;4;4;5;4;5;4;4;0;0;0;0;0;0;0;0;0;1;0;0;0;0;0;0;0.0;0.0;0.0;1.0;0.0;0.0;0.0;0.0;1.0;0.0;0.0;0.0;0.0;0.0;0.0;0.0;0.0;0.0;0.0;0.0;0.0;0.0;0.0;0.0;0.0;0.0;0.0;0.0;0.0;0.0;0.0;0.0;0.0;0.0;0.0;5.0;3.0;0.0;0.0;2.0;3.0;0;0;0;0;ASSIS CHATEAUBRIAND;REGIÃO OESTE;34;14316.0;11538.0;10852.0;9118.0;8682.0;13684.0;16470.0;21547.0;14404.0;9538.0;14310.0;13014.0
15684.0;2018-12-31;11.0;19.0;24.0;27.0;747.0;34.0;2.0;11.0;22.0;562.0;34.0;0.0;34.0;933.0;17.0;60.0;5;4;4;5;4;5;4;0;0;1;0;0;0;0;0;0;0;0;0;0;0;0;0;0.0;0.0;0.0;1.0;0.0;0.0;0.0;0.0;1.0;0.0;0.0;0.0;0.0;0.0;0.0;0.0;0.0;0.0;0.0;0.0;0.0;0.0;0.0;0.0;0.0;0.0;0.0;0.0;0.0;0.0;0.0;0.0;0.0;0.0;0.0;5.0;3.0;0.0;0.0;2.0;3.0;0;0;0;0;ASSIS CHATEAUBRIAND;REGIÃO OESTE;35;14136.0;14316.0;11538.0;10852.0;9118.0;8682.0;13684.0;16470.0;21547.0;14404.0;9538.0;14310.0
10188.0;2019-01-31;17.0;22.0;26.0;29.0;809.0;35.0;4.0;17.0;22.0;643.0;35.0;0.0;35.0;976.0;30.0;121.0;4;5;5;4;4;4;5;0;0;0;0;1;0;0;0;0;0;0;0;0;0;0;0;0.0;0.0;0.0;0.0;1.0;0.0;0.0;0.0;1.0;0.0;0.0;0.0;0.0;0.0;0.0;0.0;0.0;0.0;0.0;0.0;0.0;0.0;0.0;0.0;0.0;0.0;0.0;0.0;0.0;0.0;0.0;0.0;0.0;0.0;0.0;5.0;3.0;0.0;0.0;2.0;3.0;31;0;0;0;ASSIS CHATEAUBRIAND;REGIÃO OESTE;36;15684.0;14136.0;14316.0;11538.0;10852.0;9118.0;8682.0;13684.0;16470.0;21547.0;14404.0;9538.0
14676.0;2019-02-28;16.0;19.0;24.0;28.0;679.0;35.0;5.0;16.0;23.0;534.0;35.0;0.0;35.0;823.0;58.0;146.0;4;4;4;4;4;4;4;0;0;0;1;0;0;0;0;0;0;0;0;0;0;0;0;0.0;0.0;0.0;0.0;1.0;0.0;0.0;0.0;1.0;0.0;0.0;0.0;0.0;0.0;0.0;0.0;0.0;0.0;0.0;0.0;0.0;0.0;0.0;0.0;0.0;0.0;0.0;0.0;0.0;0.0;0.0;0.0;0.0;0.0;0.0;5.0;3.0;0.0;0.0;2.0;3.0;0;0;0;0;ASSIS CHATEAUBRIAND;REGIÃO OESTE;37;10188.0;15684.0;14136.0;14316.0;11538.0;10852.0;9118.0;8682.0;13684.0;16470.0;21547.0;14404.0
17723.0;2019-03-31;13.0;21.0;23.0;26.0;708.0;32.0;6.0;13.0;21.0;557.0;32.0;0.0;32.0;858.0;59.0;181.0;5;4;4;4;5;5;4;0;0;0;0;0;0;0;0;1;0;0;0;0;0;0;0;0.0;0.0;0.0;0.0;1.0;0.0;0.0;0.0;1.0;0.0;0.0;0.0;0.0;0.0;0.0;0.0;0.0;0.0;0.0;0.0;0.0;0.0;0.0;0.0;0.0;0.0;0.0;0.0;0.0;0.0;0.0;0.0;0.0;0.0;0.0;5.0;4.0;0.0;0.0;2.0;3.0;0;3;0;0;ASSIS CHATEAUBRIAND;REGIÃO OESTE;38;14676.0;10188.0;15684.0;14136.0;14316.0;11538.0;10852.0;9118.0;8682.0;13684.0;16470.0;21547.0
17898.0;2019-04-30;12.0;18.0;22.0;25.0;654.0;30.0;2.0;12.0;20.0;514.0;30.0;0.0;30.0;794.0;28.0;72.0;4;4;4;5;4;4;5;1;0;0;0;0;0;0;0;0;0;0;0;0;0;0;0;0.0;0.0;0.0;0.0;1.0;0.0;0.0;0.0;1.0;0.0;0.0;0.0;0.0;0.0;0.0;0.0;0.0;0.0;0.0;0.0;0.0;0.0;0.0;0.0;0.0;0.0;0.0;0.0;0.0;0.0;0.0;0.0;0.0;0.0;0.0;5.0;4.0;0.0;0.0;2.0;3.0;0;1;0;0;ASSIS CHATEAUBRIAND;REGIÃO OESTE;39;17723.0;14676.0;10188.0;15684.0;14136.0;14316.0;11538.0;10852.0;9118.0;8682.0;13684.0;16470.0
15333.0;2019-05-31;9.0;12.0;20.0;25.0;606.0;30.0;11.0;9.0;19.0;485.0;30.0;0.0;30.0;727.0;136.0;344.0;4;5;5;4;5;4;4;0;0;0;0;0;0;0;1;0;0;0;0;0;0;0;0;0.0;0.0;0.0;0.0;1.0;0.0;0.0;0.0;1.0;0.0;0.0;0.0;0.0;0.0;0.0;0.0;0.0;0.0;0.0;0.0;0.0;0.0;0.0;0.0;0.0;0.0;0.0;0.0;0.0;0.0;0.0;0.0;0.0;0.0;0.0;5.0;4.0;0.0;0.0;2.0;3.0;0;0;0;0;ASSIS CHATEAUBRIAND;REGIÃO OESTE;40;17898.0;17723.0;14676.0;10188.0;15684.0;14136.0;14316.0;11538.0;10852.0;9118.0;8682.0;13684.0
10030.0;2019-06-30;8.0;10.0;19.0;23.0;574.0;29.0;0.0;8.0;17.0;411.0;29.0;0.0;29.0;737.0;1.0;4.0;5;4;4;4;4;5;4;0;0;0;0;0;0;1;0;0;0;0;0;0;0;0;0;0.0;0.0;0.0;0.0;1.0;0.0;0.0;0.0;1.0;0.0;0.0;0.0;0.0;0.0;0.0;0.0;0.0;0.0;0.0;0.0;0.0;0.0;0.0;0.0;0.0;0.0;0.0;0.0;0.0;0.0;0.0;0.0;0.0;0.0;0.0;5.0;4.0;0.0;0.0;2.0;3.0;0;1;0;0;ASSIS CHATEAUBRIAND;REGIÃO OESTE;41;15333.0;17898.0;17723.0;14676.0;10188.0;15684.0;14136.0;14316.0;11538.0;10852.0;9118.0;8682.0
8372.0;2019-07-31;-2.0;5.0;16.0;23.0;493.0;29.0;3.0;-2.0;18.0;325.0;29.0;0.0;29.0;661.0;47.0;81.0;4;5;4;5;4;4;5;0;0;0;0;0;1;0;0;0;0;0;0;0;0;0;0;0.0;0.0;0.0;0.0;1.0;0.0;0.0;0.0;1.0;0.0;0.0;0.0;0.0;0.0;0.0;0.0;0.0;0.0;0.0;0.0;0.0;0.0;0.0;0.0;0.0;0.0;0.0;0.0;0.0;0.0;0.0;0.0;0.0;0.0;0.0;4.0;4.0;0.0;0.0;2.0;3.0;16;0;0;0;ASSIS CHATEAUBRIAND;REGIÃO OESTE;42;10030.0;15333.0;17898.0;17723.0;14676.0;10188.0;15684.0;14136.0;14316.0;11538.0;10852.0;9118.0
12418.0;2019-08-31;1.0;8.0;18.0;25.0;565.0;34.0;0.0;1.0;18.0;347.0;34.0;0.0;34.0;783.0;4.0;12.0;4;4;5;4;5;5;4;0;1;0;0;0;0;0;0;0;0;0;0;0;0;0;0;0.0;0.0;0.0;0.0;1.0;0.0;0.0;0.0;1.0;0.0;0.0;0.0;0.0;0.0;0.0;0.0;0.0;0.0;0.0;0.0;0.0;0.0;0.0;0.0;0.0;0.0;0.0;0.0;0.0;0.0;0.0;0.0;0.0;0.0;0.0;4.0;4.0;0.0;0.0;2.0;3.0;0;0;0;0;ASSIS CHATEAUBRIAND;REGIÃO OESTE;43;8372.0;10030.0;15333.0;17898.0;17723.0;14676.0;10188.0;15684.0;14136.0;14316.0;11538.0;10852.0
16556.0;2019-09-30;6.0;15.0;22.0;29.0;653.0;37.0;1.0;6.0;21.0;454.0;37.0;0.0;37.0;852.0;29.0;35.0;5;4;4;5;4;4;4;0;0;0;0;0;0;0;0;0;0;0;1;0;0;0;0;0.0;0.0;0.0;0.0;1.0;0.0;0.0;0.0;1.0;0.0;0.0;0.0;0.0;0.0;0.0;0.0;0.0;0.0;0.0;0.0;0.0;0.0;0.0;0.0;0.0;0.0;0.0;0.0;0.0;0.0;0.0;0.0;0.0;0.0;0.0;4.0;4.0;0.0;0.0;2.0;3.0;0;0;0;0;ASSIS CHATEAUBRIAND;REGIÃO OESTE;44;12418.0;8372.0;10030.0;15333.0;17898.0;17723.0;14676.0;10188.0;15684.0;14136.0;14316.0;11538.0
19612.0;2019-10-31;11.0;18.0;25.0;30.0;767.0;37.0;2.0;11.0;26.0;579.0;37.0;0.0;37.0;956.0;18.0;47.0;4;5;5;4;4;4;5;0;0;0;0;0;0;0;0;0;0;1;0;0;0;0;0;0.0;0.0;0.0;0.0;1.0;0.0;0.0;0.0;1.0;0.0;0.0;0.0;0.0;0.0;0.0;0.0;0.0;0.0;0.0;0.0;0.0;0.0;0.0;0.0;0.0;0.0;0.0;0.0;0.0;0.0;0.0;0.0;0.0;0.0;0.0;4.0;4.0;0.0;0.0;2.0;3.0;0;0;0;0;ASSIS CHATEAUBRIAND;REGIÃO OESTE;45;16556.0;12418.0;8372.0;10030.0;15333.0;17898.0;17723.0;14676.0;10188.0;15684.0;14136.0;14316.0
19724.0;2019-11-30;14.0;21.0;25.0;28.0;738.0;34.0;10.0;14.0;23.0;578.0;34.0;0.0;34.0;898.0;132.0;314.0;4;4;4;4;5;5;4;0;0;0;0;0;0;0;0;0;1;0;0;0;0;0;0;0.0;0.0;0.0;0.0;1.0;0.0;0.0;0.0;1.0;0.0;0.0;0.0;0.0;0.0;0.0;0.0;0.0;0.0;0.0;0.0;0.0;0.0;0.0;0.0;0.0;0.0;0.0;0.0;0.0;0.0;0.0;0.0;0.0;0.0;0.0;4.0;4.0;0.0;0.0;2.0;3.0;0;0;0;0;ASSIS CHATEAUBRIAND;REGIÃO OESTE;46;19612.0;16556.0;12418.0;8372.0;10030.0;15333.0;17898.0;17723.0;14676.0;10188.0;15684.0;14136.0
13356.0;2019-12-31;13.0;19.0;23.0;27.0;717.0;33.0;10.0;13.0;22.0;559.0;33.0;0.0;33.0;876.0;89.0;296.0;5;4;4;5;4;4;5;0;0;1;0;0;0;0;0;0;0;0;0;0;0;0;0;0.0;0.0;0.0;0.0;1.0;0.0;0.0;0.0;1.0;0.0;0.0;0.0;0.0;0.0;0.0;0.0;0.0;0.0;0.0;0.0;0.0;0.0;0.0;0.0;0.0;0.0;0.0;0.0;0.0;0.0;0.0;0.0;0.0;0.0;0.0;4.0;4.0;0.0;0.0;2.0;3.0;0;0;0;0;ASSIS CHATEAUBRIAND;REGIÃO OESTE;47;19724.0;19612.0;16556.0;12418.0;8372.0;10030.0;15333.0;17898.0;17723.0;14676.0;10188.0;15684.0
9740.0;2020-01-31;18.0;20.0;25.0;27.0;771.0;33.0;4.0;18.0;23.0;634.0;33.0;0.0;33.0;909.0;28.0;138.0;4;5;5;4;5;4;4;0;0;0;0;1;0;0;0;0;0;0;0;0;0;0;0;0.0;0.0;0.0;0.0;0.0;1.0;0.0;0.0;1.0;0.0;0.0;0.0;0.0;0.0;0.0;0.0;0.0;0.0;0.0;0.0;0.0;0.0;0.0;0.0;0.0;0.0;0.0;0.0;0.0;0.0;0.0;0.0;0.0;0.0;0.0;4.0;4.0;0.0;0.0;2.0;3.0;31;0;0;0;ASSIS CHATEAUBRIAND;REGIÃO OESTE;48;13356.0;19724.0;19612.0;16556.0;12418.0;8372.0;10030.0;15333.0;17898.0;17723.0;14676.0;10188.0
15353.0;2020-02-29;12.0;19.0;25.0;28.0;715.0;34.0;1.0;12.0;24.0;566.0;34.0;0.0;34.0;865.0;22.0;43.0;4;4;4;4;4;5;4;0;0;0;1;0;0;0;0;0;0;0;0;0;0;0;0;0.0;0.0;0.0;0.0;0.0;1.0;0.0;0.0;1.0;0.0;0.0;0.0;0.0;0.0;0.0;0.0;0.0;0.0;0.0;0.0;0.0;0.0;0.0;0.0;0.0;0.0;0.0;0.0;0.0;0.0;0.0;0.0;0.0;0.0;0.0;5.0;4.0;0.0;0.0;3.0;3.0;0;3;0;0;ASSIS CHATEAUBRIAND;REGIÃO OESTE;49;9740.0;13356.0;19724.0;19612.0;16556.0;12418.0;8372.0;10030.0;15333.0;17898.0;17723.0;14676.0
13432.0;2020-03-31;13.0;20.0;24.0;29.0;755.0;35.0;2.0;13.0;24.0;566.0;35.0;0.0;35.0;943.0;26.0;51.0;5;4;4;5;4;4;5;0;0;0;0;0;0;0;0;1;0;0;0;0;0;0;0;0.0;0.0;0.0;0.0;0.0;1.0;0.0;0.0;1.0;0.0;0.0;0.0;0.0;0.0;0.0;0.0;0.0;0.0;0.0;0.0;0.0;0.0;0.0;0.0;0.0;0.0;0.0;0.0;0.0;0.0;0.0;0.0;0.0;0.0;0.0;5.0;4.0;0.0;0.0;3.0;3.0;0;0;15;0;ASSIS CHATEAUBRIAND;REGIÃO OESTE;50;15353.0;9740.0;13356.0;19724.0;19612.0;16556.0;12418.0;8372.0;10030.0;15333.0;17898.0;17723.0
3732.0;2020-04-30;7.0;14.0;20.0;26.0;600.0;32.0;3.0;7.0;20.0;408.0;32.0;0.0;32.0;792.0;55.0;84.0;4;5;5;4;4;4;4;1;0;0;0;0;0;0;0;0;0;0;0;0;0;0;0;0.0;0.0;0.0;0.0;0.0;1.0;0.0;0.0;1.0;0.0;0.0;0.0;0.0;0.0;0.0;0.0;0.0;0.0;0.0;0.0;0.0;0.0;0.0;0.0;0.0;0.0;0.0;0.0;0.0;0.0;0.0;0.0;0.0;0.0;0.0;5.0;4.0;0.0;0.0;3.0;3.0;0;1;30;0;ASSIS CHATEAUBRIAND;REGIÃO OESTE;51;13432.0;15353.0;9740.0;13356.0;19724.0;19612.0;16556.0;12418.0;8372.0;10030.0;15333.0;17898.0
3675.0;2020-05-31;3.0;10.0;17.0;22.0;512.0;28.0;8.0;3.0;19.0;323.0;28.0;0.0;28.0;701.0;111.0;243.0;5;4;4;4;5;5;4;0;0;0;0;0;0;0;1;0;0;0;0;0;0;0;0;0.0;0.0;0.0;0.0;0.0;1.0;0.0;0.0;1.0;0.0;0.0;0.0;0.0;0.0;0.0;0.0;0.0;0.0;0.0;0.0;0.0;0.0;0.0;0.0;0.0;0.0;0.0;0.0;0.0;0.0;0.0;0.0;0.0;0.0;0.0;5.0;4.0;0.0;0.0;3.0;3.0;0;0;31;0;ASSIS CHATEAUBRIAND;REGIÃO OESTE;52;3732.0;13432.0;15353.0;9740.0;13356.0;19724.0;19612.0;16556.0;12418.0;8372.0;10030.0;15333.0
3450.0;2020-06-30;5.0;11.0;18.0;24.0;550.0;30.0;5.0;5.0;19.0;397.0;30.0;0.0;30.0;702.0;82.0;149.0;4;4;4;5;4;4;5;0;0;0;0;0;0;1;0;0;0;0;0;0;0;0;0;0.0;0.0;0.0;0.0;0.0;1.0;0.0;0.0;1.0;0.0;0.0;0.0;0.0;0.0;0.0;0.0;0.0;0.0;0.0;0.0;0.0;0.0;0.0;0.0;0.0;0.0;0.0;0.0;0.0;0.0;0.0;0.0;0.0;0.0;0.0;5.0;4.0;0.0;0.0;3.0;3.0;0;1;30;0;ASSIS CHATEAUBRIAND;REGIÃO OESTE;53;3675.0;3732.0;13432.0;15353.0;9740.0;13356.0;19724.0;19612.0;16556.0;12418.0;8372.0;10030.0
3601.0;2020-07-31;1.0;9.0;17.0;22.0;518.0;29.0;1.0;1.0;17.0;332.0;29.0;0.0;29.0;705.0;19.0;45.0;4;5;5;4;5;4;4;0;0;0;0;0;1;0;0;0;0;0;0;0;0;0;0;0.0;0.0;0.0;0.0;0.0;1.0;0.0;0.0;1.0;0.0;0.0;0.0;0.0;0.0;0.0;0.0;0.0;0.0;0.0;0.0;0.0;0.0;0.0;0.0;0.0;0.0;0.0;0.0;0.0;0.0;0.0;0.0;0.0;0.0;0.0;5.0;4.0;0.0;0.0;3.0;3.0;0;0;31;0;ASSIS CHATEAUBRIAND;REGIÃO OESTE;54;3450.0;3675.0;3732.0;13432.0;15353.0;9740.0;13356.0;19724.0;19612.0;16556.0;12418.0;8372.0
3851.0;2020-08-31;1.0;6.0;19.0;24.0;578.0;32.0;10.0;1.0;17.0;393.0;32.0;0.0;32.0;764.0;118.0;314.0;5;4;4;5;4;5;4;0;1;0;0;0;0;0;0;0;0;0;0;0;0;0;0;0.0;0.0;0.0;0.0;0.0;1.0;0.0;0.0;1.0;0.0;0.0;0.0;0.0;0.0;0.0;0.0;0.0;0.0;0.0;0.0;0.0;0.0;0.0;0.0;0.0;0.0;0.0;0.0;0.0;0.0;0.0;0.0;0.0;0.0;0.0;5.0;3.0;0.0;0.0;3.0;3.0;0;0;31;0;ASSIS CHATEAUBRIAND;REGIÃO OESTE;55;3601.0;3450.0;3675.0;3732.0;13432.0;15353.0;9740.0;13356.0;19724.0;19612.0;16556.0;12418.0
4606.0;2020-09-30;12.0;19.0;23.0;30.0;689.0;39.0;1.0;12.0;20.0;486.0;39.0;0.0;39.0;892.0;19.0;34.0;4;5;4;4;4;4;5;0;0;0;0;0;0;0;0;0;0;0;1;0;0;0;0;0.0;0.0;0.0;0.0;0.0;1.0;0.0;0.0;1.0;0.0;0.0;0.0;0.0;0.0;0.0;0.0;0.0;0.0;0.0;0.0;0.0;0.0;0.0;0.0;0.0;0.0;0.0;0.0;0.0;0.0;0.0;0.0;0.0;0.0;0.0;5.0;3.0;0.0;0.0;3.0;3.0;0;0;30;0;ASSIS CHATEAUBRIAND;REGIÃO OESTE;56;3851.0;3601.0;3450.0;3675.0;3732.0;13432.0;15353.0;9740.0;13356.0;19724.0;19612.0;16556.0
5751.0;2020-10-31;13.0;19.0;25.0;30.0;761.0;38.0;3.0;13.0;23.0;574.0;38.0;0.0;38.0;947.0;33.0;84.0;4;4;5;4;5;5;4;0;0;0;0;0;0;0;0;0;0;1;0;0;0;0;0;0.0;0.0;0.0;0.0;0.0;1.0;0.0;0.0;1.0;0.0;0.0;0.0;0.0;0.0;0.0;0.0;0.0;0.0;0.0;0.0;0.0;0.0;0.0;0.0;0.0;0.0;0.0;0.0;0.0;0.0;0.0;0.0;0.0;0.0;0.0;5.0;3.0;0.0;0.0;3.0;3.0;0;0;31;0;ASSIS CHATEAUBRIAND;REGIÃO OESTE;57;4606.0;3851.0;3601.0;3450.0;3675.0;3732.0;13432.0;15353.0;9740.0;13356.0;19724.0;19612.0
4920.0;2020-11-30;11.0;18.0;23.0;28.0;702.0;35.0;3.0;11.0;21.0;509.0;35.0;0.0;35.0;896.0;38.0;79.0;5;4;4;5;4;4;4;0;0;0;0;0;0;0;0;0;1;0;0;0;0;0;0;0.0;0.0;0.0;0.0;0.0;1.0;0.0;0.0;1.0;0.0;0.0;0.0;0.0;0.0;0.0;0.0;0.0;0.0;0.0;0.0;0.0;0.0;0.0;0.0;0.0;0.0;0.0;0.0;0.0;0.0;0.0;0.0;0.0;0.0;0.0;5.0;3.0;0.0;0.0;3.0;3.0;0;0;30;0;ASSIS CHATEAUBRIAND;REGIÃO OESTE;58;5751.0;4606.0;3851.0;3601.0;3450.0;3675.0;3732.0;13432.0;15353.0;9740.0;13356.0;19724.0
5363.0;2020-12-31;15.0;21.0;24.0;26.0;741.0;32.0;7.0;15.0;21.0;592.0;32.0;0.0;32.0;889.0;78.0;230.0;4;5;5;4;4;4;5;0;0;1;0;0;0;0;0;0;0;0;0;0;0;0;0;0.0;0.0;0.0;0.0;0.0;1.0;0.0;0.0;1.0;0.0;0.0;0.0;0.0;0.0;0.0;0.0;0.0;0.0;0.0;0.0;0.0;0.0;0.0;0.0;0.0;0.0;0.0;0.0;0.0;0.0;0.0;0.0;0.0;0.0;0.0;5.0;3.0;0.0;0.0;3.0;3.0;0;0;31;0;ASSIS CHATEAUBRIAND;REGIÃO OESTE;59;4920.0;5751.0;4606.0;3851.0;3601.0;3450.0;3675.0;3732.0;13432.0;15353.0;9740.0;13356.0
5022.0;2021-01-31;18.0;20.0;23.0;26.0;724.0;31.0;7.0;18.0;22.0;605.0;31.0;0.0;31.0;843.0;63.0;204.0;5;4;4;4;5;5;4;0;0;0;0;1;0;0;0;0;0;0;0;1;0;0;0;0.0;0.0;0.0;0.0;0.0;0.0;0.0;0.0;1.0;0.0;0.0;0.0;0.0;0.0;0.0;0.0;0.0;0.0;0.0;0.0;0.0;0.0;0.0;0.0;0.0;0.0;0.0;0.0;0.0;0.0;0.0;0.0;0.0;0.0;0.0;4.0;3.0;0.0;0.0;3.0;3.0;0;0;31;0;ASSIS CHATEAUBRIAND;REGIÃO OESTE;60;5363.0;4920.0;5751.0;4606.0;3851.0;3601.0;3450.0;3675.0;3732.0;13432.0;15353.0;9740.0
4564.0;2021-02-28;14.0;20.0;23.0;27.0;655.0;33.0;3.0;14.0;21.0;502.0;33.0;0.0;33.0;808.0;45.0;92.0;4;4;4;4;4;4;4;0;0;0;1;0;0;0;0;0;0;0;0;1;0;0;0;0.0;0.0;0.0;0.0;0.0;0.0;0.0;0.0;1.0;0.0;0.0;0.0;0.0;0.0;0.0;0.0;0.0;0.0;0.0;0.0;0.0;0.0;0.0;0.0;0.0;0.0;0.0;0.0;0.0;0.0;0.0;0.0;0.0;0.0;0.0;4.0;3.0;0.0;0.0;3.0;3.0;0;3;28;0;ASSIS CHATEAUBRIAND;REGIÃO OESTE;61;5022.0;5363.0;4920.0;5751.0;4606.0;3851.0;3601.0;3450.0;3675.0;3732.0;13432.0;15353.0
5704.0;2021-03-31;14.0;19.0;24.0;27.0;740.0;34.0;2.0;14.0;22.0;574.0;34.0;0.0;34.0;905.0;14.0;53.0;4;5;4;5;4;4;5;0;0;0;0;0;0;0;0;1;0;0;0;1;0;0;0;0.0;0.0;0.0;0.0;0.0;0.0;0.0;0.0;1.0;0.0;0.0;0.0;0.0;0.0;0.0;0.0;0.0;0.0;0.0;0.0;0.0;0.0;0.0;0.0;0.0;0.0;0.0;0.0;0.0;0.0;0.0;0.0;0.0;0.0;0.0;4.0;3.0;0.0;0.0;3.0;3.0;0;0;31;0;ASSIS CHATEAUBRIAND;REGIÃO OESTE;62;4564.0;5022.0;5363.0;4920.0;5751.0;4606.0;3851.0;3601.0;3450.0;3675.0;3732.0;13432.0
4200.0;2021-04-30;8.0;16.0;21.0;26.0;639.0;32.0;1.0;8.0;20.0;468.0;32.0;0.0;32.0;810.0;10.0;23.0;4;4;5;4;5;4;4;1;0;0;0;0;0;0;0;0;0;0;0;1;0;0;0;0.0;0.0;0.0;0.0;0.0;0.0;0.0;0.0;1.0;0.0;0.0;0.0;0.0;0.0;0.0;0.0;0.0;0.0;0.0;0.0;0.0;0.0;0.0;0.0;0.0;0.0;0.0;0.0;0.0;0.0;0.0;0.0;0.0;0.0;0.0;4.0;3.0;0.0;0.0;3.0;3.0;0;1;30;0;ASSIS CHATEAUBRIAND;REGIÃO OESTE;63;5704.0;4564.0;5022.0;5363.0;4920.0;5751.0;4606.0;3851.0;3601.0;3450.0;3675.0;3732.0
3565.0;2021-05-31;5.0;11.0;18.0;24.0;560.0;30.0;2.0;5.0;18.0;379.0;30.0;0.0;30.0;741.0;30.0;65.0;5;4;4;5;4;5;4;0;0;0;0;0;0;0;1;0;0;0;0;1;0;0;0;0.0;0.0;0.0;0.0;0.0;0.0;0.0;0.0;1.0;0.0;0.0;0.0;0.0;0.0;0.0;0.0;0.0;0.0;0.0;0.0;0.0;0.0;0.0;0.0;0.0;0.0;0.0;0.0;0.0;0.0;0.0;0.0;0.0;0.0;0.0;4.0;3.0;0.0;0.0;3.0;3.0;0;0;31;0;ASSIS CHATEAUBRIAND;REGIÃO OESTE;64;4200.0;5704.0;4564.0;5022.0;5363.0;4920.0;5751.0;4606.0;3851.0;3601.0;3450.0;3675.0
1170.0;2021-06-30;-1.0;5.0;16.0;23.0;476.0;29.0;4.0;-1.0;17.0;343.0;29.0;0.0;29.0;609.0;34.0;110.0;4;5;4;4;4;4;5;0;0;0;0;0;0;1;0;0;0;0;0;1;0;0;0;0.0;0.0;0.0;0.0;0.0;0.0;0.0;0.0;1.0;0.0;0.0;0.0;0.0;0.0;0.0;0.0;0.0;0.0;0.0;0.0;0.0;0.0;0.0;0.0;0.0;0.0;0.0;0.0;0.0;0.0;0.0;0.0;0.0;0.0;0.0;4.0;4.0;0.0;0.0;3.0;3.0;0;1;30;0;ASSIS CHATEAUBRIAND;REGIÃO OESTE;65;3565.0;4200.0;5704.0;4564.0;5022.0;5363.0;4920.0;5751.0;4606.0;3851.0;3601.0;3450.0
2108.0;2021-07-31;-2.0;6.0;15.0;23.0;479.0;30.0;1.0;-2.0;17.0;271.0;30.0;0.0;30.0;687.0;16.0;30.0;4;4;5;4;5;5;4;0;0;0;0;0;1;0;0;0;0;0;0;1;0;0;0;0.0;0.0;0.0;0.0;0.0;0.0;0.0;0.0;1.0;0.0;0.0;0.0;0.0;0.0;0.0;0.0;0.0;0.0;0.0;0.0;0.0;0.0;0.0;0.0;0.0;0.0;0.0;0.0;0.0;0.0;0.0;0.0;0.0;0.0;0.0;4.0;4.0;0.0;0.0;3.0;3.0;0;0;31;0;ASSIS CHATEAUBRIAND;REGIÃO OESTE;66;1170.0;3565.0;4200.0;5704.0;4564.0;5022.0;5363.0;4920.0;5751.0;4606.0;3851.0;3601.0
2542.0;2021-08-31;6.0;13.0;20.0;26.0;623.0;34.0;2.0;6.0;19.0;434.0;34.0;0.0;34.0;811.0;22.0;51.0;5;4;4;5;4;4;5;0;1;0;0;0;0;0;0;0;0;0;0;1;0;0;0;0.0;0.0;0.0;0.0;0.0;0.0;0.0;0.0;1.0;0.0;0.0;0.0;0.0;0.0;0.0;0.0;0.0;0.0;0.0;0.0;0.0;0.0;0.0;0.0;0.0;0.0;0.0;0.0;0.0;0.0;0.0;0.0;0.0;0.0;0.0;4.0;4.0;0.0;0.0;3.0;3.0;0;0;31;0;ASSIS CHATEAUBRIAND;REGIÃO OESTE;67;2108.0;1170.0;3565.0;4200.0;5704.0;4564.0;5022.0;5363.0;4920.0;5751.0;4606.0;3851.0
2610.0;2021-09-30;7.0;15.0;23.0;30.0;705.0;36.0;1.0;7.0;24.0;533.0;36.0;0.0;36.0;876.0;19.0;40.0;4;5;5;4;4;4;4;0;0;0;0;0;0;0;0;0;0;0;1;1;0;0;0;0.0;0.0;0.0;0.0;0.0;0.0;0.0;0.0;1.0;0.0;0.0;0.0;0.0;0.0;0.0;0.0;0.0;0.0;0.0;0.0;0.0;0.0;0.0;0.0;0.0;0.0;0.0;0.0;0.0;0.0;0.0;0.0;0.0;0.0;0.0;4.0;3.0;0.0;0.0;3.0;3.0;0;0;30;0;ASSIS CHATEAUBRIAND;REGIÃO OESTE;68;2542.0;2108.0;1170.0;3565.0;4200.0;5704.0;4564.0;5022.0;5363.0;4920.0;5751.0;4606.0
4123.0;2021-10-31;12.0;17.0;21.0;27.0;655.0;32.0;18.0;12.0;21.0;517.0;32.0;0.0;32.0;794.0;111.0;550.0;5;4;4;4;5;5;4;0;0;0;0;0;0;0;0;0;0;1;0;1;0;0;0;0.0;0.0;0.0;0.0;0.0;0.0;0.0;0.0;1.0;0.0;0.0;0.0;0.0;0.0;0.0;0.0;0.0;0.0;0.0;0.0;0.0;0.0;0.0;0.0;0.0;0.0;0.0;0.0;0.0;0.0;0.0;0.0;0.0;0.0;0.0;4.0;3.0;0.0;0.0;3.0;3.0;0;0;0;0;ASSIS CHATEAUBRIAND;REGIÃO OESTE;69;2610.0;2542.0;2108.0;1170.0;3565.0;4200.0;5704.0;4564.0;5022.0;5363.0;4920.0;5751.0
9930.0;2021-11-30;14.0;21.0;24.0;27.0;719.0;34.0;2.0;14.0;21.0;545.0;34.0;0.0;34.0;894.0;37.0;55.0;4;4;4;5;4;4;5;0;0;0;0;0;0;0;0;0;1;0;0;1;0;0;0;0.0;0.0;0.0;0.0;0.0;0.0;0.0;0.0;1.0;0.0;0.0;0.0;0.0;0.0;0.0;0.0;0.0;0.0;0.0;0.0;0.0;0.0;0.0;0.0;0.0;0.0;0.0;0.0;0.0;0.0;0.0;0.0;0.0;0.0;0.0;4.0;3.0;0.0;0.0;3.0;3.0;0;0;0;0;ASSIS CHATEAUBRIAND;REGIÃO OESTE;70;4123.0;2610.0;2542.0;2108.0;1170.0;3565.0;4200.0;5704.0;4564.0;5022.0;5363.0;4920.0
9393.0;2021-12-31;14.0;22.0;26.0;28.0;806.0;36.0;1.0;14.0;23.0;598.0;36.0;0.0;36.0;1013.0;34.0;45.0;4;5;5;4;5;4;4;0;0;1;0;0;0;0;0;0;0;0;0;1;0;0;0;0.0;0.0;0.0;0.0;0.0;0.0;0.0;0.0;1.0;0.0;0.0;0.0;0.0;0.0;0.0;0.0;0.0;0.0;0.0;0.0;0.0;0.0;0.0;0.0;0.0;0.0;0.0;0.0;0.0;0.0;0.0;0.0;0.0;0.0;0.0;4.0;3.0;0.0;0.0;3.0;3.0;0;0;0;0;ASSIS CHATEAUBRIAND;REGIÃO OESTE;71;9930.0;4123.0;2610.0;2542.0;2108.0;1170.0;3565.0;4200.0;5704.0;4564.0;5022.0;5363.0
5952.0;2022-01-31;17.0;23.0;27.0;31.0;824.0;37.0;6.0;17.0;24.0;646.0;37.0;0.0;37.0;1001.0;41.0;184.0;5;4;4;5;4;5;4;0;0;0;0;1;0;0;0;0;0;0;0;0;1;0;0;0.0;0.0;0.0;0.0;0.0;0.0;0.0;0.0;1.0;0.0;0.0;0.0;0.0;0.0;0.0;0.0;0.0;0.0;0.0;0.0;0.0;0.0;0.0;0.0;0.0;0.0;0.0;0.0;0.0;0.0;0.0;0.0;0.0;0.0;0.0;4.0;3.0;0.0;0.0;3.0;3.0;31;0;0;0;ASSIS CHATEAUBRIAND;REGIÃO OESTE;72;9393.0;9930.0;4123.0;2610.0;2542.0;2108.0;1170.0;3565.0;4200.0;5704.0;4564.0;5022.0
5068.0;2022-02-28;14.0;21.0;26.0;29.0;724.0;35.0;8.0;14.0;23.0;548.0;35.0;0.0;35.0;899.0;75.0;210.0;4;4;4;4;4;4;4;0;0;0;1;0;0;0;0;0;0;0;0;0;1;0;0;0.0;0.0;0.0;0.0;0.0;0.0;0.0;0.0;1.0;0.0;0.0;0.0;0.0;0.0;0.0;0.0;0.0;0.0;0.0;0.0;0.0;0.0;0.0;0.0;0.0;0.0;0.0;0.0;0.0;0.0;0.0;0.0;0.0;0.0;0.0;4.0;3.0;0.0;0.0;3.0;3.0;0;1;0;0;ASSIS CHATEAUBRIAND;REGIÃO OESTE;73;5952.0;9393.0;9930.0;4123.0;2610.0;2542.0;2108.0;1170.0;3565.0;4200.0;5704.0;4564.0
7812.0;2022-03-31;11.0;16.0;23.0;28.0;723.0;34.0;7.0;11.0;23.0;570.0;34.0;0.0;34.0;877.0;84.0;230.0;4;5;5;4;4;4;5;0;0;0;0;0;0;0;0;1;0;0;0;0;1;0;0;0.0;0.0;0.0;0.0;0.0;0.0;0.0;0.0;1.0;0.0;0.0;0.0;0.0;0.0;0.0;0.0;0.0;0.0;0.0;0.0;0.0;0.0;0.0;0.0;0.0;0.0;0.0;0.0;0.0;0.0;0.0;0.0;0.0;0.0;0.0;4.0;3.0;0.0;0.0;3.0;3.0;0;1;0;0;ASSIS CHATEAUBRIAND;REGIÃO OESTE;74;5068.0;5952.0;9393.0;9930.0;4123.0;2610.0;2542.0;2108.0;1170.0;3565.0;4200.0;5704.0
9120.0;2022-04-30;8.0;16.0;21.0;26.0;628.0;31.0;12.0;8.0;21.0;483.0;31.0;0.0;31.0;772.0;115.0;366.0;4;4;4;4;5;5;4;1;0;0;0;0;0;0;0;0;0;0;0;0;1;0;0;0.0;0.0;0.0;0.0;0.0;0.0;0.0;0.0;1.0;0.0;0.0;0.0;0.0;0.0;0.0;0.0;0.0;0.0;0.0;0.0;0.0;0.0;0.0;0.0;0.0;0.0;0.0;0.0;0.0;0.0;0.0;0.0;0.0;0.0;0.0;4.0;3.0;0.0;0.0;3.0;3.0;0;1;0;0;ASSIS CHATEAUBRIAND;REGIÃO OESTE;75;7812.0;5068.0;5952.0;9393.0;9930.0;4123.0;2610.0;2542.0;2108.0;1170.0;3565.0;4200.0
7037.0;2022-05-31;4.0;9.0;16.0;23.0;496.0;27.0;5.0;4.0;18.0;362.0;27.0;0.0;27.0;629.0;57.0;168.0;5;4;4;5;4;4;5;0;0;0;0;0;0;0;1;0;0;0;0;0;1;0;0;0.0;0.0;0.0;0.0;0.0;0.0;0.0;0.0;1.0;0.0;0.0;0.0;0.0;0.0;0.0;0.0;0.0;0.0;0.0;0.0;0.0;0.0;0.0;0.0;0.0;0.0;0.0;0.0;0.0;0.0;0.0;0.0;0.0;0.0;0.0;4.0;3.0;0.0;0.0;3.0;3.0;0;0;0;0;ASSIS CHATEAUBRIAND;REGIÃO OESTE;76;9120.0;7812.0;5068.0;5952.0;9393.0;9930.0;4123.0;2610.0;2542.0;2108.0;1170.0;3565.0
6540.0;2022-06-30;1.0;7.0;16.0;22.0;466.0;28.0;5.0;1.0;16.0;324.0;28.0;0.0;28.0;607.0;60.0;156.0;4;5;5;4;4;4;4;0;0;0;0;0;0;1;0;0;0;0;0;0;1;0;0;0.0;0.0;0.0;0.0;0.0;0.0;0.0;0.0;1.0;0.0;0.0;0.0;0.0;0.0;0.0;0.0;0.0;0.0;0.0;0.0;0.0;0.0;0.0;0.0;0.0;0.0;0.0;0.0;0.0;0.0;0.0;0.0;0.0;0.0;0.0;4.0;3.0;0.0;0.0;3.0;3.0;0;1;0;0;ASSIS CHATEAUBRIAND;REGIÃO OESTE;77;7037.0;9120.0;7812.0;5068.0;5952.0;9393.0;9930.0;4123.0;2610.0;2542.0;2108.0;1170.0
6572.0;2022-07-31;4.0;11.0;20.0;23.0;610.0;29.0;1.0;4.0;18.0;428.0;29.0;0.0;29.0;791.0;7.0;18.0;5;4;4;4;5;5;4;0;0;0;0;0;1;0;0;0;0;0;0;0;1;0;0;0.0;0.0;0.0;0.0;0.0;0.0;0.0;0.0;1.0;0.0;0.0;0.0;0.0;0.0;0.0;0.0;0.0;0.0;0.0;0.0;0.0;0.0;0.0;0.0;0.0;0.0;0.0;0.0;0.0;0.0;0.0;0.0;0.0;0.0;0.0;4.0;3.0;0.0;0.0;3.0;3.0;0;0;0;0;ASSIS CHATEAUBRIAND;REGIÃO OESTE;78;6540.0;7037.0;9120.0;7812.0;5068.0;5952.0;9393.0;9930.0;4123.0;2610.0;2542.0;2108.0
5921.0;2022-08-31;2.0;8.0;17.0;25.0;535.0;31.0;9.0;2.0;19.0;365.0;31.0;0.0;31.0;704.0;84.0;266.0;4;5;4;5;4;4;5;0;1;0;0;0;0;0;0;0;0;0;0;0;1;0;0;0.0;0.0;0.0;0.0;0.0;0.0;0.0;0.0;1.0;0.0;0.0;0.0;0.0;0.0;0.0;0.0;0.0;0.0;0.0;0.0;0.0;0.0;0.0;0.0;0.0;0.0;0.0;0.0;0.0;0.0;0.0;0.0;0.0;0.0;0.0;4.0;3.0;0.0;0.0;3.0;3.0;0;0;0;0;ASSIS CHATEAUBRIAND;REGIÃO OESTE;79;6572.0;6540.0;7037.0;9120.0;7812.0;5068.0;5952.0;9393.0;9930.0;4123.0;2610.0;2542.0
8370.0;2022-09-30;6.0;12.0;17.0;25.0;518.0;31.0;16.0;6.0;20.0;386.0;31.0;0.0;31.0;650.0;94.0;490.0;4;4;5;4;5;4;4;0;0;0;0;0;0;0;0;0;0;0;1;0;1;0;0;0.0;0.0;0.0;0.0;0.0;0.0;0.0;0.0;1.0;0.0;0.0;0.0;0.0;0.0;0.0;0.0;0.0;0.0;0.0;0.0;0.0;0.0;0.0;0.0;0.0;0.0;0.0;0.0;0.0;0.0;0.0;0.0;0.0;0.0;0.0;4.0;3.0;0.0;0.0;3.0;3.0;0;0;0;0;ASSIS CHATEAUBRIAND;REGIÃO OESTE;80;5921.0;6572.0;6540.0;7037.0;9120.0;7812.0;5068.0;5952.0;9393.0;9930.0;4123.0;2610.0
8339.0;2022-10-31;11.0;14.0;20.0;25.0;616.0;32.0;13.0;11.0;20.0;472.0;32.0;0.0;32.0;761.0;126.0;399.0;5;4;4;5;4;5;4;0;0;0;0;0;0;0;0;0;0;1;0;0;1;0;0;0.0;0.0;0.0;0.0;0.0;0.0;0.0;0.0;1.0;0.0;0.0;0.0;0.0;0.0;0.0;0.0;0.0;0.0;0.0;0.0;0.0;0.0;0.0;0.0;0.0;0.0;0.0;0.0;0.0;0.0;0.0;0.0;0.0;0.0;0.0;4.0;3.0;0.0;0.0;3.0;3.0;0;0;0;0;ASSIS CHATEAUBRIAND;REGIÃO OESTE;81;8370.0;5921.0;6572.0;6540.0;7037.0;9120.0;7812.0;5068.0;5952.0;9393.0;9930.0;4123.0
8670.0;2022-11-30;5.0;12.0;20.0;25.0;614.0;32.0;4.0;5.0;21.0;416.0;32.0;0.0;32.0;813.0;58.0;117.0;4;5;4;4;4;4;5;0;0;0;0;0;0;0;0;0;1;0;0;0;1;0;0;0.0;0.0;0.0;0.0;0.0;0.0;0.0;0.0;1.0;0.0;0.0;0.0;0.0;0.0;0.0;0.0;0.0;0.0;0.0;0.0;0.0;0.0;0.0;0.0;0.0;0.0;0.0;0.0;0.0;0.0;0.0;0.0;0.0;0.0;0.0;4.0;3.0;0.0;0.0;3.0;3.0;0;0;0;0;ASSIS CHATEAUBRIAND;REGIÃO OESTE;82;8339.0;8370.0;5921.0;6572.0;6540.0;7037.0;9120.0;7812.0;5068.0;5952.0;9393.0;9930.0
8587.0;2022-12-31;11.0;20.0;24.0;28.0;755.0;34.0;4.0;11.0;23.0;567.0;34.0;0.0;34.0;944.0;51.0;136.0;4;4;5;4;5;5;4;0;0;1;0;0;0;0;0;0;0;0;0;0;1;0;0;0.0;0.0;0.0;0.0;0.0;0.0;0.0;0.0;1.0;0.0;0.0;0.0;0.0;0.0;0.0;0.0;0.0;0.0;0.0;0.0;0.0;0.0;0.0;0.0;0.0;0.0;0.0;0.0;0.0;0.0;0.0;0.0;0.0;0.0;0.0;4.0;3.0;0.0;0.0;3.0;3.0;0;0;0;0;ASSIS CHATEAUBRIAND;REGIÃO OESTE;83;8670.0;8339.0;8370.0;5921.0;6572.0;6540.0;7037.0;9120.0;7812.0;5068.0;5952.0;9393.0
3193.0;2023-01-31;16.0;20.0;24.0;28.0;748.0;34.0;9.0;16.0;21.0;588.0;34.0;0.0;34.0;908.0;88.0;294.0;5;4;4;5;4;4;5;0;0;0;0;1;0;0;0;0;0;0;0;0;0;1;0;0.0;0.0;0.0;0.0;0.0;0.0;0.0;0.0;1.0;0.0;0.0;0.0;0.0;0.0;0.0;0.0;0.0;0.0;0.0;0.0;0.0;0.0;0.0;0.0;0.0;0.0;0.0;0.0;0.0;0.0;0.0;0.0;0.0;0.0;0.0;3.0;3.0;0.0;0.0;3.0;3.0;31;0;0;0;ASSIS CHATEAUBRIAND;REGIÃO OESTE;84;8587.0;8670.0;8339.0;8370.0;5921.0;6572.0;6540.0;7037.0;9120.0;7812.0;5068.0;5952.0
9744.0;2023-02-28;10.0;16.0;23.0;26.0;647.0;32.0;18.0;10.0;21.0;513.0;32.0;0.0;32.0;781.0;104.0;510.0;4;4;4;4;4;4;4;0;0;0;1;0;0;0;0;0;0;0;0;0;0;1;0;0.0;0.0;0.0;0.0;0.0;0.0;0.0;0.0;1.0;0.0;0.0;0.0;0.0;0.0;0.0;0.0;0.0;0.0;0.0;0.0;0.0;0.0;0.0;0.0;0.0;0.0;0.0;0.0;0.0;0.0;0.0;0.0;0.0;0.0;0.0;4.0;3.0;0.0;0.0;3.0;3.0;0;3;0;0;ASSIS CHATEAUBRIAND;REGIÃO OESTE;85;3193.0;8587.0;8670.0;8339.0;8370.0;5921.0;6572.0;6540.0;7037.0;9120.0;7812.0;5068.0
17143.0;2023-03-31;15.0;21.0;24.0;27.0;747.0;33.0;6.0;15.0;21.0;597.0;33.0;0.0;33.0;896.0;36.0;179.0;4;5;5;4;5;4;4;0;0;0;0;0;0;0;0;1;0;0;0;0;0;1;0;0.0;0.0;0.0;0.0;0.0;0.0;0.0;0.0;1.0;0.0;0.0;0.0;0.0;0.0;0.0;0.0;0.0;0.0;0.0;0.0;0.0;0.0;0.0;0.0;0.0;0.0;0.0;0.0;0.0;0.0;0.0;0.0;0.0;0.0;0.0;4.0;4.0;0.0;0.0;3.0;3.0;0;0;0;0;ASSIS CHATEAUBRIAND;REGIÃO OESTE;86;9744.0;3193.0;8587.0;8670.0;8339.0;8370.0;5921.0;6572.0;6540.0;7037.0;9120.0;7812.0
9930.0;2023-04-30;11.0;16.0;21.0;25.0;629.0;31.0;5.0;11.0;20.0;483.0;31.0;0.0;31.0;774.0;37.0;140.0;5;4;4;4;4;5;4;1;0;0;0;0;0;0;0;0;0;0;0;0;0;1;0;0.0;0.0;0.0;0.0;0.0;0.0;0.0;0.0;1.0;0.0;0.0;0.0;0.0;0.0;0.0;0.0;0.0;0.0;0.0;0.0;0.0;0.0;0.0;0.0;0.0;0.0;0.0;0.0;0.0;0.0;0.0;0.0;0.0;0.0;0.0;4.0;4.0;0.0;0.0;3.0;3.0;0;1;0;0;ASSIS CHATEAUBRIAND;REGIÃO OESTE;87;17143.0;9744.0;3193.0;8587.0;8670.0;8339.0;8370.0;5921.0;6572.0;6540.0;7037.0;9120.0
9362.0;2023-05-31;7.0;14.0;19.0;24.0;586.0;28.0;7.0;7.0;19.0;435.0;28.0;0.0;28.0;737.0;72.0;228.0;4;5;4;5;4;4;5;0;0;0;0;0;0;0;1;0;0;0;0;0;0;1;0;0.0;0.0;0.0;0.0;0.0;0.0;0.0;0.0;1.0;0.0;0.0;0.0;0.0;0.0;0.0;0.0;0.0;0.0;0.0;0.0;0.0;0.0;0.0;0.0;0.0;0.0;0.0;0.0;0.0;0.0;0.0;0.0;0.0;0.0;0.0;4.0;4.0;0.0;0.0;3.0;3.0;0;0;0;0;ASSIS CHATEAUBRIAND;REGIÃO OESTE;88;9930.0;17143.0;9744.0;3193.0;8587.0;8670.0;8339.0;8370.0;5921.0;6572.0;6540.0;7037.0
7650.0;2023-06-30;6.0;8.0;17.0;21.0;501.0;27.0;1.0;6.0;16.0;346.0;27.0;0.0;27.0;655.0;10.0;35.0;4;4;5;4;5;4;4;0;0;0;0;0;0;1;0;0;0;0;0;0;0;1;0;0.0;0.0;0.0;0.0;0.0;0.0;0.0;0.0;1.0;0.0;0.0;0.0;0.0;0.0;0.0;0.0;0.0;0.0;0.0;0.0;0.0;0.0;0.0;0.0;0.0;0.0;0.0;0.0;0.0;0.0;0.0;0.0;0.0;0.0;0.0;4.0;4.0;0.0;0.0;3.0;3.0;0;1;0;0;ASSIS CHATEAUBRIAND;REGIÃO OESTE;89;9362.0;9930.0;17143.0;9744.0;3193.0;8587.0;8670.0;8339.0;8370.0;5921.0;6572.0;6540.0
5084.0;2023-07-31;5.0;10.0;18.0;24.0;562.0;29.0;5.0;5.0;19.0;410.0;29.0;0.0;29.0;714.0;46.0;146.0;5;4;4;5;4;5;4;0;0;0;0;0;1;0;0;0;0;0;0;0;0;1;0;0.0;0.0;0.0;0.0;0.0;0.0;0.0;0.0;1.0;0.0;0.0;0.0;0.0;0.0;0.0;0.0;0.0;0.0;0.0;0.0;0.0;0.0;0.0;0.0;0.0;0.0;0.0;0.0;0.0;0.0;0.0;0.0;0.0;0.0;0.0;4.0;4.0;0.0;0.0;3.0;3.0;15;0;0;0;ASSIS CHATEAUBRIAND;REGIÃO OESTE;90;7650.0;9362.0;9930.0;17143.0;9744.0;3193.0;8587.0;8670.0;8339.0;8370.0;5921.0;6572.0
10757.0;2023-08-31;9.0;14.0;20.0;27.0;625.0;33.0;8.0;9.0;21.0;456.0;33.0;0.0;33.0;794.0;120.0;250.0;4;5;5;4;4;4;5;0;1;0;0;0;0;0;0;0;0;0;0;0;0;1;0;0.0;0.0;0.0;0.0;0.0;0.0;0.0;0.0;1.0;0.0;0.0;0.0;0.0;0.0;0.0;0.0;0.0;0.0;0.0;0.0;0.0;0.0;0.0;0.0;0.0;0.0;0.0;0.0;0.0;0.0;0.0;0.0;0.0;0.0;0.0;4.0;4.0;0.0;0.0;3.0;3.0;0;0;0;0;ASSIS CHATEAUBRIAND;REGIÃO OESTE;91;5084.0;7650.0;9362.0;9930.0;17143.0;9744.0;3193.0;8587.0;8670.0;8339.0;8370.0;5921.0
13380.0;2023-09-30;7.0;14.0;23.0;30.0;684.0;36.0;6.0;7.0;25.0;522.0;36.0;0.0;36.0;846.0;79.0;167.0;4;4;4;4;5;5;4;0;0;0;0;0;0;0;0;0;0;0;1;0;0;1;0;0.0;0.0;0.0;0.0;0.0;0.0;0.0;0.0;1.0;0.0;0.0;0.0;0.0;0.0;0.0;0.0;0.0;0.0;0.0;0.0;0.0;0.0;0.0;0.0;0.0;0.0;0.0;0.0;0.0;0.0;0.0;0.0;0.0;0.0;0.0;4.0;4.0;0.0;0.0;3.0;3.0;0;0;0;0;ASSIS CHATEAUBRIAND;REGIÃO OESTE;92;10757.0;5084.0;7650.0;9362.0;9930.0;17143.0;9744.0;3193.0;8587.0;8670.0;8339.0;8370.0
13888.0;2023-10-31;11.0;17.0;23.0;29.0;708.0;36.0;9.0;11.0;22.0;561.0;36.0;0.0;36.0;855.0;108.0;291.0;5;4;4;5;4;4;5;0;0;0;0;0;0;0;0;0;0;1;0;0;0;1;0;0.0;0.0;0.0;0.0;0.0;0.0;0.0;0.0;1.0;0.0;0.0;0.0;0.0;0.0;0.0;0.0;0.0;0.0;0.0;0.0;0.0;0.0;0.0;0.0;0.0;0.0;0.0;0.0;0.0;0.0;0.0;0.0;0.0;0.0;0.0;4.0;4.0;0.0;0.0;3.0;3.0;0;0;0;0;ASSIS CHATEAUBRIAND;REGIÃO OESTE;93;13380.0;10757.0;5084.0;7650.0;9362.0;9930.0;17143.0;9744.0;3193.0;8587.0;8670.0;8339.0
13590.0;2023-11-30;10.0;15.0;24.0;30.0;706.0;35.0;9.0;10.0;26.0;582.0;35.0;0.0;35.0;830.0;64.0;263.0;4;5;5;4;4;4;4;0;0;0;0;0;0;0;0;0;1;0;0;0;0;1;0;0.0;0.0;0.0;0.0;0.0;0.0;0.0;0.0;1.0;0.0;0.0;0.0;0.0;0.0;0.0;0.0;0.0;0.0;0.0;0.0;0.0;0.0;0.0;0.0;0.0;0.0;0.0;0.0;0.0;0.0;0.0;0.0;0.0;0.0;0.0;4.0;4.0;0.0;0.0;3.0;3.0;0;0;0;0;ASSIS CHATEAUBRIAND;REGIÃO OESTE;94;13888.0;13380.0;10757.0;5084.0;7650.0;9362.0;9930.0;17143.0;9744.0;3193.0;8587.0;8670.0
8835.0;2023-12-31;17.0;20.0;25.0;29.0;778.0;35.0;5.0;17.0;23.0;636.0;35.0;0.0;35.0;920.0;32.0;168.0;5;4;4;4;5;5;4;0;0;1;0;0;0;0;0;0;0;0;0;0;0;1;0;0.0;0.0;0.0;0.0;0.0;0.0;0.0;0.0;1.0;0.0;0.0;0.0;0.0;0.0;0.0;0.0;0.0;0.0;0.0;0.0;0.0;0.0;0.0;0.0;0.0;0.0;0.0;0.0;0.0;0.0;0.0;0.0;0.0;0.0;0.0;4.0;4.0;0.0;0.0;3.0;3.0;0;0;0;0;ASSIS CHATEAUBRIAND;REGIÃO OESTE;95;13590.0;13888.0;13380.0;10757.0;5084.0;7650.0;9362.0;9930.0;17143.0;9744.0;3193.0;8587.0
4371.0;2024-01-31;15.0;21.0;25.0;29.0;780.0;35.0;7.0;15.0;23.0;617.0;35.0;0.0;35.0;943.0;52.0;206.0;4;5;4;5;4;4;5;0;0;0;0;1;0;0;0;0;0;0;0;0;0;0;1;0.0;0.0;0.0;0.0;0.0;0.0;0.0;0.0;1.0;0.0;0.0;0.0;0.0;0.0;0.0;0.0;0.0;0.0;0.0;0.0;0.0;0.0;0.0;0.0;0.0;0.0;0.0;0.0;0.0;0.0;0.0;0.0;0.0;0.0;0.0;4.0;4.0;0.0;0.0;3.0;3.0;31;0;0;0;ASSIS CHATEAUBRIAND;REGIÃO OESTE;96;8835.0;13590.0;13888.0;13380.0;10757.0;5084.0;7650.0;9362.0;9930.0;17143.0;9744.0;3193.0
12035.0;2024-02-29;18.0;23.0;26.0;29.0;761.0;36.0;4.0;18.0;23.0;605.0;36.0;0.0;36.0;917.0;33.0;103.0;4;4;5;4;4;4;4;0;0;0;1;0;0;0;0;0;0;0;0;0;0;0;1;0.0;0.0;0.0;0.0;0.0;0.0;0.0;0.0;1.0;0.0;0.0;0.0;0.0;0.0;0.0;0.0;0.0;0.0;0.0;0.0;0.0;0.0;0.0;0.0;0.0;0.0;0.0;0.0;0.0;0.0;0.0;0.0;0.0;0.0;0.0;4.0;4.0;0.0;0.0;3.0;3.0;0;3;0;0;ASSIS CHATEAUBRIAND;REGIÃO OESTE;97;4371.0;8835.0;13590.0;13888.0;13380.0;10757.0;5084.0;7650.0;9362.0;9930.0;17143.0;9744.0
19778.0;2024-03-31;17.0;22.0;26.0;29.0;798.0;36.0;1.0;17.0;24.0;642.0;36.0;0.0;36.0;953.0;10.0;27.0;5;4;4;4;5;5;4;0;0;0;0;0;0;0;0;1;0;0;0;0;0;0;1;0.0;0.0;0.0;0.0;0.0;0.0;0.0;0.0;1.0;0.0;0.0;0.0;0.0;0.0;0.0;0.0;0.0;0.0;0.0;0.0;0.0;0.0;0.0;0.0;0.0;0.0;0.0;0.0;0.0;0.0;0.0;0.0;0.0;0.0;0.0;4.0;4.0;0.0;0.0;3.0;3.0;0;1;0;0;ASSIS CHATEAUBRIAND;REGIÃO OESTE;98;12035.0;4371.0;8835.0;13590.0;13888.0;13380.0;10757.0;5084.0;7650.0;9362.0;9930.0;17143.0
15000.0;2024-04-30;12.0;19.0;24.0;28.0;717.0;34.0;2.0;12.0;23.0;577.0;34.0;0.0;34.0;858.0;26.0;74.0;4;4;4;5;4;4;5;1;0;0;0;0;0;0;0;0;0;0;0;0;0;0;1;0.0;0.0;0.0;0.0;0.0;0.0;0.0;0.0;1.0;0.0;0.0;0.0;0.0;0.0;0.0;0.0;0.0;0.0;0.0;0.0;0.0;0.0;0.0;0.0;0.0;0.0;0.0;0.0;0.0;0.0;0.0;0.0;0.0;0.0;0.0;4.0;4.0;0.0;0.0;3.0;3.0;0;0;0;0;ASSIS CHATEAUBRIAND;REGIÃO OESTE;99;19778.0;12035.0;4371.0;8835.0;13590.0;13888.0;13380.0;10757.0;5084.0;7650.0;9362.0;9930.0
4991.0;2024-05-31;5.0;10.0;19.0;28.0;581.0;32.0;2.0;5.0;24.0;452.0;32.0;0.0;32.0;709.0;35.0;77.0;4;5;5;4;5;4;4;0;0;0;0;0;0;0;1;0;0;0;0;0;0;0;1;0.0;0.0;0.0;0.0;0.0;0.0;0.0;0.0;1.0;0.0;0.0;0.0;0.0;0.0;0.0;0.0;0.0;0.0;0.0;0.0;0.0;0.0;0.0;0.0;0.0;0.0;0.0;0.0;0.0;0.0;0.0;0.0;0.0;0.0;0.0;4.0;4.0;0.0;0.0;3.0;3.0;0;1;0;30;ASSIS CHATEAUBRIAND;REGIÃO OESTE;100;15000.0;19778.0;12035.0;4371.0;8835.0;13590.0;13888.0;13380.0;10757.0;5084.0;7650.0;9362.0
3780.0;2024-06-30;3.0;9.0;20.0;25.0;612.0;30.0;0.0;3.0;22.0;461.0;30.0;0.0;30.0;763.0;1.0;6.0;5;4;4;4;4;5;4;0;0;0;0;0;0;1;0;0;0;0;0;0;0;0;1;0.0;0.0;0.0;0.0;0.0;0.0;0.0;0.0;1.0;0.0;0.0;0.0;0.0;0.0;0.0;0.0;0.0;0.0;0.0;0.0;0.0;0.0;0.0;0.0;0.0;0.0;0.0;0.0;0.0;0.0;0.0;0.0;0.0;0.0;0.0;4.0;4.0;0.0;0.0;3.0;3.0;0;0;0;30;ASSIS CHATEAUBRIAND;REGIÃO OESTE;101;4991.0;15000.0;19778.0;12035.0;4371.0;8835.0;13590.0;13888.0;13380.0;10757.0;5084.0;7650.0
8060.0;2024-07-31;4.0;7.0;16.0;22.0;492.0;28.0;5.0;4.0;18.0;351.0;28.0;0.0;28.0;633.0;55.0;155.0;4;5;4;5;4;4;5;0;0;0;0;0;1;0;0;0;0;0;0;0;0;0;1;0.0;0.0;0.0;0.0;0.0;0.0;0.0;0.0;1.0;0.0;0.0;0.0;0.0;0.0;0.0;0.0;0.0;0.0;0.0;0.0;0.0;0.0;0.0;0.0;0.0;0.0;0.0;0.0;0.0;0.0;0.0;0.0;0.0;0.0;0.0;4.0;4.0;0.0;0.0;3.0;3.0;12;0;0;0;ASSIS CHATEAUBRIAND;REGIÃO OESTE;102;3780.0;4991.0;15000.0;19778.0;12035.0;4371.0;8835.0;13590.0;13888.0;13380.0;10757.0;5084.0
9238.0;2024-08-31;2.0;9.0;19.0;27.0;578.0;34.0;1.0;2.0;20.0;394.0;34.0;0.0;34.0;763.0;15.0;36.0;4;4;5;4;5;5;4;0;1;0;0;0;0;0;0;0;0;0;0;0;0;0;1;0.0;0.0;0.0;0.0;0.0;0.0;0.0;0.0;1.0;0.0;0.0;0.0;0.0;0.0;0.0;0.0;0.0;0.0;0.0;0.0;0.0;0.0;0.0;0.0;0.0;0.0;0.0;0.0;0.0;0.0;0.0;0.0;0.0;0.0;0.0;4.0;4.0;0.0;0.0;3.0;3.0;0;0;0;0;ASSIS CHATEAUBRIAND;REGIÃO OESTE;103;8060.0;3780.0;4991.0;15000.0;19778.0;12035.0;4371.0;8835.0;13590.0;13888.0;13380.0;10757.0
13950.0;2024-09-30;10.0;16.0;22.0;29.0;670.0;36.0;1.0;10.0;21.0;488.0;36.0;0.0;36.0;853.0;22.0;42.0;5;4;4;5;4;4;4;0;0;0;0;0;0;0;0;0;0;0;1;0;0;0;1;0.0;0.0;0.0;0.0;0.0;0.0;0.0;0.0;1.0;0.0;0.0;0.0;0.0;0.0;0.0;0.0;0.0;0.0;0.0;0.0;0.0;0.0;0.0;0.0;0.0;0.0;0.0;0.0;0.0;0.0;0.0;0.0;0.0;0.0;0.0;4.0;4.0;0.0;0.0;3.0;3.0;0;0;0;0;ASSIS CHATEAUBRIAND;REGIÃO OESTE;104;9238.0;8060.0;3780.0;4991.0;15000.0;19778.0;12035.0;4371.0;8835.0;13590.0;13888.0;13380.0
18538.0;2024-10-31;13.0;20.0;24.0;28.0;737.0;36.0;2.0;13.0;24.0;567.0;36.0;0.0;36.0;906.0;13.0;52.0;4;5;5;4;4;4;5;0;0;0;0;0;0;0;0;0;0;1;0;0;0;0;1;0.0;0.0;0.0;0.0;0.0;0.0;0.0;0.0;1.0;0.0;0.0;0.0;0.0;0.0;0.0;0.0;0.0;0.0;0.0;0.0;0.0;0.0;0.0;0.0;0.0;0.0;0.0;0.0;0.0;0.0;0.0;0.0;0.0;0.0;0.0;4.0;4.0;0.0;0.0;3.0;3.0;0;0;0;0;ASSIS CHATEAUBRIAND;REGIÃO OESTE;105;13950.0;9238.0;8060.0;3780.0;4991.0;15000.0;19778.0;12035.0;4371.0;8835.0;13590.0;13888.0
5046.0;2018-09-30;11.0;15.0;22.0;28.0;673.0;35.0;6.0;11.0;23.0;517.0;35.0;0.0;35.0;829.0;53.0;194.0;5;4;4;4;4;5;4;0;0;0;0;0;0;0;0;0;0;0;1;0;0;0;0;0.0;0.0;0.0;1.0;0.0;0.0;0.0;0.0;0.0;1.0;0.0;0.0;0.0;0.0;0.0;0.0;0.0;0.0;0.0;0.0;0.0;0.0;0.0;0.0;0.0;0.0;0.0;0.0;0.0;0.0;0.0;0.0;0.0;0.0;0.0;1.0;0.0;0.0;0.0;0.0;0.0;0;0;0;0;ASTORGA;REGIÃO NORTE;1;5148.0;4954.0;5058.0;4827.0;4596.0;4538.0;3551.0;2952.0;3242.0;4284.0;3699.0;3207.0
5023.0;2018-10-31;15.0;20.0;24.0;27.0;746.0;33.0;9.0;15.0;23.0;605.0;33.0;0.0;33.0;886.0;50.0;276.0;4;5;4;5;4;4;5;0;0;0;0;0;0;0;0;0;0;1;0;0;0;0;0;0.0;0.0;0.0;1.0;0.0;0.0;0.0;0.0;0.0;1.0;0.0;0.0;0.0;0.0;0.0;0.0;0.0;0.0;0.0;0.0;0.0;0.0;0.0;0.0;0.0;0.0;0.0;0.0;0.0;0.0;0.0;0.0;0.0;0.0;0.0;1.0;0.0;0.0;0.0;0.0;0.0;0;0;0;0;ASTORGA;REGIÃO NORTE;2;5046.0;5148.0;4954.0;5058.0;4827.0;4596.0;4538.0;3551.0;2952.0;3242.0;4284.0;3699.0
4569.0;2018-11-30;16.0;20.0;25.0;31.0;757.0;35.0;4.0;16.0;28.0;609.0;35.0;0.0;35.0;905.0;45.0;132.0;4;4;5;4;5;4;4;0;0;0;0;0;0;0;0;0;1;0;0;0;0;0;0;0.0;0.0;0.0;1.0;0.0;0.0;0.0;0.0;0.0;1.0;0.0;0.0;0.0;0.0;0.0;0.0;0.0;0.0;0.0;0.0;0.0;0.0;0.0;0.0;0.0;0.0;0.0;0.0;0.0;0.0;0.0;0.0;0.0;0.0;0.0;1.0;0.0;0.0;0.0;0.0;0.0;0;0;0;0;ASTORGA;REGIÃO NORTE;3;5023.0;5046.0;5148.0;4954.0;5058.0;4827.0;4596.0;4538.0;3551.0;2952.0;3242.0;4284.0
3475.0;2018-12-31;15.0;22.0;27.0;29.0;832.0;35.0;2.0;15.0;25.0;676.0;35.0;0.0;35.0;988.0;13.0;57.0;5;4;4;5;4;5;4;0;0;1;0;0;0;0;0;0;0;0;0;0;0;0;0;0.0;0.0;0.0;1.0;0.0;0.0;0.0;0.0;0.0;1.0;0.0;0.0;0.0;0.0;0.0;0.0;0.0;0.0;0.0;0.0;0.0;0.0;0.0;0.0;0.0;0.0;0.0;0.0;0.0;0.0;0.0;0.0;0.0;0.0;0.0;1.0;0.0;0.0;0.0;0.0;0.0;0;0;0;0;ASTORGA;REGIÃO NORTE;4;4569.0;5023.0;5046.0;5148.0;4954.0;5058.0;4827.0;4596.0;4538.0;3551.0;2952.0;3242.0
3073.0;2019-01-31;21.0;25.0;28.0;31.0;877.0;37.0;3.0;21.0;28.0;741.0;37.0;0.0;37.0;1012.0;37.0;104.0;4;5;5;4;4;4;5;0;0;0;0;1;0;0;0;0;0;0;0;0;0;0;0;0.0;0.0;0.0;0.0;1.0;0.0;0.0;0.0;0.0;1.0;0.0;0.0;0.0;0.0;0.0;0.0;0.0;0.0;0.0;0.0;0.0;0.0;0.0;0.0;0.0;0.0;0.0;0.0;0.0;0.0;0.0;0.0;0.0;0.0;0.0;1.0;0.0;0.0;0.0;0.0;0.0;31;0;0;0;ASTORGA;REGIÃO NORTE;5;3475.0;4569.0;5023.0;5046.0;5148.0;4954.0;5058.0;4827.0;4596.0;4538.0;3551.0;2952.0
3408.0;2019-02-28;18.0;23.0;26.0;31.0;742.0;37.0;4.0;18.0;25.0;609.0;37.0;0.0;37.0;874.0;54.0;106.0;4;4;4;4;4;4;4;0;0;0;1;0;0;0;0;0;0;0;0;0;0;0;0;0.0;0.0;0.0;0.0;1.0;0.0;0.0;0.0;0.0;1.0;0.0;0.0;0.0;0.0;0.0;0.0;0.0;0.0;0.0;0.0;0.0;0.0;0.0;0.0;0.0;0.0;0.0;0.0;0.0;0.0;0.0;0.0;0.0;0.0;0.0;1.0;0.0;0.0;0.0;0.0;0.0;0;0;0;0;ASTORGA;REGIÃO NORTE;6;3073.0;3475.0;4569.0;5023.0;5046.0;5148.0;4954.0;5058.0;4827.0;4596.0;4538.0;3551.0
4950.0;2019-03-31;18.0;23.0;26.0;28.0;794.0;33.0;5.0;18.0;24.0;651.0;33.0;0.0;33.0;937.0;42.0;151.0;5;4;4;4;5;5;4;0;0;0;0;0;0;0;0;1;0;0;0;0;0;0;0;0.0;0.0;0.0;0.0;1.0;0.0;0.0;0.0;0.0;1.0;0.0;0.0;0.0;0.0;0.0;0.0;0.0;0.0;0.0;0.0;0.0;0.0;0.0;0.0;0.0;0.0;0.0;0.0;0.0;0.0;0.0;0.0;0.0;0.0;0.0;1.0;0.0;0.0;0.0;0.0;0.0;0;3;0;0;ASTORGA;REGIÃO NORTE;7;3408.0;3073.0;3475.0;4569.0;5023.0;5046.0;5148.0;4954.0;5058.0;4827.0;4596.0;4538.0
5172.0;2019-04-30;16.0;22.0;25.0;27.0;742.0;32.0;1.0;16.0;24.0;607.0;32.0;0.0;32.0;877.0;7.0;28.0;4;4;4;5;4;4;5;1;0;0;0;0;0;0;0;0;0;0;0;0;0;0;0;0.0;0.0;0.0;0.0;1.0;0.0;0.0;0.0;0.0;1.0;0.0;0.0;0.0;0.0;0.0;0.0;0.0;0.0;0.0;0.0;0.0;0.0;0.0;0.0;0.0;0.0;0.0;0.0;0.0;0.0;0.0;0.0;0.0;0.0;0.0;1.0;0.0;0.0;0.0;0.0;0.0;0;1;0;0;ASTORGA;REGIÃO NORTE;8;4950.0;3408.0;3073.0;3475.0;4569.0;5023.0;5046.0;5148.0;4954.0;5058.0;4827.0;4596.0
5231.0;2019-05-31;12.0;16.0;22.0;26.0;681.0;31.0;4.0;12.0;22.0;565.0;31.0;0.0;31.0;797.0;54.0;122.0;4;5;5;4;5;4;4;0;0;0;0;0;0;0;1;0;0;0;0;0;0;0;0;0.0;0.0;0.0;0.0;1.0;0.0;0.0;0.0;0.0;1.0;0.0;0.0;0.0;0.0;0.0;0.0;0.0;0.0;0.0;0.0;0.0;0.0;0.0;0.0;0.0;0.0;0.0;0.0;0.0;0.0;0.0;0.0;0.0;0.0;0.0;1.0;0.0;0.0;0.0;0.0;0.0;0;0;0;0;ASTORGA;REGIÃO NORTE;9;5172.0;4950.0;3408.0;3073.0;3475.0;4569.0;5023.0;5046.0;5148.0;4954.0;5058.0;4827.0
4758.0;2019-06-30;10.0;15.0;21.0;24.0;628.0;29.0;1.0;10.0;21.0;489.0;29.0;0.0;29.0;766.0;13.0;37.0;5;4;4;4;4;5;4;0;0;0;0;0;0;1;0;0;0;0;0;0;0;0;0;0.0;0.0;0.0;0.0;1.0;0.0;0.0;0.0;0.0;1.0;0.0;0.0;0.0;0.0;0.0;0.0;0.0;0.0;0.0;0.0;0.0;0.0;0.0;0.0;0.0;0.0;0.0;0.0;0.0;0.0;0.0;0.0;0.0;0.0;0.0;1.0;0.0;0.0;0.0;0.0;0.0;0;1;0;0;ASTORGA;REGIÃO NORTE;10;5231.0;5172.0;4950.0;3408.0;3073.0;3475.0;4569.0;5023.0;5046.0;5148.0;4954.0;5058.0
4805.0;2019-07-31;3.0;10.0;19.0;24.0;604.0;30.0;2.0;3.0;19.0;445.0;30.0;0.0;30.0;763.0;36.0;51.0;4;5;4;5;4;4;5;0;0;0;0;0;1;0;0;0;0;0;0;0;0;0;0;0.0;0.0;0.0;0.0;1.0;0.0;0.0;0.0;0.0;1.0;0.0;0.0;0.0;0.0;0.0;0.0;0.0;0.0;0.0;0.0;0.0;0.0;0.0;0.0;0.0;0.0;0.0;0.0;0.0;0.0;0.0;0.0;0.0;0.0;0.0;1.0;0.0;0.0;0.0;0.0;0.0;16;0;0;0;ASTORGA;REGIÃO NORTE;11;4758.0;5231.0;5172.0;4950.0;3408.0;3073.0;3475.0;4569.0;5023.0;5046.0;5148.0;4954.0
5223.0;2019-08-31;8.0;13.0;21.0;27.0;659.0;33.0;0.0;8.0;21.0;475.0;33.0;0.0;33.0;842.0;0.0;0.0;4;4;5;4;5;5;4;0;1;0;0;0;0;0;0;0;0;0;0;0;0;0;0;0.0;0.0;0.0;0.0;1.0;0.0;0.0;0.0;0.0;1.0;0.0;0.0;0.0;0.0;0.0;0.0;0.0;0.0;0.0;0.0;0.0;0.0;0.0;0.0;0.0;0.0;0.0;0.0;0.0;0.0;0.0;0.0;0.0;0.0;0.0;1.0;0.0;0.0;0.0;0.0;0.0;0;0;0;0;ASTORGA;REGIÃO NORTE;12;4805.0;4758.0;5231.0;5172.0;4950.0;3408.0;3073.0;3475.0;4569.0;5023.0;5046.0;5148.0
5283.0;2019-09-30;14.0;19.0;25.0;30.0;737.0;37.0;3.0;14.0;23.0;571.0;37.0;0.0;37.0;903.0;20.0;81.0;5;4;4;5;4;4;4;0;0;0;0;0;0;0;0;0;0;0;1;0;0;0;0;0.0;0.0;0.0;0.0;1.0;0.0;0.0;0.0;0.0;1.0;0.0;0.0;0.0;0.0;0.0;0.0;0.0;0.0;0.0;0.0;0.0;0.0;0.0;0.0;0.0;0.0;0.0;0.0;0.0;0.0;0.0;0.0;0.0;0.0;0.0;1.0;0.0;0.0;0.0;0.0;0.0;0;0;0;0;ASTORGA;REGIÃO NORTE;13;5223.0;4805.0;4758.0;5231.0;5172.0;4950.0;3408.0;3073.0;3475.0;4569.0;5023.0;5046.0
5135.0;2019-10-31;17.0;20.0;27.0;32.0;843.0;39.0;3.0;17.0;25.0;652.0;39.0;0.0;39.0;1034.0;28.0;80.0;4;5;5;4;4;4;5;0;0;0;0;0;0;0;0;0;0;1;0;0;0;0;0;0.0;0.0;0.0;0.0;1.0;0.0;0.0;0.0;0.0;1.0;0.0;0.0;0.0;0.0;0.0;0.0;0.0;0.0;0.0;0.0;0.0;0.0;0.0;0.0;0.0;0.0;0.0;0.0;0.0;0.0;0.0;0.0;0.0;0.0;0.0;1.0;0.0;0.0;0.0;0.0;0.0;0;0;0;0;ASTORGA;REGIÃO NORTE;14;5283.0;5223.0;4805.0;4758.0;5231.0;5172.0;4950.0;3408.0;3073.0;3475.0;4569.0;5023.0
4746.0;2019-11-30;17.0;23.0;27.0;32.0;796.0;38.0;3.0;17.0;28.0;639.0;38.0;0.0;38.0;953.0;26.0;86.0;4;4;4;4;5;5;4;0;0;0;0;0;0;0;0;0;1;0;0;0;0;0;0;0.0;0.0;0.0;0.0;1.0;0.0;0.0;0.0;0.0;1.0;0.0;0.0;0.0;0.0;0.0;0.0;0.0;0.0;0.0;0.0;0.0;0.0;0.0;0.0;0.0;0.0;0.0;0.0;0.0;0.0;0.0;0.0;0.0;0.0;0.0;1.0;0.0;0.0;0.0;0.0;0.0;0;0;0;0;ASTORGA;REGIÃO NORTE;15;5135.0;5283.0;5223.0;4805.0;4758.0;5231.0;5172.0;4950.0;3408.0;3073.0;3475.0;4569.0
3965.0;2019-12-31;17.0;20.0;25.0;28.0;769.0;34.0;10.0;17.0;23.0;627.0;34.0;0.0;34.0;911.0;46.0;303.0;5;4;4;5;4;4;5;0;0;1;0;0;0;0;0;0;0;0;0;0;0;0;0;0.0;0.0;0.0;0.0;1.0;0.0;0.0;0.0;0.0;1.0;0.0;0.0;0.0;0.0;0.0;0.0;0.0;0.0;0.0;0.0;0.0;0.0;0.0;0.0;0.0;0.0;0.0;0.0;0.0;0.0;0.0;0.0;0.0;0.0;0.0;1.0;0.0;0.0;0.0;0.0;0.0;0;0;0;0;ASTORGA;REGIÃO NORTE;16;4746.0;5135.0;5283.0;5223.0;4805.0;4758.0;5231.0;5172.0;4950.0;3408.0;3073.0;3475.0
3464.0;2020-01-31;18.0;22.0;26.0;29.0;798.0;34.0;4.0;18.0;25.0;671.0;34.0;0.0;34.0;926.0;27.0;136.0;4;5;5;4;5;4;4;0;0;0;0;1;0;0;0;0;0;0;0;0;0;0;0;0.0;0.0;0.0;0.0;0.0;1.0;0.0;0.0;0.0;1.0;0.0;0.0;0.0;0.0;0.0;0.0;0.0;0.0;0.0;0.0;0.0;0.0;0.0;0.0;0.0;0.0;0.0;0.0;0.0;0.0;0.0;0.0;0.0;0.0;0.0;1.0;0.0;0.0;0.0;0.0;0.0;31;0;0;0;ASTORGA;REGIÃO NORTE;17;3965.0;4746.0;5135.0;5283.0;5223.0;4805.0;4758.0;5231.0;5172.0;4950.0;3408.0;3073.0
4190.0;2020-02-29;18.0;23.0;26.0;29.0;744.0;35.0;4.0;18.0;25.0;604.0;35.0;0.0;35.0;883.0;45.0;129.0;4;4;4;4;4;5;4;0;0;0;1;0;0;0;0;0;0;0;0;0;0;0;0;0.0;0.0;0.0;0.0;0.0;1.0;0.0;0.0;0.0;1.0;0.0;0.0;0.0;0.0;0.0;0.0;0.0;0.0;0.0;0.0;0.0;0.0;0.0;0.0;0.0;0.0;0.0;0.0;0.0;0.0;0.0;0.0;0.0;0.0;0.0;1.0;1.0;0.0;0.0;0.0;0.0;0;3;0;0;ASTORGA;REGIÃO NORTE;18;3464.0;3965.0;4746.0;5135.0;5283.0;5223.0;4805.0;4758.0;5231.0;5172.0;4950.0;3408.0
3464.0;2020-03-31;17.0;23.0;25.0;29.0;789.0;35.0;2.0;17.0;24.0;617.0;35.0;0.0;35.0;961.0;15.0;60.0;5;4;4;5;4;4;5;0;0;0;0;0;0;0;0;1;0;0;0;0;0;0;0;0.0;0.0;0.0;0.0;0.0;1.0;0.0;0.0;0.0;1.0;0.0;0.0;0.0;0.0;0.0;0.0;0.0;0.0;0.0;0.0;0.0;0.0;0.0;0.0;0.0;0.0;0.0;0.0;0.0;0.0;0.0;0.0;0.0;0.0;0.0;1.0;1.0;0.0;0.0;0.0;0.0;0;0;15;0;ASTORGA;REGIÃO NORTE;19;4190.0;3464.0;3965.0;4746.0;5135.0;5283.0;5223.0;4805.0;4758.0;5231.0;5172.0;4950.0
1878.0;2020-04-30;12.0;17.0;23.0;27.0;697.0;33.0;2.0;12.0;22.0;527.0;33.0;0.0;33.0;867.0;36.0;62.0;4;5;5;4;4;4;4;1;0;0;0;0;0;0;0;0;0;0;0;0;0;0;0;0.0;0.0;0.0;0.0;0.0;1.0;0.0;0.0;0.0;1.0;0.0;0.0;0.0;0.0;0.0;0.0;0.0;0.0;0.0;0.0;0.0;0.0;0.0;0.0;0.0;0.0;0.0;0.0;0.0;0.0;0.0;0.0;0.0;0.0;0.0;1.0;1.0;0.0;0.0;0.0;0.0;0;1;30;0;ASTORGA;REGIÃO NORTE;20;3464.0;4190.0;3464.0;3965.0;4746.0;5135.0;5283.0;5223.0;4805.0;4758.0;5231.0;5172.0
1572.0;2020-05-31;8.0;13.0;20.0;25.0;626.0;31.0;2.0;8.0;20.0;457.0;31.0;0.0;31.0;796.0;38.0;71.0;5;4;4;4;5;5;4;0;0;0;0;0;0;0;1;0;0;0;0;0;0;0;0;0.0;0.0;0.0;0.0;0.0;1.0;0.0;0.0;0.0;1.0;0.0;0.0;0.0;0.0;0.0;0.0;0.0;0.0;0.0;0.0;0.0;0.0;0.0;0.0;0.0;0.0;0.0;0.0;0.0;0.0;0.0;0.0;0.0;0.0;0.0;1.0;1.0;0.0;0.0;0.0;0.0;0;0;31;0;ASTORGA;REGIÃO NORTE;21;1878.0;3464.0;4190.0;3464.0;3965.0;4746.0;5135.0;5283.0;5223.0;4805.0;4758.0;5231.0
1467.0;2020-06-30;11.0;17.0;21.0;25.0;630.0;30.0;5.0;11.0;20.0;496.0;30.0;0.0;30.0;765.0;104.0;150.0;4;4;4;5;4;4;5;0;0;0;0;0;0;1;0;0;0;0;0;0;0;0;0;0.0;0.0;0.0;0.0;0.0;1.0;0.0;0.0;0.0;1.0;0.0;0.0;0.0;0.0;0.0;0.0;0.0;0.0;0.0;0.0;0.0;0.0;0.0;0.0;0.0;0.0;0.0;0.0;0.0;0.0;0.0;0.0;0.0;0.0;0.0;1.0;1.0;0.0;0.0;0.0;0.0;0;1;30;0;ASTORGA;REGIÃO NORTE;22;1572.0;1878.0;3464.0;4190.0;3464.0;3965.0;4746.0;5135.0;5283.0;5223.0;4805.0;4758.0
1488.0;2020-07-31;6.0;12.0;21.0;24.0;636.0;30.0;1.0;6.0;19.0;467.0;30.0;0.0;30.0;804.0;9.0;17.0;4;5;5;4;5;4;4;0;0;0;0;0;1;0;0;0;0;0;0;0;0;0;0;0.0;0.0;0.0;0.0;0.0;1.0;0.0;0.0;0.0;1.0;0.0;0.0;0.0;0.0;0.0;0.0;0.0;0.0;0.0;0.0;0.0;0.0;0.0;0.0;0.0;0.0;0.0;0.0;0.0;0.0;0.0;0.0;0.0;0.0;0.0;1.0;1.0;0.0;0.0;0.0;0.0;0;0;31;0;ASTORGA;REGIÃO NORTE;23;1467.0;1572.0;1878.0;3464.0;4190.0;3464.0;3965.0;4746.0;5135.0;5283.0;5223.0;4805.0
1488.0;2020-08-31;6.0;12.0;21.0;27.0;643.0;34.0;6.0;6.0;21.0;476.0;34.0;0.0;34.0;809.0;46.0;176.0;5;4;4;5;4;5;4;0;1;0;0;0;0;0;0;0;0;0;0;0;0;0;0;0.0;0.0;0.0;0.0;0.0;1.0;0.0;0.0;0.0;1.0;0.0;0.0;0.0;0.0;0.0;0.0;0.0;0.0;0.0;0.0;0.0;0.0;0.0;0.0;0.0;0.0;0.0;0.0;0.0;0.0;0.0;0.0;0.0;0.0;0.0;1.0;1.0;0.0;0.0;0.0;0.0;0;0;31;0;ASTORGA;REGIÃO NORTE;24;1488.0;1467.0;1572.0;1878.0;3464.0;4190.0;3464.0;3965.0;4746.0;5135.0;5283.0;5223.0
1620.0;2020-09-30;14.0;20.0;26.0;31.0;794.0;39.0;0.0;14.0;24.0;599.0;39.0;0.0;39.0;989.0;5.0;14.0;4;5;4;4;4;4;5;0;0;0;0;0;0;0;0;0;0;0;1;0;0;0;0;0.0;0.0;0.0;0.0;0.0;1.0;0.0;0.0;0.0;1.0;0.0;0.0;0.0;0.0;0.0;0.0;0.0;0.0;0.0;0.0;0.0;0.0;0.0;0.0;0.0;0.0;0.0;0.0;0.0;0.0;0.0;0.0;0.0;0.0;0.0;1.0;1.0;0.0;0.0;0.0;0.0;0;0;30;0;ASTORGA;REGIÃO NORTE;25;1488.0;1488.0;1467.0;1572.0;1878.0;3464.0;4190.0;3464.0;3965.0;4746.0;5135.0;5283.0
1891.0;2020-10-31;15.0;21.0;26.0;33.0;814.0;40.0;1.0;15.0;26.0;622.0;40.0;0.0;40.0;1006.0;8.0;41.0;4;4;5;4;5;5;4;0;0;0;0;0;0;0;0;0;0;1;0;0;0;0;0;0.0;0.0;0.0;0.0;0.0;1.0;0.0;0.0;0.0;1.0;0.0;0.0;0.0;0.0;0.0;0.0;0.0;0.0;0.0;0.0;0.0;0.0;0.0;0.0;0.0;0.0;0.0;0.0;0.0;0.0;0.0;0.0;0.0;0.0;0.0;1.0;1.0;0.0;0.0;0.0;0.0;0;0;31;0;ASTORGA;REGIÃO NORTE;26;1620.0;1488.0;1488.0;1467.0;1572.0;1878.0;3464.0;4190.0;3464.0;3965.0;4746.0;5135.0
1650.0;2020-11-30;14.0;21.0;26.0;30.0;776.0;36.0;1.0;14.0;25.0;588.0;36.0;0.0;36.0;964.0;10.0;18.0;5;4;4;5;4;4;4;0;0;0;0;0;0;0;0;0;1;0;0;0;0;0;0;0.0;0.0;0.0;0.0;0.0;1.0;0.0;0.0;0.0;1.0;0.0;0.0;0.0;0.0;0.0;0.0;0.0;0.0;0.0;0.0;0.0;0.0;0.0;0.0;0.0;0.0;0.0;0.0;0.0;0.0;0.0;0.0;0.0;0.0;0.0;1.0;1.0;0.0;0.0;0.0;0.0;0;0;30;0;ASTORGA;REGIÃO NORTE;27;1891.0;1620.0;1488.0;1488.0;1467.0;1572.0;1878.0;3464.0;4190.0;3464.0;3965.0;4746.0
1736.0;2020-12-31;18.0;23.0;25.0;28.0;790.0;33.0;7.0;18.0;24.0;642.0;33.0;0.0;33.0;939.0;48.0;215.0;4;5;5;4;4;4;5;0;0;1;0;0;0;0;0;0;0;0;0;0;0;0;0;0.0;0.0;0.0;0.0;0.0;1.0;0.0;0.0;0.0;1.0;0.0;0.0;0.0;0.0;0.0;0.0;0.0;0.0;0.0;0.0;0.0;0.0;0.0;0.0;0.0;0.0;0.0;0.0;0.0;0.0;0.0;0.0;0.0;0.0;0.0;1.0;1.0;0.0;0.0;0.0;0.0;0;0;31;0;ASTORGA;REGIÃO NORTE;28;1650.0;1891.0;1620.0;1488.0;1488.0;1467.0;1572.0;1878.0;3464.0;4190.0;3464.0;3965.0
1550.0;2021-01-31;19.0;23.0;25.0;28.0;779.0;33.0;5.0;19.0;24.0;664.0;33.0;0.0;33.0;894.0;26.0;170.0;5;4;4;4;5;5;4;0;0;0;0;1;0;0;0;0;0;0;0;1;0;0;0;0.0;0.0;0.0;0.0;0.0;0.0;0.0;0.0;0.0;1.0;0.0;0.0;0.0;0.0;0.0;0.0;0.0;0.0;0.0;0.0;0.0;0.0;0.0;0.0;0.0;0.0;0.0;0.0;0.0;0.0;0.0;0.0;0.0;0.0;0.0;1.0;1.0;0.0;0.0;0.0;0.0;0;0;31;0;ASTORGA;REGIÃO NORTE;29;1736.0;1650.0;1891.0;1620.0;1488.0;1488.0;1467.0;1572.0;1878.0;3464.0;4190.0;3464.0
1652.0;2021-02-28;18.0;22.0;25.0;28.0;702.0;34.0;3.0;18.0;22.0;556.0;34.0;0.0;34.0;848.0;22.0;74.0;4;4;4;4;4;4;4;0;0;0;1;0;0;0;0;0;0;0;0;1;0;0;0;0.0;0.0;0.0;0.0;0.0;0.0;0.0;0.0;0.0;1.0;0.0;0.0;0.0;0.0;0.0;0.0;0.0;0.0;0.0;0.0;0.0;0.0;0.0;0.0;0.0;0.0;0.0;0.0;0.0;0.0;0.0;0.0;0.0;0.0;0.0;1.0;1.0;0.0;0.0;0.0;0.0;0;3;28;0;ASTORGA;REGIÃO NORTE;30;1550.0;1736.0;1650.0;1891.0;1620.0;1488.0;1488.0;1467.0;1572.0;1878.0;3464.0;4190.0
1860.0;2021-03-31;17.0;22.0;26.0;29.0;807.0;34.0;4.0;17.0;24.0;644.0;34.0;0.0;34.0;969.0;36.0;116.0;4;5;4;5;4;4;5;0;0;0;0;0;0;0;0;1;0;0;0;1;0;0;0;0.0;0.0;0.0;0.0;0.0;0.0;0.0;0.0;0.0;1.0;0.0;0.0;0.0;0.0;0.0;0.0;0.0;0.0;0.0;0.0;0.0;0.0;0.0;0.0;0.0;0.0;0.0;0.0;0.0;0.0;0.0;0.0;0.0;0.0;0.0;1.0;1.0;0.0;0.0;0.0;0.0;0;0;31;0;ASTORGA;REGIÃO NORTE;31;1652.0;1550.0;1736.0;1650.0;1891.0;1620.0;1488.0;1488.0;1467.0;1572.0;1878.0;3464.0
1770.0;2021-04-30;13.0;20.0;23.0;27.0;697.0;33.0;0.0;13.0;22.0;526.0;33.0;0.0;33.0;868.0;2.0;4.0;4;4;5;4;5;4;4;1;0;0;0;0;0;0;0;0;0;0;0;1;0;0;0;0.0;0.0;0.0;0.0;0.0;0.0;0.0;0.0;0.0;1.0;0.0;0.0;0.0;0.0;0.0;0.0;0.0;0.0;0.0;0.0;0.0;0.0;0.0;0.0;0.0;0.0;0.0;0.0;0.0;0.0;0.0;0.0;0.0;0.0;0.0;1.0;1.0;0.0;0.0;0.0;0.0;0;1;30;0;ASTORGA;REGIÃO NORTE;32;1860.0;1652.0;1550.0;1736.0;1650.0;1891.0;1620.0;1488.0;1488.0;1467.0;1572.0;1878.0
2046.0;2021-05-31;9.0;15.0;21.0;26.0;657.0;32.0;8.0;9.0;21.0;484.0;32.0;0.0;32.0;831.0;147.0;234.0;5;4;4;5;4;5;4;0;0;0;0;0;0;0;1;0;0;0;0;1;0;0;0;0.0;0.0;0.0;0.0;0.0;0.0;0.0;0.0;0.0;1.0;0.0;0.0;0.0;0.0;0.0;0.0;0.0;0.0;0.0;0.0;0.0;0.0;0.0;0.0;0.0;0.0;0.0;0.0;0.0;0.0;0.0;0.0;0.0;0.0;0.0;1.0;1.0;0.0;0.0;0.0;0.0;0;0;31;0;ASTORGA;REGIÃO NORTE;33;1770.0;1860.0;1652.0;1550.0;1736.0;1650.0;1891.0;1620.0;1488.0;1488.0;1467.0;1572.0
1710.0;2021-06-30;2.0;8.0;19.0;24.0;556.0;29.0;2.0;2.0;19.0;428.0;29.0;0.0;29.0;684.0;22.0;73.0;4;5;4;4;4;4;5;0;0;0;0;0;0;1;0;0;0;0;0;1;0;0;0;0.0;0.0;0.0;0.0;0.0;0.0;0.0;0.0;0.0;1.0;0.0;0.0;0.0;0.0;0.0;0.0;0.0;0.0;0.0;0.0;0.0;0.0;0.0;0.0;0.0;0.0;0.0;0.0;0.0;0.0;0.0;0.0;0.0;0.0;0.0;1.0;1.0;0.0;0.0;0.0;0.0;0;1;30;0;ASTORGA;REGIÃO NORTE;34;2046.0;1770.0;1860.0;1652.0;1550.0;1736.0;1650.0;1891.0;1620.0;1488.0;1488.0;1467.0
1488.0;2021-07-31;2.0;8.0;18.0;24.0;551.0;30.0;1.0;2.0;18.0;356.0;30.0;0.0;30.0;745.0;9.0;26.0;4;4;5;4;5;5;4;0;0;0;0;0;1;0;0;0;0;0;0;1;0;0;0;0.0;0.0;0.0;0.0;0.0;0.0;0.0;0.0;0.0;1.0;0.0;0.0;0.0;0.0;0.0;0.0;0.0;0.0;0.0;0.0;0.0;0.0;0.0;0.0;0.0;0.0;0.0;0.0;0.0;0.0;0.0;0.0;0.0;0.0;0.0;1.0;1.0;0.0;0.0;0.0;0.0;0;0;31;0;ASTORGA;REGIÃO NORTE;35;1710.0;2046.0;1770.0;1860.0;1652.0;1550.0;1736.0;1650.0;1891.0;1620.0;1488.0;1488.0
1984.0;2021-08-31;10.0;16.0;23.0;29.0;699.0;36.0;3.0;10.0;22.0;517.0;36.0;0.0;36.0;881.0;65.0;90.0;5;4;4;5;4;4;5;0;1;0;0;0;0;0;0;0;0;0;0;1;0;0;0;0.0;0.0;0.0;0.0;0.0;0.0;0.0;0.0;0.0;1.0;0.0;0.0;0.0;0.0;0.0;0.0;0.0;0.0;0.0;0.0;0.0;0.0;0.0;0.0;0.0;0.0;0.0;0.0;0.0;0.0;0.0;0.0;0.0;0.0;0.0;1.0;1.0;0.0;0.0;0.0;0.0;0;0;31;0;ASTORGA;REGIÃO NORTE;36;1488.0;1710.0;2046.0;1770.0;1860.0;1652.0;1550.0;1736.0;1650.0;1891.0;1620.0;1488.0
2130.0;2021-09-30;13.0;20.0;26.0;32.0;777.0;38.0;2.0;13.0;26.0;586.0;38.0;0.0;38.0;967.0;23.0;71.0;4;5;5;4;4;4;4;0;0;0;0;0;0;0;0;0;0;0;1;1;0;0;0;0.0;0.0;0.0;0.0;0.0;0.0;0.0;0.0;0.0;1.0;0.0;0.0;0.0;0.0;0.0;0.0;0.0;0.0;0.0;0.0;0.0;0.0;0.0;0.0;0.0;0.0;0.0;0.0;0.0;0.0;0.0;0.0;0.0;0.0;0.0;1.0;1.0;0.0;0.0;0.0;0.0;0;0;30;0;ASTORGA;REGIÃO NORTE;37;1984.0;1488.0;1710.0;2046.0;1770.0;1860.0;1652.0;1550.0;1736.0;1650.0;1891.0;1620.0
1891.0;2021-10-31;13.0;18.0;22.0;27.0;692.0;33.0;21.0;13.0;22.0;552.0;33.0;0.0;33.0;831.0;147.0;637.0;5;4;4;4;5;5;4;0;0;0;0;0;0;0;0;0;0;1;0;1;0;0;0;0.0;0.0;0.0;0.0;0.0;0.0;0.0;0.0;0.0;1.0;0.0;0.0;0.0;0.0;0.0;0.0;0.0;0.0;0.0;0.0;0.0;0.0;0.0;0.0;0.0;0.0;0.0;0.0;0.0;0.0;0.0;0.0;0.0;0.0;0.0;1.0;1.0;0.0;0.0;0.0;0.0;0;0;0;0;ASTORGA;REGIÃO NORTE;38;2130.0;1984.0;1488.0;1710.0;2046.0;1770.0;1860.0;1652.0;1550.0;1736.0;1650.0;1891.0
2640.0;2021-11-30;15.0;21.0;26.0;29.0;766.0;35.0;1.0;15.0;24.0;591.0;35.0;0.0;35.0;941.0;18.0;28.0;4;4;4;5;4;4;5;0;0;0;0;0;0;0;0;0;1;0;0;1;0;0;0;0.0;0.0;0.0;0.0;0.0;0.0;0.0;0.0;0.0;1.0;0.0;0.0;0.0;0.0;0.0;0.0;0.0;0.0;0.0;0.0;0.0;0.0;0.0;0.0;0.0;0.0;0.0;0.0;0.0;0.0;0.0;0.0;0.0;0.0;0.0;1.0;1.0;0.0;0.0;0.0;0.0;0;0;0;0;ASTORGA;REGIÃO NORTE;39;1891.0;2130.0;1984.0;1488.0;1710.0;2046.0;1770.0;1860.0;1652.0;1550.0;1736.0;1650.0
2728.0;2021-12-31;16.0;22.0;26.0;30.0;813.0;37.0;1.0;16.0;23.0;622.0;37.0;0.0;37.0;1003.0;13.0;30.0;4;5;5;4;5;4;4;0;0;1;0;0;0;0;0;0;0;0;0;1;0;0;0;0.0;0.0;0.0;0.0;0.0;0.0;0.0;0.0;0.0;1.0;0.0;0.0;0.0;0.0;0.0;0.0;0.0;0.0;0.0;0.0;0.0;0.0;0.0;0.0;0.0;0.0;0.0;0.0;0.0;0.0;0.0;0.0;0.0;0.0;0.0;1.0;1.0;0.0;0.0;0.0;0.0;0;0;0;0;ASTORGA;REGIÃO NORTE;40;2640.0;1891.0;2130.0;1984.0;1488.0;1710.0;2046.0;1770.0;1860.0;1652.0;1550.0;1736.0
3007.0;2022-01-31;18.0;22.0;26.0;30.0;804.0;36.0;5.0;18.0;24.0;656.0;36.0;0.0;36.0;953.0;32.0;143.0;5;4;4;5;4;5;4;0;0;0;0;1;0;0;0;0;0;0;0;0;1;0;0;0.0;0.0;0.0;0.0;0.0;0.0;0.0;0.0;0.0;1.0;0.0;0.0;0.0;0.0;0.0;0.0;0.0;0.0;0.0;0.0;0.0;0.0;0.0;0.0;0.0;0.0;0.0;0.0;0.0;0.0;0.0;0.0;0.0;0.0;0.0;1.0;1.0;0.0;0.0;0.0;0.0;31;0;0;0;ASTORGA;REGIÃO NORTE;41;2728.0;2640.0;1891.0;2130.0;1984.0;1488.0;1710.0;2046.0;1770.0;1860.0;1652.0;1550.0
4284.0;2022-02-28;18.0;25.0;27.0;31.0;748.0;37.0;4.0;18.0;24.0;589.0;37.0;0.0;37.0;906.0;31.0;111.0;4;4;4;4;4;4;4;0;0;0;1;0;0;0;0;0;0;0;0;0;1;0;0;0.0;0.0;0.0;0.0;0.0;0.0;0.0;0.0;0.0;1.0;0.0;0.0;0.0;0.0;0.0;0.0;0.0;0.0;0.0;0.0;0.0;0.0;0.0;0.0;0.0;0.0;0.0;0.0;0.0;0.0;0.0;0.0;0.0;0.0;0.0;1.0;1.0;0.0;0.0;0.0;1.0;0;1;0;0;ASTORGA;REGIÃO NORTE;42;3007.0;2728.0;2640.0;1891.0;2130.0;1984.0;1488.0;1710.0;2046.0;1770.0;1860.0;1652.0
5177.0;2022-03-31;18.0;21.0;26.0;30.0;804.0;36.0;13.0;18.0;24.0;657.0;36.0;0.0;36.0;951.0;102.0;415.0;4;5;5;4;4;4;5;0;0;0;0;0;0;0;0;1;0;0;0;0;1;0;0;0.0;0.0;0.0;0.0;0.0;0.0;0.0;0.0;0.0;1.0;0.0;0.0;0.0;0.0;0.0;0.0;0.0;0.0;0.0;0.0;0.0;0.0;0.0;0.0;0.0;0.0;0.0;0.0;0.0;0.0;0.0;0.0;0.0;0.0;0.0;1.0;1.0;0.0;0.0;0.0;1.0;0;1;0;0;ASTORGA;REGIÃO NORTE;43;4284.0;3007.0;2728.0;2640.0;1891.0;2130.0;1984.0;1488.0;1710.0;2046.0;1770.0;1860.0
3930.0;2022-04-30;14.0;19.0;23.0;27.0;702.0;32.0;6.0;14.0;22.0;558.0;32.0;0.0;32.0;847.0;62.0;180.0;4;4;4;4;5;5;4;1;0;0;0;0;0;0;0;0;0;0;0;0;1;0;0;0.0;0.0;0.0;0.0;0.0;0.0;0.0;0.0;0.0;1.0;0.0;0.0;0.0;0.0;0.0;0.0;0.0;0.0;0.0;0.0;0.0;0.0;0.0;0.0;0.0;0.0;0.0;0.0;0.0;0.0;0.0;0.0;0.0;0.0;0.0;1.0;1.0;0.0;0.0;0.0;1.0;0;1;0;0;ASTORGA;REGIÃO NORTE;44;5177.0;4284.0;3007.0;2728.0;2640.0;1891.0;2130.0;1984.0;1488.0;1710.0;2046.0;1770.0
4402.0;2022-05-31;6.0;10.0;19.0;25.0;595.0;31.0;2.0;6.0;22.0;452.0;31.0;0.0;31.0;737.0;21.0;57.0;5;4;4;5;4;4;5;0;0;0;0;0;0;0;1;0;0;0;0;0;1;0;0;0.0;0.0;0.0;0.0;0.0;0.0;0.0;0.0;0.0;1.0;0.0;0.0;0.0;0.0;0.0;0.0;0.0;0.0;0.0;0.0;0.0;0.0;0.0;0.0;0.0;0.0;0.0;0.0;0.0;0.0;0.0;0.0;0.0;0.0;0.0;1.0;1.0;0.0;0.0;0.0;1.0;0;0;0;0;ASTORGA;REGIÃO NORTE;45;3930.0;5177.0;4284.0;3007.0;2728.0;2640.0;1891.0;2130.0;1984.0;1488.0;1710.0;2046.0
4050.0;2022-06-30;6.0;13.0;19.0;23.0;576.0;29.0;1.0;6.0;18.0;436.0;29.0;0.0;29.0;715.0;13.0;45.0;4;5;5;4;4;4;4;0;0;0;0;0;0;1;0;0;0;0;0;0;1;0;0;0.0;0.0;0.0;0.0;0.0;0.0;0.0;0.0;0.0;1.0;0.0;0.0;0.0;0.0;0.0;0.0;0.0;0.0;0.0;0.0;0.0;0.0;0.0;0.0;0.0;0.0;0.0;0.0;0.0;0.0;0.0;0.0;0.0;0.0;0.0;1.0;1.0;0.0;0.0;0.0;1.0;0;1;0;0;ASTORGA;REGIÃO NORTE;46;4402.0;3930.0;5177.0;4284.0;3007.0;2728.0;2640.0;1891.0;2130.0;1984.0;1488.0;1710.0
2976.0;2022-07-31;9.0;16.0;22.0;24.0;684.0;30.0;0.0;9.0;19.0;508.0;30.0;0.0;30.0;860.0;2.0;4.0;5;4;4;4;5;5;4;0;0;0;0;0;1;0;0;0;0;0;0;0;1;0;0;0.0;0.0;0.0;0.0;0.0;0.0;0.0;0.0;0.0;1.0;0.0;0.0;0.0;0.0;0.0;0.0;0.0;0.0;0.0;0.0;0.0;0.0;0.0;0.0;0.0;0.0;0.0;0.0;0.0;0.0;0.0;0.0;0.0;0.0;0.0;1.0;1.0;0.0;0.0;0.0;1.0;0;0;0;0;ASTORGA;REGIÃO NORTE;47;4050.0;4402.0;3930.0;5177.0;4284.0;3007.0;2728.0;2640.0;1891.0;2130.0;1984.0;1488.0
4402.0;2022-08-31;6.0;12.0;20.0;26.0;625.0;33.0;6.0;6.0;21.0;459.0;33.0;0.0;33.0;790.0;58.0;178.0;4;5;4;5;4;4;5;0;1;0;0;0;0;0;0;0;0;0;0;0;1;0;0;0.0;0.0;0.0;0.0;0.0;0.0;0.0;0.0;0.0;1.0;0.0;0.0;0.0;0.0;0.0;0.0;0.0;0.0;0.0;0.0;0.0;0.0;0.0;0.0;0.0;0.0;0.0;0.0;0.0;0.0;0.0;0.0;0.0;0.0;0.0;1.0;1.0;0.0;0.0;0.0;1.0;0;0;0;0;ASTORGA;REGIÃO NORTE;48;2976.0;4050.0;4402.0;3930.0;5177.0;4284.0;3007.0;2728.0;2640.0;1891.0;2130.0;1984.0
4260.0;2022-09-30;9.0;15.0;20.0;28.0;599.0;35.0;5.0;9.0;21.0;464.0;35.0;0.0;35.0;733.0;39.0;162.0;4;4;5;4;5;4;4;0;0;0;0;0;0;0;0;0;0;0;1;0;1;0;0;0.0;0.0;0.0;0.0;0.0;0.0;0.0;0.0;0.0;1.0;0.0;0.0;0.0;0.0;0.0;0.0;0.0;0.0;0.0;0.0;0.0;0.0;0.0;0.0;0.0;0.0;0.0;0.0;0.0;0.0;0.0;0.0;0.0;0.0;0.0;1.0;1.0;0.0;0.0;0.0;1.0;0;0;0;0;ASTORGA;REGIÃO NORTE;49;4402.0;2976.0;4050.0;4402.0;3930.0;5177.0;4284.0;3007.0;2728.0;2640.0;1891.0;2130.0
4185.0;2022-10-31;-8.0;10.0;23.0;27.0;712.0;34.0;8.0;-8.0;22.0;545.0;34.0;0.0;34.0;879.0;37.0;235.0;5;4;4;5;4;5;4;0;0;0;0;0;0;0;0;0;0;1;0;0;1;0;0;0.0;0.0;0.0;0.0;0.0;0.0;0.0;0.0;0.0;1.0;0.0;0.0;0.0;0.0;0.0;0.0;0.0;0.0;0.0;0.0;0.0;0.0;0.0;0.0;0.0;0.0;0.0;0.0;0.0;0.0;0.0;0.0;0.0;0.0;0.0;1.0;1.0;0.0;0.0;0.0;1.0;0;0;0;0;ASTORGA;REGIÃO NORTE;50;4260.0;4402.0;2976.0;4050.0;4402.0;3930.0;5177.0;4284.0;3007.0;2728.0;2640.0;1891.0
4140.0;2022-11-30;12.0;15.0;23.0;26.0;681.0;33.0;3.0;12.0;21.0;516.0;33.0;0.0;33.0;846.0;30.0;83.0;4;5;4;4;4;4;5;0;0;0;0;0;0;0;0;0;1;0;0;0;1;0;0;0.0;0.0;0.0;0.0;0.0;0.0;0.0;0.0;0.0;1.0;0.0;0.0;0.0;0.0;0.0;0.0;0.0;0.0;0.0;0.0;0.0;0.0;0.0;0.0;0.0;0.0;0.0;0.0;0.0;0.0;0.0;0.0;0.0;0.0;0.0;1.0;1.0;0.0;0.0;0.0;1.0;0;0;0;0;ASTORGA;REGIÃO NORTE;51;4185.0;4260.0;4402.0;2976.0;4050.0;4402.0;3930.0;5177.0;4284.0;3007.0;2728.0;2640.0
3596.0;2022-12-31;3.0;17.0;25.0;28.0;765.0;33.0;7.0;3.0;23.0;610.0;33.0;0.0;33.0;920.0;46.0;221.0;4;4;5;4;5;5;4;0;0;1;0;0;0;0;0;0;0;0;0;0;1;0;0;0.0;0.0;0.0;0.0;0.0;0.0;0.0;0.0;0.0;1.0;0.0;0.0;0.0;0.0;0.0;0.0;0.0;0.0;0.0;0.0;0.0;0.0;0.0;0.0;0.0;0.0;0.0;0.0;0.0;0.0;0.0;0.0;0.0;0.0;0.0;1.0;1.0;0.0;0.0;0.0;1.0;0;0;0;0;ASTORGA;REGIÃO NORTE;52;4140.0;4185.0;4260.0;4402.0;2976.0;4050.0;4402.0;3930.0;5177.0;4284.0;3007.0;2728.0
2759.0;2023-01-31;17.0;21.0;25.0;27.0;769.0;33.0;9.0;17.0;23.0;634.0;33.0;0.0;33.0;903.0;49.0;270.0;5;4;4;5;4;4;5;0;0;0;0;1;0;0;0;0;0;0;0;0;0;1;0;0.0;0.0;0.0;0.0;0.0;0.0;0.0;0.0;0.0;1.0;0.0;0.0;0.0;0.0;0.0;0.0;0.0;0.0;0.0;0.0;0.0;0.0;0.0;0.0;0.0;0.0;0.0;0.0;0.0;0.0;0.0;0.0;0.0;0.0;0.0;1.0;1.0;0.0;0.0;0.0;1.0;31;0;0;0;ASTORGA;REGIÃO NORTE;53;3596.0;4140.0;4185.0;4260.0;4402.0;2976.0;4050.0;4402.0;3930.0;5177.0;4284.0;3007.0
5096.0;2023-02-28;12.0;19.0;24.0;27.0;679.0;34.0;10.0;12.0;22.0;559.0;34.0;0.0;34.0;798.0;33.0;287.0;4;4;4;4;4;4;4;0;0;0;1;0;0;0;0;0;0;0;0;0;0;1;0;0.0;0.0;0.0;0.0;0.0;0.0;0.0;0.0;0.0;1.0;0.0;0.0;0.0;0.0;0.0;0.0;0.0;0.0;0.0;0.0;0.0;0.0;0.0;0.0;0.0;0.0;0.0;0.0;0.0;0.0;0.0;0.0;0.0;0.0;0.0;1.0;1.0;0.0;0.0;0.0;1.0;0;3;0;0;ASTORGA;REGIÃO NORTE;54;2759.0;3596.0;4140.0;4185.0;4260.0;4402.0;2976.0;4050.0;4402.0;3930.0;5177.0;4284.0
7285.0;2023-03-31;18.0;23.0;26.0;28.0;806.0;34.0;7.0;18.0;23.0;651.0;34.0;0.0;34.0;960.0;41.0;209.0;4;5;5;4;5;4;4;0;0;0;0;0;0;0;0;1;0;0;0;0;0;1;0;0.0;0.0;0.0;0.0;0.0;0.0;0.0;0.0;0.0;1.0;0.0;0.0;0.0;0.0;0.0;0.0;0.0;0.0;0.0;0.0;0.0;0.0;0.0;0.0;0.0;0.0;0.0;0.0;0.0;0.0;0.0;0.0;0.0;0.0;0.0;1.0;1.0;0.0;0.0;0.0;1.0;0;0;0;0;ASTORGA;REGIÃO NORTE;55;5096.0;2759.0;3596.0;4140.0;4185.0;4260.0;4402.0;2976.0;4050.0;4402.0;3930.0;5177.0
5010.0;2023-04-30;12.0;19.0;23.0;28.0;693.0;34.0;12.0;12.0;22.0;550.0;34.0;0.0;34.0;837.0;121.0;373.0;5;4;4;4;4;5;4;1;0;0;0;0;0;0;0;0;0;0;0;0;0;1;0;0.0;0.0;0.0;0.0;0.0;0.0;0.0;0.0;0.0;1.0;0.0;0.0;0.0;0.0;0.0;0.0;0.0;0.0;0.0;0.0;0.0;0.0;0.0;0.0;0.0;0.0;0.0;0.0;0.0;0.0;0.0;0.0;0.0;0.0;0.0;1.0;1.0;0.0;0.0;0.0;1.0;0;1;0;0;ASTORGA;REGIÃO NORTE;56;7285.0;5096.0;2759.0;3596.0;4140.0;4185.0;4260.0;4402.0;2976.0;4050.0;4402.0;3930.0
4929.0;2023-05-31;12.0;18.0;22.0;26.0;672.0;30.0;3.0;12.0;21.0;506.0;30.0;0.0;30.0;837.0;42.0;100.0;4;5;4;5;4;4;5;0;0;0;0;0;0;0;1;0;0;0;0;0;0;1;0;0.0;0.0;0.0;0.0;0.0;0.0;0.0;0.0;0.0;1.0;0.0;0.0;0.0;0.0;0.0;0.0;0.0;0.0;0.0;0.0;0.0;0.0;0.0;0.0;0.0;0.0;0.0;0.0;0.0;0.0;0.0;0.0;0.0;0.0;0.0;1.0;1.0;0.0;0.0;0.0;1.0;0;0;0;0;ASTORGA;REGIÃO NORTE;57;5010.0;7285.0;5096.0;2759.0;3596.0;4140.0;4185.0;4260.0;4402.0;2976.0;4050.0;4402.0
4500.0;2023-06-30;9.0;11.0;19.0;24.0;583.0;30.0;4.0;9.0;18.0;422.0;30.0;0.0;30.0;744.0;65.0;122.0;4;4;5;4;5;4;4;0;0;0;0;0;0;1;0;0;0;0;0;0;0;1;0;0.0;0.0;0.0;0.0;0.0;0.0;0.0;0.0;0.0;1.0;0.0;0.0;0.0;0.0;0.0;0.0;0.0;0.0;0.0;0.0;0.0;0.0;0.0;0.0;0.0;0.0;0.0;0.0;0.0;0.0;0.0;0.0;0.0;0.0;0.0;1.0;1.0;0.0;0.0;0.0;1.0;0;1;0;0;ASTORGA;REGIÃO NORTE;58;4929.0;5010.0;7285.0;5096.0;2759.0;3596.0;4140.0;4185.0;4260.0;4402.0;2976.0;4050.0
3286.0;2023-07-31;8.0;13.0;20.0;25.0;631.0;30.0;1.0;8.0;19.0;466.0;30.0;0.0;30.0;796.0;11.0;32.0;5;4;4;5;4;5;4;0;0;0;0;0;1;0;0;0;0;0;0;0;0;1;0;0.0;0.0;0.0;0.0;0.0;0.0;0.0;0.0;0.0;1.0;0.0;0.0;0.0;0.0;0.0;0.0;0.0;0.0;0.0;0.0;0.0;0.0;0.0;0.0;0.0;0.0;0.0;0.0;0.0;0.0;0.0;0.0;0.0;0.0;0.0;1.0;1.0;0.0;0.0;0.0;1.0;15;0;0;0;ASTORGA;REGIÃO NORTE;59;4500.0;4929.0;5010.0;7285.0;5096.0;2759.0;3596.0;4140.0;4185.0;4260.0;4402.0;2976.0
5332.0;2023-08-31;11.0;17.0;22.0;28.0;697.0;35.0;2.0;11.0;21.0;501.0;35.0;0.0;35.0;892.0;20.0;64.0;4;5;5;4;4;4;5;0;1;0;0;0;0;0;0;0;0;0;0;0;0;1;0;0.0;0.0;0.0;0.0;0.0;0.0;0.0;0.0;0.0;1.0;0.0;0.0;0.0;0.0;0.0;0.0;0.0;0.0;0.0;0.0;0.0;0.0;0.0;0.0;0.0;0.0;0.0;0.0;0.0;0.0;0.0;0.0;0.0;0.0;0.0;1.0;1.0;0.0;0.0;0.0;1.0;0;0;0;0;ASTORGA;REGIÃO NORTE;60;3286.0;4500.0;4929.0;5010.0;7285.0;5096.0;2759.0;3596.0;4140.0;4185.0;4260.0;4402.0
6300.0;2023-09-30;10.0;18.0;26.0;32.0;778.0;38.0;5.0;10.0;26.0;585.0;38.0;0.0;38.0;970.0;77.0;139.0;4;4;4;4;5;5;4;0;0;0;0;0;0;0;0;0;0;0;1;0;0;1;0;0.0;0.0;0.0;0.0;0.0;0.0;0.0;0.0;0.0;1.0;0.0;0.0;0.0;0.0;0.0;0.0;0.0;0.0;0.0;0.0;0.0;0.0;0.0;0.0;0.0;0.0;0.0;0.0;0.0;0.0;0.0;0.0;0.0;0.0;0.0;1.0;1.0;0.0;0.0;0.0;1.0;0;0;0;0;ASTORGA;REGIÃO NORTE;61;5332.0;3286.0;4500.0;4929.0;5010.0;7285.0;5096.0;2759.0;3596.0;4140.0;4185.0;4260.0
6572.0;2023-10-31;17.0;21.0;26.0;31.0;798.0;36.0;11.0;17.0;25.0;631.0;36.0;0.0;36.0;965.0;113.0;341.0;5;4;4;5;4;4;5;0;0;0;0;0;0;0;0;0;0;1;0;0;0;1;0;0.0;0.0;0.0;0.0;0.0;0.0;0.0;0.0;0.0;1.0;0.0;0.0;0.0;0.0;0.0;0.0;0.0;0.0;0.0;0.0;0.0;0.0;0.0;0.0;0.0;0.0;0.0;0.0;0.0;0.0;0.0;0.0;0.0;0.0;0.0;1.0;1.0;0.0;0.0;0.0;1.0;0;0;0;0;ASTORGA;REGIÃO NORTE;62;6300.0;5332.0;3286.0;4500.0;4929.0;5010.0;7285.0;5096.0;2759.0;3596.0;4140.0;4185.0
6090.0;2023-11-30;12.0;18.0;26.0;32.0;775.0;38.0;7.0;12.0;26.0;613.0;38.0;0.0;38.0;937.0;62.0;216.0;4;5;5;4;4;4;4;0;0;0;0;0;0;0;0;0;1;0;0;0;0;1;0;0.0;0.0;0.0;0.0;0.0;0.0;0.0;0.0;0.0;1.0;0.0;0.0;0.0;0.0;0.0;0.0;0.0;0.0;0.0;0.0;0.0;0.0;0.0;0.0;0.0;0.0;0.0;0.0;0.0;0.0;0.0;0.0;0.0;0.0;0.0;1.0;1.0;0.0;0.0;0.0;1.0;0;0;0;0;ASTORGA;REGIÃO NORTE;63;6572.0;6300.0;5332.0;3286.0;4500.0;4929.0;5010.0;7285.0;5096.0;2759.0;3596.0;4140.0
4743.0;2023-12-31;17.0;23.0;27.0;30.0;834.0;37.0;6.0;17.0;24.0;656.0;37.0;0.0;37.0;1013.0;32.0;179.0;5;4;4;4;5;5;4;0;0;1;0;0;0;0;0;0;0;0;0;0;0;1;0;0.0;0.0;0.0;0.0;0.0;0.0;0.0;0.0;0.0;1.0;0.0;0.0;0.0;0.0;0.0;0.0;0.0;0.0;0.0;0.0;0.0;0.0;0.0;0.0;0.0;0.0;0.0;0.0;0.0;0.0;0.0;0.0;0.0;0.0;0.0;1.0;1.0;0.0;0.0;0.0;1.0;0;0;0;0;ASTORGA;REGIÃO NORTE;64;6090.0;6572.0;6300.0;5332.0;3286.0;4500.0;4929.0;5010.0;7285.0;5096.0;2759.0;3596.0
4433.0;2024-01-31;16.0;20.0;26.0;31.0;818.0;37.0;2.0;16.0;25.0;648.0;37.0;0.0;37.0;988.0;20.0;66.0;4;5;4;5;4;4;5;0;0;0;0;1;0;0;0;0;0;0;0;0;0;0;1;0.0;0.0;0.0;0.0;0.0;0.0;0.0;0.0;0.0;1.0;0.0;0.0;0.0;0.0;0.0;0.0;0.0;0.0;0.0;0.0;0.0;0.0;0.0;0.0;0.0;0.0;0.0;0.0;0.0;0.0;0.0;0.0;0.0;0.0;0.0;1.0;1.0;0.0;0.0;0.0;1.0;31;0;0;0;ASTORGA;REGIÃO NORTE;65;4743.0;6090.0;6572.0;6300.0;5332.0;3286.0;4500.0;4929.0;5010.0;7285.0;5096.0;2759.0
7308.0;2024-02-29;19.0;24.0;27.0;30.0;791.0;36.0;4.0;19.0;25.0;631.0;36.0;0.0;36.0;951.0;28.0;110.0;4;4;5;4;4;4;4;0;0;0;1;0;0;0;0;0;0;0;0;0;0;0;1;0.0;0.0;0.0;0.0;0.0;0.0;0.0;0.0;0.0;1.0;0.0;0.0;0.0;0.0;0.0;0.0;0.0;0.0;0.0;0.0;0.0;0.0;0.0;0.0;0.0;0.0;0.0;0.0;0.0;0.0;0.0;0.0;0.0;0.0;0.0;1.0;1.0;0.0;0.0;0.0;1.0;0;3;0;0;ASTORGA;REGIÃO NORTE;66;4433.0;4743.0;6090.0;6572.0;6300.0;5332.0;3286.0;4500.0;4929.0;5010.0;7285.0;5096.0
8338.5;2024-03-31;18.0;21.0;28.0;31.0;856.0;37.0;2.0;18.0;26.0;681.0;37.0;0.0;37.0;1030.0;47.0;68.0;5;4;4;4;5;5;4;0;0;0;0;0;0;0;0;1;0;0;0;0;0;0;1;0.0;0.0;0.0;0.0;0.0;0.0;0.0;0.0;0.0;1.0;0.0;0.0;0.0;0.0;0.0;0.0;0.0;0.0;0.0;0.0;0.0;0.0;0.0;0.0;0.0;0.0;0.0;0.0;0.0;0.0;0.0;0.0;0.0;0.0;0.0;1.0;1.0;0.0;0.0;0.0;1.0;0;1;0;0;ASTORGA;REGIÃO NORTE;67;7308.0;4433.0;4743.0;6090.0;6572.0;6300.0;5332.0;3286.0;4500.0;4929.0;5010.0;7285.0
4950.0;2024-04-30;15.0;21.0;26.0;29.0;774.0;35.0;4.0;15.0;23.0;622.0;35.0;0.0;35.0;926.0;38.0;120.0;4;4;4;5;4;4;5;1;0;0;0;0;0;0;0;0;0;0;0;0;0;0;1;0.0;0.0;0.0;0.0;0.0;0.0;0.0;0.0;0.0;1.0;0.0;0.0;0.0;0.0;0.0;0.0;0.0;0.0;0.0;0.0;0.0;0.0;0.0;0.0;0.0;0.0;0.0;0.0;0.0;0.0;0.0;0.0;0.0;0.0;0.0;1.0;1.0;0.0;0.0;0.0;1.0;0;0;0;0;ASTORGA;REGIÃO NORTE;68;8338.5;7308.0;4433.0;4743.0;6090.0;6572.0;6300.0;5332.0;3286.0;4500.0;4929.0;5010.0
4061.0;2024-05-31;7.0;13.0;23.0;28.0;716.0;34.0;1.0;7.0;23.0;556.0;34.0;0.0;34.0;876.0;29.0;33.0;4;5;5;4;5;4;4;0;0;0;0;0;0;0;1;0;0;0;0;0;0;0;1;0.0;0.0;0.0;0.0;0.0;0.0;0.0;0.0;0.0;1.0;0.0;0.0;0.0;0.0;0.0;0.0;0.0;0.0;0.0;0.0;0.0;0.0;0.0;0.0;0.0;0.0;0.0;0.0;0.0;0.0;0.0;0.0;0.0;0.0;0.0;1.0;1.0;0.0;0.0;0.0;1.0;0;1;0;30;ASTORGA;REGIÃO NORTE;69;4950.0;8338.5;7308.0;4433.0;4743.0;6090.0;6572.0;6300.0;5332.0;3286.0;4500.0;4929.0
4410.0;2024-06-30;11.0;17.0;23.0;25.0;689.0;32.0;0.0;11.0;20.0;503.0;32.0;0.0;32.0;876.0;3.0;4.0;5;4;4;4;4;5;4;0;0;0;0;0;0;1;0;0;0;0;0;0;0;0;1;0.0;0.0;0.0;0.0;0.0;0.0;0.0;0.0;0.0;1.0;0.0;0.0;0.0;0.0;0.0;0.0;0.0;0.0;0.0;0.0;0.0;0.0;0.0;0.0;0.0;0.0;0.0;0.0;0.0;0.0;0.0;0.0;0.0;0.0;0.0;1.0;1.0;0.0;0.0;0.0;1.0;0;0;0;30;ASTORGA;REGIÃO NORTE;70;4061.0;4950.0;8338.5;7308.0;4433.0;4743.0;6090.0;6572.0;6300.0;5332.0;3286.0;4500.0
5549.0;2024-07-31;8.0;10.0;18.0;23.0;564.0;29.0;3.0;8.0;19.0;431.0;29.0;0.0;29.0;696.0;41.0;88.0;4;5;4;5;4;4;5;0;0;0;0;0;1;0;0;0;0;0;0;0;0;0;1;0.0;0.0;0.0;0.0;0.0;0.0;0.0;0.0;0.0;1.0;0.0;0.0;0.0;0.0;0.0;0.0;0.0;0.0;0.0;0.0;0.0;0.0;0.0;0.0;0.0;0.0;0.0;0.0;0.0;0.0;0.0;0.0;0.0;0.0;0.0;1.0;1.0;0.0;0.0;0.0;1.0;12;0;0;0;ASTORGA;REGIÃO NORTE;71;4410.0;4061.0;4950.0;8338.5;7308.0;4433.0;4743.0;6090.0;6572.0;6300.0;5332.0;3286.0
6758.0;2024-08-31;4.0;12.0;20.0;27.0;633.0;36.0;1.0;4.0;22.0;447.0;36.0;0.0;36.0;818.0;19.0;46.0;4;4;5;4;5;5;4;0;1;0;0;0;0;0;0;0;0;0;0;0;0;0;1;0.0;0.0;0.0;0.0;0.0;0.0;0.0;0.0;0.0;1.0;0.0;0.0;0.0;0.0;0.0;0.0;0.0;0.0;0.0;0.0;0.0;0.0;0.0;0.0;0.0;0.0;0.0;0.0;0.0;0.0;0.0;0.0;0.0;0.0;0.0;1.0;1.0;0.0;0.0;0.0;1.0;0;0;0;0;ASTORGA;REGIÃO NORTE;72;5549.0;4410.0;4061.0;4950.0;8338.5;7308.0;4433.0;4743.0;6090.0;6572.0;6300.0;5332.0
8040.0;2024-09-30;12.0;18.0;24.0;29.0;713.0;38.0;1.0;12.0;21.0;503.0;38.0;0.0;38.0;923.0;26.0;43.0;5;4;4;5;4;4;4;0;0;0;0;0;0;0;0;0;0;0;1;0;0;0;1;0.0;0.0;0.0;0.0;0.0;0.0;0.0;0.0;0.0;1.0;0.0;0.0;0.0;0.0;0.0;0.0;0.0;0.0;0.0;0.0;0.0;0.0;0.0;0.0;0.0;0.0;0.0;0.0;0.0;0.0;0.0;0.0;0.0;0.0;0.0;1.0;1.0;0.0;0.0;0.0;1.0;0;0;0;0;ASTORGA;REGIÃO NORTE;73;6758.0;5549.0;4410.0;4061.0;4950.0;8338.5;7308.0;4433.0;4743.0;6090.0;6572.0;6300.0
8338.5;2024-10-31;16.0;21.0;25.0;31.0;776.0;37.0;4.0;16.0;26.0;631.0;37.0;0.0;37.0;921.0;28.0;112.0;4;5;5;4;4;4;5;0;0;0;0;0;0;0;0;0;0;1;0;0;0;0;1;0.0;0.0;0.0;0.0;0.0;0.0;0.0;0.0;0.0;1.0;0.0;0.0;0.0;0.0;0.0;0.0;0.0;0.0;0.0;0.0;0.0;0.0;0.0;0.0;0.0;0.0;0.0;0.0;0.0;0.0;0.0;0.0;0.0;0.0;0.0;1.0;1.0;0.0;0.0;0.0;1.0;0;0;0;0;ASTORGA;REGIÃO NORTE;74;8040.0;6758.0;5549.0;4410.0;4061.0;4950.0;8338.5;7308.0;4433.0;4743.0;6090.0;6572.0
2620.0;2016-04-30;2.0;8.0;22.0;26.0;652.0;32.0;3.0;2.0;21.0;499.0;32.0;0.0;32.0;806.0;56.0;95.0;4;4;4;4;5;5;4;1;0;0;0;0;0;0;0;0;0;0;0;0;0;0;0;0.0;1.0;0.0;0.0;0.0;0.0;0.0;0.0;0.0;0.0;1.0;0.0;0.0;0.0;0.0;0.0;0.0;0.0;0.0;0.0;0.0;0.0;0.0;0.0;0.0;0.0;0.0;0.0;0.0;0.0;0.0;0.0;0.0;0.0;0.0;1.0;0.0;0.0;0.0;0.0;0.0;0;0;0;0;BARRACÃO;REGIÃO SUL;1;2718.0;2091.0;1104.75;2078.0;1914.0;1964.0;2520.0;2634.0;2454.0;2508.0;2510.0;2400.0
2490.0;2016-05-31;2.0;9.0;15.0;20.0;457.0;25.0;4.0;2.0;15.0;330.0;25.0;0.0;25.0;584.0;28.0;120.0;5;4;4;5;4;4;5;0;0;0;0;0;0;0;1;0;0;0;0;0;0;0;0;0.0;1.0;0.0;0.0;0.0;0.0;0.0;0.0;0.0;0.0;1.0;0.0;0.0;0.0;0.0;0.0;0.0;0.0;0.0;0.0;0.0;0.0;0.0;0.0;0.0;0.0;0.0;0.0;0.0;0.0;0.0;0.0;0.0;0.0;0.0;1.0;0.0;0.0;0.0;0.0;0.0;0;1;0;0;BARRACÃO;REGIÃO SUL;2;2620.0;2718.0;2091.0;1104.75;2078.0;1914.0;1964.0;2520.0;2634.0;2454.0;2508.0;2510.0
3085.0;2016-06-30;-1.0;6.0;12.0;19.0;360.0;26.0;1.0;-1.0;13.0;203.0;26.0;0.0;26.0;518.0;24.0;37.0;4;5;5;4;4;4;4;0;0;0;0;0;0;1;0;0;0;0;0;0;0;0;0;0.0;1.0;0.0;0.0;0.0;0.0;0.0;0.0;0.0;0.0;1.0;0.0;0.0;0.0;0.0;0.0;0.0;0.0;0.0;0.0;0.0;0.0;0.0;0.0;0.0;0.0;0.0;0.0;0.0;0.0;0.0;0.0;0.0;0.0;0.0;1.0;0.0;0.0;0.0;0.0;0.0;0;0;0;0;BARRACÃO;REGIÃO SUL;3;2490.0;2620.0;2718.0;2091.0;1104.75;2078.0;1914.0;1964.0;2520.0;2634.0;2454.0;2508.0
3275.0;2016-07-31;-1.0;4.0;15.0;22.0;456.0;28.0;3.0;-1.0;18.0;273.0;28.0;0.0;28.0;639.0;24.0;104.0;5;4;4;4;5;5;4;0;0;0;0;0;1;0;0;0;0;0;0;0;0;0;0;0.0;1.0;0.0;0.0;0.0;0.0;0.0;0.0;0.0;0.0;1.0;0.0;0.0;0.0;0.0;0.0;0.0;0.0;0.0;0.0;0.0;0.0;0.0;0.0;0.0;0.0;0.0;0.0;0.0;0.0;0.0;0.0;0.0;0.0;0.0;1.0;0.0;0.0;0.0;0.0;0.0;14;0;0;0;BARRACÃO;REGIÃO SUL;4;3085.0;2490.0;2620.0;2718.0;2091.0;1104.75;2078.0;1914.0;1964.0;2520.0;2634.0;2454.0
3037.0;2016-08-31;2.0;9.0;16.0;23.0;511.0;31.0;12.0;2.0;16.0;338.0;31.0;0.0;31.0;683.0;131.0;364.0;4;5;4;5;4;4;5;0;1;0;0;0;0;0;0;0;0;0;0;0;0;0;0;0.0;1.0;0.0;0.0;0.0;0.0;0.0;0.0;0.0;0.0;1.0;0.0;0.0;0.0;0.0;0.0;0.0;0.0;0.0;0.0;0.0;0.0;0.0;0.0;0.0;0.0;0.0;0.0;0.0;0.0;0.0;0.0;0.0;0.0;0.0;1.0;0.0;0.0;0.0;0.0;0.0;0;0;0;0;BARRACÃO;REGIÃO SUL;5;3275.0;3085.0;2490.0;2620.0;2718.0;2091.0;1104.75;2078.0;1914.0;1964.0;2520.0;2634.0
2639.0;2016-09-30;2.0;10.0;17.0;22.0;500.0;32.0;4.0;2.0;19.0;295.0;32.0;0.0;32.0;705.0;72.0;118.0;4;4;5;4;5;4;4;0;0;0;0;0;0;0;0;0;0;0;1;0;0;0;0;0.0;1.0;0.0;0.0;0.0;0.0;0.0;0.0;0.0;0.0;1.0;0.0;0.0;0.0;0.0;0.0;0.0;0.0;0.0;0.0;0.0;0.0;0.0;0.0;0.0;0.0;0.0;0.0;0.0;0.0;0.0;0.0;0.0;0.0;0.0;1.0;0.0;0.0;0.0;0.0;0.0;0;0;0;0;BARRACÃO;REGIÃO SUL;6;3037.0;3275.0;3085.0;2490.0;2620.0;2718.0;2091.0;1104.75;2078.0;1914.0;1964.0;2520.0
2448.0;2016-10-31;5.0;13.0;19.0;26.0;602.0;33.0;9.0;5.0;20.0;428.0;33.0;0.0;33.0;775.0;54.0;293.0;5;4;4;5;4;5;4;0;0;0;0;0;0;0;0;0;0;1;0;0;0;0;0;0.0;1.0;0.0;0.0;0.0;0.0;0.0;0.0;0.0;0.0;1.0;0.0;0.0;0.0;0.0;0.0;0.0;0.0;0.0;0.0;0.0;0.0;0.0;0.0;0.0;0.0;0.0;0.0;0.0;0.0;0.0;0.0;0.0;0.0;0.0;1.0;0.0;0.0;0.0;0.0;0.0;0;0;0;0;BARRACÃO;REGIÃO SUL;7;2639.0;3037.0;3275.0;3085.0;2490.0;2620.0;2718.0;2091.0;1104.75;2078.0;1914.0;1964.0
2532.0;2016-11-30;6.0;14.0;20.0;24.0;612.0;32.0;3.0;6.0;20.0;422.0;32.0;0.0;32.0;802.0;47.0;92.0;4;5;4;4;4;4;5;0;0;0;0;0;0;0;0;0;1;0;0;0;0;0;0;0.0;1.0;0.0;0.0;0.0;0.0;0.0;0.0;0.0;0.0;1.0;0.0;0.0;0.0;0.0;0.0;0.0;0.0;0.0;0.0;0.0;0.0;0.0;0.0;0.0;0.0;0.0;0.0;0.0;0.0;0.0;0.0;0.0;0.0;0.0;1.0;0.0;0.0;0.0;0.0;0.0;0;0;0;0;BARRACÃO;REGIÃO SUL;8;2448.0;2639.0;3037.0;3275.0;3085.0;2490.0;2620.0;2718.0;2091.0;1104.75;2078.0;1914.0
2370.0;2016-12-31;9.0;18.0;22.0;26.0;680.0;31.0;6.0;9.0;20.0;529.0;31.0;0.0;31.0;832.0;83.0;200.0;4;4;5;4;5;5;4;0;0;1;0;0;0;0;0;0;0;0;0;0;0;0;0;0.0;1.0;0.0;0.0;0.0;0.0;0.0;0.0;0.0;0.0;1.0;0.0;0.0;0.0;0.0;0.0;0.0;0.0;0.0;0.0;0.0;0.0;0.0;0.0;0.0;0.0;0.0;0.0;0.0;0.0;0.0;0.0;0.0;0.0;0.0;1.0;0.0;0.0;0.0;0.0;0.0;0;0;0;0;BARRACÃO;REGIÃO SUL;9;2532.0;2448.0;2639.0;3037.0;3275.0;3085.0;2490.0;2620.0;2718.0;2091.0;1104.75;2078.0
1778.0;2017-01-31;12.0;17.0;23.0;26.0;723.0;32.0;2.0;12.0;20.0;558.0;32.0;0.0;32.0;889.0;11.0;77.0;5;4;4;5;4;4;5;0;0;0;0;1;0;0;0;0;0;0;0;0;0;0;0;0.0;0.0;1.0;0.0;0.0;0.0;0.0;0.0;0.0;0.0;1.0;0.0;0.0;0.0;0.0;0.0;0.0;0.0;0.0;0.0;0.0;0.0;0.0;0.0;0.0;0.0;0.0;0.0;0.0;0.0;0.0;0.0;0.0;0.0;0.0;1.0;0.0;0.0;0.0;0.0;0.0;31;0;0;0;BARRACÃO;REGIÃO SUL;10;2370.0;2532.0;2448.0;2639.0;3037.0;3275.0;3085.0;2490.0;2620.0;2718.0;2091.0;1104.75
2504.0;2017-02-28;13.0;20.0;24.0;26.0;662.0;34.0;3.0;13.0;21.0;511.0;34.0;0.0;34.0;812.0;40.0;91.0;4;4;4;4;4;4;4;0;0;0;1;0;0;0;0;0;0;0;0;0;0;0;0;0.0;0.0;1.0;0.0;0.0;0.0;0.0;0.0;0.0;0.0;1.0;0.0;0.0;0.0;0.0;0.0;0.0;0.0;0.0;0.0;0.0;0.0;0.0;0.0;0.0;0.0;0.0;0.0;0.0;0.0;0.0;0.0;0.0;0.0;0.0;1.0;0.0;0.0;0.0;0.0;0.0;0;2;0;0;BARRACÃO;REGIÃO SUL;11;1778.0;2370.0;2532.0;2448.0;2639.0;3037.0;3275.0;3085.0;2490.0;2620.0;2718.0;2091.0
2973.0;2017-03-31;11.0;16.0;22.0;27.0;683.0;33.0;4.0;11.0;21.0;527.0;33.0;0.0;33.0;839.0;60.0;125.0;4;5;5;4;5;4;4;0;0;0;0;0;0;0;0;1;0;0;0;0;0;0;0;0.0;0.0;1.0;0.0;0.0;0.0;0.0;0.0;0.0;0.0;1.0;0.0;0.0;0.0;0.0;0.0;0.0;0.0;0.0;0.0;0.0;0.0;0.0;0.0;0.0;0.0;0.0;0.0;0.0;0.0;0.0;0.0;0.0;0.0;0.0;1.0;0.0;0.0;0.0;0.0;0.0;0;1;0;0;BARRACÃO;REGIÃO SUL;12;2504.0;1778.0;2370.0;2532.0;2448.0;2639.0;3037.0;3275.0;3085.0;2490.0;2620.0;2718.0
2290.0;2017-04-30;5.0;11.0;19.0;23.0;568.0;27.0;6.0;5.0;20.0;439.0;27.0;0.0;27.0;695.0;50.0;191.0;5;4;4;4;4;5;4;1;0;0;0;0;0;0;0;0;0;0;0;0;0;0;0;0.0;0.0;1.0;0.0;0.0;0.0;0.0;0.0;0.0;0.0;1.0;0.0;0.0;0.0;0.0;0.0;0.0;0.0;0.0;0.0;0.0;0.0;0.0;0.0;0.0;0.0;0.0;0.0;0.0;0.0;0.0;0.0;0.0;0.0;0.0;1.0;0.0;0.0;0.0;0.0;0.0;0;1;0;0;BARRACÃO;REGIÃO SUL;13;2973.0;2504.0;1778.0;2370.0;2532.0;2448.0;2639.0;3037.0;3275.0;3085.0;2490.0;2620.0
2587.0;2017-05-31;8.0;14.0;18.0;23.0;544.0;27.0;5.0;8.0;19.0;421.0;27.0;0.0;27.0;667.0;50.0;144.0;4;5;4;5;4;4;5;0;0;0;0;0;0;0;1;0;0;0;0;0;0;0;0;0.0;0.0;1.0;0.0;0.0;0.0;0.0;0.0;0.0;0.0;1.0;0.0;0.0;0.0;0.0;0.0;0.0;0.0;0.0;0.0;0.0;0.0;0.0;0.0;0.0;0.0;0.0;0.0;0.0;0.0;0.0;0.0;0.0;0.0;0.0;1.0;0.0;0.0;0.0;0.0;0.0;0;0;0;0;BARRACÃO;REGIÃO SUL;14;2290.0;2973.0;2504.0;1778.0;2370.0;2532.0;2448.0;2639.0;3037.0;3275.0;3085.0;2490.0
2438.0;2017-06-30;1.0;7.0;15.0;21.0;461.0;27.0;2.0;1.0;16.0;312.0;27.0;0.0;27.0;610.0;47.0;62.0;4;4;5;4;5;4;4;0;0;0;0;0;0;1;0;0;0;0;0;0;0;0;0;0.0;0.0;1.0;0.0;0.0;0.0;0.0;0.0;0.0;0.0;1.0;0.0;0.0;0.0;0.0;0.0;0.0;0.0;0.0;0.0;0.0;0.0;0.0;0.0;0.0;0.0;0.0;0.0;0.0;0.0;0.0;0.0;0.0;0.0;0.0;1.0;0.0;0.0;0.0;0.0;0.0;0;1;0;0;BARRACÃO;REGIÃO SUL;15;2587.0;2290.0;2973.0;2504.0;1778.0;2370.0;2532.0;2448.0;2639.0;3037.0;3275.0;3085.0
2193.0;2017-07-31;-3.0;3.0;16.0;20.0;483.0;28.0;0.0;-3.0;15.0;269.0;28.0;0.0;28.0;698.0;3.0;5.0;5;4;4;5;4;5;4;0;0;0;0;0;1;0;0;0;0;0;0;0;0;0;0;0.0;0.0;1.0;0.0;0.0;0.0;0.0;0.0;0.0;0.0;1.0;0.0;0.0;0.0;0.0;0.0;0.0;0.0;0.0;0.0;0.0;0.0;0.0;0.0;0.0;0.0;0.0;0.0;0.0;0.0;0.0;0.0;0.0;0.0;0.0;1.0;0.0;0.0;0.0;0.0;0.0;16;0;0;0;BARRACÃO;REGIÃO SUL;16;2438.0;2587.0;2290.0;2973.0;2504.0;1778.0;2370.0;2532.0;2448.0;2639.0;3037.0;3275.0
2432.0;2017-08-31;4.0;11.0;18.0;23.0;552.0;30.0;9.0;4.0;17.0;364.0;30.0;0.0;30.0;740.0;88.0;294.0;4;5;5;4;4;4;5;0;1;0;0;0;0;0;0;0;0;0;0;0;0;0;0;0.0;0.0;1.0;0.0;0.0;0.0;0.0;0.0;0.0;0.0;1.0;0.0;0.0;0.0;0.0;0.0;0.0;0.0;0.0;0.0;0.0;0.0;0.0;0.0;0.0;0.0;0.0;0.0;0.0;0.0;0.0;0.0;0.0;0.0;0.0;1.0;0.0;0.0;0.0;0.0;0.0;0;0;0;0;BARRACÃO;REGIÃO SUL;17;2193.0;2438.0;2587.0;2290.0;2973.0;2504.0;1778.0;2370.0;2532.0;2448.0;2639.0;3037.0
2406.0;2017-09-30;10.0;15.0;22.0;25.0;650.0;34.0;5.0;10.0;17.0;458.0;34.0;0.0;34.0;843.0;57.0;155.0;4;4;4;4;5;5;4;0;0;0;0;0;0;0;0;0;0;0;1;0;0;0;0;0.0;0.0;1.0;0.0;0.0;0.0;0.0;0.0;0.0;0.0;1.0;0.0;0.0;0.0;0.0;0.0;0.0;0.0;0.0;0.0;0.0;0.0;0.0;0.0;0.0;0.0;0.0;0.0;0.0;0.0;0.0;0.0;0.0;0.0;0.0;1.0;0.0;0.0;0.0;0.0;0.0;0;0;0;0;BARRACÃO;REGIÃO SUL;18;2432.0;2193.0;2438.0;2587.0;2290.0;2973.0;2504.0;1778.0;2370.0;2532.0;2448.0;2639.0
2434.0;2017-10-31;6.0;15.0;19.0;27.0;600.0;34.0;22.0;6.0;20.0;440.0;34.0;0.0;34.0;758.0;155.0;681.0;5;4;4;5;4;4;5;0;0;0;0;0;0;0;0;0;0;1;0;0;0;0;0;0.0;0.0;1.0;0.0;0.0;0.0;0.0;0.0;0.0;0.0;1.0;0.0;0.0;0.0;0.0;0.0;0.0;0.0;0.0;0.0;0.0;0.0;0.0;0.0;0.0;0.0;0.0;0.0;0.0;0.0;0.0;0.0;0.0;0.0;0.0;1.0;0.0;0.0;0.0;0.0;0.0;0;0;0;0;BARRACÃO;REGIÃO SUL;19;2406.0;2432.0;2193.0;2438.0;2587.0;2290.0;2973.0;2504.0;1778.0;2370.0;2532.0;2448.0
2364.0;2017-11-30;9.0;15.0;20.0;23.0;588.0;31.0;13.0;9.0;18.0;408.0;31.0;0.0;31.0;769.0;89.0;385.0;4;5;5;4;4;4;4;0;0;0;0;0;0;0;0;0;1;0;0;0;0;0;0;0.0;0.0;1.0;0.0;0.0;0.0;0.0;0.0;0.0;0.0;1.0;0.0;0.0;0.0;0.0;0.0;0.0;0.0;0.0;0.0;0.0;0.0;0.0;0.0;0.0;0.0;0.0;0.0;0.0;0.0;0.0;0.0;0.0;0.0;0.0;1.0;0.0;0.0;0.0;0.0;0.0;0;0;0;0;BARRACÃO;REGIÃO SUL;20;2434.0;2406.0;2432.0;2193.0;2438.0;2587.0;2290.0;2973.0;2504.0;1778.0;2370.0;2532.0
3289.0;2017-12-31;14.0;20.0;23.0;26.0;713.0;33.0;4.0;14.0;21.0;546.0;33.0;0.0;33.0;880.0;45.0;113.0;5;4;4;4;5;5;4;0;0;1;0;0;0;0;0;0;0;0;0;0;0;0;0;0.0;0.0;1.0;0.0;0.0;0.0;0.0;0.0;0.0;0.0;1.0;0.0;0.0;0.0;0.0;0.0;0.0;0.0;0.0;0.0;0.0;0.0;0.0;0.0;0.0;0.0;0.0;0.0;0.0;0.0;0.0;0.0;0.0;0.0;0.0;1.0;0.0;0.0;0.0;0.0;0.0;0;0;0;0;BARRACÃO;REGIÃO SUL;21;2364.0;2434.0;2406.0;2432.0;2193.0;2438.0;2587.0;2290.0;2973.0;2504.0;1778.0;2370.0
2239.0;2018-01-31;15.0;21.0;23.0;24.0;705.0;31.0;7.0;15.0;20.0;561.0;31.0;0.0;31.0;848.0;58.0;211.0;4;5;4;5;4;4;5;0;0;0;0;1;0;0;0;0;0;0;0;0;0;0;0;0.0;0.0;0.0;1.0;0.0;0.0;0.0;0.0;0.0;0.0;1.0;0.0;0.0;0.0;0.0;0.0;0.0;0.0;0.0;0.0;0.0;0.0;0.0;0.0;0.0;0.0;0.0;0.0;0.0;0.0;0.0;0.0;0.0;0.0;0.0;1.0;0.0;0.0;0.0;0.0;0.0;31;0;0;0;BARRACÃO;REGIÃO SUL;22;3289.0;2364.0;2434.0;2406.0;2432.0;2193.0;2438.0;2587.0;2290.0;2973.0;2504.0;1778.0
1648.0;2018-02-28;13.0;20.0;23.0;25.0;634.0;32.0;3.0;13.0;19.0;478.0;32.0;0.0;32.0;791.0;17.0;75.0;4;4;4;4;4;4;4;0;0;0;1;0;0;0;0;0;0;0;0;0;0;0;0;0.0;0.0;0.0;1.0;0.0;0.0;0.0;0.0;0.0;0.0;1.0;0.0;0.0;0.0;0.0;0.0;0.0;0.0;0.0;0.0;0.0;0.0;0.0;0.0;0.0;0.0;0.0;0.0;0.0;0.0;0.0;0.0;0.0;0.0;0.0;2.0;0.0;0.0;0.0;0.0;0.0;0;3;0;0;BARRACÃO;REGIÃO SUL;23;2239.0;3289.0;2364.0;2434.0;2406.0;2432.0;2193.0;2438.0;2587.0;2290.0;2973.0;2504.0
3490.0;2018-03-31;10.0;17.0;22.0;26.0;691.0;32.0;9.0;10.0;22.0;542.0;32.0;0.0;32.0;840.0;44.0;281.0;4;4;5;4;5;5;4;0;0;0;0;0;0;0;0;1;0;0;0;0;0;0;0;0.0;0.0;0.0;1.0;0.0;0.0;0.0;0.0;0.0;0.0;1.0;0.0;0.0;0.0;0.0;0.0;0.0;0.0;0.0;0.0;0.0;0.0;0.0;0.0;0.0;0.0;0.0;0.0;0.0;0.0;0.0;0.0;0.0;0.0;0.0;2.0;0.0;0.0;0.0;0.0;0.0;0;1;0;0;BARRACÃO;REGIÃO SUL;24;1648.0;2239.0;3289.0;2364.0;2434.0;2406.0;2432.0;2193.0;2438.0;2587.0;2290.0;2973.0
2814.0;2018-04-30;13.0;20.0;22.0;24.0;657.0;30.0;1.0;13.0;19.0;483.0;30.0;0.0;30.0;830.0;22.0;26.0;5;4;4;5;4;4;4;1;0;0;0;0;0;0;0;0;0;0;0;0;0;0;0;0.0;0.0;0.0;1.0;0.0;0.0;0.0;0.0;0.0;0.0;1.0;0.0;0.0;0.0;0.0;0.0;0.0;0.0;0.0;0.0;0.0;0.0;0.0;0.0;0.0;0.0;0.0;0.0;0.0;0.0;0.0;0.0;0.0;0.0;0.0;2.0;0.0;0.0;0.0;0.0;0.0;0;0;0;0;BARRACÃO;REGIÃO SUL;25;3490.0;1648.0;2239.0;3289.0;2364.0;2434.0;2406.0;2432.0;2193.0;2438.0;2587.0;2290.0
2862.0;2018-05-31;3.0;8.0;17.0;23.0;530.0;29.0;5.0;3.0;17.0;380.0;29.0;0.0;29.0;681.0;74.0;169.0;4;5;5;4;4;4;5;0;0;0;0;0;0;0;1;0;0;0;0;0;0;0;0;0.0;0.0;0.0;1.0;0.0;0.0;0.0;0.0;0.0;0.0;1.0;0.0;0.0;0.0;0.0;0.0;0.0;0.0;0.0;0.0;0.0;0.0;0.0;0.0;0.0;0.0;0.0;0.0;0.0;0.0;0.0;0.0;0.0;0.0;0.0;2.0;0.0;0.0;0.0;0.0;0.0;0;1;0;0;BARRACÃO;REGIÃO SUL;26;2814.0;3490.0;1648.0;2239.0;3289.0;2364.0;2434.0;2406.0;2432.0;2193.0;2438.0;2587.0
2622.0;2018-06-30;0.0;5.0;14.0;22.0;412.0;25.0;5.0;0.0;20.0;277.0;25.0;0.0;25.0;548.0;47.0;138.0;4;4;4;4;5;5;4;0;0;0;0;0;0;1;0;0;0;0;0;0;0;0;0;0.0;0.0;0.0;1.0;0.0;0.0;0.0;0.0;0.0;0.0;1.0;0.0;0.0;0.0;0.0;0.0;0.0;0.0;0.0;0.0;0.0;0.0;0.0;0.0;0.0;0.0;0.0;0.0;0.0;0.0;0.0;0.0;0.0;0.0;0.0;2.0;0.0;0.0;0.0;0.0;0.0;0;0;0;0;BARRACÃO;REGIÃO SUL;27;2862.0;2814.0;3490.0;1648.0;2239.0;3289.0;2364.0;2434.0;2406.0;2432.0;2193.0;2438.0
2443.0;2018-07-31;2.0;7.0;15.0;22.0;473.0;28.0;0.0;2.0;16.0;311.0;28.0;0.0;28.0;635.0;8.0;15.0;5;4;4;5;4;4;5;0;0;0;0;0;1;0;0;0;0;0;0;0;0;0;0;0.0;0.0;0.0;1.0;0.0;0.0;0.0;0.0;0.0;0.0;1.0;0.0;0.0;0.0;0.0;0.0;0.0;0.0;0.0;0.0;0.0;0.0;0.0;0.0;0.0;0.0;0.0;0.0;0.0;0.0;0.0;0.0;0.0;0.0;0.0;2.0;0.0;0.0;0.0;0.0;0.0;16;0;0;0;BARRACÃO;REGIÃO SUL;28;2622.0;2862.0;2814.0;3490.0;1648.0;2239.0;3289.0;2364.0;2434.0;2406.0;2432.0;2193.0
2607.0;2018-08-31;-0.0;6.0;14.0;22.0;426.0;31.0;3.0;-0.0;16.0;237.0;31.0;0.0;31.0;615.0;28.0;89.0;4;5;5;4;5;4;4;0;1;0;0;0;0;0;0;0;0;0;0;0;0;0;0;0.0;0.0;0.0;1.0;0.0;0.0;0.0;0.0;0.0;0.0;1.0;0.0;0.0;0.0;0.0;0.0;0.0;0.0;0.0;0.0;0.0;0.0;0.0;0.0;0.0;0.0;0.0;0.0;0.0;0.0;0.0;0.0;0.0;0.0;0.0;2.0;0.0;0.0;0.0;0.0;0.0;0;0;0;0;BARRACÃO;REGIÃO SUL;29;2443.0;2622.0;2862.0;2814.0;3490.0;1648.0;2239.0;3289.0;2364.0;2434.0;2406.0;2432.0
2448.0;2018-09-30;5.0;11.0;18.0;26.0;550.0;33.0;10.0;5.0;18.0;385.0;33.0;0.0;33.0;716.0;102.0;307.0;5;4;4;4;4;5;4;0;0;0;0;0;0;0;0;0;0;0;1;0;0;0;0;0.0;0.0;0.0;1.0;0.0;0.0;0.0;0.0;0.0;0.0;1.0;0.0;0.0;0.0;0.0;0.0;0.0;0.0;0.0;0.0;0.0;0.0;0.0;0.0;0.0;0.0;0.0;0.0;0.0;0.0;0.0;0.0;0.0;0.0;0.0;2.0;0.0;0.0;0.0;0.0;0.0;0;0;0;0;BARRACÃO;REGIÃO SUL;30;2607.0;2443.0;2622.0;2862.0;2814.0;3490.0;1648.0;2239.0;3289.0;2364.0;2434.0;2406.0
2634.0;2018-10-31;9.0;15.0;19.0;22.0;589.0;30.0;12.0;9.0;18.0;459.0;30.0;0.0;30.0;718.0;69.0;362.0;4;5;4;5;4;4;5;0;0;0;0;0;0;0;0;0;0;1;0;0;0;0;0;0.0;0.0;0.0;1.0;0.0;0.0;0.0;0.0;0.0;0.0;1.0;0.0;0.0;0.0;0.0;0.0;0.0;0.0;0.0;0.0;0.0;0.0;0.0;0.0;0.0;0.0;0.0;0.0;0.0;0.0;0.0;0.0;0.0;0.0;0.0;2.0;0.0;0.0;0.0;0.0;0.0;0;0;0;0;BARRACÃO;REGIÃO SUL;31;2448.0;2607.0;2443.0;2622.0;2862.0;2814.0;3490.0;1648.0;2239.0;3289.0;2364.0;2434.0
2730.0;2018-11-30;13.0;18.0;22.0;25.0;652.0;32.0;6.0;13.0;20.0;492.0;32.0;0.0;32.0;811.0;50.0;173.0;4;4;5;4;5;4;4;0;0;0;0;0;0;0;0;0;1;0;0;0;0;0;0;0.0;0.0;0.0;1.0;0.0;0.0;0.0;0.0;0.0;0.0;1.0;0.0;0.0;0.0;0.0;0.0;0.0;0.0;0.0;0.0;0.0;0.0;0.0;0.0;0.0;0.0;0.0;0.0;0.0;0.0;0.0;0.0;0.0;0.0;0.0;2.0;0.0;0.0;0.0;0.0;0.0;0;0;0;0;BARRACÃO;REGIÃO SUL;32;2634.0;2448.0;2607.0;2443.0;2622.0;2862.0;2814.0;3490.0;1648.0;2239.0;3289.0;2364.0
2860.0;2018-12-31;9.0;17.0;23.0;26.0;704.0;34.0;3.0;9.0;20.0;508.0;34.0;0.0;34.0;900.0;14.0;88.0;5;4;4;5;4;5;4;0;0;1;0;0;0;0;0;0;0;0;0;0;0;0;0;0.0;0.0;0.0;1.0;0.0;0.0;0.0;0.0;0.0;0.0;1.0;0.0;0.0;0.0;0.0;0.0;0.0;0.0;0.0;0.0;0.0;0.0;0.0;0.0;0.0;0.0;0.0;0.0;0.0;0.0;0.0;0.0;0.0;0.0;0.0;2.0;0.0;0.0;0.0;0.0;0.0;0;0;0;0;BARRACÃO;REGIÃO SUL;33;2730.0;2634.0;2448.0;2607.0;2443.0;2622.0;2862.0;2814.0;3490.0;1648.0;2239.0;3289.0
1878.0;2019-01-31;15.0;21.0;25.0;27.0;772.0;34.0;4.0;15.0;21.0;601.0;34.0;0.0;34.0;944.0;38.0;135.0;4;5;5;4;4;4;5;0;0;0;0;1;0;0;0;0;0;0;0;0;0;0;0;0.0;0.0;0.0;0.0;1.0;0.0;0.0;0.0;0.0;0.0;1.0;0.0;0.0;0.0;0.0;0.0;0.0;0.0;0.0;0.0;0.0;0.0;0.0;0.0;0.0;0.0;0.0;0.0;0.0;0.0;0.0;0.0;0.0;0.0;0.0;2.0;0.0;0.0;0.0;0.0;0.0;31;0;0;0;BARRACÃO;REGIÃO SUL;34;2860.0;2730.0;2634.0;2448.0;2607.0;2443.0;2622.0;2862.0;2814.0;3490.0;1648.0;2239.0
2454.0;2019-02-28;13.0;19.0;23.0;28.0;642.0;34.0;5.0;13.0;21.0;488.0;34.0;0.0;34.0;796.0;39.0;140.0;4;4;4;4;4;4;4;0;0;0;1;0;0;0;0;0;0;0;0;0;0;0;0;0.0;0.0;0.0;0.0;1.0;0.0;0.0;0.0;0.0;0.0;1.0;0.0;0.0;0.0;0.0;0.0;0.0;0.0;0.0;0.0;0.0;0.0;0.0;0.0;0.0;0.0;0.0;0.0;0.0;0.0;0.0;0.0;0.0;0.0;0.0;2.0;0.0;0.0;0.0;0.0;0.0;0;0;0;0;BARRACÃO;REGIÃO SUL;35;1878.0;2860.0;2730.0;2634.0;2448.0;2607.0;2443.0;2622.0;2862.0;2814.0;3490.0;1648.0
2515.0;2019-03-31;11.0;18.0;21.0;25.0;654.0;32.0;6.0;11.0;19.0;495.0;32.0;0.0;32.0;813.0;57.0;179.0;5;4;4;4;5;5;4;0;0;0;0;0;0;0;0;1;0;0;0;0;0;0;0;0.0;0.0;0.0;0.0;1.0;0.0;0.0;0.0;0.0;0.0;1.0;0.0;0.0;0.0;0.0;0.0;0.0;0.0;0.0;0.0;0.0;0.0;0.0;0.0;0.0;0.0;0.0;0.0;0.0;0.0;0.0;0.0;0.0;0.0;0.0;2.0;0.0;0.0;0.0;0.0;0.0;0;3;0;0;BARRACÃO;REGIÃO SUL;36;2454.0;1878.0;2860.0;2730.0;2634.0;2448.0;2607.0;2443.0;2622.0;2862.0;2814.0;3490.0
2658.0;2019-04-30;11.0;16.0;20.0;23.0;609.0;29.0;6.0;11.0;19.0;471.0;29.0;0.0;29.0;746.0;51.0;180.0;4;4;4;5;4;4;5;1;0;0;0;0;0;0;0;0;0;0;0;0;0;0;0;0.0;0.0;0.0;0.0;1.0;0.0;0.0;0.0;0.0;0.0;1.0;0.0;0.0;0.0;0.0;0.0;0.0;0.0;0.0;0.0;0.0;0.0;0.0;0.0;0.0;0.0;0.0;0.0;0.0;0.0;0.0;0.0;0.0;0.0;0.0;2.0;0.0;0.0;0.0;0.0;0.0;0;1;0;0;BARRACÃO;REGIÃO SUL;37;2515.0;2454.0;1878.0;2860.0;2730.0;2634.0;2448.0;2607.0;2443.0;2622.0;2862.0;2814.0
2541.0;2019-05-31;8.0;11.0;18.0;23.0;545.0;27.0;10.0;8.0;18.0;431.0;27.0;0.0;27.0;660.0;94.0;298.0;4;5;5;4;5;4;4;0;0;0;0;0;0;0;1;0;0;0;0;0;0;0;0;0.0;0.0;0.0;0.0;1.0;0.0;0.0;0.0;0.0;0.0;1.0;0.0;0.0;0.0;0.0;0.0;0.0;0.0;0.0;0.0;0.0;0.0;0.0;0.0;0.0;0.0;0.0;0.0;0.0;0.0;0.0;0.0;0.0;0.0;0.0;2.0;0.0;0.0;0.0;0.0;0.0;0;0;0;0;BARRACÃO;REGIÃO SUL;38;2658.0;2515.0;2454.0;1878.0;2860.0;2730.0;2634.0;2448.0;2607.0;2443.0;2622.0;2862.0
2358.0;2019-06-30;5.0;9.0;18.0;22.0;533.0;28.0;2.0;5.0;16.0;371.0;28.0;0.0;28.0;695.0;53.0;57.0;5;4;4;4;4;5;4;0;0;0;0;0;0;1;0;0;0;0;0;0;0;0;0;0.0;0.0;0.0;0.0;1.0;0.0;0.0;0.0;0.0;0.0;1.0;0.0;0.0;0.0;0.0;0.0;0.0;0.0;0.0;0.0;0.0;0.0;0.0;0.0;0.0;0.0;0.0;0.0;0.0;0.0;0.0;0.0;0.0;0.0;0.0;2.0;0.0;0.0;0.0;0.0;0.0;0;1;0;0;BARRACÃO;REGIÃO SUL;39;2541.0;2658.0;2515.0;2454.0;1878.0;2860.0;2730.0;2634.0;2448.0;2607.0;2443.0;2622.0
2373.0;2019-07-31;-4.0;3.0;14.0;22.0;421.0;26.0;1.0;-4.0;17.0;264.0;26.0;0.0;26.0;579.0;10.0;46.0;4;5;4;5;4;4;5;0;0;0;0;0;1;0;0;0;0;0;0;0;0;0;0;0.0;0.0;0.0;0.0;1.0;0.0;0.0;0.0;0.0;0.0;1.0;0.0;0.0;0.0;0.0;0.0;0.0;0.0;0.0;0.0;0.0;0.0;0.0;0.0;0.0;0.0;0.0;0.0;0.0;0.0;0.0;0.0;0.0;0.0;0.0;2.0;0.0;0.0;0.0;0.0;0.0;16;0;0;0;BARRACÃO;REGIÃO SUL;40;2358.0;2541.0;2658.0;2515.0;2454.0;1878.0;2860.0;2730.0;2634.0;2448.0;2607.0;2443.0
2469.0;2019-08-31;-1.0;6.0;16.0;22.0;508.0;31.0;1.0;-1.0;16.0;297.0;31.0;0.0;31.0;718.0;13.0;19.0;4;4;5;4;5;5;4;0;1;0;0;0;0;0;0;0;0;0;0;0;0;0;0;0.0;0.0;0.0;0.0;1.0;0.0;0.0;0.0;0.0;0.0;1.0;0.0;0.0;0.0;0.0;0.0;0.0;0.0;0.0;0.0;0.0;0.0;0.0;0.0;0.0;0.0;0.0;0.0;0.0;0.0;0.0;0.0;0.0;0.0;0.0;2.0;0.0;0.0;0.0;0.0;0.0;0;0;0;0;BARRACÃO;REGIÃO SUL;41;2373.0;2358.0;2541.0;2658.0;2515.0;2454.0;1878.0;2860.0;2730.0;2634.0;2448.0;2607.0
2874.0;2019-09-30;4.0;14.0;20.0;27.0;603.0;35.0;2.0;4.0;19.0;409.0;35.0;0.0;35.0;798.0;30.0;52.0;5;4;4;5;4;4;4;0;0;0;0;0;0;0;0;0;0;0;1;0;0;0;0;0.0;0.0;0.0;0.0;1.0;0.0;0.0;0.0;0.0;0.0;1.0;0.0;0.0;0.0;0.0;0.0;0.0;0.0;0.0;0.0;0.0;0.0;0.0;0.0;0.0;0.0;0.0;0.0;0.0;0.0;0.0;0.0;0.0;0.0;0.0;2.0;0.0;0.0;0.0;0.0;0.0;0;0;0;0;BARRACÃO;REGIÃO SUL;42;2469.0;2373.0;2358.0;2541.0;2658.0;2515.0;2454.0;1878.0;2860.0;2730.0;2634.0;2448.0
3317.0;2019-10-31;9.0;16.0;23.0;28.0;700.0;36.0;4.0;9.0;22.0;512.0;36.0;0.0;36.0;887.0;25.0;116.0;4;5;5;4;4;4;5;0;0;0;0;0;0;0;0;0;0;1;0;0;0;0;0;0.0;0.0;0.0;0.0;1.0;0.0;0.0;0.0;0.0;0.0;1.0;0.0;0.0;0.0;0.0;0.0;0.0;0.0;0.0;0.0;0.0;0.0;0.0;0.0;0.0;0.0;0.0;0.0;0.0;0.0;0.0;0.0;0.0;0.0;0.0;2.0;0.0;0.0;0.0;0.0;0.0;0;0;0;0;BARRACÃO;REGIÃO SUL;43;2874.0;2469.0;2373.0;2358.0;2541.0;2658.0;2515.0;2454.0;1878.0;2860.0;2730.0;2634.0
3145.0;2019-11-30;11.0;19.0;23.0;26.0;687.0;32.0;7.0;11.0;20.0;523.0;32.0;0.0;32.0;850.0;92.0;208.0;4;4;4;4;5;5;4;0;0;0;0;0;0;0;0;0;1;0;0;0;0;0;0;0.0;0.0;0.0;0.0;1.0;0.0;0.0;0.0;0.0;0.0;1.0;0.0;0.0;0.0;0.0;0.0;0.0;0.0;0.0;0.0;0.0;0.0;0.0;0.0;0.0;0.0;0.0;0.0;0.0;0.0;0.0;0.0;0.0;0.0;0.0;2.0;0.0;0.0;0.0;0.0;0.0;0;0;0;0;BARRACÃO;REGIÃO SUL;44;3317.0;2874.0;2469.0;2373.0;2358.0;2541.0;2658.0;2515.0;2454.0;1878.0;2860.0;2730.0
2794.0;2019-12-31;10.0;18.0;22.0;26.0;672.0;33.0;4.0;10.0;21.0;498.0;33.0;0.0;33.0;845.0;52.0;126.0;5;4;4;5;4;4;5;0;0;1;0;0;0;0;0;0;0;0;0;0;0;0;0;0.0;0.0;0.0;0.0;1.0;0.0;0.0;0.0;0.0;0.0;1.0;0.0;0.0;0.0;0.0;0.0;0.0;0.0;0.0;0.0;0.0;0.0;0.0;0.0;0.0;0.0;0.0;0.0;0.0;0.0;0.0;0.0;0.0;0.0;0.0;2.0;0.0;0.0;0.0;0.0;0.0;0;0;0;0;BARRACÃO;REGIÃO SUL;45;3145.0;3317.0;2874.0;2469.0;2373.0;2358.0;2541.0;2658.0;2515.0;2454.0;1878.0;2860.0
2529.0;2020-01-31;15.0;18.0;23.0;25.0;727.0;32.0;6.0;15.0;21.0;574.0;32.0;0.0;32.0;881.0;81.0;201.0;4;5;5;4;5;4;4;0;0;0;0;1;0;0;0;0;0;0;0;0;0;0;0;0.0;0.0;0.0;0.0;0.0;1.0;0.0;0.0;0.0;0.0;1.0;0.0;0.0;0.0;0.0;0.0;0.0;0.0;0.0;0.0;0.0;0.0;0.0;0.0;0.0;0.0;0.0;0.0;0.0;0.0;0.0;0.0;0.0;0.0;0.0;2.0;0.0;0.0;0.0;0.0;0.0;31;0;0;0;BARRACÃO;REGIÃO SUL;46;2794.0;3145.0;3317.0;2874.0;2469.0;2373.0;2358.0;2541.0;2658.0;2515.0;2454.0;1878.0
2539.0;2020-02-29;10.0;17.0;23.0;26.0;674.0;33.0;6.0;10.0;21.0;511.0;33.0;0.0;33.0;837.0;92.0;166.0;4;4;4;4;4;5;4;0;0;0;1;0;0;0;0;0;0;0;0;0;0;0;0;0.0;0.0;0.0;0.0;0.0;1.0;0.0;0.0;0.0;0.0;1.0;0.0;0.0;0.0;0.0;0.0;0.0;0.0;0.0;0.0;0.0;0.0;0.0;0.0;0.0;0.0;0.0;0.0;0.0;0.0;0.0;0.0;0.0;0.0;0.0;2.0;0.0;0.0;0.0;0.0;0.0;0;3;0;0;BARRACÃO;REGIÃO SUL;47;2529.0;2794.0;3145.0;3317.0;2874.0;2469.0;2373.0;2358.0;2541.0;2658.0;2515.0;2454.0
2543.0;2020-03-31;12.0;19.0;23.0;27.0;711.0;34.0;2.0;12.0;20.0;512.0;34.0;0.0;34.0;910.0;49.0;58.0;5;4;4;5;4;4;5;0;0;0;0;0;0;0;0;1;0;0;0;0;0;0;0;0.0;0.0;0.0;0.0;0.0;1.0;0.0;0.0;0.0;0.0;1.0;0.0;0.0;0.0;0.0;0.0;0.0;0.0;0.0;0.0;0.0;0.0;0.0;0.0;0.0;0.0;0.0;0.0;0.0;0.0;0.0;0.0;0.0;0.0;0.0;2.0;0.0;0.0;0.0;0.0;0.0;0;0;15;0;BARRACÃO;REGIÃO SUL;48;2539.0;2529.0;2794.0;3145.0;3317.0;2874.0;2469.0;2373.0;2358.0;2541.0;2658.0;2515.0
2388.0;2020-04-30;3.0;11.0;18.0;25.0;551.0;32.0;2.0;3.0;19.0;347.0;32.0;0.0;32.0;755.0;42.0;64.0;4;5;5;4;4;4;4;1;0;0;0;0;0;0;0;0;0;0;0;0;0;0;0;0.0;0.0;0.0;0.0;0.0;1.0;0.0;0.0;0.0;0.0;1.0;0.0;0.0;0.0;0.0;0.0;0.0;0.0;0.0;0.0;0.0;0.0;0.0;0.0;0.0;0.0;0.0;0.0;0.0;0.0;0.0;0.0;0.0;0.0;0.0;2.0;0.0;0.0;0.0;0.0;0.0;0;1;30;0;BARRACÃO;REGIÃO SUL;49;2543.0;2539.0;2529.0;2794.0;3145.0;3317.0;2874.0;2469.0;2373.0;2358.0;2541.0;2658.0
2288.0;2020-05-31;2.0;9.0;15.0;20.0;460.0;27.0;9.0;2.0;17.0;278.0;27.0;0.0;27.0;642.0;148.0;277.0;5;4;4;4;5;5;4;0;0;0;0;0;0;0;1;0;0;0;0;0;0;0;0;0.0;0.0;0.0;0.0;0.0;1.0;0.0;0.0;0.0;0.0;1.0;0.0;0.0;0.0;0.0;0.0;0.0;0.0;0.0;0.0;0.0;0.0;0.0;0.0;0.0;0.0;0.0;0.0;0.0;0.0;0.0;0.0;0.0;0.0;0.0;2.0;0.0;0.0;0.0;0.0;0.0;0;0;31;0;BARRACÃO;REGIÃO SUL;50;2388.0;2543.0;2539.0;2529.0;2794.0;3145.0;3317.0;2874.0;2469.0;2373.0;2358.0;2541.0
1104.75;2020-06-30;3.0;9.0;17.0;23.0;502.0;28.0;6.0;3.0;19.0;357.0;28.0;0.0;28.0;648.0;62.0;174.0;4;4;4;5;4;4;5;0;0;0;0;0;0;1;0;0;0;0;0;0;0;0;0;0.0;0.0;0.0;0.0;0.0;1.0;0.0;0.0;0.0;0.0;1.0;0.0;0.0;0.0;0.0;0.0;0.0;0.0;0.0;0.0;0.0;0.0;0.0;0.0;0.0;0.0;0.0;0.0;0.0;0.0;0.0;0.0;0.0;0.0;0.0;2.0;0.0;0.0;0.0;0.0;0.0;0;1;30;0;BARRACÃO;REGIÃO SUL;51;2288.0;2388.0;2543.0;2539.0;2529.0;2794.0;3145.0;3317.0;2874.0;2469.0;2373.0;2358.0
1996.0;2020-07-31;1.0;8.0;16.0;22.0;485.0;27.0;8.0;1.0;17.0;338.0;27.0;0.0;27.0;632.0;72.0;245.0;4;5;5;4;5;4;4;0;0;0;0;0;1;0;0;0;0;0;0;0;0;0;0;0.0;0.0;0.0;0.0;0.0;1.0;0.0;0.0;0.0;0.0;1.0;0.0;0.0;0.0;0.0;0.0;0.0;0.0;0.0;0.0;0.0;0.0;0.0;0.0;0.0;0.0;0.0;0.0;0.0;0.0;0.0;0.0;0.0;0.0;0.0;2.0;0.0;0.0;0.0;0.0;0.0;0;0;31;0;BARRACÃO;REGIÃO SUL;52;1104.75;2288.0;2388.0;2543.0;2539.0;2529.0;2794.0;3145.0;3317.0;2874.0;2469.0;2373.0
2429.0;2020-08-31;-1.0;5.0;18.0;25.0;557.0;31.0;10.0;-1.0;19.0;404.0;31.0;0.0;31.0;711.0;97.0;305.0;5;4;4;5;4;5;4;0;1;0;0;0;0;0;0;0;0;0;0;0;0;0;0;0.0;0.0;0.0;0.0;0.0;1.0;0.0;0.0;0.0;0.0;1.0;0.0;0.0;0.0;0.0;0.0;0.0;0.0;0.0;0.0;0.0;0.0;0.0;0.0;0.0;0.0;0.0;0.0;0.0;0.0;0.0;0.0;0.0;0.0;0.0;2.0;0.0;0.0;0.0;0.0;0.0;0;0;31;0;BARRACÃO;REGIÃO SUL;53;1996.0;1104.75;2288.0;2388.0;2543.0;2539.0;2529.0;2794.0;3145.0;3317.0;2874.0;2469.0
2112.0;2020-09-30;9.0;15.0;22.0;30.0;652.0;37.0;2.0;9.0;23.0;480.0;37.0;0.0;37.0;824.0;8.0;46.0;4;5;4;4;4;4;5;0;0;0;0;0;0;0;0;0;0;0;1;0;0;0;0;0.0;0.0;0.0;0.0;0.0;1.0;0.0;0.0;0.0;0.0;1.0;0.0;0.0;0.0;0.0;0.0;0.0;0.0;0.0;0.0;0.0;0.0;0.0;0.0;0.0;0.0;0.0;0.0;0.0;0.0;0.0;0.0;0.0;0.0;0.0;2.0;0.0;0.0;0.0;0.0;0.0;0;0;30;0;BARRACÃO;REGIÃO SUL;54;2429.0;1996.0;1104.75;2288.0;2388.0;2543.0;2539.0;2529.0;2794.0;3145.0;3317.0;2874.0
1227.0;2020-10-31;10.0;17.0;23.0;30.0;719.0;36.0;2.0;10.0;24.0;534.0;36.0;0.0;36.0;904.0;22.0;67.0;4;4;5;4;5;5;4;0;0;0;0;0;0;0;0;0;0;1;0;0;0;0;0;0.0;0.0;0.0;0.0;0.0;1.0;0.0;0.0;0.0;0.0;1.0;0.0;0.0;0.0;0.0;0.0;0.0;0.0;0.0;0.0;0.0;0.0;0.0;0.0;0.0;0.0;0.0;0.0;0.0;0.0;0.0;0.0;0.0;0.0;0.0;2.0;0.0;0.0;0.0;0.0;0.0;0;0;31;0;BARRACÃO;REGIÃO SUL;55;2112.0;2429.0;1996.0;1104.75;2288.0;2388.0;2543.0;2539.0;2529.0;2794.0;3145.0;3317.0
2124.0;2020-11-30;10.0;18.0;22.0;28.0;674.0;35.0;2.0;10.0;22.0;493.0;35.0;0.0;35.0;855.0;24.0;60.0;5;4;4;5;4;4;4;0;0;0;0;0;0;0;0;0;1;0;0;0;0;0;0;0.0;0.0;0.0;0.0;0.0;1.0;0.0;0.0;0.0;0.0;1.0;0.0;0.0;0.0;0.0;0.0;0.0;0.0;0.0;0.0;0.0;0.0;0.0;0.0;0.0;0.0;0.0;0.0;0.0;0.0;0.0;0.0;0.0;0.0;0.0;2.0;0.0;0.0;0.0;0.0;0.0;0;0;30;0;BARRACÃO;REGIÃO SUL;56;1227.0;2112.0;2429.0;1996.0;1104.75;2288.0;2388.0;2543.0;2539.0;2529.0;2794.0;3145.0
2030.0;2020-12-31;13.0;20.0;23.0;26.0;723.0;31.0;7.0;13.0;20.0;563.0;31.0;0.0;31.0;884.0;109.0;228.0;4;5;5;4;4;4;5;0;0;1;0;0;0;0;0;0;0;0;0;0;0;0;0;0.0;0.0;0.0;0.0;0.0;1.0;0.0;0.0;0.0;0.0;1.0;0.0;0.0;0.0;0.0;0.0;0.0;0.0;0.0;0.0;0.0;0.0;0.0;0.0;0.0;0.0;0.0;0.0;0.0;0.0;0.0;0.0;0.0;0.0;0.0;2.0;0.0;0.0;0.0;0.0;0.0;0;0;31;0;BARRACÃO;REGIÃO SUL;57;2124.0;1227.0;2112.0;2429.0;1996.0;1104.75;2288.0;2388.0;2543.0;2539.0;2529.0;2794.0
1615.0;2021-01-31;17.0;19.0;23.0;26.0;706.0;31.0;8.0;17.0;22.0;578.0;31.0;0.0;31.0;833.0;43.0;236.0;5;4;4;4;5;5;4;0;0;0;0;1;0;0;0;0;0;0;0;1;0;0;0;0.0;0.0;0.0;0.0;0.0;0.0;0.0;0.0;0.0;0.0;1.0;0.0;0.0;0.0;0.0;0.0;0.0;0.0;0.0;0.0;0.0;0.0;0.0;0.0;0.0;0.0;0.0;0.0;0.0;0.0;0.0;0.0;0.0;0.0;0.0;2.0;0.0;0.0;0.0;0.0;0.0;0;0;31;0;BARRACÃO;REGIÃO SUL;58;2030.0;2124.0;1227.0;2112.0;2429.0;1996.0;1104.75;2288.0;2388.0;2543.0;2539.0;2529.0
2267.0;2021-02-28;12.0;19.0;23.0;27.0;638.0;33.0;1.0;12.0;21.0;485.0;33.0;0.0;33.0;790.0;19.0;38.0;4;4;4;4;4;4;4;0;0;0;1;0;0;0;0;0;0;0;0;1;0;0;0;0.0;0.0;0.0;0.0;0.0;0.0;0.0;0.0;0.0;0.0;1.0;0.0;0.0;0.0;0.0;0.0;0.0;0.0;0.0;0.0;0.0;0.0;0.0;0.0;0.0;0.0;0.0;0.0;0.0;0.0;0.0;0.0;0.0;0.0;0.0;2.0;0.0;0.0;0.0;0.0;0.0;0;3;28;0;BARRACÃO;REGIÃO SUL;59;1615.0;2030.0;2124.0;1227.0;2112.0;2429.0;1996.0;1104.75;2288.0;2388.0;2543.0;2539.0
2041.0;2021-03-31;13.0;18.0;23.0;27.0;715.0;33.0;2.0;13.0;21.0;552.0;33.0;0.0;33.0;878.0;15.0;56.0;4;5;4;5;4;4;5;0;0;0;0;0;0;0;0;1;0;0;0;1;0;0;0;0.0;0.0;0.0;0.0;0.0;0.0;0.0;0.0;0.0;0.0;1.0;0.0;0.0;0.0;0.0;0.0;0.0;0.0;0.0;0.0;0.0;0.0;0.0;0.0;0.0;0.0;0.0;0.0;0.0;0.0;0.0;0.0;0.0;0.0;0.0;2.0;0.0;0.0;0.0;0.0;0.0;0;0;31;0;BARRACÃO;REGIÃO SUL;60;2267.0;1615.0;2030.0;2124.0;1227.0;2112.0;2429.0;1996.0;1104.75;2288.0;2388.0;2543.0
1854.0;2021-04-30;7.0;15.0;20.0;25.0;608.0;30.0;2.0;7.0;20.0;449.0;30.0;0.0;30.0;767.0;59.0;69.0;4;4;5;4;5;4;4;1;0;0;0;0;0;0;0;0;0;0;0;1;0;0;0;0.0;0.0;0.0;0.0;0.0;0.0;0.0;0.0;0.0;0.0;1.0;0.0;0.0;0.0;0.0;0.0;0.0;0.0;0.0;0.0;0.0;0.0;0.0;0.0;0.0;0.0;0.0;0.0;0.0;0.0;0.0;0.0;0.0;0.0;0.0;2.0;0.0;0.0;0.0;0.0;0.0;0;1;30;0;BARRACÃO;REGIÃO SUL;61;2041.0;2267.0;1615.0;2030.0;2124.0;1227.0;2112.0;2429.0;1996.0;1104.75;2288.0;2388.0
2047.0;2021-05-31;4.0;10.0;17.0;23.0;532.0;29.0;2.0;4.0;19.0;371.0;29.0;0.0;29.0;693.0;42.0;56.0;5;4;4;5;4;5;4;0;0;0;0;0;0;0;1;0;0;0;0;1;0;0;0;0.0;0.0;0.0;0.0;0.0;0.0;0.0;0.0;0.0;0.0;1.0;0.0;0.0;0.0;0.0;0.0;0.0;0.0;0.0;0.0;0.0;0.0;0.0;0.0;0.0;0.0;0.0;0.0;0.0;0.0;0.0;0.0;0.0;0.0;0.0;2.0;0.0;0.0;0.0;0.0;0.0;0;0;31;0;BARRACÃO;REGIÃO SUL;62;1854.0;2041.0;2267.0;1615.0;2030.0;2124.0;1227.0;2112.0;2429.0;1996.0;1104.75;2288.0
1896.0;2021-06-30;-1.0;4.0;15.0;22.0;438.0;27.0;4.0;-1.0;17.0;316.0;27.0;0.0;27.0;559.0;37.0;124.0;4;5;4;4;4;4;5;0;0;0;0;0;0;1;0;0;0;0;0;1;0;0;0;0.0;0.0;0.0;0.0;0.0;0.0;0.0;0.0;0.0;0.0;1.0;0.0;0.0;0.0;0.0;0.0;0.0;0.0;0.0;0.0;0.0;0.0;0.0;0.0;0.0;0.0;0.0;0.0;0.0;0.0;0.0;0.0;0.0;0.0;0.0;2.0;0.0;0.0;0.0;0.0;0.0;0;1;30;0;BARRACÃO;REGIÃO SUL;63;2047.0;1854.0;2041.0;2267.0;1615.0;2030.0;2124.0;1227.0;2112.0;2429.0;1996.0;1104.75
2260.0;2021-07-31;-2.0;4.0;15.0;22.0;453.0;28.0;2.0;-2.0;17.0;283.0;28.0;0.0;28.0;623.0;28.0;65.0;4;4;5;4;5;5;4;0;0;0;0;0;1;0;0;0;0;0;0;1;0;0;0;0.0;0.0;0.0;0.0;0.0;0.0;0.0;0.0;0.0;0.0;1.0;0.0;0.0;0.0;0.0;0.0;0.0;0.0;0.0;0.0;0.0;0.0;0.0;0.0;0.0;0.0;0.0;0.0;0.0;0.0;0.0;0.0;0.0;0.0;0.0;2.0;0.0;0.0;0.0;0.0;0.0;0;0;31;0;BARRACÃO;REGIÃO SUL;64;1896.0;2047.0;1854.0;2041.0;2267.0;1615.0;2030.0;2124.0;1227.0;2112.0;2429.0;1996.0
2557.0;2021-08-31;6.0;12.0;19.0;26.0;584.0;32.0;1.0;6.0;21.0;425.0;32.0;0.0;32.0;743.0;12.0;34.0;5;4;4;5;4;4;5;0;1;0;0;0;0;0;0;0;0;0;0;1;0;0;0;0.0;0.0;0.0;0.0;0.0;0.0;0.0;0.0;0.0;0.0;1.0;0.0;0.0;0.0;0.0;0.0;0.0;0.0;0.0;0.0;0.0;0.0;0.0;0.0;0.0;0.0;0.0;0.0;0.0;0.0;0.0;0.0;0.0;0.0;0.0;2.0;0.0;0.0;0.0;0.0;0.0;0;0;31;0;BARRACÃO;REGIÃO SUL;65;2260.0;1896.0;2047.0;1854.0;2041.0;2267.0;1615.0;2030.0;2124.0;1227.0;2112.0;2429.0
1821.0;2021-09-30;8.0;15.0;21.0;29.0;643.0;35.0;6.0;8.0;23.0;484.0;35.0;0.0;35.0;803.0;44.0;178.0;4;5;5;4;4;4;4;0;0;0;0;0;0;0;0;0;0;0;1;1;0;0;0;0.0;0.0;0.0;0.0;0.0;0.0;0.0;0.0;0.0;0.0;1.0;0.0;0.0;0.0;0.0;0.0;0.0;0.0;0.0;0.0;0.0;0.0;0.0;0.0;0.0;0.0;0.0;0.0;0.0;0.0;0.0;0.0;0.0;0.0;0.0;2.0;0.0;0.0;0.0;0.0;0.0;0;0;30;0;BARRACÃO;REGIÃO SUL;66;2557.0;2260.0;1896.0;2047.0;1854.0;2041.0;2267.0;1615.0;2030.0;2124.0;1227.0;2112.0
1204.0;2021-10-31;10.0;17.0;20.0;25.0;616.0;30.0;14.0;10.0;19.0;480.0;30.0;0.0;30.0;752.0;86.0;426.0;5;4;4;4;5;5;4;0;0;0;0;0;0;0;0;0;0;1;0;1;0;0;0;0.0;0.0;0.0;0.0;0.0;0.0;0.0;0.0;0.0;0.0;1.0;0.0;0.0;0.0;0.0;0.0;0.0;0.0;0.0;0.0;0.0;0.0;0.0;0.0;0.0;0.0;0.0;0.0;0.0;0.0;0.0;0.0;0.0;0.0;0.0;2.0;0.0;0.0;0.0;0.0;0.0;0;0;0;0;BARRACÃO;REGIÃO SUL;67;1821.0;2557.0;2260.0;1896.0;2047.0;1854.0;2041.0;2267.0;1615.0;2030.0;2124.0;1227.0
1104.75;2021-11-30;14.0;20.0;23.0;27.0;695.0;33.0;2.0;14.0;22.0;529.0;33.0;0.0;33.0;862.0;37.0;68.0;4;4;4;5;4;4;5;0;0;0;0;0;0;0;0;0;1;0;0;1;0;0;0;0.0;0.0;0.0;0.0;0.0;0.0;0.0;0.0;0.0;0.0;1.0;0.0;0.0;0.0;0.0;0.0;0.0;0.0;0.0;0.0;0.0;0.0;0.0;0.0;0.0;0.0;0.0;0.0;0.0;0.0;0.0;0.0;0.0;0.0;0.0;2.0;0.0;0.0;0.0;0.0;0.0;0;0;0;0;BARRACÃO;REGIÃO SUL;68;1204.0;1821.0;2557.0;2260.0;1896.0;2047.0;1854.0;2041.0;2267.0;1615.0;2030.0;2124.0
1192.0;2021-12-31;14.0;21.0;25.0;28.0;774.0;35.0;2.0;14.0;22.0;570.0;35.0;0.0;35.0;977.0;32.0;63.0;4;5;5;4;5;4;4;0;0;1;0;0;0;0;0;0;0;0;0;1;0;0;0;0.0;0.0;0.0;0.0;0.0;0.0;0.0;0.0;0.0;0.0;1.0;0.0;0.0;0.0;0.0;0.0;0.0;0.0;0.0;0.0;0.0;0.0;0.0;0.0;0.0;0.0;0.0;0.0;0.0;0.0;0.0;0.0;0.0;0.0;0.0;2.0;0.0;0.0;0.0;0.0;0.0;0;0;0;0;BARRACÃO;REGIÃO SUL;69;1104.75;1204.0;1821.0;2557.0;2260.0;1896.0;2047.0;1854.0;2041.0;2267.0;1615.0;2030.0
1138.0;2022-01-31;16.0;21.0;26.0;30.0;800.0;37.0;6.0;16.0;24.0;621.0;37.0;0.0;37.0;980.0;40.0;185.0;5;4;4;5;4;5;4;0;0;0;0;1;0;0;0;0;0;0;0;0;1;0;0;0.0;0.0;0.0;0.0;0.0;0.0;0.0;0.0;0.0;0.0;1.0;0.0;0.0;0.0;0.0;0.0;0.0;0.0;0.0;0.0;0.0;0.0;0.0;0.0;0.0;0.0;0.0;0.0;0.0;0.0;0.0;0.0;0.0;0.0;0.0;2.0;0.0;0.0;0.0;0.0;0.0;31;0;0;0;BARRACÃO;REGIÃO SUL;70;1192.0;1104.75;1204.0;1821.0;2557.0;2260.0;1896.0;2047.0;1854.0;2041.0;2267.0;1615.0
1338.0;2022-02-28;13.0;19.0;25.0;28.0;700.0;34.0;6.0;13.0;23.0;536.0;34.0;0.0;34.0;865.0;49.0;162.0;4;4;4;4;4;4;4;0;0;0;1;0;0;0;0;0;0;0;0;0;1;0;0;0.0;0.0;0.0;0.0;0.0;0.0;0.0;0.0;0.0;0.0;1.0;0.0;0.0;0.0;0.0;0.0;0.0;0.0;0.0;0.0;0.0;0.0;0.0;0.0;0.0;0.0;0.0;0.0;0.0;0.0;0.0;0.0;0.0;0.0;0.0;2.0;0.0;0.0;0.0;0.0;0.0;0;1;0;0;BARRACÃO;REGIÃO SUL;71;1138.0;1192.0;1104.75;1204.0;1821.0;2557.0;2260.0;1896.0;2047.0;1854.0;2041.0;2267.0
1766.0;2022-03-31;9.0;13.0;22.0;28.0;688.0;33.0;8.0;9.0;22.0;546.0;33.0;0.0;33.0;831.0;49.0;255.0;4;5;5;4;4;4;5;0;0;0;0;0;0;0;0;1;0;0;0;0;1;0;0;0.0;0.0;0.0;0.0;0.0;0.0;0.0;0.0;0.0;0.0;1.0;0.0;0.0;0.0;0.0;0.0;0.0;0.0;0.0;0.0;0.0;0.0;0.0;0.0;0.0;0.0;0.0;0.0;0.0;0.0;0.0;0.0;0.0;0.0;0.0;2.0;0.0;0.0;0.0;0.0;0.0;0;1;0;0;BARRACÃO;REGIÃO SUL;72;1338.0;1138.0;1192.0;1104.75;1204.0;1821.0;2557.0;2260.0;1896.0;2047.0;1854.0;2041.0
1902.0;2022-04-30;7.0;14.0;20.0;25.0;592.0;29.0;16.0;7.0;21.0;464.0;29.0;0.0;29.0;719.0;132.0;477.0;4;4;4;4;5;5;4;1;0;0;0;0;0;0;0;0;0;0;0;0;1;0;0;0.0;0.0;0.0;0.0;0.0;0.0;0.0;0.0;0.0;0.0;1.0;0.0;0.0;0.0;0.0;0.0;0.0;0.0;0.0;0.0;0.0;0.0;0.0;0.0;0.0;0.0;0.0;0.0;0.0;0.0;0.0;0.0;0.0;0.0;0.0;2.0;0.0;0.0;0.0;0.0;0.0;0;1;0;0;BARRACÃO;REGIÃO SUL;73;1766.0;1338.0;1138.0;1192.0;1104.75;1204.0;1821.0;2557.0;2260.0;1896.0;2047.0;1854.0
2557.0;2022-05-31;4.0;7.0;15.0;20.0;465.0;25.0;9.0;4.0;18.0;354.0;25.0;0.0;25.0;575.0;99.0;285.0;5;4;4;5;4;4;5;0;0;0;0;0;0;0;1;0;0;0;0;0;1;0;0;0.0;0.0;0.0;0.0;0.0;0.0;0.0;0.0;0.0;0.0;1.0;0.0;0.0;0.0;0.0;0.0;0.0;0.0;0.0;0.0;0.0;0.0;0.0;0.0;0.0;0.0;0.0;0.0;0.0;0.0;0.0;0.0;0.0;0.0;0.0;2.0;0.0;0.0;0.0;0.0;0.0;0;0;0;0;BARRACÃO;REGIÃO SUL;74;1902.0;1766.0;1338.0;1138.0;1192.0;1104.75;1204.0;1821.0;2557.0;2260.0;1896.0;2047.0
2814.0;2022-06-30;-0.0;6.0;14.0;21.0;434.0;25.0;5.0;-0.0;16.0;310.0;25.0;0.0;25.0;558.0;51.0;150.0;4;5;5;4;4;4;4;0;0;0;0;0;0;1;0;0;0;0;0;0;1;0;0;0.0;0.0;0.0;0.0;0.0;0.0;0.0;0.0;0.0;0.0;1.0;0.0;0.0;0.0;0.0;0.0;0.0;0.0;0.0;0.0;0.0;0.0;0.0;0.0;0.0;0.0;0.0;0.0;0.0;0.0;0.0;0.0;0.0;0.0;0.0;2.0;0.0;0.0;0.0;0.0;0.0;0;1;0;0;BARRACÃO;REGIÃO SUL;75;2557.0;1902.0;1766.0;1338.0;1138.0;1192.0;1104.75;1204.0;1821.0;2557.0;2260.0;1896.0
2643.0;2022-07-31;4.0;8.0;19.0;22.0;576.0;27.0;3.0;4.0;18.0;426.0;27.0;0.0;27.0;726.0;37.0;91.0;5;4;4;4;5;5;4;0;0;0;0;0;1;0;0;0;0;0;0;0;1;0;0;0.0;0.0;0.0;0.0;0.0;0.0;0.0;0.0;0.0;0.0;1.0;0.0;0.0;0.0;0.0;0.0;0.0;0.0;0.0;0.0;0.0;0.0;0.0;0.0;0.0;0.0;0.0;0.0;0.0;0.0;0.0;0.0;0.0;0.0;0.0;2.0;0.0;0.0;0.0;0.0;0.0;0;0;0;0;BARRACÃO;REGIÃO SUL;76;2814.0;2557.0;1902.0;1766.0;1338.0;1138.0;1192.0;1104.75;1204.0;1821.0;2557.0;2260.0
3123.0;2022-08-31;0.0;6.0;16.0;23.0;499.0;29.0;9.0;0.0;18.0;352.0;29.0;0.0;29.0;646.0;105.0;283.0;4;5;4;5;4;4;5;0;1;0;0;0;0;0;0;0;0;0;0;0;1;0;0;0.0;0.0;0.0;0.0;0.0;0.0;0.0;0.0;0.0;0.0;1.0;0.0;0.0;0.0;0.0;0.0;0.0;0.0;0.0;0.0;0.0;0.0;0.0;0.0;0.0;0.0;0.0;0.0;0.0;0.0;0.0;0.0;0.0;0.0;0.0;2.0;0.0;0.0;0.0;0.0;0.0;0;0;0;0;BARRACÃO;REGIÃO SUL;77;2643.0;2814.0;2557.0;1902.0;1766.0;1338.0;1138.0;1192.0;1104.75;1204.0;1821.0;2557.0
2748.0;2022-09-30;3.0;11.0;16.0;24.0;480.0;29.0;9.0;3.0;21.0;339.0;29.0;0.0;29.0;620.0;51.0;258.0;4;4;5;4;5;4;4;0;0;0;0;0;0;0;0;0;0;0;1;0;1;0;0;0.0;0.0;0.0;0.0;0.0;0.0;0.0;0.0;0.0;0.0;1.0;0.0;0.0;0.0;0.0;0.0;0.0;0.0;0.0;0.0;0.0;0.0;0.0;0.0;0.0;0.0;0.0;0.0;0.0;0.0;0.0;0.0;0.0;0.0;0.0;2.0;0.0;0.0;0.0;0.0;0.0;0;0;0;0;BARRACÃO;REGIÃO SUL;78;3123.0;2643.0;2814.0;2557.0;1902.0;1766.0;1338.0;1138.0;1192.0;1104.75;1204.0;1821.0
2811.0;2022-10-31;10.0;13.0;19.0;25.0;583.0;31.0;14.0;10.0;19.0;442.0;31.0;0.0;31.0;724.0;101.0;428.0;5;4;4;5;4;5;4;0;0;0;0;0;0;0;0;0;0;1;0;0;1;0;0;0.0;0.0;0.0;0.0;0.0;0.0;0.0;0.0;0.0;0.0;1.0;0.0;0.0;0.0;0.0;0.0;0.0;0.0;0.0;0.0;0.0;0.0;0.0;0.0;0.0;0.0;0.0;0.0;0.0;0.0;0.0;0.0;0.0;0.0;0.0;2.0;0.0;0.0;0.0;0.0;0.0;0;0;0;0;BARRACÃO;REGIÃO SUL;79;2748.0;3123.0;2643.0;2814.0;2557.0;1902.0;1766.0;1338.0;1138.0;1192.0;1104.75;1204.0
2922.0;2022-11-30;4.0;11.0;20.0;24.0;596.0;30.0;3.0;4.0;20.0;406.0;30.0;0.0;30.0;786.0;44.0;91.0;4;5;4;4;4;4;5;0;0;0;0;0;0;0;0;0;1;0;0;0;1;0;0;0.0;0.0;0.0;0.0;0.0;0.0;0.0;0.0;0.0;0.0;1.0;0.0;0.0;0.0;0.0;0.0;0.0;0.0;0.0;0.0;0.0;0.0;0.0;0.0;0.0;0.0;0.0;0.0;0.0;0.0;0.0;0.0;0.0;0.0;0.0;2.0;0.0;0.0;0.0;0.0;0.0;0;0;0;0;BARRACÃO;REGIÃO SUL;80;2811.0;2748.0;3123.0;2643.0;2814.0;2557.0;1902.0;1766.0;1338.0;1138.0;1192.0;1104.75
1953.0;2022-12-31;13.0;21.0;24.0;28.0;737.0;33.0;2.0;13.0;22.0;553.0;33.0;0.0;33.0;922.0;26.0;61.0;4;4;5;4;5;5;4;0;0;1;0;0;0;0;0;0;0;0;0;0;1;0;0;0.0;0.0;0.0;0.0;0.0;0.0;0.0;0.0;0.0;0.0;1.0;0.0;0.0;0.0;0.0;0.0;0.0;0.0;0.0;0.0;0.0;0.0;0.0;0.0;0.0;0.0;0.0;0.0;0.0;0.0;0.0;0.0;0.0;0.0;0.0;2.0;0.0;0.0;0.0;0.0;0.0;0;0;0;0;BARRACÃO;REGIÃO SUL;81;2922.0;2811.0;2748.0;3123.0;2643.0;2814.0;2557.0;1902.0;1766.0;1338.0;1138.0;1192.0
2046.0;2023-01-31;14.0;21.0;24.0;27.0;742.0;33.0;8.0;14.0;22.0;580.0;33.0;0.0;33.0;904.0;60.0;260.0;5;4;4;5;4;4;5;0;0;0;0;1;0;0;0;0;0;0;0;0;0;1;0;0.0;0.0;0.0;0.0;0.0;0.0;0.0;0.0;0.0;0.0;1.0;0.0;0.0;0.0;0.0;0.0;0.0;0.0;0.0;0.0;0.0;0.0;0.0;0.0;0.0;0.0;0.0;0.0;0.0;0.0;0.0;0.0;0.0;0.0;0.0;2.0;0.0;0.0;0.0;0.0;0.0;31;0;0;0;BARRACÃO;REGIÃO SUL;82;1953.0;2922.0;2811.0;2748.0;3123.0;2643.0;2814.0;2557.0;1902.0;1766.0;1338.0;1138.0
2464.0;2023-02-28;8.0;14.0;23.0;26.0;635.0;32.0;10.0;8.0;21.0;498.0;32.0;0.0;32.0;772.0;90.0;278.0;4;4;4;4;4;4;4;0;0;0;1;0;0;0;0;0;0;0;0;0;0;1;0;0.0;0.0;0.0;0.0;0.0;0.0;0.0;0.0;0.0;0.0;1.0;0.0;0.0;0.0;0.0;0.0;0.0;0.0;0.0;0.0;0.0;0.0;0.0;0.0;0.0;0.0;0.0;0.0;0.0;0.0;0.0;0.0;0.0;0.0;0.0;2.0;0.0;0.0;0.0;0.0;0.0;0;3;0;0;BARRACÃO;REGIÃO SUL;83;2046.0;1953.0;2922.0;2811.0;2748.0;3123.0;2643.0;2814.0;2557.0;1902.0;1766.0;1338.0
3317.0;2023-03-31;14.0;19.0;24.0;27.0;731.0;32.0;7.0;14.0;21.0;586.0;32.0;0.0;32.0;876.0;52.0;216.0;4;5;5;4;5;4;4;0;0;0;0;0;0;0;0;1;0;0;0;0;0;1;0;0.0;0.0;0.0;0.0;0.0;0.0;0.0;0.0;0.0;0.0;1.0;0.0;0.0;0.0;0.0;0.0;0.0;0.0;0.0;0.0;0.0;0.0;0.0;0.0;0.0;0.0;0.0;0.0;0.0;0.0;0.0;0.0;0.0;0.0;0.0;2.0;0.0;0.0;0.0;0.0;0.0;0;0;0;0;BARRACÃO;REGIÃO SUL;84;2464.0;2046.0;1953.0;2922.0;2811.0;2748.0;3123.0;2643.0;2814.0;2557.0;1902.0;1766.0
2850.0;2023-04-30;8.0;13.0;20.0;24.0;594.0;30.0;5.0;8.0;20.0;455.0;30.0;0.0;30.0;733.0;49.0;150.0;5;4;4;4;4;5;4;1;0;0;0;0;0;0;0;0;0;0;0;0;0;1;0;0.0;0.0;0.0;0.0;0.0;0.0;0.0;0.0;0.0;0.0;1.0;0.0;0.0;0.0;0.0;0.0;0.0;0.0;0.0;0.0;0.0;0.0;0.0;0.0;0.0;0.0;0.0;0.0;0.0;0.0;0.0;0.0;0.0;0.0;0.0;2.0;0.0;0.0;0.0;0.0;0.0;0;1;0;0;BARRACÃO;REGIÃO SUL;85;3317.0;2464.0;2046.0;1953.0;2922.0;2811.0;2748.0;3123.0;2643.0;2814.0;2557.0;1902.0
3286.0;2023-05-31;7.0;13.0;18.0;23.0;569.0;26.0;7.0;7.0;20.0;437.0;26.0;0.0;26.0;700.0;55.0;207.0;4;5;4;5;4;4;5;0;0;0;0;0;0;0;1;0;0;0;0;0;0;1;0;0.0;0.0;0.0;0.0;0.0;0.0;0.0;0.0;0.0;0.0;1.0;0.0;0.0;0.0;0.0;0.0;0.0;0.0;0.0;0.0;0.0;0.0;0.0;0.0;0.0;0.0;0.0;0.0;0.0;0.0;0.0;0.0;0.0;0.0;0.0;2.0;0.0;0.0;0.0;0.0;0.0;0;0;0;0;BARRACÃO;REGIÃO SUL;86;2850.0;3317.0;2464.0;2046.0;1953.0;2922.0;2811.0;2748.0;3123.0;2643.0;2814.0;2557.0
3090.0;2023-06-30;4.0;7.0;16.0;20.0;488.0;25.0;5.0;4.0;17.0;366.0;25.0;0.0;25.0;609.0;70.0;142.0;4;4;5;4;5;4;4;0;0;0;0;0;0;1;0;0;0;0;0;0;0;1;0;0.0;0.0;0.0;0.0;0.0;0.0;0.0;0.0;0.0;0.0;1.0;0.0;0.0;0.0;0.0;0.0;0.0;0.0;0.0;0.0;0.0;0.0;0.0;0.0;0.0;0.0;0.0;0.0;0.0;0.0;0.0;0.0;0.0;0.0;0.0;2.0;0.0;0.0;0.0;0.0;0.0;0;1;0;0;BARRACÃO;REGIÃO SUL;87;3286.0;2850.0;3317.0;2464.0;2046.0;1953.0;2922.0;2811.0;2748.0;3123.0;2643.0;2814.0
2356.0;2023-07-31;3.0;7.0;17.0;22.0;536.0;26.0;5.0;3.0;19.0;408.0;26.0;0.0;26.0;665.0;48.0;164.0;5;4;4;5;4;5;4;0;0;0;0;0;1;0;0;0;0;0;0;0;0;1;0;0.0;0.0;0.0;0.0;0.0;0.0;0.0;0.0;0.0;0.0;1.0;0.0;0.0;0.0;0.0;0.0;0.0;0.0;0.0;0.0;0.0;0.0;0.0;0.0;0.0;0.0;0.0;0.0;0.0;0.0;0.0;0.0;0.0;0.0;0.0;2.0;0.0;0.0;0.0;0.0;0.0;15;0;0;0;BARRACÃO;REGIÃO SUL;88;3090.0;3286.0;2850.0;3317.0;2464.0;2046.0;1953.0;2922.0;2811.0;2748.0;3123.0;2643.0
2883.0;2023-08-31;4.0;10.0;19.0;25.0;580.0;30.0;5.0;4.0;21.0;427.0;30.0;0.0;30.0;734.0;64.0;141.0;4;5;5;4;4;4;5;0;1;0;0;0;0;0;0;0;0;0;0;0;0;1;0;0.0;0.0;0.0;0.0;0.0;0.0;0.0;0.0;0.0;0.0;1.0;0.0;0.0;0.0;0.0;0.0;0.0;0.0;0.0;0.0;0.0;0.0;0.0;0.0;0.0;0.0;0.0;0.0;0.0;0.0;0.0;0.0;0.0;0.0;0.0;2.0;0.0;0.0;0.0;0.0;0.0;0;0;0;0;BARRACÃO;REGIÃO SUL;89;2356.0;3090.0;3286.0;2850.0;3317.0;2464.0;2046.0;1953.0;2922.0;2811.0;2748.0;3123.0
3150.0;2023-09-30;7.0;12.0;22.0;29.0;647.0;35.0;12.0;7.0;24.0;508.0;35.0;0.0;35.0;785.0;96.0;350.0;4;4;4;4;5;5;4;0;0;0;0;0;0;0;0;0;0;0;1;0;0;1;0;0.0;0.0;0.0;0.0;0.0;0.0;0.0;0.0;0.0;0.0;1.0;0.0;0.0;0.0;0.0;0.0;0.0;0.0;0.0;0.0;0.0;0.0;0.0;0.0;0.0;0.0;0.0;0.0;0.0;0.0;0.0;0.0;0.0;0.0;0.0;2.0;0.0;0.0;0.0;0.0;0.0;0;0;0;0;BARRACÃO;REGIÃO SUL;90;2883.0;2356.0;3090.0;3286.0;2850.0;3317.0;2464.0;2046.0;1953.0;2922.0;2811.0;2748.0
3914.75;2023-10-31;8.0;13.0;21.0;27.0;640.0;33.0;15.0;8.0;21.0;517.0;33.0;0.0;33.0;763.0;110.0;455.0;5;4;4;5;4;4;5;0;0;0;0;0;0;0;0;0;0;1;0;0;0;1;0;0.0;0.0;0.0;0.0;0.0;0.0;0.0;0.0;0.0;0.0;1.0;0.0;0.0;0.0;0.0;0.0;0.0;0.0;0.0;0.0;0.0;0.0;0.0;0.0;0.0;0.0;0.0;0.0;0.0;0.0;0.0;0.0;0.0;0.0;0.0;2.0;0.0;0.0;0.0;0.0;0.0;0;0;0;0;BARRACÃO;REGIÃO SUL;91;3150.0;2883.0;2356.0;3090.0;3286.0;2850.0;3317.0;2464.0;2046.0;1953.0;2922.0;2811.0
3914.75;2023-11-30;9.0;14.0;23.0;29.0;676.0;33.0;15.0;9.0;25.0;564.0;33.0;0.0;33.0;789.0;113.0;439.0;4;5;5;4;4;4;4;0;0;0;0;0;0;0;0;0;1;0;0;0;0;1;0;0.0;0.0;0.0;0.0;0.0;0.0;0.0;0.0;0.0;0.0;1.0;0.0;0.0;0.0;0.0;0.0;0.0;0.0;0.0;0.0;0.0;0.0;0.0;0.0;0.0;0.0;0.0;0.0;0.0;0.0;0.0;0.0;0.0;0.0;0.0;2.0;0.0;0.0;0.0;0.0;0.0;0;0;0;0;BARRACÃO;REGIÃO SUL;92;3914.75;3150.0;2883.0;2356.0;3090.0;3286.0;2850.0;3317.0;2464.0;2046.0;1953.0;2922.0
3906.0;2023-12-31;14.0;20.0;24.0;28.0;745.0;34.0;11.0;14.0;23.0;613.0;34.0;0.0;34.0;876.0;65.0;335.0;5;4;4;4;5;5;4;0;0;1;0;0;0;0;0;0;0;0;0;0;0;1;0;0.0;0.0;0.0;0.0;0.0;0.0;0.0;0.0;0.0;0.0;1.0;0.0;0.0;0.0;0.0;0.0;0.0;0.0;0.0;0.0;0.0;0.0;0.0;0.0;0.0;0.0;0.0;0.0;0.0;0.0;0.0;0.0;0.0;0.0;0.0;2.0;0.0;0.0;0.0;0.0;0.0;0;0;0;0;BARRACÃO;REGIÃO SUL;93;3914.75;3914.75;3150.0;2883.0;2356.0;3090.0;3286.0;2850.0;3317.0;2464.0;2046.0;1953.0
3100.0;2024-01-31;14.0;20.0;24.0;28.0;753.0;33.0;6.0;14.0;23.0;597.0;33.0;0.0;33.0;908.0;89.0;191.0;4;5;4;5;4;4;5;0;0;0;0;1;0;0;0;0;0;0;0;0;0;0;1;0.0;0.0;0.0;0.0;0.0;0.0;0.0;0.0;0.0;0.0;1.0;0.0;0.0;0.0;0.0;0.0;0.0;0.0;0.0;0.0;0.0;0.0;0.0;0.0;0.0;0.0;0.0;0.0;0.0;0.0;0.0;0.0;0.0;0.0;0.0;2.0;0.0;0.0;0.0;0.0;0.0;31;0;0;0;BARRACÃO;REGIÃO SUL;94;3906.0;3914.75;3914.75;3150.0;2883.0;2356.0;3090.0;3286.0;2850.0;3317.0;2464.0;2046.0
3914.75;2024-02-29;17.0;22.0;26.0;29.0;740.0;35.0;8.0;17.0;23.0;591.0;35.0;0.0;35.0;889.0;44.0;230.0;4;4;5;4;4;4;4;0;0;0;1;0;0;0;0;0;0;0;0;0;0;0;1;0.0;0.0;0.0;0.0;0.0;0.0;0.0;0.0;0.0;0.0;1.0;0.0;0.0;0.0;0.0;0.0;0.0;0.0;0.0;0.0;0.0;0.0;0.0;0.0;0.0;0.0;0.0;0.0;0.0;0.0;0.0;0.0;0.0;0.0;0.0;2.0;0.0;0.0;0.0;0.0;0.0;0;3;0;0;BARRACÃO;REGIÃO SUL;95;3100.0;3906.0;3914.75;3914.75;3150.0;2883.0;2356.0;3090.0;3286.0;2850.0;3317.0;2464.0
3914.75;2024-03-31;16.0;21.0;24.0;28.0;756.0;34.0;7.0;16.0;24.0;611.0;34.0;0.0;34.0;902.0;78.0;232.0;5;4;4;4;5;5;4;0;0;0;0;0;0;0;0;1;0;0;0;0;0;0;1;0.0;0.0;0.0;0.0;0.0;0.0;0.0;0.0;0.0;0.0;1.0;0.0;0.0;0.0;0.0;0.0;0.0;0.0;0.0;0.0;0.0;0.0;0.0;0.0;0.0;0.0;0.0;0.0;0.0;0.0;0.0;0.0;0.0;0.0;0.0;2.0;0.0;0.0;0.0;0.0;0.0;0;1;0;0;BARRACÃO;REGIÃO SUL;96;3914.75;3100.0;3906.0;3914.75;3914.75;3150.0;2883.0;2356.0;3090.0;3286.0;2850.0;3317.0
3914.75;2024-04-30;10.0;17.0;23.0;27.0;678.0;31.0;10.0;10.0;23.0;568.0;31.0;0.0;31.0;788.0;101.0;296.0;4;4;4;5;4;4;5;1;0;0;0;0;0;0;0;0;0;0;0;0;0;0;1;0.0;0.0;0.0;0.0;0.0;0.0;0.0;0.0;0.0;0.0;1.0;0.0;0.0;0.0;0.0;0.0;0.0;0.0;0.0;0.0;0.0;0.0;0.0;0.0;0.0;0.0;0.0;0.0;0.0;0.0;0.0;0.0;0.0;0.0;0.0;2.0;0.0;0.0;0.0;0.0;0.0;0;0;0;0;BARRACÃO;REGIÃO SUL;97;3914.75;3914.75;3100.0;3906.0;3914.75;3914.75;3150.0;2883.0;2356.0;3090.0;3286.0;2850.0
3007.0;2024-05-31;3.0;7.0;17.0;25.0;539.0;29.0;11.0;3.0;23.0;434.0;29.0;0.0;29.0;644.0;201.0;340.0;4;5;5;4;5;4;4;0;0;0;0;0;0;0;1;0;0;0;0;0;0;0;1;0.0;0.0;0.0;0.0;0.0;0.0;0.0;0.0;0.0;0.0;1.0;0.0;0.0;0.0;0.0;0.0;0.0;0.0;0.0;0.0;0.0;0.0;0.0;0.0;0.0;0.0;0.0;0.0;0.0;0.0;0.0;0.0;0.0;0.0;0.0;2.0;0.0;0.0;0.0;0.0;0.0;0;1;0;30;BARRACÃO;REGIÃO SUL;98;3914.75;3914.75;3914.75;3100.0;3906.0;3914.75;3914.75;3150.0;2883.0;2356.0;3090.0;3286.0
2370.0;2024-06-30;1.0;6.0;19.0;23.0;561.0;28.0;5.0;1.0;20.0;451.0;28.0;0.0;28.0;672.0;45.0;146.0;5;4;4;4;4;5;4;0;0;0;0;0;0;1;0;0;0;0;0;0;0;0;1;0.0;0.0;0.0;0.0;0.0;0.0;0.0;0.0;0.0;0.0;1.0;0.0;0.0;0.0;0.0;0.0;0.0;0.0;0.0;0.0;0.0;0.0;0.0;0.0;0.0;0.0;0.0;0.0;0.0;0.0;0.0;0.0;0.0;0.0;0.0;2.0;0.0;0.0;0.0;0.0;0.0;0;0;0;30;BARRACÃO;REGIÃO SUL;99;3007.0;3914.75;3914.75;3914.75;3100.0;3906.0;3914.75;3914.75;3150.0;2883.0;2356.0;3090.0
3844.0;2024-07-31;2.0;7.0;15.0;21.0;469.0;26.0;7.0;2.0;18.0;357.0;26.0;0.0;26.0;581.0;50.0;206.0;4;5;4;5;4;4;5;0;0;0;0;0;1;0;0;0;0;0;0;0;0;0;1;0.0;0.0;0.0;0.0;0.0;0.0;0.0;0.0;0.0;0.0;1.0;0.0;0.0;0.0;0.0;0.0;0.0;0.0;0.0;0.0;0.0;0.0;0.0;0.0;0.0;0.0;0.0;0.0;0.0;0.0;0.0;0.0;0.0;0.0;0.0;2.0;0.0;0.0;0.0;0.0;0.0;12;0;0;0;BARRACÃO;REGIÃO SUL;100;2370.0;3007.0;3914.75;3914.75;3914.75;3100.0;3906.0;3914.75;3914.75;3150.0;2883.0;2356.0
3627.0;2024-08-31;1.0;7.0;18.0;26.0;550.0;32.0;3.0;1.0;21.0;402.0;32.0;0.0;32.0;697.0;36.0;94.0;4;4;5;4;5;5;4;0;1;0;0;0;0;0;0;0;0;0;0;0;0;0;1;0.0;0.0;0.0;0.0;0.0;0.0;0.0;0.0;0.0;0.0;1.0;0.0;0.0;0.0;0.0;0.0;0.0;0.0;0.0;0.0;0.0;0.0;0.0;0.0;0.0;0.0;0.0;0.0;0.0;0.0;0.0;0.0;0.0;0.0;0.0;2.0;0.0;0.0;0.0;0.0;0.0;0;0;0;0;BARRACÃO;REGIÃO SUL;101;3844.0;2370.0;3007.0;3914.75;3914.75;3914.75;3100.0;3906.0;3914.75;3914.75;3150.0;2883.0
3900.0;2024-09-30;7.0;15.0;22.0;29.0;654.0;34.0;2.0;7.0;24.0;502.0;34.0;0.0;34.0;806.0;31.0;71.0;5;4;4;5;4;4;4;0;0;0;0;0;0;0;0;0;0;0;1;0;0;0;1;0.0;0.0;0.0;0.0;0.0;0.0;0.0;0.0;0.0;0.0;1.0;0.0;0.0;0.0;0.0;0.0;0.0;0.0;0.0;0.0;0.0;0.0;0.0;0.0;0.0;0.0;0.0;0.0;0.0;0.0;0.0;0.0;0.0;0.0;0.0;2.0;0.0;0.0;0.0;0.0;0.0;0;0;0;0;BARRACÃO;REGIÃO SUL;102;3627.0;3844.0;2370.0;3007.0;3914.75;3914.75;3914.75;3100.0;3906.0;3914.75;3914.75;3150.0
3914.75;2024-10-31;11.0;18.0;22.0;28.0;687.0;34.0;4.0;11.0;24.0;531.0;34.0;0.0;34.0;842.0;67.0;137.0;4;5;5;4;4;4;5;0;0;0;0;0;0;0;0;0;0;1;0;0;0;0;1;0.0;0.0;0.0;0.0;0.0;0.0;0.0;0.0;0.0;0.0;1.0;0.0;0.0;0.0;0.0;0.0;0.0;0.0;0.0;0.0;0.0;0.0;0.0;0.0;0.0;0.0;0.0;0.0;0.0;0.0;0.0;0.0;0.0;0.0;0.0;2.0;0.0;0.0;0.0;0.0;0.0;0;0;0;0;BARRACÃO;REGIÃO SUL;103;3900.0;3627.0;3844.0;2370.0;3007.0;3914.75;3914.75;3914.75;3100.0;3906.0;3914.75;3914.75
6061.0;2016-02-29;16.0;21.0;24.0;26.0;686.0;32.0;6.0;16.0;21.0;570.0;32.0;0.0;32.0;802.0;42.0;181.0;4;4;4;5;4;4;4;0;0;0;1;0;0;0;0;0;0;0;0;0;0;0;0;0.0;1.0;0.0;0.0;0.0;0.0;0.0;0.0;0.0;0.0;0.0;1.0;0.0;0.0;0.0;0.0;0.0;0.0;0.0;0.0;0.0;0.0;0.0;0.0;0.0;0.0;0.0;0.0;0.0;0.0;0.0;0.0;0.0;0.0;0.0;3.0;5.0;0.0;0.0;0.0;0.0;0;3;0;0;CAMPO LARGO;REGIÃO LESTE;1;3869.0;4919.0;5760.0;6042.0;6210.0;5859.0;5301.0;6120.0;6585.0;5580.0;5332.0;3520.0
9765.0;2016-03-31;13.0;19.0;22.0;25.0;672.0;30.0;4.0;13.0;20.0;532.0;30.0;0.0;30.0;812.0;34.0;111.0;4;5;5;4;4;4;5;0;0;0;0;0;0;0;0;1;0;0;0;0;0;0;0;0.0;1.0;0.0;0.0;0.0;0.0;0.0;0.0;0.0;0.0;0.0;1.0;0.0;0.0;0.0;0.0;0.0;0.0;0.0;0.0;0.0;0.0;0.0;0.0;0.0;0.0;0.0;0.0;0.0;0.0;0.0;0.0;0.0;0.0;0.0;3.0;5.0;1.0;1.0;0.0;0.0;0;1;0;0;CAMPO LARGO;REGIÃO LESTE;2;6061.0;3869.0;4919.0;5760.0;6042.0;6210.0;5859.0;5301.0;6120.0;6585.0;5580.0;5332.0
9123.0;2016-04-30;3.0;10.0;22.0;26.0;659.0;32.0;2.0;3.0;20.0;502.0;32.0;0.0;32.0;815.0;27.0;60.0;4;4;4;4;5;5;4;1;0;0;0;0;0;0;0;0;0;0;0;0;0;0;0;0.0;1.0;0.0;0.0;0.0;0.0;0.0;0.0;0.0;0.0;0.0;1.0;0.0;0.0;0.0;0.0;0.0;0.0;0.0;0.0;0.0;0.0;0.0;0.0;0.0;0.0;0.0;0.0;0.0;0.0;0.0;0.0;0.0;0.0;0.0;3.0;5.0;1.0;1.0;0.0;0.0;0;0;0;0;CAMPO LARGO;REGIÃO LESTE;3;9765.0;6061.0;3869.0;4919.0;5760.0;6042.0;6210.0;5859.0;5301.0;6120.0;6585.0;5580.0
9517.0;2016-05-31;5.0;12.0;16.0;19.0;488.0;25.0;5.0;5.0;17.0;370.0;25.0;0.0;25.0;605.0;41.0;160.0;5;4;4;5;4;4;5;0;0;0;0;0;0;0;1;0;0;0;0;0;0;0;0;0.0;1.0;0.0;0.0;0.0;0.0;0.0;0.0;0.0;0.0;0.0;1.0;0.0;0.0;0.0;0.0;0.0;0.0;0.0;0.0;0.0;0.0;0.0;0.0;0.0;0.0;0.0;0.0;0.0;0.0;0.0;0.0;0.0;0.0;0.0;3.0;5.0;1.0;1.0;0.0;0.0;0;1;0;0;CAMPO LARGO;REGIÃO LESTE;4;9123.0;9765.0;6061.0;3869.0;4919.0;5760.0;6042.0;6210.0;5859.0;5301.0;6120.0;6585.0
9630.0;2016-06-30;-1.0;7.0;12.0;17.0;373.0;24.0;3.0;-1.0;14.0;228.0;24.0;0.0;24.0;517.0;33.0;97.0;4;5;5;4;4;4;4;0;0;0;0;0;0;1;0;0;0;0;0;0;0;0;0;0.0;1.0;0.0;0.0;0.0;0.0;0.0;0.0;0.0;0.0;0.0;1.0;0.0;0.0;0.0;0.0;0.0;0.0;0.0;0.0;0.0;0.0;0.0;0.0;0.0;0.0;0.0;0.0;0.0;0.0;0.0;0.0;0.0;0.0;0.0;3.0;5.0;1.0;1.0;0.0;0.0;0;0;0;0;CAMPO LARGO;REGIÃO LESTE;5;9517.0;9123.0;9765.0;6061.0;3869.0;4919.0;5760.0;6042.0;6210.0;5859.0;5301.0;6120.0
7136.0;2016-07-31;1.0;8.0;15.0;21.0;465.0;27.0;7.0;1.0;16.0;284.0;27.0;0.0;27.0;646.0;126.0;218.0;5;4;4;4;5;5;4;0;0;0;0;0;1;0;0;0;0;0;0;0;0;0;0;0.0;1.0;0.0;0.0;0.0;0.0;0.0;0.0;0.0;0.0;0.0;1.0;0.0;0.0;0.0;0.0;0.0;0.0;0.0;0.0;0.0;0.0;0.0;0.0;0.0;0.0;0.0;0.0;0.0;0.0;0.0;0.0;0.0;0.0;0.0;3.0;5.0;1.0;1.0;0.0;0.0;14;0;0;0;CAMPO LARGO;REGIÃO LESTE;6;9630.0;9517.0;9123.0;9765.0;6061.0;3869.0;4919.0;5760.0;6042.0;6210.0;5859.0;5301.0
9920.0;2016-08-31;3.0;9.0;16.0;20.0;485.0;28.0;10.0;3.0;16.0;318.0;28.0;0.0;28.0;651.0;78.0;319.0;4;5;4;5;4;4;5;0;1;0;0;0;0;0;0;0;0;0;0;0;0;0;0;0.0;1.0;0.0;0.0;0.0;0.0;0.0;0.0;0.0;0.0;0.0;1.0;0.0;0.0;0.0;0.0;0.0;0.0;0.0;0.0;0.0;0.0;0.0;0.0;0.0;0.0;0.0;0.0;0.0;0.0;0.0;0.0;0.0;0.0;0.0;3.0;5.0;1.0;1.0;0.0;0.0;0;0;0;0;CAMPO LARGO;REGIÃO LESTE;7;7136.0;9630.0;9517.0;9123.0;9765.0;6061.0;3869.0;4919.0;5760.0;6042.0;6210.0;5859.0
9330.0;2016-09-30;5.0;13.0;17.0;24.0;513.0;29.0;5.0;5.0;18.0;338.0;29.0;0.0;29.0;687.0;110.0;138.0;4;4;5;4;5;4;4;0;0;0;0;0;0;0;0;0;0;0;1;0;0;0;0;0.0;1.0;0.0;0.0;0.0;0.0;0.0;0.0;0.0;0.0;0.0;1.0;0.0;0.0;0.0;0.0;0.0;0.0;0.0;0.0;0.0;0.0;0.0;0.0;0.0;0.0;0.0;0.0;0.0;0.0;0.0;0.0;0.0;0.0;0.0;3.0;5.0;1.0;1.0;0.0;0.0;0;0;0;0;CAMPO LARGO;REGIÃO LESTE;8;9920.0;7136.0;9630.0;9517.0;9123.0;9765.0;6061.0;3869.0;4919.0;5760.0;6042.0;6210.0
8990.0;2016-10-31;9.0;14.0;19.0;25.0;579.0;32.0;6.0;9.0;19.0;439.0;32.0;0.0;32.0;719.0;85.0;195.0;5;4;4;5;4;5;4;0;0;0;0;0;0;0;0;0;0;1;0;0;0;0;0;0.0;1.0;0.0;0.0;0.0;0.0;0.0;0.0;0.0;0.0;0.0;1.0;0.0;0.0;0.0;0.0;0.0;0.0;0.0;0.0;0.0;0.0;0.0;0.0;0.0;0.0;0.0;0.0;0.0;0.0;0.0;0.0;0.0;0.0;0.0;3.0;5.0;1.0;1.0;0.0;0.0;0;0;0;0;CAMPO LARGO;REGIÃO LESTE;9;9330.0;9920.0;7136.0;9630.0;9517.0;9123.0;9765.0;6061.0;3869.0;4919.0;5760.0;6042.0
9300.0;2016-11-30;10.0;15.0;20.0;25.0;604.0;30.0;4.0;10.0;20.0;462.0;30.0;0.0;30.0;745.0;31.0;105.0;4;5;4;4;4;4;5;0;0;0;0;0;0;0;0;0;1;0;0;0;0;0;0;0.0;1.0;0.0;0.0;0.0;0.0;0.0;0.0;0.0;0.0;0.0;1.0;0.0;0.0;0.0;0.0;0.0;0.0;0.0;0.0;0.0;0.0;0.0;0.0;0.0;0.0;0.0;0.0;0.0;0.0;0.0;0.0;0.0;0.0;0.0;3.0;5.0;1.0;1.0;0.0;0.0;0;0;0;0;CAMPO LARGO;REGIÃO LESTE;10;8990.0;9330.0;9920.0;7136.0;9630.0;9517.0;9123.0;9765.0;6061.0;3869.0;4919.0;5760.0
7906.0;2016-12-31;11.0;16.0;22.0;27.0;680.0;33.0;3.0;11.0;21.0;543.0;33.0;0.0;33.0;816.0;17.0;84.0;4;4;5;4;5;5;4;0;0;1;0;0;0;0;0;0;0;0;0;0;0;0;0;0.0;1.0;0.0;0.0;0.0;0.0;0.0;0.0;0.0;0.0;0.0;1.0;0.0;0.0;0.0;0.0;0.0;0.0;0.0;0.0;0.0;0.0;0.0;0.0;0.0;0.0;0.0;0.0;0.0;0.0;0.0;0.0;0.0;0.0;0.0;3.0;5.0;1.0;1.0;0.0;0.0;0;0;0;0;CAMPO LARGO;REGIÃO LESTE;11;9300.0;8990.0;9330.0;9920.0;7136.0;9630.0;9517.0;9123.0;9765.0;6061.0;3869.0;4919.0
5201.0;2017-01-31;14.0;20.0;23.0;26.0;726.0;31.0;4.0;14.0;21.0;585.0;31.0;0.0;31.0;868.0;20.0;130.0;5;4;4;5;4;4;5;0;0;0;0;1;0;0;0;0;0;0;0;0;0;0;0;0.0;0.0;1.0;0.0;0.0;0.0;0.0;0.0;0.0;0.0;0.0;1.0;0.0;0.0;0.0;0.0;0.0;0.0;0.0;0.0;0.0;0.0;0.0;0.0;0.0;0.0;0.0;0.0;0.0;0.0;0.0;0.0;0.0;0.0;0.0;3.0;5.0;1.0;1.0;0.0;0.0;31;0;0;0;CAMPO LARGO;REGIÃO LESTE;12;7906.0;9300.0;8990.0;9330.0;9920.0;7136.0;9630.0;9517.0;9123.0;9765.0;6061.0;3869.0
9526.0;2017-02-28;17.0;21.0;24.0;26.0;664.0;32.0;6.0;17.0;20.0;525.0;32.0;0.0;32.0;803.0;44.0;159.0;4;4;4;4;4;4;4;0;0;0;1;0;0;0;0;0;0;0;0;0;0;0;0;0.0;0.0;1.0;0.0;0.0;0.0;0.0;0.0;0.0;0.0;0.0;1.0;0.0;0.0;0.0;0.0;0.0;0.0;0.0;0.0;0.0;0.0;0.0;0.0;0.0;0.0;0.0;0.0;0.0;0.0;0.0;0.0;0.0;0.0;0.0;3.0;5.0;1.0;1.0;0.0;0.0;0;2;0;0;CAMPO LARGO;REGIÃO LESTE;13;5201.0;7906.0;9300.0;8990.0;9330.0;9920.0;7136.0;9630.0;9517.0;9123.0;9765.0;6061.0
9889.0;2017-03-31;14.0;17.0;21.0;26.0;663.0;31.0;4.0;14.0;21.0;535.0;31.0;0.0;31.0;792.0;31.0;110.0;4;5;5;4;5;4;4;0;0;0;0;0;0;0;0;1;0;0;0;0;0;0;0;0.0;0.0;1.0;0.0;0.0;0.0;0.0;0.0;0.0;0.0;0.0;1.0;0.0;0.0;0.0;0.0;0.0;0.0;0.0;0.0;0.0;0.0;0.0;0.0;0.0;0.0;0.0;0.0;0.0;0.0;0.0;0.0;0.0;0.0;0.0;3.0;5.0;1.0;1.0;0.0;0.0;0;1;0;0;CAMPO LARGO;REGIÃO LESTE;14;9526.0;5201.0;7906.0;9300.0;8990.0;9330.0;9920.0;7136.0;9630.0;9517.0;9123.0;9765.0
10094.0;2017-04-30;6.0;13.0;19.0;23.0;562.0;28.0;4.0;6.0;19.0;438.0;28.0;0.0;28.0;686.0;39.0;106.0;5;4;4;4;4;5;4;1;0;0;0;0;0;0;0;0;0;0;0;0;0;0;0;0.0;0.0;1.0;0.0;0.0;0.0;0.0;0.0;0.0;0.0;0.0;1.0;0.0;0.0;0.0;0.0;0.0;0.0;0.0;0.0;0.0;0.0;0.0;0.0;0.0;0.0;0.0;0.0;0.0;0.0;0.0;0.0;0.0;0.0;0.0;3.0;5.0;1.0;1.0;0.0;0.0;0;1;0;0;CAMPO LARGO;REGIÃO LESTE;15;9889.0;9526.0;5201.0;7906.0;9300.0;8990.0;9330.0;9920.0;7136.0;9630.0;9517.0;9123.0
10633.0;2017-05-31;10.0;15.0;18.0;22.0;550.0;27.0;5.0;10.0;18.0;434.0;27.0;0.0;27.0;666.0;55.0;141.0;4;5;4;5;4;4;5;0;0;0;0;0;0;0;1;0;0;0;0;0;0;0;0;0.0;0.0;1.0;0.0;0.0;0.0;0.0;0.0;0.0;0.0;0.0;1.0;0.0;0.0;0.0;0.0;0.0;0.0;0.0;0.0;0.0;0.0;0.0;0.0;0.0;0.0;0.0;0.0;0.0;0.0;0.0;0.0;0.0;0.0;0.0;3.0;5.0;1.0;1.0;0.0;0.0;0;0;0;0;CAMPO LARGO;REGIÃO LESTE;16;10094.0;9889.0;9526.0;5201.0;7906.0;9300.0;8990.0;9330.0;9920.0;7136.0;9630.0;9517.0
10770.0;2017-06-30;2.0;10.0;16.0;22.0;473.0;26.0;5.0;2.0;18.0;324.0;26.0;0.0;26.0;623.0;78.0;162.0;4;4;5;4;5;4;4;0;0;0;0;0;0;1;0;0;0;0;0;0;0;0;0;0.0;0.0;1.0;0.0;0.0;0.0;0.0;0.0;0.0;0.0;0.0;1.0;0.0;0.0;0.0;0.0;0.0;0.0;0.0;0.0;0.0;0.0;0.0;0.0;0.0;0.0;0.0;0.0;0.0;0.0;0.0;0.0;0.0;0.0;0.0;3.0;5.0;1.0;1.0;0.0;0.0;0;1;0;0;CAMPO LARGO;REGIÃO LESTE;17;10633.0;10094.0;9889.0;9526.0;5201.0;7906.0;9300.0;8990.0;9330.0;9920.0;7136.0;9630.0
7192.0;2017-07-31;-1.0;6.0;15.0;18.0;462.0;26.0;0.0;-1.0;13.0;268.0;26.0;0.0;26.0;656.0;0.0;0.0;5;4;4;5;4;5;4;0;0;0;0;0;1;0;0;0;0;0;0;0;0;0;0;0.0;0.0;1.0;0.0;0.0;0.0;0.0;0.0;0.0;0.0;0.0;1.0;0.0;0.0;0.0;0.0;0.0;0.0;0.0;0.0;0.0;0.0;0.0;0.0;0.0;0.0;0.0;0.0;0.0;0.0;0.0;0.0;0.0;0.0;0.0;3.0;5.0;1.0;1.0;0.0;0.0;16;0;0;0;CAMPO LARGO;REGIÃO LESTE;18;10770.0;10633.0;10094.0;9889.0;9526.0;5201.0;7906.0;9300.0;8990.0;9330.0;9920.0;7136.0
12090.0;2017-08-31;5.0;11.0;17.0;22.0;514.0;31.0;5.0;5.0;14.0;355.0;31.0;0.0;31.0;672.0;52.0;141.0;4;5;5;4;4;4;5;0;1;0;0;0;0;0;0;0;0;0;0;0;0;0;0;0.0;0.0;1.0;0.0;0.0;0.0;0.0;0.0;0.0;0.0;0.0;1.0;0.0;0.0;0.0;0.0;0.0;0.0;0.0;0.0;0.0;0.0;0.0;0.0;0.0;0.0;0.0;0.0;0.0;0.0;0.0;0.0;0.0;0.0;0.0;3.0;5.0;1.0;1.0;0.0;0.0;0;0;0;0;CAMPO LARGO;REGIÃO LESTE;19;7192.0;10770.0;10633.0;10094.0;9889.0;9526.0;5201.0;7906.0;9300.0;8990.0;9330.0;9920.0
10419.0;2017-09-30;10.0;16.0;21.0;23.0;616.0;32.0;1.0;10.0;18.0;430.0;32.0;0.0;32.0;802.0;24.0;39.0;4;4;4;4;5;5;4;0;0;0;0;0;0;0;0;0;0;0;1;0;0;0;0;0.0;0.0;1.0;0.0;0.0;0.0;0.0;0.0;0.0;0.0;0.0;1.0;0.0;0.0;0.0;0.0;0.0;0.0;0.0;0.0;0.0;0.0;0.0;0.0;0.0;0.0;0.0;0.0;0.0;0.0;0.0;0.0;0.0;0.0;0.0;3.0;5.0;1.0;1.0;0.0;0.0;0;0;0;0;CAMPO LARGO;REGIÃO LESTE;20;12090.0;7192.0;10770.0;10633.0;10094.0;9889.0;9526.0;5201.0;7906.0;9300.0;8990.0;9330.0
10137.0;2017-10-31;7.0;15.0;19.0;25.0;603.0;32.0;11.0;7.0;18.0;445.0;32.0;0.0;32.0;760.0;81.0;353.0;5;4;4;5;4;4;5;0;0;0;0;0;0;0;0;0;0;1;0;0;0;0;0;0.0;0.0;1.0;0.0;0.0;0.0;0.0;0.0;0.0;0.0;0.0;1.0;0.0;0.0;0.0;0.0;0.0;0.0;0.0;0.0;0.0;0.0;0.0;0.0;0.0;0.0;0.0;0.0;0.0;0.0;0.0;0.0;0.0;0.0;0.0;3.0;5.0;1.0;1.0;0.0;0.0;0;0;0;0;CAMPO LARGO;REGIÃO LESTE;21;10419.0;12090.0;7192.0;10770.0;10633.0;10094.0;9889.0;9526.0;5201.0;7906.0;9300.0;8990.0
10920.0;2017-11-30;10.0;16.0;20.0;24.0;595.0;32.0;4.0;10.0;18.0;442.0;32.0;0.0;32.0;747.0;44.0;135.0;4;5;5;4;4;4;4;0;0;0;0;0;0;0;0;0;1;0;0;0;0;0;0;0.0;0.0;1.0;0.0;0.0;0.0;0.0;0.0;0.0;0.0;0.0;1.0;0.0;0.0;0.0;0.0;0.0;0.0;0.0;0.0;0.0;0.0;0.0;0.0;0.0;0.0;0.0;0.0;0.0;0.0;0.0;0.0;0.0;0.0;0.0;3.0;5.0;1.0;1.0;0.0;0.0;0;0;0;0;CAMPO LARGO;REGIÃO LESTE;22;10137.0;10419.0;12090.0;7192.0;10770.0;10633.0;10094.0;9889.0;9526.0;5201.0;7906.0;9300.0
8637.0;2017-12-31;15.0;18.0;22.0;25.0;680.0;31.0;5.0;15.0;21.0;550.0;31.0;0.0;31.0;810.0;64.0;158.0;5;4;4;4;5;5;4;0;0;1;0;0;0;0;0;0;0;0;0;0;0;0;0;0.0;0.0;1.0;0.0;0.0;0.0;0.0;0.0;0.0;0.0;0.0;1.0;0.0;0.0;0.0;0.0;0.0;0.0;0.0;0.0;0.0;0.0;0.0;0.0;0.0;0.0;0.0;0.0;0.0;0.0;0.0;0.0;0.0;0.0;0.0;3.0;5.0;1.0;1.0;0.0;0.0;0;0;0;0;CAMPO LARGO;REGIÃO LESTE;23;10920.0;10137.0;10419.0;12090.0;7192.0;10770.0;10633.0;10094.0;9889.0;9526.0;5201.0;7906.0
5766.0;2018-01-31;15.0;19.0;22.0;25.0;695.0;32.0;7.0;15.0;20.0;562.0;32.0;0.0;32.0;827.0;40.0;203.0;4;5;4;5;4;4;5;0;0;0;0;1;0;0;0;0;0;0;0;0;0;0;0;0.0;0.0;0.0;1.0;0.0;0.0;0.0;0.0;0.0;0.0;0.0;1.0;0.0;0.0;0.0;0.0;0.0;0.0;0.0;0.0;0.0;0.0;0.0;0.0;0.0;0.0;0.0;0.0;0.0;0.0;0.0;0.0;0.0;0.0;0.0;3.0;5.0;1.0;1.0;0.0;0.0;31;0;0;0;CAMPO LARGO;REGIÃO LESTE;24;8637.0;10920.0;10137.0;10419.0;12090.0;7192.0;10770.0;10633.0;10094.0;9889.0;9526.0;5201.0
7168.0;2018-02-28;14.0;17.0;21.0;24.0;595.0;30.0;1.0;14.0;21.0;468.0;30.0;0.0;30.0;722.0;6.0;21.0;4;4;4;4;4;4;4;0;0;0;1;0;0;0;0;0;0;0;0;0;0;0;0;0.0;0.0;0.0;1.0;0.0;0.0;0.0;0.0;0.0;0.0;0.0;1.0;0.0;0.0;0.0;0.0;0.0;0.0;0.0;0.0;0.0;0.0;0.0;0.0;0.0;0.0;0.0;0.0;0.0;0.0;0.0;0.0;0.0;0.0;0.0;3.0;5.0;1.0;1.0;0.0;0.0;0;3;0;0;CAMPO LARGO;REGIÃO LESTE;25;5766.0;8637.0;10920.0;10137.0;10419.0;12090.0;7192.0;10770.0;10633.0;10094.0;9889.0;9526.0
12127.0;2018-03-31;16.0;18.0;23.0;25.0;703.0;30.0;7.0;16.0;20.0;565.0;30.0;0.0;30.0;841.0;75.0;219.0;4;4;5;4;5;5;4;0;0;0;0;0;0;0;0;1;0;0;0;0;0;0;0;0.0;0.0;0.0;1.0;0.0;0.0;0.0;0.0;0.0;0.0;0.0;1.0;0.0;0.0;0.0;0.0;0.0;0.0;0.0;0.0;0.0;0.0;0.0;0.0;0.0;0.0;0.0;0.0;0.0;0.0;0.0;0.0;0.0;0.0;0.0;3.0;5.0;1.0;1.0;0.0;0.0;0;1;0;0;CAMPO LARGO;REGIÃO LESTE;26;7168.0;5766.0;8637.0;10920.0;10137.0;10419.0;12090.0;7192.0;10770.0;10633.0;10094.0;9889.0
10950.0;2018-04-30;12.0;17.0;21.0;23.0;616.0;29.0;0.0;12.0;20.0;456.0;29.0;0.0;29.0;777.0;2.0;4.0;5;4;4;5;4;4;4;1;0;0;0;0;0;0;0;0;0;0;0;0;0;0;0;0.0;0.0;0.0;1.0;0.0;0.0;0.0;0.0;0.0;0.0;0.0;1.0;0.0;0.0;0.0;0.0;0.0;0.0;0.0;0.0;0.0;0.0;0.0;0.0;0.0;0.0;0.0;0.0;0.0;0.0;0.0;0.0;0.0;0.0;0.0;3.0;5.0;1.0;1.0;0.0;0.0;0;0;0;0;CAMPO LARGO;REGIÃO LESTE;27;12127.0;7168.0;5766.0;8637.0;10920.0;10137.0;10419.0;12090.0;7192.0;10770.0;10633.0;10094.0
11233.0;2018-05-31;4.0;12.0;17.0;22.0;542.0;28.0;2.0;4.0;18.0;384.0;28.0;0.0;28.0;700.0;44.0;51.0;4;5;5;4;4;4;5;0;0;0;0;0;0;0;1;0;0;0;0;0;0;0;0;0.0;0.0;0.0;1.0;0.0;0.0;0.0;0.0;0.0;0.0;0.0;1.0;0.0;0.0;0.0;0.0;0.0;0.0;0.0;0.0;0.0;0.0;0.0;0.0;0.0;0.0;0.0;0.0;0.0;0.0;0.0;0.0;0.0;0.0;0.0;3.0;5.0;1.0;1.0;0.0;0.0;0;1;0;0;CAMPO LARGO;REGIÃO LESTE;28;10950.0;12127.0;7168.0;5766.0;8637.0;10920.0;10137.0;10419.0;12090.0;7192.0;10770.0;10633.0
11083.0;2018-06-30;2.0;10.0;15.0;22.0;461.0;28.0;5.0;2.0;18.0;327.0;28.0;0.0;28.0;596.0;33.0;157.0;4;4;4;4;5;5;4;0;0;0;0;0;0;1;0;0;0;0;0;0;0;0;0;0.0;0.0;0.0;1.0;0.0;0.0;0.0;0.0;0.0;0.0;0.0;1.0;0.0;0.0;0.0;0.0;0.0;0.0;0.0;0.0;0.0;0.0;0.0;0.0;0.0;0.0;0.0;0.0;0.0;0.0;0.0;0.0;0.0;0.0;0.0;3.0;5.0;1.0;1.0;0.0;0.0;0;0;0;0;CAMPO LARGO;REGIÃO LESTE;29;11233.0;10950.0;12127.0;7168.0;5766.0;8637.0;10920.0;10137.0;10419.0;12090.0;7192.0;10770.0
8246.0;2018-07-31;2.0;9.0;17.0;20.0;517.0;28.0;0.0;2.0;15.0;332.0;28.0;0.0;28.0;702.0;8.0;9.0;5;4;4;5;4;4;5;0;0;0;0;0;1;0;0;0;0;0;0;0;0;0;0;0.0;0.0;0.0;1.0;0.0;0.0;0.0;0.0;0.0;0.0;0.0;1.0;0.0;0.0;0.0;0.0;0.0;0.0;0.0;0.0;0.0;0.0;0.0;0.0;0.0;0.0;0.0;0.0;0.0;0.0;0.0;0.0;0.0;0.0;0.0;3.0;5.0;1.0;1.0;0.0;0.0;16;0;0;0;CAMPO LARGO;REGIÃO LESTE;30;11083.0;11233.0;10950.0;12127.0;7168.0;5766.0;8637.0;10920.0;10137.0;10419.0;12090.0;7192.0
12524.0;2018-08-31;3.0;11.0;15.0;21.0;476.0;30.0;3.0;3.0;15.0;315.0;30.0;0.0;30.0;637.0;49.0;82.0;4;5;5;4;5;4;4;0;1;0;0;0;0;0;0;0;0;0;0;0;0;0;0;0.0;0.0;0.0;1.0;0.0;0.0;0.0;0.0;0.0;0.0;0.0;1.0;0.0;0.0;0.0;0.0;0.0;0.0;0.0;0.0;0.0;0.0;0.0;0.0;0.0;0.0;0.0;0.0;0.0;0.0;0.0;0.0;0.0;0.0;0.0;3.0;4.0;1.0;1.0;0.0;0.0;0;0;0;0;CAMPO LARGO;REGIÃO LESTE;31;8246.0;11083.0;11233.0;10950.0;12127.0;7168.0;5766.0;8637.0;10920.0;10137.0;10419.0;12090.0
11354.0;2018-09-30;5.0;13.0;18.0;23.0;552.0;30.0;2.0;5.0;18.0;411.0;30.0;0.0;30.0;693.0;10.0;50.0;5;4;4;4;4;5;4;0;0;0;0;0;0;0;0;0;0;0;1;0;0;0;0;0.0;0.0;0.0;1.0;0.0;0.0;0.0;0.0;0.0;0.0;0.0;1.0;0.0;0.0;0.0;0.0;0.0;0.0;0.0;0.0;0.0;0.0;0.0;0.0;0.0;0.0;0.0;0.0;0.0;0.0;0.0;0.0;0.0;0.0;0.0;3.0;4.0;1.0;1.0;0.0;0.0;0;0;0;0;CAMPO LARGO;REGIÃO LESTE;32;12524.0;8246.0;11083.0;11233.0;10950.0;12127.0;7168.0;5766.0;8637.0;10920.0;10137.0;10419.0
11501.0;2018-10-31;12.0;14.0;19.0;23.0;587.0;29.0;7.0;12.0;18.0;471.0;29.0;0.0;29.0;703.0;41.0;206.0;4;5;4;5;4;4;5;0;0;0;0;0;0;0;0;0;0;1;0;0;0;0;0;0.0;0.0;0.0;1.0;0.0;0.0;0.0;0.0;0.0;0.0;0.0;1.0;0.0;0.0;0.0;0.0;0.0;0.0;0.0;0.0;0.0;0.0;0.0;0.0;0.0;0.0;0.0;0.0;0.0;0.0;0.0;0.0;0.0;0.0;0.0;3.0;4.0;1.0;1.0;0.0;0.0;0;0;0;0;CAMPO LARGO;REGIÃO LESTE;33;11354.0;12524.0;8246.0;11083.0;11233.0;10950.0;12127.0;7168.0;5766.0;8637.0;10920.0;10137.0
10980.0;2018-11-30;12.0;16.0;21.0;26.0;620.0;32.0;2.0;12.0;20.0;478.0;32.0;0.0;32.0;761.0;35.0;70.0;4;4;5;4;5;4;4;0;0;0;0;0;0;0;0;0;1;0;0;0;0;0;0;0.0;0.0;0.0;1.0;0.0;0.0;0.0;0.0;0.0;0.0;0.0;1.0;0.0;0.0;0.0;0.0;0.0;0.0;0.0;0.0;0.0;0.0;0.0;0.0;0.0;0.0;0.0;0.0;0.0;0.0;0.0;0.0;0.0;0.0;0.0;3.0;4.0;1.0;1.0;0.0;0.0;0;0;0;0;CAMPO LARGO;REGIÃO LESTE;34;11501.0;11354.0;12524.0;8246.0;11083.0;11233.0;10950.0;12127.0;7168.0;5766.0;8637.0;10920.0
10406.0;2018-12-31;11.0;17.0;23.0;27.0;724.0;33.0;3.0;11.0;21.0;548.0;33.0;0.0;33.0;901.0;42.0;89.0;5;4;4;5;4;5;4;0;0;1;0;0;0;0;0;0;0;0;0;0;0;0;0;0.0;0.0;0.0;1.0;0.0;0.0;0.0;0.0;0.0;0.0;0.0;1.0;0.0;0.0;0.0;0.0;0.0;0.0;0.0;0.0;0.0;0.0;0.0;0.0;0.0;0.0;0.0;0.0;0.0;0.0;0.0;0.0;0.0;0.0;0.0;3.0;4.0;1.0;1.0;0.0;0.0;0;0;0;0;CAMPO LARGO;REGIÃO LESTE;35;10980.0;11501.0;11354.0;12524.0;8246.0;11083.0;11233.0;10950.0;12127.0;7168.0;5766.0;8637.0
5541.0;2019-01-31;17.0;22.0;25.0;27.0;771.0;34.0;3.0;17.0;22.0;612.0;34.0;0.0;34.0;929.0;22.0;104.0;4;5;5;4;4;4;5;0;0;0;0;1;0;0;0;0;0;0;0;0;0;0;0;0.0;0.0;0.0;0.0;1.0;0.0;0.0;0.0;0.0;0.0;0.0;1.0;0.0;0.0;0.0;0.0;0.0;0.0;0.0;0.0;0.0;0.0;0.0;0.0;0.0;0.0;0.0;0.0;0.0;0.0;0.0;0.0;0.0;0.0;0.0;3.0;4.0;1.0;1.0;0.0;0.0;31;0;0;0;CAMPO LARGO;REGIÃO LESTE;36;10406.0;10980.0;11501.0;11354.0;12524.0;8246.0;11083.0;11233.0;10950.0;12127.0;7168.0;5766.0
8988.0;2019-02-28;16.0;18.0;22.0;27.0;625.0;34.0;4.0;16.0;21.0;505.0;34.0;0.0;34.0;745.0;27.0;109.0;4;4;4;4;4;4;4;0;0;0;1;0;0;0;0;0;0;0;0;0;0;0;0;0.0;0.0;0.0;0.0;1.0;0.0;0.0;0.0;0.0;0.0;0.0;1.0;0.0;0.0;0.0;0.0;0.0;0.0;0.0;0.0;0.0;0.0;0.0;0.0;0.0;0.0;0.0;0.0;0.0;0.0;0.0;0.0;0.0;0.0;0.0;3.0;4.0;1.0;1.0;0.0;1.0;0;0;0;0;CAMPO LARGO;REGIÃO LESTE;37;5541.0;10406.0;10980.0;11501.0;11354.0;12524.0;8246.0;11083.0;11233.0;10950.0;12127.0;7168.0
10759.0;2019-03-31;14.0;18.0;22.0;24.0;677.0;30.0;3.0;14.0;20.0;546.0;30.0;0.0;30.0;808.0;30.0;108.0;5;4;4;4;5;5;4;0;0;0;0;0;0;0;0;1;0;0;0;0;0;0;0;0.0;0.0;0.0;0.0;1.0;0.0;0.0;0.0;0.0;0.0;0.0;1.0;0.0;0.0;0.0;0.0;0.0;0.0;0.0;0.0;0.0;0.0;0.0;0.0;0.0;0.0;0.0;0.0;0.0;0.0;0.0;0.0;0.0;0.0;0.0;4.0;4.0;1.0;1.0;0.0;1.0;0;3;0;0;CAMPO LARGO;REGIÃO LESTE;38;8988.0;5541.0;10406.0;10980.0;11501.0;11354.0;12524.0;8246.0;11083.0;11233.0;10950.0;12127.0
11310.0;2019-04-30;11.0;17.0;21.0;25.0;623.0;29.0;3.0;11.0;21.0;492.0;29.0;0.0;29.0;755.0;23.0;82.0;4;4;4;5;4;4;5;1;0;0;0;0;0;0;0;0;0;0;0;0;0;0;0;0.0;0.0;0.0;0.0;1.0;0.0;0.0;0.0;0.0;0.0;0.0;1.0;0.0;0.0;0.0;0.0;0.0;0.0;0.0;0.0;0.0;0.0;0.0;0.0;0.0;0.0;0.0;0.0;0.0;0.0;0.0;0.0;0.0;0.0;0.0;4.0;4.0;1.0;1.0;0.0;1.0;0;1;0;0;CAMPO LARGO;REGIÃO LESTE;39;10759.0;8988.0;5541.0;10406.0;10980.0;11501.0;11354.0;12524.0;8246.0;11083.0;11233.0;10950.0
12338.0;2019-05-31;8.0;14.0;18.0;24.0;571.0;29.0;15.0;8.0;19.0;460.0;29.0;0.0;29.0;681.0;170.0;480.0;4;5;5;4;5;4;4;0;0;0;0;0;0;0;1;0;0;0;0;0;0;0;0;0.0;0.0;0.0;0.0;1.0;0.0;0.0;0.0;0.0;0.0;0.0;1.0;0.0;0.0;0.0;0.0;0.0;0.0;0.0;0.0;0.0;0.0;0.0;0.0;0.0;0.0;0.0;0.0;0.0;0.0;0.0;0.0;0.0;0.0;0.0;4.0;4.0;1.0;1.0;0.0;1.0;0;0;0;0;CAMPO LARGO;REGIÃO LESTE;40;11310.0;10759.0;8988.0;5541.0;10406.0;10980.0;11501.0;11354.0;12524.0;8246.0;11083.0;11233.0
10782.0;2019-06-30;6.0;11.0;17.0;21.0;511.0;27.0;2.0;6.0;15.0;354.0;27.0;0.0;27.0;669.0;22.0;62.0;5;4;4;4;4;5;4;0;0;0;0;0;0;1;0;0;0;0;0;0;0;0;0;0.0;0.0;0.0;0.0;1.0;0.0;0.0;0.0;0.0;0.0;0.0;1.0;0.0;0.0;0.0;0.0;0.0;0.0;0.0;0.0;0.0;0.0;0.0;0.0;0.0;0.0;0.0;0.0;0.0;0.0;0.0;0.0;0.0;0.0;0.0;4.0;4.0;1.0;1.0;0.0;1.0;0;1;0;0;CAMPO LARGO;REGIÃO LESTE;41;12338.0;11310.0;10759.0;8988.0;5541.0;10406.0;10980.0;11501.0;11354.0;12524.0;8246.0;11083.0
7843.0;2019-07-31;-1.0;6.0;15.0;20.0;479.0;26.0;1.0;-1.0;17.0;296.0;26.0;0.0;26.0;662.0;7.0;21.0;4;5;4;5;4;4;5;0;0;0;0;0;1;0;0;0;0;0;0;0;0;0;0;0.0;0.0;0.0;0.0;1.0;0.0;0.0;0.0;0.0;0.0;0.0;1.0;0.0;0.0;0.0;0.0;0.0;0.0;0.0;0.0;0.0;0.0;0.0;0.0;0.0;0.0;0.0;0.0;0.0;0.0;0.0;0.0;0.0;0.0;0.0;4.0;4.0;1.0;1.0;0.0;1.0;16;0;0;0;CAMPO LARGO;REGIÃO LESTE;42;10782.0;12338.0;11310.0;10759.0;8988.0;5541.0;10406.0;10980.0;11501.0;11354.0;12524.0;8246.0
12636.0;2019-08-31;3.0;8.0;16.0;21.0;495.0;29.0;1.0;3.0;15.0;324.0;29.0;0.0;29.0;665.0;8.0;19.0;4;4;5;4;5;5;4;0;1;0;0;0;0;0;0;0;0;0;0;0;0;0;0;0.0;0.0;0.0;0.0;1.0;0.0;0.0;0.0;0.0;0.0;0.0;1.0;0.0;0.0;0.0;0.0;0.0;0.0;0.0;0.0;0.0;0.0;0.0;0.0;0.0;0.0;0.0;0.0;0.0;0.0;0.0;0.0;0.0;0.0;0.0;4.0;4.0;1.0;1.0;0.0;1.0;0;0;0;0;CAMPO LARGO;REGIÃO LESTE;43;7843.0;10782.0;12338.0;11310.0;10759.0;8988.0;5541.0;10406.0;10980.0;11501.0;11354.0;12524.0
11880.0;2019-09-30;8.0;11.0;19.0;24.0;558.0;32.0;5.0;8.0;18.0;411.0;32.0;0.0;32.0;704.0;49.0;151.0;5;4;4;5;4;4;4;0;0;0;0;0;0;0;0;0;0;0;1;0;0;0;0;0.0;0.0;0.0;0.0;1.0;0.0;0.0;0.0;0.0;0.0;0.0;1.0;0.0;0.0;0.0;0.0;0.0;0.0;0.0;0.0;0.0;0.0;0.0;0.0;0.0;0.0;0.0;0.0;0.0;0.0;0.0;0.0;0.0;0.0;0.0;4.0;4.0;1.0;1.0;0.0;1.0;0;0;0;0;CAMPO LARGO;REGIÃO LESTE;44;12636.0;7843.0;10782.0;12338.0;11310.0;10759.0;8988.0;5541.0;10406.0;10980.0;11501.0;11354.0
11718.0;2019-10-31;12.0;16.0;21.0;26.0;662.0;34.0;3.0;12.0;19.0;490.0;34.0;0.0;34.0;833.0;28.0;95.0;4;5;5;4;4;4;5;0;0;0;0;0;0;0;0;0;0;1;0;0;0;0;0;0.0;0.0;0.0;0.0;1.0;0.0;0.0;0.0;0.0;0.0;0.0;1.0;0.0;0.0;0.0;0.0;0.0;0.0;0.0;0.0;0.0;0.0;0.0;0.0;0.0;0.0;0.0;0.0;0.0;0.0;0.0;0.0;0.0;0.0;0.0;4.0;4.0;1.0;1.0;0.0;1.0;0;0;0;0;CAMPO LARGO;REGIÃO LESTE;45;11880.0;12636.0;7843.0;10782.0;12338.0;11310.0;10759.0;8988.0;5541.0;10406.0;10980.0;11501.0
11626.0;2019-11-30;13.0;16.0;21.0;25.0;628.0;32.0;4.0;13.0;20.0;487.0;32.0;0.0;32.0;769.0;32.0;125.0;4;4;4;4;5;5;4;0;0;0;0;0;0;0;0;0;1;0;0;0;0;0;0;0.0;0.0;0.0;0.0;1.0;0.0;0.0;0.0;0.0;0.0;0.0;1.0;0.0;0.0;0.0;0.0;0.0;0.0;0.0;0.0;0.0;0.0;0.0;0.0;0.0;0.0;0.0;0.0;0.0;0.0;0.0;0.0;0.0;0.0;0.0;4.0;4.0;1.0;1.0;0.0;1.0;0;0;0;0;CAMPO LARGO;REGIÃO LESTE;46;11718.0;11880.0;12636.0;7843.0;10782.0;12338.0;11310.0;10759.0;8988.0;5541.0;10406.0;10980.0
8782.0;2019-12-31;14.0;17.0;22.0;25.0;669.0;31.0;3.0;14.0;20.0;526.0;31.0;0.0;31.0;811.0;18.0;81.0;5;4;4;5;4;4;5;0;0;1;0;0;0;0;0;0;0;0;0;0;0;0;0;0.0;0.0;0.0;0.0;1.0;0.0;0.0;0.0;0.0;0.0;0.0;1.0;0.0;0.0;0.0;0.0;0.0;0.0;0.0;0.0;0.0;0.0;0.0;0.0;0.0;0.0;0.0;0.0;0.0;0.0;0.0;0.0;0.0;0.0;0.0;4.0;4.0;1.0;1.0;0.0;1.0;0;0;0;0;CAMPO LARGO;REGIÃO LESTE;47;11626.0;11718.0;11880.0;12636.0;7843.0;10782.0;12338.0;11310.0;10759.0;8988.0;5541.0;10406.0
5332.0;2020-01-31;15.0;17.0;23.0;26.0;700.0;31.0;3.0;15.0;21.0;561.0;31.0;0.0;31.0;838.0;19.0;99.0;4;5;5;4;5;4;4;0;0;0;0;1;0;0;0;0;0;0;0;0;0;0;0;0.0;0.0;0.0;0.0;0.0;1.0;0.0;0.0;0.0;0.0;0.0;1.0;0.0;0.0;0.0;0.0;0.0;0.0;0.0;0.0;0.0;0.0;0.0;0.0;0.0;0.0;0.0;0.0;0.0;0.0;0.0;0.0;0.0;0.0;0.0;4.0;4.0;1.0;1.0;0.0;1.0;31;0;0;0;CAMPO LARGO;REGIÃO LESTE;48;8782.0;11626.0;11718.0;11880.0;12636.0;7843.0;10782.0;12338.0;11310.0;10759.0;8988.0;5541.0
8810.0;2020-02-29;12.0;18.0;22.0;26.0;632.0;31.0;4.0;12.0;21.0;508.0;31.0;0.0;31.0;757.0;26.0;108.0;4;4;4;4;4;5;4;0;0;0;1;0;0;0;0;0;0;0;0;0;0;0;0;0.0;0.0;0.0;0.0;0.0;1.0;0.0;0.0;0.0;0.0;0.0;1.0;0.0;0.0;0.0;0.0;0.0;0.0;0.0;0.0;0.0;0.0;0.0;0.0;0.0;0.0;0.0;0.0;0.0;0.0;0.0;0.0;0.0;0.0;0.0;5.0;4.0;1.0;1.0;2.0;1.0;0;3;0;0;CAMPO LARGO;REGIÃO LESTE;49;5332.0;8782.0;11626.0;11718.0;11880.0;12636.0;7843.0;10782.0;12338.0;11310.0;10759.0;8988.0
8370.0;2020-03-31;13.0;18.0;21.0;25.0;659.0;32.0;1.0;13.0;20.0;488.0;32.0;0.0;32.0;831.0;15.0;24.0;5;4;4;5;4;4;5;0;0;0;0;0;0;0;0;1;0;0;0;0;0;0;0;0.0;0.0;0.0;0.0;0.0;1.0;0.0;0.0;0.0;0.0;0.0;1.0;0.0;0.0;0.0;0.0;0.0;0.0;0.0;0.0;0.0;0.0;0.0;0.0;0.0;0.0;0.0;0.0;0.0;0.0;0.0;0.0;0.0;0.0;0.0;5.0;4.0;1.0;1.0;2.0;1.0;0;0;15;0;CAMPO LARGO;REGIÃO LESTE;50;8810.0;5332.0;8782.0;11626.0;11718.0;11880.0;12636.0;7843.0;10782.0;12338.0;11310.0;10759.0
4290.0;2020-04-30;6.0;15.0;19.0;24.0;565.0;29.0;2.0;6.0;19.0;386.0;29.0;0.0;29.0;745.0;36.0;56.0;4;5;5;4;4;4;4;1;0;0;0;0;0;0;0;0;0;0;0;0;0;0;0;0.0;0.0;0.0;0.0;0.0;1.0;0.0;0.0;0.0;0.0;0.0;1.0;0.0;0.0;0.0;0.0;0.0;0.0;0.0;0.0;0.0;0.0;0.0;0.0;0.0;0.0;0.0;0.0;0.0;0.0;0.0;0.0;0.0;0.0;0.0;5.0;4.0;1.0;1.0;2.0;1.0;0;1;30;0;CAMPO LARGO;REGIÃO LESTE;51;8370.0;8810.0;5332.0;8782.0;11626.0;11718.0;11880.0;12636.0;7843.0;10782.0;12338.0;11310.0
3255.0;2020-05-31;3.0;11.0;16.0;21.0;493.0;26.0;3.0;3.0;16.0;302.0;26.0;0.0;26.0;684.0;83.0;100.0;5;4;4;4;5;5;4;0;0;0;0;0;0;0;1;0;0;0;0;0;0;0;0;0.0;0.0;0.0;0.0;0.0;1.0;0.0;0.0;0.0;0.0;0.0;1.0;0.0;0.0;0.0;0.0;0.0;0.0;0.0;0.0;0.0;0.0;0.0;0.0;0.0;0.0;0.0;0.0;0.0;0.0;0.0;0.0;0.0;0.0;0.0;5.0;4.0;1.0;1.0;2.0;1.0;0;0;31;0;CAMPO LARGO;REGIÃO LESTE;52;4290.0;8370.0;8810.0;5332.0;8782.0;11626.0;11718.0;11880.0;12636.0;7843.0;10782.0;12338.0
3570.0;2020-06-30;8.0;11.0;17.0;21.0;499.0;28.0;8.0;8.0;18.0;368.0;28.0;0.0;28.0;630.0;74.0;237.0;4;4;4;5;4;4;5;0;0;0;0;0;0;1;0;0;0;0;0;0;0;0;0;0.0;0.0;0.0;0.0;0.0;1.0;0.0;0.0;0.0;0.0;0.0;1.0;0.0;0.0;0.0;0.0;0.0;0.0;0.0;0.0;0.0;0.0;0.0;0.0;0.0;0.0;0.0;0.0;0.0;0.0;0.0;0.0;0.0;0.0;0.0;5.0;4.0;1.0;1.0;2.0;1.0;0;1;30;0;CAMPO LARGO;REGIÃO LESTE;53;3255.0;4290.0;8370.0;8810.0;5332.0;8782.0;11626.0;11718.0;11880.0;12636.0;7843.0;10782.0
3875.0;2020-07-31;2.0;9.0;15.0;21.0;478.0;26.0;2.0;2.0;15.0;304.0;26.0;0.0;26.0;651.0;38.0;55.0;4;5;5;4;5;4;4;0;0;0;0;0;1;0;0;0;0;0;0;0;0;0;0;0.0;0.0;0.0;0.0;0.0;1.0;0.0;0.0;0.0;0.0;0.0;1.0;0.0;0.0;0.0;0.0;0.0;0.0;0.0;0.0;0.0;0.0;0.0;0.0;0.0;0.0;0.0;0.0;0.0;0.0;0.0;0.0;0.0;0.0;0.0;5.0;4.0;1.0;1.0;2.0;1.0;0;0;31;0;CAMPO LARGO;REGIÃO LESTE;54;3570.0;3255.0;4290.0;8370.0;8810.0;5332.0;8782.0;11626.0;11718.0;11880.0;12636.0;7843.0
3255.0;2020-08-31;1.0;6.0;16.0;22.0;489.0;31.0;7.0;1.0;15.0;312.0;31.0;0.0;31.0;666.0;53.0;221.0;5;4;4;5;4;5;4;0;1;0;0;0;0;0;0;0;0;0;0;0;0;0;0;0.0;0.0;0.0;0.0;0.0;1.0;0.0;0.0;0.0;0.0;0.0;1.0;0.0;0.0;0.0;0.0;0.0;0.0;0.0;0.0;0.0;0.0;0.0;0.0;0.0;0.0;0.0;0.0;0.0;0.0;0.0;0.0;0.0;0.0;0.0;5.0;4.0;1.0;1.0;2.0;1.0;0;0;31;0;CAMPO LARGO;REGIÃO LESTE;55;3875.0;3570.0;3255.0;4290.0;8370.0;8810.0;5332.0;8782.0;11626.0;11718.0;11880.0;12636.0
3900.0;2020-09-30;10.0;13.0;20.0;25.0;601.0;34.0;3.0;10.0;17.0;422.0;34.0;0.0;34.0;779.0;42.0;89.0;4;5;4;4;4;4;5;0;0;0;0;0;0;0;0;0;0;0;1;0;0;0;0;0.0;0.0;0.0;0.0;0.0;1.0;0.0;0.0;0.0;0.0;0.0;1.0;0.0;0.0;0.0;0.0;0.0;0.0;0.0;0.0;0.0;0.0;0.0;0.0;0.0;0.0;0.0;0.0;0.0;0.0;0.0;0.0;0.0;0.0;0.0;5.0;4.0;1.0;1.0;2.0;1.0;0;0;30;0;CAMPO LARGO;REGIÃO LESTE;56;3255.0;3875.0;3570.0;3255.0;4290.0;8370.0;8810.0;5332.0;8782.0;11626.0;11718.0;11880.0
4196.0;2020-10-31;9.0;14.0;20.0;27.0;624.0;36.0;2.0;9.0;18.0;454.0;36.0;0.0;36.0;793.0;22.0;72.0;4;4;5;4;5;5;4;0;0;0;0;0;0;0;0;0;0;1;0;0;0;0;0;0.0;0.0;0.0;0.0;0.0;1.0;0.0;0.0;0.0;0.0;0.0;1.0;0.0;0.0;0.0;0.0;0.0;0.0;0.0;0.0;0.0;0.0;0.0;0.0;0.0;0.0;0.0;0.0;0.0;0.0;0.0;0.0;0.0;0.0;0.0;5.0;4.0;1.0;1.0;2.0;1.0;0;0;31;0;CAMPO LARGO;REGIÃO LESTE;57;3900.0;3255.0;3875.0;3570.0;3255.0;4290.0;8370.0;8810.0;5332.0;8782.0;11626.0;11718.0
3480.0;2020-11-30;8.0;15.0;20.0;25.0;606.0;33.0;5.0;8.0;19.0;438.0;33.0;0.0;33.0;774.0;39.0;136.0;5;4;4;5;4;4;4;0;0;0;0;0;0;0;0;0;1;0;0;0;0;0;0;0.0;0.0;0.0;0.0;0.0;1.0;0.0;0.0;0.0;0.0;0.0;1.0;0.0;0.0;0.0;0.0;0.0;0.0;0.0;0.0;0.0;0.0;0.0;0.0;0.0;0.0;0.0;0.0;0.0;0.0;0.0;0.0;0.0;0.0;0.0;5.0;4.0;1.0;1.0;2.0;1.0;0;0;30;0;CAMPO LARGO;REGIÃO LESTE;58;4196.0;3900.0;3255.0;3875.0;3570.0;3255.0;4290.0;8370.0;8810.0;5332.0;8782.0;11626.0
3689.0;2020-12-31;14.0;16.0;22.0;25.0;690.0;31.0;4.0;14.0;20.0;545.0;31.0;0.0;31.0;834.0;50.0;128.0;4;5;5;4;4;4;5;0;0;1;0;0;0;0;0;0;0;0;0;0;0;0;0;0.0;0.0;0.0;0.0;0.0;1.0;0.0;0.0;0.0;0.0;0.0;1.0;0.0;0.0;0.0;0.0;0.0;0.0;0.0;0.0;0.0;0.0;0.0;0.0;0.0;0.0;0.0;0.0;0.0;0.0;0.0;0.0;0.0;0.0;0.0;5.0;4.0;1.0;1.0;2.0;1.0;0;0;31;0;CAMPO LARGO;REGIÃO LESTE;59;3480.0;4196.0;3900.0;3255.0;3875.0;3570.0;3255.0;4290.0;8370.0;8810.0;5332.0;8782.0
3317.0;2021-01-31;14.0;19.0;23.0;26.0;699.0;31.0;5.0;14.0;21.0;579.0;31.0;0.0;31.0;819.0;43.0;164.0;5;4;4;4;5;5;4;0;0;0;0;1;0;0;0;0;0;0;0;1;0;0;0;0.0;0.0;0.0;0.0;0.0;0.0;0.0;0.0;0.0;0.0;0.0;1.0;0.0;0.0;0.0;0.0;0.0;0.0;0.0;0.0;0.0;0.0;0.0;0.0;0.0;0.0;0.0;0.0;0.0;0.0;0.0;0.0;0.0;0.0;0.0;5.0;3.0;1.0;1.0;2.0;1.0;0;0;31;0;CAMPO LARGO;REGIÃO LESTE;60;3689.0;3480.0;4196.0;3900.0;3255.0;3875.0;3570.0;3255.0;4290.0;8370.0;8810.0;5332.0
3332.0;2021-02-28;13.0;19.0;22.0;26.0;621.0;32.0;4.0;13.0;21.0;470.0;32.0;0.0;32.0;773.0;70.0;114.0;4;4;4;4;4;4;4;0;0;0;1;0;0;0;0;0;0;0;0;1;0;0;0;0.0;0.0;0.0;0.0;0.0;0.0;0.0;0.0;0.0;0.0;0.0;1.0;0.0;0.0;0.0;0.0;0.0;0.0;0.0;0.0;0.0;0.0;0.0;0.0;0.0;0.0;0.0;0.0;0.0;0.0;0.0;0.0;0.0;0.0;0.0;5.0;3.0;1.0;1.0;2.0;1.0;0;3;28;0;CAMPO LARGO;REGIÃO LESTE;61;3317.0;3689.0;3480.0;4196.0;3900.0;3255.0;3875.0;3570.0;3255.0;4290.0;8370.0;8810.0
3286.0;2021-03-31;11.0;18.0;23.0;25.0;698.0;31.0;7.0;11.0;20.0;548.0;31.0;0.0;31.0;848.0;38.0;210.0;4;5;4;5;4;4;5;0;0;0;0;0;0;0;0;1;0;0;0;1;0;0;0;0.0;0.0;0.0;0.0;0.0;0.0;0.0;0.0;0.0;0.0;0.0;1.0;0.0;0.0;0.0;0.0;0.0;0.0;0.0;0.0;0.0;0.0;0.0;0.0;0.0;0.0;0.0;0.0;0.0;0.0;0.0;0.0;0.0;0.0;0.0;5.0;3.0;1.0;1.0;2.0;1.0;0;0;31;0;CAMPO LARGO;REGIÃO LESTE;62;3332.0;3317.0;3689.0;3480.0;4196.0;3900.0;3255.0;3875.0;3570.0;3255.0;4290.0;8370.0
3570.0;2021-04-30;10.0;16.0;19.0;22.0;558.0;28.0;0.0;10.0;16.0;410.0;28.0;0.0;28.0;705.0;0.0;1.0;4;4;5;4;5;4;4;1;0;0;0;0;0;0;0;0;0;0;0;1;0;0;0;0.0;0.0;0.0;0.0;0.0;0.0;0.0;0.0;0.0;0.0;0.0;1.0;0.0;0.0;0.0;0.0;0.0;0.0;0.0;0.0;0.0;0.0;0.0;0.0;0.0;0.0;0.0;0.0;0.0;0.0;0.0;0.0;0.0;0.0;0.0;5.0;3.0;1.0;1.0;2.0;1.0;0;1;30;0;CAMPO LARGO;REGIÃO LESTE;63;3286.0;3332.0;3317.0;3689.0;3480.0;4196.0;3900.0;3255.0;3875.0;3570.0;3255.0;4290.0
2976.0;2021-05-31;2.0;12.0;16.0;22.0;506.0;27.0;5.0;2.0;17.0;333.0;27.0;0.0;27.0;678.0;37.0;165.0;5;4;4;5;4;5;4;0;0;0;0;0;0;0;1;0;0;0;0;1;0;0;0;0.0;0.0;0.0;0.0;0.0;0.0;0.0;0.0;0.0;0.0;0.0;1.0;0.0;0.0;0.0;0.0;0.0;0.0;0.0;0.0;0.0;0.0;0.0;0.0;0.0;0.0;0.0;0.0;0.0;0.0;0.0;0.0;0.0;0.0;0.0;5.0;3.0;1.0;1.0;2.0;1.0;0;0;31;0;CAMPO LARGO;REGIÃO LESTE;64;3570.0;3286.0;3332.0;3317.0;3689.0;3480.0;4196.0;3900.0;3255.0;3875.0;3570.0;3255.0
2850.0;2021-06-30;-0.0;6.0;15.0;20.0;446.0;26.0;4.0;-0.0;15.0;309.0;26.0;0.0;26.0;583.0;69.0;128.0;4;5;4;4;4;4;5;0;0;0;0;0;0;1;0;0;0;0;0;1;0;0;0;0.0;0.0;0.0;0.0;0.0;0.0;0.0;0.0;0.0;0.0;0.0;1.0;0.0;0.0;0.0;0.0;0.0;0.0;0.0;0.0;0.0;0.0;0.0;0.0;0.0;0.0;0.0;0.0;0.0;0.0;0.0;0.0;0.0;0.0;0.0;5.0;3.0;1.0;1.0;2.0;1.0;0;1;30;0;CAMPO LARGO;REGIÃO LESTE;65;2976.0;3570.0;3286.0;3332.0;3317.0;3689.0;3480.0;4196.0;3900.0;3255.0;3875.0;3570.0
2511.0;2021-07-31;-2.0;6.0;13.0;18.0;402.0;26.0;1.0;-2.0;13.0;190.0;26.0;0.0;26.0;613.0;18.0;35.0;4;4;5;4;5;5;4;0;0;0;0;0;1;0;0;0;0;0;0;1;0;0;0;0.0;0.0;0.0;0.0;0.0;0.0;0.0;0.0;0.0;0.0;0.0;1.0;0.0;0.0;0.0;0.0;0.0;0.0;0.0;0.0;0.0;0.0;0.0;0.0;0.0;0.0;0.0;0.0;0.0;0.0;0.0;0.0;0.0;0.0;0.0;5.0;3.0;1.0;1.0;2.0;1.0;0;0;31;0;CAMPO LARGO;REGIÃO LESTE;66;2850.0;2976.0;3570.0;3286.0;3332.0;3317.0;3689.0;3480.0;4196.0;3900.0;3255.0;3875.0
2914.0;2021-08-31;6.0;10.0;17.0;24.0;516.0;30.0;3.0;6.0;19.0;350.0;30.0;0.0;30.0;682.0;26.0;102.0;5;4;4;5;4;4;5;0;1;0;0;0;0;0;0;0;0;0;0;1;0;0;0;0.0;0.0;0.0;0.0;0.0;0.0;0.0;0.0;0.0;0.0;0.0;1.0;0.0;0.0;0.0;0.0;0.0;0.0;0.0;0.0;0.0;0.0;0.0;0.0;0.0;0.0;0.0;0.0;0.0;0.0;0.0;0.0;0.0;0.0;0.0;5.0;3.0;1.0;1.0;3.0;1.0;0;0;31;0;CAMPO LARGO;REGIÃO LESTE;67;2511.0;2850.0;2976.0;3570.0;3286.0;3332.0;3317.0;3689.0;3480.0;4196.0;3900.0;3255.0
2670.0;2021-09-30;9.0;13.0;19.0;25.0;582.0;32.0;2.0;9.0;21.0;418.0;32.0;0.0;32.0;747.0;35.0;66.0;4;5;5;4;4;4;4;0;0;0;0;0;0;0;0;0;0;0;1;1;0;0;0;0.0;0.0;0.0;0.0;0.0;0.0;0.0;0.0;0.0;0.0;0.0;1.0;0.0;0.0;0.0;0.0;0.0;0.0;0.0;0.0;0.0;0.0;0.0;0.0;0.0;0.0;0.0;0.0;0.0;0.0;0.0;0.0;0.0;0.0;0.0;5.0;3.0;1.0;1.0;3.0;1.0;0;0;30;0;CAMPO LARGO;REGIÃO LESTE;68;2914.0;2511.0;2850.0;2976.0;3570.0;3286.0;3332.0;3317.0;3689.0;3480.0;4196.0;3900.0
2852.0;2021-10-31;9.0;13.0;18.0;21.0;544.0;26.0;7.0;9.0;17.0;433.0;26.0;0.0;26.0;655.0;58.0;221.0;5;4;4;4;5;5;4;0;0;0;0;0;0;0;0;0;0;1;0;1;0;0;0;0.0;0.0;0.0;0.0;0.0;0.0;0.0;0.0;0.0;0.0;0.0;1.0;0.0;0.0;0.0;0.0;0.0;0.0;0.0;0.0;0.0;0.0;0.0;0.0;0.0;0.0;0.0;0.0;0.0;0.0;0.0;0.0;0.0;0.0;0.0;5.0;3.0;1.0;1.0;3.0;1.0;0;0;0;0;CAMPO LARGO;REGIÃO LESTE;69;2670.0;2914.0;2511.0;2850.0;2976.0;3570.0;3286.0;3332.0;3317.0;3689.0;3480.0;4196.0
3210.0;2021-11-30;10.0;16.0;20.0;24.0;610.0;32.0;2.0;10.0;19.0;454.0;32.0;0.0;32.0;766.0;11.0;47.0;4;4;4;5;4;4;5;0;0;0;0;0;0;0;0;0;1;0;0;1;0;0;0;0.0;0.0;0.0;0.0;0.0;0.0;0.0;0.0;0.0;0.0;0.0;1.0;0.0;0.0;0.0;0.0;0.0;0.0;0.0;0.0;0.0;0.0;0.0;0.0;0.0;0.0;0.0;0.0;0.0;0.0;0.0;0.0;0.0;0.0;0.0;5.0;3.0;1.0;1.0;3.0;1.0;0;0;0;0;CAMPO LARGO;REGIÃO LESTE;70;2852.0;2670.0;2914.0;2511.0;2850.0;2976.0;3570.0;3286.0;3332.0;3317.0;3689.0;3480.0
3658.0;2021-12-31;11.0;17.0;22.0;26.0;668.0;31.0;2.0;11.0;21.0;502.0;31.0;0.0;31.0;833.0;7.0;51.0;4;5;5;4;5;4;4;0;0;1;0;0;0;0;0;0;0;0;0;1;0;0;0;0.0;0.0;0.0;0.0;0.0;0.0;0.0;0.0;0.0;0.0;0.0;1.0;0.0;0.0;0.0;0.0;0.0;0.0;0.0;0.0;0.0;0.0;0.0;0.0;0.0;0.0;0.0;0.0;0.0;0.0;0.0;0.0;0.0;0.0;0.0;5.0;3.0;1.0;1.0;3.0;1.0;0;0;0;0;CAMPO LARGO;REGIÃO LESTE;71;3210.0;2852.0;2670.0;2914.0;2511.0;2850.0;2976.0;3570.0;3286.0;3332.0;3317.0;3689.0
2852.0;2022-01-31;14.0;18.0;23.0;26.0;706.0;33.0;8.0;14.0;21.0;556.0;33.0;0.0;33.0;856.0;72.0;260.0;5;4;4;5;4;5;4;0;0;0;0;1;0;0;0;0;0;0;0;0;1;0;0;0.0;0.0;0.0;0.0;0.0;0.0;0.0;0.0;0.0;0.0;0.0;1.0;0.0;0.0;0.0;0.0;0.0;0.0;0.0;0.0;0.0;0.0;0.0;0.0;0.0;0.0;0.0;0.0;0.0;0.0;0.0;0.0;0.0;0.0;0.0;5.0;3.0;1.0;1.0;3.0;1.0;31;0;0;0;CAMPO LARGO;REGIÃO LESTE;72;3658.0;3210.0;2852.0;2670.0;2914.0;2511.0;2850.0;2976.0;3570.0;3286.0;3332.0;3317.0
4592.0;2022-02-28;13.0;19.0;23.0;26.0;646.0;33.0;2.0;13.0;21.0;493.0;33.0;0.0;33.0;800.0;21.0;61.0;4;4;4;4;4;4;4;0;0;0;1;0;0;0;0;0;0;0;0;0;1;0;0;0.0;0.0;0.0;0.0;0.0;0.0;0.0;0.0;0.0;0.0;0.0;1.0;0.0;0.0;0.0;0.0;0.0;0.0;0.0;0.0;0.0;0.0;0.0;0.0;0.0;0.0;0.0;0.0;0.0;0.0;0.0;0.0;0.0;0.0;0.0;5.0;3.0;1.0;1.0;3.0;1.0;0;1;0;0;CAMPO LARGO;REGIÃO LESTE;73;2852.0;3658.0;3210.0;2852.0;2670.0;2914.0;2511.0;2850.0;2976.0;3570.0;3286.0;3332.0
9207.0;2022-03-31;14.0;17.0;22.0;26.0;696.0;32.0;8.0;14.0;21.0;560.0;32.0;0.0;32.0;831.0;61.0;254.0;4;5;5;4;4;4;5;0;0;0;0;0;0;0;0;1;0;0;0;0;1;0;0;0.0;0.0;0.0;0.0;0.0;0.0;0.0;0.0;0.0;0.0;0.0;1.0;0.0;0.0;0.0;0.0;0.0;0.0;0.0;0.0;0.0;0.0;0.0;0.0;0.0;0.0;0.0;0.0;0.0;0.0;0.0;0.0;0.0;0.0;0.0;5.0;3.0;1.0;1.0;3.0;1.0;0;1;0;0;CAMPO LARGO;REGIÃO LESTE;74;4592.0;2852.0;3658.0;3210.0;2852.0;2670.0;2914.0;2511.0;2850.0;2976.0;3570.0;3286.0
8370.0;2022-04-30;7.0;13.0;19.0;23.0;561.0;29.0;6.0;7.0;18.0;426.0;29.0;0.0;29.0;695.0;60.0;176.0;4;4;4;4;5;5;4;1;0;0;0;0;0;0;0;0;0;0;0;0;1;0;0;0.0;0.0;0.0;0.0;0.0;0.0;0.0;0.0;0.0;0.0;0.0;1.0;0.0;0.0;0.0;0.0;0.0;0.0;0.0;0.0;0.0;0.0;0.0;0.0;0.0;0.0;0.0;0.0;0.0;0.0;0.0;0.0;0.0;0.0;0.0;5.0;3.0;1.0;1.0;3.0;1.0;0;1;0;0;CAMPO LARGO;REGIÃO LESTE;75;9207.0;4592.0;2852.0;3658.0;3210.0;2852.0;2670.0;2914.0;2511.0;2850.0;2976.0;3570.0
11222.0;2022-05-31;2.0;8.0;15.0;21.0;478.0;26.0;2.0;2.0;17.0;325.0;26.0;0.0;26.0;630.0;29.0;66.0;5;4;4;5;4;4;5;0;0;0;0;0;0;0;1;0;0;0;0;0;1;0;0;0.0;0.0;0.0;0.0;0.0;0.0;0.0;0.0;0.0;0.0;0.0;1.0;0.0;0.0;0.0;0.0;0.0;0.0;0.0;0.0;0.0;0.0;0.0;0.0;0.0;0.0;0.0;0.0;0.0;0.0;0.0;0.0;0.0;0.0;0.0;5.0;3.0;1.0;1.0;4.0;1.0;0;0;0;0;CAMPO LARGO;REGIÃO LESTE;76;8370.0;9207.0;4592.0;2852.0;3658.0;3210.0;2852.0;2670.0;2914.0;2511.0;2850.0;2976.0
11370.0;2022-06-30;1.0;9.0;15.0;21.0;450.0;27.0;4.0;1.0;16.0;308.0;27.0;0.0;27.0;591.0;56.0;124.0;4;5;5;4;4;4;4;0;0;0;0;0;0;1;0;0;0;0;0;0;1;0;0;0.0;0.0;0.0;0.0;0.0;0.0;0.0;0.0;0.0;0.0;0.0;1.0;0.0;0.0;0.0;0.0;0.0;0.0;0.0;0.0;0.0;0.0;0.0;0.0;0.0;0.0;0.0;0.0;0.0;0.0;0.0;0.0;0.0;0.0;0.0;5.0;3.0;1.0;1.0;4.0;1.0;0;1;0;0;CAMPO LARGO;REGIÃO LESTE;77;11222.0;8370.0;9207.0;4592.0;2852.0;3658.0;3210.0;2852.0;2670.0;2914.0;2511.0;2850.0
7607.0;2022-07-31;3.0;11.0;17.0;20.0;528.0;27.0;3.0;3.0;16.0;333.0;27.0;0.0;27.0;724.0;51.0;94.0;5;4;4;4;5;5;4;0;0;0;0;0;1;0;0;0;0;0;0;0;1;0;0;0.0;0.0;0.0;0.0;0.0;0.0;0.0;0.0;0.0;0.0;0.0;1.0;0.0;0.0;0.0;0.0;0.0;0.0;0.0;0.0;0.0;0.0;0.0;0.0;0.0;0.0;0.0;0.0;0.0;0.0;0.0;0.0;0.0;0.0;0.0;5.0;3.0;1.0;1.0;4.0;1.0;0;0;0;0;CAMPO LARGO;REGIÃO LESTE;78;11370.0;11222.0;8370.0;9207.0;4592.0;2852.0;3658.0;3210.0;2852.0;2670.0;2914.0;2511.0
11687.0;2022-08-31;1.0;7.0;15.0;19.0;460.0;28.0;4.0;1.0;16.0;311.0;28.0;0.0;28.0;609.0;43.0;116.0;4;5;4;5;4;4;5;0;1;0;0;0;0;0;0;0;0;0;0;0;1;0;0;0.0;0.0;0.0;0.0;0.0;0.0;0.0;0.0;0.0;0.0;0.0;1.0;0.0;0.0;0.0;0.0;0.0;0.0;0.0;0.0;0.0;0.0;0.0;0.0;0.0;0.0;0.0;0.0;0.0;0.0;0.0;0.0;0.0;0.0;0.0;5.0;3.0;1.0;1.0;4.0;1.0;0;0;0;0;CAMPO LARGO;REGIÃO LESTE;79;7607.0;11370.0;11222.0;8370.0;9207.0;4592.0;2852.0;3658.0;3210.0;2852.0;2670.0;2914.0
11280.0;2022-09-30;4.0;10.0;15.0;23.0;449.0;30.0;7.0;4.0;20.0;335.0;30.0;0.0;30.0;562.0;67.0;219.0;4;4;5;4;5;4;4;0;0;0;0;0;0;0;0;0;0;0;1;0;1;0;0;0.0;0.0;0.0;0.0;0.0;0.0;0.0;0.0;0.0;0.0;0.0;1.0;0.0;0.0;0.0;0.0;0.0;0.0;0.0;0.0;0.0;0.0;0.0;0.0;0.0;0.0;0.0;0.0;0.0;0.0;0.0;0.0;0.0;0.0;0.0;5.0;3.0;1.0;1.0;4.0;1.0;0;0;0;0;CAMPO LARGO;REGIÃO LESTE;80;11687.0;7607.0;11370.0;11222.0;8370.0;9207.0;4592.0;2852.0;3658.0;3210.0;2852.0;2670.0
10509.0;2022-10-31;7.0;15.0;19.0;23.0;589.0;30.0;6.0;7.0;18.0;440.0;30.0;0.0;30.0;738.0;59.0;197.0;5;4;4;5;4;5;4;0;0;0;0;0;0;0;0;0;0;1;0;0;1;0;0;0.0;0.0;0.0;0.0;0.0;0.0;0.0;0.0;0.0;0.0;0.0;1.0;0.0;0.0;0.0;0.0;0.0;0.0;0.0;0.0;0.0;0.0;0.0;0.0;0.0;0.0;0.0;0.0;0.0;0.0;0.0;0.0;0.0;0.0;0.0;5.0;3.0;1.0;1.0;4.0;1.0;0;0;0;0;CAMPO LARGO;REGIÃO LESTE;81;11280.0;11687.0;7607.0;11370.0;11222.0;8370.0;9207.0;4592.0;2852.0;3658.0;3210.0;2852.0
9630.0;2022-11-30;7.0;10.0;18.0;22.0;533.0;28.0;4.0;7.0;17.0;385.0;28.0;0.0;28.0;682.0;31.0;134.0;4;5;4;4;4;4;5;0;0;0;0;0;0;0;0;0;1;0;0;0;1;0;0;0.0;0.0;0.0;0.0;0.0;0.0;0.0;0.0;0.0;0.0;0.0;1.0;0.0;0.0;0.0;0.0;0.0;0.0;0.0;0.0;0.0;0.0;0.0;0.0;0.0;0.0;0.0;0.0;0.0;0.0;0.0;0.0;0.0;0.0;0.0;5.0;3.0;1.0;1.0;4.0;1.0;0;0;0;0;CAMPO LARGO;REGIÃO LESTE;82;10509.0;11280.0;11687.0;7607.0;11370.0;11222.0;8370.0;9207.0;4592.0;2852.0;3658.0;3210.0
8184.0;2022-12-31;12.0;17.0;21.0;26.0;660.0;32.0;4.0;12.0;20.0;518.0;32.0;0.0;32.0;801.0;28.0;126.0;4;4;5;4;5;5;4;0;0;1;0;0;0;0;0;0;0;0;0;0;1;0;0;0.0;0.0;0.0;0.0;0.0;0.0;0.0;0.0;0.0;0.0;0.0;1.0;0.0;0.0;0.0;0.0;0.0;0.0;0.0;0.0;0.0;0.0;0.0;0.0;0.0;0.0;0.0;0.0;0.0;0.0;0.0;0.0;0.0;0.0;0.0;5.0;3.0;1.0;1.0;4.0;1.0;0;0;0;0;CAMPO LARGO;REGIÃO LESTE;83;9630.0;10509.0;11280.0;11687.0;7607.0;11370.0;11222.0;8370.0;9207.0;4592.0;2852.0;3658.0
4278.0;2023-01-31;12.0;17.0;22.0;24.0;680.0;30.0;6.0;12.0;20.0;530.0;30.0;0.0;30.0;829.0;40.0;189.0;5;4;4;5;4;4;5;0;0;0;0;1;0;0;0;0;0;0;0;0;0;1;0;0.0;0.0;0.0;0.0;0.0;0.0;0.0;0.0;0.0;0.0;0.0;1.0;0.0;0.0;0.0;0.0;0.0;0.0;0.0;0.0;0.0;0.0;0.0;0.0;0.0;0.0;0.0;0.0;0.0;0.0;0.0;0.0;0.0;0.0;0.0;4.0;2.0;1.0;1.0;4.0;1.0;31;0;0;0;CAMPO LARGO;REGIÃO LESTE;84;8184.0;9630.0;10509.0;11280.0;11687.0;7607.0;11370.0;11222.0;8370.0;9207.0;4592.0;2852.0
5656.0;2023-02-28;13.0;15.0;22.0;24.0;614.0;30.0;10.0;13.0;20.0;494.0;30.0;0.0;30.0;733.0;56.0;290.0;4;4;4;4;4;4;4;0;0;0;1;0;0;0;0;0;0;0;0;0;0;1;0;0.0;0.0;0.0;0.0;0.0;0.0;0.0;0.0;0.0;0.0;0.0;1.0;0.0;0.0;0.0;0.0;0.0;0.0;0.0;0.0;0.0;0.0;0.0;0.0;0.0;0.0;0.0;0.0;0.0;0.0;0.0;0.0;0.0;0.0;0.0;4.0;2.0;1.0;1.0;4.0;1.0;0;3;0;0;CAMPO LARGO;REGIÃO LESTE;85;4278.0;8184.0;9630.0;10509.0;11280.0;11687.0;7607.0;11370.0;11222.0;8370.0;9207.0;4592.0
11780.0;2023-03-31;15.0;20.0;22.0;24.0;696.0;30.0;5.0;15.0;19.0;544.0;30.0;0.0;30.0;849.0;37.0;156.0;4;5;5;4;5;4;4;0;0;0;0;0;0;0;0;1;0;0;0;0;0;1;0;0.0;0.0;0.0;0.0;0.0;0.0;0.0;0.0;0.0;0.0;0.0;1.0;0.0;0.0;0.0;0.0;0.0;0.0;0.0;0.0;0.0;0.0;0.0;0.0;0.0;0.0;0.0;0.0;0.0;0.0;0.0;0.0;0.0;0.0;0.0;4.0;2.0;1.0;1.0;4.0;1.0;0;0;0;0;CAMPO LARGO;REGIÃO LESTE;86;5656.0;4278.0;8184.0;9630.0;10509.0;11280.0;11687.0;7607.0;11370.0;11222.0;8370.0;9207.0
9240.0;2023-04-30;8.0;14.0;19.0;23.0;564.0;29.0;3.0;8.0;18.0;427.0;29.0;0.0;29.0;700.0;64.0;100.0;5;4;4;4;4;5;4;1;0;0;0;0;0;0;0;0;0;0;0;0;0;1;0;0.0;0.0;0.0;0.0;0.0;0.0;0.0;0.0;0.0;0.0;0.0;1.0;0.0;0.0;0.0;0.0;0.0;0.0;0.0;0.0;0.0;0.0;0.0;0.0;0.0;0.0;0.0;0.0;0.0;0.0;0.0;0.0;0.0;0.0;0.0;4.0;1.0;1.0;1.0;4.0;1.0;0;1;0;0;CAMPO LARGO;REGIÃO LESTE;87;11780.0;5656.0;4278.0;8184.0;9630.0;10509.0;11280.0;11687.0;7607.0;11370.0;11222.0;8370.0
11253.0;2023-05-31;6.0;13.0;17.0;22.0;535.0;27.0;2.0;6.0;18.0;371.0;27.0;0.0;27.0;698.0;19.0;57.0;4;5;4;5;4;4;5;0;0;0;0;0;0;0;1;0;0;0;0;0;0;1;0;0.0;0.0;0.0;0.0;0.0;0.0;0.0;0.0;0.0;0.0;0.0;1.0;0.0;0.0;0.0;0.0;0.0;0.0;0.0;0.0;0.0;0.0;0.0;0.0;0.0;0.0;0.0;0.0;0.0;0.0;0.0;0.0;0.0;0.0;0.0;4.0;1.0;1.0;1.0;4.0;1.0;0;0;0;0;CAMPO LARGO;REGIÃO LESTE;88;9240.0;11780.0;5656.0;4278.0;8184.0;9630.0;10509.0;11280.0;11687.0;7607.0;11370.0;11222.0
9840.0;2023-06-30;5.0;11.0;15.0;21.0;462.0;27.0;3.0;5.0;15.0;296.0;27.0;0.0;27.0;627.0;37.0;95.0;4;4;5;4;5;4;4;0;0;0;0;0;0;1;0;0;0;0;0;0;0;1;0;0.0;0.0;0.0;0.0;0.0;0.0;0.0;0.0;0.0;0.0;0.0;1.0;0.0;0.0;0.0;0.0;0.0;0.0;0.0;0.0;0.0;0.0;0.0;0.0;0.0;0.0;0.0;0.0;0.0;0.0;0.0;0.0;0.0;0.0;0.0;4.0;1.0;1.0;1.0;4.0;1.0;0;1;0;0;CAMPO LARGO;REGIÃO LESTE;89;11253.0;9240.0;11780.0;5656.0;4278.0;8184.0;9630.0;10509.0;11280.0;11687.0;7607.0;11370.0
6200.0;2023-07-31;3.0;10.0;15.0;21.0;480.0;26.0;4.0;3.0;16.0;338.0;26.0;0.0;26.0;622.0;56.0;134.0;5;4;4;5;4;5;4;0;0;0;0;0;1;0;0;0;0;0;0;0;0;1;0;0.0;0.0;0.0;0.0;0.0;0.0;0.0;0.0;0.0;0.0;0.0;1.0;0.0;0.0;0.0;0.0;0.0;0.0;0.0;0.0;0.0;0.0;0.0;0.0;0.0;0.0;0.0;0.0;0.0;0.0;0.0;0.0;0.0;0.0;0.0;4.0;1.0;1.0;1.0;4.0;1.0;15;0;0;0;CAMPO LARGO;REGIÃO LESTE;90;9840.0;11253.0;9240.0;11780.0;5656.0;4278.0;8184.0;9630.0;10509.0;11280.0;11687.0;7607.0
10788.0;2023-08-31;5.0;10.0;17.0;25.0;517.0;31.0;4.0;5.0;20.0;353.0;31.0;0.0;31.0;681.0;34.0;112.0;4;5;5;4;4;4;5;0;1;0;0;0;0;0;0;0;0;0;0;0;0;1;0;0.0;0.0;0.0;0.0;0.0;0.0;0.0;0.0;0.0;0.0;0.0;1.0;0.0;0.0;0.0;0.0;0.0;0.0;0.0;0.0;0.0;0.0;0.0;0.0;0.0;0.0;0.0;0.0;0.0;0.0;0.0;0.0;0.0;0.0;0.0;4.0;1.0;1.0;1.0;4.0;1.0;0;0;0;0;CAMPO LARGO;REGIÃO LESTE;91;6200.0;9840.0;11253.0;9240.0;11780.0;5656.0;4278.0;8184.0;9630.0;10509.0;11280.0;11687.0
9420.0;2023-09-30;9.0;13.0;20.0;26.0;606.0;34.0;6.0;9.0;22.0;445.0;34.0;0.0;34.0;767.0;85.0;166.0;4;4;4;4;5;5;4;0;0;0;0;0;0;0;0;0;0;0;1;0;0;1;0;0.0;0.0;0.0;0.0;0.0;0.0;0.0;0.0;0.0;0.0;0.0;1.0;0.0;0.0;0.0;0.0;0.0;0.0;0.0;0.0;0.0;0.0;0.0;0.0;0.0;0.0;0.0;0.0;0.0;0.0;0.0;0.0;0.0;0.0;0.0;4.0;1.0;1.0;1.0;4.0;1.0;0;0;0;0;CAMPO LARGO;REGIÃO LESTE;92;10788.0;6200.0;9840.0;11253.0;9240.0;11780.0;5656.0;4278.0;8184.0;9630.0;10509.0;11280.0
10199.0;2023-10-31;11.0;14.0;19.0;25.0;600.0;31.0;12.0;11.0;20.0;480.0;31.0;0.0;31.0;720.0;64.0;370.0;5;4;4;5;4;4;5;0;0;0;0;0;0;0;0;0;0;1;0;0;0;1;0;0.0;0.0;0.0;0.0;0.0;0.0;0.0;0.0;0.0;0.0;0.0;1.0;0.0;0.0;0.0;0.0;0.0;0.0;0.0;0.0;0.0;0.0;0.0;0.0;0.0;0.0;0.0;0.0;0.0;0.0;0.0;0.0;0.0;0.0;0.0;4.0;1.0;1.0;1.0;4.0;1.0;0;0;0;0;CAMPO LARGO;REGIÃO LESTE;93;9420.0;10788.0;6200.0;9840.0;11253.0;9240.0;11780.0;5656.0;4278.0;8184.0;9630.0;10509.0
9750.0;2023-11-30;8.0;16.0;21.0;27.0;636.0;35.0;4.0;8.0;20.0;495.0;35.0;0.0;35.0;777.0;32.0;132.0;4;5;5;4;4;4;4;0;0;0;0;0;0;0;0;0;1;0;0;0;0;1;0;0.0;0.0;0.0;0.0;0.0;0.0;0.0;0.0;0.0;0.0;0.0;1.0;0.0;0.0;0.0;0.0;0.0;0.0;0.0;0.0;0.0;0.0;0.0;0.0;0.0;0.0;0.0;0.0;0.0;0.0;0.0;0.0;0.0;0.0;0.0;4.0;1.0;1.0;1.0;4.0;1.0;0;0;0;0;CAMPO LARGO;REGIÃO LESTE;94;10199.0;9420.0;10788.0;6200.0;9840.0;11253.0;9240.0;11780.0;5656.0;4278.0;8184.0;9630.0
7378.0;2023-12-31;14.0;17.0;23.0;27.0;718.0;34.0;2.0;14.0;22.0;558.0;34.0;0.0;34.0;879.0;32.0;68.0;5;4;4;4;5;5;4;0;0;1;0;0;0;0;0;0;0;0;0;0;0;1;0;0.0;0.0;0.0;0.0;0.0;0.0;0.0;0.0;0.0;0.0;0.0;1.0;0.0;0.0;0.0;0.0;0.0;0.0;0.0;0.0;0.0;0.0;0.0;0.0;0.0;0.0;0.0;0.0;0.0;0.0;0.0;0.0;0.0;0.0;0.0;4.0;1.0;1.0;1.0;4.0;1.0;0;0;0;0;CAMPO LARGO;REGIÃO LESTE;95;9750.0;10199.0;9420.0;10788.0;6200.0;9840.0;11253.0;9240.0;11780.0;5656.0;4278.0;8184.0
3844.0;2024-01-31;13.0;17.0;23.0;27.0;705.0;35.0;4.0;13.0;23.0;557.0;35.0;0.0;35.0;852.0;28.0;112.0;4;5;4;5;4;4;5;0;0;0;0;1;0;0;0;0;0;0;0;0;0;0;1;0.0;0.0;0.0;0.0;0.0;0.0;0.0;0.0;0.0;0.0;0.0;1.0;0.0;0.0;0.0;0.0;0.0;0.0;0.0;0.0;0.0;0.0;0.0;0.0;0.0;0.0;0.0;0.0;0.0;0.0;0.0;0.0;0.0;0.0;0.0;4.0;1.0;1.0;1.0;4.0;1.0;31;0;0;0;CAMPO LARGO;REGIÃO LESTE;96;7378.0;9750.0;10199.0;9420.0;10788.0;6200.0;9840.0;11253.0;9240.0;11780.0;5656.0;4278.0
7192.0;2024-02-29;16.0;18.0;23.0;26.0;676.0;32.0;3.0;16.0;21.0;537.0;32.0;0.0;32.0;814.0;18.0;89.0;4;4;5;4;4;4;4;0;0;0;1;0;0;0;0;0;0;0;0;0;0;0;1;0.0;0.0;0.0;0.0;0.0;0.0;0.0;0.0;0.0;0.0;0.0;1.0;0.0;0.0;0.0;0.0;0.0;0.0;0.0;0.0;0.0;0.0;0.0;0.0;0.0;0.0;0.0;0.0;0.0;0.0;0.0;0.0;0.0;0.0;0.0;4.0;1.0;1.0;1.0;4.0;1.0;0;3;0;0;CAMPO LARGO;REGIÃO LESTE;97;3844.0;7378.0;9750.0;10199.0;9420.0;10788.0;6200.0;9840.0;11253.0;9240.0;11780.0;5656.0
10478.0;2024-03-31;15.0;17.0;23.0;28.0;713.0;34.0;1.0;15.0;22.0;570.0;34.0;0.0;34.0;857.0;8.0;31.0;5;4;4;4;5;5;4;0;0;0;0;0;0;0;0;1;0;0;0;0;0;0;1;0.0;0.0;0.0;0.0;0.0;0.0;0.0;0.0;0.0;0.0;0.0;1.0;0.0;0.0;0.0;0.0;0.0;0.0;0.0;0.0;0.0;0.0;0.0;0.0;0.0;0.0;0.0;0.0;0.0;0.0;0.0;0.0;0.0;0.0;0.0;4.0;1.0;1.0;1.0;4.0;1.0;0;1;0;0;CAMPO LARGO;REGIÃO LESTE;98;7192.0;3844.0;7378.0;9750.0;10199.0;9420.0;10788.0;6200.0;9840.0;11253.0;9240.0;11780.0
6570.0;2024-04-30;9.0;16.0;21.0;26.0;641.0;31.0;3.0;9.0;20.0;503.0;31.0;0.0;31.0;779.0;38.0;78.0;4;4;4;5;4;4;5;1;0;0;0;0;0;0;0;0;0;0;0;0;0;0;1;0.0;0.0;0.0;0.0;0.0;0.0;0.0;0.0;0.0;0.0;0.0;1.0;0.0;0.0;0.0;0.0;0.0;0.0;0.0;0.0;0.0;0.0;0.0;0.0;0.0;0.0;0.0;0.0;0.0;0.0;0.0;0.0;0.0;0.0;0.0;4.0;1.0;1.0;1.0;4.0;1.0;0;0;0;0;CAMPO LARGO;REGIÃO LESTE;99;10478.0;7192.0;3844.0;7378.0;9750.0;10199.0;9420.0;10788.0;6200.0;9840.0;11253.0;9240.0
4185.0;2024-05-31;4.0;11.0;19.0;24.0;586.0;30.0;1.0;4.0;19.0;441.0;30.0;0.0;30.0;731.0;16.0;23.0;4;5;5;4;5;4;4;0;0;0;0;0;0;0;1;0;0;0;0;0;0;0;1;0.0;0.0;0.0;0.0;0.0;0.0;0.0;0.0;0.0;0.0;0.0;1.0;0.0;0.0;0.0;0.0;0.0;0.0;0.0;0.0;0.0;0.0;0.0;0.0;0.0;0.0;0.0;0.0;0.0;0.0;0.0;0.0;0.0;0.0;0.0;4.0;1.0;1.0;1.0;4.0;1.0;0;1;0;30;CAMPO LARGO;REGIÃO LESTE;100;6570.0;10478.0;7192.0;3844.0;7378.0;9750.0;10199.0;9420.0;10788.0;6200.0;9840.0;11253.0
3330.0;2024-06-30;2.0;10.0;18.0;21.0;542.0;28.0;1.0;2.0;16.0;364.0;28.0;0.0;28.0;719.0;9.0;20.0;5;4;4;4;4;5;4;0;0;0;0;0;0;1;0;0;0;0;0;0;0;0;1;0.0;0.0;0.0;0.0;0.0;0.0;0.0;0.0;0.0;0.0;0.0;1.0;0.0;0.0;0.0;0.0;0.0;0.0;0.0;0.0;0.0;0.0;0.0;0.0;0.0;0.0;0.0;0.0;0.0;0.0;0.0;0.0;0.0;0.0;0.0;4.0;1.0;1.0;1.0;4.0;1.0;0;0;0;30;CAMPO LARGO;REGIÃO LESTE;101;4185.0;6570.0;10478.0;7192.0;3844.0;7378.0;9750.0;10199.0;9420.0;10788.0;6200.0;9840.0
6572.0;2024-07-31;4.0;10.0;15.0;19.0;460.0;27.0;1.0;4.0;14.0;297.0;27.0;0.0;27.0;623.0;10.0;46.0;4;5;4;5;4;4;5;0;0;0;0;0;1;0;0;0;0;0;0;0;0;0;1;0.0;0.0;0.0;0.0;0.0;0.0;0.0;0.0;0.0;0.0;0.0;1.0;0.0;0.0;0.0;0.0;0.0;0.0;0.0;0.0;0.0;0.0;0.0;0.0;0.0;0.0;0.0;0.0;0.0;0.0;0.0;0.0;0.0;0.0;0.0;4.0;1.0;1.0;1.0;4.0;1.0;12;0;0;0;CAMPO LARGO;REGIÃO LESTE;102;3330.0;4185.0;6570.0;10478.0;7192.0;3844.0;7378.0;9750.0;10199.0;9420.0;10788.0;6200.0
10633.0;2024-08-31;-0.0;8.0;17.0;22.0;515.0;32.0;1.0;-0.0;16.0;292.0;32.0;0.0;32.0;739.0;20.0;32.0;4;4;5;4;5;5;4;0;1;0;0;0;0;0;0;0;0;0;0;0;0;0;1;0.0;0.0;0.0;0.0;0.0;0.0;0.0;0.0;0.0;0.0;0.0;1.0;0.0;0.0;0.0;0.0;0.0;0.0;0.0;0.0;0.0;0.0;0.0;0.0;0.0;0.0;0.0;0.0;0.0;0.0;0.0;0.0;0.0;0.0;0.0;4.0;1.0;1.0;1.0;4.0;1.0;0;0;0;0;CAMPO LARGO;REGIÃO LESTE;103;6572.0;3330.0;4185.0;6570.0;10478.0;7192.0;3844.0;7378.0;9750.0;10199.0;9420.0;10788.0
10140.0;2024-09-30;11.0;13.0;21.0;25.0;619.0;34.0;2.0;11.0;18.0;420.0;34.0;0.0;34.0;818.0;22.0;60.0;5;4;4;5;4;4;4;0;0;0;0;0;0;0;0;0;0;0;1;0;0;0;1;0.0;0.0;0.0;0.0;0.0;0.0;0.0;0.0;0.0;0.0;0.0;1.0;0.0;0.0;0.0;0.0;0.0;0.0;0.0;0.0;0.0;0.0;0.0;0.0;0.0;0.0;0.0;0.0;0.0;0.0;0.0;0.0;0.0;0.0;0.0;4.0;1.0;1.0;1.0;4.0;1.0;0;0;0;0;CAMPO LARGO;REGIÃO LESTE;104;10633.0;6572.0;3330.0;4185.0;6570.0;10478.0;7192.0;3844.0;7378.0;9750.0;10199.0;9420.0
11532.0;2024-10-31;11.0;14.0;20.0;25.0;611.0;34.0;4.0;11.0;20.0;476.0;34.0;0.0;34.0;746.0;32.0;117.0;4;5;5;4;4;4;5;0;0;0;0;0;0;0;0;0;0;1;0;0;0;0;1;0.0;0.0;0.0;0.0;0.0;0.0;0.0;0.0;0.0;0.0;0.0;1.0;0.0;0.0;0.0;0.0;0.0;0.0;0.0;0.0;0.0;0.0;0.0;0.0;0.0;0.0;0.0;0.0;0.0;0.0;0.0;0.0;0.0;0.0;0.0;4.0;1.0;1.0;1.0;4.0;1.0;0;0;0;0;CAMPO LARGO;REGIÃO LESTE;105;10140.0;10633.0;6572.0;3330.0;4185.0;6570.0;10478.0;7192.0;3844.0;7378.0;9750.0;10199.0
5360.0;2018-10-31;11.0;16.0;20.0;24.0;634.0;31.0;9.0;11.0;20.0;511.0;31.0;0.0;31.0;756.0;60.0;282.0;4;5;4;5;4;4;5;0;0;0;0;0;0;0;0;0;0;1;0;0;0;0;0;0.0;0.0;0.0;1.0;0.0;0.0;0.0;0.0;0.0;0.0;0.0;0.0;1.0;0.0;0.0;0.0;0.0;0.0;0.0;0.0;0.0;0.0;0.0;0.0;0.0;0.0;0.0;0.0;0.0;0.0;0.0;0.0;0.0;0.0;0.0;3.0;0.0;0.0;0.0;0.0;0.0;0;0;0;0;CAPANEMA;REGIÃO SUL;1;5496.0;6312.0;5435.0;4960.0;5215.0;4170.0;4398.0;3107.0;2617.0;3574.0;3945.0;4598.0
5460.0;2018-11-30;15.0;20.0;23.0;27.0;695.0;33.0;4.0;15.0;21.0;539.0;33.0;0.0;33.0;851.0;39.0;121.0;4;4;5;4;5;4;4;0;0;0;0;0;0;0;0;0;1;0;0;0;0;0;0;0.0;0.0;0.0;1.0;0.0;0.0;0.0;0.0;0.0;0.0;0.0;0.0;1.0;0.0;0.0;0.0;0.0;0.0;0.0;0.0;0.0;0.0;0.0;0.0;0.0;0.0;0.0;0.0;0.0;0.0;0.0;0.0;0.0;0.0;0.0;3.0;0.0;0.0;0.0;0.0;0.0;0;0;0;0;CAPANEMA;REGIÃO SUL;2;5360.0;5496.0;6312.0;5435.0;4960.0;5215.0;4170.0;4398.0;3107.0;2617.0;3574.0;3945.0
4798.0;2018-12-31;11.0;19.0;24.0;28.0;749.0;35.0;2.0;11.0;22.0;556.0;35.0;0.0;35.0;942.0;11.0;62.0;5;4;4;5;4;5;4;0;0;1;0;0;0;0;0;0;0;0;0;0;0;0;0;0.0;0.0;0.0;1.0;0.0;0.0;0.0;0.0;0.0;0.0;0.0;0.0;1.0;0.0;0.0;0.0;0.0;0.0;0.0;0.0;0.0;0.0;0.0;0.0;0.0;0.0;0.0;0.0;0.0;0.0;0.0;0.0;0.0;0.0;0.0;3.0;0.0;0.0;0.0;0.0;0.0;0;0;0;0;CAPANEMA;REGIÃO SUL;3;5460.0;5360.0;5496.0;6312.0;5435.0;4960.0;5215.0;4170.0;4398.0;3107.0;2617.0;3574.0
4182.0;2019-01-31;17.0;22.0;26.0;29.0;814.0;35.0;4.0;17.0;23.0;644.0;35.0;0.0;35.0;984.0;27.0;134.0;4;5;5;4;4;4;5;0;0;0;0;1;0;0;0;0;0;0;0;0;0;0;0;0.0;0.0;0.0;0.0;1.0;0.0;0.0;0.0;0.0;0.0;0.0;0.0;1.0;0.0;0.0;0.0;0.0;0.0;0.0;0.0;0.0;0.0;0.0;0.0;0.0;0.0;0.0;0.0;0.0;0.0;0.0;0.0;0.0;0.0;0.0;3.0;0.0;0.0;0.0;0.0;0.0;31;0;0;0;CAPANEMA;REGIÃO SUL;4;4798.0;5460.0;5360.0;5496.0;6312.0;5435.0;4960.0;5215.0;4170.0;4398.0;3107.0;2617.0
5952.0;2019-02-28;15.0;20.0;24.0;29.0;680.0;35.0;5.0;15.0;23.0;529.0;35.0;0.0;35.0;832.0;62.0;140.0;4;4;4;4;4;4;4;0;0;0;1;0;0;0;0;0;0;0;0;0;0;0;0;0.0;0.0;0.0;0.0;1.0;0.0;0.0;0.0;0.0;0.0;0.0;0.0;1.0;0.0;0.0;0.0;0.0;0.0;0.0;0.0;0.0;0.0;0.0;0.0;0.0;0.0;0.0;0.0;0.0;0.0;0.0;0.0;0.0;0.0;0.0;3.0;0.0;0.0;0.0;1.0;0.0;0;0;0;0;CAPANEMA;REGIÃO SUL;5;4182.0;4798.0;5460.0;5360.0;5496.0;6312.0;5435.0;4960.0;5215.0;4170.0;4398.0;3107.0
7585.0;2019-03-31;12.0;20.0;23.0;26.0;698.0;33.0;6.0;12.0;21.0;543.0;33.0;0.0;33.0;853.0;38.0;171.0;5;4;4;4;5;5;4;0;0;0;0;0;0;0;0;1;0;0;0;0;0;0;0;0.0;0.0;0.0;0.0;1.0;0.0;0.0;0.0;0.0;0.0;0.0;0.0;1.0;0.0;0.0;0.0;0.0;0.0;0.0;0.0;0.0;0.0;0.0;0.0;0.0;0.0;0.0;0.0;0.0;0.0;0.0;0.0;0.0;0.0;0.0;3.0;0.0;0.0;0.0;1.0;0.0;0;3;0;0;CAPANEMA;REGIÃO SUL;6;5952.0;4182.0;4798.0;5460.0;5360.0;5496.0;6312.0;5435.0;4960.0;5215.0;4170.0;4398.0
7050.0;2019-04-30;12.0;17.0;22.0;25.0;650.0;30.0;3.0;12.0;20.0;516.0;30.0;0.0;30.0;784.0;25.0;87.0;4;4;4;5;4;4;5;1;0;0;0;0;0;0;0;0;0;0;0;0;0;0;0;0.0;0.0;0.0;0.0;1.0;0.0;0.0;0.0;0.0;0.0;0.0;0.0;1.0;0.0;0.0;0.0;0.0;0.0;0.0;0.0;0.0;0.0;0.0;0.0;0.0;0.0;0.0;0.0;0.0;0.0;0.0;0.0;0.0;0.0;0.0;3.0;0.0;0.0;0.0;1.0;0.0;0;1;0;0;CAPANEMA;REGIÃO SUL;7;7585.0;5952.0;4182.0;4798.0;5460.0;5360.0;5496.0;6312.0;5435.0;4960.0;5215.0;4170.0
5924.0;2019-05-31;9.0;12.0;19.0;24.0;589.0;29.0;7.0;9.0;20.0;477.0;29.0;0.0;29.0;700.0;68.0;213.0;4;5;5;4;5;4;4;0;0;0;0;0;0;0;1;0;0;0;0;0;0;0;0;0.0;0.0;0.0;0.0;1.0;0.0;0.0;0.0;0.0;0.0;0.0;0.0;1.0;0.0;0.0;0.0;0.0;0.0;0.0;0.0;0.0;0.0;0.0;0.0;0.0;0.0;0.0;0.0;0.0;0.0;0.0;0.0;0.0;0.0;0.0;3.0;0.0;0.0;0.0;1.0;0.0;0;0;0;0;CAPANEMA;REGIÃO SUL;8;7050.0;7585.0;5952.0;4182.0;4798.0;5460.0;5360.0;5496.0;6312.0;5435.0;4960.0;5215.0
5230.0;2019-06-30;7.0;10.0;19.0;23.0;568.0;29.0;1.0;7.0;17.0;409.0;29.0;0.0;29.0;727.0;14.0;17.0;5;4;4;4;4;5;4;0;0;0;0;0;0;1;0;0;0;0;0;0;0;0;0;0.0;0.0;0.0;0.0;1.0;0.0;0.0;0.0;0.0;0.0;0.0;0.0;1.0;0.0;0.0;0.0;0.0;0.0;0.0;0.0;0.0;0.0;0.0;0.0;0.0;0.0;0.0;0.0;0.0;0.0;0.0;0.0;0.0;0.0;0.0;3.0;0.0;0.0;0.0;1.0;0.0;0;1;0;0;CAPANEMA;REGIÃO SUL;9;5924.0;7050.0;7585.0;5952.0;4182.0;4798.0;5460.0;5360.0;5496.0;6312.0;5435.0;4960.0
5091.0;2019-07-31;-2.0;4.0;15.0;23.0;463.0;28.0;3.0;-2.0;18.0;305.0;28.0;0.0;28.0;622.0;37.0;87.0;4;5;4;5;4;4;5;0;0;0;0;0;1;0;0;0;0;0;0;0;0;0;0;0.0;0.0;0.0;0.0;1.0;0.0;0.0;0.0;0.0;0.0;0.0;0.0;1.0;0.0;0.0;0.0;0.0;0.0;0.0;0.0;0.0;0.0;0.0;0.0;0.0;0.0;0.0;0.0;0.0;0.0;0.0;0.0;0.0;0.0;0.0;3.0;0.0;0.0;0.0;1.0;0.0;16;0;0;0;CAPANEMA;REGIÃO SUL;10;5230.0;5924.0;7050.0;7585.0;5952.0;4182.0;4798.0;5460.0;5360.0;5496.0;6312.0;5435.0
6337.0;2019-08-31;0.0;7.0;18.0;23.0;549.0;32.0;0.0;0.0;18.0;338.0;32.0;0.0;32.0;760.0;4.0;9.0;4;4;5;4;5;5;4;0;1;0;0;0;0;0;0;0;0;0;0;0;0;0;0;0.0;0.0;0.0;0.0;1.0;0.0;0.0;0.0;0.0;0.0;0.0;0.0;1.0;0.0;0.0;0.0;0.0;0.0;0.0;0.0;0.0;0.0;0.0;0.0;0.0;0.0;0.0;0.0;0.0;0.0;0.0;0.0;0.0;0.0;0.0;3.0;0.0;0.0;0.0;1.0;0.0;0;0;0;0;CAPANEMA;REGIÃO SUL;11;5091.0;5230.0;5924.0;7050.0;7585.0;5952.0;4182.0;4798.0;5460.0;5360.0;5496.0;6312.0
7600.0;2019-09-30;6.0;15.0;21.0;29.0;644.0;37.0;1.0;6.0;21.0;454.0;37.0;0.0;37.0;833.0;14.0;35.0;5;4;4;5;4;4;4;0;0;0;0;0;0;0;0;0;0;0;1;0;0;0;0;0.0;0.0;0.0;0.0;1.0;0.0;0.0;0.0;0.0;0.0;0.0;0.0;1.0;0.0;0.0;0.0;0.0;0.0;0.0;0.0;0.0;0.0;0.0;0.0;0.0;0.0;0.0;0.0;0.0;0.0;0.0;0.0;0.0;0.0;0.0;3.0;0.0;0.0;0.0;1.0;0.0;0;0;0;0;CAPANEMA;REGIÃO SUL;12;6337.0;5091.0;5230.0;5924.0;7050.0;7585.0;5952.0;4182.0;4798.0;5460.0;5360.0;5496.0
8466.0;2019-10-31;11.0;17.0;24.0;30.0;744.0;37.0;3.0;11.0;24.0;556.0;37.0;0.0;37.0;932.0;28.0;91.0;4;5;5;4;4;4;5;0;0;0;0;0;0;0;0;0;0;1;0;0;0;0;0;0.0;0.0;0.0;0.0;1.0;0.0;0.0;0.0;0.0;0.0;0.0;0.0;1.0;0.0;0.0;0.0;0.0;0.0;0.0;0.0;0.0;0.0;0.0;0.0;0.0;0.0;0.0;0.0;0.0;0.0;0.0;0.0;0.0;0.0;0.0;3.0;0.0;0.0;0.0;1.0;0.0;0;0;0;0;CAPANEMA;REGIÃO SUL;13;7600.0;6337.0;5091.0;5230.0;5924.0;7050.0;7585.0;5952.0;4182.0;4798.0;5460.0;5360.0
8280.0;2019-11-30;12.0;21.0;24.0;27.0;729.0;34.0;7.0;12.0;22.0;566.0;34.0;0.0;34.0;892.0;124.0;213.0;4;4;4;4;5;5;4;0;0;0;0;0;0;0;0;0;1;0;0;0;0;0;0;0.0;0.0;0.0;0.0;1.0;0.0;0.0;0.0;0.0;0.0;0.0;0.0;1.0;0.0;0.0;0.0;0.0;0.0;0.0;0.0;0.0;0.0;0.0;0.0;0.0;0.0;0.0;0.0;0.0;0.0;0.0;0.0;0.0;0.0;0.0;3.0;0.0;0.0;0.0;1.0;0.0;0;0;0;0;CAPANEMA;REGIÃO SUL;14;8466.0;7600.0;6337.0;5091.0;5230.0;5924.0;7050.0;7585.0;5952.0;4182.0;4798.0;5460.0
6946.0;2019-12-31;12.0;19.0;23.0;28.0;716.0;34.0;6.0;12.0;22.0;546.0;34.0;0.0;34.0;886.0;48.0;185.0;5;4;4;5;4;4;5;0;0;1;0;0;0;0;0;0;0;0;0;0;0;0;0;0.0;0.0;0.0;0.0;1.0;0.0;0.0;0.0;0.0;0.0;0.0;0.0;1.0;0.0;0.0;0.0;0.0;0.0;0.0;0.0;0.0;0.0;0.0;0.0;0.0;0.0;0.0;0.0;0.0;0.0;0.0;0.0;0.0;0.0;0.0;3.0;0.0;0.0;0.0;1.0;0.0;0;0;0;0;CAPANEMA;REGIÃO SUL;15;8280.0;8466.0;7600.0;6337.0;5091.0;5230.0;5924.0;7050.0;7585.0;5952.0;4182.0;4798.0
6202.0;2020-01-31;17.0;19.0;25.0;27.0;769.0;33.0;6.0;17.0;23.0;619.0;33.0;0.0;33.0;920.0;97.0;192.0;4;5;5;4;5;4;4;0;0;0;0;1;0;0;0;0;0;0;0;0;0;0;0;0.0;0.0;0.0;0.0;0.0;1.0;0.0;0.0;0.0;0.0;0.0;0.0;1.0;0.0;0.0;0.0;0.0;0.0;0.0;0.0;0.0;0.0;0.0;0.0;0.0;0.0;0.0;0.0;0.0;0.0;0.0;0.0;0.0;0.0;0.0;3.0;0.0;0.0;0.0;1.0;0.0;31;0;0;0;CAPANEMA;REGIÃO SUL;16;6946.0;8280.0;8466.0;7600.0;6337.0;5091.0;5230.0;5924.0;7050.0;7585.0;5952.0;4182.0
7697.0;2020-02-29;11.0;18.0;25.0;28.0;716.0;34.0;5.0;11.0;22.0;556.0;34.0;0.0;34.0;876.0;110.0;157.0;4;4;4;4;4;5;4;0;0;0;1;0;0;0;0;0;0;0;0;0;0;0;0;0.0;0.0;0.0;0.0;0.0;1.0;0.0;0.0;0.0;0.0;0.0;0.0;1.0;0.0;0.0;0.0;0.0;0.0;0.0;0.0;0.0;0.0;0.0;0.0;0.0;0.0;0.0;0.0;0.0;0.0;0.0;0.0;0.0;0.0;0.0;3.0;0.0;0.0;0.0;1.0;0.0;0;3;0;0;CAPANEMA;REGIÃO SUL;17;6202.0;6946.0;8280.0;8466.0;7600.0;6337.0;5091.0;5230.0;5924.0;7050.0;7585.0;5952.0
5592.0;2020-03-31;13.0;20.0;24.0;29.0;755.0;36.0;1.0;13.0;22.0;559.0;36.0;0.0;36.0;951.0;38.0;43.0;5;4;4;5;4;4;5;0;0;0;0;0;0;0;0;1;0;0;0;0;0;0;0;0.0;0.0;0.0;0.0;0.0;1.0;0.0;0.0;0.0;0.0;0.0;0.0;1.0;0.0;0.0;0.0;0.0;0.0;0.0;0.0;0.0;0.0;0.0;0.0;0.0;0.0;0.0;0.0;0.0;0.0;0.0;0.0;0.0;0.0;0.0;3.0;0.0;0.0;0.0;1.0;0.0;0;0;15;0;CAPANEMA;REGIÃO SUL;18;7697.0;6202.0;6946.0;8280.0;8466.0;7600.0;6337.0;5091.0;5230.0;5924.0;7050.0;7585.0
690.0;2020-04-30;5.0;13.0;20.0;27.0;593.0;33.0;2.0;5.0;21.0;391.0;33.0;0.0;33.0;795.0;57.0;74.0;4;5;5;4;4;4;4;1;0;0;0;0;0;0;0;0;0;0;0;0;0;0;0;0.0;0.0;0.0;0.0;0.0;1.0;0.0;0.0;0.0;0.0;0.0;0.0;1.0;0.0;0.0;0.0;0.0;0.0;0.0;0.0;0.0;0.0;0.0;0.0;0.0;0.0;0.0;0.0;0.0;0.0;0.0;0.0;0.0;0.0;0.0;3.0;0.0;0.0;0.0;1.0;0.0;0;1;30;0;CAPANEMA;REGIÃO SUL;19;5592.0;7697.0;6202.0;6946.0;8280.0;8466.0;7600.0;6337.0;5091.0;5230.0;5924.0;7050.0
1285.0;2020-05-31;3.0;10.0;16.0;22.0;501.0;28.0;8.0;3.0;18.0;320.0;28.0;0.0;28.0;681.0;136.0;244.0;5;4;4;4;5;5;4;0;0;0;0;0;0;0;1;0;0;0;0;0;0;0;0;0.0;0.0;0.0;0.0;0.0;1.0;0.0;0.0;0.0;0.0;0.0;0.0;1.0;0.0;0.0;0.0;0.0;0.0;0.0;0.0;0.0;0.0;0.0;0.0;0.0;0.0;0.0;0.0;0.0;0.0;0.0;0.0;0.0;0.0;0.0;3.0;0.0;0.0;0.0;1.0;0.0;0;0;31;0;CAPANEMA;REGIÃO SUL;20;690.0;5592.0;7697.0;6202.0;6946.0;8280.0;8466.0;7600.0;6337.0;5091.0;5230.0;5924.0
1020.0;2020-06-30;4.0;10.0;18.0;24.0;539.0;29.0;5.0;4.0;20.0;394.0;29.0;0.0;29.0;684.0;51.0;144.0;4;4;4;5;4;4;5;0;0;0;0;0;0;1;0;0;0;0;0;0;0;0;0;0.0;0.0;0.0;0.0;0.0;1.0;0.0;0.0;0.0;0.0;0.0;0.0;1.0;0.0;0.0;0.0;0.0;0.0;0.0;0.0;0.0;0.0;0.0;0.0;0.0;0.0;0.0;0.0;0.0;0.0;0.0;0.0;0.0;0.0;0.0;3.0;0.0;0.0;0.0;1.0;0.0;0;1;30;0;CAPANEMA;REGIÃO SUL;21;1285.0;690.0;5592.0;7697.0;6202.0;6946.0;8280.0;8466.0;7600.0;6337.0;5091.0;5230.0
1036.0;2020-07-31;2.0;9.0;17.0;23.0;518.0;28.0;4.0;2.0;18.0;357.0;28.0;0.0;28.0;678.0;46.0;109.0;4;5;5;4;5;4;4;0;0;0;0;0;1;0;0;0;0;0;0;0;0;0;0;0.0;0.0;0.0;0.0;0.0;1.0;0.0;0.0;0.0;0.0;0.0;0.0;1.0;0.0;0.0;0.0;0.0;0.0;0.0;0.0;0.0;0.0;0.0;0.0;0.0;0.0;0.0;0.0;0.0;0.0;0.0;0.0;0.0;0.0;0.0;3.0;0.0;0.0;0.0;1.0;0.0;0;0;31;0;CAPANEMA;REGIÃO SUL;22;1020.0;1285.0;690.0;5592.0;7697.0;6202.0;6946.0;8280.0;8466.0;7600.0;6337.0;5091.0
1127.0;2020-08-31;0.0;6.0;19.0;26.0;589.0;32.0;8.0;0.0;19.0;423.0;32.0;0.0;32.0;755.0;100.0;246.0;5;4;4;5;4;5;4;0;1;0;0;0;0;0;0;0;0;0;0;0;0;0;0;0.0;0.0;0.0;0.0;0.0;1.0;0.0;0.0;0.0;0.0;0.0;0.0;1.0;0.0;0.0;0.0;0.0;0.0;0.0;0.0;0.0;0.0;0.0;0.0;0.0;0.0;0.0;0.0;0.0;0.0;0.0;0.0;0.0;0.0;0.0;3.0;0.0;0.0;0.0;1.0;0.0;0;0;31;0;CAPANEMA;REGIÃO SUL;23;1036.0;1020.0;1285.0;690.0;5592.0;7697.0;6202.0;6946.0;8280.0;8466.0;7600.0;6337.0
1150.0;2020-09-30;10.0;17.0;23.0;31.0;686.0;38.0;4.0;10.0;23.0;509.0;38.0;0.0;38.0;862.0;51.0;115.0;4;5;4;4;4;4;5;0;0;0;0;0;0;0;0;0;0;0;1;0;0;0;0;0.0;0.0;0.0;0.0;0.0;1.0;0.0;0.0;0.0;0.0;0.0;0.0;1.0;0.0;0.0;0.0;0.0;0.0;0.0;0.0;0.0;0.0;0.0;0.0;0.0;0.0;0.0;0.0;0.0;0.0;0.0;0.0;0.0;0.0;0.0;3.0;0.0;0.0;0.0;1.0;0.0;0;0;30;0;CAPANEMA;REGIÃO SUL;24;1127.0;1036.0;1020.0;1285.0;690.0;5592.0;7697.0;6202.0;6946.0;8280.0;8466.0;7600.0
1359.0;2020-10-31;12.0;19.0;24.0;31.0;756.0;38.0;3.0;12.0;24.0;565.0;38.0;0.0;38.0;947.0;46.0;83.0;4;4;5;4;5;5;4;0;0;0;0;0;0;0;0;0;0;1;0;0;0;0;0;0.0;0.0;0.0;0.0;0.0;1.0;0.0;0.0;0.0;0.0;0.0;0.0;1.0;0.0;0.0;0.0;0.0;0.0;0.0;0.0;0.0;0.0;0.0;0.0;0.0;0.0;0.0;0.0;0.0;0.0;0.0;0.0;0.0;0.0;0.0;3.0;0.0;0.0;0.0;1.0;0.0;0;0;31;0;CAPANEMA;REGIÃO SUL;25;1150.0;1127.0;1036.0;1020.0;1285.0;690.0;5592.0;7697.0;6202.0;6946.0;8280.0;8466.0
1500.0;2020-11-30;11.0;19.0;24.0;29.0;708.0;36.0;3.0;11.0;22.0;520.0;36.0;0.0;36.0;896.0;22.0;85.0;5;4;4;5;4;4;4;0;0;0;0;0;0;0;0;0;1;0;0;0;0;0;0;0.0;0.0;0.0;0.0;0.0;1.0;0.0;0.0;0.0;0.0;0.0;0.0;1.0;0.0;0.0;0.0;0.0;0.0;0.0;0.0;0.0;0.0;0.0;0.0;0.0;0.0;0.0;0.0;0.0;0.0;0.0;0.0;0.0;0.0;0.0;3.0;0.0;0.0;0.0;1.0;0.0;0;0;30;0;CAPANEMA;REGIÃO SUL;26;1359.0;1150.0;1127.0;1036.0;1020.0;1285.0;690.0;5592.0;7697.0;6202.0;6946.0;8280.0
1643.0;2020-12-31;14.0;21.0;24.0;27.0;757.0;33.0;8.0;14.0;21.0;596.0;33.0;0.0;33.0;919.0;149.0;258.0;4;5;5;4;4;4;5;0;0;1;0;0;0;0;0;0;0;0;0;0;0;0;0;0.0;0.0;0.0;0.0;0.0;1.0;0.0;0.0;0.0;0.0;0.0;0.0;1.0;0.0;0.0;0.0;0.0;0.0;0.0;0.0;0.0;0.0;0.0;0.0;0.0;0.0;0.0;0.0;0.0;0.0;0.0;0.0;0.0;0.0;0.0;3.0;0.0;0.0;0.0;1.0;0.0;0;0;31;0;CAPANEMA;REGIÃO SUL;27;1500.0;1359.0;1150.0;1127.0;1036.0;1020.0;1285.0;690.0;5592.0;7697.0;6202.0;6946.0
2170.0;2021-01-31;18.0;20.0;24.0;27.0;741.0;32.0;10.0;18.0;22.0;614.0;32.0;0.0;32.0;867.0;82.0;299.0;5;4;4;4;5;5;4;0;0;0;0;1;0;0;0;0;0;0;0;1;0;0;0;0.0;0.0;0.0;0.0;0.0;0.0;0.0;0.0;0.0;0.0;0.0;0.0;1.0;0.0;0.0;0.0;0.0;0.0;0.0;0.0;0.0;0.0;0.0;0.0;0.0;0.0;0.0;0.0;0.0;0.0;0.0;0.0;0.0;0.0;0.0;3.0;0.0;0.0;0.0;1.0;0.0;0;0;31;0;CAPANEMA;REGIÃO SUL;28;1643.0;1500.0;1359.0;1150.0;1127.0;1036.0;1020.0;1285.0;690.0;5592.0;7697.0;6202.0
1876.0;2021-02-28;13.0;20.0;24.0;28.0;669.0;34.0;2.0;13.0;22.0;513.0;34.0;0.0;34.0;824.0;22.0;58.0;4;4;4;4;4;4;4;0;0;0;1;0;0;0;0;0;0;0;0;1;0;0;0;0.0;0.0;0.0;0.0;0.0;0.0;0.0;0.0;0.0;0.0;0.0;0.0;1.0;0.0;0.0;0.0;0.0;0.0;0.0;0.0;0.0;0.0;0.0;0.0;0.0;0.0;0.0;0.0;0.0;0.0;0.0;0.0;0.0;0.0;0.0;3.0;0.0;0.0;0.0;1.0;0.0;0;3;28;0;CAPANEMA;REGIÃO SUL;29;2170.0;1643.0;1500.0;1359.0;1150.0;1127.0;1036.0;1020.0;1285.0;690.0;5592.0;7697.0
1705.0;2021-03-31;14.0;19.0;24.0;28.0;750.0;35.0;1.0;14.0;22.0;582.0;35.0;0.0;35.0;918.0;14.0;46.0;4;5;4;5;4;4;5;0;0;0;0;0;0;0;0;1;0;0;0;1;0;0;0;0.0;0.0;0.0;0.0;0.0;0.0;0.0;0.0;0.0;0.0;0.0;0.0;1.0;0.0;0.0;0.0;0.0;0.0;0.0;0.0;0.0;0.0;0.0;0.0;0.0;0.0;0.0;0.0;0.0;0.0;0.0;0.0;0.0;0.0;0.0;3.0;0.0;0.0;0.0;1.0;0.0;0;0;31;0;CAPANEMA;REGIÃO SUL;30;1876.0;2170.0;1643.0;1500.0;1359.0;1150.0;1127.0;1036.0;1020.0;1285.0;690.0;5592.0
1650.0;2021-04-30;8.0;16.0;21.0;26.0;643.0;31.0;1.0;8.0;20.0;478.0;31.0;0.0;31.0;808.0;29.0;40.0;4;4;5;4;5;4;4;1;0;0;0;0;0;0;0;0;0;0;0;1;0;0;0;0.0;0.0;0.0;0.0;0.0;0.0;0.0;0.0;0.0;0.0;0.0;0.0;1.0;0.0;0.0;0.0;0.0;0.0;0.0;0.0;0.0;0.0;0.0;0.0;0.0;0.0;0.0;0.0;0.0;0.0;0.0;0.0;0.0;0.0;0.0;3.0;0.0;0.0;0.0;1.0;0.0;0;1;30;0;CAPANEMA;REGIÃO SUL;31;1705.0;1876.0;2170.0;1643.0;1500.0;1359.0;1150.0;1127.0;1036.0;1020.0;1285.0;690.0
1426.0;2021-05-31;5.0;11.0;18.0;24.0;557.0;30.0;1.0;5.0;19.0;387.0;30.0;0.0;30.0;728.0;11.0;26.0;5;4;4;5;4;5;4;0;0;0;0;0;0;0;1;0;0;0;0;1;0;0;0;0.0;0.0;0.0;0.0;0.0;0.0;0.0;0.0;0.0;0.0;0.0;0.0;1.0;0.0;0.0;0.0;0.0;0.0;0.0;0.0;0.0;0.0;0.0;0.0;0.0;0.0;0.0;0.0;0.0;0.0;0.0;0.0;0.0;0.0;0.0;3.0;0.0;0.0;0.0;1.0;0.0;0;0;31;0;CAPANEMA;REGIÃO SUL;32;1650.0;1705.0;1876.0;2170.0;1643.0;1500.0;1359.0;1150.0;1127.0;1036.0;1020.0;1285.0
1560.0;2021-06-30;-1.0;5.0;16.0;23.0;470.0;28.0;5.0;-1.0;17.0;344.0;28.0;0.0;28.0;597.0;48.0;136.0;4;5;4;4;4;4;5;0;0;0;0;0;0;1;0;0;0;0;0;1;0;0;0;0.0;0.0;0.0;0.0;0.0;0.0;0.0;0.0;0.0;0.0;0.0;0.0;1.0;0.0;0.0;0.0;0.0;0.0;0.0;0.0;0.0;0.0;0.0;0.0;0.0;0.0;0.0;0.0;0.0;0.0;0.0;0.0;0.0;0.0;0.0;3.0;0.0;0.0;0.0;1.0;0.0;0;1;30;0;CAPANEMA;REGIÃO SUL;33;1426.0;1650.0;1705.0;1876.0;2170.0;1643.0;1500.0;1359.0;1150.0;1127.0;1036.0;1020.0
1767.0;2021-07-31;-1.0;6.0;15.0;23.0;480.0;29.0;2.0;-1.0;17.0;293.0;29.0;0.0;29.0;666.0;27.0;56.0;4;4;5;4;5;5;4;0;0;0;0;0;1;0;0;0;0;0;0;1;0;0;0;0.0;0.0;0.0;0.0;0.0;0.0;0.0;0.0;0.0;0.0;0.0;0.0;1.0;0.0;0.0;0.0;0.0;0.0;0.0;0.0;0.0;0.0;0.0;0.0;0.0;0.0;0.0;0.0;0.0;0.0;0.0;0.0;0.0;0.0;0.0;3.0;0.0;0.0;0.0;1.0;0.0;0;0;31;0;CAPANEMA;REGIÃO SUL;34;1560.0;1426.0;1650.0;1705.0;1876.0;2170.0;1643.0;1500.0;1359.0;1150.0;1127.0;1036.0
1984.0;2021-08-31;5.0;13.0;20.0;27.0;614.0;33.0;2.0;5.0;22.0;442.0;33.0;0.0;33.0;786.0;20.0;52.0;5;4;4;5;4;4;5;0;1;0;0;0;0;0;0;0;0;0;0;1;0;0;0;0.0;0.0;0.0;0.0;0.0;0.0;0.0;0.0;0.0;0.0;0.0;0.0;1.0;0.0;0.0;0.0;0.0;0.0;0.0;0.0;0.0;0.0;0.0;0.0;0.0;0.0;0.0;0.0;0.0;0.0;0.0;0.0;0.0;0.0;0.0;3.0;0.0;0.0;0.0;1.0;0.0;0;0;31;0;CAPANEMA;REGIÃO SUL;35;1767.0;1560.0;1426.0;1650.0;1705.0;1876.0;2170.0;1643.0;1500.0;1359.0;1150.0;1127.0
2340.0;2021-09-30;9.0;16.0;23.0;30.0;684.0;36.0;3.0;9.0;23.0;517.0;36.0;0.0;36.0;851.0;20.0;88.0;4;5;5;4;4;4;4;0;0;0;0;0;0;0;0;0;0;0;1;1;0;0;0;0.0;0.0;0.0;0.0;0.0;0.0;0.0;0.0;0.0;0.0;0.0;0.0;1.0;0.0;0.0;0.0;0.0;0.0;0.0;0.0;0.0;0.0;0.0;0.0;0.0;0.0;0.0;0.0;0.0;0.0;0.0;0.0;0.0;0.0;0.0;3.0;0.0;0.0;0.0;1.0;0.0;0;0;30;0;CAPANEMA;REGIÃO SUL;36;1984.0;1767.0;1560.0;1426.0;1650.0;1705.0;1876.0;2170.0;1643.0;1500.0;1359.0;1150.0
2697.0;2021-10-31;11.0;18.0;21.0;26.0;656.0;32.0;14.0;11.0;21.0;516.0;32.0;0.0;32.0;795.0;164.0;428.0;5;4;4;4;5;5;4;0;0;0;0;0;0;0;0;0;0;1;0;1;0;0;0;0.0;0.0;0.0;0.0;0.0;0.0;0.0;0.0;0.0;0.0;0.0;0.0;1.0;0.0;0.0;0.0;0.0;0.0;0.0;0.0;0.0;0.0;0.0;0.0;0.0;0.0;0.0;0.0;0.0;0.0;0.0;0.0;0.0;0.0;0.0;3.0;0.0;0.0;0.0;1.0;0.0;0;0;0;0;CAPANEMA;REGIÃO SUL;37;2340.0;1984.0;1767.0;1560.0;1426.0;1650.0;1705.0;1876.0;2170.0;1643.0;1500.0;1359.0
6120.0;2021-11-30;14.0;21.0;24.0;28.0;729.0;34.0;2.0;14.0;22.0;558.0;34.0;0.0;34.0;899.0;26.0;52.0;4;4;4;5;4;4;5;0;0;0;0;0;0;0;0;0;1;0;0;1;0;0;0;0.0;0.0;0.0;0.0;0.0;0.0;0.0;0.0;0.0;0.0;0.0;0.0;1.0;0.0;0.0;0.0;0.0;0.0;0.0;0.0;0.0;0.0;0.0;0.0;0.0;0.0;0.0;0.0;0.0;0.0;0.0;0.0;0.0;0.0;0.0;3.0;0.0;0.0;0.0;1.0;0.0;0;0;0;0;CAPANEMA;REGIÃO SUL;38;2697.0;2340.0;1984.0;1767.0;1560.0;1426.0;1650.0;1705.0;1876.0;2170.0;1643.0;1500.0
7347.0;2021-12-31;15.0;23.0;26.0;29.0;813.0;36.0;0.0;15.0;23.0;606.0;36.0;0.0;36.0;1020.0;3.0;6.0;4;5;5;4;5;4;4;0;0;1;0;0;0;0;0;0;0;0;0;1;0;0;0;0.0;0.0;0.0;0.0;0.0;0.0;0.0;0.0;0.0;0.0;0.0;0.0;1.0;0.0;0.0;0.0;0.0;0.0;0.0;0.0;0.0;0.0;0.0;0.0;0.0;0.0;0.0;0.0;0.0;0.0;0.0;0.0;0.0;0.0;0.0;3.0;0.0;0.0;0.0;1.0;0.0;0;0;0;0;CAPANEMA;REGIÃO SUL;39;6120.0;2697.0;2340.0;1984.0;1767.0;1560.0;1426.0;1650.0;1705.0;1876.0;2170.0;1643.0
5332.0;2022-01-31;18.0;22.0;27.0;31.0;837.0;38.0;6.0;18.0;24.0;653.0;38.0;0.0;38.0;1021.0;32.0;182.0;5;4;4;5;4;5;4;0;0;0;0;1;0;0;0;0;0;0;0;0;1;0;0;0.0;0.0;0.0;0.0;0.0;0.0;0.0;0.0;0.0;0.0;0.0;0.0;1.0;0.0;0.0;0.0;0.0;0.0;0.0;0.0;0.0;0.0;0.0;0.0;0.0;0.0;0.0;0.0;0.0;0.0;0.0;0.0;0.0;0.0;0.0;3.0;0.0;0.0;0.0;1.0;0.0;31;0;0;0;CAPANEMA;REGIÃO SUL;40;7347.0;6120.0;2697.0;2340.0;1984.0;1767.0;1560.0;1426.0;1650.0;1705.0;1876.0;2170.0
8176.0;2022-02-28;14.0;21.0;26.0;30.0;735.0;36.0;7.0;14.0;24.0;565.0;36.0;0.0;36.0;904.0;83.0;191.0;4;4;4;4;4;4;4;0;0;0;1;0;0;0;0;0;0;0;0;0;1;0;0;0.0;0.0;0.0;0.0;0.0;0.0;0.0;0.0;0.0;0.0;0.0;0.0;1.0;0.0;0.0;0.0;0.0;0.0;0.0;0.0;0.0;0.0;0.0;0.0;0.0;0.0;0.0;0.0;0.0;0.0;0.0;0.0;0.0;0.0;0.0;3.0;0.0;0.0;0.0;1.0;0.0;0;1;0;0;CAPANEMA;REGIÃO SUL;41;5332.0;7347.0;6120.0;2697.0;2340.0;1984.0;1767.0;1560.0;1426.0;1650.0;1705.0;1876.0
11625.0;2022-03-31;10.0;15.0;23.0;29.0;726.0;34.0;11.0;10.0;23.0;579.0;34.0;0.0;34.0;872.0;135.0;335.0;4;5;5;4;4;4;5;0;0;0;0;0;0;0;0;1;0;0;0;0;1;0;0;0.0;0.0;0.0;0.0;0.0;0.0;0.0;0.0;0.0;0.0;0.0;0.0;1.0;0.0;0.0;0.0;0.0;0.0;0.0;0.0;0.0;0.0;0.0;0.0;0.0;0.0;0.0;0.0;0.0;0.0;0.0;0.0;0.0;0.0;0.0;3.0;0.0;0.0;0.0;1.0;0.0;0;1;0;0;CAPANEMA;REGIÃO SUL;42;8176.0;5332.0;7347.0;6120.0;2697.0;2340.0;1984.0;1767.0;1560.0;1426.0;1650.0;1705.0
5460.0;2022-04-30;8.0;15.0;21.0;26.0;628.0;31.0;17.0;8.0;22.0;496.0;31.0;0.0;31.0;761.0;107.0;506.0;4;4;4;4;5;5;4;1;0;0;0;0;0;0;0;0;0;0;0;0;1;0;0;0.0;0.0;0.0;0.0;0.0;0.0;0.0;0.0;0.0;0.0;0.0;0.0;1.0;0.0;0.0;0.0;0.0;0.0;0.0;0.0;0.0;0.0;0.0;0.0;0.0;0.0;0.0;0.0;0.0;0.0;0.0;0.0;0.0;0.0;0.0;3.0;0.0;0.0;0.0;1.0;0.0;0;1;0;0;CAPANEMA;REGIÃO SUL;43;11625.0;8176.0;5332.0;7347.0;6120.0;2697.0;2340.0;1984.0;1767.0;1560.0;1426.0;1650.0
5394.0;2022-05-31;5.0;9.0;16.0;21.0;496.0;27.0;7.0;5.0;19.0;379.0;27.0;0.0;27.0;613.0;60.0;215.0;5;4;4;5;4;4;5;0;0;0;0;0;0;0;1;0;0;0;0;0;1;0;0;0.0;0.0;0.0;0.0;0.0;0.0;0.0;0.0;0.0;0.0;0.0;0.0;1.0;0.0;0.0;0.0;0.0;0.0;0.0;0.0;0.0;0.0;0.0;0.0;0.0;0.0;0.0;0.0;0.0;0.0;0.0;0.0;0.0;0.0;0.0;3.0;0.0;0.0;0.0;1.0;0.0;0;0;0;0;CAPANEMA;REGIÃO SUL;44;5460.0;11625.0;8176.0;5332.0;7347.0;6120.0;2697.0;2340.0;1984.0;1767.0;1560.0;1426.0
5310.0;2022-06-30;0.0;7.0;15.0;22.0;463.0;27.0;4.0;0.0;18.0;335.0;27.0;0.0;27.0;590.0;34.0;109.0;4;5;5;4;4;4;4;0;0;0;0;0;0;1;0;0;0;0;0;0;1;0;0;0.0;0.0;0.0;0.0;0.0;0.0;0.0;0.0;0.0;0.0;0.0;0.0;1.0;0.0;0.0;0.0;0.0;0.0;0.0;0.0;0.0;0.0;0.0;0.0;0.0;0.0;0.0;0.0;0.0;0.0;0.0;0.0;0.0;0.0;0.0;3.0;0.0;0.0;0.0;1.0;0.0;0;1;0;0;CAPANEMA;REGIÃO SUL;45;5394.0;5460.0;11625.0;8176.0;5332.0;7347.0;6120.0;2697.0;2340.0;1984.0;1767.0;1560.0
4092.0;2022-07-31;5.0;10.0;20.0;23.0;606.0;29.0;2.0;5.0;19.0;442.0;29.0;0.0;29.0;769.0;24.0;51.0;5;4;4;4;5;5;4;0;0;0;0;0;1;0;0;0;0;0;0;0;1;0;0;0.0;0.0;0.0;0.0;0.0;0.0;0.0;0.0;0.0;0.0;0.0;0.0;1.0;0.0;0.0;0.0;0.0;0.0;0.0;0.0;0.0;0.0;0.0;0.0;0.0;0.0;0.0;0.0;0.0;0.0;0.0;0.0;0.0;0.0;0.0;3.0;0.0;0.0;0.0;1.0;0.0;0;0;0;0;CAPANEMA;REGIÃO SUL;46;5310.0;5394.0;5460.0;11625.0;8176.0;5332.0;7347.0;6120.0;2697.0;2340.0;1984.0;1767.0
5766.0;2022-08-31;1.0;7.0;17.0;24.0;530.0;30.0;10.0;1.0;19.0;375.0;30.0;0.0;30.0;686.0;63.0;299.0;4;5;4;5;4;4;5;0;1;0;0;0;0;0;0;0;0;0;0;0;1;0;0;0.0;0.0;0.0;0.0;0.0;0.0;0.0;0.0;0.0;0.0;0.0;0.0;1.0;0.0;0.0;0.0;0.0;0.0;0.0;0.0;0.0;0.0;0.0;0.0;0.0;0.0;0.0;0.0;0.0;0.0;0.0;0.0;0.0;0.0;0.0;3.0;0.0;0.0;0.0;1.0;0.0;0;0;0;0;CAPANEMA;REGIÃO SUL;47;4092.0;5310.0;5394.0;5460.0;11625.0;8176.0;5332.0;7347.0;6120.0;2697.0;2340.0;1984.0
5850.0;2022-09-30;5.0;12.0;17.0;26.0;516.0;31.0;11.0;5.0;22.0;381.0;31.0;0.0;31.0;651.0;59.0;335.0;4;4;5;4;5;4;4;0;0;0;0;0;0;0;0;0;0;0;1;0;1;0;0;0.0;0.0;0.0;0.0;0.0;0.0;0.0;0.0;0.0;0.0;0.0;0.0;1.0;0.0;0.0;0.0;0.0;0.0;0.0;0.0;0.0;0.0;0.0;0.0;0.0;0.0;0.0;0.0;0.0;0.0;0.0;0.0;0.0;0.0;0.0;3.0;0.0;0.0;0.0;1.0;0.0;0;0;0;0;CAPANEMA;REGIÃO SUL;48;5766.0;4092.0;5310.0;5394.0;5460.0;11625.0;8176.0;5332.0;7347.0;6120.0;2697.0;2340.0
5952.0;2022-10-31;11.0;14.0;20.0;26.0;618.0;33.0;15.0;11.0;20.0;475.0;33.0;0.0;33.0;761.0;76.0;471.0;5;4;4;5;4;5;4;0;0;0;0;0;0;0;0;0;0;1;0;0;1;0;0;0.0;0.0;0.0;0.0;0.0;0.0;0.0;0.0;0.0;0.0;0.0;0.0;1.0;0.0;0.0;0.0;0.0;0.0;0.0;0.0;0.0;0.0;0.0;0.0;0.0;0.0;0.0;0.0;0.0;0.0;0.0;0.0;0.0;0.0;0.0;3.0;0.0;0.0;0.0;1.0;0.0;0;0;0;0;CAPANEMA;REGIÃO SUL;49;5850.0;5766.0;4092.0;5310.0;5394.0;5460.0;11625.0;8176.0;5332.0;7347.0;6120.0;2697.0
8040.0;2022-11-30;5.0;12.0;21.0;25.0;626.0;32.0;4.0;5.0;21.0;427.0;32.0;0.0;32.0;825.0;59.0;128.0;4;5;4;4;4;4;5;0;0;0;0;0;0;0;0;0;1;0;0;0;1;0;0;0.0;0.0;0.0;0.0;0.0;0.0;0.0;0.0;0.0;0.0;0.0;0.0;1.0;0.0;0.0;0.0;0.0;0.0;0.0;0.0;0.0;0.0;0.0;0.0;0.0;0.0;0.0;0.0;0.0;0.0;0.0;0.0;0.0;0.0;0.0;3.0;0.0;0.0;0.0;1.0;0.0;0;0;0;0;CAPANEMA;REGIÃO SUL;50;5952.0;5850.0;5766.0;4092.0;5310.0;5394.0;5460.0;11625.0;8176.0;5332.0;7347.0;6120.0
8649.0;2022-12-31;12.0;21.0;25.0;29.0;771.0;34.0;4.0;12.0;24.0;580.0;34.0;0.0;34.0;963.0;40.0;131.0;4;4;5;4;5;5;4;0;0;1;0;0;0;0;0;0;0;0;0;0;1;0;0;0.0;0.0;0.0;0.0;0.0;0.0;0.0;0.0;0.0;0.0;0.0;0.0;1.0;0.0;0.0;0.0;0.0;0.0;0.0;0.0;0.0;0.0;0.0;0.0;0.0;0.0;0.0;0.0;0.0;0.0;0.0;0.0;0.0;0.0;0.0;3.0;0.0;0.0;0.0;1.0;0.0;0;0;0;0;CAPANEMA;REGIÃO SUL;51;8040.0;5952.0;5850.0;5766.0;4092.0;5310.0;5394.0;5460.0;11625.0;8176.0;5332.0;7347.0
6262.0;2023-01-31;13.0;20.0;25.0;28.0;770.0;35.0;7.0;13.0;23.0;606.0;35.0;0.0;35.0;935.0;38.0;218.0;5;4;4;5;4;4;5;0;0;0;0;1;0;0;0;0;0;0;0;0;0;1;0;0.0;0.0;0.0;0.0;0.0;0.0;0.0;0.0;0.0;0.0;0.0;0.0;1.0;0.0;0.0;0.0;0.0;0.0;0.0;0.0;0.0;0.0;0.0;0.0;0.0;0.0;0.0;0.0;0.0;0.0;0.0;0.0;0.0;0.0;0.0;3.0;0.0;0.0;0.0;1.0;0.0;31;0;0;0;CAPANEMA;REGIÃO SUL;52;8649.0;8040.0;5952.0;5850.0;5766.0;4092.0;5310.0;5394.0;5460.0;11625.0;8176.0;5332.0
8792.0;2023-02-28;9.0;16.0;24.0;27.0;666.0;33.0;17.0;9.0;22.0;529.0;33.0;0.0;33.0;803.0;90.0;464.0;4;4;4;4;4;4;4;0;0;0;1;0;0;0;0;0;0;0;0;0;0;1;0;0.0;0.0;0.0;0.0;0.0;0.0;0.0;0.0;0.0;0.0;0.0;0.0;1.0;0.0;0.0;0.0;0.0;0.0;0.0;0.0;0.0;0.0;0.0;0.0;0.0;0.0;0.0;0.0;0.0;0.0;0.0;0.0;0.0;0.0;0.0;3.0;0.0;0.0;0.0;1.0;0.0;0;3;0;0;CAPANEMA;REGIÃO SUL;53;6262.0;8649.0;8040.0;5952.0;5850.0;5766.0;4092.0;5310.0;5394.0;5460.0;11625.0;8176.0
11797.0;2023-03-31;13.0;20.0;25.0;27.0;764.0;33.0;4.0;13.0;22.0;615.0;33.0;0.0;33.0;912.0;46.0;129.0;4;5;5;4;5;4;4;0;0;0;0;0;0;0;0;1;0;0;0;0;0;1;0;0.0;0.0;0.0;0.0;0.0;0.0;0.0;0.0;0.0;0.0;0.0;0.0;1.0;0.0;0.0;0.0;0.0;0.0;0.0;0.0;0.0;0.0;0.0;0.0;0.0;0.0;0.0;0.0;0.0;0.0;0.0;0.0;0.0;0.0;0.0;3.0;0.0;0.0;0.0;1.0;0.0;0;0;0;0;CAPANEMA;REGIÃO SUL;54;8792.0;6262.0;8649.0;8040.0;5952.0;5850.0;5766.0;4092.0;5310.0;5394.0;5460.0;11625.0
7350.0;2023-04-30;9.0;15.0;21.0;25.0;627.0;31.0;4.0;9.0;20.0;485.0;31.0;0.0;31.0;768.0;65.0;112.0;5;4;4;4;4;5;4;1;0;0;0;0;0;0;0;0;0;0;0;0;0;1;0;0.0;0.0;0.0;0.0;0.0;0.0;0.0;0.0;0.0;0.0;0.0;0.0;1.0;0.0;0.0;0.0;0.0;0.0;0.0;0.0;0.0;0.0;0.0;0.0;0.0;0.0;0.0;0.0;0.0;0.0;0.0;0.0;0.0;0.0;0.0;3.0;0.0;0.0;0.0;1.0;0.0;0;1;0;0;CAPANEMA;REGIÃO SUL;55;11797.0;8792.0;6262.0;8649.0;8040.0;5952.0;5850.0;5766.0;4092.0;5310.0;5394.0;5460.0
6696.0;2023-05-31;8.0;14.0;19.0;24.0;594.0;28.0;6.0;8.0;21.0;457.0;28.0;0.0;28.0;730.0;59.0;195.0;4;5;4;5;4;4;5;0;0;0;0;0;0;0;1;0;0;0;0;0;0;1;0;0.0;0.0;0.0;0.0;0.0;0.0;0.0;0.0;0.0;0.0;0.0;0.0;1.0;0.0;0.0;0.0;0.0;0.0;0.0;0.0;0.0;0.0;0.0;0.0;0.0;0.0;0.0;0.0;0.0;0.0;0.0;0.0;0.0;0.0;0.0;3.0;0.0;0.0;0.0;1.0;0.0;0;0;0;0;CAPANEMA;REGIÃO SUL;56;7350.0;11797.0;8792.0;6262.0;8649.0;8040.0;5952.0;5850.0;5766.0;4092.0;5310.0;5394.0
6000.0;2023-06-30;5.0;8.0;17.0;21.0;513.0;26.0;3.0;5.0;18.0;385.0;26.0;0.0;26.0;641.0;44.0;99.0;4;4;5;4;5;4;4;0;0;0;0;0;0;1;0;0;0;0;0;0;0;1;0;0.0;0.0;0.0;0.0;0.0;0.0;0.0;0.0;0.0;0.0;0.0;0.0;1.0;0.0;0.0;0.0;0.0;0.0;0.0;0.0;0.0;0.0;0.0;0.0;0.0;0.0;0.0;0.0;0.0;0.0;0.0;0.0;0.0;0.0;0.0;3.0;0.0;0.0;0.0;1.0;0.0;0;1;0;0;CAPANEMA;REGIÃO SUL;57;6696.0;7350.0;11797.0;8792.0;6262.0;8649.0;8040.0;5952.0;5850.0;5766.0;4092.0;5310.0
1829.0;2023-07-31;4.0;8.0;18.0;22.0;565.0;28.0;4.0;4.0;20.0;428.0;28.0;0.0;28.0;702.0;47.0;122.0;5;4;4;5;4;5;4;0;0;0;0;0;1;0;0;0;0;0;0;0;0;1;0;0.0;0.0;0.0;0.0;0.0;0.0;0.0;0.0;0.0;0.0;0.0;0.0;1.0;0.0;0.0;0.0;0.0;0.0;0.0;0.0;0.0;0.0;0.0;0.0;0.0;0.0;0.0;0.0;0.0;0.0;0.0;0.0;0.0;0.0;0.0;3.0;0.0;0.0;0.0;1.0;0.0;15;0;0;0;CAPANEMA;REGIÃO SUL;58;6000.0;6696.0;7350.0;11797.0;8792.0;6262.0;8649.0;8040.0;5952.0;5850.0;5766.0;4092.0
5115.0;2023-08-31;5.0;11.0;20.0;27.0;614.0;32.0;7.0;5.0;21.0;454.0;32.0;0.0;32.0;774.0;114.0;232.0;4;5;5;4;4;4;5;0;1;0;0;0;0;0;0;0;0;0;0;0;0;1;0;0.0;0.0;0.0;0.0;0.0;0.0;0.0;0.0;0.0;0.0;0.0;0.0;1.0;0.0;0.0;0.0;0.0;0.0;0.0;0.0;0.0;0.0;0.0;0.0;0.0;0.0;0.0;0.0;0.0;0.0;0.0;0.0;0.0;0.0;0.0;3.0;0.0;0.0;0.0;1.0;0.0;0;0;0;0;CAPANEMA;REGIÃO SUL;59;1829.0;6000.0;6696.0;7350.0;11797.0;8792.0;6262.0;8649.0;8040.0;5952.0;5850.0;5766.0
6450.0;2023-09-30;7.0;13.0;23.0;30.0;681.0;36.0;9.0;7.0;24.0;533.0;36.0;0.0;36.0;828.0;115.0;268.0;4;4;4;4;5;5;4;0;0;0;0;0;0;0;0;0;0;0;1;0;0;1;0;0.0;0.0;0.0;0.0;0.0;0.0;0.0;0.0;0.0;0.0;0.0;0.0;1.0;0.0;0.0;0.0;0.0;0.0;0.0;0.0;0.0;0.0;0.0;0.0;0.0;0.0;0.0;0.0;0.0;0.0;0.0;0.0;0.0;0.0;0.0;3.0;0.0;0.0;0.0;1.0;0.0;0;0;0;0;CAPANEMA;REGIÃO SUL;60;5115.0;1829.0;6000.0;6696.0;7350.0;11797.0;8792.0;6262.0;8649.0;8040.0;5952.0;5850.0
5208.0;2023-10-31;8.0;14.0;22.0;28.0;680.0;35.0;11.0;8.0;22.0;549.0;35.0;0.0;35.0;811.0;132.0;354.0;5;4;4;5;4;4;5;0;0;0;0;0;0;0;0;0;0;1;0;0;0;1;0;0.0;0.0;0.0;0.0;0.0;0.0;0.0;0.0;0.0;0.0;0.0;0.0;1.0;0.0;0.0;0.0;0.0;0.0;0.0;0.0;0.0;0.0;0.0;0.0;0.0;0.0;0.0;0.0;0.0;0.0;0.0;0.0;0.0;0.0;0.0;3.0;0.0;0.0;0.0;1.0;0.0;0;0;0;0;CAPANEMA;REGIÃO SUL;61;6450.0;5115.0;1829.0;6000.0;6696.0;7350.0;11797.0;8792.0;6262.0;8649.0;8040.0;5952.0
5820.0;2023-11-30;9.0;15.0;24.0;30.0;710.0;34.0;14.0;9.0;26.0;593.0;34.0;0.0;34.0;827.0;99.0;413.0;4;5;5;4;4;4;4;0;0;0;0;0;0;0;0;0;1;0;0;0;0;1;0;0.0;0.0;0.0;0.0;0.0;0.0;0.0;0.0;0.0;0.0;0.0;0.0;1.0;0.0;0.0;0.0;0.0;0.0;0.0;0.0;0.0;0.0;0.0;0.0;0.0;0.0;0.0;0.0;0.0;0.0;0.0;0.0;0.0;0.0;0.0;3.0;0.0;0.0;0.0;1.0;0.0;0;0;0;0;CAPANEMA;REGIÃO SUL;62;5208.0;6450.0;5115.0;1829.0;6000.0;6696.0;7350.0;11797.0;8792.0;6262.0;8649.0;8040.0
5084.0;2023-12-31;15.0;21.0;25.0;29.0;779.0;35.0;9.0;15.0;24.0;645.0;35.0;0.0;35.0;913.0;87.0;280.0;5;4;4;4;5;5;4;0;0;1;0;0;0;0;0;0;0;0;0;0;0;1;0;0.0;0.0;0.0;0.0;0.0;0.0;0.0;0.0;0.0;0.0;0.0;0.0;1.0;0.0;0.0;0.0;0.0;0.0;0.0;0.0;0.0;0.0;0.0;0.0;0.0;0.0;0.0;0.0;0.0;0.0;0.0;0.0;0.0;0.0;0.0;3.0;0.0;0.0;0.0;1.0;0.0;0;0;0;0;CAPANEMA;REGIÃO SUL;63;5820.0;5208.0;6450.0;5115.0;1829.0;6000.0;6696.0;7350.0;11797.0;8792.0;6262.0;8649.0
4216.0;2024-01-31;15.0;21.0;25.0;29.0;790.0;35.0;4.0;15.0;24.0;629.0;35.0;0.0;35.0;950.0;53.0;131.0;4;5;4;5;4;4;5;0;0;0;0;1;0;0;0;0;0;0;0;0;0;0;1;0.0;0.0;0.0;0.0;0.0;0.0;0.0;0.0;0.0;0.0;0.0;0.0;1.0;0.0;0.0;0.0;0.0;0.0;0.0;0.0;0.0;0.0;0.0;0.0;0.0;0.0;0.0;0.0;0.0;0.0;0.0;0.0;0.0;0.0;0.0;3.0;0.0;0.0;0.0;1.0;0.0;31;0;0;0;CAPANEMA;REGIÃO SUL;64;5084.0;5820.0;5208.0;6450.0;5115.0;1829.0;6000.0;6696.0;7350.0;11797.0;8792.0;6262.0
9715.0;2024-02-29;18.0;23.0;27.0;30.0;778.0;36.0;4.0;18.0;24.0;623.0;36.0;0.0;36.0;932.0;27.0;129.0;4;4;5;4;4;4;4;0;0;0;1;0;0;0;0;0;0;0;0;0;0;0;1;0.0;0.0;0.0;0.0;0.0;0.0;0.0;0.0;0.0;0.0;0.0;0.0;1.0;0.0;0.0;0.0;0.0;0.0;0.0;0.0;0.0;0.0;0.0;0.0;0.0;0.0;0.0;0.0;0.0;0.0;0.0;0.0;0.0;0.0;0.0;3.0;0.0;0.0;0.0;1.0;0.0;0;3;0;0;CAPANEMA;REGIÃO SUL;65;4216.0;5084.0;5820.0;5208.0;6450.0;5115.0;1829.0;6000.0;6696.0;7350.0;11797.0;8792.0
9455.0;2024-03-31;17.0;22.0;26.0;29.0;796.0;35.0;3.0;17.0;25.0;646.0;35.0;0.0;35.0;945.0;15.0;83.0;5;4;4;4;5;5;4;0;0;0;0;0;0;0;0;1;0;0;0;0;0;0;1;0.0;0.0;0.0;0.0;0.0;0.0;0.0;0.0;0.0;0.0;0.0;0.0;1.0;0.0;0.0;0.0;0.0;0.0;0.0;0.0;0.0;0.0;0.0;0.0;0.0;0.0;0.0;0.0;0.0;0.0;0.0;0.0;0.0;0.0;0.0;3.0;0.0;0.0;0.0;1.0;0.0;0;1;0;0;CAPANEMA;REGIÃO SUL;66;9715.0;4216.0;5084.0;5820.0;5208.0;6450.0;5115.0;1829.0;6000.0;6696.0;7350.0;11797.0
4440.0;2024-04-30;11.0;18.0;24.0;28.0;714.0;33.0;5.0;11.0;24.0;597.0;33.0;0.0;33.0;831.0;40.0;145.0;4;4;4;5;4;4;5;1;0;0;0;0;0;0;0;0;0;0;0;0;0;0;1;0.0;0.0;0.0;0.0;0.0;0.0;0.0;0.0;0.0;0.0;0.0;0.0;1.0;0.0;0.0;0.0;0.0;0.0;0.0;0.0;0.0;0.0;0.0;0.0;0.0;0.0;0.0;0.0;0.0;0.0;0.0;0.0;0.0;0.0;0.0;3.0;0.0;0.0;0.0;1.0;0.0;0;0;0;0;CAPANEMA;REGIÃO SUL;67;9455.0;9715.0;4216.0;5084.0;5820.0;5208.0;6450.0;5115.0;1829.0;6000.0;6696.0;7350.0
2759.0;2024-05-31;4.0;9.0;18.0;27.0;570.0;31.0;7.0;4.0;24.0;460.0;31.0;0.0;31.0;679.0;103.0;216.0;4;5;5;4;5;4;4;0;0;0;0;0;0;0;1;0;0;0;0;0;0;0;1;0.0;0.0;0.0;0.0;0.0;0.0;0.0;0.0;0.0;0.0;0.0;0.0;1.0;0.0;0.0;0.0;0.0;0.0;0.0;0.0;0.0;0.0;0.0;0.0;0.0;0.0;0.0;0.0;0.0;0.0;0.0;0.0;0.0;0.0;0.0;3.0;0.0;0.0;0.0;1.0;0.0;0;1;0;30;CAPANEMA;REGIÃO SUL;68;4440.0;9455.0;9715.0;4216.0;5084.0;5820.0;5208.0;6450.0;5115.0;1829.0;6000.0;6696.0
2100.0;2024-06-30;2.0;8.0;20.0;24.0;593.0;29.0;1.0;2.0;21.0;472.0;29.0;0.0;29.0;714.0;17.0;32.0;5;4;4;4;4;5;4;0;0;0;0;0;0;1;0;0;0;0;0;0;0;0;1;0.0;0.0;0.0;0.0;0.0;0.0;0.0;0.0;0.0;0.0;0.0;0.0;1.0;0.0;0.0;0.0;0.0;0.0;0.0;0.0;0.0;0.0;0.0;0.0;0.0;0.0;0.0;0.0;0.0;0.0;0.0;0.0;0.0;0.0;0.0;3.0;0.0;0.0;0.0;1.0;0.0;0;0;0;30;CAPANEMA;REGIÃO SUL;69;2759.0;4440.0;9455.0;9715.0;4216.0;5084.0;5820.0;5208.0;6450.0;5115.0;1829.0;6000.0
4557.0;2024-07-31;2.0;7.0;16.0;22.0;495.0;27.0;5.0;2.0;19.0;373.0;27.0;0.0;27.0;616.0;36.0;150.0;4;5;4;5;4;4;5;0;0;0;0;0;1;0;0;0;0;0;0;0;0;0;1;0.0;0.0;0.0;0.0;0.0;0.0;0.0;0.0;0.0;0.0;0.0;0.0;1.0;0.0;0.0;0.0;0.0;0.0;0.0;0.0;0.0;0.0;0.0;0.0;0.0;0.0;0.0;0.0;0.0;0.0;0.0;0.0;0.0;0.0;0.0;3.0;0.0;0.0;0.0;1.0;0.0;12;0;0;0;CAPANEMA;REGIÃO SUL;70;2100.0;2759.0;4440.0;9455.0;9715.0;4216.0;5084.0;5820.0;5208.0;6450.0;5115.0;1829.0
4929.0;2024-08-31;1.0;8.0;19.0;27.0;575.0;33.0;1.0;1.0;21.0;412.0;33.0;0.0;33.0;738.0;14.0;36.0;4;4;5;4;5;5;4;0;1;0;0;0;0;0;0;0;0;0;0;0;0;0;1;0.0;0.0;0.0;0.0;0.0;0.0;0.0;0.0;0.0;0.0;0.0;0.0;1.0;0.0;0.0;0.0;0.0;0.0;0.0;0.0;0.0;0.0;0.0;0.0;0.0;0.0;0.0;0.0;0.0;0.0;0.0;0.0;0.0;0.0;0.0;3.0;0.0;0.0;0.0;1.0;0.0;0;0;0;0;CAPANEMA;REGIÃO SUL;71;4557.0;2100.0;2759.0;4440.0;9455.0;9715.0;4216.0;5084.0;5820.0;5208.0;6450.0;5115.0
7020.0;2024-09-30;8.0;16.0;23.0;30.0;682.0;36.0;1.0;8.0;24.0;523.0;36.0;0.0;36.0;842.0;9.0;35.0;5;4;4;5;4;4;4;0;0;0;0;0;0;0;0;0;0;0;1;0;0;0;1;0.0;0.0;0.0;0.0;0.0;0.0;0.0;0.0;0.0;0.0;0.0;0.0;1.0;0.0;0.0;0.0;0.0;0.0;0.0;0.0;0.0;0.0;0.0;0.0;0.0;0.0;0.0;0.0;0.0;0.0;0.0;0.0;0.0;0.0;0.0;3.0;0.0;0.0;0.0;1.0;0.0;0;0;0;0;CAPANEMA;REGIÃO SUL;72;4929.0;4557.0;2100.0;2759.0;4440.0;9455.0;9715.0;4216.0;5084.0;5820.0;5208.0;6450.0
9827.0;2024-10-31;12.0;19.0;23.0;29.0;723.0;35.0;2.0;12.0;24.0;563.0;35.0;0.0;35.0;884.0;29.0;61.0;4;5;5;4;4;4;5;0;0;0;0;0;0;0;0;0;0;1;0;0;0;0;1;0.0;0.0;0.0;0.0;0.0;0.0;0.0;0.0;0.0;0.0;0.0;0.0;1.0;0.0;0.0;0.0;0.0;0.0;0.0;0.0;0.0;0.0;0.0;0.0;0.0;0.0;0.0;0.0;0.0;0.0;0.0;0.0;0.0;0.0;0.0;3.0;0.0;0.0;0.0;1.0;0.0;0;0;0;0;CAPANEMA;REGIÃO SUL;73;7020.0;4929.0;4557.0;2100.0;2759.0;4440.0;9455.0;9715.0;4216.0;5084.0;5820.0;5208.0
8728.0;2018-09-30;5.0;11.0;19.0;26.0;561.0;33.0;10.0;5.0;19.0;404.0;33.0;0.0;33.0;717.0;117.0;286.0;5;4;4;4;4;5;4;0;0;0;0;0;0;0;0;0;0;0;1;0;0;0;0;0.0;0.0;0.0;1.0;0.0;0.0;0.0;0.0;0.0;0.0;0.0;0.0;0.0;1.0;0.0;0.0;0.0;0.0;0.0;0.0;0.0;0.0;0.0;0.0;0.0;0.0;0.0;0.0;0.0;0.0;0.0;0.0;0.0;0.0;0.0;2.0;0.0;0.0;0.0;1.0;1.0;0;0;0;0;CASCAVEL;REGIÃO OESTE;1;8606.0;8124.0;7674.0;9347.0;10630.0;12313.0;8067.0;5719.0;7527.0;7846.0;8554.0;8788.0
9645.0;2018-10-31;10.0;16.0;20.0;23.0;612.0;30.0;8.0;10.0;19.0;495.0;30.0;0.0;30.0;730.0;50.0;245.0;4;5;4;5;4;4;5;0;0;0;0;0;0;0;0;0;0;1;0;0;0;0;0;0.0;0.0;0.0;1.0;0.0;0.0;0.0;0.0;0.0;0.0;0.0;0.0;0.0;1.0;0.0;0.0;0.0;0.0;0.0;0.0;0.0;0.0;0.0;0.0;0.0;0.0;0.0;0.0;0.0;0.0;0.0;0.0;0.0;0.0;0.0;2.0;0.0;0.0;0.0;1.0;1.0;0;0;0;0;CASCAVEL;REGIÃO OESTE;2;8728.0;8606.0;8124.0;7674.0;9347.0;10630.0;12313.0;8067.0;5719.0;7527.0;7846.0;8554.0
10085.0;2018-11-30;14.0;18.0;22.0;26.0;662.0;32.0;4.0;14.0;20.0;509.0;32.0;0.0;32.0;814.0;54.0;118.0;4;4;5;4;5;4;4;0;0;0;0;0;0;0;0;0;1;0;0;0;0;0;0;0.0;0.0;0.0;1.0;0.0;0.0;0.0;0.0;0.0;0.0;0.0;0.0;0.0;1.0;0.0;0.0;0.0;0.0;0.0;0.0;0.0;0.0;0.0;0.0;0.0;0.0;0.0;0.0;0.0;0.0;0.0;0.0;0.0;0.0;0.0;2.0;0.0;0.0;0.0;1.0;1.0;0;0;0;0;CASCAVEL;REGIÃO OESTE;3;9645.0;8728.0;8606.0;8124.0;7674.0;9347.0;10630.0;12313.0;8067.0;5719.0;7527.0;7846.0
10182.0;2018-12-31;10.0;18.0;23.0;26.0;714.0;33.0;3.0;10.0;21.0;526.0;33.0;0.0;33.0;902.0;18.0;81.0;5;4;4;5;4;5;4;0;0;1;0;0;0;0;0;0;0;0;0;0;0;0;0;0.0;0.0;0.0;1.0;0.0;0.0;0.0;0.0;0.0;0.0;0.0;0.0;0.0;1.0;0.0;0.0;0.0;0.0;0.0;0.0;0.0;0.0;0.0;0.0;0.0;0.0;0.0;0.0;0.0;0.0;0.0;0.0;0.0;0.0;0.0;2.0;0.0;0.0;0.0;1.0;1.0;0;0;0;0;CASCAVEL;REGIÃO OESTE;4;10085.0;9645.0;8728.0;8606.0;8124.0;7674.0;9347.0;10630.0;12313.0;8067.0;5719.0;7527.0
8229.0;2019-01-31;16.0;21.0;25.0;28.0;777.0;34.0;4.0;16.0;21.0;611.0;34.0;0.0;34.0;942.0;25.0;130.0;4;5;5;4;4;4;5;0;0;0;0;1;0;0;0;0;0;0;0;0;0;0;0;0.0;0.0;0.0;0.0;1.0;0.0;0.0;0.0;0.0;0.0;0.0;0.0;0.0;1.0;0.0;0.0;0.0;0.0;0.0;0.0;0.0;0.0;0.0;0.0;0.0;0.0;0.0;0.0;0.0;0.0;0.0;0.0;0.0;0.0;0.0;2.0;0.0;0.0;0.0;1.0;1.0;31;0;0;0;CASCAVEL;REGIÃO OESTE;5;10182.0;10085.0;9645.0;8728.0;8606.0;8124.0;7674.0;9347.0;10630.0;12313.0;8067.0;5719.0
9545.0;2019-02-28;14.0;18.0;23.0;27.0;647.0;34.0;5.0;14.0;22.0;501.0;34.0;0.0;34.0;793.0;30.0;128.0;4;4;4;4;4;4;4;0;0;0;1;0;0;0;0;0;0;0;0;0;0;0;0;0.0;0.0;0.0;0.0;1.0;0.0;0.0;0.0;0.0;0.0;0.0;0.0;0.0;1.0;0.0;0.0;0.0;0.0;0.0;0.0;0.0;0.0;0.0;0.0;0.0;0.0;0.0;0.0;0.0;0.0;0.0;0.0;0.0;0.0;0.0;2.0;0.0;0.0;0.0;2.0;1.0;0;0;0;0;CASCAVEL;REGIÃO OESTE;6;8229.0;10182.0;10085.0;9645.0;8728.0;8606.0;8124.0;7674.0;9347.0;10630.0;12313.0;8067.0
12931.0;2019-03-31;12.0;19.0;21.0;25.0;665.0;31.0;6.0;12.0;19.0;515.0;31.0;0.0;31.0;814.0;47.0;195.0;5;4;4;4;5;5;4;0;0;0;0;0;0;0;0;1;0;0;0;0;0;0;0;0.0;0.0;0.0;0.0;1.0;0.0;0.0;0.0;0.0;0.0;0.0;0.0;0.0;1.0;0.0;0.0;0.0;0.0;0.0;0.0;0.0;0.0;0.0;0.0;0.0;0.0;0.0;0.0;0.0;0.0;0.0;0.0;0.0;0.0;0.0;2.0;0.0;0.0;0.0;2.0;1.0;0;3;0;0;CASCAVEL;REGIÃO OESTE;7;9545.0;8229.0;10182.0;10085.0;9645.0;8728.0;8606.0;8124.0;7674.0;9347.0;10630.0;12313.0
12808.0;2019-04-30;11.0;17.0;21.0;24.0;619.0;29.0;2.0;11.0;19.0;484.0;29.0;0.0;29.0;755.0;23.0;74.0;4;4;4;5;4;4;5;1;0;0;0;0;0;0;0;0;0;0;0;0;0;0;0;0.0;0.0;0.0;0.0;1.0;0.0;0.0;0.0;0.0;0.0;0.0;0.0;0.0;1.0;0.0;0.0;0.0;0.0;0.0;0.0;0.0;0.0;0.0;0.0;0.0;0.0;0.0;0.0;0.0;0.0;0.0;0.0;0.0;0.0;0.0;2.0;0.0;0.0;0.0;2.0;1.0;0;1;0;0;CASCAVEL;REGIÃO OESTE;8;12931.0;9545.0;8229.0;10182.0;10085.0;9645.0;8728.0;8606.0;8124.0;7674.0;9347.0;10630.0
10952.0;2019-05-31;8.0;11.0;18.0;23.0;562.0;28.0;8.0;8.0;18.0;450.0;28.0;0.0;28.0;674.0;52.0;236.0;4;5;5;4;5;4;4;0;0;0;0;0;0;0;1;0;0;0;0;0;0;0;0;0.0;0.0;0.0;0.0;1.0;0.0;0.0;0.0;0.0;0.0;0.0;0.0;0.0;1.0;0.0;0.0;0.0;0.0;0.0;0.0;0.0;0.0;0.0;0.0;0.0;0.0;0.0;0.0;0.0;0.0;0.0;0.0;0.0;0.0;0.0;2.0;0.0;0.0;0.0;2.0;1.0;0;0;0;0;CASCAVEL;REGIÃO OESTE;9;12808.0;12931.0;9545.0;8229.0;10182.0;10085.0;9645.0;8728.0;8606.0;8124.0;7674.0;9347.0
9832.0;2019-06-30;7.0;10.0;18.0;22.0;545.0;28.0;0.0;7.0;16.0;387.0;28.0;0.0;28.0;704.0;3.0;7.0;5;4;4;4;4;5;4;0;0;0;0;0;0;1;0;0;0;0;0;0;0;0;0;0.0;0.0;0.0;0.0;1.0;0.0;0.0;0.0;0.0;0.0;0.0;0.0;0.0;1.0;0.0;0.0;0.0;0.0;0.0;0.0;0.0;0.0;0.0;0.0;0.0;0.0;0.0;0.0;0.0;0.0;0.0;0.0;0.0;0.0;0.0;2.0;0.0;0.0;0.0;2.0;1.0;0;1;0;0;CASCAVEL;REGIÃO OESTE;10;10952.0;12808.0;12931.0;9545.0;8229.0;10182.0;10085.0;9645.0;8728.0;8606.0;8124.0;7674.0
9273.0;2019-07-31;-3.0;4.0;14.0;22.0;449.0;27.0;3.0;-3.0;17.0;288.0;27.0;0.0;27.0;610.0;44.0;91.0;4;5;4;5;4;4;5;0;0;0;0;0;1;0;0;0;0;0;0;0;0;0;0;0.0;0.0;0.0;0.0;1.0;0.0;0.0;0.0;0.0;0.0;0.0;0.0;0.0;1.0;0.0;0.0;0.0;0.0;0.0;0.0;0.0;0.0;0.0;0.0;0.0;0.0;0.0;0.0;0.0;0.0;0.0;0.0;0.0;0.0;0.0;2.0;0.0;0.0;0.0;2.0;1.0;16;0;0;0;CASCAVEL;REGIÃO OESTE;11;9832.0;10952.0;12808.0;12931.0;9545.0;8229.0;10182.0;10085.0;9645.0;8728.0;8606.0;8124.0
10608.0;2019-08-31;-0.0;7.0;17.0;23.0;526.0;32.0;0.0;-0.0;17.0;316.0;32.0;0.0;32.0;737.0;2.0;7.0;4;4;5;4;5;5;4;0;1;0;0;0;0;0;0;0;0;0;0;0;0;0;0;0.0;0.0;0.0;0.0;1.0;0.0;0.0;0.0;0.0;0.0;0.0;0.0;0.0;1.0;0.0;0.0;0.0;0.0;0.0;0.0;0.0;0.0;0.0;0.0;0.0;0.0;0.0;0.0;0.0;0.0;0.0;0.0;0.0;0.0;0.0;2.0;0.0;0.0;0.0;2.0;1.0;0;0;0;0;CASCAVEL;REGIÃO OESTE;12;9273.0;9832.0;10952.0;12808.0;12931.0;9545.0;8229.0;10182.0;10085.0;9645.0;8728.0;8606.0
11700.0;2019-09-30;5.0;14.0;21.0;28.0;618.0;36.0;1.0;5.0;20.0;429.0;36.0;0.0;36.0;807.0;30.0;43.0;5;4;4;5;4;4;4;0;0;0;0;0;0;0;0;0;0;0;1;0;0;0;0;0.0;0.0;0.0;0.0;1.0;0.0;0.0;0.0;0.0;0.0;0.0;0.0;0.0;1.0;0.0;0.0;0.0;0.0;0.0;0.0;0.0;0.0;0.0;0.0;0.0;0.0;0.0;0.0;0.0;0.0;0.0;0.0;0.0;0.0;0.0;2.0;0.0;0.0;0.0;2.0;1.0;0;0;0;0;CASCAVEL;REGIÃO OESTE;13;10608.0;9273.0;9832.0;10952.0;12808.0;12931.0;9545.0;8229.0;10182.0;10085.0;9645.0;8728.0
12114.0;2019-10-31;10.0;16.0;23.0;29.0;722.0;36.0;3.0;10.0;23.0;536.0;36.0;0.0;36.0;907.0;18.0;83.0;4;5;5;4;4;4;5;0;0;0;0;0;0;0;0;0;0;1;0;0;0;0;0;0.0;0.0;0.0;0.0;1.0;0.0;0.0;0.0;0.0;0.0;0.0;0.0;0.0;1.0;0.0;0.0;0.0;0.0;0.0;0.0;0.0;0.0;0.0;0.0;0.0;0.0;0.0;0.0;0.0;0.0;0.0;0.0;0.0;0.0;0.0;2.0;0.0;0.0;0.0;2.0;1.0;0;0;0;0;CASCAVEL;REGIÃO OESTE;14;11700.0;10608.0;9273.0;9832.0;10952.0;12808.0;12931.0;9545.0;8229.0;10182.0;10085.0;9645.0
11540.0;2019-11-30;12.0;20.0;23.0;27.0;697.0;33.0;7.0;12.0;21.0;536.0;33.0;0.0;33.0;859.0;107.0;221.0;4;4;4;4;5;5;4;0;0;0;0;0;0;0;0;0;1;0;0;0;0;0;0;0.0;0.0;0.0;0.0;1.0;0.0;0.0;0.0;0.0;0.0;0.0;0.0;0.0;1.0;0.0;0.0;0.0;0.0;0.0;0.0;0.0;0.0;0.0;0.0;0.0;0.0;0.0;0.0;0.0;0.0;0.0;0.0;0.0;0.0;0.0;2.0;0.0;0.0;0.0;2.0;1.0;0;0;0;0;CASCAVEL;REGIÃO OESTE;15;12114.0;11700.0;10608.0;9273.0;9832.0;10952.0;12808.0;12931.0;9545.0;8229.0;10182.0;10085.0
10044.0;2019-12-31;11.0;18.0;22.0;26.0;681.0;33.0;9.0;11.0;21.0;518.0;33.0;0.0;33.0;845.0;128.0;270.0;5;4;4;5;4;4;5;0;0;1;0;0;0;0;0;0;0;0;0;0;0;0;0;0.0;0.0;0.0;0.0;1.0;0.0;0.0;0.0;0.0;0.0;0.0;0.0;0.0;1.0;0.0;0.0;0.0;0.0;0.0;0.0;0.0;0.0;0.0;0.0;0.0;0.0;0.0;0.0;0.0;0.0;0.0;0.0;0.0;0.0;0.0;2.0;0.0;0.0;0.0;2.0;1.0;0;0;0;0;CASCAVEL;REGIÃO OESTE;16;11540.0;12114.0;11700.0;10608.0;9273.0;9832.0;10952.0;12808.0;12931.0;9545.0;8229.0;10182.0
9488.0;2020-01-31;16.0;18.0;24.0;26.0;734.0;32.0;3.0;16.0;22.0;590.0;32.0;0.0;32.0;877.0;18.0;96.0;4;5;5;4;5;4;4;0;0;0;0;1;0;0;0;0;0;0;0;0;0;0;0;0.0;0.0;0.0;0.0;0.0;1.0;0.0;0.0;0.0;0.0;0.0;0.0;0.0;1.0;0.0;0.0;0.0;0.0;0.0;0.0;0.0;0.0;0.0;0.0;0.0;0.0;0.0;0.0;0.0;0.0;0.0;0.0;0.0;0.0;0.0;2.0;0.0;0.0;0.0;2.0;1.0;31;0;0;0;CASCAVEL;REGIÃO OESTE;17;10044.0;11540.0;12114.0;11700.0;10608.0;9273.0;9832.0;10952.0;12808.0;12931.0;9545.0;8229.0
12272.0;2020-02-29;11.0;18.0;24.0;26.0;682.0;32.0;1.0;11.0;21.0;527.0;32.0;0.0;32.0;837.0;7.0;33.0;4;4;4;4;4;5;4;0;0;0;1;0;0;0;0;0;0;0;0;0;0;0;0;0.0;0.0;0.0;0.0;0.0;1.0;0.0;0.0;0.0;0.0;0.0;0.0;0.0;1.0;0.0;0.0;0.0;0.0;0.0;0.0;0.0;0.0;0.0;0.0;0.0;0.0;0.0;0.0;0.0;0.0;0.0;0.0;0.0;0.0;0.0;3.0;0.0;0.0;0.0;2.0;1.0;0;3;0;0;CASCAVEL;REGIÃO OESTE;18;9488.0;10044.0;11540.0;12114.0;11700.0;10608.0;9273.0;9832.0;10952.0;12808.0;12931.0;9545.0
10977.0;2020-03-31;12.0;19.0;23.0;27.0;716.0;34.0;2.0;12.0;20.0;526.0;34.0;0.0;34.0;907.0;31.0;50.0;5;4;4;5;4;4;5;0;0;0;0;0;0;0;0;1;0;0;0;0;0;0;0;0.0;0.0;0.0;0.0;0.0;1.0;0.0;0.0;0.0;0.0;0.0;0.0;0.0;1.0;0.0;0.0;0.0;0.0;0.0;0.0;0.0;0.0;0.0;0.0;0.0;0.0;0.0;0.0;0.0;0.0;0.0;0.0;0.0;0.0;0.0;3.0;0.0;0.0;0.0;2.0;1.0;0;0;15;0;CASCAVEL;REGIÃO OESTE;19;12272.0;9488.0;10044.0;11540.0;12114.0;11700.0;10608.0;9273.0;9832.0;10952.0;12808.0;12931.0
5081.0;2020-04-30;4.0;12.0;19.0;25.0;564.0;32.0;3.0;4.0;19.0;365.0;32.0;0.0;32.0;763.0;45.0;83.0;4;5;5;4;4;4;4;1;0;0;0;0;0;0;0;0;0;0;0;0;0;0;0;0.0;0.0;0.0;0.0;0.0;1.0;0.0;0.0;0.0;0.0;0.0;0.0;0.0;1.0;0.0;0.0;0.0;0.0;0.0;0.0;0.0;0.0;0.0;0.0;0.0;0.0;0.0;0.0;0.0;0.0;0.0;0.0;0.0;0.0;0.0;3.0;0.0;0.0;0.0;2.0;1.0;0;1;30;0;CASCAVEL;REGIÃO OESTE;20;10977.0;12272.0;9488.0;10044.0;11540.0;12114.0;11700.0;10608.0;9273.0;9832.0;10952.0;12808.0
5210.0;2020-05-31;2.0;9.0;15.0;21.0;473.0;27.0;7.0;2.0;17.0;290.0;27.0;0.0;27.0;656.0;102.0;206.0;5;4;4;4;5;5;4;0;0;0;0;0;0;0;1;0;0;0;0;0;0;0;0;0.0;0.0;0.0;0.0;0.0;1.0;0.0;0.0;0.0;0.0;0.0;0.0;0.0;1.0;0.0;0.0;0.0;0.0;0.0;0.0;0.0;0.0;0.0;0.0;0.0;0.0;0.0;0.0;0.0;0.0;0.0;0.0;0.0;0.0;0.0;3.0;0.0;0.0;0.0;2.0;1.0;0;0;31;0;CASCAVEL;REGIÃO OESTE;21;5081.0;10977.0;12272.0;9488.0;10044.0;11540.0;12114.0;11700.0;10608.0;9273.0;9832.0;10952.0
4873.0;2020-06-30;4.0;10.0;17.0;24.0;519.0;29.0;4.0;4.0;19.0;373.0;29.0;0.0;29.0;664.0;54.0;134.0;4;4;4;5;4;4;5;0;0;0;0;0;0;1;0;0;0;0;0;0;0;0;0;0.0;0.0;0.0;0.0;0.0;1.0;0.0;0.0;0.0;0.0;0.0;0.0;0.0;1.0;0.0;0.0;0.0;0.0;0.0;0.0;0.0;0.0;0.0;0.0;0.0;0.0;0.0;0.0;0.0;0.0;0.0;0.0;0.0;0.0;0.0;3.0;0.0;0.0;0.0;2.0;1.0;0;1;30;0;CASCAVEL;REGIÃO OESTE;22;5210.0;5081.0;10977.0;12272.0;9488.0;10044.0;11540.0;12114.0;11700.0;10608.0;9273.0;9832.0
4958.0;2020-07-31;1.0;8.0;16.0;22.0;497.0;27.0;2.0;1.0;17.0;336.0;27.0;0.0;27.0;657.0;43.0;76.0;4;5;5;4;5;4;4;0;0;0;0;0;1;0;0;0;0;0;0;0;0;0;0;0.0;0.0;0.0;0.0;0.0;1.0;0.0;0.0;0.0;0.0;0.0;0.0;0.0;1.0;0.0;0.0;0.0;0.0;0.0;0.0;0.0;0.0;0.0;0.0;0.0;0.0;0.0;0.0;0.0;0.0;0.0;0.0;0.0;0.0;0.0;3.0;0.0;0.0;0.0;2.0;1.0;0;0;31;0;CASCAVEL;REGIÃO OESTE;23;4873.0;5210.0;5081.0;10977.0;12272.0;9488.0;10044.0;11540.0;12114.0;11700.0;10608.0;9273.0
5041.0;2020-08-31;-0.0;5.0;18.0;24.0;561.0;30.0;9.0;-0.0;18.0;398.0;30.0;0.0;30.0;725.0;102.0;293.0;5;4;4;5;4;5;4;0;1;0;0;0;0;0;0;0;0;0;0;0;0;0;0;0.0;0.0;0.0;0.0;0.0;1.0;0.0;0.0;0.0;0.0;0.0;0.0;0.0;1.0;0.0;0.0;0.0;0.0;0.0;0.0;0.0;0.0;0.0;0.0;0.0;0.0;0.0;0.0;0.0;0.0;0.0;0.0;0.0;0.0;0.0;3.0;0.0;0.0;0.0;2.0;1.0;0;0;31;0;CASCAVEL;REGIÃO OESTE;24;4958.0;4873.0;5210.0;5081.0;10977.0;12272.0;9488.0;10044.0;11540.0;12114.0;11700.0;10608.0
5240.0;2020-09-30;10.0;17.0;22.0;30.0;665.0;37.0;1.0;10.0;22.0;491.0;37.0;0.0;37.0;839.0;17.0;43.0;4;5;4;4;4;4;5;0;0;0;0;0;0;0;0;0;0;0;1;0;0;0;0;0.0;0.0;0.0;0.0;0.0;1.0;0.0;0.0;0.0;0.0;0.0;0.0;0.0;1.0;0.0;0.0;0.0;0.0;0.0;0.0;0.0;0.0;0.0;0.0;0.0;0.0;0.0;0.0;0.0;0.0;0.0;0.0;0.0;0.0;0.0;3.0;0.0;0.0;0.0;2.0;1.0;0;0;30;0;CASCAVEL;REGIÃO OESTE;25;5041.0;4958.0;4873.0;5210.0;5081.0;10977.0;12272.0;9488.0;10044.0;11540.0;12114.0;11700.0
6324.0;2020-10-31;11.0;18.0;24.0;30.0;730.0;37.0;2.0;11.0;24.0;547.0;37.0;0.0;37.0;912.0;32.0;59.0;4;4;5;4;5;5;4;0;0;0;0;0;0;0;0;0;0;1;0;0;0;0;0;0.0;0.0;0.0;0.0;0.0;1.0;0.0;0.0;0.0;0.0;0.0;0.0;0.0;1.0;0.0;0.0;0.0;0.0;0.0;0.0;0.0;0.0;0.0;0.0;0.0;0.0;0.0;0.0;0.0;0.0;0.0;0.0;0.0;0.0;0.0;3.0;0.0;0.0;0.0;2.0;1.0;0;0;31;0;CASCAVEL;REGIÃO OESTE;26;5240.0;5041.0;4958.0;4873.0;5210.0;5081.0;10977.0;12272.0;9488.0;10044.0;11540.0;12114.0
5550.0;2020-11-30;10.0;17.0;23.0;27.0;676.0;35.0;2.0;10.0;21.0;492.0;35.0;0.0;35.0;860.0;13.0;69.0;5;4;4;5;4;4;4;0;0;0;0;0;0;0;0;0;1;0;0;0;0;0;0;0.0;0.0;0.0;0.0;0.0;1.0;0.0;0.0;0.0;0.0;0.0;0.0;0.0;1.0;0.0;0.0;0.0;0.0;0.0;0.0;0.0;0.0;0.0;0.0;0.0;0.0;0.0;0.0;0.0;0.0;0.0;0.0;0.0;0.0;0.0;3.0;0.0;0.0;0.0;2.0;1.0;0;0;30;0;CASCAVEL;REGIÃO OESTE;27;6324.0;5240.0;5041.0;4958.0;4873.0;5210.0;5081.0;10977.0;12272.0;9488.0;10044.0;11540.0
5053.0;2020-12-31;14.0;20.0;23.0;26.0;722.0;31.0;6.0;14.0;20.0;569.0;31.0;0.0;31.0;874.0;80.0;199.0;4;5;5;4;4;4;5;0;0;1;0;0;0;0;0;0;0;0;0;0;0;0;0;0.0;0.0;0.0;0.0;0.0;1.0;0.0;0.0;0.0;0.0;0.0;0.0;0.0;1.0;0.0;0.0;0.0;0.0;0.0;0.0;0.0;0.0;0.0;0.0;0.0;0.0;0.0;0.0;0.0;0.0;0.0;0.0;0.0;0.0;0.0;3.0;0.0;0.0;0.0;2.0;1.0;0;0;31;0;CASCAVEL;REGIÃO OESTE;28;5550.0;6324.0;5240.0;5041.0;4958.0;4873.0;5210.0;5081.0;10977.0;12272.0;9488.0;10044.0
4805.0;2021-01-31;18.0;19.0;23.0;25.0;713.0;31.0;8.0;18.0;21.0;593.0;31.0;0.0;31.0;833.0;75.0;236.0;5;4;4;4;5;5;4;0;0;0;0;1;0;0;0;0;0;0;0;1;0;0;0;0.0;0.0;0.0;0.0;0.0;0.0;0.0;0.0;0.0;0.0;0.0;0.0;0.0;1.0;0.0;0.0;0.0;0.0;0.0;0.0;0.0;0.0;0.0;0.0;0.0;0.0;0.0;0.0;0.0;0.0;0.0;0.0;0.0;0.0;0.0;3.0;0.0;0.0;0.0;2.0;1.0;0;0;31;0;CASCAVEL;REGIÃO OESTE;29;5053.0;5550.0;6324.0;5240.0;5041.0;4958.0;4873.0;5210.0;5081.0;10977.0;12272.0;9488.0
4816.0;2021-02-28;13.0;20.0;23.0;27.0;654.0;34.0;2.0;13.0;21.0;499.0;34.0;0.0;34.0;808.0;23.0;69.0;4;4;4;4;4;4;4;0;0;0;1;0;0;0;0;0;0;0;0;1;0;0;0;0.0;0.0;0.0;0.0;0.0;0.0;0.0;0.0;0.0;0.0;0.0;0.0;0.0;1.0;0.0;0.0;0.0;0.0;0.0;0.0;0.0;0.0;0.0;0.0;0.0;0.0;0.0;0.0;0.0;0.0;0.0;0.0;0.0;0.0;0.0;3.0;0.0;0.0;0.0;2.0;1.0;0;3;28;0;CASCAVEL;REGIÃO OESTE;30;4805.0;5053.0;5550.0;6324.0;5240.0;5041.0;4958.0;4873.0;5210.0;5081.0;10977.0;12272.0
5115.0;2021-03-31;13.0;19.0;24.0;27.0;736.0;34.0;2.0;13.0;21.0;569.0;34.0;0.0;34.0;903.0;13.0;73.0;4;5;4;5;4;4;5;0;0;0;0;0;0;0;0;1;0;0;0;1;0;0;0;0.0;0.0;0.0;0.0;0.0;0.0;0.0;0.0;0.0;0.0;0.0;0.0;0.0;1.0;0.0;0.0;0.0;0.0;0.0;0.0;0.0;0.0;0.0;0.0;0.0;0.0;0.0;0.0;0.0;0.0;0.0;0.0;0.0;0.0;0.0;3.0;0.0;0.0;0.0;2.0;1.0;0;0;31;0;CASCAVEL;REGIÃO OESTE;31;4816.0;4805.0;5053.0;5550.0;6324.0;5240.0;5041.0;4958.0;4873.0;5210.0;5081.0;10977.0
4620.0;2021-04-30;8.0;15.0;21.0;26.0;634.0;31.0;0.0;8.0;20.0;466.0;31.0;0.0;31.0;801.0;10.0;13.0;4;4;5;4;5;4;4;1;0;0;0;0;0;0;0;0;0;0;0;1;0;0;0;0.0;0.0;0.0;0.0;0.0;0.0;0.0;0.0;0.0;0.0;0.0;0.0;0.0;1.0;0.0;0.0;0.0;0.0;0.0;0.0;0.0;0.0;0.0;0.0;0.0;0.0;0.0;0.0;0.0;0.0;0.0;0.0;0.0;0.0;0.0;3.0;0.0;0.0;0.0;2.0;1.0;0;1;30;0;CASCAVEL;REGIÃO OESTE;32;5115.0;4816.0;4805.0;5053.0;5550.0;6324.0;5240.0;5041.0;4958.0;4873.0;5210.0;5081.0
4185.0;2021-05-31;4.0;10.0;18.0;24.0;547.0;29.0;1.0;4.0;18.0;372.0;29.0;0.0;29.0;722.0;12.0;39.0;5;4;4;5;4;5;4;0;0;0;0;0;0;0;1;0;0;0;0;1;0;0;0;0.0;0.0;0.0;0.0;0.0;0.0;0.0;0.0;0.0;0.0;0.0;0.0;0.0;1.0;0.0;0.0;0.0;0.0;0.0;0.0;0.0;0.0;0.0;0.0;0.0;0.0;0.0;0.0;0.0;0.0;0.0;0.0;0.0;0.0;0.0;3.0;0.0;0.0;0.0;2.0;1.0;0;0;31;0;CASCAVEL;REGIÃO OESTE;33;4620.0;5115.0;4816.0;4805.0;5053.0;5550.0;6324.0;5240.0;5041.0;4958.0;4873.0;5210.0
4260.0;2021-06-30;-1.0;5.0;16.0;23.0;468.0;29.0;4.0;-1.0;17.0;339.0;29.0;0.0;29.0;596.0;42.0;114.0;4;5;4;4;4;4;5;0;0;0;0;0;0;1;0;0;0;0;0;1;0;0;0;0.0;0.0;0.0;0.0;0.0;0.0;0.0;0.0;0.0;0.0;0.0;0.0;0.0;1.0;0.0;0.0;0.0;0.0;0.0;0.0;0.0;0.0;0.0;0.0;0.0;0.0;0.0;0.0;0.0;0.0;0.0;0.0;0.0;0.0;0.0;3.0;0.0;0.0;0.0;2.0;1.0;0;1;30;0;CASCAVEL;REGIÃO OESTE;34;4185.0;4620.0;5115.0;4816.0;4805.0;5053.0;5550.0;6324.0;5240.0;5041.0;4958.0;4873.0
4402.0;2021-07-31;-2.0;6.0;15.0;23.0;472.0;29.0;1.0;-2.0;17.0;275.0;29.0;0.0;29.0;670.0;16.0;33.0;4;4;5;4;5;5;4;0;0;0;0;0;1;0;0;0;0;0;0;1;0;0;0;0.0;0.0;0.0;0.0;0.0;0.0;0.0;0.0;0.0;0.0;0.0;0.0;0.0;1.0;0.0;0.0;0.0;0.0;0.0;0.0;0.0;0.0;0.0;0.0;0.0;0.0;0.0;0.0;0.0;0.0;0.0;0.0;0.0;0.0;0.0;3.0;0.0;0.0;0.0;2.0;1.0;0;0;31;0;CASCAVEL;REGIÃO OESTE;35;4260.0;4185.0;4620.0;5115.0;4816.0;4805.0;5053.0;5550.0;6324.0;5240.0;5041.0;4958.0
4557.0;2021-08-31;5.0;13.0;20.0;26.0;609.0;34.0;2.0;5.0;21.0;429.0;34.0;0.0;34.0;788.0;22.0;70.0;5;4;4;5;4;4;5;0;1;0;0;0;0;0;0;0;0;0;0;1;0;0;0;0.0;0.0;0.0;0.0;0.0;0.0;0.0;0.0;0.0;0.0;0.0;0.0;0.0;1.0;0.0;0.0;0.0;0.0;0.0;0.0;0.0;0.0;0.0;0.0;0.0;0.0;0.0;0.0;0.0;0.0;0.0;0.0;0.0;0.0;0.0;3.0;0.0;0.0;0.0;2.0;1.0;0;0;31;0;CASCAVEL;REGIÃO OESTE;36;4402.0;4260.0;4185.0;4620.0;5115.0;4816.0;4805.0;5053.0;5550.0;6324.0;5240.0;5041.0
4980.0;2021-09-30;8.0;15.0;23.0;30.0;685.0;36.0;3.0;8.0;23.0;519.0;36.0;0.0;36.0;851.0;21.0;86.0;4;5;5;4;4;4;4;0;0;0;0;0;0;0;0;0;0;0;1;1;0;0;0;0.0;0.0;0.0;0.0;0.0;0.0;0.0;0.0;0.0;0.0;0.0;0.0;0.0;1.0;0.0;0.0;0.0;0.0;0.0;0.0;0.0;0.0;0.0;0.0;0.0;0.0;0.0;0.0;0.0;0.0;0.0;0.0;0.0;0.0;0.0;3.0;0.0;0.0;0.0;2.0;1.0;0;0;30;0;CASCAVEL;REGIÃO OESTE;37;4557.0;4402.0;4260.0;4185.0;4620.0;5115.0;4816.0;4805.0;5053.0;5550.0;6324.0;5240.0
7130.0;2021-10-31;11.0;17.0;21.0;26.0;650.0;32.0;17.0;11.0;21.0;510.0;32.0;0.0;32.0;789.0;88.0;530.0;5;4;4;4;5;5;4;0;0;0;0;0;0;0;0;0;0;1;0;1;0;0;0;0.0;0.0;0.0;0.0;0.0;0.0;0.0;0.0;0.0;0.0;0.0;0.0;0.0;1.0;0.0;0.0;0.0;0.0;0.0;0.0;0.0;0.0;0.0;0.0;0.0;0.0;0.0;0.0;0.0;0.0;0.0;0.0;0.0;0.0;0.0;3.0;0.0;0.0;0.0;2.0;1.0;0;0;0;0;CASCAVEL;REGIÃO OESTE;38;4980.0;4557.0;4402.0;4260.0;4185.0;4620.0;5115.0;4816.0;4805.0;5053.0;5550.0;6324.0
11550.0;2021-11-30;14.0;21.0;24.0;27.0;716.0;34.0;3.0;14.0;21.0;544.0;34.0;0.0;34.0;887.0;44.0;99.0;4;4;4;5;4;4;5;0;0;0;0;0;0;0;0;0;1;0;0;1;0;0;0;0.0;0.0;0.0;0.0;0.0;0.0;0.0;0.0;0.0;0.0;0.0;0.0;0.0;1.0;0.0;0.0;0.0;0.0;0.0;0.0;0.0;0.0;0.0;0.0;0.0;0.0;0.0;0.0;0.0;0.0;0.0;0.0;0.0;0.0;0.0;3.0;0.0;0.0;0.0;2.0;1.0;0;0;0;0;CASCAVEL;REGIÃO OESTE;39;7130.0;4980.0;4557.0;4402.0;4260.0;4185.0;4620.0;5115.0;4816.0;4805.0;5053.0;5550.0
12710.0;2021-12-31;14.0;22.0;26.0;28.0;801.0;36.0;0.0;14.0;23.0;595.0;36.0;0.0;36.0;1007.0;5.0;11.0;4;5;5;4;5;4;4;0;0;1;0;0;0;0;0;0;0;0;0;1;0;0;0;0.0;0.0;0.0;0.0;0.0;0.0;0.0;0.0;0.0;0.0;0.0;0.0;0.0;1.0;0.0;0.0;0.0;0.0;0.0;0.0;0.0;0.0;0.0;0.0;0.0;0.0;0.0;0.0;0.0;0.0;0.0;0.0;0.0;0.0;0.0;3.0;0.0;0.0;0.0;2.0;1.0;0;0;0;0;CASCAVEL;REGIÃO OESTE;40;11550.0;7130.0;4980.0;4557.0;4402.0;4260.0;4185.0;4620.0;5115.0;4816.0;4805.0;5053.0
8804.0;2022-01-31;17.0;23.0;27.0;30.0;822.0;37.0;7.0;17.0;24.0;641.0;37.0;0.0;37.0;1003.0;34.0;218.0;5;4;4;5;4;5;4;0;0;0;0;1;0;0;0;0;0;0;0;0;1;0;0;0.0;0.0;0.0;0.0;0.0;0.0;0.0;0.0;0.0;0.0;0.0;0.0;0.0;1.0;0.0;0.0;0.0;0.0;0.0;0.0;0.0;0.0;0.0;0.0;0.0;0.0;0.0;0.0;0.0;0.0;0.0;0.0;0.0;0.0;0.0;3.0;0.0;0.0;0.0;2.0;1.0;31;0;0;0;CASCAVEL;REGIÃO OESTE;41;12710.0;11550.0;7130.0;4980.0;4557.0;4402.0;4260.0;4185.0;4620.0;5115.0;4816.0;4805.0
7056.0;2022-02-28;13.0;21.0;26.0;29.0;722.0;35.0;7.0;13.0;23.0;550.0;35.0;0.0;35.0;895.0;79.0;185.0;4;4;4;4;4;4;4;0;0;0;1;0;0;0;0;0;0;0;0;0;1;0;0;0.0;0.0;0.0;0.0;0.0;0.0;0.0;0.0;0.0;0.0;0.0;0.0;0.0;1.0;0.0;0.0;0.0;0.0;0.0;0.0;0.0;0.0;0.0;0.0;0.0;0.0;0.0;0.0;0.0;0.0;0.0;0.0;0.0;0.0;0.0;3.0;0.0;0.0;0.0;2.0;1.0;0;1;0;0;CASCAVEL;REGIÃO OESTE;42;8804.0;12710.0;11550.0;7130.0;4980.0;4557.0;4402.0;4260.0;4185.0;4620.0;5115.0;4816.0
15624.0;2022-03-31;10.0;15.0;23.0;28.0;715.0;34.0;7.0;10.0;23.0;567.0;34.0;0.0;34.0;863.0;60.0;228.0;4;5;5;4;4;4;5;0;0;0;0;0;0;0;0;1;0;0;0;0;1;0;0;0.0;0.0;0.0;0.0;0.0;0.0;0.0;0.0;0.0;0.0;0.0;0.0;0.0;1.0;0.0;0.0;0.0;0.0;0.0;0.0;0.0;0.0;0.0;0.0;0.0;0.0;0.0;0.0;0.0;0.0;0.0;0.0;0.0;0.0;0.0;4.0;0.0;0.0;0.0;2.0;1.0;0;1;0;0;CASCAVEL;REGIÃO OESTE;43;7056.0;8804.0;12710.0;11550.0;7130.0;4980.0;4557.0;4402.0;4260.0;4185.0;4620.0;5115.0
10980.0;2022-04-30;8.0;15.0;21.0;26.0;621.0;31.0;16.0;8.0;21.0;484.0;31.0;0.0;31.0;757.0;150.0;489.0;4;4;4;4;5;5;4;1;0;0;0;0;0;0;0;0;0;0;0;0;1;0;0;0.0;0.0;0.0;0.0;0.0;0.0;0.0;0.0;0.0;0.0;0.0;0.0;0.0;1.0;0.0;0.0;0.0;0.0;0.0;0.0;0.0;0.0;0.0;0.0;0.0;0.0;0.0;0.0;0.0;0.0;0.0;0.0;0.0;0.0;0.0;4.0;0.0;0.0;0.0;2.0;1.0;0;1;0;0;CASCAVEL;REGIÃO OESTE;44;15624.0;7056.0;8804.0;12710.0;11550.0;7130.0;4980.0;4557.0;4402.0;4260.0;4185.0;4620.0
11253.0;2022-05-31;4.0;8.0;15.0;21.0;469.0;26.0;5.0;4.0;18.0;353.0;26.0;0.0;26.0;585.0;49.0;148.0;5;4;4;5;4;4;5;0;0;0;0;0;0;0;1;0;0;0;0;0;1;0;0;0.0;0.0;0.0;0.0;0.0;0.0;0.0;0.0;0.0;0.0;0.0;0.0;0.0;1.0;0.0;0.0;0.0;0.0;0.0;0.0;0.0;0.0;0.0;0.0;0.0;0.0;0.0;0.0;0.0;0.0;0.0;0.0;0.0;0.0;0.0;4.0;0.0;0.0;0.0;2.0;1.0;0;0;0;0;CASCAVEL;REGIÃO OESTE;45;10980.0;15624.0;7056.0;8804.0;12710.0;11550.0;7130.0;4980.0;4557.0;4402.0;4260.0;4185.0
10620.0;2022-06-30;0.0;7.0;15.0;21.0;445.0;26.0;6.0;0.0;16.0;317.0;26.0;0.0;26.0;573.0;69.0;182.0;4;5;5;4;4;4;4;0;0;0;0;0;0;1;0;0;0;0;0;0;1;0;0;0.0;0.0;0.0;0.0;0.0;0.0;0.0;0.0;0.0;0.0;0.0;0.0;0.0;1.0;0.0;0.0;0.0;0.0;0.0;0.0;0.0;0.0;0.0;0.0;0.0;0.0;0.0;0.0;0.0;0.0;0.0;0.0;0.0;0.0;0.0;4.0;0.0;0.0;0.0;2.0;1.0;0;1;0;0;CASCAVEL;REGIÃO OESTE;46;11253.0;10980.0;15624.0;7056.0;8804.0;12710.0;11550.0;7130.0;4980.0;4557.0;4402.0;4260.0
8897.0;2022-07-31;4.0;10.0;19.0;22.0;585.0;28.0;2.0;4.0;18.0;422.0;28.0;0.0;28.0;747.0;26.0;59.0;5;4;4;4;5;5;4;0;0;0;0;0;1;0;0;0;0;0;0;0;1;0;0;0.0;0.0;0.0;0.0;0.0;0.0;0.0;0.0;0.0;0.0;0.0;0.0;0.0;1.0;0.0;0.0;0.0;0.0;0.0;0.0;0.0;0.0;0.0;0.0;0.0;0.0;0.0;0.0;0.0;0.0;0.0;0.0;0.0;0.0;0.0;4.0;0.0;0.0;0.0;2.0;1.0;0;0;0;0;CASCAVEL;REGIÃO OESTE;47;10620.0;11253.0;10980.0;15624.0;7056.0;8804.0;12710.0;11550.0;7130.0;4980.0;4557.0;4402.0
10850.0;2022-08-31;1.0;7.0;16.0;23.0;508.0;29.0;12.0;1.0;17.0;354.0;29.0;0.0;29.0;661.0;104.0;360.0;4;5;4;5;4;4;5;0;1;0;0;0;0;0;0;0;0;0;0;0;1;0;0;0.0;0.0;0.0;0.0;0.0;0.0;0.0;0.0;0.0;0.0;0.0;0.0;0.0;1.0;0.0;0.0;0.0;0.0;0.0;0.0;0.0;0.0;0.0;0.0;0.0;0.0;0.0;0.0;0.0;0.0;0.0;0.0;0.0;0.0;0.0;4.0;0.0;0.0;0.0;2.0;1.0;0;0;0;0;CASCAVEL;REGIÃO OESTE;48;8897.0;10620.0;11253.0;10980.0;15624.0;7056.0;8804.0;12710.0;11550.0;7130.0;4980.0;4557.0
10560.0;2022-09-30;4.0;11.0;16.0;25.0;492.0;30.0;16.0;4.0;21.0;363.0;30.0;0.0;30.0;622.0;73.0;481.0;4;4;5;4;5;4;4;0;0;0;0;0;0;0;0;0;0;0;1;0;1;0;0;0.0;0.0;0.0;0.0;0.0;0.0;0.0;0.0;0.0;0.0;0.0;0.0;0.0;1.0;0.0;0.0;0.0;0.0;0.0;0.0;0.0;0.0;0.0;0.0;0.0;0.0;0.0;0.0;0.0;0.0;0.0;0.0;0.0;0.0;0.0;4.0;0.0;0.0;0.0;2.0;1.0;0;0;0;0;CASCAVEL;REGIÃO OESTE;49;10850.0;8897.0;10620.0;11253.0;10980.0;15624.0;7056.0;8804.0;12710.0;11550.0;7130.0;4980.0
11346.0;2022-10-31;10.0;14.0;19.0;25.0;593.0;31.0;16.0;10.0;19.0;455.0;31.0;0.0;31.0;731.0;159.0;494.0;5;4;4;5;4;5;4;0;0;0;0;0;0;0;0;0;0;1;0;0;1;0;0;0.0;0.0;0.0;0.0;0.0;0.0;0.0;0.0;0.0;0.0;0.0;0.0;0.0;1.0;0.0;0.0;0.0;0.0;0.0;0.0;0.0;0.0;0.0;0.0;0.0;0.0;0.0;0.0;0.0;0.0;0.0;0.0;0.0;0.0;0.0;4.0;0.0;0.0;0.0;2.0;1.0;0;0;0;0;CASCAVEL;REGIÃO OESTE;50;10560.0;10850.0;8897.0;10620.0;11253.0;10980.0;15624.0;7056.0;8804.0;12710.0;11550.0;7130.0
11880.0;2022-11-30;4.0;11.0;20.0;24.0;595.0;31.0;5.0;4.0;20.0;403.0;31.0;0.0;31.0;787.0;64.0;138.0;4;5;4;4;4;4;5;0;0;0;0;0;0;0;0;0;1;0;0;0;1;0;0;0.0;0.0;0.0;0.0;0.0;0.0;0.0;0.0;0.0;0.0;0.0;0.0;0.0;1.0;0.0;0.0;0.0;0.0;0.0;0.0;0.0;0.0;0.0;0.0;0.0;0.0;0.0;0.0;0.0;0.0;0.0;0.0;0.0;0.0;0.0;4.0;0.0;0.0;0.0;2.0;1.0;0;0;0;0;CASCAVEL;REGIÃO OESTE;51;11346.0;10560.0;10850.0;8897.0;10620.0;11253.0;10980.0;15624.0;7056.0;8804.0;12710.0;11550.0
11966.0;2022-12-31;13.0;21.0;24.0;28.0;735.0;33.0;3.0;13.0;23.0;554.0;33.0;0.0;33.0;916.0;29.0;106.0;4;4;5;4;5;5;4;0;0;1;0;0;0;0;0;0;0;0;0;0;1;0;0;0.0;0.0;0.0;0.0;0.0;0.0;0.0;0.0;0.0;0.0;0.0;0.0;0.0;1.0;0.0;0.0;0.0;0.0;0.0;0.0;0.0;0.0;0.0;0.0;0.0;0.0;0.0;0.0;0.0;0.0;0.0;0.0;0.0;0.0;0.0;4.0;0.0;0.0;0.0;2.0;1.0;0;0;0;0;CASCAVEL;REGIÃO OESTE;52;11880.0;11346.0;10560.0;10850.0;8897.0;10620.0;11253.0;10980.0;15624.0;7056.0;8804.0;12710.0
7161.0;2023-01-31;14.0;20.0;24.0;27.0;732.0;33.0;6.0;14.0;22.0;576.0;33.0;0.0;33.0;888.0;32.0;184.0;5;4;4;5;4;4;5;0;0;0;0;1;0;0;0;0;0;0;0;0;0;1;0;0.0;0.0;0.0;0.0;0.0;0.0;0.0;0.0;0.0;0.0;0.0;0.0;0.0;1.0;0.0;0.0;0.0;0.0;0.0;0.0;0.0;0.0;0.0;0.0;0.0;0.0;0.0;0.0;0.0;0.0;0.0;0.0;0.0;0.0;0.0;4.0;0.0;0.0;0.0;2.0;1.0;31;0;0;0;CASCAVEL;REGIÃO OESTE;53;11966.0;11880.0;11346.0;10560.0;10850.0;8897.0;10620.0;11253.0;10980.0;15624.0;7056.0;8804.0
10500.0;2023-02-28;8.0;15.0;23.0;26.0;631.0;32.0;16.0;8.0;21.0;500.0;32.0;0.0;32.0;761.0;70.0;439.0;4;4;4;4;4;4;4;0;0;0;1;0;0;0;0;0;0;0;0;0;0;1;0;0.0;0.0;0.0;0.0;0.0;0.0;0.0;0.0;0.0;0.0;0.0;0.0;0.0;1.0;0.0;0.0;0.0;0.0;0.0;0.0;0.0;0.0;0.0;0.0;0.0;0.0;0.0;0.0;0.0;0.0;0.0;0.0;0.0;0.0;0.0;4.0;0.0;0.0;0.0;2.0;1.0;0;3;0;0;CASCAVEL;REGIÃO OESTE;54;7161.0;11966.0;11880.0;11346.0;10560.0;10850.0;8897.0;10620.0;11253.0;10980.0;15624.0;7056.0
16709.0;2023-03-31;14.0;20.0;23.0;26.0;727.0;31.0;5.0;14.0;21.0;585.0;31.0;0.0;31.0;869.0;70.0;165.0;4;5;5;4;5;4;4;0;0;0;0;0;0;0;0;1;0;0;0;0;0;1;0;0.0;0.0;0.0;0.0;0.0;0.0;0.0;0.0;0.0;0.0;0.0;0.0;0.0;1.0;0.0;0.0;0.0;0.0;0.0;0.0;0.0;0.0;0.0;0.0;0.0;0.0;0.0;0.0;0.0;0.0;0.0;0.0;0.0;0.0;0.0;4.0;0.0;0.0;0.0;2.0;1.0;0;0;0;0;CASCAVEL;REGIÃO OESTE;55;10500.0;7161.0;11966.0;11880.0;11346.0;10560.0;10850.0;8897.0;10620.0;11253.0;10980.0;15624.0
11130.0;2023-04-30;9.0;14.0;20.0;24.0;601.0;30.0;4.0;9.0;19.0;460.0;30.0;0.0;30.0;741.0;29.0;124.0;5;4;4;4;4;5;4;1;0;0;0;0;0;0;0;0;0;0;0;0;0;1;0;0.0;0.0;0.0;0.0;0.0;0.0;0.0;0.0;0.0;0.0;0.0;0.0;0.0;1.0;0.0;0.0;0.0;0.0;0.0;0.0;0.0;0.0;0.0;0.0;0.0;0.0;0.0;0.0;0.0;0.0;0.0;0.0;0.0;0.0;0.0;4.0;0.0;0.0;0.0;2.0;1.0;0;1;0;0;CASCAVEL;REGIÃO OESTE;56;16709.0;10500.0;7161.0;11966.0;11880.0;11346.0;10560.0;10850.0;8897.0;10620.0;11253.0;10980.0
11439.0;2023-05-31;7.0;13.0;18.0;23.0;568.0;27.0;5.0;7.0;20.0;432.0;27.0;0.0;27.0;703.0;36.0;157.0;4;5;4;5;4;4;5;0;0;0;0;0;0;0;1;0;0;0;0;0;0;1;0;0.0;0.0;0.0;0.0;0.0;0.0;0.0;0.0;0.0;0.0;0.0;0.0;0.0;1.0;0.0;0.0;0.0;0.0;0.0;0.0;0.0;0.0;0.0;0.0;0.0;0.0;0.0;0.0;0.0;0.0;0.0;0.0;0.0;0.0;0.0;4.0;0.0;0.0;0.0;2.0;1.0;0;0;0;0;CASCAVEL;REGIÃO OESTE;57;11130.0;16709.0;10500.0;7161.0;11966.0;11880.0;11346.0;10560.0;10850.0;8897.0;10620.0;11253.0
11430.0;2023-06-30;5.0;7.0;16.0;20.0;492.0;26.0;2.0;5.0;17.0;362.0;26.0;0.0;26.0;622.0;30.0;57.0;4;4;5;4;5;4;4;0;0;0;0;0;0;1;0;0;0;0;0;0;0;1;0;0.0;0.0;0.0;0.0;0.0;0.0;0.0;0.0;0.0;0.0;0.0;0.0;0.0;1.0;0.0;0.0;0.0;0.0;0.0;0.0;0.0;0.0;0.0;0.0;0.0;0.0;0.0;0.0;0.0;0.0;0.0;0.0;0.0;0.0;0.0;4.0;0.0;0.0;0.0;2.0;1.0;0;1;0;0;CASCAVEL;REGIÃO OESTE;58;11439.0;11130.0;16709.0;10500.0;7161.0;11966.0;11880.0;11346.0;10560.0;10850.0;8897.0;10620.0
8153.0;2023-07-31;4.0;8.0;18.0;22.0;544.0;27.0;6.0;4.0;19.0;406.0;27.0;0.0;27.0;681.0;42.0;176.0;5;4;4;5;4;5;4;0;0;0;0;0;1;0;0;0;0;0;0;0;0;1;0;0.0;0.0;0.0;0.0;0.0;0.0;0.0;0.0;0.0;0.0;0.0;0.0;0.0;1.0;0.0;0.0;0.0;0.0;0.0;0.0;0.0;0.0;0.0;0.0;0.0;0.0;0.0;0.0;0.0;0.0;0.0;0.0;0.0;0.0;0.0;4.0;0.0;0.0;0.0;2.0;1.0;15;0;0;0;CASCAVEL;REGIÃO OESTE;59;11430.0;11439.0;11130.0;16709.0;10500.0;7161.0;11966.0;11880.0;11346.0;10560.0;10850.0;8897.0
12524.0;2023-08-31;5.0;11.0;19.0;26.0;592.0;31.0;6.0;5.0;21.0;434.0;31.0;0.0;31.0;750.0;84.0;200.0;4;5;5;4;4;4;5;0;1;0;0;0;0;0;0;0;0;0;0;0;0;1;0;0.0;0.0;0.0;0.0;0.0;0.0;0.0;0.0;0.0;0.0;0.0;0.0;0.0;1.0;0.0;0.0;0.0;0.0;0.0;0.0;0.0;0.0;0.0;0.0;0.0;0.0;0.0;0.0;0.0;0.0;0.0;0.0;0.0;0.0;0.0;4.0;0.0;0.0;0.0;2.0;1.0;0;0;0;0;CASCAVEL;REGIÃO OESTE;60;8153.0;11430.0;11439.0;11130.0;16709.0;10500.0;7161.0;11966.0;11880.0;11346.0;10560.0;10850.0
15060.0;2023-09-30;7.0;13.0;22.0;29.0;659.0;35.0;7.0;7.0;24.0;519.0;35.0;0.0;35.0;798.0;87.0;205.0;4;4;4;4;5;5;4;0;0;0;0;0;0;0;0;0;0;0;1;0;0;1;0;0.0;0.0;0.0;0.0;0.0;0.0;0.0;0.0;0.0;0.0;0.0;0.0;0.0;1.0;0.0;0.0;0.0;0.0;0.0;0.0;0.0;0.0;0.0;0.0;0.0;0.0;0.0;0.0;0.0;0.0;0.0;0.0;0.0;0.0;0.0;4.0;0.0;0.0;0.0;2.0;1.0;0;0;0;0;CASCAVEL;REGIÃO OESTE;61;12524.0;8153.0;11430.0;11439.0;11130.0;16709.0;10500.0;7161.0;11966.0;11880.0;11346.0;10560.0
13702.0;2023-10-31;9.0;14.0;21.0;27.0;660.0;34.0;9.0;9.0;21.0;532.0;34.0;0.0;34.0;788.0;74.0;274.0;5;4;4;5;4;4;5;0;0;0;0;0;0;0;0;0;0;1;0;0;0;1;0;0.0;0.0;0.0;0.0;0.0;0.0;0.0;0.0;0.0;0.0;0.0;0.0;0.0;1.0;0.0;0.0;0.0;0.0;0.0;0.0;0.0;0.0;0.0;0.0;0.0;0.0;0.0;0.0;0.0;0.0;0.0;0.0;0.0;0.0;0.0;4.0;0.0;0.0;0.0;2.0;1.0;0;0;0;0;CASCAVEL;REGIÃO OESTE;62;15060.0;12524.0;8153.0;11430.0;11439.0;11130.0;16709.0;10500.0;7161.0;11966.0;11880.0;11346.0
14070.0;2023-11-30;9.0;14.0;23.0;29.0;679.0;33.0;11.0;9.0;26.0;564.0;33.0;0.0;33.0;795.0;50.0;324.0;4;5;5;4;4;4;4;0;0;0;0;0;0;0;0;0;1;0;0;0;0;1;0;0.0;0.0;0.0;0.0;0.0;0.0;0.0;0.0;0.0;0.0;0.0;0.0;0.0;1.0;0.0;0.0;0.0;0.0;0.0;0.0;0.0;0.0;0.0;0.0;0.0;0.0;0.0;0.0;0.0;0.0;0.0;0.0;0.0;0.0;0.0;4.0;0.0;0.0;0.0;2.0;1.0;0;0;0;0;CASCAVEL;REGIÃO OESTE;63;13702.0;15060.0;12524.0;8153.0;11430.0;11439.0;11130.0;16709.0;10500.0;7161.0;11966.0;11880.0
12059.0;2023-12-31;15.0;20.0;24.0;28.0;748.0;34.0;6.0;15.0;23.0;617.0;34.0;0.0;34.0;879.0;61.0;198.0;5;4;4;4;5;5;4;0;0;1;0;0;0;0;0;0;0;0;0;0;0;1;0;0.0;0.0;0.0;0.0;0.0;0.0;0.0;0.0;0.0;0.0;0.0;0.0;0.0;1.0;0.0;0.0;0.0;0.0;0.0;0.0;0.0;0.0;0.0;0.0;0.0;0.0;0.0;0.0;0.0;0.0;0.0;0.0;0.0;0.0;0.0;4.0;0.0;0.0;0.0;2.0;1.0;0;0;0;0;CASCAVEL;REGIÃO OESTE;64;14070.0;13702.0;15060.0;12524.0;8153.0;11430.0;11439.0;11130.0;16709.0;10500.0;7161.0;11966.0
7192.0;2024-01-31;14.0;20.0;24.0;28.0;752.0;34.0;8.0;14.0;23.0;598.0;34.0;0.0;34.0;905.0;58.0;237.0;4;5;4;5;4;4;5;0;0;0;0;1;0;0;0;0;0;0;0;0;0;0;1;0.0;0.0;0.0;0.0;0.0;0.0;0.0;0.0;0.0;0.0;0.0;0.0;0.0;1.0;0.0;0.0;0.0;0.0;0.0;0.0;0.0;0.0;0.0;0.0;0.0;0.0;0.0;0.0;0.0;0.0;0.0;0.0;0.0;0.0;0.0;3.0;0.0;0.0;0.0;2.0;1.0;31;0;0;0;CASCAVEL;REGIÃO OESTE;65;12059.0;14070.0;13702.0;15060.0;12524.0;8153.0;11430.0;11439.0;11130.0;16709.0;10500.0;7161.0
15747.0;2024-02-29;17.0;22.0;26.0;28.0;740.0;34.0;7.0;17.0;23.0;592.0;34.0;0.0;34.0;889.0;52.0;201.0;4;4;5;4;4;4;4;0;0;0;1;0;0;0;0;0;0;0;0;0;0;0;1;0.0;0.0;0.0;0.0;0.0;0.0;0.0;0.0;0.0;0.0;0.0;0.0;0.0;1.0;0.0;0.0;0.0;0.0;0.0;0.0;0.0;0.0;0.0;0.0;0.0;0.0;0.0;0.0;0.0;0.0;0.0;0.0;0.0;0.0;0.0;3.0;0.0;0.0;0.0;2.0;1.0;0;3;0;0;CASCAVEL;REGIÃO OESTE;66;7192.0;12059.0;14070.0;13702.0;15060.0;12524.0;8153.0;11430.0;11439.0;11130.0;16709.0;10500.0
18544.5;2024-03-31;16.0;21.0;25.0;28.0;761.0;34.0;4.0;16.0;24.0;616.0;34.0;0.0;34.0;907.0;53.0;113.0;5;4;4;4;5;5;4;0;0;0;0;0;0;0;0;1;0;0;0;0;0;0;1;0.0;0.0;0.0;0.0;0.0;0.0;0.0;0.0;0.0;0.0;0.0;0.0;0.0;1.0;0.0;0.0;0.0;0.0;0.0;0.0;0.0;0.0;0.0;0.0;0.0;0.0;0.0;0.0;0.0;0.0;0.0;0.0;0.0;0.0;0.0;3.0;0.0;0.0;0.0;2.0;1.0;0;1;0;0;CASCAVEL;REGIÃO OESTE;67;15747.0;7192.0;12059.0;14070.0;13702.0;15060.0;12524.0;8153.0;11430.0;11439.0;11130.0;16709.0
12330.0;2024-04-30;10.0;17.0;23.0;27.0;686.0;32.0;4.0;10.0;22.0;565.0;32.0;0.0;32.0;806.0;23.0;121.0;4;4;4;5;4;4;5;1;0;0;0;0;0;0;0;0;0;0;0;0;0;0;1;0.0;0.0;0.0;0.0;0.0;0.0;0.0;0.0;0.0;0.0;0.0;0.0;0.0;1.0;0.0;0.0;0.0;0.0;0.0;0.0;0.0;0.0;0.0;0.0;0.0;0.0;0.0;0.0;0.0;0.0;0.0;0.0;0.0;0.0;0.0;3.0;0.0;0.0;0.0;2.0;1.0;0;0;0;0;CASCAVEL;REGIÃO OESTE;68;18544.5;15747.0;7192.0;12059.0;14070.0;13702.0;15060.0;12524.0;8153.0;11430.0;11439.0;11130.0
6696.0;2024-05-31;4.0;8.0;18.0;26.0;546.0;30.0;3.0;4.0;23.0;434.0;30.0;0.0;30.0;658.0;31.0;83.0;4;5;5;4;5;4;4;0;0;0;0;0;0;0;1;0;0;0;0;0;0;0;1;0.0;0.0;0.0;0.0;0.0;0.0;0.0;0.0;0.0;0.0;0.0;0.0;0.0;1.0;0.0;0.0;0.0;0.0;0.0;0.0;0.0;0.0;0.0;0.0;0.0;0.0;0.0;0.0;0.0;0.0;0.0;0.0;0.0;0.0;0.0;3.0;0.0;0.0;0.0;2.0;1.0;0;1;0;30;CASCAVEL;REGIÃO OESTE;69;12330.0;18544.5;15747.0;7192.0;12059.0;14070.0;13702.0;15060.0;12524.0;8153.0;11430.0;11439.0
5490.0;2024-06-30;2.0;7.0;19.0;23.0;577.0;28.0;1.0;2.0;21.0;452.0;28.0;0.0;28.0;702.0;15.0;22.0;5;4;4;4;4;5;4;0;0;0;0;0;0;1;0;0;0;0;0;0;0;0;1;0.0;0.0;0.0;0.0;0.0;0.0;0.0;0.0;0.0;0.0;0.0;0.0;0.0;1.0;0.0;0.0;0.0;0.0;0.0;0.0;0.0;0.0;0.0;0.0;0.0;0.0;0.0;0.0;0.0;0.0;0.0;0.0;0.0;0.0;0.0;3.0;0.0;0.0;0.0;2.0;1.0;0;0;0;30;CASCAVEL;REGIÃO OESTE;70;6696.0;12330.0;18544.5;15747.0;7192.0;12059.0;14070.0;13702.0;15060.0;12524.0;8153.0;11430.0
9672.0;2024-07-31;2.0;7.0;15.0;21.0;474.0;26.0;6.0;2.0;18.0;351.0;26.0;0.0;26.0;597.0;42.0;174.0;4;5;4;5;4;4;5;0;0;0;0;0;1;0;0;0;0;0;0;0;0;0;1;0.0;0.0;0.0;0.0;0.0;0.0;0.0;0.0;0.0;0.0;0.0;0.0;0.0;1.0;0.0;0.0;0.0;0.0;0.0;0.0;0.0;0.0;0.0;0.0;0.0;0.0;0.0;0.0;0.0;0.0;0.0;0.0;0.0;0.0;0.0;3.0;0.0;0.0;0.0;2.0;1.0;12;0;0;0;CASCAVEL;REGIÃO OESTE;71;5490.0;6696.0;12330.0;18544.5;15747.0;7192.0;12059.0;14070.0;13702.0;15060.0;12524.0;8153.0
12555.0;2024-08-31;1.0;7.0;18.0;26.0;554.0;32.0;1.0;1.0;20.0;392.0;32.0;0.0;32.0;716.0;12.0;24.0;4;4;5;4;5;5;4;0;1;0;0;0;0;0;0;0;0;0;0;0;0;0;1;0.0;0.0;0.0;0.0;0.0;0.0;0.0;0.0;0.0;0.0;0.0;0.0;0.0;1.0;0.0;0.0;0.0;0.0;0.0;0.0;0.0;0.0;0.0;0.0;0.0;0.0;0.0;0.0;0.0;0.0;0.0;0.0;0.0;0.0;0.0;3.0;0.0;0.0;0.0;2.0;1.0;0;0;0;0;CASCAVEL;REGIÃO OESTE;72;9672.0;5490.0;6696.0;12330.0;18544.5;15747.0;7192.0;12059.0;14070.0;13702.0;15060.0;12524.0
14460.0;2024-09-30;8.0;15.0;22.0;29.0;657.0;34.0;2.0;8.0;23.0;499.0;34.0;0.0;34.0;815.0;35.0;63.0;5;4;4;5;4;4;4;0;0;0;0;0;0;0;0;0;0;0;1;0;0;0;1;0.0;0.0;0.0;0.0;0.0;0.0;0.0;0.0;0.0;0.0;0.0;0.0;0.0;1.0;0.0;0.0;0.0;0.0;0.0;0.0;0.0;0.0;0.0;0.0;0.0;0.0;0.0;0.0;0.0;0.0;0.0;0.0;0.0;0.0;0.0;3.0;0.0;0.0;0.0;2.0;1.0;0;0;0;0;CASCAVEL;REGIÃO OESTE;73;12555.0;9672.0;5490.0;6696.0;12330.0;18544.5;15747.0;7192.0;12059.0;14070.0;13702.0;15060.0
17825.0;2024-10-31;11.0;19.0;23.0;28.0;700.0;34.0;2.0;11.0;24.0;543.0;34.0;0.0;34.0;857.0;20.0;69.0;4;5;5;4;4;4;5;0;0;0;0;0;0;0;0;0;0;1;0;0;0;0;1;0.0;0.0;0.0;0.0;0.0;0.0;0.0;0.0;0.0;0.0;0.0;0.0;0.0;1.0;0.0;0.0;0.0;0.0;0.0;0.0;0.0;0.0;0.0;0.0;0.0;0.0;0.0;0.0;0.0;0.0;0.0;0.0;0.0;0.0;0.0;3.0;0.0;0.0;0.0;2.0;1.0;0;0;0;0;CASCAVEL;REGIÃO OESTE;74;14460.0;12555.0;9672.0;5490.0;6696.0;12330.0;18544.5;15747.0;7192.0;12059.0;14070.0;13702.0
2526.0;2018-08-31;-1.0;7.0;13.0;19.0;401.0;28.0;4.0;-1.0;13.0;204.0;28.0;0.0;28.0;598.0;31.0;112.0;4;5;5;4;5;4;4;0;1;0;0;0;0;0;0;0;0;0;0;0;0;0;0;0.0;0.0;0.0;1.0;0.0;0.0;0.0;0.0;0.0;0.0;0.0;0.0;0.0;0.0;0.0;1.0;0.0;0.0;0.0;0.0;0.0;0.0;0.0;0.0;0.0;0.0;0.0;0.0;0.0;0.0;0.0;0.0;0.0;0.0;0.0;2.0;0.0;0.0;0.0;0.0;0.0;0;0;0;0;CORONEL VIVIDA;REGIÃO SUL;1;2002.0;2157.0;2398.0;2610.0;3575.0;1956.0;1541.0;2240.0;2010.0;2100.0;2121.0;2039.0
2200.0;2018-09-30;4.0;11.0;17.0;22.0;505.0;30.0;11.0;4.0;15.0;337.0;30.0;0.0;30.0;673.0;116.0;342.0;5;4;4;4;4;5;4;0;0;0;0;0;0;0;0;0;0;0;1;0;0;0;0;0.0;0.0;0.0;1.0;0.0;0.0;0.0;0.0;0.0;0.0;0.0;0.0;0.0;0.0;0.0;1.0;0.0;0.0;0.0;0.0;0.0;0.0;0.0;0.0;0.0;0.0;0.0;0.0;0.0;0.0;0.0;0.0;0.0;0.0;0.0;2.0;0.0;0.0;0.0;0.0;0.0;0;0;0;0;CORONEL VIVIDA;REGIÃO SUL;2;2526.0;2002.0;2157.0;2398.0;2610.0;3575.0;1956.0;1541.0;2240.0;2010.0;2100.0;2121.0
2157.0;2018-10-31;8.0;13.0;18.0;21.0;547.0;29.0;8.0;8.0;17.0;407.0;29.0;0.0;29.0;686.0;60.0;250.0;4;5;4;5;4;4;5;0;0;0;0;0;0;0;0;0;0;1;0;0;0;0;0;0.0;0.0;0.0;1.0;0.0;0.0;0.0;0.0;0.0;0.0;0.0;0.0;0.0;0.0;0.0;1.0;0.0;0.0;0.0;0.0;0.0;0.0;0.0;0.0;0.0;0.0;0.0;0.0;0.0;0.0;0.0;0.0;0.0;0.0;0.0;2.0;0.0;0.0;0.0;0.0;0.0;0;0;0;0;CORONEL VIVIDA;REGIÃO SUL;3;2200.0;2526.0;2002.0;2157.0;2398.0;2610.0;3575.0;1956.0;1541.0;2240.0;2010.0;2100.0
2356.0;2018-11-30;11.0;17.0;20.0;25.0;602.0;31.0;3.0;11.0;19.0;427.0;31.0;0.0;31.0;778.0;20.0;79.0;4;4;5;4;5;4;4;0;0;0;0;0;0;0;0;0;1;0;0;0;0;0;0;0.0;0.0;0.0;1.0;0.0;0.0;0.0;0.0;0.0;0.0;0.0;0.0;0.0;0.0;0.0;1.0;0.0;0.0;0.0;0.0;0.0;0.0;0.0;0.0;0.0;0.0;0.0;0.0;0.0;0.0;0.0;0.0;0.0;0.0;0.0;2.0;0.0;0.0;0.0;0.0;0.0;0;0;0;0;CORONEL VIVIDA;REGIÃO SUL;4;2157.0;2200.0;2526.0;2002.0;2157.0;2398.0;2610.0;3575.0;1956.0;1541.0;2240.0;2010.0
2576.0;2018-12-31;9.0;17.0;22.0;25.0;681.0;33.0;2.0;9.0;19.0;469.0;33.0;0.0;33.0;893.0;13.0;68.0;5;4;4;5;4;5;4;0;0;1;0;0;0;0;0;0;0;0;0;0;0;0;0;0.0;0.0;0.0;1.0;0.0;0.0;0.0;0.0;0.0;0.0;0.0;0.0;0.0;0.0;0.0;1.0;0.0;0.0;0.0;0.0;0.0;0.0;0.0;0.0;0.0;0.0;0.0;0.0;0.0;0.0;0.0;0.0;0.0;0.0;0.0;2.0;0.0;0.0;0.0;0.0;0.0;0;0;0;0;CORONEL VIVIDA;REGIÃO SUL;5;2356.0;2157.0;2200.0;2526.0;2002.0;2157.0;2398.0;2610.0;3575.0;1956.0;1541.0;2240.0
2174.0;2019-01-31;16.0;20.0;23.0;25.0;723.0;33.0;6.0;16.0;20.0;549.0;33.0;0.0;33.0;896.0;41.0;178.0;4;5;5;4;4;4;5;0;0;0;0;1;0;0;0;0;0;0;0;0;0;0;0;0.0;0.0;0.0;0.0;1.0;0.0;0.0;0.0;0.0;0.0;0.0;0.0;0.0;0.0;0.0;1.0;0.0;0.0;0.0;0.0;0.0;0.0;0.0;0.0;0.0;0.0;0.0;0.0;0.0;0.0;0.0;0.0;0.0;0.0;0.0;2.0;0.0;0.0;0.0;0.0;0.0;31;0;0;0;CORONEL VIVIDA;REGIÃO SUL;6;2576.0;2356.0;2157.0;2200.0;2526.0;2002.0;2157.0;2398.0;2610.0;3575.0;1956.0;1541.0
2500.0;2019-02-28;13.0;17.0;21.0;25.0;593.0;32.0;6.0;13.0;19.0;453.0;32.0;0.0;32.0;734.0;37.0;162.0;4;4;4;4;4;4;4;0;0;0;1;0;0;0;0;0;0;0;0;0;0;0;0;0.0;0.0;0.0;0.0;1.0;0.0;0.0;0.0;0.0;0.0;0.0;0.0;0.0;0.0;0.0;1.0;0.0;0.0;0.0;0.0;0.0;0.0;0.0;0.0;0.0;0.0;0.0;0.0;0.0;0.0;0.0;0.0;0.0;0.0;0.0;2.0;0.0;0.0;0.0;0.0;0.0;0;0;0;0;CORONEL VIVIDA;REGIÃO SUL;7;2174.0;2576.0;2356.0;2157.0;2200.0;2526.0;2002.0;2157.0;2398.0;2610.0;3575.0;1956.0
2492.0;2019-03-31;13.0;17.0;21.0;23.0;637.0;29.0;4.0;13.0;18.0;482.0;29.0;0.0;29.0;793.0;34.0;119.0;5;4;4;4;5;5;4;0;0;0;0;0;0;0;0;1;0;0;0;0;0;0;0;0.0;0.0;0.0;0.0;1.0;0.0;0.0;0.0;0.0;0.0;0.0;0.0;0.0;0.0;0.0;1.0;0.0;0.0;0.0;0.0;0.0;0.0;0.0;0.0;0.0;0.0;0.0;0.0;0.0;0.0;0.0;0.0;0.0;0.0;0.0;2.0;0.0;0.0;0.0;0.0;0.0;0;3;0;0;CORONEL VIVIDA;REGIÃO SUL;8;2500.0;2174.0;2576.0;2356.0;2157.0;2200.0;2526.0;2002.0;2157.0;2398.0;2610.0;3575.0
2466.0;2019-04-30;8.0;16.0;19.0;21.0;567.0;27.0;3.0;8.0;17.0;419.0;27.0;0.0;27.0;714.0;33.0;95.0;4;4;4;5;4;4;5;1;0;0;0;0;0;0;0;0;0;0;0;0;0;0;0;0.0;0.0;0.0;0.0;1.0;0.0;0.0;0.0;0.0;0.0;0.0;0.0;0.0;0.0;0.0;1.0;0.0;0.0;0.0;0.0;0.0;0.0;0.0;0.0;0.0;0.0;0.0;0.0;0.0;0.0;0.0;0.0;0.0;0.0;0.0;2.0;0.0;0.0;0.0;0.0;0.0;0;1;0;0;CORONEL VIVIDA;REGIÃO SUL;9;2492.0;2500.0;2174.0;2576.0;2356.0;2157.0;2200.0;2526.0;2002.0;2157.0;2398.0;2610.0
2378.0;2019-05-31;7.0;12.0;17.0;22.0;522.0;27.0;9.0;7.0;16.0;400.0;27.0;0.0;27.0;644.0;90.0;272.0;4;5;5;4;5;4;4;0;0;0;0;0;0;0;1;0;0;0;0;0;0;0;0;0.0;0.0;0.0;0.0;1.0;0.0;0.0;0.0;0.0;0.0;0.0;0.0;0.0;0.0;0.0;1.0;0.0;0.0;0.0;0.0;0.0;0.0;0.0;0.0;0.0;0.0;0.0;0.0;0.0;0.0;0.0;0.0;0.0;0.0;0.0;2.0;0.0;0.0;0.0;0.0;0.0;0;0;0;0;CORONEL VIVIDA;REGIÃO SUL;10;2466.0;2492.0;2500.0;2174.0;2576.0;2356.0;2157.0;2200.0;2526.0;2002.0;2157.0;2398.0
2156.0;2019-06-30;4.0;11.0;16.0;21.0;481.0;26.0;1.0;4.0;15.0;313.0;26.0;0.0;26.0;648.0;25.0;31.0;5;4;4;4;4;5;4;0;0;0;0;0;0;1;0;0;0;0;0;0;0;0;0;0.0;0.0;0.0;0.0;1.0;0.0;0.0;0.0;0.0;0.0;0.0;0.0;0.0;0.0;0.0;1.0;0.0;0.0;0.0;0.0;0.0;0.0;0.0;0.0;0.0;0.0;0.0;0.0;0.0;0.0;0.0;0.0;0.0;0.0;0.0;2.0;0.0;0.0;0.0;0.0;0.0;0;1;0;0;CORONEL VIVIDA;REGIÃO SUL;11;2378.0;2466.0;2492.0;2500.0;2174.0;2576.0;2356.0;2157.0;2200.0;2526.0;2002.0;2157.0
1824.0;2019-07-31;-5.0;3.0;13.0;18.0;401.0;24.0;1.0;-5.0;12.0;211.0;24.0;0.0;24.0;591.0;11.0;30.0;4;5;4;5;4;4;5;0;0;0;0;0;1;0;0;0;0;0;0;0;0;0;0;0.0;0.0;0.0;0.0;1.0;0.0;0.0;0.0;0.0;0.0;0.0;0.0;0.0;0.0;0.0;1.0;0.0;0.0;0.0;0.0;0.0;0.0;0.0;0.0;0.0;0.0;0.0;0.0;0.0;0.0;0.0;0.0;0.0;0.0;0.0;2.0;0.0;0.0;0.0;0.0;0.0;16;0;0;0;CORONEL VIVIDA;REGIÃO SUL;12;2156.0;2378.0;2466.0;2492.0;2500.0;2174.0;2576.0;2356.0;2157.0;2200.0;2526.0;2002.0
2204.0;2019-08-31;-2.0;6.0;14.0;20.0;449.0;29.0;0.0;-2.0;14.0;236.0;29.0;0.0;29.0;662.0;7.0;12.0;4;4;5;4;5;5;4;0;1;0;0;0;0;0;0;0;0;0;0;0;0;0;0;0.0;0.0;0.0;0.0;1.0;0.0;0.0;0.0;0.0;0.0;0.0;0.0;0.0;0.0;0.0;1.0;0.0;0.0;0.0;0.0;0.0;0.0;0.0;0.0;0.0;0.0;0.0;0.0;0.0;0.0;0.0;0.0;0.0;0.0;0.0;2.0;0.0;0.0;0.0;0.0;0.0;0;0;0;0;CORONEL VIVIDA;REGIÃO SUL;13;1824.0;2156.0;2378.0;2466.0;2492.0;2500.0;2174.0;2576.0;2356.0;2157.0;2200.0;2526.0
2184.0;2019-09-30;6.0;12.0;18.0;24.0;532.0;32.0;2.0;6.0;17.0;348.0;32.0;0.0;32.0;716.0;19.0;59.0;5;4;4;5;4;4;4;0;0;0;0;0;0;0;0;0;0;0;1;0;0;0;0;0.0;0.0;0.0;0.0;1.0;0.0;0.0;0.0;0.0;0.0;0.0;0.0;0.0;0.0;0.0;1.0;0.0;0.0;0.0;0.0;0.0;0.0;0.0;0.0;0.0;0.0;0.0;0.0;0.0;0.0;0.0;0.0;0.0;0.0;0.0;2.0;0.0;0.0;0.0;0.0;0.0;0;0;0;0;CORONEL VIVIDA;REGIÃO SUL;14;2204.0;1824.0;2156.0;2378.0;2466.0;2492.0;2500.0;2174.0;2576.0;2356.0;2157.0;2200.0
2439.0;2019-10-31;11.0;15.0;20.0;25.0;630.0;34.0;3.0;11.0;17.0;437.0;34.0;0.0;34.0;824.0;26.0;102.0;4;5;5;4;4;4;5;0;0;0;0;0;0;0;0;0;0;1;0;0;0;0;0;0.0;0.0;0.0;0.0;1.0;0.0;0.0;0.0;0.0;0.0;0.0;0.0;0.0;0.0;0.0;1.0;0.0;0.0;0.0;0.0;0.0;0.0;0.0;0.0;0.0;0.0;0.0;0.0;0.0;0.0;0.0;0.0;0.0;0.0;0.0;2.0;0.0;0.0;0.0;0.0;0.0;0;0;0;0;CORONEL VIVIDA;REGIÃO SUL;15;2184.0;2204.0;1824.0;2156.0;2378.0;2466.0;2492.0;2500.0;2174.0;2576.0;2356.0;2157.0
2442.0;2019-11-30;11.0;17.0;21.0;24.0;619.0;31.0;7.0;11.0;17.0;440.0;31.0;0.0;31.0;797.0;64.0;209.0;4;4;4;4;5;5;4;0;0;0;0;0;0;0;0;0;1;0;0;0;0;0;0;0.0;0.0;0.0;0.0;1.0;0.0;0.0;0.0;0.0;0.0;0.0;0.0;0.0;0.0;0.0;1.0;0.0;0.0;0.0;0.0;0.0;0.0;0.0;0.0;0.0;0.0;0.0;0.0;0.0;0.0;0.0;0.0;0.0;0.0;0.0;2.0;0.0;0.0;0.0;0.0;0.0;0;0;0;0;CORONEL VIVIDA;REGIÃO SUL;16;2439.0;2184.0;2204.0;1824.0;2156.0;2378.0;2466.0;2492.0;2500.0;2174.0;2576.0;2356.0
1793.0;2019-12-31;12.0;17.0;21.0;25.0;650.0;32.0;4.0;12.0;18.0;468.0;32.0;0.0;32.0;832.0;54.0;139.0;5;4;4;5;4;4;5;0;0;1;0;0;0;0;0;0;0;0;0;0;0;0;0;0.0;0.0;0.0;0.0;1.0;0.0;0.0;0.0;0.0;0.0;0.0;0.0;0.0;0.0;0.0;1.0;0.0;0.0;0.0;0.0;0.0;0.0;0.0;0.0;0.0;0.0;0.0;0.0;0.0;0.0;0.0;0.0;0.0;0.0;0.0;2.0;0.0;0.0;0.0;0.0;0.0;0;0;0;0;CORONEL VIVIDA;REGIÃO SUL;17;2442.0;2439.0;2184.0;2204.0;1824.0;2156.0;2378.0;2466.0;2492.0;2500.0;2174.0;2576.0
1911.0;2020-01-31;12.0;17.0;22.0;25.0;672.0;30.0;3.0;12.0;19.0;509.0;30.0;0.0;30.0;834.0;52.0;102.0;4;5;5;4;5;4;4;0;0;0;0;1;0;0;0;0;0;0;0;0;0;0;0;0.0;0.0;0.0;0.0;0.0;1.0;0.0;0.0;0.0;0.0;0.0;0.0;0.0;0.0;0.0;1.0;0.0;0.0;0.0;0.0;0.0;0.0;0.0;0.0;0.0;0.0;0.0;0.0;0.0;0.0;0.0;0.0;0.0;0.0;0.0;2.0;0.0;0.0;0.0;0.0;0.0;31;0;0;0;CORONEL VIVIDA;REGIÃO SUL;18;1793.0;2442.0;2439.0;2184.0;2204.0;1824.0;2156.0;2378.0;2466.0;2492.0;2500.0;2174.0
2670.0;2020-02-29;10.0;17.0;21.0;25.0;614.0;31.0;5.0;10.0;18.0;451.0;31.0;0.0;31.0;777.0;79.0;139.0;4;4;4;4;4;5;4;0;0;0;1;0;0;0;0;0;0;0;0;0;0;0;0;0.0;0.0;0.0;0.0;0.0;1.0;0.0;0.0;0.0;0.0;0.0;0.0;0.0;0.0;0.0;1.0;0.0;0.0;0.0;0.0;0.0;0.0;0.0;0.0;0.0;0.0;0.0;0.0;0.0;0.0;0.0;0.0;0.0;0.0;0.0;2.0;0.0;0.0;0.0;0.0;0.0;0;3;0;0;CORONEL VIVIDA;REGIÃO SUL;19;1911.0;1793.0;2442.0;2439.0;2184.0;2204.0;1824.0;2156.0;2378.0;2466.0;2492.0;2500.0
2408.0;2020-03-31;11.0;18.0;21.0;24.0;648.0;32.0;1.0;11.0;19.0;438.0;32.0;0.0;32.0;857.0;20.0;44.0;5;4;4;5;4;4;5;0;0;0;0;0;0;0;0;1;0;0;0;0;0;0;0;0.0;0.0;0.0;0.0;0.0;1.0;0.0;0.0;0.0;0.0;0.0;0.0;0.0;0.0;0.0;1.0;0.0;0.0;0.0;0.0;0.0;0.0;0.0;0.0;0.0;0.0;0.0;0.0;0.0;0.0;0.0;0.0;0.0;0.0;0.0;2.0;0.0;0.0;0.0;0.0;0.0;0;0;15;0;CORONEL VIVIDA;REGIÃO SUL;20;2670.0;1911.0;1793.0;2442.0;2439.0;2184.0;2204.0;1824.0;2156.0;2378.0;2466.0;2492.0
1104.0;2020-04-30;2.0;11.0;17.0;23.0;502.0;30.0;1.0;2.0;17.0;283.0;30.0;0.0;30.0;722.0;29.0;44.0;4;5;5;4;4;4;4;1;0;0;0;0;0;0;0;0;0;0;0;0;0;0;0;0.0;0.0;0.0;0.0;0.0;1.0;0.0;0.0;0.0;0.0;0.0;0.0;0.0;0.0;0.0;1.0;0.0;0.0;0.0;0.0;0.0;0.0;0.0;0.0;0.0;0.0;0.0;0.0;0.0;0.0;0.0;0.0;0.0;0.0;0.0;2.0;0.0;0.0;0.0;0.0;0.0;0;1;30;0;CORONEL VIVIDA;REGIÃO SUL;21;2408.0;2670.0;1911.0;1793.0;2442.0;2439.0;2184.0;2204.0;1824.0;2156.0;2378.0;2466.0
1687.0;2020-05-31;1.0;8.0;14.0;18.0;430.0;26.0;9.0;1.0;14.0;220.0;26.0;0.0;26.0;641.0;121.0;293.0;5;4;4;4;5;5;4;0;0;0;0;0;0;0;1;0;0;0;0;0;0;0;0;0.0;0.0;0.0;0.0;0.0;1.0;0.0;0.0;0.0;0.0;0.0;0.0;0.0;0.0;0.0;1.0;0.0;0.0;0.0;0.0;0.0;0.0;0.0;0.0;0.0;0.0;0.0;0.0;0.0;0.0;0.0;0.0;0.0;0.0;0.0;2.0;0.0;0.0;0.0;0.0;0.0;0;0;31;0;CORONEL VIVIDA;REGIÃO SUL;22;1104.0;2408.0;2670.0;1911.0;1793.0;2442.0;2439.0;2184.0;2204.0;1824.0;2156.0;2378.0
1910.0;2020-06-30;4.0;8.0;15.0;21.0;459.0;26.0;7.0;4.0;17.0;320.0;26.0;0.0;26.0;598.0;44.0;204.0;4;4;4;5;4;4;5;0;0;0;0;0;0;1;0;0;0;0;0;0;0;0;0;0.0;0.0;0.0;0.0;0.0;1.0;0.0;0.0;0.0;0.0;0.0;0.0;0.0;0.0;0.0;1.0;0.0;0.0;0.0;0.0;0.0;0.0;0.0;0.0;0.0;0.0;0.0;0.0;0.0;0.0;0.0;0.0;0.0;0.0;0.0;2.0;0.0;0.0;0.0;0.0;0.0;0;1;30;0;CORONEL VIVIDA;REGIÃO SUL;23;1687.0;1104.0;2408.0;2670.0;1911.0;1793.0;2442.0;2439.0;2184.0;2204.0;1824.0;2156.0
1919.0;2020-07-31;-0.0;7.0;14.0;20.0;442.0;25.0;4.0;-0.0;16.0;291.0;25.0;0.0;25.0;593.0;80.0;122.0;4;5;5;4;5;4;4;0;0;0;0;0;1;0;0;0;0;0;0;0;0;0;0;0.0;0.0;0.0;0.0;0.0;1.0;0.0;0.0;0.0;0.0;0.0;0.0;0.0;0.0;0.0;1.0;0.0;0.0;0.0;0.0;0.0;0.0;0.0;0.0;0.0;0.0;0.0;0.0;0.0;0.0;0.0;0.0;0.0;0.0;0.0;2.0;0.0;0.0;0.0;0.0;0.0;0;0;31;0;CORONEL VIVIDA;REGIÃO SUL;24;1910.0;1687.0;1104.0;2408.0;2670.0;1911.0;1793.0;2442.0;2439.0;2184.0;2204.0;1824.0
1887.0;2020-08-31;-2.0;3.0;16.0;23.0;504.0;29.0;9.0;-2.0;18.0;340.0;29.0;0.0;29.0;667.0;93.0;289.0;5;4;4;5;4;5;4;0;1;0;0;0;0;0;0;0;0;0;0;0;0;0;0;0.0;0.0;0.0;0.0;0.0;1.0;0.0;0.0;0.0;0.0;0.0;0.0;0.0;0.0;0.0;1.0;0.0;0.0;0.0;0.0;0.0;0.0;0.0;0.0;0.0;0.0;0.0;0.0;0.0;0.0;0.0;0.0;0.0;0.0;0.0;2.0;0.0;0.0;0.0;0.0;0.0;0;0;31;0;CORONEL VIVIDA;REGIÃO SUL;25;1919.0;1910.0;1687.0;1104.0;2408.0;2670.0;1911.0;1793.0;2442.0;2439.0;2184.0;2204.0
1824.0;2020-09-30;7.0;13.0;20.0;28.0;607.0;34.0;3.0;7.0;21.0;436.0;34.0;0.0;34.0;778.0;52.0;105.0;4;5;4;4;4;4;5;0;0;0;0;0;0;0;0;0;0;0;1;0;0;0;0;0.0;0.0;0.0;0.0;0.0;1.0;0.0;0.0;0.0;0.0;0.0;0.0;0.0;0.0;0.0;1.0;0.0;0.0;0.0;0.0;0.0;0.0;0.0;0.0;0.0;0.0;0.0;0.0;0.0;0.0;0.0;0.0;0.0;0.0;0.0;2.0;0.0;0.0;0.0;0.0;0.0;0;0;30;0;CORONEL VIVIDA;REGIÃO SUL;26;1887.0;1919.0;1910.0;1687.0;1104.0;2408.0;2670.0;1911.0;1793.0;2442.0;2439.0;2184.0
2211.0;2020-10-31;8.0;15.0;21.0;29.0;661.0;34.0;3.0;8.0;24.0;481.0;34.0;0.0;34.0;840.0;29.0;87.0;4;4;5;4;5;5;4;0;0;0;0;0;0;0;0;0;0;1;0;0;0;0;0;0.0;0.0;0.0;0.0;0.0;1.0;0.0;0.0;0.0;0.0;0.0;0.0;0.0;0.0;0.0;1.0;0.0;0.0;0.0;0.0;0.0;0.0;0.0;0.0;0.0;0.0;0.0;0.0;0.0;0.0;0.0;0.0;0.0;0.0;0.0;2.0;0.0;0.0;0.0;0.0;0.0;0;0;31;0;CORONEL VIVIDA;REGIÃO SUL;27;1824.0;1887.0;1919.0;1910.0;1687.0;1104.0;2408.0;2670.0;1911.0;1793.0;2442.0;2439.0
1986.0;2020-11-30;8.0;16.0;21.0;26.0;619.0;33.0;3.0;8.0;20.0;440.0;33.0;0.0;33.0;799.0;19.0;84.0;5;4;4;5;4;4;4;0;0;0;0;0;0;0;0;0;1;0;0;0;0;0;0;0.0;0.0;0.0;0.0;0.0;1.0;0.0;0.0;0.0;0.0;0.0;0.0;0.0;0.0;0.0;1.0;0.0;0.0;0.0;0.0;0.0;0.0;0.0;0.0;0.0;0.0;0.0;0.0;0.0;0.0;0.0;0.0;0.0;0.0;0.0;2.0;0.0;0.0;0.0;0.0;0.0;0;0;30;0;CORONEL VIVIDA;REGIÃO SUL;28;2211.0;1824.0;1887.0;1919.0;1910.0;1687.0;1104.0;2408.0;2670.0;1911.0;1793.0;2442.0
2264.0;2020-12-31;13.0;18.0;22.0;24.0;675.0;30.0;7.0;13.0;19.0;513.0;30.0;0.0;30.0;837.0;129.0;229.0;4;5;5;4;4;4;5;0;0;1;0;0;0;0;0;0;0;0;0;0;0;0;0;0.0;0.0;0.0;0.0;0.0;1.0;0.0;0.0;0.0;0.0;0.0;0.0;0.0;0.0;0.0;1.0;0.0;0.0;0.0;0.0;0.0;0.0;0.0;0.0;0.0;0.0;0.0;0.0;0.0;0.0;0.0;0.0;0.0;0.0;0.0;2.0;0.0;0.0;0.0;0.0;0.0;0;0;31;0;CORONEL VIVIDA;REGIÃO SUL;29;1986.0;2211.0;1824.0;1887.0;1919.0;1910.0;1687.0;1104.0;2408.0;2670.0;1911.0;1793.0
1904.0;2021-01-31;15.0;18.0;22.0;24.0;670.0;30.0;7.0;15.0;21.0;544.0;30.0;0.0;30.0;796.0;35.0;212.0;5;4;4;4;5;5;4;0;0;0;0;1;0;0;0;0;0;0;0;1;0;0;0;0.0;0.0;0.0;0.0;0.0;0.0;0.0;0.0;0.0;0.0;0.0;0.0;0.0;0.0;0.0;1.0;0.0;0.0;0.0;0.0;0.0;0.0;0.0;0.0;0.0;0.0;0.0;0.0;0.0;0.0;0.0;0.0;0.0;0.0;0.0;2.0;0.0;0.0;0.0;0.0;0.0;0;0;31;0;CORONEL VIVIDA;REGIÃO SUL;30;2264.0;1986.0;2211.0;1824.0;1887.0;1919.0;1910.0;1687.0;1104.0;2408.0;2670.0;1911.0
1240.0;2021-02-28;12.0;18.0;22.0;27.0;625.0;32.0;1.0;12.0;22.0;479.0;32.0;0.0;32.0;770.0;16.0;32.0;4;4;4;4;4;4;4;0;0;0;1;0;0;0;0;0;0;0;0;1;0;0;0;0.0;0.0;0.0;0.0;0.0;0.0;0.0;0.0;0.0;0.0;0.0;0.0;0.0;0.0;0.0;1.0;0.0;0.0;0.0;0.0;0.0;0.0;0.0;0.0;0.0;0.0;0.0;0.0;0.0;0.0;0.0;0.0;0.0;0.0;0.0;2.0;0.0;0.0;0.0;0.0;0.0;0;3;28;0;CORONEL VIVIDA;REGIÃO SUL;31;1904.0;2264.0;1986.0;2211.0;1824.0;1887.0;1919.0;1910.0;1687.0;1104.0;2408.0;2670.0
1396.0;2021-03-31;12.0;17.0;23.0;27.0;704.0;33.0;2.0;12.0;21.0;548.0;33.0;0.0;33.0;860.0;17.0;77.0;4;5;4;5;4;4;5;0;0;0;0;0;0;0;0;1;0;0;0;1;0;0;0;0.0;0.0;0.0;0.0;0.0;0.0;0.0;0.0;0.0;0.0;0.0;0.0;0.0;0.0;0.0;1.0;0.0;0.0;0.0;0.0;0.0;0.0;0.0;0.0;0.0;0.0;0.0;0.0;0.0;0.0;0.0;0.0;0.0;0.0;0.0;2.0;0.0;0.0;0.0;0.0;0.0;0;0;31;0;CORONEL VIVIDA;REGIÃO SUL;32;1240.0;1904.0;2264.0;1986.0;2211.0;1824.0;1887.0;1919.0;1910.0;1687.0;1104.0;2408.0
1206.0;2021-04-30;7.0;15.0;20.0;24.0;591.0;29.0;0.0;7.0;20.0;436.0;29.0;0.0;29.0;746.0;5.0;8.0;4;4;5;4;5;4;4;1;0;0;0;0;0;0;0;0;0;0;0;1;0;0;0;0.0;0.0;0.0;0.0;0.0;0.0;0.0;0.0;0.0;0.0;0.0;0.0;0.0;0.0;0.0;1.0;0.0;0.0;0.0;0.0;0.0;0.0;0.0;0.0;0.0;0.0;0.0;0.0;0.0;0.0;0.0;0.0;0.0;0.0;0.0;2.0;0.0;0.0;0.0;0.0;0.0;0;1;30;0;CORONEL VIVIDA;REGIÃO SUL;33;1396.0;1240.0;1904.0;2264.0;1986.0;2211.0;1824.0;1887.0;1919.0;1910.0;1687.0;1104.0
1307.0;2021-05-31;5.0;11.0;17.0;23.0;530.0;28.0;3.0;5.0;19.0;376.0;28.0;0.0;28.0;683.0;56.0;86.0;5;4;4;5;4;5;4;0;0;0;0;0;0;0;1;0;0;0;0;1;0;0;0;0.0;0.0;0.0;0.0;0.0;0.0;0.0;0.0;0.0;0.0;0.0;0.0;0.0;0.0;0.0;1.0;0.0;0.0;0.0;0.0;0.0;0.0;0.0;0.0;0.0;0.0;0.0;0.0;0.0;0.0;0.0;0.0;0.0;0.0;0.0;2.0;0.0;0.0;0.0;0.0;0.0;0;0;31;0;CORONEL VIVIDA;REGIÃO SUL;34;1206.0;1396.0;1240.0;1904.0;2264.0;1986.0;2211.0;1824.0;1887.0;1919.0;1910.0;1687.0
1342.0;2021-06-30;-1.0;4.0;14.0;22.0;430.0;27.0;5.0;-1.0;18.0;309.0;27.0;0.0;27.0;550.0;42.0;145.0;4;5;4;4;4;4;5;0;0;0;0;0;0;1;0;0;0;0;0;1;0;0;0;0.0;0.0;0.0;0.0;0.0;0.0;0.0;0.0;0.0;0.0;0.0;0.0;0.0;0.0;0.0;1.0;0.0;0.0;0.0;0.0;0.0;0.0;0.0;0.0;0.0;0.0;0.0;0.0;0.0;0.0;0.0;0.0;0.0;0.0;0.0;2.0;0.0;0.0;0.0;0.0;0.0;0;1;30;0;CORONEL VIVIDA;REGIÃO SUL;35;1307.0;1206.0;1396.0;1240.0;1904.0;2264.0;1986.0;2211.0;1824.0;1887.0;1919.0;1910.0
2139.0;2021-07-31;-2.0;3.0;14.0;22.0;448.0;27.0;2.0;-2.0;17.0;292.0;27.0;0.0;27.0;604.0;41.0;74.0;4;4;5;4;5;5;4;0;0;0;0;0;1;0;0;0;0;0;0;1;0;0;0;0.0;0.0;0.0;0.0;0.0;0.0;0.0;0.0;0.0;0.0;0.0;0.0;0.0;0.0;0.0;1.0;0.0;0.0;0.0;0.0;0.0;0.0;0.0;0.0;0.0;0.0;0.0;0.0;0.0;0.0;0.0;0.0;0.0;0.0;0.0;2.0;0.0;0.0;0.0;0.0;0.0;0;0;31;0;CORONEL VIVIDA;REGIÃO SUL;36;1342.0;1307.0;1206.0;1396.0;1240.0;1904.0;2264.0;1986.0;2211.0;1824.0;1887.0;1919.0
2075.0;2021-08-31;5.0;12.0;19.0;26.0;575.0;31.0;2.0;5.0;21.0;422.0;31.0;0.0;31.0;728.0;25.0;56.0;5;4;4;5;4;4;5;0;1;0;0;0;0;0;0;0;0;0;0;1;0;0;0;0.0;0.0;0.0;0.0;0.0;0.0;0.0;0.0;0.0;0.0;0.0;0.0;0.0;0.0;0.0;1.0;0.0;0.0;0.0;0.0;0.0;0.0;0.0;0.0;0.0;0.0;0.0;0.0;0.0;0.0;0.0;0.0;0.0;0.0;0.0;2.0;0.0;0.0;0.0;0.0;0.0;0;0;31;0;CORONEL VIVIDA;REGIÃO SUL;37;2139.0;1342.0;1307.0;1206.0;1396.0;1240.0;1904.0;2264.0;1986.0;2211.0;1824.0;1887.0
1586.0;2021-09-30;8.0;14.0;21.0;28.0;624.0;33.0;5.0;8.0;23.0;474.0;33.0;0.0;33.0;774.0;47.0;141.0;4;5;5;4;4;4;4;0;0;0;0;0;0;0;0;0;0;0;1;1;0;0;0;0.0;0.0;0.0;0.0;0.0;0.0;0.0;0.0;0.0;0.0;0.0;0.0;0.0;0.0;0.0;1.0;0.0;0.0;0.0;0.0;0.0;0.0;0.0;0.0;0.0;0.0;0.0;0.0;0.0;0.0;0.0;0.0;0.0;0.0;0.0;2.0;0.0;0.0;0.0;0.0;0.0;0;0;30;0;CORONEL VIVIDA;REGIÃO SUL;38;2075.0;2139.0;1342.0;1307.0;1206.0;1396.0;1240.0;1904.0;2264.0;1986.0;2211.0;1824.0
1689.0;2021-10-31;10.0;16.0;19.0;24.0;598.0;29.0;11.0;10.0;19.0;473.0;29.0;0.0;29.0;722.0;69.0;355.0;5;4;4;4;5;5;4;0;0;0;0;0;0;0;0;0;0;1;0;1;0;0;0;0.0;0.0;0.0;0.0;0.0;0.0;0.0;0.0;0.0;0.0;0.0;0.0;0.0;0.0;0.0;1.0;0.0;0.0;0.0;0.0;0.0;0.0;0.0;0.0;0.0;0.0;0.0;0.0;0.0;0.0;0.0;0.0;0.0;0.0;0.0;2.0;0.0;0.0;0.0;0.0;0.0;0;0;0;0;CORONEL VIVIDA;REGIÃO SUL;39;1586.0;2075.0;2139.0;1342.0;1307.0;1206.0;1396.0;1240.0;1904.0;2264.0;1986.0;2211.0
2355.0;2021-11-30;14.0;19.0;23.0;27.0;683.0;32.0;3.0;14.0;23.0;520.0;32.0;0.0;32.0;847.0;38.0;95.0;4;4;4;5;4;4;5;0;0;0;0;0;0;0;0;0;1;0;0;1;0;0;0;0.0;0.0;0.0;0.0;0.0;0.0;0.0;0.0;0.0;0.0;0.0;0.0;0.0;0.0;0.0;1.0;0.0;0.0;0.0;0.0;0.0;0.0;0.0;0.0;0.0;0.0;0.0;0.0;0.0;0.0;0.0;0.0;0.0;0.0;0.0;2.0;0.0;0.0;0.0;0.0;0.0;0;0;0;0;CORONEL VIVIDA;REGIÃO SUL;40;1689.0;1586.0;2075.0;2139.0;1342.0;1307.0;1206.0;1396.0;1240.0;1904.0;2264.0;1986.0
2383.0;2021-12-31;12.0;20.0;24.0;28.0;757.0;34.0;2.0;12.0;22.0;561.0;34.0;0.0;34.0;953.0;64.0;77.0;4;5;5;4;5;4;4;0;0;1;0;0;0;0;0;0;0;0;0;1;0;0;0;0.0;0.0;0.0;0.0;0.0;0.0;0.0;0.0;0.0;0.0;0.0;0.0;0.0;0.0;0.0;1.0;0.0;0.0;0.0;0.0;0.0;0.0;0.0;0.0;0.0;0.0;0.0;0.0;0.0;0.0;0.0;0.0;0.0;0.0;0.0;2.0;0.0;0.0;0.0;0.0;0.0;0;0;0;0;CORONEL VIVIDA;REGIÃO SUL;41;2355.0;1689.0;1586.0;2075.0;2139.0;1342.0;1307.0;1206.0;1396.0;1240.0;1904.0;2264.0
1627.0;2022-01-31;15.0;20.0;25.0;30.0;779.0;35.0;5.0;15.0;24.0;611.0;35.0;0.0;35.0;948.0;48.0;166.0;5;4;4;5;4;5;4;0;0;0;0;1;0;0;0;0;0;0;0;0;1;0;0;0.0;0.0;0.0;0.0;0.0;0.0;0.0;0.0;0.0;0.0;0.0;0.0;0.0;0.0;0.0;1.0;0.0;0.0;0.0;0.0;0.0;0.0;0.0;0.0;0.0;0.0;0.0;0.0;0.0;0.0;0.0;0.0;0.0;0.0;0.0;2.0;0.0;0.0;0.0;0.0;0.0;31;0;0;0;CORONEL VIVIDA;REGIÃO SUL;42;2383.0;2355.0;1689.0;1586.0;2075.0;2139.0;1342.0;1307.0;1206.0;1396.0;1240.0;1904.0
2300.0;2022-02-28;12.0;19.0;24.0;28.0;683.0;33.0;6.0;12.0;23.0;532.0;33.0;0.0;33.0;835.0;82.0;158.0;4;4;4;4;4;4;4;0;0;0;1;0;0;0;0;0;0;0;0;0;1;0;0;0.0;0.0;0.0;0.0;0.0;0.0;0.0;0.0;0.0;0.0;0.0;0.0;0.0;0.0;0.0;1.0;0.0;0.0;0.0;0.0;0.0;0.0;0.0;0.0;0.0;0.0;0.0;0.0;0.0;0.0;0.0;0.0;0.0;0.0;0.0;2.0;0.0;0.0;0.0;0.0;0.0;0;1;0;0;CORONEL VIVIDA;REGIÃO SUL;43;1627.0;2383.0;2355.0;1689.0;1586.0;2075.0;2139.0;1342.0;1307.0;1206.0;1396.0;1240.0
3509.0;2022-03-31;8.0;13.0;22.0;27.0;676.0;32.0;10.0;8.0;22.0;540.0;32.0;0.0;32.0;811.0;74.0;312.0;4;5;5;4;4;4;5;0;0;0;0;0;0;0;0;1;0;0;0;0;1;0;0;0.0;0.0;0.0;0.0;0.0;0.0;0.0;0.0;0.0;0.0;0.0;0.0;0.0;0.0;0.0;1.0;0.0;0.0;0.0;0.0;0.0;0.0;0.0;0.0;0.0;0.0;0.0;0.0;0.0;0.0;0.0;0.0;0.0;0.0;0.0;2.0;0.0;0.0;0.0;0.0;0.0;0;1;0;0;CORONEL VIVIDA;REGIÃO SUL;44;2300.0;1627.0;2383.0;2355.0;1689.0;1586.0;2075.0;2139.0;1342.0;1307.0;1206.0;1396.0
2815.0;2022-04-30;6.0;13.0;19.0;25.0;576.0;29.0;17.0;6.0;21.0;451.0;29.0;0.0;29.0;700.0;144.0;517.0;4;4;4;4;5;5;4;1;0;0;0;0;0;0;0;0;0;0;0;0;1;0;0;0.0;0.0;0.0;0.0;0.0;0.0;0.0;0.0;0.0;0.0;0.0;0.0;0.0;0.0;0.0;1.0;0.0;0.0;0.0;0.0;0.0;0.0;0.0;0.0;0.0;0.0;0.0;0.0;0.0;0.0;0.0;0.0;0.0;0.0;0.0;2.0;0.0;0.0;0.0;0.0;0.0;0;1;0;0;CORONEL VIVIDA;REGIÃO SUL;45;3509.0;2300.0;1627.0;2383.0;2355.0;1689.0;1586.0;2075.0;2139.0;1342.0;1307.0;1206.0
3575.0;2022-05-31;2.0;6.0;14.0;19.0;429.0;24.0;8.0;2.0;17.0;307.0;24.0;0.0;24.0;550.0;92.0;234.0;5;4;4;5;4;4;5;0;0;0;0;0;0;0;1;0;0;0;0;0;1;0;0;0.0;0.0;0.0;0.0;0.0;0.0;0.0;0.0;0.0;0.0;0.0;0.0;0.0;0.0;0.0;1.0;0.0;0.0;0.0;0.0;0.0;0.0;0.0;0.0;0.0;0.0;0.0;0.0;0.0;0.0;0.0;0.0;0.0;0.0;0.0;2.0;0.0;0.0;0.0;0.0;0.0;0;0;0;0;CORONEL VIVIDA;REGIÃO SUL;46;2815.0;3509.0;2300.0;1627.0;2383.0;2355.0;1689.0;1586.0;2075.0;2139.0;1342.0;1307.0
2890.0;2022-06-30;-1.0;6.0;14.0;19.0;408.0;24.0;6.0;-1.0;15.0;278.0;24.0;0.0;24.0;537.0;50.0;188.0;4;5;5;4;4;4;4;0;0;0;0;0;0;1;0;0;0;0;0;0;1;0;0;0.0;0.0;0.0;0.0;0.0;0.0;0.0;0.0;0.0;0.0;0.0;0.0;0.0;0.0;0.0;1.0;0.0;0.0;0.0;0.0;0.0;0.0;0.0;0.0;0.0;0.0;0.0;0.0;0.0;0.0;0.0;0.0;0.0;0.0;0.0;2.0;0.0;0.0;0.0;0.0;0.0;0;1;0;0;CORONEL VIVIDA;REGIÃO SUL;47;3575.0;2815.0;3509.0;2300.0;1627.0;2383.0;2355.0;1689.0;1586.0;2075.0;2139.0;1342.0
2582.0;2022-07-31;3.0;8.0;17.0;21.0;526.0;25.0;2.0;3.0;16.0;367.0;25.0;0.0;25.0;684.0;15.0;50.0;5;4;4;4;5;5;4;0;0;0;0;0;1;0;0;0;0;0;0;0;1;0;0;0.0;0.0;0.0;0.0;0.0;0.0;0.0;0.0;0.0;0.0;0.0;0.0;0.0;0.0;0.0;1.0;0.0;0.0;0.0;0.0;0.0;0.0;0.0;0.0;0.0;0.0;0.0;0.0;0.0;0.0;0.0;0.0;0.0;0.0;0.0;2.0;0.0;0.0;0.0;0.0;0.0;0;0;0;0;CORONEL VIVIDA;REGIÃO SUL;48;2890.0;3575.0;2815.0;3509.0;2300.0;1627.0;2383.0;2355.0;1689.0;1586.0;2075.0;2139.0
3222.0;2022-08-31;-1.0;5.0;15.0;21.0;453.0;27.0;9.0;-1.0;16.0;297.0;27.0;0.0;27.0;609.0;84.0;286.0;4;5;4;5;4;4;5;0;1;0;0;0;0;0;0;0;0;0;0;0;1;0;0;0.0;0.0;0.0;0.0;0.0;0.0;0.0;0.0;0.0;0.0;0.0;0.0;0.0;0.0;0.0;1.0;0.0;0.0;0.0;0.0;0.0;0.0;0.0;0.0;0.0;0.0;0.0;0.0;0.0;0.0;0.0;0.0;0.0;0.0;0.0;2.0;0.0;0.0;0.0;0.0;0.0;0;0;0;0;CORONEL VIVIDA;REGIÃO SUL;49;2582.0;2890.0;3575.0;2815.0;3509.0;2300.0;1627.0;2383.0;2355.0;1689.0;1586.0;2075.0
2734.0;2022-09-30;1.0;8.0;14.0;23.0;433.0;27.0;8.0;1.0;19.0;291.0;27.0;0.0;27.0;574.0;39.0;254.0;4;4;5;4;5;4;4;0;0;0;0;0;0;0;0;0;0;0;1;0;1;0;0;0.0;0.0;0.0;0.0;0.0;0.0;0.0;0.0;0.0;0.0;0.0;0.0;0.0;0.0;0.0;1.0;0.0;0.0;0.0;0.0;0.0;0.0;0.0;0.0;0.0;0.0;0.0;0.0;0.0;0.0;0.0;0.0;0.0;0.0;0.0;2.0;0.0;0.0;0.0;0.0;0.0;0;0;0;0;CORONEL VIVIDA;REGIÃO SUL;50;3222.0;2582.0;2890.0;3575.0;2815.0;3509.0;2300.0;1627.0;2383.0;2355.0;1689.0;1586.0
2347.0;2022-10-31;8.0;13.0;18.0;23.0;543.0;29.0;14.0;8.0;18.0;403.0;29.0;0.0;29.0;682.0;140.0;446.0;5;4;4;5;4;5;4;0;0;0;0;0;0;0;0;0;0;1;0;0;1;0;0;0.0;0.0;0.0;0.0;0.0;0.0;0.0;0.0;0.0;0.0;0.0;0.0;0.0;0.0;0.0;1.0;0.0;0.0;0.0;0.0;0.0;0.0;0.0;0.0;0.0;0.0;0.0;0.0;0.0;0.0;0.0;0.0;0.0;0.0;0.0;2.0;0.0;0.0;0.0;0.0;0.0;0;0;0;0;CORONEL VIVIDA;REGIÃO SUL;51;2734.0;3222.0;2582.0;2890.0;3575.0;2815.0;3509.0;2300.0;1627.0;2383.0;2355.0;1689.0
2688.0;2022-11-30;3.0;9.0;18.0;22.0;550.0;29.0;4.0;3.0;18.0;367.0;29.0;0.0;29.0;734.0;30.0;109.0;4;5;4;4;4;4;5;0;0;0;0;0;0;0;0;0;1;0;0;0;1;0;0;0.0;0.0;0.0;0.0;0.0;0.0;0.0;0.0;0.0;0.0;0.0;0.0;0.0;0.0;0.0;1.0;0.0;0.0;0.0;0.0;0.0;0.0;0.0;0.0;0.0;0.0;0.0;0.0;0.0;0.0;0.0;0.0;0.0;0.0;0.0;2.0;0.0;0.0;0.0;0.0;0.0;0;0;0;0;CORONEL VIVIDA;REGIÃO SUL;52;2347.0;2734.0;3222.0;2582.0;2890.0;3575.0;2815.0;3509.0;2300.0;1627.0;2383.0;2355.0
2952.0;2022-12-31;12.0;20.0;22.0;26.0;687.0;32.0;3.0;12.0;21.0;513.0;32.0;0.0;32.0;860.0;18.0;91.0;4;4;5;4;5;5;4;0;0;1;0;0;0;0;0;0;0;0;0;0;1;0;0;0.0;0.0;0.0;0.0;0.0;0.0;0.0;0.0;0.0;0.0;0.0;0.0;0.0;0.0;0.0;1.0;0.0;0.0;0.0;0.0;0.0;0.0;0.0;0.0;0.0;0.0;0.0;0.0;0.0;0.0;0.0;0.0;0.0;0.0;0.0;2.0;0.0;0.0;0.0;0.0;0.0;0;0;0;0;CORONEL VIVIDA;REGIÃO SUL;53;2688.0;2347.0;2734.0;3222.0;2582.0;2890.0;3575.0;2815.0;3509.0;2300.0;1627.0;2383.0
2179.0;2023-01-31;13.0;19.0;22.0;26.0;692.0;31.0;7.0;13.0;21.0;536.0;31.0;0.0;31.0;847.0;35.0;219.0;5;4;4;5;4;4;5;0;0;0;0;1;0;0;0;0;0;0;0;0;0;1;0;0.0;0.0;0.0;0.0;0.0;0.0;0.0;0.0;0.0;0.0;0.0;0.0;0.0;0.0;0.0;1.0;0.0;0.0;0.0;0.0;0.0;0.0;0.0;0.0;0.0;0.0;0.0;0.0;0.0;0.0;0.0;0.0;0.0;0.0;0.0;2.0;0.0;0.0;0.0;0.0;0.0;31;0;0;0;CORONEL VIVIDA;REGIÃO SUL;54;2952.0;2688.0;2347.0;2734.0;3222.0;2582.0;2890.0;3575.0;2815.0;3509.0;2300.0;1627.0
2780.0;2023-02-28;7.0;14.0;21.0;24.0;585.0;30.0;9.0;7.0;19.0;457.0;30.0;0.0;30.0;714.0;62.0;259.0;4;4;4;4;4;4;4;0;0;0;1;0;0;0;0;0;0;0;0;0;0;1;0;0.0;0.0;0.0;0.0;0.0;0.0;0.0;0.0;0.0;0.0;0.0;0.0;0.0;0.0;0.0;1.0;0.0;0.0;0.0;0.0;0.0;0.0;0.0;0.0;0.0;0.0;0.0;0.0;0.0;0.0;0.0;0.0;0.0;0.0;0.0;2.0;0.0;0.0;0.0;0.0;0.0;0;3;0;0;CORONEL VIVIDA;REGIÃO SUL;55;2179.0;2952.0;2688.0;2347.0;2734.0;3222.0;2582.0;2890.0;3575.0;2815.0;3509.0;2300.0
3575.0;2023-03-31;13.0;18.0;22.0;25.0;685.0;30.0;7.0;13.0;20.0;543.0;30.0;0.0;30.0;826.0;55.0;222.0;4;5;5;4;5;4;4;0;0;0;0;0;0;0;0;1;0;0;0;0;0;1;0;0.0;0.0;0.0;0.0;0.0;0.0;0.0;0.0;0.0;0.0;0.0;0.0;0.0;0.0;0.0;1.0;0.0;0.0;0.0;0.0;0.0;0.0;0.0;0.0;0.0;0.0;0.0;0.0;0.0;0.0;0.0;0.0;0.0;0.0;0.0;2.0;0.0;0.0;0.0;0.0;0.0;0;0;0;0;CORONEL VIVIDA;REGIÃO SUL;56;2780.0;2179.0;2952.0;2688.0;2347.0;2734.0;3222.0;2582.0;2890.0;3575.0;2815.0;3509.0
3440.0;2023-04-30;6.0;12.0;18.0;22.0;544.0;28.0;5.0;6.0;19.0;399.0;28.0;0.0;28.0;688.0;49.0;144.0;5;4;4;4;4;5;4;1;0;0;0;0;0;0;0;0;0;0;0;0;0;1;0;0.0;0.0;0.0;0.0;0.0;0.0;0.0;0.0;0.0;0.0;0.0;0.0;0.0;0.0;0.0;1.0;0.0;0.0;0.0;0.0;0.0;0.0;0.0;0.0;0.0;0.0;0.0;0.0;0.0;0.0;0.0;0.0;0.0;0.0;0.0;2.0;0.0;0.0;0.0;0.0;0.0;0;1;0;0;CORONEL VIVIDA;REGIÃO SUL;57;3575.0;2780.0;2179.0;2952.0;2688.0;2347.0;2734.0;3222.0;2582.0;2890.0;3575.0;2815.0
2753.0;2023-05-31;6.0;12.0;17.0;22.0;534.0;25.0;6.0;6.0;18.0;392.0;25.0;0.0;25.0;676.0;43.0;175.0;4;5;4;5;4;4;5;0;0;0;0;0;0;0;1;0;0;0;0;0;0;1;0;0.0;0.0;0.0;0.0;0.0;0.0;0.0;0.0;0.0;0.0;0.0;0.0;0.0;0.0;0.0;1.0;0.0;0.0;0.0;0.0;0.0;0.0;0.0;0.0;0.0;0.0;0.0;0.0;0.0;0.0;0.0;0.0;0.0;0.0;0.0;2.0;0.0;0.0;0.0;0.0;0.0;0;0;0;0;CORONEL VIVIDA;REGIÃO SUL;58;3440.0;3575.0;2780.0;2179.0;2952.0;2688.0;2347.0;2734.0;3222.0;2582.0;2890.0;3575.0
2223.0;2023-06-30;3.0;7.0;15.0;19.0;456.0;24.0;3.0;3.0;16.0;329.0;24.0;0.0;24.0;584.0;66.0;98.0;4;4;5;4;5;4;4;0;0;0;0;0;0;1;0;0;0;0;0;0;0;1;0;0.0;0.0;0.0;0.0;0.0;0.0;0.0;0.0;0.0;0.0;0.0;0.0;0.0;0.0;0.0;1.0;0.0;0.0;0.0;0.0;0.0;0.0;0.0;0.0;0.0;0.0;0.0;0.0;0.0;0.0;0.0;0.0;0.0;0.0;0.0;2.0;0.0;0.0;0.0;0.0;0.0;0;1;0;0;CORONEL VIVIDA;REGIÃO SUL;59;2753.0;3440.0;3575.0;2780.0;2179.0;2952.0;2688.0;2347.0;2734.0;3222.0;2582.0;2890.0
1838.0;2023-07-31;2.0;6.0;16.0;20.0;491.0;25.0;5.0;2.0;16.0;358.0;25.0;0.0;25.0;624.0;74.0;164.0;5;4;4;5;4;5;4;0;0;0;0;0;1;0;0;0;0;0;0;0;0;1;0;0.0;0.0;0.0;0.0;0.0;0.0;0.0;0.0;0.0;0.0;0.0;0.0;0.0;0.0;0.0;1.0;0.0;0.0;0.0;0.0;0.0;0.0;0.0;0.0;0.0;0.0;0.0;0.0;0.0;0.0;0.0;0.0;0.0;0.0;0.0;2.0;0.0;0.0;0.0;0.0;0.0;15;0;0;0;CORONEL VIVIDA;REGIÃO SUL;60;2223.0;2753.0;3440.0;3575.0;2780.0;2179.0;2952.0;2688.0;2347.0;2734.0;3222.0;2582.0
2052.0;2023-08-31;2.0;10.0;17.0;24.0;529.0;29.0;8.0;2.0;18.0;366.0;29.0;0.0;29.0;692.0;106.0;251.0;4;5;5;4;4;4;5;0;1;0;0;0;0;0;0;0;0;0;0;0;0;1;0;0.0;0.0;0.0;0.0;0.0;0.0;0.0;0.0;0.0;0.0;0.0;0.0;0.0;0.0;0.0;1.0;0.0;0.0;0.0;0.0;0.0;0.0;0.0;0.0;0.0;0.0;0.0;0.0;0.0;0.0;0.0;0.0;0.0;0.0;0.0;2.0;0.0;0.0;0.0;0.0;0.0;0;0;0;0;CORONEL VIVIDA;REGIÃO SUL;61;1838.0;2223.0;2753.0;3440.0;3575.0;2780.0;2179.0;2952.0;2688.0;2347.0;2734.0;3222.0
2220.0;2023-09-30;6.0;11.0;20.0;27.0;599.0;33.0;6.0;6.0;22.0;459.0;33.0;0.0;33.0;739.0;66.0;168.0;4;4;4;4;5;5;4;0;0;0;0;0;0;0;0;0;0;0;1;0;0;1;0;0.0;0.0;0.0;0.0;0.0;0.0;0.0;0.0;0.0;0.0;0.0;0.0;0.0;0.0;0.0;1.0;0.0;0.0;0.0;0.0;0.0;0.0;0.0;0.0;0.0;0.0;0.0;0.0;0.0;0.0;0.0;0.0;0.0;0.0;0.0;2.0;0.0;0.0;0.0;0.0;0.0;0;0;0;0;CORONEL VIVIDA;REGIÃO SUL;62;2052.0;1838.0;2223.0;2753.0;3440.0;3575.0;2780.0;2179.0;2952.0;2688.0;2347.0;2734.0
2144.0;2023-10-31;10.0;13.0;19.0;24.0;585.0;30.0;15.0;10.0;19.0;468.0;30.0;0.0;30.0;702.0;102.0;452.0;5;4;4;5;4;4;5;0;0;0;0;0;0;0;0;0;0;1;0;0;0;1;0;0.0;0.0;0.0;0.0;0.0;0.0;0.0;0.0;0.0;0.0;0.0;0.0;0.0;0.0;0.0;1.0;0.0;0.0;0.0;0.0;0.0;0.0;0.0;0.0;0.0;0.0;0.0;0.0;0.0;0.0;0.0;0.0;0.0;0.0;0.0;2.0;0.0;0.0;0.0;0.0;0.0;0;0;0;0;CORONEL VIVIDA;REGIÃO SUL;63;2220.0;2052.0;1838.0;2223.0;2753.0;3440.0;3575.0;2780.0;2179.0;2952.0;2688.0;2347.0
1713.0;2023-11-30;7.0;12.0;21.0;27.0;626.0;32.0;9.0;7.0;23.0;508.0;32.0;0.0;32.0;744.0;51.0;284.0;4;5;5;4;4;4;4;0;0;0;0;0;0;0;0;0;1;0;0;0;0;1;0;0.0;0.0;0.0;0.0;0.0;0.0;0.0;0.0;0.0;0.0;0.0;0.0;0.0;0.0;0.0;1.0;0.0;0.0;0.0;0.0;0.0;0.0;0.0;0.0;0.0;0.0;0.0;0.0;0.0;0.0;0.0;0.0;0.0;0.0;0.0;2.0;0.0;0.0;0.0;0.0;0.0;0;0;0;0;CORONEL VIVIDA;REGIÃO SUL;64;2144.0;2220.0;2052.0;1838.0;2223.0;2753.0;3440.0;3575.0;2780.0;2179.0;2952.0;2688.0
1263.0;2023-12-31;14.0;18.0;23.0;27.0;702.0;33.0;5.0;14.0;22.0;563.0;33.0;0.0;33.0;841.0;36.0;153.0;5;4;4;4;5;5;4;0;0;1;0;0;0;0;0;0;0;0;0;0;0;1;0;0.0;0.0;0.0;0.0;0.0;0.0;0.0;0.0;0.0;0.0;0.0;0.0;0.0;0.0;0.0;1.0;0.0;0.0;0.0;0.0;0.0;0.0;0.0;0.0;0.0;0.0;0.0;0.0;0.0;0.0;0.0;0.0;0.0;0.0;0.0;2.0;0.0;0.0;0.0;0.0;0.0;0;0;0;0;CORONEL VIVIDA;REGIÃO SUL;65;1713.0;2144.0;2220.0;2052.0;1838.0;2223.0;2753.0;3440.0;3575.0;2780.0;2179.0;2952.0
1273.0;2024-01-31;12.0;18.0;23.0;27.0;698.0;32.0;3.0;12.0;22.0;549.0;32.0;0.0;32.0;846.0;19.0;96.0;4;5;4;5;4;4;5;0;0;0;0;1;0;0;0;0;0;0;0;0;0;0;1;0.0;0.0;0.0;0.0;0.0;0.0;0.0;0.0;0.0;0.0;0.0;0.0;0.0;0.0;0.0;1.0;0.0;0.0;0.0;0.0;0.0;0.0;0.0;0.0;0.0;0.0;0.0;0.0;0.0;0.0;0.0;0.0;0.0;0.0;0.0;2.0;0.0;0.0;0.0;0.0;0.0;31;0;0;0;CORONEL VIVIDA;REGIÃO SUL;66;1263.0;1713.0;2144.0;2220.0;2052.0;1838.0;2223.0;2753.0;3440.0;3575.0;2780.0;2179.0
2900.0;2024-02-29;16.0;19.0;23.0;26.0;679.0;32.0;6.0;16.0;21.0;540.0;32.0;0.0;32.0;818.0;41.0;162.0;4;4;5;4;4;4;4;0;0;0;1;0;0;0;0;0;0;0;0;0;0;0;1;0.0;0.0;0.0;0.0;0.0;0.0;0.0;0.0;0.0;0.0;0.0;0.0;0.0;0.0;0.0;1.0;0.0;0.0;0.0;0.0;0.0;0.0;0.0;0.0;0.0;0.0;0.0;0.0;0.0;0.0;0.0;0.0;0.0;0.0;0.0;2.0;0.0;0.0;0.0;1.0;0.0;0;3;0;0;CORONEL VIVIDA;REGIÃO SUL;67;1273.0;1263.0;1713.0;2144.0;2220.0;2052.0;1838.0;2223.0;2753.0;3440.0;3575.0;2780.0
3575.0;2024-03-31;14.0;19.0;23.0;26.0;703.0;32.0;5.0;14.0;22.0;561.0;32.0;0.0;32.0;844.0;59.0;160.0;5;4;4;4;5;5;4;0;0;0;0;0;0;0;0;1;0;0;0;0;0;0;1;0.0;0.0;0.0;0.0;0.0;0.0;0.0;0.0;0.0;0.0;0.0;0.0;0.0;0.0;0.0;1.0;0.0;0.0;0.0;0.0;0.0;0.0;0.0;0.0;0.0;0.0;0.0;0.0;0.0;0.0;0.0;0.0;0.0;0.0;0.0;2.0;0.0;0.0;0.0;1.0;0.0;0;1;0;0;CORONEL VIVIDA;REGIÃO SUL;68;2900.0;1273.0;1263.0;1713.0;2144.0;2220.0;2052.0;1838.0;2223.0;2753.0;3440.0;3575.0
2460.0;2024-04-30;9.0;15.0;21.0;24.0;618.0;30.0;3.0;9.0;21.0;501.0;30.0;0.0;30.0;735.0;28.0;103.0;4;4;4;5;4;4;5;1;0;0;0;0;0;0;0;0;0;0;0;0;0;0;1;0.0;0.0;0.0;0.0;0.0;0.0;0.0;0.0;0.0;0.0;0.0;0.0;0.0;0.0;0.0;1.0;0.0;0.0;0.0;0.0;0.0;0.0;0.0;0.0;0.0;0.0;0.0;0.0;0.0;0.0;0.0;0.0;0.0;0.0;0.0;2.0;0.0;0.0;0.0;1.0;0.0;0;0;0;0;CORONEL VIVIDA;REGIÃO SUL;69;3575.0;2900.0;1273.0;1263.0;1713.0;2144.0;2220.0;2052.0;1838.0;2223.0;2753.0;3440.0
1922.0;2024-05-31;3.0;6.0;16.0;24.0;509.0;28.0;5.0;3.0;20.0;388.0;28.0;0.0;28.0;630.0;52.0;146.0;4;5;5;4;5;4;4;0;0;0;0;0;0;0;1;0;0;0;0;0;0;0;1;0.0;0.0;0.0;0.0;0.0;0.0;0.0;0.0;0.0;0.0;0.0;0.0;0.0;0.0;0.0;1.0;0.0;0.0;0.0;0.0;0.0;0.0;0.0;0.0;0.0;0.0;0.0;0.0;0.0;0.0;0.0;0.0;0.0;0.0;0.0;2.0;0.0;0.0;0.0;1.0;0.0;0;1;0;30;CORONEL VIVIDA;REGIÃO SUL;70;2460.0;3575.0;2900.0;1273.0;1263.0;1713.0;2144.0;2220.0;2052.0;1838.0;2223.0;2753.0
1920.0;2024-06-30;-1.0;6.0;17.0;21.0;522.0;26.0;3.0;-1.0;18.0;401.0;26.0;0.0;26.0;643.0;45.0;77.0;5;4;4;4;4;5;4;0;0;0;0;0;0;1;0;0;0;0;0;0;0;0;1;0.0;0.0;0.0;0.0;0.0;0.0;0.0;0.0;0.0;0.0;0.0;0.0;0.0;0.0;0.0;1.0;0.0;0.0;0.0;0.0;0.0;0.0;0.0;0.0;0.0;0.0;0.0;0.0;0.0;0.0;0.0;0.0;0.0;0.0;0.0;2.0;0.0;0.0;0.0;1.0;0.0;0;0;0;30;CORONEL VIVIDA;REGIÃO SUL;71;1922.0;2460.0;3575.0;2900.0;1273.0;1263.0;1713.0;2144.0;2220.0;2052.0;1838.0;2223.0
3193.0;2024-07-31;1.0;7.0;14.0;20.0;429.0;25.0;8.0;1.0;16.0;300.0;25.0;0.0;25.0;556.0;68.0;242.0;4;5;4;5;4;4;5;0;0;0;0;0;1;0;0;0;0;0;0;0;0;0;1;0.0;0.0;0.0;0.0;0.0;0.0;0.0;0.0;0.0;0.0;0.0;0.0;0.0;0.0;0.0;1.0;0.0;0.0;0.0;0.0;0.0;0.0;0.0;0.0;0.0;0.0;0.0;0.0;0.0;0.0;0.0;0.0;0.0;0.0;0.0;2.0;0.0;0.0;0.0;1.0;0.0;12;0;0;0;CORONEL VIVIDA;REGIÃO SUL;72;1920.0;1922.0;2460.0;3575.0;2900.0;1273.0;1263.0;1713.0;2144.0;2220.0;2052.0;1838.0
3069.0;2024-08-31;-1.0;6.0;16.0;24.0;507.0;30.0;1.0;-1.0;19.0;340.0;30.0;0.0;30.0;674.0;18.0;29.0;4;4;5;4;5;5;4;0;1;0;0;0;0;0;0;0;0;0;0;0;0;0;1;0.0;0.0;0.0;0.0;0.0;0.0;0.0;0.0;0.0;0.0;0.0;0.0;0.0;0.0;0.0;1.0;0.0;0.0;0.0;0.0;0.0;0.0;0.0;0.0;0.0;0.0;0.0;0.0;0.0;0.0;0.0;0.0;0.0;0.0;0.0;2.0;0.0;0.0;0.0;1.0;0.0;0;0;0;0;CORONEL VIVIDA;REGIÃO SUL;73;3193.0;1920.0;1922.0;2460.0;3575.0;2900.0;1273.0;1263.0;1713.0;2144.0;2220.0;2052.0
3575.0;2024-09-30;7.0;13.0;20.0;27.0;614.0;32.0;2.0;7.0;22.0;454.0;32.0;0.0;32.0;773.0;19.0;56.0;5;4;4;5;4;4;4;0;0;0;0;0;0;0;0;0;0;0;1;0;0;0;1;0.0;0.0;0.0;0.0;0.0;0.0;0.0;0.0;0.0;0.0;0.0;0.0;0.0;0.0;0.0;1.0;0.0;0.0;0.0;0.0;0.0;0.0;0.0;0.0;0.0;0.0;0.0;0.0;0.0;0.0;0.0;0.0;0.0;0.0;0.0;2.0;0.0;0.0;0.0;1.0;0.0;0;0;0;0;CORONEL VIVIDA;REGIÃO SUL;74;3069.0;3193.0;1920.0;1922.0;2460.0;3575.0;2900.0;1273.0;1263.0;1713.0;2144.0;2220.0
3575.0;2024-10-31;10.0;16.0;20.0;26.0;630.0;32.0;4.0;10.0;22.0;477.0;32.0;0.0;32.0;782.0;52.0;113.0;4;5;5;4;4;4;5;0;0;0;0;0;0;0;0;0;0;1;0;0;0;0;1;0.0;0.0;0.0;0.0;0.0;0.0;0.0;0.0;0.0;0.0;0.0;0.0;0.0;0.0;0.0;1.0;0.0;0.0;0.0;0.0;0.0;0.0;0.0;0.0;0.0;0.0;0.0;0.0;0.0;0.0;0.0;0.0;0.0;0.0;0.0;2.0;0.0;0.0;0.0;1.0;0.0;0;0;0;0;CORONEL VIVIDA;REGIÃO SUL;75;3575.0;3069.0;3193.0;1920.0;1922.0;2460.0;3575.0;2900.0;1273.0;1263.0;1713.0;2144.0
35690.0;2019-08-31;6.0;9.0;16.0;23.0;493.0;30.0;2.0;6.0;17.0;326.0;30.0;0.0;30.0;660.0;20.0;49.0;4;4;5;4;5;5;4;0;1;0;0;0;0;0;0;0;0;0;0;0;0;0;0;0.0;0.0;0.0;0.0;1.0;0.0;0.0;0.0;0.0;0.0;0.0;0.0;0.0;0.0;0.0;0.0;1.0;0.0;0.0;0.0;0.0;0.0;0.0;0.0;0.0;0.0;0.0;0.0;0.0;0.0;0.0;0.0;0.0;0.0;0.0;9.0;14.0;0.0;1.0;5.0;6.0;0;0;0;0;CURITIBA;REGIÃO LESTE;1;25008.0;29093.0;40279.0;30620.0;42046.0;35540.0;33000.0;33448.0;40086.0;39871.0;38120.0;32223.0
42020.0;2019-09-30;8.0;10.0;18.0;26.0;535.0;34.0;4.0;8.0;18.0;385.0;34.0;0.0;34.0;685.0;32.0;125.0;5;4;4;5;4;4;4;0;0;0;0;0;0;0;0;0;0;0;1;0;0;0;0;0.0;0.0;0.0;0.0;1.0;0.0;0.0;0.0;0.0;0.0;0.0;0.0;0.0;0.0;0.0;0.0;1.0;0.0;0.0;0.0;0.0;0.0;0.0;0.0;0.0;0.0;0.0;0.0;0.0;0.0;0.0;0.0;0.0;0.0;0.0;9.0;14.0;0.0;1.0;5.0;6.0;0;0;0;0;CURITIBA;REGIÃO LESTE;2;35690.0;25008.0;29093.0;40279.0;30620.0;42046.0;35540.0;33000.0;33448.0;40086.0;39871.0;38120.0
39730.0;2019-10-31;11.0;14.0;21.0;26.0;646.0;34.0;3.0;11.0;19.0;470.0;34.0;0.0;34.0;821.0;26.0;85.0;4;5;5;4;4;4;5;0;0;0;0;0;0;0;0;0;0;1;0;0;0;0;0;0.0;0.0;0.0;0.0;1.0;0.0;0.0;0.0;0.0;0.0;0.0;0.0;0.0;0.0;0.0;0.0;1.0;0.0;0.0;0.0;0.0;0.0;0.0;0.0;0.0;0.0;0.0;0.0;0.0;0.0;0.0;0.0;0.0;0.0;0.0;9.0;14.0;0.0;1.0;5.0;6.0;0;0;0;0;CURITIBA;REGIÃO LESTE;3;42020.0;35690.0;25008.0;29093.0;40279.0;30620.0;42046.0;35540.0;33000.0;33448.0;40086.0;39871.0
38977.0;2019-11-30;12.0;15.0;20.0;25.0;612.0;32.0;3.0;12.0;19.0;462.0;32.0;0.0;32.0;762.0;33.0;99.0;4;4;4;4;5;5;4;0;0;0;0;0;0;0;0;0;1;0;0;0;0;0;0;0.0;0.0;0.0;0.0;1.0;0.0;0.0;0.0;0.0;0.0;0.0;0.0;0.0;0.0;0.0;0.0;1.0;0.0;0.0;0.0;0.0;0.0;0.0;0.0;0.0;0.0;0.0;0.0;0.0;0.0;0.0;0.0;0.0;0.0;0.0;9.0;14.0;0.0;1.0;5.0;6.0;0;0;0;0;CURITIBA;REGIÃO LESTE;4;39730.0;42020.0;35690.0;25008.0;29093.0;40279.0;30620.0;42046.0;35540.0;33000.0;33448.0;40086.0
23530.0;2019-12-31;13.0;17.0;22.0;26.0;667.0;33.0;2.0;13.0;19.0;512.0;33.0;0.0;33.0;822.0;21.0;64.0;5;4;4;5;4;4;5;0;0;1;0;0;0;0;0;0;0;0;0;0;0;0;0;0.0;0.0;0.0;0.0;1.0;0.0;0.0;0.0;0.0;0.0;0.0;0.0;0.0;0.0;0.0;0.0;1.0;0.0;0.0;0.0;0.0;0.0;0.0;0.0;0.0;0.0;0.0;0.0;0.0;0.0;0.0;0.0;0.0;0.0;0.0;9.0;14.0;0.0;1.0;5.0;6.0;0;0;0;0;CURITIBA;REGIÃO LESTE;5;38977.0;39730.0;42020.0;35690.0;25008.0;29093.0;40279.0;30620.0;42046.0;35540.0;33000.0;33448.0
29065.0;2020-01-31;14.0;17.0;23.0;26.0;704.0;32.0;7.0;14.0;21.0;555.0;32.0;0.0;32.0;852.0;59.0;208.0;4;5;5;4;5;4;4;0;0;0;0;1;0;0;0;0;0;0;0;0;0;0;0;0.0;0.0;0.0;0.0;0.0;1.0;0.0;0.0;0.0;0.0;0.0;0.0;0.0;0.0;0.0;0.0;1.0;0.0;0.0;0.0;0.0;0.0;0.0;0.0;0.0;0.0;0.0;0.0;0.0;0.0;0.0;0.0;0.0;0.0;0.0;9.0;14.0;0.0;1.0;5.0;6.0;31;0;0;0;CURITIBA;REGIÃO LESTE;6;23530.0;38977.0;39730.0;42020.0;35690.0;25008.0;29093.0;40279.0;30620.0;42046.0;35540.0;33000.0
36146.0;2020-02-29;11.0;17.0;21.0;27.0;622.0;32.0;3.0;11.0;21.0;495.0;32.0;0.0;32.0;749.0;19.0;101.0;4;4;4;4;4;5;4;0;0;0;1;0;0;0;0;0;0;0;0;0;0;0;0;0.0;0.0;0.0;0.0;0.0;1.0;0.0;0.0;0.0;0.0;0.0;0.0;0.0;0.0;0.0;0.0;1.0;0.0;0.0;0.0;0.0;0.0;0.0;0.0;0.0;0.0;0.0;0.0;0.0;0.0;0.0;0.0;0.0;0.0;0.0;9.0;14.0;0.0;1.0;5.0;6.0;0;3;0;0;CURITIBA;REGIÃO LESTE;7;29065.0;23530.0;38977.0;39730.0;42020.0;35690.0;25008.0;29093.0;40279.0;30620.0;42046.0;35540.0
27018.0;2020-03-31;12.0;18.0;21.0;25.0;658.0;32.0;0.0;12.0;19.0;480.0;32.0;0.0;32.0;836.0;5.0;14.0;5;4;4;5;4;4;5;0;0;0;0;0;0;0;0;1;0;0;0;0;0;0;0;0.0;0.0;0.0;0.0;0.0;1.0;0.0;0.0;0.0;0.0;0.0;0.0;0.0;0.0;0.0;0.0;1.0;0.0;0.0;0.0;0.0;0.0;0.0;0.0;0.0;0.0;0.0;0.0;0.0;0.0;0.0;0.0;0.0;0.0;0.0;9.0;14.0;0.0;1.0;5.0;6.0;0;0;15;0;CURITIBA;REGIÃO LESTE;8;36146.0;29065.0;23530.0;38977.0;39730.0;42020.0;35690.0;25008.0;29093.0;40279.0;30620.0;42046.0
17128.0;2020-04-30;8.0;15.0;19.0;24.0;573.0;31.0;1.0;8.0;18.0;395.0;31.0;0.0;31.0;751.0;14.0;21.0;4;5;5;4;4;4;4;1;0;0;0;0;0;0;0;0;0;0;0;0;0;0;0;0.0;0.0;0.0;0.0;0.0;1.0;0.0;0.0;0.0;0.0;0.0;0.0;0.0;0.0;0.0;0.0;1.0;0.0;0.0;0.0;0.0;0.0;0.0;0.0;0.0;0.0;0.0;0.0;0.0;0.0;0.0;0.0;0.0;0.0;0.0;9.0;14.0;0.0;1.0;5.0;6.0;0;1;30;0;CURITIBA;REGIÃO LESTE;9;27018.0;36146.0;29065.0;23530.0;38977.0;39730.0;42020.0;35690.0;25008.0;29093.0;40279.0;30620.0
18312.0;2020-05-31;6.0;13.0;16.0;21.0;509.0;26.0;1.0;6.0;17.0;327.0;26.0;0.0;26.0;692.0;12.0;25.0;5;4;4;4;5;5;4;0;0;0;0;0;0;0;1;0;0;0;0;0;0;0;0;0.0;0.0;0.0;0.0;0.0;1.0;0.0;0.0;0.0;0.0;0.0;0.0;0.0;0.0;0.0;0.0;1.0;0.0;0.0;0.0;0.0;0.0;0.0;0.0;0.0;0.0;0.0;0.0;0.0;0.0;0.0;0.0;0.0;0.0;0.0;9.0;14.0;0.0;1.0;5.0;6.0;0;0;31;0;CURITIBA;REGIÃO LESTE;10;17128.0;27018.0;36146.0;29065.0;23530.0;38977.0;39730.0;42020.0;35690.0;25008.0;29093.0;40279.0
15966.0;2020-06-30;8.0;10.0;17.0;22.0;498.0;27.0;5.0;8.0;19.0;360.0;27.0;0.0;27.0;636.0;65.0;143.0;4;4;4;5;4;4;5;0;0;0;0;0;0;1;0;0;0;0;0;0;0;0;0;0.0;0.0;0.0;0.0;0.0;1.0;0.0;0.0;0.0;0.0;0.0;0.0;0.0;0.0;0.0;0.0;1.0;0.0;0.0;0.0;0.0;0.0;0.0;0.0;0.0;0.0;0.0;0.0;0.0;0.0;0.0;0.0;0.0;0.0;0.0;9.0;14.0;0.0;1.0;5.0;6.0;0;1;30;0;CURITIBA;REGIÃO LESTE;11;18312.0;17128.0;27018.0;36146.0;29065.0;23530.0;38977.0;39730.0;42020.0;35690.0;25008.0;29093.0
17910.0;2020-07-31;6.0;10.0;16.0;20.0;498.0;27.0;1.0;6.0;15.0;334.0;27.0;0.0;27.0;662.0;17.0;28.0;4;5;5;4;5;4;4;0;0;0;0;0;1;0;0;0;0;0;0;0;0;0;0;0.0;0.0;0.0;0.0;0.0;1.0;0.0;0.0;0.0;0.0;0.0;0.0;0.0;0.0;0.0;0.0;1.0;0.0;0.0;0.0;0.0;0.0;0.0;0.0;0.0;0.0;0.0;0.0;0.0;0.0;0.0;0.0;0.0;0.0;0.0;9.0;14.0;0.0;1.0;5.0;6.0;0;0;31;0;CURITIBA;REGIÃO LESTE;12;15966.0;18312.0;17128.0;27018.0;36146.0;29065.0;23530.0;38977.0;39730.0;42020.0;35690.0;25008.0
15868.0;2020-08-31;6.0;8.0;16.0;22.0;503.0;31.0;4.0;6.0;14.0;330.0;31.0;0.0;31.0;675.0;31.0;132.0;5;4;4;5;4;5;4;0;1;0;0;0;0;0;0;0;0;0;0;0;0;0;0;0.0;0.0;0.0;0.0;0.0;1.0;0.0;0.0;0.0;0.0;0.0;0.0;0.0;0.0;0.0;0.0;1.0;0.0;0.0;0.0;0.0;0.0;0.0;0.0;0.0;0.0;0.0;0.0;0.0;0.0;0.0;0.0;0.0;0.0;0.0;9.0;14.0;0.0;1.0;5.0;6.0;0;0;31;0;CURITIBA;REGIÃO LESTE;13;17910.0;15966.0;18312.0;17128.0;27018.0;36146.0;29065.0;23530.0;38977.0;39730.0;42020.0;35690.0
23085.0;2020-09-30;9.0;12.0;20.0;25.0;594.0;34.0;2.0;9.0;18.0;412.0;34.0;0.0;34.0;775.0;34.0;45.0;4;5;4;4;4;4;5;0;0;0;0;0;0;0;0;0;0;0;1;0;0;0;0;0.0;0.0;0.0;0.0;0.0;1.0;0.0;0.0;0.0;0.0;0.0;0.0;0.0;0.0;0.0;0.0;1.0;0.0;0.0;0.0;0.0;0.0;0.0;0.0;0.0;0.0;0.0;0.0;0.0;0.0;0.0;0.0;0.0;0.0;0.0;9.0;14.0;0.0;1.0;5.0;6.0;0;0;30;0;CURITIBA;REGIÃO LESTE;14;15868.0;17910.0;15966.0;18312.0;17128.0;27018.0;36146.0;29065.0;23530.0;38977.0;39730.0;42020.0
25218.0;2020-10-31;11.0;13.0;20.0;27.0;624.0;36.0;4.0;11.0;19.0;452.0;36.0;0.0;36.0;796.0;37.0;118.0;4;4;5;4;5;5;4;0;0;0;0;0;0;0;0;0;0;1;0;0;0;0;0;0.0;0.0;0.0;0.0;0.0;1.0;0.0;0.0;0.0;0.0;0.0;0.0;0.0;0.0;0.0;0.0;1.0;0.0;0.0;0.0;0.0;0.0;0.0;0.0;0.0;0.0;0.0;0.0;0.0;0.0;0.0;0.0;0.0;0.0;0.0;9.0;14.0;0.0;1.0;5.0;6.0;0;0;31;0;CURITIBA;REGIÃO LESTE;15;23085.0;15868.0;17910.0;15966.0;18312.0;17128.0;27018.0;36146.0;29065.0;23530.0;38977.0;39730.0
10206.0;2020-11-30;8.0;14.0;20.0;25.0;595.0;32.0;7.0;8.0;18.0;431.0;32.0;0.0;32.0;759.0;87.0;210.0;5;4;4;5;4;4;4;0;0;0;0;0;0;0;0;0;1;0;0;0;0;0;0;0.0;0.0;0.0;0.0;0.0;1.0;0.0;0.0;0.0;0.0;0.0;0.0;0.0;0.0;0.0;0.0;1.0;0.0;0.0;0.0;0.0;0.0;0.0;0.0;0.0;0.0;0.0;0.0;0.0;0.0;0.0;0.0;0.0;0.0;0.0;9.0;14.0;0.0;1.0;5.0;6.0;0;0;30;0;CURITIBA;REGIÃO LESTE;16;25218.0;23085.0;15868.0;17910.0;15966.0;18312.0;17128.0;27018.0;36146.0;29065.0;23530.0;38977.0
11811.0;2020-12-31;14.0;16.0;22.0;25.0;680.0;32.0;5.0;14.0;19.0;528.0;32.0;0.0;32.0;831.0;26.0;159.0;4;5;5;4;4;4;5;0;0;1;0;0;0;0;0;0;0;0;0;0;0;0;0;0.0;0.0;0.0;0.0;0.0;1.0;0.0;0.0;0.0;0.0;0.0;0.0;0.0;0.0;0.0;0.0;1.0;0.0;0.0;0.0;0.0;0.0;0.0;0.0;0.0;0.0;0.0;0.0;0.0;0.0;0.0;0.0;0.0;0.0;0.0;9.0;14.0;0.0;1.0;5.0;6.0;0;0;31;0;CURITIBA;REGIÃO LESTE;17;10206.0;25218.0;23085.0;15868.0;17910.0;15966.0;18312.0;17128.0;27018.0;36146.0;29065.0;23530.0
19791.0;2021-01-31;14.0;19.0;22.0;26.0;694.0;32.0;7.0;14.0;21.0;570.0;32.0;0.0;32.0;819.0;82.0;215.0;5;4;4;4;5;5;4;0;0;0;0;1;0;0;0;0;0;0;0;1;0;0;0;0.0;0.0;0.0;0.0;0.0;0.0;0.0;0.0;0.0;0.0;0.0;0.0;0.0;0.0;0.0;0.0;1.0;0.0;0.0;0.0;0.0;0.0;0.0;0.0;0.0;0.0;0.0;0.0;0.0;0.0;0.0;0.0;0.0;0.0;0.0;8.0;13.0;0.0;1.0;5.0;6.0;0;0;31;0;CURITIBA;REGIÃO LESTE;18;11811.0;10206.0;25218.0;23085.0;15868.0;17910.0;15966.0;18312.0;17128.0;27018.0;36146.0;29065.0
25964.0;2021-02-28;14.0;18.0;22.0;26.0;619.0;32.0;3.0;14.0;21.0;475.0;32.0;0.0;32.0;763.0;24.0;89.0;4;4;4;4;4;4;4;0;0;0;1;0;0;0;0;0;0;0;0;1;0;0;0;0.0;0.0;0.0;0.0;0.0;0.0;0.0;0.0;0.0;0.0;0.0;0.0;0.0;0.0;0.0;0.0;1.0;0.0;0.0;0.0;0.0;0.0;0.0;0.0;0.0;0.0;0.0;0.0;0.0;0.0;0.0;0.0;0.0;0.0;0.0;8.0;13.0;0.0;1.0;5.0;7.0;0;3;28;0;CURITIBA;REGIÃO LESTE;19;19791.0;11811.0;10206.0;25218.0;23085.0;15868.0;17910.0;15966.0;18312.0;17128.0;27018.0;36146.0
17258.0;2021-03-31;12.0;18.0;23.0;25.0;698.0;31.0;4.0;12.0;20.0;548.0;31.0;0.0;31.0;848.0;60.0;123.0;4;5;4;5;4;4;5;0;0;0;0;0;0;0;0;1;0;0;0;1;0;0;0;0.0;0.0;0.0;0.0;0.0;0.0;0.0;0.0;0.0;0.0;0.0;0.0;0.0;0.0;0.0;0.0;1.0;0.0;0.0;0.0;0.0;0.0;0.0;0.0;0.0;0.0;0.0;0.0;0.0;0.0;0.0;0.0;0.0;0.0;0.0;8.0;13.0;0.0;1.0;5.0;7.0;0;0;31;0;CURITIBA;REGIÃO LESTE;20;25964.0;19791.0;11811.0;10206.0;25218.0;23085.0;15868.0;17910.0;15966.0;18312.0;17128.0;27018.0
23403.0;2021-04-30;10.0;16.0;19.0;22.0;561.0;29.0;0.0;10.0;17.0;422.0;29.0;0.0;29.0;700.0;8.0;12.0;4;4;5;4;5;4;4;1;0;0;0;0;0;0;0;0;0;0;0;1;0;0;0;0.0;0.0;0.0;0.0;0.0;0.0;0.0;0.0;0.0;0.0;0.0;0.0;0.0;0.0;0.0;0.0;1.0;0.0;0.0;0.0;0.0;0.0;0.0;0.0;0.0;0.0;0.0;0.0;0.0;0.0;0.0;0.0;0.0;0.0;0.0;8.0;13.0;0.0;1.0;5.0;7.0;0;1;30;0;CURITIBA;REGIÃO LESTE;21;17258.0;25964.0;19791.0;11811.0;10206.0;25218.0;23085.0;15868.0;17910.0;15966.0;18312.0;17128.0
19753.0;2021-05-31;8.0;12.0;17.0;21.0;517.0;28.0;4.0;8.0;16.0;352.0;28.0;0.0;28.0;683.0;59.0;123.0;5;4;4;5;4;5;4;0;0;0;0;0;0;0;1;0;0;0;0;1;0;0;0;0.0;0.0;0.0;0.0;0.0;0.0;0.0;0.0;0.0;0.0;0.0;0.0;0.0;0.0;0.0;0.0;1.0;0.0;0.0;0.0;0.0;0.0;0.0;0.0;0.0;0.0;0.0;0.0;0.0;0.0;0.0;0.0;0.0;0.0;0.0;8.0;13.0;0.0;1.0;5.0;7.0;0;0;31;0;CURITIBA;REGIÃO LESTE;22;23403.0;17258.0;25964.0;19791.0;11811.0;10206.0;25218.0;23085.0;15868.0;17910.0;15966.0;18312.0
20830.0;2021-06-30;6.0;9.0;15.0;20.0;452.0;26.0;3.0;6.0;15.0;326.0;26.0;0.0;26.0;578.0;46.0;89.0;4;5;4;4;4;4;5;0;0;0;0;0;0;1;0;0;0;0;0;1;0;0;0;0.0;0.0;0.0;0.0;0.0;0.0;0.0;0.0;0.0;0.0;0.0;0.0;0.0;0.0;0.0;0.0;1.0;0.0;0.0;0.0;0.0;0.0;0.0;0.0;0.0;0.0;0.0;0.0;0.0;0.0;0.0;0.0;0.0;0.0;0.0;8.0;13.0;0.0;1.0;5.0;7.0;0;1;30;0;CURITIBA;REGIÃO LESTE;23;19753.0;23403.0;17258.0;25964.0;19791.0;11811.0;10206.0;25218.0;23085.0;15868.0;17910.0;15966.0
19659.0;2021-07-31;-14.0;-3.0;12.0;18.0;361.0;26.0;1.0;-14.0;12.0;168.0;26.0;0.0;26.0;554.0;12.0;18.0;4;4;5;4;5;5;4;0;0;0;0;0;1;0;0;0;0;0;0;1;0;0;0;0.0;0.0;0.0;0.0;0.0;0.0;0.0;0.0;0.0;0.0;0.0;0.0;0.0;0.0;0.0;0.0;1.0;0.0;0.0;0.0;0.0;0.0;0.0;0.0;0.0;0.0;0.0;0.0;0.0;0.0;0.0;0.0;0.0;0.0;0.0;8.0;13.0;0.0;1.0;5.0;7.0;0;0;31;0;CURITIBA;REGIÃO LESTE;24;20830.0;19753.0;23403.0;17258.0;25964.0;19791.0;11811.0;10206.0;25218.0;23085.0;15868.0;17910.0
18782.0;2021-08-31;8.0;9.0;17.0;24.0;518.0;30.0;3.0;8.0;18.0;354.0;30.0;0.0;30.0;681.0;34.0;89.0;5;4;4;5;4;4;5;0;1;0;0;0;0;0;0;0;0;0;0;1;0;0;0;0.0;0.0;0.0;0.0;0.0;0.0;0.0;0.0;0.0;0.0;0.0;0.0;0.0;0.0;0.0;0.0;1.0;0.0;0.0;0.0;0.0;0.0;0.0;0.0;0.0;0.0;0.0;0.0;0.0;0.0;0.0;0.0;0.0;0.0;0.0;8.0;14.0;0.0;1.0;5.0;7.0;0;0;31;0;CURITIBA;REGIÃO LESTE;25;19659.0;20830.0;19753.0;23403.0;17258.0;25964.0;19791.0;11811.0;10206.0;25218.0;23085.0;15868.0
19281.0;2021-09-30;9.0;12.0;19.0;24.0;574.0;31.0;2.0;9.0;18.0;399.0;31.0;0.0;31.0;748.0;16.0;58.0;4;5;5;4;4;4;4;0;0;0;0;0;0;0;0;0;0;0;1;1;0;0;0;0.0;0.0;0.0;0.0;0.0;0.0;0.0;0.0;0.0;0.0;0.0;0.0;0.0;0.0;0.0;0.0;1.0;0.0;0.0;0.0;0.0;0.0;0.0;0.0;0.0;0.0;0.0;0.0;0.0;0.0;0.0;0.0;0.0;0.0;0.0;8.0;14.0;0.0;1.0;5.0;7.0;0;0;30;0;CURITIBA;REGIÃO LESTE;26;18782.0;19659.0;20830.0;19753.0;23403.0;17258.0;25964.0;19791.0;11811.0;10206.0;25218.0;23085.0
11744.0;2021-10-31;10.0;13.0;17.0;21.0;528.0;27.0;6.0;10.0;16.0;412.0;27.0;0.0;27.0;643.0;26.0;172.0;5;4;4;4;5;5;4;0;0;0;0;0;0;0;0;0;0;1;0;1;0;0;0;0.0;0.0;0.0;0.0;0.0;0.0;0.0;0.0;0.0;0.0;0.0;0.0;0.0;0.0;0.0;0.0;1.0;0.0;0.0;0.0;0.0;0.0;0.0;0.0;0.0;0.0;0.0;0.0;0.0;0.0;0.0;0.0;0.0;0.0;0.0;8.0;14.0;0.0;1.0;5.0;7.0;0;0;0;0;CURITIBA;REGIÃO LESTE;27;19281.0;18782.0;19659.0;20830.0;19753.0;23403.0;17258.0;25964.0;19791.0;11811.0;10206.0;25218.0
9969.0;2021-11-30;11.0;16.0;20.0;25.0;611.0;32.0;2.0;11.0;19.0;452.0;32.0;0.0;32.0;770.0;22.0;51.0;4;4;4;5;4;4;5;0;0;0;0;0;0;0;0;0;1;0;0;1;0;0;0;0.0;0.0;0.0;0.0;0.0;0.0;0.0;0.0;0.0;0.0;0.0;0.0;0.0;0.0;0.0;0.0;1.0;0.0;0.0;0.0;0.0;0.0;0.0;0.0;0.0;0.0;0.0;0.0;0.0;0.0;0.0;0.0;0.0;0.0;0.0;8.0;14.0;0.0;1.0;5.0;7.0;0;0;0;0;CURITIBA;REGIÃO LESTE;28;11744.0;19281.0;18782.0;19659.0;20830.0;19753.0;23403.0;17258.0;25964.0;19791.0;11811.0;10206.0
9841.0;2021-12-31;12.0;17.0;22.0;26.0;670.0;33.0;5.0;12.0;20.0;497.0;33.0;0.0;33.0;842.0;47.0;151.0;4;5;5;4;5;4;4;0;0;1;0;0;0;0;0;0;0;0;0;1;0;0;0;0.0;0.0;0.0;0.0;0.0;0.0;0.0;0.0;0.0;0.0;0.0;0.0;0.0;0.0;0.0;0.0;1.0;0.0;0.0;0.0;0.0;0.0;0.0;0.0;0.0;0.0;0.0;0.0;0.0;0.0;0.0;0.0;0.0;0.0;0.0;8.0;14.0;0.0;1.0;5.0;7.0;0;0;0;0;CURITIBA;REGIÃO LESTE;29;9969.0;11744.0;19281.0;18782.0;19659.0;20830.0;19753.0;23403.0;17258.0;25964.0;19791.0;11811.0
7427.0;2022-01-31;14.0;17.0;23.0;27.0;704.0;33.0;7.0;14.0;21.0;552.0;33.0;0.0;33.0;857.0;47.0;211.0;5;4;4;5;4;5;4;0;0;0;0;1;0;0;0;0;0;0;0;0;1;0;0;0.0;0.0;0.0;0.0;0.0;0.0;0.0;0.0;0.0;0.0;0.0;0.0;0.0;0.0;0.0;0.0;1.0;0.0;0.0;0.0;0.0;0.0;0.0;0.0;0.0;0.0;0.0;0.0;0.0;0.0;0.0;0.0;0.0;0.0;0.0;8.0;14.0;0.0;1.0;5.0;7.0;31;0;0;0;CURITIBA;REGIÃO LESTE;30;9841.0;9969.0;11744.0;19281.0;18782.0;19659.0;20830.0;19753.0;23403.0;17258.0;25964.0;19791.0
11256.0;2022-02-28;13.0;19.0;23.0;26.0;650.0;32.0;4.0;13.0;20.0;496.0;32.0;0.0;32.0;804.0;27.0;112.0;4;4;4;4;4;4;4;0;0;0;1;0;0;0;0;0;0;0;0;0;1;0;0;0.0;0.0;0.0;0.0;0.0;0.0;0.0;0.0;0.0;0.0;0.0;0.0;0.0;0.0;0.0;0.0;1.0;0.0;0.0;0.0;0.0;0.0;0.0;0.0;0.0;0.0;0.0;0.0;0.0;0.0;0.0;0.0;0.0;0.0;0.0;8.0;14.0;0.0;1.0;5.0;7.0;0;1;0;0;CURITIBA;REGIÃO LESTE;31;7427.0;9841.0;9969.0;11744.0;19281.0;18782.0;19659.0;20830.0;19753.0;23403.0;17258.0;25964.0
14646.0;2022-03-31;12.0;15.0;22.0;26.0;685.0;32.0;7.0;12.0;20.0;547.0;32.0;0.0;32.0;823.0;103.0;229.0;4;5;5;4;4;4;5;0;0;0;0;0;0;0;0;1;0;0;0;0;1;0;0;0.0;0.0;0.0;0.0;0.0;0.0;0.0;0.0;0.0;0.0;0.0;0.0;0.0;0.0;0.0;0.0;1.0;0.0;0.0;0.0;0.0;0.0;0.0;0.0;0.0;0.0;0.0;0.0;0.0;0.0;0.0;0.0;0.0;0.0;0.0;8.0;14.0;0.0;1.0;5.0;7.0;0;1;0;0;CURITIBA;REGIÃO LESTE;32;11256.0;7427.0;9841.0;9969.0;11744.0;19281.0;18782.0;19659.0;20830.0;19753.0;23403.0;17258.0
14836.0;2022-04-30;8.0;13.0;19.0;23.0;567.0;29.0;3.0;8.0;18.0;430.0;29.0;0.0;29.0;704.0;37.0;104.0;4;4;4;4;5;5;4;1;0;0;0;0;0;0;0;0;0;0;0;0;1;0;0;0.0;0.0;0.0;0.0;0.0;0.0;0.0;0.0;0.0;0.0;0.0;0.0;0.0;0.0;0.0;0.0;1.0;0.0;0.0;0.0;0.0;0.0;0.0;0.0;0.0;0.0;0.0;0.0;0.0;0.0;0.0;0.0;0.0;0.0;0.0;8.0;14.0;0.0;1.0;5.0;7.0;0;1;0;0;CURITIBA;REGIÃO LESTE;33;14646.0;11256.0;7427.0;9841.0;9969.0;11744.0;19281.0;18782.0;19659.0;20830.0;19753.0;23403.0
17630.0;2022-05-31;7.0;10.0;16.0;21.0;499.0;26.0;5.0;7.0;17.0;357.0;26.0;0.0;26.0;641.0;58.0;142.0;5;4;4;5;4;4;5;0;0;0;0;0;0;0;1;0;0;0;0;0;1;0;0;0.0;0.0;0.0;0.0;0.0;0.0;0.0;0.0;0.0;0.0;0.0;0.0;0.0;0.0;0.0;0.0;1.0;0.0;0.0;0.0;0.0;0.0;0.0;0.0;0.0;0.0;0.0;0.0;0.0;0.0;0.0;0.0;0.0;0.0;0.0;8.0;14.0;0.0;1.0;5.0;7.0;0;0;0;0;CURITIBA;REGIÃO LESTE;34;14836.0;14646.0;11256.0;7427.0;9841.0;9969.0;11744.0;19281.0;18782.0;19659.0;20830.0;19753.0
15768.0;2022-06-30;7.0;10.0;15.0;22.0;452.0;26.0;4.0;7.0;17.0;332.0;26.0;0.0;26.0;572.0;56.0;135.0;4;5;5;4;4;4;4;0;0;0;0;0;0;1;0;0;0;0;0;0;1;0;0;0.0;0.0;0.0;0.0;0.0;0.0;0.0;0.0;0.0;0.0;0.0;0.0;0.0;0.0;0.0;0.0;1.0;0.0;0.0;0.0;0.0;0.0;0.0;0.0;0.0;0.0;0.0;0.0;0.0;0.0;0.0;0.0;0.0;0.0;0.0;8.0;14.0;0.0;1.0;5.0;7.0;0;1;0;0;CURITIBA;REGIÃO LESTE;35;17630.0;14836.0;14646.0;11256.0;7427.0;9841.0;9969.0;11744.0;19281.0;18782.0;19659.0;20830.0
13780.0;2022-07-31;7.0;12.0;17.0;20.0;534.0;27.0;1.0;7.0;14.0;346.0;27.0;0.0;27.0;722.0;13.0;30.0;5;4;4;4;5;5;4;0;0;0;0;0;1;0;0;0;0;0;0;0;1;0;0;0.0;0.0;0.0;0.0;0.0;0.0;0.0;0.0;0.0;0.0;0.0;0.0;0.0;0.0;0.0;0.0;1.0;0.0;0.0;0.0;0.0;0.0;0.0;0.0;0.0;0.0;0.0;0.0;0.0;0.0;0.0;0.0;0.0;0.0;0.0;8.0;14.0;0.0;1.0;5.0;7.0;0;0;0;0;CURITIBA;REGIÃO LESTE;36;15768.0;17630.0;14836.0;14646.0;11256.0;7427.0;9841.0;9969.0;11744.0;19281.0;18782.0;19659.0
22258.0;2022-08-31;7.0;10.0;15.0;19.0;467.0;27.0;4.0;7.0;14.0;330.0;27.0;0.0;27.0;604.0;52.0;131.0;4;5;4;5;4;4;5;0;1;0;0;0;0;0;0;0;0;0;0;0;1;0;0;0.0;0.0;0.0;0.0;0.0;0.0;0.0;0.0;0.0;0.0;0.0;0.0;0.0;0.0;0.0;0.0;1.0;0.0;0.0;0.0;0.0;0.0;0.0;0.0;0.0;0.0;0.0;0.0;0.0;0.0;0.0;0.0;0.0;0.0;0.0;8.0;14.0;0.0;1.0;5.0;7.0;0;0;0;0;CURITIBA;REGIÃO LESTE;37;13780.0;15768.0;17630.0;14836.0;14646.0;11256.0;7427.0;9841.0;9969.0;11744.0;19281.0;18782.0
17817.0;2022-09-30;7.0;10.0;15.0;23.0;439.0;30.0;6.0;7.0;17.0;322.0;30.0;0.0;30.0;555.0;36.0;169.0;4;4;5;4;5;4;4;0;0;0;0;0;0;0;0;0;0;0;1;0;1;0;0;0.0;0.0;0.0;0.0;0.0;0.0;0.0;0.0;0.0;0.0;0.0;0.0;0.0;0.0;0.0;0.0;1.0;0.0;0.0;0.0;0.0;0.0;0.0;0.0;0.0;0.0;0.0;0.0;0.0;0.0;0.0;0.0;0.0;0.0;0.0;8.0;14.0;0.0;1.0;5.0;7.0;0;0;0;0;CURITIBA;REGIÃO LESTE;38;22258.0;13780.0;15768.0;17630.0;14836.0;14646.0;11256.0;7427.0;9841.0;9969.0;11744.0;19281.0
17236.0;2022-10-31;9.0;14.0;19.0;23.0;582.0;30.0;5.0;9.0;17.0;435.0;30.0;0.0;30.0;728.0;23.0;147.0;5;4;4;5;4;5;4;0;0;0;0;0;0;0;0;0;0;1;0;0;1;0;0;0.0;0.0;0.0;0.0;0.0;0.0;0.0;0.0;0.0;0.0;0.0;0.0;0.0;0.0;0.0;0.0;1.0;0.0;0.0;0.0;0.0;0.0;0.0;0.0;0.0;0.0;0.0;0.0;0.0;0.0;0.0;0.0;0.0;0.0;0.0;8.0;14.0;0.0;1.0;5.0;7.0;0;0;0;0;CURITIBA;REGIÃO LESTE;39;17817.0;22258.0;13780.0;15768.0;17630.0;14836.0;14646.0;11256.0;7427.0;9841.0;9969.0;11744.0
15360.0;2022-11-30;8.0;10.0;18.0;22.0;538.0;28.0;6.0;8.0;18.0;396.0;28.0;0.0;28.0;679.0;28.0;176.0;4;5;4;4;4;4;5;0;0;0;0;0;0;0;0;0;1;0;0;0;1;0;0;0.0;0.0;0.0;0.0;0.0;0.0;0.0;0.0;0.0;0.0;0.0;0.0;0.0;0.0;0.0;0.0;1.0;0.0;0.0;0.0;0.0;0.0;0.0;0.0;0.0;0.0;0.0;0.0;0.0;0.0;0.0;0.0;0.0;0.0;0.0;8.0;14.0;0.0;1.0;5.0;7.0;0;0;0;0;CURITIBA;REGIÃO LESTE;40;17236.0;17817.0;22258.0;13780.0;15768.0;17630.0;14836.0;14646.0;11256.0;7427.0;9841.0;9969.0
13020.0;2022-12-31;13.0;17.0;21.0;25.0;661.0;32.0;5.0;13.0;21.0;515.0;32.0;0.0;32.0;807.0;56.0;168.0;4;4;5;4;5;5;4;0;0;1;0;0;0;0;0;0;0;0;0;0;1;0;0;0.0;0.0;0.0;0.0;0.0;0.0;0.0;0.0;0.0;0.0;0.0;0.0;0.0;0.0;0.0;0.0;1.0;0.0;0.0;0.0;0.0;0.0;0.0;0.0;0.0;0.0;0.0;0.0;0.0;0.0;0.0;0.0;0.0;0.0;0.0;8.0;14.0;0.0;1.0;5.0;7.0;0;0;0;0;CURITIBA;REGIÃO LESTE;41;15360.0;17236.0;17817.0;22258.0;13780.0;15768.0;17630.0;14836.0;14646.0;11256.0;7427.0;9841.0
10292.0;2023-01-31;13.0;17.0;22.0;25.0;687.0;32.0;4.0;13.0;20.0;533.0;32.0;0.0;32.0;842.0;48.0;112.0;5;4;4;5;4;4;5;0;0;0;0;1;0;0;0;0;0;0;0;0;0;1;0;0.0;0.0;0.0;0.0;0.0;0.0;0.0;0.0;0.0;0.0;0.0;0.0;0.0;0.0;0.0;0.0;1.0;0.0;0.0;0.0;0.0;0.0;0.0;0.0;0.0;0.0;0.0;0.0;0.0;0.0;0.0;0.0;0.0;0.0;0.0;8.0;14.0;0.0;1.0;5.0;7.0;31;0;0;0;CURITIBA;REGIÃO LESTE;42;13020.0;15360.0;17236.0;17817.0;22258.0;13780.0;15768.0;17630.0;14836.0;14646.0;11256.0;7427.0
9352.0;2023-02-28;13.0;15.0;22.0;24.0;622.0;31.0;5.0;13.0;20.0;492.0;31.0;0.0;31.0;753.0;21.0;128.0;4;4;4;4;4;4;4;0;0;0;1;0;0;0;0;0;0;0;0;0;0;1;0;0.0;0.0;0.0;0.0;0.0;0.0;0.0;0.0;0.0;0.0;0.0;0.0;0.0;0.0;0.0;0.0;1.0;0.0;0.0;0.0;0.0;0.0;0.0;0.0;0.0;0.0;0.0;0.0;0.0;0.0;0.0;0.0;0.0;0.0;0.0;8.0;14.0;0.0;1.0;5.0;7.0;0;3;0;0;CURITIBA;REGIÃO LESTE;43;10292.0;13020.0;15360.0;17236.0;17817.0;22258.0;13780.0;15768.0;17630.0;14836.0;14646.0;11256.0
25203.0;2023-03-31;14.0;20.0;22.0;25.0;696.0;31.0;3.0;14.0;20.0;550.0;31.0;0.0;31.0;843.0;23.0;96.0;4;5;5;4;5;4;4;0;0;0;0;0;0;0;0;1;0;0;0;0;0;1;0;0.0;0.0;0.0;0.0;0.0;0.0;0.0;0.0;0.0;0.0;0.0;0.0;0.0;0.0;0.0;0.0;1.0;0.0;0.0;0.0;0.0;0.0;0.0;0.0;0.0;0.0;0.0;0.0;0.0;0.0;0.0;0.0;0.0;0.0;0.0;8.0;14.0;0.0;1.0;5.0;7.0;0;0;0;0;CURITIBA;REGIÃO LESTE;44;9352.0;10292.0;13020.0;15360.0;17236.0;17817.0;22258.0;13780.0;15768.0;17630.0;14836.0;14646.0
15330.0;2023-04-30;9.0;15.0;19.0;23.0;562.0;28.0;3.0;9.0;17.0;431.0;28.0;0.0;28.0;694.0;25.0;84.0;5;4;4;4;4;5;4;1;0;0;0;0;0;0;0;0;0;0;0;0;0;1;0;0.0;0.0;0.0;0.0;0.0;0.0;0.0;0.0;0.0;0.0;0.0;0.0;0.0;0.0;0.0;0.0;1.0;0.0;0.0;0.0;0.0;0.0;0.0;0.0;0.0;0.0;0.0;0.0;0.0;0.0;0.0;0.0;0.0;0.0;0.0;8.0;14.0;0.0;1.0;5.0;7.0;0;1;0;0;CURITIBA;REGIÃO LESTE;45;25203.0;9352.0;10292.0;13020.0;15360.0;17236.0;17817.0;22258.0;13780.0;15768.0;17630.0;14836.0
17143.0;2023-05-31;8.0;14.0;18.0;22.0;551.0;28.0;2.0;8.0;19.0;396.0;28.0;0.0;28.0;706.0;34.0;57.0;4;5;4;5;4;4;5;0;0;0;0;0;0;0;1;0;0;0;0;0;0;1;0;0.0;0.0;0.0;0.0;0.0;0.0;0.0;0.0;0.0;0.0;0.0;0.0;0.0;0.0;0.0;0.0;1.0;0.0;0.0;0.0;0.0;0.0;0.0;0.0;0.0;0.0;0.0;0.0;0.0;0.0;0.0;0.0;0.0;0.0;0.0;8.0;14.0;0.0;1.0;5.0;7.0;0;0;0;0;CURITIBA;REGIÃO LESTE;46;15330.0;25203.0;9352.0;10292.0;13020.0;15360.0;17236.0;17817.0;22258.0;13780.0;15768.0;17630.0
15570.0;2023-06-30;6.0;10.0;16.0;22.0;473.0;27.0;1.0;6.0;17.0;317.0;27.0;0.0;27.0;630.0;18.0;44.0;4;4;5;4;5;4;4;0;0;0;0;0;0;1;0;0;0;0;0;0;0;1;0;0.0;0.0;0.0;0.0;0.0;0.0;0.0;0.0;0.0;0.0;0.0;0.0;0.0;0.0;0.0;0.0;1.0;0.0;0.0;0.0;0.0;0.0;0.0;0.0;0.0;0.0;0.0;0.0;0.0;0.0;0.0;0.0;0.0;0.0;0.0;8.0;14.0;0.0;1.0;5.0;7.0;0;1;0;0;CURITIBA;REGIÃO LESTE;47;17143.0;15330.0;25203.0;9352.0;10292.0;13020.0;15360.0;17236.0;17817.0;22258.0;13780.0;15768.0
11284.0;2023-07-31;4.0;10.0;15.0;20.0;480.0;26.0;3.0;4.0;15.0;340.0;26.0;0.0;26.0;620.0;23.0;80.0;5;4;4;5;4;5;4;0;0;0;0;0;1;0;0;0;0;0;0;0;0;1;0;0.0;0.0;0.0;0.0;0.0;0.0;0.0;0.0;0.0;0.0;0.0;0.0;0.0;0.0;0.0;0.0;1.0;0.0;0.0;0.0;0.0;0.0;0.0;0.0;0.0;0.0;0.0;0.0;0.0;0.0;0.0;0.0;0.0;0.0;0.0;8.0;14.0;0.0;1.0;5.0;7.0;15;0;0;0;CURITIBA;REGIÃO LESTE;48;15570.0;17143.0;15330.0;25203.0;9352.0;10292.0;13020.0;15360.0;17236.0;17817.0;22258.0;13780.0
17515.0;2023-08-31;6.0;9.0;17.0;26.0;518.0;30.0;4.0;6.0;21.0;352.0;30.0;0.0;30.0;683.0;30.0;114.0;4;5;5;4;4;4;5;0;1;0;0;0;0;0;0;0;0;0;0;0;0;1;0;0.0;0.0;0.0;0.0;0.0;0.0;0.0;0.0;0.0;0.0;0.0;0.0;0.0;0.0;0.0;0.0;1.0;0.0;0.0;0.0;0.0;0.0;0.0;0.0;0.0;0.0;0.0;0.0;0.0;0.0;0.0;0.0;0.0;0.0;0.0;8.0;14.0;0.0;1.0;5.0;7.0;0;0;0;0;CURITIBA;REGIÃO LESTE;49;11284.0;15570.0;17143.0;15330.0;25203.0;9352.0;10292.0;13020.0;15360.0;17236.0;17817.0;22258.0
17430.0;2023-09-30;10.0;14.0;20.0;26.0;603.0;33.0;4.0;10.0;19.0;439.0;33.0;0.0;33.0;766.0;23.0;110.0;4;4;4;4;5;5;4;0;0;0;0;0;0;0;0;0;0;0;1;0;0;1;0;0.0;0.0;0.0;0.0;0.0;0.0;0.0;0.0;0.0;0.0;0.0;0.0;0.0;0.0;0.0;0.0;1.0;0.0;0.0;0.0;0.0;0.0;0.0;0.0;0.0;0.0;0.0;0.0;0.0;0.0;0.0;0.0;0.0;0.0;0.0;8.0;14.0;0.0;1.0;5.0;7.0;0;0;0;0;CURITIBA;REGIÃO LESTE;50;17515.0;11284.0;15570.0;17143.0;15330.0;25203.0;9352.0;10292.0;13020.0;15360.0;17236.0;17817.0
16399.0;2023-10-31;11.0;12.0;19.0;24.0;584.0;32.0;14.0;11.0;18.0;451.0;32.0;0.0;32.0;718.0;63.0;436.0;5;4;4;5;4;4;5;0;0;0;0;0;0;0;0;0;0;1;0;0;0;1;0;0.0;0.0;0.0;0.0;0.0;0.0;0.0;0.0;0.0;0.0;0.0;0.0;0.0;0.0;0.0;0.0;1.0;0.0;0.0;0.0;0.0;0.0;0.0;0.0;0.0;0.0;0.0;0.0;0.0;0.0;0.0;0.0;0.0;0.0;0.0;8.0;14.0;0.0;1.0;5.0;7.0;0;0;0;0;CURITIBA;REGIÃO LESTE;51;17430.0;17515.0;11284.0;15570.0;17143.0;15330.0;25203.0;9352.0;10292.0;13020.0;15360.0;17236.0
20340.0;2023-11-30;8.0;16.0;21.0;27.0;638.0;35.0;8.0;8.0;21.0;491.0;35.0;0.0;35.0;786.0;83.0;231.0;4;5;5;4;4;4;4;0;0;0;0;0;0;0;0;0;1;0;0;0;0;1;0;0.0;0.0;0.0;0.0;0.0;0.0;0.0;0.0;0.0;0.0;0.0;0.0;0.0;0.0;0.0;0.0;1.0;0.0;0.0;0.0;0.0;0.0;0.0;0.0;0.0;0.0;0.0;0.0;0.0;0.0;0.0;0.0;0.0;0.0;0.0;8.0;14.0;0.0;1.0;5.0;7.0;0;0;0;0;CURITIBA;REGIÃO LESTE;52;16399.0;17430.0;17515.0;11284.0;15570.0;17143.0;15330.0;25203.0;9352.0;10292.0;13020.0;15360.0
14384.0;2023-12-31;13.0;17.0;23.0;28.0;725.0;35.0;2.0;13.0;22.0;558.0;35.0;0.0;35.0;892.0;28.0;54.0;5;4;4;4;5;5;4;0;0;1;0;0;0;0;0;0;0;0;0;0;0;1;0;0.0;0.0;0.0;0.0;0.0;0.0;0.0;0.0;0.0;0.0;0.0;0.0;0.0;0.0;0.0;0.0;1.0;0.0;0.0;0.0;0.0;0.0;0.0;0.0;0.0;0.0;0.0;0.0;0.0;0.0;0.0;0.0;0.0;0.0;0.0;8.0;14.0;0.0;1.0;5.0;7.0;0;0;0;0;CURITIBA;REGIÃO LESTE;53;20340.0;16399.0;17430.0;17515.0;11284.0;15570.0;17143.0;15330.0;25203.0;9352.0;10292.0;13020.0
12276.0;2024-01-31;13.0;17.0;23.0;28.0;706.0;35.0;5.0;13.0;22.0;549.0;35.0;0.0;35.0;862.0;41.0;161.0;4;5;4;5;4;4;5;0;0;0;0;1;0;0;0;0;0;0;0;0;0;0;1;0.0;0.0;0.0;0.0;0.0;0.0;0.0;0.0;0.0;0.0;0.0;0.0;0.0;0.0;0.0;0.0;1.0;0.0;0.0;0.0;0.0;0.0;0.0;0.0;0.0;0.0;0.0;0.0;0.0;0.0;0.0;0.0;0.0;0.0;0.0;8.0;14.0;0.0;1.0;5.0;7.0;31;0;0;0;CURITIBA;REGIÃO LESTE;54;14384.0;20340.0;16399.0;17430.0;17515.0;11284.0;15570.0;17143.0;15330.0;25203.0;9352.0;10292.0
19256.0;2024-02-29;16.0;18.0;23.0;27.0;679.0;32.0;6.0;16.0;22.0;538.0;32.0;0.0;32.0;819.0;48.0;186.0;4;4;5;4;4;4;4;0;0;0;1;0;0;0;0;0;0;0;0;0;0;0;1;0.0;0.0;0.0;0.0;0.0;0.0;0.0;0.0;0.0;0.0;0.0;0.0;0.0;0.0;0.0;0.0;1.0;0.0;0.0;0.0;0.0;0.0;0.0;0.0;0.0;0.0;0.0;0.0;0.0;0.0;0.0;0.0;0.0;0.0;0.0;8.0;14.0;0.0;1.0;5.0;8.0;0;3;0;0;CURITIBA;REGIÃO LESTE;55;12276.0;14384.0;20340.0;16399.0;17430.0;17515.0;11284.0;15570.0;17143.0;15330.0;25203.0;9352.0
26722.0;2024-03-31;14.0;17.0;23.0;28.0;710.0;33.0;2.0;14.0;23.0;567.0;33.0;0.0;33.0;853.0;22.0;47.0;5;4;4;4;5;5;4;0;0;0;0;0;0;0;0;1;0;0;0;0;0;0;1;0.0;0.0;0.0;0.0;0.0;0.0;0.0;0.0;0.0;0.0;0.0;0.0;0.0;0.0;0.0;0.0;1.0;0.0;0.0;0.0;0.0;0.0;0.0;0.0;0.0;0.0;0.0;0.0;0.0;0.0;0.0;0.0;0.0;0.0;0.0;8.0;14.0;0.0;1.0;5.0;8.0;0;1;0;0;CURITIBA;REGIÃO LESTE;56;19256.0;12276.0;14384.0;20340.0;16399.0;17430.0;17515.0;11284.0;15570.0;17143.0;15330.0;25203.0
16680.0;2024-04-30;9.0;16.0;22.0;26.0;645.0;31.0;4.0;9.0;21.0;512.0;31.0;0.0;31.0;778.0;61.0;128.0;4;4;4;5;4;4;5;1;0;0;0;0;0;0;0;0;0;0;0;0;0;0;1;0.0;0.0;0.0;0.0;0.0;0.0;0.0;0.0;0.0;0.0;0.0;0.0;0.0;0.0;0.0;0.0;1.0;0.0;0.0;0.0;0.0;0.0;0.0;0.0;0.0;0.0;0.0;0.0;0.0;0.0;0.0;0.0;0.0;0.0;0.0;8.0;14.0;0.0;1.0;5.0;8.0;0;0;0;0;CURITIBA;REGIÃO LESTE;57;26722.0;19256.0;12276.0;14384.0;20340.0;16399.0;17430.0;17515.0;11284.0;15570.0;17143.0;15330.0
10075.0;2024-05-31;5.0;11.0;19.0;26.0;598.0;30.0;5.0;5.0;22.0;446.0;30.0;0.0;30.0;750.0;51.0;143.0;4;5;5;4;5;4;4;0;0;0;0;0;0;0;1;0;0;0;0;0;0;0;1;0.0;0.0;0.0;0.0;0.0;0.0;0.0;0.0;0.0;0.0;0.0;0.0;0.0;0.0;0.0;0.0;1.0;0.0;0.0;0.0;0.0;0.0;0.0;0.0;0.0;0.0;0.0;0.0;0.0;0.0;0.0;0.0;0.0;0.0;0.0;8.0;14.0;0.0;1.0;5.0;8.0;0;1;0;30;CURITIBA;REGIÃO LESTE;58;16680.0;26722.0;19256.0;12276.0;14384.0;20340.0;16399.0;17430.0;17515.0;11284.0;15570.0;17143.0
9360.0;2024-06-30;9.0;16.0;19.0;22.0;560.0;27.0;1.0;9.0;17.0;385.0;27.0;0.0;27.0;736.0;11.0;29.0;5;4;4;4;4;5;4;0;0;0;0;0;0;1;0;0;0;0;0;0;0;0;1;0.0;0.0;0.0;0.0;0.0;0.0;0.0;0.0;0.0;0.0;0.0;0.0;0.0;0.0;0.0;0.0;1.0;0.0;0.0;0.0;0.0;0.0;0.0;0.0;0.0;0.0;0.0;0.0;0.0;0.0;0.0;0.0;0.0;0.0;0.0;8.0;14.0;0.0;1.0;5.0;8.0;0;0;0;30;CURITIBA;REGIÃO LESTE;59;10075.0;16680.0;26722.0;19256.0;12276.0;14384.0;20340.0;16399.0;17430.0;17515.0;11284.0;15570.0
14322.0;2024-07-31;10.0;15.0;15.0;15.0;473.0;21.0;1.0;10.0;10.0;303.0;21.0;1.0;21.0;643.0;1.0;34.0;4;5;4;5;4;4;5;0;0;0;0;0;1;0;0;0;0;0;0;0;0;0;1;0.0;0.0;0.0;0.0;0.0;0.0;0.0;0.0;0.0;0.0;0.0;0.0;0.0;0.0;0.0;0.0;1.0;0.0;0.0;0.0;0.0;0.0;0.0;0.0;0.0;0.0;0.0;0.0;0.0;0.0;0.0;0.0;0.0;0.0;0.0;8.0;14.0;0.0;1.0;5.0;8.0;12;0;0;0;CURITIBA;REGIÃO LESTE;60;9360.0;10075.0;16680.0;26722.0;19256.0;12276.0;14384.0;20340.0;16399.0;17430.0;17515.0;11284.0
19251.0;2024-08-31;11.0;16.0;16.0;16.0;496.0;21.0;3.0;11.0;11.0;336.0;21.0;3.0;21.0;656.0;3.0;89.0;4;4;5;4;5;5;4;0;1;0;0;0;0;0;0;0;0;0;0;0;0;0;1;0.0;0.0;0.0;0.0;0.0;0.0;0.0;0.0;0.0;0.0;0.0;0.0;0.0;0.0;0.0;0.0;1.0;0.0;0.0;0.0;0.0;0.0;0.0;0.0;0.0;0.0;0.0;0.0;0.0;0.0;0.0;0.0;0.0;0.0;0.0;8.0;14.0;0.0;1.0;5.0;8.0;0;0;0;0;CURITIBA;REGIÃO LESTE;61;14322.0;9360.0;10075.0;16680.0;26722.0;19256.0;12276.0;14384.0;20340.0;16399.0;17430.0;17515.0
21660.0;2024-09-30;13.0;18.0;18.0;18.0;547.0;23.0;3.0;13.0;13.0;393.0;23.0;3.0;23.0;701.0;3.0;96.0;5;4;4;5;4;4;4;0;0;0;0;0;0;0;0;0;0;0;1;0;0;0;1;0.0;0.0;0.0;0.0;0.0;0.0;0.0;0.0;0.0;0.0;0.0;0.0;0.0;0.0;0.0;0.0;1.0;0.0;0.0;0.0;0.0;0.0;0.0;0.0;0.0;0.0;0.0;0.0;0.0;0.0;0.0;0.0;0.0;0.0;0.0;8.0;14.0;0.0;1.0;5.0;8.0;0;0;0;0;CURITIBA;REGIÃO LESTE;62;19251.0;14322.0;9360.0;10075.0;16680.0;26722.0;19256.0;12276.0;14384.0;20340.0;16399.0;17430.0
21576.0;2024-10-31;14.0;19.0;19.0;19.0;588.0;24.0;7.0;14.0;14.0;444.0;24.0;7.0;24.0;732.0;7.0;204.0;4;5;5;4;4;4;5;0;0;0;0;0;0;0;0;0;0;1;0;0;0;0;1;0.0;0.0;0.0;0.0;0.0;0.0;0.0;0.0;0.0;0.0;0.0;0.0;0.0;0.0;0.0;0.0;1.0;0.0;0.0;0.0;0.0;0.0;0.0;0.0;0.0;0.0;0.0;0.0;0.0;0.0;0.0;0.0;0.0;0.0;0.0;8.0;14.0;0.0;1.0;5.0;8.0;0;0;0;0;CURITIBA;REGIÃO LESTE;63;21660.0;19251.0;14322.0;9360.0;10075.0;16680.0;26722.0;19256.0;12276.0;14384.0;20340.0;16399.0
22976.0;2016-01-31;18.0;24.0;27.0;31.0;834.0;37.0;3.0;18.0;24.0;668.0;37.0;0.0;37.0;1001.0;21.0;82.0;5;4;4;4;5;5;4;0;0;0;0;1;0;0;0;0;0;0;0;0;0;0;0;0.0;1.0;0.0;0.0;0.0;0.0;0.0;0.0;0.0;0.0;0.0;0.0;0.0;0.0;0.0;0.0;0.0;1.0;0.0;0.0;0.0;0.0;0.0;0.0;0.0;0.0;0.0;0.0;0.0;0.0;0.0;0.0;0.0;0.0;0.0;3.0;3.0;0.0;0.0;2.0;0.0;31;0;0;0;FOZ DO IGUAÇU;REGIÃO OESTE;1;23820.0;27798.0;25226.0;15324.0;4499.0;7664.0;17070.0;17687.0;19866.0;25600.0;21192.0;16622.0
25274.0;2016-02-29;20.0;24.0;27.0;30.0;791.0;36.0;2.0;20.0;25.0;646.0;36.0;0.0;36.0;937.0;24.0;63.0;4;4;4;5;4;4;4;0;0;0;1;0;0;0;0;0;0;0;0;0;0;0;0;0.0;1.0;0.0;0.0;0.0;0.0;0.0;0.0;0.0;0.0;0.0;0.0;0.0;0.0;0.0;0.0;0.0;1.0;0.0;0.0;0.0;0.0;0.0;0.0;0.0;0.0;0.0;0.0;0.0;0.0;0.0;0.0;0.0;0.0;0.0;3.0;3.0;0.0;0.0;2.0;0.0;0;3;0;0;FOZ DO IGUAÇU;REGIÃO OESTE;2;22976.0;23820.0;27798.0;25226.0;15324.0;4499.0;7664.0;17070.0;17687.0;19866.0;25600.0;21192.0
30273.0;2016-03-31;13.0;19.0;24.0;28.0;733.0;34.0;1.0;13.0;22.0;576.0;34.0;0.0;34.0;890.0;18.0;32.0;4;5;5;4;4;4;5;0;0;0;0;0;0;0;0;1;0;0;0;0;0;0;0;0.0;1.0;0.0;0.0;0.0;0.0;0.0;0.0;0.0;0.0;0.0;0.0;0.0;0.0;0.0;0.0;0.0;1.0;0.0;0.0;0.0;0.0;0.0;0.0;0.0;0.0;0.0;0.0;0.0;0.0;0.0;0.0;0.0;0.0;0.0;3.0;3.0;0.0;0.0;2.0;0.0;0;1;0;0;FOZ DO IGUAÇU;REGIÃO OESTE;3;25274.0;22976.0;23820.0;27798.0;25226.0;15324.0;4499.0;7664.0;17070.0;17687.0;19866.0;25600.0
27936.0;2016-04-30;3.0;10.0;24.0;28.0;728.0;34.0;1.0;3.0;23.0;562.0;34.0;0.0;34.0;894.0;7.0;19.0;4;4;4;4;5;5;4;1;0;0;0;0;0;0;0;0;0;0;0;0;0;0;0;0.0;1.0;0.0;0.0;0.0;0.0;0.0;0.0;0.0;0.0;0.0;0.0;0.0;0.0;0.0;0.0;0.0;1.0;0.0;0.0;0.0;0.0;0.0;0.0;0.0;0.0;0.0;0.0;0.0;0.0;0.0;0.0;0.0;0.0;0.0;3.0;3.0;0.0;0.0;2.0;0.0;0;0;0;0;FOZ DO IGUAÇU;REGIÃO OESTE;4;30273.0;25274.0;22976.0;23820.0;27798.0;25226.0;15324.0;4499.0;7664.0;17070.0;17687.0;19866.0
23228.0;2016-05-31;4.0;12.0;18.0;22.0;544.0;28.0;1.0;4.0;18.0;407.0;28.0;0.0;28.0;682.0;15.0;31.0;5;4;4;5;4;4;5;0;0;0;0;0;0;0;1;0;0;0;0;0;0;0;0;0.0;1.0;0.0;0.0;0.0;0.0;0.0;0.0;0.0;0.0;0.0;0.0;0.0;0.0;0.0;0.0;0.0;1.0;0.0;0.0;0.0;0.0;0.0;0.0;0.0;0.0;0.0;0.0;0.0;0.0;0.0;0.0;0.0;0.0;0.0;3.0;3.0;0.0;0.0;2.0;0.0;0;1;0;0;FOZ DO IGUAÇU;REGIÃO OESTE;5;27936.0;30273.0;25274.0;22976.0;23820.0;27798.0;25226.0;15324.0;4499.0;7664.0;17070.0;17687.0
20814.0;2016-06-30;-2.0;7.0;14.0;22.0;433.0;30.0;0.0;-2.0;16.0;258.0;30.0;0.0;30.0;607.0;0.0;0.0;4;5;5;4;4;4;4;0;0;0;0;0;0;1;0;0;0;0;0;0;0;0;0;0.0;1.0;0.0;0.0;0.0;0.0;0.0;0.0;0.0;0.0;0.0;0.0;0.0;0.0;0.0;0.0;0.0;1.0;0.0;0.0;0.0;0.0;0.0;0.0;0.0;0.0;0.0;0.0;0.0;0.0;0.0;0.0;0.0;0.0;0.0;3.0;3.0;0.0;0.0;2.0;0.0;0;0;0;0;FOZ DO IGUAÇU;REGIÃO OESTE;6;23228.0;27936.0;30273.0;25274.0;22976.0;23820.0;27798.0;25226.0;15324.0;4499.0;7664.0;17070.0
19267.0;2016-07-31;1.0;6.0;18.0;25.0;548.0;32.0;0.0;1.0;19.0;343.0;32.0;0.0;32.0;754.0;0.0;0.0;5;4;4;4;5;5;4;0;0;0;0;0;1;0;0;0;0;0;0;0;0;0;0;0.0;1.0;0.0;0.0;0.0;0.0;0.0;0.0;0.0;0.0;0.0;0.0;0.0;0.0;0.0;0.0;0.0;1.0;0.0;0.0;0.0;0.0;0.0;0.0;0.0;0.0;0.0;0.0;0.0;0.0;0.0;0.0;0.0;0.0;0.0;3.0;3.0;0.0;0.0;2.0;0.0;14;0;0;0;FOZ DO IGUAÇU;REGIÃO OESTE;7;20814.0;23228.0;27936.0;30273.0;25274.0;22976.0;23820.0;27798.0;25226.0;15324.0;4499.0;7664.0
20479.0;2016-08-31;3.0;11.0;19.0;25.0;585.0;33.0;0.0;3.0;18.0;405.0;33.0;0.0;33.0;764.0;1.0;1.0;4;5;4;5;4;4;5;0;1;0;0;0;0;0;0;0;0;0;0;0;0;0;0;0.0;1.0;0.0;0.0;0.0;0.0;0.0;0.0;0.0;0.0;0.0;0.0;0.0;0.0;0.0;0.0;0.0;1.0;0.0;0.0;0.0;0.0;0.0;0.0;0.0;0.0;0.0;0.0;0.0;0.0;0.0;0.0;0.0;0.0;0.0;3.0;3.0;0.0;0.0;2.0;0.0;0;0;0;0;FOZ DO IGUAÇU;REGIÃO OESTE;8;19267.0;20814.0;23228.0;27936.0;30273.0;25274.0;22976.0;23820.0;27798.0;25226.0;15324.0;4499.0
23520.0;2016-09-30;2.0;11.0;19.0;26.0;569.0;34.0;0.0;2.0;19.0;340.0;34.0;0.0;34.0;798.0;2.0;4.0;4;4;5;4;5;4;4;0;0;0;0;0;0;0;0;0;0;0;1;0;0;0;0;0.0;1.0;0.0;0.0;0.0;0.0;0.0;0.0;0.0;0.0;0.0;0.0;0.0;0.0;0.0;0.0;0.0;1.0;0.0;0.0;0.0;0.0;0.0;0.0;0.0;0.0;0.0;0.0;0.0;0.0;0.0;0.0;0.0;0.0;0.0;3.0;3.0;0.0;0.0;2.0;0.0;0;0;0;0;FOZ DO IGUAÇU;REGIÃO OESTE;9;20479.0;19267.0;20814.0;23228.0;27936.0;30273.0;25274.0;22976.0;23820.0;27798.0;25226.0;15324.0
28342.0;2016-10-31;8.0;15.0;22.0;30.0;689.0;36.0;0.0;8.0;24.0;504.0;36.0;0.0;36.0;874.0;0.0;1.0;5;4;4;5;4;5;4;0;0;0;0;0;0;0;0;0;0;1;0;0;0;0;0;0.0;1.0;0.0;0.0;0.0;0.0;0.0;0.0;0.0;0.0;0.0;0.0;0.0;0.0;0.0;0.0;0.0;1.0;0.0;0.0;0.0;0.0;0.0;0.0;0.0;0.0;0.0;0.0;0.0;0.0;0.0;0.0;0.0;0.0;0.0;3.0;3.0;0.0;0.0;2.0;0.0;0;0;0;0;FOZ DO IGUAÇU;REGIÃO OESTE;10;23520.0;20479.0;19267.0;20814.0;23228.0;27936.0;30273.0;25274.0;22976.0;23820.0;27798.0;25226.0
29262.0;2016-11-30;8.0;16.0;23.0;27.0;700.0;34.0;4.0;8.0;24.0;501.0;34.0;0.0;34.0;900.0;61.0;109.0;4;5;4;4;4;4;5;0;0;0;0;0;0;0;0;0;1;0;0;0;0;0;0;0.0;1.0;0.0;0.0;0.0;0.0;0.0;0.0;0.0;0.0;0.0;0.0;0.0;0.0;0.0;0.0;0.0;1.0;0.0;0.0;0.0;0.0;0.0;0.0;0.0;0.0;0.0;0.0;0.0;0.0;0.0;0.0;0.0;0.0;0.0;3.0;3.0;0.0;0.0;2.0;0.0;0;0;0;0;FOZ DO IGUAÇU;REGIÃO OESTE;11;28342.0;23520.0;20479.0;19267.0;20814.0;23228.0;27936.0;30273.0;25274.0;22976.0;23820.0;27798.0
24307.0;2016-12-31;12.0;22.0;25.0;29.0;774.0;35.0;7.0;12.0;23.0;610.0;35.0;0.0;35.0;938.0;66.0;211.0;4;4;5;4;5;5;4;0;0;1;0;0;0;0;0;0;0;0;0;0;0;0;0;0.0;1.0;0.0;0.0;0.0;0.0;0.0;0.0;0.0;0.0;0.0;0.0;0.0;0.0;0.0;0.0;0.0;1.0;0.0;0.0;0.0;0.0;0.0;0.0;0.0;0.0;0.0;0.0;0.0;0.0;0.0;0.0;0.0;0.0;0.0;3.0;2.0;0.0;0.0;2.0;0.0;0;0;0;0;FOZ DO IGUAÇU;REGIÃO OESTE;12;29262.0;28342.0;23520.0;20479.0;19267.0;20814.0;23228.0;27936.0;30273.0;25274.0;22976.0;23820.0
22562.0;2017-01-31;14.0;22.0;27.0;29.0;824.0;35.0;2.0;14.0;23.0;645.0;35.0;0.0;35.0;1003.0;15.0;51.0;5;4;4;5;4;4;5;0;0;0;0;1;0;0;0;0;0;0;0;0;0;0;0;0.0;0.0;1.0;0.0;0.0;0.0;0.0;0.0;0.0;0.0;0.0;0.0;0.0;0.0;0.0;0.0;0.0;1.0;0.0;0.0;0.0;0.0;0.0;0.0;0.0;0.0;0.0;0.0;0.0;0.0;0.0;0.0;0.0;0.0;0.0;3.0;2.0;0.0;0.0;2.0;0.0;31;0;0;0;FOZ DO IGUAÇU;REGIÃO OESTE;13;24307.0;29262.0;28342.0;23520.0;20479.0;19267.0;20814.0;23228.0;27936.0;30273.0;25274.0;22976.0
27992.0;2017-02-28;16.0;24.0;27.0;29.0;744.0;36.0;8.0;16.0;23.0;581.0;36.0;0.0;36.0;906.0;68.0;222.0;4;4;4;4;4;4;4;0;0;0;1;0;0;0;0;0;0;0;0;0;0;0;0;0.0;0.0;1.0;0.0;0.0;0.0;0.0;0.0;0.0;0.0;0.0;0.0;0.0;0.0;0.0;0.0;0.0;1.0;0.0;0.0;0.0;0.0;0.0;0.0;0.0;0.0;0.0;0.0;0.0;0.0;0.0;0.0;0.0;0.0;0.0;4.0;2.0;0.0;0.0;3.0;0.0;0;2;0;0;FOZ DO IGUAÇU;REGIÃO OESTE;14;22562.0;24307.0;29262.0;28342.0;23520.0;20479.0;19267.0;20814.0;23228.0;27936.0;30273.0;25274.0
34318.0;2017-03-31;13.0;21.0;25.0;30.0;785.0;36.0;4.0;13.0;24.0;612.0;36.0;0.0;36.0;959.0;86.0;118.0;4;5;5;4;5;4;4;0;0;0;0;0;0;0;0;1;0;0;0;0;0;0;0;0.0;0.0;1.0;0.0;0.0;0.0;0.0;0.0;0.0;0.0;0.0;0.0;0.0;0.0;0.0;0.0;0.0;1.0;0.0;0.0;0.0;0.0;0.0;0.0;0.0;0.0;0.0;0.0;0.0;0.0;0.0;0.0;0.0;0.0;0.0;4.0;2.0;0.0;0.0;3.0;0.0;0;1;0;0;FOZ DO IGUAÇU;REGIÃO OESTE;15;27992.0;22562.0;24307.0;29262.0;28342.0;23520.0;20479.0;19267.0;20814.0;23228.0;27936.0;30273.0
26238.0;2017-04-30;7.0;14.0;22.0;26.0;649.0;32.0;12.0;7.0;22.0;491.0;32.0;0.0;32.0;806.0;170.0;374.0;5;4;4;4;4;5;4;1;0;0;0;0;0;0;0;0;0;0;0;0;0;0;0;0.0;0.0;1.0;0.0;0.0;0.0;0.0;0.0;0.0;0.0;0.0;0.0;0.0;0.0;0.0;0.0;0.0;1.0;0.0;0.0;0.0;0.0;0.0;0.0;0.0;0.0;0.0;0.0;0.0;0.0;0.0;0.0;0.0;0.0;0.0;4.0;2.0;0.0;0.0;3.0;0.0;0;1;0;0;FOZ DO IGUAÇU;REGIÃO OESTE;16;34318.0;27992.0;22562.0;24307.0;29262.0;28342.0;23520.0;20479.0;19267.0;20814.0;23228.0;27936.0
23005.0;2017-05-31;11.0;16.0;22.0;25.0;666.0;30.0;2.0;11.0;21.0;538.0;30.0;0.0;30.0;795.0;22.0;72.0;4;5;4;5;4;4;5;0;0;0;0;0;0;0;1;0;0;0;0;0;0;0;0;0.0;0.0;1.0;0.0;0.0;0.0;0.0;0.0;0.0;0.0;0.0;0.0;0.0;0.0;0.0;0.0;0.0;1.0;0.0;0.0;0.0;0.0;0.0;0.0;0.0;0.0;0.0;0.0;0.0;0.0;0.0;0.0;0.0;0.0;0.0;4.0;2.0;0.0;0.0;3.0;0.0;0;0;0;0;FOZ DO IGUAÇU;REGIÃO OESTE;17;26238.0;34318.0;27992.0;22562.0;24307.0;29262.0;28342.0;23520.0;20479.0;19267.0;20814.0;23228.0
19596.0;2017-06-30;4.0;12.0;18.0;24.0;548.0;28.0;1.0;4.0;21.0;402.0;28.0;0.0;28.0;694.0;35.0;39.0;4;4;5;4;5;4;4;0;0;0;0;0;0;1;0;0;0;0;0;0;0;0;0;0.0;0.0;1.0;0.0;0.0;0.0;0.0;0.0;0.0;0.0;0.0;0.0;0.0;0.0;0.0;0.0;0.0;1.0;0.0;0.0;0.0;0.0;0.0;0.0;0.0;0.0;0.0;0.0;0.0;0.0;0.0;0.0;0.0;0.0;0.0;4.0;2.0;0.0;0.0;3.0;0.0;0;1;0;0;FOZ DO IGUAÇU;REGIÃO OESTE;18;23005.0;26238.0;34318.0;27992.0;22562.0;24307.0;29262.0;28342.0;23520.0;20479.0;19267.0;20814.0
18533.0;2017-07-31;-1.0;6.0;19.0;24.0;581.0;31.0;0.0;-1.0;19.0;394.0;31.0;0.0;31.0;769.0;2.0;3.0;5;4;4;5;4;5;4;0;0;0;0;0;1;0;0;0;0;0;0;0;0;0;0;0.0;0.0;1.0;0.0;0.0;0.0;0.0;0.0;0.0;0.0;0.0;0.0;0.0;0.0;0.0;0.0;0.0;1.0;0.0;0.0;0.0;0.0;0.0;0.0;0.0;0.0;0.0;0.0;0.0;0.0;0.0;0.0;0.0;0.0;0.0;4.0;2.0;0.0;0.0;3.0;0.0;16;0;0;0;FOZ DO IGUAÇU;REGIÃO OESTE;19;19596.0;23005.0;26238.0;34318.0;27992.0;22562.0;24307.0;29262.0;28342.0;23520.0;20479.0;19267.0
21419.0;2017-08-31;7.0;14.0;21.0;26.0;649.0;35.0;6.0;7.0;20.0;444.0;35.0;0.0;35.0;854.0;101.0;171.0;4;5;5;4;4;4;5;0;1;0;0;0;0;0;0;0;0;0;0;0;0;0;0;0.0;0.0;1.0;0.0;0.0;0.0;0.0;0.0;0.0;0.0;0.0;0.0;0.0;0.0;0.0;0.0;0.0;1.0;0.0;0.0;0.0;0.0;0.0;0.0;0.0;0.0;0.0;0.0;0.0;0.0;0.0;0.0;0.0;0.0;0.0;4.0;2.0;0.0;0.0;3.0;0.0;0;0;0;0;FOZ DO IGUAÇU;REGIÃO OESTE;20;18533.0;19596.0;23005.0;26238.0;34318.0;27992.0;22562.0;24307.0;29262.0;28342.0;23520.0;20479.0
25584.0;2017-09-30;11.0;18.0;24.0;29.0;732.0;37.0;1.0;11.0;21.0;525.0;37.0;0.0;37.0;940.0;15.0;21.0;4;4;4;4;5;5;4;0;0;0;0;0;0;0;0;0;0;0;1;0;0;0;0;0.0;0.0;1.0;0.0;0.0;0.0;0.0;0.0;0.0;0.0;0.0;0.0;0.0;0.0;0.0;0.0;0.0;1.0;0.0;0.0;0.0;0.0;0.0;0.0;0.0;0.0;0.0;0.0;0.0;0.0;0.0;0.0;0.0;0.0;0.0;4.0;2.0;0.0;0.0;3.0;0.0;0;0;0;0;FOZ DO IGUAÇU;REGIÃO OESTE;21;21419.0;18533.0;19596.0;23005.0;26238.0;34318.0;27992.0;22562.0;24307.0;29262.0;28342.0;23520.0
26435.0;2017-10-31;8.0;17.0;22.0;30.0;694.0;37.0;15.0;8.0;23.0;514.0;37.0;0.0;37.0;873.0;87.0;455.0;5;4;4;5;4;4;5;0;0;0;0;0;0;0;0;0;0;1;0;0;0;0;0;0.0;0.0;1.0;0.0;0.0;0.0;0.0;0.0;0.0;0.0;0.0;0.0;0.0;0.0;0.0;0.0;0.0;1.0;0.0;0.0;0.0;0.0;0.0;0.0;0.0;0.0;0.0;0.0;0.0;0.0;0.0;0.0;0.0;0.0;0.0;4.0;2.0;0.0;0.0;3.0;0.0;0;0;0;0;FOZ DO IGUAÇU;REGIÃO OESTE;22;25584.0;21419.0;18533.0;19596.0;23005.0;26238.0;34318.0;27992.0;22562.0;24307.0;29262.0;28342.0
27420.0;2017-11-30;11.0;20.0;22.0;27.0;674.0;35.0;9.0;11.0;21.0;477.0;35.0;0.0;35.0;872.0;90.0;283.0;4;5;5;4;4;4;4;0;0;0;0;0;0;0;0;0;1;0;0;0;0;0;0;0.0;0.0;1.0;0.0;0.0;0.0;0.0;0.0;0.0;0.0;0.0;0.0;0.0;0.0;0.0;0.0;0.0;1.0;0.0;0.0;0.0;0.0;0.0;0.0;0.0;0.0;0.0;0.0;0.0;0.0;0.0;0.0;0.0;0.0;0.0;4.0;2.0;0.0;0.0;3.0;0.0;0;0;0;0;FOZ DO IGUAÇU;REGIÃO OESTE;23;26435.0;25584.0;21419.0;18533.0;19596.0;23005.0;26238.0;34318.0;27992.0;22562.0;24307.0;29262.0
22410.0;2017-12-31;15.0;23.0;26.0;28.0;799.0;35.0;7.0;15.0;23.0;630.0;35.0;0.0;35.0;968.0;115.0;206.0;5;4;4;4;5;5;4;0;0;1;0;0;0;0;0;0;0;0;0;0;0;0;0;0.0;0.0;1.0;0.0;0.0;0.0;0.0;0.0;0.0;0.0;0.0;0.0;0.0;0.0;0.0;0.0;0.0;1.0;0.0;0.0;0.0;0.0;0.0;0.0;0.0;0.0;0.0;0.0;0.0;0.0;0.0;0.0;0.0;0.0;0.0;4.0;2.0;0.0;0.0;3.0;0.0;0;0;0;0;FOZ DO IGUAÇU;REGIÃO OESTE;24;27420.0;26435.0;25584.0;21419.0;18533.0;19596.0;23005.0;26238.0;34318.0;27992.0;22562.0;24307.0
20053.0;2018-01-31;19.0;22.0;25.0;27.0;790.0;34.0;11.0;19.0;23.0;644.0;34.0;0.0;34.0;936.0;66.0;334.0;4;5;4;5;4;4;5;0;0;0;0;1;0;0;0;0;0;0;0;0;0;0;0;0.0;0.0;0.0;1.0;0.0;0.0;0.0;0.0;0.0;0.0;0.0;0.0;0.0;0.0;0.0;0.0;0.0;1.0;0.0;0.0;0.0;0.0;0.0;0.0;0.0;0.0;0.0;0.0;0.0;0.0;0.0;0.0;0.0;0.0;0.0;4.0;2.0;0.0;0.0;3.0;0.0;31;0;0;0;FOZ DO IGUAÇU;REGIÃO OESTE;25;22410.0;27420.0;26435.0;25584.0;21419.0;18533.0;19596.0;23005.0;26238.0;34318.0;27992.0;22562.0
24756.0;2018-02-28;15.0;22.0;25.0;28.0;706.0;35.0;7.0;15.0;22.0;545.0;35.0;0.0;35.0;868.0;45.0;196.0;4;4;4;4;4;4;4;0;0;0;1;0;0;0;0;0;0;0;0;0;0;0;0;0.0;0.0;0.0;1.0;0.0;0.0;0.0;0.0;0.0;0.0;0.0;0.0;0.0;0.0;0.0;0.0;0.0;1.0;0.0;0.0;0.0;0.0;0.0;0.0;0.0;0.0;0.0;0.0;0.0;0.0;0.0;0.0;0.0;0.0;0.0;4.0;2.0;0.0;0.0;3.0;0.0;0;3;0;0;FOZ DO IGUAÇU;REGIÃO OESTE;26;20053.0;22410.0;27420.0;26435.0;25584.0;21419.0;18533.0;19596.0;23005.0;26238.0;34318.0;27992.0
34109.0;2018-03-31;10.0;18.0;25.0;29.0;781.0;35.0;10.0;10.0;24.0;616.0;35.0;0.0;35.0;946.0;70.0;320.0;4;4;5;4;5;5;4;0;0;0;0;0;0;0;0;1;0;0;0;0;0;0;0;0.0;0.0;0.0;1.0;0.0;0.0;0.0;0.0;0.0;0.0;0.0;0.0;0.0;0.0;0.0;0.0;0.0;1.0;0.0;0.0;0.0;0.0;0.0;0.0;0.0;0.0;0.0;0.0;0.0;0.0;0.0;0.0;0.0;0.0;0.0;4.0;2.0;0.0;0.0;3.0;0.0;0;1;0;0;FOZ DO IGUAÇU;REGIÃO OESTE;27;24756.0;20053.0;22410.0;27420.0;26435.0;25584.0;21419.0;18533.0;19596.0;23005.0;26238.0;34318.0
32028.0;2018-04-30;15.0;22.0;24.0;26.0;728.0;33.0;1.0;15.0;21.0;548.0;33.0;0.0;33.0;908.0;43.0;45.0;5;4;4;5;4;4;4;1;0;0;0;0;0;0;0;0;0;0;0;0;0;0;0;0.0;0.0;0.0;1.0;0.0;0.0;0.0;0.0;0.0;0.0;0.0;0.0;0.0;0.0;0.0;0.0;0.0;1.0;0.0;0.0;0.0;0.0;0.0;0.0;0.0;0.0;0.0;0.0;0.0;0.0;0.0;0.0;0.0;0.0;0.0;4.0;2.0;0.0;0.0;3.0;0.0;0;0;0;0;FOZ DO IGUAÇU;REGIÃO OESTE;28;34109.0;24756.0;20053.0;22410.0;27420.0;26435.0;25584.0;21419.0;18533.0;19596.0;23005.0;26238.0
24513.0;2018-05-31;5.0;12.0;20.0;26.0;630.0;32.0;2.0;5.0;20.0;458.0;32.0;0.0;32.0;802.0;24.0;72.0;4;5;5;4;4;4;5;0;0;0;0;0;0;0;1;0;0;0;0;0;0;0;0;0.0;0.0;0.0;1.0;0.0;0.0;0.0;0.0;0.0;0.0;0.0;0.0;0.0;0.0;0.0;0.0;0.0;1.0;0.0;0.0;0.0;0.0;0.0;0.0;0.0;0.0;0.0;0.0;0.0;0.0;0.0;0.0;0.0;0.0;0.0;4.0;2.0;0.0;0.0;3.0;0.0;0;1;0;0;FOZ DO IGUAÇU;REGIÃO OESTE;29;32028.0;34109.0;24756.0;20053.0;22410.0;27420.0;26435.0;25584.0;21419.0;18533.0;19596.0;23005.0
20394.0;2018-06-30;4.0;8.0;16.0;25.0;486.0;28.0;3.0;4.0;23.0;357.0;28.0;0.0;28.0;616.0;40.0;83.0;4;4;4;4;5;5;4;0;0;0;0;0;0;1;0;0;0;0;0;0;0;0;0;0.0;0.0;0.0;1.0;0.0;0.0;0.0;0.0;0.0;0.0;0.0;0.0;0.0;0.0;0.0;0.0;0.0;1.0;0.0;0.0;0.0;0.0;0.0;0.0;0.0;0.0;0.0;0.0;0.0;0.0;0.0;0.0;0.0;0.0;0.0;4.0;2.0;0.0;0.0;3.0;0.0;0;0;0;0;FOZ DO IGUAÇU;REGIÃO OESTE;30;24513.0;32028.0;34109.0;24756.0;20053.0;22410.0;27420.0;26435.0;25584.0;21419.0;18533.0;19596.0
19218.0;2018-07-31;7.0;11.0;18.0;24.0;567.0;31.0;0.0;7.0;19.0;405.0;31.0;0.0;31.0;730.0;5.0;11.0;5;4;4;5;4;4;5;0;0;0;0;0;1;0;0;0;0;0;0;0;0;0;0;0.0;0.0;0.0;1.0;0.0;0.0;0.0;0.0;0.0;0.0;0.0;0.0;0.0;0.0;0.0;0.0;0.0;1.0;0.0;0.0;0.0;0.0;0.0;0.0;0.0;0.0;0.0;0.0;0.0;0.0;0.0;0.0;0.0;0.0;0.0;4.0;2.0;0.0;0.0;3.0;0.0;16;0;0;0;FOZ DO IGUAÇU;REGIÃO OESTE;31;20394.0;24513.0;32028.0;34109.0;24756.0;20053.0;22410.0;27420.0;26435.0;25584.0;21419.0;18533.0
18924.0;2018-08-31;5.0;8.0;17.0;25.0;516.0;33.0;2.0;5.0;17.0;330.0;33.0;0.0;33.0;701.0;24.0;55.0;4;5;5;4;5;4;4;0;1;0;0;0;0;0;0;0;0;0;0;0;0;0;0;0.0;0.0;0.0;1.0;0.0;0.0;0.0;0.0;0.0;0.0;0.0;0.0;0.0;0.0;0.0;0.0;0.0;1.0;0.0;0.0;0.0;0.0;0.0;0.0;0.0;0.0;0.0;0.0;0.0;0.0;0.0;0.0;0.0;0.0;0.0;4.0;2.0;0.0;0.0;3.0;0.0;0;0;0;0;FOZ DO IGUAÇU;REGIÃO OESTE;32;19218.0;20394.0;24513.0;32028.0;34109.0;24756.0;20053.0;22410.0;27420.0;26435.0;25584.0;21419.0
21168.0;2018-09-30;7.0;13.0;21.0;28.0;623.0;36.0;8.0;7.0;20.0;447.0;36.0;0.0;36.0;799.0;44.0;236.0;5;4;4;4;4;5;4;0;0;0;0;0;0;0;0;0;0;0;1;0;0;0;0;0.0;0.0;0.0;1.0;0.0;0.0;0.0;0.0;0.0;0.0;0.0;0.0;0.0;0.0;0.0;0.0;0.0;1.0;0.0;0.0;0.0;0.0;0.0;0.0;0.0;0.0;0.0;0.0;0.0;0.0;0.0;0.0;0.0;0.0;0.0;4.0;2.0;0.0;0.0;3.0;0.0;0;0;0;0;FOZ DO IGUAÇU;REGIÃO OESTE;33;18924.0;19218.0;20394.0;24513.0;32028.0;34109.0;24756.0;20053.0;22410.0;27420.0;26435.0;25584.0
24186.0;2018-10-31;11.0;18.0;22.0;25.0;680.0;32.0;14.0;11.0;22.0;547.0;32.0;0.0;32.0;814.0;68.0;419.0;4;5;4;5;4;4;5;0;0;0;0;0;0;0;0;0;0;1;0;0;0;0;0;0.0;0.0;0.0;1.0;0.0;0.0;0.0;0.0;0.0;0.0;0.0;0.0;0.0;0.0;0.0;0.0;0.0;1.0;0.0;0.0;0.0;0.0;0.0;0.0;0.0;0.0;0.0;0.0;0.0;0.0;0.0;0.0;0.0;0.0;0.0;4.0;2.0;0.0;0.0;3.0;0.0;0;0;0;0;FOZ DO IGUAÇU;REGIÃO OESTE;34;21168.0;18924.0;19218.0;20394.0;24513.0;32028.0;34109.0;24756.0;20053.0;22410.0;27420.0;26435.0
30726.0;2018-11-30;16.0;21.0;25.0;29.0;752.0;36.0;4.0;16.0;23.0;589.0;36.0;0.0;36.0;916.0;38.0;108.0;4;4;5;4;5;4;4;0;0;0;0;0;0;0;0;0;1;0;0;0;0;0;0;0.0;0.0;0.0;1.0;0.0;0.0;0.0;0.0;0.0;0.0;0.0;0.0;0.0;0.0;0.0;0.0;0.0;1.0;0.0;0.0;0.0;0.0;0.0;0.0;0.0;0.0;0.0;0.0;0.0;0.0;0.0;0.0;0.0;0.0;0.0;4.0;2.0;0.0;0.0;3.0;0.0;0;0;0;0;FOZ DO IGUAÇU;REGIÃO OESTE;35;24186.0;21168.0;18924.0;19218.0;20394.0;24513.0;32028.0;34109.0;24756.0;20053.0;22410.0;27420.0
26241.0;2018-12-31;13.0;21.0;26.0;30.0;812.0;37.0;2.0;13.0;24.0;619.0;37.0;0.0;37.0;1005.0;49.0;76.0;5;4;4;5;4;5;4;0;0;1;0;0;0;0;0;0;0;0;0;0;0;0;0;0.0;0.0;0.0;1.0;0.0;0.0;0.0;0.0;0.0;0.0;0.0;0.0;0.0;0.0;0.0;0.0;0.0;1.0;0.0;0.0;0.0;0.0;0.0;0.0;0.0;0.0;0.0;0.0;0.0;0.0;0.0;0.0;0.0;0.0;0.0;4.0;2.0;0.0;0.0;3.0;0.0;0;0;0;0;FOZ DO IGUAÇU;REGIÃO OESTE;36;30726.0;24186.0;21168.0;18924.0;19218.0;20394.0;24513.0;32028.0;34109.0;24756.0;20053.0;22410.0
21177.0;2019-01-31;19.0;24.0;28.0;30.0;869.0;37.0;3.0;19.0;25.0;693.0;37.0;0.0;37.0;1044.0;21.0;108.0;4;5;5;4;4;4;5;0;0;0;0;1;0;0;0;0;0;0;0;0;0;0;0;0.0;0.0;0.0;0.0;1.0;0.0;0.0;0.0;0.0;0.0;0.0;0.0;0.0;0.0;0.0;0.0;0.0;1.0;0.0;0.0;0.0;0.0;0.0;0.0;0.0;0.0;0.0;0.0;0.0;0.0;0.0;0.0;0.0;0.0;0.0;4.0;2.0;0.0;0.0;3.0;0.0;31;0;0;0;FOZ DO IGUAÇU;REGIÃO OESTE;37;26241.0;30726.0;24186.0;21168.0;18924.0;19218.0;20394.0;24513.0;32028.0;34109.0;24756.0;20053.0
24884.0;2019-02-28;16.0;22.0;26.0;30.0;727.0;37.0;8.0;16.0;24.0;561.0;37.0;0.0;37.0;892.0;50.0;216.0;4;4;4;4;4;4;4;0;0;0;1;0;0;0;0;0;0;0;0;0;0;0;0;0.0;0.0;0.0;0.0;1.0;0.0;0.0;0.0;0.0;0.0;0.0;0.0;0.0;0.0;0.0;0.0;0.0;1.0;0.0;0.0;0.0;0.0;0.0;0.0;0.0;0.0;0.0;0.0;0.0;0.0;0.0;0.0;0.0;0.0;0.0;4.0;2.0;0.0;0.0;3.0;0.0;0;0;0;0;FOZ DO IGUAÇU;REGIÃO OESTE;38;21177.0;26241.0;30726.0;24186.0;21168.0;18924.0;19218.0;20394.0;24513.0;32028.0;34109.0;24756.0
32404.0;2019-03-31;13.0;21.0;24.0;27.0;751.0;34.0;11.0;13.0;22.0;590.0;34.0;0.0;34.0;913.0;84.0;336.0;5;4;4;4;5;5;4;0;0;0;0;0;0;0;0;1;0;0;0;0;0;0;0;0.0;0.0;0.0;0.0;1.0;0.0;0.0;0.0;0.0;0.0;0.0;0.0;0.0;0.0;0.0;0.0;0.0;1.0;0.0;0.0;0.0;0.0;0.0;0.0;0.0;0.0;0.0;0.0;0.0;0.0;0.0;0.0;0.0;0.0;0.0;4.0;2.0;0.0;0.0;3.0;0.0;0;3;0;0;FOZ DO IGUAÇU;REGIÃO OESTE;39;24884.0;21177.0;26241.0;30726.0;24186.0;21168.0;18924.0;19218.0;20394.0;24513.0;32028.0;34109.0
27570.0;2019-04-30;13.0;19.0;23.0;26.0;696.0;32.0;9.0;13.0;22.0;556.0;32.0;0.0;32.0;836.0;67.0;271.0;4;4;4;5;4;4;5;1;0;0;0;0;0;0;0;0;0;0;0;0;0;0;0;0.0;0.0;0.0;0.0;1.0;0.0;0.0;0.0;0.0;0.0;0.0;0.0;0.0;0.0;0.0;0.0;0.0;1.0;0.0;0.0;0.0;0.0;0.0;0.0;0.0;0.0;0.0;0.0;0.0;0.0;0.0;0.0;0.0;0.0;0.0;4.0;2.0;0.0;0.0;3.0;0.0;0;1;0;0;FOZ DO IGUAÇU;REGIÃO OESTE;40;32404.0;24884.0;21177.0;26241.0;30726.0;24186.0;21168.0;18924.0;19218.0;20394.0;24513.0;32028.0
21680.0;2019-05-31;11.0;14.0;21.0;26.0;644.0;30.0;4.0;11.0;22.0;529.0;30.0;0.0;30.0;758.0;31.0;118.0;4;5;5;4;5;4;4;0;0;0;0;0;0;0;1;0;0;0;0;0;0;0;0;0.0;0.0;0.0;0.0;1.0;0.0;0.0;0.0;0.0;0.0;0.0;0.0;0.0;0.0;0.0;0.0;0.0;1.0;0.0;0.0;0.0;0.0;0.0;0.0;0.0;0.0;0.0;0.0;0.0;0.0;0.0;0.0;0.0;0.0;0.0;4.0;2.0;0.0;0.0;3.0;0.0;0;0;0;0;FOZ DO IGUAÇU;REGIÃO OESTE;41;27570.0;32404.0;24884.0;21177.0;26241.0;30726.0;24186.0;21168.0;18924.0;19218.0;20394.0;24513.0
16638.0;2019-06-30;9.0;13.0;20.0;24.0;606.0;30.0;1.0;9.0;19.0;445.0;30.0;0.0;30.0;768.0;32.0;33.0;5;4;4;4;4;5;4;0;0;0;0;0;0;1;0;0;0;0;0;0;0;0;0;0.0;0.0;0.0;0.0;1.0;0.0;0.0;0.0;0.0;0.0;0.0;0.0;0.0;0.0;0.0;0.0;0.0;1.0;0.0;0.0;0.0;0.0;0.0;0.0;0.0;0.0;0.0;0.0;0.0;0.0;0.0;0.0;0.0;0.0;0.0;4.0;2.0;0.0;0.0;3.0;0.0;0;1;0;0;FOZ DO IGUAÇU;REGIÃO OESTE;42;21680.0;27570.0;32404.0;24884.0;21177.0;26241.0;30726.0;24186.0;21168.0;18924.0;19218.0;20394.0
15347.0;2019-07-31;2.0;8.0;17.0;24.0;527.0;30.0;1.0;2.0;19.0;374.0;30.0;0.0;30.0;681.0;6.0;16.0;4;5;4;5;4;4;5;0;0;0;0;0;1;0;0;0;0;0;0;0;0;0;0;0.0;0.0;0.0;0.0;1.0;0.0;0.0;0.0;0.0;0.0;0.0;0.0;0.0;0.0;0.0;0.0;0.0;1.0;0.0;0.0;0.0;0.0;0.0;0.0;0.0;0.0;0.0;0.0;0.0;0.0;0.0;0.0;0.0;0.0;0.0;4.0;2.0;0.0;0.0;3.0;0.0;16;0;0;0;FOZ DO IGUAÇU;REGIÃO OESTE;43;16638.0;21680.0;27570.0;32404.0;24884.0;21177.0;26241.0;30726.0;24186.0;21168.0;18924.0;19218.0
18075.0;2019-08-31;7.0;13.0;20.0;25.0;617.0;34.0;1.0;7.0;19.0;399.0;34.0;0.0;34.0;834.0;17.0;19.0;4;4;5;4;5;5;4;0;1;0;0;0;0;0;0;0;0;0;0;0;0;0;0;0.0;0.0;0.0;0.0;1.0;0.0;0.0;0.0;0.0;0.0;0.0;0.0;0.0;0.0;0.0;0.0;0.0;1.0;0.0;0.0;0.0;0.0;0.0;0.0;0.0;0.0;0.0;0.0;0.0;0.0;0.0;0.0;0.0;0.0;0.0;4.0;1.0;0.0;0.0;3.0;0.0;0;0;0;0;FOZ DO IGUAÇU;REGIÃO OESTE;44;15347.0;16638.0;21680.0;27570.0;32404.0;24884.0;21177.0;26241.0;30726.0;24186.0;21168.0;18924.0
22482.0;2019-09-30;7.0;16.0;23.0;30.0;684.0;38.0;0.0;7.0;22.0;477.0;38.0;0.0;38.0;890.0;4.0;5.0;5;4;4;5;4;4;4;0;0;0;0;0;0;0;0;0;0;0;1;0;0;0;0;0.0;0.0;0.0;0.0;1.0;0.0;0.0;0.0;0.0;0.0;0.0;0.0;0.0;0.0;0.0;0.0;0.0;1.0;0.0;0.0;0.0;0.0;0.0;0.0;0.0;0.0;0.0;0.0;0.0;0.0;0.0;0.0;0.0;0.0;0.0;4.0;1.0;0.0;0.0;3.0;0.0;0;0;0;0;FOZ DO IGUAÇU;REGIÃO OESTE;45;18075.0;15347.0;16638.0;21680.0;27570.0;32404.0;24884.0;21177.0;26241.0;30726.0;24186.0;21168.0
27213.0;2019-10-31;12.0;19.0;25.0;31.0;788.0;38.0;3.0;12.0;24.0;580.0;38.0;0.0;38.0;996.0;30.0;100.0;4;5;5;4;4;4;5;0;0;0;0;0;0;0;0;0;0;1;0;0;0;0;0;0.0;0.0;0.0;0.0;1.0;0.0;0.0;0.0;0.0;0.0;0.0;0.0;0.0;0.0;0.0;0.0;0.0;1.0;0.0;0.0;0.0;0.0;0.0;0.0;0.0;0.0;0.0;0.0;0.0;0.0;0.0;0.0;0.0;0.0;0.0;4.0;1.0;0.0;0.0;3.0;0.0;0;0;0;0;FOZ DO IGUAÇU;REGIÃO OESTE;46;22482.0;18075.0;15347.0;16638.0;21680.0;27570.0;32404.0;24884.0;21177.0;26241.0;30726.0;24186.0
32166.0;2019-11-30;15.0;22.0;26.0;29.0;775.0;35.0;1.0;15.0;24.0;606.0;35.0;0.0;35.0;943.0;8.0;28.0;4;4;4;4;5;5;4;0;0;0;0;0;0;0;0;0;1;0;0;0;0;0;0;0.0;0.0;0.0;0.0;1.0;0.0;0.0;0.0;0.0;0.0;0.0;0.0;0.0;0.0;0.0;0.0;0.0;1.0;0.0;0.0;0.0;0.0;0.0;0.0;0.0;0.0;0.0;0.0;0.0;0.0;0.0;0.0;0.0;0.0;0.0;4.0;1.0;0.0;0.0;3.0;0.0;0;0;0;0;FOZ DO IGUAÇU;REGIÃO OESTE;47;27213.0;22482.0;18075.0;15347.0;16638.0;21680.0;27570.0;32404.0;24884.0;21177.0;26241.0;30726.0
24004.0;2019-12-31;14.0;21.0;25.0;29.0;767.0;35.0;2.0;14.0;24.0;598.0;35.0;0.0;35.0;935.0;32.0;57.0;5;4;4;5;4;4;5;0;0;1;0;0;0;0;0;0;0;0;0;0;0;0;0;0.0;0.0;0.0;0.0;1.0;0.0;0.0;0.0;0.0;0.0;0.0;0.0;0.0;0.0;0.0;0.0;0.0;1.0;0.0;0.0;0.0;0.0;0.0;0.0;0.0;0.0;0.0;0.0;0.0;0.0;0.0;0.0;0.0;0.0;0.0;4.0;1.0;0.0;0.0;3.0;0.0;0;0;0;0;FOZ DO IGUAÇU;REGIÃO OESTE;48;32166.0;27213.0;22482.0;18075.0;15347.0;16638.0;21680.0;27570.0;32404.0;24884.0;21177.0;26241.0
20661.0;2020-01-31;18.0;20.0;26.0;28.0;821.0;35.0;0.0;18.0;24.0;664.0;35.0;0.0;35.0;978.0;4.0;14.0;4;5;5;4;5;4;4;0;0;0;0;1;0;0;0;0;0;0;0;0;0;0;0;0.0;0.0;0.0;0.0;0.0;1.0;0.0;0.0;0.0;0.0;0.0;0.0;0.0;0.0;0.0;0.0;0.0;1.0;0.0;0.0;0.0;0.0;0.0;0.0;0.0;0.0;0.0;0.0;0.0;0.0;0.0;0.0;0.0;0.0;0.0;4.0;1.0;0.0;0.0;3.0;0.0;31;0;0;0;FOZ DO IGUAÇU;REGIÃO OESTE;49;24004.0;32166.0;27213.0;22482.0;18075.0;15347.0;16638.0;21680.0;27570.0;32404.0;24884.0;21177.0
28471.0;2020-02-29;12.0;20.0;26.0;30.0;763.0;36.0;2.0;12.0;24.0;599.0;36.0;0.0;36.0;927.0;33.0;58.0;4;4;4;4;4;5;4;0;0;0;1;0;0;0;0;0;0;0;0;0;0;0;0;0.0;0.0;0.0;0.0;0.0;1.0;0.0;0.0;0.0;0.0;0.0;0.0;0.0;0.0;0.0;0.0;0.0;1.0;0.0;0.0;0.0;0.0;0.0;0.0;0.0;0.0;0.0;0.0;0.0;0.0;0.0;0.0;0.0;0.0;0.0;5.0;1.0;1.0;1.0;3.0;1.0;0;3;0;0;FOZ DO IGUAÇU;REGIÃO OESTE;50;20661.0;24004.0;32166.0;27213.0;22482.0;18075.0;15347.0;16638.0;21680.0;27570.0;32404.0;24884.0
24517.0;2020-03-31;14.0;22.0;26.0;30.0;803.0;37.0;1.0;14.0;23.0;607.0;37.0;0.0;37.0;998.0;34.0;45.0;5;4;4;5;4;4;5;0;0;0;0;0;0;0;0;1;0;0;0;0;0;0;0;0.0;0.0;0.0;0.0;0.0;1.0;0.0;0.0;0.0;0.0;0.0;0.0;0.0;0.0;0.0;0.0;0.0;1.0;0.0;0.0;0.0;0.0;0.0;0.0;0.0;0.0;0.0;0.0;0.0;0.0;0.0;0.0;0.0;0.0;0.0;5.0;1.0;1.0;1.0;3.0;1.0;0;0;15;0;FOZ DO IGUAÇU;REGIÃO OESTE;51;28471.0;20661.0;24004.0;32166.0;27213.0;22482.0;18075.0;15347.0;16638.0;21680.0;27570.0;32404.0
12504.0;2020-04-30;9.0;16.0;22.0;28.0;650.0;34.0;0.0;9.0;24.0;478.0;34.0;0.0;34.0;823.0;2.0;4.0;4;5;5;4;4;4;4;1;0;0;0;0;0;0;0;0;0;0;0;0;0;0;0;0.0;0.0;0.0;0.0;0.0;1.0;0.0;0.0;0.0;0.0;0.0;0.0;0.0;0.0;0.0;0.0;0.0;1.0;0.0;0.0;0.0;0.0;0.0;0.0;0.0;0.0;0.0;0.0;0.0;0.0;0.0;0.0;0.0;0.0;0.0;5.0;1.0;1.0;1.0;3.0;1.0;0;1;30;0;FOZ DO IGUAÇU;REGIÃO OESTE;52;24517.0;28471.0;20661.0;24004.0;32166.0;27213.0;22482.0;18075.0;15347.0;16638.0;21680.0;27570.0
9658.0;2020-05-31;1.0;10.0;17.0;24.0;540.0;30.0;7.0;1.0;22.0;358.0;30.0;0.0;30.0;723.0;134.0;231.0;5;4;4;4;5;5;4;0;0;0;0;0;0;0;1;0;0;0;0;0;0;0;0;0.0;0.0;0.0;0.0;0.0;1.0;0.0;0.0;0.0;0.0;0.0;0.0;0.0;0.0;0.0;0.0;0.0;1.0;0.0;0.0;0.0;0.0;0.0;0.0;0.0;0.0;0.0;0.0;0.0;0.0;0.0;0.0;0.0;0.0;0.0;5.0;1.0;1.0;1.0;3.0;1.0;0;0;31;0;FOZ DO IGUAÇU;REGIÃO OESTE;53;12504.0;24517.0;28471.0;20661.0;24004.0;32166.0;27213.0;22482.0;18075.0;15347.0;16638.0;21680.0
9012.0;2020-06-30;7.0;14.0;21.0;27.0;616.0;30.0;4.0;7.0;25.0;492.0;30.0;0.0;30.0;739.0;55.0;111.0;4;4;4;5;4;4;5;0;0;0;0;0;0;1;0;0;0;0;0;0;0;0;0;0.0;0.0;0.0;0.0;0.0;1.0;0.0;0.0;0.0;0.0;0.0;0.0;0.0;0.0;0.0;0.0;0.0;1.0;0.0;0.0;0.0;0.0;0.0;0.0;0.0;0.0;0.0;0.0;0.0;0.0;0.0;0.0;0.0;0.0;0.0;5.0;1.0;1.0;1.0;3.0;1.0;0;1;30;0;FOZ DO IGUAÇU;REGIÃO OESTE;54;9658.0;12504.0;24517.0;28471.0;20661.0;24004.0;32166.0;27213.0;22482.0;18075.0;15347.0;16638.0
9988.0;2020-07-31;6.0;12.0;18.0;25.0;568.0;29.0;1.0;6.0;24.0;430.0;29.0;0.0;29.0;705.0;11.0;16.0;4;5;5;4;5;4;4;0;0;0;0;0;1;0;0;0;0;0;0;0;0;0;0;0.0;0.0;0.0;0.0;0.0;1.0;0.0;0.0;0.0;0.0;0.0;0.0;0.0;0.0;0.0;0.0;0.0;1.0;0.0;0.0;0.0;0.0;0.0;0.0;0.0;0.0;0.0;0.0;0.0;0.0;0.0;0.0;0.0;0.0;0.0;5.0;1.0;1.0;1.0;3.0;1.0;0;0;31;0;FOZ DO IGUAÇU;REGIÃO OESTE;55;9012.0;9658.0;12504.0;24517.0;28471.0;20661.0;24004.0;32166.0;27213.0;22482.0;18075.0;15347.0
9951.0;2020-08-31;8.0;9.0;20.0;27.0;612.0;32.0;8.0;8.0;23.0;454.0;32.0;0.0;32.0;770.0;97.0;255.0;5;4;4;5;4;5;4;0;1;0;0;0;0;0;0;0;0;0;0;0;0;0;0;0.0;0.0;0.0;0.0;0.0;1.0;0.0;0.0;0.0;0.0;0.0;0.0;0.0;0.0;0.0;0.0;0.0;1.0;0.0;0.0;0.0;0.0;0.0;0.0;0.0;0.0;0.0;0.0;0.0;0.0;0.0;0.0;0.0;0.0;0.0;5.0;1.0;1.0;1.0;3.0;1.0;0;0;31;0;FOZ DO IGUAÇU;REGIÃO OESTE;56;9988.0;9012.0;9658.0;12504.0;24517.0;28471.0;20661.0;24004.0;32166.0;27213.0;22482.0;18075.0
9660.0;2020-09-30;11.0;17.0;24.0;31.0;732.0;38.0;0.0;11.0;28.0;572.0;38.0;0.0;38.0;892.0;0.0;0.0;4;5;4;4;4;4;5;0;0;0;0;0;0;0;0;0;0;0;1;0;0;0;0;0.0;0.0;0.0;0.0;0.0;1.0;0.0;0.0;0.0;0.0;0.0;0.0;0.0;0.0;0.0;0.0;0.0;1.0;0.0;0.0;0.0;0.0;0.0;0.0;0.0;0.0;0.0;0.0;0.0;0.0;0.0;0.0;0.0;0.0;0.0;5.0;1.0;1.0;1.0;3.0;1.0;0;0;30;0;FOZ DO IGUAÇU;REGIÃO OESTE;57;9951.0;9988.0;9012.0;9658.0;12504.0;24517.0;28471.0;20661.0;24004.0;32166.0;27213.0;22482.0
11315.0;2020-10-31;13.0;20.0;26.0;30.0;794.0;36.0;3.0;13.0;23.0;601.0;36.0;0.0;36.0;988.0;69.0;106.0;4;4;5;4;5;5;4;0;0;0;0;0;0;0;0;0;0;1;0;0;0;0;0;0.0;0.0;0.0;0.0;0.0;1.0;0.0;0.0;0.0;0.0;0.0;0.0;0.0;0.0;0.0;0.0;0.0;1.0;0.0;0.0;0.0;0.0;0.0;0.0;0.0;0.0;0.0;0.0;0.0;0.0;0.0;0.0;0.0;0.0;0.0;5.0;1.0;1.0;1.0;3.0;1.0;0;0;31;0;FOZ DO IGUAÇU;REGIÃO OESTE;58;9660.0;9951.0;9988.0;9012.0;9658.0;12504.0;24517.0;28471.0;20661.0;24004.0;32166.0;27213.0
12270.0;2020-11-30;12.0;20.0;25.0;31.0;746.0;38.0;2.0;12.0;25.0;545.0;38.0;0.0;38.0;947.0;14.0;58.0;5;4;4;5;4;4;4;0;0;0;0;0;0;0;0;0;1;0;0;0;0;0;0;0.0;0.0;0.0;0.0;0.0;1.0;0.0;0.0;0.0;0.0;0.0;0.0;0.0;0.0;0.0;0.0;0.0;1.0;0.0;0.0;0.0;0.0;0.0;0.0;0.0;0.0;0.0;0.0;0.0;0.0;0.0;0.0;0.0;0.0;0.0;5.0;1.0;1.0;1.0;3.0;1.0;0;0;30;0;FOZ DO IGUAÇU;REGIÃO OESTE;59;11315.0;9660.0;9951.0;9988.0;9012.0;9658.0;12504.0;24517.0;28471.0;20661.0;24004.0;32166.0
12803.0;2020-12-31;15.0;22.0;26.0;29.0;806.0;36.0;8.0;15.0;23.0;626.0;36.0;0.0;36.0;987.0;106.0;256.0;4;5;5;4;4;4;5;0;0;1;0;0;0;0;0;0;0;0;0;0;0;0;0;0.0;0.0;0.0;0.0;0.0;1.0;0.0;0.0;0.0;0.0;0.0;0.0;0.0;0.0;0.0;0.0;0.0;1.0;0.0;0.0;0.0;0.0;0.0;0.0;0.0;0.0;0.0;0.0;0.0;0.0;0.0;0.0;0.0;0.0;0.0;5.0;1.0;1.0;1.0;3.0;1.0;0;0;31;0;FOZ DO IGUAÇU;REGIÃO OESTE;60;12270.0;11315.0;9660.0;9951.0;9988.0;9012.0;9658.0;12504.0;24517.0;28471.0;20661.0;24004.0
11346.0;2021-01-31;18.0;24.0;26.0;29.0;791.0;35.0;7.0;18.0;23.0;647.0;35.0;0.0;35.0;935.0;38.0;214.0;5;4;4;4;5;5;4;0;0;0;0;1;0;0;0;0;0;0;0;1;0;0;0;0.0;0.0;0.0;0.0;0.0;0.0;0.0;0.0;0.0;0.0;0.0;0.0;0.0;0.0;0.0;0.0;0.0;1.0;0.0;0.0;0.0;0.0;0.0;0.0;0.0;0.0;0.0;0.0;0.0;0.0;0.0;0.0;0.0;0.0;0.0;5.0;1.0;1.0;1.0;3.0;1.0;0;0;31;0;FOZ DO IGUAÇU;REGIÃO OESTE;61;12803.0;12270.0;11315.0;9660.0;9951.0;9988.0;9012.0;9658.0;12504.0;24517.0;28471.0;20661.0
11704.0;2021-02-28;14.0;22.0;25.0;28.0;700.0;36.0;3.0;14.0;23.0;525.0;36.0;0.0;36.0;876.0;23.0;71.0;4;4;4;4;4;4;4;0;0;0;1;0;0;0;0;0;0;0;0;1;0;0;0;0.0;0.0;0.0;0.0;0.0;0.0;0.0;0.0;0.0;0.0;0.0;0.0;0.0;0.0;0.0;0.0;0.0;1.0;0.0;0.0;0.0;0.0;0.0;0.0;0.0;0.0;0.0;0.0;0.0;0.0;0.0;0.0;0.0;0.0;0.0;5.0;1.0;1.0;1.0;3.0;1.0;0;3;28;0;FOZ DO IGUAÇU;REGIÃO OESTE;62;11346.0;12803.0;12270.0;11315.0;9660.0;9951.0;9988.0;9012.0;9658.0;12504.0;24517.0;28471.0
11222.0;2021-03-31;14.0;20.0;26.0;28.0;791.0;35.0;2.0;14.0;22.0;603.0;35.0;0.0;35.0;979.0;16.0;76.0;4;5;4;5;4;4;5;0;0;0;0;0;0;0;0;1;0;0;0;1;0;0;0;0.0;0.0;0.0;0.0;0.0;0.0;0.0;0.0;0.0;0.0;0.0;0.0;0.0;0.0;0.0;0.0;0.0;1.0;0.0;0.0;0.0;0.0;0.0;0.0;0.0;0.0;0.0;0.0;0.0;0.0;0.0;0.0;0.0;0.0;0.0;5.0;1.0;1.0;1.0;3.0;1.0;0;0;31;0;FOZ DO IGUAÇU;REGIÃO OESTE;63;11704.0;11346.0;12803.0;12270.0;11315.0;9660.0;9951.0;9988.0;9012.0;9658.0;12504.0;24517.0
9390.0;2021-04-30;9.0;18.0;23.0;28.0;678.0;34.0;2.0;9.0;21.0;484.0;34.0;0.0;34.0;873.0;22.0;68.0;4;4;5;4;5;4;4;1;0;0;0;0;0;0;0;0;0;0;0;1;0;0;0;0.0;0.0;0.0;0.0;0.0;0.0;0.0;0.0;0.0;0.0;0.0;0.0;0.0;0.0;0.0;0.0;0.0;1.0;0.0;0.0;0.0;0.0;0.0;0.0;0.0;0.0;0.0;0.0;0.0;0.0;0.0;0.0;0.0;0.0;0.0;5.0;1.0;1.0;1.0;3.0;1.0;0;1;30;0;FOZ DO IGUAÇU;REGIÃO OESTE;64;11222.0;11704.0;11346.0;12803.0;12270.0;11315.0;9660.0;9951.0;9988.0;9012.0;9658.0;12504.0
9424.0;2021-05-31;6.0;13.0;19.0;25.0;599.0;32.0;1.0;6.0;18.0;408.0;32.0;0.0;32.0;790.0;14.0;26.0;5;4;4;5;4;5;4;0;0;0;0;0;0;0;1;0;0;0;0;1;0;0;0;0.0;0.0;0.0;0.0;0.0;0.0;0.0;0.0;0.0;0.0;0.0;0.0;0.0;0.0;0.0;0.0;0.0;1.0;0.0;0.0;0.0;0.0;0.0;0.0;0.0;0.0;0.0;0.0;0.0;0.0;0.0;0.0;0.0;0.0;0.0;5.0;1.0;1.0;1.0;3.0;1.0;0;0;31;0;FOZ DO IGUAÇU;REGIÃO OESTE;65;9390.0;11222.0;11704.0;11346.0;12803.0;12270.0;11315.0;9660.0;9951.0;9988.0;9012.0;9658.0
8520.0;2021-06-30;0.0;6.0;17.0;25.0;516.0;31.0;5.0;0.0;19.0;374.0;31.0;0.0;31.0;658.0;61.0;143.0;4;5;4;4;4;4;5;0;0;0;0;0;0;1;0;0;0;0;0;1;0;0;0;0.0;0.0;0.0;0.0;0.0;0.0;0.0;0.0;0.0;0.0;0.0;0.0;0.0;0.0;0.0;0.0;0.0;1.0;0.0;0.0;0.0;0.0;0.0;0.0;0.0;0.0;0.0;0.0;0.0;0.0;0.0;0.0;0.0;0.0;0.0;5.0;1.0;1.0;1.0;3.0;1.0;0;1;30;0;FOZ DO IGUAÇU;REGIÃO OESTE;66;9424.0;9390.0;11222.0;11704.0;11346.0;12803.0;12270.0;11315.0;9660.0;9951.0;9988.0;9012.0
8587.0;2021-07-31;-1.0;7.0;17.0;25.0;514.0;30.0;2.0;-1.0;20.0;299.0;30.0;0.0;30.0;729.0;25.0;58.0;4;4;5;4;5;5;4;0;0;0;0;0;1;0;0;0;0;0;0;1;0;0;0;0.0;0.0;0.0;0.0;0.0;0.0;0.0;0.0;0.0;0.0;0.0;0.0;0.0;0.0;0.0;0.0;0.0;1.0;0.0;0.0;0.0;0.0;0.0;0.0;0.0;0.0;0.0;0.0;0.0;0.0;0.0;0.0;0.0;0.0;0.0;5.0;1.0;1.0;1.0;3.0;1.0;0;0;31;0;FOZ DO IGUAÇU;REGIÃO OESTE;67;8520.0;9424.0;9390.0;11222.0;11704.0;11346.0;12803.0;12270.0;11315.0;9660.0;9951.0;9988.0
8959.0;2021-08-31;7.0;14.0;22.0;30.0;673.0;36.0;1.0;7.0;24.0;469.0;36.0;0.0;36.0;877.0;14.0;46.0;5;4;4;5;4;4;5;0;1;0;0;0;0;0;0;0;0;0;0;1;0;0;0;0.0;0.0;0.0;0.0;0.0;0.0;0.0;0.0;0.0;0.0;0.0;0.0;0.0;0.0;0.0;0.0;0.0;1.0;0.0;0.0;0.0;0.0;0.0;0.0;0.0;0.0;0.0;0.0;0.0;0.0;0.0;0.0;0.0;0.0;0.0;5.0;1.0;1.0;1.0;3.0;1.0;0;0;31;0;FOZ DO IGUAÇU;REGIÃO OESTE;68;8587.0;8520.0;9424.0;9390.0;11222.0;11704.0;11346.0;12803.0;12270.0;11315.0;9660.0;9951.0
10860.0;2021-09-30;10.0;18.0;25.0;31.0;760.0;40.0;4.0;10.0;24.0;533.0;40.0;0.0;40.0;987.0;32.0;133.0;4;5;5;4;4;4;4;0;0;0;0;0;0;0;0;0;0;0;1;1;0;0;0;0.0;0.0;0.0;0.0;0.0;0.0;0.0;0.0;0.0;0.0;0.0;0.0;0.0;0.0;0.0;0.0;0.0;1.0;0.0;0.0;0.0;0.0;0.0;0.0;0.0;0.0;0.0;0.0;0.0;0.0;0.0;0.0;0.0;0.0;0.0;5.0;1.0;1.0;1.0;3.0;1.0;0;0;30;0;FOZ DO IGUAÇU;REGIÃO OESTE;69;8959.0;8587.0;8520.0;9424.0;9390.0;11222.0;11704.0;11346.0;12803.0;12270.0;11315.0;9660.0
13733.0;2021-10-31;12.0;20.0;23.0;26.0;699.0;33.0;14.0;12.0;20.0;532.0;33.0;0.0;33.0;865.0;128.0;444.0;5;4;4;4;5;5;4;0;0;0;0;0;0;0;0;0;0;1;0;1;0;0;0;0.0;0.0;0.0;0.0;0.0;0.0;0.0;0.0;0.0;0.0;0.0;0.0;0.0;0.0;0.0;0.0;0.0;1.0;0.0;0.0;0.0;0.0;0.0;0.0;0.0;0.0;0.0;0.0;0.0;0.0;0.0;0.0;0.0;0.0;0.0;5.0;1.0;1.0;1.0;3.0;1.0;0;0;0;0;FOZ DO IGUAÇU;REGIÃO OESTE;70;10860.0;8959.0;8587.0;8520.0;9424.0;9390.0;11222.0;11704.0;11346.0;12803.0;12270.0;11315.0
25710.0;2021-11-30;14.0;22.0;25.0;28.0;751.0;36.0;2.0;14.0;21.0;564.0;36.0;0.0;36.0;938.0;17.0;62.0;4;4;4;5;4;4;5;0;0;0;0;0;0;0;0;0;1;0;0;1;0;0;0;0.0;0.0;0.0;0.0;0.0;0.0;0.0;0.0;0.0;0.0;0.0;0.0;0.0;0.0;0.0;0.0;0.0;1.0;0.0;0.0;0.0;0.0;0.0;0.0;0.0;0.0;0.0;0.0;0.0;0.0;0.0;0.0;0.0;0.0;0.0;5.0;1.0;1.0;1.0;3.0;1.0;0;0;0;0;FOZ DO IGUAÇU;REGIÃO OESTE;71;13733.0;10860.0;8959.0;8587.0;8520.0;9424.0;9390.0;11222.0;11704.0;11346.0;12803.0;12270.0
25172.0;2021-12-31;15.0;23.0;27.0;30.0;851.0;39.0;0.0;15.0;25.0;612.0;39.0;0.0;39.0;1089.0;15.0;15.0;4;5;5;4;5;4;4;0;0;1;0;0;0;0;0;0;0;0;0;1;0;0;0;0.0;0.0;0.0;0.0;0.0;0.0;0.0;0.0;0.0;0.0;0.0;0.0;0.0;0.0;0.0;0.0;0.0;1.0;0.0;0.0;0.0;0.0;0.0;0.0;0.0;0.0;0.0;0.0;0.0;0.0;0.0;0.0;0.0;0.0;0.0;5.0;1.0;1.0;1.0;3.0;1.0;0;0;0;0;FOZ DO IGUAÇU;REGIÃO OESTE;72;25710.0;13733.0;10860.0;8959.0;8587.0;8520.0;9424.0;9390.0;11222.0;11704.0;11346.0;12803.0
22723.0;2022-01-31;17.0;22.0;28.0;32.0;868.0;40.0;3.0;17.0;24.0;661.0;40.0;0.0;40.0;1076.0;33.0;95.0;5;4;4;5;4;5;4;0;0;0;0;1;0;0;0;0;0;0;0;0;1;0;0;0.0;0.0;0.0;0.0;0.0;0.0;0.0;0.0;0.0;0.0;0.0;0.0;0.0;0.0;0.0;0.0;0.0;1.0;0.0;0.0;0.0;0.0;0.0;0.0;0.0;0.0;0.0;0.0;0.0;0.0;0.0;0.0;0.0;0.0;0.0;5.0;1.0;1.0;1.0;3.0;1.0;31;0;0;0;FOZ DO IGUAÇU;REGIÃO OESTE;73;25172.0;25710.0;13733.0;10860.0;8959.0;8587.0;8520.0;9424.0;9390.0;11222.0;11704.0;11346.0
35392.0;2022-02-28;12.0;21.0;27.0;31.0;762.0;38.0;2.0;12.0;24.0;562.0;38.0;0.0;38.0;961.0;26.0;55.0;4;4;4;4;4;4;4;0;0;0;1;0;0;0;0;0;0;0;0;0;1;0;0;0.0;0.0;0.0;0.0;0.0;0.0;0.0;0.0;0.0;0.0;0.0;0.0;0.0;0.0;0.0;0.0;0.0;1.0;0.0;0.0;0.0;0.0;0.0;0.0;0.0;0.0;0.0;0.0;0.0;0.0;0.0;0.0;0.0;0.0;0.0;5.0;1.0;1.0;1.0;3.0;1.0;0;1;0;0;FOZ DO IGUAÇU;REGIÃO OESTE;74;22723.0;25172.0;25710.0;13733.0;10860.0;8959.0;8587.0;8520.0;9424.0;9390.0;11222.0;11704.0
31341.0;2022-03-31;11.0;16.0;24.0;29.0;756.0;36.0;8.0;11.0;23.0;585.0;36.0;0.0;36.0;927.0;83.0;237.0;4;5;5;4;4;4;5;0;0;0;0;0;0;0;0;1;0;0;0;0;1;0;0;0.0;0.0;0.0;0.0;0.0;0.0;0.0;0.0;0.0;0.0;0.0;0.0;0.0;0.0;0.0;0.0;0.0;1.0;0.0;0.0;0.0;0.0;0.0;0.0;0.0;0.0;0.0;0.0;0.0;0.0;0.0;0.0;0.0;0.0;0.0;5.0;1.0;1.0;1.0;3.0;1.0;0;1;0;0;FOZ DO IGUAÇU;REGIÃO OESTE;75;35392.0;22723.0;25172.0;25710.0;13733.0;10860.0;8959.0;8587.0;8520.0;9424.0;9390.0;11222.0
15210.0;2022-04-30;8.0;17.0;22.0;26.0;656.0;32.0;6.0;8.0;21.0;505.0;32.0;0.0;32.0;806.0;46.0;195.0;4;4;4;4;5;5;4;1;0;0;0;0;0;0;0;0;0;0;0;0;1;0;0;0.0;0.0;0.0;0.0;0.0;0.0;0.0;0.0;0.0;0.0;0.0;0.0;0.0;0.0;0.0;0.0;0.0;1.0;0.0;0.0;0.0;0.0;0.0;0.0;0.0;0.0;0.0;0.0;0.0;0.0;0.0;0.0;0.0;0.0;0.0;5.0;1.0;1.0;1.0;3.0;1.0;0;1;0;0;FOZ DO IGUAÇU;REGIÃO OESTE;76;31341.0;35392.0;22723.0;25172.0;25710.0;13733.0;10860.0;8959.0;8587.0;8520.0;9424.0;9390.0
20398.0;2022-05-31;4.0;11.0;17.0;23.0;531.0;29.0;6.0;4.0;20.0;383.0;29.0;0.0;29.0;679.0;62.0;183.0;5;4;4;5;4;4;5;0;0;0;0;0;0;0;1;0;0;0;0;0;1;0;0;0.0;0.0;0.0;0.0;0.0;0.0;0.0;0.0;0.0;0.0;0.0;0.0;0.0;0.0;0.0;0.0;0.0;1.0;0.0;0.0;0.0;0.0;0.0;0.0;0.0;0.0;0.0;0.0;0.0;0.0;0.0;0.0;0.0;0.0;0.0;5.0;1.0;1.0;1.0;3.0;1.0;0;0;0;0;FOZ DO IGUAÇU;REGIÃO OESTE;77;15210.0;31341.0;35392.0;22723.0;25172.0;25710.0;13733.0;10860.0;8959.0;8587.0;8520.0;9424.0
18840.0;2022-06-30;0.0;8.0;16.0;24.0;494.0;30.0;1.0;0.0;19.0;342.0;30.0;0.0;30.0;647.0;17.0;37.0;4;5;5;4;4;4;4;0;0;0;0;0;0;1;0;0;0;0;0;0;1;0;0;0.0;0.0;0.0;0.0;0.0;0.0;0.0;0.0;0.0;0.0;0.0;0.0;0.0;0.0;0.0;0.0;0.0;1.0;0.0;0.0;0.0;0.0;0.0;0.0;0.0;0.0;0.0;0.0;0.0;0.0;0.0;0.0;0.0;0.0;0.0;5.0;0.0;1.0;1.0;3.0;1.0;0;1;0;0;FOZ DO IGUAÇU;REGIÃO OESTE;78;20398.0;15210.0;31341.0;35392.0;22723.0;25172.0;25710.0;13733.0;10860.0;8959.0;8587.0;8520.0
14260.0;2022-07-31;7.0;14.0;21.0;29.0;650.0;30.0;0.0;7.0;28.0;472.0;30.0;0.0;30.0;828.0;4.0;5.0;5;4;4;4;5;5;4;0;0;0;0;0;1;0;0;0;0;0;0;0;1;0;0;0.0;0.0;0.0;0.0;0.0;0.0;0.0;0.0;0.0;0.0;0.0;0.0;0.0;0.0;0.0;0.0;0.0;1.0;0.0;0.0;0.0;0.0;0.0;0.0;0.0;0.0;0.0;0.0;0.0;0.0;0.0;0.0;0.0;0.0;0.0;5.0;0.0;1.0;1.0;3.0;1.0;0;0;0;0;FOZ DO IGUAÇU;REGIÃO OESTE;79;18840.0;20398.0;15210.0;31341.0;35392.0;22723.0;25172.0;25710.0;13733.0;10860.0;8959.0;8587.0
18724.0;2022-08-31;1.0;9.0;18.0;25.0;572.0;32.0;11.0;1.0;18.0;379.0;32.0;0.0;32.0;764.0;175.0;330.0;4;5;4;5;4;4;5;0;1;0;0;0;0;0;0;0;0;0;0;0;1;0;0;0.0;0.0;0.0;0.0;0.0;0.0;0.0;0.0;0.0;0.0;0.0;0.0;0.0;0.0;0.0;0.0;0.0;1.0;0.0;0.0;0.0;0.0;0.0;0.0;0.0;0.0;0.0;0.0;0.0;0.0;0.0;0.0;0.0;0.0;0.0;5.0;0.0;1.0;1.0;3.0;1.0;0;0;0;0;FOZ DO IGUAÇU;REGIÃO OESTE;80;14260.0;18840.0;20398.0;15210.0;31341.0;35392.0;22723.0;25172.0;25710.0;13733.0;10860.0;8959.0
18630.0;2022-09-30;4.0;13.0;18.0;25.0;552.0;33.0;7.0;4.0;18.0;390.0;33.0;0.0;33.0;714.0;48.0;223.0;4;4;5;4;5;4;4;0;0;0;0;0;0;0;0;0;0;0;1;0;1;0;0;0.0;0.0;0.0;0.0;0.0;0.0;0.0;0.0;0.0;0.0;0.0;0.0;0.0;0.0;0.0;0.0;0.0;1.0;0.0;0.0;0.0;0.0;0.0;0.0;0.0;0.0;0.0;0.0;0.0;0.0;0.0;0.0;0.0;0.0;0.0;5.0;0.0;1.0;1.0;3.0;1.0;0;0;0;0;FOZ DO IGUAÇU;REGIÃO OESTE;81;18724.0;14260.0;18840.0;20398.0;15210.0;31341.0;35392.0;22723.0;25172.0;25710.0;13733.0;10860.0
23622.0;2022-10-31;10.0;15.0;21.0;26.0;650.0;34.0;12.0;10.0;20.0;476.0;34.0;0.0;34.0;824.0;80.0;376.0;5;4;4;5;4;5;4;0;0;0;0;0;0;0;0;0;0;1;0;0;1;0;0;0.0;0.0;0.0;0.0;0.0;0.0;0.0;0.0;0.0;0.0;0.0;0.0;0.0;0.0;0.0;0.0;0.0;1.0;0.0;0.0;0.0;0.0;0.0;0.0;0.0;0.0;0.0;0.0;0.0;0.0;0.0;0.0;0.0;0.0;0.0;5.0;0.0;1.0;1.0;3.0;1.0;0;0;0;0;FOZ DO IGUAÇU;REGIÃO OESTE;82;18630.0;18724.0;14260.0;18840.0;20398.0;15210.0;31341.0;35392.0;22723.0;25172.0;25710.0;13733.0
27330.0;2022-11-30;6.0;14.0;22.0;26.0;664.0;34.0;2.0;6.0;20.0;442.0;34.0;0.0;34.0;885.0;57.0;72.0;4;5;4;4;4;4;5;0;0;0;0;0;0;0;0;0;1;0;0;0;1;0;0;0.0;0.0;0.0;0.0;0.0;0.0;0.0;0.0;0.0;0.0;0.0;0.0;0.0;0.0;0.0;0.0;0.0;1.0;0.0;0.0;0.0;0.0;0.0;0.0;0.0;0.0;0.0;0.0;0.0;0.0;0.0;0.0;0.0;0.0;0.0;5.0;0.0;1.0;1.0;3.0;1.0;0;0;0;0;FOZ DO IGUAÇU;REGIÃO OESTE;83;23622.0;18630.0;18724.0;14260.0;18840.0;20398.0;15210.0;31341.0;35392.0;22723.0;25172.0;25710.0
34162.0;2022-12-31;13.0;22.0;26.0;30.0;821.0;37.0;2.0;13.0;23.0;597.0;37.0;0.0;37.0;1046.0;28.0;54.0;4;4;5;4;5;5;4;0;0;1;0;0;0;0;0;0;0;0;0;0;1;0;0;0.0;0.0;0.0;0.0;0.0;0.0;0.0;0.0;0.0;0.0;0.0;0.0;0.0;0.0;0.0;0.0;0.0;1.0;0.0;0.0;0.0;0.0;0.0;0.0;0.0;0.0;0.0;0.0;0.0;0.0;0.0;0.0;0.0;0.0;0.0;5.0;0.0;1.0;1.0;3.0;1.0;0;0;0;0;FOZ DO IGUAÇU;REGIÃO OESTE;84;27330.0;23622.0;18630.0;18724.0;14260.0;18840.0;20398.0;15210.0;31341.0;35392.0;22723.0;25172.0
27807.0;2023-01-31;16.0;24.0;26.0;29.0;810.0;38.0;8.0;16.0;22.0;624.0;38.0;0.0;38.0;997.0;53.0;263.0;5;4;4;5;4;4;5;0;0;0;0;1;0;0;0;0;0;0;0;0;0;1;0;0.0;0.0;0.0;0.0;0.0;0.0;0.0;0.0;0.0;0.0;0.0;0.0;0.0;0.0;0.0;0.0;0.0;1.0;0.0;0.0;0.0;0.0;0.0;0.0;0.0;0.0;0.0;0.0;0.0;0.0;0.0;0.0;0.0;0.0;0.0;4.0;0.0;1.0;1.0;3.0;1.0;31;0;0;0;FOZ DO IGUAÇU;REGIÃO OESTE;85;34162.0;27330.0;23622.0;18630.0;18724.0;14260.0;18840.0;20398.0;15210.0;31341.0;35392.0;22723.0
33208.0;2023-02-28;9.0;17.0;25.0;28.0;693.0;35.0;7.0;9.0;22.0;536.0;35.0;0.0;35.0;850.0;42.0;193.0;4;4;4;4;4;4;4;0;0;0;1;0;0;0;0;0;0;0;0;0;0;1;0;0.0;0.0;0.0;0.0;0.0;0.0;0.0;0.0;0.0;0.0;0.0;0.0;0.0;0.0;0.0;0.0;0.0;1.0;0.0;0.0;0.0;0.0;0.0;0.0;0.0;0.0;0.0;0.0;0.0;0.0;0.0;0.0;0.0;0.0;0.0;4.0;0.0;1.0;1.0;3.0;1.0;0;3;0;0;FOZ DO IGUAÇU;REGIÃO OESTE;86;27807.0;34162.0;27330.0;23622.0;18630.0;18724.0;14260.0;18840.0;20398.0;15210.0;31341.0;35392.0
41664.0;2023-03-31;16.0;22.0;26.0;29.0;802.0;36.0;4.0;16.0;22.0;624.0;36.0;0.0;36.0;979.0;58.0;130.0;4;5;5;4;5;4;4;0;0;0;0;0;0;0;0;1;0;0;0;0;0;1;0;0.0;0.0;0.0;0.0;0.0;0.0;0.0;0.0;0.0;0.0;0.0;0.0;0.0;0.0;0.0;0.0;0.0;1.0;0.0;0.0;0.0;0.0;0.0;0.0;0.0;0.0;0.0;0.0;0.0;0.0;0.0;0.0;0.0;0.0;0.0;4.0;1.0;1.0;1.0;3.0;1.0;0;0;0;0;FOZ DO IGUAÇU;REGIÃO OESTE;87;33208.0;27807.0;34162.0;27330.0;23622.0;18630.0;18724.0;14260.0;18840.0;20398.0;15210.0;31341.0
26520.0;2023-04-30;10.0;16.0;22.0;26.0;650.0;33.0;6.0;10.0;21.0;490.0;33.0;0.0;33.0;810.0;86.0;174.0;5;4;4;4;4;5;4;1;0;0;0;0;0;0;0;0;0;0;0;0;0;1;0;0.0;0.0;0.0;0.0;0.0;0.0;0.0;0.0;0.0;0.0;0.0;0.0;0.0;0.0;0.0;0.0;0.0;1.0;0.0;0.0;0.0;0.0;0.0;0.0;0.0;0.0;0.0;0.0;0.0;0.0;0.0;0.0;0.0;0.0;0.0;4.0;1.0;1.0;1.0;3.0;1.0;0;1;0;0;FOZ DO IGUAÇU;REGIÃO OESTE;88;41664.0;33208.0;27807.0;34162.0;27330.0;23622.0;18630.0;18724.0;14260.0;18840.0;20398.0;15210.0
26443.0;2023-05-31;6.0;15.0;20.0;25.0;612.0;29.0;5.0;6.0;21.0;448.0;29.0;0.0;29.0;775.0;82.0;161.0;4;5;4;5;4;4;5;0;0;0;0;0;0;0;1;0;0;0;0;0;0;1;0;0.0;0.0;0.0;0.0;0.0;0.0;0.0;0.0;0.0;0.0;0.0;0.0;0.0;0.0;0.0;0.0;0.0;1.0;0.0;0.0;0.0;0.0;0.0;0.0;0.0;0.0;0.0;0.0;0.0;0.0;0.0;0.0;0.0;0.0;0.0;4.0;1.0;1.0;1.0;3.0;1.0;0;0;0;0;FOZ DO IGUAÇU;REGIÃO OESTE;89;26520.0;41664.0;33208.0;27807.0;34162.0;27330.0;23622.0;18630.0;18724.0;14260.0;18840.0;20398.0
24900.0;2023-06-30;7.0;10.0;18.0;21.0;537.0;28.0;2.0;7.0;17.0;373.0;28.0;0.0;28.0;702.0;19.0;71.0;4;4;5;4;5;4;4;0;0;0;0;0;0;1;0;0;0;0;0;0;0;1;0;0.0;0.0;0.0;0.0;0.0;0.0;0.0;0.0;0.0;0.0;0.0;0.0;0.0;0.0;0.0;0.0;0.0;1.0;0.0;0.0;0.0;0.0;0.0;0.0;0.0;0.0;0.0;0.0;0.0;0.0;0.0;0.0;0.0;0.0;0.0;4.0;1.0;1.0;1.0;3.0;1.0;0;1;0;0;FOZ DO IGUAÇU;REGIÃO OESTE;90;26443.0;26520.0;41664.0;33208.0;27807.0;34162.0;27330.0;23622.0;18630.0;18724.0;14260.0;18840.0
20057.0;2023-07-31;5.0;9.0;19.0;23.0;596.0;30.0;4.0;5.0;19.0;431.0;30.0;0.0;30.0;761.0;72.0;124.0;5;4;4;5;4;5;4;0;0;0;0;0;1;0;0;0;0;0;0;0;0;1;0;0.0;0.0;0.0;0.0;0.0;0.0;0.0;0.0;0.0;0.0;0.0;0.0;0.0;0.0;0.0;0.0;0.0;1.0;0.0;0.0;0.0;0.0;0.0;0.0;0.0;0.0;0.0;0.0;0.0;0.0;0.0;0.0;0.0;0.0;0.0;4.0;1.0;1.0;1.0;3.0;1.0;15;0;0;0;FOZ DO IGUAÇU;REGIÃO OESTE;91;24900.0;26443.0;26520.0;41664.0;33208.0;27807.0;34162.0;27330.0;23622.0;18630.0;18724.0;14260.0
26381.0;2023-08-31;6.0;13.0;21.0;28.0;645.0;34.0;2.0;6.0;22.0;452.0;34.0;0.0;34.0;839.0;20.0;57.0;4;5;5;4;4;4;5;0;1;0;0;0;0;0;0;0;0;0;0;0;0;1;0;0.0;0.0;0.0;0.0;0.0;0.0;0.0;0.0;0.0;0.0;0.0;0.0;0.0;0.0;0.0;0.0;0.0;1.0;0.0;0.0;0.0;0.0;0.0;0.0;0.0;0.0;0.0;0.0;0.0;0.0;0.0;0.0;0.0;0.0;0.0;4.0;1.0;1.0;1.0;3.0;1.0;0;0;0;0;FOZ DO IGUAÇU;REGIÃO OESTE;92;20057.0;24900.0;26443.0;26520.0;41664.0;33208.0;27807.0;34162.0;27330.0;23622.0;18630.0;18724.0
11580.0;2023-09-30;6.0;16.0;24.0;31.0;711.0;38.0;9.0;6.0;23.0;520.0;38.0;0.0;38.0;903.0;108.0;284.0;4;4;4;4;5;5;4;0;0;0;0;0;0;0;0;0;0;0;1;0;0;1;0;0.0;0.0;0.0;0.0;0.0;0.0;0.0;0.0;0.0;0.0;0.0;0.0;0.0;0.0;0.0;0.0;0.0;1.0;0.0;0.0;0.0;0.0;0.0;0.0;0.0;0.0;0.0;0.0;0.0;0.0;0.0;0.0;0.0;0.0;0.0;4.0;1.0;1.0;1.0;3.0;1.0;0;0;0;0;FOZ DO IGUAÇU;REGIÃO OESTE;93;26381.0;20057.0;24900.0;26443.0;26520.0;41664.0;33208.0;27807.0;34162.0;27330.0;23622.0;18630.0
26102.0;2023-10-31;13.0;18.0;24.0;30.0;730.0;38.0;14.0;13.0;22.0;559.0;38.0;0.0;38.0;900.0;129.0;421.0;5;4;4;5;4;4;5;0;0;0;0;0;0;0;0;0;0;1;0;0;0;1;0;0.0;0.0;0.0;0.0;0.0;0.0;0.0;0.0;0.0;0.0;0.0;0.0;0.0;0.0;0.0;0.0;0.0;1.0;0.0;0.0;0.0;0.0;0.0;0.0;0.0;0.0;0.0;0.0;0.0;0.0;0.0;0.0;0.0;0.0;0.0;4.0;1.0;1.0;1.0;3.0;1.0;0;0;0;0;FOZ DO IGUAÇU;REGIÃO OESTE;94;11580.0;26381.0;20057.0;24900.0;26443.0;26520.0;41664.0;33208.0;27807.0;34162.0;27330.0;23622.0
29340.0;2023-11-30;9.0;18.0;25.0;30.0;742.0;36.0;7.0;9.0;25.0;585.0;36.0;0.0;36.0;898.0;64.0;201.0;4;5;5;4;4;4;4;0;0;0;0;0;0;0;0;0;1;0;0;0;0;1;0;0.0;0.0;0.0;0.0;0.0;0.0;0.0;0.0;0.0;0.0;0.0;0.0;0.0;0.0;0.0;0.0;0.0;1.0;0.0;0.0;0.0;0.0;0.0;0.0;0.0;0.0;0.0;0.0;0.0;0.0;0.0;0.0;0.0;0.0;0.0;4.0;1.0;1.0;1.0;3.0;1.0;0;0;0;0;FOZ DO IGUAÇU;REGIÃO OESTE;95;26102.0;11580.0;26381.0;20057.0;24900.0;26443.0;26520.0;41664.0;33208.0;27807.0;34162.0;27330.0
9052.0;2023-12-31;15.0;23.0;27.0;31.0;822.0;37.0;4.0;15.0;25.0;655.0;37.0;0.0;37.0;989.0;43.0;109.0;5;4;4;4;5;5;4;0;0;1;0;0;0;0;0;0;0;0;0;0;0;1;0;0.0;0.0;0.0;0.0;0.0;0.0;0.0;0.0;0.0;0.0;0.0;0.0;0.0;0.0;0.0;0.0;0.0;1.0;0.0;0.0;0.0;0.0;0.0;0.0;0.0;0.0;0.0;0.0;0.0;0.0;0.0;0.0;0.0;0.0;0.0;4.0;1.0;1.0;1.0;3.0;1.0;0;0;0;0;FOZ DO IGUAÇU;REGIÃO OESTE;96;29340.0;26102.0;11580.0;26381.0;20057.0;24900.0;26443.0;26520.0;41664.0;33208.0;27807.0;34162.0
12803.0;2024-01-31;16.0;23.0;27.0;30.0;834.0;38.0;2.0;16.0;24.0;647.0;38.0;0.0;38.0;1022.0;25.0;69.0;4;5;4;5;4;4;5;0;0;0;0;1;0;0;0;0;0;0;0;0;0;0;1;0.0;0.0;0.0;0.0;0.0;0.0;0.0;0.0;0.0;0.0;0.0;0.0;0.0;0.0;0.0;0.0;0.0;1.0;0.0;0.0;0.0;0.0;0.0;0.0;0.0;0.0;0.0;0.0;0.0;0.0;0.0;0.0;0.0;0.0;0.0;4.0;1.0;1.0;1.0;3.0;1.0;31;0;0;0;FOZ DO IGUAÇU;REGIÃO OESTE;97;9052.0;29340.0;26102.0;11580.0;26381.0;20057.0;24900.0;26443.0;26520.0;41664.0;33208.0;27807.0
29087.0;2024-02-29;20.0;26.0;28.0;31.0;823.0;39.0;1.0;20.0;25.0;649.0;39.0;0.0;39.0;997.0;10.0;16.0;4;4;5;4;4;4;4;0;0;0;1;0;0;0;0;0;0;0;0;0;0;0;1;0.0;0.0;0.0;0.0;0.0;0.0;0.0;0.0;0.0;0.0;0.0;0.0;0.0;0.0;0.0;0.0;0.0;1.0;0.0;0.0;0.0;0.0;0.0;0.0;0.0;0.0;0.0;0.0;0.0;0.0;0.0;0.0;0.0;0.0;0.0;4.0;1.0;1.0;1.0;3.0;1.0;0;3;0;0;FOZ DO IGUAÇU;REGIÃO OESTE;98;12803.0;9052.0;29340.0;26102.0;11580.0;26381.0;20057.0;24900.0;26443.0;26520.0;41664.0;33208.0
31465.0;2024-03-31;18.0;24.0;27.0;31.0;851.0;38.0;0.0;18.0;25.0;667.0;38.0;0.0;38.0;1034.0;1.0;3.0;5;4;4;4;5;5;4;0;0;0;0;0;0;0;0;1;0;0;0;0;0;0;1;0.0;0.0;0.0;0.0;0.0;0.0;0.0;0.0;0.0;0.0;0.0;0.0;0.0;0.0;0.0;0.0;0.0;1.0;0.0;0.0;0.0;0.0;0.0;0.0;0.0;0.0;0.0;0.0;0.0;0.0;0.0;0.0;0.0;0.0;0.0;4.0;1.0;1.0;1.0;3.0;1.0;0;1;0;0;FOZ DO IGUAÇU;REGIÃO OESTE;99;29087.0;12803.0;9052.0;29340.0;26102.0;11580.0;26381.0;20057.0;24900.0;26443.0;26520.0;41664.0
15930.0;2024-04-30;12.0;19.0;25.0;29.0;744.0;35.0;1.0;12.0;24.0;606.0;35.0;0.0;35.0;882.0;38.0;39.0;4;4;4;5;4;4;5;1;0;0;0;0;0;0;0;0;0;0;0;0;0;0;1;0.0;0.0;0.0;0.0;0.0;0.0;0.0;0.0;0.0;0.0;0.0;0.0;0.0;0.0;0.0;0.0;0.0;1.0;0.0;0.0;0.0;0.0;0.0;0.0;0.0;0.0;0.0;0.0;0.0;0.0;0.0;0.0;0.0;0.0;0.0;4.0;1.0;1.0;1.0;3.0;1.0;0;0;0;0;FOZ DO IGUAÇU;REGIÃO OESTE;100;31465.0;29087.0;12803.0;9052.0;29340.0;26102.0;11580.0;26381.0;20057.0;24900.0;26443.0;26520.0
13020.0;2024-05-31;5.0;11.0;20.0;28.0;611.0;34.0;8.0;5.0;22.0;471.0;34.0;0.0;34.0;750.0;95.0;249.0;4;5;5;4;5;4;4;0;0;0;0;0;0;0;1;0;0;0;0;0;0;0;1;0.0;0.0;0.0;0.0;0.0;0.0;0.0;0.0;0.0;0.0;0.0;0.0;0.0;0.0;0.0;0.0;0.0;1.0;0.0;0.0;0.0;0.0;0.0;0.0;0.0;0.0;0.0;0.0;0.0;0.0;0.0;0.0;0.0;0.0;0.0;4.0;1.0;1.0;1.0;3.0;1.0;0;1;0;30;FOZ DO IGUAÇU;REGIÃO OESTE;101;15930.0;31465.0;29087.0;12803.0;9052.0;29340.0;26102.0;11580.0;26381.0;20057.0;24900.0;26443.0
11910.0;2024-06-30;2.0;8.0;21.0;26.0;630.0;31.0;3.0;2.0;23.0;482.0;31.0;0.0;31.0;778.0;38.0;81.0;5;4;4;4;4;5;4;0;0;0;0;0;0;1;0;0;0;0;0;0;0;0;1;0.0;0.0;0.0;0.0;0.0;0.0;0.0;0.0;0.0;0.0;0.0;0.0;0.0;0.0;0.0;0.0;0.0;1.0;0.0;0.0;0.0;0.0;0.0;0.0;0.0;0.0;0.0;0.0;0.0;0.0;0.0;0.0;0.0;0.0;0.0;4.0;1.0;1.0;1.0;3.0;1.0;0;0;0;30;FOZ DO IGUAÇU;REGIÃO OESTE;102;13020.0;15930.0;31465.0;29087.0;12803.0;9052.0;29340.0;26102.0;11580.0;26381.0;20057.0;24900.0
15593.0;2024-07-31;1.0;7.0;16.0;22.0;504.0;28.0;4.0;1.0;18.0;372.0;28.0;0.0;28.0;636.0;28.0;122.0;4;5;4;5;4;4;5;0;0;0;0;0;1;0;0;0;0;0;0;0;0;0;1;0.0;0.0;0.0;0.0;0.0;0.0;0.0;0.0;0.0;0.0;0.0;0.0;0.0;0.0;0.0;0.0;0.0;1.0;0.0;0.0;0.0;0.0;0.0;0.0;0.0;0.0;0.0;0.0;0.0;0.0;0.0;0.0;0.0;0.0;0.0;4.0;1.0;1.0;1.0;3.0;1.0;12;0;0;0;FOZ DO IGUAÇU;REGIÃO OESTE;103;11910.0;13020.0;15930.0;31465.0;29087.0;12803.0;9052.0;29340.0;26102.0;11580.0;26381.0;20057.0
15159.0;2024-08-31;1.0;9.0;19.0;27.0;581.0;35.0;3.0;1.0;19.0;395.0;35.0;0.0;35.0;767.0;32.0;86.0;4;4;5;4;5;5;4;0;1;0;0;0;0;0;0;0;0;0;0;0;0;0;1;0.0;0.0;0.0;0.0;0.0;0.0;0.0;0.0;0.0;0.0;0.0;0.0;0.0;0.0;0.0;0.0;0.0;1.0;0.0;0.0;0.0;0.0;0.0;0.0;0.0;0.0;0.0;0.0;0.0;0.0;0.0;0.0;0.0;0.0;0.0;4.0;1.0;1.0;1.0;3.0;1.0;0;0;0;0;FOZ DO IGUAÇU;REGIÃO OESTE;104;15593.0;11910.0;13020.0;15930.0;31465.0;29087.0;12803.0;9052.0;29340.0;26102.0;11580.0;26381.0
17130.0;2024-09-30;8.0;16.0;23.0;30.0;691.0;37.0;1.0;8.0;23.0;509.0;37.0;0.0;37.0;872.0;28.0;44.0;5;4;4;5;4;4;4;0;0;0;0;0;0;0;0;0;0;0;1;0;0;0;1;0.0;0.0;0.0;0.0;0.0;0.0;0.0;0.0;0.0;0.0;0.0;0.0;0.0;0.0;0.0;0.0;0.0;1.0;0.0;0.0;0.0;0.0;0.0;0.0;0.0;0.0;0.0;0.0;0.0;0.0;0.0;0.0;0.0;0.0;0.0;4.0;1.0;1.0;1.0;3.0;1.0;0;0;0;0;FOZ DO IGUAÇU;REGIÃO OESTE;105;15159.0;15593.0;11910.0;13020.0;15930.0;31465.0;29087.0;12803.0;9052.0;29340.0;26102.0;11580.0
21390.0;2024-10-31;12.0;20.0;24.0;29.0;744.0;37.0;3.0;12.0;24.0;574.0;37.0;0.0;37.0;915.0;35.0;88.0;4;5;5;4;4;4;5;0;0;0;0;0;0;0;0;0;0;1;0;0;0;0;1;0.0;0.0;0.0;0.0;0.0;0.0;0.0;0.0;0.0;0.0;0.0;0.0;0.0;0.0;0.0;0.0;0.0;1.0;0.0;0.0;0.0;0.0;0.0;0.0;0.0;0.0;0.0;0.0;0.0;0.0;0.0;0.0;0.0;0.0;0.0;4.0;1.0;1.0;1.0;3.0;1.0;0;0;0;0;FOZ DO IGUAÇU;REGIÃO OESTE;106;17130.0;15159.0;15593.0;11910.0;13020.0;15930.0;31465.0;29087.0;12803.0;9052.0;29340.0;26102.0
5762.0;2019-01-31;20.0;25.0;28.0;30.0;854.0;36.0;3.0;20.0;24.0;701.0;36.0;0.0;36.0;1006.0;27.0;96.0;4;5;5;4;4;4;5;0;0;0;0;1;0;0;0;0;0;0;0;0;0;0;0;0.0;0.0;0.0;0.0;1.0;0.0;0.0;0.0;0.0;0.0;0.0;0.0;0.0;0.0;0.0;0.0;0.0;0.0;1.0;0.0;0.0;0.0;0.0;0.0;0.0;0.0;0.0;0.0;0.0;0.0;0.0;0.0;0.0;0.0;0.0;2.0;0.0;0.0;0.0;0.0;0.0;31;0;0;0;GOIOERÊ;REGIÃO OESTE;1;6188.0;6750.0;6830.0;6483.0;5695.0;5315.0;5964.0;6599.0;7083.0;7011.0;5112.0;3917.0
7498.0;2019-02-28;18.0;22.0;26.0;30.0;724.0;36.0;6.0;18.0;24.0;584.0;36.0;0.0;36.0;864.0;43.0;162.0;4;4;4;4;4;4;4;0;0;0;1;0;0;0;0;0;0;0;0;0;0;0;0;0.0;0.0;0.0;0.0;1.0;0.0;0.0;0.0;0.0;0.0;0.0;0.0;0.0;0.0;0.0;0.0;0.0;0.0;1.0;0.0;0.0;0.0;0.0;0.0;0.0;0.0;0.0;0.0;0.0;0.0;0.0;0.0;0.0;0.0;0.0;2.0;0.0;0.0;0.0;0.0;0.0;0;0;0;0;GOIOERÊ;REGIÃO OESTE;2;5762.0;6188.0;6750.0;6830.0;6483.0;5695.0;5315.0;5964.0;6599.0;7083.0;7011.0;5112.0
10023.0;2019-03-31;16.0;22.0;25.0;27.0;764.0;33.0;3.0;16.0;22.0;616.0;33.0;0.0;33.0;912.0;26.0;103.0;5;4;4;4;5;5;4;0;0;0;0;0;0;0;0;1;0;0;0;0;0;0;0;0.0;0.0;0.0;0.0;1.0;0.0;0.0;0.0;0.0;0.0;0.0;0.0;0.0;0.0;0.0;0.0;0.0;0.0;1.0;0.0;0.0;0.0;0.0;0.0;0.0;0.0;0.0;0.0;0.0;0.0;0.0;0.0;0.0;0.0;0.0;2.0;0.0;0.0;0.0;0.0;0.0;0;3;0;0;GOIOERÊ;REGIÃO OESTE;3;7498.0;5762.0;6188.0;6750.0;6830.0;6483.0;5695.0;5315.0;5964.0;6599.0;7083.0;7011.0
9417.0;2019-04-30;15.0;21.0;24.0;26.0;714.0;31.0;1.0;15.0;22.0;572.0;31.0;0.0;31.0;857.0;8.0;22.0;4;4;4;5;4;4;5;1;0;0;0;0;0;0;0;0;0;0;0;0;0;0;0;0.0;0.0;0.0;0.0;1.0;0.0;0.0;0.0;0.0;0.0;0.0;0.0;0.0;0.0;0.0;0.0;0.0;0.0;1.0;0.0;0.0;0.0;0.0;0.0;0.0;0.0;0.0;0.0;0.0;0.0;0.0;0.0;0.0;0.0;0.0;2.0;0.0;0.0;0.0;0.0;0.0;0;1;0;0;GOIOERÊ;REGIÃO OESTE;4;10023.0;7498.0;5762.0;6188.0;6750.0;6830.0;6483.0;5695.0;5315.0;5964.0;6599.0;7083.0
7449.0;2019-05-31;10.0;14.0;21.0;26.0;656.0;31.0;7.0;10.0;21.0;532.0;31.0;0.0;31.0;780.0;74.0;228.0;4;5;5;4;5;4;4;0;0;0;0;0;0;0;1;0;0;0;0;0;0;0;0;0.0;0.0;0.0;0.0;1.0;0.0;0.0;0.0;0.0;0.0;0.0;0.0;0.0;0.0;0.0;0.0;0.0;0.0;1.0;0.0;0.0;0.0;0.0;0.0;0.0;0.0;0.0;0.0;0.0;0.0;0.0;0.0;0.0;0.0;0.0;2.0;0.0;0.0;0.0;0.0;0.0;0;0;0;0;GOIOERÊ;REGIÃO OESTE;5;9417.0;10023.0;7498.0;5762.0;6188.0;6750.0;6830.0;6483.0;5695.0;5315.0;5964.0;6599.0
6033.0;2019-06-30;10.0;16.0;20.0;23.0;600.0;28.0;1.0;10.0;19.0;460.0;28.0;0.0;28.0;740.0;11.0;19.0;5;4;4;4;4;5;4;0;0;0;0;0;0;1;0;0;0;0;0;0;0;0;0;0.0;0.0;0.0;0.0;1.0;0.0;0.0;0.0;0.0;0.0;0.0;0.0;0.0;0.0;0.0;0.0;0.0;0.0;1.0;0.0;0.0;0.0;0.0;0.0;0.0;0.0;0.0;0.0;0.0;0.0;0.0;0.0;0.0;0.0;0.0;2.0;0.0;0.0;0.0;0.0;0.0;0;1;0;0;GOIOERÊ;REGIÃO OESTE;6;7449.0;9417.0;10023.0;7498.0;5762.0;6188.0;6750.0;6830.0;6483.0;5695.0;5315.0;5964.0
5394.0;2019-07-31;-2.0;6.0;18.0;22.0;558.0;28.0;2.0;-2.0;18.0;380.0;28.0;0.0;28.0;737.0;47.0;55.0;4;5;4;5;4;4;5;0;0;0;0;0;1;0;0;0;0;0;0;0;0;0;0;0.0;0.0;0.0;0.0;1.0;0.0;0.0;0.0;0.0;0.0;0.0;0.0;0.0;0.0;0.0;0.0;0.0;0.0;1.0;0.0;0.0;0.0;0.0;0.0;0.0;0.0;0.0;0.0;0.0;0.0;0.0;0.0;0.0;0.0;0.0;2.0;0.0;0.0;0.0;0.0;0.0;16;0;0;0;GOIOERÊ;REGIÃO OESTE;7;6033.0;7449.0;9417.0;10023.0;7498.0;5762.0;6188.0;6750.0;6830.0;6483.0;5695.0;5315.0
6149.0;2019-08-31;3.0;10.0;20.0;26.0;634.0;33.0;1.0;3.0;19.0;424.0;33.0;0.0;33.0;843.0;20.0;27.0;4;4;5;4;5;5;4;0;1;0;0;0;0;0;0;0;0;0;0;0;0;0;0;0.0;0.0;0.0;0.0;1.0;0.0;0.0;0.0;0.0;0.0;0.0;0.0;0.0;0.0;0.0;0.0;0.0;0.0;1.0;0.0;0.0;0.0;0.0;0.0;0.0;0.0;0.0;0.0;0.0;0.0;0.0;0.0;0.0;0.0;0.0;2.0;0.0;0.0;0.0;0.0;0.0;0;0;0;0;GOIOERÊ;REGIÃO OESTE;8;5394.0;6033.0;7449.0;9417.0;10023.0;7498.0;5762.0;6188.0;6750.0;6830.0;6483.0;5695.0
8124.0;2019-09-30;10.0;17.0;24.0;30.0;730.0;38.0;1.0;10.0;23.0;547.0;38.0;0.0;38.0;914.0;29.0;41.0;5;4;4;5;4;4;4;0;0;0;0;0;0;0;0;0;0;0;1;0;0;0;0;0.0;0.0;0.0;0.0;1.0;0.0;0.0;0.0;0.0;0.0;0.0;0.0;0.0;0.0;0.0;0.0;0.0;0.0;1.0;0.0;0.0;0.0;0.0;0.0;0.0;0.0;0.0;0.0;0.0;0.0;0.0;0.0;0.0;0.0;0.0;2.0;0.0;0.0;0.0;0.0;0.0;0;0;0;0;GOIOERÊ;REGIÃO OESTE;9;6149.0;5394.0;6033.0;7449.0;9417.0;10023.0;7498.0;5762.0;6188.0;6750.0;6830.0;6483.0
9638.0;2019-10-31;15.0;22.0;27.0;30.0;824.0;37.0;2.0;15.0;24.0;642.0;37.0;0.0;37.0;1006.0;24.0;58.0;4;5;5;4;4;4;5;0;0;0;0;0;0;0;0;0;0;1;0;0;0;0;0;0.0;0.0;0.0;0.0;1.0;0.0;0.0;0.0;0.0;0.0;0.0;0.0;0.0;0.0;0.0;0.0;0.0;0.0;1.0;0.0;0.0;0.0;0.0;0.0;0.0;0.0;0.0;0.0;0.0;0.0;0.0;0.0;0.0;0.0;0.0;2.0;0.0;0.0;0.0;0.0;0.0;0;0;0;0;GOIOERÊ;REGIÃO OESTE;10;8124.0;6149.0;5394.0;6033.0;7449.0;9417.0;10023.0;7498.0;5762.0;6188.0;6750.0;6830.0
9468.0;2019-11-30;17.0;22.0;26.0;30.0;791.0;37.0;5.0;17.0;25.0;633.0;37.0;0.0;37.0;950.0;33.0;145.0;4;4;4;4;5;5;4;0;0;0;0;0;0;0;0;0;1;0;0;0;0;0;0;0.0;0.0;0.0;0.0;1.0;0.0;0.0;0.0;0.0;0.0;0.0;0.0;0.0;0.0;0.0;0.0;0.0;0.0;1.0;0.0;0.0;0.0;0.0;0.0;0.0;0.0;0.0;0.0;0.0;0.0;0.0;0.0;0.0;0.0;0.0;2.0;0.0;0.0;0.0;0.0;0.0;0;0;0;0;GOIOERÊ;REGIÃO OESTE;11;9638.0;8124.0;6149.0;5394.0;6033.0;7449.0;9417.0;10023.0;7498.0;5762.0;6188.0;6750.0
6531.0;2019-12-31;14.0;21.0;24.0;28.0;759.0;35.0;10.0;14.0;22.0;593.0;35.0;0.0;35.0;924.0;74.0;311.0;5;4;4;5;4;4;5;0;0;1;0;0;0;0;0;0;0;0;0;0;0;0;0;0.0;0.0;0.0;0.0;1.0;0.0;0.0;0.0;0.0;0.0;0.0;0.0;0.0;0.0;0.0;0.0;0.0;0.0;1.0;0.0;0.0;0.0;0.0;0.0;0.0;0.0;0.0;0.0;0.0;0.0;0.0;0.0;0.0;0.0;0.0;2.0;0.0;0.0;0.0;0.0;0.0;0;0;0;0;GOIOERÊ;REGIÃO OESTE;12;9468.0;9638.0;8124.0;6149.0;5394.0;6033.0;7449.0;9417.0;10023.0;7498.0;5762.0;6188.0
6110.0;2020-01-31;18.0;22.0;26.0;28.0;800.0;35.0;4.0;18.0;23.0;642.0;35.0;0.0;35.0;958.0;35.0;115.0;4;5;5;4;5;4;4;0;0;0;0;1;0;0;0;0;0;0;0;0;0;0;0;0.0;0.0;0.0;0.0;0.0;1.0;0.0;0.0;0.0;0.0;0.0;0.0;0.0;0.0;0.0;0.0;0.0;0.0;1.0;0.0;0.0;0.0;0.0;0.0;0.0;0.0;0.0;0.0;0.0;0.0;0.0;0.0;0.0;0.0;0.0;2.0;0.0;0.0;0.0;0.0;0.0;31;0;0;0;GOIOERÊ;REGIÃO OESTE;13;6531.0;9468.0;9638.0;8124.0;6149.0;5394.0;6033.0;7449.0;9417.0;10023.0;7498.0;5762.0
8621.0;2020-02-29;16.0;23.0;26.0;30.0;760.0;36.0;4.0;16.0;24.0;595.0;36.0;0.0;36.0;924.0;54.0;130.0;4;4;4;4;4;5;4;0;0;0;1;0;0;0;0;0;0;0;0;0;0;0;0;0.0;0.0;0.0;0.0;0.0;1.0;0.0;0.0;0.0;0.0;0.0;0.0;0.0;0.0;0.0;0.0;0.0;0.0;1.0;0.0;0.0;0.0;0.0;0.0;0.0;0.0;0.0;0.0;0.0;0.0;0.0;0.0;0.0;0.0;0.0;2.0;0.0;0.0;0.0;0.0;0.0;0;3;0;0;GOIOERÊ;REGIÃO OESTE;14;6110.0;6531.0;9468.0;9638.0;8124.0;6149.0;5394.0;6033.0;7449.0;9417.0;10023.0;7498.0
8533.0;2020-03-31;15.0;23.0;26.0;30.0;799.0;36.0;2.0;15.0;24.0;603.0;36.0;0.0;36.0;996.0;38.0;53.0;5;4;4;5;4;4;5;0;0;0;0;0;0;0;0;1;0;0;0;0;0;0;0;0.0;0.0;0.0;0.0;0.0;1.0;0.0;0.0;0.0;0.0;0.0;0.0;0.0;0.0;0.0;0.0;0.0;0.0;1.0;0.0;0.0;0.0;0.0;0.0;0.0;0.0;0.0;0.0;0.0;0.0;0.0;0.0;0.0;0.0;0.0;2.0;0.0;0.0;0.0;0.0;0.0;0;0;15;0;GOIOERÊ;REGIÃO OESTE;15;8621.0;6110.0;6531.0;9468.0;9638.0;8124.0;6149.0;5394.0;6033.0;7449.0;9417.0;10023.0
5253.0;2020-04-30;8.0;15.0;22.0;27.0;659.0;34.0;2.0;8.0;20.0;458.0;34.0;0.0;34.0;860.0;38.0;53.0;4;5;5;4;4;4;4;1;0;0;0;0;0;0;0;0;0;0;0;0;0;0;0;0.0;0.0;0.0;0.0;0.0;1.0;0.0;0.0;0.0;0.0;0.0;0.0;0.0;0.0;0.0;0.0;0.0;0.0;1.0;0.0;0.0;0.0;0.0;0.0;0.0;0.0;0.0;0.0;0.0;0.0;0.0;0.0;0.0;0.0;0.0;2.0;0.0;0.0;0.0;0.0;0.0;0;1;30;0;GOIOERÊ;REGIÃO OESTE;16;8533.0;8621.0;6110.0;6531.0;9468.0;9638.0;8124.0;6149.0;5394.0;6033.0;7449.0;9417.0
4037.0;2020-05-31;6.0;13.0;19.0;24.0;579.0;30.0;3.0;6.0;19.0;379.0;30.0;0.0;30.0;779.0;70.0;86.0;5;4;4;4;5;5;4;0;0;0;0;0;0;0;1;0;0;0;0;0;0;0;0;0.0;0.0;0.0;0.0;0.0;1.0;0.0;0.0;0.0;0.0;0.0;0.0;0.0;0.0;0.0;0.0;0.0;0.0;1.0;0.0;0.0;0.0;0.0;0.0;0.0;0.0;0.0;0.0;0.0;0.0;0.0;0.0;0.0;0.0;0.0;2.0;0.0;0.0;0.0;0.0;0.0;0;0;31;0;GOIOERÊ;REGIÃO OESTE;17;5253.0;8533.0;8621.0;6110.0;6531.0;9468.0;9638.0;8124.0;6149.0;5394.0;6033.0;7449.0
3813.0;2020-06-30;8.0;12.0;21.0;25.0;618.0;30.0;5.0;8.0;21.0;479.0;30.0;0.0;30.0;757.0;37.0;153.0;4;4;4;5;4;4;5;0;0;0;0;0;0;1;0;0;0;0;0;0;0;0;0;0.0;0.0;0.0;0.0;0.0;1.0;0.0;0.0;0.0;0.0;0.0;0.0;0.0;0.0;0.0;0.0;0.0;0.0;1.0;0.0;0.0;0.0;0.0;0.0;0.0;0.0;0.0;0.0;0.0;0.0;0.0;0.0;0.0;0.0;0.0;2.0;0.0;0.0;0.0;0.0;0.0;0;1;30;0;GOIOERÊ;REGIÃO OESTE;18;4037.0;5253.0;8533.0;8621.0;6110.0;6531.0;9468.0;9638.0;8124.0;6149.0;5394.0;6033.0
3946.0;2020-07-31;4.0;10.0;20.0;24.0;607.0;29.0;1.0;4.0;19.0;430.0;29.0;0.0;29.0;784.0;13.0;29.0;4;5;5;4;5;4;4;0;0;0;0;0;1;0;0;0;0;0;0;0;0;0;0;0.0;0.0;0.0;0.0;0.0;1.0;0.0;0.0;0.0;0.0;0.0;0.0;0.0;0.0;0.0;0.0;0.0;0.0;1.0;0.0;0.0;0.0;0.0;0.0;0.0;0.0;0.0;0.0;0.0;0.0;0.0;0.0;0.0;0.0;0.0;2.0;0.0;0.0;0.0;0.0;0.0;0;0;31;0;GOIOERÊ;REGIÃO OESTE;19;3813.0;4037.0;5253.0;8533.0;8621.0;6110.0;6531.0;9468.0;9638.0;8124.0;6149.0;5394.0
3999.0;2020-08-31;4.0;10.0;20.0;24.0;615.0;32.0;6.0;4.0;18.0;442.0;32.0;0.0;32.0;789.0;66.0;184.0;5;4;4;5;4;5;4;0;1;0;0;0;0;0;0;0;0;0;0;0;0;0;0;0.0;0.0;0.0;0.0;0.0;1.0;0.0;0.0;0.0;0.0;0.0;0.0;0.0;0.0;0.0;0.0;0.0;0.0;1.0;0.0;0.0;0.0;0.0;0.0;0.0;0.0;0.0;0.0;0.0;0.0;0.0;0.0;0.0;0.0;0.0;2.0;0.0;0.0;0.0;0.0;0.0;0;0;31;0;GOIOERÊ;REGIÃO OESTE;20;3946.0;3813.0;4037.0;5253.0;8533.0;8621.0;6110.0;6531.0;9468.0;9638.0;8124.0;6149.0
4920.0;2020-09-30;15.0;22.0;26.0;30.0;785.0;37.0;1.0;15.0;22.0;585.0;37.0;0.0;37.0;985.0;12.0;40.0;4;5;4;4;4;4;5;0;0;0;0;0;0;0;0;0;0;0;1;0;0;0;0;0.0;0.0;0.0;0.0;0.0;1.0;0.0;0.0;0.0;0.0;0.0;0.0;0.0;0.0;0.0;0.0;0.0;0.0;1.0;0.0;0.0;0.0;0.0;0.0;0.0;0.0;0.0;0.0;0.0;0.0;0.0;0.0;0.0;0.0;0.0;2.0;0.0;0.0;0.0;0.0;0.0;0;0;30;0;GOIOERÊ;REGIÃO OESTE;21;3999.0;3946.0;3813.0;4037.0;5253.0;8533.0;8621.0;6110.0;6531.0;9468.0;9638.0;8124.0
4960.0;2020-10-31;16.0;22.0;26.0;32.0;812.0;39.0;2.0;16.0;25.0;629.0;39.0;0.0;39.0;995.0;22.0;71.0;4;4;5;4;5;5;4;0;0;0;0;0;0;0;0;0;0;1;0;0;0;0;0;0.0;0.0;0.0;0.0;0.0;1.0;0.0;0.0;0.0;0.0;0.0;0.0;0.0;0.0;0.0;0.0;0.0;0.0;1.0;0.0;0.0;0.0;0.0;0.0;0.0;0.0;0.0;0.0;0.0;0.0;0.0;0.0;0.0;0.0;0.0;2.0;0.0;0.0;0.0;0.0;0.0;0;0;31;0;GOIOERÊ;REGIÃO OESTE;22;4920.0;3999.0;3946.0;3813.0;4037.0;5253.0;8533.0;8621.0;6110.0;6531.0;9468.0;9638.0
4680.0;2020-11-30;15.0;21.0;25.0;30.0;764.0;36.0;1.0;15.0;24.0;578.0;36.0;0.0;36.0;950.0;16.0;38.0;5;4;4;5;4;4;4;0;0;0;0;0;0;0;0;0;1;0;0;0;0;0;0;0.0;0.0;0.0;0.0;0.0;1.0;0.0;0.0;0.0;0.0;0.0;0.0;0.0;0.0;0.0;0.0;0.0;0.0;1.0;0.0;0.0;0.0;0.0;0.0;0.0;0.0;0.0;0.0;0.0;0.0;0.0;0.0;0.0;0.0;0.0;2.0;0.0;0.0;0.0;0.0;0.0;0;0;30;0;GOIOERÊ;REGIÃO OESTE;23;4960.0;4920.0;3999.0;3946.0;3813.0;4037.0;5253.0;8533.0;8621.0;6110.0;6531.0;9468.0
3968.0;2020-12-31;17.0;22.0;26.0;28.0;794.0;34.0;7.0;17.0;23.0;636.0;34.0;0.0;34.0;952.0;86.0;227.0;4;5;5;4;4;4;5;0;0;1;0;0;0;0;0;0;0;0;0;0;0;0;0;0.0;0.0;0.0;0.0;0.0;1.0;0.0;0.0;0.0;0.0;0.0;0.0;0.0;0.0;0.0;0.0;0.0;0.0;1.0;0.0;0.0;0.0;0.0;0.0;0.0;0.0;0.0;0.0;0.0;0.0;0.0;0.0;0.0;0.0;0.0;2.0;0.0;0.0;0.0;0.0;0.0;0;0;31;0;GOIOERÊ;REGIÃO OESTE;24;4680.0;4960.0;4920.0;3999.0;3946.0;3813.0;4037.0;5253.0;8533.0;8621.0;6110.0;6531.0
3999.0;2021-01-31;19.0;22.0;25.0;28.0;771.0;33.0;7.0;19.0;23.0;645.0;33.0;0.0;33.0;897.0;32.0;214.0;5;4;4;4;5;5;4;0;0;0;0;1;0;0;0;0;0;0;0;1;0;0;0;0.0;0.0;0.0;0.0;0.0;0.0;0.0;0.0;0.0;0.0;0.0;0.0;0.0;0.0;0.0;0.0;0.0;0.0;1.0;0.0;0.0;0.0;0.0;0.0;0.0;0.0;0.0;0.0;0.0;0.0;0.0;0.0;0.0;0.0;0.0;2.0;0.0;0.0;0.0;0.0;0.0;0;0;31;0;GOIOERÊ;REGIÃO OESTE;25;3968.0;4680.0;4960.0;4920.0;3999.0;3946.0;3813.0;4037.0;5253.0;8533.0;8621.0;6110.0
3668.0;2021-02-28;14.0;20.0;24.0;27.0;665.0;33.0;3.0;14.0;22.0;513.0;33.0;0.0;33.0;817.0;24.0;78.0;4;4;4;4;4;4;4;0;0;0;1;0;0;0;0;0;0;0;0;1;0;0;0;0.0;0.0;0.0;0.0;0.0;0.0;0.0;0.0;0.0;0.0;0.0;0.0;0.0;0.0;0.0;0.0;0.0;0.0;1.0;0.0;0.0;0.0;0.0;0.0;0.0;0.0;0.0;0.0;0.0;0.0;0.0;0.0;0.0;0.0;0.0;2.0;0.0;0.0;0.0;0.0;0.0;0;3;28;0;GOIOERÊ;REGIÃO OESTE;26;3999.0;3968.0;4680.0;4960.0;4920.0;3999.0;3946.0;3813.0;4037.0;5253.0;8533.0;8621.0
4340.0;2021-03-31;14.0;20.0;25.0;28.0;766.0;33.0;3.0;14.0;22.0;608.0;33.0;0.0;33.0;925.0;43.0;93.0;4;5;4;5;4;4;5;0;0;0;0;0;0;0;0;1;0;0;0;1;0;0;0;0.0;0.0;0.0;0.0;0.0;0.0;0.0;0.0;0.0;0.0;0.0;0.0;0.0;0.0;0.0;0.0;0.0;0.0;1.0;0.0;0.0;0.0;0.0;0.0;0.0;0.0;0.0;0.0;0.0;0.0;0.0;0.0;0.0;0.0;0.0;2.0;0.0;0.0;0.0;0.0;0.0;0;0;31;0;GOIOERÊ;REGIÃO OESTE;27;3668.0;3999.0;3968.0;4680.0;4960.0;4920.0;3999.0;3946.0;3813.0;4037.0;5253.0;8533.0
3690.0;2021-04-30;10.0;19.0;23.0;26.0;694.0;33.0;0.0;10.0;20.0;497.0;33.0;0.0;33.0;891.0;2.0;3.0;4;4;5;4;5;4;4;1;0;0;0;0;0;0;0;0;0;0;0;1;0;0;0;0.0;0.0;0.0;0.0;0.0;0.0;0.0;0.0;0.0;0.0;0.0;0.0;0.0;0.0;0.0;0.0;0.0;0.0;1.0;0.0;0.0;0.0;0.0;0.0;0.0;0.0;0.0;0.0;0.0;0.0;0.0;0.0;0.0;0.0;0.0;2.0;0.0;0.0;0.0;0.0;0.0;0;1;30;0;GOIOERÊ;REGIÃO OESTE;28;4340.0;3668.0;3999.0;3968.0;4680.0;4960.0;4920.0;3999.0;3946.0;3813.0;4037.0;5253.0
3534.0;2021-05-31;7.0;14.0;22.0;26.0;667.0;33.0;1.0;7.0;20.0;470.0;33.0;0.0;33.0;864.0;9.0;42.0;5;4;4;5;4;5;4;0;0;0;0;0;0;0;1;0;0;0;0;1;0;0;0;0.0;0.0;0.0;0.0;0.0;0.0;0.0;0.0;0.0;0.0;0.0;0.0;0.0;0.0;0.0;0.0;0.0;0.0;1.0;0.0;0.0;0.0;0.0;0.0;0.0;0.0;0.0;0.0;0.0;0.0;0.0;0.0;0.0;0.0;0.0;2.0;0.0;0.0;0.0;0.0;0.0;0;0;31;0;GOIOERÊ;REGIÃO OESTE;29;3690.0;4340.0;3668.0;3999.0;3968.0;4680.0;4960.0;4920.0;3999.0;3946.0;3813.0;4037.0
3150.0;2021-06-30;1.0;8.0;18.0;24.0;546.0;30.0;3.0;1.0;18.0;400.0;30.0;0.0;30.0;691.0;35.0;77.0;4;5;4;4;4;4;5;0;0;0;0;0;0;1;0;0;0;0;0;1;0;0;0;0.0;0.0;0.0;0.0;0.0;0.0;0.0;0.0;0.0;0.0;0.0;0.0;0.0;0.0;0.0;0.0;0.0;0.0;1.0;0.0;0.0;0.0;0.0;0.0;0.0;0.0;0.0;0.0;0.0;0.0;0.0;0.0;0.0;0.0;0.0;2.0;0.0;0.0;0.0;0.0;0.0;0;1;30;0;GOIOERÊ;REGIÃO OESTE;30;3534.0;3690.0;4340.0;3668.0;3999.0;3968.0;4680.0;4960.0;4920.0;3999.0;3946.0;3813.0
3100.0;2021-07-31;0.0;8.0;17.0;23.0;521.0;30.0;2.0;0.0;16.0;318.0;30.0;0.0;30.0;724.0;58.0;71.0;4;4;5;4;5;5;4;0;0;0;0;0;1;0;0;0;0;0;0;1;0;0;0;0.0;0.0;0.0;0.0;0.0;0.0;0.0;0.0;0.0;0.0;0.0;0.0;0.0;0.0;0.0;0.0;0.0;0.0;1.0;0.0;0.0;0.0;0.0;0.0;0.0;0.0;0.0;0.0;0.0;0.0;0.0;0.0;0.0;0.0;0.0;2.0;0.0;0.0;0.0;0.0;0.0;0;0;31;0;GOIOERÊ;REGIÃO OESTE;31;3150.0;3534.0;3690.0;4340.0;3668.0;3999.0;3968.0;4680.0;4960.0;4920.0;3999.0;3946.0
3689.0;2021-08-31;9.0;16.0;22.0;30.0;698.0;37.0;2.0;9.0;22.0;500.0;37.0;0.0;37.0;895.0;16.0;54.0;5;4;4;5;4;4;5;0;1;0;0;0;0;0;0;0;0;0;0;1;0;0;0;0.0;0.0;0.0;0.0;0.0;0.0;0.0;0.0;0.0;0.0;0.0;0.0;0.0;0.0;0.0;0.0;0.0;0.0;1.0;0.0;0.0;0.0;0.0;0.0;0.0;0.0;0.0;0.0;0.0;0.0;0.0;0.0;0.0;0.0;0.0;2.0;0.0;0.0;0.0;0.0;0.0;0;0;31;0;GOIOERÊ;REGIÃO OESTE;32;3100.0;3150.0;3534.0;3690.0;4340.0;3668.0;3999.0;3968.0;4680.0;4960.0;4920.0;3999.0
3990.0;2021-09-30;13.0;21.0;27.0;32.0;816.0;41.0;0.0;13.0;24.0;593.0;41.0;0.0;41.0;1040.0;5.0;14.0;4;5;5;4;4;4;4;0;0;0;0;0;0;0;0;0;0;0;1;1;0;0;0;0.0;0.0;0.0;0.0;0.0;0.0;0.0;0.0;0.0;0.0;0.0;0.0;0.0;0.0;0.0;0.0;0.0;0.0;1.0;0.0;0.0;0.0;0.0;0.0;0.0;0.0;0.0;0.0;0.0;0.0;0.0;0.0;0.0;0.0;0.0;2.0;0.0;0.0;0.0;0.0;0.0;0;0;30;0;GOIOERÊ;REGIÃO OESTE;33;3689.0;3100.0;3150.0;3534.0;3690.0;4340.0;3668.0;3999.0;3968.0;4680.0;4960.0;4920.0
4340.0;2021-10-31;14.0;20.0;23.0;26.0;709.0;33.0;30.0;14.0;21.0;570.0;33.0;0.0;33.0;848.0;186.0;920.0;5;4;4;4;5;5;4;0;0;0;0;0;0;0;0;0;0;1;0;1;0;0;0;0.0;0.0;0.0;0.0;0.0;0.0;0.0;0.0;0.0;0.0;0.0;0.0;0.0;0.0;0.0;0.0;0.0;0.0;1.0;0.0;0.0;0.0;0.0;0.0;0.0;0.0;0.0;0.0;0.0;0.0;0.0;0.0;0.0;0.0;0.0;2.0;0.0;0.0;0.0;0.0;0.0;0;0;0;0;GOIOERÊ;REGIÃO OESTE;34;3990.0;3689.0;3100.0;3150.0;3534.0;3690.0;4340.0;3668.0;3999.0;3968.0;4680.0;4960.0
6540.0;2021-11-30;14.0;22.0;26.0;30.0;771.0;36.0;2.0;14.0;24.0;586.0;36.0;0.0;36.0;956.0;14.0;46.0;4;4;4;5;4;4;5;0;0;0;0;0;0;0;0;0;1;0;0;1;0;0;0;0.0;0.0;0.0;0.0;0.0;0.0;0.0;0.0;0.0;0.0;0.0;0.0;0.0;0.0;0.0;0.0;0.0;0.0;1.0;0.0;0.0;0.0;0.0;0.0;0.0;0.0;0.0;0.0;0.0;0.0;0.0;0.0;0.0;0.0;0.0;2.0;0.0;0.0;0.0;0.0;0.0;0;0;0;0;GOIOERÊ;REGIÃO OESTE;35;4340.0;3990.0;3689.0;3100.0;3150.0;3534.0;3690.0;4340.0;3668.0;3999.0;3968.0;4680.0
7843.0;2021-12-31;15.0;23.0;27.0;30.0;846.0;38.0;1.0;15.0;24.0;639.0;38.0;0.0;38.0;1052.0;15.0;18.0;4;5;5;4;5;4;4;0;0;1;0;0;0;0;0;0;0;0;0;1;0;0;0;0.0;0.0;0.0;0.0;0.0;0.0;0.0;0.0;0.0;0.0;0.0;0.0;0.0;0.0;0.0;0.0;0.0;0.0;1.0;0.0;0.0;0.0;0.0;0.0;0.0;0.0;0.0;0.0;0.0;0.0;0.0;0.0;0.0;0.0;0.0;2.0;0.0;0.0;0.0;0.0;0.0;0;0;0;0;GOIOERÊ;REGIÃO OESTE;36;6540.0;4340.0;3990.0;3689.0;3100.0;3150.0;3534.0;3690.0;4340.0;3668.0;3999.0;3968.0
9114.0;2022-01-31;17.0;23.0;27.0;30.0;836.0;38.0;3.0;17.0;23.0;655.0;38.0;0.0;38.0;1016.0;32.0;105.0;5;4;4;5;4;5;4;0;0;0;0;1;0;0;0;0;0;0;0;0;1;0;0;0.0;0.0;0.0;0.0;0.0;0.0;0.0;0.0;0.0;0.0;0.0;0.0;0.0;0.0;0.0;0.0;0.0;0.0;1.0;0.0;0.0;0.0;0.0;0.0;0.0;0.0;0.0;0.0;0.0;0.0;0.0;0.0;0.0;0.0;0.0;2.0;0.0;0.0;0.0;0.0;0.0;31;0;0;0;GOIOERÊ;REGIÃO OESTE;37;7843.0;6540.0;4340.0;3990.0;3689.0;3100.0;3150.0;3534.0;3690.0;4340.0;3668.0;3999.0
8904.0;2022-02-28;16.0;23.0;28.0;33.0;785.0;36.0;1.0;16.0;30.0;644.0;36.0;0.0;36.0;925.0;14.0;30.0;4;4;4;4;4;4;4;0;0;0;1;0;0;0;0;0;0;0;0;0;1;0;0;0.0;0.0;0.0;0.0;0.0;0.0;0.0;0.0;0.0;0.0;0.0;0.0;0.0;0.0;0.0;0.0;0.0;0.0;1.0;0.0;0.0;0.0;0.0;0.0;0.0;0.0;0.0;0.0;0.0;0.0;0.0;0.0;0.0;0.0;0.0;2.0;0.0;0.0;0.0;0.0;0.0;0;1;0;0;GOIOERÊ;REGIÃO OESTE;38;9114.0;7843.0;6540.0;4340.0;3990.0;3689.0;3100.0;3150.0;3534.0;3690.0;4340.0;3668.0
7843.0;2022-03-31;15.0;19.0;25.0;29.0;776.0;35.0;7.0;15.0;25.0;618.0;35.0;0.0;35.0;934.0;52.0;220.0;4;5;5;4;4;4;5;0;0;0;0;0;0;0;0;1;0;0;0;0;1;0;0;0.0;0.0;0.0;0.0;0.0;0.0;0.0;0.0;0.0;0.0;0.0;0.0;0.0;0.0;0.0;0.0;0.0;0.0;1.0;0.0;0.0;0.0;0.0;0.0;0.0;0.0;0.0;0.0;0.0;0.0;0.0;0.0;0.0;0.0;0.0;2.0;0.0;0.0;0.0;0.0;0.0;0;1;0;0;GOIOERÊ;REGIÃO OESTE;39;8904.0;9114.0;7843.0;6540.0;4340.0;3990.0;3689.0;3100.0;3150.0;3534.0;3690.0;4340.0
8310.0;2022-04-30;11.0;17.0;23.0;27.0;682.0;32.0;6.0;11.0;22.0;534.0;32.0;0.0;32.0;831.0;71.0;187.0;4;4;4;4;5;5;4;1;0;0;0;0;0;0;0;0;0;0;0;0;1;0;0;0.0;0.0;0.0;0.0;0.0;0.0;0.0;0.0;0.0;0.0;0.0;0.0;0.0;0.0;0.0;0.0;0.0;0.0;1.0;0.0;0.0;0.0;0.0;0.0;0.0;0.0;0.0;0.0;0.0;0.0;0.0;0.0;0.0;0.0;0.0;2.0;0.0;0.0;0.0;0.0;0.0;0;1;0;0;GOIOERÊ;REGIÃO OESTE;40;7843.0;8904.0;9114.0;7843.0;6540.0;4340.0;3990.0;3689.0;3100.0;3150.0;3534.0;3690.0
7471.0;2022-05-31;4.0;10.0;18.0;25.0;564.0;31.0;3.0;4.0;20.0;408.0;31.0;0.0;31.0;720.0;30.0;81.0;5;4;4;5;4;4;5;0;0;0;0;0;0;0;1;0;0;0;0;0;1;0;0;0.0;0.0;0.0;0.0;0.0;0.0;0.0;0.0;0.0;0.0;0.0;0.0;0.0;0.0;0.0;0.0;0.0;0.0;1.0;0.0;0.0;0.0;0.0;0.0;0.0;0.0;0.0;0.0;0.0;0.0;0.0;0.0;0.0;0.0;0.0;2.0;0.0;0.0;0.0;0.0;0.0;0;0;0;0;GOIOERÊ;REGIÃO OESTE;41;8310.0;7843.0;8904.0;9114.0;7843.0;6540.0;4340.0;3990.0;3689.0;3100.0;3150.0;3534.0
7020.0;2022-06-30;3.0;10.0;18.0;24.0;529.0;29.0;5.0;3.0;19.0;379.0;29.0;0.0;29.0;679.0;49.0;139.0;4;5;5;4;4;4;4;0;0;0;0;0;0;1;0;0;0;0;0;0;1;0;0;0.0;0.0;0.0;0.0;0.0;0.0;0.0;0.0;0.0;0.0;0.0;0.0;0.0;0.0;0.0;0.0;0.0;0.0;1.0;0.0;0.0;0.0;0.0;0.0;0.0;0.0;0.0;0.0;0.0;0.0;0.0;0.0;0.0;0.0;0.0;2.0;0.0;0.0;0.0;0.0;0.0;0;1;0;0;GOIOERÊ;REGIÃO OESTE;42;7471.0;8310.0;7843.0;8904.0;9114.0;7843.0;6540.0;4340.0;3990.0;3689.0;3100.0;3150.0
7037.0;2022-07-31;4.0;14.0;21.0;24.0;664.0;31.0;1.0;4.0;20.0;482.0;31.0;0.0;31.0;846.0;17.0;27.0;5;4;4;4;5;5;4;0;0;0;0;0;1;0;0;0;0;0;0;0;1;0;0;0.0;0.0;0.0;0.0;0.0;0.0;0.0;0.0;0.0;0.0;0.0;0.0;0.0;0.0;0.0;0.0;0.0;0.0;1.0;0.0;0.0;0.0;0.0;0.0;0.0;0.0;0.0;0.0;0.0;0.0;0.0;0.0;0.0;0.0;0.0;2.0;0.0;0.0;0.0;0.0;0.0;0;0;0;0;GOIOERÊ;REGIÃO OESTE;43;7020.0;7471.0;8310.0;7843.0;8904.0;9114.0;7843.0;6540.0;4340.0;3990.0;3689.0;3100.0
7347.0;2022-08-31;2.0;9.0;19.0;26.0;589.0;32.0;4.0;2.0;20.0;399.0;32.0;0.0;32.0;780.0;52.0;136.0;4;5;4;5;4;4;5;0;1;0;0;0;0;0;0;0;0;0;0;0;1;0;0;0.0;0.0;0.0;0.0;0.0;0.0;0.0;0.0;0.0;0.0;0.0;0.0;0.0;0.0;0.0;0.0;0.0;0.0;1.0;0.0;0.0;0.0;0.0;0.0;0.0;0.0;0.0;0.0;0.0;0.0;0.0;0.0;0.0;0.0;0.0;2.0;0.0;0.0;0.0;0.0;0.0;0;0;0;0;GOIOERÊ;REGIÃO OESTE;44;7037.0;7020.0;7471.0;8310.0;7843.0;8904.0;9114.0;7843.0;6540.0;4340.0;3990.0;3689.0
6870.0;2022-09-30;7.0;14.0;19.0;27.0;581.0;34.0;9.0;7.0;20.0;445.0;34.0;0.0;34.0;717.0;66.0;283.0;4;4;5;4;5;4;4;0;0;0;0;0;0;0;0;0;0;0;1;0;1;0;0;0.0;0.0;0.0;0.0;0.0;0.0;0.0;0.0;0.0;0.0;0.0;0.0;0.0;0.0;0.0;0.0;0.0;0.0;1.0;0.0;0.0;0.0;0.0;0.0;0.0;0.0;0.0;0.0;0.0;0.0;0.0;0.0;0.0;0.0;0.0;2.0;0.0;0.0;0.0;0.0;0.0;0;0;0;0;GOIOERÊ;REGIÃO OESTE;45;7347.0;7037.0;7020.0;7471.0;8310.0;7843.0;8904.0;9114.0;7843.0;6540.0;4340.0;3990.0
8029.0;2022-10-31;11.0;18.0;22.0;27.0;697.0;34.0;7.0;11.0;20.0;519.0;34.0;0.0;34.0;875.0;38.0;224.0;5;4;4;5;4;5;4;0;0;0;0;0;0;0;0;0;0;1;0;0;1;0;0;0.0;0.0;0.0;0.0;0.0;0.0;0.0;0.0;0.0;0.0;0.0;0.0;0.0;0.0;0.0;0.0;0.0;0.0;1.0;0.0;0.0;0.0;0.0;0.0;0.0;0.0;0.0;0.0;0.0;0.0;0.0;0.0;0.0;0.0;0.0;2.0;0.0;0.0;0.0;0.0;0.0;0;0;0;0;GOIOERÊ;REGIÃO OESTE;46;6870.0;7347.0;7037.0;7020.0;7471.0;8310.0;7843.0;8904.0;9114.0;7843.0;6540.0;4340.0
8580.0;2022-11-30;9.0;14.0;22.0;26.0;665.0;33.0;2.0;9.0;20.0;470.0;33.0;0.0;33.0;860.0;45.0;64.0;4;5;4;4;4;4;5;0;0;0;0;0;0;0;0;0;1;0;0;0;1;0;0;0.0;0.0;0.0;0.0;0.0;0.0;0.0;0.0;0.0;0.0;0.0;0.0;0.0;0.0;0.0;0.0;0.0;0.0;1.0;0.0;0.0;0.0;0.0;0.0;0.0;0.0;0.0;0.0;0.0;0.0;0.0;0.0;0.0;0.0;0.0;2.0;0.0;0.0;0.0;0.0;0.0;0;0;0;0;GOIOERÊ;REGIÃO OESTE;47;8029.0;6870.0;7347.0;7037.0;7020.0;7471.0;8310.0;7843.0;8904.0;9114.0;7843.0;6540.0
8990.0;2022-12-31;16.0;23.0;25.0;29.0;786.0;34.0;4.0;16.0;23.0;613.0;34.0;0.0;34.0;960.0;42.0;138.0;4;4;5;4;5;5;4;0;0;1;0;0;0;0;0;0;0;0;0;0;1;0;0;0.0;0.0;0.0;0.0;0.0;0.0;0.0;0.0;0.0;0.0;0.0;0.0;0.0;0.0;0.0;0.0;0.0;0.0;1.0;0.0;0.0;0.0;0.0;0.0;0.0;0.0;0.0;0.0;0.0;0.0;0.0;0.0;0.0;0.0;0.0;2.0;0.0;0.0;0.0;0.0;0.0;0;0;0;0;GOIOERÊ;REGIÃO OESTE;48;8580.0;8029.0;6870.0;7347.0;7037.0;7020.0;7471.0;8310.0;7843.0;8904.0;9114.0;7843.0
6293.0;2023-01-31;14.0;21.0;25.0;29.0;769.0;34.0;8.0;14.0;23.0;606.0;34.0;0.0;34.0;933.0;44.0;241.0;5;4;4;5;4;4;5;0;0;0;0;1;0;0;0;0;0;0;0;0;0;1;0;0.0;0.0;0.0;0.0;0.0;0.0;0.0;0.0;0.0;0.0;0.0;0.0;0.0;0.0;0.0;0.0;0.0;0.0;1.0;0.0;0.0;0.0;0.0;0.0;0.0;0.0;0.0;0.0;0.0;0.0;0.0;0.0;0.0;0.0;0.0;2.0;0.0;0.0;0.0;0.0;0.0;31;0;0;0;GOIOERÊ;REGIÃO OESTE;49;8990.0;8580.0;8029.0;6870.0;7347.0;7037.0;7020.0;7471.0;8310.0;7843.0;8904.0;9114.0
7812.0;2023-02-28;15.0;20.0;24.0;27.0;678.0;34.0;10.0;15.0;22.0;536.0;34.0;0.0;34.0;822.0;48.0;274.0;4;4;4;4;4;4;4;0;0;0;1;0;0;0;0;0;0;0;0;0;0;1;0;0.0;0.0;0.0;0.0;0.0;0.0;0.0;0.0;0.0;0.0;0.0;0.0;0.0;0.0;0.0;0.0;0.0;0.0;1.0;0.0;0.0;0.0;0.0;0.0;0.0;0.0;0.0;0.0;0.0;0.0;0.0;0.0;0.0;0.0;0.0;2.0;0.0;0.0;0.0;0.0;0.0;0;3;0;0;GOIOERÊ;REGIÃO OESTE;50;6293.0;8990.0;8580.0;8029.0;6870.0;7347.0;7037.0;7020.0;7471.0;8310.0;7843.0;8904.0
11718.0;2023-03-31;18.0;24.0;26.0;28.0;802.0;35.0;4.0;18.0;22.0;624.0;35.0;0.0;35.0;979.0;24.0;132.0;4;5;5;4;5;4;4;0;0;0;0;0;0;0;0;1;0;0;0;0;0;1;0;0.0;0.0;0.0;0.0;0.0;0.0;0.0;0.0;0.0;0.0;0.0;0.0;0.0;0.0;0.0;0.0;0.0;0.0;1.0;0.0;0.0;0.0;0.0;0.0;0.0;0.0;0.0;0.0;0.0;0.0;0.0;0.0;0.0;0.0;0.0;2.0;0.0;0.0;0.0;0.0;0.0;0;0;0;0;GOIOERÊ;REGIÃO OESTE;51;7812.0;6293.0;8990.0;8580.0;8029.0;6870.0;7347.0;7037.0;7020.0;7471.0;8310.0;7843.0
7980.0;2023-04-30;12.0;17.0;23.0;26.0;680.0;33.0;5.0;12.0;20.0;523.0;33.0;0.0;33.0;836.0;57.0;150.0;5;4;4;4;4;5;4;1;0;0;0;0;0;0;0;0;0;0;0;0;0;1;0;0.0;0.0;0.0;0.0;0.0;0.0;0.0;0.0;0.0;0.0;0.0;0.0;0.0;0.0;0.0;0.0;0.0;0.0;1.0;0.0;0.0;0.0;0.0;0.0;0.0;0.0;0.0;0.0;0.0;0.0;0.0;0.0;0.0;0.0;0.0;2.0;0.0;0.0;0.0;0.0;0.0;0;1;0;0;GOIOERÊ;REGIÃO OESTE;52;11718.0;7812.0;6293.0;8990.0;8580.0;8029.0;6870.0;7347.0;7037.0;7020.0;7471.0;8310.0
7378.0;2023-05-31;7.0;15.0;20.0;25.0;633.0;30.0;2.0;7.0;20.0;459.0;30.0;0.0;30.0;808.0;28.0;58.0;4;5;4;5;4;4;5;0;0;0;0;0;0;0;1;0;0;0;0;0;0;1;0;0.0;0.0;0.0;0.0;0.0;0.0;0.0;0.0;0.0;0.0;0.0;0.0;0.0;0.0;0.0;0.0;0.0;0.0;1.0;0.0;0.0;0.0;0.0;0.0;0.0;0.0;0.0;0.0;0.0;0.0;0.0;0.0;0.0;0.0;0.0;2.0;0.0;0.0;0.0;0.0;0.0;0;0;0;0;GOIOERÊ;REGIÃO OESTE;53;7980.0;11718.0;7812.0;6293.0;8990.0;8580.0;8029.0;6870.0;7347.0;7037.0;7020.0;7471.0
6960.0;2023-06-30;5.0;10.0;18.0;23.0;551.0;29.0;3.0;5.0;18.0;399.0;29.0;0.0;29.0;702.0;41.0;78.0;4;4;5;4;5;4;4;0;0;0;0;0;0;1;0;0;0;0;0;0;0;1;0;0.0;0.0;0.0;0.0;0.0;0.0;0.0;0.0;0.0;0.0;0.0;0.0;0.0;0.0;0.0;0.0;0.0;0.0;1.0;0.0;0.0;0.0;0.0;0.0;0.0;0.0;0.0;0.0;0.0;0.0;0.0;0.0;0.0;0.0;0.0;2.0;0.0;0.0;0.0;0.0;0.0;0;1;0;0;GOIOERÊ;REGIÃO OESTE;54;7378.0;7980.0;11718.0;7812.0;6293.0;8990.0;8580.0;8029.0;6870.0;7347.0;7037.0;7020.0
5921.0;2023-07-31;6.0;12.0;20.0;25.0;618.0;30.0;2.0;6.0;21.0;468.0;30.0;0.0;30.0;767.0;17.0;49.0;5;4;4;5;4;5;4;0;0;0;0;0;1;0;0;0;0;0;0;0;0;1;0;0.0;0.0;0.0;0.0;0.0;0.0;0.0;0.0;0.0;0.0;0.0;0.0;0.0;0.0;0.0;0.0;0.0;0.0;1.0;0.0;0.0;0.0;0.0;0.0;0.0;0.0;0.0;0.0;0.0;0.0;0.0;0.0;0.0;0.0;0.0;2.0;0.0;0.0;0.0;0.0;0.0;15;0;0;0;GOIOERÊ;REGIÃO OESTE;55;6960.0;7378.0;7980.0;11718.0;7812.0;6293.0;8990.0;8580.0;8029.0;6870.0;7347.0;7037.0
9672.0;2023-08-31;10.0;16.0;22.0;28.0;677.0;34.0;3.0;10.0;22.0;488.0;34.0;0.0;34.0;866.0;25.0;86.0;4;5;5;4;4;4;5;0;1;0;0;0;0;0;0;0;0;0;0;0;0;1;0;0.0;0.0;0.0;0.0;0.0;0.0;0.0;0.0;0.0;0.0;0.0;0.0;0.0;0.0;0.0;0.0;0.0;0.0;1.0;0.0;0.0;0.0;0.0;0.0;0.0;0.0;0.0;0.0;0.0;0.0;0.0;0.0;0.0;0.0;0.0;2.0;0.0;0.0;0.0;0.0;0.0;0;0;0;0;GOIOERÊ;REGIÃO OESTE;56;5921.0;6960.0;7378.0;7980.0;11718.0;7812.0;6293.0;8990.0;8580.0;8029.0;6870.0;7347.0
11700.0;2023-09-30;7.0;16.0;25.0;31.0;740.0;38.0;4.0;7.0;25.0;556.0;38.0;0.0;38.0;925.0;34.0;108.0;4;4;4;4;5;5;4;0;0;0;0;0;0;0;0;0;0;0;1;0;0;1;0;0.0;0.0;0.0;0.0;0.0;0.0;0.0;0.0;0.0;0.0;0.0;0.0;0.0;0.0;0.0;0.0;0.0;0.0;1.0;0.0;0.0;0.0;0.0;0.0;0.0;0.0;0.0;0.0;0.0;0.0;0.0;0.0;0.0;0.0;0.0;2.0;0.0;0.0;0.0;0.0;0.0;0;0;0;0;GOIOERÊ;REGIÃO OESTE;57;9672.0;5921.0;6960.0;7378.0;7980.0;11718.0;7812.0;6293.0;8990.0;8580.0;8029.0;6870.0
11842.0;2023-10-31;14.0;20.0;25.0;30.0;781.0;36.0;11.0;14.0;24.0;605.0;36.0;0.0;36.0;956.0;90.0;336.0;5;4;4;5;4;4;5;0;0;0;0;0;0;0;0;0;0;1;0;0;0;1;0;0.0;0.0;0.0;0.0;0.0;0.0;0.0;0.0;0.0;0.0;0.0;0.0;0.0;0.0;0.0;0.0;0.0;0.0;1.0;0.0;0.0;0.0;0.0;0.0;0.0;0.0;0.0;0.0;0.0;0.0;0.0;0.0;0.0;0.0;0.0;2.0;0.0;0.0;0.0;0.0;0.0;0;0;0;0;GOIOERÊ;REGIÃO OESTE;58;11700.0;9672.0;5921.0;6960.0;7378.0;7980.0;11718.0;7812.0;6293.0;8990.0;8580.0;8029.0
11010.0;2023-11-30;10.0;16.0;25.0;33.0;764.0;39.0;5.0;10.0;27.0;615.0;39.0;0.0;39.0;913.0;38.0;151.0;4;5;5;4;4;4;4;0;0;0;0;0;0;0;0;0;1;0;0;0;0;1;0;0.0;0.0;0.0;0.0;0.0;0.0;0.0;0.0;0.0;0.0;0.0;0.0;0.0;0.0;0.0;0.0;0.0;0.0;1.0;0.0;0.0;0.0;0.0;0.0;0.0;0.0;0.0;0.0;0.0;0.0;0.0;0.0;0.0;0.0;0.0;2.0;0.0;0.0;0.0;0.0;0.0;0;0;0;0;GOIOERÊ;REGIÃO OESTE;59;11842.0;11700.0;9672.0;5921.0;6960.0;7378.0;7980.0;11718.0;7812.0;6293.0;8990.0;8580.0
9951.0;2023-12-31;16.0;23.0;27.0;30.0;823.0;38.0;4.0;16.0;24.0;644.0;38.0;0.0;38.0;1002.0;47.0;123.0;5;4;4;4;5;5;4;0;0;1;0;0;0;0;0;0;0;0;0;0;0;1;0;0.0;0.0;0.0;0.0;0.0;0.0;0.0;0.0;0.0;0.0;0.0;0.0;0.0;0.0;0.0;0.0;0.0;0.0;1.0;0.0;0.0;0.0;0.0;0.0;0.0;0.0;0.0;0.0;0.0;0.0;0.0;0.0;0.0;0.0;0.0;2.0;0.0;0.0;0.0;0.0;0.0;0;0;0;0;GOIOERÊ;REGIÃO OESTE;60;11010.0;11842.0;11700.0;9672.0;5921.0;6960.0;7378.0;7980.0;11718.0;7812.0;6293.0;8990.0
6727.0;2024-01-31;14.0;21.0;27.0;31.0;833.0;38.0;2.0;14.0;25.0;645.0;38.0;0.0;38.0;1021.0;19.0;64.0;4;5;4;5;4;4;5;0;0;0;0;1;0;0;0;0;0;0;0;0;0;0;1;0.0;0.0;0.0;0.0;0.0;0.0;0.0;0.0;0.0;0.0;0.0;0.0;0.0;0.0;0.0;0.0;0.0;0.0;1.0;0.0;0.0;0.0;0.0;0.0;0.0;0.0;0.0;0.0;0.0;0.0;0.0;0.0;0.0;0.0;0.0;2.0;0.0;0.0;0.0;0.0;0.0;31;0;0;0;GOIOERÊ;REGIÃO OESTE;61;9951.0;11010.0;11842.0;11700.0;9672.0;5921.0;6960.0;7378.0;7980.0;11718.0;7812.0;6293.0
11716.0;2024-02-29;18.0;25.0;28.0;30.0;799.0;36.0;5.0;18.0;25.0;626.0;36.0;0.0;36.0;972.0;35.0;158.0;4;4;5;4;4;4;4;0;0;0;1;0;0;0;0;0;0;0;0;0;0;0;1;0.0;0.0;0.0;0.0;0.0;0.0;0.0;0.0;0.0;0.0;0.0;0.0;0.0;0.0;0.0;0.0;0.0;0.0;1.0;0.0;0.0;0.0;0.0;0.0;0.0;0.0;0.0;0.0;0.0;0.0;0.0;0.0;0.0;0.0;0.0;2.0;0.0;0.0;0.0;0.0;0.0;0;3;0;0;GOIOERÊ;REGIÃO OESTE;62;6727.0;9951.0;11010.0;11842.0;11700.0;9672.0;5921.0;6960.0;7378.0;7980.0;11718.0;7812.0
12759.75;2024-03-31;17.0;23.0;27.0;30.0;848.0;39.0;2.0;17.0;24.0;658.0;39.0;0.0;39.0;1037.0;25.0;49.0;5;4;4;4;5;5;4;0;0;0;0;0;0;0;0;1;0;0;0;0;0;0;1;0.0;0.0;0.0;0.0;0.0;0.0;0.0;0.0;0.0;0.0;0.0;0.0;0.0;0.0;0.0;0.0;0.0;0.0;1.0;0.0;0.0;0.0;0.0;0.0;0.0;0.0;0.0;0.0;0.0;0.0;0.0;0.0;0.0;0.0;0.0;2.0;0.0;0.0;0.0;0.0;0.0;0;1;0;0;GOIOERÊ;REGIÃO OESTE;63;11716.0;6727.0;9951.0;11010.0;11842.0;11700.0;9672.0;5921.0;6960.0;7378.0;7980.0;11718.0
12570.0;2024-04-30;13.0;19.0;26.0;29.0;766.0;36.0;2.0;13.0;24.0;607.0;36.0;0.0;36.0;926.0;26.0;50.0;4;4;4;5;4;4;5;1;0;0;0;0;0;0;0;0;0;0;0;0;0;0;1;0.0;0.0;0.0;0.0;0.0;0.0;0.0;0.0;0.0;0.0;0.0;0.0;0.0;0.0;0.0;0.0;0.0;0.0;1.0;0.0;0.0;0.0;0.0;0.0;0.0;0.0;0.0;0.0;0.0;0.0;0.0;0.0;0.0;0.0;0.0;2.0;0.0;0.0;0.0;0.0;0.0;0;0;0;0;GOIOERÊ;REGIÃO OESTE;64;12759.75;11716.0;6727.0;9951.0;11010.0;11842.0;11700.0;9672.0;5921.0;6960.0;7378.0;7980.0
5828.0;2024-05-31;6.0;12.0;22.0;29.0;692.0;35.0;2.0;6.0;23.0;531.0;35.0;0.0;35.0;852.0;35.0;63.0;4;5;5;4;5;4;4;0;0;0;0;0;0;0;1;0;0;0;0;0;0;0;1;0.0;0.0;0.0;0.0;0.0;0.0;0.0;0.0;0.0;0.0;0.0;0.0;0.0;0.0;0.0;0.0;0.0;0.0;1.0;0.0;0.0;0.0;0.0;0.0;0.0;0.0;0.0;0.0;0.0;0.0;0.0;0.0;0.0;0.0;0.0;2.0;0.0;0.0;0.0;0.0;0.0;0;1;0;30;GOIOERÊ;REGIÃO OESTE;65;12570.0;12759.75;11716.0;6727.0;9951.0;11010.0;11842.0;11700.0;9672.0;5921.0;6960.0;7378.0
3540.0;2024-06-30;12.0;19.0;23.0;26.0;700.0;32.0;1.0;12.0;22.0;537.0;32.0;0.0;32.0;863.0;3.0;16.0;5;4;4;4;4;5;4;0;0;0;0;0;0;1;0;0;0;0;0;0;0;0;1;0.0;0.0;0.0;0.0;0.0;0.0;0.0;0.0;0.0;0.0;0.0;0.0;0.0;0.0;0.0;0.0;0.0;0.0;1.0;0.0;0.0;0.0;0.0;0.0;0.0;0.0;0.0;0.0;0.0;0.0;0.0;0.0;0.0;0.0;0.0;2.0;0.0;0.0;0.0;0.0;0.0;0;0;0;30;GOIOERÊ;REGIÃO OESTE;66;5828.0;12570.0;12759.75;11716.0;6727.0;9951.0;11010.0;11842.0;11700.0;9672.0;5921.0;6960.0
5704.0;2024-07-31;14.0;19.0;19.0;19.0;600.0;25.0;1.0;14.0;14.0;423.0;25.0;1.0;25.0;777.0;1.0;40.0;4;5;4;5;4;4;5;0;0;0;0;0;1;0;0;0;0;0;0;0;0;0;1;0.0;0.0;0.0;0.0;0.0;0.0;0.0;0.0;0.0;0.0;0.0;0.0;0.0;0.0;0.0;0.0;0.0;0.0;1.0;0.0;0.0;0.0;0.0;0.0;0.0;0.0;0.0;0.0;0.0;0.0;0.0;0.0;0.0;0.0;0.0;2.0;0.0;0.0;0.0;0.0;0.0;12;0;0;0;GOIOERÊ;REGIÃO OESTE;67;3540.0;5828.0;12570.0;12759.75;11716.0;6727.0;9951.0;11010.0;11842.0;11700.0;9672.0;5921.0
5580.0;2024-08-31;14.0;20.0;20.0;20.0;628.0;26.0;4.0;14.0;14.0;441.0;26.0;4.0;26.0;814.0;4.0;117.0;4;4;5;4;5;5;4;0;1;0;0;0;0;0;0;0;0;0;0;0;0;0;1;0.0;0.0;0.0;0.0;0.0;0.0;0.0;0.0;0.0;0.0;0.0;0.0;0.0;0.0;0.0;0.0;0.0;0.0;1.0;0.0;0.0;0.0;0.0;0.0;0.0;0.0;0.0;0.0;0.0;0.0;0.0;0.0;0.0;0.0;0.0;2.0;0.0;0.0;0.0;0.0;0.0;0;0;0;0;GOIOERÊ;REGIÃO OESTE;68;5704.0;3540.0;5828.0;12570.0;12759.75;11716.0;6727.0;9951.0;11010.0;11842.0;11700.0;9672.0
7620.0;2024-09-30;18.0;24.0;24.0;24.0;718.0;30.0;4.0;18.0;18.0;538.0;30.0;4.0;30.0;898.0;4.0;112.0;5;4;4;5;4;4;4;0;0;0;0;0;0;0;0;0;0;0;1;0;0;0;1;0.0;0.0;0.0;0.0;0.0;0.0;0.0;0.0;0.0;0.0;0.0;0.0;0.0;0.0;0.0;0.0;0.0;0.0;1.0;0.0;0.0;0.0;0.0;0.0;0.0;0.0;0.0;0.0;0.0;0.0;0.0;0.0;0.0;0.0;0.0;2.0;0.0;0.0;0.0;0.0;0.0;0;0;0;0;GOIOERÊ;REGIÃO OESTE;69;5580.0;5704.0;3540.0;5828.0;12570.0;12759.75;11716.0;6727.0;9951.0;11010.0;11842.0;11700.0
8215.0;2024-10-31;19.0;24.0;24.0;24.0;756.0;30.0;10.0;19.0;19.0;592.0;30.0;10.0;30.0;920.0;10.0;302.0;4;5;5;4;4;4;5;0;0;0;0;0;0;0;0;0;0;1;0;0;0;0;1;0.0;0.0;0.0;0.0;0.0;0.0;0.0;0.0;0.0;0.0;0.0;0.0;0.0;0.0;0.0;0.0;0.0;0.0;1.0;0.0;0.0;0.0;0.0;0.0;0.0;0.0;0.0;0.0;0.0;0.0;0.0;0.0;0.0;0.0;0.0;2.0;0.0;0.0;0.0;0.0;0.0;0;0;0;0;GOIOERÊ;REGIÃO OESTE;70;7620.0;5580.0;5704.0;3540.0;5828.0;12570.0;12759.75;11716.0;6727.0;9951.0;11010.0;11842.0
4766.0;2016-02-29;15.0;21.0;23.0;26.0;677.0;31.0;5.0;15.0;21.0;544.0;31.0;0.0;31.0;809.0;21.0;141.0;4;4;4;5;4;4;4;0;0;0;1;0;0;0;0;0;0;0;0;0;0;0;0;0.0;1.0;0.0;0.0;0.0;0.0;0.0;0.0;0.0;0.0;0.0;0.0;0.0;0.0;0.0;0.0;0.0;0.0;0.0;1.0;0.0;0.0;0.0;0.0;0.0;0.0;0.0;0.0;0.0;0.0;0.0;0.0;0.0;0.0;0.0;2.0;1.0;0.0;0.0;1.0;0.0;0;3;0;0;IRATI;REGIÃO CENTRAL;1;3249.0;3401.0;3714.0;3410.0;2265.0;2231.0;2798.0;3241.0;3372.0;3217.0;3677.0;2496.0
6965.0;2016-03-31;10.0;18.0;21.0;24.0;654.0;30.0;7.0;10.0;19.0;487.0;30.0;0.0;30.0;821.0;97.0;212.0;4;5;5;4;4;4;5;0;0;0;0;0;0;0;0;1;0;0;0;0;0;0;0;0.0;1.0;0.0;0.0;0.0;0.0;0.0;0.0;0.0;0.0;0.0;0.0;0.0;0.0;0.0;0.0;0.0;0.0;0.0;1.0;0.0;0.0;0.0;0.0;0.0;0.0;0.0;0.0;0.0;0.0;0.0;0.0;0.0;0.0;0.0;2.0;1.0;0.0;0.0;1.0;0.0;0;1;0;0;IRATI;REGIÃO CENTRAL;2;4766.0;3249.0;3401.0;3714.0;3410.0;2265.0;2231.0;2798.0;3241.0;3372.0;3217.0;3677.0
7332.0;2016-04-30;0.0;8.0;21.0;25.0;631.0;32.0;3.0;0.0;19.0;450.0;32.0;0.0;32.0;813.0;74.0;95.0;4;4;4;4;5;5;4;1;0;0;0;0;0;0;0;0;0;0;0;0;0;0;0;0.0;1.0;0.0;0.0;0.0;0.0;0.0;0.0;0.0;0.0;0.0;0.0;0.0;0.0;0.0;0.0;0.0;0.0;0.0;1.0;0.0;0.0;0.0;0.0;0.0;0.0;0.0;0.0;0.0;0.0;0.0;0.0;0.0;0.0;0.0;2.0;1.0;0.0;0.0;1.0;0.0;0;0;0;0;IRATI;REGIÃO CENTRAL;3;6965.0;4766.0;3249.0;3401.0;3714.0;3410.0;2265.0;2231.0;2798.0;3241.0;3372.0;3217.0
7840.0;2016-05-31;1.0;10.0;15.0;19.0;461.0;24.0;5.0;1.0;16.0;331.0;24.0;0.0;24.0;591.0;50.0;160.0;5;4;4;5;4;4;5;0;0;0;0;0;0;0;1;0;0;0;0;0;0;0;0;0.0;1.0;0.0;0.0;0.0;0.0;0.0;0.0;0.0;0.0;0.0;0.0;0.0;0.0;0.0;0.0;0.0;0.0;0.0;1.0;0.0;0.0;0.0;0.0;0.0;0.0;0.0;0.0;0.0;0.0;0.0;0.0;0.0;0.0;0.0;2.0;1.0;0.0;0.0;1.0;0.0;0;1;0;0;IRATI;REGIÃO CENTRAL;4;7332.0;6965.0;4766.0;3249.0;3401.0;3714.0;3410.0;2265.0;2231.0;2798.0;3241.0;3372.0
7788.0;2016-06-30;-4.0;5.0;11.0;16.0;341.0;24.0;2.0;-4.0;13.0;180.0;24.0;0.0;24.0;501.0;23.0;62.0;4;5;5;4;4;4;4;0;0;0;0;0;0;1;0;0;0;0;0;0;0;0;0;0.0;1.0;0.0;0.0;0.0;0.0;0.0;0.0;0.0;0.0;0.0;0.0;0.0;0.0;0.0;0.0;0.0;0.0;0.0;1.0;0.0;0.0;0.0;0.0;0.0;0.0;0.0;0.0;0.0;0.0;0.0;0.0;0.0;0.0;0.0;2.0;1.0;0.0;0.0;1.0;0.0;0;0;0;0;IRATI;REGIÃO CENTRAL;5;7840.0;7332.0;6965.0;4766.0;3249.0;3401.0;3714.0;3410.0;2265.0;2231.0;2798.0;3241.0
7457.0;2016-07-31;-2.0;6.0;14.0;20.0;428.0;26.0;3.0;-2.0;15.0;228.0;26.0;0.0;26.0;627.0;46.0;99.0;5;4;4;4;5;5;4;0;0;0;0;0;1;0;0;0;0;0;0;0;0;0;0;0.0;1.0;0.0;0.0;0.0;0.0;0.0;0.0;0.0;0.0;0.0;0.0;0.0;0.0;0.0;0.0;0.0;0.0;0.0;1.0;0.0;0.0;0.0;0.0;0.0;0.0;0.0;0.0;0.0;0.0;0.0;0.0;0.0;0.0;0.0;2.0;1.0;0.0;0.0;1.0;0.0;14;0;0;0;IRATI;REGIÃO CENTRAL;6;7788.0;7840.0;7332.0;6965.0;4766.0;3249.0;3401.0;3714.0;3410.0;2265.0;2231.0;2798.0
6961.0;2016-08-31;0.0;8.0;15.0;19.0;457.0;28.0;11.0;0.0;16.0;276.0;28.0;0.0;28.0;637.0;65.0;350.0;4;5;4;5;4;4;5;0;1;0;0;0;0;0;0;0;0;0;0;0;0;0;0;0.0;1.0;0.0;0.0;0.0;0.0;0.0;0.0;0.0;0.0;0.0;0.0;0.0;0.0;0.0;0.0;0.0;0.0;0.0;1.0;0.0;0.0;0.0;0.0;0.0;0.0;0.0;0.0;0.0;0.0;0.0;0.0;0.0;0.0;0.0;2.0;1.0;0.0;0.0;1.0;0.0;0;0;0;0;IRATI;REGIÃO CENTRAL;7;7457.0;7788.0;7840.0;7332.0;6965.0;4766.0;3249.0;3401.0;3714.0;3410.0;2265.0;2231.0
7122.0;2016-09-30;2.0;11.0;16.0;22.0;477.0;29.0;3.0;2.0;17.0;276.0;29.0;0.0;29.0;679.0;57.0;98.0;4;4;5;4;5;4;4;0;0;0;0;0;0;0;0;0;0;0;1;0;0;0;0;0.0;1.0;0.0;0.0;0.0;0.0;0.0;0.0;0.0;0.0;0.0;0.0;0.0;0.0;0.0;0.0;0.0;0.0;0.0;1.0;0.0;0.0;0.0;0.0;0.0;0.0;0.0;0.0;0.0;0.0;0.0;0.0;0.0;0.0;0.0;2.0;1.0;0.0;0.0;1.0;0.0;0;0;0;0;IRATI;REGIÃO CENTRAL;8;6961.0;7457.0;7788.0;7840.0;7332.0;6965.0;4766.0;3249.0;3401.0;3714.0;3410.0;2265.0
7353.0;2016-10-31;7.0;13.0;18.0;25.0;572.0;32.0;6.0;7.0;19.0;408.0;32.0;0.0;32.0;736.0;56.0;185.0;5;4;4;5;4;5;4;0;0;0;0;0;0;0;0;0;0;1;0;0;0;0;0;0.0;1.0;0.0;0.0;0.0;0.0;0.0;0.0;0.0;0.0;0.0;0.0;0.0;0.0;0.0;0.0;0.0;0.0;0.0;1.0;0.0;0.0;0.0;0.0;0.0;0.0;0.0;0.0;0.0;0.0;0.0;0.0;0.0;0.0;0.0;2.0;1.0;0.0;0.0;1.0;0.0;0;0;0;0;IRATI;REGIÃO CENTRAL;9;7122.0;6961.0;7457.0;7788.0;7840.0;7332.0;6965.0;4766.0;3249.0;3401.0;3714.0;3410.0
6768.0;2016-11-30;8.0;15.0;20.0;24.0;606.0;30.0;3.0;8.0;19.0;435.0;30.0;0.0;30.0;776.0;24.0;86.0;4;5;4;4;4;4;5;0;0;0;0;0;0;0;0;0;1;0;0;0;0;0;0;0.0;1.0;0.0;0.0;0.0;0.0;0.0;0.0;0.0;0.0;0.0;0.0;0.0;0.0;0.0;0.0;0.0;0.0;0.0;1.0;0.0;0.0;0.0;0.0;0.0;0.0;0.0;0.0;0.0;0.0;0.0;0.0;0.0;0.0;0.0;2.0;1.0;0.0;0.0;1.0;0.0;0;0;0;0;IRATI;REGIÃO CENTRAL;10;7353.0;7122.0;6961.0;7457.0;7788.0;7840.0;7332.0;6965.0;4766.0;3249.0;3401.0;3714.0
6065.0;2016-12-31;9.0;15.0;22.0;26.0;671.0;32.0;4.0;9.0;20.0;513.0;32.0;0.0;32.0;829.0;20.0;113.0;4;4;5;4;5;5;4;0;0;1;0;0;0;0;0;0;0;0;0;0;0;0;0;0.0;1.0;0.0;0.0;0.0;0.0;0.0;0.0;0.0;0.0;0.0;0.0;0.0;0.0;0.0;0.0;0.0;0.0;0.0;1.0;0.0;0.0;0.0;0.0;0.0;0.0;0.0;0.0;0.0;0.0;0.0;0.0;0.0;0.0;0.0;2.0;1.0;0.0;0.0;1.0;0.0;0;0;0;0;IRATI;REGIÃO CENTRAL;11;6768.0;7353.0;7122.0;6961.0;7457.0;7788.0;7840.0;7332.0;6965.0;4766.0;3249.0;3401.0
5663.0;2017-01-31;13.0;21.0;23.0;25.0;712.0;31.0;4.0;13.0;20.0;546.0;31.0;0.0;31.0;877.0;34.0;134.0;5;4;4;5;4;4;5;0;0;0;0;1;0;0;0;0;0;0;0;0;0;0;0;0.0;0.0;1.0;0.0;0.0;0.0;0.0;0.0;0.0;0.0;0.0;0.0;0.0;0.0;0.0;0.0;0.0;0.0;0.0;1.0;0.0;0.0;0.0;0.0;0.0;0.0;0.0;0.0;0.0;0.0;0.0;0.0;0.0;0.0;0.0;2.0;1.0;0.0;0.0;1.0;0.0;31;0;0;0;IRATI;REGIÃO CENTRAL;12;6065.0;6768.0;7353.0;7122.0;6961.0;7457.0;7788.0;7840.0;7332.0;6965.0;4766.0;3249.0
6284.0;2017-02-28;16.0;21.0;23.0;25.0;655.0;32.0;4.0;16.0;20.0;500.0;32.0;0.0;32.0;810.0;23.0;123.0;4;4;4;4;4;4;4;0;0;0;1;0;0;0;0;0;0;0;0;0;0;0;0;0.0;0.0;1.0;0.0;0.0;0.0;0.0;0.0;0.0;0.0;0.0;0.0;0.0;0.0;0.0;0.0;0.0;0.0;0.0;1.0;0.0;0.0;0.0;0.0;0.0;0.0;0.0;0.0;0.0;0.0;0.0;0.0;0.0;0.0;0.0;2.0;1.0;0.0;0.0;1.0;0.0;0;2;0;0;IRATI;REGIÃO CENTRAL;13;5663.0;6065.0;6768.0;7353.0;7122.0;6961.0;7457.0;7788.0;7840.0;7332.0;6965.0;4766.0
8444.0;2017-03-31;13.0;17.0;21.0;25.0;656.0;30.0;3.0;13.0;20.0;504.0;30.0;0.0;30.0;807.0;20.0;90.0;4;5;5;4;5;4;4;0;0;0;0;0;0;0;0;1;0;0;0;0;0;0;0;0.0;0.0;1.0;0.0;0.0;0.0;0.0;0.0;0.0;0.0;0.0;0.0;0.0;0.0;0.0;0.0;0.0;0.0;0.0;1.0;0.0;0.0;0.0;0.0;0.0;0.0;0.0;0.0;0.0;0.0;0.0;0.0;0.0;0.0;0.0;2.0;1.0;0.0;0.0;1.0;0.0;0;1;0;0;IRATI;REGIÃO CENTRAL;14;6284.0;5663.0;6065.0;6768.0;7353.0;7122.0;6961.0;7457.0;7788.0;7840.0;7332.0;6965.0
7818.0;2017-04-30;2.0;11.0;18.0;23.0;536.0;28.0;2.0;2.0;18.0;394.0;28.0;0.0;28.0;678.0;43.0;70.0;5;4;4;4;4;5;4;1;0;0;0;0;0;0;0;0;0;0;0;0;0;0;0;0.0;0.0;1.0;0.0;0.0;0.0;0.0;0.0;0.0;0.0;0.0;0.0;0.0;0.0;0.0;0.0;0.0;0.0;0.0;1.0;0.0;0.0;0.0;0.0;0.0;0.0;0.0;0.0;0.0;0.0;0.0;0.0;0.0;0.0;0.0;2.0;1.0;0.0;0.0;1.0;0.0;0;1;0;0;IRATI;REGIÃO CENTRAL;15;8444.0;6284.0;5663.0;6065.0;6768.0;7353.0;7122.0;6961.0;7457.0;7788.0;7840.0;7332.0
7918.0;2017-05-31;7.0;14.0;17.0;22.0;527.0;27.0;6.0;7.0;17.0;406.0;27.0;0.0;27.0;647.0;123.0;200.0;4;5;4;5;4;4;5;0;0;0;0;0;0;0;1;0;0;0;0;0;0;0;0;0.0;0.0;1.0;0.0;0.0;0.0;0.0;0.0;0.0;0.0;0.0;0.0;0.0;0.0;0.0;0.0;0.0;0.0;0.0;1.0;0.0;0.0;0.0;0.0;0.0;0.0;0.0;0.0;0.0;0.0;0.0;0.0;0.0;0.0;0.0;2.0;1.0;0.0;0.0;1.0;0.0;0;0;0;0;IRATI;REGIÃO CENTRAL;16;7818.0;8444.0;6284.0;5663.0;6065.0;6768.0;7353.0;7122.0;6961.0;7457.0;7788.0;7840.0
7158.0;2017-06-30;-1.0;8.0;15.0;21.0;441.0;24.0;3.0;-1.0;18.0;292.0;24.0;0.0;24.0;590.0;31.0;98.0;4;4;5;4;5;4;4;0;0;0;0;0;0;1;0;0;0;0;0;0;0;0;0;0.0;0.0;1.0;0.0;0.0;0.0;0.0;0.0;0.0;0.0;0.0;0.0;0.0;0.0;0.0;0.0;0.0;0.0;0.0;1.0;0.0;0.0;0.0;0.0;0.0;0.0;0.0;0.0;0.0;0.0;0.0;0.0;0.0;0.0;0.0;2.0;1.0;0.0;0.0;1.0;0.0;0;1;0;0;IRATI;REGIÃO CENTRAL;17;7918.0;7818.0;8444.0;6284.0;5663.0;6065.0;6768.0;7353.0;7122.0;6961.0;7457.0;7788.0
6609.0;2017-07-31;-4.0;4.0;14.0;17.0;422.0;25.0;0.0;-4.0;11.0;213.0;25.0;0.0;25.0;630.0;1.0;1.0;5;4;4;5;4;5;4;0;0;0;0;0;1;0;0;0;0;0;0;0;0;0;0;0.0;0.0;1.0;0.0;0.0;0.0;0.0;0.0;0.0;0.0;0.0;0.0;0.0;0.0;0.0;0.0;0.0;0.0;0.0;1.0;0.0;0.0;0.0;0.0;0.0;0.0;0.0;0.0;0.0;0.0;0.0;0.0;0.0;0.0;0.0;2.0;1.0;0.0;0.0;1.0;0.0;16;0;0;0;IRATI;REGIÃO CENTRAL;18;7158.0;7918.0;7818.0;8444.0;6284.0;5663.0;6065.0;6768.0;7353.0;7122.0;6961.0;7457.0
6607.0;2017-08-31;1.0;9.0;16.0;21.0;486.0;31.0;7.0;1.0;15.0;310.0;31.0;0.0;31.0;662.0;96.0;204.0;4;5;5;4;4;4;5;0;1;0;0;0;0;0;0;0;0;0;0;0;0;0;0;0.0;0.0;1.0;0.0;0.0;0.0;0.0;0.0;0.0;0.0;0.0;0.0;0.0;0.0;0.0;0.0;0.0;0.0;0.0;1.0;0.0;0.0;0.0;0.0;0.0;0.0;0.0;0.0;0.0;0.0;0.0;0.0;0.0;0.0;0.0;2.0;1.0;0.0;0.0;1.0;0.0;0;0;0;0;IRATI;REGIÃO CENTRAL;19;6609.0;7158.0;7918.0;7818.0;8444.0;6284.0;5663.0;6065.0;6768.0;7353.0;7122.0;6961.0
6474.0;2017-09-30;9.0;15.0;20.0;23.0;599.0;32.0;5.0;9.0;16.0;389.0;32.0;0.0;32.0;809.0;78.0;136.0;4;4;4;4;5;5;4;0;0;0;0;0;0;0;0;0;0;0;1;0;0;0;0;0.0;0.0;1.0;0.0;0.0;0.0;0.0;0.0;0.0;0.0;0.0;0.0;0.0;0.0;0.0;0.0;0.0;0.0;0.0;1.0;0.0;0.0;0.0;0.0;0.0;0.0;0.0;0.0;0.0;0.0;0.0;0.0;0.0;0.0;0.0;2.0;1.0;0.0;0.0;1.0;0.0;0;0;0;0;IRATI;REGIÃO CENTRAL;20;6607.0;6609.0;7158.0;7918.0;7818.0;8444.0;6284.0;5663.0;6065.0;6768.0;7353.0;7122.0
6114.0;2017-10-31;4.0;14.0;19.0;25.0;579.0;32.0;12.0;4.0;18.0;410.0;32.0;0.0;32.0;748.0;97.0;377.0;5;4;4;5;4;4;5;0;0;0;0;0;0;0;0;0;0;1;0;0;0;0;0;0.0;0.0;1.0;0.0;0.0;0.0;0.0;0.0;0.0;0.0;0.0;0.0;0.0;0.0;0.0;0.0;0.0;0.0;0.0;1.0;0.0;0.0;0.0;0.0;0.0;0.0;0.0;0.0;0.0;0.0;0.0;0.0;0.0;0.0;0.0;2.0;1.0;0.0;0.0;1.0;0.0;0;0;0;0;IRATI;REGIÃO CENTRAL;21;6474.0;6607.0;6609.0;7158.0;7918.0;7818.0;8444.0;6284.0;5663.0;6065.0;6768.0;7353.0
5958.0;2017-11-30;7.0;15.0;20.0;23.0;590.0;32.0;4.0;7.0;18.0;411.0;32.0;0.0;32.0;769.0;31.0;122.0;4;5;5;4;4;4;4;0;0;0;0;0;0;0;0;0;1;0;0;0;0;0;0;0.0;0.0;1.0;0.0;0.0;0.0;0.0;0.0;0.0;0.0;0.0;0.0;0.0;0.0;0.0;0.0;0.0;0.0;0.0;1.0;0.0;0.0;0.0;0.0;0.0;0.0;0.0;0.0;0.0;0.0;0.0;0.0;0.0;0.0;0.0;2.0;1.0;0.0;0.0;1.0;0.0;0;0;0;0;IRATI;REGIÃO CENTRAL;22;6114.0;6474.0;6607.0;6609.0;7158.0;7918.0;7818.0;8444.0;6284.0;5663.0;6065.0;6768.0
5087.0;2017-12-31;14.0;18.0;22.0;24.0;680.0;31.0;5.0;14.0;20.0;530.0;31.0;0.0;31.0;830.0;41.0;149.0;5;4;4;4;5;5;4;0;0;1;0;0;0;0;0;0;0;0;0;0;0;0;0;0.0;0.0;1.0;0.0;0.0;0.0;0.0;0.0;0.0;0.0;0.0;0.0;0.0;0.0;0.0;0.0;0.0;0.0;0.0;1.0;0.0;0.0;0.0;0.0;0.0;0.0;0.0;0.0;0.0;0.0;0.0;0.0;0.0;0.0;0.0;2.0;1.0;0.0;0.0;1.0;0.0;0;0;0;0;IRATI;REGIÃO CENTRAL;23;5958.0;6114.0;6474.0;6607.0;6609.0;7158.0;7918.0;7818.0;8444.0;6284.0;5663.0;6065.0
4589.0;2018-01-31;14.0;18.0;22.0;25.0;683.0;31.0;4.0;14.0;19.0;536.0;31.0;0.0;31.0;830.0;30.0;131.0;4;5;4;5;4;4;5;0;0;0;0;1;0;0;0;0;0;0;0;0;0;0;0;0.0;0.0;0.0;1.0;0.0;0.0;0.0;0.0;0.0;0.0;0.0;0.0;0.0;0.0;0.0;0.0;0.0;0.0;0.0;1.0;0.0;0.0;0.0;0.0;0.0;0.0;0.0;0.0;0.0;0.0;0.0;0.0;0.0;0.0;0.0;2.0;1.0;0.0;0.0;1.0;0.0;31;0;0;0;IRATI;REGIÃO CENTRAL;24;5087.0;5958.0;6114.0;6474.0;6607.0;6609.0;7158.0;7918.0;7818.0;8444.0;6284.0;5663.0
5284.0;2018-02-28;12.0;16.0;21.0;23.0;578.0;30.0;1.0;12.0;20.0;431.0;30.0;0.0;30.0;724.0;8.0;38.0;4;4;4;4;4;4;4;0;0;0;1;0;0;0;0;0;0;0;0;0;0;0;0;0.0;0.0;0.0;1.0;0.0;0.0;0.0;0.0;0.0;0.0;0.0;0.0;0.0;0.0;0.0;0.0;0.0;0.0;0.0;1.0;0.0;0.0;0.0;0.0;0.0;0.0;0.0;0.0;0.0;0.0;0.0;0.0;0.0;0.0;0.0;2.0;1.0;0.0;0.0;2.0;0.0;0;3;0;0;IRATI;REGIÃO CENTRAL;25;4589.0;5087.0;5958.0;6114.0;6474.0;6607.0;6609.0;7158.0;7918.0;7818.0;8444.0;6284.0
7413.0;2018-03-31;15.0;18.0;22.0;25.0;691.0;31.0;5.0;15.0;19.0;540.0;31.0;0.0;31.0;842.0;34.0;166.0;4;4;5;4;5;5;4;0;0;0;0;0;0;0;0;1;0;0;0;0;0;0;0;0.0;0.0;0.0;1.0;0.0;0.0;0.0;0.0;0.0;0.0;0.0;0.0;0.0;0.0;0.0;0.0;0.0;0.0;0.0;1.0;0.0;0.0;0.0;0.0;0.0;0.0;0.0;0.0;0.0;0.0;0.0;0.0;0.0;0.0;0.0;2.0;1.0;0.0;0.0;2.0;0.0;0;1;0;0;IRATI;REGIÃO CENTRAL;26;5284.0;4589.0;5087.0;5958.0;6114.0;6474.0;6607.0;6609.0;7158.0;7918.0;7818.0;8444.0
7488.0;2018-04-30;9.0;17.0;20.0;23.0;595.0;28.0;0.0;9.0;18.0;411.0;28.0;0.0;28.0;779.0;7.0;12.0;5;4;4;5;4;4;4;1;0;0;0;0;0;0;0;0;0;0;0;0;0;0;0;0.0;0.0;0.0;1.0;0.0;0.0;0.0;0.0;0.0;0.0;0.0;0.0;0.0;0.0;0.0;0.0;0.0;0.0;0.0;1.0;0.0;0.0;0.0;0.0;0.0;0.0;0.0;0.0;0.0;0.0;0.0;0.0;0.0;0.0;0.0;2.0;1.0;0.0;0.0;2.0;0.0;0;0;0;0;IRATI;REGIÃO CENTRAL;27;7413.0;5284.0;4589.0;5087.0;5958.0;6114.0;6474.0;6607.0;6609.0;7158.0;7918.0;7818.0
6942.0;2018-05-31;1.0;9.0;16.0;22.0;508.0;28.0;3.0;1.0;18.0;325.0;28.0;0.0;28.0;692.0;55.0;82.0;4;5;5;4;4;4;5;0;0;0;0;0;0;0;1;0;0;0;0;0;0;0;0;0.0;0.0;0.0;1.0;0.0;0.0;0.0;0.0;0.0;0.0;0.0;0.0;0.0;0.0;0.0;0.0;0.0;0.0;0.0;1.0;0.0;0.0;0.0;0.0;0.0;0.0;0.0;0.0;0.0;0.0;0.0;0.0;0.0;0.0;0.0;2.0;1.0;0.0;0.0;2.0;0.0;0;1;0;0;IRATI;REGIÃO CENTRAL;28;7488.0;7413.0;5284.0;4589.0;5087.0;5958.0;6114.0;6474.0;6607.0;6609.0;7158.0;7918.0
6822.0;2018-06-30;-0.0;6.0;14.0;21.0;421.0;27.0;9.0;-0.0;16.0;285.0;27.0;0.0;27.0;557.0;68.0;267.0;4;4;4;4;5;5;4;0;0;0;0;0;0;1;0;0;0;0;0;0;0;0;0;0.0;0.0;0.0;1.0;0.0;0.0;0.0;0.0;0.0;0.0;0.0;0.0;0.0;0.0;0.0;0.0;0.0;0.0;0.0;1.0;0.0;0.0;0.0;0.0;0.0;0.0;0.0;0.0;0.0;0.0;0.0;0.0;0.0;0.0;0.0;2.0;1.0;0.0;0.0;2.0;0.0;0;0;0;0;IRATI;REGIÃO CENTRAL;29;6942.0;7488.0;7413.0;5284.0;4589.0;5087.0;5958.0;6114.0;6474.0;6607.0;6609.0;7158.0
6820.0;2018-07-31;0.0;7.0;16.0;19.0;487.0;27.0;0.0;0.0;14.0;289.0;27.0;0.0;27.0;685.0;3.0;4.0;5;4;4;5;4;4;5;0;0;0;0;0;1;0;0;0;0;0;0;0;0;0;0;0.0;0.0;0.0;1.0;0.0;0.0;0.0;0.0;0.0;0.0;0.0;0.0;0.0;0.0;0.0;0.0;0.0;0.0;0.0;1.0;0.0;0.0;0.0;0.0;0.0;0.0;0.0;0.0;0.0;0.0;0.0;0.0;0.0;0.0;0.0;2.0;1.0;0.0;0.0;2.0;0.0;16;0;0;0;IRATI;REGIÃO CENTRAL;30;6822.0;6942.0;7488.0;7413.0;5284.0;4589.0;5087.0;5958.0;6114.0;6474.0;6607.0;6609.0
6790.0;2018-08-31;0.0;8.0;14.0;21.0;436.0;29.0;3.0;0.0;14.0;257.0;29.0;0.0;29.0;615.0;49.0;97.0;4;5;5;4;5;4;4;0;1;0;0;0;0;0;0;0;0;0;0;0;0;0;0;0.0;0.0;0.0;1.0;0.0;0.0;0.0;0.0;0.0;0.0;0.0;0.0;0.0;0.0;0.0;0.0;0.0;0.0;0.0;1.0;0.0;0.0;0.0;0.0;0.0;0.0;0.0;0.0;0.0;0.0;0.0;0.0;0.0;0.0;0.0;2.0;1.0;0.0;0.0;2.0;0.0;0;0;0;0;IRATI;REGIÃO CENTRAL;31;6820.0;6822.0;6942.0;7488.0;7413.0;5284.0;4589.0;5087.0;5958.0;6114.0;6474.0;6607.0
7356.0;2018-09-30;3.0;12.0;17.0;24.0;524.0;32.0;7.0;3.0;17.0;365.0;32.0;0.0;32.0;682.0;60.0;216.0;5;4;4;4;4;5;4;0;0;0;0;0;0;0;0;0;0;0;1;0;0;0;0;0.0;0.0;0.0;1.0;0.0;0.0;0.0;0.0;0.0;0.0;0.0;0.0;0.0;0.0;0.0;0.0;0.0;0.0;0.0;1.0;0.0;0.0;0.0;0.0;0.0;0.0;0.0;0.0;0.0;0.0;0.0;0.0;0.0;0.0;0.0;2.0;1.0;0.0;0.0;2.0;0.0;0;0;0;0;IRATI;REGIÃO CENTRAL;32;6790.0;6820.0;6822.0;6942.0;7488.0;7413.0;5284.0;4589.0;5087.0;5958.0;6114.0;6474.0
7352.0;2018-10-31;8.0;13.0;18.0;22.0;570.0;29.0;7.0;8.0;18.0;447.0;29.0;0.0;29.0;693.0;48.0;222.0;4;5;4;5;4;4;5;0;0;0;0;0;0;0;0;0;0;1;0;0;0;0;0;0.0;0.0;0.0;1.0;0.0;0.0;0.0;0.0;0.0;0.0;0.0;0.0;0.0;0.0;0.0;0.0;0.0;0.0;0.0;1.0;0.0;0.0;0.0;0.0;0.0;0.0;0.0;0.0;0.0;0.0;0.0;0.0;0.0;0.0;0.0;2.0;1.0;0.0;0.0;2.0;0.0;0;0;0;0;IRATI;REGIÃO CENTRAL;33;7356.0;6790.0;6820.0;6822.0;6942.0;7488.0;7413.0;5284.0;4589.0;5087.0;5958.0;6114.0
7350.0;2018-11-30;10.0;16.0;21.0;26.0;623.0;31.0;2.0;10.0;21.0;459.0;31.0;0.0;31.0;787.0;31.0;74.0;4;4;5;4;5;4;4;0;0;0;0;0;0;0;0;0;1;0;0;0;0;0;0;0.0;0.0;0.0;1.0;0.0;0.0;0.0;0.0;0.0;0.0;0.0;0.0;0.0;0.0;0.0;0.0;0.0;0.0;0.0;1.0;0.0;0.0;0.0;0.0;0.0;0.0;0.0;0.0;0.0;0.0;0.0;0.0;0.0;0.0;0.0;2.0;1.0;0.0;0.0;2.0;0.0;0;0;0;0;IRATI;REGIÃO CENTRAL;34;7352.0;7356.0;6790.0;6820.0;6822.0;6942.0;7488.0;7413.0;5284.0;4589.0;5087.0;5958.0
6053.0;2018-12-31;8.0;18.0;23.0;27.0;725.0;34.0;2.0;8.0;21.0;513.0;34.0;0.0;34.0;937.0;12.0;77.0;5;4;4;5;4;5;4;0;0;1;0;0;0;0;0;0;0;0;0;0;0;0;0;0.0;0.0;0.0;1.0;0.0;0.0;0.0;0.0;0.0;0.0;0.0;0.0;0.0;0.0;0.0;0.0;0.0;0.0;0.0;1.0;0.0;0.0;0.0;0.0;0.0;0.0;0.0;0.0;0.0;0.0;0.0;0.0;0.0;0.0;0.0;2.0;1.0;0.0;0.0;2.0;0.0;0;0;0;0;IRATI;REGIÃO CENTRAL;35;7350.0;7352.0;7356.0;6790.0;6820.0;6822.0;6942.0;7488.0;7413.0;5284.0;4589.0;5087.0
4976.0;2019-01-31;16.0;22.0;24.0;26.0;749.0;34.0;5.0;16.0;21.0;576.0;34.0;0.0;34.0;922.0;22.0;164.0;4;5;5;4;4;4;5;0;0;0;0;1;0;0;0;0;0;0;0;0;0;0;0;0.0;0.0;0.0;0.0;1.0;0.0;0.0;0.0;0.0;0.0;0.0;0.0;0.0;0.0;0.0;0.0;0.0;0.0;0.0;1.0;0.0;0.0;0.0;0.0;0.0;0.0;0.0;0.0;0.0;0.0;0.0;0.0;0.0;0.0;0.0;2.0;0.0;0.0;0.0;2.0;0.0;31;0;0;0;IRATI;REGIÃO CENTRAL;36;6053.0;7350.0;7352.0;7356.0;6790.0;6820.0;6822.0;6942.0;7488.0;7413.0;5284.0;4589.0
6256.0;2019-02-28;14.0;17.0;22.0;26.0;612.0;34.0;7.0;14.0;20.0;478.0;34.0;0.0;34.0;746.0;47.0;195.0;4;4;4;4;4;4;4;0;0;0;1;0;0;0;0;0;0;0;0;0;0;0;0;0.0;0.0;0.0;0.0;1.0;0.0;0.0;0.0;0.0;0.0;0.0;0.0;0.0;0.0;0.0;0.0;0.0;0.0;0.0;1.0;0.0;0.0;0.0;0.0;0.0;0.0;0.0;0.0;0.0;0.0;0.0;0.0;0.0;0.0;0.0;2.0;0.0;1.0;1.0;2.0;0.0;0;0;0;0;IRATI;REGIÃO CENTRAL;37;4976.0;6053.0;7350.0;7352.0;7356.0;6790.0;6820.0;6822.0;6942.0;7488.0;7413.0;5284.0
9163.0;2019-03-31;12.0;18.0;21.0;23.0;663.0;30.0;2.0;12.0;19.0;513.0;30.0;0.0;30.0;813.0;27.0;73.0;5;4;4;4;5;5;4;0;0;0;0;0;0;0;0;1;0;0;0;0;0;0;0;0.0;0.0;0.0;0.0;1.0;0.0;0.0;0.0;0.0;0.0;0.0;0.0;0.0;0.0;0.0;0.0;0.0;0.0;0.0;1.0;0.0;0.0;0.0;0.0;0.0;0.0;0.0;0.0;0.0;0.0;0.0;0.0;0.0;0.0;0.0;2.0;0.0;1.0;1.0;2.0;0.0;0;3;0;0;IRATI;REGIÃO CENTRAL;38;6256.0;4976.0;6053.0;7350.0;7352.0;7356.0;6790.0;6820.0;6822.0;6942.0;7488.0;7413.0
8400.0;2019-04-30;9.0;17.0;20.0;23.0;595.0;28.0;3.0;9.0;20.0;451.0;28.0;0.0;28.0;738.0;36.0;83.0;4;4;4;5;4;4;5;1;0;0;0;0;0;0;0;0;0;0;0;0;0;0;0;0.0;0.0;0.0;0.0;1.0;0.0;0.0;0.0;0.0;0.0;0.0;0.0;0.0;0.0;0.0;0.0;0.0;0.0;0.0;1.0;0.0;0.0;0.0;0.0;0.0;0.0;0.0;0.0;0.0;0.0;0.0;0.0;0.0;0.0;0.0;2.0;0.0;1.0;1.0;2.0;0.0;0;1;0;0;IRATI;REGIÃO CENTRAL;39;9163.0;6256.0;4976.0;6053.0;7350.0;7352.0;7356.0;6790.0;6820.0;6822.0;6942.0;7488.0
8245.0;2019-05-31;7.0;13.0;18.0;22.0;543.0;28.0;9.0;7.0;18.0;426.0;28.0;0.0;28.0;661.0;76.0;270.0;4;5;5;4;5;4;4;0;0;0;0;0;0;0;1;0;0;0;0;0;0;0;0;0.0;0.0;0.0;0.0;1.0;0.0;0.0;0.0;0.0;0.0;0.0;0.0;0.0;0.0;0.0;0.0;0.0;0.0;0.0;1.0;0.0;0.0;0.0;0.0;0.0;0.0;0.0;0.0;0.0;0.0;0.0;0.0;0.0;0.0;0.0;2.0;0.0;1.0;1.0;2.0;0.0;0;0;0;0;IRATI;REGIÃO CENTRAL;40;8400.0;9163.0;6256.0;4976.0;6053.0;7350.0;7352.0;7356.0;6790.0;6820.0;6822.0;6942.0
7428.0;2019-06-30;3.0;10.0;16.0;20.0;478.0;25.0;2.0;3.0;16.0;317.0;25.0;0.0;25.0;639.0;49.0;74.0;5;4;4;4;4;5;4;0;0;0;0;0;0;1;0;0;0;0;0;0;0;0;0;0.0;0.0;0.0;0.0;1.0;0.0;0.0;0.0;0.0;0.0;0.0;0.0;0.0;0.0;0.0;0.0;0.0;0.0;0.0;1.0;0.0;0.0;0.0;0.0;0.0;0.0;0.0;0.0;0.0;0.0;0.0;0.0;0.0;0.0;0.0;2.0;0.0;1.0;1.0;2.0;0.0;0;1;0;0;IRATI;REGIÃO CENTRAL;41;8245.0;8400.0;9163.0;6256.0;4976.0;6053.0;7350.0;7352.0;7356.0;6790.0;6820.0;6822.0
6850.0;2019-07-31;-4.0;4.0;14.0;19.0;440.0;25.0;1.0;-4.0;16.0;245.0;25.0;0.0;25.0;634.0;10.0;25.0;4;5;4;5;4;4;5;0;0;0;0;0;1;0;0;0;0;0;0;0;0;0;0;0.0;0.0;0.0;0.0;1.0;0.0;0.0;0.0;0.0;0.0;0.0;0.0;0.0;0.0;0.0;0.0;0.0;0.0;0.0;1.0;0.0;0.0;0.0;0.0;0.0;0.0;0.0;0.0;0.0;0.0;0.0;0.0;0.0;0.0;0.0;2.0;0.0;1.0;1.0;2.0;0.0;16;0;0;0;IRATI;REGIÃO CENTRAL;42;7428.0;8245.0;8400.0;9163.0;6256.0;4976.0;6053.0;7350.0;7352.0;7356.0;6790.0;6820.0
7793.0;2019-08-31;-0.0;7.0;15.0;21.0;464.0;29.0;0.0;-0.0;15.0;272.0;29.0;0.0;29.0;656.0;4.0;7.0;4;4;5;4;5;5;4;0;1;0;0;0;0;0;0;0;0;0;0;0;0;0;0;0.0;0.0;0.0;0.0;1.0;0.0;0.0;0.0;0.0;0.0;0.0;0.0;0.0;0.0;0.0;0.0;0.0;0.0;0.0;1.0;0.0;0.0;0.0;0.0;0.0;0.0;0.0;0.0;0.0;0.0;0.0;0.0;0.0;0.0;0.0;2.0;0.0;1.0;1.0;2.0;0.0;0;0;0;0;IRATI;REGIÃO CENTRAL;43;6850.0;7428.0;8245.0;8400.0;9163.0;6256.0;4976.0;6053.0;7350.0;7352.0;7356.0;6790.0
8682.0;2019-09-30;6.0;11.0;18.0;24.0;549.0;32.0;5.0;6.0;17.0;383.0;32.0;0.0;32.0;714.0;34.0;150.0;5;4;4;5;4;4;4;0;0;0;0;0;0;0;0;0;0;0;1;0;0;0;0;0.0;0.0;0.0;0.0;1.0;0.0;0.0;0.0;0.0;0.0;0.0;0.0;0.0;0.0;0.0;0.0;0.0;0.0;0.0;1.0;0.0;0.0;0.0;0.0;0.0;0.0;0.0;0.0;0.0;0.0;0.0;0.0;0.0;0.0;0.0;2.0;0.0;1.0;1.0;2.0;0.0;0;0;0;0;IRATI;REGIÃO CENTRAL;44;7793.0;6850.0;7428.0;8245.0;8400.0;9163.0;6256.0;4976.0;6053.0;7350.0;7352.0;7356.0
8927.0;2019-10-31;11.0;15.0;21.0;25.0;650.0;34.0;5.0;11.0;18.0;461.0;34.0;0.0;34.0;840.0;47.0;169.0;4;5;5;4;4;4;5;0;0;0;0;0;0;0;0;0;0;1;0;0;0;0;0;0.0;0.0;0.0;0.0;1.0;0.0;0.0;0.0;0.0;0.0;0.0;0.0;0.0;0.0;0.0;0.0;0.0;0.0;0.0;1.0;0.0;0.0;0.0;0.0;0.0;0.0;0.0;0.0;0.0;0.0;0.0;0.0;0.0;0.0;0.0;2.0;0.0;1.0;1.0;2.0;0.0;0;0;0;0;IRATI;REGIÃO CENTRAL;45;8682.0;7793.0;6850.0;7428.0;8245.0;8400.0;9163.0;6256.0;4976.0;6053.0;7350.0;7352.0
8628.0;2019-11-30;11.0;16.0;21.0;25.0;632.0;33.0;5.0;11.0;19.0;463.0;33.0;0.0;33.0;800.0;48.0;145.0;4;4;4;4;5;5;4;0;0;0;0;0;0;0;0;0;1;0;0;0;0;0;0;0.0;0.0;0.0;0.0;1.0;0.0;0.0;0.0;0.0;0.0;0.0;0.0;0.0;0.0;0.0;0.0;0.0;0.0;0.0;1.0;0.0;0.0;0.0;0.0;0.0;0.0;0.0;0.0;0.0;0.0;0.0;0.0;0.0;0.0;0.0;2.0;0.0;1.0;1.0;2.0;0.0;0;0;0;0;IRATI;REGIÃO CENTRAL;46;8927.0;8682.0;7793.0;6850.0;7428.0;8245.0;8400.0;9163.0;6256.0;4976.0;6053.0;7350.0
6335.0;2019-12-31;13.0;17.0;21.0;25.0;666.0;32.0;5.0;13.0;19.0;501.0;32.0;0.0;32.0;832.0;62.0;151.0;5;4;4;5;4;4;5;0;0;1;0;0;0;0;0;0;0;0;0;0;0;0;0;0.0;0.0;0.0;0.0;1.0;0.0;0.0;0.0;0.0;0.0;0.0;0.0;0.0;0.0;0.0;0.0;0.0;0.0;0.0;1.0;0.0;0.0;0.0;0.0;0.0;0.0;0.0;0.0;0.0;0.0;0.0;0.0;0.0;0.0;0.0;2.0;0.0;1.0;1.0;2.0;0.0;0;0;0;0;IRATI;REGIÃO CENTRAL;47;8628.0;8927.0;8682.0;7793.0;6850.0;7428.0;8245.0;8400.0;9163.0;6256.0;4976.0;6053.0
5531.0;2020-01-31;12.0;18.0;22.0;26.0;687.0;32.0;2.0;12.0;21.0;526.0;32.0;0.0;32.0;847.0;23.0;71.0;4;5;5;4;5;4;4;0;0;0;0;1;0;0;0;0;0;0;0;0;0;0;0;0.0;0.0;0.0;0.0;0.0;1.0;0.0;0.0;0.0;0.0;0.0;0.0;0.0;0.0;0.0;0.0;0.0;0.0;0.0;1.0;0.0;0.0;0.0;0.0;0.0;0.0;0.0;0.0;0.0;0.0;0.0;0.0;0.0;0.0;0.0;2.0;0.0;1.0;1.0;2.0;0.0;31;0;0;0;IRATI;REGIÃO CENTRAL;48;6335.0;8628.0;8927.0;8682.0;7793.0;6850.0;7428.0;8245.0;8400.0;9163.0;6256.0;4976.0
7583.0;2020-02-29;11.0;18.0;22.0;26.0;632.0;33.0;3.0;11.0;20.0;474.0;33.0;0.0;33.0;789.0;34.0;84.0;4;4;4;4;4;5;4;0;0;0;1;0;0;0;0;0;0;0;0;0;0;0;0;0.0;0.0;0.0;0.0;0.0;1.0;0.0;0.0;0.0;0.0;0.0;0.0;0.0;0.0;0.0;0.0;0.0;0.0;0.0;1.0;0.0;0.0;0.0;0.0;0.0;0.0;0.0;0.0;0.0;0.0;0.0;0.0;0.0;0.0;0.0;2.0;0.0;1.0;1.0;2.0;0.0;0;3;0;0;IRATI;REGIÃO CENTRAL;49;5531.0;6335.0;8628.0;8927.0;8682.0;7793.0;6850.0;7428.0;8245.0;8400.0;9163.0;6256.0
6496.0;2020-03-31;10.0;17.0;21.0;24.0;650.0;32.0;1.0;10.0;19.0;447.0;32.0;0.0;32.0;853.0;17.0;38.0;5;4;4;5;4;4;5;0;0;0;0;0;0;0;0;1;0;0;0;0;0;0;0;0.0;0.0;0.0;0.0;0.0;1.0;0.0;0.0;0.0;0.0;0.0;0.0;0.0;0.0;0.0;0.0;0.0;0.0;0.0;1.0;0.0;0.0;0.0;0.0;0.0;0.0;0.0;0.0;0.0;0.0;0.0;0.0;0.0;0.0;0.0;2.0;0.0;1.0;1.0;2.0;0.0;0;0;15;0;IRATI;REGIÃO CENTRAL;50;7583.0;5531.0;6335.0;8628.0;8927.0;8682.0;7793.0;6850.0;7428.0;8245.0;8400.0;9163.0
3756.0;2020-04-30;3.0;12.0;18.0;24.0;534.0;30.0;1.0;3.0;18.0;318.0;30.0;0.0;30.0;749.0;30.0;45.0;4;5;5;4;4;4;4;1;0;0;0;0;0;0;0;0;0;0;0;0;0;0;0;0.0;0.0;0.0;0.0;0.0;1.0;0.0;0.0;0.0;0.0;0.0;0.0;0.0;0.0;0.0;0.0;0.0;0.0;0.0;1.0;0.0;0.0;0.0;0.0;0.0;0.0;0.0;0.0;0.0;0.0;0.0;0.0;0.0;0.0;0.0;2.0;0.0;1.0;1.0;2.0;0.0;0;1;30;0;IRATI;REGIÃO CENTRAL;51;6496.0;7583.0;5531.0;6335.0;8628.0;8927.0;8682.0;7793.0;6850.0;7428.0;8245.0;8400.0
3391.0;2020-05-31;1.0;10.0;15.0;19.0;456.0;26.0;7.0;1.0;15.0;246.0;26.0;0.0;26.0;666.0;133.0;208.0;5;4;4;4;5;5;4;0;0;0;0;0;0;0;1;0;0;0;0;0;0;0;0;0.0;0.0;0.0;0.0;0.0;1.0;0.0;0.0;0.0;0.0;0.0;0.0;0.0;0.0;0.0;0.0;0.0;0.0;0.0;1.0;0.0;0.0;0.0;0.0;0.0;0.0;0.0;0.0;0.0;0.0;0.0;0.0;0.0;0.0;0.0;2.0;0.0;1.0;1.0;2.0;0.0;0;0;31;0;IRATI;REGIÃO CENTRAL;52;3756.0;6496.0;7583.0;5531.0;6335.0;8628.0;8927.0;8682.0;7793.0;6850.0;7428.0;8245.0
3288.0;2020-06-30;6.0;11.0;16.0;22.0;472.0;26.0;8.0;6.0;18.0;341.0;26.0;0.0;26.0;602.0;67.0;238.0;4;4;4;5;4;4;5;0;0;0;0;0;0;1;0;0;0;0;0;0;0;0;0;0.0;0.0;0.0;0.0;0.0;1.0;0.0;0.0;0.0;0.0;0.0;0.0;0.0;0.0;0.0;0.0;0.0;0.0;0.0;1.0;0.0;0.0;0.0;0.0;0.0;0.0;0.0;0.0;0.0;0.0;0.0;0.0;0.0;0.0;0.0;2.0;0.0;1.0;1.0;2.0;0.0;0;1;30;0;IRATI;REGIÃO CENTRAL;53;3391.0;3756.0;6496.0;7583.0;5531.0;6335.0;8628.0;8927.0;8682.0;7793.0;6850.0;7428.0
3581.0;2020-07-31;0.0;8.0;14.0;19.0;437.0;25.0;1.0;0.0;14.0;256.0;25.0;0.0;25.0;617.0;15.0;40.0;4;5;5;4;5;4;4;0;0;0;0;0;1;0;0;0;0;0;0;0;0;0;0;0.0;0.0;0.0;0.0;0.0;1.0;0.0;0.0;0.0;0.0;0.0;0.0;0.0;0.0;0.0;0.0;0.0;0.0;0.0;1.0;0.0;0.0;0.0;0.0;0.0;0.0;0.0;0.0;0.0;0.0;0.0;0.0;0.0;0.0;0.0;2.0;0.0;1.0;1.0;2.0;0.0;0;0;31;0;IRATI;REGIÃO CENTRAL;54;3288.0;3391.0;3756.0;6496.0;7583.0;5531.0;6335.0;8628.0;8927.0;8682.0;7793.0;6850.0
3441.0;2020-08-31;-3.0;5.0;14.0;21.0;449.0;30.0;11.0;-3.0;14.0;253.0;30.0;0.0;30.0;646.0;106.0;334.0;5;4;4;5;4;5;4;0;1;0;0;0;0;0;0;0;0;0;0;0;0;0;0;0.0;0.0;0.0;0.0;0.0;1.0;0.0;0.0;0.0;0.0;0.0;0.0;0.0;0.0;0.0;0.0;0.0;0.0;0.0;1.0;0.0;0.0;0.0;0.0;0.0;0.0;0.0;0.0;0.0;0.0;0.0;0.0;0.0;0.0;0.0;2.0;0.0;1.0;1.0;2.0;0.0;0;0;31;0;IRATI;REGIÃO CENTRAL;55;3581.0;3288.0;3391.0;3756.0;6496.0;7583.0;5531.0;6335.0;8628.0;8927.0;8682.0;7793.0
3510.0;2020-09-30;9.0;13.0;20.0;25.0;587.0;33.0;1.0;9.0;16.0;395.0;33.0;0.0;33.0;779.0;28.0;43.0;4;5;4;4;4;4;5;0;0;0;0;0;0;0;0;0;0;0;1;0;0;0;0;0.0;0.0;0.0;0.0;0.0;1.0;0.0;0.0;0.0;0.0;0.0;0.0;0.0;0.0;0.0;0.0;0.0;0.0;0.0;1.0;0.0;0.0;0.0;0.0;0.0;0.0;0.0;0.0;0.0;0.0;0.0;0.0;0.0;0.0;0.0;2.0;0.0;1.0;1.0;2.0;0.0;0;0;30;0;IRATI;REGIÃO CENTRAL;56;3441.0;3581.0;3288.0;3391.0;3756.0;6496.0;7583.0;5531.0;6335.0;8628.0;8927.0;8682.0
3782.0;2020-10-31;7.0;14.0;20.0;27.0;619.0;36.0;3.0;7.0;18.0;419.0;36.0;0.0;36.0;818.0;53.0;97.0;4;4;5;4;5;5;4;0;0;0;0;0;0;0;0;0;0;1;0;0;0;0;0;0.0;0.0;0.0;0.0;0.0;1.0;0.0;0.0;0.0;0.0;0.0;0.0;0.0;0.0;0.0;0.0;0.0;0.0;0.0;1.0;0.0;0.0;0.0;0.0;0.0;0.0;0.0;0.0;0.0;0.0;0.0;0.0;0.0;0.0;0.0;2.0;0.0;1.0;1.0;2.0;0.0;0;0;31;0;IRATI;REGIÃO CENTRAL;57;3510.0;3441.0;3581.0;3288.0;3391.0;3756.0;6496.0;7583.0;5531.0;6335.0;8628.0;8927.0
3690.0;2020-11-30;6.0;15.0;20.0;25.0;608.0;33.0;3.0;6.0;18.0;416.0;33.0;0.0;33.0;801.0;32.0;104.0;5;4;4;5;4;4;4;0;0;0;0;0;0;0;0;0;1;0;0;0;0;0;0;0.0;0.0;0.0;0.0;0.0;1.0;0.0;0.0;0.0;0.0;0.0;0.0;0.0;0.0;0.0;0.0;0.0;0.0;0.0;1.0;0.0;0.0;0.0;0.0;0.0;0.0;0.0;0.0;0.0;0.0;0.0;0.0;0.0;0.0;0.0;2.0;0.0;1.0;1.0;2.0;0.0;0;0;30;0;IRATI;REGIÃO CENTRAL;58;3782.0;3510.0;3441.0;3581.0;3288.0;3391.0;3756.0;6496.0;7583.0;5531.0;6335.0;8628.0
3937.0;2020-12-31;13.0;16.0;22.0;24.0;675.0;30.0;7.0;13.0;20.0;519.0;30.0;0.0;30.0;832.0;38.0;204.0;4;5;5;4;4;4;5;0;0;1;0;0;0;0;0;0;0;0;0;0;0;0;0;0.0;0.0;0.0;0.0;0.0;1.0;0.0;0.0;0.0;0.0;0.0;0.0;0.0;0.0;0.0;0.0;0.0;0.0;0.0;1.0;0.0;0.0;0.0;0.0;0.0;0.0;0.0;0.0;0.0;0.0;0.0;0.0;0.0;0.0;0.0;2.0;0.0;1.0;1.0;2.0;0.0;0;0;31;0;IRATI;REGIÃO CENTRAL;59;3690.0;3782.0;3510.0;3441.0;3581.0;3288.0;3391.0;3756.0;6496.0;7583.0;5531.0;6335.0
4154.0;2021-01-31;12.0;17.0;21.0;25.0;665.0;31.0;8.0;12.0;20.0;545.0;31.0;0.0;31.0;784.0;63.0;262.0;5;4;4;4;5;5;4;0;0;0;0;1;0;0;0;0;0;0;0;1;0;0;0;0.0;0.0;0.0;0.0;0.0;0.0;0.0;0.0;0.0;0.0;0.0;0.0;0.0;0.0;0.0;0.0;0.0;0.0;0.0;1.0;0.0;0.0;0.0;0.0;0.0;0.0;0.0;0.0;0.0;0.0;0.0;0.0;0.0;0.0;0.0;2.0;0.0;1.0;1.0;2.0;0.0;0;0;31;0;IRATI;REGIÃO CENTRAL;60;3937.0;3690.0;3782.0;3510.0;3441.0;3581.0;3288.0;3391.0;3756.0;6496.0;7583.0;5531.0
3388.0;2021-02-28;10.0;18.0;21.0;24.0;579.0;30.0;0.0;10.0;19.0;413.0;30.0;0.0;30.0;745.0;4.0;12.0;4;4;4;4;4;4;4;0;0;0;1;0;0;0;0;0;0;0;0;1;0;0;0;0.0;0.0;0.0;0.0;0.0;0.0;0.0;0.0;0.0;0.0;0.0;0.0;0.0;0.0;0.0;0.0;0.0;0.0;0.0;1.0;0.0;0.0;0.0;0.0;0.0;0.0;0.0;0.0;0.0;0.0;0.0;0.0;0.0;0.0;0.0;2.0;0.0;1.0;1.0;2.0;0.0;0;3;28;0;IRATI;REGIÃO CENTRAL;61;4154.0;3937.0;3690.0;3782.0;3510.0;3441.0;3581.0;3288.0;3391.0;3756.0;6496.0;7583.0
3472.0;2021-03-31;10.0;16.0;22.0;24.0;667.0;30.0;4.0;10.0;19.0;507.0;30.0;0.0;30.0;827.0;27.0;127.0;4;5;4;5;4;4;5;0;0;0;0;0;0;0;0;1;0;0;0;1;0;0;0;0.0;0.0;0.0;0.0;0.0;0.0;0.0;0.0;0.0;0.0;0.0;0.0;0.0;0.0;0.0;0.0;0.0;0.0;0.0;1.0;0.0;0.0;0.0;0.0;0.0;0.0;0.0;0.0;0.0;0.0;0.0;0.0;0.0;0.0;0.0;2.0;0.0;1.0;1.0;2.0;0.0;0;0;31;0;IRATI;REGIÃO CENTRAL;62;3388.0;4154.0;3937.0;3690.0;3782.0;3510.0;3441.0;3581.0;3288.0;3391.0;3756.0;6496.0
3300.0;2021-04-30;7.0;14.0;17.0;20.0;520.0;27.0;0.0;7.0;16.0;356.0;27.0;0.0;27.0;683.0;0.0;2.0;4;4;5;4;5;4;4;1;0;0;0;0;0;0;0;0;0;0;0;1;0;0;0;0.0;0.0;0.0;0.0;0.0;0.0;0.0;0.0;0.0;0.0;0.0;0.0;0.0;0.0;0.0;0.0;0.0;0.0;0.0;1.0;0.0;0.0;0.0;0.0;0.0;0.0;0.0;0.0;0.0;0.0;0.0;0.0;0.0;0.0;0.0;2.0;0.0;1.0;1.0;2.0;0.0;0;1;30;0;IRATI;REGIÃO CENTRAL;63;3472.0;3388.0;4154.0;3937.0;3690.0;3782.0;3510.0;3441.0;3581.0;3288.0;3391.0;3756.0
3534.0;2021-05-31;1.0;10.0;15.0;19.0;469.0;27.0;3.0;1.0;14.0;292.0;27.0;0.0;27.0;646.0;33.0;85.0;5;4;4;5;4;5;4;0;0;0;0;0;0;0;1;0;0;0;0;1;0;0;0;0.0;0.0;0.0;0.0;0.0;0.0;0.0;0.0;0.0;0.0;0.0;0.0;0.0;0.0;0.0;0.0;0.0;0.0;0.0;1.0;0.0;0.0;0.0;0.0;0.0;0.0;0.0;0.0;0.0;0.0;0.0;0.0;0.0;0.0;0.0;2.0;0.0;1.0;1.0;2.0;0.0;0;0;31;0;IRATI;REGIÃO CENTRAL;64;3300.0;3472.0;3388.0;4154.0;3937.0;3690.0;3782.0;3510.0;3441.0;3581.0;3288.0;3391.0
3480.0;2021-06-30;-2.0;3.0;13.0;19.0;404.0;24.0;4.0;-2.0;15.0;276.0;24.0;0.0;24.0;531.0;34.0;119.0;4;5;4;4;4;4;5;0;0;0;0;0;0;1;0;0;0;0;0;1;0;0;0;0.0;0.0;0.0;0.0;0.0;0.0;0.0;0.0;0.0;0.0;0.0;0.0;0.0;0.0;0.0;0.0;0.0;0.0;0.0;1.0;0.0;0.0;0.0;0.0;0.0;0.0;0.0;0.0;0.0;0.0;0.0;0.0;0.0;0.0;0.0;2.0;0.0;1.0;1.0;2.0;0.0;0;1;30;0;IRATI;REGIÃO CENTRAL;65;3534.0;3300.0;3472.0;3388.0;4154.0;3937.0;3690.0;3782.0;3510.0;3441.0;3581.0;3288.0
3596.0;2021-07-31;-3.0;4.0;11.0;17.0;351.0;25.0;2.0;-3.0;13.0;151.0;25.0;0.0;25.0;550.0;33.0;74.0;4;4;5;4;5;5;4;0;0;0;0;0;1;0;0;0;0;0;0;1;0;0;0;0.0;0.0;0.0;0.0;0.0;0.0;0.0;0.0;0.0;0.0;0.0;0.0;0.0;0.0;0.0;0.0;0.0;0.0;0.0;1.0;0.0;0.0;0.0;0.0;0.0;0.0;0.0;0.0;0.0;0.0;0.0;0.0;0.0;0.0;0.0;2.0;0.0;1.0;1.0;2.0;0.0;0;0;31;0;IRATI;REGIÃO CENTRAL;66;3480.0;3534.0;3300.0;3472.0;3388.0;4154.0;3937.0;3690.0;3782.0;3510.0;3441.0;3581.0
3472.0;2021-08-31;4.0;9.0;16.0;22.0;498.0;29.0;3.0;4.0;16.0;328.0;29.0;0.0;29.0;668.0;44.0;78.0;5;4;4;5;4;4;5;0;1;0;0;0;0;0;0;0;0;0;0;1;0;0;0;0.0;0.0;0.0;0.0;0.0;0.0;0.0;0.0;0.0;0.0;0.0;0.0;0.0;0.0;0.0;0.0;0.0;0.0;0.0;1.0;0.0;0.0;0.0;0.0;0.0;0.0;0.0;0.0;0.0;0.0;0.0;0.0;0.0;0.0;0.0;2.0;0.0;1.0;1.0;2.0;0.0;0;0;31;0;IRATI;REGIÃO CENTRAL;67;3596.0;3480.0;3534.0;3300.0;3472.0;3388.0;4154.0;3937.0;3690.0;3782.0;3510.0;3441.0
3300.0;2021-09-30;6.0;13.0;19.0;24.0;569.0;31.0;3.0;6.0;20.0;393.0;31.0;0.0;31.0;745.0;20.0;86.0;4;5;5;4;4;4;4;0;0;0;0;0;0;0;0;0;0;0;1;1;0;0;0;0.0;0.0;0.0;0.0;0.0;0.0;0.0;0.0;0.0;0.0;0.0;0.0;0.0;0.0;0.0;0.0;0.0;0.0;0.0;1.0;0.0;0.0;0.0;0.0;0.0;0.0;0.0;0.0;0.0;0.0;0.0;0.0;0.0;0.0;0.0;2.0;0.0;1.0;1.0;2.0;0.0;0;0;30;0;IRATI;REGIÃO CENTRAL;68;3472.0;3596.0;3480.0;3534.0;3300.0;3472.0;3388.0;4154.0;3937.0;3690.0;3782.0;3510.0
3720.0;2021-10-31;7.0;12.0;17.0;20.0;531.0;27.0;9.0;7.0;17.0;405.0;27.0;0.0;27.0;656.0;91.0;286.0;5;4;4;4;5;5;4;0;0;0;0;0;0;0;0;0;0;1;0;1;0;0;0;0.0;0.0;0.0;0.0;0.0;0.0;0.0;0.0;0.0;0.0;0.0;0.0;0.0;0.0;0.0;0.0;0.0;0.0;0.0;1.0;0.0;0.0;0.0;0.0;0.0;0.0;0.0;0.0;0.0;0.0;0.0;0.0;0.0;0.0;0.0;2.0;0.0;1.0;1.0;2.0;0.0;0;0;0;0;IRATI;REGIÃO CENTRAL;69;3300.0;3472.0;3596.0;3480.0;3534.0;3300.0;3472.0;3388.0;4154.0;3937.0;3690.0;3782.0
5430.0;2021-11-30;7.0;16.0;20.0;23.0;611.0;32.0;2.0;7.0;17.0;427.0;32.0;0.0;32.0;795.0;14.0;50.0;4;4;4;5;4;4;5;0;0;0;0;0;0;0;0;0;1;0;0;1;0;0;0;0.0;0.0;0.0;0.0;0.0;0.0;0.0;0.0;0.0;0.0;0.0;0.0;0.0;0.0;0.0;0.0;0.0;0.0;0.0;1.0;0.0;0.0;0.0;0.0;0.0;0.0;0.0;0.0;0.0;0.0;0.0;0.0;0.0;0.0;0.0;2.0;0.0;1.0;1.0;2.0;0.0;0;0;0;0;IRATI;REGIÃO CENTRAL;70;3720.0;3300.0;3472.0;3596.0;3480.0;3534.0;3300.0;3472.0;3388.0;4154.0;3937.0;3690.0
4805.0;2021-12-31;9.0;17.0;22.0;26.0;668.0;32.0;2.0;9.0;20.0;475.0;32.0;0.0;32.0;861.0;22.0;76.0;4;5;5;4;5;4;4;0;0;1;0;0;0;0;0;0;0;0;0;1;0;0;0;0.0;0.0;0.0;0.0;0.0;0.0;0.0;0.0;0.0;0.0;0.0;0.0;0.0;0.0;0.0;0.0;0.0;0.0;0.0;1.0;0.0;0.0;0.0;0.0;0.0;0.0;0.0;0.0;0.0;0.0;0.0;0.0;0.0;0.0;0.0;2.0;0.0;1.0;1.0;2.0;0.0;0;0;0;0;IRATI;REGIÃO CENTRAL;71;5430.0;3720.0;3300.0;3472.0;3596.0;3480.0;3534.0;3300.0;3472.0;3388.0;4154.0;3937.0
4340.0;2022-01-31;12.0;16.0;22.0;26.0;686.0;33.0;8.0;12.0;20.0;528.0;33.0;0.0;33.0;844.0;54.0;242.0;5;4;4;5;4;5;4;0;0;0;0;1;0;0;0;0;0;0;0;0;1;0;0;0.0;0.0;0.0;0.0;0.0;0.0;0.0;0.0;0.0;0.0;0.0;0.0;0.0;0.0;0.0;0.0;0.0;0.0;0.0;1.0;0.0;0.0;0.0;0.0;0.0;0.0;0.0;0.0;0.0;0.0;0.0;0.0;0.0;0.0;0.0;2.0;0.0;1.0;1.0;2.0;0.0;31;0;0;0;IRATI;REGIÃO CENTRAL;72;4805.0;5430.0;3720.0;3300.0;3472.0;3596.0;3480.0;3534.0;3300.0;3472.0;3388.0;4154.0
4508.0;2022-02-28;12.0;19.0;22.0;25.0;619.0;32.0;5.0;12.0;20.0;451.0;32.0;0.0;32.0;786.0;58.0;140.0;4;4;4;4;4;4;4;0;0;0;1;0;0;0;0;0;0;0;0;0;1;0;0;0.0;0.0;0.0;0.0;0.0;0.0;0.0;0.0;0.0;0.0;0.0;0.0;0.0;0.0;0.0;0.0;0.0;0.0;0.0;1.0;0.0;0.0;0.0;0.0;0.0;0.0;0.0;0.0;0.0;0.0;0.0;0.0;0.0;0.0;0.0;2.0;0.0;1.0;1.0;2.0;0.0;0;1;0;0;IRATI;REGIÃO CENTRAL;73;4340.0;4805.0;5430.0;3720.0;3300.0;3472.0;3596.0;3480.0;3534.0;3300.0;3472.0;3388.0
7626.0;2022-03-31;11.0;15.0;21.0;25.0;661.0;31.0;9.0;11.0;20.0;520.0;31.0;0.0;31.0;801.0;65.0;281.0;4;5;5;4;4;4;5;0;0;0;0;0;0;0;0;1;0;0;0;0;1;0;0;0.0;0.0;0.0;0.0;0.0;0.0;0.0;0.0;0.0;0.0;0.0;0.0;0.0;0.0;0.0;0.0;0.0;0.0;0.0;1.0;0.0;0.0;0.0;0.0;0.0;0.0;0.0;0.0;0.0;0.0;0.0;0.0;0.0;0.0;0.0;2.0;0.0;1.0;1.0;2.0;0.0;0;1;0;0;IRATI;REGIÃO CENTRAL;74;4508.0;4340.0;4805.0;5430.0;3720.0;3300.0;3472.0;3596.0;3480.0;3534.0;3300.0;3472.0
7710.0;2022-04-30;5.0;12.0;18.0;22.0;530.0;28.0;17.0;5.0;17.0;394.0;28.0;0.0;28.0;666.0;248.0;503.0;4;4;4;4;5;5;4;1;0;0;0;0;0;0;0;0;0;0;0;0;1;0;0;0.0;0.0;0.0;0.0;0.0;0.0;0.0;0.0;0.0;0.0;0.0;0.0;0.0;0.0;0.0;0.0;0.0;0.0;0.0;1.0;0.0;0.0;0.0;0.0;0.0;0.0;0.0;0.0;0.0;0.0;0.0;0.0;0.0;0.0;0.0;2.0;0.0;1.0;1.0;2.0;0.0;0;1;0;0;IRATI;REGIÃO CENTRAL;75;7626.0;4508.0;4340.0;4805.0;5430.0;3720.0;3300.0;3472.0;3596.0;3480.0;3534.0;3300.0
8525.0;2022-05-31;0.0;6.0;14.0;20.0;444.0;27.0;5.0;0.0;16.0;280.0;27.0;0.0;27.0;608.0;55.0;156.0;5;4;4;5;4;4;5;0;0;0;0;0;0;0;1;0;0;0;0;0;1;0;0;0.0;0.0;0.0;0.0;0.0;0.0;0.0;0.0;0.0;0.0;0.0;0.0;0.0;0.0;0.0;0.0;0.0;0.0;0.0;1.0;0.0;0.0;0.0;0.0;0.0;0.0;0.0;0.0;0.0;0.0;0.0;0.0;0.0;0.0;0.0;2.0;0.0;1.0;1.0;2.0;0.0;0;0;0;0;IRATI;REGIÃO CENTRAL;76;7710.0;7626.0;4508.0;4340.0;4805.0;5430.0;3720.0;3300.0;3472.0;3596.0;3480.0;3534.0
8220.0;2022-06-30;-1.0;7.0;14.0;20.0;416.0;25.0;6.0;-1.0;14.0;269.0;25.0;0.0;25.0;563.0;65.0;177.0;4;5;5;4;4;4;4;0;0;0;0;0;0;1;0;0;0;0;0;0;1;0;0;0.0;0.0;0.0;0.0;0.0;0.0;0.0;0.0;0.0;0.0;0.0;0.0;0.0;0.0;0.0;0.0;0.0;0.0;0.0;1.0;0.0;0.0;0.0;0.0;0.0;0.0;0.0;0.0;0.0;0.0;0.0;0.0;0.0;0.0;0.0;2.0;0.0;1.0;1.0;2.0;0.0;0;1;0;0;IRATI;REGIÃO CENTRAL;77;8525.0;7710.0;7626.0;4508.0;4340.0;4805.0;5430.0;3720.0;3300.0;3472.0;3596.0;3480.0
6603.0;2022-07-31;1.0;9.0;16.0;19.0;492.0;26.0;2.0;1.0;15.0;292.0;26.0;0.0;26.0;693.0;43.0;69.0;5;4;4;4;5;5;4;0;0;0;0;0;1;0;0;0;0;0;0;0;1;0;0;0.0;0.0;0.0;0.0;0.0;0.0;0.0;0.0;0.0;0.0;0.0;0.0;0.0;0.0;0.0;0.0;0.0;0.0;0.0;1.0;0.0;0.0;0.0;0.0;0.0;0.0;0.0;0.0;0.0;0.0;0.0;0.0;0.0;0.0;0.0;2.0;0.0;1.0;1.0;2.0;0.0;0;0;0;0;IRATI;REGIÃO CENTRAL;78;8220.0;8525.0;7710.0;7626.0;4508.0;4340.0;4805.0;5430.0;3720.0;3300.0;3472.0;3596.0
7812.0;2022-08-31;-2.0;6.0;14.0;18.0;422.0;27.0;5.0;-2.0;13.0;253.0;27.0;0.0;27.0;590.0;60.0;168.0;4;5;4;5;4;4;5;0;1;0;0;0;0;0;0;0;0;0;0;0;1;0;0;0.0;0.0;0.0;0.0;0.0;0.0;0.0;0.0;0.0;0.0;0.0;0.0;0.0;0.0;0.0;0.0;0.0;0.0;0.0;1.0;0.0;0.0;0.0;0.0;0.0;0.0;0.0;0.0;0.0;0.0;0.0;0.0;0.0;0.0;0.0;2.0;0.0;1.0;1.0;2.0;0.0;0;0;0;0;IRATI;REGIÃO CENTRAL;79;6603.0;8220.0;8525.0;7710.0;7626.0;4508.0;4340.0;4805.0;5430.0;3720.0;3300.0;3472.0
9120.0;2022-09-30;1.0;9.0;14.0;22.0;427.0;29.0;11.0;1.0;17.0;305.0;29.0;0.0;29.0;548.0;53.0;318.0;4;4;5;4;5;4;4;0;0;0;0;0;0;0;0;0;0;0;1;0;1;0;0;0.0;0.0;0.0;0.0;0.0;0.0;0.0;0.0;0.0;0.0;0.0;0.0;0.0;0.0;0.0;0.0;0.0;0.0;0.0;1.0;0.0;0.0;0.0;0.0;0.0;0.0;0.0;0.0;0.0;0.0;0.0;0.0;0.0;0.0;0.0;2.0;0.0;1.0;1.0;2.0;0.0;0;0;0;0;IRATI;REGIÃO CENTRAL;80;7812.0;6603.0;8220.0;8525.0;7710.0;7626.0;4508.0;4340.0;4805.0;5430.0;3720.0;3300.0
8432.0;2022-10-31;5.0;14.0;18.0;22.0;570.0;29.0;12.0;5.0;16.0;411.0;29.0;0.0;29.0;730.0;153.0;376.0;5;4;4;5;4;5;4;0;0;0;0;0;0;0;0;0;0;1;0;0;1;0;0;0.0;0.0;0.0;0.0;0.0;0.0;0.0;0.0;0.0;0.0;0.0;0.0;0.0;0.0;0.0;0.0;0.0;0.0;0.0;1.0;0.0;0.0;0.0;0.0;0.0;0.0;0.0;0.0;0.0;0.0;0.0;0.0;0.0;0.0;0.0;2.0;0.0;1.0;1.0;2.0;0.0;0;0;0;0;IRATI;REGIÃO CENTRAL;81;9120.0;7812.0;6603.0;8220.0;8525.0;7710.0;7626.0;4508.0;4340.0;4805.0;5430.0;3720.0
8160.0;2022-11-30;6.0;10.0;18.0;23.0;533.0;29.0;2.0;6.0;18.0;355.0;29.0;0.0;29.0;711.0;20.0;73.0;4;5;4;4;4;4;5;0;0;0;0;0;0;0;0;0;1;0;0;0;1;0;0;0.0;0.0;0.0;0.0;0.0;0.0;0.0;0.0;0.0;0.0;0.0;0.0;0.0;0.0;0.0;0.0;0.0;0.0;0.0;1.0;0.0;0.0;0.0;0.0;0.0;0.0;0.0;0.0;0.0;0.0;0.0;0.0;0.0;0.0;0.0;2.0;0.0;1.0;1.0;2.0;0.0;0;0;0;0;IRATI;REGIÃO CENTRAL;82;8432.0;9120.0;7812.0;6603.0;8220.0;8525.0;7710.0;7626.0;4508.0;4340.0;4805.0;5430.0
6169.0;2022-12-31;10.0;17.0;21.0;25.0;666.0;32.0;9.0;10.0;21.0;503.0;32.0;0.0;32.0;829.0;80.0;294.0;4;4;5;4;5;5;4;0;0;1;0;0;0;0;0;0;0;0;0;0;1;0;0;0.0;0.0;0.0;0.0;0.0;0.0;0.0;0.0;0.0;0.0;0.0;0.0;0.0;0.0;0.0;0.0;0.0;0.0;0.0;1.0;0.0;0.0;0.0;0.0;0.0;0.0;0.0;0.0;0.0;0.0;0.0;0.0;0.0;0.0;0.0;2.0;0.0;1.0;1.0;2.0;0.0;0;0;0;0;IRATI;REGIÃO CENTRAL;83;8160.0;8432.0;9120.0;7812.0;6603.0;8220.0;8525.0;7710.0;7626.0;4508.0;4340.0;4805.0
5704.0;2023-01-31;11.0;16.0;21.0;24.0;664.0;30.0;7.0;11.0;19.0;501.0;30.0;0.0;30.0;826.0;40.0;202.0;5;4;4;5;4;4;5;0;0;0;0;1;0;0;0;0;0;0;0;0;0;1;0;0.0;0.0;0.0;0.0;0.0;0.0;0.0;0.0;0.0;0.0;0.0;0.0;0.0;0.0;0.0;0.0;0.0;0.0;0.0;1.0;0.0;0.0;0.0;0.0;0.0;0.0;0.0;0.0;0.0;0.0;0.0;0.0;0.0;0.0;0.0;2.0;0.0;1.0;1.0;2.0;0.0;31;0;0;0;IRATI;REGIÃO CENTRAL;84;6169.0;8160.0;8432.0;9120.0;7812.0;6603.0;8220.0;8525.0;7710.0;7626.0;4508.0;4340.0
8316.0;2023-02-28;12.0;14.0;21.0;24.0;596.0;30.0;8.0;12.0;19.0;471.0;30.0;0.0;30.0;721.0;32.0;213.0;4;4;4;4;4;4;4;0;0;0;1;0;0;0;0;0;0;0;0;0;0;1;0;0.0;0.0;0.0;0.0;0.0;0.0;0.0;0.0;0.0;0.0;0.0;0.0;0.0;0.0;0.0;0.0;0.0;0.0;0.0;1.0;0.0;0.0;0.0;0.0;0.0;0.0;0.0;0.0;0.0;0.0;0.0;0.0;0.0;0.0;0.0;2.0;0.0;1.0;1.0;2.0;0.0;0;3;0;0;IRATI;REGIÃO CENTRAL;85;5704.0;6169.0;8160.0;8432.0;9120.0;7812.0;6603.0;8220.0;8525.0;7710.0;7626.0;4508.0
11284.0;2023-03-31;14.0;20.0;22.0;24.0;679.0;30.0;3.0;14.0;19.0;512.0;30.0;0.0;30.0;846.0;20.0;104.0;4;5;5;4;5;4;4;0;0;0;0;0;0;0;0;1;0;0;0;0;0;1;0;0.0;0.0;0.0;0.0;0.0;0.0;0.0;0.0;0.0;0.0;0.0;0.0;0.0;0.0;0.0;0.0;0.0;0.0;0.0;1.0;0.0;0.0;0.0;0.0;0.0;0.0;0.0;0.0;0.0;0.0;0.0;0.0;0.0;0.0;0.0;2.0;0.0;1.0;1.0;2.0;0.0;0;0;0;0;IRATI;REGIÃO CENTRAL;86;8316.0;5704.0;6169.0;8160.0;8432.0;9120.0;7812.0;6603.0;8220.0;8525.0;7710.0;7626.0
8970.0;2023-04-30;7.0;13.0;18.0;22.0;553.0;28.0;4.0;7.0;17.0;392.0;28.0;0.0;28.0;714.0;46.0;109.0;5;4;4;4;4;5;4;1;0;0;0;0;0;0;0;0;0;0;0;0;0;1;0;0.0;0.0;0.0;0.0;0.0;0.0;0.0;0.0;0.0;0.0;0.0;0.0;0.0;0.0;0.0;0.0;0.0;0.0;0.0;1.0;0.0;0.0;0.0;0.0;0.0;0.0;0.0;0.0;0.0;0.0;0.0;0.0;0.0;0.0;0.0;2.0;0.0;1.0;1.0;2.0;0.0;0;1;0;0;IRATI;REGIÃO CENTRAL;87;11284.0;8316.0;5704.0;6169.0;8160.0;8432.0;9120.0;7812.0;6603.0;8220.0;8525.0;7710.0
9982.0;2023-05-31;4.0;12.0;16.0;22.0;503.0;27.0;2.0;4.0;17.0;326.0;27.0;0.0;27.0;679.0;19.0;76.0;4;5;4;5;4;4;5;0;0;0;0;0;0;0;1;0;0;0;0;0;0;1;0;0.0;0.0;0.0;0.0;0.0;0.0;0.0;0.0;0.0;0.0;0.0;0.0;0.0;0.0;0.0;0.0;0.0;0.0;0.0;1.0;0.0;0.0;0.0;0.0;0.0;0.0;0.0;0.0;0.0;0.0;0.0;0.0;0.0;0.0;0.0;2.0;0.0;1.0;1.0;2.0;0.0;0;0;0;0;IRATI;REGIÃO CENTRAL;88;8970.0;11284.0;8316.0;5704.0;6169.0;8160.0;8432.0;9120.0;7812.0;6603.0;8220.0;8525.0
10830.0;2023-06-30;2.0;9.0;14.0;20.0;424.0;25.0;4.0;2.0;14.0;253.0;25.0;0.0;25.0;594.0;37.0;114.0;4;4;5;4;5;4;4;0;0;0;0;0;0;1;0;0;0;0;0;0;0;1;0;0.0;0.0;0.0;0.0;0.0;0.0;0.0;0.0;0.0;0.0;0.0;0.0;0.0;0.0;0.0;0.0;0.0;0.0;0.0;1.0;0.0;0.0;0.0;0.0;0.0;0.0;0.0;0.0;0.0;0.0;0.0;0.0;0.0;0.0;0.0;2.0;0.0;1.0;1.0;2.0;0.0;0;1;0;0;IRATI;REGIÃO CENTRAL;89;9982.0;8970.0;11284.0;8316.0;5704.0;6169.0;8160.0;8432.0;9120.0;7812.0;6603.0;8220.0
7719.0;2023-07-31;4.0;9.0;15.0;20.0;458.0;25.0;8.0;4.0;15.0;315.0;25.0;0.0;25.0;600.0;141.0;254.0;5;4;4;5;4;5;4;0;0;0;0;0;1;0;0;0;0;0;0;0;0;1;0;0.0;0.0;0.0;0.0;0.0;0.0;0.0;0.0;0.0;0.0;0.0;0.0;0.0;0.0;0.0;0.0;0.0;0.0;0.0;1.0;0.0;0.0;0.0;0.0;0.0;0.0;0.0;0.0;0.0;0.0;0.0;0.0;0.0;0.0;0.0;2.0;0.0;1.0;1.0;2.0;0.0;15;0;0;0;IRATI;REGIÃO CENTRAL;90;10830.0;9982.0;8970.0;11284.0;8316.0;5704.0;6169.0;8160.0;8432.0;9120.0;7812.0;6603.0
10509.0;2023-08-31;2.0;10.0;16.0;24.0;491.0;30.0;3.0;2.0;18.0;319.0;30.0;0.0;30.0;663.0;42.0;100.0;4;5;5;4;4;4;5;0;1;0;0;0;0;0;0;0;0;0;0;0;0;1;0;0.0;0.0;0.0;0.0;0.0;0.0;0.0;0.0;0.0;0.0;0.0;0.0;0.0;0.0;0.0;0.0;0.0;0.0;0.0;1.0;0.0;0.0;0.0;0.0;0.0;0.0;0.0;0.0;0.0;0.0;0.0;0.0;0.0;0.0;0.0;2.0;0.0;1.0;1.0;2.0;0.0;0;0;0;0;IRATI;REGIÃO CENTRAL;91;7719.0;10830.0;9982.0;8970.0;11284.0;8316.0;5704.0;6169.0;8160.0;8432.0;9120.0;7812.0
10620.0;2023-09-30;4.0;13.0;19.0;26.0;585.0;33.0;7.0;4.0;20.0;418.0;33.0;0.0;33.0;751.0;64.0;195.0;4;4;4;4;5;5;4;0;0;0;0;0;0;0;0;0;0;0;1;0;0;1;0;0.0;0.0;0.0;0.0;0.0;0.0;0.0;0.0;0.0;0.0;0.0;0.0;0.0;0.0;0.0;0.0;0.0;0.0;0.0;1.0;0.0;0.0;0.0;0.0;0.0;0.0;0.0;0.0;0.0;0.0;0.0;0.0;0.0;0.0;0.0;2.0;0.0;1.0;1.0;2.0;0.0;0;0;0;0;IRATI;REGIÃO CENTRAL;92;10509.0;7719.0;10830.0;9982.0;8970.0;11284.0;8316.0;5704.0;6169.0;8160.0;8432.0;9120.0
10354.0;2023-10-31;11.0;13.0;19.0;24.0;598.0;30.0;20.0;11.0;20.0;469.0;30.0;0.0;30.0;728.0;90.0;626.0;5;4;4;5;4;4;5;0;0;0;0;0;0;0;0;0;0;1;0;0;0;1;0;0.0;0.0;0.0;0.0;0.0;0.0;0.0;0.0;0.0;0.0;0.0;0.0;0.0;0.0;0.0;0.0;0.0;0.0;0.0;1.0;0.0;0.0;0.0;0.0;0.0;0.0;0.0;0.0;0.0;0.0;0.0;0.0;0.0;0.0;0.0;2.0;0.0;1.0;1.0;2.0;0.0;0;0;0;0;IRATI;REGIÃO CENTRAL;93;10620.0;10509.0;7719.0;10830.0;9982.0;8970.0;11284.0;8316.0;5704.0;6169.0;8160.0;8432.0
10650.0;2023-11-30;6.0;15.0;21.0;27.0;633.0;34.0;6.0;6.0;22.0;485.0;34.0;0.0;34.0;781.0;48.0;181.0;4;5;5;4;4;4;4;0;0;0;0;0;0;0;0;0;1;0;0;0;0;1;0;0.0;0.0;0.0;0.0;0.0;0.0;0.0;0.0;0.0;0.0;0.0;0.0;0.0;0.0;0.0;0.0;0.0;0.0;0.0;1.0;0.0;0.0;0.0;0.0;0.0;0.0;0.0;0.0;0.0;0.0;0.0;0.0;0.0;0.0;0.0;2.0;0.0;1.0;1.0;2.0;0.0;0;0;0;0;IRATI;REGIÃO CENTRAL;94;10354.0;10620.0;10509.0;7719.0;10830.0;9982.0;8970.0;11284.0;8316.0;5704.0;6169.0;8160.0
9951.0;2023-12-31;15.0;17.0;23.0;27.0;725.0;34.0;6.0;15.0;21.0;545.0;34.0;0.0;34.0;906.0;82.0;186.0;5;4;4;4;5;5;4;0;0;1;0;0;0;0;0;0;0;0;0;0;0;1;0;0.0;0.0;0.0;0.0;0.0;0.0;0.0;0.0;0.0;0.0;0.0;0.0;0.0;0.0;0.0;0.0;0.0;0.0;0.0;1.0;0.0;0.0;0.0;0.0;0.0;0.0;0.0;0.0;0.0;0.0;0.0;0.0;0.0;0.0;0.0;2.0;0.0;1.0;1.0;2.0;0.0;0;0;0;0;IRATI;REGIÃO CENTRAL;95;10650.0;10354.0;10620.0;10509.0;7719.0;10830.0;9982.0;8970.0;11284.0;8316.0;5704.0;6169.0
6789.0;2024-01-31;12.0;17.0;23.0;27.0;698.0;35.0;6.0;12.0;21.0;535.0;35.0;0.0;35.0;860.0;50.0;172.0;4;5;4;5;4;4;5;0;0;0;0;1;0;0;0;0;0;0;0;0;0;0;1;0.0;0.0;0.0;0.0;0.0;0.0;0.0;0.0;0.0;0.0;0.0;0.0;0.0;0.0;0.0;0.0;0.0;0.0;0.0;1.0;0.0;0.0;0.0;0.0;0.0;0.0;0.0;0.0;0.0;0.0;0.0;0.0;0.0;0.0;0.0;2.0;0.0;1.0;1.0;2.0;0.0;31;0;0;0;IRATI;REGIÃO CENTRAL;96;9951.0;10650.0;10354.0;10620.0;10509.0;7719.0;10830.0;9982.0;8970.0;11284.0;8316.0;5704.0
12122.0;2024-02-29;15.0;18.0;23.0;26.0;673.0;33.0;6.0;15.0;20.0;518.0;33.0;0.0;33.0;827.0;33.0;166.0;4;4;5;4;4;4;4;0;0;0;1;0;0;0;0;0;0;0;0;0;0;0;1;0.0;0.0;0.0;0.0;0.0;0.0;0.0;0.0;0.0;0.0;0.0;0.0;0.0;0.0;0.0;0.0;0.0;0.0;0.0;1.0;0.0;0.0;0.0;0.0;0.0;0.0;0.0;0.0;0.0;0.0;0.0;0.0;0.0;0.0;0.0;2.0;0.0;1.0;1.0;2.0;0.0;0;3;0;0;IRATI;REGIÃO CENTRAL;97;6789.0;9951.0;10650.0;10354.0;10620.0;10509.0;7719.0;10830.0;9982.0;8970.0;11284.0;8316.0
13640.0;2024-03-31;14.0;16.0;23.0;26.0;703.0;34.0;4.0;14.0;21.0;541.0;34.0;0.0;34.0;866.0;33.0;109.0;5;4;4;4;5;5;4;0;0;0;0;0;0;0;0;1;0;0;0;0;0;0;1;0.0;0.0;0.0;0.0;0.0;0.0;0.0;0.0;0.0;0.0;0.0;0.0;0.0;0.0;0.0;0.0;0.0;0.0;0.0;1.0;0.0;0.0;0.0;0.0;0.0;0.0;0.0;0.0;0.0;0.0;0.0;0.0;0.0;0.0;0.0;2.0;0.0;1.0;1.0;2.0;0.0;0;1;0;0;IRATI;REGIÃO CENTRAL;98;12122.0;6789.0;9951.0;10650.0;10354.0;10620.0;10509.0;7719.0;10830.0;9982.0;8970.0;11284.0
12150.0;2024-04-30;7.0;15.0;21.0;25.0;623.0;31.0;4.0;7.0;20.0;474.0;31.0;0.0;31.0;771.0;43.0;125.0;4;4;4;5;4;4;5;1;0;0;0;0;0;0;0;0;0;0;0;0;0;0;1;0.0;0.0;0.0;0.0;0.0;0.0;0.0;0.0;0.0;0.0;0.0;0.0;0.0;0.0;0.0;0.0;0.0;0.0;0.0;1.0;0.0;0.0;0.0;0.0;0.0;0.0;0.0;0.0;0.0;0.0;0.0;0.0;0.0;0.0;0.0;2.0;0.0;1.0;1.0;2.0;0.0;0;0;0;0;IRATI;REGIÃO CENTRAL;99;13640.0;12122.0;6789.0;9951.0;10650.0;10354.0;10620.0;10509.0;7719.0;10830.0;9982.0;8970.0
6386.0;2024-05-31;3.0;10.0;18.0;24.0;565.0;29.0;3.0;3.0;19.0;416.0;29.0;0.0;29.0;713.0;35.0;82.0;4;5;5;4;5;4;4;0;0;0;0;0;0;0;1;0;0;0;0;0;0;0;1;0.0;0.0;0.0;0.0;0.0;0.0;0.0;0.0;0.0;0.0;0.0;0.0;0.0;0.0;0.0;0.0;0.0;0.0;0.0;1.0;0.0;0.0;0.0;0.0;0.0;0.0;0.0;0.0;0.0;0.0;0.0;0.0;0.0;0.0;0.0;2.0;0.0;1.0;1.0;2.0;0.0;0;1;0;30;IRATI;REGIÃO CENTRAL;100;12150.0;13640.0;12122.0;6789.0;9951.0;10650.0;10354.0;10620.0;10509.0;7719.0;10830.0;9982.0
5670.0;2024-06-30;-0.0;8.0;17.0;20.0;509.0;27.0;1.0;-0.0;17.0;333.0;27.0;0.0;27.0;684.0;9.0;16.0;5;4;4;4;4;5;4;0;0;0;0;0;0;1;0;0;0;0;0;0;0;0;1;0.0;0.0;0.0;0.0;0.0;0.0;0.0;0.0;0.0;0.0;0.0;0.0;0.0;0.0;0.0;0.0;0.0;0.0;0.0;1.0;0.0;0.0;0.0;0.0;0.0;0.0;0.0;0.0;0.0;0.0;0.0;0.0;0.0;0.0;0.0;2.0;0.0;1.0;1.0;2.0;0.0;0;0;0;30;IRATI;REGIÃO CENTRAL;101;6386.0;12150.0;13640.0;12122.0;6789.0;9951.0;10650.0;10354.0;10620.0;10509.0;7719.0;10830.0
10540.0;2024-07-31;1.0;10.0;14.0;19.0;432.0;26.0;5.0;1.0;13.0;271.0;26.0;0.0;26.0;593.0;26.0;146.0;4;5;4;5;4;4;5;0;0;0;0;0;1;0;0;0;0;0;0;0;0;0;1;0.0;0.0;0.0;0.0;0.0;0.0;0.0;0.0;0.0;0.0;0.0;0.0;0.0;0.0;0.0;0.0;0.0;0.0;0.0;1.0;0.0;0.0;0.0;0.0;0.0;0.0;0.0;0.0;0.0;0.0;0.0;0.0;0.0;0.0;0.0;2.0;0.0;1.0;1.0;2.0;0.0;12;0;0;0;IRATI;REGIÃO CENTRAL;102;5670.0;6386.0;12150.0;13640.0;12122.0;6789.0;9951.0;10650.0;10354.0;10620.0;10509.0;7719.0
11811.0;2024-08-31;-2.0;7.0;16.0;21.0;483.0;31.0;1.0;-2.0;15.0;247.0;31.0;0.0;31.0;718.0;9.0;29.0;4;4;5;4;5;5;4;0;1;0;0;0;0;0;0;0;0;0;0;0;0;0;1;0.0;0.0;0.0;0.0;0.0;0.0;0.0;0.0;0.0;0.0;0.0;0.0;0.0;0.0;0.0;0.0;0.0;0.0;0.0;1.0;0.0;0.0;0.0;0.0;0.0;0.0;0.0;0.0;0.0;0.0;0.0;0.0;0.0;0.0;0.0;2.0;0.0;1.0;1.0;2.0;0.0;0;0;0;0;IRATI;REGIÃO CENTRAL;103;10540.0;5670.0;6386.0;12150.0;13640.0;12122.0;6789.0;9951.0;10650.0;10354.0;10620.0;10509.0
11940.0;2024-09-30;10.0;13.0;20.0;24.0;605.0;34.0;2.0;10.0;17.0;392.0;34.0;0.0;34.0;818.0;19.0;56.0;5;4;4;5;4;4;4;0;0;0;0;0;0;0;0;0;0;0;1;0;0;0;1;0.0;0.0;0.0;0.0;0.0;0.0;0.0;0.0;0.0;0.0;0.0;0.0;0.0;0.0;0.0;0.0;0.0;0.0;0.0;1.0;0.0;0.0;0.0;0.0;0.0;0.0;0.0;0.0;0.0;0.0;0.0;0.0;0.0;0.0;0.0;2.0;0.0;1.0;1.0;2.0;0.0;0;0;0;0;IRATI;REGIÃO CENTRAL;104;11811.0;10540.0;5670.0;6386.0;12150.0;13640.0;12122.0;6789.0;9951.0;10650.0;10354.0;10620.0
12648.0;2024-10-31;11.0;14.0;20.0;26.0;616.0;33.0;4.0;11.0;20.0;463.0;33.0;0.0;33.0;769.0;46.0;132.0;4;5;5;4;4;4;5;0;0;0;0;0;0;0;0;0;0;1;0;0;0;0;1;0.0;0.0;0.0;0.0;0.0;0.0;0.0;0.0;0.0;0.0;0.0;0.0;0.0;0.0;0.0;0.0;0.0;0.0;0.0;1.0;0.0;0.0;0.0;0.0;0.0;0.0;0.0;0.0;0.0;0.0;0.0;0.0;0.0;0.0;0.0;2.0;0.0;1.0;1.0;2.0;0.0;0;0;0;0;IRATI;REGIÃO CENTRAL;105;11940.0;11811.0;10540.0;5670.0;6386.0;12150.0;13640.0;12122.0;6789.0;9951.0;10650.0;10354.0
10251.0;2016-02-29;21.0;23.0;26.0;29.0;767.0;33.0;7.0;21.0;25.0;647.0;33.0;0.0;33.0;887.0;36.0;196.0;4;4;4;5;4;4;4;0;0;0;1;0;0;0;0;0;0;0;0;0;0;0;0;0.0;1.0;0.0;0.0;0.0;0.0;0.0;0.0;0.0;0.0;0.0;0.0;0.0;0.0;0.0;0.0;0.0;0.0;0.0;0.0;1.0;0.0;0.0;0.0;0.0;0.0;0.0;0.0;0.0;0.0;0.0;0.0;0.0;0.0;1.0;3.0;1.0;0.0;0.0;1.0;0.0;0;3;0;0;IVAIPORÃ;REGIÃO CENTRAL;1;7912.0;9404.0;9684.0;9788.0;7598.0;7527.0;7646.0;10354.0;11677.0;12012.0;11962.0;8132.0
12641.0;2016-03-31;15.0;21.0;24.0;28.0;755.0;34.0;3.0;15.0;22.0;599.0;34.0;0.0;34.0;910.0;22.0;85.0;4;5;5;4;4;4;5;0;0;0;0;0;0;0;0;1;0;0;0;0;0;0;0;0.0;1.0;0.0;0.0;0.0;0.0;0.0;0.0;0.0;0.0;0.0;0.0;0.0;0.0;0.0;0.0;0.0;0.0;0.0;0.0;1.0;0.0;0.0;0.0;0.0;0.0;0.0;0.0;0.0;0.0;0.0;0.0;0.0;0.0;1.0;3.0;1.0;0.0;0.0;1.0;0.0;0;1;0;0;IVAIPORÃ;REGIÃO CENTRAL;2;10251.0;7912.0;9404.0;9684.0;9788.0;7598.0;7527.0;7646.0;10354.0;11677.0;12012.0;11962.0
12498.0;2016-04-30;5.0;11.0;24.0;29.0;734.0;34.0;4.0;5.0;24.0;575.0;34.0;0.0;34.0;894.0;89.0;116.0;4;4;4;4;5;5;4;1;0;0;0;0;0;0;0;0;0;0;0;0;0;0;0;0.0;1.0;0.0;0.0;0.0;0.0;0.0;0.0;0.0;0.0;0.0;0.0;0.0;0.0;0.0;0.0;0.0;0.0;0.0;0.0;1.0;0.0;0.0;0.0;0.0;0.0;0.0;0.0;0.0;0.0;0.0;0.0;0.0;0.0;1.0;3.0;1.0;0.0;0.0;1.0;0.0;0;0;0;0;IVAIPORÃ;REGIÃO CENTRAL;3;12641.0;10251.0;7912.0;9404.0;9684.0;9788.0;7598.0;7527.0;7646.0;10354.0;11677.0;12012.0
12028.0;2016-05-31;8.0;13.0;18.0;22.0;550.0;27.0;11.0;8.0;18.0;441.0;27.0;0.0;27.0;658.0;106.0;335.0;5;4;4;5;4;4;5;0;0;0;0;0;0;0;1;0;0;0;0;0;0;0;0;0.0;1.0;0.0;0.0;0.0;0.0;0.0;0.0;0.0;0.0;0.0;0.0;0.0;0.0;0.0;0.0;0.0;0.0;0.0;0.0;1.0;0.0;0.0;0.0;0.0;0.0;0.0;0.0;0.0;0.0;0.0;0.0;0.0;0.0;1.0;3.0;1.0;0.0;0.0;1.0;0.0;0;1;0;0;IVAIPORÃ;REGIÃO CENTRAL;4;12498.0;12641.0;10251.0;7912.0;9404.0;9684.0;9788.0;7598.0;7527.0;7646.0;10354.0;11677.0
11776.0;2016-06-30;2.0;10.0;15.0;20.0;463.0;25.0;4.0;2.0;17.0;322.0;25.0;0.0;25.0;604.0;42.0;118.0;4;5;5;4;4;4;4;0;0;0;0;0;0;1;0;0;0;0;0;0;0;0;0;0.0;1.0;0.0;0.0;0.0;0.0;0.0;0.0;0.0;0.0;0.0;0.0;0.0;0.0;0.0;0.0;0.0;0.0;0.0;0.0;1.0;0.0;0.0;0.0;0.0;0.0;0.0;0.0;0.0;0.0;0.0;0.0;0.0;0.0;1.0;3.0;1.0;0.0;0.0;1.0;0.0;0;0;0;0;IVAIPORÃ;REGIÃO CENTRAL;5;12028.0;12498.0;12641.0;10251.0;7912.0;9404.0;9684.0;9788.0;7598.0;7527.0;7646.0;10354.0
9225.0;2016-07-31;5.0;12.0;18.0;22.0;558.0;29.0;3.0;5.0;19.0;387.0;29.0;0.0;29.0;729.0;65.0;89.0;5;4;4;4;5;5;4;0;0;0;0;0;1;0;0;0;0;0;0;0;0;0;0;0.0;1.0;0.0;0.0;0.0;0.0;0.0;0.0;0.0;0.0;0.0;0.0;0.0;0.0;0.0;0.0;0.0;0.0;0.0;0.0;1.0;0.0;0.0;0.0;0.0;0.0;0.0;0.0;0.0;0.0;0.0;0.0;0.0;0.0;1.0;3.0;1.0;0.0;0.0;1.0;0.0;14;0;0;0;IVAIPORÃ;REGIÃO CENTRAL;6;11776.0;12028.0;12498.0;12641.0;10251.0;7912.0;9404.0;9684.0;9788.0;7598.0;7527.0;7646.0
13052.0;2016-08-31;7.0;13.0;19.0;24.0;590.0;32.0;12.0;7.0;19.0;443.0;32.0;0.0;32.0;736.0;84.0;363.0;4;5;4;5;4;4;5;0;1;0;0;0;0;0;0;0;0;0;0;0;0;0;0;0.0;1.0;0.0;0.0;0.0;0.0;0.0;0.0;0.0;0.0;0.0;0.0;0.0;0.0;0.0;0.0;0.0;0.0;0.0;0.0;1.0;0.0;0.0;0.0;0.0;0.0;0.0;0.0;0.0;0.0;0.0;0.0;0.0;0.0;1.0;3.0;1.0;0.0;0.0;1.0;0.0;0;0;0;0;IVAIPORÃ;REGIÃO CENTRAL;7;9225.0;11776.0;12028.0;12498.0;12641.0;10251.0;7912.0;9404.0;9684.0;9788.0;7598.0;7527.0
11416.0;2016-09-30;7.0;14.0;20.0;26.0;607.0;32.0;3.0;7.0;20.0;415.0;32.0;0.0;32.0;800.0;34.0;89.0;4;4;5;4;5;4;4;0;0;0;0;0;0;0;0;0;0;0;1;0;0;0;0;0.0;1.0;0.0;0.0;0.0;0.0;0.0;0.0;0.0;0.0;0.0;0.0;0.0;0.0;0.0;0.0;0.0;0.0;0.0;0.0;1.0;0.0;0.0;0.0;0.0;0.0;0.0;0.0;0.0;0.0;0.0;0.0;0.0;0.0;1.0;3.0;1.0;0.0;0.0;1.0;0.0;0;0;0;0;IVAIPORÃ;REGIÃO CENTRAL;8;13052.0;9225.0;11776.0;12028.0;12498.0;12641.0;10251.0;7912.0;9404.0;9684.0;9788.0;7598.0
11861.0;2016-10-31;11.0;18.0;23.0;30.0;717.0;37.0;13.0;11.0;24.0;533.0;37.0;0.0;37.0;901.0;99.0;416.0;5;4;4;5;4;5;4;0;0;0;0;0;0;0;0;0;0;1;0;0;0;0;0;0.0;1.0;0.0;0.0;0.0;0.0;0.0;0.0;0.0;0.0;0.0;0.0;0.0;0.0;0.0;0.0;0.0;0.0;0.0;0.0;1.0;0.0;0.0;0.0;0.0;0.0;0.0;0.0;0.0;0.0;0.0;0.0;0.0;0.0;1.0;3.0;1.0;0.0;0.0;1.0;0.0;0;0;0;0;IVAIPORÃ;REGIÃO CENTRAL;9;11416.0;13052.0;9225.0;11776.0;12028.0;12498.0;12641.0;10251.0;7912.0;9404.0;9684.0;9788.0
12386.0;2016-11-30;13.0;20.0;25.0;29.0;741.0;33.0;2.0;13.0;25.0;587.0;33.0;0.0;33.0;895.0;15.0;56.0;4;5;4;4;4;4;5;0;0;0;0;0;0;0;0;0;1;0;0;0;0;0;0;0.0;1.0;0.0;0.0;0.0;0.0;0.0;0.0;0.0;0.0;0.0;0.0;0.0;0.0;0.0;0.0;0.0;0.0;0.0;0.0;1.0;0.0;0.0;0.0;0.0;0.0;0.0;0.0;0.0;0.0;0.0;0.0;0.0;0.0;1.0;3.0;1.0;0.0;0.0;1.0;0.0;0;0;0;0;IVAIPORÃ;REGIÃO CENTRAL;10;11861.0;11416.0;13052.0;9225.0;11776.0;12028.0;12498.0;12641.0;10251.0;7912.0;9404.0;9684.0
10313.0;2016-12-31;15.0;20.0;25.0;29.0;784.0;35.0;5.0;15.0;25.0;646.0;35.0;0.0;35.0;923.0;34.0;150.0;4;4;5;4;5;5;4;0;0;1;0;0;0;0;0;0;0;0;0;0;0;0;0;0.0;1.0;0.0;0.0;0.0;0.0;0.0;0.0;0.0;0.0;0.0;0.0;0.0;0.0;0.0;0.0;0.0;0.0;0.0;0.0;1.0;0.0;0.0;0.0;0.0;0.0;0.0;0.0;0.0;0.0;0.0;0.0;0.0;0.0;1.0;3.0;1.0;0.0;0.0;1.0;0.0;0;0;0;0;IVAIPORÃ;REGIÃO CENTRAL;11;12386.0;11861.0;11416.0;13052.0;9225.0;11776.0;12028.0;12498.0;12641.0;10251.0;7912.0;9404.0
8629.0;2017-01-31;18.0;23.0;26.0;30.0;814.0;35.0;4.0;18.0;26.0;676.0;35.0;0.0;35.0;952.0;36.0;113.0;5;4;4;5;4;4;5;0;0;0;0;1;0;0;0;0;0;0;0;0;0;0;0;0.0;0.0;1.0;0.0;0.0;0.0;0.0;0.0;0.0;0.0;0.0;0.0;0.0;0.0;0.0;0.0;0.0;0.0;0.0;0.0;1.0;0.0;0.0;0.0;0.0;0.0;0.0;0.0;0.0;0.0;0.0;0.0;0.0;0.0;1.0;3.0;1.0;0.0;0.0;1.0;0.0;31;0;0;0;IVAIPORÃ;REGIÃO CENTRAL;12;10313.0;12386.0;11861.0;11416.0;13052.0;9225.0;11776.0;12028.0;12498.0;12641.0;10251.0;7912.0
11210.0;2017-02-28;20.0;24.0;27.0;30.0;751.0;35.0;4.0;20.0;24.0;614.0;35.0;0.0;35.0;889.0;31.0;125.0;4;4;4;4;4;4;4;0;0;0;1;0;0;0;0;0;0;0;0;0;0;0;0;0.0;0.0;1.0;0.0;0.0;0.0;0.0;0.0;0.0;0.0;0.0;0.0;0.0;0.0;0.0;0.0;0.0;0.0;0.0;0.0;1.0;0.0;0.0;0.0;0.0;0.0;0.0;0.0;0.0;0.0;0.0;0.0;0.0;0.0;1.0;3.0;1.0;0.0;0.0;2.0;0.0;0;2;0;0;IVAIPORÃ;REGIÃO CENTRAL;13;8629.0;10313.0;12386.0;11861.0;11416.0;13052.0;9225.0;11776.0;12028.0;12498.0;12641.0;10251.0
14798.0;2017-03-31;15.0;21.0;25.0;28.0;760.0;33.0;3.0;15.0;23.0;618.0;33.0;0.0;33.0;901.0;24.0;95.0;4;5;5;4;5;4;4;0;0;0;0;0;0;0;0;1;0;0;0;0;0;0;0;0.0;0.0;1.0;0.0;0.0;0.0;0.0;0.0;0.0;0.0;0.0;0.0;0.0;0.0;0.0;0.0;0.0;0.0;0.0;0.0;1.0;0.0;0.0;0.0;0.0;0.0;0.0;0.0;0.0;0.0;0.0;0.0;0.0;0.0;1.0;3.0;1.0;0.0;0.0;2.0;0.0;0;1;0;0;IVAIPORÃ;REGIÃO CENTRAL;14;11210.0;8629.0;10313.0;12386.0;11861.0;11416.0;13052.0;9225.0;11776.0;12028.0;12498.0;12641.0
12360.0;2017-04-30;8.0;16.0;22.0;26.0;655.0;30.0;6.0;8.0;22.0;519.0;30.0;0.0;30.0;791.0;42.0;193.0;5;4;4;4;4;5;4;1;0;0;0;0;0;0;0;0;0;0;0;0;0;0;0;0.0;0.0;1.0;0.0;0.0;0.0;0.0;0.0;0.0;0.0;0.0;0.0;0.0;0.0;0.0;0.0;0.0;0.0;0.0;0.0;1.0;0.0;0.0;0.0;0.0;0.0;0.0;0.0;0.0;0.0;0.0;0.0;0.0;0.0;1.0;3.0;1.0;0.0;0.0;2.0;0.0;0;1;0;0;IVAIPORÃ;REGIÃO CENTRAL;15;14798.0;11210.0;8629.0;10313.0;12386.0;11861.0;11416.0;13052.0;9225.0;11776.0;12028.0;12498.0
14734.0;2017-05-31;15.0;17.0;20.0;24.0;631.0;29.0;5.0;15.0;21.0;518.0;29.0;0.0;29.0;743.0;71.0;157.0;4;5;4;5;4;4;5;0;0;0;0;0;0;0;1;0;0;0;0;0;0;0;0;0.0;0.0;1.0;0.0;0.0;0.0;0.0;0.0;0.0;0.0;0.0;0.0;0.0;0.0;0.0;0.0;0.0;0.0;0.0;0.0;1.0;0.0;0.0;0.0;0.0;0.0;0.0;0.0;0.0;0.0;0.0;0.0;0.0;0.0;1.0;3.0;1.0;0.0;0.0;2.0;0.0;0;0;0;0;IVAIPORÃ;REGIÃO CENTRAL;16;12360.0;14798.0;11210.0;8629.0;10313.0;12386.0;11861.0;11416.0;13052.0;9225.0;11776.0;12028.0
12860.0;2017-06-30;4.0;12.0;18.0;23.0;545.0;28.0;6.0;4.0;20.0;398.0;28.0;0.0;28.0;691.0;131.0;190.0;4;4;5;4;5;4;4;0;0;0;0;0;0;1;0;0;0;0;0;0;0;0;0;0.0;0.0;1.0;0.0;0.0;0.0;0.0;0.0;0.0;0.0;0.0;0.0;0.0;0.0;0.0;0.0;0.0;0.0;0.0;0.0;1.0;0.0;0.0;0.0;0.0;0.0;0.0;0.0;0.0;0.0;0.0;0.0;0.0;0.0;1.0;3.0;1.0;0.0;0.0;2.0;0.0;0;1;0;0;IVAIPORÃ;REGIÃO CENTRAL;17;14734.0;12360.0;14798.0;11210.0;8629.0;10313.0;12386.0;11861.0;11416.0;13052.0;9225.0;11776.0
11725.0;2017-07-31;2.0;10.0;18.0;20.0;546.0;28.0;0.0;2.0;15.0;346.0;28.0;0.0;28.0;747.0;5.0;5.0;5;4;4;5;4;5;4;0;0;0;0;0;1;0;0;0;0;0;0;0;0;0;0;0.0;0.0;1.0;0.0;0.0;0.0;0.0;0.0;0.0;0.0;0.0;0.0;0.0;0.0;0.0;0.0;0.0;0.0;0.0;0.0;1.0;0.0;0.0;0.0;0.0;0.0;0.0;0.0;0.0;0.0;0.0;0.0;0.0;0.0;1.0;3.0;1.0;0.0;0.0;2.0;0.0;16;0;0;0;IVAIPORÃ;REGIÃO CENTRAL;18;12860.0;14734.0;12360.0;14798.0;11210.0;8629.0;10313.0;12386.0;11861.0;11416.0;13052.0;9225.0
15308.0;2017-08-31;8.0;14.0;20.0;25.0;614.0;33.0;9.0;8.0;21.0;446.0;33.0;0.0;33.0;782.0;82.0;292.0;4;5;5;4;4;4;5;0;1;0;0;0;0;0;0;0;0;0;0;0;0;0;0;0.0;0.0;1.0;0.0;0.0;0.0;0.0;0.0;0.0;0.0;0.0;0.0;0.0;0.0;0.0;0.0;0.0;0.0;0.0;0.0;1.0;0.0;0.0;0.0;0.0;0.0;0.0;0.0;0.0;0.0;0.0;0.0;0.0;0.0;1.0;3.0;1.0;0.0;0.0;2.0;0.0;0;0;0;0;IVAIPORÃ;REGIÃO CENTRAL;19;11725.0;12860.0;14734.0;12360.0;14798.0;11210.0;8629.0;10313.0;12386.0;11861.0;11416.0;13052.0
13940.0;2017-09-30;14.0;19.0;24.0;27.0;730.0;34.0;2.0;14.0;21.0;536.0;34.0;0.0;34.0;924.0;35.0;66.0;4;4;4;4;5;5;4;0;0;0;0;0;0;0;0;0;0;0;1;0;0;0;0;0.0;0.0;1.0;0.0;0.0;0.0;0.0;0.0;0.0;0.0;0.0;0.0;0.0;0.0;0.0;0.0;0.0;0.0;0.0;0.0;1.0;0.0;0.0;0.0;0.0;0.0;0.0;0.0;0.0;0.0;0.0;0.0;0.0;0.0;1.0;3.0;1.0;0.0;0.0;2.0;0.0;0;0;0;0;IVAIPORÃ;REGIÃO CENTRAL;20;15308.0;11725.0;12860.0;14734.0;12360.0;14798.0;11210.0;8629.0;10313.0;12386.0;11861.0;11416.0
13249.0;2017-10-31;10.0;18.0;23.0;29.0;719.0;36.0;15.0;10.0;22.0;544.0;36.0;0.0;36.0;894.0;81.0;469.0;5;4;4;5;4;4;5;0;0;0;0;0;0;0;0;0;0;1;0;0;0;0;0;0.0;0.0;1.0;0.0;0.0;0.0;0.0;0.0;0.0;0.0;0.0;0.0;0.0;0.0;0.0;0.0;0.0;0.0;0.0;0.0;1.0;0.0;0.0;0.0;0.0;0.0;0.0;0.0;0.0;0.0;0.0;0.0;0.0;0.0;1.0;3.0;1.0;0.0;0.0;2.0;0.0;0;0;0;0;IVAIPORÃ;REGIÃO CENTRAL;21;13940.0;15308.0;11725.0;12860.0;14734.0;12360.0;14798.0;11210.0;8629.0;10313.0;12386.0;11861.0
12358.0;2017-11-30;14.0;20.0;24.0;28.0;719.0;35.0;5.0;14.0;23.0;562.0;35.0;0.0;35.0;876.0;46.0;149.0;4;5;5;4;4;4;4;0;0;0;0;0;0;0;0;0;1;0;0;0;0;0;0;0.0;0.0;1.0;0.0;0.0;0.0;0.0;0.0;0.0;0.0;0.0;0.0;0.0;0.0;0.0;0.0;0.0;0.0;0.0;0.0;1.0;0.0;0.0;0.0;0.0;0.0;0.0;0.0;0.0;0.0;0.0;0.0;0.0;0.0;1.0;3.0;1.0;0.0;0.0;2.0;0.0;0;0;0;0;IVAIPORÃ;REGIÃO CENTRAL;22;13249.0;13940.0;15308.0;11725.0;12860.0;14734.0;12360.0;14798.0;11210.0;8629.0;10313.0;12386.0
8971.0;2017-12-31;18.0;23.0;26.0;30.0;796.0;35.0;4.0;18.0;25.0;664.0;35.0;0.0;35.0;928.0;25.0;139.0;5;4;4;4;5;5;4;0;0;1;0;0;0;0;0;0;0;0;0;0;0;0;0;0.0;0.0;1.0;0.0;0.0;0.0;0.0;0.0;0.0;0.0;0.0;0.0;0.0;0.0;0.0;0.0;0.0;0.0;0.0;0.0;1.0;0.0;0.0;0.0;0.0;0.0;0.0;0.0;0.0;0.0;0.0;0.0;0.0;0.0;1.0;3.0;1.0;0.0;0.0;2.0;0.0;0;0;0;0;IVAIPORÃ;REGIÃO CENTRAL;23;12358.0;13249.0;13940.0;15308.0;11725.0;12860.0;14734.0;12360.0;14798.0;11210.0;8629.0;10313.0
3723.0;2018-01-31;18.0;21.0;25.0;28.0;787.0;34.0;7.0;18.0;23.0;662.0;34.0;0.0;34.0;911.0;58.0;228.0;4;5;4;5;4;4;5;0;0;0;0;1;0;0;0;0;0;0;0;0;0;0;0;0.0;0.0;0.0;1.0;0.0;0.0;0.0;0.0;0.0;0.0;0.0;0.0;0.0;0.0;0.0;0.0;0.0;0.0;0.0;0.0;1.0;0.0;0.0;0.0;0.0;0.0;0.0;0.0;0.0;0.0;0.0;0.0;0.0;0.0;0.0;3.0;1.0;0.0;0.0;2.0;0.0;31;0;0;0;IVAIPORÃ;REGIÃO CENTRAL;24;8971.0;12358.0;13249.0;13940.0;15308.0;11725.0;12860.0;14734.0;12360.0;14798.0;11210.0;8629.0
5600.0;2018-02-28;17.0;21.0;25.0;27.0;689.0;33.0;3.0;17.0;23.0;556.0;33.0;0.0;33.0;822.0;27.0;87.0;4;4;4;4;4;4;4;0;0;0;1;0;0;0;0;0;0;0;0;0;0;0;0;0.0;0.0;0.0;1.0;0.0;0.0;0.0;0.0;0.0;0.0;0.0;0.0;0.0;0.0;0.0;0.0;0.0;0.0;0.0;0.0;1.0;0.0;0.0;0.0;0.0;0.0;0.0;0.0;0.0;0.0;0.0;0.0;0.0;0.0;0.0;3.0;1.0;0.0;0.0;2.0;0.0;0;3;0;0;IVAIPORÃ;REGIÃO CENTRAL;25;3723.0;8971.0;12358.0;13249.0;13940.0;15308.0;11725.0;12860.0;14734.0;12360.0;14798.0;11210.0
12130.0;2018-03-31;18.0;22.0;26.0;29.0;794.0;34.0;7.0;18.0;24.0;658.0;34.0;0.0;34.0;929.0;42.0;204.0;4;4;5;4;5;5;4;0;0;0;0;0;0;0;0;1;0;0;0;0;0;0;0;0.0;0.0;0.0;1.0;0.0;0.0;0.0;0.0;0.0;0.0;0.0;0.0;0.0;0.0;0.0;0.0;0.0;0.0;0.0;0.0;1.0;0.0;0.0;0.0;0.0;0.0;0.0;0.0;0.0;0.0;0.0;0.0;0.0;0.0;0.0;3.0;1.0;0.0;0.0;2.0;0.0;0;1;0;0;IVAIPORÃ;REGIÃO CENTRAL;26;5600.0;3723.0;8971.0;12358.0;13249.0;13940.0;15308.0;11725.0;12860.0;14734.0;12360.0;14798.0
9040.0;2018-04-30;15.0;21.0;24.0;26.0;711.0;31.0;0.0;15.0;22.0;546.0;31.0;0.0;31.0;876.0;4.0;10.0;5;4;4;5;4;4;4;1;0;0;0;0;0;0;0;0;0;0;0;0;0;0;0;0.0;0.0;0.0;1.0;0.0;0.0;0.0;0.0;0.0;0.0;0.0;0.0;0.0;0.0;0.0;0.0;0.0;0.0;0.0;0.0;1.0;0.0;0.0;0.0;0.0;0.0;0.0;0.0;0.0;0.0;0.0;0.0;0.0;0.0;0.0;3.0;1.0;0.0;0.0;2.0;0.0;0;0;0;0;IVAIPORÃ;REGIÃO CENTRAL;27;12130.0;5600.0;3723.0;8971.0;12358.0;13249.0;13940.0;15308.0;11725.0;12860.0;14734.0;12360.0
8360.0;2018-05-31;7.0;14.0;20.0;24.0;624.0;30.0;2.0;7.0;20.0;466.0;30.0;0.0;30.0;781.0;43.0;69.0;4;5;5;4;4;4;5;0;0;0;0;0;0;0;1;0;0;0;0;0;0;0;0;0.0;0.0;0.0;1.0;0.0;0.0;0.0;0.0;0.0;0.0;0.0;0.0;0.0;0.0;0.0;0.0;0.0;0.0;0.0;0.0;1.0;0.0;0.0;0.0;0.0;0.0;0.0;0.0;0.0;0.0;0.0;0.0;0.0;0.0;0.0;3.0;1.0;0.0;0.0;2.0;0.0;0;1;0;0;IVAIPORÃ;REGIÃO CENTRAL;28;9040.0;12130.0;5600.0;3723.0;8971.0;12358.0;13249.0;13940.0;15308.0;11725.0;12860.0;14734.0
9860.0;2018-06-30;6.0;13.0;18.0;24.0;554.0;30.0;2.0;6.0;21.0;433.0;30.0;0.0;30.0;675.0;35.0;75.0;4;4;4;4;5;5;4;0;0;0;0;0;0;1;0;0;0;0;0;0;0;0;0;0.0;0.0;0.0;1.0;0.0;0.0;0.0;0.0;0.0;0.0;0.0;0.0;0.0;0.0;0.0;0.0;0.0;0.0;0.0;0.0;1.0;0.0;0.0;0.0;0.0;0.0;0.0;0.0;0.0;0.0;0.0;0.0;0.0;0.0;0.0;3.0;1.0;0.0;0.0;2.0;0.0;0;0;0;0;IVAIPORÃ;REGIÃO CENTRAL;29;8360.0;9040.0;12130.0;5600.0;3723.0;8971.0;12358.0;13249.0;13940.0;15308.0;11725.0;12860.0
6872.0;2018-07-31;6.0;12.0;20.0;24.0;615.0;30.0;0.0;6.0;18.0;433.0;30.0;0.0;30.0;797.0;11.0;12.0;5;4;4;5;4;4;5;0;0;0;0;0;1;0;0;0;0;0;0;0;0;0;0;0.0;0.0;0.0;1.0;0.0;0.0;0.0;0.0;0.0;0.0;0.0;0.0;0.0;0.0;0.0;0.0;0.0;0.0;0.0;0.0;1.0;0.0;0.0;0.0;0.0;0.0;0.0;0.0;0.0;0.0;0.0;0.0;0.0;0.0;0.0;3.0;1.0;0.0;0.0;2.0;0.0;16;0;0;0;IVAIPORÃ;REGIÃO CENTRAL;30;9860.0;8360.0;9040.0;12130.0;5600.0;3723.0;8971.0;12358.0;13249.0;13940.0;15308.0;11725.0
8113.0;2018-08-31;5.0;12.0;18.0;24.0;556.0;31.0;10.0;5.0;18.0;408.0;31.0;0.0;31.0;704.0;99.0;307.0;4;5;5;4;5;4;4;0;1;0;0;0;0;0;0;0;0;0;0;0;0;0;0;0.0;0.0;0.0;1.0;0.0;0.0;0.0;0.0;0.0;0.0;0.0;0.0;0.0;0.0;0.0;0.0;0.0;0.0;0.0;0.0;1.0;0.0;0.0;0.0;0.0;0.0;0.0;0.0;0.0;0.0;0.0;0.0;0.0;0.0;0.0;3.0;1.0;0.0;0.0;2.0;0.0;0;0;0;0;IVAIPORÃ;REGIÃO CENTRAL;31;6872.0;9860.0;8360.0;9040.0;12130.0;5600.0;3723.0;8971.0;12358.0;13249.0;13940.0;15308.0
8622.0;2018-09-30;9.0;15.0;21.0;28.0;642.0;34.0;7.0;9.0;22.0;494.0;34.0;0.0;34.0;791.0;95.0;197.0;5;4;4;4;4;5;4;0;0;0;0;0;0;0;0;0;0;0;1;0;0;0;0;0.0;0.0;0.0;1.0;0.0;0.0;0.0;0.0;0.0;0.0;0.0;0.0;0.0;0.0;0.0;0.0;0.0;0.0;0.0;0.0;1.0;0.0;0.0;0.0;0.0;0.0;0.0;0.0;0.0;0.0;0.0;0.0;0.0;0.0;0.0;3.0;1.0;0.0;0.0;2.0;0.0;0;0;0;0;IVAIPORÃ;REGIÃO CENTRAL;32;8113.0;6872.0;9860.0;8360.0;9040.0;12130.0;5600.0;3723.0;8971.0;12358.0;13249.0;13940.0
9278.0;2018-10-31;16.0;19.0;23.0;26.0;720.0;32.0;9.0;16.0;22.0;592.0;32.0;0.0;32.0;849.0;72.0;286.0;4;5;4;5;4;4;5;0;0;0;0;0;0;0;0;0;0;1;0;0;0;0;0;0.0;0.0;0.0;1.0;0.0;0.0;0.0;0.0;0.0;0.0;0.0;0.0;0.0;0.0;0.0;0.0;0.0;0.0;0.0;0.0;1.0;0.0;0.0;0.0;0.0;0.0;0.0;0.0;0.0;0.0;0.0;0.0;0.0;0.0;0.0;3.0;1.0;0.0;0.0;2.0;0.0;0;0;0;0;IVAIPORÃ;REGIÃO CENTRAL;33;8622.0;8113.0;6872.0;9860.0;8360.0;9040.0;12130.0;5600.0;3723.0;8971.0;12358.0;13249.0
8020.0;2018-11-30;15.0;21.0;25.0;30.0;740.0;35.0;3.0;15.0;26.0;571.0;35.0;0.0;35.0;910.0;50.0;102.0;4;4;5;4;5;4;4;0;0;0;0;0;0;0;0;0;1;0;0;0;0;0;0;0.0;0.0;0.0;1.0;0.0;0.0;0.0;0.0;0.0;0.0;0.0;0.0;0.0;0.0;0.0;0.0;0.0;0.0;0.0;0.0;1.0;0.0;0.0;0.0;0.0;0.0;0.0;0.0;0.0;0.0;0.0;0.0;0.0;0.0;0.0;3.0;1.0;0.0;0.0;2.0;0.0;0;0;0;0;IVAIPORÃ;REGIÃO CENTRAL;34;9278.0;8622.0;8113.0;6872.0;9860.0;8360.0;9040.0;12130.0;5600.0;3723.0;8971.0;12358.0
6852.0;2018-12-31;16.0;21.0;27.0;30.0;828.0;36.0;3.0;16.0;26.0;658.0;36.0;0.0;36.0;999.0;24.0;89.0;5;4;4;5;4;5;4;0;0;1;0;0;0;0;0;0;0;0;0;0;0;0;0;0.0;0.0;0.0;1.0;0.0;0.0;0.0;0.0;0.0;0.0;0.0;0.0;0.0;0.0;0.0;0.0;0.0;0.0;0.0;0.0;1.0;0.0;0.0;0.0;0.0;0.0;0.0;0.0;0.0;0.0;0.0;0.0;0.0;0.0;0.0;3.0;1.0;0.0;0.0;2.0;0.0;0;0;0;0;IVAIPORÃ;REGIÃO CENTRAL;35;8020.0;9278.0;8622.0;8113.0;6872.0;9860.0;8360.0;9040.0;12130.0;5600.0;3723.0;8971.0
5279.0;2019-01-31;20.0;25.0;28.0;30.0;860.0;36.0;5.0;20.0;27.0;716.0;36.0;0.0;36.0;1004.0;44.0;166.0;4;5;5;4;4;4;5;0;0;0;0;1;0;0;0;0;0;0;0;0;0;0;0;0.0;0.0;0.0;0.0;1.0;0.0;0.0;0.0;0.0;0.0;0.0;0.0;0.0;0.0;0.0;0.0;0.0;0.0;0.0;0.0;1.0;0.0;0.0;0.0;0.0;0.0;0.0;0.0;0.0;0.0;0.0;0.0;0.0;0.0;0.0;3.0;1.0;0.0;0.0;2.0;0.0;31;0;0;0;IVAIPORÃ;REGIÃO CENTRAL;36;6852.0;8020.0;9278.0;8622.0;8113.0;6872.0;9860.0;8360.0;9040.0;12130.0;5600.0;3723.0
8862.0;2019-02-28;18.0;22.0;26.0;31.0;726.0;37.0;10.0;18.0;25.0;596.0;37.0;0.0;37.0;855.0;125.0;272.0;4;4;4;4;4;4;4;0;0;0;1;0;0;0;0;0;0;0;0;0;0;0;0;0.0;0.0;0.0;0.0;1.0;0.0;0.0;0.0;0.0;0.0;0.0;0.0;0.0;0.0;0.0;0.0;0.0;0.0;0.0;0.0;1.0;0.0;0.0;0.0;0.0;0.0;0.0;0.0;0.0;0.0;0.0;0.0;0.0;0.0;1.0;3.0;1.0;1.0;1.0;3.0;0.0;0;0;0;0;IVAIPORÃ;REGIÃO CENTRAL;37;5279.0;6852.0;8020.0;9278.0;8622.0;8113.0;6872.0;9860.0;8360.0;9040.0;12130.0;5600.0
10110.0;2019-03-31;17.0;22.0;25.0;27.0;778.0;32.0;5.0;17.0;23.0;639.0;32.0;0.0;32.0;916.0;65.0;161.0;5;4;4;4;5;5;4;0;0;0;0;0;0;0;0;1;0;0;0;0;0;0;0;0.0;0.0;0.0;0.0;1.0;0.0;0.0;0.0;0.0;0.0;0.0;0.0;0.0;0.0;0.0;0.0;0.0;0.0;0.0;0.0;1.0;0.0;0.0;0.0;0.0;0.0;0.0;0.0;0.0;0.0;0.0;0.0;0.0;0.0;1.0;3.0;1.0;1.0;1.0;3.0;0.0;0;3;0;0;IVAIPORÃ;REGIÃO CENTRAL;38;8862.0;5279.0;6852.0;8020.0;9278.0;8622.0;8113.0;6872.0;9860.0;8360.0;9040.0;12130.0
10340.0;2019-04-30;14.0;21.0;24.0;26.0;716.0;31.0;1.0;14.0;23.0;582.0;31.0;0.0;31.0;849.0;13.0;32.0;4;4;4;5;4;4;5;1;0;0;0;0;0;0;0;0;0;0;0;0;0;0;0;0.0;0.0;0.0;0.0;1.0;0.0;0.0;0.0;0.0;0.0;0.0;0.0;0.0;0.0;0.0;0.0;0.0;0.0;0.0;0.0;1.0;0.0;0.0;0.0;0.0;0.0;0.0;0.0;0.0;0.0;0.0;0.0;0.0;0.0;1.0;3.0;1.0;1.0;1.0;3.0;0.0;0;1;0;0;IVAIPORÃ;REGIÃO CENTRAL;39;10110.0;8862.0;5279.0;6852.0;8020.0;9278.0;8622.0;8113.0;6872.0;9860.0;8360.0;9040.0
10117.0;2019-05-31;10.0;14.0;21.0;26.0;646.0;30.0;7.0;10.0;22.0;543.0;30.0;0.0;30.0;748.0;62.0;208.0;4;5;5;4;5;4;4;0;0;0;0;0;0;0;1;0;0;0;0;0;0;0;0;0.0;0.0;0.0;0.0;1.0;0.0;0.0;0.0;0.0;0.0;0.0;0.0;0.0;0.0;0.0;0.0;0.0;0.0;0.0;0.0;1.0;0.0;0.0;0.0;0.0;0.0;0.0;0.0;0.0;0.0;0.0;0.0;0.0;0.0;1.0;3.0;1.0;1.0;1.0;3.0;0.0;0;0;0;0;IVAIPORÃ;REGIÃO CENTRAL;40;10340.0;10110.0;8862.0;5279.0;6852.0;8020.0;9278.0;8622.0;8113.0;6872.0;9860.0;8360.0
7986.0;2019-06-30;8.0;13.0;20.0;24.0;591.0;28.0;1.0;8.0;19.0;452.0;28.0;0.0;28.0;729.0;14.0;34.0;5;4;4;4;4;5;4;0;0;0;0;0;0;1;0;0;0;0;0;0;0;0;0;0.0;0.0;0.0;0.0;1.0;0.0;0.0;0.0;0.0;0.0;0.0;0.0;0.0;0.0;0.0;0.0;0.0;0.0;0.0;0.0;1.0;0.0;0.0;0.0;0.0;0.0;0.0;0.0;0.0;0.0;0.0;0.0;0.0;0.0;1.0;3.0;1.0;1.0;1.0;3.0;0.0;0;1;0;0;IVAIPORÃ;REGIÃO CENTRAL;41;10117.0;10340.0;10110.0;8862.0;5279.0;6852.0;8020.0;9278.0;8622.0;8113.0;6872.0;9860.0
7107.0;2019-07-31;1.0;9.0;18.0;23.0;567.0;29.0;1.0;1.0;19.0;405.0;29.0;0.0;29.0;729.0;26.0;31.0;4;5;4;5;4;4;5;0;0;0;0;0;1;0;0;0;0;0;0;0;0;0;0;0.0;0.0;0.0;0.0;1.0;0.0;0.0;0.0;0.0;0.0;0.0;0.0;0.0;0.0;0.0;0.0;0.0;0.0;0.0;0.0;1.0;0.0;0.0;0.0;0.0;0.0;0.0;0.0;0.0;0.0;0.0;0.0;0.0;0.0;1.0;3.0;1.0;1.0;1.0;3.0;0.0;16;0;0;0;IVAIPORÃ;REGIÃO CENTRAL;42;7986.0;10117.0;10340.0;10110.0;8862.0;5279.0;6852.0;8020.0;9278.0;8622.0;8113.0;6872.0
7791.0;2019-08-31;6.0;12.0;19.0;24.0;604.0;31.0;0.0;6.0;19.0;431.0;31.0;0.0;31.0;778.0;3.0;3.0;4;4;5;4;5;5;4;0;1;0;0;0;0;0;0;0;0;0;0;0;0;0;0;0.0;0.0;0.0;0.0;1.0;0.0;0.0;0.0;0.0;0.0;0.0;0.0;0.0;0.0;0.0;0.0;0.0;0.0;0.0;0.0;1.0;0.0;0.0;0.0;0.0;0.0;0.0;0.0;0.0;0.0;0.0;0.0;0.0;0.0;1.0;3.0;1.0;1.0;1.0;3.0;0.0;0;0;0;0;IVAIPORÃ;REGIÃO CENTRAL;43;7107.0;7986.0;10117.0;10340.0;10110.0;8862.0;5279.0;6852.0;8020.0;9278.0;8622.0;8113.0
10558.0;2019-09-30;13.0;17.0;23.0;30.0;696.0;35.0;2.0;13.0;24.0;545.0;35.0;0.0;35.0;847.0;22.0;62.0;5;4;4;5;4;4;4;0;0;0;0;0;0;0;0;0;0;0;1;0;0;0;0;0.0;0.0;0.0;0.0;1.0;0.0;0.0;0.0;0.0;0.0;0.0;0.0;0.0;0.0;0.0;0.0;0.0;0.0;0.0;0.0;1.0;0.0;0.0;0.0;0.0;0.0;0.0;0.0;0.0;0.0;0.0;0.0;0.0;0.0;1.0;3.0;1.0;1.0;1.0;3.0;0.0;0;0;0;0;IVAIPORÃ;REGIÃO CENTRAL;44;7791.0;7107.0;7986.0;10117.0;10340.0;10110.0;8862.0;5279.0;6852.0;8020.0;9278.0;8622.0
11100.0;2019-10-31;15.0;20.0;26.0;31.0;807.0;38.0;4.0;15.0;25.0;621.0;38.0;0.0;38.0;992.0;34.0;120.0;4;5;5;4;4;4;5;0;0;0;0;0;0;0;0;0;0;1;0;0;0;0;0;0.0;0.0;0.0;0.0;1.0;0.0;0.0;0.0;0.0;0.0;0.0;0.0;0.0;0.0;0.0;0.0;0.0;0.0;0.0;0.0;1.0;0.0;0.0;0.0;0.0;0.0;0.0;0.0;0.0;0.0;0.0;0.0;0.0;0.0;1.0;3.0;1.0;1.0;1.0;3.0;0.0;0;0;0;0;IVAIPORÃ;REGIÃO CENTRAL;45;10558.0;7791.0;7107.0;7986.0;10117.0;10340.0;10110.0;8862.0;5279.0;6852.0;8020.0;9278.0
9620.0;2019-11-30;16.0;23.0;26.0;30.0;773.0;38.0;5.0;16.0;25.0;595.0;38.0;0.0;38.0;950.0;65.0;161.0;4;4;4;4;5;5;4;0;0;0;0;0;0;0;0;0;1;0;0;0;0;0;0;0.0;0.0;0.0;0.0;1.0;0.0;0.0;0.0;0.0;0.0;0.0;0.0;0.0;0.0;0.0;0.0;0.0;0.0;0.0;0.0;1.0;0.0;0.0;0.0;0.0;0.0;0.0;0.0;0.0;0.0;0.0;0.0;0.0;0.0;1.0;3.0;1.0;1.0;1.0;3.0;0.0;0;0;0;0;IVAIPORÃ;REGIÃO CENTRAL;46;11100.0;10558.0;7791.0;7107.0;7986.0;10117.0;10340.0;10110.0;8862.0;5279.0;6852.0;8020.0
5479.0;2019-12-31;17.0;21.0;25.0;28.0;773.0;34.0;6.0;17.0;23.0;620.0;34.0;0.0;34.0;925.0;39.0;195.0;5;4;4;5;4;4;5;0;0;1;0;0;0;0;0;0;0;0;0;0;0;0;0;0.0;0.0;0.0;0.0;1.0;0.0;0.0;0.0;0.0;0.0;0.0;0.0;0.0;0.0;0.0;0.0;0.0;0.0;0.0;0.0;1.0;0.0;0.0;0.0;0.0;0.0;0.0;0.0;0.0;0.0;0.0;0.0;0.0;0.0;1.0;3.0;1.0;1.0;1.0;3.0;0.0;0;0;0;0;IVAIPORÃ;REGIÃO CENTRAL;47;9620.0;11100.0;10558.0;7791.0;7107.0;7986.0;10117.0;10340.0;10110.0;8862.0;5279.0;6852.0
4017.0;2020-01-31;18.0;21.0;26.0;29.0;798.0;34.0;4.0;18.0;24.0;665.0;34.0;0.0;34.0;932.0;24.0;135.0;4;5;5;4;5;4;4;0;0;0;0;1;0;0;0;0;0;0;0;0;0;0;0;0.0;0.0;0.0;0.0;0.0;1.0;0.0;0.0;0.0;0.0;0.0;0.0;0.0;0.0;0.0;0.0;0.0;0.0;0.0;0.0;1.0;0.0;0.0;0.0;0.0;0.0;0.0;0.0;0.0;0.0;0.0;0.0;0.0;0.0;1.0;3.0;1.0;1.0;1.0;3.0;0.0;31;0;0;0;IVAIPORÃ;REGIÃO CENTRAL;48;5479.0;9620.0;11100.0;10558.0;7791.0;7107.0;7986.0;10117.0;10340.0;10110.0;8862.0;5279.0
8327.0;2020-02-29;16.0;23.0;25.0;29.0;736.0;35.0;2.0;16.0;24.0;598.0;35.0;0.0;35.0;873.0;29.0;55.0;4;4;4;4;4;5;4;0;0;0;1;0;0;0;0;0;0;0;0;0;0;0;0;0.0;0.0;0.0;0.0;0.0;1.0;0.0;0.0;0.0;0.0;0.0;0.0;0.0;0.0;0.0;0.0;0.0;0.0;0.0;0.0;1.0;0.0;0.0;0.0;0.0;0.0;0.0;0.0;0.0;0.0;0.0;0.0;0.0;0.0;1.0;3.0;1.0;1.0;1.0;3.0;0.0;0;3;0;0;IVAIPORÃ;REGIÃO CENTRAL;49;4017.0;5479.0;9620.0;11100.0;10558.0;7791.0;7107.0;7986.0;10117.0;10340.0;10110.0;8862.0
8167.0;2020-03-31;16.0;22.0;25.0;28.0;764.0;35.0;3.0;16.0;23.0;584.0;35.0;0.0;35.0;945.0;30.0;98.0;5;4;4;5;4;4;5;0;0;0;0;0;0;0;0;1;0;0;0;0;0;0;0;0.0;0.0;0.0;0.0;0.0;1.0;0.0;0.0;0.0;0.0;0.0;0.0;0.0;0.0;0.0;0.0;0.0;0.0;0.0;0.0;1.0;0.0;0.0;0.0;0.0;0.0;0.0;0.0;0.0;0.0;0.0;0.0;0.0;0.0;1.0;3.0;1.0;1.0;1.0;3.0;0.0;0;0;15;0;IVAIPORÃ;REGIÃO CENTRAL;50;8327.0;4017.0;5479.0;9620.0;11100.0;10558.0;7791.0;7107.0;7986.0;10117.0;10340.0;10110.0
4806.0;2020-04-30;10.0;17.0;22.0;26.0;668.0;33.0;3.0;10.0;21.0;486.0;33.0;0.0;33.0;851.0;54.0;88.0;4;5;5;4;4;4;4;1;0;0;0;0;0;0;0;0;0;0;0;0;0;0;0;0.0;0.0;0.0;0.0;0.0;1.0;0.0;0.0;0.0;0.0;0.0;0.0;0.0;0.0;0.0;0.0;0.0;0.0;0.0;0.0;1.0;0.0;0.0;0.0;0.0;0.0;0.0;0.0;0.0;0.0;0.0;0.0;0.0;0.0;1.0;3.0;1.0;1.0;1.0;3.0;0.0;0;1;30;0;IVAIPORÃ;REGIÃO CENTRAL;51;8167.0;8327.0;4017.0;5479.0;9620.0;11100.0;10558.0;7791.0;7107.0;7986.0;10117.0;10340.0
4540.0;2020-05-31;7.0;13.0;19.0;24.0;592.0;30.0;5.0;7.0;19.0;415.0;30.0;0.0;30.0;768.0;128.0;162.0;5;4;4;4;5;5;4;0;0;0;0;0;0;0;1;0;0;0;0;0;0;0;0;0.0;0.0;0.0;0.0;0.0;1.0;0.0;0.0;0.0;0.0;0.0;0.0;0.0;0.0;0.0;0.0;0.0;0.0;0.0;0.0;1.0;0.0;0.0;0.0;0.0;0.0;0.0;0.0;0.0;0.0;0.0;0.0;0.0;0.0;1.0;3.0;1.0;1.0;1.0;3.0;0.0;0;0;31;0;IVAIPORÃ;REGIÃO CENTRAL;52;4806.0;8167.0;8327.0;4017.0;5479.0;9620.0;11100.0;10558.0;7791.0;7107.0;7986.0;10117.0
4548.0;2020-06-30;10.0;16.0;20.0;23.0;586.0;29.0;9.0;10.0;19.0;458.0;29.0;0.0;29.0;714.0;76.0;274.0;4;4;4;5;4;4;5;0;0;0;0;0;0;1;0;0;0;0;0;0;0;0;0;0.0;0.0;0.0;0.0;0.0;1.0;0.0;0.0;0.0;0.0;0.0;0.0;0.0;0.0;0.0;0.0;0.0;0.0;0.0;0.0;1.0;0.0;0.0;0.0;0.0;0.0;0.0;0.0;0.0;0.0;0.0;0.0;0.0;0.0;1.0;3.0;1.0;1.0;1.0;3.0;0.0;0;1;30;0;IVAIPORÃ;REGIÃO CENTRAL;53;4540.0;4806.0;8167.0;8327.0;4017.0;5479.0;9620.0;11100.0;10558.0;7791.0;7107.0;7986.0
4495.0;2020-07-31;5.0;11.0;19.0;23.0;578.0;28.0;2.0;5.0;18.0;411.0;28.0;0.0;28.0;744.0;50.0;57.0;4;5;5;4;5;4;4;0;0;0;0;0;1;0;0;0;0;0;0;0;0;0;0;0.0;0.0;0.0;0.0;0.0;1.0;0.0;0.0;0.0;0.0;0.0;0.0;0.0;0.0;0.0;0.0;0.0;0.0;0.0;0.0;1.0;0.0;0.0;0.0;0.0;0.0;0.0;0.0;0.0;0.0;0.0;0.0;0.0;0.0;1.0;3.0;1.0;1.0;1.0;3.0;0.0;0;0;31;0;IVAIPORÃ;REGIÃO CENTRAL;54;4548.0;4540.0;4806.0;8167.0;8327.0;4017.0;5479.0;9620.0;11100.0;10558.0;7791.0;7107.0
4061.0;2020-08-31;4.0;11.0;19.0;25.0;588.0;33.0;9.0;4.0;18.0;418.0;33.0;0.0;33.0;757.0;86.0;281.0;5;4;4;5;4;5;4;0;1;0;0;0;0;0;0;0;0;0;0;0;0;0;0;0.0;0.0;0.0;0.0;0.0;1.0;0.0;0.0;0.0;0.0;0.0;0.0;0.0;0.0;0.0;0.0;0.0;0.0;0.0;0.0;1.0;0.0;0.0;0.0;0.0;0.0;0.0;0.0;0.0;0.0;0.0;0.0;0.0;0.0;1.0;3.0;1.0;1.0;1.0;3.0;0.0;0;0;31;0;IVAIPORÃ;REGIÃO CENTRAL;55;4495.0;4548.0;4540.0;4806.0;8167.0;8327.0;4017.0;5479.0;9620.0;11100.0;10558.0;7791.0
3870.0;2020-09-30;13.0;18.0;25.0;29.0;736.0;36.0;1.0;13.0;21.0;547.0;36.0;0.0;36.0;924.0;26.0;41.0;4;5;4;4;4;4;5;0;0;0;0;0;0;0;0;0;0;0;1;0;0;0;0;0.0;0.0;0.0;0.0;0.0;1.0;0.0;0.0;0.0;0.0;0.0;0.0;0.0;0.0;0.0;0.0;0.0;0.0;0.0;0.0;1.0;0.0;0.0;0.0;0.0;0.0;0.0;0.0;0.0;0.0;0.0;0.0;0.0;0.0;1.0;3.0;1.0;1.0;1.0;3.0;0.0;0;0;30;0;IVAIPORÃ;REGIÃO CENTRAL;56;4061.0;4495.0;4548.0;4540.0;4806.0;8167.0;8327.0;4017.0;5479.0;9620.0;11100.0;10558.0
3782.0;2020-10-31;14.0;20.0;25.0;32.0;779.0;40.0;1.0;14.0;25.0;584.0;40.0;0.0;40.0;974.0;18.0;36.0;4;4;5;4;5;5;4;0;0;0;0;0;0;0;0;0;0;1;0;0;0;0;0;0.0;0.0;0.0;0.0;0.0;1.0;0.0;0.0;0.0;0.0;0.0;0.0;0.0;0.0;0.0;0.0;0.0;0.0;0.0;0.0;1.0;0.0;0.0;0.0;0.0;0.0;0.0;0.0;0.0;0.0;0.0;0.0;0.0;0.0;1.0;3.0;1.0;1.0;1.0;3.0;0.0;0;0;31;0;IVAIPORÃ;REGIÃO CENTRAL;57;3870.0;4061.0;4495.0;4548.0;4540.0;4806.0;8167.0;8327.0;4017.0;5479.0;9620.0;11100.0
3690.0;2020-11-30;12.0;20.0;25.0;29.0;749.0;37.0;4.0;12.0;24.0;544.0;37.0;0.0;37.0;954.0;36.0;114.0;5;4;4;5;4;4;4;0;0;0;0;0;0;0;0;0;1;0;0;0;0;0;0;0.0;0.0;0.0;0.0;0.0;1.0;0.0;0.0;0.0;0.0;0.0;0.0;0.0;0.0;0.0;0.0;0.0;0.0;0.0;0.0;1.0;0.0;0.0;0.0;0.0;0.0;0.0;0.0;0.0;0.0;0.0;0.0;0.0;0.0;1.0;3.0;1.0;1.0;1.0;3.0;0.0;0;0;30;0;IVAIPORÃ;REGIÃO CENTRAL;58;3782.0;3870.0;4061.0;4495.0;4548.0;4540.0;4806.0;8167.0;8327.0;4017.0;5479.0;9620.0
3503.0;2020-12-31;17.0;22.0;25.0;27.0;782.0;33.0;6.0;17.0;22.0;625.0;33.0;0.0;33.0;939.0;52.0;196.0;4;5;5;4;4;4;5;0;0;1;0;0;0;0;0;0;0;0;0;0;0;0;0;0.0;0.0;0.0;0.0;0.0;1.0;0.0;0.0;0.0;0.0;0.0;0.0;0.0;0.0;0.0;0.0;0.0;0.0;0.0;0.0;1.0;0.0;0.0;0.0;0.0;0.0;0.0;0.0;0.0;0.0;0.0;0.0;0.0;0.0;0.0;3.0;1.0;1.0;1.0;3.0;0.0;0;0;31;0;IVAIPORÃ;REGIÃO CENTRAL;59;3690.0;3782.0;3870.0;4061.0;4495.0;4548.0;4540.0;4806.0;8167.0;8327.0;4017.0;5479.0
3441.0;2021-01-31;18.0;23.0;25.0;28.0;776.0;33.0;9.0;18.0;23.0;657.0;33.0;0.0;33.0;895.0;67.0;284.0;5;4;4;4;5;5;4;0;0;0;0;1;0;0;0;0;0;0;0;1;0;0;0;0.0;0.0;0.0;0.0;0.0;0.0;0.0;0.0;0.0;0.0;0.0;0.0;0.0;0.0;0.0;0.0;0.0;0.0;0.0;0.0;1.0;0.0;0.0;0.0;0.0;0.0;0.0;0.0;0.0;0.0;0.0;0.0;0.0;0.0;0.0;3.0;0.0;1.0;1.0;3.0;0.0;0;0;31;0;IVAIPORÃ;REGIÃO CENTRAL;60;3503.0;3690.0;3782.0;3870.0;4061.0;4495.0;4548.0;4540.0;4806.0;8167.0;8327.0;4017.0
3192.0;2021-02-28;17.0;22.0;25.0;27.0;695.0;34.0;3.0;17.0;22.0;541.0;34.0;0.0;34.0;849.0;29.0;73.0;4;4;4;4;4;4;4;0;0;0;1;0;0;0;0;0;0;0;0;1;0;0;0;0.0;0.0;0.0;0.0;0.0;0.0;0.0;0.0;0.0;0.0;0.0;0.0;0.0;0.0;0.0;0.0;0.0;0.0;0.0;0.0;1.0;0.0;0.0;0.0;0.0;0.0;0.0;0.0;0.0;0.0;0.0;0.0;0.0;0.0;0.0;3.0;0.0;1.0;1.0;3.0;0.0;0;3;28;0;IVAIPORÃ;REGIÃO CENTRAL;61;3441.0;3503.0;3690.0;3782.0;3870.0;4061.0;4495.0;4548.0;4540.0;4806.0;8167.0;8327.0
3844.0;2021-03-31;15.0;21.0;25.0;28.0;784.0;34.0;3.0;15.0;22.0;620.0;34.0;0.0;34.0;947.0;26.0;99.0;4;5;4;5;4;4;5;0;0;0;0;0;0;0;0;1;0;0;0;1;0;0;0;0.0;0.0;0.0;0.0;0.0;0.0;0.0;0.0;0.0;0.0;0.0;0.0;0.0;0.0;0.0;0.0;0.0;0.0;0.0;0.0;1.0;0.0;0.0;0.0;0.0;0.0;0.0;0.0;0.0;0.0;0.0;0.0;0.0;0.0;0.0;3.0;0.0;1.0;1.0;3.0;0.0;0;0;31;0;IVAIPORÃ;REGIÃO CENTRAL;62;3192.0;3441.0;3503.0;3690.0;3782.0;3870.0;4061.0;4495.0;4548.0;4540.0;4806.0;8167.0
3810.0;2021-04-30;13.0;19.0;22.0;26.0;659.0;32.0;0.0;13.0;21.0;486.0;32.0;0.0;32.0;831.0;1.0;1.0;4;4;5;4;5;4;4;1;0;0;0;0;0;0;0;0;0;0;0;1;0;0;0;0.0;0.0;0.0;0.0;0.0;0.0;0.0;0.0;0.0;0.0;0.0;0.0;0.0;0.0;0.0;0.0;0.0;0.0;0.0;0.0;1.0;0.0;0.0;0.0;0.0;0.0;0.0;0.0;0.0;0.0;0.0;0.0;0.0;0.0;0.0;3.0;0.0;1.0;1.0;3.0;0.0;0;1;30;0;IVAIPORÃ;REGIÃO CENTRAL;63;3844.0;3192.0;3441.0;3503.0;3690.0;3782.0;3870.0;4061.0;4495.0;4548.0;4540.0;4806.0
3720.0;2021-05-31;7.0;14.0;20.0;24.0;605.0;29.0;3.0;7.0;20.0;437.0;29.0;0.0;29.0;773.0;28.0;103.0;5;4;4;5;4;5;4;0;0;0;0;0;0;0;1;0;0;0;0;1;0;0;0;0.0;0.0;0.0;0.0;0.0;0.0;0.0;0.0;0.0;0.0;0.0;0.0;0.0;0.0;0.0;0.0;0.0;0.0;0.0;0.0;1.0;0.0;0.0;0.0;0.0;0.0;0.0;0.0;0.0;0.0;0.0;0.0;0.0;0.0;0.0;3.0;0.0;1.0;1.0;3.0;0.0;0;0;31;0;IVAIPORÃ;REGIÃO CENTRAL;64;3810.0;3844.0;3192.0;3441.0;3503.0;3690.0;3782.0;3870.0;4061.0;4495.0;4548.0;4540.0
3660.0;2021-06-30;1.0;6.0;17.0;22.0;514.0;27.0;3.0;1.0;17.0;385.0;27.0;0.0;27.0;644.0;63.0;97.0;4;5;4;4;4;4;5;0;0;0;0;0;0;1;0;0;0;0;0;1;0;0;0;0.0;0.0;0.0;0.0;0.0;0.0;0.0;0.0;0.0;0.0;0.0;0.0;0.0;0.0;0.0;0.0;0.0;0.0;0.0;0.0;1.0;0.0;0.0;0.0;0.0;0.0;0.0;0.0;0.0;0.0;0.0;0.0;0.0;0.0;0.0;3.0;0.0;1.0;1.0;3.0;0.0;0;1;30;0;IVAIPORÃ;REGIÃO CENTRAL;65;3720.0;3810.0;3844.0;3192.0;3441.0;3503.0;3690.0;3782.0;3870.0;4061.0;4495.0;4548.0
3658.0;2021-07-31;0.0;7.0;16.0;21.0;499.0;29.0;4.0;0.0;16.0;297.0;29.0;0.0;29.0;700.0;73.0;119.0;4;4;5;4;5;5;4;0;0;0;0;0;1;0;0;0;0;0;0;1;0;0;0;0.0;0.0;0.0;0.0;0.0;0.0;0.0;0.0;0.0;0.0;0.0;0.0;0.0;0.0;0.0;0.0;0.0;0.0;0.0;0.0;1.0;0.0;0.0;0.0;0.0;0.0;0.0;0.0;0.0;0.0;0.0;0.0;0.0;0.0;0.0;3.0;0.0;1.0;1.0;3.0;0.0;0;0;31;0;IVAIPORÃ;REGIÃO CENTRAL;66;3660.0;3720.0;3810.0;3844.0;3192.0;3441.0;3503.0;3690.0;3782.0;3870.0;4061.0;4495.0
3565.0;2021-08-31;8.0;15.0;21.0;27.0;652.0;35.0;1.0;8.0;20.0;460.0;35.0;0.0;35.0;843.0;11.0;28.0;5;4;4;5;4;4;5;0;1;0;0;0;0;0;0;0;0;0;0;1;0;0;0;0.0;0.0;0.0;0.0;0.0;0.0;0.0;0.0;0.0;0.0;0.0;0.0;0.0;0.0;0.0;0.0;0.0;0.0;0.0;0.0;1.0;0.0;0.0;0.0;0.0;0.0;0.0;0.0;0.0;0.0;0.0;0.0;0.0;0.0;0.0;3.0;0.0;1.0;1.0;3.0;0.0;0;0;31;0;IVAIPORÃ;REGIÃO CENTRAL;67;3658.0;3660.0;3720.0;3810.0;3844.0;3192.0;3441.0;3503.0;3690.0;3782.0;3870.0;4061.0
3600.0;2021-09-30;12.0;19.0;24.0;30.0;731.0;37.0;2.0;12.0;24.0;537.0;37.0;0.0;37.0;924.0;22.0;53.0;4;5;5;4;4;4;4;0;0;0;0;0;0;0;0;0;0;0;1;1;0;0;0;0.0;0.0;0.0;0.0;0.0;0.0;0.0;0.0;0.0;0.0;0.0;0.0;0.0;0.0;0.0;0.0;0.0;0.0;0.0;0.0;1.0;0.0;0.0;0.0;0.0;0.0;0.0;0.0;0.0;0.0;0.0;0.0;0.0;0.0;0.0;3.0;0.0;1.0;1.0;3.0;0.0;0;0;30;0;IVAIPORÃ;REGIÃO CENTRAL;68;3565.0;3658.0;3660.0;3720.0;3810.0;3844.0;3192.0;3441.0;3503.0;3690.0;3782.0;3870.0
4092.0;2021-10-31;12.0;18.0;22.0;26.0;671.0;32.0;21.0;12.0;21.0;523.0;32.0;0.0;32.0;820.0;174.0;662.0;5;4;4;4;5;5;4;0;0;0;0;0;0;0;0;0;0;1;0;1;0;0;0;0.0;0.0;0.0;0.0;0.0;0.0;0.0;0.0;0.0;0.0;0.0;0.0;0.0;0.0;0.0;0.0;0.0;0.0;0.0;0.0;1.0;0.0;0.0;0.0;0.0;0.0;0.0;0.0;0.0;0.0;0.0;0.0;0.0;0.0;0.0;3.0;0.0;1.0;1.0;3.0;0.0;0;0;0;0;IVAIPORÃ;REGIÃO CENTRAL;69;3600.0;3565.0;3658.0;3660.0;3720.0;3810.0;3844.0;3192.0;3441.0;3503.0;3690.0;3782.0
5040.0;2021-11-30;14.0;20.0;25.0;28.0;750.0;35.0;1.0;14.0;22.0;553.0;35.0;0.0;35.0;948.0;21.0;37.0;4;4;4;5;4;4;5;0;0;0;0;0;0;0;0;0;1;0;0;1;0;0;0;0.0;0.0;0.0;0.0;0.0;0.0;0.0;0.0;0.0;0.0;0.0;0.0;0.0;0.0;0.0;0.0;0.0;0.0;0.0;0.0;1.0;0.0;0.0;0.0;0.0;0.0;0.0;0.0;0.0;0.0;0.0;0.0;0.0;0.0;0.0;3.0;0.0;1.0;1.0;3.0;0.0;0;0;0;0;IVAIPORÃ;REGIÃO CENTRAL;70;4092.0;3600.0;3565.0;3658.0;3660.0;3720.0;3810.0;3844.0;3192.0;3441.0;3503.0;3690.0
5828.0;2021-12-31;15.0;22.0;26.0;30.0;803.0;37.0;3.0;15.0;22.0;594.0;37.0;0.0;37.0;1011.0;76.0;99.0;4;5;5;4;5;4;4;0;0;1;0;0;0;0;0;0;0;0;0;1;0;0;0;0.0;0.0;0.0;0.0;0.0;0.0;0.0;0.0;0.0;0.0;0.0;0.0;0.0;0.0;0.0;0.0;0.0;0.0;0.0;0.0;1.0;0.0;0.0;0.0;0.0;0.0;0.0;0.0;0.0;0.0;0.0;0.0;0.0;0.0;0.0;3.0;0.0;1.0;1.0;3.0;0.0;0;0;0;0;IVAIPORÃ;REGIÃO CENTRAL;71;5040.0;4092.0;3600.0;3565.0;3658.0;3660.0;3720.0;3810.0;3844.0;3192.0;3441.0;3503.0
6293.0;2022-01-31;18.0;22.0;26.0;30.0;803.0;36.0;5.0;18.0;23.0;640.0;36.0;0.0;36.0;967.0;34.0;140.0;5;4;4;5;4;5;4;0;0;0;0;1;0;0;0;0;0;0;0;0;1;0;0;0.0;0.0;0.0;0.0;0.0;0.0;0.0;0.0;0.0;0.0;0.0;0.0;0.0;0.0;0.0;0.0;0.0;0.0;0.0;0.0;1.0;0.0;0.0;0.0;0.0;0.0;0.0;0.0;0.0;0.0;0.0;0.0;0.0;0.0;0.0;3.0;0.0;1.0;1.0;3.0;0.0;31;0;0;0;IVAIPORÃ;REGIÃO CENTRAL;72;5828.0;5040.0;4092.0;3600.0;3565.0;3658.0;3660.0;3720.0;3810.0;3844.0;3192.0;3441.0
6720.0;2022-02-28;17.0;24.0;26.0;30.0;742.0;37.0;5.0;17.0;24.0;571.0;37.0;0.0;37.0;913.0;54.0;145.0;4;4;4;4;4;4;4;0;0;0;1;0;0;0;0;0;0;0;0;0;1;0;0;0.0;0.0;0.0;0.0;0.0;0.0;0.0;0.0;0.0;0.0;0.0;0.0;0.0;0.0;0.0;0.0;0.0;0.0;0.0;0.0;1.0;0.0;0.0;0.0;0.0;0.0;0.0;0.0;0.0;0.0;0.0;0.0;0.0;0.0;0.0;3.0;0.0;1.0;1.0;3.0;0.0;0;1;0;0;IVAIPORÃ;REGIÃO CENTRAL;73;6293.0;5828.0;5040.0;4092.0;3600.0;3565.0;3658.0;3660.0;3720.0;3810.0;3844.0;3192.0
7409.0;2022-03-31;17.0;21.0;25.0;29.0;789.0;35.0;11.0;17.0;23.0;632.0;35.0;0.0;35.0;946.0;71.0;352.0;4;5;5;4;4;4;5;0;0;0;0;0;0;0;0;1;0;0;0;0;1;0;0;0.0;0.0;0.0;0.0;0.0;0.0;0.0;0.0;0.0;0.0;0.0;0.0;0.0;0.0;0.0;0.0;0.0;0.0;0.0;0.0;1.0;0.0;0.0;0.0;0.0;0.0;0.0;0.0;0.0;0.0;0.0;0.0;0.0;0.0;0.0;3.0;0.0;1.0;1.0;3.0;0.0;0;1;0;0;IVAIPORÃ;REGIÃO CENTRAL;74;6720.0;6293.0;5828.0;5040.0;4092.0;3600.0;3565.0;3658.0;3660.0;3720.0;3810.0;3844.0
8610.0;2022-04-30;12.0;17.0;22.0;26.0;673.0;31.0;7.0;12.0;21.0;520.0;31.0;0.0;31.0;827.0;67.0;199.0;4;4;4;4;5;5;4;1;0;0;0;0;0;0;0;0;0;0;0;0;1;0;0;0.0;0.0;0.0;0.0;0.0;0.0;0.0;0.0;0.0;0.0;0.0;0.0;0.0;0.0;0.0;0.0;0.0;0.0;0.0;0.0;1.0;0.0;0.0;0.0;0.0;0.0;0.0;0.0;0.0;0.0;0.0;0.0;0.0;0.0;0.0;3.0;0.0;1.0;1.0;3.0;0.0;0;1;0;0;IVAIPORÃ;REGIÃO CENTRAL;75;7409.0;6720.0;6293.0;5828.0;5040.0;4092.0;3600.0;3565.0;3658.0;3660.0;3720.0;3810.0
11408.0;2022-05-31;5.0;9.0;18.0;24.0;561.0;30.0;3.0;5.0;20.0;413.0;30.0;0.0;30.0;709.0;43.0;100.0;5;4;4;5;4;4;5;0;0;0;0;0;0;0;1;0;0;0;0;0;1;0;0;0.0;0.0;0.0;0.0;0.0;0.0;0.0;0.0;0.0;0.0;0.0;0.0;0.0;0.0;0.0;0.0;0.0;0.0;0.0;0.0;1.0;0.0;0.0;0.0;0.0;0.0;0.0;0.0;0.0;0.0;0.0;0.0;0.0;0.0;0.0;3.0;0.0;1.0;1.0;3.0;0.0;0;0;0;0;IVAIPORÃ;REGIÃO CENTRAL;76;8610.0;7409.0;6720.0;6293.0;5828.0;5040.0;4092.0;3600.0;3565.0;3658.0;3660.0;3720.0
11670.0;2022-06-30;4.0;11.0;18.0;22.0;541.0;28.0;3.0;4.0;17.0;391.0;28.0;0.0;28.0;691.0;42.0;83.0;4;5;5;4;4;4;4;0;0;0;0;0;0;1;0;0;0;0;0;0;1;0;0;0.0;0.0;0.0;0.0;0.0;0.0;0.0;0.0;0.0;0.0;0.0;0.0;0.0;0.0;0.0;0.0;0.0;0.0;0.0;0.0;1.0;0.0;0.0;0.0;0.0;0.0;0.0;0.0;0.0;0.0;0.0;0.0;0.0;0.0;0.0;3.0;0.0;1.0;1.0;3.0;0.0;0;1;0;0;IVAIPORÃ;REGIÃO CENTRAL;77;11408.0;8610.0;7409.0;6720.0;6293.0;5828.0;5040.0;4092.0;3600.0;3565.0;3658.0;3660.0
8835.0;2022-07-31;7.0;15.0;21.0;23.0;642.0;30.0;1.0;7.0;17.0;452.0;30.0;0.0;30.0;832.0;8.0;17.0;5;4;4;4;5;5;4;0;0;0;0;0;1;0;0;0;0;0;0;0;1;0;0;0.0;0.0;0.0;0.0;0.0;0.0;0.0;0.0;0.0;0.0;0.0;0.0;0.0;0.0;0.0;0.0;0.0;0.0;0.0;0.0;1.0;0.0;0.0;0.0;0.0;0.0;0.0;0.0;0.0;0.0;0.0;0.0;0.0;0.0;0.0;3.0;0.0;1.0;1.0;3.0;0.0;0;0;0;0;IVAIPORÃ;REGIÃO CENTRAL;78;11670.0;11408.0;8610.0;7409.0;6720.0;6293.0;5828.0;5040.0;4092.0;3600.0;3565.0;3658.0
11439.0;2022-08-31;5.0;11.0;19.0;24.0;578.0;32.0;5.0;5.0;19.0;403.0;32.0;0.0;32.0;753.0;47.0;162.0;4;5;4;5;4;4;5;0;1;0;0;0;0;0;0;0;0;0;0;0;1;0;0;0.0;0.0;0.0;0.0;0.0;0.0;0.0;0.0;0.0;0.0;0.0;0.0;0.0;0.0;0.0;0.0;0.0;0.0;0.0;0.0;1.0;0.0;0.0;0.0;0.0;0.0;0.0;0.0;0.0;0.0;0.0;0.0;0.0;0.0;0.0;3.0;0.0;1.0;1.0;3.0;0.0;0;0;0;0;IVAIPORÃ;REGIÃO CENTRAL;79;8835.0;11670.0;11408.0;8610.0;7409.0;6720.0;6293.0;5828.0;5040.0;4092.0;3600.0;3565.0
11820.0;2022-09-30;8.0;14.0;19.0;26.0;558.0;33.0;10.0;8.0;20.0;422.0;33.0;0.0;33.0;694.0;91.0;313.0;4;4;5;4;5;4;4;0;0;0;0;0;0;0;0;0;0;0;1;0;1;0;0;0.0;0.0;0.0;0.0;0.0;0.0;0.0;0.0;0.0;0.0;0.0;0.0;0.0;0.0;0.0;0.0;0.0;0.0;0.0;0.0;1.0;0.0;0.0;0.0;0.0;0.0;0.0;0.0;0.0;0.0;0.0;0.0;0.0;0.0;0.0;3.0;0.0;1.0;1.0;3.0;0.0;0;0;0;0;IVAIPORÃ;REGIÃO CENTRAL;80;11439.0;8835.0;11670.0;11408.0;8610.0;7409.0;6720.0;6293.0;5828.0;5040.0;4092.0;3600.0
9827.0;2022-10-31;-5.0;12.0;22.0;26.0;694.0;34.0;12.0;-5.0;21.0;516.0;34.0;0.0;34.0;871.0;78.0;370.0;5;4;4;5;4;5;4;0;0;0;0;0;0;0;0;0;0;1;0;0;1;0;0;0.0;0.0;0.0;0.0;0.0;0.0;0.0;0.0;0.0;0.0;0.0;0.0;0.0;0.0;0.0;0.0;0.0;0.0;0.0;0.0;1.0;0.0;0.0;0.0;0.0;0.0;0.0;0.0;0.0;0.0;0.0;0.0;0.0;0.0;0.0;3.0;0.0;1.0;1.0;3.0;0.0;0;0;0;0;IVAIPORÃ;REGIÃO CENTRAL;81;11820.0;11439.0;8835.0;11670.0;11408.0;8610.0;7409.0;6720.0;6293.0;5828.0;5040.0;4092.0
8400.0;2022-11-30;11.0;14.0;22.0;26.0;665.0;34.0;2.0;11.0;20.0;475.0;34.0;0.0;34.0;854.0;27.0;69.0;4;5;4;4;4;4;5;0;0;0;0;0;0;0;0;0;1;0;0;0;1;0;0;0.0;0.0;0.0;0.0;0.0;0.0;0.0;0.0;0.0;0.0;0.0;0.0;0.0;0.0;0.0;0.0;0.0;0.0;0.0;0.0;1.0;0.0;0.0;0.0;0.0;0.0;0.0;0.0;0.0;0.0;0.0;0.0;0.0;0.0;0.0;3.0;0.0;1.0;1.0;3.0;0.0;0;0;0;0;IVAIPORÃ;REGIÃO CENTRAL;82;9827.0;11820.0;11439.0;8835.0;11670.0;11408.0;8610.0;7409.0;6720.0;6293.0;5828.0;5040.0
9362.0;2022-12-31;-7.0;13.0;24.0;28.0;759.0;34.0;6.0;-7.0;23.0;578.0;34.0;0.0;34.0;940.0;56.0;190.0;4;4;5;4;5;5;4;0;0;1;0;0;0;0;0;0;0;0;0;0;1;0;0;0.0;0.0;0.0;0.0;0.0;0.0;0.0;0.0;0.0;0.0;0.0;0.0;0.0;0.0;0.0;0.0;0.0;0.0;0.0;0.0;1.0;0.0;0.0;0.0;0.0;0.0;0.0;0.0;0.0;0.0;0.0;0.0;0.0;0.0;0.0;3.0;0.0;1.0;1.0;3.0;0.0;0;0;0;0;IVAIPORÃ;REGIÃO CENTRAL;83;8400.0;9827.0;11820.0;11439.0;8835.0;11670.0;11408.0;8610.0;7409.0;6720.0;6293.0;5828.0
7285.0;2023-01-31;16.0;21.0;25.0;27.0;769.0;33.0;7.0;16.0;22.0;616.0;33.0;0.0;33.0;921.0;56.0;217.0;5;4;4;5;4;4;5;0;0;0;0;1;0;0;0;0;0;0;0;0;0;1;0;0.0;0.0;0.0;0.0;0.0;0.0;0.0;0.0;0.0;0.0;0.0;0.0;0.0;0.0;0.0;0.0;0.0;0.0;0.0;0.0;1.0;0.0;0.0;0.0;0.0;0.0;0.0;0.0;0.0;0.0;0.0;0.0;0.0;0.0;0.0;3.0;0.0;1.0;1.0;3.0;0.0;31;0;0;0;IVAIPORÃ;REGIÃO CENTRAL;84;9362.0;8400.0;9827.0;11820.0;11439.0;8835.0;11670.0;11408.0;8610.0;7409.0;6720.0;6293.0
11508.0;2023-02-28;13.0;19.0;24.0;27.0;678.0;34.0;12.0;13.0;22.0;550.0;34.0;0.0;34.0;806.0;62.0;329.0;4;4;4;4;4;4;4;0;0;0;1;0;0;0;0;0;0;0;0;0;0;1;0;0.0;0.0;0.0;0.0;0.0;0.0;0.0;0.0;0.0;0.0;0.0;0.0;0.0;0.0;0.0;0.0;0.0;0.0;0.0;0.0;1.0;0.0;0.0;0.0;0.0;0.0;0.0;0.0;0.0;0.0;0.0;0.0;0.0;0.0;0.0;3.0;0.0;1.0;1.0;3.0;0.0;0;3;0;0;IVAIPORÃ;REGIÃO CENTRAL;85;7285.0;9362.0;8400.0;9827.0;11820.0;11439.0;8835.0;11670.0;11408.0;8610.0;7409.0;6720.0
16988.0;2023-03-31;18.0;23.0;26.0;28.0;792.0;34.0;8.0;18.0;22.0;624.0;34.0;0.0;34.0;959.0;58.0;238.0;4;5;5;4;5;4;4;0;0;0;0;0;0;0;0;1;0;0;0;0;0;1;0;0.0;0.0;0.0;0.0;0.0;0.0;0.0;0.0;0.0;0.0;0.0;0.0;0.0;0.0;0.0;0.0;0.0;0.0;0.0;0.0;1.0;0.0;0.0;0.0;0.0;0.0;0.0;0.0;0.0;0.0;0.0;0.0;0.0;0.0;0.0;3.0;0.0;1.0;1.0;3.0;0.0;0;0;0;0;IVAIPORÃ;REGIÃO CENTRAL;86;11508.0;7285.0;9362.0;8400.0;9827.0;11820.0;11439.0;8835.0;11670.0;11408.0;8610.0;7409.0
11250.0;2023-04-30;11.0;18.0;22.0;27.0;667.0;33.0;5.0;11.0;20.0;514.0;33.0;0.0;33.0;821.0;52.0;163.0;5;4;4;4;4;5;4;1;0;0;0;0;0;0;0;0;0;0;0;0;0;1;0;0.0;0.0;0.0;0.0;0.0;0.0;0.0;0.0;0.0;0.0;0.0;0.0;0.0;0.0;0.0;0.0;0.0;0.0;0.0;0.0;1.0;0.0;0.0;0.0;0.0;0.0;0.0;0.0;0.0;0.0;0.0;0.0;0.0;0.0;0.0;3.0;0.0;1.0;1.0;3.0;0.0;0;1;0;0;IVAIPORÃ;REGIÃO CENTRAL;87;16988.0;11508.0;7285.0;9362.0;8400.0;9827.0;11820.0;11439.0;8835.0;11670.0;11408.0;8610.0
10292.0;2023-05-31;10.0;16.0;20.0;25.0;633.0;29.0;3.0;10.0;20.0;465.0;29.0;0.0;29.0;801.0;32.0;86.0;4;5;4;5;4;4;5;0;0;0;0;0;0;0;1;0;0;0;0;0;0;1;0;0.0;0.0;0.0;0.0;0.0;0.0;0.0;0.0;0.0;0.0;0.0;0.0;0.0;0.0;0.0;0.0;0.0;0.0;0.0;0.0;1.0;0.0;0.0;0.0;0.0;0.0;0.0;0.0;0.0;0.0;0.0;0.0;0.0;0.0;0.0;3.0;0.0;1.0;1.0;3.0;0.0;0;0;0;0;IVAIPORÃ;REGIÃO CENTRAL;88;11250.0;16988.0;11508.0;7285.0;9362.0;8400.0;9827.0;11820.0;11439.0;8835.0;11670.0;11408.0
11010.0;2023-06-30;7.0;11.0;18.0;23.0;549.0;29.0;4.0;7.0;17.0;380.0;29.0;0.0;29.0;718.0;46.0;110.0;4;4;5;4;5;4;4;0;0;0;0;0;0;1;0;0;0;0;0;0;0;1;0;0.0;0.0;0.0;0.0;0.0;0.0;0.0;0.0;0.0;0.0;0.0;0.0;0.0;0.0;0.0;0.0;0.0;0.0;0.0;0.0;1.0;0.0;0.0;0.0;0.0;0.0;0.0;0.0;0.0;0.0;0.0;0.0;0.0;0.0;0.0;3.0;0.0;1.0;1.0;3.0;0.0;0;1;0;0;IVAIPORÃ;REGIÃO CENTRAL;89;10292.0;11250.0;16988.0;11508.0;7285.0;9362.0;8400.0;9827.0;11820.0;11439.0;8835.0;11670.0
7874.0;2023-07-31;6.0;12.0;19.0;23.0;591.0;29.0;2.0;6.0;18.0;423.0;29.0;0.0;29.0;758.0;15.0;62.0;5;4;4;5;4;5;4;0;0;0;0;0;1;0;0;0;0;0;0;0;0;1;0;0.0;0.0;0.0;0.0;0.0;0.0;0.0;0.0;0.0;0.0;0.0;0.0;0.0;0.0;0.0;0.0;0.0;0.0;0.0;0.0;1.0;0.0;0.0;0.0;0.0;0.0;0.0;0.0;0.0;0.0;0.0;0.0;0.0;0.0;0.0;3.0;0.0;1.0;1.0;3.0;0.0;15;0;0;0;IVAIPORÃ;REGIÃO CENTRAL;90;11010.0;10292.0;11250.0;16988.0;11508.0;7285.0;9362.0;8400.0;9827.0;11820.0;11439.0;8835.0
9362.0;2023-08-31;9.0;15.0;21.0;27.0;650.0;34.0;8.0;9.0;20.0;454.0;34.0;0.0;34.0;846.0;120.0;250.0;4;5;5;4;4;4;5;0;1;0;0;0;0;0;0;0;0;0;0;0;0;1;0;0.0;0.0;0.0;0.0;0.0;0.0;0.0;0.0;0.0;0.0;0.0;0.0;0.0;0.0;0.0;0.0;0.0;0.0;0.0;0.0;1.0;0.0;0.0;0.0;0.0;0.0;0.0;0.0;0.0;0.0;0.0;0.0;0.0;0.0;0.0;3.0;0.0;1.0;1.0;3.0;0.0;0;0;0;0;IVAIPORÃ;REGIÃO CENTRAL;91;7874.0;11010.0;10292.0;11250.0;16988.0;11508.0;7285.0;9362.0;8400.0;9827.0;11820.0;11439.0
12150.0;2023-09-30;9.0;17.0;24.0;30.0;735.0;37.0;7.0;9.0;25.0;545.0;37.0;0.0;37.0;925.0;79.0;206.0;4;4;4;4;5;5;4;0;0;0;0;0;0;0;0;0;0;0;1;0;0;1;0;0.0;0.0;0.0;0.0;0.0;0.0;0.0;0.0;0.0;0.0;0.0;0.0;0.0;0.0;0.0;0.0;0.0;0.0;0.0;0.0;1.0;0.0;0.0;0.0;0.0;0.0;0.0;0.0;0.0;0.0;0.0;0.0;0.0;0.0;0.0;3.0;0.0;1.0;1.0;3.0;0.0;0;0;0;0;IVAIPORÃ;REGIÃO CENTRAL;92;9362.0;7874.0;11010.0;10292.0;11250.0;16988.0;11508.0;7285.0;9362.0;8400.0;9827.0;11820.0
12121.0;2023-10-31;16.0;21.0;25.0;29.0;770.0;36.0;16.0;16.0;24.0;599.0;36.0;0.0;36.0;941.0;140.0;496.0;5;4;4;5;4;4;5;0;0;0;0;0;0;0;0;0;0;1;0;0;0;1;0;0.0;0.0;0.0;0.0;0.0;0.0;0.0;0.0;0.0;0.0;0.0;0.0;0.0;0.0;0.0;0.0;0.0;0.0;0.0;0.0;1.0;0.0;0.0;0.0;0.0;0.0;0.0;0.0;0.0;0.0;0.0;0.0;0.0;0.0;0.0;3.0;0.0;1.0;1.0;3.0;0.0;0;0;0;0;IVAIPORÃ;REGIÃO CENTRAL;93;12150.0;9362.0;7874.0;11010.0;10292.0;11250.0;16988.0;11508.0;7285.0;9362.0;8400.0;9827.0
13650.0;2023-11-30;11.0;18.0;25.0;31.0;759.0;38.0;10.0;11.0;25.0;582.0;38.0;0.0;38.0;937.0;66.0;299.0;4;5;5;4;4;4;4;0;0;0;0;0;0;0;0;0;1;0;0;0;0;1;0;0.0;0.0;0.0;0.0;0.0;0.0;0.0;0.0;0.0;0.0;0.0;0.0;0.0;0.0;0.0;0.0;0.0;0.0;0.0;0.0;1.0;0.0;0.0;0.0;0.0;0.0;0.0;0.0;0.0;0.0;0.0;0.0;0.0;0.0;0.0;3.0;0.0;1.0;1.0;3.0;0.0;0;0;0;0;IVAIPORÃ;REGIÃO CENTRAL;94;12121.0;12150.0;9362.0;7874.0;11010.0;10292.0;11250.0;16988.0;11508.0;7285.0;9362.0;8400.0
10974.0;2023-12-31;17.0;22.0;27.0;29.0;831.0;37.0;6.0;17.0;23.0;636.0;37.0;0.0;37.0;1025.0;43.0;180.0;5;4;4;4;5;5;4;0;0;1;0;0;0;0;0;0;0;0;0;0;0;1;0;0.0;0.0;0.0;0.0;0.0;0.0;0.0;0.0;0.0;0.0;0.0;0.0;0.0;0.0;0.0;0.0;0.0;0.0;0.0;0.0;1.0;0.0;0.0;0.0;0.0;0.0;0.0;0.0;0.0;0.0;0.0;0.0;0.0;0.0;0.0;3.0;0.0;1.0;1.0;3.0;0.0;0;0;0;0;IVAIPORÃ;REGIÃO CENTRAL;95;13650.0;12121.0;12150.0;9362.0;7874.0;11010.0;10292.0;11250.0;16988.0;11508.0;7285.0;9362.0
7626.0;2024-01-31;16.0;20.0;26.0;31.0;815.0;38.0;8.0;16.0;24.0;634.0;38.0;0.0;38.0;997.0;72.0;242.0;4;5;4;5;4;4;5;0;0;0;0;1;0;0;0;0;0;0;0;0;0;0;1;0.0;0.0;0.0;0.0;0.0;0.0;0.0;0.0;0.0;0.0;0.0;0.0;0.0;0.0;0.0;0.0;0.0;0.0;0.0;0.0;1.0;0.0;0.0;0.0;0.0;0.0;0.0;0.0;0.0;0.0;0.0;0.0;0.0;0.0;0.0;3.0;0.0;1.0;1.0;3.0;0.0;31;0;0;0;IVAIPORÃ;REGIÃO CENTRAL;96;10974.0;13650.0;12121.0;12150.0;9362.0;7874.0;11010.0;10292.0;11250.0;16988.0;11508.0;7285.0
13920.0;2024-02-29;19.0;23.0;27.0;29.0;785.0;36.0;3.0;19.0;24.0;620.0;36.0;0.0;36.0;951.0;30.0;96.0;4;4;5;4;4;4;4;0;0;0;1;0;0;0;0;0;0;0;0;0;0;0;1;0.0;0.0;0.0;0.0;0.0;0.0;0.0;0.0;0.0;0.0;0.0;0.0;0.0;0.0;0.0;0.0;0.0;0.0;0.0;0.0;1.0;0.0;0.0;0.0;0.0;0.0;0.0;0.0;0.0;0.0;0.0;0.0;0.0;0.0;0.0;3.0;0.0;1.0;1.0;3.0;0.0;0;3;0;0;IVAIPORÃ;REGIÃO CENTRAL;97;7626.0;10974.0;13650.0;12121.0;12150.0;9362.0;7874.0;11010.0;10292.0;11250.0;16988.0;11508.0
18884.5;2024-03-31;18.0;21.0;27.0;30.0;834.0;37.0;2.0;18.0;25.0;655.0;37.0;0.0;37.0;1013.0;14.0;53.0;5;4;4;4;5;5;4;0;0;0;0;0;0;0;0;1;0;0;0;0;0;0;1;0.0;0.0;0.0;0.0;0.0;0.0;0.0;0.0;0.0;0.0;0.0;0.0;0.0;0.0;0.0;0.0;0.0;0.0;0.0;0.0;1.0;0.0;0.0;0.0;0.0;0.0;0.0;0.0;0.0;0.0;0.0;0.0;0.0;0.0;0.0;3.0;0.0;1.0;1.0;3.0;0.0;0;1;0;0;IVAIPORÃ;REGIÃO CENTRAL;98;13920.0;7626.0;10974.0;13650.0;12121.0;12150.0;9362.0;7874.0;11010.0;10292.0;11250.0;16988.0
14820.0;2024-04-30;14.0;20.0;25.0;28.0;747.0;34.0;4.0;14.0;22.0;589.0;34.0;0.0;34.0;905.0;47.0;131.0;4;4;4;5;4;4;5;1;0;0;0;0;0;0;0;0;0;0;0;0;0;0;1;0.0;0.0;0.0;0.0;0.0;0.0;0.0;0.0;0.0;0.0;0.0;0.0;0.0;0.0;0.0;0.0;0.0;0.0;0.0;0.0;1.0;0.0;0.0;0.0;0.0;0.0;0.0;0.0;0.0;0.0;0.0;0.0;0.0;0.0;0.0;3.0;0.0;1.0;1.0;3.0;0.0;0;0;0;0;IVAIPORÃ;REGIÃO CENTRAL;99;18884.5;13920.0;7626.0;10974.0;13650.0;12121.0;12150.0;9362.0;7874.0;11010.0;10292.0;11250.0
8618.0;2024-05-31;6.0;12.0;22.0;28.0;681.0;33.0;1.0;6.0;22.0;522.0;33.0;0.0;33.0;840.0;23.0;28.0;4;5;5;4;5;4;4;0;0;0;0;0;0;0;1;0;0;0;0;0;0;0;1;0.0;0.0;0.0;0.0;0.0;0.0;0.0;0.0;0.0;0.0;0.0;0.0;0.0;0.0;0.0;0.0;0.0;0.0;0.0;0.0;1.0;0.0;0.0;0.0;0.0;0.0;0.0;0.0;0.0;0.0;0.0;0.0;0.0;0.0;0.0;3.0;0.0;1.0;1.0;3.0;0.0;0;1;0;30;IVAIPORÃ;REGIÃO CENTRAL;100;14820.0;18884.5;13920.0;7626.0;10974.0;13650.0;12121.0;12150.0;9362.0;7874.0;11010.0;10292.0
7380.0;2024-06-30;9.0;15.0;22.0;24.0;651.0;31.0;0.0;9.0;19.0;461.0;31.0;0.0;31.0;841.0;0.0;1.0;5;4;4;4;4;5;4;0;0;0;0;0;0;1;0;0;0;0;0;0;0;0;1;0.0;0.0;0.0;0.0;0.0;0.0;0.0;0.0;0.0;0.0;0.0;0.0;0.0;0.0;0.0;0.0;0.0;0.0;0.0;0.0;1.0;0.0;0.0;0.0;0.0;0.0;0.0;0.0;0.0;0.0;0.0;0.0;0.0;0.0;0.0;3.0;0.0;1.0;1.0;3.0;0.0;0;0;0;30;IVAIPORÃ;REGIÃO CENTRAL;101;8618.0;14820.0;18884.5;13920.0;7626.0;10974.0;13650.0;12121.0;12150.0;9362.0;7874.0;11010.0
10354.0;2024-07-31;7.0;11.0;18.0;23.0;544.0;29.0;2.0;7.0;17.0;403.0;29.0;0.0;29.0;685.0;12.0;47.0;4;5;4;5;4;4;5;0;0;0;0;0;1;0;0;0;0;0;0;0;0;0;1;0.0;0.0;0.0;0.0;0.0;0.0;0.0;0.0;0.0;0.0;0.0;0.0;0.0;0.0;0.0;0.0;0.0;0.0;0.0;0.0;1.0;0.0;0.0;0.0;0.0;0.0;0.0;0.0;0.0;0.0;0.0;0.0;0.0;0.0;0.0;3.0;0.0;1.0;1.0;3.0;0.0;12;0;0;0;IVAIPORÃ;REGIÃO CENTRAL;102;7380.0;8618.0;14820.0;18884.5;13920.0;7626.0;10974.0;13650.0;12121.0;12150.0;9362.0;7874.0
10819.0;2024-08-31;2.0;11.0;19.0;27.0;602.0;34.0;1.0;2.0;22.0;402.0;34.0;0.0;34.0;802.0;16.0;32.0;4;4;5;4;5;5;4;0;1;0;0;0;0;0;0;0;0;0;0;0;0;0;1;0.0;0.0;0.0;0.0;0.0;0.0;0.0;0.0;0.0;0.0;0.0;0.0;0.0;0.0;0.0;0.0;0.0;0.0;0.0;0.0;1.0;0.0;0.0;0.0;0.0;0.0;0.0;0.0;0.0;0.0;0.0;0.0;0.0;0.0;0.0;3.0;0.0;1.0;1.0;3.0;0.0;0;0;0;0;IVAIPORÃ;REGIÃO CENTRAL;103;10354.0;7380.0;8618.0;14820.0;18884.5;13920.0;7626.0;10974.0;13650.0;12121.0;12150.0;9362.0
15270.0;2024-09-30;13.0;17.0;24.0;28.0;707.0;37.0;2.0;13.0;22.0;507.0;37.0;0.0;37.0;907.0;32.0;73.0;5;4;4;5;4;4;4;0;0;0;0;0;0;0;0;0;0;0;1;0;0;0;1;0.0;0.0;0.0;0.0;0.0;0.0;0.0;0.0;0.0;0.0;0.0;0.0;0.0;0.0;0.0;0.0;0.0;0.0;0.0;0.0;1.0;0.0;0.0;0.0;0.0;0.0;0.0;0.0;0.0;0.0;0.0;0.0;0.0;0.0;0.0;3.0;0.0;1.0;1.0;3.0;0.0;0;0;0;0;IVAIPORÃ;REGIÃO CENTRAL;104;10819.0;10354.0;7380.0;8618.0;14820.0;18884.5;13920.0;7626.0;10974.0;13650.0;12121.0;12150.0
15841.0;2024-10-31;15.0;19.0;24.0;30.0;749.0;36.0;3.0;15.0;25.0;598.0;36.0;0.0;36.0;900.0;24.0;86.0;4;5;5;4;4;4;5;0;0;0;0;0;0;0;0;0;0;1;0;0;0;0;1;0.0;0.0;0.0;0.0;0.0;0.0;0.0;0.0;0.0;0.0;0.0;0.0;0.0;0.0;0.0;0.0;0.0;0.0;0.0;0.0;1.0;0.0;0.0;0.0;0.0;0.0;0.0;0.0;0.0;0.0;0.0;0.0;0.0;0.0;0.0;3.0;0.0;1.0;1.0;3.0;0.0;0;0;0;0;IVAIPORÃ;REGIÃO CENTRAL;105;15270.0;10819.0;10354.0;7380.0;8618.0;14820.0;18884.5;13920.0;7626.0;10974.0;13650.0;12121.0
15075.0;2018-08-31;5.0;13.0;19.0;25.0;587.0;33.0;15.0;5.0;17.0;398.0;33.0;0.0;33.0;776.0;132.0;452.0;4;5;5;4;5;4;4;0;1;0;0;0;0;0;0;0;0;0;0;0;0;0;0;0.0;0.0;0.0;1.0;0.0;0.0;0.0;0.0;0.0;0.0;0.0;0.0;0.0;0.0;0.0;0.0;0.0;0.0;0.0;0.0;0.0;1.0;0.0;0.0;0.0;0.0;0.0;0.0;0.0;0.0;0.0;0.0;0.0;0.0;0.0;5.0;2.0;0.0;0.0;2.0;0.0;0;0;0;0;JACAREZINHO;REGIÃO NORTE;1;13983.0;14028.0;15875.0;17135.0;17547.0;13187.0;10853.0;13168.0;16531.0;16125.0;15505.0;14257.0
15434.0;2018-09-30;9.0;16.0;22.0;28.0;662.0;36.0;4.0;9.0;22.0;484.0;36.0;0.0;36.0;840.0;34.0;128.0;5;4;4;4;4;5;4;0;0;0;0;0;0;0;0;0;0;0;1;0;0;0;0;0.0;0.0;0.0;1.0;0.0;0.0;0.0;0.0;0.0;0.0;0.0;0.0;0.0;0.0;0.0;0.0;0.0;0.0;0.0;0.0;0.0;1.0;0.0;0.0;0.0;0.0;0.0;0.0;0.0;0.0;0.0;0.0;0.0;0.0;0.0;5.0;2.0;0.0;0.0;2.0;0.0;0;0;0;0;JACAREZINHO;REGIÃO NORTE;2;15075.0;13983.0;14028.0;15875.0;17135.0;17547.0;13187.0;10853.0;13168.0;16531.0;16125.0;15505.0
16113.0;2018-10-31;15.0;20.0;24.0;26.0;732.0;33.0;8.0;15.0;21.0;572.0;33.0;0.0;33.0;893.0;47.0;246.0;4;5;4;5;4;4;5;0;0;0;0;0;0;0;0;0;0;1;0;0;0;0;0;0.0;0.0;0.0;1.0;0.0;0.0;0.0;0.0;0.0;0.0;0.0;0.0;0.0;0.0;0.0;0.0;0.0;0.0;0.0;0.0;0.0;1.0;0.0;0.0;0.0;0.0;0.0;0.0;0.0;0.0;0.0;0.0;0.0;0.0;0.0;5.0;2.0;0.0;0.0;2.0;0.0;0;0;0;0;JACAREZINHO;REGIÃO NORTE;3;15434.0;15075.0;13983.0;14028.0;15875.0;17135.0;17547.0;13187.0;10853.0;13168.0;16531.0;16125.0
15364.0;2018-11-30;14.0;21.0;24.0;30.0;733.0;35.0;2.0;14.0;25.0;555.0;35.0;0.0;35.0;911.0;38.0;73.0;4;4;5;4;5;4;4;0;0;0;0;0;0;0;0;0;1;0;0;0;0;0;0;0.0;0.0;0.0;1.0;0.0;0.0;0.0;0.0;0.0;0.0;0.0;0.0;0.0;0.0;0.0;0.0;0.0;0.0;0.0;0.0;0.0;1.0;0.0;0.0;0.0;0.0;0.0;0.0;0.0;0.0;0.0;0.0;0.0;0.0;0.0;5.0;2.0;0.0;0.0;2.0;0.0;0;0;0;0;JACAREZINHO;REGIÃO NORTE;4;16113.0;15434.0;15075.0;13983.0;14028.0;15875.0;17135.0;17547.0;13187.0;10853.0;13168.0;16531.0
13256.0;2018-12-31;16.0;21.0;26.0;29.0;808.0;35.0;3.0;16.0;25.0;643.0;35.0;0.0;35.0;973.0;16.0;81.0;5;4;4;5;4;5;4;0;0;1;0;0;0;0;0;0;0;0;0;0;0;0;0;0.0;0.0;0.0;1.0;0.0;0.0;0.0;0.0;0.0;0.0;0.0;0.0;0.0;0.0;0.0;0.0;0.0;0.0;0.0;0.0;0.0;1.0;0.0;0.0;0.0;0.0;0.0;0.0;0.0;0.0;0.0;0.0;0.0;0.0;0.0;5.0;2.0;0.0;0.0;2.0;0.0;0;0;0;0;JACAREZINHO;REGIÃO NORTE;5;15364.0;16113.0;15434.0;15075.0;13983.0;14028.0;15875.0;17135.0;17547.0;13187.0;10853.0;13168.0
12208.0;2019-01-31;19.0;25.0;27.0;30.0;842.0;36.0;4.0;19.0;27.0;690.0;36.0;0.0;36.0;994.0;26.0;135.0;4;5;5;4;4;4;5;0;0;0;0;1;0;0;0;0;0;0;0;0;0;0;0;0.0;0.0;0.0;0.0;1.0;0.0;0.0;0.0;0.0;0.0;0.0;0.0;0.0;0.0;0.0;0.0;0.0;0.0;0.0;0.0;0.0;1.0;0.0;0.0;0.0;0.0;0.0;0.0;0.0;0.0;0.0;0.0;0.0;0.0;0.0;5.0;2.0;0.0;0.0;2.0;0.0;31;0;0;0;JACAREZINHO;REGIÃO NORTE;6;13256.0;15364.0;16113.0;15434.0;15075.0;13983.0;14028.0;15875.0;17135.0;17547.0;13187.0;10853.0
13674.0;2019-02-28;17.0;22.0;26.0;31.0;728.0;37.0;5.0;17.0;25.0;582.0;37.0;0.0;37.0;874.0;26.0;145.0;4;4;4;4;4;4;4;0;0;0;1;0;0;0;0;0;0;0;0;0;0;0;0;0.0;0.0;0.0;0.0;1.0;0.0;0.0;0.0;0.0;0.0;0.0;0.0;0.0;0.0;0.0;0.0;0.0;0.0;0.0;0.0;0.0;1.0;0.0;0.0;0.0;0.0;0.0;0.0;0.0;0.0;0.0;0.0;0.0;0.0;0.0;5.0;2.0;0.0;0.0;3.0;0.0;0;0;0;0;JACAREZINHO;REGIÃO NORTE;7;12208.0;13256.0;15364.0;16113.0;15434.0;15075.0;13983.0;14028.0;15875.0;17135.0;17547.0;13187.0
18131.0;2019-03-31;16.0;22.0;25.0;27.0;782.0;33.0;3.0;16.0;23.0;622.0;33.0;0.0;33.0;941.0;22.0;95.0;5;4;4;4;5;5;4;0;0;0;0;0;0;0;0;1;0;0;0;0;0;0;0;0.0;0.0;0.0;0.0;1.0;0.0;0.0;0.0;0.0;0.0;0.0;0.0;0.0;0.0;0.0;0.0;0.0;0.0;0.0;0.0;0.0;1.0;0.0;0.0;0.0;0.0;0.0;0.0;0.0;0.0;0.0;0.0;0.0;0.0;0.0;5.0;2.0;0.0;0.0;3.0;0.0;0;3;0;0;JACAREZINHO;REGIÃO NORTE;8;13674.0;12208.0;13256.0;15364.0;16113.0;15434.0;15075.0;13983.0;14028.0;15875.0;17135.0;17547.0
17564.0;2019-04-30;15.0;21.0;24.0;26.0;720.0;32.0;3.0;15.0;22.0;569.0;32.0;0.0;32.0;871.0;40.0;96.0;4;4;4;5;4;4;5;1;0;0;0;0;0;0;0;0;0;0;0;0;0;0;0;0.0;0.0;0.0;0.0;1.0;0.0;0.0;0.0;0.0;0.0;0.0;0.0;0.0;0.0;0.0;0.0;0.0;0.0;0.0;0.0;0.0;1.0;0.0;0.0;0.0;0.0;0.0;0.0;0.0;0.0;0.0;0.0;0.0;0.0;0.0;5.0;2.0;0.0;0.0;3.0;0.0;0;1;0;0;JACAREZINHO;REGIÃO NORTE;9;18131.0;13674.0;12208.0;13256.0;15364.0;16113.0;15434.0;15075.0;13983.0;14028.0;15875.0;17135.0
17168.0;2019-05-31;10.0;16.0;21.0;27.0;664.0;32.0;2.0;10.0;22.0;524.0;32.0;0.0;32.0;805.0;25.0;56.0;4;5;5;4;5;4;4;0;0;0;0;0;0;0;1;0;0;0;0;0;0;0;0;0.0;0.0;0.0;0.0;1.0;0.0;0.0;0.0;0.0;0.0;0.0;0.0;0.0;0.0;0.0;0.0;0.0;0.0;0.0;0.0;0.0;1.0;0.0;0.0;0.0;0.0;0.0;0.0;0.0;0.0;0.0;0.0;0.0;0.0;0.0;5.0;2.0;0.0;0.0;3.0;0.0;0;0;0;0;JACAREZINHO;REGIÃO NORTE;10;17564.0;18131.0;13674.0;12208.0;13256.0;15364.0;16113.0;15434.0;15075.0;13983.0;14028.0;15875.0
14214.0;2019-06-30;8.0;14.0;20.0;24.0;611.0;31.0;2.0;8.0;19.0;436.0;31.0;0.0;31.0;787.0;50.0;54.0;5;4;4;4;4;5;4;0;0;0;0;0;0;1;0;0;0;0;0;0;0;0;0;0.0;0.0;0.0;0.0;1.0;0.0;0.0;0.0;0.0;0.0;0.0;0.0;0.0;0.0;0.0;0.0;0.0;0.0;0.0;0.0;0.0;1.0;0.0;0.0;0.0;0.0;0.0;0.0;0.0;0.0;0.0;0.0;0.0;0.0;0.0;5.0;2.0;0.0;0.0;3.0;0.0;0;1;0;0;JACAREZINHO;REGIÃO NORTE;11;17168.0;17564.0;18131.0;13674.0;12208.0;13256.0;15364.0;16113.0;15434.0;15075.0;13983.0;14028.0
13649.0;2019-07-31;1.0;10.0;19.0;24.0;586.0;31.0;2.0;1.0;19.0;391.0;31.0;0.0;31.0;780.0;38.0;67.0;4;5;4;5;4;4;5;0;0;0;0;0;1;0;0;0;0;0;0;0;0;0;0;0.0;0.0;0.0;0.0;1.0;0.0;0.0;0.0;0.0;0.0;0.0;0.0;0.0;0.0;0.0;0.0;0.0;0.0;0.0;0.0;0.0;1.0;0.0;0.0;0.0;0.0;0.0;0.0;0.0;0.0;0.0;0.0;0.0;0.0;0.0;5.0;2.0;0.0;0.0;3.0;0.0;16;0;0;0;JACAREZINHO;REGIÃO NORTE;12;14214.0;17168.0;17564.0;18131.0;13674.0;12208.0;13256.0;15364.0;16113.0;15434.0;15075.0;13983.0
15395.0;2019-08-31;7.0;13.0;20.0;25.0;628.0;33.0;0.0;7.0;19.0;418.0;33.0;0.0;33.0;837.0;3.0;8.0;4;4;5;4;5;5;4;0;1;0;0;0;0;0;0;0;0;0;0;0;0;0;0;0.0;0.0;0.0;0.0;1.0;0.0;0.0;0.0;0.0;0.0;0.0;0.0;0.0;0.0;0.0;0.0;0.0;0.0;0.0;0.0;0.0;1.0;0.0;0.0;0.0;0.0;0.0;0.0;0.0;0.0;0.0;0.0;0.0;0.0;0.0;5.0;2.0;0.0;0.0;3.0;0.0;0;0;0;0;JACAREZINHO;REGIÃO NORTE;13;13649.0;14214.0;17168.0;17564.0;18131.0;13674.0;12208.0;13256.0;15364.0;16113.0;15434.0;15075.0
15624.0;2019-09-30;13.0;18.0;24.0;30.0;712.0;37.0;3.0;13.0;23.0;533.0;37.0;0.0;37.0;891.0;26.0;81.0;5;4;4;5;4;4;4;0;0;0;0;0;0;0;0;0;0;0;1;0;0;0;0;0.0;0.0;0.0;0.0;1.0;0.0;0.0;0.0;0.0;0.0;0.0;0.0;0.0;0.0;0.0;0.0;0.0;0.0;0.0;0.0;0.0;1.0;0.0;0.0;0.0;0.0;0.0;0.0;0.0;0.0;0.0;0.0;0.0;0.0;0.0;5.0;2.0;0.0;0.0;3.0;0.0;0;0;0;0;JACAREZINHO;REGIÃO NORTE;14;15395.0;13649.0;14214.0;17168.0;17564.0;18131.0;13674.0;12208.0;13256.0;15364.0;16113.0;15434.0
17107.0;2019-10-31;16.0;20.0;26.0;31.0;807.0;39.0;3.0;16.0;24.0;604.0;39.0;0.0;39.0;1010.0;48.0;93.0;4;5;5;4;4;4;5;0;0;0;0;0;0;0;0;0;0;1;0;0;0;0;0;0.0;0.0;0.0;0.0;1.0;0.0;0.0;0.0;0.0;0.0;0.0;0.0;0.0;0.0;0.0;0.0;0.0;0.0;0.0;0.0;0.0;1.0;0.0;0.0;0.0;0.0;0.0;0.0;0.0;0.0;0.0;0.0;0.0;0.0;0.0;5.0;2.0;0.0;0.0;3.0;0.0;0;0;0;0;JACAREZINHO;REGIÃO NORTE;15;15624.0;15395.0;13649.0;14214.0;17168.0;17564.0;18131.0;13674.0;12208.0;13256.0;15364.0;16113.0
16226.0;2019-11-30;15.0;22.0;26.0;30.0;768.0;38.0;4.0;15.0;24.0;580.0;38.0;0.0;38.0;955.0;43.0;132.0;4;4;4;4;5;5;4;0;0;0;0;0;0;0;0;0;1;0;0;0;0;0;0;0.0;0.0;0.0;0.0;1.0;0.0;0.0;0.0;0.0;0.0;0.0;0.0;0.0;0.0;0.0;0.0;0.0;0.0;0.0;0.0;0.0;1.0;0.0;0.0;0.0;0.0;0.0;0.0;0.0;0.0;0.0;0.0;0.0;0.0;0.0;5.0;2.0;0.0;0.0;3.0;0.0;0;0;0;0;JACAREZINHO;REGIÃO NORTE;16;17107.0;15624.0;15395.0;13649.0;14214.0;17168.0;17564.0;18131.0;13674.0;12208.0;13256.0;15364.0
11575.0;2019-12-31;16.0;21.0;24.0;28.0;757.0;34.0;4.0;16.0;22.0;609.0;34.0;0.0;34.0;906.0;32.0;121.0;5;4;4;5;4;4;5;0;0;1;0;0;0;0;0;0;0;0;0;0;0;0;0;0.0;0.0;0.0;0.0;1.0;0.0;0.0;0.0;0.0;0.0;0.0;0.0;0.0;0.0;0.0;0.0;0.0;0.0;0.0;0.0;0.0;1.0;0.0;0.0;0.0;0.0;0.0;0.0;0.0;0.0;0.0;0.0;0.0;0.0;0.0;5.0;2.0;0.0;0.0;3.0;0.0;0;0;0;0;JACAREZINHO;REGIÃO NORTE;17;16226.0;17107.0;15624.0;15395.0;13649.0;14214.0;17168.0;17564.0;18131.0;13674.0;12208.0;13256.0
9605.0;2020-01-31;17.0;21.0;25.0;29.0;790.0;34.0;6.0;17.0;24.0;651.0;34.0;0.0;34.0;930.0;75.0;197.0;4;5;5;4;5;4;4;0;0;0;0;1;0;0;0;0;0;0;0;0;0;0;0;0.0;0.0;0.0;0.0;0.0;1.0;0.0;0.0;0.0;0.0;0.0;0.0;0.0;0.0;0.0;0.0;0.0;0.0;0.0;0.0;0.0;1.0;0.0;0.0;0.0;0.0;0.0;0.0;0.0;0.0;0.0;0.0;0.0;0.0;0.0;5.0;2.0;0.0;0.0;3.0;0.0;31;0;0;0;JACAREZINHO;REGIÃO NORTE;18;11575.0;16226.0;17107.0;15624.0;15395.0;13649.0;14214.0;17168.0;17564.0;18131.0;13674.0;12208.0
12596.0;2020-02-29;17.0;23.0;25.0;29.0;737.0;35.0;5.0;17.0;23.0;593.0;35.0;0.0;35.0;880.0;44.0;138.0;4;4;4;4;4;5;4;0;0;0;1;0;0;0;0;0;0;0;0;0;0;0;0;0.0;0.0;0.0;0.0;0.0;1.0;0.0;0.0;0.0;0.0;0.0;0.0;0.0;0.0;0.0;0.0;0.0;0.0;0.0;0.0;0.0;1.0;0.0;0.0;0.0;0.0;0.0;0.0;0.0;0.0;0.0;0.0;0.0;0.0;0.0;5.0;2.0;0.0;0.0;3.0;0.0;0;3;0;0;JACAREZINHO;REGIÃO NORTE;19;9605.0;11575.0;16226.0;17107.0;15624.0;15395.0;13649.0;14214.0;17168.0;17564.0;18131.0;13674.0
12304.0;2020-03-31;16.0;23.0;25.0;28.0;772.0;35.0;1.0;16.0;23.0;584.0;35.0;0.0;35.0;960.0;13.0;24.0;5;4;4;5;4;4;5;0;0;0;0;0;0;0;0;1;0;0;0;0;0;0;0;0.0;0.0;0.0;0.0;0.0;1.0;0.0;0.0;0.0;0.0;0.0;0.0;0.0;0.0;0.0;0.0;0.0;0.0;0.0;0.0;0.0;1.0;0.0;0.0;0.0;0.0;0.0;0.0;0.0;0.0;0.0;0.0;0.0;0.0;0.0;5.0;2.0;0.0;0.0;3.0;0.0;0;0;15;0;JACAREZINHO;REGIÃO NORTE;20;12596.0;9605.0;11575.0;16226.0;17107.0;15624.0;15395.0;13649.0;14214.0;17168.0;17564.0;18131.0
6584.0;2020-04-30;11.0;18.0;23.0;27.0;686.0;33.0;2.0;11.0;22.0;505.0;33.0;0.0;33.0;866.0;34.0;46.0;4;5;5;4;4;4;4;1;0;0;0;0;0;0;0;0;0;0;0;0;0;0;0;0.0;0.0;0.0;0.0;0.0;1.0;0.0;0.0;0.0;0.0;0.0;0.0;0.0;0.0;0.0;0.0;0.0;0.0;0.0;0.0;0.0;1.0;0.0;0.0;0.0;0.0;0.0;0.0;0.0;0.0;0.0;0.0;0.0;0.0;0.0;5.0;2.0;0.0;0.0;3.0;0.0;0;1;30;0;JACAREZINHO;REGIÃO NORTE;21;12304.0;12596.0;9605.0;11575.0;16226.0;17107.0;15624.0;15395.0;13649.0;14214.0;17168.0;17564.0
6397.0;2020-05-31;8.0;14.0;20.0;26.0;622.0;32.0;2.0;8.0;20.0;439.0;32.0;0.0;32.0;805.0;60.0;62.0;5;4;4;4;5;5;4;0;0;0;0;0;0;0;1;0;0;0;0;0;0;0;0;0.0;0.0;0.0;0.0;0.0;1.0;0.0;0.0;0.0;0.0;0.0;0.0;0.0;0.0;0.0;0.0;0.0;0.0;0.0;0.0;0.0;1.0;0.0;0.0;0.0;0.0;0.0;0.0;0.0;0.0;0.0;0.0;0.0;0.0;0.0;5.0;2.0;0.0;0.0;3.0;0.0;0;0;31;0;JACAREZINHO;REGIÃO NORTE;22;6584.0;12304.0;12596.0;9605.0;11575.0;16226.0;17107.0;15624.0;15395.0;13649.0;14214.0;17168.0
6142.0;2020-06-30;11.0;16.0;20.0;24.0;614.0;30.0;4.0;11.0;19.0;460.0;30.0;0.0;30.0;768.0;98.0;122.0;4;4;4;5;4;4;5;0;0;0;0;0;0;1;0;0;0;0;0;0;0;0;0;0.0;0.0;0.0;0.0;0.0;1.0;0.0;0.0;0.0;0.0;0.0;0.0;0.0;0.0;0.0;0.0;0.0;0.0;0.0;0.0;0.0;1.0;0.0;0.0;0.0;0.0;0.0;0.0;0.0;0.0;0.0;0.0;0.0;0.0;0.0;5.0;2.0;0.0;0.0;3.0;0.0;0;1;30;0;JACAREZINHO;REGIÃO NORTE;23;6397.0;6584.0;12304.0;12596.0;9605.0;11575.0;16226.0;17107.0;15624.0;15395.0;13649.0;14214.0
6314.0;2020-07-31;6.0;13.0;20.0;24.0;606.0;30.0;0.0;6.0;18.0;420.0;30.0;0.0;30.0;792.0;7.0;10.0;4;5;5;4;5;4;4;0;0;0;0;0;1;0;0;0;0;0;0;0;0;0;0;0.0;0.0;0.0;0.0;0.0;1.0;0.0;0.0;0.0;0.0;0.0;0.0;0.0;0.0;0.0;0.0;0.0;0.0;0.0;0.0;0.0;1.0;0.0;0.0;0.0;0.0;0.0;0.0;0.0;0.0;0.0;0.0;0.0;0.0;0.0;5.0;2.0;0.0;0.0;3.0;0.0;0;0;31;0;JACAREZINHO;REGIÃO NORTE;24;6142.0;6397.0;6584.0;12304.0;12596.0;9605.0;11575.0;16226.0;17107.0;15624.0;15395.0;13649.0
6249.0;2020-08-31;5.0;12.0;20.0;26.0;613.0;35.0;6.0;5.0;18.0;421.0;35.0;0.0;35.0;805.0;60.0;190.0;5;4;4;5;4;5;4;0;1;0;0;0;0;0;0;0;0;0;0;0;0;0;0;0.0;0.0;0.0;0.0;0.0;1.0;0.0;0.0;0.0;0.0;0.0;0.0;0.0;0.0;0.0;0.0;0.0;0.0;0.0;0.0;0.0;1.0;0.0;0.0;0.0;0.0;0.0;0.0;0.0;0.0;0.0;0.0;0.0;0.0;0.0;5.0;2.0;0.0;0.0;3.0;0.0;0;0;31;0;JACAREZINHO;REGIÃO NORTE;25;6314.0;6142.0;6397.0;6584.0;12304.0;12596.0;9605.0;11575.0;16226.0;17107.0;15624.0;15395.0
6042.0;2020-09-30;13.0;18.0;25.0;29.0;760.0;38.0;1.0;13.0;21.0;548.0;38.0;0.0;38.0;972.0;25.0;43.0;4;5;4;4;4;4;5;0;0;0;0;0;0;0;0;0;0;0;1;0;0;0;0;0.0;0.0;0.0;0.0;0.0;1.0;0.0;0.0;0.0;0.0;0.0;0.0;0.0;0.0;0.0;0.0;0.0;0.0;0.0;0.0;0.0;1.0;0.0;0.0;0.0;0.0;0.0;0.0;0.0;0.0;0.0;0.0;0.0;0.0;0.0;5.0;2.0;0.0;0.0;3.0;0.0;0;0;30;0;JACAREZINHO;REGIÃO NORTE;26;6249.0;6314.0;6142.0;6397.0;6584.0;12304.0;12596.0;9605.0;11575.0;16226.0;17107.0;15624.0
6277.0;2020-10-31;14.0;20.0;25.0;32.0;788.0;40.0;2.0;14.0;24.0;580.0;40.0;0.0;40.0;996.0;28.0;64.0;4;4;5;4;5;5;4;0;0;0;0;0;0;0;0;0;0;1;0;0;0;0;0;0.0;0.0;0.0;0.0;0.0;1.0;0.0;0.0;0.0;0.0;0.0;0.0;0.0;0.0;0.0;0.0;0.0;0.0;0.0;0.0;0.0;1.0;0.0;0.0;0.0;0.0;0.0;0.0;0.0;0.0;0.0;0.0;0.0;0.0;0.0;5.0;2.0;0.0;0.0;3.0;0.0;0;0;31;0;JACAREZINHO;REGIÃO NORTE;27;6042.0;6249.0;6314.0;6142.0;6397.0;6584.0;12304.0;12596.0;9605.0;11575.0;16226.0;17107.0
6113.0;2020-11-30;12.0;21.0;25.0;30.0;760.0;37.0;2.0;12.0;24.0;544.0;37.0;0.0;37.0;975.0;28.0;71.0;5;4;4;5;4;4;4;0;0;0;0;0;0;0;0;0;1;0;0;0;0;0;0;0.0;0.0;0.0;0.0;0.0;1.0;0.0;0.0;0.0;0.0;0.0;0.0;0.0;0.0;0.0;0.0;0.0;0.0;0.0;0.0;0.0;1.0;0.0;0.0;0.0;0.0;0.0;0.0;0.0;0.0;0.0;0.0;0.0;0.0;0.0;5.0;2.0;0.0;0.0;3.0;0.0;0;0;30;0;JACAREZINHO;REGIÃO NORTE;28;6277.0;6042.0;6249.0;6314.0;6142.0;6397.0;6584.0;12304.0;12596.0;9605.0;11575.0;16226.0
5735.0;2020-12-31;19.0;22.0;26.0;28.0;797.0;33.0;7.0;19.0;24.0;653.0;33.0;0.0;33.0;942.0;44.0;229.0;4;5;5;4;4;4;5;0;0;1;0;0;0;0;0;0;0;0;0;0;0;0;0;0.0;0.0;0.0;0.0;0.0;1.0;0.0;0.0;0.0;0.0;0.0;0.0;0.0;0.0;0.0;0.0;0.0;0.0;0.0;0.0;0.0;1.0;0.0;0.0;0.0;0.0;0.0;0.0;0.0;0.0;0.0;0.0;0.0;0.0;0.0;5.0;2.0;0.0;0.0;3.0;0.0;0;0;31;0;JACAREZINHO;REGIÃO NORTE;29;6113.0;6277.0;6042.0;6249.0;6314.0;6142.0;6397.0;6584.0;12304.0;12596.0;9605.0;11575.0
5890.0;2021-01-31;19.0;23.0;25.0;29.0;789.0;33.0;11.0;19.0;24.0;665.0;33.0;0.0;33.0;913.0;73.0;328.0;5;4;4;4;5;5;4;0;0;0;0;1;0;0;0;0;0;0;0;1;0;0;0;0.0;0.0;0.0;0.0;0.0;0.0;0.0;0.0;0.0;0.0;0.0;0.0;0.0;0.0;0.0;0.0;0.0;0.0;0.0;0.0;0.0;1.0;0.0;0.0;0.0;0.0;0.0;0.0;0.0;0.0;0.0;0.0;0.0;0.0;0.0;5.0;2.0;0.0;0.0;3.0;0.0;0;0;31;0;JACAREZINHO;REGIÃO NORTE;30;5735.0;6113.0;6277.0;6042.0;6249.0;6314.0;6142.0;6397.0;6584.0;12304.0;12596.0;9605.0
5292.0;2021-02-28;18.0;22.0;25.0;28.0;711.0;35.0;1.0;18.0;23.0;553.0;35.0;0.0;35.0;868.0;9.0;29.0;4;4;4;4;4;4;4;0;0;0;1;0;0;0;0;0;0;0;0;1;0;0;0;0.0;0.0;0.0;0.0;0.0;0.0;0.0;0.0;0.0;0.0;0.0;0.0;0.0;0.0;0.0;0.0;0.0;0.0;0.0;0.0;0.0;1.0;0.0;0.0;0.0;0.0;0.0;0.0;0.0;0.0;0.0;0.0;0.0;0.0;0.0;5.0;2.0;0.0;0.0;3.0;1.0;0;3;28;0;JACAREZINHO;REGIÃO NORTE;31;5890.0;5735.0;6113.0;6277.0;6042.0;6249.0;6314.0;6142.0;6397.0;6584.0;12304.0;12596.0
5673.0;2021-03-31;16.0;22.0;26.0;28.0;799.0;34.0;5.0;16.0;22.0;632.0;34.0;0.0;34.0;965.0;23.0;143.0;4;5;4;5;4;4;5;0;0;0;0;0;0;0;0;1;0;0;0;1;0;0;0;0.0;0.0;0.0;0.0;0.0;0.0;0.0;0.0;0.0;0.0;0.0;0.0;0.0;0.0;0.0;0.0;0.0;0.0;0.0;0.0;0.0;1.0;0.0;0.0;0.0;0.0;0.0;0.0;0.0;0.0;0.0;0.0;0.0;0.0;0.0;5.0;2.0;0.0;0.0;3.0;1.0;0;0;31;0;JACAREZINHO;REGIÃO NORTE;32;5292.0;5890.0;5735.0;6113.0;6277.0;6042.0;6249.0;6314.0;6142.0;6397.0;6584.0;12304.0
5610.0;2021-04-30;14.0;20.0;23.0;27.0;680.0;33.0;0.0;14.0;21.0;503.0;33.0;0.0;33.0;856.0;0.0;2.0;4;4;5;4;5;4;4;1;0;0;0;0;0;0;0;0;0;0;0;1;0;0;0;0.0;0.0;0.0;0.0;0.0;0.0;0.0;0.0;0.0;0.0;0.0;0.0;0.0;0.0;0.0;0.0;0.0;0.0;0.0;0.0;0.0;1.0;0.0;0.0;0.0;0.0;0.0;0.0;0.0;0.0;0.0;0.0;0.0;0.0;0.0;5.0;2.0;0.0;0.0;3.0;1.0;0;1;30;0;JACAREZINHO;REGIÃO NORTE;33;5673.0;5292.0;5890.0;5735.0;6113.0;6277.0;6042.0;6249.0;6314.0;6142.0;6397.0;6584.0
5518.0;2021-05-31;8.0;16.0;20.0;25.0;632.0;30.0;8.0;8.0;21.0;451.0;30.0;0.0;30.0;812.0;184.0;238.0;5;4;4;5;4;5;4;0;0;0;0;0;0;0;1;0;0;0;0;1;0;0;0;0.0;0.0;0.0;0.0;0.0;0.0;0.0;0.0;0.0;0.0;0.0;0.0;0.0;0.0;0.0;0.0;0.0;0.0;0.0;0.0;0.0;1.0;0.0;0.0;0.0;0.0;0.0;0.0;0.0;0.0;0.0;0.0;0.0;0.0;0.0;5.0;2.0;0.0;0.0;3.0;1.0;0;0;31;0;JACAREZINHO;REGIÃO NORTE;34;5610.0;5673.0;5292.0;5890.0;5735.0;6113.0;6277.0;6042.0;6249.0;6314.0;6142.0;6397.0
5310.0;2021-06-30;2.0;8.0;18.0;23.0;548.0;29.0;4.0;2.0;17.0;398.0;29.0;0.0;29.0;698.0;26.0;113.0;4;5;4;4;4;4;5;0;0;0;0;0;0;1;0;0;0;0;0;1;0;0;0;0.0;0.0;0.0;0.0;0.0;0.0;0.0;0.0;0.0;0.0;0.0;0.0;0.0;0.0;0.0;0.0;0.0;0.0;0.0;0.0;0.0;1.0;0.0;0.0;0.0;0.0;0.0;0.0;0.0;0.0;0.0;0.0;0.0;0.0;0.0;5.0;2.0;0.0;0.0;3.0;1.0;0;1;30;0;JACAREZINHO;REGIÃO NORTE;35;5518.0;5610.0;5673.0;5292.0;5890.0;5735.0;6113.0;6277.0;6042.0;6249.0;6314.0;6142.0
5363.0;2021-07-31;2.0;8.0;17.0;22.0;533.0;30.0;2.0;2.0;16.0;317.0;30.0;0.0;30.0;749.0;32.0;50.0;4;4;5;4;5;5;4;0;0;0;0;0;1;0;0;0;0;0;0;1;0;0;0;0.0;0.0;0.0;0.0;0.0;0.0;0.0;0.0;0.0;0.0;0.0;0.0;0.0;0.0;0.0;0.0;0.0;0.0;0.0;0.0;0.0;1.0;0.0;0.0;0.0;0.0;0.0;0.0;0.0;0.0;0.0;0.0;0.0;0.0;0.0;5.0;2.0;0.0;0.0;3.0;1.0;0;0;31;0;JACAREZINHO;REGIÃO NORTE;36;5310.0;5518.0;5610.0;5673.0;5292.0;5890.0;5735.0;6113.0;6277.0;6042.0;6249.0;6314.0
5642.0;2021-08-31;9.0;16.0;22.0;28.0;678.0;36.0;3.0;9.0;20.0;474.0;36.0;0.0;36.0;882.0;76.0;101.0;5;4;4;5;4;4;5;0;1;0;0;0;0;0;0;0;0;0;0;1;0;0;0;0.0;0.0;0.0;0.0;0.0;0.0;0.0;0.0;0.0;0.0;0.0;0.0;0.0;0.0;0.0;0.0;0.0;0.0;0.0;0.0;0.0;1.0;0.0;0.0;0.0;0.0;0.0;0.0;0.0;0.0;0.0;0.0;0.0;0.0;0.0;5.0;2.0;0.0;0.0;3.0;1.0;0;0;31;0;JACAREZINHO;REGIÃO NORTE;37;5363.0;5310.0;5518.0;5610.0;5673.0;5292.0;5890.0;5735.0;6113.0;6277.0;6042.0;6249.0
5670.0;2021-09-30;12.0;20.0;25.0;31.0;760.0;39.0;4.0;12.0;25.0;553.0;39.0;0.0;39.0;966.0;67.0;117.0;4;5;5;4;4;4;4;0;0;0;0;0;0;0;0;0;0;0;1;1;0;0;0;0.0;0.0;0.0;0.0;0.0;0.0;0.0;0.0;0.0;0.0;0.0;0.0;0.0;0.0;0.0;0.0;0.0;0.0;0.0;0.0;0.0;1.0;0.0;0.0;0.0;0.0;0.0;0.0;0.0;0.0;0.0;0.0;0.0;0.0;0.0;5.0;2.0;0.0;0.0;3.0;1.0;0;0;30;0;JACAREZINHO;REGIÃO NORTE;38;5642.0;5363.0;5310.0;5518.0;5610.0;5673.0;5292.0;5890.0;5735.0;6113.0;6277.0;6042.0
5177.0;2021-10-31;12.0;19.0;22.0;26.0;690.0;34.0;6.0;12.0;20.0;537.0;34.0;0.0;34.0;843.0;59.0;175.0;5;4;4;4;5;5;4;0;0;0;0;0;0;0;0;0;0;1;0;1;0;0;0;0.0;0.0;0.0;0.0;0.0;0.0;0.0;0.0;0.0;0.0;0.0;0.0;0.0;0.0;0.0;0.0;0.0;0.0;0.0;0.0;0.0;1.0;0.0;0.0;0.0;0.0;0.0;0.0;0.0;0.0;0.0;0.0;0.0;0.0;0.0;5.0;2.0;0.0;0.0;3.0;1.0;0;0;0;0;JACAREZINHO;REGIÃO NORTE;39;5670.0;5642.0;5363.0;5310.0;5518.0;5610.0;5673.0;5292.0;5890.0;5735.0;6113.0;6277.0
5340.0;2021-11-30;14.0;21.0;26.0;29.0;765.0;35.0;1.0;14.0;23.0;575.0;35.0;0.0;35.0;956.0;8.0;22.0;4;4;4;5;4;4;5;0;0;0;0;0;0;0;0;0;1;0;0;1;0;0;0;0.0;0.0;0.0;0.0;0.0;0.0;0.0;0.0;0.0;0.0;0.0;0.0;0.0;0.0;0.0;0.0;0.0;0.0;0.0;0.0;0.0;1.0;0.0;0.0;0.0;0.0;0.0;0.0;0.0;0.0;0.0;0.0;0.0;0.0;0.0;5.0;2.0;0.0;0.0;3.0;1.0;0;0;0;0;JACAREZINHO;REGIÃO NORTE;40;5177.0;5670.0;5642.0;5363.0;5310.0;5518.0;5610.0;5673.0;5292.0;5890.0;5735.0;6113.0
5673.0;2021-12-31;16.0;22.0;26.0;30.0;798.0;37.0;2.0;16.0;24.0;616.0;37.0;0.0;37.0;979.0;33.0;72.0;4;5;5;4;5;4;4;0;0;1;0;0;0;0;0;0;0;0;0;1;0;0;0;0.0;0.0;0.0;0.0;0.0;0.0;0.0;0.0;0.0;0.0;0.0;0.0;0.0;0.0;0.0;0.0;0.0;0.0;0.0;0.0;0.0;1.0;0.0;0.0;0.0;0.0;0.0;0.0;0.0;0.0;0.0;0.0;0.0;0.0;0.0;5.0;2.0;0.0;0.0;3.0;1.0;0;0;0;0;JACAREZINHO;REGIÃO NORTE;41;5340.0;5177.0;5670.0;5642.0;5363.0;5310.0;5518.0;5610.0;5673.0;5292.0;5890.0;5735.0
6634.0;2022-01-31;17.0;22.0;26.0;30.0;792.0;35.0;9.0;17.0;24.0;642.0;35.0;0.0;35.0;941.0;44.0;286.0;5;4;4;5;4;5;4;0;0;0;0;1;0;0;0;0;0;0;0;0;1;0;0;0.0;0.0;0.0;0.0;0.0;0.0;0.0;0.0;0.0;0.0;0.0;0.0;0.0;0.0;0.0;0.0;0.0;0.0;0.0;0.0;0.0;1.0;0.0;0.0;0.0;0.0;0.0;0.0;0.0;0.0;0.0;0.0;0.0;0.0;0.0;5.0;1.0;0.0;0.0;3.0;1.0;31;0;0;0;JACAREZINHO;REGIÃO NORTE;42;5673.0;5340.0;5177.0;5670.0;5642.0;5363.0;5310.0;5518.0;5610.0;5673.0;5292.0;5890.0
12152.0;2022-02-28;18.0;24.0;27.0;30.0;750.0;37.0;3.0;18.0;24.0;583.0;37.0;0.0;37.0;918.0;28.0;95.0;4;4;4;4;4;4;4;0;0;0;1;0;0;0;0;0;0;0;0;0;1;0;0;0.0;0.0;0.0;0.0;0.0;0.0;0.0;0.0;0.0;0.0;0.0;0.0;0.0;0.0;0.0;0.0;0.0;0.0;0.0;0.0;0.0;1.0;0.0;0.0;0.0;0.0;0.0;0.0;0.0;0.0;0.0;0.0;0.0;0.0;0.0;5.0;1.0;0.0;0.0;3.0;1.0;0;1;0;0;JACAREZINHO;REGIÃO NORTE;43;6634.0;5673.0;5340.0;5177.0;5670.0;5642.0;5363.0;5310.0;5518.0;5610.0;5673.0;5292.0
18476.0;2022-03-31;18.0;22.0;26.0;29.0;805.0;35.0;8.0;18.0;24.0;647.0;35.0;0.0;35.0;963.0;52.0;260.0;4;5;5;4;4;4;5;0;0;0;0;0;0;0;0;1;0;0;0;0;1;0;0;0.0;0.0;0.0;0.0;0.0;0.0;0.0;0.0;0.0;0.0;0.0;0.0;0.0;0.0;0.0;0.0;0.0;0.0;0.0;0.0;0.0;1.0;0.0;0.0;0.0;0.0;0.0;0.0;0.0;0.0;0.0;0.0;0.0;0.0;0.0;5.0;1.0;0.0;0.0;3.0;1.0;0;1;0;0;JACAREZINHO;REGIÃO NORTE;44;12152.0;6634.0;5673.0;5340.0;5177.0;5670.0;5642.0;5363.0;5310.0;5518.0;5610.0;5673.0
14850.0;2022-04-30;12.0;18.0;23.0;26.0;689.0;32.0;3.0;12.0;20.0;525.0;32.0;0.0;32.0;854.0;37.0;100.0;4;4;4;4;5;5;4;1;0;0;0;0;0;0;0;0;0;0;0;0;1;0;0;0.0;0.0;0.0;0.0;0.0;0.0;0.0;0.0;0.0;0.0;0.0;0.0;0.0;0.0;0.0;0.0;0.0;0.0;0.0;0.0;0.0;1.0;0.0;0.0;0.0;0.0;0.0;0.0;0.0;0.0;0.0;0.0;0.0;0.0;0.0;5.0;1.0;0.0;0.0;3.0;1.0;0;1;0;0;JACAREZINHO;REGIÃO NORTE;45;18476.0;12152.0;6634.0;5673.0;5340.0;5177.0;5670.0;5642.0;5363.0;5310.0;5518.0;5610.0
13578.0;2022-05-31;6.0;9.0;19.0;25.0;578.0;30.0;3.0;6.0;20.0;418.0;30.0;0.0;30.0;737.0;40.0;100.0;5;4;4;5;4;4;5;0;0;0;0;0;0;0;1;0;0;0;0;0;1;0;0;0.0;0.0;0.0;0.0;0.0;0.0;0.0;0.0;0.0;0.0;0.0;0.0;0.0;0.0;0.0;0.0;0.0;0.0;0.0;0.0;0.0;1.0;0.0;0.0;0.0;0.0;0.0;0.0;0.0;0.0;0.0;0.0;0.0;0.0;0.0;5.0;1.0;0.0;0.0;3.0;1.0;0;0;0;0;JACAREZINHO;REGIÃO NORTE;46;14850.0;18476.0;12152.0;6634.0;5673.0;5340.0;5177.0;5670.0;5642.0;5363.0;5310.0;5518.0
12930.0;2022-06-30;7.0;13.0;19.0;23.0;567.0;28.0;2.0;7.0;17.0;406.0;28.0;0.0;28.0;728.0;24.0;70.0;4;5;5;4;4;4;4;0;0;0;0;0;0;1;0;0;0;0;0;0;1;0;0;0.0;0.0;0.0;0.0;0.0;0.0;0.0;0.0;0.0;0.0;0.0;0.0;0.0;0.0;0.0;0.0;0.0;0.0;0.0;0.0;0.0;1.0;0.0;0.0;0.0;0.0;0.0;0.0;0.0;0.0;0.0;0.0;0.0;0.0;0.0;5.0;1.0;0.0;0.0;3.0;1.0;0;1;0;0;JACAREZINHO;REGIÃO NORTE;47;13578.0;14850.0;18476.0;12152.0;6634.0;5673.0;5340.0;5177.0;5670.0;5642.0;5363.0;5310.0
9269.0;2022-07-31;9.0;16.0;21.0;23.0;653.0;30.0;0.0;9.0;17.0;463.0;30.0;0.0;30.0;844.0;2.0;6.0;5;4;4;4;5;5;4;0;0;0;0;0;1;0;0;0;0;0;0;0;1;0;0;0.0;0.0;0.0;0.0;0.0;0.0;0.0;0.0;0.0;0.0;0.0;0.0;0.0;0.0;0.0;0.0;0.0;0.0;0.0;0.0;0.0;1.0;0.0;0.0;0.0;0.0;0.0;0.0;0.0;0.0;0.0;0.0;0.0;0.0;0.0;5.0;1.0;0.0;0.0;3.0;1.0;0;0;0;0;JACAREZINHO;REGIÃO NORTE;48;12930.0;13578.0;14850.0;18476.0;12152.0;6634.0;5673.0;5340.0;5177.0;5670.0;5642.0;5363.0
15221.0;2022-08-31;7.0;13.0;19.0;25.0;600.0;32.0;6.0;7.0;19.0;420.0;32.0;0.0;32.0;780.0;52.0;176.0;4;5;4;5;4;4;5;0;1;0;0;0;0;0;0;0;0;0;0;0;1;0;0;0.0;0.0;0.0;0.0;0.0;0.0;0.0;0.0;0.0;0.0;0.0;0.0;0.0;0.0;0.0;0.0;0.0;0.0;0.0;0.0;0.0;1.0;0.0;0.0;0.0;0.0;0.0;0.0;0.0;0.0;0.0;0.0;0.0;0.0;0.0;5.0;1.0;0.0;0.0;3.0;1.0;0;0;0;0;JACAREZINHO;REGIÃO NORTE;49;9269.0;12930.0;13578.0;14850.0;18476.0;12152.0;6634.0;5673.0;5340.0;5177.0;5670.0;5642.0
14130.0;2022-09-30;9.0;16.0;19.0;28.0;580.0;34.0;5.0;9.0;22.0;428.0;34.0;0.0;34.0;733.0;58.0;158.0;4;4;5;4;5;4;4;0;0;0;0;0;0;0;0;0;0;0;1;0;1;0;0;0.0;0.0;0.0;0.0;0.0;0.0;0.0;0.0;0.0;0.0;0.0;0.0;0.0;0.0;0.0;0.0;0.0;0.0;0.0;0.0;0.0;1.0;0.0;0.0;0.0;0.0;0.0;0.0;0.0;0.0;0.0;0.0;0.0;0.0;0.0;5.0;1.0;0.0;0.0;3.0;1.0;0;0;0;0;JACAREZINHO;REGIÃO NORTE;50;15221.0;9269.0;12930.0;13578.0;14850.0;18476.0;12152.0;6634.0;5673.0;5340.0;5177.0;5670.0
13764.0;2022-10-31;4.0;17.0;23.0;27.0;715.0;34.0;6.0;4.0;21.0;530.0;34.0;0.0;34.0;900.0;63.0;197.0;5;4;4;5;4;5;4;0;0;0;0;0;0;0;0;0;0;1;0;0;1;0;0;0.0;0.0;0.0;0.0;0.0;0.0;0.0;0.0;0.0;0.0;0.0;0.0;0.0;0.0;0.0;0.0;0.0;0.0;0.0;0.0;0.0;1.0;0.0;0.0;0.0;0.0;0.0;0.0;0.0;0.0;0.0;0.0;0.0;0.0;0.0;5.0;1.0;0.0;0.0;3.0;1.0;0;0;0;0;JACAREZINHO;REGIÃO NORTE;51;14130.0;15221.0;9269.0;12930.0;13578.0;14850.0;18476.0;12152.0;6634.0;5673.0;5340.0;5177.0
14700.0;2022-11-30;10.0;16.0;22.0;25.0;672.0;34.0;1.0;10.0;20.0;476.0;34.0;0.0;34.0;869.0;6.0;25.0;4;5;4;4;4;4;5;0;0;0;0;0;0;0;0;0;1;0;0;0;1;0;0;0.0;0.0;0.0;0.0;0.0;0.0;0.0;0.0;0.0;0.0;0.0;0.0;0.0;0.0;0.0;0.0;0.0;0.0;0.0;0.0;0.0;1.0;0.0;0.0;0.0;0.0;0.0;0.0;0.0;0.0;0.0;0.0;0.0;0.0;0.0;5.0;1.0;0.0;0.0;3.0;1.0;0;0;0;0;JACAREZINHO;REGIÃO NORTE;52;13764.0;14130.0;15221.0;9269.0;12930.0;13578.0;14850.0;18476.0;12152.0;6634.0;5673.0;5340.0
13423.0;2022-12-31;-2.0;15.0;24.0;28.0;751.0;35.0;7.0;-2.0;23.0;583.0;35.0;0.0;35.0;919.0;62.0;221.0;4;4;5;4;5;5;4;0;0;1;0;0;0;0;0;0;0;0;0;0;1;0;0;0.0;0.0;0.0;0.0;0.0;0.0;0.0;0.0;0.0;0.0;0.0;0.0;0.0;0.0;0.0;0.0;0.0;0.0;0.0;0.0;0.0;1.0;0.0;0.0;0.0;0.0;0.0;0.0;0.0;0.0;0.0;0.0;0.0;0.0;0.0;5.0;1.0;0.0;0.0;3.0;1.0;0;0;0;0;JACAREZINHO;REGIÃO NORTE;53;14700.0;13764.0;14130.0;15221.0;9269.0;12930.0;13578.0;14850.0;18476.0;12152.0;6634.0;5673.0
11315.0;2023-01-31;17.0;20.0;24.0;27.0;757.0;33.0;9.0;17.0;22.0;610.0;33.0;0.0;33.0;903.0;72.0;280.0;5;4;4;5;4;4;5;0;0;0;0;1;0;0;0;0;0;0;0;0;0;1;0;0.0;0.0;0.0;0.0;0.0;0.0;0.0;0.0;0.0;0.0;0.0;0.0;0.0;0.0;0.0;0.0;0.0;0.0;0.0;0.0;0.0;1.0;0.0;0.0;0.0;0.0;0.0;0.0;0.0;0.0;0.0;0.0;0.0;0.0;0.0;5.0;1.0;0.0;0.0;3.0;1.0;31;0;0;0;JACAREZINHO;REGIÃO NORTE;54;13423.0;14700.0;13764.0;14130.0;15221.0;9269.0;12930.0;13578.0;14850.0;18476.0;12152.0;6634.0
16968.0;2023-02-28;18.0;22.0;25.0;27.0;695.0;34.0;9.0;18.0;22.0;563.0;34.0;0.0;34.0;827.0;65.0;249.0;4;4;4;4;4;4;4;0;0;0;1;0;0;0;0;0;0;0;0;0;0;1;0;0.0;0.0;0.0;0.0;0.0;0.0;0.0;0.0;0.0;0.0;0.0;0.0;0.0;0.0;0.0;0.0;0.0;0.0;0.0;0.0;0.0;1.0;0.0;0.0;0.0;0.0;0.0;0.0;0.0;0.0;0.0;0.0;0.0;0.0;0.0;5.0;1.0;0.0;0.0;3.0;1.0;0;3;0;0;JACAREZINHO;REGIÃO NORTE;55;11315.0;13423.0;14700.0;13764.0;14130.0;15221.0;9269.0;12930.0;13578.0;14850.0;18476.0;12152.0
24707.0;2023-03-31;18.0;23.0;25.0;28.0;790.0;34.0;9.0;18.0;23.0;621.0;34.0;0.0;34.0;959.0;59.0;277.0;4;5;5;4;5;4;4;0;0;0;0;0;0;0;0;1;0;0;0;0;0;1;0;0.0;0.0;0.0;0.0;0.0;0.0;0.0;0.0;0.0;0.0;0.0;0.0;0.0;0.0;0.0;0.0;0.0;0.0;0.0;0.0;0.0;1.0;0.0;0.0;0.0;0.0;0.0;0.0;0.0;0.0;0.0;0.0;0.0;0.0;0.0;5.0;1.0;0.0;0.0;3.0;1.0;0;0;0;0;JACAREZINHO;REGIÃO NORTE;56;16968.0;11315.0;13423.0;14700.0;13764.0;14130.0;15221.0;9269.0;12930.0;13578.0;14850.0;18476.0
15180.0;2023-04-30;11.0;18.0;22.0;27.0;666.0;33.0;7.0;11.0;21.0;514.0;33.0;0.0;33.0;818.0;100.0;211.0;5;4;4;4;4;5;4;1;0;0;0;0;0;0;0;0;0;0;0;0;0;1;0;0.0;0.0;0.0;0.0;0.0;0.0;0.0;0.0;0.0;0.0;0.0;0.0;0.0;0.0;0.0;0.0;0.0;0.0;0.0;0.0;0.0;1.0;0.0;0.0;0.0;0.0;0.0;0.0;0.0;0.0;0.0;0.0;0.0;0.0;0.0;5.0;1.0;0.0;0.0;3.0;1.0;0;1;0;0;JACAREZINHO;REGIÃO NORTE;57;24707.0;16968.0;11315.0;13423.0;14700.0;13764.0;14130.0;15221.0;9269.0;12930.0;13578.0;14850.0
15841.0;2023-05-31;11.0;17.0;20.0;25.0;632.0;30.0;1.0;11.0;20.0;464.0;30.0;0.0;30.0;799.0;23.0;40.0;4;5;4;5;4;4;5;0;0;0;0;0;0;0;1;0;0;0;0;0;0;1;0;0.0;0.0;0.0;0.0;0.0;0.0;0.0;0.0;0.0;0.0;0.0;0.0;0.0;0.0;0.0;0.0;0.0;0.0;0.0;0.0;0.0;1.0;0.0;0.0;0.0;0.0;0.0;0.0;0.0;0.0;0.0;0.0;0.0;0.0;0.0;5.0;1.0;0.0;0.0;3.0;1.0;0;0;0;0;JACAREZINHO;REGIÃO NORTE;58;15180.0;24707.0;16968.0;11315.0;13423.0;14700.0;13764.0;14130.0;15221.0;9269.0;12930.0;13578.0
12960.0;2023-06-30;9.0;12.0;19.0;23.0;566.0;30.0;5.0;9.0;18.0;399.0;30.0;0.0;30.0;733.0;78.0;148.0;4;4;5;4;5;4;4;0;0;0;0;0;0;1;0;0;0;0;0;0;0;1;0;0.0;0.0;0.0;0.0;0.0;0.0;0.0;0.0;0.0;0.0;0.0;0.0;0.0;0.0;0.0;0.0;0.0;0.0;0.0;0.0;0.0;1.0;0.0;0.0;0.0;0.0;0.0;0.0;0.0;0.0;0.0;0.0;0.0;0.0;0.0;5.0;1.0;0.0;0.0;3.0;1.0;0;1;0;0;JACAREZINHO;REGIÃO NORTE;59;15841.0;15180.0;24707.0;16968.0;11315.0;13423.0;14700.0;13764.0;14130.0;15221.0;9269.0;12930.0
9393.0;2023-07-31;7.0;13.0;19.0;23.0;601.0;29.0;0.0;7.0;18.0;433.0;29.0;0.0;29.0;768.0;6.0;12.0;5;4;4;5;4;5;4;0;0;0;0;0;1;0;0;0;0;0;0;0;0;1;0;0.0;0.0;0.0;0.0;0.0;0.0;0.0;0.0;0.0;0.0;0.0;0.0;0.0;0.0;0.0;0.0;0.0;0.0;0.0;0.0;0.0;1.0;0.0;0.0;0.0;0.0;0.0;0.0;0.0;0.0;0.0;0.0;0.0;0.0;0.0;5.0;1.0;0.0;0.0;3.0;1.0;15;0;0;0;JACAREZINHO;REGIÃO NORTE;60;12960.0;15841.0;15180.0;24707.0;16968.0;11315.0;13423.0;14700.0;13764.0;14130.0;15221.0;9269.0
16430.0;2023-08-31;10.0;14.0;22.0;28.0;670.0;34.0;1.0;10.0;22.0;478.0;34.0;0.0;34.0;862.0;16.0;33.0;4;5;5;4;4;4;5;0;1;0;0;0;0;0;0;0;0;0;0;0;0;1;0;0.0;0.0;0.0;0.0;0.0;0.0;0.0;0.0;0.0;0.0;0.0;0.0;0.0;0.0;0.0;0.0;0.0;0.0;0.0;0.0;0.0;1.0;0.0;0.0;0.0;0.0;0.0;0.0;0.0;0.0;0.0;0.0;0.0;0.0;0.0;5.0;1.0;0.0;0.0;3.0;1.0;0;0;0;0;JACAREZINHO;REGIÃO NORTE;61;9393.0;12960.0;15841.0;15180.0;24707.0;16968.0;11315.0;13423.0;14700.0;13764.0;14130.0;15221.0
22110.0;2023-09-30;10.0;18.0;25.0;31.0;757.0;38.0;3.0;10.0;25.0;560.0;38.0;0.0;38.0;953.0;26.0;80.0;4;4;4;4;5;5;4;0;0;0;0;0;0;0;0;0;0;0;1;0;0;1;0;0.0;0.0;0.0;0.0;0.0;0.0;0.0;0.0;0.0;0.0;0.0;0.0;0.0;0.0;0.0;0.0;0.0;0.0;0.0;0.0;0.0;1.0;0.0;0.0;0.0;0.0;0.0;0.0;0.0;0.0;0.0;0.0;0.0;0.0;0.0;5.0;1.0;0.0;0.0;3.0;1.0;0;0;0;0;JACAREZINHO;REGIÃO NORTE;62;16430.0;9393.0;12960.0;15841.0;15180.0;24707.0;16968.0;11315.0;13423.0;14700.0;13764.0;14130.0
18445.0;2023-10-31;16.0;21.0;25.0;30.0;781.0;36.0;8.0;16.0;24.0;598.0;36.0;0.0;36.0;963.0;59.0;235.0;5;4;4;5;4;4;5;0;0;0;0;0;0;0;0;0;0;1;0;0;0;1;0;0.0;0.0;0.0;0.0;0.0;0.0;0.0;0.0;0.0;0.0;0.0;0.0;0.0;0.0;0.0;0.0;0.0;0.0;0.0;0.0;0.0;1.0;0.0;0.0;0.0;0.0;0.0;0.0;0.0;0.0;0.0;0.0;0.0;0.0;0.0;5.0;1.0;0.0;0.0;3.0;1.0;0;0;0;0;JACAREZINHO;REGIÃO NORTE;63;22110.0;16430.0;9393.0;12960.0;15841.0;15180.0;24707.0;16968.0;11315.0;13423.0;14700.0;13764.0
24120.0;2023-11-30;13.0;20.0;26.0;32.0;779.0;39.0;7.0;13.0;26.0;594.0;39.0;0.0;39.0;963.0;40.0;223.0;4;5;5;4;4;4;4;0;0;0;0;0;0;0;0;0;1;0;0;0;0;1;0;0.0;0.0;0.0;0.0;0.0;0.0;0.0;0.0;0.0;0.0;0.0;0.0;0.0;0.0;0.0;0.0;0.0;0.0;0.0;0.0;0.0;1.0;0.0;0.0;0.0;0.0;0.0;0.0;0.0;0.0;0.0;0.0;0.0;0.0;0.0;5.0;1.0;0.0;0.0;3.0;1.0;0;0;0;0;JACAREZINHO;REGIÃO NORTE;64;18445.0;22110.0;16430.0;9393.0;12960.0;15841.0;15180.0;24707.0;16968.0;11315.0;13423.0;14700.0
19623.0;2023-12-31;17.0;24.0;27.0;30.0;839.0;37.0;2.0;17.0;24.0;649.0;37.0;0.0;37.0;1029.0;29.0;76.0;5;4;4;4;5;5;4;0;0;1;0;0;0;0;0;0;0;0;0;0;0;1;0;0.0;0.0;0.0;0.0;0.0;0.0;0.0;0.0;0.0;0.0;0.0;0.0;0.0;0.0;0.0;0.0;0.0;0.0;0.0;0.0;0.0;1.0;0.0;0.0;0.0;0.0;0.0;0.0;0.0;0.0;0.0;0.0;0.0;0.0;0.0;5.0;1.0;0.0;0.0;3.0;1.0;0;0;0;0;JACAREZINHO;REGIÃO NORTE;65;24120.0;18445.0;22110.0;16430.0;9393.0;12960.0;15841.0;15180.0;24707.0;16968.0;11315.0;13423.0
12524.0;2024-01-31;15.0;20.0;26.0;30.0;803.0;37.0;3.0;15.0;24.0;627.0;37.0;0.0;37.0;979.0;25.0;89.0;4;5;4;5;4;4;5;0;0;0;0;1;0;0;0;0;0;0;0;0;0;0;1;0.0;0.0;0.0;0.0;0.0;0.0;0.0;0.0;0.0;0.0;0.0;0.0;0.0;0.0;0.0;0.0;0.0;0.0;0.0;0.0;0.0;1.0;0.0;0.0;0.0;0.0;0.0;0.0;0.0;0.0;0.0;0.0;0.0;0.0;0.0;5.0;1.0;0.0;0.0;3.0;1.0;31;0;0;0;JACAREZINHO;REGIÃO NORTE;66;19623.0;24120.0;18445.0;22110.0;16430.0;9393.0;12960.0;15841.0;15180.0;24707.0;16968.0;11315.0
23577.0;2024-02-29;19.0;23.0;27.0;30.0;786.0;37.0;6.0;19.0;25.0;623.0;37.0;0.0;37.0;950.0;60.0;186.0;4;4;5;4;4;4;4;0;0;0;1;0;0;0;0;0;0;0;0;0;0;0;1;0.0;0.0;0.0;0.0;0.0;0.0;0.0;0.0;0.0;0.0;0.0;0.0;0.0;0.0;0.0;0.0;0.0;0.0;0.0;0.0;0.0;1.0;0.0;0.0;0.0;0.0;0.0;0.0;0.0;0.0;0.0;0.0;0.0;0.0;0.0;5.0;1.0;0.0;0.0;3.0;1.0;0;3;0;0;JACAREZINHO;REGIÃO NORTE;67;12524.0;19623.0;24120.0;18445.0;22110.0;16430.0;9393.0;12960.0;15841.0;15180.0;24707.0;16968.0
27156.0;2024-03-31;18.0;20.0;27.0;31.0;823.0;36.0;2.0;18.0;25.0;657.0;36.0;0.0;36.0;989.0;33.0;77.0;5;4;4;4;5;5;4;0;0;0;0;0;0;0;0;1;0;0;0;0;0;0;1;0.0;0.0;0.0;0.0;0.0;0.0;0.0;0.0;0.0;0.0;0.0;0.0;0.0;0.0;0.0;0.0;0.0;0.0;0.0;0.0;0.0;1.0;0.0;0.0;0.0;0.0;0.0;0.0;0.0;0.0;0.0;0.0;0.0;0.0;0.0;5.0;1.0;0.0;0.0;3.0;1.0;0;1;0;0;JACAREZINHO;REGIÃO NORTE;68;23577.0;12524.0;19623.0;24120.0;18445.0;22110.0;16430.0;9393.0;12960.0;15841.0;15180.0;24707.0
12030.0;2024-04-30;14.0;20.0;25.0;28.0;759.0;34.0;1.0;14.0;23.0;605.0;34.0;0.0;34.0;912.0;16.0;40.0;4;4;4;5;4;4;5;1;0;0;0;0;0;0;0;0;0;0;0;0;0;0;1;0.0;0.0;0.0;0.0;0.0;0.0;0.0;0.0;0.0;0.0;0.0;0.0;0.0;0.0;0.0;0.0;0.0;0.0;0.0;0.0;0.0;1.0;0.0;0.0;0.0;0.0;0.0;0.0;0.0;0.0;0.0;0.0;0.0;0.0;0.0;5.0;1.0;0.0;0.0;3.0;1.0;0;0;0;0;JACAREZINHO;REGIÃO NORTE;69;27156.0;23577.0;12524.0;19623.0;24120.0;18445.0;22110.0;16430.0;9393.0;12960.0;15841.0;15180.0
8928.0;2024-05-31;7.0;14.0;23.0;28.0;710.0;34.0;0.0;7.0;22.0;549.0;34.0;0.0;34.0;870.0;5.0;12.0;4;5;5;4;5;4;4;0;0;0;0;0;0;0;1;0;0;0;0;0;0;0;1;0.0;0.0;0.0;0.0;0.0;0.0;0.0;0.0;0.0;0.0;0.0;0.0;0.0;0.0;0.0;0.0;0.0;0.0;0.0;0.0;0.0;1.0;0.0;0.0;0.0;0.0;0.0;0.0;0.0;0.0;0.0;0.0;0.0;0.0;0.0;5.0;1.0;0.0;0.0;3.0;1.0;0;1;0;30;JACAREZINHO;REGIÃO NORTE;70;12030.0;27156.0;23577.0;12524.0;19623.0;24120.0;18445.0;22110.0;16430.0;9393.0;12960.0;15841.0
7230.0;2024-06-30;11.0;18.0;23.0;25.0;675.0;31.0;0.0;11.0;19.0;494.0;31.0;0.0;31.0;857.0;3.0;5.0;5;4;4;4;4;5;4;0;0;0;0;0;0;1;0;0;0;0;0;0;0;0;1;0.0;0.0;0.0;0.0;0.0;0.0;0.0;0.0;0.0;0.0;0.0;0.0;0.0;0.0;0.0;0.0;0.0;0.0;0.0;0.0;0.0;1.0;0.0;0.0;0.0;0.0;0.0;0.0;0.0;0.0;0.0;0.0;0.0;0.0;0.0;5.0;1.0;0.0;0.0;3.0;1.0;0;0;0;30;JACAREZINHO;REGIÃO NORTE;71;8928.0;12030.0;27156.0;23577.0;12524.0;19623.0;24120.0;18445.0;22110.0;16430.0;9393.0;12960.0
11594.0;2024-07-31;7.0;14.0;18.0;23.0;566.0;30.0;2.0;7.0;17.0;386.0;30.0;0.0;30.0;747.0;40.0;70.0;4;5;4;5;4;4;5;0;0;0;0;0;1;0;0;0;0;0;0;0;0;0;1;0.0;0.0;0.0;0.0;0.0;0.0;0.0;0.0;0.0;0.0;0.0;0.0;0.0;0.0;0.0;0.0;0.0;0.0;0.0;0.0;0.0;1.0;0.0;0.0;0.0;0.0;0.0;0.0;0.0;0.0;0.0;0.0;0.0;0.0;0.0;5.0;1.0;0.0;0.0;3.0;1.0;12;0;0;0;JACAREZINHO;REGIÃO NORTE;72;7230.0;8928.0;12030.0;27156.0;23577.0;12524.0;19623.0;24120.0;18445.0;22110.0;16430.0;9393.0
16027.0;2024-08-31;3.0;11.0;20.0;26.0;624.0;36.0;2.0;3.0;18.0;378.0;36.0;0.0;36.0;871.0;37.0;47.0;4;4;5;4;5;5;4;0;1;0;0;0;0;0;0;0;0;0;0;0;0;0;1;0.0;0.0;0.0;0.0;0.0;0.0;0.0;0.0;0.0;0.0;0.0;0.0;0.0;0.0;0.0;0.0;0.0;0.0;0.0;0.0;0.0;1.0;0.0;0.0;0.0;0.0;0.0;0.0;0.0;0.0;0.0;0.0;0.0;0.0;0.0;5.0;1.0;0.0;0.0;3.0;1.0;0;0;0;0;JACAREZINHO;REGIÃO NORTE;73;11594.0;7230.0;8928.0;12030.0;27156.0;23577.0;12524.0;19623.0;24120.0;18445.0;22110.0;16430.0
21150.0;2024-09-30;14.0;17.0;24.0;29.0;727.0;39.0;1.0;14.0;20.0;503.0;39.0;0.0;39.0;950.0;8.0;19.0;5;4;4;5;4;4;4;0;0;0;0;0;0;0;0;0;0;0;1;0;0;0;1;0.0;0.0;0.0;0.0;0.0;0.0;0.0;0.0;0.0;0.0;0.0;0.0;0.0;0.0;0.0;0.0;0.0;0.0;0.0;0.0;0.0;1.0;0.0;0.0;0.0;0.0;0.0;0.0;0.0;0.0;0.0;0.0;0.0;0.0;0.0;5.0;1.0;0.0;0.0;3.0;1.0;0;0;0;0;JACAREZINHO;REGIÃO NORTE;74;16027.0;11594.0;7230.0;8928.0;12030.0;27156.0;23577.0;12524.0;19623.0;24120.0;18445.0;22110.0
21762.0;2024-10-31;14.0;17.0;23.0;28.0;719.0;38.0;3.0;14.0;22.0;557.0;38.0;0.0;38.0;881.0;31.0;99.0;4;5;5;4;4;4;5;0;0;0;0;0;0;0;0;0;0;1;0;0;0;0;1;0.0;0.0;0.0;0.0;0.0;0.0;0.0;0.0;0.0;0.0;0.0;0.0;0.0;0.0;0.0;0.0;0.0;0.0;0.0;0.0;0.0;1.0;0.0;0.0;0.0;0.0;0.0;0.0;0.0;0.0;0.0;0.0;0.0;0.0;0.0;5.0;1.0;0.0;0.0;3.0;1.0;0;0;0;0;JACAREZINHO;REGIÃO NORTE;75;21150.0;16027.0;11594.0;7230.0;8928.0;12030.0;27156.0;23577.0;12524.0;19623.0;24120.0;18445.0
4619.0;2016-08-31;4.0;11.0;17.0;21.0;516.0;30.0;10.0;4.0;16.0;347.0;30.0;0.0;30.0;684.0;59.0;308.0;4;5;4;5;4;4;5;0;1;0;0;0;0;0;0;0;0;0;0;0;0;0;0;0.0;1.0;0.0;0.0;0.0;0.0;0.0;0.0;0.0;0.0;0.0;0.0;0.0;0.0;0.0;0.0;0.0;0.0;0.0;0.0;0.0;0.0;1.0;0.0;0.0;0.0;0.0;0.0;0.0;0.0;0.0;0.0;0.0;0.0;0.0;1.0;0.0;0.0;0.0;0.0;0.0;0;0;0;0;JAGUARIAÍVA;REGIÃO CENTRAL;1;4162.0;4695.0;4808.0;3789.0;3820.0;3036.0;2433.0;2330.0;2919.0;2812.0;2700.0;2727.0
4425.0;2016-09-30;5.0;13.0;18.0;23.0;542.0;30.0;3.0;5.0;17.0;347.0;30.0;0.0;30.0;737.0;52.0;104.0;4;4;5;4;5;4;4;0;0;0;0;0;0;0;0;0;0;0;1;0;0;0;0;0.0;1.0;0.0;0.0;0.0;0.0;0.0;0.0;0.0;0.0;0.0;0.0;0.0;0.0;0.0;0.0;0.0;0.0;0.0;0.0;0.0;0.0;1.0;0.0;0.0;0.0;0.0;0.0;0.0;0.0;0.0;0.0;0.0;0.0;0.0;1.0;0.0;0.0;0.0;0.0;0.0;0;0;0;0;JAGUARIAÍVA;REGIÃO CENTRAL;2;4619.0;4162.0;4695.0;4808.0;3789.0;3820.0;3036.0;2433.0;2330.0;2919.0;2812.0;2700.0
4191.0;2016-10-31;9.0;16.0;20.0;26.0;611.0;33.0;7.0;9.0;19.0;448.0;33.0;0.0;33.0;774.0;48.0;232.0;5;4;4;5;4;5;4;0;0;0;0;0;0;0;0;0;0;1;0;0;0;0;0;0.0;1.0;0.0;0.0;0.0;0.0;0.0;0.0;0.0;0.0;0.0;0.0;0.0;0.0;0.0;0.0;0.0;0.0;0.0;0.0;0.0;0.0;1.0;0.0;0.0;0.0;0.0;0.0;0.0;0.0;0.0;0.0;0.0;0.0;0.0;1.0;0.0;0.0;0.0;0.0;0.0;0;0;0;0;JAGUARIAÍVA;REGIÃO CENTRAL;3;4425.0;4619.0;4162.0;4695.0;4808.0;3789.0;3820.0;3036.0;2433.0;2330.0;2919.0;2812.0
4254.0;2016-11-30;10.0;16.0;21.0;26.0;632.0;30.0;3.0;10.0;21.0;486.0;30.0;0.0;30.0;777.0;30.0;96.0;4;5;4;4;4;4;5;0;0;0;0;0;0;0;0;0;1;0;0;0;0;0;0;0.0;1.0;0.0;0.0;0.0;0.0;0.0;0.0;0.0;0.0;0.0;0.0;0.0;0.0;0.0;0.0;0.0;0.0;0.0;0.0;0.0;0.0;1.0;0.0;0.0;0.0;0.0;0.0;0.0;0.0;0.0;0.0;0.0;0.0;0.0;1.0;0.0;0.0;0.0;0.0;0.0;0;0;0;0;JAGUARIAÍVA;REGIÃO CENTRAL;4;4191.0;4425.0;4619.0;4162.0;4695.0;4808.0;3789.0;3820.0;3036.0;2433.0;2330.0;2919.0
3690.0;2016-12-31;12.0;16.0;22.0;27.0;687.0;32.0;3.0;12.0;22.0;555.0;32.0;0.0;32.0;819.0;34.0;99.0;4;4;5;4;5;5;4;0;0;1;0;0;0;0;0;0;0;0;0;0;0;0;0;0.0;1.0;0.0;0.0;0.0;0.0;0.0;0.0;0.0;0.0;0.0;0.0;0.0;0.0;0.0;0.0;0.0;0.0;0.0;0.0;0.0;0.0;1.0;0.0;0.0;0.0;0.0;0.0;0.0;0.0;0.0;0.0;0.0;0.0;0.0;1.0;0.0;0.0;0.0;0.0;0.0;0;0;0;0;JAGUARIAÍVA;REGIÃO CENTRAL;5;4254.0;4191.0;4425.0;4619.0;4162.0;4695.0;4808.0;3789.0;3820.0;3036.0;2433.0;2330.0
3524.0;2017-01-31;15.0;21.0;24.0;27.0;737.0;31.0;5.0;15.0;22.0;601.0;31.0;0.0;31.0;872.0;17.0;146.0;5;4;4;5;4;4;5;0;0;0;0;1;0;0;0;0;0;0;0;0;0;0;0;0.0;0.0;1.0;0.0;0.0;0.0;0.0;0.0;0.0;0.0;0.0;0.0;0.0;0.0;0.0;0.0;0.0;0.0;0.0;0.0;0.0;0.0;1.0;0.0;0.0;0.0;0.0;0.0;0.0;0.0;0.0;0.0;0.0;0.0;0.0;1.0;0.0;0.0;0.0;0.0;0.0;31;0;0;0;JAGUARIAÍVA;REGIÃO CENTRAL;6;3690.0;4254.0;4191.0;4425.0;4619.0;4162.0;4695.0;4808.0;3789.0;3820.0;3036.0;2433.0
3875.0;2017-02-28;17.0;22.0;24.0;27.0;674.0;32.0;5.0;17.0;22.0;540.0;32.0;0.0;32.0;808.0;41.0;127.0;4;4;4;4;4;4;4;0;0;0;1;0;0;0;0;0;0;0;0;0;0;0;0;0.0;0.0;1.0;0.0;0.0;0.0;0.0;0.0;0.0;0.0;0.0;0.0;0.0;0.0;0.0;0.0;0.0;0.0;0.0;0.0;0.0;0.0;1.0;0.0;0.0;0.0;0.0;0.0;0.0;0.0;0.0;0.0;0.0;0.0;0.0;1.0;0.0;0.0;0.0;0.0;0.0;0;2;0;0;JAGUARIAÍVA;REGIÃO CENTRAL;7;3524.0;3690.0;4254.0;4191.0;4425.0;4619.0;4162.0;4695.0;4808.0;3789.0;3820.0;3036.0
5081.0;2017-03-31;14.0;18.0;22.0;26.0;687.0;31.0;4.0;14.0;22.0;554.0;31.0;0.0;31.0;819.0;23.0;115.0;4;5;5;4;5;4;4;0;0;0;0;0;0;0;0;1;0;0;0;0;0;0;0;0.0;0.0;1.0;0.0;0.0;0.0;0.0;0.0;0.0;0.0;0.0;0.0;0.0;0.0;0.0;0.0;0.0;0.0;0.0;0.0;0.0;0.0;1.0;0.0;0.0;0.0;0.0;0.0;0.0;0.0;0.0;0.0;0.0;0.0;0.0;1.0;0.0;0.0;0.0;0.0;0.0;0;1;0;0;JAGUARIAÍVA;REGIÃO CENTRAL;8;3875.0;3524.0;3690.0;4254.0;4191.0;4425.0;4619.0;4162.0;4695.0;4808.0;3789.0;3820.0
4449.0;2017-04-30;6.0;14.0;20.0;24.0;590.0;28.0;3.0;6.0;20.0;459.0;28.0;0.0;28.0;720.0;23.0;78.0;5;4;4;4;4;5;4;1;0;0;0;0;0;0;0;0;0;0;0;0;0;0;0;0.0;0.0;1.0;0.0;0.0;0.0;0.0;0.0;0.0;0.0;0.0;0.0;0.0;0.0;0.0;0.0;0.0;0.0;0.0;0.0;0.0;0.0;1.0;0.0;0.0;0.0;0.0;0.0;0.0;0.0;0.0;0.0;0.0;0.0;0.0;1.0;0.0;0.0;0.0;0.0;0.0;0;1;0;0;JAGUARIAÍVA;REGIÃO CENTRAL;9;5081.0;3875.0;3524.0;3690.0;4254.0;4191.0;4425.0;4619.0;4162.0;4695.0;4808.0;3789.0
4749.0;2017-05-31;12.0;16.0;19.0;23.0;579.0;28.0;11.0;12.0;19.0;452.0;28.0;0.0;28.0;705.0;122.0;329.0;4;5;4;5;4;4;5;0;0;0;0;0;0;0;1;0;0;0;0;0;0;0;0;0.0;0.0;1.0;0.0;0.0;0.0;0.0;0.0;0.0;0.0;0.0;0.0;0.0;0.0;0.0;0.0;0.0;0.0;0.0;0.0;0.0;0.0;1.0;0.0;0.0;0.0;0.0;0.0;0.0;0.0;0.0;0.0;0.0;0.0;0.0;1.0;0.0;0.0;0.0;0.0;0.0;0;0;0;0;JAGUARIAÍVA;REGIÃO CENTRAL;10;4449.0;5081.0;3875.0;3524.0;3690.0;4254.0;4191.0;4425.0;4619.0;4162.0;4695.0;4808.0
4455.0;2017-06-30;3.0;11.0;17.0;22.0;498.0;27.0;8.0;3.0;18.0;333.0;27.0;0.0;27.0;663.0;120.0;244.0;4;4;5;4;5;4;4;0;0;0;0;0;0;1;0;0;0;0;0;0;0;0;0;0.0;0.0;1.0;0.0;0.0;0.0;0.0;0.0;0.0;0.0;0.0;0.0;0.0;0.0;0.0;0.0;0.0;0.0;0.0;0.0;0.0;0.0;1.0;0.0;0.0;0.0;0.0;0.0;0.0;0.0;0.0;0.0;0.0;0.0;0.0;1.0;0.0;0.0;0.0;0.0;0.0;0;1;0;0;JAGUARIAÍVA;REGIÃO CENTRAL;11;4749.0;4449.0;5081.0;3875.0;3524.0;3690.0;4254.0;4191.0;4425.0;4619.0;4162.0;4695.0
3958.0;2017-07-31;-0.0;8.0;16.0;19.0;488.0;27.0;0.0;-0.0;12.0;277.0;27.0;0.0;27.0;700.0;0.0;0.0;5;4;4;5;4;5;4;0;0;0;0;0;1;0;0;0;0;0;0;0;0;0;0;0.0;0.0;1.0;0.0;0.0;0.0;0.0;0.0;0.0;0.0;0.0;0.0;0.0;0.0;0.0;0.0;0.0;0.0;0.0;0.0;0.0;0.0;1.0;0.0;0.0;0.0;0.0;0.0;0.0;0.0;0.0;0.0;0.0;0.0;0.0;1.0;0.0;0.0;0.0;0.0;0.0;16;0;0;0;JAGUARIAÍVA;REGIÃO CENTRAL;12;4455.0;4749.0;4449.0;5081.0;3875.0;3524.0;3690.0;4254.0;4191.0;4425.0;4619.0;4162.0
4345.0;2017-08-31;6.0;12.0;18.0;22.0;545.0;31.0;5.0;6.0;16.0;364.0;31.0;0.0;31.0;726.0;40.0;167.0;4;5;5;4;4;4;5;0;1;0;0;0;0;0;0;0;0;0;0;0;0;0;0;0.0;0.0;1.0;0.0;0.0;0.0;0.0;0.0;0.0;0.0;0.0;0.0;0.0;0.0;0.0;0.0;0.0;0.0;0.0;0.0;0.0;0.0;1.0;0.0;0.0;0.0;0.0;0.0;0.0;0.0;0.0;0.0;0.0;0.0;0.0;1.0;0.0;0.0;0.0;0.0;0.0;0;0;0;0;JAGUARIAÍVA;REGIÃO CENTRAL;13;3958.0;4455.0;4749.0;4449.0;5081.0;3875.0;3524.0;3690.0;4254.0;4191.0;4425.0;4619.0
4104.0;2017-09-30;11.0;17.0;22.0;24.0;654.0;32.0;2.0;11.0;19.0;455.0;32.0;0.0;32.0;852.0;34.0;64.0;4;4;4;4;5;5;4;0;0;0;0;0;0;0;0;0;0;0;1;0;0;0;0;0.0;0.0;1.0;0.0;0.0;0.0;0.0;0.0;0.0;0.0;0.0;0.0;0.0;0.0;0.0;0.0;0.0;0.0;0.0;0.0;0.0;0.0;1.0;0.0;0.0;0.0;0.0;0.0;0.0;0.0;0.0;0.0;0.0;0.0;0.0;1.0;0.0;0.0;0.0;0.0;0.0;0;0;0;0;JAGUARIAÍVA;REGIÃO CENTRAL;14;4345.0;3958.0;4455.0;4749.0;4449.0;5081.0;3875.0;3524.0;3690.0;4254.0;4191.0;4425.0
4092.0;2017-10-31;8.0;16.0;20.0;26.0;631.0;33.0;15.0;8.0;19.0;457.0;33.0;0.0;33.0;805.0;87.0;465.0;5;4;4;5;4;4;5;0;0;0;0;0;0;0;0;0;0;1;0;0;0;0;0;0.0;0.0;1.0;0.0;0.0;0.0;0.0;0.0;0.0;0.0;0.0;0.0;0.0;0.0;0.0;0.0;0.0;0.0;0.0;0.0;0.0;0.0;1.0;0.0;0.0;0.0;0.0;0.0;0.0;0.0;0.0;0.0;0.0;0.0;0.0;1.0;0.0;0.0;0.0;0.0;0.0;0;0;0;0;JAGUARIAÍVA;REGIÃO CENTRAL;15;4104.0;4345.0;3958.0;4455.0;4749.0;4449.0;5081.0;3875.0;3524.0;3690.0;4254.0;4191.0
4191.0;2017-11-30;11.0;17.0;21.0;25.0;619.0;32.0;6.0;11.0;19.0;464.0;32.0;0.0;32.0;774.0;37.0;176.0;4;5;5;4;4;4;4;0;0;0;0;0;0;0;0;0;1;0;0;0;0;0;0;0.0;0.0;1.0;0.0;0.0;0.0;0.0;0.0;0.0;0.0;0.0;0.0;0.0;0.0;0.0;0.0;0.0;0.0;0.0;0.0;0.0;0.0;1.0;0.0;0.0;0.0;0.0;0.0;0.0;0.0;0.0;0.0;0.0;0.0;0.0;1.0;0.0;0.0;0.0;0.0;0.0;0;0;0;0;JAGUARIAÍVA;REGIÃO CENTRAL;16;4092.0;4104.0;4345.0;3958.0;4455.0;4749.0;4449.0;5081.0;3875.0;3524.0;3690.0;4254.0
3333.0;2017-12-31;15.0;19.0;22.0;27.0;696.0;32.0;5.0;15.0;22.0;568.0;32.0;0.0;32.0;823.0;35.0;164.0;5;4;4;4;5;5;4;0;0;1;0;0;0;0;0;0;0;0;0;0;0;0;0;0.0;0.0;1.0;0.0;0.0;0.0;0.0;0.0;0.0;0.0;0.0;0.0;0.0;0.0;0.0;0.0;0.0;0.0;0.0;0.0;0.0;0.0;1.0;0.0;0.0;0.0;0.0;0.0;0.0;0.0;0.0;0.0;0.0;0.0;0.0;1.0;0.0;0.0;0.0;0.0;0.0;0;0;0;0;JAGUARIAÍVA;REGIÃO CENTRAL;17;4191.0;4092.0;4104.0;4345.0;3958.0;4455.0;4749.0;4449.0;5081.0;3875.0;3524.0;3690.0
3081.0;2018-01-31;16.0;19.0;23.0;25.0;707.0;31.0;5.0;16.0;21.0;582.0;31.0;0.0;31.0;831.0;17.0;145.0;4;5;4;5;4;4;5;0;0;0;0;1;0;0;0;0;0;0;0;0;0;0;0;0.0;0.0;0.0;1.0;0.0;0.0;0.0;0.0;0.0;0.0;0.0;0.0;0.0;0.0;0.0;0.0;0.0;0.0;0.0;0.0;0.0;0.0;1.0;0.0;0.0;0.0;0.0;0.0;0.0;0.0;0.0;0.0;0.0;0.0;0.0;1.0;0.0;0.0;0.0;0.0;0.0;31;0;0;0;JAGUARIAÍVA;REGIÃO CENTRAL;18;3333.0;4191.0;4092.0;4104.0;4345.0;3958.0;4455.0;4749.0;4449.0;5081.0;3875.0;3524.0
3388.0;2018-02-28;15.0;18.0;22.0;25.0;611.0;30.0;2.0;15.0;21.0;485.0;30.0;0.0;30.0;737.0;14.0;51.0;4;4;4;4;4;4;4;0;0;0;1;0;0;0;0;0;0;0;0;0;0;0;0;0.0;0.0;0.0;1.0;0.0;0.0;0.0;0.0;0.0;0.0;0.0;0.0;0.0;0.0;0.0;0.0;0.0;0.0;0.0;0.0;0.0;0.0;1.0;0.0;0.0;0.0;0.0;0.0;0.0;0.0;0.0;0.0;0.0;0.0;0.0;1.0;0.0;0.0;0.0;0.0;1.0;0;3;0;0;JAGUARIAÍVA;REGIÃO CENTRAL;19;3081.0;3333.0;4191.0;4092.0;4104.0;4345.0;3958.0;4455.0;4749.0;4449.0;5081.0;3875.0
4426.0;2018-03-31;16.0;20.0;23.0;26.0;724.0;31.0;5.0;16.0;22.0;589.0;31.0;0.0;31.0;858.0;42.0;140.0;4;4;5;4;5;5;4;0;0;0;0;0;0;0;0;1;0;0;0;0;0;0;0;0.0;0.0;0.0;1.0;0.0;0.0;0.0;0.0;0.0;0.0;0.0;0.0;0.0;0.0;0.0;0.0;0.0;0.0;0.0;0.0;0.0;0.0;1.0;0.0;0.0;0.0;0.0;0.0;0.0;0.0;0.0;0.0;0.0;0.0;0.0;1.0;0.0;0.0;0.0;0.0;1.0;0;1;0;0;JAGUARIAÍVA;REGIÃO CENTRAL;20;3388.0;3081.0;3333.0;4191.0;4092.0;4104.0;4345.0;3958.0;4455.0;4749.0;4449.0;5081.0
4398.0;2018-04-30;12.0;19.0;21.0;24.0;644.0;29.0;1.0;12.0;20.0;480.0;29.0;0.0;29.0;808.0;13.0;20.0;5;4;4;5;4;4;4;1;0;0;0;0;0;0;0;0;0;0;0;0;0;0;0;0.0;0.0;0.0;1.0;0.0;0.0;0.0;0.0;0.0;0.0;0.0;0.0;0.0;0.0;0.0;0.0;0.0;0.0;0.0;0.0;0.0;0.0;1.0;0.0;0.0;0.0;0.0;0.0;0.0;0.0;0.0;0.0;0.0;0.0;0.0;1.0;0.0;0.0;0.0;0.0;1.0;0;0;0;0;JAGUARIAÍVA;REGIÃO CENTRAL;21;4426.0;3388.0;3081.0;3333.0;4191.0;4092.0;4104.0;4345.0;3958.0;4455.0;4749.0;4449.0
4592.0;2018-05-31;5.0;13.0;18.0;22.0;573.0;29.0;3.0;5.0;17.0;406.0;29.0;0.0;29.0;740.0;88.0;104.0;4;5;5;4;4;4;5;0;0;0;0;0;0;0;1;0;0;0;0;0;0;0;0;0.0;0.0;0.0;1.0;0.0;0.0;0.0;0.0;0.0;0.0;0.0;0.0;0.0;0.0;0.0;0.0;0.0;0.0;0.0;0.0;0.0;0.0;1.0;0.0;0.0;0.0;0.0;0.0;0.0;0.0;0.0;0.0;0.0;0.0;0.0;1.0;0.0;0.0;0.0;0.0;1.0;0;1;0;0;JAGUARIAÍVA;REGIÃO CENTRAL;22;4398.0;4426.0;3388.0;3081.0;3333.0;4191.0;4092.0;4104.0;4345.0;3958.0;4455.0;4749.0
4470.0;2018-06-30;4.0;11.0;16.0;22.0;492.0;29.0;3.0;4.0;19.0;351.0;29.0;0.0;29.0;632.0;47.0;95.0;4;4;4;4;5;5;4;0;0;0;0;0;0;1;0;0;0;0;0;0;0;0;0;0.0;0.0;0.0;1.0;0.0;0.0;0.0;0.0;0.0;0.0;0.0;0.0;0.0;0.0;0.0;0.0;0.0;0.0;0.0;0.0;0.0;0.0;1.0;0.0;0.0;0.0;0.0;0.0;0.0;0.0;0.0;0.0;0.0;0.0;0.0;1.0;0.0;0.0;0.0;0.0;1.0;0;0;0;0;JAGUARIAÍVA;REGIÃO CENTRAL;23;4592.0;4398.0;4426.0;3388.0;3081.0;3333.0;4191.0;4092.0;4104.0;4345.0;3958.0;4455.0
4135.0;2018-07-31;3.0;10.0;18.0;22.0;546.0;28.0;1.0;3.0;16.0;351.0;28.0;0.0;28.0;740.0;25.0;27.0;5;4;4;5;4;4;5;0;0;0;0;0;1;0;0;0;0;0;0;0;0;0;0;0.0;0.0;0.0;1.0;0.0;0.0;0.0;0.0;0.0;0.0;0.0;0.0;0.0;0.0;0.0;0.0;0.0;0.0;0.0;0.0;0.0;0.0;1.0;0.0;0.0;0.0;0.0;0.0;0.0;0.0;0.0;0.0;0.0;0.0;0.0;1.0;0.0;0.0;0.0;0.0;1.0;16;0;0;0;JAGUARIAÍVA;REGIÃO CENTRAL;24;4470.0;4592.0;4398.0;4426.0;3388.0;3081.0;3333.0;4191.0;4092.0;4104.0;4345.0;3958.0
4333.0;2018-08-31;3.0;12.0;16.0;22.0;499.0;30.0;7.0;3.0;15.0;330.0;30.0;0.0;30.0;668.0;58.0;202.0;4;5;5;4;5;4;4;0;1;0;0;0;0;0;0;0;0;0;0;0;0;0;0;0.0;0.0;0.0;1.0;0.0;0.0;0.0;0.0;0.0;0.0;0.0;0.0;0.0;0.0;0.0;0.0;0.0;0.0;0.0;0.0;0.0;0.0;1.0;0.0;0.0;0.0;0.0;0.0;0.0;0.0;0.0;0.0;0.0;0.0;0.0;1.0;0.0;0.0;0.0;0.0;1.0;0;0;0;0;JAGUARIAÍVA;REGIÃO CENTRAL;25;4135.0;4470.0;4592.0;4398.0;4426.0;3388.0;3081.0;3333.0;4191.0;4092.0;4104.0;4345.0
4455.0;2018-09-30;6.0;14.0;19.0;25.0;579.0;32.0;4.0;6.0;19.0;424.0;32.0;0.0;32.0;734.0;27.0;119.0;5;4;4;4;4;5;4;0;0;0;0;0;0;0;0;0;0;0;1;0;0;0;0;0.0;0.0;0.0;1.0;0.0;0.0;0.0;0.0;0.0;0.0;0.0;0.0;0.0;0.0;0.0;0.0;0.0;0.0;0.0;0.0;0.0;0.0;1.0;0.0;0.0;0.0;0.0;0.0;0.0;0.0;0.0;0.0;0.0;0.0;0.0;1.0;0.0;0.0;0.0;0.0;1.0;0;0;0;0;JAGUARIAÍVA;REGIÃO CENTRAL;26;4333.0;4135.0;4470.0;4592.0;4398.0;4426.0;3388.0;3081.0;3333.0;4191.0;4092.0;4104.0
4562.0;2018-10-31;13.0;15.0;20.0;24.0;623.0;29.0;6.0;13.0;19.0;497.0;29.0;0.0;29.0;749.0;23.0;176.0;4;5;4;5;4;4;5;0;0;0;0;0;0;0;0;0;0;1;0;0;0;0;0;0.0;0.0;0.0;1.0;0.0;0.0;0.0;0.0;0.0;0.0;0.0;0.0;0.0;0.0;0.0;0.0;0.0;0.0;0.0;0.0;0.0;0.0;1.0;0.0;0.0;0.0;0.0;0.0;0.0;0.0;0.0;0.0;0.0;0.0;0.0;1.0;0.0;0.0;0.0;0.0;1.0;0;0;0;0;JAGUARIAÍVA;REGIÃO CENTRAL;27;4455.0;4333.0;4135.0;4470.0;4592.0;4398.0;4426.0;3388.0;3081.0;3333.0;4191.0;4092.0
4338.0;2018-11-30;12.0;17.0;21.0;26.0;636.0;32.0;3.0;12.0;21.0;478.0;32.0;0.0;32.0;794.0;27.0;84.0;4;4;5;4;5;4;4;0;0;0;0;0;0;0;0;0;1;0;0;0;0;0;0;0.0;0.0;0.0;1.0;0.0;0.0;0.0;0.0;0.0;0.0;0.0;0.0;0.0;0.0;0.0;0.0;0.0;0.0;0.0;0.0;0.0;0.0;1.0;0.0;0.0;0.0;0.0;0.0;0.0;0.0;0.0;0.0;0.0;0.0;0.0;1.0;0.0;0.0;0.0;0.0;1.0;0;0;0;0;JAGUARIAÍVA;REGIÃO CENTRAL;28;4562.0;4455.0;4333.0;4135.0;4470.0;4592.0;4398.0;4426.0;3388.0;3081.0;3333.0;4191.0
3320.0;2018-12-31;13.0;18.0;24.0;26.0;733.0;33.0;2.0;13.0;23.0;565.0;33.0;0.0;33.0;900.0;23.0;65.0;5;4;4;5;4;5;4;0;0;1;0;0;0;0;0;0;0;0;0;0;0;0;0;0.0;0.0;0.0;1.0;0.0;0.0;0.0;0.0;0.0;0.0;0.0;0.0;0.0;0.0;0.0;0.0;0.0;0.0;0.0;0.0;0.0;0.0;1.0;0.0;0.0;0.0;0.0;0.0;0.0;0.0;0.0;0.0;0.0;0.0;0.0;1.0;0.0;0.0;0.0;0.0;1.0;0;0;0;0;JAGUARIAÍVA;REGIÃO CENTRAL;29;4338.0;4562.0;4455.0;4333.0;4135.0;4470.0;4592.0;4398.0;4426.0;3388.0;3081.0;3333.0
2984.0;2019-01-31;18.0;23.0;25.0;27.0;780.0;34.0;3.0;18.0;23.0;633.0;34.0;0.0;34.0;927.0;20.0;94.0;4;5;5;4;4;4;5;0;0;0;0;1;0;0;0;0;0;0;0;0;0;0;0;0.0;0.0;0.0;0.0;1.0;0.0;0.0;0.0;0.0;0.0;0.0;0.0;0.0;0.0;0.0;0.0;0.0;0.0;0.0;0.0;0.0;0.0;1.0;0.0;0.0;0.0;0.0;0.0;0.0;0.0;0.0;0.0;0.0;0.0;0.0;1.0;0.0;0.0;0.0;0.0;1.0;31;0;0;0;JAGUARIAÍVA;REGIÃO CENTRAL;30;3320.0;4338.0;4562.0;4455.0;4333.0;4135.0;4470.0;4592.0;4398.0;4426.0;3388.0;3081.0
3656.0;2019-02-28;15.0;19.0;23.0;27.0;642.0;34.0;6.0;15.0;22.0;520.0;34.0;0.0;34.0;764.0;53.0;161.0;4;4;4;4;4;4;4;0;0;0;1;0;0;0;0;0;0;0;0;0;0;0;0;0.0;0.0;0.0;0.0;1.0;0.0;0.0;0.0;0.0;0.0;0.0;0.0;0.0;0.0;0.0;0.0;0.0;0.0;0.0;0.0;0.0;0.0;1.0;0.0;0.0;0.0;0.0;0.0;0.0;0.0;0.0;0.0;0.0;0.0;0.0;2.0;0.0;0.0;0.0;1.0;1.0;0;0;0;0;JAGUARIAÍVA;REGIÃO CENTRAL;31;2984.0;3320.0;4338.0;4562.0;4455.0;4333.0;4135.0;4470.0;4592.0;4398.0;4426.0;3388.0
4790.0;2019-03-31;15.0;19.0;23.0;25.0;704.0;30.0;4.0;15.0;21.0;572.0;30.0;0.0;30.0;835.0;36.0;134.0;5;4;4;4;5;5;4;0;0;0;0;0;0;0;0;1;0;0;0;0;0;0;0;0.0;0.0;0.0;0.0;1.0;0.0;0.0;0.0;0.0;0.0;0.0;0.0;0.0;0.0;0.0;0.0;0.0;0.0;0.0;0.0;0.0;0.0;1.0;0.0;0.0;0.0;0.0;0.0;0.0;0.0;0.0;0.0;0.0;0.0;0.0;2.0;0.0;0.0;0.0;1.0;1.0;0;3;0;0;JAGUARIAÍVA;REGIÃO CENTRAL;32;3656.0;2984.0;3320.0;4338.0;4562.0;4455.0;4333.0;4135.0;4470.0;4592.0;4398.0;4426.0
4761.0;2019-04-30;12.0;19.0;22.0;25.0;650.0;28.0;2.0;12.0;21.0;517.0;28.0;0.0;28.0;783.0;27.0;71.0;4;4;4;5;4;4;5;1;0;0;0;0;0;0;0;0;0;0;0;0;0;0;0;0.0;0.0;0.0;0.0;1.0;0.0;0.0;0.0;0.0;0.0;0.0;0.0;0.0;0.0;0.0;0.0;0.0;0.0;0.0;0.0;0.0;0.0;1.0;0.0;0.0;0.0;0.0;0.0;0.0;0.0;0.0;0.0;0.0;0.0;0.0;2.0;0.0;0.0;0.0;1.0;1.0;0;1;0;0;JAGUARIAÍVA;REGIÃO CENTRAL;33;4790.0;3656.0;2984.0;3320.0;4338.0;4562.0;4455.0;4333.0;4135.0;4470.0;4592.0;4398.0
4753.0;2019-05-31;9.0;14.0;19.0;24.0;595.0;29.0;5.0;9.0;20.0;480.0;29.0;0.0;29.0;711.0;52.0;158.0;4;5;5;4;5;4;4;0;0;0;0;0;0;0;1;0;0;0;0;0;0;0;0;0.0;0.0;0.0;0.0;1.0;0.0;0.0;0.0;0.0;0.0;0.0;0.0;0.0;0.0;0.0;0.0;0.0;0.0;0.0;0.0;0.0;0.0;1.0;0.0;0.0;0.0;0.0;0.0;0.0;0.0;0.0;0.0;0.0;0.0;0.0;2.0;0.0;0.0;0.0;1.0;1.0;0;0;0;0;JAGUARIAÍVA;REGIÃO CENTRAL;34;4761.0;4790.0;3656.0;2984.0;3320.0;4338.0;4562.0;4455.0;4333.0;4135.0;4470.0;4592.0
4404.0;2019-06-30;6.0;12.0;18.0;22.0;539.0;28.0;3.0;6.0;16.0;378.0;28.0;0.0;28.0;700.0;56.0;93.0;5;4;4;4;4;5;4;0;0;0;0;0;0;1;0;0;0;0;0;0;0;0;0;0.0;0.0;0.0;0.0;1.0;0.0;0.0;0.0;0.0;0.0;0.0;0.0;0.0;0.0;0.0;0.0;0.0;0.0;0.0;0.0;0.0;0.0;1.0;0.0;0.0;0.0;0.0;0.0;0.0;0.0;0.0;0.0;0.0;0.0;0.0;2.0;0.0;0.0;0.0;1.0;1.0;0;1;0;0;JAGUARIAÍVA;REGIÃO CENTRAL;35;4753.0;4761.0;4790.0;3656.0;2984.0;3320.0;4338.0;4562.0;4455.0;4333.0;4135.0;4470.0
3879.0;2019-07-31;-1.0;7.0;16.0;22.0;506.0;27.0;2.0;-1.0;17.0;321.0;27.0;0.0;27.0;690.0;44.0;75.0;4;5;4;5;4;4;5;0;0;0;0;0;1;0;0;0;0;0;0;0;0;0;0;0.0;0.0;0.0;0.0;1.0;0.0;0.0;0.0;0.0;0.0;0.0;0.0;0.0;0.0;0.0;0.0;0.0;0.0;0.0;0.0;0.0;0.0;1.0;0.0;0.0;0.0;0.0;0.0;0.0;0.0;0.0;0.0;0.0;0.0;0.0;2.0;0.0;0.0;0.0;1.0;1.0;16;0;0;0;JAGUARIAÍVA;REGIÃO CENTRAL;36;4404.0;4753.0;4761.0;4790.0;3656.0;2984.0;3320.0;4338.0;4562.0;4455.0;4333.0;4135.0
4485.0;2019-08-31;4.0;10.0;17.0;22.0;528.0;30.0;0.0;4.0;16.0;344.0;30.0;0.0;30.0;712.0;9.0;12.0;4;4;5;4;5;5;4;0;1;0;0;0;0;0;0;0;0;0;0;0;0;0;0;0.0;0.0;0.0;0.0;1.0;0.0;0.0;0.0;0.0;0.0;0.0;0.0;0.0;0.0;0.0;0.0;0.0;0.0;0.0;0.0;0.0;0.0;1.0;0.0;0.0;0.0;0.0;0.0;0.0;0.0;0.0;0.0;0.0;0.0;0.0;2.0;0.0;0.0;0.0;1.0;1.0;0;0;0;0;JAGUARIAÍVA;REGIÃO CENTRAL;37;3879.0;4404.0;4753.0;4761.0;4790.0;3656.0;2984.0;3320.0;4338.0;4562.0;4455.0;4333.0
4995.0;2019-09-30;10.0;14.0;20.0;27.0;604.0;33.0;5.0;10.0;21.0;449.0;33.0;0.0;33.0;760.0;49.0;143.0;5;4;4;5;4;4;4;0;0;0;0;0;0;0;0;0;0;0;1;0;0;0;0;0.0;0.0;0.0;0.0;1.0;0.0;0.0;0.0;0.0;0.0;0.0;0.0;0.0;0.0;0.0;0.0;0.0;0.0;0.0;0.0;0.0;0.0;1.0;0.0;0.0;0.0;0.0;0.0;0.0;0.0;0.0;0.0;0.0;0.0;0.0;2.0;0.0;0.0;0.0;1.0;1.0;0;0;0;0;JAGUARIAÍVA;REGIÃO CENTRAL;38;4485.0;3879.0;4404.0;4753.0;4761.0;4790.0;3656.0;2984.0;3320.0;4338.0;4562.0;4455.0
5059.0;2019-10-31;12.0;17.0;23.0;27.0;699.0;35.0;3.0;12.0;22.0;520.0;35.0;0.0;35.0;879.0;49.0;80.0;4;5;5;4;4;4;5;0;0;0;0;0;0;0;0;0;0;1;0;0;0;0;0;0.0;0.0;0.0;0.0;1.0;0.0;0.0;0.0;0.0;0.0;0.0;0.0;0.0;0.0;0.0;0.0;0.0;0.0;0.0;0.0;0.0;0.0;1.0;0.0;0.0;0.0;0.0;0.0;0.0;0.0;0.0;0.0;0.0;0.0;0.0;2.0;0.0;0.0;0.0;1.0;1.0;0;0;0;0;JAGUARIAÍVA;REGIÃO CENTRAL;39;4995.0;4485.0;3879.0;4404.0;4753.0;4761.0;4790.0;3656.0;2984.0;3320.0;4338.0;4562.0
4611.0;2019-11-30;13.0;18.0;22.0;26.0;652.0;33.0;5.0;13.0;20.0;493.0;33.0;0.0;33.0;812.0;53.0;164.0;4;4;4;4;5;5;4;0;0;0;0;0;0;0;0;0;1;0;0;0;0;0;0;0.0;0.0;0.0;0.0;1.0;0.0;0.0;0.0;0.0;0.0;0.0;0.0;0.0;0.0;0.0;0.0;0.0;0.0;0.0;0.0;0.0;0.0;1.0;0.0;0.0;0.0;0.0;0.0;0.0;0.0;0.0;0.0;0.0;0.0;0.0;2.0;0.0;0.0;0.0;1.0;1.0;0;0;0;0;JAGUARIAÍVA;REGIÃO CENTRAL;40;5059.0;4995.0;4485.0;3879.0;4404.0;4753.0;4761.0;4790.0;3656.0;2984.0;3320.0;4338.0
3339.0;2019-12-31;14.0;18.0;22.0;26.0;679.0;31.0;6.0;14.0;20.0;539.0;31.0;0.0;31.0;820.0;72.0;190.0;5;4;4;5;4;4;5;0;0;1;0;0;0;0;0;0;0;0;0;0;0;0;0;0.0;0.0;0.0;0.0;1.0;0.0;0.0;0.0;0.0;0.0;0.0;0.0;0.0;0.0;0.0;0.0;0.0;0.0;0.0;0.0;0.0;0.0;1.0;0.0;0.0;0.0;0.0;0.0;0.0;0.0;0.0;0.0;0.0;0.0;0.0;2.0;0.0;0.0;0.0;1.0;1.0;0;0;0;0;JAGUARIAÍVA;REGIÃO CENTRAL;41;4611.0;5059.0;4995.0;4485.0;3879.0;4404.0;4753.0;4761.0;4790.0;3656.0;2984.0;3320.0
3010.0;2020-01-31;15.0;19.0;23.0;26.0;716.0;31.0;5.0;15.0;22.0;589.0;31.0;0.0;31.0;843.0;37.0;140.0;4;5;5;4;5;4;4;0;0;0;0;1;0;0;0;0;0;0;0;0;0;0;0;0.0;0.0;0.0;0.0;0.0;1.0;0.0;0.0;0.0;0.0;0.0;0.0;0.0;0.0;0.0;0.0;0.0;0.0;0.0;0.0;0.0;0.0;1.0;0.0;0.0;0.0;0.0;0.0;0.0;0.0;0.0;0.0;0.0;0.0;0.0;2.0;0.0;0.0;0.0;1.0;1.0;31;0;0;0;JAGUARIAÍVA;REGIÃO CENTRAL;42;3339.0;4611.0;5059.0;4995.0;4485.0;3879.0;4404.0;4753.0;4761.0;4790.0;3656.0;2984.0
3740.0;2020-02-29;13.0;19.0;22.0;26.0;648.0;32.0;3.0;13.0;22.0;527.0;32.0;0.0;32.0;769.0;18.0;76.0;4;4;4;4;4;5;4;0;0;0;1;0;0;0;0;0;0;0;0;0;0;0;0;0.0;0.0;0.0;0.0;0.0;1.0;0.0;0.0;0.0;0.0;0.0;0.0;0.0;0.0;0.0;0.0;0.0;0.0;0.0;0.0;0.0;0.0;1.0;0.0;0.0;0.0;0.0;0.0;0.0;0.0;0.0;0.0;0.0;0.0;0.0;2.0;0.0;0.0;0.0;1.0;1.0;0;3;0;0;JAGUARIAÍVA;REGIÃO CENTRAL;43;3010.0;3339.0;4611.0;5059.0;4995.0;4485.0;3879.0;4404.0;4753.0;4761.0;4790.0;3656.0
2664.0;2020-03-31;14.0;20.0;22.0;26.0;682.0;33.0;1.0;14.0;21.0;513.0;33.0;0.0;33.0;852.0;14.0;24.0;5;4;4;5;4;4;5;0;0;0;0;0;0;0;0;1;0;0;0;0;0;0;0;0.0;0.0;0.0;0.0;0.0;1.0;0.0;0.0;0.0;0.0;0.0;0.0;0.0;0.0;0.0;0.0;0.0;0.0;0.0;0.0;0.0;0.0;1.0;0.0;0.0;0.0;0.0;0.0;0.0;0.0;0.0;0.0;0.0;0.0;0.0;2.0;0.0;0.0;0.0;1.0;1.0;0;0;15;0;JAGUARIAÍVA;REGIÃO CENTRAL;44;3740.0;3010.0;3339.0;4611.0;5059.0;4995.0;4485.0;3879.0;4404.0;4753.0;4761.0;4790.0
1071.0;2020-04-30;8.0;16.0;20.0;24.0;596.0;30.0;2.0;8.0;19.0;420.0;30.0;0.0;30.0;773.0;45.0;63.0;4;5;5;4;4;4;4;1;0;0;0;0;0;0;0;0;0;0;0;0;0;0;0;0.0;0.0;0.0;0.0;0.0;1.0;0.0;0.0;0.0;0.0;0.0;0.0;0.0;0.0;0.0;0.0;0.0;0.0;0.0;0.0;0.0;0.0;1.0;0.0;0.0;0.0;0.0;0.0;0.0;0.0;0.0;0.0;0.0;0.0;0.0;2.0;0.0;0.0;0.0;1.0;1.0;0;1;30;0;JAGUARIAÍVA;REGIÃO CENTRAL;45;2664.0;3740.0;3010.0;3339.0;4611.0;5059.0;4995.0;4485.0;3879.0;4404.0;4753.0;4761.0
744.0;2020-05-31;6.0;13.0;17.0;22.0;530.0;27.0;3.0;6.0;17.0;343.0;27.0;0.0;27.0;717.0;82.0;93.0;5;4;4;4;5;5;4;0;0;0;0;0;0;0;1;0;0;0;0;0;0;0;0;0.0;0.0;0.0;0.0;0.0;1.0;0.0;0.0;0.0;0.0;0.0;0.0;0.0;0.0;0.0;0.0;0.0;0.0;0.0;0.0;0.0;0.0;1.0;0.0;0.0;0.0;0.0;0.0;0.0;0.0;0.0;0.0;0.0;0.0;0.0;2.0;0.0;0.0;0.0;1.0;1.0;0;0;31;0;JAGUARIAÍVA;REGIÃO CENTRAL;46;1071.0;2664.0;3740.0;3010.0;3339.0;4611.0;5059.0;4995.0;4485.0;3879.0;4404.0;4753.0
1182.0;2020-06-30;9.0;13.0;17.0;21.0;524.0;27.0;8.0;9.0;18.0;390.0;27.0;0.0;27.0;657.0;115.0;227.0;4;4;4;5;4;4;5;0;0;0;0;0;0;1;0;0;0;0;0;0;0;0;0;0.0;0.0;0.0;0.0;0.0;1.0;0.0;0.0;0.0;0.0;0.0;0.0;0.0;0.0;0.0;0.0;0.0;0.0;0.0;0.0;0.0;0.0;1.0;0.0;0.0;0.0;0.0;0.0;0.0;0.0;0.0;0.0;0.0;0.0;0.0;2.0;0.0;0.0;0.0;1.0;1.0;0;1;30;0;JAGUARIAÍVA;REGIÃO CENTRAL;47;744.0;1071.0;2664.0;3740.0;3010.0;3339.0;4611.0;5059.0;4995.0;4485.0;3879.0;4404.0
2064.0;2020-07-31;4.0;9.0;16.0;21.0;500.0;27.0;2.0;4.0;16.0;326.0;27.0;0.0;27.0;675.0;48.0;58.0;4;5;5;4;5;4;4;0;0;0;0;0;1;0;0;0;0;0;0;0;0;0;0;0.0;0.0;0.0;0.0;0.0;1.0;0.0;0.0;0.0;0.0;0.0;0.0;0.0;0.0;0.0;0.0;0.0;0.0;0.0;0.0;0.0;0.0;1.0;0.0;0.0;0.0;0.0;0.0;0.0;0.0;0.0;0.0;0.0;0.0;0.0;2.0;0.0;0.0;0.0;1.0;1.0;0;0;31;0;JAGUARIAÍVA;REGIÃO CENTRAL;48;1182.0;744.0;1071.0;2664.0;3740.0;3010.0;3339.0;4611.0;5059.0;4995.0;4485.0;3879.0
2108.0;2020-08-31;1.0;8.0;16.0;23.0;511.0;32.0;6.0;1.0;15.0;329.0;32.0;0.0;32.0;693.0;48.0;194.0;5;4;4;5;4;5;4;0;1;0;0;0;0;0;0;0;0;0;0;0;0;0;0;0.0;0.0;0.0;0.0;0.0;1.0;0.0;0.0;0.0;0.0;0.0;0.0;0.0;0.0;0.0;0.0;0.0;0.0;0.0;0.0;0.0;0.0;1.0;0.0;0.0;0.0;0.0;0.0;0.0;0.0;0.0;0.0;0.0;0.0;0.0;2.0;0.0;0.0;0.0;1.0;1.0;0;0;31;0;JAGUARIAÍVA;REGIÃO CENTRAL;49;2064.0;1182.0;744.0;1071.0;2664.0;3740.0;3010.0;3339.0;4611.0;5059.0;4995.0;4485.0
2220.0;2020-09-30;11.0;15.0;21.0;25.0;639.0;34.0;1.0;11.0;17.0;449.0;34.0;0.0;34.0;828.0;20.0;27.0;4;5;4;4;4;4;5;0;0;0;0;0;0;0;0;0;0;0;1;0;0;0;0;0.0;0.0;0.0;0.0;0.0;1.0;0.0;0.0;0.0;0.0;0.0;0.0;0.0;0.0;0.0;0.0;0.0;0.0;0.0;0.0;0.0;0.0;1.0;0.0;0.0;0.0;0.0;0.0;0.0;0.0;0.0;0.0;0.0;0.0;0.0;2.0;0.0;0.0;0.0;1.0;1.0;0;0;30;0;JAGUARIAÍVA;REGIÃO CENTRAL;50;2108.0;2064.0;1182.0;744.0;1071.0;2664.0;3740.0;3010.0;3339.0;4611.0;5059.0;4995.0
2232.0;2020-10-31;10.0;16.0;21.0;28.0;663.0;37.0;4.0;10.0;20.0;481.0;37.0;0.0;37.0;844.0;36.0;118.0;4;4;5;4;5;5;4;0;0;0;0;0;0;0;0;0;0;1;0;0;0;0;0;0.0;0.0;0.0;0.0;0.0;1.0;0.0;0.0;0.0;0.0;0.0;0.0;0.0;0.0;0.0;0.0;0.0;0.0;0.0;0.0;0.0;0.0;1.0;0.0;0.0;0.0;0.0;0.0;0.0;0.0;0.0;0.0;0.0;0.0;0.0;2.0;0.0;0.0;0.0;1.0;1.0;0;0;31;0;JAGUARIAÍVA;REGIÃO CENTRAL;51;2220.0;2108.0;2064.0;1182.0;744.0;1071.0;2664.0;3740.0;3010.0;3339.0;4611.0;5059.0
2220.0;2020-11-30;8.0;16.0;21.0;25.0;633.0;33.0;3.0;8.0;19.0;445.0;33.0;0.0;33.0;821.0;23.0;97.0;5;4;4;5;4;4;4;0;0;0;0;0;0;0;0;0;1;0;0;0;0;0;0;0.0;0.0;0.0;0.0;0.0;1.0;0.0;0.0;0.0;0.0;0.0;0.0;0.0;0.0;0.0;0.0;0.0;0.0;0.0;0.0;0.0;0.0;1.0;0.0;0.0;0.0;0.0;0.0;0.0;0.0;0.0;0.0;0.0;0.0;0.0;2.0;0.0;0.0;0.0;1.0;1.0;0;0;30;0;JAGUARIAÍVA;REGIÃO CENTRAL;52;2232.0;2220.0;2108.0;2064.0;1182.0;744.0;1071.0;2664.0;3740.0;3010.0;3339.0;4611.0
2387.0;2020-12-31;14.0;18.0;23.0;24.0;699.0;30.0;3.0;14.0;20.0;552.0;30.0;0.0;30.0;847.0;27.0;100.0;4;5;5;4;4;4;5;0;0;1;0;0;0;0;0;0;0;0;0;0;0;0;0;0.0;0.0;0.0;0.0;0.0;1.0;0.0;0.0;0.0;0.0;0.0;0.0;0.0;0.0;0.0;0.0;0.0;0.0;0.0;0.0;0.0;0.0;1.0;0.0;0.0;0.0;0.0;0.0;0.0;0.0;0.0;0.0;0.0;0.0;0.0;2.0;0.0;0.0;0.0;1.0;1.0;0;0;31;0;JAGUARIAÍVA;REGIÃO CENTRAL;53;2220.0;2232.0;2220.0;2108.0;2064.0;1182.0;744.0;1071.0;2664.0;3740.0;3010.0;3339.0
2201.0;2021-01-31;15.0;20.0;23.0;26.0;707.0;31.0;4.0;15.0;21.0;590.0;31.0;0.0;31.0;825.0;16.0;132.0;5;4;4;4;5;5;4;0;0;0;0;1;0;0;0;0;0;0;0;1;0;0;0;0.0;0.0;0.0;0.0;0.0;0.0;0.0;0.0;0.0;0.0;0.0;0.0;0.0;0.0;0.0;0.0;0.0;0.0;0.0;0.0;0.0;0.0;1.0;0.0;0.0;0.0;0.0;0.0;0.0;0.0;0.0;0.0;0.0;0.0;0.0;2.0;0.0;0.0;0.0;1.0;1.0;0;0;31;0;JAGUARIAÍVA;REGIÃO CENTRAL;54;2387.0;2220.0;2232.0;2220.0;2108.0;2064.0;1182.0;744.0;1071.0;2664.0;3740.0;3010.0
2044.0;2021-02-28;14.0;20.0;23.0;26.0;634.0;32.0;1.0;14.0;21.0;473.0;32.0;0.0;32.0;793.0;10.0;26.0;4;4;4;4;4;4;4;0;0;0;1;0;0;0;0;0;0;0;0;1;0;0;0;0.0;0.0;0.0;0.0;0.0;0.0;0.0;0.0;0.0;0.0;0.0;0.0;0.0;0.0;0.0;0.0;0.0;0.0;0.0;0.0;0.0;0.0;1.0;0.0;0.0;0.0;0.0;0.0;0.0;0.0;0.0;0.0;0.0;0.0;0.0;2.0;0.0;0.0;0.0;1.0;1.0;0;3;28;0;JAGUARIAÍVA;REGIÃO CENTRAL;55;2201.0;2387.0;2220.0;2232.0;2220.0;2108.0;2064.0;1182.0;744.0;1071.0;2664.0;3740.0
2356.0;2021-03-31;12.0;18.0;23.0;26.0;717.0;32.0;3.0;12.0;20.0;557.0;32.0;0.0;32.0;877.0;12.0;92.0;4;5;4;5;4;4;5;0;0;0;0;0;0;0;0;1;0;0;0;1;0;0;0;0.0;0.0;0.0;0.0;0.0;0.0;0.0;0.0;0.0;0.0;0.0;0.0;0.0;0.0;0.0;0.0;0.0;0.0;0.0;0.0;0.0;0.0;1.0;0.0;0.0;0.0;0.0;0.0;0.0;0.0;0.0;0.0;0.0;0.0;0.0;2.0;0.0;0.0;0.0;1.0;1.0;0;0;31;0;JAGUARIAÍVA;REGIÃO CENTRAL;56;2044.0;2201.0;2387.0;2220.0;2232.0;2220.0;2108.0;2064.0;1182.0;744.0;1071.0;2664.0
2340.0;2021-04-30;10.0;17.0;20.0;24.0;594.0;30.0;0.0;10.0;19.0;426.0;30.0;0.0;30.0;762.0;4.0;6.0;4;4;5;4;5;4;4;1;0;0;0;0;0;0;0;0;0;0;0;1;0;0;0;0.0;0.0;0.0;0.0;0.0;0.0;0.0;0.0;0.0;0.0;0.0;0.0;0.0;0.0;0.0;0.0;0.0;0.0;0.0;0.0;0.0;0.0;1.0;0.0;0.0;0.0;0.0;0.0;0.0;0.0;0.0;0.0;0.0;0.0;0.0;2.0;0.0;0.0;0.0;1.0;1.0;0;1;30;0;JAGUARIAÍVA;REGIÃO CENTRAL;57;2356.0;2044.0;2201.0;2387.0;2220.0;2232.0;2220.0;2108.0;2064.0;1182.0;744.0;1071.0
2418.0;2021-05-31;3.0;13.0;17.0;22.0;535.0;28.0;6.0;3.0;18.0;351.0;28.0;0.0;28.0;720.0;62.0;179.0;5;4;4;5;4;5;4;0;0;0;0;0;0;0;1;0;0;0;0;1;0;0;0;0.0;0.0;0.0;0.0;0.0;0.0;0.0;0.0;0.0;0.0;0.0;0.0;0.0;0.0;0.0;0.0;0.0;0.0;0.0;0.0;0.0;0.0;1.0;0.0;0.0;0.0;0.0;0.0;0.0;0.0;0.0;0.0;0.0;0.0;0.0;2.0;0.0;0.0;0.0;1.0;1.0;0;0;31;0;JAGUARIAÍVA;REGIÃO CENTRAL;58;2340.0;2356.0;2044.0;2201.0;2387.0;2220.0;2232.0;2220.0;2108.0;2064.0;1182.0;744.0
2130.0;2021-06-30;-1.0;5.0;15.0;21.0;464.0;27.0;4.0;-1.0;15.0;318.0;27.0;0.0;27.0;610.0;66.0;130.0;4;5;4;4;4;4;5;0;0;0;0;0;0;1;0;0;0;0;0;1;0;0;0;0.0;0.0;0.0;0.0;0.0;0.0;0.0;0.0;0.0;0.0;0.0;0.0;0.0;0.0;0.0;0.0;0.0;0.0;0.0;0.0;0.0;0.0;1.0;0.0;0.0;0.0;0.0;0.0;0.0;0.0;0.0;0.0;0.0;0.0;0.0;2.0;0.0;0.0;0.0;1.0;1.0;0;1;30;0;JAGUARIAÍVA;REGIÃO CENTRAL;59;2418.0;2340.0;2356.0;2044.0;2201.0;2387.0;2220.0;2232.0;2220.0;2108.0;2064.0;1182.0
2108.0;2021-07-31;-1.0;6.0;14.0;19.0;427.0;28.0;2.0;-1.0;14.0;204.0;28.0;0.0;28.0;649.0;44.0;50.0;4;4;5;4;5;5;4;0;0;0;0;0;1;0;0;0;0;0;0;1;0;0;0;0.0;0.0;0.0;0.0;0.0;0.0;0.0;0.0;0.0;0.0;0.0;0.0;0.0;0.0;0.0;0.0;0.0;0.0;0.0;0.0;0.0;0.0;1.0;0.0;0.0;0.0;0.0;0.0;0.0;0.0;0.0;0.0;0.0;0.0;0.0;2.0;0.0;0.0;0.0;1.0;1.0;0;0;31;0;JAGUARIAÍVA;REGIÃO CENTRAL;60;2130.0;2418.0;2340.0;2356.0;2044.0;2201.0;2387.0;2220.0;2232.0;2220.0;2108.0;2064.0
2170.0;2021-08-31;6.0;13.0;19.0;25.0;574.0;33.0;3.0;6.0;18.0;370.0;33.0;0.0;33.0;777.0;67.0;86.0;5;4;4;5;4;4;5;0;1;0;0;0;0;0;0;0;0;0;0;1;0;0;0;0.0;0.0;0.0;0.0;0.0;0.0;0.0;0.0;0.0;0.0;0.0;0.0;0.0;0.0;0.0;0.0;0.0;0.0;0.0;0.0;0.0;0.0;1.0;0.0;0.0;0.0;0.0;0.0;0.0;0.0;0.0;0.0;0.0;0.0;0.0;2.0;0.0;0.0;0.0;1.0;1.0;0;0;31;0;JAGUARIAÍVA;REGIÃO CENTRAL;61;2108.0;2130.0;2418.0;2340.0;2356.0;2044.0;2201.0;2387.0;2220.0;2232.0;2220.0;2108.0
2100.0;2021-09-30;10.0;17.0;22.0;27.0;648.0;34.0;5.0;10.0;22.0;447.0;34.0;0.0;34.0;849.0;80.0;141.0;4;5;5;4;4;4;4;0;0;0;0;0;0;0;0;0;0;0;1;1;0;0;0;0.0;0.0;0.0;0.0;0.0;0.0;0.0;0.0;0.0;0.0;0.0;0.0;0.0;0.0;0.0;0.0;0.0;0.0;0.0;0.0;0.0;0.0;1.0;0.0;0.0;0.0;0.0;0.0;0.0;0.0;0.0;0.0;0.0;0.0;0.0;2.0;0.0;0.0;0.0;1.0;1.0;0;0;30;0;JAGUARIAÍVA;REGIÃO CENTRAL;62;2170.0;2108.0;2130.0;2418.0;2340.0;2356.0;2044.0;2201.0;2387.0;2220.0;2232.0;2220.0
2356.0;2021-10-31;9.0;16.0;19.0;23.0;588.0;28.0;14.0;9.0;18.0;446.0;28.0;0.0;28.0;730.0;96.0;431.0;5;4;4;4;5;5;4;0;0;0;0;0;0;0;0;0;0;1;0;1;0;0;0;0.0;0.0;0.0;0.0;0.0;0.0;0.0;0.0;0.0;0.0;0.0;0.0;0.0;0.0;0.0;0.0;0.0;0.0;0.0;0.0;0.0;0.0;1.0;0.0;0.0;0.0;0.0;0.0;0.0;0.0;0.0;0.0;0.0;0.0;0.0;2.0;0.0;0.0;0.0;1.0;1.0;0;0;0;0;JAGUARIAÍVA;REGIÃO CENTRAL;63;2100.0;2170.0;2108.0;2130.0;2418.0;2340.0;2356.0;2044.0;2201.0;2387.0;2220.0;2232.0
2340.0;2021-11-30;10.0;17.0;22.0;25.0;657.0;32.0;4.0;10.0;18.0;466.0;32.0;0.0;32.0;849.0;53.0;112.0;4;4;4;5;4;4;5;0;0;0;0;0;0;0;0;0;1;0;0;1;0;0;0;0.0;0.0;0.0;0.0;0.0;0.0;0.0;0.0;0.0;0.0;0.0;0.0;0.0;0.0;0.0;0.0;0.0;0.0;0.0;0.0;0.0;0.0;1.0;0.0;0.0;0.0;0.0;0.0;0.0;0.0;0.0;0.0;0.0;0.0;0.0;2.0;0.0;0.0;0.0;1.0;1.0;0;0;0;0;JAGUARIAÍVA;REGIÃO CENTRAL;64;2356.0;2100.0;2170.0;2108.0;2130.0;2418.0;2340.0;2356.0;2044.0;2201.0;2387.0;2220.0
2325.0;2021-12-31;11.0;19.0;23.0;27.0;707.0;34.0;3.0;11.0;20.0;511.0;34.0;0.0;34.0;903.0;28.0;104.0;4;5;5;4;5;4;4;0;0;1;0;0;0;0;0;0;0;0;0;1;0;0;0;0.0;0.0;0.0;0.0;0.0;0.0;0.0;0.0;0.0;0.0;0.0;0.0;0.0;0.0;0.0;0.0;0.0;0.0;0.0;0.0;0.0;0.0;1.0;0.0;0.0;0.0;0.0;0.0;0.0;0.0;0.0;0.0;0.0;0.0;0.0;2.0;0.0;0.0;0.0;1.0;1.0;0;0;0;0;JAGUARIAÍVA;REGIÃO CENTRAL;65;2340.0;2356.0;2100.0;2170.0;2108.0;2130.0;2418.0;2340.0;2356.0;2044.0;2201.0;2387.0
2170.0;2022-01-31;15.0;19.0;24.0;27.0;729.0;34.0;7.0;15.0;21.0;569.0;34.0;0.0;34.0;888.0;42.0;209.0;5;4;4;5;4;5;4;0;0;0;0;1;0;0;0;0;0;0;0;0;1;0;0;0.0;0.0;0.0;0.0;0.0;0.0;0.0;0.0;0.0;0.0;0.0;0.0;0.0;0.0;0.0;0.0;0.0;0.0;0.0;0.0;0.0;0.0;1.0;0.0;0.0;0.0;0.0;0.0;0.0;0.0;0.0;0.0;0.0;0.0;0.0;2.0;0.0;0.0;0.0;1.0;1.0;31;0;0;0;JAGUARIAÍVA;REGIÃO CENTRAL;66;2325.0;2340.0;2356.0;2100.0;2170.0;2108.0;2130.0;2418.0;2340.0;2356.0;2044.0;2201.0
2296.0;2022-02-28;15.0;21.0;24.0;27.0;673.0;34.0;6.0;15.0;21.0;502.0;34.0;0.0;34.0;844.0;82.0;170.0;4;4;4;4;4;4;4;0;0;0;1;0;0;0;0;0;0;0;0;0;1;0;0;0.0;0.0;0.0;0.0;0.0;0.0;0.0;0.0;0.0;0.0;0.0;0.0;0.0;0.0;0.0;0.0;0.0;0.0;0.0;0.0;0.0;0.0;1.0;0.0;0.0;0.0;0.0;0.0;0.0;0.0;0.0;0.0;0.0;0.0;0.0;2.0;0.0;0.0;0.0;1.0;1.0;0;1;0;0;JAGUARIAÍVA;REGIÃO CENTRAL;67;2170.0;2325.0;2340.0;2356.0;2100.0;2170.0;2108.0;2130.0;2418.0;2340.0;2356.0;2044.0
3255.0;2022-03-31;15.0;19.0;24.0;27.0;729.0;34.0;10.0;15.0;21.0;573.0;34.0;0.0;34.0;884.0;41.0;325.0;4;5;5;4;4;4;5;0;0;0;0;0;0;0;0;1;0;0;0;0;1;0;0;0.0;0.0;0.0;0.0;0.0;0.0;0.0;0.0;0.0;0.0;0.0;0.0;0.0;0.0;0.0;0.0;0.0;0.0;0.0;0.0;0.0;0.0;1.0;0.0;0.0;0.0;0.0;0.0;0.0;0.0;0.0;0.0;0.0;0.0;0.0;2.0;0.0;0.0;0.0;1.0;1.0;0;1;0;0;JAGUARIAÍVA;REGIÃO CENTRAL;68;2296.0;2170.0;2325.0;2340.0;2356.0;2100.0;2170.0;2108.0;2130.0;2418.0;2340.0;2356.0
3600.0;2022-04-30;9.0;15.0;20.0;24.0;612.0;30.0;3.0;9.0;18.0;457.0;30.0;0.0;30.0;768.0;35.0;95.0;4;4;4;4;5;5;4;1;0;0;0;0;0;0;0;0;0;0;0;0;1;0;0;0.0;0.0;0.0;0.0;0.0;0.0;0.0;0.0;0.0;0.0;0.0;0.0;0.0;0.0;0.0;0.0;0.0;0.0;0.0;0.0;0.0;0.0;1.0;0.0;0.0;0.0;0.0;0.0;0.0;0.0;0.0;0.0;0.0;0.0;0.0;2.0;0.0;0.0;0.0;1.0;1.0;0;1;0;0;JAGUARIAÍVA;REGIÃO CENTRAL;69;3255.0;2296.0;2170.0;2325.0;2340.0;2356.0;2100.0;2170.0;2108.0;2130.0;2418.0;2340.0
4433.0;2022-05-31;4.0;9.0;16.0;22.0;505.0;27.0;5.0;4.0;18.0;346.0;27.0;0.0;27.0;663.0;92.0;141.0;5;4;4;5;4;4;5;0;0;0;0;0;0;0;1;0;0;0;0;0;1;0;0;0.0;0.0;0.0;0.0;0.0;0.0;0.0;0.0;0.0;0.0;0.0;0.0;0.0;0.0;0.0;0.0;0.0;0.0;0.0;0.0;0.0;0.0;1.0;0.0;0.0;0.0;0.0;0.0;0.0;0.0;0.0;0.0;0.0;0.0;0.0;2.0;0.0;0.0;0.0;1.0;1.0;0;0;0;0;JAGUARIAÍVA;REGIÃO CENTRAL;70;3600.0;3255.0;2296.0;2170.0;2325.0;2340.0;2356.0;2100.0;2170.0;2108.0;2130.0;2418.0
4290.0;2022-06-30;2.0;10.0;16.0;21.0;482.0;27.0;1.0;2.0;16.0;327.0;27.0;0.0;27.0;637.0;13.0;44.0;4;5;5;4;4;4;4;0;0;0;0;0;0;1;0;0;0;0;0;0;1;0;0;0.0;0.0;0.0;0.0;0.0;0.0;0.0;0.0;0.0;0.0;0.0;0.0;0.0;0.0;0.0;0.0;0.0;0.0;0.0;0.0;0.0;0.0;1.0;0.0;0.0;0.0;0.0;0.0;0.0;0.0;0.0;0.0;0.0;0.0;0.0;2.0;0.0;0.0;0.0;1.0;1.0;0;1;0;0;JAGUARIAÍVA;REGIÃO CENTRAL;71;4433.0;3600.0;3255.0;2296.0;2170.0;2325.0;2340.0;2356.0;2100.0;2170.0;2108.0;2130.0
3441.0;2022-07-31;4.0;12.0;18.0;21.0;559.0;28.0;1.0;4.0;16.0;356.0;28.0;0.0;28.0;761.0;12.0;19.0;5;4;4;4;5;5;4;0;0;0;0;0;1;0;0;0;0;0;0;0;1;0;0;0.0;0.0;0.0;0.0;0.0;0.0;0.0;0.0;0.0;0.0;0.0;0.0;0.0;0.0;0.0;0.0;0.0;0.0;0.0;0.0;0.0;0.0;1.0;0.0;0.0;0.0;0.0;0.0;0.0;0.0;0.0;0.0;0.0;0.0;0.0;2.0;0.0;0.0;0.0;1.0;1.0;0;0;0;0;JAGUARIAÍVA;REGIÃO CENTRAL;72;4290.0;4433.0;3600.0;3255.0;2296.0;2170.0;2325.0;2340.0;2356.0;2100.0;2170.0;2108.0
5022.0;2022-08-31;2.0;9.0;16.0;21.0;495.0;29.0;7.0;2.0;16.0;323.0;29.0;0.0;29.0;667.0;58.0;211.0;4;5;4;5;4;4;5;0;1;0;0;0;0;0;0;0;0;0;0;0;1;0;0;0.0;0.0;0.0;0.0;0.0;0.0;0.0;0.0;0.0;0.0;0.0;0.0;0.0;0.0;0.0;0.0;0.0;0.0;0.0;0.0;0.0;0.0;1.0;0.0;0.0;0.0;0.0;0.0;0.0;0.0;0.0;0.0;0.0;0.0;0.0;2.0;0.0;0.0;0.0;1.0;1.0;0;0;0;0;JAGUARIAÍVA;REGIÃO CENTRAL;73;3441.0;4290.0;4433.0;3600.0;3255.0;2296.0;2170.0;2325.0;2340.0;2356.0;2100.0;2170.0
4710.0;2022-09-30;5.0;12.0;16.0;24.0;477.0;31.0;8.0;5.0;19.0;344.0;31.0;0.0;31.0;610.0;70.0;244.0;4;4;5;4;5;4;4;0;0;0;0;0;0;0;0;0;0;0;1;0;1;0;0;0.0;0.0;0.0;0.0;0.0;0.0;0.0;0.0;0.0;0.0;0.0;0.0;0.0;0.0;0.0;0.0;0.0;0.0;0.0;0.0;0.0;0.0;1.0;0.0;0.0;0.0;0.0;0.0;0.0;0.0;0.0;0.0;0.0;0.0;0.0;2.0;0.0;0.0;0.0;1.0;1.0;0;0;0;0;JAGUARIAÍVA;REGIÃO CENTRAL;74;5022.0;3441.0;4290.0;4433.0;3600.0;3255.0;2296.0;2170.0;2325.0;2340.0;2356.0;2100.0
5580.0;2022-10-31;1.0;13.0;20.0;24.0;611.0;30.0;11.0;1.0;18.0;444.0;30.0;0.0;30.0;778.0;75.0;356.0;5;4;4;5;4;5;4;0;0;0;0;0;0;0;0;0;0;1;0;0;1;0;0;0.0;0.0;0.0;0.0;0.0;0.0;0.0;0.0;0.0;0.0;0.0;0.0;0.0;0.0;0.0;0.0;0.0;0.0;0.0;0.0;0.0;0.0;1.0;0.0;0.0;0.0;0.0;0.0;0.0;0.0;0.0;0.0;0.0;0.0;0.0;2.0;0.0;0.0;0.0;1.0;1.0;0;0;0;0;JAGUARIAÍVA;REGIÃO CENTRAL;75;4710.0;5022.0;3441.0;4290.0;4433.0;3600.0;3255.0;2296.0;2170.0;2325.0;2340.0;2356.0
5190.0;2022-11-30;8.0;11.0;19.0;22.0;555.0;29.0;2.0;8.0;17.0;385.0;29.0;0.0;29.0;725.0;21.0;53.0;4;5;4;4;4;4;5;0;0;0;0;0;0;0;0;0;1;0;0;0;1;0;0;0.0;0.0;0.0;0.0;0.0;0.0;0.0;0.0;0.0;0.0;0.0;0.0;0.0;0.0;0.0;0.0;0.0;0.0;0.0;0.0;0.0;0.0;1.0;0.0;0.0;0.0;0.0;0.0;0.0;0.0;0.0;0.0;0.0;0.0;0.0;2.0;0.0;0.0;0.0;1.0;1.0;0;0;0;0;JAGUARIAÍVA;REGIÃO CENTRAL;76;5580.0;4710.0;5022.0;3441.0;4290.0;4433.0;3600.0;3255.0;2296.0;2170.0;2325.0;2340.0
4588.0;2022-12-31;-3.0;12.0;21.0;25.0;662.0;31.0;8.0;-3.0;20.0;502.0;31.0;0.0;31.0;823.0;46.0;238.0;4;4;5;4;5;5;4;0;0;1;0;0;0;0;0;0;0;0;0;0;1;0;0;0.0;0.0;0.0;0.0;0.0;0.0;0.0;0.0;0.0;0.0;0.0;0.0;0.0;0.0;0.0;0.0;0.0;0.0;0.0;0.0;0.0;0.0;1.0;0.0;0.0;0.0;0.0;0.0;0.0;0.0;0.0;0.0;0.0;0.0;0.0;2.0;0.0;0.0;0.0;1.0;1.0;0;0;0;0;JAGUARIAÍVA;REGIÃO CENTRAL;77;5190.0;5580.0;4710.0;5022.0;3441.0;4290.0;4433.0;3600.0;3255.0;2296.0;2170.0;2325.0
3503.0;2023-01-31;13.0;18.0;22.0;25.0;691.0;31.0;5.0;13.0;20.0;544.0;31.0;0.0;31.0;839.0;32.0;168.0;5;4;4;5;4;4;5;0;0;0;0;1;0;0;0;0;0;0;0;0;0;1;0;0.0;0.0;0.0;0.0;0.0;0.0;0.0;0.0;0.0;0.0;0.0;0.0;0.0;0.0;0.0;0.0;0.0;0.0;0.0;0.0;0.0;0.0;1.0;0.0;0.0;0.0;0.0;0.0;0.0;0.0;0.0;0.0;0.0;0.0;0.0;2.0;0.0;0.0;0.0;1.0;1.0;31;0;0;0;JAGUARIAÍVA;REGIÃO CENTRAL;78;4588.0;5190.0;5580.0;4710.0;5022.0;3441.0;4290.0;4433.0;3600.0;3255.0;2296.0;2170.0
3976.0;2023-02-28;14.0;17.0;22.0;24.0;617.0;31.0;11.0;14.0;20.0;497.0;31.0;0.0;31.0;736.0;80.0;300.0;4;4;4;4;4;4;4;0;0;0;1;0;0;0;0;0;0;0;0;0;0;1;0;0.0;0.0;0.0;0.0;0.0;0.0;0.0;0.0;0.0;0.0;0.0;0.0;0.0;0.0;0.0;0.0;0.0;0.0;0.0;0.0;0.0;0.0;1.0;0.0;0.0;0.0;0.0;0.0;0.0;0.0;0.0;0.0;0.0;0.0;0.0;2.0;0.0;0.0;0.0;1.0;1.0;0;3;0;0;JAGUARIAÍVA;REGIÃO CENTRAL;79;3503.0;4588.0;5190.0;5580.0;4710.0;5022.0;3441.0;4290.0;4433.0;3600.0;3255.0;2296.0
6138.0;2023-03-31;16.0;21.0;23.0;25.0;717.0;31.0;6.0;16.0;20.0;560.0;31.0;0.0;31.0;874.0;47.0;190.0;4;5;5;4;5;4;4;0;0;0;0;0;0;0;0;1;0;0;0;0;0;1;0;0.0;0.0;0.0;0.0;0.0;0.0;0.0;0.0;0.0;0.0;0.0;0.0;0.0;0.0;0.0;0.0;0.0;0.0;0.0;0.0;0.0;0.0;1.0;0.0;0.0;0.0;0.0;0.0;0.0;0.0;0.0;0.0;0.0;0.0;0.0;2.0;0.0;0.0;0.0;1.0;1.0;0;0;0;0;JAGUARIAÍVA;REGIÃO CENTRAL;80;3976.0;3503.0;4588.0;5190.0;5580.0;4710.0;5022.0;3441.0;4290.0;4433.0;3600.0;3255.0
5400.0;2023-04-30;9.0;15.0;20.0;24.0;590.0;30.0;4.0;9.0;18.0;447.0;30.0;0.0;30.0;734.0;50.0;133.0;5;4;4;4;4;5;4;1;0;0;0;0;0;0;0;0;0;0;0;0;0;1;0;0.0;0.0;0.0;0.0;0.0;0.0;0.0;0.0;0.0;0.0;0.0;0.0;0.0;0.0;0.0;0.0;0.0;0.0;0.0;0.0;0.0;0.0;1.0;0.0;0.0;0.0;0.0;0.0;0.0;0.0;0.0;0.0;0.0;0.0;0.0;2.0;0.0;0.0;0.0;1.0;1.0;0;1;0;0;JAGUARIAÍVA;REGIÃO CENTRAL;81;6138.0;3976.0;3503.0;4588.0;5190.0;5580.0;4710.0;5022.0;3441.0;4290.0;4433.0;3600.0
6417.0;2023-05-31;8.0;14.0;18.0;23.0;563.0;28.0;2.0;8.0;18.0;395.0;28.0;0.0;28.0;731.0;15.0;48.0;4;5;4;5;4;4;5;0;0;0;0;0;0;0;1;0;0;0;0;0;0;1;0;0.0;0.0;0.0;0.0;0.0;0.0;0.0;0.0;0.0;0.0;0.0;0.0;0.0;0.0;0.0;0.0;0.0;0.0;0.0;0.0;0.0;0.0;1.0;0.0;0.0;0.0;0.0;0.0;0.0;0.0;0.0;0.0;0.0;0.0;0.0;2.0;0.0;0.0;0.0;1.0;1.0;0;0;0;0;JAGUARIAÍVA;REGIÃO CENTRAL;82;5400.0;6138.0;3976.0;3503.0;4588.0;5190.0;5580.0;4710.0;5022.0;3441.0;4290.0;4433.0
6240.0;2023-06-30;6.0;12.0;16.0;21.0;489.0;28.0;6.0;6.0;15.0;315.0;28.0;0.0;28.0;664.0;88.0;172.0;4;4;5;4;5;4;4;0;0;0;0;0;0;1;0;0;0;0;0;0;0;1;0;0.0;0.0;0.0;0.0;0.0;0.0;0.0;0.0;0.0;0.0;0.0;0.0;0.0;0.0;0.0;0.0;0.0;0.0;0.0;0.0;0.0;0.0;1.0;0.0;0.0;0.0;0.0;0.0;0.0;0.0;0.0;0.0;0.0;0.0;0.0;2.0;0.0;0.0;0.0;1.0;1.0;0;1;0;0;JAGUARIAÍVA;REGIÃO CENTRAL;83;6417.0;5400.0;6138.0;3976.0;3503.0;4588.0;5190.0;5580.0;4710.0;5022.0;3441.0;4290.0
4309.0;2023-07-31;4.0;11.0;16.0;21.0;508.0;27.0;4.0;4.0;16.0;351.0;27.0;0.0;27.0;664.0;34.0;124.0;5;4;4;5;4;5;4;0;0;0;0;0;1;0;0;0;0;0;0;0;0;1;0;0.0;0.0;0.0;0.0;0.0;0.0;0.0;0.0;0.0;0.0;0.0;0.0;0.0;0.0;0.0;0.0;0.0;0.0;0.0;0.0;0.0;0.0;1.0;0.0;0.0;0.0;0.0;0.0;0.0;0.0;0.0;0.0;0.0;0.0;0.0;2.0;0.0;0.0;0.0;1.0;1.0;15;0;0;0;JAGUARIAÍVA;REGIÃO CENTRAL;84;6240.0;6417.0;5400.0;6138.0;3976.0;3503.0;4588.0;5190.0;5580.0;4710.0;5022.0;3441.0
6572.0;2023-08-31;6.0;11.0;18.0;25.0;557.0;32.0;4.0;6.0;19.0;372.0;32.0;0.0;32.0;743.0;45.0;135.0;4;5;5;4;4;4;5;0;1;0;0;0;0;0;0;0;0;0;0;0;0;1;0;0.0;0.0;0.0;0.0;0.0;0.0;0.0;0.0;0.0;0.0;0.0;0.0;0.0;0.0;0.0;0.0;0.0;0.0;0.0;0.0;0.0;0.0;1.0;0.0;0.0;0.0;0.0;0.0;0.0;0.0;0.0;0.0;0.0;0.0;0.0;2.0;0.0;0.0;0.0;1.0;1.0;0;0;0;0;JAGUARIAÍVA;REGIÃO CENTRAL;85;4309.0;6240.0;6417.0;5400.0;6138.0;3976.0;3503.0;4588.0;5190.0;5580.0;4710.0;5022.0
6240.0;2023-09-30;8.0;15.0;21.0;27.0;645.0;35.0;5.0;8.0;22.0;464.0;35.0;0.0;35.0;826.0;44.0;143.0;4;4;4;4;5;5;4;0;0;0;0;0;0;0;0;0;0;0;1;0;0;1;0;0.0;0.0;0.0;0.0;0.0;0.0;0.0;0.0;0.0;0.0;0.0;0.0;0.0;0.0;0.0;0.0;0.0;0.0;0.0;0.0;0.0;0.0;1.0;0.0;0.0;0.0;0.0;0.0;0.0;0.0;0.0;0.0;0.0;0.0;0.0;2.0;0.0;0.0;0.0;1.0;1.0;0;0;0;0;JAGUARIAÍVA;REGIÃO CENTRAL;86;6572.0;4309.0;6240.0;6417.0;5400.0;6138.0;3976.0;3503.0;4588.0;5190.0;5580.0;4710.0
6293.0;2023-10-31;12.0;16.0;21.0;26.0;649.0;33.0;13.0;12.0;21.0;503.0;33.0;0.0;33.0;796.0;108.0;412.0;5;4;4;5;4;4;5;0;0;0;0;0;0;0;0;0;0;1;0;0;0;1;0;0.0;0.0;0.0;0.0;0.0;0.0;0.0;0.0;0.0;0.0;0.0;0.0;0.0;0.0;0.0;0.0;0.0;0.0;0.0;0.0;0.0;0.0;1.0;0.0;0.0;0.0;0.0;0.0;0.0;0.0;0.0;0.0;0.0;0.0;0.0;2.0;0.0;0.0;0.0;1.0;1.0;0;0;0;0;JAGUARIAÍVA;REGIÃO CENTRAL;87;6240.0;6572.0;4309.0;6240.0;6417.0;5400.0;6138.0;3976.0;3503.0;4588.0;5190.0;5580.0
6570.0;2023-11-30;9.0;16.0;22.0;28.0;656.0;35.0;7.0;9.0;22.0;498.0;35.0;0.0;35.0;814.0;60.0;209.0;4;5;5;4;4;4;4;0;0;0;0;0;0;0;0;0;1;0;0;0;0;1;0;0.0;0.0;0.0;0.0;0.0;0.0;0.0;0.0;0.0;0.0;0.0;0.0;0.0;0.0;0.0;0.0;0.0;0.0;0.0;0.0;0.0;0.0;1.0;0.0;0.0;0.0;0.0;0.0;0.0;0.0;0.0;0.0;0.0;0.0;0.0;2.0;0.0;0.0;0.0;1.0;1.0;0;0;0;0;JAGUARIAÍVA;REGIÃO CENTRAL;88;6293.0;6240.0;6572.0;4309.0;6240.0;6417.0;5400.0;6138.0;3976.0;3503.0;4588.0;5190.0
6386.0;2023-12-31;14.0;18.0;24.0;27.0;732.0;34.0;4.0;14.0;21.0;559.0;34.0;0.0;34.0;905.0;63.0;139.0;5;4;4;4;5;5;4;0;0;1;0;0;0;0;0;0;0;0;0;0;0;1;0;0.0;0.0;0.0;0.0;0.0;0.0;0.0;0.0;0.0;0.0;0.0;0.0;0.0;0.0;0.0;0.0;0.0;0.0;0.0;0.0;0.0;0.0;1.0;0.0;0.0;0.0;0.0;0.0;0.0;0.0;0.0;0.0;0.0;0.0;0.0;2.0;0.0;0.0;0.0;1.0;1.0;0;0;0;0;JAGUARIAÍVA;REGIÃO CENTRAL;89;6570.0;6293.0;6240.0;6572.0;4309.0;6240.0;6417.0;5400.0;6138.0;3976.0;3503.0;4588.0
4123.0;2024-01-31;14.0;18.0;23.0;28.0;724.0;35.0;4.0;14.0;22.0;567.0;35.0;0.0;35.0;882.0;47.0;133.0;4;5;4;5;4;4;5;0;0;0;0;1;0;0;0;0;0;0;0;0;0;0;1;0.0;0.0;0.0;0.0;0.0;0.0;0.0;0.0;0.0;0.0;0.0;0.0;0.0;0.0;0.0;0.0;0.0;0.0;0.0;0.0;0.0;0.0;1.0;0.0;0.0;0.0;0.0;0.0;0.0;0.0;0.0;0.0;0.0;0.0;0.0;2.0;0.0;0.0;0.0;1.0;1.0;31;0;0;0;JAGUARIAÍVA;REGIÃO CENTRAL;90;6386.0;6570.0;6293.0;6240.0;6572.0;4309.0;6240.0;6417.0;5400.0;6138.0;3976.0;3503.0
6931.0;2024-02-29;17.0;19.0;24.0;27.0;694.0;32.0;4.0;17.0;21.0;550.0;32.0;0.0;32.0;839.0;27.0;106.0;4;4;5;4;4;4;4;0;0;0;1;0;0;0;0;0;0;0;0;0;0;0;1;0.0;0.0;0.0;0.0;0.0;0.0;0.0;0.0;0.0;0.0;0.0;0.0;0.0;0.0;0.0;0.0;0.0;0.0;0.0;0.0;0.0;0.0;1.0;0.0;0.0;0.0;0.0;0.0;0.0;0.0;0.0;0.0;0.0;0.0;0.0;2.0;0.0;0.0;0.0;1.0;1.0;0;3;0;0;JAGUARIAÍVA;REGIÃO CENTRAL;91;4123.0;6386.0;6570.0;6293.0;6240.0;6572.0;4309.0;6240.0;6417.0;5400.0;6138.0;3976.0
7602.0;2024-03-31;16.0;18.0;24.0;28.0;742.0;34.0;5.0;16.0;22.0;589.0;34.0;0.0;34.0;894.0;45.0;167.0;5;4;4;4;5;5;4;0;0;0;0;0;0;0;0;1;0;0;0;0;0;0;1;0.0;0.0;0.0;0.0;0.0;0.0;0.0;0.0;0.0;0.0;0.0;0.0;0.0;0.0;0.0;0.0;0.0;0.0;0.0;0.0;0.0;0.0;1.0;0.0;0.0;0.0;0.0;0.0;0.0;0.0;0.0;0.0;0.0;0.0;0.0;2.0;0.0;0.0;0.0;1.0;1.0;0;1;0;0;JAGUARIAÍVA;REGIÃO CENTRAL;92;6931.0;4123.0;6386.0;6570.0;6293.0;6240.0;6572.0;4309.0;6240.0;6417.0;5400.0;6138.0
6360.0;2024-04-30;10.0;17.0;22.0;26.0;672.0;32.0;1.0;10.0;21.0;527.0;32.0;0.0;32.0;817.0;27.0;37.0;4;4;4;5;4;4;5;1;0;0;0;0;0;0;0;0;0;0;0;0;0;0;1;0.0;0.0;0.0;0.0;0.0;0.0;0.0;0.0;0.0;0.0;0.0;0.0;0.0;0.0;0.0;0.0;0.0;0.0;0.0;0.0;0.0;0.0;1.0;0.0;0.0;0.0;0.0;0.0;0.0;0.0;0.0;0.0;0.0;0.0;0.0;2.0;0.0;0.0;0.0;1.0;1.0;0;0;0;0;JAGUARIAÍVA;REGIÃO CENTRAL;93;7602.0;6931.0;4123.0;6386.0;6570.0;6293.0;6240.0;6572.0;4309.0;6240.0;6417.0;5400.0
3999.0;2024-05-31;5.0;12.0;20.0;26.0;618.0;31.0;1.0;5.0;20.0;467.0;31.0;0.0;31.0;770.0;17.0;23.0;4;5;5;4;5;4;4;0;0;0;0;0;0;0;1;0;0;0;0;0;0;0;1;0.0;0.0;0.0;0.0;0.0;0.0;0.0;0.0;0.0;0.0;0.0;0.0;0.0;0.0;0.0;0.0;0.0;0.0;0.0;0.0;0.0;0.0;1.0;0.0;0.0;0.0;0.0;0.0;0.0;0.0;0.0;0.0;0.0;0.0;0.0;2.0;0.0;0.0;0.0;1.0;1.0;0;1;0;30;JAGUARIAÍVA;REGIÃO CENTRAL;94;6360.0;7602.0;6931.0;4123.0;6386.0;6570.0;6293.0;6240.0;6572.0;4309.0;6240.0;6417.0
3600.0;2024-06-30;6.0;12.0;19.0;22.0;578.0;29.0;0.0;6.0;17.0;392.0;29.0;0.0;29.0;763.0;1.0;3.0;5;4;4;4;4;5;4;0;0;0;0;0;0;1;0;0;0;0;0;0;0;0;1;0.0;0.0;0.0;0.0;0.0;0.0;0.0;0.0;0.0;0.0;0.0;0.0;0.0;0.0;0.0;0.0;0.0;0.0;0.0;0.0;0.0;0.0;1.0;0.0;0.0;0.0;0.0;0.0;0.0;0.0;0.0;0.0;0.0;0.0;0.0;2.0;0.0;0.0;0.0;1.0;1.0;0;0;0;30;JAGUARIAÍVA;REGIÃO CENTRAL;95;3999.0;6360.0;7602.0;6931.0;4123.0;6386.0;6570.0;6293.0;6240.0;6572.0;4309.0;6240.0
6603.0;2024-07-31;4.0;11.0;16.0;20.0;482.0;28.0;2.0;4.0;15.0;309.0;28.0;0.0;28.0;655.0;19.0;52.0;4;5;4;5;4;4;5;0;0;0;0;0;1;0;0;0;0;0;0;0;0;0;1;0.0;0.0;0.0;0.0;0.0;0.0;0.0;0.0;0.0;0.0;0.0;0.0;0.0;0.0;0.0;0.0;0.0;0.0;0.0;0.0;0.0;0.0;1.0;0.0;0.0;0.0;0.0;0.0;0.0;0.0;0.0;0.0;0.0;0.0;0.0;2.0;0.0;0.0;0.0;1.0;1.0;12;0;0;0;JAGUARIAÍVA;REGIÃO CENTRAL;96;3600.0;3999.0;6360.0;7602.0;6931.0;4123.0;6386.0;6570.0;6293.0;6240.0;6572.0;4309.0
6603.0;2024-08-31;0.0;8.0;17.0;23.0;536.0;33.0;2.0;0.0;16.0;298.0;33.0;0.0;33.0;774.0;43.0;58.0;4;4;5;4;5;5;4;0;1;0;0;0;0;0;0;0;0;0;0;0;0;0;1;0.0;0.0;0.0;0.0;0.0;0.0;0.0;0.0;0.0;0.0;0.0;0.0;0.0;0.0;0.0;0.0;0.0;0.0;0.0;0.0;0.0;0.0;1.0;0.0;0.0;0.0;0.0;0.0;0.0;0.0;0.0;0.0;0.0;0.0;0.0;2.0;0.0;0.0;0.0;1.0;1.0;0;0;0;0;JAGUARIAÍVA;REGIÃO CENTRAL;97;6603.0;3600.0;3999.0;6360.0;7602.0;6931.0;4123.0;6386.0;6570.0;6293.0;6240.0;6572.0
6960.0;2024-09-30;11.0;14.0;21.0;25.0;638.0;35.0;1.0;11.0;18.0;426.0;35.0;0.0;35.0;851.0;10.0;37.0;5;4;4;5;4;4;4;0;0;0;0;0;0;0;0;0;0;0;1;0;0;0;1;0.0;0.0;0.0;0.0;0.0;0.0;0.0;0.0;0.0;0.0;0.0;0.0;0.0;0.0;0.0;0.0;0.0;0.0;0.0;0.0;0.0;0.0;1.0;0.0;0.0;0.0;0.0;0.0;0.0;0.0;0.0;0.0;0.0;0.0;0.0;2.0;0.0;0.0;0.0;1.0;1.0;0;0;0;0;JAGUARIAÍVA;REGIÃO CENTRAL;98;6603.0;6603.0;3600.0;3999.0;6360.0;7602.0;6931.0;4123.0;6386.0;6570.0;6293.0;6240.0
7602.0;2024-10-31;11.0;14.0;20.0;25.0;631.0;34.0;3.0;11.0;20.0;485.0;34.0;0.0;34.0;776.0;19.0;87.0;4;5;5;4;4;4;5;0;0;0;0;0;0;0;0;0;0;1;0;0;0;0;1;0.0;0.0;0.0;0.0;0.0;0.0;0.0;0.0;0.0;0.0;0.0;0.0;0.0;0.0;0.0;0.0;0.0;0.0;0.0;0.0;0.0;0.0;1.0;0.0;0.0;0.0;0.0;0.0;0.0;0.0;0.0;0.0;0.0;0.0;0.0;2.0;0.0;0.0;0.0;1.0;1.0;0;0;0;0;JAGUARIAÍVA;REGIÃO CENTRAL;99;6960.0;6603.0;6603.0;3600.0;3999.0;6360.0;7602.0;6931.0;4123.0;6386.0;6570.0;6293.0
6780.0;2018-10-31;14.0;19.0;23.0;26.0;704.0;32.0;9.0;14.0;21.0;548.0;32.0;0.0;32.0;859.0;40.0;288.0;4;5;4;5;4;4;5;0;0;0;0;0;0;0;0;0;0;1;0;0;0;0;0;0.0;0.0;0.0;1.0;0.0;0.0;0.0;0.0;0.0;0.0;0.0;0.0;0.0;0.0;0.0;0.0;0.0;0.0;0.0;0.0;0.0;0.0;0.0;1.0;0.0;0.0;0.0;0.0;0.0;0.0;0.0;0.0;0.0;0.0;0.0;2.0;4.0;1.0;0.0;1.0;0.0;0;0;0;0;LONDRINA - CENTRO;REGIÃO NORTE;1;6350.0;4781.0;4600.0;4740.0;5512.0;7930.0;8647.0;7056.0;6734.0;6252.0;6930.0;6937.0
7980.0;2018-11-30;14.0;19.0;24.0;30.0;719.0;35.0;4.0;14.0;26.0;543.0;35.0;0.0;35.0;895.0;28.0;112.0;4;4;5;4;5;4;4;0;0;0;0;0;0;0;0;0;1;0;0;0;0;0;0;0.0;0.0;0.0;1.0;0.0;0.0;0.0;0.0;0.0;0.0;0.0;0.0;0.0;0.0;0.0;0.0;0.0;0.0;0.0;0.0;0.0;0.0;0.0;1.0;0.0;0.0;0.0;0.0;0.0;0.0;0.0;0.0;0.0;0.0;0.0;2.0;4.0;1.0;0.0;1.0;0.0;0;0;0;0;LONDRINA - CENTRO;REGIÃO NORTE;2;6780.0;6350.0;4781.0;4600.0;4740.0;5512.0;7930.0;8647.0;7056.0;6734.0;6252.0;6930.0
8022.0;2018-12-31;14.0;21.0;26.0;29.0;805.0;35.0;4.0;14.0;24.0;631.0;35.0;0.0;35.0;979.0;34.0;110.0;5;4;4;5;4;5;4;0;0;1;0;0;0;0;0;0;0;0;0;0;0;0;0;0.0;0.0;0.0;1.0;0.0;0.0;0.0;0.0;0.0;0.0;0.0;0.0;0.0;0.0;0.0;0.0;0.0;0.0;0.0;0.0;0.0;0.0;0.0;1.0;0.0;0.0;0.0;0.0;0.0;0.0;0.0;0.0;0.0;0.0;0.0;2.0;4.0;1.0;0.0;1.0;0.0;0;0;0;0;LONDRINA - CENTRO;REGIÃO NORTE;3;7980.0;6780.0;6350.0;4781.0;4600.0;4740.0;5512.0;7930.0;8647.0;7056.0;6734.0;6252.0
8006.0;2019-01-31;19.0;24.0;27.0;30.0;840.0;36.0;5.0;19.0;27.0;690.0;36.0;0.0;36.0;990.0;24.0;154.0;4;5;5;4;4;4;5;0;0;0;0;1;0;0;0;0;0;0;0;0;0;0;0;0.0;0.0;0.0;0.0;1.0;0.0;0.0;0.0;0.0;0.0;0.0;0.0;0.0;0.0;0.0;0.0;0.0;0.0;0.0;0.0;0.0;0.0;0.0;1.0;0.0;0.0;0.0;0.0;0.0;0.0;0.0;0.0;0.0;0.0;0.0;2.0;4.0;1.0;0.0;1.0;0.0;31;0;0;0;LONDRINA - CENTRO;REGIÃO NORTE;4;8022.0;7980.0;6780.0;6350.0;4781.0;4600.0;4740.0;5512.0;7930.0;8647.0;7056.0;6734.0
7754.0;2019-02-28;17.0;22.0;25.0;30.0;714.0;37.0;5.0;17.0;24.0;570.0;37.0;0.0;37.0;857.0;38.0;129.0;4;4;4;4;4;4;4;0;0;0;1;0;0;0;0;0;0;0;0;0;0;0;0;0.0;0.0;0.0;0.0;1.0;0.0;0.0;0.0;0.0;0.0;0.0;0.0;0.0;0.0;0.0;0.0;0.0;0.0;0.0;0.0;0.0;0.0;0.0;1.0;0.0;0.0;0.0;0.0;0.0;0.0;0.0;0.0;0.0;0.0;0.0;2.0;4.0;1.0;0.0;1.0;0.0;0;0;0;0;LONDRINA - CENTRO;REGIÃO NORTE;5;8006.0;8022.0;7980.0;6780.0;6350.0;4781.0;4600.0;4740.0;5512.0;7930.0;8647.0;7056.0
9991.0;2019-03-31;16.0;22.0;25.0;27.0;770.0;32.0;3.0;16.0;22.0;611.0;32.0;0.0;32.0;930.0;18.0;107.0;5;4;4;4;5;5;4;0;0;0;0;0;0;0;0;1;0;0;0;0;0;0;0;0.0;0.0;0.0;0.0;1.0;0.0;0.0;0.0;0.0;0.0;0.0;0.0;0.0;0.0;0.0;0.0;0.0;0.0;0.0;0.0;0.0;0.0;0.0;1.0;0.0;0.0;0.0;0.0;0.0;0.0;0.0;0.0;0.0;0.0;0.0;2.0;4.0;1.0;0.0;1.0;0.0;0;3;0;0;LONDRINA - CENTRO;REGIÃO NORTE;6;7754.0;8006.0;8022.0;7980.0;6780.0;6350.0;4781.0;4600.0;4740.0;5512.0;7930.0;8647.0
9450.0;2019-04-30;14.0;21.0;24.0;26.0;711.0;31.0;1.0;14.0;22.0;560.0;31.0;0.0;31.0;861.0;5.0;21.0;4;4;4;5;4;4;5;1;0;0;0;0;0;0;0;0;0;0;0;0;0;0;0;0.0;0.0;0.0;0.0;1.0;0.0;0.0;0.0;0.0;0.0;0.0;0.0;0.0;0.0;0.0;0.0;0.0;0.0;0.0;0.0;0.0;0.0;0.0;1.0;0.0;0.0;0.0;0.0;0.0;0.0;0.0;0.0;0.0;0.0;0.0;2.0;4.0;1.0;0.0;1.0;0.0;0;1;0;0;LONDRINA - CENTRO;REGIÃO NORTE;7;9991.0;7754.0;8006.0;8022.0;7980.0;6780.0;6350.0;4781.0;4600.0;4740.0;5512.0;7930.0
6947.0;2019-05-31;10.0;15.0;21.0;26.0;650.0;31.0;4.0;10.0;21.0;515.0;31.0;0.0;31.0;785.0;47.0;116.0;4;5;5;4;5;4;4;0;0;0;0;0;0;0;1;0;0;0;0;0;0;0;0;0.0;0.0;0.0;0.0;1.0;0.0;0.0;0.0;0.0;0.0;0.0;0.0;0.0;0.0;0.0;0.0;0.0;0.0;0.0;0.0;0.0;0.0;0.0;1.0;0.0;0.0;0.0;0.0;0.0;0.0;0.0;0.0;0.0;0.0;0.0;2.0;4.0;1.0;0.0;1.0;0.0;0;0;0;0;LONDRINA - CENTRO;REGIÃO NORTE;8;9450.0;9991.0;7754.0;8006.0;8022.0;7980.0;6780.0;6350.0;4781.0;4600.0;4740.0;5512.0
5390.0;2019-06-30;8.0;14.0;20.0;23.0;592.0;29.0;2.0;8.0;19.0;430.0;29.0;0.0;29.0;754.0;27.0;54.0;5;4;4;4;4;5;4;0;0;0;0;0;0;1;0;0;0;0;0;0;0;0;0;0.0;0.0;0.0;0.0;1.0;0.0;0.0;0.0;0.0;0.0;0.0;0.0;0.0;0.0;0.0;0.0;0.0;0.0;0.0;0.0;0.0;0.0;0.0;1.0;0.0;0.0;0.0;0.0;0.0;0.0;0.0;0.0;0.0;0.0;0.0;2.0;4.0;1.0;0.0;1.0;0.0;0;1;0;0;LONDRINA - CENTRO;REGIÃO NORTE;9;6947.0;9450.0;9991.0;7754.0;8006.0;8022.0;7980.0;6780.0;6350.0;4781.0;4600.0;4740.0
5120.0;2019-07-31;1.0;9.0;18.0;23.0;564.0;29.0;1.0;1.0;17.0;381.0;29.0;0.0;29.0;748.0;27.0;43.0;4;5;4;5;4;4;5;0;0;0;0;0;1;0;0;0;0;0;0;0;0;0;0;0.0;0.0;0.0;0.0;1.0;0.0;0.0;0.0;0.0;0.0;0.0;0.0;0.0;0.0;0.0;0.0;0.0;0.0;0.0;0.0;0.0;0.0;0.0;1.0;0.0;0.0;0.0;0.0;0.0;0.0;0.0;0.0;0.0;0.0;0.0;2.0;4.0;1.0;0.0;1.0;0.0;16;0;0;0;LONDRINA - CENTRO;REGIÃO NORTE;10;5390.0;6947.0;9450.0;9991.0;7754.0;8006.0;8022.0;7980.0;6780.0;6350.0;4781.0;4600.0
6199.0;2019-08-31;7.0;12.0;20.0;25.0;615.0;32.0;0.0;7.0;19.0;407.0;32.0;0.0;32.0;823.0;0.0;1.0;4;4;5;4;5;5;4;0;1;0;0;0;0;0;0;0;0;0;0;0;0;0;0;0.0;0.0;0.0;0.0;1.0;0.0;0.0;0.0;0.0;0.0;0.0;0.0;0.0;0.0;0.0;0.0;0.0;0.0;0.0;0.0;0.0;0.0;0.0;1.0;0.0;0.0;0.0;0.0;0.0;0.0;0.0;0.0;0.0;0.0;0.0;2.0;4.0;1.0;0.0;1.0;0.0;0;0;0;0;LONDRINA - CENTRO;REGIÃO NORTE;11;5120.0;5390.0;6947.0;9450.0;9991.0;7754.0;8006.0;8022.0;7980.0;6780.0;6350.0;4781.0
9330.0;2019-09-30;12.0;18.0;23.0;29.0;699.0;36.0;3.0;12.0;22.0;516.0;36.0;0.0;36.0;881.0;26.0;87.0;5;4;4;5;4;4;4;0;0;0;0;0;0;0;0;0;0;0;1;0;0;0;0;0.0;0.0;0.0;0.0;1.0;0.0;0.0;0.0;0.0;0.0;0.0;0.0;0.0;0.0;0.0;0.0;0.0;0.0;0.0;0.0;0.0;0.0;0.0;1.0;0.0;0.0;0.0;0.0;0.0;0.0;0.0;0.0;0.0;0.0;0.0;2.0;4.0;1.0;0.0;1.0;0.0;0;0;0;0;LONDRINA - CENTRO;REGIÃO NORTE;12;6199.0;5120.0;5390.0;6947.0;9450.0;9991.0;7754.0;8006.0;8022.0;7980.0;6780.0;6350.0
10815.0;2019-10-31;15.0;19.0;26.0;30.0;797.0;38.0;4.0;15.0;23.0;590.0;38.0;0.0;38.0;1004.0;42.0;121.0;4;5;5;4;4;4;5;0;0;0;0;0;0;0;0;0;0;1;0;0;0;0;0;0.0;0.0;0.0;0.0;1.0;0.0;0.0;0.0;0.0;0.0;0.0;0.0;0.0;0.0;0.0;0.0;0.0;0.0;0.0;0.0;0.0;0.0;0.0;1.0;0.0;0.0;0.0;0.0;0.0;0.0;0.0;0.0;0.0;0.0;0.0;2.0;4.0;1.0;0.0;1.0;0.0;0;0;0;0;LONDRINA - CENTRO;REGIÃO NORTE;13;9330.0;6199.0;5120.0;5390.0;6947.0;9450.0;9991.0;7754.0;8006.0;8022.0;7980.0;6780.0
10310.0;2019-11-30;15.0;22.0;25.0;30.0;756.0;37.0;2.0;15.0;25.0;572.0;37.0;0.0;37.0;941.0;24.0;74.0;4;4;4;4;5;5;4;0;0;0;0;0;0;0;0;0;1;0;0;0;0;0;0;0.0;0.0;0.0;0.0;1.0;0.0;0.0;0.0;0.0;0.0;0.0;0.0;0.0;0.0;0.0;0.0;0.0;0.0;0.0;0.0;0.0;0.0;0.0;1.0;0.0;0.0;0.0;0.0;0.0;0.0;0.0;0.0;0.0;0.0;0.0;2.0;4.0;1.0;0.0;1.0;0.0;0;0;0;0;LONDRINA - CENTRO;REGIÃO NORTE;14;10815.0;9330.0;6199.0;5120.0;5390.0;6947.0;9450.0;9991.0;7754.0;8006.0;8022.0;7980.0
7315.0;2019-12-31;16.0;20.0;24.0;28.0;749.0;34.0;9.0;16.0;22.0;596.0;34.0;0.0;34.0;903.0;41.0;269.0;5;4;4;5;4;4;5;0;0;1;0;0;0;0;0;0;0;0;0;0;0;0;0;0.0;0.0;0.0;0.0;1.0;0.0;0.0;0.0;0.0;0.0;0.0;0.0;0.0;0.0;0.0;0.0;0.0;0.0;0.0;0.0;0.0;0.0;0.0;1.0;0.0;0.0;0.0;0.0;0.0;0.0;0.0;0.0;0.0;0.0;0.0;2.0;4.0;1.0;0.0;1.0;0.0;0;0;0;0;LONDRINA - CENTRO;REGIÃO NORTE;15;10310.0;10815.0;9330.0;6199.0;5120.0;5390.0;6947.0;9450.0;9991.0;7754.0;8006.0;8022.0
6470.0;2020-01-31;17.0;21.0;25.0;28.0;778.0;33.0;6.0;17.0;24.0;645.0;33.0;0.0;33.0;912.0;47.0;190.0;4;5;5;4;5;4;4;0;0;0;0;1;0;0;0;0;0;0;0;0;0;0;0;0.0;0.0;0.0;0.0;0.0;1.0;0.0;0.0;0.0;0.0;0.0;0.0;0.0;0.0;0.0;0.0;0.0;0.0;0.0;0.0;0.0;0.0;0.0;1.0;0.0;0.0;0.0;0.0;0.0;0.0;0.0;0.0;0.0;0.0;0.0;2.0;4.0;1.0;0.0;1.0;0.0;31;0;0;0;LONDRINA - CENTRO;REGIÃO NORTE;16;7315.0;10310.0;10815.0;9330.0;6199.0;5120.0;5390.0;6947.0;9450.0;9991.0;7754.0;8006.0
9002.0;2020-02-29;16.0;22.0;25.0;28.0;715.0;34.0;4.0;16.0;23.0;576.0;34.0;0.0;34.0;854.0;54.0;113.0;4;4;4;4;4;5;4;0;0;0;1;0;0;0;0;0;0;0;0;0;0;0;0;0.0;0.0;0.0;0.0;0.0;1.0;0.0;0.0;0.0;0.0;0.0;0.0;0.0;0.0;0.0;0.0;0.0;0.0;0.0;0.0;0.0;0.0;0.0;1.0;0.0;0.0;0.0;0.0;0.0;0.0;0.0;0.0;0.0;0.0;0.0;2.0;4.0;1.0;0.0;1.0;1.0;0;3;0;0;LONDRINA - CENTRO;REGIÃO NORTE;17;6470.0;7315.0;10310.0;10815.0;9330.0;6199.0;5120.0;5390.0;6947.0;9450.0;9991.0;7754.0
7696.0;2020-03-31;16.0;22.0;24.0;28.0;757.0;35.0;2.0;16.0;22.0;572.0;35.0;0.0;35.0;942.0;31.0;74.0;5;4;4;5;4;4;5;0;0;0;0;0;0;0;0;1;0;0;0;0;0;0;0;0.0;0.0;0.0;0.0;0.0;1.0;0.0;0.0;0.0;0.0;0.0;0.0;0.0;0.0;0.0;0.0;0.0;0.0;0.0;0.0;0.0;0.0;0.0;1.0;0.0;0.0;0.0;0.0;0.0;0.0;0.0;0.0;0.0;0.0;0.0;2.0;4.0;1.0;0.0;1.0;1.0;0;0;15;0;LONDRINA - CENTRO;REGIÃO NORTE;18;9002.0;6470.0;7315.0;10310.0;10815.0;9330.0;6199.0;5120.0;5390.0;6947.0;9450.0;9991.0
3440.0;2020-04-30;10.0;17.0;22.0;26.0;667.0;33.0;2.0;10.0;21.0;486.0;33.0;0.0;33.0;848.0;25.0;52.0;4;5;5;4;4;4;4;1;0;0;0;0;0;0;0;0;0;0;0;0;0;0;0;0.0;0.0;0.0;0.0;0.0;1.0;0.0;0.0;0.0;0.0;0.0;0.0;0.0;0.0;0.0;0.0;0.0;0.0;0.0;0.0;0.0;0.0;0.0;1.0;0.0;0.0;0.0;0.0;0.0;0.0;0.0;0.0;0.0;0.0;0.0;2.0;4.0;1.0;0.0;1.0;1.0;0;1;30;0;LONDRINA - CENTRO;REGIÃO NORTE;19;7696.0;9002.0;6470.0;7315.0;10310.0;10815.0;9330.0;6199.0;5120.0;5390.0;6947.0;9450.0
2147.0;2020-05-31;7.0;13.0;19.0;25.0;595.0;31.0;1.0;7.0;19.0;418.0;31.0;0.0;31.0;773.0;22.0;40.0;5;4;4;4;5;5;4;0;0;0;0;0;0;0;1;0;0;0;0;0;0;0;0;0.0;0.0;0.0;0.0;0.0;1.0;0.0;0.0;0.0;0.0;0.0;0.0;0.0;0.0;0.0;0.0;0.0;0.0;0.0;0.0;0.0;0.0;0.0;1.0;0.0;0.0;0.0;0.0;0.0;0.0;0.0;0.0;0.0;0.0;0.0;2.0;4.0;1.0;0.0;1.0;1.0;0;0;31;0;LONDRINA - CENTRO;REGIÃO NORTE;20;3440.0;7696.0;9002.0;6470.0;7315.0;10310.0;10815.0;9330.0;6199.0;5120.0;5390.0;6947.0
1930.0;2020-06-30;10.0;16.0;20.0;23.0;587.0;29.0;5.0;10.0;19.0;451.0;29.0;0.0;29.0;723.0;86.0;149.0;4;4;4;5;4;4;5;0;0;0;0;0;0;1;0;0;0;0;0;0;0;0;0;0.0;0.0;0.0;0.0;0.0;1.0;0.0;0.0;0.0;0.0;0.0;0.0;0.0;0.0;0.0;0.0;0.0;0.0;0.0;0.0;0.0;0.0;0.0;1.0;0.0;0.0;0.0;0.0;0.0;0.0;0.0;0.0;0.0;0.0;0.0;2.0;4.0;1.0;0.0;1.0;1.0;0;1;30;0;LONDRINA - CENTRO;REGIÃO NORTE;21;2147.0;3440.0;7696.0;9002.0;6470.0;7315.0;10310.0;10815.0;9330.0;6199.0;5120.0;5390.0
2100.0;2020-07-31;5.0;12.0;19.0;23.0;580.0;29.0;0.0;5.0;17.0;406.0;29.0;0.0;29.0;754.0;9.0;13.0;4;5;5;4;5;4;4;0;0;0;0;0;1;0;0;0;0;0;0;0;0;0;0;0.0;0.0;0.0;0.0;0.0;1.0;0.0;0.0;0.0;0.0;0.0;0.0;0.0;0.0;0.0;0.0;0.0;0.0;0.0;0.0;0.0;0.0;0.0;1.0;0.0;0.0;0.0;0.0;0.0;0.0;0.0;0.0;0.0;0.0;0.0;2.0;4.0;1.0;0.0;1.0;1.0;0;0;31;0;LONDRINA - CENTRO;REGIÃO NORTE;22;1930.0;2147.0;3440.0;7696.0;9002.0;6470.0;7315.0;10310.0;10815.0;9330.0;6199.0;5120.0
1953.0;2020-08-31;5.0;11.0;19.0;25.0;586.0;33.0;5.0;5.0;18.0;409.0;33.0;0.0;33.0;764.0;37.0;148.0;5;4;4;5;4;5;4;0;1;0;0;0;0;0;0;0;0;0;0;0;0;0;0;0.0;0.0;0.0;0.0;0.0;1.0;0.0;0.0;0.0;0.0;0.0;0.0;0.0;0.0;0.0;0.0;0.0;0.0;0.0;0.0;0.0;0.0;0.0;1.0;0.0;0.0;0.0;0.0;0.0;0.0;0.0;0.0;0.0;0.0;0.0;2.0;4.0;1.0;0.0;1.0;1.0;0;0;31;0;LONDRINA - CENTRO;REGIÃO NORTE;23;2100.0;1930.0;2147.0;3440.0;7696.0;9002.0;6470.0;7315.0;10310.0;10815.0;9330.0;6199.0
2220.0;2020-09-30;12.0;18.0;25.0;29.0;740.0;37.0;1.0;12.0;21.0;535.0;37.0;0.0;37.0;946.0;15.0;28.0;4;5;4;4;4;4;5;0;0;0;0;0;0;0;0;0;0;0;1;0;0;0;0;0.0;0.0;0.0;0.0;0.0;1.0;0.0;0.0;0.0;0.0;0.0;0.0;0.0;0.0;0.0;0.0;0.0;0.0;0.0;0.0;0.0;0.0;0.0;1.0;0.0;0.0;0.0;0.0;0.0;0.0;0.0;0.0;0.0;0.0;0.0;2.0;4.0;1.0;0.0;1.0;1.0;0;0;30;0;LONDRINA - CENTRO;REGIÃO NORTE;24;1953.0;2100.0;1930.0;2147.0;3440.0;7696.0;9002.0;6470.0;7315.0;10310.0;10815.0;9330.0
2511.0;2020-10-31;13.0;20.0;25.0;32.0;766.0;39.0;2.0;13.0;24.0;565.0;39.0;0.0;39.0;968.0;17.0;55.0;4;4;5;4;5;5;4;0;0;0;0;0;0;0;0;0;0;1;0;0;0;0;0;0.0;0.0;0.0;0.0;0.0;1.0;0.0;0.0;0.0;0.0;0.0;0.0;0.0;0.0;0.0;0.0;0.0;0.0;0.0;0.0;0.0;0.0;0.0;1.0;0.0;0.0;0.0;0.0;0.0;0.0;0.0;0.0;0.0;0.0;0.0;2.0;4.0;1.0;0.0;1.0;1.0;0;0;31;0;LONDRINA - CENTRO;REGIÃO NORTE;25;2220.0;1953.0;2100.0;1930.0;2147.0;3440.0;7696.0;9002.0;6470.0;7315.0;10310.0;10815.0
3750.0;2020-11-30;11.0;20.0;25.0;29.0;737.0;36.0;2.0;11.0;23.0;528.0;36.0;0.0;36.0;947.0;22.0;45.0;5;4;4;5;4;4;4;0;0;0;0;0;0;0;0;0;1;0;0;0;0;0;0;0.0;0.0;0.0;0.0;0.0;1.0;0.0;0.0;0.0;0.0;0.0;0.0;0.0;0.0;0.0;0.0;0.0;0.0;0.0;0.0;0.0;0.0;0.0;1.0;0.0;0.0;0.0;0.0;0.0;0.0;0.0;0.0;0.0;0.0;0.0;2.0;4.0;1.0;0.0;1.0;1.0;0;0;30;0;LONDRINA - CENTRO;REGIÃO NORTE;26;2511.0;2220.0;1953.0;2100.0;1930.0;2147.0;3440.0;7696.0;9002.0;6470.0;7315.0;10310.0
2883.0;2020-12-31;16.0;21.0;25.0;27.0;764.0;33.0;7.0;16.0;22.0;604.0;33.0;0.0;33.0;924.0;59.0;228.0;4;5;5;4;4;4;5;0;0;1;0;0;0;0;0;0;0;0;0;0;0;0;0;0.0;0.0;0.0;0.0;0.0;1.0;0.0;0.0;0.0;0.0;0.0;0.0;0.0;0.0;0.0;0.0;0.0;0.0;0.0;0.0;0.0;0.0;0.0;1.0;0.0;0.0;0.0;0.0;0.0;0.0;0.0;0.0;0.0;0.0;0.0;2.0;4.0;1.0;0.0;1.0;1.0;0;0;31;0;LONDRINA - CENTRO;REGIÃO NORTE;27;3750.0;2511.0;2220.0;1953.0;2100.0;1930.0;2147.0;3440.0;7696.0;9002.0;6470.0;7315.0
2604.0;2021-01-31;17.0;22.0;24.0;28.0;759.0;33.0;5.0;17.0;23.0;635.0;33.0;0.0;33.0;884.0;30.0;167.0;5;4;4;4;5;5;4;0;0;0;0;1;0;0;0;0;0;0;0;1;0;0;0;0.0;0.0;0.0;0.0;0.0;0.0;0.0;0.0;0.0;0.0;0.0;0.0;0.0;0.0;0.0;0.0;0.0;0.0;0.0;0.0;0.0;0.0;0.0;1.0;0.0;0.0;0.0;0.0;0.0;0.0;0.0;0.0;0.0;0.0;0.0;2.0;4.0;1.0;0.0;1.0;1.0;0;0;31;0;LONDRINA - CENTRO;REGIÃO NORTE;28;2883.0;3750.0;2511.0;2220.0;1953.0;2100.0;1930.0;2147.0;3440.0;7696.0;9002.0;6470.0
2296.0;2021-02-28;17.0;22.0;24.0;27.0;681.0;33.0;5.0;17.0;22.0;527.0;33.0;0.0;33.0;835.0;69.0;128.0;4;4;4;4;4;4;4;0;0;0;1;0;0;0;0;0;0;0;0;1;0;0;0;0.0;0.0;0.0;0.0;0.0;0.0;0.0;0.0;0.0;0.0;0.0;0.0;0.0;0.0;0.0;0.0;0.0;0.0;0.0;0.0;0.0;0.0;0.0;1.0;0.0;0.0;0.0;0.0;0.0;0.0;0.0;0.0;0.0;0.0;0.0;2.0;4.0;1.0;0.0;1.0;1.0;0;3;28;0;LONDRINA - CENTRO;REGIÃO NORTE;29;2604.0;2883.0;3750.0;2511.0;2220.0;1953.0;2100.0;1930.0;2147.0;3440.0;7696.0;9002.0
2759.0;2021-03-31;15.0;21.0;25.0;28.0;776.0;34.0;6.0;15.0;22.0;610.0;34.0;0.0;34.0;943.0;68.0;197.0;4;5;4;5;4;4;5;0;0;0;0;0;0;0;0;1;0;0;0;1;0;0;0;0.0;0.0;0.0;0.0;0.0;0.0;0.0;0.0;0.0;0.0;0.0;0.0;0.0;0.0;0.0;0.0;0.0;0.0;0.0;0.0;0.0;0.0;0.0;1.0;0.0;0.0;0.0;0.0;0.0;0.0;0.0;0.0;0.0;0.0;0.0;2.0;4.0;1.0;0.0;1.0;1.0;0;0;31;0;LONDRINA - CENTRO;REGIÃO NORTE;30;2296.0;2604.0;2883.0;3750.0;2511.0;2220.0;1953.0;2100.0;1930.0;2147.0;3440.0;7696.0
2460.0;2021-04-30;13.0;19.0;22.0;26.0;656.0;32.0;0.0;13.0;21.0;476.0;32.0;0.0;32.0;836.0;1.0;3.0;4;4;5;4;5;4;4;1;0;0;0;0;0;0;0;0;0;0;0;1;0;0;0;0.0;0.0;0.0;0.0;0.0;0.0;0.0;0.0;0.0;0.0;0.0;0.0;0.0;0.0;0.0;0.0;0.0;0.0;0.0;0.0;0.0;0.0;0.0;1.0;0.0;0.0;0.0;0.0;0.0;0.0;0.0;0.0;0.0;0.0;0.0;2.0;4.0;1.0;0.0;1.0;1.0;0;1;30;0;LONDRINA - CENTRO;REGIÃO NORTE;31;2759.0;2296.0;2604.0;2883.0;3750.0;2511.0;2220.0;1953.0;2100.0;1930.0;2147.0;3440.0
2294.0;2021-05-31;7.0;15.0;20.0;24.0;610.0;30.0;6.0;7.0;20.0;431.0;30.0;0.0;30.0;789.0;115.0;198.0;5;4;4;5;4;5;4;0;0;0;0;0;0;0;1;0;0;0;0;1;0;0;0;0.0;0.0;0.0;0.0;0.0;0.0;0.0;0.0;0.0;0.0;0.0;0.0;0.0;0.0;0.0;0.0;0.0;0.0;0.0;0.0;0.0;0.0;0.0;1.0;0.0;0.0;0.0;0.0;0.0;0.0;0.0;0.0;0.0;0.0;0.0;2.0;4.0;1.0;0.0;1.0;1.0;0;0;31;0;LONDRINA - CENTRO;REGIÃO NORTE;32;2460.0;2759.0;2296.0;2604.0;2883.0;3750.0;2511.0;2220.0;1953.0;2100.0;1930.0;2147.0
2370.0;2021-06-30;2.0;6.0;17.0;22.0;516.0;28.0;2.0;2.0;16.0;380.0;28.0;0.0;28.0;652.0;27.0;70.0;4;5;4;4;4;4;5;0;0;0;0;0;0;1;0;0;0;0;0;1;0;0;0;0.0;0.0;0.0;0.0;0.0;0.0;0.0;0.0;0.0;0.0;0.0;0.0;0.0;0.0;0.0;0.0;0.0;0.0;0.0;0.0;0.0;0.0;0.0;1.0;0.0;0.0;0.0;0.0;0.0;0.0;0.0;0.0;0.0;0.0;0.0;2.0;4.0;1.0;0.0;1.0;1.0;0;1;30;0;LONDRINA - CENTRO;REGIÃO NORTE;33;2294.0;2460.0;2759.0;2296.0;2604.0;2883.0;3750.0;2511.0;2220.0;1953.0;2100.0;1930.0
2356.0;2021-07-31;1.0;7.0;16.0;21.0;499.0;29.0;1.0;1.0;16.0;287.0;29.0;0.0;29.0;710.0;22.0;38.0;4;4;5;4;5;5;4;0;0;0;0;0;1;0;0;0;0;0;0;1;0;0;0;0.0;0.0;0.0;0.0;0.0;0.0;0.0;0.0;0.0;0.0;0.0;0.0;0.0;0.0;0.0;0.0;0.0;0.0;0.0;0.0;0.0;0.0;0.0;1.0;0.0;0.0;0.0;0.0;0.0;0.0;0.0;0.0;0.0;0.0;0.0;2.0;4.0;1.0;0.0;1.0;1.0;0;0;31;0;LONDRINA - CENTRO;REGIÃO NORTE;34;2370.0;2294.0;2460.0;2759.0;2296.0;2604.0;2883.0;3750.0;2511.0;2220.0;1953.0;2100.0
2511.0;2021-08-31;8.0;15.0;21.0;27.0;646.0;35.0;3.0;8.0;19.0;444.0;35.0;0.0;35.0;849.0;63.0;104.0;5;4;4;5;4;4;5;0;1;0;0;0;0;0;0;0;0;0;0;1;0;0;0;0.0;0.0;0.0;0.0;0.0;0.0;0.0;0.0;0.0;0.0;0.0;0.0;0.0;0.0;0.0;0.0;0.0;0.0;0.0;0.0;0.0;0.0;0.0;1.0;0.0;0.0;0.0;0.0;0.0;0.0;0.0;0.0;0.0;0.0;0.0;2.0;4.0;1.0;0.0;1.0;1.0;0;0;31;0;LONDRINA - CENTRO;REGIÃO NORTE;35;2356.0;2370.0;2294.0;2460.0;2759.0;2296.0;2604.0;2883.0;3750.0;2511.0;2220.0;1953.0
2730.0;2021-09-30;11.0;19.0;24.0;30.0;729.0;37.0;2.0;11.0;24.0;524.0;37.0;0.0;37.0;934.0;24.0;59.0;4;5;5;4;4;4;4;0;0;0;0;0;0;0;0;0;0;0;1;1;0;0;0;0.0;0.0;0.0;0.0;0.0;0.0;0.0;0.0;0.0;0.0;0.0;0.0;0.0;0.0;0.0;0.0;0.0;0.0;0.0;0.0;0.0;0.0;0.0;1.0;0.0;0.0;0.0;0.0;0.0;0.0;0.0;0.0;0.0;0.0;0.0;2.0;4.0;1.0;0.0;1.0;1.0;0;0;30;0;LONDRINA - CENTRO;REGIÃO NORTE;36;2511.0;2356.0;2370.0;2294.0;2460.0;2759.0;2296.0;2604.0;2883.0;3750.0;2511.0;2220.0
2542.0;2021-10-31;11.0;17.0;21.0;26.0;647.0;32.0;15.0;11.0;20.0;497.0;32.0;0.0;32.0;797.0;113.0;480.0;5;4;4;4;5;5;4;0;0;0;0;0;0;0;0;0;0;1;0;1;0;0;0;0.0;0.0;0.0;0.0;0.0;0.0;0.0;0.0;0.0;0.0;0.0;0.0;0.0;0.0;0.0;0.0;0.0;0.0;0.0;0.0;0.0;0.0;0.0;1.0;0.0;0.0;0.0;0.0;0.0;0.0;0.0;0.0;0.0;0.0;0.0;2.0;4.0;1.0;0.0;1.0;1.0;0;0;0;0;LONDRINA - CENTRO;REGIÃO NORTE;37;2730.0;2511.0;2356.0;2370.0;2294.0;2460.0;2759.0;2296.0;2604.0;2883.0;3750.0;2511.0
3540.0;2021-11-30;13.0;20.0;24.0;27.0;731.0;34.0;1.0;13.0;22.0;534.0;34.0;0.0;34.0;927.0;16.0;45.0;4;4;4;5;4;4;5;0;0;0;0;0;0;0;0;0;1;0;0;1;0;0;0;0.0;0.0;0.0;0.0;0.0;0.0;0.0;0.0;0.0;0.0;0.0;0.0;0.0;0.0;0.0;0.0;0.0;0.0;0.0;0.0;0.0;0.0;0.0;1.0;0.0;0.0;0.0;0.0;0.0;0.0;0.0;0.0;0.0;0.0;0.0;2.0;4.0;1.0;0.0;1.0;1.0;0;0;0;0;LONDRINA - CENTRO;REGIÃO NORTE;38;2542.0;2730.0;2511.0;2356.0;2370.0;2294.0;2460.0;2759.0;2296.0;2604.0;2883.0;3750.0
3193.0;2021-12-31;14.0;21.0;25.0;29.0;777.0;37.0;3.0;14.0;22.0;573.0;37.0;0.0;37.0;980.0;56.0;82.0;4;5;5;4;5;4;4;0;0;1;0;0;0;0;0;0;0;0;0;1;0;0;0;0.0;0.0;0.0;0.0;0.0;0.0;0.0;0.0;0.0;0.0;0.0;0.0;0.0;0.0;0.0;0.0;0.0;0.0;0.0;0.0;0.0;0.0;0.0;1.0;0.0;0.0;0.0;0.0;0.0;0.0;0.0;0.0;0.0;0.0;0.0;2.0;4.0;1.0;0.0;1.0;1.0;0;0;0;0;LONDRINA - CENTRO;REGIÃO NORTE;39;3540.0;2542.0;2730.0;2511.0;2356.0;2370.0;2294.0;2460.0;2759.0;2296.0;2604.0;2883.0
3317.0;2022-01-31;17.0;21.0;25.0;29.0;771.0;35.0;6.0;17.0;23.0;614.0;35.0;0.0;35.0;929.0;38.0;181.0;5;4;4;5;4;5;4;0;0;0;0;1;0;0;0;0;0;0;0;0;1;0;0;0.0;0.0;0.0;0.0;0.0;0.0;0.0;0.0;0.0;0.0;0.0;0.0;0.0;0.0;0.0;0.0;0.0;0.0;0.0;0.0;0.0;0.0;0.0;1.0;0.0;0.0;0.0;0.0;0.0;0.0;0.0;0.0;0.0;0.0;0.0;2.0;4.0;1.0;0.0;1.0;1.0;31;0;0;0;LONDRINA - CENTRO;REGIÃO NORTE;40;3193.0;3540.0;2542.0;2730.0;2511.0;2356.0;2370.0;2294.0;2460.0;2759.0;2296.0;2604.0
3752.0;2022-02-28;17.0;24.0;26.0;30.0;726.0;37.0;4.0;17.0;23.0;553.0;37.0;0.0;37.0;898.0;44.0;116.0;4;4;4;4;4;4;4;0;0;0;1;0;0;0;0;0;0;0;0;0;1;0;0;0.0;0.0;0.0;0.0;0.0;0.0;0.0;0.0;0.0;0.0;0.0;0.0;0.0;0.0;0.0;0.0;0.0;0.0;0.0;0.0;0.0;0.0;0.0;1.0;0.0;0.0;0.0;0.0;0.0;0.0;0.0;0.0;0.0;0.0;0.0;2.0;4.0;1.0;0.0;1.0;1.0;0;1;0;0;LONDRINA - CENTRO;REGIÃO NORTE;41;3317.0;3193.0;3540.0;2542.0;2730.0;2511.0;2356.0;2370.0;2294.0;2460.0;2759.0;2296.0
6913.0;2022-03-31;17.0;21.0;25.0;29.0;781.0;35.0;12.0;17.0;23.0;621.0;35.0;0.0;35.0;941.0;62.0;381.0;4;5;5;4;4;4;5;0;0;0;0;0;0;0;0;1;0;0;0;0;1;0;0;0.0;0.0;0.0;0.0;0.0;0.0;0.0;0.0;0.0;0.0;0.0;0.0;0.0;0.0;0.0;0.0;0.0;0.0;0.0;0.0;0.0;0.0;0.0;1.0;0.0;0.0;0.0;0.0;0.0;0.0;0.0;0.0;0.0;0.0;0.0;2.0;4.0;1.0;0.0;1.0;1.0;0;1;0;0;LONDRINA - CENTRO;REGIÃO NORTE;42;3752.0;3317.0;3193.0;3540.0;2542.0;2730.0;2511.0;2356.0;2370.0;2294.0;2460.0;2759.0
6240.0;2022-04-30;12.0;17.0;22.0;26.0;668.0;31.0;5.0;12.0;20.0;510.0;31.0;0.0;31.0;826.0;63.0;157.0;4;4;4;4;5;5;4;1;0;0;0;0;0;0;0;0;0;0;0;0;1;0;0;0.0;0.0;0.0;0.0;0.0;0.0;0.0;0.0;0.0;0.0;0.0;0.0;0.0;0.0;0.0;0.0;0.0;0.0;0.0;0.0;0.0;0.0;0.0;1.0;0.0;0.0;0.0;0.0;0.0;0.0;0.0;0.0;0.0;0.0;0.0;2.0;4.0;1.0;0.0;1.0;1.0;0;1;0;0;LONDRINA - CENTRO;REGIÃO NORTE;43;6913.0;3752.0;3317.0;3193.0;3540.0;2542.0;2730.0;2511.0;2356.0;2370.0;2294.0;2460.0
4371.0;2022-05-31;6.0;9.0;18.0;24.0;561.0;30.0;2.0;6.0;20.0;403.0;30.0;0.0;30.0;719.0;18.0;61.0;5;4;4;5;4;4;5;0;0;0;0;0;0;0;1;0;0;0;0;0;1;0;0;0.0;0.0;0.0;0.0;0.0;0.0;0.0;0.0;0.0;0.0;0.0;0.0;0.0;0.0;0.0;0.0;0.0;0.0;0.0;0.0;0.0;0.0;0.0;1.0;0.0;0.0;0.0;0.0;0.0;0.0;0.0;0.0;0.0;0.0;0.0;2.0;4.0;1.0;0.0;1.0;1.0;0;0;0;0;LONDRINA - CENTRO;REGIÃO NORTE;44;6240.0;6913.0;3752.0;3317.0;3193.0;3540.0;2542.0;2730.0;2511.0;2356.0;2370.0;2294.0
5130.0;2022-06-30;5.0;12.0;18.0;22.0;539.0;28.0;2.0;5.0;16.0;385.0;28.0;0.0;28.0;693.0;24.0;67.0;4;5;5;4;4;4;4;0;0;0;0;0;0;1;0;0;0;0;0;0;1;0;0;0.0;0.0;0.0;0.0;0.0;0.0;0.0;0.0;0.0;0.0;0.0;0.0;0.0;0.0;0.0;0.0;0.0;0.0;0.0;0.0;0.0;0.0;0.0;1.0;0.0;0.0;0.0;0.0;0.0;0.0;0.0;0.0;0.0;0.0;0.0;2.0;4.0;1.0;0.0;1.0;1.0;0;1;0;0;LONDRINA - CENTRO;REGIÃO NORTE;45;4371.0;6240.0;6913.0;3752.0;3317.0;3193.0;3540.0;2542.0;2730.0;2511.0;2356.0;2370.0
4588.0;2022-07-31;7.0;15.0;20.0;23.0;634.0;30.0;0.0;7.0;17.0;443.0;30.0;0.0;30.0;825.0;4.0;9.0;5;4;4;4;5;5;4;0;0;0;0;0;1;0;0;0;0;0;0;0;1;0;0;0.0;0.0;0.0;0.0;0.0;0.0;0.0;0.0;0.0;0.0;0.0;0.0;0.0;0.0;0.0;0.0;0.0;0.0;0.0;0.0;0.0;0.0;0.0;1.0;0.0;0.0;0.0;0.0;0.0;0.0;0.0;0.0;0.0;0.0;0.0;2.0;4.0;1.0;0.0;1.0;1.0;0;0;0;0;LONDRINA - CENTRO;REGIÃO NORTE;46;5130.0;4371.0;6240.0;6913.0;3752.0;3317.0;3193.0;3540.0;2542.0;2730.0;2511.0;2356.0
3317.0;2022-08-31;5.0;12.0;19.0;24.0;576.0;32.0;6.0;5.0;18.0;392.0;32.0;0.0;32.0;759.0;50.0;191.0;4;5;4;5;4;4;5;0;1;0;0;0;0;0;0;0;0;0;0;0;1;0;0;0.0;0.0;0.0;0.0;0.0;0.0;0.0;0.0;0.0;0.0;0.0;0.0;0.0;0.0;0.0;0.0;0.0;0.0;0.0;0.0;0.0;0.0;0.0;1.0;0.0;0.0;0.0;0.0;0.0;0.0;0.0;0.0;0.0;0.0;0.0;0.0;3.0;0.0;0.0;0.0;0.0;0;0;0;0;LONDRINA - CENTRO;REGIÃO NORTE;47;4588.0;5130.0;4371.0;6240.0;6913.0;3752.0;3317.0;3193.0;3540.0;2542.0;2730.0;2511.0
2850.0;2022-09-30;8.0;15.0;18.0;26.0;555.0;34.0;5.0;8.0;20.0;408.0;34.0;0.0;34.0;702.0;42.0;151.0;4;4;5;4;5;4;4;0;0;0;0;0;0;0;0;0;0;0;1;0;1;0;0;0.0;0.0;0.0;0.0;0.0;0.0;0.0;0.0;0.0;0.0;0.0;0.0;0.0;0.0;0.0;0.0;0.0;0.0;0.0;0.0;0.0;0.0;0.0;1.0;0.0;0.0;0.0;0.0;0.0;0.0;0.0;0.0;0.0;0.0;0.0;0.0;3.0;0.0;0.0;0.0;0.0;0;0;0;0;LONDRINA - CENTRO;REGIÃO NORTE;48;3317.0;4588.0;5130.0;4371.0;6240.0;6913.0;3752.0;3317.0;3193.0;3540.0;2542.0;2730.0
3255.0;2022-10-31;-11.0;9.0;22.0;26.0;671.0;33.0;9.0;-11.0;20.0;487.0;33.0;0.0;33.0;856.0;96.0;280.0;5;4;4;5;4;5;4;0;0;0;0;0;0;0;0;0;0;1;0;0;1;0;0;0.0;0.0;0.0;0.0;0.0;0.0;0.0;0.0;0.0;0.0;0.0;0.0;0.0;0.0;0.0;0.0;0.0;0.0;0.0;0.0;0.0;0.0;0.0;1.0;0.0;0.0;0.0;0.0;0.0;0.0;0.0;0.0;0.0;0.0;0.0;0.0;3.0;0.0;0.0;0.0;0.0;0;0;0;0;LONDRINA - CENTRO;REGIÃO NORTE;49;2850.0;3317.0;4588.0;5130.0;4371.0;6240.0;6913.0;3752.0;3317.0;3193.0;3540.0;2542.0
3480.0;2022-11-30;10.0;14.0;21.0;25.0;644.0;33.0;1.0;10.0;19.0;456.0;33.0;0.0;33.0;832.0;12.0;43.0;4;5;4;4;4;4;5;0;0;0;0;0;0;0;0;0;1;0;0;0;1;0;0;0.0;0.0;0.0;0.0;0.0;0.0;0.0;0.0;0.0;0.0;0.0;0.0;0.0;0.0;0.0;0.0;0.0;0.0;0.0;0.0;0.0;0.0;0.0;1.0;0.0;0.0;0.0;0.0;0.0;0.0;0.0;0.0;0.0;0.0;0.0;0.0;3.0;0.0;0.0;0.0;0.0;0;0;0;0;LONDRINA - CENTRO;REGIÃO NORTE;50;3255.0;2850.0;3317.0;4588.0;5130.0;4371.0;6240.0;6913.0;3752.0;3317.0;3193.0;3540.0
3658.0;2022-12-31;-22.0;5.0;23.0;27.0;728.0;34.0;5.0;-22.0;23.0;543.0;34.0;0.0;34.0;913.0;35.0;152.0;4;4;5;4;5;5;4;0;0;1;0;0;0;0;0;0;0;0;0;0;1;0;0;0.0;0.0;0.0;0.0;0.0;0.0;0.0;0.0;0.0;0.0;0.0;0.0;0.0;0.0;0.0;0.0;0.0;0.0;0.0;0.0;0.0;0.0;0.0;1.0;0.0;0.0;0.0;0.0;0.0;0.0;0.0;0.0;0.0;0.0;0.0;0.0;3.0;0.0;0.0;0.0;0.0;0;0;0;0;LONDRINA - CENTRO;REGIÃO NORTE;51;3480.0;3255.0;2850.0;3317.0;4588.0;5130.0;4371.0;6240.0;6913.0;3752.0;3317.0;3193.0
3627.0;2023-01-31;15.0;20.0;24.0;26.0;743.0;32.0;6.0;15.0;21.0;596.0;32.0;0.0;32.0;891.0;32.0;188.0;5;4;4;5;4;4;5;0;0;0;0;1;0;0;0;0;0;0;0;0;0;1;0;0.0;0.0;0.0;0.0;0.0;0.0;0.0;0.0;0.0;0.0;0.0;0.0;0.0;0.0;0.0;0.0;0.0;0.0;0.0;0.0;0.0;0.0;0.0;1.0;0.0;0.0;0.0;0.0;0.0;0.0;0.0;0.0;0.0;0.0;0.0;0.0;3.0;0.0;0.0;0.0;0.0;31;0;0;0;LONDRINA - CENTRO;REGIÃO NORTE;52;3658.0;3480.0;3255.0;2850.0;3317.0;4588.0;5130.0;4371.0;6240.0;6913.0;3752.0;3317.0
4060.0;2023-02-28;15.0;20.0;24.0;27.0;662.0;34.0;12.0;15.0;21.0;535.0;34.0;0.0;34.0;788.0;52.0;337.0;4;4;4;4;4;4;4;0;0;0;1;0;0;0;0;0;0;0;0;0;0;1;0;0.0;0.0;0.0;0.0;0.0;0.0;0.0;0.0;0.0;0.0;0.0;0.0;0.0;0.0;0.0;0.0;0.0;0.0;0.0;0.0;0.0;0.0;0.0;1.0;0.0;0.0;0.0;0.0;0.0;0.0;0.0;0.0;0.0;0.0;0.0;0.0;3.0;0.0;0.0;0.0;0.0;0;3;0;0;LONDRINA - CENTRO;REGIÃO NORTE;53;3627.0;3658.0;3480.0;3255.0;2850.0;3317.0;4588.0;5130.0;4371.0;6240.0;6913.0;3752.0
5766.0;2023-03-31;17.0;23.0;25.0;27.0;783.0;33.0;8.0;17.0;22.0;612.0;33.0;0.0;33.0;953.0;34.0;255.0;4;5;5;4;5;4;4;0;0;0;0;0;0;0;0;1;0;0;0;0;0;1;0;0.0;0.0;0.0;0.0;0.0;0.0;0.0;0.0;0.0;0.0;0.0;0.0;0.0;0.0;0.0;0.0;0.0;0.0;0.0;0.0;0.0;0.0;0.0;1.0;0.0;0.0;0.0;0.0;0.0;0.0;0.0;0.0;0.0;0.0;0.0;0.0;3.0;0.0;0.0;0.0;0.0;0;0;0;0;LONDRINA - CENTRO;REGIÃO NORTE;54;4060.0;3627.0;3658.0;3480.0;3255.0;2850.0;3317.0;4588.0;5130.0;4371.0;6240.0;6913.0
3870.0;2023-04-30;10.0;17.0;22.0;27.0;658.0;34.0;9.0;10.0;20.0;505.0;34.0;0.0;34.0;810.0;105.0;264.0;5;4;4;4;4;5;4;1;0;0;0;0;0;0;0;0;0;0;0;0;0;1;0;0.0;0.0;0.0;0.0;0.0;0.0;0.0;0.0;0.0;0.0;0.0;0.0;0.0;0.0;0.0;0.0;0.0;0.0;0.0;0.0;0.0;0.0;0.0;1.0;0.0;0.0;0.0;0.0;0.0;0.0;0.0;0.0;0.0;0.0;0.0;0.0;3.0;0.0;0.0;0.0;0.0;0;1;0;0;LONDRINA - CENTRO;REGIÃO NORTE;55;5766.0;4060.0;3627.0;3658.0;3480.0;3255.0;2850.0;3317.0;4588.0;5130.0;4371.0;6240.0
3658.0;2023-05-31;11.0;16.0;20.0;25.0;629.0;30.0;3.0;11.0;20.0;458.0;30.0;0.0;30.0;800.0;28.0;97.0;4;5;4;5;4;4;5;0;0;0;0;0;0;0;1;0;0;0;0;0;0;1;0;0.0;0.0;0.0;0.0;0.0;0.0;0.0;0.0;0.0;0.0;0.0;0.0;0.0;0.0;0.0;0.0;0.0;0.0;0.0;0.0;0.0;0.0;0.0;1.0;0.0;0.0;0.0;0.0;0.0;0.0;0.0;0.0;0.0;0.0;0.0;0.0;3.0;0.0;0.0;0.0;0.0;0;0;0;0;LONDRINA - CENTRO;REGIÃO NORTE;56;3870.0;5766.0;4060.0;3627.0;3658.0;3480.0;3255.0;2850.0;3317.0;4588.0;5130.0;4371.0
2820.0;2023-06-30;7.0;11.0;18.0;22.0;544.0;34.0;6.0;7.0;17.0;374.0;34.0;0.0;34.0;714.0;90.0;168.0;4;4;5;4;5;4;4;0;0;0;0;0;0;1;0;0;0;0;0;0;0;1;0;0.0;0.0;0.0;0.0;0.0;0.0;0.0;0.0;0.0;0.0;0.0;0.0;0.0;0.0;0.0;0.0;0.0;0.0;0.0;0.0;0.0;0.0;0.0;1.0;0.0;0.0;0.0;0.0;0.0;0.0;0.0;0.0;0.0;0.0;0.0;0.0;3.0;0.0;0.0;0.0;0.0;0;1;0;0;LONDRINA - CENTRO;REGIÃO NORTE;57;3658.0;3870.0;5766.0;4060.0;3627.0;3658.0;3480.0;3255.0;2850.0;3317.0;4588.0;5130.0
2201.0;2023-07-31;6.0;12.0;19.0;22.0;577.0;28.0;1.0;6.0;17.0;415.0;28.0;0.0;28.0;738.0;7.0;22.0;5;4;4;5;4;5;4;0;0;0;0;0;1;0;0;0;0;0;0;0;0;1;0;0.0;0.0;0.0;0.0;0.0;0.0;0.0;0.0;0.0;0.0;0.0;0.0;0.0;0.0;0.0;0.0;0.0;0.0;0.0;0.0;0.0;0.0;0.0;1.0;0.0;0.0;0.0;0.0;0.0;0.0;0.0;0.0;0.0;0.0;0.0;0.0;3.0;0.0;0.0;0.0;0.0;15;0;0;0;LONDRINA - CENTRO;REGIÃO NORTE;58;2820.0;3658.0;3870.0;5766.0;4060.0;3627.0;3658.0;3480.0;3255.0;2850.0;3317.0;4588.0
4030.0;2023-08-31;9.0;14.0;21.0;27.0;647.0;34.0;2.0;9.0;20.0;447.0;34.0;0.0;34.0;846.0;12.0;52.0;4;5;5;4;4;4;5;0;1;0;0;0;0;0;0;0;0;0;0;0;0;1;0;0.0;0.0;0.0;0.0;0.0;0.0;0.0;0.0;0.0;0.0;0.0;0.0;0.0;0.0;0.0;0.0;0.0;0.0;0.0;0.0;0.0;0.0;0.0;1.0;0.0;0.0;0.0;0.0;0.0;0.0;0.0;0.0;0.0;0.0;0.0;0.0;3.0;0.0;0.0;0.0;0.0;0;0;0;0;LONDRINA - CENTRO;REGIÃO NORTE;59;2201.0;2820.0;3658.0;3870.0;5766.0;4060.0;3627.0;3658.0;3480.0;3255.0;2850.0;3317.0
5850.0;2023-09-30;9.0;17.0;25.0;30.0;735.0;38.0;3.0;9.0;25.0;537.0;38.0;0.0;38.0;934.0;40.0;104.0;4;4;4;4;5;5;4;0;0;0;0;0;0;0;0;0;0;0;1;0;0;1;0;0.0;0.0;0.0;0.0;0.0;0.0;0.0;0.0;0.0;0.0;0.0;0.0;0.0;0.0;0.0;0.0;0.0;0.0;0.0;0.0;0.0;0.0;0.0;1.0;0.0;0.0;0.0;0.0;0.0;0.0;0.0;0.0;0.0;0.0;0.0;0.0;3.0;0.0;0.0;0.0;0.0;0;0;0;0;LONDRINA - CENTRO;REGIÃO NORTE;60;4030.0;2201.0;2820.0;3658.0;3870.0;5766.0;4060.0;3627.0;3658.0;3480.0;3255.0;2850.0
6231.0;2023-10-31;15.0;20.0;24.0;29.0;755.0;36.0;15.0;15.0;23.0;578.0;36.0;0.0;36.0;931.0;116.0;465.0;5;4;4;5;4;4;5;0;0;0;0;0;0;0;0;0;0;1;0;0;0;1;0;0.0;0.0;0.0;0.0;0.0;0.0;0.0;0.0;0.0;0.0;0.0;0.0;0.0;0.0;0.0;0.0;0.0;0.0;0.0;0.0;0.0;0.0;0.0;1.0;0.0;0.0;0.0;0.0;0.0;0.0;0.0;0.0;0.0;0.0;0.0;0.0;3.0;0.0;0.0;0.0;0.0;0;0;0;0;LONDRINA - CENTRO;REGIÃO NORTE;61;5850.0;4030.0;2201.0;2820.0;3658.0;3870.0;5766.0;4060.0;3627.0;3658.0;3480.0;3255.0
6120.0;2023-11-30;12.0;18.0;25.0;31.0;741.0;37.0;7.0;12.0;26.0;566.0;37.0;0.0;37.0;915.0;65.0;212.0;4;5;5;4;4;4;4;0;0;0;0;0;0;0;0;0;1;0;0;0;0;1;0;0.0;0.0;0.0;0.0;0.0;0.0;0.0;0.0;0.0;0.0;0.0;0.0;0.0;0.0;0.0;0.0;0.0;0.0;0.0;0.0;0.0;0.0;0.0;1.0;0.0;0.0;0.0;0.0;0.0;0.0;0.0;0.0;0.0;0.0;0.0;0.0;3.0;0.0;0.0;0.0;0.0;0;0;0;0;LONDRINA - CENTRO;REGIÃO NORTE;62;6231.0;5850.0;4030.0;2201.0;2820.0;3658.0;3870.0;5766.0;4060.0;3627.0;3658.0;3480.0
5456.0;2023-12-31;17.0;21.0;26.0;29.0;811.0;36.0;4.0;17.0;23.0;621.0;36.0;0.0;36.0;1000.0;26.0;112.0;5;4;4;4;5;5;4;0;0;1;0;0;0;0;0;0;0;0;0;0;0;1;0;0.0;0.0;0.0;0.0;0.0;0.0;0.0;0.0;0.0;0.0;0.0;0.0;0.0;0.0;0.0;0.0;0.0;0.0;0.0;0.0;0.0;0.0;0.0;1.0;0.0;0.0;0.0;0.0;0.0;0.0;0.0;0.0;0.0;0.0;0.0;0.0;3.0;0.0;0.0;0.0;0.0;0;0;0;0;LONDRINA - CENTRO;REGIÃO NORTE;63;6120.0;6231.0;5850.0;4030.0;2201.0;2820.0;3658.0;3870.0;5766.0;4060.0;3627.0;3658.0
3875.0;2024-01-31;15.0;19.0;25.0;30.0;789.0;37.0;4.0;15.0;23.0;611.0;37.0;0.0;37.0;967.0;40.0;129.0;4;5;4;5;4;4;5;0;0;0;0;1;0;0;0;0;0;0;0;0;0;0;1;0.0;0.0;0.0;0.0;0.0;0.0;0.0;0.0;0.0;0.0;0.0;0.0;0.0;0.0;0.0;0.0;0.0;0.0;0.0;0.0;0.0;0.0;0.0;1.0;0.0;0.0;0.0;0.0;0.0;0.0;0.0;0.0;0.0;0.0;0.0;0.0;3.0;0.0;0.0;0.0;0.0;31;0;0;0;LONDRINA - CENTRO;REGIÃO NORTE;64;5456.0;6120.0;6231.0;5850.0;4030.0;2201.0;2820.0;3658.0;3870.0;5766.0;4060.0;3627.0
5771.0;2024-02-29;19.0;22.0;26.0;29.0;768.0;35.0;4.0;19.0;23.0;605.0;35.0;0.0;35.0;931.0;28.0;111.0;4;4;5;4;4;4;4;0;0;0;1;0;0;0;0;0;0;0;0;0;0;0;1;0.0;0.0;0.0;0.0;0.0;0.0;0.0;0.0;0.0;0.0;0.0;0.0;0.0;0.0;0.0;0.0;0.0;0.0;0.0;0.0;0.0;0.0;0.0;1.0;0.0;0.0;0.0;0.0;0.0;0.0;0.0;0.0;0.0;0.0;0.0;0.0;3.0;0.0;0.0;0.0;0.0;0;3;0;0;LONDRINA - CENTRO;REGIÃO NORTE;65;3875.0;5456.0;6120.0;6231.0;5850.0;4030.0;2201.0;2820.0;3658.0;3870.0;5766.0;4060.0
7781.0;2024-03-31;17.0;20.0;26.0;30.0;819.0;36.0;2.0;17.0;24.0;641.0;36.0;0.0;36.0;997.0;21.0;67.0;5;4;4;4;5;5;4;0;0;0;0;0;0;0;0;1;0;0;0;0;0;0;1;0.0;0.0;0.0;0.0;0.0;0.0;0.0;0.0;0.0;0.0;0.0;0.0;0.0;0.0;0.0;0.0;0.0;0.0;0.0;0.0;0.0;0.0;0.0;1.0;0.0;0.0;0.0;0.0;0.0;0.0;0.0;0.0;0.0;0.0;0.0;0.0;3.0;0.0;0.0;0.0;0.0;0;1;0;0;LONDRINA - CENTRO;REGIÃO NORTE;66;5771.0;3875.0;5456.0;6120.0;6231.0;5850.0;4030.0;2201.0;2820.0;3658.0;3870.0;5766.0
6810.0;2024-04-30;14.0;20.0;25.0;28.0;741.0;34.0;1.0;14.0;22.0;584.0;34.0;0.0;34.0;896.0;12.0;40.0;4;4;4;5;4;4;5;1;0;0;0;0;0;0;0;0;0;0;0;0;0;0;1;0.0;0.0;0.0;0.0;0.0;0.0;0.0;0.0;0.0;0.0;0.0;0.0;0.0;0.0;0.0;0.0;0.0;0.0;0.0;0.0;0.0;0.0;0.0;1.0;0.0;0.0;0.0;0.0;0.0;0.0;0.0;0.0;0.0;0.0;0.0;0.0;3.0;0.0;0.0;0.0;0.0;0;0;0;0;LONDRINA - CENTRO;REGIÃO NORTE;67;7781.0;5771.0;3875.0;5456.0;6120.0;6231.0;5850.0;4030.0;2201.0;2820.0;3658.0;3870.0
3937.0;2024-05-31;6.0;13.0;22.0;28.0;682.0;34.0;1.0;6.0;22.0;523.0;34.0;0.0;34.0;841.0;30.0;43.0;4;5;5;4;5;4;4;0;0;0;0;0;0;0;1;0;0;0;0;0;0;0;1;0.0;0.0;0.0;0.0;0.0;0.0;0.0;0.0;0.0;0.0;0.0;0.0;0.0;0.0;0.0;0.0;0.0;0.0;0.0;0.0;0.0;0.0;0.0;1.0;0.0;0.0;0.0;0.0;0.0;0.0;0.0;0.0;0.0;0.0;0.0;0.0;3.0;0.0;0.0;0.0;0.0;0;1;0;30;LONDRINA - CENTRO;REGIÃO NORTE;68;6810.0;7781.0;5771.0;3875.0;5456.0;6120.0;6231.0;5850.0;4030.0;2201.0;2820.0;3658.0
2640.0;2024-06-30;11.0;17.0;22.0;24.0;647.0;31.0;0.0;11.0;19.0;461.0;31.0;0.0;31.0;832.0;1.0;1.0;5;4;4;4;4;5;4;0;0;0;0;0;0;1;0;0;0;0;0;0;0;0;1;0.0;0.0;0.0;0.0;0.0;0.0;0.0;0.0;0.0;0.0;0.0;0.0;0.0;0.0;0.0;0.0;0.0;0.0;0.0;0.0;0.0;0.0;0.0;1.0;0.0;0.0;0.0;0.0;0.0;0.0;0.0;0.0;0.0;0.0;0.0;0.0;3.0;0.0;0.0;0.0;0.0;0;0;0;30;LONDRINA - CENTRO;REGIÃO NORTE;69;3937.0;6810.0;7781.0;5771.0;3875.0;5456.0;6120.0;6231.0;5850.0;4030.0;2201.0;2820.0
3038.0;2024-07-31;6.0;13.0;17.0;22.0;539.0;29.0;3.0;6.0;16.0;384.0;29.0;0.0;29.0;694.0;40.0;86.0;4;5;4;5;4;4;5;0;0;0;0;0;1;0;0;0;0;0;0;0;0;0;1;0.0;0.0;0.0;0.0;0.0;0.0;0.0;0.0;0.0;0.0;0.0;0.0;0.0;0.0;0.0;0.0;0.0;0.0;0.0;0.0;0.0;0.0;0.0;1.0;0.0;0.0;0.0;0.0;0.0;0.0;0.0;0.0;0.0;0.0;0.0;0.0;3.0;0.0;0.0;0.0;0.0;12;0;0;0;LONDRINA - CENTRO;REGIÃO NORTE;70;2640.0;3937.0;6810.0;7781.0;5771.0;3875.0;5456.0;6120.0;6231.0;5850.0;4030.0;2201.0
4030.0;2024-08-31;2.0;11.0;19.0;25.0;594.0;35.0;1.0;2.0;19.0;367.0;35.0;0.0;35.0;822.0;18.0;45.0;4;4;5;4;5;5;4;0;1;0;0;0;0;0;0;0;0;0;0;0;0;0;1;0.0;0.0;0.0;0.0;0.0;0.0;0.0;0.0;0.0;0.0;0.0;0.0;0.0;0.0;0.0;0.0;0.0;0.0;0.0;0.0;0.0;0.0;0.0;1.0;0.0;0.0;0.0;0.0;0.0;0.0;0.0;0.0;0.0;0.0;0.0;0.0;3.0;0.0;0.0;0.0;0.0;0;0;0;0;LONDRINA - CENTRO;REGIÃO NORTE;71;3038.0;2640.0;3937.0;6810.0;7781.0;5771.0;3875.0;5456.0;6120.0;6231.0;5850.0;4030.0
5070.0;2024-09-30;12.0;17.0;24.0;28.0;706.0;38.0;1.0;12.0;21.0;490.0;38.0;0.0;38.0;922.0;17.0;27.0;5;4;4;5;4;4;4;0;0;0;0;0;0;0;0;0;0;0;1;0;0;0;1;0.0;0.0;0.0;0.0;0.0;0.0;0.0;0.0;0.0;0.0;0.0;0.0;0.0;0.0;0.0;0.0;0.0;0.0;0.0;0.0;0.0;0.0;0.0;1.0;0.0;0.0;0.0;0.0;0.0;0.0;0.0;0.0;0.0;0.0;0.0;0.0;3.0;0.0;0.0;0.0;0.0;0;0;0;0;LONDRINA - CENTRO;REGIÃO NORTE;72;4030.0;3038.0;2640.0;3937.0;6810.0;7781.0;5771.0;3875.0;5456.0;6120.0;6231.0;5850.0
6231.0;2024-10-31;14.0;17.0;23.0;29.0;716.0;36.0;3.0;14.0;23.0;564.0;36.0;0.0;36.0;868.0;31.0;108.0;4;5;5;4;4;4;5;0;0;0;0;0;0;0;0;0;0;1;0;0;0;0;1;0.0;0.0;0.0;0.0;0.0;0.0;0.0;0.0;0.0;0.0;0.0;0.0;0.0;0.0;0.0;0.0;0.0;0.0;0.0;0.0;0.0;0.0;0.0;1.0;0.0;0.0;0.0;0.0;0.0;0.0;0.0;0.0;0.0;0.0;0.0;0.0;3.0;0.0;0.0;0.0;0.0;0;0;0;0;LONDRINA - CENTRO;REGIÃO NORTE;73;5070.0;4030.0;3038.0;2640.0;3937.0;6810.0;7781.0;5771.0;3875.0;5456.0;6120.0;6231.0
21011.0;2018-09-30;2.0;10.0;16.0;20.0;466.0;28.0;11.0;2.0;14.0;294.0;28.0;0.0;28.0;638.0;108.0;323.0;5;4;4;4;4;5;4;0;0;0;0;0;0;0;0;0;0;0;1;0;0;0;0;0.0;0.0;0.0;1.0;0.0;0.0;0.0;0.0;0.0;0.0;0.0;0.0;0.0;0.0;0.0;0.0;0.0;0.0;0.0;0.0;0.0;0.0;0.0;0.0;0.0;1.0;0.0;0.0;0.0;0.0;0.0;0.0;0.0;0.0;0.0;2.0;0.0;3.0;3.0;10.0;1.0;0;0;0;0;PALMAS;REGIÃO SUL;1;22416.0;19440.0;19600.0;21545.0;20538.0;20773.0;14076.0;11372.0;16916.0;19727.0;20486.0;21051.0
20976.0;2018-10-31;7.0;12.0;16.0;20.0;504.0;28.0;9.0;7.0;14.0;349.0;28.0;0.0;28.0;660.0;78.0;289.0;4;5;4;5;4;4;5;0;0;0;0;0;0;0;0;0;0;1;0;0;0;0;0;0.0;0.0;0.0;1.0;0.0;0.0;0.0;0.0;0.0;0.0;0.0;0.0;0.0;0.0;0.0;0.0;0.0;0.0;0.0;0.0;0.0;0.0;0.0;0.0;0.0;1.0;0.0;0.0;0.0;0.0;0.0;0.0;0.0;0.0;0.0;2.0;0.0;3.0;3.0;10.0;1.0;0;0;0;0;PALMAS;REGIÃO SUL;2;21011.0;22416.0;19440.0;19600.0;21545.0;20538.0;20773.0;14076.0;11372.0;16916.0;19727.0;20486.0
20619.0;2018-11-30;9.0;15.0;19.0;25.0;564.0;30.0;4.0;9.0;20.0;379.0;30.0;0.0;30.0;749.0;34.0;107.0;4;4;5;4;5;4;4;0;0;0;0;0;0;0;0;0;1;0;0;0;0;0;0;0.0;0.0;0.0;1.0;0.0;0.0;0.0;0.0;0.0;0.0;0.0;0.0;0.0;0.0;0.0;0.0;0.0;0.0;0.0;0.0;0.0;0.0;0.0;0.0;0.0;1.0;0.0;0.0;0.0;0.0;0.0;0.0;0.0;0.0;0.0;2.0;0.0;3.0;3.0;10.0;1.0;0;0;0;0;PALMAS;REGIÃO SUL;3;20976.0;21011.0;22416.0;19440.0;19600.0;21545.0;20538.0;20773.0;14076.0;11372.0;16916.0;19727.0
17761.0;2018-12-31;7.0;15.0;20.0;24.0;634.0;32.0;3.0;7.0;18.0;418.0;32.0;0.0;32.0;849.0;15.0;102.0;5;4;4;5;4;5;4;0;0;1;0;0;0;0;0;0;0;0;0;0;0;0;0;0.0;0.0;0.0;1.0;0.0;0.0;0.0;0.0;0.0;0.0;0.0;0.0;0.0;0.0;0.0;0.0;0.0;0.0;0.0;0.0;0.0;0.0;0.0;0.0;0.0;1.0;0.0;0.0;0.0;0.0;0.0;0.0;0.0;0.0;0.0;2.0;0.0;3.0;3.0;10.0;1.0;0;0;0;0;PALMAS;REGIÃO SUL;4;20619.0;20976.0;21011.0;22416.0;19440.0;19600.0;21545.0;20538.0;20773.0;14076.0;11372.0;16916.0
12816.0;2019-01-31;14.0;18.0;22.0;24.0;674.0;31.0;4.0;14.0;19.0;498.0;31.0;0.0;31.0;850.0;24.0;132.0;4;5;5;4;4;4;5;0;0;0;0;1;0;0;0;0;0;0;0;0;0;0;0;0.0;0.0;0.0;0.0;1.0;0.0;0.0;0.0;0.0;0.0;0.0;0.0;0.0;0.0;0.0;0.0;0.0;0.0;0.0;0.0;0.0;0.0;0.0;0.0;0.0;1.0;0.0;0.0;0.0;0.0;0.0;0.0;0.0;0.0;0.0;2.0;0.0;3.0;3.0;10.0;1.0;31;0;0;0;PALMAS;REGIÃO SUL;5;17761.0;20619.0;20976.0;21011.0;22416.0;19440.0;19600.0;21545.0;20538.0;20773.0;14076.0;11372.0
16520.0;2019-02-28;11.0;15.0;20.0;23.0;554.0;31.0;5.0;11.0;18.0;413.0;31.0;0.0;31.0;695.0;23.0;146.0;4;4;4;4;4;4;4;0;0;0;1;0;0;0;0;0;0;0;0;0;0;0;0;0.0;0.0;0.0;0.0;1.0;0.0;0.0;0.0;0.0;0.0;0.0;0.0;0.0;0.0;0.0;0.0;0.0;0.0;0.0;0.0;0.0;0.0;0.0;0.0;0.0;1.0;0.0;0.0;0.0;0.0;0.0;0.0;0.0;0.0;0.0;2.0;0.0;3.0;3.0;10.0;1.0;0;0;0;0;PALMAS;REGIÃO SUL;6;12816.0;17761.0;20619.0;20976.0;21011.0;22416.0;19440.0;19600.0;21545.0;20538.0;20773.0;14076.0
22325.0;2019-03-31;11.0;16.0;20.0;22.0;610.0;28.0;4.0;11.0;17.0;450.0;28.0;0.0;28.0;769.0;34.0;121.0;5;4;4;4;5;5;4;0;0;0;0;0;0;0;0;1;0;0;0;0;0;0;0;0.0;0.0;0.0;0.0;1.0;0.0;0.0;0.0;0.0;0.0;0.0;0.0;0.0;0.0;0.0;0.0;0.0;0.0;0.0;0.0;0.0;0.0;0.0;0.0;0.0;1.0;0.0;0.0;0.0;0.0;0.0;0.0;0.0;0.0;0.0;2.0;0.0;3.0;3.0;10.0;1.0;0;3;0;0;PALMAS;REGIÃO SUL;7;16520.0;12816.0;17761.0;20619.0;20976.0;21011.0;22416.0;19440.0;19600.0;21545.0;20538.0;20773.0
23433.0;2019-04-30;7.0;15.0;18.0;20.0;535.0;26.0;4.0;7.0;17.0;384.0;26.0;0.0;26.0;685.0;38.0;116.0;4;4;4;5;4;4;5;1;0;0;0;0;0;0;0;0;0;0;0;0;0;0;0;0.0;0.0;0.0;0.0;1.0;0.0;0.0;0.0;0.0;0.0;0.0;0.0;0.0;0.0;0.0;0.0;0.0;0.0;0.0;0.0;0.0;0.0;0.0;0.0;0.0;1.0;0.0;0.0;0.0;0.0;0.0;0.0;0.0;0.0;0.0;2.0;0.0;3.0;3.0;10.0;1.0;0;1;0;0;PALMAS;REGIÃO SUL;8;22325.0;16520.0;12816.0;17761.0;20619.0;20976.0;21011.0;22416.0;19440.0;19600.0;21545.0;20538.0
24970.0;2019-05-31;6.0;11.0;16.0;21.0;497.0;27.0;10.0;6.0;15.0;370.0;27.0;0.0;27.0;625.0;107.0;305.0;4;5;5;4;5;4;4;0;0;0;0;0;0;0;1;0;0;0;0;0;0;0;0;0.0;0.0;0.0;0.0;1.0;0.0;0.0;0.0;0.0;0.0;0.0;0.0;0.0;0.0;0.0;0.0;0.0;0.0;0.0;0.0;0.0;0.0;0.0;0.0;0.0;1.0;0.0;0.0;0.0;0.0;0.0;0.0;0.0;0.0;0.0;2.0;0.0;3.0;3.0;10.0;1.0;0;0;0;0;PALMAS;REGIÃO SUL;9;23433.0;22325.0;16520.0;12816.0;17761.0;20619.0;20976.0;21011.0;22416.0;19440.0;19600.0;21545.0
22521.0;2019-06-30;3.0;9.0;15.0;20.0;444.0;25.0;1.0;3.0;14.0;273.0;25.0;0.0;25.0;615.0;12.0;27.0;5;4;4;4;4;5;4;0;0;0;0;0;0;1;0;0;0;0;0;0;0;0;0;0.0;0.0;0.0;0.0;1.0;0.0;0.0;0.0;0.0;0.0;0.0;0.0;0.0;0.0;0.0;0.0;0.0;0.0;0.0;0.0;0.0;0.0;0.0;0.0;0.0;1.0;0.0;0.0;0.0;0.0;0.0;0.0;0.0;0.0;0.0;2.0;0.0;3.0;3.0;10.0;1.0;0;1;0;0;PALMAS;REGIÃO SUL;10;24970.0;23433.0;22325.0;16520.0;12816.0;17761.0;20619.0;20976.0;21011.0;22416.0;19440.0;19600.0
19246.0;2019-07-31;-6.0;2.0;12.0;17.0;361.0;23.0;1.0;-6.0;11.0;170.0;23.0;0.0;23.0;551.0;10.0;35.0;4;5;4;5;4;4;5;0;0;0;0;0;1;0;0;0;0;0;0;0;0;0;0;0.0;0.0;0.0;0.0;1.0;0.0;0.0;0.0;0.0;0.0;0.0;0.0;0.0;0.0;0.0;0.0;0.0;0.0;0.0;0.0;0.0;0.0;0.0;0.0;0.0;1.0;0.0;0.0;0.0;0.0;0.0;0.0;0.0;0.0;0.0;2.0;0.0;3.0;3.0;10.0;1.0;16;0;0;0;PALMAS;REGIÃO SUL;11;22521.0;24970.0;23433.0;22325.0;16520.0;12816.0;17761.0;20619.0;20976.0;21011.0;22416.0;19440.0
22133.0;2019-08-31;-3.0;4.0;13.0;19.0;400.0;28.0;0.0;-3.0;11.0;184.0;28.0;0.0;28.0;615.0;7.0;15.0;4;4;5;4;5;5;4;0;1;0;0;0;0;0;0;0;0;0;0;0;0;0;0;0.0;0.0;0.0;0.0;1.0;0.0;0.0;0.0;0.0;0.0;0.0;0.0;0.0;0.0;0.0;0.0;0.0;0.0;0.0;0.0;0.0;0.0;0.0;0.0;0.0;1.0;0.0;0.0;0.0;0.0;0.0;0.0;0.0;0.0;0.0;2.0;0.0;3.0;3.0;10.0;1.0;0;0;0;0;PALMAS;REGIÃO SUL;12;19246.0;22521.0;24970.0;23433.0;22325.0;16520.0;12816.0;17761.0;20619.0;20976.0;21011.0;22416.0
22974.0;2019-09-30;3.0;9.0;16.0;22.0;473.0;30.0;2.0;3.0;15.0;284.0;30.0;0.0;30.0;662.0;20.0;51.0;5;4;4;5;4;4;4;0;0;0;0;0;0;0;0;0;0;0;1;0;0;0;0;0.0;0.0;0.0;0.0;1.0;0.0;0.0;0.0;0.0;0.0;0.0;0.0;0.0;0.0;0.0;0.0;0.0;0.0;0.0;0.0;0.0;0.0;0.0;0.0;0.0;1.0;0.0;0.0;0.0;0.0;0.0;0.0;0.0;0.0;0.0;2.0;0.0;3.0;3.0;10.0;1.0;0;0;0;0;PALMAS;REGIÃO SUL;13;22133.0;19246.0;22521.0;24970.0;23433.0;22325.0;16520.0;12816.0;17761.0;20619.0;20976.0;21011.0
21986.0;2019-10-31;8.0;13.0;18.0;25.0;571.0;33.0;6.0;8.0;16.0;383.0;33.0;0.0;33.0;759.0;53.0;178.0;4;5;5;4;4;4;5;0;0;0;0;0;0;0;0;0;0;1;0;0;0;0;0;0.0;0.0;0.0;0.0;1.0;0.0;0.0;0.0;0.0;0.0;0.0;0.0;0.0;0.0;0.0;0.0;0.0;0.0;0.0;0.0;0.0;0.0;0.0;0.0;0.0;1.0;0.0;0.0;0.0;0.0;0.0;0.0;0.0;0.0;0.0;2.0;0.0;3.0;3.0;10.0;1.0;0;0;0;0;PALMAS;REGIÃO SUL;14;22974.0;22133.0;19246.0;22521.0;24970.0;23433.0;22325.0;16520.0;12816.0;17761.0;20619.0;20976.0
22938.0;2019-11-30;8.0;15.0;19.0;23.0;574.0;30.0;7.0;8.0;16.0;390.0;30.0;0.0;30.0;758.0;74.0;212.0;4;4;4;4;5;5;4;0;0;0;0;0;0;0;0;0;1;0;0;0;0;0;0;0.0;0.0;0.0;0.0;1.0;0.0;0.0;0.0;0.0;0.0;0.0;0.0;0.0;0.0;0.0;0.0;0.0;0.0;0.0;0.0;0.0;0.0;0.0;0.0;0.0;1.0;0.0;0.0;0.0;0.0;0.0;0.0;0.0;0.0;0.0;2.0;0.0;3.0;3.0;10.0;1.0;0;0;0;0;PALMAS;REGIÃO SUL;15;21986.0;22974.0;22133.0;19246.0;22521.0;24970.0;23433.0;22325.0;16520.0;12816.0;17761.0;20619.0
19180.0;2019-12-31;10.0;16.0;20.0;25.0;622.0;32.0;5.0;10.0;17.0;427.0;32.0;0.0;32.0;817.0;50.0;157.0;5;4;4;5;4;4;5;0;0;1;0;0;0;0;0;0;0;0;0;0;0;0;0;0.0;0.0;0.0;0.0;1.0;0.0;0.0;0.0;0.0;0.0;0.0;0.0;0.0;0.0;0.0;0.0;0.0;0.0;0.0;0.0;0.0;0.0;0.0;0.0;0.0;1.0;0.0;0.0;0.0;0.0;0.0;0.0;0.0;0.0;0.0;2.0;0.0;3.0;3.0;10.0;1.0;0;0;0;0;PALMAS;REGIÃO SUL;16;22938.0;21986.0;22974.0;22133.0;19246.0;22521.0;24970.0;23433.0;22325.0;16520.0;12816.0;17761.0
11630.0;2020-01-31;11.0;16.0;20.0;24.0;628.0;30.0;3.0;11.0;18.0;457.0;30.0;0.0;30.0;798.0;49.0;104.0;4;5;5;4;5;4;4;0;0;0;0;1;0;0;0;0;0;0;0;0;0;0;0;0.0;0.0;0.0;0.0;0.0;1.0;0.0;0.0;0.0;0.0;0.0;0.0;0.0;0.0;0.0;0.0;0.0;0.0;0.0;0.0;0.0;0.0;0.0;0.0;0.0;1.0;0.0;0.0;0.0;0.0;0.0;0.0;0.0;0.0;0.0;2.0;0.0;3.0;3.0;10.0;1.0;31;0;0;0;PALMAS;REGIÃO SUL;17;19180.0;22938.0;21986.0;22974.0;22133.0;19246.0;22521.0;24970.0;23433.0;22325.0;16520.0;12816.0
17843.0;2020-02-29;9.0;15.0;20.0;23.0;567.0;30.0;2.0;9.0;17.0;399.0;30.0;0.0;30.0;734.0;22.0;61.0;4;4;4;4;4;5;4;0;0;0;1;0;0;0;0;0;0;0;0;0;0;0;0;0.0;0.0;0.0;0.0;0.0;1.0;0.0;0.0;0.0;0.0;0.0;0.0;0.0;0.0;0.0;0.0;0.0;0.0;0.0;0.0;0.0;0.0;0.0;0.0;0.0;1.0;0.0;0.0;0.0;0.0;0.0;0.0;0.0;0.0;0.0;2.0;0.0;3.0;3.0;10.0;1.0;0;3;0;0;PALMAS;REGIÃO SUL;18;11630.0;19180.0;22938.0;21986.0;22974.0;22133.0;19246.0;22521.0;24970.0;23433.0;22325.0;16520.0
19131.0;2020-03-31;10.0;17.0;20.0;23.0;614.0;32.0;1.0;10.0;17.0;401.0;32.0;0.0;32.0;828.0;17.0;36.0;5;4;4;5;4;4;5;0;0;0;0;0;0;0;0;1;0;0;0;0;0;0;0;0.0;0.0;0.0;0.0;0.0;1.0;0.0;0.0;0.0;0.0;0.0;0.0;0.0;0.0;0.0;0.0;0.0;0.0;0.0;0.0;0.0;0.0;0.0;0.0;0.0;1.0;0.0;0.0;0.0;0.0;0.0;0.0;0.0;0.0;0.0;2.0;0.0;3.0;3.0;10.0;1.0;0;0;15;0;PALMAS;REGIÃO SUL;19;17843.0;11630.0;19180.0;22938.0;21986.0;22974.0;22133.0;19246.0;22521.0;24970.0;23433.0;22325.0
12105.0;2020-04-30;1.0;10.0;15.0;22.0;465.0;29.0;3.0;1.0;16.0;252.0;29.0;0.0;29.0;677.0;66.0;86.0;4;5;5;4;4;4;4;1;0;0;0;0;0;0;0;0;0;0;0;0;0;0;0;0.0;0.0;0.0;0.0;0.0;1.0;0.0;0.0;0.0;0.0;0.0;0.0;0.0;0.0;0.0;0.0;0.0;0.0;0.0;0.0;0.0;0.0;0.0;0.0;0.0;1.0;0.0;0.0;0.0;0.0;0.0;0.0;0.0;0.0;0.0;2.0;0.0;3.0;3.0;10.0;1.0;0;1;30;0;PALMAS;REGIÃO SUL;20;19131.0;17843.0;11630.0;19180.0;22938.0;21986.0;22974.0;22133.0;19246.0;22521.0;24970.0;23433.0
12754.0;2020-05-31;0.0;8.0;13.0;17.0;401.0;25.0;9.0;0.0;13.0;190.0;25.0;0.0;25.0;612.0;134.0;264.0;5;4;4;4;5;5;4;0;0;0;0;0;0;0;1;0;0;0;0;0;0;0;0;0.0;0.0;0.0;0.0;0.0;1.0;0.0;0.0;0.0;0.0;0.0;0.0;0.0;0.0;0.0;0.0;0.0;0.0;0.0;0.0;0.0;0.0;0.0;0.0;0.0;1.0;0.0;0.0;0.0;0.0;0.0;0.0;0.0;0.0;0.0;2.0;0.0;3.0;3.0;10.0;1.0;0;0;31;0;PALMAS;REGIÃO SUL;21;12105.0;19131.0;17843.0;11630.0;19180.0;22938.0;21986.0;22974.0;22133.0;19246.0;22521.0;24970.0
12153.0;2020-06-30;3.0;7.0;14.0;19.0;416.0;25.0;12.0;3.0;16.0;276.0;25.0;0.0;25.0;556.0;130.0;346.0;4;4;4;5;4;4;5;0;0;0;0;0;0;1;0;0;0;0;0;0;0;0;0;0.0;0.0;0.0;0.0;0.0;1.0;0.0;0.0;0.0;0.0;0.0;0.0;0.0;0.0;0.0;0.0;0.0;0.0;0.0;0.0;0.0;0.0;0.0;0.0;0.0;1.0;0.0;0.0;0.0;0.0;0.0;0.0;0.0;0.0;0.0;2.0;0.0;3.0;3.0;10.0;1.0;0;1;30;0;PALMAS;REGIÃO SUL;22;12754.0;12105.0;19131.0;17843.0;11630.0;19180.0;22938.0;21986.0;22974.0;22133.0;19246.0;22521.0
12443.0;2020-07-31;-1.0;6.0;13.0;18.0;389.0;24.0;5.0;-1.0;13.0;228.0;24.0;0.0;24.0;550.0;84.0;162.0;4;5;5;4;5;4;4;0;0;0;0;0;1;0;0;0;0;0;0;0;0;0;0;0.0;0.0;0.0;0.0;0.0;1.0;0.0;0.0;0.0;0.0;0.0;0.0;0.0;0.0;0.0;0.0;0.0;0.0;0.0;0.0;0.0;0.0;0.0;0.0;0.0;1.0;0.0;0.0;0.0;0.0;0.0;0.0;0.0;0.0;0.0;2.0;0.0;3.0;3.0;10.0;1.0;0;0;31;0;PALMAS;REGIÃO SUL;23;12153.0;12754.0;12105.0;19131.0;17843.0;11630.0;19180.0;22938.0;21986.0;22974.0;22133.0;19246.0
12118.0;2020-08-31;-3.0;3.0;14.0;21.0;449.0;28.0;10.0;-3.0;14.0;266.0;28.0;0.0;28.0;632.0;135.0;303.0;5;4;4;5;4;5;4;0;1;0;0;0;0;0;0;0;0;0;0;0;0;0;0;0.0;0.0;0.0;0.0;0.0;1.0;0.0;0.0;0.0;0.0;0.0;0.0;0.0;0.0;0.0;0.0;0.0;0.0;0.0;0.0;0.0;0.0;0.0;0.0;0.0;1.0;0.0;0.0;0.0;0.0;0.0;0.0;0.0;0.0;0.0;2.0;0.0;3.0;3.0;10.0;1.0;0;0;31;0;PALMAS;REGIÃO SUL;24;12443.0;12153.0;12754.0;12105.0;19131.0;17843.0;11630.0;19180.0;22938.0;21986.0;22974.0;22133.0
11523.0;2020-09-30;5.0;11.0;18.0;25.0;547.0;33.0;2.0;5.0;18.0;365.0;33.0;0.0;33.0;728.0;19.0;62.0;4;5;4;4;4;4;5;0;0;0;0;0;0;0;0;0;0;0;1;0;0;0;0;0.0;0.0;0.0;0.0;0.0;1.0;0.0;0.0;0.0;0.0;0.0;0.0;0.0;0.0;0.0;0.0;0.0;0.0;0.0;0.0;0.0;0.0;0.0;0.0;0.0;1.0;0.0;0.0;0.0;0.0;0.0;0.0;0.0;0.0;0.0;2.0;0.0;3.0;3.0;10.0;1.0;0;0;30;0;PALMAS;REGIÃO SUL;25;12118.0;12443.0;12153.0;12754.0;12105.0;19131.0;17843.0;11630.0;19180.0;22938.0;21986.0;22974.0
11723.0;2020-10-31;6.0;14.0;20.0;28.0;605.0;33.0;2.0;6.0;23.0;412.0;33.0;0.0;33.0;798.0;21.0;73.0;4;4;5;4;5;5;4;0;0;0;0;0;0;0;0;0;0;1;0;0;0;0;0;0.0;0.0;0.0;0.0;0.0;1.0;0.0;0.0;0.0;0.0;0.0;0.0;0.0;0.0;0.0;0.0;0.0;0.0;0.0;0.0;0.0;0.0;0.0;0.0;0.0;1.0;0.0;0.0;0.0;0.0;0.0;0.0;0.0;0.0;0.0;2.0;0.0;3.0;3.0;10.0;1.0;0;0;31;0;PALMAS;REGIÃO SUL;26;11523.0;12118.0;12443.0;12153.0;12754.0;12105.0;19131.0;17843.0;11630.0;19180.0;22938.0;21986.0
10140.0;2020-11-30;6.0;14.0;19.0;24.0;566.0;32.0;3.0;6.0;17.0;373.0;32.0;0.0;32.0;758.0;18.0;102.0;5;4;4;5;4;4;4;0;0;0;0;0;0;0;0;0;1;0;0;0;0;0;0;0.0;0.0;0.0;0.0;0.0;1.0;0.0;0.0;0.0;0.0;0.0;0.0;0.0;0.0;0.0;0.0;0.0;0.0;0.0;0.0;0.0;0.0;0.0;0.0;0.0;1.0;0.0;0.0;0.0;0.0;0.0;0.0;0.0;0.0;0.0;2.0;0.0;3.0;3.0;10.0;1.0;0;0;30;0;PALMAS;REGIÃO SUL;27;11723.0;11523.0;12118.0;12443.0;12153.0;12754.0;12105.0;19131.0;17843.0;11630.0;19180.0;22938.0
9734.0;2020-12-31;11.0;16.0;20.0;23.0;630.0;29.0;9.0;11.0;17.0;453.0;29.0;0.0;29.0;806.0;108.0;275.0;4;5;5;4;4;4;5;0;0;1;0;0;0;0;0;0;0;0;0;0;0;0;0;0.0;0.0;0.0;0.0;0.0;1.0;0.0;0.0;0.0;0.0;0.0;0.0;0.0;0.0;0.0;0.0;0.0;0.0;0.0;0.0;0.0;0.0;0.0;0.0;0.0;1.0;0.0;0.0;0.0;0.0;0.0;0.0;0.0;0.0;0.0;2.0;0.0;3.0;3.0;10.0;1.0;0;0;31;0;PALMAS;REGIÃO SUL;28;10140.0;11723.0;11523.0;12118.0;12443.0;12153.0;12754.0;12105.0;19131.0;17843.0;11630.0;19180.0
11377.0;2021-01-31;13.0;19.0;21.0;23.0;638.0;29.0;7.0;13.0;18.0;498.0;29.0;0.0;29.0;778.0;35.0;210.0;5;4;4;4;5;5;4;0;0;0;0;1;0;0;0;0;0;0;0;1;0;0;0;0.0;0.0;0.0;0.0;0.0;0.0;0.0;0.0;0.0;0.0;0.0;0.0;0.0;0.0;0.0;0.0;0.0;0.0;0.0;0.0;0.0;0.0;0.0;0.0;0.0;1.0;0.0;0.0;0.0;0.0;0.0;0.0;0.0;0.0;0.0;2.0;0.0;3.0;3.0;10.0;1.0;0;0;31;0;PALMAS;REGIÃO SUL;29;9734.0;10140.0;11723.0;11523.0;12118.0;12443.0;12153.0;12754.0;12105.0;19131.0;17843.0;11630.0
9492.0;2021-02-28;11.0;17.0;21.0;25.0;589.0;31.0;1.0;11.0;20.0;430.0;31.0;0.0;31.0;749.0;8.0;26.0;4;4;4;4;4;4;4;0;0;0;1;0;0;0;0;0;0;0;0;1;0;0;0;0.0;0.0;0.0;0.0;0.0;0.0;0.0;0.0;0.0;0.0;0.0;0.0;0.0;0.0;0.0;0.0;0.0;0.0;0.0;0.0;0.0;0.0;0.0;0.0;0.0;1.0;0.0;0.0;0.0;0.0;0.0;0.0;0.0;0.0;0.0;2.0;0.0;3.0;3.0;10.0;1.0;0;3;28;0;PALMAS;REGIÃO SUL;30;11377.0;9734.0;10140.0;11723.0;11523.0;12118.0;12443.0;12153.0;12754.0;12105.0;19131.0;17843.0
9734.0;2021-03-31;11.0;16.0;22.0;26.0;671.0;32.0;3.0;11.0;19.0;502.0;32.0;0.0;32.0;840.0;30.0;104.0;4;5;4;5;4;4;5;0;0;0;0;0;0;0;0;1;0;0;0;1;0;0;0;0.0;0.0;0.0;0.0;0.0;0.0;0.0;0.0;0.0;0.0;0.0;0.0;0.0;0.0;0.0;0.0;0.0;0.0;0.0;0.0;0.0;0.0;0.0;0.0;0.0;1.0;0.0;0.0;0.0;0.0;0.0;0.0;0.0;0.0;0.0;2.0;0.0;3.0;3.0;10.0;1.0;0;0;31;0;PALMAS;REGIÃO SUL;31;9492.0;11377.0;9734.0;10140.0;11723.0;11523.0;12118.0;12443.0;12153.0;12754.0;12105.0;19131.0
10680.0;2021-04-30;6.0;13.0;18.0;23.0;548.0;29.0;0.0;6.0;17.0;372.0;29.0;0.0;29.0;725.0;3.0;6.0;4;4;5;4;5;4;4;1;0;0;0;0;0;0;0;0;0;0;0;1;0;0;0;0.0;0.0;0.0;0.0;0.0;0.0;0.0;0.0;0.0;0.0;0.0;0.0;0.0;0.0;0.0;0.0;0.0;0.0;0.0;0.0;0.0;0.0;0.0;0.0;0.0;1.0;0.0;0.0;0.0;0.0;0.0;0.0;0.0;0.0;0.0;2.0;0.0;3.0;3.0;10.0;1.0;0;1;30;0;PALMAS;REGIÃO SUL;32;9734.0;9492.0;11377.0;9734.0;10140.0;11723.0;11523.0;12118.0;12443.0;12153.0;12754.0;12105.0
13082.0;2021-05-31;4.0;10.0;16.0;22.0;489.0;29.0;5.0;4.0;16.0;307.0;29.0;0.0;29.0;670.0;82.0;156.0;5;4;4;5;4;5;4;0;0;0;0;0;0;0;1;0;0;0;0;1;0;0;0;0.0;0.0;0.0;0.0;0.0;0.0;0.0;0.0;0.0;0.0;0.0;0.0;0.0;0.0;0.0;0.0;0.0;0.0;0.0;0.0;0.0;0.0;0.0;0.0;0.0;1.0;0.0;0.0;0.0;0.0;0.0;0.0;0.0;0.0;0.0;2.0;0.0;3.0;3.0;10.0;1.0;0;0;31;0;PALMAS;REGIÃO SUL;33;10680.0;9734.0;9492.0;11377.0;9734.0;10140.0;11723.0;11523.0;12118.0;12443.0;12153.0;12754.0
14550.0;2021-06-30;-2.0;3.0;14.0;22.0;408.0;27.0;4.0;-2.0;16.0;266.0;27.0;0.0;27.0;549.0;20.0;105.0;4;5;4;4;4;4;5;0;0;0;0;0;0;1;0;0;0;0;0;1;0;0;0;0.0;0.0;0.0;0.0;0.0;0.0;0.0;0.0;0.0;0.0;0.0;0.0;0.0;0.0;0.0;0.0;0.0;0.0;0.0;0.0;0.0;0.0;0.0;0.0;0.0;1.0;0.0;0.0;0.0;0.0;0.0;0.0;0.0;0.0;0.0;2.0;0.0;3.0;3.0;10.0;1.0;0;1;30;0;PALMAS;REGIÃO SUL;34;13082.0;10680.0;9734.0;9492.0;11377.0;9734.0;10140.0;11723.0;11523.0;12118.0;12443.0;12153.0
14136.0;2021-07-31;-4.0;3.0;13.0;21.0;407.0;27.0;2.0;-4.0;15.0;222.0;27.0;0.0;27.0;592.0;25.0;55.0;4;4;5;4;5;5;4;0;0;0;0;0;1;0;0;0;0;0;0;1;0;0;0;0.0;0.0;0.0;0.0;0.0;0.0;0.0;0.0;0.0;0.0;0.0;0.0;0.0;0.0;0.0;0.0;0.0;0.0;0.0;0.0;0.0;0.0;0.0;0.0;0.0;1.0;0.0;0.0;0.0;0.0;0.0;0.0;0.0;0.0;0.0;2.0;0.0;3.0;3.0;10.0;1.0;0;0;31;0;PALMAS;REGIÃO SUL;35;14550.0;13082.0;10680.0;9734.0;9492.0;11377.0;9734.0;10140.0;11723.0;11523.0;12118.0;12443.0
13671.0;2021-08-31;3.0;10.0;18.0;24.0;543.0;31.0;1.0;3.0;18.0;364.0;31.0;0.0;31.0;722.0;16.0;45.0;5;4;4;5;4;4;5;0;1;0;0;0;0;0;0;0;0;0;0;1;0;0;0;0.0;0.0;0.0;0.0;0.0;0.0;0.0;0.0;0.0;0.0;0.0;0.0;0.0;0.0;0.0;0.0;0.0;0.0;0.0;0.0;0.0;0.0;0.0;0.0;0.0;1.0;0.0;0.0;0.0;0.0;0.0;0.0;0.0;0.0;0.0;2.0;0.0;3.0;3.0;10.0;1.0;0;0;31;0;PALMAS;REGIÃO SUL;36;14136.0;14550.0;13082.0;10680.0;9734.0;9492.0;11377.0;9734.0;10140.0;11723.0;11523.0;12118.0
12360.0;2021-09-30;7.0;14.0;20.0;27.0;589.0;33.0;8.0;7.0;21.0;421.0;33.0;0.0;33.0;757.0;70.0;228.0;4;5;5;4;4;4;4;0;0;0;0;0;0;0;0;0;0;0;1;1;0;0;0;0.0;0.0;0.0;0.0;0.0;0.0;0.0;0.0;0.0;0.0;0.0;0.0;0.0;0.0;0.0;0.0;0.0;0.0;0.0;0.0;0.0;0.0;0.0;0.0;0.0;1.0;0.0;0.0;0.0;0.0;0.0;0.0;0.0;0.0;0.0;2.0;0.0;3.0;3.0;10.0;1.0;0;0;30;0;PALMAS;REGIÃO SUL;37;13671.0;14136.0;14550.0;13082.0;10680.0;9734.0;9492.0;11377.0;9734.0;10140.0;11723.0;11523.0
11687.0;2021-10-31;9.0;15.0;18.0;23.0;564.0;28.0;13.0;9.0;17.0;422.0;28.0;0.0;28.0;705.0;92.0;389.0;5;4;4;4;5;5;4;0;0;0;0;0;0;0;0;0;0;1;0;1;0;0;0;0.0;0.0;0.0;0.0;0.0;0.0;0.0;0.0;0.0;0.0;0.0;0.0;0.0;0.0;0.0;0.0;0.0;0.0;0.0;0.0;0.0;0.0;0.0;0.0;0.0;1.0;0.0;0.0;0.0;0.0;0.0;0.0;0.0;0.0;0.0;2.0;0.0;3.0;3.0;10.0;1.0;0;0;0;0;PALMAS;REGIÃO SUL;38;12360.0;13671.0;14136.0;14550.0;13082.0;10680.0;9734.0;9492.0;11377.0;9734.0;10140.0;11723.0
19020.0;2021-11-30;12.0;18.0;22.0;25.0;646.0;32.0;4.0;12.0;20.0;465.0;32.0;0.0;32.0;827.0;40.0;108.0;4;4;4;5;4;4;5;0;0;0;0;0;0;0;0;0;1;0;0;1;0;0;0;0.0;0.0;0.0;0.0;0.0;0.0;0.0;0.0;0.0;0.0;0.0;0.0;0.0;0.0;0.0;0.0;0.0;0.0;0.0;0.0;0.0;0.0;0.0;0.0;0.0;1.0;0.0;0.0;0.0;0.0;0.0;0.0;0.0;0.0;0.0;2.0;0.0;3.0;3.0;10.0;1.0;0;0;0;0;PALMAS;REGIÃO SUL;39;11687.0;12360.0;13671.0;14136.0;14550.0;13082.0;10680.0;9734.0;9492.0;11377.0;9734.0;10140.0
18848.0;2021-12-31;10.0;19.0;23.0;26.0;718.0;33.0;2.0;10.0;20.0;505.0;33.0;0.0;33.0;932.0;31.0;75.0;4;5;5;4;5;4;4;0;0;1;0;0;0;0;0;0;0;0;0;1;0;0;0;0.0;0.0;0.0;0.0;0.0;0.0;0.0;0.0;0.0;0.0;0.0;0.0;0.0;0.0;0.0;0.0;0.0;0.0;0.0;0.0;0.0;0.0;0.0;0.0;0.0;1.0;0.0;0.0;0.0;0.0;0.0;0.0;0.0;0.0;0.0;2.0;0.0;3.0;3.0;10.0;1.0;0;0;0;0;PALMAS;REGIÃO SUL;40;19020.0;11687.0;12360.0;13671.0;14136.0;14550.0;13082.0;10680.0;9734.0;9492.0;11377.0;9734.0
12834.0;2022-01-31;14.0;18.0;24.0;29.0;749.0;35.0;8.0;14.0;22.0;568.0;35.0;0.0;35.0;931.0;57.0;248.0;5;4;4;5;4;5;4;0;0;0;0;1;0;0;0;0;0;0;0;0;1;0;0;0.0;0.0;0.0;0.0;0.0;0.0;0.0;0.0;0.0;0.0;0.0;0.0;0.0;0.0;0.0;0.0;0.0;0.0;0.0;0.0;0.0;0.0;0.0;0.0;0.0;1.0;0.0;0.0;0.0;0.0;0.0;0.0;0.0;0.0;0.0;2.0;0.0;3.0;3.0;10.0;1.0;31;0;0;0;PALMAS;REGIÃO SUL;41;18848.0;19020.0;11687.0;12360.0;13671.0;14136.0;14550.0;13082.0;10680.0;9734.0;9492.0;11377.0
4088.0;2022-02-28;11.0;18.0;23.0;26.0;650.0;32.0;5.0;11.0;22.0;483.0;32.0;0.0;32.0;817.0;40.0;141.0;4;4;4;4;4;4;4;0;0;0;1;0;0;0;0;0;0;0;0;0;1;0;0;0.0;0.0;0.0;0.0;0.0;0.0;0.0;0.0;0.0;0.0;0.0;0.0;0.0;0.0;0.0;0.0;0.0;0.0;0.0;0.0;0.0;0.0;0.0;0.0;0.0;1.0;0.0;0.0;0.0;0.0;0.0;0.0;0.0;0.0;0.0;2.0;0.0;3.0;3.0;10.0;1.0;0;1;0;0;PALMAS;REGIÃO SUL;42;12834.0;18848.0;19020.0;11687.0;12360.0;13671.0;14136.0;14550.0;13082.0;10680.0;9734.0;9492.0
22816.0;2022-03-31;7.0;12.0;21.0;26.0;650.0;31.0;13.0;7.0;21.0;501.0;31.0;0.0;31.0;798.0;112.0;388.0;4;5;5;4;4;4;5;0;0;0;0;0;0;0;0;1;0;0;0;0;1;0;0;0.0;0.0;0.0;0.0;0.0;0.0;0.0;0.0;0.0;0.0;0.0;0.0;0.0;0.0;0.0;0.0;0.0;0.0;0.0;0.0;0.0;0.0;0.0;0.0;0.0;1.0;0.0;0.0;0.0;0.0;0.0;0.0;0.0;0.0;0.0;2.0;0.0;3.0;3.0;10.0;1.0;0;1;0;0;PALMAS;REGIÃO SUL;43;4088.0;12834.0;18848.0;19020.0;11687.0;12360.0;13671.0;14136.0;14550.0;13082.0;10680.0;9734.0
15600.0;2022-04-30;5.0;12.0;18.0;23.0;534.0;28.0;20.0;5.0;18.0;392.0;28.0;0.0;28.0;676.0;160.0;603.0;4;4;4;4;5;5;4;1;0;0;0;0;0;0;0;0;0;0;0;0;1;0;0;0.0;0.0;0.0;0.0;0.0;0.0;0.0;0.0;0.0;0.0;0.0;0.0;0.0;0.0;0.0;0.0;0.0;0.0;0.0;0.0;0.0;0.0;0.0;0.0;0.0;1.0;0.0;0.0;0.0;0.0;0.0;0.0;0.0;0.0;0.0;2.0;0.0;3.0;3.0;10.0;1.0;0;1;0;0;PALMAS;REGIÃO SUL;44;22816.0;4088.0;12834.0;18848.0;19020.0;11687.0;12360.0;13671.0;14136.0;14550.0;13082.0;10680.0
15593.0;2022-05-31;1.0;5.0;12.0;19.0;386.0;23.0;7.0;1.0;15.0;248.0;23.0;0.0;23.0;523.0;55.0;222.0;5;4;4;5;4;4;5;0;0;0;0;0;0;0;1;0;0;0;0;0;1;0;0;0.0;0.0;0.0;0.0;0.0;0.0;0.0;0.0;0.0;0.0;0.0;0.0;0.0;0.0;0.0;0.0;0.0;0.0;0.0;0.0;0.0;0.0;0.0;0.0;0.0;1.0;0.0;0.0;0.0;0.0;0.0;0.0;0.0;0.0;0.0;2.0;0.0;3.0;3.0;10.0;1.0;0;0;0;0;PALMAS;REGIÃO SUL;45;15600.0;22816.0;4088.0;12834.0;18848.0;19020.0;11687.0;12360.0;13671.0;14136.0;14550.0;13082.0
15570.0;2022-06-30;-2.0;4.0;12.0;17.0;360.0;22.0;8.0;-2.0;14.0;224.0;22.0;0.0;22.0;497.0;78.0;248.0;4;5;5;4;4;4;4;0;0;0;0;0;0;1;0;0;0;0;0;0;1;0;0;0.0;0.0;0.0;0.0;0.0;0.0;0.0;0.0;0.0;0.0;0.0;0.0;0.0;0.0;0.0;0.0;0.0;0.0;0.0;0.0;0.0;0.0;0.0;0.0;0.0;1.0;0.0;0.0;0.0;0.0;0.0;0.0;0.0;0.0;0.0;2.0;0.0;3.0;3.0;10.0;1.0;0;1;0;0;PALMAS;REGIÃO SUL;46;15593.0;15600.0;22816.0;4088.0;12834.0;18848.0;19020.0;11687.0;12360.0;13671.0;14136.0;14550.0
13857.0;2022-07-31;1.0;8.0;15.0;19.0;473.0;24.0;2.0;1.0;14.0;300.0;24.0;0.0;24.0;647.0;22.0;70.0;5;4;4;4;5;5;4;0;0;0;0;0;1;0;0;0;0;0;0;0;1;0;0;0.0;0.0;0.0;0.0;0.0;0.0;0.0;0.0;0.0;0.0;0.0;0.0;0.0;0.0;0.0;0.0;0.0;0.0;0.0;0.0;0.0;0.0;0.0;0.0;0.0;1.0;0.0;0.0;0.0;0.0;0.0;0.0;0.0;0.0;0.0;2.0;0.0;3.0;3.0;10.0;1.0;0;0;0;0;PALMAS;REGIÃO SUL;47;15570.0;15593.0;15600.0;22816.0;4088.0;12834.0;18848.0;19020.0;11687.0;12360.0;13671.0;14136.0
14384.0;2022-08-31;-2.0;4.0;13.0;19.0;405.0;25.0;9.0;-2.0;13.0;236.0;25.0;0.0;25.0;573.0;66.0;291.0;4;5;4;5;4;4;5;0;1;0;0;0;0;0;0;0;0;0;0;0;1;0;0;0.0;0.0;0.0;0.0;0.0;0.0;0.0;0.0;0.0;0.0;0.0;0.0;0.0;0.0;0.0;0.0;0.0;0.0;0.0;0.0;0.0;0.0;0.0;0.0;0.0;1.0;0.0;0.0;0.0;0.0;0.0;0.0;0.0;0.0;0.0;2.0;0.0;3.0;3.0;10.0;1.0;0;0;0;0;PALMAS;REGIÃO SUL;48;13857.0;15570.0;15593.0;15600.0;22816.0;4088.0;12834.0;18848.0;19020.0;11687.0;12360.0;13671.0
12750.0;2022-09-30;1.0;8.0;13.0;21.0;393.0;26.0;8.0;1.0;17.0;242.0;26.0;0.0;26.0;544.0;42.0;226.0;4;4;5;4;5;4;4;0;0;0;0;0;0;0;0;0;0;0;1;0;1;0;0;0.0;0.0;0.0;0.0;0.0;0.0;0.0;0.0;0.0;0.0;0.0;0.0;0.0;0.0;0.0;0.0;0.0;0.0;0.0;0.0;0.0;0.0;0.0;0.0;0.0;1.0;0.0;0.0;0.0;0.0;0.0;0.0;0.0;0.0;0.0;2.0;0.0;3.0;3.0;10.0;1.0;0;0;0;0;PALMAS;REGIÃO SUL;49;14384.0;13857.0;15570.0;15593.0;15600.0;22816.0;4088.0;12834.0;18848.0;19020.0;11687.0;12360.0
13609.0;2022-10-31;6.0;12.0;16.0;21.0;503.0;28.0;13.0;6.0;15.0;352.0;28.0;0.0;28.0;653.0;108.0;398.0;5;4;4;5;4;5;4;0;0;0;0;0;0;0;0;0;0;1;0;0;1;0;0;0.0;0.0;0.0;0.0;0.0;0.0;0.0;0.0;0.0;0.0;0.0;0.0;0.0;0.0;0.0;0.0;0.0;0.0;0.0;0.0;0.0;0.0;0.0;0.0;0.0;1.0;0.0;0.0;0.0;0.0;0.0;0.0;0.0;0.0;0.0;2.0;0.0;3.0;3.0;10.0;1.0;0;0;0;0;PALMAS;REGIÃO SUL;50;12750.0;14384.0;13857.0;15570.0;15593.0;15600.0;22816.0;4088.0;12834.0;18848.0;19020.0;11687.0
14340.0;2022-11-30;2.0;8.0;17.0;21.0;506.0;28.0;5.0;2.0;16.0;312.0;28.0;0.0;28.0;699.0;43.0;145.0;4;5;4;4;4;4;5;0;0;0;0;0;0;0;0;0;1;0;0;0;1;0;0;0.0;0.0;0.0;0.0;0.0;0.0;0.0;0.0;0.0;0.0;0.0;0.0;0.0;0.0;0.0;0.0;0.0;0.0;0.0;0.0;0.0;0.0;0.0;0.0;0.0;1.0;0.0;0.0;0.0;0.0;0.0;0.0;0.0;0.0;0.0;2.0;0.0;3.0;3.0;10.0;1.0;0;0;0;0;PALMAS;REGIÃO SUL;51;13609.0;12750.0;14384.0;13857.0;15570.0;15593.0;15600.0;22816.0;4088.0;12834.0;18848.0;19020.0
12493.0;2022-12-31;10.0;17.0;21.0;25.0;641.0;31.0;3.0;10.0;19.0;458.0;31.0;0.0;31.0;825.0;26.0;104.0;4;4;5;4;5;5;4;0;0;1;0;0;0;0;0;0;0;0;0;0;1;0;0;0.0;0.0;0.0;0.0;0.0;0.0;0.0;0.0;0.0;0.0;0.0;0.0;0.0;0.0;0.0;0.0;0.0;0.0;0.0;0.0;0.0;0.0;0.0;0.0;0.0;1.0;0.0;0.0;0.0;0.0;0.0;0.0;0.0;0.0;0.0;2.0;0.0;3.0;3.0;10.0;1.0;0;0;0;0;PALMAS;REGIÃO SUL;52;14340.0;13609.0;12750.0;14384.0;13857.0;15570.0;15593.0;15600.0;22816.0;4088.0;12834.0;18848.0
10261.0;2023-01-31;11.0;18.0;21.0;25.0;653.0;30.0;7.0;11.0;19.0;481.0;30.0;0.0;30.0;826.0;46.0;229.0;5;4;4;5;4;4;5;0;0;0;0;1;0;0;0;0;0;0;0;0;0;1;0;0.0;0.0;0.0;0.0;0.0;0.0;0.0;0.0;0.0;0.0;0.0;0.0;0.0;0.0;0.0;0.0;0.0;0.0;0.0;0.0;0.0;0.0;0.0;0.0;0.0;1.0;0.0;0.0;0.0;0.0;0.0;0.0;0.0;0.0;0.0;2.0;0.0;3.0;3.0;10.0;1.0;31;0;0;0;PALMAS;REGIÃO SUL;53;12493.0;14340.0;13609.0;12750.0;14384.0;13857.0;15570.0;15593.0;15600.0;22816.0;4088.0;12834.0
13552.0;2023-02-28;7.0;13.0;20.0;23.0;550.0;29.0;7.0;7.0;17.0;410.0;29.0;0.0;29.0;691.0;41.0;184.0;4;4;4;4;4;4;4;0;0;0;1;0;0;0;0;0;0;0;0;0;0;1;0;0.0;0.0;0.0;0.0;0.0;0.0;0.0;0.0;0.0;0.0;0.0;0.0;0.0;0.0;0.0;0.0;0.0;0.0;0.0;0.0;0.0;0.0;0.0;0.0;0.0;1.0;0.0;0.0;0.0;0.0;0.0;0.0;0.0;0.0;0.0;2.0;0.0;3.0;3.0;10.0;2.0;0;3;0;0;PALMAS;REGIÃO SUL;54;10261.0;12493.0;14340.0;13609.0;12750.0;14384.0;13857.0;15570.0;15593.0;15600.0;22816.0;4088.0
15345.0;2023-03-31;11.0;18.0;21.0;23.0;646.0;29.0;4.0;11.0;20.0;489.0;29.0;0.0;29.0;802.0;22.0;131.0;4;5;5;4;5;4;4;0;0;0;0;0;0;0;0;1;0;0;0;0;0;1;0;0.0;0.0;0.0;0.0;0.0;0.0;0.0;0.0;0.0;0.0;0.0;0.0;0.0;0.0;0.0;0.0;0.0;0.0;0.0;0.0;0.0;0.0;0.0;0.0;0.0;1.0;0.0;0.0;0.0;0.0;0.0;0.0;0.0;0.0;0.0;2.0;0.0;3.0;3.0;10.0;2.0;0;0;0;0;PALMAS;REGIÃO SUL;55;13552.0;10261.0;12493.0;14340.0;13609.0;12750.0;14384.0;13857.0;15570.0;15593.0;15600.0;22816.0
14490.0;2023-04-30;4.0;10.0;17.0;20.0;498.0;27.0;4.0;4.0;15.0;342.0;27.0;0.0;27.0;653.0;61.0;125.0;5;4;4;4;4;5;4;1;0;0;0;0;0;0;0;0;0;0;0;0;0;1;0;0.0;0.0;0.0;0.0;0.0;0.0;0.0;0.0;0.0;0.0;0.0;0.0;0.0;0.0;0.0;0.0;0.0;0.0;0.0;0.0;0.0;0.0;0.0;0.0;0.0;1.0;0.0;0.0;0.0;0.0;0.0;0.0;0.0;0.0;0.0;2.0;0.0;3.0;3.0;10.0;2.0;0;1;0;0;PALMAS;REGIÃO SUL;56;15345.0;13552.0;10261.0;12493.0;14340.0;13609.0;12750.0;14384.0;13857.0;15570.0;15593.0;15600.0
16957.0;2023-05-31;5.0;10.0;16.0;20.0;486.0;24.0;4.0;5.0;17.0;330.0;24.0;0.0;24.0;641.0;28.0;130.0;4;5;4;5;4;4;5;0;0;0;0;0;0;0;1;0;0;0;0;0;0;1;0;0.0;0.0;0.0;0.0;0.0;0.0;0.0;0.0;0.0;0.0;0.0;0.0;0.0;0.0;0.0;0.0;0.0;0.0;0.0;0.0;0.0;0.0;0.0;0.0;0.0;1.0;0.0;0.0;0.0;0.0;0.0;0.0;0.0;0.0;0.0;2.0;0.0;3.0;3.0;10.0;2.0;0;0;0;0;PALMAS;REGIÃO SUL;57;14490.0;15345.0;13552.0;10261.0;12493.0;14340.0;13609.0;12750.0;14384.0;13857.0;15570.0;15593.0
16650.0;2023-06-30;2.0;6.0;14.0;17.0;410.0;23.0;4.0;2.0;14.0;273.0;23.0;0.0;23.0;548.0;64.0;113.0;4;4;5;4;5;4;4;0;0;0;0;0;0;1;0;0;0;0;0;0;0;1;0;0.0;0.0;0.0;0.0;0.0;0.0;0.0;0.0;0.0;0.0;0.0;0.0;0.0;0.0;0.0;0.0;0.0;0.0;0.0;0.0;0.0;0.0;0.0;0.0;0.0;1.0;0.0;0.0;0.0;0.0;0.0;0.0;0.0;0.0;0.0;2.0;0.0;3.0;3.0;10.0;2.0;0;1;0;0;PALMAS;REGIÃO SUL;58;16957.0;14490.0;15345.0;13552.0;10261.0;12493.0;14340.0;13609.0;12750.0;14384.0;13857.0;15570.0
21173.0;2023-07-31;2.0;6.0;14.0;19.0;441.0;23.0;5.0;2.0;15.0;306.0;23.0;0.0;23.0;575.0;61.0;157.0;5;4;4;5;4;5;4;0;0;0;0;0;1;0;0;0;0;0;0;0;0;1;0;0.0;0.0;0.0;0.0;0.0;0.0;0.0;0.0;0.0;0.0;0.0;0.0;0.0;0.0;0.0;0.0;0.0;0.0;0.0;0.0;0.0;0.0;0.0;0.0;0.0;1.0;0.0;0.0;0.0;0.0;0.0;0.0;0.0;0.0;0.0;2.0;0.0;3.0;3.0;10.0;2.0;15;0;0;0;PALMAS;REGIÃO SUL;59;16650.0;16957.0;14490.0;15345.0;13552.0;10261.0;12493.0;14340.0;13609.0;12750.0;14384.0;13857.0
21948.0;2023-08-31;0.0;8.0;16.0;23.0;481.0;28.0;8.0;0.0;17.0;315.0;28.0;0.0;28.0;648.0;79.0;235.0;4;5;5;4;4;4;5;0;1;0;0;0;0;0;0;0;0;0;0;0;0;1;0;0.0;0.0;0.0;0.0;0.0;0.0;0.0;0.0;0.0;0.0;0.0;0.0;0.0;0.0;0.0;0.0;0.0;0.0;0.0;0.0;0.0;0.0;0.0;0.0;0.0;1.0;0.0;0.0;0.0;0.0;0.0;0.0;0.0;0.0;0.0;2.0;0.0;3.0;3.0;10.0;2.0;0;0;0;0;PALMAS;REGIÃO SUL;60;21173.0;16650.0;16957.0;14490.0;15345.0;13552.0;10261.0;12493.0;14340.0;13609.0;12750.0;14384.0
11910.0;2023-09-30;4.0;10.0;18.0;25.0;546.0;31.0;7.0;4.0;19.0;397.0;31.0;0.0;31.0;696.0;48.0;212.0;4;4;4;4;5;5;4;0;0;0;0;0;0;0;0;0;0;0;1;0;0;1;0;0.0;0.0;0.0;0.0;0.0;0.0;0.0;0.0;0.0;0.0;0.0;0.0;0.0;0.0;0.0;0.0;0.0;0.0;0.0;0.0;0.0;0.0;0.0;0.0;0.0;1.0;0.0;0.0;0.0;0.0;0.0;0.0;0.0;0.0;0.0;2.0;0.0;3.0;3.0;10.0;2.0;0;0;0;0;PALMAS;REGIÃO SUL;61;21948.0;21173.0;16650.0;16957.0;14490.0;15345.0;13552.0;10261.0;12493.0;14340.0;13609.0;12750.0
11284.0;2023-10-31;8.0;11.0;17.0;20.0;534.0;27.0;17.0;8.0;16.0;406.0;27.0;0.0;27.0;663.0;121.0;542.0;5;4;4;5;4;4;5;0;0;0;0;0;0;0;0;0;0;1;0;0;0;1;0;0.0;0.0;0.0;0.0;0.0;0.0;0.0;0.0;0.0;0.0;0.0;0.0;0.0;0.0;0.0;0.0;0.0;0.0;0.0;0.0;0.0;0.0;0.0;0.0;0.0;1.0;0.0;0.0;0.0;0.0;0.0;0.0;0.0;0.0;0.0;2.0;0.0;3.0;3.0;10.0;2.0;0;0;0;0;PALMAS;REGIÃO SUL;62;11910.0;21948.0;21173.0;16650.0;16957.0;14490.0;15345.0;13552.0;10261.0;12493.0;14340.0;13609.0
12210.0;2023-11-30;5.0;11.0;19.0;25.0;579.0;31.0;13.0;5.0;19.0;444.0;31.0;0.0;31.0;715.0;75.0;380.0;4;5;5;4;4;4;4;0;0;0;0;0;0;0;0;0;1;0;0;0;0;1;0;0.0;0.0;0.0;0.0;0.0;0.0;0.0;0.0;0.0;0.0;0.0;0.0;0.0;0.0;0.0;0.0;0.0;0.0;0.0;0.0;0.0;0.0;0.0;0.0;0.0;1.0;0.0;0.0;0.0;0.0;0.0;0.0;0.0;0.0;0.0;2.0;0.0;3.0;3.0;10.0;2.0;0;0;0;0;PALMAS;REGIÃO SUL;63;11284.0;11910.0;21948.0;21173.0;16650.0;16957.0;14490.0;15345.0;13552.0;10261.0;12493.0;14340.0
9579.0;2023-12-31;13.0;16.0;21.0;26.0;664.0;33.0;5.0;13.0;21.0;510.0;33.0;0.0;33.0;817.0;31.0;152.0;5;4;4;4;5;5;4;0;0;1;0;0;0;0;0;0;0;0;0;0;0;1;0;0.0;0.0;0.0;0.0;0.0;0.0;0.0;0.0;0.0;0.0;0.0;0.0;0.0;0.0;0.0;0.0;0.0;0.0;0.0;0.0;0.0;0.0;0.0;0.0;0.0;1.0;0.0;0.0;0.0;0.0;0.0;0.0;0.0;0.0;0.0;2.0;0.0;3.0;3.0;10.0;2.0;0;0;0;0;PALMAS;REGIÃO SUL;64;12210.0;11284.0;11910.0;21948.0;21173.0;16650.0;16957.0;14490.0;15345.0;13552.0;10261.0;12493.0
8215.0;2024-01-31;11.0;17.0;21.0;24.0;653.0;30.0;3.0;11.0;20.0;497.0;30.0;0.0;30.0;809.0;28.0;102.0;4;5;4;5;4;4;5;0;0;0;0;1;0;0;0;0;0;0;0;0;0;0;1;0.0;0.0;0.0;0.0;0.0;0.0;0.0;0.0;0.0;0.0;0.0;0.0;0.0;0.0;0.0;0.0;0.0;0.0;0.0;0.0;0.0;0.0;0.0;0.0;0.0;1.0;0.0;0.0;0.0;0.0;0.0;0.0;0.0;0.0;0.0;2.0;0.0;3.0;3.0;10.0;2.0;31;0;0;0;PALMAS;REGIÃO SUL;65;9579.0;12210.0;11284.0;11910.0;21948.0;21173.0;16650.0;16957.0;14490.0;15345.0;13552.0;10261.0
16385.0;2024-02-29;15.0;17.0;22.0;24.0;631.0;30.0;4.0;15.0;19.0;487.0;30.0;0.0;30.0;775.0;32.0;128.0;4;4;5;4;4;4;4;0;0;0;1;0;0;0;0;0;0;0;0;0;0;0;1;0.0;0.0;0.0;0.0;0.0;0.0;0.0;0.0;0.0;0.0;0.0;0.0;0.0;0.0;0.0;0.0;0.0;0.0;0.0;0.0;0.0;0.0;0.0;0.0;0.0;1.0;0.0;0.0;0.0;0.0;0.0;0.0;0.0;0.0;0.0;2.0;0.0;3.0;3.0;10.0;2.0;0;3;0;0;PALMAS;REGIÃO SUL;66;8215.0;9579.0;12210.0;11284.0;11910.0;21948.0;21173.0;16650.0;16957.0;14490.0;15345.0;13552.0
19189.0;2024-03-31;12.0;17.0;21.0;24.0;656.0;31.0;5.0;12.0;19.0;505.0;31.0;0.0;31.0;807.0;44.0;168.0;5;4;4;4;5;5;4;0;0;0;0;0;0;0;0;1;0;0;0;0;0;0;1;0.0;0.0;0.0;0.0;0.0;0.0;0.0;0.0;0.0;0.0;0.0;0.0;0.0;0.0;0.0;0.0;0.0;0.0;0.0;0.0;0.0;0.0;0.0;0.0;0.0;1.0;0.0;0.0;0.0;0.0;0.0;0.0;0.0;0.0;0.0;3.0;0.0;3.0;3.0;10.0;3.0;0;1;0;0;PALMAS;REGIÃO SUL;67;16385.0;8215.0;9579.0;12210.0;11284.0;11910.0;21948.0;21173.0;16650.0;16957.0;14490.0;15345.0
13710.0;2024-04-30;8.0;14.0;19.0;23.0;574.0;29.0;3.0;8.0;19.0;446.0;29.0;0.0;29.0;701.0;41.0;96.0;4;4;4;5;4;4;5;1;0;0;0;0;0;0;0;0;0;0;0;0;0;0;1;0.0;0.0;0.0;0.0;0.0;0.0;0.0;0.0;0.0;0.0;0.0;0.0;0.0;0.0;0.0;0.0;0.0;0.0;0.0;0.0;0.0;0.0;0.0;0.0;0.0;1.0;0.0;0.0;0.0;0.0;0.0;0.0;0.0;0.0;0.0;3.0;0.0;3.0;3.0;10.0;3.0;0;0;0;0;PALMAS;REGIÃO SUL;68;19189.0;16385.0;8215.0;9579.0;12210.0;11284.0;11910.0;21948.0;21173.0;16650.0;16957.0;14490.0
14229.0;2024-05-31;2.0;6.0;15.0;22.0;467.0;27.0;7.0;2.0;18.0;338.0;27.0;0.0;27.0;595.0;62.0;220.0;4;5;5;4;5;4;4;0;0;0;0;0;0;0;1;0;0;0;0;0;0;0;1;0.0;0.0;0.0;0.0;0.0;0.0;0.0;0.0;0.0;0.0;0.0;0.0;0.0;0.0;0.0;0.0;0.0;0.0;0.0;0.0;0.0;0.0;0.0;0.0;0.0;1.0;0.0;0.0;0.0;0.0;0.0;0.0;0.0;0.0;0.0;3.0;0.0;3.0;3.0;10.0;3.0;0;1;0;30;PALMAS;REGIÃO SUL;69;13710.0;19189.0;16385.0;8215.0;9579.0;12210.0;11284.0;11910.0;21948.0;21173.0;16650.0;16957.0
14250.0;2024-06-30;-2.0;5.0;16.0;20.0;472.0;25.0;4.0;-2.0;16.0;335.0;25.0;0.0;25.0;609.0;43.0;108.0;5;4;4;4;4;5;4;0;0;0;0;0;0;1;0;0;0;0;0;0;0;0;1;0.0;0.0;0.0;0.0;0.0;0.0;0.0;0.0;0.0;0.0;0.0;0.0;0.0;0.0;0.0;0.0;0.0;0.0;0.0;0.0;0.0;0.0;0.0;0.0;0.0;1.0;0.0;0.0;0.0;0.0;0.0;0.0;0.0;0.0;0.0;3.0;0.0;3.0;3.0;10.0;3.0;0;0;0;30;PALMAS;REGIÃO SUL;70;14229.0;13710.0;19189.0;16385.0;8215.0;9579.0;12210.0;11284.0;11910.0;21948.0;21173.0;16650.0
21018.0;2024-07-31;-1.0;5.0;12.0;18.0;380.0;24.0;7.0;-1.0;13.0;240.0;24.0;0.0;24.0;520.0;62.0;217.0;4;5;4;5;4;4;5;0;0;0;0;0;1;0;0;0;0;0;0;0;0;0;1;0.0;0.0;0.0;0.0;0.0;0.0;0.0;0.0;0.0;0.0;0.0;0.0;0.0;0.0;0.0;0.0;0.0;0.0;0.0;0.0;0.0;0.0;0.0;0.0;0.0;1.0;0.0;0.0;0.0;0.0;0.0;0.0;0.0;0.0;0.0;3.0;0.0;3.0;3.0;10.0;3.0;12;0;0;0;PALMAS;REGIÃO SUL;71;14250.0;14229.0;13710.0;19189.0;16385.0;8215.0;9579.0;12210.0;11284.0;11910.0;21948.0;21173.0
22475.0;2024-08-31;-3.0;5.0;15.0;22.0;456.0;29.0;2.0;-3.0;17.0;273.0;29.0;0.0;29.0;639.0;28.0;48.0;4;4;5;4;5;5;4;0;1;0;0;0;0;0;0;0;0;0;0;0;0;0;1;0.0;0.0;0.0;0.0;0.0;0.0;0.0;0.0;0.0;0.0;0.0;0.0;0.0;0.0;0.0;0.0;0.0;0.0;0.0;0.0;0.0;0.0;0.0;0.0;0.0;1.0;0.0;0.0;0.0;0.0;0.0;0.0;0.0;0.0;0.0;3.0;0.0;3.0;3.0;10.0;3.0;0;0;0;0;PALMAS;REGIÃO SUL;72;21018.0;14250.0;14229.0;13710.0;19189.0;16385.0;8215.0;9579.0;12210.0;11284.0;11910.0;21948.0
21240.0;2024-09-30;6.0;12.0;19.0;25.0;563.0;31.0;3.0;6.0;19.0;390.0;31.0;0.0;31.0;735.0;19.0;76.0;5;4;4;5;4;4;4;0;0;0;0;0;0;0;0;0;0;0;1;0;0;0;1;0.0;0.0;0.0;0.0;0.0;0.0;0.0;0.0;0.0;0.0;0.0;0.0;0.0;0.0;0.0;0.0;0.0;0.0;0.0;0.0;0.0;0.0;0.0;0.0;0.0;1.0;0.0;0.0;0.0;0.0;0.0;0.0;0.0;0.0;0.0;3.0;0.0;3.0;3.0;10.0;3.0;0;0;0;0;PALMAS;REGIÃO SUL;73;22475.0;21018.0;14250.0;14229.0;13710.0;19189.0;16385.0;8215.0;9579.0;12210.0;11284.0;11910.0
21173.0;2024-10-31;8.0;14.0;19.0;23.0;576.0;30.0;5.0;8.0;19.0;420.0;30.0;0.0;30.0;732.0;73.0;149.0;4;5;5;4;4;4;5;0;0;0;0;0;0;0;0;0;0;1;0;0;0;0;1;0.0;0.0;0.0;0.0;0.0;0.0;0.0;0.0;0.0;0.0;0.0;0.0;0.0;0.0;0.0;0.0;0.0;0.0;0.0;0.0;0.0;0.0;0.0;0.0;0.0;1.0;0.0;0.0;0.0;0.0;0.0;0.0;0.0;0.0;0.0;3.0;0.0;3.0;3.0;10.0;3.0;0;0;0;0;PALMAS;REGIÃO SUL;74;21240.0;22475.0;21018.0;14250.0;14229.0;13710.0;19189.0;16385.0;8215.0;9579.0;12210.0;11284.0
20537.0;2015-01-31;19.0;22.0;26.0;30.0;813.0;36.0;9.0;19.0;25.0;681.0;36.0;0.0;36.0;944.0;52.0;266.0;4;4;5;4;5;5;4;0;0;0;0;1;0;0;0;0;0;0;0;0;0;0;0;1.0;0.0;0.0;0.0;0.0;0.0;0.0;0.0;0.0;0.0;0.0;0.0;0.0;0.0;0.0;0.0;0.0;0.0;0.0;0.0;0.0;0.0;0.0;0.0;0.0;0.0;1.0;0.0;0.0;0.0;0.0;0.0;0.0;0.0;0.0;4.0;1.0;1.0;0.0;3.0;1.0;31;0;0;0;PARANAGUÁ;REGIÃO LESTE;1;27332.0;32602.0;28529.0;25195.0;23674.0;19248.0;22079.0;27292.0;28028.0;35080.0;32524.0;22368.0
30320.0;2015-02-28;19.0;21.0;25.0;29.0;702.0;35.0;13.0;19.0;24.0;599.0;35.0;0.0;35.0;804.0;78.0;357.0;4;4;4;4;4;4;4;0;0;0;1;0;0;0;0;0;0;0;0;0;0;0;0;1.0;0.0;0.0;0.0;0.0;0.0;0.0;0.0;0.0;0.0;0.0;0.0;0.0;0.0;0.0;0.0;0.0;0.0;0.0;0.0;0.0;0.0;0.0;0.0;0.0;0.0;1.0;0.0;0.0;0.0;0.0;0.0;0.0;0.0;0.0;4.0;1.0;1.0;0.0;3.0;1.0;0;3;0;0;PARANAGUÁ;REGIÃO LESTE;2;20537.0;27332.0;32602.0;28529.0;25195.0;23674.0;19248.0;22079.0;27292.0;28028.0;35080.0;32524.0
39422.0;2015-03-31;18.0;21.0;24.0;26.0;738.0;30.0;6.0;18.0;23.0;637.0;30.0;0.0;30.0;839.0;62.0;180.0;5;4;4;5;4;4;5;0;0;0;0;0;0;0;0;1;0;0;0;0;0;0;0;1.0;0.0;0.0;0.0;0.0;0.0;0.0;0.0;0.0;0.0;0.0;0.0;0.0;0.0;0.0;0.0;0.0;0.0;0.0;0.0;0.0;0.0;0.0;0.0;0.0;0.0;1.0;0.0;0.0;0.0;0.0;0.0;0.0;0.0;0.0;4.0;1.0;1.0;0.0;3.0;1.0;0;0;0;0;PARANAGUÁ;REGIÃO LESTE;3;30320.0;20537.0;27332.0;32602.0;28529.0;25195.0;23674.0;19248.0;22079.0;27292.0;28028.0;35080.0
29196.0;2015-04-30;15.0;18.0;22.0;25.0;655.0;29.0;3.0;15.0;22.0;552.0;29.0;0.0;29.0;757.0;35.0;84.0;4;5;5;4;4;4;4;1;0;0;0;0;0;0;0;0;0;0;0;0;0;0;0;1.0;0.0;0.0;0.0;0.0;0.0;0.0;0.0;0.0;0.0;0.0;0.0;0.0;0.0;0.0;0.0;0.0;0.0;0.0;0.0;0.0;0.0;0.0;0.0;0.0;0.0;1.0;0.0;0.0;0.0;0.0;0.0;0.0;0.0;0.0;4.0;1.0;1.0;0.0;3.0;1.0;0;1;0;0;PARANAGUÁ;REGIÃO LESTE;4;39422.0;30320.0;20537.0;27332.0;32602.0;28529.0;25195.0;23674.0;19248.0;22079.0;27292.0;28028.0
26527.0;2015-05-31;12.0;15.0;20.0;23.0;610.0;28.0;4.0;12.0;21.0;520.0;28.0;0.0;28.0;700.0;60.0;136.0;5;4;4;4;5;5;4;0;0;0;0;0;0;0;1;0;0;0;0;0;0;0;0;1.0;0.0;0.0;0.0;0.0;0.0;0.0;0.0;0.0;0.0;0.0;0.0;0.0;0.0;0.0;0.0;0.0;0.0;0.0;0.0;0.0;0.0;0.0;0.0;0.0;0.0;1.0;0.0;0.0;0.0;0.0;0.0;0.0;0.0;0.0;4.0;1.0;1.0;0.0;3.0;1.0;0;0;0;0;PARANAGUÁ;REGIÃO LESTE;5;29196.0;39422.0;30320.0;20537.0;27332.0;32602.0;28529.0;25195.0;23674.0;19248.0;22079.0;27292.0
23423.0;2015-06-30;7.0;13.0;18.0;23.0;552.0;29.0;1.0;7.0;17.0;422.0;29.0;0.0;29.0;682.0;8.0;18.0;4;4;4;5;4;4;5;0;0;0;0;0;0;1;0;0;0;0;0;0;0;0;0;1.0;0.0;0.0;0.0;0.0;0.0;0.0;0.0;0.0;0.0;0.0;0.0;0.0;0.0;0.0;0.0;0.0;0.0;0.0;0.0;0.0;0.0;0.0;0.0;0.0;0.0;1.0;0.0;0.0;0.0;0.0;0.0;0.0;0.0;0.0;4.0;1.0;1.0;0.0;3.0;1.0;0;1;0;0;PARANAGUÁ;REGIÃO LESTE;6;26527.0;29196.0;39422.0;30320.0;20537.0;27332.0;32602.0;28529.0;25195.0;23674.0;19248.0;22079.0
16285.0;2015-07-31;10.0;13.0;18.0;23.0;560.0;29.0;7.0;10.0;18.0;455.0;29.0;0.0;29.0;666.0;64.0;210.0;4;5;5;4;5;4;4;0;0;0;0;0;1;0;0;0;0;0;0;0;0;0;0;1.0;0.0;0.0;0.0;0.0;0.0;0.0;0.0;0.0;0.0;0.0;0.0;0.0;0.0;0.0;0.0;0.0;0.0;0.0;0.0;0.0;0.0;0.0;0.0;0.0;0.0;1.0;0.0;0.0;0.0;0.0;0.0;0.0;0.0;0.0;4.0;1.0;1.0;0.0;3.0;1.0;15;0;0;3;PARANAGUÁ;REGIÃO LESTE;7;23423.0;26527.0;29196.0;39422.0;30320.0;20537.0;27332.0;32602.0;28529.0;25195.0;23674.0;19248.0
15491.0;2015-08-31;12.0;16.0;20.0;23.0;627.0;31.0;2.0;12.0;19.0;492.0;31.0;0.0;31.0;761.0;29.0;54.0;5;4;4;5;4;5;4;0;1;0;0;0;0;0;0;0;0;0;0;0;0;0;0;1.0;0.0;0.0;0.0;0.0;0.0;0.0;0.0;0.0;0.0;0.0;0.0;0.0;0.0;0.0;0.0;0.0;0.0;0.0;0.0;0.0;0.0;0.0;0.0;0.0;0.0;1.0;0.0;0.0;0.0;0.0;0.0;0.0;0.0;0.0;4.0;1.0;1.0;0.0;3.0;1.0;0;0;0;31;PARANAGUÁ;REGIÃO LESTE;8;16285.0;23423.0;26527.0;29196.0;39422.0;30320.0;20537.0;27332.0;32602.0;28529.0;25195.0;23674.0
18394.0;2015-09-30;11.0;15.0;21.0;26.0;621.0;35.0;5.0;11.0;21.0;510.0;35.0;0.0;35.0;733.0;34.0;150.0;4;5;4;4;4;4;5;0;0;0;0;0;0;0;0;0;0;0;1;0;0;0;0;1.0;0.0;0.0;0.0;0.0;0.0;0.0;0.0;0.0;0.0;0.0;0.0;0.0;0.0;0.0;0.0;0.0;0.0;0.0;0.0;0.0;0.0;0.0;0.0;0.0;0.0;1.0;0.0;0.0;0.0;0.0;0.0;0.0;0.0;0.0;4.0;1.0;1.0;0.0;3.0;1.0;0;0;0;30;PARANAGUÁ;REGIÃO LESTE;9;15491.0;16285.0;23423.0;26527.0;29196.0;39422.0;30320.0;20537.0;27332.0;32602.0;28529.0;25195.0
22592.0;2015-10-31;14.0;16.0;21.0;26.0;639.0;32.0;9.0;14.0;21.0;553.0;32.0;0.0;32.0;726.0;44.0;264.0;4;4;5;4;5;5;4;0;0;0;0;0;0;0;0;0;0;1;0;0;0;0;0;1.0;0.0;0.0;0.0;0.0;0.0;0.0;0.0;0.0;0.0;0.0;0.0;0.0;0.0;0.0;0.0;0.0;0.0;0.0;0.0;0.0;0.0;0.0;0.0;0.0;0.0;1.0;0.0;0.0;0.0;0.0;0.0;0.0;0.0;0.0;4.0;1.0;1.0;0.0;3.0;1.0;0;0;0;7;PARANAGUÁ;REGIÃO LESTE;10;18394.0;15491.0;16285.0;23423.0;26527.0;29196.0;39422.0;30320.0;20537.0;27332.0;32602.0;28529.0
24628.0;2015-11-30;16.0;18.0;22.0;27.0;659.0;34.0;5.0;16.0;22.0;573.0;34.0;0.0;34.0;745.0;40.0;156.0;5;4;4;5;4;4;4;0;0;0;0;0;0;0;0;0;1;0;0;0;0;0;0;1.0;0.0;0.0;0.0;0.0;0.0;0.0;0.0;0.0;0.0;0.0;0.0;0.0;0.0;0.0;0.0;0.0;0.0;0.0;0.0;0.0;0.0;0.0;0.0;0.0;0.0;1.0;0.0;0.0;0.0;0.0;0.0;0.0;0.0;0.0;4.0;1.0;1.0;0.0;3.0;1.0;0;0;0;0;PARANAGUÁ;REGIÃO LESTE;11;22592.0;18394.0;15491.0;16285.0;23423.0;26527.0;29196.0;39422.0;30320.0;20537.0;27332.0;32602.0
25462.0;2015-12-31;16.0;19.0;25.0;30.0;773.0;34.0;7.0;16.0;26.0;659.0;34.0;0.0;34.0;886.0;52.0;230.0;4;5;5;4;4;4;5;0;0;1;0;0;0;0;0;0;0;0;0;0;0;0;0;1.0;0.0;0.0;0.0;0.0;0.0;0.0;0.0;0.0;0.0;0.0;0.0;0.0;0.0;0.0;0.0;0.0;0.0;0.0;0.0;0.0;0.0;0.0;0.0;0.0;0.0;1.0;0.0;0.0;0.0;0.0;0.0;0.0;0.0;0.0;4.0;1.0;1.0;0.0;3.0;1.0;0;0;0;0;PARANAGUÁ;REGIÃO LESTE;12;24628.0;22592.0;18394.0;15491.0;16285.0;23423.0;26527.0;29196.0;39422.0;30320.0;20537.0;27332.0
23852.0;2016-01-31;17.0;22.0;24.0;29.0;758.0;36.0;6.0;17.0;23.0;649.0;36.0;0.0;36.0;867.0;55.0;173.0;5;4;4;4;5;5;4;0;0;0;0;1;0;0;0;0;0;0;0;0;0;0;0;0.0;1.0;0.0;0.0;0.0;0.0;0.0;0.0;0.0;0.0;0.0;0.0;0.0;0.0;0.0;0.0;0.0;0.0;0.0;0.0;0.0;0.0;0.0;0.0;0.0;0.0;1.0;0.0;0.0;0.0;0.0;0.0;0.0;0.0;0.0;3.0;0.0;1.0;0.0;3.0;1.0;31;0;0;0;PARANAGUÁ;REGIÃO LESTE;13;25462.0;24628.0;22592.0;18394.0;15491.0;16285.0;23423.0;26527.0;29196.0;39422.0;30320.0;20537.0
25871.0;2016-02-29;19.0;23.0;26.0;30.0;745.0;36.0;13.0;19.0;25.0;652.0;36.0;0.0;36.0;837.0;60.0;372.0;4;4;4;5;4;4;4;0;0;0;1;0;0;0;0;0;0;0;0;0;0;0;0;0.0;1.0;0.0;0.0;0.0;0.0;0.0;0.0;0.0;0.0;0.0;0.0;0.0;0.0;0.0;0.0;0.0;0.0;0.0;0.0;0.0;0.0;0.0;0.0;0.0;0.0;1.0;0.0;0.0;0.0;0.0;0.0;0.0;0.0;0.0;3.0;0.0;1.0;0.0;3.0;1.0;0;3;0;0;PARANAGUÁ;REGIÃO LESTE;14;23852.0;25462.0;24628.0;22592.0;18394.0;15491.0;16285.0;23423.0;26527.0;29196.0;39422.0;30320.0
34892.0;2016-03-31;18.0;21.0;24.0;27.0;738.0;31.0;3.0;18.0;23.0;637.0;31.0;0.0;31.0;838.0;33.0;100.0;4;5;5;4;4;4;5;0;0;0;0;0;0;0;0;1;0;0;0;0;0;0;0;0.0;1.0;0.0;0.0;0.0;0.0;0.0;0.0;0.0;0.0;0.0;0.0;0.0;0.0;0.0;0.0;0.0;0.0;0.0;0.0;0.0;0.0;0.0;0.0;0.0;0.0;1.0;0.0;0.0;0.0;0.0;0.0;0.0;0.0;0.0;3.0;0.0;1.0;0.0;3.0;1.0;0;1;0;0;PARANAGUÁ;REGIÃO LESTE;15;25871.0;23852.0;25462.0;24628.0;22592.0;18394.0;15491.0;16285.0;23423.0;26527.0;29196.0;39422.0
34162.0;2016-04-30;8.0;13.0;24.0;28.0;731.0;33.0;3.0;8.0;24.0;618.0;33.0;0.0;33.0;845.0;29.0;87.0;4;4;4;4;5;5;4;1;0;0;0;0;0;0;0;0;0;0;0;0;0;0;0;0.0;1.0;0.0;0.0;0.0;0.0;0.0;0.0;0.0;0.0;0.0;0.0;0.0;0.0;0.0;0.0;0.0;0.0;0.0;0.0;0.0;0.0;0.0;0.0;0.0;0.0;1.0;0.0;0.0;0.0;0.0;0.0;0.0;0.0;0.0;3.0;0.0;1.0;0.0;3.0;1.0;0;0;0;0;PARANAGUÁ;REGIÃO LESTE;16;34892.0;25871.0;23852.0;25462.0;24628.0;22592.0;18394.0;15491.0;16285.0;23423.0;26527.0;29196.0
20768.0;2016-05-31;9.0;15.0;18.0;22.0;556.0;25.0;4.0;9.0;19.0;474.0;25.0;0.0;25.0;637.0;35.0;139.0;5;4;4;5;4;4;5;0;0;0;0;0;0;0;1;0;0;0;0;0;0;0;0;0.0;1.0;0.0;0.0;0.0;0.0;0.0;0.0;0.0;0.0;0.0;0.0;0.0;0.0;0.0;0.0;0.0;0.0;0.0;0.0;0.0;0.0;0.0;0.0;0.0;0.0;1.0;0.0;0.0;0.0;0.0;0.0;0.0;0.0;0.0;3.0;0.0;1.0;0.0;3.0;1.0;0;1;0;0;PARANAGUÁ;REGIÃO LESTE;17;34162.0;34892.0;25871.0;23852.0;25462.0;24628.0;22592.0;18394.0;15491.0;16285.0;23423.0;26527.0
17580.0;2016-06-30;4.0;11.0;14.0;18.0;430.0;23.0;4.0;4.0;17.0;333.0;23.0;0.0;23.0;527.0;34.0;107.0;4;5;5;4;4;4;4;0;0;0;0;0;0;1;0;0;0;0;0;0;0;0;0;0.0;1.0;0.0;0.0;0.0;0.0;0.0;0.0;0.0;0.0;0.0;0.0;0.0;0.0;0.0;0.0;0.0;0.0;0.0;0.0;0.0;0.0;0.0;0.0;0.0;0.0;1.0;0.0;0.0;0.0;0.0;0.0;0.0;0.0;0.0;3.0;0.0;1.0;0.0;3.0;1.0;0;0;0;0;PARANAGUÁ;REGIÃO LESTE;18;20768.0;34162.0;34892.0;25871.0;23852.0;25462.0;24628.0;22592.0;18394.0;15491.0;16285.0;23423.0
14748.0;2016-07-31;5.0;10.0;16.0;22.0;502.0;27.0;6.0;5.0;17.0;380.0;27.0;0.0;27.0;623.0;95.0;195.0;5;4;4;4;5;5;4;0;0;0;0;0;1;0;0;0;0;0;0;0;0;0;0;0.0;1.0;0.0;0.0;0.0;0.0;0.0;0.0;0.0;0.0;0.0;0.0;0.0;0.0;0.0;0.0;0.0;0.0;0.0;0.0;0.0;0.0;0.0;0.0;0.0;0.0;1.0;0.0;0.0;0.0;0.0;0.0;0.0;0.0;0.0;3.0;0.0;1.0;0.0;3.0;1.0;14;0;0;0;PARANAGUÁ;REGIÃO LESTE;19;17580.0;20768.0;34162.0;34892.0;25871.0;23852.0;25462.0;24628.0;22592.0;18394.0;15491.0;16285.0
17203.0;2016-08-31;7.0;12.0;17.0;22.0;522.0;30.0;8.0;7.0;17.0;399.0;30.0;0.0;30.0;646.0;79.0;244.0;4;5;4;5;4;4;5;0;1;0;0;0;0;0;0;0;0;0;0;0;0;0;0;0.0;1.0;0.0;0.0;0.0;0.0;0.0;0.0;0.0;0.0;0.0;0.0;0.0;0.0;0.0;0.0;0.0;0.0;0.0;0.0;0.0;0.0;0.0;0.0;0.0;0.0;1.0;0.0;0.0;0.0;0.0;0.0;0.0;0.0;0.0;3.0;0.0;1.0;0.0;3.0;1.0;0;0;0;0;PARANAGUÁ;REGIÃO LESTE;20;14748.0;17580.0;20768.0;34162.0;34892.0;25871.0;23852.0;25462.0;24628.0;22592.0;18394.0;15491.0
16602.0;2016-09-30;10.0;15.0;19.0;26.0;557.0;33.0;5.0;10.0;19.0;439.0;33.0;0.0;33.0;675.0;113.0;143.0;4;4;5;4;5;4;4;0;0;0;0;0;0;0;0;0;0;0;1;0;0;0;0;0.0;1.0;0.0;0.0;0.0;0.0;0.0;0.0;0.0;0.0;0.0;0.0;0.0;0.0;0.0;0.0;0.0;0.0;0.0;0.0;0.0;0.0;0.0;0.0;0.0;0.0;1.0;0.0;0.0;0.0;0.0;0.0;0.0;0.0;0.0;3.0;0.0;1.0;0.0;3.0;1.0;0;0;0;0;PARANAGUÁ;REGIÃO LESTE;21;17203.0;14748.0;17580.0;20768.0;34162.0;34892.0;25871.0;23852.0;25462.0;24628.0;22592.0;18394.0
14354.0;2016-10-31;13.0;16.0;20.0;26.0;613.0;32.0;5.0;13.0;21.0;524.0;32.0;0.0;32.0;702.0;39.0;158.0;5;4;4;5;4;5;4;0;0;0;0;0;0;0;0;0;0;1;0;0;0;0;0;0.0;1.0;0.0;0.0;0.0;0.0;0.0;0.0;0.0;0.0;0.0;0.0;0.0;0.0;0.0;0.0;0.0;0.0;0.0;0.0;0.0;0.0;0.0;0.0;0.0;0.0;1.0;0.0;0.0;0.0;0.0;0.0;0.0;0.0;0.0;3.0;0.0;1.0;0.0;3.0;1.0;0;0;0;0;PARANAGUÁ;REGIÃO LESTE;22;16602.0;17203.0;14748.0;17580.0;20768.0;34162.0;34892.0;25871.0;23852.0;25462.0;24628.0;22592.0
12200.0;2016-11-30;14.0;18.0;22.0;27.0;646.0;32.0;2.0;14.0;22.0;539.0;32.0;0.0;32.0;752.0;16.0;65.0;4;5;4;4;4;4;5;0;0;0;0;0;0;0;0;0;1;0;0;0;0;0;0;0.0;1.0;0.0;0.0;0.0;0.0;0.0;0.0;0.0;0.0;0.0;0.0;0.0;0.0;0.0;0.0;0.0;0.0;0.0;0.0;0.0;0.0;0.0;0.0;0.0;0.0;1.0;0.0;0.0;0.0;0.0;0.0;0.0;0.0;0.0;3.0;0.0;1.0;0.0;3.0;1.0;0;0;0;0;PARANAGUÁ;REGIÃO LESTE;23;14354.0;16602.0;17203.0;14748.0;17580.0;20768.0;34162.0;34892.0;25871.0;23852.0;25462.0;24628.0
17719.0;2016-12-31;15.0;18.0;24.0;30.0;748.0;36.0;3.0;15.0;24.0;631.0;36.0;0.0;36.0;865.0;19.0;90.0;4;4;5;4;5;5;4;0;0;1;0;0;0;0;0;0;0;0;0;0;0;0;0;0.0;1.0;0.0;0.0;0.0;0.0;0.0;0.0;0.0;0.0;0.0;0.0;0.0;0.0;0.0;0.0;0.0;0.0;0.0;0.0;0.0;0.0;0.0;0.0;0.0;0.0;1.0;0.0;0.0;0.0;0.0;0.0;0.0;0.0;0.0;3.0;0.0;1.0;0.0;3.0;1.0;0;0;0;0;PARANAGUÁ;REGIÃO LESTE;24;12200.0;14354.0;16602.0;17203.0;14748.0;17580.0;20768.0;34162.0;34892.0;25871.0;23852.0;25462.0
16509.0;2017-01-31;19.0;23.0;26.0;29.0;799.0;33.0;8.0;19.0;24.0;682.0;33.0;0.0;33.0;916.0;36.0;259.0;5;4;4;5;4;4;5;0;0;0;0;1;0;0;0;0;0;0;0;0;0;0;0;0.0;0.0;1.0;0.0;0.0;0.0;0.0;0.0;0.0;0.0;0.0;0.0;0.0;0.0;0.0;0.0;0.0;0.0;0.0;0.0;0.0;0.0;0.0;0.0;0.0;0.0;1.0;0.0;0.0;0.0;0.0;0.0;0.0;0.0;0.0;3.0;0.0;1.0;0.0;3.0;1.0;31;0;0;0;PARANAGUÁ;REGIÃO LESTE;25;17719.0;12200.0;14354.0;16602.0;17203.0;14748.0;17580.0;20768.0;34162.0;34892.0;25871.0;23852.0
26428.0;2017-02-28;20.0;23.0;26.0;28.0;726.0;33.0;5.0;20.0;23.0;613.0;33.0;0.0;33.0;839.0;26.0;141.0;4;4;4;4;4;4;4;0;0;0;1;0;0;0;0;0;0;0;0;0;0;0;0;0.0;0.0;1.0;0.0;0.0;0.0;0.0;0.0;0.0;0.0;0.0;0.0;0.0;0.0;0.0;0.0;0.0;0.0;0.0;0.0;0.0;0.0;0.0;0.0;0.0;0.0;1.0;0.0;0.0;0.0;0.0;0.0;0.0;0.0;0.0;3.0;0.0;1.0;0.0;3.0;1.0;0;2;0;0;PARANAGUÁ;REGIÃO LESTE;26;16509.0;17719.0;12200.0;14354.0;16602.0;17203.0;14748.0;17580.0;20768.0;34162.0;34892.0;25871.0
25359.0;2017-03-31;17.0;20.0;24.0;28.0;733.0;33.0;5.0;17.0;25.0;632.0;33.0;0.0;33.0;834.0;34.0;153.0;4;5;5;4;5;4;4;0;0;0;0;0;0;0;0;1;0;0;0;0;0;0;0;0.0;0.0;1.0;0.0;0.0;0.0;0.0;0.0;0.0;0.0;0.0;0.0;0.0;0.0;0.0;0.0;0.0;0.0;0.0;0.0;0.0;0.0;0.0;0.0;0.0;0.0;1.0;0.0;0.0;0.0;0.0;0.0;0.0;0.0;0.0;3.0;0.0;1.0;0.0;3.0;1.0;0;1;0;0;PARANAGUÁ;REGIÃO LESTE;27;26428.0;16509.0;17719.0;12200.0;14354.0;16602.0;17203.0;14748.0;17580.0;20768.0;34162.0;34892.0
20680.0;2017-04-30;12.0;17.0;21.0;26.0;636.0;30.0;5.0;12.0;22.0;538.0;30.0;0.0;30.0;734.0;31.0;136.0;5;4;4;4;4;5;4;1;0;0;0;0;0;0;0;0;0;0;0;0;0;0;0;0.0;0.0;1.0;0.0;0.0;0.0;0.0;0.0;0.0;0.0;0.0;0.0;0.0;0.0;0.0;0.0;0.0;0.0;0.0;0.0;0.0;0.0;0.0;0.0;0.0;0.0;1.0;0.0;0.0;0.0;0.0;0.0;0.0;0.0;0.0;3.0;0.0;1.0;0.0;3.0;1.0;0;1;0;0;PARANAGUÁ;REGIÃO LESTE;28;25359.0;26428.0;16509.0;17719.0;12200.0;14354.0;16602.0;17203.0;14748.0;17580.0;20768.0;34162.0
19220.0;2017-05-31;13.0;17.0;20.0;24.0;622.0;28.0;4.0;13.0;20.0;530.0;28.0;0.0;28.0;714.0;58.0;122.0;4;5;4;5;4;4;5;0;0;0;0;0;0;0;1;0;0;0;0;0;0;0;0;0.0;0.0;1.0;0.0;0.0;0.0;0.0;0.0;0.0;0.0;0.0;0.0;0.0;0.0;0.0;0.0;0.0;0.0;0.0;0.0;0.0;0.0;0.0;0.0;0.0;0.0;1.0;0.0;0.0;0.0;0.0;0.0;0.0;0.0;0.0;3.0;0.0;1.0;0.0;3.0;1.0;0;0;0;0;PARANAGUÁ;REGIÃO LESTE;29;20680.0;25359.0;26428.0;16509.0;17719.0;12200.0;14354.0;16602.0;17203.0;14748.0;17580.0;20768.0
15396.0;2017-06-30;8.0;13.0;19.0;24.0;555.0;29.0;3.0;8.0;20.0;439.0;29.0;0.0;29.0;671.0;32.0;90.0;4;4;5;4;5;4;4;0;0;0;0;0;0;1;0;0;0;0;0;0;0;0;0;0.0;0.0;1.0;0.0;0.0;0.0;0.0;0.0;0.0;0.0;0.0;0.0;0.0;0.0;0.0;0.0;0.0;0.0;0.0;0.0;0.0;0.0;0.0;0.0;0.0;0.0;1.0;0.0;0.0;0.0;0.0;0.0;0.0;0.0;0.0;3.0;0.0;1.0;0.0;3.0;1.0;0;1;0;0;PARANAGUÁ;REGIÃO LESTE;30;19220.0;20680.0;25359.0;26428.0;16509.0;17719.0;12200.0;14354.0;16602.0;17203.0;14748.0;17580.0
12657.0;2017-07-31;5.0;10.0;17.0;21.0;539.0;27.0;0.0;5.0;16.0;397.0;27.0;0.0;27.0;680.0;1.0;1.0;5;4;4;5;4;5;4;0;0;0;0;0;1;0;0;0;0;0;0;0;0;0;0;0.0;0.0;1.0;0.0;0.0;0.0;0.0;0.0;0.0;0.0;0.0;0.0;0.0;0.0;0.0;0.0;0.0;0.0;0.0;0.0;0.0;0.0;0.0;0.0;0.0;0.0;1.0;0.0;0.0;0.0;0.0;0.0;0.0;0.0;0.0;3.0;0.0;1.0;0.0;3.0;1.0;16;0;0;0;PARANAGUÁ;REGIÃO LESTE;31;15396.0;19220.0;20680.0;25359.0;26428.0;16509.0;17719.0;12200.0;14354.0;16602.0;17203.0;14748.0
15728.0;2017-08-31;10.0;14.0;18.0;23.0;566.0;30.0;4.0;10.0;17.0;452.0;30.0;0.0;30.0;680.0;35.0;136.0;4;5;5;4;4;4;5;0;1;0;0;0;0;0;0;0;0;0;0;0;0;0;0;0.0;0.0;1.0;0.0;0.0;0.0;0.0;0.0;0.0;0.0;0.0;0.0;0.0;0.0;0.0;0.0;0.0;0.0;0.0;0.0;0.0;0.0;0.0;0.0;0.0;0.0;1.0;0.0;0.0;0.0;0.0;0.0;0.0;0.0;0.0;3.0;0.0;1.0;0.0;3.0;2.0;0;0;0;0;PARANAGUÁ;REGIÃO LESTE;32;12657.0;15396.0;19220.0;20680.0;25359.0;26428.0;16509.0;17719.0;12200.0;14354.0;16602.0;17203.0
19516.0;2017-09-30;14.0;18.0;21.0;25.0;643.0;31.0;1.0;14.0;20.0;519.0;31.0;0.0;31.0;768.0;25.0;27.0;4;4;4;4;5;5;4;0;0;0;0;0;0;0;0;0;0;0;1;0;0;0;0;0.0;0.0;1.0;0.0;0.0;0.0;0.0;0.0;0.0;0.0;0.0;0.0;0.0;0.0;0.0;0.0;0.0;0.0;0.0;0.0;0.0;0.0;0.0;0.0;0.0;0.0;1.0;0.0;0.0;0.0;0.0;0.0;0.0;0.0;0.0;3.0;0.0;1.0;0.0;3.0;2.0;0;0;0;0;PARANAGUÁ;REGIÃO LESTE;33;15728.0;12657.0;15396.0;19220.0;20680.0;25359.0;26428.0;16509.0;17719.0;12200.0;14354.0;16602.0
19636.0;2017-10-31;12.0;18.0;21.0;26.0;660.0;33.0;9.0;12.0;20.0;537.0;33.0;0.0;33.0;783.0;65.0;270.0;5;4;4;5;4;4;5;0;0;0;0;0;0;0;0;0;0;1;0;0;0;0;0;0.0;0.0;1.0;0.0;0.0;0.0;0.0;0.0;0.0;0.0;0.0;0.0;0.0;0.0;0.0;0.0;0.0;0.0;0.0;0.0;0.0;0.0;0.0;0.0;0.0;0.0;1.0;0.0;0.0;0.0;0.0;0.0;0.0;0.0;0.0;3.0;0.0;1.0;0.0;3.0;2.0;0;0;0;0;PARANAGUÁ;REGIÃO LESTE;34;19516.0;15728.0;12657.0;15396.0;19220.0;20680.0;25359.0;26428.0;16509.0;17719.0;12200.0;14354.0
19932.0;2017-11-30;15.0;18.0;22.0;26.0;647.0;33.0;2.0;15.0;20.0;530.0;33.0;0.0;33.0;764.0;18.0;72.0;4;5;5;4;4;4;4;0;0;0;0;0;0;0;0;0;1;0;0;0;0;0;0;0.0;0.0;1.0;0.0;0.0;0.0;0.0;0.0;0.0;0.0;0.0;0.0;0.0;0.0;0.0;0.0;0.0;0.0;0.0;0.0;0.0;0.0;0.0;0.0;0.0;0.0;1.0;0.0;0.0;0.0;0.0;0.0;0.0;0.0;0.0;3.0;0.0;1.0;0.0;3.0;2.0;0;0;0;0;PARANAGUÁ;REGIÃO LESTE;35;19636.0;19516.0;15728.0;12657.0;15396.0;19220.0;20680.0;25359.0;26428.0;16509.0;17719.0;12200.0
18880.0;2017-12-31;18.0;20.0;24.0;27.0;739.0;33.0;6.0;18.0;24.0;630.0;33.0;0.0;33.0;847.0;38.0;180.0;5;4;4;4;5;5;4;0;0;1;0;0;0;0;0;0;0;0;0;0;0;0;0;0.0;0.0;1.0;0.0;0.0;0.0;0.0;0.0;0.0;0.0;0.0;0.0;0.0;0.0;0.0;0.0;0.0;0.0;0.0;0.0;0.0;0.0;0.0;0.0;0.0;0.0;1.0;0.0;0.0;0.0;0.0;0.0;0.0;0.0;0.0;3.0;0.0;1.0;0.0;3.0;2.0;0;0;0;0;PARANAGUÁ;REGIÃO LESTE;36;19932.0;19636.0;19516.0;15728.0;12657.0;15396.0;19220.0;20680.0;25359.0;26428.0;16509.0;17719.0
16521.0;2018-01-31;19.0;21.0;25.0;28.0;765.0;34.0;9.0;19.0;23.0;651.0;34.0;0.0;34.0;880.0;41.0;283.0;4;5;4;5;4;4;5;0;0;0;0;1;0;0;0;0;0;0;0;0;0;0;0;0.0;0.0;0.0;1.0;0.0;0.0;0.0;0.0;0.0;0.0;0.0;0.0;0.0;0.0;0.0;0.0;0.0;0.0;0.0;0.0;0.0;0.0;0.0;0.0;0.0;0.0;1.0;0.0;0.0;0.0;0.0;0.0;0.0;0.0;0.0;3.0;0.0;1.0;0.0;3.0;2.0;31;0;0;0;PARANAGUÁ;REGIÃO LESTE;37;18880.0;19932.0;19636.0;19516.0;15728.0;12657.0;15396.0;19220.0;20680.0;25359.0;26428.0;16509.0
24172.0;2018-02-28;18.0;20.0;24.0;28.0;665.0;31.0;2.0;18.0;24.0;559.0;31.0;0.0;31.0;770.0;13.0;44.0;4;4;4;4;4;4;4;0;0;0;1;0;0;0;0;0;0;0;0;0;0;0;0;0.0;0.0;0.0;1.0;0.0;0.0;0.0;0.0;0.0;0.0;0.0;0.0;0.0;0.0;0.0;0.0;0.0;0.0;0.0;0.0;0.0;0.0;0.0;0.0;0.0;0.0;1.0;0.0;0.0;0.0;0.0;0.0;0.0;0.0;0.0;3.0;0.0;1.0;0.0;4.0;2.0;0;3;0;0;PARANAGUÁ;REGIÃO LESTE;38;16521.0;18880.0;19932.0;19636.0;19516.0;15728.0;12657.0;15396.0;19220.0;20680.0;25359.0;26428.0
31679.0;2018-03-31;19.0;21.0;25.0;28.0;765.0;33.0;6.0;19.0;23.0;653.0;33.0;0.0;33.0;877.0;33.0;185.0;4;4;5;4;5;5;4;0;0;0;0;0;0;0;0;1;0;0;0;0;0;0;0;0.0;0.0;0.0;1.0;0.0;0.0;0.0;0.0;0.0;0.0;0.0;0.0;0.0;0.0;0.0;0.0;0.0;0.0;0.0;0.0;0.0;0.0;0.0;0.0;0.0;0.0;1.0;0.0;0.0;0.0;0.0;0.0;0.0;0.0;0.0;3.0;0.0;1.0;0.0;4.0;2.0;0;1;0;0;PARANAGUÁ;REGIÃO LESTE;39;24172.0;16521.0;18880.0;19932.0;19636.0;19516.0;15728.0;12657.0;15396.0;19220.0;20680.0;25359.0
29004.0;2018-04-30;16.0;20.0;23.0;26.0;693.0;31.0;1.0;16.0;23.0;568.0;31.0;0.0;31.0;819.0;14.0;38.0;5;4;4;5;4;4;4;1;0;0;0;0;0;0;0;0;0;0;0;0;0;0;0;0.0;0.0;0.0;1.0;0.0;0.0;0.0;0.0;0.0;0.0;0.0;0.0;0.0;0.0;0.0;0.0;0.0;0.0;0.0;0.0;0.0;0.0;0.0;0.0;0.0;0.0;1.0;0.0;0.0;0.0;0.0;0.0;0.0;0.0;0.0;3.0;0.0;1.0;0.0;4.0;2.0;0;0;0;0;PARANAGUÁ;REGIÃO LESTE;40;31679.0;24172.0;16521.0;18880.0;19932.0;19636.0;19516.0;15728.0;12657.0;15396.0;19220.0;20680.0
20591.0;2018-05-31;9.0;16.0;20.0;24.0;632.0;29.0;2.0;9.0;21.0;516.0;29.0;0.0;29.0;748.0;38.0;50.0;4;5;5;4;4;4;5;0;0;0;0;0;0;0;1;0;0;0;0;0;0;0;0;0.0;0.0;0.0;1.0;0.0;0.0;0.0;0.0;0.0;0.0;0.0;0.0;0.0;0.0;0.0;0.0;0.0;0.0;0.0;0.0;0.0;0.0;0.0;0.0;0.0;0.0;1.0;0.0;0.0;0.0;0.0;0.0;0.0;0.0;0.0;3.0;0.0;1.0;0.0;4.0;2.0;0;1;0;0;PARANAGUÁ;REGIÃO LESTE;41;29004.0;31679.0;24172.0;16521.0;18880.0;19932.0;19636.0;19516.0;15728.0;12657.0;15396.0;19220.0
18292.0;2018-06-30;7.0;12.0;18.0;24.0;531.0;29.0;5.0;7.0;22.0;429.0;29.0;0.0;29.0;633.0;30.0;150.0;4;4;4;4;5;5;4;0;0;0;0;0;0;1;0;0;0;0;0;0;0;0;0;0.0;0.0;0.0;1.0;0.0;0.0;0.0;0.0;0.0;0.0;0.0;0.0;0.0;0.0;0.0;0.0;0.0;0.0;0.0;0.0;0.0;0.0;0.0;0.0;0.0;0.0;1.0;0.0;0.0;0.0;0.0;0.0;0.0;0.0;0.0;3.0;0.0;1.0;0.0;4.0;2.0;0;0;0;0;PARANAGUÁ;REGIÃO LESTE;42;20591.0;29004.0;31679.0;24172.0;16521.0;18880.0;19932.0;19636.0;19516.0;15728.0;12657.0;15396.0
14150.0;2018-07-31;7.0;13.0;18.0;22.0;562.0;29.0;1.0;7.0;17.0;427.0;29.0;0.0;29.0;696.0;25.0;27.0;5;4;4;5;4;4;5;0;0;0;0;0;1;0;0;0;0;0;0;0;0;0;0;0.0;0.0;0.0;1.0;0.0;0.0;0.0;0.0;0.0;0.0;0.0;0.0;0.0;0.0;0.0;0.0;0.0;0.0;0.0;0.0;0.0;0.0;0.0;0.0;0.0;0.0;1.0;0.0;0.0;0.0;0.0;0.0;0.0;0.0;0.0;3.0;0.0;1.0;0.0;4.0;2.0;16;0;0;0;PARANAGUÁ;REGIÃO LESTE;43;18292.0;20591.0;29004.0;31679.0;24172.0;16521.0;18880.0;19932.0;19636.0;19516.0;15728.0;12657.0
15911.0;2018-08-31;8.0;13.0;17.0;21.0;526.0;27.0;2.0;8.0;16.0;410.0;27.0;0.0;27.0;642.0;36.0;60.0;4;5;5;4;5;4;4;0;1;0;0;0;0;0;0;0;0;0;0;0;0;0;0;0.0;0.0;0.0;1.0;0.0;0.0;0.0;0.0;0.0;0.0;0.0;0.0;0.0;0.0;0.0;0.0;0.0;0.0;0.0;0.0;0.0;0.0;0.0;0.0;0.0;0.0;1.0;0.0;0.0;0.0;0.0;0.0;0.0;0.0;0.0;3.0;0.0;1.0;0.0;4.0;2.0;0;0;0;0;PARANAGUÁ;REGIÃO LESTE;44;14150.0;18292.0;20591.0;29004.0;31679.0;24172.0;16521.0;18880.0;19932.0;19636.0;19516.0;15728.0
19104.0;2018-09-30;10.0;16.0;20.0;23.0;599.0;29.0;2.0;10.0;20.0;496.0;29.0;0.0;29.0;702.0;10.0;48.0;5;4;4;4;4;5;4;0;0;0;0;0;0;0;0;0;0;0;1;0;0;0;0;0.0;0.0;0.0;1.0;0.0;0.0;0.0;0.0;0.0;0.0;0.0;0.0;0.0;0.0;0.0;0.0;0.0;0.0;0.0;0.0;0.0;0.0;0.0;0.0;0.0;0.0;1.0;0.0;0.0;0.0;0.0;0.0;0.0;0.0;0.0;3.0;0.0;1.0;0.0;4.0;2.0;0;0;0;0;PARANAGUÁ;REGIÃO LESTE;45;15911.0;14150.0;18292.0;20591.0;29004.0;31679.0;24172.0;16521.0;18880.0;19932.0;19636.0;19516.0
19167.0;2018-10-31;15.0;16.0;20.0;26.0;632.0;31.0;6.0;15.0;20.0;539.0;31.0;0.0;31.0;724.0;22.0;172.0;4;5;4;5;4;4;5;0;0;0;0;0;0;0;0;0;0;1;0;0;0;0;0;0.0;0.0;0.0;1.0;0.0;0.0;0.0;0.0;0.0;0.0;0.0;0.0;0.0;0.0;0.0;0.0;0.0;0.0;0.0;0.0;0.0;0.0;0.0;0.0;0.0;0.0;1.0;0.0;0.0;0.0;0.0;0.0;0.0;0.0;0.0;3.0;0.0;1.0;0.0;4.0;2.0;0;0;0;0;PARANAGUÁ;REGIÃO LESTE;46;19104.0;15911.0;14150.0;18292.0;20591.0;29004.0;31679.0;24172.0;16521.0;18880.0;19932.0;19636.0
21796.0;2018-11-30;16.0;19.0;22.0;27.0;669.0;33.0;2.0;16.0;22.0;567.0;33.0;0.0;33.0;771.0;12.0;45.0;4;4;5;4;5;4;4;0;0;0;0;0;0;0;0;0;1;0;0;0;0;0;0;0.0;0.0;0.0;1.0;0.0;0.0;0.0;0.0;0.0;0.0;0.0;0.0;0.0;0.0;0.0;0.0;0.0;0.0;0.0;0.0;0.0;0.0;0.0;0.0;0.0;0.0;1.0;0.0;0.0;0.0;0.0;0.0;0.0;0.0;0.0;3.0;0.0;1.0;0.0;4.0;2.0;0;0;0;0;PARANAGUÁ;REGIÃO LESTE;47;19167.0;19104.0;15911.0;14150.0;18292.0;20591.0;29004.0;31679.0;24172.0;16521.0;18880.0;19932.0
24495.0;2018-12-31;15.0;19.0;25.0;29.0;781.0;35.0;6.0;15.0;24.0;646.0;35.0;0.0;35.0;917.0;54.0;194.0;5;4;4;5;4;5;4;0;0;1;0;0;0;0;0;0;0;0;0;0;0;0;0;0.0;0.0;0.0;1.0;0.0;0.0;0.0;0.0;0.0;0.0;0.0;0.0;0.0;0.0;0.0;0.0;0.0;0.0;0.0;0.0;0.0;0.0;0.0;0.0;0.0;0.0;1.0;0.0;0.0;0.0;0.0;0.0;0.0;0.0;0.0;3.0;0.0;1.0;0.0;4.0;2.0;0;0;0;0;PARANAGUÁ;REGIÃO LESTE;48;21796.0;19167.0;19104.0;15911.0;14150.0;18292.0;20591.0;29004.0;31679.0;24172.0;16521.0;18880.0
23735.0;2019-01-31;21.0;24.0;27.0;31.0;852.0;37.0;9.0;21.0;26.0;714.0;37.0;0.0;37.0;990.0;62.0;284.0;4;5;5;4;4;4;5;0;0;0;0;1;0;0;0;0;0;0;0;0;0;0;0;0.0;0.0;0.0;0.0;1.0;0.0;0.0;0.0;0.0;0.0;0.0;0.0;0.0;0.0;0.0;0.0;0.0;0.0;0.0;0.0;0.0;0.0;0.0;0.0;0.0;0.0;1.0;0.0;0.0;0.0;0.0;0.0;0.0;0.0;0.0;3.0;0.0;1.0;0.0;4.0;2.0;31;0;0;0;PARANAGUÁ;REGIÃO LESTE;49;24495.0;21796.0;19167.0;19104.0;15911.0;14150.0;18292.0;20591.0;29004.0;31679.0;24172.0;16521.0
31028.0;2019-02-28;18.0;20.0;25.0;30.0;691.0;36.0;6.0;18.0;25.0;586.0;36.0;0.0;36.0;795.0;51.0;181.0;4;4;4;4;4;4;4;0;0;0;1;0;0;0;0;0;0;0;0;0;0;0;0;0.0;0.0;0.0;0.0;1.0;0.0;0.0;0.0;0.0;0.0;0.0;0.0;0.0;0.0;0.0;0.0;0.0;0.0;0.0;0.0;0.0;0.0;0.0;0.0;0.0;0.0;1.0;0.0;0.0;0.0;0.0;0.0;0.0;0.0;0.0;3.0;0.0;1.0;0.0;4.0;2.0;0;0;0;0;PARANAGUÁ;REGIÃO LESTE;50;23735.0;24495.0;21796.0;19167.0;19104.0;15911.0;14150.0;18292.0;20591.0;29004.0;31679.0;24172.0
36821.0;2019-03-31;17.0;20.0;24.0;28.0;744.0;32.0;3.0;17.0;23.0;638.0;32.0;0.0;32.0;850.0;16.0;80.0;5;4;4;4;5;5;4;0;0;0;0;0;0;0;0;1;0;0;0;0;0;0;0;0.0;0.0;0.0;0.0;1.0;0.0;0.0;0.0;0.0;0.0;0.0;0.0;0.0;0.0;0.0;0.0;0.0;0.0;0.0;0.0;0.0;0.0;0.0;0.0;0.0;0.0;1.0;0.0;0.0;0.0;0.0;0.0;0.0;0.0;0.0;3.0;0.0;1.0;0.0;4.0;2.0;0;3;0;0;PARANAGUÁ;REGIÃO LESTE;51;31028.0;23735.0;24495.0;21796.0;19167.0;19104.0;15911.0;14150.0;18292.0;20591.0;29004.0;31679.0
34274.0;2019-04-30;17.0;20.0;23.0;29.0;701.0;33.0;3.0;17.0;24.0;594.0;33.0;0.0;33.0;808.0;33.0;85.0;4;4;4;5;4;4;5;1;0;0;0;0;0;0;0;0;0;0;0;0;0;0;0;0.0;0.0;0.0;0.0;1.0;0.0;0.0;0.0;0.0;0.0;0.0;0.0;0.0;0.0;0.0;0.0;0.0;0.0;0.0;0.0;0.0;0.0;0.0;0.0;0.0;0.0;1.0;0.0;0.0;0.0;0.0;0.0;0.0;0.0;0.0;3.0;0.0;1.0;0.0;4.0;2.0;0;1;0;0;PARANAGUÁ;REGIÃO LESTE;52;36821.0;31028.0;23735.0;24495.0;21796.0;19167.0;19104.0;15911.0;14150.0;18292.0;20591.0;29004.0
27166.0;2019-05-31;13.0;18.0;21.0;26.0;654.0;30.0;8.0;13.0;22.0;566.0;30.0;0.0;30.0;742.0;60.0;246.0;4;5;5;4;5;4;4;0;0;0;0;0;0;0;1;0;0;0;0;0;0;0;0;0.0;0.0;0.0;0.0;1.0;0.0;0.0;0.0;0.0;0.0;0.0;0.0;0.0;0.0;0.0;0.0;0.0;0.0;0.0;0.0;0.0;0.0;0.0;0.0;0.0;0.0;1.0;0.0;0.0;0.0;0.0;0.0;0.0;0.0;0.0;3.0;0.0;1.0;0.0;4.0;2.0;0;0;0;0;PARANAGUÁ;REGIÃO LESTE;53;34274.0;36821.0;31028.0;23735.0;24495.0;21796.0;19167.0;19104.0;15911.0;14150.0;18292.0;20591.0
21682.0;2019-06-30;12.0;16.0;20.0;24.0;598.0;31.0;3.0;12.0;18.0;469.0;31.0;0.0;31.0;728.0;33.0;91.0;5;4;4;4;4;5;4;0;0;0;0;0;0;1;0;0;0;0;0;0;0;0;0;0.0;0.0;0.0;0.0;1.0;0.0;0.0;0.0;0.0;0.0;0.0;0.0;0.0;0.0;0.0;0.0;0.0;0.0;0.0;0.0;0.0;0.0;0.0;0.0;0.0;0.0;1.0;0.0;0.0;0.0;0.0;0.0;0.0;0.0;0.0;3.0;0.0;1.0;0.0;4.0;2.0;0;1;0;0;PARANAGUÁ;REGIÃO LESTE;54;27166.0;34274.0;36821.0;31028.0;23735.0;24495.0;21796.0;19167.0;19104.0;15911.0;14150.0;18292.0
15321.0;2019-07-31;4.0;10.0;17.0;23.0;541.0;28.0;1.0;4.0;18.0;400.0;28.0;0.0;28.0;682.0;10.0;23.0;4;5;4;5;4;4;5;0;0;0;0;0;1;0;0;0;0;0;0;0;0;0;0;0.0;0.0;0.0;0.0;1.0;0.0;0.0;0.0;0.0;0.0;0.0;0.0;0.0;0.0;0.0;0.0;0.0;0.0;0.0;0.0;0.0;0.0;0.0;0.0;0.0;0.0;1.0;0.0;0.0;0.0;0.0;0.0;0.0;0.0;0.0;3.0;0.0;1.0;0.0;4.0;2.0;16;0;0;0;PARANAGUÁ;REGIÃO LESTE;55;21682.0;27166.0;34274.0;36821.0;31028.0;23735.0;24495.0;21796.0;19167.0;19104.0;15911.0;14150.0
19024.0;2019-08-31;8.0;11.0;17.0;23.0;540.0;31.0;1.0;8.0;17.0;420.0;31.0;0.0;31.0;661.0;11.0;21.0;4;4;5;4;5;5;4;0;1;0;0;0;0;0;0;0;0;0;0;0;0;0;0;0.0;0.0;0.0;0.0;1.0;0.0;0.0;0.0;0.0;0.0;0.0;0.0;0.0;0.0;0.0;0.0;0.0;0.0;0.0;0.0;0.0;0.0;0.0;0.0;0.0;0.0;1.0;0.0;0.0;0.0;0.0;0.0;0.0;0.0;0.0;3.0;0.0;1.0;0.0;4.0;2.0;0;0;0;0;PARANAGUÁ;REGIÃO LESTE;56;15321.0;21682.0;27166.0;34274.0;36821.0;31028.0;23735.0;24495.0;21796.0;19167.0;19104.0;15911.0
20978.0;2019-09-30;11.0;12.0;19.0;25.0;561.0;31.0;4.0;11.0;18.0;458.0;31.0;0.0;31.0;665.0;47.0;127.0;5;4;4;5;4;4;4;0;0;0;0;0;0;0;0;0;0;0;1;0;0;0;0;0.0;0.0;0.0;0.0;1.0;0.0;0.0;0.0;0.0;0.0;0.0;0.0;0.0;0.0;0.0;0.0;0.0;0.0;0.0;0.0;0.0;0.0;0.0;0.0;0.0;0.0;1.0;0.0;0.0;0.0;0.0;0.0;0.0;0.0;0.0;3.0;0.0;1.0;0.0;4.0;2.0;0;0;0;0;PARANAGUÁ;REGIÃO LESTE;57;19024.0;15321.0;21682.0;27166.0;34274.0;36821.0;31028.0;23735.0;24495.0;21796.0;19167.0;19104.0
25246.0;2019-10-31;16.0;18.0;22.0;26.0;690.0;32.0;3.0;16.0;21.0;561.0;32.0;0.0;32.0;819.0;28.0;91.0;4;5;5;4;4;4;5;0;0;0;0;0;0;0;0;0;0;1;0;0;0;0;0;0.0;0.0;0.0;0.0;1.0;0.0;0.0;0.0;0.0;0.0;0.0;0.0;0.0;0.0;0.0;0.0;0.0;0.0;0.0;0.0;0.0;0.0;0.0;0.0;0.0;0.0;1.0;0.0;0.0;0.0;0.0;0.0;0.0;0.0;0.0;3.0;0.0;1.0;0.0;4.0;2.0;0;0;0;0;PARANAGUÁ;REGIÃO LESTE;58;20978.0;19024.0;15321.0;21682.0;27166.0;34274.0;36821.0;31028.0;23735.0;24495.0;21796.0;19167.0
28462.0;2019-11-30;16.0;17.0;22.0;27.0;672.0;32.0;3.0;16.0;23.0;578.0;32.0;0.0;32.0;765.0;42.0;91.0;4;4;4;4;5;5;4;0;0;0;0;0;0;0;0;0;1;0;0;0;0;0;0;0.0;0.0;0.0;0.0;1.0;0.0;0.0;0.0;0.0;0.0;0.0;0.0;0.0;0.0;0.0;0.0;0.0;0.0;0.0;0.0;0.0;0.0;0.0;0.0;0.0;0.0;1.0;0.0;0.0;0.0;0.0;0.0;0.0;0.0;0.0;3.0;0.0;1.0;0.0;4.0;2.0;0;0;0;0;PARANAGUÁ;REGIÃO LESTE;59;25246.0;20978.0;19024.0;15321.0;21682.0;27166.0;34274.0;36821.0;31028.0;23735.0;24495.0;21796.0
21553.0;2019-12-31;17.0;19.0;24.0;27.0;730.0;32.0;2.0;17.0;26.0;624.0;32.0;0.0;32.0;836.0;16.0;70.0;5;4;4;5;4;4;5;0;0;1;0;0;0;0;0;0;0;0;0;0;0;0;0;0.0;0.0;0.0;0.0;1.0;0.0;0.0;0.0;0.0;0.0;0.0;0.0;0.0;0.0;0.0;0.0;0.0;0.0;0.0;0.0;0.0;0.0;0.0;0.0;0.0;0.0;1.0;0.0;0.0;0.0;0.0;0.0;0.0;0.0;0.0;3.0;0.0;1.0;0.0;4.0;2.0;0;0;0;0;PARANAGUÁ;REGIÃO LESTE;60;28462.0;25246.0;20978.0;19024.0;15321.0;21682.0;27166.0;34274.0;36821.0;31028.0;23735.0;24495.0
20197.0;2020-01-31;17.0;19.0;24.0;28.0;759.0;33.0;4.0;17.0;24.0;647.0;33.0;0.0;33.0;871.0;31.0;136.0;4;5;5;4;5;4;4;0;0;0;0;1;0;0;0;0;0;0;0;0;0;0;0;0.0;0.0;0.0;0.0;0.0;1.0;0.0;0.0;0.0;0.0;0.0;0.0;0.0;0.0;0.0;0.0;0.0;0.0;0.0;0.0;0.0;0.0;0.0;0.0;0.0;0.0;1.0;0.0;0.0;0.0;0.0;0.0;0.0;0.0;0.0;3.0;0.0;1.0;0.0;4.0;2.0;31;0;0;0;PARANAGUÁ;REGIÃO LESTE;61;21553.0;28462.0;25246.0;20978.0;19024.0;15321.0;21682.0;27166.0;34274.0;36821.0;31028.0;23735.0
28904.0;2020-02-29;15.0;20.0;24.0;28.0;683.0;32.0;3.0;15.0;25.0;592.0;32.0;0.0;32.0;774.0;23.0;73.0;4;4;4;4;4;5;4;0;0;0;1;0;0;0;0;0;0;0;0;0;0;0;0;0.0;0.0;0.0;0.0;0.0;1.0;0.0;0.0;0.0;0.0;0.0;0.0;0.0;0.0;0.0;0.0;0.0;0.0;0.0;0.0;0.0;0.0;0.0;0.0;0.0;0.0;1.0;0.0;0.0;0.0;0.0;0.0;0.0;0.0;0.0;3.0;0.0;1.0;0.0;4.0;2.0;0;3;0;0;PARANAGUÁ;REGIÃO LESTE;62;20197.0;21553.0;28462.0;25246.0;20978.0;19024.0;15321.0;21682.0;27166.0;34274.0;36821.0;31028.0
27050.0;2020-03-31;17.0;20.0;23.0;28.0;724.0;33.0;1.0;17.0;26.0;599.0;33.0;0.0;33.0;849.0;15.0;31.0;5;4;4;5;4;4;5;0;0;0;0;0;0;0;0;1;0;0;0;0;0;0;0;0.0;0.0;0.0;0.0;0.0;1.0;0.0;0.0;0.0;0.0;0.0;0.0;0.0;0.0;0.0;0.0;0.0;0.0;0.0;0.0;0.0;0.0;0.0;0.0;0.0;0.0;1.0;0.0;0.0;0.0;0.0;0.0;0.0;0.0;0.0;3.0;0.0;1.0;0.0;4.0;2.0;0;0;15;0;PARANAGUÁ;REGIÃO LESTE;63;28904.0;20197.0;21553.0;28462.0;25246.0;20978.0;19024.0;15321.0;21682.0;27166.0;34274.0;36821.0
10846.0;2020-04-30;12.0;19.0;21.0;26.0;643.0;30.0;1.0;12.0;22.0;516.0;30.0;0.0;30.0;770.0;24.0;39.0;4;5;5;4;4;4;4;1;0;0;0;0;0;0;0;0;0;0;0;0;0;0;0;0.0;0.0;0.0;0.0;0.0;1.0;0.0;0.0;0.0;0.0;0.0;0.0;0.0;0.0;0.0;0.0;0.0;0.0;0.0;0.0;0.0;0.0;0.0;0.0;0.0;0.0;1.0;0.0;0.0;0.0;0.0;0.0;0.0;0.0;0.0;3.0;0.0;1.0;0.0;4.0;2.0;0;1;30;0;PARANAGUÁ;REGIÃO LESTE;64;27050.0;28904.0;20197.0;21553.0;28462.0;25246.0;20978.0;19024.0;15321.0;21682.0;27166.0;34274.0
8303.0;2020-05-31;6.0;14.0;18.0;23.0;570.0;27.0;2.0;6.0;20.0;425.0;27.0;0.0;27.0;715.0;29.0;59.0;5;4;4;4;5;5;4;0;0;0;0;0;0;0;1;0;0;0;0;0;0;0;0;0.0;0.0;0.0;0.0;0.0;1.0;0.0;0.0;0.0;0.0;0.0;0.0;0.0;0.0;0.0;0.0;0.0;0.0;0.0;0.0;0.0;0.0;0.0;0.0;0.0;0.0;1.0;0.0;0.0;0.0;0.0;0.0;0.0;0.0;0.0;3.0;0.0;1.0;0.0;4.0;2.0;0;0;31;0;PARANAGUÁ;REGIÃO LESTE;65;10846.0;27050.0;28904.0;20197.0;21553.0;28462.0;25246.0;20978.0;19024.0;15321.0;21682.0;27166.0
7872.0;2020-06-30;10.0;12.0;19.0;24.0;571.0;30.0;7.0;10.0;21.0;468.0;30.0;0.0;30.0;675.0;57.0;209.0;4;4;4;5;4;4;5;0;0;0;0;0;0;1;0;0;0;0;0;0;0;0;0;0.0;0.0;0.0;0.0;0.0;1.0;0.0;0.0;0.0;0.0;0.0;0.0;0.0;0.0;0.0;0.0;0.0;0.0;0.0;0.0;0.0;0.0;0.0;0.0;0.0;0.0;1.0;0.0;0.0;0.0;0.0;0.0;0.0;0.0;0.0;3.0;0.0;1.0;0.0;4.0;2.0;0;1;30;0;PARANAGUÁ;REGIÃO LESTE;66;8303.0;10846.0;27050.0;28904.0;20197.0;21553.0;28462.0;25246.0;20978.0;19024.0;15321.0;21682.0
8215.0;2020-07-31;5.0;11.0;17.0;22.0;533.0;27.0;1.0;5.0;19.0;408.0;27.0;0.0;27.0;657.0;11.0;22.0;4;5;5;4;5;4;4;0;0;0;0;0;1;0;0;0;0;0;0;0;0;0;0;0.0;0.0;0.0;0.0;0.0;1.0;0.0;0.0;0.0;0.0;0.0;0.0;0.0;0.0;0.0;0.0;0.0;0.0;0.0;0.0;0.0;0.0;0.0;0.0;0.0;0.0;1.0;0.0;0.0;0.0;0.0;0.0;0.0;0.0;0.0;3.0;0.0;1.0;0.0;4.0;2.0;0;0;31;0;PARANAGUÁ;REGIÃO LESTE;67;7872.0;8303.0;10846.0;27050.0;28904.0;20197.0;21553.0;28462.0;25246.0;20978.0;19024.0;15321.0
7905.0;2020-08-31;5.0;7.0;17.0;23.0;539.0;31.0;7.0;5.0;17.0;410.0;31.0;0.0;31.0;667.0;46.0;226.0;5;4;4;5;4;5;4;0;1;0;0;0;0;0;0;0;0;0;0;0;0;0;0;0.0;0.0;0.0;0.0;0.0;1.0;0.0;0.0;0.0;0.0;0.0;0.0;0.0;0.0;0.0;0.0;0.0;0.0;0.0;0.0;0.0;0.0;0.0;0.0;0.0;0.0;1.0;0.0;0.0;0.0;0.0;0.0;0.0;0.0;0.0;3.0;0.0;1.0;0.0;4.0;2.0;0;0;31;0;PARANAGUÁ;REGIÃO LESTE;68;8215.0;7872.0;8303.0;10846.0;27050.0;28904.0;20197.0;21553.0;28462.0;25246.0;20978.0;19024.0
9000.0;2020-09-30;11.0;12.0;20.0;25.0;611.0;33.0;1.0;11.0;19.0;481.0;33.0;0.0;33.0;740.0;18.0;41.0;4;5;4;4;4;4;5;0;0;0;0;0;0;0;0;0;0;0;1;0;0;0;0;0.0;0.0;0.0;0.0;0.0;1.0;0.0;0.0;0.0;0.0;0.0;0.0;0.0;0.0;0.0;0.0;0.0;0.0;0.0;0.0;0.0;0.0;0.0;0.0;0.0;0.0;1.0;0.0;0.0;0.0;0.0;0.0;0.0;0.0;0.0;3.0;0.0;1.0;0.0;4.0;2.0;0;0;30;0;PARANAGUÁ;REGIÃO LESTE;69;7905.0;8215.0;7872.0;8303.0;10846.0;27050.0;28904.0;20197.0;21553.0;28462.0;25246.0;20978.0
9145.0;2020-10-31;12.0;15.0;21.0;28.0;647.0;35.0;2.0;12.0;20.0;527.0;35.0;0.0;35.0;766.0;24.0;67.0;4;4;5;4;5;5;4;0;0;0;0;0;0;0;0;0;0;1;0;0;0;0;0;0.0;0.0;0.0;0.0;0.0;1.0;0.0;0.0;0.0;0.0;0.0;0.0;0.0;0.0;0.0;0.0;0.0;0.0;0.0;0.0;0.0;0.0;0.0;0.0;0.0;0.0;1.0;0.0;0.0;0.0;0.0;0.0;0.0;0.0;0.0;3.0;0.0;1.0;0.0;4.0;2.0;0;0;31;0;PARANAGUÁ;REGIÃO LESTE;70;9000.0;7905.0;8215.0;7872.0;8303.0;10846.0;27050.0;28904.0;20197.0;21553.0;28462.0;25246.0
9840.0;2020-11-30;11.0;15.0;21.0;27.0;632.0;33.0;5.0;11.0;21.0;518.0;33.0;0.0;33.0;746.0;56.0;161.0;5;4;4;5;4;4;4;0;0;0;0;0;0;0;0;0;1;0;0;0;0;0;0;0.0;0.0;0.0;0.0;0.0;1.0;0.0;0.0;0.0;0.0;0.0;0.0;0.0;0.0;0.0;0.0;0.0;0.0;0.0;0.0;0.0;0.0;0.0;0.0;0.0;0.0;1.0;0.0;0.0;0.0;0.0;0.0;0.0;0.0;0.0;3.0;0.0;1.0;0.0;4.0;2.0;0;0;30;0;PARANAGUÁ;REGIÃO LESTE;71;9145.0;9000.0;7905.0;8215.0;7872.0;8303.0;10846.0;27050.0;28904.0;20197.0;21553.0;28462.0
11749.0;2020-12-31;18.0;18.0;24.0;27.0;737.0;32.0;5.0;18.0;24.0;628.0;32.0;0.0;32.0;845.0;26.0;140.0;4;5;5;4;4;4;5;0;0;1;0;0;0;0;0;0;0;0;0;0;0;0;0;0.0;0.0;0.0;0.0;0.0;1.0;0.0;0.0;0.0;0.0;0.0;0.0;0.0;0.0;0.0;0.0;0.0;0.0;0.0;0.0;0.0;0.0;0.0;0.0;0.0;0.0;1.0;0.0;0.0;0.0;0.0;0.0;0.0;0.0;0.0;3.0;0.0;1.0;0.0;4.0;2.0;0;0;31;0;PARANAGUÁ;REGIÃO LESTE;72;9840.0;9145.0;9000.0;7905.0;8215.0;7872.0;8303.0;10846.0;27050.0;28904.0;20197.0;21553.0
13919.0;2021-01-31;17.0;20.0;24.0;28.0;759.0;32.0;7.0;17.0;24.0;668.0;32.0;0.0;32.0;851.0;38.0;230.0;5;4;4;4;5;5;4;0;0;0;0;1;0;0;0;0;0;0;0;1;0;0;0;0.0;0.0;0.0;0.0;0.0;0.0;0.0;0.0;0.0;0.0;0.0;0.0;0.0;0.0;0.0;0.0;0.0;0.0;0.0;0.0;0.0;0.0;0.0;0.0;0.0;0.0;1.0;0.0;0.0;0.0;0.0;0.0;0.0;0.0;0.0;3.0;0.0;1.0;0.0;4.0;2.0;0;0;31;0;PARANAGUÁ;REGIÃO LESTE;73;11749.0;9840.0;9145.0;9000.0;7905.0;8215.0;7872.0;8303.0;10846.0;27050.0;28904.0;20197.0
12096.0;2021-02-28;16.0;21.0;24.0;28.0;676.0;33.0;5.0;16.0;26.0;567.0;33.0;0.0;33.0;785.0;45.0;152.0;4;4;4;4;4;4;4;0;0;0;1;0;0;0;0;0;0;0;0;1;0;0;0;0.0;0.0;0.0;0.0;0.0;0.0;0.0;0.0;0.0;0.0;0.0;0.0;0.0;0.0;0.0;0.0;0.0;0.0;0.0;0.0;0.0;0.0;0.0;0.0;0.0;0.0;1.0;0.0;0.0;0.0;0.0;0.0;0.0;0.0;0.0;3.0;0.0;1.0;0.0;4.0;2.0;0;3;28;0;PARANAGUÁ;REGIÃO LESTE;74;13919.0;11749.0;9840.0;9145.0;9000.0;7905.0;8215.0;7872.0;8303.0;10846.0;27050.0;28904.0
12183.0;2021-03-31;17.0;21.0;24.0;27.0;756.0;32.0;9.0;17.0;23.0;644.0;32.0;0.0;32.0;868.0;31.0;281.0;4;5;4;5;4;4;5;0;0;0;0;0;0;0;0;1;0;0;0;1;0;0;0;0.0;0.0;0.0;0.0;0.0;0.0;0.0;0.0;0.0;0.0;0.0;0.0;0.0;0.0;0.0;0.0;0.0;0.0;0.0;0.0;0.0;0.0;0.0;0.0;0.0;0.0;1.0;0.0;0.0;0.0;0.0;0.0;0.0;0.0;0.0;3.0;0.0;1.0;0.0;4.0;2.0;0;0;31;0;PARANAGUÁ;REGIÃO LESTE;75;12096.0;13919.0;11749.0;9840.0;9145.0;9000.0;7905.0;8215.0;7872.0;8303.0;10846.0;27050.0
8340.0;2021-04-30;14.0;19.0;21.0;24.0;626.0;29.0;1.0;14.0;19.0;521.0;29.0;0.0;29.0;731.0;10.0;22.0;4;4;5;4;5;4;4;1;0;0;0;0;0;0;0;0;0;0;0;1;0;0;0;0.0;0.0;0.0;0.0;0.0;0.0;0.0;0.0;0.0;0.0;0.0;0.0;0.0;0.0;0.0;0.0;0.0;0.0;0.0;0.0;0.0;0.0;0.0;0.0;0.0;0.0;1.0;0.0;0.0;0.0;0.0;0.0;0.0;0.0;0.0;3.0;0.0;1.0;0.0;4.0;2.0;0;1;30;0;PARANAGUÁ;REGIÃO LESTE;76;12183.0;12096.0;13919.0;11749.0;9840.0;9145.0;9000.0;7905.0;8215.0;7872.0;8303.0;10846.0
8029.0;2021-05-31;8.0;15.0;19.0;23.0;581.0;28.0;5.0;8.0;19.0;462.0;28.0;0.0;28.0;700.0;47.0;151.0;5;4;4;5;4;5;4;0;0;0;0;0;0;0;1;0;0;0;0;1;0;0;0;0.0;0.0;0.0;0.0;0.0;0.0;0.0;0.0;0.0;0.0;0.0;0.0;0.0;0.0;0.0;0.0;0.0;0.0;0.0;0.0;0.0;0.0;0.0;0.0;0.0;0.0;1.0;0.0;0.0;0.0;0.0;0.0;0.0;0.0;0.0;3.0;0.0;1.0;0.0;4.0;2.0;0;0;31;0;PARANAGUÁ;REGIÃO LESTE;77;8340.0;12183.0;12096.0;13919.0;11749.0;9840.0;9145.0;9000.0;7905.0;8215.0;7872.0;8303.0
6870.0;2021-06-30;5.0;10.0;17.0;22.0;521.0;26.0;5.0;5.0;18.0;424.0;26.0;0.0;26.0;618.0;50.0;160.0;4;5;4;4;4;4;5;0;0;0;0;0;0;1;0;0;0;0;0;1;0;0;0;0.0;0.0;0.0;0.0;0.0;0.0;0.0;0.0;0.0;0.0;0.0;0.0;0.0;0.0;0.0;0.0;0.0;0.0;0.0;0.0;0.0;0.0;0.0;0.0;0.0;0.0;1.0;0.0;0.0;0.0;0.0;0.0;0.0;0.0;0.0;3.0;0.0;1.0;0.0;4.0;2.0;0;1;30;0;PARANAGUÁ;REGIÃO LESTE;78;8029.0;8340.0;12183.0;12096.0;13919.0;11749.0;9840.0;9145.0;9000.0;7905.0;8215.0;7872.0
7998.0;2021-07-31;3.0;9.0;15.0;21.0;470.0;27.0;1.0;3.0;15.0;318.0;27.0;0.0;27.0;623.0;29.0;37.0;4;4;5;4;5;5;4;0;0;0;0;0;1;0;0;0;0;0;0;1;0;0;0;0.0;0.0;0.0;0.0;0.0;0.0;0.0;0.0;0.0;0.0;0.0;0.0;0.0;0.0;0.0;0.0;0.0;0.0;0.0;0.0;0.0;0.0;0.0;0.0;0.0;0.0;1.0;0.0;0.0;0.0;0.0;0.0;0.0;0.0;0.0;3.0;0.0;1.0;0.0;4.0;2.0;0;0;31;0;PARANAGUÁ;REGIÃO LESTE;79;6870.0;8029.0;8340.0;12183.0;12096.0;13919.0;11749.0;9840.0;9145.0;9000.0;7905.0;8215.0
9021.0;2021-08-31;10.0;12.0;18.0;23.0;550.0;30.0;4.0;10.0;22.0;438.0;30.0;0.0;30.0;661.0;35.0;129.0;5;4;4;5;4;4;5;0;1;0;0;0;0;0;0;0;0;0;0;1;0;0;0;0.0;0.0;0.0;0.0;0.0;0.0;0.0;0.0;0.0;0.0;0.0;0.0;0.0;0.0;0.0;0.0;0.0;0.0;0.0;0.0;0.0;0.0;0.0;0.0;0.0;0.0;1.0;0.0;0.0;0.0;0.0;0.0;0.0;0.0;0.0;3.0;0.0;1.0;0.0;4.0;2.0;0;0;31;0;PARANAGUÁ;REGIÃO LESTE;80;7998.0;6870.0;8029.0;8340.0;12183.0;12096.0;13919.0;11749.0;9840.0;9145.0;9000.0;7905.0
10710.0;2021-09-30;12.0;13.0;20.0;26.0;591.0;31.0;3.0;12.0;22.0;476.0;31.0;0.0;31.0;706.0;18.0;84.0;4;5;5;4;4;4;4;0;0;0;0;0;0;0;0;0;0;0;1;1;0;0;0;0.0;0.0;0.0;0.0;0.0;0.0;0.0;0.0;0.0;0.0;0.0;0.0;0.0;0.0;0.0;0.0;0.0;0.0;0.0;0.0;0.0;0.0;0.0;0.0;0.0;0.0;1.0;0.0;0.0;0.0;0.0;0.0;0.0;0.0;0.0;3.0;0.0;1.0;0.0;4.0;2.0;0;0;30;0;PARANAGUÁ;REGIÃO LESTE;81;9021.0;7998.0;6870.0;8029.0;8340.0;12183.0;12096.0;13919.0;11749.0;9840.0;9145.0;9000.0
10323.0;2021-10-31;12.0;15.0;18.0;22.0;569.0;26.0;7.0;12.0;19.0;499.0;26.0;0.0;26.0;639.0;54.0;216.0;5;4;4;4;5;5;4;0;0;0;0;0;0;0;0;0;0;1;0;1;0;0;0;0.0;0.0;0.0;0.0;0.0;0.0;0.0;0.0;0.0;0.0;0.0;0.0;0.0;0.0;0.0;0.0;0.0;0.0;0.0;0.0;0.0;0.0;0.0;0.0;0.0;0.0;1.0;0.0;0.0;0.0;0.0;0.0;0.0;0.0;0.0;3.0;0.0;1.0;0.0;4.0;2.0;0;0;0;0;PARANAGUÁ;REGIÃO LESTE;82;10710.0;9021.0;7998.0;6870.0;8029.0;8340.0;12183.0;12096.0;13919.0;11749.0;9840.0;9145.0
14130.0;2021-11-30;13.0;16.0;21.0;26.0;622.0;31.0;3.0;13.0;22.0;522.0;31.0;0.0;31.0;723.0;65.0;93.0;4;4;4;5;4;4;5;0;0;0;0;0;0;0;0;0;1;0;0;1;0;0;0;0.0;0.0;0.0;0.0;0.0;0.0;0.0;0.0;0.0;0.0;0.0;0.0;0.0;0.0;0.0;0.0;0.0;0.0;0.0;0.0;0.0;0.0;0.0;0.0;0.0;0.0;1.0;0.0;0.0;0.0;0.0;0.0;0.0;0.0;0.0;3.0;0.0;1.0;0.0;4.0;2.0;0;0;0;0;PARANAGUÁ;REGIÃO LESTE;83;10323.0;10710.0;9021.0;7998.0;6870.0;8029.0;8340.0;12183.0;12096.0;13919.0;11749.0;9840.0
14477.0;2021-12-31;14.0;18.0;23.0;27.0;702.0;32.0;6.0;14.0;23.0;584.0;32.0;0.0;32.0;820.0;44.0;176.0;4;5;5;4;5;4;4;0;0;1;0;0;0;0;0;0;0;0;0;1;0;0;0;0.0;0.0;0.0;0.0;0.0;0.0;0.0;0.0;0.0;0.0;0.0;0.0;0.0;0.0;0.0;0.0;0.0;0.0;0.0;0.0;0.0;0.0;0.0;0.0;0.0;0.0;1.0;0.0;0.0;0.0;0.0;0.0;0.0;0.0;0.0;3.0;0.0;1.0;0.0;4.0;2.0;0;0;0;0;PARANAGUÁ;REGIÃO LESTE;84;14130.0;10323.0;10710.0;9021.0;7998.0;6870.0;8029.0;8340.0;12183.0;12096.0;13919.0;11749.0
18941.0;2022-01-31;17.0;19.0;25.0;29.0;767.0;34.0;6.0;17.0;25.0;647.0;34.0;0.0;34.0;887.0;55.0;200.0;5;4;4;5;4;5;4;0;0;0;0;1;0;0;0;0;0;0;0;0;1;0;0;0.0;0.0;0.0;0.0;0.0;0.0;0.0;0.0;0.0;0.0;0.0;0.0;0.0;0.0;0.0;0.0;0.0;0.0;0.0;0.0;0.0;0.0;0.0;0.0;0.0;0.0;1.0;0.0;0.0;0.0;0.0;0.0;0.0;0.0;0.0;3.0;0.0;1.0;0.0;4.0;2.0;31;0;0;0;PARANAGUÁ;REGIÃO LESTE;85;14477.0;14130.0;10323.0;10710.0;9021.0;7998.0;6870.0;8029.0;8340.0;12183.0;12096.0;13919.0
35000.0;2022-02-28;15.0;21.0;25.0;28.0;699.0;33.0;3.0;15.0;24.0;577.0;33.0;0.0;33.0;821.0;33.0;74.0;4;4;4;4;4;4;4;0;0;0;1;0;0;0;0;0;0;0;0;0;1;0;0;0.0;0.0;0.0;0.0;0.0;0.0;0.0;0.0;0.0;0.0;0.0;0.0;0.0;0.0;0.0;0.0;0.0;0.0;0.0;0.0;0.0;0.0;0.0;0.0;0.0;0.0;1.0;0.0;0.0;0.0;0.0;0.0;0.0;0.0;0.0;3.0;0.0;1.0;0.0;4.0;2.0;0;1;0;0;PARANAGUÁ;REGIÃO LESTE;86;18941.0;14477.0;14130.0;10323.0;10710.0;9021.0;7998.0;6870.0;8029.0;8340.0;12183.0;12096.0
39990.0;2022-03-31;17.0;18.0;24.0;29.0;758.0;34.0;5.0;17.0;24.0;654.0;34.0;0.0;34.0;862.0;35.0;166.0;4;5;5;4;4;4;5;0;0;0;0;0;0;0;0;1;0;0;0;0;1;0;0;0.0;0.0;0.0;0.0;0.0;0.0;0.0;0.0;0.0;0.0;0.0;0.0;0.0;0.0;0.0;0.0;0.0;0.0;0.0;0.0;0.0;0.0;0.0;0.0;0.0;0.0;1.0;0.0;0.0;0.0;0.0;0.0;0.0;0.0;0.0;3.0;0.0;1.0;0.0;4.0;2.0;0;1;0;0;PARANAGUÁ;REGIÃO LESTE;87;35000.0;18941.0;14477.0;14130.0;10323.0;10710.0;9021.0;7998.0;6870.0;8029.0;8340.0;12183.0
22380.0;2022-04-30;11.0;16.0;21.0;25.0;624.0;31.0;6.0;11.0;21.0;520.0;31.0;0.0;31.0;728.0;56.0;188.0;4;4;4;4;5;5;4;1;0;0;0;0;0;0;0;0;0;0;0;0;1;0;0;0.0;0.0;0.0;0.0;0.0;0.0;0.0;0.0;0.0;0.0;0.0;0.0;0.0;0.0;0.0;0.0;0.0;0.0;0.0;0.0;0.0;0.0;0.0;0.0;0.0;0.0;1.0;0.0;0.0;0.0;0.0;0.0;0.0;0.0;0.0;3.0;0.0;1.0;0.0;4.0;2.0;0;1;0;0;PARANAGUÁ;REGIÃO LESTE;88;39990.0;35000.0;18941.0;14477.0;14130.0;10323.0;10710.0;9021.0;7998.0;6870.0;8029.0;8340.0
17112.0;2022-05-31;6.0;12.0;18.0;23.0;551.0;27.0;4.0;6.0;20.0;439.0;27.0;0.0;27.0;662.0;51.0;128.0;5;4;4;5;4;4;5;0;0;0;0;0;0;0;1;0;0;0;0;0;1;0;0;0.0;0.0;0.0;0.0;0.0;0.0;0.0;0.0;0.0;0.0;0.0;0.0;0.0;0.0;0.0;0.0;0.0;0.0;0.0;0.0;0.0;0.0;0.0;0.0;0.0;0.0;1.0;0.0;0.0;0.0;0.0;0.0;0.0;0.0;0.0;3.0;0.0;1.0;0.0;4.0;2.0;0;0;0;0;PARANAGUÁ;REGIÃO LESTE;89;22380.0;39990.0;35000.0;18941.0;14477.0;14130.0;10323.0;10710.0;9021.0;7998.0;6870.0;8029.0
17730.0;2022-06-30;5.0;11.0;17.0;24.0;519.0;28.0;4.0;5.0;20.0;420.0;28.0;0.0;28.0;617.0;44.0;128.0;4;5;5;4;4;4;4;0;0;0;0;0;0;1;0;0;0;0;0;0;1;0;0;0.0;0.0;0.0;0.0;0.0;0.0;0.0;0.0;0.0;0.0;0.0;0.0;0.0;0.0;0.0;0.0;0.0;0.0;0.0;0.0;0.0;0.0;0.0;0.0;0.0;0.0;1.0;0.0;0.0;0.0;0.0;0.0;0.0;0.0;0.0;3.0;0.0;1.0;0.0;4.0;2.0;0;1;0;0;PARANAGUÁ;REGIÃO LESTE;90;17112.0;22380.0;39990.0;35000.0;18941.0;14477.0;14130.0;10323.0;10710.0;9021.0;7998.0;6870.0
19747.0;2022-07-31;7.0;13.0;19.0;22.0;578.0;27.0;1.0;7.0;19.0;437.0;27.0;0.0;27.0;719.0;16.0;32.0;5;4;4;4;5;5;4;0;0;0;0;0;1;0;0;0;0;0;0;0;1;0;0;0.0;0.0;0.0;0.0;0.0;0.0;0.0;0.0;0.0;0.0;0.0;0.0;0.0;0.0;0.0;0.0;0.0;0.0;0.0;0.0;0.0;0.0;0.0;0.0;0.0;0.0;1.0;0.0;0.0;0.0;0.0;0.0;0.0;0.0;0.0;3.0;0.0;1.0;0.0;4.0;2.0;0;0;0;0;PARANAGUÁ;REGIÃO LESTE;91;17730.0;17112.0;22380.0;39990.0;35000.0;18941.0;14477.0;14130.0;10323.0;10710.0;9021.0;7998.0
19313.0;2022-08-31;5.0;8.0;16.0;21.0;510.0;27.0;5.0;5.0;20.0;413.0;27.0;0.0;27.0;607.0;50.0;142.0;4;5;4;5;4;4;5;0;1;0;0;0;0;0;0;0;0;0;0;0;1;0;0;0.0;0.0;0.0;0.0;0.0;0.0;0.0;0.0;0.0;0.0;0.0;0.0;0.0;0.0;0.0;0.0;0.0;0.0;0.0;0.0;0.0;0.0;0.0;0.0;0.0;0.0;1.0;0.0;0.0;0.0;0.0;0.0;0.0;0.0;0.0;3.0;0.0;1.0;0.0;4.0;2.0;0;0;0;0;PARANAGUÁ;REGIÃO LESTE;92;19747.0;17730.0;17112.0;22380.0;39990.0;35000.0;18941.0;14477.0;14130.0;10323.0;10710.0;9021.0
18900.0;2022-09-30;8.0;11.0;16.0;24.0;471.0;30.0;8.0;8.0;22.0;396.0;30.0;0.0;30.0;546.0;48.0;243.0;4;4;5;4;5;4;4;0;0;0;0;0;0;0;0;0;0;0;1;0;1;0;0;0.0;0.0;0.0;0.0;0.0;0.0;0.0;0.0;0.0;0.0;0.0;0.0;0.0;0.0;0.0;0.0;0.0;0.0;0.0;0.0;0.0;0.0;0.0;0.0;0.0;0.0;1.0;0.0;0.0;0.0;0.0;0.0;0.0;0.0;0.0;3.0;0.0;1.0;0.0;4.0;2.0;0;0;0;0;PARANAGUÁ;REGIÃO LESTE;93;19313.0;19747.0;17730.0;17112.0;22380.0;39990.0;35000.0;18941.0;14477.0;14130.0;10323.0;10710.0
22413.0;2022-10-31;10.0;14.0;20.0;25.0;618.0;30.0;6.0;10.0;21.0;511.0;30.0;0.0;30.0;726.0;44.0;192.0;5;4;4;5;4;5;4;0;0;0;0;0;0;0;0;0;0;1;0;0;1;0;0;0.0;0.0;0.0;0.0;0.0;0.0;0.0;0.0;0.0;0.0;0.0;0.0;0.0;0.0;0.0;0.0;0.0;0.0;0.0;0.0;0.0;0.0;0.0;0.0;0.0;0.0;1.0;0.0;0.0;0.0;0.0;0.0;0.0;0.0;0.0;3.0;0.0;1.0;0.0;4.0;2.0;0;0;0;0;PARANAGUÁ;REGIÃO LESTE;94;18900.0;19313.0;19747.0;17730.0;17112.0;22380.0;39990.0;35000.0;18941.0;14477.0;14130.0;10323.0
25110.0;2022-11-30;10.0;11.0;19.0;23.0;560.0;27.0;5.0;10.0;20.0;460.0;27.0;0.0;27.0;661.0;31.0;137.0;4;5;4;4;4;4;5;0;0;0;0;0;0;0;0;0;1;0;0;0;1;0;0;0.0;0.0;0.0;0.0;0.0;0.0;0.0;0.0;0.0;0.0;0.0;0.0;0.0;0.0;0.0;0.0;0.0;0.0;0.0;0.0;0.0;0.0;0.0;0.0;0.0;0.0;1.0;0.0;0.0;0.0;0.0;0.0;0.0;0.0;0.0;3.0;0.0;1.0;0.0;4.0;2.0;0;0;0;0;PARANAGUÁ;REGIÃO LESTE;95;22413.0;18900.0;19313.0;19747.0;17730.0;17112.0;22380.0;39990.0;35000.0;18941.0;14477.0;14130.0
30535.0;2022-12-31;16.0;18.0;23.0;27.0;701.0;32.0;3.0;16.0;23.0;598.0;32.0;0.0;32.0;803.0;20.0;103.0;4;4;5;4;5;5;4;0;0;1;0;0;0;0;0;0;0;0;0;0;1;0;0;0.0;0.0;0.0;0.0;0.0;0.0;0.0;0.0;0.0;0.0;0.0;0.0;0.0;0.0;0.0;0.0;0.0;0.0;0.0;0.0;0.0;0.0;0.0;0.0;0.0;0.0;1.0;0.0;0.0;0.0;0.0;0.0;0.0;0.0;0.0;3.0;0.0;1.0;0.0;4.0;2.0;0;0;0;0;PARANAGUÁ;REGIÃO LESTE;96;25110.0;22413.0;18900.0;19313.0;19747.0;17730.0;17112.0;22380.0;39990.0;35000.0;18941.0;14477.0
23963.0;2023-01-31;15.0;19.0;24.0;26.0;746.0;32.0;10.0;15.0;23.0;624.0;32.0;0.0;32.0;868.0;50.0;323.0;5;4;4;5;4;4;5;0;0;0;0;1;0;0;0;0;0;0;0;0;0;1;0;0.0;0.0;0.0;0.0;0.0;0.0;0.0;0.0;0.0;0.0;0.0;0.0;0.0;0.0;0.0;0.0;0.0;0.0;0.0;0.0;0.0;0.0;0.0;0.0;0.0;0.0;1.0;0.0;0.0;0.0;0.0;0.0;0.0;0.0;0.0;3.0;0.0;1.0;0.0;4.0;2.0;31;0;0;0;PARANAGUÁ;REGIÃO LESTE;97;30535.0;25110.0;22413.0;18900.0;19313.0;19747.0;17730.0;17112.0;22380.0;39990.0;35000.0;18941.0
38780.0;2023-02-28;16.0;17.0;24.0;26.0;671.0;31.0;8.0;16.0;23.0;571.0;31.0;0.0;31.0;770.0;94.0;218.0;4;4;4;4;4;4;4;0;0;0;1;0;0;0;0;0;0;0;0;0;0;1;0;0.0;0.0;0.0;0.0;0.0;0.0;0.0;0.0;0.0;0.0;0.0;0.0;0.0;0.0;0.0;0.0;0.0;0.0;0.0;0.0;0.0;0.0;0.0;0.0;0.0;0.0;1.0;0.0;0.0;0.0;0.0;0.0;0.0;0.0;0.0;3.0;0.0;1.0;0.0;4.0;2.0;0;3;0;0;PARANAGUÁ;REGIÃO LESTE;98;23963.0;30535.0;25110.0;22413.0;18900.0;19313.0;19747.0;17730.0;17112.0;22380.0;39990.0;35000.0
42470.0;2023-03-31;17.0;21.0;25.0;27.0;763.0;32.0;13.0;17.0;23.0;643.0;32.0;0.0;32.0;884.0;110.0;393.0;4;5;5;4;5;4;4;0;0;0;0;0;0;0;0;1;0;0;0;0;0;1;0;0.0;0.0;0.0;0.0;0.0;0.0;0.0;0.0;0.0;0.0;0.0;0.0;0.0;0.0;0.0;0.0;0.0;0.0;0.0;0.0;0.0;0.0;0.0;0.0;0.0;0.0;1.0;0.0;0.0;0.0;0.0;0.0;0.0;0.0;0.0;3.0;0.0;1.0;0.0;4.0;2.0;0;0;0;0;PARANAGUÁ;REGIÃO LESTE;99;38780.0;23963.0;30535.0;25110.0;22413.0;18900.0;19313.0;19747.0;17730.0;17112.0;22380.0;39990.0
28410.0;2023-04-30;11.0;16.0;21.0;25.0;623.0;30.0;4.0;11.0;21.0;523.0;30.0;0.0;30.0;722.0;52.0;131.0;5;4;4;4;4;5;4;1;0;0;0;0;0;0;0;0;0;0;0;0;0;1;0;0.0;0.0;0.0;0.0;0.0;0.0;0.0;0.0;0.0;0.0;0.0;0.0;0.0;0.0;0.0;0.0;0.0;0.0;0.0;0.0;0.0;0.0;0.0;0.0;0.0;0.0;1.0;0.0;0.0;0.0;0.0;0.0;0.0;0.0;0.0;3.0;0.0;1.0;0.0;4.0;2.0;0;1;0;0;PARANAGUÁ;REGIÃO LESTE;100;42470.0;38780.0;23963.0;30535.0;25110.0;22413.0;18900.0;19313.0;19747.0;17730.0;17112.0;22380.0
27683.0;2023-05-31;10.0;15.0;20.0;25.0;610.0;28.0;2.0;10.0;22.0;487.0;28.0;0.0;28.0;734.0;24.0;64.0;4;5;4;5;4;4;5;0;0;0;0;0;0;0;1;0;0;0;0;0;0;1;0;0.0;0.0;0.0;0.0;0.0;0.0;0.0;0.0;0.0;0.0;0.0;0.0;0.0;0.0;0.0;0.0;0.0;0.0;0.0;0.0;0.0;0.0;0.0;0.0;0.0;0.0;1.0;0.0;0.0;0.0;0.0;0.0;0.0;0.0;0.0;3.0;0.0;1.0;0.0;4.0;2.0;0;0;0;0;PARANAGUÁ;REGIÃO LESTE;101;28410.0;42470.0;38780.0;23963.0;30535.0;25110.0;22413.0;18900.0;19313.0;19747.0;17730.0;17112.0
20400.0;2023-06-30;9.0;13.0;18.0;23.0;538.0;28.0;3.0;9.0;19.0;412.0;28.0;0.0;28.0;664.0;28.0;92.0;4;4;5;4;5;4;4;0;0;0;0;0;0;1;0;0;0;0;0;0;0;1;0;0.0;0.0;0.0;0.0;0.0;0.0;0.0;0.0;0.0;0.0;0.0;0.0;0.0;0.0;0.0;0.0;0.0;0.0;0.0;0.0;0.0;0.0;0.0;0.0;0.0;0.0;1.0;0.0;0.0;0.0;0.0;0.0;0.0;0.0;0.0;3.0;0.0;1.0;0.0;4.0;2.0;0;1;0;0;PARANAGUÁ;REGIÃO LESTE;102;27683.0;28410.0;42470.0;38780.0;23963.0;30535.0;25110.0;22413.0;18900.0;19313.0;19747.0;17730.0
16802.0;2023-07-31;6.0;11.0;17.0;22.0;527.0;26.0;4.0;6.0;19.0;432.0;26.0;0.0;26.0;622.0;60.0;137.0;5;4;4;5;4;5;4;0;0;0;0;0;1;0;0;0;0;0;0;0;0;1;0;0.0;0.0;0.0;0.0;0.0;0.0;0.0;0.0;0.0;0.0;0.0;0.0;0.0;0.0;0.0;0.0;0.0;0.0;0.0;0.0;0.0;0.0;0.0;0.0;0.0;0.0;1.0;0.0;0.0;0.0;0.0;0.0;0.0;0.0;0.0;3.0;0.0;1.0;0.0;4.0;2.0;15;0;0;0;PARANAGUÁ;REGIÃO LESTE;103;20400.0;27683.0;28410.0;42470.0;38780.0;23963.0;30535.0;25110.0;22413.0;18900.0;19313.0;19747.0
22103.0;2023-08-31;8.0;11.0;18.0;26.0;555.0;30.0;5.0;8.0;23.0;442.0;30.0;0.0;30.0;668.0;50.0;158.0;4;5;5;4;4;4;5;0;1;0;0;0;0;0;0;0;0;0;0;0;0;1;0;0.0;0.0;0.0;0.0;0.0;0.0;0.0;0.0;0.0;0.0;0.0;0.0;0.0;0.0;0.0;0.0;0.0;0.0;0.0;0.0;0.0;0.0;0.0;0.0;0.0;0.0;1.0;0.0;0.0;0.0;0.0;0.0;0.0;0.0;0.0;3.0;0.0;1.0;0.0;4.0;2.0;0;0;0;0;PARANAGUÁ;REGIÃO LESTE;104;16802.0;20400.0;27683.0;28410.0;42470.0;38780.0;23963.0;30535.0;25110.0;22413.0;18900.0;19313.0
27870.0;2023-09-30;11.0;14.0;21.0;27.0;622.0;33.0;6.0;11.0;24.0;509.0;33.0;0.0;33.0;734.0;58.0;175.0;4;4;4;4;5;5;4;0;0;0;0;0;0;0;0;0;0;0;1;0;0;1;0;0.0;0.0;0.0;0.0;0.0;0.0;0.0;0.0;0.0;0.0;0.0;0.0;0.0;0.0;0.0;0.0;0.0;0.0;0.0;0.0;0.0;0.0;0.0;0.0;0.0;0.0;1.0;0.0;0.0;0.0;0.0;0.0;0.0;0.0;0.0;3.0;0.0;1.0;0.0;4.0;2.0;0;0;0;0;PARANAGUÁ;REGIÃO LESTE;105;22103.0;16802.0;20400.0;27683.0;28410.0;42470.0;38780.0;23963.0;30535.0;25110.0;22413.0;18900.0
23715.0;2023-10-31;13.0;14.0;20.0;25.0;619.0;31.0;16.0;13.0;22.0;536.0;31.0;0.0;31.0;702.0;85.0;505.0;5;4;4;5;4;4;5;0;0;0;0;0;0;0;0;0;0;1;0;0;0;1;0;0.0;0.0;0.0;0.0;0.0;0.0;0.0;0.0;0.0;0.0;0.0;0.0;0.0;0.0;0.0;0.0;0.0;0.0;0.0;0.0;0.0;0.0;0.0;0.0;0.0;0.0;1.0;0.0;0.0;0.0;0.0;0.0;0.0;0.0;0.0;3.0;0.0;1.0;0.0;4.0;2.0;0;0;0;0;PARANAGUÁ;REGIÃO LESTE;106;27870.0;22103.0;16802.0;20400.0;27683.0;28410.0;42470.0;38780.0;23963.0;30535.0;25110.0;22413.0
32070.0;2023-11-30;11.0;17.0;22.0;27.0;656.0;34.0;5.0;11.0;23.0;556.0;34.0;0.0;34.0;756.0;38.0;159.0;4;5;5;4;4;4;4;0;0;0;0;0;0;0;0;0;1;0;0;0;0;1;0;0.0;0.0;0.0;0.0;0.0;0.0;0.0;0.0;0.0;0.0;0.0;0.0;0.0;0.0;0.0;0.0;0.0;0.0;0.0;0.0;0.0;0.0;0.0;0.0;0.0;0.0;1.0;0.0;0.0;0.0;0.0;0.0;0.0;0.0;0.0;3.0;0.0;1.0;0.0;4.0;2.0;0;0;0;0;PARANAGUÁ;REGIÃO LESTE;107;23715.0;27870.0;22103.0;16802.0;20400.0;27683.0;28410.0;42470.0;38780.0;23963.0;30535.0;25110.0
32271.0;2023-12-31;16.0;19.0;24.0;29.0;757.0;35.0;3.0;16.0;24.0;637.0;35.0;0.0;35.0;878.0;55.0;79.0;5;4;4;4;5;5;4;0;0;1;0;0;0;0;0;0;0;0;0;0;0;1;0;0.0;0.0;0.0;0.0;0.0;0.0;0.0;0.0;0.0;0.0;0.0;0.0;0.0;0.0;0.0;0.0;0.0;0.0;0.0;0.0;0.0;0.0;0.0;0.0;0.0;0.0;1.0;0.0;0.0;0.0;0.0;0.0;0.0;0.0;0.0;3.0;0.0;1.0;0.0;4.0;2.0;0;0;0;0;PARANAGUÁ;REGIÃO LESTE;108;32070.0;23715.0;27870.0;22103.0;16802.0;20400.0;27683.0;28410.0;42470.0;38780.0;23963.0;30535.0
27683.0;2024-01-31;16.0;19.0;25.0;29.0;763.0;36.0;6.0;16.0;26.0;645.0;36.0;0.0;36.0;882.0;66.0;176.0;4;5;4;5;4;4;5;0;0;0;0;1;0;0;0;0;0;0;0;0;0;0;1;0.0;0.0;0.0;0.0;0.0;0.0;0.0;0.0;0.0;0.0;0.0;0.0;0.0;0.0;0.0;0.0;0.0;0.0;0.0;0.0;0.0;0.0;0.0;0.0;0.0;0.0;1.0;0.0;0.0;0.0;0.0;0.0;0.0;0.0;0.0;3.0;0.0;1.0;0.0;4.0;2.0;31;0;0;0;PARANAGUÁ;REGIÃO LESTE;109;32271.0;32070.0;23715.0;27870.0;22103.0;16802.0;20400.0;27683.0;28410.0;42470.0;38780.0;23963.0
39991.0;2024-02-29;19.0;20.0;25.0;29.0;725.0;33.0;7.0;19.0;24.0;616.0;33.0;0.0;33.0;834.0;52.0;213.0;4;4;5;4;4;4;4;0;0;0;1;0;0;0;0;0;0;0;0;0;0;0;1;0.0;0.0;0.0;0.0;0.0;0.0;0.0;0.0;0.0;0.0;0.0;0.0;0.0;0.0;0.0;0.0;0.0;0.0;0.0;0.0;0.0;0.0;0.0;0.0;0.0;0.0;1.0;0.0;0.0;0.0;0.0;0.0;0.0;0.0;0.0;4.0;0.0;1.0;0.0;4.0;2.0;0;3;0;0;PARANAGUÁ;REGIÃO LESTE;110;27683.0;32271.0;32070.0;23715.0;27870.0;22103.0;16802.0;20400.0;27683.0;28410.0;42470.0;38780.0
34193.0;2024-03-31;17.0;19.0;25.0;30.0;773.0;35.0;3.0;17.0;26.0;664.0;35.0;0.0;35.0;882.0;60.0;83.0;5;4;4;4;5;5;4;0;0;0;0;0;0;0;0;1;0;0;0;0;0;0;1;0.0;0.0;0.0;0.0;0.0;0.0;0.0;0.0;0.0;0.0;0.0;0.0;0.0;0.0;0.0;0.0;0.0;0.0;0.0;0.0;0.0;0.0;0.0;0.0;0.0;0.0;1.0;0.0;0.0;0.0;0.0;0.0;0.0;0.0;0.0;4.0;0.0;1.0;0.0;4.0;2.0;0;1;0;0;PARANAGUÁ;REGIÃO LESTE;111;39991.0;27683.0;32271.0;32070.0;23715.0;27870.0;22103.0;16802.0;20400.0;27683.0;28410.0;42470.0
23580.0;2024-04-30;12.0;18.0;23.0;28.0;702.0;33.0;4.0;12.0;24.0;595.0;33.0;0.0;33.0;810.0;70.0;113.0;4;4;4;5;4;4;5;1;0;0;0;0;0;0;0;0;0;0;0;0;0;0;1;0.0;0.0;0.0;0.0;0.0;0.0;0.0;0.0;0.0;0.0;0.0;0.0;0.0;0.0;0.0;0.0;0.0;0.0;0.0;0.0;0.0;0.0;0.0;0.0;0.0;0.0;1.0;0.0;0.0;0.0;0.0;0.0;0.0;0.0;0.0;4.0;0.0;1.0;0.0;4.0;2.0;0;0;0;0;PARANAGUÁ;REGIÃO LESTE;112;34193.0;39991.0;27683.0;32271.0;32070.0;23715.0;27870.0;22103.0;16802.0;20400.0;27683.0;28410.0
18724.0;2024-05-31;7.0;14.0;21.0;26.0;649.0;31.0;1.0;7.0;22.0;541.0;31.0;0.0;31.0;757.0;17.0;37.0;4;5;5;4;5;4;4;0;0;0;0;0;0;0;1;0;0;0;0;0;0;0;1;0.0;0.0;0.0;0.0;0.0;0.0;0.0;0.0;0.0;0.0;0.0;0.0;0.0;0.0;0.0;0.0;0.0;0.0;0.0;0.0;0.0;0.0;0.0;0.0;0.0;0.0;1.0;0.0;0.0;0.0;0.0;0.0;0.0;0.0;0.0;4.0;0.0;1.0;0.0;4.0;2.0;0;1;0;30;PARANAGUÁ;REGIÃO LESTE;113;23580.0;34193.0;39991.0;27683.0;32271.0;32070.0;23715.0;27870.0;22103.0;16802.0;20400.0;27683.0
15360.0;2024-06-30;7.0;12.0;20.0;23.0;611.0;29.0;1.0;7.0;19.0;472.0;29.0;0.0;29.0;749.0;17.0;37.0;5;4;4;4;4;5;4;0;0;0;0;0;0;1;0;0;0;0;0;0;0;0;1;0.0;0.0;0.0;0.0;0.0;0.0;0.0;0.0;0.0;0.0;0.0;0.0;0.0;0.0;0.0;0.0;0.0;0.0;0.0;0.0;0.0;0.0;0.0;0.0;0.0;0.0;1.0;0.0;0.0;0.0;0.0;0.0;0.0;0.0;0.0;4.0;0.0;1.0;0.0;4.0;2.0;0;0;0;30;PARANAGUÁ;REGIÃO LESTE;114;18724.0;23580.0;34193.0;39991.0;27683.0;32271.0;32070.0;23715.0;27870.0;22103.0;16802.0;20400.0
17980.0;2024-07-31;7.0;12.0;16.0;20.0;504.0;27.0;2.0;7.0;17.0;388.0;27.0;0.0;27.0;621.0;19.0;52.0;4;5;4;5;4;4;5;0;0;0;0;0;1;0;0;0;0;0;0;0;0;0;1;0.0;0.0;0.0;0.0;0.0;0.0;0.0;0.0;0.0;0.0;0.0;0.0;0.0;0.0;0.0;0.0;0.0;0.0;0.0;0.0;0.0;0.0;0.0;0.0;0.0;0.0;1.0;0.0;0.0;0.0;0.0;0.0;0.0;0.0;0.0;4.0;0.0;1.0;0.0;4.0;2.0;12;0;0;0;PARANAGUÁ;REGIÃO LESTE;115;15360.0;18724.0;23580.0;34193.0;39991.0;27683.0;32271.0;32070.0;23715.0;27870.0;22103.0;16802.0
22785.0;2024-08-31;4.0;9.0;18.0;24.0;558.0;31.0;2.0;4.0;19.0;390.0;31.0;0.0;31.0;726.0;28.0;47.0;4;4;5;4;5;5;4;0;1;0;0;0;0;0;0;0;0;0;0;0;0;0;1;0.0;0.0;0.0;0.0;0.0;0.0;0.0;0.0;0.0;0.0;0.0;0.0;0.0;0.0;0.0;0.0;0.0;0.0;0.0;0.0;0.0;0.0;0.0;0.0;0.0;0.0;1.0;0.0;0.0;0.0;0.0;0.0;0.0;0.0;0.0;4.0;0.0;1.0;0.0;4.0;2.0;0;0;0;0;PARANAGUÁ;REGIÃO LESTE;116;17980.0;15360.0;18724.0;23580.0;34193.0;39991.0;27683.0;32271.0;32070.0;23715.0;27870.0;22103.0
23490.0;2024-09-30;12.0;13.0;21.0;25.0;628.0;33.0;1.0;12.0;20.0;480.0;33.0;0.0;33.0;776.0;13.0;45.0;5;4;4;5;4;4;4;0;0;0;0;0;0;0;0;0;0;0;1;0;0;0;1;0.0;0.0;0.0;0.0;0.0;0.0;0.0;0.0;0.0;0.0;0.0;0.0;0.0;0.0;0.0;0.0;0.0;0.0;0.0;0.0;0.0;0.0;0.0;0.0;0.0;0.0;1.0;0.0;0.0;0.0;0.0;0.0;0.0;0.0;0.0;4.0;0.0;1.0;0.0;4.0;2.0;0;0;0;0;PARANAGUÁ;REGIÃO LESTE;117;22785.0;17980.0;15360.0;18724.0;23580.0;34193.0;39991.0;27683.0;32271.0;32070.0;23715.0;27870.0
32457.0;2024-10-31;13.0;14.0;21.0;26.0;638.0;33.0;3.0;13.0;21.0;543.0;33.0;0.0;33.0;733.0;29.0;108.0;4;5;5;4;4;4;5;0;0;0;0;0;0;0;0;0;0;1;0;0;0;0;1;0.0;0.0;0.0;0.0;0.0;0.0;0.0;0.0;0.0;0.0;0.0;0.0;0.0;0.0;0.0;0.0;0.0;0.0;0.0;0.0;0.0;0.0;0.0;0.0;0.0;0.0;1.0;0.0;0.0;0.0;0.0;0.0;0.0;0.0;0.0;4.0;0.0;1.0;0.0;4.0;2.0;0;0;0;0;PARANAGUÁ;REGIÃO LESTE;118;23490.0;22785.0;17980.0;15360.0;18724.0;23580.0;34193.0;39991.0;27683.0;32271.0;32070.0;23715.0
14467.0;2015-02-28;20.0;23.0;26.0;28.0;730.0;33.0;6.0;20.0;24.0;607.0;33.0;0.0;33.0;853.0;56.0;164.0;4;4;4;4;4;4;4;0;0;0;1;0;0;0;0;0;0;0;0;0;0;0;0;1.0;0.0;0.0;0.0;0.0;0.0;0.0;0.0;0.0;0.0;0.0;0.0;0.0;0.0;0.0;0.0;0.0;0.0;0.0;0.0;0.0;0.0;0.0;0.0;0.0;0.0;0.0;1.0;0.0;0.0;0.0;0.0;0.0;0.0;0.0;3.0;2.0;0.0;0.0;2.0;0.0;0;3;0;0;PARANAVAÍ;REGIÃO NORTE;1;11566.0;14733.0;17599.0;15083.0;14132.0;12986.0;10613.0;9690.0;11853.0;13516.0;14461.0;15100.0
21311.0;2015-03-31;18.0;23.0;25.0;27.0;786.0;33.0;2.0;18.0;23.0;648.0;33.0;0.0;33.0;924.0;11.0;51.0;5;4;4;5;4;4;5;0;0;0;0;0;0;0;0;1;0;0;0;0;0;0;0;1.0;0.0;0.0;0.0;0.0;0.0;0.0;0.0;0.0;0.0;0.0;0.0;0.0;0.0;0.0;0.0;0.0;0.0;0.0;0.0;0.0;0.0;0.0;0.0;0.0;0.0;0.0;1.0;0.0;0.0;0.0;0.0;0.0;0.0;0.0;3.0;1.0;0.0;0.0;2.0;0.0;0;0;0;0;PARANAVAÍ;REGIÃO NORTE;2;14467.0;11566.0;14733.0;17599.0;15083.0;14132.0;12986.0;10613.0;9690.0;11853.0;13516.0;14461.0
17860.0;2015-04-30;15.0;21.0;24.0;27.0;721.0;32.0;3.0;15.0;23.0;573.0;32.0;0.0;32.0;870.0;27.0;90.0;4;5;5;4;4;4;4;1;0;0;0;0;0;0;0;0;0;0;0;0;0;0;0;1.0;0.0;0.0;0.0;0.0;0.0;0.0;0.0;0.0;0.0;0.0;0.0;0.0;0.0;0.0;0.0;0.0;0.0;0.0;0.0;0.0;0.0;0.0;0.0;0.0;0.0;0.0;1.0;0.0;0.0;0.0;0.0;0.0;0.0;0.0;3.0;1.0;0.0;0.0;2.0;0.0;0;1;0;0;PARANAVAÍ;REGIÃO NORTE;3;21311.0;14467.0;11566.0;14733.0;17599.0;15083.0;14132.0;12986.0;10613.0;9690.0;11853.0;13516.0
16314.0;2015-05-31;11.0;13.0;20.0;25.0;629.0;28.0;5.0;11.0;21.0;510.0;28.0;0.0;28.0;748.0;72.0;152.0;5;4;4;4;5;5;4;0;0;0;0;0;0;0;1;0;0;0;0;0;0;0;0;1.0;0.0;0.0;0.0;0.0;0.0;0.0;0.0;0.0;0.0;0.0;0.0;0.0;0.0;0.0;0.0;0.0;0.0;0.0;0.0;0.0;0.0;0.0;0.0;0.0;0.0;0.0;1.0;0.0;0.0;0.0;0.0;0.0;0.0;0.0;3.0;1.0;0.0;0.0;2.0;0.0;0;0;0;0;PARANAVAÍ;REGIÃO NORTE;4;17860.0;21311.0;14467.0;11566.0;14733.0;17599.0;15083.0;14132.0;12986.0;10613.0;9690.0;11853.0
14378.0;2015-06-30;8.0;14.0;20.0;24.0;601.0;29.0;0.0;8.0;20.0;464.0;29.0;0.0;29.0;738.0;2.0;5.0;4;4;4;5;4;4;5;0;0;0;0;0;0;1;0;0;0;0;0;0;0;0;0;1.0;0.0;0.0;0.0;0.0;0.0;0.0;0.0;0.0;0.0;0.0;0.0;0.0;0.0;0.0;0.0;0.0;0.0;0.0;0.0;0.0;0.0;0.0;0.0;0.0;0.0;0.0;1.0;0.0;0.0;0.0;0.0;0.0;0.0;0.0;3.0;1.0;0.0;0.0;2.0;0.0;0;1;0;0;PARANAVAÍ;REGIÃO NORTE;5;16314.0;17860.0;21311.0;14467.0;11566.0;14733.0;17599.0;15083.0;14132.0;12986.0;10613.0;9690.0
12986.0;2015-07-31;12.0;14.0;19.0;23.0;601.0;29.0;14.0;12.0;19.0;483.0;29.0;0.0;29.0;718.0;162.0;444.0;4;5;5;4;5;4;4;0;0;0;0;0;1;0;0;0;0;0;0;0;0;0;0;1.0;0.0;0.0;0.0;0.0;0.0;0.0;0.0;0.0;0.0;0.0;0.0;0.0;0.0;0.0;0.0;0.0;0.0;0.0;0.0;0.0;0.0;0.0;0.0;0.0;0.0;0.0;1.0;0.0;0.0;0.0;0.0;0.0;0.0;0.0;3.0;1.0;0.0;0.0;2.0;0.0;15;0;0;0;PARANAVAÍ;REGIÃO NORTE;6;14378.0;16314.0;17860.0;21311.0;14467.0;11566.0;14733.0;17599.0;15083.0;14132.0;12986.0;10613.0
15489.0;2015-08-31;13.0;19.0;23.0;26.0;698.0;34.0;1.0;13.0;20.0;521.0;34.0;0.0;34.0;876.0;16.0;40.0;5;4;4;5;4;5;4;0;1;0;0;0;0;0;0;0;0;0;0;0;0;0;0;1.0;0.0;0.0;0.0;0.0;0.0;0.0;0.0;0.0;0.0;0.0;0.0;0.0;0.0;0.0;0.0;0.0;0.0;0.0;0.0;0.0;0.0;0.0;0.0;0.0;0.0;0.0;1.0;0.0;0.0;0.0;0.0;0.0;0.0;0.0;3.0;1.0;0.0;0.0;2.0;0.0;0;0;0;0;PARANAVAÍ;REGIÃO NORTE;7;12986.0;14378.0;16314.0;17860.0;21311.0;14467.0;11566.0;14733.0;17599.0;15083.0;14132.0;12986.0
17561.0;2015-09-30;10.0;17.0;24.0;30.0;715.0;37.0;11.0;10.0;25.0;560.0;37.0;0.0;37.0;871.0;116.0;344.0;4;5;4;4;4;4;5;0;0;0;0;0;0;0;0;0;0;0;1;0;0;0;0;1.0;0.0;0.0;0.0;0.0;0.0;0.0;0.0;0.0;0.0;0.0;0.0;0.0;0.0;0.0;0.0;0.0;0.0;0.0;0.0;0.0;0.0;0.0;0.0;0.0;0.0;0.0;1.0;0.0;0.0;0.0;0.0;0.0;0.0;0.0;3.0;1.0;0.0;0.0;2.0;0.0;0;0;0;0;PARANAVAÍ;REGIÃO NORTE;8;15489.0;12986.0;14378.0;16314.0;17860.0;21311.0;14467.0;11566.0;14733.0;17599.0;15083.0;14132.0
20904.0;2015-10-31;16.0;19.0;26.0;34.0;803.0;37.0;9.0;16.0;32.0;655.0;37.0;0.0;37.0;952.0;89.0;287.0;4;4;5;4;5;5;4;0;0;0;0;0;0;0;0;0;0;1;0;0;0;0;0;1.0;0.0;0.0;0.0;0.0;0.0;0.0;0.0;0.0;0.0;0.0;0.0;0.0;0.0;0.0;0.0;0.0;0.0;0.0;0.0;0.0;0.0;0.0;0.0;0.0;0.0;0.0;1.0;0.0;0.0;0.0;0.0;0.0;0.0;0.0;3.0;1.0;0.0;0.0;2.0;0.0;0;0;0;0;PARANAVAÍ;REGIÃO NORTE;9;17561.0;15489.0;12986.0;14378.0;16314.0;17860.0;21311.0;14467.0;11566.0;14733.0;17599.0;15083.0
19919.0;2015-11-30;19.0;23.0;26.0;29.0;767.0;34.0;13.0;19.0;25.0;662.0;34.0;0.0;34.0;872.0;147.0;393.0;5;4;4;5;4;4;4;0;0;0;0;0;0;0;0;0;1;0;0;0;0;0;0;1.0;0.0;0.0;0.0;0.0;0.0;0.0;0.0;0.0;0.0;0.0;0.0;0.0;0.0;0.0;0.0;0.0;0.0;0.0;0.0;0.0;0.0;0.0;0.0;0.0;0.0;0.0;1.0;0.0;0.0;0.0;0.0;0.0;0.0;0.0;3.0;1.0;0.0;0.0;2.0;0.0;0;0;0;0;PARANAVAÍ;REGIÃO NORTE;10;20904.0;17561.0;15489.0;12986.0;14378.0;16314.0;17860.0;21311.0;14467.0;11566.0;14733.0;17599.0
16688.0;2015-12-31;19.0;22.0;26.0;29.0;800.0;34.0;6.0;19.0;25.0;680.0;34.0;0.0;34.0;920.0;33.0;185.0;4;5;5;4;4;4;5;0;0;1;0;0;0;0;0;0;0;0;0;0;0;0;0;1.0;0.0;0.0;0.0;0.0;0.0;0.0;0.0;0.0;0.0;0.0;0.0;0.0;0.0;0.0;0.0;0.0;0.0;0.0;0.0;0.0;0.0;0.0;0.0;0.0;0.0;0.0;1.0;0.0;0.0;0.0;0.0;0.0;0.0;0.0;3.0;1.0;0.0;0.0;2.0;0.0;0;0;0;0;PARANAVAÍ;REGIÃO NORTE;11;19919.0;20904.0;17561.0;15489.0;12986.0;14378.0;16314.0;17860.0;21311.0;14467.0;11566.0;14733.0
12246.0;2016-01-31;19.0;24.0;27.0;30.0;834.0;35.0;3.0;19.0;25.0;691.0;35.0;0.0;35.0;977.0;20.0;98.0;5;4;4;4;5;5;4;0;0;0;0;1;0;0;0;0;0;0;0;0;0;0;0;0.0;1.0;0.0;0.0;0.0;0.0;0.0;0.0;0.0;0.0;0.0;0.0;0.0;0.0;0.0;0.0;0.0;0.0;0.0;0.0;0.0;0.0;0.0;0.0;0.0;0.0;0.0;1.0;0.0;0.0;0.0;0.0;0.0;0.0;0.0;3.0;1.0;0.0;0.0;2.0;0.0;31;0;0;0;PARANAVAÍ;REGIÃO NORTE;12;16688.0;19919.0;20904.0;17561.0;15489.0;12986.0;14378.0;16314.0;17860.0;21311.0;14467.0;11566.0
17639.0;2016-02-29;21.0;23.0;27.0;29.0;782.0;34.0;4.0;21.0;24.0;665.0;34.0;0.0;34.0;899.0;30.0;129.0;4;4;4;5;4;4;4;0;0;0;1;0;0;0;0;0;0;0;0;0;0;0;0;0.0;1.0;0.0;0.0;0.0;0.0;0.0;0.0;0.0;0.0;0.0;0.0;0.0;0.0;0.0;0.0;0.0;0.0;0.0;0.0;0.0;0.0;0.0;0.0;0.0;0.0;0.0;1.0;0.0;0.0;0.0;0.0;0.0;0.0;0.0;3.0;1.0;0.0;0.0;2.0;0.0;0;3;0;0;PARANAVAÍ;REGIÃO NORTE;13;12246.0;16688.0;19919.0;20904.0;17561.0;15489.0;12986.0;14378.0;16314.0;17860.0;21311.0;14467.0
25835.0;2016-03-31;17.0;22.0;25.0;29.0;787.0;35.0;3.0;17.0;23.0;637.0;35.0;0.0;35.0;938.0;34.0;88.0;4;5;5;4;4;4;5;0;0;0;0;0;0;0;0;1;0;0;0;0;0;0;0;0.0;1.0;0.0;0.0;0.0;0.0;0.0;0.0;0.0;0.0;0.0;0.0;0.0;0.0;0.0;0.0;0.0;0.0;0.0;0.0;0.0;0.0;0.0;0.0;0.0;0.0;0.0;1.0;0.0;0.0;0.0;0.0;0.0;0.0;0.0;3.0;1.0;0.0;0.0;2.0;0.0;0;1;0;0;PARANAVAÍ;REGIÃO NORTE;14;17639.0;12246.0;16688.0;19919.0;20904.0;17561.0;15489.0;12986.0;14378.0;16314.0;17860.0;21311.0
25186.0;2016-04-30;8.0;13.0;26.0;30.0;777.0;35.0;3.0;8.0;24.0;618.0;35.0;0.0;35.0;935.0;59.0;91.0;4;4;4;4;5;5;4;1;0;0;0;0;0;0;0;0;0;0;0;0;0;0;0;0.0;1.0;0.0;0.0;0.0;0.0;0.0;0.0;0.0;0.0;0.0;0.0;0.0;0.0;0.0;0.0;0.0;0.0;0.0;0.0;0.0;0.0;0.0;0.0;0.0;0.0;0.0;1.0;0.0;0.0;0.0;0.0;0.0;0.0;0.0;3.0;1.0;0.0;0.0;2.0;0.0;0;0;0;0;PARANAVAÍ;REGIÃO NORTE;15;25835.0;17639.0;12246.0;16688.0;19919.0;20904.0;17561.0;15489.0;12986.0;14378.0;16314.0;17860.0
15668.0;2016-05-31;9.0;15.0;19.0;22.0;590.0;28.0;4.0;9.0;20.0;491.0;28.0;0.0;28.0;688.0;42.0;122.0;5;4;4;5;4;4;5;0;0;0;0;0;0;0;1;0;0;0;0;0;0;0;0;0.0;1.0;0.0;0.0;0.0;0.0;0.0;0.0;0.0;0.0;0.0;0.0;0.0;0.0;0.0;0.0;0.0;0.0;0.0;0.0;0.0;0.0;0.0;0.0;0.0;0.0;0.0;1.0;0.0;0.0;0.0;0.0;0.0;0.0;0.0;3.0;1.0;0.0;0.0;2.0;0.0;0;1;0;0;PARANAVAÍ;REGIÃO NORTE;16;25186.0;25835.0;17639.0;12246.0;16688.0;19919.0;20904.0;17561.0;15489.0;12986.0;14378.0;16314.0
13837.0;2016-06-30;5.0;12.0;18.0;21.0;526.0;26.0;1.0;5.0;19.0;397.0;26.0;0.0;26.0;656.0;14.0;28.0;4;5;5;4;4;4;4;0;0;0;0;0;0;1;0;0;0;0;0;0;0;0;0;0.0;1.0;0.0;0.0;0.0;0.0;0.0;0.0;0.0;0.0;0.0;0.0;0.0;0.0;0.0;0.0;0.0;0.0;0.0;0.0;0.0;0.0;0.0;0.0;0.0;0.0;0.0;1.0;0.0;0.0;0.0;0.0;0.0;0.0;0.0;3.0;1.0;0.0;0.0;2.0;0.0;0;0;0;0;PARANAVAÍ;REGIÃO NORTE;17;15668.0;25186.0;25835.0;17639.0;12246.0;16688.0;19919.0;20904.0;17561.0;15489.0;12986.0;14378.0
13752.0;2016-07-31;7.0;13.0;20.0;24.0;613.0;31.0;3.0;7.0;19.0;439.0;31.0;0.0;31.0;787.0;84.0;87.0;5;4;4;4;5;5;4;0;0;0;0;0;1;0;0;0;0;0;0;0;0;0;0;0.0;1.0;0.0;0.0;0.0;0.0;0.0;0.0;0.0;0.0;0.0;0.0;0.0;0.0;0.0;0.0;0.0;0.0;0.0;0.0;0.0;0.0;0.0;0.0;0.0;0.0;0.0;1.0;0.0;0.0;0.0;0.0;0.0;0.0;0.0;3.0;1.0;0.0;0.0;2.0;0.0;14;0;0;0;PARANAVAÍ;REGIÃO NORTE;18;13837.0;15668.0;25186.0;25835.0;17639.0;12246.0;16688.0;19919.0;20904.0;17561.0;15489.0;12986.0
16269.0;2016-08-31;9.0;14.0;21.0;25.0;650.0;33.0;7.0;9.0;21.0;503.0;33.0;0.0;33.0;798.0;76.0;218.0;4;5;4;5;4;4;5;0;1;0;0;0;0;0;0;0;0;0;0;0;0;0;0;0.0;1.0;0.0;0.0;0.0;0.0;0.0;0.0;0.0;0.0;0.0;0.0;0.0;0.0;0.0;0.0;0.0;0.0;0.0;0.0;0.0;0.0;0.0;0.0;0.0;0.0;0.0;1.0;0.0;0.0;0.0;0.0;0.0;0.0;0.0;3.0;1.0;0.0;0.0;2.0;0.0;0;0;0;0;PARANAVAÍ;REGIÃO NORTE;19;13752.0;13837.0;15668.0;25186.0;25835.0;17639.0;12246.0;16688.0;19919.0;20904.0;17561.0;15489.0
16460.0;2016-09-30;9.0;15.0;21.0;27.0;643.0;35.0;3.0;9.0;22.0;460.0;35.0;0.0;35.0;827.0;26.0;77.0;4;4;5;4;5;4;4;0;0;0;0;0;0;0;0;0;0;0;1;0;0;0;0;0.0;1.0;0.0;0.0;0.0;0.0;0.0;0.0;0.0;0.0;0.0;0.0;0.0;0.0;0.0;0.0;0.0;0.0;0.0;0.0;0.0;0.0;0.0;0.0;0.0;0.0;0.0;1.0;0.0;0.0;0.0;0.0;0.0;0.0;0.0;3.0;1.0;0.0;0.0;2.0;0.0;0;0;0;0;PARANAVAÍ;REGIÃO NORTE;20;16269.0;13752.0;13837.0;15668.0;25186.0;25835.0;17639.0;12246.0;16688.0;19919.0;20904.0;17561.0
20182.0;2016-10-31;13.0;19.0;25.0;31.0;760.0;37.0;4.0;13.0;26.0;592.0;37.0;0.0;37.0;927.0;28.0;109.0;5;4;4;5;4;5;4;0;0;0;0;0;0;0;0;0;0;1;0;0;0;0;0;0.0;1.0;0.0;0.0;0.0;0.0;0.0;0.0;0.0;0.0;0.0;0.0;0.0;0.0;0.0;0.0;0.0;0.0;0.0;0.0;0.0;0.0;0.0;0.0;0.0;0.0;0.0;1.0;0.0;0.0;0.0;0.0;0.0;0.0;0.0;3.0;1.0;0.0;0.0;2.0;0.0;0;0;0;0;PARANAVAÍ;REGIÃO NORTE;21;16460.0;16269.0;13752.0;13837.0;15668.0;25186.0;25835.0;17639.0;12246.0;16688.0;19919.0;20904.0
22615.0;2016-11-30;15.0;21.0;26.0;29.0;777.0;35.0;1.0;15.0;25.0;624.0;35.0;0.0;35.0;929.0;8.0;34.0;4;5;4;4;4;4;5;0;0;0;0;0;0;0;0;0;1;0;0;0;0;0;0;0.0;1.0;0.0;0.0;0.0;0.0;0.0;0.0;0.0;0.0;0.0;0.0;0.0;0.0;0.0;0.0;0.0;0.0;0.0;0.0;0.0;0.0;0.0;0.0;0.0;0.0;0.0;1.0;0.0;0.0;0.0;0.0;0.0;0.0;0.0;3.0;1.0;0.0;0.0;2.0;0.0;0;0;0;0;PARANAVAÍ;REGIÃO NORTE;22;20182.0;16460.0;16269.0;13752.0;13837.0;15668.0;25186.0;25835.0;17639.0;12246.0;16688.0;19919.0
19536.0;2016-12-31;17.0;22.0;26.0;30.0;810.0;35.0;5.0;17.0;25.0;674.0;35.0;0.0;35.0;946.0;39.0;153.0;4;4;5;4;5;5;4;0;0;1;0;0;0;0;0;0;0;0;0;0;0;0;0;0.0;1.0;0.0;0.0;0.0;0.0;0.0;0.0;0.0;0.0;0.0;0.0;0.0;0.0;0.0;0.0;0.0;0.0;0.0;0.0;0.0;0.0;0.0;0.0;0.0;0.0;0.0;1.0;0.0;0.0;0.0;0.0;0.0;0.0;0.0;3.0;1.0;0.0;0.0;2.0;0.0;0;0;0;0;PARANAVAÍ;REGIÃO NORTE;23;22615.0;20182.0;16460.0;16269.0;13752.0;13837.0;15668.0;25186.0;25835.0;17639.0;12246.0;16688.0
16446.0;2017-01-31;20.0;24.0;27.0;30.0;836.0;35.0;3.0;20.0;26.0;703.0;35.0;0.0;35.0;969.0;18.0;89.0;5;4;4;5;4;4;5;0;0;0;0;1;0;0;0;0;0;0;0;0;0;0;0;0.0;0.0;1.0;0.0;0.0;0.0;0.0;0.0;0.0;0.0;0.0;0.0;0.0;0.0;0.0;0.0;0.0;0.0;0.0;0.0;0.0;0.0;0.0;0.0;0.0;0.0;0.0;1.0;0.0;0.0;0.0;0.0;0.0;0.0;0.0;3.0;1.0;0.0;0.0;2.0;0.0;31;0;0;0;PARANAVAÍ;REGIÃO NORTE;24;19536.0;22615.0;20182.0;16460.0;16269.0;13752.0;13837.0;15668.0;25186.0;25835.0;17639.0;12246.0
24317.0;2017-02-28;21.0;24.0;28.0;30.0;775.0;36.0;3.0;21.0;25.0;640.0;36.0;0.0;36.0;910.0;30.0;78.0;4;4;4;4;4;4;4;0;0;0;1;0;0;0;0;0;0;0;0;0;0;0;0;0.0;0.0;1.0;0.0;0.0;0.0;0.0;0.0;0.0;0.0;0.0;0.0;0.0;0.0;0.0;0.0;0.0;0.0;0.0;0.0;0.0;0.0;0.0;0.0;0.0;0.0;0.0;1.0;0.0;0.0;0.0;0.0;0.0;0.0;0.0;4.0;1.0;1.0;1.0;2.0;0.0;0;2;0;0;PARANAVAÍ;REGIÃO NORTE;25;16446.0;19536.0;22615.0;20182.0;16460.0;16269.0;13752.0;13837.0;15668.0;25186.0;25835.0;17639.0
28369.0;2017-03-31;17.0;22.0;26.0;28.0;795.0;34.0;4.0;17.0;25.0;661.0;34.0;0.0;34.0;930.0;30.0;111.0;4;5;5;4;5;4;4;0;0;0;0;0;0;0;0;1;0;0;0;0;0;0;0;0.0;0.0;1.0;0.0;0.0;0.0;0.0;0.0;0.0;0.0;0.0;0.0;0.0;0.0;0.0;0.0;0.0;0.0;0.0;0.0;0.0;0.0;0.0;0.0;0.0;0.0;0.0;1.0;0.0;0.0;0.0;0.0;0.0;0.0;0.0;4.0;1.0;1.0;1.0;2.0;0.0;0;1;0;0;PARANAVAÍ;REGIÃO NORTE;26;24317.0;16446.0;19536.0;22615.0;20182.0;16460.0;16269.0;13752.0;13837.0;15668.0;25186.0;25835.0
23682.0;2017-04-30;10.0;18.0;23.0;27.0;688.0;31.0;7.0;10.0;23.0;553.0;31.0;0.0;31.0;823.0;60.0;214.0;5;4;4;4;4;5;4;1;0;0;0;0;0;0;0;0;0;0;0;0;0;0;0;0.0;0.0;1.0;0.0;0.0;0.0;0.0;0.0;0.0;0.0;0.0;0.0;0.0;0.0;0.0;0.0;0.0;0.0;0.0;0.0;0.0;0.0;0.0;0.0;0.0;0.0;0.0;1.0;0.0;0.0;0.0;0.0;0.0;0.0;0.0;4.0;1.0;1.0;1.0;2.0;0.0;0;1;0;0;PARANAVAÍ;REGIÃO NORTE;27;28369.0;24317.0;16446.0;19536.0;22615.0;20182.0;16460.0;16269.0;13752.0;13837.0;15668.0;25186.0
16732.0;2017-05-31;16.0;18.0;21.0;25.0;666.0;29.0;6.0;16.0;21.0;561.0;29.0;0.0;29.0;770.0;77.0;178.0;4;5;4;5;4;4;5;0;0;0;0;0;0;0;1;0;0;0;0;0;0;0;0;0.0;0.0;1.0;0.0;0.0;0.0;0.0;0.0;0.0;0.0;0.0;0.0;0.0;0.0;0.0;0.0;0.0;0.0;0.0;0.0;0.0;0.0;0.0;0.0;0.0;0.0;0.0;1.0;0.0;0.0;0.0;0.0;0.0;0.0;0.0;4.0;1.0;1.0;1.0;2.0;0.0;0;0;0;0;PARANAVAÍ;REGIÃO NORTE;28;23682.0;28369.0;24317.0;16446.0;19536.0;22615.0;20182.0;16460.0;16269.0;13752.0;13837.0;15668.0
13057.0;2017-06-30;7.0;13.0;20.0;24.0;589.0;29.0;6.0;7.0;22.0;464.0;29.0;0.0;29.0;714.0;96.0;180.0;4;4;5;4;5;4;4;0;0;0;0;0;0;1;0;0;0;0;0;0;0;0;0;0.0;0.0;1.0;0.0;0.0;0.0;0.0;0.0;0.0;0.0;0.0;0.0;0.0;0.0;0.0;0.0;0.0;0.0;0.0;0.0;0.0;0.0;0.0;0.0;0.0;0.0;0.0;1.0;0.0;0.0;0.0;0.0;0.0;0.0;0.0;4.0;1.0;1.0;1.0;2.0;0.0;0;1;0;0;PARANAVAÍ;REGIÃO NORTE;29;16732.0;23682.0;28369.0;24317.0;16446.0;19536.0;22615.0;20182.0;16460.0;16269.0;13752.0;13837.0
11127.0;2017-07-31;5.0;11.0;19.0;22.0;597.0;28.0;0.0;5.0;17.0;416.0;28.0;0.0;28.0;778.0;0.0;0.0;5;4;4;5;4;5;4;0;0;0;0;0;1;0;0;0;0;0;0;0;0;0;0;0.0;0.0;1.0;0.0;0.0;0.0;0.0;0.0;0.0;0.0;0.0;0.0;0.0;0.0;0.0;0.0;0.0;0.0;0.0;0.0;0.0;0.0;0.0;0.0;0.0;0.0;0.0;1.0;0.0;0.0;0.0;0.0;0.0;0.0;0.0;4.0;1.0;1.0;1.0;2.0;1.0;16;0;0;0;PARANAVAÍ;REGIÃO NORTE;30;13057.0;16732.0;23682.0;28369.0;24317.0;16446.0;19536.0;22615.0;20182.0;16460.0;16269.0;13752.0
16436.0;2017-08-31;12.0;16.0;22.0;27.0;668.0;34.0;7.0;12.0;25.0;516.0;34.0;0.0;34.0;820.0;101.0;214.0;4;5;5;4;4;4;5;0;1;0;0;0;0;0;0;0;0;0;0;0;0;0;0;0.0;0.0;1.0;0.0;0.0;0.0;0.0;0.0;0.0;0.0;0.0;0.0;0.0;0.0;0.0;0.0;0.0;0.0;0.0;0.0;0.0;0.0;0.0;0.0;0.0;0.0;0.0;1.0;0.0;0.0;0.0;0.0;0.0;0.0;0.0;4.0;1.0;1.0;1.0;2.0;1.0;0;0;0;0;PARANAVAÍ;REGIÃO NORTE;31;11127.0;13057.0;16732.0;23682.0;28369.0;24317.0;16446.0;19536.0;22615.0;20182.0;16460.0;16269.0
20339.0;2017-09-30;16.0;21.0;26.0;28.0;769.0;35.0;2.0;16.0;22.0;578.0;35.0;0.0;35.0;960.0;22.0;48.0;4;4;4;4;5;5;4;0;0;0;0;0;0;0;0;0;0;0;1;0;0;0;0;0.0;0.0;1.0;0.0;0.0;0.0;0.0;0.0;0.0;0.0;0.0;0.0;0.0;0.0;0.0;0.0;0.0;0.0;0.0;0.0;0.0;0.0;0.0;0.0;0.0;0.0;0.0;1.0;0.0;0.0;0.0;0.0;0.0;0.0;0.0;4.0;1.0;1.0;1.0;2.0;1.0;0;0;0;0;PARANAVAÍ;REGIÃO NORTE;32;16436.0;11127.0;13057.0;16732.0;23682.0;28369.0;24317.0;16446.0;19536.0;22615.0;20182.0;16460.0
17952.0;2017-10-31;13.0;19.0;25.0;31.0;762.0;37.0;12.0;13.0;25.0;608.0;37.0;0.0;37.0;916.0;103.0;357.0;5;4;4;5;4;4;5;0;0;0;0;0;0;0;0;0;0;1;0;0;0;0;0;0.0;0.0;1.0;0.0;0.0;0.0;0.0;0.0;0.0;0.0;0.0;0.0;0.0;0.0;0.0;0.0;0.0;0.0;0.0;0.0;0.0;0.0;0.0;0.0;0.0;0.0;0.0;1.0;0.0;0.0;0.0;0.0;0.0;0.0;0.0;4.0;1.0;1.0;1.0;2.0;1.0;0;0;0;0;PARANAVAÍ;REGIÃO NORTE;33;20339.0;16436.0;11127.0;13057.0;16732.0;23682.0;28369.0;24317.0;16446.0;19536.0;22615.0;20182.0
18270.0;2017-11-30;16.0;21.0;25.0;29.0;749.0;36.0;3.0;16.0;23.0;605.0;36.0;0.0;36.0;892.0;27.0;101.0;4;5;5;4;4;4;4;0;0;0;0;0;0;0;0;0;1;0;0;0;0;0;0;0.0;0.0;1.0;0.0;0.0;0.0;0.0;0.0;0.0;0.0;0.0;0.0;0.0;0.0;0.0;0.0;0.0;0.0;0.0;0.0;0.0;0.0;0.0;0.0;0.0;0.0;0.0;1.0;0.0;0.0;0.0;0.0;0.0;0.0;0.0;4.0;1.0;1.0;1.0;2.0;1.0;0;0;0;0;PARANAVAÍ;REGIÃO NORTE;34;17952.0;20339.0;16436.0;11127.0;13057.0;16732.0;23682.0;28369.0;24317.0;16446.0;19536.0;22615.0
17642.0;2017-12-31;19.0;23.0;26.0;30.0;814.0;35.0;4.0;19.0;25.0;688.0;35.0;0.0;35.0;939.0;36.0;127.0;5;4;4;4;5;5;4;0;0;1;0;0;0;0;0;0;0;0;0;0;0;0;0;0.0;0.0;1.0;0.0;0.0;0.0;0.0;0.0;0.0;0.0;0.0;0.0;0.0;0.0;0.0;0.0;0.0;0.0;0.0;0.0;0.0;0.0;0.0;0.0;0.0;0.0;0.0;1.0;0.0;0.0;0.0;0.0;0.0;0.0;0.0;4.0;1.0;1.0;1.0;2.0;1.0;0;0;0;0;PARANAVAÍ;REGIÃO NORTE;35;18270.0;17952.0;20339.0;16436.0;11127.0;13057.0;16732.0;23682.0;28369.0;24317.0;16446.0;19536.0
10352.0;2018-01-31;20.0;22.0;26.0;30.0;810.0;35.0;5.0;20.0;25.0;691.0;35.0;0.0;35.0;930.0;31.0;167.0;4;5;4;5;4;4;5;0;0;0;0;1;0;0;0;0;0;0;0;0;0;0;0;0.0;0.0;0.0;1.0;0.0;0.0;0.0;0.0;0.0;0.0;0.0;0.0;0.0;0.0;0.0;0.0;0.0;0.0;0.0;0.0;0.0;0.0;0.0;0.0;0.0;0.0;0.0;1.0;0.0;0.0;0.0;0.0;0.0;0.0;0.0;4.0;1.0;1.0;1.0;2.0;1.0;31;0;0;0;PARANAVAÍ;REGIÃO NORTE;36;17642.0;18270.0;17952.0;20339.0;16436.0;11127.0;13057.0;16732.0;23682.0;28369.0;24317.0;16446.0
18294.0;2018-02-28;19.0;22.0;25.0;28.0;712.0;34.0;3.0;19.0;23.0;581.0;34.0;0.0;34.0;842.0;41.0;97.0;4;4;4;4;4;4;4;0;0;0;1;0;0;0;0;0;0;0;0;0;0;0;0;0.0;0.0;0.0;1.0;0.0;0.0;0.0;0.0;0.0;0.0;0.0;0.0;0.0;0.0;0.0;0.0;0.0;0.0;0.0;0.0;0.0;0.0;0.0;0.0;0.0;0.0;0.0;1.0;0.0;0.0;0.0;0.0;0.0;0.0;0.0;4.0;1.0;1.0;1.0;2.0;2.0;0;3;0;0;PARANAVAÍ;REGIÃO NORTE;37;10352.0;17642.0;18270.0;17952.0;20339.0;16436.0;11127.0;13057.0;16732.0;23682.0;28369.0;24317.0
31724.0;2018-03-31;20.0;23.0;27.0;29.0;823.0;34.0;3.0;20.0;25.0;699.0;34.0;0.0;34.0;947.0;17.0;94.0;4;4;5;4;5;5;4;0;0;0;0;0;0;0;0;1;0;0;0;0;0;0;0;0.0;0.0;0.0;1.0;0.0;0.0;0.0;0.0;0.0;0.0;0.0;0.0;0.0;0.0;0.0;0.0;0.0;0.0;0.0;0.0;0.0;0.0;0.0;0.0;0.0;0.0;0.0;1.0;0.0;0.0;0.0;0.0;0.0;0.0;0.0;4.0;1.0;1.0;1.0;2.0;2.0;0;1;0;0;PARANAVAÍ;REGIÃO NORTE;38;18294.0;10352.0;17642.0;18270.0;17952.0;20339.0;16436.0;11127.0;13057.0;16732.0;23682.0;28369.0
24346.0;2018-04-30;17.0;22.0;25.0;27.0;748.0;32.0;0.0;17.0;25.0;596.0;32.0;0.0;32.0;899.0;5.0;11.0;5;4;4;5;4;4;4;1;0;0;0;0;0;0;0;0;0;0;0;0;0;0;0;0.0;0.0;0.0;1.0;0.0;0.0;0.0;0.0;0.0;0.0;0.0;0.0;0.0;0.0;0.0;0.0;0.0;0.0;0.0;0.0;0.0;0.0;0.0;0.0;0.0;0.0;0.0;1.0;0.0;0.0;0.0;0.0;0.0;0.0;0.0;4.0;1.0;1.0;1.0;2.0;2.0;0;0;0;0;PARANAVAÍ;REGIÃO NORTE;39;31724.0;18294.0;10352.0;17642.0;18270.0;17952.0;20339.0;16436.0;11127.0;13057.0;16732.0;23682.0
21076.0;2018-05-31;8.0;14.0;21.0;25.0;666.0;31.0;1.0;8.0;21.0;513.0;31.0;0.0;31.0;820.0;16.0;34.0;4;5;5;4;4;4;5;0;0;0;0;0;0;0;1;0;0;0;0;0;0;0;0;0.0;0.0;0.0;1.0;0.0;0.0;0.0;0.0;0.0;0.0;0.0;0.0;0.0;0.0;0.0;0.0;0.0;0.0;0.0;0.0;0.0;0.0;0.0;0.0;0.0;0.0;0.0;1.0;0.0;0.0;0.0;0.0;0.0;0.0;0.0;4.0;1.0;1.0;1.0;2.0;2.0;0;1;0;0;PARANAVAÍ;REGIÃO NORTE;40;24346.0;31724.0;18294.0;10352.0;17642.0;18270.0;17952.0;20339.0;16436.0;11127.0;13057.0;16732.0
13490.0;2018-06-30;10.0;16.0;20.0;25.0;613.0;30.0;2.0;10.0;23.0;498.0;30.0;0.0;30.0;728.0;53.0;68.0;4;4;4;4;5;5;4;0;0;0;0;0;0;1;0;0;0;0;0;0;0;0;0;0.0;0.0;0.0;1.0;0.0;0.0;0.0;0.0;0.0;0.0;0.0;0.0;0.0;0.0;0.0;0.0;0.0;0.0;0.0;0.0;0.0;0.0;0.0;0.0;0.0;0.0;0.0;1.0;0.0;0.0;0.0;0.0;0.0;0.0;0.0;4.0;1.0;1.0;1.0;2.0;2.0;0;0;0;0;PARANAVAÍ;REGIÃO NORTE;41;21076.0;24346.0;31724.0;18294.0;10352.0;17642.0;18270.0;17952.0;20339.0;16436.0;11127.0;13057.0
14688.0;2018-07-31;8.0;14.0;21.0;24.0;665.0;31.0;0.0;8.0;19.0;484.0;31.0;0.0;31.0;847.0;1.0;2.0;5;4;4;5;4;4;5;0;0;0;0;0;1;0;0;0;0;0;0;0;0;0;0;0.0;0.0;0.0;1.0;0.0;0.0;0.0;0.0;0.0;0.0;0.0;0.0;0.0;0.0;0.0;0.0;0.0;0.0;0.0;0.0;0.0;0.0;0.0;0.0;0.0;0.0;0.0;1.0;0.0;0.0;0.0;0.0;0.0;0.0;0.0;4.0;1.0;1.0;1.0;2.0;2.0;16;0;0;0;PARANAVAÍ;REGIÃO NORTE;42;13490.0;21076.0;24346.0;31724.0;18294.0;10352.0;17642.0;18270.0;17952.0;20339.0;16436.0;11127.0
13999.0;2018-08-31;8.0;14.0;19.0;26.0;600.0;33.0;10.0;8.0;19.0;457.0;33.0;0.0;33.0;744.0;78.0;299.0;4;5;5;4;5;4;4;0;1;0;0;0;0;0;0;0;0;0;0;0;0;0;0;0.0;0.0;0.0;1.0;0.0;0.0;0.0;0.0;0.0;0.0;0.0;0.0;0.0;0.0;0.0;0.0;0.0;0.0;0.0;0.0;0.0;0.0;0.0;0.0;0.0;0.0;0.0;1.0;0.0;0.0;0.0;0.0;0.0;0.0;0.0;4.0;1.0;1.0;1.0;2.0;2.0;0;0;0;0;PARANAVAÍ;REGIÃO NORTE;43;14688.0;13490.0;21076.0;24346.0;31724.0;18294.0;10352.0;17642.0;18270.0;17952.0;20339.0;16436.0
16893.0;2018-09-30;11.0;16.0;23.0;29.0;679.0;35.0;7.0;11.0;23.0;529.0;35.0;0.0;35.0;828.0;66.0;210.0;5;4;4;4;4;5;4;0;0;0;0;0;0;0;0;0;0;0;1;0;0;0;0;0.0;0.0;0.0;1.0;0.0;0.0;0.0;0.0;0.0;0.0;0.0;0.0;0.0;0.0;0.0;0.0;0.0;0.0;0.0;0.0;0.0;0.0;0.0;0.0;0.0;0.0;0.0;1.0;0.0;0.0;0.0;0.0;0.0;0.0;0.0;4.0;1.0;1.0;1.0;2.0;2.0;0;0;0;0;PARANAVAÍ;REGIÃO NORTE;44;13999.0;14688.0;13490.0;21076.0;24346.0;31724.0;18294.0;10352.0;17642.0;18270.0;17952.0;20339.0
23054.0;2018-10-31;16.0;21.0;25.0;28.0;763.0;33.0;8.0;16.0;24.0;636.0;33.0;0.0;33.0;891.0;31.0;234.0;4;5;4;5;4;4;5;0;0;0;0;0;0;0;0;0;0;1;0;0;0;0;0;0.0;0.0;0.0;1.0;0.0;0.0;0.0;0.0;0.0;0.0;0.0;0.0;0.0;0.0;0.0;0.0;0.0;0.0;0.0;0.0;0.0;0.0;0.0;0.0;0.0;0.0;0.0;1.0;0.0;0.0;0.0;0.0;0.0;0.0;0.0;4.0;1.0;1.0;1.0;2.0;2.0;0;0;0;0;PARANAVAÍ;REGIÃO NORTE;45;16893.0;13999.0;14688.0;13490.0;21076.0;24346.0;31724.0;18294.0;10352.0;17642.0;18270.0;17952.0
22761.0;2018-11-30;17.0;21.0;26.0;31.0;776.0;36.0;4.0;17.0;28.0;632.0;36.0;0.0;36.0;920.0;39.0;120.0;4;4;5;4;5;4;4;0;0;0;0;0;0;0;0;0;1;0;0;0;0;0;0;0.0;0.0;0.0;1.0;0.0;0.0;0.0;0.0;0.0;0.0;0.0;0.0;0.0;0.0;0.0;0.0;0.0;0.0;0.0;0.0;0.0;0.0;0.0;0.0;0.0;0.0;0.0;1.0;0.0;0.0;0.0;0.0;0.0;0.0;0.0;4.0;1.0;1.0;1.0;2.0;2.0;0;0;0;0;PARANAVAÍ;REGIÃO NORTE;46;23054.0;16893.0;13999.0;14688.0;13490.0;21076.0;24346.0;31724.0;18294.0;10352.0;17642.0;18270.0
21193.0;2018-12-31;16.0;23.0;27.0;30.0;846.0;35.0;2.0;16.0;25.0;691.0;35.0;0.0;35.0;1001.0;22.0;58.0;5;4;4;5;4;5;4;0;0;1;0;0;0;0;0;0;0;0;0;0;0;0;0;0.0;0.0;0.0;1.0;0.0;0.0;0.0;0.0;0.0;0.0;0.0;0.0;0.0;0.0;0.0;0.0;0.0;0.0;0.0;0.0;0.0;0.0;0.0;0.0;0.0;0.0;0.0;1.0;0.0;0.0;0.0;0.0;0.0;0.0;0.0;4.0;1.0;1.0;1.0;2.0;2.0;0;0;0;0;PARANAVAÍ;REGIÃO NORTE;47;22761.0;23054.0;16893.0;13999.0;14688.0;13490.0;21076.0;24346.0;31724.0;18294.0;10352.0;17642.0
14167.0;2019-01-31;22.0;26.0;29.0;32.0;895.0;37.0;3.0;22.0;28.0;759.0;37.0;0.0;37.0;1032.0;53.0;93.0;4;5;5;4;4;4;5;0;0;0;0;1;0;0;0;0;0;0;0;0;0;0;0;0.0;0.0;0.0;0.0;1.0;0.0;0.0;0.0;0.0;0.0;0.0;0.0;0.0;0.0;0.0;0.0;0.0;0.0;0.0;0.0;0.0;0.0;0.0;0.0;0.0;0.0;0.0;1.0;0.0;0.0;0.0;0.0;0.0;0.0;0.0;4.0;1.0;1.0;1.0;2.0;2.0;31;0;0;0;PARANAVAÍ;REGIÃO NORTE;48;21193.0;22761.0;23054.0;16893.0;13999.0;14688.0;13490.0;21076.0;24346.0;31724.0;18294.0;10352.0
22309.0;2019-02-28;19.0;23.0;27.0;31.0;755.0;38.0;3.0;19.0;25.0;625.0;38.0;0.0;38.0;884.0;23.0;76.0;4;4;4;4;4;4;4;0;0;0;1;0;0;0;0;0;0;0;0;0;0;0;0;0.0;0.0;0.0;0.0;1.0;0.0;0.0;0.0;0.0;0.0;0.0;0.0;0.0;0.0;0.0;0.0;0.0;0.0;0.0;0.0;0.0;0.0;0.0;0.0;0.0;0.0;0.0;1.0;0.0;0.0;0.0;0.0;0.0;0.0;0.0;4.0;1.0;2.0;2.0;2.0;3.0;0;0;0;0;PARANAVAÍ;REGIÃO NORTE;49;14167.0;21193.0;22761.0;23054.0;16893.0;13999.0;14688.0;13490.0;21076.0;24346.0;31724.0;18294.0
26751.0;2019-03-31;18.0;23.0;26.0;28.0;805.0;33.0;4.0;18.0;24.0;670.0;33.0;0.0;33.0;940.0;24.0;138.0;5;4;4;4;5;5;4;0;0;0;0;0;0;0;0;1;0;0;0;0;0;0;0;0.0;0.0;0.0;0.0;1.0;0.0;0.0;0.0;0.0;0.0;0.0;0.0;0.0;0.0;0.0;0.0;0.0;0.0;0.0;0.0;0.0;0.0;0.0;0.0;0.0;0.0;0.0;1.0;0.0;0.0;0.0;0.0;0.0;0.0;0.0;4.0;1.0;2.0;2.0;2.0;3.0;0;3;0;0;PARANAVAÍ;REGIÃO NORTE;50;22309.0;14167.0;21193.0;22761.0;23054.0;16893.0;13999.0;14688.0;13490.0;21076.0;24346.0;31724.0
24498.0;2019-04-30;17.0;22.0;25.0;27.0;752.0;32.0;1.0;17.0;24.0;620.0;32.0;0.0;32.0;884.0;6.0;18.0;4;4;4;5;4;4;5;1;0;0;0;0;0;0;0;0;0;0;0;0;0;0;0;0.0;0.0;0.0;0.0;1.0;0.0;0.0;0.0;0.0;0.0;0.0;0.0;0.0;0.0;0.0;0.0;0.0;0.0;0.0;0.0;0.0;0.0;0.0;0.0;0.0;0.0;0.0;1.0;0.0;0.0;0.0;0.0;0.0;0.0;0.0;4.0;1.0;2.0;2.0;2.0;3.0;0;1;0;0;PARANAVAÍ;REGIÃO NORTE;51;26751.0;22309.0;14167.0;21193.0;22761.0;23054.0;16893.0;13999.0;14688.0;13490.0;21076.0;24346.0
20978.0;2019-05-31;13.0;17.0;22.0;27.0;692.0;31.0;1.0;13.0;23.0;582.0;31.0;0.0;31.0;802.0;13.0;45.0;4;5;5;4;5;4;4;0;0;0;0;0;0;0;1;0;0;0;0;0;0;0;0;0.0;0.0;0.0;0.0;1.0;0.0;0.0;0.0;0.0;0.0;0.0;0.0;0.0;0.0;0.0;0.0;0.0;0.0;0.0;0.0;0.0;0.0;0.0;0.0;0.0;0.0;0.0;1.0;0.0;0.0;0.0;0.0;0.0;0.0;0.0;4.0;1.0;2.0;2.0;2.0;3.0;0;0;0;0;PARANAVAÍ;REGIÃO NORTE;52;24498.0;26751.0;22309.0;14167.0;21193.0;22761.0;23054.0;16893.0;13999.0;14688.0;13490.0;21076.0
15063.0;2019-06-30;11.0;16.0;21.0;24.0;642.0;30.0;1.0;11.0;22.0;509.0;30.0;0.0;30.0;775.0;7.0;20.0;5;4;4;4;4;5;4;0;0;0;0;0;0;1;0;0;0;0;0;0;0;0;0;0.0;0.0;0.0;0.0;1.0;0.0;0.0;0.0;0.0;0.0;0.0;0.0;0.0;0.0;0.0;0.0;0.0;0.0;0.0;0.0;0.0;0.0;0.0;0.0;0.0;0.0;0.0;1.0;0.0;0.0;0.0;0.0;0.0;0.0;0.0;4.0;1.0;2.0;2.0;2.0;3.0;0;1;0;0;PARANAVAÍ;REGIÃO NORTE;53;20978.0;24498.0;26751.0;22309.0;14167.0;21193.0;22761.0;23054.0;16893.0;13999.0;14688.0;13490.0
13634.0;2019-07-31;3.0;10.0;20.0;24.0;614.0;30.0;3.0;3.0;20.0;458.0;30.0;0.0;30.0;769.0;54.0;79.0;4;5;4;5;4;4;5;0;0;0;0;0;1;0;0;0;0;0;0;0;0;0;0;0.0;0.0;0.0;0.0;1.0;0.0;0.0;0.0;0.0;0.0;0.0;0.0;0.0;0.0;0.0;0.0;0.0;0.0;0.0;0.0;0.0;0.0;0.0;0.0;0.0;0.0;0.0;1.0;0.0;0.0;0.0;0.0;0.0;0.0;0.0;4.0;1.0;2.0;2.0;2.0;3.0;16;0;0;0;PARANAVAÍ;REGIÃO NORTE;54;15063.0;20978.0;24498.0;26751.0;22309.0;14167.0;21193.0;22761.0;23054.0;16893.0;13999.0;14688.0
16331.0;2019-08-31;9.0;13.0;22.0;27.0;670.0;33.0;0.0;9.0;22.0;494.0;33.0;0.0;33.0;846.0;0.0;0.0;4;4;5;4;5;5;4;0;1;0;0;0;0;0;0;0;0;0;0;0;0;0;0;0.0;0.0;0.0;0.0;1.0;0.0;0.0;0.0;0.0;0.0;0.0;0.0;0.0;0.0;0.0;0.0;0.0;0.0;0.0;0.0;0.0;0.0;0.0;0.0;0.0;0.0;0.0;1.0;0.0;0.0;0.0;0.0;0.0;0.0;0.0;4.0;1.0;2.0;2.0;2.0;3.0;0;0;0;0;PARANAVAÍ;REGIÃO NORTE;55;13634.0;15063.0;20978.0;24498.0;26751.0;22309.0;14167.0;21193.0;22761.0;23054.0;16893.0;13999.0
20274.0;2019-09-30;14.0;20.0;25.0;30.0;745.0;37.0;3.0;14.0;24.0;583.0;37.0;0.0;37.0;906.0;31.0;96.0;5;4;4;5;4;4;4;0;0;0;0;0;0;0;0;0;0;0;1;0;0;0;0;0.0;0.0;0.0;0.0;1.0;0.0;0.0;0.0;0.0;0.0;0.0;0.0;0.0;0.0;0.0;0.0;0.0;0.0;0.0;0.0;0.0;0.0;0.0;0.0;0.0;0.0;0.0;1.0;0.0;0.0;0.0;0.0;0.0;0.0;0.0;4.0;1.0;2.0;2.0;2.0;3.0;0;0;0;0;PARANAVAÍ;REGIÃO NORTE;56;16331.0;13634.0;15063.0;20978.0;24498.0;26751.0;22309.0;14167.0;21193.0;22761.0;23054.0;16893.0
21454.0;2019-10-31;18.0;21.0;28.0;32.0;862.0;39.0;2.0;18.0;25.0;681.0;39.0;0.0;39.0;1043.0;18.0;56.0;4;5;5;4;4;4;5;0;0;0;0;0;0;0;0;0;0;1;0;0;0;0;0;0.0;0.0;0.0;0.0;1.0;0.0;0.0;0.0;0.0;0.0;0.0;0.0;0.0;0.0;0.0;0.0;0.0;0.0;0.0;0.0;0.0;0.0;0.0;0.0;0.0;0.0;0.0;1.0;0.0;0.0;0.0;0.0;0.0;0.0;0.0;4.0;1.0;2.0;2.0;2.0;3.0;0;0;0;0;PARANAVAÍ;REGIÃO NORTE;57;20274.0;16331.0;13634.0;15063.0;20978.0;24498.0;26751.0;22309.0;14167.0;21193.0;22761.0;23054.0
27309.0;2019-11-30;18.0;24.0;27.0;33.0;816.0;38.0;2.0;18.0;28.0;662.0;38.0;0.0;38.0;969.0;20.0;63.0;4;4;4;4;5;5;4;0;0;0;0;0;0;0;0;0;1;0;0;0;0;0;0;0.0;0.0;0.0;0.0;1.0;0.0;0.0;0.0;0.0;0.0;0.0;0.0;0.0;0.0;0.0;0.0;0.0;0.0;0.0;0.0;0.0;0.0;0.0;0.0;0.0;0.0;0.0;1.0;0.0;0.0;0.0;0.0;0.0;0.0;0.0;4.0;1.0;2.0;2.0;2.0;3.0;0;0;0;0;PARANAVAÍ;REGIÃO NORTE;58;21454.0;20274.0;16331.0;13634.0;15063.0;20978.0;24498.0;26751.0;22309.0;14167.0;21193.0;22761.0
18913.0;2019-12-31;17.0;21.0;25.0;29.0;788.0;35.0;6.0;17.0;24.0;646.0;35.0;0.0;35.0;930.0;26.0;175.0;5;4;4;5;4;4;5;0;0;1;0;0;0;0;0;0;0;0;0;0;0;0;0;0.0;0.0;0.0;0.0;1.0;0.0;0.0;0.0;0.0;0.0;0.0;0.0;0.0;0.0;0.0;0.0;0.0;0.0;0.0;0.0;0.0;0.0;0.0;0.0;0.0;0.0;0.0;1.0;0.0;0.0;0.0;0.0;0.0;0.0;0.0;4.0;1.0;2.0;2.0;2.0;3.0;0;0;0;0;PARANAVAÍ;REGIÃO NORTE;59;27309.0;21454.0;20274.0;16331.0;13634.0;15063.0;20978.0;24498.0;26751.0;22309.0;14167.0;21193.0
14441.0;2020-01-31;19.0;22.0;26.0;30.0;817.0;34.0;5.0;19.0;25.0;688.0;34.0;0.0;34.0;946.0;38.0;148.0;4;5;5;4;5;4;4;0;0;0;0;1;0;0;0;0;0;0;0;0;0;0;0;0.0;0.0;0.0;0.0;0.0;1.0;0.0;0.0;0.0;0.0;0.0;0.0;0.0;0.0;0.0;0.0;0.0;0.0;0.0;0.0;0.0;0.0;0.0;0.0;0.0;0.0;0.0;1.0;0.0;0.0;0.0;0.0;0.0;0.0;0.0;4.0;1.0;2.0;2.0;2.0;3.0;31;0;0;0;PARANAVAÍ;REGIÃO NORTE;60;18913.0;27309.0;21454.0;20274.0;16331.0;13634.0;15063.0;20978.0;24498.0;26751.0;22309.0;14167.0
22049.0;2020-02-29;18.0;24.0;26.0;30.0;763.0;35.0;4.0;18.0;26.0;621.0;35.0;0.0;35.0;905.0;37.0;112.0;4;4;4;4;4;5;4;0;0;0;1;0;0;0;0;0;0;0;0;0;0;0;0;0.0;0.0;0.0;0.0;0.0;1.0;0.0;0.0;0.0;0.0;0.0;0.0;0.0;0.0;0.0;0.0;0.0;0.0;0.0;0.0;0.0;0.0;0.0;0.0;0.0;0.0;0.0;1.0;0.0;0.0;0.0;0.0;0.0;0.0;0.0;4.0;1.0;2.0;2.0;2.0;3.0;0;3;0;0;PARANAVAÍ;REGIÃO NORTE;61;14441.0;18913.0;27309.0;21454.0;20274.0;16331.0;13634.0;15063.0;20978.0;24498.0;26751.0;22309.0
19010.0;2020-03-31;18.0;23.0;26.0;30.0;807.0;35.0;1.0;18.0;25.0;638.0;35.0;0.0;35.0;975.0;7.0;24.0;5;4;4;5;4;4;5;0;0;0;0;0;0;0;0;1;0;0;0;0;0;0;0;0.0;0.0;0.0;0.0;0.0;1.0;0.0;0.0;0.0;0.0;0.0;0.0;0.0;0.0;0.0;0.0;0.0;0.0;0.0;0.0;0.0;0.0;0.0;0.0;0.0;0.0;0.0;1.0;0.0;0.0;0.0;0.0;0.0;0.0;0.0;3.0;1.0;2.0;2.0;2.0;3.0;0;0;15;0;PARANAVAÍ;REGIÃO NORTE;62;22049.0;14441.0;18913.0;27309.0;21454.0;20274.0;16331.0;13634.0;15063.0;20978.0;24498.0;26751.0
7224.0;2020-04-30;12.0;17.0;24.0;28.0;709.0;34.0;3.0;12.0;22.0;538.0;34.0;0.0;34.0;881.0;63.0;91.0;4;5;5;4;4;4;4;1;0;0;0;0;0;0;0;0;0;0;0;0;0;0;0;0.0;0.0;0.0;0.0;0.0;1.0;0.0;0.0;0.0;0.0;0.0;0.0;0.0;0.0;0.0;0.0;0.0;0.0;0.0;0.0;0.0;0.0;0.0;0.0;0.0;0.0;0.0;1.0;0.0;0.0;0.0;0.0;0.0;0.0;0.0;3.0;1.0;2.0;2.0;2.0;3.0;0;1;30;0;PARANAVAÍ;REGIÃO NORTE;63;19010.0;22049.0;14441.0;18913.0;27309.0;21454.0;20274.0;16331.0;13634.0;15063.0;20978.0;24498.0
7458.0;2020-05-31;8.0;13.0;21.0;25.0;639.0;32.0;2.0;8.0;20.0;465.0;32.0;0.0;32.0;812.0;30.0;59.0;5;4;4;4;5;5;4;0;0;0;0;0;0;0;1;0;0;0;0;0;0;0;0;0.0;0.0;0.0;0.0;0.0;1.0;0.0;0.0;0.0;0.0;0.0;0.0;0.0;0.0;0.0;0.0;0.0;0.0;0.0;0.0;0.0;0.0;0.0;0.0;0.0;0.0;0.0;1.0;0.0;0.0;0.0;0.0;0.0;0.0;0.0;3.0;1.0;2.0;2.0;2.0;3.0;0;0;31;0;PARANAVAÍ;REGIÃO NORTE;64;7224.0;19010.0;22049.0;14441.0;18913.0;27309.0;21454.0;20274.0;16331.0;13634.0;15063.0;20978.0
7380.0;2020-06-30;11.0;17.0;22.0;25.0;646.0;31.0;5.0;11.0;20.0;509.0;31.0;0.0;31.0;783.0;118.0;158.0;4;4;4;5;4;4;5;0;0;0;0;0;0;1;0;0;0;0;0;0;0;0;0;0.0;0.0;0.0;0.0;0.0;1.0;0.0;0.0;0.0;0.0;0.0;0.0;0.0;0.0;0.0;0.0;0.0;0.0;0.0;0.0;0.0;0.0;0.0;0.0;0.0;0.0;0.0;1.0;0.0;0.0;0.0;0.0;0.0;0.0;0.0;3.0;1.0;2.0;2.0;2.0;3.0;0;1;30;0;PARANAVAÍ;REGIÃO NORTE;65;7458.0;7224.0;19010.0;22049.0;14441.0;18913.0;27309.0;21454.0;20274.0;16331.0;13634.0;15063.0
7636.0;2020-07-31;6.0;12.0;21.0;24.0;650.0;31.0;0.0;6.0;19.0;478.0;31.0;0.0;31.0;822.0;8.0;13.0;4;5;5;4;5;4;4;0;0;0;0;0;1;0;0;0;0;0;0;0;0;0;0;0.0;0.0;0.0;0.0;0.0;1.0;0.0;0.0;0.0;0.0;0.0;0.0;0.0;0.0;0.0;0.0;0.0;0.0;0.0;0.0;0.0;0.0;0.0;0.0;0.0;0.0;0.0;1.0;0.0;0.0;0.0;0.0;0.0;0.0;0.0;3.0;1.0;2.0;2.0;2.0;3.0;0;0;31;0;PARANAVAÍ;REGIÃO NORTE;66;7380.0;7458.0;7224.0;19010.0;22049.0;14441.0;18913.0;27309.0;21454.0;20274.0;16331.0;13634.0
7527.0;2020-08-31;6.0;12.0;21.0;27.0;661.0;34.0;7.0;6.0;22.0;495.0;34.0;0.0;34.0;827.0;57.0;229.0;5;4;4;5;4;5;4;0;1;0;0;0;0;0;0;0;0;0;0;0;0;0;0;0.0;0.0;0.0;0.0;0.0;1.0;0.0;0.0;0.0;0.0;0.0;0.0;0.0;0.0;0.0;0.0;0.0;0.0;0.0;0.0;0.0;0.0;0.0;0.0;0.0;0.0;0.0;1.0;0.0;0.0;0.0;0.0;0.0;0.0;0.0;3.0;1.0;2.0;2.0;2.0;3.0;0;0;31;0;PARANAVAÍ;REGIÃO NORTE;67;7636.0;7380.0;7458.0;7224.0;19010.0;22049.0;14441.0;18913.0;27309.0;21454.0;20274.0;16331.0
7929.0;2020-09-30;15.0;20.0;27.0;32.0;808.0;39.0;1.0;15.0;25.0;618.0;39.0;0.0;39.0;997.0;14.0;31.0;4;5;4;4;4;4;5;0;0;0;0;0;0;0;0;0;0;0;1;0;0;0;0;0.0;0.0;0.0;0.0;0.0;1.0;0.0;0.0;0.0;0.0;0.0;0.0;0.0;0.0;0.0;0.0;0.0;0.0;0.0;0.0;0.0;0.0;0.0;0.0;0.0;0.0;0.0;1.0;0.0;0.0;0.0;0.0;0.0;0.0;0.0;3.0;1.0;2.0;2.0;2.0;3.0;0;0;30;0;PARANAVAÍ;REGIÃO NORTE;68;7527.0;7636.0;7380.0;7458.0;7224.0;19010.0;22049.0;14441.0;18913.0;27309.0;21454.0;20274.0
9461.0;2020-10-31;16.0;22.0;27.0;34.0;834.0;41.0;2.0;16.0;27.0;647.0;41.0;0.0;41.0;1021.0;23.0;64.0;4;4;5;4;5;5;4;0;0;0;0;0;0;0;0;0;0;1;0;0;0;0;0;0.0;0.0;0.0;0.0;0.0;1.0;0.0;0.0;0.0;0.0;0.0;0.0;0.0;0.0;0.0;0.0;0.0;0.0;0.0;0.0;0.0;0.0;0.0;0.0;0.0;0.0;0.0;1.0;0.0;0.0;0.0;0.0;0.0;0.0;0.0;3.0;1.0;2.0;2.0;2.0;3.0;0;0;31;0;PARANAVAÍ;REGIÃO NORTE;69;7929.0;7527.0;7636.0;7380.0;7458.0;7224.0;19010.0;22049.0;14441.0;18913.0;27309.0;21454.0
5790.0;2020-11-30;14.0;21.0;26.0;31.0;795.0;37.0;1.0;14.0;25.0;606.0;37.0;0.0;37.0;983.0;5.0;16.0;5;4;4;5;4;4;4;0;0;0;0;0;0;0;0;0;1;0;0;0;0;0;0;0.0;0.0;0.0;0.0;0.0;1.0;0.0;0.0;0.0;0.0;0.0;0.0;0.0;0.0;0.0;0.0;0.0;0.0;0.0;0.0;0.0;0.0;0.0;0.0;0.0;0.0;0.0;1.0;0.0;0.0;0.0;0.0;0.0;0.0;0.0;3.0;1.0;2.0;2.0;2.0;3.0;0;0;30;0;PARANAVAÍ;REGIÃO NORTE;70;9461.0;7929.0;7527.0;7636.0;7380.0;7458.0;7224.0;19010.0;22049.0;14441.0;18913.0;27309.0
7223.0;2020-12-31;19.0;23.0;26.0;28.0;810.0;33.0;3.0;19.0;24.0;661.0;33.0;0.0;33.0;959.0;40.0;91.0;4;5;5;4;4;4;5;0;0;1;0;0;0;0;0;0;0;0;0;0;0;0;0;0.0;0.0;0.0;0.0;0.0;1.0;0.0;0.0;0.0;0.0;0.0;0.0;0.0;0.0;0.0;0.0;0.0;0.0;0.0;0.0;0.0;0.0;0.0;0.0;0.0;0.0;0.0;1.0;0.0;0.0;0.0;0.0;0.0;0.0;0.0;3.0;1.0;2.0;2.0;2.0;3.0;0;0;31;0;PARANAVAÍ;REGIÃO NORTE;71;5790.0;9461.0;7929.0;7527.0;7636.0;7380.0;7458.0;7224.0;19010.0;22049.0;14441.0;18913.0
7905.0;2021-01-31;20.0;24.0;26.0;29.0;800.0;33.0;9.0;20.0;25.0;682.0;33.0;0.0;33.0;918.0;71.0;280.0;5;4;4;4;5;5;4;0;0;0;0;1;0;0;0;0;0;0;0;1;0;0;0;0.0;0.0;0.0;0.0;0.0;0.0;0.0;0.0;0.0;0.0;0.0;0.0;0.0;0.0;0.0;0.0;0.0;0.0;0.0;0.0;0.0;0.0;0.0;0.0;0.0;0.0;0.0;1.0;0.0;0.0;0.0;0.0;0.0;0.0;0.0;3.0;1.0;2.0;2.0;2.0;3.0;0;0;31;0;PARANAVAÍ;REGIÃO NORTE;72;7223.0;5790.0;9461.0;7929.0;7527.0;7636.0;7380.0;7458.0;7224.0;19010.0;22049.0;14441.0
6608.0;2021-02-28;18.0;23.0;26.0;29.0;721.0;35.0;3.0;18.0;23.0;570.0;35.0;0.0;35.0;872.0;28.0;75.0;4;4;4;4;4;4;4;0;0;0;1;0;0;0;0;0;0;0;0;1;0;0;0;0.0;0.0;0.0;0.0;0.0;0.0;0.0;0.0;0.0;0.0;0.0;0.0;0.0;0.0;0.0;0.0;0.0;0.0;0.0;0.0;0.0;0.0;0.0;0.0;0.0;0.0;0.0;1.0;0.0;0.0;0.0;0.0;0.0;0.0;0.0;3.0;1.0;2.0;2.0;2.0;3.0;0;3;28;0;PARANAVAÍ;REGIÃO NORTE;73;7905.0;7223.0;5790.0;9461.0;7929.0;7527.0;7636.0;7380.0;7458.0;7224.0;19010.0;22049.0
7719.0;2021-03-31;17.0;23.0;27.0;30.0;822.0;35.0;3.0;17.0;24.0;662.0;35.0;0.0;35.0;982.0;35.0;81.0;4;5;4;5;4;4;5;0;0;0;0;0;0;0;0;1;0;0;0;1;0;0;0;0.0;0.0;0.0;0.0;0.0;0.0;0.0;0.0;0.0;0.0;0.0;0.0;0.0;0.0;0.0;0.0;0.0;0.0;0.0;0.0;0.0;0.0;0.0;0.0;0.0;0.0;0.0;1.0;0.0;0.0;0.0;0.0;0.0;0.0;0.0;3.0;1.0;2.0;2.0;2.0;3.0;0;0;31;0;PARANAVAÍ;REGIÃO NORTE;74;6608.0;7905.0;7223.0;5790.0;9461.0;7929.0;7527.0;7636.0;7380.0;7458.0;7224.0;19010.0
7650.0;2021-04-30;12.0;20.0;24.0;28.0;711.0;34.0;0.0;12.0;22.0;532.0;34.0;0.0;34.0;890.0;1.0;2.0;4;4;5;4;5;4;4;1;0;0;0;0;0;0;0;0;0;0;0;1;0;0;0;0.0;0.0;0.0;0.0;0.0;0.0;0.0;0.0;0.0;0.0;0.0;0.0;0.0;0.0;0.0;0.0;0.0;0.0;0.0;0.0;0.0;0.0;0.0;0.0;0.0;0.0;0.0;1.0;0.0;0.0;0.0;0.0;0.0;0.0;0.0;3.0;1.0;2.0;2.0;2.0;3.0;0;1;30;0;PARANAVAÍ;REGIÃO NORTE;75;7719.0;6608.0;7905.0;7223.0;5790.0;9461.0;7929.0;7527.0;7636.0;7380.0;7458.0;7224.0
8277.0;2021-05-31;9.0;15.0;22.0;26.0;670.0;33.0;4.0;9.0;21.0;486.0;33.0;0.0;33.0;854.0;99.0;136.0;5;4;4;5;4;5;4;0;0;0;0;0;0;0;1;0;0;0;0;1;0;0;0;0.0;0.0;0.0;0.0;0.0;0.0;0.0;0.0;0.0;0.0;0.0;0.0;0.0;0.0;0.0;0.0;0.0;0.0;0.0;0.0;0.0;0.0;0.0;0.0;0.0;0.0;0.0;1.0;0.0;0.0;0.0;0.0;0.0;0.0;0.0;3.0;1.0;2.0;2.0;2.0;3.0;0;0;31;0;PARANAVAÍ;REGIÃO NORTE;76;7650.0;7719.0;6608.0;7905.0;7223.0;5790.0;9461.0;7929.0;7527.0;7636.0;7380.0;7458.0
6690.0;2021-06-30;2.0;8.0;19.0;25.0;570.0;30.0;3.0;2.0;20.0;435.0;30.0;0.0;30.0;704.0;31.0;78.0;4;5;4;4;4;4;5;0;0;0;0;0;0;1;0;0;0;0;0;1;0;0;0;0.0;0.0;0.0;0.0;0.0;0.0;0.0;0.0;0.0;0.0;0.0;0.0;0.0;0.0;0.0;0.0;0.0;0.0;0.0;0.0;0.0;0.0;0.0;0.0;0.0;0.0;0.0;1.0;0.0;0.0;0.0;0.0;0.0;0.0;0.0;3.0;1.0;2.0;2.0;2.0;3.0;0;1;30;0;PARANAVAÍ;REGIÃO NORTE;77;8277.0;7650.0;7719.0;6608.0;7905.0;7223.0;5790.0;9461.0;7929.0;7527.0;7636.0;7380.0
6634.0;2021-07-31;2.0;8.0;18.0;23.0;561.0;30.0;0.0;2.0;17.0;353.0;30.0;0.0;30.0;769.0;9.0;15.0;4;4;5;4;5;5;4;0;0;0;0;0;1;0;0;0;0;0;0;1;0;0;0;0.0;0.0;0.0;0.0;0.0;0.0;0.0;0.0;0.0;0.0;0.0;0.0;0.0;0.0;0.0;0.0;0.0;0.0;0.0;0.0;0.0;0.0;0.0;0.0;0.0;0.0;0.0;1.0;0.0;0.0;0.0;0.0;0.0;0.0;0.0;3.0;1.0;2.0;2.0;2.0;3.0;0;0;31;0;PARANAVAÍ;REGIÃO NORTE;78;6690.0;8277.0;7650.0;7719.0;6608.0;7905.0;7223.0;5790.0;9461.0;7929.0;7527.0;7636.0
7068.0;2021-08-31;10.0;16.0;23.0;29.0;717.0;36.0;4.0;10.0;22.0;529.0;36.0;0.0;36.0;905.0;90.0;120.0;5;4;4;5;4;4;5;0;1;0;0;0;0;0;0;0;0;0;0;1;0;0;0;0.0;0.0;0.0;0.0;0.0;0.0;0.0;0.0;0.0;0.0;0.0;0.0;0.0;0.0;0.0;0.0;0.0;0.0;0.0;0.0;0.0;0.0;0.0;0.0;0.0;0.0;0.0;1.0;0.0;0.0;0.0;0.0;0.0;0.0;0.0;3.0;1.0;2.0;2.0;2.0;3.0;0;0;31;0;PARANAVAÍ;REGIÃO NORTE;79;6634.0;6690.0;8277.0;7650.0;7719.0;6608.0;7905.0;7223.0;5790.0;9461.0;7929.0;7527.0
6840.0;2021-09-30;14.0;20.0;26.0;32.0;792.0;38.0;2.0;14.0;27.0;604.0;38.0;0.0;38.0;981.0;31.0;63.0;4;5;5;4;4;4;4;0;0;0;0;0;0;0;0;0;0;0;1;1;0;0;0;0.0;0.0;0.0;0.0;0.0;0.0;0.0;0.0;0.0;0.0;0.0;0.0;0.0;0.0;0.0;0.0;0.0;0.0;0.0;0.0;0.0;0.0;0.0;0.0;0.0;0.0;0.0;1.0;0.0;0.0;0.0;0.0;0.0;0.0;0.0;3.0;1.0;2.0;2.0;2.0;3.0;0;0;30;0;PARANAVAÍ;REGIÃO NORTE;80;7068.0;6634.0;6690.0;8277.0;7650.0;7719.0;6608.0;7905.0;7223.0;5790.0;9461.0;7929.0
6386.0;2021-10-31;14.0;19.0;23.0;28.0;714.0;33.0;14.0;14.0;23.0;578.0;33.0;0.0;33.0;850.0;92.0;445.0;5;4;4;4;5;5;4;0;0;0;0;0;0;0;0;0;0;1;0;1;0;0;0;0.0;0.0;0.0;0.0;0.0;0.0;0.0;0.0;0.0;0.0;0.0;0.0;0.0;0.0;0.0;0.0;0.0;0.0;0.0;0.0;0.0;0.0;0.0;0.0;0.0;0.0;0.0;1.0;0.0;0.0;0.0;0.0;0.0;0.0;0.0;3.0;1.0;2.0;2.0;2.0;3.0;0;0;0;0;PARANAVAÍ;REGIÃO NORTE;81;6840.0;7068.0;6634.0;6690.0;8277.0;7650.0;7719.0;6608.0;7905.0;7223.0;5790.0;9461.0
8250.0;2021-11-30;16.0;22.0;26.0;30.0;787.0;36.0;1.0;16.0;24.0;605.0;36.0;0.0;36.0;969.0;10.0;32.0;4;4;4;5;4;4;5;0;0;0;0;0;0;0;0;0;1;0;0;1;0;0;0;0.0;0.0;0.0;0.0;0.0;0.0;0.0;0.0;0.0;0.0;0.0;0.0;0.0;0.0;0.0;0.0;0.0;0.0;0.0;0.0;0.0;0.0;0.0;0.0;0.0;0.0;0.0;1.0;0.0;0.0;0.0;0.0;0.0;0.0;0.0;3.0;1.0;2.0;2.0;2.0;3.0;0;0;0;0;PARANAVAÍ;REGIÃO NORTE;82;6386.0;6840.0;7068.0;6634.0;6690.0;8277.0;7650.0;7719.0;6608.0;7905.0;7223.0;5790.0
8060.0;2021-12-31;17.0;23.0;27.0;31.0;840.0;38.0;1.0;17.0;24.0;643.0;38.0;0.0;38.0;1037.0;16.0;34.0;4;5;5;4;5;4;4;0;0;1;0;0;0;0;0;0;0;0;0;1;0;0;0;0.0;0.0;0.0;0.0;0.0;0.0;0.0;0.0;0.0;0.0;0.0;0.0;0.0;0.0;0.0;0.0;0.0;0.0;0.0;0.0;0.0;0.0;0.0;0.0;0.0;0.0;0.0;1.0;0.0;0.0;0.0;0.0;0.0;0.0;0.0;3.0;1.0;2.0;2.0;2.0;3.0;0;0;0;0;PARANAVAÍ;REGIÃO NORTE;83;8250.0;6386.0;6840.0;7068.0;6634.0;6690.0;8277.0;7650.0;7719.0;6608.0;7905.0;7223.0
12028.0;2022-01-31;19.0;23.0;27.0;31.0;839.0;37.0;6.0;19.0;25.0;682.0;37.0;0.0;37.0;996.0;74.0;171.0;5;4;4;5;4;5;4;0;0;0;0;1;0;0;0;0;0;0;0;0;1;0;0;0.0;0.0;0.0;0.0;0.0;0.0;0.0;0.0;0.0;0.0;0.0;0.0;0.0;0.0;0.0;0.0;0.0;0.0;0.0;0.0;0.0;0.0;0.0;0.0;0.0;0.0;0.0;1.0;0.0;0.0;0.0;0.0;0.0;0.0;0.0;3.0;1.0;2.0;2.0;2.0;3.0;31;0;0;0;PARANAVAÍ;REGIÃO NORTE;84;8060.0;8250.0;6386.0;6840.0;7068.0;6634.0;6690.0;8277.0;7650.0;7719.0;6608.0;7905.0
9996.0;2022-02-28;19.0;25.0;27.0;30.0;766.0;37.0;5.0;19.0;24.0;601.0;37.0;0.0;37.0;931.0;49.0;146.0;4;4;4;4;4;4;4;0;0;0;1;0;0;0;0;0;0;0;0;0;1;0;0;0.0;0.0;0.0;0.0;0.0;0.0;0.0;0.0;0.0;0.0;0.0;0.0;0.0;0.0;0.0;0.0;0.0;0.0;0.0;0.0;0.0;0.0;0.0;0.0;0.0;0.0;0.0;1.0;0.0;0.0;0.0;0.0;0.0;0.0;0.0;3.0;1.0;2.0;2.0;2.0;3.0;0;1;0;0;PARANAVAÍ;REGIÃO NORTE;85;12028.0;8060.0;8250.0;6386.0;6840.0;7068.0;6634.0;6690.0;8277.0;7650.0;7719.0;6608.0
10881.0;2022-03-31;19.0;22.0;26.0;30.0;815.0;36.0;9.0;19.0;25.0;670.0;36.0;0.0;36.0;959.0;59.0;294.0;4;5;5;4;4;4;5;0;0;0;0;0;0;0;0;1;0;0;0;0;1;0;0;0.0;0.0;0.0;0.0;0.0;0.0;0.0;0.0;0.0;0.0;0.0;0.0;0.0;0.0;0.0;0.0;0.0;0.0;0.0;0.0;0.0;0.0;0.0;0.0;0.0;0.0;0.0;1.0;0.0;0.0;0.0;0.0;0.0;0.0;0.0;3.0;1.0;2.0;2.0;2.0;3.0;0;1;0;0;PARANAVAÍ;REGIÃO NORTE;86;9996.0;12028.0;8060.0;8250.0;6386.0;6840.0;7068.0;6634.0;6690.0;8277.0;7650.0;7719.0
15900.0;2022-04-30;13.0;19.0;24.0;27.0;714.0;32.0;7.0;13.0;23.0;560.0;32.0;0.0;32.0;869.0;73.0;218.0;4;4;4;4;5;5;4;1;0;0;0;0;0;0;0;0;0;0;0;0;1;0;0;0.0;0.0;0.0;0.0;0.0;0.0;0.0;0.0;0.0;0.0;0.0;0.0;0.0;0.0;0.0;0.0;0.0;0.0;0.0;0.0;0.0;0.0;0.0;0.0;0.0;0.0;0.0;1.0;0.0;0.0;0.0;0.0;0.0;0.0;0.0;3.0;1.0;2.0;2.0;2.0;3.0;0;1;0;0;PARANAVAÍ;REGIÃO NORTE;87;10881.0;9996.0;12028.0;8060.0;8250.0;6386.0;6840.0;7068.0;6634.0;6690.0;8277.0;7650.0
12617.0;2022-05-31;6.0;10.0;20.0;26.0;609.0;31.0;3.0;6.0;22.0;467.0;31.0;0.0;31.0;752.0;30.0;88.0;5;4;4;5;4;4;5;0;0;0;0;0;0;0;1;0;0;0;0;0;1;0;0;0.0;0.0;0.0;0.0;0.0;0.0;0.0;0.0;0.0;0.0;0.0;0.0;0.0;0.0;0.0;0.0;0.0;0.0;0.0;0.0;0.0;0.0;0.0;0.0;0.0;0.0;0.0;1.0;0.0;0.0;0.0;0.0;0.0;0.0;0.0;3.0;1.0;2.0;2.0;2.0;3.0;0;0;0;0;PARANAVAÍ;REGIÃO NORTE;88;15900.0;10881.0;9996.0;12028.0;8060.0;8250.0;6386.0;6840.0;7068.0;6634.0;6690.0;8277.0
11730.0;2022-06-30;6.0;13.0;20.0;24.0;590.0;29.0;2.0;6.0;19.0;450.0;29.0;0.0;29.0;730.0;47.0;65.0;4;5;5;4;4;4;4;0;0;0;0;0;0;1;0;0;0;0;0;0;1;0;0;0.0;0.0;0.0;0.0;0.0;0.0;0.0;0.0;0.0;0.0;0.0;0.0;0.0;0.0;0.0;0.0;0.0;0.0;0.0;0.0;0.0;0.0;0.0;0.0;0.0;0.0;0.0;1.0;0.0;0.0;0.0;0.0;0.0;0.0;0.0;3.0;1.0;2.0;2.0;2.0;3.0;0;1;0;0;PARANAVAÍ;REGIÃO NORTE;89;12617.0;15900.0;10881.0;9996.0;12028.0;8060.0;8250.0;6386.0;6840.0;7068.0;6634.0;6690.0
13764.0;2022-07-31;9.0;17.0;23.0;25.0;701.0;31.0;0.0;9.0;20.0;522.0;31.0;0.0;31.0;880.0;5.0;11.0;5;4;4;4;5;5;4;0;0;0;0;0;1;0;0;0;0;0;0;0;1;0;0;0.0;0.0;0.0;0.0;0.0;0.0;0.0;0.0;0.0;0.0;0.0;0.0;0.0;0.0;0.0;0.0;0.0;0.0;0.0;0.0;0.0;0.0;0.0;0.0;0.0;0.0;0.0;1.0;0.0;0.0;0.0;0.0;0.0;0.0;0.0;3.0;1.0;2.0;2.0;2.0;3.0;0;0;0;0;PARANAVAÍ;REGIÃO NORTE;90;11730.0;12617.0;15900.0;10881.0;9996.0;12028.0;8060.0;8250.0;6386.0;6840.0;7068.0;6634.0
11160.0;2022-08-31;7.0;12.0;21.0;27.0;642.0;33.0;7.0;7.0;21.0;478.0;33.0;0.0;33.0;805.0;81.0;209.0;4;5;4;5;4;4;5;0;1;0;0;0;0;0;0;0;0;0;0;0;1;0;0;0.0;0.0;0.0;0.0;0.0;0.0;0.0;0.0;0.0;0.0;0.0;0.0;0.0;0.0;0.0;0.0;0.0;0.0;0.0;0.0;0.0;0.0;0.0;0.0;0.0;0.0;0.0;1.0;0.0;0.0;0.0;0.0;0.0;0.0;0.0;3.0;1.0;2.0;2.0;2.0;3.0;0;0;0;0;PARANAVAÍ;REGIÃO NORTE;91;13764.0;11730.0;12617.0;15900.0;10881.0;9996.0;12028.0;8060.0;8250.0;6386.0;6840.0;7068.0
13020.0;2022-09-30;10.0;15.0;20.0;28.0;612.0;35.0;7.0;10.0;22.0;482.0;35.0;0.0;35.0;742.0;62.0;211.0;4;4;5;4;5;4;4;0;0;0;0;0;0;0;0;0;0;0;1;0;1;0;0;0.0;0.0;0.0;0.0;0.0;0.0;0.0;0.0;0.0;0.0;0.0;0.0;0.0;0.0;0.0;0.0;0.0;0.0;0.0;0.0;0.0;0.0;0.0;0.0;0.0;0.0;0.0;1.0;0.0;0.0;0.0;0.0;0.0;0.0;0.0;3.0;1.0;2.0;2.0;2.0;3.0;0;0;0;0;PARANAVAÍ;REGIÃO NORTE;92;11160.0;13764.0;11730.0;12617.0;15900.0;10881.0;9996.0;12028.0;8060.0;8250.0;6386.0;6840.0
14818.0;2022-10-31;-5.0;12.0;24.0;28.0;732.0;34.0;7.0;-5.0;23.0;570.0;34.0;0.0;34.0;894.0;42.0;219.0;5;4;4;5;4;5;4;0;0;0;0;0;0;0;0;0;0;1;0;0;1;0;0;0.0;0.0;0.0;0.0;0.0;0.0;0.0;0.0;0.0;0.0;0.0;0.0;0.0;0.0;0.0;0.0;0.0;0.0;0.0;0.0;0.0;0.0;0.0;0.0;0.0;0.0;0.0;1.0;0.0;0.0;0.0;0.0;0.0;0.0;0.0;3.0;1.0;2.0;2.0;2.0;3.0;0;0;0;0;PARANAVAÍ;REGIÃO NORTE;93;13020.0;11160.0;13764.0;11730.0;12617.0;15900.0;10881.0;9996.0;12028.0;8060.0;8250.0;6386.0
13920.0;2022-11-30;12.0;16.0;23.0;27.0;701.0;34.0;3.0;12.0;22.0;534.0;34.0;0.0;34.0;867.0;26.0;77.0;4;5;4;4;4;4;5;0;0;0;0;0;0;0;0;0;1;0;0;0;1;0;0;0.0;0.0;0.0;0.0;0.0;0.0;0.0;0.0;0.0;0.0;0.0;0.0;0.0;0.0;0.0;0.0;0.0;0.0;0.0;0.0;0.0;0.0;0.0;0.0;0.0;0.0;0.0;1.0;0.0;0.0;0.0;0.0;0.0;0.0;0.0;3.0;1.0;2.0;2.0;2.0;3.0;0;0;0;0;PARANAVAÍ;REGIÃO NORTE;94;14818.0;13020.0;11160.0;13764.0;11730.0;12617.0;15900.0;10881.0;9996.0;12028.0;8060.0;8250.0
13516.0;2022-12-31;11.0;21.0;25.0;29.0;789.0;34.0;8.0;11.0;24.0;636.0;34.0;0.0;34.0;942.0;69.0;241.0;4;4;5;4;5;5;4;0;0;1;0;0;0;0;0;0;0;0;0;0;1;0;0;0.0;0.0;0.0;0.0;0.0;0.0;0.0;0.0;0.0;0.0;0.0;0.0;0.0;0.0;0.0;0.0;0.0;0.0;0.0;0.0;0.0;0.0;0.0;0.0;0.0;0.0;0.0;1.0;0.0;0.0;0.0;0.0;0.0;0.0;0.0;3.0;1.0;2.0;2.0;2.0;3.0;0;0;0;0;PARANAVAÍ;REGIÃO NORTE;95;13920.0;14818.0;13020.0;11160.0;13764.0;11730.0;12617.0;15900.0;10881.0;9996.0;12028.0;8060.0
9300.0;2023-01-31;17.0;22.0;25.0;28.0;789.0;34.0;10.0;17.0;23.0;652.0;34.0;0.0;34.0;926.0;55.0;314.0;5;4;4;5;4;4;5;0;0;0;0;1;0;0;0;0;0;0;0;0;0;1;0;0.0;0.0;0.0;0.0;0.0;0.0;0.0;0.0;0.0;0.0;0.0;0.0;0.0;0.0;0.0;0.0;0.0;0.0;0.0;0.0;0.0;0.0;0.0;0.0;0.0;0.0;0.0;1.0;0.0;0.0;0.0;0.0;0.0;0.0;0.0;3.0;1.0;2.0;2.0;2.0;3.0;31;0;0;0;PARANAVAÍ;REGIÃO NORTE;96;13516.0;13920.0;14818.0;13020.0;11160.0;13764.0;11730.0;12617.0;15900.0;10881.0;9996.0;12028.0
16884.0;2023-02-28;11.0;19.0;25.0;28.0;694.0;34.0;13.0;11.0;22.0;572.0;34.0;0.0;34.0;816.0;50.0;356.0;4;4;4;4;4;4;4;0;0;0;1;0;0;0;0;0;0;0;0;0;0;1;0;0.0;0.0;0.0;0.0;0.0;0.0;0.0;0.0;0.0;0.0;0.0;0.0;0.0;0.0;0.0;0.0;0.0;0.0;0.0;0.0;0.0;0.0;0.0;0.0;0.0;0.0;0.0;1.0;0.0;0.0;0.0;0.0;0.0;0.0;0.0;3.0;1.0;2.0;2.0;2.0;3.0;0;3;0;0;PARANAVAÍ;REGIÃO NORTE;97;9300.0;13516.0;13920.0;14818.0;13020.0;11160.0;13764.0;11730.0;12617.0;15900.0;10881.0;9996.0
30380.0;2023-03-31;19.0;24.0;27.0;28.0;822.0;34.0;6.0;19.0;24.0;670.0;34.0;0.0;34.0;973.0;31.0;196.0;4;5;5;4;5;4;4;0;0;0;0;0;0;0;0;1;0;0;0;0;0;1;0;0.0;0.0;0.0;0.0;0.0;0.0;0.0;0.0;0.0;0.0;0.0;0.0;0.0;0.0;0.0;0.0;0.0;0.0;0.0;0.0;0.0;0.0;0.0;0.0;0.0;0.0;0.0;1.0;0.0;0.0;0.0;0.0;0.0;0.0;0.0;3.0;1.0;2.0;2.0;2.0;3.0;0;0;0;0;PARANAVAÍ;REGIÃO NORTE;98;16884.0;9300.0;13516.0;13920.0;14818.0;13020.0;11160.0;13764.0;11730.0;12617.0;15900.0;10881.0
18870.0;2023-04-30;13.0;19.0;24.0;28.0;709.0;34.0;11.0;13.0;22.0;563.0;34.0;0.0;34.0;855.0;126.0;338.0;5;4;4;4;4;5;4;1;0;0;0;0;0;0;0;0;0;0;0;0;0;1;0;0.0;0.0;0.0;0.0;0.0;0.0;0.0;0.0;0.0;0.0;0.0;0.0;0.0;0.0;0.0;0.0;0.0;0.0;0.0;0.0;0.0;0.0;0.0;0.0;0.0;0.0;0.0;1.0;0.0;0.0;0.0;0.0;0.0;0.0;0.0;3.0;1.0;2.0;2.0;2.0;3.0;0;1;0;0;PARANAVAÍ;REGIÃO NORTE;99;30380.0;16884.0;9300.0;13516.0;13920.0;14818.0;13020.0;11160.0;13764.0;11730.0;12617.0;15900.0
18135.0;2023-05-31;12.0;18.0;22.0;26.0;689.0;31.0;3.0;12.0;22.0;520.0;31.0;0.0;31.0;857.0;28.0;83.0;4;5;4;5;4;4;5;0;0;0;0;0;0;0;1;0;0;0;0;0;0;1;0;0.0;0.0;0.0;0.0;0.0;0.0;0.0;0.0;0.0;0.0;0.0;0.0;0.0;0.0;0.0;0.0;0.0;0.0;0.0;0.0;0.0;0.0;0.0;0.0;0.0;0.0;0.0;1.0;0.0;0.0;0.0;0.0;0.0;0.0;0.0;3.0;1.0;2.0;2.0;2.0;3.0;0;0;0;0;PARANAVAÍ;REGIÃO NORTE;100;18870.0;30380.0;16884.0;9300.0;13516.0;13920.0;14818.0;13020.0;11160.0;13764.0;11730.0;12617.0
13980.0;2023-06-30;9.0;12.0;20.0;25.0;599.0;31.0;4.0;9.0;19.0;437.0;31.0;0.0;31.0;762.0;70.0;117.0;4;4;5;4;5;4;4;0;0;0;0;0;0;1;0;0;0;0;0;0;0;1;0;0.0;0.0;0.0;0.0;0.0;0.0;0.0;0.0;0.0;0.0;0.0;0.0;0.0;0.0;0.0;0.0;0.0;0.0;0.0;0.0;0.0;0.0;0.0;0.0;0.0;0.0;0.0;1.0;0.0;0.0;0.0;0.0;0.0;0.0;0.0;3.0;1.0;2.0;2.0;2.0;3.0;0;1;0;0;PARANAVAÍ;REGIÃO NORTE;101;18135.0;18870.0;30380.0;16884.0;9300.0;13516.0;13920.0;14818.0;13020.0;11160.0;13764.0;11730.0
9765.0;2023-07-31;8.0;13.0;21.0;25.0;649.0;31.0;1.0;8.0;19.0;476.0;31.0;0.0;31.0;822.0;13.0;24.0;5;4;4;5;4;5;4;0;0;0;0;0;1;0;0;0;0;0;0;0;0;1;0;0.0;0.0;0.0;0.0;0.0;0.0;0.0;0.0;0.0;0.0;0.0;0.0;0.0;0.0;0.0;0.0;0.0;0.0;0.0;0.0;0.0;0.0;0.0;0.0;0.0;0.0;0.0;1.0;0.0;0.0;0.0;0.0;0.0;0.0;0.0;3.0;1.0;2.0;2.0;2.0;3.0;15;0;0;0;PARANAVAÍ;REGIÃO NORTE;102;13980.0;18135.0;18870.0;30380.0;16884.0;9300.0;13516.0;13920.0;14818.0;13020.0;11160.0;13764.0
18848.0;2023-08-31;12.0;18.0;23.0;28.0;715.0;35.0;4.0;12.0;22.0;518.0;35.0;0.0;35.0;913.0;44.0;117.0;4;5;5;4;4;4;5;0;1;0;0;0;0;0;0;0;0;0;0;0;0;1;0;0.0;0.0;0.0;0.0;0.0;0.0;0.0;0.0;0.0;0.0;0.0;0.0;0.0;0.0;0.0;0.0;0.0;0.0;0.0;0.0;0.0;0.0;0.0;0.0;0.0;0.0;0.0;1.0;0.0;0.0;0.0;0.0;0.0;0.0;0.0;3.0;1.0;2.0;2.0;2.0;3.0;0;0;0;0;PARANAVAÍ;REGIÃO NORTE;103;9765.0;13980.0;18135.0;18870.0;30380.0;16884.0;9300.0;13516.0;13920.0;14818.0;13020.0;11160.0
26430.0;2023-09-30;10.0;18.0;26.0;32.0;790.0;39.0;7.0;10.0;26.0;601.0;39.0;0.0;39.0;980.0;127.0;198.0;4;4;4;4;5;5;4;0;0;0;0;0;0;0;0;0;0;0;1;0;0;1;0;0.0;0.0;0.0;0.0;0.0;0.0;0.0;0.0;0.0;0.0;0.0;0.0;0.0;0.0;0.0;0.0;0.0;0.0;0.0;0.0;0.0;0.0;0.0;0.0;0.0;0.0;0.0;1.0;0.0;0.0;0.0;0.0;0.0;0.0;0.0;3.0;1.0;2.0;2.0;2.0;3.0;0;0;0;0;PARANAVAÍ;REGIÃO NORTE;104;18848.0;9765.0;13980.0;18135.0;18870.0;30380.0;16884.0;9300.0;13516.0;13920.0;14818.0;13020.0
32054.0;2023-10-31;17.0;22.0;26.0;31.0;819.0;37.0;14.0;17.0;26.0;654.0;37.0;0.0;37.0;984.0;144.0;430.0;5;4;4;5;4;4;5;0;0;0;0;0;0;0;0;0;0;1;0;0;0;1;0;0.0;0.0;0.0;0.0;0.0;0.0;0.0;0.0;0.0;0.0;0.0;0.0;0.0;0.0;0.0;0.0;0.0;0.0;0.0;0.0;0.0;0.0;0.0;0.0;0.0;0.0;0.0;1.0;0.0;0.0;0.0;0.0;0.0;0.0;0.0;3.0;1.0;2.0;2.0;2.0;3.0;0;0;0;0;PARANAVAÍ;REGIÃO NORTE;105;26430.0;18848.0;9765.0;13980.0;18135.0;18870.0;30380.0;16884.0;9300.0;13516.0;13920.0;14818.0
30330.0;2023-11-30;13.0;19.0;26.0;33.0;794.0;39.0;7.0;13.0;26.0;629.0;39.0;0.0;39.0;960.0;71.0;205.0;4;5;5;4;4;4;4;0;0;0;0;0;0;0;0;0;1;0;0;0;0;1;0;0.0;0.0;0.0;0.0;0.0;0.0;0.0;0.0;0.0;0.0;0.0;0.0;0.0;0.0;0.0;0.0;0.0;0.0;0.0;0.0;0.0;0.0;0.0;0.0;0.0;0.0;0.0;1.0;0.0;0.0;0.0;0.0;0.0;0.0;0.0;3.0;1.0;2.0;2.0;2.0;3.0;0;0;0;0;PARANAVAÍ;REGIÃO NORTE;106;32054.0;26430.0;18848.0;9765.0;13980.0;18135.0;18870.0;30380.0;16884.0;9300.0;13516.0;13920.0
20584.0;2023-12-31;18.0;23.0;28.0;31.0;854.0;38.0;7.0;18.0;25.0;673.0;38.0;0.0;38.0;1035.0;37.0;225.0;5;4;4;4;5;5;4;0;0;1;0;0;0;0;0;0;0;0;0;0;0;1;0;0.0;0.0;0.0;0.0;0.0;0.0;0.0;0.0;0.0;0.0;0.0;0.0;0.0;0.0;0.0;0.0;0.0;0.0;0.0;0.0;0.0;0.0;0.0;0.0;0.0;0.0;0.0;1.0;0.0;0.0;0.0;0.0;0.0;0.0;0.0;3.0;1.0;2.0;2.0;2.0;3.0;0;0;0;0;PARANAVAÍ;REGIÃO NORTE;107;30330.0;32054.0;26430.0;18848.0;9765.0;13980.0;18135.0;18870.0;30380.0;16884.0;9300.0;13516.0
10881.0;2024-01-31;16.0;21.0;27.0;32.0;839.0;38.0;3.0;16.0;26.0;668.0;38.0;0.0;38.0;1011.0;22.0;90.0;4;5;4;5;4;4;5;0;0;0;0;1;0;0;0;0;0;0;0;0;0;0;1;0.0;0.0;0.0;0.0;0.0;0.0;0.0;0.0;0.0;0.0;0.0;0.0;0.0;0.0;0.0;0.0;0.0;0.0;0.0;0.0;0.0;0.0;0.0;0.0;0.0;0.0;0.0;1.0;0.0;0.0;0.0;0.0;0.0;0.0;0.0;3.0;1.0;2.0;2.0;2.0;3.0;31;0;0;0;PARANAVAÍ;REGIÃO NORTE;108;20584.0;30330.0;32054.0;26430.0;18848.0;9765.0;13980.0;18135.0;18870.0;30380.0;16884.0;9300.0
22968.0;2024-02-29;19.0;24.0;28.0;30.0;808.0;36.0;3.0;19.0;25.0;646.0;36.0;0.0;36.0;971.0;32.0;89.0;4;4;5;4;4;4;4;0;0;0;1;0;0;0;0;0;0;0;0;0;0;0;1;0.0;0.0;0.0;0.0;0.0;0.0;0.0;0.0;0.0;0.0;0.0;0.0;0.0;0.0;0.0;0.0;0.0;0.0;0.0;0.0;0.0;0.0;0.0;0.0;0.0;0.0;0.0;1.0;0.0;0.0;0.0;0.0;0.0;0.0;0.0;3.0;1.0;2.0;2.0;2.0;3.0;0;3;0;0;PARANAVAÍ;REGIÃO NORTE;109;10881.0;20584.0;30330.0;32054.0;26430.0;18848.0;9765.0;13980.0;18135.0;18870.0;30380.0;16884.0
31279.0;2024-03-31;19.0;22.0;28.0;31.0;876.0;38.0;2.0;19.0;27.0;702.0;38.0;0.0;38.0;1050.0;12.0;60.0;5;4;4;4;5;5;4;0;0;0;0;0;0;0;0;1;0;0;0;0;0;0;1;0.0;0.0;0.0;0.0;0.0;0.0;0.0;0.0;0.0;0.0;0.0;0.0;0.0;0.0;0.0;0.0;0.0;0.0;0.0;0.0;0.0;0.0;0.0;0.0;0.0;0.0;0.0;1.0;0.0;0.0;0.0;0.0;0.0;0.0;0.0;3.0;1.0;2.0;2.0;2.0;3.0;0;1;0;0;PARANAVAÍ;REGIÃO NORTE;110;22968.0;10881.0;20584.0;30330.0;32054.0;26430.0;18848.0;9765.0;13980.0;18135.0;18870.0;30380.0
11010.0;2024-04-30;16.0;21.0;26.0;30.0;789.0;36.0;2.0;16.0;24.0;633.0;36.0;0.0;36.0;945.0;39.0;48.0;4;4;4;5;4;4;5;1;0;0;0;0;0;0;0;0;0;0;0;0;0;0;1;0.0;0.0;0.0;0.0;0.0;0.0;0.0;0.0;0.0;0.0;0.0;0.0;0.0;0.0;0.0;0.0;0.0;0.0;0.0;0.0;0.0;0.0;0.0;0.0;0.0;0.0;0.0;1.0;0.0;0.0;0.0;0.0;0.0;0.0;0.0;3.0;1.0;2.0;2.0;2.0;3.0;0;0;0;0;PARANAVAÍ;REGIÃO NORTE;111;31279.0;22968.0;10881.0;20584.0;30330.0;32054.0;26430.0;18848.0;9765.0;13980.0;18135.0;18870.0
9672.0;2024-05-31;7.0;13.0;23.0;29.0;728.0;35.0;1.0;7.0;23.0;563.0;35.0;0.0;35.0;894.0;26.0;27.0;4;5;5;4;5;4;4;0;0;0;0;0;0;0;1;0;0;0;0;0;0;0;1;0.0;0.0;0.0;0.0;0.0;0.0;0.0;0.0;0.0;0.0;0.0;0.0;0.0;0.0;0.0;0.0;0.0;0.0;0.0;0.0;0.0;0.0;0.0;0.0;0.0;0.0;0.0;1.0;0.0;0.0;0.0;0.0;0.0;0.0;0.0;3.0;1.0;2.0;2.0;2.0;3.0;0;1;0;30;PARANAVAÍ;REGIÃO NORTE;112;11010.0;31279.0;22968.0;10881.0;20584.0;30330.0;32054.0;26430.0;18848.0;9765.0;13980.0;18135.0
8130.0;2024-06-30;10.0;17.0;24.0;26.0;707.0;33.0;0.0;10.0;21.0;516.0;33.0;0.0;33.0;898.0;1.0;2.0;5;4;4;4;4;5;4;0;0;0;0;0;0;1;0;0;0;0;0;0;0;0;1;0.0;0.0;0.0;0.0;0.0;0.0;0.0;0.0;0.0;0.0;0.0;0.0;0.0;0.0;0.0;0.0;0.0;0.0;0.0;0.0;0.0;0.0;0.0;0.0;0.0;0.0;0.0;1.0;0.0;0.0;0.0;0.0;0.0;0.0;0.0;3.0;1.0;2.0;2.0;2.0;3.0;0;0;0;30;PARANAVAÍ;REGIÃO NORTE;113;9672.0;11010.0;31279.0;22968.0;10881.0;20584.0;30330.0;32054.0;26430.0;18848.0;9765.0;13980.0
14384.0;2024-07-31;7.0;10.0;18.0;24.0;565.0;30.0;3.0;7.0;19.0;425.0;30.0;0.0;30.0;704.0;44.0;89.0;4;5;4;5;4;4;5;0;0;0;0;0;1;0;0;0;0;0;0;0;0;0;1;0.0;0.0;0.0;0.0;0.0;0.0;0.0;0.0;0.0;0.0;0.0;0.0;0.0;0.0;0.0;0.0;0.0;0.0;0.0;0.0;0.0;0.0;0.0;0.0;0.0;0.0;0.0;1.0;0.0;0.0;0.0;0.0;0.0;0.0;0.0;3.0;1.0;2.0;2.0;2.0;3.0;12;0;0;0;PARANAVAÍ;REGIÃO NORTE;114;8130.0;9672.0;11010.0;31279.0;22968.0;10881.0;20584.0;30330.0;32054.0;26430.0;18848.0;9765.0
16461.0;2024-08-31;5.0;12.0;21.0;28.0;650.0;36.0;1.0;5.0;24.0;471.0;36.0;0.0;36.0;830.0;10.0;30.0;4;4;5;4;5;5;4;0;1;0;0;0;0;0;0;0;0;0;0;0;0;0;1;0.0;0.0;0.0;0.0;0.0;0.0;0.0;0.0;0.0;0.0;0.0;0.0;0.0;0.0;0.0;0.0;0.0;0.0;0.0;0.0;0.0;0.0;0.0;0.0;0.0;0.0;0.0;1.0;0.0;0.0;0.0;0.0;0.0;0.0;0.0;3.0;1.0;2.0;2.0;2.0;3.0;0;0;0;0;PARANAVAÍ;REGIÃO NORTE;115;14384.0;8130.0;9672.0;11010.0;31279.0;22968.0;10881.0;20584.0;30330.0;32054.0;26430.0;18848.0
21810.0;2024-09-30;11.0;17.0;23.0;29.0;700.0;38.0;2.0;11.0;20.0;484.0;38.0;0.0;38.0;915.0;42.0;72.0;5;4;4;5;4;4;4;0;0;0;0;0;0;0;0;0;0;0;1;0;0;0;1;0.0;0.0;0.0;0.0;0.0;0.0;0.0;0.0;0.0;0.0;0.0;0.0;0.0;0.0;0.0;0.0;0.0;0.0;0.0;0.0;0.0;0.0;0.0;0.0;0.0;0.0;0.0;1.0;0.0;0.0;0.0;0.0;0.0;0.0;0.0;3.0;1.0;2.0;2.0;2.0;3.0;0;0;0;0;PARANAVAÍ;REGIÃO NORTE;116;16461.0;14384.0;8130.0;9672.0;11010.0;31279.0;22968.0;10881.0;20584.0;30330.0;32054.0;26430.0
32457.0;2024-10-31;16.0;21.0;26.0;31.0;808.0;38.0;4.0;16.0;26.0;657.0;38.0;0.0;38.0;959.0;35.0;116.0;4;5;5;4;4;4;5;0;0;0;0;0;0;0;0;0;0;1;0;0;0;0;1;0.0;0.0;0.0;0.0;0.0;0.0;0.0;0.0;0.0;0.0;0.0;0.0;0.0;0.0;0.0;0.0;0.0;0.0;0.0;0.0;0.0;0.0;0.0;0.0;0.0;0.0;0.0;1.0;0.0;0.0;0.0;0.0;0.0;0.0;0.0;3.0;1.0;2.0;2.0;2.0;3.0;0;0;0;0;PARANAVAÍ;REGIÃO NORTE;117;21810.0;16461.0;14384.0;8130.0;9672.0;11010.0;31279.0;22968.0;10881.0;20584.0;30330.0;32054.0
3212.0;2017-01-31;14.0;19.0;23.0;26.0;719.0;32.0;5.0;14.0;21.0;575.0;32.0;0.0;32.0;862.0;24.0;169.0;5;4;4;5;4;4;5;0;0;0;0;1;0;0;0;0;0;0;0;0;0;0;0;0.0;0.0;1.0;0.0;0.0;0.0;0.0;0.0;0.0;0.0;0.0;0.0;0.0;0.0;0.0;0.0;0.0;0.0;0.0;0.0;0.0;0.0;0.0;0.0;0.0;0.0;0.0;0.0;1.0;0.0;0.0;0.0;0.0;0.0;0.0;2.0;0.0;0.0;0.0;0.0;0.0;31;0;0;0;PINHAIS;REGIÃO LESTE;1;2526.0;2280.0;3264.0;4490.0;4779.0;5255.0;5290.0;5111.0;4820.0;5408.0;4773.0;4840.0
4090.0;2017-02-28;17.0;21.0;24.0;27.0;666.0;34.0;3.0;17.0;20.0;520.0;34.0;0.0;34.0;811.0;36.0;79.0;4;4;4;4;4;4;4;0;0;0;1;0;0;0;0;0;0;0;0;0;0;0;0;0.0;0.0;1.0;0.0;0.0;0.0;0.0;0.0;0.0;0.0;0.0;0.0;0.0;0.0;0.0;0.0;0.0;0.0;0.0;0.0;0.0;0.0;0.0;0.0;0.0;0.0;0.0;0.0;1.0;0.0;0.0;0.0;0.0;0.0;0.0;2.0;0.0;0.0;0.0;0.0;0.0;0;2;0;0;PINHAIS;REGIÃO LESTE;2;3212.0;2526.0;2280.0;3264.0;4490.0;4779.0;5255.0;5290.0;5111.0;4820.0;5408.0;4773.0
4947.0;2017-03-31;13.0;16.0;21.0;26.0;652.0;31.0;2.0;13.0;21.0;522.0;31.0;0.0;31.0;783.0;8.0;50.0;4;5;5;4;5;4;4;0;0;0;0;0;0;0;0;1;0;0;0;0;0;0;0;0.0;0.0;1.0;0.0;0.0;0.0;0.0;0.0;0.0;0.0;0.0;0.0;0.0;0.0;0.0;0.0;0.0;0.0;0.0;0.0;0.0;0.0;0.0;0.0;0.0;0.0;0.0;0.0;1.0;0.0;0.0;0.0;0.0;0.0;0.0;2.0;0.0;0.0;0.0;0.0;0.0;0;1;0;0;PINHAIS;REGIÃO LESTE;3;4090.0;3212.0;2526.0;2280.0;3264.0;4490.0;4779.0;5255.0;5290.0;5111.0;4820.0;5408.0
4830.0;2017-04-30;7.0;13.0;19.0;23.0;559.0;28.0;2.0;7.0;19.0;432.0;28.0;0.0;28.0;686.0;28.0;74.0;5;4;4;4;4;5;4;1;0;0;0;0;0;0;0;0;0;0;0;0;0;0;0;0.0;0.0;1.0;0.0;0.0;0.0;0.0;0.0;0.0;0.0;0.0;0.0;0.0;0.0;0.0;0.0;0.0;0.0;0.0;0.0;0.0;0.0;0.0;0.0;0.0;0.0;0.0;0.0;1.0;0.0;0.0;0.0;0.0;0.0;0.0;2.0;0.0;0.0;0.0;0.0;0.0;0;1;0;0;PINHAIS;REGIÃO LESTE;4;4947.0;4090.0;3212.0;2526.0;2280.0;3264.0;4490.0;4779.0;5255.0;5290.0;5111.0;4820.0
5620.0;2017-05-31;9.0;15.0;18.0;22.0;545.0;28.0;3.0;9.0;17.0;425.0;28.0;0.0;28.0;665.0;40.0;104.0;4;5;4;5;4;4;5;0;0;0;0;0;0;0;1;0;0;0;0;0;0;0;0;0.0;0.0;1.0;0.0;0.0;0.0;0.0;0.0;0.0;0.0;0.0;0.0;0.0;0.0;0.0;0.0;0.0;0.0;0.0;0.0;0.0;0.0;0.0;0.0;0.0;0.0;0.0;0.0;1.0;0.0;0.0;0.0;0.0;0.0;0.0;2.0;0.0;0.0;0.0;0.0;0.0;0;0;0;0;PINHAIS;REGIÃO LESTE;5;4830.0;4947.0;4090.0;3212.0;2526.0;2280.0;3264.0;4490.0;4779.0;5255.0;5290.0;5111.0
5320.0;2017-06-30;6.0;11.0;16.0;21.0;473.0;26.0;6.0;6.0;18.0;332.0;26.0;0.0;26.0;613.0;118.0;182.0;4;4;5;4;5;4;4;0;0;0;0;0;0;1;0;0;0;0;0;0;0;0;0;0.0;0.0;1.0;0.0;0.0;0.0;0.0;0.0;0.0;0.0;0.0;0.0;0.0;0.0;0.0;0.0;0.0;0.0;0.0;0.0;0.0;0.0;0.0;0.0;0.0;0.0;0.0;0.0;1.0;0.0;0.0;0.0;0.0;0.0;0.0;2.0;0.0;0.0;0.0;0.0;0.0;0;1;0;0;PINHAIS;REGIÃO LESTE;6;5620.0;4830.0;4947.0;4090.0;3212.0;2526.0;2280.0;3264.0;4490.0;4779.0;5255.0;5290.0
4503.0;2017-07-31;4.0;8.0;15.0;18.0;463.0;25.0;0.0;4.0;12.0;288.0;25.0;0.0;25.0;639.0;2.0;6.0;5;4;4;5;4;5;4;0;0;0;0;0;1;0;0;0;0;0;0;0;0;0;0;0.0;0.0;1.0;0.0;0.0;0.0;0.0;0.0;0.0;0.0;0.0;0.0;0.0;0.0;0.0;0.0;0.0;0.0;0.0;0.0;0.0;0.0;0.0;0.0;0.0;0.0;0.0;0.0;1.0;0.0;0.0;0.0;0.0;0.0;0.0;2.0;0.0;0.0;0.0;0.0;0.0;16;0;0;0;PINHAIS;REGIÃO LESTE;7;5320.0;5620.0;4830.0;4947.0;4090.0;3212.0;2526.0;2280.0;3264.0;4490.0;4779.0;5255.0
5068.0;2017-08-31;7.0;10.0;16.0;22.0;505.0;31.0;3.0;7.0;16.0;357.0;31.0;0.0;31.0;653.0;49.0;97.0;4;5;5;4;4;4;5;0;1;0;0;0;0;0;0;0;0;0;0;0;0;0;0;0.0;0.0;1.0;0.0;0.0;0.0;0.0;0.0;0.0;0.0;0.0;0.0;0.0;0.0;0.0;0.0;0.0;0.0;0.0;0.0;0.0;0.0;0.0;0.0;0.0;0.0;0.0;0.0;1.0;0.0;0.0;0.0;0.0;0.0;0.0;2.0;0.0;0.0;0.0;0.0;0.0;0;0;0;0;PINHAIS;REGIÃO LESTE;8;4503.0;5320.0;5620.0;4830.0;4947.0;4090.0;3212.0;2526.0;2280.0;3264.0;4490.0;4779.0
5720.0;2017-09-30;10.0;15.0;20.0;24.0;608.0;32.0;1.0;10.0;18.0;423.0;32.0;0.0;32.0;794.0;23.0;43.0;4;4;4;4;5;5;4;0;0;0;0;0;0;0;0;0;0;0;1;0;0;0;0;0.0;0.0;1.0;0.0;0.0;0.0;0.0;0.0;0.0;0.0;0.0;0.0;0.0;0.0;0.0;0.0;0.0;0.0;0.0;0.0;0.0;0.0;0.0;0.0;0.0;0.0;0.0;0.0;1.0;0.0;0.0;0.0;0.0;0.0;0.0;2.0;0.0;0.0;0.0;0.0;0.0;0;0;0;0;PINHAIS;REGIÃO LESTE;9;5068.0;4503.0;5320.0;5620.0;4830.0;4947.0;4090.0;3212.0;2526.0;2280.0;3264.0;4490.0
5477.0;2017-10-31;8.0;14.0;19.0;24.0;591.0;32.0;7.0;8.0;17.0;440.0;32.0;0.0;32.0;742.0;35.0;227.0;5;4;4;5;4;4;5;0;0;0;0;0;0;0;0;0;0;1;0;0;0;0;0;0.0;0.0;1.0;0.0;0.0;0.0;0.0;0.0;0.0;0.0;0.0;0.0;0.0;0.0;0.0;0.0;0.0;0.0;0.0;0.0;0.0;0.0;0.0;0.0;0.0;0.0;0.0;0.0;1.0;0.0;0.0;0.0;0.0;0.0;0.0;2.0;0.0;0.0;0.0;0.0;0.0;0;0;0;0;PINHAIS;REGIÃO LESTE;10;5720.0;5068.0;4503.0;5320.0;5620.0;4830.0;4947.0;4090.0;3212.0;2526.0;2280.0;3264.0
4990.0;2017-11-30;10.0;14.0;19.0;25.0;580.0;32.0;4.0;10.0;18.0;428.0;32.0;0.0;32.0;732.0;54.0;134.0;4;5;5;4;4;4;4;0;0;0;0;0;0;0;0;0;1;0;0;0;0;0;0;0.0;0.0;1.0;0.0;0.0;0.0;0.0;0.0;0.0;0.0;0.0;0.0;0.0;0.0;0.0;0.0;0.0;0.0;0.0;0.0;0.0;0.0;0.0;0.0;0.0;0.0;0.0;0.0;1.0;0.0;0.0;0.0;0.0;0.0;0.0;2.0;0.0;0.0;0.0;0.0;0.0;0;0;0;0;PINHAIS;REGIÃO LESTE;11;5477.0;5720.0;5068.0;4503.0;5320.0;5620.0;4830.0;4947.0;4090.0;3212.0;2526.0;2280.0
3949.0;2017-12-31;14.0;16.0;22.0;25.0;670.0;32.0;4.0;14.0;21.0;534.0;32.0;0.0;32.0;806.0;44.0;138.0;5;4;4;4;5;5;4;0;0;1;0;0;0;0;0;0;0;0;0;0;0;0;0;0.0;0.0;1.0;0.0;0.0;0.0;0.0;0.0;0.0;0.0;0.0;0.0;0.0;0.0;0.0;0.0;0.0;0.0;0.0;0.0;0.0;0.0;0.0;0.0;0.0;0.0;0.0;0.0;1.0;0.0;0.0;0.0;0.0;0.0;0.0;2.0;0.0;0.0;0.0;0.0;0.0;0;0;0;0;PINHAIS;REGIÃO LESTE;12;4990.0;5477.0;5720.0;5068.0;4503.0;5320.0;5620.0;4830.0;4947.0;4090.0;3212.0;2526.0
3841.0;2018-01-31;14.0;18.0;22.0;25.0;682.0;31.0;10.0;14.0;20.0;547.0;31.0;0.0;31.0;818.0;88.0;320.0;4;5;4;5;4;4;5;0;0;0;0;1;0;0;0;0;0;0;0;0;0;0;0;0.0;0.0;0.0;1.0;0.0;0.0;0.0;0.0;0.0;0.0;0.0;0.0;0.0;0.0;0.0;0.0;0.0;0.0;0.0;0.0;0.0;0.0;0.0;0.0;0.0;0.0;0.0;0.0;1.0;0.0;0.0;0.0;0.0;0.0;0.0;2.0;0.0;0.0;0.0;0.0;0.0;31;0;0;0;PINHAIS;REGIÃO LESTE;13;3949.0;4990.0;5477.0;5720.0;5068.0;4503.0;5320.0;5620.0;4830.0;4947.0;4090.0;3212.0
4316.0;2018-02-28;14.0;17.0;21.0;25.0;586.0;31.0;3.0;14.0;21.0;457.0;31.0;0.0;31.0;715.0;43.0;91.0;4;4;4;4;4;4;4;0;0;0;1;0;0;0;0;0;0;0;0;0;0;0;0;0.0;0.0;0.0;1.0;0.0;0.0;0.0;0.0;0.0;0.0;0.0;0.0;0.0;0.0;0.0;0.0;0.0;0.0;0.0;0.0;0.0;0.0;0.0;0.0;0.0;0.0;0.0;0.0;1.0;0.0;0.0;0.0;0.0;0.0;0.0;2.0;0.0;0.0;0.0;0.0;0.0;0;3;0;0;PINHAIS;REGIÃO LESTE;14;3841.0;3949.0;4990.0;5477.0;5720.0;5068.0;4503.0;5320.0;5620.0;4830.0;4947.0;4090.0
5345.0;2018-03-31;16.0;18.0;23.0;25.0;701.0;31.0;10.0;16.0;21.0;564.0;31.0;0.0;31.0;838.0;68.0;302.0;4;4;5;4;5;5;4;0;0;0;0;0;0;0;0;1;0;0;0;0;0;0;0;0.0;0.0;0.0;1.0;0.0;0.0;0.0;0.0;0.0;0.0;0.0;0.0;0.0;0.0;0.0;0.0;0.0;0.0;0.0;0.0;0.0;0.0;0.0;0.0;0.0;0.0;0.0;0.0;1.0;0.0;0.0;0.0;0.0;0.0;0.0;2.0;0.0;0.0;0.0;0.0;0.0;0;1;0;0;PINHAIS;REGIÃO LESTE;15;4316.0;3841.0;3949.0;4990.0;5477.0;5720.0;5068.0;4503.0;5320.0;5620.0;4830.0;4947.0
5670.0;2018-04-30;12.0;16.0;20.0;23.0;615.0;29.0;1.0;12.0;19.0;461.0;29.0;0.0;29.0;769.0;8.0;22.0;5;4;4;5;4;4;4;1;0;0;0;0;0;0;0;0;0;0;0;0;0;0;0;0.0;0.0;0.0;1.0;0.0;0.0;0.0;0.0;0.0;0.0;0.0;0.0;0.0;0.0;0.0;0.0;0.0;0.0;0.0;0.0;0.0;0.0;0.0;0.0;0.0;0.0;0.0;0.0;1.0;0.0;0.0;0.0;0.0;0.0;0.0;2.0;0.0;0.0;0.0;0.0;0.0;0;0;0;0;PINHAIS;REGIÃO LESTE;16;5345.0;4316.0;3841.0;3949.0;4990.0;5477.0;5720.0;5068.0;4503.0;5320.0;5620.0;4830.0
5425.0;2018-05-31;6.0;11.0;18.0;22.0;550.0;28.0;1.0;6.0;18.0;408.0;28.0;0.0;28.0;691.0;20.0;26.0;4;5;5;4;4;4;5;0;0;0;0;0;0;0;1;0;0;0;0;0;0;0;0;0.0;0.0;0.0;1.0;0.0;0.0;0.0;0.0;0.0;0.0;0.0;0.0;0.0;0.0;0.0;0.0;0.0;0.0;0.0;0.0;0.0;0.0;0.0;0.0;0.0;0.0;0.0;0.0;1.0;0.0;0.0;0.0;0.0;0.0;0.0;2.0;0.0;0.0;0.0;0.0;0.0;0;1;0;0;PINHAIS;REGIÃO LESTE;17;5670.0;5345.0;4316.0;3841.0;3949.0;4990.0;5477.0;5720.0;5068.0;4503.0;5320.0;5620.0
5870.0;2018-06-30;8.0;8.0;15.0;22.0;463.0;27.0;3.0;8.0;17.0;343.0;27.0;0.0;27.0;583.0;23.0;91.0;4;4;4;4;5;5;4;0;0;0;0;0;0;1;0;0;0;0;0;0;0;0;0;0.0;0.0;0.0;1.0;0.0;0.0;0.0;0.0;0.0;0.0;0.0;0.0;0.0;0.0;0.0;0.0;0.0;0.0;0.0;0.0;0.0;0.0;0.0;0.0;0.0;0.0;0.0;0.0;1.0;0.0;0.0;0.0;0.0;0.0;0.0;2.0;0.0;0.0;0.0;0.0;0.0;0;0;0;0;PINHAIS;REGIÃO LESTE;18;5425.0;5670.0;5345.0;4316.0;3841.0;3949.0;4990.0;5477.0;5720.0;5068.0;4503.0;5320.0
5722.0;2018-07-31;7.0;11.0;17.0;21.0;517.0;27.0;0.0;7.0;16.0;354.0;27.0;0.0;27.0;680.0;4.0;4.0;5;4;4;5;4;4;5;0;0;0;0;0;1;0;0;0;0;0;0;0;0;0;0;0.0;0.0;0.0;1.0;0.0;0.0;0.0;0.0;0.0;0.0;0.0;0.0;0.0;0.0;0.0;0.0;0.0;0.0;0.0;0.0;0.0;0.0;0.0;0.0;0.0;0.0;0.0;0.0;1.0;0.0;0.0;0.0;0.0;0.0;0.0;2.0;0.0;0.0;0.0;0.0;0.0;16;0;0;0;PINHAIS;REGIÃO LESTE;19;5870.0;5425.0;5670.0;5345.0;4316.0;3841.0;3949.0;4990.0;5477.0;5720.0;5068.0;4503.0
5647.0;2018-08-31;7.0;10.0;15.0;22.0;480.0;30.0;1.0;7.0;15.0;325.0;30.0;0.0;30.0;635.0;9.0;17.0;4;5;5;4;5;4;4;0;1;0;0;0;0;0;0;0;0;0;0;0;0;0;0;0.0;0.0;0.0;1.0;0.0;0.0;0.0;0.0;0.0;0.0;0.0;0.0;0.0;0.0;0.0;0.0;0.0;0.0;0.0;0.0;0.0;0.0;0.0;0.0;0.0;0.0;0.0;0.0;1.0;0.0;0.0;0.0;0.0;0.0;0.0;2.0;0.0;0.0;0.0;0.0;0.0;0;0;0;0;PINHAIS;REGIÃO LESTE;20;5722.0;5870.0;5425.0;5670.0;5345.0;4316.0;3841.0;3949.0;4990.0;5477.0;5720.0;5068.0
5970.0;2018-09-30;6.0;12.0;18.0;23.0;540.0;30.0;2.0;6.0;17.0;402.0;30.0;0.0;30.0;679.0;10.0;65.0;5;4;4;4;4;5;4;0;0;0;0;0;0;0;0;0;0;0;1;0;0;0;0;0.0;0.0;0.0;1.0;0.0;0.0;0.0;0.0;0.0;0.0;0.0;0.0;0.0;0.0;0.0;0.0;0.0;0.0;0.0;0.0;0.0;0.0;0.0;0.0;0.0;0.0;0.0;0.0;1.0;0.0;0.0;0.0;0.0;0.0;0.0;2.0;0.0;0.0;0.0;0.0;0.0;0;0;0;0;PINHAIS;REGIÃO LESTE;21;5647.0;5722.0;5870.0;5425.0;5670.0;5345.0;4316.0;3841.0;3949.0;4990.0;5477.0;5720.0
5767.0;2018-10-31;11.0;13.0;18.0;23.0;566.0;28.0;9.0;11.0;18.0;446.0;28.0;0.0;28.0;687.0;33.0;264.0;4;5;4;5;4;4;5;0;0;0;0;0;0;0;0;0;0;1;0;0;0;0;0;0.0;0.0;0.0;1.0;0.0;0.0;0.0;0.0;0.0;0.0;0.0;0.0;0.0;0.0;0.0;0.0;0.0;0.0;0.0;0.0;0.0;0.0;0.0;0.0;0.0;0.0;0.0;0.0;1.0;0.0;0.0;0.0;0.0;0.0;0.0;2.0;0.0;0.0;0.0;0.0;0.0;0;0;0;0;PINHAIS;REGIÃO LESTE;22;5970.0;5647.0;5722.0;5870.0;5425.0;5670.0;5345.0;4316.0;3841.0;3949.0;4990.0;5477.0
5050.0;2018-11-30;11.0;15.0;20.0;25.0;605.0;31.0;2.0;11.0;20.0;467.0;31.0;0.0;31.0;743.0;32.0;68.0;4;4;5;4;5;4;4;0;0;0;0;0;0;0;0;0;1;0;0;0;0;0;0;0.0;0.0;0.0;1.0;0.0;0.0;0.0;0.0;0.0;0.0;0.0;0.0;0.0;0.0;0.0;0.0;0.0;0.0;0.0;0.0;0.0;0.0;0.0;0.0;0.0;0.0;0.0;0.0;1.0;0.0;0.0;0.0;0.0;0.0;0.0;2.0;0.0;0.0;0.0;0.0;0.0;0;0;0;0;PINHAIS;REGIÃO LESTE;23;5767.0;5970.0;5647.0;5722.0;5870.0;5425.0;5670.0;5345.0;4316.0;3841.0;3949.0;4990.0
3845.0;2018-12-31;12.0;16.0;23.0;27.0;725.0;33.0;2.0;12.0;22.0;546.0;33.0;0.0;33.0;904.0;20.0;54.0;5;4;4;5;4;5;4;0;0;1;0;0;0;0;0;0;0;0;0;0;0;0;0;0.0;0.0;0.0;1.0;0.0;0.0;0.0;0.0;0.0;0.0;0.0;0.0;0.0;0.0;0.0;0.0;0.0;0.0;0.0;0.0;0.0;0.0;0.0;0.0;0.0;0.0;0.0;0.0;1.0;0.0;0.0;0.0;0.0;0.0;0.0;2.0;0.0;0.0;0.0;0.0;0.0;0;0;0;0;PINHAIS;REGIÃO LESTE;24;5050.0;5767.0;5970.0;5647.0;5722.0;5870.0;5425.0;5670.0;5345.0;4316.0;3841.0;3949.0
3633.0;2019-01-31;17.0;21.0;25.0;28.0;768.0;34.0;5.0;17.0;22.0;602.0;34.0;0.0;34.0;935.0;32.0;161.0;4;5;5;4;4;4;5;0;0;0;0;1;0;0;0;0;0;0;0;0;0;0;0;0.0;0.0;0.0;0.0;1.0;0.0;0.0;0.0;0.0;0.0;0.0;0.0;0.0;0.0;0.0;0.0;0.0;0.0;0.0;0.0;0.0;0.0;0.0;0.0;0.0;0.0;0.0;0.0;1.0;0.0;0.0;0.0;0.0;0.0;0.0;2.0;0.0;0.0;0.0;0.0;0.0;31;0;0;0;PINHAIS;REGIÃO LESTE;25;3845.0;5050.0;5767.0;5970.0;5647.0;5722.0;5870.0;5425.0;5670.0;5345.0;4316.0;3841.0
4092.0;2019-02-28;15.0;17.0;22.0;27.0;614.0;33.0;10.0;15.0;22.0;491.0;33.0;0.0;33.0;737.0;120.0;278.0;4;4;4;4;4;4;4;0;0;0;1;0;0;0;0;0;0;0;0;0;0;0;0;0.0;0.0;0.0;0.0;1.0;0.0;0.0;0.0;0.0;0.0;0.0;0.0;0.0;0.0;0.0;0.0;0.0;0.0;0.0;0.0;0.0;0.0;0.0;0.0;0.0;0.0;0.0;0.0;1.0;0.0;0.0;0.0;0.0;0.0;0.0;2.0;0.0;0.0;0.0;0.0;0.0;0;0;0;0;PINHAIS;REGIÃO LESTE;26;3633.0;3845.0;5050.0;5767.0;5970.0;5647.0;5722.0;5870.0;5425.0;5670.0;5345.0;4316.0
5454.0;2019-03-31;13.0;17.0;21.0;25.0;666.0;31.0;2.0;13.0;20.0;530.0;31.0;0.0;31.0;802.0;12.0;65.0;5;4;4;4;5;5;4;0;0;0;0;0;0;0;0;1;0;0;0;0;0;0;0;0.0;0.0;0.0;0.0;1.0;0.0;0.0;0.0;0.0;0.0;0.0;0.0;0.0;0.0;0.0;0.0;0.0;0.0;0.0;0.0;0.0;0.0;0.0;0.0;0.0;0.0;0.0;0.0;1.0;0.0;0.0;0.0;0.0;0.0;0.0;2.0;0.0;0.0;0.0;0.0;0.0;0;3;0;0;PINHAIS;REGIÃO LESTE;27;4092.0;3633.0;3845.0;5050.0;5767.0;5970.0;5647.0;5722.0;5870.0;5425.0;5670.0;5345.0
5560.0;2019-04-30;12.0;16.0;21.0;24.0;619.0;29.0;3.0;12.0;20.0;485.0;29.0;0.0;29.0;754.0;20.0;101.0;4;4;4;5;4;4;5;1;0;0;0;0;0;0;0;0;0;0;0;0;0;0;0;0.0;0.0;0.0;0.0;1.0;0.0;0.0;0.0;0.0;0.0;0.0;0.0;0.0;0.0;0.0;0.0;0.0;0.0;0.0;0.0;0.0;0.0;0.0;0.0;0.0;0.0;0.0;0.0;1.0;0.0;0.0;0.0;0.0;0.0;0.0;2.0;0.0;0.0;0.0;0.0;0.0;0;1;0;0;PINHAIS;REGIÃO LESTE;28;5454.0;4092.0;3633.0;3845.0;5050.0;5767.0;5970.0;5647.0;5722.0;5870.0;5425.0;5670.0
5472.0;2019-05-31;8.0;14.0;18.0;24.0;567.0;30.0;8.0;8.0;19.0;455.0;30.0;0.0;30.0;679.0;59.0;243.0;4;5;5;4;5;4;4;0;0;0;0;0;0;0;1;0;0;0;0;0;0;0;0;0.0;0.0;0.0;0.0;1.0;0.0;0.0;0.0;0.0;0.0;0.0;0.0;0.0;0.0;0.0;0.0;0.0;0.0;0.0;0.0;0.0;0.0;0.0;0.0;0.0;0.0;0.0;0.0;1.0;0.0;0.0;0.0;0.0;0.0;0.0;2.0;0.0;0.0;0.0;0.0;0.0;0;0;0;0;PINHAIS;REGIÃO LESTE;29;5560.0;5454.0;4092.0;3633.0;3845.0;5050.0;5767.0;5970.0;5647.0;5722.0;5870.0;5425.0
5060.0;2019-06-30;8.0;12.0;17.0;20.0;510.0;26.0;2.0;8.0;15.0;354.0;26.0;0.0;26.0;666.0;28.0;66.0;5;4;4;4;4;5;4;0;0;0;0;0;0;1;0;0;0;0;0;0;0;0;0;0.0;0.0;0.0;0.0;1.0;0.0;0.0;0.0;0.0;0.0;0.0;0.0;0.0;0.0;0.0;0.0;0.0;0.0;0.0;0.0;0.0;0.0;0.0;0.0;0.0;0.0;0.0;0.0;1.0;0.0;0.0;0.0;0.0;0.0;0.0;2.0;0.0;0.0;0.0;0.0;0.0;0;1;0;0;PINHAIS;REGIÃO LESTE;30;5472.0;5560.0;5454.0;4092.0;3633.0;3845.0;5050.0;5767.0;5970.0;5647.0;5722.0;5870.0
4589.0;2019-07-31;6.0;10.0;16.0;20.0;491.0;26.0;0.0;6.0;15.0;326.0;26.0;0.0;26.0;655.0;5.0;12.0;4;5;4;5;4;4;5;0;0;0;0;0;1;0;0;0;0;0;0;0;0;0;0;0.0;0.0;0.0;0.0;1.0;0.0;0.0;0.0;0.0;0.0;0.0;0.0;0.0;0.0;0.0;0.0;0.0;0.0;0.0;0.0;0.0;0.0;0.0;0.0;0.0;0.0;0.0;0.0;1.0;0.0;0.0;0.0;0.0;0.0;0.0;2.0;0.0;0.0;0.0;0.0;0.0;16;0;0;0;PINHAIS;REGIÃO LESTE;31;5060.0;5472.0;5560.0;5454.0;4092.0;3633.0;3845.0;5050.0;5767.0;5970.0;5647.0;5722.0
5023.0;2019-08-31;6.0;9.0;16.0;23.0;493.0;30.0;2.0;6.0;17.0;326.0;30.0;0.0;30.0;660.0;20.0;49.0;4;4;5;4;5;5;4;0;1;0;0;0;0;0;0;0;0;0;0;0;0;0;0;0.0;0.0;0.0;0.0;1.0;0.0;0.0;0.0;0.0;0.0;0.0;0.0;0.0;0.0;0.0;0.0;0.0;0.0;0.0;0.0;0.0;0.0;0.0;0.0;0.0;0.0;0.0;0.0;1.0;0.0;0.0;0.0;0.0;0.0;0.0;2.0;0.0;0.0;0.0;0.0;0.0;0;0;0;0;PINHAIS;REGIÃO LESTE;32;4589.0;5060.0;5472.0;5560.0;5454.0;4092.0;3633.0;3845.0;5050.0;5767.0;5970.0;5647.0
5270.0;2019-09-30;8.0;10.0;18.0;26.0;535.0;34.0;4.0;8.0;18.0;385.0;34.0;0.0;34.0;685.0;32.0;125.0;5;4;4;5;4;4;4;0;0;0;0;0;0;0;0;0;0;0;1;0;0;0;0;0.0;0.0;0.0;0.0;1.0;0.0;0.0;0.0;0.0;0.0;0.0;0.0;0.0;0.0;0.0;0.0;0.0;0.0;0.0;0.0;0.0;0.0;0.0;0.0;0.0;0.0;0.0;0.0;1.0;0.0;0.0;0.0;0.0;0.0;0.0;2.0;0.0;0.0;0.0;0.0;0.0;0;0;0;0;PINHAIS;REGIÃO LESTE;33;5023.0;4589.0;5060.0;5472.0;5560.0;5454.0;4092.0;3633.0;3845.0;5050.0;5767.0;5970.0
4941.0;2019-10-31;11.0;14.0;21.0;26.0;646.0;34.0;3.0;11.0;19.0;470.0;34.0;0.0;34.0;821.0;26.0;85.0;4;5;5;4;4;4;5;0;0;0;0;0;0;0;0;0;0;1;0;0;0;0;0;0.0;0.0;0.0;0.0;1.0;0.0;0.0;0.0;0.0;0.0;0.0;0.0;0.0;0.0;0.0;0.0;0.0;0.0;0.0;0.0;0.0;0.0;0.0;0.0;0.0;0.0;0.0;0.0;1.0;0.0;0.0;0.0;0.0;0.0;0.0;2.0;0.0;0.0;0.0;0.0;0.0;0;0;0;0;PINHAIS;REGIÃO LESTE;34;5270.0;5023.0;4589.0;5060.0;5472.0;5560.0;5454.0;4092.0;3633.0;3845.0;5050.0;5767.0
4550.0;2019-11-30;12.0;15.0;20.0;25.0;612.0;32.0;3.0;12.0;19.0;462.0;32.0;0.0;32.0;762.0;33.0;99.0;4;4;4;4;5;5;4;0;0;0;0;0;0;0;0;0;1;0;0;0;0;0;0;0.0;0.0;0.0;0.0;1.0;0.0;0.0;0.0;0.0;0.0;0.0;0.0;0.0;0.0;0.0;0.0;0.0;0.0;0.0;0.0;0.0;0.0;0.0;0.0;0.0;0.0;0.0;0.0;1.0;0.0;0.0;0.0;0.0;0.0;0.0;2.0;0.0;0.0;0.0;0.0;0.0;0;0;0;0;PINHAIS;REGIÃO LESTE;35;4941.0;5270.0;5023.0;4589.0;5060.0;5472.0;5560.0;5454.0;4092.0;3633.0;3845.0;5050.0
3977.0;2019-12-31;13.0;17.0;22.0;26.0;667.0;33.0;2.0;13.0;19.0;512.0;33.0;0.0;33.0;822.0;21.0;64.0;5;4;4;5;4;4;5;0;0;1;0;0;0;0;0;0;0;0;0;0;0;0;0;0.0;0.0;0.0;0.0;1.0;0.0;0.0;0.0;0.0;0.0;0.0;0.0;0.0;0.0;0.0;0.0;0.0;0.0;0.0;0.0;0.0;0.0;0.0;0.0;0.0;0.0;0.0;0.0;1.0;0.0;0.0;0.0;0.0;0.0;0.0;2.0;0.0;0.0;0.0;0.0;0.0;0;0;0;0;PINHAIS;REGIÃO LESTE;36;4550.0;4941.0;5270.0;5023.0;4589.0;5060.0;5472.0;5560.0;5454.0;4092.0;3633.0;3845.0
5622.0;2020-01-31;14.0;17.0;23.0;26.0;704.0;32.0;7.0;14.0;21.0;555.0;32.0;0.0;32.0;852.0;59.0;208.0;4;5;5;4;5;4;4;0;0;0;0;1;0;0;0;0;0;0;0;0;0;0;0;0.0;0.0;0.0;0.0;0.0;1.0;0.0;0.0;0.0;0.0;0.0;0.0;0.0;0.0;0.0;0.0;0.0;0.0;0.0;0.0;0.0;0.0;0.0;0.0;0.0;0.0;0.0;0.0;1.0;0.0;0.0;0.0;0.0;0.0;0.0;2.0;0.0;0.0;0.0;0.0;0.0;31;0;0;0;PINHAIS;REGIÃO LESTE;37;3977.0;4550.0;4941.0;5270.0;5023.0;4589.0;5060.0;5472.0;5560.0;5454.0;4092.0;3633.0
5711.0;2020-02-29;11.0;17.0;21.0;27.0;622.0;32.0;3.0;11.0;21.0;495.0;32.0;0.0;32.0;749.0;19.0;101.0;4;4;4;4;4;5;4;0;0;0;1;0;0;0;0;0;0;0;0;0;0;0;0;0.0;0.0;0.0;0.0;0.0;1.0;0.0;0.0;0.0;0.0;0.0;0.0;0.0;0.0;0.0;0.0;0.0;0.0;0.0;0.0;0.0;0.0;0.0;0.0;0.0;0.0;0.0;0.0;1.0;0.0;0.0;0.0;0.0;0.0;0.0;2.0;0.0;0.0;0.0;1.0;1.0;0;3;0;0;PINHAIS;REGIÃO LESTE;38;5622.0;3977.0;4550.0;4941.0;5270.0;5023.0;4589.0;5060.0;5472.0;5560.0;5454.0;4092.0
4788.0;2020-03-31;12.0;18.0;21.0;25.0;658.0;32.0;0.0;12.0;19.0;480.0;32.0;0.0;32.0;836.0;5.0;14.0;5;4;4;5;4;4;5;0;0;0;0;0;0;0;0;1;0;0;0;0;0;0;0;0.0;0.0;0.0;0.0;0.0;1.0;0.0;0.0;0.0;0.0;0.0;0.0;0.0;0.0;0.0;0.0;0.0;0.0;0.0;0.0;0.0;0.0;0.0;0.0;0.0;0.0;0.0;0.0;1.0;0.0;0.0;0.0;0.0;0.0;0.0;2.0;0.0;0.0;0.0;1.0;1.0;0;0;15;0;PINHAIS;REGIÃO LESTE;39;5711.0;5622.0;3977.0;4550.0;4941.0;5270.0;5023.0;4589.0;5060.0;5472.0;5560.0;5454.0
3360.0;2020-04-30;8.0;15.0;19.0;24.0;573.0;31.0;1.0;8.0;18.0;395.0;31.0;0.0;31.0;751.0;14.0;21.0;4;5;5;4;4;4;4;1;0;0;0;0;0;0;0;0;0;0;0;0;0;0;0;0.0;0.0;0.0;0.0;0.0;1.0;0.0;0.0;0.0;0.0;0.0;0.0;0.0;0.0;0.0;0.0;0.0;0.0;0.0;0.0;0.0;0.0;0.0;0.0;0.0;0.0;0.0;0.0;1.0;0.0;0.0;0.0;0.0;0.0;0.0;2.0;0.0;0.0;0.0;1.0;1.0;0;1;30;0;PINHAIS;REGIÃO LESTE;40;4788.0;5711.0;5622.0;3977.0;4550.0;4941.0;5270.0;5023.0;4589.0;5060.0;5472.0;5560.0
3090.0;2020-05-31;6.0;13.0;16.0;21.0;509.0;26.0;1.0;6.0;17.0;327.0;26.0;0.0;26.0;692.0;12.0;25.0;5;4;4;4;5;5;4;0;0;0;0;0;0;0;1;0;0;0;0;0;0;0;0;0.0;0.0;0.0;0.0;0.0;1.0;0.0;0.0;0.0;0.0;0.0;0.0;0.0;0.0;0.0;0.0;0.0;0.0;0.0;0.0;0.0;0.0;0.0;0.0;0.0;0.0;0.0;0.0;1.0;0.0;0.0;0.0;0.0;0.0;0.0;2.0;0.0;0.0;0.0;1.0;1.0;0;0;31;0;PINHAIS;REGIÃO LESTE;41;3360.0;4788.0;5711.0;5622.0;3977.0;4550.0;4941.0;5270.0;5023.0;4589.0;5060.0;5472.0
3000.0;2020-06-30;8.0;10.0;17.0;22.0;498.0;27.0;5.0;8.0;19.0;360.0;27.0;0.0;27.0;636.0;65.0;143.0;4;4;4;5;4;4;5;0;0;0;0;0;0;1;0;0;0;0;0;0;0;0;0;0.0;0.0;0.0;0.0;0.0;1.0;0.0;0.0;0.0;0.0;0.0;0.0;0.0;0.0;0.0;0.0;0.0;0.0;0.0;0.0;0.0;0.0;0.0;0.0;0.0;0.0;0.0;0.0;1.0;0.0;0.0;0.0;0.0;0.0;0.0;2.0;0.0;0.0;0.0;1.0;1.0;0;1;30;0;PINHAIS;REGIÃO LESTE;42;3090.0;3360.0;4788.0;5711.0;5622.0;3977.0;4550.0;4941.0;5270.0;5023.0;4589.0;5060.0
3205.0;2020-07-31;6.0;10.0;16.0;20.0;498.0;27.0;1.0;6.0;15.0;334.0;27.0;0.0;27.0;662.0;17.0;28.0;4;5;5;4;5;4;4;0;0;0;0;0;1;0;0;0;0;0;0;0;0;0;0;0.0;0.0;0.0;0.0;0.0;1.0;0.0;0.0;0.0;0.0;0.0;0.0;0.0;0.0;0.0;0.0;0.0;0.0;0.0;0.0;0.0;0.0;0.0;0.0;0.0;0.0;0.0;0.0;1.0;0.0;0.0;0.0;0.0;0.0;0.0;2.0;0.0;0.0;0.0;1.0;1.0;0;0;31;0;PINHAIS;REGIÃO LESTE;43;3000.0;3090.0;3360.0;4788.0;5711.0;5622.0;3977.0;4550.0;4941.0;5270.0;5023.0;4589.0
3100.0;2020-08-31;6.0;8.0;16.0;22.0;503.0;31.0;4.0;6.0;14.0;330.0;31.0;0.0;31.0;675.0;31.0;132.0;5;4;4;5;4;5;4;0;1;0;0;0;0;0;0;0;0;0;0;0;0;0;0;0.0;0.0;0.0;0.0;0.0;1.0;0.0;0.0;0.0;0.0;0.0;0.0;0.0;0.0;0.0;0.0;0.0;0.0;0.0;0.0;0.0;0.0;0.0;0.0;0.0;0.0;0.0;0.0;1.0;0.0;0.0;0.0;0.0;0.0;0.0;2.0;0.0;0.0;0.0;1.0;1.0;0;0;31;0;PINHAIS;REGIÃO LESTE;44;3205.0;3000.0;3090.0;3360.0;4788.0;5711.0;5622.0;3977.0;4550.0;4941.0;5270.0;5023.0
3630.0;2020-09-30;9.0;12.0;20.0;25.0;594.0;34.0;2.0;9.0;18.0;412.0;34.0;0.0;34.0;775.0;34.0;45.0;4;5;4;4;4;4;5;0;0;0;0;0;0;0;0;0;0;0;1;0;0;0;0;0.0;0.0;0.0;0.0;0.0;1.0;0.0;0.0;0.0;0.0;0.0;0.0;0.0;0.0;0.0;0.0;0.0;0.0;0.0;0.0;0.0;0.0;0.0;0.0;0.0;0.0;0.0;0.0;1.0;0.0;0.0;0.0;0.0;0.0;0.0;2.0;0.0;0.0;0.0;1.0;1.0;0;0;30;0;PINHAIS;REGIÃO LESTE;45;3100.0;3205.0;3000.0;3090.0;3360.0;4788.0;5711.0;5622.0;3977.0;4550.0;4941.0;5270.0
3782.0;2020-10-31;11.0;13.0;20.0;27.0;624.0;36.0;4.0;11.0;19.0;452.0;36.0;0.0;36.0;796.0;37.0;118.0;4;4;5;4;5;5;4;0;0;0;0;0;0;0;0;0;0;1;0;0;0;0;0;0.0;0.0;0.0;0.0;0.0;1.0;0.0;0.0;0.0;0.0;0.0;0.0;0.0;0.0;0.0;0.0;0.0;0.0;0.0;0.0;0.0;0.0;0.0;0.0;0.0;0.0;0.0;0.0;1.0;0.0;0.0;0.0;0.0;0.0;0.0;2.0;0.0;0.0;0.0;1.0;1.0;0;0;31;0;PINHAIS;REGIÃO LESTE;46;3630.0;3100.0;3205.0;3000.0;3090.0;3360.0;4788.0;5711.0;5622.0;3977.0;4550.0;4941.0
3390.0;2020-11-30;8.0;14.0;20.0;25.0;595.0;32.0;7.0;8.0;18.0;431.0;32.0;0.0;32.0;759.0;87.0;210.0;5;4;4;5;4;4;4;0;0;0;0;0;0;0;0;0;1;0;0;0;0;0;0;0.0;0.0;0.0;0.0;0.0;1.0;0.0;0.0;0.0;0.0;0.0;0.0;0.0;0.0;0.0;0.0;0.0;0.0;0.0;0.0;0.0;0.0;0.0;0.0;0.0;0.0;0.0;0.0;1.0;0.0;0.0;0.0;0.0;0.0;0.0;2.0;0.0;0.0;0.0;1.0;1.0;0;0;30;0;PINHAIS;REGIÃO LESTE;47;3782.0;3630.0;3100.0;3205.0;3000.0;3090.0;3360.0;4788.0;5711.0;5622.0;3977.0;4550.0
3658.0;2020-12-31;14.0;16.0;22.0;25.0;680.0;32.0;5.0;14.0;19.0;528.0;32.0;0.0;32.0;831.0;26.0;159.0;4;5;5;4;4;4;5;0;0;1;0;0;0;0;0;0;0;0;0;0;0;0;0;0.0;0.0;0.0;0.0;0.0;1.0;0.0;0.0;0.0;0.0;0.0;0.0;0.0;0.0;0.0;0.0;0.0;0.0;0.0;0.0;0.0;0.0;0.0;0.0;0.0;0.0;0.0;0.0;1.0;0.0;0.0;0.0;0.0;0.0;0.0;2.0;0.0;0.0;0.0;1.0;1.0;0;0;31;0;PINHAIS;REGIÃO LESTE;48;3390.0;3782.0;3630.0;3100.0;3205.0;3000.0;3090.0;3360.0;4788.0;5711.0;5622.0;3977.0
3100.0;2021-01-31;14.0;19.0;22.0;26.0;694.0;32.0;7.0;14.0;21.0;570.0;32.0;0.0;32.0;819.0;82.0;215.0;5;4;4;4;5;5;4;0;0;0;0;1;0;0;0;0;0;0;0;1;0;0;0;0.0;0.0;0.0;0.0;0.0;0.0;0.0;0.0;0.0;0.0;0.0;0.0;0.0;0.0;0.0;0.0;0.0;0.0;0.0;0.0;0.0;0.0;0.0;0.0;0.0;0.0;0.0;0.0;1.0;0.0;0.0;0.0;0.0;0.0;0.0;2.0;0.0;0.0;0.0;1.0;1.0;0;0;31;0;PINHAIS;REGIÃO LESTE;49;3658.0;3390.0;3782.0;3630.0;3100.0;3205.0;3000.0;3090.0;3360.0;4788.0;5711.0;5622.0
2912.0;2021-02-28;14.0;18.0;22.0;26.0;619.0;32.0;3.0;14.0;21.0;475.0;32.0;0.0;32.0;763.0;24.0;89.0;4;4;4;4;4;4;4;0;0;0;1;0;0;0;0;0;0;0;0;1;0;0;0;0.0;0.0;0.0;0.0;0.0;0.0;0.0;0.0;0.0;0.0;0.0;0.0;0.0;0.0;0.0;0.0;0.0;0.0;0.0;0.0;0.0;0.0;0.0;0.0;0.0;0.0;0.0;0.0;1.0;0.0;0.0;0.0;0.0;0.0;0.0;2.0;0.0;0.0;0.0;1.0;2.0;0;3;28;0;PINHAIS;REGIÃO LESTE;50;3100.0;3658.0;3390.0;3782.0;3630.0;3100.0;3205.0;3000.0;3090.0;3360.0;4788.0;5711.0
2139.0;2021-03-31;12.0;18.0;23.0;25.0;698.0;31.0;4.0;12.0;20.0;548.0;31.0;0.0;31.0;848.0;60.0;123.0;4;5;4;5;4;4;5;0;0;0;0;0;0;0;0;1;0;0;0;1;0;0;0;0.0;0.0;0.0;0.0;0.0;0.0;0.0;0.0;0.0;0.0;0.0;0.0;0.0;0.0;0.0;0.0;0.0;0.0;0.0;0.0;0.0;0.0;0.0;0.0;0.0;0.0;0.0;0.0;1.0;0.0;0.0;0.0;0.0;0.0;0.0;2.0;0.0;0.0;0.0;1.0;2.0;0;0;31;0;PINHAIS;REGIÃO LESTE;51;2912.0;3100.0;3658.0;3390.0;3782.0;3630.0;3100.0;3205.0;3000.0;3090.0;3360.0;4788.0
2310.0;2021-04-30;10.0;16.0;19.0;22.0;561.0;29.0;0.0;10.0;17.0;422.0;29.0;0.0;29.0;700.0;8.0;12.0;4;4;5;4;5;4;4;1;0;0;0;0;0;0;0;0;0;0;0;1;0;0;0;0.0;0.0;0.0;0.0;0.0;0.0;0.0;0.0;0.0;0.0;0.0;0.0;0.0;0.0;0.0;0.0;0.0;0.0;0.0;0.0;0.0;0.0;0.0;0.0;0.0;0.0;0.0;0.0;1.0;0.0;0.0;0.0;0.0;0.0;0.0;2.0;0.0;0.0;0.0;1.0;2.0;0;1;30;0;PINHAIS;REGIÃO LESTE;52;2139.0;2912.0;3100.0;3658.0;3390.0;3782.0;3630.0;3100.0;3205.0;3000.0;3090.0;3360.0
2418.0;2021-05-31;8.0;12.0;17.0;21.0;517.0;28.0;4.0;8.0;16.0;352.0;28.0;0.0;28.0;683.0;59.0;123.0;5;4;4;5;4;5;4;0;0;0;0;0;0;0;1;0;0;0;0;1;0;0;0;0.0;0.0;0.0;0.0;0.0;0.0;0.0;0.0;0.0;0.0;0.0;0.0;0.0;0.0;0.0;0.0;0.0;0.0;0.0;0.0;0.0;0.0;0.0;0.0;0.0;0.0;0.0;0.0;1.0;0.0;0.0;0.0;0.0;0.0;0.0;2.0;0.0;0.0;0.0;1.0;2.0;0;0;31;0;PINHAIS;REGIÃO LESTE;53;2310.0;2139.0;2912.0;3100.0;3658.0;3390.0;3782.0;3630.0;3100.0;3205.0;3000.0;3090.0
3030.0;2021-06-30;6.0;9.0;15.0;20.0;452.0;26.0;3.0;6.0;15.0;326.0;26.0;0.0;26.0;578.0;46.0;89.0;4;5;4;4;4;4;5;0;0;0;0;0;0;1;0;0;0;0;0;1;0;0;0;0.0;0.0;0.0;0.0;0.0;0.0;0.0;0.0;0.0;0.0;0.0;0.0;0.0;0.0;0.0;0.0;0.0;0.0;0.0;0.0;0.0;0.0;0.0;0.0;0.0;0.0;0.0;0.0;1.0;0.0;0.0;0.0;0.0;0.0;0.0;2.0;0.0;0.0;0.0;1.0;2.0;0;1;30;0;PINHAIS;REGIÃO LESTE;54;2418.0;2310.0;2139.0;2912.0;3100.0;3658.0;3390.0;3782.0;3630.0;3100.0;3205.0;3000.0
2697.0;2021-07-31;-14.0;-3.0;12.0;18.0;361.0;26.0;1.0;-14.0;12.0;168.0;26.0;0.0;26.0;554.0;12.0;18.0;4;4;5;4;5;5;4;0;0;0;0;0;1;0;0;0;0;0;0;1;0;0;0;0.0;0.0;0.0;0.0;0.0;0.0;0.0;0.0;0.0;0.0;0.0;0.0;0.0;0.0;0.0;0.0;0.0;0.0;0.0;0.0;0.0;0.0;0.0;0.0;0.0;0.0;0.0;0.0;1.0;0.0;0.0;0.0;0.0;0.0;0.0;2.0;0.0;0.0;0.0;1.0;2.0;0;0;31;0;PINHAIS;REGIÃO LESTE;55;3030.0;2418.0;2310.0;2139.0;2912.0;3100.0;3658.0;3390.0;3782.0;3630.0;3100.0;3205.0
2790.0;2021-08-31;8.0;9.0;17.0;24.0;518.0;30.0;3.0;8.0;18.0;354.0;30.0;0.0;30.0;681.0;34.0;89.0;5;4;4;5;4;4;5;0;1;0;0;0;0;0;0;0;0;0;0;1;0;0;0;0.0;0.0;0.0;0.0;0.0;0.0;0.0;0.0;0.0;0.0;0.0;0.0;0.0;0.0;0.0;0.0;0.0;0.0;0.0;0.0;0.0;0.0;0.0;0.0;0.0;0.0;0.0;0.0;1.0;0.0;0.0;0.0;0.0;0.0;0.0;2.0;0.0;0.0;0.0;1.0;2.0;0;0;31;0;PINHAIS;REGIÃO LESTE;56;2697.0;3030.0;2418.0;2310.0;2139.0;2912.0;3100.0;3658.0;3390.0;3782.0;3630.0;3100.0
2550.0;2021-09-30;9.0;12.0;19.0;24.0;574.0;31.0;2.0;9.0;18.0;399.0;31.0;0.0;31.0;748.0;16.0;58.0;4;5;5;4;4;4;4;0;0;0;0;0;0;0;0;0;0;0;1;1;0;0;0;0.0;0.0;0.0;0.0;0.0;0.0;0.0;0.0;0.0;0.0;0.0;0.0;0.0;0.0;0.0;0.0;0.0;0.0;0.0;0.0;0.0;0.0;0.0;0.0;0.0;0.0;0.0;0.0;1.0;0.0;0.0;0.0;0.0;0.0;0.0;2.0;0.0;0.0;0.0;1.0;2.0;0;0;30;0;PINHAIS;REGIÃO LESTE;57;2790.0;2697.0;3030.0;2418.0;2310.0;2139.0;2912.0;3100.0;3658.0;3390.0;3782.0;3630.0
2945.0;2021-10-31;10.0;13.0;17.0;21.0;528.0;27.0;6.0;10.0;16.0;412.0;27.0;0.0;27.0;643.0;26.0;172.0;5;4;4;4;5;5;4;0;0;0;0;0;0;0;0;0;0;1;0;1;0;0;0;0.0;0.0;0.0;0.0;0.0;0.0;0.0;0.0;0.0;0.0;0.0;0.0;0.0;0.0;0.0;0.0;0.0;0.0;0.0;0.0;0.0;0.0;0.0;0.0;0.0;0.0;0.0;0.0;1.0;0.0;0.0;0.0;0.0;0.0;0.0;2.0;0.0;0.0;0.0;1.0;2.0;0;0;0;0;PINHAIS;REGIÃO LESTE;58;2550.0;2790.0;2697.0;3030.0;2418.0;2310.0;2139.0;2912.0;3100.0;3658.0;3390.0;3782.0
2820.0;2021-11-30;11.0;16.0;20.0;25.0;611.0;32.0;2.0;11.0;19.0;452.0;32.0;0.0;32.0;770.0;22.0;51.0;4;4;4;5;4;4;5;0;0;0;0;0;0;0;0;0;1;0;0;1;0;0;0;0.0;0.0;0.0;0.0;0.0;0.0;0.0;0.0;0.0;0.0;0.0;0.0;0.0;0.0;0.0;0.0;0.0;0.0;0.0;0.0;0.0;0.0;0.0;0.0;0.0;0.0;0.0;0.0;1.0;0.0;0.0;0.0;0.0;0.0;0.0;2.0;0.0;0.0;0.0;1.0;2.0;0;0;0;0;PINHAIS;REGIÃO LESTE;59;2945.0;2550.0;2790.0;2697.0;3030.0;2418.0;2310.0;2139.0;2912.0;3100.0;3658.0;3390.0
3193.0;2021-12-31;12.0;17.0;22.0;26.0;670.0;33.0;5.0;12.0;20.0;497.0;33.0;0.0;33.0;842.0;47.0;151.0;4;5;5;4;5;4;4;0;0;1;0;0;0;0;0;0;0;0;0;1;0;0;0;0.0;0.0;0.0;0.0;0.0;0.0;0.0;0.0;0.0;0.0;0.0;0.0;0.0;0.0;0.0;0.0;0.0;0.0;0.0;0.0;0.0;0.0;0.0;0.0;0.0;0.0;0.0;0.0;1.0;0.0;0.0;0.0;0.0;0.0;0.0;2.0;0.0;0.0;0.0;1.0;2.0;0;0;0;0;PINHAIS;REGIÃO LESTE;60;2820.0;2945.0;2550.0;2790.0;2697.0;3030.0;2418.0;2310.0;2139.0;2912.0;3100.0;3658.0
3565.0;2022-01-31;14.0;17.0;23.0;27.0;704.0;33.0;7.0;14.0;21.0;552.0;33.0;0.0;33.0;857.0;47.0;211.0;5;4;4;5;4;5;4;0;0;0;0;1;0;0;0;0;0;0;0;0;1;0;0;0.0;0.0;0.0;0.0;0.0;0.0;0.0;0.0;0.0;0.0;0.0;0.0;0.0;0.0;0.0;0.0;0.0;0.0;0.0;0.0;0.0;0.0;0.0;0.0;0.0;0.0;0.0;0.0;1.0;0.0;0.0;0.0;0.0;0.0;0.0;2.0;0.0;0.0;0.0;1.0;2.0;31;0;0;0;PINHAIS;REGIÃO LESTE;61;3193.0;2820.0;2945.0;2550.0;2790.0;2697.0;3030.0;2418.0;2310.0;2139.0;2912.0;3100.0
3192.0;2022-02-28;13.0;19.0;23.0;26.0;650.0;32.0;4.0;13.0;20.0;496.0;32.0;0.0;32.0;804.0;27.0;112.0;4;4;4;4;4;4;4;0;0;0;1;0;0;0;0;0;0;0;0;0;1;0;0;0.0;0.0;0.0;0.0;0.0;0.0;0.0;0.0;0.0;0.0;0.0;0.0;0.0;0.0;0.0;0.0;0.0;0.0;0.0;0.0;0.0;0.0;0.0;0.0;0.0;0.0;0.0;0.0;1.0;0.0;0.0;0.0;0.0;0.0;0.0;2.0;0.0;0.0;0.0;1.0;2.0;0;1;0;0;PINHAIS;REGIÃO LESTE;62;3565.0;3193.0;2820.0;2945.0;2550.0;2790.0;2697.0;3030.0;2418.0;2310.0;2139.0;2912.0
6324.0;2022-03-31;12.0;15.0;22.0;26.0;685.0;32.0;7.0;12.0;20.0;547.0;32.0;0.0;32.0;823.0;103.0;229.0;4;5;5;4;4;4;5;0;0;0;0;0;0;0;0;1;0;0;0;0;1;0;0;0.0;0.0;0.0;0.0;0.0;0.0;0.0;0.0;0.0;0.0;0.0;0.0;0.0;0.0;0.0;0.0;0.0;0.0;0.0;0.0;0.0;0.0;0.0;0.0;0.0;0.0;0.0;0.0;1.0;0.0;0.0;0.0;0.0;0.0;0.0;2.0;0.0;0.0;0.0;1.0;2.0;0;1;0;0;PINHAIS;REGIÃO LESTE;63;3192.0;3565.0;3193.0;2820.0;2945.0;2550.0;2790.0;2697.0;3030.0;2418.0;2310.0;2139.0
6060.0;2022-04-30;8.0;13.0;19.0;23.0;567.0;29.0;3.0;8.0;18.0;430.0;29.0;0.0;29.0;704.0;37.0;104.0;4;4;4;4;5;5;4;1;0;0;0;0;0;0;0;0;0;0;0;0;1;0;0;0.0;0.0;0.0;0.0;0.0;0.0;0.0;0.0;0.0;0.0;0.0;0.0;0.0;0.0;0.0;0.0;0.0;0.0;0.0;0.0;0.0;0.0;0.0;0.0;0.0;0.0;0.0;0.0;1.0;0.0;0.0;0.0;0.0;0.0;0.0;2.0;0.0;0.0;1.0;1.0;2.0;0;1;0;0;PINHAIS;REGIÃO LESTE;64;6324.0;3192.0;3565.0;3193.0;2820.0;2945.0;2550.0;2790.0;2697.0;3030.0;2418.0;2310.0
7378.0;2022-05-31;7.0;10.0;16.0;21.0;499.0;26.0;5.0;7.0;17.0;357.0;26.0;0.0;26.0;641.0;58.0;142.0;5;4;4;5;4;4;5;0;0;0;0;0;0;0;1;0;0;0;0;0;1;0;0;0.0;0.0;0.0;0.0;0.0;0.0;0.0;0.0;0.0;0.0;0.0;0.0;0.0;0.0;0.0;0.0;0.0;0.0;0.0;0.0;0.0;0.0;0.0;0.0;0.0;0.0;0.0;0.0;1.0;0.0;0.0;0.0;0.0;0.0;0.0;2.0;0.0;0.0;1.0;1.0;2.0;0;0;0;0;PINHAIS;REGIÃO LESTE;65;6060.0;6324.0;3192.0;3565.0;3193.0;2820.0;2945.0;2550.0;2790.0;2697.0;3030.0;2418.0
7560.0;2022-06-30;7.0;10.0;15.0;22.0;452.0;26.0;4.0;7.0;17.0;332.0;26.0;0.0;26.0;572.0;56.0;135.0;4;5;5;4;4;4;4;0;0;0;0;0;0;1;0;0;0;0;0;0;1;0;0;0.0;0.0;0.0;0.0;0.0;0.0;0.0;0.0;0.0;0.0;0.0;0.0;0.0;0.0;0.0;0.0;0.0;0.0;0.0;0.0;0.0;0.0;0.0;0.0;0.0;0.0;0.0;0.0;1.0;0.0;0.0;0.0;0.0;0.0;0.0;2.0;0.0;0.0;1.0;1.0;2.0;0;1;0;0;PINHAIS;REGIÃO LESTE;66;7378.0;6060.0;6324.0;3192.0;3565.0;3193.0;2820.0;2945.0;2550.0;2790.0;2697.0;3030.0
5828.0;2022-07-31;7.0;12.0;17.0;20.0;534.0;27.0;1.0;7.0;14.0;346.0;27.0;0.0;27.0;722.0;13.0;30.0;5;4;4;4;5;5;4;0;0;0;0;0;1;0;0;0;0;0;0;0;1;0;0;0.0;0.0;0.0;0.0;0.0;0.0;0.0;0.0;0.0;0.0;0.0;0.0;0.0;0.0;0.0;0.0;0.0;0.0;0.0;0.0;0.0;0.0;0.0;0.0;0.0;0.0;0.0;0.0;1.0;0.0;0.0;0.0;0.0;0.0;0.0;2.0;0.0;0.0;1.0;1.0;2.0;0;0;0;0;PINHAIS;REGIÃO LESTE;67;7560.0;7378.0;6060.0;6324.0;3192.0;3565.0;3193.0;2820.0;2945.0;2550.0;2790.0;2697.0
7471.0;2022-08-31;7.0;10.0;15.0;19.0;467.0;27.0;4.0;7.0;14.0;330.0;27.0;0.0;27.0;604.0;52.0;131.0;4;5;4;5;4;4;5;0;1;0;0;0;0;0;0;0;0;0;0;0;1;0;0;0.0;0.0;0.0;0.0;0.0;0.0;0.0;0.0;0.0;0.0;0.0;0.0;0.0;0.0;0.0;0.0;0.0;0.0;0.0;0.0;0.0;0.0;0.0;0.0;0.0;0.0;0.0;0.0;1.0;0.0;0.0;0.0;0.0;0.0;0.0;2.0;0.0;0.0;1.0;1.0;2.0;0;0;0;0;PINHAIS;REGIÃO LESTE;68;5828.0;7560.0;7378.0;6060.0;6324.0;3192.0;3565.0;3193.0;2820.0;2945.0;2550.0;2790.0
6990.0;2022-09-30;7.0;10.0;15.0;23.0;439.0;30.0;6.0;7.0;17.0;322.0;30.0;0.0;30.0;555.0;36.0;169.0;4;4;5;4;5;4;4;0;0;0;0;0;0;0;0;0;0;0;1;0;1;0;0;0.0;0.0;0.0;0.0;0.0;0.0;0.0;0.0;0.0;0.0;0.0;0.0;0.0;0.0;0.0;0.0;0.0;0.0;0.0;0.0;0.0;0.0;0.0;0.0;0.0;0.0;0.0;0.0;1.0;0.0;0.0;0.0;0.0;0.0;0.0;2.0;0.0;0.0;1.0;1.0;2.0;0;0;0;0;PINHAIS;REGIÃO LESTE;69;7471.0;5828.0;7560.0;7378.0;6060.0;6324.0;3192.0;3565.0;3193.0;2820.0;2945.0;2550.0
6293.0;2022-10-31;9.0;14.0;19.0;23.0;582.0;30.0;5.0;9.0;17.0;435.0;30.0;0.0;30.0;728.0;23.0;147.0;5;4;4;5;4;5;4;0;0;0;0;0;0;0;0;0;0;1;0;0;1;0;0;0.0;0.0;0.0;0.0;0.0;0.0;0.0;0.0;0.0;0.0;0.0;0.0;0.0;0.0;0.0;0.0;0.0;0.0;0.0;0.0;0.0;0.0;0.0;0.0;0.0;0.0;0.0;0.0;1.0;0.0;0.0;0.0;0.0;0.0;0.0;2.0;0.0;0.0;1.0;1.0;2.0;0;0;0;0;PINHAIS;REGIÃO LESTE;70;6990.0;7471.0;5828.0;7560.0;7378.0;6060.0;6324.0;3192.0;3565.0;3193.0;2820.0;2945.0
5940.0;2022-11-30;8.0;10.0;18.0;22.0;538.0;28.0;6.0;8.0;18.0;396.0;28.0;0.0;28.0;679.0;28.0;176.0;4;5;4;4;4;4;5;0;0;0;0;0;0;0;0;0;1;0;0;0;1;0;0;0.0;0.0;0.0;0.0;0.0;0.0;0.0;0.0;0.0;0.0;0.0;0.0;0.0;0.0;0.0;0.0;0.0;0.0;0.0;0.0;0.0;0.0;0.0;0.0;0.0;0.0;0.0;0.0;1.0;0.0;0.0;0.0;0.0;0.0;0.0;2.0;0.0;0.0;1.0;1.0;2.0;0;0;0;0;PINHAIS;REGIÃO LESTE;71;6293.0;6990.0;7471.0;5828.0;7560.0;7378.0;6060.0;6324.0;3192.0;3565.0;3193.0;2820.0
4774.0;2022-12-31;13.0;17.0;21.0;25.0;661.0;32.0;5.0;13.0;21.0;515.0;32.0;0.0;32.0;807.0;56.0;168.0;4;4;5;4;5;5;4;0;0;1;0;0;0;0;0;0;0;0;0;0;1;0;0;0.0;0.0;0.0;0.0;0.0;0.0;0.0;0.0;0.0;0.0;0.0;0.0;0.0;0.0;0.0;0.0;0.0;0.0;0.0;0.0;0.0;0.0;0.0;0.0;0.0;0.0;0.0;0.0;1.0;0.0;0.0;0.0;0.0;0.0;0.0;2.0;0.0;0.0;1.0;1.0;2.0;0;0;0;0;PINHAIS;REGIÃO LESTE;72;5940.0;6293.0;6990.0;7471.0;5828.0;7560.0;7378.0;6060.0;6324.0;3192.0;3565.0;3193.0
3844.0;2023-01-31;13.0;17.0;22.0;25.0;687.0;32.0;4.0;13.0;20.0;533.0;32.0;0.0;32.0;842.0;48.0;112.0;5;4;4;5;4;4;5;0;0;0;0;1;0;0;0;0;0;0;0;0;0;1;0;0.0;0.0;0.0;0.0;0.0;0.0;0.0;0.0;0.0;0.0;0.0;0.0;0.0;0.0;0.0;0.0;0.0;0.0;0.0;0.0;0.0;0.0;0.0;0.0;0.0;0.0;0.0;0.0;1.0;0.0;0.0;0.0;0.0;0.0;0.0;2.0;0.0;0.0;1.0;1.0;2.0;31;0;0;0;PINHAIS;REGIÃO LESTE;73;4774.0;5940.0;6293.0;6990.0;7471.0;5828.0;7560.0;7378.0;6060.0;6324.0;3192.0;3565.0
5208.0;2023-02-28;13.0;15.0;22.0;24.0;622.0;31.0;5.0;13.0;20.0;492.0;31.0;0.0;31.0;753.0;21.0;128.0;4;4;4;4;4;4;4;0;0;0;1;0;0;0;0;0;0;0;0;0;0;1;0;0.0;0.0;0.0;0.0;0.0;0.0;0.0;0.0;0.0;0.0;0.0;0.0;0.0;0.0;0.0;0.0;0.0;0.0;0.0;0.0;0.0;0.0;0.0;0.0;0.0;0.0;0.0;0.0;1.0;0.0;0.0;0.0;0.0;0.0;0.0;2.0;0.0;0.0;1.0;1.0;2.0;0;3;0;0;PINHAIS;REGIÃO LESTE;74;3844.0;4774.0;5940.0;6293.0;6990.0;7471.0;5828.0;7560.0;7378.0;6060.0;6324.0;3192.0
6634.0;2023-03-31;14.0;20.0;22.0;25.0;696.0;31.0;3.0;14.0;20.0;550.0;31.0;0.0;31.0;843.0;23.0;96.0;4;5;5;4;5;4;4;0;0;0;0;0;0;0;0;1;0;0;0;0;0;1;0;0.0;0.0;0.0;0.0;0.0;0.0;0.0;0.0;0.0;0.0;0.0;0.0;0.0;0.0;0.0;0.0;0.0;0.0;0.0;0.0;0.0;0.0;0.0;0.0;0.0;0.0;0.0;0.0;1.0;0.0;0.0;0.0;0.0;0.0;0.0;2.0;0.0;0.0;1.0;1.0;2.0;0;0;0;0;PINHAIS;REGIÃO LESTE;75;5208.0;3844.0;4774.0;5940.0;6293.0;6990.0;7471.0;5828.0;7560.0;7378.0;6060.0;6324.0
5670.0;2023-04-30;9.0;15.0;19.0;23.0;562.0;28.0;3.0;9.0;17.0;431.0;28.0;0.0;28.0;694.0;25.0;84.0;5;4;4;4;4;5;4;1;0;0;0;0;0;0;0;0;0;0;0;0;0;1;0;0.0;0.0;0.0;0.0;0.0;0.0;0.0;0.0;0.0;0.0;0.0;0.0;0.0;0.0;0.0;0.0;0.0;0.0;0.0;0.0;0.0;0.0;0.0;0.0;0.0;0.0;0.0;0.0;1.0;0.0;0.0;0.0;0.0;0.0;0.0;2.0;0.0;0.0;1.0;1.0;2.0;0;1;0;0;PINHAIS;REGIÃO LESTE;76;6634.0;5208.0;3844.0;4774.0;5940.0;6293.0;6990.0;7471.0;5828.0;7560.0;7378.0;6060.0
6355.0;2023-05-31;8.0;14.0;18.0;22.0;551.0;28.0;2.0;8.0;19.0;396.0;28.0;0.0;28.0;706.0;34.0;57.0;4;5;4;5;4;4;5;0;0;0;0;0;0;0;1;0;0;0;0;0;0;1;0;0.0;0.0;0.0;0.0;0.0;0.0;0.0;0.0;0.0;0.0;0.0;0.0;0.0;0.0;0.0;0.0;0.0;0.0;0.0;0.0;0.0;0.0;0.0;0.0;0.0;0.0;0.0;0.0;1.0;0.0;0.0;0.0;0.0;0.0;0.0;2.0;0.0;0.0;1.0;1.0;2.0;0;0;0;0;PINHAIS;REGIÃO LESTE;77;5670.0;6634.0;5208.0;3844.0;4774.0;5940.0;6293.0;6990.0;7471.0;5828.0;7560.0;7378.0
6360.0;2023-06-30;6.0;10.0;16.0;22.0;473.0;27.0;1.0;6.0;17.0;317.0;27.0;0.0;27.0;630.0;18.0;44.0;4;4;5;4;5;4;4;0;0;0;0;0;0;1;0;0;0;0;0;0;0;1;0;0.0;0.0;0.0;0.0;0.0;0.0;0.0;0.0;0.0;0.0;0.0;0.0;0.0;0.0;0.0;0.0;0.0;0.0;0.0;0.0;0.0;0.0;0.0;0.0;0.0;0.0;0.0;0.0;1.0;0.0;0.0;0.0;0.0;0.0;0.0;2.0;0.0;0.0;1.0;1.0;2.0;0;1;0;0;PINHAIS;REGIÃO LESTE;78;6355.0;5670.0;6634.0;5208.0;3844.0;4774.0;5940.0;6293.0;6990.0;7471.0;5828.0;7560.0
4774.0;2023-07-31;4.0;10.0;15.0;20.0;480.0;26.0;3.0;4.0;15.0;340.0;26.0;0.0;26.0;620.0;23.0;80.0;5;4;4;5;4;5;4;0;0;0;0;0;1;0;0;0;0;0;0;0;0;1;0;0.0;0.0;0.0;0.0;0.0;0.0;0.0;0.0;0.0;0.0;0.0;0.0;0.0;0.0;0.0;0.0;0.0;0.0;0.0;0.0;0.0;0.0;0.0;0.0;0.0;0.0;0.0;0.0;1.0;0.0;0.0;0.0;0.0;0.0;0.0;2.0;0.0;0.0;1.0;1.0;2.0;15;0;0;0;PINHAIS;REGIÃO LESTE;79;6360.0;6355.0;5670.0;6634.0;5208.0;3844.0;4774.0;5940.0;6293.0;6990.0;7471.0;5828.0
6541.0;2023-08-31;6.0;9.0;17.0;26.0;518.0;30.0;4.0;6.0;21.0;352.0;30.0;0.0;30.0;683.0;30.0;114.0;4;5;5;4;4;4;5;0;1;0;0;0;0;0;0;0;0;0;0;0;0;1;0;0.0;0.0;0.0;0.0;0.0;0.0;0.0;0.0;0.0;0.0;0.0;0.0;0.0;0.0;0.0;0.0;0.0;0.0;0.0;0.0;0.0;0.0;0.0;0.0;0.0;0.0;0.0;0.0;1.0;0.0;0.0;0.0;0.0;0.0;0.0;2.0;0.0;0.0;1.0;1.0;2.0;0;0;0;0;PINHAIS;REGIÃO LESTE;80;4774.0;6360.0;6355.0;5670.0;6634.0;5208.0;3844.0;4774.0;5940.0;6293.0;6990.0;7471.0
5580.0;2023-09-30;10.0;14.0;20.0;26.0;603.0;33.0;4.0;10.0;19.0;439.0;33.0;0.0;33.0;766.0;23.0;110.0;4;4;4;4;5;5;4;0;0;0;0;0;0;0;0;0;0;0;1;0;0;1;0;0.0;0.0;0.0;0.0;0.0;0.0;0.0;0.0;0.0;0.0;0.0;0.0;0.0;0.0;0.0;0.0;0.0;0.0;0.0;0.0;0.0;0.0;0.0;0.0;0.0;0.0;0.0;0.0;1.0;0.0;0.0;0.0;0.0;0.0;0.0;2.0;0.0;0.0;1.0;1.0;2.0;0;0;0;0;PINHAIS;REGIÃO LESTE;81;6541.0;4774.0;6360.0;6355.0;5670.0;6634.0;5208.0;3844.0;4774.0;5940.0;6293.0;6990.0
5797.0;2023-10-31;11.0;12.0;19.0;24.0;584.0;32.0;14.0;11.0;18.0;451.0;32.0;0.0;32.0;718.0;63.0;436.0;5;4;4;5;4;4;5;0;0;0;0;0;0;0;0;0;0;1;0;0;0;1;0;0.0;0.0;0.0;0.0;0.0;0.0;0.0;0.0;0.0;0.0;0.0;0.0;0.0;0.0;0.0;0.0;0.0;0.0;0.0;0.0;0.0;0.0;0.0;0.0;0.0;0.0;0.0;0.0;1.0;0.0;0.0;0.0;0.0;0.0;0.0;2.0;0.0;0.0;1.0;1.0;2.0;0;0;0;0;PINHAIS;REGIÃO LESTE;82;5580.0;6541.0;4774.0;6360.0;6355.0;5670.0;6634.0;5208.0;3844.0;4774.0;5940.0;6293.0
5610.0;2023-11-30;8.0;16.0;21.0;27.0;638.0;35.0;8.0;8.0;21.0;491.0;35.0;0.0;35.0;786.0;83.0;231.0;4;5;5;4;4;4;4;0;0;0;0;0;0;0;0;0;1;0;0;0;0;1;0;0.0;0.0;0.0;0.0;0.0;0.0;0.0;0.0;0.0;0.0;0.0;0.0;0.0;0.0;0.0;0.0;0.0;0.0;0.0;0.0;0.0;0.0;0.0;0.0;0.0;0.0;0.0;0.0;1.0;0.0;0.0;0.0;0.0;0.0;0.0;2.0;0.0;0.0;1.0;1.0;2.0;0;0;0;0;PINHAIS;REGIÃO LESTE;83;5797.0;5580.0;6541.0;4774.0;6360.0;6355.0;5670.0;6634.0;5208.0;3844.0;4774.0;5940.0
5177.0;2023-12-31;13.0;17.0;23.0;28.0;725.0;35.0;2.0;13.0;22.0;558.0;35.0;0.0;35.0;892.0;28.0;54.0;5;4;4;4;5;5;4;0;0;1;0;0;0;0;0;0;0;0;0;0;0;1;0;0.0;0.0;0.0;0.0;0.0;0.0;0.0;0.0;0.0;0.0;0.0;0.0;0.0;0.0;0.0;0.0;0.0;0.0;0.0;0.0;0.0;0.0;0.0;0.0;0.0;0.0;0.0;0.0;1.0;0.0;0.0;0.0;0.0;0.0;0.0;2.0;0.0;0.0;1.0;1.0;2.0;0;0;0;0;PINHAIS;REGIÃO LESTE;84;5610.0;5797.0;5580.0;6541.0;4774.0;6360.0;6355.0;5670.0;6634.0;5208.0;3844.0;4774.0
4371.0;2024-01-31;13.0;17.0;23.0;28.0;706.0;35.0;5.0;13.0;22.0;549.0;35.0;0.0;35.0;862.0;41.0;161.0;4;5;4;5;4;4;5;0;0;0;0;1;0;0;0;0;0;0;0;0;0;0;1;0.0;0.0;0.0;0.0;0.0;0.0;0.0;0.0;0.0;0.0;0.0;0.0;0.0;0.0;0.0;0.0;0.0;0.0;0.0;0.0;0.0;0.0;0.0;0.0;0.0;0.0;0.0;0.0;1.0;0.0;0.0;0.0;0.0;0.0;0.0;2.0;0.0;0.0;1.0;1.0;2.0;31;0;0;0;PINHAIS;REGIÃO LESTE;85;5177.0;5610.0;5797.0;5580.0;6541.0;4774.0;6360.0;6355.0;5670.0;6634.0;5208.0;3844.0
5858.0;2024-02-29;16.0;18.0;23.0;27.0;679.0;32.0;6.0;16.0;22.0;538.0;32.0;0.0;32.0;819.0;48.0;186.0;4;4;5;4;4;4;4;0;0;0;1;0;0;0;0;0;0;0;0;0;0;0;1;0.0;0.0;0.0;0.0;0.0;0.0;0.0;0.0;0.0;0.0;0.0;0.0;0.0;0.0;0.0;0.0;0.0;0.0;0.0;0.0;0.0;0.0;0.0;0.0;0.0;0.0;0.0;0.0;1.0;0.0;0.0;0.0;0.0;0.0;0.0;2.0;0.0;0.0;1.0;2.0;2.0;0;3;0;0;PINHAIS;REGIÃO LESTE;86;4371.0;5177.0;5610.0;5797.0;5580.0;6541.0;4774.0;6360.0;6355.0;5670.0;6634.0;5208.0
6665.0;2024-03-31;14.0;17.0;23.0;28.0;710.0;33.0;2.0;14.0;23.0;567.0;33.0;0.0;33.0;853.0;22.0;47.0;5;4;4;4;5;5;4;0;0;0;0;0;0;0;0;1;0;0;0;0;0;0;1;0.0;0.0;0.0;0.0;0.0;0.0;0.0;0.0;0.0;0.0;0.0;0.0;0.0;0.0;0.0;0.0;0.0;0.0;0.0;0.0;0.0;0.0;0.0;0.0;0.0;0.0;0.0;0.0;1.0;0.0;0.0;0.0;0.0;0.0;0.0;2.0;0.0;0.0;1.0;2.0;2.0;0;1;0;0;PINHAIS;REGIÃO LESTE;87;5858.0;4371.0;5177.0;5610.0;5797.0;5580.0;6541.0;4774.0;6360.0;6355.0;5670.0;6634.0
3900.0;2024-04-30;9.0;16.0;22.0;26.0;645.0;31.0;4.0;9.0;21.0;512.0;31.0;0.0;31.0;778.0;61.0;128.0;4;4;4;5;4;4;5;1;0;0;0;0;0;0;0;0;0;0;0;0;0;0;1;0.0;0.0;0.0;0.0;0.0;0.0;0.0;0.0;0.0;0.0;0.0;0.0;0.0;0.0;0.0;0.0;0.0;0.0;0.0;0.0;0.0;0.0;0.0;0.0;0.0;0.0;0.0;0.0;1.0;0.0;0.0;0.0;0.0;0.0;0.0;2.0;0.0;0.0;1.0;2.0;2.0;0;0;0;0;PINHAIS;REGIÃO LESTE;88;6665.0;5858.0;4371.0;5177.0;5610.0;5797.0;5580.0;6541.0;4774.0;6360.0;6355.0;5670.0
3069.0;2024-05-31;5.0;11.0;19.0;26.0;598.0;30.0;5.0;5.0;22.0;446.0;30.0;0.0;30.0;750.0;51.0;143.0;4;5;5;4;5;4;4;0;0;0;0;0;0;0;1;0;0;0;0;0;0;0;1;0.0;0.0;0.0;0.0;0.0;0.0;0.0;0.0;0.0;0.0;0.0;0.0;0.0;0.0;0.0;0.0;0.0;0.0;0.0;0.0;0.0;0.0;0.0;0.0;0.0;0.0;0.0;0.0;1.0;0.0;0.0;0.0;0.0;0.0;0.0;2.0;0.0;0.0;1.0;2.0;2.0;0;1;0;30;PINHAIS;REGIÃO LESTE;89;3900.0;6665.0;5858.0;4371.0;5177.0;5610.0;5797.0;5580.0;6541.0;4774.0;6360.0;6355.0
2970.0;2024-06-30;9.0;16.0;19.0;22.0;557.0;27.0;1.0;9.0;17.0;383.0;27.0;0.0;27.0;732.0;11.0;32.0;5;4;4;4;4;5;4;0;0;0;0;0;0;1;0;0;0;0;0;0;0;0;1;0.0;0.0;0.0;0.0;0.0;0.0;0.0;0.0;0.0;0.0;0.0;0.0;0.0;0.0;0.0;0.0;0.0;0.0;0.0;0.0;0.0;0.0;0.0;0.0;0.0;0.0;0.0;0.0;1.0;0.0;0.0;0.0;0.0;0.0;0.0;2.0;0.0;0.0;1.0;2.0;2.0;0;0;0;30;PINHAIS;REGIÃO LESTE;90;3069.0;3900.0;6665.0;5858.0;4371.0;5177.0;5610.0;5797.0;5580.0;6541.0;4774.0;6360.0
4588.0;2024-07-31;10.0;15.0;15.0;15.0;477.0;21.0;1.0;10.0;10.0;308.0;21.0;1.0;21.0;647.0;1.0;37.0;4;5;4;5;4;4;5;0;0;0;0;0;1;0;0;0;0;0;0;0;0;0;1;0.0;0.0;0.0;0.0;0.0;0.0;0.0;0.0;0.0;0.0;0.0;0.0;0.0;0.0;0.0;0.0;0.0;0.0;0.0;0.0;0.0;0.0;0.0;0.0;0.0;0.0;0.0;0.0;1.0;0.0;0.0;0.0;0.0;0.0;0.0;2.0;0.0;0.0;1.0;2.0;2.0;12;0;0;0;PINHAIS;REGIÃO LESTE;91;2970.0;3069.0;3900.0;6665.0;5858.0;4371.0;5177.0;5610.0;5797.0;5580.0;6541.0;4774.0
4805.0;2024-08-31;11.0;16.0;16.0;16.0;496.0;21.0;3.0;11.0;11.0;337.0;21.0;3.0;21.0;654.0;3.0;99.0;4;4;5;4;5;5;4;0;1;0;0;0;0;0;0;0;0;0;0;0;0;0;1;0.0;0.0;0.0;0.0;0.0;0.0;0.0;0.0;0.0;0.0;0.0;0.0;0.0;0.0;0.0;0.0;0.0;0.0;0.0;0.0;0.0;0.0;0.0;0.0;0.0;0.0;0.0;0.0;1.0;0.0;0.0;0.0;0.0;0.0;0.0;2.0;0.0;0.0;1.0;2.0;2.0;0;0;0;0;PINHAIS;REGIÃO LESTE;92;4588.0;2970.0;3069.0;3900.0;6665.0;5858.0;4371.0;5177.0;5610.0;5797.0;5580.0;6541.0
4560.0;2024-09-30;13.0;18.0;18.0;18.0;549.0;24.0;3.0;13.0;13.0;390.0;24.0;3.0;24.0;708.0;3.0;88.0;5;4;4;5;4;4;4;0;0;0;0;0;0;0;0;0;0;0;1;0;0;0;1;0.0;0.0;0.0;0.0;0.0;0.0;0.0;0.0;0.0;0.0;0.0;0.0;0.0;0.0;0.0;0.0;0.0;0.0;0.0;0.0;0.0;0.0;0.0;0.0;0.0;0.0;0.0;0.0;1.0;0.0;0.0;0.0;0.0;0.0;0.0;2.0;0.0;0.0;1.0;2.0;2.0;0;0;0;0;PINHAIS;REGIÃO LESTE;93;4805.0;4588.0;2970.0;3069.0;3900.0;6665.0;5858.0;4371.0;5177.0;5610.0;5797.0;5580.0
4774.0;2024-10-31;14.0;19.0;19.0;19.0;585.0;24.0;7.0;14.0;14.0;440.0;24.0;7.0;24.0;729.0;7.0;203.0;4;5;5;4;4;4;5;0;0;0;0;0;0;0;0;0;0;1;0;0;0;0;1;0.0;0.0;0.0;0.0;0.0;0.0;0.0;0.0;0.0;0.0;0.0;0.0;0.0;0.0;0.0;0.0;0.0;0.0;0.0;0.0;0.0;0.0;0.0;0.0;0.0;0.0;0.0;0.0;1.0;0.0;0.0;0.0;0.0;0.0;0.0;2.0;0.0;0.0;1.0;2.0;2.0;0;0;0;0;PINHAIS;REGIÃO LESTE;94;4560.0;4805.0;4588.0;2970.0;3069.0;3900.0;6665.0;5858.0;4371.0;5177.0;5610.0;5797.0
5020.0;2018-10-31;14.0;16.0;21.0;24.0;645.0;30.0;6.0;14.0;20.0;524.0;30.0;0.0;30.0;766.0;64.0;194.0;4;5;4;5;4;4;5;0;0;0;0;0;0;0;0;0;0;1;0;0;0;0;0;0.0;0.0;0.0;1.0;0.0;0.0;0.0;0.0;0.0;0.0;0.0;0.0;0.0;0.0;0.0;0.0;0.0;0.0;0.0;0.0;0.0;0.0;0.0;0.0;0.0;0.0;0.0;0.0;0.0;1.0;0.0;0.0;0.0;0.0;0.0;1.0;0.0;0.0;0.0;1.0;1.0;0;0;0;0;PITANGA;REGIÃO CENTRAL;1;5293.0;4998.0;4479.0;4382.0;4638.0;4538.0;4959.0;3233.0;2377.0;2913.0;3387.0;3800.0
4512.0;2018-11-30;12.0;19.0;22.0;28.0;672.0;33.0;2.0;12.0;23.0;504.0;33.0;0.0;33.0;840.0;30.0;72.0;4;4;5;4;5;4;4;0;0;0;0;0;0;0;0;0;1;0;0;0;0;0;0;0.0;0.0;0.0;1.0;0.0;0.0;0.0;0.0;0.0;0.0;0.0;0.0;0.0;0.0;0.0;0.0;0.0;0.0;0.0;0.0;0.0;0.0;0.0;0.0;0.0;0.0;0.0;0.0;0.0;1.0;0.0;0.0;0.0;0.0;0.0;1.0;0.0;0.0;0.0;1.0;1.0;0;0;0;0;PITANGA;REGIÃO CENTRAL;2;5020.0;5293.0;4998.0;4479.0;4382.0;4638.0;4538.0;4959.0;3233.0;2377.0;2913.0;3387.0
4142.0;2018-12-31;14.0;19.0;25.0;28.0;766.0;34.0;3.0;14.0;25.0;587.0;34.0;0.0;34.0;945.0;38.0;85.0;5;4;4;5;4;5;4;0;0;1;0;0;0;0;0;0;0;0;0;0;0;0;0;0.0;0.0;0.0;1.0;0.0;0.0;0.0;0.0;0.0;0.0;0.0;0.0;0.0;0.0;0.0;0.0;0.0;0.0;0.0;0.0;0.0;0.0;0.0;0.0;0.0;0.0;0.0;0.0;0.0;1.0;0.0;0.0;0.0;0.0;0.0;1.0;0.0;0.0;0.0;1.0;1.0;0;0;0;0;PITANGA;REGIÃO CENTRAL;3;4512.0;5020.0;5293.0;4998.0;4479.0;4382.0;4638.0;4538.0;4959.0;3233.0;2377.0;2913.0
3461.0;2019-01-31;18.0;23.0;26.0;28.0;794.0;34.0;4.0;18.0;24.0;648.0;34.0;0.0;34.0;940.0;23.0;122.0;4;5;5;4;4;4;5;0;0;0;0;1;0;0;0;0;0;0;0;0;0;0;0;0.0;0.0;0.0;0.0;1.0;0.0;0.0;0.0;0.0;0.0;0.0;0.0;0.0;0.0;0.0;0.0;0.0;0.0;0.0;0.0;0.0;0.0;0.0;0.0;0.0;0.0;0.0;0.0;0.0;1.0;0.0;0.0;0.0;0.0;0.0;1.0;0.0;0.0;0.0;1.0;1.0;31;0;0;0;PITANGA;REGIÃO CENTRAL;4;4142.0;4512.0;5020.0;5293.0;4998.0;4479.0;4382.0;4638.0;4538.0;4959.0;3233.0;2377.0
4224.0;2019-02-28;16.0;19.0;24.0;28.0;660.0;34.0;10.0;16.0;23.0;536.0;34.0;0.0;34.0;785.0;79.0;268.0;4;4;4;4;4;4;4;0;0;0;1;0;0;0;0;0;0;0;0;0;0;0;0;0.0;0.0;0.0;0.0;1.0;0.0;0.0;0.0;0.0;0.0;0.0;0.0;0.0;0.0;0.0;0.0;0.0;0.0;0.0;0.0;0.0;0.0;0.0;0.0;0.0;0.0;0.0;0.0;0.0;1.0;0.0;0.0;0.0;0.0;0.0;1.0;0.0;0.0;0.0;3.0;1.0;0;0;0;0;PITANGA;REGIÃO CENTRAL;5;3461.0;4142.0;4512.0;5020.0;5293.0;4998.0;4479.0;4382.0;4638.0;4538.0;4959.0;3233.0
6250.0;2019-03-31;15.0;19.0;23.0;25.0;713.0;31.0;3.0;15.0;22.0;578.0;31.0;0.0;31.0;848.0;50.0;98.0;5;4;4;4;5;5;4;0;0;0;0;0;0;0;0;1;0;0;0;0;0;0;0;0.0;0.0;0.0;0.0;1.0;0.0;0.0;0.0;0.0;0.0;0.0;0.0;0.0;0.0;0.0;0.0;0.0;0.0;0.0;0.0;0.0;0.0;0.0;0.0;0.0;0.0;0.0;0.0;0.0;1.0;0.0;0.0;0.0;0.0;0.0;1.0;0.0;0.0;0.0;3.0;1.0;0;3;0;0;PITANGA;REGIÃO CENTRAL;6;4224.0;3461.0;4142.0;4512.0;5020.0;5293.0;4998.0;4479.0;4382.0;4638.0;4538.0;4959.0
6994.0;2019-04-30;12.0;19.0;22.0;24.0;649.0;29.0;2.0;12.0;21.0;518.0;29.0;0.0;29.0;779.0;24.0;52.0;4;4;4;5;4;4;5;1;0;0;0;0;0;0;0;0;0;0;0;0;0;0;0;0.0;0.0;0.0;0.0;1.0;0.0;0.0;0.0;0.0;0.0;0.0;0.0;0.0;0.0;0.0;0.0;0.0;0.0;0.0;0.0;0.0;0.0;0.0;0.0;0.0;0.0;0.0;0.0;0.0;1.0;0.0;0.0;0.0;0.0;0.0;1.0;0.0;0.0;0.0;3.0;1.0;0;1;0;0;PITANGA;REGIÃO CENTRAL;7;6250.0;4224.0;3461.0;4142.0;4512.0;5020.0;5293.0;4998.0;4479.0;4382.0;4638.0;4538.0
6553.0;2019-05-31;9.0;13.0;19.0;24.0;589.0;29.0;10.0;9.0;20.0;491.0;29.0;0.0;29.0;688.0;69.0;300.0;4;5;5;4;5;4;4;0;0;0;0;0;0;0;1;0;0;0;0;0;0;0;0;0.0;0.0;0.0;0.0;1.0;0.0;0.0;0.0;0.0;0.0;0.0;0.0;0.0;0.0;0.0;0.0;0.0;0.0;0.0;0.0;0.0;0.0;0.0;0.0;0.0;0.0;0.0;0.0;0.0;1.0;0.0;0.0;0.0;0.0;0.0;1.0;0.0;0.0;0.0;3.0;1.0;0;0;0;0;PITANGA;REGIÃO CENTRAL;8;6994.0;6250.0;4224.0;3461.0;4142.0;4512.0;5020.0;5293.0;4998.0;4479.0;4382.0;4638.0
5075.0;2019-06-30;6.0;11.0;18.0;22.0;535.0;27.0;3.0;6.0;18.0;399.0;27.0;0.0;27.0;672.0;26.0;84.0;5;4;4;4;4;5;4;0;0;0;0;0;0;1;0;0;0;0;0;0;0;0;0;0.0;0.0;0.0;0.0;1.0;0.0;0.0;0.0;0.0;0.0;0.0;0.0;0.0;0.0;0.0;0.0;0.0;0.0;0.0;0.0;0.0;0.0;0.0;0.0;0.0;0.0;0.0;0.0;0.0;1.0;0.0;0.0;0.0;0.0;0.0;1.0;0.0;0.0;0.0;3.0;1.0;0;1;0;0;PITANGA;REGIÃO CENTRAL;9;6553.0;6994.0;6250.0;4224.0;3461.0;4142.0;4512.0;5020.0;5293.0;4998.0;4479.0;4382.0
3992.0;2019-07-31;-1.0;6.0;16.0;21.0;507.0;27.0;2.0;-1.0;18.0;344.0;27.0;0.0;27.0;669.0;25.0;48.0;4;5;4;5;4;4;5;0;0;0;0;0;1;0;0;0;0;0;0;0;0;0;0;0.0;0.0;0.0;0.0;1.0;0.0;0.0;0.0;0.0;0.0;0.0;0.0;0.0;0.0;0.0;0.0;0.0;0.0;0.0;0.0;0.0;0.0;0.0;0.0;0.0;0.0;0.0;0.0;0.0;1.0;0.0;0.0;0.0;0.0;0.0;1.0;0.0;0.0;0.0;3.0;1.0;16;0;0;0;PITANGA;REGIÃO CENTRAL;10;5075.0;6553.0;6994.0;6250.0;4224.0;3461.0;4142.0;4512.0;5020.0;5293.0;4998.0;4479.0
4474.0;2019-08-31;3.0;10.0;17.0;22.0;537.0;30.0;0.0;3.0;17.0;365.0;30.0;0.0;30.0;707.0;10.0;15.0;4;4;5;4;5;5;4;0;1;0;0;0;0;0;0;0;0;0;0;0;0;0;0;0.0;0.0;0.0;0.0;1.0;0.0;0.0;0.0;0.0;0.0;0.0;0.0;0.0;0.0;0.0;0.0;0.0;0.0;0.0;0.0;0.0;0.0;0.0;0.0;0.0;0.0;0.0;0.0;0.0;1.0;0.0;0.0;0.0;0.0;0.0;1.0;0.0;0.0;0.0;3.0;1.0;0;0;0;0;PITANGA;REGIÃO CENTRAL;11;3992.0;5075.0;6553.0;6994.0;6250.0;4224.0;3461.0;4142.0;4512.0;5020.0;5293.0;4998.0
5010.0;2019-09-30;11.0;15.0;21.0;28.0;626.0;33.0;4.0;11.0;22.0;478.0;33.0;0.0;33.0;774.0;36.0;118.0;5;4;4;5;4;4;4;0;0;0;0;0;0;0;0;0;0;0;1;0;0;0;0;0.0;0.0;0.0;0.0;1.0;0.0;0.0;0.0;0.0;0.0;0.0;0.0;0.0;0.0;0.0;0.0;0.0;0.0;0.0;0.0;0.0;0.0;0.0;0.0;0.0;0.0;0.0;0.0;0.0;1.0;0.0;0.0;0.0;0.0;0.0;1.0;0.0;0.0;0.0;3.0;1.0;0;0;0;0;PITANGA;REGIÃO CENTRAL;12;4474.0;3992.0;5075.0;6553.0;6994.0;6250.0;4224.0;3461.0;4142.0;4512.0;5020.0;5293.0
5477.0;2019-10-31;13.0;18.0;23.0;29.0;728.0;36.0;5.0;13.0;23.0;547.0;36.0;0.0;36.0;909.0;30.0;150.0;4;5;5;4;4;4;5;0;0;0;0;0;0;0;0;0;0;1;0;0;0;0;0;0.0;0.0;0.0;0.0;1.0;0.0;0.0;0.0;0.0;0.0;0.0;0.0;0.0;0.0;0.0;0.0;0.0;0.0;0.0;0.0;0.0;0.0;0.0;0.0;0.0;0.0;0.0;0.0;0.0;1.0;0.0;0.0;0.0;0.0;0.0;1.0;0.0;0.0;0.0;3.0;1.0;0;0;0;0;PITANGA;REGIÃO CENTRAL;13;5010.0;4474.0;3992.0;5075.0;6553.0;6994.0;6250.0;4224.0;3461.0;4142.0;4512.0;5020.0
5738.0;2019-11-30;14.0;19.0;23.0;28.0;695.0;35.0;5.0;14.0;21.0;521.0;35.0;0.0;35.0;869.0;41.0;152.0;4;4;4;4;5;5;4;0;0;0;0;0;0;0;0;0;1;0;0;0;0;0;0;0.0;0.0;0.0;0.0;1.0;0.0;0.0;0.0;0.0;0.0;0.0;0.0;0.0;0.0;0.0;0.0;0.0;0.0;0.0;0.0;0.0;0.0;0.0;0.0;0.0;0.0;0.0;0.0;0.0;1.0;0.0;0.0;0.0;0.0;0.0;1.0;0.0;0.0;0.0;3.0;1.0;0;0;0;0;PITANGA;REGIÃO CENTRAL;14;5477.0;5010.0;4474.0;3992.0;5075.0;6553.0;6994.0;6250.0;4224.0;3461.0;4142.0;4512.0
4558.0;2019-12-31;15.0;20.0;23.0;27.0;711.0;33.0;6.0;15.0;21.0;557.0;33.0;0.0;33.0;866.0;46.0;178.0;5;4;4;5;4;4;5;0;0;1;0;0;0;0;0;0;0;0;0;0;0;0;0;0.0;0.0;0.0;0.0;1.0;0.0;0.0;0.0;0.0;0.0;0.0;0.0;0.0;0.0;0.0;0.0;0.0;0.0;0.0;0.0;0.0;0.0;0.0;0.0;0.0;0.0;0.0;0.0;0.0;1.0;0.0;0.0;0.0;0.0;0.0;1.0;0.0;0.0;0.0;3.0;1.0;0;0;0;0;PITANGA;REGIÃO CENTRAL;15;5738.0;5477.0;5010.0;4474.0;3992.0;5075.0;6553.0;6994.0;6250.0;4224.0;3461.0;4142.0
3541.0;2020-01-31;16.0;19.0;24.0;26.0;735.0;32.0;5.0;16.0;22.0;601.0;32.0;0.0;32.0;869.0;24.0;148.0;4;5;5;4;5;4;4;0;0;0;0;1;0;0;0;0;0;0;0;0;0;0;0;0.0;0.0;0.0;0.0;0.0;1.0;0.0;0.0;0.0;0.0;0.0;0.0;0.0;0.0;0.0;0.0;0.0;0.0;0.0;0.0;0.0;0.0;0.0;0.0;0.0;0.0;0.0;0.0;0.0;1.0;0.0;0.0;0.0;0.0;0.0;1.0;0.0;0.0;0.0;3.0;1.0;31;0;0;0;PITANGA;REGIÃO CENTRAL;16;4558.0;5738.0;5477.0;5010.0;4474.0;3992.0;5075.0;6553.0;6994.0;6250.0;4224.0;3461.0
5100.0;2020-02-29;14.0;20.0;23.0;27.0;674.0;33.0;4.0;14.0;22.0;538.0;33.0;0.0;33.0;810.0;47.0;119.0;4;4;4;4;4;5;4;0;0;0;1;0;0;0;0;0;0;0;0;0;0;0;0;0.0;0.0;0.0;0.0;0.0;1.0;0.0;0.0;0.0;0.0;0.0;0.0;0.0;0.0;0.0;0.0;0.0;0.0;0.0;0.0;0.0;0.0;0.0;0.0;0.0;0.0;0.0;0.0;0.0;1.0;0.0;0.0;0.0;0.0;0.0;1.0;0.0;0.0;0.0;3.0;1.0;0;3;0;0;PITANGA;REGIÃO CENTRAL;17;3541.0;4558.0;5738.0;5477.0;5010.0;4474.0;3992.0;5075.0;6553.0;6994.0;6250.0;4224.0
4189.0;2020-03-31;14.0;20.0;23.0;26.0;698.0;33.0;3.0;14.0;21.0;515.0;33.0;0.0;33.0;880.0;60.0;101.0;5;4;4;5;4;4;5;0;0;0;0;0;0;0;0;1;0;0;0;0;0;0;0;0.0;0.0;0.0;0.0;0.0;1.0;0.0;0.0;0.0;0.0;0.0;0.0;0.0;0.0;0.0;0.0;0.0;0.0;0.0;0.0;0.0;0.0;0.0;0.0;0.0;0.0;0.0;0.0;0.0;1.0;0.0;0.0;0.0;0.0;0.0;1.0;0.0;0.0;0.0;3.0;1.0;0;0;15;0;PITANGA;REGIÃO CENTRAL;18;5100.0;3541.0;4558.0;5738.0;5477.0;5010.0;4474.0;3992.0;5075.0;6553.0;6994.0;6250.0
1590.0;2020-04-30;7.0;14.0;20.0;25.0;595.0;30.0;3.0;7.0;19.0;405.0;30.0;0.0;30.0;786.0;49.0;87.0;4;5;5;4;4;4;4;1;0;0;0;0;0;0;0;0;0;0;0;0;0;0;0;0.0;0.0;0.0;0.0;0.0;1.0;0.0;0.0;0.0;0.0;0.0;0.0;0.0;0.0;0.0;0.0;0.0;0.0;0.0;0.0;0.0;0.0;0.0;0.0;0.0;0.0;0.0;0.0;0.0;1.0;0.0;0.0;0.0;0.0;0.0;1.0;0.0;0.0;0.0;3.0;1.0;0;1;30;0;PITANGA;REGIÃO CENTRAL;19;4189.0;5100.0;3541.0;4558.0;5738.0;5477.0;5010.0;4474.0;3992.0;5075.0;6553.0;6994.0
1607.0;2020-05-31;5.0;12.0;17.0;22.0;527.0;28.0;10.0;5.0;17.0;342.0;28.0;0.0;28.0;711.0;222.0;295.0;5;4;4;4;5;5;4;0;0;0;0;0;0;0;1;0;0;0;0;0;0;0;0;0.0;0.0;0.0;0.0;0.0;1.0;0.0;0.0;0.0;0.0;0.0;0.0;0.0;0.0;0.0;0.0;0.0;0.0;0.0;0.0;0.0;0.0;0.0;0.0;0.0;0.0;0.0;0.0;0.0;1.0;0.0;0.0;0.0;0.0;0.0;1.0;0.0;0.0;0.0;3.0;1.0;0;0;31;0;PITANGA;REGIÃO CENTRAL;20;1590.0;4189.0;5100.0;3541.0;4558.0;5738.0;5477.0;5010.0;4474.0;3992.0;5075.0;6553.0
1566.0;2020-06-30;8.0;13.0;18.0;22.0;526.0;27.0;8.0;8.0;18.0;406.0;27.0;0.0;27.0;647.0;65.0;230.0;4;4;4;5;4;4;5;0;0;0;0;0;0;1;0;0;0;0;0;0;0;0;0;0.0;0.0;0.0;0.0;0.0;1.0;0.0;0.0;0.0;0.0;0.0;0.0;0.0;0.0;0.0;0.0;0.0;0.0;0.0;0.0;0.0;0.0;0.0;0.0;0.0;0.0;0.0;0.0;0.0;1.0;0.0;0.0;0.0;0.0;0.0;1.0;0.0;0.0;0.0;3.0;1.0;0;1;30;0;PITANGA;REGIÃO CENTRAL;21;1607.0;1590.0;4189.0;5100.0;3541.0;4558.0;5738.0;5477.0;5010.0;4474.0;3992.0;5075.0
1724.0;2020-07-31;4.0;9.0;16.0;21.0;508.0;26.0;1.0;4.0;16.0;348.0;26.0;0.0;26.0;668.0;28.0;41.0;4;5;5;4;5;4;4;0;0;0;0;0;1;0;0;0;0;0;0;0;0;0;0;0.0;0.0;0.0;0.0;0.0;1.0;0.0;0.0;0.0;0.0;0.0;0.0;0.0;0.0;0.0;0.0;0.0;0.0;0.0;0.0;0.0;0.0;0.0;0.0;0.0;0.0;0.0;0.0;0.0;1.0;0.0;0.0;0.0;0.0;0.0;1.0;0.0;0.0;0.0;3.0;1.0;0;0;31;0;PITANGA;REGIÃO CENTRAL;22;1566.0;1607.0;1590.0;4189.0;5100.0;3541.0;4558.0;5738.0;5477.0;5010.0;4474.0;3992.0
1561.0;2020-08-31;2.0;8.0;17.0;23.0;524.0;31.0;11.0;2.0;16.0;353.0;31.0;0.0;31.0;695.0;57.0;329.0;5;4;4;5;4;5;4;0;1;0;0;0;0;0;0;0;0;0;0;0;0;0;0;0.0;0.0;0.0;0.0;0.0;1.0;0.0;0.0;0.0;0.0;0.0;0.0;0.0;0.0;0.0;0.0;0.0;0.0;0.0;0.0;0.0;0.0;0.0;0.0;0.0;0.0;0.0;0.0;0.0;1.0;0.0;0.0;0.0;0.0;0.0;1.0;0.0;0.0;0.0;3.0;1.0;0;0;31;0;PITANGA;REGIÃO CENTRAL;23;1724.0;1566.0;1607.0;1590.0;4189.0;5100.0;3541.0;4558.0;5738.0;5477.0;5010.0;4474.0
1950.0;2020-09-30;12.0;16.0;22.0;26.0;660.0;34.0;3.0;12.0;19.0;476.0;34.0;0.0;34.0;844.0;36.0;83.0;4;5;4;4;4;4;5;0;0;0;0;0;0;0;0;0;0;0;1;0;0;0;0;0.0;0.0;0.0;0.0;0.0;1.0;0.0;0.0;0.0;0.0;0.0;0.0;0.0;0.0;0.0;0.0;0.0;0.0;0.0;0.0;0.0;0.0;0.0;0.0;0.0;0.0;0.0;0.0;0.0;1.0;0.0;0.0;0.0;0.0;0.0;1.0;0.0;0.0;0.0;3.0;1.0;0;0;30;0;PITANGA;REGIÃO CENTRAL;24;1561.0;1724.0;1566.0;1607.0;1590.0;4189.0;5100.0;3541.0;4558.0;5738.0;5477.0;5010.0
1550.0;2020-10-31;11.0;17.0;23.0;30.0;704.0;37.0;2.0;11.0;24.0;513.0;37.0;0.0;37.0;895.0;28.0;64.0;4;4;5;4;5;5;4;0;0;0;0;0;0;0;0;0;0;1;0;0;0;0;0;0.0;0.0;0.0;0.0;0.0;1.0;0.0;0.0;0.0;0.0;0.0;0.0;0.0;0.0;0.0;0.0;0.0;0.0;0.0;0.0;0.0;0.0;0.0;0.0;0.0;0.0;0.0;0.0;0.0;1.0;0.0;0.0;0.0;0.0;0.0;1.0;0.0;0.0;0.0;3.0;1.0;0;0;31;0;PITANGA;REGIÃO CENTRAL;25;1950.0;1561.0;1724.0;1566.0;1607.0;1590.0;4189.0;5100.0;3541.0;4558.0;5738.0;5477.0
1590.0;2020-11-30;9.0;18.0;22.0;27.0;673.0;34.0;4.0;9.0;21.0;473.0;34.0;0.0;34.0;873.0;32.0;123.0;5;4;4;5;4;4;4;0;0;0;0;0;0;0;0;0;1;0;0;0;0;0;0;0.0;0.0;0.0;0.0;0.0;1.0;0.0;0.0;0.0;0.0;0.0;0.0;0.0;0.0;0.0;0.0;0.0;0.0;0.0;0.0;0.0;0.0;0.0;0.0;0.0;0.0;0.0;0.0;0.0;1.0;0.0;0.0;0.0;0.0;0.0;1.0;0.0;0.0;0.0;3.0;1.0;0;0;30;0;PITANGA;REGIÃO CENTRAL;26;1550.0;1950.0;1561.0;1724.0;1566.0;1607.0;1590.0;4189.0;5100.0;3541.0;4558.0;5738.0
1643.0;2020-12-31;15.0;19.0;23.0;25.0;716.0;30.0;9.0;15.0;21.0;564.0;30.0;0.0;30.0;868.0;48.0;286.0;4;5;5;4;4;4;5;0;0;1;0;0;0;0;0;0;0;0;0;0;0;0;0;0.0;0.0;0.0;0.0;0.0;1.0;0.0;0.0;0.0;0.0;0.0;0.0;0.0;0.0;0.0;0.0;0.0;0.0;0.0;0.0;0.0;0.0;0.0;0.0;0.0;0.0;0.0;0.0;0.0;1.0;0.0;0.0;0.0;0.0;0.0;1.0;0.0;0.0;0.0;3.0;1.0;0;0;31;0;PITANGA;REGIÃO CENTRAL;27;1590.0;1550.0;1950.0;1561.0;1724.0;1566.0;1607.0;1590.0;4189.0;5100.0;3541.0;4558.0
1581.0;2021-01-31;15.0;20.0;23.0;26.0;711.0;31.0;9.0;15.0;22.0;600.0;31.0;0.0;31.0;822.0;31.0;288.0;5;4;4;4;5;5;4;0;0;0;0;1;0;0;0;0;0;0;0;1;0;0;0;0.0;0.0;0.0;0.0;0.0;0.0;0.0;0.0;0.0;0.0;0.0;0.0;0.0;0.0;0.0;0.0;0.0;0.0;0.0;0.0;0.0;0.0;0.0;0.0;0.0;0.0;0.0;0.0;0.0;1.0;0.0;0.0;0.0;0.0;0.0;1.0;0.0;0.0;0.0;3.0;1.0;0;0;31;0;PITANGA;REGIÃO CENTRAL;28;1643.0;1590.0;1550.0;1950.0;1561.0;1724.0;1566.0;1607.0;1590.0;4189.0;5100.0;3541.0
1512.0;2021-02-28;14.0;20.0;23.0;25.0;634.0;32.0;1.0;14.0;21.0;480.0;32.0;0.0;32.0;788.0;15.0;42.0;4;4;4;4;4;4;4;0;0;0;1;0;0;0;0;0;0;0;0;1;0;0;0;0.0;0.0;0.0;0.0;0.0;0.0;0.0;0.0;0.0;0.0;0.0;0.0;0.0;0.0;0.0;0.0;0.0;0.0;0.0;0.0;0.0;0.0;0.0;0.0;0.0;0.0;0.0;0.0;0.0;1.0;0.0;0.0;0.0;0.0;0.0;1.0;0.0;0.0;0.0;3.0;1.0;0;3;28;0;PITANGA;REGIÃO CENTRAL;29;1581.0;1643.0;1590.0;1550.0;1950.0;1561.0;1724.0;1566.0;1607.0;1590.0;4189.0;5100.0
1581.0;2021-03-31;12.0;18.0;23.0;26.0;719.0;32.0;3.0;12.0;20.0;561.0;32.0;0.0;32.0;876.0;23.0;100.0;4;5;4;5;4;4;5;0;0;0;0;0;0;0;0;1;0;0;0;1;0;0;0;0.0;0.0;0.0;0.0;0.0;0.0;0.0;0.0;0.0;0.0;0.0;0.0;0.0;0.0;0.0;0.0;0.0;0.0;0.0;0.0;0.0;0.0;0.0;0.0;0.0;0.0;0.0;0.0;0.0;1.0;0.0;0.0;0.0;0.0;0.0;1.0;0.0;0.0;0.0;3.0;1.0;0;0;31;0;PITANGA;REGIÃO CENTRAL;30;1512.0;1581.0;1643.0;1590.0;1550.0;1950.0;1561.0;1724.0;1566.0;1607.0;1590.0;4189.0
1440.0;2021-04-30;11.0;17.0;20.0;23.0;586.0;29.0;0.0;11.0;19.0;420.0;29.0;0.0;29.0;751.0;3.0;4.0;4;4;5;4;5;4;4;1;0;0;0;0;0;0;0;0;0;0;0;1;0;0;0;0.0;0.0;0.0;0.0;0.0;0.0;0.0;0.0;0.0;0.0;0.0;0.0;0.0;0.0;0.0;0.0;0.0;0.0;0.0;0.0;0.0;0.0;0.0;0.0;0.0;0.0;0.0;0.0;0.0;1.0;0.0;0.0;0.0;0.0;0.0;1.0;0.0;0.0;0.0;3.0;1.0;0;1;30;0;PITANGA;REGIÃO CENTRAL;31;1581.0;1512.0;1581.0;1643.0;1590.0;1550.0;1950.0;1561.0;1724.0;1566.0;1607.0;1590.0
1395.0;2021-05-31;4.0;12.0;17.0;21.0;536.0;28.0;3.0;4.0;17.0;371.0;28.0;0.0;28.0;700.0;40.0;103.0;5;4;4;5;4;5;4;0;0;0;0;0;0;0;1;0;0;0;0;1;0;0;0;0.0;0.0;0.0;0.0;0.0;0.0;0.0;0.0;0.0;0.0;0.0;0.0;0.0;0.0;0.0;0.0;0.0;0.0;0.0;0.0;0.0;0.0;0.0;0.0;0.0;0.0;0.0;0.0;0.0;1.0;0.0;0.0;0.0;0.0;0.0;1.0;0.0;0.0;0.0;3.0;1.0;0;0;31;0;PITANGA;REGIÃO CENTRAL;32;1440.0;1581.0;1512.0;1581.0;1643.0;1590.0;1550.0;1950.0;1561.0;1724.0;1566.0;1607.0
1380.0;2021-06-30;-1.0;4.0;15.0;20.0;455.0;25.0;5.0;-1.0;16.0;331.0;25.0;0.0;25.0;579.0;77.0;142.0;4;5;4;4;4;4;5;0;0;0;0;0;0;1;0;0;0;0;0;1;0;0;0;0.0;0.0;0.0;0.0;0.0;0.0;0.0;0.0;0.0;0.0;0.0;0.0;0.0;0.0;0.0;0.0;0.0;0.0;0.0;0.0;0.0;0.0;0.0;0.0;0.0;0.0;0.0;0.0;0.0;1.0;0.0;0.0;0.0;0.0;0.0;1.0;0.0;0.0;0.0;3.0;1.0;0;1;30;0;PITANGA;REGIÃO CENTRAL;33;1395.0;1440.0;1581.0;1512.0;1581.0;1643.0;1590.0;1550.0;1950.0;1561.0;1724.0;1566.0
1581.0;2021-07-31;-1.0;5.0;14.0;20.0;428.0;27.0;2.0;-1.0;15.0;232.0;27.0;0.0;27.0;624.0;24.0;64.0;4;4;5;4;5;5;4;0;0;0;0;0;1;0;0;0;0;0;0;1;0;0;0;0.0;0.0;0.0;0.0;0.0;0.0;0.0;0.0;0.0;0.0;0.0;0.0;0.0;0.0;0.0;0.0;0.0;0.0;0.0;0.0;0.0;0.0;0.0;0.0;0.0;0.0;0.0;0.0;0.0;1.0;0.0;0.0;0.0;0.0;0.0;1.0;0.0;0.0;0.0;3.0;1.0;0;0;31;0;PITANGA;REGIÃO CENTRAL;34;1380.0;1395.0;1440.0;1581.0;1512.0;1581.0;1643.0;1590.0;1550.0;1950.0;1561.0;1724.0
1705.0;2021-08-31;6.0;13.0;19.0;25.0;584.0;32.0;2.0;6.0;18.0;399.0;32.0;0.0;32.0;769.0;15.0;47.0;5;4;4;5;4;4;5;0;1;0;0;0;0;0;0;0;0;0;0;1;0;0;0;0.0;0.0;0.0;0.0;0.0;0.0;0.0;0.0;0.0;0.0;0.0;0.0;0.0;0.0;0.0;0.0;0.0;0.0;0.0;0.0;0.0;0.0;0.0;0.0;0.0;0.0;0.0;0.0;0.0;1.0;0.0;0.0;0.0;0.0;0.0;1.0;0.0;0.0;0.0;3.0;1.0;0;0;31;0;PITANGA;REGIÃO CENTRAL;35;1581.0;1380.0;1395.0;1440.0;1581.0;1512.0;1581.0;1643.0;1590.0;1550.0;1950.0;1561.0
1710.0;2021-09-30;10.0;16.0;22.0;27.0;656.0;34.0;1.0;10.0;22.0;468.0;34.0;0.0;34.0;843.0;22.0;42.0;4;5;5;4;4;4;4;0;0;0;0;0;0;0;0;0;0;0;1;1;0;0;0;0.0;0.0;0.0;0.0;0.0;0.0;0.0;0.0;0.0;0.0;0.0;0.0;0.0;0.0;0.0;0.0;0.0;0.0;0.0;0.0;0.0;0.0;0.0;0.0;0.0;0.0;0.0;0.0;0.0;1.0;0.0;0.0;0.0;0.0;0.0;1.0;0.0;0.0;0.0;3.0;1.0;0;0;30;0;PITANGA;REGIÃO CENTRAL;36;1705.0;1581.0;1380.0;1395.0;1440.0;1581.0;1512.0;1581.0;1643.0;1590.0;1550.0;1950.0
1798.0;2021-10-31;9.0;16.0;19.0;23.0;604.0;29.0;21.0;9.0;19.0;464.0;29.0;0.0;29.0;745.0;138.0;655.0;5;4;4;4;5;5;4;0;0;0;0;0;0;0;0;0;0;1;0;1;0;0;0;0.0;0.0;0.0;0.0;0.0;0.0;0.0;0.0;0.0;0.0;0.0;0.0;0.0;0.0;0.0;0.0;0.0;0.0;0.0;0.0;0.0;0.0;0.0;0.0;0.0;0.0;0.0;0.0;0.0;1.0;0.0;0.0;0.0;0.0;0.0;1.0;0.0;0.0;0.0;3.0;1.0;0;0;0;0;PITANGA;REGIÃO CENTRAL;37;1710.0;1705.0;1581.0;1380.0;1395.0;1440.0;1581.0;1512.0;1581.0;1643.0;1590.0;1550.0
3510.0;2021-11-30;11.0;18.0;23.0;26.0;683.0;33.0;2.0;11.0;19.0;488.0;33.0;0.0;33.0;877.0;51.0;63.0;4;4;4;5;4;4;5;0;0;0;0;0;0;0;0;0;1;0;0;1;0;0;0;0.0;0.0;0.0;0.0;0.0;0.0;0.0;0.0;0.0;0.0;0.0;0.0;0.0;0.0;0.0;0.0;0.0;0.0;0.0;0.0;0.0;0.0;0.0;0.0;0.0;0.0;0.0;0.0;0.0;1.0;0.0;0.0;0.0;0.0;0.0;1.0;0.0;0.0;0.0;3.0;1.0;0;0;0;0;PITANGA;REGIÃO CENTRAL;38;1798.0;1710.0;1705.0;1581.0;1380.0;1395.0;1440.0;1581.0;1512.0;1581.0;1643.0;1590.0
3689.0;2021-12-31;12.0;20.0;24.0;27.0;737.0;34.0;4.0;12.0;21.0;531.0;34.0;0.0;34.0;942.0;92.0;118.0;4;5;5;4;5;4;4;0;0;1;0;0;0;0;0;0;0;0;0;1;0;0;0;0.0;0.0;0.0;0.0;0.0;0.0;0.0;0.0;0.0;0.0;0.0;0.0;0.0;0.0;0.0;0.0;0.0;0.0;0.0;0.0;0.0;0.0;0.0;0.0;0.0;0.0;0.0;0.0;0.0;1.0;0.0;0.0;0.0;0.0;0.0;1.0;0.0;0.0;0.0;3.0;1.0;0;0;0;0;PITANGA;REGIÃO CENTRAL;39;3510.0;1798.0;1710.0;1705.0;1581.0;1380.0;1395.0;1440.0;1581.0;1512.0;1581.0;1643.0
3193.0;2022-01-31;15.0;20.0;24.0;28.0;746.0;34.0;6.0;15.0;22.0;585.0;34.0;0.0;34.0;906.0;21.0;194.0;5;4;4;5;4;5;4;0;0;0;0;1;0;0;0;0;0;0;0;0;1;0;0;0.0;0.0;0.0;0.0;0.0;0.0;0.0;0.0;0.0;0.0;0.0;0.0;0.0;0.0;0.0;0.0;0.0;0.0;0.0;0.0;0.0;0.0;0.0;0.0;0.0;0.0;0.0;0.0;0.0;1.0;0.0;0.0;0.0;0.0;0.0;1.0;0.0;0.0;0.0;3.0;1.0;31;0;0;0;PITANGA;REGIÃO CENTRAL;40;3689.0;3510.0;1798.0;1710.0;1705.0;1581.0;1380.0;1395.0;1440.0;1581.0;1512.0;1581.0
4984.0;2022-02-28;15.0;22.0;24.0;27.0;680.0;34.0;4.0;15.0;22.0;512.0;34.0;0.0;34.0;848.0;28.0;103.0;4;4;4;4;4;4;4;0;0;0;1;0;0;0;0;0;0;0;0;0;1;0;0;0.0;0.0;0.0;0.0;0.0;0.0;0.0;0.0;0.0;0.0;0.0;0.0;0.0;0.0;0.0;0.0;0.0;0.0;0.0;0.0;0.0;0.0;0.0;0.0;0.0;0.0;0.0;0.0;0.0;1.0;0.0;0.0;0.0;0.0;0.0;1.0;0.0;0.0;0.0;3.0;1.0;0;1;0;0;PITANGA;REGIÃO CENTRAL;41;3193.0;3689.0;3510.0;1798.0;1710.0;1705.0;1581.0;1380.0;1395.0;1440.0;1581.0;1512.0
5270.0;2022-03-31;15.0;19.0;23.0;27.0;723.0;33.0;12.0;15.0;21.0;572.0;33.0;0.0;33.0;874.0;64.0;382.0;4;5;5;4;4;4;5;0;0;0;0;0;0;0;0;1;0;0;0;0;1;0;0;0.0;0.0;0.0;0.0;0.0;0.0;0.0;0.0;0.0;0.0;0.0;0.0;0.0;0.0;0.0;0.0;0.0;0.0;0.0;0.0;0.0;0.0;0.0;0.0;0.0;0.0;0.0;0.0;0.0;1.0;0.0;0.0;0.0;0.0;0.0;1.0;0.0;0.0;0.0;3.0;1.0;0;1;0;0;PITANGA;REGIÃO CENTRAL;42;4984.0;3193.0;3689.0;3510.0;1798.0;1710.0;1705.0;1581.0;1380.0;1395.0;1440.0;1581.0
4440.0;2022-04-30;9.0;15.0;20.0;24.0;603.0;29.0;12.0;9.0;18.0;456.0;29.0;0.0;29.0;749.0;101.0;368.0;4;4;4;4;5;5;4;1;0;0;0;0;0;0;0;0;0;0;0;0;1;0;0;0.0;0.0;0.0;0.0;0.0;0.0;0.0;0.0;0.0;0.0;0.0;0.0;0.0;0.0;0.0;0.0;0.0;0.0;0.0;0.0;0.0;0.0;0.0;0.0;0.0;0.0;0.0;0.0;0.0;1.0;0.0;0.0;0.0;0.0;0.0;1.0;0.0;0.0;0.0;3.0;1.0;0;1;0;0;PITANGA;REGIÃO CENTRAL;43;5270.0;4984.0;3193.0;3689.0;3510.0;1798.0;1710.0;1705.0;1581.0;1380.0;1395.0;1440.0
5456.0;2022-05-31;4.0;8.0;16.0;22.0;501.0;28.0;7.0;4.0;18.0;354.0;28.0;0.0;28.0;647.0;83.0;212.0;5;4;4;5;4;4;5;0;0;0;0;0;0;0;1;0;0;0;0;0;1;0;0;0.0;0.0;0.0;0.0;0.0;0.0;0.0;0.0;0.0;0.0;0.0;0.0;0.0;0.0;0.0;0.0;0.0;0.0;0.0;0.0;0.0;0.0;0.0;0.0;0.0;0.0;0.0;0.0;0.0;1.0;0.0;0.0;0.0;0.0;0.0;1.0;0.0;0.0;0.0;3.0;1.0;0;0;0;0;PITANGA;REGIÃO CENTRAL;44;4440.0;5270.0;4984.0;3193.0;3689.0;3510.0;1798.0;1710.0;1705.0;1581.0;1380.0;1395.0
4920.0;2022-06-30;2.0;9.0;16.0;21.0;481.0;26.0;5.0;2.0;15.0;337.0;26.0;0.0;26.0;624.0;62.0;161.0;4;5;5;4;4;4;4;0;0;0;0;0;0;1;0;0;0;0;0;0;1;0;0;0.0;0.0;0.0;0.0;0.0;0.0;0.0;0.0;0.0;0.0;0.0;0.0;0.0;0.0;0.0;0.0;0.0;0.0;0.0;0.0;0.0;0.0;0.0;0.0;0.0;0.0;0.0;0.0;0.0;1.0;0.0;0.0;0.0;0.0;0.0;1.0;0.0;0.0;0.0;3.0;1.0;0;1;0;0;PITANGA;REGIÃO CENTRAL;45;5456.0;4440.0;5270.0;4984.0;3193.0;3689.0;3510.0;1798.0;1710.0;1705.0;1581.0;1380.0
4991.0;2022-07-31;4.0;12.0;19.0;21.0;576.0;27.0;1.0;4.0;16.0;390.0;27.0;0.0;27.0;762.0;8.0;25.0;5;4;4;4;5;5;4;0;0;0;0;0;1;0;0;0;0;0;0;0;1;0;0;0.0;0.0;0.0;0.0;0.0;0.0;0.0;0.0;0.0;0.0;0.0;0.0;0.0;0.0;0.0;0.0;0.0;0.0;0.0;0.0;0.0;0.0;0.0;0.0;0.0;0.0;0.0;0.0;0.0;1.0;0.0;0.0;0.0;0.0;0.0;1.0;0.0;0.0;0.0;3.0;1.0;0;0;0;0;PITANGA;REGIÃO CENTRAL;46;4920.0;5456.0;4440.0;5270.0;4984.0;3193.0;3689.0;3510.0;1798.0;1710.0;1705.0;1581.0
5704.0;2022-08-31;2.0;9.0;16.0;22.0;510.0;29.0;6.0;2.0;16.0;340.0;29.0;0.0;29.0;679.0;62.0;190.0;4;5;4;5;4;4;5;0;1;0;0;0;0;0;0;0;0;0;0;0;1;0;0;0.0;0.0;0.0;0.0;0.0;0.0;0.0;0.0;0.0;0.0;0.0;0.0;0.0;0.0;0.0;0.0;0.0;0.0;0.0;0.0;0.0;0.0;0.0;0.0;0.0;0.0;0.0;0.0;0.0;1.0;0.0;0.0;0.0;0.0;0.0;1.0;0.0;0.0;0.0;3.0;1.0;0;0;0;0;PITANGA;REGIÃO CENTRAL;47;4991.0;4920.0;5456.0;4440.0;5270.0;4984.0;3193.0;3689.0;3510.0;1798.0;1710.0;1705.0
5430.0;2022-09-30;5.0;12.0;16.0;24.0;491.0;31.0;12.0;5.0;17.0;359.0;31.0;0.0;31.0;622.0;65.0;355.0;4;4;5;4;5;4;4;0;0;0;0;0;0;0;0;0;0;0;1;0;1;0;0;0.0;0.0;0.0;0.0;0.0;0.0;0.0;0.0;0.0;0.0;0.0;0.0;0.0;0.0;0.0;0.0;0.0;0.0;0.0;0.0;0.0;0.0;0.0;0.0;0.0;0.0;0.0;0.0;0.0;1.0;0.0;0.0;0.0;0.0;0.0;1.0;0.0;0.0;0.0;3.0;1.0;0;0;0;0;PITANGA;REGIÃO CENTRAL;48;5704.0;4991.0;4920.0;5456.0;4440.0;5270.0;4984.0;3193.0;3689.0;3510.0;1798.0;1710.0
4495.0;2022-10-31;-1.0;12.0;20.0;23.0;625.0;31.0;15.0;-1.0;18.0;456.0;31.0;0.0;31.0;795.0;132.0;464.0;5;4;4;5;4;5;4;0;0;0;0;0;0;0;0;0;0;1;0;0;1;0;0;0.0;0.0;0.0;0.0;0.0;0.0;0.0;0.0;0.0;0.0;0.0;0.0;0.0;0.0;0.0;0.0;0.0;0.0;0.0;0.0;0.0;0.0;0.0;0.0;0.0;0.0;0.0;0.0;0.0;1.0;0.0;0.0;0.0;0.0;0.0;1.0;0.0;0.0;0.0;3.0;1.0;0;0;0;0;PITANGA;REGIÃO CENTRAL;49;5430.0;5704.0;4991.0;4920.0;5456.0;4440.0;5270.0;4984.0;3193.0;3689.0;3510.0;1798.0
4620.0;2022-11-30;8.0;12.0;20.0;24.0;598.0;31.0;4.0;8.0;19.0;407.0;31.0;0.0;31.0;788.0;44.0;105.0;4;5;4;4;4;4;5;0;0;0;0;0;0;0;0;0;1;0;0;0;1;0;0;0.0;0.0;0.0;0.0;0.0;0.0;0.0;0.0;0.0;0.0;0.0;0.0;0.0;0.0;0.0;0.0;0.0;0.0;0.0;0.0;0.0;0.0;0.0;0.0;0.0;0.0;0.0;0.0;0.0;1.0;0.0;0.0;0.0;0.0;0.0;1.0;0.0;0.0;0.0;3.0;1.0;0;0;0;0;PITANGA;REGIÃO CENTRAL;50;4495.0;5430.0;5704.0;4991.0;4920.0;5456.0;4440.0;5270.0;4984.0;3193.0;3689.0;3510.0
4588.0;2022-12-31;-6.0;12.0;23.0;26.0;702.0;32.0;7.0;-6.0;21.0;522.0;32.0;0.0;32.0;881.0;42.0;211.0;4;4;5;4;5;5;4;0;0;1;0;0;0;0;0;0;0;0;0;0;1;0;0;0.0;0.0;0.0;0.0;0.0;0.0;0.0;0.0;0.0;0.0;0.0;0.0;0.0;0.0;0.0;0.0;0.0;0.0;0.0;0.0;0.0;0.0;0.0;0.0;0.0;0.0;0.0;0.0;0.0;1.0;0.0;0.0;0.0;0.0;0.0;1.0;0.0;0.0;0.0;3.0;1.0;0;0;0;0;PITANGA;REGIÃO CENTRAL;51;4620.0;4495.0;5430.0;5704.0;4991.0;4920.0;5456.0;4440.0;5270.0;4984.0;3193.0;3689.0
3255.0;2023-01-31;14.0;19.0;23.0;26.0;710.0;31.0;6.0;14.0;20.0;557.0;31.0;0.0;31.0;862.0;47.0;184.0;5;4;4;5;4;4;5;0;0;0;0;1;0;0;0;0;0;0;0;0;0;1;0;0.0;0.0;0.0;0.0;0.0;0.0;0.0;0.0;0.0;0.0;0.0;0.0;0.0;0.0;0.0;0.0;0.0;0.0;0.0;0.0;0.0;0.0;0.0;0.0;0.0;0.0;0.0;0.0;0.0;1.0;0.0;0.0;0.0;0.0;0.0;1.0;0.0;0.0;0.0;3.0;1.0;31;0;0;0;PITANGA;REGIÃO CENTRAL;52;4588.0;4620.0;4495.0;5430.0;5704.0;4991.0;4920.0;5456.0;4440.0;5270.0;4984.0;3193.0
4508.0;2023-02-28;12.0;17.0;22.0;25.0;624.0;32.0;12.0;12.0;20.0;499.0;32.0;0.0;32.0;748.0;55.0;334.0;4;4;4;4;4;4;4;0;0;0;1;0;0;0;0;0;0;0;0;0;0;1;0;0.0;0.0;0.0;0.0;0.0;0.0;0.0;0.0;0.0;0.0;0.0;0.0;0.0;0.0;0.0;0.0;0.0;0.0;0.0;0.0;0.0;0.0;0.0;0.0;0.0;0.0;0.0;0.0;0.0;1.0;0.0;0.0;0.0;0.0;0.0;1.0;0.0;0.0;0.0;3.0;1.0;0;3;0;0;PITANGA;REGIÃO CENTRAL;53;3255.0;4588.0;4620.0;4495.0;5430.0;5704.0;4991.0;4920.0;5456.0;4440.0;5270.0;4984.0
5952.0;2023-03-31;17.0;22.0;24.0;26.0;729.0;31.0;6.0;17.0;21.0;566.0;31.0;0.0;31.0;892.0;30.0;174.0;4;5;5;4;5;4;4;0;0;0;0;0;0;0;0;1;0;0;0;0;0;1;0;0.0;0.0;0.0;0.0;0.0;0.0;0.0;0.0;0.0;0.0;0.0;0.0;0.0;0.0;0.0;0.0;0.0;0.0;0.0;0.0;0.0;0.0;0.0;0.0;0.0;0.0;0.0;0.0;0.0;1.0;0.0;0.0;0.0;0.0;0.0;1.0;0.0;0.0;0.0;3.0;1.0;0;0;0;0;PITANGA;REGIÃO CENTRAL;54;4508.0;3255.0;4588.0;4620.0;4495.0;5430.0;5704.0;4991.0;4920.0;5456.0;4440.0;5270.0
3780.0;2023-04-30;9.0;15.0;20.0;24.0;603.0;30.0;5.0;9.0;18.0;451.0;30.0;0.0;30.0;755.0;51.0;156.0;5;4;4;4;4;5;4;1;0;0;0;0;0;0;0;0;0;0;0;0;0;1;0;0.0;0.0;0.0;0.0;0.0;0.0;0.0;0.0;0.0;0.0;0.0;0.0;0.0;0.0;0.0;0.0;0.0;0.0;0.0;0.0;0.0;0.0;0.0;0.0;0.0;0.0;0.0;0.0;0.0;1.0;0.0;0.0;0.0;0.0;0.0;1.0;0.0;0.0;0.0;3.0;1.0;0;1;0;0;PITANGA;REGIÃO CENTRAL;55;5952.0;4508.0;3255.0;4588.0;4620.0;4495.0;5430.0;5704.0;4991.0;4920.0;5456.0;4440.0
5022.0;2023-05-31;8.0;15.0;18.0;23.0;572.0;28.0;5.0;8.0;19.0;408.0;28.0;0.0;28.0;736.0;67.0;141.0;4;5;4;5;4;4;5;0;0;0;0;0;0;0;1;0;0;0;0;0;0;1;0;0.0;0.0;0.0;0.0;0.0;0.0;0.0;0.0;0.0;0.0;0.0;0.0;0.0;0.0;0.0;0.0;0.0;0.0;0.0;0.0;0.0;0.0;0.0;0.0;0.0;0.0;0.0;0.0;0.0;1.0;0.0;0.0;0.0;0.0;0.0;1.0;0.0;0.0;0.0;3.0;1.0;0;0;0;0;PITANGA;REGIÃO CENTRAL;56;3780.0;5952.0;4508.0;3255.0;4588.0;4620.0;4495.0;5430.0;5704.0;4991.0;4920.0;5456.0
6060.0;2023-06-30;5.0;11.0;16.0;21.0;493.0;27.0;2.0;5.0;15.0;330.0;27.0;0.0;27.0;655.0;17.0;48.0;4;4;5;4;5;4;4;0;0;0;0;0;0;1;0;0;0;0;0;0;0;1;0;0.0;0.0;0.0;0.0;0.0;0.0;0.0;0.0;0.0;0.0;0.0;0.0;0.0;0.0;0.0;0.0;0.0;0.0;0.0;0.0;0.0;0.0;0.0;0.0;0.0;0.0;0.0;0.0;0.0;1.0;0.0;0.0;0.0;0.0;0.0;1.0;0.0;0.0;0.0;3.0;1.0;0;1;0;0;PITANGA;REGIÃO CENTRAL;57;5022.0;3780.0;5952.0;4508.0;3255.0;4588.0;4620.0;4495.0;5430.0;5704.0;4991.0;4920.0
3813.0;2023-07-31;5.0;10.0;17.0;21.0;531.0;26.0;3.0;5.0;16.0;378.0;26.0;0.0;26.0;684.0;24.0;97.0;5;4;4;5;4;5;4;0;0;0;0;0;1;0;0;0;0;0;0;0;0;1;0;0.0;0.0;0.0;0.0;0.0;0.0;0.0;0.0;0.0;0.0;0.0;0.0;0.0;0.0;0.0;0.0;0.0;0.0;0.0;0.0;0.0;0.0;0.0;0.0;0.0;0.0;0.0;0.0;0.0;1.0;0.0;0.0;0.0;0.0;0.0;1.0;0.0;0.0;0.0;3.0;1.0;15;0;0;0;PITANGA;REGIÃO CENTRAL;58;6060.0;5022.0;3780.0;5952.0;4508.0;3255.0;4588.0;4620.0;4495.0;5430.0;5704.0;4991.0
4805.0;2023-08-31;6.0;13.0;19.0;25.0;581.0;32.0;6.0;6.0;19.0;396.0;32.0;0.0;32.0;765.0;100.0;194.0;4;5;5;4;4;4;5;0;1;0;0;0;0;0;0;0;0;0;0;0;0;1;0;0.0;0.0;0.0;0.0;0.0;0.0;0.0;0.0;0.0;0.0;0.0;0.0;0.0;0.0;0.0;0.0;0.0;0.0;0.0;0.0;0.0;0.0;0.0;0.0;0.0;0.0;0.0;0.0;0.0;1.0;0.0;0.0;0.0;0.0;0.0;1.0;0.0;0.0;0.0;3.0;1.0;0;0;0;0;PITANGA;REGIÃO CENTRAL;59;3813.0;6060.0;5022.0;3780.0;5952.0;4508.0;3255.0;4588.0;4620.0;4495.0;5430.0;5704.0
5040.0;2023-09-30;7.0;15.0;22.0;28.0;663.0;35.0;8.0;7.0;22.0;484.0;35.0;0.0;35.0;841.0;69.0;233.0;4;4;4;4;5;5;4;0;0;0;0;0;0;0;0;0;0;0;1;0;0;1;0;0.0;0.0;0.0;0.0;0.0;0.0;0.0;0.0;0.0;0.0;0.0;0.0;0.0;0.0;0.0;0.0;0.0;0.0;0.0;0.0;0.0;0.0;0.0;0.0;0.0;0.0;0.0;0.0;0.0;1.0;0.0;0.0;0.0;0.0;0.0;1.0;0.0;0.0;0.0;3.0;1.0;0;0;0;0;PITANGA;REGIÃO CENTRAL;60;4805.0;3813.0;6060.0;5022.0;3780.0;5952.0;4508.0;3255.0;4588.0;4620.0;4495.0;5430.0
5084.0;2023-10-31;13.0;18.0;22.0;26.0;685.0;33.0;19.0;13.0;22.0;531.0;33.0;0.0;33.0;840.0;116.0;594.0;5;4;4;5;4;4;5;0;0;0;0;0;0;0;0;0;0;1;0;0;0;1;0;0.0;0.0;0.0;0.0;0.0;0.0;0.0;0.0;0.0;0.0;0.0;0.0;0.0;0.0;0.0;0.0;0.0;0.0;0.0;0.0;0.0;0.0;0.0;0.0;0.0;0.0;0.0;0.0;0.0;1.0;0.0;0.0;0.0;0.0;0.0;1.0;0.0;0.0;0.0;3.0;1.0;0;0;0;0;PITANGA;REGIÃO CENTRAL;61;5040.0;4805.0;3813.0;6060.0;5022.0;3780.0;5952.0;4508.0;3255.0;4588.0;4620.0;4495.0
5940.0;2023-11-30;9.0;17.0;23.0;29.0;690.0;36.0;7.0;9.0;23.0;524.0;36.0;0.0;36.0;856.0;44.0;205.0;4;5;5;4;4;4;4;0;0;0;0;0;0;0;0;0;1;0;0;0;0;1;0;0.0;0.0;0.0;0.0;0.0;0.0;0.0;0.0;0.0;0.0;0.0;0.0;0.0;0.0;0.0;0.0;0.0;0.0;0.0;0.0;0.0;0.0;0.0;0.0;0.0;0.0;0.0;0.0;0.0;1.0;0.0;0.0;0.0;0.0;0.0;1.0;0.0;0.0;0.0;3.0;1.0;0;0;0;0;PITANGA;REGIÃO CENTRAL;62;5084.0;5040.0;4805.0;3813.0;6060.0;5022.0;3780.0;5952.0;4508.0;3255.0;4588.0;4620.0
5735.0;2023-12-31;16.0;20.0;25.0;28.0;766.0;35.0;4.0;16.0;21.0;580.0;35.0;0.0;35.0;952.0;39.0;131.0;5;4;4;4;5;5;4;0;0;1;0;0;0;0;0;0;0;0;0;0;0;1;0;0.0;0.0;0.0;0.0;0.0;0.0;0.0;0.0;0.0;0.0;0.0;0.0;0.0;0.0;0.0;0.0;0.0;0.0;0.0;0.0;0.0;0.0;0.0;0.0;0.0;0.0;0.0;0.0;0.0;1.0;0.0;0.0;0.0;0.0;0.0;1.0;0.0;0.0;0.0;3.0;1.0;0;0;0;0;PITANGA;REGIÃO CENTRAL;63;5940.0;5084.0;5040.0;4805.0;3813.0;6060.0;5022.0;3780.0;5952.0;4508.0;3255.0;4588.0
4309.0;2024-01-31;14.0;19.0;24.0;28.0;750.0;36.0;7.0;14.0;22.0;578.0;36.0;0.0;36.0;923.0;61.0;219.0;4;5;4;5;4;4;5;0;0;0;0;1;0;0;0;0;0;0;0;0;0;0;1;0.0;0.0;0.0;0.0;0.0;0.0;0.0;0.0;0.0;0.0;0.0;0.0;0.0;0.0;0.0;0.0;0.0;0.0;0.0;0.0;0.0;0.0;0.0;0.0;0.0;0.0;0.0;0.0;0.0;1.0;0.0;0.0;0.0;0.0;0.0;1.0;0.0;0.0;0.0;3.0;1.0;31;0;0;0;PITANGA;REGIÃO CENTRAL;64;5735.0;5940.0;5084.0;5040.0;4805.0;3813.0;6060.0;5022.0;3780.0;5952.0;4508.0;3255.0
7279.0;2024-02-29;17.0;21.0;25.0;27.0;723.0;34.0;2.0;17.0;22.0;565.0;34.0;0.0;34.0;880.0;20.0;68.0;4;4;5;4;4;4;4;0;0;0;1;0;0;0;0;0;0;0;0;0;0;0;1;0.0;0.0;0.0;0.0;0.0;0.0;0.0;0.0;0.0;0.0;0.0;0.0;0.0;0.0;0.0;0.0;0.0;0.0;0.0;0.0;0.0;0.0;0.0;0.0;0.0;0.0;0.0;0.0;0.0;1.0;0.0;0.0;0.0;0.0;0.0;2.0;0.0;0.0;0.0;3.0;1.0;0;3;0;0;PITANGA;REGIÃO CENTRAL;65;4309.0;5735.0;5940.0;5084.0;5040.0;4805.0;3813.0;6060.0;5022.0;3780.0;5952.0;4508.0
7874.0;2024-03-31;16.0;19.0;25.0;28.0;765.0;35.0;2.0;16.0;22.0;595.0;35.0;0.0;35.0;934.0;37.0;75.0;5;4;4;4;5;5;4;0;0;0;0;0;0;0;0;1;0;0;0;0;0;0;1;0.0;0.0;0.0;0.0;0.0;0.0;0.0;0.0;0.0;0.0;0.0;0.0;0.0;0.0;0.0;0.0;0.0;0.0;0.0;0.0;0.0;0.0;0.0;0.0;0.0;0.0;0.0;0.0;0.0;1.0;0.0;0.0;0.0;0.0;0.0;2.0;0.0;0.0;0.0;3.0;1.0;0;1;0;0;PITANGA;REGIÃO CENTRAL;66;7279.0;4309.0;5735.0;5940.0;5084.0;5040.0;4805.0;3813.0;6060.0;5022.0;3780.0;5952.0
5100.0;2024-04-30;11.0;17.0;23.0;26.0;680.0;32.0;4.0;11.0;21.0;531.0;32.0;0.0;32.0;830.0;50.0;111.0;4;4;4;5;4;4;5;1;0;0;0;0;0;0;0;0;0;0;0;0;0;0;1;0.0;0.0;0.0;0.0;0.0;0.0;0.0;0.0;0.0;0.0;0.0;0.0;0.0;0.0;0.0;0.0;0.0;0.0;0.0;0.0;0.0;0.0;0.0;0.0;0.0;0.0;0.0;0.0;0.0;1.0;0.0;0.0;0.0;0.0;0.0;2.0;0.0;0.0;0.0;3.0;1.0;0;0;0;0;PITANGA;REGIÃO CENTRAL;67;7874.0;7279.0;4309.0;5735.0;5940.0;5084.0;5040.0;4805.0;3813.0;6060.0;5022.0;3780.0
3596.0;2024-05-31;5.0;11.0;20.0;26.0;617.0;31.0;1.0;5.0;21.0;469.0;31.0;0.0;31.0;766.0;20.0;37.0;4;5;5;4;5;4;4;0;0;0;0;0;0;0;1;0;0;0;0;0;0;0;1;0.0;0.0;0.0;0.0;0.0;0.0;0.0;0.0;0.0;0.0;0.0;0.0;0.0;0.0;0.0;0.0;0.0;0.0;0.0;0.0;0.0;0.0;0.0;0.0;0.0;0.0;0.0;0.0;0.0;1.0;0.0;0.0;0.0;0.0;0.0;2.0;0.0;0.0;0.0;3.0;1.0;0;1;0;30;PITANGA;REGIÃO CENTRAL;68;5100.0;7874.0;7279.0;4309.0;5735.0;5940.0;5084.0;5040.0;4805.0;3813.0;6060.0;5022.0
3030.0;2024-06-30;5.0;12.0;20.0;22.0;586.0;29.0;0.0;5.0;18.0;411.0;29.0;0.0;29.0;761.0;1.0;2.0;5;4;4;4;4;5;4;0;0;0;0;0;0;1;0;0;0;0;0;0;0;0;1;0.0;0.0;0.0;0.0;0.0;0.0;0.0;0.0;0.0;0.0;0.0;0.0;0.0;0.0;0.0;0.0;0.0;0.0;0.0;0.0;0.0;0.0;0.0;0.0;0.0;0.0;0.0;0.0;0.0;1.0;0.0;0.0;0.0;0.0;0.0;2.0;0.0;0.0;0.0;3.0;1.0;0;0;0;30;PITANGA;REGIÃO CENTRAL;69;3596.0;5100.0;7874.0;7279.0;4309.0;5735.0;5940.0;5084.0;5040.0;4805.0;3813.0;6060.0
5115.0;2024-07-31;5.0;10.0;16.0;21.0;491.0;27.0;3.0;5.0;15.0;353.0;27.0;0.0;27.0;629.0;28.0;83.0;4;5;4;5;4;4;5;0;0;0;0;0;1;0;0;0;0;0;0;0;0;0;1;0.0;0.0;0.0;0.0;0.0;0.0;0.0;0.0;0.0;0.0;0.0;0.0;0.0;0.0;0.0;0.0;0.0;0.0;0.0;0.0;0.0;0.0;0.0;0.0;0.0;0.0;0.0;0.0;0.0;1.0;0.0;0.0;0.0;0.0;0.0;2.0;0.0;0.0;0.0;3.0;1.0;12;0;0;0;PITANGA;REGIÃO CENTRAL;70;3030.0;3596.0;5100.0;7874.0;7279.0;4309.0;5735.0;5940.0;5084.0;5040.0;4805.0;3813.0
6386.0;2024-08-31;0.0;9.0;18.0;25.0;549.0;33.0;1.0;0.0;20.0;350.0;33.0;0.0;33.0;748.0;10.0;28.0;4;4;5;4;5;5;4;0;1;0;0;0;0;0;0;0;0;0;0;0;0;0;1;0.0;0.0;0.0;0.0;0.0;0.0;0.0;0.0;0.0;0.0;0.0;0.0;0.0;0.0;0.0;0.0;0.0;0.0;0.0;0.0;0.0;0.0;0.0;0.0;0.0;0.0;0.0;0.0;0.0;1.0;0.0;0.0;0.0;0.0;0.0;2.0;0.0;0.0;0.0;3.0;1.0;0;0;0;0;PITANGA;REGIÃO CENTRAL;71;5115.0;3030.0;3596.0;5100.0;7874.0;7279.0;4309.0;5735.0;5940.0;5084.0;5040.0;4805.0
5820.0;2024-09-30;11.0;15.0;22.0;27.0;656.0;35.0;4.0;11.0;20.0;462.0;35.0;0.0;35.0;850.0;39.0;106.0;5;4;4;5;4;4;4;0;0;0;0;0;0;0;0;0;0;0;1;0;0;0;1;0.0;0.0;0.0;0.0;0.0;0.0;0.0;0.0;0.0;0.0;0.0;0.0;0.0;0.0;0.0;0.0;0.0;0.0;0.0;0.0;0.0;0.0;0.0;0.0;0.0;0.0;0.0;0.0;0.0;1.0;0.0;0.0;0.0;0.0;0.0;2.0;0.0;0.0;0.0;3.0;1.0;0;0;0;0;PITANGA;REGIÃO CENTRAL;72;6386.0;5115.0;3030.0;3596.0;5100.0;7874.0;7279.0;4309.0;5735.0;5940.0;5084.0;5040.0
6603.0;2024-10-31;12.0;17.0;22.0;27.0;682.0;34.0;4.0;12.0;23.0;532.0;34.0;0.0;34.0;833.0;42.0;115.0;4;5;5;4;4;4;5;0;0;0;0;0;0;0;0;0;0;1;0;0;0;0;1;0.0;0.0;0.0;0.0;0.0;0.0;0.0;0.0;0.0;0.0;0.0;0.0;0.0;0.0;0.0;0.0;0.0;0.0;0.0;0.0;0.0;0.0;0.0;0.0;0.0;0.0;0.0;0.0;0.0;1.0;0.0;0.0;0.0;0.0;0.0;2.0;0.0;0.0;0.0;3.0;1.0;0;0;0;0;PITANGA;REGIÃO CENTRAL;73;5820.0;6386.0;5115.0;3030.0;3596.0;5100.0;7874.0;7279.0;4309.0;5735.0;5940.0;5084.0
2970.0;2018-11-30;14.0;18.0;22.0;25.0;651.0;32.0;4.0;14.0;19.0;491.0;32.0;0.0;32.0;810.0;27.0;107.0;4;4;5;4;5;4;4;0;0;0;0;0;0;0;0;0;1;0;0;0;0;0;0;0.0;0.0;0.0;1.0;0.0;0.0;0.0;0.0;0.0;0.0;0.0;0.0;0.0;0.0;0.0;0.0;0.0;0.0;0.0;0.0;0.0;0.0;0.0;0.0;0.0;0.0;0.0;0.0;0.0;0.0;1.0;0.0;0.0;0.0;0.0;1.0;0.0;0.0;0.0;0.0;0.0;0;0;0;0;QUEDAS DO IGUAÇU;REGIÃO OESTE;1;3101.0;3138.0;3227.0;2926.0;3162.0;3131.0;3046.0;3185.0;2672.0;2385.0;2393.0;2842.0
2287.0;2018-12-31;11.0;18.0;23.0;27.0;721.0;34.0;2.0;11.0;21.0;525.0;34.0;0.0;34.0;916.0;15.0;58.0;5;4;4;5;4;5;4;0;0;1;0;0;0;0;0;0;0;0;0;0;0;0;0;0.0;0.0;0.0;1.0;0.0;0.0;0.0;0.0;0.0;0.0;0.0;0.0;0.0;0.0;0.0;0.0;0.0;0.0;0.0;0.0;0.0;0.0;0.0;0.0;0.0;0.0;0.0;0.0;0.0;0.0;1.0;0.0;0.0;0.0;0.0;1.0;0.0;0.0;0.0;0.0;0.0;0;0;0;0;QUEDAS DO IGUAÇU;REGIÃO OESTE;2;2970.0;3101.0;3138.0;3227.0;2926.0;3162.0;3131.0;3046.0;3185.0;2672.0;2385.0;2393.0
2130.0;2019-01-31;17.0;21.0;25.0;27.0;774.0;34.0;7.0;17.0;21.0;606.0;34.0;0.0;34.0;943.0;49.0;210.0;4;5;5;4;4;4;5;0;0;0;0;1;0;0;0;0;0;0;0;0;0;0;0;0.0;0.0;0.0;0.0;1.0;0.0;0.0;0.0;0.0;0.0;0.0;0.0;0.0;0.0;0.0;0.0;0.0;0.0;0.0;0.0;0.0;0.0;0.0;0.0;0.0;0.0;0.0;0.0;0.0;0.0;1.0;0.0;0.0;0.0;0.0;1.0;0.0;0.0;0.0;0.0;0.0;31;0;0;0;QUEDAS DO IGUAÇU;REGIÃO OESTE;3;2287.0;2970.0;3101.0;3138.0;3227.0;2926.0;3162.0;3131.0;3046.0;3185.0;2672.0;2385.0
2560.0;2019-02-28;14.0;18.0;23.0;27.0;643.0;34.0;6.0;14.0;22.0;498.0;34.0;0.0;34.0;788.0;55.0;158.0;4;4;4;4;4;4;4;0;0;0;1;0;0;0;0;0;0;0;0;0;0;0;0;0.0;0.0;0.0;0.0;1.0;0.0;0.0;0.0;0.0;0.0;0.0;0.0;0.0;0.0;0.0;0.0;0.0;0.0;0.0;0.0;0.0;0.0;0.0;0.0;0.0;0.0;0.0;0.0;0.0;0.0;1.0;0.0;0.0;0.0;0.0;1.0;0.0;0.0;0.0;0.0;0.0;0;0;0;0;QUEDAS DO IGUAÇU;REGIÃO OESTE;4;2130.0;2287.0;2970.0;3101.0;3138.0;3227.0;2926.0;3162.0;3131.0;3046.0;3185.0;2672.0
3215.0;2019-03-31;13.0;19.0;21.0;25.0;665.0;31.0;5.0;13.0;19.0;513.0;31.0;0.0;31.0;816.0;59.0;166.0;5;4;4;4;5;5;4;0;0;0;0;0;0;0;0;1;0;0;0;0;0;0;0;0.0;0.0;0.0;0.0;1.0;0.0;0.0;0.0;0.0;0.0;0.0;0.0;0.0;0.0;0.0;0.0;0.0;0.0;0.0;0.0;0.0;0.0;0.0;0.0;0.0;0.0;0.0;0.0;0.0;0.0;1.0;0.0;0.0;0.0;0.0;1.0;0.0;0.0;0.0;0.0;0.0;0;3;0;0;QUEDAS DO IGUAÇU;REGIÃO OESTE;5;2560.0;2130.0;2287.0;2970.0;3101.0;3138.0;3227.0;2926.0;3162.0;3131.0;3046.0;3185.0
3260.0;2019-04-30;10.0;18.0;20.0;23.0;611.0;28.0;3.0;10.0;18.0;472.0;28.0;0.0;28.0;750.0;23.0;80.0;4;4;4;5;4;4;5;1;0;0;0;0;0;0;0;0;0;0;0;0;0;0;0;0.0;0.0;0.0;0.0;1.0;0.0;0.0;0.0;0.0;0.0;0.0;0.0;0.0;0.0;0.0;0.0;0.0;0.0;0.0;0.0;0.0;0.0;0.0;0.0;0.0;0.0;0.0;0.0;0.0;0.0;1.0;0.0;0.0;0.0;0.0;1.0;0.0;0.0;0.0;0.0;0.0;0;1;0;0;QUEDAS DO IGUAÇU;REGIÃO OESTE;6;3215.0;2560.0;2130.0;2287.0;2970.0;3101.0;3138.0;3227.0;2926.0;3162.0;3131.0;3046.0
3732.0;2019-05-31;8.0;12.0;18.0;23.0;550.0;28.0;8.0;8.0;18.0;437.0;28.0;0.0;28.0;663.0;75.0;254.0;4;5;5;4;5;4;4;0;0;0;0;0;0;0;1;0;0;0;0;0;0;0;0;0.0;0.0;0.0;0.0;1.0;0.0;0.0;0.0;0.0;0.0;0.0;0.0;0.0;0.0;0.0;0.0;0.0;0.0;0.0;0.0;0.0;0.0;0.0;0.0;0.0;0.0;0.0;0.0;0.0;0.0;1.0;0.0;0.0;0.0;0.0;1.0;0.0;0.0;0.0;0.0;0.0;0;0;0;0;QUEDAS DO IGUAÇU;REGIÃO OESTE;7;3260.0;3215.0;2560.0;2130.0;2287.0;2970.0;3101.0;3138.0;3227.0;2926.0;3162.0;3131.0
3610.0;2019-06-30;7.0;11.0;18.0;22.0;527.0;27.0;1.0;7.0;16.0;368.0;27.0;0.0;27.0;687.0;16.0;26.0;5;4;4;4;4;5;4;0;0;0;0;0;0;1;0;0;0;0;0;0;0;0;0;0.0;0.0;0.0;0.0;1.0;0.0;0.0;0.0;0.0;0.0;0.0;0.0;0.0;0.0;0.0;0.0;0.0;0.0;0.0;0.0;0.0;0.0;0.0;0.0;0.0;0.0;0.0;0.0;0.0;0.0;1.0;0.0;0.0;0.0;0.0;1.0;0.0;0.0;0.0;0.0;0.0;0;1;0;0;QUEDAS DO IGUAÇU;REGIÃO OESTE;8;3732.0;3260.0;3215.0;2560.0;2130.0;2287.0;2970.0;3101.0;3138.0;3227.0;2926.0;3162.0
3275.0;2019-07-31;-4.0;3.0;14.0;20.0;435.0;26.0;2.0;-4.0;15.0;267.0;26.0;0.0;26.0;603.0;27.0;68.0;4;5;4;5;4;4;5;0;0;0;0;0;1;0;0;0;0;0;0;0;0;0;0;0.0;0.0;0.0;0.0;1.0;0.0;0.0;0.0;0.0;0.0;0.0;0.0;0.0;0.0;0.0;0.0;0.0;0.0;0.0;0.0;0.0;0.0;0.0;0.0;0.0;0.0;0.0;0.0;0.0;0.0;1.0;0.0;0.0;0.0;0.0;1.0;0.0;0.0;0.0;0.0;0.0;16;0;0;0;QUEDAS DO IGUAÇU;REGIÃO OESTE;9;3610.0;3732.0;3260.0;3215.0;2560.0;2130.0;2287.0;2970.0;3101.0;3138.0;3227.0;2926.0
3798.0;2019-08-31;-0.0;7.0;16.0;22.0;506.0;31.0;1.0;-0.0;16.0;300.0;31.0;0.0;31.0;712.0;16.0;25.0;4;4;5;4;5;5;4;0;1;0;0;0;0;0;0;0;0;0;0;0;0;0;0;0.0;0.0;0.0;0.0;1.0;0.0;0.0;0.0;0.0;0.0;0.0;0.0;0.0;0.0;0.0;0.0;0.0;0.0;0.0;0.0;0.0;0.0;0.0;0.0;0.0;0.0;0.0;0.0;0.0;0.0;1.0;0.0;0.0;0.0;0.0;1.0;0.0;0.0;0.0;0.0;0.0;0;0;0;0;QUEDAS DO IGUAÇU;REGIÃO OESTE;10;3275.0;3610.0;3732.0;3260.0;3215.0;2560.0;2130.0;2287.0;2970.0;3101.0;3138.0;3227.0
3746.0;2019-09-30;7.0;14.0;20.0;27.0;597.0;34.0;1.0;7.0;19.0;417.0;34.0;0.0;34.0;778.0;18.0;40.0;5;4;4;5;4;4;4;0;0;0;0;0;0;0;0;0;0;0;1;0;0;0;0;0.0;0.0;0.0;0.0;1.0;0.0;0.0;0.0;0.0;0.0;0.0;0.0;0.0;0.0;0.0;0.0;0.0;0.0;0.0;0.0;0.0;0.0;0.0;0.0;0.0;0.0;0.0;0.0;0.0;0.0;1.0;0.0;0.0;0.0;0.0;1.0;0.0;0.0;0.0;0.0;0.0;0;0;0;0;QUEDAS DO IGUAÇU;REGIÃO OESTE;11;3798.0;3275.0;3610.0;3732.0;3260.0;3215.0;2560.0;2130.0;2287.0;2970.0;3101.0;3138.0
3560.0;2019-10-31;11.0;17.0;23.0;28.0;700.0;35.0;5.0;11.0;21.0;512.0;35.0;0.0;35.0;887.0;56.0;147.0;4;5;5;4;4;4;5;0;0;0;0;0;0;0;0;0;0;1;0;0;0;0;0;0.0;0.0;0.0;0.0;1.0;0.0;0.0;0.0;0.0;0.0;0.0;0.0;0.0;0.0;0.0;0.0;0.0;0.0;0.0;0.0;0.0;0.0;0.0;0.0;0.0;0.0;0.0;0.0;0.0;0.0;1.0;0.0;0.0;0.0;0.0;1.0;0.0;0.0;0.0;0.0;0.0;0;0;0;0;QUEDAS DO IGUAÇU;REGIÃO OESTE;12;3746.0;3798.0;3275.0;3610.0;3732.0;3260.0;3215.0;2560.0;2130.0;2287.0;2970.0;3101.0
3690.0;2019-11-30;12.0;20.0;23.0;26.0;679.0;32.0;6.0;12.0;20.0;513.0;32.0;0.0;32.0;845.0;76.0;170.0;4;4;4;4;5;5;4;0;0;0;0;0;0;0;0;0;1;0;0;0;0;0;0;0.0;0.0;0.0;0.0;1.0;0.0;0.0;0.0;0.0;0.0;0.0;0.0;0.0;0.0;0.0;0.0;0.0;0.0;0.0;0.0;0.0;0.0;0.0;0.0;0.0;0.0;0.0;0.0;0.0;0.0;1.0;0.0;0.0;0.0;0.0;1.0;0.0;0.0;0.0;0.0;0.0;0;0;0;0;QUEDAS DO IGUAÇU;REGIÃO OESTE;13;3560.0;3746.0;3798.0;3275.0;3610.0;3732.0;3260.0;3215.0;2560.0;2130.0;2287.0;2970.0
3109.0;2019-12-31;12.0;19.0;22.0;26.0;682.0;32.0;6.0;12.0;20.0;514.0;32.0;0.0;32.0;850.0;70.0;194.0;5;4;4;5;4;4;5;0;0;1;0;0;0;0;0;0;0;0;0;0;0;0;0;0.0;0.0;0.0;0.0;1.0;0.0;0.0;0.0;0.0;0.0;0.0;0.0;0.0;0.0;0.0;0.0;0.0;0.0;0.0;0.0;0.0;0.0;0.0;0.0;0.0;0.0;0.0;0.0;0.0;0.0;1.0;0.0;0.0;0.0;0.0;1.0;0.0;0.0;0.0;0.0;0.0;0;0;0;0;QUEDAS DO IGUAÇU;REGIÃO OESTE;14;3690.0;3560.0;3746.0;3798.0;3275.0;3610.0;3732.0;3260.0;3215.0;2560.0;2130.0;2287.0
2913.0;2020-01-31;15.0;18.0;23.0;25.0;726.0;32.0;6.0;15.0;21.0;576.0;32.0;0.0;32.0;876.0;85.0;184.0;4;5;5;4;5;4;4;0;0;0;0;1;0;0;0;0;0;0;0;0;0;0;0;0.0;0.0;0.0;0.0;0.0;1.0;0.0;0.0;0.0;0.0;0.0;0.0;0.0;0.0;0.0;0.0;0.0;0.0;0.0;0.0;0.0;0.0;0.0;0.0;0.0;0.0;0.0;0.0;0.0;0.0;1.0;0.0;0.0;0.0;0.0;1.0;0.0;0.0;0.0;0.0;0.0;31;0;0;0;QUEDAS DO IGUAÇU;REGIÃO OESTE;15;3109.0;3690.0;3560.0;3746.0;3798.0;3275.0;3610.0;3732.0;3260.0;3215.0;2560.0;2130.0
3259.0;2020-02-29;11.0;18.0;23.0;26.0;674.0;33.0;5.0;11.0;21.0;516.0;33.0;0.0;33.0;831.0;68.0;132.0;4;4;4;4;4;5;4;0;0;0;1;0;0;0;0;0;0;0;0;0;0;0;0;0.0;0.0;0.0;0.0;0.0;1.0;0.0;0.0;0.0;0.0;0.0;0.0;0.0;0.0;0.0;0.0;0.0;0.0;0.0;0.0;0.0;0.0;0.0;0.0;0.0;0.0;0.0;0.0;0.0;0.0;1.0;0.0;0.0;0.0;0.0;1.0;0.0;0.0;0.0;0.0;1.0;0;3;0;0;QUEDAS DO IGUAÇU;REGIÃO OESTE;16;2913.0;3109.0;3690.0;3560.0;3746.0;3798.0;3275.0;3610.0;3732.0;3260.0;3215.0;2560.0
3068.0;2020-03-31;13.0;20.0;23.0;26.0;702.0;34.0;1.0;13.0;20.0;505.0;34.0;0.0;34.0;899.0;34.0;36.0;5;4;4;5;4;4;5;0;0;0;0;0;0;0;0;1;0;0;0;0;0;0;0;0.0;0.0;0.0;0.0;0.0;1.0;0.0;0.0;0.0;0.0;0.0;0.0;0.0;0.0;0.0;0.0;0.0;0.0;0.0;0.0;0.0;0.0;0.0;0.0;0.0;0.0;0.0;0.0;0.0;0.0;1.0;0.0;0.0;0.0;0.0;1.0;0.0;0.0;0.0;0.0;1.0;0;0;15;0;QUEDAS DO IGUAÇU;REGIÃO OESTE;17;3259.0;2913.0;3109.0;3690.0;3560.0;3746.0;3798.0;3275.0;3610.0;3732.0;3260.0;3215.0
2276.0;2020-04-30;4.0;12.0;18.0;25.0;552.0;32.0;4.0;4.0;19.0;343.0;32.0;0.0;32.0;761.0;62.0;118.0;4;5;5;4;4;4;4;1;0;0;0;0;0;0;0;0;0;0;0;0;0;0;0;0.0;0.0;0.0;0.0;0.0;1.0;0.0;0.0;0.0;0.0;0.0;0.0;0.0;0.0;0.0;0.0;0.0;0.0;0.0;0.0;0.0;0.0;0.0;0.0;0.0;0.0;0.0;0.0;0.0;0.0;1.0;0.0;0.0;0.0;0.0;1.0;0.0;0.0;0.0;0.0;1.0;0;1;30;0;QUEDAS DO IGUAÇU;REGIÃO OESTE;18;3068.0;3259.0;2913.0;3109.0;3690.0;3560.0;3746.0;3798.0;3275.0;3610.0;3732.0;3260.0
2032.0;2020-05-31;2.0;9.0;15.0;20.0;462.0;27.0;7.0;2.0;16.0;271.0;27.0;0.0;27.0;653.0;105.0;210.0;5;4;4;4;5;5;4;0;0;0;0;0;0;0;1;0;0;0;0;0;0;0;0;0.0;0.0;0.0;0.0;0.0;1.0;0.0;0.0;0.0;0.0;0.0;0.0;0.0;0.0;0.0;0.0;0.0;0.0;0.0;0.0;0.0;0.0;0.0;0.0;0.0;0.0;0.0;0.0;0.0;0.0;1.0;0.0;0.0;0.0;0.0;1.0;0.0;0.0;0.0;0.0;1.0;0;0;31;0;QUEDAS DO IGUAÇU;REGIÃO OESTE;19;2276.0;3068.0;3259.0;2913.0;3109.0;3690.0;3560.0;3746.0;3798.0;3275.0;3610.0;3732.0
1942.0;2020-06-30;5.0;9.0;17.0;23.0;502.0;27.0;5.0;5.0;18.0;361.0;27.0;0.0;27.0;642.0;48.0;154.0;4;4;4;5;4;4;5;0;0;0;0;0;0;1;0;0;0;0;0;0;0;0;0;0.0;0.0;0.0;0.0;0.0;1.0;0.0;0.0;0.0;0.0;0.0;0.0;0.0;0.0;0.0;0.0;0.0;0.0;0.0;0.0;0.0;0.0;0.0;0.0;0.0;0.0;0.0;0.0;0.0;0.0;1.0;0.0;0.0;0.0;0.0;1.0;0.0;0.0;0.0;0.0;1.0;0;1;30;0;QUEDAS DO IGUAÇU;REGIÃO OESTE;20;2032.0;2276.0;3068.0;3259.0;2913.0;3109.0;3690.0;3560.0;3746.0;3798.0;3275.0;3610.0
1969.0;2020-07-31;1.0;8.0;16.0;22.0;489.0;26.0;3.0;1.0;17.0;347.0;26.0;0.0;26.0;631.0;64.0;102.0;4;5;5;4;5;4;4;0;0;0;0;0;1;0;0;0;0;0;0;0;0;0;0;0.0;0.0;0.0;0.0;0.0;1.0;0.0;0.0;0.0;0.0;0.0;0.0;0.0;0.0;0.0;0.0;0.0;0.0;0.0;0.0;0.0;0.0;0.0;0.0;0.0;0.0;0.0;0.0;0.0;0.0;1.0;0.0;0.0;0.0;0.0;1.0;0.0;0.0;0.0;0.0;1.0;0;0;31;0;QUEDAS DO IGUAÇU;REGIÃO OESTE;21;1942.0;2032.0;2276.0;3068.0;3259.0;2913.0;3109.0;3690.0;3560.0;3746.0;3798.0;3275.0
2883.0;2020-08-31;-1.0;4.0;18.0;25.0;557.0;30.0;10.0;-1.0;20.0;410.0;30.0;0.0;30.0;703.0;114.0;308.0;5;4;4;5;4;5;4;0;1;0;0;0;0;0;0;0;0;0;0;0;0;0;0;0.0;0.0;0.0;0.0;0.0;1.0;0.0;0.0;0.0;0.0;0.0;0.0;0.0;0.0;0.0;0.0;0.0;0.0;0.0;0.0;0.0;0.0;0.0;0.0;0.0;0.0;0.0;0.0;0.0;0.0;1.0;0.0;0.0;0.0;0.0;1.0;0.0;0.0;0.0;0.0;1.0;0;0;31;0;QUEDAS DO IGUAÇU;REGIÃO OESTE;22;1969.0;1942.0;2032.0;2276.0;3068.0;3259.0;2913.0;3109.0;3690.0;3560.0;3746.0;3798.0
870.0;2020-09-30;9.0;15.0;22.0;30.0;658.0;36.0;3.0;9.0;24.0;499.0;36.0;0.0;36.0;817.0;32.0;81.0;4;5;4;4;4;4;5;0;0;0;0;0;0;0;0;0;0;0;1;0;0;0;0;0.0;0.0;0.0;0.0;0.0;1.0;0.0;0.0;0.0;0.0;0.0;0.0;0.0;0.0;0.0;0.0;0.0;0.0;0.0;0.0;0.0;0.0;0.0;0.0;0.0;0.0;0.0;0.0;0.0;0.0;1.0;0.0;0.0;0.0;0.0;1.0;0.0;0.0;0.0;0.0;1.0;0;0;30;0;QUEDAS DO IGUAÇU;REGIÃO OESTE;23;2883.0;1969.0;1942.0;2032.0;2276.0;3068.0;3259.0;2913.0;3109.0;3690.0;3560.0;3746.0
2015.0;2020-10-31;10.0;17.0;23.0;30.0;721.0;36.0;2.0;10.0;25.0;546.0;36.0;0.0;36.0;896.0;27.0;65.0;4;4;5;4;5;5;4;0;0;0;0;0;0;0;0;0;0;1;0;0;0;0;0;0.0;0.0;0.0;0.0;0.0;1.0;0.0;0.0;0.0;0.0;0.0;0.0;0.0;0.0;0.0;0.0;0.0;0.0;0.0;0.0;0.0;0.0;0.0;0.0;0.0;0.0;0.0;0.0;0.0;0.0;1.0;0.0;0.0;0.0;0.0;1.0;0.0;0.0;0.0;0.0;1.0;0;0;31;0;QUEDAS DO IGUAÇU;REGIÃO OESTE;24;870.0;2883.0;1969.0;1942.0;2032.0;2276.0;3068.0;3259.0;2913.0;3109.0;3690.0;3560.0
1920.0;2020-11-30;10.0;18.0;22.0;28.0;674.0;34.0;4.0;10.0;22.0;501.0;34.0;0.0;34.0;847.0;68.0;121.0;5;4;4;5;4;4;4;0;0;0;0;0;0;0;0;0;1;0;0;0;0;0;0;0.0;0.0;0.0;0.0;0.0;1.0;0.0;0.0;0.0;0.0;0.0;0.0;0.0;0.0;0.0;0.0;0.0;0.0;0.0;0.0;0.0;0.0;0.0;0.0;0.0;0.0;0.0;0.0;0.0;0.0;1.0;0.0;0.0;0.0;0.0;1.0;0.0;0.0;0.0;0.0;1.0;0;0;30;0;QUEDAS DO IGUAÇU;REGIÃO OESTE;25;2015.0;870.0;2883.0;1969.0;1942.0;2032.0;2276.0;3068.0;3259.0;2913.0;3109.0;3690.0
1891.0;2020-12-31;14.0;20.0;24.0;26.0;730.0;31.0;9.0;14.0;21.0;577.0;31.0;0.0;31.0;883.0;138.0;266.0;4;5;5;4;4;4;5;0;0;1;0;0;0;0;0;0;0;0;0;0;0;0;0;0.0;0.0;0.0;0.0;0.0;1.0;0.0;0.0;0.0;0.0;0.0;0.0;0.0;0.0;0.0;0.0;0.0;0.0;0.0;0.0;0.0;0.0;0.0;0.0;0.0;0.0;0.0;0.0;0.0;0.0;1.0;0.0;0.0;0.0;0.0;1.0;0.0;0.0;0.0;0.0;1.0;0;0;31;0;QUEDAS DO IGUAÇU;REGIÃO OESTE;26;1920.0;2015.0;870.0;2883.0;1969.0;1942.0;2032.0;2276.0;3068.0;3259.0;2913.0;3109.0
1922.0;2021-01-31;17.0;19.0;23.0;26.0;710.0;31.0;6.0;17.0;23.0;589.0;31.0;0.0;31.0;832.0;32.0;191.0;5;4;4;4;5;5;4;0;0;0;0;1;0;0;0;0;0;0;0;1;0;0;0;0.0;0.0;0.0;0.0;0.0;0.0;0.0;0.0;0.0;0.0;0.0;0.0;0.0;0.0;0.0;0.0;0.0;0.0;0.0;0.0;0.0;0.0;0.0;0.0;0.0;0.0;0.0;0.0;0.0;0.0;1.0;0.0;0.0;0.0;0.0;1.0;0.0;0.0;0.0;0.0;1.0;0;0;31;0;QUEDAS DO IGUAÇU;REGIÃO OESTE;27;1891.0;1920.0;2015.0;870.0;2883.0;1969.0;1942.0;2032.0;2276.0;3068.0;3259.0;2913.0
1820.0;2021-02-28;13.0;19.0;23.0;28.0;649.0;33.0;2.0;13.0;22.0;502.0;33.0;0.0;33.0;797.0;22.0;58.0;4;4;4;4;4;4;4;0;0;0;1;0;0;0;0;0;0;0;0;1;0;0;0;0.0;0.0;0.0;0.0;0.0;0.0;0.0;0.0;0.0;0.0;0.0;0.0;0.0;0.0;0.0;0.0;0.0;0.0;0.0;0.0;0.0;0.0;0.0;0.0;0.0;0.0;0.0;0.0;0.0;0.0;1.0;0.0;0.0;0.0;0.0;1.0;0.0;0.0;0.0;0.0;1.0;0;3;28;0;QUEDAS DO IGUAÇU;REGIÃO OESTE;28;1922.0;1891.0;1920.0;2015.0;870.0;2883.0;1969.0;1942.0;2032.0;2276.0;3068.0;3259.0
2015.0;2021-03-31;13.0;18.0;24.0;27.0;729.0;34.0;1.0;13.0;21.0;571.0;34.0;0.0;34.0;887.0;12.0;36.0;4;5;4;5;4;4;5;0;0;0;0;0;0;0;0;1;0;0;0;1;0;0;0;0.0;0.0;0.0;0.0;0.0;0.0;0.0;0.0;0.0;0.0;0.0;0.0;0.0;0.0;0.0;0.0;0.0;0.0;0.0;0.0;0.0;0.0;0.0;0.0;0.0;0.0;0.0;0.0;0.0;0.0;1.0;0.0;0.0;0.0;0.0;1.0;0.0;0.0;0.0;0.0;1.0;0;0;31;0;QUEDAS DO IGUAÇU;REGIÃO OESTE;29;1820.0;1922.0;1891.0;1920.0;2015.0;870.0;2883.0;1969.0;1942.0;2032.0;2276.0;3068.0
1680.0;2021-04-30;8.0;15.0;21.0;25.0;622.0;30.0;1.0;8.0;20.0;466.0;30.0;0.0;30.0;778.0;18.0;23.0;4;4;5;4;5;4;4;1;0;0;0;0;0;0;0;0;0;0;0;1;0;0;0;0.0;0.0;0.0;0.0;0.0;0.0;0.0;0.0;0.0;0.0;0.0;0.0;0.0;0.0;0.0;0.0;0.0;0.0;0.0;0.0;0.0;0.0;0.0;0.0;0.0;0.0;0.0;0.0;0.0;0.0;1.0;0.0;0.0;0.0;0.0;1.0;0.0;0.0;0.0;0.0;1.0;0;1;30;0;QUEDAS DO IGUAÇU;REGIÃO OESTE;30;2015.0;1820.0;1922.0;1891.0;1920.0;2015.0;870.0;2883.0;1969.0;1942.0;2032.0;2276.0
1643.0;2021-05-31;5.0;11.0;18.0;24.0;546.0;29.0;1.0;5.0;19.0;390.0;29.0;0.0;29.0;702.0;24.0;42.0;5;4;4;5;4;5;4;0;0;0;0;0;0;0;1;0;0;0;0;1;0;0;0;0.0;0.0;0.0;0.0;0.0;0.0;0.0;0.0;0.0;0.0;0.0;0.0;0.0;0.0;0.0;0.0;0.0;0.0;0.0;0.0;0.0;0.0;0.0;0.0;0.0;0.0;0.0;0.0;0.0;0.0;1.0;0.0;0.0;0.0;0.0;1.0;0.0;0.0;0.0;0.0;1.0;0;0;31;0;QUEDAS DO IGUAÇU;REGIÃO OESTE;31;1680.0;2015.0;1820.0;1922.0;1891.0;1920.0;2015.0;870.0;2883.0;1969.0;1942.0;2032.0
1680.0;2021-06-30;-1.0;4.0;15.0;23.0;450.0;27.0;5.0;-1.0;18.0;332.0;27.0;0.0;27.0;569.0;42.0;147.0;4;5;4;4;4;4;5;0;0;0;0;0;0;1;0;0;0;0;0;1;0;0;0;0.0;0.0;0.0;0.0;0.0;0.0;0.0;0.0;0.0;0.0;0.0;0.0;0.0;0.0;0.0;0.0;0.0;0.0;0.0;0.0;0.0;0.0;0.0;0.0;0.0;0.0;0.0;0.0;0.0;0.0;1.0;0.0;0.0;0.0;0.0;1.0;0.0;0.0;0.0;0.0;1.0;0;1;30;0;QUEDAS DO IGUAÇU;REGIÃO OESTE;32;1643.0;1680.0;2015.0;1820.0;1922.0;1891.0;1920.0;2015.0;870.0;2883.0;1969.0;1942.0
1674.0;2021-07-31;-2.0;5.0;15.0;23.0;469.0;28.0;2.0;-2.0;18.0;303.0;28.0;0.0;28.0;635.0;19.0;47.0;4;4;5;4;5;5;4;0;0;0;0;0;1;0;0;0;0;0;0;1;0;0;0;0.0;0.0;0.0;0.0;0.0;0.0;0.0;0.0;0.0;0.0;0.0;0.0;0.0;0.0;0.0;0.0;0.0;0.0;0.0;0.0;0.0;0.0;0.0;0.0;0.0;0.0;0.0;0.0;0.0;0.0;1.0;0.0;0.0;0.0;0.0;1.0;0.0;0.0;0.0;0.0;1.0;0;0;31;0;QUEDAS DO IGUAÇU;REGIÃO OESTE;33;1680.0;1643.0;1680.0;2015.0;1820.0;1922.0;1891.0;1920.0;2015.0;870.0;2883.0;1969.0
1891.0;2021-08-31;6.0;12.0;19.0;26.0;598.0;32.0;2.0;6.0;22.0;442.0;32.0;0.0;32.0;753.0;31.0;74.0;5;4;4;5;4;4;5;0;1;0;0;0;0;0;0;0;0;0;0;1;0;0;0;0.0;0.0;0.0;0.0;0.0;0.0;0.0;0.0;0.0;0.0;0.0;0.0;0.0;0.0;0.0;0.0;0.0;0.0;0.0;0.0;0.0;0.0;0.0;0.0;0.0;0.0;0.0;0.0;0.0;0.0;1.0;0.0;0.0;0.0;0.0;1.0;0.0;0.0;0.0;0.0;1.0;0;0;31;0;QUEDAS DO IGUAÇU;REGIÃO OESTE;34;1674.0;1680.0;1643.0;1680.0;2015.0;1820.0;1922.0;1891.0;1920.0;2015.0;870.0;2883.0
2070.0;2021-09-30;9.0;15.0;22.0;29.0;658.0;35.0;3.0;9.0;24.0;508.0;35.0;0.0;35.0;807.0;35.0;86.0;4;5;5;4;4;4;4;0;0;0;0;0;0;0;0;0;0;0;1;1;0;0;0;0.0;0.0;0.0;0.0;0.0;0.0;0.0;0.0;0.0;0.0;0.0;0.0;0.0;0.0;0.0;0.0;0.0;0.0;0.0;0.0;0.0;0.0;0.0;0.0;0.0;0.0;0.0;0.0;0.0;0.0;1.0;0.0;0.0;0.0;0.0;1.0;0.0;0.0;0.0;0.0;1.0;0;0;30;0;QUEDAS DO IGUAÇU;REGIÃO OESTE;35;1891.0;1674.0;1680.0;1643.0;1680.0;2015.0;1820.0;1922.0;1891.0;1920.0;2015.0;870.0
2015.0;2021-10-31;11.0;17.0;20.0;25.0;630.0;30.0;16.0;11.0;20.0;502.0;30.0;0.0;30.0;759.0;154.0;495.0;5;4;4;4;5;5;4;0;0;0;0;0;0;0;0;0;0;1;0;1;0;0;0;0.0;0.0;0.0;0.0;0.0;0.0;0.0;0.0;0.0;0.0;0.0;0.0;0.0;0.0;0.0;0.0;0.0;0.0;0.0;0.0;0.0;0.0;0.0;0.0;0.0;0.0;0.0;0.0;0.0;0.0;1.0;0.0;0.0;0.0;0.0;1.0;0.0;0.0;0.0;0.0;1.0;0;0;0;0;QUEDAS DO IGUAÇU;REGIÃO OESTE;36;2070.0;1891.0;1674.0;1680.0;1643.0;1680.0;2015.0;1820.0;1922.0;1891.0;1920.0;2015.0
2820.0;2021-11-30;14.0;20.0;24.0;27.0;709.0;33.0;2.0;14.0;23.0;545.0;33.0;0.0;33.0;872.0;17.0;61.0;4;4;4;5;4;4;5;0;0;0;0;0;0;0;0;0;1;0;0;1;0;0;0;0.0;0.0;0.0;0.0;0.0;0.0;0.0;0.0;0.0;0.0;0.0;0.0;0.0;0.0;0.0;0.0;0.0;0.0;0.0;0.0;0.0;0.0;0.0;0.0;0.0;0.0;0.0;0.0;0.0;0.0;1.0;0.0;0.0;0.0;0.0;1.0;0.0;0.0;0.0;0.0;1.0;0;0;0;0;QUEDAS DO IGUAÇU;REGIÃO OESTE;37;2015.0;2070.0;1891.0;1674.0;1680.0;1643.0;1680.0;2015.0;1820.0;1922.0;1891.0;1920.0
3441.0;2021-12-31;14.0;21.0;25.0;28.0;788.0;35.0;1.0;14.0;23.0;591.0;35.0;0.0;35.0;985.0;19.0;43.0;4;5;5;4;5;4;4;0;0;1;0;0;0;0;0;0;0;0;0;1;0;0;0;0.0;0.0;0.0;0.0;0.0;0.0;0.0;0.0;0.0;0.0;0.0;0.0;0.0;0.0;0.0;0.0;0.0;0.0;0.0;0.0;0.0;0.0;0.0;0.0;0.0;0.0;0.0;0.0;0.0;0.0;1.0;0.0;0.0;0.0;0.0;1.0;0.0;0.0;0.0;0.0;1.0;0;0;0;0;QUEDAS DO IGUAÇU;REGIÃO OESTE;38;2820.0;2015.0;2070.0;1891.0;1674.0;1680.0;1643.0;1680.0;2015.0;1820.0;1922.0;1891.0
3627.0;2022-01-31;17.0;21.0;26.0;31.0;808.0;37.0;8.0;17.0;25.0;637.0;37.0;0.0;37.0;980.0;55.0;245.0;5;4;4;5;4;5;4;0;0;0;0;1;0;0;0;0;0;0;0;0;1;0;0;0.0;0.0;0.0;0.0;0.0;0.0;0.0;0.0;0.0;0.0;0.0;0.0;0.0;0.0;0.0;0.0;0.0;0.0;0.0;0.0;0.0;0.0;0.0;0.0;0.0;0.0;0.0;0.0;0.0;0.0;1.0;0.0;0.0;0.0;0.0;1.0;0.0;0.0;0.0;0.0;1.0;31;0;0;0;QUEDAS DO IGUAÇU;REGIÃO OESTE;39;3441.0;2820.0;2015.0;2070.0;1891.0;1674.0;1680.0;1643.0;1680.0;2015.0;1820.0;1922.0
3864.0;2022-02-28;13.0;20.0;25.0;29.0;712.0;34.0;6.0;13.0;24.0;555.0;34.0;0.0;34.0;868.0;43.0;169.0;4;4;4;4;4;4;4;0;0;0;1;0;0;0;0;0;0;0;0;0;1;0;0;0.0;0.0;0.0;0.0;0.0;0.0;0.0;0.0;0.0;0.0;0.0;0.0;0.0;0.0;0.0;0.0;0.0;0.0;0.0;0.0;0.0;0.0;0.0;0.0;0.0;0.0;0.0;0.0;0.0;0.0;1.0;0.0;0.0;0.0;0.0;1.0;0.0;0.0;0.0;0.0;1.0;0;1;0;0;QUEDAS DO IGUAÇU;REGIÃO OESTE;40;3627.0;3441.0;2820.0;2015.0;2070.0;1891.0;1674.0;1680.0;1643.0;1680.0;2015.0;1820.0
4278.0;2022-03-31;9.0;14.0;23.0;28.0;703.0;33.0;11.0;9.0;23.0;565.0;33.0;0.0;33.0;840.0;100.0;353.0;4;5;5;4;4;4;5;0;0;0;0;0;0;0;0;1;0;0;0;0;1;0;0;0.0;0.0;0.0;0.0;0.0;0.0;0.0;0.0;0.0;0.0;0.0;0.0;0.0;0.0;0.0;0.0;0.0;0.0;0.0;0.0;0.0;0.0;0.0;0.0;0.0;0.0;0.0;0.0;0.0;0.0;1.0;0.0;0.0;0.0;0.0;1.0;0.0;0.0;0.0;0.0;1.0;0;1;0;0;QUEDAS DO IGUAÇU;REGIÃO OESTE;41;3864.0;3627.0;3441.0;2820.0;2015.0;2070.0;1891.0;1674.0;1680.0;1643.0;1680.0;2015.0
4320.0;2022-04-30;7.0;14.0;20.0;26.0;607.0;30.0;18.0;7.0;22.0;482.0;30.0;0.0;30.0;732.0;118.0;546.0;4;4;4;4;5;5;4;1;0;0;0;0;0;0;0;0;0;0;0;0;1;0;0;0.0;0.0;0.0;0.0;0.0;0.0;0.0;0.0;0.0;0.0;0.0;0.0;0.0;0.0;0.0;0.0;0.0;0.0;0.0;0.0;0.0;0.0;0.0;0.0;0.0;0.0;0.0;0.0;0.0;0.0;1.0;0.0;0.0;0.0;0.0;1.0;0.0;0.0;0.0;0.0;1.0;0;1;0;0;QUEDAS DO IGUAÇU;REGIÃO OESTE;42;4278.0;3864.0;3627.0;3441.0;2820.0;2015.0;2070.0;1891.0;1674.0;1680.0;1643.0;1680.0
4805.0;2022-05-31;4.0;7.0;15.0;20.0;467.0;25.0;7.0;4.0;18.0;359.0;25.0;0.0;25.0;575.0;86.0;215.0;5;4;4;5;4;4;5;0;0;0;0;0;0;0;1;0;0;0;0;0;1;0;0;0.0;0.0;0.0;0.0;0.0;0.0;0.0;0.0;0.0;0.0;0.0;0.0;0.0;0.0;0.0;0.0;0.0;0.0;0.0;0.0;0.0;0.0;0.0;0.0;0.0;0.0;0.0;0.0;0.0;0.0;1.0;0.0;0.0;0.0;0.0;1.0;0.0;0.0;0.0;0.0;1.0;0;0;0;0;QUEDAS DO IGUAÇU;REGIÃO OESTE;43;4320.0;4278.0;3864.0;3627.0;3441.0;2820.0;2015.0;2070.0;1891.0;1674.0;1680.0;1643.0
4170.0;2022-06-30;1.0;7.0;15.0;20.0;442.0;25.0;6.0;1.0;16.0;320.0;25.0;0.0;25.0;564.0;68.0;175.0;4;5;5;4;4;4;4;0;0;0;0;0;0;1;0;0;0;0;0;0;1;0;0;0.0;0.0;0.0;0.0;0.0;0.0;0.0;0.0;0.0;0.0;0.0;0.0;0.0;0.0;0.0;0.0;0.0;0.0;0.0;0.0;0.0;0.0;0.0;0.0;0.0;0.0;0.0;0.0;0.0;0.0;1.0;0.0;0.0;0.0;0.0;1.0;0.0;0.0;0.0;0.0;1.0;0;1;0;0;QUEDAS DO IGUAÇU;REGIÃO OESTE;44;4805.0;4320.0;4278.0;3864.0;3627.0;3441.0;2820.0;2015.0;2070.0;1891.0;1674.0;1680.0
2914.0;2022-07-31;4.0;9.0;19.0;22.0;576.0;27.0;2.0;4.0;18.0;427.0;27.0;0.0;27.0;724.0;33.0;71.0;5;4;4;4;5;5;4;0;0;0;0;0;1;0;0;0;0;0;0;0;1;0;0;0.0;0.0;0.0;0.0;0.0;0.0;0.0;0.0;0.0;0.0;0.0;0.0;0.0;0.0;0.0;0.0;0.0;0.0;0.0;0.0;0.0;0.0;0.0;0.0;0.0;0.0;0.0;0.0;0.0;0.0;1.0;0.0;0.0;0.0;0.0;1.0;0.0;0.0;0.0;0.0;1.0;0;0;0;0;QUEDAS DO IGUAÇU;REGIÃO OESTE;45;4170.0;4805.0;4320.0;4278.0;3864.0;3627.0;3441.0;2820.0;2015.0;2070.0;1891.0;1674.0
3255.0;2022-08-31;0.0;6.0;16.0;23.0;501.0;29.0;8.0;0.0;18.0;357.0;29.0;0.0;29.0;644.0;67.0;250.0;4;5;4;5;4;4;5;0;1;0;0;0;0;0;0;0;0;0;0;0;1;0;0;0.0;0.0;0.0;0.0;0.0;0.0;0.0;0.0;0.0;0.0;0.0;0.0;0.0;0.0;0.0;0.0;0.0;0.0;0.0;0.0;0.0;0.0;0.0;0.0;0.0;0.0;0.0;0.0;0.0;0.0;1.0;0.0;0.0;0.0;0.0;1.0;0.0;0.0;0.0;0.0;1.0;0;0;0;0;QUEDAS DO IGUAÇU;REGIÃO OESTE;46;2914.0;4170.0;4805.0;4320.0;4278.0;3864.0;3627.0;3441.0;2820.0;2015.0;2070.0;1891.0
2520.0;2022-09-30;3.0;10.0;16.0;24.0;479.0;29.0;9.0;3.0;21.0;347.0;29.0;0.0;29.0;610.0;45.0;284.0;4;4;5;4;5;4;4;0;0;0;0;0;0;0;0;0;0;0;1;0;1;0;0;0.0;0.0;0.0;0.0;0.0;0.0;0.0;0.0;0.0;0.0;0.0;0.0;0.0;0.0;0.0;0.0;0.0;0.0;0.0;0.0;0.0;0.0;0.0;0.0;0.0;0.0;0.0;0.0;0.0;0.0;1.0;0.0;0.0;0.0;0.0;1.0;0.0;0.0;0.0;0.0;1.0;0;0;0;0;QUEDAS DO IGUAÇU;REGIÃO OESTE;47;3255.0;2914.0;4170.0;4805.0;4320.0;4278.0;3864.0;3627.0;3441.0;2820.0;2015.0;2070.0
2759.0;2022-10-31;10.0;14.0;19.0;25.0;592.0;31.0;18.0;10.0;20.0;458.0;31.0;0.0;31.0;726.0;150.0;557.0;5;4;4;5;4;5;4;0;0;0;0;0;0;0;0;0;0;1;0;0;1;0;0;0.0;0.0;0.0;0.0;0.0;0.0;0.0;0.0;0.0;0.0;0.0;0.0;0.0;0.0;0.0;0.0;0.0;0.0;0.0;0.0;0.0;0.0;0.0;0.0;0.0;0.0;0.0;0.0;0.0;0.0;1.0;0.0;0.0;0.0;0.0;1.0;0.0;0.0;0.0;0.0;1.0;0;0;0;0;QUEDAS DO IGUAÇU;REGIÃO OESTE;48;2520.0;3255.0;2914.0;4170.0;4805.0;4320.0;4278.0;3864.0;3627.0;3441.0;2820.0;2015.0
3000.0;2022-11-30;4.0;11.0;20.0;24.0;600.0;30.0;10.0;4.0;20.0;419.0;30.0;0.0;30.0;780.0;143.0;306.0;4;5;4;4;4;4;5;0;0;0;0;0;0;0;0;0;1;0;0;0;1;0;0;0.0;0.0;0.0;0.0;0.0;0.0;0.0;0.0;0.0;0.0;0.0;0.0;0.0;0.0;0.0;0.0;0.0;0.0;0.0;0.0;0.0;0.0;0.0;0.0;0.0;0.0;0.0;0.0;0.0;0.0;1.0;0.0;0.0;0.0;0.0;1.0;0.0;0.0;0.0;0.0;1.0;0;0;0;0;QUEDAS DO IGUAÇU;REGIÃO OESTE;49;2759.0;2520.0;3255.0;2914.0;4170.0;4805.0;4320.0;4278.0;3864.0;3627.0;3441.0;2820.0
2573.0;2022-12-31;14.0;21.0;24.0;28.0;741.0;33.0;5.0;14.0;23.0;572.0;33.0;0.0;33.0;911.0;35.0;143.0;4;4;5;4;5;5;4;0;0;1;0;0;0;0;0;0;0;0;0;0;1;0;0;0.0;0.0;0.0;0.0;0.0;0.0;0.0;0.0;0.0;0.0;0.0;0.0;0.0;0.0;0.0;0.0;0.0;0.0;0.0;0.0;0.0;0.0;0.0;0.0;0.0;0.0;0.0;0.0;0.0;0.0;1.0;0.0;0.0;0.0;0.0;1.0;0.0;0.0;0.0;0.0;1.0;0;0;0;0;QUEDAS DO IGUAÇU;REGIÃO OESTE;50;3000.0;2759.0;2520.0;3255.0;2914.0;4170.0;4805.0;4320.0;4278.0;3864.0;3627.0;3441.0
1736.0;2023-01-31;15.0;21.0;24.0;27.0;743.0;33.0;11.0;15.0;23.0;591.0;33.0;0.0;33.0;894.0;65.0;344.0;5;4;4;5;4;4;5;0;0;0;0;1;0;0;0;0;0;0;0;0;0;1;0;0.0;0.0;0.0;0.0;0.0;0.0;0.0;0.0;0.0;0.0;0.0;0.0;0.0;0.0;0.0;0.0;0.0;0.0;0.0;0.0;0.0;0.0;0.0;0.0;0.0;0.0;0.0;0.0;0.0;0.0;1.0;0.0;0.0;0.0;0.0;1.0;0.0;0.0;0.0;0.0;1.0;31;0;0;0;QUEDAS DO IGUAÇU;REGIÃO OESTE;51;2573.0;3000.0;2759.0;2520.0;3255.0;2914.0;4170.0;4805.0;4320.0;4278.0;3864.0;3627.0
2688.0;2023-02-28;8.0;15.0;23.0;26.0;635.0;32.0;19.0;8.0;21.0;508.0;32.0;0.0;32.0;762.0;105.0;536.0;4;4;4;4;4;4;4;0;0;0;1;0;0;0;0;0;0;0;0;0;0;1;0;0.0;0.0;0.0;0.0;0.0;0.0;0.0;0.0;0.0;0.0;0.0;0.0;0.0;0.0;0.0;0.0;0.0;0.0;0.0;0.0;0.0;0.0;0.0;0.0;0.0;0.0;0.0;0.0;0.0;0.0;1.0;0.0;0.0;0.0;0.0;2.0;0.0;0.0;0.0;0.0;1.0;0;3;0;0;QUEDAS DO IGUAÇU;REGIÃO OESTE;52;1736.0;2573.0;3000.0;2759.0;2520.0;3255.0;2914.0;4170.0;4805.0;4320.0;4278.0;3864.0
4371.0;2023-03-31;14.0;20.0;24.0;27.0;734.0;31.0;7.0;14.0;22.0;598.0;31.0;0.0;31.0;869.0;74.0;229.0;4;5;5;4;5;4;4;0;0;0;0;0;0;0;0;1;0;0;0;0;0;1;0;0.0;0.0;0.0;0.0;0.0;0.0;0.0;0.0;0.0;0.0;0.0;0.0;0.0;0.0;0.0;0.0;0.0;0.0;0.0;0.0;0.0;0.0;0.0;0.0;0.0;0.0;0.0;0.0;0.0;0.0;1.0;0.0;0.0;0.0;0.0;2.0;0.0;0.0;0.0;0.0;1.0;0;0;0;0;QUEDAS DO IGUAÇU;REGIÃO OESTE;53;2688.0;1736.0;2573.0;3000.0;2759.0;2520.0;3255.0;2914.0;4170.0;4805.0;4320.0;4278.0
3090.0;2023-04-30;8.0;14.0;20.0;25.0;599.0;30.0;4.0;8.0;21.0;462.0;30.0;0.0;30.0;736.0;61.0;122.0;5;4;4;4;4;5;4;1;0;0;0;0;0;0;0;0;0;0;0;0;0;1;0;0.0;0.0;0.0;0.0;0.0;0.0;0.0;0.0;0.0;0.0;0.0;0.0;0.0;0.0;0.0;0.0;0.0;0.0;0.0;0.0;0.0;0.0;0.0;0.0;0.0;0.0;0.0;0.0;0.0;0.0;1.0;0.0;0.0;0.0;0.0;2.0;0.0;0.0;0.0;0.0;1.0;0;1;0;0;QUEDAS DO IGUAÇU;REGIÃO OESTE;54;4371.0;2688.0;1736.0;2573.0;3000.0;2759.0;2520.0;3255.0;2914.0;4170.0;4805.0;4320.0
3472.0;2023-05-31;7.0;13.0;19.0;23.0;576.0;26.0;8.0;7.0;20.0;447.0;26.0;0.0;26.0;705.0;57.0;238.0;4;5;4;5;4;4;5;0;0;0;0;0;0;0;1;0;0;0;0;0;0;1;0;0.0;0.0;0.0;0.0;0.0;0.0;0.0;0.0;0.0;0.0;0.0;0.0;0.0;0.0;0.0;0.0;0.0;0.0;0.0;0.0;0.0;0.0;0.0;0.0;0.0;0.0;0.0;0.0;0.0;0.0;1.0;0.0;0.0;0.0;0.0;2.0;0.0;0.0;0.0;0.0;1.0;0;0;0;0;QUEDAS DO IGUAÇU;REGIÃO OESTE;55;3090.0;4371.0;2688.0;1736.0;2573.0;3000.0;2759.0;2520.0;3255.0;2914.0;4170.0;4805.0
3000.0;2023-06-30;4.0;7.0;16.0;20.0;494.0;25.0;4.0;4.0;17.0;377.0;25.0;0.0;25.0;612.0;60.0;116.0;4;4;5;4;5;4;4;0;0;0;0;0;0;1;0;0;0;0;0;0;0;1;0;0.0;0.0;0.0;0.0;0.0;0.0;0.0;0.0;0.0;0.0;0.0;0.0;0.0;0.0;0.0;0.0;0.0;0.0;0.0;0.0;0.0;0.0;0.0;0.0;0.0;0.0;0.0;0.0;0.0;0.0;1.0;0.0;0.0;0.0;0.0;2.0;0.0;0.0;0.0;0.0;1.0;0;1;0;0;QUEDAS DO IGUAÇU;REGIÃO OESTE;56;3472.0;3090.0;4371.0;2688.0;1736.0;2573.0;3000.0;2759.0;2520.0;3255.0;2914.0;4170.0
2418.0;2023-07-31;3.0;8.0;17.0;21.0;539.0;26.0;5.0;3.0;18.0;411.0;26.0;0.0;26.0;667.0;69.0;166.0;5;4;4;5;4;5;4;0;0;0;0;0;1;0;0;0;0;0;0;0;0;1;0;0.0;0.0;0.0;0.0;0.0;0.0;0.0;0.0;0.0;0.0;0.0;0.0;0.0;0.0;0.0;0.0;0.0;0.0;0.0;0.0;0.0;0.0;0.0;0.0;0.0;0.0;0.0;0.0;0.0;0.0;1.0;0.0;0.0;0.0;0.0;2.0;0.0;0.0;0.0;0.0;1.0;15;0;0;0;QUEDAS DO IGUAÇU;REGIÃO OESTE;57;3000.0;3472.0;3090.0;4371.0;2688.0;1736.0;2573.0;3000.0;2759.0;2520.0;3255.0;2914.0
3968.0;2023-08-31;4.0;11.0;19.0;25.0;579.0;30.0;7.0;4.0;21.0;428.0;30.0;0.0;30.0;730.0;116.0;225.0;4;5;5;4;4;4;5;0;1;0;0;0;0;0;0;0;0;0;0;0;0;1;0;0.0;0.0;0.0;0.0;0.0;0.0;0.0;0.0;0.0;0.0;0.0;0.0;0.0;0.0;0.0;0.0;0.0;0.0;0.0;0.0;0.0;0.0;0.0;0.0;0.0;0.0;0.0;0.0;0.0;0.0;1.0;0.0;0.0;0.0;0.0;2.0;0.0;0.0;0.0;0.0;1.0;0;0;0;0;QUEDAS DO IGUAÇU;REGIÃO OESTE;58;2418.0;3000.0;3472.0;3090.0;4371.0;2688.0;1736.0;2573.0;3000.0;2759.0;2520.0;3255.0
3480.0;2023-09-30;7.0;12.0;22.0;29.0;648.0;34.0;6.0;7.0;25.0;521.0;34.0;0.0;34.0;776.0;97.0;183.0;4;4;4;4;5;5;4;0;0;0;0;0;0;0;0;0;0;0;1;0;0;1;0;0.0;0.0;0.0;0.0;0.0;0.0;0.0;0.0;0.0;0.0;0.0;0.0;0.0;0.0;0.0;0.0;0.0;0.0;0.0;0.0;0.0;0.0;0.0;0.0;0.0;0.0;0.0;0.0;0.0;0.0;1.0;0.0;0.0;0.0;0.0;2.0;0.0;0.0;0.0;0.0;1.0;0;0;0;0;QUEDAS DO IGUAÇU;REGIÃO OESTE;59;3968.0;2418.0;3000.0;3472.0;3090.0;4371.0;2688.0;1736.0;2573.0;3000.0;2759.0;2520.0
3193.0;2023-10-31;10.0;14.0;21.0;26.0;643.0;32.0;12.0;10.0;21.0;529.0;32.0;0.0;32.0;757.0;82.0;379.0;5;4;4;5;4;4;5;0;0;0;0;0;0;0;0;0;0;1;0;0;0;1;0;0.0;0.0;0.0;0.0;0.0;0.0;0.0;0.0;0.0;0.0;0.0;0.0;0.0;0.0;0.0;0.0;0.0;0.0;0.0;0.0;0.0;0.0;0.0;0.0;0.0;0.0;0.0;0.0;0.0;0.0;1.0;0.0;0.0;0.0;0.0;2.0;0.0;0.0;0.0;0.0;1.0;0;0;0;0;QUEDAS DO IGUAÇU;REGIÃO OESTE;60;3480.0;3968.0;2418.0;3000.0;3472.0;3090.0;4371.0;2688.0;1736.0;2573.0;3000.0;2759.0
2580.0;2023-11-30;9.0;14.0;23.0;29.0;678.0;33.0;10.0;9.0;26.0;569.0;33.0;0.0;33.0;786.0;67.0;311.0;4;5;5;4;4;4;4;0;0;0;0;0;0;0;0;0;1;0;0;0;0;1;0;0.0;0.0;0.0;0.0;0.0;0.0;0.0;0.0;0.0;0.0;0.0;0.0;0.0;0.0;0.0;0.0;0.0;0.0;0.0;0.0;0.0;0.0;0.0;0.0;0.0;0.0;0.0;0.0;0.0;0.0;1.0;0.0;0.0;0.0;0.0;2.0;0.0;0.0;0.0;0.0;1.0;0;0;0;0;QUEDAS DO IGUAÇU;REGIÃO OESTE;61;3193.0;3480.0;3968.0;2418.0;3000.0;3472.0;3090.0;4371.0;2688.0;1736.0;2573.0;3000.0
2542.0;2023-12-31;16.0;20.0;24.0;28.0;753.0;34.0;6.0;16.0;24.0;627.0;34.0;0.0;34.0;878.0;45.0;192.0;5;4;4;4;5;5;4;0;0;1;0;0;0;0;0;0;0;0;0;0;0;1;0;0.0;0.0;0.0;0.0;0.0;0.0;0.0;0.0;0.0;0.0;0.0;0.0;0.0;0.0;0.0;0.0;0.0;0.0;0.0;0.0;0.0;0.0;0.0;0.0;0.0;0.0;0.0;0.0;0.0;0.0;1.0;0.0;0.0;0.0;0.0;2.0;0.0;0.0;0.0;0.0;1.0;0;0;0;0;QUEDAS DO IGUAÇU;REGIÃO OESTE;62;2580.0;3193.0;3480.0;3968.0;2418.0;3000.0;3472.0;3090.0;4371.0;2688.0;1736.0;2573.0
2046.0;2024-01-31;14.0;20.0;24.0;28.0;751.0;33.0;7.0;14.0;24.0;606.0;33.0;0.0;33.0;895.0;66.0;216.0;4;5;4;5;4;4;5;0;0;0;0;1;0;0;0;0;0;0;0;0;0;0;1;0.0;0.0;0.0;0.0;0.0;0.0;0.0;0.0;0.0;0.0;0.0;0.0;0.0;0.0;0.0;0.0;0.0;0.0;0.0;0.0;0.0;0.0;0.0;0.0;0.0;0.0;0.0;0.0;0.0;0.0;1.0;0.0;0.0;0.0;0.0;2.0;0.0;0.0;0.0;0.0;1.0;31;0;0;0;QUEDAS DO IGUAÇU;REGIÃO OESTE;63;2542.0;2580.0;3193.0;3480.0;3968.0;2418.0;3000.0;3472.0;3090.0;4371.0;2688.0;1736.0
2784.0;2024-02-29;18.0;21.0;25.0;29.0;737.0;34.0;3.0;18.0;23.0;599.0;34.0;0.0;34.0;875.0;30.0;98.0;4;4;5;4;4;4;4;0;0;0;1;0;0;0;0;0;0;0;0;0;0;0;1;0.0;0.0;0.0;0.0;0.0;0.0;0.0;0.0;0.0;0.0;0.0;0.0;0.0;0.0;0.0;0.0;0.0;0.0;0.0;0.0;0.0;0.0;0.0;0.0;0.0;0.0;0.0;0.0;0.0;0.0;1.0;0.0;0.0;0.0;0.0;2.0;0.0;0.0;0.0;0.0;1.0;0;3;0;0;QUEDAS DO IGUAÇU;REGIÃO OESTE;64;2046.0;2542.0;2580.0;3193.0;3480.0;3968.0;2418.0;3000.0;3472.0;3090.0;4371.0;2688.0
3937.0;2024-03-31;16.0;21.0;24.0;28.0;756.0;34.0;7.0;16.0;25.0;619.0;34.0;0.0;34.0;893.0;46.0;202.0;5;4;4;4;5;5;4;0;0;0;0;0;0;0;0;1;0;0;0;0;0;0;1;0.0;0.0;0.0;0.0;0.0;0.0;0.0;0.0;0.0;0.0;0.0;0.0;0.0;0.0;0.0;0.0;0.0;0.0;0.0;0.0;0.0;0.0;0.0;0.0;0.0;0.0;0.0;0.0;0.0;0.0;1.0;0.0;0.0;0.0;0.0;2.0;0.0;0.0;0.0;0.0;1.0;0;1;0;0;QUEDAS DO IGUAÇU;REGIÃO OESTE;65;2784.0;2046.0;2542.0;2580.0;3193.0;3480.0;3968.0;2418.0;3000.0;3472.0;3090.0;4371.0
2670.0;2024-04-30;10.0;17.0;23.0;27.0;677.0;31.0;4.0;10.0;23.0;567.0;31.0;0.0;31.0;786.0;42.0;134.0;4;4;4;5;4;4;5;1;0;0;0;0;0;0;0;0;0;0;0;0;0;0;1;0.0;0.0;0.0;0.0;0.0;0.0;0.0;0.0;0.0;0.0;0.0;0.0;0.0;0.0;0.0;0.0;0.0;0.0;0.0;0.0;0.0;0.0;0.0;0.0;0.0;0.0;0.0;0.0;0.0;0.0;1.0;0.0;0.0;0.0;0.0;2.0;0.0;0.0;0.0;0.0;1.0;0;0;0;0;QUEDAS DO IGUAÇU;REGIÃO OESTE;66;3937.0;2784.0;2046.0;2542.0;2580.0;3193.0;3480.0;3968.0;2418.0;3000.0;3472.0;3090.0
2108.0;2024-05-31;3.0;7.0;18.0;25.0;543.0;29.0;3.0;3.0;22.0;435.0;29.0;0.0;29.0;652.0;26.0;83.0;4;5;5;4;5;4;4;0;0;0;0;0;0;0;1;0;0;0;0;0;0;0;1;0.0;0.0;0.0;0.0;0.0;0.0;0.0;0.0;0.0;0.0;0.0;0.0;0.0;0.0;0.0;0.0;0.0;0.0;0.0;0.0;0.0;0.0;0.0;0.0;0.0;0.0;0.0;0.0;0.0;0.0;1.0;0.0;0.0;0.0;0.0;2.0;0.0;0.0;0.0;0.0;1.0;0;1;0;30;QUEDAS DO IGUAÇU;REGIÃO OESTE;67;2670.0;3937.0;2784.0;2046.0;2542.0;2580.0;3193.0;3480.0;3968.0;2418.0;3000.0;3472.0
2160.0;2024-06-30;1.0;7.0;19.0;23.0;562.0;27.0;1.0;1.0;20.0;452.0;27.0;0.0;27.0;673.0;17.0;26.0;5;4;4;4;4;5;4;0;0;0;0;0;0;1;0;0;0;0;0;0;0;0;1;0.0;0.0;0.0;0.0;0.0;0.0;0.0;0.0;0.0;0.0;0.0;0.0;0.0;0.0;0.0;0.0;0.0;0.0;0.0;0.0;0.0;0.0;0.0;0.0;0.0;0.0;0.0;0.0;0.0;0.0;1.0;0.0;0.0;0.0;0.0;2.0;0.0;0.0;0.0;0.0;1.0;0;0;0;30;QUEDAS DO IGUAÇU;REGIÃO OESTE;68;2108.0;2670.0;3937.0;2784.0;2046.0;2542.0;2580.0;3193.0;3480.0;3968.0;2418.0;3000.0
3472.0;2024-07-31;2.0;7.0;15.0;21.0;473.0;26.0;7.0;2.0;18.0;358.0;26.0;0.0;26.0;589.0;54.0;203.0;4;5;4;5;4;4;5;0;0;0;0;0;1;0;0;0;0;0;0;0;0;0;1;0.0;0.0;0.0;0.0;0.0;0.0;0.0;0.0;0.0;0.0;0.0;0.0;0.0;0.0;0.0;0.0;0.0;0.0;0.0;0.0;0.0;0.0;0.0;0.0;0.0;0.0;0.0;0.0;0.0;0.0;1.0;0.0;0.0;0.0;0.0;2.0;0.0;0.0;0.0;0.0;1.0;12;0;0;0;QUEDAS DO IGUAÇU;REGIÃO OESTE;69;2160.0;2108.0;2670.0;3937.0;2784.0;2046.0;2542.0;2580.0;3193.0;3480.0;3968.0;2418.0
2883.0;2024-08-31;1.0;7.0;18.0;26.0;554.0;31.0;1.0;1.0;21.0;407.0;31.0;0.0;31.0;701.0;10.0;22.0;4;4;5;4;5;5;4;0;1;0;0;0;0;0;0;0;0;0;0;0;0;0;1;0.0;0.0;0.0;0.0;0.0;0.0;0.0;0.0;0.0;0.0;0.0;0.0;0.0;0.0;0.0;0.0;0.0;0.0;0.0;0.0;0.0;0.0;0.0;0.0;0.0;0.0;0.0;0.0;0.0;0.0;1.0;0.0;0.0;0.0;0.0;2.0;0.0;0.0;0.0;0.0;1.0;0;0;0;0;QUEDAS DO IGUAÇU;REGIÃO OESTE;70;3472.0;2160.0;2108.0;2670.0;3937.0;2784.0;2046.0;2542.0;2580.0;3193.0;3480.0;3968.0
3090.0;2024-09-30;8.0;15.0;22.0;29.0;659.0;33.0;1.0;8.0;24.0;515.0;33.0;0.0;33.0;803.0;12.0;40.0;5;4;4;5;4;4;4;0;0;0;0;0;0;0;0;0;0;0;1;0;0;0;1;0.0;0.0;0.0;0.0;0.0;0.0;0.0;0.0;0.0;0.0;0.0;0.0;0.0;0.0;0.0;0.0;0.0;0.0;0.0;0.0;0.0;0.0;0.0;0.0;0.0;0.0;0.0;0.0;0.0;0.0;1.0;0.0;0.0;0.0;0.0;2.0;0.0;0.0;0.0;0.0;1.0;0;0;0;0;QUEDAS DO IGUAÇU;REGIÃO OESTE;71;2883.0;3472.0;2160.0;2108.0;2670.0;3937.0;2784.0;2046.0;2542.0;2580.0;3193.0;3480.0
3534.0;2024-10-31;11.0;18.0;22.0;28.0;689.0;33.0;3.0;11.0;24.0;541.0;33.0;0.0;33.0;838.0;25.0;104.0;4;5;5;4;4;4;5;0;0;0;0;0;0;0;0;0;0;1;0;0;0;0;1;0.0;0.0;0.0;0.0;0.0;0.0;0.0;0.0;0.0;0.0;0.0;0.0;0.0;0.0;0.0;0.0;0.0;0.0;0.0;0.0;0.0;0.0;0.0;0.0;0.0;0.0;0.0;0.0;0.0;0.0;1.0;0.0;0.0;0.0;0.0;2.0;0.0;0.0;0.0;0.0;1.0;0;0;0;0;QUEDAS DO IGUAÇU;REGIÃO OESTE;72;3090.0;2883.0;3472.0;2160.0;2108.0;2670.0;3937.0;2784.0;2046.0;2542.0;2580.0;3193.0
16466.0;2018-10-31;13.0;15.0;21.0;24.0;640.0;30.0;10.0;13.0;19.0;513.0;30.0;0.0;30.0;766.0;66.0;299.0;4;5;4;5;4;4;5;0;0;0;0;0;0;0;0;0;0;1;0;0;0;0;0;0.0;0.0;0.0;1.0;0.0;0.0;0.0;0.0;0.0;0.0;0.0;0.0;0.0;0.0;0.0;0.0;0.0;0.0;0.0;0.0;0.0;0.0;0.0;0.0;0.0;0.0;0.0;0.0;0.0;0.0;0.0;1.0;0.0;0.0;0.0;4.0;0.0;0.0;0.0;3.0;1.0;0;0;0;0;TELÊMACO BORBA;REGIÃO CENTRAL;1;16042.0;15297.0;13018.0;15882.0;14422.0;16378.0;17654.0;13392.0;9080.0;13033.0;15206.0;15168.0
17798.0;2018-11-30;12.0;18.0;22.0;27.0;652.0;33.0;3.0;12.0;22.0;479.0;33.0;0.0;33.0;824.0;29.0;96.0;4;4;5;4;5;4;4;0;0;0;0;0;0;0;0;0;1;0;0;0;0;0;0;0.0;0.0;0.0;1.0;0.0;0.0;0.0;0.0;0.0;0.0;0.0;0.0;0.0;0.0;0.0;0.0;0.0;0.0;0.0;0.0;0.0;0.0;0.0;0.0;0.0;0.0;0.0;0.0;0.0;0.0;0.0;1.0;0.0;0.0;0.0;4.0;0.0;0.0;0.0;3.0;1.0;0;0;0;0;TELÊMACO BORBA;REGIÃO CENTRAL;2;16466.0;16042.0;15297.0;13018.0;15882.0;14422.0;16378.0;17654.0;13392.0;9080.0;13033.0;15206.0
14400.0;2018-12-31;14.0;18.0;24.0;28.0;748.0;33.0;2.0;14.0;25.0;579.0;33.0;0.0;33.0;918.0;20.0;74.0;5;4;4;5;4;5;4;0;0;1;0;0;0;0;0;0;0;0;0;0;0;0;0;0.0;0.0;0.0;1.0;0.0;0.0;0.0;0.0;0.0;0.0;0.0;0.0;0.0;0.0;0.0;0.0;0.0;0.0;0.0;0.0;0.0;0.0;0.0;0.0;0.0;0.0;0.0;0.0;0.0;0.0;0.0;1.0;0.0;0.0;0.0;4.0;0.0;0.0;0.0;3.0;1.0;0;0;0;0;TELÊMACO BORBA;REGIÃO CENTRAL;3;17798.0;16466.0;16042.0;15297.0;13018.0;15882.0;14422.0;16378.0;17654.0;13392.0;9080.0;13033.0
10767.0;2019-01-31;18.0;23.0;25.0;28.0;786.0;34.0;3.0;18.0;24.0;638.0;34.0;0.0;34.0;934.0;33.0;87.0;4;5;5;4;4;4;5;0;0;0;0;1;0;0;0;0;0;0;0;0;0;0;0;0.0;0.0;0.0;0.0;1.0;0.0;0.0;0.0;0.0;0.0;0.0;0.0;0.0;0.0;0.0;0.0;0.0;0.0;0.0;0.0;0.0;0.0;0.0;0.0;0.0;0.0;0.0;0.0;0.0;0.0;0.0;1.0;0.0;0.0;0.0;4.0;0.0;0.0;0.0;3.0;1.0;31;0;0;0;TELÊMACO BORBA;REGIÃO CENTRAL;4;14400.0;17798.0;16466.0;16042.0;15297.0;13018.0;15882.0;14422.0;16378.0;17654.0;13392.0;9080.0
16380.0;2019-02-28;15.0;19.0;23.0;28.0;655.0;34.0;5.0;15.0;23.0;527.0;34.0;0.0;34.0;783.0;33.0;138.0;4;4;4;4;4;4;4;0;0;0;1;0;0;0;0;0;0;0;0;0;0;0;0;0.0;0.0;0.0;0.0;1.0;0.0;0.0;0.0;0.0;0.0;0.0;0.0;0.0;0.0;0.0;0.0;0.0;0.0;0.0;0.0;0.0;0.0;0.0;0.0;0.0;0.0;0.0;0.0;0.0;0.0;0.0;1.0;0.0;0.0;0.0;4.0;0.0;1.0;1.0;3.0;1.0;0;0;0;0;TELÊMACO BORBA;REGIÃO CENTRAL;5;10767.0;14400.0;17798.0;16466.0;16042.0;15297.0;13018.0;15882.0;14422.0;16378.0;17654.0;13392.0
19329.0;2019-03-31;15.0;19.0;23.0;26.0;717.0;31.0;3.0;15.0;22.0;579.0;31.0;0.0;31.0;854.0;32.0;105.0;5;4;4;4;5;5;4;0;0;0;0;0;0;0;0;1;0;0;0;0;0;0;0;0.0;0.0;0.0;0.0;1.0;0.0;0.0;0.0;0.0;0.0;0.0;0.0;0.0;0.0;0.0;0.0;0.0;0.0;0.0;0.0;0.0;0.0;0.0;0.0;0.0;0.0;0.0;0.0;0.0;0.0;0.0;1.0;0.0;0.0;0.0;4.0;0.0;1.0;1.0;3.0;1.0;0;3;0;0;TELÊMACO BORBA;REGIÃO CENTRAL;6;16380.0;10767.0;14400.0;17798.0;16466.0;16042.0;15297.0;13018.0;15882.0;14422.0;16378.0;17654.0
19210.0;2019-04-30;12.0;19.0;22.0;25.0;664.0;29.0;2.0;12.0;21.0;527.0;29.0;0.0;29.0;801.0;22.0;51.0;4;4;4;5;4;4;5;1;0;0;0;0;0;0;0;0;0;0;0;0;0;0;0;0.0;0.0;0.0;0.0;1.0;0.0;0.0;0.0;0.0;0.0;0.0;0.0;0.0;0.0;0.0;0.0;0.0;0.0;0.0;0.0;0.0;0.0;0.0;0.0;0.0;0.0;0.0;0.0;0.0;0.0;0.0;1.0;0.0;0.0;0.0;4.0;0.0;1.0;1.0;3.0;1.0;0;1;0;0;TELÊMACO BORBA;REGIÃO CENTRAL;7;19329.0;16380.0;10767.0;14400.0;17798.0;16466.0;16042.0;15297.0;13018.0;15882.0;14422.0;16378.0
17935.0;2019-05-31;8.0;13.0;19.0;25.0;597.0;29.0;5.0;8.0;21.0;478.0;29.0;0.0;29.0;715.0;50.0;157.0;4;5;5;4;5;4;4;0;0;0;0;0;0;0;1;0;0;0;0;0;0;0;0;0.0;0.0;0.0;0.0;1.0;0.0;0.0;0.0;0.0;0.0;0.0;0.0;0.0;0.0;0.0;0.0;0.0;0.0;0.0;0.0;0.0;0.0;0.0;0.0;0.0;0.0;0.0;0.0;0.0;0.0;0.0;1.0;0.0;0.0;0.0;4.0;0.0;1.0;1.0;3.0;1.0;0;0;0;0;TELÊMACO BORBA;REGIÃO CENTRAL;8;19210.0;19329.0;16380.0;10767.0;14400.0;17798.0;16466.0;16042.0;15297.0;13018.0;15882.0;14422.0
15614.0;2019-06-30;6.0;12.0;18.0;23.0;542.0;28.0;2.0;6.0;18.0;383.0;28.0;0.0;28.0;701.0;36.0;60.0;5;4;4;4;4;5;4;0;0;0;0;0;0;1;0;0;0;0;0;0;0;0;0;0.0;0.0;0.0;0.0;1.0;0.0;0.0;0.0;0.0;0.0;0.0;0.0;0.0;0.0;0.0;0.0;0.0;0.0;0.0;0.0;0.0;0.0;0.0;0.0;0.0;0.0;0.0;0.0;0.0;0.0;0.0;1.0;0.0;0.0;0.0;4.0;0.0;1.0;1.0;3.0;1.0;0;1;0;0;TELÊMACO BORBA;REGIÃO CENTRAL;9;17935.0;19210.0;19329.0;16380.0;10767.0;14400.0;17798.0;16466.0;16042.0;15297.0;13018.0;15882.0
12231.0;2019-07-31;-2.0;7.0;16.0;22.0;511.0;28.0;2.0;-2.0;18.0;329.0;28.0;0.0;28.0;693.0;26.0;60.0;4;5;4;5;4;4;5;0;0;0;0;0;1;0;0;0;0;0;0;0;0;0;0;0.0;0.0;0.0;0.0;1.0;0.0;0.0;0.0;0.0;0.0;0.0;0.0;0.0;0.0;0.0;0.0;0.0;0.0;0.0;0.0;0.0;0.0;0.0;0.0;0.0;0.0;0.0;0.0;0.0;0.0;0.0;1.0;0.0;0.0;0.0;4.0;0.0;1.0;1.0;3.0;1.0;16;0;0;0;TELÊMACO BORBA;REGIÃO CENTRAL;10;15614.0;17935.0;19210.0;19329.0;16380.0;10767.0;14400.0;17798.0;16466.0;16042.0;15297.0;13018.0
15683.0;2019-08-31;3.0;10.0;17.0;22.0;539.0;30.0;0.0;3.0;17.0;351.0;30.0;0.0;30.0;727.0;3.0;4.0;4;4;5;4;5;5;4;0;1;0;0;0;0;0;0;0;0;0;0;0;0;0;0;0.0;0.0;0.0;0.0;1.0;0.0;0.0;0.0;0.0;0.0;0.0;0.0;0.0;0.0;0.0;0.0;0.0;0.0;0.0;0.0;0.0;0.0;0.0;0.0;0.0;0.0;0.0;0.0;0.0;0.0;0.0;1.0;0.0;0.0;0.0;4.0;0.0;1.0;1.0;3.0;1.0;0;0;0;0;TELÊMACO BORBA;REGIÃO CENTRAL;11;12231.0;15614.0;17935.0;19210.0;19329.0;16380.0;10767.0;14400.0;17798.0;16466.0;16042.0;15297.0
18610.0;2019-09-30;11.0;15.0;21.0;28.0;629.0;33.0;4.0;11.0;23.0;472.0;33.0;0.0;33.0;786.0;44.0;125.0;5;4;4;5;4;4;4;0;0;0;0;0;0;0;0;0;0;0;1;0;0;0;0;0.0;0.0;0.0;0.0;1.0;0.0;0.0;0.0;0.0;0.0;0.0;0.0;0.0;0.0;0.0;0.0;0.0;0.0;0.0;0.0;0.0;0.0;0.0;0.0;0.0;0.0;0.0;0.0;0.0;0.0;0.0;1.0;0.0;0.0;0.0;4.0;0.0;1.0;1.0;3.0;1.0;0;0;0;0;TELÊMACO BORBA;REGIÃO CENTRAL;12;15683.0;12231.0;15614.0;17935.0;19210.0;19329.0;16380.0;10767.0;14400.0;17798.0;16466.0;16042.0
18578.0;2019-10-31;12.0;18.0;23.0;28.0;719.0;36.0;3.0;12.0;23.0;535.0;36.0;0.0;36.0;903.0;46.0;82.0;4;5;5;4;4;4;5;0;0;0;0;0;0;0;0;0;0;1;0;0;0;0;0;0.0;0.0;0.0;0.0;1.0;0.0;0.0;0.0;0.0;0.0;0.0;0.0;0.0;0.0;0.0;0.0;0.0;0.0;0.0;0.0;0.0;0.0;0.0;0.0;0.0;0.0;0.0;0.0;0.0;0.0;0.0;1.0;0.0;0.0;0.0;4.0;0.0;1.0;1.0;3.0;1.0;0;0;0;0;TELÊMACO BORBA;REGIÃO CENTRAL;13;18610.0;15683.0;12231.0;15614.0;17935.0;19210.0;19329.0;16380.0;10767.0;14400.0;17798.0;16466.0
20290.0;2019-11-30;13.0;19.0;22.0;27.0;675.0;35.0;7.0;13.0;21.0;498.0;35.0;0.0;35.0;851.0;62.0;198.0;4;4;4;4;5;5;4;0;0;0;0;0;0;0;0;0;1;0;0;0;0;0;0;0.0;0.0;0.0;0.0;1.0;0.0;0.0;0.0;0.0;0.0;0.0;0.0;0.0;0.0;0.0;0.0;0.0;0.0;0.0;0.0;0.0;0.0;0.0;0.0;0.0;0.0;0.0;0.0;0.0;0.0;0.0;1.0;0.0;0.0;0.0;4.0;0.0;1.0;1.0;3.0;1.0;0;0;0;0;TELÊMACO BORBA;REGIÃO CENTRAL;14;18578.0;18610.0;15683.0;12231.0;15614.0;17935.0;19210.0;19329.0;16380.0;10767.0;14400.0;17798.0
13151.0;2019-12-31;14.0;19.0;22.0;26.0;696.0;32.0;6.0;14.0;21.0;551.0;32.0;0.0;32.0;842.0;47.0;194.0;5;4;4;5;4;4;5;0;0;1;0;0;0;0;0;0;0;0;0;0;0;0;0;0.0;0.0;0.0;0.0;1.0;0.0;0.0;0.0;0.0;0.0;0.0;0.0;0.0;0.0;0.0;0.0;0.0;0.0;0.0;0.0;0.0;0.0;0.0;0.0;0.0;0.0;0.0;0.0;0.0;0.0;0.0;1.0;0.0;0.0;0.0;4.0;0.0;1.0;1.0;3.0;1.0;0;0;0;0;TELÊMACO BORBA;REGIÃO CENTRAL;15;20290.0;18578.0;18610.0;15683.0;12231.0;15614.0;17935.0;19210.0;19329.0;16380.0;10767.0;14400.0
11341.0;2020-01-31;15.0;19.0;23.0;26.0;727.0;31.0;5.0;15.0;22.0;597.0;31.0;0.0;31.0;856.0;53.0;146.0;4;5;5;4;5;4;4;0;0;0;0;1;0;0;0;0;0;0;0;0;0;0;0;0.0;0.0;0.0;0.0;0.0;1.0;0.0;0.0;0.0;0.0;0.0;0.0;0.0;0.0;0.0;0.0;0.0;0.0;0.0;0.0;0.0;0.0;0.0;0.0;0.0;0.0;0.0;0.0;0.0;0.0;0.0;1.0;0.0;0.0;0.0;4.0;0.0;1.0;1.0;3.0;1.0;31;0;0;0;TELÊMACO BORBA;REGIÃO CENTRAL;16;13151.0;20290.0;18578.0;18610.0;15683.0;12231.0;15614.0;17935.0;19210.0;19329.0;16380.0;10767.0
18627.0;2020-02-29;13.0;19.0;23.0;27.0;663.0;32.0;3.0;13.0;23.0;535.0;32.0;0.0;32.0;792.0;26.0;79.0;4;4;4;4;4;5;4;0;0;0;1;0;0;0;0;0;0;0;0;0;0;0;0;0.0;0.0;0.0;0.0;0.0;1.0;0.0;0.0;0.0;0.0;0.0;0.0;0.0;0.0;0.0;0.0;0.0;0.0;0.0;0.0;0.0;0.0;0.0;0.0;0.0;0.0;0.0;0.0;0.0;0.0;0.0;1.0;0.0;0.0;0.0;4.0;0.0;1.0;1.0;4.0;1.0;0;3;0;0;TELÊMACO BORBA;REGIÃO CENTRAL;17;11341.0;13151.0;20290.0;18578.0;18610.0;15683.0;12231.0;15614.0;17935.0;19210.0;19329.0;16380.0
14655.0;2020-03-31;14.0;20.0;22.0;26.0;692.0;33.0;1.0;14.0;21.0;512.0;33.0;0.0;33.0;872.0;14.0;20.0;5;4;4;5;4;4;5;0;0;0;0;0;0;0;0;1;0;0;0;0;0;0;0;0.0;0.0;0.0;0.0;0.0;1.0;0.0;0.0;0.0;0.0;0.0;0.0;0.0;0.0;0.0;0.0;0.0;0.0;0.0;0.0;0.0;0.0;0.0;0.0;0.0;0.0;0.0;0.0;0.0;0.0;0.0;1.0;0.0;0.0;0.0;4.0;0.0;1.0;1.0;4.0;1.0;0;0;15;0;TELÊMACO BORBA;REGIÃO CENTRAL;18;18627.0;11341.0;13151.0;20290.0;18578.0;18610.0;15683.0;12231.0;15614.0;17935.0;19210.0;19329.0
7926.0;2020-04-30;8.0;16.0;20.0;25.0;610.0;31.0;2.0;8.0;19.0;422.0;31.0;0.0;31.0;798.0;28.0;48.0;4;5;5;4;4;4;4;1;0;0;0;0;0;0;0;0;0;0;0;0;0;0;0;0.0;0.0;0.0;0.0;0.0;1.0;0.0;0.0;0.0;0.0;0.0;0.0;0.0;0.0;0.0;0.0;0.0;0.0;0.0;0.0;0.0;0.0;0.0;0.0;0.0;0.0;0.0;0.0;0.0;0.0;0.0;1.0;0.0;0.0;0.0;4.0;0.0;1.0;1.0;4.0;1.0;0;1;30;0;TELÊMACO BORBA;REGIÃO CENTRAL;19;14655.0;18627.0;11341.0;13151.0;20290.0;18578.0;18610.0;15683.0;12231.0;15614.0;17935.0;19210.0
6888.0;2020-05-31;6.0;12.0;17.0;22.0;537.0;29.0;3.0;6.0;17.0;341.0;29.0;0.0;29.0;733.0;88.0;100.0;5;4;4;4;5;5;4;0;0;0;0;0;0;0;1;0;0;0;0;0;0;0;0;0.0;0.0;0.0;0.0;0.0;1.0;0.0;0.0;0.0;0.0;0.0;0.0;0.0;0.0;0.0;0.0;0.0;0.0;0.0;0.0;0.0;0.0;0.0;0.0;0.0;0.0;0.0;0.0;0.0;0.0;0.0;1.0;0.0;0.0;0.0;4.0;0.0;1.0;1.0;4.0;1.0;0;0;31;0;TELÊMACO BORBA;REGIÃO CENTRAL;20;7926.0;14655.0;18627.0;11341.0;13151.0;20290.0;18578.0;18610.0;15683.0;12231.0;15614.0;17935.0
6782.0;2020-06-30;8.0;13.0;17.0;21.0;525.0;28.0;8.0;8.0;18.0;392.0;28.0;0.0;28.0;658.0;94.0;253.0;4;4;4;5;4;4;5;0;0;0;0;0;0;1;0;0;0;0;0;0;0;0;0;0.0;0.0;0.0;0.0;0.0;1.0;0.0;0.0;0.0;0.0;0.0;0.0;0.0;0.0;0.0;0.0;0.0;0.0;0.0;0.0;0.0;0.0;0.0;0.0;0.0;0.0;0.0;0.0;0.0;0.0;0.0;1.0;0.0;0.0;0.0;4.0;0.0;1.0;1.0;4.0;1.0;0;1;30;0;TELÊMACO BORBA;REGIÃO CENTRAL;21;6888.0;7926.0;14655.0;18627.0;11341.0;13151.0;20290.0;18578.0;18610.0;15683.0;12231.0;15614.0
7006.0;2020-07-31;3.0;9.0;16.0;21.0;499.0;27.0;2.0;3.0;16.0;324.0;27.0;0.0;27.0;674.0;42.0;68.0;4;5;5;4;5;4;4;0;0;0;0;0;1;0;0;0;0;0;0;0;0;0;0;0.0;0.0;0.0;0.0;0.0;1.0;0.0;0.0;0.0;0.0;0.0;0.0;0.0;0.0;0.0;0.0;0.0;0.0;0.0;0.0;0.0;0.0;0.0;0.0;0.0;0.0;0.0;0.0;0.0;0.0;0.0;1.0;0.0;0.0;0.0;4.0;0.0;1.0;1.0;4.0;1.0;0;0;31;0;TELÊMACO BORBA;REGIÃO CENTRAL;22;6782.0;6888.0;7926.0;14655.0;18627.0;11341.0;13151.0;20290.0;18578.0;18610.0;15683.0;12231.0
7440.0;2020-08-31;1.0;8.0;17.0;23.0;516.0;32.0;7.0;1.0;15.0;329.0;32.0;0.0;32.0;702.0;53.0;220.0;5;4;4;5;4;5;4;0;1;0;0;0;0;0;0;0;0;0;0;0;0;0;0;0.0;0.0;0.0;0.0;0.0;1.0;0.0;0.0;0.0;0.0;0.0;0.0;0.0;0.0;0.0;0.0;0.0;0.0;0.0;0.0;0.0;0.0;0.0;0.0;0.0;0.0;0.0;0.0;0.0;0.0;0.0;1.0;0.0;0.0;0.0;4.0;0.0;1.0;1.0;4.0;1.0;0;0;31;0;TELÊMACO BORBA;REGIÃO CENTRAL;23;7006.0;6782.0;6888.0;7926.0;14655.0;18627.0;11341.0;13151.0;20290.0;18578.0;18610.0;15683.0
6900.0;2020-09-30;11.0;16.0;22.0;26.0;650.0;35.0;2.0;11.0;18.0;457.0;35.0;0.0;35.0;844.0;47.0;60.0;4;5;4;4;4;4;5;0;0;0;0;0;0;0;0;0;0;0;1;0;0;0;0;0.0;0.0;0.0;0.0;0.0;1.0;0.0;0.0;0.0;0.0;0.0;0.0;0.0;0.0;0.0;0.0;0.0;0.0;0.0;0.0;0.0;0.0;0.0;0.0;0.0;0.0;0.0;0.0;0.0;0.0;0.0;1.0;0.0;0.0;0.0;4.0;0.0;1.0;1.0;4.0;1.0;0;0;30;0;TELÊMACO BORBA;REGIÃO CENTRAL;24;7440.0;7006.0;6782.0;6888.0;7926.0;14655.0;18627.0;11341.0;13151.0;20290.0;18578.0;18610.0
6355.0;2020-10-31;10.0;17.0;22.0;29.0;679.0;38.0;1.0;10.0;21.0;490.0;38.0;0.0;38.0;869.0;8.0;44.0;4;4;5;4;5;5;4;0;0;0;0;0;0;0;0;0;0;1;0;0;0;0;0;0.0;0.0;0.0;0.0;0.0;1.0;0.0;0.0;0.0;0.0;0.0;0.0;0.0;0.0;0.0;0.0;0.0;0.0;0.0;0.0;0.0;0.0;0.0;0.0;0.0;0.0;0.0;0.0;0.0;0.0;0.0;1.0;0.0;0.0;0.0;4.0;0.0;1.0;1.0;4.0;1.0;0;0;31;0;TELÊMACO BORBA;REGIÃO CENTRAL;25;6900.0;7440.0;7006.0;6782.0;6888.0;7926.0;14655.0;18627.0;11341.0;13151.0;20290.0;18578.0
6180.0;2020-11-30;8.0;16.0;22.0;26.0;650.0;33.0;2.0;8.0;20.0;449.0;33.0;0.0;33.0;851.0;23.0;71.0;5;4;4;5;4;4;4;0;0;0;0;0;0;0;0;0;1;0;0;0;0;0;0;0.0;0.0;0.0;0.0;0.0;1.0;0.0;0.0;0.0;0.0;0.0;0.0;0.0;0.0;0.0;0.0;0.0;0.0;0.0;0.0;0.0;0.0;0.0;0.0;0.0;0.0;0.0;0.0;0.0;0.0;0.0;1.0;0.0;0.0;0.0;4.0;0.0;1.0;1.0;4.0;1.0;0;0;30;0;TELÊMACO BORBA;REGIÃO CENTRAL;26;6355.0;6900.0;7440.0;7006.0;6782.0;6888.0;7926.0;14655.0;18627.0;11341.0;13151.0;20290.0
6944.0;2020-12-31;14.0;19.0;23.0;25.0;706.0;31.0;4.0;14.0;20.0;554.0;31.0;0.0;31.0;858.0;20.0;126.0;4;5;5;4;4;4;5;0;0;1;0;0;0;0;0;0;0;0;0;0;0;0;0;0.0;0.0;0.0;0.0;0.0;1.0;0.0;0.0;0.0;0.0;0.0;0.0;0.0;0.0;0.0;0.0;0.0;0.0;0.0;0.0;0.0;0.0;0.0;0.0;0.0;0.0;0.0;0.0;0.0;0.0;0.0;1.0;0.0;0.0;0.0;4.0;0.0;1.0;1.0;4.0;1.0;0;0;31;0;TELÊMACO BORBA;REGIÃO CENTRAL;27;6180.0;6355.0;6900.0;7440.0;7006.0;6782.0;6888.0;7926.0;14655.0;18627.0;11341.0;13151.0
7564.0;2021-01-31;15.0;20.0;23.0;26.0;711.0;31.0;4.0;15.0;21.0;598.0;31.0;0.0;31.0;825.0;25.0;133.0;5;4;4;4;5;5;4;0;0;0;0;1;0;0;0;0;0;0;0;1;0;0;0;0.0;0.0;0.0;0.0;0.0;0.0;0.0;0.0;0.0;0.0;0.0;0.0;0.0;0.0;0.0;0.0;0.0;0.0;0.0;0.0;0.0;0.0;0.0;0.0;0.0;0.0;0.0;0.0;0.0;0.0;0.0;1.0;0.0;0.0;0.0;4.0;0.0;1.0;1.0;4.0;1.0;0;0;31;0;TELÊMACO BORBA;REGIÃO CENTRAL;28;6944.0;6180.0;6355.0;6900.0;7440.0;7006.0;6782.0;6888.0;7926.0;14655.0;18627.0;11341.0
6272.0;2021-02-28;14.0;20.0;23.0;26.0;641.0;32.0;1.0;14.0;21.0;482.0;32.0;0.0;32.0;799.0;6.0;38.0;4;4;4;4;4;4;4;0;0;0;1;0;0;0;0;0;0;0;0;1;0;0;0;0.0;0.0;0.0;0.0;0.0;0.0;0.0;0.0;0.0;0.0;0.0;0.0;0.0;0.0;0.0;0.0;0.0;0.0;0.0;0.0;0.0;0.0;0.0;0.0;0.0;0.0;0.0;0.0;0.0;0.0;0.0;1.0;0.0;0.0;0.0;4.0;0.0;1.0;1.0;4.0;1.0;0;3;28;0;TELÊMACO BORBA;REGIÃO CENTRAL;29;7564.0;6944.0;6180.0;6355.0;6900.0;7440.0;7006.0;6782.0;6888.0;7926.0;14655.0;18627.0
7068.0;2021-03-31;12.0;18.0;23.0;26.0;725.0;33.0;4.0;12.0;21.0;564.0;33.0;0.0;33.0;885.0;34.0;118.0;4;5;4;5;4;4;5;0;0;0;0;0;0;0;0;1;0;0;0;1;0;0;0;0.0;0.0;0.0;0.0;0.0;0.0;0.0;0.0;0.0;0.0;0.0;0.0;0.0;0.0;0.0;0.0;0.0;0.0;0.0;0.0;0.0;0.0;0.0;0.0;0.0;0.0;0.0;0.0;0.0;0.0;0.0;1.0;0.0;0.0;0.0;4.0;0.0;1.0;1.0;4.0;1.0;0;0;31;0;TELÊMACO BORBA;REGIÃO CENTRAL;30;6272.0;7564.0;6944.0;6180.0;6355.0;6900.0;7440.0;7006.0;6782.0;6888.0;7926.0;14655.0
6660.0;2021-04-30;10.0;17.0;20.0;24.0;594.0;31.0;0.0;10.0;19.0;422.0;31.0;0.0;31.0;767.0;6.0;8.0;4;4;5;4;5;4;4;1;0;0;0;0;0;0;0;0;0;0;0;1;0;0;0;0.0;0.0;0.0;0.0;0.0;0.0;0.0;0.0;0.0;0.0;0.0;0.0;0.0;0.0;0.0;0.0;0.0;0.0;0.0;0.0;0.0;0.0;0.0;0.0;0.0;0.0;0.0;0.0;0.0;0.0;0.0;1.0;0.0;0.0;0.0;4.0;0.0;1.0;1.0;4.0;1.0;0;1;30;0;TELÊMACO BORBA;REGIÃO CENTRAL;31;7068.0;6272.0;7564.0;6944.0;6180.0;6355.0;6900.0;7440.0;7006.0;6782.0;6888.0;7926.0
6944.0;2021-05-31;4.0;12.0;17.0;21.0;539.0;29.0;5.0;4.0;17.0;365.0;29.0;0.0;29.0;713.0;51.0;144.0;5;4;4;5;4;5;4;0;0;0;0;0;0;0;1;0;0;0;0;1;0;0;0;0.0;0.0;0.0;0.0;0.0;0.0;0.0;0.0;0.0;0.0;0.0;0.0;0.0;0.0;0.0;0.0;0.0;0.0;0.0;0.0;0.0;0.0;0.0;0.0;0.0;0.0;0.0;0.0;0.0;0.0;0.0;1.0;0.0;0.0;0.0;4.0;0.0;1.0;1.0;4.0;1.0;0;0;31;0;TELÊMACO BORBA;REGIÃO CENTRAL;32;6660.0;7068.0;6272.0;7564.0;6944.0;6180.0;6355.0;6900.0;7440.0;7006.0;6782.0;6888.0
7200.0;2021-06-30;-1.0;3.0;15.0;21.0;459.0;27.0;3.0;-1.0;16.0;324.0;27.0;0.0;27.0;594.0;46.0;76.0;4;5;4;4;4;4;5;0;0;0;0;0;0;1;0;0;0;0;0;1;0;0;0;0.0;0.0;0.0;0.0;0.0;0.0;0.0;0.0;0.0;0.0;0.0;0.0;0.0;0.0;0.0;0.0;0.0;0.0;0.0;0.0;0.0;0.0;0.0;0.0;0.0;0.0;0.0;0.0;0.0;0.0;0.0;1.0;0.0;0.0;0.0;4.0;0.0;1.0;1.0;4.0;1.0;0;1;30;0;TELÊMACO BORBA;REGIÃO CENTRAL;33;6944.0;6660.0;7068.0;6272.0;7564.0;6944.0;6180.0;6355.0;6900.0;7440.0;7006.0;6782.0
7626.0;2021-07-31;-2.0;6.0;14.0;19.0;427.0;28.0;2.0;-2.0;14.0;214.0;28.0;0.0;28.0;640.0;53.0;67.0;4;4;5;4;5;5;4;0;0;0;0;0;1;0;0;0;0;0;0;1;0;0;0;0.0;0.0;0.0;0.0;0.0;0.0;0.0;0.0;0.0;0.0;0.0;0.0;0.0;0.0;0.0;0.0;0.0;0.0;0.0;0.0;0.0;0.0;0.0;0.0;0.0;0.0;0.0;0.0;0.0;0.0;0.0;1.0;0.0;0.0;0.0;4.0;0.0;1.0;1.0;4.0;1.0;0;0;31;0;TELÊMACO BORBA;REGIÃO CENTRAL;34;7200.0;6944.0;6660.0;7068.0;6272.0;7564.0;6944.0;6180.0;6355.0;6900.0;7440.0;7006.0
7688.0;2021-08-31;6.0;13.0;19.0;26.0;592.0;34.0;2.0;6.0;17.0;377.0;34.0;0.0;34.0;807.0;52.0;71.0;5;4;4;5;4;4;5;0;1;0;0;0;0;0;0;0;0;0;0;1;0;0;0;0.0;0.0;0.0;0.0;0.0;0.0;0.0;0.0;0.0;0.0;0.0;0.0;0.0;0.0;0.0;0.0;0.0;0.0;0.0;0.0;0.0;0.0;0.0;0.0;0.0;0.0;0.0;0.0;0.0;0.0;0.0;1.0;0.0;0.0;0.0;4.0;0.0;1.0;1.0;4.0;1.0;0;0;31;0;TELÊMACO BORBA;REGIÃO CENTRAL;35;7626.0;7200.0;6944.0;6660.0;7068.0;6272.0;7564.0;6944.0;6180.0;6355.0;6900.0;7440.0
9300.0;2021-09-30;10.0;17.0;22.0;27.0;669.0;35.0;3.0;10.0;22.0;457.0;35.0;0.0;35.0;882.0;39.0;92.0;4;5;5;4;4;4;4;0;0;0;0;0;0;0;0;0;0;0;1;1;0;0;0;0.0;0.0;0.0;0.0;0.0;0.0;0.0;0.0;0.0;0.0;0.0;0.0;0.0;0.0;0.0;0.0;0.0;0.0;0.0;0.0;0.0;0.0;0.0;0.0;0.0;0.0;0.0;0.0;0.0;0.0;0.0;1.0;0.0;0.0;0.0;4.0;0.0;1.0;1.0;4.0;1.0;0;0;30;0;TELÊMACO BORBA;REGIÃO CENTRAL;36;7688.0;7626.0;7200.0;6944.0;6660.0;7068.0;6272.0;7564.0;6944.0;6180.0;6355.0;6900.0
9331.0;2021-10-31;9.0;16.0;20.0;24.0;608.0;30.0;15.0;9.0;18.0;453.0;30.0;0.0;30.0;763.0;102.0;477.0;5;4;4;4;5;5;4;0;0;0;0;0;0;0;0;0;0;1;0;1;0;0;0;0.0;0.0;0.0;0.0;0.0;0.0;0.0;0.0;0.0;0.0;0.0;0.0;0.0;0.0;0.0;0.0;0.0;0.0;0.0;0.0;0.0;0.0;0.0;0.0;0.0;0.0;0.0;0.0;0.0;0.0;0.0;1.0;0.0;0.0;0.0;4.0;0.0;1.0;1.0;4.0;1.0;0;0;0;0;TELÊMACO BORBA;REGIÃO CENTRAL;37;9300.0;7688.0;7626.0;7200.0;6944.0;6660.0;7068.0;6272.0;7564.0;6944.0;6180.0;6355.0
11580.0;2021-11-30;10.0;18.0;23.0;26.0;686.0;33.0;3.0;10.0;19.0;477.0;33.0;0.0;33.0;895.0;65.0;98.0;4;4;4;5;4;4;5;0;0;0;0;0;0;0;0;0;1;0;0;1;0;0;0;0.0;0.0;0.0;0.0;0.0;0.0;0.0;0.0;0.0;0.0;0.0;0.0;0.0;0.0;0.0;0.0;0.0;0.0;0.0;0.0;0.0;0.0;0.0;0.0;0.0;0.0;0.0;0.0;0.0;0.0;0.0;1.0;0.0;0.0;0.0;4.0;0.0;1.0;1.0;4.0;1.0;0;0;0;0;TELÊMACO BORBA;REGIÃO CENTRAL;38;9331.0;9300.0;7688.0;7626.0;7200.0;6944.0;6660.0;7068.0;6272.0;7564.0;6944.0;6180.0
14198.0;2021-12-31;12.0;20.0;24.0;28.0;741.0;35.0;4.0;12.0;20.0;524.0;35.0;0.0;35.0;958.0;45.0;121.0;4;5;5;4;5;4;4;0;0;1;0;0;0;0;0;0;0;0;0;1;0;0;0;0.0;0.0;0.0;0.0;0.0;0.0;0.0;0.0;0.0;0.0;0.0;0.0;0.0;0.0;0.0;0.0;0.0;0.0;0.0;0.0;0.0;0.0;0.0;0.0;0.0;0.0;0.0;0.0;0.0;0.0;0.0;1.0;0.0;0.0;0.0;4.0;0.0;1.0;1.0;4.0;1.0;0;0;0;0;TELÊMACO BORBA;REGIÃO CENTRAL;39;11580.0;9331.0;9300.0;7688.0;7626.0;7200.0;6944.0;6660.0;7068.0;6272.0;7564.0;6944.0
13671.0;2022-01-31;15.0;20.0;24.0;28.0;749.0;35.0;6.0;15.0;21.0;578.0;35.0;0.0;35.0;920.0;36.0;192.0;5;4;4;5;4;5;4;0;0;0;0;1;0;0;0;0;0;0;0;0;1;0;0;0.0;0.0;0.0;0.0;0.0;0.0;0.0;0.0;0.0;0.0;0.0;0.0;0.0;0.0;0.0;0.0;0.0;0.0;0.0;0.0;0.0;0.0;0.0;0.0;0.0;0.0;0.0;0.0;0.0;0.0;0.0;1.0;0.0;0.0;0.0;4.0;0.0;1.0;1.0;4.0;1.0;31;0;0;0;TELÊMACO BORBA;REGIÃO CENTRAL;40;14198.0;11580.0;9331.0;9300.0;7688.0;7626.0;7200.0;6944.0;6660.0;7068.0;6272.0;7564.0
12348.0;2022-02-28;15.0;22.0;25.0;28.0;693.0;35.0;3.0;15.0;22.0;511.0;35.0;0.0;35.0;875.0;40.0;94.0;4;4;4;4;4;4;4;0;0;0;1;0;0;0;0;0;0;0;0;0;1;0;0;0.0;0.0;0.0;0.0;0.0;0.0;0.0;0.0;0.0;0.0;0.0;0.0;0.0;0.0;0.0;0.0;0.0;0.0;0.0;0.0;0.0;0.0;0.0;0.0;0.0;0.0;0.0;0.0;0.0;0.0;0.0;1.0;0.0;0.0;0.0;4.0;0.0;1.0;1.0;4.0;1.0;0;1;0;0;TELÊMACO BORBA;REGIÃO CENTRAL;41;13671.0;14198.0;11580.0;9331.0;9300.0;7688.0;7626.0;7200.0;6944.0;6660.0;7068.0;6272.0
11842.0;2022-03-31;15.0;20.0;24.0;27.0;746.0;34.0;11.0;15.0;21.0;578.0;34.0;0.0;34.0;914.0;54.0;345.0;4;5;5;4;4;4;5;0;0;0;0;0;0;0;0;1;0;0;0;0;1;0;0;0.0;0.0;0.0;0.0;0.0;0.0;0.0;0.0;0.0;0.0;0.0;0.0;0.0;0.0;0.0;0.0;0.0;0.0;0.0;0.0;0.0;0.0;0.0;0.0;0.0;0.0;0.0;0.0;0.0;0.0;0.0;1.0;0.0;0.0;0.0;4.0;0.0;1.0;1.0;4.0;1.0;0;1;0;0;TELÊMACO BORBA;REGIÃO CENTRAL;42;12348.0;13671.0;14198.0;11580.0;9331.0;9300.0;7688.0;7626.0;7200.0;6944.0;6660.0;7068.0
13590.0;2022-04-30;9.0;16.0;21.0;24.0;623.0;30.0;3.0;9.0;18.0;459.0;30.0;0.0;30.0;788.0;39.0;94.0;4;4;4;4;5;5;4;1;0;0;0;0;0;0;0;0;0;0;0;0;1;0;0;0.0;0.0;0.0;0.0;0.0;0.0;0.0;0.0;0.0;0.0;0.0;0.0;0.0;0.0;0.0;0.0;0.0;0.0;0.0;0.0;0.0;0.0;0.0;0.0;0.0;0.0;0.0;0.0;0.0;0.0;0.0;1.0;0.0;0.0;0.0;4.0;0.0;1.0;1.0;4.0;1.0;0;1;0;0;TELÊMACO BORBA;REGIÃO CENTRAL;43;11842.0;12348.0;13671.0;14198.0;11580.0;9331.0;9300.0;7688.0;7626.0;7200.0;6944.0;6660.0
16306.0;2022-05-31;3.0;9.0;16.0;22.0;510.0;28.0;3.0;3.0;18.0;340.0;28.0;0.0;28.0;680.0;49.0;97.0;5;4;4;5;4;4;5;0;0;0;0;0;0;0;1;0;0;0;0;0;1;0;0;0.0;0.0;0.0;0.0;0.0;0.0;0.0;0.0;0.0;0.0;0.0;0.0;0.0;0.0;0.0;0.0;0.0;0.0;0.0;0.0;0.0;0.0;0.0;0.0;0.0;0.0;0.0;0.0;0.0;0.0;0.0;1.0;0.0;0.0;0.0;4.0;0.0;1.0;1.0;4.0;1.0;0;0;0;0;TELÊMACO BORBA;REGIÃO CENTRAL;44;13590.0;11842.0;12348.0;13671.0;14198.0;11580.0;9331.0;9300.0;7688.0;7626.0;7200.0;6944.0
14880.0;2022-06-30;2.0;10.0;16.0;21.0;489.0;27.0;2.0;2.0;15.0;324.0;27.0;0.0;27.0;654.0;16.0;66.0;4;5;5;4;4;4;4;0;0;0;0;0;0;1;0;0;0;0;0;0;1;0;0;0.0;0.0;0.0;0.0;0.0;0.0;0.0;0.0;0.0;0.0;0.0;0.0;0.0;0.0;0.0;0.0;0.0;0.0;0.0;0.0;0.0;0.0;0.0;0.0;0.0;0.0;0.0;0.0;0.0;0.0;0.0;1.0;0.0;0.0;0.0;4.0;0.0;1.0;1.0;4.0;1.0;0;1;0;0;TELÊMACO BORBA;REGIÃO CENTRAL;45;16306.0;13590.0;11842.0;12348.0;13671.0;14198.0;11580.0;9331.0;9300.0;7688.0;7626.0;7200.0
15748.0;2022-07-31;4.0;12.0;18.0;21.0;568.0;28.0;1.0;4.0;16.0;358.0;28.0;0.0;28.0;777.0;20.0;32.0;5;4;4;4;5;5;4;0;0;0;0;0;1;0;0;0;0;0;0;0;1;0;0;0.0;0.0;0.0;0.0;0.0;0.0;0.0;0.0;0.0;0.0;0.0;0.0;0.0;0.0;0.0;0.0;0.0;0.0;0.0;0.0;0.0;0.0;0.0;0.0;0.0;0.0;0.0;0.0;0.0;0.0;0.0;1.0;0.0;0.0;0.0;4.0;0.0;1.0;1.0;4.0;1.0;0;0;0;0;TELÊMACO BORBA;REGIÃO CENTRAL;46;14880.0;16306.0;13590.0;11842.0;12348.0;13671.0;14198.0;11580.0;9331.0;9300.0;7688.0;7626.0
14074.0;2022-08-31;2.0;9.0;16.0;22.0;507.0;30.0;6.0;2.0;16.0;319.0;30.0;0.0;30.0;693.0;59.0;171.0;4;5;4;5;4;4;5;0;1;0;0;0;0;0;0;0;0;0;0;0;1;0;0;0.0;0.0;0.0;0.0;0.0;0.0;0.0;0.0;0.0;0.0;0.0;0.0;0.0;0.0;0.0;0.0;0.0;0.0;0.0;0.0;0.0;0.0;0.0;0.0;0.0;0.0;0.0;0.0;0.0;0.0;0.0;1.0;0.0;0.0;0.0;4.0;0.0;1.0;1.0;4.0;1.0;0;0;0;0;TELÊMACO BORBA;REGIÃO CENTRAL;47;15748.0;14880.0;16306.0;13590.0;11842.0;12348.0;13671.0;14198.0;11580.0;9331.0;9300.0;7688.0
15480.0;2022-09-30;5.0;13.0;16.0;24.0;488.0;32.0;7.0;5.0;19.0;345.0;32.0;0.0;32.0;631.0;47.0;209.0;4;4;5;4;5;4;4;0;0;0;0;0;0;0;0;0;0;0;1;0;1;0;0;0.0;0.0;0.0;0.0;0.0;0.0;0.0;0.0;0.0;0.0;0.0;0.0;0.0;0.0;0.0;0.0;0.0;0.0;0.0;0.0;0.0;0.0;0.0;0.0;0.0;0.0;0.0;0.0;0.0;0.0;0.0;1.0;0.0;0.0;0.0;4.0;0.0;1.0;1.0;4.0;1.0;0;0;0;0;TELÊMACO BORBA;REGIÃO CENTRAL;48;14074.0;15748.0;14880.0;16306.0;13590.0;11842.0;12348.0;13671.0;14198.0;11580.0;9331.0;9300.0
15593.0;2022-10-31;-3.0;12.0;20.0;24.0;619.0;31.0;12.0;-3.0;18.0;441.0;31.0;0.0;31.0;798.0;93.0;365.0;5;4;4;5;4;5;4;0;0;0;0;0;0;0;0;0;0;1;0;0;1;0;0;0.0;0.0;0.0;0.0;0.0;0.0;0.0;0.0;0.0;0.0;0.0;0.0;0.0;0.0;0.0;0.0;0.0;0.0;0.0;0.0;0.0;0.0;0.0;0.0;0.0;0.0;0.0;0.0;0.0;0.0;0.0;1.0;0.0;0.0;0.0;4.0;0.0;1.0;1.0;4.0;1.0;0;0;0;0;TELÊMACO BORBA;REGIÃO CENTRAL;49;15480.0;14074.0;15748.0;14880.0;16306.0;13590.0;11842.0;12348.0;13671.0;14198.0;11580.0;9331.0
15060.0;2022-11-30;8.0;12.0;19.0;23.0;573.0;31.0;1.0;8.0;17.0;387.0;31.0;0.0;31.0;760.0;10.0;40.0;4;5;4;4;4;4;5;0;0;0;0;0;0;0;0;0;1;0;0;0;1;0;0;0.0;0.0;0.0;0.0;0.0;0.0;0.0;0.0;0.0;0.0;0.0;0.0;0.0;0.0;0.0;0.0;0.0;0.0;0.0;0.0;0.0;0.0;0.0;0.0;0.0;0.0;0.0;0.0;0.0;0.0;0.0;1.0;0.0;0.0;0.0;4.0;0.0;1.0;1.0;4.0;1.0;0;0;0;0;TELÊMACO BORBA;REGIÃO CENTRAL;50;15593.0;15480.0;14074.0;15748.0;14880.0;16306.0;13590.0;11842.0;12348.0;13671.0;14198.0;11580.0
14539.0;2022-12-31;-11.0;8.0;22.0;25.0;675.0;32.0;7.0;-11.0;20.0;497.0;32.0;0.0;32.0;852.0;58.0;230.0;4;4;5;4;5;5;4;0;0;1;0;0;0;0;0;0;0;0;0;0;1;0;0;0.0;0.0;0.0;0.0;0.0;0.0;0.0;0.0;0.0;0.0;0.0;0.0;0.0;0.0;0.0;0.0;0.0;0.0;0.0;0.0;0.0;0.0;0.0;0.0;0.0;0.0;0.0;0.0;0.0;0.0;0.0;1.0;0.0;0.0;0.0;4.0;0.0;1.0;1.0;4.0;1.0;0;0;0;0;TELÊMACO BORBA;REGIÃO CENTRAL;51;15060.0;15593.0;15480.0;14074.0;15748.0;14880.0;16306.0;13590.0;11842.0;12348.0;13671.0;14198.0
11160.0;2023-01-31;13.0;19.0;23.0;25.0;700.0;31.0;4.0;13.0;19.0;544.0;31.0;0.0;31.0;856.0;18.0;133.0;5;4;4;5;4;4;5;0;0;0;0;1;0;0;0;0;0;0;0;0;0;1;0;0.0;0.0;0.0;0.0;0.0;0.0;0.0;0.0;0.0;0.0;0.0;0.0;0.0;0.0;0.0;0.0;0.0;0.0;0.0;0.0;0.0;0.0;0.0;0.0;0.0;0.0;0.0;0.0;0.0;0.0;0.0;1.0;0.0;0.0;0.0;4.0;0.0;1.0;1.0;4.0;1.0;31;0;0;0;TELÊMACO BORBA;REGIÃO CENTRAL;52;14539.0;15060.0;15593.0;15480.0;14074.0;15748.0;14880.0;16306.0;13590.0;11842.0;12348.0;13671.0
13832.0;2023-02-28;14.0;17.0;22.0;25.0;622.0;32.0;9.0;14.0;20.0;494.0;32.0;0.0;32.0;749.0;41.0;257.0;4;4;4;4;4;4;4;0;0;0;1;0;0;0;0;0;0;0;0;0;0;1;0;0.0;0.0;0.0;0.0;0.0;0.0;0.0;0.0;0.0;0.0;0.0;0.0;0.0;0.0;0.0;0.0;0.0;0.0;0.0;0.0;0.0;0.0;0.0;0.0;0.0;0.0;0.0;0.0;0.0;0.0;0.0;1.0;0.0;0.0;0.0;4.0;0.0;1.0;1.0;4.0;1.0;0;3;0;0;TELÊMACO BORBA;REGIÃO CENTRAL;53;11160.0;14539.0;15060.0;15593.0;15480.0;14074.0;15748.0;14880.0;16306.0;13590.0;11842.0;12348.0
23250.0;2023-03-31;17.0;21.0;23.0;25.0;728.0;32.0;5.0;17.0;20.0;558.0;32.0;0.0;32.0;898.0;30.0;169.0;4;5;5;4;5;4;4;0;0;0;0;0;0;0;0;1;0;0;0;0;0;1;0;0.0;0.0;0.0;0.0;0.0;0.0;0.0;0.0;0.0;0.0;0.0;0.0;0.0;0.0;0.0;0.0;0.0;0.0;0.0;0.0;0.0;0.0;0.0;0.0;0.0;0.0;0.0;0.0;0.0;0.0;0.0;1.0;0.0;0.0;0.0;4.0;0.0;1.0;1.0;4.0;1.0;0;0;0;0;TELÊMACO BORBA;REGIÃO CENTRAL;54;13832.0;11160.0;14539.0;15060.0;15593.0;15480.0;14074.0;15748.0;14880.0;16306.0;13590.0;11842.0
17700.0;2023-04-30;9.0;16.0;20.0;25.0;609.0;31.0;4.0;9.0;18.0;453.0;31.0;0.0;31.0;764.0;48.0;110.0;5;4;4;4;4;5;4;1;0;0;0;0;0;0;0;0;0;0;0;0;0;1;0;0.0;0.0;0.0;0.0;0.0;0.0;0.0;0.0;0.0;0.0;0.0;0.0;0.0;0.0;0.0;0.0;0.0;0.0;0.0;0.0;0.0;0.0;0.0;0.0;0.0;0.0;0.0;0.0;0.0;0.0;0.0;1.0;0.0;0.0;0.0;4.0;0.0;1.0;1.0;4.0;1.0;0;1;0;0;TELÊMACO BORBA;REGIÃO CENTRAL;55;23250.0;13832.0;11160.0;14539.0;15060.0;15593.0;15480.0;14074.0;15748.0;14880.0;16306.0;13590.0
17856.0;2023-05-31;8.0;15.0;18.0;23.0;571.0;28.0;2.0;8.0;18.0;390.0;28.0;0.0;28.0;751.0;19.0;70.0;4;5;4;5;4;4;5;0;0;0;0;0;0;0;1;0;0;0;0;0;0;1;0;0.0;0.0;0.0;0.0;0.0;0.0;0.0;0.0;0.0;0.0;0.0;0.0;0.0;0.0;0.0;0.0;0.0;0.0;0.0;0.0;0.0;0.0;0.0;0.0;0.0;0.0;0.0;0.0;0.0;0.0;0.0;1.0;0.0;0.0;0.0;4.0;0.0;1.0;1.0;4.0;1.0;0;0;0;0;TELÊMACO BORBA;REGIÃO CENTRAL;56;17700.0;23250.0;13832.0;11160.0;14539.0;15060.0;15593.0;15480.0;14074.0;15748.0;14880.0;16306.0
16260.0;2023-06-30;5.0;11.0;16.0;21.0;495.0;28.0;4.0;5.0;15.0;311.0;28.0;0.0;28.0;678.0;64.0;106.0;4;4;5;4;5;4;4;0;0;0;0;0;0;1;0;0;0;0;0;0;0;1;0;0.0;0.0;0.0;0.0;0.0;0.0;0.0;0.0;0.0;0.0;0.0;0.0;0.0;0.0;0.0;0.0;0.0;0.0;0.0;0.0;0.0;0.0;0.0;0.0;0.0;0.0;0.0;0.0;0.0;0.0;0.0;1.0;0.0;0.0;0.0;4.0;0.0;1.0;1.0;4.0;1.0;0;1;0;0;TELÊMACO BORBA;REGIÃO CENTRAL;57;17856.0;17700.0;23250.0;13832.0;11160.0;14539.0;15060.0;15593.0;15480.0;14074.0;15748.0;14880.0
13330.0;2023-07-31;4.0;11.0;17.0;21.0;517.0;27.0;4.0;4.0;16.0;351.0;27.0;0.0;27.0;683.0;34.0;123.0;5;4;4;5;4;5;4;0;0;0;0;0;1;0;0;0;0;0;0;0;0;1;0;0.0;0.0;0.0;0.0;0.0;0.0;0.0;0.0;0.0;0.0;0.0;0.0;0.0;0.0;0.0;0.0;0.0;0.0;0.0;0.0;0.0;0.0;0.0;0.0;0.0;0.0;0.0;0.0;0.0;0.0;0.0;1.0;0.0;0.0;0.0;4.0;0.0;1.0;1.0;4.0;1.0;15;0;0;0;TELÊMACO BORBA;REGIÃO CENTRAL;58;16260.0;17856.0;17700.0;23250.0;13832.0;11160.0;14539.0;15060.0;15593.0;15480.0;14074.0;15748.0
18972.0;2023-08-31;6.0;12.0;18.0;25.0;573.0;33.0;5.0;6.0;19.0;374.0;33.0;0.0;33.0;772.0;43.0;154.0;4;5;5;4;4;4;5;0;1;0;0;0;0;0;0;0;0;0;0;0;0;1;0;0.0;0.0;0.0;0.0;0.0;0.0;0.0;0.0;0.0;0.0;0.0;0.0;0.0;0.0;0.0;0.0;0.0;0.0;0.0;0.0;0.0;0.0;0.0;0.0;0.0;0.0;0.0;0.0;0.0;0.0;0.0;1.0;0.0;0.0;0.0;4.0;0.0;1.0;1.0;4.0;1.0;0;0;0;0;TELÊMACO BORBA;REGIÃO CENTRAL;59;13330.0;16260.0;17856.0;17700.0;23250.0;13832.0;11160.0;14539.0;15060.0;15593.0;15480.0;14074.0
20460.0;2023-09-30;7.0;15.0;22.0;28.0;661.0;36.0;4.0;7.0;23.0;468.0;36.0;0.0;36.0;853.0;34.0;113.0;4;4;4;4;5;5;4;0;0;0;0;0;0;0;0;0;0;0;1;0;0;1;0;0.0;0.0;0.0;0.0;0.0;0.0;0.0;0.0;0.0;0.0;0.0;0.0;0.0;0.0;0.0;0.0;0.0;0.0;0.0;0.0;0.0;0.0;0.0;0.0;0.0;0.0;0.0;0.0;0.0;0.0;0.0;1.0;0.0;0.0;0.0;4.0;0.0;1.0;1.0;4.0;1.0;0;0;0;0;TELÊMACO BORBA;REGIÃO CENTRAL;60;18972.0;13330.0;16260.0;17856.0;17700.0;23250.0;13832.0;11160.0;14539.0;15060.0;15593.0;15480.0
20150.0;2023-10-31;13.0;17.0;22.0;27.0;674.0;33.0;15.0;13.0;21.0;512.0;33.0;0.0;33.0;835.0;103.0;466.0;5;4;4;5;4;4;5;0;0;0;0;0;0;0;0;0;0;1;0;0;0;1;0;0.0;0.0;0.0;0.0;0.0;0.0;0.0;0.0;0.0;0.0;0.0;0.0;0.0;0.0;0.0;0.0;0.0;0.0;0.0;0.0;0.0;0.0;0.0;0.0;0.0;0.0;0.0;0.0;0.0;0.0;0.0;1.0;0.0;0.0;0.0;4.0;0.0;1.0;1.0;4.0;1.0;0;0;0;0;TELÊMACO BORBA;REGIÃO CENTRAL;61;20460.0;18972.0;13330.0;16260.0;17856.0;17700.0;23250.0;13832.0;11160.0;14539.0;15060.0;15593.0
20130.0;2023-11-30;9.0;16.0;22.0;28.0;672.0;36.0;7.0;9.0;23.0;501.0;36.0;0.0;36.0;842.0;45.0;196.0;4;5;5;4;4;4;4;0;0;0;0;0;0;0;0;0;1;0;0;0;0;1;0;0.0;0.0;0.0;0.0;0.0;0.0;0.0;0.0;0.0;0.0;0.0;0.0;0.0;0.0;0.0;0.0;0.0;0.0;0.0;0.0;0.0;0.0;0.0;0.0;0.0;0.0;0.0;0.0;0.0;0.0;0.0;1.0;0.0;0.0;0.0;4.0;0.0;1.0;1.0;4.0;1.0;0;0;0;0;TELÊMACO BORBA;REGIÃO CENTRAL;62;20150.0;20460.0;18972.0;13330.0;16260.0;17856.0;17700.0;23250.0;13832.0;11160.0;14539.0;15060.0
17112.0;2023-12-31;15.0;19.0;24.0;27.0;748.0;34.0;4.0;15.0;21.0;562.0;34.0;0.0;34.0;934.0;37.0;111.0;5;4;4;4;5;5;4;0;0;1;0;0;0;0;0;0;0;0;0;0;0;1;0;0.0;0.0;0.0;0.0;0.0;0.0;0.0;0.0;0.0;0.0;0.0;0.0;0.0;0.0;0.0;0.0;0.0;0.0;0.0;0.0;0.0;0.0;0.0;0.0;0.0;0.0;0.0;0.0;0.0;0.0;0.0;1.0;0.0;0.0;0.0;4.0;0.0;1.0;1.0;4.0;1.0;0;0;0;0;TELÊMACO BORBA;REGIÃO CENTRAL;63;20130.0;20150.0;20460.0;18972.0;13330.0;16260.0;17856.0;17700.0;23250.0;13832.0;11160.0;14539.0
12059.0;2024-01-31;13.0;18.0;24.0;28.0;738.0;36.0;4.0;13.0;22.0;566.0;36.0;0.0;36.0;911.0;47.0;127.0;4;5;4;5;4;4;5;0;0;0;0;1;0;0;0;0;0;0;0;0;0;0;1;0.0;0.0;0.0;0.0;0.0;0.0;0.0;0.0;0.0;0.0;0.0;0.0;0.0;0.0;0.0;0.0;0.0;0.0;0.0;0.0;0.0;0.0;0.0;0.0;0.0;0.0;0.0;0.0;0.0;0.0;0.0;1.0;0.0;0.0;0.0;4.0;0.0;1.0;1.0;4.0;1.0;31;0;0;0;TELÊMACO BORBA;REGIÃO CENTRAL;64;17112.0;20130.0;20150.0;20460.0;18972.0;13330.0;16260.0;17856.0;17700.0;23250.0;13832.0;11160.0
21576.0;2024-02-29;17.0;20.0;25.0;27.0;711.0;33.0;6.0;17.0;21.0;553.0;33.0;0.0;33.0;870.0;52.0;161.0;4;4;5;4;4;4;4;0;0;0;1;0;0;0;0;0;0;0;0;0;0;0;1;0.0;0.0;0.0;0.0;0.0;0.0;0.0;0.0;0.0;0.0;0.0;0.0;0.0;0.0;0.0;0.0;0.0;0.0;0.0;0.0;0.0;0.0;0.0;0.0;0.0;0.0;0.0;0.0;0.0;0.0;0.0;1.0;0.0;0.0;0.0;4.0;0.0;1.0;1.0;4.0;1.0;0;3;0;0;TELÊMACO BORBA;REGIÃO CENTRAL;65;12059.0;17112.0;20130.0;20150.0;20460.0;18972.0;13330.0;16260.0;17856.0;17700.0;23250.0;13832.0
22816.0;2024-03-31;16.0;19.0;24.0;28.0;758.0;35.0;3.0;16.0;22.0;588.0;35.0;0.0;35.0;928.0;43.0;108.0;5;4;4;4;5;5;4;0;0;0;0;0;0;0;0;1;0;0;0;0;0;0;1;0.0;0.0;0.0;0.0;0.0;0.0;0.0;0.0;0.0;0.0;0.0;0.0;0.0;0.0;0.0;0.0;0.0;0.0;0.0;0.0;0.0;0.0;0.0;0.0;0.0;0.0;0.0;0.0;0.0;0.0;0.0;1.0;0.0;0.0;0.0;4.0;0.0;1.0;1.0;4.0;1.0;0;1;0;0;TELÊMACO BORBA;REGIÃO CENTRAL;66;21576.0;12059.0;17112.0;20130.0;20150.0;20460.0;18972.0;13330.0;16260.0;17856.0;17700.0;23250.0
14790.0;2024-04-30;11.0;18.0;23.0;27.0;689.0;32.0;2.0;11.0;21.0;532.0;32.0;0.0;32.0;845.0;32.0;57.0;4;4;4;5;4;4;5;1;0;0;0;0;0;0;0;0;0;0;0;0;0;0;1;0.0;0.0;0.0;0.0;0.0;0.0;0.0;0.0;0.0;0.0;0.0;0.0;0.0;0.0;0.0;0.0;0.0;0.0;0.0;0.0;0.0;0.0;0.0;0.0;0.0;0.0;0.0;0.0;0.0;0.0;0.0;1.0;0.0;0.0;0.0;4.0;0.0;1.0;1.0;4.0;1.0;0;0;0;0;TELÊMACO BORBA;REGIÃO CENTRAL;67;22816.0;21576.0;12059.0;17112.0;20130.0;20150.0;20460.0;18972.0;13330.0;16260.0;17856.0;17700.0
10633.0;2024-05-31;5.0;12.0;20.0;26.0;627.0;32.0;1.0;5.0;20.0;463.0;32.0;0.0;32.0;790.0;30.0;32.0;4;5;5;4;5;4;4;0;0;0;0;0;0;0;1;0;0;0;0;0;0;0;1;0.0;0.0;0.0;0.0;0.0;0.0;0.0;0.0;0.0;0.0;0.0;0.0;0.0;0.0;0.0;0.0;0.0;0.0;0.0;0.0;0.0;0.0;0.0;0.0;0.0;0.0;0.0;0.0;0.0;0.0;0.0;1.0;0.0;0.0;0.0;4.0;0.0;1.0;1.0;4.0;1.0;0;1;0;30;TELÊMACO BORBA;REGIÃO CENTRAL;68;14790.0;22816.0;21576.0;12059.0;17112.0;20130.0;20150.0;20460.0;18972.0;13330.0;16260.0;17856.0
9600.0;2024-06-30;6.0;13.0;20.0;22.0;587.0;29.0;0.0;6.0;17.0;392.0;29.0;0.0;29.0;782.0;2.0;3.0;5;4;4;4;4;5;4;0;0;0;0;0;0;1;0;0;0;0;0;0;0;0;1;0.0;0.0;0.0;0.0;0.0;0.0;0.0;0.0;0.0;0.0;0.0;0.0;0.0;0.0;0.0;0.0;0.0;0.0;0.0;0.0;0.0;0.0;0.0;0.0;0.0;0.0;0.0;0.0;0.0;0.0;0.0;1.0;0.0;0.0;0.0;4.0;0.0;1.0;1.0;4.0;1.0;0;0;0;30;TELÊMACO BORBA;REGIÃO CENTRAL;69;10633.0;14790.0;22816.0;21576.0;12059.0;17112.0;20130.0;20150.0;20460.0;18972.0;13330.0;16260.0
18011.0;2024-07-31;4.0;12.0;16.0;20.0;487.0;28.0;1.0;4.0;14.0;309.0;28.0;0.0;28.0;665.0;12.0;41.0;4;5;4;5;4;4;5;0;0;0;0;0;1;0;0;0;0;0;0;0;0;0;1;0.0;0.0;0.0;0.0;0.0;0.0;0.0;0.0;0.0;0.0;0.0;0.0;0.0;0.0;0.0;0.0;0.0;0.0;0.0;0.0;0.0;0.0;0.0;0.0;0.0;0.0;0.0;0.0;0.0;0.0;0.0;1.0;0.0;0.0;0.0;4.0;0.0;1.0;1.0;4.0;1.0;12;0;0;0;TELÊMACO BORBA;REGIÃO CENTRAL;70;9600.0;10633.0;14790.0;22816.0;21576.0;12059.0;17112.0;20130.0;20150.0;20460.0;18972.0;13330.0
17422.0;2024-08-31;-0.0;9.0;17.0;23.0;542.0;34.0;2.0;-0.0;16.0;295.0;34.0;0.0;34.0;789.0;42.0;59.0;4;4;5;4;5;5;4;0;1;0;0;0;0;0;0;0;0;0;0;0;0;0;1;0.0;0.0;0.0;0.0;0.0;0.0;0.0;0.0;0.0;0.0;0.0;0.0;0.0;0.0;0.0;0.0;0.0;0.0;0.0;0.0;0.0;0.0;0.0;0.0;0.0;0.0;0.0;0.0;0.0;0.0;0.0;1.0;0.0;0.0;0.0;4.0;0.0;1.0;1.0;4.0;1.0;0;0;0;0;TELÊMACO BORBA;REGIÃO CENTRAL;71;18011.0;9600.0;10633.0;14790.0;22816.0;21576.0;12059.0;17112.0;20130.0;20150.0;20460.0;18972.0
20880.0;2024-09-30;11.0;15.0;22.0;26.0;649.0;36.0;1.0;11.0;18.0;427.0;36.0;0.0;36.0;870.0;12.0;38.0;5;4;4;5;4;4;4;0;0;0;0;0;0;0;0;0;0;0;1;0;0;0;1;0.0;0.0;0.0;0.0;0.0;0.0;0.0;0.0;0.0;0.0;0.0;0.0;0.0;0.0;0.0;0.0;0.0;0.0;0.0;0.0;0.0;0.0;0.0;0.0;0.0;0.0;0.0;0.0;0.0;0.0;0.0;1.0;0.0;0.0;0.0;4.0;0.0;1.0;1.0;4.0;1.0;0;0;0;0;TELÊMACO BORBA;REGIÃO CENTRAL;72;17422.0;18011.0;9600.0;10633.0;14790.0;22816.0;21576.0;12059.0;17112.0;20130.0;20150.0;20460.0
21700.0;2024-10-31;11.0;15.0;21.0;25.0;647.0;35.0;3.0;11.0;20.0;492.0;35.0;0.0;35.0;802.0;22.0;91.0;4;5;5;4;4;4;5;0;0;0;0;0;0;0;0;0;0;1;0;0;0;0;1;0.0;0.0;0.0;0.0;0.0;0.0;0.0;0.0;0.0;0.0;0.0;0.0;0.0;0.0;0.0;0.0;0.0;0.0;0.0;0.0;0.0;0.0;0.0;0.0;0.0;0.0;0.0;0.0;0.0;0.0;0.0;1.0;0.0;0.0;0.0;4.0;0.0;1.0;1.0;4.0;1.0;0;0;0;0;TELÊMACO BORBA;REGIÃO CENTRAL;73;20880.0;17422.0;18011.0;9600.0;10633.0;14790.0;22816.0;21576.0;12059.0;17112.0;20130.0;20150.0
19884.0;2016-11-30;11.0;18.0;24.0;28.0;711.0;33.0;2.0;11.0;23.0;536.0;33.0;0.0;33.0;885.0;25.0;68.0;4;5;4;4;4;4;5;0;0;0;0;0;0;0;0;0;1;0;0;0;0;0;0;0.0;1.0;0.0;0.0;0.0;0.0;0.0;0.0;0.0;0.0;0.0;0.0;0.0;0.0;0.0;0.0;0.0;0.0;0.0;0.0;0.0;0.0;0.0;0.0;0.0;0.0;0.0;0.0;0.0;0.0;0.0;0.0;1.0;0.0;0.0;3.0;4.0;0.0;0.0;1.0;0.0;0;0;0;0;UMUARAMA;REGIÃO OESTE;1;18553.0;15252.0;14165.0;14366.0;15486.0;17615.0;21750.0;23177.0;18155.0;15401.0;14841.0;17856.0
16947.0;2016-12-31;14.0;19.0;24.0;28.0;754.0;34.0;5.0;14.0;23.0;603.0;34.0;0.0;34.0;904.0;44.0;151.0;4;4;5;4;5;5;4;0;0;1;0;0;0;0;0;0;0;0;0;0;0;0;0;0.0;1.0;0.0;0.0;0.0;0.0;0.0;0.0;0.0;0.0;0.0;0.0;0.0;0.0;0.0;0.0;0.0;0.0;0.0;0.0;0.0;0.0;0.0;0.0;0.0;0.0;0.0;0.0;0.0;0.0;0.0;0.0;1.0;0.0;0.0;3.0;4.0;0.0;0.0;1.0;0.0;0;0;0;0;UMUARAMA;REGIÃO OESTE;2;19884.0;18553.0;15252.0;14165.0;14366.0;15486.0;17615.0;21750.0;23177.0;18155.0;15401.0;14841.0
15156.0;2017-01-31;17.0;22.0;25.0;29.0;777.0;34.0;6.0;17.0;24.0;627.0;34.0;0.0;34.0;927.0;23.0;185.0;5;4;4;5;4;4;5;0;0;0;0;1;0;0;0;0;0;0;0;0;0;0;0;0.0;0.0;1.0;0.0;0.0;0.0;0.0;0.0;0.0;0.0;0.0;0.0;0.0;0.0;0.0;0.0;0.0;0.0;0.0;0.0;0.0;0.0;0.0;0.0;0.0;0.0;0.0;0.0;0.0;0.0;0.0;0.0;1.0;0.0;0.0;3.0;4.0;0.0;0.0;1.0;0.0;31;0;0;0;UMUARAMA;REGIÃO OESTE;3;16947.0;19884.0;18553.0;15252.0;14165.0;14366.0;15486.0;17615.0;21750.0;23177.0;18155.0;15401.0
20016.0;2017-02-28;18.0;23.0;26.0;29.0;725.0;35.0;4.0;18.0;23.0;573.0;35.0;0.0;35.0;877.0;36.0;107.0;4;4;4;4;4;4;4;0;0;0;1;0;0;0;0;0;0;0;0;0;0;0;0;0.0;0.0;1.0;0.0;0.0;0.0;0.0;0.0;0.0;0.0;0.0;0.0;0.0;0.0;0.0;0.0;0.0;0.0;0.0;0.0;0.0;0.0;0.0;0.0;0.0;0.0;0.0;0.0;0.0;0.0;0.0;0.0;1.0;0.0;0.0;3.0;5.0;0.0;0.0;2.0;0.0;0;2;0;0;UMUARAMA;REGIÃO OESTE;4;15156.0;16947.0;19884.0;18553.0;15252.0;14165.0;14366.0;15486.0;17615.0;21750.0;23177.0;18155.0
25790.0;2017-03-31;14.0;20.0;24.0;27.0;743.0;33.0;4.0;14.0;22.0;580.0;33.0;0.0;33.0;906.0;27.0;134.0;4;5;5;4;5;4;4;0;0;0;0;0;0;0;0;1;0;0;0;0;0;0;0;0.0;0.0;1.0;0.0;0.0;0.0;0.0;0.0;0.0;0.0;0.0;0.0;0.0;0.0;0.0;0.0;0.0;0.0;0.0;0.0;0.0;0.0;0.0;0.0;0.0;0.0;0.0;0.0;0.0;0.0;0.0;0.0;1.0;0.0;0.0;3.0;5.0;0.0;0.0;2.0;0.0;0;1;0;0;UMUARAMA;REGIÃO OESTE;5;20016.0;15156.0;16947.0;19884.0;18553.0;15252.0;14165.0;14366.0;15486.0;17615.0;21750.0;23177.0
19410.0;2017-04-30;7.0;16.0;21.0;25.0;639.0;30.0;5.0;7.0;21.0;483.0;30.0;0.0;30.0;795.0;48.0;149.0;5;4;4;4;4;5;4;1;0;0;0;0;0;0;0;0;0;0;0;0;0;0;0;0.0;0.0;1.0;0.0;0.0;0.0;0.0;0.0;0.0;0.0;0.0;0.0;0.0;0.0;0.0;0.0;0.0;0.0;0.0;0.0;0.0;0.0;0.0;0.0;0.0;0.0;0.0;0.0;0.0;0.0;0.0;0.0;1.0;0.0;0.0;3.0;5.0;0.0;0.0;2.0;0.0;0;1;0;0;UMUARAMA;REGIÃO OESTE;6;25790.0;20016.0;15156.0;16947.0;19884.0;18553.0;15252.0;14165.0;14366.0;15486.0;17615.0;21750.0
16980.0;2017-05-31;13.0;16.0;20.0;23.0;619.0;29.0;9.0;13.0;19.0;472.0;29.0;0.0;29.0;765.0;91.0;273.0;4;5;4;5;4;4;5;0;0;0;0;0;0;0;1;0;0;0;0;0;0;0;0;0.0;0.0;1.0;0.0;0.0;0.0;0.0;0.0;0.0;0.0;0.0;0.0;0.0;0.0;0.0;0.0;0.0;0.0;0.0;0.0;0.0;0.0;0.0;0.0;0.0;0.0;0.0;0.0;0.0;0.0;0.0;0.0;1.0;0.0;0.0;3.0;5.0;0.0;0.0;2.0;0.0;0;0;0;0;UMUARAMA;REGIÃO OESTE;7;19410.0;25790.0;20016.0;15156.0;16947.0;19884.0;18553.0;15252.0;14165.0;14366.0;15486.0;17615.0
14076.0;2017-06-30;3.0;11.0;18.0;23.0;532.0;29.0;5.0;3.0;18.0;356.0;29.0;0.0;29.0;709.0;64.0;149.0;4;4;5;4;5;4;4;0;0;0;0;0;0;1;0;0;0;0;0;0;0;0;0;0.0;0.0;1.0;0.0;0.0;0.0;0.0;0.0;0.0;0.0;0.0;0.0;0.0;0.0;0.0;0.0;0.0;0.0;0.0;0.0;0.0;0.0;0.0;0.0;0.0;0.0;0.0;0.0;0.0;0.0;0.0;0.0;1.0;0.0;0.0;3.0;5.0;0.0;0.0;2.0;0.0;0;1;0;0;UMUARAMA;REGIÃO OESTE;8;16980.0;19410.0;25790.0;20016.0;15156.0;16947.0;19884.0;18553.0;15252.0;14165.0;14366.0;15486.0
15076.0;2017-07-31;2.0;10.0;17.0;20.0;531.0;28.0;0.0;2.0;14.0;305.0;28.0;0.0;28.0;757.0;2.0;2.0;5;4;4;5;4;5;4;0;0;0;0;0;1;0;0;0;0;0;0;0;0;0;0;0.0;0.0;1.0;0.0;0.0;0.0;0.0;0.0;0.0;0.0;0.0;0.0;0.0;0.0;0.0;0.0;0.0;0.0;0.0;0.0;0.0;0.0;0.0;0.0;0.0;0.0;0.0;0.0;0.0;0.0;0.0;0.0;1.0;0.0;0.0;3.0;5.0;0.0;0.0;2.0;0.0;16;0;0;0;UMUARAMA;REGIÃO OESTE;9;14076.0;16980.0;19410.0;25790.0;20016.0;15156.0;16947.0;19884.0;18553.0;15252.0;14165.0;14366.0
17822.0;2017-08-31;7.0;14.0;19.0;26.0;604.0;33.0;7.0;7.0;21.0;400.0;33.0;0.0;33.0;808.0;64.0;222.0;4;5;5;4;4;4;5;0;1;0;0;0;0;0;0;0;0;0;0;0;0;0;0;0.0;0.0;1.0;0.0;0.0;0.0;0.0;0.0;0.0;0.0;0.0;0.0;0.0;0.0;0.0;0.0;0.0;0.0;0.0;0.0;0.0;0.0;0.0;0.0;0.0;0.0;0.0;0.0;0.0;0.0;0.0;0.0;1.0;0.0;0.0;3.0;5.0;0.0;0.0;2.0;0.0;0;0;0;0;UMUARAMA;REGIÃO OESTE;10;15076.0;14076.0;16980.0;19410.0;25790.0;20016.0;15156.0;16947.0;19884.0;18553.0;15252.0;14165.0
22128.0;2017-09-30;13.0;19.0;24.0;27.0;717.0;35.0;1.0;13.0;20.0;493.0;35.0;0.0;35.0;941.0;20.0;39.0;4;4;4;4;5;5;4;0;0;0;0;0;0;0;0;0;0;0;1;0;0;0;0;0.0;0.0;1.0;0.0;0.0;0.0;0.0;0.0;0.0;0.0;0.0;0.0;0.0;0.0;0.0;0.0;0.0;0.0;0.0;0.0;0.0;0.0;0.0;0.0;0.0;0.0;0.0;0.0;0.0;0.0;0.0;0.0;1.0;0.0;0.0;3.0;4.0;0.0;0.0;2.0;0.0;0;0;0;0;UMUARAMA;REGIÃO OESTE;11;17822.0;15076.0;14076.0;16980.0;19410.0;25790.0;20016.0;15156.0;16947.0;19884.0;18553.0;15252.0
21564.0;2017-10-31;9.0;17.0;22.0;29.0;692.0;36.0;12.0;9.0;21.0;499.0;36.0;0.0;36.0;886.0;70.0;376.0;5;4;4;5;4;4;5;0;0;0;0;0;0;0;0;0;0;1;0;0;0;0;0;0.0;0.0;1.0;0.0;0.0;0.0;0.0;0.0;0.0;0.0;0.0;0.0;0.0;0.0;0.0;0.0;0.0;0.0;0.0;0.0;0.0;0.0;0.0;0.0;0.0;0.0;0.0;0.0;0.0;0.0;0.0;0.0;1.0;0.0;0.0;3.0;4.0;0.0;0.0;2.0;0.0;0;0;0;0;UMUARAMA;REGIÃO OESTE;12;22128.0;17822.0;15076.0;14076.0;16980.0;19410.0;25790.0;20016.0;15156.0;16947.0;19884.0;18553.0
23004.0;2017-11-30;12.0;19.0;23.0;27.0;686.0;35.0;4.0;12.0;21.0;512.0;35.0;0.0;35.0;860.0;35.0;114.0;4;5;5;4;4;4;4;0;0;0;0;0;0;0;0;0;1;0;0;0;0;0;0;0.0;0.0;1.0;0.0;0.0;0.0;0.0;0.0;0.0;0.0;0.0;0.0;0.0;0.0;0.0;0.0;0.0;0.0;0.0;0.0;0.0;0.0;0.0;0.0;0.0;0.0;0.0;0.0;0.0;0.0;0.0;0.0;1.0;0.0;0.0;3.0;4.0;0.0;0.0;2.0;0.0;0;0;0;0;UMUARAMA;REGIÃO OESTE;13;21564.0;22128.0;17822.0;15076.0;14076.0;16980.0;19410.0;25790.0;20016.0;15156.0;16947.0;19884.0
19826.0;2017-12-31;16.0;22.0;25.0;29.0;762.0;34.0;3.0;16.0;24.0;619.0;34.0;0.0;34.0;905.0;16.0;104.0;5;4;4;4;5;5;4;0;0;1;0;0;0;0;0;0;0;0;0;0;0;0;0;0.0;0.0;1.0;0.0;0.0;0.0;0.0;0.0;0.0;0.0;0.0;0.0;0.0;0.0;0.0;0.0;0.0;0.0;0.0;0.0;0.0;0.0;0.0;0.0;0.0;0.0;0.0;0.0;0.0;0.0;0.0;0.0;1.0;0.0;0.0;3.0;4.0;0.0;0.0;2.0;0.0;0;0;0;0;UMUARAMA;REGIÃO OESTE;14;23004.0;21564.0;22128.0;17822.0;15076.0;14076.0;16980.0;19410.0;25790.0;20016.0;15156.0;16947.0
16017.0;2018-01-31;17.0;20.0;24.0;27.0;751.0;33.0;9.0;17.0;22.0;612.0;33.0;0.0;33.0;890.0;36.0;291.0;4;5;4;5;4;4;5;0;0;0;0;1;0;0;0;0;0;0;0;0;0;0;0;0.0;0.0;0.0;1.0;0.0;0.0;0.0;0.0;0.0;0.0;0.0;0.0;0.0;0.0;0.0;0.0;0.0;0.0;0.0;0.0;0.0;0.0;0.0;0.0;0.0;0.0;0.0;0.0;0.0;0.0;0.0;0.0;1.0;0.0;0.0;3.0;3.0;0.0;0.0;2.0;0.0;31;0;0;0;UMUARAMA;REGIÃO OESTE;15;19826.0;23004.0;21564.0;22128.0;17822.0;15076.0;14076.0;16980.0;19410.0;25790.0;20016.0;15156.0
20740.0;2018-02-28;16.0;20.0;24.0;26.0;663.0;33.0;4.0;16.0;21.0;514.0;33.0;0.0;33.0;811.0;34.0;114.0;4;4;4;4;4;4;4;0;0;0;1;0;0;0;0;0;0;0;0;0;0;0;0;0.0;0.0;0.0;1.0;0.0;0.0;0.0;0.0;0.0;0.0;0.0;0.0;0.0;0.0;0.0;0.0;0.0;0.0;0.0;0.0;0.0;0.0;0.0;0.0;0.0;0.0;0.0;0.0;0.0;0.0;0.0;0.0;1.0;0.0;0.0;3.0;3.0;1.0;1.0;3.0;0.0;0;3;0;0;UMUARAMA;REGIÃO OESTE;16;16017.0;19826.0;23004.0;21564.0;22128.0;17822.0;15076.0;14076.0;16980.0;19410.0;25790.0;20016.0
30992.0;2018-03-31;17.0;21.0;25.0;28.0;777.0;34.0;6.0;17.0;22.0;622.0;34.0;0.0;34.0;931.0;34.0;181.0;4;4;5;4;5;5;4;0;0;0;0;0;0;0;0;1;0;0;0;0;0;0;0;0.0;0.0;0.0;1.0;0.0;0.0;0.0;0.0;0.0;0.0;0.0;0.0;0.0;0.0;0.0;0.0;0.0;0.0;0.0;0.0;0.0;0.0;0.0;0.0;0.0;0.0;0.0;0.0;0.0;0.0;0.0;0.0;1.0;0.0;0.0;3.0;3.0;1.0;1.0;3.0;0.0;0;1;0;0;UMUARAMA;REGIÃO OESTE;17;20740.0;16017.0;19826.0;23004.0;21564.0;22128.0;17822.0;15076.0;14076.0;16980.0;19410.0;25790.0
29238.0;2018-04-30;14.0;20.0;23.0;25.0;694.0;31.0;1.0;14.0;22.0;515.0;31.0;0.0;31.0;873.0;13.0;16.0;5;4;4;5;4;4;4;1;0;0;0;0;0;0;0;0;0;0;0;0;0;0;0;0.0;0.0;0.0;1.0;0.0;0.0;0.0;0.0;0.0;0.0;0.0;0.0;0.0;0.0;0.0;0.0;0.0;0.0;0.0;0.0;0.0;0.0;0.0;0.0;0.0;0.0;0.0;0.0;0.0;0.0;0.0;0.0;1.0;0.0;0.0;3.0;3.0;1.0;1.0;3.0;0.0;0;0;0;0;UMUARAMA;REGIÃO OESTE;18;30992.0;20740.0;16017.0;19826.0;23004.0;21564.0;22128.0;17822.0;15076.0;14076.0;16980.0;19410.0
20898.0;2018-05-31;6.0;13.0;20.0;24.0;615.0;31.0;1.0;6.0;18.0;424.0;31.0;0.0;31.0;807.0;29.0;36.0;4;5;5;4;4;4;5;0;0;0;0;0;0;0;1;0;0;0;0;0;0;0;0;0.0;0.0;0.0;1.0;0.0;0.0;0.0;0.0;0.0;0.0;0.0;0.0;0.0;0.0;0.0;0.0;0.0;0.0;0.0;0.0;0.0;0.0;0.0;0.0;0.0;0.0;0.0;0.0;0.0;0.0;0.0;0.0;1.0;0.0;0.0;3.0;3.0;1.0;1.0;3.0;0.0;0;1;0;0;UMUARAMA;REGIÃO OESTE;19;29238.0;30992.0;20740.0;16017.0;19826.0;23004.0;21564.0;22128.0;17822.0;15076.0;14076.0;16980.0
16200.0;2018-06-30;6.0;13.0;19.0;23.0;555.0;30.0;3.0;6.0;20.0;399.0;30.0;0.0;30.0;711.0;45.0;79.0;4;4;4;4;5;5;4;0;0;0;0;0;0;1;0;0;0;0;0;0;0;0;0;0.0;0.0;0.0;1.0;0.0;0.0;0.0;0.0;0.0;0.0;0.0;0.0;0.0;0.0;0.0;0.0;0.0;0.0;0.0;0.0;0.0;0.0;0.0;0.0;0.0;0.0;0.0;0.0;0.0;0.0;0.0;0.0;1.0;0.0;0.0;3.0;3.0;1.0;1.0;3.0;0.0;0;0;0;0;UMUARAMA;REGIÃO OESTE;20;20898.0;29238.0;30992.0;20740.0;16017.0;19826.0;23004.0;21564.0;22128.0;17822.0;15076.0;14076.0
15839.0;2018-07-31;4.0;12.0;19.0;24.0;603.0;30.0;0.0;4.0;17.0;387.0;30.0;0.0;30.0;819.0;13.0;14.0;5;4;4;5;4;4;5;0;0;0;0;0;1;0;0;0;0;0;0;0;0;0;0;0.0;0.0;0.0;1.0;0.0;0.0;0.0;0.0;0.0;0.0;0.0;0.0;0.0;0.0;0.0;0.0;0.0;0.0;0.0;0.0;0.0;0.0;0.0;0.0;0.0;0.0;0.0;0.0;0.0;0.0;0.0;0.0;1.0;0.0;0.0;3.0;3.0;1.0;1.0;3.0;0.0;16;0;0;0;UMUARAMA;REGIÃO OESTE;21;16200.0;20898.0;29238.0;30992.0;20740.0;16017.0;19826.0;23004.0;21564.0;22128.0;17822.0;15076.0
16878.0;2018-08-31;4.0;12.0;18.0;24.0;547.0;32.0;14.0;4.0;16.0;361.0;32.0;0.0;32.0;732.0;105.0;419.0;4;5;5;4;5;4;4;0;1;0;0;0;0;0;0;0;0;0;0;0;0;0;0;0.0;0.0;0.0;1.0;0.0;0.0;0.0;0.0;0.0;0.0;0.0;0.0;0.0;0.0;0.0;0.0;0.0;0.0;0.0;0.0;0.0;0.0;0.0;0.0;0.0;0.0;0.0;0.0;0.0;0.0;0.0;0.0;1.0;0.0;0.0;3.0;2.0;1.0;1.0;3.0;0.0;0;0;0;0;UMUARAMA;REGIÃO OESTE;22;15839.0;16200.0;20898.0;29238.0;30992.0;20740.0;16017.0;19826.0;23004.0;21564.0;22128.0;17822.0
19332.0;2018-09-30;8.0;15.0;21.0;27.0;630.0;35.0;7.0;8.0;21.0;450.0;35.0;0.0;35.0;810.0;97.0;220.0;5;4;4;4;4;5;4;0;0;0;0;0;0;0;0;0;0;0;1;0;0;0;0;0.0;0.0;0.0;1.0;0.0;0.0;0.0;0.0;0.0;0.0;0.0;0.0;0.0;0.0;0.0;0.0;0.0;0.0;0.0;0.0;0.0;0.0;0.0;0.0;0.0;0.0;0.0;0.0;0.0;0.0;0.0;0.0;1.0;0.0;0.0;3.0;2.0;1.0;1.0;3.0;0.0;0;0;0;0;UMUARAMA;REGIÃO OESTE;23;16878.0;15839.0;16200.0;20898.0;29238.0;30992.0;20740.0;16017.0;19826.0;23004.0;21564.0;22128.0
20848.0;2018-10-31;14.0;18.0;22.0;25.0;692.0;32.0;10.0;14.0;20.0;537.0;32.0;0.0;32.0;847.0;38.0;309.0;4;5;4;5;4;4;5;0;0;0;0;0;0;0;0;0;0;1;0;0;0;0;0;0.0;0.0;0.0;1.0;0.0;0.0;0.0;0.0;0.0;0.0;0.0;0.0;0.0;0.0;0.0;0.0;0.0;0.0;0.0;0.0;0.0;0.0;0.0;0.0;0.0;0.0;0.0;0.0;0.0;0.0;0.0;0.0;1.0;0.0;0.0;3.0;2.0;1.0;1.0;3.0;0.0;0;0;0;0;UMUARAMA;REGIÃO OESTE;24;19332.0;16878.0;15839.0;16200.0;20898.0;29238.0;30992.0;20740.0;16017.0;19826.0;23004.0;21564.0
26400.0;2018-11-30;13.0;19.0;24.0;29.0;707.0;35.0;3.0;13.0;25.0;522.0;35.0;0.0;35.0;892.0;22.0;82.0;4;4;5;4;5;4;4;0;0;0;0;0;0;0;0;0;1;0;0;0;0;0;0;0.0;0.0;0.0;1.0;0.0;0.0;0.0;0.0;0.0;0.0;0.0;0.0;0.0;0.0;0.0;0.0;0.0;0.0;0.0;0.0;0.0;0.0;0.0;0.0;0.0;0.0;0.0;0.0;0.0;0.0;0.0;0.0;1.0;0.0;0.0;3.0;2.0;1.0;1.0;3.0;0.0;0;0;0;0;UMUARAMA;REGIÃO OESTE;25;20848.0;19332.0;16878.0;15839.0;16200.0;20898.0;29238.0;30992.0;20740.0;16017.0;19826.0;23004.0
23859.0;2018-12-31;14.0;21.0;26.0;29.0;796.0;35.0;3.0;14.0;24.0;620.0;35.0;0.0;35.0;971.0;18.0;80.0;5;4;4;5;4;5;4;0;0;1;0;0;0;0;0;0;0;0;0;0;0;0;0;0.0;0.0;0.0;1.0;0.0;0.0;0.0;0.0;0.0;0.0;0.0;0.0;0.0;0.0;0.0;0.0;0.0;0.0;0.0;0.0;0.0;0.0;0.0;0.0;0.0;0.0;0.0;0.0;0.0;0.0;0.0;0.0;1.0;0.0;0.0;3.0;2.0;1.0;1.0;3.0;0.0;0;0;0;0;UMUARAMA;REGIÃO OESTE;26;26400.0;20848.0;19332.0;16878.0;15839.0;16200.0;20898.0;29238.0;30992.0;20740.0;16017.0;19826.0
19316.0;2019-01-31;19.0;24.0;27.0;30.0;828.0;36.0;4.0;19.0;26.0;675.0;36.0;0.0;36.0;981.0;29.0;135.0;4;5;5;4;4;4;5;0;0;0;0;1;0;0;0;0;0;0;0;0;0;0;0;0.0;0.0;0.0;0.0;1.0;0.0;0.0;0.0;0.0;0.0;0.0;0.0;0.0;0.0;0.0;0.0;0.0;0.0;0.0;0.0;0.0;0.0;0.0;0.0;0.0;0.0;0.0;0.0;0.0;0.0;0.0;0.0;1.0;0.0;0.0;3.0;0.0;1.0;1.0;3.0;0.0;31;0;0;0;UMUARAMA;REGIÃO OESTE;27;23859.0;26400.0;20848.0;19332.0;16878.0;15839.0;16200.0;20898.0;29238.0;30992.0;20740.0;16017.0
22640.0;2019-02-28;16.0;21.0;25.0;30.0;702.0;36.0;7.0;16.0;24.0;556.0;36.0;0.0;36.0;848.0;71.0;203.0;4;4;4;4;4;4;4;0;0;0;1;0;0;0;0;0;0;0;0;0;0;0;0;0.0;0.0;0.0;0.0;1.0;0.0;0.0;0.0;0.0;0.0;0.0;0.0;0.0;0.0;0.0;0.0;0.0;0.0;0.0;0.0;0.0;0.0;0.0;0.0;0.0;0.0;0.0;0.0;0.0;0.0;0.0;0.0;1.0;0.0;0.0;3.0;0.0;1.0;1.0;4.0;0.0;0;0;0;0;UMUARAMA;REGIÃO OESTE;28;19316.0;23859.0;26400.0;20848.0;19332.0;16878.0;15839.0;16200.0;20898.0;29238.0;30992.0;20740.0
30881.0;2019-03-31;16.0;21.0;25.0;27.0;760.0;32.0;4.0;16.0;22.0;600.0;32.0;0.0;32.0;921.0;20.0;121.0;5;4;4;4;5;5;4;0;0;0;0;0;0;0;0;1;0;0;0;0;0;0;0;0.0;0.0;0.0;0.0;1.0;0.0;0.0;0.0;0.0;0.0;0.0;0.0;0.0;0.0;0.0;0.0;0.0;0.0;0.0;0.0;0.0;0.0;0.0;0.0;0.0;0.0;0.0;0.0;0.0;0.0;0.0;0.0;1.0;0.0;0.0;3.0;0.0;1.0;1.0;4.0;0.0;0;3;0;0;UMUARAMA;REGIÃO OESTE;29;22640.0;19316.0;23859.0;26400.0;20848.0;19332.0;16878.0;15839.0;16200.0;20898.0;29238.0;30992.0
29220.0;2019-04-30;14.0;21.0;23.0;26.0;701.0;31.0;1.0;14.0;22.0;548.0;31.0;0.0;31.0;854.0;6.0;29.0;4;4;4;5;4;4;5;1;0;0;0;0;0;0;0;0;0;0;0;0;0;0;0;0.0;0.0;0.0;0.0;1.0;0.0;0.0;0.0;0.0;0.0;0.0;0.0;0.0;0.0;0.0;0.0;0.0;0.0;0.0;0.0;0.0;0.0;0.0;0.0;0.0;0.0;0.0;0.0;0.0;0.0;0.0;0.0;1.0;0.0;0.0;3.0;0.0;1.0;1.0;4.0;0.0;0;1;0;0;UMUARAMA;REGIÃO OESTE;30;30881.0;22640.0;19316.0;23859.0;26400.0;20848.0;19332.0;16878.0;15839.0;16200.0;20898.0;29238.0
22518.0;2019-05-31;9.0;14.0;21.0;26.0;638.0;31.0;3.0;9.0;21.0;498.0;31.0;0.0;31.0;778.0;51.0;99.0;4;5;5;4;5;4;4;0;0;0;0;0;0;0;1;0;0;0;0;0;0;0;0;0.0;0.0;0.0;0.0;1.0;0.0;0.0;0.0;0.0;0.0;0.0;0.0;0.0;0.0;0.0;0.0;0.0;0.0;0.0;0.0;0.0;0.0;0.0;0.0;0.0;0.0;0.0;0.0;0.0;0.0;0.0;0.0;1.0;0.0;0.0;3.0;0.0;1.0;1.0;4.0;0.0;0;0;0;0;UMUARAMA;REGIÃO OESTE;31;29220.0;30881.0;22640.0;19316.0;23859.0;26400.0;20848.0;19332.0;16878.0;15839.0;16200.0;20898.0
14850.0;2019-06-30;7.0;13.0;19.0;23.0;581.0;29.0;3.0;7.0;18.0;410.0;29.0;0.0;29.0;753.0;61.0;79.0;5;4;4;4;4;5;4;0;0;0;0;0;0;1;0;0;0;0;0;0;0;0;0;0.0;0.0;0.0;0.0;1.0;0.0;0.0;0.0;0.0;0.0;0.0;0.0;0.0;0.0;0.0;0.0;0.0;0.0;0.0;0.0;0.0;0.0;0.0;0.0;0.0;0.0;0.0;0.0;0.0;0.0;0.0;0.0;1.0;0.0;0.0;3.0;0.0;1.0;1.0;4.0;0.0;0;1;0;0;UMUARAMA;REGIÃO OESTE;32;22518.0;29220.0;30881.0;22640.0;19316.0;23859.0;26400.0;20848.0;19332.0;16878.0;15839.0;16200.0
13299.0;2019-07-31;-0.0;8.0;18.0;23.0;552.0;30.0;2.0;-0.0;17.0;360.0;30.0;0.0;30.0;744.0;26.0;50.0;4;5;4;5;4;4;5;0;0;0;0;0;1;0;0;0;0;0;0;0;0;0;0;0.0;0.0;0.0;0.0;1.0;0.0;0.0;0.0;0.0;0.0;0.0;0.0;0.0;0.0;0.0;0.0;0.0;0.0;0.0;0.0;0.0;0.0;0.0;0.0;0.0;0.0;0.0;0.0;0.0;0.0;0.0;0.0;1.0;0.0;0.0;3.0;0.0;1.0;1.0;4.0;0.0;16;0;0;0;UMUARAMA;REGIÃO OESTE;33;14850.0;22518.0;29220.0;30881.0;22640.0;19316.0;23859.0;26400.0;20848.0;19332.0;16878.0;15839.0
16016.0;2019-08-31;5.0;12.0;19.0;24.0;600.0;32.0;0.0;5.0;18.0;386.0;32.0;0.0;32.0;815.0;2.0;4.0;4;4;5;4;5;5;4;0;1;0;0;0;0;0;0;0;0;0;0;0;0;0;0;0.0;0.0;0.0;0.0;1.0;0.0;0.0;0.0;0.0;0.0;0.0;0.0;0.0;0.0;0.0;0.0;0.0;0.0;0.0;0.0;0.0;0.0;0.0;0.0;0.0;0.0;0.0;0.0;0.0;0.0;0.0;0.0;1.0;0.0;0.0;3.0;0.0;1.0;1.0;4.0;0.0;0;0;0;0;UMUARAMA;REGIÃO OESTE;34;13299.0;14850.0;22518.0;29220.0;30881.0;22640.0;19316.0;23859.0;26400.0;20848.0;19332.0;16878.0
20832.0;2019-09-30;12.0;17.0;23.0;29.0;687.0;36.0;3.0;12.0;22.0;503.0;36.0;0.0;36.0;871.0;44.0;89.0;5;4;4;5;4;4;4;0;0;0;0;0;0;0;0;0;0;0;1;0;0;0;0;0.0;0.0;0.0;0.0;1.0;0.0;0.0;0.0;0.0;0.0;0.0;0.0;0.0;0.0;0.0;0.0;0.0;0.0;0.0;0.0;0.0;0.0;0.0;0.0;0.0;0.0;0.0;0.0;0.0;0.0;0.0;0.0;1.0;0.0;0.0;3.0;0.0;1.0;1.0;4.0;0.0;0;0;0;0;UMUARAMA;REGIÃO OESTE;35;16016.0;13299.0;14850.0;22518.0;29220.0;30881.0;22640.0;19316.0;23859.0;26400.0;20848.0;19332.0
27647.0;2019-10-31;14.0;19.0;25.0;30.0;782.0;38.0;4.0;14.0;23.0;574.0;38.0;0.0;38.0;990.0;25.0;114.0;4;5;5;4;4;4;5;0;0;0;0;0;0;0;0;0;0;1;0;0;0;0;0;0.0;0.0;0.0;0.0;1.0;0.0;0.0;0.0;0.0;0.0;0.0;0.0;0.0;0.0;0.0;0.0;0.0;0.0;0.0;0.0;0.0;0.0;0.0;0.0;0.0;0.0;0.0;0.0;0.0;0.0;0.0;0.0;1.0;0.0;0.0;3.0;0.0;1.0;1.0;4.0;0.0;0;0;0;0;UMUARAMA;REGIÃO OESTE;36;20832.0;16016.0;13299.0;14850.0;22518.0;29220.0;30881.0;22640.0;19316.0;23859.0;26400.0;20848.0
30444.0;2019-11-30;14.0;22.0;25.0;30.0;743.0;37.0;3.0;14.0;24.0;550.0;37.0;0.0;37.0;937.0;24.0;97.0;4;4;4;4;5;5;4;0;0;0;0;0;0;0;0;0;1;0;0;0;0;0;0;0.0;0.0;0.0;0.0;1.0;0.0;0.0;0.0;0.0;0.0;0.0;0.0;0.0;0.0;0.0;0.0;0.0;0.0;0.0;0.0;0.0;0.0;0.0;0.0;0.0;0.0;0.0;0.0;0.0;0.0;0.0;0.0;1.0;0.0;0.0;3.0;0.0;1.0;1.0;4.0;0.0;0;0;0;0;UMUARAMA;REGIÃO OESTE;37;27647.0;20832.0;16016.0;13299.0;14850.0;22518.0;29220.0;30881.0;22640.0;19316.0;23859.0;26400.0
20670.0;2019-12-31;16.0;20.0;24.0;28.0;741.0;34.0;10.0;16.0;22.0;587.0;34.0;0.0;34.0;896.0;51.0;308.0;5;4;4;5;4;4;5;0;0;1;0;0;0;0;0;0;0;0;0;0;0;0;0;0.0;0.0;0.0;0.0;1.0;0.0;0.0;0.0;0.0;0.0;0.0;0.0;0.0;0.0;0.0;0.0;0.0;0.0;0.0;0.0;0.0;0.0;0.0;0.0;0.0;0.0;0.0;0.0;0.0;0.0;0.0;0.0;1.0;0.0;0.0;3.0;0.0;1.0;1.0;4.0;0.0;0;0;0;0;UMUARAMA;REGIÃO OESTE;38;30444.0;27647.0;20832.0;16016.0;13299.0;14850.0;22518.0;29220.0;30881.0;22640.0;19316.0;23859.0
16474.0;2020-01-31;17.0;20.0;25.0;28.0;768.0;33.0;5.0;17.0;23.0;632.0;33.0;0.0;33.0;904.0;47.0;152.0;4;5;5;4;5;4;4;0;0;0;0;1;0;0;0;0;0;0;0;0;0;0;0;0.0;0.0;0.0;0.0;0.0;1.0;0.0;0.0;0.0;0.0;0.0;0.0;0.0;0.0;0.0;0.0;0.0;0.0;0.0;0.0;0.0;0.0;0.0;0.0;0.0;0.0;0.0;0.0;0.0;0.0;0.0;0.0;1.0;0.0;0.0;3.0;0.0;1.0;1.0;4.0;0.0;31;0;0;0;UMUARAMA;REGIÃO OESTE;39;20670.0;30444.0;27647.0;20832.0;16016.0;13299.0;14850.0;22518.0;29220.0;30881.0;22640.0;19316.0
24261.0;2020-02-29;15.0;22.0;24.0;28.0;705.0;34.0;3.0;15.0;22.0;565.0;34.0;0.0;34.0;845.0;24.0;83.0;4;4;4;4;4;5;4;0;0;0;1;0;0;0;0;0;0;0;0;0;0;0;0;0.0;0.0;0.0;0.0;0.0;1.0;0.0;0.0;0.0;0.0;0.0;0.0;0.0;0.0;0.0;0.0;0.0;0.0;0.0;0.0;0.0;0.0;0.0;0.0;0.0;0.0;0.0;0.0;0.0;0.0;0.0;0.0;1.0;0.0;0.0;3.0;0.0;1.0;1.0;4.0;0.0;0;3;0;0;UMUARAMA;REGIÃO OESTE;40;16474.0;20670.0;30444.0;27647.0;20832.0;16016.0;13299.0;14850.0;22518.0;29220.0;30881.0;22640.0
21066.0;2020-03-31;15.0;22.0;24.0;28.0;743.0;35.0;2.0;15.0;22.0;554.0;35.0;0.0;35.0;931.0;23.0;62.0;5;4;4;5;4;4;5;0;0;0;0;0;0;0;0;1;0;0;0;0;0;0;0;0.0;0.0;0.0;0.0;0.0;1.0;0.0;0.0;0.0;0.0;0.0;0.0;0.0;0.0;0.0;0.0;0.0;0.0;0.0;0.0;0.0;0.0;0.0;0.0;0.0;0.0;0.0;0.0;0.0;0.0;0.0;0.0;1.0;0.0;0.0;3.0;0.0;1.0;1.0;4.0;0.0;0;0;15;0;UMUARAMA;REGIÃO OESTE;41;24261.0;16474.0;20670.0;30444.0;27647.0;20832.0;16016.0;13299.0;14850.0;22518.0;29220.0;30881.0
10980.0;2020-04-30;10.0;17.0;22.0;26.0;657.0;32.0;2.0;10.0;21.0;472.0;32.0;0.0;32.0;842.0;25.0;50.0;4;5;5;4;4;4;4;1;0;0;0;0;0;0;0;0;0;0;0;0;0;0;0;0.0;0.0;0.0;0.0;0.0;1.0;0.0;0.0;0.0;0.0;0.0;0.0;0.0;0.0;0.0;0.0;0.0;0.0;0.0;0.0;0.0;0.0;0.0;0.0;0.0;0.0;0.0;0.0;0.0;0.0;0.0;0.0;1.0;0.0;0.0;3.0;0.0;1.0;1.0;4.0;0.0;0;1;30;0;UMUARAMA;REGIÃO OESTE;42;21066.0;24261.0;16474.0;20670.0;30444.0;27647.0;20832.0;16016.0;13299.0;14850.0;22518.0;29220.0
8658.0;2020-05-31;7.0;13.0;19.0;25.0;586.0;31.0;2.0;7.0;19.0;401.0;31.0;0.0;31.0;771.0;57.0;70.0;5;4;4;4;5;5;4;0;0;0;0;0;0;0;1;0;0;0;0;0;0;0;0;0.0;0.0;0.0;0.0;0.0;1.0;0.0;0.0;0.0;0.0;0.0;0.0;0.0;0.0;0.0;0.0;0.0;0.0;0.0;0.0;0.0;0.0;0.0;0.0;0.0;0.0;0.0;0.0;0.0;0.0;0.0;0.0;1.0;0.0;0.0;3.0;0.0;1.0;1.0;4.0;0.0;0;0;31;0;UMUARAMA;REGIÃO OESTE;43;10980.0;21066.0;24261.0;16474.0;20670.0;30444.0;27647.0;20832.0;16016.0;13299.0;14850.0;22518.0
7848.0;2020-06-30;10.0;15.0;19.0;23.0;574.0;29.0;6.0;10.0;19.0;431.0;29.0;0.0;29.0;716.0;84.0;168.0;4;4;4;5;4;4;5;0;0;0;0;0;0;1;0;0;0;0;0;0;0;0;0;0.0;0.0;0.0;0.0;0.0;1.0;0.0;0.0;0.0;0.0;0.0;0.0;0.0;0.0;0.0;0.0;0.0;0.0;0.0;0.0;0.0;0.0;0.0;0.0;0.0;0.0;0.0;0.0;0.0;0.0;0.0;0.0;1.0;0.0;0.0;3.0;0.0;1.0;1.0;4.0;0.0;0;1;30;0;UMUARAMA;REGIÃO OESTE;44;8658.0;10980.0;21066.0;24261.0;16474.0;20670.0;30444.0;27647.0;20832.0;16016.0;13299.0;14850.0
8202.0;2020-07-31;5.0;11.0;18.0;22.0;559.0;29.0;1.0;5.0;17.0;379.0;29.0;0.0;29.0;739.0;13.0;17.0;4;5;5;4;5;4;4;0;0;0;0;0;1;0;0;0;0;0;0;0;0;0;0;0.0;0.0;0.0;0.0;0.0;1.0;0.0;0.0;0.0;0.0;0.0;0.0;0.0;0.0;0.0;0.0;0.0;0.0;0.0;0.0;0.0;0.0;0.0;0.0;0.0;0.0;0.0;0.0;0.0;0.0;0.0;0.0;1.0;0.0;0.0;3.0;0.0;1.0;1.0;4.0;0.0;0;0;31;0;UMUARAMA;REGIÃO OESTE;45;7848.0;8658.0;10980.0;21066.0;24261.0;16474.0;20670.0;30444.0;27647.0;20832.0;16016.0;13299.0
8122.0;2020-08-31;4.0;11.0;18.0;24.0;572.0;34.0;6.0;4.0;17.0;384.0;34.0;0.0;34.0;760.0;48.0;183.0;5;4;4;5;4;5;4;0;1;0;0;0;0;0;0;0;0;0;0;0;0;0;0;0.0;0.0;0.0;0.0;0.0;1.0;0.0;0.0;0.0;0.0;0.0;0.0;0.0;0.0;0.0;0.0;0.0;0.0;0.0;0.0;0.0;0.0;0.0;0.0;0.0;0.0;0.0;0.0;0.0;0.0;0.0;0.0;1.0;0.0;0.0;3.0;0.0;1.0;1.0;4.0;0.0;0;0;31;0;UMUARAMA;REGIÃO OESTE;46;8202.0;7848.0;8658.0;10980.0;21066.0;24261.0;16474.0;20670.0;30444.0;27647.0;20832.0;16016.0
9750.0;2020-09-30;12.0;17.0;24.0;28.0;722.0;37.0;1.0;12.0;20.0;512.0;37.0;0.0;37.0;931.0;23.0;39.0;4;5;4;4;4;4;5;0;0;0;0;0;0;0;0;0;0;0;1;0;0;0;0;0.0;0.0;0.0;0.0;0.0;1.0;0.0;0.0;0.0;0.0;0.0;0.0;0.0;0.0;0.0;0.0;0.0;0.0;0.0;0.0;0.0;0.0;0.0;0.0;0.0;0.0;0.0;0.0;0.0;0.0;0.0;0.0;1.0;0.0;0.0;3.0;0.0;1.0;1.0;4.0;0.0;0;0;30;0;UMUARAMA;REGIÃO OESTE;47;8122.0;8202.0;7848.0;8658.0;10980.0;21066.0;24261.0;16474.0;20670.0;30444.0;27647.0;20832.0
10943.0;2020-10-31;12.0;19.0;24.0;31.0;749.0;39.0;1.0;12.0;23.0;544.0;39.0;0.0;39.0;953.0;8.0;30.0;4;4;5;4;5;5;4;0;0;0;0;0;0;0;0;0;0;1;0;0;0;0;0;0.0;0.0;0.0;0.0;0.0;1.0;0.0;0.0;0.0;0.0;0.0;0.0;0.0;0.0;0.0;0.0;0.0;0.0;0.0;0.0;0.0;0.0;0.0;0.0;0.0;0.0;0.0;0.0;0.0;0.0;0.0;0.0;1.0;0.0;0.0;3.0;0.0;1.0;1.0;4.0;0.0;0;0;31;0;UMUARAMA;REGIÃO OESTE;48;9750.0;8122.0;8202.0;7848.0;8658.0;10980.0;21066.0;24261.0;16474.0;20670.0;30444.0;27647.0
9270.0;2020-11-30;11.0;19.0;24.0;28.0;720.0;36.0;2.0;11.0;22.0;505.0;36.0;0.0;36.0;935.0;17.0;67.0;5;4;4;5;4;4;4;0;0;0;0;0;0;0;0;0;1;0;0;0;0;0;0;0.0;0.0;0.0;0.0;0.0;1.0;0.0;0.0;0.0;0.0;0.0;0.0;0.0;0.0;0.0;0.0;0.0;0.0;0.0;0.0;0.0;0.0;0.0;0.0;0.0;0.0;0.0;0.0;0.0;0.0;0.0;0.0;1.0;0.0;0.0;3.0;0.0;1.0;1.0;4.0;0.0;0;0;30;0;UMUARAMA;REGIÃO OESTE;49;10943.0;9750.0;8122.0;8202.0;7848.0;8658.0;10980.0;21066.0;24261.0;16474.0;20670.0;30444.0
10633.0;2020-12-31;16.0;21.0;24.0;26.0;754.0;33.0;7.0;16.0;21.0;593.0;33.0;0.0;33.0;914.0;50.0;215.0;4;5;5;4;4;4;5;0;0;1;0;0;0;0;0;0;0;0;0;0;0;0;0;0.0;0.0;0.0;0.0;0.0;1.0;0.0;0.0;0.0;0.0;0.0;0.0;0.0;0.0;0.0;0.0;0.0;0.0;0.0;0.0;0.0;0.0;0.0;0.0;0.0;0.0;0.0;0.0;0.0;0.0;0.0;0.0;1.0;0.0;0.0;3.0;0.0;1.0;1.0;4.0;0.0;0;0;31;0;UMUARAMA;REGIÃO OESTE;50;9270.0;10943.0;9750.0;8122.0;8202.0;7848.0;8658.0;10980.0;21066.0;24261.0;16474.0;20670.0
10788.0;2021-01-31;17.0;22.0;24.0;28.0;755.0;33.0;7.0;17.0;22.0;629.0;33.0;0.0;33.0;881.0;53.0;227.0;5;4;4;4;5;5;4;0;0;0;0;1;0;0;0;0;0;0;0;1;0;0;0;0.0;0.0;0.0;0.0;0.0;0.0;0.0;0.0;0.0;0.0;0.0;0.0;0.0;0.0;0.0;0.0;0.0;0.0;0.0;0.0;0.0;0.0;0.0;0.0;0.0;0.0;0.0;0.0;0.0;0.0;0.0;0.0;1.0;0.0;0.0;3.0;0.0;1.0;1.0;4.0;0.0;0;0;31;0;UMUARAMA;REGIÃO OESTE;51;10633.0;9270.0;10943.0;9750.0;8122.0;8202.0;7848.0;8658.0;10980.0;21066.0;24261.0;16474.0
9324.0;2021-02-28;17.0;22.0;24.0;27.0;681.0;33.0;4.0;17.0;22.0;527.0;33.0;0.0;33.0;835.0;70.0;113.0;4;4;4;4;4;4;4;0;0;0;1;0;0;0;0;0;0;0;0;1;0;0;0;0.0;0.0;0.0;0.0;0.0;0.0;0.0;0.0;0.0;0.0;0.0;0.0;0.0;0.0;0.0;0.0;0.0;0.0;0.0;0.0;0.0;0.0;0.0;0.0;0.0;0.0;0.0;0.0;0.0;0.0;0.0;0.0;1.0;0.0;0.0;3.0;0.0;1.0;1.0;4.0;0.0;0;3;28;0;UMUARAMA;REGIÃO OESTE;52;10788.0;10633.0;9270.0;10943.0;9750.0;8122.0;8202.0;7848.0;8658.0;10980.0;21066.0;24261.0
9858.0;2021-03-31;15.0;21.0;25.0;28.0;776.0;34.0;5.0;15.0;22.0;610.0;34.0;0.0;34.0;943.0;31.0;153.0;4;5;4;5;4;4;5;0;0;0;0;0;0;0;0;1;0;0;0;1;0;0;0;0.0;0.0;0.0;0.0;0.0;0.0;0.0;0.0;0.0;0.0;0.0;0.0;0.0;0.0;0.0;0.0;0.0;0.0;0.0;0.0;0.0;0.0;0.0;0.0;0.0;0.0;0.0;0.0;0.0;0.0;0.0;0.0;1.0;0.0;0.0;3.0;0.0;1.0;1.0;4.0;0.0;0;0;31;0;UMUARAMA;REGIÃO OESTE;53;9324.0;10788.0;10633.0;9270.0;10943.0;9750.0;8122.0;8202.0;7848.0;8658.0;10980.0;21066.0
9840.0;2021-04-30;13.0;19.0;22.0;26.0;656.0;32.0;0.0;13.0;21.0;476.0;32.0;0.0;32.0;836.0;2.0;6.0;4;4;5;4;5;4;4;1;0;0;0;0;0;0;0;0;0;0;0;1;0;0;0;0.0;0.0;0.0;0.0;0.0;0.0;0.0;0.0;0.0;0.0;0.0;0.0;0.0;0.0;0.0;0.0;0.0;0.0;0.0;0.0;0.0;0.0;0.0;0.0;0.0;0.0;0.0;0.0;0.0;0.0;0.0;0.0;1.0;0.0;0.0;3.0;0.0;1.0;1.0;4.0;0.0;0;1;30;0;UMUARAMA;REGIÃO OESTE;54;9858.0;9324.0;10788.0;10633.0;9270.0;10943.0;9750.0;8122.0;8202.0;7848.0;8658.0;10980.0
10385.0;2021-05-31;7.0;15.0;20.0;24.0;610.0;30.0;4.0;7.0;20.0;431.0;30.0;0.0;30.0;789.0;61.0;133.0;5;4;4;5;4;5;4;0;0;0;0;0;0;0;1;0;0;0;0;1;0;0;0;0.0;0.0;0.0;0.0;0.0;0.0;0.0;0.0;0.0;0.0;0.0;0.0;0.0;0.0;0.0;0.0;0.0;0.0;0.0;0.0;0.0;0.0;0.0;0.0;0.0;0.0;0.0;0.0;0.0;0.0;0.0;0.0;1.0;0.0;0.0;3.0;0.0;1.0;1.0;4.0;0.0;0;0;31;0;UMUARAMA;REGIÃO OESTE;55;9840.0;9858.0;9324.0;10788.0;10633.0;9270.0;10943.0;9750.0;8122.0;8202.0;7848.0;8658.0
9300.0;2021-06-30;2.0;6.0;17.0;22.0;516.0;28.0;3.0;2.0;16.0;380.0;28.0;0.0;28.0;652.0;28.0;76.0;4;5;4;4;4;4;5;0;0;0;0;0;0;1;0;0;0;0;0;1;0;0;0;0.0;0.0;0.0;0.0;0.0;0.0;0.0;0.0;0.0;0.0;0.0;0.0;0.0;0.0;0.0;0.0;0.0;0.0;0.0;0.0;0.0;0.0;0.0;0.0;0.0;0.0;0.0;0.0;0.0;0.0;0.0;0.0;1.0;0.0;0.0;3.0;0.0;1.0;1.0;4.0;0.0;0;1;30;0;UMUARAMA;REGIÃO OESTE;56;10385.0;9840.0;9858.0;9324.0;10788.0;10633.0;9270.0;10943.0;9750.0;8122.0;8202.0;7848.0
9300.0;2021-07-31;1.0;7.0;16.0;21.0;499.0;29.0;2.0;1.0;16.0;287.0;29.0;0.0;29.0;710.0;27.0;49.0;4;4;5;4;5;5;4;0;0;0;0;0;1;0;0;0;0;0;0;1;0;0;0;0.0;0.0;0.0;0.0;0.0;0.0;0.0;0.0;0.0;0.0;0.0;0.0;0.0;0.0;0.0;0.0;0.0;0.0;0.0;0.0;0.0;0.0;0.0;0.0;0.0;0.0;0.0;0.0;0.0;0.0;0.0;0.0;1.0;0.0;0.0;3.0;0.0;1.0;1.0;4.0;0.0;0;0;31;0;UMUARAMA;REGIÃO OESTE;57;9300.0;10385.0;9840.0;9858.0;9324.0;10788.0;10633.0;9270.0;10943.0;9750.0;8122.0;8202.0
10199.0;2021-08-31;8.0;15.0;21.0;27.0;646.0;35.0;3.0;8.0;19.0;444.0;35.0;0.0;35.0;849.0;83.0;102.0;5;4;4;5;4;4;5;0;1;0;0;0;0;0;0;0;0;0;0;1;0;0;0;0.0;0.0;0.0;0.0;0.0;0.0;0.0;0.0;0.0;0.0;0.0;0.0;0.0;0.0;0.0;0.0;0.0;0.0;0.0;0.0;0.0;0.0;0.0;0.0;0.0;0.0;0.0;0.0;0.0;0.0;0.0;0.0;1.0;0.0;0.0;3.0;0.0;1.0;1.0;4.0;0.0;0;0;31;0;UMUARAMA;REGIÃO OESTE;58;9300.0;9300.0;10385.0;9840.0;9858.0;9324.0;10788.0;10633.0;9270.0;10943.0;9750.0;8122.0
11850.0;2021-09-30;11.0;19.0;24.0;30.0;729.0;37.0;4.0;11.0;24.0;524.0;37.0;0.0;37.0;934.0;44.0;105.0;4;5;5;4;4;4;4;0;0;0;0;0;0;0;0;0;0;0;1;1;0;0;0;0.0;0.0;0.0;0.0;0.0;0.0;0.0;0.0;0.0;0.0;0.0;0.0;0.0;0.0;0.0;0.0;0.0;0.0;0.0;0.0;0.0;0.0;0.0;0.0;0.0;0.0;0.0;0.0;0.0;0.0;0.0;0.0;1.0;0.0;0.0;3.0;0.0;1.0;1.0;4.0;0.0;0;0;30;0;UMUARAMA;REGIÃO OESTE;59;10199.0;9300.0;9300.0;10385.0;9840.0;9858.0;9324.0;10788.0;10633.0;9270.0;10943.0;9750.0
11532.0;2021-10-31;11.0;17.0;21.0;26.0;647.0;32.0;14.0;11.0;20.0;497.0;32.0;0.0;32.0;797.0;103.0;447.0;5;4;4;4;5;5;4;0;0;0;0;0;0;0;0;0;0;1;0;1;0;0;0;0.0;0.0;0.0;0.0;0.0;0.0;0.0;0.0;0.0;0.0;0.0;0.0;0.0;0.0;0.0;0.0;0.0;0.0;0.0;0.0;0.0;0.0;0.0;0.0;0.0;0.0;0.0;0.0;0.0;0.0;0.0;0.0;1.0;0.0;0.0;3.0;0.0;1.0;1.0;4.0;0.0;0;0;0;0;UMUARAMA;REGIÃO OESTE;60;11850.0;10199.0;9300.0;9300.0;10385.0;9840.0;9858.0;9324.0;10788.0;10633.0;9270.0;10943.0
22290.0;2021-11-30;13.0;20.0;24.0;27.0;731.0;34.0;2.0;13.0;22.0;534.0;34.0;0.0;34.0;927.0;18.0;47.0;4;4;4;5;4;4;5;0;0;0;0;0;0;0;0;0;1;0;0;1;0;0;0;0.0;0.0;0.0;0.0;0.0;0.0;0.0;0.0;0.0;0.0;0.0;0.0;0.0;0.0;0.0;0.0;0.0;0.0;0.0;0.0;0.0;0.0;0.0;0.0;0.0;0.0;0.0;0.0;0.0;0.0;0.0;0.0;1.0;0.0;0.0;3.0;0.0;1.0;1.0;4.0;0.0;0;0;0;0;UMUARAMA;REGIÃO OESTE;61;11532.0;11850.0;10199.0;9300.0;9300.0;10385.0;9840.0;9858.0;9324.0;10788.0;10633.0;9270.0
27373.0;2021-12-31;14.0;21.0;25.0;29.0;777.0;37.0;3.0;14.0;22.0;573.0;37.0;0.0;37.0;980.0;66.0;102.0;4;5;5;4;5;4;4;0;0;1;0;0;0;0;0;0;0;0;0;1;0;0;0;0.0;0.0;0.0;0.0;0.0;0.0;0.0;0.0;0.0;0.0;0.0;0.0;0.0;0.0;0.0;0.0;0.0;0.0;0.0;0.0;0.0;0.0;0.0;0.0;0.0;0.0;0.0;0.0;0.0;0.0;0.0;0.0;1.0;0.0;0.0;3.0;0.0;1.0;1.0;4.0;0.0;0;0;0;0;UMUARAMA;REGIÃO OESTE;62;22290.0;11532.0;11850.0;10199.0;9300.0;9300.0;10385.0;9840.0;9858.0;9324.0;10788.0;10633.0
26939.0;2022-01-31;17.0;21.0;25.0;29.0;771.0;35.0;6.0;17.0;23.0;614.0;35.0;0.0;35.0;929.0;39.0;181.0;5;4;4;5;4;5;4;0;0;0;0;1;0;0;0;0;0;0;0;0;1;0;0;0.0;0.0;0.0;0.0;0.0;0.0;0.0;0.0;0.0;0.0;0.0;0.0;0.0;0.0;0.0;0.0;0.0;0.0;0.0;0.0;0.0;0.0;0.0;0.0;0.0;0.0;0.0;0.0;0.0;0.0;0.0;0.0;1.0;0.0;0.0;3.0;0.0;1.0;1.0;4.0;0.0;31;0;0;0;UMUARAMA;REGIÃO OESTE;63;27373.0;22290.0;11532.0;11850.0;10199.0;9300.0;9300.0;10385.0;9840.0;9858.0;9324.0;10788.0
23856.0;2022-02-28;17.0;24.0;26.0;30.0;726.0;37.0;5.0;17.0;23.0;553.0;37.0;0.0;37.0;898.0;28.0;132.0;4;4;4;4;4;4;4;0;0;0;1;0;0;0;0;0;0;0;0;0;1;0;0;0.0;0.0;0.0;0.0;0.0;0.0;0.0;0.0;0.0;0.0;0.0;0.0;0.0;0.0;0.0;0.0;0.0;0.0;0.0;0.0;0.0;0.0;0.0;0.0;0.0;0.0;0.0;0.0;0.0;0.0;0.0;0.0;1.0;0.0;0.0;3.0;0.0;1.0;1.0;4.0;0.0;0;1;0;0;UMUARAMA;REGIÃO OESTE;64;26939.0;27373.0;22290.0;11532.0;11850.0;10199.0;9300.0;9300.0;10385.0;9840.0;9858.0;9324.0
31062.0;2022-03-31;17.0;21.0;25.0;29.0;781.0;35.0;12.0;17.0;23.0;621.0;35.0;0.0;35.0;941.0;68.0;357.0;4;5;5;4;4;4;5;0;0;0;0;0;0;0;0;1;0;0;0;0;1;0;0;0.0;0.0;0.0;0.0;0.0;0.0;0.0;0.0;0.0;0.0;0.0;0.0;0.0;0.0;0.0;0.0;0.0;0.0;0.0;0.0;0.0;0.0;0.0;0.0;0.0;0.0;0.0;0.0;0.0;0.0;0.0;0.0;1.0;0.0;0.0;3.0;0.0;1.0;1.0;4.0;0.0;0;1;0;0;UMUARAMA;REGIÃO OESTE;65;23856.0;26939.0;27373.0;22290.0;11532.0;11850.0;10199.0;9300.0;9300.0;10385.0;9840.0;9858.0
23070.0;2022-04-30;12.0;17.0;22.0;26.0;668.0;31.0;4.0;12.0;20.0;510.0;31.0;0.0;31.0;826.0;41.0;132.0;4;4;4;4;5;5;4;1;0;0;0;0;0;0;0;0;0;0;0;0;1;0;0;0.0;0.0;0.0;0.0;0.0;0.0;0.0;0.0;0.0;0.0;0.0;0.0;0.0;0.0;0.0;0.0;0.0;0.0;0.0;0.0;0.0;0.0;0.0;0.0;0.0;0.0;0.0;0.0;0.0;0.0;0.0;0.0;1.0;0.0;0.0;3.0;0.0;1.0;1.0;4.0;0.0;0;1;0;0;UMUARAMA;REGIÃO OESTE;66;31062.0;23856.0;26939.0;27373.0;22290.0;11532.0;11850.0;10199.0;9300.0;9300.0;10385.0;9840.0
18910.0;2022-05-31;5.0;9.0;18.0;24.0;550.0;30.0;2.0;5.0;19.0;381.0;30.0;0.0;30.0;719.0;27.0;67.0;5;4;4;5;4;4;5;0;0;0;0;0;0;0;1;0;0;0;0;0;1;0;0;0.0;0.0;0.0;0.0;0.0;0.0;0.0;0.0;0.0;0.0;0.0;0.0;0.0;0.0;0.0;0.0;0.0;0.0;0.0;0.0;0.0;0.0;0.0;0.0;0.0;0.0;0.0;0.0;0.0;0.0;0.0;0.0;1.0;0.0;0.0;3.0;0.0;1.0;1.0;4.0;0.0;0;0;0;0;UMUARAMA;REGIÃO OESTE;67;23070.0;31062.0;23856.0;26939.0;27373.0;22290.0;11532.0;11850.0;10199.0;9300.0;9300.0;10385.0
17100.0;2022-06-30;5.0;12.0;18.0;22.0;530.0;28.0;2.0;5.0;16.0;364.0;28.0;0.0;28.0;696.0;16.0;57.0;4;5;5;4;4;4;4;0;0;0;0;0;0;1;0;0;0;0;0;0;1;0;0;0.0;0.0;0.0;0.0;0.0;0.0;0.0;0.0;0.0;0.0;0.0;0.0;0.0;0.0;0.0;0.0;0.0;0.0;0.0;0.0;0.0;0.0;0.0;0.0;0.0;0.0;0.0;0.0;0.0;0.0;0.0;0.0;1.0;0.0;0.0;3.0;0.0;1.0;1.0;4.0;0.0;0;1;0;0;UMUARAMA;REGIÃO OESTE;68;18910.0;23070.0;31062.0;23856.0;26939.0;27373.0;22290.0;11532.0;11850.0;10199.0;9300.0;9300.0
14725.0;2022-07-31;6.0;14.0;20.0;23.0;618.0;30.0;0.0;6.0;17.0;416.0;30.0;0.0;30.0;820.0;7.0;12.0;5;4;4;4;5;5;4;0;0;0;0;0;1;0;0;0;0;0;0;0;1;0;0;0.0;0.0;0.0;0.0;0.0;0.0;0.0;0.0;0.0;0.0;0.0;0.0;0.0;0.0;0.0;0.0;0.0;0.0;0.0;0.0;0.0;0.0;0.0;0.0;0.0;0.0;0.0;0.0;0.0;0.0;0.0;0.0;1.0;0.0;0.0;3.0;0.0;1.0;1.0;4.0;0.0;0;0;0;0;UMUARAMA;REGIÃO OESTE;69;17100.0;18910.0;23070.0;31062.0;23856.0;26939.0;27373.0;22290.0;11532.0;11850.0;10199.0;9300.0
19003.0;2022-08-31;4.0;12.0;18.0;24.0;563.0;32.0;7.0;4.0;18.0;368.0;32.0;0.0;32.0;759.0;64.0;215.0;4;5;4;5;4;4;5;0;1;0;0;0;0;0;0;0;0;0;0;0;1;0;0;0.0;0.0;0.0;0.0;0.0;0.0;0.0;0.0;0.0;0.0;0.0;0.0;0.0;0.0;0.0;0.0;0.0;0.0;0.0;0.0;0.0;0.0;0.0;0.0;0.0;0.0;0.0;0.0;0.0;0.0;0.0;0.0;1.0;0.0;0.0;3.0;0.0;1.0;1.0;4.0;0.0;0;0;0;0;UMUARAMA;REGIÃO OESTE;70;14725.0;17100.0;18910.0;23070.0;31062.0;23856.0;26939.0;27373.0;22290.0;11532.0;11850.0;10199.0
18390.0;2022-09-30;6.0;14.0;18.0;26.0;542.0;34.0;5.0;6.0;20.0;387.0;34.0;0.0;34.0;696.0;40.0;163.0;4;4;5;4;5;4;4;0;0;0;0;0;0;0;0;0;0;0;1;0;1;0;0;0.0;0.0;0.0;0.0;0.0;0.0;0.0;0.0;0.0;0.0;0.0;0.0;0.0;0.0;0.0;0.0;0.0;0.0;0.0;0.0;0.0;0.0;0.0;0.0;0.0;0.0;0.0;0.0;0.0;0.0;0.0;0.0;1.0;0.0;0.0;3.0;0.0;1.0;1.0;4.0;0.0;0;0;0;0;UMUARAMA;REGIÃO OESTE;71;19003.0;14725.0;17100.0;18910.0;23070.0;31062.0;23856.0;26939.0;27373.0;22290.0;11532.0;11850.0
20832.0;2022-10-31;-8.0;10.0;21.0;26.0;663.0;33.0;10.0;-8.0;20.0;473.0;33.0;0.0;33.0;852.0;79.0;314.0;5;4;4;5;4;5;4;0;0;0;0;0;0;0;0;0;0;1;0;0;1;0;0;0.0;0.0;0.0;0.0;0.0;0.0;0.0;0.0;0.0;0.0;0.0;0.0;0.0;0.0;0.0;0.0;0.0;0.0;0.0;0.0;0.0;0.0;0.0;0.0;0.0;0.0;0.0;0.0;0.0;0.0;0.0;0.0;1.0;0.0;0.0;3.0;0.0;1.0;1.0;4.0;0.0;0;0;0;0;UMUARAMA;REGIÃO OESTE;72;18390.0;19003.0;14725.0;17100.0;18910.0;23070.0;31062.0;23856.0;26939.0;27373.0;22290.0;11532.0
24570.0;2022-11-30;9.0;14.0;21.0;24.0;632.0;33.0;1.0;9.0;18.0;435.0;33.0;0.0;33.0;829.0;5.0;28.0;4;5;4;4;4;4;5;0;0;0;0;0;0;0;0;0;1;0;0;0;1;0;0;0.0;0.0;0.0;0.0;0.0;0.0;0.0;0.0;0.0;0.0;0.0;0.0;0.0;0.0;0.0;0.0;0.0;0.0;0.0;0.0;0.0;0.0;0.0;0.0;0.0;0.0;0.0;0.0;0.0;0.0;0.0;0.0;1.0;0.0;0.0;3.0;0.0;1.0;1.0;4.0;0.0;0;0;0;0;UMUARAMA;REGIÃO OESTE;73;20832.0;18390.0;19003.0;14725.0;17100.0;18910.0;23070.0;31062.0;23856.0;26939.0;27373.0;22290.0
21607.0;2022-12-31;-20.0;6.0;23.0;27.0;720.0;34.0;5.0;-20.0;23.0;532.0;34.0;0.0;34.0;908.0;29.0;145.0;4;4;5;4;5;5;4;0;0;1;0;0;0;0;0;0;0;0;0;0;1;0;0;0.0;0.0;0.0;0.0;0.0;0.0;0.0;0.0;0.0;0.0;0.0;0.0;0.0;0.0;0.0;0.0;0.0;0.0;0.0;0.0;0.0;0.0;0.0;0.0;0.0;0.0;0.0;0.0;0.0;0.0;0.0;0.0;1.0;0.0;0.0;3.0;0.0;1.0;1.0;4.0;0.0;0;0;0;0;UMUARAMA;REGIÃO OESTE;74;24570.0;20832.0;18390.0;19003.0;14725.0;17100.0;18910.0;23070.0;31062.0;23856.0;26939.0;27373.0
15779.0;2023-01-31;15.0;20.0;24.0;26.0;737.0;32.0;7.0;15.0;20.0;584.0;32.0;0.0;32.0;890.0;38.0;231.0;5;4;4;5;4;4;5;0;0;0;0;1;0;0;0;0;0;0;0;0;0;1;0;0.0;0.0;0.0;0.0;0.0;0.0;0.0;0.0;0.0;0.0;0.0;0.0;0.0;0.0;0.0;0.0;0.0;0.0;0.0;0.0;0.0;0.0;0.0;0.0;0.0;0.0;0.0;0.0;0.0;0.0;0.0;0.0;1.0;0.0;0.0;3.0;0.0;1.0;1.0;4.0;0.0;31;0;0;0;UMUARAMA;REGIÃO OESTE;75;21607.0;24570.0;20832.0;18390.0;19003.0;14725.0;17100.0;18910.0;23070.0;31062.0;23856.0;26939.0
24024.0;2023-02-28;15.0;20.0;23.0;26.0;655.0;34.0;14.0;15.0;20.0;524.0;34.0;0.0;34.0;786.0;68.0;380.0;4;4;4;4;4;4;4;0;0;0;1;0;0;0;0;0;0;0;0;0;0;1;0;0.0;0.0;0.0;0.0;0.0;0.0;0.0;0.0;0.0;0.0;0.0;0.0;0.0;0.0;0.0;0.0;0.0;0.0;0.0;0.0;0.0;0.0;0.0;0.0;0.0;0.0;0.0;0.0;0.0;0.0;0.0;0.0;1.0;0.0;0.0;3.0;0.0;1.0;1.0;4.0;0.0;0;3;0;0;UMUARAMA;REGIÃO OESTE;76;15779.0;21607.0;24570.0;20832.0;18390.0;19003.0;14725.0;17100.0;18910.0;23070.0;31062.0;23856.0
36121.5;2023-03-31;17.0;22.0;25.0;27.0;772.0;33.0;9.0;17.0;21.0;596.0;33.0;0.0;33.0;948.0;48.0;288.0;4;5;5;4;5;4;4;0;0;0;0;0;0;0;0;1;0;0;0;0;0;1;0;0.0;0.0;0.0;0.0;0.0;0.0;0.0;0.0;0.0;0.0;0.0;0.0;0.0;0.0;0.0;0.0;0.0;0.0;0.0;0.0;0.0;0.0;0.0;0.0;0.0;0.0;0.0;0.0;0.0;0.0;0.0;0.0;1.0;0.0;0.0;3.0;0.0;1.0;1.0;4.0;0.0;0;0;0;0;UMUARAMA;REGIÃO OESTE;77;24024.0;15779.0;21607.0;24570.0;20832.0;18390.0;19003.0;14725.0;17100.0;18910.0;23070.0;31062.0
22740.0;2023-04-30;10.0;17.0;22.0;27.0;647.0;34.0;6.0;10.0;20.0;489.0;34.0;0.0;34.0;805.0;78.0;168.0;5;4;4;4;4;5;4;1;0;0;0;0;0;0;0;0;0;0;0;0;0;1;0;0.0;0.0;0.0;0.0;0.0;0.0;0.0;0.0;0.0;0.0;0.0;0.0;0.0;0.0;0.0;0.0;0.0;0.0;0.0;0.0;0.0;0.0;0.0;0.0;0.0;0.0;0.0;0.0;0.0;0.0;0.0;0.0;1.0;0.0;0.0;3.0;0.0;1.0;1.0;4.0;0.0;0;1;0;0;UMUARAMA;REGIÃO OESTE;78;36121.5;24024.0;15779.0;21607.0;24570.0;20832.0;18390.0;19003.0;14725.0;17100.0;18910.0;23070.0
22723.0;2023-05-31;10.0;16.0;20.0;24.0;615.0;29.0;3.0;10.0;20.0;435.0;29.0;0.0;29.0;795.0;30.0;91.0;4;5;4;5;4;4;5;0;0;0;0;0;0;0;1;0;0;0;0;0;0;1;0;0.0;0.0;0.0;0.0;0.0;0.0;0.0;0.0;0.0;0.0;0.0;0.0;0.0;0.0;0.0;0.0;0.0;0.0;0.0;0.0;0.0;0.0;0.0;0.0;0.0;0.0;0.0;0.0;0.0;0.0;0.0;0.0;1.0;0.0;0.0;3.0;0.0;1.0;1.0;4.0;0.0;0;0;0;0;UMUARAMA;REGIÃO OESTE;79;22740.0;36121.5;24024.0;15779.0;21607.0;24570.0;20832.0;18390.0;19003.0;14725.0;17100.0;18910.0
17880.0;2023-06-30;6.0;11.0;18.0;22.0;533.0;32.0;4.0;6.0;16.0;353.0;32.0;0.0;32.0;713.0;62.0;116.0;4;4;5;4;5;4;4;0;0;0;0;0;0;1;0;0;0;0;0;0;0;1;0;0.0;0.0;0.0;0.0;0.0;0.0;0.0;0.0;0.0;0.0;0.0;0.0;0.0;0.0;0.0;0.0;0.0;0.0;0.0;0.0;0.0;0.0;0.0;0.0;0.0;0.0;0.0;0.0;0.0;0.0;0.0;0.0;1.0;0.0;0.0;3.0;0.0;1.0;1.0;4.0;0.0;0;1;0;0;UMUARAMA;REGIÃO OESTE;80;22723.0;22740.0;36121.5;24024.0;15779.0;21607.0;24570.0;20832.0;18390.0;19003.0;14725.0;17100.0
14787.0;2023-07-31;6.0;12.0;18.0;22.0;561.0;28.0;1.0;6.0;16.0;393.0;28.0;0.0;28.0;729.0;13.0;44.0;5;4;4;5;4;5;4;0;0;0;0;0;1;0;0;0;0;0;0;0;0;1;0;0.0;0.0;0.0;0.0;0.0;0.0;0.0;0.0;0.0;0.0;0.0;0.0;0.0;0.0;0.0;0.0;0.0;0.0;0.0;0.0;0.0;0.0;0.0;0.0;0.0;0.0;0.0;0.0;0.0;0.0;0.0;0.0;1.0;0.0;0.0;3.0;0.0;1.0;1.0;4.0;0.0;15;0;0;0;UMUARAMA;REGIÃO OESTE;81;17880.0;22723.0;22740.0;36121.5;24024.0;15779.0;21607.0;24570.0;20832.0;18390.0;19003.0;14725.0
23715.0;2023-08-31;8.0;14.0;20.0;27.0;633.0;34.0;2.0;8.0;20.0;425.0;34.0;0.0;34.0;840.0;14.0;69.0;4;5;5;4;4;4;5;0;1;0;0;0;0;0;0;0;0;0;0;0;0;1;0;0.0;0.0;0.0;0.0;0.0;0.0;0.0;0.0;0.0;0.0;0.0;0.0;0.0;0.0;0.0;0.0;0.0;0.0;0.0;0.0;0.0;0.0;0.0;0.0;0.0;0.0;0.0;0.0;0.0;0.0;0.0;0.0;1.0;0.0;0.0;3.0;0.0;1.0;1.0;4.0;0.0;0;0;0;0;UMUARAMA;REGIÃO OESTE;82;14787.0;17880.0;22723.0;22740.0;36121.5;24024.0;15779.0;21607.0;24570.0;20832.0;18390.0;19003.0
29460.0;2023-09-30;8.0;17.0;24.0;30.0;723.0;38.0;4.0;8.0;25.0;518.0;38.0;0.0;38.0;926.0;63.0;133.0;4;4;4;4;5;5;4;0;0;0;0;0;0;0;0;0;0;0;1;0;0;1;0;0.0;0.0;0.0;0.0;0.0;0.0;0.0;0.0;0.0;0.0;0.0;0.0;0.0;0.0;0.0;0.0;0.0;0.0;0.0;0.0;0.0;0.0;0.0;0.0;0.0;0.0;0.0;0.0;0.0;0.0;0.0;0.0;1.0;0.0;0.0;3.0;0.0;1.0;1.0;4.0;0.0;0;0;0;0;UMUARAMA;REGIÃO OESTE;83;23715.0;14787.0;17880.0;22723.0;22740.0;36121.5;24024.0;15779.0;21607.0;24570.0;20832.0;18390.0
32736.0;2023-10-31;14.0;20.0;24.0;29.0;741.0;35.0;15.0;14.0;23.0;560.0;35.0;0.0;35.0;922.0;93.0;477.0;5;4;4;5;4;4;5;0;0;0;0;0;0;0;0;0;0;1;0;0;0;1;0;0.0;0.0;0.0;0.0;0.0;0.0;0.0;0.0;0.0;0.0;0.0;0.0;0.0;0.0;0.0;0.0;0.0;0.0;0.0;0.0;0.0;0.0;0.0;0.0;0.0;0.0;0.0;0.0;0.0;0.0;0.0;0.0;1.0;0.0;0.0;3.0;0.0;1.0;1.0;4.0;0.0;0;0;0;0;UMUARAMA;REGIÃO OESTE;84;29460.0;23715.0;14787.0;17880.0;22723.0;22740.0;36121.5;24024.0;15779.0;21607.0;24570.0;20832.0
35310.0;2023-11-30;11.0;17.0;24.0;30.0;728.0;37.0;7.0;11.0;25.0;548.0;37.0;0.0;37.0;909.0;69.0;217.0;4;5;5;4;4;4;4;0;0;0;0;0;0;0;0;0;1;0;0;0;0;1;0;0.0;0.0;0.0;0.0;0.0;0.0;0.0;0.0;0.0;0.0;0.0;0.0;0.0;0.0;0.0;0.0;0.0;0.0;0.0;0.0;0.0;0.0;0.0;0.0;0.0;0.0;0.0;0.0;0.0;0.0;0.0;0.0;1.0;0.0;0.0;3.0;0.0;1.0;1.0;4.0;0.0;0;0;0;0;UMUARAMA;REGIÃO OESTE;85;32736.0;29460.0;23715.0;14787.0;17880.0;22723.0;22740.0;36121.5;24024.0;15779.0;21607.0;24570.0
29140.0;2023-12-31;16.0;21.0;26.0;28.0;801.0;36.0;4.0;16.0;22.0;609.0;36.0;0.0;36.0;994.0;40.0;122.0;5;4;4;4;5;5;4;0;0;1;0;0;0;0;0;0;0;0;0;0;0;1;0;0.0;0.0;0.0;0.0;0.0;0.0;0.0;0.0;0.0;0.0;0.0;0.0;0.0;0.0;0.0;0.0;0.0;0.0;0.0;0.0;0.0;0.0;0.0;0.0;0.0;0.0;0.0;0.0;0.0;0.0;0.0;0.0;1.0;0.0;0.0;3.0;0.0;1.0;1.0;4.0;0.0;0;0;0;0;UMUARAMA;REGIÃO OESTE;86;35310.0;32736.0;29460.0;23715.0;14787.0;17880.0;22723.0;22740.0;36121.5;24024.0;15779.0;21607.0
16461.0;2024-01-31;15.0;19.0;25.0;30.0;781.0;37.0;4.0;15.0;23.0;600.0;37.0;0.0;37.0;963.0;62.0;125.0;4;5;4;5;4;4;5;0;0;0;0;1;0;0;0;0;0;0;0;0;0;0;1;0.0;0.0;0.0;0.0;0.0;0.0;0.0;0.0;0.0;0.0;0.0;0.0;0.0;0.0;0.0;0.0;0.0;0.0;0.0;0.0;0.0;0.0;0.0;0.0;0.0;0.0;0.0;0.0;0.0;0.0;0.0;0.0;1.0;0.0;0.0;3.0;0.0;1.0;1.0;4.0;0.0;31;0;0;0;UMUARAMA;REGIÃO OESTE;87;29140.0;35310.0;32736.0;29460.0;23715.0;14787.0;17880.0;22723.0;22740.0;36121.5;24024.0;15779.0
35670.0;2024-02-29;18.0;22.0;26.0;29.0;759.0;35.0;6.0;18.0;23.0;591.0;35.0;0.0;35.0;926.0;47.0;175.0;4;4;5;4;4;4;4;0;0;0;1;0;0;0;0;0;0;0;0;0;0;0;1;0.0;0.0;0.0;0.0;0.0;0.0;0.0;0.0;0.0;0.0;0.0;0.0;0.0;0.0;0.0;0.0;0.0;0.0;0.0;0.0;0.0;0.0;0.0;0.0;0.0;0.0;0.0;0.0;0.0;0.0;0.0;0.0;1.0;0.0;0.0;3.0;0.0;1.0;1.0;4.0;0.0;0;3;0;0;UMUARAMA;REGIÃO OESTE;88;16461.0;29140.0;35310.0;32736.0;29460.0;23715.0;14787.0;17880.0;22723.0;22740.0;36121.5;24024.0
36121.5;2024-03-31;17.0;20.0;26.0;30.0;806.0;36.0;3.0;17.0;24.0;625.0;36.0;0.0;36.0;986.0;18.0;81.0;5;4;4;4;5;5;4;0;0;0;0;0;0;0;0;1;0;0;0;0;0;0;1;0.0;0.0;0.0;0.0;0.0;0.0;0.0;0.0;0.0;0.0;0.0;0.0;0.0;0.0;0.0;0.0;0.0;0.0;0.0;0.0;0.0;0.0;0.0;0.0;0.0;0.0;0.0;0.0;0.0;0.0;0.0;0.0;1.0;0.0;0.0;3.0;0.0;1.0;1.0;4.0;0.0;0;1;0;0;UMUARAMA;REGIÃO OESTE;89;35670.0;16461.0;29140.0;35310.0;32736.0;29460.0;23715.0;14787.0;17880.0;22723.0;22740.0;36121.5
30150.0;2024-04-30;13.0;19.0;24.0;28.0;731.0;34.0;2.0;13.0;22.0;570.0;34.0;0.0;34.0;891.0;36.0;70.0;4;4;4;5;4;4;5;1;0;0;0;0;0;0;0;0;0;0;0;0;0;0;1;0.0;0.0;0.0;0.0;0.0;0.0;0.0;0.0;0.0;0.0;0.0;0.0;0.0;0.0;0.0;0.0;0.0;0.0;0.0;0.0;0.0;0.0;0.0;0.0;0.0;0.0;0.0;0.0;0.0;0.0;0.0;0.0;1.0;0.0;0.0;3.0;0.0;1.0;1.0;4.0;0.0;0;0;0;0;UMUARAMA;REGIÃO OESTE;90;36121.5;35670.0;16461.0;29140.0;35310.0;32736.0;29460.0;23715.0;14787.0;17880.0;22723.0;22740.0
12431.0;2024-05-31;5.0;13.0;22.0;27.0;670.0;33.0;1.0;5.0;21.0;505.0;33.0;0.0;33.0;836.0;32.0;36.0;4;5;5;4;5;4;4;0;0;0;0;0;0;0;1;0;0;0;0;0;0;0;1;0.0;0.0;0.0;0.0;0.0;0.0;0.0;0.0;0.0;0.0;0.0;0.0;0.0;0.0;0.0;0.0;0.0;0.0;0.0;0.0;0.0;0.0;0.0;0.0;0.0;0.0;0.0;0.0;0.0;0.0;0.0;0.0;1.0;0.0;0.0;3.0;0.0;1.0;1.0;4.0;0.0;0;1;0;30;UMUARAMA;REGIÃO OESTE;91;30150.0;36121.5;35670.0;16461.0;29140.0;35310.0;32736.0;29460.0;23715.0;14787.0;17880.0;22723.0
7830.0;2024-06-30;10.0;16.0;21.0;24.0;635.0;31.0;0.0;10.0;18.0;441.0;31.0;0.0;31.0;829.0;2.0;2.0;5;4;4;4;4;5;4;0;0;0;0;0;0;1;0;0;0;0;0;0;0;0;1;0.0;0.0;0.0;0.0;0.0;0.0;0.0;0.0;0.0;0.0;0.0;0.0;0.0;0.0;0.0;0.0;0.0;0.0;0.0;0.0;0.0;0.0;0.0;0.0;0.0;0.0;0.0;0.0;0.0;0.0;0.0;0.0;1.0;0.0;0.0;3.0;0.0;1.0;1.0;4.0;0.0;0;0;0;30;UMUARAMA;REGIÃO OESTE;92;12431.0;30150.0;36121.5;35670.0;16461.0;29140.0;35310.0;32736.0;29460.0;23715.0;14787.0;17880.0
12400.0;2024-07-31;5.0;13.0;17.0;22.0;526.0;29.0;2.0;5.0;16.0;354.0;29.0;0.0;29.0;699.0;26.0;72.0;4;5;4;5;4;4;5;0;0;0;0;0;1;0;0;0;0;0;0;0;0;0;1;0.0;0.0;0.0;0.0;0.0;0.0;0.0;0.0;0.0;0.0;0.0;0.0;0.0;0.0;0.0;0.0;0.0;0.0;0.0;0.0;0.0;0.0;0.0;0.0;0.0;0.0;0.0;0.0;0.0;0.0;0.0;0.0;1.0;0.0;0.0;3.0;0.0;1.0;1.0;4.0;0.0;12;0;0;0;UMUARAMA;REGIÃO OESTE;93;7830.0;12431.0;30150.0;36121.5;35670.0;16461.0;29140.0;35310.0;32736.0;29460.0;23715.0;14787.0
20150.0;2024-08-31;1.0;10.0;19.0;25.0;585.0;35.0;2.0;1.0;18.0;337.0;35.0;0.0;35.0;832.0;35.0;60.0;4;4;5;4;5;5;4;0;1;0;0;0;0;0;0;0;0;0;0;0;0;0;1;0.0;0.0;0.0;0.0;0.0;0.0;0.0;0.0;0.0;0.0;0.0;0.0;0.0;0.0;0.0;0.0;0.0;0.0;0.0;0.0;0.0;0.0;0.0;0.0;0.0;0.0;0.0;0.0;0.0;0.0;0.0;0.0;1.0;0.0;0.0;3.0;0.0;1.0;1.0;4.0;0.0;0;0;0;0;UMUARAMA;REGIÃO OESTE;94;12400.0;7830.0;12431.0;30150.0;36121.5;35670.0;16461.0;29140.0;35310.0;32736.0;29460.0;23715.0
28080.0;2024-09-30;13.0;16.0;23.0;27.0;696.0;38.0;1.0;13.0;19.0;470.0;38.0;0.0;38.0;921.0;16.0;44.0;5;4;4;5;4;4;4;0;0;0;0;0;0;0;0;0;0;0;1;0;0;0;1;0.0;0.0;0.0;0.0;0.0;0.0;0.0;0.0;0.0;0.0;0.0;0.0;0.0;0.0;0.0;0.0;0.0;0.0;0.0;0.0;0.0;0.0;0.0;0.0;0.0;0.0;0.0;0.0;0.0;0.0;0.0;0.0;1.0;0.0;0.0;3.0;0.0;1.0;1.0;4.0;0.0;0;0;0;0;UMUARAMA;REGIÃO OESTE;95;20150.0;12400.0;7830.0;12431.0;30150.0;36121.5;35670.0;16461.0;29140.0;35310.0;32736.0;29460.0
33263.0;2024-10-31;13.0;17.0;22.0;28.0;696.0;36.0;5.0;13.0;22.0;537.0;36.0;0.0;36.0;855.0;60.0;140.0;4;5;5;4;4;4;5;0;0;0;0;0;0;0;0;0;0;1;0;0;0;0;1;0.0;0.0;0.0;0.0;0.0;0.0;0.0;0.0;0.0;0.0;0.0;0.0;0.0;0.0;0.0;0.0;0.0;0.0;0.0;0.0;0.0;0.0;0.0;0.0;0.0;0.0;0.0;0.0;0.0;0.0;0.0;0.0;1.0;0.0;0.0;3.0;0.0;1.0;1.0;4.0;0.0;0;0;0;0;UMUARAMA;REGIÃO OESTE;96;28080.0;20150.0;12400.0;7830.0;12431.0;30150.0;36121.5;35670.0;16461.0;29140.0;35310.0;32736.0
4643.0;2018-10-31;9.0;13.0;18.0;22.0;565.0;29.0;6.0;9.0;17.0;434.0;29.0;0.0;29.0;697.0;36.0;187.0;4;5;4;5;4;4;5;0;0;0;0;0;0;0;0;0;0;1;0;0;0;0;0;0.0;0.0;0.0;1.0;0.0;0.0;0.0;0.0;0.0;0.0;0.0;0.0;0.0;0.0;0.0;0.0;0.0;0.0;0.0;0.0;0.0;0.0;0.0;0.0;0.0;0.0;0.0;0.0;0.0;0.0;0.0;0.0;0.0;1.0;0.0;2.0;0.0;0.0;0.0;0.0;0.0;0;0;0;0;UNIÃO DA VITÓRIA;REGIÃO SUL;1;4968.0;4617.0;4183.0;4068.0;4200.0;4098.0;3982.0;3156.0;2765.0;2996.0;3534.0;3578.0
4470.0;2018-11-30;10.0;16.0;21.0;26.0;621.0;31.0;1.0;10.0;20.0;451.0;31.0;0.0;31.0;791.0;13.0;36.0;4;4;5;4;5;4;4;0;0;0;0;0;0;0;0;0;1;0;0;0;0;0;0;0.0;0.0;0.0;1.0;0.0;0.0;0.0;0.0;0.0;0.0;0.0;0.0;0.0;0.0;0.0;0.0;0.0;0.0;0.0;0.0;0.0;0.0;0.0;0.0;0.0;0.0;0.0;0.0;0.0;0.0;0.0;0.0;0.0;1.0;0.0;2.0;0.0;0.0;0.0;0.0;0.0;0;0;0;0;UNIÃO DA VITÓRIA;REGIÃO SUL;2;4643.0;4968.0;4617.0;4183.0;4068.0;4200.0;4098.0;3982.0;3156.0;2765.0;2996.0;3534.0
3784.0;2018-12-31;9.0;18.0;24.0;27.0;729.0;34.0;3.0;9.0;21.0;513.0;34.0;0.0;34.0;945.0;23.0;100.0;5;4;4;5;4;5;4;0;0;1;0;0;0;0;0;0;0;0;0;0;0;0;0;0.0;0.0;0.0;1.0;0.0;0.0;0.0;0.0;0.0;0.0;0.0;0.0;0.0;0.0;0.0;0.0;0.0;0.0;0.0;0.0;0.0;0.0;0.0;0.0;0.0;0.0;0.0;0.0;0.0;0.0;0.0;0.0;0.0;1.0;0.0;2.0;0.0;0.0;0.0;0.0;0.0;0;0;0;0;UNIÃO DA VITÓRIA;REGIÃO SUL;3;4470.0;4643.0;4968.0;4617.0;4183.0;4068.0;4200.0;4098.0;3982.0;3156.0;2765.0;2996.0
3176.0;2019-01-31;16.0;22.0;24.0;26.0;758.0;34.0;4.0;16.0;21.0;576.0;34.0;0.0;34.0;939.0;16.0;118.0;4;5;5;4;4;4;5;0;0;0;0;1;0;0;0;0;0;0;0;0;0;0;0;0.0;0.0;0.0;0.0;1.0;0.0;0.0;0.0;0.0;0.0;0.0;0.0;0.0;0.0;0.0;0.0;0.0;0.0;0.0;0.0;0.0;0.0;0.0;0.0;0.0;0.0;0.0;0.0;0.0;0.0;0.0;0.0;0.0;1.0;0.0;2.0;0.0;0.0;0.0;0.0;0.0;31;0;0;0;UNIÃO DA VITÓRIA;REGIÃO SUL;4;3784.0;4470.0;4643.0;4968.0;4617.0;4183.0;4068.0;4200.0;4098.0;3982.0;3156.0;2765.0
3760.0;2019-02-28;15.0;18.0;22.0;26.0;619.0;34.0;5.0;15.0;20.0;477.0;34.0;0.0;34.0;760.0;31.0;130.0;4;4;4;4;4;4;4;0;0;0;1;0;0;0;0;0;0;0;0;0;0;0;0;0.0;0.0;0.0;0.0;1.0;0.0;0.0;0.0;0.0;0.0;0.0;0.0;0.0;0.0;0.0;0.0;0.0;0.0;0.0;0.0;0.0;0.0;0.0;0.0;0.0;0.0;0.0;0.0;0.0;0.0;0.0;0.0;0.0;1.0;0.0;3.0;0.0;0.0;0.0;1.0;0.0;0;0;0;0;UNIÃO DA VITÓRIA;REGIÃO SUL;5;3176.0;3784.0;4470.0;4643.0;4968.0;4617.0;4183.0;4068.0;4200.0;4098.0;3982.0;3156.0
5532.0;2019-03-31;12.0;18.0;22.0;24.0;673.0;30.0;2.0;12.0;19.0;517.0;30.0;0.0;30.0;828.0;31.0;71.0;5;4;4;4;5;5;4;0;0;0;0;0;0;0;0;1;0;0;0;0;0;0;0;0.0;0.0;0.0;0.0;1.0;0.0;0.0;0.0;0.0;0.0;0.0;0.0;0.0;0.0;0.0;0.0;0.0;0.0;0.0;0.0;0.0;0.0;0.0;0.0;0.0;0.0;0.0;0.0;0.0;0.0;0.0;0.0;0.0;1.0;0.0;3.0;0.0;0.0;0.0;1.0;0.0;0;3;0;0;UNIÃO DA VITÓRIA;REGIÃO SUL;6;3760.0;3176.0;3784.0;4470.0;4643.0;4968.0;4617.0;4183.0;4068.0;4200.0;4098.0;3982.0
5688.0;2019-04-30;9.0;16.0;20.0;23.0;593.0;28.0;5.0;9.0;19.0;443.0;28.0;0.0;28.0;743.0;62.0;147.0;4;4;4;5;4;4;5;1;0;0;0;0;0;0;0;0;0;0;0;0;0;0;0;0.0;0.0;0.0;0.0;1.0;0.0;0.0;0.0;0.0;0.0;0.0;0.0;0.0;0.0;0.0;0.0;0.0;0.0;0.0;0.0;0.0;0.0;0.0;0.0;0.0;0.0;0.0;0.0;0.0;0.0;0.0;0.0;0.0;1.0;0.0;3.0;0.0;0.0;0.0;1.0;0.0;0;1;0;0;UNIÃO DA VITÓRIA;REGIÃO SUL;7;5532.0;3760.0;3176.0;3784.0;4470.0;4643.0;4968.0;4617.0;4183.0;4068.0;4200.0;4098.0
5961.0;2019-05-31;7.0;13.0;17.0;22.0;542.0;28.0;9.0;7.0;17.0;418.0;28.0;0.0;28.0;666.0;75.0;290.0;4;5;5;4;5;4;4;0;0;0;0;0;0;0;1;0;0;0;0;0;0;0;0;0.0;0.0;0.0;0.0;1.0;0.0;0.0;0.0;0.0;0.0;0.0;0.0;0.0;0.0;0.0;0.0;0.0;0.0;0.0;0.0;0.0;0.0;0.0;0.0;0.0;0.0;0.0;0.0;0.0;0.0;0.0;0.0;0.0;1.0;0.0;3.0;0.0;0.0;0.0;1.0;0.0;0;0;0;0;UNIÃO DA VITÓRIA;REGIÃO SUL;8;5688.0;5532.0;3760.0;3176.0;3784.0;4470.0;4643.0;4968.0;4617.0;4183.0;4068.0;4200.0
5310.0;2019-06-30;3.0;10.0;16.0;20.0;470.0;25.0;1.0;3.0;15.0;304.0;25.0;0.0;25.0;636.0;27.0;43.0;5;4;4;4;4;5;4;0;0;0;0;0;0;1;0;0;0;0;0;0;0;0;0;0.0;0.0;0.0;0.0;1.0;0.0;0.0;0.0;0.0;0.0;0.0;0.0;0.0;0.0;0.0;0.0;0.0;0.0;0.0;0.0;0.0;0.0;0.0;0.0;0.0;0.0;0.0;0.0;0.0;0.0;0.0;0.0;0.0;1.0;0.0;3.0;0.0;0.0;0.0;1.0;0.0;0;1;0;0;UNIÃO DA VITÓRIA;REGIÃO SUL;9;5961.0;5688.0;5532.0;3760.0;3176.0;3784.0;4470.0;4643.0;4968.0;4617.0;4183.0;4068.0
4697.0;2019-07-31;-4.0;4.0;14.0;18.0;422.0;25.0;1.0;-4.0;15.0;224.0;25.0;0.0;25.0;620.0;6.0;19.0;4;5;4;5;4;4;5;0;0;0;0;0;1;0;0;0;0;0;0;0;0;0;0;0.0;0.0;0.0;0.0;1.0;0.0;0.0;0.0;0.0;0.0;0.0;0.0;0.0;0.0;0.0;0.0;0.0;0.0;0.0;0.0;0.0;0.0;0.0;0.0;0.0;0.0;0.0;0.0;0.0;0.0;0.0;0.0;0.0;1.0;0.0;3.0;0.0;0.0;0.0;1.0;0.0;16;0;0;0;UNIÃO DA VITÓRIA;REGIÃO SUL;10;5310.0;5961.0;5688.0;5532.0;3760.0;3176.0;3784.0;4470.0;4643.0;4968.0;4617.0;4183.0
5155.0;2019-08-31;-0.0;7.0;14.0;20.0;447.0;28.0;0.0;-0.0;14.0;250.0;28.0;0.0;28.0;644.0;4.0;8.0;4;4;5;4;5;5;4;0;1;0;0;0;0;0;0;0;0;0;0;0;0;0;0;0.0;0.0;0.0;0.0;1.0;0.0;0.0;0.0;0.0;0.0;0.0;0.0;0.0;0.0;0.0;0.0;0.0;0.0;0.0;0.0;0.0;0.0;0.0;0.0;0.0;0.0;0.0;0.0;0.0;0.0;0.0;0.0;0.0;1.0;0.0;3.0;0.0;0.0;0.0;1.0;0.0;0;0;0;0;UNIÃO DA VITÓRIA;REGIÃO SUL;11;4697.0;5310.0;5961.0;5688.0;5532.0;3760.0;3176.0;3784.0;4470.0;4643.0;4968.0;4617.0
5520.0;2019-09-30;5.0;11.0;18.0;23.0;532.0;31.0;3.0;5.0;16.0;362.0;31.0;0.0;31.0;701.0;48.0;103.0;5;4;4;5;4;4;4;0;0;0;0;0;0;0;0;0;0;0;1;0;0;0;0;0.0;0.0;0.0;0.0;1.0;0.0;0.0;0.0;0.0;0.0;0.0;0.0;0.0;0.0;0.0;0.0;0.0;0.0;0.0;0.0;0.0;0.0;0.0;0.0;0.0;0.0;0.0;0.0;0.0;0.0;0.0;0.0;0.0;1.0;0.0;3.0;0.0;0.0;0.0;1.0;0.0;0;0;0;0;UNIÃO DA VITÓRIA;REGIÃO SUL;12;5155.0;4697.0;5310.0;5961.0;5688.0;5532.0;3760.0;3176.0;3784.0;4470.0;4643.0;4968.0
5310.0;2019-10-31;11.0;15.0;21.0;25.0;644.0;34.0;5.0;11.0;18.0;451.0;34.0;0.0;34.0;836.0;62.0;149.0;4;5;5;4;4;4;5;0;0;0;0;0;0;0;0;0;0;1;0;0;0;0;0;0.0;0.0;0.0;0.0;1.0;0.0;0.0;0.0;0.0;0.0;0.0;0.0;0.0;0.0;0.0;0.0;0.0;0.0;0.0;0.0;0.0;0.0;0.0;0.0;0.0;0.0;0.0;0.0;0.0;0.0;0.0;0.0;0.0;1.0;0.0;3.0;0.0;0.0;0.0;1.0;0.0;0;0;0;0;UNIÃO DA VITÓRIA;REGIÃO SUL;13;5520.0;5155.0;4697.0;5310.0;5961.0;5688.0;5532.0;3760.0;3176.0;3784.0;4470.0;4643.0
5148.0;2019-11-30;11.0;16.0;21.0;25.0;630.0;32.0;3.0;11.0;18.0;457.0;32.0;0.0;32.0;802.0;52.0;102.0;4;4;4;4;5;5;4;0;0;0;0;0;0;0;0;0;1;0;0;0;0;0;0;0.0;0.0;0.0;0.0;1.0;0.0;0.0;0.0;0.0;0.0;0.0;0.0;0.0;0.0;0.0;0.0;0.0;0.0;0.0;0.0;0.0;0.0;0.0;0.0;0.0;0.0;0.0;0.0;0.0;0.0;0.0;0.0;0.0;1.0;0.0;3.0;0.0;0.0;0.0;1.0;0.0;0;0;0;0;UNIÃO DA VITÓRIA;REGIÃO SUL;14;5310.0;5520.0;5155.0;4697.0;5310.0;5961.0;5688.0;5532.0;3760.0;3176.0;3784.0;4470.0
3827.0;2019-12-31;13.0;17.0;22.0;25.0;674.0;33.0;3.0;13.0;19.0;500.0;33.0;0.0;33.0;849.0;31.0;96.0;5;4;4;5;4;4;5;0;0;1;0;0;0;0;0;0;0;0;0;0;0;0;0;0.0;0.0;0.0;0.0;1.0;0.0;0.0;0.0;0.0;0.0;0.0;0.0;0.0;0.0;0.0;0.0;0.0;0.0;0.0;0.0;0.0;0.0;0.0;0.0;0.0;0.0;0.0;0.0;0.0;0.0;0.0;0.0;0.0;1.0;0.0;3.0;0.0;0.0;0.0;1.0;0.0;0;0;0;0;UNIÃO DA VITÓRIA;REGIÃO SUL;15;5148.0;5310.0;5520.0;5155.0;4697.0;5310.0;5961.0;5688.0;5532.0;3760.0;3176.0;3784.0
3044.0;2020-01-31;13.0;18.0;22.0;26.0;694.0;32.0;2.0;13.0;21.0;526.0;32.0;0.0;32.0;862.0;26.0;67.0;4;5;5;4;5;4;4;0;0;0;0;1;0;0;0;0;0;0;0;0;0;0;0;0.0;0.0;0.0;0.0;0.0;1.0;0.0;0.0;0.0;0.0;0.0;0.0;0.0;0.0;0.0;0.0;0.0;0.0;0.0;0.0;0.0;0.0;0.0;0.0;0.0;0.0;0.0;0.0;0.0;0.0;0.0;0.0;0.0;1.0;0.0;2.0;0.0;0.0;0.0;1.0;0.0;31;0;0;0;UNIÃO DA VITÓRIA;REGIÃO SUL;16;3827.0;5148.0;5310.0;5520.0;5155.0;4697.0;5310.0;5961.0;5688.0;5532.0;3760.0;3176.0
4393.0;2020-02-29;11.0;18.0;22.0;26.0;636.0;33.0;3.0;11.0;20.0;474.0;33.0;0.0;33.0;798.0;57.0;77.0;4;4;4;4;4;5;4;0;0;0;1;0;0;0;0;0;0;0;0;0;0;0;0;0.0;0.0;0.0;0.0;0.0;1.0;0.0;0.0;0.0;0.0;0.0;0.0;0.0;0.0;0.0;0.0;0.0;0.0;0.0;0.0;0.0;0.0;0.0;0.0;0.0;0.0;0.0;0.0;0.0;0.0;0.0;0.0;0.0;1.0;0.0;2.0;0.0;1.0;1.0;1.0;0.0;0;3;0;0;UNIÃO DA VITÓRIA;REGIÃO SUL;17;3044.0;3827.0;5148.0;5310.0;5520.0;5155.0;4697.0;5310.0;5961.0;5688.0;5532.0;3760.0
4082.0;2020-03-31;11.0;18.0;21.0;25.0;660.0;33.0;1.0;11.0;19.0;454.0;33.0;0.0;33.0;866.0;19.0;27.0;5;4;4;5;4;4;5;0;0;0;0;0;0;0;0;1;0;0;0;0;0;0;0;0.0;0.0;0.0;0.0;0.0;1.0;0.0;0.0;0.0;0.0;0.0;0.0;0.0;0.0;0.0;0.0;0.0;0.0;0.0;0.0;0.0;0.0;0.0;0.0;0.0;0.0;0.0;0.0;0.0;0.0;0.0;0.0;0.0;1.0;0.0;2.0;0.0;1.0;1.0;1.0;0.0;0;0;15;0;UNIÃO DA VITÓRIA;REGIÃO SUL;18;4393.0;3044.0;3827.0;5148.0;5310.0;5520.0;5155.0;4697.0;5310.0;5961.0;5688.0;5532.0
3156.0;2020-04-30;3.0;13.0;18.0;23.0;532.0;30.0;2.0;3.0;17.0;316.0;30.0;0.0;30.0;749.0;55.0;67.0;4;5;5;4;4;4;4;1;0;0;0;0;0;0;0;0;0;0;0;0;0;0;0;0.0;0.0;0.0;0.0;0.0;1.0;0.0;0.0;0.0;0.0;0.0;0.0;0.0;0.0;0.0;0.0;0.0;0.0;0.0;0.0;0.0;0.0;0.0;0.0;0.0;0.0;0.0;0.0;0.0;0.0;0.0;0.0;0.0;1.0;0.0;2.0;0.0;1.0;1.0;1.0;0.0;0;1;30;0;UNIÃO DA VITÓRIA;REGIÃO SUL;19;4082.0;4393.0;3044.0;3827.0;5148.0;5310.0;5520.0;5155.0;4697.0;5310.0;5961.0;5688.0
2992.0;2020-05-31;2.0;10.0;15.0;19.0;456.0;26.0;6.0;2.0;15.0;242.0;26.0;0.0;26.0;671.0;81.0;180.0;5;4;4;4;5;5;4;0;0;0;0;0;0;0;1;0;0;0;0;0;0;0;0;0.0;0.0;0.0;0.0;0.0;1.0;0.0;0.0;0.0;0.0;0.0;0.0;0.0;0.0;0.0;0.0;0.0;0.0;0.0;0.0;0.0;0.0;0.0;0.0;0.0;0.0;0.0;0.0;0.0;0.0;0.0;0.0;0.0;1.0;0.0;2.0;0.0;1.0;1.0;1.0;0.0;0;0;31;0;UNIÃO DA VITÓRIA;REGIÃO SUL;20;3156.0;4082.0;4393.0;3044.0;3827.0;5148.0;5310.0;5520.0;5155.0;4697.0;5310.0;5961.0
2424.0;2020-06-30;6.0;10.0;15.0;21.0;461.0;25.0;9.0;6.0;17.0;324.0;25.0;0.0;25.0;598.0;94.0;263.0;4;4;4;5;4;4;5;0;0;0;0;0;0;1;0;0;0;0;0;0;0;0;0;0.0;0.0;0.0;0.0;0.0;1.0;0.0;0.0;0.0;0.0;0.0;0.0;0.0;0.0;0.0;0.0;0.0;0.0;0.0;0.0;0.0;0.0;0.0;0.0;0.0;0.0;0.0;0.0;0.0;0.0;0.0;0.0;0.0;1.0;0.0;2.0;0.0;1.0;1.0;1.0;0.0;0;1;30;0;UNIÃO DA VITÓRIA;REGIÃO SUL;21;2992.0;3156.0;4082.0;4393.0;3044.0;3827.0;5148.0;5310.0;5520.0;5155.0;4697.0;5310.0
2470.0;2020-07-31;-0.0;7.0;14.0;18.0;420.0;24.0;1.0;-0.0;13.0;236.0;24.0;0.0;24.0;604.0;14.0;35.0;4;5;5;4;5;4;4;0;0;0;0;0;1;0;0;0;0;0;0;0;0;0;0;0.0;0.0;0.0;0.0;0.0;1.0;0.0;0.0;0.0;0.0;0.0;0.0;0.0;0.0;0.0;0.0;0.0;0.0;0.0;0.0;0.0;0.0;0.0;0.0;0.0;0.0;0.0;0.0;0.0;0.0;0.0;0.0;0.0;1.0;0.0;2.0;0.0;1.0;1.0;1.0;0.0;0;0;31;0;UNIÃO DA VITÓRIA;REGIÃO SUL;22;2424.0;2992.0;3156.0;4082.0;4393.0;3044.0;3827.0;5148.0;5310.0;5520.0;5155.0;4697.0
2449.0;2020-08-31;-3.0;5.0;14.0;21.0;438.0;30.0;10.0;-3.0;13.0;237.0;30.0;0.0;30.0;638.0;90.0;306.0;5;4;4;5;4;5;4;0;1;0;0;0;0;0;0;0;0;0;0;0;0;0;0;0.0;0.0;0.0;0.0;0.0;1.0;0.0;0.0;0.0;0.0;0.0;0.0;0.0;0.0;0.0;0.0;0.0;0.0;0.0;0.0;0.0;0.0;0.0;0.0;0.0;0.0;0.0;0.0;0.0;0.0;0.0;0.0;0.0;1.0;0.0;2.0;0.0;1.0;1.0;1.0;0.0;0;0;31;0;UNIÃO DA VITÓRIA;REGIÃO SUL;23;2470.0;2424.0;2992.0;3156.0;4082.0;4393.0;3044.0;3827.0;5148.0;5310.0;5520.0;5155.0
2280.0;2020-09-30;9.0;13.0;19.0;24.0;572.0;33.0;3.0;9.0;16.0;377.0;33.0;0.0;33.0;766.0;60.0;88.0;4;5;4;4;4;4;5;0;0;0;0;0;0;0;0;0;0;0;1;0;0;0;0;0.0;0.0;0.0;0.0;0.0;1.0;0.0;0.0;0.0;0.0;0.0;0.0;0.0;0.0;0.0;0.0;0.0;0.0;0.0;0.0;0.0;0.0;0.0;0.0;0.0;0.0;0.0;0.0;0.0;0.0;0.0;0.0;0.0;1.0;0.0;2.0;0.0;1.0;1.0;1.0;0.0;0;0;30;0;UNIÃO DA VITÓRIA;REGIÃO SUL;24;2449.0;2470.0;2424.0;2992.0;3156.0;4082.0;4393.0;3044.0;3827.0;5148.0;5310.0;5520.0
2418.0;2020-10-31;7.0;14.0;20.0;27.0;615.0;35.0;1.0;7.0;18.0;415.0;35.0;0.0;35.0;815.0;15.0;45.0;4;4;5;4;5;5;4;0;0;0;0;0;0;0;0;0;0;1;0;0;0;0;0;0.0;0.0;0.0;0.0;0.0;1.0;0.0;0.0;0.0;0.0;0.0;0.0;0.0;0.0;0.0;0.0;0.0;0.0;0.0;0.0;0.0;0.0;0.0;0.0;0.0;0.0;0.0;0.0;0.0;0.0;0.0;0.0;0.0;1.0;0.0;2.0;0.0;1.0;1.0;1.0;0.0;0;0;31;0;UNIÃO DA VITÓRIA;REGIÃO SUL;25;2280.0;2449.0;2470.0;2424.0;2992.0;3156.0;4082.0;4393.0;3044.0;3827.0;5148.0;5310.0
2250.0;2020-11-30;7.0;15.0;20.0;25.0;607.0;33.0;5.0;7.0;18.0;411.0;33.0;0.0;33.0;804.0;37.0;162.0;5;4;4;5;4;4;4;0;0;0;0;0;0;0;0;0;1;0;0;0;0;0;0;0.0;0.0;0.0;0.0;0.0;1.0;0.0;0.0;0.0;0.0;0.0;0.0;0.0;0.0;0.0;0.0;0.0;0.0;0.0;0.0;0.0;0.0;0.0;0.0;0.0;0.0;0.0;0.0;0.0;0.0;0.0;0.0;0.0;1.0;0.0;2.0;0.0;1.0;1.0;1.0;0.0;0;0;30;0;UNIÃO DA VITÓRIA;REGIÃO SUL;26;2418.0;2280.0;2449.0;2470.0;2424.0;2992.0;3156.0;4082.0;4393.0;3044.0;3827.0;5148.0
2387.0;2020-12-31;14.0;16.0;22.0;24.0;684.0;31.0;8.0;14.0;20.0;518.0;31.0;0.0;31.0;850.0;67.0;233.0;4;5;5;4;4;4;5;0;0;1;0;0;0;0;0;0;0;0;0;0;0;0;0;0.0;0.0;0.0;0.0;0.0;1.0;0.0;0.0;0.0;0.0;0.0;0.0;0.0;0.0;0.0;0.0;0.0;0.0;0.0;0.0;0.0;0.0;0.0;0.0;0.0;0.0;0.0;0.0;0.0;0.0;0.0;0.0;0.0;1.0;0.0;2.0;0.0;1.0;1.0;1.0;0.0;0;0;31;0;UNIÃO DA VITÓRIA;REGIÃO SUL;27;2250.0;2418.0;2280.0;2449.0;2470.0;2424.0;2992.0;3156.0;4082.0;4393.0;3044.0;3827.0
2511.0;2021-01-31;12.0;17.0;22.0;25.0;671.0;31.0;7.0;12.0;20.0;540.0;31.0;0.0;31.0;802.0;59.0;219.0;5;4;4;4;5;5;4;0;0;0;0;1;0;0;0;0;0;0;0;1;0;0;0;0.0;0.0;0.0;0.0;0.0;0.0;0.0;0.0;0.0;0.0;0.0;0.0;0.0;0.0;0.0;0.0;0.0;0.0;0.0;0.0;0.0;0.0;0.0;0.0;0.0;0.0;0.0;0.0;0.0;0.0;0.0;0.0;0.0;1.0;0.0;2.0;0.0;1.0;1.0;1.0;0.0;0;0;31;0;UNIÃO DA VITÓRIA;REGIÃO SUL;28;2387.0;2250.0;2418.0;2280.0;2449.0;2470.0;2424.0;2992.0;3156.0;4082.0;4393.0;3044.0
2296.0;2021-02-28;11.0;18.0;21.0;24.0;584.0;31.0;1.0;11.0;19.0;412.0;31.0;0.0;31.0;756.0;24.0;36.0;4;4;4;4;4;4;4;0;0;0;1;0;0;0;0;0;0;0;0;1;0;0;0;0.0;0.0;0.0;0.0;0.0;0.0;0.0;0.0;0.0;0.0;0.0;0.0;0.0;0.0;0.0;0.0;0.0;0.0;0.0;0.0;0.0;0.0;0.0;0.0;0.0;0.0;0.0;0.0;0.0;0.0;0.0;0.0;0.0;1.0;0.0;2.0;0.0;1.0;1.0;1.0;0.0;0;3;28;0;UNIÃO DA VITÓRIA;REGIÃO SUL;29;2511.0;2387.0;2250.0;2418.0;2280.0;2449.0;2470.0;2424.0;2992.0;3156.0;4082.0;4393.0
2387.0;2021-03-31;10.0;16.0;22.0;24.0;670.0;30.0;7.0;10.0;19.0;504.0;30.0;0.0;30.0;836.0;76.0;202.0;4;5;4;5;4;4;5;0;0;0;0;0;0;0;0;1;0;0;0;1;0;0;0;0.0;0.0;0.0;0.0;0.0;0.0;0.0;0.0;0.0;0.0;0.0;0.0;0.0;0.0;0.0;0.0;0.0;0.0;0.0;0.0;0.0;0.0;0.0;0.0;0.0;0.0;0.0;0.0;0.0;0.0;0.0;0.0;0.0;1.0;0.0;2.0;0.0;1.0;1.0;1.0;0.0;0;0;31;0;UNIÃO DA VITÓRIA;REGIÃO SUL;30;2296.0;2511.0;2387.0;2250.0;2418.0;2280.0;2449.0;2470.0;2424.0;2992.0;3156.0;4082.0
2340.0;2021-04-30;7.0;14.0;17.0;20.0;522.0;27.0;0.0;7.0;15.0;354.0;27.0;0.0;27.0;689.0;1.0;2.0;4;4;5;4;5;4;4;1;0;0;0;0;0;0;0;0;0;0;0;1;0;0;0;0.0;0.0;0.0;0.0;0.0;0.0;0.0;0.0;0.0;0.0;0.0;0.0;0.0;0.0;0.0;0.0;0.0;0.0;0.0;0.0;0.0;0.0;0.0;0.0;0.0;0.0;0.0;0.0;0.0;0.0;0.0;0.0;0.0;1.0;0.0;2.0;0.0;1.0;1.0;1.0;0.0;0;1;30;0;UNIÃO DA VITÓRIA;REGIÃO SUL;31;2387.0;2296.0;2511.0;2387.0;2250.0;2418.0;2280.0;2449.0;2470.0;2424.0;2992.0;3156.0
2480.0;2021-05-31;1.0;10.0;15.0;20.0;465.0;27.0;3.0;1.0;14.0;283.0;27.0;0.0;27.0;647.0;42.0;93.0;5;4;4;5;4;5;4;0;0;0;0;0;0;0;1;0;0;0;0;1;0;0;0;0.0;0.0;0.0;0.0;0.0;0.0;0.0;0.0;0.0;0.0;0.0;0.0;0.0;0.0;0.0;0.0;0.0;0.0;0.0;0.0;0.0;0.0;0.0;0.0;0.0;0.0;0.0;0.0;0.0;0.0;0.0;0.0;0.0;1.0;0.0;2.0;0.0;1.0;1.0;1.0;0.0;0;0;31;0;UNIÃO DA VITÓRIA;REGIÃO SUL;32;2340.0;2387.0;2296.0;2511.0;2387.0;2250.0;2418.0;2280.0;2449.0;2470.0;2424.0;2992.0
2970.0;2021-06-30;-2.0;3.0;13.0;19.0;392.0;24.0;4.0;-2.0;14.0;260.0;24.0;0.0;24.0;524.0;28.0;117.0;4;5;4;4;4;4;5;0;0;0;0;0;0;1;0;0;0;0;0;1;0;0;0;0.0;0.0;0.0;0.0;0.0;0.0;0.0;0.0;0.0;0.0;0.0;0.0;0.0;0.0;0.0;0.0;0.0;0.0;0.0;0.0;0.0;0.0;0.0;0.0;0.0;0.0;0.0;0.0;0.0;0.0;0.0;0.0;0.0;1.0;0.0;2.0;0.0;1.0;1.0;1.0;0.0;0;1;30;0;UNIÃO DA VITÓRIA;REGIÃO SUL;33;2480.0;2340.0;2387.0;2296.0;2511.0;2387.0;2250.0;2418.0;2280.0;2449.0;2470.0;2424.0
2852.0;2021-07-31;-4.0;3.0;11.0;17.0;347.0;25.0;2.0;-4.0;12.0;147.0;25.0;0.0;25.0;546.0;28.0;68.0;4;4;5;4;5;5;4;0;0;0;0;0;1;0;0;0;0;0;0;1;0;0;0;0.0;0.0;0.0;0.0;0.0;0.0;0.0;0.0;0.0;0.0;0.0;0.0;0.0;0.0;0.0;0.0;0.0;0.0;0.0;0.0;0.0;0.0;0.0;0.0;0.0;0.0;0.0;0.0;0.0;0.0;0.0;0.0;0.0;1.0;0.0;2.0;0.0;1.0;1.0;1.0;0.0;0;0;31;0;UNIÃO DA VITÓRIA;REGIÃO SUL;34;2970.0;2480.0;2340.0;2387.0;2296.0;2511.0;2387.0;2250.0;2418.0;2280.0;2449.0;2470.0
2697.0;2021-08-31;4.0;9.0;16.0;21.0;490.0;29.0;2.0;4.0;15.0;319.0;29.0;0.0;29.0;661.0;25.0;58.0;5;4;4;5;4;4;5;0;1;0;0;0;0;0;0;0;0;0;0;1;0;0;0;0.0;0.0;0.0;0.0;0.0;0.0;0.0;0.0;0.0;0.0;0.0;0.0;0.0;0.0;0.0;0.0;0.0;0.0;0.0;0.0;0.0;0.0;0.0;0.0;0.0;0.0;0.0;0.0;0.0;0.0;0.0;0.0;0.0;1.0;0.0;2.0;0.0;1.0;1.0;1.0;0.0;0;0;31;0;UNIÃO DA VITÓRIA;REGIÃO SUL;35;2852.0;2970.0;2480.0;2340.0;2387.0;2296.0;2511.0;2387.0;2250.0;2418.0;2280.0;2449.0
3150.0;2021-09-30;6.0;13.0;19.0;24.0;560.0;31.0;5.0;6.0;19.0;384.0;31.0;0.0;31.0;735.0;45.0;136.0;4;5;5;4;4;4;4;0;0;0;0;0;0;0;0;0;0;0;1;1;0;0;0;0.0;0.0;0.0;0.0;0.0;0.0;0.0;0.0;0.0;0.0;0.0;0.0;0.0;0.0;0.0;0.0;0.0;0.0;0.0;0.0;0.0;0.0;0.0;0.0;0.0;0.0;0.0;0.0;0.0;0.0;0.0;0.0;0.0;1.0;0.0;2.0;0.0;1.0;1.0;1.0;0.0;0;0;30;0;UNIÃO DA VITÓRIA;REGIÃO SUL;36;2697.0;2852.0;2970.0;2480.0;2340.0;2387.0;2296.0;2511.0;2387.0;2250.0;2418.0;2280.0
3596.0;2021-10-31;7.0;13.0;17.0;21.0;531.0;27.0;8.0;7.0;16.0;399.0;27.0;0.0;27.0;663.0;81.0;259.0;5;4;4;4;5;5;4;0;0;0;0;0;0;0;0;0;0;1;0;1;0;0;0;0.0;0.0;0.0;0.0;0.0;0.0;0.0;0.0;0.0;0.0;0.0;0.0;0.0;0.0;0.0;0.0;0.0;0.0;0.0;0.0;0.0;0.0;0.0;0.0;0.0;0.0;0.0;0.0;0.0;0.0;0.0;0.0;0.0;1.0;0.0;2.0;0.0;1.0;1.0;1.0;0.0;0;0;0;0;UNIÃO DA VITÓRIA;REGIÃO SUL;37;3150.0;2697.0;2852.0;2970.0;2480.0;2340.0;2387.0;2296.0;2511.0;2387.0;2250.0;2418.0
5190.0;2021-11-30;8.0;17.0;20.0;24.0;615.0;32.0;2.0;8.0;17.0;428.0;32.0;0.0;32.0;801.0;25.0;74.0;4;4;4;5;4;4;5;0;0;0;0;0;0;0;0;0;1;0;0;1;0;0;0;0.0;0.0;0.0;0.0;0.0;0.0;0.0;0.0;0.0;0.0;0.0;0.0;0.0;0.0;0.0;0.0;0.0;0.0;0.0;0.0;0.0;0.0;0.0;0.0;0.0;0.0;0.0;0.0;0.0;0.0;0.0;0.0;0.0;1.0;0.0;2.0;0.0;1.0;1.0;1.0;0.0;0;0;0;0;UNIÃO DA VITÓRIA;REGIÃO SUL;38;3596.0;3150.0;2697.0;2852.0;2970.0;2480.0;2340.0;2387.0;2296.0;2511.0;2387.0;2250.0
4898.0;2021-12-31;9.0;18.0;22.0;26.0;675.0;32.0;2.0;9.0;20.0;478.0;32.0;0.0;32.0;872.0;18.0;53.0;4;5;5;4;5;4;4;0;0;1;0;0;0;0;0;0;0;0;0;1;0;0;0;0.0;0.0;0.0;0.0;0.0;0.0;0.0;0.0;0.0;0.0;0.0;0.0;0.0;0.0;0.0;0.0;0.0;0.0;0.0;0.0;0.0;0.0;0.0;0.0;0.0;0.0;0.0;0.0;0.0;0.0;0.0;0.0;0.0;1.0;0.0;2.0;0.0;1.0;1.0;1.0;0.0;0;0;0;0;UNIÃO DA VITÓRIA;REGIÃO SUL;39;5190.0;3596.0;3150.0;2697.0;2852.0;2970.0;2480.0;2340.0;2387.0;2296.0;2511.0;2387.0
3596.0;2022-01-31;12.0;17.0;22.0;26.0;697.0;33.0;8.0;12.0;20.0;527.0;33.0;0.0;33.0;866.0;69.0;254.0;5;4;4;5;4;5;4;0;0;0;0;1;0;0;0;0;0;0;0;0;1;0;0;0.0;0.0;0.0;0.0;0.0;0.0;0.0;0.0;0.0;0.0;0.0;0.0;0.0;0.0;0.0;0.0;0.0;0.0;0.0;0.0;0.0;0.0;0.0;0.0;0.0;0.0;0.0;0.0;0.0;0.0;0.0;0.0;0.0;1.0;0.0;2.0;0.0;1.0;1.0;1.0;0.0;31;0;0;0;UNIÃO DA VITÓRIA;REGIÃO SUL;40;4898.0;5190.0;3596.0;3150.0;2697.0;2852.0;2970.0;2480.0;2340.0;2387.0;2296.0;2511.0
5236.0;2022-02-28;12.0;20.0;22.0;25.0;625.0;32.0;4.0;12.0;20.0;451.0;32.0;0.0;32.0;799.0;41.0;103.0;4;4;4;4;4;4;4;0;0;0;1;0;0;0;0;0;0;0;0;0;1;0;0;0.0;0.0;0.0;0.0;0.0;0.0;0.0;0.0;0.0;0.0;0.0;0.0;0.0;0.0;0.0;0.0;0.0;0.0;0.0;0.0;0.0;0.0;0.0;0.0;0.0;0.0;0.0;0.0;0.0;0.0;0.0;0.0;0.0;1.0;0.0;2.0;0.0;1.0;1.0;1.0;0.0;0;1;0;0;UNIÃO DA VITÓRIA;REGIÃO SUL;41;3596.0;4898.0;5190.0;3596.0;3150.0;2697.0;2852.0;2970.0;2480.0;2340.0;2387.0;2296.0
6262.0;2022-03-31;11.0;15.0;21.0;25.0;659.0;31.0;8.0;11.0;20.0;513.0;31.0;0.0;31.0;805.0;46.0;240.0;4;5;5;4;4;4;5;0;0;0;0;0;0;0;0;1;0;0;0;0;1;0;0;0.0;0.0;0.0;0.0;0.0;0.0;0.0;0.0;0.0;0.0;0.0;0.0;0.0;0.0;0.0;0.0;0.0;0.0;0.0;0.0;0.0;0.0;0.0;0.0;0.0;0.0;0.0;0.0;0.0;0.0;0.0;0.0;0.0;1.0;0.0;2.0;0.0;1.0;1.0;1.0;0.0;0;1;0;0;UNIÃO DA VITÓRIA;REGIÃO SUL;42;5236.0;3596.0;4898.0;5190.0;3596.0;3150.0;2697.0;2852.0;2970.0;2480.0;2340.0;2387.0
5790.0;2022-04-30;5.0;12.0;18.0;22.0;527.0;27.0;13.0;5.0;17.0;388.0;27.0;0.0;27.0;665.0;152.0;376.0;4;4;4;4;5;5;4;1;0;0;0;0;0;0;0;0;0;0;0;0;1;0;0;0.0;0.0;0.0;0.0;0.0;0.0;0.0;0.0;0.0;0.0;0.0;0.0;0.0;0.0;0.0;0.0;0.0;0.0;0.0;0.0;0.0;0.0;0.0;0.0;0.0;0.0;0.0;0.0;0.0;0.0;0.0;0.0;0.0;1.0;0.0;2.0;0.0;1.0;1.0;1.0;0.0;0;1;0;0;UNIÃO DA VITÓRIA;REGIÃO SUL;43;6262.0;5236.0;3596.0;4898.0;5190.0;3596.0;3150.0;2697.0;2852.0;2970.0;2480.0;2340.0
7812.0;2022-05-31;0.0;6.0;14.0;20.0;440.0;25.0;6.0;0.0;15.0;273.0;25.0;0.0;25.0;606.0;59.0;194.0;5;4;4;5;4;4;5;0;0;0;0;0;0;0;1;0;0;0;0;0;1;0;0;0.0;0.0;0.0;0.0;0.0;0.0;0.0;0.0;0.0;0.0;0.0;0.0;0.0;0.0;0.0;0.0;0.0;0.0;0.0;0.0;0.0;0.0;0.0;0.0;0.0;0.0;0.0;0.0;0.0;0.0;0.0;0.0;0.0;1.0;0.0;2.0;0.0;1.0;1.0;1.0;0.0;0;0;0;0;UNIÃO DA VITÓRIA;REGIÃO SUL;44;5790.0;6262.0;5236.0;3596.0;4898.0;5190.0;3596.0;3150.0;2697.0;2852.0;2970.0;2480.0
6990.0;2022-06-30;-1.0;6.0;13.0;19.0;403.0;25.0;6.0;-1.0;14.0;253.0;25.0;0.0;25.0;554.0;59.0;166.0;4;5;5;4;4;4;4;0;0;0;0;0;0;1;0;0;0;0;0;0;1;0;0;0.0;0.0;0.0;0.0;0.0;0.0;0.0;0.0;0.0;0.0;0.0;0.0;0.0;0.0;0.0;0.0;0.0;0.0;0.0;0.0;0.0;0.0;0.0;0.0;0.0;0.0;0.0;0.0;0.0;0.0;0.0;0.0;0.0;1.0;0.0;2.0;0.0;1.0;1.0;1.0;0.0;0;1;0;0;UNIÃO DA VITÓRIA;REGIÃO SUL;45;7812.0;5790.0;6262.0;5236.0;3596.0;4898.0;5190.0;3596.0;3150.0;2697.0;2852.0;2970.0
5580.0;2022-07-31;0.0;9.0;15.0;18.0;477.0;26.0;1.0;0.0;13.0;273.0;26.0;0.0;26.0;681.0;17.0;40.0;5;4;4;4;5;5;4;0;0;0;0;0;1;0;0;0;0;0;0;0;1;0;0;0.0;0.0;0.0;0.0;0.0;0.0;0.0;0.0;0.0;0.0;0.0;0.0;0.0;0.0;0.0;0.0;0.0;0.0;0.0;0.0;0.0;0.0;0.0;0.0;0.0;0.0;0.0;0.0;0.0;0.0;0.0;0.0;0.0;1.0;0.0;2.0;0.0;1.0;1.0;1.0;0.0;0;0;0;0;UNIÃO DA VITÓRIA;REGIÃO SUL;46;6990.0;7812.0;5790.0;6262.0;5236.0;3596.0;4898.0;5190.0;3596.0;3150.0;2697.0;2852.0
7440.0;2022-08-31;-2.0;5.0;13.0;18.0;409.0;26.0;5.0;-2.0;13.0;235.0;26.0;0.0;26.0;583.0;48.0;162.0;4;5;4;5;4;4;5;0;1;0;0;0;0;0;0;0;0;0;0;0;1;0;0;0.0;0.0;0.0;0.0;0.0;0.0;0.0;0.0;0.0;0.0;0.0;0.0;0.0;0.0;0.0;0.0;0.0;0.0;0.0;0.0;0.0;0.0;0.0;0.0;0.0;0.0;0.0;0.0;0.0;0.0;0.0;0.0;0.0;1.0;0.0;2.0;0.0;1.0;1.0;1.0;0.0;0;0;0;0;UNIÃO DA VITÓRIA;REGIÃO SUL;47;5580.0;6990.0;7812.0;5790.0;6262.0;5236.0;3596.0;4898.0;5190.0;3596.0;3150.0;2697.0
7800.0;2022-09-30;1.0;9.0;14.0;22.0;415.0;29.0;8.0;1.0;15.0;285.0;29.0;0.0;29.0;546.0;40.0;238.0;4;4;5;4;5;4;4;0;0;0;0;0;0;0;0;0;0;0;1;0;1;0;0;0.0;0.0;0.0;0.0;0.0;0.0;0.0;0.0;0.0;0.0;0.0;0.0;0.0;0.0;0.0;0.0;0.0;0.0;0.0;0.0;0.0;0.0;0.0;0.0;0.0;0.0;0.0;0.0;0.0;0.0;0.0;0.0;0.0;1.0;0.0;2.0;0.0;1.0;1.0;1.0;0.0;0;0;0;0;UNIÃO DA VITÓRIA;REGIÃO SUL;48;7440.0;5580.0;6990.0;7812.0;5790.0;6262.0;5236.0;3596.0;4898.0;5190.0;3596.0;3150.0
7750.0;2022-10-31;5.0;15.0;18.0;22.0;565.0;29.0;10.0;5.0;15.0;400.0;29.0;0.0;29.0;729.0;73.0;314.0;5;4;4;5;4;5;4;0;0;0;0;0;0;0;0;0;0;1;0;0;1;0;0;0.0;0.0;0.0;0.0;0.0;0.0;0.0;0.0;0.0;0.0;0.0;0.0;0.0;0.0;0.0;0.0;0.0;0.0;0.0;0.0;0.0;0.0;0.0;0.0;0.0;0.0;0.0;0.0;0.0;0.0;0.0;0.0;0.0;1.0;0.0;2.0;0.0;1.0;1.0;1.0;0.0;0;0;0;0;UNIÃO DA VITÓRIA;REGIÃO SUL;49;7800.0;7440.0;5580.0;6990.0;7812.0;5790.0;6262.0;5236.0;3596.0;4898.0;5190.0;3596.0
8220.0;2022-11-30;6.0;10.0;18.0;22.0;535.0;29.0;2.0;6.0;17.0;351.0;29.0;0.0;29.0;720.0;11.0;63.0;4;5;4;4;4;4;5;0;0;0;0;0;0;0;0;0;1;0;0;0;1;0;0;0.0;0.0;0.0;0.0;0.0;0.0;0.0;0.0;0.0;0.0;0.0;0.0;0.0;0.0;0.0;0.0;0.0;0.0;0.0;0.0;0.0;0.0;0.0;0.0;0.0;0.0;0.0;0.0;0.0;0.0;0.0;0.0;0.0;1.0;0.0;2.0;0.0;1.0;1.0;1.0;0.0;0;0;0;0;UNIÃO DA VITÓRIA;REGIÃO SUL;50;7750.0;7800.0;7440.0;5580.0;6990.0;7812.0;5790.0;6262.0;5236.0;3596.0;4898.0;5190.0
8091.0;2022-12-31;11.0;17.0;22.0;25.0;676.0;32.0;4.0;11.0;20.0;503.0;32.0;0.0;32.0;849.0;25.0;138.0;4;4;5;4;5;5;4;0;0;1;0;0;0;0;0;0;0;0;0;0;1;0;0;0.0;0.0;0.0;0.0;0.0;0.0;0.0;0.0;0.0;0.0;0.0;0.0;0.0;0.0;0.0;0.0;0.0;0.0;0.0;0.0;0.0;0.0;0.0;0.0;0.0;0.0;0.0;0.0;0.0;0.0;0.0;0.0;0.0;1.0;0.0;2.0;0.0;1.0;1.0;1.0;0.0;0;0;0;0;UNIÃO DA VITÓRIA;REGIÃO SUL;51;8220.0;7750.0;7800.0;7440.0;5580.0;6990.0;7812.0;5790.0;6262.0;5236.0;3596.0;4898.0
5766.0;2023-01-31;11.0;17.0;22.0;24.0;677.0;31.0;4.0;11.0;19.0;503.0;31.0;0.0;31.0;850.0;26.0;124.0;5;4;4;5;4;4;5;0;0;0;0;1;0;0;0;0;0;0;0;0;0;1;0;0.0;0.0;0.0;0.0;0.0;0.0;0.0;0.0;0.0;0.0;0.0;0.0;0.0;0.0;0.0;0.0;0.0;0.0;0.0;0.0;0.0;0.0;0.0;0.0;0.0;0.0;0.0;0.0;0.0;0.0;0.0;0.0;0.0;1.0;0.0;2.0;0.0;1.0;1.0;1.0;0.0;31;0;0;0;UNIÃO DA VITÓRIA;REGIÃO SUL;52;8091.0;8220.0;7750.0;7800.0;7440.0;5580.0;6990.0;7812.0;5790.0;6262.0;5236.0;3596.0
7476.0;2023-02-28;12.0;15.0;22.0;24.0;604.0;30.0;5.0;12.0;19.0;467.0;30.0;0.0;30.0;741.0;37.0;152.0;4;4;4;4;4;4;4;0;0;0;1;0;0;0;0;0;0;0;0;0;0;1;0;0.0;0.0;0.0;0.0;0.0;0.0;0.0;0.0;0.0;0.0;0.0;0.0;0.0;0.0;0.0;0.0;0.0;0.0;0.0;0.0;0.0;0.0;0.0;0.0;0.0;0.0;0.0;0.0;0.0;0.0;0.0;0.0;0.0;1.0;0.0;2.0;0.0;1.0;1.0;1.0;0.0;0;3;0;0;UNIÃO DA VITÓRIA;REGIÃO SUL;53;5766.0;8091.0;8220.0;7750.0;7800.0;7440.0;5580.0;6990.0;7812.0;5790.0;6262.0;5236.0
9362.0;2023-03-31;14.0;21.0;22.0;24.0;691.0;31.0;5.0;14.0;19.0;519.0;31.0;0.0;31.0;863.0;27.0;169.0;4;5;5;4;5;4;4;0;0;0;0;0;0;0;0;1;0;0;0;0;0;1;0;0.0;0.0;0.0;0.0;0.0;0.0;0.0;0.0;0.0;0.0;0.0;0.0;0.0;0.0;0.0;0.0;0.0;0.0;0.0;0.0;0.0;0.0;0.0;0.0;0.0;0.0;0.0;0.0;0.0;0.0;0.0;0.0;0.0;1.0;0.0;2.0;0.0;1.0;1.0;1.0;0.0;0;0;0;0;UNIÃO DA VITÓRIA;REGIÃO SUL;54;7476.0;5766.0;8091.0;8220.0;7750.0;7800.0;7440.0;5580.0;6990.0;7812.0;5790.0;6262.0
8010.0;2023-04-30;7.0;13.0;18.0;21.0;547.0;28.0;3.0;7.0;16.0;383.0;28.0;0.0;28.0;712.0;22.0;80.0;5;4;4;4;4;5;4;1;0;0;0;0;0;0;0;0;0;0;0;0;0;1;0;0.0;0.0;0.0;0.0;0.0;0.0;0.0;0.0;0.0;0.0;0.0;0.0;0.0;0.0;0.0;0.0;0.0;0.0;0.0;0.0;0.0;0.0;0.0;0.0;0.0;0.0;0.0;0.0;0.0;0.0;0.0;0.0;0.0;1.0;0.0;2.0;0.0;1.0;1.0;1.0;0.0;0;1;0;0;UNIÃO DA VITÓRIA;REGIÃO SUL;55;9362.0;7476.0;5766.0;8091.0;8220.0;7750.0;7800.0;7440.0;5580.0;6990.0;7812.0;5790.0
9176.0;2023-05-31;5.0;12.0;16.0;21.0;504.0;26.0;3.0;5.0;17.0;324.0;26.0;0.0;26.0;684.0;23.0;93.0;4;5;4;5;4;4;5;0;0;0;0;0;0;0;1;0;0;0;0;0;0;1;0;0.0;0.0;0.0;0.0;0.0;0.0;0.0;0.0;0.0;0.0;0.0;0.0;0.0;0.0;0.0;0.0;0.0;0.0;0.0;0.0;0.0;0.0;0.0;0.0;0.0;0.0;0.0;0.0;0.0;0.0;0.0;0.0;0.0;1.0;0.0;2.0;0.0;1.0;1.0;1.0;0.0;0;0;0;0;UNIÃO DA VITÓRIA;REGIÃO SUL;56;8010.0;9362.0;7476.0;5766.0;8091.0;8220.0;7750.0;7800.0;7440.0;5580.0;6990.0;7812.0
9270.0;2023-06-30;2.0;9.0;14.0;19.0;418.0;25.0;2.0;2.0;14.0;245.0;25.0;0.0;25.0;591.0;18.0;70.0;4;4;5;4;5;4;4;0;0;0;0;0;0;1;0;0;0;0;0;0;0;1;0;0.0;0.0;0.0;0.0;0.0;0.0;0.0;0.0;0.0;0.0;0.0;0.0;0.0;0.0;0.0;0.0;0.0;0.0;0.0;0.0;0.0;0.0;0.0;0.0;0.0;0.0;0.0;0.0;0.0;0.0;0.0;0.0;0.0;1.0;0.0;2.0;0.0;1.0;1.0;1.0;0.0;0;1;0;0;UNIÃO DA VITÓRIA;REGIÃO SUL;57;9176.0;8010.0;9362.0;7476.0;5766.0;8091.0;8220.0;7750.0;7800.0;7440.0;5580.0;6990.0
7471.0;2023-07-31;3.0;8.0;14.0;19.0;441.0;24.0;6.0;3.0;14.0;292.0;24.0;0.0;24.0;589.0;89.0;174.0;5;4;4;5;4;5;4;0;0;0;0;0;1;0;0;0;0;0;0;0;0;1;0;0.0;0.0;0.0;0.0;0.0;0.0;0.0;0.0;0.0;0.0;0.0;0.0;0.0;0.0;0.0;0.0;0.0;0.0;0.0;0.0;0.0;0.0;0.0;0.0;0.0;0.0;0.0;0.0;0.0;0.0;0.0;0.0;0.0;1.0;0.0;2.0;0.0;1.0;1.0;1.0;0.0;15;0;0;0;UNIÃO DA VITÓRIA;REGIÃO SUL;58;9270.0;9176.0;8010.0;9362.0;7476.0;5766.0;8091.0;8220.0;7750.0;7800.0;7440.0;5580.0
10168.0;2023-08-31;2.0;9.0;15.0;23.0;478.0;30.0;6.0;2.0;17.0;299.0;30.0;0.0;30.0;656.0;68.0;200.0;4;5;5;4;4;4;5;0;1;0;0;0;0;0;0;0;0;0;0;0;0;1;0;0.0;0.0;0.0;0.0;0.0;0.0;0.0;0.0;0.0;0.0;0.0;0.0;0.0;0.0;0.0;0.0;0.0;0.0;0.0;0.0;0.0;0.0;0.0;0.0;0.0;0.0;0.0;0.0;0.0;0.0;0.0;0.0;0.0;1.0;0.0;2.0;0.0;1.0;1.0;1.0;0.0;0;0;0;0;UNIÃO DA VITÓRIA;REGIÃO SUL;59;7471.0;9270.0;9176.0;8010.0;9362.0;7476.0;5766.0;8091.0;8220.0;7750.0;7800.0;7440.0
9300.0;2023-09-30;5.0;13.0;19.0;25.0;572.0;33.0;6.0;5.0;19.0;402.0;33.0;0.0;33.0;742.0;52.0;187.0;4;4;4;4;5;5;4;0;0;0;0;0;0;0;0;0;0;0;1;0;0;1;0;0.0;0.0;0.0;0.0;0.0;0.0;0.0;0.0;0.0;0.0;0.0;0.0;0.0;0.0;0.0;0.0;0.0;0.0;0.0;0.0;0.0;0.0;0.0;0.0;0.0;0.0;0.0;0.0;0.0;0.0;0.0;0.0;0.0;1.0;0.0;2.0;0.0;1.0;1.0;1.0;0.0;0;0;0;0;UNIÃO DA VITÓRIA;REGIÃO SUL;60;10168.0;7471.0;9270.0;9176.0;8010.0;9362.0;7476.0;5766.0;8091.0;8220.0;7750.0;7800.0
7533.0;2023-10-31;10.0;13.0;19.0;23.0;590.0;30.0;18.0;10.0;19.0;456.0;30.0;0.0;30.0;724.0;110.0;546.0;5;4;4;5;4;4;5;0;0;0;0;0;0;0;0;0;0;1;0;0;0;1;0;0.0;0.0;0.0;0.0;0.0;0.0;0.0;0.0;0.0;0.0;0.0;0.0;0.0;0.0;0.0;0.0;0.0;0.0;0.0;0.0;0.0;0.0;0.0;0.0;0.0;0.0;0.0;0.0;0.0;0.0;0.0;0.0;0.0;1.0;0.0;2.0;0.0;1.0;1.0;1.0;0.0;0;0;0;0;UNIÃO DA VITÓRIA;REGIÃO SUL;61;9300.0;10168.0;7471.0;9270.0;9176.0;8010.0;9362.0;7476.0;5766.0;8091.0;8220.0;7750.0
9750.0;2023-11-30;6.0;15.0;21.0;27.0;633.0;34.0;9.0;6.0;21.0;479.0;34.0;0.0;34.0;786.0;51.0;261.0;4;5;5;4;4;4;4;0;0;0;0;0;0;0;0;0;1;0;0;0;0;1;0;0.0;0.0;0.0;0.0;0.0;0.0;0.0;0.0;0.0;0.0;0.0;0.0;0.0;0.0;0.0;0.0;0.0;0.0;0.0;0.0;0.0;0.0;0.0;0.0;0.0;0.0;0.0;0.0;0.0;0.0;0.0;0.0;0.0;1.0;0.0;2.0;0.0;1.0;1.0;1.0;0.0;0;0;0;0;UNIÃO DA VITÓRIA;REGIÃO SUL;62;7533.0;9300.0;10168.0;7471.0;9270.0;9176.0;8010.0;9362.0;7476.0;5766.0;8091.0;8220.0
10013.0;2023-12-31;15.0;17.0;24.0;27.0;731.0;35.0;4.0;15.0;21.0;545.0;35.0;0.0;35.0;916.0;21.0;112.0;5;4;4;4;5;5;4;0;0;1;0;0;0;0;0;0;0;0;0;0;0;1;0;0.0;0.0;0.0;0.0;0.0;0.0;0.0;0.0;0.0;0.0;0.0;0.0;0.0;0.0;0.0;0.0;0.0;0.0;0.0;0.0;0.0;0.0;0.0;0.0;0.0;0.0;0.0;0.0;0.0;0.0;0.0;0.0;0.0;1.0;0.0;2.0;0.0;1.0;1.0;1.0;0.0;0;0;0;0;UNIÃO DA VITÓRIA;REGIÃO SUL;63;9750.0;7533.0;9300.0;10168.0;7471.0;9270.0;9176.0;8010.0;9362.0;7476.0;5766.0;8091.0
6572.0;2024-01-31;12.0;17.0;23.0;27.0;704.0;35.0;6.0;12.0;21.0;535.0;35.0;0.0;35.0;873.0;55.0;191.0;4;5;4;5;4;4;5;0;0;0;0;1;0;0;0;0;0;0;0;0;0;0;1;0.0;0.0;0.0;0.0;0.0;0.0;0.0;0.0;0.0;0.0;0.0;0.0;0.0;0.0;0.0;0.0;0.0;0.0;0.0;0.0;0.0;0.0;0.0;0.0;0.0;0.0;0.0;0.0;0.0;0.0;0.0;0.0;0.0;1.0;0.0;2.0;0.0;1.0;1.0;1.0;0.0;31;0;0;0;UNIÃO DA VITÓRIA;REGIÃO SUL;64;10013.0;9750.0;7533.0;9300.0;10168.0;7471.0;9270.0;9176.0;8010.0;9362.0;7476.0;5766.0
9831.0;2024-02-29;15.0;19.0;23.0;26.0;679.0;33.0;5.0;15.0;20.0;519.0;33.0;0.0;33.0;840.0;42.0;136.0;4;4;5;4;4;4;4;0;0;0;1;0;0;0;0;0;0;0;0;0;0;0;1;0.0;0.0;0.0;0.0;0.0;0.0;0.0;0.0;0.0;0.0;0.0;0.0;0.0;0.0;0.0;0.0;0.0;0.0;0.0;0.0;0.0;0.0;0.0;0.0;0.0;0.0;0.0;0.0;0.0;0.0;0.0;0.0;0.0;1.0;0.0;2.0;0.0;1.0;1.0;1.0;0.0;0;3;0;0;UNIÃO DA VITÓRIA;REGIÃO SUL;65;6572.0;10013.0;9750.0;7533.0;9300.0;10168.0;7471.0;9270.0;9176.0;8010.0;9362.0;7476.0
11594.0;2024-03-31;14.0;17.0;23.0;27.0;713.0;34.0;2.0;14.0;21.0;546.0;34.0;0.0;34.0;879.0;18.0;76.0;5;4;4;4;5;5;4;0;0;0;0;0;0;0;0;1;0;0;0;0;0;0;1;0.0;0.0;0.0;0.0;0.0;0.0;0.0;0.0;0.0;0.0;0.0;0.0;0.0;0.0;0.0;0.0;0.0;0.0;0.0;0.0;0.0;0.0;0.0;0.0;0.0;0.0;0.0;0.0;0.0;0.0;0.0;0.0;0.0;1.0;0.0;2.0;0.0;1.0;1.0;1.0;0.0;0;1;0;0;UNIÃO DA VITÓRIA;REGIÃO SUL;66;9831.0;6572.0;10013.0;9750.0;7533.0;9300.0;10168.0;7471.0;9270.0;9176.0;8010.0;9362.0
8670.0;2024-04-30;8.0;16.0;21.0;25.0;620.0;31.0;4.0;8.0;19.0;468.0;31.0;0.0;31.0;771.0;64.0;119.0;4;4;4;5;4;4;5;1;0;0;0;0;0;0;0;0;0;0;0;0;0;0;1;0.0;0.0;0.0;0.0;0.0;0.0;0.0;0.0;0.0;0.0;0.0;0.0;0.0;0.0;0.0;0.0;0.0;0.0;0.0;0.0;0.0;0.0;0.0;0.0;0.0;0.0;0.0;0.0;0.0;0.0;0.0;0.0;0.0;1.0;0.0;2.0;0.0;1.0;1.0;1.0;0.0;0;0;0;0;UNIÃO DA VITÓRIA;REGIÃO SUL;67;11594.0;9831.0;6572.0;10013.0;9750.0;7533.0;9300.0;10168.0;7471.0;9270.0;9176.0;8010.0
5580.0;2024-05-31;3.0;10.0;18.0;23.0;556.0;29.0;3.0;3.0;19.0;402.0;29.0;0.0;29.0;709.0;30.0;103.0;4;5;5;4;5;4;4;0;0;0;0;0;0;0;1;0;0;0;0;0;0;0;1;0.0;0.0;0.0;0.0;0.0;0.0;0.0;0.0;0.0;0.0;0.0;0.0;0.0;0.0;0.0;0.0;0.0;0.0;0.0;0.0;0.0;0.0;0.0;0.0;0.0;0.0;0.0;0.0;0.0;0.0;0.0;0.0;0.0;1.0;0.0;2.0;0.0;1.0;1.0;1.0;0.0;0;1;0;30;UNIÃO DA VITÓRIA;REGIÃO SUL;68;8670.0;11594.0;9831.0;6572.0;10013.0;9750.0;7533.0;9300.0;10168.0;7471.0;9270.0;9176.0
5640.0;2024-06-30;-0.0;8.0;17.0;20.0;499.0;26.0;1.0;-0.0;16.0;321.0;26.0;0.0;26.0;677.0;15.0;22.0;5;4;4;4;4;5;4;0;0;0;0;0;0;1;0;0;0;0;0;0;0;0;1;0.0;0.0;0.0;0.0;0.0;0.0;0.0;0.0;0.0;0.0;0.0;0.0;0.0;0.0;0.0;0.0;0.0;0.0;0.0;0.0;0.0;0.0;0.0;0.0;0.0;0.0;0.0;0.0;0.0;0.0;0.0;0.0;0.0;1.0;0.0;2.0;0.0;1.0;1.0;1.0;0.0;0;0;0;30;UNIÃO DA VITÓRIA;REGIÃO SUL;69;5580.0;8670.0;11594.0;9831.0;6572.0;10013.0;9750.0;7533.0;9300.0;10168.0;7471.0;9270.0
11687.0;2024-07-31;1.0;9.0;13.0;18.0;413.0;25.0;6.0;1.0;12.0;247.0;25.0;0.0;25.0;579.0;44.0;188.0;4;5;4;5;4;4;5;0;0;0;0;0;1;0;0;0;0;0;0;0;0;0;1;0.0;0.0;0.0;0.0;0.0;0.0;0.0;0.0;0.0;0.0;0.0;0.0;0.0;0.0;0.0;0.0;0.0;0.0;0.0;0.0;0.0;0.0;0.0;0.0;0.0;0.0;0.0;0.0;0.0;0.0;0.0;0.0;0.0;1.0;0.0;2.0;0.0;1.0;1.0;1.0;0.0;12;0;0;0;UNIÃO DA VITÓRIA;REGIÃO SUL;70;5640.0;5580.0;8670.0;11594.0;9831.0;6572.0;10013.0;9750.0;7533.0;9300.0;10168.0;7471.0
11129.0;2024-08-31;-3.0;7.0;15.0;21.0;468.0;31.0;1.0;-3.0;14.0;232.0;31.0;0.0;31.0;704.0;16.0;39.0;4;4;5;4;5;5;4;0;1;0;0;0;0;0;0;0;0;0;0;0;0;0;1;0.0;0.0;0.0;0.0;0.0;0.0;0.0;0.0;0.0;0.0;0.0;0.0;0.0;0.0;0.0;0.0;0.0;0.0;0.0;0.0;0.0;0.0;0.0;0.0;0.0;0.0;0.0;0.0;0.0;0.0;0.0;0.0;0.0;1.0;0.0;2.0;0.0;1.0;1.0;1.0;0.0;0;0;0;0;UNIÃO DA VITÓRIA;REGIÃO SUL;71;11687.0;5640.0;5580.0;8670.0;11594.0;9831.0;6572.0;10013.0;9750.0;7533.0;9300.0;10168.0
9690.0;2024-09-30;10.0;13.0;20.0;24.0;591.0;34.0;3.0;10.0;17.0;378.0;34.0;0.0;34.0;804.0;29.0;84.0;5;4;4;5;4;4;4;0;0;0;0;0;0;0;0;0;0;0;1;0;0;0;1;0.0;0.0;0.0;0.0;0.0;0.0;0.0;0.0;0.0;0.0;0.0;0.0;0.0;0.0;0.0;0.0;0.0;0.0;0.0;0.0;0.0;0.0;0.0;0.0;0.0;0.0;0.0;0.0;0.0;0.0;0.0;0.0;0.0;1.0;0.0;2.0;0.0;1.0;1.0;1.0;0.0;0;0;0;0;UNIÃO DA VITÓRIA;REGIÃO SUL;72;11129.0;11687.0;5640.0;5580.0;8670.0;11594.0;9831.0;6572.0;10013.0;9750.0;7533.0;9300.0
10416.0;2024-10-31;10.0;14.0;20.0;25.0;610.0;33.0;3.0;10.0;19.0;452.0;33.0;0.0;33.0;767.0;33.0;107.0;4;5;5;4;4;4;5;0;0;0;0;0;0;0;0;0;0;1;0;0;0;0;1;0.0;0.0;0.0;0.0;0.0;0.0;0.0;0.0;0.0;0.0;0.0;0.0;0.0;0.0;0.0;0.0;0.0;0.0;0.0;0.0;0.0;0.0;0.0;0.0;0.0;0.0;0.0;0.0;0.0;0.0;0.0;0.0;0.0;1.0;0.0;2.0;0.0;1.0;1.0;1.0;0.0;0;0;0;0;UNIÃO DA VITÓRIA;REGIÃO SUL;73;9690.0;11129.0;11687.0;5640.0;5580.0;8670.0;11594.0;9831.0;6572.0;10013.0;9750.0;7533.0
