FEATURES;RRMSE
('TEMP_MÉD_MIN_MENS', 'TEMP_MÉD_MÉD_MENS', 'PRECIPITAÇÃO_MÉD_MENS', 'TEMP_MIN_MAX_MENS', 'TEMP_MAX_MIN_MENS', 'PRECIPITAÇÃO_MIN_MENS', 'TEMP_MAX_MAX_MENS', 'DIA_DA_SEMANA_dom', 'DIA_DA_SEMANA_seg', 'DIA_DA_SEMANA_sáb', 'DIA_DA_SEMANA_ter', 'MÊS_abr', 'MÊS_ago', 'MÊS_fev', 'MÊS_jun', 'MÊS_mai', 'MÊS_nov', 'ANO_2021', 'ANO_2022', 'ANO_2023', 'ANO_2015', 'ANO_2016', 'ANO_2017', 'ANO_2018', 'ANO_2019', 'CAMPUS_ASTORGA', 'CAMPUS_CAMPO LARGO', 'CAMPUS_CAPANEMA', 'CAMPUS_CASCAVEL', 'CAMPUS_CORONEL VIVIDA', 'CAMPUS_CURITIBA', 'CAMPUS_GOIOERÊ', 'CAMPUS_IVAIPORÃ', 'CAMPUS_JAGUARIAÍVA', 'CAMPUS_LONDRINA - CENTRO', 'CAMPUS_PALMAS', 'CAMPUS_PARANAGUÁ', 'CAMPUS_PINHAIS', 'CAMPUS_TELÊMACO BORBA', 'CAMPUS_UMUARAMA', 'CURSOS_TEC_SUBSEQUENTE', 'CURSOS_GRAD_MATUTINO', 'CURSOS_GRAD_VESPERTINO', 'CURSOS_GRAD_NOTURNO', 'CURSOS_POS', 'FÉRIAS', 'COVID', 'LAG_01', 'LAG_02', 'LAG_03', 'LAG_05', 'LAG_07', 'LAG_09');0.26174
('TEMP_MIN_MÉD_MENS', 'TEMP_MÉD_MÉD_MENS', 'TEMP_MÉD_MAX_MENS', 'TEMP_MAX_MÉD_MENS', 'PRECIPITAÇÃO_MÉD_MENS', 'TEMP_MIN_MAX_MENS', 'TEMP_MAX_MIN_MENS', 'PRECIPITAÇÃO_MIN_MENS', 'TEMP_MAX_ACC_MENS', 'PRECIPITAÇÃO_MAX_MENS', 'PRECIPITAÇÃO_ACC_MENS', 'DIA_DA_SEMANA_qui', 'DIA_DA_SEMANA_seg', 'DIA_DA_SEMANA_ter', 'MÊS_abr', 'MÊS_fev', 'MÊS_jul', 'MÊS_jun', 'MÊS_mai', 'MÊS_nov', 'MÊS_out', 'MÊS_set', 'ANO_2021', 'ANO_2022', 'ANO_2023', 'ANO_2024', 'ANO_2015', 'ANO_2016', 'ANO_2019', 'ANO_2020', 'CAMPUS_ASSIS CHATEAUBRIAND', 'CAMPUS_ASTORGA', 'CAMPUS_BARRACÃO', 'CAMPUS_CORONEL VIVIDA', 'CAMPUS_CURITIBA', 'CAMPUS_FOZ DO IGUAÇU', 'CAMPUS_IRATI', 'CAMPUS_IVAIPORÃ', 'CAMPUS_JACAREZINHO', 'CAMPUS_JAGUARIAÍVA', 'CAMPUS_QUEDAS DO IGUAÇU', 'CAMPUS_UMUARAMA', 'CAMPUS_UNIÃO DA VITÓRIA', 'CURSOS_TEC_INTEGRADO', 'CURSOS_TEC_SUBSEQUENTE', 'CURSOS_GRAD_MATUTINO', 'CURSOS_GRAD_VESPERTINO', 'FÉRIAS', 'COVID', 'GREVE', 'LAG_01', 'LAG_03', 'LAG_04', 'LAG_05', 'LAG_09');0.26508
('TEMP_MIN_MÉD_MENS', 'TEMP_MÉD_MIN_MENS', 'TEMP_MÉD_MAX_MENS', 'TEMP_MÉD_ACC_MENS', 'PRECIPITAÇÃO_MÉD_MENS', 'TEMP_MIN_MAX_MENS', 'TEMP_MAX_MIN_MENS', 'TEMP_MAX_ACC_MENS', 'PRECIPITAÇÃO_ACC_MENS', 'DIA_DA_SEMANA_dom', 'DIA_DA_SEMANA_qui', 'DIA_DA_SEMANA_seg', 'DIA_DA_SEMANA_sex', 'DIA_DA_SEMANA_sáb', 'MÊS_abr', 'MÊS_ago', 'MÊS_dez', 'MÊS_jul', 'MÊS_jun', 'MÊS_nov', 'MÊS_out', 'MÊS_set', 'ANO_2021', 'ANO_2023', 'ANO_2024', 'ANO_2015', 'ANO_2017', 'ANO_2018', 'ANO_2019', 'ANO_2020', 'CAMPUS_ASSIS CHATEAUBRIAND', 'CAMPUS_BARRACÃO', 'CAMPUS_CASCAVEL', 'CAMPUS_CORONEL VIVIDA', 'CAMPUS_CURITIBA', 'CAMPUS_GOIOERÊ', 'CAMPUS_IRATI', 'CAMPUS_IVAIPORÃ', 'CAMPUS_JACAREZINHO', 'CAMPUS_PALMAS', 'CAMPUS_PARANAGUÁ', 'CAMPUS_PARANAVAÍ', 'CAMPUS_PINHAIS', 'CAMPUS_PITANGA', 'CAMPUS_UMUARAMA', 'CURSOS_TEC_INTEGRADO', 'CURSOS_TEC_SUBSEQUENTE', 'CURSOS_GRAD_MATUTINO', 'CURSOS_GRAD_VESPERTINO', 'CURSOS_GRAD_NOTURNO', 'CURSOS_POS', 'FÉRIAS', 'FERIADO', 'COVID', 'LAG_01', 'LAG_05', 'LAG_06', 'LAG_08', 'LAG_09', 'LAG_10', 'LAG_11');0.2661
('TEMP_MÉD_MÉD_MENS', 'TEMP_MÉD_MAX_MENS', 'TEMP_MÉD_ACC_MENS', 'TEMP_MAX_MÉD_MENS', 'PRECIPITAÇÃO_MÉD_MENS', 'TEMP_MIN_MAX_MENS', 'TEMP_MAX_MAX_MENS', 'PRECIPITAÇÃO_MAX_MENS', 'PRECIPITAÇÃO_ACC_MENS', 'DIA_DA_SEMANA_qui', 'DIA_DA_SEMANA_ter', 'MÊS_dez', 'MÊS_jan', 'MÊS_jul', 'MÊS_jun', 'MÊS_mai', 'MÊS_nov', 'ANO_2023', 'ANO_2024', 'ANO_2019', 'CAMPUS_ASSIS CHATEAUBRIAND', 'CAMPUS_ASTORGA', 'CAMPUS_CAMPO LARGO', 'CAMPUS_CAPANEMA', 'CAMPUS_CORONEL VIVIDA', 'CAMPUS_FOZ DO IGUAÇU', 'CAMPUS_JAGUARIAÍVA', 'CAMPUS_PALMAS', 'CAMPUS_QUEDAS DO IGUAÇU', 'CAMPUS_TELÊMACO BORBA', 'CAMPUS_UMUARAMA', 'CURSOS_TEC_INTEGRADO', 'CURSOS_TEC_SUBSEQUENTE', 'CURSOS_GRAD_MATUTINO', 'CURSOS_GRAD_VESPERTINO', 'CURSOS_GRAD_NOTURNO', 'FÉRIAS', 'FERIADO', 'COVID', 'GREVE', 'LAG_01', 'LAG_02', 'LAG_03', 'LAG_04', 'LAG_06', 'LAG_07', 'LAG_08', 'LAG_09');0.26714
('TEMP_MIN_MÉD_MENS', 'TEMP_MÉD_MIN_MENS', 'TEMP_MÉD_MAX_MENS', 'PRECIPITAÇÃO_MÉD_MENS', 'TEMP_MIN_MAX_MENS', 'TEMP_MAX_MAX_MENS', 'TEMP_MAX_ACC_MENS', 'DIA_DA_SEMANA_dom', 'DIA_DA_SEMANA_qui', 'DIA_DA_SEMANA_sáb', 'MÊS_abr', 'MÊS_dez', 'MÊS_fev', 'MÊS_jan', 'MÊS_jul', 'MÊS_jun', 'ANO_2021', 'ANO_2022', 'ANO_2023', 'ANO_2024', 'ANO_2015', 'ANO_2016', 'ANO_2017', 'ANO_2018', 'ANO_2019', 'CAMPUS_ASTORGA', 'CAMPUS_CAMPO LARGO', 'CAMPUS_CASCAVEL', 'CAMPUS_CURITIBA', 'CAMPUS_IVAIPORÃ', 'CAMPUS_JAGUARIAÍVA', 'CAMPUS_LONDRINA - CENTRO', 'CAMPUS_PALMAS', 'CAMPUS_PARANAGUÁ', 'CAMPUS_PINHAIS', 'CAMPUS_QUEDAS DO IGUAÇU', 'CAMPUS_TELÊMACO BORBA', 'CURSOS_TEC_SUBSEQUENTE', 'CURSOS_GRAD_NOTURNO', 'CURSOS_POS', 'FÉRIAS', 'COVID', 'ORDEM', 'LAG_01', 'LAG_02', 'LAG_03', 'LAG_04', 'LAG_05', 'LAG_06', 'LAG_07', 'LAG_08', 'LAG_10', 'LAG_11');0.26715
('TEMP_MÉD_MIN_MENS', 'TEMP_MÉD_MÉD_MENS', 'TEMP_MÉD_ACC_MENS', 'TEMP_MIN_MIN_MENS', 'TEMP_MIN_MAX_MENS', 'TEMP_MIN_ACC_MENS', 'TEMP_MAX_MIN_MENS', 'PRECIPITAÇÃO_MIN_MENS', 'TEMP_MAX_MAX_MENS', 'TEMP_MAX_ACC_MENS', 'PRECIPITAÇÃO_MAX_MENS', 'PRECIPITAÇÃO_ACC_MENS', 'DIA_DA_SEMANA_dom', 'DIA_DA_SEMANA_qua', 'DIA_DA_SEMANA_ter', 'MÊS_abr', 'MÊS_dez', 'MÊS_fev', 'MÊS_jun', 'ANO_2024', 'ANO_2017', 'ANO_2018', 'ANO_2019', 'ANO_2020', 'CAMPUS_BARRACÃO', 'CAMPUS_CAMPO LARGO', 'CAMPUS_CASCAVEL', 'CAMPUS_CURITIBA', 'CAMPUS_FOZ DO IGUAÇU', 'CAMPUS_IRATI', 'CAMPUS_IVAIPORÃ', 'CAMPUS_JACAREZINHO', 'CAMPUS_JAGUARIAÍVA', 'CAMPUS_LONDRINA - CENTRO', 'CAMPUS_PARANAGUÁ', 'CAMPUS_PARANAVAÍ', 'CAMPUS_PINHAIS', 'CAMPUS_PITANGA', 'CAMPUS_QUEDAS DO IGUAÇU', 'CAMPUS_TELÊMACO BORBA', 'CAMPUS_UMUARAMA', 'CURSOS_GRAD_VESPERTINO', 'FÉRIAS', 'COVID', 'GREVE', 'LAG_01', 'LAG_06', 'LAG_08', 'LAG_09');0.26751
('TEMP_MIN_MÉD_MENS', 'TEMP_MÉD_MÉD_MENS', 'TEMP_MÉD_ACC_MENS', 'TEMP_MIN_MIN_MENS', 'TEMP_MIN_MAX_MENS', 'TEMP_MIN_ACC_MENS', 'TEMP_MAX_MIN_MENS', 'PRECIPITAÇÃO_MIN_MENS', 'TEMP_MAX_MAX_MENS', 'TEMP_MAX_ACC_MENS', 'PRECIPITAÇÃO_ACC_MENS', 'DIA_DA_SEMANA_sex', 'DIA_DA_SEMANA_sáb', 'DIA_DA_SEMANA_ter', 'MÊS_abr', 'MÊS_ago', 'MÊS_jul', 'MÊS_mai', 'MÊS_nov', 'MÊS_out', 'ANO_2023', 'ANO_2024', 'ANO_2015', 'ANO_2016', 'ANO_2017', 'CAMPUS_ASSIS CHATEAUBRIAND', 'CAMPUS_ASTORGA', 'CAMPUS_BARRACÃO', 'CAMPUS_CAMPO LARGO', 'CAMPUS_CORONEL VIVIDA', 'CAMPUS_CURITIBA', 'CAMPUS_GOIOERÊ', 'CAMPUS_JACAREZINHO', 'CAMPUS_JAGUARIAÍVA', 'CAMPUS_LONDRINA - CENTRO', 'CAMPUS_PARANAVAÍ', 'CAMPUS_PINHAIS', 'CAMPUS_PITANGA', 'CAMPUS_QUEDAS DO IGUAÇU', 'CAMPUS_TELÊMACO BORBA', 'CAMPUS_UMUARAMA', 'CAMPUS_UNIÃO DA VITÓRIA', 'CURSOS_TEC_SUBSEQUENTE', 'CURSOS_GRAD_MATUTINO', 'CURSOS_GRAD_VESPERTINO', 'FÉRIAS', 'FERIADO', 'COVID', 'GREVE', 'ORDEM', 'LAG_01', 'LAG_03', 'LAG_04', 'LAG_05', 'LAG_06', 'LAG_08', 'LAG_09');0.26821
('TEMP_MIN_MÉD_MENS', 'TEMP_MÉD_MIN_MENS', 'TEMP_MÉD_MAX_MENS', 'TEMP_MAX_MÉD_MENS', 'PRECIPITAÇÃO_MÉD_MENS', 'TEMP_MIN_MIN_MENS', 'TEMP_MIN_MAX_MENS', 'TEMP_MAX_MIN_MENS', 'PRECIPITAÇÃO_MIN_MENS', 'TEMP_MAX_MAX_MENS', 'TEMP_MAX_ACC_MENS', 'PRECIPITAÇÃO_MAX_MENS', 'PRECIPITAÇÃO_ACC_MENS', 'DIA_DA_SEMANA_dom', 'DIA_DA_SEMANA_qua', 'DIA_DA_SEMANA_seg', 'DIA_DA_SEMANA_sex', 'DIA_DA_SEMANA_sáb', 'DIA_DA_SEMANA_ter', 'MÊS_ago', 'MÊS_fev', 'MÊS_jan', 'MÊS_jul', 'MÊS_jun', 'MÊS_nov', 'ANO_2022', 'ANO_2015', 'ANO_2017', 'ANO_2020', 'CAMPUS_CAMPO LARGO', 'CAMPUS_CASCAVEL', 'CAMPUS_CORONEL VIVIDA', 'CAMPUS_CURITIBA', 'CAMPUS_FOZ DO IGUAÇU', 'CAMPUS_GOIOERÊ', 'CAMPUS_IRATI', 'CAMPUS_JACAREZINHO', 'CAMPUS_JAGUARIAÍVA', 'CAMPUS_LONDRINA - CENTRO', 'CAMPUS_PALMAS', 'CAMPUS_PARANAGUÁ', 'CAMPUS_PITANGA', 'CAMPUS_QUEDAS DO IGUAÇU', 'CAMPUS_UMUARAMA', 'CAMPUS_UNIÃO DA VITÓRIA', 'CURSOS_TEC_CONCOMITANTE', 'CURSOS_TEC_INTEGRADO', 'CURSOS_GRAD_VESPERTINO', 'CURSOS_GRAD_NOTURNO', 'CURSOS_POS', 'FÉRIAS', 'COVID', 'GREVE', 'LAG_01', 'LAG_02', 'LAG_03', 'LAG_04', 'LAG_06', 'LAG_07', 'LAG_09', 'LAG_11');0.26928
('TEMP_MIN_MÉD_MENS', 'TEMP_MÉD_MIN_MENS', 'TEMP_MÉD_MAX_MENS', 'TEMP_MÉD_ACC_MENS', 'TEMP_MAX_MÉD_MENS', 'PRECIPITAÇÃO_MÉD_MENS', 'TEMP_MIN_MIN_MENS', 'TEMP_MIN_MAX_MENS', 'TEMP_MIN_ACC_MENS', 'TEMP_MAX_MIN_MENS', 'TEMP_MAX_MAX_MENS', 'TEMP_MAX_ACC_MENS', 'PRECIPITAÇÃO_MAX_MENS', 'PRECIPITAÇÃO_ACC_MENS', 'DIA_DA_SEMANA_qua', 'DIA_DA_SEMANA_qui', 'DIA_DA_SEMANA_sáb', 'DIA_DA_SEMANA_ter', 'MÊS_abr', 'MÊS_jan', 'MÊS_jul', 'MÊS_out', 'MÊS_set', 'ANO_2021', 'ANO_2022', 'ANO_2015', 'ANO_2018', 'ANO_2019', 'ANO_2020', 'CAMPUS_ASSIS CHATEAUBRIAND', 'CAMPUS_CAMPO LARGO', 'CAMPUS_CAPANEMA', 'CAMPUS_CASCAVEL', 'CAMPUS_CURITIBA', 'CAMPUS_GOIOERÊ', 'CAMPUS_IVAIPORÃ', 'CAMPUS_JACAREZINHO', 'CAMPUS_PALMAS', 'CAMPUS_PARANAGUÁ', 'CAMPUS_PARANAVAÍ', 'CAMPUS_PINHAIS', 'CAMPUS_TELÊMACO BORBA', 'CAMPUS_UMUARAMA', 'CURSOS_TEC_CONCOMITANTE', 'CURSOS_TEC_SUBSEQUENTE', 'CURSOS_GRAD_MATUTINO', 'CURSOS_GRAD_VESPERTINO', 'CURSOS_GRAD_NOTURNO', 'FÉRIAS', 'COVID', 'LAG_01', 'LAG_02', 'LAG_05', 'LAG_06', 'LAG_07', 'LAG_08', 'LAG_10', 'LAG_11');0.26968
('TEMP_MIN_MÉD_MENS', 'TEMP_MÉD_MAX_MENS', 'TEMP_MÉD_ACC_MENS', 'PRECIPITAÇÃO_MÉD_MENS', 'TEMP_MIN_MAX_MENS', 'TEMP_MIN_ACC_MENS', 'TEMP_MAX_MIN_MENS', 'PRECIPITAÇÃO_MIN_MENS', 'TEMP_MAX_MAX_MENS', 'PRECIPITAÇÃO_MAX_MENS', 'DIA_DA_SEMANA_qua', 'DIA_DA_SEMANA_sex', 'MÊS_abr', 'MÊS_ago', 'MÊS_dez', 'MÊS_fev', 'MÊS_jan', 'MÊS_jul', 'MÊS_mai', 'MÊS_mar', 'MÊS_nov', 'MÊS_out', 'MÊS_set', 'ANO_2021', 'ANO_2022', 'ANO_2023', 'ANO_2024', 'ANO_2016', 'ANO_2018', 'ANO_2019', 'ANO_2020', 'CAMPUS_ASSIS CHATEAUBRIAND', 'CAMPUS_ASTORGA', 'CAMPUS_CAMPO LARGO', 'CAMPUS_CAPANEMA', 'CAMPUS_CASCAVEL', 'CAMPUS_CORONEL VIVIDA', 'CAMPUS_FOZ DO IGUAÇU', 'CAMPUS_GOIOERÊ', 'CAMPUS_IVAIPORÃ', 'CAMPUS_JACAREZINHO', 'CAMPUS_PARANAGUÁ', 'CAMPUS_PARANAVAÍ', 'CAMPUS_PINHAIS', 'CAMPUS_QUEDAS DO IGUAÇU', 'CAMPUS_TELÊMACO BORBA', 'CAMPUS_UNIÃO DA VITÓRIA', 'CURSOS_TEC_CONCOMITANTE', 'CURSOS_TEC_INTEGRADO', 'CURSOS_TEC_SUBSEQUENTE', 'CURSOS_GRAD_VESPERTINO', 'CURSOS_POS', 'FÉRIAS', 'FERIADO', 'COVID', 'GREVE', 'LAG_01', 'LAG_05', 'LAG_06', 'LAG_08', 'LAG_09');0.26969
('PRECIPITAÇÃO_MÉD_MENS', 'TEMP_MIN_MIN_MENS', 'TEMP_MIN_ACC_MENS', 'TEMP_MAX_MIN_MENS', 'PRECIPITAÇÃO_MIN_MENS', 'TEMP_MAX_MAX_MENS', 'PRECIPITAÇÃO_MAX_MENS', 'DIA_DA_SEMANA_dom', 'DIA_DA_SEMANA_qua', 'DIA_DA_SEMANA_qui', 'DIA_DA_SEMANA_seg', 'DIA_DA_SEMANA_sáb', 'DIA_DA_SEMANA_ter', 'MÊS_ago', 'MÊS_dez', 'MÊS_fev', 'MÊS_jul', 'MÊS_jun', 'MÊS_mar', 'MÊS_nov', 'ANO_2021', 'ANO_2023', 'ANO_2016', 'ANO_2017', 'ANO_2018', 'ANO_2020', 'CAMPUS_ASSIS CHATEAUBRIAND', 'CAMPUS_ASTORGA', 'CAMPUS_BARRACÃO', 'CAMPUS_CAMPO LARGO', 'CAMPUS_CAPANEMA', 'CAMPUS_CURITIBA', 'CAMPUS_IRATI', 'CAMPUS_JACAREZINHO', 'CAMPUS_JAGUARIAÍVA', 'CAMPUS_PALMAS', 'CAMPUS_PARANAGUÁ', 'CAMPUS_PARANAVAÍ', 'CAMPUS_PITANGA', 'CAMPUS_TELÊMACO BORBA', 'CAMPUS_UMUARAMA', 'CAMPUS_UNIÃO DA VITÓRIA', 'CURSOS_TEC_SUBSEQUENTE', 'CURSOS_GRAD_VESPERTINO', 'COVID', 'GREVE', 'LAG_02', 'LAG_05', 'LAG_06', 'LAG_09', 'LAG_10');0.27052
('TEMP_MIN_MÉD_MENS', 'TEMP_MÉD_MIN_MENS', 'TEMP_MÉD_MÉD_MENS', 'TEMP_MÉD_ACC_MENS', 'TEMP_MAX_MÉD_MENS', 'TEMP_MIN_MIN_MENS', 'TEMP_MIN_MAX_MENS', 'PRECIPITAÇÃO_MIN_MENS', 'TEMP_MAX_MAX_MENS', 'DIA_DA_SEMANA_seg', 'DIA_DA_SEMANA_sex', 'DIA_DA_SEMANA_ter', 'MÊS_fev', 'MÊS_out', 'MÊS_set', 'ANO_2022', 'ANO_2023', 'ANO_2024', 'ANO_2017', 'ANO_2019', 'CAMPUS_ASSIS CHATEAUBRIAND', 'CAMPUS_ASTORGA', 'CAMPUS_CAMPO LARGO', 'CAMPUS_CORONEL VIVIDA', 'CAMPUS_IRATI', 'CAMPUS_IVAIPORÃ', 'CAMPUS_JACAREZINHO', 'CAMPUS_LONDRINA - CENTRO', 'CAMPUS_PALMAS', 'CAMPUS_PARANAGUÁ', 'CAMPUS_QUEDAS DO IGUAÇU', 'CAMPUS_UMUARAMA', 'CAMPUS_UNIÃO DA VITÓRIA', 'CURSOS_TEC_INTEGRADO', 'CURSOS_TEC_SUBSEQUENTE', 'CURSOS_GRAD_MATUTINO', 'CURSOS_GRAD_VESPERTINO', 'CURSOS_POS', 'FÉRIAS', 'FERIADO', 'COVID', 'GREVE', 'ORDEM', 'LAG_01', 'LAG_02', 'LAG_03', 'LAG_04', 'LAG_05', 'LAG_06', 'LAG_07', 'LAG_09', 'LAG_10');0.271
('TEMP_MIN_MÉD_MENS', 'PRECIPITAÇÃO_MÉD_MENS', 'TEMP_MIN_MIN_MENS', 'TEMP_MIN_ACC_MENS', 'PRECIPITAÇÃO_MIN_MENS', 'TEMP_MAX_MAX_MENS', 'TEMP_MAX_ACC_MENS', 'PRECIPITAÇÃO_ACC_MENS', 'DIA_DA_SEMANA_dom', 'DIA_DA_SEMANA_qui', 'DIA_DA_SEMANA_seg', 'DIA_DA_SEMANA_sex', 'MÊS_ago', 'MÊS_dez', 'MÊS_jan', 'MÊS_jul', 'MÊS_jun', 'MÊS_out', 'MÊS_set', 'ANO_2022', 'ANO_2023', 'ANO_2024', 'ANO_2015', 'ANO_2017', 'ANO_2019', 'ANO_2020', 'CAMPUS_ASTORGA', 'CAMPUS_CASCAVEL', 'CAMPUS_CURITIBA', 'CAMPUS_FOZ DO IGUAÇU', 'CAMPUS_IRATI', 'CAMPUS_JACAREZINHO', 'CAMPUS_PALMAS', 'CAMPUS_PARANAGUÁ', 'CAMPUS_PITANGA', 'CAMPUS_QUEDAS DO IGUAÇU', 'CURSOS_TEC_INTEGRADO', 'CURSOS_TEC_SUBSEQUENTE', 'CURSOS_GRAD_NOTURNO', 'CURSOS_POS', 'FÉRIAS', 'FERIADO', 'COVID', 'LAG_01', 'LAG_03', 'LAG_05', 'LAG_07', 'LAG_09');0.27177
('TEMP_MIN_MÉD_MENS', 'TEMP_MÉD_ACC_MENS', 'PRECIPITAÇÃO_MÉD_MENS', 'TEMP_MIN_MIN_MENS', 'TEMP_MIN_MAX_MENS', 'TEMP_MIN_ACC_MENS', 'PRECIPITAÇÃO_MIN_MENS', 'TEMP_MAX_MAX_MENS', 'TEMP_MAX_ACC_MENS', 'PRECIPITAÇÃO_MAX_MENS', 'PRECIPITAÇÃO_ACC_MENS', 'DIA_DA_SEMANA_dom', 'DIA_DA_SEMANA_qui', 'DIA_DA_SEMANA_seg', 'DIA_DA_SEMANA_ter', 'MÊS_abr', 'MÊS_dez', 'MÊS_jan', 'MÊS_jul', 'MÊS_jun', 'MÊS_out', 'ANO_2021', 'ANO_2022', 'ANO_2023', 'ANO_2024', 'ANO_2015', 'ANO_2017', 'ANO_2018', 'ANO_2019', 'ANO_2020', 'CAMPUS_ASSIS CHATEAUBRIAND', 'CAMPUS_ASTORGA', 'CAMPUS_BARRACÃO', 'CAMPUS_CAMPO LARGO', 'CAMPUS_CORONEL VIVIDA', 'CAMPUS_CURITIBA', 'CAMPUS_JACAREZINHO', 'CAMPUS_JAGUARIAÍVA', 'CAMPUS_LONDRINA - CENTRO', 'CAMPUS_PALMAS', 'CAMPUS_PINHAIS', 'CAMPUS_PITANGA', 'CAMPUS_QUEDAS DO IGUAÇU', 'CAMPUS_TELÊMACO BORBA', 'CAMPUS_UMUARAMA', 'CAMPUS_UNIÃO DA VITÓRIA', 'CURSOS_TEC_INTEGRADO', 'CURSOS_TEC_SUBSEQUENTE', 'CURSOS_GRAD_MATUTINO', 'CURSOS_GRAD_NOTURNO', 'CURSOS_POS', 'COVID', 'GREVE', 'LAG_01', 'LAG_04', 'LAG_05', 'LAG_06', 'LAG_08', 'LAG_09', 'LAG_10');0.27198
('TEMP_MÉD_MIN_MENS', 'TEMP_MÉD_MÉD_MENS', 'TEMP_MÉD_ACC_MENS', 'TEMP_MAX_MÉD_MENS', 'TEMP_MIN_MIN_MENS', 'TEMP_MIN_MAX_MENS', 'TEMP_MAX_MIN_MENS', 'PRECIPITAÇÃO_MIN_MENS', 'TEMP_MAX_ACC_MENS', 'PRECIPITAÇÃO_MAX_MENS', 'PRECIPITAÇÃO_ACC_MENS', 'DIA_DA_SEMANA_dom', 'DIA_DA_SEMANA_qua', 'DIA_DA_SEMANA_qui', 'DIA_DA_SEMANA_seg', 'DIA_DA_SEMANA_sex', 'DIA_DA_SEMANA_ter', 'MÊS_ago', 'MÊS_dez', 'MÊS_fev', 'MÊS_jan', 'MÊS_jul', 'MÊS_jun', 'ANO_2022', 'ANO_2023', 'ANO_2024', 'ANO_2016', 'ANO_2017', 'ANO_2018', 'ANO_2019', 'ANO_2020', 'CAMPUS_ASSIS CHATEAUBRIAND', 'CAMPUS_CAMPO LARGO', 'CAMPUS_CAPANEMA', 'CAMPUS_CASCAVEL', 'CAMPUS_CORONEL VIVIDA', 'CAMPUS_IVAIPORÃ', 'CAMPUS_JACAREZINHO', 'CAMPUS_JAGUARIAÍVA', 'CAMPUS_LONDRINA - CENTRO', 'CAMPUS_PALMAS', 'CAMPUS_PARANAGUÁ', 'CAMPUS_PARANAVAÍ', 'CAMPUS_PINHAIS', 'CAMPUS_QUEDAS DO IGUAÇU', 'CAMPUS_TELÊMACO BORBA', 'CAMPUS_UMUARAMA', 'CURSOS_TEC_CONCOMITANTE', 'CURSOS_GRAD_VESPERTINO', 'CURSOS_POS', 'FÉRIAS', 'FERIADO', 'COVID', 'GREVE', 'ORDEM', 'LAG_01', 'LAG_03', 'LAG_04', 'LAG_06', 'LAG_07', 'LAG_08');0.27209
('TEMP_MÉD_MÉD_MENS', 'TEMP_MÉD_MAX_MENS', 'TEMP_MÉD_ACC_MENS', 'TEMP_MAX_MÉD_MENS', 'TEMP_MIN_MIN_MENS', 'TEMP_MIN_ACC_MENS', 'TEMP_MAX_MAX_MENS', 'TEMP_MAX_ACC_MENS', 'DIA_DA_SEMANA_qua', 'DIA_DA_SEMANA_qui', 'DIA_DA_SEMANA_seg', 'DIA_DA_SEMANA_sex', 'MÊS_abr', 'MÊS_ago', 'MÊS_fev', 'MÊS_jan', 'MÊS_jul', 'MÊS_mai', 'MÊS_set', 'ANO_2015', 'ANO_2017', 'ANO_2019', 'ANO_2020', 'CAMPUS_ASTORGA', 'CAMPUS_BARRACÃO', 'CAMPUS_CAMPO LARGO', 'CAMPUS_CASCAVEL', 'CAMPUS_CORONEL VIVIDA', 'CAMPUS_GOIOERÊ', 'CAMPUS_JACAREZINHO', 'CAMPUS_JAGUARIAÍVA', 'CAMPUS_PALMAS', 'CAMPUS_PARANAGUÁ', 'CAMPUS_PARANAVAÍ', 'CAMPUS_PINHAIS', 'CAMPUS_PITANGA', 'CAMPUS_QUEDAS DO IGUAÇU', 'CAMPUS_TELÊMACO BORBA', 'CAMPUS_UNIÃO DA VITÓRIA', 'CURSOS_TEC_CONCOMITANTE', 'CURSOS_GRAD_NOTURNO', 'FÉRIAS', 'FERIADO', 'COVID', 'GREVE', 'LAG_01', 'LAG_02', 'LAG_05', 'LAG_06', 'LAG_10', 'LAG_11');0.27212
('TEMP_MÉD_MAX_MENS', 'TEMP_MAX_MÉD_MENS', 'PRECIPITAÇÃO_MÉD_MENS', 'TEMP_MIN_MIN_MENS', 'TEMP_MIN_MAX_MENS', 'TEMP_MIN_ACC_MENS', 'TEMP_MAX_MIN_MENS', 'PRECIPITAÇÃO_MIN_MENS', 'TEMP_MAX_MAX_MENS', 'TEMP_MAX_ACC_MENS', 'PRECIPITAÇÃO_ACC_MENS', 'DIA_DA_SEMANA_seg', 'DIA_DA_SEMANA_sex', 'DIA_DA_SEMANA_sáb', 'MÊS_abr', 'MÊS_ago', 'MÊS_fev', 'MÊS_jun', 'MÊS_mai', 'MÊS_out', 'ANO_2021', 'ANO_2023', 'ANO_2015', 'ANO_2016', 'ANO_2018', 'ANO_2019', 'CAMPUS_BARRACÃO', 'CAMPUS_CAPANEMA', 'CAMPUS_CASCAVEL', 'CAMPUS_CORONEL VIVIDA', 'CAMPUS_CURITIBA', 'CAMPUS_FOZ DO IGUAÇU', 'CAMPUS_IRATI', 'CAMPUS_JACAREZINHO', 'CAMPUS_JAGUARIAÍVA', 'CAMPUS_PALMAS', 'CAMPUS_PARANAGUÁ', 'CAMPUS_PARANAVAÍ', 'CAMPUS_PINHAIS', 'CAMPUS_PITANGA', 'CAMPUS_QUEDAS DO IGUAÇU', 'CAMPUS_TELÊMACO BORBA', 'CAMPUS_UMUARAMA', 'CAMPUS_UNIÃO DA VITÓRIA', 'CURSOS_TEC_INTEGRADO', 'CURSOS_TEC_SUBSEQUENTE', 'CURSOS_GRAD_VESPERTINO', 'CURSOS_GRAD_NOTURNO', 'CURSOS_POS', 'FÉRIAS', 'FERIADO', 'COVID', 'LAG_01', 'LAG_02', 'LAG_03', 'LAG_04', 'LAG_06', 'LAG_07', 'LAG_08', 'LAG_10', 'LAG_11');0.27212
('TEMP_MÉD_MIN_MENS', 'TEMP_MAX_MÉD_MENS', 'TEMP_MIN_MAX_MENS', 'TEMP_MAX_MIN_MENS', 'DIA_DA_SEMANA_dom', 'DIA_DA_SEMANA_qui', 'DIA_DA_SEMANA_seg', 'DIA_DA_SEMANA_sáb', 'MÊS_ago', 'MÊS_fev', 'MÊS_jul', 'MÊS_jun', 'MÊS_mai', 'MÊS_mar', 'MÊS_nov', 'ANO_2021', 'ANO_2023', 'ANO_2015', 'ANO_2018', 'ANO_2019', 'CAMPUS_ASTORGA', 'CAMPUS_BARRACÃO', 'CAMPUS_CAPANEMA', 'CAMPUS_GOIOERÊ', 'CAMPUS_JAGUARIAÍVA', 'CAMPUS_LONDRINA - CENTRO', 'CAMPUS_PARANAGUÁ', 'CAMPUS_PARANAVAÍ', 'CAMPUS_PINHAIS', 'CAMPUS_PITANGA', 'CAMPUS_QUEDAS DO IGUAÇU', 'CAMPUS_TELÊMACO BORBA', 'CAMPUS_UNIÃO DA VITÓRIA', 'CURSOS_TEC_CONCOMITANTE', 'CURSOS_TEC_INTEGRADO', 'CURSOS_TEC_SUBSEQUENTE', 'CURSOS_GRAD_MATUTINO', 'CURSOS_GRAD_VESPERTINO', 'CURSOS_GRAD_NOTURNO', 'CURSOS_POS', 'FÉRIAS', 'COVID', 'GREVE', 'LAG_02', 'LAG_03', 'LAG_06', 'LAG_07', 'LAG_09', 'LAG_11');0.27253
('TEMP_MÉD_MIN_MENS', 'TEMP_MÉD_MÉD_MENS', 'TEMP_MÉD_MAX_MENS', 'TEMP_MAX_MÉD_MENS', 'TEMP_MIN_MAX_MENS', 'TEMP_MAX_MIN_MENS', 'TEMP_MAX_MAX_MENS', 'TEMP_MAX_ACC_MENS', 'DIA_DA_SEMANA_qua', 'DIA_DA_SEMANA_qui', 'DIA_DA_SEMANA_sex', 'DIA_DA_SEMANA_sáb', 'DIA_DA_SEMANA_ter', 'MÊS_abr', 'MÊS_dez', 'MÊS_jul', 'MÊS_jun', 'MÊS_nov', 'ANO_2021', 'ANO_2022', 'ANO_2023', 'ANO_2024', 'ANO_2015', 'ANO_2016', 'ANO_2017', 'ANO_2020', 'CAMPUS_ASTORGA', 'CAMPUS_BARRACÃO', 'CAMPUS_CASCAVEL', 'CAMPUS_CORONEL VIVIDA', 'CAMPUS_CURITIBA', 'CAMPUS_GOIOERÊ', 'CAMPUS_JACAREZINHO', 'CAMPUS_PALMAS', 'CAMPUS_PARANAGUÁ', 'CAMPUS_PARANAVAÍ', 'CAMPUS_PITANGA', 'CAMPUS_TELÊMACO BORBA', 'CAMPUS_UMUARAMA', 'CAMPUS_UNIÃO DA VITÓRIA', 'CURSOS_TEC_INTEGRADO', 'CURSOS_TEC_SUBSEQUENTE', 'CURSOS_GRAD_VESPERTINO', 'CURSOS_GRAD_NOTURNO', 'CURSOS_POS', 'COVID', 'GREVE', 'LAG_01', 'LAG_06', 'LAG_07');0.27261
('TEMP_MÉD_MIN_MENS', 'TEMP_MÉD_MÉD_MENS', 'TEMP_MAX_MÉD_MENS', 'TEMP_MIN_MIN_MENS', 'TEMP_MIN_MAX_MENS', 'TEMP_MIN_ACC_MENS', 'TEMP_MAX_MAX_MENS', 'PRECIPITAÇÃO_MAX_MENS', 'DIA_DA_SEMANA_qua', 'DIA_DA_SEMANA_qui', 'DIA_DA_SEMANA_seg', 'DIA_DA_SEMANA_sex', 'DIA_DA_SEMANA_ter', 'MÊS_dez', 'MÊS_mai', 'MÊS_mar', 'MÊS_nov', 'MÊS_out', 'MÊS_set', 'ANO_2022', 'ANO_2024', 'ANO_2015', 'ANO_2018', 'ANO_2019', 'ANO_2020', 'CAMPUS_ASTORGA', 'CAMPUS_CASCAVEL', 'CAMPUS_CORONEL VIVIDA', 'CAMPUS_CURITIBA', 'CAMPUS_GOIOERÊ', 'CAMPUS_IVAIPORÃ', 'CAMPUS_JAGUARIAÍVA', 'CAMPUS_PALMAS', 'CAMPUS_PARANAGUÁ', 'CAMPUS_PINHAIS', 'CAMPUS_TELÊMACO BORBA', 'CAMPUS_UMUARAMA', 'CURSOS_TEC_CONCOMITANTE', 'CURSOS_TEC_SUBSEQUENTE', 'CURSOS_GRAD_MATUTINO', 'CURSOS_GRAD_VESPERTINO', 'CURSOS_GRAD_NOTURNO', 'CURSOS_POS', 'FÉRIAS', 'FERIADO', 'COVID', 'LAG_01', 'LAG_03', 'LAG_05', 'LAG_06', 'LAG_07', 'LAG_09');0.27263
('TEMP_MÉD_MÉD_MENS', 'TEMP_MÉD_MAX_MENS', 'TEMP_MÉD_ACC_MENS', 'PRECIPITAÇÃO_MÉD_MENS', 'TEMP_MIN_MIN_MENS', 'TEMP_MIN_MAX_MENS', 'PRECIPITAÇÃO_MIN_MENS', 'PRECIPITAÇÃO_ACC_MENS', 'DIA_DA_SEMANA_qua', 'DIA_DA_SEMANA_qui', 'DIA_DA_SEMANA_sáb', 'DIA_DA_SEMANA_ter', 'MÊS_abr', 'MÊS_dez', 'MÊS_jun', 'MÊS_mai', 'MÊS_nov', 'MÊS_out', 'MÊS_set', 'ANO_2021', 'ANO_2024', 'ANO_2016', 'ANO_2017', 'ANO_2019', 'ANO_2020', 'CAMPUS_ASSIS CHATEAUBRIAND', 'CAMPUS_ASTORGA', 'CAMPUS_BARRACÃO', 'CAMPUS_CAMPO LARGO', 'CAMPUS_CAPANEMA', 'CAMPUS_CASCAVEL', 'CAMPUS_CURITIBA', 'CAMPUS_IVAIPORÃ', 'CAMPUS_JAGUARIAÍVA', 'CAMPUS_PALMAS', 'CAMPUS_PARANAGUÁ', 'CAMPUS_PARANAVAÍ', 'CAMPUS_PINHAIS', 'CAMPUS_PITANGA', 'CAMPUS_QUEDAS DO IGUAÇU', 'CAMPUS_TELÊMACO BORBA', 'CAMPUS_UMUARAMA', 'CAMPUS_UNIÃO DA VITÓRIA', 'CURSOS_TEC_INTEGRADO', 'CURSOS_TEC_SUBSEQUENTE', 'CURSOS_GRAD_MATUTINO', 'CURSOS_GRAD_NOTURNO', 'FÉRIAS', 'COVID', 'ORDEM', 'LAG_01', 'LAG_04', 'LAG_05', 'LAG_06', 'LAG_07', 'LAG_08', 'LAG_09', 'LAG_10');0.27265
('TEMP_MÉD_MÉD_MENS', 'TEMP_MÉD_ACC_MENS', 'TEMP_MAX_MÉD_MENS', 'PRECIPITAÇÃO_MÉD_MENS', 'TEMP_MIN_MAX_MENS', 'TEMP_MIN_ACC_MENS', 'TEMP_MAX_MIN_MENS', 'TEMP_MAX_MAX_MENS', 'TEMP_MAX_ACC_MENS', 'PRECIPITAÇÃO_MAX_MENS', 'PRECIPITAÇÃO_ACC_MENS', 'DIA_DA_SEMANA_dom', 'DIA_DA_SEMANA_qua', 'DIA_DA_SEMANA_qui', 'DIA_DA_SEMANA_seg', 'DIA_DA_SEMANA_sáb', 'DIA_DA_SEMANA_ter', 'MÊS_abr', 'MÊS_ago', 'MÊS_jan', 'MÊS_jul', 'MÊS_jun', 'MÊS_mai', 'MÊS_nov', 'MÊS_set', 'ANO_2021', 'ANO_2022', 'ANO_2023', 'CAMPUS_ASSIS CHATEAUBRIAND', 'CAMPUS_ASTORGA', 'CAMPUS_CORONEL VIVIDA', 'CAMPUS_CURITIBA', 'CAMPUS_FOZ DO IGUAÇU', 'CAMPUS_IVAIPORÃ', 'CAMPUS_PARANAVAÍ', 'CAMPUS_QUEDAS DO IGUAÇU', 'CAMPUS_UMUARAMA', 'CURSOS_TEC_CONCOMITANTE', 'CURSOS_TEC_INTEGRADO', 'CURSOS_POS', 'FÉRIAS', 'FERIADO', 'COVID', 'GREVE', 'ORDEM', 'LAG_01', 'LAG_02', 'LAG_04', 'LAG_06', 'LAG_08', 'LAG_09', 'LAG_10', 'LAG_11');0.27291
('TEMP_MIN_MÉD_MENS', 'TEMP_MÉD_MIN_MENS', 'TEMP_MÉD_MÉD_MENS', 'TEMP_MÉD_ACC_MENS', 'TEMP_MAX_MÉD_MENS', 'PRECIPITAÇÃO_MÉD_MENS', 'TEMP_MIN_MAX_MENS', 'TEMP_MIN_ACC_MENS', 'PRECIPITAÇÃO_MIN_MENS', 'TEMP_MAX_ACC_MENS', 'DIA_DA_SEMANA_dom', 'DIA_DA_SEMANA_qui', 'DIA_DA_SEMANA_sex', 'DIA_DA_SEMANA_sáb', 'DIA_DA_SEMANA_ter', 'MÊS_abr', 'MÊS_fev', 'MÊS_jan', 'MÊS_jun', 'MÊS_mar', 'MÊS_out', 'MÊS_set', 'ANO_2023', 'ANO_2024', 'ANO_2016', 'ANO_2017', 'ANO_2018', 'ANO_2019', 'ANO_2020', 'CAMPUS_ASSIS CHATEAUBRIAND', 'CAMPUS_BARRACÃO', 'CAMPUS_CAMPO LARGO', 'CAMPUS_CAPANEMA', 'CAMPUS_CASCAVEL', 'CAMPUS_CORONEL VIVIDA', 'CAMPUS_CURITIBA', 'CAMPUS_IRATI', 'CAMPUS_IVAIPORÃ', 'CAMPUS_JACAREZINHO', 'CAMPUS_JAGUARIAÍVA', 'CAMPUS_PALMAS', 'CAMPUS_PARANAVAÍ', 'CAMPUS_PINHAIS', 'CAMPUS_PITANGA', 'CAMPUS_UMUARAMA', 'CAMPUS_UNIÃO DA VITÓRIA', 'CURSOS_TEC_INTEGRADO', 'CURSOS_GRAD_VESPERTINO', 'CURSOS_POS', 'FÉRIAS', 'COVID', 'ORDEM', 'LAG_01', 'LAG_03', 'LAG_04', 'LAG_06', 'LAG_08', 'LAG_09', 'LAG_10', 'LAG_11');0.27312
('TEMP_MIN_MÉD_MENS', 'TEMP_MÉD_ACC_MENS', 'TEMP_MAX_MÉD_MENS', 'PRECIPITAÇÃO_MÉD_MENS', 'TEMP_MIN_MIN_MENS', 'TEMP_MIN_MAX_MENS', 'TEMP_MIN_ACC_MENS', 'TEMP_MAX_MIN_MENS', 'PRECIPITAÇÃO_MIN_MENS', 'TEMP_MAX_ACC_MENS', 'DIA_DA_SEMANA_qua', 'DIA_DA_SEMANA_sex', 'DIA_DA_SEMANA_sáb', 'DIA_DA_SEMANA_ter', 'MÊS_ago', 'MÊS_dez', 'MÊS_fev', 'MÊS_jan', 'MÊS_jun', 'MÊS_mai', 'MÊS_mar', 'MÊS_out', 'MÊS_set', 'ANO_2023', 'ANO_2024', 'ANO_2016', 'ANO_2018', 'ANO_2019', 'ANO_2020', 'CAMPUS_ASTORGA', 'CAMPUS_CAMPO LARGO', 'CAMPUS_CAPANEMA', 'CAMPUS_CASCAVEL', 'CAMPUS_CORONEL VIVIDA', 'CAMPUS_CURITIBA', 'CAMPUS_FOZ DO IGUAÇU', 'CAMPUS_GOIOERÊ', 'CAMPUS_IRATI', 'CAMPUS_IVAIPORÃ', 'CAMPUS_JAGUARIAÍVA', 'CAMPUS_LONDRINA - CENTRO', 'CAMPUS_PALMAS', 'CAMPUS_PARANAGUÁ', 'CAMPUS_PINHAIS', 'CAMPUS_PITANGA', 'CAMPUS_TELÊMACO BORBA', 'CAMPUS_UMUARAMA', 'CAMPUS_UNIÃO DA VITÓRIA', 'CURSOS_TEC_CONCOMITANTE', 'CURSOS_GRAD_MATUTINO', 'CURSOS_GRAD_VESPERTINO', 'CURSOS_POS', 'FÉRIAS', 'FERIADO', 'COVID', 'LAG_01', 'LAG_02', 'LAG_03', 'LAG_05', 'LAG_07', 'LAG_08', 'LAG_09');0.27323
('TEMP_MÉD_MIN_MENS', 'TEMP_MÉD_MAX_MENS', 'TEMP_MÉD_ACC_MENS', 'TEMP_MAX_MÉD_MENS', 'PRECIPITAÇÃO_MÉD_MENS', 'TEMP_MIN_MIN_MENS', 'TEMP_MIN_MAX_MENS', 'PRECIPITAÇÃO_MIN_MENS', 'PRECIPITAÇÃO_MAX_MENS', 'DIA_DA_SEMANA_dom', 'DIA_DA_SEMANA_qua', 'DIA_DA_SEMANA_qui', 'DIA_DA_SEMANA_sáb', 'DIA_DA_SEMANA_ter', 'MÊS_abr', 'MÊS_ago', 'MÊS_dez', 'MÊS_jan', 'MÊS_jun', 'MÊS_mar', 'MÊS_nov', 'MÊS_out', 'ANO_2021', 'ANO_2023', 'ANO_2017', 'ANO_2018', 'ANO_2019', 'ANO_2020', 'CAMPUS_ASSIS CHATEAUBRIAND', 'CAMPUS_CAMPO LARGO', 'CAMPUS_CURITIBA', 'CAMPUS_IVAIPORÃ', 'CAMPUS_JACAREZINHO', 'CAMPUS_JAGUARIAÍVA', 'CAMPUS_PALMAS', 'CAMPUS_PARANAGUÁ', 'CAMPUS_PARANAVAÍ', 'CAMPUS_PINHAIS', 'CAMPUS_UNIÃO DA VITÓRIA', 'CURSOS_TEC_CONCOMITANTE', 'CURSOS_TEC_INTEGRADO', 'CURSOS_GRAD_MATUTINO', 'CURSOS_GRAD_NOTURNO', 'CURSOS_POS', 'FÉRIAS', 'FERIADO', 'COVID', 'GREVE', 'LAG_01', 'LAG_03', 'LAG_04', 'LAG_06', 'LAG_07', 'LAG_08', 'LAG_10');0.27326
('TEMP_MIN_MÉD_MENS', 'TEMP_MÉD_MIN_MENS', 'TEMP_MÉD_MAX_MENS', 'TEMP_MIN_MIN_MENS', 'TEMP_MIN_ACC_MENS', 'PRECIPITAÇÃO_MIN_MENS', 'PRECIPITAÇÃO_MAX_MENS', 'DIA_DA_SEMANA_dom', 'DIA_DA_SEMANA_qua', 'DIA_DA_SEMANA_qui', 'DIA_DA_SEMANA_sex', 'DIA_DA_SEMANA_sáb', 'DIA_DA_SEMANA_ter', 'MÊS_ago', 'MÊS_dez', 'MÊS_fev', 'MÊS_jan', 'MÊS_jul', 'MÊS_jun', 'MÊS_mai', 'MÊS_nov', 'MÊS_out', 'ANO_2022', 'ANO_2024', 'ANO_2015', 'ANO_2016', 'ANO_2017', 'ANO_2018', 'ANO_2020', 'CAMPUS_ASSIS CHATEAUBRIAND', 'CAMPUS_ASTORGA', 'CAMPUS_CORONEL VIVIDA', 'CAMPUS_CURITIBA', 'CAMPUS_IVAIPORÃ', 'CAMPUS_JACAREZINHO', 'CAMPUS_JAGUARIAÍVA', 'CAMPUS_LONDRINA - CENTRO', 'CAMPUS_PALMAS', 'CAMPUS_PARANAGUÁ', 'CAMPUS_PARANAVAÍ', 'CAMPUS_PINHAIS', 'CAMPUS_PITANGA', 'CAMPUS_QUEDAS DO IGUAÇU', 'CAMPUS_UMUARAMA', 'CAMPUS_UNIÃO DA VITÓRIA', 'CURSOS_TEC_SUBSEQUENTE', 'CURSOS_GRAD_MATUTINO', 'CURSOS_GRAD_VESPERTINO', 'CURSOS_POS', 'FÉRIAS', 'COVID', 'GREVE', 'ORDEM', 'LAG_01', 'LAG_02', 'LAG_03', 'LAG_04', 'LAG_06', 'LAG_07', 'LAG_08', 'LAG_10');0.27329
('TEMP_MIN_MÉD_MENS', 'TEMP_MÉD_MIN_MENS', 'TEMP_MÉD_MÉD_MENS', 'TEMP_MÉD_MAX_MENS', 'PRECIPITAÇÃO_MÉD_MENS', 'TEMP_MIN_MIN_MENS', 'TEMP_MIN_MAX_MENS', 'TEMP_MIN_ACC_MENS', 'TEMP_MAX_MIN_MENS', 'PRECIPITAÇÃO_MIN_MENS', 'TEMP_MAX_MAX_MENS', 'TEMP_MAX_ACC_MENS', 'PRECIPITAÇÃO_ACC_MENS', 'DIA_DA_SEMANA_qui', 'DIA_DA_SEMANA_seg', 'DIA_DA_SEMANA_ter', 'MÊS_abr', 'MÊS_dez', 'MÊS_jan', 'MÊS_jul', 'MÊS_jun', 'MÊS_mai', 'MÊS_mar', 'MÊS_nov', 'MÊS_out', 'MÊS_set', 'ANO_2022', 'ANO_2023', 'ANO_2024', 'ANO_2015', 'ANO_2016', 'ANO_2018', 'ANO_2020', 'CAMPUS_ASSIS CHATEAUBRIAND', 'CAMPUS_ASTORGA', 'CAMPUS_GOIOERÊ', 'CAMPUS_IVAIPORÃ', 'CAMPUS_LONDRINA - CENTRO', 'CAMPUS_PARANAGUÁ', 'CAMPUS_PITANGA', 'CAMPUS_QUEDAS DO IGUAÇU', 'CAMPUS_TELÊMACO BORBA', 'CAMPUS_UNIÃO DA VITÓRIA', 'CURSOS_TEC_CONCOMITANTE', 'CURSOS_POS', 'FÉRIAS', 'COVID', 'GREVE', 'ORDEM', 'LAG_01', 'LAG_04', 'LAG_05', 'LAG_06', 'LAG_07', 'LAG_08', 'LAG_09', 'LAG_11');0.27346
('TEMP_MIN_MÉD_MENS', 'TEMP_MÉD_MIN_MENS', 'TEMP_MÉD_MÉD_MENS', 'TEMP_MÉD_ACC_MENS', 'TEMP_MAX_MÉD_MENS', 'TEMP_MIN_MIN_MENS', 'TEMP_MIN_MAX_MENS', 'PRECIPITAÇÃO_MIN_MENS', 'TEMP_MAX_ACC_MENS', 'DIA_DA_SEMANA_dom', 'DIA_DA_SEMANA_qua', 'DIA_DA_SEMANA_qui', 'DIA_DA_SEMANA_ter', 'MÊS_ago', 'MÊS_dez', 'MÊS_jan', 'MÊS_jul', 'MÊS_jun', 'MÊS_mar', 'ANO_2022', 'ANO_2024', 'ANO_2015', 'ANO_2016', 'ANO_2017', 'ANO_2018', 'ANO_2019', 'CAMPUS_ASSIS CHATEAUBRIAND', 'CAMPUS_ASTORGA', 'CAMPUS_CAMPO LARGO', 'CAMPUS_CASCAVEL', 'CAMPUS_CORONEL VIVIDA', 'CAMPUS_FOZ DO IGUAÇU', 'CAMPUS_GOIOERÊ', 'CAMPUS_IVAIPORÃ', 'CAMPUS_JACAREZINHO', 'CAMPUS_LONDRINA - CENTRO', 'CAMPUS_PALMAS', 'CAMPUS_PARANAGUÁ', 'CAMPUS_PARANAVAÍ', 'CAMPUS_PINHAIS', 'CAMPUS_PITANGA', 'CAMPUS_QUEDAS DO IGUAÇU', 'CAMPUS_UMUARAMA', 'CAMPUS_UNIÃO DA VITÓRIA', 'CURSOS_TEC_CONCOMITANTE', 'CURSOS_TEC_INTEGRADO', 'CURSOS_GRAD_MATUTINO', 'CURSOS_GRAD_VESPERTINO', 'CURSOS_GRAD_NOTURNO', 'CURSOS_POS', 'FÉRIAS', 'FERIADO', 'COVID', 'LAG_01', 'LAG_02', 'LAG_03', 'LAG_05', 'LAG_07', 'LAG_09', 'LAG_10', 'LAG_11');0.2742
('TEMP_MIN_MÉD_MENS', 'TEMP_MÉD_MIN_MENS', 'TEMP_MÉD_MÉD_MENS', 'TEMP_MÉD_MAX_MENS', 'TEMP_MAX_MÉD_MENS', 'TEMP_MIN_MAX_MENS', 'TEMP_MAX_MIN_MENS', 'DIA_DA_SEMANA_dom', 'DIA_DA_SEMANA_qua', 'DIA_DA_SEMANA_sex', 'MÊS_dez', 'MÊS_jul', 'MÊS_jun', 'MÊS_nov', 'MÊS_out', 'ANO_2023', 'ANO_2019', 'CAMPUS_ASSIS CHATEAUBRIAND', 'CAMPUS_BARRACÃO', 'CAMPUS_CAMPO LARGO', 'CAMPUS_CAPANEMA', 'CAMPUS_CASCAVEL', 'CAMPUS_CURITIBA', 'CAMPUS_FOZ DO IGUAÇU', 'CAMPUS_GOIOERÊ', 'CAMPUS_JAGUARIAÍVA', 'CAMPUS_LONDRINA - CENTRO', 'CAMPUS_PARANAGUÁ', 'CAMPUS_QUEDAS DO IGUAÇU', 'CAMPUS_TELÊMACO BORBA', 'CAMPUS_UNIÃO DA VITÓRIA', 'CURSOS_TEC_CONCOMITANTE', 'CURSOS_TEC_INTEGRADO', 'CURSOS_TEC_SUBSEQUENTE', 'CURSOS_GRAD_MATUTINO', 'CURSOS_GRAD_VESPERTINO', 'CURSOS_GRAD_NOTURNO', 'FÉRIAS', 'FERIADO', 'COVID', 'GREVE', 'LAG_01', 'LAG_03', 'LAG_04', 'LAG_05', 'LAG_08', 'LAG_09', 'LAG_11');0.27426
('TEMP_MIN_MÉD_MENS', 'TEMP_MÉD_MIN_MENS', 'TEMP_MÉD_MÉD_MENS', 'TEMP_MÉD_ACC_MENS', 'TEMP_MAX_MÉD_MENS', 'PRECIPITAÇÃO_MÉD_MENS', 'TEMP_MIN_MIN_MENS', 'TEMP_MIN_MAX_MENS', 'PRECIPITAÇÃO_MIN_MENS', 'TEMP_MAX_MAX_MENS', 'TEMP_MAX_ACC_MENS', 'PRECIPITAÇÃO_ACC_MENS', 'DIA_DA_SEMANA_qua', 'DIA_DA_SEMANA_sex', 'DIA_DA_SEMANA_sáb', 'MÊS_abr', 'MÊS_dez', 'MÊS_fev', 'MÊS_jan', 'MÊS_jul', 'MÊS_jun', 'MÊS_out', 'MÊS_set', 'ANO_2021', 'ANO_2022', 'ANO_2023', 'ANO_2016', 'ANO_2018', 'CAMPUS_ASSIS CHATEAUBRIAND', 'CAMPUS_ASTORGA', 'CAMPUS_CAPANEMA', 'CAMPUS_CASCAVEL', 'CAMPUS_FOZ DO IGUAÇU', 'CAMPUS_GOIOERÊ', 'CAMPUS_IRATI', 'CAMPUS_IVAIPORÃ', 'CAMPUS_JACAREZINHO', 'CAMPUS_PALMAS', 'CAMPUS_PARANAGUÁ', 'CAMPUS_PARANAVAÍ', 'CAMPUS_QUEDAS DO IGUAÇU', 'CAMPUS_TELÊMACO BORBA', 'CAMPUS_UMUARAMA', 'CURSOS_TEC_INTEGRADO', 'CURSOS_GRAD_VESPERTINO', 'CURSOS_POS', 'FÉRIAS', 'COVID', 'GREVE', 'LAG_01', 'LAG_02', 'LAG_04', 'LAG_05', 'LAG_06', 'LAG_11');0.27443
('TEMP_MÉD_MAX_MENS', 'TEMP_MAX_MÉD_MENS', 'PRECIPITAÇÃO_MÉD_MENS', 'TEMP_MIN_MIN_MENS', 'TEMP_MIN_MAX_MENS', 'PRECIPITAÇÃO_MIN_MENS', 'TEMP_MAX_MAX_MENS', 'TEMP_MAX_ACC_MENS', 'PRECIPITAÇÃO_ACC_MENS', 'DIA_DA_SEMANA_dom', 'DIA_DA_SEMANA_qua', 'DIA_DA_SEMANA_sáb', 'DIA_DA_SEMANA_ter', 'MÊS_abr', 'MÊS_dez', 'MÊS_fev', 'MÊS_jun', 'MÊS_mai', 'MÊS_mar', 'ANO_2021', 'ANO_2023', 'ANO_2015', 'ANO_2018', 'ANO_2019', 'ANO_2020', 'CAMPUS_ASSIS CHATEAUBRIAND', 'CAMPUS_ASTORGA', 'CAMPUS_GOIOERÊ', 'CAMPUS_IVAIPORÃ', 'CAMPUS_JAGUARIAÍVA', 'CAMPUS_LONDRINA - CENTRO', 'CAMPUS_PALMAS', 'CAMPUS_PARANAGUÁ', 'CAMPUS_QUEDAS DO IGUAÇU', 'CAMPUS_TELÊMACO BORBA', 'CAMPUS_UMUARAMA', 'CAMPUS_UNIÃO DA VITÓRIA', 'CURSOS_TEC_INTEGRADO', 'CURSOS_GRAD_MATUTINO', 'CURSOS_GRAD_VESPERTINO', 'FÉRIAS', 'COVID', 'GREVE', 'ORDEM', 'LAG_01', 'LAG_04', 'LAG_05', 'LAG_06', 'LAG_07', 'LAG_08', 'LAG_10', 'LAG_11', 'LAG_12');0.27445
('TEMP_MÉD_MAX_MENS', 'TEMP_MÉD_ACC_MENS', 'TEMP_MIN_MIN_MENS', 'PRECIPITAÇÃO_MIN_MENS', 'PRECIPITAÇÃO_ACC_MENS', 'DIA_DA_SEMANA_qua', 'DIA_DA_SEMANA_seg', 'DIA_DA_SEMANA_sex', 'MÊS_dez', 'MÊS_fev', 'MÊS_jan', 'MÊS_jul', 'MÊS_mai', 'MÊS_nov', 'MÊS_set', 'ANO_2015', 'ANO_2017', 'ANO_2019', 'ANO_2020', 'CAMPUS_ASSIS CHATEAUBRIAND', 'CAMPUS_BARRACÃO', 'CAMPUS_CASCAVEL', 'CAMPUS_CURITIBA', 'CAMPUS_FOZ DO IGUAÇU', 'CAMPUS_GOIOERÊ', 'CAMPUS_IVAIPORÃ', 'CAMPUS_JAGUARIAÍVA', 'CAMPUS_LONDRINA - CENTRO', 'CAMPUS_PARANAGUÁ', 'CAMPUS_PARANAVAÍ', 'CAMPUS_PINHAIS', 'CAMPUS_QUEDAS DO IGUAÇU', 'CAMPUS_UMUARAMA', 'CAMPUS_UNIÃO DA VITÓRIA', 'CURSOS_TEC_INTEGRADO', 'CURSOS_GRAD_MATUTINO', 'CURSOS_POS', 'FÉRIAS', 'FERIADO', 'COVID', 'GREVE', 'ORDEM', 'LAG_01', 'LAG_03', 'LAG_05', 'LAG_06', 'LAG_08', 'LAG_09', 'LAG_10', 'LAG_11');0.27484
('TEMP_MIN_MÉD_MENS', 'TEMP_MÉD_MIN_MENS', 'TEMP_MÉD_MÉD_MENS', 'TEMP_MÉD_ACC_MENS', 'TEMP_MIN_MIN_MENS', 'TEMP_MIN_MAX_MENS', 'TEMP_MIN_ACC_MENS', 'TEMP_MAX_MIN_MENS', 'PRECIPITAÇÃO_MIN_MENS', 'TEMP_MAX_ACC_MENS', 'PRECIPITAÇÃO_ACC_MENS', 'DIA_DA_SEMANA_dom', 'DIA_DA_SEMANA_qua', 'DIA_DA_SEMANA_qui', 'DIA_DA_SEMANA_seg', 'DIA_DA_SEMANA_sex', 'DIA_DA_SEMANA_sáb', 'DIA_DA_SEMANA_ter', 'MÊS_ago', 'MÊS_dez', 'MÊS_fev', 'MÊS_mai', 'MÊS_nov', 'MÊS_set', 'ANO_2021', 'ANO_2022', 'ANO_2024', 'ANO_2016', 'ANO_2017', 'ANO_2018', 'CAMPUS_ASTORGA', 'CAMPUS_BARRACÃO', 'CAMPUS_CAMPO LARGO', 'CAMPUS_CORONEL VIVIDA', 'CAMPUS_CURITIBA', 'CAMPUS_FOZ DO IGUAÇU', 'CAMPUS_IRATI', 'CAMPUS_JACAREZINHO', 'CAMPUS_JAGUARIAÍVA', 'CAMPUS_PALMAS', 'CAMPUS_PARANAGUÁ', 'CAMPUS_TELÊMACO BORBA', 'CURSOS_TEC_CONCOMITANTE', 'CURSOS_TEC_INTEGRADO', 'CURSOS_TEC_SUBSEQUENTE', 'CURSOS_GRAD_MATUTINO', 'CURSOS_GRAD_VESPERTINO', 'CURSOS_GRAD_NOTURNO', 'FÉRIAS', 'COVID', 'GREVE', 'ORDEM', 'LAG_01', 'LAG_03', 'LAG_05', 'LAG_06', 'LAG_07', 'LAG_08', 'LAG_09', 'LAG_10', 'LAG_12');0.27523
('TEMP_MIN_MÉD_MENS', 'TEMP_MÉD_MIN_MENS', 'TEMP_MÉD_MÉD_MENS', 'TEMP_MÉD_ACC_MENS', 'TEMP_MAX_MÉD_MENS', 'PRECIPITAÇÃO_MÉD_MENS', 'PRECIPITAÇÃO_MIN_MENS', 'TEMP_MAX_MAX_MENS', 'TEMP_MAX_ACC_MENS', 'PRECIPITAÇÃO_MAX_MENS', 'PRECIPITAÇÃO_ACC_MENS', 'DIA_DA_SEMANA_dom', 'DIA_DA_SEMANA_seg', 'DIA_DA_SEMANA_sáb', 'DIA_DA_SEMANA_ter', 'MÊS_ago', 'MÊS_dez', 'MÊS_fev', 'MÊS_jan', 'MÊS_nov', 'MÊS_out', 'ANO_2021', 'ANO_2022', 'ANO_2016', 'ANO_2018', 'ANO_2019', 'CAMPUS_ASTORGA', 'CAMPUS_BARRACÃO', 'CAMPUS_CAPANEMA', 'CAMPUS_CURITIBA', 'CAMPUS_GOIOERÊ', 'CAMPUS_IVAIPORÃ', 'CAMPUS_JAGUARIAÍVA', 'CAMPUS_PALMAS', 'CAMPUS_PARANAGUÁ', 'CAMPUS_PITANGA', 'CAMPUS_QUEDAS DO IGUAÇU', 'CAMPUS_TELÊMACO BORBA', 'CAMPUS_UMUARAMA', 'CAMPUS_UNIÃO DA VITÓRIA', 'CURSOS_TEC_CONCOMITANTE', 'CURSOS_TEC_SUBSEQUENTE', 'CURSOS_GRAD_MATUTINO', 'CURSOS_GRAD_VESPERTINO', 'CURSOS_GRAD_NOTURNO', 'CURSOS_POS', 'FÉRIAS', 'COVID', 'GREVE', 'ORDEM', 'LAG_01', 'LAG_02', 'LAG_03', 'LAG_04', 'LAG_05', 'LAG_06', 'LAG_07', 'LAG_10', 'LAG_11');0.27529
('TEMP_MIN_MÉD_MENS', 'TEMP_MÉD_MIN_MENS', 'TEMP_MÉD_MAX_MENS', 'TEMP_MÉD_ACC_MENS', 'TEMP_MAX_MÉD_MENS', 'TEMP_MIN_MIN_MENS', 'TEMP_MIN_MAX_MENS', 'PRECIPITAÇÃO_MIN_MENS', 'TEMP_MAX_MAX_MENS', 'TEMP_MAX_ACC_MENS', 'PRECIPITAÇÃO_MAX_MENS', 'DIA_DA_SEMANA_dom', 'DIA_DA_SEMANA_qua', 'DIA_DA_SEMANA_seg', 'DIA_DA_SEMANA_sex', 'DIA_DA_SEMANA_sáb', 'DIA_DA_SEMANA_ter', 'MÊS_abr', 'MÊS_ago', 'MÊS_dez', 'MÊS_mai', 'MÊS_nov', 'MÊS_out', 'MÊS_set', 'ANO_2021', 'ANO_2017', 'ANO_2018', 'ANO_2019', 'ANO_2020', 'CAMPUS_ASSIS CHATEAUBRIAND', 'CAMPUS_ASTORGA', 'CAMPUS_BARRACÃO', 'CAMPUS_CAMPO LARGO', 'CAMPUS_CORONEL VIVIDA', 'CAMPUS_FOZ DO IGUAÇU', 'CAMPUS_GOIOERÊ', 'CAMPUS_IRATI', 'CAMPUS_IVAIPORÃ', 'CAMPUS_JACAREZINHO', 'CAMPUS_PARANAVAÍ', 'CAMPUS_PITANGA', 'CAMPUS_QUEDAS DO IGUAÇU', 'CAMPUS_TELÊMACO BORBA', 'CAMPUS_UMUARAMA', 'CURSOS_TEC_INTEGRADO', 'CURSOS_GRAD_MATUTINO', 'CURSOS_GRAD_NOTURNO', 'FÉRIAS', 'COVID', 'GREVE', 'LAG_01', 'LAG_02', 'LAG_03', 'LAG_04', 'LAG_06', 'LAG_07', 'LAG_09', 'LAG_11');0.27557
('TEMP_MIN_MÉD_MENS', 'TEMP_MÉD_MIN_MENS', 'TEMP_MAX_MÉD_MENS', 'PRECIPITAÇÃO_MÉD_MENS', 'TEMP_MIN_MIN_MENS', 'TEMP_MAX_MIN_MENS', 'PRECIPITAÇÃO_MIN_MENS', 'TEMP_MAX_ACC_MENS', 'PRECIPITAÇÃO_ACC_MENS', 'DIA_DA_SEMANA_dom', 'DIA_DA_SEMANA_qui', 'DIA_DA_SEMANA_seg', 'DIA_DA_SEMANA_ter', 'MÊS_ago', 'MÊS_jan', 'MÊS_jul', 'MÊS_jun', 'MÊS_out', 'ANO_2021', 'ANO_2023', 'ANO_2017', 'ANO_2018', 'ANO_2019', 'ANO_2020', 'CAMPUS_ASTORGA', 'CAMPUS_BARRACÃO', 'CAMPUS_CASCAVEL', 'CAMPUS_CORONEL VIVIDA', 'CAMPUS_FOZ DO IGUAÇU', 'CAMPUS_GOIOERÊ', 'CAMPUS_IVAIPORÃ', 'CAMPUS_JAGUARIAÍVA', 'CAMPUS_PARANAGUÁ', 'CAMPUS_PINHAIS', 'CAMPUS_QUEDAS DO IGUAÇU', 'CAMPUS_TELÊMACO BORBA', 'CURSOS_TEC_CONCOMITANTE', 'CURSOS_TEC_SUBSEQUENTE', 'CURSOS_GRAD_VESPERTINO', 'CURSOS_POS', 'FÉRIAS', 'COVID', 'GREVE', 'ORDEM', 'LAG_01', 'LAG_04', 'LAG_06', 'LAG_08', 'LAG_09', 'LAG_10', 'LAG_11');0.27573
('TEMP_MIN_MÉD_MENS', 'TEMP_MÉD_MIN_MENS', 'TEMP_MÉD_MÉD_MENS', 'TEMP_MÉD_MAX_MENS', 'TEMP_MAX_MÉD_MENS', 'PRECIPITAÇÃO_MÉD_MENS', 'TEMP_MIN_MIN_MENS', 'TEMP_MIN_ACC_MENS', 'TEMP_MAX_MAX_MENS', 'DIA_DA_SEMANA_dom', 'DIA_DA_SEMANA_qua', 'DIA_DA_SEMANA_qui', 'DIA_DA_SEMANA_seg', 'DIA_DA_SEMANA_sáb', 'MÊS_abr', 'MÊS_ago', 'MÊS_dez', 'MÊS_jan', 'MÊS_jul', 'MÊS_mai', 'MÊS_mar', 'ANO_2021', 'ANO_2024', 'ANO_2015', 'ANO_2016', 'CAMPUS_ASSIS CHATEAUBRIAND', 'CAMPUS_ASTORGA', 'CAMPUS_BARRACÃO', 'CAMPUS_CAMPO LARGO', 'CAMPUS_CASCAVEL', 'CAMPUS_CORONEL VIVIDA', 'CAMPUS_CURITIBA', 'CAMPUS_FOZ DO IGUAÇU', 'CAMPUS_GOIOERÊ', 'CAMPUS_IRATI', 'CAMPUS_JACAREZINHO', 'CAMPUS_PARANAGUÁ', 'CAMPUS_PARANAVAÍ', 'CAMPUS_PITANGA', 'CAMPUS_UNIÃO DA VITÓRIA', 'CURSOS_TEC_CONCOMITANTE', 'CURSOS_POS', 'FÉRIAS', 'COVID', 'GREVE', 'ORDEM', 'LAG_02', 'LAG_03', 'LAG_04', 'LAG_05', 'LAG_06', 'LAG_07', 'LAG_08', 'LAG_09');0.27584
('TEMP_MIN_MÉD_MENS', 'TEMP_MÉD_MIN_MENS', 'TEMP_MÉD_MÉD_MENS', 'TEMP_MÉD_MAX_MENS', 'TEMP_MÉD_ACC_MENS', 'TEMP_MAX_MÉD_MENS', 'PRECIPITAÇÃO_MÉD_MENS', 'TEMP_MIN_MIN_MENS', 'TEMP_MIN_MAX_MENS', 'TEMP_MIN_ACC_MENS', 'PRECIPITAÇÃO_MIN_MENS', 'TEMP_MAX_MAX_MENS', 'TEMP_MAX_ACC_MENS', 'DIA_DA_SEMANA_sex', 'DIA_DA_SEMANA_sáb', 'MÊS_abr', 'MÊS_ago', 'MÊS_fev', 'MÊS_jul', 'MÊS_jun', 'MÊS_mai', 'MÊS_nov', 'MÊS_out', 'MÊS_set', 'ANO_2021', 'ANO_2022', 'ANO_2023', 'ANO_2024', 'ANO_2015', 'ANO_2017', 'ANO_2018', 'ANO_2019', 'ANO_2020', 'CAMPUS_ASSIS CHATEAUBRIAND', 'CAMPUS_ASTORGA', 'CAMPUS_BARRACÃO', 'CAMPUS_CASCAVEL', 'CAMPUS_FOZ DO IGUAÇU', 'CAMPUS_GOIOERÊ', 'CAMPUS_IVAIPORÃ', 'CAMPUS_LONDRINA - CENTRO', 'CAMPUS_PARANAVAÍ', 'CAMPUS_PITANGA', 'CAMPUS_TELÊMACO BORBA', 'CAMPUS_UMUARAMA', 'CURSOS_TEC_CONCOMITANTE', 'CURSOS_TEC_INTEGRADO', 'CURSOS_GRAD_MATUTINO', 'CURSOS_GRAD_NOTURNO', 'CURSOS_POS', 'FÉRIAS', 'FERIADO', 'COVID', 'ORDEM', 'LAG_01', 'LAG_02', 'LAG_05', 'LAG_06', 'LAG_07', 'LAG_09', 'LAG_11', 'LAG_12');0.27586
('TEMP_MIN_MÉD_MENS', 'TEMP_MÉD_MÉD_MENS', 'TEMP_MÉD_MAX_MENS', 'TEMP_MÉD_ACC_MENS', 'TEMP_MAX_MÉD_MENS', 'TEMP_MIN_MIN_MENS', 'TEMP_MIN_ACC_MENS', 'TEMP_MAX_MIN_MENS', 'PRECIPITAÇÃO_MIN_MENS', 'TEMP_MAX_MAX_MENS', 'TEMP_MAX_ACC_MENS', 'PRECIPITAÇÃO_ACC_MENS', 'DIA_DA_SEMANA_qui', 'DIA_DA_SEMANA_seg', 'DIA_DA_SEMANA_sex', 'DIA_DA_SEMANA_sáb', 'MÊS_ago', 'MÊS_jul', 'MÊS_mai', 'MÊS_nov', 'MÊS_set', 'ANO_2021', 'ANO_2022', 'ANO_2023', 'ANO_2024', 'ANO_2015', 'ANO_2017', 'ANO_2018', 'CAMPUS_ASTORGA', 'CAMPUS_CAPANEMA', 'CAMPUS_CURITIBA', 'CAMPUS_FOZ DO IGUAÇU', 'CAMPUS_IVAIPORÃ', 'CAMPUS_JACAREZINHO', 'CAMPUS_JAGUARIAÍVA', 'CAMPUS_LONDRINA - CENTRO', 'CAMPUS_PALMAS', 'CAMPUS_PARANAVAÍ', 'CAMPUS_PINHAIS', 'CAMPUS_QUEDAS DO IGUAÇU', 'CAMPUS_UMUARAMA', 'CURSOS_TEC_CONCOMITANTE', 'CURSOS_TEC_SUBSEQUENTE', 'CURSOS_GRAD_MATUTINO', 'CURSOS_GRAD_VESPERTINO', 'CURSOS_GRAD_NOTURNO', 'CURSOS_POS', 'FÉRIAS', 'FERIADO', 'COVID', 'GREVE', 'ORDEM', 'LAG_01', 'LAG_02', 'LAG_03', 'LAG_04', 'LAG_06', 'LAG_07', 'LAG_09', 'LAG_10', 'LAG_11');0.27595
('TEMP_MIN_MÉD_MENS', 'TEMP_MÉD_MIN_MENS', 'TEMP_MÉD_MÉD_MENS', 'TEMP_MÉD_MAX_MENS', 'TEMP_MAX_MÉD_MENS', 'TEMP_MIN_MIN_MENS', 'TEMP_MIN_MAX_MENS', 'TEMP_MAX_MIN_MENS', 'TEMP_MAX_ACC_MENS', 'PRECIPITAÇÃO_ACC_MENS', 'DIA_DA_SEMANA_qui', 'DIA_DA_SEMANA_seg', 'DIA_DA_SEMANA_sex', 'DIA_DA_SEMANA_sáb', 'MÊS_abr', 'MÊS_ago', 'MÊS_jan', 'MÊS_jul', 'MÊS_jun', 'MÊS_nov', 'ANO_2023', 'ANO_2024', 'ANO_2015', 'ANO_2017', 'CAMPUS_ASSIS CHATEAUBRIAND', 'CAMPUS_BARRACÃO', 'CAMPUS_CAMPO LARGO', 'CAMPUS_CASCAVEL', 'CAMPUS_CORONEL VIVIDA', 'CAMPUS_CURITIBA', 'CAMPUS_GOIOERÊ', 'CAMPUS_IRATI', 'CAMPUS_IVAIPORÃ', 'CAMPUS_JACAREZINHO', 'CAMPUS_JAGUARIAÍVA', 'CAMPUS_PALMAS', 'CAMPUS_PARANAVAÍ', 'CAMPUS_QUEDAS DO IGUAÇU', 'CAMPUS_UMUARAMA', 'CURSOS_TEC_INTEGRADO', 'CURSOS_TEC_SUBSEQUENTE', 'CURSOS_GRAD_MATUTINO', 'FÉRIAS', 'FERIADO', 'COVID', 'ORDEM', 'LAG_01', 'LAG_02', 'LAG_03', 'LAG_04', 'LAG_05', 'LAG_06', 'LAG_07', 'LAG_08', 'LAG_09', 'LAG_10', 'LAG_11', 'LAG_12');0.27595
('TEMP_MÉD_MIN_MENS', 'TEMP_MAX_MÉD_MENS', 'PRECIPITAÇÃO_MÉD_MENS', 'TEMP_MIN_MIN_MENS', 'TEMP_MIN_MAX_MENS', 'TEMP_MAX_MIN_MENS', 'PRECIPITAÇÃO_MIN_MENS', 'TEMP_MAX_MAX_MENS', 'TEMP_MAX_ACC_MENS', 'PRECIPITAÇÃO_ACC_MENS', 'DIA_DA_SEMANA_dom', 'DIA_DA_SEMANA_qua', 'DIA_DA_SEMANA_qui', 'DIA_DA_SEMANA_seg', 'DIA_DA_SEMANA_sex', 'DIA_DA_SEMANA_ter', 'MÊS_abr', 'MÊS_ago', 'MÊS_dez', 'MÊS_fev', 'MÊS_jul', 'MÊS_jun', 'MÊS_mai', 'ANO_2021', 'ANO_2022', 'ANO_2023', 'ANO_2015', 'ANO_2016', 'ANO_2018', 'ANO_2019', 'ANO_2020', 'CAMPUS_ASTORGA', 'CAMPUS_BARRACÃO', 'CAMPUS_CAMPO LARGO', 'CAMPUS_CASCAVEL', 'CAMPUS_CORONEL VIVIDA', 'CAMPUS_FOZ DO IGUAÇU', 'CAMPUS_IRATI', 'CAMPUS_IVAIPORÃ', 'CAMPUS_JACAREZINHO', 'CAMPUS_JAGUARIAÍVA', 'CAMPUS_PALMAS', 'CAMPUS_PARANAGUÁ', 'CAMPUS_PARANAVAÍ', 'CAMPUS_PINHAIS', 'CAMPUS_QUEDAS DO IGUAÇU', 'CAMPUS_TELÊMACO BORBA', 'CURSOS_TEC_CONCOMITANTE', 'CURSOS_TEC_INTEGRADO', 'CURSOS_TEC_SUBSEQUENTE', 'CURSOS_GRAD_MATUTINO', 'CURSOS_GRAD_NOTURNO', 'FÉRIAS', 'FERIADO', 'GREVE', 'ORDEM', 'LAG_01', 'LAG_03', 'LAG_06', 'LAG_07', 'LAG_09', 'LAG_10');0.27606
('TEMP_MIN_MÉD_MENS', 'PRECIPITAÇÃO_MÉD_MENS', 'TEMP_MIN_MIN_MENS', 'TEMP_MIN_MAX_MENS', 'TEMP_MIN_ACC_MENS', 'TEMP_MAX_MIN_MENS', 'PRECIPITAÇÃO_MIN_MENS', 'TEMP_MAX_ACC_MENS', 'DIA_DA_SEMANA_qui', 'DIA_DA_SEMANA_sex', 'DIA_DA_SEMANA_sáb', 'DIA_DA_SEMANA_ter', 'MÊS_abr', 'MÊS_ago', 'MÊS_fev', 'MÊS_jul', 'MÊS_jun', 'MÊS_mai', 'MÊS_mar', 'MÊS_nov', 'MÊS_out', 'MÊS_set', 'ANO_2021', 'ANO_2022', 'ANO_2023', 'ANO_2024', 'ANO_2015', 'ANO_2016', 'ANO_2019', 'ANO_2020', 'CAMPUS_ASSIS CHATEAUBRIAND', 'CAMPUS_ASTORGA', 'CAMPUS_BARRACÃO', 'CAMPUS_CASCAVEL', 'CAMPUS_CURITIBA', 'CAMPUS_FOZ DO IGUAÇU', 'CAMPUS_GOIOERÊ', 'CAMPUS_IVAIPORÃ', 'CAMPUS_LONDRINA - CENTRO', 'CAMPUS_PINHAIS', 'CAMPUS_PITANGA', 'CAMPUS_QUEDAS DO IGUAÇU', 'CAMPUS_TELÊMACO BORBA', 'CAMPUS_UMUARAMA', 'CAMPUS_UNIÃO DA VITÓRIA', 'CURSOS_TEC_CONCOMITANTE', 'CURSOS_GRAD_NOTURNO', 'CURSOS_POS', 'FÉRIAS', 'FERIADO', 'COVID', 'GREVE', 'ORDEM', 'LAG_01', 'LAG_03', 'LAG_04', 'LAG_05', 'LAG_06', 'LAG_07', 'LAG_08', 'LAG_11');0.2762
('TEMP_MÉD_MIN_MENS', 'TEMP_MÉD_ACC_MENS', 'TEMP_MAX_MÉD_MENS', 'PRECIPITAÇÃO_MÉD_MENS', 'TEMP_MIN_MIN_MENS', 'TEMP_MAX_MIN_MENS', 'TEMP_MAX_MAX_MENS', 'PRECIPITAÇÃO_MAX_MENS', 'DIA_DA_SEMANA_dom', 'DIA_DA_SEMANA_qua', 'DIA_DA_SEMANA_seg', 'DIA_DA_SEMANA_sex', 'MÊS_abr', 'MÊS_ago', 'MÊS_dez', 'MÊS_fev', 'MÊS_jun', 'MÊS_set', 'ANO_2021', 'ANO_2024', 'ANO_2015', 'ANO_2016', 'ANO_2017', 'ANO_2018', 'ANO_2019', 'CAMPUS_ASSIS CHATEAUBRIAND', 'CAMPUS_ASTORGA', 'CAMPUS_BARRACÃO', 'CAMPUS_GOIOERÊ', 'CAMPUS_JAGUARIAÍVA', 'CAMPUS_LONDRINA - CENTRO', 'CAMPUS_PALMAS', 'CAMPUS_QUEDAS DO IGUAÇU', 'CAMPUS_TELÊMACO BORBA', 'CAMPUS_UMUARAMA', 'CAMPUS_UNIÃO DA VITÓRIA', 'CURSOS_TEC_CONCOMITANTE', 'CURSOS_TEC_SUBSEQUENTE', 'CURSOS_POS', 'FÉRIAS', 'FERIADO', 'COVID', 'ORDEM', 'LAG_01', 'LAG_02', 'LAG_03', 'LAG_04', 'LAG_07', 'LAG_10');0.27622
('TEMP_MÉD_MIN_MENS', 'TEMP_MÉD_MÉD_MENS', 'TEMP_MÉD_ACC_MENS', 'PRECIPITAÇÃO_MÉD_MENS', 'TEMP_MIN_MIN_MENS', 'TEMP_MIN_MAX_MENS', 'TEMP_MIN_ACC_MENS', 'PRECIPITAÇÃO_MIN_MENS', 'TEMP_MAX_MAX_MENS', 'TEMP_MAX_ACC_MENS', 'PRECIPITAÇÃO_MAX_MENS', 'DIA_DA_SEMANA_qui', 'DIA_DA_SEMANA_sáb', 'DIA_DA_SEMANA_ter', 'MÊS_ago', 'MÊS_dez', 'MÊS_fev', 'MÊS_jan', 'MÊS_jul', 'MÊS_mai', 'MÊS_mar', 'MÊS_nov', 'MÊS_out', 'ANO_2021', 'ANO_2023', 'ANO_2024', 'ANO_2015', 'ANO_2016', 'ANO_2017', 'ANO_2018', 'ANO_2020', 'CAMPUS_ASSIS CHATEAUBRIAND', 'CAMPUS_ASTORGA', 'CAMPUS_BARRACÃO', 'CAMPUS_CAMPO LARGO', 'CAMPUS_CAPANEMA', 'CAMPUS_CASCAVEL', 'CAMPUS_CURITIBA', 'CAMPUS_GOIOERÊ', 'CAMPUS_IVAIPORÃ', 'CAMPUS_JACAREZINHO', 'CAMPUS_JAGUARIAÍVA', 'CAMPUS_LONDRINA - CENTRO', 'CAMPUS_PARANAGUÁ', 'CAMPUS_PINHAIS', 'CAMPUS_PITANGA', 'CAMPUS_UMUARAMA', 'CURSOS_TEC_SUBSEQUENTE', 'CURSOS_GRAD_VESPERTINO', 'CURSOS_GRAD_NOTURNO', 'FÉRIAS', 'FERIADO', 'COVID', 'GREVE', 'ORDEM', 'LAG_01', 'LAG_02', 'LAG_03', 'LAG_04', 'LAG_05', 'LAG_06', 'LAG_08');0.27627
('TEMP_MIN_MÉD_MENS', 'TEMP_MÉD_MIN_MENS', 'TEMP_MÉD_ACC_MENS', 'TEMP_MAX_MÉD_MENS', 'PRECIPITAÇÃO_MÉD_MENS', 'TEMP_MIN_MIN_MENS', 'TEMP_MIN_MAX_MENS', 'TEMP_MIN_ACC_MENS', 'TEMP_MAX_MIN_MENS', 'TEMP_MAX_MAX_MENS', 'TEMP_MAX_ACC_MENS', 'PRECIPITAÇÃO_ACC_MENS', 'DIA_DA_SEMANA_qua', 'DIA_DA_SEMANA_seg', 'MÊS_abr', 'MÊS_dez', 'MÊS_jan', 'MÊS_jul', 'MÊS_mai', 'MÊS_nov', 'ANO_2024', 'ANO_2016', 'ANO_2017', 'ANO_2018', 'ANO_2020', 'CAMPUS_ASSIS CHATEAUBRIAND', 'CAMPUS_CASCAVEL', 'CAMPUS_CORONEL VIVIDA', 'CAMPUS_GOIOERÊ', 'CAMPUS_IVAIPORÃ', 'CAMPUS_JACAREZINHO', 'CAMPUS_JAGUARIAÍVA', 'CAMPUS_PARANAGUÁ', 'CAMPUS_PARANAVAÍ', 'CAMPUS_PINHAIS', 'CAMPUS_QUEDAS DO IGUAÇU', 'CAMPUS_UMUARAMA', 'CAMPUS_UNIÃO DA VITÓRIA', 'CURSOS_TEC_CONCOMITANTE', 'CURSOS_TEC_SUBSEQUENTE', 'CURSOS_GRAD_MATUTINO', 'CURSOS_GRAD_VESPERTINO', 'FÉRIAS', 'FERIADO', 'COVID', 'GREVE', 'ORDEM', 'LAG_01', 'LAG_02', 'LAG_04', 'LAG_12');0.27673
('TEMP_MIN_MÉD_MENS', 'TEMP_MÉD_MIN_MENS', 'TEMP_MÉD_MAX_MENS', 'TEMP_MÉD_ACC_MENS', 'TEMP_MAX_MÉD_MENS', 'PRECIPITAÇÃO_MÉD_MENS', 'TEMP_MAX_MIN_MENS', 'TEMP_MAX_MAX_MENS', 'DIA_DA_SEMANA_qui', 'DIA_DA_SEMANA_seg', 'DIA_DA_SEMANA_sex', 'DIA_DA_SEMANA_ter', 'MÊS_ago', 'MÊS_dez', 'MÊS_fev', 'MÊS_jan', 'MÊS_jul', 'MÊS_mai', 'ANO_2022', 'ANO_2024', 'ANO_2015', 'ANO_2016', 'ANO_2019', 'ANO_2020', 'CAMPUS_ASSIS CHATEAUBRIAND', 'CAMPUS_ASTORGA', 'CAMPUS_BARRACÃO', 'CAMPUS_CAMPO LARGO', 'CAMPUS_CAPANEMA', 'CAMPUS_CASCAVEL', 'CAMPUS_CURITIBA', 'CAMPUS_FOZ DO IGUAÇU', 'CAMPUS_GOIOERÊ', 'CAMPUS_IRATI', 'CAMPUS_JACAREZINHO', 'CAMPUS_JAGUARIAÍVA', 'CAMPUS_LONDRINA - CENTRO', 'CAMPUS_PALMAS', 'CAMPUS_PARANAGUÁ', 'CAMPUS_PINHAIS', 'CAMPUS_QUEDAS DO IGUAÇU', 'CURSOS_TEC_CONCOMITANTE', 'CURSOS_TEC_SUBSEQUENTE', 'CURSOS_GRAD_VESPERTINO', 'CURSOS_GRAD_NOTURNO', 'CURSOS_POS', 'FÉRIAS', 'FERIADO', 'COVID', 'GREVE', 'LAG_01', 'LAG_02', 'LAG_04', 'LAG_05', 'LAG_06', 'LAG_07', 'LAG_08', 'LAG_10');0.27695
('TEMP_MIN_MÉD_MENS', 'TEMP_MÉD_MÉD_MENS', 'TEMP_MÉD_ACC_MENS', 'TEMP_MAX_MÉD_MENS', 'PRECIPITAÇÃO_MÉD_MENS', 'TEMP_MIN_MIN_MENS', 'TEMP_MIN_MAX_MENS', 'PRECIPITAÇÃO_MIN_MENS', 'TEMP_MAX_MAX_MENS', 'DIA_DA_SEMANA_dom', 'DIA_DA_SEMANA_qua', 'DIA_DA_SEMANA_qui', 'DIA_DA_SEMANA_sex', 'MÊS_ago', 'MÊS_dez', 'MÊS_fev', 'MÊS_jul', 'MÊS_mai', 'MÊS_out', 'MÊS_set', 'ANO_2021', 'ANO_2023', 'ANO_2017', 'ANO_2018', 'ANO_2019', 'CAMPUS_ASSIS CHATEAUBRIAND', 'CAMPUS_BARRACÃO', 'CAMPUS_GOIOERÊ', 'CAMPUS_IRATI', 'CAMPUS_JACAREZINHO', 'CAMPUS_PALMAS', 'CAMPUS_PARANAVAÍ', 'CAMPUS_PITANGA', 'CAMPUS_QUEDAS DO IGUAÇU', 'CAMPUS_TELÊMACO BORBA', 'CAMPUS_UMUARAMA', 'CAMPUS_UNIÃO DA VITÓRIA', 'CURSOS_TEC_CONCOMITANTE', 'CURSOS_TEC_INTEGRADO', 'CURSOS_TEC_SUBSEQUENTE', 'CURSOS_GRAD_VESPERTINO', 'CURSOS_POS', 'FÉRIAS', 'FERIADO', 'COVID', 'GREVE', 'LAG_02', 'LAG_03', 'LAG_06');0.27714
('TEMP_MÉD_MIN_MENS', 'PRECIPITAÇÃO_MÉD_MENS', 'TEMP_MIN_MIN_MENS', 'TEMP_MIN_ACC_MENS', 'TEMP_MAX_MIN_MENS', 'PRECIPITAÇÃO_MIN_MENS', 'TEMP_MAX_MAX_MENS', 'TEMP_MAX_ACC_MENS', 'PRECIPITAÇÃO_ACC_MENS', 'DIA_DA_SEMANA_dom', 'DIA_DA_SEMANA_seg', 'DIA_DA_SEMANA_sex', 'DIA_DA_SEMANA_sáb', 'DIA_DA_SEMANA_ter', 'MÊS_abr', 'MÊS_ago', 'MÊS_fev', 'MÊS_jan', 'MÊS_jul', 'MÊS_jun', 'MÊS_nov', 'MÊS_set', 'ANO_2021', 'ANO_2022', 'ANO_2023', 'ANO_2024', 'ANO_2016', 'ANO_2019', 'ANO_2020', 'CAMPUS_ASSIS CHATEAUBRIAND', 'CAMPUS_BARRACÃO', 'CAMPUS_CAPANEMA', 'CAMPUS_CASCAVEL', 'CAMPUS_CORONEL VIVIDA', 'CAMPUS_CURITIBA', 'CAMPUS_FOZ DO IGUAÇU', 'CAMPUS_GOIOERÊ', 'CAMPUS_IRATI', 'CAMPUS_JACAREZINHO', 'CAMPUS_JAGUARIAÍVA', 'CAMPUS_LONDRINA - CENTRO', 'CAMPUS_PALMAS', 'CAMPUS_PARANAGUÁ', 'CAMPUS_PARANAVAÍ', 'CAMPUS_PITANGA', 'CAMPUS_UNIÃO DA VITÓRIA', 'CURSOS_TEC_SUBSEQUENTE', 'CURSOS_GRAD_MATUTINO', 'CURSOS_GRAD_VESPERTINO', 'CURSOS_POS', 'FÉRIAS', 'FERIADO', 'COVID', 'GREVE', 'ORDEM', 'LAG_01', 'LAG_02', 'LAG_05', 'LAG_07', 'LAG_10', 'LAG_12');0.27719
('TEMP_MIN_MÉD_MENS', 'TEMP_MÉD_MIN_MENS', 'TEMP_MÉD_MÉD_MENS', 'TEMP_MÉD_MAX_MENS', 'PRECIPITAÇÃO_MÉD_MENS', 'TEMP_MIN_MIN_MENS', 'TEMP_MIN_ACC_MENS', 'PRECIPITAÇÃO_MIN_MENS', 'TEMP_MAX_ACC_MENS', 'PRECIPITAÇÃO_MAX_MENS', 'DIA_DA_SEMANA_qua', 'DIA_DA_SEMANA_seg', 'DIA_DA_SEMANA_sex', 'DIA_DA_SEMANA_ter', 'MÊS_abr', 'MÊS_ago', 'MÊS_dez', 'MÊS_fev', 'MÊS_jan', 'MÊS_jul', 'MÊS_mai', 'MÊS_mar', 'MÊS_out', 'MÊS_set', 'ANO_2021', 'ANO_2022', 'ANO_2023', 'ANO_2024', 'ANO_2016', 'ANO_2019', 'ANO_2020', 'CAMPUS_ASSIS CHATEAUBRIAND', 'CAMPUS_ASTORGA', 'CAMPUS_BARRACÃO', 'CAMPUS_CAMPO LARGO', 'CAMPUS_CAPANEMA', 'CAMPUS_CASCAVEL', 'CAMPUS_CORONEL VIVIDA', 'CAMPUS_CURITIBA', 'CAMPUS_IVAIPORÃ', 'CAMPUS_LONDRINA - CENTRO', 'CAMPUS_PALMAS', 'CAMPUS_QUEDAS DO IGUAÇU', 'CURSOS_TEC_INTEGRADO', 'CURSOS_TEC_SUBSEQUENTE', 'CURSOS_GRAD_NOTURNO', 'CURSOS_POS', 'FÉRIAS', 'COVID', 'GREVE', 'ORDEM', 'LAG_01', 'LAG_03', 'LAG_05', 'LAG_06', 'LAG_09', 'LAG_11');0.27722
('TEMP_MÉD_MIN_MENS', 'TEMP_MÉD_MÉD_MENS', 'TEMP_MÉD_MAX_MENS', 'TEMP_MÉD_ACC_MENS', 'TEMP_MIN_MIN_MENS', 'TEMP_MIN_MAX_MENS', 'TEMP_MIN_ACC_MENS', 'TEMP_MAX_MIN_MENS', 'PRECIPITAÇÃO_MIN_MENS', 'TEMP_MAX_MAX_MENS', 'PRECIPITAÇÃO_MAX_MENS', 'DIA_DA_SEMANA_dom', 'DIA_DA_SEMANA_qua', 'DIA_DA_SEMANA_qui', 'DIA_DA_SEMANA_sex', 'MÊS_abr', 'MÊS_fev', 'MÊS_jul', 'MÊS_jun', 'MÊS_nov', 'MÊS_out', 'MÊS_set', 'ANO_2022', 'ANO_2023', 'ANO_2024', 'ANO_2015', 'ANO_2016', 'ANO_2017', 'ANO_2019', 'ANO_2020', 'CAMPUS_ASSIS CHATEAUBRIAND', 'CAMPUS_BARRACÃO', 'CAMPUS_CAMPO LARGO', 'CAMPUS_CASCAVEL', 'CAMPUS_CORONEL VIVIDA', 'CAMPUS_FOZ DO IGUAÇU', 'CAMPUS_GOIOERÊ', 'CAMPUS_IVAIPORÃ', 'CAMPUS_JAGUARIAÍVA', 'CAMPUS_PARANAVAÍ', 'CAMPUS_PITANGA', 'CAMPUS_QUEDAS DO IGUAÇU', 'CAMPUS_TELÊMACO BORBA', 'CAMPUS_UNIÃO DA VITÓRIA', 'CURSOS_TEC_CONCOMITANTE', 'CURSOS_TEC_SUBSEQUENTE', 'CURSOS_GRAD_NOTURNO', 'CURSOS_POS', 'FÉRIAS', 'FERIADO', 'ORDEM', 'LAG_05', 'LAG_06', 'LAG_10', 'LAG_11', 'LAG_12');0.27744
('TEMP_MÉD_MAX_MENS', 'TEMP_MÉD_ACC_MENS', 'TEMP_MAX_MÉD_MENS', 'TEMP_MIN_MAX_MENS', 'PRECIPITAÇÃO_MIN_MENS', 'TEMP_MAX_MAX_MENS', 'TEMP_MAX_ACC_MENS', 'PRECIPITAÇÃO_ACC_MENS', 'DIA_DA_SEMANA_dom', 'DIA_DA_SEMANA_qui', 'DIA_DA_SEMANA_seg', 'DIA_DA_SEMANA_sáb', 'DIA_DA_SEMANA_ter', 'MÊS_abr', 'MÊS_ago', 'MÊS_dez', 'MÊS_mar', 'MÊS_nov', 'MÊS_set', 'ANO_2021', 'ANO_2023', 'ANO_2019', 'CAMPUS_ASSIS CHATEAUBRIAND', 'CAMPUS_BARRACÃO', 'CAMPUS_CAMPO LARGO', 'CAMPUS_CORONEL VIVIDA', 'CAMPUS_GOIOERÊ', 'CAMPUS_JACAREZINHO', 'CAMPUS_JAGUARIAÍVA', 'CAMPUS_LONDRINA - CENTRO', 'CAMPUS_PALMAS', 'CAMPUS_PARANAGUÁ', 'CAMPUS_PARANAVAÍ', 'CAMPUS_PINHAIS', 'CAMPUS_PITANGA', 'CAMPUS_QUEDAS DO IGUAÇU', 'CAMPUS_TELÊMACO BORBA', 'CAMPUS_UMUARAMA', 'CURSOS_TEC_CONCOMITANTE', 'CURSOS_TEC_INTEGRADO', 'CURSOS_GRAD_MATUTINO', 'CURSOS_GRAD_NOTURNO', 'CURSOS_POS', 'FÉRIAS', 'FERIADO', 'COVID', 'GREVE', 'ORDEM', 'LAG_01', 'LAG_02', 'LAG_07', 'LAG_08', 'LAG_09', 'LAG_10');0.27751
('TEMP_MIN_MÉD_MENS', 'TEMP_MÉD_MIN_MENS', 'TEMP_MÉD_MÉD_MENS', 'TEMP_MÉD_MAX_MENS', 'TEMP_MAX_MÉD_MENS', 'PRECIPITAÇÃO_MÉD_MENS', 'TEMP_MIN_MAX_MENS', 'TEMP_MIN_ACC_MENS', 'TEMP_MAX_MIN_MENS', 'TEMP_MAX_MAX_MENS', 'TEMP_MAX_ACC_MENS', 'PRECIPITAÇÃO_MAX_MENS', 'DIA_DA_SEMANA_qua', 'DIA_DA_SEMANA_qui', 'DIA_DA_SEMANA_seg', 'DIA_DA_SEMANA_sex', 'MÊS_abr', 'MÊS_ago', 'MÊS_dez', 'MÊS_jun', 'MÊS_mai', 'MÊS_mar', 'MÊS_nov', 'MÊS_out', 'MÊS_set', 'ANO_2021', 'ANO_2024', 'ANO_2015', 'ANO_2017', 'ANO_2018', 'ANO_2019', 'ANO_2020', 'CAMPUS_ASSIS CHATEAUBRIAND', 'CAMPUS_ASTORGA', 'CAMPUS_CAMPO LARGO', 'CAMPUS_CAPANEMA', 'CAMPUS_CORONEL VIVIDA', 'CAMPUS_FOZ DO IGUAÇU', 'CAMPUS_IRATI', 'CAMPUS_IVAIPORÃ', 'CAMPUS_JAGUARIAÍVA', 'CAMPUS_LONDRINA - CENTRO', 'CAMPUS_PARANAGUÁ', 'CAMPUS_UMUARAMA', 'CAMPUS_UNIÃO DA VITÓRIA', 'CURSOS_TEC_CONCOMITANTE', 'CURSOS_TEC_INTEGRADO', 'CURSOS_TEC_SUBSEQUENTE', 'CURSOS_GRAD_VESPERTINO', 'CURSOS_GRAD_NOTURNO', 'FÉRIAS', 'FERIADO', 'COVID', 'ORDEM', 'LAG_01', 'LAG_03', 'LAG_05', 'LAG_06', 'LAG_07', 'LAG_08', 'LAG_09', 'LAG_10');0.27754
('TEMP_MIN_MÉD_MENS', 'TEMP_MÉD_MÉD_MENS', 'TEMP_MÉD_MAX_MENS', 'TEMP_MÉD_ACC_MENS', 'TEMP_MIN_MIN_MENS', 'TEMP_MIN_MAX_MENS', 'TEMP_MAX_MAX_MENS', 'TEMP_MAX_ACC_MENS', 'PRECIPITAÇÃO_MAX_MENS', 'PRECIPITAÇÃO_ACC_MENS', 'DIA_DA_SEMANA_dom', 'DIA_DA_SEMANA_qui', 'DIA_DA_SEMANA_seg', 'DIA_DA_SEMANA_sáb', 'DIA_DA_SEMANA_ter', 'MÊS_jan', 'MÊS_jul', 'MÊS_jun', 'MÊS_set', 'ANO_2021', 'ANO_2022', 'ANO_2023', 'ANO_2024', 'ANO_2015', 'ANO_2017', 'ANO_2018', 'ANO_2019', 'ANO_2020', 'CAMPUS_ASSIS CHATEAUBRIAND', 'CAMPUS_ASTORGA', 'CAMPUS_GOIOERÊ', 'CAMPUS_JACAREZINHO', 'CAMPUS_JAGUARIAÍVA', 'CAMPUS_LONDRINA - CENTRO', 'CAMPUS_PALMAS', 'CAMPUS_QUEDAS DO IGUAÇU', 'CAMPUS_TELÊMACO BORBA', 'CAMPUS_UMUARAMA', 'CURSOS_TEC_INTEGRADO', 'CURSOS_GRAD_VESPERTINO', 'CURSOS_POS', 'FÉRIAS', 'FERIADO', 'COVID', 'GREVE', 'ORDEM', 'LAG_01', 'LAG_03', 'LAG_05', 'LAG_09', 'LAG_10', 'LAG_11');0.27763
('TEMP_MÉD_MÉD_MENS', 'TEMP_MAX_MÉD_MENS', 'TEMP_MIN_ACC_MENS', 'TEMP_MAX_MIN_MENS', 'TEMP_MAX_MAX_MENS', 'PRECIPITAÇÃO_MAX_MENS', 'DIA_DA_SEMANA_dom', 'DIA_DA_SEMANA_qua', 'DIA_DA_SEMANA_qui', 'DIA_DA_SEMANA_seg', 'DIA_DA_SEMANA_sáb', 'DIA_DA_SEMANA_ter', 'MÊS_ago', 'MÊS_dez', 'MÊS_jan', 'MÊS_jul', 'MÊS_mai', 'MÊS_mar', 'ANO_2024', 'ANO_2015', 'ANO_2017', 'ANO_2018', 'ANO_2019', 'CAMPUS_ASSIS CHATEAUBRIAND', 'CAMPUS_ASTORGA', 'CAMPUS_BARRACÃO', 'CAMPUS_CAMPO LARGO', 'CAMPUS_CASCAVEL', 'CAMPUS_CURITIBA', 'CAMPUS_GOIOERÊ', 'CAMPUS_JAGUARIAÍVA', 'CAMPUS_LONDRINA - CENTRO', 'CAMPUS_PALMAS', 'CAMPUS_PARANAGUÁ', 'CAMPUS_QUEDAS DO IGUAÇU', 'CAMPUS_TELÊMACO BORBA', 'CAMPUS_UMUARAMA', 'CAMPUS_UNIÃO DA VITÓRIA', 'CURSOS_TEC_INTEGRADO', 'CURSOS_GRAD_MATUTINO', 'CURSOS_POS', 'FÉRIAS', 'FERIADO', 'COVID', 'GREVE', 'LAG_01', 'LAG_02', 'LAG_04', 'LAG_06', 'LAG_07', 'LAG_09', 'LAG_10', 'LAG_11');0.27772
('TEMP_MÉD_MAX_MENS', 'TEMP_MÉD_ACC_MENS', 'TEMP_MAX_MÉD_MENS', 'PRECIPITAÇÃO_MÉD_MENS', 'TEMP_MIN_MAX_MENS', 'TEMP_MAX_MIN_MENS', 'TEMP_MAX_MAX_MENS', 'TEMP_MAX_ACC_MENS', 'PRECIPITAÇÃO_MAX_MENS', 'PRECIPITAÇÃO_ACC_MENS', 'DIA_DA_SEMANA_dom', 'DIA_DA_SEMANA_qua', 'DIA_DA_SEMANA_qui', 'DIA_DA_SEMANA_seg', 'DIA_DA_SEMANA_sex', 'MÊS_fev', 'MÊS_jun', 'MÊS_mai', 'MÊS_nov', 'MÊS_out', 'MÊS_set', 'ANO_2021', 'ANO_2024', 'ANO_2017', 'ANO_2019', 'ANO_2020', 'CAMPUS_BARRACÃO', 'CAMPUS_CAPANEMA', 'CAMPUS_CASCAVEL', 'CAMPUS_CORONEL VIVIDA', 'CAMPUS_CURITIBA', 'CAMPUS_FOZ DO IGUAÇU', 'CAMPUS_IVAIPORÃ', 'CAMPUS_LONDRINA - CENTRO', 'CAMPUS_PALMAS', 'CAMPUS_PARANAVAÍ', 'CAMPUS_PINHAIS', 'CAMPUS_QUEDAS DO IGUAÇU', 'CAMPUS_TELÊMACO BORBA', 'CAMPUS_UMUARAMA', 'CAMPUS_UNIÃO DA VITÓRIA', 'CURSOS_TEC_CONCOMITANTE', 'CURSOS_TEC_SUBSEQUENTE', 'CURSOS_GRAD_VESPERTINO', 'CURSOS_POS', 'FÉRIAS', 'COVID', 'GREVE', 'ORDEM', 'LAG_01', 'LAG_03', 'LAG_04', 'LAG_05', 'LAG_06', 'LAG_07', 'LAG_11');0.27775
('TEMP_MIN_MÉD_MENS', 'TEMP_MÉD_MIN_MENS', 'TEMP_MAX_MÉD_MENS', 'TEMP_MIN_MAX_MENS', 'TEMP_MAX_MIN_MENS', 'TEMP_MAX_MAX_MENS', 'TEMP_MAX_ACC_MENS', 'PRECIPITAÇÃO_ACC_MENS', 'DIA_DA_SEMANA_dom', 'DIA_DA_SEMANA_qui', 'DIA_DA_SEMANA_seg', 'DIA_DA_SEMANA_sex', 'MÊS_ago', 'MÊS_dez', 'MÊS_jul', 'MÊS_jun', 'MÊS_mar', 'MÊS_out', 'ANO_2021', 'ANO_2023', 'ANO_2015', 'ANO_2016', 'ANO_2018', 'ANO_2020', 'CAMPUS_CAMPO LARGO', 'CAMPUS_CASCAVEL', 'CAMPUS_CURITIBA', 'CAMPUS_FOZ DO IGUAÇU', 'CAMPUS_GOIOERÊ', 'CAMPUS_JACAREZINHO', 'CAMPUS_JAGUARIAÍVA', 'CAMPUS_LONDRINA - CENTRO', 'CAMPUS_PARANAVAÍ', 'CAMPUS_PINHAIS', 'CAMPUS_QUEDAS DO IGUAÇU', 'CAMPUS_UMUARAMA', 'CAMPUS_UNIÃO DA VITÓRIA', 'CURSOS_TEC_INTEGRADO', 'CURSOS_GRAD_VESPERTINO', 'CURSOS_GRAD_NOTURNO', 'CURSOS_POS', 'FÉRIAS', 'FERIADO', 'COVID', 'ORDEM', 'LAG_01', 'LAG_02', 'LAG_03', 'LAG_05', 'LAG_06', 'LAG_07', 'LAG_09', 'LAG_11', 'LAG_12');0.27782
('TEMP_MIN_MÉD_MENS', 'TEMP_MÉD_MIN_MENS', 'TEMP_MÉD_MÉD_MENS', 'TEMP_MÉD_MAX_MENS', 'TEMP_MÉD_ACC_MENS', 'PRECIPITAÇÃO_MÉD_MENS', 'TEMP_MIN_MAX_MENS', 'TEMP_MAX_MIN_MENS', 'PRECIPITAÇÃO_MIN_MENS', 'TEMP_MAX_ACC_MENS', 'PRECIPITAÇÃO_MAX_MENS', 'DIA_DA_SEMANA_qui', 'DIA_DA_SEMANA_seg', 'DIA_DA_SEMANA_ter', 'MÊS_abr', 'MÊS_ago', 'MÊS_fev', 'MÊS_jan', 'MÊS_mai', 'ANO_2023', 'ANO_2016', 'ANO_2017', 'ANO_2019', 'ANO_2020', 'CAMPUS_ASSIS CHATEAUBRIAND', 'CAMPUS_ASTORGA', 'CAMPUS_BARRACÃO', 'CAMPUS_CAMPO LARGO', 'CAMPUS_CAPANEMA', 'CAMPUS_CASCAVEL', 'CAMPUS_CORONEL VIVIDA', 'CAMPUS_GOIOERÊ', 'CAMPUS_JACAREZINHO', 'CAMPUS_LONDRINA - CENTRO', 'CAMPUS_PALMAS', 'CAMPUS_PARANAGUÁ', 'CAMPUS_PARANAVAÍ', 'CAMPUS_PITANGA', 'CAMPUS_QUEDAS DO IGUAÇU', 'CAMPUS_TELÊMACO BORBA', 'CAMPUS_UMUARAMA', 'CAMPUS_UNIÃO DA VITÓRIA', 'CURSOS_TEC_CONCOMITANTE', 'CURSOS_TEC_INTEGRADO', 'CURSOS_GRAD_MATUTINO', 'CURSOS_GRAD_VESPERTINO', 'CURSOS_GRAD_NOTURNO', 'CURSOS_POS', 'FÉRIAS', 'COVID', 'LAG_01', 'LAG_05', 'LAG_09', 'LAG_11');0.27789
('TEMP_MIN_MÉD_MENS', 'TEMP_MÉD_MIN_MENS', 'TEMP_MÉD_MÉD_MENS', 'TEMP_MÉD_ACC_MENS', 'TEMP_MAX_MÉD_MENS', 'PRECIPITAÇÃO_MÉD_MENS', 'TEMP_MIN_MIN_MENS', 'TEMP_MIN_MAX_MENS', 'TEMP_MIN_ACC_MENS', 'PRECIPITAÇÃO_MIN_MENS', 'TEMP_MAX_MAX_MENS', 'TEMP_MAX_ACC_MENS', 'PRECIPITAÇÃO_MAX_MENS', 'DIA_DA_SEMANA_dom', 'DIA_DA_SEMANA_qua', 'DIA_DA_SEMANA_seg', 'DIA_DA_SEMANA_sex', 'MÊS_ago', 'MÊS_dez', 'MÊS_fev', 'MÊS_jan', 'MÊS_mai', 'MÊS_mar', 'MÊS_nov', 'ANO_2015', 'ANO_2016', 'ANO_2017', 'ANO_2019', 'ANO_2020', 'CAMPUS_ASTORGA', 'CAMPUS_BARRACÃO', 'CAMPUS_CAMPO LARGO', 'CAMPUS_CAPANEMA', 'CAMPUS_CASCAVEL', 'CAMPUS_FOZ DO IGUAÇU', 'CAMPUS_IVAIPORÃ', 'CAMPUS_JACAREZINHO', 'CAMPUS_PARANAVAÍ', 'CAMPUS_PINHAIS', 'CAMPUS_TELÊMACO BORBA', 'CAMPUS_UMUARAMA', 'CURSOS_TEC_SUBSEQUENTE', 'CURSOS_GRAD_VESPERTINO', 'CURSOS_GRAD_NOTURNO', 'CURSOS_POS', 'FÉRIAS', 'FERIADO', 'COVID', 'GREVE', 'ORDEM', 'LAG_01', 'LAG_03', 'LAG_06', 'LAG_07', 'LAG_08', 'LAG_09', 'LAG_10', 'LAG_11');0.27791
('TEMP_MIN_MÉD_MENS', 'TEMP_MÉD_MIN_MENS', 'TEMP_MÉD_MÉD_MENS', 'PRECIPITAÇÃO_MÉD_MENS', 'TEMP_MIN_MIN_MENS', 'PRECIPITAÇÃO_MIN_MENS', 'TEMP_MAX_ACC_MENS', 'PRECIPITAÇÃO_MAX_MENS', 'DIA_DA_SEMANA_sex', 'DIA_DA_SEMANA_sáb', 'MÊS_abr', 'MÊS_dez', 'MÊS_fev', 'MÊS_jul', 'MÊS_nov', 'MÊS_out', 'ANO_2023', 'ANO_2015', 'ANO_2016', 'ANO_2017', 'ANO_2018', 'ANO_2020', 'CAMPUS_ASTORGA', 'CAMPUS_CASCAVEL', 'CAMPUS_CURITIBA', 'CAMPUS_FOZ DO IGUAÇU', 'CAMPUS_IRATI', 'CAMPUS_JAGUARIAÍVA', 'CAMPUS_PALMAS', 'CAMPUS_PARANAGUÁ', 'CAMPUS_PARANAVAÍ', 'CAMPUS_PINHAIS', 'CAMPUS_PITANGA', 'CAMPUS_TELÊMACO BORBA', 'CAMPUS_UNIÃO DA VITÓRIA', 'CURSOS_TEC_CONCOMITANTE', 'CURSOS_TEC_INTEGRADO', 'CURSOS_TEC_SUBSEQUENTE', 'CURSOS_GRAD_MATUTINO', 'CURSOS_GRAD_VESPERTINO', 'CURSOS_POS', 'FÉRIAS', 'COVID', 'GREVE', 'ORDEM', 'LAG_01', 'LAG_02', 'LAG_06', 'LAG_07', 'LAG_09', 'LAG_11');0.27797
('TEMP_MIN_MÉD_MENS', 'TEMP_MÉD_MÉD_MENS', 'TEMP_MAX_MÉD_MENS', 'PRECIPITAÇÃO_MÉD_MENS', 'TEMP_MIN_MAX_MENS', 'PRECIPITAÇÃO_MIN_MENS', 'TEMP_MAX_MAX_MENS', 'DIA_DA_SEMANA_dom', 'DIA_DA_SEMANA_qui', 'DIA_DA_SEMANA_seg', 'DIA_DA_SEMANA_sex', 'DIA_DA_SEMANA_sáb', 'DIA_DA_SEMANA_ter', 'MÊS_abr', 'MÊS_ago', 'MÊS_jan', 'MÊS_jun', 'MÊS_nov', 'MÊS_out', 'MÊS_set', 'ANO_2021', 'ANO_2022', 'ANO_2023', 'ANO_2015', 'ANO_2016', 'ANO_2017', 'ANO_2018', 'ANO_2020', 'CAMPUS_ASSIS CHATEAUBRIAND', 'CAMPUS_ASTORGA', 'CAMPUS_BARRACÃO', 'CAMPUS_CAMPO LARGO', 'CAMPUS_CORONEL VIVIDA', 'CAMPUS_CURITIBA', 'CAMPUS_GOIOERÊ', 'CAMPUS_IVAIPORÃ', 'CAMPUS_JACAREZINHO', 'CAMPUS_JAGUARIAÍVA', 'CAMPUS_LONDRINA - CENTRO', 'CAMPUS_PALMAS', 'CAMPUS_PARANAGUÁ', 'CAMPUS_TELÊMACO BORBA', 'CAMPUS_UMUARAMA', 'CURSOS_GRAD_MATUTINO', 'CURSOS_POS', 'FÉRIAS', 'FERIADO', 'COVID', 'GREVE', 'ORDEM', 'LAG_01', 'LAG_02', 'LAG_03', 'LAG_06', 'LAG_07', 'LAG_08', 'LAG_09', 'LAG_11');0.27814
('TEMP_MIN_MÉD_MENS', 'TEMP_MÉD_MIN_MENS', 'TEMP_MÉD_MÉD_MENS', 'TEMP_MÉD_ACC_MENS', 'PRECIPITAÇÃO_MÉD_MENS', 'TEMP_MIN_MAX_MENS', 'TEMP_MIN_ACC_MENS', 'TEMP_MAX_MIN_MENS', 'PRECIPITAÇÃO_MAX_MENS', 'PRECIPITAÇÃO_ACC_MENS', 'DIA_DA_SEMANA_dom', 'DIA_DA_SEMANA_sex', 'DIA_DA_SEMANA_ter', 'MÊS_abr', 'MÊS_dez', 'MÊS_fev', 'MÊS_jul', 'MÊS_mai', 'MÊS_nov', 'MÊS_out', 'ANO_2023', 'ANO_2024', 'ANO_2015', 'ANO_2016', 'ANO_2018', 'CAMPUS_ASTORGA', 'CAMPUS_BARRACÃO', 'CAMPUS_CAMPO LARGO', 'CAMPUS_CAPANEMA', 'CAMPUS_CASCAVEL', 'CAMPUS_CORONEL VIVIDA', 'CAMPUS_CURITIBA', 'CAMPUS_FOZ DO IGUAÇU', 'CAMPUS_GOIOERÊ', 'CAMPUS_IRATI', 'CAMPUS_IVAIPORÃ', 'CAMPUS_JACAREZINHO', 'CAMPUS_JAGUARIAÍVA', 'CAMPUS_LONDRINA - CENTRO', 'CAMPUS_PARANAVAÍ', 'CAMPUS_PINHAIS', 'CAMPUS_PITANGA', 'CAMPUS_QUEDAS DO IGUAÇU', 'CURSOS_TEC_SUBSEQUENTE', 'CURSOS_GRAD_NOTURNO', 'FÉRIAS', 'FERIADO', 'COVID', 'ORDEM', 'LAG_01', 'LAG_02', 'LAG_03', 'LAG_05', 'LAG_06', 'LAG_07', 'LAG_10', 'LAG_11');0.27834
('TEMP_MIN_MÉD_MENS', 'TEMP_MÉD_MÉD_MENS', 'TEMP_MÉD_MAX_MENS', 'TEMP_MIN_MIN_MENS', 'TEMP_MIN_MAX_MENS', 'TEMP_MIN_ACC_MENS', 'TEMP_MAX_MIN_MENS', 'PRECIPITAÇÃO_MIN_MENS', 'TEMP_MAX_ACC_MENS', 'DIA_DA_SEMANA_dom', 'DIA_DA_SEMANA_qua', 'DIA_DA_SEMANA_qui', 'DIA_DA_SEMANA_ter', 'MÊS_ago', 'MÊS_fev', 'MÊS_jan', 'MÊS_jun', 'MÊS_nov', 'MÊS_set', 'ANO_2021', 'ANO_2022', 'ANO_2023', 'ANO_2024', 'ANO_2015', 'ANO_2019', 'ANO_2020', 'CAMPUS_CAMPO LARGO', 'CAMPUS_CAPANEMA', 'CAMPUS_CURITIBA', 'CAMPUS_FOZ DO IGUAÇU', 'CAMPUS_GOIOERÊ', 'CAMPUS_IRATI', 'CAMPUS_JACAREZINHO', 'CAMPUS_JAGUARIAÍVA', 'CAMPUS_LONDRINA - CENTRO', 'CAMPUS_PARANAGUÁ', 'CAMPUS_PITANGA', 'CAMPUS_UMUARAMA', 'CURSOS_TEC_CONCOMITANTE', 'CURSOS_TEC_INTEGRADO', 'CURSOS_TEC_SUBSEQUENTE', 'CURSOS_GRAD_VESPERTINO', 'CURSOS_GRAD_NOTURNO', 'CURSOS_POS', 'FÉRIAS', 'COVID', 'GREVE', 'ORDEM', 'LAG_01', 'LAG_03', 'LAG_04', 'LAG_06', 'LAG_10', 'LAG_11', 'LAG_12');0.27837
('TEMP_MÉD_MÉD_MENS', 'TEMP_MIN_MIN_MENS', 'TEMP_MIN_MAX_MENS', 'TEMP_MAX_MIN_MENS', 'PRECIPITAÇÃO_MIN_MENS', 'TEMP_MAX_MAX_MENS', 'TEMP_MAX_ACC_MENS', 'PRECIPITAÇÃO_MAX_MENS', 'PRECIPITAÇÃO_ACC_MENS', 'DIA_DA_SEMANA_dom', 'DIA_DA_SEMANA_qua', 'DIA_DA_SEMANA_seg', 'DIA_DA_SEMANA_ter', 'MÊS_ago', 'MÊS_dez', 'MÊS_jan', 'MÊS_jun', 'MÊS_mar', 'MÊS_nov', 'MÊS_out', 'ANO_2021', 'ANO_2023', 'ANO_2024', 'ANO_2015', 'ANO_2016', 'ANO_2017', 'ANO_2020', 'CAMPUS_ASSIS CHATEAUBRIAND', 'CAMPUS_ASTORGA', 'CAMPUS_CAMPO LARGO', 'CAMPUS_CASCAVEL', 'CAMPUS_CORONEL VIVIDA', 'CAMPUS_CURITIBA', 'CAMPUS_FOZ DO IGUAÇU', 'CAMPUS_GOIOERÊ', 'CAMPUS_IRATI', 'CAMPUS_JAGUARIAÍVA', 'CAMPUS_LONDRINA - CENTRO', 'CAMPUS_PALMAS', 'CAMPUS_PARANAGUÁ', 'CAMPUS_PINHAIS', 'CAMPUS_PITANGA', 'CAMPUS_QUEDAS DO IGUAÇU', 'CAMPUS_TELÊMACO BORBA', 'CAMPUS_UMUARAMA', 'CURSOS_TEC_CONCOMITANTE', 'CURSOS_TEC_INTEGRADO', 'CURSOS_TEC_SUBSEQUENTE', 'CURSOS_GRAD_MATUTINO', 'FÉRIAS', 'COVID', 'ORDEM', 'LAG_01', 'LAG_04', 'LAG_05', 'LAG_06', 'LAG_10', 'LAG_12');0.27841
('TEMP_MÉD_MIN_MENS', 'TEMP_MÉD_MÉD_MENS', 'TEMP_MÉD_MAX_MENS', 'TEMP_MÉD_ACC_MENS', 'PRECIPITAÇÃO_MÉD_MENS', 'TEMP_MIN_ACC_MENS', 'TEMP_MAX_MIN_MENS', 'TEMP_MAX_MAX_MENS', 'TEMP_MAX_ACC_MENS', 'PRECIPITAÇÃO_MAX_MENS', 'PRECIPITAÇÃO_ACC_MENS', 'DIA_DA_SEMANA_dom', 'DIA_DA_SEMANA_seg', 'DIA_DA_SEMANA_sex', 'DIA_DA_SEMANA_ter', 'MÊS_abr', 'MÊS_ago', 'MÊS_dez', 'MÊS_fev', 'MÊS_jan', 'MÊS_jun', 'MÊS_mai', 'MÊS_nov', 'MÊS_set', 'ANO_2021', 'ANO_2022', 'ANO_2024', 'ANO_2015', 'ANO_2016', 'ANO_2017', 'ANO_2018', 'ANO_2020', 'CAMPUS_ASTORGA', 'CAMPUS_BARRACÃO', 'CAMPUS_CURITIBA', 'CAMPUS_IRATI', 'CAMPUS_IVAIPORÃ', 'CAMPUS_JACAREZINHO', 'CAMPUS_JAGUARIAÍVA', 'CAMPUS_PARANAGUÁ', 'CAMPUS_QUEDAS DO IGUAÇU', 'CAMPUS_TELÊMACO BORBA', 'CAMPUS_UMUARAMA', 'CURSOS_TEC_SUBSEQUENTE', 'CURSOS_GRAD_MATUTINO', 'CURSOS_GRAD_VESPERTINO', 'CURSOS_GRAD_NOTURNO', 'FÉRIAS', 'COVID', 'LAG_01', 'LAG_02', 'LAG_03', 'LAG_06', 'LAG_08', 'LAG_09', 'LAG_10');0.27849
('TEMP_MIN_MÉD_MENS', 'TEMP_MÉD_MIN_MENS', 'TEMP_MÉD_MÉD_MENS', 'TEMP_MÉD_ACC_MENS', 'TEMP_MAX_MÉD_MENS', 'PRECIPITAÇÃO_MÉD_MENS', 'TEMP_MIN_MIN_MENS', 'TEMP_MAX_MIN_MENS', 'PRECIPITAÇÃO_MIN_MENS', 'TEMP_MAX_ACC_MENS', 'PRECIPITAÇÃO_ACC_MENS', 'DIA_DA_SEMANA_qua', 'DIA_DA_SEMANA_qui', 'DIA_DA_SEMANA_seg', 'DIA_DA_SEMANA_sex', 'DIA_DA_SEMANA_sáb', 'DIA_DA_SEMANA_ter', 'MÊS_abr', 'MÊS_ago', 'MÊS_jan', 'MÊS_jun', 'MÊS_mar', 'MÊS_out', 'MÊS_set', 'ANO_2021', 'ANO_2023', 'ANO_2016', 'ANO_2017', 'ANO_2018', 'ANO_2019', 'ANO_2020', 'CAMPUS_ASSIS CHATEAUBRIAND', 'CAMPUS_ASTORGA', 'CAMPUS_CAMPO LARGO', 'CAMPUS_CORONEL VIVIDA', 'CAMPUS_GOIOERÊ', 'CAMPUS_IRATI', 'CAMPUS_JAGUARIAÍVA', 'CAMPUS_PALMAS', 'CAMPUS_PARANAGUÁ', 'CAMPUS_PARANAVAÍ', 'CAMPUS_PINHAIS', 'CAMPUS_UMUARAMA', 'CAMPUS_UNIÃO DA VITÓRIA', 'CURSOS_GRAD_MATUTINO', 'CURSOS_GRAD_NOTURNO', 'CURSOS_POS', 'FÉRIAS', 'FERIADO', 'COVID', 'GREVE', 'ORDEM', 'LAG_01', 'LAG_06', 'LAG_07', 'LAG_08', 'LAG_10', 'LAG_11');0.27869
('TEMP_MIN_MÉD_MENS', 'TEMP_MÉD_MIN_MENS', 'TEMP_MÉD_MAX_MENS', 'TEMP_MÉD_ACC_MENS', 'TEMP_MAX_MÉD_MENS', 'TEMP_MIN_MAX_MENS', 'TEMP_MIN_ACC_MENS', 'TEMP_MAX_MIN_MENS', 'TEMP_MAX_ACC_MENS', 'PRECIPITAÇÃO_ACC_MENS', 'DIA_DA_SEMANA_sex', 'MÊS_abr', 'MÊS_ago', 'MÊS_jan', 'MÊS_jun', 'MÊS_mai', 'MÊS_out', 'ANO_2021', 'ANO_2023', 'ANO_2015', 'CAMPUS_ASSIS CHATEAUBRIAND', 'CAMPUS_CAPANEMA', 'CAMPUS_CASCAVEL', 'CAMPUS_CORONEL VIVIDA', 'CAMPUS_GOIOERÊ', 'CAMPUS_IRATI', 'CAMPUS_IVAIPORÃ', 'CAMPUS_JACAREZINHO', 'CAMPUS_JAGUARIAÍVA', 'CAMPUS_LONDRINA - CENTRO', 'CAMPUS_PALMAS', 'CAMPUS_PARANAVAÍ', 'CAMPUS_TELÊMACO BORBA', 'CAMPUS_UMUARAMA', 'CAMPUS_UNIÃO DA VITÓRIA', 'CURSOS_TEC_CONCOMITANTE', 'CURSOS_TEC_INTEGRADO', 'CURSOS_TEC_SUBSEQUENTE', 'CURSOS_GRAD_MATUTINO', 'FÉRIAS', 'COVID', 'GREVE', 'ORDEM', 'LAG_01', 'LAG_03', 'LAG_05', 'LAG_06', 'LAG_07', 'LAG_09', 'LAG_12');0.27873
('TEMP_MÉD_MIN_MENS', 'TEMP_MÉD_MÉD_MENS', 'TEMP_MÉD_MAX_MENS', 'TEMP_MÉD_ACC_MENS', 'TEMP_MAX_MÉD_MENS', 'TEMP_MIN_MAX_MENS', 'TEMP_MAX_MIN_MENS', 'PRECIPITAÇÃO_MIN_MENS', 'TEMP_MAX_MAX_MENS', 'TEMP_MAX_ACC_MENS', 'PRECIPITAÇÃO_MAX_MENS', 'DIA_DA_SEMANA_dom', 'DIA_DA_SEMANA_qua', 'DIA_DA_SEMANA_qui', 'DIA_DA_SEMANA_seg', 'DIA_DA_SEMANA_sex', 'DIA_DA_SEMANA_ter', 'MÊS_abr', 'MÊS_ago', 'MÊS_dez', 'MÊS_fev', 'MÊS_jan', 'MÊS_jul', 'MÊS_mai', 'MÊS_mar', 'MÊS_nov', 'MÊS_out', 'MÊS_set', 'ANO_2021', 'ANO_2015', 'ANO_2016', 'ANO_2020', 'CAMPUS_BARRACÃO', 'CAMPUS_CAMPO LARGO', 'CAMPUS_CAPANEMA', 'CAMPUS_CASCAVEL', 'CAMPUS_CORONEL VIVIDA', 'CAMPUS_GOIOERÊ', 'CAMPUS_JAGUARIAÍVA', 'CAMPUS_LONDRINA - CENTRO', 'CAMPUS_PALMAS', 'CAMPUS_PINHAIS', 'CAMPUS_PITANGA', 'CAMPUS_TELÊMACO BORBA', 'CAMPUS_UMUARAMA', 'CAMPUS_UNIÃO DA VITÓRIA', 'CURSOS_TEC_INTEGRADO', 'CURSOS_GRAD_VESPERTINO', 'CURSOS_GRAD_NOTURNO', 'CURSOS_POS', 'FÉRIAS', 'COVID', 'GREVE', 'LAG_01', 'LAG_04', 'LAG_05', 'LAG_06', 'LAG_09', 'LAG_10', 'LAG_11');0.27886
('TEMP_MIN_MÉD_MENS', 'TEMP_MAX_MÉD_MENS', 'PRECIPITAÇÃO_MÉD_MENS', 'TEMP_MIN_MIN_MENS', 'TEMP_MIN_MAX_MENS', 'TEMP_MAX_MIN_MENS', 'PRECIPITAÇÃO_MIN_MENS', 'TEMP_MAX_MAX_MENS', 'TEMP_MAX_ACC_MENS', 'DIA_DA_SEMANA_dom', 'DIA_DA_SEMANA_qua', 'DIA_DA_SEMANA_qui', 'DIA_DA_SEMANA_sex', 'MÊS_abr', 'MÊS_dez', 'MÊS_fev', 'MÊS_jun', 'MÊS_mai', 'MÊS_out', 'ANO_2016', 'ANO_2019', 'ANO_2020', 'CAMPUS_ASSIS CHATEAUBRIAND', 'CAMPUS_BARRACÃO', 'CAMPUS_CAMPO LARGO', 'CAMPUS_CAPANEMA', 'CAMPUS_CASCAVEL', 'CAMPUS_CORONEL VIVIDA', 'CAMPUS_FOZ DO IGUAÇU', 'CAMPUS_IVAIPORÃ', 'CAMPUS_JACAREZINHO', 'CAMPUS_LONDRINA - CENTRO', 'CAMPUS_PALMAS', 'CAMPUS_PARANAGUÁ', 'CAMPUS_PARANAVAÍ', 'CURSOS_TEC_CONCOMITANTE', 'CURSOS_TEC_INTEGRADO', 'CURSOS_GRAD_VESPERTINO', 'CURSOS_POS', 'FÉRIAS', 'COVID', 'ORDEM', 'LAG_01', 'LAG_03', 'LAG_05', 'LAG_06', 'LAG_07', 'LAG_08', 'LAG_09', 'LAG_10', 'LAG_11', 'LAG_12');0.27892
('TEMP_MÉD_MIN_MENS', 'TEMP_MÉD_MÉD_MENS', 'TEMP_MÉD_ACC_MENS', 'TEMP_MAX_MÉD_MENS', 'TEMP_MIN_MAX_MENS', 'TEMP_MIN_ACC_MENS', 'PRECIPITAÇÃO_MIN_MENS', 'TEMP_MAX_MAX_MENS', 'PRECIPITAÇÃO_MAX_MENS', 'PRECIPITAÇÃO_ACC_MENS', 'DIA_DA_SEMANA_dom', 'DIA_DA_SEMANA_sex', 'DIA_DA_SEMANA_sáb', 'DIA_DA_SEMANA_ter', 'MÊS_abr', 'MÊS_dez', 'MÊS_fev', 'MÊS_jul', 'MÊS_jun', 'MÊS_mar', 'MÊS_set', 'ANO_2021', 'ANO_2023', 'ANO_2024', 'ANO_2016', 'ANO_2018', 'CAMPUS_ASTORGA', 'CAMPUS_CAMPO LARGO', 'CAMPUS_CAPANEMA', 'CAMPUS_CASCAVEL', 'CAMPUS_CORONEL VIVIDA', 'CAMPUS_FOZ DO IGUAÇU', 'CAMPUS_IRATI', 'CAMPUS_IVAIPORÃ', 'CAMPUS_JAGUARIAÍVA', 'CAMPUS_PALMAS', 'CAMPUS_PARANAGUÁ', 'CAMPUS_PARANAVAÍ', 'CAMPUS_PITANGA', 'CAMPUS_TELÊMACO BORBA', 'CAMPUS_UMUARAMA', 'CAMPUS_UNIÃO DA VITÓRIA', 'CURSOS_TEC_CONCOMITANTE', 'CURSOS_TEC_SUBSEQUENTE', 'CURSOS_GRAD_MATUTINO', 'CURSOS_GRAD_VESPERTINO', 'CURSOS_POS', 'FÉRIAS', 'FERIADO', 'COVID', 'LAG_01', 'LAG_02', 'LAG_03', 'LAG_04', 'LAG_05', 'LAG_06', 'LAG_07', 'LAG_08', 'LAG_10');0.27893
('TEMP_MÉD_MIN_MENS', 'TEMP_MÉD_MÉD_MENS', 'TEMP_MÉD_MAX_MENS', 'TEMP_MÉD_ACC_MENS', 'TEMP_MAX_MÉD_MENS', 'TEMP_MIN_MAX_MENS', 'DIA_DA_SEMANA_qui', 'DIA_DA_SEMANA_seg', 'DIA_DA_SEMANA_sex', 'MÊS_abr', 'MÊS_ago', 'MÊS_dez', 'MÊS_fev', 'MÊS_jan', 'MÊS_jun', 'MÊS_mar', 'MÊS_nov', 'MÊS_out', 'MÊS_set', 'ANO_2021', 'ANO_2024', 'ANO_2015', 'ANO_2016', 'ANO_2018', 'ANO_2019', 'CAMPUS_CAMPO LARGO', 'CAMPUS_CAPANEMA', 'CAMPUS_CURITIBA', 'CAMPUS_IRATI', 'CAMPUS_IVAIPORÃ', 'CAMPUS_JAGUARIAÍVA', 'CAMPUS_PARANAGUÁ', 'CAMPUS_PARANAVAÍ', 'CAMPUS_PINHAIS', 'CAMPUS_QUEDAS DO IGUAÇU', 'CAMPUS_TELÊMACO BORBA', 'CURSOS_TEC_INTEGRADO', 'CURSOS_TEC_SUBSEQUENTE', 'CURSOS_GRAD_MATUTINO', 'CURSOS_GRAD_VESPERTINO', 'CURSOS_GRAD_NOTURNO', 'FÉRIAS', 'COVID', 'GREVE', 'ORDEM', 'LAG_01', 'LAG_02', 'LAG_03', 'LAG_06', 'LAG_07', 'LAG_08', 'LAG_10');0.27904
('TEMP_MIN_MÉD_MENS', 'TEMP_MÉD_MÉD_MENS', 'TEMP_MÉD_ACC_MENS', 'TEMP_MAX_MÉD_MENS', 'PRECIPITAÇÃO_MÉD_MENS', 'TEMP_MIN_MAX_MENS', 'TEMP_MAX_MAX_MENS', 'TEMP_MAX_ACC_MENS', 'PRECIPITAÇÃO_ACC_MENS', 'DIA_DA_SEMANA_qua', 'DIA_DA_SEMANA_qui', 'DIA_DA_SEMANA_sex', 'DIA_DA_SEMANA_sáb', 'DIA_DA_SEMANA_ter', 'MÊS_fev', 'MÊS_jul', 'MÊS_mai', 'MÊS_mar', 'MÊS_out', 'ANO_2021', 'ANO_2022', 'ANO_2024', 'ANO_2019', 'ANO_2020', 'CAMPUS_ASSIS CHATEAUBRIAND', 'CAMPUS_BARRACÃO', 'CAMPUS_CAMPO LARGO', 'CAMPUS_CAPANEMA', 'CAMPUS_CASCAVEL', 'CAMPUS_CURITIBA', 'CAMPUS_FOZ DO IGUAÇU', 'CAMPUS_IRATI', 'CAMPUS_IVAIPORÃ', 'CAMPUS_PINHAIS', 'CAMPUS_QUEDAS DO IGUAÇU', 'CURSOS_GRAD_MATUTINO', 'CURSOS_GRAD_VESPERTINO', 'CURSOS_GRAD_NOTURNO', 'CURSOS_POS', 'FÉRIAS', 'COVID', 'GREVE', 'ORDEM', 'LAG_01', 'LAG_04', 'LAG_06', 'LAG_08', 'LAG_09', 'LAG_10', 'LAG_12');0.27928
('TEMP_MIN_MÉD_MENS', 'TEMP_MAX_MÉD_MENS', 'TEMP_MIN_MAX_MENS', 'TEMP_MAX_MIN_MENS', 'PRECIPITAÇÃO_MIN_MENS', 'TEMP_MAX_MAX_MENS', 'TEMP_MAX_ACC_MENS', 'PRECIPITAÇÃO_ACC_MENS', 'DIA_DA_SEMANA_seg', 'MÊS_abr', 'MÊS_dez', 'MÊS_jan', 'MÊS_mar', 'MÊS_nov', 'MÊS_out', 'MÊS_set', 'ANO_2022', 'ANO_2015', 'ANO_2018', 'ANO_2020', 'CAMPUS_ASSIS CHATEAUBRIAND', 'CAMPUS_ASTORGA', 'CAMPUS_CAPANEMA', 'CAMPUS_CASCAVEL', 'CAMPUS_CURITIBA', 'CAMPUS_FOZ DO IGUAÇU', 'CAMPUS_IVAIPORÃ', 'CAMPUS_JACAREZINHO', 'CAMPUS_LONDRINA - CENTRO', 'CAMPUS_QUEDAS DO IGUAÇU', 'CAMPUS_TELÊMACO BORBA', 'CAMPUS_UNIÃO DA VITÓRIA', 'CURSOS_TEC_CONCOMITANTE', 'CURSOS_TEC_INTEGRADO', 'CURSOS_TEC_SUBSEQUENTE', 'CURSOS_GRAD_MATUTINO', 'CURSOS_GRAD_VESPERTINO', 'CURSOS_GRAD_NOTURNO', 'FÉRIAS', 'FERIADO', 'COVID', 'GREVE', 'ORDEM', 'LAG_01', 'LAG_02', 'LAG_03', 'LAG_04', 'LAG_06', 'LAG_07', 'LAG_08', 'LAG_09', 'LAG_12');0.27929
('TEMP_MÉD_MIN_MENS', 'TEMP_MÉD_MAX_MENS', 'TEMP_MÉD_ACC_MENS', 'PRECIPITAÇÃO_MÉD_MENS', 'TEMP_MIN_MIN_MENS', 'TEMP_MIN_MAX_MENS', 'TEMP_MIN_ACC_MENS', 'TEMP_MAX_MIN_MENS', 'TEMP_MAX_MAX_MENS', 'PRECIPITAÇÃO_MAX_MENS', 'DIA_DA_SEMANA_qua', 'DIA_DA_SEMANA_sáb', 'DIA_DA_SEMANA_ter', 'MÊS_fev', 'MÊS_jan', 'MÊS_jun', 'MÊS_mar', 'MÊS_set', 'ANO_2021', 'ANO_2022', 'ANO_2015', 'ANO_2016', 'ANO_2017', 'ANO_2018', 'ANO_2020', 'CAMPUS_ASTORGA', 'CAMPUS_BARRACÃO', 'CAMPUS_CAMPO LARGO', 'CAMPUS_CAPANEMA', 'CAMPUS_CASCAVEL', 'CAMPUS_CORONEL VIVIDA', 'CAMPUS_CURITIBA', 'CAMPUS_FOZ DO IGUAÇU', 'CAMPUS_IRATI', 'CAMPUS_JACAREZINHO', 'CAMPUS_PALMAS', 'CAMPUS_PARANAGUÁ', 'CAMPUS_PARANAVAÍ', 'CAMPUS_PINHAIS', 'CAMPUS_QUEDAS DO IGUAÇU', 'CAMPUS_UMUARAMA', 'CAMPUS_UNIÃO DA VITÓRIA', 'CURSOS_TEC_CONCOMITANTE', 'CURSOS_TEC_SUBSEQUENTE', 'CURSOS_GRAD_MATUTINO', 'CURSOS_GRAD_VESPERTINO', 'CURSOS_GRAD_NOTURNO', 'CURSOS_POS', 'FÉRIAS', 'COVID', 'GREVE', 'ORDEM', 'LAG_01', 'LAG_02', 'LAG_03', 'LAG_04', 'LAG_05', 'LAG_06', 'LAG_07', 'LAG_11');0.27933
('TEMP_MÉD_MIN_MENS', 'TEMP_MÉD_MAX_MENS', 'TEMP_MAX_MÉD_MENS', 'TEMP_MIN_MIN_MENS', 'PRECIPITAÇÃO_MIN_MENS', 'PRECIPITAÇÃO_MAX_MENS', 'DIA_DA_SEMANA_dom', 'DIA_DA_SEMANA_qua', 'DIA_DA_SEMANA_qui', 'DIA_DA_SEMANA_seg', 'DIA_DA_SEMANA_sex', 'MÊS_ago', 'MÊS_dez', 'MÊS_jun', 'MÊS_mai', 'MÊS_mar', 'MÊS_out', 'MÊS_set', 'ANO_2023', 'ANO_2024', 'ANO_2015', 'ANO_2016', 'ANO_2020', 'CAMPUS_ASSIS CHATEAUBRIAND', 'CAMPUS_BARRACÃO', 'CAMPUS_CAMPO LARGO', 'CAMPUS_CAPANEMA', 'CAMPUS_CASCAVEL', 'CAMPUS_CORONEL VIVIDA', 'CAMPUS_CURITIBA', 'CAMPUS_FOZ DO IGUAÇU', 'CAMPUS_GOIOERÊ', 'CAMPUS_IRATI', 'CAMPUS_IVAIPORÃ', 'CAMPUS_JACAREZINHO', 'CAMPUS_JAGUARIAÍVA', 'CAMPUS_PALMAS', 'CAMPUS_PARANAGUÁ', 'CAMPUS_PITANGA', 'CAMPUS_TELÊMACO BORBA', 'CAMPUS_UNIÃO DA VITÓRIA', 'CURSOS_TEC_CONCOMITANTE', 'CURSOS_TEC_INTEGRADO', 'CURSOS_TEC_SUBSEQUENTE', 'CURSOS_GRAD_MATUTINO', 'CURSOS_GRAD_VESPERTINO', 'CURSOS_GRAD_NOTURNO', 'FÉRIAS', 'FERIADO', 'COVID', 'GREVE', 'ORDEM', 'LAG_01', 'LAG_02', 'LAG_03', 'LAG_04', 'LAG_06', 'LAG_07', 'LAG_08', 'LAG_09', 'LAG_10');0.27937
('TEMP_MÉD_MÉD_MENS', 'TEMP_MÉD_ACC_MENS', 'TEMP_MIN_MIN_MENS', 'TEMP_MIN_ACC_MENS', 'TEMP_MAX_MIN_MENS', 'PRECIPITAÇÃO_MIN_MENS', 'PRECIPITAÇÃO_MAX_MENS', 'PRECIPITAÇÃO_ACC_MENS', 'DIA_DA_SEMANA_qua', 'DIA_DA_SEMANA_qui', 'DIA_DA_SEMANA_sex', 'DIA_DA_SEMANA_sáb', 'DIA_DA_SEMANA_ter', 'MÊS_fev', 'MÊS_jan', 'MÊS_jul', 'MÊS_mai', 'MÊS_out', 'MÊS_set', 'ANO_2024', 'ANO_2015', 'ANO_2016', 'ANO_2017', 'ANO_2018', 'ANO_2019', 'CAMPUS_ASTORGA', 'CAMPUS_BARRACÃO', 'CAMPUS_CAMPO LARGO', 'CAMPUS_CAPANEMA', 'CAMPUS_CASCAVEL', 'CAMPUS_CURITIBA', 'CAMPUS_IRATI', 'CAMPUS_IVAIPORÃ', 'CAMPUS_JACAREZINHO', 'CAMPUS_JAGUARIAÍVA', 'CAMPUS_LONDRINA - CENTRO', 'CAMPUS_PARANAGUÁ', 'CAMPUS_PARANAVAÍ', 'CAMPUS_PINHAIS', 'CAMPUS_PITANGA', 'CAMPUS_QUEDAS DO IGUAÇU', 'CAMPUS_TELÊMACO BORBA', 'CAMPUS_UNIÃO DA VITÓRIA', 'CURSOS_TEC_CONCOMITANTE', 'CURSOS_TEC_INTEGRADO', 'CURSOS_GRAD_NOTURNO', 'FÉRIAS', 'COVID', 'ORDEM', 'LAG_01', 'LAG_03', 'LAG_04', 'LAG_06', 'LAG_07', 'LAG_11', 'LAG_12');0.27946
('TEMP_MÉD_MAX_MENS', 'TEMP_MÉD_ACC_MENS', 'TEMP_MAX_MÉD_MENS', 'TEMP_MIN_MAX_MENS', 'PRECIPITAÇÃO_MIN_MENS', 'DIA_DA_SEMANA_qua', 'DIA_DA_SEMANA_qui', 'DIA_DA_SEMANA_seg', 'DIA_DA_SEMANA_sáb', 'DIA_DA_SEMANA_ter', 'MÊS_abr', 'MÊS_ago', 'MÊS_fev', 'MÊS_jun', 'MÊS_out', 'ANO_2021', 'ANO_2023', 'ANO_2024', 'ANO_2017', 'ANO_2020', 'CAMPUS_ASSIS CHATEAUBRIAND', 'CAMPUS_CAMPO LARGO', 'CAMPUS_CAPANEMA', 'CAMPUS_CASCAVEL', 'CAMPUS_CURITIBA', 'CAMPUS_FOZ DO IGUAÇU', 'CAMPUS_GOIOERÊ', 'CAMPUS_IRATI', 'CAMPUS_JACAREZINHO', 'CAMPUS_LONDRINA - CENTRO', 'CAMPUS_PALMAS', 'CAMPUS_PARANAGUÁ', 'CAMPUS_PINHAIS', 'CAMPUS_TELÊMACO BORBA', 'CAMPUS_UMUARAMA', 'CAMPUS_UNIÃO DA VITÓRIA', 'CURSOS_TEC_CONCOMITANTE', 'CURSOS_TEC_INTEGRADO', 'CURSOS_GRAD_MATUTINO', 'CURSOS_GRAD_NOTURNO', 'CURSOS_POS', 'FÉRIAS', 'COVID', 'GREVE', 'LAG_01', 'LAG_02', 'LAG_04', 'LAG_09', 'LAG_10', 'LAG_11', 'LAG_12');0.27948
('TEMP_MÉD_MIN_MENS', 'TEMP_MÉD_ACC_MENS', 'TEMP_MAX_MÉD_MENS', 'TEMP_MIN_MIN_MENS', 'TEMP_MIN_MAX_MENS', 'TEMP_MIN_ACC_MENS', 'TEMP_MAX_MIN_MENS', 'PRECIPITAÇÃO_MIN_MENS', 'PRECIPITAÇÃO_MAX_MENS', 'PRECIPITAÇÃO_ACC_MENS', 'DIA_DA_SEMANA_dom', 'DIA_DA_SEMANA_qua', 'DIA_DA_SEMANA_seg', 'DIA_DA_SEMANA_sex', 'DIA_DA_SEMANA_sáb', 'MÊS_abr', 'MÊS_ago', 'MÊS_jan', 'MÊS_jul', 'MÊS_jun', 'MÊS_mai', 'MÊS_nov', 'ANO_2021', 'ANO_2022', 'ANO_2016', 'ANO_2017', 'ANO_2018', 'ANO_2019', 'ANO_2020', 'CAMPUS_ASTORGA', 'CAMPUS_BARRACÃO', 'CAMPUS_CAMPO LARGO', 'CAMPUS_CORONEL VIVIDA', 'CAMPUS_CURITIBA', 'CAMPUS_FOZ DO IGUAÇU', 'CAMPUS_IRATI', 'CAMPUS_JACAREZINHO', 'CAMPUS_JAGUARIAÍVA', 'CAMPUS_PALMAS', 'CAMPUS_PINHAIS', 'CAMPUS_PITANGA', 'CAMPUS_QUEDAS DO IGUAÇU', 'CAMPUS_TELÊMACO BORBA', 'CAMPUS_UMUARAMA', 'CAMPUS_UNIÃO DA VITÓRIA', 'CURSOS_TEC_SUBSEQUENTE', 'CURSOS_GRAD_MATUTINO', 'CURSOS_GRAD_VESPERTINO', 'CURSOS_GRAD_NOTURNO', 'CURSOS_POS', 'FÉRIAS', 'FERIADO', 'COVID', 'ORDEM', 'LAG_02', 'LAG_03', 'LAG_04', 'LAG_05', 'LAG_06', 'LAG_10', 'LAG_11', 'LAG_12');0.27956
('TEMP_MÉD_MIN_MENS', 'TEMP_MÉD_ACC_MENS', 'PRECIPITAÇÃO_MÉD_MENS', 'TEMP_MIN_MIN_MENS', 'TEMP_MIN_ACC_MENS', 'TEMP_MAX_MIN_MENS', 'PRECIPITAÇÃO_MAX_MENS', 'PRECIPITAÇÃO_ACC_MENS', 'DIA_DA_SEMANA_dom', 'DIA_DA_SEMANA_qua', 'DIA_DA_SEMANA_ter', 'MÊS_abr', 'MÊS_dez', 'MÊS_fev', 'MÊS_jan', 'MÊS_jul', 'MÊS_jun', 'MÊS_mar', 'MÊS_out', 'MÊS_set', 'ANO_2022', 'ANO_2024', 'ANO_2015', 'ANO_2017', 'ANO_2018', 'CAMPUS_ASSIS CHATEAUBRIAND', 'CAMPUS_ASTORGA', 'CAMPUS_BARRACÃO', 'CAMPUS_CAMPO LARGO', 'CAMPUS_CAPANEMA', 'CAMPUS_CASCAVEL', 'CAMPUS_CORONEL VIVIDA', 'CAMPUS_CURITIBA', 'CAMPUS_GOIOERÊ', 'CAMPUS_IVAIPORÃ', 'CAMPUS_JACAREZINHO', 'CAMPUS_PALMAS', 'CAMPUS_PINHAIS', 'CAMPUS_TELÊMACO BORBA', 'CAMPUS_UMUARAMA', 'CAMPUS_UNIÃO DA VITÓRIA', 'CURSOS_TEC_CONCOMITANTE', 'CURSOS_TEC_SUBSEQUENTE', 'CURSOS_POS', 'FÉRIAS', 'COVID', 'ORDEM', 'LAG_02', 'LAG_04', 'LAG_05', 'LAG_06', 'LAG_07');0.27969
('TEMP_MÉD_MIN_MENS', 'TEMP_MÉD_MAX_MENS', 'TEMP_MAX_MÉD_MENS', 'PRECIPITAÇÃO_MÉD_MENS', 'TEMP_MIN_MIN_MENS', 'TEMP_MIN_ACC_MENS', 'TEMP_MAX_ACC_MENS', 'PRECIPITAÇÃO_ACC_MENS', 'DIA_DA_SEMANA_dom', 'DIA_DA_SEMANA_qua', 'DIA_DA_SEMANA_seg', 'DIA_DA_SEMANA_ter', 'MÊS_abr', 'MÊS_fev', 'MÊS_jul', 'MÊS_mai', 'MÊS_mar', 'MÊS_nov', 'MÊS_out', 'MÊS_set', 'ANO_2021', 'ANO_2022', 'ANO_2023', 'ANO_2015', 'ANO_2016', 'ANO_2017', 'ANO_2018', 'CAMPUS_BARRACÃO', 'CAMPUS_CAMPO LARGO', 'CAMPUS_CAPANEMA', 'CAMPUS_CASCAVEL', 'CAMPUS_CORONEL VIVIDA', 'CAMPUS_CURITIBA', 'CAMPUS_GOIOERÊ', 'CAMPUS_IVAIPORÃ', 'CAMPUS_JACAREZINHO', 'CAMPUS_LONDRINA - CENTRO', 'CAMPUS_PALMAS', 'CAMPUS_PARANAGUÁ', 'CAMPUS_PARANAVAÍ', 'CAMPUS_PINHAIS', 'CAMPUS_UMUARAMA', 'CAMPUS_UNIÃO DA VITÓRIA', 'CURSOS_TEC_CONCOMITANTE', 'CURSOS_TEC_SUBSEQUENTE', 'CURSOS_GRAD_VESPERTINO', 'CURSOS_GRAD_NOTURNO', 'CURSOS_POS', 'FÉRIAS', 'COVID', 'GREVE', 'ORDEM', 'LAG_01', 'LAG_02', 'LAG_03', 'LAG_04', 'LAG_06', 'LAG_11');0.2798
('TEMP_MÉD_MIN_MENS', 'TEMP_MÉD_ACC_MENS', 'TEMP_MAX_MÉD_MENS', 'PRECIPITAÇÃO_MÉD_MENS', 'TEMP_MIN_MAX_MENS', 'TEMP_MIN_ACC_MENS', 'TEMP_MAX_MAX_MENS', 'TEMP_MAX_ACC_MENS', 'DIA_DA_SEMANA_dom', 'DIA_DA_SEMANA_qua', 'DIA_DA_SEMANA_seg', 'DIA_DA_SEMANA_ter', 'MÊS_abr', 'MÊS_jul', 'MÊS_jun', 'MÊS_nov', 'MÊS_out', 'MÊS_set', 'ANO_2021', 'ANO_2022', 'ANO_2023', 'ANO_2015', 'ANO_2016', 'ANO_2018', 'CAMPUS_ASSIS CHATEAUBRIAND', 'CAMPUS_BARRACÃO', 'CAMPUS_CORONEL VIVIDA', 'CAMPUS_FOZ DO IGUAÇU', 'CAMPUS_IRATI', 'CAMPUS_IVAIPORÃ', 'CAMPUS_JAGUARIAÍVA', 'CAMPUS_LONDRINA - CENTRO', 'CAMPUS_PARANAGUÁ', 'CAMPUS_PARANAVAÍ', 'CAMPUS_PINHAIS', 'CAMPUS_PITANGA', 'CAMPUS_TELÊMACO BORBA', 'CAMPUS_UNIÃO DA VITÓRIA', 'CURSOS_TEC_CONCOMITANTE', 'CURSOS_TEC_SUBSEQUENTE', 'FÉRIAS', 'FERIADO', 'COVID', 'ORDEM', 'LAG_01', 'LAG_02', 'LAG_03', 'LAG_04', 'LAG_05', 'LAG_06', 'LAG_10', 'LAG_12');0.27988
('TEMP_MÉD_MÉD_MENS', 'TEMP_MAX_MÉD_MENS', 'TEMP_MIN_MIN_MENS', 'TEMP_MIN_MAX_MENS', 'TEMP_MIN_ACC_MENS', 'TEMP_MAX_MIN_MENS', 'PRECIPITAÇÃO_MIN_MENS', 'TEMP_MAX_MAX_MENS', 'PRECIPITAÇÃO_ACC_MENS', 'DIA_DA_SEMANA_dom', 'DIA_DA_SEMANA_seg', 'DIA_DA_SEMANA_sáb', 'MÊS_abr', 'MÊS_dez', 'MÊS_jul', 'MÊS_mar', 'MÊS_nov', 'MÊS_set', 'ANO_2021', 'ANO_2022', 'ANO_2015', 'ANO_2016', 'ANO_2017', 'ANO_2018', 'ANO_2020', 'CAMPUS_ASTORGA', 'CAMPUS_CASCAVEL', 'CAMPUS_CORONEL VIVIDA', 'CAMPUS_GOIOERÊ', 'CAMPUS_IRATI', 'CAMPUS_IVAIPORÃ', 'CAMPUS_JACAREZINHO', 'CAMPUS_PALMAS', 'CAMPUS_PARANAGUÁ', 'CAMPUS_PARANAVAÍ', 'CAMPUS_PITANGA', 'CAMPUS_QUEDAS DO IGUAÇU', 'CURSOS_TEC_INTEGRADO', 'CURSOS_GRAD_MATUTINO', 'CURSOS_GRAD_VESPERTINO', 'CURSOS_POS', 'FÉRIAS', 'FERIADO', 'COVID', 'ORDEM', 'LAG_01', 'LAG_02', 'LAG_03', 'LAG_04', 'LAG_05', 'LAG_08', 'LAG_09');0.2799
('TEMP_MIN_MÉD_MENS', 'TEMP_MÉD_ACC_MENS', 'TEMP_MAX_MÉD_MENS', 'PRECIPITAÇÃO_MÉD_MENS', 'TEMP_MIN_MIN_MENS', 'TEMP_MIN_MAX_MENS', 'TEMP_MIN_ACC_MENS', 'TEMP_MAX_MAX_MENS', 'TEMP_MAX_ACC_MENS', 'PRECIPITAÇÃO_MAX_MENS', 'PRECIPITAÇÃO_ACC_MENS', 'DIA_DA_SEMANA_dom', 'DIA_DA_SEMANA_qua', 'DIA_DA_SEMANA_qui', 'DIA_DA_SEMANA_seg', 'DIA_DA_SEMANA_sex', 'DIA_DA_SEMANA_sáb', 'MÊS_abr', 'MÊS_ago', 'MÊS_dez', 'MÊS_fev', 'MÊS_jul', 'MÊS_jun', 'MÊS_mai', 'MÊS_out', 'MÊS_set', 'ANO_2022', 'ANO_2023', 'ANO_2024', 'ANO_2015', 'ANO_2017', 'ANO_2019', 'CAMPUS_ASTORGA', 'CAMPUS_BARRACÃO', 'CAMPUS_CAMPO LARGO', 'CAMPUS_CASCAVEL', 'CAMPUS_FOZ DO IGUAÇU', 'CAMPUS_GOIOERÊ', 'CAMPUS_IRATI', 'CAMPUS_IVAIPORÃ', 'CAMPUS_JAGUARIAÍVA', 'CAMPUS_LONDRINA - CENTRO', 'CAMPUS_PALMAS', 'CAMPUS_PINHAIS', 'CAMPUS_PITANGA', 'CAMPUS_UMUARAMA', 'CAMPUS_UNIÃO DA VITÓRIA', 'CURSOS_TEC_CONCOMITANTE', 'CURSOS_TEC_SUBSEQUENTE', 'CURSOS_GRAD_MATUTINO', 'CURSOS_GRAD_VESPERTINO', 'CURSOS_POS', 'FERIADO', 'COVID', 'GREVE', 'LAG_01', 'LAG_02', 'LAG_04', 'LAG_05', 'LAG_06', 'LAG_07', 'LAG_09');0.27999
('TEMP_MÉD_MIN_MENS', 'TEMP_MÉD_MÉD_MENS', 'TEMP_MÉD_ACC_MENS', 'TEMP_MAX_MÉD_MENS', 'PRECIPITAÇÃO_MÉD_MENS', 'TEMP_MIN_MAX_MENS', 'TEMP_MIN_ACC_MENS', 'TEMP_MAX_MIN_MENS', 'TEMP_MAX_MAX_MENS', 'TEMP_MAX_ACC_MENS', 'PRECIPITAÇÃO_ACC_MENS', 'DIA_DA_SEMANA_dom', 'DIA_DA_SEMANA_seg', 'DIA_DA_SEMANA_sáb', 'MÊS_abr', 'MÊS_ago', 'MÊS_jul', 'MÊS_mai', 'MÊS_nov', 'MÊS_set', 'ANO_2023', 'ANO_2015', 'ANO_2016', 'ANO_2017', 'ANO_2018', 'ANO_2020', 'CAMPUS_ASSIS CHATEAUBRIAND', 'CAMPUS_BARRACÃO', 'CAMPUS_CAPANEMA', 'CAMPUS_CASCAVEL', 'CAMPUS_FOZ DO IGUAÇU', 'CAMPUS_IVAIPORÃ', 'CAMPUS_JACAREZINHO', 'CAMPUS_LONDRINA - CENTRO', 'CAMPUS_PARANAVAÍ', 'CAMPUS_PINHAIS', 'CAMPUS_QUEDAS DO IGUAÇU', 'CAMPUS_TELÊMACO BORBA', 'CAMPUS_UNIÃO DA VITÓRIA', 'CURSOS_TEC_CONCOMITANTE', 'CURSOS_GRAD_MATUTINO', 'CURSOS_GRAD_VESPERTINO', 'CURSOS_GRAD_NOTURNO', 'FÉRIAS', 'ORDEM', 'LAG_01', 'LAG_03', 'LAG_04', 'LAG_05', 'LAG_06', 'LAG_07', 'LAG_10');0.28007
('TEMP_MIN_MÉD_MENS', 'TEMP_MÉD_MIN_MENS', 'TEMP_MÉD_MAX_MENS', 'TEMP_MAX_MÉD_MENS', 'PRECIPITAÇÃO_MÉD_MENS', 'TEMP_MIN_MIN_MENS', 'TEMP_MIN_MAX_MENS', 'TEMP_MAX_MIN_MENS', 'PRECIPITAÇÃO_MIN_MENS', 'TEMP_MAX_MAX_MENS', 'DIA_DA_SEMANA_dom', 'DIA_DA_SEMANA_qua', 'DIA_DA_SEMANA_qui', 'DIA_DA_SEMANA_seg', 'DIA_DA_SEMANA_sáb', 'MÊS_dez', 'MÊS_jun', 'MÊS_mai', 'MÊS_nov', 'MÊS_out', 'ANO_2021', 'ANO_2022', 'ANO_2023', 'ANO_2024', 'ANO_2015', 'ANO_2016', 'ANO_2020', 'CAMPUS_ASSIS CHATEAUBRIAND', 'CAMPUS_ASTORGA', 'CAMPUS_BARRACÃO', 'CAMPUS_CASCAVEL', 'CAMPUS_CORONEL VIVIDA', 'CAMPUS_CURITIBA', 'CAMPUS_FOZ DO IGUAÇU', 'CAMPUS_GOIOERÊ', 'CAMPUS_IRATI', 'CAMPUS_JAGUARIAÍVA', 'CAMPUS_LONDRINA - CENTRO', 'CAMPUS_PALMAS', 'CAMPUS_QUEDAS DO IGUAÇU', 'CAMPUS_TELÊMACO BORBA', 'CURSOS_TEC_SUBSEQUENTE', 'CURSOS_GRAD_VESPERTINO', 'CURSOS_POS', 'FÉRIAS', 'FERIADO', 'COVID', 'GREVE', 'ORDEM', 'LAG_02', 'LAG_05', 'LAG_06', 'LAG_07', 'LAG_08', 'LAG_09', 'LAG_12');0.28015
('TEMP_MÉD_MIN_MENS', 'TEMP_MÉD_MÉD_MENS', 'TEMP_MAX_MÉD_MENS', 'PRECIPITAÇÃO_MÉD_MENS', 'TEMP_MIN_MIN_MENS', 'TEMP_MIN_MAX_MENS', 'PRECIPITAÇÃO_MIN_MENS', 'TEMP_MAX_MAX_MENS', 'TEMP_MAX_ACC_MENS', 'PRECIPITAÇÃO_MAX_MENS', 'PRECIPITAÇÃO_ACC_MENS', 'DIA_DA_SEMANA_qua', 'DIA_DA_SEMANA_qui', 'DIA_DA_SEMANA_sex', 'DIA_DA_SEMANA_ter', 'MÊS_abr', 'MÊS_ago', 'MÊS_jan', 'MÊS_jun', 'MÊS_out', 'ANO_2021', 'ANO_2023', 'ANO_2017', 'ANO_2018', 'ANO_2019', 'ANO_2020', 'CAMPUS_BARRACÃO', 'CAMPUS_CAPANEMA', 'CAMPUS_CORONEL VIVIDA', 'CAMPUS_CURITIBA', 'CAMPUS_GOIOERÊ', 'CAMPUS_IVAIPORÃ', 'CAMPUS_JAGUARIAÍVA', 'CAMPUS_PINHAIS', 'CAMPUS_PITANGA', 'CAMPUS_QUEDAS DO IGUAÇU', 'CAMPUS_TELÊMACO BORBA', 'CAMPUS_UMUARAMA', 'CAMPUS_UNIÃO DA VITÓRIA', 'CURSOS_TEC_CONCOMITANTE', 'CURSOS_GRAD_MATUTINO', 'CURSOS_GRAD_NOTURNO', 'CURSOS_POS', 'FÉRIAS', 'FERIADO', 'COVID', 'ORDEM', 'LAG_01', 'LAG_02', 'LAG_03', 'LAG_04', 'LAG_05', 'LAG_06', 'LAG_07', 'LAG_09', 'LAG_10', 'LAG_11');0.28031
('TEMP_MIN_MÉD_MENS', 'TEMP_MÉD_MAX_MENS', 'TEMP_MAX_MÉD_MENS', 'PRECIPITAÇÃO_MÉD_MENS', 'TEMP_MIN_MIN_MENS', 'TEMP_MIN_MAX_MENS', 'TEMP_MIN_ACC_MENS', 'TEMP_MAX_MIN_MENS', 'PRECIPITAÇÃO_MIN_MENS', 'PRECIPITAÇÃO_ACC_MENS', 'DIA_DA_SEMANA_qua', 'DIA_DA_SEMANA_qui', 'DIA_DA_SEMANA_ter', 'MÊS_abr', 'MÊS_ago', 'MÊS_dez', 'MÊS_jul', 'MÊS_jun', 'MÊS_out', 'MÊS_set', 'ANO_2022', 'ANO_2023', 'ANO_2024', 'ANO_2015', 'ANO_2016', 'ANO_2017', 'ANO_2018', 'ANO_2019', 'ANO_2020', 'CAMPUS_ASSIS CHATEAUBRIAND', 'CAMPUS_BARRACÃO', 'CAMPUS_CAMPO LARGO', 'CAMPUS_CAPANEMA', 'CAMPUS_CORONEL VIVIDA', 'CAMPUS_CURITIBA', 'CAMPUS_IVAIPORÃ', 'CAMPUS_LONDRINA - CENTRO', 'CAMPUS_PARANAGUÁ', 'CAMPUS_PITANGA', 'CAMPUS_QUEDAS DO IGUAÇU', 'CAMPUS_TELÊMACO BORBA', 'CAMPUS_UMUARAMA', 'CAMPUS_UNIÃO DA VITÓRIA', 'CURSOS_TEC_INTEGRADO', 'CURSOS_TEC_SUBSEQUENTE', 'CURSOS_GRAD_NOTURNO', 'CURSOS_POS', 'FÉRIAS', 'COVID', 'ORDEM', 'LAG_01', 'LAG_02', 'LAG_03', 'LAG_04', 'LAG_05', 'LAG_06', 'LAG_07', 'LAG_08', 'LAG_09', 'LAG_10', 'LAG_11', 'LAG_12');0.28036
('TEMP_MIN_MÉD_MENS', 'TEMP_MÉD_MIN_MENS', 'TEMP_MÉD_MÉD_MENS', 'TEMP_MÉD_MAX_MENS', 'TEMP_MAX_MÉD_MENS', 'TEMP_MIN_MIN_MENS', 'TEMP_MIN_MAX_MENS', 'TEMP_MIN_ACC_MENS', 'TEMP_MAX_MIN_MENS', 'TEMP_MAX_MAX_MENS', 'PRECIPITAÇÃO_MAX_MENS', 'PRECIPITAÇÃO_ACC_MENS', 'DIA_DA_SEMANA_dom', 'DIA_DA_SEMANA_qua', 'DIA_DA_SEMANA_qui', 'DIA_DA_SEMANA_seg', 'DIA_DA_SEMANA_sex', 'DIA_DA_SEMANA_sáb', 'DIA_DA_SEMANA_ter', 'MÊS_jan', 'MÊS_nov', 'ANO_2021', 'ANO_2023', 'ANO_2024', 'ANO_2015', 'ANO_2016', 'ANO_2017', 'ANO_2018', 'ANO_2019', 'ANO_2020', 'CAMPUS_ASTORGA', 'CAMPUS_CAMPO LARGO', 'CAMPUS_CAPANEMA', 'CAMPUS_CORONEL VIVIDA', 'CAMPUS_CURITIBA', 'CAMPUS_FOZ DO IGUAÇU', 'CAMPUS_GOIOERÊ', 'CAMPUS_IVAIPORÃ', 'CAMPUS_JACAREZINHO', 'CAMPUS_JAGUARIAÍVA', 'CAMPUS_LONDRINA - CENTRO', 'CAMPUS_PARANAGUÁ', 'CAMPUS_PARANAVAÍ', 'CAMPUS_PITANGA', 'CAMPUS_UMUARAMA', 'CAMPUS_UNIÃO DA VITÓRIA', 'CURSOS_TEC_CONCOMITANTE', 'CURSOS_TEC_INTEGRADO', 'CURSOS_GRAD_MATUTINO', 'CURSOS_POS', 'FÉRIAS', 'COVID', 'GREVE', 'ORDEM', 'LAG_01', 'LAG_03', 'LAG_04', 'LAG_05', 'LAG_06', 'LAG_07', 'LAG_12');0.28046
('TEMP_MIN_MÉD_MENS', 'TEMP_MÉD_MIN_MENS', 'TEMP_MÉD_MÉD_MENS', 'TEMP_MÉD_ACC_MENS', 'TEMP_MAX_MÉD_MENS', 'PRECIPITAÇÃO_MÉD_MENS', 'TEMP_MIN_MAX_MENS', 'TEMP_MIN_ACC_MENS', 'TEMP_MAX_MIN_MENS', 'TEMP_MAX_MAX_MENS', 'TEMP_MAX_ACC_MENS', 'PRECIPITAÇÃO_ACC_MENS', 'DIA_DA_SEMANA_dom', 'DIA_DA_SEMANA_qua', 'DIA_DA_SEMANA_qui', 'DIA_DA_SEMANA_seg', 'DIA_DA_SEMANA_ter', 'MÊS_ago', 'MÊS_jan', 'MÊS_jul', 'MÊS_mai', 'MÊS_mar', 'MÊS_out', 'ANO_2021', 'ANO_2022', 'ANO_2015', 'ANO_2016', 'ANO_2018', 'ANO_2020', 'CAMPUS_ASTORGA', 'CAMPUS_CAPANEMA', 'CAMPUS_CORONEL VIVIDA', 'CAMPUS_CURITIBA', 'CAMPUS_FOZ DO IGUAÇU', 'CAMPUS_GOIOERÊ', 'CAMPUS_JAGUARIAÍVA', 'CAMPUS_PALMAS', 'CAMPUS_PARANAGUÁ', 'CAMPUS_PARANAVAÍ', 'CAMPUS_QUEDAS DO IGUAÇU', 'CAMPUS_TELÊMACO BORBA', 'CAMPUS_UMUARAMA', 'CAMPUS_UNIÃO DA VITÓRIA', 'CURSOS_TEC_CONCOMITANTE', 'CURSOS_TEC_SUBSEQUENTE', 'CURSOS_GRAD_MATUTINO', 'CURSOS_GRAD_VESPERTINO', 'CURSOS_POS', 'FÉRIAS', 'COVID', 'GREVE', 'ORDEM', 'LAG_01', 'LAG_02', 'LAG_05', 'LAG_06', 'LAG_07', 'LAG_09', 'LAG_10', 'LAG_11', 'LAG_12');0.28047
('TEMP_MIN_MÉD_MENS', 'TEMP_MÉD_MIN_MENS', 'TEMP_MÉD_ACC_MENS', 'TEMP_MIN_MIN_MENS', 'TEMP_MIN_ACC_MENS', 'TEMP_MAX_MIN_MENS', 'TEMP_MAX_MAX_MENS', 'TEMP_MAX_ACC_MENS', 'PRECIPITAÇÃO_MAX_MENS', 'DIA_DA_SEMANA_qua', 'DIA_DA_SEMANA_qui', 'DIA_DA_SEMANA_seg', 'DIA_DA_SEMANA_sáb', 'DIA_DA_SEMANA_ter', 'MÊS_ago', 'MÊS_jul', 'MÊS_jun', 'MÊS_mar', 'MÊS_nov', 'ANO_2022', 'ANO_2023', 'ANO_2018', 'ANO_2019', 'CAMPUS_ASSIS CHATEAUBRIAND', 'CAMPUS_CAPANEMA', 'CAMPUS_CURITIBA', 'CAMPUS_FOZ DO IGUAÇU', 'CAMPUS_JAGUARIAÍVA', 'CAMPUS_LONDRINA - CENTRO', 'CAMPUS_PALMAS', 'CAMPUS_PARANAVAÍ', 'CAMPUS_PINHAIS', 'CAMPUS_PITANGA', 'CAMPUS_TELÊMACO BORBA', 'CURSOS_TEC_CONCOMITANTE', 'CURSOS_TEC_INTEGRADO', 'CURSOS_TEC_SUBSEQUENTE', 'CURSOS_GRAD_MATUTINO', 'FÉRIAS', 'FERIADO', 'COVID', 'GREVE', 'ORDEM', 'LAG_01', 'LAG_02', 'LAG_04', 'LAG_07', 'LAG_09', 'LAG_10', 'LAG_11');0.28053
('TEMP_MIN_MÉD_MENS', 'TEMP_MÉD_MÉD_MENS', 'TEMP_MÉD_MAX_MENS', 'TEMP_MÉD_ACC_MENS', 'TEMP_MAX_MÉD_MENS', 'TEMP_MIN_MIN_MENS', 'TEMP_MIN_MAX_MENS', 'TEMP_MAX_MIN_MENS', 'PRECIPITAÇÃO_MIN_MENS', 'TEMP_MAX_ACC_MENS', 'PRECIPITAÇÃO_MAX_MENS', 'PRECIPITAÇÃO_ACC_MENS', 'DIA_DA_SEMANA_dom', 'DIA_DA_SEMANA_qua', 'DIA_DA_SEMANA_qui', 'DIA_DA_SEMANA_seg', 'DIA_DA_SEMANA_ter', 'MÊS_abr', 'MÊS_fev', 'MÊS_jan', 'MÊS_jul', 'MÊS_mar', 'MÊS_nov', 'MÊS_out', 'MÊS_set', 'ANO_2021', 'ANO_2024', 'ANO_2015', 'ANO_2016', 'ANO_2017', 'ANO_2018', 'ANO_2020', 'CAMPUS_ASTORGA', 'CAMPUS_CAPANEMA', 'CAMPUS_CASCAVEL', 'CAMPUS_CORONEL VIVIDA', 'CAMPUS_CURITIBA', 'CAMPUS_FOZ DO IGUAÇU', 'CAMPUS_GOIOERÊ', 'CAMPUS_IRATI', 'CAMPUS_JACAREZINHO', 'CAMPUS_JAGUARIAÍVA', 'CAMPUS_PALMAS', 'CAMPUS_PARANAGUÁ', 'CAMPUS_PINHAIS', 'CAMPUS_PITANGA', 'CAMPUS_QUEDAS DO IGUAÇU', 'CAMPUS_TELÊMACO BORBA', 'CAMPUS_UNIÃO DA VITÓRIA', 'CURSOS_GRAD_MATUTINO', 'CURSOS_GRAD_VESPERTINO', 'CURSOS_POS', 'FÉRIAS', 'COVID', 'ORDEM', 'LAG_01', 'LAG_02', 'LAG_05', 'LAG_07', 'LAG_08', 'LAG_10');0.28065
('TEMP_MÉD_MÉD_MENS', 'TEMP_MÉD_ACC_MENS', 'PRECIPITAÇÃO_MÉD_MENS', 'TEMP_MIN_MIN_MENS', 'PRECIPITAÇÃO_MAX_MENS', 'DIA_DA_SEMANA_dom', 'DIA_DA_SEMANA_qui', 'DIA_DA_SEMANA_sáb', 'DIA_DA_SEMANA_ter', 'MÊS_abr', 'MÊS_dez', 'MÊS_fev', 'MÊS_jul', 'MÊS_jun', 'MÊS_nov', 'MÊS_set', 'ANO_2021', 'ANO_2022', 'ANO_2023', 'ANO_2024', 'ANO_2015', 'ANO_2016', 'ANO_2019', 'ANO_2020', 'CAMPUS_ASSIS CHATEAUBRIAND', 'CAMPUS_BARRACÃO', 'CAMPUS_CORONEL VIVIDA', 'CAMPUS_CURITIBA', 'CAMPUS_GOIOERÊ', 'CAMPUS_JACAREZINHO', 'CAMPUS_JAGUARIAÍVA', 'CAMPUS_PINHAIS', 'CAMPUS_PITANGA', 'CAMPUS_TELÊMACO BORBA', 'CAMPUS_UMUARAMA', 'CAMPUS_UNIÃO DA VITÓRIA', 'CURSOS_TEC_INTEGRADO', 'CURSOS_GRAD_MATUTINO', 'CURSOS_GRAD_VESPERTINO', 'FÉRIAS', 'FERIADO', 'COVID', 'ORDEM', 'LAG_01', 'LAG_02', 'LAG_03', 'LAG_06', 'LAG_07', 'LAG_09', 'LAG_10', 'LAG_11', 'LAG_12');0.28073
('TEMP_MÉD_MIN_MENS', 'TEMP_MÉD_MAX_MENS', 'TEMP_MÉD_ACC_MENS', 'TEMP_MAX_MÉD_MENS', 'PRECIPITAÇÃO_MÉD_MENS', 'TEMP_MIN_MIN_MENS', 'TEMP_MIN_MAX_MENS', 'TEMP_MAX_MIN_MENS', 'PRECIPITAÇÃO_MIN_MENS', 'TEMP_MAX_ACC_MENS', 'DIA_DA_SEMANA_dom', 'DIA_DA_SEMANA_qua', 'DIA_DA_SEMANA_qui', 'DIA_DA_SEMANA_sex', 'DIA_DA_SEMANA_sáb', 'DIA_DA_SEMANA_ter', 'MÊS_fev', 'MÊS_jun', 'MÊS_mar', 'MÊS_set', 'ANO_2021', 'ANO_2022', 'ANO_2024', 'ANO_2015', 'ANO_2016', 'ANO_2019', 'ANO_2020', 'CAMPUS_ASSIS CHATEAUBRIAND', 'CAMPUS_ASTORGA', 'CAMPUS_CASCAVEL', 'CAMPUS_FOZ DO IGUAÇU', 'CAMPUS_GOIOERÊ', 'CAMPUS_JAGUARIAÍVA', 'CAMPUS_PALMAS', 'CAMPUS_PARANAVAÍ', 'CAMPUS_PINHAIS', 'CAMPUS_PITANGA', 'CAMPUS_UMUARAMA', 'CAMPUS_UNIÃO DA VITÓRIA', 'CURSOS_TEC_INTEGRADO', 'CURSOS_TEC_SUBSEQUENTE', 'CURSOS_GRAD_MATUTINO', 'CURSOS_GRAD_VESPERTINO', 'CURSOS_GRAD_NOTURNO', 'FÉRIAS', 'FERIADO', 'COVID', 'GREVE', 'LAG_01', 'LAG_02', 'LAG_03', 'LAG_05', 'LAG_07', 'LAG_09', 'LAG_10');0.28076
('TEMP_MIN_MÉD_MENS', 'TEMP_MÉD_MIN_MENS', 'TEMP_MÉD_ACC_MENS', 'TEMP_MIN_MIN_MENS', 'TEMP_MIN_ACC_MENS', 'TEMP_MAX_MIN_MENS', 'PRECIPITAÇÃO_MIN_MENS', 'TEMP_MAX_MAX_MENS', 'TEMP_MAX_ACC_MENS', 'PRECIPITAÇÃO_MAX_MENS', 'DIA_DA_SEMANA_dom', 'DIA_DA_SEMANA_qua', 'DIA_DA_SEMANA_ter', 'MÊS_abr', 'MÊS_dez', 'MÊS_jan', 'MÊS_jul', 'MÊS_jun', 'MÊS_mai', 'MÊS_nov', 'MÊS_out', 'MÊS_set', 'ANO_2021', 'ANO_2023', 'ANO_2024', 'ANO_2015', 'ANO_2016', 'ANO_2017', 'ANO_2018', 'ANO_2020', 'CAMPUS_ASSIS CHATEAUBRIAND', 'CAMPUS_BARRACÃO', 'CAMPUS_CAMPO LARGO', 'CAMPUS_CAPANEMA', 'CAMPUS_CASCAVEL', 'CAMPUS_CURITIBA', 'CAMPUS_FOZ DO IGUAÇU', 'CAMPUS_IRATI', 'CAMPUS_JACAREZINHO', 'CAMPUS_PALMAS', 'CAMPUS_PARANAGUÁ', 'CAMPUS_PARANAVAÍ', 'CAMPUS_PINHAIS', 'CAMPUS_PITANGA', 'CAMPUS_UMUARAMA', 'CAMPUS_UNIÃO DA VITÓRIA', 'CURSOS_TEC_CONCOMITANTE', 'CURSOS_TEC_SUBSEQUENTE', 'CURSOS_GRAD_MATUTINO', 'FÉRIAS', 'GREVE', 'ORDEM', 'LAG_04', 'LAG_06', 'LAG_08', 'LAG_10', 'LAG_11', 'LAG_12');0.2808
('TEMP_MÉD_MIN_MENS', 'TEMP_MÉD_MÉD_MENS', 'TEMP_MÉD_MAX_MENS', 'TEMP_MÉD_ACC_MENS', 'TEMP_MAX_MÉD_MENS', 'TEMP_MIN_MIN_MENS', 'TEMP_MIN_MAX_MENS', 'TEMP_MIN_ACC_MENS', 'TEMP_MAX_MIN_MENS', 'PRECIPITAÇÃO_MIN_MENS', 'TEMP_MAX_MAX_MENS', 'PRECIPITAÇÃO_MAX_MENS', 'PRECIPITAÇÃO_ACC_MENS', 'DIA_DA_SEMANA_dom', 'DIA_DA_SEMANA_qua', 'DIA_DA_SEMANA_seg', 'MÊS_mai', 'MÊS_mar', 'MÊS_nov', 'MÊS_out', 'ANO_2021', 'ANO_2023', 'ANO_2024', 'ANO_2015', 'ANO_2016', 'ANO_2017', 'ANO_2020', 'CAMPUS_ASSIS CHATEAUBRIAND', 'CAMPUS_ASTORGA', 'CAMPUS_BARRACÃO', 'CAMPUS_CAMPO LARGO', 'CAMPUS_CASCAVEL', 'CAMPUS_GOIOERÊ', 'CAMPUS_IRATI', 'CAMPUS_JACAREZINHO', 'CAMPUS_PALMAS', 'CAMPUS_PARANAVAÍ', 'CAMPUS_PINHAIS', 'CAMPUS_PITANGA', 'CAMPUS_UMUARAMA', 'CURSOS_TEC_CONCOMITANTE', 'CURSOS_TEC_INTEGRADO', 'CURSOS_TEC_SUBSEQUENTE', 'CURSOS_GRAD_MATUTINO', 'CURSOS_GRAD_NOTURNO', 'CURSOS_POS', 'FÉRIAS', 'FERIADO', 'COVID', 'LAG_01', 'LAG_02', 'LAG_05', 'LAG_06', 'LAG_08', 'LAG_09', 'LAG_10', 'LAG_11');0.28085
('TEMP_MIN_MÉD_MENS', 'TEMP_MÉD_ACC_MENS', 'TEMP_MAX_MÉD_MENS', 'TEMP_MIN_MAX_MENS', 'TEMP_MIN_ACC_MENS', 'TEMP_MAX_MAX_MENS', 'PRECIPITAÇÃO_MAX_MENS', 'DIA_DA_SEMANA_dom', 'DIA_DA_SEMANA_qua', 'DIA_DA_SEMANA_seg', 'MÊS_ago', 'MÊS_dez', 'MÊS_jan', 'MÊS_jul', 'MÊS_jun', 'MÊS_mar', 'MÊS_nov', 'MÊS_out', 'ANO_2022', 'ANO_2024', 'ANO_2015', 'ANO_2019', 'ANO_2020', 'CAMPUS_BARRACÃO', 'CAMPUS_CAMPO LARGO', 'CAMPUS_CAPANEMA', 'CAMPUS_CORONEL VIVIDA', 'CAMPUS_CURITIBA', 'CAMPUS_GOIOERÊ', 'CAMPUS_IRATI', 'CAMPUS_IVAIPORÃ', 'CAMPUS_JAGUARIAÍVA', 'CAMPUS_PARANAGUÁ', 'CAMPUS_PARANAVAÍ', 'CAMPUS_PINHAIS', 'CAMPUS_PITANGA', 'CAMPUS_QUEDAS DO IGUAÇU', 'CAMPUS_UMUARAMA', 'CAMPUS_UNIÃO DA VITÓRIA', 'CURSOS_TEC_SUBSEQUENTE', 'CURSOS_GRAD_MATUTINO', 'CURSOS_GRAD_NOTURNO', 'CURSOS_POS', 'FÉRIAS', 'FERIADO', 'COVID', 'ORDEM', 'LAG_01', 'LAG_03', 'LAG_06', 'LAG_09', 'LAG_10', 'LAG_12');0.28103
('TEMP_MIN_MÉD_MENS', 'TEMP_MÉD_MÉD_MENS', 'TEMP_MÉD_ACC_MENS', 'TEMP_MAX_MÉD_MENS', 'TEMP_MIN_MIN_MENS', 'TEMP_MIN_MAX_MENS', 'TEMP_MIN_ACC_MENS', 'PRECIPITAÇÃO_MIN_MENS', 'DIA_DA_SEMANA_dom', 'DIA_DA_SEMANA_seg', 'DIA_DA_SEMANA_sáb', 'DIA_DA_SEMANA_ter', 'MÊS_dez', 'MÊS_jul', 'MÊS_mai', 'MÊS_nov', 'ANO_2023', 'ANO_2016', 'ANO_2018', 'ANO_2020', 'CAMPUS_ASSIS CHATEAUBRIAND', 'CAMPUS_ASTORGA', 'CAMPUS_BARRACÃO', 'CAMPUS_CAPANEMA', 'CAMPUS_CASCAVEL', 'CAMPUS_CORONEL VIVIDA', 'CAMPUS_FOZ DO IGUAÇU', 'CAMPUS_IRATI', 'CAMPUS_JACAREZINHO', 'CAMPUS_LONDRINA - CENTRO', 'CAMPUS_PARANAVAÍ', 'CAMPUS_PINHAIS', 'CAMPUS_PITANGA', 'CAMPUS_UMUARAMA', 'CAMPUS_UNIÃO DA VITÓRIA', 'CURSOS_TEC_CONCOMITANTE', 'CURSOS_GRAD_MATUTINO', 'CURSOS_GRAD_VESPERTINO', 'CURSOS_POS', 'FÉRIAS', 'COVID', 'ORDEM', 'LAG_02', 'LAG_03', 'LAG_04', 'LAG_05', 'LAG_06', 'LAG_07', 'LAG_08', 'LAG_10');0.28105
('TEMP_MÉD_MIN_MENS', 'TEMP_MÉD_MAX_MENS', 'TEMP_MÉD_ACC_MENS', 'TEMP_MIN_MIN_MENS', 'TEMP_MIN_MAX_MENS', 'TEMP_MAX_MIN_MENS', 'PRECIPITAÇÃO_MIN_MENS', 'TEMP_MAX_MAX_MENS', 'PRECIPITAÇÃO_ACC_MENS', 'DIA_DA_SEMANA_sáb', 'MÊS_abr', 'MÊS_dez', 'MÊS_fev', 'MÊS_jan', 'MÊS_jun', 'MÊS_out', 'MÊS_set', 'ANO_2022', 'ANO_2015', 'ANO_2016', 'ANO_2018', 'ANO_2019', 'CAMPUS_CAMPO LARGO', 'CAMPUS_CURITIBA', 'CAMPUS_FOZ DO IGUAÇU', 'CAMPUS_IRATI', 'CAMPUS_IVAIPORÃ', 'CAMPUS_JACAREZINHO', 'CAMPUS_LONDRINA - CENTRO', 'CAMPUS_PARANAVAÍ', 'CAMPUS_PINHAIS', 'CAMPUS_QUEDAS DO IGUAÇU', 'CAMPUS_UMUARAMA', 'CURSOS_TEC_CONCOMITANTE', 'CURSOS_TEC_SUBSEQUENTE', 'CURSOS_GRAD_MATUTINO', 'CURSOS_GRAD_VESPERTINO', 'CURSOS_GRAD_NOTURNO', 'CURSOS_POS', 'FÉRIAS', 'COVID', 'ORDEM', 'LAG_02', 'LAG_05', 'LAG_06', 'LAG_08', 'LAG_09', 'LAG_12');0.28107
('TEMP_MÉD_MIN_MENS', 'TEMP_MÉD_MÉD_MENS', 'TEMP_MÉD_MAX_MENS', 'TEMP_MÉD_ACC_MENS', 'TEMP_MIN_MIN_MENS', 'TEMP_MIN_MAX_MENS', 'TEMP_MAX_MIN_MENS', 'TEMP_MAX_MAX_MENS', 'TEMP_MAX_ACC_MENS', 'DIA_DA_SEMANA_dom', 'DIA_DA_SEMANA_qui', 'DIA_DA_SEMANA_seg', 'DIA_DA_SEMANA_sáb', 'DIA_DA_SEMANA_ter', 'MÊS_ago', 'MÊS_dez', 'MÊS_fev', 'MÊS_jan', 'MÊS_jul', 'MÊS_nov', 'MÊS_out', 'ANO_2021', 'ANO_2023', 'ANO_2024', 'ANO_2015', 'ANO_2016', 'ANO_2017', 'ANO_2019', 'ANO_2020', 'CAMPUS_ASSIS CHATEAUBRIAND', 'CAMPUS_BARRACÃO', 'CAMPUS_CAMPO LARGO', 'CAMPUS_CAPANEMA', 'CAMPUS_CORONEL VIVIDA', 'CAMPUS_CURITIBA', 'CAMPUS_FOZ DO IGUAÇU', 'CAMPUS_GOIOERÊ', 'CAMPUS_IRATI', 'CAMPUS_IVAIPORÃ', 'CAMPUS_PALMAS', 'CAMPUS_PARANAGUÁ', 'CAMPUS_PINHAIS', 'CAMPUS_UMUARAMA', 'CAMPUS_UNIÃO DA VITÓRIA', 'CURSOS_TEC_CONCOMITANTE', 'CURSOS_TEC_INTEGRADO', 'CURSOS_GRAD_VESPERTINO', 'CURSOS_POS', 'FÉRIAS', 'FERIADO', 'COVID', 'GREVE', 'ORDEM', 'LAG_01', 'LAG_02', 'LAG_03', 'LAG_06', 'LAG_07', 'LAG_09', 'LAG_10', 'LAG_11', 'LAG_12');0.28109
('TEMP_MIN_MÉD_MENS', 'TEMP_MÉD_MIN_MENS', 'TEMP_MIN_MIN_MENS', 'TEMP_MIN_ACC_MENS', 'TEMP_MAX_MIN_MENS', 'PRECIPITAÇÃO_MIN_MENS', 'TEMP_MAX_MAX_MENS', 'PRECIPITAÇÃO_ACC_MENS', 'DIA_DA_SEMANA_qui', 'DIA_DA_SEMANA_seg', 'DIA_DA_SEMANA_ter', 'MÊS_ago', 'MÊS_jan', 'MÊS_jul', 'MÊS_jun', 'MÊS_mai', 'ANO_2022', 'ANO_2024', 'ANO_2015', 'CAMPUS_ASSIS CHATEAUBRIAND', 'CAMPUS_ASTORGA', 'CAMPUS_BARRACÃO', 'CAMPUS_CAPANEMA', 'CAMPUS_CASCAVEL', 'CAMPUS_CORONEL VIVIDA', 'CAMPUS_CURITIBA', 'CAMPUS_GOIOERÊ', 'CAMPUS_IVAIPORÃ', 'CAMPUS_PALMAS', 'CAMPUS_PINHAIS', 'CAMPUS_PITANGA', 'CAMPUS_QUEDAS DO IGUAÇU', 'CAMPUS_TELÊMACO BORBA', 'CAMPUS_UMUARAMA', 'CAMPUS_UNIÃO DA VITÓRIA', 'CURSOS_TEC_INTEGRADO', 'CURSOS_TEC_SUBSEQUENTE', 'CURSOS_GRAD_MATUTINO', 'CURSOS_GRAD_VESPERTINO', 'FÉRIAS', 'COVID', 'ORDEM', 'LAG_02', 'LAG_03', 'LAG_06', 'LAG_08', 'LAG_11', 'LAG_12');0.28127
('TEMP_MÉD_MAX_MENS', 'TEMP_MÉD_ACC_MENS', 'TEMP_MIN_MAX_MENS', 'TEMP_MIN_ACC_MENS', 'PRECIPITAÇÃO_MIN_MENS', 'TEMP_MAX_MAX_MENS', 'TEMP_MAX_ACC_MENS', 'PRECIPITAÇÃO_MAX_MENS', 'PRECIPITAÇÃO_ACC_MENS', 'DIA_DA_SEMANA_dom', 'DIA_DA_SEMANA_qui', 'DIA_DA_SEMANA_seg', 'DIA_DA_SEMANA_sex', 'DIA_DA_SEMANA_sáb', 'MÊS_abr', 'MÊS_fev', 'MÊS_jan', 'MÊS_jul', 'MÊS_mai', 'MÊS_nov', 'ANO_2023', 'ANO_2015', 'ANO_2016', 'ANO_2017', 'ANO_2019', 'ANO_2020', 'CAMPUS_ASSIS CHATEAUBRIAND', 'CAMPUS_ASTORGA', 'CAMPUS_BARRACÃO', 'CAMPUS_CAMPO LARGO', 'CAMPUS_CAPANEMA', 'CAMPUS_CORONEL VIVIDA', 'CAMPUS_FOZ DO IGUAÇU', 'CAMPUS_IVAIPORÃ', 'CAMPUS_JACAREZINHO', 'CAMPUS_JAGUARIAÍVA', 'CAMPUS_PARANAVAÍ', 'CAMPUS_PINHAIS', 'CAMPUS_PITANGA', 'CAMPUS_QUEDAS DO IGUAÇU', 'CAMPUS_TELÊMACO BORBA', 'CAMPUS_UMUARAMA', 'CAMPUS_UNIÃO DA VITÓRIA', 'CURSOS_TEC_CONCOMITANTE', 'CURSOS_TEC_INTEGRADO', 'CURSOS_TEC_SUBSEQUENTE', 'CURSOS_GRAD_MATUTINO', 'CURSOS_GRAD_NOTURNO', 'CURSOS_POS', 'FÉRIAS', 'COVID', 'GREVE', 'ORDEM', 'LAG_01', 'LAG_03', 'LAG_05', 'LAG_08', 'LAG_09', 'LAG_10', 'LAG_12');0.28127
('TEMP_MIN_MÉD_MENS', 'TEMP_MÉD_MIN_MENS', 'TEMP_MÉD_MÉD_MENS', 'TEMP_MÉD_MAX_MENS', 'TEMP_MÉD_ACC_MENS', 'TEMP_MIN_MIN_MENS', 'TEMP_MIN_MAX_MENS', 'TEMP_MAX_MIN_MENS', 'TEMP_MAX_MAX_MENS', 'PRECIPITAÇÃO_MAX_MENS', 'DIA_DA_SEMANA_qui', 'DIA_DA_SEMANA_sex', 'DIA_DA_SEMANA_sáb', 'MÊS_abr', 'MÊS_ago', 'MÊS_dez', 'MÊS_jan', 'MÊS_jul', 'MÊS_jun', 'MÊS_nov', 'MÊS_out', 'MÊS_set', 'ANO_2021', 'ANO_2022', 'ANO_2023', 'ANO_2015', 'ANO_2017', 'ANO_2019', 'CAMPUS_ASSIS CHATEAUBRIAND', 'CAMPUS_ASTORGA', 'CAMPUS_BARRACÃO', 'CAMPUS_CAMPO LARGO', 'CAMPUS_CAPANEMA', 'CAMPUS_CASCAVEL', 'CAMPUS_CURITIBA', 'CAMPUS_IVAIPORÃ', 'CAMPUS_JACAREZINHO', 'CAMPUS_JAGUARIAÍVA', 'CAMPUS_PALMAS', 'CAMPUS_PINHAIS', 'CAMPUS_PITANGA', 'CAMPUS_QUEDAS DO IGUAÇU', 'CAMPUS_TELÊMACO BORBA', 'CURSOS_TEC_CONCOMITANTE', 'CURSOS_TEC_SUBSEQUENTE', 'CURSOS_GRAD_MATUTINO', 'CURSOS_POS', 'FÉRIAS', 'COVID', 'GREVE', 'ORDEM', 'LAG_01', 'LAG_02', 'LAG_03', 'LAG_04', 'LAG_07', 'LAG_08', 'LAG_10');0.28128
('TEMP_MÉD_MIN_MENS', 'TEMP_MÉD_MÉD_MENS', 'TEMP_MÉD_MAX_MENS', 'TEMP_MÉD_ACC_MENS', 'TEMP_MAX_MIN_MENS', 'PRECIPITAÇÃO_MIN_MENS', 'TEMP_MAX_MAX_MENS', 'PRECIPITAÇÃO_MAX_MENS', 'PRECIPITAÇÃO_ACC_MENS', 'DIA_DA_SEMANA_seg', 'DIA_DA_SEMANA_sex', 'DIA_DA_SEMANA_ter', 'MÊS_abr', 'MÊS_ago', 'MÊS_dez', 'MÊS_jul', 'MÊS_mar', 'MÊS_nov', 'MÊS_out', 'MÊS_set', 'ANO_2022', 'ANO_2024', 'ANO_2015', 'ANO_2017', 'ANO_2018', 'ANO_2019', 'CAMPUS_ASSIS CHATEAUBRIAND', 'CAMPUS_ASTORGA', 'CAMPUS_CAMPO LARGO', 'CAMPUS_CORONEL VIVIDA', 'CAMPUS_CURITIBA', 'CAMPUS_GOIOERÊ', 'CAMPUS_IVAIPORÃ', 'CAMPUS_JAGUARIAÍVA', 'CAMPUS_LONDRINA - CENTRO', 'CAMPUS_PARANAVAÍ', 'CAMPUS_QUEDAS DO IGUAÇU', 'CAMPUS_UMUARAMA', 'CAMPUS_UNIÃO DA VITÓRIA', 'CURSOS_TEC_INTEGRADO', 'CURSOS_TEC_SUBSEQUENTE', 'CURSOS_POS', 'FÉRIAS', 'COVID', 'GREVE', 'ORDEM', 'LAG_02', 'LAG_03', 'LAG_04', 'LAG_05', 'LAG_06', 'LAG_07', 'LAG_08', 'LAG_09', 'LAG_10');0.28131
('TEMP_MÉD_MIN_MENS', 'PRECIPITAÇÃO_MÉD_MENS', 'TEMP_MIN_MIN_MENS', 'TEMP_MIN_ACC_MENS', 'TEMP_MAX_MAX_MENS', 'TEMP_MAX_ACC_MENS', 'PRECIPITAÇÃO_MAX_MENS', 'PRECIPITAÇÃO_ACC_MENS', 'DIA_DA_SEMANA_qua', 'DIA_DA_SEMANA_qui', 'DIA_DA_SEMANA_seg', 'DIA_DA_SEMANA_sáb', 'MÊS_abr', 'MÊS_ago', 'MÊS_dez', 'MÊS_jul', 'MÊS_jun', 'MÊS_mai', 'ANO_2022', 'ANO_2024', 'ANO_2015', 'ANO_2019', 'CAMPUS_ASSIS CHATEAUBRIAND', 'CAMPUS_BARRACÃO', 'CAMPUS_CAMPO LARGO', 'CAMPUS_CASCAVEL', 'CAMPUS_CORONEL VIVIDA', 'CAMPUS_FOZ DO IGUAÇU', 'CAMPUS_JAGUARIAÍVA', 'CAMPUS_LONDRINA - CENTRO', 'CAMPUS_PARANAGUÁ', 'CAMPUS_PITANGA', 'CAMPUS_QUEDAS DO IGUAÇU', 'CAMPUS_UMUARAMA', 'CURSOS_TEC_SUBSEQUENTE', 'CURSOS_POS', 'FERIADO', 'COVID', 'GREVE', 'ORDEM', 'LAG_01', 'LAG_02', 'LAG_04', 'LAG_05', 'LAG_06', 'LAG_08', 'LAG_09', 'LAG_10');0.28133
('TEMP_MIN_MÉD_MENS', 'TEMP_MÉD_ACC_MENS', 'TEMP_MAX_MÉD_MENS', 'PRECIPITAÇÃO_MÉD_MENS', 'TEMP_MIN_MAX_MENS', 'TEMP_MIN_ACC_MENS', 'TEMP_MAX_MIN_MENS', 'PRECIPITAÇÃO_MIN_MENS', 'TEMP_MAX_MAX_MENS', 'TEMP_MAX_ACC_MENS', 'PRECIPITAÇÃO_MAX_MENS', 'DIA_DA_SEMANA_dom', 'DIA_DA_SEMANA_qui', 'DIA_DA_SEMANA_sex', 'MÊS_abr', 'MÊS_ago', 'MÊS_dez', 'MÊS_jan', 'MÊS_mai', 'MÊS_mar', 'MÊS_nov', 'MÊS_out', 'MÊS_set', 'ANO_2024', 'ANO_2015', 'ANO_2016', 'ANO_2017', 'ANO_2018', 'ANO_2019', 'CAMPUS_ASSIS CHATEAUBRIAND', 'CAMPUS_ASTORGA', 'CAMPUS_BARRACÃO', 'CAMPUS_CAPANEMA', 'CAMPUS_CASCAVEL', 'CAMPUS_CORONEL VIVIDA', 'CAMPUS_CURITIBA', 'CAMPUS_FOZ DO IGUAÇU', 'CAMPUS_GOIOERÊ', 'CAMPUS_IRATI', 'CAMPUS_JACAREZINHO', 'CAMPUS_LONDRINA - CENTRO', 'CAMPUS_PALMAS', 'CAMPUS_PINHAIS', 'CAMPUS_UMUARAMA', 'CAMPUS_UNIÃO DA VITÓRIA', 'CURSOS_TEC_CONCOMITANTE', 'CURSOS_TEC_INTEGRADO', 'CURSOS_GRAD_VESPERTINO', 'FÉRIAS', 'COVID', 'GREVE', 'ORDEM', 'LAG_01', 'LAG_02', 'LAG_03', 'LAG_05', 'LAG_06', 'LAG_07', 'LAG_08', 'LAG_10', 'LAG_11');0.28143
('TEMP_MÉD_MIN_MENS', 'TEMP_MÉD_MAX_MENS', 'TEMP_MÉD_ACC_MENS', 'PRECIPITAÇÃO_MÉD_MENS', 'TEMP_MIN_MAX_MENS', 'TEMP_MIN_ACC_MENS', 'TEMP_MAX_ACC_MENS', 'PRECIPITAÇÃO_MAX_MENS', 'PRECIPITAÇÃO_ACC_MENS', 'DIA_DA_SEMANA_qua', 'DIA_DA_SEMANA_qui', 'DIA_DA_SEMANA_sáb', 'DIA_DA_SEMANA_ter', 'MÊS_abr', 'MÊS_fev', 'MÊS_jan', 'MÊS_jun', 'MÊS_mai', 'MÊS_nov', 'ANO_2021', 'ANO_2022', 'ANO_2023', 'ANO_2024', 'ANO_2016', 'ANO_2018', 'CAMPUS_ASSIS CHATEAUBRIAND', 'CAMPUS_ASTORGA', 'CAMPUS_BARRACÃO', 'CAMPUS_CAPANEMA', 'CAMPUS_CORONEL VIVIDA', 'CAMPUS_CURITIBA', 'CAMPUS_FOZ DO IGUAÇU', 'CAMPUS_GOIOERÊ', 'CAMPUS_IRATI', 'CAMPUS_IVAIPORÃ', 'CAMPUS_PALMAS', 'CAMPUS_PARANAVAÍ', 'CAMPUS_PINHAIS', 'CAMPUS_PITANGA', 'CAMPUS_TELÊMACO BORBA', 'CAMPUS_UMUARAMA', 'CURSOS_TEC_CONCOMITANTE', 'CURSOS_TEC_SUBSEQUENTE', 'CURSOS_GRAD_MATUTINO', 'CURSOS_GRAD_VESPERTINO', 'CURSOS_GRAD_NOTURNO', 'CURSOS_POS', 'FÉRIAS', 'COVID', 'LAG_01', 'LAG_02', 'LAG_03', 'LAG_04', 'LAG_07', 'LAG_09', 'LAG_10');0.28147
('TEMP_MIN_MÉD_MENS', 'TEMP_MÉD_MIN_MENS', 'TEMP_MÉD_MÉD_MENS', 'TEMP_MAX_MÉD_MENS', 'TEMP_MIN_MIN_MENS', 'TEMP_MIN_MAX_MENS', 'TEMP_MIN_ACC_MENS', 'TEMP_MAX_MIN_MENS', 'PRECIPITAÇÃO_MAX_MENS', 'PRECIPITAÇÃO_ACC_MENS', 'DIA_DA_SEMANA_dom', 'DIA_DA_SEMANA_qua', 'DIA_DA_SEMANA_seg', 'DIA_DA_SEMANA_sex', 'DIA_DA_SEMANA_ter', 'MÊS_abr', 'MÊS_ago', 'MÊS_jan', 'MÊS_jul', 'MÊS_jun', 'MÊS_mai', 'MÊS_nov', 'ANO_2021', 'ANO_2023', 'ANO_2024', 'ANO_2015', 'ANO_2017', 'ANO_2018', 'ANO_2019', 'CAMPUS_ASTORGA', 'CAMPUS_BARRACÃO', 'CAMPUS_CAMPO LARGO', 'CAMPUS_CAPANEMA', 'CAMPUS_CORONEL VIVIDA', 'CAMPUS_FOZ DO IGUAÇU', 'CAMPUS_IRATI', 'CAMPUS_JAGUARIAÍVA', 'CAMPUS_PALMAS', 'CAMPUS_PARANAGUÁ', 'CAMPUS_PINHAIS', 'CAMPUS_PITANGA', 'CAMPUS_TELÊMACO BORBA', 'CAMPUS_UMUARAMA', 'CURSOS_TEC_CONCOMITANTE', 'CURSOS_TEC_SUBSEQUENTE', 'CURSOS_GRAD_VESPERTINO', 'CURSOS_GRAD_NOTURNO', 'FERIADO', 'COVID', 'GREVE', 'ORDEM', 'LAG_01', 'LAG_03', 'LAG_04', 'LAG_05', 'LAG_06', 'LAG_07', 'LAG_09', 'LAG_10');0.28149
('TEMP_MIN_MÉD_MENS', 'TEMP_MÉD_MIN_MENS', 'TEMP_MÉD_MAX_MENS', 'TEMP_MÉD_ACC_MENS', 'TEMP_MAX_MÉD_MENS', 'TEMP_MIN_MIN_MENS', 'TEMP_MAX_MIN_MENS', 'PRECIPITAÇÃO_MAX_MENS', 'DIA_DA_SEMANA_qua', 'DIA_DA_SEMANA_qui', 'DIA_DA_SEMANA_seg', 'DIA_DA_SEMANA_sáb', 'DIA_DA_SEMANA_ter', 'MÊS_abr', 'MÊS_ago', 'MÊS_fev', 'MÊS_jul', 'MÊS_jun', 'MÊS_nov', 'MÊS_set', 'ANO_2022', 'ANO_2017', 'CAMPUS_ASTORGA', 'CAMPUS_BARRACÃO', 'CAMPUS_CAPANEMA', 'CAMPUS_CASCAVEL', 'CAMPUS_GOIOERÊ', 'CAMPUS_IRATI', 'CAMPUS_IVAIPORÃ', 'CAMPUS_JACAREZINHO', 'CAMPUS_JAGUARIAÍVA', 'CAMPUS_LONDRINA - CENTRO', 'CAMPUS_PARANAVAÍ', 'CAMPUS_PINHAIS', 'CURSOS_TEC_CONCOMITANTE', 'CURSOS_TEC_INTEGRADO', 'CURSOS_TEC_SUBSEQUENTE', 'CURSOS_GRAD_MATUTINO', 'CURSOS_GRAD_VESPERTINO', 'CURSOS_GRAD_NOTURNO', 'FERIADO', 'COVID', 'GREVE', 'LAG_01', 'LAG_05', 'LAG_06', 'LAG_07', 'LAG_08');0.28151
('TEMP_MÉD_MÉD_MENS', 'TEMP_MÉD_MAX_MENS', 'TEMP_MÉD_ACC_MENS', 'TEMP_MIN_MIN_MENS', 'TEMP_MIN_MAX_MENS', 'TEMP_MIN_ACC_MENS', 'PRECIPITAÇÃO_MIN_MENS', 'TEMP_MAX_MAX_MENS', 'PRECIPITAÇÃO_MAX_MENS', 'DIA_DA_SEMANA_qui', 'DIA_DA_SEMANA_seg', 'DIA_DA_SEMANA_ter', 'MÊS_jan', 'MÊS_jul', 'MÊS_jun', 'MÊS_nov', 'MÊS_out', 'MÊS_set', 'ANO_2023', 'ANO_2024', 'ANO_2015', 'ANO_2017', 'ANO_2018', 'ANO_2019', 'ANO_2020', 'CAMPUS_BARRACÃO', 'CAMPUS_CAPANEMA', 'CAMPUS_CASCAVEL', 'CAMPUS_CORONEL VIVIDA', 'CAMPUS_FOZ DO IGUAÇU', 'CAMPUS_IVAIPORÃ', 'CAMPUS_JACAREZINHO', 'CAMPUS_JAGUARIAÍVA', 'CAMPUS_LONDRINA - CENTRO', 'CAMPUS_PALMAS', 'CAMPUS_PARANAGUÁ', 'CAMPUS_PARANAVAÍ', 'CAMPUS_PINHAIS', 'CAMPUS_TELÊMACO BORBA', 'CAMPUS_UMUARAMA', 'CURSOS_TEC_CONCOMITANTE', 'CURSOS_TEC_INTEGRADO', 'CURSOS_GRAD_VESPERTINO', 'CURSOS_GRAD_NOTURNO', 'FÉRIAS', 'FERIADO', 'COVID', 'ORDEM', 'LAG_02', 'LAG_04', 'LAG_05', 'LAG_06', 'LAG_07', 'LAG_08', 'LAG_09', 'LAG_11', 'LAG_12');0.28164
('TEMP_MIN_MÉD_MENS', 'TEMP_MÉD_MÉD_MENS', 'TEMP_MIN_MIN_MENS', 'TEMP_MIN_MAX_MENS', 'TEMP_MIN_ACC_MENS', 'TEMP_MAX_MIN_MENS', 'TEMP_MAX_MAX_MENS', 'PRECIPITAÇÃO_MAX_MENS', 'DIA_DA_SEMANA_qua', 'DIA_DA_SEMANA_qui', 'DIA_DA_SEMANA_seg', 'DIA_DA_SEMANA_sáb', 'DIA_DA_SEMANA_ter', 'MÊS_abr', 'MÊS_ago', 'MÊS_fev', 'MÊS_jul', 'MÊS_jun', 'MÊS_out', 'MÊS_set', 'ANO_2021', 'ANO_2022', 'ANO_2024', 'ANO_2015', 'ANO_2018', 'CAMPUS_ASTORGA', 'CAMPUS_CAMPO LARGO', 'CAMPUS_CAPANEMA', 'CAMPUS_CASCAVEL', 'CAMPUS_CORONEL VIVIDA', 'CAMPUS_CURITIBA', 'CAMPUS_FOZ DO IGUAÇU', 'CAMPUS_GOIOERÊ', 'CAMPUS_JAGUARIAÍVA', 'CAMPUS_LONDRINA - CENTRO', 'CAMPUS_PALMAS', 'CAMPUS_PARANAVAÍ', 'CAMPUS_QUEDAS DO IGUAÇU', 'CAMPUS_TELÊMACO BORBA', 'CAMPUS_UMUARAMA', 'CAMPUS_UNIÃO DA VITÓRIA', 'CURSOS_TEC_SUBSEQUENTE', 'CURSOS_GRAD_NOTURNO', 'FÉRIAS', 'COVID', 'GREVE', 'ORDEM', 'LAG_01', 'LAG_02', 'LAG_03', 'LAG_04', 'LAG_07', 'LAG_08', 'LAG_09', 'LAG_10', 'LAG_11');0.28174
('TEMP_MIN_MÉD_MENS', 'TEMP_MÉD_MIN_MENS', 'TEMP_MAX_MÉD_MENS', 'TEMP_MIN_MAX_MENS', 'TEMP_MIN_ACC_MENS', 'TEMP_MAX_MAX_MENS', 'PRECIPITAÇÃO_MAX_MENS', 'DIA_DA_SEMANA_qua', 'DIA_DA_SEMANA_qui', 'DIA_DA_SEMANA_seg', 'DIA_DA_SEMANA_ter', 'MÊS_abr', 'MÊS_ago', 'MÊS_jan', 'MÊS_jul', 'MÊS_mai', 'MÊS_mar', 'MÊS_out', 'MÊS_set', 'ANO_2021', 'ANO_2022', 'ANO_2023', 'ANO_2024', 'ANO_2016', 'ANO_2017', 'ANO_2018', 'CAMPUS_ASSIS CHATEAUBRIAND', 'CAMPUS_ASTORGA', 'CAMPUS_CAMPO LARGO', 'CAMPUS_CAPANEMA', 'CAMPUS_FOZ DO IGUAÇU', 'CAMPUS_IRATI', 'CAMPUS_IVAIPORÃ', 'CAMPUS_LONDRINA - CENTRO', 'CAMPUS_PALMAS', 'CAMPUS_PARANAGUÁ', 'CAMPUS_PARANAVAÍ', 'CAMPUS_PINHAIS', 'CAMPUS_PITANGA', 'CAMPUS_QUEDAS DO IGUAÇU', 'CAMPUS_UNIÃO DA VITÓRIA', 'CURSOS_TEC_CONCOMITANTE', 'CURSOS_TEC_SUBSEQUENTE', 'CURSOS_GRAD_NOTURNO', 'FERIADO', 'COVID', 'GREVE', 'ORDEM', 'LAG_01', 'LAG_04', 'LAG_05', 'LAG_06', 'LAG_08');0.28178
('TEMP_MIN_MÉD_MENS', 'TEMP_MÉD_MIN_MENS', 'TEMP_MÉD_MÉD_MENS', 'PRECIPITAÇÃO_MÉD_MENS', 'TEMP_MIN_MIN_MENS', 'TEMP_MIN_MAX_MENS', 'TEMP_MIN_ACC_MENS', 'TEMP_MAX_MIN_MENS', 'TEMP_MAX_MAX_MENS', 'TEMP_MAX_ACC_MENS', 'PRECIPITAÇÃO_MAX_MENS', 'DIA_DA_SEMANA_qua', 'DIA_DA_SEMANA_qui', 'DIA_DA_SEMANA_seg', 'DIA_DA_SEMANA_sex', 'DIA_DA_SEMANA_ter', 'MÊS_abr', 'MÊS_ago', 'MÊS_dez', 'MÊS_fev', 'MÊS_jul', 'MÊS_mai', 'MÊS_nov', 'MÊS_out', 'ANO_2021', 'ANO_2015', 'ANO_2016', 'ANO_2018', 'ANO_2019', 'ANO_2020', 'CAMPUS_ASSIS CHATEAUBRIAND', 'CAMPUS_ASTORGA', 'CAMPUS_BARRACÃO', 'CAMPUS_CORONEL VIVIDA', 'CAMPUS_CURITIBA', 'CAMPUS_IRATI', 'CAMPUS_IVAIPORÃ', 'CAMPUS_LONDRINA - CENTRO', 'CAMPUS_PALMAS', 'CAMPUS_PARANAVAÍ', 'CAMPUS_PINHAIS', 'CAMPUS_QUEDAS DO IGUAÇU', 'CAMPUS_UMUARAMA', 'CAMPUS_UNIÃO DA VITÓRIA', 'CURSOS_TEC_SUBSEQUENTE', 'CURSOS_GRAD_NOTURNO', 'CURSOS_POS', 'FÉRIAS', 'COVID', 'GREVE', 'LAG_01', 'LAG_03', 'LAG_05', 'LAG_06', 'LAG_07', 'LAG_08', 'LAG_09', 'LAG_11', 'LAG_12');0.28191
('TEMP_MIN_MÉD_MENS', 'TEMP_MÉD_MIN_MENS', 'TEMP_MÉD_MAX_MENS', 'TEMP_MAX_MÉD_MENS', 'TEMP_MIN_MIN_MENS', 'TEMP_MIN_MAX_MENS', 'TEMP_MIN_ACC_MENS', 'TEMP_MAX_MIN_MENS', 'TEMP_MAX_ACC_MENS', 'PRECIPITAÇÃO_MAX_MENS', 'PRECIPITAÇÃO_ACC_MENS', 'DIA_DA_SEMANA_dom', 'DIA_DA_SEMANA_qui', 'DIA_DA_SEMANA_seg', 'DIA_DA_SEMANA_sex', 'DIA_DA_SEMANA_sáb', 'MÊS_ago', 'MÊS_dez', 'MÊS_fev', 'MÊS_jan', 'MÊS_jul', 'MÊS_jun', 'MÊS_mai', 'MÊS_nov', 'MÊS_out', 'ANO_2021', 'ANO_2022', 'ANO_2023', 'ANO_2015', 'ANO_2017', 'ANO_2018', 'ANO_2019', 'CAMPUS_ASSIS CHATEAUBRIAND', 'CAMPUS_CAMPO LARGO', 'CAMPUS_CAPANEMA', 'CAMPUS_CASCAVEL', 'CAMPUS_CORONEL VIVIDA', 'CAMPUS_CURITIBA', 'CAMPUS_FOZ DO IGUAÇU', 'CAMPUS_GOIOERÊ', 'CAMPUS_JACAREZINHO', 'CAMPUS_LONDRINA - CENTRO', 'CAMPUS_PINHAIS', 'CAMPUS_TELÊMACO BORBA', 'CAMPUS_UNIÃO DA VITÓRIA', 'CURSOS_TEC_CONCOMITANTE', 'CURSOS_TEC_INTEGRADO', 'CURSOS_TEC_SUBSEQUENTE', 'CURSOS_GRAD_MATUTINO', 'CURSOS_GRAD_VESPERTINO', 'CURSOS_POS', 'FERIADO', 'COVID', 'LAG_01', 'LAG_03', 'LAG_05', 'LAG_06', 'LAG_08', 'LAG_10', 'LAG_11');0.28197
('TEMP_MÉD_MIN_MENS', 'TEMP_MÉD_MÉD_MENS', 'TEMP_MÉD_ACC_MENS', 'TEMP_MAX_MÉD_MENS', 'TEMP_MIN_MAX_MENS', 'TEMP_MIN_ACC_MENS', 'TEMP_MAX_MIN_MENS', 'PRECIPITAÇÃO_MIN_MENS', 'TEMP_MAX_MAX_MENS', 'TEMP_MAX_ACC_MENS', 'PRECIPITAÇÃO_MAX_MENS', 'PRECIPITAÇÃO_ACC_MENS', 'DIA_DA_SEMANA_qua', 'DIA_DA_SEMANA_qui', 'DIA_DA_SEMANA_ter', 'MÊS_jul', 'MÊS_jun', 'MÊS_mai', 'MÊS_mar', 'MÊS_nov', 'MÊS_out', 'ANO_2021', 'ANO_2022', 'ANO_2024', 'ANO_2016', 'ANO_2018', 'CAMPUS_ASTORGA', 'CAMPUS_BARRACÃO', 'CAMPUS_CAMPO LARGO', 'CAMPUS_CAPANEMA', 'CAMPUS_CASCAVEL', 'CAMPUS_CURITIBA', 'CAMPUS_FOZ DO IGUAÇU', 'CAMPUS_GOIOERÊ', 'CAMPUS_IRATI', 'CAMPUS_LONDRINA - CENTRO', 'CAMPUS_PALMAS', 'CAMPUS_PARANAGUÁ', 'CAMPUS_PARANAVAÍ', 'CAMPUS_PINHAIS', 'CAMPUS_PITANGA', 'CAMPUS_UMUARAMA', 'CAMPUS_UNIÃO DA VITÓRIA', 'CURSOS_TEC_INTEGRADO', 'CURSOS_GRAD_MATUTINO', 'CURSOS_GRAD_VESPERTINO', 'CURSOS_GRAD_NOTURNO', 'CURSOS_POS', 'FÉRIAS', 'FERIADO', 'COVID', 'LAG_03', 'LAG_04', 'LAG_05', 'LAG_06', 'LAG_08', 'LAG_10', 'LAG_11');0.28197
('TEMP_MIN_MÉD_MENS', 'TEMP_MÉD_MIN_MENS', 'TEMP_MÉD_MÉD_MENS', 'TEMP_MÉD_ACC_MENS', 'TEMP_MAX_MÉD_MENS', 'PRECIPITAÇÃO_MÉD_MENS', 'TEMP_MIN_MIN_MENS', 'TEMP_MAX_MIN_MENS', 'TEMP_MAX_ACC_MENS', 'PRECIPITAÇÃO_ACC_MENS', 'DIA_DA_SEMANA_dom', 'DIA_DA_SEMANA_qui', 'DIA_DA_SEMANA_seg', 'DIA_DA_SEMANA_sáb', 'MÊS_abr', 'MÊS_ago', 'MÊS_jan', 'MÊS_jul', 'MÊS_jun', 'MÊS_mai', 'MÊS_mar', 'MÊS_nov', 'MÊS_set', 'ANO_2021', 'ANO_2022', 'ANO_2023', 'ANO_2015', 'ANO_2016', 'ANO_2017', 'CAMPUS_ASSIS CHATEAUBRIAND', 'CAMPUS_CAPANEMA', 'CAMPUS_CORONEL VIVIDA', 'CAMPUS_IVAIPORÃ', 'CAMPUS_JAGUARIAÍVA', 'CAMPUS_LONDRINA - CENTRO', 'CAMPUS_PARANAVAÍ', 'CAMPUS_TELÊMACO BORBA', 'CAMPUS_UMUARAMA', 'CURSOS_TEC_CONCOMITANTE', 'CURSOS_TEC_INTEGRADO', 'CURSOS_TEC_SUBSEQUENTE', 'CURSOS_GRAD_VESPERTINO', 'CURSOS_POS', 'FÉRIAS', 'FERIADO', 'COVID', 'GREVE', 'LAG_01', 'LAG_03', 'LAG_05', 'LAG_07', 'LAG_08', 'LAG_09', 'LAG_10', 'LAG_11');0.28212
('TEMP_MÉD_MAX_MENS', 'PRECIPITAÇÃO_MÉD_MENS', 'TEMP_MIN_MAX_MENS', 'TEMP_MAX_MIN_MENS', 'PRECIPITAÇÃO_MIN_MENS', 'TEMP_MAX_MAX_MENS', 'TEMP_MAX_ACC_MENS', 'PRECIPITAÇÃO_MAX_MENS', 'PRECIPITAÇÃO_ACC_MENS', 'DIA_DA_SEMANA_dom', 'DIA_DA_SEMANA_qui', 'MÊS_abr', 'MÊS_ago', 'MÊS_fev', 'MÊS_jul', 'MÊS_mar', 'MÊS_out', 'MÊS_set', 'ANO_2021', 'ANO_2024', 'ANO_2016', 'ANO_2018', 'ANO_2020', 'CAMPUS_ASTORGA', 'CAMPUS_BARRACÃO', 'CAMPUS_CASCAVEL', 'CAMPUS_CORONEL VIVIDA', 'CAMPUS_CURITIBA', 'CAMPUS_IRATI', 'CAMPUS_IVAIPORÃ', 'CAMPUS_JAGUARIAÍVA', 'CAMPUS_PARANAGUÁ', 'CAMPUS_PARANAVAÍ', 'CAMPUS_PITANGA', 'CAMPUS_QUEDAS DO IGUAÇU', 'CAMPUS_TELÊMACO BORBA', 'CAMPUS_UMUARAMA', 'CAMPUS_UNIÃO DA VITÓRIA', 'CURSOS_TEC_INTEGRADO', 'CURSOS_TEC_SUBSEQUENTE', 'CURSOS_GRAD_MATUTINO', 'FÉRIAS', 'FERIADO', 'COVID', 'GREVE', 'ORDEM', 'LAG_01', 'LAG_02', 'LAG_05', 'LAG_08', 'LAG_09', 'LAG_11');0.2822
('TEMP_MIN_MÉD_MENS', 'TEMP_MÉD_MAX_MENS', 'TEMP_MÉD_ACC_MENS', 'TEMP_MAX_MÉD_MENS', 'PRECIPITAÇÃO_MÉD_MENS', 'TEMP_MIN_MIN_MENS', 'TEMP_MIN_MAX_MENS', 'TEMP_MIN_ACC_MENS', 'TEMP_MAX_MIN_MENS', 'TEMP_MAX_MAX_MENS', 'DIA_DA_SEMANA_dom', 'DIA_DA_SEMANA_seg', 'DIA_DA_SEMANA_sex', 'MÊS_ago', 'MÊS_dez', 'MÊS_jan', 'MÊS_jul', 'MÊS_jun', 'MÊS_nov', 'MÊS_out', 'ANO_2023', 'ANO_2018', 'ANO_2020', 'CAMPUS_ASSIS CHATEAUBRIAND', 'CAMPUS_ASTORGA', 'CAMPUS_BARRACÃO', 'CAMPUS_CAMPO LARGO', 'CAMPUS_CORONEL VIVIDA', 'CAMPUS_CURITIBA', 'CAMPUS_FOZ DO IGUAÇU', 'CAMPUS_IRATI', 'CAMPUS_JACAREZINHO', 'CAMPUS_JAGUARIAÍVA', 'CAMPUS_PALMAS', 'CAMPUS_PARANAGUÁ', 'CAMPUS_PARANAVAÍ', 'CAMPUS_QUEDAS DO IGUAÇU', 'CAMPUS_TELÊMACO BORBA', 'CAMPUS_UMUARAMA', 'CAMPUS_UNIÃO DA VITÓRIA', 'CURSOS_TEC_CONCOMITANTE', 'CURSOS_TEC_INTEGRADO', 'CURSOS_GRAD_MATUTINO', 'CURSOS_GRAD_VESPERTINO', 'FÉRIAS', 'COVID', 'GREVE', 'ORDEM', 'LAG_01', 'LAG_03', 'LAG_04', 'LAG_05', 'LAG_06', 'LAG_08', 'LAG_10', 'LAG_12');0.28222
('TEMP_MÉD_MÉD_MENS', 'TEMP_MÉD_ACC_MENS', 'TEMP_MAX_MÉD_MENS', 'TEMP_MIN_MIN_MENS', 'TEMP_MAX_MIN_MENS', 'PRECIPITAÇÃO_MIN_MENS', 'TEMP_MAX_MAX_MENS', 'PRECIPITAÇÃO_ACC_MENS', 'DIA_DA_SEMANA_dom', 'DIA_DA_SEMANA_qua', 'DIA_DA_SEMANA_qui', 'DIA_DA_SEMANA_sex', 'DIA_DA_SEMANA_sáb', 'MÊS_abr', 'MÊS_ago', 'MÊS_dez', 'MÊS_fev', 'MÊS_jan', 'MÊS_jul', 'MÊS_mai', 'MÊS_set', 'ANO_2022', 'ANO_2023', 'CAMPUS_ASSIS CHATEAUBRIAND', 'CAMPUS_ASTORGA', 'CAMPUS_CAMPO LARGO', 'CAMPUS_CURITIBA', 'CAMPUS_FOZ DO IGUAÇU', 'CAMPUS_IVAIPORÃ', 'CAMPUS_JACAREZINHO', 'CAMPUS_JAGUARIAÍVA', 'CAMPUS_PALMAS', 'CAMPUS_PARANAGUÁ', 'CAMPUS_PARANAVAÍ', 'CAMPUS_QUEDAS DO IGUAÇU', 'CAMPUS_TELÊMACO BORBA', 'CAMPUS_UMUARAMA', 'CURSOS_TEC_CONCOMITANTE', 'CURSOS_TEC_INTEGRADO', 'CURSOS_TEC_SUBSEQUENTE', 'CURSOS_GRAD_MATUTINO', 'CURSOS_GRAD_VESPERTINO', 'FÉRIAS', 'FERIADO', 'COVID', 'ORDEM', 'LAG_01', 'LAG_05', 'LAG_07', 'LAG_08');0.28229
('TEMP_MIN_MÉD_MENS', 'TEMP_MÉD_MIN_MENS', 'TEMP_MÉD_MAX_MENS', 'TEMP_MAX_MÉD_MENS', 'PRECIPITAÇÃO_MÉD_MENS', 'TEMP_MIN_MIN_MENS', 'TEMP_MIN_MAX_MENS', 'TEMP_MIN_ACC_MENS', 'PRECIPITAÇÃO_MIN_MENS', 'PRECIPITAÇÃO_MAX_MENS', 'DIA_DA_SEMANA_dom', 'DIA_DA_SEMANA_qua', 'DIA_DA_SEMANA_seg', 'DIA_DA_SEMANA_sex', 'DIA_DA_SEMANA_ter', 'MÊS_abr', 'MÊS_jul', 'MÊS_jun', 'MÊS_mai', 'ANO_2021', 'ANO_2022', 'ANO_2015', 'ANO_2016', 'ANO_2017', 'CAMPUS_ASSIS CHATEAUBRIAND', 'CAMPUS_ASTORGA', 'CAMPUS_CAMPO LARGO', 'CAMPUS_FOZ DO IGUAÇU', 'CAMPUS_IRATI', 'CAMPUS_IVAIPORÃ', 'CAMPUS_JACAREZINHO', 'CAMPUS_JAGUARIAÍVA', 'CAMPUS_LONDRINA - CENTRO', 'CAMPUS_PARANAGUÁ', 'CAMPUS_PINHAIS', 'CAMPUS_PITANGA', 'CAMPUS_UNIÃO DA VITÓRIA', 'CURSOS_GRAD_VESPERTINO', 'CURSOS_POS', 'COVID', 'GREVE', 'LAG_01', 'LAG_02', 'LAG_03', 'LAG_04', 'LAG_06', 'LAG_07', 'LAG_09', 'LAG_10');0.28233
('TEMP_MÉD_MÉD_MENS', 'TEMP_MÉD_MAX_MENS', 'TEMP_MAX_MÉD_MENS', 'PRECIPITAÇÃO_MÉD_MENS', 'TEMP_MIN_MIN_MENS', 'TEMP_MIN_MAX_MENS', 'TEMP_MAX_MAX_MENS', 'TEMP_MAX_ACC_MENS', 'PRECIPITAÇÃO_MAX_MENS', 'PRECIPITAÇÃO_ACC_MENS', 'DIA_DA_SEMANA_seg', 'MÊS_abr', 'MÊS_ago', 'MÊS_jan', 'MÊS_jul', 'MÊS_jun', 'MÊS_nov', 'ANO_2021', 'ANO_2022', 'ANO_2023', 'ANO_2024', 'ANO_2017', 'ANO_2019', 'ANO_2020', 'CAMPUS_ASSIS CHATEAUBRIAND', 'CAMPUS_CAMPO LARGO', 'CAMPUS_CASCAVEL', 'CAMPUS_CURITIBA', 'CAMPUS_IRATI', 'CAMPUS_IVAIPORÃ', 'CAMPUS_JACAREZINHO', 'CAMPUS_JAGUARIAÍVA', 'CAMPUS_LONDRINA - CENTRO', 'CAMPUS_PARANAVAÍ', 'CAMPUS_PINHAIS', 'CAMPUS_UMUARAMA', 'CAMPUS_UNIÃO DA VITÓRIA', 'CURSOS_TEC_CONCOMITANTE', 'CURSOS_TEC_INTEGRADO', 'CURSOS_TEC_SUBSEQUENTE', 'CURSOS_GRAD_NOTURNO', 'FÉRIAS', 'FERIADO', 'ORDEM', 'LAG_01', 'LAG_02', 'LAG_03', 'LAG_04', 'LAG_06', 'LAG_09');0.28234
('TEMP_MIN_MÉD_MENS', 'TEMP_MÉD_MIN_MENS', 'TEMP_MÉD_MÉD_MENS', 'TEMP_MAX_MÉD_MENS', 'PRECIPITAÇÃO_MÉD_MENS', 'TEMP_MIN_MIN_MENS', 'TEMP_MIN_MAX_MENS', 'TEMP_MAX_MIN_MENS', 'PRECIPITAÇÃO_MIN_MENS', 'TEMP_MAX_MAX_MENS', 'TEMP_MAX_ACC_MENS', 'PRECIPITAÇÃO_ACC_MENS', 'DIA_DA_SEMANA_qui', 'DIA_DA_SEMANA_seg', 'DIA_DA_SEMANA_sex', 'DIA_DA_SEMANA_ter', 'MÊS_dez', 'MÊS_fev', 'MÊS_jul', 'MÊS_jun', 'MÊS_mar', 'MÊS_set', 'ANO_2021', 'ANO_2022', 'ANO_2024', 'ANO_2017', 'ANO_2018', 'ANO_2020', 'CAMPUS_ASSIS CHATEAUBRIAND', 'CAMPUS_ASTORGA', 'CAMPUS_CAMPO LARGO', 'CAMPUS_FOZ DO IGUAÇU', 'CAMPUS_PALMAS', 'CAMPUS_PARANAGUÁ', 'CAMPUS_PARANAVAÍ', 'CAMPUS_QUEDAS DO IGUAÇU', 'CAMPUS_TELÊMACO BORBA', 'CAMPUS_UNIÃO DA VITÓRIA', 'CURSOS_TEC_CONCOMITANTE', 'CURSOS_TEC_INTEGRADO', 'CURSOS_TEC_SUBSEQUENTE', 'CURSOS_GRAD_VESPERTINO', 'CURSOS_GRAD_NOTURNO', 'FÉRIAS', 'COVID', 'GREVE', 'ORDEM', 'LAG_02', 'LAG_04', 'LAG_05', 'LAG_06', 'LAG_07', 'LAG_08', 'LAG_10', 'LAG_11', 'LAG_12');0.28236
('TEMP_MÉD_MIN_MENS', 'TEMP_MÉD_MÉD_MENS', 'TEMP_MÉD_MAX_MENS', 'TEMP_MÉD_ACC_MENS', 'TEMP_MAX_MÉD_MENS', 'PRECIPITAÇÃO_MÉD_MENS', 'TEMP_MIN_MIN_MENS', 'TEMP_MIN_MAX_MENS', 'PRECIPITAÇÃO_MIN_MENS', 'TEMP_MAX_MAX_MENS', 'TEMP_MAX_ACC_MENS', 'PRECIPITAÇÃO_ACC_MENS', 'DIA_DA_SEMANA_dom', 'DIA_DA_SEMANA_seg', 'DIA_DA_SEMANA_sex', 'MÊS_fev', 'MÊS_jan', 'MÊS_mai', 'MÊS_nov', 'ANO_2022', 'ANO_2024', 'ANO_2015', 'ANO_2017', 'ANO_2018', 'ANO_2019', 'CAMPUS_ASSIS CHATEAUBRIAND', 'CAMPUS_ASTORGA', 'CAMPUS_BARRACÃO', 'CAMPUS_CAMPO LARGO', 'CAMPUS_CAPANEMA', 'CAMPUS_CASCAVEL', 'CAMPUS_CORONEL VIVIDA', 'CAMPUS_FOZ DO IGUAÇU', 'CAMPUS_IRATI', 'CAMPUS_JACAREZINHO', 'CAMPUS_JAGUARIAÍVA', 'CAMPUS_PALMAS', 'CAMPUS_PARANAGUÁ', 'CAMPUS_PARANAVAÍ', 'CAMPUS_PITANGA', 'CAMPUS_UNIÃO DA VITÓRIA', 'CURSOS_GRAD_VESPERTINO', 'CURSOS_GRAD_NOTURNO', 'CURSOS_POS', 'FÉRIAS', 'COVID', 'ORDEM', 'LAG_01', 'LAG_03', 'LAG_04', 'LAG_05', 'LAG_07', 'LAG_08', 'LAG_10', 'LAG_12');0.28239
('TEMP_MÉD_MIN_MENS', 'TEMP_MÉD_MÉD_MENS', 'TEMP_MÉD_MAX_MENS', 'TEMP_MÉD_ACC_MENS', 'TEMP_MAX_MÉD_MENS', 'TEMP_MIN_MAX_MENS', 'PRECIPITAÇÃO_MIN_MENS', 'TEMP_MAX_ACC_MENS', 'PRECIPITAÇÃO_ACC_MENS', 'DIA_DA_SEMANA_dom', 'DIA_DA_SEMANA_qui', 'DIA_DA_SEMANA_seg', 'DIA_DA_SEMANA_sáb', 'MÊS_ago', 'MÊS_fev', 'MÊS_jan', 'MÊS_jul', 'MÊS_jun', 'MÊS_mai', 'MÊS_nov', 'MÊS_out', 'ANO_2022', 'ANO_2023', 'ANO_2024', 'ANO_2016', 'ANO_2018', 'ANO_2020', 'CAMPUS_BARRACÃO', 'CAMPUS_CASCAVEL', 'CAMPUS_CORONEL VIVIDA', 'CAMPUS_FOZ DO IGUAÇU', 'CAMPUS_IRATI', 'CAMPUS_IVAIPORÃ', 'CAMPUS_LONDRINA - CENTRO', 'CAMPUS_PALMAS', 'CAMPUS_PARANAGUÁ', 'CAMPUS_PARANAVAÍ', 'CAMPUS_PITANGA', 'CAMPUS_QUEDAS DO IGUAÇU', 'CAMPUS_UMUARAMA', 'CURSOS_TEC_CONCOMITANTE', 'CURSOS_TEC_INTEGRADO', 'CURSOS_TEC_SUBSEQUENTE', 'CURSOS_GRAD_VESPERTINO', 'CURSOS_GRAD_NOTURNO', 'FÉRIAS', 'COVID', 'GREVE', 'ORDEM', 'LAG_01', 'LAG_02', 'LAG_04', 'LAG_05', 'LAG_07', 'LAG_09', 'LAG_10', 'LAG_11', 'LAG_12');0.28255
('TEMP_MIN_MÉD_MENS', 'TEMP_MÉD_MIN_MENS', 'TEMP_MÉD_MÉD_MENS', 'TEMP_MÉD_ACC_MENS', 'TEMP_MAX_MÉD_MENS', 'TEMP_MIN_MIN_MENS', 'TEMP_MIN_MAX_MENS', 'TEMP_MIN_ACC_MENS', 'PRECIPITAÇÃO_MIN_MENS', 'TEMP_MAX_MAX_MENS', 'PRECIPITAÇÃO_MAX_MENS', 'PRECIPITAÇÃO_ACC_MENS', 'DIA_DA_SEMANA_dom', 'DIA_DA_SEMANA_qui', 'DIA_DA_SEMANA_ter', 'MÊS_abr', 'MÊS_ago', 'MÊS_fev', 'MÊS_jan', 'MÊS_jul', 'MÊS_jun', 'MÊS_mar', 'MÊS_out', 'ANO_2022', 'ANO_2023', 'ANO_2016', 'ANO_2018', 'ANO_2019', 'CAMPUS_ASSIS CHATEAUBRIAND', 'CAMPUS_CASCAVEL', 'CAMPUS_CORONEL VIVIDA', 'CAMPUS_CURITIBA', 'CAMPUS_FOZ DO IGUAÇU', 'CAMPUS_GOIOERÊ', 'CAMPUS_IRATI', 'CAMPUS_IVAIPORÃ', 'CAMPUS_JACAREZINHO', 'CAMPUS_JAGUARIAÍVA', 'CAMPUS_PALMAS', 'CAMPUS_PARANAGUÁ', 'CAMPUS_PARANAVAÍ', 'CAMPUS_PITANGA', 'CAMPUS_QUEDAS DO IGUAÇU', 'CAMPUS_TELÊMACO BORBA', 'CAMPUS_UMUARAMA', 'CURSOS_TEC_CONCOMITANTE', 'CURSOS_GRAD_MATUTINO', 'CURSOS_GRAD_VESPERTINO', 'CURSOS_GRAD_NOTURNO', 'FÉRIAS', 'COVID', 'GREVE', 'ORDEM', 'LAG_04', 'LAG_05', 'LAG_06', 'LAG_10', 'LAG_11');0.28267
('TEMP_MIN_MÉD_MENS', 'TEMP_MÉD_MAX_MENS', 'TEMP_MAX_MÉD_MENS', 'PRECIPITAÇÃO_MÉD_MENS', 'TEMP_MIN_MAX_MENS', 'TEMP_MIN_ACC_MENS', 'TEMP_MAX_MAX_MENS', 'PRECIPITAÇÃO_MAX_MENS', 'PRECIPITAÇÃO_ACC_MENS', 'DIA_DA_SEMANA_dom', 'DIA_DA_SEMANA_seg', 'MÊS_ago', 'MÊS_dez', 'MÊS_fev', 'MÊS_jan', 'MÊS_mai', 'MÊS_nov', 'MÊS_out', 'MÊS_set', 'ANO_2024', 'ANO_2016', 'ANO_2017', 'ANO_2019', 'ANO_2020', 'CAMPUS_ASSIS CHATEAUBRIAND', 'CAMPUS_ASTORGA', 'CAMPUS_CAMPO LARGO', 'CAMPUS_CURITIBA', 'CAMPUS_FOZ DO IGUAÇU', 'CAMPUS_GOIOERÊ', 'CAMPUS_IRATI', 'CAMPUS_IVAIPORÃ', 'CAMPUS_JACAREZINHO', 'CAMPUS_PARANAGUÁ', 'CAMPUS_PARANAVAÍ', 'CAMPUS_PINHAIS', 'CAMPUS_PITANGA', 'CAMPUS_QUEDAS DO IGUAÇU', 'CAMPUS_UMUARAMA', 'CURSOS_TEC_CONCOMITANTE', 'CURSOS_TEC_INTEGRADO', 'CURSOS_TEC_SUBSEQUENTE', 'CURSOS_GRAD_NOTURNO', 'FÉRIAS', 'FERIADO', 'COVID', 'ORDEM', 'LAG_01', 'LAG_02', 'LAG_03', 'LAG_04', 'LAG_05', 'LAG_09', 'LAG_12');0.28276
('TEMP_MIN_MÉD_MENS', 'TEMP_MÉD_MIN_MENS', 'TEMP_MAX_MÉD_MENS', 'PRECIPITAÇÃO_MÉD_MENS', 'TEMP_MIN_ACC_MENS', 'TEMP_MAX_MIN_MENS', 'PRECIPITAÇÃO_MIN_MENS', 'TEMP_MAX_MAX_MENS', 'TEMP_MAX_ACC_MENS', 'PRECIPITAÇÃO_MAX_MENS', 'DIA_DA_SEMANA_dom', 'DIA_DA_SEMANA_qua', 'DIA_DA_SEMANA_qui', 'DIA_DA_SEMANA_ter', 'MÊS_abr', 'MÊS_dez', 'MÊS_jul', 'MÊS_out', 'MÊS_set', 'ANO_2021', 'ANO_2022', 'ANO_2024', 'ANO_2015', 'ANO_2017', 'ANO_2018', 'ANO_2020', 'CAMPUS_BARRACÃO', 'CAMPUS_CAPANEMA', 'CAMPUS_CASCAVEL', 'CAMPUS_CURITIBA', 'CAMPUS_LONDRINA - CENTRO', 'CAMPUS_PARANAVAÍ', 'CAMPUS_PINHAIS', 'CAMPUS_QUEDAS DO IGUAÇU', 'CAMPUS_UMUARAMA', 'CAMPUS_UNIÃO DA VITÓRIA', 'CURSOS_TEC_INTEGRADO', 'CURSOS_TEC_SUBSEQUENTE', 'CURSOS_GRAD_MATUTINO', 'CURSOS_GRAD_VESPERTINO', 'CURSOS_GRAD_NOTURNO', 'CURSOS_POS', 'FÉRIAS', 'FERIADO', 'COVID', 'GREVE', 'LAG_01', 'LAG_03', 'LAG_06', 'LAG_07', 'LAG_09', 'LAG_11');0.28287
('TEMP_MIN_MÉD_MENS', 'TEMP_MÉD_ACC_MENS', 'TEMP_MAX_MÉD_MENS', 'TEMP_MIN_MIN_MENS', 'TEMP_MAX_MAX_MENS', 'TEMP_MAX_ACC_MENS', 'PRECIPITAÇÃO_ACC_MENS', 'DIA_DA_SEMANA_dom', 'DIA_DA_SEMANA_qua', 'DIA_DA_SEMANA_qui', 'DIA_DA_SEMANA_seg', 'DIA_DA_SEMANA_sáb', 'DIA_DA_SEMANA_ter', 'MÊS_abr', 'MÊS_ago', 'MÊS_dez', 'MÊS_fev', 'MÊS_jun', 'MÊS_mai', 'MÊS_mar', 'MÊS_nov', 'MÊS_out', 'MÊS_set', 'ANO_2021', 'ANO_2023', 'ANO_2024', 'ANO_2015', 'ANO_2016', 'ANO_2018', 'ANO_2019', 'ANO_2020', 'CAMPUS_ASTORGA', 'CAMPUS_CAMPO LARGO', 'CAMPUS_CAPANEMA', 'CAMPUS_CORONEL VIVIDA', 'CAMPUS_FOZ DO IGUAÇU', 'CAMPUS_GOIOERÊ', 'CAMPUS_IRATI', 'CAMPUS_IVAIPORÃ', 'CAMPUS_LONDRINA - CENTRO', 'CAMPUS_PALMAS', 'CAMPUS_PARANAGUÁ', 'CAMPUS_PARANAVAÍ', 'CAMPUS_PITANGA', 'CAMPUS_QUEDAS DO IGUAÇU', 'CAMPUS_TELÊMACO BORBA', 'CAMPUS_UMUARAMA', 'CURSOS_TEC_CONCOMITANTE', 'CURSOS_TEC_INTEGRADO', 'CURSOS_TEC_SUBSEQUENTE', 'CURSOS_GRAD_VESPERTINO', 'CURSOS_GRAD_NOTURNO', 'CURSOS_POS', 'FÉRIAS', 'FERIADO', 'GREVE', 'LAG_01', 'LAG_02', 'LAG_05', 'LAG_06', 'LAG_09', 'LAG_10');0.28289
('TEMP_MIN_MÉD_MENS', 'PRECIPITAÇÃO_MÉD_MENS', 'TEMP_MIN_MIN_MENS', 'TEMP_MIN_MAX_MENS', 'TEMP_MIN_ACC_MENS', 'PRECIPITAÇÃO_MIN_MENS', 'TEMP_MAX_MAX_MENS', 'TEMP_MAX_ACC_MENS', 'PRECIPITAÇÃO_MAX_MENS', 'DIA_DA_SEMANA_seg', 'DIA_DA_SEMANA_sex', 'DIA_DA_SEMANA_sáb', 'DIA_DA_SEMANA_ter', 'MÊS_abr', 'MÊS_fev', 'MÊS_jul', 'MÊS_jun', 'MÊS_mar', 'MÊS_nov', 'MÊS_set', 'ANO_2021', 'ANO_2024', 'ANO_2015', 'ANO_2016', 'ANO_2017', 'ANO_2018', 'ANO_2019', 'CAMPUS_ASSIS CHATEAUBRIAND', 'CAMPUS_BARRACÃO', 'CAMPUS_CAPANEMA', 'CAMPUS_CURITIBA', 'CAMPUS_FOZ DO IGUAÇU', 'CAMPUS_GOIOERÊ', 'CAMPUS_IVAIPORÃ', 'CAMPUS_LONDRINA - CENTRO', 'CAMPUS_PALMAS', 'CAMPUS_PINHAIS', 'CAMPUS_PITANGA', 'CAMPUS_QUEDAS DO IGUAÇU', 'CAMPUS_UMUARAMA', 'CURSOS_TEC_INTEGRADO', 'CURSOS_TEC_SUBSEQUENTE', 'CURSOS_GRAD_VESPERTINO', 'CURSOS_POS', 'FÉRIAS', 'COVID', 'GREVE', 'ORDEM', 'LAG_01', 'LAG_02', 'LAG_03', 'LAG_04', 'LAG_05', 'LAG_06', 'LAG_07', 'LAG_08', 'LAG_10', 'LAG_12');0.28305
('TEMP_MIN_MÉD_MENS', 'TEMP_MÉD_MÉD_MENS', 'TEMP_MÉD_MAX_MENS', 'TEMP_MÉD_ACC_MENS', 'PRECIPITAÇÃO_MÉD_MENS', 'TEMP_MIN_MIN_MENS', 'TEMP_MIN_MAX_MENS', 'TEMP_MIN_ACC_MENS', 'PRECIPITAÇÃO_MIN_MENS', 'PRECIPITAÇÃO_MAX_MENS', 'PRECIPITAÇÃO_ACC_MENS', 'DIA_DA_SEMANA_sáb', 'MÊS_abr', 'MÊS_ago', 'MÊS_dez', 'MÊS_jan', 'MÊS_jul', 'MÊS_mai', 'MÊS_mar', 'MÊS_set', 'ANO_2021', 'ANO_2023', 'ANO_2024', 'ANO_2015', 'ANO_2016', 'ANO_2017', 'ANO_2020', 'CAMPUS_ASTORGA', 'CAMPUS_BARRACÃO', 'CAMPUS_CAPANEMA', 'CAMPUS_CASCAVEL', 'CAMPUS_CORONEL VIVIDA', 'CAMPUS_CURITIBA', 'CAMPUS_FOZ DO IGUAÇU', 'CAMPUS_IRATI', 'CAMPUS_JACAREZINHO', 'CAMPUS_JAGUARIAÍVA', 'CAMPUS_LONDRINA - CENTRO', 'CAMPUS_PARANAGUÁ', 'CAMPUS_PARANAVAÍ', 'CAMPUS_PINHAIS', 'CAMPUS_PITANGA', 'CAMPUS_QUEDAS DO IGUAÇU', 'CAMPUS_TELÊMACO BORBA', 'CURSOS_TEC_CONCOMITANTE', 'CURSOS_GRAD_VESPERTINO', 'CURSOS_POS', 'FÉRIAS', 'FERIADO', 'COVID', 'LAG_01', 'LAG_02', 'LAG_03', 'LAG_06', 'LAG_08', 'LAG_09', 'LAG_10', 'LAG_11');0.28335
('TEMP_MIN_MÉD_MENS', 'TEMP_MÉD_MAX_MENS', 'TEMP_MÉD_ACC_MENS', 'TEMP_MIN_MIN_MENS', 'TEMP_MIN_MAX_MENS', 'TEMP_MIN_ACC_MENS', 'TEMP_MAX_MIN_MENS', 'PRECIPITAÇÃO_MIN_MENS', 'TEMP_MAX_ACC_MENS', 'PRECIPITAÇÃO_MAX_MENS', 'DIA_DA_SEMANA_dom', 'DIA_DA_SEMANA_qui', 'DIA_DA_SEMANA_sex', 'MÊS_abr', 'MÊS_jul', 'MÊS_jun', 'MÊS_mai', 'MÊS_nov', 'MÊS_set', 'ANO_2024', 'ANO_2016', 'ANO_2019', 'ANO_2020', 'CAMPUS_ASSIS CHATEAUBRIAND', 'CAMPUS_ASTORGA', 'CAMPUS_BARRACÃO', 'CAMPUS_CASCAVEL', 'CAMPUS_CORONEL VIVIDA', 'CAMPUS_GOIOERÊ', 'CAMPUS_IRATI', 'CAMPUS_LONDRINA - CENTRO', 'CAMPUS_PARANAGUÁ', 'CAMPUS_PINHAIS', 'CAMPUS_TELÊMACO BORBA', 'CAMPUS_UNIÃO DA VITÓRIA', 'CURSOS_GRAD_MATUTINO', 'CURSOS_GRAD_VESPERTINO', 'CURSOS_GRAD_NOTURNO', 'CURSOS_POS', 'FÉRIAS', 'COVID', 'GREVE', 'ORDEM', 'LAG_01', 'LAG_03', 'LAG_06', 'LAG_08', 'LAG_10', 'LAG_12');0.28337
('TEMP_MIN_MÉD_MENS', 'TEMP_MÉD_MÉD_MENS', 'TEMP_MÉD_ACC_MENS', 'TEMP_MAX_MÉD_MENS', 'TEMP_MIN_MIN_MENS', 'TEMP_MAX_MIN_MENS', 'PRECIPITAÇÃO_MIN_MENS', 'PRECIPITAÇÃO_ACC_MENS', 'DIA_DA_SEMANA_dom', 'DIA_DA_SEMANA_qua', 'DIA_DA_SEMANA_qui', 'DIA_DA_SEMANA_seg', 'DIA_DA_SEMANA_sex', 'DIA_DA_SEMANA_ter', 'MÊS_abr', 'MÊS_dez', 'MÊS_fev', 'MÊS_mai', 'MÊS_mar', 'MÊS_out', 'MÊS_set', 'ANO_2021', 'ANO_2022', 'ANO_2023', 'ANO_2024', 'ANO_2016', 'ANO_2017', 'ANO_2019', 'CAMPUS_BARRACÃO', 'CAMPUS_CORONEL VIVIDA', 'CAMPUS_GOIOERÊ', 'CAMPUS_IRATI', 'CAMPUS_IVAIPORÃ', 'CAMPUS_JAGUARIAÍVA', 'CAMPUS_LONDRINA - CENTRO', 'CAMPUS_PALMAS', 'CAMPUS_PARANAVAÍ', 'CAMPUS_PINHAIS', 'CAMPUS_QUEDAS DO IGUAÇU', 'CAMPUS_TELÊMACO BORBA', 'CAMPUS_UMUARAMA', 'CURSOS_TEC_INTEGRADO', 'CURSOS_TEC_SUBSEQUENTE', 'CURSOS_GRAD_MATUTINO', 'CURSOS_GRAD_VESPERTINO', 'CURSOS_GRAD_NOTURNO', 'CURSOS_POS', 'FÉRIAS', 'COVID', 'ORDEM', 'LAG_04', 'LAG_05', 'LAG_06', 'LAG_08', 'LAG_10');0.28352
('TEMP_MIN_MÉD_MENS', 'TEMP_MÉD_MIN_MENS', 'TEMP_MÉD_MAX_MENS', 'TEMP_MIN_MIN_MENS', 'TEMP_MIN_ACC_MENS', 'PRECIPITAÇÃO_ACC_MENS', 'DIA_DA_SEMANA_dom', 'DIA_DA_SEMANA_qua', 'DIA_DA_SEMANA_seg', 'DIA_DA_SEMANA_sex', 'DIA_DA_SEMANA_sáb', 'DIA_DA_SEMANA_ter', 'MÊS_ago', 'MÊS_jul', 'MÊS_mai', 'MÊS_mar', 'MÊS_out', 'MÊS_set', 'ANO_2021', 'ANO_2022', 'ANO_2015', 'ANO_2017', 'ANO_2019', 'CAMPUS_BARRACÃO', 'CAMPUS_CAMPO LARGO', 'CAMPUS_CAPANEMA', 'CAMPUS_CORONEL VIVIDA', 'CAMPUS_GOIOERÊ', 'CAMPUS_IVAIPORÃ', 'CAMPUS_JAGUARIAÍVA', 'CAMPUS_PALMAS', 'CAMPUS_PARANAGUÁ', 'CAMPUS_PINHAIS', 'CAMPUS_PITANGA', 'CAMPUS_TELÊMACO BORBA', 'CAMPUS_UMUARAMA', 'CURSOS_GRAD_MATUTINO', 'CURSOS_GRAD_NOTURNO', 'CURSOS_POS', 'FÉRIAS', 'FERIADO', 'COVID', 'ORDEM', 'LAG_01', 'LAG_03', 'LAG_04', 'LAG_09', 'LAG_10');0.28354
('TEMP_MIN_MÉD_MENS', 'TEMP_MÉD_MÉD_MENS', 'TEMP_MIN_MIN_MENS', 'TEMP_MIN_MAX_MENS', 'TEMP_MAX_ACC_MENS', 'PRECIPITAÇÃO_MAX_MENS', 'PRECIPITAÇÃO_ACC_MENS', 'DIA_DA_SEMANA_qua', 'DIA_DA_SEMANA_qui', 'DIA_DA_SEMANA_seg', 'DIA_DA_SEMANA_sex', 'DIA_DA_SEMANA_sáb', 'DIA_DA_SEMANA_ter', 'MÊS_abr', 'MÊS_ago', 'MÊS_dez', 'MÊS_jan', 'MÊS_jul', 'MÊS_mai', 'MÊS_mar', 'MÊS_nov', 'ANO_2021', 'ANO_2023', 'ANO_2024', 'ANO_2015', 'ANO_2019', 'CAMPUS_ASSIS CHATEAUBRIAND', 'CAMPUS_ASTORGA', 'CAMPUS_BARRACÃO', 'CAMPUS_CAMPO LARGO', 'CAMPUS_CAPANEMA', 'CAMPUS_CASCAVEL', 'CAMPUS_CORONEL VIVIDA', 'CAMPUS_FOZ DO IGUAÇU', 'CAMPUS_JACAREZINHO', 'CAMPUS_LONDRINA - CENTRO', 'CAMPUS_PALMAS', 'CAMPUS_PARANAGUÁ', 'CAMPUS_PARANAVAÍ', 'CAMPUS_PINHAIS', 'CAMPUS_QUEDAS DO IGUAÇU', 'CAMPUS_UMUARAMA', 'CURSOS_TEC_CONCOMITANTE', 'CURSOS_TEC_INTEGRADO', 'CURSOS_GRAD_VESPERTINO', 'CURSOS_POS', 'FÉRIAS', 'FERIADO', 'COVID', 'LAG_01', 'LAG_04', 'LAG_07', 'LAG_11');0.28356
('TEMP_MÉD_MAX_MENS', 'TEMP_MAX_MÉD_MENS', 'PRECIPITAÇÃO_MÉD_MENS', 'TEMP_MIN_MIN_MENS', 'TEMP_MIN_MAX_MENS', 'TEMP_MAX_MIN_MENS', 'PRECIPITAÇÃO_MIN_MENS', 'TEMP_MAX_ACC_MENS', 'PRECIPITAÇÃO_ACC_MENS', 'DIA_DA_SEMANA_qua', 'DIA_DA_SEMANA_sex', 'DIA_DA_SEMANA_ter', 'MÊS_ago', 'MÊS_jan', 'MÊS_jun', 'MÊS_mai', 'MÊS_set', 'ANO_2022', 'ANO_2023', 'ANO_2024', 'ANO_2015', 'ANO_2017', 'CAMPUS_ASSIS CHATEAUBRIAND', 'CAMPUS_ASTORGA', 'CAMPUS_BARRACÃO', 'CAMPUS_CAPANEMA', 'CAMPUS_CORONEL VIVIDA', 'CAMPUS_IRATI', 'CAMPUS_IVAIPORÃ', 'CAMPUS_JAGUARIAÍVA', 'CAMPUS_LONDRINA - CENTRO', 'CAMPUS_PALMAS', 'CAMPUS_PINHAIS', 'CAMPUS_PITANGA', 'CAMPUS_UNIÃO DA VITÓRIA', 'CURSOS_TEC_CONCOMITANTE', 'CURSOS_GRAD_MATUTINO', 'CURSOS_GRAD_VESPERTINO', 'CURSOS_GRAD_NOTURNO', 'CURSOS_POS', 'FÉRIAS', 'FERIADO', 'COVID', 'GREVE', 'LAG_01', 'LAG_09', 'LAG_11', 'LAG_12');0.28357
('TEMP_MIN_MÉD_MENS', 'TEMP_MÉD_MIN_MENS', 'TEMP_MÉD_MÉD_MENS', 'TEMP_MÉD_MAX_MENS', 'TEMP_MÉD_ACC_MENS', 'TEMP_MIN_MIN_MENS', 'PRECIPITAÇÃO_MIN_MENS', 'TEMP_MAX_MAX_MENS', 'TEMP_MAX_ACC_MENS', 'PRECIPITAÇÃO_MAX_MENS', 'DIA_DA_SEMANA_qua', 'DIA_DA_SEMANA_sex', 'DIA_DA_SEMANA_ter', 'MÊS_ago', 'MÊS_dez', 'MÊS_jan', 'MÊS_mar', 'MÊS_out', 'ANO_2015', 'ANO_2017', 'ANO_2018', 'ANO_2020', 'CAMPUS_ASSIS CHATEAUBRIAND', 'CAMPUS_CAPANEMA', 'CAMPUS_CASCAVEL', 'CAMPUS_CORONEL VIVIDA', 'CAMPUS_GOIOERÊ', 'CAMPUS_IRATI', 'CAMPUS_JAGUARIAÍVA', 'CAMPUS_PALMAS', 'CAMPUS_PARANAGUÁ', 'CAMPUS_PINHAIS', 'CAMPUS_PITANGA', 'CAMPUS_QUEDAS DO IGUAÇU', 'CAMPUS_TELÊMACO BORBA', 'CAMPUS_UNIÃO DA VITÓRIA', 'CURSOS_TEC_INTEGRADO', 'CURSOS_GRAD_VESPERTINO', 'FÉRIAS', 'FERIADO', 'COVID', 'GREVE', 'LAG_01', 'LAG_05', 'LAG_06', 'LAG_08', 'LAG_09', 'LAG_11');0.28362
('TEMP_MIN_MÉD_MENS', 'TEMP_MÉD_MÉD_MENS', 'TEMP_MAX_MÉD_MENS', 'TEMP_MIN_MAX_MENS', 'TEMP_MIN_ACC_MENS', 'PRECIPITAÇÃO_MIN_MENS', 'PRECIPITAÇÃO_MAX_MENS', 'PRECIPITAÇÃO_ACC_MENS', 'DIA_DA_SEMANA_dom', 'DIA_DA_SEMANA_qua', 'DIA_DA_SEMANA_seg', 'DIA_DA_SEMANA_ter', 'MÊS_ago', 'MÊS_dez', 'MÊS_jan', 'MÊS_jul', 'MÊS_nov', 'MÊS_out', 'ANO_2021', 'ANO_2023', 'ANO_2024', 'ANO_2017', 'ANO_2018', 'ANO_2020', 'CAMPUS_ASSIS CHATEAUBRIAND', 'CAMPUS_BARRACÃO', 'CAMPUS_CAMPO LARGO', 'CAMPUS_CORONEL VIVIDA', 'CAMPUS_CURITIBA', 'CAMPUS_FOZ DO IGUAÇU', 'CAMPUS_GOIOERÊ', 'CAMPUS_IVAIPORÃ', 'CAMPUS_JACAREZINHO', 'CAMPUS_JAGUARIAÍVA', 'CAMPUS_PALMAS', 'CAMPUS_PINHAIS', 'CAMPUS_PITANGA', 'CAMPUS_UNIÃO DA VITÓRIA', 'CURSOS_GRAD_VESPERTINO', 'CURSOS_POS', 'FÉRIAS', 'COVID', 'GREVE', 'ORDEM', 'LAG_01', 'LAG_08', 'LAG_10', 'LAG_12');0.28363
('TEMP_MIN_MÉD_MENS', 'TEMP_MÉD_MIN_MENS', 'TEMP_MÉD_MAX_MENS', 'TEMP_MAX_MÉD_MENS', 'PRECIPITAÇÃO_MÉD_MENS', 'TEMP_MIN_MAX_MENS', 'TEMP_MAX_MIN_MENS', 'PRECIPITAÇÃO_MIN_MENS', 'TEMP_MAX_ACC_MENS', 'PRECIPITAÇÃO_ACC_MENS', 'DIA_DA_SEMANA_dom', 'DIA_DA_SEMANA_qui', 'DIA_DA_SEMANA_sáb', 'MÊS_dez', 'MÊS_jan', 'MÊS_jul', 'MÊS_jun', 'MÊS_mar', 'MÊS_nov', 'ANO_2021', 'ANO_2022', 'ANO_2015', 'ANO_2017', 'ANO_2019', 'ANO_2020', 'CAMPUS_ASTORGA', 'CAMPUS_CAMPO LARGO', 'CAMPUS_CASCAVEL', 'CAMPUS_CORONEL VIVIDA', 'CAMPUS_FOZ DO IGUAÇU', 'CAMPUS_GOIOERÊ', 'CAMPUS_JAGUARIAÍVA', 'CAMPUS_LONDRINA - CENTRO', 'CAMPUS_PALMAS', 'CAMPUS_PARANAGUÁ', 'CAMPUS_PARANAVAÍ', 'CAMPUS_PITANGA', 'CAMPUS_QUEDAS DO IGUAÇU', 'CAMPUS_UMUARAMA', 'CAMPUS_UNIÃO DA VITÓRIA', 'CURSOS_TEC_CONCOMITANTE', 'CURSOS_GRAD_MATUTINO', 'FÉRIAS', 'COVID', 'GREVE', 'LAG_01', 'LAG_02', 'LAG_03', 'LAG_04', 'LAG_05', 'LAG_06', 'LAG_08', 'LAG_09', 'LAG_10', 'LAG_11', 'LAG_12');0.28363
('TEMP_MÉD_MIN_MENS', 'TEMP_MÉD_MÉD_MENS', 'TEMP_MÉD_MAX_MENS', 'TEMP_MIN_MIN_MENS', 'TEMP_MIN_ACC_MENS', 'TEMP_MAX_MIN_MENS', 'PRECIPITAÇÃO_MIN_MENS', 'TEMP_MAX_MAX_MENS', 'PRECIPITAÇÃO_MAX_MENS', 'PRECIPITAÇÃO_ACC_MENS', 'DIA_DA_SEMANA_dom', 'DIA_DA_SEMANA_qua', 'DIA_DA_SEMANA_seg', 'DIA_DA_SEMANA_ter', 'MÊS_ago', 'MÊS_fev', 'MÊS_jul', 'MÊS_jun', 'MÊS_mai', 'MÊS_nov', 'MÊS_set', 'ANO_2021', 'ANO_2022', 'ANO_2023', 'ANO_2024', 'ANO_2015', 'ANO_2016', 'ANO_2019', 'CAMPUS_ASTORGA', 'CAMPUS_BARRACÃO', 'CAMPUS_CAMPO LARGO', 'CAMPUS_CASCAVEL', 'CAMPUS_GOIOERÊ', 'CAMPUS_JACAREZINHO', 'CAMPUS_JAGUARIAÍVA', 'CAMPUS_LONDRINA - CENTRO', 'CAMPUS_PALMAS', 'CAMPUS_PARANAVAÍ', 'CAMPUS_PINHAIS', 'CAMPUS_QUEDAS DO IGUAÇU', 'CAMPUS_UMUARAMA', 'CURSOS_TEC_CONCOMITANTE', 'CURSOS_TEC_INTEGRADO', 'CURSOS_GRAD_MATUTINO', 'CURSOS_GRAD_NOTURNO', 'FÉRIAS', 'FERIADO', 'COVID', 'ORDEM', 'LAG_02', 'LAG_04', 'LAG_05', 'LAG_06', 'LAG_07', 'LAG_08', 'LAG_09', 'LAG_10', 'LAG_11', 'LAG_12');0.28376
('TEMP_MIN_MÉD_MENS', 'TEMP_MÉD_MAX_MENS', 'TEMP_MÉD_ACC_MENS', 'PRECIPITAÇÃO_MÉD_MENS', 'TEMP_MIN_MIN_MENS', 'PRECIPITAÇÃO_MIN_MENS', 'TEMP_MAX_MAX_MENS', 'TEMP_MAX_ACC_MENS', 'PRECIPITAÇÃO_MAX_MENS', 'DIA_DA_SEMANA_qua', 'DIA_DA_SEMANA_qui', 'DIA_DA_SEMANA_seg', 'DIA_DA_SEMANA_sáb', 'MÊS_dez', 'MÊS_fev', 'MÊS_jan', 'MÊS_nov', 'MÊS_set', 'ANO_2021', 'ANO_2022', 'ANO_2023', 'ANO_2015', 'ANO_2018', 'ANO_2019', 'ANO_2020', 'CAMPUS_BARRACÃO', 'CAMPUS_CAPANEMA', 'CAMPUS_CURITIBA', 'CAMPUS_JAGUARIAÍVA', 'CAMPUS_LONDRINA - CENTRO', 'CAMPUS_PARANAVAÍ', 'CAMPUS_PITANGA', 'CAMPUS_QUEDAS DO IGUAÇU', 'CAMPUS_TELÊMACO BORBA', 'CAMPUS_UNIÃO DA VITÓRIA', 'CURSOS_TEC_INTEGRADO', 'CURSOS_TEC_SUBSEQUENTE', 'CURSOS_GRAD_MATUTINO', 'CURSOS_GRAD_VESPERTINO', 'CURSOS_GRAD_NOTURNO', 'CURSOS_POS', 'FÉRIAS', 'FERIADO', 'COVID', 'GREVE', 'ORDEM', 'LAG_01', 'LAG_03', 'LAG_04', 'LAG_05', 'LAG_06', 'LAG_08', 'LAG_09', 'LAG_11');0.28382
('TEMP_MIN_MÉD_MENS', 'TEMP_MÉD_ACC_MENS', 'TEMP_MAX_MÉD_MENS', 'TEMP_MIN_MAX_MENS', 'TEMP_MIN_ACC_MENS', 'TEMP_MAX_MIN_MENS', 'PRECIPITAÇÃO_MIN_MENS', 'TEMP_MAX_MAX_MENS', 'TEMP_MAX_ACC_MENS', 'PRECIPITAÇÃO_MAX_MENS', 'PRECIPITAÇÃO_ACC_MENS', 'DIA_DA_SEMANA_seg', 'DIA_DA_SEMANA_sáb', 'DIA_DA_SEMANA_ter', 'MÊS_abr', 'MÊS_ago', 'MÊS_fev', 'MÊS_mai', 'MÊS_mar', 'MÊS_nov', 'MÊS_out', 'MÊS_set', 'ANO_2021', 'ANO_2023', 'ANO_2024', 'ANO_2015', 'ANO_2018', 'ANO_2019', 'ANO_2020', 'CAMPUS_ASTORGA', 'CAMPUS_BARRACÃO', 'CAMPUS_CAMPO LARGO', 'CAMPUS_CAPANEMA', 'CAMPUS_CORONEL VIVIDA', 'CAMPUS_FOZ DO IGUAÇU', 'CAMPUS_IRATI', 'CAMPUS_IVAIPORÃ', 'CAMPUS_JAGUARIAÍVA', 'CAMPUS_LONDRINA - CENTRO', 'CAMPUS_PARANAGUÁ', 'CAMPUS_PARANAVAÍ', 'CAMPUS_PITANGA', 'CAMPUS_QUEDAS DO IGUAÇU', 'CAMPUS_TELÊMACO BORBA', 'CAMPUS_UMUARAMA', 'CURSOS_TEC_CONCOMITANTE', 'CURSOS_TEC_SUBSEQUENTE', 'CURSOS_GRAD_NOTURNO', 'CURSOS_POS', 'FÉRIAS', 'COVID', 'LAG_03', 'LAG_04', 'LAG_05', 'LAG_06', 'LAG_09', 'LAG_10', 'LAG_11');0.28383
('TEMP_MÉD_MIN_MENS', 'TEMP_MÉD_MAX_MENS', 'TEMP_MIN_MAX_MENS', 'TEMP_MAX_ACC_MENS', 'PRECIPITAÇÃO_ACC_MENS', 'DIA_DA_SEMANA_dom', 'DIA_DA_SEMANA_seg', 'DIA_DA_SEMANA_sex', 'DIA_DA_SEMANA_sáb', 'DIA_DA_SEMANA_ter', 'MÊS_abr', 'MÊS_dez', 'MÊS_fev', 'MÊS_jan', 'MÊS_jun', 'ANO_2021', 'ANO_2022', 'ANO_2024', 'ANO_2015', 'ANO_2016', 'ANO_2017', 'ANO_2018', 'CAMPUS_ASSIS CHATEAUBRIAND', 'CAMPUS_ASTORGA', 'CAMPUS_BARRACÃO', 'CAMPUS_CAMPO LARGO', 'CAMPUS_CAPANEMA', 'CAMPUS_CURITIBA', 'CAMPUS_FOZ DO IGUAÇU', 'CAMPUS_IRATI', 'CAMPUS_IVAIPORÃ', 'CAMPUS_JAGUARIAÍVA', 'CAMPUS_PALMAS', 'CAMPUS_PARANAGUÁ', 'CAMPUS_PINHAIS', 'CAMPUS_PITANGA', 'CAMPUS_QUEDAS DO IGUAÇU', 'CAMPUS_UNIÃO DA VITÓRIA', 'CURSOS_TEC_CONCOMITANTE', 'CURSOS_TEC_INTEGRADO', 'CURSOS_GRAD_MATUTINO', 'CURSOS_GRAD_VESPERTINO', 'CURSOS_GRAD_NOTURNO', 'FÉRIAS', 'FERIADO', 'COVID', 'GREVE', 'ORDEM', 'LAG_03', 'LAG_05', 'LAG_10', 'LAG_11', 'LAG_12');0.28388
('TEMP_MÉD_MIN_MENS', 'TEMP_MÉD_MAX_MENS', 'TEMP_MÉD_ACC_MENS', 'TEMP_MAX_MÉD_MENS', 'PRECIPITAÇÃO_MÉD_MENS', 'TEMP_MIN_MAX_MENS', 'TEMP_MAX_MAX_MENS', 'TEMP_MAX_ACC_MENS', 'DIA_DA_SEMANA_dom', 'DIA_DA_SEMANA_qua', 'DIA_DA_SEMANA_qui', 'DIA_DA_SEMANA_sex', 'DIA_DA_SEMANA_sáb', 'DIA_DA_SEMANA_ter', 'MÊS_abr', 'MÊS_ago', 'MÊS_dez', 'MÊS_fev', 'MÊS_jan', 'MÊS_jul', 'MÊS_mar', 'MÊS_nov', 'MÊS_set', 'ANO_2021', 'ANO_2022', 'ANO_2015', 'ANO_2017', 'ANO_2018', 'ANO_2019', 'CAMPUS_ASSIS CHATEAUBRIAND', 'CAMPUS_ASTORGA', 'CAMPUS_BARRACÃO', 'CAMPUS_CAMPO LARGO', 'CAMPUS_CAPANEMA', 'CAMPUS_CASCAVEL', 'CAMPUS_CORONEL VIVIDA', 'CAMPUS_FOZ DO IGUAÇU', 'CAMPUS_IRATI', 'CAMPUS_IVAIPORÃ', 'CAMPUS_JAGUARIAÍVA', 'CAMPUS_LONDRINA - CENTRO', 'CAMPUS_PARANAGUÁ', 'CAMPUS_PARANAVAÍ', 'CAMPUS_PITANGA', 'CAMPUS_QUEDAS DO IGUAÇU', 'CAMPUS_UNIÃO DA VITÓRIA', 'CURSOS_TEC_CONCOMITANTE', 'CURSOS_TEC_INTEGRADO', 'CURSOS_TEC_SUBSEQUENTE', 'CURSOS_GRAD_NOTURNO', 'CURSOS_POS', 'FÉRIAS', 'ORDEM', 'LAG_01', 'LAG_03', 'LAG_04', 'LAG_05', 'LAG_06', 'LAG_09', 'LAG_10', 'LAG_11');0.28388
('TEMP_MÉD_MIN_MENS', 'TEMP_MÉD_MAX_MENS', 'TEMP_MAX_MÉD_MENS', 'PRECIPITAÇÃO_MÉD_MENS', 'TEMP_MIN_ACC_MENS', 'TEMP_MAX_MIN_MENS', 'PRECIPITAÇÃO_MIN_MENS', 'TEMP_MAX_MAX_MENS', 'TEMP_MAX_ACC_MENS', 'PRECIPITAÇÃO_MAX_MENS', 'PRECIPITAÇÃO_ACC_MENS', 'DIA_DA_SEMANA_qua', 'DIA_DA_SEMANA_qui', 'DIA_DA_SEMANA_seg', 'DIA_DA_SEMANA_sex', 'DIA_DA_SEMANA_sáb', 'DIA_DA_SEMANA_ter', 'MÊS_ago', 'MÊS_dez', 'MÊS_jun', 'MÊS_mai', 'MÊS_mar', 'MÊS_out', 'ANO_2021', 'ANO_2022', 'ANO_2023', 'ANO_2024', 'ANO_2015', 'ANO_2016', 'ANO_2017', 'ANO_2020', 'CAMPUS_ASSIS CHATEAUBRIAND', 'CAMPUS_BARRACÃO', 'CAMPUS_CASCAVEL', 'CAMPUS_CURITIBA', 'CAMPUS_FOZ DO IGUAÇU', 'CAMPUS_IVAIPORÃ', 'CAMPUS_JACAREZINHO', 'CAMPUS_JAGUARIAÍVA', 'CAMPUS_PALMAS', 'CAMPUS_PARANAVAÍ', 'CAMPUS_TELÊMACO BORBA', 'CURSOS_TEC_INTEGRADO', 'CURSOS_GRAD_MATUTINO', 'CURSOS_GRAD_VESPERTINO', 'CURSOS_GRAD_NOTURNO', 'CURSOS_POS', 'FÉRIAS', 'FERIADO', 'COVID', 'ORDEM', 'LAG_01', 'LAG_02', 'LAG_04', 'LAG_05', 'LAG_06', 'LAG_09', 'LAG_10', 'LAG_11', 'LAG_12');0.2839
('TEMP_MÉD_MIN_MENS', 'TEMP_MÉD_MAX_MENS', 'TEMP_MÉD_ACC_MENS', 'TEMP_MAX_MÉD_MENS', 'TEMP_MIN_MIN_MENS', 'TEMP_MIN_ACC_MENS', 'TEMP_MAX_MIN_MENS', 'TEMP_MAX_MAX_MENS', 'TEMP_MAX_ACC_MENS', 'PRECIPITAÇÃO_MAX_MENS', 'DIA_DA_SEMANA_dom', 'DIA_DA_SEMANA_qua', 'DIA_DA_SEMANA_seg', 'MÊS_abr', 'MÊS_fev', 'MÊS_jul', 'MÊS_jun', 'MÊS_nov', 'MÊS_out', 'MÊS_set', 'ANO_2023', 'ANO_2024', 'ANO_2016', 'ANO_2019', 'ANO_2020', 'CAMPUS_ASSIS CHATEAUBRIAND', 'CAMPUS_ASTORGA', 'CAMPUS_BARRACÃO', 'CAMPUS_CAPANEMA', 'CAMPUS_CASCAVEL', 'CAMPUS_CURITIBA', 'CAMPUS_FOZ DO IGUAÇU', 'CAMPUS_GOIOERÊ', 'CAMPUS_IRATI', 'CAMPUS_JACAREZINHO', 'CAMPUS_JAGUARIAÍVA', 'CAMPUS_PARANAGUÁ', 'CAMPUS_PARANAVAÍ', 'CAMPUS_PITANGA', 'CAMPUS_TELÊMACO BORBA', 'CURSOS_TEC_INTEGRADO', 'CURSOS_GRAD_MATUTINO', 'CURSOS_GRAD_VESPERTINO', 'CURSOS_GRAD_NOTURNO', 'CURSOS_POS', 'FÉRIAS', 'FERIADO', 'COVID', 'ORDEM', 'LAG_01', 'LAG_02', 'LAG_03', 'LAG_05', 'LAG_06', 'LAG_07', 'LAG_08', 'LAG_09', 'LAG_10', 'LAG_11', 'LAG_12');0.28399
('TEMP_MIN_MÉD_MENS', 'TEMP_MÉD_MAX_MENS', 'TEMP_MÉD_ACC_MENS', 'TEMP_MAX_MIN_MENS', 'PRECIPITAÇÃO_MIN_MENS', 'TEMP_MAX_MAX_MENS', 'PRECIPITAÇÃO_MAX_MENS', 'DIA_DA_SEMANA_dom', 'DIA_DA_SEMANA_seg', 'DIA_DA_SEMANA_sáb', 'MÊS_abr', 'MÊS_fev', 'MÊS_jan', 'MÊS_mai', 'MÊS_nov', 'MÊS_set', 'ANO_2021', 'ANO_2022', 'ANO_2023', 'ANO_2017', 'ANO_2020', 'CAMPUS_ASSIS CHATEAUBRIAND', 'CAMPUS_ASTORGA', 'CAMPUS_CAPANEMA', 'CAMPUS_CASCAVEL', 'CAMPUS_CORONEL VIVIDA', 'CAMPUS_CURITIBA', 'CAMPUS_GOIOERÊ', 'CAMPUS_IRATI', 'CAMPUS_PALMAS', 'CAMPUS_PARANAGUÁ', 'CAMPUS_PINHAIS', 'CAMPUS_PITANGA', 'CAMPUS_QUEDAS DO IGUAÇU', 'CAMPUS_TELÊMACO BORBA', 'CAMPUS_UMUARAMA', 'CURSOS_TEC_INTEGRADO', 'CURSOS_GRAD_MATUTINO', 'CURSOS_GRAD_VESPERTINO', 'CURSOS_GRAD_NOTURNO', 'CURSOS_POS', 'FÉRIAS', 'COVID', 'GREVE', 'LAG_01', 'LAG_02', 'LAG_03', 'LAG_06', 'LAG_07', 'LAG_08', 'LAG_11', 'LAG_12');0.28399
('TEMP_MIN_MÉD_MENS', 'TEMP_MÉD_MIN_MENS', 'TEMP_MÉD_MÉD_MENS', 'TEMP_MAX_MÉD_MENS', 'PRECIPITAÇÃO_MÉD_MENS', 'TEMP_MIN_ACC_MENS', 'TEMP_MAX_MIN_MENS', 'PRECIPITAÇÃO_MIN_MENS', 'TEMP_MAX_MAX_MENS', 'DIA_DA_SEMANA_dom', 'DIA_DA_SEMANA_qua', 'DIA_DA_SEMANA_qui', 'DIA_DA_SEMANA_seg', 'MÊS_dez', 'MÊS_fev', 'MÊS_mai', 'MÊS_nov', 'MÊS_out', 'ANO_2021', 'ANO_2023', 'ANO_2024', 'ANO_2015', 'ANO_2016', 'ANO_2017', 'ANO_2019', 'CAMPUS_ASSIS CHATEAUBRIAND', 'CAMPUS_ASTORGA', 'CAMPUS_CAMPO LARGO', 'CAMPUS_CASCAVEL', 'CAMPUS_CORONEL VIVIDA', 'CAMPUS_IRATI', 'CAMPUS_JAGUARIAÍVA', 'CAMPUS_LONDRINA - CENTRO', 'CAMPUS_PARANAGUÁ', 'CAMPUS_PARANAVAÍ', 'CAMPUS_PITANGA', 'CAMPUS_UMUARAMA', 'CURSOS_TEC_INTEGRADO', 'CURSOS_GRAD_NOTURNO', 'FÉRIAS', 'COVID', 'GREVE', 'LAG_01', 'LAG_02', 'LAG_03', 'LAG_06', 'LAG_07', 'LAG_10', 'LAG_11', 'LAG_12');0.28401
('TEMP_MÉD_MIN_MENS', 'TEMP_MÉD_ACC_MENS', 'PRECIPITAÇÃO_MÉD_MENS', 'TEMP_MIN_MAX_MENS', 'TEMP_MIN_ACC_MENS', 'PRECIPITAÇÃO_MIN_MENS', 'TEMP_MAX_ACC_MENS', 'PRECIPITAÇÃO_MAX_MENS', 'PRECIPITAÇÃO_ACC_MENS', 'DIA_DA_SEMANA_dom', 'DIA_DA_SEMANA_qua', 'DIA_DA_SEMANA_seg', 'MÊS_ago', 'MÊS_dez', 'MÊS_jul', 'MÊS_mai', 'MÊS_nov', 'MÊS_set', 'ANO_2021', 'ANO_2024', 'ANO_2015', 'ANO_2016', 'ANO_2017', 'ANO_2018', 'CAMPUS_BARRACÃO', 'CAMPUS_CAMPO LARGO', 'CAMPUS_CAPANEMA', 'CAMPUS_CASCAVEL', 'CAMPUS_CORONEL VIVIDA', 'CAMPUS_GOIOERÊ', 'CAMPUS_IVAIPORÃ', 'CAMPUS_JACAREZINHO', 'CAMPUS_JAGUARIAÍVA', 'CAMPUS_LONDRINA - CENTRO', 'CAMPUS_PARANAGUÁ', 'CAMPUS_PINHAIS', 'CAMPUS_QUEDAS DO IGUAÇU', 'CAMPUS_TELÊMACO BORBA', 'CAMPUS_UNIÃO DA VITÓRIA', 'CURSOS_GRAD_NOTURNO', 'CURSOS_POS', 'FÉRIAS', 'COVID', 'GREVE', 'ORDEM', 'LAG_01', 'LAG_02', 'LAG_04', 'LAG_07', 'LAG_08', 'LAG_09', 'LAG_10', 'LAG_11');0.2841
('TEMP_MIN_MÉD_MENS', 'TEMP_MÉD_MIN_MENS', 'TEMP_MÉD_MAX_MENS', 'PRECIPITAÇÃO_MÉD_MENS', 'TEMP_MIN_MIN_MENS', 'TEMP_MIN_ACC_MENS', 'PRECIPITAÇÃO_MIN_MENS', 'TEMP_MAX_MAX_MENS', 'PRECIPITAÇÃO_ACC_MENS', 'DIA_DA_SEMANA_qua', 'DIA_DA_SEMANA_seg', 'DIA_DA_SEMANA_sex', 'DIA_DA_SEMANA_ter', 'MÊS_abr', 'MÊS_ago', 'MÊS_dez', 'MÊS_fev', 'MÊS_jan', 'MÊS_jul', 'MÊS_mai', 'MÊS_nov', 'MÊS_out', 'MÊS_set', 'ANO_2021', 'ANO_2022', 'ANO_2023', 'ANO_2024', 'ANO_2015', 'ANO_2016', 'ANO_2020', 'CAMPUS_ASSIS CHATEAUBRIAND', 'CAMPUS_ASTORGA', 'CAMPUS_CASCAVEL', 'CAMPUS_CORONEL VIVIDA', 'CAMPUS_FOZ DO IGUAÇU', 'CAMPUS_IRATI', 'CAMPUS_JAGUARIAÍVA', 'CAMPUS_LONDRINA - CENTRO', 'CAMPUS_PALMAS', 'CAMPUS_PARANAGUÁ', 'CAMPUS_PARANAVAÍ', 'CAMPUS_UMUARAMA', 'CAMPUS_UNIÃO DA VITÓRIA', 'CURSOS_TEC_INTEGRADO', 'CURSOS_TEC_SUBSEQUENTE', 'CURSOS_GRAD_VESPERTINO', 'CURSOS_POS', 'COVID', 'LAG_01', 'LAG_05', 'LAG_06', 'LAG_07', 'LAG_08', 'LAG_09', 'LAG_10');0.28411
('TEMP_MÉD_MAX_MENS', 'TEMP_MAX_MÉD_MENS', 'PRECIPITAÇÃO_MÉD_MENS', 'TEMP_MIN_MIN_MENS', 'TEMP_MIN_ACC_MENS', 'PRECIPITAÇÃO_MIN_MENS', 'TEMP_MAX_MAX_MENS', 'TEMP_MAX_ACC_MENS', 'PRECIPITAÇÃO_ACC_MENS', 'DIA_DA_SEMANA_qua', 'MÊS_dez', 'MÊS_fev', 'MÊS_mar', 'MÊS_nov', 'MÊS_out', 'MÊS_set', 'ANO_2021', 'ANO_2022', 'ANO_2024', 'ANO_2016', 'ANO_2018', 'ANO_2019', 'CAMPUS_ASSIS CHATEAUBRIAND', 'CAMPUS_ASTORGA', 'CAMPUS_BARRACÃO', 'CAMPUS_CASCAVEL', 'CAMPUS_CORONEL VIVIDA', 'CAMPUS_CURITIBA', 'CAMPUS_IRATI', 'CAMPUS_JACAREZINHO', 'CAMPUS_JAGUARIAÍVA', 'CAMPUS_LONDRINA - CENTRO', 'CAMPUS_PARANAGUÁ', 'CAMPUS_PINHAIS', 'CAMPUS_PITANGA', 'CAMPUS_QUEDAS DO IGUAÇU', 'CAMPUS_TELÊMACO BORBA', 'CURSOS_TEC_CONCOMITANTE', 'CURSOS_GRAD_MATUTINO', 'CURSOS_GRAD_NOTURNO', 'CURSOS_POS', 'FÉRIAS', 'FERIADO', 'COVID', 'ORDEM', 'LAG_01', 'LAG_02', 'LAG_03', 'LAG_06', 'LAG_09', 'LAG_11', 'LAG_12');0.28413
('TEMP_MIN_MÉD_MENS', 'TEMP_MÉD_ACC_MENS', 'TEMP_MAX_MÉD_MENS', 'TEMP_MIN_ACC_MENS', 'TEMP_MAX_MIN_MENS', 'TEMP_MAX_MAX_MENS', 'TEMP_MAX_ACC_MENS', 'PRECIPITAÇÃO_MAX_MENS', 'PRECIPITAÇÃO_ACC_MENS', 'DIA_DA_SEMANA_qua', 'DIA_DA_SEMANA_seg', 'DIA_DA_SEMANA_sex', 'DIA_DA_SEMANA_sáb', 'DIA_DA_SEMANA_ter', 'MÊS_abr', 'MÊS_ago', 'MÊS_dez', 'MÊS_jan', 'MÊS_jul', 'MÊS_jun', 'MÊS_mar', 'MÊS_out', 'MÊS_set', 'ANO_2021', 'ANO_2015', 'ANO_2017', 'ANO_2018', 'ANO_2019', 'CAMPUS_CASCAVEL', 'CAMPUS_CORONEL VIVIDA', 'CAMPUS_FOZ DO IGUAÇU', 'CAMPUS_IRATI', 'CAMPUS_JACAREZINHO', 'CAMPUS_PARANAGUÁ', 'CAMPUS_PARANAVAÍ', 'CAMPUS_UMUARAMA', 'CAMPUS_UNIÃO DA VITÓRIA', 'CURSOS_TEC_INTEGRADO', 'CURSOS_TEC_SUBSEQUENTE', 'CURSOS_GRAD_VESPERTINO', 'CURSOS_GRAD_NOTURNO', 'FÉRIAS', 'COVID', 'ORDEM', 'LAG_01', 'LAG_03', 'LAG_04', 'LAG_06', 'LAG_08', 'LAG_12');0.28421
('TEMP_MIN_MÉD_MENS', 'TEMP_MÉD_MIN_MENS', 'TEMP_MÉD_MÉD_MENS', 'TEMP_MÉD_MAX_MENS', 'TEMP_MÉD_ACC_MENS', 'TEMP_MAX_MÉD_MENS', 'PRECIPITAÇÃO_MÉD_MENS', 'TEMP_MIN_MAX_MENS', 'TEMP_MIN_ACC_MENS', 'TEMP_MAX_MIN_MENS', 'PRECIPITAÇÃO_MIN_MENS', 'PRECIPITAÇÃO_MAX_MENS', 'PRECIPITAÇÃO_ACC_MENS', 'DIA_DA_SEMANA_dom', 'DIA_DA_SEMANA_qua', 'DIA_DA_SEMANA_sex', 'DIA_DA_SEMANA_sáb', 'DIA_DA_SEMANA_ter', 'MÊS_abr', 'MÊS_ago', 'MÊS_dez', 'MÊS_jan', 'MÊS_mai', 'MÊS_set', 'ANO_2021', 'ANO_2022', 'ANO_2023', 'ANO_2024', 'ANO_2016', 'ANO_2017', 'ANO_2018', 'ANO_2020', 'CAMPUS_ASSIS CHATEAUBRIAND', 'CAMPUS_ASTORGA', 'CAMPUS_CAMPO LARGO', 'CAMPUS_CAPANEMA', 'CAMPUS_CASCAVEL', 'CAMPUS_CURITIBA', 'CAMPUS_JACAREZINHO', 'CAMPUS_PARANAGUÁ', 'CAMPUS_PINHAIS', 'CAMPUS_PITANGA', 'CAMPUS_TELÊMACO BORBA', 'CAMPUS_UMUARAMA', 'CURSOS_TEC_CONCOMITANTE', 'CURSOS_TEC_SUBSEQUENTE', 'CURSOS_GRAD_MATUTINO', 'CURSOS_GRAD_VESPERTINO', 'FÉRIAS', 'FERIADO', 'COVID', 'GREVE', 'ORDEM', 'LAG_01', 'LAG_02', 'LAG_03', 'LAG_04', 'LAG_05', 'LAG_06', 'LAG_07', 'LAG_10', 'LAG_12');0.28437
('TEMP_MÉD_MIN_MENS', 'TEMP_MÉD_MÉD_MENS', 'TEMP_MÉD_MAX_MENS', 'PRECIPITAÇÃO_MÉD_MENS', 'TEMP_MIN_ACC_MENS', 'TEMP_MAX_MIN_MENS', 'PRECIPITAÇÃO_MIN_MENS', 'TEMP_MAX_MAX_MENS', 'PRECIPITAÇÃO_MAX_MENS', 'PRECIPITAÇÃO_ACC_MENS', 'DIA_DA_SEMANA_dom', 'DIA_DA_SEMANA_qui', 'DIA_DA_SEMANA_sáb', 'MÊS_ago', 'MÊS_dez', 'MÊS_jan', 'MÊS_jul', 'MÊS_jun', 'MÊS_mai', 'MÊS_mar', 'MÊS_nov', 'ANO_2017', 'CAMPUS_ASSIS CHATEAUBRIAND', 'CAMPUS_ASTORGA', 'CAMPUS_BARRACÃO', 'CAMPUS_CAMPO LARGO', 'CAMPUS_CASCAVEL', 'CAMPUS_FOZ DO IGUAÇU', 'CAMPUS_GOIOERÊ', 'CAMPUS_IRATI', 'CAMPUS_IVAIPORÃ', 'CAMPUS_PALMAS', 'CAMPUS_PARANAGUÁ', 'CAMPUS_TELÊMACO BORBA', 'CURSOS_TEC_SUBSEQUENTE', 'CURSOS_GRAD_MATUTINO', 'CURSOS_GRAD_VESPERTINO', 'CURSOS_GRAD_NOTURNO', 'FÉRIAS', 'FERIADO', 'COVID', 'ORDEM', 'LAG_02', 'LAG_03', 'LAG_04', 'LAG_06', 'LAG_09', 'LAG_11');0.28443
('TEMP_MÉD_MIN_MENS', 'TEMP_MÉD_ACC_MENS', 'TEMP_MAX_MÉD_MENS', 'TEMP_MIN_MAX_MENS', 'TEMP_MIN_ACC_MENS', 'PRECIPITAÇÃO_MIN_MENS', 'TEMP_MAX_MAX_MENS', 'PRECIPITAÇÃO_MAX_MENS', 'DIA_DA_SEMANA_dom', 'DIA_DA_SEMANA_qua', 'DIA_DA_SEMANA_qui', 'DIA_DA_SEMANA_seg', 'DIA_DA_SEMANA_sáb', 'MÊS_abr', 'MÊS_ago', 'MÊS_fev', 'MÊS_jan', 'MÊS_mai', 'MÊS_nov', 'ANO_2021', 'ANO_2023', 'ANO_2024', 'ANO_2015', 'ANO_2016', 'ANO_2017', 'ANO_2019', 'ANO_2020', 'CAMPUS_BARRACÃO', 'CAMPUS_CAMPO LARGO', 'CAMPUS_CORONEL VIVIDA', 'CAMPUS_FOZ DO IGUAÇU', 'CAMPUS_JAGUARIAÍVA', 'CAMPUS_LONDRINA - CENTRO', 'CAMPUS_PARANAGUÁ', 'CAMPUS_PARANAVAÍ', 'CAMPUS_PINHAIS', 'CAMPUS_PITANGA', 'CAMPUS_TELÊMACO BORBA', 'CAMPUS_UMUARAMA', 'CAMPUS_UNIÃO DA VITÓRIA', 'CURSOS_GRAD_VESPERTINO', 'FÉRIAS', 'FERIADO', 'COVID', 'GREVE', 'ORDEM', 'LAG_01', 'LAG_03', 'LAG_06', 'LAG_08', 'LAG_09', 'LAG_10', 'LAG_11', 'LAG_12');0.28459
('TEMP_MIN_MÉD_MENS', 'TEMP_MÉD_MÉD_MENS', 'TEMP_MAX_MÉD_MENS', 'PRECIPITAÇÃO_MÉD_MENS', 'TEMP_MIN_MIN_MENS', 'TEMP_MIN_MAX_MENS', 'TEMP_MIN_ACC_MENS', 'TEMP_MAX_ACC_MENS', 'PRECIPITAÇÃO_ACC_MENS', 'DIA_DA_SEMANA_dom', 'DIA_DA_SEMANA_qui', 'DIA_DA_SEMANA_seg', 'DIA_DA_SEMANA_ter', 'MÊS_abr', 'MÊS_dez', 'MÊS_fev', 'MÊS_jul', 'MÊS_mai', 'MÊS_nov', 'MÊS_set', 'ANO_2021', 'ANO_2023', 'ANO_2024', 'ANO_2015', 'ANO_2016', 'ANO_2018', 'ANO_2020', 'CAMPUS_ASSIS CHATEAUBRIAND', 'CAMPUS_CAMPO LARGO', 'CAMPUS_CORONEL VIVIDA', 'CAMPUS_CURITIBA', 'CAMPUS_FOZ DO IGUAÇU', 'CAMPUS_IRATI', 'CAMPUS_IVAIPORÃ', 'CAMPUS_JAGUARIAÍVA', 'CAMPUS_LONDRINA - CENTRO', 'CAMPUS_PALMAS', 'CAMPUS_UMUARAMA', 'CAMPUS_UNIÃO DA VITÓRIA', 'CURSOS_TEC_CONCOMITANTE', 'CURSOS_TEC_INTEGRADO', 'CURSOS_GRAD_MATUTINO', 'CURSOS_GRAD_NOTURNO', 'CURSOS_POS', 'FÉRIAS', 'FERIADO', 'COVID', 'GREVE', 'LAG_01', 'LAG_02', 'LAG_04', 'LAG_07', 'LAG_08', 'LAG_09', 'LAG_11', 'LAG_12');0.28469
('TEMP_MÉD_MIN_MENS', 'TEMP_MÉD_ACC_MENS', 'TEMP_MAX_MÉD_MENS', 'TEMP_MIN_MAX_MENS', 'PRECIPITAÇÃO_MIN_MENS', 'TEMP_MAX_MAX_MENS', 'TEMP_MAX_ACC_MENS', 'DIA_DA_SEMANA_qui', 'DIA_DA_SEMANA_sex', 'DIA_DA_SEMANA_ter', 'MÊS_jan', 'MÊS_jun', 'MÊS_mai', 'MÊS_mar', 'MÊS_nov', 'MÊS_out', 'MÊS_set', 'ANO_2022', 'ANO_2023', 'ANO_2024', 'ANO_2015', 'ANO_2016', 'ANO_2017', 'ANO_2019', 'ANO_2020', 'CAMPUS_ASTORGA', 'CAMPUS_BARRACÃO', 'CAMPUS_CAMPO LARGO', 'CAMPUS_CAPANEMA', 'CAMPUS_GOIOERÊ', 'CAMPUS_IRATI', 'CAMPUS_IVAIPORÃ', 'CAMPUS_JACAREZINHO', 'CAMPUS_LONDRINA - CENTRO', 'CAMPUS_PALMAS', 'CAMPUS_PARANAGUÁ', 'CAMPUS_PARANAVAÍ', 'CAMPUS_PITANGA', 'CAMPUS_QUEDAS DO IGUAÇU', 'CAMPUS_TELÊMACO BORBA', 'CURSOS_TEC_CONCOMITANTE', 'CURSOS_TEC_INTEGRADO', 'CURSOS_GRAD_VESPERTINO', 'CURSOS_GRAD_NOTURNO', 'CURSOS_POS', 'FÉRIAS', 'COVID', 'GREVE', 'LAG_01', 'LAG_02', 'LAG_04', 'LAG_05', 'LAG_07', 'LAG_09', 'LAG_10', 'LAG_11', 'LAG_12');0.28471
('TEMP_MÉD_MÉD_MENS', 'TEMP_MÉD_MAX_MENS', 'TEMP_MÉD_ACC_MENS', 'TEMP_MAX_MÉD_MENS', 'TEMP_MIN_MAX_MENS', 'TEMP_MIN_ACC_MENS', 'TEMP_MAX_MIN_MENS', 'TEMP_MAX_ACC_MENS', 'DIA_DA_SEMANA_dom', 'DIA_DA_SEMANA_qui', 'DIA_DA_SEMANA_seg', 'DIA_DA_SEMANA_sex', 'DIA_DA_SEMANA_sáb', 'DIA_DA_SEMANA_ter', 'MÊS_ago', 'MÊS_dez', 'MÊS_fev', 'MÊS_jun', 'MÊS_out', 'MÊS_set', 'ANO_2023', 'ANO_2024', 'ANO_2016', 'ANO_2017', 'ANO_2018', 'CAMPUS_ASTORGA', 'CAMPUS_BARRACÃO', 'CAMPUS_CAPANEMA', 'CAMPUS_CASCAVEL', 'CAMPUS_CORONEL VIVIDA', 'CAMPUS_CURITIBA', 'CAMPUS_FOZ DO IGUAÇU', 'CAMPUS_GOIOERÊ', 'CAMPUS_IVAIPORÃ', 'CAMPUS_JACAREZINHO', 'CAMPUS_JAGUARIAÍVA', 'CAMPUS_LONDRINA - CENTRO', 'CAMPUS_PARANAGUÁ', 'CAMPUS_PINHAIS', 'CAMPUS_PITANGA', 'CAMPUS_QUEDAS DO IGUAÇU', 'CAMPUS_TELÊMACO BORBA', 'CAMPUS_UMUARAMA', 'CURSOS_TEC_INTEGRADO', 'CURSOS_POS', 'COVID', 'GREVE', 'LAG_01', 'LAG_02', 'LAG_03', 'LAG_04', 'LAG_05', 'LAG_06', 'LAG_07', 'LAG_09', 'LAG_11', 'LAG_12');0.28472
('TEMP_MIN_MÉD_MENS', 'TEMP_MÉD_MIN_MENS', 'TEMP_MÉD_MÉD_MENS', 'TEMP_MIN_MIN_MENS', 'TEMP_MIN_MAX_MENS', 'TEMP_MAX_MIN_MENS', 'PRECIPITAÇÃO_MIN_MENS', 'TEMP_MAX_MAX_MENS', 'PRECIPITAÇÃO_MAX_MENS', 'PRECIPITAÇÃO_ACC_MENS', 'DIA_DA_SEMANA_qui', 'DIA_DA_SEMANA_sáb', 'MÊS_ago', 'MÊS_dez', 'MÊS_fev', 'MÊS_jan', 'MÊS_jul', 'MÊS_mai', 'MÊS_mar', 'MÊS_nov', 'MÊS_out', 'ANO_2023', 'ANO_2024', 'ANO_2015', 'ANO_2016', 'ANO_2019', 'ANO_2020', 'CAMPUS_ASSIS CHATEAUBRIAND', 'CAMPUS_CAMPO LARGO', 'CAMPUS_CAPANEMA', 'CAMPUS_CASCAVEL', 'CAMPUS_CURITIBA', 'CAMPUS_GOIOERÊ', 'CAMPUS_IRATI', 'CAMPUS_JACAREZINHO', 'CAMPUS_JAGUARIAÍVA', 'CAMPUS_PALMAS', 'CAMPUS_PARANAVAÍ', 'CAMPUS_PITANGA', 'CAMPUS_QUEDAS DO IGUAÇU', 'CAMPUS_TELÊMACO BORBA', 'CAMPUS_UMUARAMA', 'CURSOS_TEC_INTEGRADO', 'CURSOS_GRAD_NOTURNO', 'CURSOS_POS', 'FÉRIAS', 'FERIADO', 'COVID', 'ORDEM', 'LAG_01', 'LAG_03', 'LAG_04', 'LAG_05', 'LAG_06', 'LAG_07', 'LAG_11', 'LAG_12');0.28473
('TEMP_MIN_MÉD_MENS', 'TEMP_MÉD_MIN_MENS', 'TEMP_MÉD_MÉD_MENS', 'TEMP_MÉD_ACC_MENS', 'TEMP_MAX_MÉD_MENS', 'TEMP_MIN_MAX_MENS', 'TEMP_MIN_ACC_MENS', 'TEMP_MAX_ACC_MENS', 'PRECIPITAÇÃO_ACC_MENS', 'DIA_DA_SEMANA_dom', 'DIA_DA_SEMANA_seg', 'DIA_DA_SEMANA_sex', 'MÊS_abr', 'MÊS_ago', 'MÊS_dez', 'MÊS_jan', 'MÊS_jul', 'MÊS_mai', 'MÊS_nov', 'MÊS_set', 'ANO_2021', 'ANO_2022', 'ANO_2023', 'ANO_2024', 'ANO_2018', 'ANO_2019', 'CAMPUS_ASSIS CHATEAUBRIAND', 'CAMPUS_ASTORGA', 'CAMPUS_BARRACÃO', 'CAMPUS_CAMPO LARGO', 'CAMPUS_CORONEL VIVIDA', 'CAMPUS_CURITIBA', 'CAMPUS_FOZ DO IGUAÇU', 'CAMPUS_GOIOERÊ', 'CAMPUS_IRATI', 'CAMPUS_IVAIPORÃ', 'CAMPUS_JACAREZINHO', 'CAMPUS_PALMAS', 'CAMPUS_PARANAGUÁ', 'CAMPUS_PARANAVAÍ', 'CAMPUS_PINHAIS', 'CAMPUS_PITANGA', 'CURSOS_TEC_INTEGRADO', 'CURSOS_TEC_SUBSEQUENTE', 'CURSOS_GRAD_MATUTINO', 'CURSOS_GRAD_VESPERTINO', 'COVID', 'GREVE', 'ORDEM', 'LAG_01', 'LAG_02', 'LAG_03', 'LAG_04', 'LAG_05', 'LAG_06', 'LAG_07', 'LAG_08', 'LAG_09', 'LAG_11', 'LAG_12');0.28482
('TEMP_MIN_MÉD_MENS', 'TEMP_MÉD_MIN_MENS', 'TEMP_MÉD_MAX_MENS', 'TEMP_MÉD_ACC_MENS', 'PRECIPITAÇÃO_MÉD_MENS', 'TEMP_MIN_MIN_MENS', 'TEMP_MAX_MIN_MENS', 'TEMP_MAX_MAX_MENS', 'TEMP_MAX_ACC_MENS', 'PRECIPITAÇÃO_MAX_MENS', 'PRECIPITAÇÃO_ACC_MENS', 'DIA_DA_SEMANA_dom', 'DIA_DA_SEMANA_qui', 'DIA_DA_SEMANA_sex', 'DIA_DA_SEMANA_sáb', 'DIA_DA_SEMANA_ter', 'MÊS_abr', 'MÊS_dez', 'MÊS_fev', 'MÊS_jan', 'MÊS_jun', 'MÊS_mai', 'MÊS_mar', 'MÊS_nov', 'MÊS_out', 'MÊS_set', 'ANO_2023', 'ANO_2024', 'ANO_2015', 'ANO_2019', 'ANO_2020', 'CAMPUS_ASSIS CHATEAUBRIAND', 'CAMPUS_CAMPO LARGO', 'CAMPUS_CAPANEMA', 'CAMPUS_CURITIBA', 'CAMPUS_GOIOERÊ', 'CAMPUS_IRATI', 'CAMPUS_PARANAGUÁ', 'CAMPUS_UMUARAMA', 'CURSOS_TEC_CONCOMITANTE', 'CURSOS_TEC_INTEGRADO', 'CURSOS_GRAD_VESPERTINO', 'CURSOS_POS', 'FÉRIAS', 'FERIADO', 'COVID', 'GREVE', 'LAG_01', 'LAG_03', 'LAG_04', 'LAG_06', 'LAG_07', 'LAG_08', 'LAG_09', 'LAG_10', 'LAG_11');0.28483
('TEMP_MÉD_MÉD_MENS', 'TEMP_MÉD_MAX_MENS', 'TEMP_MÉD_ACC_MENS', 'TEMP_MIN_MIN_MENS', 'TEMP_MIN_MAX_MENS', 'PRECIPITAÇÃO_MIN_MENS', 'TEMP_MAX_ACC_MENS', 'DIA_DA_SEMANA_qua', 'DIA_DA_SEMANA_qui', 'DIA_DA_SEMANA_seg', 'DIA_DA_SEMANA_ter', 'MÊS_abr', 'MÊS_ago', 'MÊS_jan', 'MÊS_jun', 'MÊS_mai', 'MÊS_mar', 'MÊS_nov', 'MÊS_out', 'ANO_2021', 'ANO_2022', 'ANO_2024', 'CAMPUS_ASSIS CHATEAUBRIAND', 'CAMPUS_ASTORGA', 'CAMPUS_BARRACÃO', 'CAMPUS_CAMPO LARGO', 'CAMPUS_CAPANEMA', 'CAMPUS_CASCAVEL', 'CAMPUS_FOZ DO IGUAÇU', 'CAMPUS_GOIOERÊ', 'CAMPUS_IRATI', 'CAMPUS_IVAIPORÃ', 'CAMPUS_JACAREZINHO', 'CAMPUS_JAGUARIAÍVA', 'CAMPUS_PALMAS', 'CAMPUS_PARANAGUÁ', 'CAMPUS_PINHAIS', 'CAMPUS_PITANGA', 'CAMPUS_QUEDAS DO IGUAÇU', 'CAMPUS_UNIÃO DA VITÓRIA', 'CURSOS_TEC_CONCOMITANTE', 'CURSOS_TEC_INTEGRADO', 'CURSOS_GRAD_MATUTINO', 'FÉRIAS', 'FERIADO', 'COVID', 'GREVE', 'ORDEM', 'LAG_04', 'LAG_05', 'LAG_06', 'LAG_07', 'LAG_10');0.28484
('TEMP_MÉD_MÉD_MENS', 'TEMP_MÉD_MAX_MENS', 'TEMP_MÉD_ACC_MENS', 'TEMP_MAX_MÉD_MENS', 'TEMP_MIN_ACC_MENS', 'TEMP_MAX_MIN_MENS', 'TEMP_MAX_MAX_MENS', 'TEMP_MAX_ACC_MENS', 'PRECIPITAÇÃO_MAX_MENS', 'PRECIPITAÇÃO_ACC_MENS', 'DIA_DA_SEMANA_dom', 'DIA_DA_SEMANA_qua', 'DIA_DA_SEMANA_qui', 'DIA_DA_SEMANA_sex', 'DIA_DA_SEMANA_ter', 'MÊS_abr', 'MÊS_ago', 'MÊS_fev', 'MÊS_jan', 'MÊS_jul', 'MÊS_mai', 'MÊS_nov', 'MÊS_out', 'MÊS_set', 'ANO_2021', 'ANO_2022', 'ANO_2015', 'ANO_2016', 'ANO_2017', 'ANO_2018', 'ANO_2019', 'ANO_2020', 'CAMPUS_ASTORGA', 'CAMPUS_CAMPO LARGO', 'CAMPUS_CAPANEMA', 'CAMPUS_CASCAVEL', 'CAMPUS_CURITIBA', 'CAMPUS_FOZ DO IGUAÇU', 'CAMPUS_IRATI', 'CAMPUS_JACAREZINHO', 'CAMPUS_JAGUARIAÍVA', 'CAMPUS_LONDRINA - CENTRO', 'CAMPUS_PARANAGUÁ', 'CAMPUS_PARANAVAÍ', 'CAMPUS_QUEDAS DO IGUAÇU', 'CAMPUS_TELÊMACO BORBA', 'CAMPUS_UMUARAMA', 'CURSOS_TEC_INTEGRADO', 'CURSOS_TEC_SUBSEQUENTE', 'CURSOS_GRAD_MATUTINO', 'CURSOS_GRAD_VESPERTINO', 'CURSOS_POS', 'FÉRIAS', 'FERIADO', 'COVID', 'GREVE', 'ORDEM', 'LAG_01', 'LAG_03', 'LAG_06', 'LAG_07', 'LAG_11');0.28484
('TEMP_MÉD_MIN_MENS', 'TEMP_MÉD_MAX_MENS', 'TEMP_MAX_MÉD_MENS', 'PRECIPITAÇÃO_MÉD_MENS', 'TEMP_MIN_MIN_MENS', 'TEMP_MIN_MAX_MENS', 'TEMP_MAX_MIN_MENS', 'TEMP_MAX_MAX_MENS', 'TEMP_MAX_ACC_MENS', 'PRECIPITAÇÃO_ACC_MENS', 'DIA_DA_SEMANA_dom', 'DIA_DA_SEMANA_qua', 'DIA_DA_SEMANA_qui', 'DIA_DA_SEMANA_seg', 'DIA_DA_SEMANA_sex', 'MÊS_ago', 'MÊS_fev', 'MÊS_jan', 'MÊS_jun', 'MÊS_mai', 'MÊS_mar', 'MÊS_nov', 'MÊS_out', 'ANO_2021', 'ANO_2023', 'ANO_2024', 'ANO_2016', 'ANO_2018', 'ANO_2019', 'ANO_2020', 'CAMPUS_ASSIS CHATEAUBRIAND', 'CAMPUS_CAMPO LARGO', 'CAMPUS_CORONEL VIVIDA', 'CAMPUS_CURITIBA', 'CAMPUS_FOZ DO IGUAÇU', 'CAMPUS_IRATI', 'CAMPUS_PARANAGUÁ', 'CAMPUS_PARANAVAÍ', 'CAMPUS_QUEDAS DO IGUAÇU', 'CAMPUS_UNIÃO DA VITÓRIA', 'CURSOS_TEC_CONCOMITANTE', 'CURSOS_TEC_INTEGRADO', 'CURSOS_TEC_SUBSEQUENTE', 'CURSOS_GRAD_MATUTINO', 'CURSOS_GRAD_VESPERTINO', 'CURSOS_GRAD_NOTURNO', 'CURSOS_POS', 'FÉRIAS', 'COVID', 'LAG_01', 'LAG_04', 'LAG_05', 'LAG_06', 'LAG_09', 'LAG_10', 'LAG_12');0.28492
('TEMP_MIN_MÉD_MENS', 'TEMP_MÉD_MÉD_MENS', 'TEMP_MÉD_MAX_MENS', 'TEMP_MÉD_ACC_MENS', 'TEMP_MAX_MÉD_MENS', 'PRECIPITAÇÃO_MÉD_MENS', 'TEMP_MIN_MAX_MENS', 'TEMP_MAX_MIN_MENS', 'TEMP_MAX_MAX_MENS', 'DIA_DA_SEMANA_sáb', 'DIA_DA_SEMANA_ter', 'MÊS_abr', 'MÊS_dez', 'MÊS_fev', 'MÊS_jun', 'MÊS_mar', 'MÊS_nov', 'ANO_2021', 'ANO_2022', 'ANO_2016', 'ANO_2020', 'CAMPUS_ASSIS CHATEAUBRIAND', 'CAMPUS_ASTORGA', 'CAMPUS_BARRACÃO', 'CAMPUS_CAMPO LARGO', 'CAMPUS_CAPANEMA', 'CAMPUS_CORONEL VIVIDA', 'CAMPUS_FOZ DO IGUAÇU', 'CAMPUS_GOIOERÊ', 'CAMPUS_JACAREZINHO', 'CAMPUS_PALMAS', 'CAMPUS_PARANAGUÁ', 'CAMPUS_PARANAVAÍ', 'CAMPUS_QUEDAS DO IGUAÇU', 'CURSOS_TEC_CONCOMITANTE', 'CURSOS_TEC_SUBSEQUENTE', 'CURSOS_GRAD_VESPERTINO', 'CURSOS_GRAD_NOTURNO', 'FÉRIAS', 'COVID', 'ORDEM', 'LAG_05', 'LAG_06', 'LAG_07', 'LAG_08', 'LAG_09', 'LAG_10', 'LAG_11', 'LAG_12');0.28494
('TEMP_MIN_MÉD_MENS', 'TEMP_MÉD_MÉD_MENS', 'TEMP_MÉD_ACC_MENS', 'PRECIPITAÇÃO_MÉD_MENS', 'TEMP_MIN_MIN_MENS', 'TEMP_MAX_MIN_MENS', 'TEMP_MAX_MAX_MENS', 'PRECIPITAÇÃO_MAX_MENS', 'PRECIPITAÇÃO_ACC_MENS', 'DIA_DA_SEMANA_dom', 'DIA_DA_SEMANA_qui', 'DIA_DA_SEMANA_sáb', 'DIA_DA_SEMANA_ter', 'MÊS_abr', 'MÊS_ago', 'MÊS_dez', 'MÊS_fev', 'MÊS_jan', 'MÊS_jun', 'MÊS_nov', 'MÊS_out', 'MÊS_set', 'ANO_2021', 'ANO_2022', 'ANO_2023', 'ANO_2024', 'ANO_2019', 'CAMPUS_ASSIS CHATEAUBRIAND', 'CAMPUS_ASTORGA', 'CAMPUS_BARRACÃO', 'CAMPUS_CASCAVEL', 'CAMPUS_CURITIBA', 'CAMPUS_FOZ DO IGUAÇU', 'CAMPUS_IRATI', 'CAMPUS_JACAREZINHO', 'CAMPUS_LONDRINA - CENTRO', 'CAMPUS_PALMAS', 'CAMPUS_PARANAGUÁ', 'CAMPUS_PINHAIS', 'CAMPUS_PITANGA', 'CAMPUS_UMUARAMA', 'CAMPUS_UNIÃO DA VITÓRIA', 'CURSOS_TEC_INTEGRADO', 'FÉRIAS', 'COVID', 'ORDEM', 'LAG_02', 'LAG_04', 'LAG_05', 'LAG_07', 'LAG_09', 'LAG_10', 'LAG_12');0.28503
('TEMP_MÉD_MIN_MENS', 'TEMP_MÉD_MÉD_MENS', 'TEMP_MIN_MIN_MENS', 'TEMP_MIN_ACC_MENS', 'TEMP_MAX_MIN_MENS', 'PRECIPITAÇÃO_MIN_MENS', 'TEMP_MAX_MAX_MENS', 'PRECIPITAÇÃO_ACC_MENS', 'DIA_DA_SEMANA_qua', 'DIA_DA_SEMANA_qui', 'DIA_DA_SEMANA_sáb', 'DIA_DA_SEMANA_ter', 'MÊS_abr', 'MÊS_ago', 'MÊS_fev', 'MÊS_jul', 'MÊS_jun', 'MÊS_mai', 'MÊS_mar', 'MÊS_nov', 'MÊS_out', 'MÊS_set', 'ANO_2021', 'ANO_2022', 'ANO_2023', 'ANO_2024', 'ANO_2017', 'ANO_2018', 'ANO_2019', 'CAMPUS_ASSIS CHATEAUBRIAND', 'CAMPUS_ASTORGA', 'CAMPUS_BARRACÃO', 'CAMPUS_CAPANEMA', 'CAMPUS_CORONEL VIVIDA', 'CAMPUS_CURITIBA', 'CAMPUS_GOIOERÊ', 'CAMPUS_IRATI', 'CAMPUS_IVAIPORÃ', 'CAMPUS_JACAREZINHO', 'CAMPUS_JAGUARIAÍVA', 'CAMPUS_LONDRINA - CENTRO', 'CAMPUS_PALMAS', 'CAMPUS_QUEDAS DO IGUAÇU', 'CAMPUS_UMUARAMA', 'CAMPUS_UNIÃO DA VITÓRIA', 'CURSOS_GRAD_VESPERTINO', 'CURSOS_GRAD_NOTURNO', 'FÉRIAS', 'FERIADO', 'COVID', 'GREVE', 'ORDEM', 'LAG_04', 'LAG_07', 'LAG_08', 'LAG_09');0.28508
('TEMP_MÉD_MIN_MENS', 'TEMP_MÉD_MÉD_MENS', 'TEMP_MÉD_MAX_MENS', 'PRECIPITAÇÃO_MÉD_MENS', 'TEMP_MIN_MIN_MENS', 'TEMP_MIN_ACC_MENS', 'TEMP_MAX_MIN_MENS', 'PRECIPITAÇÃO_MIN_MENS', 'TEMP_MAX_MAX_MENS', 'PRECIPITAÇÃO_ACC_MENS', 'DIA_DA_SEMANA_dom', 'DIA_DA_SEMANA_qua', 'DIA_DA_SEMANA_qui', 'DIA_DA_SEMANA_seg', 'DIA_DA_SEMANA_sex', 'DIA_DA_SEMANA_sáb', 'DIA_DA_SEMANA_ter', 'MÊS_ago', 'MÊS_fev', 'MÊS_jan', 'MÊS_jun', 'MÊS_nov', 'MÊS_out', 'ANO_2021', 'ANO_2022', 'ANO_2015', 'ANO_2016', 'ANO_2019', 'ANO_2020', 'CAMPUS_ASSIS CHATEAUBRIAND', 'CAMPUS_ASTORGA', 'CAMPUS_CAPANEMA', 'CAMPUS_CORONEL VIVIDA', 'CAMPUS_CURITIBA', 'CAMPUS_IRATI', 'CAMPUS_IVAIPORÃ', 'CAMPUS_LONDRINA - CENTRO', 'CAMPUS_PARANAGUÁ', 'CAMPUS_PARANAVAÍ', 'CAMPUS_PINHAIS', 'CAMPUS_PITANGA', 'CURSOS_TEC_INTEGRADO', 'CURSOS_TEC_SUBSEQUENTE', 'CURSOS_GRAD_MATUTINO', 'CURSOS_POS', 'FÉRIAS', 'FERIADO', 'COVID', 'GREVE', 'LAG_01', 'LAG_02', 'LAG_03', 'LAG_04', 'LAG_07');0.28509
('TEMP_MIN_MÉD_MENS', 'TEMP_MÉD_MÉD_MENS', 'TEMP_MÉD_ACC_MENS', 'TEMP_MAX_MÉD_MENS', 'TEMP_MIN_MIN_MENS', 'TEMP_MIN_ACC_MENS', 'TEMP_MAX_MIN_MENS', 'TEMP_MAX_MAX_MENS', 'PRECIPITAÇÃO_MAX_MENS', 'PRECIPITAÇÃO_ACC_MENS', 'DIA_DA_SEMANA_qua', 'DIA_DA_SEMANA_qui', 'DIA_DA_SEMANA_sex', 'DIA_DA_SEMANA_sáb', 'DIA_DA_SEMANA_ter', 'MÊS_abr', 'MÊS_ago', 'MÊS_jul', 'MÊS_jun', 'MÊS_nov', 'MÊS_out', 'MÊS_set', 'ANO_2021', 'ANO_2022', 'ANO_2023', 'ANO_2016', 'ANO_2017', 'ANO_2018', 'CAMPUS_ASSIS CHATEAUBRIAND', 'CAMPUS_ASTORGA', 'CAMPUS_BARRACÃO', 'CAMPUS_CAPANEMA', 'CAMPUS_CORONEL VIVIDA', 'CAMPUS_CURITIBA', 'CAMPUS_FOZ DO IGUAÇU', 'CAMPUS_GOIOERÊ', 'CAMPUS_PALMAS', 'CAMPUS_PARANAVAÍ', 'CAMPUS_PINHAIS', 'CAMPUS_PITANGA', 'CAMPUS_TELÊMACO BORBA', 'CAMPUS_UMUARAMA', 'CAMPUS_UNIÃO DA VITÓRIA', 'CURSOS_TEC_CONCOMITANTE', 'CURSOS_TEC_INTEGRADO', 'CURSOS_GRAD_NOTURNO', 'CURSOS_POS', 'FÉRIAS', 'FERIADO', 'COVID', 'LAG_01', 'LAG_03', 'LAG_05', 'LAG_06', 'LAG_07', 'LAG_10', 'LAG_11', 'LAG_12');0.2851
('TEMP_MÉD_MAX_MENS', 'TEMP_MÉD_ACC_MENS', 'TEMP_MAX_MÉD_MENS', 'PRECIPITAÇÃO_MÉD_MENS', 'TEMP_MIN_MIN_MENS', 'TEMP_MIN_ACC_MENS', 'TEMP_MAX_MIN_MENS', 'PRECIPITAÇÃO_MIN_MENS', 'TEMP_MAX_MAX_MENS', 'TEMP_MAX_ACC_MENS', 'PRECIPITAÇÃO_MAX_MENS', 'DIA_DA_SEMANA_dom', 'DIA_DA_SEMANA_seg', 'MÊS_ago', 'MÊS_fev', 'MÊS_jan', 'MÊS_mai', 'MÊS_mar', 'MÊS_out', 'MÊS_set', 'ANO_2022', 'ANO_2024', 'ANO_2016', 'ANO_2017', 'ANO_2020', 'CAMPUS_ASSIS CHATEAUBRIAND', 'CAMPUS_BARRACÃO', 'CAMPUS_CAMPO LARGO', 'CAMPUS_CAPANEMA', 'CAMPUS_CORONEL VIVIDA', 'CAMPUS_GOIOERÊ', 'CAMPUS_IRATI', 'CAMPUS_IVAIPORÃ', 'CAMPUS_JAGUARIAÍVA', 'CAMPUS_LONDRINA - CENTRO', 'CAMPUS_PARANAGUÁ', 'CAMPUS_PARANAVAÍ', 'CAMPUS_PINHAIS', 'CAMPUS_PITANGA', 'CAMPUS_QUEDAS DO IGUAÇU', 'CAMPUS_TELÊMACO BORBA', 'CAMPUS_UNIÃO DA VITÓRIA', 'CURSOS_TEC_INTEGRADO', 'CURSOS_TEC_SUBSEQUENTE', 'CURSOS_GRAD_VESPERTINO', 'FÉRIAS', 'FERIADO', 'COVID', 'ORDEM', 'LAG_01', 'LAG_02', 'LAG_03', 'LAG_06', 'LAG_11', 'LAG_12');0.28512
('TEMP_MIN_MÉD_MENS', 'TEMP_MÉD_MIN_MENS', 'TEMP_MÉD_MÉD_MENS', 'TEMP_MÉD_MAX_MENS', 'TEMP_MÉD_ACC_MENS', 'TEMP_MIN_MAX_MENS', 'TEMP_MIN_ACC_MENS', 'TEMP_MAX_MAX_MENS', 'TEMP_MAX_ACC_MENS', 'PRECIPITAÇÃO_MAX_MENS', 'PRECIPITAÇÃO_ACC_MENS', 'DIA_DA_SEMANA_sex', 'DIA_DA_SEMANA_sáb', 'DIA_DA_SEMANA_ter', 'MÊS_abr', 'MÊS_jan', 'MÊS_jul', 'MÊS_jun', 'MÊS_mar', 'MÊS_nov', 'MÊS_out', 'MÊS_set', 'ANO_2015', 'ANO_2016', 'ANO_2017', 'ANO_2018', 'ANO_2019', 'ANO_2020', 'CAMPUS_ASSIS CHATEAUBRIAND', 'CAMPUS_BARRACÃO', 'CAMPUS_CAPANEMA', 'CAMPUS_CASCAVEL', 'CAMPUS_CORONEL VIVIDA', 'CAMPUS_CURITIBA', 'CAMPUS_FOZ DO IGUAÇU', 'CAMPUS_GOIOERÊ', 'CAMPUS_IRATI', 'CAMPUS_IVAIPORÃ', 'CAMPUS_JACAREZINHO', 'CAMPUS_JAGUARIAÍVA', 'CAMPUS_LONDRINA - CENTRO', 'CAMPUS_PARANAGUÁ', 'CAMPUS_PITANGA', 'CAMPUS_UNIÃO DA VITÓRIA', 'CURSOS_TEC_CONCOMITANTE', 'CURSOS_TEC_SUBSEQUENTE', 'CURSOS_GRAD_MATUTINO', 'CURSOS_GRAD_VESPERTINO', 'CURSOS_POS', 'COVID', 'GREVE', 'LAG_01', 'LAG_02', 'LAG_05', 'LAG_06', 'LAG_07', 'LAG_09');0.2852
('TEMP_MIN_MÉD_MENS', 'TEMP_MÉD_MIN_MENS', 'TEMP_MÉD_MÉD_MENS', 'TEMP_MÉD_MAX_MENS', 'TEMP_MAX_MÉD_MENS', 'PRECIPITAÇÃO_MÉD_MENS', 'TEMP_MIN_MIN_MENS', 'TEMP_MIN_MAX_MENS', 'TEMP_MIN_ACC_MENS', 'TEMP_MAX_MIN_MENS', 'PRECIPITAÇÃO_MIN_MENS', 'TEMP_MAX_ACC_MENS', 'PRECIPITAÇÃO_MAX_MENS', 'PRECIPITAÇÃO_ACC_MENS', 'DIA_DA_SEMANA_qua', 'DIA_DA_SEMANA_qui', 'DIA_DA_SEMANA_sáb', 'DIA_DA_SEMANA_ter', 'MÊS_dez', 'MÊS_fev', 'MÊS_jan', 'MÊS_jul', 'MÊS_jun', 'ANO_2023', 'ANO_2024', 'ANO_2018', 'CAMPUS_ASSIS CHATEAUBRIAND', 'CAMPUS_ASTORGA', 'CAMPUS_BARRACÃO', 'CAMPUS_CAMPO LARGO', 'CAMPUS_CAPANEMA', 'CAMPUS_CORONEL VIVIDA', 'CAMPUS_IRATI', 'CAMPUS_IVAIPORÃ', 'CAMPUS_LONDRINA - CENTRO', 'CAMPUS_PARANAGUÁ', 'CAMPUS_PITANGA', 'CAMPUS_QUEDAS DO IGUAÇU', 'CAMPUS_TELÊMACO BORBA', 'CAMPUS_UMUARAMA', 'CURSOS_TEC_CONCOMITANTE', 'CURSOS_TEC_SUBSEQUENTE', 'CURSOS_GRAD_VESPERTINO', 'CURSOS_GRAD_NOTURNO', 'CURSOS_POS', 'FÉRIAS', 'FERIADO', 'COVID', 'LAG_04', 'LAG_06', 'LAG_07', 'LAG_08', 'LAG_09', 'LAG_11');0.28528
('TEMP_MÉD_MIN_MENS', 'TEMP_MAX_MÉD_MENS', 'PRECIPITAÇÃO_MÉD_MENS', 'TEMP_MIN_MAX_MENS', 'TEMP_MIN_ACC_MENS', 'TEMP_MAX_MIN_MENS', 'TEMP_MAX_MAX_MENS', 'TEMP_MAX_ACC_MENS', 'PRECIPITAÇÃO_MAX_MENS', 'PRECIPITAÇÃO_ACC_MENS', 'DIA_DA_SEMANA_qua', 'DIA_DA_SEMANA_qui', 'DIA_DA_SEMANA_seg', 'DIA_DA_SEMANA_sex', 'DIA_DA_SEMANA_sáb', 'MÊS_fev', 'MÊS_jan', 'MÊS_jul', 'MÊS_mai', 'MÊS_nov', 'MÊS_out', 'MÊS_set', 'ANO_2021', 'ANO_2022', 'ANO_2019', 'CAMPUS_BARRACÃO', 'CAMPUS_CAMPO LARGO', 'CAMPUS_CAPANEMA', 'CAMPUS_CASCAVEL', 'CAMPUS_CORONEL VIVIDA', 'CAMPUS_CURITIBA', 'CAMPUS_GOIOERÊ', 'CAMPUS_IRATI', 'CAMPUS_JACAREZINHO', 'CAMPUS_JAGUARIAÍVA', 'CAMPUS_PALMAS', 'CAMPUS_PARANAVAÍ', 'CAMPUS_PINHAIS', 'CAMPUS_PITANGA', 'CAMPUS_QUEDAS DO IGUAÇU', 'CURSOS_TEC_CONCOMITANTE', 'CURSOS_TEC_INTEGRADO', 'CURSOS_TEC_SUBSEQUENTE', 'CURSOS_GRAD_VESPERTINO', 'CURSOS_POS', 'FÉRIAS', 'FERIADO', 'COVID', 'GREVE', 'LAG_01', 'LAG_02', 'LAG_03', 'LAG_04', 'LAG_06', 'LAG_07', 'LAG_08', 'LAG_09', 'LAG_10');0.28543
('TEMP_MIN_MÉD_MENS', 'TEMP_MÉD_MIN_MENS', 'TEMP_MÉD_MÉD_MENS', 'TEMP_MÉD_ACC_MENS', 'PRECIPITAÇÃO_MÉD_MENS', 'TEMP_MIN_MIN_MENS', 'TEMP_MIN_MAX_MENS', 'TEMP_MAX_MIN_MENS', 'TEMP_MAX_MAX_MENS', 'TEMP_MAX_ACC_MENS', 'DIA_DA_SEMANA_qua', 'DIA_DA_SEMANA_sex', 'DIA_DA_SEMANA_sáb', 'MÊS_ago', 'MÊS_dez', 'MÊS_jun', 'MÊS_mai', 'MÊS_mar', 'MÊS_nov', 'ANO_2021', 'ANO_2015', 'ANO_2017', 'ANO_2020', 'CAMPUS_ASSIS CHATEAUBRIAND', 'CAMPUS_BARRACÃO', 'CAMPUS_CAPANEMA', 'CAMPUS_CASCAVEL', 'CAMPUS_CORONEL VIVIDA', 'CAMPUS_CURITIBA', 'CAMPUS_FOZ DO IGUAÇU', 'CAMPUS_GOIOERÊ', 'CAMPUS_IRATI', 'CAMPUS_IVAIPORÃ', 'CAMPUS_JACAREZINHO', 'CAMPUS_JAGUARIAÍVA', 'CAMPUS_LONDRINA - CENTRO', 'CAMPUS_PARANAGUÁ', 'CAMPUS_PARANAVAÍ', 'CAMPUS_PINHAIS', 'CAMPUS_PITANGA', 'CAMPUS_QUEDAS DO IGUAÇU', 'CAMPUS_TELÊMACO BORBA', 'CAMPUS_UMUARAMA', 'CAMPUS_UNIÃO DA VITÓRIA', 'CURSOS_GRAD_VESPERTINO', 'CURSOS_GRAD_NOTURNO', 'CURSOS_POS', 'FÉRIAS', 'FERIADO', 'COVID', 'GREVE', 'ORDEM', 'LAG_01', 'LAG_02', 'LAG_06', 'LAG_09', 'LAG_10', 'LAG_11', 'LAG_12');0.28543
('TEMP_MÉD_MIN_MENS', 'TEMP_MÉD_MÉD_MENS', 'TEMP_MÉD_MAX_MENS', 'TEMP_MÉD_ACC_MENS', 'TEMP_MAX_MÉD_MENS', 'TEMP_MIN_MAX_MENS', 'TEMP_MAX_MIN_MENS', 'PRECIPITAÇÃO_MIN_MENS', 'PRECIPITAÇÃO_MAX_MENS', 'DIA_DA_SEMANA_dom', 'DIA_DA_SEMANA_qua', 'DIA_DA_SEMANA_qui', 'DIA_DA_SEMANA_sex', 'DIA_DA_SEMANA_sáb', 'MÊS_fev', 'MÊS_jan', 'MÊS_jul', 'MÊS_mar', 'MÊS_nov', 'ANO_2021', 'ANO_2023', 'ANO_2024', 'ANO_2015', 'ANO_2017', 'ANO_2018', 'ANO_2019', 'ANO_2020', 'CAMPUS_BARRACÃO', 'CAMPUS_CAMPO LARGO', 'CAMPUS_CAPANEMA', 'CAMPUS_CORONEL VIVIDA', 'CAMPUS_FOZ DO IGUAÇU', 'CAMPUS_IVAIPORÃ', 'CAMPUS_JACAREZINHO', 'CAMPUS_PALMAS', 'CAMPUS_PINHAIS', 'CAMPUS_QUEDAS DO IGUAÇU', 'CAMPUS_TELÊMACO BORBA', 'CAMPUS_UMUARAMA', 'CAMPUS_UNIÃO DA VITÓRIA', 'CURSOS_TEC_CONCOMITANTE', 'CURSOS_TEC_INTEGRADO', 'CURSOS_TEC_SUBSEQUENTE', 'CURSOS_GRAD_MATUTINO', 'CURSOS_GRAD_VESPERTINO', 'CURSOS_GRAD_NOTURNO', 'CURSOS_POS', 'FÉRIAS', 'COVID', 'GREVE', 'ORDEM', 'LAG_01', 'LAG_02', 'LAG_03', 'LAG_04', 'LAG_05', 'LAG_06', 'LAG_07', 'LAG_10', 'LAG_12');0.2855
('TEMP_MÉD_MIN_MENS', 'TEMP_MÉD_MAX_MENS', 'TEMP_MÉD_ACC_MENS', 'TEMP_MAX_MÉD_MENS', 'PRECIPITAÇÃO_MÉD_MENS', 'TEMP_MIN_MIN_MENS', 'TEMP_MAX_MIN_MENS', 'PRECIPITAÇÃO_MIN_MENS', 'TEMP_MAX_MAX_MENS', 'TEMP_MAX_ACC_MENS', 'PRECIPITAÇÃO_MAX_MENS', 'PRECIPITAÇÃO_ACC_MENS', 'DIA_DA_SEMANA_qua', 'DIA_DA_SEMANA_seg', 'DIA_DA_SEMANA_sáb', 'DIA_DA_SEMANA_ter', 'MÊS_abr', 'MÊS_fev', 'MÊS_jan', 'MÊS_jul', 'MÊS_jun', 'MÊS_nov', 'MÊS_out', 'MÊS_set', 'ANO_2021', 'ANO_2022', 'ANO_2023', 'ANO_2024', 'ANO_2016', 'ANO_2018', 'CAMPUS_ASSIS CHATEAUBRIAND', 'CAMPUS_BARRACÃO', 'CAMPUS_CAMPO LARGO', 'CAMPUS_CAPANEMA', 'CAMPUS_CORONEL VIVIDA', 'CAMPUS_FOZ DO IGUAÇU', 'CAMPUS_GOIOERÊ', 'CAMPUS_IRATI', 'CAMPUS_JAGUARIAÍVA', 'CAMPUS_LONDRINA - CENTRO', 'CAMPUS_PALMAS', 'CAMPUS_PINHAIS', 'CAMPUS_PITANGA', 'CAMPUS_TELÊMACO BORBA', 'CAMPUS_UMUARAMA', 'CAMPUS_UNIÃO DA VITÓRIA', 'CURSOS_TEC_CONCOMITANTE', 'CURSOS_GRAD_VESPERTINO', 'CURSOS_POS', 'FÉRIAS', 'FERIADO', 'COVID', 'ORDEM', 'LAG_02', 'LAG_04', 'LAG_05', 'LAG_06', 'LAG_07', 'LAG_08', 'LAG_10', 'LAG_11', 'LAG_12');0.28553
('TEMP_MIN_MÉD_MENS', 'TEMP_MÉD_MIN_MENS', 'TEMP_MÉD_MÉD_MENS', 'TEMP_MÉD_ACC_MENS', 'TEMP_MIN_MIN_MENS', 'TEMP_MIN_MAX_MENS', 'TEMP_MIN_ACC_MENS', 'PRECIPITAÇÃO_MIN_MENS', 'PRECIPITAÇÃO_ACC_MENS', 'DIA_DA_SEMANA_qui', 'DIA_DA_SEMANA_seg', 'DIA_DA_SEMANA_sáb', 'DIA_DA_SEMANA_ter', 'MÊS_abr', 'MÊS_ago', 'MÊS_jan', 'MÊS_jun', 'MÊS_mai', 'MÊS_nov', 'MÊS_out', 'MÊS_set', 'ANO_2021', 'ANO_2022', 'ANO_2023', 'ANO_2024', 'ANO_2017', 'ANO_2018', 'ANO_2019', 'ANO_2020', 'CAMPUS_ASTORGA', 'CAMPUS_CAMPO LARGO', 'CAMPUS_CASCAVEL', 'CAMPUS_CORONEL VIVIDA', 'CAMPUS_CURITIBA', 'CAMPUS_GOIOERÊ', 'CAMPUS_JACAREZINHO', 'CAMPUS_LONDRINA - CENTRO', 'CAMPUS_PALMAS', 'CAMPUS_PARANAVAÍ', 'CAMPUS_PITANGA', 'CAMPUS_QUEDAS DO IGUAÇU', 'CAMPUS_TELÊMACO BORBA', 'CAMPUS_UMUARAMA', 'CURSOS_TEC_CONCOMITANTE', 'CURSOS_TEC_INTEGRADO', 'CURSOS_TEC_SUBSEQUENTE', 'CURSOS_GRAD_MATUTINO', 'CURSOS_GRAD_VESPERTINO', 'CURSOS_GRAD_NOTURNO', 'CURSOS_POS', 'FÉRIAS', 'FERIADO', 'COVID', 'ORDEM', 'LAG_03', 'LAG_04', 'LAG_06', 'LAG_07', 'LAG_08', 'LAG_09', 'LAG_11', 'LAG_12');0.28554
('TEMP_MÉD_MIN_MENS', 'TEMP_MÉD_MAX_MENS', 'PRECIPITAÇÃO_MÉD_MENS', 'TEMP_MIN_MIN_MENS', 'TEMP_MIN_MAX_MENS', 'TEMP_MAX_MIN_MENS', 'PRECIPITAÇÃO_MIN_MENS', 'TEMP_MAX_MAX_MENS', 'TEMP_MAX_ACC_MENS', 'DIA_DA_SEMANA_dom', 'DIA_DA_SEMANA_seg', 'DIA_DA_SEMANA_sáb', 'MÊS_abr', 'MÊS_ago', 'MÊS_dez', 'MÊS_jan', 'MÊS_jul', 'MÊS_jun', 'MÊS_nov', 'ANO_2024', 'ANO_2015', 'ANO_2016', 'ANO_2018', 'ANO_2019', 'ANO_2020', 'CAMPUS_ASTORGA', 'CAMPUS_CASCAVEL', 'CAMPUS_CORONEL VIVIDA', 'CAMPUS_JACAREZINHO', 'CAMPUS_PARANAVAÍ', 'CAMPUS_PINHAIS', 'CAMPUS_UMUARAMA', 'CAMPUS_UNIÃO DA VITÓRIA', 'CURSOS_TEC_CONCOMITANTE', 'CURSOS_TEC_SUBSEQUENTE', 'CURSOS_GRAD_VESPERTINO', 'CURSOS_POS', 'FÉRIAS', 'FERIADO', 'COVID', 'ORDEM', 'LAG_02', 'LAG_04', 'LAG_05', 'LAG_06', 'LAG_08', 'LAG_09', 'LAG_10', 'LAG_11');0.28557
('TEMP_MIN_MÉD_MENS', 'TEMP_MÉD_MIN_MENS', 'TEMP_MÉD_MAX_MENS', 'TEMP_MAX_MÉD_MENS', 'TEMP_MIN_MIN_MENS', 'TEMP_MIN_ACC_MENS', 'PRECIPITAÇÃO_MIN_MENS', 'TEMP_MAX_MAX_MENS', 'PRECIPITAÇÃO_MAX_MENS', 'PRECIPITAÇÃO_ACC_MENS', 'DIA_DA_SEMANA_qui', 'DIA_DA_SEMANA_seg', 'DIA_DA_SEMANA_sáb', 'MÊS_jan', 'MÊS_jun', 'MÊS_mai', 'MÊS_set', 'ANO_2023', 'ANO_2024', 'ANO_2016', 'ANO_2017', 'ANO_2018', 'ANO_2019', 'ANO_2020', 'CAMPUS_ASSIS CHATEAUBRIAND', 'CAMPUS_CAPANEMA', 'CAMPUS_CORONEL VIVIDA', 'CAMPUS_CURITIBA', 'CAMPUS_FOZ DO IGUAÇU', 'CAMPUS_IRATI', 'CAMPUS_IVAIPORÃ', 'CAMPUS_JAGUARIAÍVA', 'CAMPUS_LONDRINA - CENTRO', 'CAMPUS_PARANAGUÁ', 'CAMPUS_PARANAVAÍ', 'CAMPUS_PINHAIS', 'CAMPUS_PITANGA', 'CAMPUS_QUEDAS DO IGUAÇU', 'CAMPUS_UNIÃO DA VITÓRIA', 'CURSOS_TEC_SUBSEQUENTE', 'CURSOS_GRAD_VESPERTINO', 'FÉRIAS', 'FERIADO', 'GREVE', 'ORDEM', 'LAG_01', 'LAG_02', 'LAG_03', 'LAG_05', 'LAG_06', 'LAG_07', 'LAG_08', 'LAG_10');0.28557
('TEMP_MIN_MÉD_MENS', 'TEMP_MÉD_MIN_MENS', 'TEMP_MÉD_ACC_MENS', 'PRECIPITAÇÃO_MÉD_MENS', 'TEMP_MIN_MIN_MENS', 'TEMP_MIN_ACC_MENS', 'PRECIPITAÇÃO_MIN_MENS', 'TEMP_MAX_ACC_MENS', 'PRECIPITAÇÃO_MAX_MENS', 'DIA_DA_SEMANA_qua', 'DIA_DA_SEMANA_qui', 'DIA_DA_SEMANA_sex', 'DIA_DA_SEMANA_ter', 'MÊS_ago', 'MÊS_fev', 'MÊS_set', 'ANO_2021', 'ANO_2024', 'ANO_2018', 'ANO_2019', 'CAMPUS_ASTORGA', 'CAMPUS_CAMPO LARGO', 'CAMPUS_CAPANEMA', 'CAMPUS_CURITIBA', 'CAMPUS_FOZ DO IGUAÇU', 'CAMPUS_IRATI', 'CAMPUS_IVAIPORÃ', 'CAMPUS_JACAREZINHO', 'CAMPUS_LONDRINA - CENTRO', 'CAMPUS_PALMAS', 'CAMPUS_PARANAVAÍ', 'CAMPUS_TELÊMACO BORBA', 'CURSOS_TEC_INTEGRADO', 'CURSOS_GRAD_VESPERTINO', 'CURSOS_POS', 'FÉRIAS', 'FERIADO', 'COVID', 'ORDEM', 'LAG_01', 'LAG_02', 'LAG_03', 'LAG_04', 'LAG_06', 'LAG_08', 'LAG_09', 'LAG_10', 'LAG_11', 'LAG_12');0.28561
('TEMP_MIN_MÉD_MENS', 'TEMP_MÉD_MIN_MENS', 'TEMP_MÉD_MÉD_MENS', 'TEMP_MÉD_MAX_MENS', 'TEMP_MAX_MÉD_MENS', 'PRECIPITAÇÃO_MÉD_MENS', 'TEMP_MIN_MIN_MENS', 'PRECIPITAÇÃO_MAX_MENS', 'DIA_DA_SEMANA_dom', 'DIA_DA_SEMANA_qua', 'DIA_DA_SEMANA_qui', 'DIA_DA_SEMANA_seg', 'DIA_DA_SEMANA_sex', 'DIA_DA_SEMANA_sáb', 'DIA_DA_SEMANA_ter', 'MÊS_abr', 'MÊS_ago', 'MÊS_dez', 'MÊS_mai', 'MÊS_nov', 'MÊS_out', 'MÊS_set', 'ANO_2024', 'ANO_2016', 'ANO_2017', 'ANO_2019', 'ANO_2020', 'CAMPUS_ASTORGA', 'CAMPUS_BARRACÃO', 'CAMPUS_CAMPO LARGO', 'CAMPUS_CAPANEMA', 'CAMPUS_CASCAVEL', 'CAMPUS_CORONEL VIVIDA', 'CAMPUS_CURITIBA', 'CAMPUS_PARANAGUÁ', 'CAMPUS_PINHAIS', 'CURSOS_TEC_CONCOMITANTE', 'CURSOS_TEC_INTEGRADO', 'CURSOS_TEC_SUBSEQUENTE', 'CURSOS_GRAD_MATUTINO', 'CURSOS_GRAD_NOTURNO', 'FÉRIAS', 'COVID', 'GREVE', 'ORDEM', 'LAG_03', 'LAG_04', 'LAG_05', 'LAG_06', 'LAG_07', 'LAG_09', 'LAG_10', 'LAG_11');0.28569
('TEMP_MÉD_MÉD_MENS', 'TEMP_MÉD_ACC_MENS', 'TEMP_MAX_MÉD_MENS', 'TEMP_MIN_MAX_MENS', 'TEMP_MAX_MIN_MENS', 'PRECIPITAÇÃO_MIN_MENS', 'TEMP_MAX_MAX_MENS', 'PRECIPITAÇÃO_MAX_MENS', 'PRECIPITAÇÃO_ACC_MENS', 'DIA_DA_SEMANA_dom', 'DIA_DA_SEMANA_qua', 'DIA_DA_SEMANA_seg', 'DIA_DA_SEMANA_ter', 'MÊS_abr', 'MÊS_ago', 'MÊS_jul', 'MÊS_mai', 'MÊS_mar', 'MÊS_nov', 'MÊS_set', 'ANO_2021', 'ANO_2023', 'ANO_2016', 'ANO_2018', 'ANO_2019', 'CAMPUS_ASSIS CHATEAUBRIAND', 'CAMPUS_ASTORGA', 'CAMPUS_BARRACÃO', 'CAMPUS_CASCAVEL', 'CAMPUS_CORONEL VIVIDA', 'CAMPUS_CURITIBA', 'CAMPUS_FOZ DO IGUAÇU', 'CAMPUS_IRATI', 'CAMPUS_IVAIPORÃ', 'CAMPUS_JACAREZINHO', 'CAMPUS_JAGUARIAÍVA', 'CAMPUS_LONDRINA - CENTRO', 'CAMPUS_PARANAGUÁ', 'CAMPUS_PARANAVAÍ', 'CAMPUS_QUEDAS DO IGUAÇU', 'CAMPUS_TELÊMACO BORBA', 'CAMPUS_UMUARAMA', 'CAMPUS_UNIÃO DA VITÓRIA', 'CURSOS_TEC_CONCOMITANTE', 'CURSOS_GRAD_MATUTINO', 'CURSOS_GRAD_VESPERTINO', 'CURSOS_POS', 'FÉRIAS', 'COVID', 'GREVE', 'LAG_04', 'LAG_05', 'LAG_07', 'LAG_08', 'LAG_10');0.28574
('TEMP_MÉD_MIN_MENS', 'TEMP_MÉD_MÉD_MENS', 'TEMP_MÉD_MAX_MENS', 'TEMP_MÉD_ACC_MENS', 'TEMP_MAX_MÉD_MENS', 'TEMP_MIN_MIN_MENS', 'TEMP_MIN_MAX_MENS', 'PRECIPITAÇÃO_MIN_MENS', 'TEMP_MAX_MAX_MENS', 'TEMP_MAX_ACC_MENS', 'PRECIPITAÇÃO_MAX_MENS', 'PRECIPITAÇÃO_ACC_MENS', 'DIA_DA_SEMANA_qua', 'DIA_DA_SEMANA_seg', 'DIA_DA_SEMANA_ter', 'MÊS_abr', 'MÊS_ago', 'MÊS_dez', 'MÊS_fev', 'MÊS_jan', 'MÊS_jul', 'MÊS_mai', 'MÊS_mar', 'MÊS_nov', 'MÊS_out', 'ANO_2022', 'ANO_2023', 'ANO_2024', 'ANO_2016', 'ANO_2019', 'ANO_2020', 'CAMPUS_ASSIS CHATEAUBRIAND', 'CAMPUS_CAMPO LARGO', 'CAMPUS_CASCAVEL', 'CAMPUS_CORONEL VIVIDA', 'CAMPUS_CURITIBA', 'CAMPUS_FOZ DO IGUAÇU', 'CAMPUS_GOIOERÊ', 'CAMPUS_IRATI', 'CAMPUS_JAGUARIAÍVA', 'CAMPUS_LONDRINA - CENTRO', 'CAMPUS_PALMAS', 'CAMPUS_PINHAIS', 'CAMPUS_UMUARAMA', 'CURSOS_TEC_CONCOMITANTE', 'CURSOS_TEC_INTEGRADO', 'CURSOS_TEC_SUBSEQUENTE', 'CURSOS_GRAD_MATUTINO', 'CURSOS_GRAD_VESPERTINO', 'CURSOS_GRAD_NOTURNO', 'CURSOS_POS', 'COVID', 'ORDEM', 'LAG_01', 'LAG_03', 'LAG_04', 'LAG_05', 'LAG_06', 'LAG_07', 'LAG_10');0.28576
('TEMP_MIN_MÉD_MENS', 'TEMP_MÉD_MÉD_MENS', 'TEMP_MAX_MÉD_MENS', 'PRECIPITAÇÃO_MÉD_MENS', 'TEMP_MIN_MIN_MENS', 'TEMP_MIN_MAX_MENS', 'PRECIPITAÇÃO_MAX_MENS', 'PRECIPITAÇÃO_ACC_MENS', 'DIA_DA_SEMANA_dom', 'DIA_DA_SEMANA_qui', 'DIA_DA_SEMANA_ter', 'MÊS_ago', 'MÊS_dez', 'MÊS_jan', 'MÊS_jul', 'MÊS_jun', 'ANO_2021', 'ANO_2022', 'ANO_2024', 'ANO_2016', 'ANO_2018', 'ANO_2019', 'CAMPUS_BARRACÃO', 'CAMPUS_CAMPO LARGO', 'CAMPUS_CAPANEMA', 'CAMPUS_CASCAVEL', 'CAMPUS_CORONEL VIVIDA', 'CAMPUS_CURITIBA', 'CAMPUS_GOIOERÊ', 'CAMPUS_IRATI', 'CAMPUS_JACAREZINHO', 'CAMPUS_LONDRINA - CENTRO', 'CAMPUS_PARANAGUÁ', 'CAMPUS_PINHAIS', 'CAMPUS_PITANGA', 'CAMPUS_QUEDAS DO IGUAÇU', 'CAMPUS_TELÊMACO BORBA', 'CAMPUS_UMUARAMA', 'CURSOS_GRAD_NOTURNO', 'COVID', 'GREVE', 'ORDEM', 'LAG_01', 'LAG_02', 'LAG_03', 'LAG_06', 'LAG_07', 'LAG_09', 'LAG_11');0.28577
('TEMP_MIN_MÉD_MENS', 'TEMP_MÉD_MÉD_MENS', 'TEMP_MÉD_MAX_MENS', 'TEMP_MÉD_ACC_MENS', 'TEMP_MAX_MÉD_MENS', 'PRECIPITAÇÃO_MÉD_MENS', 'TEMP_MIN_MIN_MENS', 'TEMP_MIN_ACC_MENS', 'PRECIPITAÇÃO_MIN_MENS', 'PRECIPITAÇÃO_ACC_MENS', 'DIA_DA_SEMANA_dom', 'DIA_DA_SEMANA_qui', 'DIA_DA_SEMANA_seg', 'DIA_DA_SEMANA_sex', 'DIA_DA_SEMANA_sáb', 'DIA_DA_SEMANA_ter', 'MÊS_abr', 'MÊS_ago', 'MÊS_dez', 'MÊS_fev', 'MÊS_jan', 'MÊS_jul', 'MÊS_jun', 'MÊS_mar', 'MÊS_out', 'ANO_2021', 'ANO_2016', 'ANO_2017', 'ANO_2019', 'CAMPUS_ASSIS CHATEAUBRIAND', 'CAMPUS_ASTORGA', 'CAMPUS_BARRACÃO', 'CAMPUS_CASCAVEL', 'CAMPUS_CURITIBA', 'CAMPUS_FOZ DO IGUAÇU', 'CAMPUS_GOIOERÊ', 'CAMPUS_IVAIPORÃ', 'CAMPUS_JAGUARIAÍVA', 'CAMPUS_PALMAS', 'CAMPUS_PARANAGUÁ', 'CAMPUS_PINHAIS', 'CAMPUS_PITANGA', 'CURSOS_TEC_CONCOMITANTE', 'CURSOS_TEC_INTEGRADO', 'CURSOS_TEC_SUBSEQUENTE', 'CURSOS_GRAD_MATUTINO', 'CURSOS_GRAD_NOTURNO', 'FÉRIAS', 'FERIADO', 'COVID', 'GREVE', 'ORDEM', 'LAG_01', 'LAG_02', 'LAG_03', 'LAG_04', 'LAG_05', 'LAG_08', 'LAG_11');0.28587
('TEMP_MIN_MÉD_MENS', 'TEMP_MÉD_MIN_MENS', 'TEMP_MÉD_MÉD_MENS', 'TEMP_MÉD_MAX_MENS', 'PRECIPITAÇÃO_MÉD_MENS', 'TEMP_MIN_MIN_MENS', 'TEMP_MIN_ACC_MENS', 'TEMP_MAX_MAX_MENS', 'TEMP_MAX_ACC_MENS', 'PRECIPITAÇÃO_MAX_MENS', 'PRECIPITAÇÃO_ACC_MENS', 'DIA_DA_SEMANA_qui', 'DIA_DA_SEMANA_seg', 'DIA_DA_SEMANA_sex', 'DIA_DA_SEMANA_sáb', 'DIA_DA_SEMANA_ter', 'MÊS_abr', 'MÊS_fev', 'MÊS_jan', 'MÊS_jul', 'MÊS_mai', 'MÊS_out', 'MÊS_set', 'ANO_2021', 'ANO_2022', 'ANO_2023', 'ANO_2024', 'ANO_2015', 'ANO_2016', 'ANO_2017', 'ANO_2018', 'CAMPUS_ASSIS CHATEAUBRIAND', 'CAMPUS_BARRACÃO', 'CAMPUS_CAMPO LARGO', 'CAMPUS_CAPANEMA', 'CAMPUS_CASCAVEL', 'CAMPUS_CORONEL VIVIDA', 'CAMPUS_FOZ DO IGUAÇU', 'CAMPUS_GOIOERÊ', 'CAMPUS_JACAREZINHO', 'CAMPUS_LONDRINA - CENTRO', 'CAMPUS_PARANAGUÁ', 'CAMPUS_PARANAVAÍ', 'CAMPUS_PITANGA', 'CAMPUS_QUEDAS DO IGUAÇU', 'CAMPUS_UNIÃO DA VITÓRIA', 'CURSOS_TEC_INTEGRADO', 'CURSOS_TEC_SUBSEQUENTE', 'CURSOS_GRAD_MATUTINO', 'CURSOS_GRAD_VESPERTINO', 'CURSOS_GRAD_NOTURNO', 'FÉRIAS', 'FERIADO', 'COVID', 'GREVE', 'ORDEM', 'LAG_01', 'LAG_03', 'LAG_06', 'LAG_08', 'LAG_11', 'LAG_12');0.28597
('TEMP_MIN_MÉD_MENS', 'TEMP_MÉD_MÉD_MENS', 'TEMP_MÉD_ACC_MENS', 'TEMP_MAX_MÉD_MENS', 'PRECIPITAÇÃO_MÉD_MENS', 'TEMP_MIN_ACC_MENS', 'TEMP_MAX_MIN_MENS', 'PRECIPITAÇÃO_MIN_MENS', 'TEMP_MAX_ACC_MENS', 'PRECIPITAÇÃO_MAX_MENS', 'PRECIPITAÇÃO_ACC_MENS', 'DIA_DA_SEMANA_dom', 'DIA_DA_SEMANA_seg', 'DIA_DA_SEMANA_sex', 'MÊS_ago', 'MÊS_dez', 'MÊS_jan', 'MÊS_jul', 'MÊS_mai', 'MÊS_nov', 'MÊS_out', 'MÊS_set', 'ANO_2023', 'ANO_2024', 'ANO_2015', 'ANO_2016', 'ANO_2017', 'ANO_2018', 'ANO_2019', 'ANO_2020', 'CAMPUS_ASSIS CHATEAUBRIAND', 'CAMPUS_ASTORGA', 'CAMPUS_BARRACÃO', 'CAMPUS_CAMPO LARGO', 'CAMPUS_CURITIBA', 'CAMPUS_FOZ DO IGUAÇU', 'CAMPUS_GOIOERÊ', 'CAMPUS_IVAIPORÃ', 'CAMPUS_JAGUARIAÍVA', 'CAMPUS_LONDRINA - CENTRO', 'CAMPUS_PALMAS', 'CAMPUS_PARANAGUÁ', 'CAMPUS_PARANAVAÍ', 'CAMPUS_PITANGA', 'CAMPUS_QUEDAS DO IGUAÇU', 'CAMPUS_TELÊMACO BORBA', 'CURSOS_TEC_CONCOMITANTE', 'CURSOS_TEC_SUBSEQUENTE', 'CURSOS_GRAD_MATUTINO', 'CURSOS_POS', 'COVID', 'GREVE', 'ORDEM', 'LAG_01', 'LAG_02', 'LAG_03', 'LAG_05', 'LAG_06', 'LAG_09', 'LAG_10', 'LAG_11', 'LAG_12');0.28598
('TEMP_MÉD_MIN_MENS', 'TEMP_MÉD_MÉD_MENS', 'TEMP_MÉD_ACC_MENS', 'TEMP_MAX_MÉD_MENS', 'PRECIPITAÇÃO_MÉD_MENS', 'TEMP_MIN_MIN_MENS', 'TEMP_MIN_ACC_MENS', 'PRECIPITAÇÃO_MIN_MENS', 'PRECIPITAÇÃO_MAX_MENS', 'PRECIPITAÇÃO_ACC_MENS', 'DIA_DA_SEMANA_dom', 'DIA_DA_SEMANA_qua', 'DIA_DA_SEMANA_sáb', 'MÊS_ago', 'MÊS_dez', 'MÊS_fev', 'MÊS_jan', 'MÊS_mar', 'MÊS_nov', 'MÊS_out', 'ANO_2021', 'ANO_2022', 'ANO_2023', 'ANO_2024', 'ANO_2015', 'ANO_2016', 'ANO_2017', 'ANO_2018', 'ANO_2019', 'ANO_2020', 'CAMPUS_ASTORGA', 'CAMPUS_CAPANEMA', 'CAMPUS_CASCAVEL', 'CAMPUS_CORONEL VIVIDA', 'CAMPUS_FOZ DO IGUAÇU', 'CAMPUS_GOIOERÊ', 'CAMPUS_IRATI', 'CAMPUS_IVAIPORÃ', 'CAMPUS_JACAREZINHO', 'CAMPUS_JAGUARIAÍVA', 'CAMPUS_PALMAS', 'CAMPUS_PINHAIS', 'CAMPUS_QUEDAS DO IGUAÇU', 'CURSOS_TEC_INTEGRADO', 'CURSOS_TEC_SUBSEQUENTE', 'CURSOS_GRAD_MATUTINO', 'CURSOS_GRAD_NOTURNO', 'FÉRIAS', 'FERIADO', 'COVID', 'ORDEM', 'LAG_02', 'LAG_03', 'LAG_04', 'LAG_06', 'LAG_07', 'LAG_09', 'LAG_10', 'LAG_11', 'LAG_12');0.28599
('TEMP_MÉD_MÉD_MENS', 'TEMP_MÉD_MAX_MENS', 'TEMP_MÉD_ACC_MENS', 'PRECIPITAÇÃO_MÉD_MENS', 'TEMP_MIN_MIN_MENS', 'TEMP_MIN_ACC_MENS', 'TEMP_MAX_MIN_MENS', 'TEMP_MAX_MAX_MENS', 'TEMP_MAX_ACC_MENS', 'DIA_DA_SEMANA_qua', 'DIA_DA_SEMANA_seg', 'DIA_DA_SEMANA_sex', 'MÊS_ago', 'MÊS_dez', 'MÊS_fev', 'MÊS_jul', 'MÊS_jun', 'MÊS_mai', 'MÊS_set', 'ANO_2023', 'ANO_2015', 'ANO_2016', 'ANO_2017', 'ANO_2019', 'ANO_2020', 'CAMPUS_ASSIS CHATEAUBRIAND', 'CAMPUS_ASTORGA', 'CAMPUS_BARRACÃO', 'CAMPUS_CAPANEMA', 'CAMPUS_CASCAVEL', 'CAMPUS_CURITIBA', 'CAMPUS_IRATI', 'CAMPUS_IVAIPORÃ', 'CAMPUS_JACAREZINHO', 'CAMPUS_JAGUARIAÍVA', 'CAMPUS_LONDRINA - CENTRO', 'CAMPUS_PALMAS', 'CAMPUS_PINHAIS', 'CAMPUS_PITANGA', 'CAMPUS_QUEDAS DO IGUAÇU', 'CAMPUS_TELÊMACO BORBA', 'CAMPUS_UNIÃO DA VITÓRIA', 'CURSOS_TEC_CONCOMITANTE', 'CURSOS_TEC_INTEGRADO', 'CURSOS_GRAD_MATUTINO', 'CURSOS_GRAD_VESPERTINO', 'CURSOS_POS', 'COVID', 'GREVE', 'ORDEM', 'LAG_01', 'LAG_02', 'LAG_03', 'LAG_04', 'LAG_05', 'LAG_06', 'LAG_07', 'LAG_09', 'LAG_10', 'LAG_12');0.28603
('TEMP_MÉD_MIN_MENS', 'TEMP_MÉD_MÉD_MENS', 'TEMP_MIN_MIN_MENS', 'TEMP_MIN_MAX_MENS', 'TEMP_MIN_ACC_MENS', 'TEMP_MAX_MIN_MENS', 'PRECIPITAÇÃO_MIN_MENS', 'DIA_DA_SEMANA_dom', 'DIA_DA_SEMANA_qua', 'DIA_DA_SEMANA_seg', 'DIA_DA_SEMANA_sáb', 'MÊS_ago', 'MÊS_dez', 'MÊS_jan', 'MÊS_jun', 'MÊS_mai', 'MÊS_mar', 'MÊS_out', 'ANO_2022', 'ANO_2015', 'ANO_2019', 'CAMPUS_ASSIS CHATEAUBRIAND', 'CAMPUS_BARRACÃO', 'CAMPUS_CAMPO LARGO', 'CAMPUS_CASCAVEL', 'CAMPUS_CURITIBA', 'CAMPUS_FOZ DO IGUAÇU', 'CAMPUS_GOIOERÊ', 'CAMPUS_IRATI', 'CAMPUS_IVAIPORÃ', 'CAMPUS_JACAREZINHO', 'CAMPUS_JAGUARIAÍVA', 'CAMPUS_LONDRINA - CENTRO', 'CAMPUS_PALMAS', 'CAMPUS_PARANAVAÍ', 'CAMPUS_PINHAIS', 'CAMPUS_PITANGA', 'CAMPUS_QUEDAS DO IGUAÇU', 'CAMPUS_UMUARAMA', 'CAMPUS_UNIÃO DA VITÓRIA', 'CURSOS_TEC_SUBSEQUENTE', 'CURSOS_GRAD_MATUTINO', 'CURSOS_GRAD_VESPERTINO', 'CURSOS_GRAD_NOTURNO', 'CURSOS_POS', 'FÉRIAS', 'FERIADO', 'COVID', 'GREVE', 'ORDEM', 'LAG_01', 'LAG_02', 'LAG_04', 'LAG_06', 'LAG_08', 'LAG_09', 'LAG_10', 'LAG_11', 'LAG_12');0.28612
('TEMP_MIN_MÉD_MENS', 'TEMP_MÉD_MIN_MENS', 'TEMP_MÉD_MÉD_MENS', 'TEMP_MÉD_MAX_MENS', 'TEMP_MAX_MÉD_MENS', 'PRECIPITAÇÃO_MÉD_MENS', 'TEMP_MIN_MIN_MENS', 'TEMP_MIN_MAX_MENS', 'TEMP_MIN_ACC_MENS', 'TEMP_MAX_MIN_MENS', 'PRECIPITAÇÃO_MIN_MENS', 'TEMP_MAX_ACC_MENS', 'DIA_DA_SEMANA_dom', 'DIA_DA_SEMANA_seg', 'DIA_DA_SEMANA_sex', 'DIA_DA_SEMANA_ter', 'MÊS_abr', 'MÊS_ago', 'MÊS_fev', 'MÊS_jul', 'MÊS_mar', 'MÊS_nov', 'ANO_2022', 'ANO_2023', 'ANO_2018', 'ANO_2020', 'CAMPUS_ASTORGA', 'CAMPUS_CAMPO LARGO', 'CAMPUS_CAPANEMA', 'CAMPUS_CORONEL VIVIDA', 'CAMPUS_CURITIBA', 'CAMPUS_IVAIPORÃ', 'CAMPUS_JACAREZINHO', 'CAMPUS_JAGUARIAÍVA', 'CAMPUS_PALMAS', 'CAMPUS_PARANAVAÍ', 'CAMPUS_QUEDAS DO IGUAÇU', 'CURSOS_TEC_CONCOMITANTE', 'CURSOS_TEC_INTEGRADO', 'CURSOS_TEC_SUBSEQUENTE', 'CURSOS_GRAD_MATUTINO', 'CURSOS_GRAD_NOTURNO', 'COVID', 'GREVE', 'ORDEM', 'LAG_01', 'LAG_05', 'LAG_06', 'LAG_08', 'LAG_09', 'LAG_10', 'LAG_11', 'LAG_12');0.28614
('TEMP_MIN_MÉD_MENS', 'TEMP_MÉD_MIN_MENS', 'TEMP_MÉD_MÉD_MENS', 'TEMP_MÉD_MAX_MENS', 'TEMP_MIN_MIN_MENS', 'TEMP_MIN_MAX_MENS', 'TEMP_MAX_MIN_MENS', 'PRECIPITAÇÃO_MIN_MENS', 'TEMP_MAX_MAX_MENS', 'DIA_DA_SEMANA_qua', 'MÊS_abr', 'MÊS_dez', 'MÊS_jan', 'MÊS_mai', 'ANO_2021', 'ANO_2023', 'ANO_2016', 'ANO_2017', 'ANO_2020', 'CAMPUS_ASSIS CHATEAUBRIAND', 'CAMPUS_BARRACÃO', 'CAMPUS_CAMPO LARGO', 'CAMPUS_CAPANEMA', 'CAMPUS_CASCAVEL', 'CAMPUS_GOIOERÊ', 'CAMPUS_IRATI', 'CAMPUS_JACAREZINHO', 'CAMPUS_JAGUARIAÍVA', 'CAMPUS_PALMAS', 'CAMPUS_PITANGA', 'CAMPUS_QUEDAS DO IGUAÇU', 'CAMPUS_TELÊMACO BORBA', 'CAMPUS_UMUARAMA', 'CURSOS_TEC_SUBSEQUENTE', 'CURSOS_GRAD_VESPERTINO', 'COVID', 'GREVE', 'ORDEM', 'LAG_01', 'LAG_02', 'LAG_03', 'LAG_04', 'LAG_05', 'LAG_06', 'LAG_07', 'LAG_09', 'LAG_10', 'LAG_11', 'LAG_12');0.28622
('TEMP_MÉD_MAX_MENS', 'TEMP_MÉD_ACC_MENS', 'PRECIPITAÇÃO_MÉD_MENS', 'TEMP_MIN_MIN_MENS', 'TEMP_MAX_MIN_MENS', 'TEMP_MAX_MAX_MENS', 'TEMP_MAX_ACC_MENS', 'PRECIPITAÇÃO_MAX_MENS', 'DIA_DA_SEMANA_dom', 'DIA_DA_SEMANA_qua', 'DIA_DA_SEMANA_seg', 'DIA_DA_SEMANA_ter', 'MÊS_fev', 'MÊS_jan', 'MÊS_jun', 'MÊS_mar', 'MÊS_nov', 'ANO_2024', 'ANO_2015', 'ANO_2019', 'ANO_2020', 'CAMPUS_ASSIS CHATEAUBRIAND', 'CAMPUS_ASTORGA', 'CAMPUS_BARRACÃO', 'CAMPUS_CAMPO LARGO', 'CAMPUS_CAPANEMA', 'CAMPUS_CORONEL VIVIDA', 'CAMPUS_FOZ DO IGUAÇU', 'CAMPUS_GOIOERÊ', 'CAMPUS_IRATI', 'CAMPUS_LONDRINA - CENTRO', 'CAMPUS_PARANAVAÍ', 'CAMPUS_PINHAIS', 'CAMPUS_PITANGA', 'CAMPUS_QUEDAS DO IGUAÇU', 'CURSOS_TEC_INTEGRADO', 'CURSOS_GRAD_NOTURNO', 'FÉRIAS', 'FERIADO', 'COVID', 'GREVE', 'ORDEM', 'LAG_01', 'LAG_05', 'LAG_06', 'LAG_07', 'LAG_08', 'LAG_10', 'LAG_11');0.28623
('TEMP_MIN_MÉD_MENS', 'TEMP_MÉD_MÉD_MENS', 'TEMP_MÉD_MAX_MENS', 'TEMP_MÉD_ACC_MENS', 'TEMP_MAX_MÉD_MENS', 'TEMP_MIN_ACC_MENS', 'TEMP_MAX_MIN_MENS', 'PRECIPITAÇÃO_ACC_MENS', 'DIA_DA_SEMANA_dom', 'DIA_DA_SEMANA_qua', 'MÊS_ago', 'MÊS_dez', 'MÊS_jul', 'MÊS_jun', 'MÊS_mar', 'MÊS_out', 'MÊS_set', 'ANO_2022', 'ANO_2024', 'ANO_2015', 'ANO_2016', 'ANO_2020', 'CAMPUS_ASTORGA', 'CAMPUS_CAMPO LARGO', 'CAMPUS_CAPANEMA', 'CAMPUS_CASCAVEL', 'CAMPUS_CORONEL VIVIDA', 'CAMPUS_FOZ DO IGUAÇU', 'CAMPUS_GOIOERÊ', 'CAMPUS_IRATI', 'CAMPUS_JACAREZINHO', 'CAMPUS_JAGUARIAÍVA', 'CAMPUS_PALMAS', 'CAMPUS_PINHAIS', 'CAMPUS_QUEDAS DO IGUAÇU', 'CAMPUS_TELÊMACO BORBA', 'CAMPUS_UMUARAMA', 'CURSOS_TEC_CONCOMITANTE', 'CURSOS_TEC_INTEGRADO', 'CURSOS_GRAD_MATUTINO', 'CURSOS_GRAD_NOTURNO', 'CURSOS_POS', 'FÉRIAS', 'COVID', 'ORDEM', 'LAG_01', 'LAG_02', 'LAG_03', 'LAG_04', 'LAG_05', 'LAG_09', 'LAG_10', 'LAG_11');0.28629
('TEMP_MIN_MÉD_MENS', 'TEMP_MÉD_MIN_MENS', 'TEMP_MÉD_MÉD_MENS', 'TEMP_MÉD_MAX_MENS', 'TEMP_MÉD_ACC_MENS', 'TEMP_MIN_ACC_MENS', 'TEMP_MAX_MIN_MENS', 'TEMP_MAX_MAX_MENS', 'TEMP_MAX_ACC_MENS', 'PRECIPITAÇÃO_MAX_MENS', 'PRECIPITAÇÃO_ACC_MENS', 'DIA_DA_SEMANA_seg', 'DIA_DA_SEMANA_sáb', 'MÊS_abr', 'MÊS_fev', 'MÊS_jul', 'MÊS_mai', 'MÊS_mar', 'MÊS_nov', 'MÊS_set', 'ANO_2023', 'ANO_2015', 'ANO_2016', 'ANO_2018', 'ANO_2019', 'CAMPUS_ASSIS CHATEAUBRIAND', 'CAMPUS_ASTORGA', 'CAMPUS_BARRACÃO', 'CAMPUS_CAMPO LARGO', 'CAMPUS_CASCAVEL', 'CAMPUS_CURITIBA', 'CAMPUS_GOIOERÊ', 'CAMPUS_IVAIPORÃ', 'CAMPUS_JACAREZINHO', 'CAMPUS_LONDRINA - CENTRO', 'CAMPUS_PARANAGUÁ', 'CAMPUS_PINHAIS', 'CAMPUS_PITANGA', 'CAMPUS_QUEDAS DO IGUAÇU', 'CAMPUS_TELÊMACO BORBA', 'CAMPUS_UNIÃO DA VITÓRIA', 'CURSOS_TEC_SUBSEQUENTE', 'CURSOS_GRAD_MATUTINO', 'CURSOS_GRAD_VESPERTINO', 'CURSOS_GRAD_NOTURNO', 'CURSOS_POS', 'FÉRIAS', 'COVID', 'GREVE', 'LAG_01', 'LAG_03', 'LAG_04', 'LAG_05', 'LAG_06', 'LAG_07', 'LAG_08', 'LAG_11');0.28631
('TEMP_MIN_MÉD_MENS', 'TEMP_MÉD_MIN_MENS', 'TEMP_MÉD_MAX_MENS', 'TEMP_MÉD_ACC_MENS', 'PRECIPITAÇÃO_MÉD_MENS', 'TEMP_MIN_MAX_MENS', 'TEMP_MAX_MIN_MENS', 'TEMP_MAX_MAX_MENS', 'TEMP_MAX_ACC_MENS', 'PRECIPITAÇÃO_MAX_MENS', 'DIA_DA_SEMANA_dom', 'DIA_DA_SEMANA_qua', 'DIA_DA_SEMANA_qui', 'DIA_DA_SEMANA_seg', 'DIA_DA_SEMANA_sex', 'DIA_DA_SEMANA_ter', 'MÊS_jul', 'MÊS_jun', 'MÊS_nov', 'ANO_2024', 'ANO_2015', 'ANO_2016', 'ANO_2017', 'ANO_2018', 'CAMPUS_ASTORGA', 'CAMPUS_BARRACÃO', 'CAMPUS_CAMPO LARGO', 'CAMPUS_CAPANEMA', 'CAMPUS_CASCAVEL', 'CAMPUS_CURITIBA', 'CAMPUS_FOZ DO IGUAÇU', 'CAMPUS_IRATI', 'CAMPUS_IVAIPORÃ', 'CAMPUS_JAGUARIAÍVA', 'CAMPUS_LONDRINA - CENTRO', 'CAMPUS_PARANAGUÁ', 'CAMPUS_PARANAVAÍ', 'CAMPUS_PITANGA', 'CAMPUS_QUEDAS DO IGUAÇU', 'CAMPUS_UMUARAMA', 'CURSOS_TEC_CONCOMITANTE', 'CURSOS_TEC_INTEGRADO', 'CURSOS_TEC_SUBSEQUENTE', 'CURSOS_GRAD_VESPERTINO', 'CURSOS_GRAD_NOTURNO', 'CURSOS_POS', 'FÉRIAS', 'COVID', 'GREVE', 'ORDEM', 'LAG_01', 'LAG_02', 'LAG_06', 'LAG_07', 'LAG_08', 'LAG_10', 'LAG_12');0.28632
('TEMP_MÉD_ACC_MENS', 'TEMP_MIN_MIN_MENS', 'TEMP_MIN_ACC_MENS', 'PRECIPITAÇÃO_MAX_MENS', 'PRECIPITAÇÃO_ACC_MENS', 'DIA_DA_SEMANA_sex', 'DIA_DA_SEMANA_sáb', 'DIA_DA_SEMANA_ter', 'MÊS_dez', 'MÊS_jan', 'MÊS_jun', 'MÊS_mai', 'MÊS_mar', 'MÊS_nov', 'MÊS_set', 'ANO_2021', 'ANO_2022', 'ANO_2023', 'ANO_2024', 'ANO_2015', 'ANO_2017', 'ANO_2019', 'ANO_2020', 'CAMPUS_ASSIS CHATEAUBRIAND', 'CAMPUS_CAPANEMA', 'CAMPUS_CASCAVEL', 'CAMPUS_GOIOERÊ', 'CAMPUS_JAGUARIAÍVA', 'CAMPUS_LONDRINA - CENTRO', 'CAMPUS_PALMAS', 'CAMPUS_PINHAIS', 'CAMPUS_PITANGA', 'CAMPUS_TELÊMACO BORBA', 'CAMPUS_UMUARAMA', 'CURSOS_TEC_INTEGRADO', 'CURSOS_TEC_SUBSEQUENTE', 'CURSOS_GRAD_MATUTINO', 'CURSOS_GRAD_NOTURNO', 'CURSOS_POS', 'FÉRIAS', 'COVID', 'GREVE', 'ORDEM', 'LAG_01', 'LAG_02', 'LAG_06', 'LAG_08', 'LAG_11');0.28632
('TEMP_MÉD_MIN_MENS', 'TEMP_MÉD_ACC_MENS', 'TEMP_MIN_MIN_MENS', 'TEMP_MIN_MAX_MENS', 'PRECIPITAÇÃO_MIN_MENS', 'TEMP_MAX_ACC_MENS', 'PRECIPITAÇÃO_ACC_MENS', 'DIA_DA_SEMANA_dom', 'DIA_DA_SEMANA_qua', 'DIA_DA_SEMANA_qui', 'DIA_DA_SEMANA_sex', 'DIA_DA_SEMANA_sáb', 'DIA_DA_SEMANA_ter', 'MÊS_abr', 'MÊS_ago', 'MÊS_dez', 'MÊS_fev', 'MÊS_jan', 'MÊS_jul', 'MÊS_jun', 'MÊS_mai', 'MÊS_mar', 'MÊS_set', 'ANO_2021', 'ANO_2022', 'ANO_2024', 'ANO_2015', 'CAMPUS_ASSIS CHATEAUBRIAND', 'CAMPUS_CAMPO LARGO', 'CAMPUS_CASCAVEL', 'CAMPUS_FOZ DO IGUAÇU', 'CAMPUS_GOIOERÊ', 'CAMPUS_JAGUARIAÍVA', 'CAMPUS_LONDRINA - CENTRO', 'CAMPUS_PALMAS', 'CAMPUS_PARANAGUÁ', 'CAMPUS_PINHAIS', 'CAMPUS_QUEDAS DO IGUAÇU', 'CAMPUS_TELÊMACO BORBA', 'CAMPUS_UMUARAMA', 'CAMPUS_UNIÃO DA VITÓRIA', 'CURSOS_TEC_INTEGRADO', 'CURSOS_GRAD_MATUTINO', 'CURSOS_GRAD_VESPERTINO', 'CURSOS_GRAD_NOTURNO', 'FERIADO', 'COVID', 'GREVE', 'ORDEM', 'LAG_01', 'LAG_02', 'LAG_03', 'LAG_05', 'LAG_06', 'LAG_11');0.28635
('TEMP_MÉD_MIN_MENS', 'TEMP_MÉD_MÉD_MENS', 'TEMP_MAX_MÉD_MENS', 'TEMP_MIN_MAX_MENS', 'TEMP_MIN_ACC_MENS', 'TEMP_MAX_MIN_MENS', 'PRECIPITAÇÃO_MIN_MENS', 'TEMP_MAX_MAX_MENS', 'TEMP_MAX_ACC_MENS', 'DIA_DA_SEMANA_dom', 'DIA_DA_SEMANA_qua', 'DIA_DA_SEMANA_qui', 'DIA_DA_SEMANA_seg', 'DIA_DA_SEMANA_sex', 'MÊS_abr', 'MÊS_ago', 'MÊS_dez', 'MÊS_fev', 'MÊS_jan', 'MÊS_jul', 'MÊS_jun', 'MÊS_mai', 'MÊS_nov', 'MÊS_out', 'MÊS_set', 'ANO_2022', 'ANO_2024', 'ANO_2015', 'ANO_2016', 'ANO_2018', 'ANO_2019', 'ANO_2020', 'CAMPUS_ASSIS CHATEAUBRIAND', 'CAMPUS_BARRACÃO', 'CAMPUS_CAMPO LARGO', 'CAMPUS_CURITIBA', 'CAMPUS_GOIOERÊ', 'CAMPUS_IRATI', 'CAMPUS_IVAIPORÃ', 'CAMPUS_JAGUARIAÍVA', 'CAMPUS_PALMAS', 'CAMPUS_PARANAGUÁ', 'CAMPUS_PINHAIS', 'CAMPUS_UMUARAMA', 'CAMPUS_UNIÃO DA VITÓRIA', 'CURSOS_TEC_CONCOMITANTE', 'CURSOS_TEC_INTEGRADO', 'CURSOS_TEC_SUBSEQUENTE', 'CURSOS_GRAD_VESPERTINO', 'CURSOS_GRAD_NOTURNO', 'FÉRIAS', 'FERIADO', 'COVID', 'ORDEM', 'LAG_01', 'LAG_02', 'LAG_04', 'LAG_05', 'LAG_08', 'LAG_09', 'LAG_11', 'LAG_12');0.28637
('TEMP_MIN_MÉD_MENS', 'TEMP_MÉD_MIN_MENS', 'TEMP_MÉD_ACC_MENS', 'TEMP_MIN_MAX_MENS', 'TEMP_MIN_ACC_MENS', 'TEMP_MAX_MIN_MENS', 'PRECIPITAÇÃO_MAX_MENS', 'PRECIPITAÇÃO_ACC_MENS', 'DIA_DA_SEMANA_qui', 'DIA_DA_SEMANA_seg', 'DIA_DA_SEMANA_sáb', 'MÊS_abr', 'MÊS_ago', 'MÊS_dez', 'MÊS_jul', 'MÊS_jun', 'MÊS_mar', 'MÊS_nov', 'MÊS_set', 'ANO_2021', 'ANO_2023', 'ANO_2024', 'ANO_2015', 'ANO_2018', 'ANO_2020', 'CAMPUS_ASSIS CHATEAUBRIAND', 'CAMPUS_ASTORGA', 'CAMPUS_CASCAVEL', 'CAMPUS_CORONEL VIVIDA', 'CAMPUS_CURITIBA', 'CAMPUS_FOZ DO IGUAÇU', 'CAMPUS_IRATI', 'CAMPUS_IVAIPORÃ', 'CAMPUS_PALMAS', 'CAMPUS_PITANGA', 'CAMPUS_TELÊMACO BORBA', 'CAMPUS_UNIÃO DA VITÓRIA', 'CURSOS_GRAD_MATUTINO', 'CURSOS_GRAD_VESPERTINO', 'CURSOS_POS', 'FÉRIAS', 'FERIADO', 'GREVE', 'ORDEM', 'LAG_01', 'LAG_03', 'LAG_04', 'LAG_05', 'LAG_06', 'LAG_08', 'LAG_09', 'LAG_10', 'LAG_11');0.28638
('TEMP_MIN_MÉD_MENS', 'TEMP_MÉD_MÉD_MENS', 'TEMP_MÉD_MAX_MENS', 'TEMP_MAX_MÉD_MENS', 'TEMP_MIN_MAX_MENS', 'TEMP_MIN_ACC_MENS', 'PRECIPITAÇÃO_MIN_MENS', 'TEMP_MAX_MAX_MENS', 'PRECIPITAÇÃO_MAX_MENS', 'DIA_DA_SEMANA_dom', 'DIA_DA_SEMANA_seg', 'DIA_DA_SEMANA_sex', 'DIA_DA_SEMANA_sáb', 'DIA_DA_SEMANA_ter', 'MÊS_abr', 'MÊS_ago', 'MÊS_dez', 'MÊS_fev', 'MÊS_jul', 'MÊS_jun', 'MÊS_mai', 'MÊS_mar', 'MÊS_out', 'MÊS_set', 'ANO_2023', 'ANO_2024', 'ANO_2015', 'ANO_2016', 'ANO_2020', 'CAMPUS_ASSIS CHATEAUBRIAND', 'CAMPUS_ASTORGA', 'CAMPUS_BARRACÃO', 'CAMPUS_CAMPO LARGO', 'CAMPUS_FOZ DO IGUAÇU', 'CAMPUS_JACAREZINHO', 'CAMPUS_JAGUARIAÍVA', 'CAMPUS_PALMAS', 'CAMPUS_PARANAVAÍ', 'CAMPUS_PINHAIS', 'CAMPUS_QUEDAS DO IGUAÇU', 'CAMPUS_TELÊMACO BORBA', 'CAMPUS_UNIÃO DA VITÓRIA', 'CURSOS_GRAD_VESPERTINO', 'FÉRIAS', 'FERIADO', 'COVID', 'GREVE', 'LAG_01', 'LAG_02', 'LAG_03', 'LAG_05', 'LAG_06', 'LAG_09', 'LAG_10', 'LAG_12');0.28644
('TEMP_MÉD_MIN_MENS', 'TEMP_MÉD_MÉD_MENS', 'TEMP_MAX_MÉD_MENS', 'TEMP_MIN_MIN_MENS', 'TEMP_MIN_MAX_MENS', 'TEMP_MIN_ACC_MENS', 'PRECIPITAÇÃO_MIN_MENS', 'TEMP_MAX_MAX_MENS', 'TEMP_MAX_ACC_MENS', 'DIA_DA_SEMANA_dom', 'DIA_DA_SEMANA_qua', 'DIA_DA_SEMANA_qui', 'DIA_DA_SEMANA_ter', 'MÊS_abr', 'MÊS_dez', 'MÊS_jul', 'MÊS_out', 'ANO_2021', 'ANO_2023', 'ANO_2024', 'ANO_2015', 'ANO_2017', 'ANO_2018', 'ANO_2019', 'ANO_2020', 'CAMPUS_ASTORGA', 'CAMPUS_CAMPO LARGO', 'CAMPUS_CAPANEMA', 'CAMPUS_CASCAVEL', 'CAMPUS_CORONEL VIVIDA', 'CAMPUS_CURITIBA', 'CAMPUS_FOZ DO IGUAÇU', 'CAMPUS_GOIOERÊ', 'CAMPUS_IVAIPORÃ', 'CAMPUS_JACAREZINHO', 'CAMPUS_LONDRINA - CENTRO', 'CAMPUS_PARANAGUÁ', 'CAMPUS_PARANAVAÍ', 'CAMPUS_PITANGA', 'CAMPUS_TELÊMACO BORBA', 'CAMPUS_UMUARAMA', 'CAMPUS_UNIÃO DA VITÓRIA', 'CURSOS_GRAD_VESPERTINO', 'CURSOS_POS', 'COVID', 'GREVE', 'ORDEM', 'LAG_01', 'LAG_02', 'LAG_03', 'LAG_08', 'LAG_10', 'LAG_11');0.28646
('TEMP_MIN_MÉD_MENS', 'TEMP_MÉD_MÉD_MENS', 'TEMP_MÉD_MAX_MENS', 'TEMP_MAX_MÉD_MENS', 'PRECIPITAÇÃO_MÉD_MENS', 'TEMP_MIN_MIN_MENS', 'TEMP_MIN_ACC_MENS', 'PRECIPITAÇÃO_MIN_MENS', 'TEMP_MAX_MAX_MENS', 'TEMP_MAX_ACC_MENS', 'PRECIPITAÇÃO_MAX_MENS', 'PRECIPITAÇÃO_ACC_MENS', 'DIA_DA_SEMANA_qui', 'DIA_DA_SEMANA_sex', 'DIA_DA_SEMANA_sáb', 'MÊS_ago', 'MÊS_dez', 'MÊS_fev', 'MÊS_jan', 'MÊS_out', 'MÊS_set', 'ANO_2022', 'ANO_2023', 'ANO_2015', 'ANO_2016', 'ANO_2018', 'ANO_2019', 'ANO_2020', 'CAMPUS_BARRACÃO', 'CAMPUS_CAMPO LARGO', 'CAMPUS_CAPANEMA', 'CAMPUS_CASCAVEL', 'CAMPUS_CORONEL VIVIDA', 'CAMPUS_CURITIBA', 'CAMPUS_FOZ DO IGUAÇU', 'CAMPUS_GOIOERÊ', 'CAMPUS_IVAIPORÃ', 'CAMPUS_JAGUARIAÍVA', 'CAMPUS_PALMAS', 'CAMPUS_PARANAGUÁ', 'CAMPUS_PARANAVAÍ', 'CAMPUS_PITANGA', 'CAMPUS_QUEDAS DO IGUAÇU', 'CAMPUS_TELÊMACO BORBA', 'CAMPUS_UMUARAMA', 'CAMPUS_UNIÃO DA VITÓRIA', 'CURSOS_TEC_CONCOMITANTE', 'CURSOS_GRAD_MATUTINO', 'CURSOS_GRAD_VESPERTINO', 'FÉRIAS', 'COVID', 'GREVE', 'ORDEM', 'LAG_01', 'LAG_02', 'LAG_03', 'LAG_05', 'LAG_07', 'LAG_08', 'LAG_09', 'LAG_10');0.28667
('TEMP_MÉD_MIN_MENS', 'TEMP_MÉD_MÉD_MENS', 'TEMP_MÉD_ACC_MENS', 'TEMP_MAX_MÉD_MENS', 'PRECIPITAÇÃO_MÉD_MENS', 'TEMP_MIN_MIN_MENS', 'TEMP_MIN_MAX_MENS', 'TEMP_MIN_ACC_MENS', 'TEMP_MAX_ACC_MENS', 'PRECIPITAÇÃO_MAX_MENS', 'DIA_DA_SEMANA_qui', 'DIA_DA_SEMANA_seg', 'DIA_DA_SEMANA_sex', 'DIA_DA_SEMANA_ter', 'MÊS_abr', 'MÊS_mar', 'MÊS_out', 'MÊS_set', 'ANO_2021', 'ANO_2022', 'ANO_2024', 'ANO_2015', 'ANO_2016', 'ANO_2017', 'ANO_2018', 'ANO_2020', 'CAMPUS_ASSIS CHATEAUBRIAND', 'CAMPUS_CAPANEMA', 'CAMPUS_GOIOERÊ', 'CAMPUS_IRATI', 'CAMPUS_IVAIPORÃ', 'CAMPUS_JAGUARIAÍVA', 'CAMPUS_PALMAS', 'CAMPUS_PARANAGUÁ', 'CAMPUS_PINHAIS', 'CAMPUS_PITANGA', 'CAMPUS_QUEDAS DO IGUAÇU', 'CAMPUS_TELÊMACO BORBA', 'CAMPUS_UMUARAMA', 'CURSOS_TEC_SUBSEQUENTE', 'CURSOS_GRAD_VESPERTINO', 'CURSOS_GRAD_NOTURNO', 'CURSOS_POS', 'FÉRIAS', 'COVID', 'ORDEM', 'LAG_02', 'LAG_04', 'LAG_05', 'LAG_06', 'LAG_09', 'LAG_10', 'LAG_12');0.28668
('TEMP_MÉD_MIN_MENS', 'TEMP_MÉD_MAX_MENS', 'TEMP_MÉD_ACC_MENS', 'PRECIPITAÇÃO_MÉD_MENS', 'TEMP_MIN_MIN_MENS', 'TEMP_MAX_ACC_MENS', 'PRECIPITAÇÃO_MAX_MENS', 'PRECIPITAÇÃO_ACC_MENS', 'DIA_DA_SEMANA_seg', 'DIA_DA_SEMANA_sex', 'DIA_DA_SEMANA_sáb', 'DIA_DA_SEMANA_ter', 'MÊS_abr', 'MÊS_jan', 'MÊS_jul', 'MÊS_jun', 'MÊS_mar', 'MÊS_set', 'ANO_2015', 'ANO_2016', 'CAMPUS_ASSIS CHATEAUBRIAND', 'CAMPUS_CAMPO LARGO', 'CAMPUS_CAPANEMA', 'CAMPUS_CASCAVEL', 'CAMPUS_CORONEL VIVIDA', 'CAMPUS_CURITIBA', 'CAMPUS_FOZ DO IGUAÇU', 'CAMPUS_GOIOERÊ', 'CAMPUS_IRATI', 'CAMPUS_IVAIPORÃ', 'CAMPUS_JACAREZINHO', 'CAMPUS_JAGUARIAÍVA', 'CAMPUS_LONDRINA - CENTRO', 'CAMPUS_PALMAS', 'CAMPUS_PINHAIS', 'CAMPUS_TELÊMACO BORBA', 'CURSOS_TEC_CONCOMITANTE', 'CURSOS_TEC_INTEGRADO', 'CURSOS_TEC_SUBSEQUENTE', 'CURSOS_GRAD_VESPERTINO', 'CURSOS_GRAD_NOTURNO', 'CURSOS_POS', 'FÉRIAS', 'GREVE', 'ORDEM', 'LAG_06', 'LAG_07', 'LAG_08', 'LAG_10', 'LAG_11', 'LAG_12');0.28679
('TEMP_MIN_MÉD_MENS', 'TEMP_MÉD_MIN_MENS', 'TEMP_MÉD_MAX_MENS', 'TEMP_MAX_MÉD_MENS', 'PRECIPITAÇÃO_MÉD_MENS', 'TEMP_MIN_MAX_MENS', 'TEMP_MIN_ACC_MENS', 'PRECIPITAÇÃO_MIN_MENS', 'TEMP_MAX_MAX_MENS', 'PRECIPITAÇÃO_MAX_MENS', 'DIA_DA_SEMANA_qui', 'DIA_DA_SEMANA_seg', 'DIA_DA_SEMANA_sex', 'DIA_DA_SEMANA_sáb', 'MÊS_ago', 'MÊS_dez', 'MÊS_fev', 'MÊS_jan', 'MÊS_jul', 'MÊS_mar', 'MÊS_out', 'MÊS_set', 'ANO_2022', 'ANO_2024', 'ANO_2016', 'ANO_2017', 'ANO_2018', 'ANO_2020', 'CAMPUS_BARRACÃO', 'CAMPUS_CAMPO LARGO', 'CAMPUS_CASCAVEL', 'CAMPUS_CORONEL VIVIDA', 'CAMPUS_CURITIBA', 'CAMPUS_FOZ DO IGUAÇU', 'CAMPUS_GOIOERÊ', 'CAMPUS_IRATI', 'CAMPUS_JACAREZINHO', 'CAMPUS_JAGUARIAÍVA', 'CAMPUS_LONDRINA - CENTRO', 'CAMPUS_PALMAS', 'CAMPUS_PINHAIS', 'CAMPUS_PITANGA', 'CAMPUS_TELÊMACO BORBA', 'CAMPUS_UNIÃO DA VITÓRIA', 'CURSOS_TEC_CONCOMITANTE', 'CURSOS_TEC_INTEGRADO', 'CURSOS_TEC_SUBSEQUENTE', 'CURSOS_POS', 'FÉRIAS', 'ORDEM', 'LAG_01', 'LAG_04', 'LAG_05', 'LAG_06', 'LAG_07', 'LAG_08', 'LAG_09', 'LAG_10', 'LAG_11');0.28686
('TEMP_MÉD_MIN_MENS', 'TEMP_MAX_MÉD_MENS', 'TEMP_MIN_MIN_MENS', 'TEMP_MIN_MAX_MENS', 'PRECIPITAÇÃO_MIN_MENS', 'TEMP_MAX_MAX_MENS', 'PRECIPITAÇÃO_MAX_MENS', 'PRECIPITAÇÃO_ACC_MENS', 'DIA_DA_SEMANA_qua', 'DIA_DA_SEMANA_qui', 'DIA_DA_SEMANA_seg', 'DIA_DA_SEMANA_sáb', 'DIA_DA_SEMANA_ter', 'MÊS_ago', 'MÊS_fev', 'MÊS_jan', 'MÊS_mai', 'MÊS_nov', 'ANO_2021', 'ANO_2022', 'ANO_2023', 'ANO_2024', 'ANO_2016', 'ANO_2017', 'ANO_2020', 'CAMPUS_ASSIS CHATEAUBRIAND', 'CAMPUS_ASTORGA', 'CAMPUS_BARRACÃO', 'CAMPUS_CAPANEMA', 'CAMPUS_CORONEL VIVIDA', 'CAMPUS_CURITIBA', 'CAMPUS_FOZ DO IGUAÇU', 'CAMPUS_PARANAVAÍ', 'CAMPUS_PITANGA', 'CAMPUS_QUEDAS DO IGUAÇU', 'CURSOS_TEC_CONCOMITANTE', 'CURSOS_TEC_INTEGRADO', 'CURSOS_TEC_SUBSEQUENTE', 'CURSOS_GRAD_MATUTINO', 'CURSOS_POS', 'FÉRIAS', 'FERIADO', 'LAG_01', 'LAG_02', 'LAG_03', 'LAG_04', 'LAG_06', 'LAG_07', 'LAG_10', 'LAG_11');0.28695
('TEMP_MIN_MÉD_MENS', 'TEMP_MÉD_MIN_MENS', 'TEMP_MÉD_ACC_MENS', 'TEMP_MAX_MÉD_MENS', 'PRECIPITAÇÃO_MÉD_MENS', 'TEMP_MIN_MIN_MENS', 'TEMP_MIN_MAX_MENS', 'TEMP_MAX_MAX_MENS', 'PRECIPITAÇÃO_MAX_MENS', 'DIA_DA_SEMANA_qua', 'DIA_DA_SEMANA_qui', 'DIA_DA_SEMANA_sex', 'DIA_DA_SEMANA_sáb', 'MÊS_ago', 'MÊS_jan', 'MÊS_jun', 'MÊS_mai', 'MÊS_mar', 'MÊS_nov', 'MÊS_set', 'ANO_2022', 'ANO_2015', 'ANO_2016', 'ANO_2017', 'ANO_2018', 'CAMPUS_ASSIS CHATEAUBRIAND', 'CAMPUS_ASTORGA', 'CAMPUS_CASCAVEL', 'CAMPUS_CORONEL VIVIDA', 'CAMPUS_GOIOERÊ', 'CAMPUS_IRATI', 'CAMPUS_IVAIPORÃ', 'CAMPUS_JACAREZINHO', 'CAMPUS_LONDRINA - CENTRO', 'CAMPUS_PALMAS', 'CAMPUS_PARANAGUÁ', 'CAMPUS_PARANAVAÍ', 'CAMPUS_PINHAIS', 'CAMPUS_PITANGA', 'CAMPUS_UMUARAMA', 'CAMPUS_UNIÃO DA VITÓRIA', 'CURSOS_GRAD_MATUTINO', 'CURSOS_GRAD_VESPERTINO', 'FÉRIAS', 'COVID', 'GREVE', 'LAG_01', 'LAG_02', 'LAG_03', 'LAG_04', 'LAG_05', 'LAG_08', 'LAG_09', 'LAG_11');0.28702
('TEMP_MIN_MÉD_MENS', 'TEMP_MÉD_MÉD_MENS', 'TEMP_MÉD_ACC_MENS', 'TEMP_MAX_MÉD_MENS', 'PRECIPITAÇÃO_MÉD_MENS', 'TEMP_MIN_MIN_MENS', 'TEMP_MIN_MAX_MENS', 'TEMP_MIN_ACC_MENS', 'TEMP_MAX_ACC_MENS', 'DIA_DA_SEMANA_dom', 'DIA_DA_SEMANA_qua', 'DIA_DA_SEMANA_qui', 'DIA_DA_SEMANA_seg', 'DIA_DA_SEMANA_sáb', 'DIA_DA_SEMANA_ter', 'MÊS_abr', 'MÊS_dez', 'MÊS_fev', 'MÊS_jan', 'MÊS_jul', 'MÊS_jun', 'MÊS_out', 'MÊS_set', 'ANO_2023', 'ANO_2024', 'CAMPUS_ASSIS CHATEAUBRIAND', 'CAMPUS_ASTORGA', 'CAMPUS_BARRACÃO', 'CAMPUS_CAMPO LARGO', 'CAMPUS_CASCAVEL', 'CAMPUS_CORONEL VIVIDA', 'CAMPUS_CURITIBA', 'CAMPUS_IRATI', 'CAMPUS_IVAIPORÃ', 'CAMPUS_JACAREZINHO', 'CAMPUS_JAGUARIAÍVA', 'CAMPUS_PALMAS', 'CAMPUS_PARANAGUÁ', 'CAMPUS_TELÊMACO BORBA', 'CAMPUS_UNIÃO DA VITÓRIA', 'CURSOS_GRAD_VESPERTINO', 'FERIADO', 'COVID', 'GREVE', 'ORDEM', 'LAG_01', 'LAG_02', 'LAG_03', 'LAG_05', 'LAG_06', 'LAG_07', 'LAG_10', 'LAG_11');0.28707
('TEMP_MÉD_MÉD_MENS', 'TEMP_MAX_MÉD_MENS', 'PRECIPITAÇÃO_MÉD_MENS', 'TEMP_MIN_MIN_MENS', 'TEMP_MAX_MIN_MENS', 'PRECIPITAÇÃO_MIN_MENS', 'TEMP_MAX_MAX_MENS', 'TEMP_MAX_ACC_MENS', 'PRECIPITAÇÃO_MAX_MENS', 'DIA_DA_SEMANA_seg', 'DIA_DA_SEMANA_sex', 'DIA_DA_SEMANA_ter', 'MÊS_ago', 'MÊS_jan', 'MÊS_jul', 'MÊS_jun', 'MÊS_mai', 'MÊS_set', 'ANO_2023', 'ANO_2016', 'ANO_2017', 'ANO_2018', 'ANO_2019', 'ANO_2020', 'CAMPUS_ASSIS CHATEAUBRIAND', 'CAMPUS_ASTORGA', 'CAMPUS_BARRACÃO', 'CAMPUS_CAPANEMA', 'CAMPUS_FOZ DO IGUAÇU', 'CAMPUS_IRATI', 'CAMPUS_JACAREZINHO', 'CAMPUS_JAGUARIAÍVA', 'CAMPUS_LONDRINA - CENTRO', 'CAMPUS_PALMAS', 'CAMPUS_PARANAGUÁ', 'CAMPUS_PINHAIS', 'CAMPUS_QUEDAS DO IGUAÇU', 'CAMPUS_UNIÃO DA VITÓRIA', 'CURSOS_TEC_CONCOMITANTE', 'CURSOS_TEC_INTEGRADO', 'CURSOS_TEC_SUBSEQUENTE', 'FÉRIAS', 'COVID', 'GREVE', 'ORDEM', 'LAG_02', 'LAG_03', 'LAG_06', 'LAG_07', 'LAG_08', 'LAG_09', 'LAG_11');0.28708
('TEMP_MÉD_MIN_MENS', 'TEMP_MÉD_MÉD_MENS', 'TEMP_MÉD_MAX_MENS', 'TEMP_MIN_MIN_MENS', 'TEMP_MAX_MIN_MENS', 'PRECIPITAÇÃO_MIN_MENS', 'TEMP_MAX_MAX_MENS', 'TEMP_MAX_ACC_MENS', 'PRECIPITAÇÃO_MAX_MENS', 'DIA_DA_SEMANA_qua', 'DIA_DA_SEMANA_seg', 'DIA_DA_SEMANA_sex', 'DIA_DA_SEMANA_ter', 'MÊS_ago', 'MÊS_dez', 'MÊS_fev', 'MÊS_jun', 'MÊS_mai', 'MÊS_out', 'MÊS_set', 'ANO_2023', 'ANO_2018', 'ANO_2020', 'CAMPUS_ASSIS CHATEAUBRIAND', 'CAMPUS_CAMPO LARGO', 'CAMPUS_CASCAVEL', 'CAMPUS_CORONEL VIVIDA', 'CAMPUS_CURITIBA', 'CAMPUS_IVAIPORÃ', 'CAMPUS_JACAREZINHO', 'CAMPUS_LONDRINA - CENTRO', 'CAMPUS_PINHAIS', 'CAMPUS_PITANGA', 'CAMPUS_TELÊMACO BORBA', 'CAMPUS_UMUARAMA', 'CURSOS_TEC_SUBSEQUENTE', 'CURSOS_GRAD_VESPERTINO', 'CURSOS_GRAD_NOTURNO', 'CURSOS_POS', 'FÉRIAS', 'COVID', 'GREVE', 'ORDEM', 'LAG_01', 'LAG_04', 'LAG_06', 'LAG_07', 'LAG_08', 'LAG_09', 'LAG_11', 'LAG_12');0.28708
('TEMP_MÉD_MIN_MENS', 'TEMP_MÉD_MAX_MENS', 'TEMP_MÉD_ACC_MENS', 'TEMP_MAX_MÉD_MENS', 'PRECIPITAÇÃO_MÉD_MENS', 'TEMP_MIN_MAX_MENS', 'TEMP_MIN_ACC_MENS', 'TEMP_MAX_MIN_MENS', 'PRECIPITAÇÃO_MIN_MENS', 'TEMP_MAX_MAX_MENS', 'TEMP_MAX_ACC_MENS', 'PRECIPITAÇÃO_MAX_MENS', 'PRECIPITAÇÃO_ACC_MENS', 'DIA_DA_SEMANA_dom', 'DIA_DA_SEMANA_qui', 'DIA_DA_SEMANA_seg', 'DIA_DA_SEMANA_sex', 'DIA_DA_SEMANA_sáb', 'DIA_DA_SEMANA_ter', 'MÊS_abr', 'MÊS_ago', 'MÊS_dez', 'MÊS_fev', 'MÊS_jun', 'MÊS_mai', 'MÊS_mar', 'MÊS_nov', 'MÊS_set', 'ANO_2021', 'ANO_2022', 'ANO_2023', 'ANO_2016', 'ANO_2018', 'CAMPUS_BARRACÃO', 'CAMPUS_CAPANEMA', 'CAMPUS_CASCAVEL', 'CAMPUS_FOZ DO IGUAÇU', 'CAMPUS_GOIOERÊ', 'CAMPUS_IRATI', 'CAMPUS_IVAIPORÃ', 'CAMPUS_JAGUARIAÍVA', 'CAMPUS_LONDRINA - CENTRO', 'CAMPUS_PARANAGUÁ', 'CAMPUS_PARANAVAÍ', 'CAMPUS_PINHAIS', 'CAMPUS_PITANGA', 'CAMPUS_TELÊMACO BORBA', 'CAMPUS_UNIÃO DA VITÓRIA', 'CURSOS_TEC_CONCOMITANTE', 'CURSOS_TEC_SUBSEQUENTE', 'CURSOS_GRAD_VESPERTINO', 'FÉRIAS', 'COVID', 'GREVE', 'ORDEM', 'LAG_01', 'LAG_02', 'LAG_03', 'LAG_06', 'LAG_07', 'LAG_10', 'LAG_12');0.28718
('TEMP_MÉD_MÉD_MENS', 'TEMP_MÉD_MAX_MENS', 'TEMP_MÉD_ACC_MENS', 'TEMP_MAX_MÉD_MENS', 'TEMP_MIN_MAX_MENS', 'TEMP_MIN_ACC_MENS', 'TEMP_MAX_MIN_MENS', 'PRECIPITAÇÃO_MIN_MENS', 'TEMP_MAX_MAX_MENS', 'PRECIPITAÇÃO_MAX_MENS', 'PRECIPITAÇÃO_ACC_MENS', 'DIA_DA_SEMANA_seg', 'MÊS_abr', 'MÊS_ago', 'MÊS_dez', 'MÊS_fev', 'MÊS_jan', 'MÊS_jul', 'MÊS_jun', 'MÊS_nov', 'MÊS_out', 'ANO_2021', 'ANO_2022', 'ANO_2023', 'ANO_2024', 'ANO_2015', 'ANO_2017', 'ANO_2018', 'ANO_2019', 'CAMPUS_BARRACÃO', 'CAMPUS_CAMPO LARGO', 'CAMPUS_CAPANEMA', 'CAMPUS_CASCAVEL', 'CAMPUS_IRATI', 'CAMPUS_JACAREZINHO', 'CAMPUS_JAGUARIAÍVA', 'CAMPUS_PARANAGUÁ', 'CAMPUS_PARANAVAÍ', 'CAMPUS_PINHAIS', 'CAMPUS_PITANGA', 'CAMPUS_QUEDAS DO IGUAÇU', 'CAMPUS_UNIÃO DA VITÓRIA', 'CURSOS_TEC_CONCOMITANTE', 'CURSOS_TEC_INTEGRADO', 'CURSOS_TEC_SUBSEQUENTE', 'CURSOS_GRAD_MATUTINO', 'CURSOS_GRAD_VESPERTINO', 'CURSOS_GRAD_NOTURNO', 'CURSOS_POS', 'FÉRIAS', 'COVID', 'GREVE', 'ORDEM', 'LAG_01', 'LAG_02', 'LAG_04', 'LAG_05', 'LAG_10', 'LAG_11');0.28721
('TEMP_MÉD_MIN_MENS', 'TEMP_MÉD_ACC_MENS', 'TEMP_MIN_MIN_MENS', 'TEMP_MIN_MAX_MENS', 'TEMP_MAX_MIN_MENS', 'PRECIPITAÇÃO_MIN_MENS', 'TEMP_MAX_MAX_MENS', 'TEMP_MAX_ACC_MENS', 'PRECIPITAÇÃO_ACC_MENS', 'DIA_DA_SEMANA_dom', 'DIA_DA_SEMANA_qui', 'DIA_DA_SEMANA_seg', 'DIA_DA_SEMANA_sex', 'DIA_DA_SEMANA_ter', 'MÊS_dez', 'MÊS_jan', 'MÊS_jul', 'MÊS_mar', 'MÊS_nov', 'MÊS_set', 'ANO_2021', 'ANO_2022', 'ANO_2023', 'ANO_2015', 'ANO_2016', 'ANO_2019', 'ANO_2020', 'CAMPUS_ASSIS CHATEAUBRIAND', 'CAMPUS_BARRACÃO', 'CAMPUS_CAMPO LARGO', 'CAMPUS_CAPANEMA', 'CAMPUS_CASCAVEL', 'CAMPUS_CORONEL VIVIDA', 'CAMPUS_CURITIBA', 'CAMPUS_JACAREZINHO', 'CAMPUS_LONDRINA - CENTRO', 'CAMPUS_PALMAS', 'CAMPUS_PARANAGUÁ', 'CAMPUS_PINHAIS', 'CAMPUS_PITANGA', 'CAMPUS_UMUARAMA', 'CAMPUS_UNIÃO DA VITÓRIA', 'CURSOS_TEC_INTEGRADO', 'CURSOS_GRAD_VESPERTINO', 'CURSOS_POS', 'FÉRIAS', 'FERIADO', 'COVID', 'GREVE', 'LAG_01', 'LAG_04', 'LAG_09', 'LAG_12');0.28722
('TEMP_MIN_MÉD_MENS', 'TEMP_MÉD_MAX_MENS', 'TEMP_MÉD_ACC_MENS', 'TEMP_MIN_ACC_MENS', 'TEMP_MAX_MIN_MENS', 'PRECIPITAÇÃO_MAX_MENS', 'PRECIPITAÇÃO_ACC_MENS', 'DIA_DA_SEMANA_qui', 'DIA_DA_SEMANA_seg', 'DIA_DA_SEMANA_sex', 'DIA_DA_SEMANA_sáb', 'MÊS_abr', 'MÊS_ago', 'MÊS_fev', 'MÊS_jan', 'MÊS_jul', 'MÊS_jun', 'MÊS_mar', 'MÊS_set', 'ANO_2015', 'ANO_2017', 'ANO_2018', 'ANO_2019', 'ANO_2020', 'CAMPUS_ASSIS CHATEAUBRIAND', 'CAMPUS_ASTORGA', 'CAMPUS_BARRACÃO', 'CAMPUS_CAMPO LARGO', 'CAMPUS_CAPANEMA', 'CAMPUS_CASCAVEL', 'CAMPUS_CORONEL VIVIDA', 'CAMPUS_FOZ DO IGUAÇU', 'CAMPUS_IRATI', 'CAMPUS_IVAIPORÃ', 'CAMPUS_JACAREZINHO', 'CAMPUS_LONDRINA - CENTRO', 'CAMPUS_PALMAS', 'CAMPUS_PARANAGUÁ', 'CAMPUS_PARANAVAÍ', 'CAMPUS_PITANGA', 'CAMPUS_QUEDAS DO IGUAÇU', 'CAMPUS_TELÊMACO BORBA', 'CURSOS_TEC_CONCOMITANTE', 'CURSOS_GRAD_MATUTINO', 'CURSOS_GRAD_NOTURNO', 'FÉRIAS', 'FERIADO', 'COVID', 'GREVE', 'ORDEM', 'LAG_01', 'LAG_02', 'LAG_03', 'LAG_04', 'LAG_05', 'LAG_08', 'LAG_09', 'LAG_10');0.28727
('TEMP_MIN_MÉD_MENS', 'TEMP_MÉD_MIN_MENS', 'TEMP_MÉD_MAX_MENS', 'TEMP_MAX_MÉD_MENS', 'TEMP_MIN_MIN_MENS', 'TEMP_MIN_MAX_MENS', 'TEMP_MAX_MIN_MENS', 'TEMP_MAX_ACC_MENS', 'PRECIPITAÇÃO_MAX_MENS', 'DIA_DA_SEMANA_dom', 'DIA_DA_SEMANA_qui', 'DIA_DA_SEMANA_seg', 'DIA_DA_SEMANA_sáb', 'DIA_DA_SEMANA_ter', 'MÊS_abr', 'MÊS_jan', 'MÊS_jul', 'MÊS_mai', 'MÊS_nov', 'MÊS_set', 'ANO_2021', 'ANO_2022', 'ANO_2024', 'ANO_2015', 'ANO_2016', 'ANO_2017', 'ANO_2018', 'ANO_2020', 'CAMPUS_ASSIS CHATEAUBRIAND', 'CAMPUS_ASTORGA', 'CAMPUS_CAMPO LARGO', 'CAMPUS_CAPANEMA', 'CAMPUS_CASCAVEL', 'CAMPUS_CURITIBA', 'CAMPUS_FOZ DO IGUAÇU', 'CAMPUS_IRATI', 'CAMPUS_IVAIPORÃ', 'CAMPUS_JAGUARIAÍVA', 'CAMPUS_LONDRINA - CENTRO', 'CAMPUS_PALMAS', 'CAMPUS_PINHAIS', 'CAMPUS_QUEDAS DO IGUAÇU', 'CAMPUS_TELÊMACO BORBA', 'CAMPUS_UMUARAMA', 'CAMPUS_UNIÃO DA VITÓRIA', 'CURSOS_TEC_CONCOMITANTE', 'CURSOS_GRAD_VESPERTINO', 'CURSOS_GRAD_NOTURNO', 'CURSOS_POS', 'COVID', 'ORDEM', 'LAG_01', 'LAG_03', 'LAG_04', 'LAG_05', 'LAG_06', 'LAG_07', 'LAG_09', 'LAG_10', 'LAG_11');0.28729
('TEMP_MÉD_MIN_MENS', 'TEMP_MÉD_MÉD_MENS', 'TEMP_MÉD_MAX_MENS', 'TEMP_MÉD_ACC_MENS', 'TEMP_MAX_MÉD_MENS', 'PRECIPITAÇÃO_MÉD_MENS', 'TEMP_MIN_MIN_MENS', 'TEMP_MIN_MAX_MENS', 'TEMP_MAX_MIN_MENS', 'TEMP_MAX_MAX_MENS', 'TEMP_MAX_ACC_MENS', 'PRECIPITAÇÃO_MAX_MENS', 'DIA_DA_SEMANA_dom', 'DIA_DA_SEMANA_qui', 'DIA_DA_SEMANA_ter', 'MÊS_abr', 'MÊS_jul', 'MÊS_jun', 'MÊS_mai', 'MÊS_mar', 'MÊS_nov', 'MÊS_set', 'ANO_2023', 'ANO_2024', 'ANO_2016', 'ANO_2017', 'ANO_2018', 'CAMPUS_BARRACÃO', 'CAMPUS_CAPANEMA', 'CAMPUS_CASCAVEL', 'CAMPUS_FOZ DO IGUAÇU', 'CAMPUS_IRATI', 'CAMPUS_JACAREZINHO', 'CAMPUS_JAGUARIAÍVA', 'CAMPUS_LONDRINA - CENTRO', 'CAMPUS_PARANAGUÁ', 'CAMPUS_PINHAIS', 'CAMPUS_PITANGA', 'CAMPUS_QUEDAS DO IGUAÇU', 'CAMPUS_TELÊMACO BORBA', 'CAMPUS_UMUARAMA', 'CAMPUS_UNIÃO DA VITÓRIA', 'CURSOS_TEC_INTEGRADO', 'CURSOS_GRAD_NOTURNO', 'CURSOS_POS', 'COVID', 'GREVE', 'LAG_01', 'LAG_03', 'LAG_10');0.28733
('TEMP_MIN_MÉD_MENS', 'TEMP_MÉD_MIN_MENS', 'TEMP_MÉD_MÉD_MENS', 'TEMP_MÉD_MAX_MENS', 'TEMP_MAX_MÉD_MENS', 'PRECIPITAÇÃO_MÉD_MENS', 'TEMP_MIN_MIN_MENS', 'TEMP_MIN_MAX_MENS', 'PRECIPITAÇÃO_MIN_MENS', 'TEMP_MAX_MAX_MENS', 'TEMP_MAX_ACC_MENS', 'PRECIPITAÇÃO_MAX_MENS', 'PRECIPITAÇÃO_ACC_MENS', 'DIA_DA_SEMANA_seg', 'MÊS_abr', 'MÊS_ago', 'MÊS_fev', 'MÊS_jan', 'MÊS_jun', 'MÊS_mai', 'MÊS_mar', 'MÊS_nov', 'ANO_2021', 'ANO_2024', 'ANO_2015', 'ANO_2016', 'ANO_2017', 'ANO_2020', 'CAMPUS_ASTORGA', 'CAMPUS_BARRACÃO', 'CAMPUS_CAMPO LARGO', 'CAMPUS_CASCAVEL', 'CAMPUS_IVAIPORÃ', 'CAMPUS_PARANAVAÍ', 'CAMPUS_QUEDAS DO IGUAÇU', 'CAMPUS_TELÊMACO BORBA', 'CAMPUS_UMUARAMA', 'CAMPUS_UNIÃO DA VITÓRIA', 'CURSOS_TEC_CONCOMITANTE', 'CURSOS_TEC_SUBSEQUENTE', 'CURSOS_GRAD_MATUTINO', 'CURSOS_GRAD_NOTURNO', 'CURSOS_POS', 'FÉRIAS', 'COVID', 'GREVE', 'LAG_01', 'LAG_02', 'LAG_04', 'LAG_06', 'LAG_09', 'LAG_11', 'LAG_12');0.28744
('TEMP_MÉD_MÉD_MENS', 'TEMP_MÉD_MAX_MENS', 'TEMP_MAX_MÉD_MENS', 'PRECIPITAÇÃO_MÉD_MENS', 'TEMP_MIN_MIN_MENS', 'TEMP_MIN_MAX_MENS', 'PRECIPITAÇÃO_MIN_MENS', 'TEMP_MAX_MAX_MENS', 'TEMP_MAX_ACC_MENS', 'PRECIPITAÇÃO_MAX_MENS', 'PRECIPITAÇÃO_ACC_MENS', 'DIA_DA_SEMANA_dom', 'DIA_DA_SEMANA_qui', 'DIA_DA_SEMANA_sáb', 'MÊS_abr', 'MÊS_jul', 'MÊS_nov', 'MÊS_out', 'ANO_2021', 'ANO_2022', 'ANO_2023', 'ANO_2015', 'ANO_2017', 'ANO_2018', 'ANO_2019', 'CAMPUS_ASSIS CHATEAUBRIAND', 'CAMPUS_ASTORGA', 'CAMPUS_BARRACÃO', 'CAMPUS_CAMPO LARGO', 'CAMPUS_CAPANEMA', 'CAMPUS_FOZ DO IGUAÇU', 'CAMPUS_IRATI', 'CAMPUS_IVAIPORÃ', 'CAMPUS_LONDRINA - CENTRO', 'CAMPUS_PALMAS', 'CAMPUS_PINHAIS', 'CAMPUS_QUEDAS DO IGUAÇU', 'CAMPUS_TELÊMACO BORBA', 'CAMPUS_UMUARAMA', 'CAMPUS_UNIÃO DA VITÓRIA', 'CURSOS_TEC_SUBSEQUENTE', 'CURSOS_POS', 'FÉRIAS', 'GREVE', 'ORDEM', 'LAG_01', 'LAG_02', 'LAG_04', 'LAG_06', 'LAG_07', 'LAG_08', 'LAG_10', 'LAG_11', 'LAG_12');0.2875
('TEMP_MÉD_MÉD_MENS', 'TEMP_MÉD_MAX_MENS', 'TEMP_MAX_MÉD_MENS', 'TEMP_MIN_MIN_MENS', 'TEMP_MIN_ACC_MENS', 'TEMP_MAX_MIN_MENS', 'PRECIPITAÇÃO_MIN_MENS', 'TEMP_MAX_MAX_MENS', 'PRECIPITAÇÃO_ACC_MENS', 'DIA_DA_SEMANA_qui', 'DIA_DA_SEMANA_sex', 'DIA_DA_SEMANA_sáb', 'MÊS_abr', 'MÊS_ago', 'MÊS_dez', 'MÊS_jun', 'MÊS_mar', 'MÊS_nov', 'MÊS_out', 'ANO_2021', 'ANO_2022', 'ANO_2023', 'ANO_2024', 'ANO_2015', 'ANO_2016', 'ANO_2017', 'ANO_2018', 'ANO_2019', 'ANO_2020', 'CAMPUS_ASSIS CHATEAUBRIAND', 'CAMPUS_ASTORGA', 'CAMPUS_CAPANEMA', 'CAMPUS_CORONEL VIVIDA', 'CAMPUS_GOIOERÊ', 'CAMPUS_IVAIPORÃ', 'CAMPUS_JACAREZINHO', 'CAMPUS_JAGUARIAÍVA', 'CAMPUS_PALMAS', 'CAMPUS_PARANAGUÁ', 'CAMPUS_PARANAVAÍ', 'CAMPUS_PITANGA', 'CAMPUS_QUEDAS DO IGUAÇU', 'CAMPUS_UMUARAMA', 'CAMPUS_UNIÃO DA VITÓRIA', 'CURSOS_TEC_CONCOMITANTE', 'CURSOS_TEC_INTEGRADO', 'CURSOS_TEC_SUBSEQUENTE', 'CURSOS_GRAD_MATUTINO', 'CURSOS_GRAD_VESPERTINO', 'CURSOS_POS', 'FÉRIAS', 'FERIADO', 'GREVE', 'LAG_01', 'LAG_04', 'LAG_05', 'LAG_06', 'LAG_09', 'LAG_10');0.28754
('TEMP_MIN_MÉD_MENS', 'TEMP_MÉD_MIN_MENS', 'TEMP_MÉD_MAX_MENS', 'PRECIPITAÇÃO_MÉD_MENS', 'TEMP_MIN_MIN_MENS', 'TEMP_MIN_MAX_MENS', 'TEMP_MAX_MIN_MENS', 'PRECIPITAÇÃO_MIN_MENS', 'TEMP_MAX_MAX_MENS', 'PRECIPITAÇÃO_MAX_MENS', 'DIA_DA_SEMANA_dom', 'DIA_DA_SEMANA_qua', 'DIA_DA_SEMANA_ter', 'MÊS_abr', 'MÊS_ago', 'MÊS_fev', 'MÊS_jan', 'MÊS_jul', 'MÊS_mai', 'MÊS_out', 'ANO_2021', 'ANO_2023', 'ANO_2015', 'ANO_2016', 'ANO_2017', 'ANO_2020', 'CAMPUS_ASTORGA', 'CAMPUS_BARRACÃO', 'CAMPUS_CASCAVEL', 'CAMPUS_CURITIBA', 'CAMPUS_GOIOERÊ', 'CAMPUS_IRATI', 'CAMPUS_IVAIPORÃ', 'CAMPUS_JAGUARIAÍVA', 'CAMPUS_PALMAS', 'CAMPUS_PARANAGUÁ', 'CAMPUS_PARANAVAÍ', 'CAMPUS_QUEDAS DO IGUAÇU', 'CAMPUS_TELÊMACO BORBA', 'CAMPUS_UNIÃO DA VITÓRIA', 'CURSOS_TEC_INTEGRADO', 'CURSOS_TEC_SUBSEQUENTE', 'CURSOS_GRAD_MATUTINO', 'FÉRIAS', 'COVID', 'GREVE', 'LAG_01', 'LAG_02', 'LAG_04', 'LAG_05', 'LAG_07', 'LAG_09', 'LAG_10', 'LAG_12');0.28759
('TEMP_MÉD_MIN_MENS', 'TEMP_MÉD_MAX_MENS', 'TEMP_MIN_MIN_MENS', 'TEMP_MAX_MIN_MENS', 'PRECIPITAÇÃO_MIN_MENS', 'PRECIPITAÇÃO_ACC_MENS', 'DIA_DA_SEMANA_dom', 'DIA_DA_SEMANA_sáb', 'DIA_DA_SEMANA_ter', 'MÊS_abr', 'MÊS_ago', 'MÊS_dez', 'MÊS_fev', 'MÊS_jul', 'MÊS_mai', 'MÊS_nov', 'MÊS_set', 'ANO_2021', 'ANO_2022', 'ANO_2015', 'ANO_2016', 'ANO_2017', 'ANO_2018', 'ANO_2019', 'ANO_2020', 'CAMPUS_CAMPO LARGO', 'CAMPUS_CORONEL VIVIDA', 'CAMPUS_CURITIBA', 'CAMPUS_IRATI', 'CAMPUS_JAGUARIAÍVA', 'CAMPUS_PARANAGUÁ', 'CAMPUS_PARANAVAÍ', 'CAMPUS_QUEDAS DO IGUAÇU', 'CAMPUS_UNIÃO DA VITÓRIA', 'CURSOS_TEC_INTEGRADO', 'CURSOS_TEC_SUBSEQUENTE', 'CURSOS_GRAD_VESPERTINO', 'CURSOS_GRAD_NOTURNO', 'CURSOS_POS', 'FÉRIAS', 'COVID', 'LAG_01', 'LAG_02', 'LAG_03', 'LAG_06', 'LAG_07', 'LAG_09', 'LAG_12');0.28761
('TEMP_MIN_MÉD_MENS', 'TEMP_MÉD_MAX_MENS', 'PRECIPITAÇÃO_MÉD_MENS', 'TEMP_MIN_MIN_MENS', 'TEMP_MIN_MAX_MENS', 'TEMP_MIN_ACC_MENS', 'PRECIPITAÇÃO_MIN_MENS', 'TEMP_MAX_MAX_MENS', 'TEMP_MAX_ACC_MENS', 'PRECIPITAÇÃO_ACC_MENS', 'DIA_DA_SEMANA_qua', 'DIA_DA_SEMANA_qui', 'DIA_DA_SEMANA_sex', 'MÊS_abr', 'MÊS_fev', 'MÊS_jan', 'MÊS_jul', 'MÊS_jun', 'MÊS_mai', 'MÊS_set', 'ANO_2021', 'ANO_2023', 'ANO_2015', 'ANO_2017', 'ANO_2018', 'ANO_2019', 'CAMPUS_ASTORGA', 'CAMPUS_BARRACÃO', 'CAMPUS_CAPANEMA', 'CAMPUS_CASCAVEL', 'CAMPUS_CORONEL VIVIDA', 'CAMPUS_IRATI', 'CAMPUS_IVAIPORÃ', 'CAMPUS_JAGUARIAÍVA', 'CAMPUS_LONDRINA - CENTRO', 'CAMPUS_PARANAGUÁ', 'CAMPUS_PARANAVAÍ', 'CURSOS_GRAD_MATUTINO', 'CURSOS_GRAD_VESPERTINO', 'CURSOS_GRAD_NOTURNO', 'CURSOS_POS', 'COVID', 'ORDEM', 'LAG_01', 'LAG_02', 'LAG_04', 'LAG_05', 'LAG_06', 'LAG_08', 'LAG_09', 'LAG_10', 'LAG_12');0.28768
('TEMP_MIN_MÉD_MENS', 'TEMP_MÉD_MIN_MENS', 'TEMP_MÉD_MÉD_MENS', 'TEMP_MÉD_MAX_MENS', 'TEMP_MÉD_ACC_MENS', 'TEMP_MAX_MÉD_MENS', 'TEMP_MIN_MIN_MENS', 'TEMP_MIN_MAX_MENS', 'TEMP_MIN_ACC_MENS', 'PRECIPITAÇÃO_MIN_MENS', 'TEMP_MAX_MAX_MENS', 'DIA_DA_SEMANA_dom', 'DIA_DA_SEMANA_qui', 'DIA_DA_SEMANA_seg', 'DIA_DA_SEMANA_sex', 'DIA_DA_SEMANA_ter', 'MÊS_abr', 'MÊS_dez', 'MÊS_jul', 'MÊS_jun', 'MÊS_mai', 'MÊS_mar', 'MÊS_out', 'ANO_2021', 'ANO_2024', 'ANO_2016', 'ANO_2017', 'CAMPUS_ASSIS CHATEAUBRIAND', 'CAMPUS_CAMPO LARGO', 'CAMPUS_CORONEL VIVIDA', 'CAMPUS_CURITIBA', 'CAMPUS_FOZ DO IGUAÇU', 'CAMPUS_GOIOERÊ', 'CAMPUS_JAGUARIAÍVA', 'CAMPUS_LONDRINA - CENTRO', 'CAMPUS_PALMAS', 'CAMPUS_PARANAGUÁ', 'CAMPUS_PARANAVAÍ', 'CAMPUS_TELÊMACO BORBA', 'CAMPUS_UNIÃO DA VITÓRIA', 'CURSOS_TEC_CONCOMITANTE', 'CURSOS_TEC_INTEGRADO', 'CURSOS_TEC_SUBSEQUENTE', 'CURSOS_GRAD_MATUTINO', 'CURSOS_GRAD_VESPERTINO', 'CURSOS_GRAD_NOTURNO', 'CURSOS_POS', 'FÉRIAS', 'FERIADO', 'COVID', 'GREVE', 'ORDEM', 'LAG_01', 'LAG_02', 'LAG_04', 'LAG_08');0.28768
('TEMP_MIN_MÉD_MENS', 'TEMP_MÉD_ACC_MENS', 'PRECIPITAÇÃO_MÉD_MENS', 'TEMP_MIN_ACC_MENS', 'PRECIPITAÇÃO_MAX_MENS', 'PRECIPITAÇÃO_ACC_MENS', 'DIA_DA_SEMANA_qua', 'DIA_DA_SEMANA_seg', 'DIA_DA_SEMANA_sáb', 'DIA_DA_SEMANA_ter', 'MÊS_ago', 'MÊS_dez', 'MÊS_fev', 'MÊS_mai', 'MÊS_mar', 'MÊS_set', 'ANO_2021', 'ANO_2022', 'ANO_2016', 'ANO_2017', 'ANO_2020', 'CAMPUS_ASSIS CHATEAUBRIAND', 'CAMPUS_CAPANEMA', 'CAMPUS_CASCAVEL', 'CAMPUS_CURITIBA', 'CAMPUS_GOIOERÊ', 'CAMPUS_IRATI', 'CAMPUS_IVAIPORÃ', 'CAMPUS_PALMAS', 'CAMPUS_PARANAVAÍ', 'CAMPUS_PINHAIS', 'CAMPUS_PITANGA', 'CAMPUS_TELÊMACO BORBA', 'CURSOS_TEC_SUBSEQUENTE', 'CURSOS_GRAD_MATUTINO', 'CURSOS_GRAD_VESPERTINO', 'CURSOS_GRAD_NOTURNO', 'FÉRIAS', 'FERIADO', 'COVID', 'GREVE', 'ORDEM', 'LAG_01', 'LAG_02', 'LAG_03', 'LAG_05', 'LAG_06', 'LAG_09', 'LAG_10', 'LAG_11', 'LAG_12');0.28771
('TEMP_MIN_MÉD_MENS', 'TEMP_MÉD_MIN_MENS', 'TEMP_MÉD_MAX_MENS', 'TEMP_MÉD_ACC_MENS', 'TEMP_MAX_MÉD_MENS', 'PRECIPITAÇÃO_MÉD_MENS', 'TEMP_MIN_MIN_MENS', 'TEMP_MIN_MAX_MENS', 'TEMP_MIN_ACC_MENS', 'TEMP_MAX_MIN_MENS', 'PRECIPITAÇÃO_MIN_MENS', 'TEMP_MAX_MAX_MENS', 'TEMP_MAX_ACC_MENS', 'PRECIPITAÇÃO_MAX_MENS', 'PRECIPITAÇÃO_ACC_MENS', 'DIA_DA_SEMANA_sáb', 'DIA_DA_SEMANA_ter', 'MÊS_abr', 'MÊS_dez', 'MÊS_fev', 'MÊS_jan', 'MÊS_jul', 'MÊS_jun', 'MÊS_set', 'ANO_2021', 'ANO_2024', 'ANO_2016', 'ANO_2017', 'ANO_2018', 'ANO_2019', 'CAMPUS_BARRACÃO', 'CAMPUS_CAPANEMA', 'CAMPUS_CORONEL VIVIDA', 'CAMPUS_CURITIBA', 'CAMPUS_FOZ DO IGUAÇU', 'CAMPUS_IRATI', 'CAMPUS_IVAIPORÃ', 'CAMPUS_PARANAVAÍ', 'CAMPUS_TELÊMACO BORBA', 'CURSOS_TEC_CONCOMITANTE', 'CURSOS_TEC_INTEGRADO', 'CURSOS_TEC_SUBSEQUENTE', 'CURSOS_GRAD_NOTURNO', 'CURSOS_POS', 'FÉRIAS', 'FERIADO', 'COVID', 'ORDEM', 'LAG_01', 'LAG_02', 'LAG_08', 'LAG_09', 'LAG_11');0.28771
('TEMP_MIN_MÉD_MENS', 'TEMP_MÉD_MÉD_MENS', 'TEMP_MAX_MÉD_MENS', 'PRECIPITAÇÃO_MÉD_MENS', 'TEMP_MIN_MIN_MENS', 'TEMP_MIN_MAX_MENS', 'TEMP_MIN_ACC_MENS', 'TEMP_MAX_MIN_MENS', 'PRECIPITAÇÃO_MIN_MENS', 'TEMP_MAX_ACC_MENS', 'DIA_DA_SEMANA_qua', 'DIA_DA_SEMANA_qui', 'DIA_DA_SEMANA_ter', 'MÊS_jul', 'MÊS_jun', 'MÊS_mai', 'MÊS_mar', 'MÊS_nov', 'MÊS_set', 'ANO_2021', 'ANO_2023', 'ANO_2024', 'ANO_2015', 'ANO_2016', 'ANO_2017', 'ANO_2019', 'CAMPUS_BARRACÃO', 'CAMPUS_CAPANEMA', 'CAMPUS_CASCAVEL', 'CAMPUS_CURITIBA', 'CAMPUS_IRATI', 'CAMPUS_LONDRINA - CENTRO', 'CAMPUS_PARANAGUÁ', 'CAMPUS_PARANAVAÍ', 'CAMPUS_QUEDAS DO IGUAÇU', 'CAMPUS_UMUARAMA', 'CAMPUS_UNIÃO DA VITÓRIA', 'CURSOS_TEC_CONCOMITANTE', 'CURSOS_GRAD_MATUTINO', 'CURSOS_GRAD_VESPERTINO', 'CURSOS_POS', 'FÉRIAS', 'GREVE', 'ORDEM', 'LAG_01', 'LAG_02', 'LAG_03', 'LAG_04', 'LAG_05', 'LAG_06', 'LAG_07', 'LAG_08', 'LAG_09', 'LAG_10');0.28777
('TEMP_MIN_MÉD_MENS', 'TEMP_MÉD_MIN_MENS', 'TEMP_MAX_MÉD_MENS', 'PRECIPITAÇÃO_MÉD_MENS', 'TEMP_MIN_MAX_MENS', 'TEMP_MAX_MAX_MENS', 'TEMP_MAX_ACC_MENS', 'PRECIPITAÇÃO_MAX_MENS', 'PRECIPITAÇÃO_ACC_MENS', 'DIA_DA_SEMANA_qua', 'DIA_DA_SEMANA_qui', 'DIA_DA_SEMANA_seg', 'DIA_DA_SEMANA_sex', 'DIA_DA_SEMANA_ter', 'MÊS_abr', 'MÊS_fev', 'MÊS_jul', 'MÊS_out', 'ANO_2024', 'ANO_2015', 'ANO_2016', 'ANO_2018', 'ANO_2020', 'CAMPUS_ASSIS CHATEAUBRIAND', 'CAMPUS_ASTORGA', 'CAMPUS_BARRACÃO', 'CAMPUS_CAPANEMA', 'CAMPUS_CASCAVEL', 'CAMPUS_CORONEL VIVIDA', 'CAMPUS_IVAIPORÃ', 'CAMPUS_JAGUARIAÍVA', 'CAMPUS_PALMAS', 'CAMPUS_PARANAGUÁ', 'CAMPUS_UMUARAMA', 'CAMPUS_UNIÃO DA VITÓRIA', 'CURSOS_TEC_CONCOMITANTE', 'CURSOS_TEC_INTEGRADO', 'CURSOS_TEC_SUBSEQUENTE', 'CURSOS_GRAD_MATUTINO', 'CURSOS_GRAD_VESPERTINO', 'FÉRIAS', 'COVID', 'ORDEM', 'LAG_03', 'LAG_05', 'LAG_06', 'LAG_07', 'LAG_08', 'LAG_09', 'LAG_10', 'LAG_12');0.28789
('TEMP_MÉD_MAX_MENS', 'TEMP_MÉD_ACC_MENS', 'PRECIPITAÇÃO_MÉD_MENS', 'TEMP_MIN_MIN_MENS', 'TEMP_MIN_MAX_MENS', 'TEMP_MIN_ACC_MENS', 'PRECIPITAÇÃO_MIN_MENS', 'TEMP_MAX_MAX_MENS', 'TEMP_MAX_ACC_MENS', 'PRECIPITAÇÃO_MAX_MENS', 'DIA_DA_SEMANA_qua', 'DIA_DA_SEMANA_qui', 'DIA_DA_SEMANA_sex', 'DIA_DA_SEMANA_sáb', 'DIA_DA_SEMANA_ter', 'MÊS_abr', 'MÊS_ago', 'MÊS_fev', 'MÊS_jan', 'MÊS_jul', 'MÊS_jun', 'MÊS_mar', 'MÊS_nov', 'MÊS_out', 'MÊS_set', 'ANO_2021', 'ANO_2022', 'ANO_2023', 'ANO_2024', 'ANO_2017', 'ANO_2019', 'ANO_2020', 'CAMPUS_ASTORGA', 'CAMPUS_CORONEL VIVIDA', 'CAMPUS_CURITIBA', 'CAMPUS_GOIOERÊ', 'CAMPUS_IRATI', 'CAMPUS_LONDRINA - CENTRO', 'CAMPUS_PARANAVAÍ', 'CAMPUS_PINHAIS', 'CAMPUS_PITANGA', 'CAMPUS_QUEDAS DO IGUAÇU', 'CAMPUS_UNIÃO DA VITÓRIA', 'CURSOS_TEC_CONCOMITANTE', 'CURSOS_TEC_INTEGRADO', 'CURSOS_TEC_SUBSEQUENTE', 'CURSOS_GRAD_MATUTINO', 'CURSOS_GRAD_VESPERTINO', 'CURSOS_GRAD_NOTURNO', 'FÉRIAS', 'COVID', 'GREVE', 'ORDEM', 'LAG_03', 'LAG_05', 'LAG_06', 'LAG_12');0.2879
('TEMP_MIN_MÉD_MENS', 'TEMP_MÉD_MIN_MENS', 'TEMP_MÉD_MÉD_MENS', 'TEMP_MÉD_MAX_MENS', 'TEMP_MAX_MÉD_MENS', 'PRECIPITAÇÃO_MÉD_MENS', 'TEMP_MIN_MIN_MENS', 'TEMP_MAX_MIN_MENS', 'TEMP_MAX_MAX_MENS', 'TEMP_MAX_ACC_MENS', 'PRECIPITAÇÃO_MAX_MENS', 'DIA_DA_SEMANA_qua', 'DIA_DA_SEMANA_qui', 'DIA_DA_SEMANA_seg', 'DIA_DA_SEMANA_sex', 'DIA_DA_SEMANA_sáb', 'MÊS_abr', 'MÊS_fev', 'MÊS_jan', 'MÊS_jul', 'MÊS_jun', 'MÊS_mar', 'MÊS_nov', 'MÊS_out', 'ANO_2021', 'ANO_2023', 'ANO_2016', 'CAMPUS_ASTORGA', 'CAMPUS_BARRACÃO', 'CAMPUS_CAMPO LARGO', 'CAMPUS_CAPANEMA', 'CAMPUS_CORONEL VIVIDA', 'CAMPUS_CURITIBA', 'CAMPUS_FOZ DO IGUAÇU', 'CAMPUS_GOIOERÊ', 'CAMPUS_IVAIPORÃ', 'CAMPUS_JACAREZINHO', 'CAMPUS_LONDRINA - CENTRO', 'CAMPUS_PARANAGUÁ', 'CAMPUS_QUEDAS DO IGUAÇU', 'CAMPUS_TELÊMACO BORBA', 'CAMPUS_UMUARAMA', 'CURSOS_TEC_INTEGRADO', 'CURSOS_TEC_SUBSEQUENTE', 'CURSOS_GRAD_MATUTINO', 'CURSOS_GRAD_NOTURNO', 'FÉRIAS', 'FERIADO', 'COVID', 'GREVE', 'LAG_01', 'LAG_02', 'LAG_05', 'LAG_06', 'LAG_07', 'LAG_11', 'LAG_12');0.28792
('TEMP_MÉD_MIN_MENS', 'TEMP_MÉD_MÉD_MENS', 'TEMP_MÉD_MAX_MENS', 'TEMP_MÉD_ACC_MENS', 'PRECIPITAÇÃO_MÉD_MENS', 'TEMP_MIN_MIN_MENS', 'TEMP_MIN_MAX_MENS', 'TEMP_MIN_ACC_MENS', 'PRECIPITAÇÃO_MIN_MENS', 'TEMP_MAX_ACC_MENS', 'PRECIPITAÇÃO_MAX_MENS', 'PRECIPITAÇÃO_ACC_MENS', 'DIA_DA_SEMANA_dom', 'DIA_DA_SEMANA_qui', 'DIA_DA_SEMANA_seg', 'DIA_DA_SEMANA_sex', 'DIA_DA_SEMANA_sáb', 'DIA_DA_SEMANA_ter', 'MÊS_abr', 'MÊS_ago', 'MÊS_jan', 'MÊS_jun', 'MÊS_mai', 'MÊS_nov', 'ANO_2023', 'ANO_2024', 'ANO_2015', 'ANO_2016', 'ANO_2017', 'ANO_2018', 'ANO_2019', 'ANO_2020', 'CAMPUS_CAPANEMA', 'CAMPUS_CASCAVEL', 'CAMPUS_CORONEL VIVIDA', 'CAMPUS_FOZ DO IGUAÇU', 'CAMPUS_GOIOERÊ', 'CAMPUS_PALMAS', 'CAMPUS_PARANAGUÁ', 'CAMPUS_PARANAVAÍ', 'CAMPUS_PITANGA', 'CAMPUS_UNIÃO DA VITÓRIA', 'CURSOS_TEC_CONCOMITANTE', 'CURSOS_GRAD_MATUTINO', 'FÉRIAS', 'COVID', 'GREVE', 'ORDEM', 'LAG_02', 'LAG_04', 'LAG_06', 'LAG_08', 'LAG_09', 'LAG_12');0.28793
('TEMP_MIN_MÉD_MENS', 'TEMP_MÉD_MAX_MENS', 'TEMP_MIN_ACC_MENS', 'TEMP_MAX_MIN_MENS', 'PRECIPITAÇÃO_MIN_MENS', 'PRECIPITAÇÃO_MAX_MENS', 'DIA_DA_SEMANA_qua', 'DIA_DA_SEMANA_qui', 'DIA_DA_SEMANA_seg', 'DIA_DA_SEMANA_sáb', 'DIA_DA_SEMANA_ter', 'MÊS_abr', 'MÊS_dez', 'MÊS_fev', 'MÊS_jul', 'MÊS_jun', 'MÊS_mai', 'MÊS_out', 'MÊS_set', 'ANO_2024', 'ANO_2015', 'ANO_2019', 'ANO_2020', 'CAMPUS_ASTORGA', 'CAMPUS_BARRACÃO', 'CAMPUS_CASCAVEL', 'CAMPUS_CURITIBA', 'CAMPUS_GOIOERÊ', 'CAMPUS_IVAIPORÃ', 'CAMPUS_PALMAS', 'CAMPUS_PARANAGUÁ', 'CAMPUS_PARANAVAÍ', 'CAMPUS_PINHAIS', 'CAMPUS_PITANGA', 'CAMPUS_UNIÃO DA VITÓRIA', 'CURSOS_TEC_INTEGRADO', 'CURSOS_TEC_SUBSEQUENTE', 'CURSOS_GRAD_MATUTINO', 'CURSOS_GRAD_VESPERTINO', 'FÉRIAS', 'FERIADO', 'COVID', 'GREVE', 'ORDEM', 'LAG_01', 'LAG_02', 'LAG_06', 'LAG_07', 'LAG_08', 'LAG_09', 'LAG_11', 'LAG_12');0.28798
('TEMP_MIN_MÉD_MENS', 'TEMP_MÉD_MIN_MENS', 'TEMP_MÉD_ACC_MENS', 'TEMP_MAX_MÉD_MENS', 'PRECIPITAÇÃO_MÉD_MENS', 'TEMP_MAX_MAX_MENS', 'PRECIPITAÇÃO_MAX_MENS', 'PRECIPITAÇÃO_ACC_MENS', 'DIA_DA_SEMANA_dom', 'DIA_DA_SEMANA_qui', 'DIA_DA_SEMANA_seg', 'DIA_DA_SEMANA_ter', 'MÊS_dez', 'MÊS_fev', 'MÊS_jan', 'MÊS_jul', 'MÊS_mai', 'MÊS_mar', 'MÊS_nov', 'ANO_2023', 'ANO_2024', 'ANO_2018', 'ANO_2019', 'ANO_2020', 'CAMPUS_ASSIS CHATEAUBRIAND', 'CAMPUS_ASTORGA', 'CAMPUS_BARRACÃO', 'CAMPUS_CORONEL VIVIDA', 'CAMPUS_CURITIBA', 'CAMPUS_GOIOERÊ', 'CAMPUS_IVAIPORÃ', 'CAMPUS_JAGUARIAÍVA', 'CAMPUS_PALMAS', 'CAMPUS_PARANAGUÁ', 'CAMPUS_PARANAVAÍ', 'CAMPUS_PINHAIS', 'CAMPUS_PITANGA', 'CAMPUS_QUEDAS DO IGUAÇU', 'CAMPUS_TELÊMACO BORBA', 'CAMPUS_UMUARAMA', 'CAMPUS_UNIÃO DA VITÓRIA', 'CURSOS_GRAD_VESPERTINO', 'FÉRIAS', 'COVID', 'ORDEM', 'LAG_01', 'LAG_03', 'LAG_04', 'LAG_06', 'LAG_07', 'LAG_08', 'LAG_10', 'LAG_11');0.28799
('TEMP_MIN_MÉD_MENS', 'TEMP_MÉD_MÉD_MENS', 'TEMP_MÉD_MAX_MENS', 'TEMP_MAX_MÉD_MENS', 'PRECIPITAÇÃO_MÉD_MENS', 'TEMP_MIN_MIN_MENS', 'TEMP_MIN_MAX_MENS', 'TEMP_MIN_ACC_MENS', 'TEMP_MAX_MIN_MENS', 'TEMP_MAX_MAX_MENS', 'TEMP_MAX_ACC_MENS', 'PRECIPITAÇÃO_ACC_MENS', 'DIA_DA_SEMANA_qua', 'DIA_DA_SEMANA_seg', 'DIA_DA_SEMANA_sáb', 'MÊS_abr', 'MÊS_ago', 'MÊS_fev', 'MÊS_jul', 'MÊS_nov', 'ANO_2021', 'ANO_2018', 'ANO_2019', 'ANO_2020', 'CAMPUS_ASSIS CHATEAUBRIAND', 'CAMPUS_ASTORGA', 'CAMPUS_CAPANEMA', 'CAMPUS_CASCAVEL', 'CAMPUS_CURITIBA', 'CAMPUS_FOZ DO IGUAÇU', 'CAMPUS_GOIOERÊ', 'CAMPUS_IVAIPORÃ', 'CAMPUS_JACAREZINHO', 'CAMPUS_JAGUARIAÍVA', 'CAMPUS_PARANAGUÁ', 'CAMPUS_PARANAVAÍ', 'CAMPUS_PINHAIS', 'CAMPUS_PITANGA', 'CAMPUS_QUEDAS DO IGUAÇU', 'CAMPUS_UNIÃO DA VITÓRIA', 'CURSOS_GRAD_VESPERTINO', 'CURSOS_POS', 'FERIADO', 'COVID', 'GREVE', 'LAG_04', 'LAG_05', 'LAG_06', 'LAG_08', 'LAG_09', 'LAG_11');0.28802
('TEMP_MAX_MÉD_MENS', 'PRECIPITAÇÃO_MÉD_MENS', 'TEMP_MIN_MIN_MENS', 'TEMP_MAX_MIN_MENS', 'PRECIPITAÇÃO_MIN_MENS', 'TEMP_MAX_MAX_MENS', 'PRECIPITAÇÃO_ACC_MENS', 'DIA_DA_SEMANA_dom', 'DIA_DA_SEMANA_sex', 'DIA_DA_SEMANA_sáb', 'MÊS_dez', 'MÊS_fev', 'MÊS_jul', 'MÊS_jun', 'MÊS_set', 'ANO_2021', 'ANO_2023', 'ANO_2024', 'ANO_2017', 'ANO_2018', 'CAMPUS_ASSIS CHATEAUBRIAND', 'CAMPUS_ASTORGA', 'CAMPUS_CAMPO LARGO', 'CAMPUS_CAPANEMA', 'CAMPUS_CASCAVEL', 'CAMPUS_IRATI', 'CAMPUS_JACAREZINHO', 'CAMPUS_JAGUARIAÍVA', 'CAMPUS_PARANAGUÁ', 'CAMPUS_PARANAVAÍ', 'CAMPUS_PINHAIS', 'CAMPUS_QUEDAS DO IGUAÇU', 'CAMPUS_TELÊMACO BORBA', 'CAMPUS_UMUARAMA', 'CURSOS_TEC_CONCOMITANTE', 'CURSOS_TEC_SUBSEQUENTE', 'CURSOS_POS', 'FÉRIAS', 'FERIADO', 'COVID', 'GREVE', 'ORDEM', 'LAG_01', 'LAG_02', 'LAG_07', 'LAG_08', 'LAG_10', 'LAG_12');0.28802
('TEMP_MÉD_MIN_MENS', 'TEMP_MÉD_MÉD_MENS', 'TEMP_MÉD_MAX_MENS', 'TEMP_MAX_MÉD_MENS', 'TEMP_MIN_MIN_MENS', 'TEMP_MIN_MAX_MENS', 'TEMP_MIN_ACC_MENS', 'PRECIPITAÇÃO_MIN_MENS', 'TEMP_MAX_MAX_MENS', 'TEMP_MAX_ACC_MENS', 'DIA_DA_SEMANA_dom', 'DIA_DA_SEMANA_seg', 'DIA_DA_SEMANA_sáb', 'MÊS_abr', 'MÊS_ago', 'MÊS_dez', 'MÊS_fev', 'MÊS_jul', 'MÊS_mar', 'MÊS_nov', 'ANO_2021', 'ANO_2022', 'ANO_2023', 'ANO_2015', 'ANO_2016', 'ANO_2018', 'ANO_2019', 'ANO_2020', 'CAMPUS_ASSIS CHATEAUBRIAND', 'CAMPUS_ASTORGA', 'CAMPUS_BARRACÃO', 'CAMPUS_CAMPO LARGO', 'CAMPUS_CAPANEMA', 'CAMPUS_CORONEL VIVIDA', 'CAMPUS_GOIOERÊ', 'CAMPUS_JACAREZINHO', 'CAMPUS_JAGUARIAÍVA', 'CAMPUS_LONDRINA - CENTRO', 'CAMPUS_PARANAGUÁ', 'CAMPUS_PARANAVAÍ', 'CAMPUS_PINHAIS', 'CAMPUS_PITANGA', 'CAMPUS_QUEDAS DO IGUAÇU', 'CAMPUS_UNIÃO DA VITÓRIA', 'CURSOS_TEC_CONCOMITANTE', 'CURSOS_TEC_INTEGRADO', 'CURSOS_TEC_SUBSEQUENTE', 'CURSOS_GRAD_NOTURNO', 'CURSOS_POS', 'FÉRIAS', 'FERIADO', 'COVID', 'GREVE', 'LAG_01', 'LAG_02', 'LAG_05', 'LAG_07', 'LAG_08', 'LAG_09', 'LAG_10', 'LAG_11');0.28803
('TEMP_MÉD_MIN_MENS', 'TEMP_MÉD_MAX_MENS', 'PRECIPITAÇÃO_MÉD_MENS', 'TEMP_MIN_MIN_MENS', 'TEMP_MIN_ACC_MENS', 'PRECIPITAÇÃO_MIN_MENS', 'TEMP_MAX_MAX_MENS', 'TEMP_MAX_ACC_MENS', 'PRECIPITAÇÃO_MAX_MENS', 'PRECIPITAÇÃO_ACC_MENS', 'DIA_DA_SEMANA_qua', 'DIA_DA_SEMANA_sáb', 'MÊS_abr', 'MÊS_fev', 'MÊS_jun', 'MÊS_nov', 'MÊS_out', 'MÊS_set', 'ANO_2021', 'ANO_2022', 'ANO_2018', 'ANO_2019', 'ANO_2020', 'CAMPUS_BARRACÃO', 'CAMPUS_CASCAVEL', 'CAMPUS_CORONEL VIVIDA', 'CAMPUS_GOIOERÊ', 'CAMPUS_JACAREZINHO', 'CAMPUS_PALMAS', 'CAMPUS_PARANAGUÁ', 'CAMPUS_PINHAIS', 'CAMPUS_QUEDAS DO IGUAÇU', 'CAMPUS_UMUARAMA', 'CURSOS_TEC_INTEGRADO', 'CURSOS_TEC_SUBSEQUENTE', 'CURSOS_GRAD_MATUTINO', 'CURSOS_GRAD_NOTURNO', 'CURSOS_POS', 'FÉRIAS', 'FERIADO', 'COVID', 'GREVE', 'LAG_01', 'LAG_02', 'LAG_03', 'LAG_06', 'LAG_07', 'LAG_08', 'LAG_10', 'LAG_11');0.28803
('TEMP_MÉD_MIN_MENS', 'TEMP_MÉD_MÉD_MENS', 'TEMP_MÉD_MAX_MENS', 'TEMP_MÉD_ACC_MENS', 'TEMP_MAX_MÉD_MENS', 'PRECIPITAÇÃO_MÉD_MENS', 'TEMP_MIN_MIN_MENS', 'TEMP_MIN_MAX_MENS', 'TEMP_MIN_ACC_MENS', 'TEMP_MAX_MIN_MENS', 'DIA_DA_SEMANA_dom', 'DIA_DA_SEMANA_qui', 'DIA_DA_SEMANA_seg', 'DIA_DA_SEMANA_sex', 'DIA_DA_SEMANA_sáb', 'MÊS_abr', 'MÊS_ago', 'MÊS_jan', 'MÊS_jul', 'MÊS_mai', 'MÊS_mar', 'MÊS_out', 'ANO_2022', 'ANO_2015', 'ANO_2017', 'ANO_2018', 'ANO_2020', 'CAMPUS_ASSIS CHATEAUBRIAND', 'CAMPUS_ASTORGA', 'CAMPUS_BARRACÃO', 'CAMPUS_CAPANEMA', 'CAMPUS_CURITIBA', 'CAMPUS_FOZ DO IGUAÇU', 'CAMPUS_IRATI', 'CAMPUS_IVAIPORÃ', 'CAMPUS_JACAREZINHO', 'CAMPUS_JAGUARIAÍVA', 'CAMPUS_LONDRINA - CENTRO', 'CAMPUS_PALMAS', 'CAMPUS_PARANAGUÁ', 'CAMPUS_TELÊMACO BORBA', 'CAMPUS_UMUARAMA', 'CAMPUS_UNIÃO DA VITÓRIA', 'CURSOS_TEC_CONCOMITANTE', 'CURSOS_TEC_SUBSEQUENTE', 'CURSOS_POS', 'FÉRIAS', 'FERIADO', 'COVID', 'GREVE', 'ORDEM', 'LAG_01', 'LAG_03', 'LAG_04', 'LAG_05', 'LAG_07', 'LAG_08', 'LAG_09', 'LAG_10', 'LAG_11', 'LAG_12');0.28813
('TEMP_MÉD_MÉD_MENS', 'TEMP_MÉD_MAX_MENS', 'TEMP_MÉD_ACC_MENS', 'TEMP_MAX_MÉD_MENS', 'PRECIPITAÇÃO_MÉD_MENS', 'TEMP_MIN_MIN_MENS', 'TEMP_MIN_ACC_MENS', 'TEMP_MAX_MIN_MENS', 'PRECIPITAÇÃO_MAX_MENS', 'DIA_DA_SEMANA_dom', 'DIA_DA_SEMANA_qua', 'DIA_DA_SEMANA_seg', 'MÊS_abr', 'MÊS_ago', 'MÊS_dez', 'MÊS_fev', 'MÊS_jan', 'MÊS_jul', 'MÊS_mar', 'MÊS_nov', 'MÊS_out', 'MÊS_set', 'ANO_2022', 'ANO_2023', 'ANO_2024', 'ANO_2017', 'ANO_2018', 'ANO_2019', 'ANO_2020', 'CAMPUS_ASTORGA', 'CAMPUS_CASCAVEL', 'CAMPUS_CORONEL VIVIDA', 'CAMPUS_CURITIBA', 'CAMPUS_GOIOERÊ', 'CAMPUS_IRATI', 'CAMPUS_IVAIPORÃ', 'CAMPUS_JACAREZINHO', 'CAMPUS_LONDRINA - CENTRO', 'CAMPUS_PALMAS', 'CAMPUS_PINHAIS', 'CAMPUS_TELÊMACO BORBA', 'CAMPUS_UNIÃO DA VITÓRIA', 'CURSOS_TEC_CONCOMITANTE', 'CURSOS_TEC_INTEGRADO', 'CURSOS_GRAD_MATUTINO', 'CURSOS_POS', 'FÉRIAS', 'FERIADO', 'COVID', 'GREVE', 'LAG_01', 'LAG_04', 'LAG_07', 'LAG_08', 'LAG_09', 'LAG_10');0.28813
('TEMP_MIN_MÉD_MENS', 'TEMP_MÉD_ACC_MENS', 'PRECIPITAÇÃO_MÉD_MENS', 'TEMP_MIN_MIN_MENS', 'TEMP_MIN_MAX_MENS', 'TEMP_MIN_ACC_MENS', 'TEMP_MAX_MIN_MENS', 'TEMP_MAX_MAX_MENS', 'TEMP_MAX_ACC_MENS', 'PRECIPITAÇÃO_ACC_MENS', 'DIA_DA_SEMANA_dom', 'DIA_DA_SEMANA_qua', 'DIA_DA_SEMANA_qui', 'DIA_DA_SEMANA_sex', 'DIA_DA_SEMANA_sáb', 'MÊS_abr', 'MÊS_fev', 'MÊS_jul', 'MÊS_jun', 'MÊS_mar', 'MÊS_out', 'ANO_2021', 'ANO_2023', 'ANO_2015', 'ANO_2016', 'ANO_2018', 'CAMPUS_ASSIS CHATEAUBRIAND', 'CAMPUS_BARRACÃO', 'CAMPUS_CASCAVEL', 'CAMPUS_CORONEL VIVIDA', 'CAMPUS_FOZ DO IGUAÇU', 'CAMPUS_GOIOERÊ', 'CAMPUS_JACAREZINHO', 'CAMPUS_QUEDAS DO IGUAÇU', 'CAMPUS_UMUARAMA', 'CURSOS_TEC_CONCOMITANTE', 'CURSOS_GRAD_MATUTINO', 'CURSOS_GRAD_NOTURNO', 'FÉRIAS', 'FERIADO', 'COVID', 'ORDEM', 'LAG_01', 'LAG_02', 'LAG_05', 'LAG_06', 'LAG_08', 'LAG_11', 'LAG_12');0.28816
('TEMP_MIN_MÉD_MENS', 'TEMP_MÉD_MIN_MENS', 'TEMP_MÉD_MÉD_MENS', 'TEMP_MIN_MAX_MENS', 'TEMP_MIN_ACC_MENS', 'TEMP_MAX_ACC_MENS', 'PRECIPITAÇÃO_MAX_MENS', 'DIA_DA_SEMANA_dom', 'DIA_DA_SEMANA_qui', 'DIA_DA_SEMANA_sáb', 'DIA_DA_SEMANA_ter', 'MÊS_ago', 'MÊS_fev', 'MÊS_jan', 'MÊS_jul', 'MÊS_jun', 'MÊS_mai', 'MÊS_out', 'ANO_2021', 'ANO_2022', 'ANO_2023', 'ANO_2015', 'ANO_2017', 'ANO_2018', 'ANO_2020', 'CAMPUS_BARRACÃO', 'CAMPUS_CAMPO LARGO', 'CAMPUS_CASCAVEL', 'CAMPUS_CORONEL VIVIDA', 'CAMPUS_FOZ DO IGUAÇU', 'CAMPUS_IVAIPORÃ', 'CAMPUS_JACAREZINHO', 'CAMPUS_JAGUARIAÍVA', 'CAMPUS_LONDRINA - CENTRO', 'CAMPUS_PALMAS', 'CAMPUS_PARANAGUÁ', 'CAMPUS_PINHAIS', 'CAMPUS_PITANGA', 'CAMPUS_TELÊMACO BORBA', 'CURSOS_TEC_CONCOMITANTE', 'CURSOS_GRAD_NOTURNO', 'FÉRIAS', 'FERIADO', 'GREVE', 'ORDEM', 'LAG_02', 'LAG_03', 'LAG_05', 'LAG_06', 'LAG_08', 'LAG_11', 'LAG_12');0.28818
('TEMP_MÉD_MIN_MENS', 'TEMP_MÉD_ACC_MENS', 'TEMP_MAX_MÉD_MENS', 'PRECIPITAÇÃO_MÉD_MENS', 'TEMP_MIN_MAX_MENS', 'TEMP_MIN_ACC_MENS', 'TEMP_MAX_MIN_MENS', 'PRECIPITAÇÃO_MIN_MENS', 'TEMP_MAX_MAX_MENS', 'TEMP_MAX_ACC_MENS', 'PRECIPITAÇÃO_MAX_MENS', 'DIA_DA_SEMANA_dom', 'DIA_DA_SEMANA_qua', 'DIA_DA_SEMANA_seg', 'DIA_DA_SEMANA_sex', 'DIA_DA_SEMANA_sáb', 'MÊS_abr', 'MÊS_jan', 'MÊS_jul', 'MÊS_jun', 'MÊS_mai', 'MÊS_mar', 'MÊS_nov', 'MÊS_out', 'MÊS_set', 'ANO_2021', 'ANO_2022', 'ANO_2023', 'ANO_2024', 'ANO_2016', 'ANO_2017', 'ANO_2018', 'ANO_2019', 'CAMPUS_ASTORGA', 'CAMPUS_CAMPO LARGO', 'CAMPUS_CURITIBA', 'CAMPUS_FOZ DO IGUAÇU', 'CAMPUS_IRATI', 'CAMPUS_IVAIPORÃ', 'CAMPUS_JACAREZINHO', 'CAMPUS_LONDRINA - CENTRO', 'CAMPUS_PARANAVAÍ', 'CAMPUS_PINHAIS', 'CAMPUS_QUEDAS DO IGUAÇU', 'CAMPUS_TELÊMACO BORBA', 'CAMPUS_UMUARAMA', 'CURSOS_TEC_INTEGRADO', 'CURSOS_TEC_SUBSEQUENTE', 'CURSOS_GRAD_MATUTINO', 'CURSOS_GRAD_NOTURNO', 'CURSOS_POS', 'FÉRIAS', 'COVID', 'ORDEM', 'LAG_02', 'LAG_04', 'LAG_05', 'LAG_06', 'LAG_08', 'LAG_09', 'LAG_11');0.28826
('TEMP_MÉD_MIN_MENS', 'TEMP_MÉD_MÉD_MENS', 'PRECIPITAÇÃO_MÉD_MENS', 'TEMP_MIN_MAX_MENS', 'TEMP_MAX_MIN_MENS', 'PRECIPITAÇÃO_MIN_MENS', 'TEMP_MAX_ACC_MENS', 'PRECIPITAÇÃO_MAX_MENS', 'PRECIPITAÇÃO_ACC_MENS', 'DIA_DA_SEMANA_qua', 'DIA_DA_SEMANA_qui', 'DIA_DA_SEMANA_sáb', 'DIA_DA_SEMANA_ter', 'MÊS_abr', 'MÊS_ago', 'MÊS_dez', 'MÊS_fev', 'MÊS_jan', 'MÊS_jul', 'MÊS_jun', 'MÊS_mar', 'MÊS_nov', 'ANO_2021', 'ANO_2023', 'ANO_2016', 'ANO_2017', 'CAMPUS_ASTORGA', 'CAMPUS_BARRACÃO', 'CAMPUS_CAMPO LARGO', 'CAMPUS_CAPANEMA', 'CAMPUS_CASCAVEL', 'CAMPUS_CORONEL VIVIDA', 'CAMPUS_CURITIBA', 'CAMPUS_GOIOERÊ', 'CAMPUS_JACAREZINHO', 'CAMPUS_JAGUARIAÍVA', 'CAMPUS_LONDRINA - CENTRO', 'CAMPUS_PINHAIS', 'CAMPUS_PITANGA', 'CAMPUS_QUEDAS DO IGUAÇU', 'CAMPUS_UMUARAMA', 'CURSOS_TEC_CONCOMITANTE', 'CURSOS_TEC_SUBSEQUENTE', 'CURSOS_GRAD_VESPERTINO', 'CURSOS_GRAD_NOTURNO', 'FÉRIAS', 'COVID', 'GREVE', 'LAG_01', 'LAG_02', 'LAG_04', 'LAG_08', 'LAG_09', 'LAG_10', 'LAG_11');0.28828
('TEMP_MIN_MÉD_MENS', 'TEMP_MÉD_MIN_MENS', 'TEMP_MÉD_ACC_MENS', 'TEMP_MAX_MÉD_MENS', 'TEMP_MIN_MAX_MENS', 'TEMP_MAX_MAX_MENS', 'PRECIPITAÇÃO_MAX_MENS', 'PRECIPITAÇÃO_ACC_MENS', 'DIA_DA_SEMANA_dom', 'DIA_DA_SEMANA_qui', 'DIA_DA_SEMANA_seg', 'DIA_DA_SEMANA_sáb', 'DIA_DA_SEMANA_ter', 'MÊS_ago', 'MÊS_jun', 'MÊS_mai', 'MÊS_out', 'MÊS_set', 'ANO_2024', 'ANO_2015', 'ANO_2016', 'ANO_2017', 'ANO_2018', 'ANO_2019', 'CAMPUS_ASSIS CHATEAUBRIAND', 'CAMPUS_BARRACÃO', 'CAMPUS_CAMPO LARGO', 'CAMPUS_CAPANEMA', 'CAMPUS_CASCAVEL', 'CAMPUS_FOZ DO IGUAÇU', 'CAMPUS_GOIOERÊ', 'CAMPUS_IRATI', 'CAMPUS_IVAIPORÃ', 'CAMPUS_JACAREZINHO', 'CAMPUS_LONDRINA - CENTRO', 'CAMPUS_PARANAGUÁ', 'CAMPUS_PINHAIS', 'CAMPUS_PITANGA', 'CAMPUS_QUEDAS DO IGUAÇU', 'CAMPUS_TELÊMACO BORBA', 'CAMPUS_UMUARAMA', 'CAMPUS_UNIÃO DA VITÓRIA', 'CURSOS_TEC_INTEGRADO', 'CURSOS_TEC_SUBSEQUENTE', 'CURSOS_GRAD_MATUTINO', 'CURSOS_GRAD_VESPERTINO', 'CURSOS_GRAD_NOTURNO', 'FERIADO', 'COVID', 'GREVE', 'LAG_01', 'LAG_02', 'LAG_03', 'LAG_04', 'LAG_05', 'LAG_06', 'LAG_07', 'LAG_09', 'LAG_10');0.28829
('TEMP_MIN_MÉD_MENS', 'TEMP_MÉD_MIN_MENS', 'TEMP_MÉD_MÉD_MENS', 'TEMP_MÉD_MAX_MENS', 'TEMP_MÉD_ACC_MENS', 'TEMP_MAX_MÉD_MENS', 'PRECIPITAÇÃO_MÉD_MENS', 'TEMP_MAX_MIN_MENS', 'PRECIPITAÇÃO_MIN_MENS', 'PRECIPITAÇÃO_MAX_MENS', 'DIA_DA_SEMANA_qua', 'DIA_DA_SEMANA_qui', 'DIA_DA_SEMANA_seg', 'DIA_DA_SEMANA_sáb', 'MÊS_ago', 'MÊS_dez', 'MÊS_jan', 'MÊS_mar', 'MÊS_out', 'MÊS_set', 'ANO_2022', 'ANO_2023', 'ANO_2016', 'ANO_2017', 'ANO_2019', 'CAMPUS_ASSIS CHATEAUBRIAND', 'CAMPUS_CAMPO LARGO', 'CAMPUS_CAPANEMA', 'CAMPUS_CASCAVEL', 'CAMPUS_CORONEL VIVIDA', 'CAMPUS_CURITIBA', 'CAMPUS_IRATI', 'CAMPUS_JAGUARIAÍVA', 'CAMPUS_PALMAS', 'CAMPUS_PARANAGUÁ', 'CAMPUS_QUEDAS DO IGUAÇU', 'CAMPUS_UNIÃO DA VITÓRIA', 'CURSOS_TEC_CONCOMITANTE', 'CURSOS_TEC_INTEGRADO', 'CURSOS_TEC_SUBSEQUENTE', 'CURSOS_GRAD_MATUTINO', 'CURSOS_GRAD_NOTURNO', 'CURSOS_POS', 'FÉRIAS', 'FERIADO', 'COVID', 'ORDEM', 'LAG_01', 'LAG_02', 'LAG_05', 'LAG_06', 'LAG_09', 'LAG_12');0.28831
('TEMP_MIN_MÉD_MENS', 'TEMP_MÉD_MIN_MENS', 'TEMP_MÉD_MÉD_MENS', 'TEMP_MÉD_MAX_MENS', 'TEMP_MÉD_ACC_MENS', 'TEMP_MAX_MÉD_MENS', 'TEMP_MIN_ACC_MENS', 'TEMP_MAX_MIN_MENS', 'PRECIPITAÇÃO_MIN_MENS', 'TEMP_MAX_ACC_MENS', 'PRECIPITAÇÃO_ACC_MENS', 'DIA_DA_SEMANA_qua', 'DIA_DA_SEMANA_qui', 'DIA_DA_SEMANA_seg', 'DIA_DA_SEMANA_sáb', 'MÊS_abr', 'MÊS_dez', 'MÊS_jan', 'MÊS_mai', 'MÊS_mar', 'MÊS_nov', 'ANO_2021', 'ANO_2024', 'ANO_2016', 'ANO_2017', 'ANO_2019', 'ANO_2020', 'CAMPUS_CAMPO LARGO', 'CAMPUS_CASCAVEL', 'CAMPUS_FOZ DO IGUAÇU', 'CAMPUS_GOIOERÊ', 'CAMPUS_IVAIPORÃ', 'CAMPUS_JACAREZINHO', 'CAMPUS_LONDRINA - CENTRO', 'CAMPUS_PALMAS', 'CAMPUS_PARANAVAÍ', 'CAMPUS_PINHAIS', 'CAMPUS_PITANGA', 'CAMPUS_TELÊMACO BORBA', 'CAMPUS_UNIÃO DA VITÓRIA', 'CURSOS_TEC_INTEGRADO', 'CURSOS_GRAD_MATUTINO', 'FÉRIAS', 'FERIADO', 'COVID', 'GREVE', 'ORDEM', 'LAG_01', 'LAG_02', 'LAG_04', 'LAG_06', 'LAG_07', 'LAG_08', 'LAG_09', 'LAG_12');0.28837
('TEMP_MIN_MÉD_MENS', 'TEMP_MÉD_MIN_MENS', 'TEMP_MÉD_MAX_MENS', 'TEMP_MÉD_ACC_MENS', 'TEMP_MAX_MÉD_MENS', 'PRECIPITAÇÃO_MÉD_MENS', 'TEMP_MIN_ACC_MENS', 'PRECIPITAÇÃO_MIN_MENS', 'TEMP_MAX_MAX_MENS', 'TEMP_MAX_ACC_MENS', 'PRECIPITAÇÃO_ACC_MENS', 'DIA_DA_SEMANA_dom', 'DIA_DA_SEMANA_sex', 'DIA_DA_SEMANA_sáb', 'MÊS_ago', 'MÊS_dez', 'MÊS_fev', 'MÊS_jul', 'MÊS_jun', 'MÊS_mai', 'MÊS_mar', 'ANO_2022', 'ANO_2024', 'ANO_2018', 'ANO_2019', 'ANO_2020', 'CAMPUS_ASTORGA', 'CAMPUS_CAMPO LARGO', 'CAMPUS_CASCAVEL', 'CAMPUS_CORONEL VIVIDA', 'CAMPUS_GOIOERÊ', 'CAMPUS_JAGUARIAÍVA', 'CAMPUS_PALMAS', 'CAMPUS_PARANAGUÁ', 'CAMPUS_QUEDAS DO IGUAÇU', 'CAMPUS_UMUARAMA', 'CURSOS_GRAD_MATUTINO', 'CURSOS_GRAD_VESPERTINO', 'CURSOS_GRAD_NOTURNO', 'CURSOS_POS', 'FÉRIAS', 'FERIADO', 'COVID', 'ORDEM', 'LAG_01', 'LAG_02', 'LAG_05', 'LAG_08', 'LAG_09', 'LAG_12');0.28852
('TEMP_MÉD_MIN_MENS', 'TEMP_MÉD_MÉD_MENS', 'TEMP_MIN_MIN_MENS', 'TEMP_MAX_MIN_MENS', 'PRECIPITAÇÃO_MIN_MENS', 'TEMP_MAX_ACC_MENS', 'PRECIPITAÇÃO_MAX_MENS', 'PRECIPITAÇÃO_ACC_MENS', 'DIA_DA_SEMANA_dom', 'DIA_DA_SEMANA_qui', 'DIA_DA_SEMANA_sex', 'DIA_DA_SEMANA_ter', 'MÊS_abr', 'MÊS_dez', 'MÊS_fev', 'MÊS_jun', 'MÊS_mai', 'MÊS_set', 'ANO_2021', 'ANO_2022', 'ANO_2023', 'ANO_2015', 'ANO_2017', 'ANO_2019', 'CAMPUS_ASTORGA', 'CAMPUS_BARRACÃO', 'CAMPUS_CAMPO LARGO', 'CAMPUS_CORONEL VIVIDA', 'CAMPUS_CURITIBA', 'CAMPUS_FOZ DO IGUAÇU', 'CAMPUS_IRATI', 'CAMPUS_JACAREZINHO', 'CAMPUS_JAGUARIAÍVA', 'CAMPUS_LONDRINA - CENTRO', 'CAMPUS_PARANAVAÍ', 'CAMPUS_PITANGA', 'CAMPUS_QUEDAS DO IGUAÇU', 'CAMPUS_TELÊMACO BORBA', 'CAMPUS_UMUARAMA', 'CAMPUS_UNIÃO DA VITÓRIA', 'CURSOS_TEC_INTEGRADO', 'CURSOS_TEC_SUBSEQUENTE', 'CURSOS_GRAD_MATUTINO', 'CURSOS_GRAD_VESPERTINO', 'FÉRIAS', 'COVID', 'LAG_01', 'LAG_02', 'LAG_03', 'LAG_06', 'LAG_07', 'LAG_08', 'LAG_11');0.28857
('TEMP_MIN_MÉD_MENS', 'TEMP_MÉD_MÉD_MENS', 'TEMP_MÉD_MAX_MENS', 'TEMP_MÉD_ACC_MENS', 'TEMP_MIN_ACC_MENS', 'PRECIPITAÇÃO_MIN_MENS', 'PRECIPITAÇÃO_MAX_MENS', 'DIA_DA_SEMANA_dom', 'DIA_DA_SEMANA_qui', 'DIA_DA_SEMANA_seg', 'DIA_DA_SEMANA_sáb', 'MÊS_ago', 'MÊS_dez', 'MÊS_jan', 'MÊS_jul', 'MÊS_jun', 'MÊS_mar', 'MÊS_nov', 'MÊS_set', 'ANO_2022', 'ANO_2015', 'ANO_2017', 'ANO_2018', 'ANO_2019', 'ANO_2020', 'CAMPUS_ASSIS CHATEAUBRIAND', 'CAMPUS_BARRACÃO', 'CAMPUS_CAMPO LARGO', 'CAMPUS_CAPANEMA', 'CAMPUS_FOZ DO IGUAÇU', 'CAMPUS_IVAIPORÃ', 'CAMPUS_JACAREZINHO', 'CAMPUS_LONDRINA - CENTRO', 'CAMPUS_PARANAVAÍ', 'CAMPUS_PINHAIS', 'CAMPUS_TELÊMACO BORBA', 'CAMPUS_UMUARAMA', 'CAMPUS_UNIÃO DA VITÓRIA', 'CURSOS_TEC_CONCOMITANTE', 'CURSOS_TEC_SUBSEQUENTE', 'CURSOS_GRAD_MATUTINO', 'CURSOS_GRAD_NOTURNO', 'FERIADO', 'COVID', 'ORDEM', 'LAG_04', 'LAG_06', 'LAG_07');0.2886
('TEMP_MIN_MÉD_MENS', 'TEMP_MÉD_MÉD_MENS', 'TEMP_MÉD_MAX_MENS', 'PRECIPITAÇÃO_MÉD_MENS', 'TEMP_MIN_MIN_MENS', 'TEMP_MIN_MAX_MENS', 'TEMP_MIN_ACC_MENS', 'TEMP_MAX_ACC_MENS', 'DIA_DA_SEMANA_dom', 'DIA_DA_SEMANA_qua', 'DIA_DA_SEMANA_qui', 'DIA_DA_SEMANA_seg', 'DIA_DA_SEMANA_sáb', 'DIA_DA_SEMANA_ter', 'MÊS_ago', 'MÊS_dez', 'MÊS_mar', 'MÊS_out', 'ANO_2022', 'ANO_2023', 'ANO_2015', 'ANO_2016', 'ANO_2017', 'ANO_2018', 'ANO_2020', 'CAMPUS_ASTORGA', 'CAMPUS_BARRACÃO', 'CAMPUS_CAMPO LARGO', 'CAMPUS_CAPANEMA', 'CAMPUS_CASCAVEL', 'CAMPUS_CORONEL VIVIDA', 'CAMPUS_FOZ DO IGUAÇU', 'CAMPUS_GOIOERÊ', 'CAMPUS_IRATI', 'CAMPUS_IVAIPORÃ', 'CAMPUS_PALMAS', 'CAMPUS_PARANAGUÁ', 'CAMPUS_PARANAVAÍ', 'CAMPUS_PITANGA', 'CAMPUS_QUEDAS DO IGUAÇU', 'CAMPUS_TELÊMACO BORBA', 'CURSOS_TEC_SUBSEQUENTE', 'FÉRIAS', 'FERIADO', 'COVID', 'ORDEM', 'LAG_04', 'LAG_05', 'LAG_07', 'LAG_08', 'LAG_10', 'LAG_12');0.28867
('TEMP_MIN_MÉD_MENS', 'TEMP_MÉD_MIN_MENS', 'TEMP_MÉD_MÉD_MENS', 'TEMP_MÉD_MAX_MENS', 'TEMP_MAX_MÉD_MENS', 'PRECIPITAÇÃO_MÉD_MENS', 'TEMP_MIN_MAX_MENS', 'TEMP_MIN_ACC_MENS', 'PRECIPITAÇÃO_MIN_MENS', 'TEMP_MAX_ACC_MENS', 'PRECIPITAÇÃO_MAX_MENS', 'DIA_DA_SEMANA_qua', 'DIA_DA_SEMANA_seg', 'DIA_DA_SEMANA_ter', 'MÊS_ago', 'MÊS_dez', 'MÊS_fev', 'MÊS_jan', 'MÊS_jul', 'MÊS_jun', 'MÊS_nov', 'MÊS_out', 'MÊS_set', 'ANO_2021', 'ANO_2023', 'ANO_2015', 'ANO_2016', 'ANO_2018', 'ANO_2020', 'CAMPUS_ASSIS CHATEAUBRIAND', 'CAMPUS_CAMPO LARGO', 'CAMPUS_CAPANEMA', 'CAMPUS_CASCAVEL', 'CAMPUS_CURITIBA', 'CAMPUS_FOZ DO IGUAÇU', 'CAMPUS_IRATI', 'CAMPUS_IVAIPORÃ', 'CAMPUS_JACAREZINHO', 'CAMPUS_JAGUARIAÍVA', 'CAMPUS_LONDRINA - CENTRO', 'CAMPUS_PARANAGUÁ', 'CAMPUS_PARANAVAÍ', 'CAMPUS_PINHAIS', 'CAMPUS_PITANGA', 'CAMPUS_QUEDAS DO IGUAÇU', 'CAMPUS_UNIÃO DA VITÓRIA', 'CURSOS_TEC_CONCOMITANTE', 'CURSOS_TEC_INTEGRADO', 'CURSOS_POS', 'FERIADO', 'COVID', 'ORDEM', 'LAG_01', 'LAG_02', 'LAG_03', 'LAG_05', 'LAG_06', 'LAG_07', 'LAG_08', 'LAG_10', 'LAG_11', 'LAG_12');0.28869
('TEMP_MIN_MÉD_MENS', 'TEMP_MÉD_MIN_MENS', 'TEMP_MÉD_MAX_MENS', 'PRECIPITAÇÃO_MÉD_MENS', 'TEMP_MIN_MAX_MENS', 'TEMP_MAX_MIN_MENS', 'TEMP_MAX_ACC_MENS', 'PRECIPITAÇÃO_ACC_MENS', 'DIA_DA_SEMANA_dom', 'DIA_DA_SEMANA_qui', 'DIA_DA_SEMANA_sáb', 'DIA_DA_SEMANA_ter', 'MÊS_dez', 'MÊS_jan', 'MÊS_mai', 'MÊS_mar', 'MÊS_nov', 'MÊS_set', 'ANO_2023', 'ANO_2024', 'ANO_2015', 'ANO_2020', 'CAMPUS_ASSIS CHATEAUBRIAND', 'CAMPUS_ASTORGA', 'CAMPUS_BARRACÃO', 'CAMPUS_CAMPO LARGO', 'CAMPUS_CAPANEMA', 'CAMPUS_CORONEL VIVIDA', 'CAMPUS_CURITIBA', 'CAMPUS_FOZ DO IGUAÇU', 'CAMPUS_GOIOERÊ', 'CAMPUS_IRATI', 'CAMPUS_JACAREZINHO', 'CAMPUS_LONDRINA - CENTRO', 'CAMPUS_PARANAVAÍ', 'CAMPUS_PITANGA', 'CAMPUS_QUEDAS DO IGUAÇU', 'CAMPUS_UMUARAMA', 'CAMPUS_UNIÃO DA VITÓRIA', 'CURSOS_TEC_SUBSEQUENTE', 'CURSOS_GRAD_NOTURNO', 'CURSOS_POS', 'FÉRIAS', 'ORDEM', 'LAG_01', 'LAG_02', 'LAG_03', 'LAG_04', 'LAG_06', 'LAG_07', 'LAG_08', 'LAG_09', 'LAG_10', 'LAG_11', 'LAG_12');0.28874
('TEMP_MIN_MÉD_MENS', 'TEMP_MÉD_MIN_MENS', 'TEMP_MÉD_MÉD_MENS', 'TEMP_MÉD_ACC_MENS', 'TEMP_MAX_MÉD_MENS', 'TEMP_MIN_MAX_MENS', 'TEMP_MIN_ACC_MENS', 'TEMP_MAX_MIN_MENS', 'TEMP_MAX_MAX_MENS', 'PRECIPITAÇÃO_MAX_MENS', 'PRECIPITAÇÃO_ACC_MENS', 'DIA_DA_SEMANA_dom', 'DIA_DA_SEMANA_qua', 'DIA_DA_SEMANA_qui', 'DIA_DA_SEMANA_ter', 'MÊS_abr', 'MÊS_dez', 'MÊS_fev', 'MÊS_jan', 'MÊS_jun', 'MÊS_mai', 'MÊS_nov', 'MÊS_out', 'MÊS_set', 'ANO_2021', 'ANO_2022', 'ANO_2024', 'ANO_2015', 'ANO_2018', 'ANO_2019', 'CAMPUS_ASTORGA', 'CAMPUS_CASCAVEL', 'CAMPUS_CORONEL VIVIDA', 'CAMPUS_FOZ DO IGUAÇU', 'CAMPUS_IVAIPORÃ', 'CAMPUS_JAGUARIAÍVA', 'CAMPUS_LONDRINA - CENTRO', 'CAMPUS_PALMAS', 'CAMPUS_PARANAGUÁ', 'CAMPUS_PITANGA', 'CAMPUS_UMUARAMA', 'CAMPUS_UNIÃO DA VITÓRIA', 'CURSOS_TEC_CONCOMITANTE', 'CURSOS_TEC_INTEGRADO', 'CURSOS_GRAD_MATUTINO', 'CURSOS_GRAD_VESPERTINO', 'COVID', 'LAG_01', 'LAG_02', 'LAG_03', 'LAG_05', 'LAG_06');0.28875
('TEMP_MÉD_MÉD_MENS', 'TEMP_MÉD_MAX_MENS', 'TEMP_MÉD_ACC_MENS', 'TEMP_MIN_MIN_MENS', 'TEMP_MIN_MAX_MENS', 'TEMP_MAX_MIN_MENS', 'PRECIPITAÇÃO_MIN_MENS', 'TEMP_MAX_MAX_MENS', 'DIA_DA_SEMANA_dom', 'DIA_DA_SEMANA_seg', 'DIA_DA_SEMANA_sex', 'DIA_DA_SEMANA_sáb', 'DIA_DA_SEMANA_ter', 'MÊS_jan', 'MÊS_jul', 'MÊS_mai', 'MÊS_nov', 'MÊS_out', 'MÊS_set', 'ANO_2021', 'ANO_2022', 'ANO_2023', 'ANO_2015', 'ANO_2016', 'ANO_2017', 'ANO_2018', 'CAMPUS_ASTORGA', 'CAMPUS_CURITIBA', 'CAMPUS_IRATI', 'CAMPUS_IVAIPORÃ', 'CAMPUS_JACAREZINHO', 'CAMPUS_PALMAS', 'CAMPUS_PINHAIS', 'CAMPUS_PITANGA', 'CAMPUS_TELÊMACO BORBA', 'CAMPUS_UMUARAMA', 'CURSOS_TEC_CONCOMITANTE', 'CURSOS_TEC_SUBSEQUENTE', 'CURSOS_GRAD_MATUTINO', 'CURSOS_GRAD_VESPERTINO', 'CURSOS_POS', 'FÉRIAS', 'FERIADO', 'COVID', 'ORDEM', 'LAG_01', 'LAG_02', 'LAG_03', 'LAG_05', 'LAG_06', 'LAG_07', 'LAG_08', 'LAG_10', 'LAG_11', 'LAG_12');0.2889
('TEMP_MÉD_MÉD_MENS', 'TEMP_MÉD_ACC_MENS', 'PRECIPITAÇÃO_MÉD_MENS', 'TEMP_MIN_MIN_MENS', 'TEMP_MIN_MAX_MENS', 'TEMP_MIN_ACC_MENS', 'PRECIPITAÇÃO_MIN_MENS', 'PRECIPITAÇÃO_MAX_MENS', 'DIA_DA_SEMANA_qua', 'DIA_DA_SEMANA_qui', 'DIA_DA_SEMANA_seg', 'DIA_DA_SEMANA_sáb', 'MÊS_abr', 'MÊS_ago', 'MÊS_dez', 'MÊS_fev', 'MÊS_jul', 'MÊS_mar', 'MÊS_nov', 'MÊS_set', 'ANO_2021', 'ANO_2024', 'ANO_2016', 'ANO_2018', 'ANO_2019', 'ANO_2020', 'CAMPUS_ASTORGA', 'CAMPUS_CAPANEMA', 'CAMPUS_CASCAVEL', 'CAMPUS_CORONEL VIVIDA', 'CAMPUS_CURITIBA', 'CAMPUS_IRATI', 'CAMPUS_IVAIPORÃ', 'CAMPUS_JACAREZINHO', 'CAMPUS_JAGUARIAÍVA', 'CAMPUS_LONDRINA - CENTRO', 'CAMPUS_PARANAGUÁ', 'CAMPUS_PARANAVAÍ', 'CAMPUS_QUEDAS DO IGUAÇU', 'CAMPUS_TELÊMACO BORBA', 'CAMPUS_UNIÃO DA VITÓRIA', 'CURSOS_TEC_INTEGRADO', 'CURSOS_TEC_SUBSEQUENTE', 'CURSOS_POS', 'COVID', 'GREVE', 'LAG_01', 'LAG_04', 'LAG_06', 'LAG_07', 'LAG_09', 'LAG_10', 'LAG_11', 'LAG_12');0.28897
('TEMP_MIN_MÉD_MENS', 'TEMP_MÉD_MÉD_MENS', 'TEMP_MÉD_MAX_MENS', 'TEMP_MÉD_ACC_MENS', 'TEMP_MAX_MÉD_MENS', 'PRECIPITAÇÃO_MÉD_MENS', 'TEMP_MIN_MIN_MENS', 'TEMP_MIN_MAX_MENS', 'TEMP_MAX_MIN_MENS', 'PRECIPITAÇÃO_MIN_MENS', 'TEMP_MAX_MAX_MENS', 'TEMP_MAX_ACC_MENS', 'DIA_DA_SEMANA_qua', 'DIA_DA_SEMANA_qui', 'DIA_DA_SEMANA_sex', 'DIA_DA_SEMANA_sáb', 'MÊS_abr', 'MÊS_ago', 'MÊS_jun', 'MÊS_mai', 'MÊS_nov', 'MÊS_out', 'MÊS_set', 'ANO_2024', 'ANO_2017', 'ANO_2019', 'ANO_2020', 'CAMPUS_ASTORGA', 'CAMPUS_BARRACÃO', 'CAMPUS_CAPANEMA', 'CAMPUS_CASCAVEL', 'CAMPUS_CURITIBA', 'CAMPUS_GOIOERÊ', 'CAMPUS_IVAIPORÃ', 'CAMPUS_JAGUARIAÍVA', 'CAMPUS_LONDRINA - CENTRO', 'CAMPUS_TELÊMACO BORBA', 'CAMPUS_UMUARAMA', 'CAMPUS_UNIÃO DA VITÓRIA', 'CURSOS_TEC_CONCOMITANTE', 'CURSOS_GRAD_MATUTINO', 'CURSOS_GRAD_VESPERTINO', 'FÉRIAS', 'FERIADO', 'GREVE', 'LAG_01', 'LAG_02', 'LAG_03', 'LAG_04', 'LAG_05', 'LAG_06');0.289
('TEMP_MIN_MÉD_MENS', 'TEMP_MÉD_ACC_MENS', 'TEMP_MIN_MAX_MENS', 'TEMP_MAX_MIN_MENS', 'PRECIPITAÇÃO_MIN_MENS', 'TEMP_MAX_MAX_MENS', 'TEMP_MAX_ACC_MENS', 'PRECIPITAÇÃO_MAX_MENS', 'DIA_DA_SEMANA_qui', 'DIA_DA_SEMANA_sáb', 'DIA_DA_SEMANA_ter', 'MÊS_fev', 'MÊS_jun', 'MÊS_mai', 'MÊS_mar', 'MÊS_nov', 'MÊS_out', 'MÊS_set', 'ANO_2023', 'ANO_2015', 'ANO_2016', 'ANO_2017', 'ANO_2019', 'ANO_2020', 'CAMPUS_ASTORGA', 'CAMPUS_CAMPO LARGO', 'CAMPUS_CAPANEMA', 'CAMPUS_CORONEL VIVIDA', 'CAMPUS_FOZ DO IGUAÇU', 'CAMPUS_GOIOERÊ', 'CAMPUS_JACAREZINHO', 'CAMPUS_PALMAS', 'CAMPUS_PINHAIS', 'CAMPUS_QUEDAS DO IGUAÇU', 'CAMPUS_UNIÃO DA VITÓRIA', 'CURSOS_TEC_CONCOMITANTE', 'CURSOS_TEC_INTEGRADO', 'CURSOS_GRAD_VESPERTINO', 'FÉRIAS', 'COVID', 'GREVE', 'ORDEM', 'LAG_01', 'LAG_02', 'LAG_03', 'LAG_04', 'LAG_06', 'LAG_07', 'LAG_08', 'LAG_09', 'LAG_10', 'LAG_12');0.28901
('TEMP_MÉD_MÉD_MENS', 'TEMP_MÉD_ACC_MENS', 'TEMP_MIN_MAX_MENS', 'TEMP_MIN_ACC_MENS', 'TEMP_MAX_MIN_MENS', 'TEMP_MAX_ACC_MENS', 'PRECIPITAÇÃO_ACC_MENS', 'DIA_DA_SEMANA_dom', 'DIA_DA_SEMANA_sex', 'MÊS_abr', 'MÊS_jul', 'MÊS_mar', 'ANO_2021', 'ANO_2022', 'ANO_2024', 'ANO_2015', 'ANO_2016', 'ANO_2017', 'ANO_2018', 'CAMPUS_BARRACÃO', 'CAMPUS_CAMPO LARGO', 'CAMPUS_CAPANEMA', 'CAMPUS_CASCAVEL', 'CAMPUS_CORONEL VIVIDA', 'CAMPUS_CURITIBA', 'CAMPUS_JACAREZINHO', 'CAMPUS_JAGUARIAÍVA', 'CAMPUS_PALMAS', 'CAMPUS_PINHAIS', 'CAMPUS_PITANGA', 'CAMPUS_TELÊMACO BORBA', 'CAMPUS_UNIÃO DA VITÓRIA', 'CURSOS_GRAD_MATUTINO', 'CURSOS_GRAD_NOTURNO', 'FÉRIAS', 'FERIADO', 'COVID', 'GREVE', 'ORDEM', 'LAG_01', 'LAG_03', 'LAG_04', 'LAG_05', 'LAG_06', 'LAG_07', 'LAG_08', 'LAG_11', 'LAG_12');0.28904
('TEMP_MIN_MÉD_MENS', 'TEMP_MÉD_MÉD_MENS', 'TEMP_MÉD_MAX_MENS', 'TEMP_MÉD_ACC_MENS', 'PRECIPITAÇÃO_MÉD_MENS', 'TEMP_MIN_ACC_MENS', 'TEMP_MAX_MIN_MENS', 'TEMP_MAX_MAX_MENS', 'TEMP_MAX_ACC_MENS', 'PRECIPITAÇÃO_MAX_MENS', 'PRECIPITAÇÃO_ACC_MENS', 'DIA_DA_SEMANA_dom', 'DIA_DA_SEMANA_qua', 'DIA_DA_SEMANA_qui', 'DIA_DA_SEMANA_seg', 'DIA_DA_SEMANA_sex', 'DIA_DA_SEMANA_sáb', 'MÊS_ago', 'MÊS_dez', 'MÊS_fev', 'MÊS_jan', 'MÊS_jul', 'MÊS_jun', 'MÊS_mai', 'MÊS_out', 'MÊS_set', 'ANO_2023', 'ANO_2024', 'ANO_2018', 'ANO_2019', 'CAMPUS_ASSIS CHATEAUBRIAND', 'CAMPUS_ASTORGA', 'CAMPUS_BARRACÃO', 'CAMPUS_CAMPO LARGO', 'CAMPUS_CAPANEMA', 'CAMPUS_FOZ DO IGUAÇU', 'CAMPUS_IVAIPORÃ', 'CAMPUS_JACAREZINHO', 'CAMPUS_LONDRINA - CENTRO', 'CAMPUS_PARANAGUÁ', 'CAMPUS_PINHAIS', 'CAMPUS_PITANGA', 'CAMPUS_QUEDAS DO IGUAÇU', 'CAMPUS_TELÊMACO BORBA', 'CAMPUS_UNIÃO DA VITÓRIA', 'CURSOS_TEC_CONCOMITANTE', 'CURSOS_TEC_INTEGRADO', 'CURSOS_TEC_SUBSEQUENTE', 'CURSOS_GRAD_MATUTINO', 'CURSOS_POS', 'FÉRIAS', 'FERIADO', 'COVID', 'GREVE', 'ORDEM', 'LAG_01', 'LAG_02', 'LAG_06', 'LAG_07', 'LAG_08', 'LAG_10', 'LAG_12');0.28915
('TEMP_MÉD_MIN_MENS', 'TEMP_MÉD_MÉD_MENS', 'TEMP_MAX_MÉD_MENS', 'TEMP_MIN_MIN_MENS', 'TEMP_MIN_MAX_MENS', 'TEMP_MAX_MIN_MENS', 'TEMP_MAX_MAX_MENS', 'TEMP_MAX_ACC_MENS', 'PRECIPITAÇÃO_ACC_MENS', 'DIA_DA_SEMANA_dom', 'DIA_DA_SEMANA_qua', 'DIA_DA_SEMANA_qui', 'DIA_DA_SEMANA_sex', 'DIA_DA_SEMANA_sáb', 'DIA_DA_SEMANA_ter', 'MÊS_abr', 'MÊS_fev', 'MÊS_jan', 'MÊS_jul', 'MÊS_mar', 'MÊS_nov', 'MÊS_out', 'MÊS_set', 'ANO_2021', 'ANO_2024', 'ANO_2015', 'ANO_2017', 'ANO_2019', 'CAMPUS_ASSIS CHATEAUBRIAND', 'CAMPUS_ASTORGA', 'CAMPUS_CASCAVEL', 'CAMPUS_GOIOERÊ', 'CAMPUS_IRATI', 'CAMPUS_LONDRINA - CENTRO', 'CAMPUS_PARANAVAÍ', 'CAMPUS_PINHAIS', 'CAMPUS_QUEDAS DO IGUAÇU', 'CAMPUS_TELÊMACO BORBA', 'CAMPUS_UMUARAMA', 'CURSOS_TEC_INTEGRADO', 'CURSOS_TEC_SUBSEQUENTE', 'FÉRIAS', 'FERIADO', 'COVID', 'ORDEM', 'LAG_06', 'LAG_07', 'LAG_11', 'LAG_12');0.28917
('TEMP_MÉD_MIN_MENS', 'TEMP_MÉD_MÉD_MENS', 'TEMP_MÉD_MAX_MENS', 'TEMP_MAX_MÉD_MENS', 'TEMP_MIN_MAX_MENS', 'TEMP_MIN_ACC_MENS', 'TEMP_MAX_MIN_MENS', 'TEMP_MAX_MAX_MENS', 'PRECIPITAÇÃO_ACC_MENS', 'DIA_DA_SEMANA_qua', 'DIA_DA_SEMANA_qui', 'DIA_DA_SEMANA_sex', 'DIA_DA_SEMANA_sáb', 'DIA_DA_SEMANA_ter', 'MÊS_fev', 'MÊS_jan', 'MÊS_jul', 'MÊS_mai', 'MÊS_nov', 'MÊS_out', 'MÊS_set', 'ANO_2022', 'ANO_2023', 'ANO_2024', 'ANO_2015', 'ANO_2016', 'ANO_2017', 'ANO_2019', 'CAMPUS_ASSIS CHATEAUBRIAND', 'CAMPUS_ASTORGA', 'CAMPUS_CAMPO LARGO', 'CAMPUS_CAPANEMA', 'CAMPUS_CORONEL VIVIDA', 'CAMPUS_CURITIBA', 'CAMPUS_GOIOERÊ', 'CAMPUS_IRATI', 'CAMPUS_JACAREZINHO', 'CAMPUS_LONDRINA - CENTRO', 'CAMPUS_PARANAGUÁ', 'CAMPUS_PARANAVAÍ', 'CAMPUS_PINHAIS', 'CAMPUS_TELÊMACO BORBA', 'CAMPUS_UMUARAMA', 'CAMPUS_UNIÃO DA VITÓRIA', 'CURSOS_TEC_CONCOMITANTE', 'CURSOS_TEC_INTEGRADO', 'CURSOS_TEC_SUBSEQUENTE', 'FÉRIAS', 'COVID', 'GREVE', 'LAG_01', 'LAG_02', 'LAG_03', 'LAG_04', 'LAG_05', 'LAG_06', 'LAG_07', 'LAG_08', 'LAG_09', 'LAG_10', 'LAG_12');0.28938
('TEMP_MIN_MÉD_MENS', 'TEMP_MÉD_MIN_MENS', 'TEMP_MÉD_MÉD_MENS', 'TEMP_MÉD_MAX_MENS', 'TEMP_MIN_MIN_MENS', 'TEMP_MAX_MIN_MENS', 'PRECIPITAÇÃO_MIN_MENS', 'TEMP_MAX_MAX_MENS', 'TEMP_MAX_ACC_MENS', 'PRECIPITAÇÃO_MAX_MENS', 'DIA_DA_SEMANA_qua', 'DIA_DA_SEMANA_seg', 'DIA_DA_SEMANA_sáb', 'DIA_DA_SEMANA_ter', 'MÊS_abr', 'MÊS_dez', 'MÊS_fev', 'MÊS_jan', 'MÊS_jul', 'MÊS_mai', 'MÊS_mar', 'MÊS_nov', 'MÊS_set', 'ANO_2021', 'ANO_2022', 'ANO_2023', 'ANO_2015', 'ANO_2017', 'ANO_2018', 'ANO_2020', 'CAMPUS_ASSIS CHATEAUBRIAND', 'CAMPUS_ASTORGA', 'CAMPUS_BARRACÃO', 'CAMPUS_CAPANEMA', 'CAMPUS_CORONEL VIVIDA', 'CAMPUS_FOZ DO IGUAÇU', 'CAMPUS_GOIOERÊ', 'CAMPUS_IVAIPORÃ', 'CAMPUS_JACAREZINHO', 'CAMPUS_JAGUARIAÍVA', 'CAMPUS_PALMAS', 'CAMPUS_PARANAGUÁ', 'CAMPUS_PARANAVAÍ', 'CAMPUS_PINHAIS', 'CAMPUS_PITANGA', 'CAMPUS_TELÊMACO BORBA', 'CAMPUS_UMUARAMA', 'CAMPUS_UNIÃO DA VITÓRIA', 'CURSOS_TEC_CONCOMITANTE', 'CURSOS_TEC_INTEGRADO', 'CURSOS_TEC_SUBSEQUENTE', 'CURSOS_GRAD_NOTURNO', 'FÉRIAS', 'GREVE', 'ORDEM', 'LAG_01', 'LAG_02', 'LAG_03', 'LAG_04', 'LAG_06', 'LAG_09', 'LAG_10');0.28939
('TEMP_MÉD_MAX_MENS', 'TEMP_MAX_MÉD_MENS', 'TEMP_MIN_MIN_MENS', 'TEMP_MAX_MIN_MENS', 'PRECIPITAÇÃO_MIN_MENS', 'TEMP_MAX_ACC_MENS', 'PRECIPITAÇÃO_MAX_MENS', 'PRECIPITAÇÃO_ACC_MENS', 'DIA_DA_SEMANA_qui', 'DIA_DA_SEMANA_seg', 'DIA_DA_SEMANA_sex', 'DIA_DA_SEMANA_sáb', 'MÊS_abr', 'MÊS_dez', 'MÊS_fev', 'MÊS_jul', 'MÊS_mai', 'MÊS_mar', 'MÊS_nov', 'MÊS_out', 'ANO_2023', 'ANO_2024', 'ANO_2016', 'ANO_2017', 'ANO_2018', 'ANO_2019', 'ANO_2020', 'CAMPUS_ASSIS CHATEAUBRIAND', 'CAMPUS_CAMPO LARGO', 'CAMPUS_CAPANEMA', 'CAMPUS_CASCAVEL', 'CAMPUS_JACAREZINHO', 'CAMPUS_JAGUARIAÍVA', 'CAMPUS_LONDRINA - CENTRO', 'CAMPUS_PALMAS', 'CAMPUS_PARANAGUÁ', 'CAMPUS_PINHAIS', 'CAMPUS_PITANGA', 'CAMPUS_QUEDAS DO IGUAÇU', 'CAMPUS_TELÊMACO BORBA', 'CAMPUS_UMUARAMA', 'CAMPUS_UNIÃO DA VITÓRIA', 'CURSOS_TEC_CONCOMITANTE', 'CURSOS_TEC_INTEGRADO', 'CURSOS_TEC_SUBSEQUENTE', 'CURSOS_GRAD_MATUTINO', 'CURSOS_GRAD_NOTURNO', 'FÉRIAS', 'FERIADO', 'COVID', 'GREVE', 'ORDEM', 'LAG_01', 'LAG_03', 'LAG_05', 'LAG_12');0.28946
('TEMP_MÉD_MIN_MENS', 'TEMP_MAX_MÉD_MENS', 'PRECIPITAÇÃO_MÉD_MENS', 'TEMP_MIN_MIN_MENS', 'TEMP_MIN_MAX_MENS', 'TEMP_MIN_ACC_MENS', 'TEMP_MAX_MIN_MENS', 'TEMP_MAX_MAX_MENS', 'PRECIPITAÇÃO_ACC_MENS', 'DIA_DA_SEMANA_qui', 'DIA_DA_SEMANA_seg', 'DIA_DA_SEMANA_sex', 'DIA_DA_SEMANA_ter', 'MÊS_ago', 'MÊS_dez', 'MÊS_fev', 'MÊS_mai', 'MÊS_set', 'ANO_2023', 'ANO_2016', 'ANO_2017', 'ANO_2018', 'CAMPUS_ASSIS CHATEAUBRIAND', 'CAMPUS_ASTORGA', 'CAMPUS_BARRACÃO', 'CAMPUS_CAPANEMA', 'CAMPUS_CORONEL VIVIDA', 'CAMPUS_CURITIBA', 'CAMPUS_FOZ DO IGUAÇU', 'CAMPUS_GOIOERÊ', 'CAMPUS_IVAIPORÃ', 'CAMPUS_JACAREZINHO', 'CAMPUS_JAGUARIAÍVA', 'CAMPUS_LONDRINA - CENTRO', 'CAMPUS_PALMAS', 'CAMPUS_PARANAGUÁ', 'CAMPUS_PARANAVAÍ', 'CAMPUS_PINHAIS', 'CAMPUS_PITANGA', 'CAMPUS_TELÊMACO BORBA', 'CAMPUS_UMUARAMA', 'CAMPUS_UNIÃO DA VITÓRIA', 'CURSOS_TEC_CONCOMITANTE', 'CURSOS_TEC_INTEGRADO', 'CURSOS_TEC_SUBSEQUENTE', 'CURSOS_GRAD_MATUTINO', 'COVID', 'GREVE', 'ORDEM', 'LAG_01', 'LAG_06', 'LAG_07', 'LAG_08', 'LAG_10', 'LAG_11');0.28948
('TEMP_MÉD_MIN_MENS', 'TEMP_MÉD_MÉD_MENS', 'TEMP_MÉD_MAX_MENS', 'TEMP_MÉD_ACC_MENS', 'TEMP_MAX_MÉD_MENS', 'PRECIPITAÇÃO_MÉD_MENS', 'TEMP_MAX_MIN_MENS', 'PRECIPITAÇÃO_MIN_MENS', 'TEMP_MAX_MAX_MENS', 'PRECIPITAÇÃO_MAX_MENS', 'DIA_DA_SEMANA_dom', 'DIA_DA_SEMANA_qui', 'DIA_DA_SEMANA_seg', 'DIA_DA_SEMANA_sex', 'DIA_DA_SEMANA_ter', 'MÊS_abr', 'MÊS_ago', 'MÊS_dez', 'MÊS_fev', 'MÊS_jun', 'MÊS_mar', 'MÊS_nov', 'MÊS_out', 'MÊS_set', 'ANO_2022', 'ANO_2023', 'ANO_2016', 'ANO_2017', 'ANO_2018', 'ANO_2019', 'CAMPUS_ASSIS CHATEAUBRIAND', 'CAMPUS_BARRACÃO', 'CAMPUS_CAMPO LARGO', 'CAMPUS_CAPANEMA', 'CAMPUS_CASCAVEL', 'CAMPUS_CURITIBA', 'CAMPUS_IRATI', 'CAMPUS_IVAIPORÃ', 'CAMPUS_LONDRINA - CENTRO', 'CAMPUS_PALMAS', 'CAMPUS_PARANAGUÁ', 'CAMPUS_PINHAIS', 'CAMPUS_PITANGA', 'CAMPUS_QUEDAS DO IGUAÇU', 'CURSOS_POS', 'FÉRIAS', 'COVID', 'ORDEM', 'LAG_01', 'LAG_02', 'LAG_03', 'LAG_05', 'LAG_06', 'LAG_07', 'LAG_08', 'LAG_10', 'LAG_11', 'LAG_12');0.28951
('TEMP_MÉD_MIN_MENS', 'TEMP_MÉD_MÉD_MENS', 'TEMP_MÉD_ACC_MENS', 'TEMP_MAX_MÉD_MENS', 'TEMP_MIN_MIN_MENS', 'TEMP_MIN_MAX_MENS', 'TEMP_MIN_ACC_MENS', 'TEMP_MAX_MIN_MENS', 'PRECIPITAÇÃO_MIN_MENS', 'TEMP_MAX_ACC_MENS', 'DIA_DA_SEMANA_dom', 'DIA_DA_SEMANA_qua', 'DIA_DA_SEMANA_qui', 'DIA_DA_SEMANA_seg', 'DIA_DA_SEMANA_sáb', 'DIA_DA_SEMANA_ter', 'MÊS_dez', 'MÊS_jan', 'MÊS_jul', 'MÊS_jun', 'MÊS_mar', 'MÊS_out', 'MÊS_set', 'ANO_2021', 'ANO_2024', 'ANO_2018', 'ANO_2020', 'CAMPUS_CAMPO LARGO', 'CAMPUS_CASCAVEL', 'CAMPUS_CURITIBA', 'CAMPUS_FOZ DO IGUAÇU', 'CAMPUS_IRATI', 'CAMPUS_LONDRINA - CENTRO', 'CAMPUS_PARANAGUÁ', 'CAMPUS_PARANAVAÍ', 'CAMPUS_QUEDAS DO IGUAÇU', 'CAMPUS_TELÊMACO BORBA', 'CAMPUS_UNIÃO DA VITÓRIA', 'CURSOS_TEC_INTEGRADO', 'CURSOS_TEC_SUBSEQUENTE', 'CURSOS_GRAD_MATUTINO', 'FÉRIAS', 'FERIADO', 'COVID', 'GREVE', 'LAG_01', 'LAG_02', 'LAG_04', 'LAG_06', 'LAG_09', 'LAG_11', 'LAG_12');0.28955
('TEMP_MIN_MÉD_MENS', 'TEMP_MÉD_MÉD_MENS', 'TEMP_MÉD_MAX_MENS', 'TEMP_MÉD_ACC_MENS', 'TEMP_MAX_MÉD_MENS', 'TEMP_MIN_MIN_MENS', 'TEMP_MIN_ACC_MENS', 'PRECIPITAÇÃO_MIN_MENS', 'TEMP_MAX_MAX_MENS', 'TEMP_MAX_ACC_MENS', 'DIA_DA_SEMANA_dom', 'DIA_DA_SEMANA_qua', 'DIA_DA_SEMANA_qui', 'DIA_DA_SEMANA_sex', 'DIA_DA_SEMANA_ter', 'MÊS_ago', 'MÊS_fev', 'MÊS_jan', 'MÊS_jun', 'MÊS_mai', 'MÊS_mar', 'ANO_2015', 'ANO_2017', 'ANO_2018', 'ANO_2019', 'CAMPUS_ASSIS CHATEAUBRIAND', 'CAMPUS_ASTORGA', 'CAMPUS_FOZ DO IGUAÇU', 'CAMPUS_IVAIPORÃ', 'CAMPUS_JACAREZINHO', 'CAMPUS_JAGUARIAÍVA', 'CAMPUS_LONDRINA - CENTRO', 'CAMPUS_PALMAS', 'CAMPUS_PARANAGUÁ', 'CAMPUS_TELÊMACO BORBA', 'CAMPUS_UMUARAMA', 'CURSOS_TEC_INTEGRADO', 'CURSOS_TEC_SUBSEQUENTE', 'CURSOS_GRAD_MATUTINO', 'CURSOS_GRAD_NOTURNO', 'FÉRIAS', 'FERIADO', 'COVID', 'GREVE', 'LAG_01', 'LAG_02', 'LAG_05', 'LAG_06', 'LAG_08', 'LAG_11');0.28956
('TEMP_MAX_MÉD_MENS', 'PRECIPITAÇÃO_MÉD_MENS', 'TEMP_MIN_MIN_MENS', 'TEMP_MIN_ACC_MENS', 'TEMP_MAX_MIN_MENS', 'PRECIPITAÇÃO_MIN_MENS', 'TEMP_MAX_MAX_MENS', 'TEMP_MAX_ACC_MENS', 'PRECIPITAÇÃO_MAX_MENS', 'PRECIPITAÇÃO_ACC_MENS', 'DIA_DA_SEMANA_dom', 'DIA_DA_SEMANA_qua', 'DIA_DA_SEMANA_seg', 'DIA_DA_SEMANA_sex', 'DIA_DA_SEMANA_sáb', 'MÊS_abr', 'MÊS_ago', 'MÊS_fev', 'MÊS_jul', 'MÊS_mai', 'MÊS_nov', 'MÊS_out', 'MÊS_set', 'ANO_2021', 'ANO_2022', 'ANO_2024', 'ANO_2017', 'ANO_2018', 'ANO_2020', 'CAMPUS_ASSIS CHATEAUBRIAND', 'CAMPUS_BARRACÃO', 'CAMPUS_CAMPO LARGO', 'CAMPUS_CAPANEMA', 'CAMPUS_CASCAVEL', 'CAMPUS_CORONEL VIVIDA', 'CAMPUS_CURITIBA', 'CAMPUS_GOIOERÊ', 'CAMPUS_IRATI', 'CAMPUS_IVAIPORÃ', 'CAMPUS_JAGUARIAÍVA', 'CAMPUS_LONDRINA - CENTRO', 'CAMPUS_PALMAS', 'CAMPUS_PINHAIS', 'CAMPUS_QUEDAS DO IGUAÇU', 'CAMPUS_UMUARAMA', 'CAMPUS_UNIÃO DA VITÓRIA', 'CURSOS_TEC_CONCOMITANTE', 'CURSOS_TEC_INTEGRADO', 'CURSOS_GRAD_VESPERTINO', 'CURSOS_GRAD_NOTURNO', 'CURSOS_POS', 'FÉRIAS', 'FERIADO', 'COVID', 'LAG_01', 'LAG_02', 'LAG_04', 'LAG_06', 'LAG_08', 'LAG_09', 'LAG_11', 'LAG_12');0.28957
('TEMP_MÉD_MIN_MENS', 'TEMP_MÉD_MAX_MENS', 'TEMP_MAX_MÉD_MENS', 'PRECIPITAÇÃO_MÉD_MENS', 'TEMP_MIN_MIN_MENS', 'TEMP_MIN_MAX_MENS', 'TEMP_MIN_ACC_MENS', 'TEMP_MAX_MIN_MENS', 'TEMP_MAX_MAX_MENS', 'TEMP_MAX_ACC_MENS', 'DIA_DA_SEMANA_qua', 'DIA_DA_SEMANA_seg', 'DIA_DA_SEMANA_sex', 'DIA_DA_SEMANA_sáb', 'MÊS_abr', 'MÊS_ago', 'MÊS_jan', 'MÊS_jul', 'MÊS_jun', 'MÊS_mai', 'MÊS_mar', 'ANO_2021', 'ANO_2022', 'ANO_2024', 'ANO_2016', 'ANO_2017', 'ANO_2018', 'ANO_2019', 'ANO_2020', 'CAMPUS_ASSIS CHATEAUBRIAND', 'CAMPUS_ASTORGA', 'CAMPUS_CAMPO LARGO', 'CAMPUS_CASCAVEL', 'CAMPUS_CURITIBA', 'CAMPUS_FOZ DO IGUAÇU', 'CAMPUS_IVAIPORÃ', 'CAMPUS_JACAREZINHO', 'CAMPUS_JAGUARIAÍVA', 'CAMPUS_PARANAGUÁ', 'CAMPUS_PINHAIS', 'CAMPUS_QUEDAS DO IGUAÇU', 'CAMPUS_TELÊMACO BORBA', 'CAMPUS_UMUARAMA', 'CAMPUS_UNIÃO DA VITÓRIA', 'CURSOS_TEC_CONCOMITANTE', 'CURSOS_TEC_INTEGRADO', 'CURSOS_TEC_SUBSEQUENTE', 'CURSOS_GRAD_VESPERTINO', 'CURSOS_GRAD_NOTURNO', 'CURSOS_POS', 'FERIADO', 'COVID', 'GREVE', 'ORDEM', 'LAG_01', 'LAG_04', 'LAG_06', 'LAG_08', 'LAG_09', 'LAG_10', 'LAG_12');0.28958
('TEMP_MIN_MÉD_MENS', 'PRECIPITAÇÃO_MÉD_MENS', 'TEMP_MIN_MAX_MENS', 'TEMP_MAX_MIN_MENS', 'PRECIPITAÇÃO_MIN_MENS', 'TEMP_MAX_MAX_MENS', 'TEMP_MAX_ACC_MENS', 'DIA_DA_SEMANA_dom', 'DIA_DA_SEMANA_qua', 'DIA_DA_SEMANA_qui', 'DIA_DA_SEMANA_seg', 'DIA_DA_SEMANA_sáb', 'DIA_DA_SEMANA_ter', 'MÊS_abr', 'MÊS_ago', 'MÊS_jul', 'MÊS_jun', 'MÊS_nov', 'MÊS_set', 'ANO_2023', 'ANO_2024', 'ANO_2015', 'ANO_2016', 'ANO_2020', 'CAMPUS_ASSIS CHATEAUBRIAND', 'CAMPUS_BARRACÃO', 'CAMPUS_CAPANEMA', 'CAMPUS_CASCAVEL', 'CAMPUS_GOIOERÊ', 'CAMPUS_IVAIPORÃ', 'CAMPUS_JACAREZINHO', 'CAMPUS_JAGUARIAÍVA', 'CAMPUS_PALMAS', 'CAMPUS_PARANAVAÍ', 'CAMPUS_PINHAIS', 'CAMPUS_PITANGA', 'CAMPUS_QUEDAS DO IGUAÇU', 'CURSOS_TEC_INTEGRADO', 'CURSOS_TEC_SUBSEQUENTE', 'CURSOS_GRAD_VESPERTINO', 'FÉRIAS', 'COVID', 'ORDEM', 'LAG_02', 'LAG_03', 'LAG_04', 'LAG_07', 'LAG_08', 'LAG_09', 'LAG_10', 'LAG_11');0.2896
('TEMP_MÉD_MIN_MENS', 'TEMP_MAX_MÉD_MENS', 'PRECIPITAÇÃO_MÉD_MENS', 'TEMP_MIN_MIN_MENS', 'PRECIPITAÇÃO_MIN_MENS', 'TEMP_MAX_ACC_MENS', 'PRECIPITAÇÃO_MAX_MENS', 'DIA_DA_SEMANA_dom', 'DIA_DA_SEMANA_qua', 'DIA_DA_SEMANA_seg', 'MÊS_abr', 'MÊS_dez', 'MÊS_fev', 'MÊS_jul', 'MÊS_jun', 'MÊS_mar', 'MÊS_out', 'ANO_2023', 'ANO_2024', 'ANO_2015', 'ANO_2017', 'ANO_2019', 'ANO_2020', 'CAMPUS_ASSIS CHATEAUBRIAND', 'CAMPUS_BARRACÃO', 'CAMPUS_CAPANEMA', 'CAMPUS_CORONEL VIVIDA', 'CAMPUS_FOZ DO IGUAÇU', 'CAMPUS_IRATI', 'CAMPUS_JACAREZINHO', 'CAMPUS_JAGUARIAÍVA', 'CAMPUS_LONDRINA - CENTRO', 'CAMPUS_PALMAS', 'CAMPUS_PARANAGUÁ', 'CAMPUS_PARANAVAÍ', 'CAMPUS_PINHAIS', 'CAMPUS_PITANGA', 'CAMPUS_QUEDAS DO IGUAÇU', 'CAMPUS_TELÊMACO BORBA', 'CAMPUS_UNIÃO DA VITÓRIA', 'CURSOS_TEC_CONCOMITANTE', 'CURSOS_TEC_SUBSEQUENTE', 'CURSOS_GRAD_MATUTINO', 'CURSOS_GRAD_VESPERTINO', 'CURSOS_GRAD_NOTURNO', 'FÉRIAS', 'FERIADO', 'ORDEM', 'LAG_01', 'LAG_03', 'LAG_04', 'LAG_05', 'LAG_06', 'LAG_12');0.28964
('TEMP_MÉD_MIN_MENS', 'TEMP_MÉD_MÉD_MENS', 'TEMP_MÉD_ACC_MENS', 'PRECIPITAÇÃO_MÉD_MENS', 'TEMP_MIN_MIN_MENS', 'TEMP_MIN_MAX_MENS', 'TEMP_MIN_ACC_MENS', 'TEMP_MAX_MAX_MENS', 'TEMP_MAX_ACC_MENS', 'PRECIPITAÇÃO_MAX_MENS', 'DIA_DA_SEMANA_dom', 'DIA_DA_SEMANA_seg', 'DIA_DA_SEMANA_sex', 'DIA_DA_SEMANA_sáb', 'DIA_DA_SEMANA_ter', 'MÊS_abr', 'MÊS_ago', 'MÊS_fev', 'MÊS_mai', 'MÊS_mar', 'MÊS_out', 'MÊS_set', 'ANO_2021', 'ANO_2022', 'ANO_2023', 'ANO_2024', 'ANO_2015', 'CAMPUS_ASTORGA', 'CAMPUS_BARRACÃO', 'CAMPUS_CAMPO LARGO', 'CAMPUS_CASCAVEL', 'CAMPUS_CURITIBA', 'CAMPUS_IVAIPORÃ', 'CAMPUS_JACAREZINHO', 'CAMPUS_LONDRINA - CENTRO', 'CAMPUS_PARANAGUÁ', 'CAMPUS_PARANAVAÍ', 'CAMPUS_PINHAIS', 'CAMPUS_QUEDAS DO IGUAÇU', 'CAMPUS_TELÊMACO BORBA', 'CAMPUS_UMUARAMA', 'CAMPUS_UNIÃO DA VITÓRIA', 'CURSOS_TEC_INTEGRADO', 'CURSOS_GRAD_MATUTINO', 'CURSOS_GRAD_VESPERTINO', 'FÉRIAS', 'COVID', 'ORDEM', 'LAG_01', 'LAG_02', 'LAG_03', 'LAG_07', 'LAG_09', 'LAG_10', 'LAG_12');0.28965
('TEMP_MÉD_MAX_MENS', 'TEMP_MÉD_ACC_MENS', 'PRECIPITAÇÃO_MÉD_MENS', 'TEMP_MIN_ACC_MENS', 'PRECIPITAÇÃO_MIN_MENS', 'TEMP_MAX_MAX_MENS', 'TEMP_MAX_ACC_MENS', 'PRECIPITAÇÃO_ACC_MENS', 'DIA_DA_SEMANA_dom', 'DIA_DA_SEMANA_qua', 'DIA_DA_SEMANA_seg', 'DIA_DA_SEMANA_sex', 'DIA_DA_SEMANA_ter', 'MÊS_ago', 'MÊS_dez', 'MÊS_fev', 'MÊS_jul', 'MÊS_jun', 'MÊS_mai', 'MÊS_nov', 'MÊS_set', 'ANO_2023', 'ANO_2024', 'ANO_2016', 'ANO_2019', 'ANO_2020', 'CAMPUS_CAMPO LARGO', 'CAMPUS_CASCAVEL', 'CAMPUS_IVAIPORÃ', 'CAMPUS_JAGUARIAÍVA', 'CAMPUS_LONDRINA - CENTRO', 'CAMPUS_PALMAS', 'CAMPUS_PARANAGUÁ', 'CAMPUS_PARANAVAÍ', 'CAMPUS_PINHAIS', 'CAMPUS_TELÊMACO BORBA', 'CURSOS_TEC_SUBSEQUENTE', 'CURSOS_GRAD_MATUTINO', 'CURSOS_GRAD_VESPERTINO', 'CURSOS_POS', 'FÉRIAS', 'GREVE', 'LAG_01', 'LAG_03', 'LAG_04', 'LAG_05', 'LAG_08', 'LAG_09');0.28971
('TEMP_MÉD_MAX_MENS', 'TEMP_MIN_MIN_MENS', 'TEMP_MAX_MIN_MENS', 'TEMP_MAX_MAX_MENS', 'PRECIPITAÇÃO_MAX_MENS', 'PRECIPITAÇÃO_ACC_MENS', 'DIA_DA_SEMANA_qui', 'DIA_DA_SEMANA_sex', 'DIA_DA_SEMANA_ter', 'MÊS_abr', 'MÊS_ago', 'MÊS_dez', 'MÊS_fev', 'MÊS_jan', 'MÊS_jul', 'MÊS_jun', 'MÊS_mai', 'MÊS_nov', 'ANO_2022', 'ANO_2023', 'ANO_2024', 'ANO_2015', 'ANO_2016', 'ANO_2017', 'ANO_2019', 'CAMPUS_ASTORGA', 'CAMPUS_BARRACÃO', 'CAMPUS_CAMPO LARGO', 'CAMPUS_CAPANEMA', 'CAMPUS_CASCAVEL', 'CAMPUS_CORONEL VIVIDA', 'CAMPUS_CURITIBA', 'CAMPUS_FOZ DO IGUAÇU', 'CAMPUS_GOIOERÊ', 'CAMPUS_IRATI', 'CAMPUS_IVAIPORÃ', 'CAMPUS_LONDRINA - CENTRO', 'CAMPUS_PARANAVAÍ', 'CAMPUS_PINHAIS', 'CAMPUS_QUEDAS DO IGUAÇU', 'CAMPUS_TELÊMACO BORBA', 'CAMPUS_UMUARAMA', 'CAMPUS_UNIÃO DA VITÓRIA', 'CURSOS_TEC_CONCOMITANTE', 'CURSOS_TEC_INTEGRADO', 'CURSOS_TEC_SUBSEQUENTE', 'CURSOS_GRAD_MATUTINO', 'CURSOS_GRAD_NOTURNO', 'CURSOS_POS', 'FÉRIAS', 'FERIADO', 'COVID', 'GREVE', 'ORDEM', 'LAG_01', 'LAG_04', 'LAG_05', 'LAG_06', 'LAG_07', 'LAG_09', 'LAG_10', 'LAG_12');0.28982
('TEMP_MIN_MÉD_MENS', 'TEMP_MÉD_MIN_MENS', 'TEMP_MÉD_MÉD_MENS', 'TEMP_MÉD_MAX_MENS', 'TEMP_MÉD_ACC_MENS', 'TEMP_MIN_MAX_MENS', 'TEMP_MIN_ACC_MENS', 'TEMP_MAX_MIN_MENS', 'PRECIPITAÇÃO_MAX_MENS', 'DIA_DA_SEMANA_qua', 'DIA_DA_SEMANA_qui', 'DIA_DA_SEMANA_seg', 'DIA_DA_SEMANA_ter', 'MÊS_ago', 'MÊS_mai', 'MÊS_out', 'MÊS_set', 'ANO_2023', 'ANO_2024', 'ANO_2015', 'ANO_2016', 'ANO_2017', 'ANO_2019', 'CAMPUS_ASTORGA', 'CAMPUS_CAMPO LARGO', 'CAMPUS_CAPANEMA', 'CAMPUS_CASCAVEL', 'CAMPUS_FOZ DO IGUAÇU', 'CAMPUS_GOIOERÊ', 'CAMPUS_IRATI', 'CAMPUS_JACAREZINHO', 'CAMPUS_JAGUARIAÍVA', 'CAMPUS_PALMAS', 'CAMPUS_PARANAGUÁ', 'CAMPUS_PARANAVAÍ', 'CAMPUS_PINHAIS', 'CAMPUS_QUEDAS DO IGUAÇU', 'CAMPUS_TELÊMACO BORBA', 'CAMPUS_UMUARAMA', 'CURSOS_TEC_CONCOMITANTE', 'CURSOS_TEC_SUBSEQUENTE', 'CURSOS_GRAD_MATUTINO', 'FERIADO', 'COVID', 'GREVE', 'ORDEM', 'LAG_01', 'LAG_03', 'LAG_05', 'LAG_06', 'LAG_07', 'LAG_08', 'LAG_10');0.28983
('TEMP_MIN_MÉD_MENS', 'TEMP_MÉD_MAX_MENS', 'TEMP_MÉD_ACC_MENS', 'TEMP_MAX_MÉD_MENS', 'PRECIPITAÇÃO_MÉD_MENS', 'TEMP_MIN_MAX_MENS', 'TEMP_MIN_ACC_MENS', 'TEMP_MAX_MIN_MENS', 'PRECIPITAÇÃO_MIN_MENS', 'TEMP_MAX_MAX_MENS', 'DIA_DA_SEMANA_dom', 'DIA_DA_SEMANA_qua', 'DIA_DA_SEMANA_seg', 'DIA_DA_SEMANA_sex', 'DIA_DA_SEMANA_sáb', 'MÊS_dez', 'MÊS_jan', 'MÊS_jul', 'MÊS_jun', 'MÊS_out', 'ANO_2021', 'ANO_2022', 'ANO_2023', 'ANO_2024', 'ANO_2017', 'ANO_2018', 'CAMPUS_ASSIS CHATEAUBRIAND', 'CAMPUS_ASTORGA', 'CAMPUS_CAMPO LARGO', 'CAMPUS_CAPANEMA', 'CAMPUS_CASCAVEL', 'CAMPUS_FOZ DO IGUAÇU', 'CAMPUS_IVAIPORÃ', 'CAMPUS_JAGUARIAÍVA', 'CAMPUS_LONDRINA - CENTRO', 'CAMPUS_PALMAS', 'CAMPUS_PARANAGUÁ', 'CAMPUS_PITANGA', 'CURSOS_TEC_CONCOMITANTE', 'CURSOS_TEC_SUBSEQUENTE', 'CURSOS_GRAD_NOTURNO', 'FÉRIAS', 'COVID', 'ORDEM', 'LAG_02', 'LAG_03', 'LAG_04', 'LAG_05', 'LAG_07', 'LAG_08', 'LAG_09', 'LAG_11');0.28997
('TEMP_MÉD_MIN_MENS', 'TEMP_MÉD_MÉD_MENS', 'TEMP_MÉD_MAX_MENS', 'TEMP_MÉD_ACC_MENS', 'TEMP_MIN_MIN_MENS', 'TEMP_MIN_ACC_MENS', 'TEMP_MAX_MIN_MENS', 'PRECIPITAÇÃO_MIN_MENS', 'PRECIPITAÇÃO_MAX_MENS', 'DIA_DA_SEMANA_dom', 'DIA_DA_SEMANA_qui', 'DIA_DA_SEMANA_seg', 'DIA_DA_SEMANA_sex', 'MÊS_abr', 'MÊS_dez', 'MÊS_fev', 'MÊS_jan', 'MÊS_jul', 'MÊS_mai', 'MÊS_mar', 'MÊS_nov', 'MÊS_out', 'MÊS_set', 'ANO_2021', 'ANO_2022', 'ANO_2024', 'ANO_2015', 'ANO_2016', 'ANO_2017', 'ANO_2019', 'ANO_2020', 'CAMPUS_ASSIS CHATEAUBRIAND', 'CAMPUS_ASTORGA', 'CAMPUS_BARRACÃO', 'CAMPUS_CAPANEMA', 'CAMPUS_CASCAVEL', 'CAMPUS_CURITIBA', 'CAMPUS_FOZ DO IGUAÇU', 'CAMPUS_GOIOERÊ', 'CAMPUS_IVAIPORÃ', 'CAMPUS_JAGUARIAÍVA', 'CAMPUS_LONDRINA - CENTRO', 'CAMPUS_PALMAS', 'CAMPUS_PARANAVAÍ', 'CAMPUS_PINHAIS', 'CAMPUS_PITANGA', 'CAMPUS_TELÊMACO BORBA', 'CURSOS_TEC_CONCOMITANTE', 'CURSOS_TEC_SUBSEQUENTE', 'CURSOS_GRAD_VESPERTINO', 'CURSOS_POS', 'FÉRIAS', 'COVID', 'LAG_01', 'LAG_02', 'LAG_03', 'LAG_04', 'LAG_08', 'LAG_10');0.29003
('TEMP_MÉD_MIN_MENS', 'TEMP_MÉD_MÉD_MENS', 'TEMP_MÉD_ACC_MENS', 'PRECIPITAÇÃO_MÉD_MENS', 'TEMP_MIN_MAX_MENS', 'TEMP_MAX_MIN_MENS', 'DIA_DA_SEMANA_dom', 'DIA_DA_SEMANA_seg', 'DIA_DA_SEMANA_sex', 'DIA_DA_SEMANA_ter', 'MÊS_abr', 'MÊS_fev', 'MÊS_jul', 'MÊS_jun', 'MÊS_mai', 'MÊS_mar', 'MÊS_nov', 'MÊS_out', 'ANO_2021', 'ANO_2022', 'ANO_2024', 'ANO_2015', 'ANO_2017', 'ANO_2018', 'ANO_2020', 'CAMPUS_ASTORGA', 'CAMPUS_CAMPO LARGO', 'CAMPUS_CORONEL VIVIDA', 'CAMPUS_CURITIBA', 'CAMPUS_GOIOERÊ', 'CAMPUS_IVAIPORÃ', 'CAMPUS_JAGUARIAÍVA', 'CAMPUS_PARANAGUÁ', 'CAMPUS_PARANAVAÍ', 'CAMPUS_UMUARAMA', 'CAMPUS_UNIÃO DA VITÓRIA', 'CURSOS_TEC_INTEGRADO', 'CURSOS_GRAD_MATUTINO', 'CURSOS_GRAD_NOTURNO', 'CURSOS_POS', 'FÉRIAS', 'GREVE', 'ORDEM', 'LAG_01', 'LAG_02', 'LAG_03', 'LAG_05', 'LAG_08', 'LAG_10');0.29004
('TEMP_MIN_MÉD_MENS', 'TEMP_MÉD_MIN_MENS', 'TEMP_MÉD_MÉD_MENS', 'TEMP_MÉD_MAX_MENS', 'TEMP_MÉD_ACC_MENS', 'TEMP_MAX_MÉD_MENS', 'TEMP_MIN_MIN_MENS', 'TEMP_MIN_MAX_MENS', 'TEMP_MIN_ACC_MENS', 'TEMP_MAX_MAX_MENS', 'TEMP_MAX_ACC_MENS', 'PRECIPITAÇÃO_ACC_MENS', 'DIA_DA_SEMANA_qui', 'DIA_DA_SEMANA_ter', 'MÊS_abr', 'MÊS_fev', 'MÊS_jan', 'MÊS_jun', 'MÊS_mar', 'MÊS_nov', 'MÊS_out', 'ANO_2021', 'ANO_2022', 'ANO_2023', 'ANO_2015', 'ANO_2016', 'ANO_2017', 'CAMPUS_ASSIS CHATEAUBRIAND', 'CAMPUS_ASTORGA', 'CAMPUS_BARRACÃO', 'CAMPUS_CAMPO LARGO', 'CAMPUS_CORONEL VIVIDA', 'CAMPUS_GOIOERÊ', 'CAMPUS_IVAIPORÃ', 'CAMPUS_JAGUARIAÍVA', 'CAMPUS_PARANAVAÍ', 'CAMPUS_PINHAIS', 'CAMPUS_PITANGA', 'CAMPUS_QUEDAS DO IGUAÇU', 'CAMPUS_TELÊMACO BORBA', 'CAMPUS_UNIÃO DA VITÓRIA', 'CURSOS_TEC_SUBSEQUENTE', 'CURSOS_POS', 'FÉRIAS', 'FERIADO', 'COVID', 'ORDEM', 'LAG_01', 'LAG_07', 'LAG_08', 'LAG_09', 'LAG_11', 'LAG_12');0.29008
('TEMP_MÉD_MIN_MENS', 'TEMP_MÉD_MAX_MENS', 'PRECIPITAÇÃO_MÉD_MENS', 'TEMP_MIN_MIN_MENS', 'PRECIPITAÇÃO_MIN_MENS', 'TEMP_MAX_ACC_MENS', 'PRECIPITAÇÃO_MAX_MENS', 'PRECIPITAÇÃO_ACC_MENS', 'DIA_DA_SEMANA_qui', 'DIA_DA_SEMANA_ter', 'MÊS_abr', 'MÊS_dez', 'MÊS_fev', 'MÊS_jun', 'MÊS_mai', 'MÊS_mar', 'ANO_2022', 'ANO_2016', 'ANO_2017', 'ANO_2020', 'CAMPUS_BARRACÃO', 'CAMPUS_CAMPO LARGO', 'CAMPUS_CASCAVEL', 'CAMPUS_CURITIBA', 'CAMPUS_GOIOERÊ', 'CAMPUS_IRATI', 'CAMPUS_IVAIPORÃ', 'CAMPUS_JAGUARIAÍVA', 'CAMPUS_LONDRINA - CENTRO', 'CAMPUS_PARANAGUÁ', 'CAMPUS_TELÊMACO BORBA', 'CAMPUS_UNIÃO DA VITÓRIA', 'CURSOS_TEC_CONCOMITANTE', 'CURSOS_TEC_INTEGRADO', 'CURSOS_TEC_SUBSEQUENTE', 'CURSOS_GRAD_VESPERTINO', 'FÉRIAS', 'FERIADO', 'COVID', 'GREVE', 'ORDEM', 'LAG_01', 'LAG_02', 'LAG_06', 'LAG_08', 'LAG_09', 'LAG_11', 'LAG_12');0.2901
('TEMP_MÉD_MIN_MENS', 'TEMP_MÉD_MÉD_MENS', 'TEMP_MÉD_MAX_MENS', 'TEMP_MIN_MIN_MENS', 'TEMP_MAX_MIN_MENS', 'PRECIPITAÇÃO_MIN_MENS', 'TEMP_MAX_MAX_MENS', 'TEMP_MAX_ACC_MENS', 'PRECIPITAÇÃO_MAX_MENS', 'DIA_DA_SEMANA_dom', 'DIA_DA_SEMANA_seg', 'DIA_DA_SEMANA_ter', 'MÊS_ago', 'MÊS_mai', 'MÊS_mar', 'MÊS_nov', 'ANO_2022', 'ANO_2024', 'ANO_2015', 'ANO_2019', 'CAMPUS_ASSIS CHATEAUBRIAND', 'CAMPUS_ASTORGA', 'CAMPUS_BARRACÃO', 'CAMPUS_CAMPO LARGO', 'CAMPUS_CAPANEMA', 'CAMPUS_CORONEL VIVIDA', 'CAMPUS_CURITIBA', 'CAMPUS_GOIOERÊ', 'CAMPUS_IRATI', 'CAMPUS_IVAIPORÃ', 'CAMPUS_JACAREZINHO', 'CAMPUS_LONDRINA - CENTRO', 'CAMPUS_PARANAGUÁ', 'CAMPUS_PARANAVAÍ', 'CAMPUS_PINHAIS', 'CAMPUS_PITANGA', 'CAMPUS_UMUARAMA', 'CAMPUS_UNIÃO DA VITÓRIA', 'CURSOS_TEC_INTEGRADO', 'CURSOS_TEC_SUBSEQUENTE', 'CURSOS_GRAD_VESPERTINO', 'CURSOS_POS', 'FÉRIAS', 'COVID', 'GREVE', 'LAG_01', 'LAG_03', 'LAG_05', 'LAG_06', 'LAG_07', 'LAG_09', 'LAG_12');0.29016
('TEMP_MÉD_MÉD_MENS', 'TEMP_MÉD_MAX_MENS', 'TEMP_MÉD_ACC_MENS', 'TEMP_MAX_MÉD_MENS', 'PRECIPITAÇÃO_MÉD_MENS', 'TEMP_MIN_MIN_MENS', 'TEMP_MIN_MAX_MENS', 'TEMP_MIN_ACC_MENS', 'TEMP_MAX_MIN_MENS', 'PRECIPITAÇÃO_MIN_MENS', 'TEMP_MAX_MAX_MENS', 'PRECIPITAÇÃO_MAX_MENS', 'PRECIPITAÇÃO_ACC_MENS', 'DIA_DA_SEMANA_qua', 'DIA_DA_SEMANA_sex', 'MÊS_abr', 'MÊS_fev', 'MÊS_jan', 'MÊS_jul', 'MÊS_mai', 'MÊS_mar', 'MÊS_out', 'MÊS_set', 'ANO_2021', 'ANO_2024', 'ANO_2017', 'ANO_2019', 'CAMPUS_ASSIS CHATEAUBRIAND', 'CAMPUS_BARRACÃO', 'CAMPUS_CAMPO LARGO', 'CAMPUS_CASCAVEL', 'CAMPUS_CORONEL VIVIDA', 'CAMPUS_CURITIBA', 'CAMPUS_GOIOERÊ', 'CAMPUS_IRATI', 'CAMPUS_IVAIPORÃ', 'CAMPUS_JACAREZINHO', 'CAMPUS_LONDRINA - CENTRO', 'CAMPUS_PALMAS', 'CAMPUS_QUEDAS DO IGUAÇU', 'CAMPUS_TELÊMACO BORBA', 'CAMPUS_UMUARAMA', 'CAMPUS_UNIÃO DA VITÓRIA', 'CURSOS_TEC_INTEGRADO', 'CURSOS_TEC_SUBSEQUENTE', 'CURSOS_GRAD_MATUTINO', 'CURSOS_GRAD_NOTURNO', 'CURSOS_POS', 'FÉRIAS', 'FERIADO', 'COVID', 'GREVE', 'ORDEM', 'LAG_05', 'LAG_06', 'LAG_08', 'LAG_09', 'LAG_10', 'LAG_11', 'LAG_12');0.29026
('TEMP_MÉD_MIN_MENS', 'TEMP_MÉD_MÉD_MENS', 'TEMP_MÉD_MAX_MENS', 'TEMP_MÉD_ACC_MENS', 'TEMP_MAX_MÉD_MENS', 'PRECIPITAÇÃO_MÉD_MENS', 'TEMP_MAX_MIN_MENS', 'TEMP_MAX_ACC_MENS', 'PRECIPITAÇÃO_MAX_MENS', 'DIA_DA_SEMANA_qui', 'DIA_DA_SEMANA_sex', 'DIA_DA_SEMANA_sáb', 'DIA_DA_SEMANA_ter', 'MÊS_dez', 'MÊS_jan', 'MÊS_jul', 'MÊS_jun', 'MÊS_mai', 'MÊS_out', 'ANO_2021', 'ANO_2017', 'ANO_2018', 'ANO_2019', 'CAMPUS_ASSIS CHATEAUBRIAND', 'CAMPUS_CAPANEMA', 'CAMPUS_CASCAVEL', 'CAMPUS_CURITIBA', 'CAMPUS_FOZ DO IGUAÇU', 'CAMPUS_GOIOERÊ', 'CAMPUS_IRATI', 'CAMPUS_IVAIPORÃ', 'CAMPUS_JACAREZINHO', 'CAMPUS_JAGUARIAÍVA', 'CAMPUS_PALMAS', 'CAMPUS_PARANAVAÍ', 'CAMPUS_PINHAIS', 'CAMPUS_UMUARAMA', 'CAMPUS_UNIÃO DA VITÓRIA', 'CURSOS_GRAD_MATUTINO', 'CURSOS_POS', 'FÉRIAS', 'FERIADO', 'GREVE', 'ORDEM', 'LAG_04', 'LAG_05', 'LAG_06', 'LAG_11');0.29027
('TEMP_MIN_MÉD_MENS', 'TEMP_MÉD_MIN_MENS', 'TEMP_MÉD_MÉD_MENS', 'TEMP_MÉD_MAX_MENS', 'TEMP_MAX_MÉD_MENS', 'PRECIPITAÇÃO_MÉD_MENS', 'TEMP_MIN_MIN_MENS', 'TEMP_MIN_ACC_MENS', 'PRECIPITAÇÃO_MIN_MENS', 'TEMP_MAX_MAX_MENS', 'DIA_DA_SEMANA_dom', 'DIA_DA_SEMANA_qua', 'DIA_DA_SEMANA_qui', 'DIA_DA_SEMANA_seg', 'DIA_DA_SEMANA_sex', 'DIA_DA_SEMANA_ter', 'MÊS_ago', 'MÊS_jan', 'MÊS_jul', 'MÊS_mar', 'MÊS_nov', 'MÊS_out', 'MÊS_set', 'ANO_2022', 'ANO_2023', 'ANO_2024', 'ANO_2015', 'ANO_2016', 'ANO_2018', 'CAMPUS_CAMPO LARGO', 'CAMPUS_CASCAVEL', 'CAMPUS_CORONEL VIVIDA', 'CAMPUS_FOZ DO IGUAÇU', 'CAMPUS_GOIOERÊ', 'CAMPUS_IRATI', 'CAMPUS_IVAIPORÃ', 'CAMPUS_PALMAS', 'CAMPUS_PARANAGUÁ', 'CAMPUS_PITANGA', 'CAMPUS_UMUARAMA', 'CAMPUS_UNIÃO DA VITÓRIA', 'CURSOS_TEC_INTEGRADO', 'CURSOS_GRAD_MATUTINO', 'CURSOS_GRAD_VESPERTINO', 'CURSOS_GRAD_NOTURNO', 'CURSOS_POS', 'COVID', 'GREVE', 'ORDEM', 'LAG_01', 'LAG_02', 'LAG_04', 'LAG_06', 'LAG_07', 'LAG_09', 'LAG_12');0.29029
('TEMP_MÉD_MIN_MENS', 'TEMP_MÉD_MÉD_MENS', 'TEMP_MÉD_ACC_MENS', 'TEMP_MIN_MAX_MENS', 'TEMP_MAX_MIN_MENS', 'PRECIPITAÇÃO_MIN_MENS', 'TEMP_MAX_ACC_MENS', 'PRECIPITAÇÃO_ACC_MENS', 'DIA_DA_SEMANA_qua', 'DIA_DA_SEMANA_qui', 'DIA_DA_SEMANA_seg', 'DIA_DA_SEMANA_sex', 'MÊS_ago', 'MÊS_jan', 'MÊS_jul', 'MÊS_mar', 'MÊS_nov', 'MÊS_out', 'MÊS_set', 'ANO_2021', 'ANO_2023', 'ANO_2024', 'ANO_2015', 'ANO_2016', 'ANO_2017', 'ANO_2020', 'CAMPUS_ASSIS CHATEAUBRIAND', 'CAMPUS_ASTORGA', 'CAMPUS_BARRACÃO', 'CAMPUS_CAPANEMA', 'CAMPUS_CORONEL VIVIDA', 'CAMPUS_CURITIBA', 'CAMPUS_FOZ DO IGUAÇU', 'CAMPUS_IRATI', 'CAMPUS_IVAIPORÃ', 'CAMPUS_JACAREZINHO', 'CAMPUS_LONDRINA - CENTRO', 'CAMPUS_PARANAVAÍ', 'CAMPUS_QUEDAS DO IGUAÇU', 'CAMPUS_UMUARAMA', 'CURSOS_TEC_INTEGRADO', 'CURSOS_TEC_SUBSEQUENTE', 'CURSOS_GRAD_NOTURNO', 'COVID', 'GREVE', 'LAG_01', 'LAG_02', 'LAG_04', 'LAG_05', 'LAG_06', 'LAG_07', 'LAG_09', 'LAG_11', 'LAG_12');0.2903
('TEMP_MÉD_MIN_MENS', 'TEMP_MÉD_MÉD_MENS', 'TEMP_MÉD_ACC_MENS', 'TEMP_MAX_MÉD_MENS', 'PRECIPITAÇÃO_MÉD_MENS', 'TEMP_MIN_MAX_MENS', 'TEMP_MIN_ACC_MENS', 'TEMP_MAX_MIN_MENS', 'PRECIPITAÇÃO_MIN_MENS', 'TEMP_MAX_MAX_MENS', 'TEMP_MAX_ACC_MENS', 'PRECIPITAÇÃO_ACC_MENS', 'DIA_DA_SEMANA_dom', 'DIA_DA_SEMANA_seg', 'DIA_DA_SEMANA_sáb', 'MÊS_dez', 'MÊS_fev', 'MÊS_jul', 'MÊS_mai', 'MÊS_nov', 'MÊS_out', 'MÊS_set', 'ANO_2021', 'ANO_2023', 'ANO_2015', 'ANO_2017', 'ANO_2018', 'ANO_2020', 'CAMPUS_ASSIS CHATEAUBRIAND', 'CAMPUS_ASTORGA', 'CAMPUS_CAPANEMA', 'CAMPUS_CASCAVEL', 'CAMPUS_CURITIBA', 'CAMPUS_FOZ DO IGUAÇU', 'CAMPUS_GOIOERÊ', 'CAMPUS_IRATI', 'CAMPUS_IVAIPORÃ', 'CAMPUS_JACAREZINHO', 'CAMPUS_JAGUARIAÍVA', 'CAMPUS_PALMAS', 'CAMPUS_PARANAGUÁ', 'CAMPUS_PARANAVAÍ', 'CAMPUS_PINHAIS', 'CAMPUS_PITANGA', 'CAMPUS_TELÊMACO BORBA', 'CAMPUS_UNIÃO DA VITÓRIA', 'CURSOS_TEC_CONCOMITANTE', 'CURSOS_TEC_INTEGRADO', 'CURSOS_TEC_SUBSEQUENTE', 'CURSOS_GRAD_VESPERTINO', 'FÉRIAS', 'FERIADO', 'COVID', 'GREVE', 'LAG_01', 'LAG_03', 'LAG_04', 'LAG_05', 'LAG_08', 'LAG_10', 'LAG_12');0.29035
('TEMP_MIN_MÉD_MENS', 'TEMP_MÉD_MAX_MENS', 'TEMP_MÉD_ACC_MENS', 'TEMP_MAX_MÉD_MENS', 'PRECIPITAÇÃO_MÉD_MENS', 'PRECIPITAÇÃO_MAX_MENS', 'PRECIPITAÇÃO_ACC_MENS', 'DIA_DA_SEMANA_dom', 'DIA_DA_SEMANA_seg', 'DIA_DA_SEMANA_sex', 'DIA_DA_SEMANA_sáb', 'MÊS_abr', 'MÊS_ago', 'MÊS_dez', 'MÊS_fev', 'MÊS_jan', 'MÊS_mai', 'MÊS_nov', 'MÊS_set', 'ANO_2021', 'ANO_2022', 'ANO_2016', 'ANO_2019', 'CAMPUS_ASSIS CHATEAUBRIAND', 'CAMPUS_CAMPO LARGO', 'CAMPUS_CASCAVEL', 'CAMPUS_CORONEL VIVIDA', 'CAMPUS_CURITIBA', 'CAMPUS_GOIOERÊ', 'CAMPUS_IRATI', 'CAMPUS_JACAREZINHO', 'CAMPUS_JAGUARIAÍVA', 'CAMPUS_PALMAS', 'CAMPUS_PARANAGUÁ', 'CAMPUS_PITANGA', 'CAMPUS_UMUARAMA', 'CURSOS_TEC_CONCOMITANTE', 'CURSOS_TEC_INTEGRADO', 'CURSOS_GRAD_MATUTINO', 'CURSOS_GRAD_VESPERTINO', 'FÉRIAS', 'ORDEM', 'LAG_02', 'LAG_04', 'LAG_05', 'LAG_06', 'LAG_09', 'LAG_11', 'LAG_12');0.29043
('TEMP_MIN_MÉD_MENS', 'TEMP_MÉD_MIN_MENS', 'TEMP_MÉD_MÉD_MENS', 'TEMP_MÉD_MAX_MENS', 'TEMP_MAX_MÉD_MENS', 'TEMP_MIN_MIN_MENS', 'TEMP_MIN_ACC_MENS', 'TEMP_MAX_MIN_MENS', 'TEMP_MAX_MAX_MENS', 'PRECIPITAÇÃO_ACC_MENS', 'DIA_DA_SEMANA_qua', 'DIA_DA_SEMANA_qui', 'DIA_DA_SEMANA_seg', 'DIA_DA_SEMANA_sex', 'DIA_DA_SEMANA_sáb', 'DIA_DA_SEMANA_ter', 'MÊS_abr', 'MÊS_fev', 'MÊS_jun', 'MÊS_mai', 'MÊS_nov', 'MÊS_out', 'MÊS_set', 'ANO_2021', 'ANO_2015', 'ANO_2016', 'ANO_2019', 'ANO_2020', 'CAMPUS_ASSIS CHATEAUBRIAND', 'CAMPUS_BARRACÃO', 'CAMPUS_CAMPO LARGO', 'CAMPUS_CAPANEMA', 'CAMPUS_CURITIBA', 'CAMPUS_GOIOERÊ', 'CAMPUS_JACAREZINHO', 'CAMPUS_JAGUARIAÍVA', 'CAMPUS_LONDRINA - CENTRO', 'CAMPUS_PARANAGUÁ', 'CAMPUS_PINHAIS', 'CAMPUS_QUEDAS DO IGUAÇU', 'CAMPUS_UNIÃO DA VITÓRIA', 'CURSOS_TEC_CONCOMITANTE', 'CURSOS_TEC_INTEGRADO', 'CURSOS_TEC_SUBSEQUENTE', 'CURSOS_POS', 'FÉRIAS', 'FERIADO', 'COVID', 'GREVE', 'ORDEM', 'LAG_03', 'LAG_04', 'LAG_06', 'LAG_09', 'LAG_10');0.29048
('TEMP_MIN_MÉD_MENS', 'TEMP_MÉD_MIN_MENS', 'TEMP_MÉD_MÉD_MENS', 'TEMP_MÉD_ACC_MENS', 'TEMP_MIN_MIN_MENS', 'TEMP_MIN_ACC_MENS', 'TEMP_MAX_MIN_MENS', 'PRECIPITAÇÃO_MIN_MENS', 'TEMP_MAX_ACC_MENS', 'PRECIPITAÇÃO_MAX_MENS', 'DIA_DA_SEMANA_dom', 'DIA_DA_SEMANA_qua', 'DIA_DA_SEMANA_seg', 'DIA_DA_SEMANA_sex', 'MÊS_abr', 'MÊS_fev', 'MÊS_jan', 'MÊS_jul', 'MÊS_nov', 'MÊS_out', 'MÊS_set', 'ANO_2022', 'ANO_2015', 'ANO_2016', 'ANO_2017', 'ANO_2019', 'ANO_2020', 'CAMPUS_ASSIS CHATEAUBRIAND', 'CAMPUS_ASTORGA', 'CAMPUS_CAMPO LARGO', 'CAMPUS_CASCAVEL', 'CAMPUS_FOZ DO IGUAÇU', 'CAMPUS_GOIOERÊ', 'CAMPUS_IVAIPORÃ', 'CAMPUS_LONDRINA - CENTRO', 'CAMPUS_PALMAS', 'CAMPUS_PARANAGUÁ', 'CAMPUS_PARANAVAÍ', 'CAMPUS_PITANGA', 'CAMPUS_QUEDAS DO IGUAÇU', 'CAMPUS_TELÊMACO BORBA', 'CAMPUS_UNIÃO DA VITÓRIA', 'CURSOS_TEC_CONCOMITANTE', 'CURSOS_GRAD_MATUTINO', 'CURSOS_GRAD_VESPERTINO', 'CURSOS_GRAD_NOTURNO', 'FÉRIAS', 'COVID', 'GREVE', 'LAG_01', 'LAG_02', 'LAG_03', 'LAG_04', 'LAG_05', 'LAG_06', 'LAG_10', 'LAG_11', 'LAG_12');0.2905
('TEMP_MIN_MÉD_MENS', 'TEMP_MÉD_MIN_MENS', 'TEMP_MÉD_MÉD_MENS', 'TEMP_MÉD_MAX_MENS', 'PRECIPITAÇÃO_MÉD_MENS', 'TEMP_MIN_MAX_MENS', 'TEMP_MAX_MIN_MENS', 'PRECIPITAÇÃO_MIN_MENS', 'PRECIPITAÇÃO_MAX_MENS', 'PRECIPITAÇÃO_ACC_MENS', 'DIA_DA_SEMANA_qui', 'DIA_DA_SEMANA_sex', 'MÊS_abr', 'MÊS_ago', 'MÊS_fev', 'MÊS_jan', 'MÊS_jul', 'MÊS_nov', 'MÊS_set', 'ANO_2023', 'ANO_2015', 'ANO_2017', 'ANO_2018', 'ANO_2019', 'ANO_2020', 'CAMPUS_CASCAVEL', 'CAMPUS_IRATI', 'CAMPUS_PARANAGUÁ', 'CAMPUS_PARANAVAÍ', 'CAMPUS_PINHAIS', 'CAMPUS_PITANGA', 'CAMPUS_QUEDAS DO IGUAÇU', 'CAMPUS_TELÊMACO BORBA', 'CAMPUS_UNIÃO DA VITÓRIA', 'CURSOS_TEC_INTEGRADO', 'CURSOS_GRAD_VESPERTINO', 'CURSOS_GRAD_NOTURNO', 'CURSOS_POS', 'FÉRIAS', 'COVID', 'ORDEM', 'LAG_02', 'LAG_03', 'LAG_04', 'LAG_06', 'LAG_08', 'LAG_11', 'LAG_12');0.2905
('TEMP_MIN_MÉD_MENS', 'TEMP_MÉD_MIN_MENS', 'TEMP_MÉD_ACC_MENS', 'TEMP_MIN_MAX_MENS', 'TEMP_MIN_ACC_MENS', 'PRECIPITAÇÃO_MIN_MENS', 'TEMP_MAX_MAX_MENS', 'TEMP_MAX_ACC_MENS', 'DIA_DA_SEMANA_dom', 'DIA_DA_SEMANA_qua', 'DIA_DA_SEMANA_qui', 'DIA_DA_SEMANA_seg', 'MÊS_ago', 'MÊS_dez', 'MÊS_fev', 'MÊS_jan', 'MÊS_jul', 'MÊS_mai', 'MÊS_nov', 'MÊS_out', 'ANO_2023', 'ANO_2015', 'ANO_2016', 'ANO_2017', 'ANO_2020', 'CAMPUS_ASSIS CHATEAUBRIAND', 'CAMPUS_BARRACÃO', 'CAMPUS_CAMPO LARGO', 'CAMPUS_CORONEL VIVIDA', 'CAMPUS_GOIOERÊ', 'CAMPUS_IRATI', 'CAMPUS_JACAREZINHO', 'CAMPUS_JAGUARIAÍVA', 'CAMPUS_LONDRINA - CENTRO', 'CAMPUS_PALMAS', 'CAMPUS_PARANAGUÁ', 'CAMPUS_PARANAVAÍ', 'CAMPUS_PITANGA', 'CAMPUS_TELÊMACO BORBA', 'CAMPUS_UNIÃO DA VITÓRIA', 'CURSOS_TEC_INTEGRADO', 'CURSOS_TEC_SUBSEQUENTE', 'CURSOS_GRAD_MATUTINO', 'CURSOS_GRAD_VESPERTINO', 'CURSOS_POS', 'FERIADO', 'GREVE', 'ORDEM', 'LAG_02', 'LAG_03', 'LAG_04', 'LAG_05', 'LAG_06', 'LAG_07', 'LAG_11');0.29058
('TEMP_MIN_MÉD_MENS', 'TEMP_MÉD_MIN_MENS', 'TEMP_MÉD_MÉD_MENS', 'TEMP_MÉD_MAX_MENS', 'TEMP_MIN_MIN_MENS', 'TEMP_MIN_MAX_MENS', 'TEMP_MAX_MIN_MENS', 'PRECIPITAÇÃO_MIN_MENS', 'TEMP_MAX_ACC_MENS', 'PRECIPITAÇÃO_ACC_MENS', 'DIA_DA_SEMANA_dom', 'DIA_DA_SEMANA_qua', 'DIA_DA_SEMANA_sáb', 'DIA_DA_SEMANA_ter', 'MÊS_abr', 'MÊS_ago', 'MÊS_jul', 'MÊS_jun', 'MÊS_mai', 'MÊS_mar', 'MÊS_nov', 'ANO_2022', 'ANO_2023', 'ANO_2015', 'ANO_2016', 'ANO_2017', 'ANO_2018', 'ANO_2019', 'CAMPUS_CAMPO LARGO', 'CAMPUS_CAPANEMA', 'CAMPUS_FOZ DO IGUAÇU', 'CAMPUS_GOIOERÊ', 'CAMPUS_IVAIPORÃ', 'CAMPUS_JACAREZINHO', 'CAMPUS_JAGUARIAÍVA', 'CAMPUS_PALMAS', 'CAMPUS_PARANAGUÁ', 'CAMPUS_PARANAVAÍ', 'CAMPUS_QUEDAS DO IGUAÇU', 'CAMPUS_TELÊMACO BORBA', 'CAMPUS_UNIÃO DA VITÓRIA', 'CURSOS_TEC_CONCOMITANTE', 'CURSOS_TEC_INTEGRADO', 'CURSOS_GRAD_VESPERTINO', 'CURSOS_GRAD_NOTURNO', 'FÉRIAS', 'FERIADO', 'COVID', 'LAG_01', 'LAG_02', 'LAG_03', 'LAG_05', 'LAG_07', 'LAG_09', 'LAG_12');0.29059
('TEMP_MÉD_MIN_MENS', 'TEMP_MÉD_MAX_MENS', 'TEMP_MAX_MÉD_MENS', 'PRECIPITAÇÃO_MÉD_MENS', 'TEMP_MIN_MIN_MENS', 'TEMP_MAX_MIN_MENS', 'PRECIPITAÇÃO_ACC_MENS', 'DIA_DA_SEMANA_qui', 'DIA_DA_SEMANA_sáb', 'DIA_DA_SEMANA_ter', 'MÊS_abr', 'MÊS_ago', 'MÊS_jul', 'MÊS_jun', 'MÊS_mai', 'MÊS_nov', 'ANO_2022', 'ANO_2023', 'ANO_2015', 'ANO_2016', 'ANO_2017', 'ANO_2018', 'ANO_2019', 'ANO_2020', 'CAMPUS_ASSIS CHATEAUBRIAND', 'CAMPUS_CAPANEMA', 'CAMPUS_FOZ DO IGUAÇU', 'CAMPUS_IVAIPORÃ', 'CAMPUS_LONDRINA - CENTRO', 'CAMPUS_PALMAS', 'CAMPUS_PARANAVAÍ', 'CAMPUS_PINHAIS', 'CAMPUS_PITANGA', 'CAMPUS_UMUARAMA', 'CAMPUS_UNIÃO DA VITÓRIA', 'CURSOS_TEC_CONCOMITANTE', 'CURSOS_TEC_INTEGRADO', 'CURSOS_TEC_SUBSEQUENTE', 'CURSOS_GRAD_VESPERTINO', 'CURSOS_GRAD_NOTURNO', 'COVID', 'GREVE', 'ORDEM', 'LAG_05', 'LAG_06', 'LAG_07', 'LAG_08', 'LAG_12');0.29063
('TEMP_MÉD_ACC_MENS', 'TEMP_MAX_MÉD_MENS', 'PRECIPITAÇÃO_MÉD_MENS', 'TEMP_MIN_MIN_MENS', 'TEMP_MIN_ACC_MENS', 'TEMP_MAX_MIN_MENS', 'PRECIPITAÇÃO_MIN_MENS', 'TEMP_MAX_ACC_MENS', 'PRECIPITAÇÃO_MAX_MENS', 'PRECIPITAÇÃO_ACC_MENS', 'DIA_DA_SEMANA_dom', 'DIA_DA_SEMANA_qua', 'DIA_DA_SEMANA_qui', 'DIA_DA_SEMANA_sáb', 'DIA_DA_SEMANA_ter', 'MÊS_ago', 'MÊS_dez', 'MÊS_jul', 'MÊS_set', 'ANO_2021', 'ANO_2022', 'ANO_2023', 'ANO_2015', 'ANO_2016', 'ANO_2018', 'ANO_2020', 'CAMPUS_ASSIS CHATEAUBRIAND', 'CAMPUS_BARRACÃO', 'CAMPUS_CAPANEMA', 'CAMPUS_CASCAVEL', 'CAMPUS_IVAIPORÃ', 'CAMPUS_JACAREZINHO', 'CAMPUS_LONDRINA - CENTRO', 'CAMPUS_PARANAVAÍ', 'CAMPUS_TELÊMACO BORBA', 'CAMPUS_UMUARAMA', 'CURSOS_TEC_SUBSEQUENTE', 'CURSOS_GRAD_MATUTINO', 'CURSOS_GRAD_VESPERTINO', 'FERIADO', 'COVID', 'GREVE', 'ORDEM', 'LAG_01', 'LAG_04', 'LAG_06', 'LAG_07', 'LAG_08', 'LAG_09', 'LAG_12');0.29066
('TEMP_MIN_MÉD_MENS', 'PRECIPITAÇÃO_MÉD_MENS', 'TEMP_MIN_MIN_MENS', 'TEMP_MIN_MAX_MENS', 'TEMP_MIN_ACC_MENS', 'TEMP_MAX_MIN_MENS', 'PRECIPITAÇÃO_MAX_MENS', 'PRECIPITAÇÃO_ACC_MENS', 'DIA_DA_SEMANA_dom', 'DIA_DA_SEMANA_qua', 'DIA_DA_SEMANA_qui', 'DIA_DA_SEMANA_seg', 'DIA_DA_SEMANA_sex', 'DIA_DA_SEMANA_sáb', 'MÊS_abr', 'MÊS_ago', 'MÊS_dez', 'MÊS_fev', 'MÊS_jan', 'MÊS_mai', 'MÊS_nov', 'MÊS_out', 'MÊS_set', 'ANO_2021', 'ANO_2022', 'ANO_2023', 'ANO_2015', 'ANO_2016', 'ANO_2019', 'ANO_2020', 'CAMPUS_ASSIS CHATEAUBRIAND', 'CAMPUS_ASTORGA', 'CAMPUS_BARRACÃO', 'CAMPUS_CAPANEMA', 'CAMPUS_CORONEL VIVIDA', 'CAMPUS_FOZ DO IGUAÇU', 'CAMPUS_GOIOERÊ', 'CAMPUS_IRATI', 'CAMPUS_JAGUARIAÍVA', 'CAMPUS_PALMAS', 'CAMPUS_PARANAVAÍ', 'CAMPUS_PITANGA', 'CAMPUS_QUEDAS DO IGUAÇU', 'CAMPUS_TELÊMACO BORBA', 'CAMPUS_UMUARAMA', 'CAMPUS_UNIÃO DA VITÓRIA', 'CURSOS_TEC_INTEGRADO', 'CURSOS_TEC_SUBSEQUENTE', 'CURSOS_GRAD_MATUTINO', 'CURSOS_GRAD_VESPERTINO', 'CURSOS_GRAD_NOTURNO', 'CURSOS_POS', 'FÉRIAS', 'GREVE', 'ORDEM', 'LAG_01', 'LAG_03', 'LAG_04', 'LAG_08', 'LAG_09');0.29071
('TEMP_MÉD_MIN_MENS', 'TEMP_MÉD_MAX_MENS', 'TEMP_MÉD_ACC_MENS', 'PRECIPITAÇÃO_MÉD_MENS', 'TEMP_MIN_MIN_MENS', 'TEMP_MIN_MAX_MENS', 'TEMP_MIN_ACC_MENS', 'PRECIPITAÇÃO_MIN_MENS', 'TEMP_MAX_ACC_MENS', 'PRECIPITAÇÃO_MAX_MENS', 'DIA_DA_SEMANA_dom', 'DIA_DA_SEMANA_qui', 'DIA_DA_SEMANA_seg', 'DIA_DA_SEMANA_sáb', 'MÊS_abr', 'MÊS_ago', 'MÊS_dez', 'MÊS_fev', 'MÊS_jan', 'MÊS_jun', 'MÊS_mai', 'MÊS_nov', 'ANO_2022', 'ANO_2016', 'ANO_2017', 'ANO_2020', 'CAMPUS_ASTORGA', 'CAMPUS_BARRACÃO', 'CAMPUS_CASCAVEL', 'CAMPUS_CORONEL VIVIDA', 'CAMPUS_FOZ DO IGUAÇU', 'CAMPUS_JACAREZINHO', 'CAMPUS_JAGUARIAÍVA', 'CAMPUS_PALMAS', 'CAMPUS_PARANAGUÁ', 'CAMPUS_PARANAVAÍ', 'CAMPUS_PITANGA', 'CAMPUS_QUEDAS DO IGUAÇU', 'CURSOS_TEC_INTEGRADO', 'CURSOS_TEC_SUBSEQUENTE', 'CURSOS_GRAD_MATUTINO', 'CURSOS_GRAD_NOTURNO', 'CURSOS_POS', 'FÉRIAS', 'COVID', 'ORDEM', 'LAG_01', 'LAG_02', 'LAG_07', 'LAG_08', 'LAG_09', 'LAG_10', 'LAG_11', 'LAG_12');0.29075
('TEMP_MIN_MÉD_MENS', 'TEMP_MÉD_MIN_MENS', 'TEMP_MÉD_MAX_MENS', 'TEMP_MÉD_ACC_MENS', 'PRECIPITAÇÃO_MÉD_MENS', 'TEMP_MIN_MIN_MENS', 'TEMP_MAX_MIN_MENS', 'TEMP_MAX_MAX_MENS', 'TEMP_MAX_ACC_MENS', 'PRECIPITAÇÃO_ACC_MENS', 'DIA_DA_SEMANA_qua', 'DIA_DA_SEMANA_qui', 'DIA_DA_SEMANA_sex', 'DIA_DA_SEMANA_ter', 'MÊS_abr', 'MÊS_ago', 'MÊS_jan', 'MÊS_jul', 'MÊS_jun', 'MÊS_mai', 'MÊS_out', 'MÊS_set', 'ANO_2022', 'ANO_2023', 'ANO_2024', 'ANO_2017', 'ANO_2018', 'ANO_2019', 'CAMPUS_ASSIS CHATEAUBRIAND', 'CAMPUS_BARRACÃO', 'CAMPUS_CAPANEMA', 'CAMPUS_CORONEL VIVIDA', 'CAMPUS_CURITIBA', 'CAMPUS_FOZ DO IGUAÇU', 'CAMPUS_GOIOERÊ', 'CAMPUS_IRATI', 'CAMPUS_IVAIPORÃ', 'CAMPUS_JACAREZINHO', 'CAMPUS_JAGUARIAÍVA', 'CAMPUS_LONDRINA - CENTRO', 'CAMPUS_PALMAS', 'CAMPUS_PARANAGUÁ', 'CAMPUS_PARANAVAÍ', 'CAMPUS_PINHAIS', 'CAMPUS_PITANGA', 'CAMPUS_QUEDAS DO IGUAÇU', 'CAMPUS_TELÊMACO BORBA', 'CAMPUS_UMUARAMA', 'CURSOS_TEC_CONCOMITANTE', 'CURSOS_TEC_INTEGRADO', 'CURSOS_TEC_SUBSEQUENTE', 'CURSOS_GRAD_MATUTINO', 'CURSOS_GRAD_VESPERTINO', 'CURSOS_POS', 'FÉRIAS', 'FERIADO', 'GREVE', 'ORDEM', 'LAG_02', 'LAG_05', 'LAG_10');0.29083
('TEMP_MIN_MÉD_MENS', 'TEMP_MÉD_MÉD_MENS', 'TEMP_MÉD_ACC_MENS', 'TEMP_MAX_MÉD_MENS', 'TEMP_MIN_MIN_MENS', 'TEMP_MAX_MIN_MENS', 'TEMP_MAX_ACC_MENS', 'PRECIPITAÇÃO_MAX_MENS', 'PRECIPITAÇÃO_ACC_MENS', 'DIA_DA_SEMANA_seg', 'DIA_DA_SEMANA_sáb', 'MÊS_abr', 'MÊS_ago', 'MÊS_dez', 'MÊS_fev', 'MÊS_jan', 'MÊS_jul', 'MÊS_jun', 'MÊS_mar', 'MÊS_nov', 'MÊS_out', 'MÊS_set', 'ANO_2023', 'ANO_2024', 'ANO_2016', 'ANO_2017', 'ANO_2019', 'CAMPUS_ASSIS CHATEAUBRIAND', 'CAMPUS_ASTORGA', 'CAMPUS_BARRACÃO', 'CAMPUS_CAMPO LARGO', 'CAMPUS_CAPANEMA', 'CAMPUS_CURITIBA', 'CAMPUS_FOZ DO IGUAÇU', 'CAMPUS_GOIOERÊ', 'CAMPUS_IVAIPORÃ', 'CAMPUS_JACAREZINHO', 'CAMPUS_JAGUARIAÍVA', 'CAMPUS_PALMAS', 'CAMPUS_PARANAGUÁ', 'CAMPUS_PARANAVAÍ', 'CAMPUS_PITANGA', 'CAMPUS_UNIÃO DA VITÓRIA', 'CURSOS_TEC_CONCOMITANTE', 'CURSOS_GRAD_MATUTINO', 'CURSOS_POS', 'FÉRIAS', 'FERIADO', 'COVID', 'GREVE', 'ORDEM', 'LAG_02', 'LAG_04', 'LAG_05', 'LAG_06', 'LAG_07', 'LAG_09', 'LAG_11', 'LAG_12');0.29087
('TEMP_MIN_MÉD_MENS', 'TEMP_MÉD_MIN_MENS', 'TEMP_MÉD_MÉD_MENS', 'TEMP_MÉD_ACC_MENS', 'PRECIPITAÇÃO_MÉD_MENS', 'TEMP_MIN_MAX_MENS', 'TEMP_MIN_ACC_MENS', 'PRECIPITAÇÃO_MIN_MENS', 'TEMP_MAX_ACC_MENS', 'PRECIPITAÇÃO_MAX_MENS', 'DIA_DA_SEMANA_dom', 'DIA_DA_SEMANA_qui', 'DIA_DA_SEMANA_seg', 'DIA_DA_SEMANA_sex', 'DIA_DA_SEMANA_sáb', 'MÊS_jan', 'MÊS_jul', 'MÊS_out', 'MÊS_set', 'ANO_2021', 'ANO_2022', 'ANO_2024', 'ANO_2016', 'ANO_2017', 'ANO_2018', 'ANO_2020', 'CAMPUS_BARRACÃO', 'CAMPUS_CORONEL VIVIDA', 'CAMPUS_CURITIBA', 'CAMPUS_IVAIPORÃ', 'CAMPUS_JACAREZINHO', 'CAMPUS_JAGUARIAÍVA', 'CAMPUS_PALMAS', 'CAMPUS_PARANAGUÁ', 'CAMPUS_PARANAVAÍ', 'CAMPUS_PITANGA', 'CAMPUS_QUEDAS DO IGUAÇU', 'CAMPUS_TELÊMACO BORBA', 'CAMPUS_UMUARAMA', 'CAMPUS_UNIÃO DA VITÓRIA', 'CURSOS_TEC_INTEGRADO', 'CURSOS_GRAD_MATUTINO', 'FÉRIAS', 'FERIADO', 'COVID', 'GREVE', 'ORDEM', 'LAG_01', 'LAG_02', 'LAG_04', 'LAG_06', 'LAG_09', 'LAG_10', 'LAG_11', 'LAG_12');0.29092
('TEMP_MÉD_MIN_MENS', 'TEMP_MÉD_MAX_MENS', 'TEMP_MAX_MÉD_MENS', 'TEMP_MIN_MAX_MENS', 'PRECIPITAÇÃO_MIN_MENS', 'TEMP_MAX_ACC_MENS', 'PRECIPITAÇÃO_ACC_MENS', 'DIA_DA_SEMANA_qua', 'DIA_DA_SEMANA_qui', 'DIA_DA_SEMANA_seg', 'DIA_DA_SEMANA_sáb', 'DIA_DA_SEMANA_ter', 'MÊS_abr', 'MÊS_ago', 'MÊS_dez', 'MÊS_jul', 'MÊS_nov', 'MÊS_out', 'MÊS_set', 'ANO_2021', 'ANO_2022', 'ANO_2023', 'ANO_2019', 'ANO_2020', 'CAMPUS_ASSIS CHATEAUBRIAND', 'CAMPUS_ASTORGA', 'CAMPUS_BARRACÃO', 'CAMPUS_CAMPO LARGO', 'CAMPUS_CAPANEMA', 'CAMPUS_CURITIBA', 'CAMPUS_GOIOERÊ', 'CAMPUS_IRATI', 'CAMPUS_JACAREZINHO', 'CAMPUS_JAGUARIAÍVA', 'CAMPUS_LONDRINA - CENTRO', 'CAMPUS_PALMAS', 'CAMPUS_PARANAGUÁ', 'CAMPUS_PARANAVAÍ', 'CAMPUS_PINHAIS', 'CAMPUS_PITANGA', 'CAMPUS_QUEDAS DO IGUAÇU', 'CAMPUS_TELÊMACO BORBA', 'CAMPUS_UMUARAMA', 'CAMPUS_UNIÃO DA VITÓRIA', 'CURSOS_TEC_CONCOMITANTE', 'CURSOS_GRAD_MATUTINO', 'CURSOS_POS', 'FERIADO', 'COVID', 'GREVE', 'ORDEM', 'LAG_02', 'LAG_04', 'LAG_06', 'LAG_07', 'LAG_08', 'LAG_11', 'LAG_12');0.29093
('TEMP_MÉD_MIN_MENS', 'TEMP_MÉD_MÉD_MENS', 'TEMP_MÉD_ACC_MENS', 'TEMP_MAX_MÉD_MENS', 'PRECIPITAÇÃO_MÉD_MENS', 'TEMP_MIN_MAX_MENS', 'TEMP_MIN_ACC_MENS', 'PRECIPITAÇÃO_MIN_MENS', 'PRECIPITAÇÃO_MAX_MENS', 'DIA_DA_SEMANA_qui', 'DIA_DA_SEMANA_seg', 'DIA_DA_SEMANA_sáb', 'DIA_DA_SEMANA_ter', 'MÊS_abr', 'MÊS_jan', 'MÊS_mai', 'MÊS_mar', 'MÊS_out', 'MÊS_set', 'ANO_2023', 'ANO_2024', 'ANO_2015', 'ANO_2016', 'ANO_2019', 'CAMPUS_ASSIS CHATEAUBRIAND', 'CAMPUS_ASTORGA', 'CAMPUS_BARRACÃO', 'CAMPUS_CAPANEMA', 'CAMPUS_CASCAVEL', 'CAMPUS_CORONEL VIVIDA', 'CAMPUS_CURITIBA', 'CAMPUS_FOZ DO IGUAÇU', 'CAMPUS_GOIOERÊ', 'CAMPUS_IVAIPORÃ', 'CAMPUS_JACAREZINHO', 'CAMPUS_JAGUARIAÍVA', 'CAMPUS_PALMAS', 'CAMPUS_PARANAGUÁ', 'CAMPUS_PARANAVAÍ', 'CAMPUS_PITANGA', 'CAMPUS_TELÊMACO BORBA', 'CAMPUS_UNIÃO DA VITÓRIA', 'CURSOS_TEC_INTEGRADO', 'CURSOS_TEC_SUBSEQUENTE', 'CURSOS_GRAD_NOTURNO', 'CURSOS_POS', 'FÉRIAS', 'FERIADO', 'LAG_01', 'LAG_06', 'LAG_07', 'LAG_08', 'LAG_09');0.29098
('TEMP_MÉD_MIN_MENS', 'TEMP_MÉD_MÉD_MENS', 'TEMP_MAX_MÉD_MENS', 'PRECIPITAÇÃO_MÉD_MENS', 'TEMP_MIN_MIN_MENS', 'TEMP_MIN_ACC_MENS', 'PRECIPITAÇÃO_MAX_MENS', 'DIA_DA_SEMANA_dom', 'DIA_DA_SEMANA_sáb', 'MÊS_abr', 'MÊS_dez', 'MÊS_fev', 'MÊS_jul', 'MÊS_jun', 'MÊS_mar', 'ANO_2021', 'ANO_2022', 'ANO_2024', 'ANO_2015', 'ANO_2017', 'CAMPUS_ASSIS CHATEAUBRIAND', 'CAMPUS_ASTORGA', 'CAMPUS_BARRACÃO', 'CAMPUS_CAMPO LARGO', 'CAMPUS_CAPANEMA', 'CAMPUS_CASCAVEL', 'CAMPUS_CORONEL VIVIDA', 'CAMPUS_CURITIBA', 'CAMPUS_FOZ DO IGUAÇU', 'CAMPUS_GOIOERÊ', 'CAMPUS_IVAIPORÃ', 'CAMPUS_PALMAS', 'CAMPUS_PARANAGUÁ', 'CAMPUS_PINHAIS', 'CAMPUS_PITANGA', 'CAMPUS_TELÊMACO BORBA', 'CAMPUS_UMUARAMA', 'CAMPUS_UNIÃO DA VITÓRIA', 'CURSOS_TEC_CONCOMITANTE', 'CURSOS_GRAD_VESPERTINO', 'CURSOS_GRAD_NOTURNO', 'CURSOS_POS', 'FÉRIAS', 'FERIADO', 'COVID', 'ORDEM', 'LAG_03', 'LAG_04', 'LAG_05', 'LAG_06', 'LAG_08', 'LAG_09', 'LAG_10', 'LAG_11', 'LAG_12');0.29099
('TEMP_MIN_MÉD_MENS', 'TEMP_MÉD_MAX_MENS', 'TEMP_MÉD_ACC_MENS', 'PRECIPITAÇÃO_MÉD_MENS', 'TEMP_MIN_MIN_MENS', 'TEMP_MIN_MAX_MENS', 'TEMP_MAX_MIN_MENS', 'PRECIPITAÇÃO_MIN_MENS', 'TEMP_MAX_MAX_MENS', 'TEMP_MAX_ACC_MENS', 'PRECIPITAÇÃO_MAX_MENS', 'DIA_DA_SEMANA_dom', 'DIA_DA_SEMANA_qui', 'DIA_DA_SEMANA_seg', 'DIA_DA_SEMANA_sex', 'DIA_DA_SEMANA_sáb', 'DIA_DA_SEMANA_ter', 'MÊS_ago', 'MÊS_fev', 'MÊS_jan', 'MÊS_jun', 'MÊS_mai', 'MÊS_out', 'ANO_2021', 'ANO_2022', 'ANO_2024', 'ANO_2018', 'ANO_2019', 'ANO_2020', 'CAMPUS_CAPANEMA', 'CAMPUS_CORONEL VIVIDA', 'CAMPUS_CURITIBA', 'CAMPUS_GOIOERÊ', 'CAMPUS_JAGUARIAÍVA', 'CAMPUS_LONDRINA - CENTRO', 'CAMPUS_PARANAGUÁ', 'CAMPUS_PITANGA', 'CAMPUS_UMUARAMA', 'CURSOS_TEC_CONCOMITANTE', 'CURSOS_TEC_INTEGRADO', 'CURSOS_TEC_SUBSEQUENTE', 'CURSOS_GRAD_MATUTINO', 'CURSOS_GRAD_VESPERTINO', 'FÉRIAS', 'COVID', 'LAG_01', 'LAG_02', 'LAG_03', 'LAG_04', 'LAG_05', 'LAG_07', 'LAG_08', 'LAG_09', 'LAG_10', 'LAG_11', 'LAG_12');0.29103
('TEMP_MIN_MÉD_MENS', 'TEMP_MÉD_MIN_MENS', 'TEMP_MÉD_MÉD_MENS', 'TEMP_MIN_MIN_MENS', 'TEMP_MIN_MAX_MENS', 'PRECIPITAÇÃO_MIN_MENS', 'PRECIPITAÇÃO_MAX_MENS', 'PRECIPITAÇÃO_ACC_MENS', 'DIA_DA_SEMANA_dom', 'DIA_DA_SEMANA_qua', 'DIA_DA_SEMANA_seg', 'DIA_DA_SEMANA_sáb', 'MÊS_abr', 'MÊS_ago', 'MÊS_fev', 'MÊS_jan', 'MÊS_mar', 'MÊS_nov', 'MÊS_out', 'MÊS_set', 'ANO_2022', 'ANO_2015', 'ANO_2020', 'CAMPUS_ASSIS CHATEAUBRIAND', 'CAMPUS_ASTORGA', 'CAMPUS_BARRACÃO', 'CAMPUS_CAMPO LARGO', 'CAMPUS_FOZ DO IGUAÇU', 'CAMPUS_IVAIPORÃ', 'CAMPUS_JAGUARIAÍVA', 'CAMPUS_LONDRINA - CENTRO', 'CAMPUS_PARANAGUÁ', 'CAMPUS_PARANAVAÍ', 'CAMPUS_PINHAIS', 'CAMPUS_PITANGA', 'CAMPUS_QUEDAS DO IGUAÇU', 'CAMPUS_TELÊMACO BORBA', 'CURSOS_TEC_CONCOMITANTE', 'CURSOS_TEC_INTEGRADO', 'CURSOS_TEC_SUBSEQUENTE', 'CURSOS_GRAD_VESPERTINO', 'FÉRIAS', 'FERIADO', 'COVID', 'ORDEM', 'LAG_01', 'LAG_03', 'LAG_04', 'LAG_06', 'LAG_07', 'LAG_08', 'LAG_09', 'LAG_11', 'LAG_12');0.29104
('TEMP_MIN_MÉD_MENS', 'TEMP_MÉD_MAX_MENS', 'TEMP_MÉD_ACC_MENS', 'TEMP_MIN_MIN_MENS', 'TEMP_MIN_MAX_MENS', 'TEMP_MAX_MAX_MENS', 'TEMP_MAX_ACC_MENS', 'PRECIPITAÇÃO_MAX_MENS', 'DIA_DA_SEMANA_dom', 'DIA_DA_SEMANA_qui', 'DIA_DA_SEMANA_seg', 'DIA_DA_SEMANA_sex', 'DIA_DA_SEMANA_sáb', 'MÊS_abr', 'MÊS_jan', 'MÊS_jul', 'MÊS_mai', 'MÊS_mar', 'MÊS_set', 'ANO_2024', 'ANO_2015', 'ANO_2016', 'ANO_2017', 'CAMPUS_ASSIS CHATEAUBRIAND', 'CAMPUS_CAPANEMA', 'CAMPUS_CORONEL VIVIDA', 'CAMPUS_CURITIBA', 'CAMPUS_GOIOERÊ', 'CAMPUS_IRATI', 'CAMPUS_IVAIPORÃ', 'CAMPUS_JACAREZINHO', 'CAMPUS_JAGUARIAÍVA', 'CAMPUS_LONDRINA - CENTRO', 'CAMPUS_PALMAS', 'CAMPUS_PARANAGUÁ', 'CAMPUS_QUEDAS DO IGUAÇU', 'CAMPUS_TELÊMACO BORBA', 'CAMPUS_UMUARAMA', 'CAMPUS_UNIÃO DA VITÓRIA', 'CURSOS_TEC_CONCOMITANTE', 'CURSOS_TEC_INTEGRADO', 'CURSOS_TEC_SUBSEQUENTE', 'CURSOS_GRAD_VESPERTINO', 'CURSOS_GRAD_NOTURNO', 'CURSOS_POS', 'FÉRIAS', 'FERIADO', 'COVID', 'GREVE', 'ORDEM', 'LAG_01', 'LAG_02', 'LAG_03', 'LAG_05', 'LAG_08', 'LAG_09', 'LAG_10', 'LAG_11', 'LAG_12');0.29108
('TEMP_MIN_MÉD_MENS', 'TEMP_MÉD_MÉD_MENS', 'TEMP_MÉD_MAX_MENS', 'TEMP_MÉD_ACC_MENS', 'PRECIPITAÇÃO_MÉD_MENS', 'TEMP_MAX_MIN_MENS', 'PRECIPITAÇÃO_MIN_MENS', 'TEMP_MAX_MAX_MENS', 'DIA_DA_SEMANA_seg', 'DIA_DA_SEMANA_sex', 'DIA_DA_SEMANA_ter', 'MÊS_dez', 'MÊS_jul', 'MÊS_jun', 'MÊS_mai', 'MÊS_mar', 'MÊS_nov', 'ANO_2021', 'ANO_2022', 'ANO_2018', 'ANO_2020', 'CAMPUS_ASSIS CHATEAUBRIAND', 'CAMPUS_ASTORGA', 'CAMPUS_CASCAVEL', 'CAMPUS_CURITIBA', 'CAMPUS_GOIOERÊ', 'CAMPUS_JACAREZINHO', 'CAMPUS_JAGUARIAÍVA', 'CAMPUS_LONDRINA - CENTRO', 'CAMPUS_PALMAS', 'CAMPUS_PARANAGUÁ', 'CAMPUS_PARANAVAÍ', 'CAMPUS_PINHAIS', 'CAMPUS_QUEDAS DO IGUAÇU', 'CAMPUS_TELÊMACO BORBA', 'CAMPUS_UNIÃO DA VITÓRIA', 'CURSOS_TEC_CONCOMITANTE', 'CURSOS_GRAD_VESPERTINO', 'CURSOS_GRAD_NOTURNO', 'CURSOS_POS', 'FÉRIAS', 'COVID', 'GREVE', 'ORDEM', 'LAG_01', 'LAG_02', 'LAG_03', 'LAG_06', 'LAG_07', 'LAG_08', 'LAG_10', 'LAG_11', 'LAG_12');0.29109
('TEMP_MÉD_MAX_MENS', 'TEMP_MÉD_ACC_MENS', 'TEMP_MAX_MÉD_MENS', 'TEMP_MIN_MIN_MENS', 'TEMP_MIN_MAX_MENS', 'PRECIPITAÇÃO_MAX_MENS', 'PRECIPITAÇÃO_ACC_MENS', 'DIA_DA_SEMANA_dom', 'DIA_DA_SEMANA_qua', 'DIA_DA_SEMANA_qui', 'DIA_DA_SEMANA_sex', 'DIA_DA_SEMANA_sáb', 'DIA_DA_SEMANA_ter', 'MÊS_abr', 'MÊS_ago', 'MÊS_fev', 'MÊS_jul', 'MÊS_jun', 'MÊS_mai', 'MÊS_mar', 'MÊS_nov', 'MÊS_out', 'ANO_2023', 'ANO_2015', 'ANO_2016', 'ANO_2019', 'CAMPUS_ASSIS CHATEAUBRIAND', 'CAMPUS_ASTORGA', 'CAMPUS_BARRACÃO', 'CAMPUS_CAMPO LARGO', 'CAMPUS_CAPANEMA', 'CAMPUS_CURITIBA', 'CAMPUS_FOZ DO IGUAÇU', 'CAMPUS_JACAREZINHO', 'CAMPUS_LONDRINA - CENTRO', 'CAMPUS_PARANAGUÁ', 'CAMPUS_PINHAIS', 'CAMPUS_TELÊMACO BORBA', 'CAMPUS_UMUARAMA', 'CURSOS_TEC_CONCOMITANTE', 'CURSOS_TEC_INTEGRADO', 'CURSOS_TEC_SUBSEQUENTE', 'FÉRIAS', 'FERIADO', 'GREVE', 'LAG_01', 'LAG_02', 'LAG_05', 'LAG_06', 'LAG_09', 'LAG_10');0.2911
('TEMP_MIN_MÉD_MENS', 'TEMP_MÉD_MÉD_MENS', 'PRECIPITAÇÃO_MÉD_MENS', 'TEMP_MIN_MIN_MENS', 'TEMP_MIN_MAX_MENS', 'TEMP_MIN_ACC_MENS', 'PRECIPITAÇÃO_MIN_MENS', 'DIA_DA_SEMANA_qua', 'DIA_DA_SEMANA_seg', 'DIA_DA_SEMANA_sáb', 'MÊS_fev', 'MÊS_jul', 'MÊS_jun', 'MÊS_mar', 'MÊS_out', 'MÊS_set', 'ANO_2022', 'ANO_2023', 'ANO_2016', 'ANO_2017', 'ANO_2018', 'CAMPUS_ASSIS CHATEAUBRIAND', 'CAMPUS_BARRACÃO', 'CAMPUS_CASCAVEL', 'CAMPUS_CURITIBA', 'CAMPUS_GOIOERÊ', 'CAMPUS_IRATI', 'CAMPUS_JAGUARIAÍVA', 'CAMPUS_LONDRINA - CENTRO', 'CAMPUS_PARANAGUÁ', 'CAMPUS_PARANAVAÍ', 'CAMPUS_PINHAIS', 'CAMPUS_QUEDAS DO IGUAÇU', 'CAMPUS_UMUARAMA', 'CURSOS_TEC_CONCOMITANTE', 'CURSOS_TEC_INTEGRADO', 'CURSOS_TEC_SUBSEQUENTE', 'CURSOS_GRAD_MATUTINO', 'CURSOS_GRAD_VESPERTINO', 'CURSOS_POS', 'FÉRIAS', 'GREVE', 'LAG_01', 'LAG_04', 'LAG_05', 'LAG_06', 'LAG_07', 'LAG_09', 'LAG_10');0.29125
('TEMP_MIN_MÉD_MENS', 'TEMP_MÉD_MIN_MENS', 'TEMP_MÉD_MÉD_MENS', 'TEMP_MÉD_ACC_MENS', 'TEMP_MAX_MAX_MENS', 'PRECIPITAÇÃO_MAX_MENS', 'DIA_DA_SEMANA_qua', 'DIA_DA_SEMANA_qui', 'DIA_DA_SEMANA_sex', 'DIA_DA_SEMANA_ter', 'MÊS_abr', 'MÊS_fev', 'MÊS_jan', 'MÊS_jul', 'MÊS_mai', 'MÊS_mar', 'MÊS_out', 'MÊS_set', 'ANO_2021', 'ANO_2023', 'ANO_2015', 'ANO_2016', 'ANO_2018', 'ANO_2019', 'CAMPUS_ASTORGA', 'CAMPUS_CAMPO LARGO', 'CAMPUS_CORONEL VIVIDA', 'CAMPUS_CURITIBA', 'CAMPUS_FOZ DO IGUAÇU', 'CAMPUS_GOIOERÊ', 'CAMPUS_IRATI', 'CAMPUS_JAGUARIAÍVA', 'CAMPUS_PALMAS', 'CAMPUS_PARANAGUÁ', 'CAMPUS_PARANAVAÍ', 'CAMPUS_PINHAIS', 'CAMPUS_PITANGA', 'CAMPUS_QUEDAS DO IGUAÇU', 'CAMPUS_TELÊMACO BORBA', 'CAMPUS_UMUARAMA', 'CURSOS_TEC_CONCOMITANTE', 'CURSOS_GRAD_VESPERTINO', 'CURSOS_GRAD_NOTURNO', 'CURSOS_POS', 'FÉRIAS', 'COVID', 'GREVE', 'ORDEM', 'LAG_02', 'LAG_03', 'LAG_04', 'LAG_05', 'LAG_06', 'LAG_07', 'LAG_08', 'LAG_09', 'LAG_10', 'LAG_11');0.29127
('TEMP_MIN_MÉD_MENS', 'TEMP_MÉD_MIN_MENS', 'TEMP_MÉD_ACC_MENS', 'PRECIPITAÇÃO_MÉD_MENS', 'TEMP_MIN_MIN_MENS', 'TEMP_MIN_ACC_MENS', 'PRECIPITAÇÃO_MIN_MENS', 'TEMP_MAX_MAX_MENS', 'PRECIPITAÇÃO_MAX_MENS', 'PRECIPITAÇÃO_ACC_MENS', 'DIA_DA_SEMANA_dom', 'DIA_DA_SEMANA_qua', 'DIA_DA_SEMANA_seg', 'DIA_DA_SEMANA_sex', 'DIA_DA_SEMANA_sáb', 'MÊS_abr', 'MÊS_dez', 'MÊS_fev', 'MÊS_jun', 'MÊS_mai', 'MÊS_mar', 'MÊS_nov', 'ANO_2021', 'ANO_2023', 'ANO_2024', 'ANO_2017', 'ANO_2018', 'ANO_2019', 'CAMPUS_CAMPO LARGO', 'CAMPUS_CAPANEMA', 'CAMPUS_CASCAVEL', 'CAMPUS_CURITIBA', 'CAMPUS_GOIOERÊ', 'CAMPUS_IRATI', 'CAMPUS_IVAIPORÃ', 'CAMPUS_JACAREZINHO', 'CAMPUS_LONDRINA - CENTRO', 'CAMPUS_PALMAS', 'CAMPUS_PARANAGUÁ', 'CAMPUS_PARANAVAÍ', 'CAMPUS_PINHAIS', 'CAMPUS_QUEDAS DO IGUAÇU', 'CAMPUS_TELÊMACO BORBA', 'CAMPUS_UNIÃO DA VITÓRIA', 'CURSOS_TEC_CONCOMITANTE', 'CURSOS_GRAD_MATUTINO', 'CURSOS_GRAD_VESPERTINO', 'CURSOS_GRAD_NOTURNO', 'FERIADO', 'COVID', 'GREVE', 'LAG_01', 'LAG_02', 'LAG_04', 'LAG_06', 'LAG_07', 'LAG_10');0.29127
('TEMP_MIN_MÉD_MENS', 'TEMP_MÉD_MAX_MENS', 'TEMP_MÉD_ACC_MENS', 'TEMP_MAX_MIN_MENS', 'TEMP_MAX_MAX_MENS', 'PRECIPITAÇÃO_MAX_MENS', 'PRECIPITAÇÃO_ACC_MENS', 'DIA_DA_SEMANA_sex', 'MÊS_abr', 'MÊS_ago', 'MÊS_dez', 'MÊS_fev', 'MÊS_jan', 'MÊS_mai', 'MÊS_nov', 'ANO_2021', 'ANO_2023', 'ANO_2015', 'ANO_2016', 'ANO_2017', 'ANO_2018', 'CAMPUS_BARRACÃO', 'CAMPUS_CAPANEMA', 'CAMPUS_CASCAVEL', 'CAMPUS_FOZ DO IGUAÇU', 'CAMPUS_GOIOERÊ', 'CAMPUS_IRATI', 'CAMPUS_JACAREZINHO', 'CAMPUS_JAGUARIAÍVA', 'CAMPUS_PALMAS', 'CAMPUS_PARANAVAÍ', 'CAMPUS_PITANGA', 'CAMPUS_TELÊMACO BORBA', 'CAMPUS_UNIÃO DA VITÓRIA', 'CURSOS_TEC_SUBSEQUENTE', 'CURSOS_GRAD_VESPERTINO', 'CURSOS_POS', 'FÉRIAS', 'COVID', 'GREVE', 'ORDEM', 'LAG_01', 'LAG_02', 'LAG_05', 'LAG_06', 'LAG_07', 'LAG_08', 'LAG_09', 'LAG_10', 'LAG_11', 'LAG_12');0.29128
('TEMP_MIN_MÉD_MENS', 'TEMP_MÉD_MIN_MENS', 'TEMP_MÉD_MAX_MENS', 'TEMP_MAX_MÉD_MENS', 'PRECIPITAÇÃO_MÉD_MENS', 'TEMP_MIN_MIN_MENS', 'TEMP_MIN_ACC_MENS', 'PRECIPITAÇÃO_MIN_MENS', 'TEMP_MAX_ACC_MENS', 'PRECIPITAÇÃO_ACC_MENS', 'DIA_DA_SEMANA_ter', 'MÊS_abr', 'MÊS_dez', 'MÊS_fev', 'MÊS_jan', 'MÊS_jul', 'MÊS_jun', 'MÊS_mai', 'MÊS_nov', 'MÊS_out', 'MÊS_set', 'ANO_2021', 'ANO_2024', 'ANO_2015', 'ANO_2016', 'ANO_2017', 'CAMPUS_ASSIS CHATEAUBRIAND', 'CAMPUS_CAMPO LARGO', 'CAMPUS_CAPANEMA', 'CAMPUS_CASCAVEL', 'CAMPUS_CORONEL VIVIDA', 'CAMPUS_FOZ DO IGUAÇU', 'CAMPUS_IRATI', 'CAMPUS_IVAIPORÃ', 'CAMPUS_JACAREZINHO', 'CAMPUS_LONDRINA - CENTRO', 'CAMPUS_PALMAS', 'CAMPUS_PARANAGUÁ', 'CAMPUS_PARANAVAÍ', 'CAMPUS_PINHAIS', 'CAMPUS_TELÊMACO BORBA', 'CAMPUS_UNIÃO DA VITÓRIA', 'CURSOS_TEC_CONCOMITANTE', 'CURSOS_TEC_INTEGRADO', 'CURSOS_TEC_SUBSEQUENTE', 'CURSOS_GRAD_MATUTINO', 'CURSOS_GRAD_VESPERTINO', 'CURSOS_POS', 'FÉRIAS', 'ORDEM', 'LAG_02', 'LAG_03', 'LAG_04', 'LAG_06', 'LAG_07', 'LAG_09', 'LAG_11', 'LAG_12');0.29129
('TEMP_MÉD_MIN_MENS', 'TEMP_MÉD_MÉD_MENS', 'TEMP_MÉD_MAX_MENS', 'TEMP_MÉD_ACC_MENS', 'TEMP_MAX_MÉD_MENS', 'TEMP_MIN_MIN_MENS', 'TEMP_MIN_MAX_MENS', 'TEMP_MIN_ACC_MENS', 'TEMP_MAX_MIN_MENS', 'PRECIPITAÇÃO_MIN_MENS', 'TEMP_MAX_MAX_MENS', 'PRECIPITAÇÃO_ACC_MENS', 'DIA_DA_SEMANA_dom', 'DIA_DA_SEMANA_seg', 'DIA_DA_SEMANA_sex', 'DIA_DA_SEMANA_sáb', 'DIA_DA_SEMANA_ter', 'MÊS_ago', 'MÊS_jul', 'MÊS_jun', 'MÊS_mai', 'MÊS_mar', 'MÊS_nov', 'MÊS_set', 'ANO_2021', 'ANO_2023', 'ANO_2024', 'ANO_2015', 'ANO_2017', 'ANO_2018', 'ANO_2019', 'CAMPUS_CAPANEMA', 'CAMPUS_CASCAVEL', 'CAMPUS_CURITIBA', 'CAMPUS_IVAIPORÃ', 'CAMPUS_JACAREZINHO', 'CAMPUS_JAGUARIAÍVA', 'CAMPUS_LONDRINA - CENTRO', 'CAMPUS_PALMAS', 'CAMPUS_PARANAGUÁ', 'CAMPUS_PARANAVAÍ', 'CAMPUS_PITANGA', 'CAMPUS_QUEDAS DO IGUAÇU', 'CAMPUS_UMUARAMA', 'CURSOS_TEC_CONCOMITANTE', 'CURSOS_TEC_INTEGRADO', 'CURSOS_TEC_SUBSEQUENTE', 'CURSOS_GRAD_MATUTINO', 'CURSOS_POS', 'FÉRIAS', 'FERIADO', 'COVID', 'GREVE', 'LAG_01', 'LAG_03', 'LAG_04', 'LAG_05', 'LAG_07', 'LAG_08', 'LAG_10', 'LAG_12');0.2913
('TEMP_MÉD_MIN_MENS', 'TEMP_MÉD_MAX_MENS', 'TEMP_MÉD_ACC_MENS', 'TEMP_MIN_MIN_MENS', 'TEMP_MIN_MAX_MENS', 'TEMP_MIN_ACC_MENS', 'PRECIPITAÇÃO_MIN_MENS', 'TEMP_MAX_MAX_MENS', 'TEMP_MAX_ACC_MENS', 'PRECIPITAÇÃO_MAX_MENS', 'PRECIPITAÇÃO_ACC_MENS', 'DIA_DA_SEMANA_qua', 'DIA_DA_SEMANA_seg', 'DIA_DA_SEMANA_sex', 'DIA_DA_SEMANA_sáb', 'DIA_DA_SEMANA_ter', 'MÊS_abr', 'MÊS_fev', 'MÊS_jan', 'MÊS_jun', 'MÊS_mai', 'MÊS_mar', 'MÊS_out', 'MÊS_set', 'ANO_2021', 'ANO_2022', 'ANO_2023', 'ANO_2024', 'ANO_2015', 'ANO_2016', 'ANO_2017', 'ANO_2018', 'ANO_2020', 'CAMPUS_ASSIS CHATEAUBRIAND', 'CAMPUS_BARRACÃO', 'CAMPUS_CAMPO LARGO', 'CAMPUS_CAPANEMA', 'CAMPUS_CORONEL VIVIDA', 'CAMPUS_CURITIBA', 'CAMPUS_FOZ DO IGUAÇU', 'CAMPUS_PARANAGUÁ', 'CAMPUS_PINHAIS', 'CAMPUS_PITANGA', 'CAMPUS_QUEDAS DO IGUAÇU', 'CAMPUS_TELÊMACO BORBA', 'CAMPUS_UMUARAMA', 'CAMPUS_UNIÃO DA VITÓRIA', 'CURSOS_TEC_CONCOMITANTE', 'CURSOS_TEC_INTEGRADO', 'CURSOS_TEC_SUBSEQUENTE', 'CURSOS_GRAD_NOTURNO', 'CURSOS_POS', 'FÉRIAS', 'COVID', 'ORDEM', 'LAG_01', 'LAG_05', 'LAG_06', 'LAG_08', 'LAG_09', 'LAG_11', 'LAG_12');0.29131
('TEMP_MIN_MÉD_MENS', 'TEMP_MÉD_MIN_MENS', 'TEMP_MÉD_MAX_MENS', 'TEMP_MÉD_ACC_MENS', 'TEMP_MAX_MÉD_MENS', 'TEMP_MIN_MIN_MENS', 'TEMP_MAX_MIN_MENS', 'PRECIPITAÇÃO_MIN_MENS', 'TEMP_MAX_ACC_MENS', 'PRECIPITAÇÃO_MAX_MENS', 'PRECIPITAÇÃO_ACC_MENS', 'DIA_DA_SEMANA_dom', 'DIA_DA_SEMANA_qua', 'DIA_DA_SEMANA_qui', 'DIA_DA_SEMANA_seg', 'MÊS_abr', 'MÊS_ago', 'MÊS_dez', 'MÊS_fev', 'MÊS_jul', 'MÊS_jun', 'MÊS_mar', 'MÊS_out', 'ANO_2021', 'ANO_2022', 'ANO_2016', 'ANO_2017', 'ANO_2019', 'ANO_2020', 'CAMPUS_ASSIS CHATEAUBRIAND', 'CAMPUS_ASTORGA', 'CAMPUS_CAMPO LARGO', 'CAMPUS_CAPANEMA', 'CAMPUS_CASCAVEL', 'CAMPUS_FOZ DO IGUAÇU', 'CAMPUS_GOIOERÊ', 'CAMPUS_IRATI', 'CAMPUS_IVAIPORÃ', 'CAMPUS_LONDRINA - CENTRO', 'CAMPUS_PARANAGUÁ', 'CAMPUS_PARANAVAÍ', 'CAMPUS_PINHAIS', 'CAMPUS_PITANGA', 'CAMPUS_QUEDAS DO IGUAÇU', 'CAMPUS_TELÊMACO BORBA', 'CURSOS_TEC_INTEGRADO', 'CURSOS_TEC_SUBSEQUENTE', 'CURSOS_GRAD_MATUTINO', 'CURSOS_GRAD_NOTURNO', 'FERIADO', 'COVID', 'ORDEM', 'LAG_01', 'LAG_02', 'LAG_03', 'LAG_04', 'LAG_05', 'LAG_06', 'LAG_08', 'LAG_09', 'LAG_11');0.29132
('TEMP_MIN_MÉD_MENS', 'TEMP_MÉD_MAX_MENS', 'TEMP_MÉD_ACC_MENS', 'TEMP_MAX_MÉD_MENS', 'TEMP_MIN_MAX_MENS', 'TEMP_MAX_MIN_MENS', 'PRECIPITAÇÃO_MIN_MENS', 'DIA_DA_SEMANA_dom', 'DIA_DA_SEMANA_qua', 'DIA_DA_SEMANA_qui', 'DIA_DA_SEMANA_seg', 'DIA_DA_SEMANA_ter', 'MÊS_ago', 'MÊS_dez', 'MÊS_jan', 'MÊS_mar', 'MÊS_out', 'ANO_2022', 'ANO_2015', 'ANO_2016', 'ANO_2017', 'ANO_2019', 'ANO_2020', 'CAMPUS_ASSIS CHATEAUBRIAND', 'CAMPUS_BARRACÃO', 'CAMPUS_CAMPO LARGO', 'CAMPUS_CAPANEMA', 'CAMPUS_CASCAVEL', 'CAMPUS_CURITIBA', 'CAMPUS_GOIOERÊ', 'CAMPUS_IRATI', 'CAMPUS_IVAIPORÃ', 'CAMPUS_JACAREZINHO', 'CAMPUS_JAGUARIAÍVA', 'CAMPUS_PARANAVAÍ', 'CAMPUS_PINHAIS', 'CAMPUS_QUEDAS DO IGUAÇU', 'CAMPUS_TELÊMACO BORBA', 'CAMPUS_UNIÃO DA VITÓRIA', 'CURSOS_TEC_CONCOMITANTE', 'CURSOS_TEC_INTEGRADO', 'CURSOS_TEC_SUBSEQUENTE', 'CURSOS_POS', 'FÉRIAS', 'FERIADO', 'COVID', 'GREVE', 'ORDEM', 'LAG_01', 'LAG_02', 'LAG_04', 'LAG_08', 'LAG_10', 'LAG_12');0.29135
('TEMP_MIN_MÉD_MENS', 'TEMP_MÉD_MÉD_MENS', 'TEMP_MÉD_MAX_MENS', 'TEMP_MÉD_ACC_MENS', 'PRECIPITAÇÃO_MÉD_MENS', 'TEMP_MIN_MAX_MENS', 'TEMP_MIN_ACC_MENS', 'TEMP_MAX_MIN_MENS', 'PRECIPITAÇÃO_MIN_MENS', 'TEMP_MAX_ACC_MENS', 'DIA_DA_SEMANA_qui', 'DIA_DA_SEMANA_seg', 'DIA_DA_SEMANA_ter', 'MÊS_abr', 'MÊS_ago', 'MÊS_jul', 'MÊS_out', 'ANO_2021', 'ANO_2022', 'ANO_2015', 'ANO_2016', 'ANO_2017', 'ANO_2019', 'ANO_2020', 'CAMPUS_ASSIS CHATEAUBRIAND', 'CAMPUS_FOZ DO IGUAÇU', 'CAMPUS_IRATI', 'CAMPUS_IVAIPORÃ', 'CAMPUS_PARANAVAÍ', 'CAMPUS_PINHAIS', 'CAMPUS_PITANGA', 'CAMPUS_TELÊMACO BORBA', 'CAMPUS_UMUARAMA', 'CURSOS_TEC_INTEGRADO', 'CURSOS_TEC_SUBSEQUENTE', 'CURSOS_GRAD_VESPERTINO', 'FÉRIAS', 'FERIADO', 'COVID', 'GREVE', 'LAG_01', 'LAG_02', 'LAG_04', 'LAG_05', 'LAG_06', 'LAG_07', 'LAG_10', 'LAG_12');0.29135
('TEMP_MÉD_MIN_MENS', 'TEMP_MÉD_MAX_MENS', 'TEMP_MÉD_ACC_MENS', 'PRECIPITAÇÃO_MÉD_MENS', 'TEMP_MIN_MIN_MENS', 'TEMP_MIN_ACC_MENS', 'TEMP_MAX_MIN_MENS', 'PRECIPITAÇÃO_MIN_MENS', 'TEMP_MAX_MAX_MENS', 'PRECIPITAÇÃO_MAX_MENS', 'PRECIPITAÇÃO_ACC_MENS', 'DIA_DA_SEMANA_dom', 'DIA_DA_SEMANA_seg', 'DIA_DA_SEMANA_sex', 'DIA_DA_SEMANA_ter', 'MÊS_abr', 'MÊS_ago', 'MÊS_fev', 'MÊS_jan', 'MÊS_jul', 'MÊS_mai', 'MÊS_nov', 'MÊS_out', 'MÊS_set', 'ANO_2021', 'ANO_2022', 'ANO_2023', 'ANO_2024', 'ANO_2015', 'ANO_2016', 'ANO_2017', 'ANO_2018', 'CAMPUS_ASSIS CHATEAUBRIAND', 'CAMPUS_ASTORGA', 'CAMPUS_BARRACÃO', 'CAMPUS_CAMPO LARGO', 'CAMPUS_CAPANEMA', 'CAMPUS_CASCAVEL', 'CAMPUS_CORONEL VIVIDA', 'CAMPUS_FOZ DO IGUAÇU', 'CAMPUS_IRATI', 'CAMPUS_IVAIPORÃ', 'CAMPUS_LONDRINA - CENTRO', 'CAMPUS_PARANAVAÍ', 'CAMPUS_PITANGA', 'CAMPUS_QUEDAS DO IGUAÇU', 'CAMPUS_TELÊMACO BORBA', 'CAMPUS_UMUARAMA', 'CAMPUS_UNIÃO DA VITÓRIA', 'CURSOS_TEC_INTEGRADO', 'CURSOS_GRAD_MATUTINO', 'FERIADO', 'COVID', 'GREVE', 'ORDEM', 'LAG_04', 'LAG_06', 'LAG_07', 'LAG_08', 'LAG_09', 'LAG_11', 'LAG_12');0.29137
('TEMP_MIN_MÉD_MENS', 'TEMP_MÉD_ACC_MENS', 'TEMP_MAX_MÉD_MENS', 'PRECIPITAÇÃO_MÉD_MENS', 'TEMP_MIN_MIN_MENS', 'TEMP_MIN_MAX_MENS', 'TEMP_MIN_ACC_MENS', 'PRECIPITAÇÃO_ACC_MENS', 'DIA_DA_SEMANA_dom', 'DIA_DA_SEMANA_qua', 'DIA_DA_SEMANA_qui', 'DIA_DA_SEMANA_sex', 'DIA_DA_SEMANA_ter', 'MÊS_abr', 'MÊS_dez', 'MÊS_mai', 'MÊS_mar', 'MÊS_nov', 'ANO_2022', 'ANO_2023', 'ANO_2015', 'ANO_2017', 'ANO_2018', 'ANO_2020', 'CAMPUS_ASSIS CHATEAUBRIAND', 'CAMPUS_CAPANEMA', 'CAMPUS_CASCAVEL', 'CAMPUS_CORONEL VIVIDA', 'CAMPUS_CURITIBA', 'CAMPUS_FOZ DO IGUAÇU', 'CAMPUS_IRATI', 'CAMPUS_JAGUARIAÍVA', 'CAMPUS_PARANAGUÁ', 'CAMPUS_PITANGA', 'CAMPUS_QUEDAS DO IGUAÇU', 'CAMPUS_TELÊMACO BORBA', 'CURSOS_TEC_CONCOMITANTE', 'CURSOS_TEC_INTEGRADO', 'CURSOS_TEC_SUBSEQUENTE', 'CURSOS_GRAD_MATUTINO', 'CURSOS_GRAD_VESPERTINO', 'CURSOS_GRAD_NOTURNO', 'FÉRIAS', 'ORDEM', 'LAG_01', 'LAG_03', 'LAG_06', 'LAG_07', 'LAG_09', 'LAG_10');0.29137
('TEMP_MÉD_MÉD_MENS', 'TEMP_MÉD_MAX_MENS', 'TEMP_MAX_MÉD_MENS', 'PRECIPITAÇÃO_MÉD_MENS', 'TEMP_MIN_MIN_MENS', 'TEMP_MIN_MAX_MENS', 'TEMP_MIN_ACC_MENS', 'TEMP_MAX_MIN_MENS', 'PRECIPITAÇÃO_MIN_MENS', 'DIA_DA_SEMANA_dom', 'DIA_DA_SEMANA_qua', 'MÊS_abr', 'MÊS_dez', 'MÊS_fev', 'MÊS_jan', 'MÊS_jul', 'MÊS_jun', 'MÊS_mai', 'MÊS_mar', 'MÊS_nov', 'MÊS_out', 'MÊS_set', 'ANO_2015', 'ANO_2016', 'ANO_2018', 'ANO_2019', 'CAMPUS_ASSIS CHATEAUBRIAND', 'CAMPUS_ASTORGA', 'CAMPUS_CAMPO LARGO', 'CAMPUS_CAPANEMA', 'CAMPUS_CORONEL VIVIDA', 'CAMPUS_CURITIBA', 'CAMPUS_FOZ DO IGUAÇU', 'CAMPUS_IRATI', 'CAMPUS_IVAIPORÃ', 'CAMPUS_JACAREZINHO', 'CAMPUS_JAGUARIAÍVA', 'CAMPUS_LONDRINA - CENTRO', 'CAMPUS_PARANAGUÁ', 'CAMPUS_PARANAVAÍ', 'CAMPUS_PINHAIS', 'CAMPUS_PITANGA', 'CAMPUS_QUEDAS DO IGUAÇU', 'CAMPUS_TELÊMACO BORBA', 'CURSOS_TEC_CONCOMITANTE', 'CURSOS_TEC_INTEGRADO', 'CURSOS_TEC_SUBSEQUENTE', 'CURSOS_GRAD_VESPERTINO', 'CURSOS_POS', 'GREVE', 'ORDEM', 'LAG_04', 'LAG_06', 'LAG_08', 'LAG_09', 'LAG_11', 'LAG_12');0.2914
('TEMP_MIN_MÉD_MENS', 'TEMP_MÉD_MAX_MENS', 'TEMP_MÉD_ACC_MENS', 'TEMP_MAX_MÉD_MENS', 'TEMP_MIN_MAX_MENS', 'TEMP_MAX_MIN_MENS', 'TEMP_MAX_MAX_MENS', 'PRECIPITAÇÃO_MAX_MENS', 'DIA_DA_SEMANA_dom', 'DIA_DA_SEMANA_qui', 'DIA_DA_SEMANA_sáb', 'DIA_DA_SEMANA_ter', 'MÊS_abr', 'MÊS_dez', 'MÊS_fev', 'MÊS_jan', 'MÊS_jun', 'MÊS_mai', 'MÊS_mar', 'MÊS_out', 'MÊS_set', 'ANO_2021', 'ANO_2022', 'ANO_2023', 'ANO_2018', 'ANO_2019', 'CAMPUS_ASTORGA', 'CAMPUS_BARRACÃO', 'CAMPUS_CAPANEMA', 'CAMPUS_CASCAVEL', 'CAMPUS_CORONEL VIVIDA', 'CAMPUS_CURITIBA', 'CAMPUS_FOZ DO IGUAÇU', 'CAMPUS_GOIOERÊ', 'CAMPUS_JACAREZINHO', 'CAMPUS_LONDRINA - CENTRO', 'CAMPUS_PALMAS', 'CAMPUS_PARANAGUÁ', 'CAMPUS_PARANAVAÍ', 'CAMPUS_TELÊMACO BORBA', 'CAMPUS_UNIÃO DA VITÓRIA', 'CURSOS_TEC_CONCOMITANTE', 'CURSOS_TEC_SUBSEQUENTE', 'CURSOS_GRAD_MATUTINO', 'CURSOS_GRAD_VESPERTINO', 'CURSOS_GRAD_NOTURNO', 'CURSOS_POS', 'FÉRIAS', 'GREVE', 'LAG_01', 'LAG_02', 'LAG_03', 'LAG_04', 'LAG_05', 'LAG_06', 'LAG_07', 'LAG_08', 'LAG_11');0.29141
('TEMP_MIN_MÉD_MENS', 'TEMP_MÉD_MIN_MENS', 'TEMP_MÉD_MÉD_MENS', 'TEMP_MÉD_MAX_MENS', 'TEMP_MÉD_ACC_MENS', 'TEMP_MAX_MÉD_MENS', 'PRECIPITAÇÃO_MÉD_MENS', 'TEMP_MIN_MAX_MENS', 'TEMP_MAX_MIN_MENS', 'PRECIPITAÇÃO_MIN_MENS', 'TEMP_MAX_MAX_MENS', 'TEMP_MAX_ACC_MENS', 'PRECIPITAÇÃO_MAX_MENS', 'DIA_DA_SEMANA_dom', 'DIA_DA_SEMANA_qui', 'DIA_DA_SEMANA_sex', 'MÊS_abr', 'MÊS_dez', 'MÊS_fev', 'MÊS_jul', 'MÊS_mai', 'MÊS_mar', 'MÊS_nov', 'MÊS_out', 'MÊS_set', 'ANO_2021', 'ANO_2022', 'ANO_2015', 'ANO_2016', 'ANO_2018', 'ANO_2019', 'ANO_2020', 'CAMPUS_ASSIS CHATEAUBRIAND', 'CAMPUS_ASTORGA', 'CAMPUS_BARRACÃO', 'CAMPUS_CAMPO LARGO', 'CAMPUS_CASCAVEL', 'CAMPUS_CORONEL VIVIDA', 'CAMPUS_CURITIBA', 'CAMPUS_FOZ DO IGUAÇU', 'CAMPUS_IRATI', 'CAMPUS_JACAREZINHO', 'CAMPUS_JAGUARIAÍVA', 'CAMPUS_PALMAS', 'CAMPUS_PARANAGUÁ', 'CAMPUS_PITANGA', 'CAMPUS_QUEDAS DO IGUAÇU', 'CAMPUS_UNIÃO DA VITÓRIA', 'CURSOS_TEC_CONCOMITANTE', 'CURSOS_GRAD_VESPERTINO', 'FÉRIAS', 'FERIADO', 'COVID', 'GREVE', 'ORDEM', 'LAG_01', 'LAG_03', 'LAG_05', 'LAG_07', 'LAG_08', 'LAG_09', 'LAG_12');0.29141
('TEMP_MÉD_MÉD_MENS', 'TEMP_MÉD_MAX_MENS', 'TEMP_MÉD_ACC_MENS', 'PRECIPITAÇÃO_MÉD_MENS', 'TEMP_MIN_MIN_MENS', 'TEMP_MIN_ACC_MENS', 'TEMP_MAX_MIN_MENS', 'PRECIPITAÇÃO_MIN_MENS', 'DIA_DA_SEMANA_dom', 'DIA_DA_SEMANA_seg', 'DIA_DA_SEMANA_sex', 'DIA_DA_SEMANA_sáb', 'MÊS_abr', 'MÊS_dez', 'MÊS_fev', 'MÊS_jan', 'MÊS_jul', 'MÊS_jun', 'MÊS_mar', 'MÊS_set', 'ANO_2022', 'ANO_2024', 'ANO_2015', 'ANO_2016', 'ANO_2020', 'CAMPUS_CAMPO LARGO', 'CAMPUS_CASCAVEL', 'CAMPUS_CURITIBA', 'CAMPUS_IRATI', 'CAMPUS_IVAIPORÃ', 'CAMPUS_JAGUARIAÍVA', 'CAMPUS_LONDRINA - CENTRO', 'CAMPUS_PALMAS', 'CAMPUS_PARANAVAÍ', 'CAMPUS_PINHAIS', 'CAMPUS_PITANGA', 'CAMPUS_QUEDAS DO IGUAÇU', 'CAMPUS_TELÊMACO BORBA', 'CAMPUS_UMUARAMA', 'CAMPUS_UNIÃO DA VITÓRIA', 'CURSOS_TEC_INTEGRADO', 'CURSOS_TEC_SUBSEQUENTE', 'CURSOS_GRAD_MATUTINO', 'CURSOS_GRAD_VESPERTINO', 'FÉRIAS', 'ORDEM', 'LAG_01', 'LAG_02', 'LAG_03', 'LAG_06', 'LAG_07', 'LAG_09');0.29145
('TEMP_MIN_MÉD_MENS', 'TEMP_MÉD_MIN_MENS', 'TEMP_MÉD_MAX_MENS', 'TEMP_MIN_MIN_MENS', 'TEMP_MIN_MAX_MENS', 'TEMP_MIN_ACC_MENS', 'PRECIPITAÇÃO_ACC_MENS', 'DIA_DA_SEMANA_dom', 'DIA_DA_SEMANA_qui', 'MÊS_abr', 'MÊS_jan', 'MÊS_jul', 'MÊS_jun', 'MÊS_mar', 'MÊS_out', 'MÊS_set', 'ANO_2021', 'ANO_2023', 'ANO_2024', 'ANO_2015', 'ANO_2016', 'ANO_2018', 'ANO_2020', 'CAMPUS_BARRACÃO', 'CAMPUS_CAPANEMA', 'CAMPUS_CASCAVEL', 'CAMPUS_CURITIBA', 'CAMPUS_IRATI', 'CAMPUS_JAGUARIAÍVA', 'CAMPUS_LONDRINA - CENTRO', 'CAMPUS_PALMAS', 'CAMPUS_PARANAGUÁ', 'CAMPUS_PINHAIS', 'CAMPUS_QUEDAS DO IGUAÇU', 'CAMPUS_UMUARAMA', 'CAMPUS_UNIÃO DA VITÓRIA', 'CURSOS_TEC_INTEGRADO', 'CURSOS_GRAD_MATUTINO', 'CURSOS_GRAD_VESPERTINO', 'CURSOS_POS', 'FÉRIAS', 'FERIADO', 'ORDEM', 'LAG_01', 'LAG_02', 'LAG_04', 'LAG_06', 'LAG_07', 'LAG_08', 'LAG_09', 'LAG_10', 'LAG_11');0.29147
('TEMP_MIN_MÉD_MENS', 'TEMP_MÉD_MAX_MENS', 'TEMP_MAX_MÉD_MENS', 'PRECIPITAÇÃO_MÉD_MENS', 'TEMP_MIN_MAX_MENS', 'TEMP_MAX_MIN_MENS', 'TEMP_MAX_ACC_MENS', 'PRECIPITAÇÃO_MAX_MENS', 'PRECIPITAÇÃO_ACC_MENS', 'DIA_DA_SEMANA_dom', 'DIA_DA_SEMANA_qua', 'DIA_DA_SEMANA_seg', 'DIA_DA_SEMANA_sex', 'MÊS_abr', 'MÊS_dez', 'MÊS_fev', 'MÊS_nov', 'MÊS_set', 'ANO_2023', 'ANO_2024', 'ANO_2016', 'ANO_2017', 'CAMPUS_ASSIS CHATEAUBRIAND', 'CAMPUS_BARRACÃO', 'CAMPUS_CAMPO LARGO', 'CAMPUS_CASCAVEL', 'CAMPUS_CORONEL VIVIDA', 'CAMPUS_CURITIBA', 'CAMPUS_FOZ DO IGUAÇU', 'CAMPUS_IRATI', 'CAMPUS_JACAREZINHO', 'CAMPUS_LONDRINA - CENTRO', 'CAMPUS_PARANAGUÁ', 'CAMPUS_PARANAVAÍ', 'CAMPUS_QUEDAS DO IGUAÇU', 'CAMPUS_TELÊMACO BORBA', 'CAMPUS_UMUARAMA', 'CAMPUS_UNIÃO DA VITÓRIA', 'CURSOS_TEC_SUBSEQUENTE', 'CURSOS_GRAD_MATUTINO', 'CURSOS_GRAD_VESPERTINO', 'FÉRIAS', 'LAG_02', 'LAG_04', 'LAG_05', 'LAG_06', 'LAG_10', 'LAG_11', 'LAG_12');0.29148
('TEMP_MIN_MÉD_MENS', 'TEMP_MÉD_MIN_MENS', 'TEMP_MÉD_MÉD_MENS', 'TEMP_MÉD_MAX_MENS', 'TEMP_MÉD_ACC_MENS', 'TEMP_MIN_MIN_MENS', 'TEMP_MIN_ACC_MENS', 'TEMP_MAX_MIN_MENS', 'TEMP_MAX_MAX_MENS', 'PRECIPITAÇÃO_ACC_MENS', 'DIA_DA_SEMANA_qua', 'DIA_DA_SEMANA_seg', 'DIA_DA_SEMANA_sex', 'DIA_DA_SEMANA_sáb', 'DIA_DA_SEMANA_ter', 'MÊS_abr', 'MÊS_dez', 'MÊS_fev', 'MÊS_jan', 'MÊS_jul', 'MÊS_mar', 'MÊS_out', 'MÊS_set', 'ANO_2021', 'ANO_2023', 'ANO_2024', 'ANO_2015', 'ANO_2016', 'ANO_2017', 'ANO_2018', 'ANO_2019', 'CAMPUS_ASSIS CHATEAUBRIAND', 'CAMPUS_ASTORGA', 'CAMPUS_BARRACÃO', 'CAMPUS_CAMPO LARGO', 'CAMPUS_CAPANEMA', 'CAMPUS_CASCAVEL', 'CAMPUS_CORONEL VIVIDA', 'CAMPUS_GOIOERÊ', 'CAMPUS_IRATI', 'CAMPUS_IVAIPORÃ', 'CAMPUS_JACAREZINHO', 'CAMPUS_PALMAS', 'CAMPUS_PARANAGUÁ', 'CAMPUS_PARANAVAÍ', 'CAMPUS_PINHAIS', 'CAMPUS_PITANGA', 'CAMPUS_QUEDAS DO IGUAÇU', 'CURSOS_TEC_CONCOMITANTE', 'CURSOS_TEC_INTEGRADO', 'CURSOS_GRAD_NOTURNO', 'CURSOS_POS', 'COVID', 'GREVE', 'ORDEM', 'LAG_01', 'LAG_02', 'LAG_03', 'LAG_04', 'LAG_05', 'LAG_09', 'LAG_10');0.29152
('TEMP_MIN_MÉD_MENS', 'TEMP_MÉD_MÉD_MENS', 'PRECIPITAÇÃO_MÉD_MENS', 'TEMP_MIN_MAX_MENS', 'TEMP_MAX_MIN_MENS', 'TEMP_MAX_MAX_MENS', 'TEMP_MAX_ACC_MENS', 'PRECIPITAÇÃO_MAX_MENS', 'DIA_DA_SEMANA_dom', 'DIA_DA_SEMANA_qua', 'DIA_DA_SEMANA_qui', 'DIA_DA_SEMANA_sex', 'DIA_DA_SEMANA_sáb', 'MÊS_abr', 'MÊS_ago', 'MÊS_dez', 'MÊS_jan', 'MÊS_jul', 'MÊS_jun', 'MÊS_mai', 'MÊS_nov', 'MÊS_set', 'ANO_2022', 'ANO_2023', 'ANO_2024', 'ANO_2017', 'ANO_2018', 'ANO_2019', 'ANO_2020', 'CAMPUS_ASTORGA', 'CAMPUS_BARRACÃO', 'CAMPUS_CAPANEMA', 'CAMPUS_GOIOERÊ', 'CAMPUS_IRATI', 'CAMPUS_JAGUARIAÍVA', 'CAMPUS_PALMAS', 'CAMPUS_PARANAVAÍ', 'CAMPUS_PINHAIS', 'CAMPUS_QUEDAS DO IGUAÇU', 'CAMPUS_TELÊMACO BORBA', 'CURSOS_TEC_CONCOMITANTE', 'CURSOS_TEC_INTEGRADO', 'CURSOS_TEC_SUBSEQUENTE', 'CURSOS_GRAD_MATUTINO', 'CURSOS_POS', 'FÉRIAS', 'FERIADO', 'GREVE', 'ORDEM', 'LAG_03', 'LAG_04', 'LAG_05', 'LAG_07', 'LAG_09', 'LAG_10', 'LAG_12');0.29153
('TEMP_MIN_MÉD_MENS', 'TEMP_MÉD_MAX_MENS', 'TEMP_MAX_MÉD_MENS', 'PRECIPITAÇÃO_MÉD_MENS', 'TEMP_MIN_MIN_MENS', 'TEMP_MAX_MAX_MENS', 'DIA_DA_SEMANA_qua', 'DIA_DA_SEMANA_sex', 'DIA_DA_SEMANA_ter', 'MÊS_abr', 'MÊS_fev', 'MÊS_jan', 'MÊS_mai', 'MÊS_nov', 'MÊS_out', 'MÊS_set', 'ANO_2022', 'ANO_2023', 'ANO_2024', 'ANO_2015', 'ANO_2016', 'ANO_2017', 'ANO_2019', 'CAMPUS_ASSIS CHATEAUBRIAND', 'CAMPUS_ASTORGA', 'CAMPUS_CAMPO LARGO', 'CAMPUS_CORONEL VIVIDA', 'CAMPUS_FOZ DO IGUAÇU', 'CAMPUS_GOIOERÊ', 'CAMPUS_IRATI', 'CAMPUS_IVAIPORÃ', 'CAMPUS_PARANAGUÁ', 'CAMPUS_TELÊMACO BORBA', 'CAMPUS_UMUARAMA', 'CURSOS_TEC_INTEGRADO', 'CURSOS_TEC_SUBSEQUENTE', 'CURSOS_GRAD_MATUTINO', 'CURSOS_GRAD_VESPERTINO', 'CURSOS_POS', 'FÉRIAS', 'COVID', 'ORDEM', 'LAG_01', 'LAG_04', 'LAG_06', 'LAG_08', 'LAG_09', 'LAG_10', 'LAG_12');0.29156
('TEMP_MIN_MÉD_MENS', 'TEMP_MÉD_MIN_MENS', 'TEMP_MÉD_MÉD_MENS', 'TEMP_MÉD_ACC_MENS', 'TEMP_MAX_MÉD_MENS', 'TEMP_MIN_MIN_MENS', 'TEMP_MAX_ACC_MENS', 'PRECIPITAÇÃO_MAX_MENS', 'DIA_DA_SEMANA_qui', 'DIA_DA_SEMANA_seg', 'DIA_DA_SEMANA_sáb', 'MÊS_ago', 'MÊS_jan', 'MÊS_jun', 'MÊS_mai', 'MÊS_out', 'MÊS_set', 'ANO_2021', 'ANO_2024', 'ANO_2015', 'ANO_2019', 'ANO_2020', 'CAMPUS_BARRACÃO', 'CAMPUS_CAPANEMA', 'CAMPUS_CASCAVEL', 'CAMPUS_CORONEL VIVIDA', 'CAMPUS_FOZ DO IGUAÇU', 'CAMPUS_IRATI', 'CAMPUS_JACAREZINHO', 'CAMPUS_JAGUARIAÍVA', 'CAMPUS_PARANAGUÁ', 'CAMPUS_PARANAVAÍ', 'CAMPUS_UNIÃO DA VITÓRIA', 'CURSOS_TEC_SUBSEQUENTE', 'CURSOS_GRAD_VESPERTINO', 'CURSOS_GRAD_NOTURNO', 'CURSOS_POS', 'FÉRIAS', 'FERIADO', 'ORDEM', 'LAG_01', 'LAG_02', 'LAG_03', 'LAG_05', 'LAG_06', 'LAG_07', 'LAG_10', 'LAG_11', 'LAG_12');0.2916
('TEMP_MIN_MÉD_MENS', 'TEMP_MÉD_MAX_MENS', 'TEMP_MÉD_ACC_MENS', 'TEMP_MAX_MÉD_MENS', 'PRECIPITAÇÃO_MÉD_MENS', 'TEMP_MIN_MIN_MENS', 'TEMP_MIN_ACC_MENS', 'PRECIPITAÇÃO_MAX_MENS', 'PRECIPITAÇÃO_ACC_MENS', 'DIA_DA_SEMANA_qui', 'DIA_DA_SEMANA_seg', 'DIA_DA_SEMANA_sex', 'DIA_DA_SEMANA_sáb', 'DIA_DA_SEMANA_ter', 'MÊS_abr', 'MÊS_ago', 'MÊS_dez', 'MÊS_fev', 'MÊS_jan', 'MÊS_jul', 'MÊS_jun', 'MÊS_mar', 'MÊS_out', 'MÊS_set', 'ANO_2024', 'ANO_2015', 'ANO_2016', 'ANO_2019', 'ANO_2020', 'CAMPUS_ASTORGA', 'CAMPUS_CAMPO LARGO', 'CAMPUS_CASCAVEL', 'CAMPUS_FOZ DO IGUAÇU', 'CAMPUS_GOIOERÊ', 'CAMPUS_IRATI', 'CAMPUS_IVAIPORÃ', 'CAMPUS_JACAREZINHO', 'CAMPUS_JAGUARIAÍVA', 'CAMPUS_PALMAS', 'CAMPUS_PINHAIS', 'CAMPUS_PITANGA', 'CAMPUS_QUEDAS DO IGUAÇU', 'CAMPUS_UMUARAMA', 'CURSOS_TEC_INTEGRADO', 'CURSOS_TEC_SUBSEQUENTE', 'CURSOS_GRAD_MATUTINO', 'CURSOS_GRAD_VESPERTINO', 'CURSOS_POS', 'FÉRIAS', 'COVID', 'ORDEM', 'LAG_01', 'LAG_03', 'LAG_04', 'LAG_05', 'LAG_06', 'LAG_07', 'LAG_08', 'LAG_09', 'LAG_11', 'LAG_12');0.29161
('TEMP_MIN_MÉD_MENS', 'TEMP_MÉD_MÉD_MENS', 'TEMP_MÉD_MAX_MENS', 'TEMP_MÉD_ACC_MENS', 'PRECIPITAÇÃO_MÉD_MENS', 'TEMP_MIN_MIN_MENS', 'TEMP_MIN_ACC_MENS', 'TEMP_MAX_MIN_MENS', 'TEMP_MAX_MAX_MENS', 'TEMP_MAX_ACC_MENS', 'PRECIPITAÇÃO_MAX_MENS', 'DIA_DA_SEMANA_qua', 'DIA_DA_SEMANA_qui', 'DIA_DA_SEMANA_sáb', 'DIA_DA_SEMANA_ter', 'MÊS_abr', 'MÊS_dez', 'MÊS_jan', 'MÊS_jul', 'MÊS_mai', 'MÊS_mar', 'MÊS_out', 'MÊS_set', 'ANO_2021', 'ANO_2022', 'ANO_2023', 'ANO_2024', 'ANO_2018', 'CAMPUS_CAMPO LARGO', 'CAMPUS_CAPANEMA', 'CAMPUS_CORONEL VIVIDA', 'CAMPUS_FOZ DO IGUAÇU', 'CAMPUS_IRATI', 'CAMPUS_IVAIPORÃ', 'CAMPUS_JAGUARIAÍVA', 'CAMPUS_LONDRINA - CENTRO', 'CAMPUS_PALMAS', 'CAMPUS_PARANAVAÍ', 'CAMPUS_PITANGA', 'CAMPUS_QUEDAS DO IGUAÇU', 'CAMPUS_UNIÃO DA VITÓRIA', 'CURSOS_TEC_INTEGRADO', 'CURSOS_TEC_SUBSEQUENTE', 'COVID', 'GREVE', 'LAG_01', 'LAG_02', 'LAG_05', 'LAG_06', 'LAG_08', 'LAG_11');0.29165
('TEMP_MIN_MÉD_MENS', 'TEMP_MÉD_MIN_MENS', 'TEMP_MÉD_MÉD_MENS', 'TEMP_MÉD_MAX_MENS', 'TEMP_MÉD_ACC_MENS', 'TEMP_MAX_MÉD_MENS', 'PRECIPITAÇÃO_MÉD_MENS', 'TEMP_MIN_MIN_MENS', 'TEMP_MIN_ACC_MENS', 'TEMP_MAX_MIN_MENS', 'PRECIPITAÇÃO_ACC_MENS', 'DIA_DA_SEMANA_qua', 'DIA_DA_SEMANA_qui', 'DIA_DA_SEMANA_seg', 'DIA_DA_SEMANA_sex', 'DIA_DA_SEMANA_sáb', 'MÊS_dez', 'MÊS_jan', 'MÊS_jul', 'MÊS_jun', 'MÊS_mai', 'MÊS_mar', 'MÊS_nov', 'MÊS_out', 'ANO_2022', 'ANO_2023', 'ANO_2024', 'ANO_2015', 'ANO_2019', 'ANO_2020', 'CAMPUS_BARRACÃO', 'CAMPUS_CAMPO LARGO', 'CAMPUS_CAPANEMA', 'CAMPUS_CASCAVEL', 'CAMPUS_FOZ DO IGUAÇU', 'CAMPUS_GOIOERÊ', 'CAMPUS_IRATI', 'CAMPUS_JACAREZINHO', 'CAMPUS_JAGUARIAÍVA', 'CAMPUS_LONDRINA - CENTRO', 'CAMPUS_PARANAGUÁ', 'CAMPUS_PARANAVAÍ', 'CAMPUS_PINHAIS', 'CAMPUS_UMUARAMA', 'CAMPUS_UNIÃO DA VITÓRIA', 'CURSOS_TEC_INTEGRADO', 'CURSOS_GRAD_NOTURNO', 'CURSOS_POS', 'FÉRIAS', 'FERIADO', 'COVID', 'GREVE', 'ORDEM', 'LAG_01', 'LAG_04', 'LAG_06', 'LAG_07', 'LAG_08', 'LAG_09', 'LAG_11', 'LAG_12');0.29168
('TEMP_MIN_MÉD_MENS', 'TEMP_MÉD_MIN_MENS', 'TEMP_MÉD_MAX_MENS', 'TEMP_MAX_MÉD_MENS', 'PRECIPITAÇÃO_MÉD_MENS', 'TEMP_MIN_MIN_MENS', 'PRECIPITAÇÃO_MIN_MENS', 'DIA_DA_SEMANA_dom', 'DIA_DA_SEMANA_qua', 'DIA_DA_SEMANA_qui', 'DIA_DA_SEMANA_seg', 'DIA_DA_SEMANA_sex', 'MÊS_jan', 'MÊS_mai', 'MÊS_nov', 'MÊS_out', 'MÊS_set', 'ANO_2023', 'ANO_2024', 'ANO_2017', 'ANO_2018', 'CAMPUS_ASSIS CHATEAUBRIAND', 'CAMPUS_BARRACÃO', 'CAMPUS_CAPANEMA', 'CAMPUS_CASCAVEL', 'CAMPUS_CORONEL VIVIDA', 'CAMPUS_IRATI', 'CAMPUS_JACAREZINHO', 'CAMPUS_JAGUARIAÍVA', 'CAMPUS_LONDRINA - CENTRO', 'CAMPUS_PALMAS', 'CAMPUS_PARANAGUÁ', 'CAMPUS_PARANAVAÍ', 'CAMPUS_QUEDAS DO IGUAÇU', 'CAMPUS_TELÊMACO BORBA', 'CAMPUS_UNIÃO DA VITÓRIA', 'CURSOS_TEC_INTEGRADO', 'CURSOS_GRAD_VESPERTINO', 'CURSOS_POS', 'FÉRIAS', 'FERIADO', 'COVID', 'GREVE', 'ORDEM', 'LAG_01', 'LAG_03', 'LAG_05', 'LAG_08', 'LAG_09', 'LAG_11');0.29171
('TEMP_MÉD_MÉD_MENS', 'TEMP_MÉD_MAX_MENS', 'TEMP_MÉD_ACC_MENS', 'TEMP_MAX_MÉD_MENS', 'PRECIPITAÇÃO_MÉD_MENS', 'TEMP_MIN_ACC_MENS', 'TEMP_MAX_ACC_MENS', 'PRECIPITAÇÃO_MAX_MENS', 'DIA_DA_SEMANA_seg', 'DIA_DA_SEMANA_sex', 'DIA_DA_SEMANA_sáb', 'DIA_DA_SEMANA_ter', 'MÊS_ago', 'MÊS_dez', 'MÊS_fev', 'MÊS_jun', 'MÊS_mai', 'ANO_2021', 'ANO_2023', 'ANO_2024', 'ANO_2015', 'ANO_2016', 'ANO_2017', 'ANO_2019', 'CAMPUS_ASTORGA', 'CAMPUS_CAMPO LARGO', 'CAMPUS_CAPANEMA', 'CAMPUS_CURITIBA', 'CAMPUS_FOZ DO IGUAÇU', 'CAMPUS_IVAIPORÃ', 'CAMPUS_JACAREZINHO', 'CAMPUS_LONDRINA - CENTRO', 'CAMPUS_PARANAVAÍ', 'CAMPUS_PINHAIS', 'CAMPUS_PITANGA', 'CAMPUS_QUEDAS DO IGUAÇU', 'CAMPUS_TELÊMACO BORBA', 'CAMPUS_UNIÃO DA VITÓRIA', 'CURSOS_TEC_INTEGRADO', 'CURSOS_TEC_SUBSEQUENTE', 'CURSOS_GRAD_MATUTINO', 'CURSOS_GRAD_VESPERTINO', 'CURSOS_GRAD_NOTURNO', 'CURSOS_POS', 'FÉRIAS', 'FERIADO', 'COVID', 'ORDEM', 'LAG_03', 'LAG_05', 'LAG_08', 'LAG_10');0.29173
('TEMP_MIN_MÉD_MENS', 'TEMP_MAX_MÉD_MENS', 'PRECIPITAÇÃO_MÉD_MENS', 'TEMP_MIN_MAX_MENS', 'TEMP_MAX_MIN_MENS', 'PRECIPITAÇÃO_MIN_MENS', 'TEMP_MAX_MAX_MENS', 'TEMP_MAX_ACC_MENS', 'PRECIPITAÇÃO_MAX_MENS', 'PRECIPITAÇÃO_ACC_MENS', 'DIA_DA_SEMANA_dom', 'DIA_DA_SEMANA_qua', 'DIA_DA_SEMANA_ter', 'MÊS_abr', 'MÊS_ago', 'MÊS_fev', 'MÊS_jan', 'MÊS_jul', 'MÊS_mar', 'MÊS_nov', 'MÊS_out', 'MÊS_set', 'ANO_2021', 'ANO_2022', 'ANO_2019', 'ANO_2020', 'CAMPUS_ASTORGA', 'CAMPUS_FOZ DO IGUAÇU', 'CAMPUS_IVAIPORÃ', 'CAMPUS_LONDRINA - CENTRO', 'CAMPUS_PALMAS', 'CAMPUS_QUEDAS DO IGUAÇU', 'CAMPUS_TELÊMACO BORBA', 'CAMPUS_UMUARAMA', 'CAMPUS_UNIÃO DA VITÓRIA', 'CURSOS_TEC_CONCOMITANTE', 'CURSOS_TEC_INTEGRADO', 'CURSOS_GRAD_VESPERTINO', 'CURSOS_GRAD_NOTURNO', 'CURSOS_POS', 'FERIADO', 'COVID', 'GREVE', 'ORDEM', 'LAG_01', 'LAG_02', 'LAG_03', 'LAG_06', 'LAG_09', 'LAG_10', 'LAG_11', 'LAG_12');0.29174
('TEMP_MÉD_MIN_MENS', 'TEMP_MÉD_MÉD_MENS', 'TEMP_MÉD_MAX_MENS', 'TEMP_MAX_MÉD_MENS', 'PRECIPITAÇÃO_MÉD_MENS', 'TEMP_MIN_MIN_MENS', 'TEMP_MIN_ACC_MENS', 'TEMP_MAX_MIN_MENS', 'PRECIPITAÇÃO_MIN_MENS', 'TEMP_MAX_ACC_MENS', 'PRECIPITAÇÃO_MAX_MENS', 'DIA_DA_SEMANA_dom', 'DIA_DA_SEMANA_qui', 'DIA_DA_SEMANA_sex', 'DIA_DA_SEMANA_ter', 'MÊS_abr', 'MÊS_ago', 'MÊS_dez', 'MÊS_fev', 'MÊS_jun', 'MÊS_mai', 'MÊS_mar', 'MÊS_nov', 'MÊS_set', 'ANO_2021', 'ANO_2022', 'ANO_2023', 'ANO_2015', 'ANO_2017', 'ANO_2019', 'ANO_2020', 'CAMPUS_ASSIS CHATEAUBRIAND', 'CAMPUS_BARRACÃO', 'CAMPUS_CAMPO LARGO', 'CAMPUS_CASCAVEL', 'CAMPUS_CORONEL VIVIDA', 'CAMPUS_GOIOERÊ', 'CAMPUS_IVAIPORÃ', 'CAMPUS_JACAREZINHO', 'CAMPUS_PALMAS', 'CAMPUS_PARANAGUÁ', 'CAMPUS_PITANGA', 'CAMPUS_TELÊMACO BORBA', 'CAMPUS_UMUARAMA', 'CAMPUS_UNIÃO DA VITÓRIA', 'CURSOS_TEC_CONCOMITANTE', 'CURSOS_TEC_SUBSEQUENTE', 'CURSOS_GRAD_MATUTINO', 'CURSOS_GRAD_VESPERTINO', 'FÉRIAS', 'COVID', 'GREVE', 'ORDEM', 'LAG_02', 'LAG_03', 'LAG_05', 'LAG_06', 'LAG_07', 'LAG_08', 'LAG_09', 'LAG_11');0.29176
('TEMP_MIN_MÉD_MENS', 'TEMP_MÉD_MÉD_MENS', 'TEMP_MAX_MÉD_MENS', 'TEMP_MIN_MIN_MENS', 'TEMP_MIN_MAX_MENS', 'TEMP_MIN_ACC_MENS', 'TEMP_MAX_MIN_MENS', 'PRECIPITAÇÃO_MIN_MENS', 'TEMP_MAX_MAX_MENS', 'TEMP_MAX_ACC_MENS', 'PRECIPITAÇÃO_ACC_MENS', 'DIA_DA_SEMANA_qua', 'DIA_DA_SEMANA_qui', 'DIA_DA_SEMANA_seg', 'DIA_DA_SEMANA_ter', 'MÊS_abr', 'MÊS_ago', 'MÊS_dez', 'MÊS_fev', 'MÊS_jul', 'MÊS_jun', 'MÊS_mai', 'MÊS_mar', 'MÊS_nov', 'MÊS_out', 'ANO_2022', 'ANO_2024', 'ANO_2017', 'CAMPUS_ASSIS CHATEAUBRIAND', 'CAMPUS_CAPANEMA', 'CAMPUS_CORONEL VIVIDA', 'CAMPUS_CURITIBA', 'CAMPUS_GOIOERÊ', 'CAMPUS_IRATI', 'CAMPUS_IVAIPORÃ', 'CAMPUS_JACAREZINHO', 'CAMPUS_JAGUARIAÍVA', 'CAMPUS_LONDRINA - CENTRO', 'CAMPUS_PALMAS', 'CAMPUS_PARANAGUÁ', 'CAMPUS_PINHAIS', 'CAMPUS_PITANGA', 'CAMPUS_QUEDAS DO IGUAÇU', 'CAMPUS_UMUARAMA', 'CAMPUS_UNIÃO DA VITÓRIA', 'CURSOS_TEC_INTEGRADO', 'CURSOS_GRAD_NOTURNO', 'CURSOS_POS', 'FÉRIAS', 'COVID', 'GREVE', 'ORDEM', 'LAG_03', 'LAG_04', 'LAG_05', 'LAG_07', 'LAG_08', 'LAG_10', 'LAG_12');0.2918
('TEMP_MÉD_MÉD_MENS', 'TEMP_MÉD_ACC_MENS', 'TEMP_MAX_MÉD_MENS', 'PRECIPITAÇÃO_MÉD_MENS', 'TEMP_MIN_ACC_MENS', 'TEMP_MAX_MIN_MENS', 'TEMP_MAX_MAX_MENS', 'PRECIPITAÇÃO_ACC_MENS', 'DIA_DA_SEMANA_qua', 'DIA_DA_SEMANA_qui', 'DIA_DA_SEMANA_seg', 'DIA_DA_SEMANA_sáb', 'MÊS_abr', 'MÊS_dez', 'MÊS_fev', 'MÊS_jan', 'MÊS_nov', 'MÊS_out', 'MÊS_set', 'ANO_2021', 'ANO_2022', 'ANO_2016', 'ANO_2017', 'ANO_2020', 'CAMPUS_ASSIS CHATEAUBRIAND', 'CAMPUS_ASTORGA', 'CAMPUS_CAMPO LARGO', 'CAMPUS_CAPANEMA', 'CAMPUS_CASCAVEL', 'CAMPUS_CURITIBA', 'CAMPUS_FOZ DO IGUAÇU', 'CAMPUS_GOIOERÊ', 'CAMPUS_IRATI', 'CAMPUS_PALMAS', 'CAMPUS_PARANAGUÁ', 'CAMPUS_PARANAVAÍ', 'CAMPUS_PITANGA', 'CAMPUS_QUEDAS DO IGUAÇU', 'CAMPUS_UNIÃO DA VITÓRIA', 'CURSOS_TEC_CONCOMITANTE', 'CURSOS_TEC_INTEGRADO', 'CURSOS_GRAD_VESPERTINO', 'CURSOS_GRAD_NOTURNO', 'CURSOS_POS', 'FERIADO', 'COVID', 'GREVE', 'LAG_01', 'LAG_05', 'LAG_07', 'LAG_08', 'LAG_09');0.29188
('TEMP_MIN_MÉD_MENS', 'TEMP_MÉD_MIN_MENS', 'TEMP_MÉD_ACC_MENS', 'TEMP_MAX_MÉD_MENS', 'PRECIPITAÇÃO_MÉD_MENS', 'TEMP_MIN_MAX_MENS', 'TEMP_MIN_ACC_MENS', 'PRECIPITAÇÃO_MIN_MENS', 'TEMP_MAX_MAX_MENS', 'TEMP_MAX_ACC_MENS', 'PRECIPITAÇÃO_MAX_MENS', 'PRECIPITAÇÃO_ACC_MENS', 'DIA_DA_SEMANA_dom', 'DIA_DA_SEMANA_seg', 'DIA_DA_SEMANA_sáb', 'MÊS_abr', 'MÊS_ago', 'MÊS_jul', 'MÊS_jun', 'MÊS_mai', 'MÊS_mar', 'MÊS_nov', 'MÊS_set', 'ANO_2021', 'ANO_2024', 'ANO_2015', 'ANO_2018', 'ANO_2019', 'CAMPUS_ASSIS CHATEAUBRIAND', 'CAMPUS_CAMPO LARGO', 'CAMPUS_CAPANEMA', 'CAMPUS_CORONEL VIVIDA', 'CAMPUS_CURITIBA', 'CAMPUS_FOZ DO IGUAÇU', 'CAMPUS_GOIOERÊ', 'CAMPUS_IRATI', 'CAMPUS_IVAIPORÃ', 'CAMPUS_JACAREZINHO', 'CAMPUS_JAGUARIAÍVA', 'CAMPUS_LONDRINA - CENTRO', 'CAMPUS_PALMAS', 'CAMPUS_PARANAVAÍ', 'CAMPUS_PINHAIS', 'CAMPUS_PITANGA', 'CAMPUS_QUEDAS DO IGUAÇU', 'CAMPUS_TELÊMACO BORBA', 'CAMPUS_UMUARAMA', 'CAMPUS_UNIÃO DA VITÓRIA', 'CURSOS_TEC_CONCOMITANTE', 'CURSOS_TEC_SUBSEQUENTE', 'CURSOS_GRAD_NOTURNO', 'CURSOS_POS', 'FÉRIAS', 'COVID', 'GREVE', 'ORDEM', 'LAG_02', 'LAG_03', 'LAG_06', 'LAG_08', 'LAG_09', 'LAG_10');0.29188
('TEMP_MIN_MÉD_MENS', 'TEMP_MÉD_MIN_MENS', 'TEMP_MÉD_ACC_MENS', 'TEMP_MAX_MÉD_MENS', 'PRECIPITAÇÃO_MÉD_MENS', 'TEMP_MIN_MIN_MENS', 'TEMP_MAX_MIN_MENS', 'PRECIPITAÇÃO_MIN_MENS', 'TEMP_MAX_ACC_MENS', 'PRECIPITAÇÃO_ACC_MENS', 'DIA_DA_SEMANA_dom', 'DIA_DA_SEMANA_qui', 'DIA_DA_SEMANA_sex', 'DIA_DA_SEMANA_ter', 'MÊS_jan', 'MÊS_jul', 'MÊS_jun', 'MÊS_mai', 'MÊS_mar', 'MÊS_out', 'ANO_2021', 'ANO_2022', 'ANO_2024', 'ANO_2015', 'ANO_2016', 'ANO_2017', 'ANO_2019', 'ANO_2020', 'CAMPUS_ASSIS CHATEAUBRIAND', 'CAMPUS_ASTORGA', 'CAMPUS_BARRACÃO', 'CAMPUS_CAPANEMA', 'CAMPUS_CASCAVEL', 'CAMPUS_CURITIBA', 'CAMPUS_FOZ DO IGUAÇU', 'CAMPUS_IVAIPORÃ', 'CAMPUS_PALMAS', 'CAMPUS_QUEDAS DO IGUAÇU', 'CAMPUS_UMUARAMA', 'CURSOS_TEC_INTEGRADO', 'CURSOS_TEC_SUBSEQUENTE', 'CURSOS_GRAD_VESPERTINO', 'CURSOS_GRAD_NOTURNO', 'FERIADO', 'COVID', 'ORDEM', 'LAG_01', 'LAG_02', 'LAG_03', 'LAG_04', 'LAG_06', 'LAG_10', 'LAG_11', 'LAG_12');0.29193
('TEMP_MIN_MÉD_MENS', 'TEMP_MÉD_MÉD_MENS', 'TEMP_MÉD_MAX_MENS', 'TEMP_MÉD_ACC_MENS', 'PRECIPITAÇÃO_MÉD_MENS', 'TEMP_MIN_MIN_MENS', 'TEMP_MIN_MAX_MENS', 'TEMP_MIN_ACC_MENS', 'PRECIPITAÇÃO_MIN_MENS', 'TEMP_MAX_MAX_MENS', 'TEMP_MAX_ACC_MENS', 'PRECIPITAÇÃO_MAX_MENS', 'PRECIPITAÇÃO_ACC_MENS', 'DIA_DA_SEMANA_qua', 'DIA_DA_SEMANA_seg', 'MÊS_abr', 'MÊS_dez', 'MÊS_fev', 'MÊS_jul', 'MÊS_jun', 'MÊS_mai', 'MÊS_nov', 'MÊS_out', 'ANO_2021', 'ANO_2024', 'ANO_2015', 'ANO_2016', 'ANO_2018', 'ANO_2020', 'CAMPUS_ASTORGA', 'CAMPUS_CAMPO LARGO', 'CAMPUS_CAPANEMA', 'CAMPUS_CORONEL VIVIDA', 'CAMPUS_CURITIBA', 'CAMPUS_FOZ DO IGUAÇU', 'CAMPUS_GOIOERÊ', 'CAMPUS_IVAIPORÃ', 'CAMPUS_JAGUARIAÍVA', 'CAMPUS_PALMAS', 'CAMPUS_PARANAGUÁ', 'CAMPUS_PARANAVAÍ', 'CAMPUS_PITANGA', 'CAMPUS_QUEDAS DO IGUAÇU', 'CAMPUS_TELÊMACO BORBA', 'CAMPUS_UMUARAMA', 'CURSOS_TEC_CONCOMITANTE', 'CURSOS_TEC_INTEGRADO', 'CURSOS_TEC_SUBSEQUENTE', 'FÉRIAS', 'FERIADO', 'COVID', 'GREVE', 'ORDEM', 'LAG_03', 'LAG_06', 'LAG_07', 'LAG_08', 'LAG_11', 'LAG_12');0.29209
('TEMP_MIN_MÉD_MENS', 'TEMP_MÉD_MIN_MENS', 'TEMP_MÉD_MÉD_MENS', 'TEMP_MÉD_ACC_MENS', 'TEMP_MAX_MÉD_MENS', 'PRECIPITAÇÃO_MÉD_MENS', 'TEMP_MIN_MAX_MENS', 'TEMP_MIN_ACC_MENS', 'TEMP_MAX_MIN_MENS', 'PRECIPITAÇÃO_MIN_MENS', 'TEMP_MAX_ACC_MENS', 'PRECIPITAÇÃO_MAX_MENS', 'PRECIPITAÇÃO_ACC_MENS', 'DIA_DA_SEMANA_dom', 'DIA_DA_SEMANA_qua', 'DIA_DA_SEMANA_qui', 'DIA_DA_SEMANA_sáb', 'DIA_DA_SEMANA_ter', 'MÊS_dez', 'MÊS_fev', 'MÊS_jun', 'MÊS_mai', 'MÊS_mar', 'MÊS_nov', 'MÊS_set', 'ANO_2024', 'ANO_2015', 'ANO_2016', 'ANO_2017', 'ANO_2018', 'ANO_2019', 'CAMPUS_ASTORGA', 'CAMPUS_BARRACÃO', 'CAMPUS_CAMPO LARGO', 'CAMPUS_CAPANEMA', 'CAMPUS_CASCAVEL', 'CAMPUS_CORONEL VIVIDA', 'CAMPUS_IRATI', 'CAMPUS_IVAIPORÃ', 'CAMPUS_JACAREZINHO', 'CAMPUS_LONDRINA - CENTRO', 'CAMPUS_PALMAS', 'CAMPUS_TELÊMACO BORBA', 'CURSOS_TEC_SUBSEQUENTE', 'CURSOS_GRAD_MATUTINO', 'CURSOS_POS', 'FÉRIAS', 'FERIADO', 'COVID', 'GREVE', 'LAG_01', 'LAG_02', 'LAG_04', 'LAG_05', 'LAG_06', 'LAG_07', 'LAG_08', 'LAG_09', 'LAG_12');0.29212
('TEMP_MÉD_MIN_MENS', 'TEMP_MÉD_MÉD_MENS', 'TEMP_MÉD_MAX_MENS', 'TEMP_MIN_MAX_MENS', 'TEMP_MAX_MIN_MENS', 'PRECIPITAÇÃO_MAX_MENS', 'PRECIPITAÇÃO_ACC_MENS', 'DIA_DA_SEMANA_dom', 'DIA_DA_SEMANA_qua', 'MÊS_ago', 'MÊS_mai', 'MÊS_nov', 'MÊS_out', 'MÊS_set', 'ANO_2022', 'ANO_2023', 'ANO_2024', 'ANO_2015', 'ANO_2016', 'ANO_2017', 'ANO_2019', 'ANO_2020', 'CAMPUS_ASSIS CHATEAUBRIAND', 'CAMPUS_BARRACÃO', 'CAMPUS_CAMPO LARGO', 'CAMPUS_CORONEL VIVIDA', 'CAMPUS_CURITIBA', 'CAMPUS_FOZ DO IGUAÇU', 'CAMPUS_JACAREZINHO', 'CAMPUS_LONDRINA - CENTRO', 'CAMPUS_PALMAS', 'CAMPUS_PARANAGUÁ', 'CAMPUS_PINHAIS', 'CAMPUS_PITANGA', 'CAMPUS_QUEDAS DO IGUAÇU', 'CAMPUS_UNIÃO DA VITÓRIA', 'CURSOS_TEC_INTEGRADO', 'CURSOS_TEC_SUBSEQUENTE', 'CURSOS_GRAD_VESPERTINO', 'CURSOS_GRAD_NOTURNO', 'FÉRIAS', 'FERIADO', 'GREVE', 'ORDEM', 'LAG_02', 'LAG_03', 'LAG_04', 'LAG_05', 'LAG_06', 'LAG_07', 'LAG_09', 'LAG_12');0.29224
('TEMP_MIN_MÉD_MENS', 'TEMP_MÉD_MIN_MENS', 'TEMP_MÉD_MÉD_MENS', 'TEMP_MÉD_MAX_MENS', 'TEMP_MAX_MÉD_MENS', 'TEMP_MIN_MAX_MENS', 'TEMP_MAX_MIN_MENS', 'PRECIPITAÇÃO_MIN_MENS', 'TEMP_MAX_MAX_MENS', 'TEMP_MAX_ACC_MENS', 'DIA_DA_SEMANA_dom', 'DIA_DA_SEMANA_qua', 'DIA_DA_SEMANA_seg', 'DIA_DA_SEMANA_sex', 'DIA_DA_SEMANA_sáb', 'DIA_DA_SEMANA_ter', 'MÊS_abr', 'MÊS_ago', 'MÊS_fev', 'MÊS_jan', 'MÊS_jul', 'MÊS_mai', 'MÊS_mar', 'MÊS_nov', 'MÊS_out', 'MÊS_set', 'ANO_2023', 'ANO_2024', 'ANO_2015', 'ANO_2016', 'ANO_2018', 'CAMPUS_ASSIS CHATEAUBRIAND', 'CAMPUS_CAMPO LARGO', 'CAMPUS_CURITIBA', 'CAMPUS_GOIOERÊ', 'CAMPUS_IRATI', 'CAMPUS_IVAIPORÃ', 'CAMPUS_LONDRINA - CENTRO', 'CAMPUS_PALMAS', 'CAMPUS_QUEDAS DO IGUAÇU', 'CAMPUS_TELÊMACO BORBA', 'CAMPUS_UMUARAMA', 'CURSOS_TEC_INTEGRADO', 'CURSOS_TEC_SUBSEQUENTE', 'CURSOS_POS', 'FÉRIAS', 'FERIADO', 'GREVE', 'LAG_01', 'LAG_03', 'LAG_04', 'LAG_06', 'LAG_07', 'LAG_09', 'LAG_10', 'LAG_11');0.29226
('TEMP_MÉD_MIN_MENS', 'TEMP_MÉD_MÉD_MENS', 'TEMP_MÉD_MAX_MENS', 'PRECIPITAÇÃO_MÉD_MENS', 'TEMP_MIN_MAX_MENS', 'TEMP_MIN_ACC_MENS', 'PRECIPITAÇÃO_MIN_MENS', 'TEMP_MAX_MAX_MENS', 'TEMP_MAX_ACC_MENS', 'DIA_DA_SEMANA_dom', 'DIA_DA_SEMANA_qua', 'DIA_DA_SEMANA_qui', 'DIA_DA_SEMANA_seg', 'MÊS_abr', 'MÊS_ago', 'MÊS_jan', 'MÊS_jul', 'MÊS_jun', 'MÊS_nov', 'MÊS_out', 'MÊS_set', 'ANO_2021', 'ANO_2024', 'ANO_2017', 'ANO_2018', 'CAMPUS_BARRACÃO', 'CAMPUS_CAMPO LARGO', 'CAMPUS_CAPANEMA', 'CAMPUS_FOZ DO IGUAÇU', 'CAMPUS_GOIOERÊ', 'CAMPUS_IRATI', 'CAMPUS_IVAIPORÃ', 'CAMPUS_JACAREZINHO', 'CAMPUS_JAGUARIAÍVA', 'CAMPUS_LONDRINA - CENTRO', 'CAMPUS_PALMAS', 'CAMPUS_PARANAVAÍ', 'CAMPUS_PINHAIS', 'CAMPUS_QUEDAS DO IGUAÇU', 'CURSOS_TEC_CONCOMITANTE', 'CURSOS_TEC_INTEGRADO', 'CURSOS_TEC_SUBSEQUENTE', 'CURSOS_GRAD_MATUTINO', 'CURSOS_POS', 'FÉRIAS', 'FERIADO', 'COVID', 'GREVE', 'ORDEM', 'LAG_01', 'LAG_03', 'LAG_07', 'LAG_09', 'LAG_10', 'LAG_11');0.29234
('TEMP_MIN_MÉD_MENS', 'TEMP_MÉD_MÉD_MENS', 'TEMP_MÉD_ACC_MENS', 'TEMP_MAX_MÉD_MENS', 'TEMP_MIN_MAX_MENS', 'TEMP_MIN_ACC_MENS', 'TEMP_MAX_MIN_MENS', 'PRECIPITAÇÃO_MIN_MENS', 'PRECIPITAÇÃO_MAX_MENS', 'PRECIPITAÇÃO_ACC_MENS', 'DIA_DA_SEMANA_qua', 'DIA_DA_SEMANA_sex', 'DIA_DA_SEMANA_ter', 'MÊS_abr', 'MÊS_ago', 'MÊS_dez', 'MÊS_fev', 'MÊS_jan', 'MÊS_jul', 'MÊS_jun', 'MÊS_nov', 'MÊS_out', 'MÊS_set', 'ANO_2021', 'ANO_2023', 'ANO_2015', 'ANO_2016', 'ANO_2018', 'CAMPUS_ASSIS CHATEAUBRIAND', 'CAMPUS_ASTORGA', 'CAMPUS_CURITIBA', 'CAMPUS_IRATI', 'CAMPUS_IVAIPORÃ', 'CAMPUS_JACAREZINHO', 'CAMPUS_JAGUARIAÍVA', 'CAMPUS_PALMAS', 'CAMPUS_PARANAVAÍ', 'CAMPUS_PINHAIS', 'CAMPUS_PITANGA', 'CAMPUS_QUEDAS DO IGUAÇU', 'CURSOS_TEC_CONCOMITANTE', 'CURSOS_TEC_SUBSEQUENTE', 'CURSOS_GRAD_MATUTINO', 'CURSOS_GRAD_VESPERTINO', 'CURSOS_GRAD_NOTURNO', 'FÉRIAS', 'FERIADO', 'COVID', 'GREVE', 'ORDEM', 'LAG_01', 'LAG_02', 'LAG_03', 'LAG_04', 'LAG_05', 'LAG_07', 'LAG_08', 'LAG_09', 'LAG_10', 'LAG_11', 'LAG_12');0.29235
('TEMP_MIN_MÉD_MENS', 'TEMP_MÉD_MÉD_MENS', 'TEMP_MÉD_MAX_MENS', 'TEMP_MÉD_ACC_MENS', 'PRECIPITAÇÃO_MÉD_MENS', 'TEMP_MIN_MIN_MENS', 'TEMP_MIN_MAX_MENS', 'TEMP_MAX_MIN_MENS', 'TEMP_MAX_MAX_MENS', 'PRECIPITAÇÃO_MAX_MENS', 'PRECIPITAÇÃO_ACC_MENS', 'DIA_DA_SEMANA_qui', 'DIA_DA_SEMANA_seg', 'DIA_DA_SEMANA_sáb', 'DIA_DA_SEMANA_ter', 'MÊS_abr', 'MÊS_ago', 'MÊS_dez', 'MÊS_jul', 'MÊS_mai', 'MÊS_mar', 'MÊS_nov', 'MÊS_out', 'MÊS_set', 'ANO_2021', 'ANO_2022', 'ANO_2023', 'ANO_2015', 'ANO_2016', 'ANO_2017', 'ANO_2020', 'CAMPUS_ASSIS CHATEAUBRIAND', 'CAMPUS_ASTORGA', 'CAMPUS_BARRACÃO', 'CAMPUS_CAMPO LARGO', 'CAMPUS_CAPANEMA', 'CAMPUS_CURITIBA', 'CAMPUS_FOZ DO IGUAÇU', 'CAMPUS_GOIOERÊ', 'CAMPUS_IRATI', 'CAMPUS_JAGUARIAÍVA', 'CAMPUS_LONDRINA - CENTRO', 'CAMPUS_PARANAGUÁ', 'CAMPUS_PINHAIS', 'CAMPUS_QUEDAS DO IGUAÇU', 'CAMPUS_TELÊMACO BORBA', 'CAMPUS_UMUARAMA', 'CAMPUS_UNIÃO DA VITÓRIA', 'CURSOS_TEC_CONCOMITANTE', 'CURSOS_GRAD_NOTURNO', 'CURSOS_POS', 'FERIADO', 'ORDEM', 'LAG_03', 'LAG_04', 'LAG_05', 'LAG_06', 'LAG_07', 'LAG_08', 'LAG_09', 'LAG_11', 'LAG_12');0.29239
('TEMP_MIN_MÉD_MENS', 'TEMP_MÉD_MAX_MENS', 'TEMP_MAX_MÉD_MENS', 'PRECIPITAÇÃO_MÉD_MENS', 'TEMP_MIN_MIN_MENS', 'TEMP_MAX_MIN_MENS', 'PRECIPITAÇÃO_MAX_MENS', 'PRECIPITAÇÃO_ACC_MENS', 'DIA_DA_SEMANA_sex', 'DIA_DA_SEMANA_sáb', 'DIA_DA_SEMANA_ter', 'MÊS_abr', 'MÊS_fev', 'MÊS_jan', 'MÊS_jul', 'MÊS_nov', 'MÊS_out', 'MÊS_set', 'ANO_2021', 'ANO_2022', 'ANO_2023', 'ANO_2024', 'ANO_2017', 'ANO_2018', 'CAMPUS_CASCAVEL', 'CAMPUS_CURITIBA', 'CAMPUS_FOZ DO IGUAÇU', 'CAMPUS_GOIOERÊ', 'CAMPUS_IRATI', 'CAMPUS_IVAIPORÃ', 'CAMPUS_LONDRINA - CENTRO', 'CAMPUS_PALMAS', 'CAMPUS_PARANAGUÁ', 'CAMPUS_PARANAVAÍ', 'CAMPUS_PINHAIS', 'CAMPUS_PITANGA', 'CAMPUS_TELÊMACO BORBA', 'CAMPUS_UMUARAMA', 'CAMPUS_UNIÃO DA VITÓRIA', 'CURSOS_TEC_SUBSEQUENTE', 'CURSOS_GRAD_NOTURNO', 'CURSOS_POS', 'FERIADO', 'COVID', 'GREVE', 'ORDEM', 'LAG_01', 'LAG_03', 'LAG_06', 'LAG_07', 'LAG_11');0.29242
('TEMP_MÉD_MÉD_MENS', 'TEMP_MÉD_MAX_MENS', 'TEMP_MAX_MÉD_MENS', 'PRECIPITAÇÃO_MÉD_MENS', 'TEMP_MIN_MIN_MENS', 'PRECIPITAÇÃO_MIN_MENS', 'TEMP_MAX_MAX_MENS', 'PRECIPITAÇÃO_ACC_MENS', 'DIA_DA_SEMANA_qua', 'DIA_DA_SEMANA_seg', 'DIA_DA_SEMANA_sex', 'DIA_DA_SEMANA_sáb', 'DIA_DA_SEMANA_ter', 'MÊS_abr', 'MÊS_ago', 'MÊS_dez', 'MÊS_fev', 'MÊS_jul', 'MÊS_jun', 'MÊS_mai', 'MÊS_mar', 'MÊS_nov', 'ANO_2021', 'ANO_2022', 'ANO_2023', 'ANO_2024', 'ANO_2015', 'ANO_2017', 'ANO_2018', 'ANO_2019', 'ANO_2020', 'CAMPUS_CORONEL VIVIDA', 'CAMPUS_CURITIBA', 'CAMPUS_IRATI', 'CAMPUS_IVAIPORÃ', 'CAMPUS_JACAREZINHO', 'CAMPUS_JAGUARIAÍVA', 'CAMPUS_PARANAGUÁ', 'CAMPUS_PARANAVAÍ', 'CAMPUS_PINHAIS', 'CAMPUS_PITANGA', 'CAMPUS_QUEDAS DO IGUAÇU', 'CAMPUS_UMUARAMA', 'CAMPUS_UNIÃO DA VITÓRIA', 'CURSOS_TEC_CONCOMITANTE', 'CURSOS_TEC_SUBSEQUENTE', 'CURSOS_GRAD_NOTURNO', 'CURSOS_POS', 'FÉRIAS', 'FERIADO', 'ORDEM', 'LAG_03', 'LAG_04', 'LAG_05', 'LAG_06', 'LAG_08', 'LAG_09', 'LAG_10', 'LAG_11');0.29249
('TEMP_MÉD_MIN_MENS', 'TEMP_MÉD_MÉD_MENS', 'TEMP_MAX_MÉD_MENS', 'PRECIPITAÇÃO_MÉD_MENS', 'TEMP_MIN_MIN_MENS', 'TEMP_MIN_ACC_MENS', 'TEMP_MAX_MIN_MENS', 'TEMP_MAX_ACC_MENS', 'PRECIPITAÇÃO_MAX_MENS', 'DIA_DA_SEMANA_qua', 'DIA_DA_SEMANA_qui', 'DIA_DA_SEMANA_seg', 'DIA_DA_SEMANA_sex', 'DIA_DA_SEMANA_sáb', 'DIA_DA_SEMANA_ter', 'MÊS_abr', 'MÊS_ago', 'MÊS_fev', 'MÊS_jan', 'MÊS_jul', 'MÊS_mar', 'MÊS_set', 'ANO_2021', 'ANO_2022', 'ANO_2023', 'ANO_2024', 'ANO_2016', 'ANO_2017', 'ANO_2018', 'ANO_2019', 'CAMPUS_ASTORGA', 'CAMPUS_CASCAVEL', 'CAMPUS_CORONEL VIVIDA', 'CAMPUS_FOZ DO IGUAÇU', 'CAMPUS_GOIOERÊ', 'CAMPUS_IRATI', 'CAMPUS_IVAIPORÃ', 'CAMPUS_JACAREZINHO', 'CAMPUS_JAGUARIAÍVA', 'CAMPUS_LONDRINA - CENTRO', 'CAMPUS_PARANAVAÍ', 'CAMPUS_PINHAIS', 'CAMPUS_PITANGA', 'CAMPUS_UMUARAMA', 'CURSOS_TEC_CONCOMITANTE', 'CURSOS_TEC_INTEGRADO', 'CURSOS_GRAD_VESPERTINO', 'CURSOS_GRAD_NOTURNO', 'FÉRIAS', 'FERIADO', 'COVID', 'GREVE', 'LAG_02', 'LAG_03', 'LAG_04', 'LAG_05', 'LAG_07', 'LAG_09', 'LAG_10', 'LAG_11');0.2925
('TEMP_MIN_MÉD_MENS', 'TEMP_MÉD_ACC_MENS', 'TEMP_MAX_MÉD_MENS', 'PRECIPITAÇÃO_MÉD_MENS', 'TEMP_MIN_ACC_MENS', 'TEMP_MAX_MIN_MENS', 'TEMP_MAX_MAX_MENS', 'PRECIPITAÇÃO_MAX_MENS', 'PRECIPITAÇÃO_ACC_MENS', 'DIA_DA_SEMANA_dom', 'DIA_DA_SEMANA_qui', 'DIA_DA_SEMANA_seg', 'DIA_DA_SEMANA_sex', 'DIA_DA_SEMANA_ter', 'MÊS_dez', 'MÊS_fev', 'MÊS_jul', 'MÊS_mar', 'MÊS_nov', 'MÊS_set', 'ANO_2021', 'ANO_2024', 'ANO_2015', 'ANO_2016', 'ANO_2017', 'CAMPUS_ASSIS CHATEAUBRIAND', 'CAMPUS_CAMPO LARGO', 'CAMPUS_CASCAVEL', 'CAMPUS_CURITIBA', 'CAMPUS_IRATI', 'CAMPUS_JACAREZINHO', 'CAMPUS_JAGUARIAÍVA', 'CAMPUS_LONDRINA - CENTRO', 'CAMPUS_PARANAGUÁ', 'CAMPUS_PARANAVAÍ', 'CAMPUS_PINHAIS', 'CAMPUS_TELÊMACO BORBA', 'CAMPUS_UNIÃO DA VITÓRIA', 'CURSOS_TEC_INTEGRADO', 'CURSOS_GRAD_MATUTINO', 'CURSOS_GRAD_VESPERTINO', 'CURSOS_GRAD_NOTURNO', 'FÉRIAS', 'GREVE', 'LAG_01', 'LAG_02', 'LAG_05', 'LAG_06', 'LAG_07', 'LAG_09');0.29254
('TEMP_MIN_MÉD_MENS', 'TEMP_MÉD_MÉD_MENS', 'TEMP_MÉD_ACC_MENS', 'TEMP_MIN_MIN_MENS', 'TEMP_MIN_ACC_MENS', 'TEMP_MAX_MIN_MENS', 'TEMP_MAX_MAX_MENS', 'TEMP_MAX_ACC_MENS', 'PRECIPITAÇÃO_ACC_MENS', 'DIA_DA_SEMANA_dom', 'DIA_DA_SEMANA_sex', 'DIA_DA_SEMANA_sáb', 'DIA_DA_SEMANA_ter', 'MÊS_ago', 'MÊS_dez', 'MÊS_fev', 'MÊS_jan', 'MÊS_jul', 'MÊS_mai', 'MÊS_out', 'ANO_2021', 'ANO_2022', 'ANO_2024', 'ANO_2015', 'ANO_2017', 'ANO_2020', 'CAMPUS_ASSIS CHATEAUBRIAND', 'CAMPUS_ASTORGA', 'CAMPUS_BARRACÃO', 'CAMPUS_CAMPO LARGO', 'CAMPUS_CAPANEMA', 'CAMPUS_CASCAVEL', 'CAMPUS_CURITIBA', 'CAMPUS_FOZ DO IGUAÇU', 'CAMPUS_GOIOERÊ', 'CAMPUS_IRATI', 'CAMPUS_IVAIPORÃ', 'CAMPUS_PALMAS', 'CAMPUS_PARANAVAÍ', 'CAMPUS_PINHAIS', 'CAMPUS_QUEDAS DO IGUAÇU', 'CAMPUS_TELÊMACO BORBA', 'CAMPUS_UMUARAMA', 'CAMPUS_UNIÃO DA VITÓRIA', 'CURSOS_TEC_CONCOMITANTE', 'CURSOS_TEC_SUBSEQUENTE', 'CURSOS_GRAD_MATUTINO', 'CURSOS_GRAD_VESPERTINO', 'CURSOS_GRAD_NOTURNO', 'CURSOS_POS', 'COVID', 'GREVE', 'ORDEM', 'LAG_02', 'LAG_03', 'LAG_04', 'LAG_05', 'LAG_06', 'LAG_07', 'LAG_08', 'LAG_10');0.2926
('TEMP_MIN_MÉD_MENS', 'TEMP_MÉD_MIN_MENS', 'TEMP_MÉD_ACC_MENS', 'PRECIPITAÇÃO_MÉD_MENS', 'PRECIPITAÇÃO_MIN_MENS', 'DIA_DA_SEMANA_dom', 'DIA_DA_SEMANA_qua', 'DIA_DA_SEMANA_qui', 'DIA_DA_SEMANA_sex', 'DIA_DA_SEMANA_ter', 'MÊS_abr', 'MÊS_ago', 'MÊS_dez', 'MÊS_fev', 'MÊS_jan', 'MÊS_jul', 'MÊS_jun', 'MÊS_mar', 'MÊS_nov', 'MÊS_out', 'MÊS_set', 'ANO_2021', 'ANO_2022', 'ANO_2016', 'ANO_2020', 'CAMPUS_ASSIS CHATEAUBRIAND', 'CAMPUS_BARRACÃO', 'CAMPUS_CAMPO LARGO', 'CAMPUS_CAPANEMA', 'CAMPUS_CORONEL VIVIDA', 'CAMPUS_CURITIBA', 'CAMPUS_IVAIPORÃ', 'CAMPUS_JACAREZINHO', 'CAMPUS_LONDRINA - CENTRO', 'CAMPUS_PARANAGUÁ', 'CAMPUS_PARANAVAÍ', 'CAMPUS_TELÊMACO BORBA', 'CAMPUS_UNIÃO DA VITÓRIA', 'CURSOS_TEC_INTEGRADO', 'CURSOS_TEC_SUBSEQUENTE', 'CURSOS_GRAD_MATUTINO', 'CURSOS_GRAD_VESPERTINO', 'FÉRIAS', 'FERIADO', 'COVID', 'ORDEM', 'LAG_01', 'LAG_03', 'LAG_08', 'LAG_09', 'LAG_10', 'LAG_12');0.29263
('TEMP_MÉD_MÉD_MENS', 'TEMP_MÉD_MAX_MENS', 'TEMP_MÉD_ACC_MENS', 'TEMP_MAX_MÉD_MENS', 'TEMP_MIN_MIN_MENS', 'TEMP_MIN_ACC_MENS', 'TEMP_MAX_MAX_MENS', 'TEMP_MAX_ACC_MENS', 'PRECIPITAÇÃO_MAX_MENS', 'PRECIPITAÇÃO_ACC_MENS', 'DIA_DA_SEMANA_dom', 'DIA_DA_SEMANA_qua', 'MÊS_dez', 'MÊS_fev', 'MÊS_jan', 'MÊS_jul', 'MÊS_out', 'ANO_2021', 'ANO_2023', 'ANO_2024', 'ANO_2017', 'ANO_2018', 'ANO_2019', 'CAMPUS_CAMPO LARGO', 'CAMPUS_CAPANEMA', 'CAMPUS_CASCAVEL', 'CAMPUS_CORONEL VIVIDA', 'CAMPUS_CURITIBA', 'CAMPUS_FOZ DO IGUAÇU', 'CAMPUS_GOIOERÊ', 'CAMPUS_IRATI', 'CAMPUS_IVAIPORÃ', 'CAMPUS_JAGUARIAÍVA', 'CAMPUS_LONDRINA - CENTRO', 'CAMPUS_PALMAS', 'CAMPUS_PARANAGUÁ', 'CAMPUS_PITANGA', 'CAMPUS_QUEDAS DO IGUAÇU', 'CAMPUS_UMUARAMA', 'CAMPUS_UNIÃO DA VITÓRIA', 'CURSOS_TEC_CONCOMITANTE', 'CURSOS_TEC_INTEGRADO', 'CURSOS_POS', 'FÉRIAS', 'FERIADO', 'COVID', 'GREVE', 'LAG_01', 'LAG_02', 'LAG_04', 'LAG_06', 'LAG_07', 'LAG_08', 'LAG_10', 'LAG_11', 'LAG_12');0.29265
('TEMP_MIN_MÉD_MENS', 'TEMP_MAX_MIN_MENS', 'PRECIPITAÇÃO_MIN_MENS', 'TEMP_MAX_MAX_MENS', 'PRECIPITAÇÃO_ACC_MENS', 'DIA_DA_SEMANA_qua', 'DIA_DA_SEMANA_qui', 'DIA_DA_SEMANA_seg', 'DIA_DA_SEMANA_sáb', 'DIA_DA_SEMANA_ter', 'MÊS_abr', 'MÊS_ago', 'MÊS_dez', 'MÊS_fev', 'MÊS_jan', 'MÊS_jun', 'MÊS_mai', 'MÊS_nov', 'MÊS_out', 'MÊS_set', 'ANO_2022', 'ANO_2023', 'ANO_2024', 'ANO_2015', 'ANO_2016', 'ANO_2017', 'ANO_2018', 'ANO_2020', 'CAMPUS_ASSIS CHATEAUBRIAND', 'CAMPUS_BARRACÃO', 'CAMPUS_CAPANEMA', 'CAMPUS_CASCAVEL', 'CAMPUS_CORONEL VIVIDA', 'CAMPUS_FOZ DO IGUAÇU', 'CAMPUS_GOIOERÊ', 'CAMPUS_IRATI', 'CAMPUS_IVAIPORÃ', 'CAMPUS_JAGUARIAÍVA', 'CAMPUS_LONDRINA - CENTRO', 'CAMPUS_PALMAS', 'CAMPUS_PINHAIS', 'CAMPUS_PITANGA', 'CAMPUS_UMUARAMA', 'CAMPUS_UNIÃO DA VITÓRIA', 'CURSOS_TEC_CONCOMITANTE', 'CURSOS_TEC_INTEGRADO', 'CURSOS_GRAD_MATUTINO', 'FÉRIAS', 'COVID', 'ORDEM', 'LAG_02', 'LAG_03', 'LAG_04', 'LAG_06', 'LAG_07', 'LAG_08', 'LAG_09', 'LAG_12');0.29266
('TEMP_MÉD_MIN_MENS', 'TEMP_MÉD_MAX_MENS', 'TEMP_MÉD_ACC_MENS', 'TEMP_MAX_MÉD_MENS', 'PRECIPITAÇÃO_MÉD_MENS', 'TEMP_MIN_MIN_MENS', 'TEMP_MIN_MAX_MENS', 'TEMP_MIN_ACC_MENS', 'TEMP_MAX_MAX_MENS', 'PRECIPITAÇÃO_MAX_MENS', 'PRECIPITAÇÃO_ACC_MENS', 'DIA_DA_SEMANA_seg', 'DIA_DA_SEMANA_ter', 'MÊS_abr', 'MÊS_ago', 'MÊS_dez', 'MÊS_jul', 'MÊS_jun', 'MÊS_out', 'MÊS_set', 'ANO_2022', 'ANO_2023', 'ANO_2024', 'ANO_2015', 'ANO_2016', 'ANO_2018', 'CAMPUS_ASSIS CHATEAUBRIAND', 'CAMPUS_BARRACÃO', 'CAMPUS_CAMPO LARGO', 'CAMPUS_CAPANEMA', 'CAMPUS_CURITIBA', 'CAMPUS_FOZ DO IGUAÇU', 'CAMPUS_GOIOERÊ', 'CAMPUS_IRATI', 'CAMPUS_JAGUARIAÍVA', 'CAMPUS_LONDRINA - CENTRO', 'CAMPUS_PALMAS', 'CAMPUS_PINHAIS', 'CURSOS_TEC_CONCOMITANTE', 'CURSOS_TEC_INTEGRADO', 'CURSOS_TEC_SUBSEQUENTE', 'CURSOS_GRAD_VESPERTINO', 'CURSOS_GRAD_NOTURNO', 'CURSOS_POS', 'COVID', 'GREVE', 'ORDEM', 'LAG_01', 'LAG_02', 'LAG_03', 'LAG_04', 'LAG_05', 'LAG_06', 'LAG_08', 'LAG_09', 'LAG_10', 'LAG_11', 'LAG_12');0.29272
('TEMP_MIN_MÉD_MENS', 'TEMP_MÉD_MAX_MENS', 'TEMP_MAX_MÉD_MENS', 'TEMP_MIN_MIN_MENS', 'TEMP_MAX_MIN_MENS', 'PRECIPITAÇÃO_MIN_MENS', 'TEMP_MAX_ACC_MENS', 'PRECIPITAÇÃO_MAX_MENS', 'DIA_DA_SEMANA_dom', 'DIA_DA_SEMANA_qua', 'DIA_DA_SEMANA_qui', 'DIA_DA_SEMANA_seg', 'DIA_DA_SEMANA_sex', 'DIA_DA_SEMANA_sáb', 'MÊS_ago', 'MÊS_dez', 'MÊS_fev', 'MÊS_jul', 'MÊS_jun', 'MÊS_mai', 'MÊS_mar', 'MÊS_nov', 'MÊS_set', 'ANO_2024', 'ANO_2015', 'ANO_2016', 'ANO_2019', 'ANO_2020', 'CAMPUS_ASTORGA', 'CAMPUS_BARRACÃO', 'CAMPUS_CAPANEMA', 'CAMPUS_CORONEL VIVIDA', 'CAMPUS_CURITIBA', 'CAMPUS_GOIOERÊ', 'CAMPUS_IRATI', 'CAMPUS_JACAREZINHO', 'CAMPUS_JAGUARIAÍVA', 'CAMPUS_LONDRINA - CENTRO', 'CAMPUS_PALMAS', 'CAMPUS_PARANAGUÁ', 'CAMPUS_PINHAIS', 'CAMPUS_UMUARAMA', 'CAMPUS_UNIÃO DA VITÓRIA', 'CURSOS_TEC_CONCOMITANTE', 'CURSOS_TEC_INTEGRADO', 'CURSOS_TEC_SUBSEQUENTE', 'CURSOS_GRAD_MATUTINO', 'CURSOS_GRAD_VESPERTINO', 'CURSOS_GRAD_NOTURNO', 'FÉRIAS', 'COVID', 'GREVE', 'ORDEM', 'LAG_01', 'LAG_02', 'LAG_04', 'LAG_05', 'LAG_07', 'LAG_08', 'LAG_09', 'LAG_10', 'LAG_11');0.29272
('TEMP_MÉD_MÉD_MENS', 'TEMP_MÉD_MAX_MENS', 'TEMP_MÉD_ACC_MENS', 'TEMP_MAX_MÉD_MENS', 'PRECIPITAÇÃO_MÉD_MENS', 'TEMP_MIN_MIN_MENS', 'TEMP_MAX_ACC_MENS', 'PRECIPITAÇÃO_MAX_MENS', 'PRECIPITAÇÃO_ACC_MENS', 'DIA_DA_SEMANA_qua', 'DIA_DA_SEMANA_qui', 'DIA_DA_SEMANA_sex', 'DIA_DA_SEMANA_sáb', 'DIA_DA_SEMANA_ter', 'MÊS_abr', 'MÊS_ago', 'MÊS_fev', 'MÊS_jan', 'MÊS_jul', 'MÊS_jun', 'MÊS_mai', 'MÊS_mar', 'MÊS_set', 'ANO_2021', 'ANO_2023', 'ANO_2017', 'ANO_2019', 'CAMPUS_ASSIS CHATEAUBRIAND', 'CAMPUS_ASTORGA', 'CAMPUS_CAMPO LARGO', 'CAMPUS_CAPANEMA', 'CAMPUS_CASCAVEL', 'CAMPUS_CORONEL VIVIDA', 'CAMPUS_CURITIBA', 'CAMPUS_GOIOERÊ', 'CAMPUS_IRATI', 'CAMPUS_IVAIPORÃ', 'CAMPUS_JACAREZINHO', 'CAMPUS_JAGUARIAÍVA', 'CAMPUS_LONDRINA - CENTRO', 'CAMPUS_PALMAS', 'CAMPUS_PARANAVAÍ', 'CAMPUS_PITANGA', 'CAMPUS_QUEDAS DO IGUAÇU', 'CAMPUS_TELÊMACO BORBA', 'CURSOS_TEC_CONCOMITANTE', 'CURSOS_TEC_INTEGRADO', 'CURSOS_TEC_SUBSEQUENTE', 'CURSOS_GRAD_MATUTINO', 'CURSOS_GRAD_VESPERTINO', 'CURSOS_POS', 'FÉRIAS', 'FERIADO', 'COVID', 'ORDEM', 'LAG_01', 'LAG_02', 'LAG_05', 'LAG_07', 'LAG_10', 'LAG_11');0.29273
('TEMP_MIN_MÉD_MENS', 'TEMP_MÉD_MIN_MENS', 'TEMP_MÉD_ACC_MENS', 'PRECIPITAÇÃO_MÉD_MENS', 'TEMP_MIN_ACC_MENS', 'TEMP_MAX_MIN_MENS', 'PRECIPITAÇÃO_MIN_MENS', 'TEMP_MAX_MAX_MENS', 'TEMP_MAX_ACC_MENS', 'PRECIPITAÇÃO_ACC_MENS', 'DIA_DA_SEMANA_dom', 'DIA_DA_SEMANA_qua', 'DIA_DA_SEMANA_qui', 'DIA_DA_SEMANA_seg', 'DIA_DA_SEMANA_sex', 'DIA_DA_SEMANA_ter', 'MÊS_abr', 'MÊS_dez', 'MÊS_fev', 'MÊS_jun', 'MÊS_mar', 'MÊS_nov', 'MÊS_out', 'ANO_2022', 'ANO_2015', 'ANO_2016', 'ANO_2018', 'ANO_2019', 'ANO_2020', 'CAMPUS_ASSIS CHATEAUBRIAND', 'CAMPUS_BARRACÃO', 'CAMPUS_CASCAVEL', 'CAMPUS_FOZ DO IGUAÇU', 'CAMPUS_IVAIPORÃ', 'CAMPUS_JACAREZINHO', 'CAMPUS_JAGUARIAÍVA', 'CAMPUS_PALMAS', 'CAMPUS_PARANAGUÁ', 'CAMPUS_PITANGA', 'CAMPUS_UMUARAMA', 'CAMPUS_UNIÃO DA VITÓRIA', 'CURSOS_TEC_CONCOMITANTE', 'CURSOS_TEC_INTEGRADO', 'CURSOS_GRAD_MATUTINO', 'CURSOS_GRAD_VESPERTINO', 'CURSOS_GRAD_NOTURNO', 'CURSOS_POS', 'FERIADO', 'COVID', 'GREVE', 'ORDEM', 'LAG_01', 'LAG_02', 'LAG_03', 'LAG_04', 'LAG_05', 'LAG_06', 'LAG_07', 'LAG_09', 'LAG_10', 'LAG_11', 'LAG_12');0.29274
('TEMP_MIN_MÉD_MENS', 'TEMP_MÉD_MAX_MENS', 'TEMP_MAX_MÉD_MENS', 'PRECIPITAÇÃO_MÉD_MENS', 'TEMP_MIN_MIN_MENS', 'TEMP_MIN_ACC_MENS', 'TEMP_MAX_MAX_MENS', 'TEMP_MAX_ACC_MENS', 'PRECIPITAÇÃO_MAX_MENS', 'PRECIPITAÇÃO_ACC_MENS', 'DIA_DA_SEMANA_qua', 'DIA_DA_SEMANA_sex', 'DIA_DA_SEMANA_ter', 'MÊS_jul', 'MÊS_mai', 'MÊS_mar', 'MÊS_set', 'ANO_2021', 'ANO_2024', 'ANO_2016', 'ANO_2018', 'ANO_2020', 'CAMPUS_ASSIS CHATEAUBRIAND', 'CAMPUS_CAMPO LARGO', 'CAMPUS_CORONEL VIVIDA', 'CAMPUS_CURITIBA', 'CAMPUS_FOZ DO IGUAÇU', 'CAMPUS_IRATI', 'CAMPUS_IVAIPORÃ', 'CAMPUS_JAGUARIAÍVA', 'CAMPUS_LONDRINA - CENTRO', 'CAMPUS_PALMAS', 'CAMPUS_PARANAGUÁ', 'CAMPUS_PARANAVAÍ', 'CAMPUS_PITANGA', 'CAMPUS_QUEDAS DO IGUAÇU', 'CAMPUS_TELÊMACO BORBA', 'CURSOS_TEC_CONCOMITANTE', 'CURSOS_TEC_INTEGRADO', 'CURSOS_TEC_SUBSEQUENTE', 'CURSOS_GRAD_MATUTINO', 'CURSOS_GRAD_VESPERTINO', 'FÉRIAS', 'COVID', 'LAG_01', 'LAG_03', 'LAG_05', 'LAG_07', 'LAG_08', 'LAG_10', 'LAG_11');0.29274
('TEMP_MIN_MÉD_MENS', 'TEMP_MÉD_MIN_MENS', 'TEMP_MAX_MÉD_MENS', 'PRECIPITAÇÃO_MÉD_MENS', 'TEMP_MIN_ACC_MENS', 'TEMP_MAX_MIN_MENS', 'PRECIPITAÇÃO_MIN_MENS', 'TEMP_MAX_MAX_MENS', 'PRECIPITAÇÃO_MAX_MENS', 'DIA_DA_SEMANA_qua', 'DIA_DA_SEMANA_qui', 'DIA_DA_SEMANA_sáb', 'DIA_DA_SEMANA_ter', 'MÊS_ago', 'MÊS_dez', 'MÊS_fev', 'MÊS_mai', 'MÊS_mar', 'MÊS_nov', 'MÊS_out', 'MÊS_set', 'ANO_2021', 'ANO_2022', 'ANO_2024', 'ANO_2015', 'ANO_2016', 'ANO_2017', 'ANO_2018', 'ANO_2019', 'ANO_2020', 'CAMPUS_ASSIS CHATEAUBRIAND', 'CAMPUS_ASTORGA', 'CAMPUS_BARRACÃO', 'CAMPUS_CAPANEMA', 'CAMPUS_CASCAVEL', 'CAMPUS_IVAIPORÃ', 'CAMPUS_LONDRINA - CENTRO', 'CAMPUS_PALMAS', 'CAMPUS_PARANAGUÁ', 'CAMPUS_PITANGA', 'CAMPUS_TELÊMACO BORBA', 'CAMPUS_UMUARAMA', 'CURSOS_TEC_CONCOMITANTE', 'CURSOS_TEC_INTEGRADO', 'CURSOS_TEC_SUBSEQUENTE', 'CURSOS_GRAD_MATUTINO', 'CURSOS_POS', 'FÉRIAS', 'FERIADO', 'ORDEM', 'LAG_02', 'LAG_03', 'LAG_06', 'LAG_08', 'LAG_10');0.29274
('TEMP_MIN_MÉD_MENS', 'TEMP_MÉD_MÉD_MENS', 'TEMP_MÉD_MAX_MENS', 'TEMP_MÉD_ACC_MENS', 'PRECIPITAÇÃO_MÉD_MENS', 'TEMP_MIN_MAX_MENS', 'TEMP_MIN_ACC_MENS', 'PRECIPITAÇÃO_MIN_MENS', 'TEMP_MAX_MAX_MENS', 'PRECIPITAÇÃO_ACC_MENS', 'DIA_DA_SEMANA_qua', 'DIA_DA_SEMANA_seg', 'DIA_DA_SEMANA_sex', 'DIA_DA_SEMANA_sáb', 'DIA_DA_SEMANA_ter', 'MÊS_abr', 'MÊS_ago', 'MÊS_jan', 'MÊS_jul', 'MÊS_mar', 'MÊS_nov', 'MÊS_out', 'MÊS_set', 'ANO_2024', 'ANO_2015', 'ANO_2018', 'ANO_2019', 'ANO_2020', 'CAMPUS_ASSIS CHATEAUBRIAND', 'CAMPUS_BARRACÃO', 'CAMPUS_CAMPO LARGO', 'CAMPUS_CORONEL VIVIDA', 'CAMPUS_CURITIBA', 'CAMPUS_GOIOERÊ', 'CAMPUS_JACAREZINHO', 'CAMPUS_JAGUARIAÍVA', 'CAMPUS_LONDRINA - CENTRO', 'CAMPUS_PALMAS', 'CAMPUS_PINHAIS', 'CAMPUS_PITANGA', 'CAMPUS_QUEDAS DO IGUAÇU', 'CURSOS_TEC_INTEGRADO', 'CURSOS_GRAD_VESPERTINO', 'CURSOS_POS', 'FÉRIAS', 'FERIADO', 'COVID', 'ORDEM', 'LAG_01', 'LAG_02', 'LAG_03', 'LAG_05', 'LAG_07', 'LAG_09', 'LAG_10', 'LAG_12');0.29278
('TEMP_MÉD_MÉD_MENS', 'TEMP_MÉD_MAX_MENS', 'TEMP_MÉD_ACC_MENS', 'PRECIPITAÇÃO_MÉD_MENS', 'TEMP_MIN_MIN_MENS', 'TEMP_MAX_MIN_MENS', 'PRECIPITAÇÃO_MIN_MENS', 'PRECIPITAÇÃO_MAX_MENS', 'PRECIPITAÇÃO_ACC_MENS', 'DIA_DA_SEMANA_dom', 'DIA_DA_SEMANA_qui', 'DIA_DA_SEMANA_seg', 'DIA_DA_SEMANA_sex', 'DIA_DA_SEMANA_sáb', 'MÊS_abr', 'MÊS_ago', 'MÊS_fev', 'MÊS_jan', 'MÊS_jul', 'MÊS_jun', 'MÊS_mai', 'MÊS_mar', 'MÊS_out', 'MÊS_set', 'ANO_2021', 'ANO_2022', 'ANO_2023', 'ANO_2015', 'ANO_2016', 'ANO_2018', 'ANO_2019', 'CAMPUS_ASSIS CHATEAUBRIAND', 'CAMPUS_BARRACÃO', 'CAMPUS_CASCAVEL', 'CAMPUS_CORONEL VIVIDA', 'CAMPUS_CURITIBA', 'CAMPUS_FOZ DO IGUAÇU', 'CAMPUS_IVAIPORÃ', 'CAMPUS_JACAREZINHO', 'CAMPUS_PALMAS', 'CAMPUS_PINHAIS', 'CAMPUS_QUEDAS DO IGUAÇU', 'CAMPUS_TELÊMACO BORBA', 'CAMPUS_UMUARAMA', 'CAMPUS_UNIÃO DA VITÓRIA', 'CURSOS_TEC_CONCOMITANTE', 'CURSOS_TEC_SUBSEQUENTE', 'CURSOS_GRAD_VESPERTINO', 'CURSOS_GRAD_NOTURNO', 'FÉRIAS', 'FERIADO', 'COVID', 'GREVE', 'LAG_01', 'LAG_02', 'LAG_04', 'LAG_06', 'LAG_07', 'LAG_09', 'LAG_10', 'LAG_11', 'LAG_12');0.29282
('TEMP_MIN_MÉD_MENS', 'TEMP_MÉD_ACC_MENS', 'TEMP_MAX_MÉD_MENS', 'PRECIPITAÇÃO_MÉD_MENS', 'TEMP_MIN_MIN_MENS', 'TEMP_MIN_MAX_MENS', 'TEMP_MAX_ACC_MENS', 'PRECIPITAÇÃO_MAX_MENS', 'DIA_DA_SEMANA_dom', 'DIA_DA_SEMANA_qui', 'DIA_DA_SEMANA_seg', 'DIA_DA_SEMANA_sex', 'DIA_DA_SEMANA_sáb', 'MÊS_abr', 'MÊS_ago', 'MÊS_jan', 'MÊS_jun', 'MÊS_mai', 'MÊS_mar', 'MÊS_nov', 'MÊS_out', 'MÊS_set', 'ANO_2021', 'ANO_2022', 'ANO_2023', 'ANO_2024', 'ANO_2015', 'ANO_2018', 'ANO_2019', 'ANO_2020', 'CAMPUS_ASTORGA', 'CAMPUS_BARRACÃO', 'CAMPUS_CAMPO LARGO', 'CAMPUS_CAPANEMA', 'CAMPUS_CASCAVEL', 'CAMPUS_CURITIBA', 'CAMPUS_FOZ DO IGUAÇU', 'CAMPUS_GOIOERÊ', 'CAMPUS_IRATI', 'CAMPUS_IVAIPORÃ', 'CAMPUS_LONDRINA - CENTRO', 'CAMPUS_PALMAS', 'CAMPUS_PINHAIS', 'CAMPUS_PITANGA', 'CAMPUS_QUEDAS DO IGUAÇU', 'CAMPUS_TELÊMACO BORBA', 'CAMPUS_UNIÃO DA VITÓRIA', 'CURSOS_TEC_SUBSEQUENTE', 'CURSOS_GRAD_MATUTINO', 'CURSOS_GRAD_VESPERTINO', 'FÉRIAS', 'FERIADO', 'GREVE', 'LAG_01', 'LAG_03', 'LAG_05', 'LAG_06', 'LAG_07', 'LAG_08', 'LAG_09', 'LAG_10', 'LAG_11');0.29283
('TEMP_MIN_MÉD_MENS', 'TEMP_MÉD_MAX_MENS', 'TEMP_MÉD_ACC_MENS', 'PRECIPITAÇÃO_MÉD_MENS', 'PRECIPITAÇÃO_MIN_MENS', 'TEMP_MAX_MAX_MENS', 'DIA_DA_SEMANA_dom', 'DIA_DA_SEMANA_qui', 'DIA_DA_SEMANA_sex', 'DIA_DA_SEMANA_ter', 'MÊS_dez', 'MÊS_fev', 'MÊS_mai', 'MÊS_nov', 'MÊS_set', 'ANO_2021', 'ANO_2015', 'ANO_2016', 'ANO_2017', 'ANO_2018', 'ANO_2019', 'CAMPUS_ASSIS CHATEAUBRIAND', 'CAMPUS_CAMPO LARGO', 'CAMPUS_CAPANEMA', 'CAMPUS_CASCAVEL', 'CAMPUS_CURITIBA', 'CAMPUS_IRATI', 'CAMPUS_IVAIPORÃ', 'CAMPUS_JAGUARIAÍVA', 'CAMPUS_PALMAS', 'CAMPUS_PINHAIS', 'CAMPUS_PITANGA', 'CAMPUS_QUEDAS DO IGUAÇU', 'CAMPUS_TELÊMACO BORBA', 'CAMPUS_UNIÃO DA VITÓRIA', 'CURSOS_TEC_SUBSEQUENTE', 'CURSOS_GRAD_NOTURNO', 'CURSOS_POS', 'FÉRIAS', 'ORDEM', 'LAG_01', 'LAG_02', 'LAG_03', 'LAG_04', 'LAG_05', 'LAG_07', 'LAG_09', 'LAG_10', 'LAG_11');0.29287
('TEMP_MIN_MÉD_MENS', 'TEMP_MÉD_MÉD_MENS', 'TEMP_MÉD_MAX_MENS', 'TEMP_MÉD_ACC_MENS', 'TEMP_MAX_MÉD_MENS', 'PRECIPITAÇÃO_MÉD_MENS', 'TEMP_MIN_MIN_MENS', 'TEMP_MIN_MAX_MENS', 'TEMP_MAX_MIN_MENS', 'TEMP_MAX_MAX_MENS', 'TEMP_MAX_ACC_MENS', 'DIA_DA_SEMANA_dom', 'DIA_DA_SEMANA_qua', 'DIA_DA_SEMANA_qui', 'DIA_DA_SEMANA_sex', 'DIA_DA_SEMANA_sáb', 'MÊS_abr', 'MÊS_ago', 'MÊS_fev', 'MÊS_jan', 'MÊS_mai', 'MÊS_nov', 'ANO_2021', 'ANO_2022', 'ANO_2023', 'ANO_2024', 'ANO_2015', 'ANO_2017', 'ANO_2019', 'ANO_2020', 'CAMPUS_CAMPO LARGO', 'CAMPUS_CASCAVEL', 'CAMPUS_CURITIBA', 'CAMPUS_FOZ DO IGUAÇU', 'CAMPUS_IRATI', 'CAMPUS_JACAREZINHO', 'CAMPUS_JAGUARIAÍVA', 'CAMPUS_PARANAGUÁ', 'CAMPUS_PARANAVAÍ', 'CAMPUS_PITANGA', 'CAMPUS_QUEDAS DO IGUAÇU', 'CAMPUS_UMUARAMA', 'CURSOS_TEC_CONCOMITANTE', 'CURSOS_TEC_SUBSEQUENTE', 'CURSOS_GRAD_MATUTINO', 'CURSOS_GRAD_VESPERTINO', 'CURSOS_GRAD_NOTURNO', 'CURSOS_POS', 'COVID', 'LAG_01', 'LAG_02', 'LAG_03', 'LAG_05', 'LAG_09');0.29288
('TEMP_MÉD_MIN_MENS', 'TEMP_MÉD_ACC_MENS', 'PRECIPITAÇÃO_MÉD_MENS', 'TEMP_MIN_MIN_MENS', 'TEMP_MAX_MIN_MENS', 'PRECIPITAÇÃO_MIN_MENS', 'TEMP_MAX_MAX_MENS', 'TEMP_MAX_ACC_MENS', 'PRECIPITAÇÃO_MAX_MENS', 'DIA_DA_SEMANA_dom', 'DIA_DA_SEMANA_seg', 'DIA_DA_SEMANA_sex', 'DIA_DA_SEMANA_sáb', 'MÊS_dez', 'MÊS_fev', 'MÊS_jan', 'MÊS_jul', 'MÊS_mai', 'MÊS_mar', 'MÊS_out', 'MÊS_set', 'ANO_2021', 'ANO_2022', 'ANO_2023', 'ANO_2024', 'ANO_2015', 'ANO_2016', 'ANO_2017', 'ANO_2018', 'ANO_2020', 'CAMPUS_ASTORGA', 'CAMPUS_BARRACÃO', 'CAMPUS_CAPANEMA', 'CAMPUS_CORONEL VIVIDA', 'CAMPUS_CURITIBA', 'CAMPUS_GOIOERÊ', 'CAMPUS_IRATI', 'CAMPUS_LONDRINA - CENTRO', 'CAMPUS_PALMAS', 'CAMPUS_PARANAGUÁ', 'CAMPUS_PINHAIS', 'CAMPUS_PITANGA', 'CAMPUS_QUEDAS DO IGUAÇU', 'CAMPUS_TELÊMACO BORBA', 'CAMPUS_UMUARAMA', 'CAMPUS_UNIÃO DA VITÓRIA', 'CURSOS_GRAD_MATUTINO', 'FÉRIAS', 'COVID', 'GREVE', 'ORDEM', 'LAG_01', 'LAG_04', 'LAG_05', 'LAG_08', 'LAG_09', 'LAG_10', 'LAG_11', 'LAG_12');0.29292
('TEMP_MÉD_MIN_MENS', 'TEMP_MÉD_MAX_MENS', 'TEMP_MAX_MÉD_MENS', 'TEMP_MAX_MIN_MENS', 'TEMP_MAX_MAX_MENS', 'DIA_DA_SEMANA_qua', 'DIA_DA_SEMANA_qui', 'DIA_DA_SEMANA_seg', 'DIA_DA_SEMANA_sex', 'DIA_DA_SEMANA_sáb', 'DIA_DA_SEMANA_ter', 'MÊS_ago', 'MÊS_dez', 'MÊS_jan', 'MÊS_jul', 'MÊS_jun', 'MÊS_mai', 'MÊS_mar', 'MÊS_nov', 'MÊS_out', 'MÊS_set', 'ANO_2021', 'ANO_2024', 'ANO_2015', 'ANO_2017', 'ANO_2018', 'ANO_2020', 'CAMPUS_ASTORGA', 'CAMPUS_BARRACÃO', 'CAMPUS_CAMPO LARGO', 'CAMPUS_CAPANEMA', 'CAMPUS_CASCAVEL', 'CAMPUS_CORONEL VIVIDA', 'CAMPUS_FOZ DO IGUAÇU', 'CAMPUS_IVAIPORÃ', 'CAMPUS_JACAREZINHO', 'CAMPUS_JAGUARIAÍVA', 'CAMPUS_PARANAGUÁ', 'CAMPUS_PINHAIS', 'CAMPUS_PITANGA', 'CAMPUS_QUEDAS DO IGUAÇU', 'CAMPUS_TELÊMACO BORBA', 'CAMPUS_UMUARAMA', 'CURSOS_TEC_CONCOMITANTE', 'CURSOS_TEC_INTEGRADO', 'CURSOS_GRAD_MATUTINO', 'CURSOS_GRAD_VESPERTINO', 'CURSOS_GRAD_NOTURNO', 'FERIADO', 'COVID', 'GREVE', 'ORDEM', 'LAG_02', 'LAG_03', 'LAG_04', 'LAG_06', 'LAG_07', 'LAG_08', 'LAG_09', 'LAG_10');0.29292
('TEMP_MÉD_MIN_MENS', 'TEMP_MÉD_MÉD_MENS', 'TEMP_MÉD_ACC_MENS', 'TEMP_MAX_MÉD_MENS', 'PRECIPITAÇÃO_MÉD_MENS', 'TEMP_MIN_MIN_MENS', 'TEMP_MIN_MAX_MENS', 'TEMP_MIN_ACC_MENS', 'TEMP_MAX_MIN_MENS', 'PRECIPITAÇÃO_MIN_MENS', 'TEMP_MAX_MAX_MENS', 'DIA_DA_SEMANA_dom', 'DIA_DA_SEMANA_qua', 'DIA_DA_SEMANA_qui', 'DIA_DA_SEMANA_seg', 'DIA_DA_SEMANA_sáb', 'DIA_DA_SEMANA_ter', 'MÊS_abr', 'MÊS_ago', 'MÊS_dez', 'MÊS_mai', 'MÊS_mar', 'MÊS_out', 'MÊS_set', 'ANO_2021', 'ANO_2024', 'ANO_2015', 'ANO_2016', 'ANO_2017', 'ANO_2018', 'ANO_2019', 'CAMPUS_ASSIS CHATEAUBRIAND', 'CAMPUS_BARRACÃO', 'CAMPUS_CAMPO LARGO', 'CAMPUS_CASCAVEL', 'CAMPUS_CORONEL VIVIDA', 'CAMPUS_GOIOERÊ', 'CAMPUS_IRATI', 'CAMPUS_IVAIPORÃ', 'CAMPUS_JACAREZINHO', 'CAMPUS_JAGUARIAÍVA', 'CAMPUS_LONDRINA - CENTRO', 'CAMPUS_PARANAVAÍ', 'CAMPUS_PITANGA', 'CAMPUS_QUEDAS DO IGUAÇU', 'CURSOS_TEC_INTEGRADO', 'CURSOS_TEC_SUBSEQUENTE', 'CURSOS_GRAD_VESPERTINO', 'CURSOS_POS', 'FÉRIAS', 'FERIADO', 'COVID', 'GREVE', 'ORDEM', 'LAG_02', 'LAG_03', 'LAG_04', 'LAG_08', 'LAG_10');0.29296
('TEMP_MIN_MÉD_MENS', 'TEMP_MÉD_MÉD_MENS', 'TEMP_MÉD_ACC_MENS', 'TEMP_MIN_MAX_MENS', 'TEMP_MIN_ACC_MENS', 'PRECIPITAÇÃO_MIN_MENS', 'TEMP_MAX_MAX_MENS', 'TEMP_MAX_ACC_MENS', 'PRECIPITAÇÃO_ACC_MENS', 'DIA_DA_SEMANA_qua', 'DIA_DA_SEMANA_qui', 'DIA_DA_SEMANA_seg', 'DIA_DA_SEMANA_sáb', 'DIA_DA_SEMANA_ter', 'MÊS_fev', 'MÊS_jan', 'MÊS_jul', 'MÊS_mai', 'MÊS_mar', 'MÊS_nov', 'MÊS_out', 'ANO_2021', 'ANO_2024', 'ANO_2015', 'ANO_2020', 'CAMPUS_ASTORGA', 'CAMPUS_BARRACÃO', 'CAMPUS_CAPANEMA', 'CAMPUS_CASCAVEL', 'CAMPUS_CORONEL VIVIDA', 'CAMPUS_CURITIBA', 'CAMPUS_IRATI', 'CAMPUS_IVAIPORÃ', 'CAMPUS_JACAREZINHO', 'CAMPUS_JAGUARIAÍVA', 'CAMPUS_LONDRINA - CENTRO', 'CAMPUS_PALMAS', 'CAMPUS_PINHAIS', 'CAMPUS_PITANGA', 'CAMPUS_QUEDAS DO IGUAÇU', 'CAMPUS_UNIÃO DA VITÓRIA', 'CURSOS_TEC_CONCOMITANTE', 'CURSOS_TEC_SUBSEQUENTE', 'CURSOS_GRAD_NOTURNO', 'FÉRIAS', 'FERIADO', 'COVID', 'ORDEM', 'LAG_02', 'LAG_03', 'LAG_04', 'LAG_05', 'LAG_06', 'LAG_07', 'LAG_08', 'LAG_09', 'LAG_10', 'LAG_12');0.29305
('TEMP_MIN_MÉD_MENS', 'TEMP_MAX_MÉD_MENS', 'TEMP_MIN_MIN_MENS', 'TEMP_MAX_MIN_MENS', 'PRECIPITAÇÃO_MIN_MENS', 'TEMP_MAX_MAX_MENS', 'TEMP_MAX_ACC_MENS', 'DIA_DA_SEMANA_seg', 'DIA_DA_SEMANA_sex', 'DIA_DA_SEMANA_sáb', 'DIA_DA_SEMANA_ter', 'MÊS_abr', 'MÊS_ago', 'MÊS_dez', 'MÊS_fev', 'MÊS_jan', 'MÊS_jul', 'MÊS_set', 'ANO_2021', 'ANO_2022', 'ANO_2015', 'ANO_2018', 'ANO_2019', 'CAMPUS_ASSIS CHATEAUBRIAND', 'CAMPUS_BARRACÃO', 'CAMPUS_CASCAVEL', 'CAMPUS_CORONEL VIVIDA', 'CAMPUS_FOZ DO IGUAÇU', 'CAMPUS_GOIOERÊ', 'CAMPUS_JACAREZINHO', 'CAMPUS_LONDRINA - CENTRO', 'CAMPUS_PALMAS', 'CAMPUS_PARANAVAÍ', 'CAMPUS_PITANGA', 'CAMPUS_TELÊMACO BORBA', 'CAMPUS_UMUARAMA', 'CAMPUS_UNIÃO DA VITÓRIA', 'CURSOS_TEC_SUBSEQUENTE', 'CURSOS_GRAD_MATUTINO', 'CURSOS_GRAD_VESPERTINO', 'CURSOS_POS', 'FÉRIAS', 'FERIADO', 'ORDEM', 'LAG_03', 'LAG_04', 'LAG_05', 'LAG_08', 'LAG_09', 'LAG_10', 'LAG_11', 'LAG_12');0.29305
('TEMP_MÉD_MAX_MENS', 'TEMP_MÉD_ACC_MENS', 'TEMP_MIN_MIN_MENS', 'TEMP_MIN_ACC_MENS', 'TEMP_MAX_MAX_MENS', 'PRECIPITAÇÃO_ACC_MENS', 'DIA_DA_SEMANA_sáb', 'MÊS_abr', 'MÊS_ago', 'MÊS_fev', 'MÊS_jan', 'MÊS_out', 'ANO_2015', 'ANO_2018', 'ANO_2019', 'CAMPUS_ASSIS CHATEAUBRIAND', 'CAMPUS_ASTORGA', 'CAMPUS_CAMPO LARGO', 'CAMPUS_CAPANEMA', 'CAMPUS_CASCAVEL', 'CAMPUS_CORONEL VIVIDA', 'CAMPUS_FOZ DO IGUAÇU', 'CAMPUS_IVAIPORÃ', 'CAMPUS_JAGUARIAÍVA', 'CAMPUS_LONDRINA - CENTRO', 'CAMPUS_PALMAS', 'CAMPUS_PARANAGUÁ', 'CAMPUS_PARANAVAÍ', 'CAMPUS_PINHAIS', 'CAMPUS_PITANGA', 'CAMPUS_QUEDAS DO IGUAÇU', 'CAMPUS_TELÊMACO BORBA', 'CAMPUS_UNIÃO DA VITÓRIA', 'CURSOS_TEC_CONCOMITANTE', 'CURSOS_TEC_INTEGRADO', 'CURSOS_GRAD_VESPERTINO', 'CURSOS_GRAD_NOTURNO', 'CURSOS_POS', 'FÉRIAS', 'GREVE', 'LAG_01', 'LAG_02', 'LAG_03', 'LAG_04', 'LAG_05', 'LAG_06', 'LAG_07', 'LAG_08', 'LAG_09');0.29305
('TEMP_MÉD_MAX_MENS', 'TEMP_MIN_MIN_MENS', 'TEMP_MIN_ACC_MENS', 'TEMP_MAX_ACC_MENS', 'PRECIPITAÇÃO_ACC_MENS', 'DIA_DA_SEMANA_dom', 'DIA_DA_SEMANA_qua', 'DIA_DA_SEMANA_seg', 'DIA_DA_SEMANA_sex', 'DIA_DA_SEMANA_sáb', 'DIA_DA_SEMANA_ter', 'MÊS_abr', 'MÊS_ago', 'MÊS_jan', 'MÊS_jul', 'MÊS_jun', 'MÊS_mai', 'MÊS_nov', 'MÊS_out', 'MÊS_set', 'ANO_2021', 'ANO_2022', 'ANO_2023', 'ANO_2024', 'ANO_2016', 'ANO_2017', 'ANO_2018', 'ANO_2019', 'CAMPUS_ASSIS CHATEAUBRIAND', 'CAMPUS_ASTORGA', 'CAMPUS_BARRACÃO', 'CAMPUS_CAPANEMA', 'CAMPUS_CASCAVEL', 'CAMPUS_CORONEL VIVIDA', 'CAMPUS_CURITIBA', 'CAMPUS_IRATI', 'CAMPUS_JACAREZINHO', 'CAMPUS_LONDRINA - CENTRO', 'CAMPUS_PARANAVAÍ', 'CAMPUS_PINHAIS', 'CAMPUS_PITANGA', 'CAMPUS_QUEDAS DO IGUAÇU', 'CAMPUS_TELÊMACO BORBA', 'CURSOS_TEC_CONCOMITANTE', 'CURSOS_TEC_INTEGRADO', 'CURSOS_TEC_SUBSEQUENTE', 'CURSOS_GRAD_VESPERTINO', 'CURSOS_GRAD_NOTURNO', 'CURSOS_POS', 'FERIADO', 'COVID', 'GREVE', 'ORDEM', 'LAG_01', 'LAG_02', 'LAG_03', 'LAG_05', 'LAG_06', 'LAG_07', 'LAG_08', 'LAG_09', 'LAG_12');0.29308
('TEMP_MIN_MÉD_MENS', 'TEMP_MÉD_MAX_MENS', 'TEMP_MÉD_ACC_MENS', 'TEMP_MAX_MÉD_MENS', 'PRECIPITAÇÃO_MÉD_MENS', 'TEMP_MIN_MIN_MENS', 'TEMP_MIN_MAX_MENS', 'TEMP_MAX_MIN_MENS', 'PRECIPITAÇÃO_MIN_MENS', 'PRECIPITAÇÃO_MAX_MENS', 'PRECIPITAÇÃO_ACC_MENS', 'DIA_DA_SEMANA_dom', 'DIA_DA_SEMANA_qua', 'DIA_DA_SEMANA_qui', 'DIA_DA_SEMANA_seg', 'DIA_DA_SEMANA_sex', 'DIA_DA_SEMANA_sáb', 'MÊS_abr', 'MÊS_dez', 'MÊS_jan', 'MÊS_jun', 'MÊS_mai', 'MÊS_nov', 'MÊS_out', 'ANO_2021', 'ANO_2022', 'ANO_2023', 'ANO_2024', 'ANO_2015', 'ANO_2019', 'CAMPUS_ASTORGA', 'CAMPUS_BARRACÃO', 'CAMPUS_CAMPO LARGO', 'CAMPUS_CAPANEMA', 'CAMPUS_CORONEL VIVIDA', 'CAMPUS_CURITIBA', 'CAMPUS_FOZ DO IGUAÇU', 'CAMPUS_IRATI', 'CAMPUS_IVAIPORÃ', 'CAMPUS_JACAREZINHO', 'CAMPUS_LONDRINA - CENTRO', 'CAMPUS_PALMAS', 'CAMPUS_PARANAGUÁ', 'CAMPUS_QUEDAS DO IGUAÇU', 'CAMPUS_TELÊMACO BORBA', 'CAMPUS_UMUARAMA', 'CAMPUS_UNIÃO DA VITÓRIA', 'CURSOS_TEC_CONCOMITANTE', 'CURSOS_TEC_INTEGRADO', 'CURSOS_TEC_SUBSEQUENTE', 'CURSOS_GRAD_VESPERTINO', 'FÉRIAS', 'FERIADO', 'ORDEM', 'LAG_01', 'LAG_03', 'LAG_04', 'LAG_05', 'LAG_06', 'LAG_09', 'LAG_10', 'LAG_12');0.29309
('TEMP_MIN_MÉD_MENS', 'TEMP_MÉD_MIN_MENS', 'TEMP_MÉD_MÉD_MENS', 'TEMP_MÉD_MAX_MENS', 'TEMP_MIN_MIN_MENS', 'TEMP_MIN_MAX_MENS', 'TEMP_MIN_ACC_MENS', 'PRECIPITAÇÃO_MIN_MENS', 'TEMP_MAX_MAX_MENS', 'TEMP_MAX_ACC_MENS', 'PRECIPITAÇÃO_MAX_MENS', 'DIA_DA_SEMANA_dom', 'DIA_DA_SEMANA_qua', 'DIA_DA_SEMANA_qui', 'DIA_DA_SEMANA_seg', 'DIA_DA_SEMANA_sex', 'DIA_DA_SEMANA_sáb', 'DIA_DA_SEMANA_ter', 'MÊS_abr', 'MÊS_ago', 'MÊS_fev', 'MÊS_jun', 'MÊS_nov', 'MÊS_set', 'ANO_2022', 'ANO_2023', 'ANO_2024', 'ANO_2016', 'ANO_2017', 'ANO_2020', 'CAMPUS_ASSIS CHATEAUBRIAND', 'CAMPUS_ASTORGA', 'CAMPUS_BARRACÃO', 'CAMPUS_CAMPO LARGO', 'CAMPUS_CASCAVEL', 'CAMPUS_FOZ DO IGUAÇU', 'CAMPUS_GOIOERÊ', 'CAMPUS_IRATI', 'CAMPUS_IVAIPORÃ', 'CAMPUS_JACAREZINHO', 'CAMPUS_JAGUARIAÍVA', 'CAMPUS_PALMAS', 'CAMPUS_PARANAGUÁ', 'CAMPUS_PARANAVAÍ', 'CAMPUS_PINHAIS', 'CAMPUS_PITANGA', 'CAMPUS_UNIÃO DA VITÓRIA', 'CURSOS_TEC_CONCOMITANTE', 'CURSOS_TEC_INTEGRADO', 'CURSOS_GRAD_NOTURNO', 'CURSOS_POS', 'FÉRIAS', 'FERIADO', 'COVID', 'GREVE', 'ORDEM', 'LAG_04', 'LAG_06', 'LAG_08', 'LAG_09', 'LAG_12');0.29328
('TEMP_MIN_MÉD_MENS', 'TEMP_MÉD_MÉD_MENS', 'TEMP_MÉD_MAX_MENS', 'TEMP_MÉD_ACC_MENS', 'PRECIPITAÇÃO_MÉD_MENS', 'TEMP_MIN_ACC_MENS', 'PRECIPITAÇÃO_MIN_MENS', 'PRECIPITAÇÃO_MAX_MENS', 'PRECIPITAÇÃO_ACC_MENS', 'DIA_DA_SEMANA_qua', 'DIA_DA_SEMANA_qui', 'DIA_DA_SEMANA_sex', 'DIA_DA_SEMANA_sáb', 'DIA_DA_SEMANA_ter', 'MÊS_abr', 'MÊS_fev', 'MÊS_jan', 'MÊS_mai', 'MÊS_out', 'ANO_2021', 'ANO_2022', 'ANO_2024', 'ANO_2016', 'ANO_2017', 'ANO_2019', 'CAMPUS_ASTORGA', 'CAMPUS_BARRACÃO', 'CAMPUS_CAPANEMA', 'CAMPUS_CASCAVEL', 'CAMPUS_CORONEL VIVIDA', 'CAMPUS_FOZ DO IGUAÇU', 'CAMPUS_GOIOERÊ', 'CAMPUS_JAGUARIAÍVA', 'CAMPUS_LONDRINA - CENTRO', 'CAMPUS_PALMAS', 'CAMPUS_TELÊMACO BORBA', 'CAMPUS_UMUARAMA', 'CAMPUS_UNIÃO DA VITÓRIA', 'CURSOS_TEC_CONCOMITANTE', 'CURSOS_TEC_SUBSEQUENTE', 'CURSOS_GRAD_MATUTINO', 'CURSOS_GRAD_NOTURNO', 'FÉRIAS', 'FERIADO', 'COVID', 'GREVE', 'ORDEM', 'LAG_03', 'LAG_10', 'LAG_11', 'LAG_12');0.29334
('TEMP_MIN_MÉD_MENS', 'TEMP_MÉD_ACC_MENS', 'TEMP_MAX_MÉD_MENS', 'TEMP_MIN_MIN_MENS', 'TEMP_MIN_MAX_MENS', 'TEMP_MIN_ACC_MENS', 'TEMP_MAX_MIN_MENS', 'PRECIPITAÇÃO_MIN_MENS', 'TEMP_MAX_ACC_MENS', 'DIA_DA_SEMANA_dom', 'DIA_DA_SEMANA_qua', 'DIA_DA_SEMANA_seg', 'DIA_DA_SEMANA_sáb', 'DIA_DA_SEMANA_ter', 'MÊS_jan', 'MÊS_jul', 'MÊS_jun', 'MÊS_mai', 'MÊS_mar', 'MÊS_out', 'ANO_2021', 'ANO_2022', 'ANO_2015', 'ANO_2017', 'ANO_2018', 'ANO_2019', 'CAMPUS_ASSIS CHATEAUBRIAND', 'CAMPUS_ASTORGA', 'CAMPUS_CAPANEMA', 'CAMPUS_CASCAVEL', 'CAMPUS_CORONEL VIVIDA', 'CAMPUS_CURITIBA', 'CAMPUS_GOIOERÊ', 'CAMPUS_IRATI', 'CAMPUS_IVAIPORÃ', 'CAMPUS_JAGUARIAÍVA', 'CAMPUS_PARANAGUÁ', 'CAMPUS_PARANAVAÍ', 'CAMPUS_PINHAIS', 'CAMPUS_PITANGA', 'CAMPUS_QUEDAS DO IGUAÇU', 'CAMPUS_TELÊMACO BORBA', 'CAMPUS_UNIÃO DA VITÓRIA', 'CURSOS_TEC_CONCOMITANTE', 'CURSOS_TEC_INTEGRADO', 'CURSOS_TEC_SUBSEQUENTE', 'CURSOS_GRAD_MATUTINO', 'CURSOS_GRAD_NOTURNO', 'CURSOS_POS', 'FÉRIAS', 'ORDEM', 'LAG_01', 'LAG_02', 'LAG_03', 'LAG_05', 'LAG_06', 'LAG_07', 'LAG_09', 'LAG_12');0.29337
('TEMP_MIN_MÉD_MENS', 'TEMP_MÉD_MÉD_MENS', 'TEMP_MÉD_MAX_MENS', 'TEMP_MAX_MÉD_MENS', 'PRECIPITAÇÃO_MÉD_MENS', 'TEMP_MIN_MIN_MENS', 'TEMP_MIN_MAX_MENS', 'TEMP_MAX_ACC_MENS', 'PRECIPITAÇÃO_MAX_MENS', 'DIA_DA_SEMANA_qua', 'DIA_DA_SEMANA_sex', 'DIA_DA_SEMANA_sáb', 'DIA_DA_SEMANA_ter', 'MÊS_abr', 'MÊS_ago', 'MÊS_fev', 'MÊS_jan', 'MÊS_jul', 'MÊS_mai', 'MÊS_nov', 'MÊS_out', 'ANO_2022', 'ANO_2018', 'ANO_2019', 'ANO_2020', 'CAMPUS_ASSIS CHATEAUBRIAND', 'CAMPUS_ASTORGA', 'CAMPUS_CASCAVEL', 'CAMPUS_FOZ DO IGUAÇU', 'CAMPUS_IRATI', 'CAMPUS_PALMAS', 'CAMPUS_PARANAGUÁ', 'CAMPUS_PINHAIS', 'CAMPUS_PITANGA', 'CAMPUS_TELÊMACO BORBA', 'CAMPUS_UMUARAMA', 'CURSOS_TEC_INTEGRADO', 'CURSOS_TEC_SUBSEQUENTE', 'CURSOS_GRAD_NOTURNO', 'CURSOS_POS', 'FERIADO', 'COVID', 'ORDEM', 'LAG_01', 'LAG_02', 'LAG_06', 'LAG_08', 'LAG_12');0.29341
('TEMP_MIN_MÉD_MENS', 'TEMP_MÉD_MIN_MENS', 'TEMP_MÉD_MÉD_MENS', 'TEMP_MAX_MÉD_MENS', 'TEMP_MIN_MAX_MENS', 'TEMP_MAX_MIN_MENS', 'PRECIPITAÇÃO_MAX_MENS', 'DIA_DA_SEMANA_dom', 'DIA_DA_SEMANA_qui', 'DIA_DA_SEMANA_seg', 'DIA_DA_SEMANA_sex', 'DIA_DA_SEMANA_ter', 'MÊS_ago', 'MÊS_dez', 'MÊS_fev', 'MÊS_jul', 'MÊS_mai', 'MÊS_mar', 'MÊS_nov', 'MÊS_set', 'ANO_2021', 'ANO_2024', 'ANO_2015', 'ANO_2016', 'ANO_2019', 'CAMPUS_ASSIS CHATEAUBRIAND', 'CAMPUS_ASTORGA', 'CAMPUS_CAMPO LARGO', 'CAMPUS_CAPANEMA', 'CAMPUS_CASCAVEL', 'CAMPUS_FOZ DO IGUAÇU', 'CAMPUS_GOIOERÊ', 'CAMPUS_IVAIPORÃ', 'CAMPUS_JAGUARIAÍVA', 'CAMPUS_LONDRINA - CENTRO', 'CAMPUS_PALMAS', 'CAMPUS_PARANAGUÁ', 'CAMPUS_PINHAIS', 'CAMPUS_QUEDAS DO IGUAÇU', 'CAMPUS_TELÊMACO BORBA', 'CAMPUS_UMUARAMA', 'CURSOS_TEC_CONCOMITANTE', 'CURSOS_TEC_INTEGRADO', 'CURSOS_TEC_SUBSEQUENTE', 'CURSOS_GRAD_MATUTINO', 'FERIADO', 'COVID', 'GREVE', 'ORDEM', 'LAG_02', 'LAG_04', 'LAG_06', 'LAG_09', 'LAG_11');0.29341
('TEMP_MÉD_MIN_MENS', 'TEMP_MÉD_MÉD_MENS', 'TEMP_MÉD_MAX_MENS', 'TEMP_MÉD_ACC_MENS', 'TEMP_MAX_MÉD_MENS', 'PRECIPITAÇÃO_MÉD_MENS', 'TEMP_MIN_MIN_MENS', 'TEMP_MIN_MAX_MENS', 'TEMP_MAX_MIN_MENS', 'PRECIPITAÇÃO_MIN_MENS', 'TEMP_MAX_MAX_MENS', 'TEMP_MAX_ACC_MENS', 'PRECIPITAÇÃO_MAX_MENS', 'PRECIPITAÇÃO_ACC_MENS', 'DIA_DA_SEMANA_dom', 'DIA_DA_SEMANA_qua', 'DIA_DA_SEMANA_qui', 'DIA_DA_SEMANA_seg', 'DIA_DA_SEMANA_sáb', 'MÊS_abr', 'MÊS_jan', 'MÊS_jul', 'MÊS_jun', 'MÊS_mar', 'MÊS_out', 'ANO_2021', 'ANO_2022', 'ANO_2023', 'ANO_2024', 'ANO_2016', 'ANO_2018', 'CAMPUS_ASTORGA', 'CAMPUS_BARRACÃO', 'CAMPUS_CORONEL VIVIDA', 'CAMPUS_CURITIBA', 'CAMPUS_GOIOERÊ', 'CAMPUS_IVAIPORÃ', 'CAMPUS_JAGUARIAÍVA', 'CAMPUS_LONDRINA - CENTRO', 'CAMPUS_PARANAVAÍ', 'CAMPUS_PINHAIS', 'CAMPUS_QUEDAS DO IGUAÇU', 'CAMPUS_TELÊMACO BORBA', 'CAMPUS_UMUARAMA', 'CAMPUS_UNIÃO DA VITÓRIA', 'CURSOS_TEC_CONCOMITANTE', 'CURSOS_TEC_INTEGRADO', 'CURSOS_TEC_SUBSEQUENTE', 'CURSOS_GRAD_VESPERTINO', 'CURSOS_GRAD_NOTURNO', 'CURSOS_POS', 'FÉRIAS', 'FERIADO', 'GREVE', 'ORDEM', 'LAG_01', 'LAG_03', 'LAG_04', 'LAG_08', 'LAG_09', 'LAG_10');0.29345
('TEMP_MIN_MÉD_MENS', 'TEMP_MÉD_MIN_MENS', 'TEMP_MÉD_MÉD_MENS', 'TEMP_MIN_MAX_MENS', 'TEMP_MIN_ACC_MENS', 'PRECIPITAÇÃO_MIN_MENS', 'TEMP_MAX_ACC_MENS', 'PRECIPITAÇÃO_MAX_MENS', 'PRECIPITAÇÃO_ACC_MENS', 'DIA_DA_SEMANA_dom', 'DIA_DA_SEMANA_qua', 'DIA_DA_SEMANA_qui', 'DIA_DA_SEMANA_seg', 'DIA_DA_SEMANA_ter', 'MÊS_dez', 'MÊS_fev', 'MÊS_jan', 'MÊS_jul', 'MÊS_jun', 'MÊS_mar', 'MÊS_out', 'MÊS_set', 'ANO_2021', 'ANO_2022', 'ANO_2023', 'ANO_2024', 'ANO_2016', 'ANO_2017', 'ANO_2018', 'CAMPUS_ASSIS CHATEAUBRIAND', 'CAMPUS_ASTORGA', 'CAMPUS_CAPANEMA', 'CAMPUS_CASCAVEL', 'CAMPUS_CORONEL VIVIDA', 'CAMPUS_GOIOERÊ', 'CAMPUS_IRATI', 'CAMPUS_JAGUARIAÍVA', 'CAMPUS_LONDRINA - CENTRO', 'CAMPUS_PALMAS', 'CAMPUS_PARANAVAÍ', 'CAMPUS_PINHAIS', 'CAMPUS_QUEDAS DO IGUAÇU', 'CAMPUS_TELÊMACO BORBA', 'CAMPUS_UMUARAMA', 'CURSOS_TEC_INTEGRADO', 'CURSOS_TEC_SUBSEQUENTE', 'CURSOS_GRAD_MATUTINO', 'CURSOS_GRAD_NOTURNO', 'FÉRIAS', 'FERIADO', 'COVID', 'GREVE', 'ORDEM', 'LAG_01', 'LAG_02', 'LAG_06', 'LAG_07', 'LAG_08', 'LAG_10', 'LAG_12');0.29346
('TEMP_MIN_MÉD_MENS', 'TEMP_MÉD_MIN_MENS', 'TEMP_MÉD_MÉD_MENS', 'TEMP_MAX_MÉD_MENS', 'PRECIPITAÇÃO_MÉD_MENS', 'TEMP_MIN_MIN_MENS', 'TEMP_MIN_MAX_MENS', 'TEMP_MIN_ACC_MENS', 'PRECIPITAÇÃO_MIN_MENS', 'TEMP_MAX_MAX_MENS', 'TEMP_MAX_ACC_MENS', 'DIA_DA_SEMANA_dom', 'DIA_DA_SEMANA_qui', 'DIA_DA_SEMANA_sex', 'DIA_DA_SEMANA_sáb', 'DIA_DA_SEMANA_ter', 'MÊS_abr', 'MÊS_fev', 'MÊS_jan', 'MÊS_mai', 'MÊS_mar', 'MÊS_nov', 'ANO_2021', 'ANO_2023', 'ANO_2017', 'ANO_2020', 'CAMPUS_BARRACÃO', 'CAMPUS_CAMPO LARGO', 'CAMPUS_CAPANEMA', 'CAMPUS_CASCAVEL', 'CAMPUS_CORONEL VIVIDA', 'CAMPUS_CURITIBA', 'CAMPUS_GOIOERÊ', 'CAMPUS_IRATI', 'CAMPUS_IVAIPORÃ', 'CAMPUS_JACAREZINHO', 'CAMPUS_JAGUARIAÍVA', 'CAMPUS_PALMAS', 'CAMPUS_PARANAGUÁ', 'CAMPUS_PARANAVAÍ', 'CAMPUS_PINHAIS', 'CAMPUS_PITANGA', 'CAMPUS_QUEDAS DO IGUAÇU', 'CAMPUS_TELÊMACO BORBA', 'CAMPUS_UMUARAMA', 'CAMPUS_UNIÃO DA VITÓRIA', 'CURSOS_TEC_INTEGRADO', 'CURSOS_GRAD_NOTURNO', 'COVID', 'ORDEM', 'LAG_01', 'LAG_02', 'LAG_04', 'LAG_05', 'LAG_06', 'LAG_07', 'LAG_08', 'LAG_09', 'LAG_10', 'LAG_11', 'LAG_12');0.29348
('TEMP_MIN_MÉD_MENS', 'TEMP_MÉD_MIN_MENS', 'TEMP_MÉD_MÉD_MENS', 'TEMP_MÉD_ACC_MENS', 'TEMP_MAX_MÉD_MENS', 'TEMP_MIN_ACC_MENS', 'TEMP_MAX_MIN_MENS', 'PRECIPITAÇÃO_MIN_MENS', 'TEMP_MAX_ACC_MENS', 'PRECIPITAÇÃO_MAX_MENS', 'PRECIPITAÇÃO_ACC_MENS', 'DIA_DA_SEMANA_dom', 'DIA_DA_SEMANA_seg', 'DIA_DA_SEMANA_sáb', 'DIA_DA_SEMANA_ter', 'MÊS_jan', 'MÊS_jun', 'MÊS_mai', 'MÊS_mar', 'MÊS_nov', 'MÊS_out', 'MÊS_set', 'ANO_2022', 'ANO_2023', 'ANO_2024', 'ANO_2015', 'ANO_2020', 'CAMPUS_ASSIS CHATEAUBRIAND', 'CAMPUS_ASTORGA', 'CAMPUS_BARRACÃO', 'CAMPUS_CAPANEMA', 'CAMPUS_CORONEL VIVIDA', 'CAMPUS_FOZ DO IGUAÇU', 'CAMPUS_IVAIPORÃ', 'CAMPUS_JACAREZINHO', 'CAMPUS_PARANAGUÁ', 'CAMPUS_PINHAIS', 'CAMPUS_PITANGA', 'CAMPUS_QUEDAS DO IGUAÇU', 'CAMPUS_UNIÃO DA VITÓRIA', 'CURSOS_TEC_CONCOMITANTE', 'CURSOS_TEC_SUBSEQUENTE', 'CURSOS_GRAD_MATUTINO', 'CURSOS_GRAD_VESPERTINO', 'FÉRIAS', 'FERIADO', 'COVID', 'ORDEM', 'LAG_02', 'LAG_03', 'LAG_04', 'LAG_07');0.29348
('TEMP_MÉD_MIN_MENS', 'TEMP_MÉD_MÉD_MENS', 'TEMP_MÉD_MAX_MENS', 'TEMP_MÉD_ACC_MENS', 'PRECIPITAÇÃO_MÉD_MENS', 'TEMP_MIN_MIN_MENS', 'TEMP_MIN_ACC_MENS', 'TEMP_MAX_MIN_MENS', 'TEMP_MAX_MAX_MENS', 'TEMP_MAX_ACC_MENS', 'DIA_DA_SEMANA_qua', 'DIA_DA_SEMANA_sex', 'MÊS_abr', 'MÊS_dez', 'MÊS_fev', 'MÊS_jul', 'MÊS_jun', 'MÊS_mai', 'MÊS_mar', 'MÊS_set', 'ANO_2021', 'ANO_2022', 'ANO_2015', 'ANO_2016', 'ANO_2017', 'CAMPUS_BARRACÃO', 'CAMPUS_CORONEL VIVIDA', 'CAMPUS_CURITIBA', 'CAMPUS_FOZ DO IGUAÇU', 'CAMPUS_IVAIPORÃ', 'CAMPUS_LONDRINA - CENTRO', 'CAMPUS_PARANAGUÁ', 'CAMPUS_PARANAVAÍ', 'CAMPUS_PINHAIS', 'CAMPUS_PITANGA', 'CAMPUS_QUEDAS DO IGUAÇU', 'CAMPUS_UMUARAMA', 'CURSOS_TEC_CONCOMITANTE', 'CURSOS_TEC_INTEGRADO', 'CURSOS_TEC_SUBSEQUENTE', 'CURSOS_GRAD_MATUTINO', 'CURSOS_GRAD_VESPERTINO', 'CURSOS_POS', 'COVID', 'ORDEM', 'LAG_01', 'LAG_03', 'LAG_06', 'LAG_07', 'LAG_09', 'LAG_11', 'LAG_12');0.29349
('TEMP_MÉD_MIN_MENS', 'TEMP_MÉD_MÉD_MENS', 'TEMP_MIN_MIN_MENS', 'TEMP_MIN_MAX_MENS', 'TEMP_MIN_ACC_MENS', 'TEMP_MAX_MIN_MENS', 'PRECIPITAÇÃO_MIN_MENS', 'TEMP_MAX_MAX_MENS', 'TEMP_MAX_ACC_MENS', 'PRECIPITAÇÃO_MAX_MENS', 'DIA_DA_SEMANA_dom', 'DIA_DA_SEMANA_qua', 'DIA_DA_SEMANA_sex', 'MÊS_dez', 'MÊS_fev', 'MÊS_jan', 'MÊS_jul', 'MÊS_jun', 'MÊS_mar', 'MÊS_nov', 'MÊS_out', 'ANO_2021', 'ANO_2022', 'ANO_2023', 'ANO_2015', 'ANO_2016', 'ANO_2017', 'ANO_2018', 'ANO_2019', 'ANO_2020', 'CAMPUS_ASSIS CHATEAUBRIAND', 'CAMPUS_CAPANEMA', 'CAMPUS_CASCAVEL', 'CAMPUS_CORONEL VIVIDA', 'CAMPUS_CURITIBA', 'CAMPUS_IRATI', 'CAMPUS_IVAIPORÃ', 'CAMPUS_JACAREZINHO', 'CAMPUS_JAGUARIAÍVA', 'CAMPUS_LONDRINA - CENTRO', 'CAMPUS_PARANAVAÍ', 'CAMPUS_PINHAIS', 'CAMPUS_PITANGA', 'CAMPUS_QUEDAS DO IGUAÇU', 'CAMPUS_TELÊMACO BORBA', 'CAMPUS_UMUARAMA', 'CAMPUS_UNIÃO DA VITÓRIA', 'CURSOS_TEC_INTEGRADO', 'CURSOS_TEC_SUBSEQUENTE', 'CURSOS_GRAD_VESPERTINO', 'CURSOS_POS', 'FÉRIAS', 'GREVE', 'ORDEM', 'LAG_03', 'LAG_04', 'LAG_05', 'LAG_08', 'LAG_09', 'LAG_11', 'LAG_12');0.29349
('TEMP_MIN_MÉD_MENS', 'TEMP_MÉD_MIN_MENS', 'TEMP_MÉD_MAX_MENS', 'TEMP_MÉD_ACC_MENS', 'TEMP_MAX_MÉD_MENS', 'PRECIPITAÇÃO_MÉD_MENS', 'TEMP_MIN_MIN_MENS', 'TEMP_MIN_MAX_MENS', 'TEMP_MAX_MIN_MENS', 'TEMP_MAX_MAX_MENS', 'TEMP_MAX_ACC_MENS', 'PRECIPITAÇÃO_MAX_MENS', 'DIA_DA_SEMANA_dom', 'DIA_DA_SEMANA_qua', 'DIA_DA_SEMANA_qui', 'DIA_DA_SEMANA_seg', 'DIA_DA_SEMANA_sex', 'DIA_DA_SEMANA_sáb', 'MÊS_fev', 'MÊS_jul', 'MÊS_jun', 'MÊS_mai', 'MÊS_nov', 'MÊS_set', 'ANO_2023', 'ANO_2024', 'ANO_2015', 'ANO_2016', 'ANO_2017', 'ANO_2018', 'CAMPUS_ASTORGA', 'CAMPUS_BARRACÃO', 'CAMPUS_CORONEL VIVIDA', 'CAMPUS_CURITIBA', 'CAMPUS_FOZ DO IGUAÇU', 'CAMPUS_IVAIPORÃ', 'CAMPUS_JAGUARIAÍVA', 'CAMPUS_LONDRINA - CENTRO', 'CAMPUS_PALMAS', 'CAMPUS_PARANAVAÍ', 'CAMPUS_PINHAIS', 'CAMPUS_QUEDAS DO IGUAÇU', 'CAMPUS_TELÊMACO BORBA', 'CAMPUS_UMUARAMA', 'CURSOS_TEC_CONCOMITANTE', 'CURSOS_TEC_INTEGRADO', 'CURSOS_TEC_SUBSEQUENTE', 'FÉRIAS', 'COVID', 'GREVE', 'ORDEM', 'LAG_01', 'LAG_03', 'LAG_04', 'LAG_08', 'LAG_10', 'LAG_12');0.29356
('TEMP_MÉD_MIN_MENS', 'TEMP_MÉD_MÉD_MENS', 'TEMP_MÉD_MAX_MENS', 'TEMP_MAX_MÉD_MENS', 'TEMP_MIN_ACC_MENS', 'TEMP_MAX_MIN_MENS', 'PRECIPITAÇÃO_MIN_MENS', 'TEMP_MAX_ACC_MENS', 'PRECIPITAÇÃO_MAX_MENS', 'PRECIPITAÇÃO_ACC_MENS', 'DIA_DA_SEMANA_qua', 'DIA_DA_SEMANA_sex', 'DIA_DA_SEMANA_ter', 'MÊS_abr', 'MÊS_dez', 'MÊS_fev', 'MÊS_jan', 'MÊS_jun', 'MÊS_mai', 'MÊS_mar', 'MÊS_nov', 'MÊS_set', 'ANO_2021', 'ANO_2022', 'ANO_2024', 'ANO_2018', 'CAMPUS_ASSIS CHATEAUBRIAND', 'CAMPUS_ASTORGA', 'CAMPUS_BARRACÃO', 'CAMPUS_CAMPO LARGO', 'CAMPUS_CASCAVEL', 'CAMPUS_CURITIBA', 'CAMPUS_FOZ DO IGUAÇU', 'CAMPUS_JACAREZINHO', 'CAMPUS_JAGUARIAÍVA', 'CAMPUS_LONDRINA - CENTRO', 'CAMPUS_PARANAVAÍ', 'CAMPUS_TELÊMACO BORBA', 'CAMPUS_UNIÃO DA VITÓRIA', 'CURSOS_TEC_INTEGRADO', 'CURSOS_TEC_SUBSEQUENTE', 'CURSOS_GRAD_MATUTINO', 'CURSOS_GRAD_VESPERTINO', 'CURSOS_GRAD_NOTURNO', 'CURSOS_POS', 'FÉRIAS', 'COVID', 'GREVE', 'ORDEM', 'LAG_01', 'LAG_02', 'LAG_04', 'LAG_06', 'LAG_07', 'LAG_08', 'LAG_09', 'LAG_10', 'LAG_11', 'LAG_12');0.29357
('TEMP_MIN_MÉD_MENS', 'TEMP_MÉD_MIN_MENS', 'TEMP_MÉD_MÉD_MENS', 'TEMP_MÉD_ACC_MENS', 'PRECIPITAÇÃO_MÉD_MENS', 'TEMP_MIN_MIN_MENS', 'TEMP_MIN_ACC_MENS', 'TEMP_MAX_MIN_MENS', 'DIA_DA_SEMANA_seg', 'DIA_DA_SEMANA_sáb', 'MÊS_ago', 'MÊS_fev', 'MÊS_jun', 'MÊS_mai', 'MÊS_mar', 'ANO_2021', 'ANO_2023', 'ANO_2024', 'ANO_2015', 'ANO_2016', 'ANO_2017', 'ANO_2018', 'ANO_2019', 'ANO_2020', 'CAMPUS_BARRACÃO', 'CAMPUS_CAMPO LARGO', 'CAMPUS_CASCAVEL', 'CAMPUS_CORONEL VIVIDA', 'CAMPUS_IVAIPORÃ', 'CAMPUS_JACAREZINHO', 'CAMPUS_PARANAVAÍ', 'CAMPUS_PITANGA', 'CAMPUS_QUEDAS DO IGUAÇU', 'CAMPUS_TELÊMACO BORBA', 'CAMPUS_UMUARAMA', 'CAMPUS_UNIÃO DA VITÓRIA', 'CURSOS_TEC_CONCOMITANTE', 'CURSOS_TEC_INTEGRADO', 'CURSOS_GRAD_MATUTINO', 'CURSOS_GRAD_NOTURNO', 'CURSOS_POS', 'FÉRIAS', 'FERIADO', 'COVID', 'GREVE', 'ORDEM', 'LAG_01', 'LAG_02', 'LAG_04', 'LAG_05', 'LAG_07', 'LAG_08', 'LAG_09', 'LAG_11', 'LAG_12');0.29367
('TEMP_MIN_MÉD_MENS', 'TEMP_MÉD_MÉD_MENS', 'TEMP_MÉD_MAX_MENS', 'PRECIPITAÇÃO_MÉD_MENS', 'TEMP_MIN_MIN_MENS', 'TEMP_MIN_ACC_MENS', 'TEMP_MAX_MIN_MENS', 'TEMP_MAX_MAX_MENS', 'TEMP_MAX_ACC_MENS', 'PRECIPITAÇÃO_ACC_MENS', 'DIA_DA_SEMANA_dom', 'DIA_DA_SEMANA_qua', 'DIA_DA_SEMANA_qui', 'DIA_DA_SEMANA_sex', 'DIA_DA_SEMANA_ter', 'MÊS_dez', 'MÊS_fev', 'MÊS_jan', 'MÊS_jul', 'MÊS_jun', 'MÊS_mai', 'MÊS_mar', 'MÊS_nov', 'MÊS_out', 'ANO_2022', 'ANO_2024', 'ANO_2016', 'ANO_2019', 'ANO_2020', 'CAMPUS_BARRACÃO', 'CAMPUS_CAMPO LARGO', 'CAMPUS_CASCAVEL', 'CAMPUS_CORONEL VIVIDA', 'CAMPUS_CURITIBA', 'CAMPUS_FOZ DO IGUAÇU', 'CAMPUS_GOIOERÊ', 'CAMPUS_JACAREZINHO', 'CAMPUS_JAGUARIAÍVA', 'CAMPUS_PALMAS', 'CAMPUS_PINHAIS', 'CAMPUS_PITANGA', 'CAMPUS_UNIÃO DA VITÓRIA', 'CURSOS_GRAD_MATUTINO', 'CURSOS_GRAD_VESPERTINO', 'CURSOS_GRAD_NOTURNO', 'CURSOS_POS', 'FÉRIAS', 'FERIADO', 'COVID', 'GREVE', 'ORDEM', 'LAG_01', 'LAG_02', 'LAG_03', 'LAG_08', 'LAG_10', 'LAG_11', 'LAG_12');0.29369
('TEMP_MÉD_MÉD_MENS', 'TEMP_MÉD_MAX_MENS', 'TEMP_MÉD_ACC_MENS', 'PRECIPITAÇÃO_MÉD_MENS', 'TEMP_MIN_MAX_MENS', 'TEMP_MAX_MAX_MENS', 'PRECIPITAÇÃO_ACC_MENS', 'DIA_DA_SEMANA_dom', 'DIA_DA_SEMANA_qua', 'DIA_DA_SEMANA_qui', 'DIA_DA_SEMANA_sex', 'DIA_DA_SEMANA_sáb', 'DIA_DA_SEMANA_ter', 'MÊS_abr', 'MÊS_ago', 'MÊS_dez', 'MÊS_fev', 'MÊS_jan', 'MÊS_jul', 'MÊS_jun', 'MÊS_mai', 'MÊS_mar', 'MÊS_nov', 'MÊS_out', 'ANO_2023', 'ANO_2015', 'ANO_2017', 'ANO_2018', 'ANO_2019', 'ANO_2020', 'CAMPUS_ASSIS CHATEAUBRIAND', 'CAMPUS_ASTORGA', 'CAMPUS_BARRACÃO', 'CAMPUS_CAPANEMA', 'CAMPUS_CORONEL VIVIDA', 'CAMPUS_CURITIBA', 'CAMPUS_GOIOERÊ', 'CAMPUS_IRATI', 'CAMPUS_IVAIPORÃ', 'CAMPUS_JACAREZINHO', 'CAMPUS_LONDRINA - CENTRO', 'CAMPUS_PALMAS', 'CAMPUS_PARANAVAÍ', 'CAMPUS_PITANGA', 'CAMPUS_QUEDAS DO IGUAÇU', 'CAMPUS_TELÊMACO BORBA', 'CURSOS_TEC_INTEGRADO', 'CURSOS_TEC_SUBSEQUENTE', 'CURSOS_GRAD_MATUTINO', 'CURSOS_GRAD_VESPERTINO', 'CURSOS_POS', 'FÉRIAS', 'COVID', 'GREVE', 'ORDEM', 'LAG_01', 'LAG_03', 'LAG_05', 'LAG_08', 'LAG_09', 'LAG_11', 'LAG_12');0.29373
('TEMP_MIN_MÉD_MENS', 'TEMP_MÉD_MIN_MENS', 'TEMP_MÉD_ACC_MENS', 'TEMP_MAX_MÉD_MENS', 'PRECIPITAÇÃO_MÉD_MENS', 'TEMP_MIN_MIN_MENS', 'TEMP_MIN_MAX_MENS', 'TEMP_MAX_MIN_MENS', 'TEMP_MAX_MAX_MENS', 'TEMP_MAX_ACC_MENS', 'PRECIPITAÇÃO_MAX_MENS', 'PRECIPITAÇÃO_ACC_MENS', 'DIA_DA_SEMANA_dom', 'DIA_DA_SEMANA_sáb', 'DIA_DA_SEMANA_ter', 'MÊS_dez', 'MÊS_jan', 'MÊS_jun', 'MÊS_mai', 'MÊS_nov', 'MÊS_set', 'ANO_2023', 'ANO_2024', 'ANO_2017', 'ANO_2018', 'ANO_2019', 'ANO_2020', 'CAMPUS_ASTORGA', 'CAMPUS_BARRACÃO', 'CAMPUS_CURITIBA', 'CAMPUS_FOZ DO IGUAÇU', 'CAMPUS_IRATI', 'CAMPUS_JACAREZINHO', 'CAMPUS_JAGUARIAÍVA', 'CAMPUS_LONDRINA - CENTRO', 'CAMPUS_PARANAGUÁ', 'CAMPUS_PARANAVAÍ', 'CAMPUS_PINHAIS', 'CAMPUS_QUEDAS DO IGUAÇU', 'CAMPUS_UNIÃO DA VITÓRIA', 'CURSOS_TEC_CONCOMITANTE', 'CURSOS_TEC_SUBSEQUENTE', 'CURSOS_POS', 'FÉRIAS', 'FERIADO', 'ORDEM', 'LAG_01', 'LAG_02', 'LAG_04', 'LAG_06', 'LAG_08', 'LAG_10', 'LAG_11');0.29376
('TEMP_MIN_MÉD_MENS', 'TEMP_MÉD_MIN_MENS', 'TEMP_MÉD_MÉD_MENS', 'TEMP_MÉD_MAX_MENS', 'TEMP_MÉD_ACC_MENS', 'PRECIPITAÇÃO_MÉD_MENS', 'TEMP_MIN_MIN_MENS', 'TEMP_MIN_MAX_MENS', 'TEMP_MIN_ACC_MENS', 'TEMP_MAX_MIN_MENS', 'TEMP_MAX_MAX_MENS', 'TEMP_MAX_ACC_MENS', 'PRECIPITAÇÃO_MAX_MENS', 'DIA_DA_SEMANA_dom', 'DIA_DA_SEMANA_qui', 'DIA_DA_SEMANA_sex', 'DIA_DA_SEMANA_sáb', 'DIA_DA_SEMANA_ter', 'MÊS_abr', 'MÊS_ago', 'MÊS_dez', 'MÊS_fev', 'MÊS_jun', 'MÊS_mai', 'MÊS_out', 'MÊS_set', 'ANO_2021', 'ANO_2022', 'ANO_2024', 'ANO_2015', 'ANO_2016', 'ANO_2017', 'ANO_2019', 'ANO_2020', 'CAMPUS_CASCAVEL', 'CAMPUS_IRATI', 'CAMPUS_IVAIPORÃ', 'CAMPUS_JAGUARIAÍVA', 'CAMPUS_LONDRINA - CENTRO', 'CAMPUS_PARANAGUÁ', 'CAMPUS_PARANAVAÍ', 'CAMPUS_PINHAIS', 'CAMPUS_QUEDAS DO IGUAÇU', 'CAMPUS_UMUARAMA', 'CURSOS_TEC_CONCOMITANTE', 'CURSOS_TEC_INTEGRADO', 'CURSOS_TEC_SUBSEQUENTE', 'CURSOS_GRAD_VESPERTINO', 'CURSOS_GRAD_NOTURNO', 'CURSOS_POS', 'FERIADO', 'COVID', 'LAG_01', 'LAG_02', 'LAG_05', 'LAG_06', 'LAG_07', 'LAG_08', 'LAG_09', 'LAG_11', 'LAG_12');0.29378
('TEMP_MÉD_MIN_MENS', 'TEMP_MÉD_MAX_MENS', 'TEMP_MÉD_ACC_MENS', 'TEMP_MAX_MÉD_MENS', 'TEMP_MIN_MIN_MENS', 'TEMP_MIN_MAX_MENS', 'TEMP_MIN_ACC_MENS', 'PRECIPITAÇÃO_MIN_MENS', 'TEMP_MAX_ACC_MENS', 'PRECIPITAÇÃO_ACC_MENS', 'DIA_DA_SEMANA_dom', 'DIA_DA_SEMANA_seg', 'DIA_DA_SEMANA_sex', 'DIA_DA_SEMANA_sáb', 'DIA_DA_SEMANA_ter', 'MÊS_abr', 'MÊS_ago', 'MÊS_jul', 'MÊS_jun', 'MÊS_mar', 'MÊS_nov', 'MÊS_set', 'ANO_2022', 'ANO_2023', 'ANO_2015', 'ANO_2016', 'ANO_2017', 'ANO_2018', 'ANO_2019', 'ANO_2020', 'CAMPUS_ASSIS CHATEAUBRIAND', 'CAMPUS_ASTORGA', 'CAMPUS_BARRACÃO', 'CAMPUS_CORONEL VIVIDA', 'CAMPUS_FOZ DO IGUAÇU', 'CAMPUS_GOIOERÊ', 'CAMPUS_IRATI', 'CAMPUS_JACAREZINHO', 'CAMPUS_JAGUARIAÍVA', 'CAMPUS_LONDRINA - CENTRO', 'CAMPUS_PINHAIS', 'CAMPUS_TELÊMACO BORBA', 'CAMPUS_UMUARAMA', 'CAMPUS_UNIÃO DA VITÓRIA', 'CURSOS_TEC_CONCOMITANTE', 'CURSOS_TEC_INTEGRADO', 'CURSOS_GRAD_NOTURNO', 'FERIADO', 'COVID', 'LAG_02', 'LAG_05', 'LAG_06', 'LAG_09', 'LAG_10', 'LAG_11');0.29383
('TEMP_MIN_MÉD_MENS', 'TEMP_MÉD_MAX_MENS', 'TEMP_MÉD_ACC_MENS', 'TEMP_MAX_MÉD_MENS', 'PRECIPITAÇÃO_MÉD_MENS', 'TEMP_MIN_MAX_MENS', 'TEMP_MAX_MIN_MENS', 'TEMP_MAX_MAX_MENS', 'TEMP_MAX_ACC_MENS', 'PRECIPITAÇÃO_MAX_MENS', 'PRECIPITAÇÃO_ACC_MENS', 'DIA_DA_SEMANA_dom', 'DIA_DA_SEMANA_qua', 'DIA_DA_SEMANA_qui', 'DIA_DA_SEMANA_sáb', 'DIA_DA_SEMANA_ter', 'MÊS_abr', 'MÊS_ago', 'MÊS_dez', 'MÊS_fev', 'MÊS_jan', 'MÊS_jul', 'MÊS_mar', 'MÊS_nov', 'MÊS_out', 'ANO_2021', 'ANO_2022', 'ANO_2023', 'ANO_2015', 'ANO_2016', 'ANO_2017', 'ANO_2018', 'ANO_2019', 'CAMPUS_ASTORGA', 'CAMPUS_BARRACÃO', 'CAMPUS_CAPANEMA', 'CAMPUS_CORONEL VIVIDA', 'CAMPUS_CURITIBA', 'CAMPUS_FOZ DO IGUAÇU', 'CAMPUS_IVAIPORÃ', 'CAMPUS_PALMAS', 'CAMPUS_PARANAGUÁ', 'CAMPUS_PINHAIS', 'CAMPUS_QUEDAS DO IGUAÇU', 'CAMPUS_TELÊMACO BORBA', 'CAMPUS_UMUARAMA', 'CAMPUS_UNIÃO DA VITÓRIA', 'CURSOS_TEC_SUBSEQUENTE', 'CURSOS_GRAD_MATUTINO', 'CURSOS_GRAD_VESPERTINO', 'CURSOS_POS', 'FERIADO', 'COVID', 'GREVE', 'LAG_01', 'LAG_02', 'LAG_06', 'LAG_07', 'LAG_08', 'LAG_09', 'LAG_11', 'LAG_12');0.29391
('TEMP_MIN_MÉD_MENS', 'TEMP_MÉD_MÉD_MENS', 'TEMP_MÉD_ACC_MENS', 'TEMP_MAX_MÉD_MENS', 'PRECIPITAÇÃO_MÉD_MENS', 'TEMP_MIN_MIN_MENS', 'TEMP_MAX_MAX_MENS', 'TEMP_MAX_ACC_MENS', 'PRECIPITAÇÃO_MAX_MENS', 'DIA_DA_SEMANA_qua', 'DIA_DA_SEMANA_qui', 'DIA_DA_SEMANA_seg', 'DIA_DA_SEMANA_sex', 'DIA_DA_SEMANA_sáb', 'DIA_DA_SEMANA_ter', 'MÊS_fev', 'MÊS_jan', 'MÊS_jun', 'MÊS_mar', 'ANO_2021', 'ANO_2024', 'ANO_2015', 'ANO_2016', 'ANO_2017', 'CAMPUS_ASTORGA', 'CAMPUS_BARRACÃO', 'CAMPUS_CAPANEMA', 'CAMPUS_CORONEL VIVIDA', 'CAMPUS_CURITIBA', 'CAMPUS_FOZ DO IGUAÇU', 'CAMPUS_GOIOERÊ', 'CAMPUS_IRATI', 'CAMPUS_IVAIPORÃ', 'CAMPUS_JAGUARIAÍVA', 'CAMPUS_QUEDAS DO IGUAÇU', 'CAMPUS_TELÊMACO BORBA', 'CURSOS_TEC_SUBSEQUENTE', 'CURSOS_GRAD_MATUTINO', 'CURSOS_GRAD_VESPERTINO', 'CURSOS_GRAD_NOTURNO', 'CURSOS_POS', 'FÉRIAS', 'FERIADO', 'COVID', 'GREVE', 'LAG_01', 'LAG_02', 'LAG_05', 'LAG_06', 'LAG_07', 'LAG_08', 'LAG_09', 'LAG_10', 'LAG_12');0.29395
('TEMP_MIN_MÉD_MENS', 'TEMP_MÉD_MIN_MENS', 'TEMP_MÉD_MÉD_MENS', 'TEMP_MÉD_ACC_MENS', 'TEMP_MAX_MÉD_MENS', 'TEMP_MIN_MIN_MENS', 'TEMP_MIN_MAX_MENS', 'TEMP_MIN_ACC_MENS', 'TEMP_MAX_ACC_MENS', 'DIA_DA_SEMANA_qua', 'DIA_DA_SEMANA_qui', 'DIA_DA_SEMANA_seg', 'DIA_DA_SEMANA_sex', 'DIA_DA_SEMANA_sáb', 'MÊS_fev', 'MÊS_jun', 'MÊS_mai', 'MÊS_out', 'ANO_2022', 'ANO_2016', 'ANO_2017', 'ANO_2018', 'ANO_2019', 'ANO_2020', 'CAMPUS_ASSIS CHATEAUBRIAND', 'CAMPUS_ASTORGA', 'CAMPUS_BARRACÃO', 'CAMPUS_CAMPO LARGO', 'CAMPUS_CAPANEMA', 'CAMPUS_CASCAVEL', 'CAMPUS_IRATI', 'CAMPUS_IVAIPORÃ', 'CAMPUS_PALMAS', 'CAMPUS_PARANAGUÁ', 'CAMPUS_PARANAVAÍ', 'CAMPUS_UNIÃO DA VITÓRIA', 'CURSOS_TEC_CONCOMITANTE', 'CURSOS_TEC_INTEGRADO', 'CURSOS_GRAD_VESPERTINO', 'CURSOS_POS', 'FÉRIAS', 'FERIADO', 'ORDEM', 'LAG_01', 'LAG_03', 'LAG_06', 'LAG_08', 'LAG_09', 'LAG_10', 'LAG_11');0.29395
('TEMP_MIN_MÉD_MENS', 'TEMP_MÉD_MIN_MENS', 'TEMP_MÉD_MAX_MENS', 'TEMP_MÉD_ACC_MENS', 'TEMP_MAX_MÉD_MENS', 'TEMP_MIN_MIN_MENS', 'TEMP_MIN_ACC_MENS', 'PRECIPITAÇÃO_MIN_MENS', 'TEMP_MAX_MAX_MENS', 'PRECIPITAÇÃO_MAX_MENS', 'PRECIPITAÇÃO_ACC_MENS', 'DIA_DA_SEMANA_seg', 'DIA_DA_SEMANA_sáb', 'DIA_DA_SEMANA_ter', 'MÊS_ago', 'MÊS_jul', 'MÊS_jun', 'MÊS_mai', 'MÊS_mar', 'MÊS_out', 'MÊS_set', 'ANO_2021', 'ANO_2024', 'ANO_2016', 'ANO_2019', 'ANO_2020', 'CAMPUS_ASSIS CHATEAUBRIAND', 'CAMPUS_ASTORGA', 'CAMPUS_CAMPO LARGO', 'CAMPUS_CAPANEMA', 'CAMPUS_CASCAVEL', 'CAMPUS_CORONEL VIVIDA', 'CAMPUS_CURITIBA', 'CAMPUS_GOIOERÊ', 'CAMPUS_IVAIPORÃ', 'CAMPUS_JACAREZINHO', 'CAMPUS_JAGUARIAÍVA', 'CAMPUS_LONDRINA - CENTRO', 'CAMPUS_PARANAGUÁ', 'CAMPUS_PARANAVAÍ', 'CAMPUS_PINHAIS', 'CAMPUS_PITANGA', 'CAMPUS_QUEDAS DO IGUAÇU', 'CAMPUS_TELÊMACO BORBA', 'CAMPUS_UMUARAMA', 'CAMPUS_UNIÃO DA VITÓRIA', 'CURSOS_TEC_INTEGRADO', 'CURSOS_GRAD_MATUTINO', 'CURSOS_GRAD_VESPERTINO', 'FÉRIAS', 'COVID', 'ORDEM', 'LAG_01', 'LAG_02', 'LAG_05', 'LAG_06', 'LAG_07', 'LAG_09', 'LAG_10', 'LAG_11');0.29398
('TEMP_MIN_MÉD_MENS', 'TEMP_MÉD_MIN_MENS', 'TEMP_MÉD_MÉD_MENS', 'TEMP_MÉD_MAX_MENS', 'TEMP_MÉD_ACC_MENS', 'TEMP_MAX_MÉD_MENS', 'PRECIPITAÇÃO_MÉD_MENS', 'TEMP_MIN_ACC_MENS', 'PRECIPITAÇÃO_MIN_MENS', 'TEMP_MAX_MAX_MENS', 'PRECIPITAÇÃO_MAX_MENS', 'DIA_DA_SEMANA_dom', 'DIA_DA_SEMANA_qua', 'DIA_DA_SEMANA_seg', 'DIA_DA_SEMANA_sáb', 'DIA_DA_SEMANA_ter', 'MÊS_abr', 'MÊS_ago', 'MÊS_dez', 'MÊS_jun', 'MÊS_out', 'MÊS_set', 'ANO_2021', 'ANO_2022', 'ANO_2023', 'ANO_2024', 'ANO_2016', 'ANO_2018', 'ANO_2019', 'CAMPUS_ASSIS CHATEAUBRIAND', 'CAMPUS_BARRACÃO', 'CAMPUS_CURITIBA', 'CAMPUS_FOZ DO IGUAÇU', 'CAMPUS_GOIOERÊ', 'CAMPUS_IRATI', 'CAMPUS_JAGUARIAÍVA', 'CAMPUS_PARANAGUÁ', 'CAMPUS_PITANGA', 'CAMPUS_TELÊMACO BORBA', 'CAMPUS_UNIÃO DA VITÓRIA', 'CURSOS_GRAD_NOTURNO', 'CURSOS_POS', 'FÉRIAS', 'FERIADO', 'LAG_01', 'LAG_03', 'LAG_04', 'LAG_05', 'LAG_06', 'LAG_09', 'LAG_11');0.29398
('TEMP_MÉD_MÉD_MENS', 'TEMP_MÉD_ACC_MENS', 'TEMP_MAX_MÉD_MENS', 'TEMP_MIN_MIN_MENS', 'TEMP_MIN_MAX_MENS', 'TEMP_MIN_ACC_MENS', 'PRECIPITAÇÃO_MIN_MENS', 'PRECIPITAÇÃO_MAX_MENS', 'PRECIPITAÇÃO_ACC_MENS', 'DIA_DA_SEMANA_dom', 'DIA_DA_SEMANA_qua', 'DIA_DA_SEMANA_qui', 'DIA_DA_SEMANA_sex', 'DIA_DA_SEMANA_ter', 'MÊS_abr', 'MÊS_ago', 'MÊS_dez', 'MÊS_fev', 'MÊS_mai', 'MÊS_mar', 'ANO_2021', 'ANO_2022', 'ANO_2023', 'ANO_2024', 'ANO_2015', 'ANO_2016', 'ANO_2017', 'ANO_2020', 'CAMPUS_ASTORGA', 'CAMPUS_BARRACÃO', 'CAMPUS_CAMPO LARGO', 'CAMPUS_CAPANEMA', 'CAMPUS_CURITIBA', 'CAMPUS_GOIOERÊ', 'CAMPUS_IVAIPORÃ', 'CAMPUS_JACAREZINHO', 'CAMPUS_LONDRINA - CENTRO', 'CAMPUS_PALMAS', 'CAMPUS_PARANAGUÁ', 'CAMPUS_PARANAVAÍ', 'CAMPUS_PINHAIS', 'CAMPUS_QUEDAS DO IGUAÇU', 'CAMPUS_TELÊMACO BORBA', 'CAMPUS_UNIÃO DA VITÓRIA', 'CURSOS_TEC_CONCOMITANTE', 'CURSOS_TEC_INTEGRADO', 'CURSOS_TEC_SUBSEQUENTE', 'CURSOS_GRAD_MATUTINO', 'CURSOS_GRAD_VESPERTINO', 'CURSOS_GRAD_NOTURNO', 'CURSOS_POS', 'COVID', 'GREVE', 'ORDEM', 'LAG_01', 'LAG_03', 'LAG_04', 'LAG_06', 'LAG_08', 'LAG_09', 'LAG_10', 'LAG_12');0.29403
('TEMP_MÉD_MIN_MENS', 'TEMP_MÉD_MÉD_MENS', 'PRECIPITAÇÃO_MÉD_MENS', 'TEMP_MIN_MAX_MENS', 'TEMP_MIN_ACC_MENS', 'TEMP_MAX_MIN_MENS', 'PRECIPITAÇÃO_MIN_MENS', 'TEMP_MAX_ACC_MENS', 'DIA_DA_SEMANA_qua', 'DIA_DA_SEMANA_sáb', 'DIA_DA_SEMANA_ter', 'MÊS_ago', 'MÊS_dez', 'MÊS_jan', 'MÊS_jul', 'MÊS_jun', 'MÊS_mar', 'MÊS_nov', 'MÊS_out', 'ANO_2024', 'ANO_2016', 'ANO_2018', 'ANO_2020', 'CAMPUS_ASTORGA', 'CAMPUS_CAMPO LARGO', 'CAMPUS_CAPANEMA', 'CAMPUS_CORONEL VIVIDA', 'CAMPUS_CURITIBA', 'CAMPUS_FOZ DO IGUAÇU', 'CAMPUS_GOIOERÊ', 'CAMPUS_IRATI', 'CAMPUS_IVAIPORÃ', 'CAMPUS_JACAREZINHO', 'CAMPUS_JAGUARIAÍVA', 'CAMPUS_LONDRINA - CENTRO', 'CAMPUS_PALMAS', 'CAMPUS_PARANAGUÁ', 'CAMPUS_PARANAVAÍ', 'CAMPUS_PINHAIS', 'CAMPUS_PITANGA', 'CAMPUS_QUEDAS DO IGUAÇU', 'CAMPUS_TELÊMACO BORBA', 'CAMPUS_UNIÃO DA VITÓRIA', 'CURSOS_TEC_SUBSEQUENTE', 'FÉRIAS', 'FERIADO', 'GREVE', 'ORDEM', 'LAG_01', 'LAG_02', 'LAG_05', 'LAG_06', 'LAG_09', 'LAG_12');0.29417
('TEMP_MÉD_MÉD_MENS', 'TEMP_MÉD_MAX_MENS', 'TEMP_MÉD_ACC_MENS', 'TEMP_MAX_MÉD_MENS', 'PRECIPITAÇÃO_MÉD_MENS', 'TEMP_MIN_MIN_MENS', 'TEMP_MIN_MAX_MENS', 'TEMP_MIN_ACC_MENS', 'PRECIPITAÇÃO_MIN_MENS', 'TEMP_MAX_MAX_MENS', 'TEMP_MAX_ACC_MENS', 'PRECIPITAÇÃO_MAX_MENS', 'PRECIPITAÇÃO_ACC_MENS', 'DIA_DA_SEMANA_qua', 'DIA_DA_SEMANA_qui', 'DIA_DA_SEMANA_seg', 'DIA_DA_SEMANA_sáb', 'MÊS_abr', 'MÊS_ago', 'MÊS_dez', 'MÊS_fev', 'MÊS_jul', 'MÊS_jun', 'MÊS_out', 'MÊS_set', 'ANO_2022', 'ANO_2016', 'ANO_2018', 'ANO_2019', 'CAMPUS_ASSIS CHATEAUBRIAND', 'CAMPUS_ASTORGA', 'CAMPUS_CASCAVEL', 'CAMPUS_CORONEL VIVIDA', 'CAMPUS_FOZ DO IGUAÇU', 'CAMPUS_IRATI', 'CAMPUS_JACAREZINHO', 'CAMPUS_PARANAGUÁ', 'CAMPUS_PARANAVAÍ', 'CAMPUS_UNIÃO DA VITÓRIA', 'CURSOS_GRAD_MATUTINO', 'CURSOS_GRAD_VESPERTINO', 'CURSOS_POS', 'FÉRIAS', 'FERIADO', 'COVID', 'ORDEM', 'LAG_02', 'LAG_03', 'LAG_04', 'LAG_06', 'LAG_07', 'LAG_09', 'LAG_10');0.29417
('TEMP_MÉD_MÉD_MENS', 'TEMP_MÉD_MAX_MENS', 'TEMP_MÉD_ACC_MENS', 'PRECIPITAÇÃO_MÉD_MENS', 'TEMP_MIN_MIN_MENS', 'TEMP_MIN_MAX_MENS', 'TEMP_MIN_ACC_MENS', 'TEMP_MAX_MIN_MENS', 'PRECIPITAÇÃO_MIN_MENS', 'TEMP_MAX_MAX_MENS', 'PRECIPITAÇÃO_ACC_MENS', 'DIA_DA_SEMANA_qua', 'DIA_DA_SEMANA_sex', 'DIA_DA_SEMANA_sáb', 'DIA_DA_SEMANA_ter', 'MÊS_ago', 'MÊS_dez', 'MÊS_fev', 'MÊS_jan', 'MÊS_mar', 'MÊS_nov', 'ANO_2022', 'ANO_2023', 'ANO_2024', 'ANO_2016', 'ANO_2017', 'ANO_2018', 'ANO_2019', 'CAMPUS_ASSIS CHATEAUBRIAND', 'CAMPUS_ASTORGA', 'CAMPUS_BARRACÃO', 'CAMPUS_CAMPO LARGO', 'CAMPUS_CAPANEMA', 'CAMPUS_CASCAVEL', 'CAMPUS_CORONEL VIVIDA', 'CAMPUS_FOZ DO IGUAÇU', 'CAMPUS_IRATI', 'CAMPUS_JACAREZINHO', 'CAMPUS_JAGUARIAÍVA', 'CAMPUS_PALMAS', 'CAMPUS_PARANAGUÁ', 'CAMPUS_PARANAVAÍ', 'CAMPUS_QUEDAS DO IGUAÇU', 'CAMPUS_TELÊMACO BORBA', 'CAMPUS_UNIÃO DA VITÓRIA', 'CURSOS_TEC_SUBSEQUENTE', 'CURSOS_GRAD_MATUTINO', 'CURSOS_GRAD_VESPERTINO', 'CURSOS_GRAD_NOTURNO', 'CURSOS_POS', 'COVID', 'GREVE', 'ORDEM', 'LAG_01', 'LAG_02', 'LAG_06', 'LAG_07', 'LAG_08', 'LAG_10');0.29418
('TEMP_MIN_MÉD_MENS', 'TEMP_MÉD_MÉD_MENS', 'TEMP_MÉD_ACC_MENS', 'TEMP_MAX_MÉD_MENS', 'PRECIPITAÇÃO_MÉD_MENS', 'TEMP_MIN_MIN_MENS', 'TEMP_MIN_MAX_MENS', 'TEMP_MAX_MIN_MENS', 'PRECIPITAÇÃO_ACC_MENS', 'DIA_DA_SEMANA_dom', 'DIA_DA_SEMANA_seg', 'DIA_DA_SEMANA_sáb', 'DIA_DA_SEMANA_ter', 'MÊS_abr', 'MÊS_ago', 'MÊS_dez', 'MÊS_fev', 'MÊS_jan', 'MÊS_mar', 'MÊS_nov', 'MÊS_out', 'MÊS_set', 'ANO_2023', 'ANO_2024', 'ANO_2016', 'ANO_2017', 'ANO_2018', 'ANO_2019', 'ANO_2020', 'CAMPUS_ASTORGA', 'CAMPUS_CAPANEMA', 'CAMPUS_CASCAVEL', 'CAMPUS_CORONEL VIVIDA', 'CAMPUS_CURITIBA', 'CAMPUS_GOIOERÊ', 'CAMPUS_IRATI', 'CAMPUS_JACAREZINHO', 'CAMPUS_LONDRINA - CENTRO', 'CAMPUS_PALMAS', 'CAMPUS_PINHAIS', 'CAMPUS_TELÊMACO BORBA', 'CURSOS_GRAD_VESPERTINO', 'CURSOS_GRAD_NOTURNO', 'FÉRIAS', 'COVID', 'GREVE', 'ORDEM', 'LAG_01', 'LAG_08', 'LAG_09', 'LAG_10', 'LAG_11');0.29419
('TEMP_MÉD_MÉD_MENS', 'TEMP_MÉD_MAX_MENS', 'TEMP_MÉD_ACC_MENS', 'TEMP_MIN_MIN_MENS', 'TEMP_MIN_MAX_MENS', 'TEMP_MAX_MAX_MENS', 'DIA_DA_SEMANA_dom', 'DIA_DA_SEMANA_qua', 'DIA_DA_SEMANA_seg', 'DIA_DA_SEMANA_sex', 'DIA_DA_SEMANA_sáb', 'DIA_DA_SEMANA_ter', 'MÊS_fev', 'MÊS_mai', 'MÊS_mar', 'MÊS_nov', 'MÊS_out', 'MÊS_set', 'ANO_2021', 'ANO_2022', 'ANO_2023', 'ANO_2024', 'ANO_2015', 'ANO_2016', 'ANO_2017', 'ANO_2019', 'CAMPUS_ASSIS CHATEAUBRIAND', 'CAMPUS_ASTORGA', 'CAMPUS_BARRACÃO', 'CAMPUS_CAMPO LARGO', 'CAMPUS_CAPANEMA', 'CAMPUS_CASCAVEL', 'CAMPUS_CORONEL VIVIDA', 'CAMPUS_GOIOERÊ', 'CAMPUS_IRATI', 'CAMPUS_IVAIPORÃ', 'CAMPUS_LONDRINA - CENTRO', 'CAMPUS_PALMAS', 'CAMPUS_PARANAGUÁ', 'CAMPUS_PARANAVAÍ', 'CAMPUS_TELÊMACO BORBA', 'CAMPUS_UMUARAMA', 'CURSOS_TEC_CONCOMITANTE', 'CURSOS_TEC_SUBSEQUENTE', 'CURSOS_GRAD_MATUTINO', 'CURSOS_GRAD_VESPERTINO', 'CURSOS_POS', 'FÉRIAS', 'FERIADO', 'COVID', 'GREVE', 'ORDEM', 'LAG_01', 'LAG_04', 'LAG_05', 'LAG_07', 'LAG_10', 'LAG_11', 'LAG_12');0.29422
('TEMP_MIN_MÉD_MENS', 'TEMP_MÉD_MIN_MENS', 'TEMP_MÉD_MAX_MENS', 'TEMP_MÉD_ACC_MENS', 'TEMP_MAX_MÉD_MENS', 'PRECIPITAÇÃO_MÉD_MENS', 'TEMP_MIN_MAX_MENS', 'TEMP_MIN_ACC_MENS', 'PRECIPITAÇÃO_MIN_MENS', 'TEMP_MAX_MAX_MENS', 'PRECIPITAÇÃO_MAX_MENS', 'PRECIPITAÇÃO_ACC_MENS', 'DIA_DA_SEMANA_qua', 'DIA_DA_SEMANA_qui', 'DIA_DA_SEMANA_sex', 'DIA_DA_SEMANA_sáb', 'DIA_DA_SEMANA_ter', 'MÊS_abr', 'MÊS_ago', 'MÊS_dez', 'MÊS_fev', 'MÊS_jan', 'MÊS_jul', 'MÊS_jun', 'MÊS_nov', 'MÊS_out', 'MÊS_set', 'ANO_2021', 'ANO_2023', 'ANO_2016', 'ANO_2017', 'ANO_2018', 'ANO_2020', 'CAMPUS_CAPANEMA', 'CAMPUS_CORONEL VIVIDA', 'CAMPUS_CURITIBA', 'CAMPUS_IRATI', 'CAMPUS_JACAREZINHO', 'CAMPUS_LONDRINA - CENTRO', 'CAMPUS_PARANAGUÁ', 'CAMPUS_QUEDAS DO IGUAÇU', 'CAMPUS_TELÊMACO BORBA', 'CURSOS_TEC_SUBSEQUENTE', 'CURSOS_GRAD_NOTURNO', 'CURSOS_POS', 'COVID', 'GREVE', 'ORDEM', 'LAG_01', 'LAG_02', 'LAG_03', 'LAG_05', 'LAG_06', 'LAG_07', 'LAG_08', 'LAG_09', 'LAG_10', 'LAG_12');0.29428
('TEMP_MIN_MÉD_MENS', 'TEMP_MÉD_MIN_MENS', 'TEMP_MÉD_MÉD_MENS', 'TEMP_MÉD_MAX_MENS', 'TEMP_MÉD_ACC_MENS', 'PRECIPITAÇÃO_MÉD_MENS', 'TEMP_MIN_MIN_MENS', 'TEMP_MIN_ACC_MENS', 'TEMP_MAX_MIN_MENS', 'PRECIPITAÇÃO_MIN_MENS', 'TEMP_MAX_MAX_MENS', 'TEMP_MAX_ACC_MENS', 'DIA_DA_SEMANA_qua', 'DIA_DA_SEMANA_sex', 'DIA_DA_SEMANA_ter', 'MÊS_abr', 'MÊS_ago', 'MÊS_dez', 'MÊS_fev', 'MÊS_jan', 'MÊS_mai', 'MÊS_nov', 'MÊS_out', 'ANO_2022', 'ANO_2023', 'ANO_2024', 'ANO_2015', 'ANO_2017', 'ANO_2019', 'CAMPUS_ASSIS CHATEAUBRIAND', 'CAMPUS_ASTORGA', 'CAMPUS_CAMPO LARGO', 'CAMPUS_CAPANEMA', 'CAMPUS_CASCAVEL', 'CAMPUS_CURITIBA', 'CAMPUS_GOIOERÊ', 'CAMPUS_IRATI', 'CAMPUS_IVAIPORÃ', 'CAMPUS_JACAREZINHO', 'CAMPUS_JAGUARIAÍVA', 'CAMPUS_LONDRINA - CENTRO', 'CAMPUS_PALMAS', 'CAMPUS_PARANAGUÁ', 'CAMPUS_PINHAIS', 'CAMPUS_TELÊMACO BORBA', 'CURSOS_TEC_CONCOMITANTE', 'CURSOS_TEC_SUBSEQUENTE', 'CURSOS_GRAD_VESPERTINO', 'CURSOS_GRAD_NOTURNO', 'CURSOS_POS', 'FÉRIAS', 'COVID', 'GREVE', 'ORDEM', 'LAG_01', 'LAG_04', 'LAG_05', 'LAG_06', 'LAG_07', 'LAG_08', 'LAG_11', 'LAG_12');0.29431
('TEMP_MÉD_MÉD_MENS', 'TEMP_MIN_MIN_MENS', 'TEMP_MIN_MAX_MENS', 'TEMP_MIN_ACC_MENS', 'TEMP_MAX_MIN_MENS', 'PRECIPITAÇÃO_MIN_MENS', 'TEMP_MAX_MAX_MENS', 'TEMP_MAX_ACC_MENS', 'PRECIPITAÇÃO_MAX_MENS', 'PRECIPITAÇÃO_ACC_MENS', 'DIA_DA_SEMANA_sáb', 'DIA_DA_SEMANA_ter', 'MÊS_abr', 'MÊS_fev', 'MÊS_jul', 'MÊS_mar', 'MÊS_nov', 'ANO_2023', 'ANO_2024', 'ANO_2016', 'ANO_2017', 'ANO_2018', 'ANO_2019', 'ANO_2020', 'CAMPUS_ASTORGA', 'CAMPUS_BARRACÃO', 'CAMPUS_CASCAVEL', 'CAMPUS_CORONEL VIVIDA', 'CAMPUS_CURITIBA', 'CAMPUS_IRATI', 'CAMPUS_LONDRINA - CENTRO', 'CAMPUS_PARANAGUÁ', 'CAMPUS_TELÊMACO BORBA', 'CAMPUS_UMUARAMA', 'CAMPUS_UNIÃO DA VITÓRIA', 'CURSOS_TEC_CONCOMITANTE', 'CURSOS_GRAD_NOTURNO', 'FÉRIAS', 'FERIADO', 'GREVE', 'ORDEM', 'LAG_02', 'LAG_03', 'LAG_04', 'LAG_06', 'LAG_07', 'LAG_08', 'LAG_10', 'LAG_11');0.29432
('TEMP_MIN_MÉD_MENS', 'TEMP_MÉD_MAX_MENS', 'TEMP_MÉD_ACC_MENS', 'TEMP_MAX_MIN_MENS', 'PRECIPITAÇÃO_MIN_MENS', 'TEMP_MAX_MAX_MENS', 'TEMP_MAX_ACC_MENS', 'PRECIPITAÇÃO_MAX_MENS', 'PRECIPITAÇÃO_ACC_MENS', 'DIA_DA_SEMANA_dom', 'DIA_DA_SEMANA_seg', 'DIA_DA_SEMANA_sex', 'MÊS_abr', 'MÊS_ago', 'MÊS_fev', 'MÊS_jul', 'MÊS_jun', 'MÊS_nov', 'MÊS_set', 'ANO_2022', 'ANO_2024', 'ANO_2015', 'ANO_2016', 'ANO_2019', 'CAMPUS_CAPANEMA', 'CAMPUS_CURITIBA', 'CAMPUS_FOZ DO IGUAÇU', 'CAMPUS_GOIOERÊ', 'CAMPUS_JACAREZINHO', 'CAMPUS_PARANAVAÍ', 'CAMPUS_QUEDAS DO IGUAÇU', 'CAMPUS_TELÊMACO BORBA', 'CAMPUS_UMUARAMA', 'CAMPUS_UNIÃO DA VITÓRIA', 'CURSOS_TEC_SUBSEQUENTE', 'CURSOS_GRAD_MATUTINO', 'CURSOS_GRAD_VESPERTINO', 'CURSOS_GRAD_NOTURNO', 'CURSOS_POS', 'COVID', 'GREVE', 'LAG_01', 'LAG_04', 'LAG_05', 'LAG_06', 'LAG_09', 'LAG_11', 'LAG_12');0.29433
('TEMP_MIN_MÉD_MENS', 'TEMP_MÉD_MIN_MENS', 'TEMP_MÉD_MÉD_MENS', 'TEMP_MÉD_MAX_MENS', 'TEMP_MAX_MÉD_MENS', 'TEMP_MIN_MIN_MENS', 'TEMP_MIN_ACC_MENS', 'TEMP_MAX_MIN_MENS', 'TEMP_MAX_MAX_MENS', 'TEMP_MAX_ACC_MENS', 'PRECIPITAÇÃO_MAX_MENS', 'DIA_DA_SEMANA_qua', 'DIA_DA_SEMANA_sex', 'DIA_DA_SEMANA_ter', 'MÊS_abr', 'MÊS_ago', 'MÊS_jul', 'MÊS_nov', 'MÊS_out', 'ANO_2021', 'ANO_2023', 'ANO_2024', 'ANO_2017', 'ANO_2018', 'ANO_2019', 'CAMPUS_ASSIS CHATEAUBRIAND', 'CAMPUS_ASTORGA', 'CAMPUS_CAMPO LARGO', 'CAMPUS_CAPANEMA', 'CAMPUS_CURITIBA', 'CAMPUS_IVAIPORÃ', 'CAMPUS_JACAREZINHO', 'CAMPUS_LONDRINA - CENTRO', 'CAMPUS_PALMAS', 'CAMPUS_PARANAGUÁ', 'CAMPUS_PINHAIS', 'CAMPUS_PITANGA', 'CAMPUS_QUEDAS DO IGUAÇU', 'CAMPUS_TELÊMACO BORBA', 'CAMPUS_UMUARAMA', 'CURSOS_TEC_INTEGRADO', 'CURSOS_TEC_SUBSEQUENTE', 'CURSOS_GRAD_NOTURNO', 'FERIADO', 'COVID', 'ORDEM', 'LAG_02', 'LAG_04', 'LAG_05', 'LAG_06', 'LAG_07', 'LAG_09', 'LAG_11', 'LAG_12');0.2944
('TEMP_MIN_MÉD_MENS', 'TEMP_MÉD_MIN_MENS', 'TEMP_MÉD_MÉD_MENS', 'TEMP_MAX_MÉD_MENS', 'PRECIPITAÇÃO_MÉD_MENS', 'PRECIPITAÇÃO_MIN_MENS', 'TEMP_MAX_ACC_MENS', 'PRECIPITAÇÃO_MAX_MENS', 'PRECIPITAÇÃO_ACC_MENS', 'DIA_DA_SEMANA_qua', 'DIA_DA_SEMANA_qui', 'DIA_DA_SEMANA_sáb', 'MÊS_abr', 'MÊS_dez', 'MÊS_fev', 'MÊS_jul', 'MÊS_jun', 'MÊS_mar', 'MÊS_nov', 'MÊS_set', 'ANO_2022', 'ANO_2023', 'ANO_2024', 'ANO_2017', 'ANO_2018', 'ANO_2019', 'ANO_2020', 'CAMPUS_ASSIS CHATEAUBRIAND', 'CAMPUS_CAPANEMA', 'CAMPUS_CASCAVEL', 'CAMPUS_CORONEL VIVIDA', 'CAMPUS_CURITIBA', 'CAMPUS_GOIOERÊ', 'CAMPUS_IVAIPORÃ', 'CAMPUS_JACAREZINHO', 'CAMPUS_JAGUARIAÍVA', 'CAMPUS_LONDRINA - CENTRO', 'CAMPUS_PALMAS', 'CAMPUS_PARANAGUÁ', 'CAMPUS_PITANGA', 'CAMPUS_QUEDAS DO IGUAÇU', 'CAMPUS_TELÊMACO BORBA', 'CAMPUS_UMUARAMA', 'CAMPUS_UNIÃO DA VITÓRIA', 'CURSOS_TEC_CONCOMITANTE', 'CURSOS_TEC_INTEGRADO', 'CURSOS_GRAD_MATUTINO', 'CURSOS_POS', 'FÉRIAS', 'FERIADO', 'COVID', 'GREVE', 'LAG_01', 'LAG_02', 'LAG_03', 'LAG_08', 'LAG_09', 'LAG_11', 'LAG_12');0.29441
('TEMP_MIN_MÉD_MENS', 'TEMP_MÉD_MÉD_MENS', 'TEMP_MÉD_MAX_MENS', 'TEMP_MÉD_ACC_MENS', 'TEMP_MAX_MÉD_MENS', 'PRECIPITAÇÃO_MÉD_MENS', 'TEMP_MIN_MIN_MENS', 'TEMP_MAX_MIN_MENS', 'PRECIPITAÇÃO_MIN_MENS', 'TEMP_MAX_ACC_MENS', 'DIA_DA_SEMANA_dom', 'DIA_DA_SEMANA_qui', 'DIA_DA_SEMANA_sex', 'DIA_DA_SEMANA_sáb', 'DIA_DA_SEMANA_ter', 'MÊS_abr', 'MÊS_ago', 'MÊS_dez', 'MÊS_fev', 'MÊS_mai', 'MÊS_mar', 'MÊS_out', 'MÊS_set', 'ANO_2021', 'ANO_2022', 'ANO_2024', 'ANO_2015', 'ANO_2016', 'ANO_2018', 'ANO_2019', 'ANO_2020', 'CAMPUS_CAMPO LARGO', 'CAMPUS_CAPANEMA', 'CAMPUS_CASCAVEL', 'CAMPUS_GOIOERÊ', 'CAMPUS_IRATI', 'CAMPUS_JACAREZINHO', 'CAMPUS_JAGUARIAÍVA', 'CAMPUS_LONDRINA - CENTRO', 'CAMPUS_PALMAS', 'CAMPUS_PARANAVAÍ', 'CAMPUS_PINHAIS', 'CAMPUS_PITANGA', 'CAMPUS_QUEDAS DO IGUAÇU', 'CAMPUS_UMUARAMA', 'CAMPUS_UNIÃO DA VITÓRIA', 'CURSOS_TEC_CONCOMITANTE', 'CURSOS_TEC_INTEGRADO', 'CURSOS_GRAD_NOTURNO', 'FÉRIAS', 'COVID', 'ORDEM', 'LAG_01', 'LAG_03', 'LAG_04', 'LAG_08', 'LAG_09', 'LAG_10', 'LAG_12');0.29448
('TEMP_MÉD_MÉD_MENS', 'PRECIPITAÇÃO_MÉD_MENS', 'TEMP_MIN_ACC_MENS', 'TEMP_MAX_MIN_MENS', 'PRECIPITAÇÃO_MIN_MENS', 'TEMP_MAX_MAX_MENS', 'TEMP_MAX_ACC_MENS', 'PRECIPITAÇÃO_MAX_MENS', 'PRECIPITAÇÃO_ACC_MENS', 'DIA_DA_SEMANA_dom', 'DIA_DA_SEMANA_seg', 'DIA_DA_SEMANA_sáb', 'DIA_DA_SEMANA_ter', 'MÊS_ago', 'MÊS_dez', 'MÊS_jan', 'MÊS_jul', 'MÊS_jun', 'MÊS_mar', 'MÊS_out', 'MÊS_set', 'ANO_2021', 'ANO_2022', 'ANO_2024', 'ANO_2017', 'ANO_2019', 'ANO_2020', 'CAMPUS_ASSIS CHATEAUBRIAND', 'CAMPUS_ASTORGA', 'CAMPUS_BARRACÃO', 'CAMPUS_FOZ DO IGUAÇU', 'CAMPUS_GOIOERÊ', 'CAMPUS_IVAIPORÃ', 'CAMPUS_LONDRINA - CENTRO', 'CAMPUS_PALMAS', 'CAMPUS_PARANAVAÍ', 'CAMPUS_PINHAIS', 'CAMPUS_PITANGA', 'CAMPUS_TELÊMACO BORBA', 'CAMPUS_UNIÃO DA VITÓRIA', 'CURSOS_TEC_SUBSEQUENTE', 'FÉRIAS', 'FERIADO', 'GREVE', 'ORDEM', 'LAG_04', 'LAG_05', 'LAG_07', 'LAG_09');0.29451
('TEMP_MÉD_MIN_MENS', 'TEMP_MÉD_ACC_MENS', 'TEMP_MIN_ACC_MENS', 'TEMP_MAX_MIN_MENS', 'PRECIPITAÇÃO_MIN_MENS', 'TEMP_MAX_MAX_MENS', 'TEMP_MAX_ACC_MENS', 'PRECIPITAÇÃO_MAX_MENS', 'PRECIPITAÇÃO_ACC_MENS', 'DIA_DA_SEMANA_dom', 'DIA_DA_SEMANA_seg', 'DIA_DA_SEMANA_sex', 'DIA_DA_SEMANA_sáb', 'DIA_DA_SEMANA_ter', 'MÊS_abr', 'MÊS_dez', 'MÊS_jul', 'MÊS_mai', 'MÊS_nov', 'MÊS_out', 'MÊS_set', 'ANO_2023', 'ANO_2024', 'ANO_2015', 'ANO_2016', 'ANO_2017', 'ANO_2018', 'CAMPUS_ASSIS CHATEAUBRIAND', 'CAMPUS_ASTORGA', 'CAMPUS_BARRACÃO', 'CAMPUS_CAMPO LARGO', 'CAMPUS_CAPANEMA', 'CAMPUS_CASCAVEL', 'CAMPUS_CORONEL VIVIDA', 'CAMPUS_CURITIBA', 'CAMPUS_GOIOERÊ', 'CAMPUS_IRATI', 'CAMPUS_IVAIPORÃ', 'CAMPUS_JAGUARIAÍVA', 'CAMPUS_LONDRINA - CENTRO', 'CAMPUS_PALMAS', 'CAMPUS_PARANAGUÁ', 'CAMPUS_PINHAIS', 'CAMPUS_QUEDAS DO IGUAÇU', 'CAMPUS_TELÊMACO BORBA', 'CAMPUS_UNIÃO DA VITÓRIA', 'CURSOS_TEC_INTEGRADO', 'CURSOS_GRAD_MATUTINO', 'CURSOS_GRAD_VESPERTINO', 'FERIADO', 'COVID', 'GREVE', 'ORDEM', 'LAG_01', 'LAG_02', 'LAG_03', 'LAG_04', 'LAG_06', 'LAG_07', 'LAG_08', 'LAG_09', 'LAG_12');0.29453
('TEMP_MIN_MÉD_MENS', 'TEMP_MÉD_MIN_MENS', 'TEMP_MÉD_MÉD_MENS', 'TEMP_MIN_ACC_MENS', 'TEMP_MAX_MIN_MENS', 'PRECIPITAÇÃO_MIN_MENS', 'PRECIPITAÇÃO_MAX_MENS', 'PRECIPITAÇÃO_ACC_MENS', 'DIA_DA_SEMANA_dom', 'DIA_DA_SEMANA_qui', 'DIA_DA_SEMANA_seg', 'DIA_DA_SEMANA_sáb', 'DIA_DA_SEMANA_ter', 'MÊS_abr', 'MÊS_ago', 'MÊS_dez', 'MÊS_jan', 'MÊS_jul', 'MÊS_jun', 'MÊS_mar', 'MÊS_nov', 'MÊS_out', 'MÊS_set', 'ANO_2021', 'ANO_2022', 'ANO_2016', 'ANO_2020', 'CAMPUS_ASTORGA', 'CAMPUS_BARRACÃO', 'CAMPUS_CAMPO LARGO', 'CAMPUS_CASCAVEL', 'CAMPUS_CORONEL VIVIDA', 'CAMPUS_CURITIBA', 'CAMPUS_GOIOERÊ', 'CAMPUS_IVAIPORÃ', 'CAMPUS_JACAREZINHO', 'CAMPUS_LONDRINA - CENTRO', 'CAMPUS_PALMAS', 'CAMPUS_PARANAVAÍ', 'CAMPUS_PITANGA', 'CAMPUS_TELÊMACO BORBA', 'CAMPUS_UNIÃO DA VITÓRIA', 'CURSOS_TEC_INTEGRADO', 'CURSOS_TEC_SUBSEQUENTE', 'CURSOS_GRAD_MATUTINO', 'CURSOS_GRAD_VESPERTINO', 'CURSOS_GRAD_NOTURNO', 'COVID', 'GREVE', 'LAG_03', 'LAG_06', 'LAG_09', 'LAG_10');0.29455
('TEMP_MIN_MÉD_MENS', 'TEMP_MÉD_MIN_MENS', 'TEMP_MÉD_MAX_MENS', 'TEMP_MÉD_ACC_MENS', 'TEMP_MAX_MÉD_MENS', 'PRECIPITAÇÃO_MÉD_MENS', 'TEMP_MIN_MIN_MENS', 'PRECIPITAÇÃO_MIN_MENS', 'TEMP_MAX_MAX_MENS', 'TEMP_MAX_ACC_MENS', 'DIA_DA_SEMANA_qua', 'DIA_DA_SEMANA_qui', 'DIA_DA_SEMANA_seg', 'DIA_DA_SEMANA_sáb', 'MÊS_abr', 'MÊS_fev', 'MÊS_jan', 'MÊS_mai', 'MÊS_mar', 'MÊS_nov', 'MÊS_set', 'ANO_2021', 'ANO_2022', 'ANO_2023', 'ANO_2024', 'ANO_2016', 'ANO_2018', 'ANO_2019', 'CAMPUS_ASSIS CHATEAUBRIAND', 'CAMPUS_BARRACÃO', 'CAMPUS_CAMPO LARGO', 'CAMPUS_GOIOERÊ', 'CAMPUS_IRATI', 'CAMPUS_IVAIPORÃ', 'CAMPUS_JAGUARIAÍVA', 'CAMPUS_PALMAS', 'CAMPUS_PARANAVAÍ', 'CAMPUS_PITANGA', 'CAMPUS_QUEDAS DO IGUAÇU', 'CURSOS_TEC_INTEGRADO', 'CURSOS_TEC_SUBSEQUENTE', 'CURSOS_GRAD_MATUTINO', 'CURSOS_GRAD_NOTURNO', 'CURSOS_POS', 'FÉRIAS', 'FERIADO', 'COVID', 'LAG_02', 'LAG_03', 'LAG_05', 'LAG_06', 'LAG_07', 'LAG_08', 'LAG_09', 'LAG_11');0.29464
('TEMP_MIN_MÉD_MENS', 'TEMP_MÉD_MIN_MENS', 'TEMP_MÉD_MAX_MENS', 'TEMP_MÉD_ACC_MENS', 'TEMP_MAX_MÉD_MENS', 'PRECIPITAÇÃO_MÉD_MENS', 'TEMP_MIN_MAX_MENS', 'TEMP_MIN_ACC_MENS', 'TEMP_MAX_MIN_MENS', 'PRECIPITAÇÃO_MIN_MENS', 'PRECIPITAÇÃO_ACC_MENS', 'DIA_DA_SEMANA_qua', 'DIA_DA_SEMANA_qui', 'DIA_DA_SEMANA_seg', 'DIA_DA_SEMANA_sex', 'MÊS_ago', 'MÊS_jan', 'MÊS_jul', 'MÊS_jun', 'MÊS_set', 'ANO_2023', 'CAMPUS_ASTORGA', 'CAMPUS_CAPANEMA', 'CAMPUS_CORONEL VIVIDA', 'CAMPUS_CURITIBA', 'CAMPUS_FOZ DO IGUAÇU', 'CAMPUS_IRATI', 'CAMPUS_IVAIPORÃ', 'CAMPUS_PARANAVAÍ', 'CAMPUS_PINHAIS', 'CAMPUS_PITANGA', 'CAMPUS_QUEDAS DO IGUAÇU', 'CAMPUS_TELÊMACO BORBA', 'CAMPUS_UMUARAMA', 'CAMPUS_UNIÃO DA VITÓRIA', 'CURSOS_TEC_CONCOMITANTE', 'CURSOS_TEC_INTEGRADO', 'CURSOS_TEC_SUBSEQUENTE', 'CURSOS_GRAD_MATUTINO', 'CURSOS_POS', 'FERIADO', 'COVID', 'ORDEM', 'LAG_02', 'LAG_04', 'LAG_05', 'LAG_06', 'LAG_07', 'LAG_09', 'LAG_10');0.29467
('TEMP_MIN_MÉD_MENS', 'TEMP_MÉD_MÉD_MENS', 'TEMP_MÉD_ACC_MENS', 'TEMP_MAX_MÉD_MENS', 'PRECIPITAÇÃO_MÉD_MENS', 'TEMP_MIN_MAX_MENS', 'TEMP_MAX_MIN_MENS', 'TEMP_MAX_MAX_MENS', 'PRECIPITAÇÃO_ACC_MENS', 'DIA_DA_SEMANA_dom', 'DIA_DA_SEMANA_qua', 'DIA_DA_SEMANA_seg', 'DIA_DA_SEMANA_sex', 'DIA_DA_SEMANA_ter', 'MÊS_ago', 'MÊS_jan', 'MÊS_jun', 'MÊS_mar', 'MÊS_nov', 'ANO_2017', 'ANO_2019', 'CAMPUS_BARRACÃO', 'CAMPUS_CAMPO LARGO', 'CAMPUS_CAPANEMA', 'CAMPUS_CURITIBA', 'CAMPUS_FOZ DO IGUAÇU', 'CAMPUS_GOIOERÊ', 'CAMPUS_IVAIPORÃ', 'CAMPUS_JAGUARIAÍVA', 'CAMPUS_PALMAS', 'CAMPUS_PARANAVAÍ', 'CAMPUS_PINHAIS', 'CAMPUS_PITANGA', 'CAMPUS_QUEDAS DO IGUAÇU', 'CAMPUS_TELÊMACO BORBA', 'CAMPUS_UMUARAMA', 'CAMPUS_UNIÃO DA VITÓRIA', 'CURSOS_TEC_INTEGRADO', 'CURSOS_TEC_SUBSEQUENTE', 'CURSOS_GRAD_MATUTINO', 'FÉRIAS', 'FERIADO', 'COVID', 'GREVE', 'ORDEM', 'LAG_01', 'LAG_04', 'LAG_05', 'LAG_09', 'LAG_10', 'LAG_11');0.29471
('TEMP_MIN_MÉD_MENS', 'TEMP_MÉD_MÉD_MENS', 'TEMP_MÉD_MAX_MENS', 'TEMP_MÉD_ACC_MENS', 'PRECIPITAÇÃO_MÉD_MENS', 'TEMP_MIN_MAX_MENS', 'TEMP_MIN_ACC_MENS', 'TEMP_MAX_MAX_MENS', 'TEMP_MAX_ACC_MENS', 'PRECIPITAÇÃO_ACC_MENS', 'DIA_DA_SEMANA_dom', 'DIA_DA_SEMANA_qua', 'DIA_DA_SEMANA_seg', 'DIA_DA_SEMANA_sáb', 'MÊS_ago', 'MÊS_dez', 'MÊS_jan', 'MÊS_jun', 'MÊS_mai', 'MÊS_mar', 'MÊS_set', 'ANO_2021', 'ANO_2023', 'ANO_2017', 'CAMPUS_ASSIS CHATEAUBRIAND', 'CAMPUS_ASTORGA', 'CAMPUS_BARRACÃO', 'CAMPUS_FOZ DO IGUAÇU', 'CAMPUS_IRATI', 'CAMPUS_IVAIPORÃ', 'CAMPUS_PALMAS', 'CAMPUS_PARANAGUÁ', 'CAMPUS_PARANAVAÍ', 'CAMPUS_PITANGA', 'CAMPUS_QUEDAS DO IGUAÇU', 'CAMPUS_TELÊMACO BORBA', 'CAMPUS_UMUARAMA', 'CAMPUS_UNIÃO DA VITÓRIA', 'CURSOS_TEC_CONCOMITANTE', 'CURSOS_TEC_SUBSEQUENTE', 'CURSOS_GRAD_VESPERTINO', 'CURSOS_GRAD_NOTURNO', 'CURSOS_POS', 'FÉRIAS', 'FERIADO', 'COVID', 'GREVE', 'LAG_01', 'LAG_02', 'LAG_04', 'LAG_08', 'LAG_09', 'LAG_11', 'LAG_12');0.29477
('TEMP_MÉD_MIN_MENS', 'TEMP_MÉD_ACC_MENS', 'TEMP_MAX_MÉD_MENS', 'PRECIPITAÇÃO_MÉD_MENS', 'TEMP_MIN_MIN_MENS', 'PRECIPITAÇÃO_MAX_MENS', 'PRECIPITAÇÃO_ACC_MENS', 'DIA_DA_SEMANA_qui', 'DIA_DA_SEMANA_seg', 'DIA_DA_SEMANA_sex', 'DIA_DA_SEMANA_sáb', 'DIA_DA_SEMANA_ter', 'MÊS_ago', 'MÊS_dez', 'MÊS_fev', 'MÊS_jan', 'MÊS_jun', 'MÊS_nov', 'MÊS_out', 'ANO_2021', 'ANO_2023', 'ANO_2015', 'ANO_2016', 'ANO_2017', 'ANO_2018', 'ANO_2020', 'CAMPUS_ASTORGA', 'CAMPUS_BARRACÃO', 'CAMPUS_CAMPO LARGO', 'CAMPUS_CAPANEMA', 'CAMPUS_CORONEL VIVIDA', 'CAMPUS_CURITIBA', 'CAMPUS_FOZ DO IGUAÇU', 'CAMPUS_IRATI', 'CAMPUS_IVAIPORÃ', 'CAMPUS_JACAREZINHO', 'CAMPUS_JAGUARIAÍVA', 'CAMPUS_LONDRINA - CENTRO', 'CAMPUS_PALMAS', 'CAMPUS_PARANAVAÍ', 'CAMPUS_PINHAIS', 'CAMPUS_PITANGA', 'CAMPUS_TELÊMACO BORBA', 'CAMPUS_UMUARAMA', 'CAMPUS_UNIÃO DA VITÓRIA', 'CURSOS_TEC_CONCOMITANTE', 'CURSOS_TEC_SUBSEQUENTE', 'CURSOS_GRAD_VESPERTINO', 'FÉRIAS', 'FERIADO', 'COVID', 'GREVE', 'ORDEM', 'LAG_01', 'LAG_02', 'LAG_03', 'LAG_07', 'LAG_08', 'LAG_11');0.29478
('TEMP_MÉD_MIN_MENS', 'TEMP_MÉD_MAX_MENS', 'TEMP_MAX_MÉD_MENS', 'PRECIPITAÇÃO_MÉD_MENS', 'TEMP_MIN_MIN_MENS', 'TEMP_MIN_MAX_MENS', 'TEMP_MAX_MIN_MENS', 'TEMP_MAX_MAX_MENS', 'TEMP_MAX_ACC_MENS', 'DIA_DA_SEMANA_qua', 'DIA_DA_SEMANA_qui', 'DIA_DA_SEMANA_seg', 'DIA_DA_SEMANA_sex', 'MÊS_ago', 'MÊS_dez', 'MÊS_fev', 'MÊS_jan', 'MÊS_jul', 'MÊS_mar', 'MÊS_nov', 'ANO_2023', 'ANO_2015', 'ANO_2016', 'ANO_2017', 'ANO_2018', 'ANO_2020', 'CAMPUS_ASSIS CHATEAUBRIAND', 'CAMPUS_ASTORGA', 'CAMPUS_BARRACÃO', 'CAMPUS_CAMPO LARGO', 'CAMPUS_CAPANEMA', 'CAMPUS_CASCAVEL', 'CAMPUS_CURITIBA', 'CAMPUS_FOZ DO IGUAÇU', 'CAMPUS_GOIOERÊ', 'CAMPUS_IRATI', 'CAMPUS_IVAIPORÃ', 'CAMPUS_LONDRINA - CENTRO', 'CAMPUS_PARANAVAÍ', 'CAMPUS_PITANGA', 'CAMPUS_QUEDAS DO IGUAÇU', 'CAMPUS_UMUARAMA', 'CAMPUS_UNIÃO DA VITÓRIA', 'CURSOS_TEC_SUBSEQUENTE', 'CURSOS_GRAD_NOTURNO', 'CURSOS_POS', 'FÉRIAS', 'FERIADO', 'ORDEM', 'LAG_01', 'LAG_02', 'LAG_03', 'LAG_06', 'LAG_08', 'LAG_10', 'LAG_11', 'LAG_12');0.2948
('TEMP_MIN_MÉD_MENS', 'TEMP_MÉD_MÉD_MENS', 'TEMP_MÉD_MAX_MENS', 'PRECIPITAÇÃO_MÉD_MENS', 'TEMP_MIN_ACC_MENS', 'TEMP_MAX_MAX_MENS', 'DIA_DA_SEMANA_dom', 'DIA_DA_SEMANA_qua', 'DIA_DA_SEMANA_qui', 'DIA_DA_SEMANA_sex', 'DIA_DA_SEMANA_sáb', 'DIA_DA_SEMANA_ter', 'MÊS_abr', 'MÊS_dez', 'MÊS_fev', 'MÊS_jan', 'MÊS_jul', 'MÊS_jun', 'MÊS_mai', 'MÊS_nov', 'MÊS_out', 'ANO_2021', 'ANO_2022', 'ANO_2024', 'ANO_2015', 'ANO_2017', 'ANO_2019', 'CAMPUS_ASSIS CHATEAUBRIAND', 'CAMPUS_BARRACÃO', 'CAMPUS_CAMPO LARGO', 'CAMPUS_FOZ DO IGUAÇU', 'CAMPUS_IRATI', 'CAMPUS_IVAIPORÃ', 'CAMPUS_JACAREZINHO', 'CAMPUS_JAGUARIAÍVA', 'CAMPUS_LONDRINA - CENTRO', 'CAMPUS_PARANAGUÁ', 'CAMPUS_TELÊMACO BORBA', 'CAMPUS_UMUARAMA', 'CURSOS_TEC_CONCOMITANTE', 'CURSOS_GRAD_NOTURNO', 'FÉRIAS', 'FERIADO', 'COVID', 'ORDEM', 'LAG_02', 'LAG_03', 'LAG_06', 'LAG_07', 'LAG_09', 'LAG_10', 'LAG_12');0.29484
('TEMP_MIN_MÉD_MENS', 'TEMP_MÉD_MÉD_MENS', 'TEMP_MÉD_ACC_MENS', 'TEMP_MAX_MÉD_MENS', 'PRECIPITAÇÃO_MÉD_MENS', 'TEMP_MIN_MIN_MENS', 'TEMP_MIN_ACC_MENS', 'TEMP_MAX_ACC_MENS', 'PRECIPITAÇÃO_MAX_MENS', 'DIA_DA_SEMANA_dom', 'DIA_DA_SEMANA_qui', 'DIA_DA_SEMANA_seg', 'DIA_DA_SEMANA_sex', 'DIA_DA_SEMANA_ter', 'MÊS_dez', 'MÊS_fev', 'MÊS_jan', 'MÊS_jul', 'MÊS_jun', 'MÊS_set', 'ANO_2021', 'ANO_2023', 'ANO_2016', 'ANO_2017', 'ANO_2019', 'ANO_2020', 'CAMPUS_BARRACÃO', 'CAMPUS_CAMPO LARGO', 'CAMPUS_CASCAVEL', 'CAMPUS_CORONEL VIVIDA', 'CAMPUS_JACAREZINHO', 'CAMPUS_PALMAS', 'CAMPUS_PARANAVAÍ', 'CAMPUS_PINHAIS', 'CAMPUS_PITANGA', 'CAMPUS_QUEDAS DO IGUAÇU', 'CAMPUS_UMUARAMA', 'CAMPUS_UNIÃO DA VITÓRIA', 'CURSOS_TEC_INTEGRADO', 'CURSOS_GRAD_MATUTINO', 'CURSOS_GRAD_NOTURNO', 'CURSOS_POS', 'COVID', 'GREVE', 'ORDEM', 'LAG_02', 'LAG_03', 'LAG_06', 'LAG_08', 'LAG_11', 'LAG_12');0.29484
('TEMP_MÉD_MAX_MENS', 'TEMP_MÉD_ACC_MENS', 'TEMP_MAX_MÉD_MENS', 'TEMP_MIN_ACC_MENS', 'TEMP_MAX_MIN_MENS', 'PRECIPITAÇÃO_MIN_MENS', 'TEMP_MAX_MAX_MENS', 'TEMP_MAX_ACC_MENS', 'DIA_DA_SEMANA_dom', 'DIA_DA_SEMANA_seg', 'DIA_DA_SEMANA_sáb', 'DIA_DA_SEMANA_ter', 'MÊS_abr', 'MÊS_jan', 'MÊS_jul', 'MÊS_jun', 'MÊS_mai', 'MÊS_mar', 'ANO_2022', 'ANO_2023', 'ANO_2015', 'ANO_2016', 'ANO_2017', 'ANO_2018', 'ANO_2019', 'CAMPUS_ASSIS CHATEAUBRIAND', 'CAMPUS_CURITIBA', 'CAMPUS_FOZ DO IGUAÇU', 'CAMPUS_GOIOERÊ', 'CAMPUS_IRATI', 'CAMPUS_IVAIPORÃ', 'CAMPUS_JACAREZINHO', 'CAMPUS_JAGUARIAÍVA', 'CAMPUS_LONDRINA - CENTRO', 'CAMPUS_QUEDAS DO IGUAÇU', 'CAMPUS_UNIÃO DA VITÓRIA', 'CURSOS_TEC_CONCOMITANTE', 'CURSOS_TEC_SUBSEQUENTE', 'CURSOS_GRAD_MATUTINO', 'COVID', 'GREVE', 'ORDEM', 'LAG_01', 'LAG_02', 'LAG_05', 'LAG_07', 'LAG_09', 'LAG_10', 'LAG_11');0.29488
('TEMP_MIN_MÉD_MENS', 'TEMP_MÉD_MIN_MENS', 'TEMP_MÉD_MÉD_MENS', 'TEMP_MÉD_MAX_MENS', 'TEMP_MÉD_ACC_MENS', 'PRECIPITAÇÃO_MÉD_MENS', 'TEMP_MIN_MIN_MENS', 'TEMP_MIN_MAX_MENS', 'TEMP_MAX_MIN_MENS', 'TEMP_MAX_MAX_MENS', 'TEMP_MAX_ACC_MENS', 'DIA_DA_SEMANA_dom', 'DIA_DA_SEMANA_qua', 'DIA_DA_SEMANA_seg', 'DIA_DA_SEMANA_sex', 'DIA_DA_SEMANA_ter', 'MÊS_abr', 'MÊS_fev', 'MÊS_jul', 'MÊS_jun', 'MÊS_mai', 'MÊS_nov', 'MÊS_out', 'MÊS_set', 'ANO_2021', 'ANO_2022', 'ANO_2024', 'ANO_2015', 'ANO_2016', 'ANO_2018', 'CAMPUS_ASSIS CHATEAUBRIAND', 'CAMPUS_ASTORGA', 'CAMPUS_BARRACÃO', 'CAMPUS_CAPANEMA', 'CAMPUS_CASCAVEL', 'CAMPUS_CURITIBA', 'CAMPUS_GOIOERÊ', 'CAMPUS_JAGUARIAÍVA', 'CAMPUS_PALMAS', 'CAMPUS_PARANAGUÁ', 'CAMPUS_PARANAVAÍ', 'CAMPUS_PITANGA', 'CAMPUS_TELÊMACO BORBA', 'CAMPUS_UNIÃO DA VITÓRIA', 'CURSOS_TEC_INTEGRADO', 'CURSOS_TEC_SUBSEQUENTE', 'CURSOS_GRAD_VESPERTINO', 'CURSOS_POS', 'FERIADO', 'COVID', 'GREVE', 'ORDEM', 'LAG_01', 'LAG_02', 'LAG_04', 'LAG_06', 'LAG_07', 'LAG_08', 'LAG_09', 'LAG_10', 'LAG_11', 'LAG_12');0.29489
('TEMP_MÉD_MIN_MENS', 'TEMP_MÉD_MÉD_MENS', 'TEMP_MÉD_MAX_MENS', 'TEMP_MÉD_ACC_MENS', 'TEMP_MAX_MÉD_MENS', 'PRECIPITAÇÃO_MÉD_MENS', 'TEMP_MIN_MAX_MENS', 'TEMP_MIN_ACC_MENS', 'PRECIPITAÇÃO_MIN_MENS', 'DIA_DA_SEMANA_dom', 'DIA_DA_SEMANA_sex', 'MÊS_abr', 'MÊS_jun', 'MÊS_mai', 'MÊS_mar', 'MÊS_out', 'MÊS_set', 'ANO_2024', 'ANO_2015', 'ANO_2017', 'ANO_2019', 'CAMPUS_ASTORGA', 'CAMPUS_BARRACÃO', 'CAMPUS_CAMPO LARGO', 'CAMPUS_CORONEL VIVIDA', 'CAMPUS_FOZ DO IGUAÇU', 'CAMPUS_GOIOERÊ', 'CAMPUS_IRATI', 'CAMPUS_IVAIPORÃ', 'CAMPUS_JACAREZINHO', 'CAMPUS_JAGUARIAÍVA', 'CAMPUS_LONDRINA - CENTRO', 'CAMPUS_PARANAGUÁ', 'CAMPUS_PITANGA', 'CAMPUS_TELÊMACO BORBA', 'CAMPUS_UMUARAMA', 'CAMPUS_UNIÃO DA VITÓRIA', 'CURSOS_TEC_CONCOMITANTE', 'CURSOS_GRAD_MATUTINO', 'CURSOS_GRAD_NOTURNO', 'CURSOS_POS', 'FÉRIAS', 'COVID', 'GREVE', 'LAG_01', 'LAG_03', 'LAG_07', 'LAG_09', 'LAG_11', 'LAG_12');0.295
('TEMP_MÉD_MAX_MENS', 'TEMP_MAX_MÉD_MENS', 'TEMP_MIN_ACC_MENS', 'TEMP_MAX_MAX_MENS', 'TEMP_MAX_ACC_MENS', 'DIA_DA_SEMANA_qui', 'DIA_DA_SEMANA_sex', 'DIA_DA_SEMANA_ter', 'MÊS_abr', 'MÊS_ago', 'MÊS_dez', 'MÊS_jul', 'MÊS_out', 'MÊS_set', 'ANO_2021', 'ANO_2022', 'ANO_2015', 'ANO_2017', 'ANO_2018', 'CAMPUS_BARRACÃO', 'CAMPUS_CAMPO LARGO', 'CAMPUS_CAPANEMA', 'CAMPUS_CASCAVEL', 'CAMPUS_CORONEL VIVIDA', 'CAMPUS_CURITIBA', 'CAMPUS_GOIOERÊ', 'CAMPUS_JACAREZINHO', 'CAMPUS_JAGUARIAÍVA', 'CAMPUS_LONDRINA - CENTRO', 'CAMPUS_PARANAGUÁ', 'CAMPUS_PARANAVAÍ', 'CAMPUS_PINHAIS', 'CAMPUS_QUEDAS DO IGUAÇU', 'CAMPUS_TELÊMACO BORBA', 'CAMPUS_UMUARAMA', 'CAMPUS_UNIÃO DA VITÓRIA', 'CURSOS_TEC_CONCOMITANTE', 'CURSOS_TEC_SUBSEQUENTE', 'CURSOS_GRAD_NOTURNO', 'FERIADO', 'COVID', 'LAG_01', 'LAG_02', 'LAG_05', 'LAG_06', 'LAG_07', 'LAG_08', 'LAG_11', 'LAG_12');0.29503
('TEMP_MIN_MÉD_MENS', 'TEMP_MÉD_MIN_MENS', 'TEMP_MÉD_MÉD_MENS', 'TEMP_MÉD_MAX_MENS', 'PRECIPITAÇÃO_MÉD_MENS', 'TEMP_MIN_MAX_MENS', 'TEMP_MIN_ACC_MENS', 'TEMP_MAX_MIN_MENS', 'TEMP_MAX_MAX_MENS', 'TEMP_MAX_ACC_MENS', 'PRECIPITAÇÃO_MAX_MENS', 'PRECIPITAÇÃO_ACC_MENS', 'DIA_DA_SEMANA_qua', 'DIA_DA_SEMANA_qui', 'DIA_DA_SEMANA_seg', 'DIA_DA_SEMANA_sex', 'DIA_DA_SEMANA_sáb', 'MÊS_ago', 'MÊS_dez', 'MÊS_fev', 'MÊS_jan', 'MÊS_jun', 'MÊS_mai', 'MÊS_mar', 'MÊS_out', 'ANO_2021', 'ANO_2022', 'ANO_2023', 'ANO_2024', 'ANO_2015', 'ANO_2016', 'ANO_2018', 'ANO_2020', 'CAMPUS_BARRACÃO', 'CAMPUS_CAMPO LARGO', 'CAMPUS_CASCAVEL', 'CAMPUS_CORONEL VIVIDA', 'CAMPUS_CURITIBA', 'CAMPUS_FOZ DO IGUAÇU', 'CAMPUS_IRATI', 'CAMPUS_JACAREZINHO', 'CAMPUS_PALMAS', 'CAMPUS_PARANAGUÁ', 'CAMPUS_PITANGA', 'CAMPUS_TELÊMACO BORBA', 'CURSOS_TEC_CONCOMITANTE', 'CURSOS_TEC_INTEGRADO', 'CURSOS_TEC_SUBSEQUENTE', 'CURSOS_GRAD_MATUTINO', 'CURSOS_GRAD_VESPERTINO', 'CURSOS_POS', 'FÉRIAS', 'FERIADO', 'ORDEM', 'LAG_01', 'LAG_03', 'LAG_04', 'LAG_05', 'LAG_08', 'LAG_10');0.29504
('TEMP_MIN_MÉD_MENS', 'TEMP_MÉD_MIN_MENS', 'TEMP_MAX_MÉD_MENS', 'PRECIPITAÇÃO_MÉD_MENS', 'TEMP_MIN_ACC_MENS', 'TEMP_MAX_MIN_MENS', 'TEMP_MAX_MAX_MENS', 'TEMP_MAX_ACC_MENS', 'PRECIPITAÇÃO_ACC_MENS', 'DIA_DA_SEMANA_dom', 'DIA_DA_SEMANA_qui', 'DIA_DA_SEMANA_seg', 'DIA_DA_SEMANA_sáb', 'DIA_DA_SEMANA_ter', 'MÊS_abr', 'MÊS_dez', 'MÊS_jan', 'MÊS_jul', 'MÊS_jun', 'MÊS_mai', 'MÊS_nov', 'ANO_2021', 'ANO_2023', 'ANO_2024', 'ANO_2015', 'ANO_2016', 'ANO_2018', 'ANO_2019', 'CAMPUS_ASTORGA', 'CAMPUS_CAPANEMA', 'CAMPUS_CURITIBA', 'CAMPUS_FOZ DO IGUAÇU', 'CAMPUS_IRATI', 'CAMPUS_JAGUARIAÍVA', 'CAMPUS_LONDRINA - CENTRO', 'CAMPUS_PALMAS', 'CAMPUS_PARANAGUÁ', 'CAMPUS_PARANAVAÍ', 'CAMPUS_PITANGA', 'CAMPUS_UMUARAMA', 'CAMPUS_UNIÃO DA VITÓRIA', 'CURSOS_GRAD_MATUTINO', 'CURSOS_GRAD_VESPERTINO', 'CURSOS_GRAD_NOTURNO', 'CURSOS_POS', 'FÉRIAS', 'FERIADO', 'COVID', 'LAG_04', 'LAG_07', 'LAG_08', 'LAG_10', 'LAG_11', 'LAG_12');0.29512
('TEMP_MIN_MÉD_MENS', 'TEMP_MÉD_MIN_MENS', 'TEMP_MÉD_MÉD_MENS', 'TEMP_MÉD_ACC_MENS', 'TEMP_MAX_MÉD_MENS', 'TEMP_MIN_MIN_MENS', 'TEMP_MIN_MAX_MENS', 'TEMP_MAX_MIN_MENS', 'PRECIPITAÇÃO_MIN_MENS', 'TEMP_MAX_MAX_MENS', 'TEMP_MAX_ACC_MENS', 'PRECIPITAÇÃO_MAX_MENS', 'PRECIPITAÇÃO_ACC_MENS', 'DIA_DA_SEMANA_dom', 'DIA_DA_SEMANA_qua', 'DIA_DA_SEMANA_qui', 'DIA_DA_SEMANA_seg', 'DIA_DA_SEMANA_sex', 'DIA_DA_SEMANA_sáb', 'DIA_DA_SEMANA_ter', 'MÊS_jan', 'MÊS_jul', 'MÊS_mar', 'MÊS_set', 'ANO_2021', 'ANO_2022', 'ANO_2023', 'ANO_2015', 'ANO_2016', 'CAMPUS_BARRACÃO', 'CAMPUS_CORONEL VIVIDA', 'CAMPUS_CURITIBA', 'CAMPUS_FOZ DO IGUAÇU', 'CAMPUS_IRATI', 'CAMPUS_JAGUARIAÍVA', 'CAMPUS_LONDRINA - CENTRO', 'CAMPUS_PALMAS', 'CAMPUS_PARANAGUÁ', 'CAMPUS_PARANAVAÍ', 'CAMPUS_QUEDAS DO IGUAÇU', 'CAMPUS_TELÊMACO BORBA', 'CURSOS_TEC_CONCOMITANTE', 'CURSOS_GRAD_MATUTINO', 'CURSOS_GRAD_VESPERTINO', 'CURSOS_POS', 'FÉRIAS', 'FERIADO', 'COVID', 'GREVE', 'ORDEM', 'LAG_01', 'LAG_02', 'LAG_03', 'LAG_08', 'LAG_12');0.29513
('TEMP_MIN_MÉD_MENS', 'TEMP_MÉD_MIN_MENS', 'TEMP_MÉD_MÉD_MENS', 'TEMP_MÉD_MAX_MENS', 'TEMP_MIN_MAX_MENS', 'TEMP_MAX_MIN_MENS', 'TEMP_MAX_ACC_MENS', 'PRECIPITAÇÃO_MAX_MENS', 'DIA_DA_SEMANA_dom', 'DIA_DA_SEMANA_qua', 'DIA_DA_SEMANA_seg', 'DIA_DA_SEMANA_sex', 'DIA_DA_SEMANA_sáb', 'MÊS_fev', 'MÊS_jul', 'MÊS_jun', 'MÊS_mar', 'MÊS_nov', 'MÊS_out', 'MÊS_set', 'ANO_2021', 'ANO_2023', 'ANO_2015', 'ANO_2018', 'ANO_2020', 'CAMPUS_ASSIS CHATEAUBRIAND', 'CAMPUS_ASTORGA', 'CAMPUS_CAMPO LARGO', 'CAMPUS_CASCAVEL', 'CAMPUS_CORONEL VIVIDA', 'CAMPUS_IVAIPORÃ', 'CAMPUS_JACAREZINHO', 'CAMPUS_PALMAS', 'CAMPUS_PARANAGUÁ', 'CAMPUS_PARANAVAÍ', 'CAMPUS_PINHAIS', 'CAMPUS_PITANGA', 'CAMPUS_UNIÃO DA VITÓRIA', 'CURSOS_TEC_CONCOMITANTE', 'CURSOS_TEC_INTEGRADO', 'CURSOS_TEC_SUBSEQUENTE', 'CURSOS_GRAD_VESPERTINO', 'CURSOS_GRAD_NOTURNO', 'FÉRIAS', 'FERIADO', 'COVID', 'GREVE', 'ORDEM', 'LAG_01', 'LAG_02', 'LAG_03', 'LAG_04', 'LAG_05', 'LAG_07', 'LAG_08', 'LAG_09', 'LAG_10', 'LAG_12');0.29513
('TEMP_MÉD_MIN_MENS', 'TEMP_MÉD_MÉD_MENS', 'TEMP_MÉD_MAX_MENS', 'TEMP_MAX_MÉD_MENS', 'TEMP_MIN_MIN_MENS', 'TEMP_MIN_MAX_MENS', 'TEMP_MIN_ACC_MENS', 'PRECIPITAÇÃO_MIN_MENS', 'TEMP_MAX_MAX_MENS', 'PRECIPITAÇÃO_ACC_MENS', 'DIA_DA_SEMANA_qua', 'DIA_DA_SEMANA_sáb', 'MÊS_abr', 'MÊS_ago', 'MÊS_dez', 'MÊS_fev', 'MÊS_jul', 'MÊS_jun', 'MÊS_mai', 'MÊS_mar', 'MÊS_nov', 'MÊS_out', 'MÊS_set', 'ANO_2021', 'ANO_2022', 'ANO_2023', 'ANO_2015', 'ANO_2016', 'ANO_2017', 'ANO_2018', 'ANO_2020', 'CAMPUS_ASSIS CHATEAUBRIAND', 'CAMPUS_CAMPO LARGO', 'CAMPUS_CASCAVEL', 'CAMPUS_CORONEL VIVIDA', 'CAMPUS_CURITIBA', 'CAMPUS_GOIOERÊ', 'CAMPUS_IRATI', 'CAMPUS_JACAREZINHO', 'CAMPUS_PARANAVAÍ', 'CAMPUS_PINHAIS', 'CAMPUS_PITANGA', 'CURSOS_TEC_CONCOMITANTE', 'CURSOS_TEC_SUBSEQUENTE', 'CURSOS_GRAD_MATUTINO', 'CURSOS_GRAD_VESPERTINO', 'CURSOS_POS', 'FERIADO', 'COVID', 'GREVE', 'LAG_01', 'LAG_02', 'LAG_03', 'LAG_04', 'LAG_06', 'LAG_08', 'LAG_09', 'LAG_12');0.29515
('TEMP_MÉD_MIN_MENS', 'TEMP_MÉD_ACC_MENS', 'TEMP_MAX_MÉD_MENS', 'PRECIPITAÇÃO_MÉD_MENS', 'TEMP_MIN_MIN_MENS', 'TEMP_MIN_MAX_MENS', 'PRECIPITAÇÃO_MIN_MENS', 'TEMP_MAX_MAX_MENS', 'TEMP_MAX_ACC_MENS', 'PRECIPITAÇÃO_MAX_MENS', 'DIA_DA_SEMANA_dom', 'DIA_DA_SEMANA_qui', 'DIA_DA_SEMANA_seg', 'DIA_DA_SEMANA_sex', 'DIA_DA_SEMANA_ter', 'MÊS_abr', 'MÊS_dez', 'MÊS_fev', 'MÊS_jan', 'MÊS_jun', 'MÊS_mar', 'MÊS_nov', 'MÊS_out', 'MÊS_set', 'ANO_2021', 'ANO_2022', 'ANO_2023', 'ANO_2024', 'ANO_2018', 'ANO_2019', 'ANO_2020', 'CAMPUS_ASTORGA', 'CAMPUS_CAPANEMA', 'CAMPUS_CORONEL VIVIDA', 'CAMPUS_CURITIBA', 'CAMPUS_FOZ DO IGUAÇU', 'CAMPUS_IVAIPORÃ', 'CAMPUS_JAGUARIAÍVA', 'CAMPUS_LONDRINA - CENTRO', 'CAMPUS_PALMAS', 'CAMPUS_PARANAGUÁ', 'CAMPUS_PARANAVAÍ', 'CAMPUS_PITANGA', 'CAMPUS_QUEDAS DO IGUAÇU', 'CAMPUS_TELÊMACO BORBA', 'CURSOS_TEC_SUBSEQUENTE', 'CURSOS_GRAD_VESPERTINO', 'CURSOS_GRAD_NOTURNO', 'CURSOS_POS', 'FÉRIAS', 'FERIADO', 'ORDEM', 'LAG_01', 'LAG_03', 'LAG_04', 'LAG_05', 'LAG_06', 'LAG_07', 'LAG_09', 'LAG_10', 'LAG_12');0.29517
('TEMP_MÉD_MAX_MENS', 'TEMP_MÉD_ACC_MENS', 'TEMP_MAX_MÉD_MENS', 'TEMP_MIN_MIN_MENS', 'TEMP_MIN_MAX_MENS', 'TEMP_MIN_ACC_MENS', 'TEMP_MAX_MIN_MENS', 'PRECIPITAÇÃO_MAX_MENS', 'DIA_DA_SEMANA_dom', 'DIA_DA_SEMANA_qua', 'DIA_DA_SEMANA_qui', 'DIA_DA_SEMANA_seg', 'DIA_DA_SEMANA_sex', 'DIA_DA_SEMANA_sáb', 'DIA_DA_SEMANA_ter', 'MÊS_ago', 'MÊS_fev', 'MÊS_jan', 'MÊS_jul', 'MÊS_out', 'MÊS_set', 'ANO_2021', 'ANO_2022', 'ANO_2023', 'ANO_2024', 'ANO_2016', 'ANO_2017', 'ANO_2018', 'ANO_2019', 'ANO_2020', 'CAMPUS_ASSIS CHATEAUBRIAND', 'CAMPUS_CAMPO LARGO', 'CAMPUS_CAPANEMA', 'CAMPUS_CASCAVEL', 'CAMPUS_GOIOERÊ', 'CAMPUS_IRATI', 'CAMPUS_IVAIPORÃ', 'CAMPUS_JACAREZINHO', 'CAMPUS_JAGUARIAÍVA', 'CAMPUS_PALMAS', 'CURSOS_TEC_SUBSEQUENTE', 'CURSOS_GRAD_MATUTINO', 'CURSOS_GRAD_VESPERTINO', 'CURSOS_GRAD_NOTURNO', 'FÉRIAS', 'ORDEM', 'LAG_01', 'LAG_03', 'LAG_05', 'LAG_07', 'LAG_08', 'LAG_09', 'LAG_10');0.29523
('TEMP_MIN_MÉD_MENS', 'TEMP_MÉD_MIN_MENS', 'TEMP_MÉD_MÉD_MENS', 'TEMP_MÉD_MAX_MENS', 'PRECIPITAÇÃO_MÉD_MENS', 'TEMP_MIN_MAX_MENS', 'TEMP_MAX_MIN_MENS', 'PRECIPITAÇÃO_MAX_MENS', 'DIA_DA_SEMANA_dom', 'DIA_DA_SEMANA_qua', 'DIA_DA_SEMANA_qui', 'DIA_DA_SEMANA_seg', 'DIA_DA_SEMANA_sex', 'DIA_DA_SEMANA_sáb', 'DIA_DA_SEMANA_ter', 'MÊS_abr', 'MÊS_ago', 'MÊS_dez', 'MÊS_fev', 'MÊS_jan', 'MÊS_jul', 'MÊS_jun', 'MÊS_out', 'ANO_2021', 'ANO_2022', 'ANO_2023', 'ANO_2015', 'ANO_2016', 'ANO_2019', 'ANO_2020', 'CAMPUS_ASSIS CHATEAUBRIAND', 'CAMPUS_ASTORGA', 'CAMPUS_BARRACÃO', 'CAMPUS_CAPANEMA', 'CAMPUS_CASCAVEL', 'CAMPUS_FOZ DO IGUAÇU', 'CAMPUS_GOIOERÊ', 'CAMPUS_IVAIPORÃ', 'CAMPUS_JACAREZINHO', 'CAMPUS_JAGUARIAÍVA', 'CAMPUS_PALMAS', 'CAMPUS_PARANAGUÁ', 'CAMPUS_PINHAIS', 'CAMPUS_TELÊMACO BORBA', 'CAMPUS_UNIÃO DA VITÓRIA', 'CURSOS_TEC_INTEGRADO', 'CURSOS_TEC_SUBSEQUENTE', 'CURSOS_GRAD_MATUTINO', 'CURSOS_POS', 'FÉRIAS', 'GREVE', 'ORDEM', 'LAG_01', 'LAG_03', 'LAG_04', 'LAG_05', 'LAG_06', 'LAG_08', 'LAG_09', 'LAG_10', 'LAG_11', 'LAG_12');0.29531
('TEMP_MÉD_MÉD_MENS', 'TEMP_MÉD_ACC_MENS', 'PRECIPITAÇÃO_MÉD_MENS', 'TEMP_MIN_MIN_MENS', 'TEMP_MIN_ACC_MENS', 'TEMP_MAX_MIN_MENS', 'TEMP_MAX_MAX_MENS', 'TEMP_MAX_ACC_MENS', 'PRECIPITAÇÃO_MAX_MENS', 'PRECIPITAÇÃO_ACC_MENS', 'DIA_DA_SEMANA_dom', 'DIA_DA_SEMANA_qui', 'DIA_DA_SEMANA_sex', 'DIA_DA_SEMANA_sáb', 'DIA_DA_SEMANA_ter', 'MÊS_ago', 'MÊS_dez', 'MÊS_fev', 'MÊS_jan', 'MÊS_jul', 'MÊS_jun', 'MÊS_mar', 'MÊS_out', 'MÊS_set', 'ANO_2021', 'ANO_2023', 'ANO_2024', 'ANO_2015', 'ANO_2016', 'ANO_2017', 'CAMPUS_ASSIS CHATEAUBRIAND', 'CAMPUS_ASTORGA', 'CAMPUS_CAMPO LARGO', 'CAMPUS_CASCAVEL', 'CAMPUS_CORONEL VIVIDA', 'CAMPUS_FOZ DO IGUAÇU', 'CAMPUS_IVAIPORÃ', 'CAMPUS_JAGUARIAÍVA', 'CAMPUS_LONDRINA - CENTRO', 'CAMPUS_PARANAGUÁ', 'CAMPUS_PARANAVAÍ', 'CAMPUS_PINHAIS', 'CAMPUS_UMUARAMA', 'CAMPUS_UNIÃO DA VITÓRIA', 'CURSOS_TEC_CONCOMITANTE', 'CURSOS_TEC_INTEGRADO', 'CURSOS_GRAD_MATUTINO', 'CURSOS_GRAD_NOTURNO', 'CURSOS_POS', 'FERIADO', 'COVID', 'GREVE', 'LAG_01', 'LAG_02', 'LAG_04', 'LAG_05', 'LAG_06', 'LAG_09', 'LAG_10', 'LAG_11', 'LAG_12');0.29537
('TEMP_MIN_MÉD_MENS', 'TEMP_MÉD_MIN_MENS', 'TEMP_MÉD_MÉD_MENS', 'TEMP_MÉD_MAX_MENS', 'PRECIPITAÇÃO_MÉD_MENS', 'TEMP_MIN_MAX_MENS', 'TEMP_MIN_ACC_MENS', 'TEMP_MAX_ACC_MENS', 'PRECIPITAÇÃO_MAX_MENS', 'DIA_DA_SEMANA_seg', 'DIA_DA_SEMANA_sáb', 'DIA_DA_SEMANA_ter', 'MÊS_abr', 'MÊS_ago', 'MÊS_jul', 'MÊS_mai', 'MÊS_mar', 'MÊS_nov', 'MÊS_set', 'ANO_2021', 'ANO_2023', 'ANO_2017', 'CAMPUS_ASTORGA', 'CAMPUS_BARRACÃO', 'CAMPUS_CAMPO LARGO', 'CAMPUS_CASCAVEL', 'CAMPUS_CORONEL VIVIDA', 'CAMPUS_CURITIBA', 'CAMPUS_GOIOERÊ', 'CAMPUS_IRATI', 'CAMPUS_JAGUARIAÍVA', 'CAMPUS_PALMAS', 'CAMPUS_PINHAIS', 'CAMPUS_PITANGA', 'CAMPUS_QUEDAS DO IGUAÇU', 'CAMPUS_TELÊMACO BORBA', 'CAMPUS_UNIÃO DA VITÓRIA', 'CURSOS_TEC_CONCOMITANTE', 'CURSOS_TEC_SUBSEQUENTE', 'CURSOS_GRAD_VESPERTINO', 'FÉRIAS', 'COVID', 'GREVE', 'ORDEM', 'LAG_01', 'LAG_08', 'LAG_09', 'LAG_10', 'LAG_11', 'LAG_12');0.29537
('TEMP_MÉD_MIN_MENS', 'TEMP_MAX_MÉD_MENS', 'PRECIPITAÇÃO_MÉD_MENS', 'TEMP_MIN_ACC_MENS', 'TEMP_MAX_MIN_MENS', 'TEMP_MAX_MAX_MENS', 'PRECIPITAÇÃO_ACC_MENS', 'DIA_DA_SEMANA_dom', 'DIA_DA_SEMANA_seg', 'DIA_DA_SEMANA_sex', 'MÊS_abr', 'MÊS_dez', 'MÊS_fev', 'MÊS_jan', 'MÊS_jul', 'MÊS_mai', 'MÊS_nov', 'ANO_2021', 'ANO_2022', 'ANO_2024', 'ANO_2017', 'ANO_2019', 'CAMPUS_ASTORGA', 'CAMPUS_BARRACÃO', 'CAMPUS_CAPANEMA', 'CAMPUS_CASCAVEL', 'CAMPUS_CORONEL VIVIDA', 'CAMPUS_CURITIBA', 'CAMPUS_FOZ DO IGUAÇU', 'CAMPUS_GOIOERÊ', 'CAMPUS_IVAIPORÃ', 'CAMPUS_JACAREZINHO', 'CAMPUS_PALMAS', 'CAMPUS_PARANAGUÁ', 'CAMPUS_PARANAVAÍ', 'CAMPUS_PITANGA', 'CAMPUS_QUEDAS DO IGUAÇU', 'CAMPUS_TELÊMACO BORBA', 'CAMPUS_UMUARAMA', 'CAMPUS_UNIÃO DA VITÓRIA', 'CURSOS_TEC_CONCOMITANTE', 'CURSOS_TEC_SUBSEQUENTE', 'CURSOS_GRAD_MATUTINO', 'CURSOS_GRAD_VESPERTINO', 'CURSOS_GRAD_NOTURNO', 'CURSOS_POS', 'FÉRIAS', 'FERIADO', 'COVID', 'GREVE', 'ORDEM', 'LAG_01', 'LAG_02', 'LAG_04', 'LAG_08', 'LAG_12');0.29538
('TEMP_MÉD_MAX_MENS', 'TEMP_MIN_MAX_MENS', 'TEMP_MAX_MIN_MENS', 'TEMP_MAX_MAX_MENS', 'PRECIPITAÇÃO_MAX_MENS', 'PRECIPITAÇÃO_ACC_MENS', 'DIA_DA_SEMANA_qua', 'DIA_DA_SEMANA_sáb', 'DIA_DA_SEMANA_ter', 'MÊS_abr', 'MÊS_jul', 'MÊS_mai', 'MÊS_mar', 'MÊS_nov', 'MÊS_set', 'ANO_2022', 'ANO_2023', 'ANO_2024', 'ANO_2016', 'ANO_2017', 'ANO_2018', 'ANO_2019', 'CAMPUS_ASSIS CHATEAUBRIAND', 'CAMPUS_ASTORGA', 'CAMPUS_BARRACÃO', 'CAMPUS_CAMPO LARGO', 'CAMPUS_CAPANEMA', 'CAMPUS_CASCAVEL', 'CAMPUS_CORONEL VIVIDA', 'CAMPUS_GOIOERÊ', 'CAMPUS_IRATI', 'CAMPUS_IVAIPORÃ', 'CAMPUS_JACAREZINHO', 'CAMPUS_JAGUARIAÍVA', 'CAMPUS_LONDRINA - CENTRO', 'CAMPUS_PALMAS', 'CAMPUS_PARANAGUÁ', 'CAMPUS_PARANAVAÍ', 'CAMPUS_PINHAIS', 'CAMPUS_QUEDAS DO IGUAÇU', 'CAMPUS_TELÊMACO BORBA', 'CAMPUS_UNIÃO DA VITÓRIA', 'CURSOS_TEC_CONCOMITANTE', 'CURSOS_TEC_INTEGRADO', 'CURSOS_TEC_SUBSEQUENTE', 'CURSOS_GRAD_VESPERTINO', 'CURSOS_GRAD_NOTURNO', 'CURSOS_POS', 'FÉRIAS', 'FERIADO', 'GREVE', 'ORDEM', 'LAG_01', 'LAG_04', 'LAG_05', 'LAG_06', 'LAG_09', 'LAG_10', 'LAG_11');0.29544
('TEMP_MIN_MÉD_MENS', 'TEMP_MÉD_ACC_MENS', 'TEMP_MIN_MIN_MENS', 'TEMP_MIN_ACC_MENS', 'TEMP_MAX_MIN_MENS', 'PRECIPITAÇÃO_MIN_MENS', 'TEMP_MAX_MAX_MENS', 'TEMP_MAX_ACC_MENS', 'PRECIPITAÇÃO_ACC_MENS', 'DIA_DA_SEMANA_qua', 'DIA_DA_SEMANA_sáb', 'DIA_DA_SEMANA_ter', 'MÊS_fev', 'MÊS_mar', 'MÊS_nov', 'MÊS_out', 'MÊS_set', 'ANO_2021', 'ANO_2022', 'ANO_2023', 'ANO_2015', 'ANO_2017', 'ANO_2019', 'ANO_2020', 'CAMPUS_ASSIS CHATEAUBRIAND', 'CAMPUS_ASTORGA', 'CAMPUS_BARRACÃO', 'CAMPUS_CAMPO LARGO', 'CAMPUS_FOZ DO IGUAÇU', 'CAMPUS_IVAIPORÃ', 'CAMPUS_JACAREZINHO', 'CAMPUS_JAGUARIAÍVA', 'CAMPUS_LONDRINA - CENTRO', 'CAMPUS_PARANAVAÍ', 'CAMPUS_PINHAIS', 'CAMPUS_PITANGA', 'CURSOS_TEC_INTEGRADO', 'CURSOS_GRAD_VESPERTINO', 'CURSOS_GRAD_NOTURNO', 'FÉRIAS', 'FERIADO', 'ORDEM', 'LAG_01', 'LAG_03', 'LAG_05', 'LAG_06', 'LAG_08', 'LAG_10', 'LAG_11');0.29546
('TEMP_MÉD_MÉD_MENS', 'TEMP_MAX_MÉD_MENS', 'TEMP_MIN_MIN_MENS', 'TEMP_MIN_ACC_MENS', 'TEMP_MAX_MAX_MENS', 'TEMP_MAX_ACC_MENS', 'PRECIPITAÇÃO_MAX_MENS', 'DIA_DA_SEMANA_dom', 'DIA_DA_SEMANA_qui', 'DIA_DA_SEMANA_seg', 'DIA_DA_SEMANA_sex', 'DIA_DA_SEMANA_ter', 'MÊS_dez', 'MÊS_fev', 'MÊS_jul', 'MÊS_mai', 'MÊS_mar', 'MÊS_set', 'ANO_2022', 'ANO_2024', 'ANO_2015', 'ANO_2017', 'ANO_2018', 'ANO_2020', 'CAMPUS_CAMPO LARGO', 'CAMPUS_CAPANEMA', 'CAMPUS_CORONEL VIVIDA', 'CAMPUS_FOZ DO IGUAÇU', 'CAMPUS_GOIOERÊ', 'CAMPUS_IVAIPORÃ', 'CAMPUS_JAGUARIAÍVA', 'CAMPUS_LONDRINA - CENTRO', 'CAMPUS_PALMAS', 'CAMPUS_PARANAVAÍ', 'CAMPUS_PINHAIS', 'CAMPUS_PITANGA', 'CAMPUS_UMUARAMA', 'CAMPUS_UNIÃO DA VITÓRIA', 'CURSOS_TEC_CONCOMITANTE', 'CURSOS_TEC_INTEGRADO', 'CURSOS_TEC_SUBSEQUENTE', 'CURSOS_GRAD_VESPERTINO', 'CURSOS_GRAD_NOTURNO', 'CURSOS_POS', 'FÉRIAS', 'ORDEM', 'LAG_07', 'LAG_09', 'LAG_11', 'LAG_12');0.29552
('TEMP_MÉD_MÉD_MENS', 'TEMP_MÉD_MAX_MENS', 'TEMP_MAX_MÉD_MENS', 'PRECIPITAÇÃO_MÉD_MENS', 'TEMP_MIN_MIN_MENS', 'TEMP_MIN_ACC_MENS', 'PRECIPITAÇÃO_MAX_MENS', 'PRECIPITAÇÃO_ACC_MENS', 'DIA_DA_SEMANA_dom', 'DIA_DA_SEMANA_qua', 'DIA_DA_SEMANA_qui', 'DIA_DA_SEMANA_sex', 'DIA_DA_SEMANA_sáb', 'DIA_DA_SEMANA_ter', 'MÊS_abr', 'MÊS_ago', 'MÊS_dez', 'MÊS_fev', 'MÊS_jan', 'MÊS_jul', 'MÊS_mar', 'MÊS_nov', 'MÊS_out', 'MÊS_set', 'ANO_2023', 'ANO_2024', 'ANO_2015', 'ANO_2016', 'ANO_2018', 'ANO_2019', 'ANO_2020', 'CAMPUS_ASSIS CHATEAUBRIAND', 'CAMPUS_CAPANEMA', 'CAMPUS_CORONEL VIVIDA', 'CAMPUS_CURITIBA', 'CAMPUS_FOZ DO IGUAÇU', 'CAMPUS_IRATI', 'CAMPUS_IVAIPORÃ', 'CAMPUS_JACAREZINHO', 'CAMPUS_LONDRINA - CENTRO', 'CAMPUS_PALMAS', 'CAMPUS_PARANAGUÁ', 'CAMPUS_QUEDAS DO IGUAÇU', 'CAMPUS_UNIÃO DA VITÓRIA', 'CURSOS_TEC_CONCOMITANTE', 'CURSOS_TEC_INTEGRADO', 'CURSOS_TEC_SUBSEQUENTE', 'CURSOS_GRAD_VESPERTINO', 'CURSOS_GRAD_NOTURNO', 'FERIADO', 'COVID', 'GREVE', 'ORDEM', 'LAG_01', 'LAG_02', 'LAG_03', 'LAG_04', 'LAG_06', 'LAG_07', 'LAG_08', 'LAG_10');0.29555
('TEMP_MIN_MÉD_MENS', 'TEMP_MÉD_MIN_MENS', 'TEMP_MÉD_MÉD_MENS', 'TEMP_MÉD_MAX_MENS', 'TEMP_MÉD_ACC_MENS', 'TEMP_MAX_MÉD_MENS', 'PRECIPITAÇÃO_MÉD_MENS', 'TEMP_MIN_MIN_MENS', 'TEMP_MAX_MIN_MENS', 'PRECIPITAÇÃO_MIN_MENS', 'TEMP_MAX_ACC_MENS', 'PRECIPITAÇÃO_ACC_MENS', 'DIA_DA_SEMANA_dom', 'DIA_DA_SEMANA_qua', 'DIA_DA_SEMANA_qui', 'DIA_DA_SEMANA_seg', 'DIA_DA_SEMANA_sex', 'DIA_DA_SEMANA_sáb', 'DIA_DA_SEMANA_ter', 'MÊS_abr', 'MÊS_ago', 'MÊS_dez', 'MÊS_fev', 'MÊS_jan', 'MÊS_jun', 'MÊS_mai', 'MÊS_mar', 'MÊS_out', 'ANO_2024', 'ANO_2015', 'ANO_2016', 'ANO_2020', 'CAMPUS_ASSIS CHATEAUBRIAND', 'CAMPUS_ASTORGA', 'CAMPUS_CAMPO LARGO', 'CAMPUS_CAPANEMA', 'CAMPUS_CURITIBA', 'CAMPUS_IRATI', 'CAMPUS_LONDRINA - CENTRO', 'CAMPUS_TELÊMACO BORBA', 'CAMPUS_UMUARAMA', 'CAMPUS_UNIÃO DA VITÓRIA', 'CURSOS_TEC_INTEGRADO', 'CURSOS_TEC_SUBSEQUENTE', 'CURSOS_GRAD_VESPERTINO', 'CURSOS_GRAD_NOTURNO', 'CURSOS_POS', 'FÉRIAS', 'FERIADO', 'COVID', 'GREVE', 'ORDEM', 'LAG_03', 'LAG_04', 'LAG_06', 'LAG_08', 'LAG_09', 'LAG_10', 'LAG_11');0.29557
('TEMP_MIN_MÉD_MENS', 'TEMP_MÉD_MIN_MENS', 'TEMP_MÉD_ACC_MENS', 'TEMP_MAX_MÉD_MENS', 'PRECIPITAÇÃO_MÉD_MENS', 'TEMP_MIN_MIN_MENS', 'TEMP_MIN_ACC_MENS', 'TEMP_MAX_MIN_MENS', 'PRECIPITAÇÃO_MIN_MENS', 'TEMP_MAX_ACC_MENS', 'PRECIPITAÇÃO_ACC_MENS', 'DIA_DA_SEMANA_dom', 'DIA_DA_SEMANA_seg', 'DIA_DA_SEMANA_sáb', 'DIA_DA_SEMANA_ter', 'MÊS_ago', 'MÊS_dez', 'MÊS_fev', 'MÊS_jan', 'MÊS_jul', 'MÊS_mai', 'MÊS_out', 'MÊS_set', 'ANO_2021', 'ANO_2023', 'ANO_2016', 'ANO_2018', 'ANO_2019', 'ANO_2020', 'CAMPUS_ASSIS CHATEAUBRIAND', 'CAMPUS_ASTORGA', 'CAMPUS_BARRACÃO', 'CAMPUS_CAPANEMA', 'CAMPUS_CASCAVEL', 'CAMPUS_CORONEL VIVIDA', 'CAMPUS_CURITIBA', 'CAMPUS_FOZ DO IGUAÇU', 'CAMPUS_JACAREZINHO', 'CAMPUS_JAGUARIAÍVA', 'CAMPUS_LONDRINA - CENTRO', 'CAMPUS_PALMAS', 'CAMPUS_PARANAVAÍ', 'CAMPUS_PITANGA', 'CAMPUS_UMUARAMA', 'CAMPUS_UNIÃO DA VITÓRIA', 'CURSOS_TEC_SUBSEQUENTE', 'CURSOS_GRAD_VESPERTINO', 'CURSOS_POS', 'FERIADO', 'ORDEM', 'LAG_02', 'LAG_03', 'LAG_04', 'LAG_05', 'LAG_06', 'LAG_09', 'LAG_10', 'LAG_11');0.2956
('TEMP_MÉD_MIN_MENS', 'TEMP_MÉD_MÉD_MENS', 'TEMP_MAX_MÉD_MENS', 'PRECIPITAÇÃO_MÉD_MENS', 'TEMP_MIN_MIN_MENS', 'TEMP_MAX_MIN_MENS', 'TEMP_MAX_MAX_MENS', 'PRECIPITAÇÃO_ACC_MENS', 'DIA_DA_SEMANA_seg', 'DIA_DA_SEMANA_sáb', 'DIA_DA_SEMANA_ter', 'MÊS_abr', 'MÊS_jun', 'MÊS_mai', 'MÊS_mar', 'MÊS_nov', 'MÊS_out', 'ANO_2021', 'ANO_2017', 'ANO_2018', 'ANO_2019', 'CAMPUS_ASSIS CHATEAUBRIAND', 'CAMPUS_ASTORGA', 'CAMPUS_BARRACÃO', 'CAMPUS_CAMPO LARGO', 'CAMPUS_CAPANEMA', 'CAMPUS_CURITIBA', 'CAMPUS_FOZ DO IGUAÇU', 'CAMPUS_GOIOERÊ', 'CAMPUS_IVAIPORÃ', 'CAMPUS_JACAREZINHO', 'CAMPUS_JAGUARIAÍVA', 'CAMPUS_LONDRINA - CENTRO', 'CAMPUS_PALMAS', 'CAMPUS_PINHAIS', 'CAMPUS_UMUARAMA', 'CURSOS_GRAD_MATUTINO', 'FÉRIAS', 'GREVE', 'ORDEM', 'LAG_01', 'LAG_02', 'LAG_03', 'LAG_04', 'LAG_05', 'LAG_06', 'LAG_08', 'LAG_09', 'LAG_10');0.29564
('TEMP_MIN_MÉD_MENS', 'TEMP_MÉD_MIN_MENS', 'TEMP_MÉD_MÉD_MENS', 'TEMP_MÉD_MAX_MENS', 'TEMP_MAX_MÉD_MENS', 'TEMP_MIN_MIN_MENS', 'TEMP_MIN_MAX_MENS', 'TEMP_MAX_MIN_MENS', 'PRECIPITAÇÃO_MIN_MENS', 'TEMP_MAX_MAX_MENS', 'PRECIPITAÇÃO_MAX_MENS', 'PRECIPITAÇÃO_ACC_MENS', 'DIA_DA_SEMANA_qui', 'DIA_DA_SEMANA_seg', 'DIA_DA_SEMANA_sex', 'DIA_DA_SEMANA_sáb', 'DIA_DA_SEMANA_ter', 'MÊS_abr', 'MÊS_dez', 'MÊS_fev', 'MÊS_jan', 'MÊS_jul', 'MÊS_jun', 'ANO_2021', 'ANO_2022', 'ANO_2023', 'ANO_2016', 'ANO_2020', 'CAMPUS_ASSIS CHATEAUBRIAND', 'CAMPUS_CAMPO LARGO', 'CAMPUS_CAPANEMA', 'CAMPUS_CORONEL VIVIDA', 'CAMPUS_CURITIBA', 'CAMPUS_FOZ DO IGUAÇU', 'CAMPUS_GOIOERÊ', 'CAMPUS_JACAREZINHO', 'CAMPUS_LONDRINA - CENTRO', 'CAMPUS_PALMAS', 'CAMPUS_PARANAGUÁ', 'CAMPUS_PARANAVAÍ', 'CAMPUS_TELÊMACO BORBA', 'CAMPUS_UMUARAMA', 'CAMPUS_UNIÃO DA VITÓRIA', 'CURSOS_TEC_CONCOMITANTE', 'CURSOS_TEC_INTEGRADO', 'CURSOS_GRAD_NOTURNO', 'FÉRIAS', 'FERIADO', 'COVID', 'GREVE', 'ORDEM', 'LAG_05', 'LAG_08', 'LAG_09', 'LAG_10', 'LAG_11', 'LAG_12');0.29565
('TEMP_MÉD_MIN_MENS', 'TEMP_MÉD_MÉD_MENS', 'TEMP_MAX_MÉD_MENS', 'TEMP_MIN_MIN_MENS', 'PRECIPITAÇÃO_MIN_MENS', 'PRECIPITAÇÃO_MAX_MENS', 'DIA_DA_SEMANA_dom', 'DIA_DA_SEMANA_qui', 'MÊS_abr', 'MÊS_ago', 'MÊS_dez', 'MÊS_fev', 'MÊS_jan', 'MÊS_jul', 'MÊS_jun', 'MÊS_mai', 'MÊS_nov', 'MÊS_out', 'MÊS_set', 'ANO_2021', 'ANO_2022', 'ANO_2024', 'ANO_2015', 'ANO_2016', 'ANO_2018', 'ANO_2019', 'ANO_2020', 'CAMPUS_ASSIS CHATEAUBRIAND', 'CAMPUS_ASTORGA', 'CAMPUS_BARRACÃO', 'CAMPUS_CAMPO LARGO', 'CAMPUS_CAPANEMA', 'CAMPUS_CORONEL VIVIDA', 'CAMPUS_FOZ DO IGUAÇU', 'CAMPUS_IRATI', 'CAMPUS_PARANAVAÍ', 'CAMPUS_PITANGA', 'CAMPUS_TELÊMACO BORBA', 'CAMPUS_UMUARAMA', 'CURSOS_TEC_INTEGRADO', 'CURSOS_TEC_SUBSEQUENTE', 'CURSOS_GRAD_VESPERTINO', 'CURSOS_GRAD_NOTURNO', 'CURSOS_POS', 'FÉRIAS', 'COVID', 'GREVE', 'LAG_01', 'LAG_02', 'LAG_04', 'LAG_05', 'LAG_08', 'LAG_09', 'LAG_10', 'LAG_11', 'LAG_12');0.29566
('TEMP_MÉD_MÉD_MENS', 'TEMP_MÉD_ACC_MENS', 'TEMP_MIN_MIN_MENS', 'TEMP_MIN_ACC_MENS', 'PRECIPITAÇÃO_MIN_MENS', 'TEMP_MAX_MAX_MENS', 'TEMP_MAX_ACC_MENS', 'PRECIPITAÇÃO_ACC_MENS', 'DIA_DA_SEMANA_dom', 'DIA_DA_SEMANA_sex', 'DIA_DA_SEMANA_ter', 'MÊS_abr', 'MÊS_ago', 'MÊS_dez', 'MÊS_jan', 'MÊS_mai', 'MÊS_nov', 'MÊS_out', 'MÊS_set', 'ANO_2021', 'ANO_2022', 'ANO_2023', 'ANO_2015', 'ANO_2017', 'CAMPUS_ASSIS CHATEAUBRIAND', 'CAMPUS_CAMPO LARGO', 'CAMPUS_CASCAVEL', 'CAMPUS_CORONEL VIVIDA', 'CAMPUS_FOZ DO IGUAÇU', 'CAMPUS_IVAIPORÃ', 'CAMPUS_JACAREZINHO', 'CAMPUS_JAGUARIAÍVA', 'CAMPUS_PARANAVAÍ', 'CAMPUS_PINHAIS', 'CAMPUS_QUEDAS DO IGUAÇU', 'CAMPUS_UNIÃO DA VITÓRIA', 'CURSOS_TEC_CONCOMITANTE', 'CURSOS_TEC_INTEGRADO', 'CURSOS_TEC_SUBSEQUENTE', 'CURSOS_GRAD_MATUTINO', 'CURSOS_GRAD_VESPERTINO', 'CURSOS_GRAD_NOTURNO', 'COVID', 'GREVE', 'ORDEM', 'LAG_04', 'LAG_05', 'LAG_07', 'LAG_08', 'LAG_10', 'LAG_11', 'LAG_12');0.29567
('TEMP_MÉD_MIN_MENS', 'TEMP_MÉD_MAX_MENS', 'PRECIPITAÇÃO_MÉD_MENS', 'TEMP_MAX_MIN_MENS', 'TEMP_MAX_MAX_MENS', 'TEMP_MAX_ACC_MENS', 'DIA_DA_SEMANA_dom', 'DIA_DA_SEMANA_qua', 'DIA_DA_SEMANA_seg', 'DIA_DA_SEMANA_sex', 'DIA_DA_SEMANA_sáb', 'MÊS_abr', 'MÊS_ago', 'MÊS_dez', 'MÊS_fev', 'MÊS_jul', 'MÊS_jun', 'MÊS_mai', 'MÊS_mar', 'MÊS_nov', 'ANO_2023', 'ANO_2024', 'ANO_2016', 'ANO_2017', 'ANO_2018', 'ANO_2019', 'CAMPUS_ASSIS CHATEAUBRIAND', 'CAMPUS_ASTORGA', 'CAMPUS_BARRACÃO', 'CAMPUS_CURITIBA', 'CAMPUS_IVAIPORÃ', 'CAMPUS_PALMAS', 'CAMPUS_PARANAGUÁ', 'CAMPUS_PINHAIS', 'CAMPUS_PITANGA', 'CAMPUS_QUEDAS DO IGUAÇU', 'CAMPUS_UNIÃO DA VITÓRIA', 'CURSOS_TEC_CONCOMITANTE', 'CURSOS_TEC_INTEGRADO', 'CURSOS_GRAD_MATUTINO', 'CURSOS_GRAD_VESPERTINO', 'CURSOS_POS', 'FÉRIAS', 'FERIADO', 'COVID', 'GREVE', 'LAG_01', 'LAG_03', 'LAG_04', 'LAG_07', 'LAG_08', 'LAG_09', 'LAG_10', 'LAG_11', 'LAG_12');0.29574
('TEMP_MIN_MÉD_MENS', 'TEMP_MÉD_MIN_MENS', 'TEMP_MÉD_MÉD_MENS', 'TEMP_MÉD_ACC_MENS', 'PRECIPITAÇÃO_MÉD_MENS', 'TEMP_MIN_MIN_MENS', 'TEMP_MIN_ACC_MENS', 'TEMP_MAX_MIN_MENS', 'TEMP_MAX_MAX_MENS', 'TEMP_MAX_ACC_MENS', 'PRECIPITAÇÃO_ACC_MENS', 'DIA_DA_SEMANA_dom', 'DIA_DA_SEMANA_sex', 'DIA_DA_SEMANA_sáb', 'DIA_DA_SEMANA_ter', 'MÊS_jan', 'MÊS_jun', 'MÊS_mai', 'MÊS_mar', 'MÊS_nov', 'MÊS_out', 'ANO_2021', 'ANO_2022', 'ANO_2015', 'ANO_2018', 'ANO_2020', 'CAMPUS_ASSIS CHATEAUBRIAND', 'CAMPUS_BARRACÃO', 'CAMPUS_CORONEL VIVIDA', 'CAMPUS_CURITIBA', 'CAMPUS_FOZ DO IGUAÇU', 'CAMPUS_GOIOERÊ', 'CAMPUS_IRATI', 'CAMPUS_JAGUARIAÍVA', 'CAMPUS_PALMAS', 'CAMPUS_PARANAGUÁ', 'CAMPUS_PITANGA', 'CAMPUS_QUEDAS DO IGUAÇU', 'CAMPUS_TELÊMACO BORBA', 'CAMPUS_UMUARAMA', 'CAMPUS_UNIÃO DA VITÓRIA', 'CURSOS_TEC_CONCOMITANTE', 'CURSOS_TEC_INTEGRADO', 'CURSOS_TEC_SUBSEQUENTE', 'CURSOS_GRAD_MATUTINO', 'CURSOS_POS', 'FÉRIAS', 'COVID', 'ORDEM', 'LAG_04', 'LAG_05', 'LAG_08', 'LAG_09', 'LAG_10');0.29577
('TEMP_MIN_MÉD_MENS', 'TEMP_MÉD_MIN_MENS', 'TEMP_MÉD_MAX_MENS', 'TEMP_MÉD_ACC_MENS', 'TEMP_MAX_MÉD_MENS', 'PRECIPITAÇÃO_MÉD_MENS', 'TEMP_MIN_MIN_MENS', 'TEMP_MIN_ACC_MENS', 'TEMP_MAX_MIN_MENS', 'TEMP_MAX_ACC_MENS', 'PRECIPITAÇÃO_MAX_MENS', 'DIA_DA_SEMANA_qua', 'DIA_DA_SEMANA_qui', 'DIA_DA_SEMANA_sex', 'DIA_DA_SEMANA_sáb', 'DIA_DA_SEMANA_ter', 'MÊS_abr', 'MÊS_ago', 'MÊS_fev', 'MÊS_jan', 'MÊS_jun', 'MÊS_mar', 'MÊS_nov', 'MÊS_set', 'ANO_2022', 'ANO_2023', 'ANO_2015', 'ANO_2016', 'ANO_2018', 'ANO_2020', 'CAMPUS_ASSIS CHATEAUBRIAND', 'CAMPUS_CAMPO LARGO', 'CAMPUS_CAPANEMA', 'CAMPUS_CASCAVEL', 'CAMPUS_GOIOERÊ', 'CAMPUS_IVAIPORÃ', 'CAMPUS_JACAREZINHO', 'CAMPUS_JAGUARIAÍVA', 'CAMPUS_PARANAGUÁ', 'CAMPUS_PINHAIS', 'CAMPUS_PITANGA', 'CAMPUS_TELÊMACO BORBA', 'CAMPUS_UNIÃO DA VITÓRIA', 'CURSOS_TEC_CONCOMITANTE', 'CURSOS_TEC_INTEGRADO', 'CURSOS_TEC_SUBSEQUENTE', 'CURSOS_GRAD_VESPERTINO', 'CURSOS_GRAD_NOTURNO', 'FÉRIAS', 'FERIADO', 'COVID', 'GREVE', 'ORDEM', 'LAG_01', 'LAG_02', 'LAG_05', 'LAG_09', 'LAG_10', 'LAG_11', 'LAG_12');0.29577
('TEMP_MÉD_MIN_MENS', 'TEMP_MÉD_MÉD_MENS', 'TEMP_MÉD_MAX_MENS', 'TEMP_MAX_MÉD_MENS', 'PRECIPITAÇÃO_MÉD_MENS', 'TEMP_MIN_MIN_MENS', 'TEMP_MIN_MAX_MENS', 'TEMP_MIN_ACC_MENS', 'PRECIPITAÇÃO_MIN_MENS', 'PRECIPITAÇÃO_MAX_MENS', 'PRECIPITAÇÃO_ACC_MENS', 'DIA_DA_SEMANA_dom', 'DIA_DA_SEMANA_qua', 'DIA_DA_SEMANA_qui', 'DIA_DA_SEMANA_seg', 'DIA_DA_SEMANA_sex', 'DIA_DA_SEMANA_sáb', 'MÊS_abr', 'MÊS_dez', 'MÊS_fev', 'MÊS_jul', 'MÊS_mar', 'MÊS_nov', 'MÊS_out', 'MÊS_set', 'ANO_2021', 'ANO_2022', 'ANO_2023', 'ANO_2016', 'ANO_2017', 'CAMPUS_ASSIS CHATEAUBRIAND', 'CAMPUS_ASTORGA', 'CAMPUS_CORONEL VIVIDA', 'CAMPUS_GOIOERÊ', 'CAMPUS_IRATI', 'CAMPUS_IVAIPORÃ', 'CAMPUS_JACAREZINHO', 'CAMPUS_JAGUARIAÍVA', 'CAMPUS_LONDRINA - CENTRO', 'CAMPUS_PALMAS', 'CAMPUS_PARANAGUÁ', 'CAMPUS_PARANAVAÍ', 'CAMPUS_PINHAIS', 'CAMPUS_PITANGA', 'CURSOS_TEC_INTEGRADO', 'CURSOS_GRAD_MATUTINO', 'CURSOS_GRAD_NOTURNO', 'FERIADO', 'COVID', 'ORDEM', 'LAG_01', 'LAG_02', 'LAG_03', 'LAG_04', 'LAG_05', 'LAG_07', 'LAG_09');0.29583
('TEMP_MIN_MÉD_MENS', 'TEMP_MÉD_MIN_MENS', 'TEMP_MIN_MIN_MENS', 'TEMP_MIN_MAX_MENS', 'TEMP_MIN_ACC_MENS', 'TEMP_MAX_MIN_MENS', 'PRECIPITAÇÃO_MIN_MENS', 'TEMP_MAX_ACC_MENS', 'PRECIPITAÇÃO_MAX_MENS', 'PRECIPITAÇÃO_ACC_MENS', 'DIA_DA_SEMANA_qua', 'DIA_DA_SEMANA_qui', 'DIA_DA_SEMANA_seg', 'DIA_DA_SEMANA_sex', 'DIA_DA_SEMANA_sáb', 'MÊS_abr', 'MÊS_ago', 'MÊS_fev', 'MÊS_jan', 'MÊS_mar', 'MÊS_nov', 'ANO_2021', 'ANO_2022', 'ANO_2017', 'ANO_2018', 'ANO_2019', 'CAMPUS_BARRACÃO', 'CAMPUS_CAMPO LARGO', 'CAMPUS_CASCAVEL', 'CAMPUS_CURITIBA', 'CAMPUS_IVAIPORÃ', 'CAMPUS_LONDRINA - CENTRO', 'CAMPUS_PALMAS', 'CAMPUS_PARANAGUÁ', 'CAMPUS_PARANAVAÍ', 'CAMPUS_PINHAIS', 'CAMPUS_UMUARAMA', 'CAMPUS_UNIÃO DA VITÓRIA', 'CURSOS_TEC_INTEGRADO', 'CURSOS_TEC_SUBSEQUENTE', 'CURSOS_GRAD_MATUTINO', 'FÉRIAS', 'FERIADO', 'GREVE', 'ORDEM', 'LAG_01', 'LAG_02', 'LAG_03', 'LAG_05', 'LAG_06', 'LAG_09', 'LAG_11', 'LAG_12');0.29583
('TEMP_MIN_MÉD_MENS', 'TEMP_MÉD_MÉD_MENS', 'TEMP_MÉD_MAX_MENS', 'TEMP_MAX_MÉD_MENS', 'PRECIPITAÇÃO_MÉD_MENS', 'TEMP_MIN_MIN_MENS', 'TEMP_MIN_MAX_MENS', 'TEMP_MAX_MIN_MENS', 'PRECIPITAÇÃO_MIN_MENS', 'TEMP_MAX_MAX_MENS', 'TEMP_MAX_ACC_MENS', 'PRECIPITAÇÃO_MAX_MENS', 'PRECIPITAÇÃO_ACC_MENS', 'DIA_DA_SEMANA_qua', 'DIA_DA_SEMANA_qui', 'DIA_DA_SEMANA_sáb', 'MÊS_fev', 'MÊS_jan', 'MÊS_jul', 'MÊS_mai', 'MÊS_set', 'ANO_2022', 'ANO_2015', 'ANO_2016', 'ANO_2017', 'ANO_2018', 'ANO_2019', 'CAMPUS_ASTORGA', 'CAMPUS_CAPANEMA', 'CAMPUS_CASCAVEL', 'CAMPUS_CORONEL VIVIDA', 'CAMPUS_FOZ DO IGUAÇU', 'CAMPUS_GOIOERÊ', 'CAMPUS_IVAIPORÃ', 'CAMPUS_JACAREZINHO', 'CAMPUS_PALMAS', 'CAMPUS_PARANAVAÍ', 'CAMPUS_PINHAIS', 'CAMPUS_PITANGA', 'CAMPUS_QUEDAS DO IGUAÇU', 'CAMPUS_UMUARAMA', 'CAMPUS_UNIÃO DA VITÓRIA', 'CURSOS_TEC_SUBSEQUENTE', 'COVID', 'ORDEM', 'LAG_01', 'LAG_02', 'LAG_04', 'LAG_05', 'LAG_08', 'LAG_09', 'LAG_10', 'LAG_11', 'LAG_12');0.29584
('TEMP_MIN_MÉD_MENS', 'TEMP_MÉD_MIN_MENS', 'TEMP_MÉD_MÉD_MENS', 'TEMP_MÉD_MAX_MENS', 'TEMP_MÉD_ACC_MENS', 'PRECIPITAÇÃO_MÉD_MENS', 'TEMP_MIN_ACC_MENS', 'TEMP_MAX_MIN_MENS', 'PRECIPITAÇÃO_MIN_MENS', 'TEMP_MAX_MAX_MENS', 'PRECIPITAÇÃO_MAX_MENS', 'PRECIPITAÇÃO_ACC_MENS', 'DIA_DA_SEMANA_dom', 'DIA_DA_SEMANA_qua', 'DIA_DA_SEMANA_seg', 'DIA_DA_SEMANA_sáb', 'DIA_DA_SEMANA_ter', 'MÊS_abr', 'MÊS_dez', 'MÊS_nov', 'MÊS_out', 'MÊS_set', 'ANO_2022', 'ANO_2023', 'ANO_2024', 'ANO_2015', 'ANO_2016', 'ANO_2017', 'ANO_2018', 'CAMPUS_BARRACÃO', 'CAMPUS_CAMPO LARGO', 'CAMPUS_CAPANEMA', 'CAMPUS_CASCAVEL', 'CAMPUS_CORONEL VIVIDA', 'CAMPUS_CURITIBA', 'CAMPUS_GOIOERÊ', 'CAMPUS_IRATI', 'CAMPUS_JACAREZINHO', 'CAMPUS_PALMAS', 'CAMPUS_PARANAVAÍ', 'CAMPUS_PINHAIS', 'CAMPUS_QUEDAS DO IGUAÇU', 'CAMPUS_TELÊMACO BORBA', 'CAMPUS_UMUARAMA', 'CURSOS_TEC_CONCOMITANTE', 'CURSOS_TEC_SUBSEQUENTE', 'CURSOS_GRAD_MATUTINO', 'CURSOS_GRAD_VESPERTINO', 'CURSOS_GRAD_NOTURNO', 'FERIADO', 'COVID', 'GREVE', 'ORDEM', 'LAG_01', 'LAG_03', 'LAG_06', 'LAG_07', 'LAG_09', 'LAG_10', 'LAG_12');0.29585
('TEMP_MIN_MÉD_MENS', 'TEMP_MÉD_MÉD_MENS', 'PRECIPITAÇÃO_MÉD_MENS', 'TEMP_MIN_MIN_MENS', 'TEMP_MIN_MAX_MENS', 'TEMP_MAX_MIN_MENS', 'TEMP_MAX_ACC_MENS', 'PRECIPITAÇÃO_ACC_MENS', 'DIA_DA_SEMANA_dom', 'DIA_DA_SEMANA_qua', 'DIA_DA_SEMANA_qui', 'DIA_DA_SEMANA_seg', 'DIA_DA_SEMANA_sex', 'DIA_DA_SEMANA_ter', 'MÊS_abr', 'MÊS_ago', 'MÊS_jul', 'MÊS_mai', 'MÊS_mar', 'MÊS_nov', 'MÊS_out', 'MÊS_set', 'ANO_2021', 'ANO_2023', 'ANO_2024', 'ANO_2015', 'ANO_2016', 'ANO_2017', 'ANO_2019', 'ANO_2020', 'CAMPUS_ASTORGA', 'CAMPUS_BARRACÃO', 'CAMPUS_CAMPO LARGO', 'CAMPUS_CASCAVEL', 'CAMPUS_CORONEL VIVIDA', 'CAMPUS_CURITIBA', 'CAMPUS_FOZ DO IGUAÇU', 'CAMPUS_IVAIPORÃ', 'CAMPUS_JACAREZINHO', 'CAMPUS_JAGUARIAÍVA', 'CAMPUS_LONDRINA - CENTRO', 'CAMPUS_PINHAIS', 'CAMPUS_PITANGA', 'CAMPUS_QUEDAS DO IGUAÇU', 'CAMPUS_TELÊMACO BORBA', 'CAMPUS_UNIÃO DA VITÓRIA', 'CURSOS_TEC_CONCOMITANTE', 'CURSOS_TEC_INTEGRADO', 'CURSOS_TEC_SUBSEQUENTE', 'CURSOS_GRAD_MATUTINO', 'CURSOS_GRAD_VESPERTINO', 'CURSOS_POS', 'FERIADO', 'GREVE', 'ORDEM', 'LAG_04', 'LAG_05', 'LAG_06', 'LAG_07', 'LAG_09');0.29587
('TEMP_MIN_MÉD_MENS', 'TEMP_MÉD_MÉD_MENS', 'TEMP_MÉD_MAX_MENS', 'TEMP_MÉD_ACC_MENS', 'PRECIPITAÇÃO_MÉD_MENS', 'PRECIPITAÇÃO_MAX_MENS', 'DIA_DA_SEMANA_dom', 'DIA_DA_SEMANA_qua', 'DIA_DA_SEMANA_qui', 'DIA_DA_SEMANA_seg', 'DIA_DA_SEMANA_sex', 'DIA_DA_SEMANA_sáb', 'DIA_DA_SEMANA_ter', 'MÊS_abr', 'MÊS_dez', 'MÊS_jan', 'MÊS_jul', 'MÊS_jun', 'MÊS_mai', 'MÊS_mar', 'MÊS_out', 'ANO_2021', 'ANO_2023', 'ANO_2024', 'ANO_2015', 'ANO_2016', 'ANO_2018', 'ANO_2019', 'CAMPUS_ASSIS CHATEAUBRIAND', 'CAMPUS_ASTORGA', 'CAMPUS_CAMPO LARGO', 'CAMPUS_IRATI', 'CAMPUS_JACAREZINHO', 'CAMPUS_LONDRINA - CENTRO', 'CAMPUS_PARANAGUÁ', 'CAMPUS_PINHAIS', 'CAMPUS_UMUARAMA', 'CAMPUS_UNIÃO DA VITÓRIA', 'CURSOS_TEC_SUBSEQUENTE', 'CURSOS_GRAD_MATUTINO', 'CURSOS_GRAD_VESPERTINO', 'CURSOS_GRAD_NOTURNO', 'CURSOS_POS', 'FERIADO', 'COVID', 'GREVE', 'ORDEM', 'LAG_03', 'LAG_04', 'LAG_05', 'LAG_06', 'LAG_07', 'LAG_08', 'LAG_09', 'LAG_10');0.29591
('TEMP_MIN_MÉD_MENS', 'TEMP_MÉD_MIN_MENS', 'TEMP_MÉD_MAX_MENS', 'PRECIPITAÇÃO_MÉD_MENS', 'TEMP_MIN_MAX_MENS', 'TEMP_MIN_ACC_MENS', 'TEMP_MAX_MIN_MENS', 'TEMP_MAX_MAX_MENS', 'TEMP_MAX_ACC_MENS', 'DIA_DA_SEMANA_dom', 'DIA_DA_SEMANA_qua', 'DIA_DA_SEMANA_sex', 'DIA_DA_SEMANA_sáb', 'MÊS_ago', 'MÊS_dez', 'MÊS_jan', 'MÊS_mai', 'MÊS_nov', 'MÊS_set', 'ANO_2021', 'ANO_2022', 'ANO_2023', 'ANO_2015', 'ANO_2016', 'ANO_2017', 'ANO_2018', 'CAMPUS_ASTORGA', 'CAMPUS_CAPANEMA', 'CAMPUS_GOIOERÊ', 'CAMPUS_IRATI', 'CAMPUS_JACAREZINHO', 'CAMPUS_LONDRINA - CENTRO', 'CAMPUS_PITANGA', 'CAMPUS_TELÊMACO BORBA', 'CURSOS_TEC_CONCOMITANTE', 'CURSOS_TEC_INTEGRADO', 'CURSOS_TEC_SUBSEQUENTE', 'FERIADO', 'COVID', 'ORDEM', 'LAG_01', 'LAG_03', 'LAG_05', 'LAG_06', 'LAG_07', 'LAG_08', 'LAG_09', 'LAG_11');0.29591
('TEMP_MÉD_MIN_MENS', 'PRECIPITAÇÃO_MÉD_MENS', 'TEMP_MIN_MAX_MENS', 'TEMP_MIN_ACC_MENS', 'TEMP_MAX_MIN_MENS', 'TEMP_MAX_MAX_MENS', 'TEMP_MAX_ACC_MENS', 'PRECIPITAÇÃO_ACC_MENS', 'DIA_DA_SEMANA_qua', 'DIA_DA_SEMANA_seg', 'MÊS_ago', 'MÊS_jan', 'MÊS_jul', 'MÊS_jun', 'MÊS_mai', 'MÊS_mar', 'MÊS_out', 'ANO_2021', 'ANO_2023', 'ANO_2024', 'ANO_2015', 'ANO_2016', 'ANO_2018', 'ANO_2019', 'ANO_2020', 'CAMPUS_ASTORGA', 'CAMPUS_CAMPO LARGO', 'CAMPUS_CAPANEMA', 'CAMPUS_CASCAVEL', 'CAMPUS_CORONEL VIVIDA', 'CAMPUS_FOZ DO IGUAÇU', 'CAMPUS_IRATI', 'CAMPUS_JAGUARIAÍVA', 'CAMPUS_LONDRINA - CENTRO', 'CAMPUS_PALMAS', 'CAMPUS_PARANAGUÁ', 'CAMPUS_PARANAVAÍ', 'CAMPUS_QUEDAS DO IGUAÇU', 'CAMPUS_TELÊMACO BORBA', 'CAMPUS_UMUARAMA', 'CAMPUS_UNIÃO DA VITÓRIA', 'CURSOS_TEC_CONCOMITANTE', 'CURSOS_TEC_SUBSEQUENTE', 'CURSOS_GRAD_MATUTINO', 'CURSOS_GRAD_VESPERTINO', 'FERIADO', 'GREVE', 'LAG_02', 'LAG_04', 'LAG_05', 'LAG_06', 'LAG_07', 'LAG_10', 'LAG_11');0.29592
('TEMP_MÉD_MIN_MENS', 'TEMP_MÉD_MÉD_MENS', 'TEMP_MÉD_ACC_MENS', 'PRECIPITAÇÃO_MÉD_MENS', 'TEMP_MIN_MAX_MENS', 'TEMP_MIN_ACC_MENS', 'PRECIPITAÇÃO_MIN_MENS', 'TEMP_MAX_MAX_MENS', 'PRECIPITAÇÃO_MAX_MENS', 'PRECIPITAÇÃO_ACC_MENS', 'DIA_DA_SEMANA_dom', 'DIA_DA_SEMANA_qui', 'DIA_DA_SEMANA_seg', 'DIA_DA_SEMANA_sáb', 'DIA_DA_SEMANA_ter', 'MÊS_abr', 'MÊS_ago', 'MÊS_jan', 'MÊS_jul', 'MÊS_jun', 'MÊS_mai', 'MÊS_mar', 'MÊS_nov', 'MÊS_out', 'ANO_2023', 'ANO_2015', 'ANO_2018', 'ANO_2019', 'ANO_2020', 'CAMPUS_BARRACÃO', 'CAMPUS_CAMPO LARGO', 'CAMPUS_CURITIBA', 'CAMPUS_FOZ DO IGUAÇU', 'CAMPUS_IRATI', 'CAMPUS_IVAIPORÃ', 'CAMPUS_JACAREZINHO', 'CAMPUS_JAGUARIAÍVA', 'CAMPUS_PARANAVAÍ', 'CAMPUS_QUEDAS DO IGUAÇU', 'CURSOS_TEC_INTEGRADO', 'CURSOS_TEC_SUBSEQUENTE', 'CURSOS_GRAD_VESPERTINO', 'CURSOS_POS', 'FÉRIAS', 'FERIADO', 'ORDEM', 'LAG_01', 'LAG_04', 'LAG_05', 'LAG_06', 'LAG_07', 'LAG_08', 'LAG_10');0.29594
('TEMP_MÉD_ACC_MENS', 'TEMP_MAX_MÉD_MENS', 'PRECIPITAÇÃO_MÉD_MENS', 'TEMP_MIN_MIN_MENS', 'TEMP_MIN_MAX_MENS', 'TEMP_MAX_MIN_MENS', 'PRECIPITAÇÃO_ACC_MENS', 'DIA_DA_SEMANA_dom', 'DIA_DA_SEMANA_ter', 'MÊS_ago', 'MÊS_fev', 'MÊS_jan', 'MÊS_jul', 'MÊS_jun', 'MÊS_mar', 'MÊS_nov', 'MÊS_out', 'ANO_2022', 'ANO_2024', 'ANO_2015', 'ANO_2018', 'ANO_2019', 'CAMPUS_ASSIS CHATEAUBRIAND', 'CAMPUS_ASTORGA', 'CAMPUS_CAPANEMA', 'CAMPUS_CORONEL VIVIDA', 'CAMPUS_GOIOERÊ', 'CAMPUS_IRATI', 'CAMPUS_IVAIPORÃ', 'CAMPUS_JACAREZINHO', 'CAMPUS_PARANAGUÁ', 'CAMPUS_PARANAVAÍ', 'CAMPUS_PINHAIS', 'CAMPUS_PITANGA', 'CAMPUS_QUEDAS DO IGUAÇU', 'CAMPUS_TELÊMACO BORBA', 'CAMPUS_UMUARAMA', 'CURSOS_TEC_CONCOMITANTE', 'CURSOS_GRAD_VESPERTINO', 'CURSOS_GRAD_NOTURNO', 'FÉRIAS', 'COVID', 'ORDEM', 'LAG_01', 'LAG_02', 'LAG_06', 'LAG_07', 'LAG_08', 'LAG_09', 'LAG_11', 'LAG_12');0.29595
('TEMP_MÉD_MIN_MENS', 'TEMP_MÉD_MÉD_MENS', 'TEMP_MÉD_MAX_MENS', 'TEMP_MÉD_ACC_MENS', 'TEMP_MAX_MÉD_MENS', 'PRECIPITAÇÃO_MÉD_MENS', 'TEMP_MIN_MIN_MENS', 'TEMP_MAX_MIN_MENS', 'PRECIPITAÇÃO_MIN_MENS', 'DIA_DA_SEMANA_dom', 'DIA_DA_SEMANA_qua', 'DIA_DA_SEMANA_seg', 'DIA_DA_SEMANA_ter', 'MÊS_abr', 'MÊS_jul', 'MÊS_jun', 'MÊS_mar', 'MÊS_nov', 'MÊS_set', 'ANO_2022', 'ANO_2016', 'ANO_2017', 'ANO_2018', 'CAMPUS_ASSIS CHATEAUBRIAND', 'CAMPUS_ASTORGA', 'CAMPUS_BARRACÃO', 'CAMPUS_CAMPO LARGO', 'CAMPUS_CAPANEMA', 'CAMPUS_GOIOERÊ', 'CAMPUS_IRATI', 'CAMPUS_JAGUARIAÍVA', 'CAMPUS_LONDRINA - CENTRO', 'CAMPUS_PALMAS', 'CAMPUS_QUEDAS DO IGUAÇU', 'CAMPUS_TELÊMACO BORBA', 'CURSOS_TEC_INTEGRADO', 'CURSOS_GRAD_MATUTINO', 'CURSOS_GRAD_VESPERTINO', 'CURSOS_GRAD_NOTURNO', 'CURSOS_POS', 'FÉRIAS', 'FERIADO', 'COVID', 'GREVE', 'ORDEM', 'LAG_03', 'LAG_06', 'LAG_11');0.29596
('TEMP_MÉD_MIN_MENS', 'TEMP_MÉD_MAX_MENS', 'TEMP_MÉD_ACC_MENS', 'TEMP_MAX_MÉD_MENS', 'PRECIPITAÇÃO_MÉD_MENS', 'TEMP_MIN_MAX_MENS', 'TEMP_MAX_MIN_MENS', 'PRECIPITAÇÃO_MIN_MENS', 'PRECIPITAÇÃO_MAX_MENS', 'PRECIPITAÇÃO_ACC_MENS', 'DIA_DA_SEMANA_dom', 'DIA_DA_SEMANA_qui', 'DIA_DA_SEMANA_seg', 'DIA_DA_SEMANA_sex', 'DIA_DA_SEMANA_sáb', 'MÊS_ago', 'MÊS_dez', 'MÊS_jul', 'MÊS_jun', 'MÊS_mai', 'MÊS_mar', 'MÊS_out', 'MÊS_set', 'ANO_2022', 'ANO_2023', 'ANO_2024', 'ANO_2015', 'ANO_2017', 'ANO_2018', 'ANO_2019', 'CAMPUS_ASTORGA', 'CAMPUS_CAMPO LARGO', 'CAMPUS_CURITIBA', 'CAMPUS_FOZ DO IGUAÇU', 'CAMPUS_GOIOERÊ', 'CAMPUS_JAGUARIAÍVA', 'CAMPUS_LONDRINA - CENTRO', 'CAMPUS_PALMAS', 'CAMPUS_PARANAGUÁ', 'CAMPUS_QUEDAS DO IGUAÇU', 'CAMPUS_TELÊMACO BORBA', 'CURSOS_TEC_CONCOMITANTE', 'CURSOS_TEC_INTEGRADO', 'CURSOS_GRAD_VESPERTINO', 'CURSOS_GRAD_NOTURNO', 'CURSOS_POS', 'FERIADO', 'COVID', 'GREVE', 'LAG_01', 'LAG_02', 'LAG_03', 'LAG_04', 'LAG_05', 'LAG_06', 'LAG_07', 'LAG_08', 'LAG_09', 'LAG_10', 'LAG_12');0.29597
('TEMP_MIN_MÉD_MENS', 'TEMP_MÉD_MIN_MENS', 'TEMP_MÉD_MAX_MENS', 'TEMP_MÉD_ACC_MENS', 'TEMP_MAX_MÉD_MENS', 'TEMP_MIN_MIN_MENS', 'TEMP_MIN_MAX_MENS', 'TEMP_MIN_ACC_MENS', 'TEMP_MAX_MIN_MENS', 'PRECIPITAÇÃO_MIN_MENS', 'TEMP_MAX_ACC_MENS', 'PRECIPITAÇÃO_ACC_MENS', 'DIA_DA_SEMANA_qua', 'DIA_DA_SEMANA_qui', 'DIA_DA_SEMANA_seg', 'DIA_DA_SEMANA_sex', 'DIA_DA_SEMANA_sáb', 'DIA_DA_SEMANA_ter', 'MÊS_ago', 'MÊS_fev', 'MÊS_jul', 'MÊS_mai', 'MÊS_mar', 'MÊS_nov', 'MÊS_set', 'ANO_2022', 'ANO_2024', 'ANO_2015', 'ANO_2017', 'ANO_2018', 'ANO_2019', 'ANO_2020', 'CAMPUS_ASSIS CHATEAUBRIAND', 'CAMPUS_ASTORGA', 'CAMPUS_BARRACÃO', 'CAMPUS_CAMPO LARGO', 'CAMPUS_CASCAVEL', 'CAMPUS_FOZ DO IGUAÇU', 'CAMPUS_GOIOERÊ', 'CAMPUS_JAGUARIAÍVA', 'CAMPUS_LONDRINA - CENTRO', 'CAMPUS_PARANAGUÁ', 'CAMPUS_PITANGA', 'CAMPUS_TELÊMACO BORBA', 'CAMPUS_UMUARAMA', 'CAMPUS_UNIÃO DA VITÓRIA', 'CURSOS_TEC_CONCOMITANTE', 'CURSOS_TEC_INTEGRADO', 'CURSOS_GRAD_MATUTINO', 'CURSOS_GRAD_NOTURNO', 'CURSOS_POS', 'FÉRIAS', 'COVID', 'GREVE', 'LAG_02', 'LAG_03', 'LAG_04', 'LAG_06', 'LAG_07', 'LAG_08', 'LAG_11');0.29602
('TEMP_MIN_MÉD_MENS', 'TEMP_MÉD_MAX_MENS', 'TEMP_MÉD_ACC_MENS', 'PRECIPITAÇÃO_MÉD_MENS', 'TEMP_MAX_MIN_MENS', 'PRECIPITAÇÃO_MIN_MENS', 'TEMP_MAX_ACC_MENS', 'PRECIPITAÇÃO_ACC_MENS', 'DIA_DA_SEMANA_dom', 'DIA_DA_SEMANA_qua', 'DIA_DA_SEMANA_qui', 'DIA_DA_SEMANA_seg', 'DIA_DA_SEMANA_sex', 'DIA_DA_SEMANA_sáb', 'DIA_DA_SEMANA_ter', 'MÊS_jan', 'MÊS_jul', 'MÊS_jun', 'MÊS_mar', 'MÊS_nov', 'MÊS_out', 'ANO_2022', 'ANO_2024', 'ANO_2015', 'ANO_2016', 'ANO_2019', 'CAMPUS_ASSIS CHATEAUBRIAND', 'CAMPUS_ASTORGA', 'CAMPUS_CASCAVEL', 'CAMPUS_CORONEL VIVIDA', 'CAMPUS_FOZ DO IGUAÇU', 'CAMPUS_IVAIPORÃ', 'CAMPUS_JAGUARIAÍVA', 'CAMPUS_LONDRINA - CENTRO', 'CAMPUS_PALMAS', 'CAMPUS_PARANAVAÍ', 'CAMPUS_PINHAIS', 'CAMPUS_PITANGA', 'CAMPUS_TELÊMACO BORBA', 'CAMPUS_UMUARAMA', 'CAMPUS_UNIÃO DA VITÓRIA', 'CURSOS_TEC_CONCOMITANTE', 'CURSOS_GRAD_NOTURNO', 'CURSOS_POS', 'FÉRIAS', 'FERIADO', 'COVID', 'ORDEM', 'LAG_04', 'LAG_05', 'LAG_06', 'LAG_07', 'LAG_10', 'LAG_11');0.29605
('TEMP_MIN_MÉD_MENS', 'TEMP_MÉD_MIN_MENS', 'TEMP_MÉD_MAX_MENS', 'TEMP_MÉD_ACC_MENS', 'TEMP_MAX_MÉD_MENS', 'TEMP_MAX_MIN_MENS', 'TEMP_MAX_MAX_MENS', 'TEMP_MAX_ACC_MENS', 'PRECIPITAÇÃO_MAX_MENS', 'DIA_DA_SEMANA_qua', 'DIA_DA_SEMANA_sex', 'DIA_DA_SEMANA_sáb', 'MÊS_abr', 'MÊS_ago', 'MÊS_jul', 'MÊS_jun', 'MÊS_mai', 'MÊS_out', 'ANO_2021', 'ANO_2022', 'ANO_2015', 'ANO_2019', 'ANO_2020', 'CAMPUS_ASTORGA', 'CAMPUS_CAMPO LARGO', 'CAMPUS_CORONEL VIVIDA', 'CAMPUS_GOIOERÊ', 'CAMPUS_IVAIPORÃ', 'CAMPUS_JACAREZINHO', 'CAMPUS_LONDRINA - CENTRO', 'CAMPUS_PALMAS', 'CAMPUS_PARANAVAÍ', 'CAMPUS_PINHAIS', 'CAMPUS_PITANGA', 'CAMPUS_UMUARAMA', 'CAMPUS_UNIÃO DA VITÓRIA', 'CURSOS_TEC_SUBSEQUENTE', 'CURSOS_GRAD_NOTURNO', 'FÉRIAS', 'ORDEM', 'LAG_01', 'LAG_02', 'LAG_03', 'LAG_04', 'LAG_05', 'LAG_06', 'LAG_08', 'LAG_09', 'LAG_10', 'LAG_11', 'LAG_12');0.29606
('TEMP_MÉD_MIN_MENS', 'TEMP_MÉD_MÉD_MENS', 'TEMP_MÉD_ACC_MENS', 'TEMP_MIN_MIN_MENS', 'TEMP_MAX_MIN_MENS', 'PRECIPITAÇÃO_MIN_MENS', 'TEMP_MAX_ACC_MENS', 'PRECIPITAÇÃO_MAX_MENS', 'PRECIPITAÇÃO_ACC_MENS', 'DIA_DA_SEMANA_dom', 'DIA_DA_SEMANA_qua', 'DIA_DA_SEMANA_qui', 'DIA_DA_SEMANA_sáb', 'DIA_DA_SEMANA_ter', 'MÊS_abr', 'MÊS_fev', 'MÊS_jan', 'MÊS_jul', 'MÊS_jun', 'MÊS_mai', 'MÊS_out', 'MÊS_set', 'ANO_2015', 'ANO_2016', 'ANO_2019', 'ANO_2020', 'CAMPUS_ASSIS CHATEAUBRIAND', 'CAMPUS_ASTORGA', 'CAMPUS_CASCAVEL', 'CAMPUS_CORONEL VIVIDA', 'CAMPUS_FOZ DO IGUAÇU', 'CAMPUS_IVAIPORÃ', 'CAMPUS_JACAREZINHO', 'CAMPUS_JAGUARIAÍVA', 'CAMPUS_LONDRINA - CENTRO', 'CAMPUS_PARANAGUÁ', 'CAMPUS_PITANGA', 'CAMPUS_QUEDAS DO IGUAÇU', 'CAMPUS_UMUARAMA', 'CAMPUS_UNIÃO DA VITÓRIA', 'CURSOS_TEC_CONCOMITANTE', 'CURSOS_GRAD_MATUTINO', 'FÉRIAS', 'GREVE', 'ORDEM', 'LAG_01', 'LAG_02', 'LAG_03', 'LAG_04', 'LAG_06', 'LAG_07', 'LAG_09', 'LAG_11');0.29606
('TEMP_MIN_MÉD_MENS', 'TEMP_MÉD_MIN_MENS', 'TEMP_MAX_MÉD_MENS', 'PRECIPITAÇÃO_MÉD_MENS', 'TEMP_MIN_MIN_MENS', 'TEMP_MAX_MAX_MENS', 'TEMP_MAX_ACC_MENS', 'PRECIPITAÇÃO_ACC_MENS', 'DIA_DA_SEMANA_dom', 'DIA_DA_SEMANA_qua', 'DIA_DA_SEMANA_sex', 'DIA_DA_SEMANA_sáb', 'DIA_DA_SEMANA_ter', 'MÊS_abr', 'MÊS_ago', 'MÊS_dez', 'MÊS_fev', 'MÊS_jan', 'MÊS_jul', 'MÊS_out', 'ANO_2022', 'ANO_2023', 'ANO_2015', 'ANO_2018', 'ANO_2020', 'CAMPUS_ASSIS CHATEAUBRIAND', 'CAMPUS_ASTORGA', 'CAMPUS_BARRACÃO', 'CAMPUS_CAPANEMA', 'CAMPUS_CASCAVEL', 'CAMPUS_CORONEL VIVIDA', 'CAMPUS_CURITIBA', 'CAMPUS_FOZ DO IGUAÇU', 'CAMPUS_GOIOERÊ', 'CAMPUS_JACAREZINHO', 'CAMPUS_JAGUARIAÍVA', 'CAMPUS_PARANAGUÁ', 'CAMPUS_PARANAVAÍ', 'CAMPUS_PITANGA', 'CAMPUS_TELÊMACO BORBA', 'CAMPUS_UMUARAMA', 'CURSOS_TEC_CONCOMITANTE', 'CURSOS_TEC_INTEGRADO', 'CURSOS_GRAD_MATUTINO', 'CURSOS_GRAD_VESPERTINO', 'CURSOS_GRAD_NOTURNO', 'CURSOS_POS', 'FERIADO', 'COVID', 'GREVE', 'ORDEM', 'LAG_01', 'LAG_02', 'LAG_03', 'LAG_04', 'LAG_05', 'LAG_07', 'LAG_08', 'LAG_09', 'LAG_10', 'LAG_11', 'LAG_12');0.29608
('TEMP_MIN_MÉD_MENS', 'TEMP_MÉD_MAX_MENS', 'TEMP_MÉD_ACC_MENS', 'PRECIPITAÇÃO_MÉD_MENS', 'TEMP_MIN_MIN_MENS', 'TEMP_MIN_MAX_MENS', 'TEMP_MAX_MIN_MENS', 'PRECIPITAÇÃO_MAX_MENS', 'PRECIPITAÇÃO_ACC_MENS', 'DIA_DA_SEMANA_qua', 'DIA_DA_SEMANA_sex', 'MÊS_jan', 'MÊS_jul', 'MÊS_mai', 'MÊS_mar', 'MÊS_nov', 'MÊS_out', 'ANO_2023', 'ANO_2024', 'ANO_2015', 'ANO_2016', 'ANO_2018', 'ANO_2019', 'CAMPUS_ASSIS CHATEAUBRIAND', 'CAMPUS_CAMPO LARGO', 'CAMPUS_CAPANEMA', 'CAMPUS_CASCAVEL', 'CAMPUS_CORONEL VIVIDA', 'CAMPUS_FOZ DO IGUAÇU', 'CAMPUS_IVAIPORÃ', 'CAMPUS_JACAREZINHO', 'CAMPUS_JAGUARIAÍVA', 'CAMPUS_PALMAS', 'CAMPUS_PARANAGUÁ', 'CAMPUS_PINHAIS', 'CAMPUS_TELÊMACO BORBA', 'CAMPUS_UMUARAMA', 'CAMPUS_UNIÃO DA VITÓRIA', 'CURSOS_TEC_CONCOMITANTE', 'CURSOS_TEC_INTEGRADO', 'CURSOS_TEC_SUBSEQUENTE', 'CURSOS_GRAD_MATUTINO', 'CURSOS_GRAD_VESPERTINO', 'FERIADO', 'COVID', 'GREVE', 'ORDEM', 'LAG_01', 'LAG_02', 'LAG_03', 'LAG_04', 'LAG_06', 'LAG_07', 'LAG_08', 'LAG_10', 'LAG_12');0.29623
('TEMP_MIN_MÉD_MENS', 'TEMP_MÉD_MIN_MENS', 'TEMP_MÉD_MAX_MENS', 'TEMP_MAX_MÉD_MENS', 'TEMP_MIN_MAX_MENS', 'TEMP_MIN_ACC_MENS', 'TEMP_MAX_MIN_MENS', 'PRECIPITAÇÃO_MIN_MENS', 'TEMP_MAX_MAX_MENS', 'TEMP_MAX_ACC_MENS', 'PRECIPITAÇÃO_MAX_MENS', 'DIA_DA_SEMANA_dom', 'DIA_DA_SEMANA_qua', 'DIA_DA_SEMANA_qui', 'DIA_DA_SEMANA_seg', 'DIA_DA_SEMANA_sex', 'DIA_DA_SEMANA_ter', 'MÊS_ago', 'MÊS_fev', 'MÊS_jul', 'MÊS_nov', 'MÊS_out', 'MÊS_set', 'ANO_2021', 'ANO_2022', 'ANO_2023', 'ANO_2015', 'ANO_2017', 'ANO_2018', 'ANO_2020', 'CAMPUS_BARRACÃO', 'CAMPUS_CAPANEMA', 'CAMPUS_CASCAVEL', 'CAMPUS_CURITIBA', 'CAMPUS_FOZ DO IGUAÇU', 'CAMPUS_IVAIPORÃ', 'CAMPUS_PINHAIS', 'CAMPUS_QUEDAS DO IGUAÇU', 'CAMPUS_UMUARAMA', 'CAMPUS_UNIÃO DA VITÓRIA', 'CURSOS_TEC_CONCOMITANTE', 'CURSOS_TEC_INTEGRADO', 'CURSOS_GRAD_NOTURNO', 'CURSOS_POS', 'FÉRIAS', 'FERIADO', 'LAG_01', 'LAG_02', 'LAG_04', 'LAG_06', 'LAG_08', 'LAG_09', 'LAG_11');0.29624
('TEMP_MIN_MÉD_MENS', 'TEMP_MÉD_MÉD_MENS', 'TEMP_MÉD_MAX_MENS', 'TEMP_MÉD_ACC_MENS', 'TEMP_MIN_MIN_MENS', 'TEMP_MIN_MAX_MENS', 'TEMP_MIN_ACC_MENS', 'PRECIPITAÇÃO_MIN_MENS', 'PRECIPITAÇÃO_MAX_MENS', 'DIA_DA_SEMANA_qua', 'DIA_DA_SEMANA_qui', 'DIA_DA_SEMANA_sex', 'DIA_DA_SEMANA_sáb', 'DIA_DA_SEMANA_ter', 'MÊS_abr', 'MÊS_dez', 'MÊS_fev', 'MÊS_jul', 'MÊS_jun', 'MÊS_mar', 'MÊS_nov', 'ANO_2023', 'ANO_2015', 'ANO_2016', 'ANO_2017', 'ANO_2018', 'ANO_2020', 'CAMPUS_ASSIS CHATEAUBRIAND', 'CAMPUS_BARRACÃO', 'CAMPUS_CASCAVEL', 'CAMPUS_FOZ DO IGUAÇU', 'CAMPUS_GOIOERÊ', 'CAMPUS_LONDRINA - CENTRO', 'CAMPUS_PINHAIS', 'CAMPUS_QUEDAS DO IGUAÇU', 'CAMPUS_TELÊMACO BORBA', 'CURSOS_TEC_CONCOMITANTE', 'CURSOS_TEC_SUBSEQUENTE', 'CURSOS_GRAD_VESPERTINO', 'CURSOS_POS', 'FÉRIAS', 'FERIADO', 'COVID', 'GREVE', 'ORDEM', 'LAG_03', 'LAG_04', 'LAG_05', 'LAG_06', 'LAG_08', 'LAG_10', 'LAG_11');0.29628
('TEMP_MIN_MÉD_MENS', 'TEMP_MÉD_MIN_MENS', 'TEMP_MÉD_MAX_MENS', 'PRECIPITAÇÃO_MÉD_MENS', 'TEMP_MIN_ACC_MENS', 'TEMP_MAX_MIN_MENS', 'PRECIPITAÇÃO_MIN_MENS', 'TEMP_MAX_ACC_MENS', 'PRECIPITAÇÃO_MAX_MENS', 'PRECIPITAÇÃO_ACC_MENS', 'DIA_DA_SEMANA_qua', 'DIA_DA_SEMANA_qui', 'DIA_DA_SEMANA_sáb', 'DIA_DA_SEMANA_ter', 'MÊS_abr', 'MÊS_ago', 'MÊS_dez', 'MÊS_fev', 'MÊS_jan', 'MÊS_jun', 'MÊS_mai', 'MÊS_out', 'MÊS_set', 'ANO_2015', 'ANO_2016', 'ANO_2017', 'ANO_2019', 'ANO_2020', 'CAMPUS_ASTORGA', 'CAMPUS_BARRACÃO', 'CAMPUS_CORONEL VIVIDA', 'CAMPUS_FOZ DO IGUAÇU', 'CAMPUS_GOIOERÊ', 'CAMPUS_IRATI', 'CAMPUS_IVAIPORÃ', 'CAMPUS_LONDRINA - CENTRO', 'CAMPUS_PARANAGUÁ', 'CAMPUS_PARANAVAÍ', 'CAMPUS_QUEDAS DO IGUAÇU', 'CAMPUS_TELÊMACO BORBA', 'CAMPUS_UNIÃO DA VITÓRIA', 'CURSOS_TEC_INTEGRADO', 'CURSOS_TEC_SUBSEQUENTE', 'CURSOS_GRAD_MATUTINO', 'CURSOS_POS', 'COVID', 'GREVE', 'ORDEM', 'LAG_01', 'LAG_03', 'LAG_06', 'LAG_07', 'LAG_08', 'LAG_09', 'LAG_12');0.29639
('TEMP_MÉD_MÉD_MENS', 'TEMP_MÉD_ACC_MENS', 'TEMP_MAX_MÉD_MENS', 'PRECIPITAÇÃO_MÉD_MENS', 'TEMP_MIN_MIN_MENS', 'TEMP_MIN_MAX_MENS', 'TEMP_MAX_MIN_MENS', 'PRECIPITAÇÃO_MIN_MENS', 'TEMP_MAX_ACC_MENS', 'PRECIPITAÇÃO_ACC_MENS', 'DIA_DA_SEMANA_qui', 'DIA_DA_SEMANA_sex', 'DIA_DA_SEMANA_ter', 'MÊS_ago', 'MÊS_dez', 'MÊS_jan', 'MÊS_jul', 'MÊS_jun', 'MÊS_out', 'MÊS_set', 'ANO_2023', 'ANO_2024', 'ANO_2015', 'ANO_2018', 'ANO_2019', 'ANO_2020', 'CAMPUS_ASSIS CHATEAUBRIAND', 'CAMPUS_FOZ DO IGUAÇU', 'CAMPUS_GOIOERÊ', 'CAMPUS_IRATI', 'CAMPUS_IVAIPORÃ', 'CAMPUS_JAGUARIAÍVA', 'CAMPUS_LONDRINA - CENTRO', 'CAMPUS_PALMAS', 'CAMPUS_PARANAVAÍ', 'CAMPUS_QUEDAS DO IGUAÇU', 'CAMPUS_TELÊMACO BORBA', 'CAMPUS_UMUARAMA', 'CAMPUS_UNIÃO DA VITÓRIA', 'CURSOS_TEC_CONCOMITANTE', 'CURSOS_TEC_INTEGRADO', 'CURSOS_GRAD_MATUTINO', 'CURSOS_GRAD_VESPERTINO', 'CURSOS_GRAD_NOTURNO', 'FÉRIAS', 'FERIADO', 'LAG_01', 'LAG_03', 'LAG_04', 'LAG_06', 'LAG_07', 'LAG_08', 'LAG_10', 'LAG_11');0.29639
('TEMP_MIN_MÉD_MENS', 'TEMP_MÉD_MIN_MENS', 'TEMP_MÉD_MÉD_MENS', 'TEMP_MÉD_MAX_MENS', 'TEMP_MAX_MÉD_MENS', 'PRECIPITAÇÃO_MÉD_MENS', 'TEMP_MIN_MIN_MENS', 'TEMP_MIN_MAX_MENS', 'TEMP_MAX_MAX_MENS', 'TEMP_MAX_ACC_MENS', 'PRECIPITAÇÃO_ACC_MENS', 'DIA_DA_SEMANA_dom', 'DIA_DA_SEMANA_qua', 'DIA_DA_SEMANA_qui', 'DIA_DA_SEMANA_seg', 'DIA_DA_SEMANA_sáb', 'MÊS_ago', 'MÊS_dez', 'MÊS_fev', 'MÊS_jun', 'MÊS_mai', 'MÊS_mar', 'MÊS_out', 'MÊS_set', 'ANO_2021', 'ANO_2023', 'ANO_2024', 'ANO_2017', 'ANO_2019', 'CAMPUS_ASTORGA', 'CAMPUS_BARRACÃO', 'CAMPUS_CAMPO LARGO', 'CAMPUS_CASCAVEL', 'CAMPUS_CORONEL VIVIDA', 'CAMPUS_CURITIBA', 'CAMPUS_GOIOERÊ', 'CAMPUS_IRATI', 'CAMPUS_IVAIPORÃ', 'CAMPUS_JACAREZINHO', 'CAMPUS_JAGUARIAÍVA', 'CAMPUS_PALMAS', 'CAMPUS_PARANAVAÍ', 'CAMPUS_PINHAIS', 'CAMPUS_PITANGA', 'CAMPUS_UMUARAMA', 'CURSOS_GRAD_NOTURNO', 'CURSOS_POS', 'FERIADO', 'COVID', 'GREVE', 'ORDEM', 'LAG_01', 'LAG_02', 'LAG_03', 'LAG_04', 'LAG_06', 'LAG_07', 'LAG_08', 'LAG_12');0.29641
('TEMP_MIN_MÉD_MENS', 'TEMP_MÉD_MIN_MENS', 'TEMP_MÉD_MAX_MENS', 'TEMP_MAX_MIN_MENS', 'PRECIPITAÇÃO_MIN_MENS', 'TEMP_MAX_MAX_MENS', 'PRECIPITAÇÃO_MAX_MENS', 'PRECIPITAÇÃO_ACC_MENS', 'DIA_DA_SEMANA_qua', 'DIA_DA_SEMANA_sáb', 'DIA_DA_SEMANA_ter', 'MÊS_ago', 'MÊS_dez', 'MÊS_jan', 'MÊS_jun', 'MÊS_mar', 'MÊS_set', 'ANO_2021', 'ANO_2022', 'ANO_2023', 'ANO_2024', 'ANO_2015', 'ANO_2016', 'ANO_2017', 'ANO_2018', 'ANO_2020', 'CAMPUS_ASTORGA', 'CAMPUS_CASCAVEL', 'CAMPUS_CORONEL VIVIDA', 'CAMPUS_CURITIBA', 'CAMPUS_IRATI', 'CAMPUS_JACAREZINHO', 'CAMPUS_LONDRINA - CENTRO', 'CAMPUS_PARANAGUÁ', 'CAMPUS_PARANAVAÍ', 'CAMPUS_PITANGA', 'CAMPUS_QUEDAS DO IGUAÇU', 'CAMPUS_UNIÃO DA VITÓRIA', 'CURSOS_TEC_CONCOMITANTE', 'CURSOS_TEC_INTEGRADO', 'CURSOS_TEC_SUBSEQUENTE', 'FÉRIAS', 'FERIADO', 'GREVE', 'ORDEM', 'LAG_01', 'LAG_02', 'LAG_03', 'LAG_04', 'LAG_05', 'LAG_06', 'LAG_08', 'LAG_09', 'LAG_10');0.29642
('TEMP_MIN_MÉD_MENS', 'TEMP_MÉD_ACC_MENS', 'TEMP_MAX_MÉD_MENS', 'PRECIPITAÇÃO_MÉD_MENS', 'TEMP_MIN_MIN_MENS', 'TEMP_MIN_MAX_MENS', 'TEMP_MAX_ACC_MENS', 'PRECIPITAÇÃO_ACC_MENS', 'DIA_DA_SEMANA_dom', 'DIA_DA_SEMANA_qui', 'DIA_DA_SEMANA_seg', 'DIA_DA_SEMANA_sex', 'DIA_DA_SEMANA_sáb', 'DIA_DA_SEMANA_ter', 'MÊS_dez', 'MÊS_fev', 'MÊS_jan', 'MÊS_jun', 'MÊS_mar', 'MÊS_out', 'MÊS_set', 'ANO_2021', 'ANO_2023', 'ANO_2016', 'ANO_2017', 'ANO_2019', 'CAMPUS_CAMPO LARGO', 'CAMPUS_CASCAVEL', 'CAMPUS_CORONEL VIVIDA', 'CAMPUS_IVAIPORÃ', 'CAMPUS_LONDRINA - CENTRO', 'CAMPUS_PALMAS', 'CAMPUS_PARANAVAÍ', 'CAMPUS_PINHAIS', 'CAMPUS_QUEDAS DO IGUAÇU', 'CAMPUS_UMUARAMA', 'CURSOS_TEC_INTEGRADO', 'CURSOS_TEC_SUBSEQUENTE', 'CURSOS_GRAD_VESPERTINO', 'COVID', 'GREVE', 'LAG_02', 'LAG_03', 'LAG_05', 'LAG_06', 'LAG_07', 'LAG_08', 'LAG_10');0.29645
('TEMP_MAX_MÉD_MENS', 'PRECIPITAÇÃO_MÉD_MENS', 'TEMP_MIN_ACC_MENS', 'TEMP_MAX_MIN_MENS', 'TEMP_MAX_MAX_MENS', 'PRECIPITAÇÃO_ACC_MENS', 'DIA_DA_SEMANA_qua', 'DIA_DA_SEMANA_qui', 'DIA_DA_SEMANA_sex', 'DIA_DA_SEMANA_sáb', 'DIA_DA_SEMANA_ter', 'MÊS_abr', 'MÊS_ago', 'MÊS_fev', 'MÊS_jul', 'MÊS_mai', 'MÊS_mar', 'MÊS_out', 'ANO_2021', 'ANO_2022', 'ANO_2023', 'ANO_2015', 'ANO_2016', 'ANO_2017', 'ANO_2018', 'ANO_2019', 'ANO_2020', 'CAMPUS_ASTORGA', 'CAMPUS_BARRACÃO', 'CAMPUS_CAMPO LARGO', 'CAMPUS_CAPANEMA', 'CAMPUS_CASCAVEL', 'CAMPUS_CORONEL VIVIDA', 'CAMPUS_FOZ DO IGUAÇU', 'CAMPUS_IRATI', 'CAMPUS_IVAIPORÃ', 'CAMPUS_JAGUARIAÍVA', 'CAMPUS_LONDRINA - CENTRO', 'CAMPUS_PARANAVAÍ', 'CAMPUS_PINHAIS', 'CAMPUS_QUEDAS DO IGUAÇU', 'CAMPUS_UNIÃO DA VITÓRIA', 'CURSOS_TEC_INTEGRADO', 'CURSOS_GRAD_VESPERTINO', 'CURSOS_POS', 'COVID', 'GREVE', 'ORDEM', 'LAG_01', 'LAG_02', 'LAG_04', 'LAG_05', 'LAG_06', 'LAG_08', 'LAG_09', 'LAG_10', 'LAG_11', 'LAG_12');0.29646
('TEMP_MÉD_MÉD_MENS', 'TEMP_MÉD_MAX_MENS', 'TEMP_MÉD_ACC_MENS', 'PRECIPITAÇÃO_MÉD_MENS', 'TEMP_MIN_MAX_MENS', 'PRECIPITAÇÃO_MIN_MENS', 'PRECIPITAÇÃO_ACC_MENS', 'DIA_DA_SEMANA_dom', 'DIA_DA_SEMANA_qui', 'DIA_DA_SEMANA_seg', 'DIA_DA_SEMANA_sáb', 'MÊS_abr', 'MÊS_ago', 'MÊS_dez', 'MÊS_jan', 'MÊS_jul', 'MÊS_nov', 'MÊS_set', 'ANO_2021', 'ANO_2022', 'ANO_2024', 'ANO_2015', 'ANO_2019', 'ANO_2020', 'CAMPUS_ASSIS CHATEAUBRIAND', 'CAMPUS_BARRACÃO', 'CAMPUS_CAPANEMA', 'CAMPUS_CASCAVEL', 'CAMPUS_FOZ DO IGUAÇU', 'CAMPUS_GOIOERÊ', 'CAMPUS_IRATI', 'CAMPUS_IVAIPORÃ', 'CAMPUS_JACAREZINHO', 'CAMPUS_LONDRINA - CENTRO', 'CAMPUS_PARANAGUÁ', 'CAMPUS_PARANAVAÍ', 'CAMPUS_PITANGA', 'CAMPUS_QUEDAS DO IGUAÇU', 'CAMPUS_TELÊMACO BORBA', 'CAMPUS_UMUARAMA', 'CAMPUS_UNIÃO DA VITÓRIA', 'CURSOS_GRAD_MATUTINO', 'CURSOS_GRAD_NOTURNO', 'CURSOS_POS', 'FÉRIAS', 'FERIADO', 'COVID', 'GREVE', 'LAG_03', 'LAG_06', 'LAG_07', 'LAG_08', 'LAG_09', 'LAG_10', 'LAG_11', 'LAG_12');0.29647
('TEMP_MÉD_MIN_MENS', 'TEMP_MÉD_MÉD_MENS', 'TEMP_MÉD_MAX_MENS', 'TEMP_MAX_MÉD_MENS', 'PRECIPITAÇÃO_MÉD_MENS', 'TEMP_MIN_MIN_MENS', 'TEMP_MIN_ACC_MENS', 'PRECIPITAÇÃO_MIN_MENS', 'TEMP_MAX_MAX_MENS', 'PRECIPITAÇÃO_MAX_MENS', 'DIA_DA_SEMANA_dom', 'DIA_DA_SEMANA_qui', 'DIA_DA_SEMANA_seg', 'DIA_DA_SEMANA_sex', 'DIA_DA_SEMANA_sáb', 'MÊS_abr', 'MÊS_ago', 'MÊS_dez', 'MÊS_jan', 'MÊS_jun', 'MÊS_mai', 'ANO_2021', 'ANO_2023', 'ANO_2015', 'ANO_2017', 'ANO_2018', 'ANO_2019', 'ANO_2020', 'CAMPUS_ASSIS CHATEAUBRIAND', 'CAMPUS_CAMPO LARGO', 'CAMPUS_CAPANEMA', 'CAMPUS_CORONEL VIVIDA', 'CAMPUS_FOZ DO IGUAÇU', 'CAMPUS_GOIOERÊ', 'CAMPUS_IVAIPORÃ', 'CAMPUS_JACAREZINHO', 'CAMPUS_JAGUARIAÍVA', 'CAMPUS_LONDRINA - CENTRO', 'CAMPUS_PALMAS', 'CAMPUS_PARANAGUÁ', 'CAMPUS_PARANAVAÍ', 'CAMPUS_PITANGA', 'CAMPUS_QUEDAS DO IGUAÇU', 'CAMPUS_TELÊMACO BORBA', 'CAMPUS_UMUARAMA', 'CAMPUS_UNIÃO DA VITÓRIA', 'CURSOS_TEC_INTEGRADO', 'CURSOS_GRAD_MATUTINO', 'CURSOS_POS', 'FERIADO', 'COVID', 'GREVE', 'ORDEM', 'LAG_01', 'LAG_03', 'LAG_05', 'LAG_06', 'LAG_09', 'LAG_12');0.29648
('TEMP_MÉD_MIN_MENS', 'TEMP_MÉD_ACC_MENS', 'TEMP_MAX_MÉD_MENS', 'PRECIPITAÇÃO_MÉD_MENS', 'TEMP_MIN_MIN_MENS', 'TEMP_MIN_MAX_MENS', 'TEMP_MIN_ACC_MENS', 'TEMP_MAX_MIN_MENS', 'TEMP_MAX_ACC_MENS', 'DIA_DA_SEMANA_qui', 'DIA_DA_SEMANA_sex', 'DIA_DA_SEMANA_sáb', 'MÊS_ago', 'MÊS_dez', 'MÊS_jan', 'MÊS_jul', 'MÊS_mai', 'MÊS_mar', 'MÊS_nov', 'MÊS_out', 'MÊS_set', 'ANO_2021', 'ANO_2015', 'ANO_2016', 'ANO_2018', 'ANO_2020', 'CAMPUS_ASSIS CHATEAUBRIAND', 'CAMPUS_CAMPO LARGO', 'CAMPUS_CAPANEMA', 'CAMPUS_CASCAVEL', 'CAMPUS_GOIOERÊ', 'CAMPUS_IRATI', 'CAMPUS_IVAIPORÃ', 'CAMPUS_JACAREZINHO', 'CAMPUS_JAGUARIAÍVA', 'CAMPUS_LONDRINA - CENTRO', 'CAMPUS_PARANAVAÍ', 'CAMPUS_QUEDAS DO IGUAÇU', 'CURSOS_TEC_CONCOMITANTE', 'CURSOS_TEC_INTEGRADO', 'CURSOS_TEC_SUBSEQUENTE', 'CURSOS_GRAD_MATUTINO', 'CURSOS_GRAD_VESPERTINO', 'CURSOS_GRAD_NOTURNO', 'CURSOS_POS', 'FERIADO', 'COVID', 'ORDEM', 'LAG_02', 'LAG_03', 'LAG_04', 'LAG_05', 'LAG_06', 'LAG_07', 'LAG_08', 'LAG_09', 'LAG_11', 'LAG_12');0.29652
('TEMP_MIN_MÉD_MENS', 'TEMP_MÉD_MAX_MENS', 'TEMP_MÉD_ACC_MENS', 'PRECIPITAÇÃO_MÉD_MENS', 'TEMP_MIN_MIN_MENS', 'TEMP_MIN_ACC_MENS', 'TEMP_MAX_MIN_MENS', 'PRECIPITAÇÃO_MIN_MENS', 'TEMP_MAX_ACC_MENS', 'PRECIPITAÇÃO_MAX_MENS', 'PRECIPITAÇÃO_ACC_MENS', 'DIA_DA_SEMANA_qui', 'DIA_DA_SEMANA_seg', 'DIA_DA_SEMANA_sex', 'DIA_DA_SEMANA_sáb', 'DIA_DA_SEMANA_ter', 'MÊS_abr', 'MÊS_jan', 'MÊS_jul', 'MÊS_out', 'ANO_2022', 'ANO_2015', 'ANO_2016', 'ANO_2018', 'CAMPUS_ASSIS CHATEAUBRIAND', 'CAMPUS_ASTORGA', 'CAMPUS_BARRACÃO', 'CAMPUS_CAMPO LARGO', 'CAMPUS_CASCAVEL', 'CAMPUS_CURITIBA', 'CAMPUS_GOIOERÊ', 'CAMPUS_IRATI', 'CAMPUS_IVAIPORÃ', 'CAMPUS_PARANAGUÁ', 'CAMPUS_PINHAIS', 'CAMPUS_PITANGA', 'CAMPUS_QUEDAS DO IGUAÇU', 'CAMPUS_UMUARAMA', 'CAMPUS_UNIÃO DA VITÓRIA', 'CURSOS_POS', 'FERIADO', 'COVID', 'ORDEM', 'LAG_02', 'LAG_03', 'LAG_05', 'LAG_06', 'LAG_09');0.29659
('TEMP_MIN_MÉD_MENS', 'TEMP_MÉD_MIN_MENS', 'TEMP_MÉD_MÉD_MENS', 'TEMP_MÉD_MAX_MENS', 'PRECIPITAÇÃO_MÉD_MENS', 'TEMP_MIN_MIN_MENS', 'TEMP_MAX_MIN_MENS', 'PRECIPITAÇÃO_MIN_MENS', 'TEMP_MAX_MAX_MENS', 'PRECIPITAÇÃO_MAX_MENS', 'DIA_DA_SEMANA_dom', 'DIA_DA_SEMANA_qui', 'DIA_DA_SEMANA_seg', 'DIA_DA_SEMANA_sex', 'MÊS_abr', 'MÊS_ago', 'MÊS_fev', 'MÊS_jun', 'MÊS_mai', 'MÊS_mar', 'MÊS_nov', 'MÊS_out', 'MÊS_set', 'ANO_2021', 'ANO_2022', 'ANO_2024', 'ANO_2015', 'ANO_2016', 'ANO_2017', 'ANO_2019', 'CAMPUS_ASSIS CHATEAUBRIAND', 'CAMPUS_ASTORGA', 'CAMPUS_BARRACÃO', 'CAMPUS_CAPANEMA', 'CAMPUS_CURITIBA', 'CAMPUS_JACAREZINHO', 'CAMPUS_LONDRINA - CENTRO', 'CAMPUS_PALMAS', 'CAMPUS_PITANGA', 'CAMPUS_QUEDAS DO IGUAÇU', 'CAMPUS_TELÊMACO BORBA', 'CAMPUS_UMUARAMA', 'CURSOS_TEC_CONCOMITANTE', 'CURSOS_TEC_INTEGRADO', 'CURSOS_GRAD_NOTURNO', 'CURSOS_POS', 'FÉRIAS', 'ORDEM', 'LAG_03', 'LAG_04', 'LAG_05', 'LAG_10', 'LAG_11', 'LAG_12');0.29673
('TEMP_MIN_MÉD_MENS', 'TEMP_MÉD_MAX_MENS', 'TEMP_MAX_MÉD_MENS', 'TEMP_MIN_MAX_MENS', 'TEMP_MAX_MIN_MENS', 'TEMP_MAX_MAX_MENS', 'PRECIPITAÇÃO_MAX_MENS', 'PRECIPITAÇÃO_ACC_MENS', 'DIA_DA_SEMANA_dom', 'DIA_DA_SEMANA_qua', 'DIA_DA_SEMANA_seg', 'DIA_DA_SEMANA_sex', 'DIA_DA_SEMANA_ter', 'MÊS_ago', 'MÊS_fev', 'MÊS_jun', 'MÊS_mar', 'MÊS_nov', 'MÊS_out', 'MÊS_set', 'ANO_2022', 'ANO_2023', 'ANO_2018', 'ANO_2019', 'ANO_2020', 'CAMPUS_ASSIS CHATEAUBRIAND', 'CAMPUS_CAMPO LARGO', 'CAMPUS_CORONEL VIVIDA', 'CAMPUS_FOZ DO IGUAÇU', 'CAMPUS_GOIOERÊ', 'CAMPUS_IRATI', 'CAMPUS_IVAIPORÃ', 'CAMPUS_JAGUARIAÍVA', 'CAMPUS_LONDRINA - CENTRO', 'CAMPUS_PALMAS', 'CAMPUS_PARANAGUÁ', 'CAMPUS_PITANGA', 'CAMPUS_QUEDAS DO IGUAÇU', 'CAMPUS_TELÊMACO BORBA', 'CAMPUS_UMUARAMA', 'CAMPUS_UNIÃO DA VITÓRIA', 'CURSOS_TEC_CONCOMITANTE', 'CURSOS_GRAD_NOTURNO', 'CURSOS_POS', 'FERIADO', 'COVID', 'GREVE', 'LAG_01', 'LAG_02', 'LAG_04', 'LAG_06', 'LAG_08', 'LAG_09', 'LAG_10', 'LAG_11');0.29676
('TEMP_MIN_MÉD_MENS', 'TEMP_MÉD_MIN_MENS', 'TEMP_MÉD_MÉD_MENS', 'TEMP_MÉD_MAX_MENS', 'TEMP_MAX_MÉD_MENS', 'TEMP_MIN_MAX_MENS', 'TEMP_MAX_ACC_MENS', 'DIA_DA_SEMANA_qua', 'DIA_DA_SEMANA_seg', 'DIA_DA_SEMANA_sáb', 'DIA_DA_SEMANA_ter', 'MÊS_dez', 'MÊS_fev', 'MÊS_jan', 'MÊS_jun', 'MÊS_mai', 'MÊS_nov', 'MÊS_out', 'MÊS_set', 'ANO_2022', 'ANO_2023', 'ANO_2024', 'ANO_2015', 'ANO_2017', 'CAMPUS_ASSIS CHATEAUBRIAND', 'CAMPUS_ASTORGA', 'CAMPUS_CAMPO LARGO', 'CAMPUS_CURITIBA', 'CAMPUS_IRATI', 'CAMPUS_JACAREZINHO', 'CAMPUS_LONDRINA - CENTRO', 'CAMPUS_PARANAVAÍ', 'CAMPUS_PINHAIS', 'CAMPUS_PITANGA', 'CAMPUS_TELÊMACO BORBA', 'CAMPUS_UMUARAMA', 'CAMPUS_UNIÃO DA VITÓRIA', 'CURSOS_TEC_SUBSEQUENTE', 'CURSOS_GRAD_NOTURNO', 'FÉRIAS', 'FERIADO', 'COVID', 'GREVE', 'LAG_01', 'LAG_02', 'LAG_07', 'LAG_08', 'LAG_12');0.29694
('TEMP_MÉD_MÉD_MENS', 'TEMP_MÉD_ACC_MENS', 'PRECIPITAÇÃO_MÉD_MENS', 'TEMP_MIN_ACC_MENS', 'TEMP_MAX_MIN_MENS', 'PRECIPITAÇÃO_MIN_MENS', 'TEMP_MAX_MAX_MENS', 'TEMP_MAX_ACC_MENS', 'DIA_DA_SEMANA_dom', 'DIA_DA_SEMANA_qua', 'DIA_DA_SEMANA_qui', 'DIA_DA_SEMANA_sex', 'DIA_DA_SEMANA_sáb', 'DIA_DA_SEMANA_ter', 'MÊS_ago', 'MÊS_dez', 'MÊS_jul', 'MÊS_jun', 'MÊS_mai', 'MÊS_out', 'MÊS_set', 'ANO_2022', 'ANO_2015', 'ANO_2016', 'ANO_2019', 'CAMPUS_ASSIS CHATEAUBRIAND', 'CAMPUS_ASTORGA', 'CAMPUS_CAMPO LARGO', 'CAMPUS_CASCAVEL', 'CAMPUS_CURITIBA', 'CAMPUS_FOZ DO IGUAÇU', 'CAMPUS_IRATI', 'CAMPUS_JAGUARIAÍVA', 'CAMPUS_PALMAS', 'CAMPUS_QUEDAS DO IGUAÇU', 'CAMPUS_TELÊMACO BORBA', 'CURSOS_TEC_CONCOMITANTE', 'CURSOS_GRAD_NOTURNO', 'FERIADO', 'COVID', 'GREVE', 'ORDEM', 'LAG_01', 'LAG_02', 'LAG_03', 'LAG_05', 'LAG_07', 'LAG_09', 'LAG_11');0.29695
('TEMP_MIN_MÉD_MENS', 'TEMP_MÉD_MÉD_MENS', 'TEMP_MÉD_MAX_MENS', 'TEMP_MAX_MÉD_MENS', 'TEMP_MIN_MAX_MENS', 'TEMP_MAX_MIN_MENS', 'PRECIPITAÇÃO_MIN_MENS', 'TEMP_MAX_ACC_MENS', 'PRECIPITAÇÃO_ACC_MENS', 'DIA_DA_SEMANA_dom', 'DIA_DA_SEMANA_qua', 'DIA_DA_SEMANA_sex', 'DIA_DA_SEMANA_sáb', 'MÊS_ago', 'MÊS_fev', 'MÊS_jul', 'MÊS_jun', 'MÊS_mai', 'MÊS_mar', 'MÊS_out', 'ANO_2023', 'ANO_2024', 'ANO_2018', 'ANO_2019', 'ANO_2020', 'CAMPUS_ASTORGA', 'CAMPUS_BARRACÃO', 'CAMPUS_CAMPO LARGO', 'CAMPUS_CORONEL VIVIDA', 'CAMPUS_CURITIBA', 'CAMPUS_IRATI', 'CAMPUS_IVAIPORÃ', 'CAMPUS_JAGUARIAÍVA', 'CAMPUS_LONDRINA - CENTRO', 'CAMPUS_PALMAS', 'CAMPUS_PARANAGUÁ', 'CAMPUS_PARANAVAÍ', 'CAMPUS_PINHAIS', 'CAMPUS_PITANGA', 'CAMPUS_TELÊMACO BORBA', 'CAMPUS_UMUARAMA', 'CAMPUS_UNIÃO DA VITÓRIA', 'CURSOS_TEC_INTEGRADO', 'CURSOS_GRAD_MATUTINO', 'FÉRIAS', 'ORDEM', 'LAG_01', 'LAG_02', 'LAG_06', 'LAG_08', 'LAG_11');0.29696
('TEMP_MAX_MÉD_MENS', 'PRECIPITAÇÃO_MÉD_MENS', 'TEMP_MIN_MIN_MENS', 'TEMP_MAX_MIN_MENS', 'PRECIPITAÇÃO_MIN_MENS', 'PRECIPITAÇÃO_MAX_MENS', 'DIA_DA_SEMANA_qui', 'DIA_DA_SEMANA_sáb', 'DIA_DA_SEMANA_ter', 'MÊS_ago', 'MÊS_dez', 'MÊS_jul', 'MÊS_mar', 'MÊS_nov', 'MÊS_out', 'ANO_2021', 'ANO_2022', 'ANO_2023', 'ANO_2024', 'ANO_2015', 'ANO_2016', 'ANO_2019', 'ANO_2020', 'CAMPUS_ASSIS CHATEAUBRIAND', 'CAMPUS_CAPANEMA', 'CAMPUS_CORONEL VIVIDA', 'CAMPUS_CURITIBA', 'CAMPUS_FOZ DO IGUAÇU', 'CAMPUS_GOIOERÊ', 'CAMPUS_IVAIPORÃ', 'CAMPUS_JACAREZINHO', 'CAMPUS_JAGUARIAÍVA', 'CAMPUS_LONDRINA - CENTRO', 'CAMPUS_PALMAS', 'CAMPUS_PARANAVAÍ', 'CAMPUS_PINHAIS', 'CAMPUS_PITANGA', 'CAMPUS_QUEDAS DO IGUAÇU', 'CAMPUS_TELÊMACO BORBA', 'CAMPUS_UMUARAMA', 'CAMPUS_UNIÃO DA VITÓRIA', 'CURSOS_TEC_CONCOMITANTE', 'CURSOS_TEC_INTEGRADO', 'CURSOS_GRAD_MATUTINO', 'CURSOS_GRAD_VESPERTINO', 'FÉRIAS', 'FERIADO', 'COVID', 'GREVE', 'ORDEM', 'LAG_02', 'LAG_06', 'LAG_07', 'LAG_08', 'LAG_10', 'LAG_11', 'LAG_12');0.2971
('TEMP_MIN_MÉD_MENS', 'TEMP_MÉD_MÉD_MENS', 'TEMP_MÉD_ACC_MENS', 'PRECIPITAÇÃO_MÉD_MENS', 'TEMP_MIN_MIN_MENS', 'TEMP_MIN_MAX_MENS', 'TEMP_MIN_ACC_MENS', 'TEMP_MAX_MIN_MENS', 'PRECIPITAÇÃO_MIN_MENS', 'TEMP_MAX_MAX_MENS', 'DIA_DA_SEMANA_dom', 'DIA_DA_SEMANA_sáb', 'MÊS_abr', 'MÊS_ago', 'MÊS_dez', 'MÊS_fev', 'MÊS_jan', 'MÊS_jul', 'MÊS_mai', 'MÊS_nov', 'MÊS_set', 'ANO_2021', 'ANO_2023', 'ANO_2016', 'ANO_2020', 'CAMPUS_ASSIS CHATEAUBRIAND', 'CAMPUS_CAMPO LARGO', 'CAMPUS_CAPANEMA', 'CAMPUS_CURITIBA', 'CAMPUS_FOZ DO IGUAÇU', 'CAMPUS_IVAIPORÃ', 'CAMPUS_JACAREZINHO', 'CAMPUS_JAGUARIAÍVA', 'CAMPUS_LONDRINA - CENTRO', 'CAMPUS_PARANAGUÁ', 'CAMPUS_PINHAIS', 'CAMPUS_TELÊMACO BORBA', 'CAMPUS_UMUARAMA', 'CAMPUS_UNIÃO DA VITÓRIA', 'CURSOS_TEC_CONCOMITANTE', 'CURSOS_TEC_INTEGRADO', 'CURSOS_TEC_SUBSEQUENTE', 'CURSOS_GRAD_VESPERTINO', 'CURSOS_GRAD_NOTURNO', 'CURSOS_POS', 'FÉRIAS', 'FERIADO', 'ORDEM', 'LAG_01', 'LAG_02', 'LAG_03', 'LAG_04', 'LAG_06', 'LAG_08', 'LAG_12');0.29714
('TEMP_MIN_MÉD_MENS', 'TEMP_MÉD_MIN_MENS', 'TEMP_MÉD_MAX_MENS', 'TEMP_MÉD_ACC_MENS', 'TEMP_MAX_MÉD_MENS', 'PRECIPITAÇÃO_MÉD_MENS', 'TEMP_MIN_MIN_MENS', 'TEMP_MIN_MAX_MENS', 'PRECIPITAÇÃO_MIN_MENS', 'TEMP_MAX_MAX_MENS', 'TEMP_MAX_ACC_MENS', 'PRECIPITAÇÃO_ACC_MENS', 'DIA_DA_SEMANA_dom', 'DIA_DA_SEMANA_qua', 'DIA_DA_SEMANA_sáb', 'DIA_DA_SEMANA_ter', 'MÊS_abr', 'MÊS_ago', 'MÊS_fev', 'MÊS_jun', 'ANO_2023', 'ANO_2015', 'ANO_2017', 'ANO_2018', 'ANO_2020', 'CAMPUS_ASTORGA', 'CAMPUS_CAMPO LARGO', 'CAMPUS_CAPANEMA', 'CAMPUS_CASCAVEL', 'CAMPUS_CORONEL VIVIDA', 'CAMPUS_CURITIBA', 'CAMPUS_FOZ DO IGUAÇU', 'CAMPUS_JACAREZINHO', 'CAMPUS_LONDRINA - CENTRO', 'CAMPUS_PINHAIS', 'CAMPUS_PITANGA', 'CAMPUS_TELÊMACO BORBA', 'CAMPUS_UMUARAMA', 'CAMPUS_UNIÃO DA VITÓRIA', 'CURSOS_TEC_INTEGRADO', 'CURSOS_TEC_SUBSEQUENTE', 'CURSOS_GRAD_VESPERTINO', 'CURSOS_POS', 'FÉRIAS', 'FERIADO', 'GREVE', 'ORDEM', 'LAG_07', 'LAG_10');0.29717
('TEMP_MIN_MÉD_MENS', 'TEMP_MÉD_MÉD_MENS', 'TEMP_MÉD_ACC_MENS', 'PRECIPITAÇÃO_MÉD_MENS', 'TEMP_MIN_MAX_MENS', 'TEMP_MIN_ACC_MENS', 'TEMP_MAX_MAX_MENS', 'TEMP_MAX_ACC_MENS', 'PRECIPITAÇÃO_MAX_MENS', 'MÊS_abr', 'MÊS_dez', 'MÊS_fev', 'MÊS_jul', 'MÊS_jun', 'MÊS_mai', 'MÊS_mar', 'MÊS_nov', 'ANO_2021', 'ANO_2022', 'ANO_2023', 'ANO_2024', 'ANO_2017', 'ANO_2018', 'CAMPUS_ASTORGA', 'CAMPUS_BARRACÃO', 'CAMPUS_CAMPO LARGO', 'CAMPUS_CAPANEMA', 'CAMPUS_CASCAVEL', 'CAMPUS_CURITIBA', 'CAMPUS_LONDRINA - CENTRO', 'CAMPUS_PALMAS', 'CAMPUS_PARANAGUÁ', 'CAMPUS_PINHAIS', 'CAMPUS_PITANGA', 'CAMPUS_TELÊMACO BORBA', 'CAMPUS_UNIÃO DA VITÓRIA', 'CURSOS_TEC_INTEGRADO', 'CURSOS_TEC_SUBSEQUENTE', 'CURSOS_GRAD_VESPERTINO', 'CURSOS_GRAD_NOTURNO', 'CURSOS_POS', 'FÉRIAS', 'GREVE', 'ORDEM', 'LAG_01', 'LAG_02', 'LAG_03', 'LAG_05', 'LAG_06', 'LAG_07', 'LAG_12');0.2972
('TEMP_MIN_MÉD_MENS', 'TEMP_MÉD_ACC_MENS', 'TEMP_MAX_MÉD_MENS', 'PRECIPITAÇÃO_MÉD_MENS', 'TEMP_MIN_MIN_MENS', 'TEMP_MIN_MAX_MENS', 'TEMP_MIN_ACC_MENS', 'PRECIPITAÇÃO_ACC_MENS', 'DIA_DA_SEMANA_qua', 'DIA_DA_SEMANA_qui', 'DIA_DA_SEMANA_seg', 'DIA_DA_SEMANA_sex', 'DIA_DA_SEMANA_sáb', 'MÊS_jan', 'MÊS_jul', 'MÊS_nov', 'MÊS_out', 'MÊS_set', 'ANO_2023', 'ANO_2015', 'ANO_2016', 'ANO_2018', 'ANO_2019', 'CAMPUS_ASSIS CHATEAUBRIAND', 'CAMPUS_ASTORGA', 'CAMPUS_CAMPO LARGO', 'CAMPUS_CAPANEMA', 'CAMPUS_CASCAVEL', 'CAMPUS_CORONEL VIVIDA', 'CAMPUS_CURITIBA', 'CAMPUS_IRATI', 'CAMPUS_JACAREZINHO', 'CAMPUS_JAGUARIAÍVA', 'CAMPUS_LONDRINA - CENTRO', 'CAMPUS_PALMAS', 'CAMPUS_PITANGA', 'CAMPUS_QUEDAS DO IGUAÇU', 'CAMPUS_TELÊMACO BORBA', 'CAMPUS_UMUARAMA', 'CAMPUS_UNIÃO DA VITÓRIA', 'CURSOS_GRAD_NOTURNO', 'COVID', 'ORDEM', 'LAG_03', 'LAG_06', 'LAG_10', 'LAG_11', 'LAG_12');0.29727
('TEMP_MIN_MÉD_MENS', 'TEMP_MÉD_MIN_MENS', 'TEMP_MÉD_MÉD_MENS', 'TEMP_MÉD_MAX_MENS', 'TEMP_MAX_MÉD_MENS', 'TEMP_MIN_MIN_MENS', 'TEMP_MIN_MAX_MENS', 'TEMP_MIN_ACC_MENS', 'TEMP_MAX_MIN_MENS', 'PRECIPITAÇÃO_MIN_MENS', 'TEMP_MAX_MAX_MENS', 'PRECIPITAÇÃO_MAX_MENS', 'DIA_DA_SEMANA_dom', 'DIA_DA_SEMANA_seg', 'DIA_DA_SEMANA_sáb', 'DIA_DA_SEMANA_ter', 'MÊS_jan', 'MÊS_jun', 'MÊS_mai', 'MÊS_mar', 'ANO_2022', 'ANO_2024', 'ANO_2015', 'ANO_2016', 'ANO_2018', 'ANO_2019', 'CAMPUS_ASSIS CHATEAUBRIAND', 'CAMPUS_ASTORGA', 'CAMPUS_BARRACÃO', 'CAMPUS_CAMPO LARGO', 'CAMPUS_CAPANEMA', 'CAMPUS_CASCAVEL', 'CAMPUS_FOZ DO IGUAÇU', 'CAMPUS_GOIOERÊ', 'CAMPUS_IRATI', 'CAMPUS_IVAIPORÃ', 'CAMPUS_JAGUARIAÍVA', 'CAMPUS_PALMAS', 'CAMPUS_PARANAGUÁ', 'CAMPUS_PARANAVAÍ', 'CAMPUS_PINHAIS', 'CAMPUS_QUEDAS DO IGUAÇU', 'CAMPUS_TELÊMACO BORBA', 'CAMPUS_UNIÃO DA VITÓRIA', 'CURSOS_TEC_INTEGRADO', 'CURSOS_GRAD_VESPERTINO', 'CURSOS_POS', 'FÉRIAS', 'COVID', 'ORDEM', 'LAG_01', 'LAG_04', 'LAG_07', 'LAG_08', 'LAG_09', 'LAG_10', 'LAG_11', 'LAG_12');0.29729
('TEMP_MÉD_MÉD_MENS', 'TEMP_MÉD_ACC_MENS', 'TEMP_MAX_MÉD_MENS', 'PRECIPITAÇÃO_MÉD_MENS', 'TEMP_MAX_MIN_MENS', 'TEMP_MAX_ACC_MENS', 'PRECIPITAÇÃO_MAX_MENS', 'PRECIPITAÇÃO_ACC_MENS', 'DIA_DA_SEMANA_qui', 'DIA_DA_SEMANA_sáb', 'DIA_DA_SEMANA_ter', 'MÊS_abr', 'MÊS_ago', 'MÊS_jul', 'MÊS_jun', 'MÊS_mar', 'MÊS_nov', 'MÊS_set', 'ANO_2023', 'ANO_2024', 'ANO_2015', 'ANO_2017', 'ANO_2018', 'CAMPUS_ASSIS CHATEAUBRIAND', 'CAMPUS_ASTORGA', 'CAMPUS_BARRACÃO', 'CAMPUS_CAMPO LARGO', 'CAMPUS_CASCAVEL', 'CAMPUS_CORONEL VIVIDA', 'CAMPUS_IRATI', 'CAMPUS_PALMAS', 'CAMPUS_PARANAVAÍ', 'CAMPUS_QUEDAS DO IGUAÇU', 'CAMPUS_UNIÃO DA VITÓRIA', 'CURSOS_TEC_INTEGRADO', 'CURSOS_TEC_SUBSEQUENTE', 'CURSOS_GRAD_VESPERTINO', 'FERIADO', 'COVID', 'GREVE', 'ORDEM', 'LAG_01', 'LAG_04', 'LAG_05', 'LAG_06', 'LAG_07', 'LAG_09', 'LAG_10', 'LAG_11');0.29734
('TEMP_MÉD_MÉD_MENS', 'TEMP_MÉD_MAX_MENS', 'TEMP_MÉD_ACC_MENS', 'TEMP_MAX_MÉD_MENS', 'PRECIPITAÇÃO_MÉD_MENS', 'TEMP_MIN_MAX_MENS', 'TEMP_MAX_MIN_MENS', 'TEMP_MAX_MAX_MENS', 'TEMP_MAX_ACC_MENS', 'PRECIPITAÇÃO_MAX_MENS', 'PRECIPITAÇÃO_ACC_MENS', 'DIA_DA_SEMANA_qua', 'DIA_DA_SEMANA_qui', 'DIA_DA_SEMANA_seg', 'DIA_DA_SEMANA_sex', 'DIA_DA_SEMANA_sáb', 'MÊS_ago', 'MÊS_dez', 'MÊS_fev', 'MÊS_jan', 'MÊS_jun', 'MÊS_mai', 'MÊS_mar', 'MÊS_nov', 'ANO_2023', 'ANO_2024', 'ANO_2016', 'ANO_2019', 'CAMPUS_ASTORGA', 'CAMPUS_BARRACÃO', 'CAMPUS_CURITIBA', 'CAMPUS_GOIOERÊ', 'CAMPUS_IRATI', 'CAMPUS_JACAREZINHO', 'CAMPUS_LONDRINA - CENTRO', 'CAMPUS_PALMAS', 'CAMPUS_PINHAIS', 'CAMPUS_QUEDAS DO IGUAÇU', 'CURSOS_TEC_INTEGRADO', 'CURSOS_GRAD_MATUTINO', 'CURSOS_GRAD_NOTURNO', 'COVID', 'GREVE', 'LAG_01', 'LAG_05', 'LAG_06', 'LAG_09', 'LAG_10', 'LAG_11', 'LAG_12');0.29736
('TEMP_MÉD_MIN_MENS', 'TEMP_MÉD_MÉD_MENS', 'TEMP_MAX_MÉD_MENS', 'TEMP_MIN_MIN_MENS', 'TEMP_MIN_MAX_MENS', 'TEMP_MIN_ACC_MENS', 'TEMP_MAX_MIN_MENS', 'TEMP_MAX_ACC_MENS', 'PRECIPITAÇÃO_MAX_MENS', 'DIA_DA_SEMANA_dom', 'DIA_DA_SEMANA_qui', 'DIA_DA_SEMANA_seg', 'DIA_DA_SEMANA_sex', 'DIA_DA_SEMANA_sáb', 'DIA_DA_SEMANA_ter', 'MÊS_ago', 'MÊS_fev', 'MÊS_jul', 'MÊS_jun', 'MÊS_nov', 'MÊS_out', 'MÊS_set', 'ANO_2024', 'ANO_2015', 'ANO_2016', 'ANO_2017', 'ANO_2018', 'CAMPUS_ASSIS CHATEAUBRIAND', 'CAMPUS_ASTORGA', 'CAMPUS_CAMPO LARGO', 'CAMPUS_CASCAVEL', 'CAMPUS_CORONEL VIVIDA', 'CAMPUS_CURITIBA', 'CAMPUS_FOZ DO IGUAÇU', 'CAMPUS_GOIOERÊ', 'CAMPUS_JACAREZINHO', 'CAMPUS_JAGUARIAÍVA', 'CAMPUS_PARANAGUÁ', 'CAMPUS_PITANGA', 'CAMPUS_QUEDAS DO IGUAÇU', 'CAMPUS_TELÊMACO BORBA', 'CAMPUS_UMUARAMA', 'CURSOS_TEC_CONCOMITANTE', 'CURSOS_TEC_SUBSEQUENTE', 'CURSOS_GRAD_MATUTINO', 'CURSOS_GRAD_VESPERTINO', 'CURSOS_GRAD_NOTURNO', 'FÉRIAS', 'COVID', 'GREVE', 'ORDEM', 'LAG_02', 'LAG_04', 'LAG_05', 'LAG_07', 'LAG_08', 'LAG_09', 'LAG_11', 'LAG_12');0.29737
('TEMP_MÉD_MÉD_MENS', 'TEMP_MÉD_MAX_MENS', 'PRECIPITAÇÃO_MÉD_MENS', 'TEMP_MIN_ACC_MENS', 'PRECIPITAÇÃO_MIN_MENS', 'TEMP_MAX_MAX_MENS', 'PRECIPITAÇÃO_ACC_MENS', 'DIA_DA_SEMANA_dom', 'DIA_DA_SEMANA_qua', 'DIA_DA_SEMANA_qui', 'DIA_DA_SEMANA_sex', 'DIA_DA_SEMANA_sáb', 'MÊS_abr', 'MÊS_dez', 'MÊS_fev', 'MÊS_mai', 'MÊS_mar', 'MÊS_out', 'ANO_2022', 'ANO_2023', 'ANO_2024', 'ANO_2015', 'ANO_2016', 'ANO_2018', 'ANO_2020', 'CAMPUS_ASSIS CHATEAUBRIAND', 'CAMPUS_ASTORGA', 'CAMPUS_BARRACÃO', 'CAMPUS_CASCAVEL', 'CAMPUS_CORONEL VIVIDA', 'CAMPUS_GOIOERÊ', 'CAMPUS_JAGUARIAÍVA', 'CAMPUS_PARANAVAÍ', 'CAMPUS_PITANGA', 'CAMPUS_UMUARAMA', 'CURSOS_TEC_CONCOMITANTE', 'CURSOS_TEC_INTEGRADO', 'CURSOS_GRAD_MATUTINO', 'FÉRIAS', 'FERIADO', 'COVID', 'GREVE', 'ORDEM', 'LAG_01', 'LAG_03', 'LAG_08', 'LAG_09', 'LAG_10', 'LAG_11', 'LAG_12');0.29737
('TEMP_MÉD_ACC_MENS', 'TEMP_MAX_MÉD_MENS', 'PRECIPITAÇÃO_MÉD_MENS', 'TEMP_MIN_MIN_MENS', 'TEMP_MIN_ACC_MENS', 'TEMP_MAX_MAX_MENS', 'TEMP_MAX_ACC_MENS', 'DIA_DA_SEMANA_dom', 'DIA_DA_SEMANA_sex', 'DIA_DA_SEMANA_ter', 'MÊS_fev', 'MÊS_jan', 'MÊS_jul', 'MÊS_jun', 'MÊS_mai', 'MÊS_mar', 'MÊS_out', 'ANO_2021', 'ANO_2022', 'ANO_2023', 'ANO_2015', 'ANO_2020', 'CAMPUS_CAMPO LARGO', 'CAMPUS_CAPANEMA', 'CAMPUS_CASCAVEL', 'CAMPUS_GOIOERÊ', 'CAMPUS_IRATI', 'CAMPUS_JACAREZINHO', 'CAMPUS_JAGUARIAÍVA', 'CAMPUS_LONDRINA - CENTRO', 'CAMPUS_PALMAS', 'CAMPUS_QUEDAS DO IGUAÇU', 'CAMPUS_UMUARAMA', 'CAMPUS_UNIÃO DA VITÓRIA', 'CURSOS_GRAD_MATUTINO', 'FÉRIAS', 'FERIADO', 'GREVE', 'ORDEM', 'LAG_01', 'LAG_02', 'LAG_03', 'LAG_04', 'LAG_05', 'LAG_06', 'LAG_09', 'LAG_11', 'LAG_12');0.29741
('TEMP_MIN_MÉD_MENS', 'TEMP_MÉD_MIN_MENS', 'TEMP_MÉD_MÉD_MENS', 'TEMP_MÉD_MAX_MENS', 'TEMP_MÉD_ACC_MENS', 'TEMP_MIN_ACC_MENS', 'TEMP_MAX_MIN_MENS', 'PRECIPITAÇÃO_MIN_MENS', 'TEMP_MAX_MAX_MENS', 'PRECIPITAÇÃO_MAX_MENS', 'PRECIPITAÇÃO_ACC_MENS', 'DIA_DA_SEMANA_dom', 'DIA_DA_SEMANA_qua', 'DIA_DA_SEMANA_seg', 'DIA_DA_SEMANA_sáb', 'DIA_DA_SEMANA_ter', 'MÊS_abr', 'MÊS_ago', 'MÊS_dez', 'MÊS_jul', 'MÊS_jun', 'MÊS_mai', 'MÊS_mar', 'ANO_2022', 'ANO_2023', 'ANO_2015', 'ANO_2020', 'CAMPUS_ASSIS CHATEAUBRIAND', 'CAMPUS_ASTORGA', 'CAMPUS_CAMPO LARGO', 'CAMPUS_CORONEL VIVIDA', 'CAMPUS_CURITIBA', 'CAMPUS_GOIOERÊ', 'CAMPUS_IRATI', 'CAMPUS_JACAREZINHO', 'CAMPUS_PALMAS', 'CAMPUS_PARANAGUÁ', 'CAMPUS_PINHAIS', 'CAMPUS_PITANGA', 'CAMPUS_QUEDAS DO IGUAÇU', 'CAMPUS_TELÊMACO BORBA', 'CAMPUS_UNIÃO DA VITÓRIA', 'CURSOS_TEC_CONCOMITANTE', 'CURSOS_TEC_SUBSEQUENTE', 'CURSOS_GRAD_VESPERTINO', 'CURSOS_POS', 'FERIADO', 'COVID', 'GREVE', 'ORDEM', 'LAG_01', 'LAG_02', 'LAG_04', 'LAG_07', 'LAG_08', 'LAG_09', 'LAG_11');0.29742
('TEMP_MIN_MÉD_MENS', 'TEMP_MÉD_MIN_MENS', 'TEMP_MÉD_ACC_MENS', 'TEMP_MAX_MÉD_MENS', 'PRECIPITAÇÃO_MÉD_MENS', 'TEMP_MIN_MIN_MENS', 'TEMP_MAX_MIN_MENS', 'PRECIPITAÇÃO_MIN_MENS', 'TEMP_MAX_MAX_MENS', 'TEMP_MAX_ACC_MENS', 'PRECIPITAÇÃO_MAX_MENS', 'DIA_DA_SEMANA_dom', 'DIA_DA_SEMANA_qua', 'MÊS_abr', 'MÊS_dez', 'MÊS_fev', 'MÊS_jan', 'MÊS_mai', 'MÊS_nov', 'MÊS_set', 'ANO_2021', 'ANO_2023', 'ANO_2018', 'ANO_2019', 'CAMPUS_ASSIS CHATEAUBRIAND', 'CAMPUS_CASCAVEL', 'CAMPUS_GOIOERÊ', 'CAMPUS_IRATI', 'CAMPUS_JAGUARIAÍVA', 'CAMPUS_LONDRINA - CENTRO', 'CAMPUS_PALMAS', 'CAMPUS_PARANAGUÁ', 'CAMPUS_PITANGA', 'CAMPUS_QUEDAS DO IGUAÇU', 'CAMPUS_UNIÃO DA VITÓRIA', 'CURSOS_TEC_INTEGRADO', 'CURSOS_GRAD_MATUTINO', 'CURSOS_GRAD_VESPERTINO', 'CURSOS_GRAD_NOTURNO', 'CURSOS_POS', 'FÉRIAS', 'FERIADO', 'ORDEM', 'LAG_01', 'LAG_03', 'LAG_05', 'LAG_09', 'LAG_11', 'LAG_12');0.29754
('TEMP_MIN_MÉD_MENS', 'TEMP_MÉD_MIN_MENS', 'TEMP_MÉD_MÉD_MENS', 'TEMP_MÉD_MAX_MENS', 'TEMP_MAX_MÉD_MENS', 'TEMP_MIN_ACC_MENS', 'TEMP_MAX_ACC_MENS', 'PRECIPITAÇÃO_ACC_MENS', 'DIA_DA_SEMANA_qua', 'DIA_DA_SEMANA_qui', 'DIA_DA_SEMANA_seg', 'DIA_DA_SEMANA_ter', 'MÊS_ago', 'MÊS_dez', 'MÊS_jun', 'MÊS_nov', 'ANO_2021', 'ANO_2022', 'ANO_2023', 'ANO_2024', 'ANO_2015', 'ANO_2016', 'ANO_2018', 'ANO_2019', 'ANO_2020', 'CAMPUS_ASSIS CHATEAUBRIAND', 'CAMPUS_CASCAVEL', 'CAMPUS_CORONEL VIVIDA', 'CAMPUS_CURITIBA', 'CAMPUS_FOZ DO IGUAÇU', 'CAMPUS_GOIOERÊ', 'CAMPUS_IRATI', 'CAMPUS_LONDRINA - CENTRO', 'CAMPUS_PALMAS', 'CAMPUS_PINHAIS', 'CAMPUS_PITANGA', 'CAMPUS_UMUARAMA', 'CAMPUS_UNIÃO DA VITÓRIA', 'CURSOS_TEC_INTEGRADO', 'CURSOS_GRAD_MATUTINO', 'FERIADO', 'GREVE', 'LAG_01', 'LAG_03', 'LAG_04', 'LAG_05', 'LAG_06', 'LAG_07', 'LAG_09');0.29757
('TEMP_MIN_MÉD_MENS', 'TEMP_MÉD_MIN_MENS', 'TEMP_MÉD_MÉD_MENS', 'TEMP_MÉD_MAX_MENS', 'TEMP_MÉD_ACC_MENS', 'TEMP_MAX_MÉD_MENS', 'PRECIPITAÇÃO_MÉD_MENS', 'TEMP_MIN_ACC_MENS', 'TEMP_MAX_MIN_MENS', 'TEMP_MAX_MAX_MENS', 'PRECIPITAÇÃO_MAX_MENS', 'DIA_DA_SEMANA_dom', 'DIA_DA_SEMANA_seg', 'DIA_DA_SEMANA_sáb', 'DIA_DA_SEMANA_ter', 'MÊS_ago', 'MÊS_dez', 'MÊS_jun', 'MÊS_mai', 'MÊS_nov', 'MÊS_set', 'ANO_2021', 'ANO_2022', 'ANO_2024', 'ANO_2017', 'ANO_2018', 'CAMPUS_ASTORGA', 'CAMPUS_BARRACÃO', 'CAMPUS_CAMPO LARGO', 'CAMPUS_CORONEL VIVIDA', 'CAMPUS_CURITIBA', 'CAMPUS_LONDRINA - CENTRO', 'CAMPUS_PARANAGUÁ', 'CAMPUS_PINHAIS', 'CAMPUS_PITANGA', 'CAMPUS_QUEDAS DO IGUAÇU', 'CAMPUS_UMUARAMA', 'CURSOS_TEC_CONCOMITANTE', 'CURSOS_TEC_INTEGRADO', 'CURSOS_GRAD_MATUTINO', 'CURSOS_POS', 'FÉRIAS', 'COVID', 'GREVE', 'LAG_01', 'LAG_02', 'LAG_06', 'LAG_11', 'LAG_12');0.29758
('TEMP_MIN_MÉD_MENS', 'TEMP_MÉD_MÉD_MENS', 'TEMP_MÉD_MAX_MENS', 'TEMP_MÉD_ACC_MENS', 'TEMP_MAX_MÉD_MENS', 'PRECIPITAÇÃO_MÉD_MENS', 'TEMP_MAX_MIN_MENS', 'PRECIPITAÇÃO_MIN_MENS', 'TEMP_MAX_MAX_MENS', 'TEMP_MAX_ACC_MENS', 'PRECIPITAÇÃO_ACC_MENS', 'DIA_DA_SEMANA_dom', 'DIA_DA_SEMANA_qui', 'DIA_DA_SEMANA_seg', 'DIA_DA_SEMANA_sex', 'DIA_DA_SEMANA_sáb', 'MÊS_ago', 'MÊS_jan', 'MÊS_mai', 'MÊS_mar', 'MÊS_nov', 'ANO_2021', 'ANO_2023', 'ANO_2024', 'ANO_2015', 'ANO_2017', 'ANO_2018', 'ANO_2019', 'ANO_2020', 'CAMPUS_ASTORGA', 'CAMPUS_CAPANEMA', 'CAMPUS_CASCAVEL', 'CAMPUS_CURITIBA', 'CAMPUS_FOZ DO IGUAÇU', 'CAMPUS_GOIOERÊ', 'CAMPUS_IRATI', 'CAMPUS_LONDRINA - CENTRO', 'CAMPUS_PALMAS', 'CAMPUS_PARANAGUÁ', 'CAMPUS_UNIÃO DA VITÓRIA', 'CURSOS_TEC_INTEGRADO', 'CURSOS_TEC_SUBSEQUENTE', 'CURSOS_GRAD_MATUTINO', 'CURSOS_GRAD_VESPERTINO', 'CURSOS_GRAD_NOTURNO', 'FÉRIAS', 'FERIADO', 'COVID', 'ORDEM', 'LAG_01', 'LAG_02', 'LAG_03', 'LAG_04', 'LAG_07', 'LAG_08', 'LAG_10', 'LAG_11', 'LAG_12');0.29758
('TEMP_MÉD_MÉD_MENS', 'TEMP_MÉD_MAX_MENS', 'TEMP_MÉD_ACC_MENS', 'TEMP_MAX_MÉD_MENS', 'PRECIPITAÇÃO_MÉD_MENS', 'TEMP_MIN_MIN_MENS', 'TEMP_MAX_MIN_MENS', 'TEMP_MAX_MAX_MENS', 'TEMP_MAX_ACC_MENS', 'DIA_DA_SEMANA_dom', 'DIA_DA_SEMANA_qui', 'DIA_DA_SEMANA_seg', 'DIA_DA_SEMANA_sex', 'DIA_DA_SEMANA_sáb', 'DIA_DA_SEMANA_ter', 'MÊS_abr', 'MÊS_dez', 'MÊS_jul', 'MÊS_jun', 'MÊS_mai', 'MÊS_mar', 'MÊS_nov', 'ANO_2021', 'ANO_2022', 'ANO_2024', 'ANO_2016', 'ANO_2017', 'ANO_2019', 'ANO_2020', 'CAMPUS_ASSIS CHATEAUBRIAND', 'CAMPUS_ASTORGA', 'CAMPUS_BARRACÃO', 'CAMPUS_CAMPO LARGO', 'CAMPUS_CASCAVEL', 'CAMPUS_CORONEL VIVIDA', 'CAMPUS_CURITIBA', 'CAMPUS_GOIOERÊ', 'CAMPUS_JACAREZINHO', 'CAMPUS_JAGUARIAÍVA', 'CAMPUS_LONDRINA - CENTRO', 'CAMPUS_PALMAS', 'CAMPUS_PARANAGUÁ', 'CAMPUS_PARANAVAÍ', 'CAMPUS_QUEDAS DO IGUAÇU', 'CAMPUS_UNIÃO DA VITÓRIA', 'CURSOS_TEC_CONCOMITANTE', 'CURSOS_TEC_INTEGRADO', 'CURSOS_TEC_SUBSEQUENTE', 'CURSOS_GRAD_MATUTINO', 'CURSOS_GRAD_VESPERTINO', 'CURSOS_GRAD_NOTURNO', 'CURSOS_POS', 'COVID', 'LAG_01', 'LAG_02', 'LAG_03', 'LAG_04', 'LAG_06', 'LAG_07', 'LAG_09', 'LAG_11', 'LAG_12');0.29766
('TEMP_MIN_MÉD_MENS', 'TEMP_MÉD_MÉD_MENS', 'TEMP_MÉD_MAX_MENS', 'TEMP_MÉD_ACC_MENS', 'TEMP_MAX_MÉD_MENS', 'TEMP_MIN_ACC_MENS', 'TEMP_MAX_MIN_MENS', 'PRECIPITAÇÃO_MIN_MENS', 'TEMP_MAX_ACC_MENS', 'PRECIPITAÇÃO_MAX_MENS', 'PRECIPITAÇÃO_ACC_MENS', 'DIA_DA_SEMANA_dom', 'DIA_DA_SEMANA_qui', 'DIA_DA_SEMANA_sex', 'MÊS_jul', 'MÊS_jun', 'MÊS_mar', 'MÊS_nov', 'MÊS_out', 'MÊS_set', 'ANO_2021', 'ANO_2023', 'ANO_2019', 'ANO_2020', 'CAMPUS_ASSIS CHATEAUBRIAND', 'CAMPUS_BARRACÃO', 'CAMPUS_CAMPO LARGO', 'CAMPUS_IVAIPORÃ', 'CAMPUS_PARANAVAÍ', 'CAMPUS_PINHAIS', 'CAMPUS_PITANGA', 'CAMPUS_QUEDAS DO IGUAÇU', 'CAMPUS_UNIÃO DA VITÓRIA', 'CURSOS_TEC_INTEGRADO', 'CURSOS_TEC_SUBSEQUENTE', 'CURSOS_GRAD_MATUTINO', 'CURSOS_GRAD_VESPERTINO', 'FERIADO', 'COVID', 'GREVE', 'ORDEM', 'LAG_01', 'LAG_04', 'LAG_06', 'LAG_07', 'LAG_09', 'LAG_10', 'LAG_11', 'LAG_12');0.29767
('TEMP_MÉD_MAX_MENS', 'TEMP_MÉD_ACC_MENS', 'PRECIPITAÇÃO_MÉD_MENS', 'TEMP_MIN_MIN_MENS', 'TEMP_MIN_MAX_MENS', 'TEMP_MIN_ACC_MENS', 'PRECIPITAÇÃO_MAX_MENS', 'DIA_DA_SEMANA_dom', 'DIA_DA_SEMANA_qua', 'DIA_DA_SEMANA_sex', 'DIA_DA_SEMANA_sáb', 'MÊS_abr', 'MÊS_dez', 'MÊS_fev', 'MÊS_jul', 'MÊS_mai', 'MÊS_mar', 'ANO_2021', 'ANO_2022', 'ANO_2023', 'ANO_2015', 'ANO_2016', 'ANO_2017', 'ANO_2018', 'ANO_2019', 'CAMPUS_ASSIS CHATEAUBRIAND', 'CAMPUS_ASTORGA', 'CAMPUS_CAMPO LARGO', 'CAMPUS_CAPANEMA', 'CAMPUS_CASCAVEL', 'CAMPUS_FOZ DO IGUAÇU', 'CAMPUS_GOIOERÊ', 'CAMPUS_IRATI', 'CAMPUS_JACAREZINHO', 'CAMPUS_JAGUARIAÍVA', 'CAMPUS_LONDRINA - CENTRO', 'CAMPUS_PALMAS', 'CAMPUS_PARANAVAÍ', 'CAMPUS_PITANGA', 'CAMPUS_QUEDAS DO IGUAÇU', 'CAMPUS_UNIÃO DA VITÓRIA', 'CURSOS_TEC_CONCOMITANTE', 'CURSOS_TEC_SUBSEQUENTE', 'CURSOS_GRAD_MATUTINO', 'CURSOS_GRAD_VESPERTINO', 'CURSOS_GRAD_NOTURNO', 'CURSOS_POS', 'FÉRIAS', 'COVID', 'GREVE', 'LAG_01', 'LAG_02', 'LAG_03', 'LAG_07', 'LAG_08', 'LAG_09', 'LAG_12');0.29768
('TEMP_MIN_MÉD_MENS', 'TEMP_MÉD_MIN_MENS', 'TEMP_MÉD_MAX_MENS', 'TEMP_MAX_MÉD_MENS', 'TEMP_MIN_MIN_MENS', 'TEMP_MIN_MAX_MENS', 'TEMP_MIN_ACC_MENS', 'PRECIPITAÇÃO_MIN_MENS', 'TEMP_MAX_MAX_MENS', 'PRECIPITAÇÃO_MAX_MENS', 'DIA_DA_SEMANA_seg', 'DIA_DA_SEMANA_sáb', 'DIA_DA_SEMANA_ter', 'MÊS_ago', 'MÊS_dez', 'MÊS_fev', 'MÊS_jan', 'MÊS_jul', 'MÊS_jun', 'MÊS_mai', 'MÊS_mar', 'MÊS_nov', 'MÊS_set', 'ANO_2021', 'ANO_2015', 'ANO_2016', 'ANO_2017', 'ANO_2018', 'CAMPUS_ASTORGA', 'CAMPUS_BARRACÃO', 'CAMPUS_CAMPO LARGO', 'CAMPUS_CAPANEMA', 'CAMPUS_CORONEL VIVIDA', 'CAMPUS_FOZ DO IGUAÇU', 'CAMPUS_GOIOERÊ', 'CAMPUS_JACAREZINHO', 'CAMPUS_LONDRINA - CENTRO', 'CAMPUS_PALMAS', 'CAMPUS_PARANAVAÍ', 'CAMPUS_PINHAIS', 'CAMPUS_PITANGA', 'CURSOS_TEC_SUBSEQUENTE', 'CURSOS_GRAD_VESPERTINO', 'CURSOS_GRAD_NOTURNO', 'CURSOS_POS', 'GREVE', 'ORDEM', 'LAG_01', 'LAG_02', 'LAG_05', 'LAG_06', 'LAG_07', 'LAG_10');0.2977
('TEMP_MIN_MÉD_MENS', 'TEMP_MÉD_MIN_MENS', 'TEMP_MÉD_ACC_MENS', 'TEMP_MIN_MIN_MENS', 'TEMP_MIN_MAX_MENS', 'TEMP_MIN_ACC_MENS', 'TEMP_MAX_MIN_MENS', 'PRECIPITAÇÃO_MIN_MENS', 'TEMP_MAX_MAX_MENS', 'TEMP_MAX_ACC_MENS', 'PRECIPITAÇÃO_ACC_MENS', 'DIA_DA_SEMANA_dom', 'DIA_DA_SEMANA_qui', 'DIA_DA_SEMANA_seg', 'DIA_DA_SEMANA_sex', 'DIA_DA_SEMANA_sáb', 'DIA_DA_SEMANA_ter', 'MÊS_abr', 'MÊS_ago', 'MÊS_dez', 'MÊS_fev', 'MÊS_jan', 'MÊS_jul', 'MÊS_jun', 'MÊS_mai', 'MÊS_nov', 'ANO_2022', 'ANO_2023', 'ANO_2017', 'ANO_2020', 'CAMPUS_ASTORGA', 'CAMPUS_BARRACÃO', 'CAMPUS_CAMPO LARGO', 'CAMPUS_CASCAVEL', 'CAMPUS_FOZ DO IGUAÇU', 'CAMPUS_GOIOERÊ', 'CAMPUS_JACAREZINHO', 'CAMPUS_LONDRINA - CENTRO', 'CAMPUS_PARANAGUÁ', 'CAMPUS_PARANAVAÍ', 'CAMPUS_PINHAIS', 'CAMPUS_PITANGA', 'CAMPUS_QUEDAS DO IGUAÇU', 'CAMPUS_UMUARAMA', 'CAMPUS_UNIÃO DA VITÓRIA', 'CURSOS_TEC_CONCOMITANTE', 'CURSOS_TEC_INTEGRADO', 'CURSOS_GRAD_MATUTINO', 'CURSOS_GRAD_VESPERTINO', 'CURSOS_GRAD_NOTURNO', 'CURSOS_POS', 'FÉRIAS', 'COVID', 'ORDEM', 'LAG_01', 'LAG_02', 'LAG_04', 'LAG_05', 'LAG_08', 'LAG_10', 'LAG_11', 'LAG_12');0.29772
('TEMP_MÉD_MIN_MENS', 'TEMP_MÉD_MAX_MENS', 'PRECIPITAÇÃO_MÉD_MENS', 'TEMP_MIN_MIN_MENS', 'TEMP_MIN_MAX_MENS', 'TEMP_MAX_MIN_MENS', 'PRECIPITAÇÃO_MIN_MENS', 'TEMP_MAX_MAX_MENS', 'TEMP_MAX_ACC_MENS', 'PRECIPITAÇÃO_MAX_MENS', 'PRECIPITAÇÃO_ACC_MENS', 'DIA_DA_SEMANA_seg', 'DIA_DA_SEMANA_sex', 'DIA_DA_SEMANA_sáb', 'DIA_DA_SEMANA_ter', 'MÊS_abr', 'MÊS_ago', 'MÊS_jul', 'MÊS_jun', 'MÊS_mai', 'MÊS_nov', 'MÊS_out', 'MÊS_set', 'ANO_2021', 'ANO_2022', 'ANO_2024', 'CAMPUS_ASTORGA', 'CAMPUS_CORONEL VIVIDA', 'CAMPUS_IVAIPORÃ', 'CAMPUS_JACAREZINHO', 'CAMPUS_JAGUARIAÍVA', 'CAMPUS_LONDRINA - CENTRO', 'CAMPUS_PALMAS', 'CAMPUS_PARANAGUÁ', 'CAMPUS_PARANAVAÍ', 'CAMPUS_PINHAIS', 'CAMPUS_QUEDAS DO IGUAÇU', 'CAMPUS_TELÊMACO BORBA', 'CAMPUS_UMUARAMA', 'CURSOS_TEC_CONCOMITANTE', 'CURSOS_TEC_INTEGRADO', 'CURSOS_GRAD_MATUTINO', 'CURSOS_GRAD_VESPERTINO', 'CURSOS_GRAD_NOTURNO', 'CURSOS_POS', 'FERIADO', 'COVID', 'GREVE', 'LAG_01', 'LAG_04', 'LAG_07', 'LAG_09', 'LAG_10', 'LAG_11', 'LAG_12');0.29772
('TEMP_MIN_MÉD_MENS', 'TEMP_MÉD_MIN_MENS', 'TEMP_MÉD_MAX_MENS', 'TEMP_MAX_MÉD_MENS', 'PRECIPITAÇÃO_MÉD_MENS', 'TEMP_MIN_MIN_MENS', 'TEMP_MIN_ACC_MENS', 'TEMP_MAX_MIN_MENS', 'PRECIPITAÇÃO_MIN_MENS', 'TEMP_MAX_MAX_MENS', 'PRECIPITAÇÃO_MAX_MENS', 'PRECIPITAÇÃO_ACC_MENS', 'DIA_DA_SEMANA_qui', 'DIA_DA_SEMANA_sex', 'DIA_DA_SEMANA_ter', 'MÊS_ago', 'MÊS_fev', 'MÊS_jan', 'MÊS_jul', 'MÊS_mai', 'MÊS_mar', 'MÊS_out', 'MÊS_set', 'ANO_2021', 'ANO_2023', 'ANO_2024', 'ANO_2015', 'ANO_2016', 'ANO_2018', 'ANO_2020', 'CAMPUS_ASSIS CHATEAUBRIAND', 'CAMPUS_BARRACÃO', 'CAMPUS_CAPANEMA', 'CAMPUS_CASCAVEL', 'CAMPUS_CURITIBA', 'CAMPUS_GOIOERÊ', 'CAMPUS_LONDRINA - CENTRO', 'CAMPUS_PARANAVAÍ', 'CAMPUS_QUEDAS DO IGUAÇU', 'CAMPUS_TELÊMACO BORBA', 'CURSOS_TEC_SUBSEQUENTE', 'CURSOS_GRAD_MATUTINO', 'CURSOS_GRAD_VESPERTINO', 'CURSOS_GRAD_NOTURNO', 'COVID', 'GREVE', 'LAG_01', 'LAG_02', 'LAG_06', 'LAG_07', 'LAG_08', 'LAG_09', 'LAG_10', 'LAG_11', 'LAG_12');0.29778
('TEMP_MÉD_MÉD_MENS', 'TEMP_MÉD_MAX_MENS', 'TEMP_MÉD_ACC_MENS', 'PRECIPITAÇÃO_MÉD_MENS', 'TEMP_MIN_MIN_MENS', 'TEMP_MAX_MIN_MENS', 'TEMP_MAX_MAX_MENS', 'TEMP_MAX_ACC_MENS', 'PRECIPITAÇÃO_MAX_MENS', 'PRECIPITAÇÃO_ACC_MENS', 'DIA_DA_SEMANA_qui', 'DIA_DA_SEMANA_seg', 'MÊS_abr', 'MÊS_ago', 'MÊS_jan', 'MÊS_jul', 'MÊS_nov', 'MÊS_out', 'MÊS_set', 'ANO_2021', 'ANO_2023', 'ANO_2024', 'ANO_2015', 'ANO_2017', 'ANO_2019', 'CAMPUS_ASSIS CHATEAUBRIAND', 'CAMPUS_CAMPO LARGO', 'CAMPUS_CAPANEMA', 'CAMPUS_CASCAVEL', 'CAMPUS_CORONEL VIVIDA', 'CAMPUS_CURITIBA', 'CAMPUS_JACAREZINHO', 'CAMPUS_LONDRINA - CENTRO', 'CAMPUS_PALMAS', 'CAMPUS_PARANAGUÁ', 'CAMPUS_PINHAIS', 'CAMPUS_PITANGA', 'CAMPUS_TELÊMACO BORBA', 'CAMPUS_UNIÃO DA VITÓRIA', 'CURSOS_TEC_CONCOMITANTE', 'CURSOS_TEC_INTEGRADO', 'CURSOS_TEC_SUBSEQUENTE', 'FÉRIAS', 'FERIADO', 'ORDEM', 'LAG_02', 'LAG_04', 'LAG_05', 'LAG_06', 'LAG_10', 'LAG_12');0.29779
('TEMP_MÉD_MAX_MENS', 'TEMP_MÉD_ACC_MENS', 'TEMP_MAX_MÉD_MENS', 'PRECIPITAÇÃO_MÉD_MENS', 'TEMP_MIN_MIN_MENS', 'TEMP_MIN_MAX_MENS', 'TEMP_MIN_ACC_MENS', 'PRECIPITAÇÃO_MIN_MENS', 'TEMP_MAX_MAX_MENS', 'PRECIPITAÇÃO_MAX_MENS', 'PRECIPITAÇÃO_ACC_MENS', 'DIA_DA_SEMANA_dom', 'DIA_DA_SEMANA_qua', 'DIA_DA_SEMANA_qui', 'DIA_DA_SEMANA_seg', 'DIA_DA_SEMANA_sex', 'MÊS_abr', 'MÊS_ago', 'MÊS_fev', 'MÊS_jan', 'MÊS_jun', 'MÊS_mai', 'MÊS_set', 'ANO_2021', 'ANO_2022', 'ANO_2023', 'ANO_2016', 'ANO_2017', 'ANO_2019', 'CAMPUS_ASSIS CHATEAUBRIAND', 'CAMPUS_CAMPO LARGO', 'CAMPUS_CASCAVEL', 'CAMPUS_CORONEL VIVIDA', 'CAMPUS_FOZ DO IGUAÇU', 'CAMPUS_GOIOERÊ', 'CAMPUS_IRATI', 'CAMPUS_IVAIPORÃ', 'CAMPUS_JAGUARIAÍVA', 'CAMPUS_LONDRINA - CENTRO', 'CAMPUS_PALMAS', 'CAMPUS_PARANAGUÁ', 'CAMPUS_PARANAVAÍ', 'CAMPUS_PITANGA', 'CAMPUS_QUEDAS DO IGUAÇU', 'CAMPUS_TELÊMACO BORBA', 'CAMPUS_UNIÃO DA VITÓRIA', 'CURSOS_TEC_CONCOMITANTE', 'CURSOS_TEC_SUBSEQUENTE', 'CURSOS_GRAD_NOTURNO', 'CURSOS_POS', 'FÉRIAS', 'FERIADO', 'COVID', 'GREVE', 'LAG_01', 'LAG_03', 'LAG_04', 'LAG_07', 'LAG_10', 'LAG_12');0.29786
('TEMP_MIN_MÉD_MENS', 'TEMP_MÉD_MÉD_MENS', 'TEMP_MÉD_ACC_MENS', 'TEMP_MAX_MÉD_MENS', 'PRECIPITAÇÃO_MÉD_MENS', 'TEMP_MIN_MAX_MENS', 'TEMP_MIN_ACC_MENS', 'TEMP_MAX_MIN_MENS', 'PRECIPITAÇÃO_MIN_MENS', 'TEMP_MAX_MAX_MENS', 'TEMP_MAX_ACC_MENS', 'PRECIPITAÇÃO_MAX_MENS', 'PRECIPITAÇÃO_ACC_MENS', 'DIA_DA_SEMANA_qua', 'DIA_DA_SEMANA_sex', 'DIA_DA_SEMANA_sáb', 'MÊS_dez', 'MÊS_jan', 'MÊS_jul', 'MÊS_jun', 'MÊS_mar', 'MÊS_nov', 'MÊS_out', 'MÊS_set', 'ANO_2021', 'ANO_2022', 'ANO_2024', 'ANO_2017', 'ANO_2019', 'CAMPUS_ASSIS CHATEAUBRIAND', 'CAMPUS_BARRACÃO', 'CAMPUS_CAMPO LARGO', 'CAMPUS_CORONEL VIVIDA', 'CAMPUS_CURITIBA', 'CAMPUS_IRATI', 'CAMPUS_IVAIPORÃ', 'CAMPUS_JAGUARIAÍVA', 'CAMPUS_PALMAS', 'CAMPUS_PARANAGUÁ', 'CAMPUS_PARANAVAÍ', 'CAMPUS_UMUARAMA', 'CAMPUS_UNIÃO DA VITÓRIA', 'CURSOS_TEC_SUBSEQUENTE', 'CURSOS_GRAD_MATUTINO', 'CURSOS_GRAD_VESPERTINO', 'CURSOS_GRAD_NOTURNO', 'COVID', 'ORDEM', 'LAG_01', 'LAG_03', 'LAG_05', 'LAG_06', 'LAG_08', 'LAG_09', 'LAG_10', 'LAG_11', 'LAG_12');0.29789
('TEMP_MÉD_MAX_MENS', 'TEMP_MAX_MÉD_MENS', 'TEMP_MIN_MIN_MENS', 'TEMP_MIN_MAX_MENS', 'TEMP_MIN_ACC_MENS', 'PRECIPITAÇÃO_MIN_MENS', 'TEMP_MAX_MAX_MENS', 'TEMP_MAX_ACC_MENS', 'DIA_DA_SEMANA_dom', 'DIA_DA_SEMANA_qua', 'DIA_DA_SEMANA_qui', 'DIA_DA_SEMANA_sex', 'DIA_DA_SEMANA_sáb', 'MÊS_abr', 'MÊS_ago', 'MÊS_dez', 'MÊS_fev', 'MÊS_jan', 'MÊS_jul', 'MÊS_jun', 'MÊS_mai', 'MÊS_mar', 'MÊS_out', 'MÊS_set', 'ANO_2024', 'ANO_2015', 'ANO_2016', 'ANO_2017', 'ANO_2020', 'CAMPUS_ASSIS CHATEAUBRIAND', 'CAMPUS_ASTORGA', 'CAMPUS_BARRACÃO', 'CAMPUS_CAMPO LARGO', 'CAMPUS_CASCAVEL', 'CAMPUS_CORONEL VIVIDA', 'CAMPUS_CURITIBA', 'CAMPUS_GOIOERÊ', 'CAMPUS_IVAIPORÃ', 'CAMPUS_JAGUARIAÍVA', 'CAMPUS_PALMAS', 'CAMPUS_PARANAGUÁ', 'CAMPUS_PINHAIS', 'CAMPUS_PITANGA', 'CAMPUS_QUEDAS DO IGUAÇU', 'CAMPUS_UMUARAMA', 'CURSOS_TEC_CONCOMITANTE', 'CURSOS_GRAD_MATUTINO', 'CURSOS_POS', 'FERIADO', 'COVID', 'GREVE', 'LAG_01', 'LAG_02', 'LAG_03', 'LAG_04', 'LAG_05', 'LAG_06', 'LAG_08', 'LAG_11', 'LAG_12');0.29794
('TEMP_MIN_MÉD_MENS', 'TEMP_MÉD_MIN_MENS', 'TEMP_MÉD_ACC_MENS', 'TEMP_MAX_MÉD_MENS', 'TEMP_MIN_MAX_MENS', 'TEMP_MIN_ACC_MENS', 'TEMP_MAX_MIN_MENS', 'TEMP_MAX_MAX_MENS', 'TEMP_MAX_ACC_MENS', 'PRECIPITAÇÃO_MAX_MENS', 'PRECIPITAÇÃO_ACC_MENS', 'DIA_DA_SEMANA_dom', 'DIA_DA_SEMANA_qui', 'DIA_DA_SEMANA_seg', 'DIA_DA_SEMANA_sáb', 'DIA_DA_SEMANA_ter', 'MÊS_abr', 'MÊS_fev', 'MÊS_jan', 'MÊS_jul', 'MÊS_mar', 'MÊS_nov', 'MÊS_out', 'MÊS_set', 'ANO_2022', 'ANO_2023', 'ANO_2015', 'ANO_2016', 'ANO_2017', 'ANO_2018', 'CAMPUS_ASSIS CHATEAUBRIAND', 'CAMPUS_BARRACÃO', 'CAMPUS_CAMPO LARGO', 'CAMPUS_CAPANEMA', 'CAMPUS_CASCAVEL', 'CAMPUS_CURITIBA', 'CAMPUS_FOZ DO IGUAÇU', 'CAMPUS_IRATI', 'CAMPUS_IVAIPORÃ', 'CAMPUS_JACAREZINHO', 'CAMPUS_JAGUARIAÍVA', 'CAMPUS_LONDRINA - CENTRO', 'CAMPUS_PARANAVAÍ', 'CAMPUS_QUEDAS DO IGUAÇU', 'CAMPUS_TELÊMACO BORBA', 'CAMPUS_UNIÃO DA VITÓRIA', 'CURSOS_TEC_CONCOMITANTE', 'CURSOS_GRAD_NOTURNO', 'CURSOS_POS', 'FÉRIAS', 'FERIADO', 'COVID', 'GREVE', 'LAG_01', 'LAG_02', 'LAG_03', 'LAG_04', 'LAG_06', 'LAG_08', 'LAG_09', 'LAG_10', 'LAG_12');0.29798
('TEMP_MÉD_MIN_MENS', 'TEMP_MAX_MÉD_MENS', 'TEMP_MIN_MIN_MENS', 'TEMP_MIN_MAX_MENS', 'TEMP_MIN_ACC_MENS', 'PRECIPITAÇÃO_MIN_MENS', 'TEMP_MAX_MAX_MENS', 'TEMP_MAX_ACC_MENS', 'PRECIPITAÇÃO_MAX_MENS', 'PRECIPITAÇÃO_ACC_MENS', 'DIA_DA_SEMANA_dom', 'DIA_DA_SEMANA_seg', 'DIA_DA_SEMANA_sex', 'DIA_DA_SEMANA_sáb', 'DIA_DA_SEMANA_ter', 'MÊS_abr', 'MÊS_ago', 'MÊS_dez', 'MÊS_fev', 'MÊS_jan', 'MÊS_jul', 'MÊS_jun', 'MÊS_mai', 'MÊS_mar', 'MÊS_nov', 'ANO_2023', 'ANO_2017', 'ANO_2018', 'ANO_2019', 'CAMPUS_BARRACÃO', 'CAMPUS_CAPANEMA', 'CAMPUS_CASCAVEL', 'CAMPUS_CORONEL VIVIDA', 'CAMPUS_CURITIBA', 'CAMPUS_FOZ DO IGUAÇU', 'CAMPUS_IVAIPORÃ', 'CAMPUS_JACAREZINHO', 'CAMPUS_PALMAS', 'CAMPUS_PARANAGUÁ', 'CAMPUS_PINHAIS', 'CAMPUS_PITANGA', 'CAMPUS_TELÊMACO BORBA', 'CAMPUS_UMUARAMA', 'CURSOS_TEC_CONCOMITANTE', 'CURSOS_TEC_INTEGRADO', 'CURSOS_TEC_SUBSEQUENTE', 'CURSOS_GRAD_VESPERTINO', 'CURSOS_GRAD_NOTURNO', 'CURSOS_POS', 'FÉRIAS', 'FERIADO', 'GREVE', 'ORDEM', 'LAG_01', 'LAG_03', 'LAG_05', 'LAG_06', 'LAG_07', 'LAG_08', 'LAG_09', 'LAG_10', 'LAG_12');0.29802
('TEMP_MIN_MÉD_MENS', 'TEMP_MÉD_MIN_MENS', 'TEMP_MÉD_MÉD_MENS', 'TEMP_MÉD_MAX_MENS', 'TEMP_MÉD_ACC_MENS', 'TEMP_MAX_MÉD_MENS', 'TEMP_MIN_MIN_MENS', 'TEMP_MIN_MAX_MENS', 'TEMP_MAX_MIN_MENS', 'TEMP_MAX_ACC_MENS', 'PRECIPITAÇÃO_ACC_MENS', 'DIA_DA_SEMANA_qui', 'DIA_DA_SEMANA_sex', 'DIA_DA_SEMANA_sáb', 'MÊS_ago', 'MÊS_dez', 'MÊS_jan', 'MÊS_jun', 'MÊS_mar', 'MÊS_nov', 'ANO_2021', 'ANO_2022', 'ANO_2023', 'ANO_2015', 'ANO_2016', 'ANO_2017', 'ANO_2019', 'ANO_2020', 'CAMPUS_ASSIS CHATEAUBRIAND', 'CAMPUS_ASTORGA', 'CAMPUS_BARRACÃO', 'CAMPUS_CAPANEMA', 'CAMPUS_FOZ DO IGUAÇU', 'CAMPUS_GOIOERÊ', 'CAMPUS_JAGUARIAÍVA', 'CAMPUS_PALMAS', 'CAMPUS_PARANAVAÍ', 'CAMPUS_PINHAIS', 'CAMPUS_PITANGA', 'CAMPUS_TELÊMACO BORBA', 'CAMPUS_UNIÃO DA VITÓRIA', 'CURSOS_TEC_CONCOMITANTE', 'CURSOS_TEC_INTEGRADO', 'CURSOS_GRAD_MATUTINO', 'CURSOS_GRAD_NOTURNO', 'FÉRIAS', 'GREVE', 'LAG_01', 'LAG_04', 'LAG_05', 'LAG_06', 'LAG_10', 'LAG_11');0.29804
('TEMP_MÉD_MIN_MENS', 'TEMP_MÉD_MAX_MENS', 'TEMP_MÉD_ACC_MENS', 'PRECIPITAÇÃO_MÉD_MENS', 'TEMP_MIN_MAX_MENS', 'PRECIPITAÇÃO_MAX_MENS', 'DIA_DA_SEMANA_dom', 'DIA_DA_SEMANA_qua', 'DIA_DA_SEMANA_seg', 'DIA_DA_SEMANA_sex', 'DIA_DA_SEMANA_sáb', 'MÊS_abr', 'MÊS_ago', 'MÊS_fev', 'MÊS_mai', 'MÊS_mar', 'ANO_2022', 'ANO_2023', 'ANO_2024', 'ANO_2018', 'CAMPUS_ASSIS CHATEAUBRIAND', 'CAMPUS_ASTORGA', 'CAMPUS_CAMPO LARGO', 'CAMPUS_CORONEL VIVIDA', 'CAMPUS_CURITIBA', 'CAMPUS_IRATI', 'CAMPUS_IVAIPORÃ', 'CAMPUS_JACAREZINHO', 'CAMPUS_JAGUARIAÍVA', 'CAMPUS_PARANAVAÍ', 'CAMPUS_PINHAIS', 'CAMPUS_PITANGA', 'CAMPUS_QUEDAS DO IGUAÇU', 'CAMPUS_TELÊMACO BORBA', 'CAMPUS_UNIÃO DA VITÓRIA', 'CURSOS_TEC_CONCOMITANTE', 'CURSOS_TEC_INTEGRADO', 'CURSOS_GRAD_MATUTINO', 'CURSOS_GRAD_VESPERTINO', 'CURSOS_POS', 'FÉRIAS', 'FERIADO', 'COVID', 'GREVE', 'LAG_02', 'LAG_03', 'LAG_05', 'LAG_08', 'LAG_09', 'LAG_10');0.29812
('TEMP_MÉD_MIN_MENS', 'TEMP_MÉD_MÉD_MENS', 'TEMP_MÉD_MAX_MENS', 'TEMP_MAX_MÉD_MENS', 'TEMP_MIN_MAX_MENS', 'TEMP_MIN_ACC_MENS', 'TEMP_MAX_MIN_MENS', 'PRECIPITAÇÃO_MIN_MENS', 'TEMP_MAX_MAX_MENS', 'DIA_DA_SEMANA_dom', 'DIA_DA_SEMANA_seg', 'DIA_DA_SEMANA_sex', 'DIA_DA_SEMANA_ter', 'MÊS_abr', 'MÊS_fev', 'MÊS_jan', 'MÊS_jul', 'MÊS_jun', 'MÊS_mai', 'MÊS_mar', 'MÊS_out', 'ANO_2021', 'ANO_2023', 'ANO_2024', 'ANO_2015', 'ANO_2016', 'ANO_2017', 'CAMPUS_ASSIS CHATEAUBRIAND', 'CAMPUS_CAMPO LARGO', 'CAMPUS_CORONEL VIVIDA', 'CAMPUS_CURITIBA', 'CAMPUS_GOIOERÊ', 'CAMPUS_IRATI', 'CAMPUS_IVAIPORÃ', 'CAMPUS_JAGUARIAÍVA', 'CAMPUS_PALMAS', 'CAMPUS_PITANGA', 'CAMPUS_QUEDAS DO IGUAÇU', 'CAMPUS_TELÊMACO BORBA', 'CAMPUS_UMUARAMA', 'CAMPUS_UNIÃO DA VITÓRIA', 'CURSOS_TEC_CONCOMITANTE', 'CURSOS_TEC_INTEGRADO', 'CURSOS_TEC_SUBSEQUENTE', 'CURSOS_GRAD_VESPERTINO', 'CURSOS_GRAD_NOTURNO', 'CURSOS_POS', 'FERIADO', 'COVID', 'GREVE', 'LAG_02', 'LAG_03', 'LAG_04', 'LAG_05', 'LAG_07', 'LAG_08', 'LAG_09', 'LAG_10');0.29818
('TEMP_MIN_MÉD_MENS', 'TEMP_MÉD_MAX_MENS', 'TEMP_MÉD_ACC_MENS', 'TEMP_MAX_MÉD_MENS', 'PRECIPITAÇÃO_MÉD_MENS', 'TEMP_MIN_ACC_MENS', 'PRECIPITAÇÃO_MIN_MENS', 'TEMP_MAX_ACC_MENS', 'PRECIPITAÇÃO_MAX_MENS', 'PRECIPITAÇÃO_ACC_MENS', 'DIA_DA_SEMANA_dom', 'DIA_DA_SEMANA_seg', 'DIA_DA_SEMANA_sex', 'MÊS_ago', 'MÊS_dez', 'MÊS_fev', 'MÊS_jan', 'MÊS_jul', 'MÊS_jun', 'MÊS_mai', 'MÊS_mar', 'MÊS_out', 'MÊS_set', 'ANO_2022', 'ANO_2024', 'ANO_2015', 'ANO_2016', 'ANO_2018', 'ANO_2019', 'ANO_2020', 'CAMPUS_CAMPO LARGO', 'CAMPUS_CAPANEMA', 'CAMPUS_CASCAVEL', 'CAMPUS_CURITIBA', 'CAMPUS_FOZ DO IGUAÇU', 'CAMPUS_GOIOERÊ', 'CAMPUS_IRATI', 'CAMPUS_IVAIPORÃ', 'CAMPUS_JACAREZINHO', 'CAMPUS_JAGUARIAÍVA', 'CAMPUS_LONDRINA - CENTRO', 'CAMPUS_PALMAS', 'CAMPUS_PARANAVAÍ', 'CAMPUS_QUEDAS DO IGUAÇU', 'CAMPUS_TELÊMACO BORBA', 'CAMPUS_UNIÃO DA VITÓRIA', 'CURSOS_TEC_INTEGRADO', 'CURSOS_GRAD_MATUTINO', 'CURSOS_GRAD_NOTURNO', 'FÉRIAS', 'FERIADO', 'COVID', 'LAG_01', 'LAG_04', 'LAG_05', 'LAG_06', 'LAG_07', 'LAG_08', 'LAG_09', 'LAG_10', 'LAG_11', 'LAG_12');0.29818
('TEMP_MÉD_MÉD_MENS', 'TEMP_MÉD_MAX_MENS', 'TEMP_MÉD_ACC_MENS', 'PRECIPITAÇÃO_MÉD_MENS', 'TEMP_MIN_MIN_MENS', 'TEMP_MAX_MAX_MENS', 'TEMP_MAX_ACC_MENS', 'PRECIPITAÇÃO_ACC_MENS', 'DIA_DA_SEMANA_qua', 'DIA_DA_SEMANA_qui', 'DIA_DA_SEMANA_seg', 'DIA_DA_SEMANA_ter', 'MÊS_abr', 'MÊS_ago', 'MÊS_fev', 'MÊS_jan', 'MÊS_jun', 'MÊS_mar', 'MÊS_nov', 'MÊS_out', 'MÊS_set', 'ANO_2022', 'ANO_2023', 'ANO_2024', 'ANO_2015', 'ANO_2016', 'ANO_2020', 'CAMPUS_CAPANEMA', 'CAMPUS_CASCAVEL', 'CAMPUS_CORONEL VIVIDA', 'CAMPUS_CURITIBA', 'CAMPUS_GOIOERÊ', 'CAMPUS_IRATI', 'CAMPUS_IVAIPORÃ', 'CAMPUS_JACAREZINHO', 'CAMPUS_JAGUARIAÍVA', 'CAMPUS_LONDRINA - CENTRO', 'CAMPUS_PALMAS', 'CAMPUS_PINHAIS', 'CAMPUS_QUEDAS DO IGUAÇU', 'CAMPUS_TELÊMACO BORBA', 'CAMPUS_UMUARAMA', 'CURSOS_TEC_CONCOMITANTE', 'CURSOS_TEC_INTEGRADO', 'CURSOS_GRAD_MATUTINO', 'CURSOS_GRAD_VESPERTINO', 'FERIADO', 'COVID', 'GREVE', 'LAG_01', 'LAG_03', 'LAG_05', 'LAG_06', 'LAG_08', 'LAG_09', 'LAG_12');0.29823
('TEMP_MÉD_MÉD_MENS', 'TEMP_MÉD_ACC_MENS', 'TEMP_MAX_MÉD_MENS', 'PRECIPITAÇÃO_MÉD_MENS', 'TEMP_MIN_MIN_MENS', 'TEMP_MIN_ACC_MENS', 'TEMP_MAX_MAX_MENS', 'DIA_DA_SEMANA_ter', 'MÊS_abr', 'MÊS_ago', 'MÊS_fev', 'MÊS_jul', 'MÊS_jun', 'MÊS_nov', 'MÊS_out', 'ANO_2021', 'ANO_2017', 'ANO_2018', 'ANO_2019', 'ANO_2020', 'CAMPUS_CAMPO LARGO', 'CAMPUS_CASCAVEL', 'CAMPUS_CORONEL VIVIDA', 'CAMPUS_FOZ DO IGUAÇU', 'CAMPUS_GOIOERÊ', 'CAMPUS_IVAIPORÃ', 'CAMPUS_JACAREZINHO', 'CAMPUS_PARANAVAÍ', 'CAMPUS_PITANGA', 'CAMPUS_QUEDAS DO IGUAÇU', 'CAMPUS_TELÊMACO BORBA', 'CAMPUS_UNIÃO DA VITÓRIA', 'CURSOS_TEC_CONCOMITANTE', 'CURSOS_TEC_INTEGRADO', 'CURSOS_TEC_SUBSEQUENTE', 'CURSOS_GRAD_VESPERTINO', 'CURSOS_GRAD_NOTURNO', 'CURSOS_POS', 'FÉRIAS', 'COVID', 'LAG_01', 'LAG_02', 'LAG_03', 'LAG_04', 'LAG_09', 'LAG_10', 'LAG_11', 'LAG_12');0.29824
('TEMP_MIN_MÉD_MENS', 'TEMP_MÉD_MÉD_MENS', 'TEMP_MÉD_MAX_MENS', 'TEMP_MIN_ACC_MENS', 'TEMP_MAX_MIN_MENS', 'TEMP_MAX_MAX_MENS', 'TEMP_MAX_ACC_MENS', 'PRECIPITAÇÃO_MAX_MENS', 'DIA_DA_SEMANA_qui', 'DIA_DA_SEMANA_sex', 'DIA_DA_SEMANA_sáb', 'DIA_DA_SEMANA_ter', 'MÊS_abr', 'MÊS_ago', 'MÊS_dez', 'MÊS_fev', 'MÊS_jan', 'MÊS_jun', 'MÊS_mar', 'MÊS_nov', 'MÊS_set', 'ANO_2021', 'ANO_2023', 'ANO_2016', 'ANO_2017', 'ANO_2019', 'CAMPUS_BARRACÃO', 'CAMPUS_CORONEL VIVIDA', 'CAMPUS_CURITIBA', 'CAMPUS_FOZ DO IGUAÇU', 'CAMPUS_IRATI', 'CAMPUS_IVAIPORÃ', 'CAMPUS_JACAREZINHO', 'CAMPUS_JAGUARIAÍVA', 'CAMPUS_PALMAS', 'CAMPUS_PARANAGUÁ', 'CAMPUS_PINHAIS', 'CAMPUS_QUEDAS DO IGUAÇU', 'CAMPUS_TELÊMACO BORBA', 'CAMPUS_UMUARAMA', 'CAMPUS_UNIÃO DA VITÓRIA', 'CURSOS_TEC_CONCOMITANTE', 'CURSOS_TEC_INTEGRADO', 'CURSOS_TEC_SUBSEQUENTE', 'CURSOS_GRAD_MATUTINO', 'CURSOS_GRAD_VESPERTINO', 'CURSOS_POS', 'FÉRIAS', 'FERIADO', 'GREVE', 'ORDEM', 'LAG_02', 'LAG_03', 'LAG_04', 'LAG_06', 'LAG_09', 'LAG_10', 'LAG_12');0.29828
('TEMP_MIN_MÉD_MENS', 'TEMP_MÉD_MÉD_MENS', 'TEMP_MÉD_MAX_MENS', 'TEMP_MAX_MÉD_MENS', 'TEMP_MIN_MIN_MENS', 'TEMP_MIN_ACC_MENS', 'TEMP_MAX_MIN_MENS', 'PRECIPITAÇÃO_MIN_MENS', 'TEMP_MAX_MAX_MENS', 'TEMP_MAX_ACC_MENS', 'PRECIPITAÇÃO_MAX_MENS', 'PRECIPITAÇÃO_ACC_MENS', 'DIA_DA_SEMANA_dom', 'DIA_DA_SEMANA_qua', 'DIA_DA_SEMANA_ter', 'MÊS_abr', 'MÊS_fev', 'MÊS_jul', 'MÊS_mai', 'MÊS_mar', 'MÊS_set', 'ANO_2021', 'ANO_2023', 'ANO_2015', 'ANO_2018', 'ANO_2019', 'CAMPUS_ASSIS CHATEAUBRIAND', 'CAMPUS_ASTORGA', 'CAMPUS_CASCAVEL', 'CAMPUS_FOZ DO IGUAÇU', 'CAMPUS_JAGUARIAÍVA', 'CAMPUS_PALMAS', 'CAMPUS_PARANAGUÁ', 'CAMPUS_PINHAIS', 'CAMPUS_PITANGA', 'CAMPUS_QUEDAS DO IGUAÇU', 'CAMPUS_UNIÃO DA VITÓRIA', 'CURSOS_TEC_SUBSEQUENTE', 'CURSOS_POS', 'FERIADO', 'COVID', 'LAG_01', 'LAG_03', 'LAG_06', 'LAG_07', 'LAG_08', 'LAG_09', 'LAG_11');0.29831
('TEMP_MÉD_MIN_MENS', 'TEMP_MÉD_MÉD_MENS', 'TEMP_MÉD_MAX_MENS', 'TEMP_MÉD_ACC_MENS', 'TEMP_MAX_MÉD_MENS', 'PRECIPITAÇÃO_MÉD_MENS', 'TEMP_MIN_MAX_MENS', 'TEMP_MAX_MIN_MENS', 'PRECIPITAÇÃO_MIN_MENS', 'TEMP_MAX_ACC_MENS', 'PRECIPITAÇÃO_ACC_MENS', 'DIA_DA_SEMANA_qui', 'DIA_DA_SEMANA_seg', 'DIA_DA_SEMANA_sex', 'DIA_DA_SEMANA_sáb', 'DIA_DA_SEMANA_ter', 'MÊS_abr', 'MÊS_dez', 'MÊS_jan', 'MÊS_jun', 'MÊS_out', 'ANO_2022', 'ANO_2024', 'ANO_2015', 'ANO_2017', 'ANO_2019', 'ANO_2020', 'CAMPUS_ASTORGA', 'CAMPUS_CORONEL VIVIDA', 'CAMPUS_CURITIBA', 'CAMPUS_GOIOERÊ', 'CAMPUS_IRATI', 'CAMPUS_JACAREZINHO', 'CAMPUS_JAGUARIAÍVA', 'CAMPUS_LONDRINA - CENTRO', 'CAMPUS_PALMAS', 'CAMPUS_PARANAGUÁ', 'CAMPUS_PARANAVAÍ', 'CAMPUS_PINHAIS', 'CAMPUS_PITANGA', 'CAMPUS_UNIÃO DA VITÓRIA', 'CURSOS_TEC_INTEGRADO', 'CURSOS_TEC_SUBSEQUENTE', 'COVID', 'GREVE', 'ORDEM', 'LAG_01', 'LAG_04', 'LAG_05', 'LAG_06', 'LAG_08', 'LAG_09', 'LAG_10', 'LAG_12');0.29836
('TEMP_MÉD_MÉD_MENS', 'TEMP_MÉD_ACC_MENS', 'TEMP_MAX_MÉD_MENS', 'PRECIPITAÇÃO_MÉD_MENS', 'TEMP_MIN_MAX_MENS', 'TEMP_MIN_ACC_MENS', 'TEMP_MAX_MIN_MENS', 'TEMP_MAX_MAX_MENS', 'TEMP_MAX_ACC_MENS', 'PRECIPITAÇÃO_ACC_MENS', 'DIA_DA_SEMANA_dom', 'DIA_DA_SEMANA_sex', 'DIA_DA_SEMANA_sáb', 'MÊS_fev', 'MÊS_jan', 'ANO_2023', 'ANO_2024', 'ANO_2015', 'ANO_2016', 'ANO_2019', 'CAMPUS_ASTORGA', 'CAMPUS_BARRACÃO', 'CAMPUS_CORONEL VIVIDA', 'CAMPUS_CURITIBA', 'CAMPUS_FOZ DO IGUAÇU', 'CAMPUS_GOIOERÊ', 'CAMPUS_IRATI', 'CAMPUS_IVAIPORÃ', 'CAMPUS_JACAREZINHO', 'CAMPUS_JAGUARIAÍVA', 'CAMPUS_LONDRINA - CENTRO', 'CAMPUS_PARANAGUÁ', 'CAMPUS_PARANAVAÍ', 'CAMPUS_QUEDAS DO IGUAÇU', 'CAMPUS_UNIÃO DA VITÓRIA', 'CURSOS_TEC_INTEGRADO', 'CURSOS_GRAD_VESPERTINO', 'COVID', 'GREVE', 'LAG_03', 'LAG_04', 'LAG_06', 'LAG_07', 'LAG_08', 'LAG_09', 'LAG_10', 'LAG_11', 'LAG_12');0.29837
('TEMP_MIN_MÉD_MENS', 'TEMP_MÉD_MIN_MENS', 'TEMP_MÉD_ACC_MENS', 'TEMP_MAX_MÉD_MENS', 'PRECIPITAÇÃO_MÉD_MENS', 'TEMP_MIN_MAX_MENS', 'TEMP_MIN_ACC_MENS', 'TEMP_MAX_ACC_MENS', 'PRECIPITAÇÃO_MAX_MENS', 'PRECIPITAÇÃO_ACC_MENS', 'DIA_DA_SEMANA_dom', 'DIA_DA_SEMANA_qua', 'DIA_DA_SEMANA_seg', 'DIA_DA_SEMANA_sex', 'DIA_DA_SEMANA_sáb', 'DIA_DA_SEMANA_ter', 'MÊS_abr', 'MÊS_dez', 'MÊS_jan', 'MÊS_jul', 'MÊS_mai', 'MÊS_mar', 'MÊS_nov', 'MÊS_out', 'MÊS_set', 'ANO_2022', 'ANO_2023', 'ANO_2015', 'ANO_2016', 'ANO_2017', 'ANO_2019', 'ANO_2020', 'CAMPUS_CAMPO LARGO', 'CAMPUS_CAPANEMA', 'CAMPUS_CASCAVEL', 'CAMPUS_CORONEL VIVIDA', 'CAMPUS_FOZ DO IGUAÇU', 'CAMPUS_IRATI', 'CAMPUS_JAGUARIAÍVA', 'CAMPUS_LONDRINA - CENTRO', 'CAMPUS_PALMAS', 'CAMPUS_UMUARAMA', 'CAMPUS_UNIÃO DA VITÓRIA', 'CURSOS_TEC_CONCOMITANTE', 'CURSOS_TEC_INTEGRADO', 'CURSOS_TEC_SUBSEQUENTE', 'CURSOS_GRAD_MATUTINO', 'CURSOS_GRAD_NOTURNO', 'CURSOS_POS', 'COVID', 'GREVE', 'LAG_01', 'LAG_02', 'LAG_04', 'LAG_05', 'LAG_06', 'LAG_07', 'LAG_09', 'LAG_10', 'LAG_11');0.29838
('TEMP_MIN_MÉD_MENS', 'TEMP_MÉD_MAX_MENS', 'TEMP_MÉD_ACC_MENS', 'TEMP_MAX_MÉD_MENS', 'PRECIPITAÇÃO_MÉD_MENS', 'TEMP_MAX_MAX_MENS', 'TEMP_MAX_ACC_MENS', 'PRECIPITAÇÃO_ACC_MENS', 'DIA_DA_SEMANA_qua', 'DIA_DA_SEMANA_qui', 'DIA_DA_SEMANA_sex', 'DIA_DA_SEMANA_sáb', 'DIA_DA_SEMANA_ter', 'MÊS_abr', 'MÊS_ago', 'MÊS_mar', 'MÊS_nov', 'MÊS_set', 'ANO_2021', 'ANO_2023', 'ANO_2024', 'ANO_2017', 'ANO_2019', 'ANO_2020', 'CAMPUS_ASTORGA', 'CAMPUS_CAPANEMA', 'CAMPUS_CASCAVEL', 'CAMPUS_GOIOERÊ', 'CAMPUS_IRATI', 'CAMPUS_IVAIPORÃ', 'CAMPUS_LONDRINA - CENTRO', 'CAMPUS_PARANAGUÁ', 'CAMPUS_PARANAVAÍ', 'CAMPUS_QUEDAS DO IGUAÇU', 'CAMPUS_TELÊMACO BORBA', 'CAMPUS_UNIÃO DA VITÓRIA', 'CURSOS_TEC_CONCOMITANTE', 'CURSOS_TEC_SUBSEQUENTE', 'CURSOS_GRAD_MATUTINO', 'FÉRIAS', 'COVID', 'GREVE', 'LAG_01', 'LAG_02', 'LAG_06', 'LAG_07', 'LAG_08', 'LAG_09', 'LAG_11', 'LAG_12');0.29839
('TEMP_MÉD_MIN_MENS', 'TEMP_MÉD_ACC_MENS', 'TEMP_MAX_MÉD_MENS', 'PRECIPITAÇÃO_MÉD_MENS', 'TEMP_MIN_MIN_MENS', 'PRECIPITAÇÃO_MIN_MENS', 'TEMP_MAX_MAX_MENS', 'TEMP_MAX_ACC_MENS', 'PRECIPITAÇÃO_MAX_MENS', 'PRECIPITAÇÃO_ACC_MENS', 'DIA_DA_SEMANA_dom', 'DIA_DA_SEMANA_qui', 'DIA_DA_SEMANA_sáb', 'DIA_DA_SEMANA_ter', 'MÊS_abr', 'MÊS_ago', 'MÊS_dez', 'MÊS_jul', 'MÊS_mar', 'MÊS_nov', 'MÊS_out', 'ANO_2021', 'ANO_2024', 'ANO_2018', 'CAMPUS_ASSIS CHATEAUBRIAND', 'CAMPUS_ASTORGA', 'CAMPUS_BARRACÃO', 'CAMPUS_CAMPO LARGO', 'CAMPUS_CURITIBA', 'CAMPUS_FOZ DO IGUAÇU', 'CAMPUS_GOIOERÊ', 'CAMPUS_IRATI', 'CAMPUS_JACAREZINHO', 'CAMPUS_JAGUARIAÍVA', 'CAMPUS_LONDRINA - CENTRO', 'CAMPUS_PALMAS', 'CAMPUS_PARANAGUÁ', 'CAMPUS_PITANGA', 'CAMPUS_QUEDAS DO IGUAÇU', 'CAMPUS_TELÊMACO BORBA', 'CURSOS_TEC_INTEGRADO', 'CURSOS_GRAD_MATUTINO', 'CURSOS_POS', 'FÉRIAS', 'COVID', 'ORDEM', 'LAG_03', 'LAG_05', 'LAG_07', 'LAG_08', 'LAG_10', 'LAG_11', 'LAG_12');0.29844
('TEMP_MIN_MÉD_MENS', 'TEMP_MÉD_MIN_MENS', 'TEMP_MÉD_MAX_MENS', 'TEMP_MÉD_ACC_MENS', 'PRECIPITAÇÃO_MÉD_MENS', 'TEMP_MIN_ACC_MENS', 'PRECIPITAÇÃO_MIN_MENS', 'TEMP_MAX_ACC_MENS', 'PRECIPITAÇÃO_MAX_MENS', 'PRECIPITAÇÃO_ACC_MENS', 'DIA_DA_SEMANA_dom', 'DIA_DA_SEMANA_qua', 'DIA_DA_SEMANA_sex', 'DIA_DA_SEMANA_ter', 'MÊS_abr', 'MÊS_ago', 'MÊS_dez', 'MÊS_jan', 'MÊS_jul', 'MÊS_jun', 'MÊS_mai', 'MÊS_mar', 'MÊS_nov', 'ANO_2021', 'ANO_2023', 'ANO_2015', 'ANO_2017', 'ANO_2018', 'ANO_2019', 'CAMPUS_ASSIS CHATEAUBRIAND', 'CAMPUS_ASTORGA', 'CAMPUS_BARRACÃO', 'CAMPUS_CAPANEMA', 'CAMPUS_CORONEL VIVIDA', 'CAMPUS_CURITIBA', 'CAMPUS_FOZ DO IGUAÇU', 'CAMPUS_GOIOERÊ', 'CAMPUS_IVAIPORÃ', 'CAMPUS_JAGUARIAÍVA', 'CAMPUS_LONDRINA - CENTRO', 'CAMPUS_PALMAS', 'CAMPUS_QUEDAS DO IGUAÇU', 'CAMPUS_UMUARAMA', 'CURSOS_TEC_CONCOMITANTE', 'CURSOS_GRAD_MATUTINO', 'CURSOS_GRAD_VESPERTINO', 'CURSOS_GRAD_NOTURNO', 'CURSOS_POS', 'COVID', 'GREVE', 'LAG_01', 'LAG_02', 'LAG_03', 'LAG_05', 'LAG_06', 'LAG_07', 'LAG_08', 'LAG_09', 'LAG_11', 'LAG_12');0.29859
('TEMP_MÉD_MÉD_MENS', 'TEMP_MÉD_MAX_MENS', 'TEMP_MAX_MÉD_MENS', 'PRECIPITAÇÃO_MÉD_MENS', 'TEMP_MIN_MIN_MENS', 'TEMP_MIN_MAX_MENS', 'TEMP_MIN_ACC_MENS', 'PRECIPITAÇÃO_MAX_MENS', 'PRECIPITAÇÃO_ACC_MENS', 'DIA_DA_SEMANA_dom', 'DIA_DA_SEMANA_qua', 'DIA_DA_SEMANA_qui', 'DIA_DA_SEMANA_seg', 'MÊS_ago', 'MÊS_jan', 'MÊS_jul', 'MÊS_jun', 'MÊS_mai', 'MÊS_out', 'ANO_2016', 'ANO_2018', 'ANO_2020', 'CAMPUS_ASTORGA', 'CAMPUS_BARRACÃO', 'CAMPUS_CAMPO LARGO', 'CAMPUS_CAPANEMA', 'CAMPUS_CASCAVEL', 'CAMPUS_CORONEL VIVIDA', 'CAMPUS_CURITIBA', 'CAMPUS_FOZ DO IGUAÇU', 'CAMPUS_GOIOERÊ', 'CAMPUS_IVAIPORÃ', 'CAMPUS_JAGUARIAÍVA', 'CAMPUS_LONDRINA - CENTRO', 'CAMPUS_PARANAGUÁ', 'CAMPUS_PITANGA', 'CAMPUS_QUEDAS DO IGUAÇU', 'CAMPUS_TELÊMACO BORBA', 'CAMPUS_UMUARAMA', 'CAMPUS_UNIÃO DA VITÓRIA', 'CURSOS_TEC_INTEGRADO', 'CURSOS_TEC_SUBSEQUENTE', 'CURSOS_GRAD_MATUTINO', 'CURSOS_GRAD_NOTURNO', 'CURSOS_POS', 'COVID', 'GREVE', 'ORDEM', 'LAG_01', 'LAG_02', 'LAG_04', 'LAG_05', 'LAG_06', 'LAG_09', 'LAG_10', 'LAG_11');0.29861
('TEMP_MIN_MÉD_MENS', 'TEMP_MÉD_MIN_MENS', 'TEMP_MÉD_MÉD_MENS', 'TEMP_MAX_MIN_MENS', 'TEMP_MAX_MAX_MENS', 'PRECIPITAÇÃO_MAX_MENS', 'PRECIPITAÇÃO_ACC_MENS', 'DIA_DA_SEMANA_dom', 'DIA_DA_SEMANA_qua', 'DIA_DA_SEMANA_qui', 'DIA_DA_SEMANA_seg', 'DIA_DA_SEMANA_sáb', 'DIA_DA_SEMANA_ter', 'MÊS_abr', 'MÊS_ago', 'MÊS_dez', 'MÊS_jan', 'MÊS_jul', 'MÊS_jun', 'MÊS_mar', 'MÊS_nov', 'ANO_2021', 'ANO_2017', 'CAMPUS_ASSIS CHATEAUBRIAND', 'CAMPUS_ASTORGA', 'CAMPUS_BARRACÃO', 'CAMPUS_CAPANEMA', 'CAMPUS_CURITIBA', 'CAMPUS_GOIOERÊ', 'CAMPUS_JAGUARIAÍVA', 'CAMPUS_LONDRINA - CENTRO', 'CAMPUS_PARANAVAÍ', 'CAMPUS_TELÊMACO BORBA', 'CAMPUS_UMUARAMA', 'CURSOS_TEC_CONCOMITANTE', 'CURSOS_TEC_SUBSEQUENTE', 'CURSOS_GRAD_MATUTINO', 'CURSOS_GRAD_NOTURNO', 'CURSOS_POS', 'FÉRIAS', 'FERIADO', 'COVID', 'GREVE', 'LAG_01', 'LAG_04', 'LAG_05', 'LAG_06', 'LAG_08', 'LAG_09', 'LAG_10', 'LAG_12');0.29869
('TEMP_MÉD_MIN_MENS', 'TEMP_MÉD_MAX_MENS', 'PRECIPITAÇÃO_MÉD_MENS', 'PRECIPITAÇÃO_MIN_MENS', 'TEMP_MAX_ACC_MENS', 'PRECIPITAÇÃO_MAX_MENS', 'DIA_DA_SEMANA_dom', 'MÊS_abr', 'MÊS_ago', 'MÊS_fev', 'MÊS_jan', 'MÊS_jun', 'MÊS_out', 'ANO_2022', 'ANO_2024', 'ANO_2015', 'ANO_2018', 'ANO_2019', 'ANO_2020', 'CAMPUS_ASSIS CHATEAUBRIAND', 'CAMPUS_ASTORGA', 'CAMPUS_BARRACÃO', 'CAMPUS_CAMPO LARGO', 'CAMPUS_CAPANEMA', 'CAMPUS_CASCAVEL', 'CAMPUS_CURITIBA', 'CAMPUS_IRATI', 'CAMPUS_IVAIPORÃ', 'CAMPUS_JACAREZINHO', 'CAMPUS_JAGUARIAÍVA', 'CAMPUS_PINHAIS', 'CAMPUS_PITANGA', 'CAMPUS_QUEDAS DO IGUAÇU', 'CAMPUS_UMUARAMA', 'CAMPUS_UNIÃO DA VITÓRIA', 'CURSOS_GRAD_MATUTINO', 'CURSOS_GRAD_VESPERTINO', 'CURSOS_GRAD_NOTURNO', 'CURSOS_POS', 'FERIADO', 'COVID', 'GREVE', 'ORDEM', 'LAG_01', 'LAG_03', 'LAG_04', 'LAG_06', 'LAG_07', 'LAG_11', 'LAG_12');0.29874
('TEMP_MIN_MÉD_MENS', 'TEMP_MÉD_MÉD_MENS', 'TEMP_MÉD_MAX_MENS', 'TEMP_MÉD_ACC_MENS', 'TEMP_MAX_MÉD_MENS', 'TEMP_MIN_MIN_MENS', 'TEMP_MIN_MAX_MENS', 'TEMP_MAX_MIN_MENS', 'PRECIPITAÇÃO_MIN_MENS', 'TEMP_MAX_MAX_MENS', 'TEMP_MAX_ACC_MENS', 'PRECIPITAÇÃO_MAX_MENS', 'DIA_DA_SEMANA_dom', 'DIA_DA_SEMANA_qua', 'DIA_DA_SEMANA_seg', 'DIA_DA_SEMANA_sex', 'DIA_DA_SEMANA_sáb', 'DIA_DA_SEMANA_ter', 'MÊS_fev', 'MÊS_jul', 'MÊS_mar', 'MÊS_nov', 'MÊS_out', 'MÊS_set', 'ANO_2015', 'CAMPUS_ASSIS CHATEAUBRIAND', 'CAMPUS_ASTORGA', 'CAMPUS_CAMPO LARGO', 'CAMPUS_CAPANEMA', 'CAMPUS_CASCAVEL', 'CAMPUS_CORONEL VIVIDA', 'CAMPUS_CURITIBA', 'CAMPUS_FOZ DO IGUAÇU', 'CAMPUS_IRATI', 'CAMPUS_JACAREZINHO', 'CAMPUS_LONDRINA - CENTRO', 'CAMPUS_PALMAS', 'CAMPUS_PARANAGUÁ', 'CAMPUS_PINHAIS', 'CAMPUS_PITANGA', 'CAMPUS_QUEDAS DO IGUAÇU', 'CAMPUS_TELÊMACO BORBA', 'CAMPUS_UMUARAMA', 'CURSOS_TEC_CONCOMITANTE', 'CURSOS_TEC_SUBSEQUENTE', 'CURSOS_GRAD_MATUTINO', 'CURSOS_GRAD_VESPERTINO', 'CURSOS_GRAD_NOTURNO', 'CURSOS_POS', 'COVID', 'ORDEM', 'LAG_01', 'LAG_03', 'LAG_05', 'LAG_06', 'LAG_07', 'LAG_10', 'LAG_11');0.29875
('TEMP_MÉD_ACC_MENS', 'TEMP_MAX_MÉD_MENS', 'TEMP_MIN_MIN_MENS', 'TEMP_MIN_ACC_MENS', 'TEMP_MAX_ACC_MENS', 'DIA_DA_SEMANA_dom', 'DIA_DA_SEMANA_qua', 'DIA_DA_SEMANA_sex', 'MÊS_abr', 'MÊS_jun', 'MÊS_set', 'ANO_2021', 'ANO_2022', 'ANO_2024', 'ANO_2015', 'ANO_2016', 'ANO_2017', 'ANO_2018', 'CAMPUS_ASSIS CHATEAUBRIAND', 'CAMPUS_ASTORGA', 'CAMPUS_BARRACÃO', 'CAMPUS_CAMPO LARGO', 'CAMPUS_CAPANEMA', 'CAMPUS_CASCAVEL', 'CAMPUS_CORONEL VIVIDA', 'CAMPUS_FOZ DO IGUAÇU', 'CAMPUS_GOIOERÊ', 'CAMPUS_IVAIPORÃ', 'CAMPUS_JACAREZINHO', 'CAMPUS_JAGUARIAÍVA', 'CAMPUS_PALMAS', 'CAMPUS_PARANAGUÁ', 'CAMPUS_TELÊMACO BORBA', 'CAMPUS_UMUARAMA', 'CAMPUS_UNIÃO DA VITÓRIA', 'CURSOS_TEC_CONCOMITANTE', 'CURSOS_TEC_SUBSEQUENTE', 'CURSOS_GRAD_MATUTINO', 'CURSOS_GRAD_VESPERTINO', 'CURSOS_GRAD_NOTURNO', 'CURSOS_POS', 'FERIADO', 'COVID', 'LAG_01', 'LAG_05', 'LAG_07', 'LAG_11', 'LAG_12');0.29878
('TEMP_MIN_MÉD_MENS', 'TEMP_MÉD_MAX_MENS', 'TEMP_MÉD_ACC_MENS', 'PRECIPITAÇÃO_MÉD_MENS', 'PRECIPITAÇÃO_MAX_MENS', 'PRECIPITAÇÃO_ACC_MENS', 'DIA_DA_SEMANA_dom', 'DIA_DA_SEMANA_qua', 'DIA_DA_SEMANA_seg', 'DIA_DA_SEMANA_sex', 'DIA_DA_SEMANA_sáb', 'MÊS_dez', 'MÊS_jan', 'MÊS_jul', 'MÊS_mai', 'MÊS_mar', 'MÊS_out', 'ANO_2021', 'ANO_2023', 'ANO_2015', 'ANO_2017', 'ANO_2020', 'CAMPUS_ASSIS CHATEAUBRIAND', 'CAMPUS_ASTORGA', 'CAMPUS_BARRACÃO', 'CAMPUS_CAPANEMA', 'CAMPUS_FOZ DO IGUAÇU', 'CAMPUS_GOIOERÊ', 'CAMPUS_IVAIPORÃ', 'CAMPUS_JACAREZINHO', 'CAMPUS_JAGUARIAÍVA', 'CAMPUS_PALMAS', 'CAMPUS_PARANAGUÁ', 'CAMPUS_PINHAIS', 'CAMPUS_PITANGA', 'CAMPUS_QUEDAS DO IGUAÇU', 'CAMPUS_UNIÃO DA VITÓRIA', 'CURSOS_TEC_SUBSEQUENTE', 'CURSOS_GRAD_MATUTINO', 'CURSOS_GRAD_VESPERTINO', 'CURSOS_POS', 'FÉRIAS', 'ORDEM', 'LAG_01', 'LAG_02', 'LAG_03', 'LAG_04', 'LAG_06', 'LAG_09', 'LAG_10', 'LAG_11', 'LAG_12');0.2988
('TEMP_MIN_MÉD_MENS', 'TEMP_MÉD_MIN_MENS', 'TEMP_MÉD_MÉD_MENS', 'TEMP_MÉD_MAX_MENS', 'TEMP_MÉD_ACC_MENS', 'TEMP_MIN_MAX_MENS', 'TEMP_MIN_ACC_MENS', 'TEMP_MAX_MIN_MENS', 'PRECIPITAÇÃO_MIN_MENS', 'TEMP_MAX_MAX_MENS', 'PRECIPITAÇÃO_ACC_MENS', 'DIA_DA_SEMANA_seg', 'DIA_DA_SEMANA_sex', 'MÊS_jul', 'MÊS_jun', 'MÊS_mai', 'MÊS_mar', 'MÊS_out', 'ANO_2022', 'ANO_2015', 'ANO_2017', 'ANO_2018', 'ANO_2019', 'ANO_2020', 'CAMPUS_BARRACÃO', 'CAMPUS_CAMPO LARGO', 'CAMPUS_CORONEL VIVIDA', 'CAMPUS_FOZ DO IGUAÇU', 'CAMPUS_GOIOERÊ', 'CAMPUS_IRATI', 'CAMPUS_IVAIPORÃ', 'CAMPUS_JACAREZINHO', 'CAMPUS_LONDRINA - CENTRO', 'CAMPUS_PALMAS', 'CAMPUS_PARANAGUÁ', 'CAMPUS_PARANAVAÍ', 'CAMPUS_PINHAIS', 'CAMPUS_QUEDAS DO IGUAÇU', 'CAMPUS_UNIÃO DA VITÓRIA', 'CURSOS_TEC_CONCOMITANTE', 'CURSOS_TEC_SUBSEQUENTE', 'CURSOS_GRAD_NOTURNO', 'CURSOS_POS', 'FERIADO', 'COVID', 'GREVE', 'ORDEM', 'LAG_01', 'LAG_03', 'LAG_04', 'LAG_07', 'LAG_09', 'LAG_12');0.29884
('TEMP_MIN_MÉD_MENS', 'TEMP_MÉD_MIN_MENS', 'TEMP_MÉD_MAX_MENS', 'TEMP_MÉD_ACC_MENS', 'TEMP_MAX_MÉD_MENS', 'PRECIPITAÇÃO_MÉD_MENS', 'TEMP_MIN_MAX_MENS', 'TEMP_MIN_ACC_MENS', 'PRECIPITAÇÃO_MIN_MENS', 'TEMP_MAX_MAX_MENS', 'PRECIPITAÇÃO_MAX_MENS', 'PRECIPITAÇÃO_ACC_MENS', 'DIA_DA_SEMANA_dom', 'DIA_DA_SEMANA_seg', 'DIA_DA_SEMANA_sáb', 'DIA_DA_SEMANA_ter', 'MÊS_jan', 'MÊS_jul', 'MÊS_jun', 'MÊS_mai', 'MÊS_nov', 'MÊS_set', 'ANO_2022', 'ANO_2023', 'ANO_2015', 'ANO_2019', 'ANO_2020', 'CAMPUS_ASSIS CHATEAUBRIAND', 'CAMPUS_BARRACÃO', 'CAMPUS_CAMPO LARGO', 'CAMPUS_CAPANEMA', 'CAMPUS_CORONEL VIVIDA', 'CAMPUS_CURITIBA', 'CAMPUS_FOZ DO IGUAÇU', 'CAMPUS_JACAREZINHO', 'CAMPUS_PARANAGUÁ', 'CAMPUS_PARANAVAÍ', 'CAMPUS_PITANGA', 'CAMPUS_QUEDAS DO IGUAÇU', 'CAMPUS_UNIÃO DA VITÓRIA', 'CURSOS_TEC_SUBSEQUENTE', 'CURSOS_GRAD_NOTURNO', 'FERIADO', 'COVID', 'LAG_01', 'LAG_03', 'LAG_05', 'LAG_07', 'LAG_08', 'LAG_11', 'LAG_12');0.29887
('TEMP_MIN_MÉD_MENS', 'TEMP_MÉD_MÉD_MENS', 'TEMP_MÉD_ACC_MENS', 'TEMP_MAX_MÉD_MENS', 'TEMP_MAX_MIN_MENS', 'TEMP_MAX_ACC_MENS', 'PRECIPITAÇÃO_ACC_MENS', 'DIA_DA_SEMANA_dom', 'DIA_DA_SEMANA_qui', 'DIA_DA_SEMANA_seg', 'DIA_DA_SEMANA_sex', 'MÊS_fev', 'MÊS_jul', 'MÊS_mai', 'MÊS_mar', 'MÊS_nov', 'MÊS_out', 'MÊS_set', 'ANO_2021', 'ANO_2017', 'ANO_2018', 'ANO_2019', 'ANO_2020', 'CAMPUS_ASSIS CHATEAUBRIAND', 'CAMPUS_BARRACÃO', 'CAMPUS_CAMPO LARGO', 'CAMPUS_CAPANEMA', 'CAMPUS_CASCAVEL', 'CAMPUS_CORONEL VIVIDA', 'CAMPUS_CURITIBA', 'CAMPUS_GOIOERÊ', 'CAMPUS_IRATI', 'CAMPUS_JAGUARIAÍVA', 'CAMPUS_LONDRINA - CENTRO', 'CAMPUS_PALMAS', 'CAMPUS_PINHAIS', 'CAMPUS_QUEDAS DO IGUAÇU', 'CAMPUS_TELÊMACO BORBA', 'CAMPUS_UMUARAMA', 'CURSOS_TEC_CONCOMITANTE', 'CURSOS_TEC_SUBSEQUENTE', 'CURSOS_GRAD_VESPERTINO', 'CURSOS_GRAD_NOTURNO', 'FÉRIAS', 'FERIADO', 'COVID', 'GREVE', 'LAG_03', 'LAG_06', 'LAG_07', 'LAG_08', 'LAG_09', 'LAG_11', 'LAG_12');0.2989
('TEMP_MIN_MÉD_MENS', 'TEMP_MÉD_MÉD_MENS', 'TEMP_MÉD_ACC_MENS', 'TEMP_MAX_MÉD_MENS', 'PRECIPITAÇÃO_MÉD_MENS', 'TEMP_MIN_MIN_MENS', 'TEMP_MIN_MAX_MENS', 'TEMP_MAX_MIN_MENS', 'PRECIPITAÇÃO_MIN_MENS', 'TEMP_MAX_ACC_MENS', 'PRECIPITAÇÃO_MAX_MENS', 'DIA_DA_SEMANA_dom', 'DIA_DA_SEMANA_qua', 'DIA_DA_SEMANA_seg', 'MÊS_abr', 'MÊS_dez', 'MÊS_fev', 'MÊS_jan', 'MÊS_jul', 'MÊS_jun', 'MÊS_mar', 'MÊS_out', 'MÊS_set', 'ANO_2021', 'ANO_2022', 'ANO_2024', 'ANO_2015', 'ANO_2018', 'ANO_2019', 'CAMPUS_CAMPO LARGO', 'CAMPUS_CAPANEMA', 'CAMPUS_CORONEL VIVIDA', 'CAMPUS_FOZ DO IGUAÇU', 'CAMPUS_GOIOERÊ', 'CAMPUS_IRATI', 'CAMPUS_JACAREZINHO', 'CAMPUS_JAGUARIAÍVA', 'CAMPUS_PALMAS', 'CAMPUS_PARANAVAÍ', 'CAMPUS_PITANGA', 'CAMPUS_QUEDAS DO IGUAÇU', 'CURSOS_TEC_CONCOMITANTE', 'CURSOS_TEC_INTEGRADO', 'CURSOS_TEC_SUBSEQUENTE', 'CURSOS_GRAD_MATUTINO', 'CURSOS_GRAD_NOTURNO', 'CURSOS_POS', 'FÉRIAS', 'FERIADO', 'COVID', 'GREVE', 'LAG_01', 'LAG_04', 'LAG_05', 'LAG_07', 'LAG_08', 'LAG_09', 'LAG_10', 'LAG_11', 'LAG_12');0.29894
('TEMP_MIN_MÉD_MENS', 'TEMP_MÉD_MIN_MENS', 'TEMP_MÉD_MAX_MENS', 'TEMP_MÉD_ACC_MENS', 'TEMP_MAX_MÉD_MENS', 'PRECIPITAÇÃO_MÉD_MENS', 'PRECIPITAÇÃO_MIN_MENS', 'TEMP_MAX_ACC_MENS', 'PRECIPITAÇÃO_MAX_MENS', 'DIA_DA_SEMANA_qui', 'DIA_DA_SEMANA_sex', 'MÊS_ago', 'MÊS_dez', 'MÊS_fev', 'MÊS_jan', 'MÊS_mai', 'MÊS_mar', 'ANO_2022', 'ANO_2023', 'ANO_2024', 'ANO_2016', 'ANO_2017', 'ANO_2018', 'ANO_2020', 'CAMPUS_ASSIS CHATEAUBRIAND', 'CAMPUS_CAPANEMA', 'CAMPUS_CASCAVEL', 'CAMPUS_CORONEL VIVIDA', 'CAMPUS_CURITIBA', 'CAMPUS_FOZ DO IGUAÇU', 'CAMPUS_IRATI', 'CAMPUS_IVAIPORÃ', 'CAMPUS_LONDRINA - CENTRO', 'CAMPUS_QUEDAS DO IGUAÇU', 'CAMPUS_TELÊMACO BORBA', 'CAMPUS_UMUARAMA', 'CURSOS_TEC_CONCOMITANTE', 'CURSOS_TEC_INTEGRADO', 'CURSOS_TEC_SUBSEQUENTE', 'CURSOS_GRAD_NOTURNO', 'FERIADO', 'ORDEM', 'LAG_04', 'LAG_05', 'LAG_07', 'LAG_08', 'LAG_11', 'LAG_12');0.29897
('TEMP_MIN_MÉD_MENS', 'TEMP_MÉD_MIN_MENS', 'TEMP_MÉD_MÉD_MENS', 'TEMP_MÉD_ACC_MENS', 'TEMP_MAX_MÉD_MENS', 'PRECIPITAÇÃO_MÉD_MENS', 'TEMP_MIN_MIN_MENS', 'TEMP_MIN_MAX_MENS', 'PRECIPITAÇÃO_MIN_MENS', 'TEMP_MAX_ACC_MENS', 'PRECIPITAÇÃO_MAX_MENS', 'DIA_DA_SEMANA_dom', 'DIA_DA_SEMANA_qua', 'DIA_DA_SEMANA_qui', 'DIA_DA_SEMANA_seg', 'DIA_DA_SEMANA_sex', 'DIA_DA_SEMANA_sáb', 'DIA_DA_SEMANA_ter', 'MÊS_jan', 'MÊS_jun', 'MÊS_mar', 'MÊS_nov', 'MÊS_out', 'ANO_2021', 'ANO_2023', 'ANO_2024', 'ANO_2016', 'ANO_2020', 'CAMPUS_ASTORGA', 'CAMPUS_CAMPO LARGO', 'CAMPUS_CAPANEMA', 'CAMPUS_CASCAVEL', 'CAMPUS_CURITIBA', 'CAMPUS_FOZ DO IGUAÇU', 'CAMPUS_GOIOERÊ', 'CAMPUS_IRATI', 'CAMPUS_IVAIPORÃ', 'CAMPUS_JAGUARIAÍVA', 'CAMPUS_PALMAS', 'CAMPUS_PARANAGUÁ', 'CAMPUS_PARANAVAÍ', 'CAMPUS_PINHAIS', 'CAMPUS_QUEDAS DO IGUAÇU', 'CAMPUS_UMUARAMA', 'CURSOS_TEC_CONCOMITANTE', 'CURSOS_TEC_INTEGRADO', 'CURSOS_TEC_SUBSEQUENTE', 'CURSOS_GRAD_VESPERTINO', 'CURSOS_GRAD_NOTURNO', 'CURSOS_POS', 'FERIADO', 'GREVE', 'LAG_04', 'LAG_05', 'LAG_06', 'LAG_07', 'LAG_09', 'LAG_10', 'LAG_12');0.29906
('TEMP_MIN_MÉD_MENS', 'TEMP_MÉD_MIN_MENS', 'TEMP_MÉD_MÉD_MENS', 'TEMP_MÉD_MAX_MENS', 'TEMP_MAX_MÉD_MENS', 'PRECIPITAÇÃO_MÉD_MENS', 'TEMP_MIN_MIN_MENS', 'TEMP_MIN_MAX_MENS', 'TEMP_MIN_ACC_MENS', 'PRECIPITAÇÃO_MIN_MENS', 'TEMP_MAX_ACC_MENS', 'PRECIPITAÇÃO_MAX_MENS', 'PRECIPITAÇÃO_ACC_MENS', 'DIA_DA_SEMANA_dom', 'DIA_DA_SEMANA_seg', 'DIA_DA_SEMANA_sex', 'DIA_DA_SEMANA_sáb', 'MÊS_jul', 'MÊS_jun', 'MÊS_mai', 'MÊS_mar', 'MÊS_set', 'ANO_2021', 'ANO_2024', 'ANO_2017', 'ANO_2019', 'CAMPUS_BARRACÃO', 'CAMPUS_CAPANEMA', 'CAMPUS_CASCAVEL', 'CAMPUS_CURITIBA', 'CAMPUS_GOIOERÊ', 'CAMPUS_IRATI', 'CAMPUS_IVAIPORÃ', 'CAMPUS_LONDRINA - CENTRO', 'CAMPUS_PARANAGUÁ', 'CAMPUS_PARANAVAÍ', 'CAMPUS_PINHAIS', 'CAMPUS_PITANGA', 'CAMPUS_QUEDAS DO IGUAÇU', 'CAMPUS_UMUARAMA', 'CURSOS_TEC_CONCOMITANTE', 'CURSOS_TEC_INTEGRADO', 'CURSOS_TEC_SUBSEQUENTE', 'CURSOS_GRAD_NOTURNO', 'CURSOS_POS', 'FÉRIAS', 'GREVE', 'ORDEM', 'LAG_04', 'LAG_06', 'LAG_08', 'LAG_09', 'LAG_10', 'LAG_11');0.29909
('TEMP_MIN_MÉD_MENS', 'TEMP_MÉD_MIN_MENS', 'TEMP_MÉD_MÉD_MENS', 'TEMP_MÉD_MAX_MENS', 'TEMP_MÉD_ACC_MENS', 'TEMP_MAX_MÉD_MENS', 'TEMP_MIN_MAX_MENS', 'TEMP_MAX_MAX_MENS', 'PRECIPITAÇÃO_MAX_MENS', 'PRECIPITAÇÃO_ACC_MENS', 'DIA_DA_SEMANA_dom', 'DIA_DA_SEMANA_qua', 'DIA_DA_SEMANA_sáb', 'DIA_DA_SEMANA_ter', 'MÊS_abr', 'MÊS_ago', 'MÊS_dez', 'MÊS_jan', 'MÊS_mai', 'MÊS_mar', 'MÊS_out', 'ANO_2021', 'ANO_2024', 'ANO_2015', 'ANO_2017', 'CAMPUS_ASSIS CHATEAUBRIAND', 'CAMPUS_ASTORGA', 'CAMPUS_BARRACÃO', 'CAMPUS_CAPANEMA', 'CAMPUS_CASCAVEL', 'CAMPUS_CORONEL VIVIDA', 'CAMPUS_FOZ DO IGUAÇU', 'CAMPUS_IVAIPORÃ', 'CAMPUS_JACAREZINHO', 'CAMPUS_LONDRINA - CENTRO', 'CAMPUS_PALMAS', 'CAMPUS_PARANAVAÍ', 'CAMPUS_PINHAIS', 'CAMPUS_PITANGA', 'CAMPUS_QUEDAS DO IGUAÇU', 'CAMPUS_TELÊMACO BORBA', 'CAMPUS_UMUARAMA', 'CURSOS_TEC_CONCOMITANTE', 'CURSOS_TEC_INTEGRADO', 'CURSOS_GRAD_VESPERTINO', 'CURSOS_GRAD_NOTURNO', 'CURSOS_POS', 'FERIADO', 'COVID', 'LAG_01', 'LAG_03', 'LAG_05', 'LAG_06', 'LAG_08', 'LAG_09', 'LAG_10', 'LAG_11');0.29925
('TEMP_MIN_MÉD_MENS', 'TEMP_MÉD_MÉD_MENS', 'TEMP_MAX_MÉD_MENS', 'TEMP_MIN_MIN_MENS', 'TEMP_MIN_MAX_MENS', 'TEMP_MIN_ACC_MENS', 'TEMP_MAX_MIN_MENS', 'PRECIPITAÇÃO_MIN_MENS', 'TEMP_MAX_MAX_MENS', 'TEMP_MAX_ACC_MENS', 'PRECIPITAÇÃO_MAX_MENS', 'PRECIPITAÇÃO_ACC_MENS', 'DIA_DA_SEMANA_qua', 'DIA_DA_SEMANA_qui', 'DIA_DA_SEMANA_seg', 'DIA_DA_SEMANA_sex', 'DIA_DA_SEMANA_sáb', 'DIA_DA_SEMANA_ter', 'MÊS_ago', 'MÊS_jan', 'MÊS_jul', 'MÊS_mai', 'MÊS_mar', 'MÊS_out', 'ANO_2022', 'ANO_2023', 'ANO_2015', 'ANO_2016', 'ANO_2018', 'ANO_2019', 'CAMPUS_ASSIS CHATEAUBRIAND', 'CAMPUS_CAMPO LARGO', 'CAMPUS_CAPANEMA', 'CAMPUS_CASCAVEL', 'CAMPUS_CORONEL VIVIDA', 'CAMPUS_CURITIBA', 'CAMPUS_FOZ DO IGUAÇU', 'CAMPUS_GOIOERÊ', 'CAMPUS_IRATI', 'CAMPUS_IVAIPORÃ', 'CAMPUS_LONDRINA - CENTRO', 'CAMPUS_PALMAS', 'CAMPUS_PARANAVAÍ', 'CAMPUS_PITANGA', 'CAMPUS_QUEDAS DO IGUAÇU', 'CAMPUS_UMUARAMA', 'CAMPUS_UNIÃO DA VITÓRIA', 'CURSOS_TEC_CONCOMITANTE', 'CURSOS_TEC_SUBSEQUENTE', 'CURSOS_GRAD_MATUTINO', 'CURSOS_POS', 'FÉRIAS', 'FERIADO', 'COVID', 'ORDEM', 'LAG_01', 'LAG_05', 'LAG_07', 'LAG_08', 'LAG_09', 'LAG_10', 'LAG_12');0.29926
('TEMP_MÉD_MIN_MENS', 'TEMP_MÉD_MÉD_MENS', 'TEMP_MAX_MÉD_MENS', 'PRECIPITAÇÃO_MÉD_MENS', 'TEMP_MIN_MAX_MENS', 'TEMP_MAX_MIN_MENS', 'PRECIPITAÇÃO_MIN_MENS', 'TEMP_MAX_MAX_MENS', 'TEMP_MAX_ACC_MENS', 'PRECIPITAÇÃO_MAX_MENS', 'DIA_DA_SEMANA_dom', 'DIA_DA_SEMANA_qua', 'DIA_DA_SEMANA_sáb', 'MÊS_dez', 'MÊS_fev', 'MÊS_jan', 'MÊS_jul', 'MÊS_jun', 'MÊS_mai', 'MÊS_mar', 'MÊS_set', 'ANO_2022', 'ANO_2023', 'ANO_2018', 'CAMPUS_BARRACÃO', 'CAMPUS_CASCAVEL', 'CAMPUS_CORONEL VIVIDA', 'CAMPUS_IRATI', 'CAMPUS_JACAREZINHO', 'CAMPUS_LONDRINA - CENTRO', 'CAMPUS_PARANAGUÁ', 'CAMPUS_PARANAVAÍ', 'CAMPUS_PINHAIS', 'CAMPUS_PITANGA', 'CAMPUS_QUEDAS DO IGUAÇU', 'CAMPUS_TELÊMACO BORBA', 'CAMPUS_UNIÃO DA VITÓRIA', 'CURSOS_TEC_CONCOMITANTE', 'CURSOS_TEC_INTEGRADO', 'CURSOS_GRAD_NOTURNO', 'CURSOS_POS', 'GREVE', 'ORDEM', 'LAG_01', 'LAG_02', 'LAG_03', 'LAG_05', 'LAG_06', 'LAG_09');0.29927
('TEMP_MÉD_MIN_MENS', 'TEMP_MÉD_MÉD_MENS', 'TEMP_MÉD_MAX_MENS', 'TEMP_MÉD_ACC_MENS', 'TEMP_MAX_MÉD_MENS', 'PRECIPITAÇÃO_MÉD_MENS', 'TEMP_MIN_ACC_MENS', 'PRECIPITAÇÃO_MAX_MENS', 'DIA_DA_SEMANA_qua', 'DIA_DA_SEMANA_sex', 'DIA_DA_SEMANA_sáb', 'DIA_DA_SEMANA_ter', 'MÊS_ago', 'MÊS_fev', 'MÊS_jan', 'MÊS_jun', 'MÊS_mai', 'MÊS_out', 'ANO_2021', 'ANO_2023', 'ANO_2024', 'ANO_2015', 'ANO_2016', 'ANO_2017', 'ANO_2019', 'CAMPUS_ASSIS CHATEAUBRIAND', 'CAMPUS_ASTORGA', 'CAMPUS_BARRACÃO', 'CAMPUS_CAPANEMA', 'CAMPUS_CASCAVEL', 'CAMPUS_GOIOERÊ', 'CAMPUS_IRATI', 'CAMPUS_JACAREZINHO', 'CAMPUS_LONDRINA - CENTRO', 'CAMPUS_PALMAS', 'CAMPUS_PARANAGUÁ', 'CAMPUS_PITANGA', 'CAMPUS_QUEDAS DO IGUAÇU', 'CAMPUS_UNIÃO DA VITÓRIA', 'CURSOS_TEC_CONCOMITANTE', 'CURSOS_TEC_SUBSEQUENTE', 'CURSOS_GRAD_MATUTINO', 'CURSOS_GRAD_VESPERTINO', 'CURSOS_GRAD_NOTURNO', 'CURSOS_POS', 'FÉRIAS', 'FERIADO', 'ORDEM', 'LAG_04', 'LAG_07', 'LAG_08', 'LAG_09', 'LAG_11');0.2993
('TEMP_MÉD_MIN_MENS', 'TEMP_MÉD_MÉD_MENS', 'TEMP_MÉD_MAX_MENS', 'TEMP_MÉD_ACC_MENS', 'PRECIPITAÇÃO_MÉD_MENS', 'TEMP_MAX_MAX_MENS', 'TEMP_MAX_ACC_MENS', 'PRECIPITAÇÃO_MAX_MENS', 'PRECIPITAÇÃO_ACC_MENS', 'DIA_DA_SEMANA_qui', 'DIA_DA_SEMANA_seg', 'DIA_DA_SEMANA_ter', 'MÊS_abr', 'MÊS_ago', 'MÊS_dez', 'MÊS_jun', 'MÊS_mai', 'MÊS_mar', 'MÊS_out', 'ANO_2022', 'ANO_2016', 'ANO_2019', 'CAMPUS_ASSIS CHATEAUBRIAND', 'CAMPUS_BARRACÃO', 'CAMPUS_CAMPO LARGO', 'CAMPUS_GOIOERÊ', 'CAMPUS_IRATI', 'CAMPUS_JACAREZINHO', 'CAMPUS_JAGUARIAÍVA', 'CAMPUS_LONDRINA - CENTRO', 'CAMPUS_PARANAVAÍ', 'CAMPUS_QUEDAS DO IGUAÇU', 'CAMPUS_TELÊMACO BORBA', 'CURSOS_TEC_CONCOMITANTE', 'CURSOS_TEC_INTEGRADO', 'CURSOS_TEC_SUBSEQUENTE', 'CURSOS_POS', 'FÉRIAS', 'FERIADO', 'COVID', 'LAG_01', 'LAG_02', 'LAG_03', 'LAG_06', 'LAG_07', 'LAG_08', 'LAG_11', 'LAG_12');0.29932
('TEMP_MIN_MÉD_MENS', 'TEMP_MÉD_MIN_MENS', 'PRECIPITAÇÃO_MÉD_MENS', 'TEMP_MIN_MAX_MENS', 'TEMP_MIN_ACC_MENS', 'TEMP_MAX_MAX_MENS', 'PRECIPITAÇÃO_MAX_MENS', 'PRECIPITAÇÃO_ACC_MENS', 'DIA_DA_SEMANA_dom', 'DIA_DA_SEMANA_qui', 'DIA_DA_SEMANA_seg', 'DIA_DA_SEMANA_sex', 'DIA_DA_SEMANA_ter', 'MÊS_abr', 'MÊS_dez', 'MÊS_jul', 'MÊS_mar', 'MÊS_set', 'ANO_2021', 'ANO_2022', 'ANO_2023', 'ANO_2016', 'ANO_2017', 'ANO_2020', 'CAMPUS_BARRACÃO', 'CAMPUS_CAPANEMA', 'CAMPUS_CASCAVEL', 'CAMPUS_FOZ DO IGUAÇU', 'CAMPUS_IRATI', 'CAMPUS_IVAIPORÃ', 'CAMPUS_JAGUARIAÍVA', 'CAMPUS_PALMAS', 'CAMPUS_PARANAGUÁ', 'CAMPUS_PINHAIS', 'CAMPUS_QUEDAS DO IGUAÇU', 'CAMPUS_TELÊMACO BORBA', 'CAMPUS_UNIÃO DA VITÓRIA', 'CURSOS_GRAD_MATUTINO', 'CURSOS_GRAD_VESPERTINO', 'CURSOS_POS', 'FÉRIAS', 'LAG_01', 'LAG_02', 'LAG_03', 'LAG_07', 'LAG_09', 'LAG_10', 'LAG_11');0.29933
('TEMP_MÉD_MÉD_MENS', 'TEMP_MÉD_ACC_MENS', 'TEMP_MAX_MÉD_MENS', 'PRECIPITAÇÃO_MÉD_MENS', 'TEMP_MIN_MIN_MENS', 'TEMP_MIN_MAX_MENS', 'TEMP_MIN_ACC_MENS', 'PRECIPITAÇÃO_MAX_MENS', 'PRECIPITAÇÃO_ACC_MENS', 'DIA_DA_SEMANA_seg', 'DIA_DA_SEMANA_sex', 'DIA_DA_SEMANA_ter', 'MÊS_abr', 'MÊS_ago', 'MÊS_dez', 'MÊS_jan', 'MÊS_jun', 'MÊS_out', 'MÊS_set', 'ANO_2024', 'ANO_2015', 'ANO_2016', 'ANO_2018', 'ANO_2020', 'CAMPUS_ASSIS CHATEAUBRIAND', 'CAMPUS_ASTORGA', 'CAMPUS_CAMPO LARGO', 'CAMPUS_CAPANEMA', 'CAMPUS_CASCAVEL', 'CAMPUS_IVAIPORÃ', 'CAMPUS_JAGUARIAÍVA', 'CAMPUS_LONDRINA - CENTRO', 'CAMPUS_PALMAS', 'CAMPUS_PARANAVAÍ', 'CAMPUS_QUEDAS DO IGUAÇU', 'CAMPUS_TELÊMACO BORBA', 'CAMPUS_UMUARAMA', 'CURSOS_TEC_CONCOMITANTE', 'CURSOS_GRAD_NOTURNO', 'CURSOS_POS', 'FÉRIAS', 'FERIADO', 'COVID', 'GREVE', 'ORDEM', 'LAG_01', 'LAG_02', 'LAG_03', 'LAG_04', 'LAG_05', 'LAG_07', 'LAG_08', 'LAG_09', 'LAG_12');0.29935
('TEMP_MIN_MÉD_MENS', 'TEMP_MÉD_MIN_MENS', 'TEMP_MÉD_MAX_MENS', 'TEMP_MÉD_ACC_MENS', 'PRECIPITAÇÃO_MÉD_MENS', 'TEMP_MIN_MIN_MENS', 'TEMP_MIN_MAX_MENS', 'TEMP_MAX_MIN_MENS', 'PRECIPITAÇÃO_ACC_MENS', 'DIA_DA_SEMANA_dom', 'DIA_DA_SEMANA_seg', 'DIA_DA_SEMANA_sex', 'DIA_DA_SEMANA_sáb', 'MÊS_ago', 'MÊS_fev', 'MÊS_jan', 'MÊS_jul', 'MÊS_mai', 'MÊS_nov', 'ANO_2022', 'ANO_2023', 'ANO_2015', 'ANO_2017', 'ANO_2018', 'ANO_2019', 'ANO_2020', 'CAMPUS_ASSIS CHATEAUBRIAND', 'CAMPUS_ASTORGA', 'CAMPUS_BARRACÃO', 'CAMPUS_CAMPO LARGO', 'CAMPUS_CAPANEMA', 'CAMPUS_CASCAVEL', 'CAMPUS_CURITIBA', 'CAMPUS_GOIOERÊ', 'CAMPUS_IRATI', 'CAMPUS_IVAIPORÃ', 'CAMPUS_JACAREZINHO', 'CAMPUS_JAGUARIAÍVA', 'CAMPUS_LONDRINA - CENTRO', 'CAMPUS_PALMAS', 'CAMPUS_PARANAGUÁ', 'CAMPUS_PARANAVAÍ', 'CAMPUS_PINHAIS', 'CAMPUS_PITANGA', 'CAMPUS_QUEDAS DO IGUAÇU', 'CAMPUS_TELÊMACO BORBA', 'CAMPUS_UMUARAMA', 'CAMPUS_UNIÃO DA VITÓRIA', 'CURSOS_TEC_CONCOMITANTE', 'CURSOS_TEC_INTEGRADO', 'CURSOS_GRAD_MATUTINO', 'FÉRIAS', 'COVID', 'LAG_02', 'LAG_03', 'LAG_05', 'LAG_07', 'LAG_08', 'LAG_09', 'LAG_11');0.29937
('TEMP_MÉD_MIN_MENS', 'TEMP_MÉD_MÉD_MENS', 'TEMP_MÉD_ACC_MENS', 'TEMP_MIN_MIN_MENS', 'TEMP_MIN_MAX_MENS', 'TEMP_MIN_ACC_MENS', 'TEMP_MAX_MIN_MENS', 'PRECIPITAÇÃO_MIN_MENS', 'TEMP_MAX_ACC_MENS', 'PRECIPITAÇÃO_MAX_MENS', 'PRECIPITAÇÃO_ACC_MENS', 'DIA_DA_SEMANA_dom', 'DIA_DA_SEMANA_sex', 'DIA_DA_SEMANA_ter', 'MÊS_ago', 'MÊS_dez', 'MÊS_fev', 'MÊS_jan', 'MÊS_jul', 'MÊS_jun', 'MÊS_mai', 'MÊS_mar', 'ANO_2021', 'ANO_2022', 'ANO_2023', 'ANO_2024', 'ANO_2016', 'ANO_2017', 'ANO_2018', 'ANO_2019', 'CAMPUS_BARRACÃO', 'CAMPUS_CAMPO LARGO', 'CAMPUS_CAPANEMA', 'CAMPUS_CASCAVEL', 'CAMPUS_CORONEL VIVIDA', 'CAMPUS_CURITIBA', 'CAMPUS_JACAREZINHO', 'CAMPUS_JAGUARIAÍVA', 'CAMPUS_LONDRINA - CENTRO', 'CAMPUS_PALMAS', 'CAMPUS_PINHAIS', 'CAMPUS_QUEDAS DO IGUAÇU', 'CAMPUS_UMUARAMA', 'CAMPUS_UNIÃO DA VITÓRIA', 'CURSOS_TEC_INTEGRADO', 'CURSOS_GRAD_MATUTINO', 'CURSOS_GRAD_VESPERTINO', 'CURSOS_GRAD_NOTURNO', 'CURSOS_POS', 'COVID', 'LAG_01', 'LAG_02', 'LAG_03', 'LAG_04', 'LAG_06', 'LAG_07', 'LAG_08', 'LAG_09', 'LAG_11', 'LAG_12');0.29939
('TEMP_MIN_MÉD_MENS', 'TEMP_MÉD_MIN_MENS', 'TEMP_MÉD_MÉD_MENS', 'TEMP_MÉD_ACC_MENS', 'TEMP_MIN_MIN_MENS', 'TEMP_MIN_MAX_MENS', 'TEMP_MIN_ACC_MENS', 'TEMP_MAX_MIN_MENS', 'PRECIPITAÇÃO_MIN_MENS', 'TEMP_MAX_MAX_MENS', 'TEMP_MAX_ACC_MENS', 'PRECIPITAÇÃO_MAX_MENS', 'PRECIPITAÇÃO_ACC_MENS', 'DIA_DA_SEMANA_qua', 'DIA_DA_SEMANA_seg', 'DIA_DA_SEMANA_sex', 'DIA_DA_SEMANA_sáb', 'DIA_DA_SEMANA_ter', 'MÊS_abr', 'MÊS_ago', 'MÊS_jul', 'MÊS_jun', 'MÊS_mai', 'MÊS_mar', 'MÊS_nov', 'MÊS_out', 'MÊS_set', 'ANO_2023', 'ANO_2024', 'ANO_2016', 'ANO_2018', 'ANO_2019', 'ANO_2020', 'CAMPUS_ASTORGA', 'CAMPUS_BARRACÃO', 'CAMPUS_CAPANEMA', 'CAMPUS_CURITIBA', 'CAMPUS_GOIOERÊ', 'CAMPUS_IRATI', 'CAMPUS_IVAIPORÃ', 'CAMPUS_JACAREZINHO', 'CAMPUS_JAGUARIAÍVA', 'CAMPUS_LONDRINA - CENTRO', 'CAMPUS_PALMAS', 'CAMPUS_PARANAGUÁ', 'CAMPUS_PARANAVAÍ', 'CAMPUS_PINHAIS', 'CAMPUS_PITANGA', 'CURSOS_TEC_CONCOMITANTE', 'CURSOS_TEC_INTEGRADO', 'CURSOS_GRAD_MATUTINO', 'CURSOS_GRAD_NOTURNO', 'FÉRIAS', 'FERIADO', 'GREVE', 'ORDEM', 'LAG_01', 'LAG_06', 'LAG_07', 'LAG_09', 'LAG_10', 'LAG_11');0.2994
('TEMP_MIN_MÉD_MENS', 'TEMP_MÉD_MAX_MENS', 'TEMP_MÉD_ACC_MENS', 'TEMP_MAX_MÉD_MENS', 'PRECIPITAÇÃO_MÉD_MENS', 'TEMP_MIN_MAX_MENS', 'TEMP_MIN_ACC_MENS', 'TEMP_MAX_MIN_MENS', 'TEMP_MAX_MAX_MENS', 'TEMP_MAX_ACC_MENS', 'PRECIPITAÇÃO_MAX_MENS', 'DIA_DA_SEMANA_qui', 'DIA_DA_SEMANA_seg', 'DIA_DA_SEMANA_sex', 'DIA_DA_SEMANA_ter', 'MÊS_fev', 'MÊS_jul', 'MÊS_jun', 'MÊS_mai', 'MÊS_mar', 'MÊS_out', 'MÊS_set', 'ANO_2022', 'ANO_2023', 'ANO_2024', 'ANO_2016', 'ANO_2017', 'ANO_2018', 'ANO_2019', 'ANO_2020', 'CAMPUS_ASSIS CHATEAUBRIAND', 'CAMPUS_CAMPO LARGO', 'CAMPUS_CAPANEMA', 'CAMPUS_CURITIBA', 'CAMPUS_FOZ DO IGUAÇU', 'CAMPUS_GOIOERÊ', 'CAMPUS_IRATI', 'CAMPUS_JAGUARIAÍVA', 'CAMPUS_LONDRINA - CENTRO', 'CAMPUS_PARANAVAÍ', 'CAMPUS_TELÊMACO BORBA', 'CURSOS_TEC_INTEGRADO', 'CURSOS_GRAD_MATUTINO', 'CURSOS_GRAD_VESPERTINO', 'CURSOS_POS', 'FÉRIAS', 'FERIADO', 'COVID', 'LAG_01', 'LAG_02', 'LAG_03', 'LAG_04', 'LAG_05', 'LAG_06', 'LAG_07', 'LAG_09', 'LAG_10', 'LAG_12');0.29941
('TEMP_MIN_MÉD_MENS', 'TEMP_MÉD_ACC_MENS', 'TEMP_MIN_MIN_MENS', 'PRECIPITAÇÃO_MIN_MENS', 'PRECIPITAÇÃO_ACC_MENS', 'DIA_DA_SEMANA_dom', 'DIA_DA_SEMANA_qua', 'DIA_DA_SEMANA_qui', 'DIA_DA_SEMANA_seg', 'DIA_DA_SEMANA_sex', 'DIA_DA_SEMANA_sáb', 'DIA_DA_SEMANA_ter', 'MÊS_abr', 'MÊS_ago', 'MÊS_dez', 'MÊS_jan', 'MÊS_jul', 'MÊS_jun', 'MÊS_mai', 'MÊS_out', 'MÊS_set', 'ANO_2021', 'ANO_2022', 'ANO_2024', 'ANO_2017', 'ANO_2018', 'ANO_2019', 'ANO_2020', 'CAMPUS_ASSIS CHATEAUBRIAND', 'CAMPUS_ASTORGA', 'CAMPUS_BARRACÃO', 'CAMPUS_CAMPO LARGO', 'CAMPUS_CAPANEMA', 'CAMPUS_CASCAVEL', 'CAMPUS_CORONEL VIVIDA', 'CAMPUS_CURITIBA', 'CAMPUS_FOZ DO IGUAÇU', 'CAMPUS_IRATI', 'CAMPUS_JAGUARIAÍVA', 'CAMPUS_PALMAS', 'CAMPUS_PARANAGUÁ', 'CAMPUS_PARANAVAÍ', 'CAMPUS_PINHAIS', 'CAMPUS_PITANGA', 'CAMPUS_TELÊMACO BORBA', 'CAMPUS_UMUARAMA', 'CURSOS_TEC_CONCOMITANTE', 'CURSOS_TEC_INTEGRADO', 'CURSOS_TEC_SUBSEQUENTE', 'CURSOS_POS', 'COVID', 'GREVE', 'ORDEM', 'LAG_01', 'LAG_03', 'LAG_04', 'LAG_05', 'LAG_07', 'LAG_08', 'LAG_10', 'LAG_11');0.29941
('TEMP_MIN_MÉD_MENS', 'TEMP_MÉD_MIN_MENS', 'TEMP_MÉD_MAX_MENS', 'TEMP_MÉD_ACC_MENS', 'PRECIPITAÇÃO_MÉD_MENS', 'TEMP_MIN_MAX_MENS', 'TEMP_MAX_MIN_MENS', 'TEMP_MAX_MAX_MENS', 'TEMP_MAX_ACC_MENS', 'PRECIPITAÇÃO_MAX_MENS', 'DIA_DA_SEMANA_dom', 'DIA_DA_SEMANA_qua', 'DIA_DA_SEMANA_qui', 'DIA_DA_SEMANA_seg', 'DIA_DA_SEMANA_sex', 'MÊS_abr', 'MÊS_dez', 'MÊS_fev', 'MÊS_jan', 'MÊS_jun', 'MÊS_mai', 'MÊS_mar', 'MÊS_nov', 'MÊS_set', 'ANO_2021', 'ANO_2023', 'ANO_2015', 'ANO_2016', 'ANO_2017', 'ANO_2019', 'ANO_2020', 'CAMPUS_ASSIS CHATEAUBRIAND', 'CAMPUS_ASTORGA', 'CAMPUS_BARRACÃO', 'CAMPUS_CAMPO LARGO', 'CAMPUS_CAPANEMA', 'CAMPUS_CASCAVEL', 'CAMPUS_CURITIBA', 'CAMPUS_JAGUARIAÍVA', 'CAMPUS_PARANAGUÁ', 'CAMPUS_PARANAVAÍ', 'CAMPUS_PINHAIS', 'CAMPUS_PITANGA', 'CAMPUS_QUEDAS DO IGUAÇU', 'CAMPUS_TELÊMACO BORBA', 'CAMPUS_UMUARAMA', 'CURSOS_TEC_CONCOMITANTE', 'CURSOS_TEC_SUBSEQUENTE', 'CURSOS_GRAD_NOTURNO', 'CURSOS_POS', 'FÉRIAS', 'FERIADO', 'COVID', 'LAG_01', 'LAG_03', 'LAG_08', 'LAG_10', 'LAG_11', 'LAG_12');0.29943
('TEMP_MÉD_MÉD_MENS', 'TEMP_MÉD_MAX_MENS', 'PRECIPITAÇÃO_MÉD_MENS', 'TEMP_MIN_ACC_MENS', 'TEMP_MAX_MIN_MENS', 'PRECIPITAÇÃO_MIN_MENS', 'TEMP_MAX_MAX_MENS', 'DIA_DA_SEMANA_qua', 'DIA_DA_SEMANA_qui', 'DIA_DA_SEMANA_seg', 'DIA_DA_SEMANA_sáb', 'MÊS_abr', 'MÊS_ago', 'MÊS_jul', 'MÊS_jun', 'MÊS_mai', 'MÊS_mar', 'MÊS_nov', 'MÊS_set', 'ANO_2021', 'ANO_2022', 'ANO_2015', 'ANO_2016', 'CAMPUS_ASSIS CHATEAUBRIAND', 'CAMPUS_CAPANEMA', 'CAMPUS_CURITIBA', 'CAMPUS_FOZ DO IGUAÇU', 'CAMPUS_GOIOERÊ', 'CAMPUS_IRATI', 'CAMPUS_IVAIPORÃ', 'CAMPUS_JACAREZINHO', 'CAMPUS_JAGUARIAÍVA', 'CAMPUS_LONDRINA - CENTRO', 'CAMPUS_PALMAS', 'CAMPUS_PARANAGUÁ', 'CAMPUS_PITANGA', 'CAMPUS_TELÊMACO BORBA', 'CAMPUS_UMUARAMA', 'CAMPUS_UNIÃO DA VITÓRIA', 'CURSOS_TEC_INTEGRADO', 'CURSOS_TEC_SUBSEQUENTE', 'CURSOS_GRAD_MATUTINO', 'CURSOS_GRAD_VESPERTINO', 'CURSOS_POS', 'FÉRIAS', 'FERIADO', 'ORDEM', 'LAG_02', 'LAG_03', 'LAG_05', 'LAG_07', 'LAG_08', 'LAG_09', 'LAG_10');0.29952
('TEMP_MÉD_MÉD_MENS', 'TEMP_MÉD_MAX_MENS', 'TEMP_MÉD_ACC_MENS', 'TEMP_MAX_MÉD_MENS', 'PRECIPITAÇÃO_MÉD_MENS', 'TEMP_MIN_MIN_MENS', 'TEMP_MIN_ACC_MENS', 'TEMP_MAX_MIN_MENS', 'TEMP_MAX_ACC_MENS', 'PRECIPITAÇÃO_ACC_MENS', 'DIA_DA_SEMANA_qua', 'DIA_DA_SEMANA_qui', 'DIA_DA_SEMANA_sáb', 'MÊS_ago', 'MÊS_dez', 'MÊS_fev', 'MÊS_jan', 'MÊS_jun', 'MÊS_mar', 'MÊS_set', 'ANO_2022', 'ANO_2016', 'ANO_2019', 'ANO_2020', 'CAMPUS_ASTORGA', 'CAMPUS_BARRACÃO', 'CAMPUS_CAMPO LARGO', 'CAMPUS_CAPANEMA', 'CAMPUS_CASCAVEL', 'CAMPUS_CORONEL VIVIDA', 'CAMPUS_FOZ DO IGUAÇU', 'CAMPUS_GOIOERÊ', 'CAMPUS_IRATI', 'CAMPUS_IVAIPORÃ', 'CAMPUS_JACAREZINHO', 'CAMPUS_JAGUARIAÍVA', 'CAMPUS_PARANAGUÁ', 'CAMPUS_PINHAIS', 'CAMPUS_QUEDAS DO IGUAÇU', 'CAMPUS_TELÊMACO BORBA', 'CAMPUS_UMUARAMA', 'CAMPUS_UNIÃO DA VITÓRIA', 'CURSOS_TEC_CONCOMITANTE', 'CURSOS_TEC_INTEGRADO', 'CURSOS_GRAD_MATUTINO', 'CURSOS_POS', 'FÉRIAS', 'FERIADO', 'COVID', 'LAG_01', 'LAG_04', 'LAG_05', 'LAG_06', 'LAG_10', 'LAG_12');0.29956
('TEMP_MIN_MÉD_MENS', 'TEMP_MÉD_MAX_MENS', 'TEMP_MÉD_ACC_MENS', 'PRECIPITAÇÃO_MÉD_MENS', 'TEMP_MIN_MIN_MENS', 'TEMP_MIN_MAX_MENS', 'TEMP_MIN_ACC_MENS', 'TEMP_MAX_MIN_MENS', 'TEMP_MAX_MAX_MENS', 'TEMP_MAX_ACC_MENS', 'PRECIPITAÇÃO_MAX_MENS', 'DIA_DA_SEMANA_dom', 'DIA_DA_SEMANA_seg', 'DIA_DA_SEMANA_sex', 'MÊS_abr', 'MÊS_ago', 'MÊS_dez', 'MÊS_fev', 'MÊS_jan', 'MÊS_jun', 'MÊS_mai', 'MÊS_nov', 'MÊS_out', 'MÊS_set', 'ANO_2021', 'ANO_2022', 'ANO_2023', 'ANO_2015', 'ANO_2018', 'ANO_2020', 'CAMPUS_ASSIS CHATEAUBRIAND', 'CAMPUS_CAPANEMA', 'CAMPUS_CASCAVEL', 'CAMPUS_CURITIBA', 'CAMPUS_FOZ DO IGUAÇU', 'CAMPUS_GOIOERÊ', 'CAMPUS_IRATI', 'CAMPUS_IVAIPORÃ', 'CAMPUS_JAGUARIAÍVA', 'CAMPUS_PARANAGUÁ', 'CAMPUS_PARANAVAÍ', 'CAMPUS_PINHAIS', 'CAMPUS_TELÊMACO BORBA', 'CAMPUS_UMUARAMA', 'CURSOS_TEC_CONCOMITANTE', 'CURSOS_TEC_SUBSEQUENTE', 'CURSOS_GRAD_VESPERTINO', 'CURSOS_GRAD_NOTURNO', 'FÉRIAS', 'FERIADO', 'ORDEM', 'LAG_01', 'LAG_02', 'LAG_04', 'LAG_05', 'LAG_07', 'LAG_08', 'LAG_09', 'LAG_11');0.2996
('TEMP_MIN_MÉD_MENS', 'TEMP_MÉD_MIN_MENS', 'PRECIPITAÇÃO_MÉD_MENS', 'TEMP_MIN_MIN_MENS', 'TEMP_MIN_MAX_MENS', 'TEMP_MIN_ACC_MENS', 'TEMP_MAX_MAX_MENS', 'PRECIPITAÇÃO_MAX_MENS', 'PRECIPITAÇÃO_ACC_MENS', 'DIA_DA_SEMANA_dom', 'DIA_DA_SEMANA_qua', 'DIA_DA_SEMANA_qui', 'MÊS_abr', 'MÊS_dez', 'MÊS_jan', 'MÊS_mar', 'MÊS_nov', 'MÊS_out', 'ANO_2021', 'ANO_2023', 'ANO_2024', 'ANO_2015', 'ANO_2016', 'ANO_2017', 'ANO_2018', 'ANO_2019', 'CAMPUS_ASSIS CHATEAUBRIAND', 'CAMPUS_CAMPO LARGO', 'CAMPUS_CORONEL VIVIDA', 'CAMPUS_CURITIBA', 'CAMPUS_FOZ DO IGUAÇU', 'CAMPUS_IRATI', 'CAMPUS_JACAREZINHO', 'CAMPUS_JAGUARIAÍVA', 'CAMPUS_LONDRINA - CENTRO', 'CAMPUS_PALMAS', 'CAMPUS_PINHAIS', 'CAMPUS_UMUARAMA', 'CURSOS_TEC_INTEGRADO', 'CURSOS_TEC_SUBSEQUENTE', 'CURSOS_GRAD_MATUTINO', 'CURSOS_GRAD_VESPERTINO', 'CURSOS_GRAD_NOTURNO', 'CURSOS_POS', 'FÉRIAS', 'FERIADO', 'COVID', 'ORDEM', 'LAG_02', 'LAG_04', 'LAG_07', 'LAG_12');0.29962
('TEMP_MÉD_MIN_MENS', 'TEMP_MÉD_MAX_MENS', 'TEMP_MAX_MÉD_MENS', 'PRECIPITAÇÃO_MÉD_MENS', 'TEMP_MIN_MIN_MENS', 'TEMP_MIN_MAX_MENS', 'TEMP_MIN_ACC_MENS', 'TEMP_MAX_MIN_MENS', 'TEMP_MAX_MAX_MENS', 'DIA_DA_SEMANA_dom', 'DIA_DA_SEMANA_seg', 'MÊS_abr', 'MÊS_fev', 'MÊS_jul', 'MÊS_jun', 'MÊS_mai', 'MÊS_nov', 'MÊS_set', 'ANO_2022', 'ANO_2023', 'ANO_2016', 'ANO_2018', 'ANO_2020', 'CAMPUS_ASSIS CHATEAUBRIAND', 'CAMPUS_ASTORGA', 'CAMPUS_BARRACÃO', 'CAMPUS_CAMPO LARGO', 'CAMPUS_CAPANEMA', 'CAMPUS_CASCAVEL', 'CAMPUS_CURITIBA', 'CAMPUS_GOIOERÊ', 'CAMPUS_IRATI', 'CAMPUS_JACAREZINHO', 'CAMPUS_PALMAS', 'CAMPUS_PITANGA', 'CAMPUS_UMUARAMA', 'CAMPUS_UNIÃO DA VITÓRIA', 'CURSOS_TEC_CONCOMITANTE', 'CURSOS_GRAD_MATUTINO', 'CURSOS_GRAD_VESPERTINO', 'FÉRIAS', 'ORDEM', 'LAG_03', 'LAG_04', 'LAG_05', 'LAG_07', 'LAG_08', 'LAG_09', 'LAG_10');0.29964
('TEMP_MÉD_MIN_MENS', 'TEMP_MÉD_MÉD_MENS', 'TEMP_MÉD_MAX_MENS', 'PRECIPITAÇÃO_MÉD_MENS', 'TEMP_MIN_MAX_MENS', 'TEMP_MIN_ACC_MENS', 'PRECIPITAÇÃO_MIN_MENS', 'TEMP_MAX_MAX_MENS', 'PRECIPITAÇÃO_MAX_MENS', 'PRECIPITAÇÃO_ACC_MENS', 'DIA_DA_SEMANA_qua', 'DIA_DA_SEMANA_seg', 'DIA_DA_SEMANA_sex', 'DIA_DA_SEMANA_sáb', 'DIA_DA_SEMANA_ter', 'MÊS_abr', 'MÊS_ago', 'MÊS_dez', 'MÊS_fev', 'MÊS_jan', 'MÊS_jul', 'MÊS_jun', 'MÊS_mar', 'MÊS_nov', 'MÊS_out', 'ANO_2021', 'ANO_2024', 'ANO_2015', 'ANO_2016', 'ANO_2017', 'ANO_2019', 'ANO_2020', 'CAMPUS_ASSIS CHATEAUBRIAND', 'CAMPUS_FOZ DO IGUAÇU', 'CAMPUS_GOIOERÊ', 'CAMPUS_JACAREZINHO', 'CAMPUS_PARANAVAÍ', 'CAMPUS_QUEDAS DO IGUAÇU', 'CAMPUS_TELÊMACO BORBA', 'CAMPUS_UMUARAMA', 'CURSOS_TEC_CONCOMITANTE', 'FERIADO', 'COVID', 'GREVE', 'ORDEM', 'LAG_02', 'LAG_04', 'LAG_06', 'LAG_09', 'LAG_11');0.29965
('TEMP_MIN_MÉD_MENS', 'TEMP_MÉD_MIN_MENS', 'TEMP_MÉD_MAX_MENS', 'TEMP_MÉD_ACC_MENS', 'TEMP_MIN_MIN_MENS', 'TEMP_MIN_ACC_MENS', 'TEMP_MAX_MIN_MENS', 'PRECIPITAÇÃO_MIN_MENS', 'TEMP_MAX_ACC_MENS', 'DIA_DA_SEMANA_dom', 'DIA_DA_SEMANA_qua', 'DIA_DA_SEMANA_qui', 'DIA_DA_SEMANA_seg', 'DIA_DA_SEMANA_sex', 'DIA_DA_SEMANA_sáb', 'MÊS_abr', 'MÊS_ago', 'MÊS_dez', 'MÊS_fev', 'MÊS_jul', 'MÊS_mar', 'MÊS_set', 'ANO_2022', 'ANO_2023', 'ANO_2024', 'ANO_2016', 'ANO_2018', 'ANO_2019', 'ANO_2020', 'CAMPUS_ASSIS CHATEAUBRIAND', 'CAMPUS_ASTORGA', 'CAMPUS_BARRACÃO', 'CAMPUS_CAPANEMA', 'CAMPUS_CASCAVEL', 'CAMPUS_CORONEL VIVIDA', 'CAMPUS_IRATI', 'CAMPUS_JACAREZINHO', 'CAMPUS_JAGUARIAÍVA', 'CAMPUS_LONDRINA - CENTRO', 'CAMPUS_PALMAS', 'CAMPUS_PINHAIS', 'CAMPUS_TELÊMACO BORBA', 'CAMPUS_UMUARAMA', 'CURSOS_TEC_INTEGRADO', 'CURSOS_TEC_SUBSEQUENTE', 'CURSOS_GRAD_NOTURNO', 'FERIADO', 'COVID', 'ORDEM', 'LAG_01', 'LAG_05', 'LAG_07', 'LAG_11', 'LAG_12');0.29966
('TEMP_MIN_MÉD_MENS', 'TEMP_MÉD_MIN_MENS', 'TEMP_MÉD_MÉD_MENS', 'TEMP_MÉD_MAX_MENS', 'TEMP_MAX_MÉD_MENS', 'TEMP_MIN_MIN_MENS', 'TEMP_MIN_MAX_MENS', 'TEMP_MAX_MIN_MENS', 'PRECIPITAÇÃO_MIN_MENS', 'TEMP_MAX_MAX_MENS', 'TEMP_MAX_ACC_MENS', 'DIA_DA_SEMANA_qui', 'DIA_DA_SEMANA_seg', 'DIA_DA_SEMANA_sex', 'DIA_DA_SEMANA_sáb', 'MÊS_abr', 'MÊS_ago', 'MÊS_fev', 'MÊS_jan', 'MÊS_jun', 'MÊS_mar', 'MÊS_nov', 'MÊS_out', 'MÊS_set', 'ANO_2021', 'ANO_2022', 'ANO_2023', 'ANO_2024', 'ANO_2016', 'ANO_2019', 'CAMPUS_ASSIS CHATEAUBRIAND', 'CAMPUS_BARRACÃO', 'CAMPUS_CAMPO LARGO', 'CAMPUS_CAPANEMA', 'CAMPUS_CORONEL VIVIDA', 'CAMPUS_IRATI', 'CAMPUS_JACAREZINHO', 'CAMPUS_PALMAS', 'CAMPUS_PARANAVAÍ', 'CAMPUS_PINHAIS', 'CAMPUS_PITANGA', 'CAMPUS_TELÊMACO BORBA', 'CAMPUS_UNIÃO DA VITÓRIA', 'CURSOS_TEC_CONCOMITANTE', 'CURSOS_TEC_INTEGRADO', 'CURSOS_GRAD_MATUTINO', 'CURSOS_GRAD_VESPERTINO', 'CURSOS_GRAD_NOTURNO', 'CURSOS_POS', 'FÉRIAS', 'FERIADO', 'ORDEM', 'LAG_01', 'LAG_04', 'LAG_05', 'LAG_06', 'LAG_08', 'LAG_09', 'LAG_11', 'LAG_12');0.29968
('TEMP_MÉD_MIN_MENS', 'TEMP_MÉD_MÉD_MENS', 'TEMP_MÉD_MAX_MENS', 'TEMP_MÉD_ACC_MENS', 'PRECIPITAÇÃO_MÉD_MENS', 'TEMP_MIN_MIN_MENS', 'TEMP_MAX_MIN_MENS', 'TEMP_MAX_MAX_MENS', 'PRECIPITAÇÃO_MAX_MENS', 'DIA_DA_SEMANA_dom', 'DIA_DA_SEMANA_qua', 'DIA_DA_SEMANA_sex', 'DIA_DA_SEMANA_sáb', 'DIA_DA_SEMANA_ter', 'MÊS_ago', 'MÊS_fev', 'MÊS_jan', 'MÊS_jun', 'MÊS_mai', 'MÊS_mar', 'MÊS_nov', 'MÊS_out', 'ANO_2024', 'ANO_2015', 'ANO_2016', 'ANO_2017', 'ANO_2019', 'ANO_2020', 'CAMPUS_ASTORGA', 'CAMPUS_BARRACÃO', 'CAMPUS_CAPANEMA', 'CAMPUS_CASCAVEL', 'CAMPUS_CORONEL VIVIDA', 'CAMPUS_FOZ DO IGUAÇU', 'CAMPUS_GOIOERÊ', 'CAMPUS_IRATI', 'CAMPUS_IVAIPORÃ', 'CAMPUS_JACAREZINHO', 'CAMPUS_JAGUARIAÍVA', 'CAMPUS_PALMAS', 'CAMPUS_PINHAIS', 'CAMPUS_PITANGA', 'CAMPUS_TELÊMACO BORBA', 'CURSOS_TEC_CONCOMITANTE', 'CURSOS_TEC_INTEGRADO', 'CURSOS_TEC_SUBSEQUENTE', 'FÉRIAS', 'COVID', 'LAG_01', 'LAG_02', 'LAG_03', 'LAG_05', 'LAG_06', 'LAG_08', 'LAG_10', 'LAG_11', 'LAG_12');0.29974
('TEMP_MÉD_MAX_MENS', 'TEMP_MÉD_ACC_MENS', 'TEMP_MAX_MÉD_MENS', 'PRECIPITAÇÃO_MÉD_MENS', 'TEMP_MIN_MIN_MENS', 'TEMP_MIN_ACC_MENS', 'TEMP_MAX_MIN_MENS', 'PRECIPITAÇÃO_MIN_MENS', 'TEMP_MAX_MAX_MENS', 'TEMP_MAX_ACC_MENS', 'DIA_DA_SEMANA_dom', 'DIA_DA_SEMANA_qua', 'DIA_DA_SEMANA_qui', 'DIA_DA_SEMANA_seg', 'DIA_DA_SEMANA_sex', 'DIA_DA_SEMANA_ter', 'MÊS_abr', 'MÊS_dez', 'MÊS_fev', 'MÊS_jul', 'MÊS_mai', 'MÊS_mar', 'MÊS_nov', 'MÊS_out', 'MÊS_set', 'ANO_2021', 'ANO_2022', 'ANO_2023', 'ANO_2015', 'ANO_2016', 'ANO_2018', 'ANO_2019', 'CAMPUS_ASTORGA', 'CAMPUS_CAMPO LARGO', 'CAMPUS_CASCAVEL', 'CAMPUS_CORONEL VIVIDA', 'CAMPUS_CURITIBA', 'CAMPUS_FOZ DO IGUAÇU', 'CAMPUS_IVAIPORÃ', 'CAMPUS_PARANAGUÁ', 'CAMPUS_PARANAVAÍ', 'CAMPUS_PITANGA', 'CAMPUS_QUEDAS DO IGUAÇU', 'CAMPUS_UMUARAMA', 'CURSOS_TEC_INTEGRADO', 'CURSOS_TEC_SUBSEQUENTE', 'CURSOS_GRAD_VESPERTINO', 'CURSOS_GRAD_NOTURNO', 'CURSOS_POS', 'FÉRIAS', 'COVID', 'GREVE', 'ORDEM', 'LAG_01', 'LAG_02', 'LAG_03', 'LAG_04', 'LAG_05', 'LAG_07', 'LAG_09', 'LAG_10', 'LAG_12');0.29986
('TEMP_MÉD_MIN_MENS', 'TEMP_MÉD_ACC_MENS', 'PRECIPITAÇÃO_MÉD_MENS', 'TEMP_MIN_MIN_MENS', 'TEMP_MIN_ACC_MENS', 'PRECIPITAÇÃO_MIN_MENS', 'TEMP_MAX_MAX_MENS', 'PRECIPITAÇÃO_MAX_MENS', 'PRECIPITAÇÃO_ACC_MENS', 'DIA_DA_SEMANA_dom', 'DIA_DA_SEMANA_qua', 'DIA_DA_SEMANA_seg', 'DIA_DA_SEMANA_sex', 'DIA_DA_SEMANA_sáb', 'DIA_DA_SEMANA_ter', 'MÊS_ago', 'MÊS_dez', 'MÊS_fev', 'MÊS_out', 'MÊS_set', 'ANO_2024', 'ANO_2015', 'ANO_2018', 'ANO_2019', 'CAMPUS_ASSIS CHATEAUBRIAND', 'CAMPUS_ASTORGA', 'CAMPUS_BARRACÃO', 'CAMPUS_CASCAVEL', 'CAMPUS_CORONEL VIVIDA', 'CAMPUS_GOIOERÊ', 'CAMPUS_IVAIPORÃ', 'CAMPUS_JACAREZINHO', 'CAMPUS_JAGUARIAÍVA', 'CAMPUS_PALMAS', 'CAMPUS_PARANAVAÍ', 'CAMPUS_QUEDAS DO IGUAÇU', 'CAMPUS_TELÊMACO BORBA', 'CURSOS_TEC_CONCOMITANTE', 'CURSOS_TEC_INTEGRADO', 'CURSOS_TEC_SUBSEQUENTE', 'CURSOS_GRAD_MATUTINO', 'CURSOS_GRAD_NOTURNO', 'FÉRIAS', 'ORDEM', 'LAG_01', 'LAG_02', 'LAG_03', 'LAG_04', 'LAG_06', 'LAG_07', 'LAG_10', 'LAG_11');0.29987
('TEMP_MÉD_MIN_MENS', 'TEMP_MÉD_MÉD_MENS', 'TEMP_MÉD_MAX_MENS', 'TEMP_MAX_MÉD_MENS', 'PRECIPITAÇÃO_MÉD_MENS', 'TEMP_MIN_MIN_MENS', 'TEMP_MIN_ACC_MENS', 'TEMP_MAX_MIN_MENS', 'TEMP_MAX_MAX_MENS', 'TEMP_MAX_ACC_MENS', 'PRECIPITAÇÃO_MAX_MENS', 'PRECIPITAÇÃO_ACC_MENS', 'DIA_DA_SEMANA_dom', 'DIA_DA_SEMANA_qua', 'DIA_DA_SEMANA_qui', 'DIA_DA_SEMANA_seg', 'DIA_DA_SEMANA_sex', 'DIA_DA_SEMANA_sáb', 'DIA_DA_SEMANA_ter', 'MÊS_dez', 'MÊS_jan', 'MÊS_jun', 'MÊS_mar', 'MÊS_nov', 'MÊS_out', 'ANO_2021', 'ANO_2023', 'ANO_2015', 'ANO_2019', 'CAMPUS_ASSIS CHATEAUBRIAND', 'CAMPUS_ASTORGA', 'CAMPUS_BARRACÃO', 'CAMPUS_CAPANEMA', 'CAMPUS_CASCAVEL', 'CAMPUS_CORONEL VIVIDA', 'CAMPUS_FOZ DO IGUAÇU', 'CAMPUS_IVAIPORÃ', 'CAMPUS_LONDRINA - CENTRO', 'CAMPUS_PALMAS', 'CAMPUS_PARANAGUÁ', 'CAMPUS_PINHAIS', 'CAMPUS_PITANGA', 'CAMPUS_QUEDAS DO IGUAÇU', 'CAMPUS_TELÊMACO BORBA', 'CAMPUS_UNIÃO DA VITÓRIA', 'CURSOS_TEC_CONCOMITANTE', 'CURSOS_TEC_SUBSEQUENTE', 'CURSOS_GRAD_VESPERTINO', 'CURSOS_GRAD_NOTURNO', 'CURSOS_POS', 'FERIADO', 'COVID', 'GREVE', 'ORDEM', 'LAG_01', 'LAG_03', 'LAG_06', 'LAG_07', 'LAG_08', 'LAG_10', 'LAG_11');0.29991
('TEMP_MÉD_MIN_MENS', 'TEMP_MÉD_MAX_MENS', 'PRECIPITAÇÃO_MÉD_MENS', 'TEMP_MIN_MIN_MENS', 'PRECIPITAÇÃO_MIN_MENS', 'TEMP_MAX_ACC_MENS', 'PRECIPITAÇÃO_MAX_MENS', 'PRECIPITAÇÃO_ACC_MENS', 'DIA_DA_SEMANA_dom', 'DIA_DA_SEMANA_qua', 'DIA_DA_SEMANA_qui', 'DIA_DA_SEMANA_sáb', 'DIA_DA_SEMANA_ter', 'MÊS_ago', 'MÊS_dez', 'MÊS_fev', 'MÊS_jul', 'MÊS_jun', 'MÊS_mar', 'MÊS_nov', 'ANO_2023', 'ANO_2024', 'ANO_2015', 'ANO_2016', 'ANO_2018', 'ANO_2019', 'CAMPUS_ASSIS CHATEAUBRIAND', 'CAMPUS_ASTORGA', 'CAMPUS_CAMPO LARGO', 'CAMPUS_CORONEL VIVIDA', 'CAMPUS_IRATI', 'CAMPUS_JACAREZINHO', 'CAMPUS_LONDRINA - CENTRO', 'CAMPUS_PARANAGUÁ', 'CAMPUS_PARANAVAÍ', 'CAMPUS_PINHAIS', 'CAMPUS_PITANGA', 'CAMPUS_QUEDAS DO IGUAÇU', 'CAMPUS_TELÊMACO BORBA', 'CAMPUS_UMUARAMA', 'CURSOS_TEC_SUBSEQUENTE', 'CURSOS_POS', 'FÉRIAS', 'GREVE', 'ORDEM', 'LAG_01', 'LAG_02', 'LAG_03', 'LAG_04', 'LAG_05', 'LAG_06', 'LAG_09', 'LAG_12');0.29991
('TEMP_MIN_MÉD_MENS', 'TEMP_MÉD_MIN_MENS', 'TEMP_MÉD_MÉD_MENS', 'TEMP_MÉD_MAX_MENS', 'TEMP_MAX_MÉD_MENS', 'PRECIPITAÇÃO_MÉD_MENS', 'TEMP_MIN_MIN_MENS', 'TEMP_MAX_MIN_MENS', 'TEMP_MAX_MAX_MENS', 'TEMP_MAX_ACC_MENS', 'DIA_DA_SEMANA_qua', 'DIA_DA_SEMANA_ter', 'MÊS_fev', 'MÊS_jan', 'MÊS_jul', 'MÊS_jun', 'MÊS_mar', 'MÊS_set', 'ANO_2021', 'ANO_2022', 'ANO_2015', 'ANO_2016', 'ANO_2017', 'ANO_2018', 'ANO_2019', 'CAMPUS_ASSIS CHATEAUBRIAND', 'CAMPUS_CAMPO LARGO', 'CAMPUS_CASCAVEL', 'CAMPUS_CORONEL VIVIDA', 'CAMPUS_CURITIBA', 'CAMPUS_FOZ DO IGUAÇU', 'CAMPUS_GOIOERÊ', 'CAMPUS_IVAIPORÃ', 'CAMPUS_JAGUARIAÍVA', 'CAMPUS_LONDRINA - CENTRO', 'CAMPUS_PALMAS', 'CAMPUS_PINHAIS', 'CAMPUS_PITANGA', 'CAMPUS_QUEDAS DO IGUAÇU', 'CAMPUS_UNIÃO DA VITÓRIA', 'CURSOS_TEC_CONCOMITANTE', 'CURSOS_TEC_INTEGRADO', 'CURSOS_GRAD_MATUTINO', 'CURSOS_GRAD_VESPERTINO', 'CURSOS_GRAD_NOTURNO', 'CURSOS_POS', 'FÉRIAS', 'COVID', 'LAG_01', 'LAG_05', 'LAG_08', 'LAG_11', 'LAG_12');0.29994
('TEMP_MÉD_MIN_MENS', 'TEMP_MÉD_MAX_MENS', 'TEMP_MÉD_ACC_MENS', 'TEMP_MAX_MÉD_MENS', 'PRECIPITAÇÃO_MÉD_MENS', 'TEMP_MIN_MIN_MENS', 'TEMP_MIN_MAX_MENS', 'TEMP_MIN_ACC_MENS', 'TEMP_MAX_MIN_MENS', 'PRECIPITAÇÃO_MIN_MENS', 'TEMP_MAX_ACC_MENS', 'PRECIPITAÇÃO_MAX_MENS', 'PRECIPITAÇÃO_ACC_MENS', 'DIA_DA_SEMANA_dom', 'DIA_DA_SEMANA_qua', 'DIA_DA_SEMANA_seg', 'DIA_DA_SEMANA_sáb', 'DIA_DA_SEMANA_ter', 'MÊS_abr', 'MÊS_ago', 'MÊS_dez', 'MÊS_fev', 'MÊS_mai', 'MÊS_mar', 'MÊS_nov', 'MÊS_out', 'ANO_2022', 'ANO_2017', 'ANO_2019', 'ANO_2020', 'CAMPUS_ASSIS CHATEAUBRIAND', 'CAMPUS_ASTORGA', 'CAMPUS_CAPANEMA', 'CAMPUS_CASCAVEL', 'CAMPUS_CORONEL VIVIDA', 'CAMPUS_CURITIBA', 'CAMPUS_FOZ DO IGUAÇU', 'CAMPUS_GOIOERÊ', 'CAMPUS_IVAIPORÃ', 'CAMPUS_JAGUARIAÍVA', 'CAMPUS_LONDRINA - CENTRO', 'CAMPUS_PALMAS', 'CAMPUS_PITANGA', 'CAMPUS_TELÊMACO BORBA', 'CURSOS_TEC_CONCOMITANTE', 'CURSOS_TEC_INTEGRADO', 'CURSOS_GRAD_MATUTINO', 'CURSOS_GRAD_VESPERTINO', 'FÉRIAS', 'FERIADO', 'GREVE', 'LAG_01', 'LAG_02', 'LAG_03', 'LAG_04', 'LAG_05', 'LAG_06', 'LAG_07', 'LAG_09', 'LAG_10');0.3
('TEMP_MÉD_MIN_MENS', 'TEMP_MÉD_MÉD_MENS', 'PRECIPITAÇÃO_MÉD_MENS', 'TEMP_MIN_MIN_MENS', 'TEMP_MIN_MAX_MENS', 'TEMP_MIN_ACC_MENS', 'TEMP_MAX_MIN_MENS', 'PRECIPITAÇÃO_MIN_MENS', 'TEMP_MAX_MAX_MENS', 'PRECIPITAÇÃO_MAX_MENS', 'DIA_DA_SEMANA_qua', 'DIA_DA_SEMANA_qui', 'DIA_DA_SEMANA_sáb', 'MÊS_abr', 'MÊS_ago', 'MÊS_dez', 'MÊS_fev', 'MÊS_jan', 'MÊS_jul', 'MÊS_jun', 'MÊS_mai', 'MÊS_nov', 'ANO_2022', 'ANO_2023', 'ANO_2024', 'ANO_2015', 'ANO_2016', 'ANO_2017', 'ANO_2020', 'CAMPUS_ASTORGA', 'CAMPUS_CAPANEMA', 'CAMPUS_CASCAVEL', 'CAMPUS_GOIOERÊ', 'CAMPUS_IRATI', 'CAMPUS_IVAIPORÃ', 'CAMPUS_JACAREZINHO', 'CAMPUS_JAGUARIAÍVA', 'CAMPUS_LONDRINA - CENTRO', 'CAMPUS_PALMAS', 'CAMPUS_PARANAVAÍ', 'CAMPUS_PINHAIS', 'CAMPUS_PITANGA', 'CAMPUS_TELÊMACO BORBA', 'CURSOS_TEC_CONCOMITANTE', 'CURSOS_TEC_INTEGRADO', 'CURSOS_TEC_SUBSEQUENTE', 'CURSOS_GRAD_VESPERTINO', 'FÉRIAS', 'FERIADO', 'GREVE', 'ORDEM', 'LAG_01', 'LAG_02', 'LAG_03', 'LAG_04', 'LAG_05', 'LAG_07', 'LAG_08', 'LAG_09', 'LAG_10', 'LAG_11', 'LAG_12');0.30005
('TEMP_MÉD_MAX_MENS', 'TEMP_MÉD_ACC_MENS', 'TEMP_MIN_MIN_MENS', 'TEMP_MIN_MAX_MENS', 'PRECIPITAÇÃO_MIN_MENS', 'TEMP_MAX_MAX_MENS', 'DIA_DA_SEMANA_dom', 'DIA_DA_SEMANA_seg', 'DIA_DA_SEMANA_sáb', 'DIA_DA_SEMANA_ter', 'MÊS_abr', 'MÊS_ago', 'MÊS_dez', 'MÊS_fev', 'MÊS_jan', 'MÊS_jun', 'MÊS_mar', 'MÊS_out', 'MÊS_set', 'ANO_2021', 'ANO_2023', 'ANO_2024', 'ANO_2015', 'ANO_2016', 'ANO_2018', 'ANO_2020', 'CAMPUS_ASSIS CHATEAUBRIAND', 'CAMPUS_CAMPO LARGO', 'CAMPUS_CAPANEMA', 'CAMPUS_FOZ DO IGUAÇU', 'CAMPUS_GOIOERÊ', 'CAMPUS_IRATI', 'CAMPUS_IVAIPORÃ', 'CAMPUS_JAGUARIAÍVA', 'CAMPUS_LONDRINA - CENTRO', 'CAMPUS_PALMAS', 'CAMPUS_PARANAVAÍ', 'CAMPUS_PINHAIS', 'CAMPUS_QUEDAS DO IGUAÇU', 'CAMPUS_TELÊMACO BORBA', 'CAMPUS_UMUARAMA', 'CAMPUS_UNIÃO DA VITÓRIA', 'CURSOS_TEC_CONCOMITANTE', 'CURSOS_TEC_INTEGRADO', 'CURSOS_TEC_SUBSEQUENTE', 'CURSOS_GRAD_MATUTINO', 'CURSOS_GRAD_VESPERTINO', 'CURSOS_GRAD_NOTURNO', 'CURSOS_POS', 'COVID', 'ORDEM', 'LAG_01', 'LAG_03', 'LAG_05', 'LAG_06', 'LAG_07', 'LAG_08', 'LAG_11', 'LAG_12');0.30005
('TEMP_MIN_MÉD_MENS', 'TEMP_MÉD_MIN_MENS', 'TEMP_MÉD_MÉD_MENS', 'TEMP_MÉD_MAX_MENS', 'TEMP_MÉD_ACC_MENS', 'PRECIPITAÇÃO_MÉD_MENS', 'TEMP_MIN_MAX_MENS', 'TEMP_MIN_ACC_MENS', 'PRECIPITAÇÃO_MIN_MENS', 'TEMP_MAX_ACC_MENS', 'PRECIPITAÇÃO_MAX_MENS', 'DIA_DA_SEMANA_seg', 'DIA_DA_SEMANA_sex', 'MÊS_ago', 'MÊS_dez', 'MÊS_fev', 'MÊS_jul', 'MÊS_jun', 'MÊS_mai', 'MÊS_nov', 'MÊS_out', 'MÊS_set', 'ANO_2021', 'ANO_2022', 'ANO_2024', 'ANO_2015', 'ANO_2016', 'ANO_2017', 'CAMPUS_BARRACÃO', 'CAMPUS_CAPANEMA', 'CAMPUS_CASCAVEL', 'CAMPUS_CORONEL VIVIDA', 'CAMPUS_GOIOERÊ', 'CAMPUS_IRATI', 'CAMPUS_IVAIPORÃ', 'CAMPUS_JACAREZINHO', 'CAMPUS_PALMAS', 'CAMPUS_PARANAGUÁ', 'CAMPUS_QUEDAS DO IGUAÇU', 'CAMPUS_TELÊMACO BORBA', 'CAMPUS_UNIÃO DA VITÓRIA', 'CURSOS_TEC_INTEGRADO', 'CURSOS_TEC_SUBSEQUENTE', 'CURSOS_GRAD_MATUTINO', 'CURSOS_GRAD_VESPERTINO', 'CURSOS_GRAD_NOTURNO', 'CURSOS_POS', 'FÉRIAS', 'FERIADO', 'COVID', 'GREVE', 'LAG_01', 'LAG_03', 'LAG_08', 'LAG_09', 'LAG_10', 'LAG_11', 'LAG_12');0.30017
('TEMP_MIN_MÉD_MENS', 'TEMP_MÉD_MAX_MENS', 'TEMP_MÉD_ACC_MENS', 'TEMP_MIN_MIN_MENS', 'TEMP_MIN_MAX_MENS', 'TEMP_MIN_ACC_MENS', 'TEMP_MAX_MIN_MENS', 'PRECIPITAÇÃO_ACC_MENS', 'DIA_DA_SEMANA_dom', 'DIA_DA_SEMANA_qui', 'DIA_DA_SEMANA_seg', 'DIA_DA_SEMANA_sex', 'DIA_DA_SEMANA_sáb', 'DIA_DA_SEMANA_ter', 'MÊS_abr', 'MÊS_ago', 'MÊS_dez', 'MÊS_fev', 'MÊS_jan', 'MÊS_jul', 'MÊS_jun', 'MÊS_mar', 'MÊS_nov', 'ANO_2022', 'ANO_2023', 'ANO_2016', 'ANO_2017', 'ANO_2019', 'ANO_2020', 'CAMPUS_ASSIS CHATEAUBRIAND', 'CAMPUS_ASTORGA', 'CAMPUS_BARRACÃO', 'CAMPUS_CAMPO LARGO', 'CAMPUS_CAPANEMA', 'CAMPUS_CORONEL VIVIDA', 'CAMPUS_CURITIBA', 'CAMPUS_FOZ DO IGUAÇU', 'CAMPUS_GOIOERÊ', 'CAMPUS_IRATI', 'CAMPUS_JAGUARIAÍVA', 'CAMPUS_PALMAS', 'CAMPUS_PARANAGUÁ', 'CAMPUS_PARANAVAÍ', 'CAMPUS_PINHAIS', 'CAMPUS_PITANGA', 'CAMPUS_TELÊMACO BORBA', 'CAMPUS_UMUARAMA', 'CURSOS_TEC_INTEGRADO', 'CURSOS_GRAD_MATUTINO', 'CURSOS_POS', 'FÉRIAS', 'GREVE', 'ORDEM', 'LAG_01', 'LAG_03', 'LAG_05', 'LAG_07', 'LAG_08', 'LAG_09', 'LAG_10', 'LAG_11');0.30031
('TEMP_MÉD_MÉD_MENS', 'TEMP_MÉD_MAX_MENS', 'TEMP_MAX_MÉD_MENS', 'PRECIPITAÇÃO_MÉD_MENS', 'TEMP_MIN_MIN_MENS', 'TEMP_MIN_MAX_MENS', 'TEMP_MIN_ACC_MENS', 'PRECIPITAÇÃO_MIN_MENS', 'TEMP_MAX_MAX_MENS', 'TEMP_MAX_ACC_MENS', 'PRECIPITAÇÃO_MAX_MENS', 'PRECIPITAÇÃO_ACC_MENS', 'DIA_DA_SEMANA_qua', 'DIA_DA_SEMANA_sex', 'DIA_DA_SEMANA_ter', 'MÊS_dez', 'MÊS_fev', 'MÊS_jan', 'MÊS_mai', 'MÊS_nov', 'MÊS_out', 'ANO_2021', 'ANO_2023', 'ANO_2015', 'ANO_2016', 'ANO_2017', 'ANO_2020', 'CAMPUS_ASTORGA', 'CAMPUS_BARRACÃO', 'CAMPUS_CAPANEMA', 'CAMPUS_CASCAVEL', 'CAMPUS_CORONEL VIVIDA', 'CAMPUS_FOZ DO IGUAÇU', 'CAMPUS_GOIOERÊ', 'CAMPUS_IRATI', 'CAMPUS_LONDRINA - CENTRO', 'CAMPUS_PARANAVAÍ', 'CAMPUS_PITANGA', 'CAMPUS_QUEDAS DO IGUAÇU', 'CAMPUS_TELÊMACO BORBA', 'CURSOS_TEC_CONCOMITANTE', 'CURSOS_TEC_INTEGRADO', 'CURSOS_TEC_SUBSEQUENTE', 'CURSOS_GRAD_MATUTINO', 'CURSOS_GRAD_VESPERTINO', 'FÉRIAS', 'FERIADO', 'GREVE', 'ORDEM', 'LAG_02', 'LAG_03', 'LAG_05', 'LAG_06', 'LAG_08', 'LAG_10', 'LAG_11', 'LAG_12');0.30035
('TEMP_MIN_MÉD_MENS', 'TEMP_MÉD_MIN_MENS', 'PRECIPITAÇÃO_MÉD_MENS', 'TEMP_MIN_MAX_MENS', 'TEMP_MIN_ACC_MENS', 'TEMP_MAX_MIN_MENS', 'PRECIPITAÇÃO_MIN_MENS', 'TEMP_MAX_MAX_MENS', 'PRECIPITAÇÃO_ACC_MENS', 'DIA_DA_SEMANA_dom', 'DIA_DA_SEMANA_qua', 'DIA_DA_SEMANA_sex', 'DIA_DA_SEMANA_ter', 'MÊS_abr', 'MÊS_ago', 'MÊS_dez', 'MÊS_fev', 'MÊS_jan', 'MÊS_jul', 'MÊS_jun', 'MÊS_mar', 'ANO_2021', 'ANO_2022', 'ANO_2023', 'ANO_2024', 'ANO_2018', 'ANO_2019', 'ANO_2020', 'CAMPUS_CAMPO LARGO', 'CAMPUS_CURITIBA', 'CAMPUS_FOZ DO IGUAÇU', 'CAMPUS_GOIOERÊ', 'CAMPUS_IRATI', 'CAMPUS_IVAIPORÃ', 'CAMPUS_JACAREZINHO', 'CAMPUS_PALMAS', 'CAMPUS_PARANAGUÁ', 'CAMPUS_PINHAIS', 'CAMPUS_PITANGA', 'CAMPUS_TELÊMACO BORBA', 'CAMPUS_UMUARAMA', 'CURSOS_TEC_INTEGRADO', 'CURSOS_GRAD_VESPERTINO', 'FÉRIAS', 'FERIADO', 'LAG_01', 'LAG_06', 'LAG_07', 'LAG_10', 'LAG_11');0.30037
('TEMP_MIN_MÉD_MENS', 'TEMP_MÉD_MIN_MENS', 'TEMP_MÉD_MÉD_MENS', 'TEMP_MÉD_MAX_MENS', 'TEMP_MÉD_ACC_MENS', 'TEMP_MAX_MÉD_MENS', 'PRECIPITAÇÃO_MÉD_MENS', 'TEMP_MIN_MIN_MENS', 'TEMP_MIN_MAX_MENS', 'TEMP_MAX_MIN_MENS', 'PRECIPITAÇÃO_MIN_MENS', 'TEMP_MAX_MAX_MENS', 'DIA_DA_SEMANA_ter', 'MÊS_abr', 'MÊS_ago', 'MÊS_dez', 'MÊS_jul', 'MÊS_jun', 'MÊS_mai', 'MÊS_nov', 'MÊS_out', 'MÊS_set', 'ANO_2021', 'ANO_2023', 'ANO_2024', 'ANO_2015', 'ANO_2020', 'CAMPUS_CAPANEMA', 'CAMPUS_CORONEL VIVIDA', 'CAMPUS_CURITIBA', 'CAMPUS_GOIOERÊ', 'CAMPUS_IRATI', 'CAMPUS_JAGUARIAÍVA', 'CAMPUS_LONDRINA - CENTRO', 'CAMPUS_PALMAS', 'CAMPUS_QUEDAS DO IGUAÇU', 'CAMPUS_TELÊMACO BORBA', 'CAMPUS_UMUARAMA', 'CAMPUS_UNIÃO DA VITÓRIA', 'CURSOS_TEC_CONCOMITANTE', 'CURSOS_TEC_INTEGRADO', 'CURSOS_TEC_SUBSEQUENTE', 'CURSOS_GRAD_VESPERTINO', 'CURSOS_POS', 'LAG_03', 'LAG_04', 'LAG_06', 'LAG_07', 'LAG_08', 'LAG_09', 'LAG_11');0.30039
('TEMP_MÉD_MAX_MENS', 'TEMP_MAX_MÉD_MENS', 'TEMP_MIN_MAX_MENS', 'TEMP_MIN_ACC_MENS', 'TEMP_MAX_MAX_MENS', 'TEMP_MAX_ACC_MENS', 'DIA_DA_SEMANA_qui', 'DIA_DA_SEMANA_seg', 'DIA_DA_SEMANA_sáb', 'DIA_DA_SEMANA_ter', 'MÊS_ago', 'MÊS_jan', 'MÊS_jul', 'MÊS_jun', 'MÊS_mai', 'MÊS_mar', 'MÊS_nov', 'MÊS_out', 'ANO_2021', 'ANO_2022', 'ANO_2017', 'ANO_2018', 'ANO_2020', 'CAMPUS_ASSIS CHATEAUBRIAND', 'CAMPUS_ASTORGA', 'CAMPUS_CAPANEMA', 'CAMPUS_CORONEL VIVIDA', 'CAMPUS_CURITIBA', 'CAMPUS_FOZ DO IGUAÇU', 'CAMPUS_IVAIPORÃ', 'CAMPUS_JACAREZINHO', 'CAMPUS_JAGUARIAÍVA', 'CAMPUS_LONDRINA - CENTRO', 'CAMPUS_PALMAS', 'CAMPUS_PITANGA', 'CAMPUS_QUEDAS DO IGUAÇU', 'CAMPUS_UNIÃO DA VITÓRIA', 'CURSOS_TEC_CONCOMITANTE', 'CURSOS_TEC_SUBSEQUENTE', 'CURSOS_GRAD_NOTURNO', 'CURSOS_POS', 'FERIADO', 'COVID', 'GREVE', 'LAG_03', 'LAG_04', 'LAG_05', 'LAG_06', 'LAG_07', 'LAG_09', 'LAG_10', 'LAG_11');0.30041
('TEMP_MÉD_MIN_MENS', 'TEMP_MÉD_MÉD_MENS', 'TEMP_MIN_MIN_MENS', 'TEMP_MAX_MIN_MENS', 'TEMP_MAX_MAX_MENS', 'DIA_DA_SEMANA_qua', 'DIA_DA_SEMANA_qui', 'DIA_DA_SEMANA_seg', 'DIA_DA_SEMANA_sex', 'DIA_DA_SEMANA_sáb', 'MÊS_abr', 'MÊS_dez', 'MÊS_fev', 'MÊS_jan', 'MÊS_jun', 'MÊS_mar', 'MÊS_nov', 'MÊS_set', 'ANO_2021', 'ANO_2022', 'ANO_2023', 'ANO_2024', 'ANO_2016', 'ANO_2017', 'ANO_2018', 'ANO_2019', 'CAMPUS_ASSIS CHATEAUBRIAND', 'CAMPUS_CAMPO LARGO', 'CAMPUS_CASCAVEL', 'CAMPUS_CORONEL VIVIDA', 'CAMPUS_FOZ DO IGUAÇU', 'CAMPUS_IRATI', 'CAMPUS_IVAIPORÃ', 'CAMPUS_JACAREZINHO', 'CAMPUS_JAGUARIAÍVA', 'CAMPUS_LONDRINA - CENTRO', 'CAMPUS_PARANAGUÁ', 'CAMPUS_PARANAVAÍ', 'CAMPUS_PITANGA', 'CAMPUS_QUEDAS DO IGUAÇU', 'CAMPUS_UMUARAMA', 'CAMPUS_UNIÃO DA VITÓRIA', 'CURSOS_GRAD_MATUTINO', 'CURSOS_GRAD_VESPERTINO', 'CURSOS_POS', 'FÉRIAS', 'FERIADO', 'COVID', 'LAG_02', 'LAG_03', 'LAG_05', 'LAG_06', 'LAG_07', 'LAG_09', 'LAG_10', 'LAG_12');0.30042
('TEMP_MIN_MÉD_MENS', 'TEMP_MÉD_MIN_MENS', 'TEMP_MÉD_ACC_MENS', 'TEMP_MIN_MIN_MENS', 'TEMP_MAX_MIN_MENS', 'PRECIPITAÇÃO_MIN_MENS', 'TEMP_MAX_MAX_MENS', 'TEMP_MAX_ACC_MENS', 'PRECIPITAÇÃO_ACC_MENS', 'DIA_DA_SEMANA_dom', 'DIA_DA_SEMANA_qua', 'DIA_DA_SEMANA_qui', 'DIA_DA_SEMANA_seg', 'MÊS_jul', 'MÊS_jun', 'MÊS_mai', 'ANO_2021', 'ANO_2023', 'ANO_2015', 'ANO_2017', 'ANO_2019', 'ANO_2020', 'CAMPUS_ASSIS CHATEAUBRIAND', 'CAMPUS_BARRACÃO', 'CAMPUS_CAMPO LARGO', 'CAMPUS_CURITIBA', 'CAMPUS_FOZ DO IGUAÇU', 'CAMPUS_GOIOERÊ', 'CAMPUS_IRATI', 'CAMPUS_IVAIPORÃ', 'CAMPUS_JACAREZINHO', 'CAMPUS_PALMAS', 'CAMPUS_PINHAIS', 'CAMPUS_PITANGA', 'CAMPUS_TELÊMACO BORBA', 'CAMPUS_UMUARAMA', 'CAMPUS_UNIÃO DA VITÓRIA', 'CURSOS_TEC_CONCOMITANTE', 'CURSOS_TEC_INTEGRADO', 'CURSOS_TEC_SUBSEQUENTE', 'CURSOS_GRAD_MATUTINO', 'GREVE', 'LAG_01', 'LAG_02', 'LAG_03', 'LAG_04', 'LAG_05', 'LAG_06', 'LAG_07', 'LAG_09', 'LAG_10', 'LAG_11');0.30043
('TEMP_MIN_MÉD_MENS', 'TEMP_MÉD_MÉD_MENS', 'PRECIPITAÇÃO_MÉD_MENS', 'TEMP_MIN_MIN_MENS', 'TEMP_MIN_MAX_MENS', 'TEMP_MAX_MIN_MENS', 'PRECIPITAÇÃO_MIN_MENS', 'TEMP_MAX_MAX_MENS', 'PRECIPITAÇÃO_ACC_MENS', 'DIA_DA_SEMANA_dom', 'DIA_DA_SEMANA_qua', 'DIA_DA_SEMANA_qui', 'DIA_DA_SEMANA_seg', 'DIA_DA_SEMANA_sex', 'DIA_DA_SEMANA_sáb', 'DIA_DA_SEMANA_ter', 'MÊS_jan', 'MÊS_mai', 'MÊS_mar', 'MÊS_nov', 'MÊS_out', 'ANO_2023', 'ANO_2024', 'ANO_2017', 'CAMPUS_ASSIS CHATEAUBRIAND', 'CAMPUS_BARRACÃO', 'CAMPUS_CAMPO LARGO', 'CAMPUS_CAPANEMA', 'CAMPUS_CASCAVEL', 'CAMPUS_CORONEL VIVIDA', 'CAMPUS_CURITIBA', 'CAMPUS_FOZ DO IGUAÇU', 'CAMPUS_GOIOERÊ', 'CAMPUS_IVAIPORÃ', 'CAMPUS_JACAREZINHO', 'CAMPUS_PALMAS', 'CAMPUS_PARANAVAÍ', 'CAMPUS_PINHAIS', 'CAMPUS_PITANGA', 'CAMPUS_QUEDAS DO IGUAÇU', 'CAMPUS_UMUARAMA', 'CAMPUS_UNIÃO DA VITÓRIA', 'CURSOS_TEC_CONCOMITANTE', 'CURSOS_TEC_SUBSEQUENTE', 'CURSOS_GRAD_VESPERTINO', 'CURSOS_GRAD_NOTURNO', 'FERIADO', 'COVID', 'LAG_01', 'LAG_02', 'LAG_03', 'LAG_05', 'LAG_07', 'LAG_11', 'LAG_12');0.30045
('TEMP_MIN_MÉD_MENS', 'TEMP_MÉD_MIN_MENS', 'TEMP_MÉD_MÉD_MENS', 'TEMP_MÉD_ACC_MENS', 'TEMP_MIN_MAX_MENS', 'TEMP_MIN_ACC_MENS', 'TEMP_MAX_MIN_MENS', 'TEMP_MAX_MAX_MENS', 'TEMP_MAX_ACC_MENS', 'PRECIPITAÇÃO_MAX_MENS', 'PRECIPITAÇÃO_ACC_MENS', 'DIA_DA_SEMANA_dom', 'DIA_DA_SEMANA_qua', 'DIA_DA_SEMANA_qui', 'DIA_DA_SEMANA_seg', 'DIA_DA_SEMANA_sex', 'DIA_DA_SEMANA_sáb', 'MÊS_abr', 'MÊS_dez', 'MÊS_fev', 'MÊS_jan', 'MÊS_jul', 'MÊS_jun', 'MÊS_mai', 'MÊS_mar', 'MÊS_nov', 'MÊS_set', 'ANO_2021', 'ANO_2023', 'ANO_2015', 'ANO_2016', 'ANO_2020', 'CAMPUS_ASTORGA', 'CAMPUS_CAMPO LARGO', 'CAMPUS_CAPANEMA', 'CAMPUS_CASCAVEL', 'CAMPUS_IRATI', 'CAMPUS_IVAIPORÃ', 'CAMPUS_JAGUARIAÍVA', 'CAMPUS_PALMAS', 'CAMPUS_PARANAGUÁ', 'CAMPUS_PARANAVAÍ', 'CAMPUS_PINHAIS', 'CAMPUS_TELÊMACO BORBA', 'CAMPUS_UNIÃO DA VITÓRIA', 'CURSOS_TEC_CONCOMITANTE', 'CURSOS_TEC_SUBSEQUENTE', 'CURSOS_GRAD_MATUTINO', 'CURSOS_GRAD_VESPERTINO', 'CURSOS_GRAD_NOTURNO', 'FÉRIAS', 'COVID', 'ORDEM', 'LAG_02', 'LAG_04', 'LAG_05', 'LAG_08', 'LAG_09', 'LAG_10', 'LAG_11', 'LAG_12');0.30048
('TEMP_MIN_MÉD_MENS', 'TEMP_MÉD_MIN_MENS', 'TEMP_MÉD_MÉD_MENS', 'PRECIPITAÇÃO_MÉD_MENS', 'TEMP_MIN_MAX_MENS', 'TEMP_MIN_ACC_MENS', 'TEMP_MAX_MIN_MENS', 'PRECIPITAÇÃO_MIN_MENS', 'TEMP_MAX_MAX_MENS', 'TEMP_MAX_ACC_MENS', 'DIA_DA_SEMANA_qua', 'DIA_DA_SEMANA_seg', 'DIA_DA_SEMANA_sáb', 'DIA_DA_SEMANA_ter', 'MÊS_ago', 'MÊS_dez', 'MÊS_fev', 'MÊS_jan', 'MÊS_jul', 'MÊS_jun', 'MÊS_mai', 'ANO_2021', 'ANO_2022', 'ANO_2023', 'ANO_2016', 'ANO_2020', 'CAMPUS_ASSIS CHATEAUBRIAND', 'CAMPUS_ASTORGA', 'CAMPUS_CAMPO LARGO', 'CAMPUS_CAPANEMA', 'CAMPUS_CORONEL VIVIDA', 'CAMPUS_CURITIBA', 'CAMPUS_GOIOERÊ', 'CAMPUS_JACAREZINHO', 'CAMPUS_JAGUARIAÍVA', 'CAMPUS_LONDRINA - CENTRO', 'CAMPUS_PALMAS', 'CAMPUS_PARANAGUÁ', 'CAMPUS_PINHAIS', 'CAMPUS_PITANGA', 'CAMPUS_QUEDAS DO IGUAÇU', 'CAMPUS_TELÊMACO BORBA', 'CAMPUS_UNIÃO DA VITÓRIA', 'CURSOS_TEC_CONCOMITANTE', 'FÉRIAS', 'COVID', 'GREVE', 'LAG_02', 'LAG_05', 'LAG_07', 'LAG_10', 'LAG_12');0.30062
('TEMP_MIN_MÉD_MENS', 'TEMP_MÉD_MIN_MENS', 'TEMP_MÉD_MÉD_MENS', 'TEMP_MÉD_MAX_MENS', 'PRECIPITAÇÃO_MÉD_MENS', 'TEMP_MIN_MIN_MENS', 'TEMP_MIN_MAX_MENS', 'PRECIPITAÇÃO_MIN_MENS', 'TEMP_MAX_MAX_MENS', 'TEMP_MAX_ACC_MENS', 'PRECIPITAÇÃO_MAX_MENS', 'PRECIPITAÇÃO_ACC_MENS', 'DIA_DA_SEMANA_dom', 'DIA_DA_SEMANA_qua', 'DIA_DA_SEMANA_qui', 'DIA_DA_SEMANA_sex', 'DIA_DA_SEMANA_sáb', 'DIA_DA_SEMANA_ter', 'MÊS_abr', 'MÊS_ago', 'MÊS_dez', 'MÊS_fev', 'MÊS_jan', 'MÊS_jul', 'MÊS_jun', 'MÊS_mai', 'MÊS_mar', 'MÊS_nov', 'MÊS_out', 'MÊS_set', 'ANO_2022', 'ANO_2023', 'ANO_2016', 'ANO_2020', 'CAMPUS_ASSIS CHATEAUBRIAND', 'CAMPUS_ASTORGA', 'CAMPUS_BARRACÃO', 'CAMPUS_CAMPO LARGO', 'CAMPUS_CASCAVEL', 'CAMPUS_CORONEL VIVIDA', 'CAMPUS_CURITIBA', 'CAMPUS_FOZ DO IGUAÇU', 'CAMPUS_IVAIPORÃ', 'CAMPUS_JACAREZINHO', 'CAMPUS_JAGUARIAÍVA', 'CAMPUS_LONDRINA - CENTRO', 'CAMPUS_TELÊMACO BORBA', 'CAMPUS_UNIÃO DA VITÓRIA', 'CURSOS_TEC_INTEGRADO', 'CURSOS_GRAD_MATUTINO', 'CURSOS_GRAD_VESPERTINO', 'CURSOS_POS', 'FERIADO', 'LAG_02', 'LAG_06', 'LAG_07', 'LAG_08', 'LAG_09', 'LAG_10', 'LAG_11', 'LAG_12');0.30064
('TEMP_MIN_MÉD_MENS', 'TEMP_MÉD_MAX_MENS', 'TEMP_MAX_MÉD_MENS', 'TEMP_MIN_MAX_MENS', 'TEMP_MAX_MAX_MENS', 'DIA_DA_SEMANA_sáb', 'MÊS_ago', 'MÊS_fev', 'MÊS_jan', 'MÊS_jul', 'MÊS_jun', 'MÊS_set', 'ANO_2021', 'ANO_2023', 'ANO_2024', 'ANO_2015', 'ANO_2017', 'ANO_2018', 'ANO_2020', 'CAMPUS_ASTORGA', 'CAMPUS_BARRACÃO', 'CAMPUS_CAPANEMA', 'CAMPUS_CASCAVEL', 'CAMPUS_CORONEL VIVIDA', 'CAMPUS_CURITIBA', 'CAMPUS_FOZ DO IGUAÇU', 'CAMPUS_IRATI', 'CAMPUS_JAGUARIAÍVA', 'CAMPUS_LONDRINA - CENTRO', 'CAMPUS_PALMAS', 'CAMPUS_PARANAGUÁ', 'CAMPUS_PARANAVAÍ', 'CAMPUS_PINHAIS', 'CAMPUS_QUEDAS DO IGUAÇU', 'CAMPUS_UNIÃO DA VITÓRIA', 'CURSOS_TEC_SUBSEQUENTE', 'CURSOS_GRAD_MATUTINO', 'CURSOS_POS', 'FÉRIAS', 'GREVE', 'LAG_01', 'LAG_02', 'LAG_04', 'LAG_05', 'LAG_06', 'LAG_07', 'LAG_08', 'LAG_09', 'LAG_12');0.30066
('TEMP_MIN_MÉD_MENS', 'TEMP_MÉD_MAX_MENS', 'TEMP_MAX_MÉD_MENS', 'PRECIPITAÇÃO_MÉD_MENS', 'TEMP_MIN_MIN_MENS', 'TEMP_MIN_MAX_MENS', 'TEMP_MIN_ACC_MENS', 'TEMP_MAX_MIN_MENS', 'PRECIPITAÇÃO_MIN_MENS', 'TEMP_MAX_MAX_MENS', 'TEMP_MAX_ACC_MENS', 'DIA_DA_SEMANA_qui', 'DIA_DA_SEMANA_seg', 'DIA_DA_SEMANA_sex', 'DIA_DA_SEMANA_ter', 'MÊS_fev', 'MÊS_jan', 'MÊS_jul', 'MÊS_mai', 'MÊS_nov', 'MÊS_out', 'ANO_2022', 'ANO_2023', 'ANO_2016', 'ANO_2017', 'ANO_2018', 'ANO_2020', 'CAMPUS_ASTORGA', 'CAMPUS_BARRACÃO', 'CAMPUS_CAMPO LARGO', 'CAMPUS_CAPANEMA', 'CAMPUS_CURITIBA', 'CAMPUS_FOZ DO IGUAÇU', 'CAMPUS_IRATI', 'CAMPUS_IVAIPORÃ', 'CAMPUS_PALMAS', 'CAMPUS_PARANAGUÁ', 'CAMPUS_PINHAIS', 'CAMPUS_PITANGA', 'CAMPUS_QUEDAS DO IGUAÇU', 'CAMPUS_TELÊMACO BORBA', 'CAMPUS_UMUARAMA', 'CURSOS_TEC_CONCOMITANTE', 'CURSOS_TEC_INTEGRADO', 'CURSOS_GRAD_NOTURNO', 'CURSOS_POS', 'FÉRIAS', 'FERIADO', 'GREVE', 'ORDEM', 'LAG_01', 'LAG_03', 'LAG_04', 'LAG_05', 'LAG_06', 'LAG_07', 'LAG_08', 'LAG_09', 'LAG_11', 'LAG_12');0.30066
('TEMP_MIN_MÉD_MENS', 'TEMP_MÉD_MIN_MENS', 'TEMP_MÉD_MÉD_MENS', 'TEMP_MÉD_MAX_MENS', 'TEMP_MÉD_ACC_MENS', 'TEMP_MAX_MÉD_MENS', 'TEMP_MIN_MIN_MENS', 'TEMP_MIN_MAX_MENS', 'TEMP_MIN_ACC_MENS', 'PRECIPITAÇÃO_MIN_MENS', 'TEMP_MAX_MAX_MENS', 'PRECIPITAÇÃO_MAX_MENS', 'DIA_DA_SEMANA_qua', 'DIA_DA_SEMANA_qui', 'DIA_DA_SEMANA_ter', 'MÊS_abr', 'MÊS_dez', 'MÊS_fev', 'MÊS_jul', 'MÊS_jun', 'MÊS_mai', 'MÊS_mar', 'MÊS_out', 'ANO_2021', 'ANO_2022', 'ANO_2024', 'ANO_2015', 'ANO_2016', 'ANO_2020', 'CAMPUS_ASSIS CHATEAUBRIAND', 'CAMPUS_ASTORGA', 'CAMPUS_BARRACÃO', 'CAMPUS_CORONEL VIVIDA', 'CAMPUS_CURITIBA', 'CAMPUS_FOZ DO IGUAÇU', 'CAMPUS_GOIOERÊ', 'CAMPUS_IVAIPORÃ', 'CAMPUS_JACAREZINHO', 'CAMPUS_PALMAS', 'CAMPUS_PARANAGUÁ', 'CAMPUS_PARANAVAÍ', 'CAMPUS_PINHAIS', 'CAMPUS_PITANGA', 'CAMPUS_QUEDAS DO IGUAÇU', 'CAMPUS_TELÊMACO BORBA', 'CURSOS_TEC_CONCOMITANTE', 'CURSOS_TEC_SUBSEQUENTE', 'CURSOS_GRAD_MATUTINO', 'CURSOS_GRAD_VESPERTINO', 'CURSOS_GRAD_NOTURNO', 'FÉRIAS', 'FERIADO', 'COVID', 'GREVE', 'LAG_01', 'LAG_03', 'LAG_07', 'LAG_12');0.30067
('TEMP_MIN_MÉD_MENS', 'TEMP_MÉD_MIN_MENS', 'TEMP_MÉD_MÉD_MENS', 'TEMP_MÉD_MAX_MENS', 'TEMP_MÉD_ACC_MENS', 'PRECIPITAÇÃO_MÉD_MENS', 'TEMP_MIN_MIN_MENS', 'TEMP_MIN_ACC_MENS', 'PRECIPITAÇÃO_MIN_MENS', 'TEMP_MAX_MAX_MENS', 'TEMP_MAX_ACC_MENS', 'PRECIPITAÇÃO_MAX_MENS', 'DIA_DA_SEMANA_dom', 'DIA_DA_SEMANA_seg', 'MÊS_jan', 'MÊS_jul', 'MÊS_jun', 'MÊS_mar', 'MÊS_set', 'ANO_2021', 'ANO_2023', 'ANO_2015', 'ANO_2016', 'CAMPUS_ASSIS CHATEAUBRIAND', 'CAMPUS_ASTORGA', 'CAMPUS_CAMPO LARGO', 'CAMPUS_CAPANEMA', 'CAMPUS_CASCAVEL', 'CAMPUS_GOIOERÊ', 'CAMPUS_IRATI', 'CAMPUS_IVAIPORÃ', 'CAMPUS_JACAREZINHO', 'CAMPUS_JAGUARIAÍVA', 'CAMPUS_LONDRINA - CENTRO', 'CAMPUS_PARANAGUÁ', 'CAMPUS_TELÊMACO BORBA', 'CAMPUS_UMUARAMA', 'CURSOS_TEC_CONCOMITANTE', 'CURSOS_GRAD_MATUTINO', 'CURSOS_GRAD_NOTURNO', 'FÉRIAS', 'FERIADO', 'COVID', 'GREVE', 'LAG_03', 'LAG_06', 'LAG_09', 'LAG_10', 'LAG_12');0.30067
('TEMP_MÉD_MÉD_MENS', 'TEMP_MÉD_MAX_MENS', 'TEMP_MÉD_ACC_MENS', 'TEMP_MAX_MÉD_MENS', 'PRECIPITAÇÃO_MÉD_MENS', 'TEMP_MAX_MAX_MENS', 'TEMP_MAX_ACC_MENS', 'PRECIPITAÇÃO_ACC_MENS', 'DIA_DA_SEMANA_dom', 'DIA_DA_SEMANA_ter', 'MÊS_abr', 'MÊS_dez', 'MÊS_jun', 'MÊS_mai', 'MÊS_mar', 'MÊS_set', 'ANO_2022', 'ANO_2016', 'ANO_2017', 'ANO_2018', 'ANO_2020', 'CAMPUS_ASSIS CHATEAUBRIAND', 'CAMPUS_CAMPO LARGO', 'CAMPUS_CORONEL VIVIDA', 'CAMPUS_FOZ DO IGUAÇU', 'CAMPUS_IRATI', 'CAMPUS_JAGUARIAÍVA', 'CAMPUS_LONDRINA - CENTRO', 'CAMPUS_PALMAS', 'CAMPUS_PITANGA', 'CAMPUS_QUEDAS DO IGUAÇU', 'CAMPUS_TELÊMACO BORBA', 'CAMPUS_UNIÃO DA VITÓRIA', 'CURSOS_TEC_CONCOMITANTE', 'CURSOS_TEC_INTEGRADO', 'CURSOS_GRAD_MATUTINO', 'CURSOS_GRAD_NOTURNO', 'CURSOS_POS', 'FÉRIAS', 'COVID', 'GREVE', 'LAG_01', 'LAG_02', 'LAG_03', 'LAG_04', 'LAG_07', 'LAG_09', 'LAG_10', 'LAG_11', 'LAG_12');0.30069
('TEMP_MIN_MÉD_MENS', 'TEMP_MÉD_MIN_MENS', 'TEMP_MÉD_MÉD_MENS', 'TEMP_MÉD_MAX_MENS', 'TEMP_MÉD_ACC_MENS', 'PRECIPITAÇÃO_MÉD_MENS', 'TEMP_MIN_ACC_MENS', 'TEMP_MAX_MIN_MENS', 'PRECIPITAÇÃO_MAX_MENS', 'PRECIPITAÇÃO_ACC_MENS', 'DIA_DA_SEMANA_dom', 'DIA_DA_SEMANA_qui', 'DIA_DA_SEMANA_seg', 'MÊS_abr', 'MÊS_dez', 'MÊS_fev', 'MÊS_jul', 'MÊS_jun', 'MÊS_mai', 'MÊS_nov', 'MÊS_out', 'MÊS_set', 'ANO_2021', 'ANO_2023', 'ANO_2024', 'ANO_2015', 'ANO_2019', 'ANO_2020', 'CAMPUS_ASSIS CHATEAUBRIAND', 'CAMPUS_ASTORGA', 'CAMPUS_BARRACÃO', 'CAMPUS_CAMPO LARGO', 'CAMPUS_CURITIBA', 'CAMPUS_FOZ DO IGUAÇU', 'CAMPUS_GOIOERÊ', 'CAMPUS_IRATI', 'CAMPUS_JACAREZINHO', 'CAMPUS_LONDRINA - CENTRO', 'CAMPUS_PARANAGUÁ', 'CAMPUS_PARANAVAÍ', 'CAMPUS_PINHAIS', 'CAMPUS_QUEDAS DO IGUAÇU', 'CAMPUS_UNIÃO DA VITÓRIA', 'CURSOS_TEC_CONCOMITANTE', 'CURSOS_TEC_INTEGRADO', 'CURSOS_GRAD_VESPERTINO', 'CURSOS_GRAD_NOTURNO', 'FÉRIAS', 'FERIADO', 'GREVE', 'ORDEM', 'LAG_01', 'LAG_02', 'LAG_06', 'LAG_07', 'LAG_08', 'LAG_09', 'LAG_10', 'LAG_11', 'LAG_12');0.30075
('TEMP_MÉD_MIN_MENS', 'TEMP_MÉD_ACC_MENS', 'PRECIPITAÇÃO_MÉD_MENS', 'TEMP_MIN_MIN_MENS', 'TEMP_MIN_MAX_MENS', 'TEMP_MIN_ACC_MENS', 'TEMP_MAX_MIN_MENS', 'TEMP_MAX_ACC_MENS', 'PRECIPITAÇÃO_MAX_MENS', 'DIA_DA_SEMANA_dom', 'DIA_DA_SEMANA_qua', 'DIA_DA_SEMANA_qui', 'DIA_DA_SEMANA_sex', 'DIA_DA_SEMANA_ter', 'MÊS_dez', 'MÊS_jul', 'MÊS_jun', 'MÊS_mar', 'MÊS_set', 'ANO_2022', 'ANO_2015', 'ANO_2019', 'ANO_2020', 'CAMPUS_BARRACÃO', 'CAMPUS_CAMPO LARGO', 'CAMPUS_CAPANEMA', 'CAMPUS_CASCAVEL', 'CAMPUS_CORONEL VIVIDA', 'CAMPUS_CURITIBA', 'CAMPUS_IRATI', 'CAMPUS_IVAIPORÃ', 'CAMPUS_JACAREZINHO', 'CAMPUS_JAGUARIAÍVA', 'CAMPUS_LONDRINA - CENTRO', 'CAMPUS_PITANGA', 'CAMPUS_QUEDAS DO IGUAÇU', 'CURSOS_TEC_CONCOMITANTE', 'CURSOS_TEC_INTEGRADO', 'CURSOS_GRAD_MATUTINO', 'CURSOS_GRAD_VESPERTINO', 'CURSOS_GRAD_NOTURNO', 'FÉRIAS', 'FERIADO', 'GREVE', 'ORDEM', 'LAG_02', 'LAG_04', 'LAG_05', 'LAG_06', 'LAG_09', 'LAG_11');0.30093
('TEMP_MIN_MÉD_MENS', 'TEMP_MÉD_MÉD_MENS', 'TEMP_MÉD_ACC_MENS', 'TEMP_MAX_MÉD_MENS', 'PRECIPITAÇÃO_MÉD_MENS', 'TEMP_MIN_MIN_MENS', 'TEMP_MIN_MAX_MENS', 'TEMP_MIN_ACC_MENS', 'TEMP_MAX_MIN_MENS', 'PRECIPITAÇÃO_MIN_MENS', 'TEMP_MAX_MAX_MENS', 'TEMP_MAX_ACC_MENS', 'PRECIPITAÇÃO_MAX_MENS', 'DIA_DA_SEMANA_qui', 'DIA_DA_SEMANA_sex', 'DIA_DA_SEMANA_sáb', 'MÊS_fev', 'MÊS_jul', 'MÊS_mai', 'MÊS_mar', 'MÊS_nov', 'ANO_2021', 'ANO_2024', 'ANO_2018', 'ANO_2020', 'CAMPUS_ASSIS CHATEAUBRIAND', 'CAMPUS_BARRACÃO', 'CAMPUS_CASCAVEL', 'CAMPUS_CORONEL VIVIDA', 'CAMPUS_CURITIBA', 'CAMPUS_FOZ DO IGUAÇU', 'CAMPUS_IRATI', 'CAMPUS_LONDRINA - CENTRO', 'CAMPUS_PALMAS', 'CAMPUS_PINHAIS', 'CAMPUS_QUEDAS DO IGUAÇU', 'CAMPUS_TELÊMACO BORBA', 'CAMPUS_UMUARAMA', 'CURSOS_TEC_INTEGRADO', 'CURSOS_TEC_SUBSEQUENTE', 'CURSOS_GRAD_MATUTINO', 'CURSOS_GRAD_VESPERTINO', 'CURSOS_POS', 'FÉRIAS', 'ORDEM', 'LAG_07', 'LAG_08', 'LAG_09', 'LAG_11', 'LAG_12');0.30097
('TEMP_MÉD_MIN_MENS', 'TEMP_MÉD_MAX_MENS', 'TEMP_MÉD_ACC_MENS', 'TEMP_MIN_MAX_MENS', 'TEMP_MIN_ACC_MENS', 'TEMP_MAX_MIN_MENS', 'PRECIPITAÇÃO_MIN_MENS', 'TEMP_MAX_MAX_MENS', 'TEMP_MAX_ACC_MENS', 'PRECIPITAÇÃO_MAX_MENS', 'DIA_DA_SEMANA_dom', 'DIA_DA_SEMANA_qua', 'DIA_DA_SEMANA_qui', 'DIA_DA_SEMANA_ter', 'MÊS_ago', 'MÊS_jan', 'MÊS_jul', 'MÊS_jun', 'MÊS_mai', 'MÊS_mar', 'MÊS_out', 'MÊS_set', 'ANO_2022', 'ANO_2023', 'ANO_2024', 'ANO_2016', 'ANO_2019', 'CAMPUS_ASTORGA', 'CAMPUS_BARRACÃO', 'CAMPUS_CAMPO LARGO', 'CAMPUS_CAPANEMA', 'CAMPUS_CURITIBA', 'CAMPUS_IRATI', 'CAMPUS_JACAREZINHO', 'CAMPUS_LONDRINA - CENTRO', 'CAMPUS_PARANAGUÁ', 'CAMPUS_PARANAVAÍ', 'CAMPUS_PINHAIS', 'CAMPUS_PITANGA', 'CAMPUS_QUEDAS DO IGUAÇU', 'CAMPUS_TELÊMACO BORBA', 'CAMPUS_UMUARAMA', 'CURSOS_TEC_CONCOMITANTE', 'CURSOS_TEC_INTEGRADO', 'CURSOS_TEC_SUBSEQUENTE', 'CURSOS_GRAD_MATUTINO', 'CURSOS_GRAD_NOTURNO', 'CURSOS_POS', 'FÉRIAS', 'FERIADO', 'LAG_01', 'LAG_04', 'LAG_05', 'LAG_06', 'LAG_07', 'LAG_09', 'LAG_10', 'LAG_12');0.30101
('TEMP_MÉD_MIN_MENS', 'TEMP_MÉD_MÉD_MENS', 'TEMP_MAX_MÉD_MENS', 'PRECIPITAÇÃO_MÉD_MENS', 'TEMP_MIN_MIN_MENS', 'TEMP_MIN_MAX_MENS', 'TEMP_MIN_ACC_MENS', 'TEMP_MAX_MIN_MENS', 'PRECIPITAÇÃO_MIN_MENS', 'TEMP_MAX_MAX_MENS', 'TEMP_MAX_ACC_MENS', 'PRECIPITAÇÃO_ACC_MENS', 'DIA_DA_SEMANA_qua', 'DIA_DA_SEMANA_qui', 'DIA_DA_SEMANA_seg', 'DIA_DA_SEMANA_sex', 'DIA_DA_SEMANA_sáb', 'DIA_DA_SEMANA_ter', 'MÊS_dez', 'MÊS_fev', 'MÊS_jan', 'MÊS_mai', 'MÊS_mar', 'MÊS_nov', 'ANO_2022', 'ANO_2023', 'ANO_2016', 'ANO_2018', 'ANO_2019', 'CAMPUS_ASTORGA', 'CAMPUS_CAMPO LARGO', 'CAMPUS_CASCAVEL', 'CAMPUS_FOZ DO IGUAÇU', 'CAMPUS_JACAREZINHO', 'CAMPUS_JAGUARIAÍVA', 'CAMPUS_PALMAS', 'CAMPUS_PARANAGUÁ', 'CAMPUS_PARANAVAÍ', 'CAMPUS_PINHAIS', 'CAMPUS_TELÊMACO BORBA', 'CAMPUS_UMUARAMA', 'CAMPUS_UNIÃO DA VITÓRIA', 'CURSOS_TEC_CONCOMITANTE', 'CURSOS_GRAD_VESPERTINO', 'CURSOS_GRAD_NOTURNO', 'CURSOS_POS', 'FÉRIAS', 'FERIADO', 'GREVE', 'ORDEM', 'LAG_01', 'LAG_02', 'LAG_04', 'LAG_05', 'LAG_06', 'LAG_08', 'LAG_09', 'LAG_10', 'LAG_11', 'LAG_12');0.30102
('TEMP_MIN_MÉD_MENS', 'TEMP_MÉD_MIN_MENS', 'TEMP_MÉD_MÉD_MENS', 'TEMP_MAX_MÉD_MENS', 'PRECIPITAÇÃO_MÉD_MENS', 'TEMP_MAX_MIN_MENS', 'PRECIPITAÇÃO_MIN_MENS', 'PRECIPITAÇÃO_MAX_MENS', 'PRECIPITAÇÃO_ACC_MENS', 'DIA_DA_SEMANA_dom', 'DIA_DA_SEMANA_qui', 'DIA_DA_SEMANA_seg', 'MÊS_ago', 'MÊS_dez', 'MÊS_fev', 'MÊS_jan', 'MÊS_jun', 'MÊS_mai', 'MÊS_nov', 'MÊS_out', 'ANO_2021', 'ANO_2023', 'ANO_2024', 'ANO_2016', 'ANO_2017', 'ANO_2018', 'ANO_2019', 'CAMPUS_ASSIS CHATEAUBRIAND', 'CAMPUS_ASTORGA', 'CAMPUS_CAMPO LARGO', 'CAMPUS_CASCAVEL', 'CAMPUS_CORONEL VIVIDA', 'CAMPUS_FOZ DO IGUAÇU', 'CAMPUS_GOIOERÊ', 'CAMPUS_IVAIPORÃ', 'CAMPUS_JACAREZINHO', 'CAMPUS_JAGUARIAÍVA', 'CAMPUS_PARANAGUÁ', 'CAMPUS_PARANAVAÍ', 'CAMPUS_UNIÃO DA VITÓRIA', 'CURSOS_TEC_CONCOMITANTE', 'CURSOS_TEC_INTEGRADO', 'CURSOS_GRAD_VESPERTINO', 'CURSOS_GRAD_NOTURNO', 'FERIADO', 'ORDEM', 'LAG_05', 'LAG_06', 'LAG_07', 'LAG_09', 'LAG_10');0.30102
('TEMP_MÉD_MIN_MENS', 'TEMP_MÉD_MAX_MENS', 'TEMP_MAX_MÉD_MENS', 'TEMP_MIN_MIN_MENS', 'TEMP_MIN_ACC_MENS', 'TEMP_MAX_MIN_MENS', 'PRECIPITAÇÃO_MIN_MENS', 'TEMP_MAX_ACC_MENS', 'PRECIPITAÇÃO_MAX_MENS', 'PRECIPITAÇÃO_ACC_MENS', 'DIA_DA_SEMANA_qua', 'DIA_DA_SEMANA_seg', 'MÊS_ago', 'MÊS_dez', 'MÊS_jan', 'MÊS_jun', 'MÊS_nov', 'MÊS_out', 'ANO_2021', 'ANO_2022', 'ANO_2024', 'ANO_2016', 'ANO_2017', 'ANO_2020', 'CAMPUS_ASSIS CHATEAUBRIAND', 'CAMPUS_CAMPO LARGO', 'CAMPUS_CAPANEMA', 'CAMPUS_CORONEL VIVIDA', 'CAMPUS_FOZ DO IGUAÇU', 'CAMPUS_GOIOERÊ', 'CAMPUS_IRATI', 'CAMPUS_JAGUARIAÍVA', 'CAMPUS_PALMAS', 'CAMPUS_PARANAGUÁ', 'CAMPUS_PINHAIS', 'CAMPUS_PITANGA', 'CAMPUS_QUEDAS DO IGUAÇU', 'CAMPUS_UNIÃO DA VITÓRIA', 'CURSOS_TEC_SUBSEQUENTE', 'CURSOS_GRAD_NOTURNO', 'FÉRIAS', 'GREVE', 'LAG_01', 'LAG_02', 'LAG_03', 'LAG_05', 'LAG_06', 'LAG_07', 'LAG_09', 'LAG_10', 'LAG_11');0.30106
('TEMP_MÉD_MIN_MENS', 'TEMP_MÉD_MÉD_MENS', 'TEMP_MÉD_MAX_MENS', 'TEMP_MÉD_ACC_MENS', 'TEMP_MAX_MÉD_MENS', 'PRECIPITAÇÃO_MÉD_MENS', 'TEMP_MIN_ACC_MENS', 'TEMP_MAX_MAX_MENS', 'TEMP_MAX_ACC_MENS', 'PRECIPITAÇÃO_MAX_MENS', 'PRECIPITAÇÃO_ACC_MENS', 'DIA_DA_SEMANA_qui', 'DIA_DA_SEMANA_sex', 'DIA_DA_SEMANA_sáb', 'DIA_DA_SEMANA_ter', 'MÊS_abr', 'MÊS_ago', 'MÊS_dez', 'MÊS_fev', 'MÊS_jan', 'MÊS_jul', 'MÊS_jun', 'MÊS_mai', 'MÊS_mar', 'MÊS_nov', 'ANO_2022', 'ANO_2023', 'ANO_2024', 'ANO_2015', 'ANO_2017', 'ANO_2018', 'ANO_2019', 'CAMPUS_ASTORGA', 'CAMPUS_CAMPO LARGO', 'CAMPUS_CAPANEMA', 'CAMPUS_CURITIBA', 'CAMPUS_FOZ DO IGUAÇU', 'CAMPUS_GOIOERÊ', 'CAMPUS_IVAIPORÃ', 'CAMPUS_JACAREZINHO', 'CAMPUS_LONDRINA - CENTRO', 'CAMPUS_PINHAIS', 'CAMPUS_TELÊMACO BORBA', 'CAMPUS_UMUARAMA', 'CAMPUS_UNIÃO DA VITÓRIA', 'CURSOS_TEC_CONCOMITANTE', 'CURSOS_TEC_INTEGRADO', 'CURSOS_POS', 'FÉRIAS', 'FERIADO', 'COVID', 'LAG_01', 'LAG_02', 'LAG_06', 'LAG_07', 'LAG_08', 'LAG_10', 'LAG_11', 'LAG_12');0.3011
('TEMP_MIN_MÉD_MENS', 'TEMP_MÉD_ACC_MENS', 'PRECIPITAÇÃO_MÉD_MENS', 'TEMP_MIN_MIN_MENS', 'TEMP_MIN_MAX_MENS', 'TEMP_MIN_ACC_MENS', 'PRECIPITAÇÃO_MIN_MENS', 'TEMP_MAX_ACC_MENS', 'PRECIPITAÇÃO_MAX_MENS', 'DIA_DA_SEMANA_dom', 'DIA_DA_SEMANA_qui', 'DIA_DA_SEMANA_seg', 'DIA_DA_SEMANA_ter', 'MÊS_ago', 'MÊS_fev', 'MÊS_jan', 'MÊS_mai', 'MÊS_mar', 'MÊS_nov', 'MÊS_out', 'MÊS_set', 'ANO_2021', 'ANO_2023', 'ANO_2024', 'ANO_2017', 'ANO_2018', 'ANO_2020', 'CAMPUS_BARRACÃO', 'CAMPUS_CAMPO LARGO', 'CAMPUS_CAPANEMA', 'CAMPUS_CASCAVEL', 'CAMPUS_CURITIBA', 'CAMPUS_JAGUARIAÍVA', 'CAMPUS_LONDRINA - CENTRO', 'CAMPUS_PARANAGUÁ', 'CAMPUS_PARANAVAÍ', 'CAMPUS_PINHAIS', 'CAMPUS_TELÊMACO BORBA', 'CAMPUS_UMUARAMA', 'CAMPUS_UNIÃO DA VITÓRIA', 'CURSOS_TEC_CONCOMITANTE', 'CURSOS_TEC_SUBSEQUENTE', 'CURSOS_GRAD_MATUTINO', 'CURSOS_GRAD_NOTURNO', 'CURSOS_POS', 'FÉRIAS', 'COVID', 'LAG_02', 'LAG_04', 'LAG_05', 'LAG_06', 'LAG_08', 'LAG_10', 'LAG_12');0.3011
('TEMP_MIN_MÉD_MENS', 'TEMP_MÉD_MIN_MENS', 'TEMP_MÉD_MÉD_MENS', 'TEMP_MÉD_MAX_MENS', 'PRECIPITAÇÃO_MÉD_MENS', 'TEMP_MIN_ACC_MENS', 'TEMP_MAX_MAX_MENS', 'PRECIPITAÇÃO_MAX_MENS', 'PRECIPITAÇÃO_ACC_MENS', 'DIA_DA_SEMANA_dom', 'DIA_DA_SEMANA_qua', 'DIA_DA_SEMANA_seg', 'DIA_DA_SEMANA_ter', 'MÊS_abr', 'MÊS_ago', 'MÊS_jan', 'MÊS_mai', 'MÊS_mar', 'MÊS_nov', 'MÊS_out', 'MÊS_set', 'ANO_2023', 'ANO_2024', 'ANO_2015', 'ANO_2017', 'ANO_2019', 'CAMPUS_ASSIS CHATEAUBRIAND', 'CAMPUS_ASTORGA', 'CAMPUS_CAMPO LARGO', 'CAMPUS_CAPANEMA', 'CAMPUS_CASCAVEL', 'CAMPUS_CORONEL VIVIDA', 'CAMPUS_CURITIBA', 'CAMPUS_FOZ DO IGUAÇU', 'CAMPUS_GOIOERÊ', 'CAMPUS_IVAIPORÃ', 'CAMPUS_JACAREZINHO', 'CAMPUS_JAGUARIAÍVA', 'CAMPUS_LONDRINA - CENTRO', 'CAMPUS_PALMAS', 'CAMPUS_PINHAIS', 'CAMPUS_PITANGA', 'CAMPUS_QUEDAS DO IGUAÇU', 'CAMPUS_TELÊMACO BORBA', 'CAMPUS_UNIÃO DA VITÓRIA', 'CURSOS_TEC_CONCOMITANTE', 'CURSOS_TEC_INTEGRADO', 'CURSOS_TEC_SUBSEQUENTE', 'CURSOS_GRAD_NOTURNO', 'CURSOS_POS', 'FÉRIAS', 'COVID', 'GREVE', 'LAG_01', 'LAG_02', 'LAG_05', 'LAG_06', 'LAG_07', 'LAG_10', 'LAG_11', 'LAG_12');0.30112
('TEMP_MIN_MÉD_MENS', 'TEMP_MÉD_MIN_MENS', 'TEMP_MÉD_MÉD_MENS', 'TEMP_MÉD_MAX_MENS', 'TEMP_MAX_MÉD_MENS', 'PRECIPITAÇÃO_MÉD_MENS', 'PRECIPITAÇÃO_MIN_MENS', 'TEMP_MAX_ACC_MENS', 'PRECIPITAÇÃO_ACC_MENS', 'DIA_DA_SEMANA_dom', 'DIA_DA_SEMANA_seg', 'DIA_DA_SEMANA_sex', 'MÊS_jun', 'MÊS_mar', 'MÊS_nov', 'MÊS_out', 'MÊS_set', 'ANO_2024', 'ANO_2015', 'ANO_2017', 'ANO_2019', 'ANO_2020', 'CAMPUS_ASTORGA', 'CAMPUS_CAPANEMA', 'CAMPUS_CORONEL VIVIDA', 'CAMPUS_FOZ DO IGUAÇU', 'CAMPUS_GOIOERÊ', 'CAMPUS_IRATI', 'CAMPUS_IVAIPORÃ', 'CAMPUS_JACAREZINHO', 'CAMPUS_JAGUARIAÍVA', 'CAMPUS_PALMAS', 'CAMPUS_PARANAGUÁ', 'CAMPUS_PARANAVAÍ', 'CAMPUS_PITANGA', 'CAMPUS_TELÊMACO BORBA', 'CAMPUS_UMUARAMA', 'CURSOS_TEC_INTEGRADO', 'CURSOS_TEC_SUBSEQUENTE', 'CURSOS_GRAD_VESPERTINO', 'CURSOS_GRAD_NOTURNO', 'FÉRIAS', 'FERIADO', 'COVID', 'LAG_01', 'LAG_02', 'LAG_03', 'LAG_04', 'LAG_05', 'LAG_06', 'LAG_08', 'LAG_11', 'LAG_12');0.30116
('TEMP_MÉD_MAX_MENS', 'TEMP_MAX_MÉD_MENS', 'PRECIPITAÇÃO_MÉD_MENS', 'TEMP_MIN_MIN_MENS', 'TEMP_MIN_ACC_MENS', 'TEMP_MAX_MIN_MENS', 'PRECIPITAÇÃO_MIN_MENS', 'TEMP_MAX_MAX_MENS', 'PRECIPITAÇÃO_MAX_MENS', 'DIA_DA_SEMANA_dom', 'DIA_DA_SEMANA_qui', 'DIA_DA_SEMANA_seg', 'DIA_DA_SEMANA_sex', 'DIA_DA_SEMANA_sáb', 'MÊS_abr', 'MÊS_ago', 'MÊS_dez', 'MÊS_fev', 'MÊS_jan', 'MÊS_jun', 'MÊS_nov', 'MÊS_out', 'MÊS_set', 'ANO_2021', 'ANO_2024', 'ANO_2015', 'ANO_2016', 'ANO_2018', 'ANO_2020', 'CAMPUS_ASTORGA', 'CAMPUS_CAMPO LARGO', 'CAMPUS_CAPANEMA', 'CAMPUS_CASCAVEL', 'CAMPUS_CORONEL VIVIDA', 'CAMPUS_CURITIBA', 'CAMPUS_FOZ DO IGUAÇU', 'CAMPUS_GOIOERÊ', 'CAMPUS_IRATI', 'CAMPUS_JACAREZINHO', 'CAMPUS_LONDRINA - CENTRO', 'CAMPUS_PALMAS', 'CAMPUS_PARANAGUÁ', 'CAMPUS_PITANGA', 'CAMPUS_UMUARAMA', 'CAMPUS_UNIÃO DA VITÓRIA', 'CURSOS_TEC_INTEGRADO', 'CURSOS_GRAD_VESPERTINO', 'CURSOS_GRAD_NOTURNO', 'CURSOS_POS', 'FÉRIAS', 'FERIADO', 'ORDEM', 'LAG_01', 'LAG_03', 'LAG_06', 'LAG_07', 'LAG_08', 'LAG_10', 'LAG_12');0.30118
('TEMP_MIN_MÉD_MENS', 'TEMP_MÉD_MAX_MENS', 'TEMP_MÉD_ACC_MENS', 'PRECIPITAÇÃO_MÉD_MENS', 'TEMP_MIN_MIN_MENS', 'TEMP_MIN_MAX_MENS', 'TEMP_MAX_MIN_MENS', 'PRECIPITAÇÃO_ACC_MENS', 'DIA_DA_SEMANA_dom', 'DIA_DA_SEMANA_qua', 'DIA_DA_SEMANA_qui', 'DIA_DA_SEMANA_sáb', 'DIA_DA_SEMANA_ter', 'MÊS_abr', 'MÊS_ago', 'MÊS_fev', 'MÊS_jul', 'MÊS_mar', 'MÊS_nov', 'MÊS_out', 'MÊS_set', 'ANO_2021', 'ANO_2022', 'ANO_2023', 'ANO_2024', 'ANO_2016', 'ANO_2017', 'ANO_2018', 'ANO_2020', 'CAMPUS_ASSIS CHATEAUBRIAND', 'CAMPUS_ASTORGA', 'CAMPUS_BARRACÃO', 'CAMPUS_CAMPO LARGO', 'CAMPUS_CAPANEMA', 'CAMPUS_CASCAVEL', 'CAMPUS_CURITIBA', 'CAMPUS_IRATI', 'CAMPUS_IVAIPORÃ', 'CAMPUS_JAGUARIAÍVA', 'CAMPUS_PALMAS', 'CAMPUS_PARANAGUÁ', 'CAMPUS_PARANAVAÍ', 'CAMPUS_PINHAIS', 'CAMPUS_TELÊMACO BORBA', 'CAMPUS_UNIÃO DA VITÓRIA', 'CURSOS_TEC_INTEGRADO', 'CURSOS_GRAD_MATUTINO', 'CURSOS_GRAD_NOTURNO', 'FERIADO', 'COVID', 'ORDEM', 'LAG_03', 'LAG_04', 'LAG_06', 'LAG_07', 'LAG_08', 'LAG_09', 'LAG_10', 'LAG_11', 'LAG_12');0.30123
('TEMP_MIN_MÉD_MENS', 'TEMP_MÉD_MIN_MENS', 'TEMP_MÉD_MÉD_MENS', 'TEMP_MÉD_MAX_MENS', 'TEMP_MÉD_ACC_MENS', 'PRECIPITAÇÃO_MÉD_MENS', 'TEMP_MIN_MAX_MENS', 'TEMP_MAX_MIN_MENS', 'TEMP_MAX_MAX_MENS', 'TEMP_MAX_ACC_MENS', 'PRECIPITAÇÃO_MAX_MENS', 'DIA_DA_SEMANA_dom', 'DIA_DA_SEMANA_qua', 'DIA_DA_SEMANA_qui', 'DIA_DA_SEMANA_seg', 'DIA_DA_SEMANA_sáb', 'DIA_DA_SEMANA_ter', 'MÊS_mai', 'MÊS_mar', 'MÊS_nov', 'ANO_2021', 'ANO_2022', 'ANO_2023', 'ANO_2024', 'ANO_2015', 'ANO_2017', 'ANO_2019', 'ANO_2020', 'CAMPUS_ASSIS CHATEAUBRIAND', 'CAMPUS_ASTORGA', 'CAMPUS_BARRACÃO', 'CAMPUS_FOZ DO IGUAÇU', 'CAMPUS_IRATI', 'CAMPUS_JACAREZINHO', 'CAMPUS_JAGUARIAÍVA', 'CAMPUS_LONDRINA - CENTRO', 'CAMPUS_PALMAS', 'CAMPUS_PARANAGUÁ', 'CAMPUS_PARANAVAÍ', 'CAMPUS_PINHAIS', 'CAMPUS_UMUARAMA', 'CAMPUS_UNIÃO DA VITÓRIA', 'CURSOS_TEC_CONCOMITANTE', 'CURSOS_TEC_INTEGRADO', 'CURSOS_GRAD_VESPERTINO', 'CURSOS_POS', 'FERIADO', 'COVID', 'GREVE', 'ORDEM', 'LAG_01', 'LAG_02', 'LAG_03', 'LAG_04', 'LAG_05', 'LAG_06', 'LAG_07', 'LAG_08', 'LAG_09', 'LAG_12');0.30128
('TEMP_MIN_MÉD_MENS', 'TEMP_MÉD_MIN_MENS', 'TEMP_MÉD_MÉD_MENS', 'TEMP_MÉD_MAX_MENS', 'TEMP_MÉD_ACC_MENS', 'PRECIPITAÇÃO_MÉD_MENS', 'TEMP_MIN_MIN_MENS', 'TEMP_MAX_MIN_MENS', 'TEMP_MAX_MAX_MENS', 'PRECIPITAÇÃO_MAX_MENS', 'DIA_DA_SEMANA_dom', 'DIA_DA_SEMANA_qua', 'DIA_DA_SEMANA_seg', 'DIA_DA_SEMANA_sex', 'DIA_DA_SEMANA_sáb', 'DIA_DA_SEMANA_ter', 'MÊS_ago', 'MÊS_jan', 'MÊS_jul', 'MÊS_jun', 'MÊS_mai', 'MÊS_mar', 'MÊS_out', 'MÊS_set', 'ANO_2021', 'ANO_2022', 'ANO_2023', 'ANO_2024', 'ANO_2015', 'ANO_2016', 'ANO_2018', 'ANO_2019', 'CAMPUS_ASTORGA', 'CAMPUS_BARRACÃO', 'CAMPUS_CAMPO LARGO', 'CAMPUS_CASCAVEL', 'CAMPUS_FOZ DO IGUAÇU', 'CAMPUS_GOIOERÊ', 'CAMPUS_IRATI', 'CAMPUS_IVAIPORÃ', 'CAMPUS_JACAREZINHO', 'CAMPUS_JAGUARIAÍVA', 'CAMPUS_PALMAS', 'CAMPUS_PARANAVAÍ', 'CAMPUS_PINHAIS', 'CAMPUS_UMUARAMA', 'CURSOS_TEC_INTEGRADO', 'CURSOS_GRAD_MATUTINO', 'CURSOS_GRAD_VESPERTINO', 'CURSOS_GRAD_NOTURNO', 'FÉRIAS', 'FERIADO', 'COVID', 'GREVE', 'LAG_01', 'LAG_04', 'LAG_05', 'LAG_07', 'LAG_11', 'LAG_12');0.30138
('TEMP_MIN_MÉD_MENS', 'TEMP_MÉD_MIN_MENS', 'TEMP_MIN_MIN_MENS', 'TEMP_MIN_MAX_MENS', 'PRECIPITAÇÃO_MIN_MENS', 'TEMP_MAX_ACC_MENS', 'PRECIPITAÇÃO_ACC_MENS', 'DIA_DA_SEMANA_qua', 'DIA_DA_SEMANA_qui', 'DIA_DA_SEMANA_seg', 'DIA_DA_SEMANA_sex', 'MÊS_abr', 'MÊS_ago', 'MÊS_fev', 'MÊS_jan', 'MÊS_jul', 'MÊS_mai', 'MÊS_mar', 'MÊS_nov', 'ANO_2022', 'ANO_2023', 'ANO_2017', 'CAMPUS_ASTORGA', 'CAMPUS_BARRACÃO', 'CAMPUS_CAPANEMA', 'CAMPUS_CURITIBA', 'CAMPUS_FOZ DO IGUAÇU', 'CAMPUS_IRATI', 'CAMPUS_JACAREZINHO', 'CAMPUS_PARANAGUÁ', 'CAMPUS_PARANAVAÍ', 'CAMPUS_PINHAIS', 'CAMPUS_QUEDAS DO IGUAÇU', 'CAMPUS_UNIÃO DA VITÓRIA', 'CURSOS_TEC_INTEGRADO', 'CURSOS_GRAD_MATUTINO', 'CURSOS_GRAD_VESPERTINO', 'CURSOS_GRAD_NOTURNO', 'FÉRIAS', 'LAG_01', 'LAG_02', 'LAG_03', 'LAG_04', 'LAG_05', 'LAG_06', 'LAG_07', 'LAG_08', 'LAG_09', 'LAG_11', 'LAG_12');0.3014
('TEMP_MIN_MÉD_MENS', 'TEMP_MÉD_ACC_MENS', 'TEMP_MAX_MÉD_MENS', 'PRECIPITAÇÃO_MÉD_MENS', 'TEMP_MIN_MIN_MENS', 'TEMP_MAX_MIN_MENS', 'PRECIPITAÇÃO_MIN_MENS', 'TEMP_MAX_MAX_MENS', 'PRECIPITAÇÃO_MAX_MENS', 'DIA_DA_SEMANA_dom', 'DIA_DA_SEMANA_qui', 'DIA_DA_SEMANA_sex', 'DIA_DA_SEMANA_sáb', 'DIA_DA_SEMANA_ter', 'MÊS_ago', 'MÊS_jan', 'MÊS_jun', 'MÊS_mai', 'MÊS_out', 'MÊS_set', 'ANO_2021', 'ANO_2022', 'ANO_2023', 'ANO_2015', 'ANO_2018', 'ANO_2019', 'ANO_2020', 'CAMPUS_ASSIS CHATEAUBRIAND', 'CAMPUS_ASTORGA', 'CAMPUS_BARRACÃO', 'CAMPUS_CURITIBA', 'CAMPUS_GOIOERÊ', 'CAMPUS_IRATI', 'CAMPUS_IVAIPORÃ', 'CAMPUS_JACAREZINHO', 'CAMPUS_JAGUARIAÍVA', 'CAMPUS_PARANAGUÁ', 'CAMPUS_PARANAVAÍ', 'CAMPUS_PITANGA', 'CAMPUS_QUEDAS DO IGUAÇU', 'CAMPUS_TELÊMACO BORBA', 'CURSOS_TEC_INTEGRADO', 'CURSOS_GRAD_MATUTINO', 'CURSOS_GRAD_VESPERTINO', 'FERIADO', 'COVID', 'GREVE', 'ORDEM', 'LAG_01', 'LAG_02', 'LAG_03', 'LAG_09', 'LAG_10', 'LAG_12');0.3015
('TEMP_MIN_MÉD_MENS', 'TEMP_MÉD_MIN_MENS', 'TEMP_MÉD_ACC_MENS', 'TEMP_MIN_MAX_MENS', 'TEMP_MIN_ACC_MENS', 'TEMP_MAX_MIN_MENS', 'TEMP_MAX_ACC_MENS', 'PRECIPITAÇÃO_MAX_MENS', 'PRECIPITAÇÃO_ACC_MENS', 'DIA_DA_SEMANA_dom', 'DIA_DA_SEMANA_qua', 'DIA_DA_SEMANA_seg', 'MÊS_ago', 'MÊS_dez', 'MÊS_fev', 'MÊS_jul', 'MÊS_jun', 'MÊS_mai', 'MÊS_mar', 'MÊS_nov', 'MÊS_out', 'MÊS_set', 'ANO_2015', 'ANO_2016', 'ANO_2017', 'ANO_2018', 'ANO_2019', 'ANO_2020', 'CAMPUS_BARRACÃO', 'CAMPUS_CAMPO LARGO', 'CAMPUS_CASCAVEL', 'CAMPUS_FOZ DO IGUAÇU', 'CAMPUS_GOIOERÊ', 'CAMPUS_JACAREZINHO', 'CAMPUS_JAGUARIAÍVA', 'CAMPUS_PALMAS', 'CAMPUS_PARANAGUÁ', 'CAMPUS_PARANAVAÍ', 'CAMPUS_PINHAIS', 'CAMPUS_PITANGA', 'CAMPUS_QUEDAS DO IGUAÇU', 'CAMPUS_UNIÃO DA VITÓRIA', 'CURSOS_TEC_CONCOMITANTE', 'CURSOS_TEC_INTEGRADO', 'CURSOS_TEC_SUBSEQUENTE', 'CURSOS_GRAD_VESPERTINO', 'FÉRIAS', 'FERIADO', 'COVID', 'GREVE', 'LAG_01', 'LAG_02', 'LAG_04', 'LAG_05', 'LAG_11', 'LAG_12');0.30155
('TEMP_MIN_MÉD_MENS', 'TEMP_MÉD_MIN_MENS', 'TEMP_MÉD_ACC_MENS', 'PRECIPITAÇÃO_MÉD_MENS', 'PRECIPITAÇÃO_MIN_MENS', 'TEMP_MAX_ACC_MENS', 'PRECIPITAÇÃO_ACC_MENS', 'DIA_DA_SEMANA_dom', 'DIA_DA_SEMANA_qua', 'DIA_DA_SEMANA_qui', 'DIA_DA_SEMANA_sáb', 'DIA_DA_SEMANA_ter', 'MÊS_abr', 'MÊS_ago', 'MÊS_dez', 'MÊS_jan', 'MÊS_jul', 'MÊS_jun', 'MÊS_mai', 'MÊS_mar', 'MÊS_out', 'ANO_2022', 'ANO_2024', 'ANO_2016', 'ANO_2017', 'ANO_2018', 'ANO_2019', 'CAMPUS_BARRACÃO', 'CAMPUS_CAMPO LARGO', 'CAMPUS_CAPANEMA', 'CAMPUS_CURITIBA', 'CAMPUS_FOZ DO IGUAÇU', 'CAMPUS_GOIOERÊ', 'CAMPUS_JACAREZINHO', 'CAMPUS_PALMAS', 'CAMPUS_PITANGA', 'CAMPUS_UNIÃO DA VITÓRIA', 'CURSOS_TEC_CONCOMITANTE', 'CURSOS_TEC_SUBSEQUENTE', 'CURSOS_GRAD_MATUTINO', 'CURSOS_GRAD_VESPERTINO', 'CURSOS_GRAD_NOTURNO', 'CURSOS_POS', 'GREVE', 'ORDEM', 'LAG_01', 'LAG_03', 'LAG_04', 'LAG_05', 'LAG_06', 'LAG_10', 'LAG_12');0.30156
('TEMP_MÉD_MIN_MENS', 'TEMP_MÉD_ACC_MENS', 'TEMP_MAX_MÉD_MENS', 'TEMP_MIN_ACC_MENS', 'PRECIPITAÇÃO_MIN_MENS', 'TEMP_MAX_ACC_MENS', 'PRECIPITAÇÃO_ACC_MENS', 'DIA_DA_SEMANA_qua', 'DIA_DA_SEMANA_seg', 'DIA_DA_SEMANA_sáb', 'DIA_DA_SEMANA_ter', 'MÊS_abr', 'MÊS_ago', 'MÊS_dez', 'MÊS_fev', 'MÊS_jan', 'MÊS_jul', 'MÊS_jun', 'MÊS_mai', 'MÊS_mar', 'ANO_2021', 'ANO_2022', 'ANO_2023', 'ANO_2024', 'ANO_2016', 'ANO_2017', 'ANO_2020', 'CAMPUS_ASSIS CHATEAUBRIAND', 'CAMPUS_ASTORGA', 'CAMPUS_CAMPO LARGO', 'CAMPUS_CAPANEMA', 'CAMPUS_CURITIBA', 'CAMPUS_FOZ DO IGUAÇU', 'CAMPUS_GOIOERÊ', 'CAMPUS_IRATI', 'CAMPUS_JAGUARIAÍVA', 'CAMPUS_LONDRINA - CENTRO', 'CAMPUS_PALMAS', 'CAMPUS_PINHAIS', 'CAMPUS_TELÊMACO BORBA', 'CAMPUS_UMUARAMA', 'CAMPUS_UNIÃO DA VITÓRIA', 'CURSOS_TEC_CONCOMITANTE', 'CURSOS_TEC_INTEGRADO', 'CURSOS_GRAD_NOTURNO', 'CURSOS_POS', 'COVID', 'ORDEM', 'LAG_01', 'LAG_02', 'LAG_03', 'LAG_05', 'LAG_06', 'LAG_09', 'LAG_10', 'LAG_12');0.3016
('TEMP_MIN_MÉD_MENS', 'TEMP_MÉD_MIN_MENS', 'TEMP_MÉD_MAX_MENS', 'TEMP_MAX_MÉD_MENS', 'TEMP_MIN_MIN_MENS', 'TEMP_MIN_MAX_MENS', 'TEMP_MAX_MIN_MENS', 'TEMP_MAX_ACC_MENS', 'DIA_DA_SEMANA_dom', 'DIA_DA_SEMANA_qua', 'DIA_DA_SEMANA_qui', 'DIA_DA_SEMANA_seg', 'DIA_DA_SEMANA_sáb', 'DIA_DA_SEMANA_ter', 'MÊS_ago', 'MÊS_dez', 'MÊS_fev', 'MÊS_jul', 'MÊS_jun', 'MÊS_out', 'ANO_2021', 'ANO_2022', 'ANO_2024', 'ANO_2016', 'ANO_2017', 'ANO_2020', 'CAMPUS_ASSIS CHATEAUBRIAND', 'CAMPUS_ASTORGA', 'CAMPUS_CAMPO LARGO', 'CAMPUS_CAPANEMA', 'CAMPUS_CASCAVEL', 'CAMPUS_CORONEL VIVIDA', 'CAMPUS_CURITIBA', 'CAMPUS_FOZ DO IGUAÇU', 'CAMPUS_GOIOERÊ', 'CAMPUS_IRATI', 'CAMPUS_IVAIPORÃ', 'CAMPUS_JAGUARIAÍVA', 'CAMPUS_PALMAS', 'CAMPUS_PARANAGUÁ', 'CAMPUS_PITANGA', 'CAMPUS_QUEDAS DO IGUAÇU', 'CAMPUS_UMUARAMA', 'CAMPUS_UNIÃO DA VITÓRIA', 'CURSOS_TEC_CONCOMITANTE', 'CURSOS_TEC_INTEGRADO', 'CURSOS_TEC_SUBSEQUENTE', 'CURSOS_GRAD_MATUTINO', 'CURSOS_GRAD_VESPERTINO', 'CURSOS_GRAD_NOTURNO', 'CURSOS_POS', 'FERIADO', 'ORDEM', 'LAG_01', 'LAG_04', 'LAG_05', 'LAG_06', 'LAG_07', 'LAG_08', 'LAG_10', 'LAG_11', 'LAG_12');0.30168
('TEMP_MIN_MÉD_MENS', 'TEMP_MÉD_MIN_MENS', 'TEMP_MÉD_ACC_MENS', 'PRECIPITAÇÃO_MÉD_MENS', 'TEMP_MIN_MIN_MENS', 'TEMP_MIN_MAX_MENS', 'TEMP_MIN_ACC_MENS', 'TEMP_MAX_MIN_MENS', 'TEMP_MAX_ACC_MENS', 'PRECIPITAÇÃO_MAX_MENS', 'DIA_DA_SEMANA_dom', 'DIA_DA_SEMANA_qua', 'DIA_DA_SEMANA_qui', 'DIA_DA_SEMANA_seg', 'MÊS_ago', 'MÊS_fev', 'MÊS_jan', 'MÊS_jul', 'MÊS_jun', 'MÊS_mai', 'MÊS_mar', 'MÊS_nov', 'ANO_2022', 'ANO_2023', 'ANO_2024', 'ANO_2015', 'ANO_2019', 'ANO_2020', 'CAMPUS_ASSIS CHATEAUBRIAND', 'CAMPUS_ASTORGA', 'CAMPUS_BARRACÃO', 'CAMPUS_CAMPO LARGO', 'CAMPUS_CAPANEMA', 'CAMPUS_FOZ DO IGUAÇU', 'CAMPUS_JAGUARIAÍVA', 'CAMPUS_PALMAS', 'CAMPUS_PARANAGUÁ', 'CAMPUS_PARANAVAÍ', 'CAMPUS_PINHAIS', 'CAMPUS_QUEDAS DO IGUAÇU', 'CAMPUS_TELÊMACO BORBA', 'CAMPUS_UMUARAMA', 'CAMPUS_UNIÃO DA VITÓRIA', 'CURSOS_TEC_SUBSEQUENTE', 'CURSOS_GRAD_NOTURNO', 'CURSOS_POS', 'FERIADO', 'COVID', 'GREVE', 'LAG_01', 'LAG_02', 'LAG_03', 'LAG_04', 'LAG_06', 'LAG_08', 'LAG_10', 'LAG_11', 'LAG_12');0.30174
('TEMP_MÉD_MIN_MENS', 'TEMP_MÉD_MÉD_MENS', 'TEMP_MIN_MAX_MENS', 'PRECIPITAÇÃO_MIN_MENS', 'TEMP_MAX_MAX_MENS', 'PRECIPITAÇÃO_MAX_MENS', 'DIA_DA_SEMANA_ter', 'MÊS_ago', 'MÊS_dez', 'MÊS_fev', 'MÊS_jan', 'MÊS_jun', 'MÊS_mai', 'MÊS_out', 'ANO_2024', 'ANO_2015', 'ANO_2018', 'ANO_2020', 'CAMPUS_ASSIS CHATEAUBRIAND', 'CAMPUS_ASTORGA', 'CAMPUS_BARRACÃO', 'CAMPUS_CORONEL VIVIDA', 'CAMPUS_CURITIBA', 'CAMPUS_GOIOERÊ', 'CAMPUS_IRATI', 'CAMPUS_IVAIPORÃ', 'CAMPUS_JACAREZINHO', 'CAMPUS_JAGUARIAÍVA', 'CAMPUS_LONDRINA - CENTRO', 'CAMPUS_PARANAGUÁ', 'CAMPUS_PARANAVAÍ', 'CAMPUS_PINHAIS', 'CAMPUS_PITANGA', 'CAMPUS_QUEDAS DO IGUAÇU', 'CAMPUS_UNIÃO DA VITÓRIA', 'CURSOS_TEC_INTEGRADO', 'CURSOS_GRAD_MATUTINO', 'CURSOS_GRAD_VESPERTINO', 'CURSOS_GRAD_NOTURNO', 'CURSOS_POS', 'FERIADO', 'COVID', 'GREVE', 'LAG_01', 'LAG_02', 'LAG_06', 'LAG_07', 'LAG_10', 'LAG_12');0.30174
('TEMP_MÉD_MIN_MENS', 'TEMP_MÉD_MAX_MENS', 'TEMP_MÉD_ACC_MENS', 'PRECIPITAÇÃO_MÉD_MENS', 'TEMP_MIN_ACC_MENS', 'TEMP_MAX_MIN_MENS', 'TEMP_MAX_MAX_MENS', 'TEMP_MAX_ACC_MENS', 'PRECIPITAÇÃO_MAX_MENS', 'PRECIPITAÇÃO_ACC_MENS', 'DIA_DA_SEMANA_dom', 'DIA_DA_SEMANA_qui', 'DIA_DA_SEMANA_sex', 'DIA_DA_SEMANA_sáb', 'DIA_DA_SEMANA_ter', 'MÊS_ago', 'MÊS_fev', 'MÊS_jan', 'MÊS_jul', 'MÊS_jun', 'MÊS_out', 'ANO_2021', 'ANO_2022', 'ANO_2020', 'CAMPUS_ASSIS CHATEAUBRIAND', 'CAMPUS_BARRACÃO', 'CAMPUS_CAPANEMA', 'CAMPUS_CASCAVEL', 'CAMPUS_GOIOERÊ', 'CAMPUS_PARANAGUÁ', 'CAMPUS_PARANAVAÍ', 'CAMPUS_PINHAIS', 'CAMPUS_PITANGA', 'CAMPUS_QUEDAS DO IGUAÇU', 'CAMPUS_TELÊMACO BORBA', 'CAMPUS_UMUARAMA', 'CURSOS_TEC_CONCOMITANTE', 'CURSOS_TEC_SUBSEQUENTE', 'CURSOS_GRAD_MATUTINO', 'CURSOS_GRAD_VESPERTINO', 'CURSOS_POS', 'COVID', 'GREVE', 'ORDEM', 'LAG_01', 'LAG_06', 'LAG_07', 'LAG_08', 'LAG_10', 'LAG_11', 'LAG_12');0.30177
('TEMP_MÉD_MAX_MENS', 'PRECIPITAÇÃO_MÉD_MENS', 'TEMP_MIN_MAX_MENS', 'TEMP_MAX_MIN_MENS', 'PRECIPITAÇÃO_MIN_MENS', 'TEMP_MAX_ACC_MENS', 'DIA_DA_SEMANA_qua', 'DIA_DA_SEMANA_qui', 'DIA_DA_SEMANA_sex', 'MÊS_ago', 'MÊS_dez', 'MÊS_jun', 'MÊS_mai', 'MÊS_mar', 'MÊS_out', 'ANO_2021', 'ANO_2022', 'ANO_2023', 'ANO_2024', 'ANO_2015', 'ANO_2016', 'ANO_2018', 'ANO_2019', 'CAMPUS_ASSIS CHATEAUBRIAND', 'CAMPUS_CAPANEMA', 'CAMPUS_CASCAVEL', 'CAMPUS_CURITIBA', 'CAMPUS_FOZ DO IGUAÇU', 'CAMPUS_GOIOERÊ', 'CAMPUS_IRATI', 'CAMPUS_IVAIPORÃ', 'CAMPUS_JAGUARIAÍVA', 'CAMPUS_LONDRINA - CENTRO', 'CAMPUS_PINHAIS', 'CAMPUS_UNIÃO DA VITÓRIA', 'CURSOS_TEC_INTEGRADO', 'CURSOS_GRAD_MATUTINO', 'CURSOS_GRAD_VESPERTINO', 'CURSOS_GRAD_NOTURNO', 'CURSOS_POS', 'FÉRIAS', 'FERIADO', 'LAG_01', 'LAG_03', 'LAG_04', 'LAG_05', 'LAG_06', 'LAG_08', 'LAG_09', 'LAG_11', 'LAG_12');0.3018
('TEMP_MIN_MÉD_MENS', 'TEMP_MÉD_MIN_MENS', 'TEMP_MÉD_ACC_MENS', 'TEMP_MIN_MIN_MENS', 'TEMP_MIN_MAX_MENS', 'TEMP_MAX_MIN_MENS', 'PRECIPITAÇÃO_MIN_MENS', 'TEMP_MAX_MAX_MENS', 'PRECIPITAÇÃO_MAX_MENS', 'DIA_DA_SEMANA_dom', 'DIA_DA_SEMANA_qua', 'DIA_DA_SEMANA_qui', 'DIA_DA_SEMANA_seg', 'DIA_DA_SEMANA_ter', 'MÊS_abr', 'MÊS_ago', 'MÊS_fev', 'MÊS_jan', 'MÊS_jul', 'MÊS_jun', 'MÊS_mai', 'MÊS_mar', 'MÊS_nov', 'MÊS_out', 'ANO_2021', 'ANO_2023', 'ANO_2015', 'ANO_2017', 'CAMPUS_ASTORGA', 'CAMPUS_CAMPO LARGO', 'CAMPUS_CAPANEMA', 'CAMPUS_CORONEL VIVIDA', 'CAMPUS_CURITIBA', 'CAMPUS_GOIOERÊ', 'CAMPUS_IRATI', 'CAMPUS_JACAREZINHO', 'CAMPUS_JAGUARIAÍVA', 'CAMPUS_LONDRINA - CENTRO', 'CAMPUS_PARANAGUÁ', 'CAMPUS_QUEDAS DO IGUAÇU', 'CAMPUS_TELÊMACO BORBA', 'CAMPUS_UMUARAMA', 'CAMPUS_UNIÃO DA VITÓRIA', 'CURSOS_TEC_SUBSEQUENTE', 'CURSOS_GRAD_VESPERTINO', 'CURSOS_POS', 'FERIADO', 'COVID', 'GREVE', 'ORDEM', 'LAG_02', 'LAG_04', 'LAG_05', 'LAG_06', 'LAG_07', 'LAG_08', 'LAG_09', 'LAG_10', 'LAG_11');0.30181
('TEMP_MIN_MÉD_MENS', 'TEMP_MÉD_MÉD_MENS', 'TEMP_MÉD_MAX_MENS', 'TEMP_MAX_MÉD_MENS', 'PRECIPITAÇÃO_MÉD_MENS', 'TEMP_MIN_MAX_MENS', 'TEMP_MIN_ACC_MENS', 'TEMP_MAX_MIN_MENS', 'TEMP_MAX_ACC_MENS', 'PRECIPITAÇÃO_MAX_MENS', 'PRECIPITAÇÃO_ACC_MENS', 'DIA_DA_SEMANA_qua', 'DIA_DA_SEMANA_seg', 'DIA_DA_SEMANA_sex', 'DIA_DA_SEMANA_ter', 'MÊS_fev', 'MÊS_mai', 'MÊS_mar', 'MÊS_set', 'ANO_2023', 'ANO_2015', 'ANO_2017', 'ANO_2018', 'CAMPUS_BARRACÃO', 'CAMPUS_CORONEL VIVIDA', 'CAMPUS_FOZ DO IGUAÇU', 'CAMPUS_GOIOERÊ', 'CAMPUS_IRATI', 'CAMPUS_IVAIPORÃ', 'CAMPUS_JACAREZINHO', 'CAMPUS_JAGUARIAÍVA', 'CAMPUS_PARANAVAÍ', 'CAMPUS_QUEDAS DO IGUAÇU', 'CAMPUS_TELÊMACO BORBA', 'CAMPUS_UNIÃO DA VITÓRIA', 'CURSOS_GRAD_VESPERTINO', 'CURSOS_GRAD_NOTURNO', 'CURSOS_POS', 'FÉRIAS', 'FERIADO', 'ORDEM', 'LAG_03', 'LAG_04', 'LAG_05', 'LAG_06', 'LAG_07', 'LAG_10', 'LAG_12');0.30186
('TEMP_MIN_MÉD_MENS', 'TEMP_MAX_MÉD_MENS', 'PRECIPITAÇÃO_MÉD_MENS', 'TEMP_MIN_MIN_MENS', 'TEMP_MIN_ACC_MENS', 'TEMP_MAX_ACC_MENS', 'PRECIPITAÇÃO_MAX_MENS', 'PRECIPITAÇÃO_ACC_MENS', 'DIA_DA_SEMANA_dom', 'DIA_DA_SEMANA_seg', 'DIA_DA_SEMANA_sáb', 'MÊS_ago', 'MÊS_jul', 'MÊS_mai', 'MÊS_mar', 'MÊS_nov', 'ANO_2022', 'ANO_2023', 'ANO_2024', 'ANO_2015', 'ANO_2016', 'ANO_2017', 'ANO_2018', 'ANO_2019', 'ANO_2020', 'CAMPUS_BARRACÃO', 'CAMPUS_CAPANEMA', 'CAMPUS_CASCAVEL', 'CAMPUS_CURITIBA', 'CAMPUS_GOIOERÊ', 'CAMPUS_IRATI', 'CAMPUS_JAGUARIAÍVA', 'CAMPUS_LONDRINA - CENTRO', 'CAMPUS_PARANAGUÁ', 'CAMPUS_PINHAIS', 'CAMPUS_UMUARAMA', 'CURSOS_TEC_CONCOMITANTE', 'CURSOS_TEC_INTEGRADO', 'CURSOS_GRAD_MATUTINO', 'CURSOS_GRAD_NOTURNO', 'FÉRIAS', 'GREVE', 'ORDEM', 'LAG_01', 'LAG_05', 'LAG_06', 'LAG_07', 'LAG_08', 'LAG_09', 'LAG_10', 'LAG_11');0.30187
('TEMP_MIN_MÉD_MENS', 'TEMP_MÉD_MIN_MENS', 'TEMP_MÉD_MÉD_MENS', 'TEMP_MÉD_ACC_MENS', 'PRECIPITAÇÃO_MÉD_MENS', 'TEMP_MIN_MIN_MENS', 'TEMP_MIN_MAX_MENS', 'TEMP_MIN_ACC_MENS', 'TEMP_MAX_MIN_MENS', 'PRECIPITAÇÃO_MIN_MENS', 'TEMP_MAX_ACC_MENS', 'PRECIPITAÇÃO_ACC_MENS', 'DIA_DA_SEMANA_qui', 'DIA_DA_SEMANA_ter', 'MÊS_abr', 'MÊS_ago', 'MÊS_fev', 'MÊS_jan', 'MÊS_jul', 'MÊS_jun', 'MÊS_mai', 'MÊS_nov', 'MÊS_out', 'ANO_2021', 'ANO_2022', 'ANO_2018', 'ANO_2019', 'ANO_2020', 'CAMPUS_CAMPO LARGO', 'CAMPUS_CASCAVEL', 'CAMPUS_CURITIBA', 'CAMPUS_FOZ DO IGUAÇU', 'CAMPUS_GOIOERÊ', 'CAMPUS_JAGUARIAÍVA', 'CAMPUS_PALMAS', 'CAMPUS_PARANAGUÁ', 'CAMPUS_PARANAVAÍ', 'CAMPUS_PITANGA', 'CAMPUS_TELÊMACO BORBA', 'CAMPUS_UNIÃO DA VITÓRIA', 'CURSOS_TEC_CONCOMITANTE', 'CURSOS_TEC_SUBSEQUENTE', 'CURSOS_GRAD_MATUTINO', 'CURSOS_POS', 'FÉRIAS', 'FERIADO', 'COVID', 'GREVE', 'LAG_04', 'LAG_06', 'LAG_07', 'LAG_08', 'LAG_11', 'LAG_12');0.30189
('TEMP_MIN_MÉD_MENS', 'TEMP_MÉD_MIN_MENS', 'TEMP_MÉD_ACC_MENS', 'TEMP_MAX_MÉD_MENS', 'PRECIPITAÇÃO_MÉD_MENS', 'TEMP_MAX_MIN_MENS', 'PRECIPITAÇÃO_MIN_MENS', 'TEMP_MAX_MAX_MENS', 'TEMP_MAX_ACC_MENS', 'PRECIPITAÇÃO_MAX_MENS', 'DIA_DA_SEMANA_dom', 'DIA_DA_SEMANA_qua', 'DIA_DA_SEMANA_seg', 'DIA_DA_SEMANA_sáb', 'MÊS_jan', 'MÊS_jul', 'MÊS_mar', 'MÊS_nov', 'MÊS_out', 'ANO_2022', 'ANO_2023', 'ANO_2019', 'CAMPUS_ASSIS CHATEAUBRIAND', 'CAMPUS_ASTORGA', 'CAMPUS_CAMPO LARGO', 'CAMPUS_CAPANEMA', 'CAMPUS_CASCAVEL', 'CAMPUS_CORONEL VIVIDA', 'CAMPUS_FOZ DO IGUAÇU', 'CAMPUS_GOIOERÊ', 'CAMPUS_IVAIPORÃ', 'CAMPUS_PALMAS', 'CAMPUS_PARANAGUÁ', 'CAMPUS_PARANAVAÍ', 'CAMPUS_PINHAIS', 'CAMPUS_PITANGA', 'CAMPUS_TELÊMACO BORBA', 'CAMPUS_UMUARAMA', 'CAMPUS_UNIÃO DA VITÓRIA', 'CURSOS_TEC_SUBSEQUENTE', 'CURSOS_GRAD_MATUTINO', 'FÉRIAS', 'COVID', 'ORDEM', 'LAG_02', 'LAG_04', 'LAG_05', 'LAG_08', 'LAG_10');0.30191
('TEMP_MÉD_MIN_MENS', 'TEMP_MÉD_MÉD_MENS', 'TEMP_MÉD_MAX_MENS', 'TEMP_MÉD_ACC_MENS', 'TEMP_MAX_MÉD_MENS', 'PRECIPITAÇÃO_MÉD_MENS', 'TEMP_MIN_ACC_MENS', 'TEMP_MAX_MIN_MENS', 'PRECIPITAÇÃO_MIN_MENS', 'TEMP_MAX_ACC_MENS', 'PRECIPITAÇÃO_MAX_MENS', 'PRECIPITAÇÃO_ACC_MENS', 'DIA_DA_SEMANA_dom', 'DIA_DA_SEMANA_seg', 'DIA_DA_SEMANA_sex', 'MÊS_abr', 'MÊS_ago', 'MÊS_fev', 'MÊS_jan', 'MÊS_jul', 'MÊS_jun', 'MÊS_nov', 'MÊS_set', 'ANO_2021', 'ANO_2022', 'ANO_2023', 'ANO_2024', 'ANO_2016', 'ANO_2017', 'ANO_2018', 'ANO_2019', 'CAMPUS_ASTORGA', 'CAMPUS_CAMPO LARGO', 'CAMPUS_CASCAVEL', 'CAMPUS_CORONEL VIVIDA', 'CAMPUS_FOZ DO IGUAÇU', 'CAMPUS_IRATI', 'CAMPUS_IVAIPORÃ', 'CAMPUS_JACAREZINHO', 'CAMPUS_JAGUARIAÍVA', 'CAMPUS_LONDRINA - CENTRO', 'CAMPUS_PARANAGUÁ', 'CAMPUS_PARANAVAÍ', 'CAMPUS_PINHAIS', 'CAMPUS_TELÊMACO BORBA', 'CAMPUS_UMUARAMA', 'CAMPUS_UNIÃO DA VITÓRIA', 'CURSOS_TEC_INTEGRADO', 'CURSOS_TEC_SUBSEQUENTE', 'CURSOS_POS', 'FÉRIAS', 'FERIADO', 'COVID', 'GREVE', 'LAG_01', 'LAG_02', 'LAG_03', 'LAG_04', 'LAG_07', 'LAG_10', 'LAG_11', 'LAG_12');0.30203
('TEMP_MÉD_MÉD_MENS', 'TEMP_MÉD_ACC_MENS', 'TEMP_MIN_MIN_MENS', 'TEMP_MIN_MAX_MENS', 'PRECIPITAÇÃO_MIN_MENS', 'TEMP_MAX_ACC_MENS', 'PRECIPITAÇÃO_ACC_MENS', 'DIA_DA_SEMANA_dom', 'DIA_DA_SEMANA_sex', 'DIA_DA_SEMANA_sáb', 'DIA_DA_SEMANA_ter', 'MÊS_dez', 'MÊS_jan', 'MÊS_jul', 'MÊS_jun', 'MÊS_set', 'ANO_2021', 'ANO_2022', 'ANO_2024', 'ANO_2015', 'ANO_2016', 'ANO_2017', 'ANO_2018', 'ANO_2020', 'CAMPUS_ASTORGA', 'CAMPUS_CAMPO LARGO', 'CAMPUS_FOZ DO IGUAÇU', 'CAMPUS_IRATI', 'CAMPUS_IVAIPORÃ', 'CAMPUS_JAGUARIAÍVA', 'CAMPUS_PARANAGUÁ', 'CAMPUS_PARANAVAÍ', 'CAMPUS_QUEDAS DO IGUAÇU', 'CAMPUS_UNIÃO DA VITÓRIA', 'CURSOS_TEC_CONCOMITANTE', 'CURSOS_TEC_INTEGRADO', 'CURSOS_TEC_SUBSEQUENTE', 'CURSOS_GRAD_NOTURNO', 'CURSOS_POS', 'FÉRIAS', 'GREVE', 'ORDEM', 'LAG_02', 'LAG_03', 'LAG_05', 'LAG_08', 'LAG_09', 'LAG_11');0.30216
('TEMP_MIN_MÉD_MENS', 'TEMP_MÉD_MIN_MENS', 'TEMP_MÉD_MAX_MENS', 'TEMP_MAX_MÉD_MENS', 'PRECIPITAÇÃO_MÉD_MENS', 'TEMP_MIN_MIN_MENS', 'PRECIPITAÇÃO_MIN_MENS', 'TEMP_MAX_MAX_MENS', 'PRECIPITAÇÃO_MAX_MENS', 'PRECIPITAÇÃO_ACC_MENS', 'DIA_DA_SEMANA_qua', 'DIA_DA_SEMANA_qui', 'DIA_DA_SEMANA_seg', 'DIA_DA_SEMANA_sex', 'DIA_DA_SEMANA_sáb', 'MÊS_abr', 'MÊS_ago', 'MÊS_dez', 'MÊS_jan', 'MÊS_mai', 'MÊS_mar', 'MÊS_nov', 'MÊS_out', 'MÊS_set', 'ANO_2024', 'ANO_2015', 'ANO_2016', 'ANO_2019', 'CAMPUS_ASSIS CHATEAUBRIAND', 'CAMPUS_ASTORGA', 'CAMPUS_BARRACÃO', 'CAMPUS_CAPANEMA', 'CAMPUS_CASCAVEL', 'CAMPUS_CORONEL VIVIDA', 'CAMPUS_CURITIBA', 'CAMPUS_FOZ DO IGUAÇU', 'CAMPUS_GOIOERÊ', 'CAMPUS_IRATI', 'CAMPUS_JACAREZINHO', 'CAMPUS_LONDRINA - CENTRO', 'CAMPUS_PINHAIS', 'CAMPUS_UMUARAMA', 'CURSOS_TEC_SUBSEQUENTE', 'CURSOS_GRAD_MATUTINO', 'CURSOS_GRAD_VESPERTINO', 'FÉRIAS', 'COVID', 'LAG_01', 'LAG_03', 'LAG_05', 'LAG_06', 'LAG_07', 'LAG_11', 'LAG_12');0.30216
('TEMP_MIN_MÉD_MENS', 'TEMP_MAX_MÉD_MENS', 'PRECIPITAÇÃO_MÉD_MENS', 'TEMP_MIN_MIN_MENS', 'TEMP_MIN_MAX_MENS', 'TEMP_MAX_MIN_MENS', 'TEMP_MAX_MAX_MENS', 'PRECIPITAÇÃO_ACC_MENS', 'DIA_DA_SEMANA_dom', 'DIA_DA_SEMANA_qua', 'DIA_DA_SEMANA_seg', 'DIA_DA_SEMANA_ter', 'MÊS_jan', 'MÊS_mai', 'MÊS_mar', 'MÊS_nov', 'MÊS_out', 'MÊS_set', 'ANO_2022', 'ANO_2023', 'ANO_2017', 'ANO_2020', 'CAMPUS_ASTORGA', 'CAMPUS_BARRACÃO', 'CAMPUS_CAMPO LARGO', 'CAMPUS_CAPANEMA', 'CAMPUS_CORONEL VIVIDA', 'CAMPUS_CURITIBA', 'CAMPUS_FOZ DO IGUAÇU', 'CAMPUS_JAGUARIAÍVA', 'CAMPUS_LONDRINA - CENTRO', 'CAMPUS_PALMAS', 'CAMPUS_PARANAVAÍ', 'CAMPUS_PINHAIS', 'CAMPUS_PITANGA', 'CAMPUS_UMUARAMA', 'CURSOS_TEC_CONCOMITANTE', 'CURSOS_TEC_SUBSEQUENTE', 'CURSOS_GRAD_MATUTINO', 'CURSOS_GRAD_VESPERTINO', 'CURSOS_POS', 'FERIADO', 'COVID', 'ORDEM', 'LAG_01', 'LAG_02', 'LAG_05', 'LAG_08', 'LAG_12');0.30216
('TEMP_MIN_MÉD_MENS', 'TEMP_MÉD_MIN_MENS', 'TEMP_MÉD_MÉD_MENS', 'TEMP_MÉD_MAX_MENS', 'TEMP_MAX_MÉD_MENS', 'TEMP_MIN_MAX_MENS', 'TEMP_MAX_MIN_MENS', 'PRECIPITAÇÃO_MIN_MENS', 'PRECIPITAÇÃO_MAX_MENS', 'DIA_DA_SEMANA_qua', 'DIA_DA_SEMANA_sex', 'DIA_DA_SEMANA_sáb', 'DIA_DA_SEMANA_ter', 'MÊS_ago', 'MÊS_dez', 'MÊS_fev', 'MÊS_jan', 'MÊS_nov', 'MÊS_out', 'MÊS_set', 'ANO_2022', 'ANO_2023', 'ANO_2015', 'ANO_2016', 'ANO_2017', 'ANO_2020', 'CAMPUS_ASSIS CHATEAUBRIAND', 'CAMPUS_ASTORGA', 'CAMPUS_CORONEL VIVIDA', 'CAMPUS_FOZ DO IGUAÇU', 'CAMPUS_GOIOERÊ', 'CAMPUS_IRATI', 'CAMPUS_IVAIPORÃ', 'CAMPUS_JACAREZINHO', 'CAMPUS_JAGUARIAÍVA', 'CAMPUS_PARANAGUÁ', 'CAMPUS_PARANAVAÍ', 'CAMPUS_PITANGA', 'CAMPUS_TELÊMACO BORBA', 'CAMPUS_UMUARAMA', 'CURSOS_TEC_CONCOMITANTE', 'CURSOS_TEC_SUBSEQUENTE', 'CURSOS_GRAD_MATUTINO', 'CURSOS_GRAD_NOTURNO', 'FERIADO', 'COVID', 'GREVE', 'ORDEM', 'LAG_04', 'LAG_05', 'LAG_07', 'LAG_10', 'LAG_12');0.30216
('TEMP_MIN_MÉD_MENS', 'TEMP_MÉD_MIN_MENS', 'TEMP_MÉD_MÉD_MENS', 'TEMP_MÉD_MAX_MENS', 'TEMP_MÉD_ACC_MENS', 'TEMP_MAX_MÉD_MENS', 'PRECIPITAÇÃO_MÉD_MENS', 'TEMP_MAX_MIN_MENS', 'PRECIPITAÇÃO_MIN_MENS', 'TEMP_MAX_MAX_MENS', 'PRECIPITAÇÃO_MAX_MENS', 'DIA_DA_SEMANA_qua', 'DIA_DA_SEMANA_seg', 'MÊS_abr', 'MÊS_dez', 'MÊS_fev', 'MÊS_jan', 'MÊS_jul', 'MÊS_jun', 'MÊS_mar', 'ANO_2021', 'ANO_2015', 'ANO_2016', 'ANO_2017', 'ANO_2018', 'ANO_2019', 'ANO_2020', 'CAMPUS_ASTORGA', 'CAMPUS_BARRACÃO', 'CAMPUS_CAPANEMA', 'CAMPUS_CURITIBA', 'CAMPUS_FOZ DO IGUAÇU', 'CAMPUS_IVAIPORÃ', 'CAMPUS_LONDRINA - CENTRO', 'CAMPUS_PALMAS', 'CAMPUS_PARANAGUÁ', 'CAMPUS_PARANAVAÍ', 'CAMPUS_PINHAIS', 'CAMPUS_PITANGA', 'CAMPUS_QUEDAS DO IGUAÇU', 'CAMPUS_TELÊMACO BORBA', 'CAMPUS_UMUARAMA', 'CAMPUS_UNIÃO DA VITÓRIA', 'CURSOS_TEC_CONCOMITANTE', 'CURSOS_TEC_SUBSEQUENTE', 'CURSOS_GRAD_NOTURNO', 'FÉRIAS', 'COVID', 'LAG_01', 'LAG_02', 'LAG_05', 'LAG_08', 'LAG_12');0.30218
('TEMP_MÉD_MIN_MENS', 'TEMP_MÉD_MÉD_MENS', 'TEMP_MÉD_MAX_MENS', 'TEMP_MIN_MIN_MENS', 'TEMP_MIN_MAX_MENS', 'PRECIPITAÇÃO_MIN_MENS', 'TEMP_MAX_MAX_MENS', 'PRECIPITAÇÃO_MAX_MENS', 'PRECIPITAÇÃO_ACC_MENS', 'DIA_DA_SEMANA_qua', 'DIA_DA_SEMANA_seg', 'DIA_DA_SEMANA_sex', 'MÊS_fev', 'MÊS_jan', 'MÊS_jul', 'MÊS_jun', 'MÊS_set', 'ANO_2022', 'ANO_2024', 'ANO_2015', 'ANO_2017', 'ANO_2020', 'CAMPUS_ASSIS CHATEAUBRIAND', 'CAMPUS_ASTORGA', 'CAMPUS_BARRACÃO', 'CAMPUS_CAPANEMA', 'CAMPUS_CASCAVEL', 'CAMPUS_FOZ DO IGUAÇU', 'CAMPUS_GOIOERÊ', 'CAMPUS_JACAREZINHO', 'CAMPUS_JAGUARIAÍVA', 'CAMPUS_PALMAS', 'CAMPUS_PITANGA', 'CAMPUS_QUEDAS DO IGUAÇU', 'CAMPUS_TELÊMACO BORBA', 'CURSOS_TEC_CONCOMITANTE', 'CURSOS_TEC_INTEGRADO', 'CURSOS_GRAD_MATUTINO', 'CURSOS_GRAD_NOTURNO', 'FÉRIAS', 'FERIADO', 'ORDEM', 'LAG_01', 'LAG_02', 'LAG_04', 'LAG_08', 'LAG_10', 'LAG_12');0.30225
('TEMP_MÉD_MÉD_MENS', 'TEMP_MÉD_MAX_MENS', 'TEMP_MAX_MÉD_MENS', 'PRECIPITAÇÃO_MÉD_MENS', 'TEMP_MIN_MAX_MENS', 'TEMP_MIN_ACC_MENS', 'TEMP_MAX_MAX_MENS', 'PRECIPITAÇÃO_MAX_MENS', 'DIA_DA_SEMANA_seg', 'DIA_DA_SEMANA_sex', 'DIA_DA_SEMANA_sáb', 'MÊS_abr', 'MÊS_ago', 'MÊS_dez', 'MÊS_fev', 'MÊS_jan', 'MÊS_mai', 'MÊS_mar', 'MÊS_set', 'ANO_2021', 'ANO_2022', 'ANO_2024', 'ANO_2015', 'ANO_2017', 'ANO_2018', 'ANO_2020', 'CAMPUS_ASTORGA', 'CAMPUS_BARRACÃO', 'CAMPUS_CAMPO LARGO', 'CAMPUS_CORONEL VIVIDA', 'CAMPUS_FOZ DO IGUAÇU', 'CAMPUS_JAGUARIAÍVA', 'CAMPUS_LONDRINA - CENTRO', 'CAMPUS_PALMAS', 'CAMPUS_PARANAGUÁ', 'CAMPUS_PARANAVAÍ', 'CAMPUS_PITANGA', 'CAMPUS_QUEDAS DO IGUAÇU', 'CURSOS_TEC_INTEGRADO', 'CURSOS_TEC_SUBSEQUENTE', 'CURSOS_GRAD_VESPERTINO', 'CURSOS_GRAD_NOTURNO', 'FÉRIAS', 'COVID', 'GREVE', 'LAG_05', 'LAG_07', 'LAG_10', 'LAG_11');0.30229
('TEMP_MÉD_MIN_MENS', 'TEMP_MÉD_MÉD_MENS', 'TEMP_MÉD_MAX_MENS', 'TEMP_MAX_MÉD_MENS', 'TEMP_MIN_MIN_MENS', 'TEMP_MIN_MAX_MENS', 'PRECIPITAÇÃO_MIN_MENS', 'TEMP_MAX_MAX_MENS', 'PRECIPITAÇÃO_MAX_MENS', 'PRECIPITAÇÃO_ACC_MENS', 'DIA_DA_SEMANA_qua', 'DIA_DA_SEMANA_qui', 'DIA_DA_SEMANA_seg', 'DIA_DA_SEMANA_sáb', 'DIA_DA_SEMANA_ter', 'MÊS_abr', 'MÊS_dez', 'MÊS_fev', 'MÊS_jul', 'MÊS_out', 'ANO_2023', 'ANO_2024', 'ANO_2015', 'ANO_2016', 'ANO_2019', 'ANO_2020', 'CAMPUS_ASSIS CHATEAUBRIAND', 'CAMPUS_ASTORGA', 'CAMPUS_BARRACÃO', 'CAMPUS_CAMPO LARGO', 'CAMPUS_CASCAVEL', 'CAMPUS_CORONEL VIVIDA', 'CAMPUS_CURITIBA', 'CAMPUS_FOZ DO IGUAÇU', 'CAMPUS_GOIOERÊ', 'CAMPUS_IRATI', 'CAMPUS_IVAIPORÃ', 'CAMPUS_JACAREZINHO', 'CAMPUS_JAGUARIAÍVA', 'CAMPUS_LONDRINA - CENTRO', 'CAMPUS_PALMAS', 'CAMPUS_PARANAGUÁ', 'CAMPUS_PARANAVAÍ', 'CAMPUS_PINHAIS', 'CAMPUS_PITANGA', 'CAMPUS_QUEDAS DO IGUAÇU', 'CAMPUS_UMUARAMA', 'CURSOS_TEC_CONCOMITANTE', 'CURSOS_TEC_INTEGRADO', 'CURSOS_GRAD_MATUTINO', 'CURSOS_GRAD_VESPERTINO', 'CURSOS_GRAD_NOTURNO', 'FÉRIAS', 'FERIADO', 'GREVE', 'ORDEM', 'LAG_01', 'LAG_02', 'LAG_03', 'LAG_04', 'LAG_08', 'LAG_12');0.30232
('TEMP_MÉD_MIN_MENS', 'TEMP_MÉD_MAX_MENS', 'PRECIPITAÇÃO_MÉD_MENS', 'TEMP_MIN_MIN_MENS', 'PRECIPITAÇÃO_MIN_MENS', 'TEMP_MAX_MAX_MENS', 'TEMP_MAX_ACC_MENS', 'PRECIPITAÇÃO_MAX_MENS', 'DIA_DA_SEMANA_dom', 'DIA_DA_SEMANA_seg', 'DIA_DA_SEMANA_sáb', 'MÊS_abr', 'MÊS_ago', 'MÊS_dez', 'MÊS_fev', 'MÊS_jan', 'MÊS_mai', 'MÊS_mar', 'MÊS_nov', 'MÊS_out', 'MÊS_set', 'ANO_2021', 'ANO_2022', 'ANO_2016', 'ANO_2017', 'ANO_2018', 'ANO_2020', 'CAMPUS_ASTORGA', 'CAMPUS_BARRACÃO', 'CAMPUS_CAMPO LARGO', 'CAMPUS_CAPANEMA', 'CAMPUS_CASCAVEL', 'CAMPUS_CORONEL VIVIDA', 'CAMPUS_CURITIBA', 'CAMPUS_FOZ DO IGUAÇU', 'CAMPUS_IRATI', 'CAMPUS_JACAREZINHO', 'CAMPUS_PALMAS', 'CAMPUS_QUEDAS DO IGUAÇU', 'CAMPUS_UMUARAMA', 'CURSOS_GRAD_MATUTINO', 'CURSOS_POS', 'COVID', 'ORDEM', 'LAG_02', 'LAG_05', 'LAG_06', 'LAG_11');0.30237
('TEMP_MIN_MÉD_MENS', 'TEMP_MÉD_MIN_MENS', 'TEMP_MÉD_MÉD_MENS', 'TEMP_MÉD_MAX_MENS', 'TEMP_MÉD_ACC_MENS', 'PRECIPITAÇÃO_MÉD_MENS', 'TEMP_MIN_MIN_MENS', 'TEMP_MIN_MAX_MENS', 'TEMP_MAX_MIN_MENS', 'PRECIPITAÇÃO_MIN_MENS', 'TEMP_MAX_MAX_MENS', 'TEMP_MAX_ACC_MENS', 'PRECIPITAÇÃO_MAX_MENS', 'DIA_DA_SEMANA_dom', 'DIA_DA_SEMANA_qua', 'DIA_DA_SEMANA_qui', 'DIA_DA_SEMANA_seg', 'DIA_DA_SEMANA_sex', 'DIA_DA_SEMANA_ter', 'MÊS_abr', 'MÊS_ago', 'MÊS_dez', 'MÊS_fev', 'MÊS_jul', 'MÊS_mar', 'MÊS_nov', 'MÊS_set', 'ANO_2021', 'ANO_2022', 'ANO_2023', 'ANO_2024', 'ANO_2016', 'CAMPUS_ASSIS CHATEAUBRIAND', 'CAMPUS_ASTORGA', 'CAMPUS_CAMPO LARGO', 'CAMPUS_CORONEL VIVIDA', 'CAMPUS_FOZ DO IGUAÇU', 'CAMPUS_GOIOERÊ', 'CAMPUS_IVAIPORÃ', 'CAMPUS_JACAREZINHO', 'CAMPUS_JAGUARIAÍVA', 'CAMPUS_LONDRINA - CENTRO', 'CAMPUS_PALMAS', 'CAMPUS_PARANAGUÁ', 'CAMPUS_PARANAVAÍ', 'CAMPUS_QUEDAS DO IGUAÇU', 'CAMPUS_TELÊMACO BORBA', 'CAMPUS_UMUARAMA', 'CAMPUS_UNIÃO DA VITÓRIA', 'CURSOS_TEC_INTEGRADO', 'CURSOS_TEC_SUBSEQUENTE', 'CURSOS_GRAD_VESPERTINO', 'FERIADO', 'COVID', 'GREVE', 'ORDEM', 'LAG_01', 'LAG_03', 'LAG_05', 'LAG_09', 'LAG_11', 'LAG_12');0.30248
('TEMP_MÉD_ACC_MENS', 'TEMP_MAX_MÉD_MENS', 'PRECIPITAÇÃO_MÉD_MENS', 'TEMP_MIN_MIN_MENS', 'TEMP_MAX_MIN_MENS', 'PRECIPITAÇÃO_MIN_MENS', 'TEMP_MAX_ACC_MENS', 'PRECIPITAÇÃO_MAX_MENS', 'PRECIPITAÇÃO_ACC_MENS', 'DIA_DA_SEMANA_qua', 'DIA_DA_SEMANA_qui', 'DIA_DA_SEMANA_seg', 'DIA_DA_SEMANA_sex', 'DIA_DA_SEMANA_sáb', 'MÊS_ago', 'MÊS_dez', 'MÊS_fev', 'MÊS_jan', 'MÊS_jul', 'MÊS_jun', 'MÊS_mar', 'MÊS_out', 'ANO_2021', 'ANO_2015', 'ANO_2018', 'ANO_2020', 'CAMPUS_ASSIS CHATEAUBRIAND', 'CAMPUS_ASTORGA', 'CAMPUS_CAPANEMA', 'CAMPUS_CASCAVEL', 'CAMPUS_CORONEL VIVIDA', 'CAMPUS_CURITIBA', 'CAMPUS_GOIOERÊ', 'CAMPUS_IVAIPORÃ', 'CAMPUS_LONDRINA - CENTRO', 'CAMPUS_PARANAGUÁ', 'CAMPUS_PINHAIS', 'CAMPUS_QUEDAS DO IGUAÇU', 'CAMPUS_TELÊMACO BORBA', 'CURSOS_TEC_SUBSEQUENTE', 'CURSOS_GRAD_VESPERTINO', 'CURSOS_GRAD_NOTURNO', 'CURSOS_POS', 'COVID', 'ORDEM', 'LAG_02', 'LAG_03', 'LAG_05', 'LAG_06', 'LAG_09', 'LAG_10', 'LAG_12');0.30253
('TEMP_MIN_MÉD_MENS', 'TEMP_MÉD_MÉD_MENS', 'PRECIPITAÇÃO_MÉD_MENS', 'TEMP_MIN_MAX_MENS', 'PRECIPITAÇÃO_MIN_MENS', 'TEMP_MAX_MAX_MENS', 'TEMP_MAX_ACC_MENS', 'PRECIPITAÇÃO_MAX_MENS', 'PRECIPITAÇÃO_ACC_MENS', 'DIA_DA_SEMANA_qua', 'DIA_DA_SEMANA_qui', 'DIA_DA_SEMANA_seg', 'DIA_DA_SEMANA_ter', 'MÊS_abr', 'MÊS_ago', 'MÊS_dez', 'MÊS_jan', 'MÊS_jul', 'MÊS_mai', 'MÊS_mar', 'MÊS_nov', 'MÊS_set', 'ANO_2022', 'ANO_2017', 'ANO_2019', 'ANO_2020', 'CAMPUS_BARRACÃO', 'CAMPUS_CASCAVEL', 'CAMPUS_CORONEL VIVIDA', 'CAMPUS_CURITIBA', 'CAMPUS_GOIOERÊ', 'CAMPUS_IRATI', 'CAMPUS_IVAIPORÃ', 'CAMPUS_JACAREZINHO', 'CAMPUS_JAGUARIAÍVA', 'CAMPUS_PALMAS', 'CAMPUS_PINHAIS', 'CAMPUS_PITANGA', 'CAMPUS_QUEDAS DO IGUAÇU', 'CAMPUS_TELÊMACO BORBA', 'CURSOS_GRAD_VESPERTINO', 'FÉRIAS', 'FERIADO', 'LAG_02', 'LAG_04', 'LAG_05', 'LAG_06', 'LAG_08', 'LAG_12');0.30257
('TEMP_MÉD_MIN_MENS', 'TEMP_MÉD_MÉD_MENS', 'TEMP_MÉD_MAX_MENS', 'TEMP_MÉD_ACC_MENS', 'TEMP_MAX_MIN_MENS', 'PRECIPITAÇÃO_MIN_MENS', 'TEMP_MAX_ACC_MENS', 'PRECIPITAÇÃO_MAX_MENS', 'PRECIPITAÇÃO_ACC_MENS', 'DIA_DA_SEMANA_dom', 'DIA_DA_SEMANA_qua', 'DIA_DA_SEMANA_qui', 'DIA_DA_SEMANA_sex', 'MÊS_ago', 'MÊS_dez', 'MÊS_jan', 'MÊS_jun', 'MÊS_mai', 'MÊS_set', 'ANO_2021', 'ANO_2023', 'ANO_2024', 'ANO_2015', 'ANO_2016', 'ANO_2017', 'ANO_2018', 'ANO_2020', 'CAMPUS_ASTORGA', 'CAMPUS_CAPANEMA', 'CAMPUS_CASCAVEL', 'CAMPUS_CURITIBA', 'CAMPUS_IRATI', 'CAMPUS_IVAIPORÃ', 'CAMPUS_JACAREZINHO', 'CAMPUS_JAGUARIAÍVA', 'CAMPUS_LONDRINA - CENTRO', 'CAMPUS_PALMAS', 'CAMPUS_PARANAGUÁ', 'CAMPUS_PARANAVAÍ', 'CAMPUS_TELÊMACO BORBA', 'CURSOS_TEC_CONCOMITANTE', 'CURSOS_TEC_INTEGRADO', 'CURSOS_TEC_SUBSEQUENTE', 'CURSOS_GRAD_VESPERTINO', 'CURSOS_POS', 'FERIADO', 'COVID', 'GREVE', 'LAG_01', 'LAG_02', 'LAG_05', 'LAG_06', 'LAG_08', 'LAG_09', 'LAG_10', 'LAG_12');0.3026
('TEMP_MIN_MÉD_MENS', 'TEMP_MÉD_MIN_MENS', 'TEMP_MÉD_MÉD_MENS', 'TEMP_MÉD_MAX_MENS', 'TEMP_MÉD_ACC_MENS', 'TEMP_MAX_MÉD_MENS', 'TEMP_MIN_MIN_MENS', 'TEMP_MIN_MAX_MENS', 'TEMP_MAX_MIN_MENS', 'TEMP_MAX_MAX_MENS', 'TEMP_MAX_ACC_MENS', 'PRECIPITAÇÃO_ACC_MENS', 'DIA_DA_SEMANA_dom', 'DIA_DA_SEMANA_qua', 'DIA_DA_SEMANA_seg', 'MÊS_abr', 'MÊS_fev', 'MÊS_jan', 'MÊS_jun', 'MÊS_mai', 'MÊS_set', 'ANO_2021', 'ANO_2024', 'ANO_2015', 'ANO_2018', 'ANO_2020', 'CAMPUS_ASTORGA', 'CAMPUS_CAMPO LARGO', 'CAMPUS_CAPANEMA', 'CAMPUS_CASCAVEL', 'CAMPUS_FOZ DO IGUAÇU', 'CAMPUS_GOIOERÊ', 'CAMPUS_IVAIPORÃ', 'CAMPUS_JACAREZINHO', 'CAMPUS_JAGUARIAÍVA', 'CAMPUS_LONDRINA - CENTRO', 'CAMPUS_PALMAS', 'CAMPUS_PARANAGUÁ', 'CAMPUS_PARANAVAÍ', 'CAMPUS_PINHAIS', 'CAMPUS_QUEDAS DO IGUAÇU', 'CAMPUS_TELÊMACO BORBA', 'CURSOS_TEC_CONCOMITANTE', 'CURSOS_TEC_INTEGRADO', 'CURSOS_TEC_SUBSEQUENTE', 'CURSOS_GRAD_MATUTINO', 'CURSOS_GRAD_VESPERTINO', 'CURSOS_GRAD_NOTURNO', 'CURSOS_POS', 'FÉRIAS', 'FERIADO', 'GREVE', 'ORDEM', 'LAG_02', 'LAG_03', 'LAG_04', 'LAG_06', 'LAG_07', 'LAG_11', 'LAG_12');0.30262
('TEMP_MÉD_MAX_MENS', 'TEMP_MAX_MÉD_MENS', 'PRECIPITAÇÃO_MÉD_MENS', 'TEMP_MIN_MIN_MENS', 'TEMP_MIN_MAX_MENS', 'TEMP_MIN_ACC_MENS', 'TEMP_MAX_MAX_MENS', 'TEMP_MAX_ACC_MENS', 'PRECIPITAÇÃO_MAX_MENS', 'PRECIPITAÇÃO_ACC_MENS', 'DIA_DA_SEMANA_qui', 'DIA_DA_SEMANA_seg', 'DIA_DA_SEMANA_ter', 'MÊS_abr', 'MÊS_ago', 'MÊS_jul', 'MÊS_jun', 'MÊS_mai', 'MÊS_mar', 'MÊS_nov', 'MÊS_out', 'MÊS_set', 'ANO_2021', 'ANO_2023', 'ANO_2024', 'ANO_2015', 'ANO_2017', 'ANO_2019', 'ANO_2020', 'CAMPUS_ASSIS CHATEAUBRIAND', 'CAMPUS_ASTORGA', 'CAMPUS_CAMPO LARGO', 'CAMPUS_CAPANEMA', 'CAMPUS_CASCAVEL', 'CAMPUS_CURITIBA', 'CAMPUS_IRATI', 'CAMPUS_PALMAS', 'CAMPUS_PARANAVAÍ', 'CAMPUS_PITANGA', 'CAMPUS_QUEDAS DO IGUAÇU', 'CAMPUS_TELÊMACO BORBA', 'CAMPUS_UNIÃO DA VITÓRIA', 'CURSOS_TEC_CONCOMITANTE', 'CURSOS_TEC_SUBSEQUENTE', 'CURSOS_GRAD_MATUTINO', 'FERIADO', 'ORDEM', 'LAG_01', 'LAG_02', 'LAG_04', 'LAG_05', 'LAG_06', 'LAG_10');0.3027
('TEMP_MIN_MÉD_MENS', 'TEMP_MÉD_MAX_MENS', 'TEMP_MÉD_ACC_MENS', 'TEMP_MAX_MÉD_MENS', 'PRECIPITAÇÃO_MIN_MENS', 'TEMP_MAX_MAX_MENS', 'TEMP_MAX_ACC_MENS', 'DIA_DA_SEMANA_qua', 'DIA_DA_SEMANA_seg', 'DIA_DA_SEMANA_sex', 'DIA_DA_SEMANA_sáb', 'MÊS_abr', 'MÊS_ago', 'MÊS_dez', 'MÊS_fev', 'MÊS_jul', 'MÊS_jun', 'MÊS_mar', 'MÊS_nov', 'MÊS_out', 'ANO_2021', 'ANO_2022', 'ANO_2024', 'ANO_2016', 'ANO_2017', 'ANO_2018', 'ANO_2020', 'CAMPUS_ASTORGA', 'CAMPUS_BARRACÃO', 'CAMPUS_CURITIBA', 'CAMPUS_FOZ DO IGUAÇU', 'CAMPUS_LONDRINA - CENTRO', 'CAMPUS_PARANAGUÁ', 'CAMPUS_PARANAVAÍ', 'CAMPUS_PITANGA', 'CAMPUS_TELÊMACO BORBA', 'CAMPUS_UMUARAMA', 'CAMPUS_UNIÃO DA VITÓRIA', 'CURSOS_TEC_CONCOMITANTE', 'CURSOS_TEC_INTEGRADO', 'CURSOS_TEC_SUBSEQUENTE', 'CURSOS_GRAD_VESPERTINO', 'CURSOS_GRAD_NOTURNO', 'CURSOS_POS', 'COVID', 'LAG_02', 'LAG_04', 'LAG_05', 'LAG_06', 'LAG_09', 'LAG_10', 'LAG_11', 'LAG_12');0.30271
('TEMP_MIN_MÉD_MENS', 'TEMP_MÉD_MÉD_MENS', 'TEMP_MÉD_MAX_MENS', 'TEMP_MÉD_ACC_MENS', 'TEMP_MIN_MAX_MENS', 'TEMP_MAX_ACC_MENS', 'DIA_DA_SEMANA_qua', 'DIA_DA_SEMANA_sex', 'DIA_DA_SEMANA_ter', 'MÊS_ago', 'MÊS_dez', 'MÊS_fev', 'MÊS_jan', 'MÊS_jul', 'MÊS_jun', 'MÊS_out', 'MÊS_set', 'ANO_2024', 'ANO_2016', 'ANO_2018', 'ANO_2019', 'ANO_2020', 'CAMPUS_ASSIS CHATEAUBRIAND', 'CAMPUS_ASTORGA', 'CAMPUS_CAPANEMA', 'CAMPUS_CORONEL VIVIDA', 'CAMPUS_CURITIBA', 'CAMPUS_IRATI', 'CAMPUS_IVAIPORÃ', 'CAMPUS_JACAREZINHO', 'CAMPUS_JAGUARIAÍVA', 'CAMPUS_LONDRINA - CENTRO', 'CAMPUS_PALMAS', 'CAMPUS_PARANAGUÁ', 'CAMPUS_PITANGA', 'CAMPUS_QUEDAS DO IGUAÇU', 'CAMPUS_UMUARAMA', 'CURSOS_TEC_CONCOMITANTE', 'CURSOS_TEC_SUBSEQUENTE', 'CURSOS_GRAD_MATUTINO', 'CURSOS_GRAD_VESPERTINO', 'CURSOS_GRAD_NOTURNO', 'CURSOS_POS', 'FERIADO', 'COVID', 'GREVE', 'ORDEM', 'LAG_02', 'LAG_03', 'LAG_04', 'LAG_06', 'LAG_07', 'LAG_08');0.30272
('TEMP_MIN_MÉD_MENS', 'TEMP_MÉD_MIN_MENS', 'TEMP_MÉD_MÉD_MENS', 'TEMP_MÉD_MAX_MENS', 'TEMP_MAX_MÉD_MENS', 'PRECIPITAÇÃO_MÉD_MENS', 'TEMP_MIN_MIN_MENS', 'TEMP_MIN_MAX_MENS', 'TEMP_MIN_ACC_MENS', 'TEMP_MAX_MAX_MENS', 'TEMP_MAX_ACC_MENS', 'PRECIPITAÇÃO_MAX_MENS', 'DIA_DA_SEMANA_dom', 'DIA_DA_SEMANA_qua', 'DIA_DA_SEMANA_qui', 'DIA_DA_SEMANA_seg', 'DIA_DA_SEMANA_sex', 'DIA_DA_SEMANA_sáb', 'DIA_DA_SEMANA_ter', 'MÊS_abr', 'MÊS_ago', 'MÊS_fev', 'MÊS_jan', 'MÊS_mar', 'MÊS_out', 'MÊS_set', 'ANO_2021', 'ANO_2022', 'ANO_2023', 'ANO_2015', 'ANO_2016', 'ANO_2017', 'ANO_2018', 'CAMPUS_ASSIS CHATEAUBRIAND', 'CAMPUS_ASTORGA', 'CAMPUS_BARRACÃO', 'CAMPUS_CAMPO LARGO', 'CAMPUS_CAPANEMA', 'CAMPUS_FOZ DO IGUAÇU', 'CAMPUS_IRATI', 'CAMPUS_IVAIPORÃ', 'CAMPUS_JACAREZINHO', 'CAMPUS_JAGUARIAÍVA', 'CAMPUS_PALMAS', 'CAMPUS_PARANAGUÁ', 'CAMPUS_PARANAVAÍ', 'CAMPUS_PITANGA', 'CAMPUS_UNIÃO DA VITÓRIA', 'CURSOS_TEC_INTEGRADO', 'CURSOS_TEC_SUBSEQUENTE', 'CURSOS_GRAD_VESPERTINO', 'CURSOS_GRAD_NOTURNO', 'FÉRIAS', 'FERIADO', 'COVID', 'GREVE', 'LAG_02', 'LAG_05', 'LAG_08', 'LAG_09', 'LAG_11');0.30273
('TEMP_MIN_MÉD_MENS', 'TEMP_MÉD_MIN_MENS', 'TEMP_MÉD_MÉD_MENS', 'TEMP_MÉD_MAX_MENS', 'TEMP_MAX_MÉD_MENS', 'PRECIPITAÇÃO_MÉD_MENS', 'TEMP_MIN_MIN_MENS', 'TEMP_MIN_MAX_MENS', 'TEMP_MAX_MIN_MENS', 'TEMP_MAX_MAX_MENS', 'TEMP_MAX_ACC_MENS', 'PRECIPITAÇÃO_MAX_MENS', 'PRECIPITAÇÃO_ACC_MENS', 'DIA_DA_SEMANA_dom', 'DIA_DA_SEMANA_sáb', 'DIA_DA_SEMANA_ter', 'MÊS_fev', 'MÊS_jul', 'MÊS_mai', 'MÊS_mar', 'MÊS_nov', 'MÊS_out', 'ANO_2021', 'ANO_2022', 'ANO_2023', 'ANO_2015', 'ANO_2016', 'ANO_2018', 'ANO_2019', 'ANO_2020', 'CAMPUS_ASTORGA', 'CAMPUS_BARRACÃO', 'CAMPUS_CAMPO LARGO', 'CAMPUS_CAPANEMA', 'CAMPUS_CASCAVEL', 'CAMPUS_CURITIBA', 'CAMPUS_GOIOERÊ', 'CAMPUS_IRATI', 'CAMPUS_IVAIPORÃ', 'CAMPUS_JACAREZINHO', 'CAMPUS_JAGUARIAÍVA', 'CAMPUS_PALMAS', 'CAMPUS_PARANAGUÁ', 'CAMPUS_PARANAVAÍ', 'CAMPUS_PITANGA', 'CAMPUS_TELÊMACO BORBA', 'CAMPUS_UMUARAMA', 'CURSOS_TEC_SUBSEQUENTE', 'CURSOS_GRAD_MATUTINO', 'CURSOS_GRAD_VESPERTINO', 'FÉRIAS', 'GREVE', 'ORDEM', 'LAG_01', 'LAG_02', 'LAG_03', 'LAG_07', 'LAG_09', 'LAG_11', 'LAG_12');0.30274
('TEMP_MÉD_MAX_MENS', 'TEMP_MÉD_ACC_MENS', 'TEMP_MAX_MÉD_MENS', 'TEMP_MIN_MIN_MENS', 'PRECIPITAÇÃO_MIN_MENS', 'PRECIPITAÇÃO_ACC_MENS', 'DIA_DA_SEMANA_dom', 'DIA_DA_SEMANA_seg', 'DIA_DA_SEMANA_sex', 'DIA_DA_SEMANA_sáb', 'DIA_DA_SEMANA_ter', 'MÊS_abr', 'MÊS_ago', 'MÊS_dez', 'MÊS_fev', 'MÊS_jul', 'MÊS_jun', 'MÊS_mai', 'MÊS_mar', 'MÊS_nov', 'ANO_2021', 'ANO_2024', 'ANO_2017', 'CAMPUS_ASSIS CHATEAUBRIAND', 'CAMPUS_ASTORGA', 'CAMPUS_BARRACÃO', 'CAMPUS_CAMPO LARGO', 'CAMPUS_CASCAVEL', 'CAMPUS_GOIOERÊ', 'CAMPUS_JACAREZINHO', 'CAMPUS_JAGUARIAÍVA', 'CAMPUS_PALMAS', 'CAMPUS_PARANAGUÁ', 'CAMPUS_PARANAVAÍ', 'CAMPUS_QUEDAS DO IGUAÇU', 'CAMPUS_TELÊMACO BORBA', 'CAMPUS_UMUARAMA', 'CURSOS_TEC_INTEGRADO', 'CURSOS_TEC_SUBSEQUENTE', 'CURSOS_GRAD_MATUTINO', 'CURSOS_GRAD_VESPERTINO', 'FERIADO', 'COVID', 'GREVE', 'ORDEM', 'LAG_01', 'LAG_04', 'LAG_07', 'LAG_10', 'LAG_12');0.30275
('TEMP_MIN_MÉD_MENS', 'TEMP_MÉD_MÉD_MENS', 'TEMP_MÉD_MAX_MENS', 'TEMP_MAX_MÉD_MENS', 'PRECIPITAÇÃO_MÉD_MENS', 'TEMP_MIN_MIN_MENS', 'TEMP_MIN_MAX_MENS', 'TEMP_MIN_ACC_MENS', 'TEMP_MAX_MIN_MENS', 'PRECIPITAÇÃO_MIN_MENS', 'PRECIPITAÇÃO_MAX_MENS', 'PRECIPITAÇÃO_ACC_MENS', 'DIA_DA_SEMANA_dom', 'DIA_DA_SEMANA_seg', 'DIA_DA_SEMANA_sáb', 'DIA_DA_SEMANA_ter', 'MÊS_dez', 'MÊS_jan', 'MÊS_jul', 'MÊS_jun', 'MÊS_nov', 'ANO_2021', 'ANO_2022', 'ANO_2024', 'ANO_2015', 'ANO_2016', 'ANO_2020', 'CAMPUS_ASSIS CHATEAUBRIAND', 'CAMPUS_BARRACÃO', 'CAMPUS_CAPANEMA', 'CAMPUS_CASCAVEL', 'CAMPUS_CORONEL VIVIDA', 'CAMPUS_CURITIBA', 'CAMPUS_IVAIPORÃ', 'CAMPUS_LONDRINA - CENTRO', 'CAMPUS_PALMAS', 'CAMPUS_PARANAVAÍ', 'CAMPUS_PITANGA', 'CAMPUS_QUEDAS DO IGUAÇU', 'CAMPUS_UNIÃO DA VITÓRIA', 'CURSOS_TEC_CONCOMITANTE', 'CURSOS_TEC_INTEGRADO', 'CURSOS_TEC_SUBSEQUENTE', 'CURSOS_GRAD_MATUTINO', 'CURSOS_GRAD_VESPERTINO', 'CURSOS_POS', 'FÉRIAS', 'FERIADO', 'COVID', 'GREVE', 'LAG_01', 'LAG_04', 'LAG_07', 'LAG_08', 'LAG_11', 'LAG_12');0.30276
('TEMP_MIN_MÉD_MENS', 'TEMP_MÉD_MIN_MENS', 'PRECIPITAÇÃO_MÉD_MENS', 'TEMP_MIN_MIN_MENS', 'TEMP_MIN_MAX_MENS', 'TEMP_MAX_MIN_MENS', 'PRECIPITAÇÃO_MIN_MENS', 'DIA_DA_SEMANA_dom', 'DIA_DA_SEMANA_qui', 'DIA_DA_SEMANA_seg', 'MÊS_abr', 'MÊS_ago', 'MÊS_dez', 'MÊS_jan', 'MÊS_jul', 'MÊS_jun', 'MÊS_mai', 'MÊS_mar', 'MÊS_set', 'ANO_2021', 'ANO_2022', 'ANO_2023', 'ANO_2024', 'ANO_2015', 'ANO_2016', 'ANO_2020', 'CAMPUS_ASSIS CHATEAUBRIAND', 'CAMPUS_CAMPO LARGO', 'CAMPUS_CAPANEMA', 'CAMPUS_CORONEL VIVIDA', 'CAMPUS_CURITIBA', 'CAMPUS_IVAIPORÃ', 'CAMPUS_JAGUARIAÍVA', 'CAMPUS_LONDRINA - CENTRO', 'CAMPUS_PALMAS', 'CAMPUS_PARANAVAÍ', 'CAMPUS_PINHAIS', 'CAMPUS_QUEDAS DO IGUAÇU', 'CAMPUS_UNIÃO DA VITÓRIA', 'CURSOS_TEC_INTEGRADO', 'CURSOS_GRAD_MATUTINO', 'CURSOS_POS', 'FERIADO', 'GREVE', 'ORDEM', 'LAG_05', 'LAG_08', 'LAG_09', 'LAG_10', 'LAG_11');0.30279
('TEMP_MIN_MÉD_MENS', 'TEMP_MÉD_MAX_MENS', 'TEMP_MAX_MÉD_MENS', 'PRECIPITAÇÃO_MÉD_MENS', 'TEMP_MIN_MIN_MENS', 'TEMP_MAX_MIN_MENS', 'PRECIPITAÇÃO_MIN_MENS', 'TEMP_MAX_MAX_MENS', 'TEMP_MAX_ACC_MENS', 'PRECIPITAÇÃO_MAX_MENS', 'DIA_DA_SEMANA_dom', 'DIA_DA_SEMANA_sex', 'DIA_DA_SEMANA_ter', 'MÊS_abr', 'MÊS_dez', 'MÊS_jul', 'MÊS_jun', 'MÊS_set', 'ANO_2022', 'ANO_2023', 'ANO_2024', 'ANO_2015', 'ANO_2017', 'ANO_2018', 'ANO_2019', 'CAMPUS_ASSIS CHATEAUBRIAND', 'CAMPUS_BARRACÃO', 'CAMPUS_CAPANEMA', 'CAMPUS_CASCAVEL', 'CAMPUS_CORONEL VIVIDA', 'CAMPUS_CURITIBA', 'CAMPUS_FOZ DO IGUAÇU', 'CAMPUS_GOIOERÊ', 'CAMPUS_LONDRINA - CENTRO', 'CAMPUS_PARANAGUÁ', 'CAMPUS_PITANGA', 'CAMPUS_QUEDAS DO IGUAÇU', 'CAMPUS_TELÊMACO BORBA', 'CAMPUS_UNIÃO DA VITÓRIA', 'CURSOS_TEC_INTEGRADO', 'CURSOS_GRAD_MATUTINO', 'CURSOS_GRAD_VESPERTINO', 'CURSOS_GRAD_NOTURNO', 'FÉRIAS', 'LAG_01', 'LAG_03', 'LAG_07', 'LAG_08', 'LAG_11');0.30279
('TEMP_MÉD_MIN_MENS', 'TEMP_MIN_MAX_MENS', 'TEMP_MAX_ACC_MENS', 'DIA_DA_SEMANA_dom', 'DIA_DA_SEMANA_qua', 'DIA_DA_SEMANA_qui', 'DIA_DA_SEMANA_seg', 'DIA_DA_SEMANA_sáb', 'DIA_DA_SEMANA_ter', 'MÊS_abr', 'MÊS_dez', 'MÊS_jul', 'MÊS_jun', 'MÊS_mai', 'MÊS_mar', 'MÊS_nov', 'MÊS_out', 'MÊS_set', 'ANO_2021', 'ANO_2022', 'ANO_2023', 'ANO_2015', 'CAMPUS_ASTORGA', 'CAMPUS_BARRACÃO', 'CAMPUS_CASCAVEL', 'CAMPUS_CORONEL VIVIDA', 'CAMPUS_CURITIBA', 'CAMPUS_GOIOERÊ', 'CAMPUS_IRATI', 'CAMPUS_IVAIPORÃ', 'CAMPUS_JACAREZINHO', 'CAMPUS_JAGUARIAÍVA', 'CAMPUS_PARANAGUÁ', 'CAMPUS_PITANGA', 'CAMPUS_UMUARAMA', 'CURSOS_GRAD_VESPERTINO', 'CURSOS_POS', 'GREVE', 'ORDEM', 'LAG_01', 'LAG_02', 'LAG_03', 'LAG_04', 'LAG_07', 'LAG_08', 'LAG_09', 'LAG_10', 'LAG_12');0.30282
('TEMP_MÉD_MIN_MENS', 'TEMP_MÉD_MÉD_MENS', 'TEMP_MÉD_ACC_MENS', 'TEMP_MAX_MÉD_MENS', 'PRECIPITAÇÃO_MÉD_MENS', 'TEMP_MIN_ACC_MENS', 'TEMP_MAX_MAX_MENS', 'PRECIPITAÇÃO_MAX_MENS', 'PRECIPITAÇÃO_ACC_MENS', 'DIA_DA_SEMANA_dom', 'DIA_DA_SEMANA_qua', 'DIA_DA_SEMANA_seg', 'DIA_DA_SEMANA_sex', 'DIA_DA_SEMANA_sáb', 'DIA_DA_SEMANA_ter', 'MÊS_abr', 'MÊS_ago', 'MÊS_dez', 'MÊS_fev', 'MÊS_jan', 'MÊS_jul', 'MÊS_jun', 'MÊS_mai', 'MÊS_mar', 'MÊS_nov', 'ANO_2022', 'ANO_2023', 'ANO_2024', 'ANO_2017', 'ANO_2019', 'ANO_2020', 'CAMPUS_CAMPO LARGO', 'CAMPUS_CAPANEMA', 'CAMPUS_CORONEL VIVIDA', 'CAMPUS_CURITIBA', 'CAMPUS_JACAREZINHO', 'CAMPUS_JAGUARIAÍVA', 'CAMPUS_PARANAGUÁ', 'CAMPUS_QUEDAS DO IGUAÇU', 'CAMPUS_UMUARAMA', 'CAMPUS_UNIÃO DA VITÓRIA', 'CURSOS_TEC_SUBSEQUENTE', 'CURSOS_GRAD_MATUTINO', 'CURSOS_GRAD_NOTURNO', 'CURSOS_POS', 'FÉRIAS', 'FERIADO', 'GREVE', 'ORDEM', 'LAG_02', 'LAG_03', 'LAG_05', 'LAG_06', 'LAG_07', 'LAG_08', 'LAG_09', 'LAG_10', 'LAG_11', 'LAG_12');0.30282
('TEMP_MÉD_MIN_MENS', 'TEMP_MÉD_MÉD_MENS', 'TEMP_MÉD_MAX_MENS', 'TEMP_MÉD_ACC_MENS', 'TEMP_MAX_MÉD_MENS', 'TEMP_MIN_MAX_MENS', 'PRECIPITAÇÃO_MIN_MENS', 'TEMP_MAX_ACC_MENS', 'PRECIPITAÇÃO_ACC_MENS', 'DIA_DA_SEMANA_dom', 'DIA_DA_SEMANA_seg', 'DIA_DA_SEMANA_sex', 'DIA_DA_SEMANA_ter', 'MÊS_abr', 'MÊS_dez', 'MÊS_jul', 'MÊS_jun', 'MÊS_mar', 'MÊS_nov', 'MÊS_set', 'ANO_2022', 'ANO_2023', 'ANO_2024', 'ANO_2015', 'ANO_2017', 'ANO_2018', 'CAMPUS_ASSIS CHATEAUBRIAND', 'CAMPUS_BARRACÃO', 'CAMPUS_CAMPO LARGO', 'CAMPUS_CAPANEMA', 'CAMPUS_CASCAVEL', 'CAMPUS_FOZ DO IGUAÇU', 'CAMPUS_IRATI', 'CAMPUS_IVAIPORÃ', 'CAMPUS_PARANAVAÍ', 'CAMPUS_PINHAIS', 'CAMPUS_PITANGA', 'CAMPUS_QUEDAS DO IGUAÇU', 'CAMPUS_UNIÃO DA VITÓRIA', 'CURSOS_TEC_CONCOMITANTE', 'CURSOS_TEC_SUBSEQUENTE', 'CURSOS_GRAD_MATUTINO', 'CURSOS_GRAD_VESPERTINO', 'CURSOS_POS', 'FÉRIAS', 'COVID', 'GREVE', 'ORDEM', 'LAG_02', 'LAG_06', 'LAG_07', 'LAG_08', 'LAG_09', 'LAG_10', 'LAG_11');0.30285
('TEMP_MÉD_MAX_MENS', 'TEMP_MÉD_ACC_MENS', 'TEMP_MAX_MÉD_MENS', 'PRECIPITAÇÃO_MÉD_MENS', 'TEMP_MIN_MIN_MENS', 'TEMP_MIN_ACC_MENS', 'TEMP_MAX_MIN_MENS', 'PRECIPITAÇÃO_MIN_MENS', 'TEMP_MAX_ACC_MENS', 'PRECIPITAÇÃO_ACC_MENS', 'DIA_DA_SEMANA_dom', 'DIA_DA_SEMANA_seg', 'DIA_DA_SEMANA_sex', 'MÊS_abr', 'MÊS_dez', 'MÊS_jan', 'MÊS_nov', 'MÊS_out', 'MÊS_set', 'ANO_2021', 'ANO_2024', 'ANO_2015', 'ANO_2017', 'CAMPUS_CAMPO LARGO', 'CAMPUS_CASCAVEL', 'CAMPUS_CORONEL VIVIDA', 'CAMPUS_GOIOERÊ', 'CAMPUS_IRATI', 'CAMPUS_IVAIPORÃ', 'CAMPUS_JACAREZINHO', 'CAMPUS_PALMAS', 'CAMPUS_PARANAGUÁ', 'CAMPUS_PARANAVAÍ', 'CAMPUS_PINHAIS', 'CAMPUS_PITANGA', 'CAMPUS_QUEDAS DO IGUAÇU', 'CAMPUS_TELÊMACO BORBA', 'CAMPUS_UMUARAMA', 'CAMPUS_UNIÃO DA VITÓRIA', 'CURSOS_TEC_CONCOMITANTE', 'CURSOS_TEC_INTEGRADO', 'CURSOS_POS', 'FÉRIAS', 'ORDEM', 'LAG_01', 'LAG_02', 'LAG_05', 'LAG_07', 'LAG_08', 'LAG_09', 'LAG_10', 'LAG_12');0.30287
('TEMP_MIN_MÉD_MENS', 'TEMP_MÉD_MÉD_MENS', 'TEMP_MAX_MÉD_MENS', 'PRECIPITAÇÃO_MÉD_MENS', 'TEMP_MIN_MIN_MENS', 'TEMP_MIN_ACC_MENS', 'TEMP_MAX_MAX_MENS', 'PRECIPITAÇÃO_MAX_MENS', 'PRECIPITAÇÃO_ACC_MENS', 'DIA_DA_SEMANA_qua', 'DIA_DA_SEMANA_seg', 'DIA_DA_SEMANA_ter', 'MÊS_ago', 'MÊS_dez', 'MÊS_jan', 'MÊS_jun', 'MÊS_mai', 'MÊS_set', 'ANO_2021', 'ANO_2022', 'ANO_2023', 'ANO_2024', 'ANO_2015', 'ANO_2018', 'CAMPUS_CAPANEMA', 'CAMPUS_CASCAVEL', 'CAMPUS_CORONEL VIVIDA', 'CAMPUS_IRATI', 'CAMPUS_IVAIPORÃ', 'CAMPUS_JAGUARIAÍVA', 'CAMPUS_PALMAS', 'CAMPUS_PARANAGUÁ', 'CAMPUS_PARANAVAÍ', 'CAMPUS_PINHAIS', 'CAMPUS_QUEDAS DO IGUAÇU', 'CAMPUS_TELÊMACO BORBA', 'CAMPUS_UMUARAMA', 'CAMPUS_UNIÃO DA VITÓRIA', 'CURSOS_TEC_CONCOMITANTE', 'CURSOS_GRAD_MATUTINO', 'CURSOS_GRAD_VESPERTINO', 'CURSOS_GRAD_NOTURNO', 'FÉRIAS', 'FERIADO', 'GREVE', 'ORDEM', 'LAG_01', 'LAG_02', 'LAG_08', 'LAG_10', 'LAG_12');0.30288
('TEMP_MÉD_MIN_MENS', 'TEMP_MÉD_ACC_MENS', 'TEMP_MAX_MÉD_MENS', 'PRECIPITAÇÃO_MÉD_MENS', 'TEMP_MIN_MIN_MENS', 'TEMP_MIN_MAX_MENS', 'TEMP_MAX_MIN_MENS', 'TEMP_MAX_ACC_MENS', 'PRECIPITAÇÃO_MAX_MENS', 'DIA_DA_SEMANA_qui', 'DIA_DA_SEMANA_sex', 'MÊS_ago', 'MÊS_dez', 'MÊS_fev', 'MÊS_jan', 'MÊS_jun', 'MÊS_mai', 'MÊS_nov', 'MÊS_out', 'ANO_2021', 'ANO_2022', 'ANO_2023', 'ANO_2016', 'ANO_2017', 'ANO_2018', 'ANO_2019', 'CAMPUS_ASSIS CHATEAUBRIAND', 'CAMPUS_CAPANEMA', 'CAMPUS_CORONEL VIVIDA', 'CAMPUS_CURITIBA', 'CAMPUS_FOZ DO IGUAÇU', 'CAMPUS_GOIOERÊ', 'CAMPUS_IVAIPORÃ', 'CAMPUS_JACAREZINHO', 'CAMPUS_LONDRINA - CENTRO', 'CAMPUS_UNIÃO DA VITÓRIA', 'CURSOS_TEC_INTEGRADO', 'CURSOS_TEC_SUBSEQUENTE', 'CURSOS_GRAD_VESPERTINO', 'CURSOS_GRAD_NOTURNO', 'FÉRIAS', 'FERIADO', 'GREVE', 'ORDEM', 'LAG_01', 'LAG_04', 'LAG_07', 'LAG_09', 'LAG_10', 'LAG_11', 'LAG_12');0.30289
('TEMP_MIN_MÉD_MENS', 'TEMP_MÉD_MIN_MENS', 'TEMP_MÉD_MÉD_MENS', 'TEMP_MÉD_MAX_MENS', 'TEMP_MÉD_ACC_MENS', 'TEMP_MAX_MÉD_MENS', 'TEMP_MIN_MIN_MENS', 'TEMP_MIN_MAX_MENS', 'TEMP_MIN_ACC_MENS', 'TEMP_MAX_ACC_MENS', 'PRECIPITAÇÃO_ACC_MENS', 'DIA_DA_SEMANA_dom', 'DIA_DA_SEMANA_qua', 'DIA_DA_SEMANA_seg', 'DIA_DA_SEMANA_sex', 'DIA_DA_SEMANA_sáb', 'DIA_DA_SEMANA_ter', 'MÊS_abr', 'MÊS_ago', 'MÊS_dez', 'MÊS_fev', 'MÊS_jan', 'MÊS_jul', 'MÊS_mai', 'MÊS_out', 'MÊS_set', 'ANO_2021', 'ANO_2022', 'ANO_2023', 'ANO_2015', 'ANO_2016', 'ANO_2018', 'CAMPUS_BARRACÃO', 'CAMPUS_CAPANEMA', 'CAMPUS_CASCAVEL', 'CAMPUS_CORONEL VIVIDA', 'CAMPUS_FOZ DO IGUAÇU', 'CAMPUS_GOIOERÊ', 'CAMPUS_IRATI', 'CAMPUS_JACAREZINHO', 'CAMPUS_JAGUARIAÍVA', 'CAMPUS_PITANGA', 'CAMPUS_QUEDAS DO IGUAÇU', 'CAMPUS_UMUARAMA', 'CAMPUS_UNIÃO DA VITÓRIA', 'CURSOS_TEC_CONCOMITANTE', 'CURSOS_TEC_INTEGRADO', 'CURSOS_TEC_SUBSEQUENTE', 'CURSOS_GRAD_NOTURNO', 'CURSOS_POS', 'COVID', 'GREVE', 'ORDEM', 'LAG_01', 'LAG_02', 'LAG_03', 'LAG_05', 'LAG_07', 'LAG_08', 'LAG_09', 'LAG_12');0.30289
('TEMP_MÉD_MIN_MENS', 'TEMP_MÉD_MÉD_MENS', 'TEMP_MÉD_MAX_MENS', 'TEMP_MAX_MÉD_MENS', 'TEMP_MIN_MAX_MENS', 'PRECIPITAÇÃO_MIN_MENS', 'TEMP_MAX_ACC_MENS', 'PRECIPITAÇÃO_MAX_MENS', 'DIA_DA_SEMANA_dom', 'DIA_DA_SEMANA_qui', 'DIA_DA_SEMANA_sex', 'DIA_DA_SEMANA_sáb', 'DIA_DA_SEMANA_ter', 'MÊS_abr', 'MÊS_dez', 'MÊS_jun', 'MÊS_mai', 'MÊS_mar', 'MÊS_nov', 'MÊS_out', 'MÊS_set', 'ANO_2015', 'ANO_2017', 'ANO_2018', 'ANO_2019', 'CAMPUS_ASTORGA', 'CAMPUS_BARRACÃO', 'CAMPUS_CASCAVEL', 'CAMPUS_CORONEL VIVIDA', 'CAMPUS_CURITIBA', 'CAMPUS_GOIOERÊ', 'CAMPUS_JACAREZINHO', 'CAMPUS_PALMAS', 'CAMPUS_PARANAGUÁ', 'CAMPUS_PINHAIS', 'CAMPUS_QUEDAS DO IGUAÇU', 'CAMPUS_TELÊMACO BORBA', 'CAMPUS_UMUARAMA', 'CURSOS_TEC_CONCOMITANTE', 'CURSOS_TEC_SUBSEQUENTE', 'CURSOS_GRAD_MATUTINO', 'CURSOS_GRAD_VESPERTINO', 'CURSOS_POS', 'FÉRIAS', 'FERIADO', 'GREVE', 'ORDEM', 'LAG_01', 'LAG_02', 'LAG_05', 'LAG_06', 'LAG_07', 'LAG_08', 'LAG_09', 'LAG_11', 'LAG_12');0.30292
('TEMP_MÉD_MIN_MENS', 'TEMP_MÉD_ACC_MENS', 'TEMP_MAX_MÉD_MENS', 'PRECIPITAÇÃO_MÉD_MENS', 'TEMP_MIN_MIN_MENS', 'TEMP_MIN_MAX_MENS', 'TEMP_MIN_ACC_MENS', 'PRECIPITAÇÃO_MIN_MENS', 'TEMP_MAX_MAX_MENS', 'DIA_DA_SEMANA_dom', 'DIA_DA_SEMANA_qua', 'DIA_DA_SEMANA_ter', 'MÊS_abr', 'MÊS_ago', 'MÊS_dez', 'MÊS_fev', 'MÊS_jun', 'MÊS_mar', 'MÊS_nov', 'ANO_2022', 'ANO_2023', 'ANO_2016', 'ANO_2017', 'ANO_2019', 'ANO_2020', 'CAMPUS_ASTORGA', 'CAMPUS_CAPANEMA', 'CAMPUS_CASCAVEL', 'CAMPUS_CORONEL VIVIDA', 'CAMPUS_FOZ DO IGUAÇU', 'CAMPUS_GOIOERÊ', 'CAMPUS_IRATI', 'CAMPUS_JAGUARIAÍVA', 'CAMPUS_LONDRINA - CENTRO', 'CAMPUS_PINHAIS', 'CAMPUS_UNIÃO DA VITÓRIA', 'CURSOS_TEC_CONCOMITANTE', 'CURSOS_TEC_INTEGRADO', 'CURSOS_GRAD_VESPERTINO', 'CURSOS_GRAD_NOTURNO', 'CURSOS_POS', 'FERIADO', 'COVID', 'ORDEM', 'LAG_02', 'LAG_04', 'LAG_05', 'LAG_06', 'LAG_07', 'LAG_08', 'LAG_09', 'LAG_12');0.30293
('TEMP_MÉD_MÉD_MENS', 'TEMP_MÉD_MAX_MENS', 'TEMP_MÉD_ACC_MENS', 'TEMP_MAX_MÉD_MENS', 'PRECIPITAÇÃO_MÉD_MENS', 'TEMP_MIN_MIN_MENS', 'TEMP_MIN_MAX_MENS', 'TEMP_MAX_MIN_MENS', 'TEMP_MAX_MAX_MENS', 'PRECIPITAÇÃO_ACC_MENS', 'DIA_DA_SEMANA_dom', 'DIA_DA_SEMANA_qua', 'DIA_DA_SEMANA_seg', 'DIA_DA_SEMANA_sex', 'DIA_DA_SEMANA_ter', 'MÊS_ago', 'MÊS_dez', 'MÊS_jul', 'MÊS_jun', 'ANO_2021', 'ANO_2022', 'ANO_2024', 'ANO_2016', 'ANO_2020', 'CAMPUS_BARRACÃO', 'CAMPUS_CAMPO LARGO', 'CAMPUS_CORONEL VIVIDA', 'CAMPUS_CURITIBA', 'CAMPUS_FOZ DO IGUAÇU', 'CAMPUS_GOIOERÊ', 'CAMPUS_IVAIPORÃ', 'CAMPUS_JACAREZINHO', 'CAMPUS_JAGUARIAÍVA', 'CAMPUS_PARANAVAÍ', 'CAMPUS_PINHAIS', 'CAMPUS_PITANGA', 'CAMPUS_UMUARAMA', 'CAMPUS_UNIÃO DA VITÓRIA', 'CURSOS_TEC_CONCOMITANTE', 'CURSOS_TEC_INTEGRADO', 'CURSOS_TEC_SUBSEQUENTE', 'CURSOS_GRAD_MATUTINO', 'CURSOS_GRAD_NOTURNO', 'CURSOS_POS', 'FÉRIAS', 'ORDEM', 'LAG_01', 'LAG_04', 'LAG_07', 'LAG_11');0.30295
('TEMP_MÉD_MIN_MENS', 'TEMP_MÉD_MÉD_MENS', 'TEMP_MAX_MÉD_MENS', 'PRECIPITAÇÃO_MÉD_MENS', 'TEMP_MIN_MIN_MENS', 'TEMP_MIN_ACC_MENS', 'TEMP_MAX_MIN_MENS', 'PRECIPITAÇÃO_MIN_MENS', 'TEMP_MAX_MAX_MENS', 'DIA_DA_SEMANA_dom', 'DIA_DA_SEMANA_qui', 'DIA_DA_SEMANA_seg', 'MÊS_ago', 'MÊS_dez', 'MÊS_fev', 'MÊS_jan', 'MÊS_jul', 'MÊS_mar', 'MÊS_nov', 'MÊS_out', 'MÊS_set', 'ANO_2022', 'ANO_2016', 'ANO_2019', 'CAMPUS_ASSIS CHATEAUBRIAND', 'CAMPUS_ASTORGA', 'CAMPUS_BARRACÃO', 'CAMPUS_CAPANEMA', 'CAMPUS_CASCAVEL', 'CAMPUS_CURITIBA', 'CAMPUS_IRATI', 'CAMPUS_IVAIPORÃ', 'CAMPUS_JAGUARIAÍVA', 'CAMPUS_LONDRINA - CENTRO', 'CAMPUS_PALMAS', 'CAMPUS_PARANAGUÁ', 'CAMPUS_PARANAVAÍ', 'CAMPUS_PINHAIS', 'CAMPUS_QUEDAS DO IGUAÇU', 'CURSOS_TEC_INTEGRADO', 'CURSOS_TEC_SUBSEQUENTE', 'CURSOS_GRAD_VESPERTINO', 'CURSOS_GRAD_NOTURNO', 'CURSOS_POS', 'FÉRIAS', 'GREVE', 'ORDEM', 'LAG_01', 'LAG_03', 'LAG_06', 'LAG_07', 'LAG_08', 'LAG_09', 'LAG_10', 'LAG_12');0.30301
('TEMP_MIN_MÉD_MENS', 'TEMP_MÉD_MÉD_MENS', 'TEMP_MÉD_MAX_MENS', 'TEMP_MÉD_ACC_MENS', 'TEMP_MIN_MIN_MENS', 'PRECIPITAÇÃO_MIN_MENS', 'TEMP_MAX_ACC_MENS', 'PRECIPITAÇÃO_MAX_MENS', 'DIA_DA_SEMANA_dom', 'DIA_DA_SEMANA_seg', 'DIA_DA_SEMANA_sex', 'DIA_DA_SEMANA_sáb', 'DIA_DA_SEMANA_ter', 'MÊS_abr', 'MÊS_dez', 'MÊS_fev', 'MÊS_jan', 'MÊS_jun', 'MÊS_mar', 'MÊS_out', 'ANO_2023', 'ANO_2024', 'ANO_2016', 'ANO_2017', 'ANO_2018', 'ANO_2019', 'CAMPUS_CAPANEMA', 'CAMPUS_CASCAVEL', 'CAMPUS_CORONEL VIVIDA', 'CAMPUS_IRATI', 'CAMPUS_LONDRINA - CENTRO', 'CAMPUS_PITANGA', 'CAMPUS_QUEDAS DO IGUAÇU', 'CAMPUS_TELÊMACO BORBA', 'CAMPUS_UMUARAMA', 'CAMPUS_UNIÃO DA VITÓRIA', 'CURSOS_TEC_CONCOMITANTE', 'CURSOS_GRAD_MATUTINO', 'CURSOS_GRAD_VESPERTINO', 'FÉRIAS', 'FERIADO', 'GREVE', 'ORDEM', 'LAG_02', 'LAG_05', 'LAG_07', 'LAG_09', 'LAG_10', 'LAG_11', 'LAG_12');0.30302
('TEMP_MÉD_MIN_MENS', 'TEMP_MÉD_MÉD_MENS', 'TEMP_MÉD_MAX_MENS', 'TEMP_MÉD_ACC_MENS', 'TEMP_MAX_MÉD_MENS', 'PRECIPITAÇÃO_MÉD_MENS', 'TEMP_MIN_MAX_MENS', 'PRECIPITAÇÃO_MIN_MENS', 'TEMP_MAX_MAX_MENS', 'TEMP_MAX_ACC_MENS', 'PRECIPITAÇÃO_MAX_MENS', 'DIA_DA_SEMANA_dom', 'DIA_DA_SEMANA_qua', 'DIA_DA_SEMANA_qui', 'DIA_DA_SEMANA_sex', 'DIA_DA_SEMANA_sáb', 'MÊS_ago', 'MÊS_dez', 'MÊS_jan', 'MÊS_jul', 'MÊS_nov', 'MÊS_set', 'ANO_2023', 'ANO_2024', 'ANO_2015', 'ANO_2016', 'ANO_2019', 'ANO_2020', 'CAMPUS_ASSIS CHATEAUBRIAND', 'CAMPUS_ASTORGA', 'CAMPUS_BARRACÃO', 'CAMPUS_CAMPO LARGO', 'CAMPUS_CAPANEMA', 'CAMPUS_CURITIBA', 'CAMPUS_FOZ DO IGUAÇU', 'CAMPUS_IVAIPORÃ', 'CAMPUS_JACAREZINHO', 'CAMPUS_PALMAS', 'CAMPUS_PARANAGUÁ', 'CAMPUS_PARANAVAÍ', 'CAMPUS_PITANGA', 'CAMPUS_UMUARAMA', 'CAMPUS_UNIÃO DA VITÓRIA', 'CURSOS_TEC_CONCOMITANTE', 'CURSOS_TEC_SUBSEQUENTE', 'CURSOS_GRAD_VESPERTINO', 'CURSOS_POS', 'FÉRIAS', 'GREVE', 'LAG_01', 'LAG_02', 'LAG_03', 'LAG_05', 'LAG_06', 'LAG_08', 'LAG_09', 'LAG_10', 'LAG_12');0.30305
('TEMP_MÉD_MÉD_MENS', 'TEMP_MÉD_MAX_MENS', 'TEMP_MÉD_ACC_MENS', 'TEMP_MIN_MAX_MENS', 'TEMP_MAX_MIN_MENS', 'PRECIPITAÇÃO_MIN_MENS', 'TEMP_MAX_ACC_MENS', 'PRECIPITAÇÃO_MAX_MENS', 'PRECIPITAÇÃO_ACC_MENS', 'DIA_DA_SEMANA_dom', 'DIA_DA_SEMANA_sex', 'MÊS_fev', 'MÊS_jun', 'MÊS_mar', 'MÊS_out', 'MÊS_set', 'ANO_2022', 'ANO_2023', 'ANO_2024', 'ANO_2015', 'ANO_2016', 'ANO_2017', 'ANO_2018', 'CAMPUS_ASTORGA', 'CAMPUS_BARRACÃO', 'CAMPUS_CAMPO LARGO', 'CAMPUS_CAPANEMA', 'CAMPUS_CASCAVEL', 'CAMPUS_CURITIBA', 'CAMPUS_FOZ DO IGUAÇU', 'CAMPUS_GOIOERÊ', 'CAMPUS_IRATI', 'CAMPUS_JAGUARIAÍVA', 'CAMPUS_PALMAS', 'CAMPUS_PARANAGUÁ', 'CAMPUS_PARANAVAÍ', 'CAMPUS_PINHAIS', 'CAMPUS_PITANGA', 'CAMPUS_QUEDAS DO IGUAÇU', 'CAMPUS_TELÊMACO BORBA', 'CAMPUS_UMUARAMA', 'CAMPUS_UNIÃO DA VITÓRIA', 'CURSOS_TEC_SUBSEQUENTE', 'CURSOS_GRAD_VESPERTINO', 'FERIADO', 'COVID', 'GREVE', 'LAG_01', 'LAG_05', 'LAG_06', 'LAG_07', 'LAG_09', 'LAG_11', 'LAG_12');0.30306
('TEMP_MIN_MÉD_MENS', 'TEMP_MÉD_ACC_MENS', 'TEMP_MAX_MÉD_MENS', 'PRECIPITAÇÃO_MÉD_MENS', 'TEMP_MIN_MIN_MENS', 'TEMP_MIN_MAX_MENS', 'PRECIPITAÇÃO_MIN_MENS', 'TEMP_MAX_MAX_MENS', 'PRECIPITAÇÃO_ACC_MENS', 'DIA_DA_SEMANA_dom', 'DIA_DA_SEMANA_qua', 'DIA_DA_SEMANA_qui', 'DIA_DA_SEMANA_sex', 'DIA_DA_SEMANA_ter', 'MÊS_abr', 'MÊS_ago', 'MÊS_fev', 'MÊS_jan', 'MÊS_jul', 'MÊS_jun', 'MÊS_mai', 'MÊS_mar', 'MÊS_nov', 'ANO_2021', 'ANO_2016', 'ANO_2017', 'ANO_2018', 'ANO_2019', 'ANO_2020', 'CAMPUS_ASSIS CHATEAUBRIAND', 'CAMPUS_BARRACÃO', 'CAMPUS_CAPANEMA', 'CAMPUS_CORONEL VIVIDA', 'CAMPUS_CURITIBA', 'CAMPUS_GOIOERÊ', 'CAMPUS_IRATI', 'CAMPUS_JACAREZINHO', 'CAMPUS_JAGUARIAÍVA', 'CAMPUS_LONDRINA - CENTRO', 'CAMPUS_PARANAVAÍ', 'CAMPUS_PINHAIS', 'CAMPUS_PITANGA', 'CAMPUS_QUEDAS DO IGUAÇU', 'CAMPUS_UMUARAMA', 'CAMPUS_UNIÃO DA VITÓRIA', 'CURSOS_GRAD_VESPERTINO', 'CURSOS_GRAD_NOTURNO', 'CURSOS_POS', 'FÉRIAS', 'FERIADO', 'ORDEM', 'LAG_01', 'LAG_03', 'LAG_04', 'LAG_07', 'LAG_09', 'LAG_10');0.30308
('TEMP_MÉD_MIN_MENS', 'TEMP_MÉD_MÉD_MENS', 'TEMP_MÉD_MAX_MENS', 'TEMP_MÉD_ACC_MENS', 'TEMP_MAX_MÉD_MENS', 'TEMP_MIN_MAX_MENS', 'TEMP_MIN_ACC_MENS', 'TEMP_MAX_MIN_MENS', 'PRECIPITAÇÃO_MIN_MENS', 'TEMP_MAX_ACC_MENS', 'PRECIPITAÇÃO_ACC_MENS', 'DIA_DA_SEMANA_qua', 'DIA_DA_SEMANA_qui', 'DIA_DA_SEMANA_sáb', 'DIA_DA_SEMANA_ter', 'MÊS_ago', 'MÊS_dez', 'MÊS_jan', 'MÊS_jul', 'MÊS_jun', 'MÊS_mar', 'MÊS_out', 'ANO_2021', 'ANO_2022', 'ANO_2015', 'ANO_2016', 'ANO_2017', 'ANO_2018', 'ANO_2020', 'CAMPUS_ASSIS CHATEAUBRIAND', 'CAMPUS_CAMPO LARGO', 'CAMPUS_CAPANEMA', 'CAMPUS_CORONEL VIVIDA', 'CAMPUS_CURITIBA', 'CAMPUS_FOZ DO IGUAÇU', 'CAMPUS_GOIOERÊ', 'CAMPUS_IRATI', 'CAMPUS_JACAREZINHO', 'CAMPUS_LONDRINA - CENTRO', 'CAMPUS_PALMAS', 'CAMPUS_PARANAVAÍ', 'CAMPUS_PITANGA', 'CAMPUS_QUEDAS DO IGUAÇU', 'CAMPUS_TELÊMACO BORBA', 'CAMPUS_UNIÃO DA VITÓRIA', 'CURSOS_TEC_INTEGRADO', 'CURSOS_GRAD_MATUTINO', 'CURSOS_GRAD_VESPERTINO', 'FÉRIAS', 'FERIADO', 'GREVE', 'ORDEM', 'LAG_01', 'LAG_03', 'LAG_04', 'LAG_05', 'LAG_06', 'LAG_08', 'LAG_09', 'LAG_10', 'LAG_11', 'LAG_12');0.30311
('TEMP_MIN_MÉD_MENS', 'TEMP_MÉD_MÉD_MENS', 'PRECIPITAÇÃO_MÉD_MENS', 'TEMP_MIN_MIN_MENS', 'TEMP_MAX_MIN_MENS', 'PRECIPITAÇÃO_MIN_MENS', 'TEMP_MAX_MAX_MENS', 'PRECIPITAÇÃO_MAX_MENS', 'DIA_DA_SEMANA_qua', 'DIA_DA_SEMANA_qui', 'DIA_DA_SEMANA_seg', 'DIA_DA_SEMANA_sex', 'DIA_DA_SEMANA_sáb', 'MÊS_abr', 'MÊS_ago', 'MÊS_dez', 'MÊS_jan', 'MÊS_mai', 'MÊS_mar', 'MÊS_out', 'MÊS_set', 'ANO_2021', 'ANO_2022', 'ANO_2024', 'ANO_2016', 'ANO_2017', 'ANO_2018', 'ANO_2019', 'ANO_2020', 'CAMPUS_ASTORGA', 'CAMPUS_CAMPO LARGO', 'CAMPUS_CAPANEMA', 'CAMPUS_CASCAVEL', 'CAMPUS_GOIOERÊ', 'CAMPUS_IRATI', 'CAMPUS_JAGUARIAÍVA', 'CAMPUS_LONDRINA - CENTRO', 'CAMPUS_PARANAGUÁ', 'CAMPUS_PARANAVAÍ', 'CAMPUS_PINHAIS', 'CAMPUS_QUEDAS DO IGUAÇU', 'CAMPUS_TELÊMACO BORBA', 'CAMPUS_UMUARAMA', 'CAMPUS_UNIÃO DA VITÓRIA', 'CURSOS_TEC_CONCOMITANTE', 'CURSOS_TEC_INTEGRADO', 'CURSOS_TEC_SUBSEQUENTE', 'CURSOS_GRAD_MATUTINO', 'CURSOS_GRAD_VESPERTINO', 'CURSOS_POS', 'COVID', 'GREVE', 'ORDEM', 'LAG_02', 'LAG_03', 'LAG_05', 'LAG_06', 'LAG_07', 'LAG_08', 'LAG_09');0.30312
('TEMP_MIN_MÉD_MENS', 'TEMP_MÉD_MIN_MENS', 'TEMP_MÉD_MÉD_MENS', 'TEMP_MÉD_ACC_MENS', 'TEMP_MAX_MÉD_MENS', 'PRECIPITAÇÃO_MÉD_MENS', 'TEMP_MIN_MIN_MENS', 'TEMP_MAX_MIN_MENS', 'PRECIPITAÇÃO_MIN_MENS', 'TEMP_MAX_ACC_MENS', 'PRECIPITAÇÃO_MAX_MENS', 'PRECIPITAÇÃO_ACC_MENS', 'DIA_DA_SEMANA_dom', 'DIA_DA_SEMANA_qua', 'DIA_DA_SEMANA_qui', 'DIA_DA_SEMANA_sex', 'DIA_DA_SEMANA_sáb', 'DIA_DA_SEMANA_ter', 'MÊS_ago', 'MÊS_dez', 'MÊS_jan', 'MÊS_jun', 'MÊS_mai', 'MÊS_nov', 'MÊS_out', 'MÊS_set', 'ANO_2022', 'ANO_2023', 'ANO_2016', 'ANO_2017', 'ANO_2018', 'ANO_2020', 'CAMPUS_BARRACÃO', 'CAMPUS_CASCAVEL', 'CAMPUS_FOZ DO IGUAÇU', 'CAMPUS_IVAIPORÃ', 'CAMPUS_PALMAS', 'CAMPUS_PARANAVAÍ', 'CAMPUS_PITANGA', 'CAMPUS_QUEDAS DO IGUAÇU', 'CAMPUS_TELÊMACO BORBA', 'CAMPUS_UMUARAMA', 'CURSOS_TEC_CONCOMITANTE', 'CURSOS_TEC_INTEGRADO', 'CURSOS_TEC_SUBSEQUENTE', 'CURSOS_GRAD_MATUTINO', 'CURSOS_GRAD_VESPERTINO', 'CURSOS_POS', 'FÉRIAS', 'GREVE', 'ORDEM', 'LAG_01', 'LAG_02', 'LAG_03', 'LAG_04', 'LAG_07', 'LAG_08', 'LAG_10', 'LAG_11', 'LAG_12');0.30312
('TEMP_MIN_MÉD_MENS', 'TEMP_MÉD_MIN_MENS', 'TEMP_MÉD_MAX_MENS', 'TEMP_MAX_MÉD_MENS', 'PRECIPITAÇÃO_MÉD_MENS', 'TEMP_MIN_MIN_MENS', 'TEMP_MIN_ACC_MENS', 'TEMP_MAX_MIN_MENS', 'PRECIPITAÇÃO_MIN_MENS', 'PRECIPITAÇÃO_MAX_MENS', 'DIA_DA_SEMANA_qui', 'DIA_DA_SEMANA_seg', 'DIA_DA_SEMANA_sex', 'DIA_DA_SEMANA_sáb', 'DIA_DA_SEMANA_ter', 'MÊS_abr', 'MÊS_ago', 'MÊS_fev', 'MÊS_jul', 'MÊS_jun', 'MÊS_mar', 'MÊS_out', 'ANO_2021', 'ANO_2023', 'ANO_2024', 'ANO_2016', 'ANO_2018', 'ANO_2019', 'ANO_2020', 'CAMPUS_ASSIS CHATEAUBRIAND', 'CAMPUS_CAMPO LARGO', 'CAMPUS_CASCAVEL', 'CAMPUS_CORONEL VIVIDA', 'CAMPUS_CURITIBA', 'CAMPUS_IRATI', 'CAMPUS_JAGUARIAÍVA', 'CAMPUS_PARANAVAÍ', 'CAMPUS_PINHAIS', 'CAMPUS_QUEDAS DO IGUAÇU', 'CAMPUS_TELÊMACO BORBA', 'CAMPUS_UMUARAMA', 'CAMPUS_UNIÃO DA VITÓRIA', 'CURSOS_TEC_CONCOMITANTE', 'CURSOS_TEC_INTEGRADO', 'CURSOS_GRAD_VESPERTINO', 'CURSOS_GRAD_NOTURNO', 'FERIADO', 'COVID', 'GREVE', 'LAG_03', 'LAG_04', 'LAG_06', 'LAG_07', 'LAG_09', 'LAG_11', 'LAG_12');0.30321
('TEMP_MÉD_MIN_MENS', 'TEMP_MÉD_MÉD_MENS', 'TEMP_MÉD_MAX_MENS', 'TEMP_MÉD_ACC_MENS', 'PRECIPITAÇÃO_MÉD_MENS', 'TEMP_MIN_MIN_MENS', 'TEMP_MIN_MAX_MENS', 'TEMP_MIN_ACC_MENS', 'TEMP_MAX_MIN_MENS', 'PRECIPITAÇÃO_MIN_MENS', 'TEMP_MAX_MAX_MENS', 'TEMP_MAX_ACC_MENS', 'PRECIPITAÇÃO_ACC_MENS', 'DIA_DA_SEMANA_dom', 'DIA_DA_SEMANA_qua', 'DIA_DA_SEMANA_sex', 'DIA_DA_SEMANA_sáb', 'MÊS_ago', 'MÊS_dez', 'MÊS_fev', 'MÊS_jul', 'MÊS_mai', 'MÊS_mar', 'MÊS_nov', 'MÊS_out', 'ANO_2023', 'ANO_2024', 'ANO_2015', 'ANO_2016', 'ANO_2018', 'ANO_2019', 'ANO_2020', 'CAMPUS_BARRACÃO', 'CAMPUS_CASCAVEL', 'CAMPUS_CORONEL VIVIDA', 'CAMPUS_FOZ DO IGUAÇU', 'CAMPUS_IRATI', 'CAMPUS_IVAIPORÃ', 'CAMPUS_JACAREZINHO', 'CAMPUS_PALMAS', 'CAMPUS_PARANAGUÁ', 'CAMPUS_PARANAVAÍ', 'CAMPUS_PINHAIS', 'CAMPUS_PITANGA', 'CAMPUS_QUEDAS DO IGUAÇU', 'CAMPUS_UNIÃO DA VITÓRIA', 'CURSOS_TEC_CONCOMITANTE', 'CURSOS_TEC_INTEGRADO', 'CURSOS_TEC_SUBSEQUENTE', 'CURSOS_GRAD_NOTURNO', 'CURSOS_POS', 'FERIADO', 'COVID', 'GREVE', 'LAG_01', 'LAG_03', 'LAG_04', 'LAG_08', 'LAG_10', 'LAG_11');0.30325
('TEMP_MIN_MÉD_MENS', 'TEMP_MÉD_MÉD_MENS', 'TEMP_MÉD_ACC_MENS', 'TEMP_MAX_MÉD_MENS', 'PRECIPITAÇÃO_MÉD_MENS', 'TEMP_MIN_MIN_MENS', 'PRECIPITAÇÃO_MIN_MENS', 'TEMP_MAX_MAX_MENS', 'TEMP_MAX_ACC_MENS', 'PRECIPITAÇÃO_MAX_MENS', 'DIA_DA_SEMANA_qua', 'DIA_DA_SEMANA_qui', 'DIA_DA_SEMANA_seg', 'DIA_DA_SEMANA_sex', 'MÊS_ago', 'MÊS_dez', 'MÊS_jan', 'MÊS_jul', 'MÊS_jun', 'MÊS_mar', 'MÊS_nov', 'MÊS_out', 'MÊS_set', 'ANO_2021', 'ANO_2023', 'ANO_2024', 'ANO_2018', 'ANO_2019', 'ANO_2020', 'CAMPUS_ASSIS CHATEAUBRIAND', 'CAMPUS_ASTORGA', 'CAMPUS_CAMPO LARGO', 'CAMPUS_CAPANEMA', 'CAMPUS_CORONEL VIVIDA', 'CAMPUS_CURITIBA', 'CAMPUS_IRATI', 'CAMPUS_JACAREZINHO', 'CAMPUS_LONDRINA - CENTRO', 'CAMPUS_PALMAS', 'CAMPUS_PARANAVAÍ', 'CAMPUS_PINHAIS', 'CAMPUS_PITANGA', 'CAMPUS_QUEDAS DO IGUAÇU', 'CAMPUS_UNIÃO DA VITÓRIA', 'CURSOS_TEC_CONCOMITANTE', 'CURSOS_TEC_INTEGRADO', 'CURSOS_GRAD_VESPERTINO', 'CURSOS_GRAD_NOTURNO', 'FÉRIAS', 'GREVE', 'LAG_01', 'LAG_06', 'LAG_07', 'LAG_10', 'LAG_11', 'LAG_12');0.30332
('TEMP_MAX_MÉD_MENS', 'PRECIPITAÇÃO_MÉD_MENS', 'TEMP_MIN_MIN_MENS', 'TEMP_MAX_MIN_MENS', 'PRECIPITAÇÃO_MIN_MENS', 'TEMP_MAX_ACC_MENS', 'PRECIPITAÇÃO_MAX_MENS', 'PRECIPITAÇÃO_ACC_MENS', 'DIA_DA_SEMANA_dom', 'DIA_DA_SEMANA_qua', 'DIA_DA_SEMANA_seg', 'DIA_DA_SEMANA_sáb', 'DIA_DA_SEMANA_ter', 'MÊS_abr', 'MÊS_ago', 'MÊS_fev', 'MÊS_jan', 'MÊS_jul', 'MÊS_jun', 'MÊS_set', 'ANO_2021', 'ANO_2022', 'ANO_2024', 'ANO_2017', 'ANO_2018', 'ANO_2019', 'CAMPUS_BARRACÃO', 'CAMPUS_CAPANEMA', 'CAMPUS_CASCAVEL', 'CAMPUS_CORONEL VIVIDA', 'CAMPUS_CURITIBA', 'CAMPUS_FOZ DO IGUAÇU', 'CAMPUS_IRATI', 'CAMPUS_IVAIPORÃ', 'CAMPUS_LONDRINA - CENTRO', 'CAMPUS_PITANGA', 'CURSOS_TEC_SUBSEQUENTE', 'CURSOS_GRAD_MATUTINO', 'CURSOS_GRAD_VESPERTINO', 'CURSOS_POS', 'COVID', 'GREVE', 'ORDEM', 'LAG_04', 'LAG_05', 'LAG_09', 'LAG_10', 'LAG_11');0.30334
('TEMP_MIN_MÉD_MENS', 'TEMP_MÉD_MIN_MENS', 'TEMP_MÉD_MÉD_MENS', 'TEMP_MÉD_MAX_MENS', 'TEMP_MÉD_ACC_MENS', 'PRECIPITAÇÃO_MÉD_MENS', 'TEMP_MIN_MIN_MENS', 'TEMP_MAX_MAX_MENS', 'PRECIPITAÇÃO_MAX_MENS', 'PRECIPITAÇÃO_ACC_MENS', 'DIA_DA_SEMANA_dom', 'DIA_DA_SEMANA_qua', 'DIA_DA_SEMANA_qui', 'DIA_DA_SEMANA_seg', 'DIA_DA_SEMANA_sáb', 'MÊS_ago', 'MÊS_dez', 'MÊS_jul', 'MÊS_mai', 'MÊS_mar', 'MÊS_nov', 'MÊS_out', 'MÊS_set', 'ANO_2021', 'ANO_2022', 'ANO_2024', 'ANO_2016', 'ANO_2017', 'CAMPUS_ASSIS CHATEAUBRIAND', 'CAMPUS_ASTORGA', 'CAMPUS_CAPANEMA', 'CAMPUS_CASCAVEL', 'CAMPUS_CORONEL VIVIDA', 'CAMPUS_CURITIBA', 'CAMPUS_FOZ DO IGUAÇU', 'CAMPUS_GOIOERÊ', 'CAMPUS_IRATI', 'CAMPUS_IVAIPORÃ', 'CAMPUS_JACAREZINHO', 'CAMPUS_LONDRINA - CENTRO', 'CAMPUS_PALMAS', 'CAMPUS_PARANAVAÍ', 'CAMPUS_PINHAIS', 'CAMPUS_PITANGA', 'CAMPUS_TELÊMACO BORBA', 'CAMPUS_UMUARAMA', 'CURSOS_TEC_INTEGRADO', 'CURSOS_TEC_SUBSEQUENTE', 'CURSOS_GRAD_MATUTINO', 'CURSOS_GRAD_VESPERTINO', 'CURSOS_POS', 'FÉRIAS', 'GREVE', 'ORDEM', 'LAG_03', 'LAG_04', 'LAG_06', 'LAG_07', 'LAG_08', 'LAG_09', 'LAG_10', 'LAG_11');0.30335
('TEMP_MIN_MÉD_MENS', 'TEMP_MÉD_ACC_MENS', 'PRECIPITAÇÃO_MÉD_MENS', 'TEMP_MIN_MAX_MENS', 'TEMP_MIN_ACC_MENS', 'TEMP_MAX_MIN_MENS', 'PRECIPITAÇÃO_MIN_MENS', 'TEMP_MAX_MAX_MENS', 'DIA_DA_SEMANA_dom', 'DIA_DA_SEMANA_sex', 'DIA_DA_SEMANA_sáb', 'MÊS_fev', 'MÊS_jan', 'MÊS_jul', 'MÊS_mar', 'MÊS_out', 'MÊS_set', 'ANO_2022', 'ANO_2024', 'ANO_2016', 'ANO_2019', 'CAMPUS_CAMPO LARGO', 'CAMPUS_CAPANEMA', 'CAMPUS_CASCAVEL', 'CAMPUS_CURITIBA', 'CAMPUS_GOIOERÊ', 'CAMPUS_IRATI', 'CAMPUS_IVAIPORÃ', 'CAMPUS_JACAREZINHO', 'CAMPUS_JAGUARIAÍVA', 'CAMPUS_PARANAGUÁ', 'CAMPUS_PARANAVAÍ', 'CAMPUS_PITANGA', 'CAMPUS_TELÊMACO BORBA', 'CURSOS_TEC_CONCOMITANTE', 'CURSOS_GRAD_VESPERTINO', 'CURSOS_GRAD_NOTURNO', 'FÉRIAS', 'FERIADO', 'ORDEM', 'LAG_01', 'LAG_03', 'LAG_04', 'LAG_05', 'LAG_07', 'LAG_09', 'LAG_11', 'LAG_12');0.30335
('TEMP_MÉD_MIN_MENS', 'TEMP_MÉD_MÉD_MENS', 'TEMP_MÉD_MAX_MENS', 'PRECIPITAÇÃO_MÉD_MENS', 'TEMP_MIN_MIN_MENS', 'TEMP_MIN_ACC_MENS', 'TEMP_MAX_MIN_MENS', 'PRECIPITAÇÃO_MIN_MENS', 'TEMP_MAX_MAX_MENS', 'PRECIPITAÇÃO_MAX_MENS', 'DIA_DA_SEMANA_dom', 'DIA_DA_SEMANA_qua', 'DIA_DA_SEMANA_qui', 'DIA_DA_SEMANA_seg', 'DIA_DA_SEMANA_sáb', 'DIA_DA_SEMANA_ter', 'MÊS_abr', 'MÊS_ago', 'MÊS_jan', 'MÊS_jul', 'MÊS_jun', 'MÊS_mai', 'MÊS_mar', 'MÊS_out', 'ANO_2021', 'ANO_2022', 'ANO_2018', 'ANO_2019', 'ANO_2020', 'CAMPUS_ASSIS CHATEAUBRIAND', 'CAMPUS_BARRACÃO', 'CAMPUS_CAMPO LARGO', 'CAMPUS_CAPANEMA', 'CAMPUS_FOZ DO IGUAÇU', 'CAMPUS_GOIOERÊ', 'CAMPUS_IRATI', 'CAMPUS_JACAREZINHO', 'CAMPUS_JAGUARIAÍVA', 'CAMPUS_PARANAGUÁ', 'CAMPUS_PARANAVAÍ', 'CAMPUS_PINHAIS', 'CAMPUS_PITANGA', 'CAMPUS_TELÊMACO BORBA', 'CAMPUS_UMUARAMA', 'CURSOS_TEC_INTEGRADO', 'CURSOS_GRAD_MATUTINO', 'CURSOS_GRAD_NOTURNO', 'CURSOS_POS', 'COVID', 'GREVE', 'ORDEM', 'LAG_01', 'LAG_02', 'LAG_05', 'LAG_07', 'LAG_10', 'LAG_11', 'LAG_12');0.30338
('TEMP_MÉD_MAX_MENS', 'TEMP_MAX_MÉD_MENS', 'PRECIPITAÇÃO_MÉD_MENS', 'TEMP_MIN_MAX_MENS', 'PRECIPITAÇÃO_MIN_MENS', 'TEMP_MAX_MAX_MENS', 'PRECIPITAÇÃO_MAX_MENS', 'DIA_DA_SEMANA_dom', 'DIA_DA_SEMANA_qui', 'DIA_DA_SEMANA_sáb', 'MÊS_abr', 'MÊS_ago', 'MÊS_jan', 'MÊS_jul', 'MÊS_mai', 'MÊS_mar', 'ANO_2023', 'ANO_2024', 'ANO_2015', 'ANO_2016', 'ANO_2019', 'ANO_2020', 'CAMPUS_BARRACÃO', 'CAMPUS_CAPANEMA', 'CAMPUS_CASCAVEL', 'CAMPUS_CURITIBA', 'CAMPUS_FOZ DO IGUAÇU', 'CAMPUS_GOIOERÊ', 'CAMPUS_IRATI', 'CAMPUS_IVAIPORÃ', 'CAMPUS_LONDRINA - CENTRO', 'CAMPUS_PARANAGUÁ', 'CAMPUS_PINHAIS', 'CAMPUS_PITANGA', 'CAMPUS_QUEDAS DO IGUAÇU', 'CAMPUS_UMUARAMA', 'CURSOS_TEC_CONCOMITANTE', 'CURSOS_TEC_INTEGRADO', 'CURSOS_TEC_SUBSEQUENTE', 'CURSOS_GRAD_MATUTINO', 'CURSOS_GRAD_VESPERTINO', 'CURSOS_GRAD_NOTURNO', 'CURSOS_POS', 'FÉRIAS', 'GREVE', 'ORDEM', 'LAG_02', 'LAG_04', 'LAG_07', 'LAG_12');0.3035
('TEMP_MIN_MÉD_MENS', 'TEMP_MÉD_MIN_MENS', 'TEMP_MÉD_MÉD_MENS', 'TEMP_MÉD_MAX_MENS', 'TEMP_MÉD_ACC_MENS', 'TEMP_MAX_MÉD_MENS', 'PRECIPITAÇÃO_MÉD_MENS', 'TEMP_MIN_MIN_MENS', 'TEMP_MAX_MIN_MENS', 'PRECIPITAÇÃO_MIN_MENS', 'PRECIPITAÇÃO_ACC_MENS', 'DIA_DA_SEMANA_qui', 'DIA_DA_SEMANA_seg', 'DIA_DA_SEMANA_ter', 'MÊS_abr', 'MÊS_ago', 'MÊS_fev', 'MÊS_jan', 'MÊS_jul', 'MÊS_nov', 'MÊS_out', 'ANO_2023', 'ANO_2015', 'ANO_2016', 'ANO_2019', 'ANO_2020', 'CAMPUS_ASSIS CHATEAUBRIAND', 'CAMPUS_CAMPO LARGO', 'CAMPUS_CORONEL VIVIDA', 'CAMPUS_CURITIBA', 'CAMPUS_FOZ DO IGUAÇU', 'CAMPUS_GOIOERÊ', 'CAMPUS_IRATI', 'CAMPUS_IVAIPORÃ', 'CAMPUS_JACAREZINHO', 'CAMPUS_JAGUARIAÍVA', 'CAMPUS_LONDRINA - CENTRO', 'CAMPUS_PARANAVAÍ', 'CAMPUS_PINHAIS', 'CAMPUS_PITANGA', 'CAMPUS_TELÊMACO BORBA', 'CAMPUS_UMUARAMA', 'CURSOS_TEC_SUBSEQUENTE', 'CURSOS_GRAD_MATUTINO', 'CURSOS_GRAD_VESPERTINO', 'CURSOS_GRAD_NOTURNO', 'CURSOS_POS', 'FÉRIAS', 'FERIADO', 'GREVE', 'ORDEM', 'LAG_02', 'LAG_03', 'LAG_04', 'LAG_06', 'LAG_07', 'LAG_08', 'LAG_10', 'LAG_11');0.30353
('TEMP_MIN_MÉD_MENS', 'TEMP_MÉD_MIN_MENS', 'TEMP_MÉD_MÉD_MENS', 'TEMP_MÉD_MAX_MENS', 'TEMP_MÉD_ACC_MENS', 'TEMP_MIN_MAX_MENS', 'TEMP_MIN_ACC_MENS', 'PRECIPITAÇÃO_MIN_MENS', 'PRECIPITAÇÃO_ACC_MENS', 'DIA_DA_SEMANA_dom', 'DIA_DA_SEMANA_qui', 'DIA_DA_SEMANA_sáb', 'MÊS_abr', 'MÊS_dez', 'MÊS_mar', 'MÊS_out', 'MÊS_set', 'ANO_2022', 'ANO_2023', 'ANO_2016', 'ANO_2018', 'ANO_2019', 'ANO_2020', 'CAMPUS_ASSIS CHATEAUBRIAND', 'CAMPUS_CAMPO LARGO', 'CAMPUS_CAPANEMA', 'CAMPUS_CASCAVEL', 'CAMPUS_CURITIBA', 'CAMPUS_FOZ DO IGUAÇU', 'CAMPUS_IRATI', 'CAMPUS_JACAREZINHO', 'CAMPUS_LONDRINA - CENTRO', 'CAMPUS_PALMAS', 'CAMPUS_PARANAGUÁ', 'CAMPUS_PARANAVAÍ', 'CAMPUS_TELÊMACO BORBA', 'CAMPUS_UNIÃO DA VITÓRIA', 'CURSOS_TEC_CONCOMITANTE', 'CURSOS_GRAD_MATUTINO', 'CURSOS_GRAD_VESPERTINO', 'FERIADO', 'COVID', 'ORDEM', 'LAG_01', 'LAG_02', 'LAG_04', 'LAG_07', 'LAG_08', 'LAG_09', 'LAG_11', 'LAG_12');0.30356
('TEMP_MIN_MÉD_MENS', 'TEMP_MÉD_MIN_MENS', 'TEMP_MÉD_MÉD_MENS', 'TEMP_MÉD_MAX_MENS', 'PRECIPITAÇÃO_MÉD_MENS', 'TEMP_MIN_ACC_MENS', 'PRECIPITAÇÃO_MAX_MENS', 'DIA_DA_SEMANA_dom', 'DIA_DA_SEMANA_qui', 'DIA_DA_SEMANA_seg', 'DIA_DA_SEMANA_sáb', 'MÊS_abr', 'MÊS_ago', 'MÊS_fev', 'MÊS_jan', 'MÊS_jul', 'MÊS_mai', 'MÊS_nov', 'MÊS_out', 'ANO_2021', 'ANO_2022', 'ANO_2023', 'ANO_2016', 'ANO_2017', 'ANO_2020', 'CAMPUS_ASSIS CHATEAUBRIAND', 'CAMPUS_CAMPO LARGO', 'CAMPUS_CAPANEMA', 'CAMPUS_CASCAVEL', 'CAMPUS_CORONEL VIVIDA', 'CAMPUS_GOIOERÊ', 'CAMPUS_IRATI', 'CAMPUS_JAGUARIAÍVA', 'CAMPUS_LONDRINA - CENTRO', 'CAMPUS_PALMAS', 'CAMPUS_PITANGA', 'CAMPUS_QUEDAS DO IGUAÇU', 'CAMPUS_TELÊMACO BORBA', 'CURSOS_TEC_CONCOMITANTE', 'CURSOS_TEC_SUBSEQUENTE', 'CURSOS_GRAD_VESPERTINO', 'FERIADO', 'COVID', 'GREVE', 'LAG_01', 'LAG_02', 'LAG_03', 'LAG_04', 'LAG_05', 'LAG_07', 'LAG_09', 'LAG_10', 'LAG_12');0.30357
('TEMP_MIN_MÉD_MENS', 'TEMP_MÉD_MÉD_MENS', 'TEMP_MÉD_ACC_MENS', 'TEMP_MIN_MIN_MENS', 'TEMP_MIN_MAX_MENS', 'TEMP_MIN_ACC_MENS', 'TEMP_MAX_MIN_MENS', 'TEMP_MAX_MAX_MENS', 'TEMP_MAX_ACC_MENS', 'PRECIPITAÇÃO_MAX_MENS', 'DIA_DA_SEMANA_dom', 'DIA_DA_SEMANA_qua', 'DIA_DA_SEMANA_qui', 'DIA_DA_SEMANA_seg', 'DIA_DA_SEMANA_ter', 'MÊS_abr', 'MÊS_ago', 'MÊS_fev', 'MÊS_jul', 'MÊS_jun', 'MÊS_out', 'MÊS_set', 'ANO_2021', 'ANO_2022', 'ANO_2023', 'ANO_2015', 'ANO_2016', 'ANO_2018', 'ANO_2019', 'ANO_2020', 'CAMPUS_ASSIS CHATEAUBRIAND', 'CAMPUS_CAMPO LARGO', 'CAMPUS_CAPANEMA', 'CAMPUS_CASCAVEL', 'CAMPUS_CORONEL VIVIDA', 'CAMPUS_CURITIBA', 'CAMPUS_GOIOERÊ', 'CAMPUS_IVAIPORÃ', 'CAMPUS_LONDRINA - CENTRO', 'CAMPUS_PARANAVAÍ', 'CAMPUS_PINHAIS', 'CAMPUS_QUEDAS DO IGUAÇU', 'CAMPUS_TELÊMACO BORBA', 'CAMPUS_UMUARAMA', 'CAMPUS_UNIÃO DA VITÓRIA', 'CURSOS_TEC_CONCOMITANTE', 'CURSOS_TEC_INTEGRADO', 'CURSOS_TEC_SUBSEQUENTE', 'CURSOS_GRAD_MATUTINO', 'CURSOS_GRAD_NOTURNO', 'CURSOS_POS', 'FÉRIAS', 'GREVE', 'LAG_01', 'LAG_06', 'LAG_07', 'LAG_11', 'LAG_12');0.30357
('TEMP_MIN_MÉD_MENS', 'TEMP_MÉD_MÉD_MENS', 'TEMP_MÉD_ACC_MENS', 'PRECIPITAÇÃO_MÉD_MENS', 'TEMP_MAX_MIN_MENS', 'PRECIPITAÇÃO_MIN_MENS', 'TEMP_MAX_MAX_MENS', 'PRECIPITAÇÃO_MAX_MENS', 'DIA_DA_SEMANA_qua', 'DIA_DA_SEMANA_qui', 'DIA_DA_SEMANA_sex', 'DIA_DA_SEMANA_sáb', 'MÊS_abr', 'MÊS_ago', 'MÊS_jan', 'MÊS_jul', 'MÊS_jun', 'MÊS_mai', 'MÊS_mar', 'MÊS_nov', 'MÊS_set', 'ANO_2021', 'ANO_2023', 'ANO_2024', 'ANO_2016', 'ANO_2017', 'ANO_2018', 'ANO_2020', 'CAMPUS_ASSIS CHATEAUBRIAND', 'CAMPUS_CASCAVEL', 'CAMPUS_CORONEL VIVIDA', 'CAMPUS_CURITIBA', 'CAMPUS_FOZ DO IGUAÇU', 'CAMPUS_JACAREZINHO', 'CAMPUS_LONDRINA - CENTRO', 'CAMPUS_PALMAS', 'CAMPUS_PARANAGUÁ', 'CAMPUS_PITANGA', 'CAMPUS_UMUARAMA', 'CURSOS_GRAD_VESPERTINO', 'CURSOS_POS', 'COVID', 'GREVE', 'ORDEM', 'LAG_01', 'LAG_04', 'LAG_07', 'LAG_08', 'LAG_09', 'LAG_10', 'LAG_12');0.30361
('TEMP_MIN_MÉD_MENS', 'TEMP_MÉD_MIN_MENS', 'TEMP_MÉD_MÉD_MENS', 'PRECIPITAÇÃO_MÉD_MENS', 'TEMP_MAX_MIN_MENS', 'PRECIPITAÇÃO_MIN_MENS', 'DIA_DA_SEMANA_seg', 'DIA_DA_SEMANA_ter', 'MÊS_abr', 'MÊS_ago', 'MÊS_dez', 'MÊS_fev', 'MÊS_jan', 'MÊS_jul', 'MÊS_mar', 'MÊS_nov', 'MÊS_out', 'MÊS_set', 'ANO_2021', 'ANO_2023', 'ANO_2024', 'ANO_2015', 'ANO_2017', 'ANO_2019', 'ANO_2020', 'CAMPUS_ASSIS CHATEAUBRIAND', 'CAMPUS_CAMPO LARGO', 'CAMPUS_CAPANEMA', 'CAMPUS_CASCAVEL', 'CAMPUS_CORONEL VIVIDA', 'CAMPUS_GOIOERÊ', 'CAMPUS_IRATI', 'CAMPUS_JACAREZINHO', 'CAMPUS_JAGUARIAÍVA', 'CAMPUS_LONDRINA - CENTRO', 'CAMPUS_PARANAGUÁ', 'CAMPUS_PINHAIS', 'CAMPUS_PITANGA', 'CAMPUS_QUEDAS DO IGUAÇU', 'CAMPUS_TELÊMACO BORBA', 'CAMPUS_UNIÃO DA VITÓRIA', 'CURSOS_TEC_CONCOMITANTE', 'CURSOS_TEC_SUBSEQUENTE', 'CURSOS_GRAD_MATUTINO', 'CURSOS_GRAD_NOTURNO', 'FERIADO', 'COVID', 'GREVE', 'ORDEM', 'LAG_01', 'LAG_03', 'LAG_04', 'LAG_07', 'LAG_09', 'LAG_10', 'LAG_12');0.30361
('TEMP_MÉD_MIN_MENS', 'TEMP_MÉD_MÉD_MENS', 'TEMP_MÉD_MAX_MENS', 'TEMP_MÉD_ACC_MENS', 'PRECIPITAÇÃO_MÉD_MENS', 'TEMP_MIN_MIN_MENS', 'TEMP_MIN_MAX_MENS', 'TEMP_MAX_MIN_MENS', 'PRECIPITAÇÃO_MIN_MENS', 'TEMP_MAX_MAX_MENS', 'TEMP_MAX_ACC_MENS', 'PRECIPITAÇÃO_ACC_MENS', 'DIA_DA_SEMANA_dom', 'DIA_DA_SEMANA_qua', 'DIA_DA_SEMANA_qui', 'DIA_DA_SEMANA_seg', 'DIA_DA_SEMANA_sex', 'DIA_DA_SEMANA_sáb', 'DIA_DA_SEMANA_ter', 'MÊS_ago', 'MÊS_jan', 'MÊS_jul', 'MÊS_nov', 'ANO_2021', 'ANO_2024', 'ANO_2016', 'ANO_2019', 'CAMPUS_ASSIS CHATEAUBRIAND', 'CAMPUS_CAMPO LARGO', 'CAMPUS_CASCAVEL', 'CAMPUS_CORONEL VIVIDA', 'CAMPUS_CURITIBA', 'CAMPUS_FOZ DO IGUAÇU', 'CAMPUS_IVAIPORÃ', 'CAMPUS_JACAREZINHO', 'CAMPUS_JAGUARIAÍVA', 'CAMPUS_LONDRINA - CENTRO', 'CAMPUS_PALMAS', 'CAMPUS_PARANAGUÁ', 'CAMPUS_PINHAIS', 'CAMPUS_PITANGA', 'CAMPUS_QUEDAS DO IGUAÇU', 'CAMPUS_UNIÃO DA VITÓRIA', 'CURSOS_TEC_CONCOMITANTE', 'CURSOS_GRAD_MATUTINO', 'CURSOS_GRAD_VESPERTINO', 'COVID', 'LAG_03', 'LAG_04', 'LAG_07', 'LAG_10');0.30363
('TEMP_MIN_MÉD_MENS', 'TEMP_MÉD_MÉD_MENS', 'TEMP_MÉD_MAX_MENS', 'TEMP_MÉD_ACC_MENS', 'TEMP_MIN_MIN_MENS', 'TEMP_MIN_MAX_MENS', 'TEMP_MAX_MIN_MENS', 'TEMP_MAX_MAX_MENS', 'TEMP_MAX_ACC_MENS', 'PRECIPITAÇÃO_MAX_MENS', 'DIA_DA_SEMANA_dom', 'DIA_DA_SEMANA_qui', 'DIA_DA_SEMANA_ter', 'MÊS_dez', 'MÊS_jul', 'MÊS_mar', 'MÊS_nov', 'MÊS_set', 'ANO_2023', 'ANO_2024', 'ANO_2018', 'ANO_2019', 'ANO_2020', 'CAMPUS_BARRACÃO', 'CAMPUS_CAMPO LARGO', 'CAMPUS_CAPANEMA', 'CAMPUS_CORONEL VIVIDA', 'CAMPUS_CURITIBA', 'CAMPUS_GOIOERÊ', 'CAMPUS_JAGUARIAÍVA', 'CAMPUS_LONDRINA - CENTRO', 'CAMPUS_PALMAS', 'CAMPUS_PARANAGUÁ', 'CAMPUS_PARANAVAÍ', 'CAMPUS_QUEDAS DO IGUAÇU', 'CAMPUS_UMUARAMA', 'CAMPUS_UNIÃO DA VITÓRIA', 'CURSOS_TEC_CONCOMITANTE', 'CURSOS_TEC_INTEGRADO', 'CURSOS_GRAD_MATUTINO', 'CURSOS_GRAD_VESPERTINO', 'CURSOS_POS', 'FÉRIAS', 'ORDEM', 'LAG_01', 'LAG_03', 'LAG_05', 'LAG_06', 'LAG_07', 'LAG_08', 'LAG_09', 'LAG_10', 'LAG_12');0.3037
('TEMP_MÉD_MÉD_MENS', 'TEMP_MÉD_MAX_MENS', 'TEMP_MÉD_ACC_MENS', 'TEMP_MAX_MÉD_MENS', 'PRECIPITAÇÃO_MÉD_MENS', 'TEMP_MIN_MIN_MENS', 'TEMP_MAX_MIN_MENS', 'PRECIPITAÇÃO_MIN_MENS', 'TEMP_MAX_ACC_MENS', 'DIA_DA_SEMANA_dom', 'DIA_DA_SEMANA_qua', 'DIA_DA_SEMANA_qui', 'DIA_DA_SEMANA_seg', 'DIA_DA_SEMANA_sex', 'MÊS_abr', 'MÊS_dez', 'MÊS_jun', 'MÊS_mai', 'ANO_2021', 'ANO_2022', 'ANO_2023', 'ANO_2024', 'ANO_2016', 'ANO_2017', 'ANO_2020', 'CAMPUS_ASSIS CHATEAUBRIAND', 'CAMPUS_ASTORGA', 'CAMPUS_CASCAVEL', 'CAMPUS_CURITIBA', 'CAMPUS_FOZ DO IGUAÇU', 'CAMPUS_GOIOERÊ', 'CAMPUS_IVAIPORÃ', 'CAMPUS_JAGUARIAÍVA', 'CAMPUS_LONDRINA - CENTRO', 'CAMPUS_PARANAVAÍ', 'CAMPUS_QUEDAS DO IGUAÇU', 'CAMPUS_TELÊMACO BORBA', 'CAMPUS_UNIÃO DA VITÓRIA', 'CURSOS_TEC_SUBSEQUENTE', 'CURSOS_GRAD_VESPERTINO', 'FÉRIAS', 'FERIADO', 'ORDEM', 'LAG_01', 'LAG_03', 'LAG_04', 'LAG_05', 'LAG_07', 'LAG_08', 'LAG_12');0.30376
('TEMP_MÉD_MIN_MENS', 'PRECIPITAÇÃO_MÉD_MENS', 'TEMP_MIN_MIN_MENS', 'TEMP_MIN_MAX_MENS', 'TEMP_MIN_ACC_MENS', 'TEMP_MAX_MIN_MENS', 'PRECIPITAÇÃO_MIN_MENS', 'TEMP_MAX_MAX_MENS', 'PRECIPITAÇÃO_MAX_MENS', 'DIA_DA_SEMANA_dom', 'DIA_DA_SEMANA_qui', 'DIA_DA_SEMANA_sex', 'DIA_DA_SEMANA_sáb', 'DIA_DA_SEMANA_ter', 'MÊS_ago', 'MÊS_dez', 'MÊS_fev', 'MÊS_mai', 'MÊS_mar', 'MÊS_out', 'MÊS_set', 'ANO_2022', 'ANO_2023', 'ANO_2015', 'ANO_2016', 'ANO_2017', 'ANO_2019', 'CAMPUS_ASTORGA', 'CAMPUS_CAMPO LARGO', 'CAMPUS_CAPANEMA', 'CAMPUS_CURITIBA', 'CAMPUS_FOZ DO IGUAÇU', 'CAMPUS_GOIOERÊ', 'CAMPUS_IRATI', 'CAMPUS_IVAIPORÃ', 'CAMPUS_JACAREZINHO', 'CAMPUS_JAGUARIAÍVA', 'CAMPUS_PARANAVAÍ', 'CAMPUS_PINHAIS', 'CAMPUS_UMUARAMA', 'CAMPUS_UNIÃO DA VITÓRIA', 'CURSOS_TEC_CONCOMITANTE', 'CURSOS_TEC_INTEGRADO', 'CURSOS_TEC_SUBSEQUENTE', 'CURSOS_GRAD_MATUTINO', 'FÉRIAS', 'FERIADO', 'ORDEM', 'LAG_01', 'LAG_02', 'LAG_05', 'LAG_09');0.30383
('TEMP_MIN_MÉD_MENS', 'TEMP_MÉD_ACC_MENS', 'TEMP_MAX_MÉD_MENS', 'PRECIPITAÇÃO_MÉD_MENS', 'TEMP_MIN_MIN_MENS', 'TEMP_MIN_ACC_MENS', 'TEMP_MAX_MIN_MENS', 'PRECIPITAÇÃO_MIN_MENS', 'TEMP_MAX_ACC_MENS', 'PRECIPITAÇÃO_MAX_MENS', 'PRECIPITAÇÃO_ACC_MENS', 'DIA_DA_SEMANA_dom', 'DIA_DA_SEMANA_qua', 'DIA_DA_SEMANA_seg', 'DIA_DA_SEMANA_sáb', 'DIA_DA_SEMANA_ter', 'MÊS_abr', 'MÊS_ago', 'MÊS_dez', 'MÊS_fev', 'MÊS_jul', 'MÊS_jun', 'MÊS_mai', 'MÊS_nov', 'MÊS_set', 'ANO_2021', 'ANO_2023', 'ANO_2017', 'ANO_2018', 'CAMPUS_ASSIS CHATEAUBRIAND', 'CAMPUS_ASTORGA', 'CAMPUS_BARRACÃO', 'CAMPUS_CAPANEMA', 'CAMPUS_CORONEL VIVIDA', 'CAMPUS_FOZ DO IGUAÇU', 'CAMPUS_GOIOERÊ', 'CAMPUS_IRATI', 'CAMPUS_LONDRINA - CENTRO', 'CAMPUS_PARANAGUÁ', 'CAMPUS_PARANAVAÍ', 'CAMPUS_PINHAIS', 'CAMPUS_QUEDAS DO IGUAÇU', 'CAMPUS_TELÊMACO BORBA', 'CAMPUS_UMUARAMA', 'CURSOS_TEC_INTEGRADO', 'CURSOS_GRAD_MATUTINO', 'CURSOS_GRAD_NOTURNO', 'CURSOS_POS', 'COVID', 'ORDEM', 'LAG_01', 'LAG_02', 'LAG_03', 'LAG_04', 'LAG_09', 'LAG_10', 'LAG_11');0.30396
('TEMP_MIN_MÉD_MENS', 'TEMP_MÉD_MIN_MENS', 'TEMP_MÉD_MÉD_MENS', 'TEMP_MÉD_MAX_MENS', 'TEMP_MÉD_ACC_MENS', 'TEMP_MAX_MÉD_MENS', 'TEMP_MIN_MIN_MENS', 'TEMP_MIN_MAX_MENS', 'TEMP_MIN_ACC_MENS', 'TEMP_MAX_MIN_MENS', 'PRECIPITAÇÃO_MIN_MENS', 'TEMP_MAX_MAX_MENS', 'TEMP_MAX_ACC_MENS', 'PRECIPITAÇÃO_MAX_MENS', 'DIA_DA_SEMANA_dom', 'DIA_DA_SEMANA_qua', 'DIA_DA_SEMANA_qui', 'DIA_DA_SEMANA_seg', 'DIA_DA_SEMANA_sex', 'DIA_DA_SEMANA_ter', 'MÊS_ago', 'MÊS_fev', 'MÊS_jun', 'MÊS_mai', 'MÊS_set', 'ANO_2022', 'ANO_2023', 'ANO_2024', 'ANO_2017', 'ANO_2018', 'ANO_2019', 'CAMPUS_ASTORGA', 'CAMPUS_BARRACÃO', 'CAMPUS_CORONEL VIVIDA', 'CAMPUS_IVAIPORÃ', 'CAMPUS_JACAREZINHO', 'CAMPUS_JAGUARIAÍVA', 'CAMPUS_LONDRINA - CENTRO', 'CAMPUS_PARANAGUÁ', 'CAMPUS_PARANAVAÍ', 'CAMPUS_PITANGA', 'CAMPUS_QUEDAS DO IGUAÇU', 'CAMPUS_UMUARAMA', 'CAMPUS_UNIÃO DA VITÓRIA', 'CURSOS_TEC_CONCOMITANTE', 'CURSOS_TEC_INTEGRADO', 'CURSOS_TEC_SUBSEQUENTE', 'CURSOS_GRAD_MATUTINO', 'CURSOS_GRAD_VESPERTINO', 'CURSOS_GRAD_NOTURNO', 'CURSOS_POS', 'COVID', 'ORDEM', 'LAG_02', 'LAG_06', 'LAG_07', 'LAG_08', 'LAG_09', 'LAG_10', 'LAG_11', 'LAG_12');0.30398
('TEMP_MIN_MÉD_MENS', 'TEMP_MÉD_MIN_MENS', 'TEMP_MAX_MÉD_MENS', 'PRECIPITAÇÃO_MÉD_MENS', 'TEMP_MIN_MIN_MENS', 'TEMP_MIN_MAX_MENS', 'TEMP_MIN_ACC_MENS', 'DIA_DA_SEMANA_qua', 'DIA_DA_SEMANA_qui', 'DIA_DA_SEMANA_sex', 'MÊS_abr', 'MÊS_ago', 'ANO_2021', 'ANO_2023', 'ANO_2024', 'ANO_2016', 'ANO_2018', 'ANO_2019', 'ANO_2020', 'CAMPUS_ASTORGA', 'CAMPUS_CAMPO LARGO', 'CAMPUS_CAPANEMA', 'CAMPUS_CURITIBA', 'CAMPUS_FOZ DO IGUAÇU', 'CAMPUS_GOIOERÊ', 'CAMPUS_JACAREZINHO', 'CAMPUS_JAGUARIAÍVA', 'CAMPUS_LONDRINA - CENTRO', 'CAMPUS_PALMAS', 'CAMPUS_PINHAIS', 'CAMPUS_PITANGA', 'CAMPUS_QUEDAS DO IGUAÇU', 'CAMPUS_UMUARAMA', 'CAMPUS_UNIÃO DA VITÓRIA', 'CURSOS_TEC_INTEGRADO', 'CURSOS_TEC_SUBSEQUENTE', 'CURSOS_GRAD_MATUTINO', 'CURSOS_POS', 'FERIADO', 'COVID', 'GREVE', 'ORDEM', 'LAG_01', 'LAG_02', 'LAG_03', 'LAG_04', 'LAG_05', 'LAG_08', 'LAG_09', 'LAG_11', 'LAG_12');0.30408
('TEMP_MÉD_MIN_MENS', 'TEMP_MÉD_MÉD_MENS', 'TEMP_MAX_MÉD_MENS', 'PRECIPITAÇÃO_MÉD_MENS', 'TEMP_MIN_MIN_MENS', 'TEMP_MIN_ACC_MENS', 'TEMP_MAX_MAX_MENS', 'PRECIPITAÇÃO_ACC_MENS', 'DIA_DA_SEMANA_dom', 'DIA_DA_SEMANA_qua', 'DIA_DA_SEMANA_qui', 'DIA_DA_SEMANA_seg', 'DIA_DA_SEMANA_sáb', 'DIA_DA_SEMANA_ter', 'MÊS_abr', 'MÊS_ago', 'MÊS_dez', 'MÊS_jun', 'MÊS_mai', 'MÊS_set', 'ANO_2021', 'ANO_2023', 'ANO_2024', 'ANO_2015', 'ANO_2016', 'ANO_2017', 'ANO_2018', 'ANO_2019', 'ANO_2020', 'CAMPUS_ASTORGA', 'CAMPUS_BARRACÃO', 'CAMPUS_CASCAVEL', 'CAMPUS_FOZ DO IGUAÇU', 'CAMPUS_JAGUARIAÍVA', 'CAMPUS_LONDRINA - CENTRO', 'CAMPUS_PARANAGUÁ', 'CAMPUS_PARANAVAÍ', 'CAMPUS_PITANGA', 'CAMPUS_QUEDAS DO IGUAÇU', 'CAMPUS_TELÊMACO BORBA', 'CAMPUS_UMUARAMA', 'CAMPUS_UNIÃO DA VITÓRIA', 'CURSOS_TEC_CONCOMITANTE', 'CURSOS_TEC_INTEGRADO', 'CURSOS_TEC_SUBSEQUENTE', 'CURSOS_GRAD_MATUTINO', 'CURSOS_GRAD_VESPERTINO', 'CURSOS_GRAD_NOTURNO', 'LAG_01', 'LAG_02', 'LAG_03', 'LAG_05', 'LAG_06', 'LAG_10');0.30408
('TEMP_MIN_MÉD_MENS', 'TEMP_MÉD_MÉD_MENS', 'TEMP_MÉD_MAX_MENS', 'TEMP_MÉD_ACC_MENS', 'TEMP_MIN_MAX_MENS', 'TEMP_MIN_ACC_MENS', 'PRECIPITAÇÃO_MIN_MENS', 'TEMP_MAX_MAX_MENS', 'DIA_DA_SEMANA_qua', 'DIA_DA_SEMANA_seg', 'DIA_DA_SEMANA_sex', 'DIA_DA_SEMANA_sáb', 'DIA_DA_SEMANA_ter', 'MÊS_ago', 'MÊS_dez', 'MÊS_jan', 'MÊS_jul', 'MÊS_jun', 'MÊS_mai', 'MÊS_nov', 'MÊS_set', 'ANO_2021', 'ANO_2022', 'ANO_2023', 'ANO_2015', 'ANO_2016', 'ANO_2017', 'ANO_2019', 'ANO_2020', 'CAMPUS_ASSIS CHATEAUBRIAND', 'CAMPUS_ASTORGA', 'CAMPUS_CAMPO LARGO', 'CAMPUS_CORONEL VIVIDA', 'CAMPUS_CURITIBA', 'CAMPUS_FOZ DO IGUAÇU', 'CAMPUS_GOIOERÊ', 'CAMPUS_IRATI', 'CAMPUS_IVAIPORÃ', 'CAMPUS_JACAREZINHO', 'CAMPUS_LONDRINA - CENTRO', 'CAMPUS_PALMAS', 'CAMPUS_PARANAGUÁ', 'CAMPUS_PARANAVAÍ', 'CAMPUS_PINHAIS', 'CAMPUS_UMUARAMA', 'CURSOS_TEC_SUBSEQUENTE', 'CURSOS_GRAD_MATUTINO', 'FÉRIAS', 'GREVE', 'LAG_01', 'LAG_03', 'LAG_04', 'LAG_06', 'LAG_07', 'LAG_08', 'LAG_09', 'LAG_10', 'LAG_11', 'LAG_12');0.30413
('TEMP_MIN_MÉD_MENS', 'TEMP_MÉD_MIN_MENS', 'TEMP_MÉD_MÉD_MENS', 'TEMP_MÉD_MAX_MENS', 'TEMP_MÉD_ACC_MENS', 'TEMP_MAX_MÉD_MENS', 'PRECIPITAÇÃO_MÉD_MENS', 'TEMP_MIN_MIN_MENS', 'TEMP_MIN_MAX_MENS', 'TEMP_MIN_ACC_MENS', 'TEMP_MAX_MIN_MENS', 'PRECIPITAÇÃO_MIN_MENS', 'TEMP_MAX_MAX_MENS', 'TEMP_MAX_ACC_MENS', 'PRECIPITAÇÃO_MAX_MENS', 'PRECIPITAÇÃO_ACC_MENS', 'DIA_DA_SEMANA_qui', 'DIA_DA_SEMANA_seg', 'DIA_DA_SEMANA_ter', 'MÊS_ago', 'MÊS_dez', 'MÊS_fev', 'MÊS_jul', 'MÊS_jun', 'MÊS_mai', 'MÊS_mar', 'MÊS_out', 'MÊS_set', 'ANO_2022', 'ANO_2023', 'ANO_2018', 'ANO_2020', 'CAMPUS_ASSIS CHATEAUBRIAND', 'CAMPUS_ASTORGA', 'CAMPUS_BARRACÃO', 'CAMPUS_CAMPO LARGO', 'CAMPUS_CASCAVEL', 'CAMPUS_CORONEL VIVIDA', 'CAMPUS_CURITIBA', 'CAMPUS_FOZ DO IGUAÇU', 'CAMPUS_IVAIPORÃ', 'CAMPUS_JAGUARIAÍVA', 'CAMPUS_LONDRINA - CENTRO', 'CAMPUS_PARANAGUÁ', 'CAMPUS_PINHAIS', 'CAMPUS_QUEDAS DO IGUAÇU', 'CAMPUS_UMUARAMA', 'CURSOS_TEC_CONCOMITANTE', 'CURSOS_GRAD_NOTURNO', 'CURSOS_POS', 'COVID', 'GREVE', 'LAG_01', 'LAG_02', 'LAG_04', 'LAG_07', 'LAG_11', 'LAG_12');0.30415
('TEMP_MIN_MÉD_MENS', 'TEMP_MÉD_MÉD_MENS', 'TEMP_MÉD_MAX_MENS', 'PRECIPITAÇÃO_MÉD_MENS', 'TEMP_MIN_MIN_MENS', 'TEMP_MIN_MAX_MENS', 'TEMP_MIN_ACC_MENS', 'TEMP_MAX_MIN_MENS', 'PRECIPITAÇÃO_MIN_MENS', 'PRECIPITAÇÃO_ACC_MENS', 'DIA_DA_SEMANA_qua', 'DIA_DA_SEMANA_qui', 'DIA_DA_SEMANA_sex', 'DIA_DA_SEMANA_ter', 'MÊS_abr', 'MÊS_jan', 'MÊS_jun', 'MÊS_mar', 'MÊS_nov', 'MÊS_out', 'MÊS_set', 'ANO_2015', 'ANO_2016', 'ANO_2018', 'ANO_2020', 'CAMPUS_ASTORGA', 'CAMPUS_CAMPO LARGO', 'CAMPUS_CAPANEMA', 'CAMPUS_FOZ DO IGUAÇU', 'CAMPUS_GOIOERÊ', 'CAMPUS_IRATI', 'CAMPUS_IVAIPORÃ', 'CAMPUS_JAGUARIAÍVA', 'CAMPUS_PARANAGUÁ', 'CAMPUS_PARANAVAÍ', 'CAMPUS_PITANGA', 'CAMPUS_UMUARAMA', 'CAMPUS_UNIÃO DA VITÓRIA', 'CURSOS_TEC_CONCOMITANTE', 'CURSOS_GRAD_VESPERTINO', 'FÉRIAS', 'FERIADO', 'COVID', 'GREVE', 'LAG_01', 'LAG_02', 'LAG_03', 'LAG_05', 'LAG_06', 'LAG_07', 'LAG_08', 'LAG_09', 'LAG_10', 'LAG_12');0.30417
('TEMP_MÉD_MIN_MENS', 'TEMP_MÉD_ACC_MENS', 'TEMP_MIN_MIN_MENS', 'PRECIPITAÇÃO_MIN_MENS', 'TEMP_MAX_ACC_MENS', 'PRECIPITAÇÃO_ACC_MENS', 'DIA_DA_SEMANA_qui', 'DIA_DA_SEMANA_seg', 'DIA_DA_SEMANA_sex', 'DIA_DA_SEMANA_sáb', 'DIA_DA_SEMANA_ter', 'MÊS_abr', 'MÊS_ago', 'MÊS_dez', 'MÊS_fev', 'MÊS_jan', 'MÊS_jul', 'MÊS_jun', 'MÊS_mai', 'MÊS_nov', 'MÊS_out', 'MÊS_set', 'ANO_2021', 'ANO_2023', 'ANO_2015', 'ANO_2017', 'ANO_2019', 'CAMPUS_ASSIS CHATEAUBRIAND', 'CAMPUS_ASTORGA', 'CAMPUS_BARRACÃO', 'CAMPUS_CAPANEMA', 'CAMPUS_CORONEL VIVIDA', 'CAMPUS_CURITIBA', 'CAMPUS_GOIOERÊ', 'CAMPUS_IVAIPORÃ', 'CAMPUS_JACAREZINHO', 'CAMPUS_JAGUARIAÍVA', 'CAMPUS_LONDRINA - CENTRO', 'CAMPUS_PARANAGUÁ', 'CAMPUS_PARANAVAÍ', 'CAMPUS_PINHAIS', 'CAMPUS_PITANGA', 'CAMPUS_UMUARAMA', 'CAMPUS_UNIÃO DA VITÓRIA', 'CURSOS_TEC_INTEGRADO', 'CURSOS_GRAD_VESPERTINO', 'CURSOS_POS', 'FÉRIAS', 'FERIADO', 'LAG_01', 'LAG_03', 'LAG_04', 'LAG_05', 'LAG_08', 'LAG_10', 'LAG_11');0.30418
('TEMP_MIN_MÉD_MENS', 'TEMP_MAX_MÉD_MENS', 'PRECIPITAÇÃO_MÉD_MENS', 'TEMP_MIN_ACC_MENS', 'TEMP_MAX_MIN_MENS', 'PRECIPITAÇÃO_MIN_MENS', 'TEMP_MAX_ACC_MENS', 'DIA_DA_SEMANA_dom', 'DIA_DA_SEMANA_qua', 'DIA_DA_SEMANA_qui', 'DIA_DA_SEMANA_sex', 'DIA_DA_SEMANA_ter', 'MÊS_dez', 'MÊS_jan', 'MÊS_mai', 'MÊS_mar', 'MÊS_set', 'ANO_2015', 'ANO_2016', 'ANO_2017', 'ANO_2018', 'ANO_2020', 'CAMPUS_ASSIS CHATEAUBRIAND', 'CAMPUS_BARRACÃO', 'CAMPUS_CAMPO LARGO', 'CAMPUS_CAPANEMA', 'CAMPUS_GOIOERÊ', 'CAMPUS_IRATI', 'CAMPUS_PALMAS', 'CAMPUS_PARANAGUÁ', 'CAMPUS_PARANAVAÍ', 'CAMPUS_QUEDAS DO IGUAÇU', 'CAMPUS_TELÊMACO BORBA', 'CAMPUS_UMUARAMA', 'CAMPUS_UNIÃO DA VITÓRIA', 'CURSOS_TEC_CONCOMITANTE', 'CURSOS_TEC_INTEGRADO', 'CURSOS_TEC_SUBSEQUENTE', 'CURSOS_GRAD_MATUTINO', 'CURSOS_POS', 'COVID', 'ORDEM', 'LAG_02', 'LAG_03', 'LAG_04', 'LAG_05', 'LAG_06', 'LAG_11');0.30424
('TEMP_MÉD_MIN_MENS', 'TEMP_MÉD_MÉD_MENS', 'TEMP_MÉD_MAX_MENS', 'TEMP_MÉD_ACC_MENS', 'TEMP_MAX_MÉD_MENS', 'PRECIPITAÇÃO_MÉD_MENS', 'TEMP_MIN_MIN_MENS', 'TEMP_MIN_MAX_MENS', 'TEMP_MIN_ACC_MENS', 'PRECIPITAÇÃO_MIN_MENS', 'TEMP_MAX_MAX_MENS', 'PRECIPITAÇÃO_MAX_MENS', 'PRECIPITAÇÃO_ACC_MENS', 'DIA_DA_SEMANA_dom', 'DIA_DA_SEMANA_qui', 'DIA_DA_SEMANA_seg', 'DIA_DA_SEMANA_sáb', 'DIA_DA_SEMANA_ter', 'MÊS_abr', 'MÊS_ago', 'MÊS_fev', 'MÊS_jul', 'MÊS_jun', 'MÊS_mar', 'MÊS_nov', 'MÊS_out', 'ANO_2022', 'ANO_2024', 'ANO_2016', 'ANO_2017', 'ANO_2018', 'ANO_2020', 'CAMPUS_ASTORGA', 'CAMPUS_BARRACÃO', 'CAMPUS_CAMPO LARGO', 'CAMPUS_CASCAVEL', 'CAMPUS_FOZ DO IGUAÇU', 'CAMPUS_GOIOERÊ', 'CAMPUS_IVAIPORÃ', 'CAMPUS_LONDRINA - CENTRO', 'CAMPUS_PARANAGUÁ', 'CAMPUS_PINHAIS', 'CAMPUS_QUEDAS DO IGUAÇU', 'CAMPUS_UMUARAMA', 'CURSOS_TEC_INTEGRADO', 'CURSOS_TEC_SUBSEQUENTE', 'CURSOS_GRAD_NOTURNO', 'FÉRIAS', 'GREVE', 'ORDEM', 'LAG_01', 'LAG_03', 'LAG_04', 'LAG_05', 'LAG_06', 'LAG_07', 'LAG_08', 'LAG_09', 'LAG_10', 'LAG_12');0.30425
('TEMP_MIN_MÉD_MENS', 'TEMP_MÉD_MIN_MENS', 'TEMP_MÉD_MÉD_MENS', 'TEMP_MÉD_MAX_MENS', 'TEMP_MAX_MÉD_MENS', 'PRECIPITAÇÃO_MÉD_MENS', 'TEMP_MIN_MAX_MENS', 'TEMP_MIN_ACC_MENS', 'TEMP_MAX_MIN_MENS', 'TEMP_MAX_MAX_MENS', 'TEMP_MAX_ACC_MENS', 'DIA_DA_SEMANA_dom', 'DIA_DA_SEMANA_seg', 'DIA_DA_SEMANA_sáb', 'DIA_DA_SEMANA_ter', 'MÊS_abr', 'MÊS_dez', 'MÊS_jan', 'MÊS_jul', 'MÊS_mar', 'MÊS_out', 'MÊS_set', 'ANO_2021', 'ANO_2022', 'ANO_2023', 'ANO_2015', 'ANO_2016', 'ANO_2017', 'ANO_2019', 'ANO_2020', 'CAMPUS_ASSIS CHATEAUBRIAND', 'CAMPUS_CASCAVEL', 'CAMPUS_CURITIBA', 'CAMPUS_IVAIPORÃ', 'CAMPUS_JACAREZINHO', 'CAMPUS_LONDRINA - CENTRO', 'CAMPUS_PALMAS', 'CAMPUS_PARANAVAÍ', 'CAMPUS_PITANGA', 'CAMPUS_TELÊMACO BORBA', 'CAMPUS_UMUARAMA', 'CURSOS_TEC_CONCOMITANTE', 'CURSOS_GRAD_VESPERTINO', 'CURSOS_POS', 'FERIADO', 'LAG_01', 'LAG_02', 'LAG_03', 'LAG_04', 'LAG_06', 'LAG_08', 'LAG_11');0.30431
('TEMP_MÉD_MIN_MENS', 'TEMP_MÉD_MÉD_MENS', 'TEMP_MÉD_ACC_MENS', 'PRECIPITAÇÃO_MÉD_MENS', 'TEMP_MIN_MIN_MENS', 'TEMP_MIN_MAX_MENS', 'TEMP_MIN_ACC_MENS', 'TEMP_MAX_MIN_MENS', 'PRECIPITAÇÃO_MIN_MENS', 'TEMP_MAX_ACC_MENS', 'PRECIPITAÇÃO_MAX_MENS', 'PRECIPITAÇÃO_ACC_MENS', 'DIA_DA_SEMANA_seg', 'DIA_DA_SEMANA_sex', 'DIA_DA_SEMANA_sáb', 'DIA_DA_SEMANA_ter', 'MÊS_abr', 'MÊS_ago', 'MÊS_fev', 'MÊS_jan', 'MÊS_jul', 'MÊS_mai', 'MÊS_mar', 'MÊS_nov', 'MÊS_set', 'ANO_2021', 'ANO_2022', 'ANO_2023', 'ANO_2016', 'ANO_2017', 'ANO_2019', 'ANO_2020', 'CAMPUS_BARRACÃO', 'CAMPUS_CAPANEMA', 'CAMPUS_GOIOERÊ', 'CAMPUS_IRATI', 'CAMPUS_JACAREZINHO', 'CAMPUS_LONDRINA - CENTRO', 'CAMPUS_PARANAGUÁ', 'CAMPUS_PINHAIS', 'CAMPUS_QUEDAS DO IGUAÇU', 'CAMPUS_UMUARAMA', 'CAMPUS_UNIÃO DA VITÓRIA', 'CURSOS_TEC_INTEGRADO', 'CURSOS_GRAD_MATUTINO', 'CURSOS_POS', 'FÉRIAS', 'FERIADO', 'GREVE', 'LAG_02', 'LAG_03', 'LAG_06', 'LAG_07', 'LAG_08', 'LAG_11');0.30434
('TEMP_MIN_MÉD_MENS', 'TEMP_MÉD_MÉD_MENS', 'PRECIPITAÇÃO_MÉD_MENS', 'TEMP_MIN_MAX_MENS', 'TEMP_MIN_ACC_MENS', 'PRECIPITAÇÃO_MIN_MENS', 'TEMP_MAX_MAX_MENS', 'TEMP_MAX_ACC_MENS', 'PRECIPITAÇÃO_ACC_MENS', 'DIA_DA_SEMANA_dom', 'DIA_DA_SEMANA_qua', 'DIA_DA_SEMANA_seg', 'DIA_DA_SEMANA_sex', 'DIA_DA_SEMANA_sáb', 'DIA_DA_SEMANA_ter', 'MÊS_abr', 'MÊS_ago', 'MÊS_dez', 'MÊS_fev', 'MÊS_jan', 'MÊS_jul', 'MÊS_mar', 'MÊS_nov', 'ANO_2022', 'ANO_2023', 'ANO_2024', 'ANO_2016', 'ANO_2017', 'ANO_2018', 'ANO_2019', 'ANO_2020', 'CAMPUS_ASSIS CHATEAUBRIAND', 'CAMPUS_ASTORGA', 'CAMPUS_CAMPO LARGO', 'CAMPUS_FOZ DO IGUAÇU', 'CAMPUS_IRATI', 'CAMPUS_IVAIPORÃ', 'CAMPUS_LONDRINA - CENTRO', 'CAMPUS_PALMAS', 'CAMPUS_PARANAGUÁ', 'CAMPUS_PINHAIS', 'CAMPUS_PITANGA', 'CAMPUS_QUEDAS DO IGUAÇU', 'CAMPUS_UMUARAMA', 'CURSOS_TEC_CONCOMITANTE', 'CURSOS_TEC_INTEGRADO', 'CURSOS_TEC_SUBSEQUENTE', 'CURSOS_GRAD_MATUTINO', 'CURSOS_GRAD_VESPERTINO', 'CURSOS_POS', 'FERIADO', 'COVID', 'ORDEM', 'LAG_03', 'LAG_04', 'LAG_06', 'LAG_07', 'LAG_08', 'LAG_10', 'LAG_11', 'LAG_12');0.30437
('TEMP_MIN_MÉD_MENS', 'TEMP_MÉD_MIN_MENS', 'TEMP_MÉD_ACC_MENS', 'TEMP_MAX_MÉD_MENS', 'TEMP_MIN_MIN_MENS', 'TEMP_MIN_ACC_MENS', 'TEMP_MAX_MIN_MENS', 'PRECIPITAÇÃO_MIN_MENS', 'TEMP_MAX_ACC_MENS', 'PRECIPITAÇÃO_MAX_MENS', 'DIA_DA_SEMANA_seg', 'DIA_DA_SEMANA_ter', 'MÊS_fev', 'MÊS_jun', 'MÊS_mar', 'MÊS_nov', 'MÊS_out', 'MÊS_set', 'ANO_2022', 'ANO_2024', 'ANO_2015', 'ANO_2017', 'CAMPUS_ASSIS CHATEAUBRIAND', 'CAMPUS_ASTORGA', 'CAMPUS_BARRACÃO', 'CAMPUS_CASCAVEL', 'CAMPUS_CORONEL VIVIDA', 'CAMPUS_CURITIBA', 'CAMPUS_IRATI', 'CAMPUS_IVAIPORÃ', 'CAMPUS_JAGUARIAÍVA', 'CAMPUS_PARANAVAÍ', 'CAMPUS_PINHAIS', 'CAMPUS_QUEDAS DO IGUAÇU', 'CAMPUS_TELÊMACO BORBA', 'CAMPUS_UMUARAMA', 'CAMPUS_UNIÃO DA VITÓRIA', 'CURSOS_TEC_INTEGRADO', 'CURSOS_GRAD_MATUTINO', 'CURSOS_GRAD_VESPERTINO', 'CURSOS_GRAD_NOTURNO', 'FÉRIAS', 'FERIADO', 'COVID', 'GREVE', 'LAG_01', 'LAG_02', 'LAG_04', 'LAG_05', 'LAG_06', 'LAG_08', 'LAG_10', 'LAG_12');0.30439
('TEMP_MIN_MÉD_MENS', 'TEMP_MÉD_MIN_MENS', 'TEMP_MÉD_MÉD_MENS', 'TEMP_MÉD_MAX_MENS', 'TEMP_MÉD_ACC_MENS', 'TEMP_MAX_MÉD_MENS', 'PRECIPITAÇÃO_MÉD_MENS', 'TEMP_MIN_MIN_MENS', 'TEMP_MIN_ACC_MENS', 'TEMP_MAX_MIN_MENS', 'PRECIPITAÇÃO_MIN_MENS', 'TEMP_MAX_MAX_MENS', 'TEMP_MAX_ACC_MENS', 'PRECIPITAÇÃO_MAX_MENS', 'PRECIPITAÇÃO_ACC_MENS', 'DIA_DA_SEMANA_qua', 'DIA_DA_SEMANA_seg', 'DIA_DA_SEMANA_ter', 'MÊS_abr', 'MÊS_ago', 'MÊS_dez', 'MÊS_fev', 'MÊS_mar', 'MÊS_nov', 'MÊS_set', 'ANO_2021', 'ANO_2022', 'ANO_2023', 'ANO_2024', 'ANO_2016', 'ANO_2017', 'ANO_2018', 'ANO_2019', 'CAMPUS_ASSIS CHATEAUBRIAND', 'CAMPUS_ASTORGA', 'CAMPUS_CASCAVEL', 'CAMPUS_IVAIPORÃ', 'CAMPUS_JACAREZINHO', 'CAMPUS_JAGUARIAÍVA', 'CAMPUS_LONDRINA - CENTRO', 'CAMPUS_PINHAIS', 'CAMPUS_PITANGA', 'CAMPUS_TELÊMACO BORBA', 'CAMPUS_UMUARAMA', 'CAMPUS_UNIÃO DA VITÓRIA', 'CURSOS_TEC_CONCOMITANTE', 'CURSOS_TEC_INTEGRADO', 'CURSOS_GRAD_MATUTINO', 'CURSOS_GRAD_VESPERTINO', 'CURSOS_GRAD_NOTURNO', 'GREVE', 'ORDEM', 'LAG_03', 'LAG_04', 'LAG_05', 'LAG_06', 'LAG_07', 'LAG_08', 'LAG_09', 'LAG_11', 'LAG_12');0.30441
('TEMP_MÉD_MAX_MENS', 'TEMP_MÉD_ACC_MENS', 'TEMP_MAX_MÉD_MENS', 'PRECIPITAÇÃO_MÉD_MENS', 'TEMP_MIN_MIN_MENS', 'TEMP_MIN_MAX_MENS', 'PRECIPITAÇÃO_MIN_MENS', 'TEMP_MAX_ACC_MENS', 'PRECIPITAÇÃO_ACC_MENS', 'DIA_DA_SEMANA_qua', 'DIA_DA_SEMANA_qui', 'DIA_DA_SEMANA_seg', 'DIA_DA_SEMANA_sáb', 'DIA_DA_SEMANA_ter', 'MÊS_abr', 'MÊS_ago', 'MÊS_fev', 'MÊS_jan', 'MÊS_jul', 'MÊS_mai', 'MÊS_mar', 'MÊS_nov', 'MÊS_out', 'ANO_2021', 'ANO_2023', 'ANO_2015', 'ANO_2017', 'ANO_2018', 'CAMPUS_ASTORGA', 'CAMPUS_BARRACÃO', 'CAMPUS_CAMPO LARGO', 'CAMPUS_CORONEL VIVIDA', 'CAMPUS_IRATI', 'CAMPUS_JAGUARIAÍVA', 'CAMPUS_LONDRINA - CENTRO', 'CAMPUS_PARANAGUÁ', 'CAMPUS_PINHAIS', 'CAMPUS_QUEDAS DO IGUAÇU', 'CAMPUS_UMUARAMA', 'CAMPUS_UNIÃO DA VITÓRIA', 'CURSOS_TEC_CONCOMITANTE', 'CURSOS_TEC_SUBSEQUENTE', 'CURSOS_GRAD_MATUTINO', 'CURSOS_GRAD_NOTURNO', 'CURSOS_POS', 'FÉRIAS', 'FERIADO', 'ORDEM', 'LAG_01', 'LAG_04', 'LAG_09', 'LAG_11', 'LAG_12');0.30445
('TEMP_MÉD_MAX_MENS', 'TEMP_MÉD_ACC_MENS', 'TEMP_MIN_MIN_MENS', 'TEMP_MIN_MAX_MENS', 'TEMP_MIN_ACC_MENS', 'PRECIPITAÇÃO_MIN_MENS', 'TEMP_MAX_ACC_MENS', 'PRECIPITAÇÃO_ACC_MENS', 'DIA_DA_SEMANA_qua', 'DIA_DA_SEMANA_qui', 'DIA_DA_SEMANA_sex', 'DIA_DA_SEMANA_ter', 'MÊS_abr', 'MÊS_dez', 'MÊS_fev', 'MÊS_jan', 'MÊS_jul', 'MÊS_jun', 'MÊS_nov', 'MÊS_out', 'ANO_2021', 'ANO_2022', 'ANO_2016', 'ANO_2018', 'ANO_2019', 'CAMPUS_ASSIS CHATEAUBRIAND', 'CAMPUS_ASTORGA', 'CAMPUS_BARRACÃO', 'CAMPUS_CAMPO LARGO', 'CAMPUS_CAPANEMA', 'CAMPUS_FOZ DO IGUAÇU', 'CAMPUS_GOIOERÊ', 'CAMPUS_IRATI', 'CAMPUS_JACAREZINHO', 'CAMPUS_LONDRINA - CENTRO', 'CAMPUS_PARANAGUÁ', 'CAMPUS_PINHAIS', 'CAMPUS_PITANGA', 'CAMPUS_TELÊMACO BORBA', 'CAMPUS_UMUARAMA', 'CAMPUS_UNIÃO DA VITÓRIA', 'CURSOS_TEC_INTEGRADO', 'CURSOS_TEC_SUBSEQUENTE', 'CURSOS_GRAD_MATUTINO', 'FÉRIAS', 'FERIADO', 'GREVE', 'ORDEM', 'LAG_02', 'LAG_06', 'LAG_07', 'LAG_08', 'LAG_09', 'LAG_11', 'LAG_12');0.30447
('TEMP_MIN_MÉD_MENS', 'TEMP_MÉD_MIN_MENS', 'TEMP_MÉD_MÉD_MENS', 'TEMP_MÉD_MAX_MENS', 'TEMP_MIN_MIN_MENS', 'TEMP_MAX_MIN_MENS', 'PRECIPITAÇÃO_MIN_MENS', 'DIA_DA_SEMANA_dom', 'DIA_DA_SEMANA_qua', 'DIA_DA_SEMANA_qui', 'MÊS_ago', 'MÊS_dez', 'MÊS_jan', 'MÊS_nov', 'MÊS_out', 'MÊS_set', 'ANO_2021', 'ANO_2022', 'ANO_2023', 'ANO_2016', 'ANO_2017', 'ANO_2018', 'ANO_2019', 'ANO_2020', 'CAMPUS_ASTORGA', 'CAMPUS_BARRACÃO', 'CAMPUS_CAMPO LARGO', 'CAMPUS_CAPANEMA', 'CAMPUS_CASCAVEL', 'CAMPUS_CORONEL VIVIDA', 'CAMPUS_GOIOERÊ', 'CAMPUS_IRATI', 'CAMPUS_IVAIPORÃ', 'CAMPUS_JAGUARIAÍVA', 'CAMPUS_LONDRINA - CENTRO', 'CAMPUS_PARANAGUÁ', 'CAMPUS_PARANAVAÍ', 'CAMPUS_PINHAIS', 'CAMPUS_PITANGA', 'CAMPUS_QUEDAS DO IGUAÇU', 'CAMPUS_UMUARAMA', 'CURSOS_TEC_CONCOMITANTE', 'CURSOS_TEC_INTEGRADO', 'CURSOS_TEC_SUBSEQUENTE', 'CURSOS_GRAD_VESPERTINO', 'CURSOS_GRAD_NOTURNO', 'CURSOS_POS', 'FÉRIAS', 'FERIADO', 'GREVE', 'LAG_01', 'LAG_02', 'LAG_03', 'LAG_06', 'LAG_09', 'LAG_10', 'LAG_11', 'LAG_12');0.3045
('TEMP_MIN_MÉD_MENS', 'TEMP_MÉD_MÉD_MENS', 'TEMP_MÉD_MAX_MENS', 'TEMP_MAX_MÉD_MENS', 'TEMP_MAX_MIN_MENS', 'PRECIPITAÇÃO_MIN_MENS', 'TEMP_MAX_MAX_MENS', 'TEMP_MAX_ACC_MENS', 'PRECIPITAÇÃO_MAX_MENS', 'PRECIPITAÇÃO_ACC_MENS', 'DIA_DA_SEMANA_dom', 'DIA_DA_SEMANA_qui', 'DIA_DA_SEMANA_seg', 'DIA_DA_SEMANA_sex', 'DIA_DA_SEMANA_sáb', 'DIA_DA_SEMANA_ter', 'MÊS_dez', 'MÊS_jan', 'MÊS_jul', 'MÊS_mai', 'MÊS_nov', 'MÊS_out', 'ANO_2022', 'ANO_2023', 'ANO_2015', 'ANO_2016', 'ANO_2017', 'ANO_2018', 'CAMPUS_ASSIS CHATEAUBRIAND', 'CAMPUS_ASTORGA', 'CAMPUS_BARRACÃO', 'CAMPUS_CAMPO LARGO', 'CAMPUS_CASCAVEL', 'CAMPUS_CORONEL VIVIDA', 'CAMPUS_CURITIBA', 'CAMPUS_IVAIPORÃ', 'CAMPUS_JAGUARIAÍVA', 'CAMPUS_LONDRINA - CENTRO', 'CAMPUS_PARANAGUÁ', 'CAMPUS_PARANAVAÍ', 'CAMPUS_PINHAIS', 'CAMPUS_QUEDAS DO IGUAÇU', 'CAMPUS_TELÊMACO BORBA', 'CAMPUS_UNIÃO DA VITÓRIA', 'CURSOS_TEC_INTEGRADO', 'CURSOS_TEC_SUBSEQUENTE', 'CURSOS_GRAD_MATUTINO', 'CURSOS_GRAD_VESPERTINO', 'CURSOS_GRAD_NOTURNO', 'CURSOS_POS', 'FERIADO', 'GREVE', 'ORDEM', 'LAG_02', 'LAG_03', 'LAG_05', 'LAG_06', 'LAG_07', 'LAG_08', 'LAG_11', 'LAG_12');0.30468
('TEMP_MIN_MÉD_MENS', 'TEMP_MÉD_MIN_MENS', 'TEMP_MÉD_MÉD_MENS', 'TEMP_MÉD_MAX_MENS', 'TEMP_MÉD_ACC_MENS', 'PRECIPITAÇÃO_MÉD_MENS', 'TEMP_MIN_MIN_MENS', 'TEMP_MIN_MAX_MENS', 'TEMP_MIN_ACC_MENS', 'TEMP_MAX_MIN_MENS', 'PRECIPITAÇÃO_MIN_MENS', 'TEMP_MAX_MAX_MENS', 'TEMP_MAX_ACC_MENS', 'PRECIPITAÇÃO_ACC_MENS', 'DIA_DA_SEMANA_qua', 'DIA_DA_SEMANA_seg', 'DIA_DA_SEMANA_sex', 'MÊS_abr', 'MÊS_dez', 'MÊS_fev', 'MÊS_jan', 'MÊS_jul', 'MÊS_jun', 'MÊS_mai', 'MÊS_out', 'MÊS_set', 'ANO_2023', 'ANO_2024', 'ANO_2015', 'ANO_2016', 'ANO_2017', 'ANO_2018', 'ANO_2019', 'CAMPUS_CASCAVEL', 'CAMPUS_FOZ DO IGUAÇU', 'CAMPUS_GOIOERÊ', 'CAMPUS_IVAIPORÃ', 'CAMPUS_JACAREZINHO', 'CAMPUS_PARANAGUÁ', 'CAMPUS_PARANAVAÍ', 'CAMPUS_QUEDAS DO IGUAÇU', 'CAMPUS_UMUARAMA', 'CAMPUS_UNIÃO DA VITÓRIA', 'CURSOS_TEC_SUBSEQUENTE', 'CURSOS_GRAD_MATUTINO', 'CURSOS_POS', 'FERIADO', 'GREVE', 'ORDEM', 'LAG_04', 'LAG_06', 'LAG_08', 'LAG_10');0.30484
('TEMP_MÉD_MIN_MENS', 'TEMP_MÉD_MÉD_MENS', 'TEMP_MÉD_ACC_MENS', 'TEMP_MAX_MÉD_MENS', 'PRECIPITAÇÃO_MÉD_MENS', 'TEMP_MIN_MIN_MENS', 'TEMP_MIN_ACC_MENS', 'TEMP_MAX_MIN_MENS', 'PRECIPITAÇÃO_MIN_MENS', 'TEMP_MAX_MAX_MENS', 'PRECIPITAÇÃO_ACC_MENS', 'DIA_DA_SEMANA_dom', 'DIA_DA_SEMANA_qui', 'DIA_DA_SEMANA_seg', 'DIA_DA_SEMANA_sex', 'DIA_DA_SEMANA_ter', 'MÊS_abr', 'MÊS_ago', 'MÊS_dez', 'MÊS_jul', 'MÊS_jun', 'ANO_2022', 'ANO_2023', 'ANO_2015', 'ANO_2016', 'ANO_2017', 'ANO_2018', 'ANO_2019', 'CAMPUS_ASSIS CHATEAUBRIAND', 'CAMPUS_BARRACÃO', 'CAMPUS_CAMPO LARGO', 'CAMPUS_CAPANEMA', 'CAMPUS_CASCAVEL', 'CAMPUS_CORONEL VIVIDA', 'CAMPUS_CURITIBA', 'CAMPUS_IRATI', 'CAMPUS_IVAIPORÃ', 'CAMPUS_JACAREZINHO', 'CAMPUS_LONDRINA - CENTRO', 'CAMPUS_PARANAGUÁ', 'CAMPUS_PARANAVAÍ', 'CAMPUS_PINHAIS', 'CAMPUS_PITANGA', 'CAMPUS_QUEDAS DO IGUAÇU', 'CAMPUS_UNIÃO DA VITÓRIA', 'CURSOS_TEC_CONCOMITANTE', 'CURSOS_TEC_SUBSEQUENTE', 'CURSOS_GRAD_VESPERTINO', 'CURSOS_POS', 'FÉRIAS', 'FERIADO', 'COVID', 'GREVE', 'LAG_02', 'LAG_03', 'LAG_04', 'LAG_05', 'LAG_08', 'LAG_09', 'LAG_10', 'LAG_11');0.30487
('TEMP_MÉD_MAX_MENS', 'TEMP_MÉD_ACC_MENS', 'PRECIPITAÇÃO_MÉD_MENS', 'TEMP_MIN_MIN_MENS', 'TEMP_MIN_MAX_MENS', 'TEMP_MAX_MIN_MENS', 'TEMP_MAX_MAX_MENS', 'TEMP_MAX_ACC_MENS', 'DIA_DA_SEMANA_dom', 'DIA_DA_SEMANA_sex', 'DIA_DA_SEMANA_sáb', 'DIA_DA_SEMANA_ter', 'MÊS_abr', 'MÊS_ago', 'MÊS_dez', 'MÊS_jan', 'MÊS_jun', 'MÊS_mai', 'MÊS_mar', 'MÊS_nov', 'MÊS_out', 'MÊS_set', 'ANO_2015', 'ANO_2019', 'ANO_2020', 'CAMPUS_BARRACÃO', 'CAMPUS_CAMPO LARGO', 'CAMPUS_CASCAVEL', 'CAMPUS_FOZ DO IGUAÇU', 'CAMPUS_IVAIPORÃ', 'CAMPUS_JACAREZINHO', 'CAMPUS_LONDRINA - CENTRO', 'CAMPUS_PARANAGUÁ', 'CAMPUS_PARANAVAÍ', 'CAMPUS_PINHAIS', 'CAMPUS_PITANGA', 'CAMPUS_QUEDAS DO IGUAÇU', 'CAMPUS_UNIÃO DA VITÓRIA', 'CURSOS_TEC_CONCOMITANTE', 'CURSOS_TEC_INTEGRADO', 'CURSOS_GRAD_NOTURNO', 'CURSOS_POS', 'FERIADO', 'COVID', 'GREVE', 'LAG_01', 'LAG_02', 'LAG_04', 'LAG_06', 'LAG_07', 'LAG_08', 'LAG_10', 'LAG_11', 'LAG_12');0.30487
('TEMP_MIN_MÉD_MENS', 'TEMP_MÉD_MIN_MENS', 'TEMP_MÉD_ACC_MENS', 'PRECIPITAÇÃO_MÉD_MENS', 'TEMP_MIN_MAX_MENS', 'TEMP_MAX_MAX_MENS', 'PRECIPITAÇÃO_ACC_MENS', 'DIA_DA_SEMANA_dom', 'DIA_DA_SEMANA_qui', 'MÊS_abr', 'MÊS_ago', 'MÊS_fev', 'MÊS_jul', 'MÊS_jun', 'MÊS_mai', 'MÊS_out', 'ANO_2021', 'ANO_2023', 'ANO_2015', 'ANO_2016', 'ANO_2018', 'ANO_2019', 'ANO_2020', 'CAMPUS_ASSIS CHATEAUBRIAND', 'CAMPUS_ASTORGA', 'CAMPUS_CAMPO LARGO', 'CAMPUS_CAPANEMA', 'CAMPUS_CASCAVEL', 'CAMPUS_CORONEL VIVIDA', 'CAMPUS_FOZ DO IGUAÇU', 'CAMPUS_GOIOERÊ', 'CAMPUS_JAGUARIAÍVA', 'CAMPUS_PALMAS', 'CAMPUS_PARANAGUÁ', 'CAMPUS_PARANAVAÍ', 'CAMPUS_QUEDAS DO IGUAÇU', 'CAMPUS_UNIÃO DA VITÓRIA', 'CURSOS_TEC_INTEGRADO', 'CURSOS_GRAD_MATUTINO', 'CURSOS_GRAD_NOTURNO', 'FERIADO', 'COVID', 'GREVE', 'ORDEM', 'LAG_02', 'LAG_03', 'LAG_04', 'LAG_12');0.30503
('TEMP_MIN_MÉD_MENS', 'TEMP_MÉD_ACC_MENS', 'PRECIPITAÇÃO_MÉD_MENS', 'TEMP_MIN_MIN_MENS', 'TEMP_MIN_MAX_MENS', 'TEMP_MIN_ACC_MENS', 'TEMP_MAX_MIN_MENS', 'TEMP_MAX_MAX_MENS', 'TEMP_MAX_ACC_MENS', 'PRECIPITAÇÃO_MAX_MENS', 'DIA_DA_SEMANA_dom', 'DIA_DA_SEMANA_qui', 'DIA_DA_SEMANA_sex', 'MÊS_abr', 'MÊS_ago', 'MÊS_dez', 'MÊS_fev', 'MÊS_jan', 'MÊS_jul', 'MÊS_jun', 'MÊS_mai', 'MÊS_nov', 'MÊS_out', 'ANO_2023', 'ANO_2015', 'ANO_2020', 'CAMPUS_ASSIS CHATEAUBRIAND', 'CAMPUS_BARRACÃO', 'CAMPUS_CAPANEMA', 'CAMPUS_CASCAVEL', 'CAMPUS_CORONEL VIVIDA', 'CAMPUS_CURITIBA', 'CAMPUS_FOZ DO IGUAÇU', 'CAMPUS_GOIOERÊ', 'CAMPUS_IRATI', 'CAMPUS_JACAREZINHO', 'CAMPUS_JAGUARIAÍVA', 'CAMPUS_LONDRINA - CENTRO', 'CAMPUS_PARANAVAÍ', 'CAMPUS_PINHAIS', 'CAMPUS_PITANGA', 'CAMPUS_UNIÃO DA VITÓRIA', 'CURSOS_TEC_SUBSEQUENTE', 'CURSOS_GRAD_MATUTINO', 'CURSOS_GRAD_NOTURNO', 'FÉRIAS', 'COVID', 'GREVE', 'ORDEM', 'LAG_04', 'LAG_07', 'LAG_08', 'LAG_09', 'LAG_11');0.30512
('TEMP_MÉD_MIN_MENS', 'TEMP_MÉD_MÉD_MENS', 'TEMP_MÉD_MAX_MENS', 'TEMP_MAX_MÉD_MENS', 'TEMP_MIN_ACC_MENS', 'TEMP_MAX_MIN_MENS', 'PRECIPITAÇÃO_MIN_MENS', 'PRECIPITAÇÃO_MAX_MENS', 'PRECIPITAÇÃO_ACC_MENS', 'DIA_DA_SEMANA_qui', 'DIA_DA_SEMANA_sex', 'MÊS_abr', 'MÊS_ago', 'MÊS_dez', 'MÊS_jan', 'MÊS_jul', 'MÊS_jun', 'MÊS_mai', 'MÊS_nov', 'MÊS_set', 'ANO_2021', 'ANO_2022', 'ANO_2023', 'ANO_2024', 'ANO_2015', 'ANO_2019', 'CAMPUS_ASSIS CHATEAUBRIAND', 'CAMPUS_ASTORGA', 'CAMPUS_BARRACÃO', 'CAMPUS_CAPANEMA', 'CAMPUS_CASCAVEL', 'CAMPUS_CURITIBA', 'CAMPUS_FOZ DO IGUAÇU', 'CAMPUS_IRATI', 'CAMPUS_LONDRINA - CENTRO', 'CAMPUS_PALMAS', 'CAMPUS_PARANAGUÁ', 'CAMPUS_PARANAVAÍ', 'CAMPUS_PINHAIS', 'CAMPUS_PITANGA', 'CAMPUS_TELÊMACO BORBA', 'CAMPUS_UMUARAMA', 'CURSOS_TEC_INTEGRADO', 'CURSOS_TEC_SUBSEQUENTE', 'CURSOS_GRAD_NOTURNO', 'FÉRIAS', 'FERIADO', 'GREVE', 'LAG_01', 'LAG_02', 'LAG_04', 'LAG_05', 'LAG_06', 'LAG_09', 'LAG_10', 'LAG_12');0.30513
('TEMP_MÉD_MIN_MENS', 'TEMP_MÉD_MÉD_MENS', 'TEMP_MÉD_MAX_MENS', 'TEMP_MIN_MIN_MENS', 'TEMP_MIN_ACC_MENS', 'TEMP_MAX_MIN_MENS', 'PRECIPITAÇÃO_MIN_MENS', 'TEMP_MAX_MAX_MENS', 'TEMP_MAX_ACC_MENS', 'PRECIPITAÇÃO_ACC_MENS', 'DIA_DA_SEMANA_qua', 'DIA_DA_SEMANA_qui', 'DIA_DA_SEMANA_seg', 'DIA_DA_SEMANA_sáb', 'MÊS_abr', 'MÊS_ago', 'MÊS_dez', 'MÊS_fev', 'MÊS_jan', 'MÊS_jul', 'MÊS_jun', 'MÊS_out', 'ANO_2021', 'ANO_2022', 'ANO_2023', 'ANO_2015', 'ANO_2016', 'ANO_2018', 'ANO_2019', 'ANO_2020', 'CAMPUS_ASSIS CHATEAUBRIAND', 'CAMPUS_CAPANEMA', 'CAMPUS_CASCAVEL', 'CAMPUS_CORONEL VIVIDA', 'CAMPUS_CURITIBA', 'CAMPUS_FOZ DO IGUAÇU', 'CAMPUS_IRATI', 'CAMPUS_IVAIPORÃ', 'CAMPUS_JACAREZINHO', 'CAMPUS_JAGUARIAÍVA', 'CAMPUS_LONDRINA - CENTRO', 'CAMPUS_PALMAS', 'CAMPUS_PARANAGUÁ', 'CAMPUS_PARANAVAÍ', 'CAMPUS_TELÊMACO BORBA', 'CAMPUS_UNIÃO DA VITÓRIA', 'CURSOS_TEC_CONCOMITANTE', 'CURSOS_TEC_INTEGRADO', 'CURSOS_TEC_SUBSEQUENTE', 'CURSOS_GRAD_MATUTINO', 'CURSOS_GRAD_NOTURNO', 'ORDEM', 'LAG_01', 'LAG_06', 'LAG_07', 'LAG_08', 'LAG_09', 'LAG_10', 'LAG_12');0.30516
('TEMP_MIN_MÉD_MENS', 'TEMP_MÉD_MIN_MENS', 'TEMP_MÉD_MÉD_MENS', 'TEMP_MÉD_MAX_MENS', 'TEMP_MÉD_ACC_MENS', 'TEMP_MAX_MÉD_MENS', 'PRECIPITAÇÃO_MÉD_MENS', 'TEMP_MIN_MIN_MENS', 'TEMP_MIN_MAX_MENS', 'TEMP_MIN_ACC_MENS', 'TEMP_MAX_MIN_MENS', 'PRECIPITAÇÃO_MIN_MENS', 'TEMP_MAX_MAX_MENS', 'TEMP_MAX_ACC_MENS', 'PRECIPITAÇÃO_MAX_MENS', 'PRECIPITAÇÃO_ACC_MENS', 'DIA_DA_SEMANA_qua', 'DIA_DA_SEMANA_sex', 'MÊS_abr', 'MÊS_ago', 'MÊS_dez', 'MÊS_fev', 'MÊS_jan', 'MÊS_jul', 'MÊS_jun', 'MÊS_mar', 'MÊS_nov', 'MÊS_out', 'MÊS_set', 'ANO_2023', 'ANO_2024', 'ANO_2015', 'ANO_2017', 'ANO_2018', 'ANO_2019', 'CAMPUS_ASSIS CHATEAUBRIAND', 'CAMPUS_CAMPO LARGO', 'CAMPUS_CAPANEMA', 'CAMPUS_CORONEL VIVIDA', 'CAMPUS_CURITIBA', 'CAMPUS_GOIOERÊ', 'CAMPUS_IRATI', 'CAMPUS_IVAIPORÃ', 'CAMPUS_JAGUARIAÍVA', 'CAMPUS_LONDRINA - CENTRO', 'CAMPUS_PARANAVAÍ', 'CAMPUS_PINHAIS', 'CAMPUS_PITANGA', 'CURSOS_TEC_CONCOMITANTE', 'CURSOS_TEC_SUBSEQUENTE', 'CURSOS_GRAD_MATUTINO', 'CURSOS_GRAD_VESPERTINO', 'CURSOS_POS', 'FÉRIAS', 'FERIADO', 'LAG_01', 'LAG_02', 'LAG_05', 'LAG_06', 'LAG_07', 'LAG_11', 'LAG_12');0.30518
('TEMP_MAX_MÉD_MENS', 'TEMP_MIN_MIN_MENS', 'TEMP_MIN_MAX_MENS', 'TEMP_MIN_ACC_MENS', 'TEMP_MAX_MIN_MENS', 'PRECIPITAÇÃO_MIN_MENS', 'TEMP_MAX_MAX_MENS', 'TEMP_MAX_ACC_MENS', 'PRECIPITAÇÃO_MAX_MENS', 'PRECIPITAÇÃO_ACC_MENS', 'DIA_DA_SEMANA_qua', 'DIA_DA_SEMANA_qui', 'DIA_DA_SEMANA_seg', 'DIA_DA_SEMANA_sex', 'MÊS_abr', 'MÊS_dez', 'MÊS_fev', 'MÊS_jan', 'MÊS_jul', 'MÊS_mai', 'MÊS_mar', 'ANO_2021', 'ANO_2015', 'ANO_2016', 'ANO_2017', 'CAMPUS_ASSIS CHATEAUBRIAND', 'CAMPUS_ASTORGA', 'CAMPUS_BARRACÃO', 'CAMPUS_CAMPO LARGO', 'CAMPUS_CORONEL VIVIDA', 'CAMPUS_CURITIBA', 'CAMPUS_IVAIPORÃ', 'CAMPUS_PALMAS', 'CAMPUS_QUEDAS DO IGUAÇU', 'CAMPUS_UMUARAMA', 'CAMPUS_UNIÃO DA VITÓRIA', 'CURSOS_TEC_CONCOMITANTE', 'CURSOS_GRAD_MATUTINO', 'CURSOS_POS', 'COVID', 'GREVE', 'LAG_01', 'LAG_02', 'LAG_03', 'LAG_06', 'LAG_07', 'LAG_08', 'LAG_10', 'LAG_12');0.30519
('TEMP_MÉD_MIN_MENS', 'TEMP_MÉD_MAX_MENS', 'TEMP_MÉD_ACC_MENS', 'TEMP_MAX_MÉD_MENS', 'PRECIPITAÇÃO_MÉD_MENS', 'TEMP_MIN_MIN_MENS', 'TEMP_MIN_MAX_MENS', 'TEMP_MIN_ACC_MENS', 'PRECIPITAÇÃO_MIN_MENS', 'PRECIPITAÇÃO_ACC_MENS', 'DIA_DA_SEMANA_dom', 'DIA_DA_SEMANA_qua', 'DIA_DA_SEMANA_qui', 'DIA_DA_SEMANA_seg', 'DIA_DA_SEMANA_sex', 'DIA_DA_SEMANA_ter', 'MÊS_jul', 'MÊS_mar', 'MÊS_nov', 'ANO_2021', 'ANO_2022', 'ANO_2024', 'ANO_2015', 'ANO_2017', 'ANO_2019', 'ANO_2020', 'CAMPUS_CASCAVEL', 'CAMPUS_CURITIBA', 'CAMPUS_FOZ DO IGUAÇU', 'CAMPUS_GOIOERÊ', 'CAMPUS_IRATI', 'CAMPUS_JAGUARIAÍVA', 'CAMPUS_PINHAIS', 'CAMPUS_QUEDAS DO IGUAÇU', 'CURSOS_TEC_INTEGRADO', 'CURSOS_GRAD_NOTURNO', 'CURSOS_POS', 'FÉRIAS', 'GREVE', 'ORDEM', 'LAG_01', 'LAG_02', 'LAG_03', 'LAG_05', 'LAG_07', 'LAG_09', 'LAG_10', 'LAG_12');0.30519
('TEMP_MIN_MÉD_MENS', 'TEMP_MÉD_MIN_MENS', 'TEMP_MÉD_MÉD_MENS', 'TEMP_MÉD_MAX_MENS', 'TEMP_MÉD_ACC_MENS', 'TEMP_MIN_MIN_MENS', 'TEMP_MIN_MAX_MENS', 'TEMP_MIN_ACC_MENS', 'TEMP_MAX_MIN_MENS', 'TEMP_MAX_MAX_MENS', 'TEMP_MAX_ACC_MENS', 'PRECIPITAÇÃO_MAX_MENS', 'DIA_DA_SEMANA_dom', 'DIA_DA_SEMANA_sex', 'DIA_DA_SEMANA_sáb', 'DIA_DA_SEMANA_ter', 'MÊS_abr', 'MÊS_ago', 'MÊS_jan', 'MÊS_jul', 'MÊS_nov', 'MÊS_out', 'ANO_2016', 'ANO_2020', 'CAMPUS_ASTORGA', 'CAMPUS_BARRACÃO', 'CAMPUS_CAMPO LARGO', 'CAMPUS_CORONEL VIVIDA', 'CAMPUS_GOIOERÊ', 'CAMPUS_IVAIPORÃ', 'CAMPUS_JACAREZINHO', 'CAMPUS_JAGUARIAÍVA', 'CAMPUS_LONDRINA - CENTRO', 'CAMPUS_PARANAGUÁ', 'CAMPUS_PARANAVAÍ', 'CAMPUS_PINHAIS', 'CAMPUS_UMUARAMA', 'CURSOS_TEC_SUBSEQUENTE', 'CURSOS_GRAD_VESPERTINO', 'CURSOS_GRAD_NOTURNO', 'CURSOS_POS', 'FERIADO', 'GREVE', 'ORDEM', 'LAG_01', 'LAG_02', 'LAG_04', 'LAG_05', 'LAG_07', 'LAG_10');0.30521
('TEMP_MÉD_MIN_MENS', 'TEMP_MÉD_MAX_MENS', 'PRECIPITAÇÃO_MÉD_MENS', 'TEMP_MIN_MIN_MENS', 'TEMP_MIN_MAX_MENS', 'PRECIPITAÇÃO_MIN_MENS', 'PRECIPITAÇÃO_MAX_MENS', 'DIA_DA_SEMANA_dom', 'DIA_DA_SEMANA_sex', 'DIA_DA_SEMANA_ter', 'MÊS_jul', 'MÊS_mai', 'ANO_2021', 'ANO_2022', 'ANO_2023', 'ANO_2024', 'ANO_2017', 'ANO_2018', 'ANO_2019', 'ANO_2020', 'CAMPUS_ASSIS CHATEAUBRIAND', 'CAMPUS_BARRACÃO', 'CAMPUS_CAMPO LARGO', 'CAMPUS_CASCAVEL', 'CAMPUS_CORONEL VIVIDA', 'CAMPUS_CURITIBA', 'CAMPUS_IRATI', 'CAMPUS_JACAREZINHO', 'CAMPUS_JAGUARIAÍVA', 'CAMPUS_PALMAS', 'CAMPUS_PARANAGUÁ', 'CAMPUS_PARANAVAÍ', 'CAMPUS_TELÊMACO BORBA', 'CAMPUS_UNIÃO DA VITÓRIA', 'CURSOS_TEC_CONCOMITANTE', 'CURSOS_TEC_INTEGRADO', 'CURSOS_TEC_SUBSEQUENTE', 'CURSOS_GRAD_MATUTINO', 'CURSOS_GRAD_VESPERTINO', 'FERIADO', 'COVID', 'GREVE', 'LAG_01', 'LAG_03', 'LAG_04', 'LAG_05', 'LAG_07', 'LAG_08', 'LAG_09', 'LAG_10', 'LAG_12');0.30533
('TEMP_MIN_MÉD_MENS', 'TEMP_MÉD_ACC_MENS', 'PRECIPITAÇÃO_MÉD_MENS', 'TEMP_MIN_MIN_MENS', 'TEMP_MIN_MAX_MENS', 'TEMP_MIN_ACC_MENS', 'TEMP_MAX_MIN_MENS', 'TEMP_MAX_ACC_MENS', 'PRECIPITAÇÃO_ACC_MENS', 'DIA_DA_SEMANA_dom', 'DIA_DA_SEMANA_qua', 'DIA_DA_SEMANA_qui', 'DIA_DA_SEMANA_sex', 'DIA_DA_SEMANA_sáb', 'DIA_DA_SEMANA_ter', 'MÊS_ago', 'MÊS_dez', 'MÊS_jul', 'MÊS_mar', 'ANO_2023', 'ANO_2024', 'ANO_2018', 'ANO_2020', 'CAMPUS_ASSIS CHATEAUBRIAND', 'CAMPUS_BARRACÃO', 'CAMPUS_CAMPO LARGO', 'CAMPUS_CORONEL VIVIDA', 'CAMPUS_CURITIBA', 'CAMPUS_FOZ DO IGUAÇU', 'CAMPUS_GOIOERÊ', 'CAMPUS_IRATI', 'CAMPUS_IVAIPORÃ', 'CAMPUS_JACAREZINHO', 'CAMPUS_JAGUARIAÍVA', 'CAMPUS_LONDRINA - CENTRO', 'CAMPUS_PARANAVAÍ', 'CAMPUS_TELÊMACO BORBA', 'CAMPUS_UMUARAMA', 'CURSOS_TEC_CONCOMITANTE', 'CURSOS_TEC_INTEGRADO', 'CURSOS_TEC_SUBSEQUENTE', 'CURSOS_GRAD_MATUTINO', 'CURSOS_GRAD_NOTURNO', 'FERIADO', 'COVID', 'GREVE', 'LAG_02', 'LAG_05', 'LAG_06', 'LAG_08', 'LAG_09', 'LAG_10', 'LAG_11', 'LAG_12');0.30534
('TEMP_MIN_MÉD_MENS', 'TEMP_MÉD_MÉD_MENS', 'TEMP_MÉD_ACC_MENS', 'TEMP_MAX_MÉD_MENS', 'TEMP_MIN_MIN_MENS', 'TEMP_MIN_MAX_MENS', 'TEMP_MIN_ACC_MENS', 'TEMP_MAX_MIN_MENS', 'TEMP_MAX_MAX_MENS', 'PRECIPITAÇÃO_MAX_MENS', 'PRECIPITAÇÃO_ACC_MENS', 'DIA_DA_SEMANA_qui', 'DIA_DA_SEMANA_seg', 'DIA_DA_SEMANA_sex', 'DIA_DA_SEMANA_sáb', 'DIA_DA_SEMANA_ter', 'MÊS_ago', 'MÊS_dez', 'MÊS_fev', 'MÊS_jan', 'MÊS_jun', 'MÊS_mar', 'MÊS_out', 'MÊS_set', 'ANO_2021', 'ANO_2023', 'ANO_2015', 'ANO_2016', 'ANO_2019', 'ANO_2020', 'CAMPUS_ASSIS CHATEAUBRIAND', 'CAMPUS_CORONEL VIVIDA', 'CAMPUS_CURITIBA', 'CAMPUS_GOIOERÊ', 'CAMPUS_JACAREZINHO', 'CAMPUS_JAGUARIAÍVA', 'CAMPUS_PARANAGUÁ', 'CAMPUS_PARANAVAÍ', 'CAMPUS_PINHAIS', 'CAMPUS_QUEDAS DO IGUAÇU', 'CAMPUS_TELÊMACO BORBA', 'CAMPUS_UMUARAMA', 'CURSOS_TEC_CONCOMITANTE', 'CURSOS_TEC_INTEGRADO', 'CURSOS_TEC_SUBSEQUENTE', 'CURSOS_GRAD_MATUTINO', 'FÉRIAS', 'GREVE', 'ORDEM', 'LAG_02', 'LAG_03', 'LAG_04', 'LAG_05', 'LAG_06', 'LAG_07', 'LAG_08', 'LAG_10', 'LAG_11', 'LAG_12');0.30535
('TEMP_MIN_MÉD_MENS', 'TEMP_MÉD_MIN_MENS', 'TEMP_MAX_MÉD_MENS', 'TEMP_MIN_MIN_MENS', 'TEMP_MIN_MAX_MENS', 'TEMP_MIN_ACC_MENS', 'PRECIPITAÇÃO_MIN_MENS', 'TEMP_MAX_ACC_MENS', 'PRECIPITAÇÃO_ACC_MENS', 'DIA_DA_SEMANA_dom', 'DIA_DA_SEMANA_qua', 'DIA_DA_SEMANA_qui', 'DIA_DA_SEMANA_sáb', 'MÊS_abr', 'MÊS_ago', 'MÊS_dez', 'MÊS_fev', 'MÊS_jul', 'MÊS_jun', 'ANO_2022', 'ANO_2024', 'ANO_2015', 'ANO_2016', 'ANO_2017', 'ANO_2020', 'CAMPUS_ASSIS CHATEAUBRIAND', 'CAMPUS_ASTORGA', 'CAMPUS_BARRACÃO', 'CAMPUS_CAMPO LARGO', 'CAMPUS_CASCAVEL', 'CAMPUS_FOZ DO IGUAÇU', 'CAMPUS_GOIOERÊ', 'CAMPUS_IRATI', 'CAMPUS_IVAIPORÃ', 'CAMPUS_JACAREZINHO', 'CAMPUS_JAGUARIAÍVA', 'CAMPUS_PARANAVAÍ', 'CAMPUS_PINHAIS', 'CAMPUS_QUEDAS DO IGUAÇU', 'CAMPUS_UMUARAMA', 'CAMPUS_UNIÃO DA VITÓRIA', 'CURSOS_TEC_INTEGRADO', 'CURSOS_GRAD_MATUTINO', 'CURSOS_GRAD_VESPERTINO', 'CURSOS_GRAD_NOTURNO', 'FERIADO', 'GREVE', 'LAG_01', 'LAG_03', 'LAG_05', 'LAG_06', 'LAG_09', 'LAG_10', 'LAG_11', 'LAG_12');0.30543
('TEMP_MIN_MÉD_MENS', 'TEMP_MÉD_MIN_MENS', 'TEMP_MÉD_MÉD_MENS', 'TEMP_MÉD_MAX_MENS', 'TEMP_MAX_MÉD_MENS', 'TEMP_MIN_MIN_MENS', 'TEMP_MIN_MAX_MENS', 'TEMP_MAX_MAX_MENS', 'PRECIPITAÇÃO_MAX_MENS', 'DIA_DA_SEMANA_qua', 'DIA_DA_SEMANA_seg', 'DIA_DA_SEMANA_sex', 'DIA_DA_SEMANA_sáb', 'MÊS_ago', 'MÊS_dez', 'MÊS_jun', 'MÊS_mai', 'MÊS_nov', 'MÊS_out', 'MÊS_set', 'ANO_2022', 'ANO_2024', 'ANO_2015', 'ANO_2016', 'ANO_2017', 'ANO_2018', 'CAMPUS_ASSIS CHATEAUBRIAND', 'CAMPUS_ASTORGA', 'CAMPUS_CAMPO LARGO', 'CAMPUS_CAPANEMA', 'CAMPUS_CASCAVEL', 'CAMPUS_CURITIBA', 'CAMPUS_FOZ DO IGUAÇU', 'CAMPUS_GOIOERÊ', 'CAMPUS_IRATI', 'CAMPUS_IVAIPORÃ', 'CAMPUS_JACAREZINHO', 'CAMPUS_JAGUARIAÍVA', 'CAMPUS_LONDRINA - CENTRO', 'CAMPUS_PARANAGUÁ', 'CAMPUS_PARANAVAÍ', 'CAMPUS_UMUARAMA', 'CURSOS_TEC_INTEGRADO', 'CURSOS_TEC_SUBSEQUENTE', 'CURSOS_GRAD_MATUTINO', 'CURSOS_GRAD_VESPERTINO', 'CURSOS_GRAD_NOTURNO', 'CURSOS_POS', 'FERIADO', 'GREVE', 'ORDEM', 'LAG_01', 'LAG_03', 'LAG_04', 'LAG_05', 'LAG_06', 'LAG_07', 'LAG_09', 'LAG_12');0.30547
('TEMP_MIN_MÉD_MENS', 'PRECIPITAÇÃO_MÉD_MENS', 'TEMP_MIN_MIN_MENS', 'TEMP_MIN_ACC_MENS', 'PRECIPITAÇÃO_MIN_MENS', 'TEMP_MAX_MAX_MENS', 'TEMP_MAX_ACC_MENS', 'PRECIPITAÇÃO_MAX_MENS', 'PRECIPITAÇÃO_ACC_MENS', 'DIA_DA_SEMANA_dom', 'DIA_DA_SEMANA_qui', 'DIA_DA_SEMANA_seg', 'DIA_DA_SEMANA_sex', 'DIA_DA_SEMANA_ter', 'MÊS_abr', 'MÊS_ago', 'MÊS_fev', 'MÊS_jul', 'MÊS_jun', 'MÊS_mar', 'MÊS_set', 'ANO_2021', 'ANO_2023', 'ANO_2024', 'ANO_2015', 'ANO_2016', 'ANO_2019', 'CAMPUS_ASTORGA', 'CAMPUS_CORONEL VIVIDA', 'CAMPUS_CURITIBA', 'CAMPUS_FOZ DO IGUAÇU', 'CAMPUS_GOIOERÊ', 'CAMPUS_IRATI', 'CAMPUS_IVAIPORÃ', 'CAMPUS_JACAREZINHO', 'CAMPUS_JAGUARIAÍVA', 'CAMPUS_LONDRINA - CENTRO', 'CAMPUS_PINHAIS', 'CAMPUS_PITANGA', 'CAMPUS_QUEDAS DO IGUAÇU', 'CURSOS_TEC_CONCOMITANTE', 'CURSOS_TEC_INTEGRADO', 'CURSOS_TEC_SUBSEQUENTE', 'CURSOS_GRAD_MATUTINO', 'CURSOS_GRAD_NOTURNO', 'CURSOS_POS', 'FERIADO', 'GREVE', 'ORDEM', 'LAG_01', 'LAG_02', 'LAG_03', 'LAG_04', 'LAG_06', 'LAG_07', 'LAG_08', 'LAG_09');0.30554
('TEMP_MIN_MÉD_MENS', 'TEMP_MÉD_MIN_MENS', 'TEMP_MÉD_MÉD_MENS', 'TEMP_MÉD_ACC_MENS', 'TEMP_MAX_MÉD_MENS', 'TEMP_MAX_MIN_MENS', 'PRECIPITAÇÃO_MIN_MENS', 'TEMP_MAX_MAX_MENS', 'PRECIPITAÇÃO_MAX_MENS', 'PRECIPITAÇÃO_ACC_MENS', 'MÊS_abr', 'MÊS_dez', 'MÊS_fev', 'MÊS_jan', 'MÊS_jul', 'MÊS_jun', 'MÊS_nov', 'ANO_2024', 'ANO_2016', 'CAMPUS_ASSIS CHATEAUBRIAND', 'CAMPUS_ASTORGA', 'CAMPUS_CAPANEMA', 'CAMPUS_CORONEL VIVIDA', 'CAMPUS_CURITIBA', 'CAMPUS_FOZ DO IGUAÇU', 'CAMPUS_GOIOERÊ', 'CAMPUS_IVAIPORÃ', 'CAMPUS_JACAREZINHO', 'CAMPUS_JAGUARIAÍVA', 'CAMPUS_LONDRINA - CENTRO', 'CAMPUS_PARANAVAÍ', 'CAMPUS_PINHAIS', 'CAMPUS_PITANGA', 'CAMPUS_QUEDAS DO IGUAÇU', 'CAMPUS_TELÊMACO BORBA', 'CAMPUS_UMUARAMA', 'CAMPUS_UNIÃO DA VITÓRIA', 'CURSOS_TEC_INTEGRADO', 'CURSOS_TEC_SUBSEQUENTE', 'CURSOS_GRAD_VESPERTINO', 'FÉRIAS', 'ORDEM', 'LAG_01', 'LAG_06', 'LAG_07', 'LAG_08', 'LAG_10', 'LAG_11', 'LAG_12');0.30557
('TEMP_MÉD_MIN_MENS', 'TEMP_MÉD_ACC_MENS', 'TEMP_MAX_MÉD_MENS', 'TEMP_MIN_MIN_MENS', 'PRECIPITAÇÃO_ACC_MENS', 'DIA_DA_SEMANA_seg', 'DIA_DA_SEMANA_sáb', 'MÊS_dez', 'MÊS_fev', 'MÊS_jan', 'MÊS_nov', 'MÊS_out', 'ANO_2021', 'ANO_2023', 'ANO_2024', 'ANO_2016', 'ANO_2017', 'ANO_2019', 'ANO_2020', 'CAMPUS_ASSIS CHATEAUBRIAND', 'CAMPUS_ASTORGA', 'CAMPUS_BARRACÃO', 'CAMPUS_CAMPO LARGO', 'CAMPUS_CASCAVEL', 'CAMPUS_GOIOERÊ', 'CAMPUS_IRATI', 'CAMPUS_JACAREZINHO', 'CAMPUS_JAGUARIAÍVA', 'CAMPUS_LONDRINA - CENTRO', 'CAMPUS_PALMAS', 'CAMPUS_PARANAVAÍ', 'CAMPUS_PINHAIS', 'CAMPUS_QUEDAS DO IGUAÇU', 'CAMPUS_TELÊMACO BORBA', 'CAMPUS_UMUARAMA', 'CAMPUS_UNIÃO DA VITÓRIA', 'CURSOS_TEC_CONCOMITANTE', 'CURSOS_TEC_SUBSEQUENTE', 'CURSOS_GRAD_MATUTINO', 'CURSOS_GRAD_VESPERTINO', 'CURSOS_GRAD_NOTURNO', 'FERIADO', 'ORDEM', 'LAG_02', 'LAG_06', 'LAG_07', 'LAG_08', 'LAG_09', 'LAG_11', 'LAG_12');0.30564
('TEMP_MIN_MÉD_MENS', 'TEMP_MÉD_MIN_MENS', 'TEMP_MÉD_ACC_MENS', 'TEMP_MIN_MIN_MENS', 'TEMP_MAX_MIN_MENS', 'PRECIPITAÇÃO_MIN_MENS', 'TEMP_MAX_MAX_MENS', 'TEMP_MAX_ACC_MENS', 'PRECIPITAÇÃO_MAX_MENS', 'PRECIPITAÇÃO_ACC_MENS', 'DIA_DA_SEMANA_dom', 'DIA_DA_SEMANA_qui', 'DIA_DA_SEMANA_seg', 'DIA_DA_SEMANA_sáb', 'DIA_DA_SEMANA_ter', 'MÊS_abr', 'MÊS_ago', 'MÊS_dez', 'MÊS_fev', 'MÊS_jun', 'MÊS_mar', 'MÊS_nov', 'MÊS_out', 'MÊS_set', 'ANO_2022', 'ANO_2023', 'ANO_2024', 'ANO_2016', 'ANO_2018', 'ANO_2019', 'CAMPUS_ASSIS CHATEAUBRIAND', 'CAMPUS_ASTORGA', 'CAMPUS_CAMPO LARGO', 'CAMPUS_CAPANEMA', 'CAMPUS_CASCAVEL', 'CAMPUS_CORONEL VIVIDA', 'CAMPUS_CURITIBA', 'CAMPUS_GOIOERÊ', 'CAMPUS_IRATI', 'CAMPUS_PALMAS', 'CAMPUS_PINHAIS', 'CAMPUS_PITANGA', 'CAMPUS_QUEDAS DO IGUAÇU', 'CAMPUS_TELÊMACO BORBA', 'CAMPUS_UMUARAMA', 'CAMPUS_UNIÃO DA VITÓRIA', 'CURSOS_TEC_CONCOMITANTE', 'CURSOS_GRAD_VESPERTINO', 'CURSOS_GRAD_NOTURNO', 'CURSOS_POS', 'FÉRIAS', 'ORDEM', 'LAG_01', 'LAG_02', 'LAG_03', 'LAG_04', 'LAG_05', 'LAG_08', 'LAG_10', 'LAG_11', 'LAG_12');0.30566
('TEMP_MÉD_MIN_MENS', 'TEMP_MÉD_MÉD_MENS', 'TEMP_MAX_MÉD_MENS', 'PRECIPITAÇÃO_MÉD_MENS', 'PRECIPITAÇÃO_MIN_MENS', 'TEMP_MAX_MAX_MENS', 'TEMP_MAX_ACC_MENS', 'PRECIPITAÇÃO_MAX_MENS', 'DIA_DA_SEMANA_dom', 'DIA_DA_SEMANA_qua', 'DIA_DA_SEMANA_qui', 'DIA_DA_SEMANA_seg', 'DIA_DA_SEMANA_sex', 'DIA_DA_SEMANA_sáb', 'DIA_DA_SEMANA_ter', 'MÊS_abr', 'MÊS_ago', 'MÊS_dez', 'MÊS_fev', 'MÊS_jul', 'MÊS_jun', 'MÊS_mai', 'ANO_2021', 'ANO_2017', 'ANO_2020', 'CAMPUS_ASSIS CHATEAUBRIAND', 'CAMPUS_CAMPO LARGO', 'CAMPUS_CAPANEMA', 'CAMPUS_CASCAVEL', 'CAMPUS_CURITIBA', 'CAMPUS_GOIOERÊ', 'CAMPUS_IRATI', 'CAMPUS_JACAREZINHO', 'CAMPUS_PARANAGUÁ', 'CAMPUS_PINHAIS', 'CAMPUS_PITANGA', 'CAMPUS_QUEDAS DO IGUAÇU', 'CURSOS_TEC_CONCOMITANTE', 'CURSOS_TEC_INTEGRADO', 'CURSOS_TEC_SUBSEQUENTE', 'CURSOS_GRAD_MATUTINO', 'FERIADO', 'GREVE', 'LAG_03', 'LAG_05', 'LAG_06', 'LAG_07', 'LAG_08', 'LAG_09', 'LAG_10', 'LAG_12');0.30572
('TEMP_MÉD_MÉD_MENS', 'TEMP_MÉD_MAX_MENS', 'TEMP_MÉD_ACC_MENS', 'TEMP_MIN_MIN_MENS', 'TEMP_MIN_ACC_MENS', 'TEMP_MAX_MIN_MENS', 'PRECIPITAÇÃO_MIN_MENS', 'TEMP_MAX_MAX_MENS', 'DIA_DA_SEMANA_dom', 'DIA_DA_SEMANA_qua', 'DIA_DA_SEMANA_seg', 'DIA_DA_SEMANA_sex', 'DIA_DA_SEMANA_sáb', 'DIA_DA_SEMANA_ter', 'MÊS_dez', 'MÊS_fev', 'MÊS_jul', 'MÊS_mai', 'MÊS_mar', 'MÊS_nov', 'ANO_2021', 'ANO_2024', 'ANO_2016', 'ANO_2018', 'ANO_2019', 'CAMPUS_ASSIS CHATEAUBRIAND', 'CAMPUS_BARRACÃO', 'CAMPUS_CAMPO LARGO', 'CAMPUS_CORONEL VIVIDA', 'CAMPUS_CURITIBA', 'CAMPUS_FOZ DO IGUAÇU', 'CAMPUS_IRATI', 'CAMPUS_IVAIPORÃ', 'CAMPUS_PALMAS', 'CAMPUS_PARANAGUÁ', 'CAMPUS_PINHAIS', 'CAMPUS_PITANGA', 'CAMPUS_QUEDAS DO IGUAÇU', 'CAMPUS_TELÊMACO BORBA', 'CURSOS_TEC_INTEGRADO', 'CURSOS_TEC_SUBSEQUENTE', 'CURSOS_GRAD_VESPERTINO', 'FÉRIAS', 'FERIADO', 'GREVE', 'ORDEM', 'LAG_03', 'LAG_04', 'LAG_05', 'LAG_07', 'LAG_08', 'LAG_10', 'LAG_11');0.30574
('TEMP_MÉD_MIN_MENS', 'TEMP_MÉD_MÉD_MENS', 'TEMP_MÉD_ACC_MENS', 'TEMP_MAX_MÉD_MENS', 'PRECIPITAÇÃO_MÉD_MENS', 'TEMP_MIN_MAX_MENS', 'TEMP_MIN_ACC_MENS', 'PRECIPITAÇÃO_MIN_MENS', 'TEMP_MAX_MAX_MENS', 'PRECIPITAÇÃO_ACC_MENS', 'DIA_DA_SEMANA_qui', 'DIA_DA_SEMANA_seg', 'DIA_DA_SEMANA_sáb', 'MÊS_abr', 'MÊS_ago', 'MÊS_fev', 'MÊS_jul', 'MÊS_jun', 'MÊS_mai', 'MÊS_nov', 'MÊS_out', 'ANO_2022', 'ANO_2024', 'ANO_2016', 'ANO_2017', 'ANO_2020', 'CAMPUS_CAMPO LARGO', 'CAMPUS_CAPANEMA', 'CAMPUS_CASCAVEL', 'CAMPUS_CORONEL VIVIDA', 'CAMPUS_CURITIBA', 'CAMPUS_IRATI', 'CAMPUS_JACAREZINHO', 'CAMPUS_PINHAIS', 'CAMPUS_PITANGA', 'CURSOS_TEC_INTEGRADO', 'CURSOS_POS', 'FERIADO', 'GREVE', 'ORDEM', 'LAG_02', 'LAG_03', 'LAG_04', 'LAG_05', 'LAG_07', 'LAG_08', 'LAG_09', 'LAG_10', 'LAG_11', 'LAG_12');0.30594
('TEMP_MIN_MÉD_MENS', 'TEMP_MÉD_MÉD_MENS', 'TEMP_MÉD_MAX_MENS', 'TEMP_MÉD_ACC_MENS', 'TEMP_MAX_MÉD_MENS', 'PRECIPITAÇÃO_MÉD_MENS', 'TEMP_MIN_MIN_MENS', 'TEMP_MIN_MAX_MENS', 'TEMP_MIN_ACC_MENS', 'PRECIPITAÇÃO_MIN_MENS', 'TEMP_MAX_MAX_MENS', 'TEMP_MAX_ACC_MENS', 'PRECIPITAÇÃO_ACC_MENS', 'DIA_DA_SEMANA_dom', 'DIA_DA_SEMANA_qui', 'DIA_DA_SEMANA_seg', 'DIA_DA_SEMANA_sex', 'MÊS_abr', 'MÊS_ago', 'MÊS_fev', 'MÊS_jun', 'MÊS_mar', 'MÊS_nov', 'MÊS_set', 'ANO_2021', 'ANO_2022', 'ANO_2023', 'ANO_2024', 'ANO_2015', 'ANO_2019', 'CAMPUS_ASSIS CHATEAUBRIAND', 'CAMPUS_ASTORGA', 'CAMPUS_CASCAVEL', 'CAMPUS_CORONEL VIVIDA', 'CAMPUS_GOIOERÊ', 'CAMPUS_IRATI', 'CAMPUS_LONDRINA - CENTRO', 'CAMPUS_PALMAS', 'CAMPUS_PARANAVAÍ', 'CAMPUS_PINHAIS', 'CAMPUS_QUEDAS DO IGUAÇU', 'CAMPUS_TELÊMACO BORBA', 'CURSOS_TEC_INTEGRADO', 'CURSOS_TEC_SUBSEQUENTE', 'CURSOS_GRAD_VESPERTINO', 'CURSOS_POS', 'FERIADO', 'COVID', 'GREVE', 'ORDEM', 'LAG_02', 'LAG_03', 'LAG_04', 'LAG_05', 'LAG_06', 'LAG_07', 'LAG_08', 'LAG_09', 'LAG_10', 'LAG_11', 'LAG_12');0.30595
('TEMP_MIN_MÉD_MENS', 'TEMP_MÉD_MIN_MENS', 'TEMP_MÉD_ACC_MENS', 'TEMP_MAX_MÉD_MENS', 'PRECIPITAÇÃO_MÉD_MENS', 'TEMP_MIN_MIN_MENS', 'TEMP_MIN_MAX_MENS', 'TEMP_MIN_ACC_MENS', 'TEMP_MAX_MIN_MENS', 'PRECIPITAÇÃO_ACC_MENS', 'DIA_DA_SEMANA_dom', 'DIA_DA_SEMANA_qua', 'DIA_DA_SEMANA_qui', 'DIA_DA_SEMANA_seg', 'DIA_DA_SEMANA_sex', 'DIA_DA_SEMANA_sáb', 'DIA_DA_SEMANA_ter', 'MÊS_ago', 'MÊS_dez', 'MÊS_jan', 'MÊS_jun', 'MÊS_mai', 'MÊS_mar', 'MÊS_nov', 'MÊS_out', 'MÊS_set', 'ANO_2021', 'ANO_2022', 'ANO_2023', 'ANO_2015', 'ANO_2017', 'ANO_2019', 'ANO_2020', 'CAMPUS_ASSIS CHATEAUBRIAND', 'CAMPUS_BARRACÃO', 'CAMPUS_CAMPO LARGO', 'CAMPUS_CAPANEMA', 'CAMPUS_CASCAVEL', 'CAMPUS_CORONEL VIVIDA', 'CAMPUS_CURITIBA', 'CAMPUS_JAGUARIAÍVA', 'CAMPUS_PARANAVAÍ', 'CAMPUS_PINHAIS', 'CAMPUS_PITANGA', 'CAMPUS_QUEDAS DO IGUAÇU', 'CAMPUS_TELÊMACO BORBA', 'CAMPUS_UMUARAMA', 'CURSOS_TEC_CONCOMITANTE', 'CURSOS_TEC_SUBSEQUENTE', 'CURSOS_GRAD_MATUTINO', 'CURSOS_GRAD_VESPERTINO', 'CURSOS_GRAD_NOTURNO', 'GREVE', 'ORDEM', 'LAG_01', 'LAG_02', 'LAG_04', 'LAG_05', 'LAG_06', 'LAG_07', 'LAG_10', 'LAG_11');0.306
('TEMP_MIN_MÉD_MENS', 'TEMP_MÉD_MÉD_MENS', 'TEMP_MÉD_MAX_MENS', 'TEMP_MÉD_ACC_MENS', 'TEMP_MAX_MÉD_MENS', 'PRECIPITAÇÃO_MÉD_MENS', 'TEMP_MAX_MIN_MENS', 'PRECIPITAÇÃO_MIN_MENS', 'TEMP_MAX_MAX_MENS', 'DIA_DA_SEMANA_qua', 'DIA_DA_SEMANA_qui', 'DIA_DA_SEMANA_seg', 'DIA_DA_SEMANA_sex', 'DIA_DA_SEMANA_ter', 'MÊS_dez', 'MÊS_fev', 'MÊS_jan', 'MÊS_jun', 'MÊS_mai', 'MÊS_mar', 'MÊS_out', 'ANO_2021', 'ANO_2022', 'ANO_2023', 'ANO_2024', 'ANO_2015', 'ANO_2016', 'ANO_2017', 'ANO_2018', 'ANO_2019', 'ANO_2020', 'CAMPUS_ASSIS CHATEAUBRIAND', 'CAMPUS_CAMPO LARGO', 'CAMPUS_CAPANEMA', 'CAMPUS_CORONEL VIVIDA', 'CAMPUS_CURITIBA', 'CAMPUS_FOZ DO IGUAÇU', 'CAMPUS_IRATI', 'CAMPUS_IVAIPORÃ', 'CAMPUS_JACAREZINHO', 'CAMPUS_JAGUARIAÍVA', 'CAMPUS_PALMAS', 'CAMPUS_PARANAGUÁ', 'CAMPUS_QUEDAS DO IGUAÇU', 'CAMPUS_TELÊMACO BORBA', 'CAMPUS_UMUARAMA', 'CAMPUS_UNIÃO DA VITÓRIA', 'CURSOS_TEC_CONCOMITANTE', 'CURSOS_TEC_INTEGRADO', 'CURSOS_TEC_SUBSEQUENTE', 'CURSOS_GRAD_VESPERTINO', 'CURSOS_GRAD_NOTURNO', 'CURSOS_POS', 'FÉRIAS', 'ORDEM', 'LAG_01', 'LAG_04', 'LAG_06', 'LAG_09', 'LAG_10', 'LAG_11', 'LAG_12');0.30601
('TEMP_MIN_MÉD_MENS', 'TEMP_MÉD_MAX_MENS', 'TEMP_MÉD_ACC_MENS', 'TEMP_MAX_MÉD_MENS', 'PRECIPITAÇÃO_MÉD_MENS', 'TEMP_MIN_MAX_MENS', 'PRECIPITAÇÃO_MIN_MENS', 'PRECIPITAÇÃO_MAX_MENS', 'DIA_DA_SEMANA_dom', 'DIA_DA_SEMANA_qua', 'DIA_DA_SEMANA_seg', 'MÊS_abr', 'MÊS_ago', 'MÊS_fev', 'MÊS_jan', 'MÊS_jul', 'MÊS_mai', 'ANO_2021', 'ANO_2022', 'ANO_2023', 'ANO_2016', 'ANO_2017', 'ANO_2018', 'ANO_2020', 'CAMPUS_ASTORGA', 'CAMPUS_BARRACÃO', 'CAMPUS_CAPANEMA', 'CAMPUS_CASCAVEL', 'CAMPUS_GOIOERÊ', 'CAMPUS_IRATI', 'CAMPUS_PALMAS', 'CAMPUS_PARANAGUÁ', 'CAMPUS_PINHAIS', 'CAMPUS_PITANGA', 'CAMPUS_QUEDAS DO IGUAÇU', 'CAMPUS_UMUARAMA', 'CAMPUS_UNIÃO DA VITÓRIA', 'CURSOS_TEC_CONCOMITANTE', 'CURSOS_GRAD_MATUTINO', 'CURSOS_GRAD_VESPERTINO', 'CURSOS_GRAD_NOTURNO', 'COVID', 'LAG_03', 'LAG_04', 'LAG_06', 'LAG_07', 'LAG_08', 'LAG_09', 'LAG_10', 'LAG_11', 'LAG_12');0.30603
('TEMP_MIN_MÉD_MENS', 'TEMP_MÉD_MÉD_MENS', 'TEMP_MAX_MÉD_MENS', 'TEMP_MIN_MIN_MENS', 'TEMP_MIN_MAX_MENS', 'TEMP_MIN_ACC_MENS', 'PRECIPITAÇÃO_MIN_MENS', 'TEMP_MAX_MAX_MENS', 'TEMP_MAX_ACC_MENS', 'PRECIPITAÇÃO_MAX_MENS', 'PRECIPITAÇÃO_ACC_MENS', 'DIA_DA_SEMANA_dom', 'DIA_DA_SEMANA_qua', 'DIA_DA_SEMANA_seg', 'DIA_DA_SEMANA_sex', 'DIA_DA_SEMANA_sáb', 'MÊS_dez', 'MÊS_jun', 'MÊS_mai', 'MÊS_mar', 'MÊS_nov', 'MÊS_out', 'ANO_2021', 'ANO_2022', 'ANO_2023', 'ANO_2016', 'ANO_2018', 'ANO_2020', 'CAMPUS_ASSIS CHATEAUBRIAND', 'CAMPUS_BARRACÃO', 'CAMPUS_CAPANEMA', 'CAMPUS_CASCAVEL', 'CAMPUS_CORONEL VIVIDA', 'CAMPUS_CURITIBA', 'CAMPUS_GOIOERÊ', 'CAMPUS_IRATI', 'CAMPUS_IVAIPORÃ', 'CAMPUS_JACAREZINHO', 'CAMPUS_LONDRINA - CENTRO', 'CAMPUS_PARANAVAÍ', 'CAMPUS_PINHAIS', 'CAMPUS_PITANGA', 'CAMPUS_QUEDAS DO IGUAÇU', 'CAMPUS_TELÊMACO BORBA', 'CAMPUS_UMUARAMA', 'CAMPUS_UNIÃO DA VITÓRIA', 'CURSOS_TEC_CONCOMITANTE', 'CURSOS_TEC_INTEGRADO', 'CURSOS_TEC_SUBSEQUENTE', 'CURSOS_GRAD_VESPERTINO', 'CURSOS_GRAD_NOTURNO', 'CURSOS_POS', 'FERIADO', 'COVID', 'GREVE', 'ORDEM', 'LAG_01', 'LAG_10', 'LAG_11', 'LAG_12');0.30606
('TEMP_MIN_MÉD_MENS', 'TEMP_MÉD_MÉD_MENS', 'TEMP_MÉD_MAX_MENS', 'TEMP_MÉD_ACC_MENS', 'TEMP_MAX_MÉD_MENS', 'TEMP_MIN_MIN_MENS', 'TEMP_MIN_MAX_MENS', 'TEMP_MAX_MIN_MENS', 'TEMP_MAX_ACC_MENS', 'PRECIPITAÇÃO_MAX_MENS', 'PRECIPITAÇÃO_ACC_MENS', 'DIA_DA_SEMANA_dom', 'DIA_DA_SEMANA_qui', 'DIA_DA_SEMANA_sex', 'DIA_DA_SEMANA_sáb', 'MÊS_ago', 'MÊS_dez', 'MÊS_fev', 'MÊS_jul', 'MÊS_mai', 'MÊS_mar', 'MÊS_set', 'ANO_2021', 'ANO_2022', 'ANO_2023', 'ANO_2024', 'ANO_2015', 'ANO_2018', 'ANO_2019', 'ANO_2020', 'CAMPUS_ASSIS CHATEAUBRIAND', 'CAMPUS_ASTORGA', 'CAMPUS_CAPANEMA', 'CAMPUS_FOZ DO IGUAÇU', 'CAMPUS_GOIOERÊ', 'CAMPUS_JACAREZINHO', 'CAMPUS_JAGUARIAÍVA', 'CAMPUS_LONDRINA - CENTRO', 'CAMPUS_PALMAS', 'CAMPUS_PARANAVAÍ', 'CAMPUS_PINHAIS', 'CAMPUS_TELÊMACO BORBA', 'CAMPUS_UNIÃO DA VITÓRIA', 'CURSOS_GRAD_MATUTINO', 'CURSOS_GRAD_VESPERTINO', 'CURSOS_GRAD_NOTURNO', 'FERIADO', 'COVID', 'GREVE', 'ORDEM', 'LAG_01', 'LAG_02', 'LAG_04', 'LAG_05', 'LAG_06', 'LAG_07', 'LAG_08', 'LAG_11', 'LAG_12');0.30616
('TEMP_MIN_MÉD_MENS', 'TEMP_MÉD_MIN_MENS', 'TEMP_MÉD_MAX_MENS', 'TEMP_MAX_MÉD_MENS', 'PRECIPITAÇÃO_MÉD_MENS', 'TEMP_MIN_MAX_MENS', 'TEMP_MIN_ACC_MENS', 'TEMP_MAX_MIN_MENS', 'TEMP_MAX_ACC_MENS', 'PRECIPITAÇÃO_MAX_MENS', 'DIA_DA_SEMANA_qui', 'DIA_DA_SEMANA_sáb', 'DIA_DA_SEMANA_ter', 'MÊS_fev', 'MÊS_jan', 'MÊS_jul', 'MÊS_nov', 'ANO_2021', 'ANO_2024', 'ANO_2015', 'ANO_2017', 'ANO_2019', 'CAMPUS_ASSIS CHATEAUBRIAND', 'CAMPUS_BARRACÃO', 'CAMPUS_CORONEL VIVIDA', 'CAMPUS_FOZ DO IGUAÇU', 'CAMPUS_GOIOERÊ', 'CAMPUS_IRATI', 'CAMPUS_JACAREZINHO', 'CAMPUS_JAGUARIAÍVA', 'CAMPUS_LONDRINA - CENTRO', 'CAMPUS_PALMAS', 'CAMPUS_PARANAVAÍ', 'CAMPUS_PINHAIS', 'CAMPUS_PITANGA', 'CAMPUS_TELÊMACO BORBA', 'CAMPUS_UNIÃO DA VITÓRIA', 'CURSOS_TEC_INTEGRADO', 'CURSOS_TEC_SUBSEQUENTE', 'CURSOS_GRAD_MATUTINO', 'CURSOS_GRAD_VESPERTINO', 'FERIADO', 'COVID', 'ORDEM', 'LAG_01', 'LAG_05', 'LAG_08', 'LAG_11');0.30617
('TEMP_MIN_MÉD_MENS', 'TEMP_MÉD_MIN_MENS', 'TEMP_MÉD_MAX_MENS', 'TEMP_MAX_MÉD_MENS', 'TEMP_MIN_MAX_MENS', 'TEMP_MIN_ACC_MENS', 'PRECIPITAÇÃO_MIN_MENS', 'PRECIPITAÇÃO_MAX_MENS', 'DIA_DA_SEMANA_dom', 'DIA_DA_SEMANA_qua', 'DIA_DA_SEMANA_sáb', 'DIA_DA_SEMANA_ter', 'MÊS_abr', 'MÊS_dez', 'MÊS_fev', 'MÊS_jan', 'MÊS_jul', 'MÊS_jun', 'MÊS_mar', 'MÊS_out', 'ANO_2021', 'ANO_2022', 'ANO_2023', 'ANO_2024', 'ANO_2015', 'ANO_2016', 'ANO_2017', 'ANO_2019', 'ANO_2020', 'CAMPUS_ASSIS CHATEAUBRIAND', 'CAMPUS_ASTORGA', 'CAMPUS_BARRACÃO', 'CAMPUS_CAMPO LARGO', 'CAMPUS_CORONEL VIVIDA', 'CAMPUS_CURITIBA', 'CAMPUS_FOZ DO IGUAÇU', 'CAMPUS_GOIOERÊ', 'CAMPUS_IVAIPORÃ', 'CAMPUS_JAGUARIAÍVA', 'CAMPUS_LONDRINA - CENTRO', 'CAMPUS_PALMAS', 'CAMPUS_PARANAVAÍ', 'CAMPUS_PITANGA', 'CAMPUS_QUEDAS DO IGUAÇU', 'CAMPUS_TELÊMACO BORBA', 'CAMPUS_UNIÃO DA VITÓRIA', 'CURSOS_GRAD_MATUTINO', 'CURSOS_GRAD_NOTURNO', 'FÉRIAS', 'FERIADO', 'COVID', 'GREVE', 'LAG_01', 'LAG_02', 'LAG_03', 'LAG_04', 'LAG_05', 'LAG_08', 'LAG_09', 'LAG_11', 'LAG_12');0.30618
('TEMP_MÉD_MÉD_MENS', 'TEMP_MÉD_ACC_MENS', 'TEMP_MIN_MAX_MENS', 'TEMP_MIN_ACC_MENS', 'TEMP_MAX_MIN_MENS', 'PRECIPITAÇÃO_MIN_MENS', 'PRECIPITAÇÃO_MAX_MENS', 'PRECIPITAÇÃO_ACC_MENS', 'DIA_DA_SEMANA_dom', 'DIA_DA_SEMANA_qua', 'DIA_DA_SEMANA_seg', 'MÊS_fev', 'MÊS_jan', 'MÊS_jun', 'MÊS_mai', 'ANO_2021', 'ANO_2022', 'ANO_2023', 'ANO_2024', 'ANO_2018', 'ANO_2020', 'CAMPUS_BARRACÃO', 'CAMPUS_CAMPO LARGO', 'CAMPUS_CAPANEMA', 'CAMPUS_CASCAVEL', 'CAMPUS_CORONEL VIVIDA', 'CAMPUS_CURITIBA', 'CAMPUS_GOIOERÊ', 'CAMPUS_IRATI', 'CAMPUS_JACAREZINHO', 'CAMPUS_JAGUARIAÍVA', 'CAMPUS_LONDRINA - CENTRO', 'CAMPUS_PALMAS', 'CAMPUS_PARANAVAÍ', 'CAMPUS_PITANGA', 'CAMPUS_TELÊMACO BORBA', 'CAMPUS_UMUARAMA', 'CAMPUS_UNIÃO DA VITÓRIA', 'CURSOS_TEC_CONCOMITANTE', 'CURSOS_TEC_INTEGRADO', 'CURSOS_TEC_SUBSEQUENTE', 'CURSOS_GRAD_NOTURNO', 'CURSOS_POS', 'FÉRIAS', 'FERIADO', 'ORDEM', 'LAG_01', 'LAG_03', 'LAG_05', 'LAG_08', 'LAG_09', 'LAG_11', 'LAG_12');0.30622
('TEMP_MIN_MÉD_MENS', 'TEMP_MÉD_MIN_MENS', 'TEMP_MÉD_MÉD_MENS', 'TEMP_MÉD_ACC_MENS', 'PRECIPITAÇÃO_MÉD_MENS', 'TEMP_MIN_ACC_MENS', 'PRECIPITAÇÃO_MIN_MENS', 'TEMP_MAX_ACC_MENS', 'PRECIPITAÇÃO_ACC_MENS', 'DIA_DA_SEMANA_qui', 'DIA_DA_SEMANA_sáb', 'DIA_DA_SEMANA_ter', 'MÊS_dez', 'MÊS_jan', 'MÊS_jul', 'MÊS_jun', 'MÊS_mai', 'MÊS_nov', 'ANO_2021', 'ANO_2022', 'ANO_2016', 'ANO_2017', 'ANO_2018', 'ANO_2020', 'CAMPUS_ASSIS CHATEAUBRIAND', 'CAMPUS_ASTORGA', 'CAMPUS_BARRACÃO', 'CAMPUS_CAPANEMA', 'CAMPUS_CORONEL VIVIDA', 'CAMPUS_CURITIBA', 'CAMPUS_IVAIPORÃ', 'CAMPUS_JAGUARIAÍVA', 'CAMPUS_LONDRINA - CENTRO', 'CAMPUS_PINHAIS', 'CAMPUS_PITANGA', 'CAMPUS_QUEDAS DO IGUAÇU', 'CAMPUS_TELÊMACO BORBA', 'CAMPUS_UNIÃO DA VITÓRIA', 'CURSOS_TEC_CONCOMITANTE', 'CURSOS_TEC_SUBSEQUENTE', 'CURSOS_GRAD_MATUTINO', 'CURSOS_GRAD_NOTURNO', 'FERIADO', 'COVID', 'GREVE', 'LAG_03', 'LAG_04', 'LAG_07', 'LAG_09', 'LAG_10', 'LAG_11', 'LAG_12');0.30622
('TEMP_MIN_MÉD_MENS', 'TEMP_MÉD_MIN_MENS', 'TEMP_MÉD_MAX_MENS', 'TEMP_MAX_MÉD_MENS', 'PRECIPITAÇÃO_MÉD_MENS', 'TEMP_MIN_MIN_MENS', 'TEMP_MIN_MAX_MENS', 'TEMP_MAX_MAX_MENS', 'PRECIPITAÇÃO_ACC_MENS', 'DIA_DA_SEMANA_dom', 'DIA_DA_SEMANA_qua', 'DIA_DA_SEMANA_qui', 'DIA_DA_SEMANA_sex', 'DIA_DA_SEMANA_sáb', 'DIA_DA_SEMANA_ter', 'MÊS_abr', 'MÊS_ago', 'MÊS_jan', 'MÊS_jul', 'MÊS_mar', 'MÊS_nov', 'MÊS_out', 'MÊS_set', 'ANO_2021', 'ANO_2022', 'ANO_2023', 'ANO_2015', 'ANO_2017', 'ANO_2020', 'CAMPUS_ASTORGA', 'CAMPUS_BARRACÃO', 'CAMPUS_CAPANEMA', 'CAMPUS_CASCAVEL', 'CAMPUS_CORONEL VIVIDA', 'CAMPUS_CURITIBA', 'CAMPUS_FOZ DO IGUAÇU', 'CAMPUS_GOIOERÊ', 'CAMPUS_IRATI', 'CAMPUS_IVAIPORÃ', 'CAMPUS_JAGUARIAÍVA', 'CAMPUS_PALMAS', 'CAMPUS_PARANAVAÍ', 'CAMPUS_PINHAIS', 'CAMPUS_PITANGA', 'CAMPUS_UMUARAMA', 'CAMPUS_UNIÃO DA VITÓRIA', 'CURSOS_TEC_CONCOMITANTE', 'CURSOS_TEC_INTEGRADO', 'CURSOS_GRAD_NOTURNO', 'CURSOS_POS', 'FÉRIAS', 'FERIADO', 'LAG_01', 'LAG_02', 'LAG_03', 'LAG_04', 'LAG_06', 'LAG_07', 'LAG_08', 'LAG_09', 'LAG_11', 'LAG_12');0.30628
('TEMP_MÉD_MIN_MENS', 'TEMP_MAX_MÉD_MENS', 'PRECIPITAÇÃO_MÉD_MENS', 'TEMP_MIN_MIN_MENS', 'TEMP_MAX_MIN_MENS', 'TEMP_MAX_MAX_MENS', 'TEMP_MAX_ACC_MENS', 'DIA_DA_SEMANA_dom', 'DIA_DA_SEMANA_qua', 'DIA_DA_SEMANA_qui', 'DIA_DA_SEMANA_seg', 'DIA_DA_SEMANA_sex', 'DIA_DA_SEMANA_sáb', 'MÊS_abr', 'MÊS_ago', 'MÊS_dez', 'MÊS_jul', 'MÊS_jun', 'MÊS_mai', 'MÊS_mar', 'MÊS_nov', 'ANO_2021', 'ANO_2022', 'ANO_2023', 'ANO_2015', 'ANO_2016', 'ANO_2019', 'CAMPUS_ASSIS CHATEAUBRIAND', 'CAMPUS_ASTORGA', 'CAMPUS_BARRACÃO', 'CAMPUS_CAMPO LARGO', 'CAMPUS_CAPANEMA', 'CAMPUS_CASCAVEL', 'CAMPUS_CURITIBA', 'CAMPUS_GOIOERÊ', 'CAMPUS_IRATI', 'CAMPUS_IVAIPORÃ', 'CAMPUS_JACAREZINHO', 'CAMPUS_LONDRINA - CENTRO', 'CAMPUS_PARANAGUÁ', 'CAMPUS_PARANAVAÍ', 'CAMPUS_PINHAIS', 'CAMPUS_QUEDAS DO IGUAÇU', 'CAMPUS_TELÊMACO BORBA', 'CAMPUS_UMUARAMA', 'CAMPUS_UNIÃO DA VITÓRIA', 'CURSOS_TEC_INTEGRADO', 'CURSOS_TEC_SUBSEQUENTE', 'CURSOS_GRAD_VESPERTINO', 'CURSOS_GRAD_NOTURNO', 'CURSOS_POS', 'FÉRIAS', 'GREVE', 'LAG_01', 'LAG_02', 'LAG_06', 'LAG_07', 'LAG_08', 'LAG_09', 'LAG_10', 'LAG_11', 'LAG_12');0.30631
('TEMP_MIN_MÉD_MENS', 'TEMP_MÉD_MÉD_MENS', 'TEMP_MÉD_MAX_MENS', 'TEMP_MÉD_ACC_MENS', 'TEMP_MAX_MÉD_MENS', 'PRECIPITAÇÃO_MÉD_MENS', 'TEMP_MIN_MIN_MENS', 'TEMP_MIN_MAX_MENS', 'PRECIPITAÇÃO_MIN_MENS', 'TEMP_MAX_MAX_MENS', 'PRECIPITAÇÃO_MAX_MENS', 'DIA_DA_SEMANA_seg', 'DIA_DA_SEMANA_sex', 'DIA_DA_SEMANA_ter', 'MÊS_abr', 'MÊS_ago', 'MÊS_dez', 'MÊS_jan', 'MÊS_jul', 'MÊS_jun', 'MÊS_mai', 'MÊS_nov', 'MÊS_set', 'ANO_2021', 'ANO_2022', 'ANO_2023', 'ANO_2016', 'ANO_2018', 'ANO_2020', 'CAMPUS_ASSIS CHATEAUBRIAND', 'CAMPUS_CASCAVEL', 'CAMPUS_CURITIBA', 'CAMPUS_FOZ DO IGUAÇU', 'CAMPUS_GOIOERÊ', 'CAMPUS_IRATI', 'CAMPUS_IVAIPORÃ', 'CAMPUS_JACAREZINHO', 'CAMPUS_JAGUARIAÍVA', 'CAMPUS_PALMAS', 'CAMPUS_PARANAVAÍ', 'CAMPUS_PITANGA', 'CAMPUS_QUEDAS DO IGUAÇU', 'CURSOS_TEC_SUBSEQUENTE', 'CURSOS_POS', 'FERIADO', 'ORDEM', 'LAG_01', 'LAG_02', 'LAG_03', 'LAG_04', 'LAG_05', 'LAG_06', 'LAG_07', 'LAG_08', 'LAG_09', 'LAG_10', 'LAG_12');0.30631
('TEMP_MÉD_MIN_MENS', 'TEMP_MÉD_MÉD_MENS', 'TEMP_MÉD_ACC_MENS', 'TEMP_MAX_MÉD_MENS', 'TEMP_MIN_MIN_MENS', 'TEMP_MIN_ACC_MENS', 'TEMP_MAX_MIN_MENS', 'PRECIPITAÇÃO_MIN_MENS', 'TEMP_MAX_ACC_MENS', 'PRECIPITAÇÃO_MAX_MENS', 'PRECIPITAÇÃO_ACC_MENS', 'DIA_DA_SEMANA_dom', 'DIA_DA_SEMANA_qua', 'DIA_DA_SEMANA_qui', 'DIA_DA_SEMANA_seg', 'MÊS_abr', 'MÊS_ago', 'MÊS_jul', 'MÊS_jun', 'MÊS_mai', 'MÊS_nov', 'MÊS_out', 'MÊS_set', 'ANO_2021', 'ANO_2023', 'ANO_2024', 'ANO_2015', 'ANO_2016', 'ANO_2018', 'ANO_2019', 'CAMPUS_ASSIS CHATEAUBRIAND', 'CAMPUS_BARRACÃO', 'CAMPUS_CAPANEMA', 'CAMPUS_CASCAVEL', 'CAMPUS_CORONEL VIVIDA', 'CAMPUS_CURITIBA', 'CAMPUS_FOZ DO IGUAÇU', 'CAMPUS_IVAIPORÃ', 'CAMPUS_JAGUARIAÍVA', 'CAMPUS_LONDRINA - CENTRO', 'CAMPUS_PARANAVAÍ', 'CAMPUS_PINHAIS', 'CAMPUS_PITANGA', 'CAMPUS_QUEDAS DO IGUAÇU', 'CAMPUS_TELÊMACO BORBA', 'CURSOS_TEC_CONCOMITANTE', 'CURSOS_TEC_SUBSEQUENTE', 'CURSOS_GRAD_MATUTINO', 'CURSOS_GRAD_NOTURNO', 'FÉRIAS', 'GREVE', 'LAG_01', 'LAG_03', 'LAG_04', 'LAG_10', 'LAG_11', 'LAG_12');0.30635
('TEMP_MIN_MÉD_MENS', 'TEMP_MÉD_MIN_MENS', 'TEMP_MÉD_MÉD_MENS', 'PRECIPITAÇÃO_MÉD_MENS', 'TEMP_MIN_MIN_MENS', 'TEMP_MIN_MAX_MENS', 'TEMP_MIN_ACC_MENS', 'PRECIPITAÇÃO_MIN_MENS', 'TEMP_MAX_MAX_MENS', 'TEMP_MAX_ACC_MENS', 'PRECIPITAÇÃO_ACC_MENS', 'DIA_DA_SEMANA_dom', 'DIA_DA_SEMANA_qua', 'DIA_DA_SEMANA_qui', 'DIA_DA_SEMANA_seg', 'DIA_DA_SEMANA_sáb', 'MÊS_abr', 'MÊS_dez', 'MÊS_fev', 'MÊS_jul', 'MÊS_mar', 'MÊS_nov', 'MÊS_out', 'MÊS_set', 'ANO_2021', 'ANO_2022', 'ANO_2023', 'ANO_2015', 'ANO_2016', 'ANO_2020', 'CAMPUS_ASTORGA', 'CAMPUS_CAPANEMA', 'CAMPUS_CORONEL VIVIDA', 'CAMPUS_GOIOERÊ', 'CAMPUS_IRATI', 'CAMPUS_JACAREZINHO', 'CAMPUS_JAGUARIAÍVA', 'CAMPUS_PALMAS', 'CAMPUS_PARANAGUÁ', 'CAMPUS_PARANAVAÍ', 'CAMPUS_PINHAIS', 'CURSOS_TEC_INTEGRADO', 'CURSOS_GRAD_NOTURNO', 'FÉRIAS', 'LAG_01', 'LAG_04', 'LAG_05', 'LAG_06', 'LAG_07', 'LAG_10', 'LAG_11', 'LAG_12');0.30635
('TEMP_MIN_MÉD_MENS', 'TEMP_MÉD_MIN_MENS', 'TEMP_MÉD_ACC_MENS', 'TEMP_MAX_MÉD_MENS', 'TEMP_MIN_MIN_MENS', 'TEMP_MIN_MAX_MENS', 'TEMP_MIN_ACC_MENS', 'TEMP_MAX_MIN_MENS', 'PRECIPITAÇÃO_MIN_MENS', 'TEMP_MAX_MAX_MENS', 'TEMP_MAX_ACC_MENS', 'PRECIPITAÇÃO_MAX_MENS', 'DIA_DA_SEMANA_dom', 'DIA_DA_SEMANA_qua', 'DIA_DA_SEMANA_qui', 'DIA_DA_SEMANA_seg', 'DIA_DA_SEMANA_sex', 'DIA_DA_SEMANA_sáb', 'DIA_DA_SEMANA_ter', 'MÊS_fev', 'MÊS_jun', 'MÊS_mai', 'MÊS_out', 'ANO_2022', 'ANO_2024', 'ANO_2016', 'ANO_2019', 'ANO_2020', 'CAMPUS_ASTORGA', 'CAMPUS_BARRACÃO', 'CAMPUS_CAMPO LARGO', 'CAMPUS_CAPANEMA', 'CAMPUS_CURITIBA', 'CAMPUS_FOZ DO IGUAÇU', 'CAMPUS_GOIOERÊ', 'CAMPUS_IRATI', 'CAMPUS_JACAREZINHO', 'CAMPUS_JAGUARIAÍVA', 'CAMPUS_LONDRINA - CENTRO', 'CAMPUS_PARANAVAÍ', 'CAMPUS_PINHAIS', 'CAMPUS_PITANGA', 'CAMPUS_QUEDAS DO IGUAÇU', 'CAMPUS_TELÊMACO BORBA', 'CAMPUS_UMUARAMA', 'CAMPUS_UNIÃO DA VITÓRIA', 'CURSOS_TEC_CONCOMITANTE', 'CURSOS_TEC_SUBSEQUENTE', 'CURSOS_GRAD_MATUTINO', 'CURSOS_GRAD_VESPERTINO', 'CURSOS_POS', 'FÉRIAS', 'FERIADO', 'ORDEM', 'LAG_02', 'LAG_03', 'LAG_05', 'LAG_07', 'LAG_08', 'LAG_09', 'LAG_11', 'LAG_12');0.30648
('TEMP_MÉD_MIN_MENS', 'TEMP_MÉD_MÉD_MENS', 'TEMP_MÉD_ACC_MENS', 'PRECIPITAÇÃO_MÉD_MENS', 'TEMP_MIN_MIN_MENS', 'TEMP_MIN_MAX_MENS', 'TEMP_MIN_ACC_MENS', 'PRECIPITAÇÃO_MIN_MENS', 'TEMP_MAX_MAX_MENS', 'TEMP_MAX_ACC_MENS', 'PRECIPITAÇÃO_ACC_MENS', 'DIA_DA_SEMANA_qui', 'DIA_DA_SEMANA_sáb', 'DIA_DA_SEMANA_ter', 'MÊS_ago', 'MÊS_fev', 'MÊS_jul', 'MÊS_jun', 'MÊS_mai', 'MÊS_mar', 'MÊS_nov', 'MÊS_set', 'ANO_2021', 'ANO_2024', 'ANO_2015', 'ANO_2016', 'ANO_2018', 'ANO_2019', 'CAMPUS_ASSIS CHATEAUBRIAND', 'CAMPUS_ASTORGA', 'CAMPUS_CAMPO LARGO', 'CAMPUS_CASCAVEL', 'CAMPUS_CORONEL VIVIDA', 'CAMPUS_IRATI', 'CAMPUS_PALMAS', 'CAMPUS_PARANAGUÁ', 'CAMPUS_PARANAVAÍ', 'CAMPUS_PINHAIS', 'CAMPUS_PITANGA', 'CAMPUS_QUEDAS DO IGUAÇU', 'CAMPUS_TELÊMACO BORBA', 'CAMPUS_UMUARAMA', 'CURSOS_TEC_CONCOMITANTE', 'CURSOS_TEC_INTEGRADO', 'CURSOS_GRAD_NOTURNO', 'FERIADO', 'COVID', 'ORDEM', 'LAG_02', 'LAG_03', 'LAG_04', 'LAG_05', 'LAG_07', 'LAG_08', 'LAG_09', 'LAG_11');0.30664
('TEMP_MÉD_MIN_MENS', 'TEMP_MÉD_MAX_MENS', 'TEMP_MAX_MÉD_MENS', 'TEMP_MIN_ACC_MENS', 'TEMP_MAX_MIN_MENS', 'PRECIPITAÇÃO_MIN_MENS', 'TEMP_MAX_MAX_MENS', 'PRECIPITAÇÃO_MAX_MENS', 'PRECIPITAÇÃO_ACC_MENS', 'DIA_DA_SEMANA_qua', 'DIA_DA_SEMANA_qui', 'DIA_DA_SEMANA_sex', 'DIA_DA_SEMANA_sáb', 'DIA_DA_SEMANA_ter', 'MÊS_abr', 'MÊS_ago', 'MÊS_dez', 'MÊS_fev', 'MÊS_mar', 'MÊS_nov', 'MÊS_out', 'ANO_2015', 'ANO_2017', 'ANO_2019', 'CAMPUS_ASTORGA', 'CAMPUS_CAMPO LARGO', 'CAMPUS_CASCAVEL', 'CAMPUS_CORONEL VIVIDA', 'CAMPUS_CURITIBA', 'CAMPUS_FOZ DO IGUAÇU', 'CAMPUS_GOIOERÊ', 'CAMPUS_IRATI', 'CAMPUS_JACAREZINHO', 'CAMPUS_PARANAVAÍ', 'CAMPUS_PINHAIS', 'CAMPUS_PITANGA', 'CAMPUS_UNIÃO DA VITÓRIA', 'CURSOS_TEC_CONCOMITANTE', 'CURSOS_TEC_INTEGRADO', 'CURSOS_TEC_SUBSEQUENTE', 'CURSOS_GRAD_MATUTINO', 'CURSOS_GRAD_VESPERTINO', 'COVID', 'GREVE', 'ORDEM', 'LAG_01', 'LAG_05', 'LAG_06', 'LAG_07', 'LAG_08', 'LAG_09', 'LAG_10', 'LAG_11');0.30666
('TEMP_MÉD_MIN_MENS', 'TEMP_MÉD_MAX_MENS', 'TEMP_MÉD_ACC_MENS', 'PRECIPITAÇÃO_MÉD_MENS', 'TEMP_MIN_MIN_MENS', 'TEMP_MIN_MAX_MENS', 'TEMP_MAX_MIN_MENS', 'PRECIPITAÇÃO_MIN_MENS', 'TEMP_MAX_MAX_MENS', 'PRECIPITAÇÃO_MAX_MENS', 'DIA_DA_SEMANA_dom', 'DIA_DA_SEMANA_qua', 'DIA_DA_SEMANA_qui', 'DIA_DA_SEMANA_sex', 'MÊS_abr', 'MÊS_ago', 'MÊS_fev', 'MÊS_jan', 'MÊS_jul', 'MÊS_jun', 'MÊS_mai', 'MÊS_mar', 'MÊS_out', 'MÊS_set', 'ANO_2022', 'ANO_2023', 'ANO_2015', 'CAMPUS_CAMPO LARGO', 'CAMPUS_CAPANEMA', 'CAMPUS_CASCAVEL', 'CAMPUS_FOZ DO IGUAÇU', 'CAMPUS_GOIOERÊ', 'CAMPUS_IRATI', 'CAMPUS_JACAREZINHO', 'CAMPUS_JAGUARIAÍVA', 'CAMPUS_PINHAIS', 'CAMPUS_PITANGA', 'CAMPUS_QUEDAS DO IGUAÇU', 'CAMPUS_UNIÃO DA VITÓRIA', 'CURSOS_GRAD_MATUTINO', 'CURSOS_GRAD_VESPERTINO', 'CURSOS_GRAD_NOTURNO', 'CURSOS_POS', 'FÉRIAS', 'FERIADO', 'GREVE', 'ORDEM', 'LAG_02', 'LAG_05', 'LAG_06', 'LAG_08', 'LAG_09', 'LAG_10', 'LAG_11');0.30669
('TEMP_MIN_MÉD_MENS', 'TEMP_MÉD_MIN_MENS', 'TEMP_MAX_MÉD_MENS', 'PRECIPITAÇÃO_MÉD_MENS', 'TEMP_MIN_MIN_MENS', 'TEMP_MIN_MAX_MENS', 'TEMP_MIN_ACC_MENS', 'PRECIPITAÇÃO_MAX_MENS', 'PRECIPITAÇÃO_ACC_MENS', 'DIA_DA_SEMANA_qua', 'DIA_DA_SEMANA_qui', 'DIA_DA_SEMANA_seg', 'DIA_DA_SEMANA_sex', 'DIA_DA_SEMANA_ter', 'MÊS_dez', 'MÊS_jan', 'MÊS_jul', 'MÊS_jun', 'MÊS_mai', 'MÊS_nov', 'MÊS_set', 'ANO_2021', 'ANO_2022', 'ANO_2024', 'ANO_2017', 'ANO_2018', 'ANO_2019', 'CAMPUS_ASTORGA', 'CAMPUS_CAPANEMA', 'CAMPUS_CASCAVEL', 'CAMPUS_CORONEL VIVIDA', 'CAMPUS_CURITIBA', 'CAMPUS_IRATI', 'CAMPUS_JAGUARIAÍVA', 'CAMPUS_LONDRINA - CENTRO', 'CAMPUS_PARANAGUÁ', 'CAMPUS_PARANAVAÍ', 'CAMPUS_QUEDAS DO IGUAÇU', 'CAMPUS_UMUARAMA', 'CAMPUS_UNIÃO DA VITÓRIA', 'CURSOS_TEC_CONCOMITANTE', 'CURSOS_GRAD_MATUTINO', 'CURSOS_GRAD_NOTURNO', 'FERIADO', 'COVID', 'GREVE', 'ORDEM', 'LAG_01', 'LAG_02', 'LAG_03', 'LAG_04', 'LAG_05', 'LAG_07', 'LAG_08', 'LAG_09', 'LAG_10', 'LAG_11', 'LAG_12');0.30675
('TEMP_MIN_MÉD_MENS', 'TEMP_MÉD_MIN_MENS', 'TEMP_MÉD_MAX_MENS', 'TEMP_MÉD_ACC_MENS', 'TEMP_MAX_MÉD_MENS', 'TEMP_MIN_MIN_MENS', 'TEMP_MIN_MAX_MENS', 'TEMP_MIN_ACC_MENS', 'PRECIPITAÇÃO_MIN_MENS', 'TEMP_MAX_MAX_MENS', 'TEMP_MAX_ACC_MENS', 'PRECIPITAÇÃO_ACC_MENS', 'DIA_DA_SEMANA_dom', 'DIA_DA_SEMANA_qui', 'DIA_DA_SEMANA_seg', 'DIA_DA_SEMANA_sex', 'DIA_DA_SEMANA_ter', 'MÊS_dez', 'MÊS_fev', 'MÊS_jan', 'MÊS_jun', 'MÊS_mai', 'MÊS_nov', 'MÊS_set', 'ANO_2022', 'ANO_2023', 'ANO_2018', 'ANO_2020', 'CAMPUS_ASSIS CHATEAUBRIAND', 'CAMPUS_BARRACÃO', 'CAMPUS_CAMPO LARGO', 'CAMPUS_CAPANEMA', 'CAMPUS_CASCAVEL', 'CAMPUS_CORONEL VIVIDA', 'CAMPUS_CURITIBA', 'CAMPUS_FOZ DO IGUAÇU', 'CAMPUS_GOIOERÊ', 'CAMPUS_IRATI', 'CAMPUS_IVAIPORÃ', 'CAMPUS_JACAREZINHO', 'CAMPUS_JAGUARIAÍVA', 'CAMPUS_PALMAS', 'CAMPUS_PINHAIS', 'CAMPUS_PITANGA', 'CAMPUS_QUEDAS DO IGUAÇU', 'CAMPUS_TELÊMACO BORBA', 'CAMPUS_UNIÃO DA VITÓRIA', 'CURSOS_TEC_CONCOMITANTE', 'CURSOS_TEC_INTEGRADO', 'CURSOS_TEC_SUBSEQUENTE', 'CURSOS_GRAD_VESPERTINO', 'FÉRIAS', 'GREVE', 'LAG_01', 'LAG_02', 'LAG_04', 'LAG_05', 'LAG_08', 'LAG_10', 'LAG_11', 'LAG_12');0.30677
('TEMP_MAX_MÉD_MENS', 'TEMP_MAX_MAX_MENS', 'PRECIPITAÇÃO_MAX_MENS', 'DIA_DA_SEMANA_dom', 'DIA_DA_SEMANA_qua', 'DIA_DA_SEMANA_qui', 'DIA_DA_SEMANA_sex', 'DIA_DA_SEMANA_ter', 'MÊS_abr', 'MÊS_ago', 'MÊS_fev', 'MÊS_jan', 'MÊS_jul', 'MÊS_jun', 'MÊS_mar', 'MÊS_nov', 'ANO_2022', 'ANO_2023', 'ANO_2024', 'ANO_2018', 'ANO_2020', 'CAMPUS_ASSIS CHATEAUBRIAND', 'CAMPUS_ASTORGA', 'CAMPUS_CAMPO LARGO', 'CAMPUS_CAPANEMA', 'CAMPUS_CASCAVEL', 'CAMPUS_CORONEL VIVIDA', 'CAMPUS_CURITIBA', 'CAMPUS_FOZ DO IGUAÇU', 'CAMPUS_GOIOERÊ', 'CAMPUS_IRATI', 'CAMPUS_IVAIPORÃ', 'CAMPUS_JAGUARIAÍVA', 'CAMPUS_PARANAGUÁ', 'CAMPUS_PARANAVAÍ', 'CAMPUS_PINHAIS', 'CAMPUS_PITANGA', 'CAMPUS_QUEDAS DO IGUAÇU', 'CAMPUS_TELÊMACO BORBA', 'CAMPUS_UNIÃO DA VITÓRIA', 'CURSOS_TEC_INTEGRADO', 'CURSOS_GRAD_MATUTINO', 'CURSOS_GRAD_VESPERTINO', 'FÉRIAS', 'FERIADO', 'ORDEM', 'LAG_01', 'LAG_02', 'LAG_03', 'LAG_06', 'LAG_08', 'LAG_09', 'LAG_11');0.30683
('TEMP_MÉD_MÉD_MENS', 'TEMP_MAX_MÉD_MENS', 'PRECIPITAÇÃO_MÉD_MENS', 'TEMP_MIN_ACC_MENS', 'TEMP_MAX_ACC_MENS', 'PRECIPITAÇÃO_ACC_MENS', 'DIA_DA_SEMANA_dom', 'DIA_DA_SEMANA_qua', 'DIA_DA_SEMANA_qui', 'DIA_DA_SEMANA_sex', 'MÊS_abr', 'MÊS_ago', 'MÊS_dez', 'MÊS_jan', 'MÊS_jun', 'MÊS_mar', 'MÊS_nov', 'MÊS_out', 'ANO_2021', 'ANO_2022', 'ANO_2024', 'ANO_2015', 'ANO_2016', 'ANO_2017', 'ANO_2018', 'ANO_2020', 'CAMPUS_ASTORGA', 'CAMPUS_CAMPO LARGO', 'CAMPUS_CORONEL VIVIDA', 'CAMPUS_FOZ DO IGUAÇU', 'CAMPUS_IRATI', 'CAMPUS_IVAIPORÃ', 'CAMPUS_JACAREZINHO', 'CAMPUS_JAGUARIAÍVA', 'CAMPUS_LONDRINA - CENTRO', 'CAMPUS_PARANAVAÍ', 'CAMPUS_PINHAIS', 'CAMPUS_PITANGA', 'CAMPUS_QUEDAS DO IGUAÇU', 'CAMPUS_UMUARAMA', 'CURSOS_TEC_CONCOMITANTE', 'CURSOS_TEC_INTEGRADO', 'CURSOS_TEC_SUBSEQUENTE', 'CURSOS_GRAD_NOTURNO', 'CURSOS_POS', 'COVID', 'LAG_01', 'LAG_03', 'LAG_06', 'LAG_07', 'LAG_08', 'LAG_09', 'LAG_12');0.30688
('TEMP_MÉD_MÉD_MENS', 'TEMP_MÉD_MAX_MENS', 'TEMP_MIN_MIN_MENS', 'TEMP_MIN_MAX_MENS', 'TEMP_MIN_ACC_MENS', 'TEMP_MAX_MIN_MENS', 'PRECIPITAÇÃO_MIN_MENS', 'TEMP_MAX_MAX_MENS', 'PRECIPITAÇÃO_ACC_MENS', 'DIA_DA_SEMANA_qui', 'DIA_DA_SEMANA_sex', 'DIA_DA_SEMANA_sáb', 'DIA_DA_SEMANA_ter', 'MÊS_abr', 'MÊS_dez', 'MÊS_fev', 'MÊS_jan', 'MÊS_jun', 'MÊS_mai', 'MÊS_nov', 'MÊS_out', 'MÊS_set', 'ANO_2021', 'ANO_2022', 'ANO_2023', 'ANO_2024', 'ANO_2016', 'ANO_2017', 'ANO_2019', 'ANO_2020', 'CAMPUS_ASSIS CHATEAUBRIAND', 'CAMPUS_ASTORGA', 'CAMPUS_BARRACÃO', 'CAMPUS_CASCAVEL', 'CAMPUS_GOIOERÊ', 'CAMPUS_IRATI', 'CAMPUS_JACAREZINHO', 'CAMPUS_JAGUARIAÍVA', 'CAMPUS_PALMAS', 'CAMPUS_PARANAGUÁ', 'CAMPUS_PINHAIS', 'CAMPUS_PITANGA', 'CAMPUS_TELÊMACO BORBA', 'CAMPUS_UMUARAMA', 'CAMPUS_UNIÃO DA VITÓRIA', 'CURSOS_TEC_CONCOMITANTE', 'CURSOS_TEC_SUBSEQUENTE', 'CURSOS_GRAD_VESPERTINO', 'CURSOS_GRAD_NOTURNO', 'FÉRIAS', 'FERIADO', 'GREVE', 'ORDEM', 'LAG_01', 'LAG_02', 'LAG_04', 'LAG_05', 'LAG_08', 'LAG_09', 'LAG_10', 'LAG_11');0.307
('TEMP_MÉD_MIN_MENS', 'TEMP_MÉD_MÉD_MENS', 'TEMP_MÉD_MAX_MENS', 'TEMP_MÉD_ACC_MENS', 'TEMP_MAX_MÉD_MENS', 'PRECIPITAÇÃO_MÉD_MENS', 'TEMP_MIN_MIN_MENS', 'TEMP_MIN_MAX_MENS', 'TEMP_MIN_ACC_MENS', 'PRECIPITAÇÃO_MIN_MENS', 'TEMP_MAX_MAX_MENS', 'TEMP_MAX_ACC_MENS', 'PRECIPITAÇÃO_MAX_MENS', 'PRECIPITAÇÃO_ACC_MENS', 'DIA_DA_SEMANA_dom', 'DIA_DA_SEMANA_seg', 'DIA_DA_SEMANA_sex', 'DIA_DA_SEMANA_ter', 'MÊS_abr', 'MÊS_ago', 'MÊS_dez', 'MÊS_fev', 'MÊS_jul', 'MÊS_jun', 'MÊS_mai', 'MÊS_mar', 'MÊS_out', 'MÊS_set', 'ANO_2021', 'ANO_2022', 'ANO_2023', 'ANO_2024', 'ANO_2017', 'ANO_2018', 'ANO_2019', 'CAMPUS_ASSIS CHATEAUBRIAND', 'CAMPUS_BARRACÃO', 'CAMPUS_CAMPO LARGO', 'CAMPUS_CAPANEMA', 'CAMPUS_CASCAVEL', 'CAMPUS_CORONEL VIVIDA', 'CAMPUS_CURITIBA', 'CAMPUS_FOZ DO IGUAÇU', 'CAMPUS_IVAIPORÃ', 'CAMPUS_LONDRINA - CENTRO', 'CAMPUS_PALMAS', 'CAMPUS_PARANAGUÁ', 'CAMPUS_PITANGA', 'CAMPUS_UNIÃO DA VITÓRIA', 'CURSOS_TEC_SUBSEQUENTE', 'CURSOS_GRAD_VESPERTINO', 'FÉRIAS', 'FERIADO', 'GREVE', 'ORDEM', 'LAG_01', 'LAG_02', 'LAG_03', 'LAG_05', 'LAG_11');0.30709
('TEMP_MÉD_MÉD_MENS', 'TEMP_MÉD_MAX_MENS', 'PRECIPITAÇÃO_MÉD_MENS', 'TEMP_MIN_MAX_MENS', 'TEMP_MIN_ACC_MENS', 'PRECIPITAÇÃO_MIN_MENS', 'TEMP_MAX_MAX_MENS', 'TEMP_MAX_ACC_MENS', 'DIA_DA_SEMANA_dom', 'DIA_DA_SEMANA_qua', 'DIA_DA_SEMANA_qui', 'DIA_DA_SEMANA_ter', 'MÊS_abr', 'MÊS_ago', 'MÊS_dez', 'MÊS_jul', 'MÊS_jun', 'MÊS_mar', 'MÊS_out', 'MÊS_set', 'ANO_2022', 'ANO_2023', 'ANO_2024', 'CAMPUS_ASSIS CHATEAUBRIAND', 'CAMPUS_ASTORGA', 'CAMPUS_BARRACÃO', 'CAMPUS_CAMPO LARGO', 'CAMPUS_CAPANEMA', 'CAMPUS_CORONEL VIVIDA', 'CAMPUS_GOIOERÊ', 'CAMPUS_IVAIPORÃ', 'CAMPUS_JACAREZINHO', 'CAMPUS_PALMAS', 'CAMPUS_PARANAVAÍ', 'CAMPUS_QUEDAS DO IGUAÇU', 'CAMPUS_TELÊMACO BORBA', 'CAMPUS_UMUARAMA', 'CURSOS_TEC_CONCOMITANTE', 'CURSOS_TEC_INTEGRADO', 'CURSOS_TEC_SUBSEQUENTE', 'CURSOS_GRAD_MATUTINO', 'CURSOS_GRAD_VESPERTINO', 'CURSOS_GRAD_NOTURNO', 'CURSOS_POS', 'FÉRIAS', 'GREVE', 'ORDEM', 'LAG_01', 'LAG_02', 'LAG_04', 'LAG_05', 'LAG_06', 'LAG_08', 'LAG_12');0.30709
('TEMP_MÉD_MAX_MENS', 'TEMP_MAX_MÉD_MENS', 'TEMP_MIN_MAX_MENS', 'TEMP_MAX_ACC_MENS', 'PRECIPITAÇÃO_ACC_MENS', 'DIA_DA_SEMANA_dom', 'DIA_DA_SEMANA_qua', 'DIA_DA_SEMANA_sex', 'DIA_DA_SEMANA_ter', 'MÊS_abr', 'MÊS_dez', 'MÊS_jan', 'MÊS_jun', 'MÊS_mai', 'MÊS_nov', 'ANO_2022', 'ANO_2023', 'ANO_2024', 'ANO_2015', 'ANO_2018', 'CAMPUS_ASSIS CHATEAUBRIAND', 'CAMPUS_ASTORGA', 'CAMPUS_BARRACÃO', 'CAMPUS_CAMPO LARGO', 'CAMPUS_CASCAVEL', 'CAMPUS_CORONEL VIVIDA', 'CAMPUS_JAGUARIAÍVA', 'CAMPUS_LONDRINA - CENTRO', 'CAMPUS_PARANAGUÁ', 'CAMPUS_PARANAVAÍ', 'CAMPUS_PINHAIS', 'CAMPUS_PITANGA', 'CAMPUS_QUEDAS DO IGUAÇU', 'CAMPUS_UMUARAMA', 'CAMPUS_UNIÃO DA VITÓRIA', 'CURSOS_TEC_CONCOMITANTE', 'CURSOS_TEC_INTEGRADO', 'CURSOS_GRAD_VESPERTINO', 'CURSOS_GRAD_NOTURNO', 'CURSOS_POS', 'COVID', 'GREVE', 'LAG_02', 'LAG_03', 'LAG_04', 'LAG_05', 'LAG_08', 'LAG_10', 'LAG_12');0.30718
('TEMP_MÉD_MAX_MENS', 'TEMP_MÉD_ACC_MENS', 'TEMP_MAX_MAX_MENS', 'DIA_DA_SEMANA_dom', 'DIA_DA_SEMANA_qui', 'DIA_DA_SEMANA_sex', 'DIA_DA_SEMANA_sáb', 'DIA_DA_SEMANA_ter', 'MÊS_abr', 'MÊS_ago', 'MÊS_dez', 'MÊS_fev', 'MÊS_jun', 'MÊS_mai', 'MÊS_mar', 'MÊS_nov', 'MÊS_out', 'MÊS_set', 'ANO_2023', 'ANO_2019', 'CAMPUS_ASTORGA', 'CAMPUS_BARRACÃO', 'CAMPUS_CASCAVEL', 'CAMPUS_GOIOERÊ', 'CAMPUS_IVAIPORÃ', 'CAMPUS_JACAREZINHO', 'CAMPUS_JAGUARIAÍVA', 'CAMPUS_LONDRINA - CENTRO', 'CAMPUS_PARANAVAÍ', 'CAMPUS_PITANGA', 'CAMPUS_QUEDAS DO IGUAÇU', 'CAMPUS_UNIÃO DA VITÓRIA', 'CURSOS_TEC_INTEGRADO', 'CURSOS_TEC_SUBSEQUENTE', 'CURSOS_GRAD_VESPERTINO', 'CURSOS_GRAD_NOTURNO', 'CURSOS_POS', 'FÉRIAS', 'FERIADO', 'ORDEM', 'LAG_01', 'LAG_02', 'LAG_03', 'LAG_05', 'LAG_06', 'LAG_10', 'LAG_11', 'LAG_12');0.30721
('TEMP_MIN_MÉD_MENS', 'TEMP_MÉD_MÉD_MENS', 'PRECIPITAÇÃO_MÉD_MENS', 'TEMP_MIN_MIN_MENS', 'TEMP_MIN_ACC_MENS', 'TEMP_MAX_MIN_MENS', 'PRECIPITAÇÃO_MIN_MENS', 'TEMP_MAX_MAX_MENS', 'DIA_DA_SEMANA_qua', 'DIA_DA_SEMANA_seg', 'DIA_DA_SEMANA_sáb', 'DIA_DA_SEMANA_ter', 'MÊS_abr', 'MÊS_ago', 'MÊS_fev', 'MÊS_jun', 'MÊS_mai', 'MÊS_mar', 'MÊS_nov', 'ANO_2021', 'ANO_2023', 'ANO_2024', 'ANO_2016', 'ANO_2018', 'ANO_2020', 'CAMPUS_ASSIS CHATEAUBRIAND', 'CAMPUS_BARRACÃO', 'CAMPUS_CAMPO LARGO', 'CAMPUS_CAPANEMA', 'CAMPUS_CASCAVEL', 'CAMPUS_CORONEL VIVIDA', 'CAMPUS_CURITIBA', 'CAMPUS_FOZ DO IGUAÇU', 'CAMPUS_GOIOERÊ', 'CAMPUS_IVAIPORÃ', 'CAMPUS_LONDRINA - CENTRO', 'CAMPUS_PALMAS', 'CAMPUS_PARANAVAÍ', 'CAMPUS_PINHAIS', 'CAMPUS_PITANGA', 'CAMPUS_QUEDAS DO IGUAÇU', 'CURSOS_TEC_INTEGRADO', 'CURSOS_GRAD_MATUTINO', 'CURSOS_GRAD_VESPERTINO', 'CURSOS_GRAD_NOTURNO', 'CURSOS_POS', 'FERIADO', 'GREVE', 'ORDEM', 'LAG_01', 'LAG_02', 'LAG_03', 'LAG_04', 'LAG_05', 'LAG_06', 'LAG_08', 'LAG_11');0.30742
('TEMP_MIN_MÉD_MENS', 'TEMP_MÉD_MIN_MENS', 'TEMP_MÉD_MÉD_MENS', 'TEMP_MÉD_MAX_MENS', 'TEMP_MÉD_ACC_MENS', 'TEMP_MAX_MÉD_MENS', 'PRECIPITAÇÃO_MÉD_MENS', 'TEMP_MIN_MIN_MENS', 'TEMP_MAX_MAX_MENS', 'TEMP_MAX_ACC_MENS', 'DIA_DA_SEMANA_seg', 'DIA_DA_SEMANA_sex', 'DIA_DA_SEMANA_ter', 'MÊS_abr', 'MÊS_ago', 'MÊS_dez', 'MÊS_fev', 'MÊS_jul', 'MÊS_jun', 'MÊS_mai', 'MÊS_nov', 'MÊS_out', 'MÊS_set', 'ANO_2021', 'ANO_2022', 'ANO_2023', 'ANO_2015', 'ANO_2017', 'ANO_2018', 'ANO_2020', 'CAMPUS_ASTORGA', 'CAMPUS_CAMPO LARGO', 'CAMPUS_CAPANEMA', 'CAMPUS_CASCAVEL', 'CAMPUS_FOZ DO IGUAÇU', 'CAMPUS_GOIOERÊ', 'CAMPUS_IRATI', 'CAMPUS_JACAREZINHO', 'CAMPUS_LONDRINA - CENTRO', 'CAMPUS_PARANAVAÍ', 'CAMPUS_PINHAIS', 'CAMPUS_TELÊMACO BORBA', 'CAMPUS_UNIÃO DA VITÓRIA', 'CURSOS_TEC_CONCOMITANTE', 'CURSOS_TEC_INTEGRADO', 'CURSOS_TEC_SUBSEQUENTE', 'CURSOS_GRAD_MATUTINO', 'CURSOS_GRAD_VESPERTINO', 'CURSOS_GRAD_NOTURNO', 'COVID', 'GREVE', 'LAG_02', 'LAG_03', 'LAG_04', 'LAG_05', 'LAG_06', 'LAG_07', 'LAG_08', 'LAG_10', 'LAG_12');0.30746
('TEMP_MIN_MÉD_MENS', 'TEMP_MÉD_MIN_MENS', 'TEMP_MÉD_MÉD_MENS', 'TEMP_MAX_MÉD_MENS', 'TEMP_MIN_MIN_MENS', 'TEMP_MIN_MAX_MENS', 'TEMP_MAX_ACC_MENS', 'PRECIPITAÇÃO_MAX_MENS', 'PRECIPITAÇÃO_ACC_MENS', 'DIA_DA_SEMANA_dom', 'DIA_DA_SEMANA_qui', 'DIA_DA_SEMANA_seg', 'DIA_DA_SEMANA_sex', 'MÊS_abr', 'MÊS_dez', 'MÊS_fev', 'MÊS_jan', 'MÊS_jun', 'MÊS_mai', 'MÊS_mar', 'ANO_2022', 'ANO_2024', 'ANO_2015', 'ANO_2017', 'ANO_2018', 'ANO_2019', 'ANO_2020', 'CAMPUS_ASSIS CHATEAUBRIAND', 'CAMPUS_BARRACÃO', 'CAMPUS_CASCAVEL', 'CAMPUS_CURITIBA', 'CAMPUS_GOIOERÊ', 'CAMPUS_IVAIPORÃ', 'CAMPUS_JACAREZINHO', 'CAMPUS_LONDRINA - CENTRO', 'CAMPUS_PALMAS', 'CAMPUS_PARANAGUÁ', 'CAMPUS_PINHAIS', 'CAMPUS_PITANGA', 'CAMPUS_TELÊMACO BORBA', 'CURSOS_TEC_SUBSEQUENTE', 'CURSOS_GRAD_VESPERTINO', 'CURSOS_POS', 'GREVE', 'LAG_02', 'LAG_04', 'LAG_05', 'LAG_06', 'LAG_08', 'LAG_09', 'LAG_12');0.30765
('TEMP_MIN_MÉD_MENS', 'TEMP_MÉD_MÉD_MENS', 'TEMP_MÉD_MAX_MENS', 'TEMP_MÉD_ACC_MENS', 'TEMP_MAX_MÉD_MENS', 'TEMP_MIN_MIN_MENS', 'TEMP_MIN_ACC_MENS', 'TEMP_MAX_MIN_MENS', 'PRECIPITAÇÃO_MIN_MENS', 'PRECIPITAÇÃO_MAX_MENS', 'DIA_DA_SEMANA_dom', 'DIA_DA_SEMANA_qui', 'DIA_DA_SEMANA_seg', 'DIA_DA_SEMANA_sáb', 'DIA_DA_SEMANA_ter', 'MÊS_jul', 'MÊS_mai', 'MÊS_mar', 'MÊS_nov', 'ANO_2023', 'ANO_2024', 'ANO_2015', 'ANO_2016', 'ANO_2017', 'ANO_2018', 'ANO_2019', 'ANO_2020', 'CAMPUS_ASSIS CHATEAUBRIAND', 'CAMPUS_BARRACÃO', 'CAMPUS_CASCAVEL', 'CAMPUS_GOIOERÊ', 'CAMPUS_IRATI', 'CAMPUS_JAGUARIAÍVA', 'CAMPUS_PALMAS', 'CAMPUS_PINHAIS', 'CAMPUS_PITANGA', 'CAMPUS_QUEDAS DO IGUAÇU', 'CAMPUS_TELÊMACO BORBA', 'CAMPUS_UMUARAMA', 'CAMPUS_UNIÃO DA VITÓRIA', 'CURSOS_TEC_CONCOMITANTE', 'CURSOS_GRAD_VESPERTINO', 'FERIADO', 'COVID', 'GREVE', 'ORDEM', 'LAG_01', 'LAG_02', 'LAG_03', 'LAG_04', 'LAG_08', 'LAG_11', 'LAG_12');0.30774
('TEMP_MIN_MÉD_MENS', 'TEMP_MÉD_MÉD_MENS', 'TEMP_MÉD_MAX_MENS', 'TEMP_MAX_MÉD_MENS', 'PRECIPITAÇÃO_MÉD_MENS', 'TEMP_MIN_MIN_MENS', 'TEMP_MIN_MAX_MENS', 'TEMP_MAX_MIN_MENS', 'PRECIPITAÇÃO_MIN_MENS', 'TEMP_MAX_MAX_MENS', 'PRECIPITAÇÃO_MAX_MENS', 'PRECIPITAÇÃO_ACC_MENS', 'DIA_DA_SEMANA_qui', 'DIA_DA_SEMANA_seg', 'MÊS_abr', 'MÊS_ago', 'MÊS_dez', 'MÊS_jan', 'MÊS_jul', 'MÊS_jun', 'MÊS_mai', 'MÊS_mar', 'MÊS_nov', 'ANO_2022', 'ANO_2023', 'ANO_2017', 'ANO_2018', 'ANO_2019', 'CAMPUS_ASSIS CHATEAUBRIAND', 'CAMPUS_BARRACÃO', 'CAMPUS_CAMPO LARGO', 'CAMPUS_CAPANEMA', 'CAMPUS_CASCAVEL', 'CAMPUS_CORONEL VIVIDA', 'CAMPUS_FOZ DO IGUAÇU', 'CAMPUS_GOIOERÊ', 'CAMPUS_IVAIPORÃ', 'CAMPUS_JACAREZINHO', 'CAMPUS_PALMAS', 'CAMPUS_PARANAGUÁ', 'CAMPUS_QUEDAS DO IGUAÇU', 'CAMPUS_TELÊMACO BORBA', 'CAMPUS_UMUARAMA', 'CURSOS_TEC_CONCOMITANTE', 'CURSOS_TEC_INTEGRADO', 'CURSOS_GRAD_VESPERTINO', 'FERIADO', 'COVID', 'GREVE', 'LAG_03', 'LAG_06', 'LAG_07', 'LAG_08', 'LAG_10', 'LAG_12');0.30775
('TEMP_MÉD_MÉD_MENS', 'TEMP_MAX_MÉD_MENS', 'PRECIPITAÇÃO_MÉD_MENS', 'TEMP_MIN_MAX_MENS', 'TEMP_MIN_ACC_MENS', 'TEMP_MAX_ACC_MENS', 'DIA_DA_SEMANA_qua', 'DIA_DA_SEMANA_sex', 'DIA_DA_SEMANA_sáb', 'DIA_DA_SEMANA_ter', 'MÊS_ago', 'MÊS_dez', 'MÊS_fev', 'MÊS_jan', 'MÊS_jul', 'MÊS_mai', 'MÊS_mar', 'MÊS_out', 'ANO_2022', 'ANO_2023', 'ANO_2024', 'ANO_2018', 'ANO_2019', 'ANO_2020', 'CAMPUS_ASSIS CHATEAUBRIAND', 'CAMPUS_ASTORGA', 'CAMPUS_BARRACÃO', 'CAMPUS_CAMPO LARGO', 'CAMPUS_CORONEL VIVIDA', 'CAMPUS_CURITIBA', 'CAMPUS_FOZ DO IGUAÇU', 'CAMPUS_GOIOERÊ', 'CAMPUS_IRATI', 'CAMPUS_JACAREZINHO', 'CAMPUS_JAGUARIAÍVA', 'CAMPUS_LONDRINA - CENTRO', 'CAMPUS_PARANAGUÁ', 'CAMPUS_PARANAVAÍ', 'CAMPUS_PITANGA', 'CAMPUS_QUEDAS DO IGUAÇU', 'CAMPUS_UMUARAMA', 'CAMPUS_UNIÃO DA VITÓRIA', 'CURSOS_TEC_CONCOMITANTE', 'CURSOS_TEC_SUBSEQUENTE', 'CURSOS_GRAD_MATUTINO', 'CURSOS_GRAD_NOTURNO', 'CURSOS_POS', 'FERIADO', 'ORDEM', 'LAG_01', 'LAG_02', 'LAG_03', 'LAG_04', 'LAG_05', 'LAG_07', 'LAG_09', 'LAG_10');0.30791
('TEMP_MÉD_MIN_MENS', 'TEMP_MÉD_MAX_MENS', 'TEMP_MÉD_ACC_MENS', 'TEMP_MIN_MIN_MENS', 'TEMP_MIN_MAX_MENS', 'PRECIPITAÇÃO_MIN_MENS', 'PRECIPITAÇÃO_MAX_MENS', 'DIA_DA_SEMANA_dom', 'DIA_DA_SEMANA_sáb', 'DIA_DA_SEMANA_ter', 'MÊS_jan', 'MÊS_jul', 'MÊS_jun', 'MÊS_mar', 'MÊS_nov', 'MÊS_set', 'ANO_2021', 'ANO_2023', 'ANO_2017', 'ANO_2019', 'CAMPUS_ASTORGA', 'CAMPUS_CAPANEMA', 'CAMPUS_CASCAVEL', 'CAMPUS_CORONEL VIVIDA', 'CAMPUS_CURITIBA', 'CAMPUS_FOZ DO IGUAÇU', 'CAMPUS_GOIOERÊ', 'CAMPUS_IRATI', 'CAMPUS_IVAIPORÃ', 'CAMPUS_JACAREZINHO', 'CAMPUS_JAGUARIAÍVA', 'CAMPUS_LONDRINA - CENTRO', 'CAMPUS_PARANAGUÁ', 'CAMPUS_PARANAVAÍ', 'CAMPUS_QUEDAS DO IGUAÇU', 'CAMPUS_TELÊMACO BORBA', 'CAMPUS_UMUARAMA', 'CURSOS_TEC_CONCOMITANTE', 'CURSOS_GRAD_MATUTINO', 'CURSOS_GRAD_NOTURNO', 'CURSOS_POS', 'FÉRIAS', 'FERIADO', 'LAG_01', 'LAG_02', 'LAG_03', 'LAG_05', 'LAG_06', 'LAG_09', 'LAG_10', 'LAG_11', 'LAG_12');0.30793
('TEMP_MIN_MÉD_MENS', 'TEMP_MÉD_MÉD_MENS', 'TEMP_MÉD_MAX_MENS', 'TEMP_MAX_MÉD_MENS', 'TEMP_MIN_MIN_MENS', 'TEMP_MIN_MAX_MENS', 'TEMP_MAX_MIN_MENS', 'PRECIPITAÇÃO_MIN_MENS', 'TEMP_MAX_ACC_MENS', 'PRECIPITAÇÃO_ACC_MENS', 'DIA_DA_SEMANA_dom', 'DIA_DA_SEMANA_qua', 'DIA_DA_SEMANA_seg', 'DIA_DA_SEMANA_ter', 'MÊS_ago', 'MÊS_dez', 'MÊS_fev', 'MÊS_jun', 'MÊS_mai', 'MÊS_nov', 'ANO_2021', 'ANO_2015', 'ANO_2016', 'ANO_2018', 'ANO_2019', 'CAMPUS_ASTORGA', 'CAMPUS_BARRACÃO', 'CAMPUS_CAMPO LARGO', 'CAMPUS_CAPANEMA', 'CAMPUS_CORONEL VIVIDA', 'CAMPUS_CURITIBA', 'CAMPUS_GOIOERÊ', 'CAMPUS_IVAIPORÃ', 'CAMPUS_JACAREZINHO', 'CAMPUS_PALMAS', 'CAMPUS_PARANAGUÁ', 'CAMPUS_PARANAVAÍ', 'CAMPUS_PINHAIS', 'CAMPUS_PITANGA', 'CAMPUS_QUEDAS DO IGUAÇU', 'CAMPUS_UMUARAMA', 'CAMPUS_UNIÃO DA VITÓRIA', 'CURSOS_TEC_CONCOMITANTE', 'CURSOS_TEC_INTEGRADO', 'CURSOS_TEC_SUBSEQUENTE', 'CURSOS_GRAD_MATUTINO', 'CURSOS_GRAD_NOTURNO', 'CURSOS_POS', 'COVID', 'LAG_01', 'LAG_02', 'LAG_03', 'LAG_04', 'LAG_08', 'LAG_09', 'LAG_11', 'LAG_12');0.30797
('TEMP_MIN_MÉD_MENS', 'TEMP_MÉD_MIN_MENS', 'TEMP_MÉD_MÉD_MENS', 'TEMP_MÉD_ACC_MENS', 'TEMP_MIN_MAX_MENS', 'TEMP_MIN_ACC_MENS', 'TEMP_MAX_MIN_MENS', 'PRECIPITAÇÃO_MIN_MENS', 'TEMP_MAX_MAX_MENS', 'TEMP_MAX_ACC_MENS', 'PRECIPITAÇÃO_MAX_MENS', 'PRECIPITAÇÃO_ACC_MENS', 'DIA_DA_SEMANA_dom', 'DIA_DA_SEMANA_qui', 'DIA_DA_SEMANA_seg', 'DIA_DA_SEMANA_sex', 'DIA_DA_SEMANA_sáb', 'DIA_DA_SEMANA_ter', 'MÊS_ago', 'MÊS_jan', 'MÊS_jul', 'ANO_2021', 'ANO_2022', 'ANO_2023', 'ANO_2015', 'ANO_2018', 'ANO_2020', 'CAMPUS_ASSIS CHATEAUBRIAND', 'CAMPUS_ASTORGA', 'CAMPUS_BARRACÃO', 'CAMPUS_CAMPO LARGO', 'CAMPUS_CAPANEMA', 'CAMPUS_CORONEL VIVIDA', 'CAMPUS_CURITIBA', 'CAMPUS_GOIOERÊ', 'CAMPUS_IRATI', 'CAMPUS_JACAREZINHO', 'CAMPUS_JAGUARIAÍVA', 'CAMPUS_PALMAS', 'CAMPUS_PITANGA', 'CAMPUS_QUEDAS DO IGUAÇU', 'CAMPUS_TELÊMACO BORBA', 'CAMPUS_UMUARAMA', 'CURSOS_TEC_CONCOMITANTE', 'CURSOS_GRAD_VESPERTINO', 'CURSOS_GRAD_NOTURNO', 'CURSOS_POS', 'FÉRIAS', 'COVID', 'GREVE', 'ORDEM', 'LAG_02', 'LAG_04');0.30801
('TEMP_MIN_MÉD_MENS', 'TEMP_MÉD_MIN_MENS', 'TEMP_MÉD_ACC_MENS', 'PRECIPITAÇÃO_MÉD_MENS', 'TEMP_MIN_MIN_MENS', 'TEMP_MIN_MAX_MENS', 'TEMP_MIN_ACC_MENS', 'TEMP_MAX_ACC_MENS', 'PRECIPITAÇÃO_MAX_MENS', 'PRECIPITAÇÃO_ACC_MENS', 'DIA_DA_SEMANA_qua', 'DIA_DA_SEMANA_sáb', 'DIA_DA_SEMANA_ter', 'MÊS_abr', 'MÊS_dez', 'MÊS_fev', 'MÊS_jul', 'MÊS_jun', 'MÊS_mar', 'MÊS_out', 'MÊS_set', 'ANO_2021', 'ANO_2022', 'ANO_2023', 'ANO_2015', 'ANO_2016', 'ANO_2017', 'ANO_2018', 'CAMPUS_ASSIS CHATEAUBRIAND', 'CAMPUS_ASTORGA', 'CAMPUS_BARRACÃO', 'CAMPUS_CASCAVEL', 'CAMPUS_CURITIBA', 'CAMPUS_GOIOERÊ', 'CAMPUS_IVAIPORÃ', 'CAMPUS_JACAREZINHO', 'CAMPUS_JAGUARIAÍVA', 'CAMPUS_LONDRINA - CENTRO', 'CAMPUS_PARANAGUÁ', 'CAMPUS_QUEDAS DO IGUAÇU', 'CAMPUS_UMUARAMA', 'CURSOS_TEC_CONCOMITANTE', 'CURSOS_TEC_SUBSEQUENTE', 'FÉRIAS', 'FERIADO', 'LAG_01', 'LAG_02', 'LAG_03', 'LAG_05', 'LAG_06', 'LAG_08', 'LAG_09', 'LAG_10', 'LAG_11', 'LAG_12');0.30801
('TEMP_MIN_MÉD_MENS', 'TEMP_MÉD_MIN_MENS', 'TEMP_MÉD_MÉD_MENS', 'TEMP_MÉD_MAX_MENS', 'TEMP_MÉD_ACC_MENS', 'PRECIPITAÇÃO_MÉD_MENS', 'TEMP_MIN_MIN_MENS', 'TEMP_MIN_ACC_MENS', 'TEMP_MAX_MIN_MENS', 'PRECIPITAÇÃO_MIN_MENS', 'TEMP_MAX_MAX_MENS', 'PRECIPITAÇÃO_ACC_MENS', 'DIA_DA_SEMANA_qua', 'DIA_DA_SEMANA_qui', 'DIA_DA_SEMANA_seg', 'DIA_DA_SEMANA_sáb', 'MÊS_ago', 'MÊS_fev', 'MÊS_jan', 'MÊS_jun', 'MÊS_mai', 'MÊS_mar', 'MÊS_out', 'MÊS_set', 'ANO_2022', 'ANO_2023', 'ANO_2024', 'ANO_2017', 'ANO_2019', 'ANO_2020', 'CAMPUS_BARRACÃO', 'CAMPUS_CAMPO LARGO', 'CAMPUS_CAPANEMA', 'CAMPUS_CORONEL VIVIDA', 'CAMPUS_CURITIBA', 'CAMPUS_FOZ DO IGUAÇU', 'CAMPUS_GOIOERÊ', 'CAMPUS_PALMAS', 'CAMPUS_PARANAGUÁ', 'CAMPUS_PARANAVAÍ', 'CAMPUS_PITANGA', 'CAMPUS_TELÊMACO BORBA', 'CURSOS_TEC_CONCOMITANTE', 'CURSOS_GRAD_VESPERTINO', 'CURSOS_GRAD_NOTURNO', 'CURSOS_POS', 'FÉRIAS', 'GREVE', 'LAG_01', 'LAG_02', 'LAG_03', 'LAG_05', 'LAG_06', 'LAG_08', 'LAG_10', 'LAG_12');0.30802
('TEMP_MIN_MÉD_MENS', 'TEMP_MÉD_MIN_MENS', 'TEMP_MÉD_MAX_MENS', 'TEMP_MAX_MÉD_MENS', 'PRECIPITAÇÃO_MÉD_MENS', 'TEMP_MIN_MIN_MENS', 'TEMP_MAX_MIN_MENS', 'PRECIPITAÇÃO_MIN_MENS', 'TEMP_MAX_MAX_MENS', 'PRECIPITAÇÃO_MAX_MENS', 'DIA_DA_SEMANA_qui', 'DIA_DA_SEMANA_seg', 'DIA_DA_SEMANA_ter', 'MÊS_abr', 'MÊS_ago', 'MÊS_fev', 'MÊS_jan', 'MÊS_jul', 'MÊS_jun', 'MÊS_mai', 'MÊS_nov', 'MÊS_set', 'ANO_2022', 'ANO_2024', 'ANO_2015', 'ANO_2016', 'ANO_2019', 'ANO_2020', 'CAMPUS_ASSIS CHATEAUBRIAND', 'CAMPUS_ASTORGA', 'CAMPUS_BARRACÃO', 'CAMPUS_CAPANEMA', 'CAMPUS_CASCAVEL', 'CAMPUS_CORONEL VIVIDA', 'CAMPUS_FOZ DO IGUAÇU', 'CAMPUS_IRATI', 'CAMPUS_JAGUARIAÍVA', 'CAMPUS_PALMAS', 'CAMPUS_PARANAVAÍ', 'CAMPUS_PINHAIS', 'CAMPUS_TELÊMACO BORBA', 'CAMPUS_UMUARAMA', 'CAMPUS_UNIÃO DA VITÓRIA', 'CURSOS_TEC_CONCOMITANTE', 'CURSOS_TEC_INTEGRADO', 'CURSOS_TEC_SUBSEQUENTE', 'CURSOS_GRAD_NOTURNO', 'CURSOS_POS', 'FERIADO', 'ORDEM', 'LAG_01', 'LAG_02', 'LAG_06', 'LAG_07', 'LAG_08', 'LAG_09', 'LAG_10', 'LAG_12');0.30803
('TEMP_MIN_MÉD_MENS', 'TEMP_MÉD_MÉD_MENS', 'TEMP_MÉD_MAX_MENS', 'TEMP_MÉD_ACC_MENS', 'TEMP_MAX_MÉD_MENS', 'PRECIPITAÇÃO_MÉD_MENS', 'TEMP_MIN_MAX_MENS', 'TEMP_MAX_MIN_MENS', 'PRECIPITAÇÃO_MIN_MENS', 'PRECIPITAÇÃO_ACC_MENS', 'DIA_DA_SEMANA_qui', 'DIA_DA_SEMANA_seg', 'DIA_DA_SEMANA_sex', 'DIA_DA_SEMANA_sáb', 'MÊS_ago', 'MÊS_fev', 'MÊS_jan', 'MÊS_jul', 'MÊS_mai', 'MÊS_out', 'ANO_2015', 'ANO_2016', 'ANO_2017', 'ANO_2018', 'ANO_2020', 'CAMPUS_ASSIS CHATEAUBRIAND', 'CAMPUS_ASTORGA', 'CAMPUS_BARRACÃO', 'CAMPUS_CAMPO LARGO', 'CAMPUS_CAPANEMA', 'CAMPUS_CASCAVEL', 'CAMPUS_FOZ DO IGUAÇU', 'CAMPUS_GOIOERÊ', 'CAMPUS_IRATI', 'CAMPUS_IVAIPORÃ', 'CAMPUS_JACAREZINHO', 'CAMPUS_LONDRINA - CENTRO', 'CAMPUS_PALMAS', 'CAMPUS_PARANAGUÁ', 'CAMPUS_PITANGA', 'CAMPUS_TELÊMACO BORBA', 'CAMPUS_UNIÃO DA VITÓRIA', 'CURSOS_TEC_INTEGRADO', 'CURSOS_TEC_SUBSEQUENTE', 'CURSOS_GRAD_MATUTINO', 'CURSOS_GRAD_NOTURNO', 'CURSOS_POS', 'FÉRIAS', 'FERIADO', 'GREVE', 'ORDEM', 'LAG_01', 'LAG_03', 'LAG_04', 'LAG_07', 'LAG_08', 'LAG_09', 'LAG_10', 'LAG_11', 'LAG_12');0.30803
('TEMP_MIN_MÉD_MENS', 'TEMP_MÉD_MÉD_MENS', 'TEMP_MÉD_ACC_MENS', 'TEMP_MIN_MIN_MENS', 'TEMP_MIN_MAX_MENS', 'TEMP_MIN_ACC_MENS', 'TEMP_MAX_MIN_MENS', 'PRECIPITAÇÃO_MIN_MENS', 'TEMP_MAX_ACC_MENS', 'PRECIPITAÇÃO_MAX_MENS', 'PRECIPITAÇÃO_ACC_MENS', 'DIA_DA_SEMANA_dom', 'DIA_DA_SEMANA_qua', 'DIA_DA_SEMANA_seg', 'DIA_DA_SEMANA_sex', 'DIA_DA_SEMANA_sáb', 'MÊS_abr', 'MÊS_dez', 'MÊS_jan', 'MÊS_mar', 'ANO_2021', 'ANO_2023', 'ANO_2017', 'ANO_2018', 'ANO_2019', 'ANO_2020', 'CAMPUS_CAMPO LARGO', 'CAMPUS_CAPANEMA', 'CAMPUS_IVAIPORÃ', 'CAMPUS_JACAREZINHO', 'CAMPUS_PALMAS', 'CAMPUS_PARANAVAÍ', 'CAMPUS_PINHAIS', 'CAMPUS_PITANGA', 'CAMPUS_TELÊMACO BORBA', 'CURSOS_TEC_CONCOMITANTE', 'CURSOS_TEC_SUBSEQUENTE', 'CURSOS_GRAD_VESPERTINO', 'CURSOS_POS', 'FÉRIAS', 'GREVE', 'LAG_03', 'LAG_04', 'LAG_06', 'LAG_08', 'LAG_09', 'LAG_11', 'LAG_12');0.30806
('TEMP_MIN_MÉD_MENS', 'TEMP_MÉD_MÉD_MENS', 'TEMP_MÉD_MAX_MENS', 'TEMP_MAX_MÉD_MENS', 'TEMP_MIN_MIN_MENS', 'TEMP_MIN_MAX_MENS', 'TEMP_MIN_ACC_MENS', 'TEMP_MAX_MIN_MENS', 'PRECIPITAÇÃO_MIN_MENS', 'TEMP_MAX_ACC_MENS', 'PRECIPITAÇÃO_MAX_MENS', 'DIA_DA_SEMANA_dom', 'DIA_DA_SEMANA_qua', 'DIA_DA_SEMANA_qui', 'DIA_DA_SEMANA_seg', 'DIA_DA_SEMANA_sex', 'DIA_DA_SEMANA_sáb', 'DIA_DA_SEMANA_ter', 'MÊS_abr', 'MÊS_dez', 'MÊS_jan', 'MÊS_mai', 'MÊS_mar', 'ANO_2022', 'ANO_2023', 'ANO_2024', 'ANO_2015', 'ANO_2016', 'ANO_2018', 'ANO_2019', 'CAMPUS_ASSIS CHATEAUBRIAND', 'CAMPUS_ASTORGA', 'CAMPUS_BARRACÃO', 'CAMPUS_CAPANEMA', 'CAMPUS_IRATI', 'CAMPUS_JACAREZINHO', 'CAMPUS_LONDRINA - CENTRO', 'CAMPUS_PALMAS', 'CAMPUS_PARANAGUÁ', 'CAMPUS_PARANAVAÍ', 'CAMPUS_PITANGA', 'CAMPUS_QUEDAS DO IGUAÇU', 'CAMPUS_TELÊMACO BORBA', 'CAMPUS_UMUARAMA', 'CAMPUS_UNIÃO DA VITÓRIA', 'CURSOS_TEC_CONCOMITANTE', 'CURSOS_TEC_SUBSEQUENTE', 'CURSOS_GRAD_MATUTINO', 'CURSOS_GRAD_NOTURNO', 'CURSOS_POS', 'FÉRIAS', 'LAG_01', 'LAG_03', 'LAG_04', 'LAG_05', 'LAG_06', 'LAG_07', 'LAG_08', 'LAG_09', 'LAG_10', 'LAG_11', 'LAG_12');0.30806
('TEMP_MÉD_MÉD_MENS', 'TEMP_MÉD_MAX_MENS', 'TEMP_MIN_MIN_MENS', 'TEMP_MIN_MAX_MENS', 'TEMP_MIN_ACC_MENS', 'TEMP_MAX_MIN_MENS', 'PRECIPITAÇÃO_MIN_MENS', 'TEMP_MAX_MAX_MENS', 'TEMP_MAX_ACC_MENS', 'PRECIPITAÇÃO_MAX_MENS', 'DIA_DA_SEMANA_dom', 'DIA_DA_SEMANA_qua', 'DIA_DA_SEMANA_qui', 'DIA_DA_SEMANA_sex', 'DIA_DA_SEMANA_ter', 'MÊS_abr', 'MÊS_ago', 'MÊS_fev', 'MÊS_jan', 'MÊS_jun', 'MÊS_out', 'ANO_2022', 'ANO_2016', 'ANO_2017', 'ANO_2018', 'ANO_2020', 'CAMPUS_CAMPO LARGO', 'CAMPUS_CASCAVEL', 'CAMPUS_CORONEL VIVIDA', 'CAMPUS_FOZ DO IGUAÇU', 'CAMPUS_GOIOERÊ', 'CAMPUS_IRATI', 'CAMPUS_JACAREZINHO', 'CAMPUS_JAGUARIAÍVA', 'CAMPUS_LONDRINA - CENTRO', 'CAMPUS_PARANAGUÁ', 'CAMPUS_PARANAVAÍ', 'CAMPUS_PITANGA', 'CAMPUS_QUEDAS DO IGUAÇU', 'CAMPUS_UNIÃO DA VITÓRIA', 'CURSOS_GRAD_MATUTINO', 'CURSOS_GRAD_NOTURNO', 'FÉRIAS', 'GREVE', 'LAG_01', 'LAG_03', 'LAG_04', 'LAG_07', 'LAG_10');0.30814
('TEMP_MÉD_MIN_MENS', 'TEMP_MÉD_ACC_MENS', 'PRECIPITAÇÃO_MÉD_MENS', 'TEMP_MIN_MAX_MENS', 'TEMP_MAX_MIN_MENS', 'PRECIPITAÇÃO_MIN_MENS', 'TEMP_MAX_ACC_MENS', 'DIA_DA_SEMANA_qua', 'DIA_DA_SEMANA_seg', 'DIA_DA_SEMANA_sáb', 'DIA_DA_SEMANA_ter', 'MÊS_abr', 'MÊS_fev', 'MÊS_jan', 'MÊS_jun', 'MÊS_nov', 'MÊS_out', 'ANO_2016', 'ANO_2017', 'ANO_2019', 'ANO_2020', 'CAMPUS_ASTORGA', 'CAMPUS_CAPANEMA', 'CAMPUS_CASCAVEL', 'CAMPUS_CORONEL VIVIDA', 'CAMPUS_CURITIBA', 'CAMPUS_FOZ DO IGUAÇU', 'CAMPUS_IRATI', 'CAMPUS_IVAIPORÃ', 'CAMPUS_JACAREZINHO', 'CAMPUS_PARANAVAÍ', 'CAMPUS_PINHAIS', 'CAMPUS_PITANGA', 'CAMPUS_QUEDAS DO IGUAÇU', 'CAMPUS_UMUARAMA', 'CURSOS_TEC_CONCOMITANTE', 'CURSOS_TEC_INTEGRADO', 'CURSOS_TEC_SUBSEQUENTE', 'CURSOS_GRAD_NOTURNO', 'CURSOS_POS', 'FERIADO', 'GREVE', 'LAG_01', 'LAG_04', 'LAG_05', 'LAG_06', 'LAG_07', 'LAG_08', 'LAG_09', 'LAG_10', 'LAG_11');0.30824
('TEMP_MÉD_MIN_MENS', 'TEMP_MÉD_ACC_MENS', 'TEMP_MAX_MÉD_MENS', 'PRECIPITAÇÃO_MÉD_MENS', 'TEMP_MIN_MAX_MENS', 'TEMP_MAX_MIN_MENS', 'PRECIPITAÇÃO_MIN_MENS', 'TEMP_MAX_MAX_MENS', 'PRECIPITAÇÃO_ACC_MENS', 'DIA_DA_SEMANA_qua', 'DIA_DA_SEMANA_seg', 'DIA_DA_SEMANA_sex', 'MÊS_abr', 'MÊS_ago', 'MÊS_dez', 'MÊS_fev', 'MÊS_jan', 'MÊS_jun', 'MÊS_mar', 'MÊS_set', 'ANO_2023', 'ANO_2024', 'ANO_2016', 'ANO_2017', 'ANO_2018', 'ANO_2019', 'ANO_2020', 'CAMPUS_BARRACÃO', 'CAMPUS_CAMPO LARGO', 'CAMPUS_CASCAVEL', 'CAMPUS_CORONEL VIVIDA', 'CAMPUS_CURITIBA', 'CAMPUS_FOZ DO IGUAÇU', 'CAMPUS_GOIOERÊ', 'CAMPUS_JAGUARIAÍVA', 'CAMPUS_PALMAS', 'CAMPUS_PARANAGUÁ', 'CAMPUS_PINHAIS', 'CAMPUS_TELÊMACO BORBA', 'CAMPUS_UMUARAMA', 'CURSOS_TEC_SUBSEQUENTE', 'CURSOS_GRAD_VESPERTINO', 'CURSOS_POS', 'FÉRIAS', 'ORDEM', 'LAG_01', 'LAG_03', 'LAG_06', 'LAG_07', 'LAG_10', 'LAG_11', 'LAG_12');0.30825
('TEMP_MÉD_MIN_MENS', 'TEMP_MÉD_MÉD_MENS', 'TEMP_MÉD_MAX_MENS', 'TEMP_MAX_MÉD_MENS', 'PRECIPITAÇÃO_MÉD_MENS', 'TEMP_MIN_MAX_MENS', 'TEMP_MIN_ACC_MENS', 'TEMP_MAX_MIN_MENS', 'TEMP_MAX_MAX_MENS', 'TEMP_MAX_ACC_MENS', 'PRECIPITAÇÃO_ACC_MENS', 'DIA_DA_SEMANA_seg', 'MÊS_abr', 'MÊS_dez', 'MÊS_fev', 'MÊS_jan', 'MÊS_jul', 'MÊS_mai', 'MÊS_mar', 'MÊS_out', 'MÊS_set', 'ANO_2022', 'ANO_2015', 'ANO_2016', 'ANO_2020', 'CAMPUS_ASSIS CHATEAUBRIAND', 'CAMPUS_ASTORGA', 'CAMPUS_BARRACÃO', 'CAMPUS_CAMPO LARGO', 'CAMPUS_CORONEL VIVIDA', 'CAMPUS_CURITIBA', 'CAMPUS_GOIOERÊ', 'CAMPUS_IRATI', 'CAMPUS_JACAREZINHO', 'CAMPUS_PALMAS', 'CAMPUS_PARANAVAÍ', 'CAMPUS_PINHAIS', 'CAMPUS_UMUARAMA', 'CAMPUS_UNIÃO DA VITÓRIA', 'CURSOS_TEC_INTEGRADO', 'CURSOS_TEC_SUBSEQUENTE', 'CURSOS_GRAD_MATUTINO', 'CURSOS_GRAD_VESPERTINO', 'CURSOS_GRAD_NOTURNO', 'CURSOS_POS', 'GREVE', 'ORDEM', 'LAG_01', 'LAG_02', 'LAG_03', 'LAG_05', 'LAG_06', 'LAG_09', 'LAG_10', 'LAG_11');0.30825
('TEMP_MÉD_MIN_MENS', 'TEMP_MÉD_MÉD_MENS', 'TEMP_MÉD_MAX_MENS', 'TEMP_MÉD_ACC_MENS', 'TEMP_MAX_MÉD_MENS', 'TEMP_MIN_MIN_MENS', 'TEMP_MAX_MIN_MENS', 'TEMP_MAX_ACC_MENS', 'PRECIPITAÇÃO_MAX_MENS', 'DIA_DA_SEMANA_dom', 'DIA_DA_SEMANA_sex', 'DIA_DA_SEMANA_sáb', 'MÊS_abr', 'MÊS_ago', 'MÊS_mar', 'MÊS_set', 'ANO_2022', 'ANO_2023', 'ANO_2024', 'ANO_2015', 'ANO_2016', 'ANO_2017', 'ANO_2018', 'ANO_2019', 'CAMPUS_ASSIS CHATEAUBRIAND', 'CAMPUS_ASTORGA', 'CAMPUS_CAMPO LARGO', 'CAMPUS_CURITIBA', 'CAMPUS_FOZ DO IGUAÇU', 'CAMPUS_IRATI', 'CAMPUS_IVAIPORÃ', 'CAMPUS_LONDRINA - CENTRO', 'CAMPUS_PALMAS', 'CAMPUS_PARANAVAÍ', 'CAMPUS_PINHAIS', 'CAMPUS_PITANGA', 'CAMPUS_QUEDAS DO IGUAÇU', 'CAMPUS_TELÊMACO BORBA', 'CAMPUS_UMUARAMA', 'CAMPUS_UNIÃO DA VITÓRIA', 'CURSOS_TEC_CONCOMITANTE', 'CURSOS_TEC_SUBSEQUENTE', 'CURSOS_GRAD_MATUTINO', 'CURSOS_GRAD_VESPERTINO', 'CURSOS_GRAD_NOTURNO', 'CURSOS_POS', 'FERIADO', 'COVID', 'LAG_01', 'LAG_02', 'LAG_03', 'LAG_04', 'LAG_06', 'LAG_08', 'LAG_11', 'LAG_12');0.30836
('TEMP_MIN_MÉD_MENS', 'TEMP_MAX_MÉD_MENS', 'PRECIPITAÇÃO_MÉD_MENS', 'TEMP_MIN_MIN_MENS', 'TEMP_MIN_ACC_MENS', 'TEMP_MAX_MIN_MENS', 'PRECIPITAÇÃO_MIN_MENS', 'TEMP_MAX_MAX_MENS', 'PRECIPITAÇÃO_MAX_MENS', 'PRECIPITAÇÃO_ACC_MENS', 'DIA_DA_SEMANA_qua', 'DIA_DA_SEMANA_qui', 'DIA_DA_SEMANA_seg', 'DIA_DA_SEMANA_sex', 'DIA_DA_SEMANA_ter', 'MÊS_abr', 'MÊS_dez', 'MÊS_jan', 'MÊS_mai', 'MÊS_nov', 'MÊS_out', 'MÊS_set', 'ANO_2023', 'ANO_2015', 'ANO_2016', 'ANO_2018', 'ANO_2019', 'ANO_2020', 'CAMPUS_ASSIS CHATEAUBRIAND', 'CAMPUS_BARRACÃO', 'CAMPUS_CAMPO LARGO', 'CAMPUS_CORONEL VIVIDA', 'CAMPUS_CURITIBA', 'CAMPUS_GOIOERÊ', 'CAMPUS_IRATI', 'CAMPUS_JAGUARIAÍVA', 'CAMPUS_PARANAGUÁ', 'CAMPUS_PARANAVAÍ', 'CAMPUS_PITANGA', 'CAMPUS_TELÊMACO BORBA', 'CAMPUS_UMUARAMA', 'CAMPUS_UNIÃO DA VITÓRIA', 'CURSOS_TEC_CONCOMITANTE', 'CURSOS_TEC_INTEGRADO', 'CURSOS_TEC_SUBSEQUENTE', 'CURSOS_GRAD_MATUTINO', 'CURSOS_GRAD_VESPERTINO', 'CURSOS_POS', 'COVID', 'GREVE', 'LAG_01', 'LAG_04', 'LAG_05', 'LAG_07', 'LAG_08', 'LAG_09', 'LAG_10', 'LAG_11', 'LAG_12');0.30838
('TEMP_MÉD_MIN_MENS', 'TEMP_MÉD_MAX_MENS', 'TEMP_MAX_MÉD_MENS', 'PRECIPITAÇÃO_MÉD_MENS', 'TEMP_MIN_MIN_MENS', 'TEMP_MIN_ACC_MENS', 'TEMP_MAX_MIN_MENS', 'PRECIPITAÇÃO_MIN_MENS', 'TEMP_MAX_MAX_MENS', 'DIA_DA_SEMANA_qui', 'DIA_DA_SEMANA_sáb', 'DIA_DA_SEMANA_ter', 'MÊS_jul', 'MÊS_mai', 'MÊS_mar', 'MÊS_nov', 'MÊS_set', 'ANO_2021', 'ANO_2023', 'ANO_2024', 'ANO_2016', 'ANO_2017', 'ANO_2018', 'ANO_2019', 'ANO_2020', 'CAMPUS_ASSIS CHATEAUBRIAND', 'CAMPUS_BARRACÃO', 'CAMPUS_CAMPO LARGO', 'CAMPUS_CASCAVEL', 'CAMPUS_CORONEL VIVIDA', 'CAMPUS_FOZ DO IGUAÇU', 'CAMPUS_GOIOERÊ', 'CAMPUS_IRATI', 'CAMPUS_IVAIPORÃ', 'CAMPUS_PALMAS', 'CAMPUS_PARANAVAÍ', 'CAMPUS_PITANGA', 'CAMPUS_TELÊMACO BORBA', 'CAMPUS_UNIÃO DA VITÓRIA', 'CURSOS_TEC_CONCOMITANTE', 'CURSOS_TEC_SUBSEQUENTE', 'CURSOS_GRAD_MATUTINO', 'CURSOS_GRAD_VESPERTINO', 'CURSOS_GRAD_NOTURNO', 'FÉRIAS', 'LAG_01', 'LAG_02', 'LAG_03', 'LAG_05', 'LAG_06', 'LAG_08', 'LAG_09', 'LAG_10', 'LAG_12');0.30846
('TEMP_MIN_MÉD_MENS', 'TEMP_MÉD_MIN_MENS', 'TEMP_MÉD_MÉD_MENS', 'TEMP_MÉD_MAX_MENS', 'TEMP_MÉD_ACC_MENS', 'PRECIPITAÇÃO_MÉD_MENS', 'TEMP_MIN_MIN_MENS', 'TEMP_MIN_MAX_MENS', 'TEMP_MIN_ACC_MENS', 'TEMP_MAX_MIN_MENS', 'PRECIPITAÇÃO_MIN_MENS', 'TEMP_MAX_ACC_MENS', 'PRECIPITAÇÃO_ACC_MENS', 'DIA_DA_SEMANA_sex', 'DIA_DA_SEMANA_ter', 'MÊS_abr', 'MÊS_ago', 'MÊS_fev', 'MÊS_jul', 'MÊS_jun', 'MÊS_mai', 'ANO_2021', 'ANO_2016', 'ANO_2019', 'ANO_2020', 'CAMPUS_BARRACÃO', 'CAMPUS_CAPANEMA', 'CAMPUS_CORONEL VIVIDA', 'CAMPUS_CURITIBA', 'CAMPUS_GOIOERÊ', 'CAMPUS_LONDRINA - CENTRO', 'CAMPUS_PARANAVAÍ', 'CAMPUS_PINHAIS', 'CAMPUS_PITANGA', 'CAMPUS_QUEDAS DO IGUAÇU', 'CAMPUS_TELÊMACO BORBA', 'CAMPUS_UMUARAMA', 'CAMPUS_UNIÃO DA VITÓRIA', 'CURSOS_GRAD_MATUTINO', 'CURSOS_GRAD_NOTURNO', 'FÉRIAS', 'GREVE', 'LAG_02', 'LAG_04', 'LAG_05', 'LAG_07', 'LAG_08', 'LAG_09');0.30848
('TEMP_MÉD_MIN_MENS', 'TEMP_MÉD_MÉD_MENS', 'TEMP_MÉD_MAX_MENS', 'TEMP_MAX_MÉD_MENS', 'PRECIPITAÇÃO_MÉD_MENS', 'TEMP_MIN_MIN_MENS', 'TEMP_MIN_MAX_MENS', 'TEMP_MAX_ACC_MENS', 'PRECIPITAÇÃO_MAX_MENS', 'PRECIPITAÇÃO_ACC_MENS', 'DIA_DA_SEMANA_qua', 'DIA_DA_SEMANA_qui', 'DIA_DA_SEMANA_seg', 'MÊS_abr', 'MÊS_jan', 'MÊS_jul', 'MÊS_jun', 'MÊS_nov', 'MÊS_out', 'ANO_2016', 'ANO_2019', 'CAMPUS_ASSIS CHATEAUBRIAND', 'CAMPUS_BARRACÃO', 'CAMPUS_CAMPO LARGO', 'CAMPUS_CAPANEMA', 'CAMPUS_CASCAVEL', 'CAMPUS_CORONEL VIVIDA', 'CAMPUS_CURITIBA', 'CAMPUS_FOZ DO IGUAÇU', 'CAMPUS_IVAIPORÃ', 'CAMPUS_JACAREZINHO', 'CAMPUS_LONDRINA - CENTRO', 'CAMPUS_PALMAS', 'CAMPUS_PARANAVAÍ', 'CAMPUS_PINHAIS', 'CAMPUS_TELÊMACO BORBA', 'CAMPUS_UNIÃO DA VITÓRIA', 'CURSOS_TEC_CONCOMITANTE', 'CURSOS_TEC_INTEGRADO', 'CURSOS_TEC_SUBSEQUENTE', 'CURSOS_GRAD_MATUTINO', 'CURSOS_GRAD_VESPERTINO', 'COVID', 'GREVE', 'LAG_01', 'LAG_02', 'LAG_03', 'LAG_07', 'LAG_08', 'LAG_10', 'LAG_12');0.30852
('TEMP_MÉD_MIN_MENS', 'TEMP_MÉD_MAX_MENS', 'TEMP_MÉD_ACC_MENS', 'TEMP_MAX_MÉD_MENS', 'PRECIPITAÇÃO_MÉD_MENS', 'TEMP_MIN_MAX_MENS', 'TEMP_MAX_MIN_MENS', 'TEMP_MAX_MAX_MENS', 'TEMP_MAX_ACC_MENS', 'DIA_DA_SEMANA_dom', 'DIA_DA_SEMANA_qua', 'DIA_DA_SEMANA_seg', 'DIA_DA_SEMANA_sex', 'DIA_DA_SEMANA_sáb', 'DIA_DA_SEMANA_ter', 'MÊS_abr', 'MÊS_ago', 'MÊS_fev', 'MÊS_jan', 'MÊS_jun', 'MÊS_nov', 'MÊS_set', 'ANO_2021', 'ANO_2022', 'ANO_2023', 'ANO_2024', 'ANO_2015', 'ANO_2016', 'ANO_2018', 'CAMPUS_ASSIS CHATEAUBRIAND', 'CAMPUS_ASTORGA', 'CAMPUS_CAMPO LARGO', 'CAMPUS_CAPANEMA', 'CAMPUS_CASCAVEL', 'CAMPUS_CORONEL VIVIDA', 'CAMPUS_GOIOERÊ', 'CAMPUS_IRATI', 'CAMPUS_IVAIPORÃ', 'CAMPUS_JACAREZINHO', 'CAMPUS_LONDRINA - CENTRO', 'CAMPUS_PALMAS', 'CAMPUS_QUEDAS DO IGUAÇU', 'CURSOS_TEC_CONCOMITANTE', 'CURSOS_TEC_SUBSEQUENTE', 'CURSOS_GRAD_VESPERTINO', 'FERIADO', 'GREVE', 'ORDEM', 'LAG_04', 'LAG_05', 'LAG_07', 'LAG_09', 'LAG_10', 'LAG_12');0.30852
('TEMP_MÉD_MÉD_MENS', 'TEMP_MÉD_MAX_MENS', 'TEMP_MÉD_ACC_MENS', 'TEMP_MAX_MÉD_MENS', 'PRECIPITAÇÃO_MÉD_MENS', 'TEMP_MIN_MAX_MENS', 'TEMP_MIN_ACC_MENS', 'TEMP_MAX_MIN_MENS', 'PRECIPITAÇÃO_MIN_MENS', 'TEMP_MAX_MAX_MENS', 'DIA_DA_SEMANA_dom', 'DIA_DA_SEMANA_qua', 'DIA_DA_SEMANA_seg', 'DIA_DA_SEMANA_sáb', 'DIA_DA_SEMANA_ter', 'MÊS_fev', 'MÊS_jul', 'MÊS_jun', 'MÊS_mai', 'MÊS_mar', 'MÊS_nov', 'MÊS_set', 'ANO_2021', 'ANO_2015', 'ANO_2016', 'ANO_2017', 'CAMPUS_ASSIS CHATEAUBRIAND', 'CAMPUS_ASTORGA', 'CAMPUS_CAMPO LARGO', 'CAMPUS_CAPANEMA', 'CAMPUS_CORONEL VIVIDA', 'CAMPUS_FOZ DO IGUAÇU', 'CAMPUS_IVAIPORÃ', 'CAMPUS_JACAREZINHO', 'CAMPUS_JAGUARIAÍVA', 'CAMPUS_LONDRINA - CENTRO', 'CAMPUS_PALMAS', 'CAMPUS_PARANAVAÍ', 'CAMPUS_UMUARAMA', 'CAMPUS_UNIÃO DA VITÓRIA', 'CURSOS_TEC_CONCOMITANTE', 'CURSOS_TEC_INTEGRADO', 'CURSOS_TEC_SUBSEQUENTE', 'CURSOS_GRAD_MATUTINO', 'CURSOS_GRAD_VESPERTINO', 'CURSOS_GRAD_NOTURNO', 'FÉRIAS', 'FERIADO', 'ORDEM', 'LAG_02', 'LAG_04', 'LAG_05', 'LAG_07', 'LAG_11', 'LAG_12');0.30855
('TEMP_MIN_MÉD_MENS', 'TEMP_MÉD_MIN_MENS', 'TEMP_MÉD_MÉD_MENS', 'TEMP_MÉD_ACC_MENS', 'TEMP_MAX_MÉD_MENS', 'PRECIPITAÇÃO_MÉD_MENS', 'TEMP_MIN_MIN_MENS', 'TEMP_MIN_MAX_MENS', 'PRECIPITAÇÃO_MIN_MENS', 'TEMP_MAX_ACC_MENS', 'PRECIPITAÇÃO_ACC_MENS', 'DIA_DA_SEMANA_qua', 'DIA_DA_SEMANA_qui', 'DIA_DA_SEMANA_seg', 'DIA_DA_SEMANA_sex', 'DIA_DA_SEMANA_sáb', 'DIA_DA_SEMANA_ter', 'MÊS_abr', 'MÊS_ago', 'MÊS_jan', 'MÊS_jul', 'MÊS_mar', 'MÊS_nov', 'MÊS_set', 'ANO_2023', 'ANO_2024', 'ANO_2015', 'ANO_2017', 'ANO_2020', 'CAMPUS_ASSIS CHATEAUBRIAND', 'CAMPUS_BARRACÃO', 'CAMPUS_CAMPO LARGO', 'CAMPUS_CAPANEMA', 'CAMPUS_CASCAVEL', 'CAMPUS_GOIOERÊ', 'CAMPUS_IRATI', 'CAMPUS_IVAIPORÃ', 'CAMPUS_JAGUARIAÍVA', 'CAMPUS_LONDRINA - CENTRO', 'CAMPUS_PALMAS', 'CAMPUS_PITANGA', 'CAMPUS_TELÊMACO BORBA', 'CAMPUS_UNIÃO DA VITÓRIA', 'CURSOS_TEC_INTEGRADO', 'CURSOS_GRAD_MATUTINO', 'CURSOS_GRAD_NOTURNO', 'FÉRIAS', 'FERIADO', 'GREVE', 'LAG_01', 'LAG_03', 'LAG_04', 'LAG_05', 'LAG_06', 'LAG_07', 'LAG_08', 'LAG_09', 'LAG_10', 'LAG_11', 'LAG_12');0.30869
('TEMP_MÉD_MIN_MENS', 'TEMP_MÉD_ACC_MENS', 'PRECIPITAÇÃO_MÉD_MENS', 'TEMP_MIN_MIN_MENS', 'TEMP_MIN_MAX_MENS', 'TEMP_MIN_ACC_MENS', 'TEMP_MAX_MIN_MENS', 'PRECIPITAÇÃO_MIN_MENS', 'TEMP_MAX_MAX_MENS', 'TEMP_MAX_ACC_MENS', 'DIA_DA_SEMANA_dom', 'DIA_DA_SEMANA_qui', 'DIA_DA_SEMANA_seg', 'DIA_DA_SEMANA_sex', 'DIA_DA_SEMANA_sáb', 'DIA_DA_SEMANA_ter', 'MÊS_dez', 'MÊS_fev', 'MÊS_jul', 'MÊS_jun', 'MÊS_mai', 'MÊS_mar', 'MÊS_out', 'MÊS_set', 'ANO_2022', 'ANO_2023', 'ANO_2015', 'ANO_2017', 'ANO_2018', 'ANO_2019', 'ANO_2020', 'CAMPUS_CASCAVEL', 'CAMPUS_CORONEL VIVIDA', 'CAMPUS_CURITIBA', 'CAMPUS_FOZ DO IGUAÇU', 'CAMPUS_GOIOERÊ', 'CAMPUS_IRATI', 'CAMPUS_IVAIPORÃ', 'CAMPUS_JACAREZINHO', 'CAMPUS_PALMAS', 'CAMPUS_PARANAGUÁ', 'CAMPUS_PINHAIS', 'CAMPUS_QUEDAS DO IGUAÇU', 'CAMPUS_UNIÃO DA VITÓRIA', 'CURSOS_TEC_CONCOMITANTE', 'CURSOS_TEC_SUBSEQUENTE', 'CURSOS_GRAD_VESPERTINO', 'CURSOS_GRAD_NOTURNO', 'FÉRIAS', 'FERIADO', 'ORDEM', 'LAG_01', 'LAG_03', 'LAG_04', 'LAG_06', 'LAG_08', 'LAG_09', 'LAG_10', 'LAG_12');0.30869
('TEMP_MÉD_MIN_MENS', 'TEMP_MÉD_MÉD_MENS', 'TEMP_MÉD_MAX_MENS', 'TEMP_MÉD_ACC_MENS', 'TEMP_MAX_MÉD_MENS', 'PRECIPITAÇÃO_MÉD_MENS', 'TEMP_MIN_MIN_MENS', 'PRECIPITAÇÃO_MIN_MENS', 'PRECIPITAÇÃO_MAX_MENS', 'DIA_DA_SEMANA_qua', 'DIA_DA_SEMANA_qui', 'DIA_DA_SEMANA_sáb', 'DIA_DA_SEMANA_ter', 'MÊS_ago', 'MÊS_dez', 'MÊS_jul', 'MÊS_jun', 'MÊS_mai', 'MÊS_nov', 'MÊS_out', 'ANO_2021', 'ANO_2022', 'ANO_2023', 'ANO_2015', 'ANO_2016', 'ANO_2017', 'ANO_2018', 'CAMPUS_ASTORGA', 'CAMPUS_CAMPO LARGO', 'CAMPUS_CAPANEMA', 'CAMPUS_CASCAVEL', 'CAMPUS_CORONEL VIVIDA', 'CAMPUS_CURITIBA', 'CAMPUS_FOZ DO IGUAÇU', 'CAMPUS_IRATI', 'CAMPUS_JAGUARIAÍVA', 'CAMPUS_LONDRINA - CENTRO', 'CAMPUS_PALMAS', 'CAMPUS_PARANAGUÁ', 'CAMPUS_PARANAVAÍ', 'CAMPUS_PINHAIS', 'CAMPUS_PITANGA', 'CAMPUS_UMUARAMA', 'CAMPUS_UNIÃO DA VITÓRIA', 'CURSOS_TEC_SUBSEQUENTE', 'CURSOS_GRAD_MATUTINO', 'CURSOS_GRAD_VESPERTINO', 'CURSOS_GRAD_NOTURNO', 'CURSOS_POS', 'GREVE', 'ORDEM', 'LAG_01', 'LAG_05', 'LAG_06', 'LAG_08', 'LAG_10');0.30872
('TEMP_MIN_MÉD_MENS', 'TEMP_MÉD_MIN_MENS', 'TEMP_MÉD_MÉD_MENS', 'TEMP_MÉD_ACC_MENS', 'TEMP_MAX_MÉD_MENS', 'TEMP_MIN_MAX_MENS', 'TEMP_MIN_ACC_MENS', 'TEMP_MAX_MAX_MENS', 'PRECIPITAÇÃO_MAX_MENS', 'PRECIPITAÇÃO_ACC_MENS', 'DIA_DA_SEMANA_dom', 'DIA_DA_SEMANA_qui', 'DIA_DA_SEMANA_seg', 'DIA_DA_SEMANA_sex', 'DIA_DA_SEMANA_ter', 'MÊS_abr', 'MÊS_ago', 'MÊS_dez', 'MÊS_fev', 'MÊS_jan', 'MÊS_jul', 'MÊS_jun', 'MÊS_mai', 'MÊS_mar', 'MÊS_nov', 'MÊS_set', 'ANO_2023', 'ANO_2024', 'ANO_2015', 'ANO_2016', 'ANO_2017', 'CAMPUS_BARRACÃO', 'CAMPUS_CORONEL VIVIDA', 'CAMPUS_FOZ DO IGUAÇU', 'CAMPUS_GOIOERÊ', 'CAMPUS_IRATI', 'CAMPUS_JACAREZINHO', 'CAMPUS_JAGUARIAÍVA', 'CAMPUS_LONDRINA - CENTRO', 'CAMPUS_PALMAS', 'CAMPUS_PARANAGUÁ', 'CAMPUS_PARANAVAÍ', 'CAMPUS_PINHAIS', 'CAMPUS_PITANGA', 'CAMPUS_QUEDAS DO IGUAÇU', 'CAMPUS_TELÊMACO BORBA', 'CAMPUS_UMUARAMA', 'CURSOS_TEC_INTEGRADO', 'CURSOS_TEC_SUBSEQUENTE', 'CURSOS_GRAD_VESPERTINO', 'CURSOS_GRAD_NOTURNO', 'FERIADO', 'GREVE', 'LAG_01', 'LAG_02', 'LAG_04', 'LAG_05', 'LAG_06', 'LAG_08', 'LAG_09', 'LAG_11');0.30879
('TEMP_MIN_MÉD_MENS', 'TEMP_MÉD_MIN_MENS', 'TEMP_MÉD_MÉD_MENS', 'TEMP_MÉD_MAX_MENS', 'TEMP_MÉD_ACC_MENS', 'TEMP_MAX_MÉD_MENS', 'TEMP_MIN_ACC_MENS', 'TEMP_MAX_MIN_MENS', 'PRECIPITAÇÃO_MAX_MENS', 'PRECIPITAÇÃO_ACC_MENS', 'DIA_DA_SEMANA_qua', 'DIA_DA_SEMANA_qui', 'DIA_DA_SEMANA_seg', 'DIA_DA_SEMANA_sex', 'DIA_DA_SEMANA_sáb', 'DIA_DA_SEMANA_ter', 'MÊS_ago', 'MÊS_dez', 'MÊS_fev', 'MÊS_jul', 'MÊS_mar', 'MÊS_nov', 'MÊS_set', 'ANO_2022', 'ANO_2023', 'ANO_2015', 'ANO_2016', 'CAMPUS_BARRACÃO', 'CAMPUS_CAMPO LARGO', 'CAMPUS_CASCAVEL', 'CAMPUS_CORONEL VIVIDA', 'CAMPUS_CURITIBA', 'CAMPUS_FOZ DO IGUAÇU', 'CAMPUS_IRATI', 'CAMPUS_IVAIPORÃ', 'CAMPUS_PALMAS', 'CAMPUS_PARANAGUÁ', 'CAMPUS_PINHAIS', 'CAMPUS_PITANGA', 'CAMPUS_TELÊMACO BORBA', 'CAMPUS_UMUARAMA', 'CURSOS_TEC_CONCOMITANTE', 'CURSOS_TEC_INTEGRADO', 'CURSOS_GRAD_MATUTINO', 'CURSOS_GRAD_VESPERTINO', 'CURSOS_GRAD_NOTURNO', 'FÉRIAS', 'FERIADO', 'GREVE', 'ORDEM', 'LAG_01', 'LAG_02', 'LAG_04', 'LAG_05', 'LAG_06', 'LAG_08', 'LAG_11', 'LAG_12');0.30881
('TEMP_MÉD_MÉD_MENS', 'TEMP_MÉD_MAX_MENS', 'PRECIPITAÇÃO_MÉD_MENS', 'TEMP_MIN_MIN_MENS', 'TEMP_MIN_MAX_MENS', 'PRECIPITAÇÃO_MIN_MENS', 'PRECIPITAÇÃO_MAX_MENS', 'DIA_DA_SEMANA_qua', 'DIA_DA_SEMANA_seg', 'DIA_DA_SEMANA_sex', 'DIA_DA_SEMANA_sáb', 'DIA_DA_SEMANA_ter', 'MÊS_abr', 'MÊS_ago', 'MÊS_dez', 'MÊS_jul', 'MÊS_jun', 'MÊS_mai', 'MÊS_nov', 'MÊS_set', 'ANO_2021', 'ANO_2024', 'ANO_2015', 'ANO_2018', 'ANO_2020', 'CAMPUS_ASSIS CHATEAUBRIAND', 'CAMPUS_ASTORGA', 'CAMPUS_BARRACÃO', 'CAMPUS_CAPANEMA', 'CAMPUS_CASCAVEL', 'CAMPUS_CURITIBA', 'CAMPUS_GOIOERÊ', 'CAMPUS_IRATI', 'CAMPUS_JACAREZINHO', 'CAMPUS_PALMAS', 'CAMPUS_PARANAVAÍ', 'CAMPUS_PITANGA', 'CAMPUS_QUEDAS DO IGUAÇU', 'CAMPUS_TELÊMACO BORBA', 'CAMPUS_UNIÃO DA VITÓRIA', 'CURSOS_TEC_CONCOMITANTE', 'CURSOS_TEC_SUBSEQUENTE', 'CURSOS_GRAD_NOTURNO', 'CURSOS_POS', 'FERIADO', 'GREVE', 'ORDEM', 'LAG_01', 'LAG_04', 'LAG_06', 'LAG_07', 'LAG_08', 'LAG_10', 'LAG_12');0.30885
('TEMP_MÉD_MAX_MENS', 'TEMP_MÉD_ACC_MENS', 'PRECIPITAÇÃO_MÉD_MENS', 'TEMP_MIN_MIN_MENS', 'PRECIPITAÇÃO_ACC_MENS', 'DIA_DA_SEMANA_dom', 'DIA_DA_SEMANA_qua', 'DIA_DA_SEMANA_qui', 'DIA_DA_SEMANA_ter', 'MÊS_abr', 'MÊS_ago', 'MÊS_dez', 'MÊS_jul', 'MÊS_jun', 'MÊS_mar', 'MÊS_set', 'ANO_2021', 'ANO_2022', 'ANO_2023', 'ANO_2016', 'ANO_2019', 'CAMPUS_ASSIS CHATEAUBRIAND', 'CAMPUS_ASTORGA', 'CAMPUS_BARRACÃO', 'CAMPUS_CAPANEMA', 'CAMPUS_CASCAVEL', 'CAMPUS_CURITIBA', 'CAMPUS_GOIOERÊ', 'CAMPUS_IRATI', 'CAMPUS_JAGUARIAÍVA', 'CAMPUS_PARANAGUÁ', 'CAMPUS_PARANAVAÍ', 'CAMPUS_PINHAIS', 'CAMPUS_PITANGA', 'CAMPUS_TELÊMACO BORBA', 'CAMPUS_UMUARAMA', 'CURSOS_TEC_CONCOMITANTE', 'CURSOS_TEC_INTEGRADO', 'CURSOS_TEC_SUBSEQUENTE', 'CURSOS_GRAD_NOTURNO', 'CURSOS_POS', 'FERIADO', 'COVID', 'GREVE', 'LAG_01', 'LAG_02', 'LAG_03', 'LAG_04', 'LAG_06', 'LAG_07', 'LAG_08', 'LAG_10', 'LAG_11', 'LAG_12');0.30886
('TEMP_MIN_MÉD_MENS', 'PRECIPITAÇÃO_MÉD_MENS', 'TEMP_MIN_ACC_MENS', 'TEMP_MAX_MIN_MENS', 'PRECIPITAÇÃO_MIN_MENS', 'TEMP_MAX_MAX_MENS', 'PRECIPITAÇÃO_MAX_MENS', 'DIA_DA_SEMANA_dom', 'DIA_DA_SEMANA_qua', 'DIA_DA_SEMANA_qui', 'DIA_DA_SEMANA_seg', 'DIA_DA_SEMANA_sáb', 'DIA_DA_SEMANA_ter', 'MÊS_ago', 'MÊS_dez', 'MÊS_jul', 'MÊS_mai', 'MÊS_nov', 'MÊS_out', 'ANO_2021', 'ANO_2023', 'ANO_2024', 'ANO_2015', 'ANO_2020', 'CAMPUS_CAPANEMA', 'CAMPUS_CASCAVEL', 'CAMPUS_CORONEL VIVIDA', 'CAMPUS_CURITIBA', 'CAMPUS_FOZ DO IGUAÇU', 'CAMPUS_IRATI', 'CAMPUS_IVAIPORÃ', 'CAMPUS_JACAREZINHO', 'CAMPUS_JAGUARIAÍVA', 'CAMPUS_LONDRINA - CENTRO', 'CAMPUS_PALMAS', 'CAMPUS_PARANAGUÁ', 'CAMPUS_PINHAIS', 'CAMPUS_PITANGA', 'CAMPUS_QUEDAS DO IGUAÇU', 'CAMPUS_TELÊMACO BORBA', 'CAMPUS_UMUARAMA', 'CURSOS_TEC_CONCOMITANTE', 'CURSOS_TEC_INTEGRADO', 'CURSOS_TEC_SUBSEQUENTE', 'CURSOS_GRAD_MATUTINO', 'CURSOS_POS', 'FERIADO', 'GREVE', 'ORDEM', 'LAG_01', 'LAG_02', 'LAG_03', 'LAG_07', 'LAG_09', 'LAG_10', 'LAG_11', 'LAG_12');0.30888
('TEMP_MIN_MÉD_MENS', 'TEMP_MÉD_MIN_MENS', 'TEMP_MÉD_MÉD_MENS', 'TEMP_MÉD_MAX_MENS', 'TEMP_MÉD_ACC_MENS', 'TEMP_MAX_MÉD_MENS', 'PRECIPITAÇÃO_MÉD_MENS', 'TEMP_MIN_MIN_MENS', 'TEMP_MIN_ACC_MENS', 'TEMP_MAX_MIN_MENS', 'TEMP_MAX_ACC_MENS', 'PRECIPITAÇÃO_ACC_MENS', 'DIA_DA_SEMANA_sáb', 'MÊS_abr', 'MÊS_ago', 'MÊS_dez', 'MÊS_fev', 'MÊS_jul', 'MÊS_jun', 'MÊS_nov', 'MÊS_out', 'ANO_2022', 'ANO_2024', 'ANO_2016', 'ANO_2017', 'ANO_2018', 'ANO_2019', 'CAMPUS_BARRACÃO', 'CAMPUS_CORONEL VIVIDA', 'CAMPUS_FOZ DO IGUAÇU', 'CAMPUS_GOIOERÊ', 'CAMPUS_IVAIPORÃ', 'CAMPUS_LONDRINA - CENTRO', 'CAMPUS_PALMAS', 'CAMPUS_PARANAVAÍ', 'CAMPUS_PINHAIS', 'CAMPUS_QUEDAS DO IGUAÇU', 'CAMPUS_TELÊMACO BORBA', 'CAMPUS_UMUARAMA', 'CAMPUS_UNIÃO DA VITÓRIA', 'CURSOS_TEC_INTEGRADO', 'CURSOS_TEC_SUBSEQUENTE', 'CURSOS_GRAD_VESPERTINO', 'FERIADO', 'GREVE', 'LAG_01', 'LAG_04', 'LAG_05', 'LAG_06', 'LAG_07', 'LAG_08', 'LAG_09', 'LAG_10', 'LAG_11', 'LAG_12');0.3089
('TEMP_MÉD_MIN_MENS', 'TEMP_MÉD_MÉD_MENS', 'TEMP_MÉD_MAX_MENS', 'TEMP_MÉD_ACC_MENS', 'TEMP_MAX_MÉD_MENS', 'PRECIPITAÇÃO_MÉD_MENS', 'TEMP_MIN_MAX_MENS', 'TEMP_MIN_ACC_MENS', 'TEMP_MAX_MIN_MENS', 'PRECIPITAÇÃO_MIN_MENS', 'TEMP_MAX_MAX_MENS', 'TEMP_MAX_ACC_MENS', 'DIA_DA_SEMANA_dom', 'DIA_DA_SEMANA_seg', 'DIA_DA_SEMANA_sáb', 'DIA_DA_SEMANA_ter', 'MÊS_abr', 'MÊS_fev', 'MÊS_jul', 'MÊS_jun', 'MÊS_mai', 'MÊS_nov', 'MÊS_out', 'MÊS_set', 'ANO_2021', 'ANO_2022', 'ANO_2023', 'ANO_2015', 'ANO_2016', 'ANO_2017', 'ANO_2018', 'ANO_2020', 'CAMPUS_CAPANEMA', 'CAMPUS_CASCAVEL', 'CAMPUS_CORONEL VIVIDA', 'CAMPUS_CURITIBA', 'CAMPUS_FOZ DO IGUAÇU', 'CAMPUS_GOIOERÊ', 'CAMPUS_IRATI', 'CAMPUS_IVAIPORÃ', 'CAMPUS_JACAREZINHO', 'CAMPUS_JAGUARIAÍVA', 'CAMPUS_LONDRINA - CENTRO', 'CAMPUS_PALMAS', 'CAMPUS_PARANAGUÁ', 'CAMPUS_PARANAVAÍ', 'CAMPUS_PINHAIS', 'CAMPUS_PITANGA', 'CAMPUS_QUEDAS DO IGUAÇU', 'CAMPUS_TELÊMACO BORBA', 'CAMPUS_UMUARAMA', 'CURSOS_TEC_SUBSEQUENTE', 'CURSOS_GRAD_NOTURNO', 'FÉRIAS', 'LAG_01', 'LAG_02', 'LAG_03', 'LAG_04', 'LAG_07', 'LAG_09', 'LAG_11', 'LAG_12');0.30897
('TEMP_MIN_MÉD_MENS', 'TEMP_MÉD_MIN_MENS', 'TEMP_MÉD_MÉD_MENS', 'TEMP_MÉD_MAX_MENS', 'TEMP_MAX_MÉD_MENS', 'PRECIPITAÇÃO_MÉD_MENS', 'TEMP_MIN_MIN_MENS', 'TEMP_MIN_MAX_MENS', 'TEMP_MAX_MIN_MENS', 'TEMP_MAX_ACC_MENS', 'PRECIPITAÇÃO_ACC_MENS', 'DIA_DA_SEMANA_qua', 'DIA_DA_SEMANA_ter', 'MÊS_abr', 'MÊS_jul', 'MÊS_mai', 'MÊS_nov', 'MÊS_out', 'ANO_2021', 'ANO_2022', 'ANO_2023', 'ANO_2020', 'CAMPUS_ASSIS CHATEAUBRIAND', 'CAMPUS_ASTORGA', 'CAMPUS_BARRACÃO', 'CAMPUS_CAMPO LARGO', 'CAMPUS_CAPANEMA', 'CAMPUS_CORONEL VIVIDA', 'CAMPUS_CURITIBA', 'CAMPUS_FOZ DO IGUAÇU', 'CAMPUS_GOIOERÊ', 'CAMPUS_IVAIPORÃ', 'CAMPUS_LONDRINA - CENTRO', 'CAMPUS_PALMAS', 'CAMPUS_PITANGA', 'CAMPUS_QUEDAS DO IGUAÇU', 'CAMPUS_UMUARAMA', 'CURSOS_TEC_SUBSEQUENTE', 'CURSOS_GRAD_MATUTINO', 'CURSOS_GRAD_NOTURNO', 'CURSOS_POS', 'ORDEM', 'LAG_01', 'LAG_04', 'LAG_05', 'LAG_07', 'LAG_09', 'LAG_11');0.30898
('TEMP_MIN_MÉD_MENS', 'TEMP_MÉD_MIN_MENS', 'TEMP_MÉD_MAX_MENS', 'TEMP_MÉD_ACC_MENS', 'TEMP_MAX_MÉD_MENS', 'PRECIPITAÇÃO_MÉD_MENS', 'TEMP_MIN_MAX_MENS', 'TEMP_MAX_MIN_MENS', 'TEMP_MAX_MAX_MENS', 'PRECIPITAÇÃO_ACC_MENS', 'DIA_DA_SEMANA_dom', 'DIA_DA_SEMANA_qui', 'DIA_DA_SEMANA_seg', 'MÊS_abr', 'MÊS_dez', 'MÊS_fev', 'MÊS_jul', 'MÊS_mai', 'MÊS_mar', 'MÊS_nov', 'MÊS_set', 'ANO_2022', 'ANO_2023', 'ANO_2015', 'ANO_2016', 'ANO_2017', 'ANO_2018', 'ANO_2019', 'ANO_2020', 'CAMPUS_ASTORGA', 'CAMPUS_CAPANEMA', 'CAMPUS_CASCAVEL', 'CAMPUS_CORONEL VIVIDA', 'CAMPUS_FOZ DO IGUAÇU', 'CAMPUS_GOIOERÊ', 'CAMPUS_IRATI', 'CAMPUS_IVAIPORÃ', 'CAMPUS_JAGUARIAÍVA', 'CAMPUS_LONDRINA - CENTRO', 'CAMPUS_PALMAS', 'CAMPUS_PARANAGUÁ', 'CAMPUS_PINHAIS', 'CAMPUS_PITANGA', 'CAMPUS_QUEDAS DO IGUAÇU', 'CAMPUS_TELÊMACO BORBA', 'CAMPUS_UNIÃO DA VITÓRIA', 'CURSOS_TEC_CONCOMITANTE', 'CURSOS_GRAD_NOTURNO', 'CURSOS_POS', 'ORDEM', 'LAG_01', 'LAG_03', 'LAG_04', 'LAG_05', 'LAG_06', 'LAG_07', 'LAG_09', 'LAG_10', 'LAG_11');0.30899
('TEMP_MÉD_MIN_MENS', 'TEMP_MÉD_ACC_MENS', 'TEMP_MAX_MÉD_MENS', 'PRECIPITAÇÃO_MÉD_MENS', 'TEMP_MIN_ACC_MENS', 'TEMP_MAX_MIN_MENS', 'PRECIPITAÇÃO_MIN_MENS', 'TEMP_MAX_ACC_MENS', 'PRECIPITAÇÃO_ACC_MENS', 'DIA_DA_SEMANA_seg', 'DIA_DA_SEMANA_ter', 'MÊS_ago', 'MÊS_dez', 'MÊS_fev', 'MÊS_jul', 'MÊS_jun', 'MÊS_mai', 'MÊS_mar', 'MÊS_nov', 'MÊS_set', 'ANO_2022', 'ANO_2024', 'ANO_2017', 'ANO_2018', 'ANO_2019', 'ANO_2020', 'CAMPUS_ASSIS CHATEAUBRIAND', 'CAMPUS_ASTORGA', 'CAMPUS_CAMPO LARGO', 'CAMPUS_CORONEL VIVIDA', 'CAMPUS_CURITIBA', 'CAMPUS_GOIOERÊ', 'CAMPUS_IVAIPORÃ', 'CAMPUS_JACAREZINHO', 'CAMPUS_LONDRINA - CENTRO', 'CAMPUS_PARANAVAÍ', 'CAMPUS_PINHAIS', 'CAMPUS_UMUARAMA', 'CURSOS_TEC_SUBSEQUENTE', 'CURSOS_GRAD_VESPERTINO', 'COVID', 'GREVE', 'LAG_01', 'LAG_02', 'LAG_05', 'LAG_06', 'LAG_08', 'LAG_11', 'LAG_12');0.309
('TEMP_MIN_MÉD_MENS', 'TEMP_MÉD_MIN_MENS', 'TEMP_MÉD_ACC_MENS', 'TEMP_MAX_MÉD_MENS', 'PRECIPITAÇÃO_MÉD_MENS', 'TEMP_MIN_MAX_MENS', 'TEMP_MIN_ACC_MENS', 'TEMP_MAX_ACC_MENS', 'DIA_DA_SEMANA_qua', 'DIA_DA_SEMANA_qui', 'DIA_DA_SEMANA_sex', 'DIA_DA_SEMANA_sáb', 'MÊS_abr', 'MÊS_ago', 'MÊS_fev', 'MÊS_jan', 'MÊS_jun', 'MÊS_out', 'ANO_2023', 'ANO_2024', 'ANO_2015', 'ANO_2017', 'ANO_2018', 'ANO_2019', 'CAMPUS_ASSIS CHATEAUBRIAND', 'CAMPUS_ASTORGA', 'CAMPUS_CAMPO LARGO', 'CAMPUS_CORONEL VIVIDA', 'CAMPUS_FOZ DO IGUAÇU', 'CAMPUS_IVAIPORÃ', 'CAMPUS_JACAREZINHO', 'CAMPUS_JAGUARIAÍVA', 'CAMPUS_LONDRINA - CENTRO', 'CAMPUS_PALMAS', 'CAMPUS_PARANAGUÁ', 'CAMPUS_PITANGA', 'CAMPUS_QUEDAS DO IGUAÇU', 'CAMPUS_TELÊMACO BORBA', 'CAMPUS_UNIÃO DA VITÓRIA', 'CURSOS_TEC_CONCOMITANTE', 'CURSOS_TEC_SUBSEQUENTE', 'CURSOS_GRAD_VESPERTINO', 'FERIADO', 'COVID', 'GREVE', 'LAG_02', 'LAG_04', 'LAG_05', 'LAG_07', 'LAG_09', 'LAG_11', 'LAG_12');0.30916
('TEMP_MIN_MÉD_MENS', 'TEMP_MÉD_MAX_MENS', 'TEMP_MÉD_ACC_MENS', 'TEMP_MAX_MÉD_MENS', 'PRECIPITAÇÃO_MÉD_MENS', 'TEMP_MIN_MAX_MENS', 'TEMP_MAX_MIN_MENS', 'PRECIPITAÇÃO_MIN_MENS', 'TEMP_MAX_MAX_MENS', 'TEMP_MAX_ACC_MENS', 'PRECIPITAÇÃO_MAX_MENS', 'PRECIPITAÇÃO_ACC_MENS', 'DIA_DA_SEMANA_qui', 'DIA_DA_SEMANA_seg', 'DIA_DA_SEMANA_sex', 'DIA_DA_SEMANA_ter', 'MÊS_dez', 'MÊS_jun', 'MÊS_mai', 'MÊS_mar', 'MÊS_out', 'MÊS_set', 'ANO_2021', 'ANO_2022', 'ANO_2023', 'ANO_2024', 'ANO_2017', 'ANO_2019', 'ANO_2020', 'CAMPUS_ASSIS CHATEAUBRIAND', 'CAMPUS_ASTORGA', 'CAMPUS_BARRACÃO', 'CAMPUS_CAPANEMA', 'CAMPUS_FOZ DO IGUAÇU', 'CAMPUS_JACAREZINHO', 'CAMPUS_LONDRINA - CENTRO', 'CAMPUS_PALMAS', 'CAMPUS_PARANAGUÁ', 'CAMPUS_PINHAIS', 'CAMPUS_TELÊMACO BORBA', 'CAMPUS_UMUARAMA', 'CURSOS_TEC_CONCOMITANTE', 'CURSOS_TEC_INTEGRADO', 'CURSOS_TEC_SUBSEQUENTE', 'CURSOS_GRAD_NOTURNO', 'CURSOS_POS', 'FÉRIAS', 'FERIADO', 'ORDEM', 'LAG_01', 'LAG_02', 'LAG_03', 'LAG_04', 'LAG_07', 'LAG_08', 'LAG_09', 'LAG_10', 'LAG_12');0.30918
('TEMP_MIN_MÉD_MENS', 'TEMP_MÉD_MIN_MENS', 'TEMP_MÉD_MÉD_MENS', 'TEMP_MÉD_MAX_MENS', 'TEMP_MIN_MAX_MENS', 'TEMP_MIN_ACC_MENS', 'TEMP_MAX_MIN_MENS', 'PRECIPITAÇÃO_MIN_MENS', 'PRECIPITAÇÃO_MAX_MENS', 'PRECIPITAÇÃO_ACC_MENS', 'DIA_DA_SEMANA_qua', 'DIA_DA_SEMANA_qui', 'DIA_DA_SEMANA_seg', 'MÊS_abr', 'MÊS_ago', 'MÊS_fev', 'MÊS_jul', 'MÊS_jun', 'MÊS_nov', 'MÊS_out', 'MÊS_set', 'ANO_2021', 'ANO_2023', 'ANO_2024', 'ANO_2015', 'ANO_2019', 'ANO_2020', 'CAMPUS_BARRACÃO', 'CAMPUS_CAMPO LARGO', 'CAMPUS_CAPANEMA', 'CAMPUS_CASCAVEL', 'CAMPUS_CORONEL VIVIDA', 'CAMPUS_FOZ DO IGUAÇU', 'CAMPUS_GOIOERÊ', 'CAMPUS_IRATI', 'CAMPUS_LONDRINA - CENTRO', 'CAMPUS_PARANAGUÁ', 'CAMPUS_PARANAVAÍ', 'CAMPUS_PINHAIS', 'CAMPUS_QUEDAS DO IGUAÇU', 'CAMPUS_UMUARAMA', 'CURSOS_TEC_CONCOMITANTE', 'CURSOS_TEC_INTEGRADO', 'CURSOS_TEC_SUBSEQUENTE', 'CURSOS_GRAD_MATUTINO', 'CURSOS_GRAD_NOTURNO', 'FÉRIAS', 'FERIADO', 'GREVE', 'ORDEM', 'LAG_01', 'LAG_02', 'LAG_03', 'LAG_04', 'LAG_05', 'LAG_07', 'LAG_08', 'LAG_10', 'LAG_11', 'LAG_12');0.30918
('TEMP_MIN_MÉD_MENS', 'TEMP_MÉD_MIN_MENS', 'TEMP_MÉD_MÉD_MENS', 'TEMP_MÉD_MAX_MENS', 'TEMP_MAX_MÉD_MENS', 'PRECIPITAÇÃO_MÉD_MENS', 'TEMP_MIN_MIN_MENS', 'TEMP_MIN_ACC_MENS', 'TEMP_MAX_MAX_MENS', 'TEMP_MAX_ACC_MENS', 'PRECIPITAÇÃO_MAX_MENS', 'DIA_DA_SEMANA_dom', 'DIA_DA_SEMANA_qua', 'DIA_DA_SEMANA_seg', 'DIA_DA_SEMANA_sex', 'DIA_DA_SEMANA_sáb', 'MÊS_abr', 'MÊS_ago', 'MÊS_dez', 'MÊS_fev', 'MÊS_jan', 'MÊS_jul', 'MÊS_jun', 'MÊS_nov', 'MÊS_out', 'MÊS_set', 'ANO_2021', 'ANO_2023', 'ANO_2016', 'ANO_2017', 'ANO_2018', 'ANO_2019', 'ANO_2020', 'CAMPUS_ASSIS CHATEAUBRIAND', 'CAMPUS_ASTORGA', 'CAMPUS_CAMPO LARGO', 'CAMPUS_CAPANEMA', 'CAMPUS_CASCAVEL', 'CAMPUS_CURITIBA', 'CAMPUS_FOZ DO IGUAÇU', 'CAMPUS_GOIOERÊ', 'CAMPUS_IRATI', 'CAMPUS_IVAIPORÃ', 'CAMPUS_JACAREZINHO', 'CAMPUS_JAGUARIAÍVA', 'CAMPUS_PINHAIS', 'CAMPUS_QUEDAS DO IGUAÇU', 'CAMPUS_UMUARAMA', 'CURSOS_TEC_CONCOMITANTE', 'CURSOS_TEC_SUBSEQUENTE', 'CURSOS_GRAD_MATUTINO', 'CURSOS_POS', 'FERIADO', 'COVID', 'GREVE', 'LAG_01', 'LAG_03', 'LAG_07', 'LAG_08', 'LAG_10', 'LAG_12');0.30919
('TEMP_MÉD_MAX_MENS', 'TEMP_MÉD_ACC_MENS', 'PRECIPITAÇÃO_MÉD_MENS', 'TEMP_MIN_MAX_MENS', 'TEMP_MIN_ACC_MENS', 'PRECIPITAÇÃO_MIN_MENS', 'TEMP_MAX_MAX_MENS', 'PRECIPITAÇÃO_MAX_MENS', 'DIA_DA_SEMANA_dom', 'DIA_DA_SEMANA_qua', 'DIA_DA_SEMANA_sex', 'MÊS_abr', 'MÊS_ago', 'MÊS_dez', 'MÊS_fev', 'MÊS_jan', 'MÊS_jun', 'MÊS_mai', 'MÊS_mar', 'MÊS_out', 'ANO_2022', 'ANO_2018', 'ANO_2020', 'CAMPUS_ASSIS CHATEAUBRIAND', 'CAMPUS_ASTORGA', 'CAMPUS_BARRACÃO', 'CAMPUS_CAPANEMA', 'CAMPUS_CASCAVEL', 'CAMPUS_CURITIBA', 'CAMPUS_FOZ DO IGUAÇU', 'CAMPUS_GOIOERÊ', 'CAMPUS_IVAIPORÃ', 'CAMPUS_JACAREZINHO', 'CAMPUS_PARANAGUÁ', 'CAMPUS_PINHAIS', 'CAMPUS_PITANGA', 'CAMPUS_QUEDAS DO IGUAÇU', 'CAMPUS_UMUARAMA', 'CAMPUS_UNIÃO DA VITÓRIA', 'CURSOS_TEC_CONCOMITANTE', 'CURSOS_TEC_INTEGRADO', 'CURSOS_TEC_SUBSEQUENTE', 'CURSOS_GRAD_NOTURNO', 'FÉRIAS', 'FERIADO', 'GREVE', 'ORDEM', 'LAG_01', 'LAG_02', 'LAG_03', 'LAG_04', 'LAG_05', 'LAG_07', 'LAG_08', 'LAG_09', 'LAG_10', 'LAG_11', 'LAG_12');0.30921
('TEMP_MÉD_MAX_MENS', 'TEMP_MAX_MÉD_MENS', 'PRECIPITAÇÃO_MIN_MENS', 'TEMP_MAX_MAX_MENS', 'PRECIPITAÇÃO_ACC_MENS', 'DIA_DA_SEMANA_dom', 'DIA_DA_SEMANA_qua', 'DIA_DA_SEMANA_seg', 'DIA_DA_SEMANA_sáb', 'DIA_DA_SEMANA_ter', 'MÊS_abr', 'MÊS_fev', 'MÊS_mar', 'MÊS_nov', 'MÊS_out', 'MÊS_set', 'ANO_2022', 'ANO_2023', 'ANO_2024', 'ANO_2016', 'ANO_2017', 'ANO_2018', 'ANO_2019', 'ANO_2020', 'CAMPUS_ASSIS CHATEAUBRIAND', 'CAMPUS_ASTORGA', 'CAMPUS_CAMPO LARGO', 'CAMPUS_CASCAVEL', 'CAMPUS_CORONEL VIVIDA', 'CAMPUS_CURITIBA', 'CAMPUS_FOZ DO IGUAÇU', 'CAMPUS_IVAIPORÃ', 'CAMPUS_JACAREZINHO', 'CAMPUS_JAGUARIAÍVA', 'CAMPUS_LONDRINA - CENTRO', 'CAMPUS_PALMAS', 'CAMPUS_PARANAGUÁ', 'CAMPUS_PARANAVAÍ', 'CAMPUS_UMUARAMA', 'CAMPUS_UNIÃO DA VITÓRIA', 'CURSOS_TEC_CONCOMITANTE', 'CURSOS_GRAD_NOTURNO', 'FÉRIAS', 'FERIADO', 'ORDEM', 'LAG_01', 'LAG_07', 'LAG_09', 'LAG_11', 'LAG_12');0.30922
('TEMP_MIN_MÉD_MENS', 'TEMP_MÉD_MIN_MENS', 'TEMP_MÉD_MÉD_MENS', 'TEMP_MÉD_MAX_MENS', 'TEMP_MAX_MÉD_MENS', 'PRECIPITAÇÃO_MÉD_MENS', 'TEMP_MIN_MIN_MENS', 'TEMP_MIN_MAX_MENS', 'PRECIPITAÇÃO_MIN_MENS', 'TEMP_MAX_ACC_MENS', 'PRECIPITAÇÃO_MAX_MENS', 'PRECIPITAÇÃO_ACC_MENS', 'DIA_DA_SEMANA_qua', 'DIA_DA_SEMANA_qui', 'DIA_DA_SEMANA_ter', 'MÊS_ago', 'MÊS_fev', 'MÊS_jan', 'MÊS_jun', 'MÊS_mar', 'MÊS_nov', 'MÊS_out', 'ANO_2022', 'ANO_2024', 'ANO_2015', 'ANO_2016', 'CAMPUS_BARRACÃO', 'CAMPUS_CAMPO LARGO', 'CAMPUS_CAPANEMA', 'CAMPUS_CASCAVEL', 'CAMPUS_CURITIBA', 'CAMPUS_GOIOERÊ', 'CAMPUS_JACAREZINHO', 'CAMPUS_JAGUARIAÍVA', 'CAMPUS_LONDRINA - CENTRO', 'CAMPUS_PALMAS', 'CAMPUS_PARANAVAÍ', 'CAMPUS_PITANGA', 'CAMPUS_QUEDAS DO IGUAÇU', 'CAMPUS_TELÊMACO BORBA', 'CAMPUS_UMUARAMA', 'CURSOS_TEC_INTEGRADO', 'CURSOS_TEC_SUBSEQUENTE', 'CURSOS_GRAD_MATUTINO', 'CURSOS_GRAD_NOTURNO', 'CURSOS_POS', 'COVID', 'GREVE', 'LAG_02', 'LAG_03', 'LAG_04', 'LAG_05', 'LAG_06', 'LAG_07', 'LAG_08', 'LAG_09', 'LAG_11');0.30939
('TEMP_MIN_MÉD_MENS', 'TEMP_MÉD_MÉD_MENS', 'TEMP_MÉD_MAX_MENS', 'TEMP_MAX_MÉD_MENS', 'PRECIPITAÇÃO_MÉD_MENS', 'TEMP_MIN_MIN_MENS', 'TEMP_MIN_MAX_MENS', 'TEMP_MIN_ACC_MENS', 'PRECIPITAÇÃO_MAX_MENS', 'DIA_DA_SEMANA_qua', 'DIA_DA_SEMANA_seg', 'DIA_DA_SEMANA_sex', 'DIA_DA_SEMANA_sáb', 'DIA_DA_SEMANA_ter', 'MÊS_abr', 'MÊS_ago', 'MÊS_fev', 'MÊS_jan', 'MÊS_jun', 'MÊS_nov', 'MÊS_out', 'ANO_2021', 'ANO_2022', 'ANO_2024', 'ANO_2015', 'ANO_2016', 'ANO_2019', 'CAMPUS_ASSIS CHATEAUBRIAND', 'CAMPUS_ASTORGA', 'CAMPUS_BARRACÃO', 'CAMPUS_CAMPO LARGO', 'CAMPUS_CAPANEMA', 'CAMPUS_CASCAVEL', 'CAMPUS_FOZ DO IGUAÇU', 'CAMPUS_JACAREZINHO', 'CAMPUS_JAGUARIAÍVA', 'CAMPUS_PINHAIS', 'CAMPUS_PITANGA', 'CAMPUS_UMUARAMA', 'CURSOS_TEC_CONCOMITANTE', 'CURSOS_GRAD_MATUTINO', 'CURSOS_GRAD_VESPERTINO', 'CURSOS_POS', 'FÉRIAS', 'LAG_01', 'LAG_03', 'LAG_04', 'LAG_05', 'LAG_06', 'LAG_12');0.30945
('TEMP_MIN_MÉD_MENS', 'TEMP_MÉD_MIN_MENS', 'TEMP_MÉD_MÉD_MENS', 'TEMP_MÉD_MAX_MENS', 'TEMP_MÉD_ACC_MENS', 'TEMP_MAX_MÉD_MENS', 'PRECIPITAÇÃO_MÉD_MENS', 'TEMP_MIN_MIN_MENS', 'TEMP_MIN_ACC_MENS', 'TEMP_MAX_MIN_MENS', 'PRECIPITAÇÃO_MIN_MENS', 'PRECIPITAÇÃO_MAX_MENS', 'DIA_DA_SEMANA_dom', 'DIA_DA_SEMANA_qua', 'DIA_DA_SEMANA_sex', 'DIA_DA_SEMANA_sáb', 'DIA_DA_SEMANA_ter', 'MÊS_abr', 'MÊS_ago', 'MÊS_jul', 'MÊS_jun', 'MÊS_nov', 'MÊS_out', 'MÊS_set', 'ANO_2021', 'ANO_2022', 'ANO_2023', 'ANO_2015', 'ANO_2016', 'ANO_2019', 'CAMPUS_BARRACÃO', 'CAMPUS_CAPANEMA', 'CAMPUS_CASCAVEL', 'CAMPUS_CORONEL VIVIDA', 'CAMPUS_CURITIBA', 'CAMPUS_FOZ DO IGUAÇU', 'CAMPUS_GOIOERÊ', 'CAMPUS_IVAIPORÃ', 'CAMPUS_JAGUARIAÍVA', 'CAMPUS_PALMAS', 'CAMPUS_PINHAIS', 'CAMPUS_PITANGA', 'CAMPUS_TELÊMACO BORBA', 'CAMPUS_UMUARAMA', 'CURSOS_TEC_CONCOMITANTE', 'CURSOS_GRAD_MATUTINO', 'CURSOS_GRAD_NOTURNO', 'CURSOS_POS', 'FÉRIAS', 'FERIADO', 'LAG_01', 'LAG_02', 'LAG_03', 'LAG_05', 'LAG_06', 'LAG_07', 'LAG_08', 'LAG_09', 'LAG_10', 'LAG_12');0.30956
('TEMP_MIN_MÉD_MENS', 'TEMP_MÉD_MÉD_MENS', 'TEMP_MIN_MIN_MENS', 'TEMP_MIN_ACC_MENS', 'TEMP_MAX_MIN_MENS', 'TEMP_MAX_MAX_MENS', 'PRECIPITAÇÃO_MAX_MENS', 'PRECIPITAÇÃO_ACC_MENS', 'DIA_DA_SEMANA_dom', 'DIA_DA_SEMANA_qua', 'DIA_DA_SEMANA_sex', 'DIA_DA_SEMANA_sáb', 'DIA_DA_SEMANA_ter', 'MÊS_abr', 'MÊS_fev', 'MÊS_jun', 'MÊS_mai', 'MÊS_mar', 'MÊS_out', 'MÊS_set', 'ANO_2021', 'ANO_2023', 'ANO_2024', 'ANO_2016', 'ANO_2019', 'CAMPUS_BARRACÃO', 'CAMPUS_CAMPO LARGO', 'CAMPUS_CAPANEMA', 'CAMPUS_CASCAVEL', 'CAMPUS_CORONEL VIVIDA', 'CAMPUS_FOZ DO IGUAÇU', 'CAMPUS_IRATI', 'CAMPUS_IVAIPORÃ', 'CAMPUS_LONDRINA - CENTRO', 'CAMPUS_PALMAS', 'CAMPUS_PARANAGUÁ', 'CAMPUS_PARANAVAÍ', 'CAMPUS_UMUARAMA', 'CAMPUS_UNIÃO DA VITÓRIA', 'CURSOS_TEC_INTEGRADO', 'CURSOS_GRAD_MATUTINO', 'CURSOS_GRAD_VESPERTINO', 'CURSOS_GRAD_NOTURNO', 'CURSOS_POS', 'COVID', 'ORDEM', 'LAG_01', 'LAG_02', 'LAG_04', 'LAG_06', 'LAG_11');0.30965
('TEMP_MÉD_MIN_MENS', 'TEMP_MÉD_MÉD_MENS', 'TEMP_MAX_MÉD_MENS', 'PRECIPITAÇÃO_MÉD_MENS', 'TEMP_MIN_MAX_MENS', 'TEMP_MIN_ACC_MENS', 'PRECIPITAÇÃO_MIN_MENS', 'TEMP_MAX_ACC_MENS', 'PRECIPITAÇÃO_MAX_MENS', 'PRECIPITAÇÃO_ACC_MENS', 'DIA_DA_SEMANA_dom', 'DIA_DA_SEMANA_qua', 'DIA_DA_SEMANA_qui', 'DIA_DA_SEMANA_sex', 'DIA_DA_SEMANA_sáb', 'DIA_DA_SEMANA_ter', 'MÊS_abr', 'MÊS_dez', 'MÊS_fev', 'MÊS_jul', 'MÊS_jun', 'MÊS_mar', 'MÊS_nov', 'MÊS_out', 'ANO_2023', 'ANO_2015', 'ANO_2016', 'ANO_2018', 'ANO_2019', 'ANO_2020', 'CAMPUS_ASSIS CHATEAUBRIAND', 'CAMPUS_CAPANEMA', 'CAMPUS_CURITIBA', 'CAMPUS_GOIOERÊ', 'CAMPUS_IRATI', 'CAMPUS_IVAIPORÃ', 'CAMPUS_JACAREZINHO', 'CAMPUS_JAGUARIAÍVA', 'CAMPUS_LONDRINA - CENTRO', 'CAMPUS_PALMAS', 'CAMPUS_PINHAIS', 'CAMPUS_PITANGA', 'CAMPUS_QUEDAS DO IGUAÇU', 'CURSOS_TEC_INTEGRADO', 'CURSOS_TEC_SUBSEQUENTE', 'CURSOS_GRAD_MATUTINO', 'CURSOS_GRAD_NOTURNO', 'FÉRIAS', 'LAG_01', 'LAG_02', 'LAG_07', 'LAG_09', 'LAG_12');0.30974
('TEMP_MIN_MÉD_MENS', 'TEMP_MÉD_MIN_MENS', 'TEMP_MÉD_ACC_MENS', 'TEMP_MAX_MÉD_MENS', 'TEMP_MAX_MIN_MENS', 'TEMP_MAX_MAX_MENS', 'TEMP_MAX_ACC_MENS', 'PRECIPITAÇÃO_ACC_MENS', 'DIA_DA_SEMANA_dom', 'DIA_DA_SEMANA_qui', 'DIA_DA_SEMANA_seg', 'DIA_DA_SEMANA_sex', 'DIA_DA_SEMANA_sáb', 'DIA_DA_SEMANA_ter', 'MÊS_abr', 'MÊS_fev', 'MÊS_jul', 'MÊS_jun', 'MÊS_mai', 'MÊS_mar', 'MÊS_nov', 'MÊS_out', 'MÊS_set', 'ANO_2021', 'ANO_2023', 'ANO_2015', 'ANO_2016', 'ANO_2017', 'ANO_2018', 'CAMPUS_CAPANEMA', 'CAMPUS_CASCAVEL', 'CAMPUS_CURITIBA', 'CAMPUS_FOZ DO IGUAÇU', 'CAMPUS_IRATI', 'CAMPUS_JAGUARIAÍVA', 'CAMPUS_PALMAS', 'CAMPUS_PARANAGUÁ', 'CAMPUS_PARANAVAÍ', 'CAMPUS_PITANGA', 'CAMPUS_QUEDAS DO IGUAÇU', 'CAMPUS_TELÊMACO BORBA', 'CAMPUS_UMUARAMA', 'CURSOS_TEC_CONCOMITANTE', 'CURSOS_TEC_INTEGRADO', 'CURSOS_GRAD_MATUTINO', 'CURSOS_GRAD_NOTURNO', 'CURSOS_POS', 'FÉRIAS', 'FERIADO', 'GREVE', 'ORDEM', 'LAG_01', 'LAG_02', 'LAG_03', 'LAG_04', 'LAG_07', 'LAG_09', 'LAG_11', 'LAG_12');0.30976
('TEMP_MIN_MÉD_MENS', 'TEMP_MÉD_MIN_MENS', 'TEMP_MÉD_MÉD_MENS', 'TEMP_MÉD_ACC_MENS', 'TEMP_MIN_ACC_MENS', 'TEMP_MAX_MIN_MENS', 'PRECIPITAÇÃO_MIN_MENS', 'TEMP_MAX_MAX_MENS', 'TEMP_MAX_ACC_MENS', 'PRECIPITAÇÃO_MAX_MENS', 'PRECIPITAÇÃO_ACC_MENS', 'DIA_DA_SEMANA_qua', 'DIA_DA_SEMANA_seg', 'DIA_DA_SEMANA_sex', 'DIA_DA_SEMANA_sáb', 'DIA_DA_SEMANA_ter', 'MÊS_abr', 'MÊS_fev', 'MÊS_jan', 'MÊS_jun', 'MÊS_mai', 'MÊS_nov', 'MÊS_out', 'ANO_2021', 'ANO_2022', 'ANO_2024', 'ANO_2015', 'ANO_2016', 'ANO_2017', 'ANO_2020', 'CAMPUS_ASSIS CHATEAUBRIAND', 'CAMPUS_CAMPO LARGO', 'CAMPUS_CASCAVEL', 'CAMPUS_CORONEL VIVIDA', 'CAMPUS_FOZ DO IGUAÇU', 'CAMPUS_IRATI', 'CAMPUS_JAGUARIAÍVA', 'CAMPUS_LONDRINA - CENTRO', 'CAMPUS_PARANAGUÁ', 'CAMPUS_PITANGA', 'CAMPUS_QUEDAS DO IGUAÇU', 'CURSOS_TEC_CONCOMITANTE', 'CURSOS_TEC_INTEGRADO', 'CURSOS_GRAD_MATUTINO', 'CURSOS_GRAD_VESPERTINO', 'CURSOS_GRAD_NOTURNO', 'FERIADO', 'COVID', 'GREVE', 'ORDEM', 'LAG_02', 'LAG_03', 'LAG_04', 'LAG_05', 'LAG_07', 'LAG_09', 'LAG_10', 'LAG_12');0.30982
('TEMP_MIN_MÉD_MENS', 'TEMP_MÉD_MIN_MENS', 'TEMP_MÉD_MÉD_MENS', 'TEMP_MÉD_MAX_MENS', 'TEMP_MÉD_ACC_MENS', 'TEMP_MAX_MÉD_MENS', 'TEMP_MIN_MIN_MENS', 'TEMP_MAX_ACC_MENS', 'PRECIPITAÇÃO_MAX_MENS', 'DIA_DA_SEMANA_dom', 'DIA_DA_SEMANA_seg', 'DIA_DA_SEMANA_sex', 'DIA_DA_SEMANA_sáb', 'DIA_DA_SEMANA_ter', 'MÊS_jan', 'MÊS_mai', 'MÊS_out', 'ANO_2023', 'ANO_2024', 'ANO_2015', 'ANO_2020', 'CAMPUS_ASSIS CHATEAUBRIAND', 'CAMPUS_BARRACÃO', 'CAMPUS_CAMPO LARGO', 'CAMPUS_CASCAVEL', 'CAMPUS_CORONEL VIVIDA', 'CAMPUS_IRATI', 'CAMPUS_IVAIPORÃ', 'CAMPUS_JACAREZINHO', 'CAMPUS_JAGUARIAÍVA', 'CAMPUS_PALMAS', 'CAMPUS_PARANAGUÁ', 'CAMPUS_PARANAVAÍ', 'CAMPUS_PITANGA', 'CAMPUS_QUEDAS DO IGUAÇU', 'CAMPUS_TELÊMACO BORBA', 'CAMPUS_UMUARAMA', 'CURSOS_TEC_CONCOMITANTE', 'CURSOS_TEC_INTEGRADO', 'CURSOS_TEC_SUBSEQUENTE', 'CURSOS_GRAD_MATUTINO', 'CURSOS_GRAD_VESPERTINO', 'CURSOS_GRAD_NOTURNO', 'CURSOS_POS', 'FERIADO', 'COVID', 'GREVE', 'ORDEM', 'LAG_01', 'LAG_04', 'LAG_05', 'LAG_07', 'LAG_08', 'LAG_09', 'LAG_11');0.30983
('TEMP_MÉD_MAX_MENS', 'TEMP_MÉD_ACC_MENS', 'TEMP_MAX_MÉD_MENS', 'PRECIPITAÇÃO_MÉD_MENS', 'TEMP_MIN_ACC_MENS', 'TEMP_MAX_MIN_MENS', 'PRECIPITAÇÃO_MIN_MENS', 'TEMP_MAX_ACC_MENS', 'DIA_DA_SEMANA_qua', 'DIA_DA_SEMANA_seg', 'DIA_DA_SEMANA_sex', 'DIA_DA_SEMANA_sáb', 'MÊS_ago', 'MÊS_dez', 'MÊS_fev', 'MÊS_jul', 'MÊS_jun', 'MÊS_mai', 'MÊS_mar', 'MÊS_nov', 'MÊS_out', 'MÊS_set', 'ANO_2021', 'ANO_2022', 'ANO_2023', 'ANO_2024', 'ANO_2016', 'CAMPUS_ASSIS CHATEAUBRIAND', 'CAMPUS_ASTORGA', 'CAMPUS_BARRACÃO', 'CAMPUS_CAMPO LARGO', 'CAMPUS_CORONEL VIVIDA', 'CAMPUS_CURITIBA', 'CAMPUS_IVAIPORÃ', 'CAMPUS_PARANAGUÁ', 'CAMPUS_PITANGA', 'CAMPUS_QUEDAS DO IGUAÇU', 'CAMPUS_UMUARAMA', 'CAMPUS_UNIÃO DA VITÓRIA', 'CURSOS_TEC_CONCOMITANTE', 'CURSOS_GRAD_VESPERTINO', 'FÉRIAS', 'FERIADO', 'GREVE', 'LAG_01', 'LAG_05', 'LAG_06', 'LAG_10', 'LAG_11', 'LAG_12');0.3099
('PRECIPITAÇÃO_MÉD_MENS', 'TEMP_MIN_MIN_MENS', 'TEMP_MAX_MIN_MENS', 'TEMP_MAX_MAX_MENS', 'TEMP_MAX_ACC_MENS', 'PRECIPITAÇÃO_MAX_MENS', 'PRECIPITAÇÃO_ACC_MENS', 'DIA_DA_SEMANA_dom', 'DIA_DA_SEMANA_qui', 'DIA_DA_SEMANA_seg', 'DIA_DA_SEMANA_sex', 'DIA_DA_SEMANA_sáb', 'MÊS_dez', 'MÊS_fev', 'MÊS_jan', 'MÊS_jun', 'MÊS_mar', 'MÊS_out', 'ANO_2021', 'ANO_2022', 'ANO_2023', 'ANO_2015', 'ANO_2016', 'ANO_2019', 'ANO_2020', 'CAMPUS_ASTORGA', 'CAMPUS_BARRACÃO', 'CAMPUS_CORONEL VIVIDA', 'CAMPUS_CURITIBA', 'CAMPUS_JACAREZINHO', 'CAMPUS_JAGUARIAÍVA', 'CAMPUS_PALMAS', 'CAMPUS_PARANAGUÁ', 'CAMPUS_PINHAIS', 'CAMPUS_PITANGA', 'CAMPUS_TELÊMACO BORBA', 'CAMPUS_UNIÃO DA VITÓRIA', 'CURSOS_GRAD_MATUTINO', 'FÉRIAS', 'FERIADO', 'GREVE', 'ORDEM', 'LAG_01', 'LAG_03', 'LAG_04', 'LAG_07', 'LAG_10', 'LAG_12');0.30991
('TEMP_MÉD_MAX_MENS', 'TEMP_MÉD_ACC_MENS', 'TEMP_MAX_MÉD_MENS', 'TEMP_MIN_ACC_MENS', 'TEMP_MAX_MIN_MENS', 'PRECIPITAÇÃO_MAX_MENS', 'DIA_DA_SEMANA_dom', 'DIA_DA_SEMANA_seg', 'DIA_DA_SEMANA_sáb', 'DIA_DA_SEMANA_ter', 'MÊS_abr', 'MÊS_jan', 'MÊS_jul', 'MÊS_jun', 'MÊS_mai', 'MÊS_mar', 'MÊS_nov', 'MÊS_out', 'ANO_2022', 'ANO_2023', 'ANO_2016', 'ANO_2017', 'ANO_2018', 'ANO_2020', 'CAMPUS_ASSIS CHATEAUBRIAND', 'CAMPUS_ASTORGA', 'CAMPUS_BARRACÃO', 'CAMPUS_CAPANEMA', 'CAMPUS_CURITIBA', 'CAMPUS_FOZ DO IGUAÇU', 'CAMPUS_GOIOERÊ', 'CAMPUS_LONDRINA - CENTRO', 'CAMPUS_PALMAS', 'CAMPUS_PARANAGUÁ', 'CAMPUS_PARANAVAÍ', 'CAMPUS_PITANGA', 'CAMPUS_TELÊMACO BORBA', 'CAMPUS_UNIÃO DA VITÓRIA', 'CURSOS_TEC_CONCOMITANTE', 'CURSOS_TEC_SUBSEQUENTE', 'CURSOS_GRAD_MATUTINO', 'CURSOS_GRAD_VESPERTINO', 'CURSOS_GRAD_NOTURNO', 'CURSOS_POS', 'FÉRIAS', 'FERIADO', 'ORDEM', 'LAG_03', 'LAG_04', 'LAG_07', 'LAG_08', 'LAG_11');0.30998
('TEMP_MIN_MÉD_MENS', 'TEMP_MÉD_MÉD_MENS', 'TEMP_MIN_ACC_MENS', 'TEMP_MAX_MIN_MENS', 'PRECIPITAÇÃO_MIN_MENS', 'TEMP_MAX_MAX_MENS', 'TEMP_MAX_ACC_MENS', 'PRECIPITAÇÃO_MAX_MENS', 'DIA_DA_SEMANA_dom', 'DIA_DA_SEMANA_qua', 'DIA_DA_SEMANA_seg', 'DIA_DA_SEMANA_sex', 'DIA_DA_SEMANA_ter', 'MÊS_abr', 'MÊS_ago', 'MÊS_fev', 'MÊS_jan', 'MÊS_jul', 'MÊS_jun', 'MÊS_mai', 'MÊS_mar', 'MÊS_nov', 'MÊS_out', 'MÊS_set', 'ANO_2021', 'ANO_2022', 'ANO_2023', 'ANO_2016', 'ANO_2018', 'ANO_2019', 'ANO_2020', 'CAMPUS_ASSIS CHATEAUBRIAND', 'CAMPUS_ASTORGA', 'CAMPUS_CASCAVEL', 'CAMPUS_CORONEL VIVIDA', 'CAMPUS_FOZ DO IGUAÇU', 'CAMPUS_IRATI', 'CAMPUS_IVAIPORÃ', 'CAMPUS_PARANAGUÁ', 'CAMPUS_PARANAVAÍ', 'CAMPUS_PINHAIS', 'CAMPUS_PITANGA', 'CAMPUS_UMUARAMA', 'CURSOS_TEC_CONCOMITANTE', 'CURSOS_TEC_INTEGRADO', 'CURSOS_TEC_SUBSEQUENTE', 'CURSOS_GRAD_NOTURNO', 'CURSOS_POS', 'FERIADO', 'ORDEM', 'LAG_01', 'LAG_02', 'LAG_04', 'LAG_05', 'LAG_06', 'LAG_07', 'LAG_11', 'LAG_12');0.31001
('TEMP_MIN_MÉD_MENS', 'TEMP_MÉD_MIN_MENS', 'TEMP_MÉD_MÉD_MENS', 'TEMP_MÉD_MAX_MENS', 'TEMP_MAX_MÉD_MENS', 'PRECIPITAÇÃO_MÉD_MENS', 'TEMP_MIN_MAX_MENS', 'PRECIPITAÇÃO_MIN_MENS', 'TEMP_MAX_MAX_MENS', 'PRECIPITAÇÃO_MAX_MENS', 'PRECIPITAÇÃO_ACC_MENS', 'DIA_DA_SEMANA_dom', 'DIA_DA_SEMANA_qua', 'DIA_DA_SEMANA_qui', 'DIA_DA_SEMANA_seg', 'DIA_DA_SEMANA_sex', 'DIA_DA_SEMANA_ter', 'MÊS_abr', 'MÊS_ago', 'MÊS_fev', 'MÊS_jan', 'MÊS_jun', 'MÊS_mai', 'MÊS_out', 'MÊS_set', 'ANO_2021', 'ANO_2022', 'ANO_2023', 'ANO_2024', 'ANO_2015', 'ANO_2016', 'ANO_2019', 'ANO_2020', 'CAMPUS_BARRACÃO', 'CAMPUS_CAMPO LARGO', 'CAMPUS_CAPANEMA', 'CAMPUS_CORONEL VIVIDA', 'CAMPUS_GOIOERÊ', 'CAMPUS_IRATI', 'CAMPUS_IVAIPORÃ', 'CAMPUS_LONDRINA - CENTRO', 'CAMPUS_PARANAVAÍ', 'CAMPUS_PINHAIS', 'CAMPUS_PITANGA', 'CAMPUS_QUEDAS DO IGUAÇU', 'CAMPUS_TELÊMACO BORBA', 'CAMPUS_UNIÃO DA VITÓRIA', 'CURSOS_TEC_CONCOMITANTE', 'CURSOS_TEC_INTEGRADO', 'CURSOS_GRAD_VESPERTINO', 'CURSOS_POS', 'GREVE', 'ORDEM', 'LAG_02', 'LAG_05', 'LAG_06', 'LAG_07', 'LAG_08', 'LAG_09', 'LAG_12');0.31002
('TEMP_MIN_MÉD_MENS', 'TEMP_MÉD_MIN_MENS', 'TEMP_MÉD_MÉD_MENS', 'TEMP_MÉD_ACC_MENS', 'PRECIPITAÇÃO_MÉD_MENS', 'TEMP_MIN_MIN_MENS', 'TEMP_MIN_ACC_MENS', 'TEMP_MAX_MAX_MENS', 'TEMP_MAX_ACC_MENS', 'PRECIPITAÇÃO_ACC_MENS', 'DIA_DA_SEMANA_dom', 'DIA_DA_SEMANA_qua', 'DIA_DA_SEMANA_qui', 'DIA_DA_SEMANA_sex', 'DIA_DA_SEMANA_sáb', 'DIA_DA_SEMANA_ter', 'MÊS_abr', 'MÊS_ago', 'MÊS_dez', 'MÊS_fev', 'MÊS_jun', 'MÊS_mai', 'MÊS_mar', 'MÊS_out', 'MÊS_set', 'ANO_2021', 'ANO_2022', 'ANO_2024', 'ANO_2015', 'ANO_2016', 'ANO_2017', 'ANO_2018', 'ANO_2019', 'CAMPUS_ASSIS CHATEAUBRIAND', 'CAMPUS_ASTORGA', 'CAMPUS_CAMPO LARGO', 'CAMPUS_CORONEL VIVIDA', 'CAMPUS_CURITIBA', 'CAMPUS_FOZ DO IGUAÇU', 'CAMPUS_GOIOERÊ', 'CAMPUS_IVAIPORÃ', 'CAMPUS_LONDRINA - CENTRO', 'CAMPUS_PITANGA', 'CAMPUS_QUEDAS DO IGUAÇU', 'CAMPUS_UNIÃO DA VITÓRIA', 'CURSOS_TEC_CONCOMITANTE', 'CURSOS_TEC_INTEGRADO', 'CURSOS_GRAD_MATUTINO', 'CURSOS_POS', 'FERIADO', 'COVID', 'ORDEM', 'LAG_01', 'LAG_07', 'LAG_08', 'LAG_09', 'LAG_10', 'LAG_11');0.31004
('TEMP_MIN_MÉD_MENS', 'TEMP_MÉD_MIN_MENS', 'TEMP_MÉD_MÉD_MENS', 'TEMP_MÉD_MAX_MENS', 'PRECIPITAÇÃO_MÉD_MENS', 'TEMP_MIN_MIN_MENS', 'TEMP_MAX_MIN_MENS', 'PRECIPITAÇÃO_MIN_MENS', 'TEMP_MAX_MAX_MENS', 'TEMP_MAX_ACC_MENS', 'PRECIPITAÇÃO_MAX_MENS', 'PRECIPITAÇÃO_ACC_MENS', 'DIA_DA_SEMANA_qua', 'DIA_DA_SEMANA_qui', 'DIA_DA_SEMANA_seg', 'DIA_DA_SEMANA_sáb', 'DIA_DA_SEMANA_ter', 'MÊS_abr', 'MÊS_fev', 'MÊS_mai', 'MÊS_mar', 'MÊS_out', 'ANO_2021', 'ANO_2022', 'ANO_2023', 'ANO_2024', 'ANO_2015', 'ANO_2019', 'ANO_2020', 'CAMPUS_ASSIS CHATEAUBRIAND', 'CAMPUS_BARRACÃO', 'CAMPUS_CAMPO LARGO', 'CAMPUS_CAPANEMA', 'CAMPUS_CASCAVEL', 'CAMPUS_CURITIBA', 'CAMPUS_FOZ DO IGUAÇU', 'CAMPUS_IVAIPORÃ', 'CAMPUS_JAGUARIAÍVA', 'CAMPUS_LONDRINA - CENTRO', 'CAMPUS_PALMAS', 'CAMPUS_PARANAVAÍ', 'CAMPUS_PINHAIS', 'CAMPUS_PITANGA', 'CAMPUS_QUEDAS DO IGUAÇU', 'CAMPUS_UMUARAMA', 'CAMPUS_UNIÃO DA VITÓRIA', 'CURSOS_TEC_CONCOMITANTE', 'CURSOS_TEC_INTEGRADO', 'CURSOS_GRAD_VESPERTINO', 'CURSOS_POS', 'FÉRIAS', 'ORDEM', 'LAG_01', 'LAG_02', 'LAG_03', 'LAG_04', 'LAG_09', 'LAG_11');0.31011
('TEMP_MÉD_MIN_MENS', 'TEMP_MÉD_MAX_MENS', 'TEMP_MAX_MÉD_MENS', 'PRECIPITAÇÃO_MÉD_MENS', 'TEMP_MAX_MIN_MENS', 'TEMP_MAX_MAX_MENS', 'TEMP_MAX_ACC_MENS', 'PRECIPITAÇÃO_ACC_MENS', 'DIA_DA_SEMANA_qua', 'DIA_DA_SEMANA_qui', 'DIA_DA_SEMANA_sex', 'MÊS_abr', 'MÊS_ago', 'MÊS_dez', 'MÊS_fev', 'MÊS_jan', 'MÊS_jul', 'MÊS_jun', 'MÊS_nov', 'MÊS_out', 'MÊS_set', 'ANO_2022', 'ANO_2024', 'ANO_2015', 'ANO_2016', 'ANO_2017', 'ANO_2019', 'CAMPUS_ASSIS CHATEAUBRIAND', 'CAMPUS_ASTORGA', 'CAMPUS_CASCAVEL', 'CAMPUS_CURITIBA', 'CAMPUS_GOIOERÊ', 'CAMPUS_IRATI', 'CAMPUS_IVAIPORÃ', 'CAMPUS_LONDRINA - CENTRO', 'CAMPUS_PARANAGUÁ', 'CAMPUS_PARANAVAÍ', 'CAMPUS_PINHAIS', 'CAMPUS_QUEDAS DO IGUAÇU', 'CAMPUS_TELÊMACO BORBA', 'CAMPUS_UNIÃO DA VITÓRIA', 'CURSOS_TEC_INTEGRADO', 'CURSOS_TEC_SUBSEQUENTE', 'CURSOS_GRAD_VESPERTINO', 'CURSOS_GRAD_NOTURNO', 'FÉRIAS', 'FERIADO', 'COVID', 'ORDEM', 'LAG_02', 'LAG_08', 'LAG_11');0.31014
('TEMP_MÉD_MIN_MENS', 'TEMP_MÉD_MÉD_MENS', 'TEMP_MÉD_MAX_MENS', 'TEMP_MAX_MÉD_MENS', 'PRECIPITAÇÃO_MÉD_MENS', 'PRECIPITAÇÃO_MIN_MENS', 'TEMP_MAX_MAX_MENS', 'PRECIPITAÇÃO_MAX_MENS', 'PRECIPITAÇÃO_ACC_MENS', 'DIA_DA_SEMANA_dom', 'DIA_DA_SEMANA_qua', 'DIA_DA_SEMANA_sex', 'MÊS_jul', 'MÊS_jun', 'MÊS_out', 'MÊS_set', 'ANO_2021', 'ANO_2022', 'ANO_2024', 'ANO_2015', 'ANO_2016', 'ANO_2017', 'ANO_2018', 'ANO_2019', 'ANO_2020', 'CAMPUS_ASSIS CHATEAUBRIAND', 'CAMPUS_ASTORGA', 'CAMPUS_CAMPO LARGO', 'CAMPUS_CAPANEMA', 'CAMPUS_CASCAVEL', 'CAMPUS_CORONEL VIVIDA', 'CAMPUS_GOIOERÊ', 'CAMPUS_IVAIPORÃ', 'CAMPUS_JACAREZINHO', 'CAMPUS_JAGUARIAÍVA', 'CAMPUS_PALMAS', 'CAMPUS_PARANAVAÍ', 'CAMPUS_PITANGA', 'CAMPUS_QUEDAS DO IGUAÇU', 'CAMPUS_TELÊMACO BORBA', 'CURSOS_TEC_CONCOMITANTE', 'CURSOS_TEC_INTEGRADO', 'CURSOS_TEC_SUBSEQUENTE', 'CURSOS_GRAD_MATUTINO', 'CURSOS_GRAD_VESPERTINO', 'FERIADO', 'COVID', 'GREVE', 'ORDEM', 'LAG_01', 'LAG_03', 'LAG_05', 'LAG_07', 'LAG_08', 'LAG_11');0.31018
('TEMP_MIN_MÉD_MENS', 'TEMP_MÉD_MIN_MENS', 'TEMP_MÉD_MÉD_MENS', 'TEMP_MÉD_MAX_MENS', 'TEMP_MAX_MÉD_MENS', 'TEMP_MIN_MIN_MENS', 'TEMP_MIN_MAX_MENS', 'TEMP_MAX_MIN_MENS', 'PRECIPITAÇÃO_MIN_MENS', 'TEMP_MAX_MAX_MENS', 'PRECIPITAÇÃO_ACC_MENS', 'DIA_DA_SEMANA_dom', 'DIA_DA_SEMANA_qua', 'DIA_DA_SEMANA_sex', 'DIA_DA_SEMANA_ter', 'MÊS_abr', 'MÊS_ago', 'MÊS_dez', 'MÊS_jul', 'MÊS_jun', 'MÊS_mar', 'MÊS_nov', 'MÊS_out', 'ANO_2021', 'ANO_2015', 'ANO_2016', 'ANO_2017', 'CAMPUS_ASSIS CHATEAUBRIAND', 'CAMPUS_ASTORGA', 'CAMPUS_CAMPO LARGO', 'CAMPUS_CAPANEMA', 'CAMPUS_CASCAVEL', 'CAMPUS_CORONEL VIVIDA', 'CAMPUS_CURITIBA', 'CAMPUS_GOIOERÊ', 'CAMPUS_IRATI', 'CAMPUS_IVAIPORÃ', 'CAMPUS_JACAREZINHO', 'CAMPUS_PALMAS', 'CAMPUS_PARANAGUÁ', 'CAMPUS_PITANGA', 'CAMPUS_QUEDAS DO IGUAÇU', 'CAMPUS_TELÊMACO BORBA', 'CAMPUS_UMUARAMA', 'CAMPUS_UNIÃO DA VITÓRIA', 'CURSOS_TEC_INTEGRADO', 'CURSOS_TEC_SUBSEQUENTE', 'CURSOS_GRAD_MATUTINO', 'CURSOS_GRAD_VESPERTINO', 'LAG_01', 'LAG_02', 'LAG_03', 'LAG_05', 'LAG_06', 'LAG_07', 'LAG_09', 'LAG_11');0.31035
('TEMP_MIN_MÉD_MENS', 'TEMP_MÉD_MÉD_MENS', 'TEMP_MÉD_MAX_MENS', 'TEMP_MAX_MÉD_MENS', 'PRECIPITAÇÃO_MÉD_MENS', 'TEMP_MIN_MIN_MENS', 'TEMP_MIN_ACC_MENS', 'TEMP_MAX_MIN_MENS', 'PRECIPITAÇÃO_MIN_MENS', 'TEMP_MAX_MAX_MENS', 'PRECIPITAÇÃO_ACC_MENS', 'DIA_DA_SEMANA_qua', 'DIA_DA_SEMANA_seg', 'DIA_DA_SEMANA_ter', 'MÊS_ago', 'MÊS_fev', 'MÊS_jan', 'MÊS_jul', 'MÊS_jun', 'MÊS_mai', 'MÊS_mar', 'MÊS_nov', 'ANO_2024', 'ANO_2017', 'ANO_2020', 'CAMPUS_ASSIS CHATEAUBRIAND', 'CAMPUS_ASTORGA', 'CAMPUS_CURITIBA', 'CAMPUS_GOIOERÊ', 'CAMPUS_IVAIPORÃ', 'CAMPUS_JACAREZINHO', 'CAMPUS_JAGUARIAÍVA', 'CAMPUS_LONDRINA - CENTRO', 'CAMPUS_PALMAS', 'CAMPUS_PARANAGUÁ', 'CAMPUS_PARANAVAÍ', 'CAMPUS_PINHAIS', 'CAMPUS_TELÊMACO BORBA', 'CURSOS_TEC_CONCOMITANTE', 'CURSOS_TEC_INTEGRADO', 'CURSOS_GRAD_MATUTINO', 'CURSOS_GRAD_NOTURNO', 'CURSOS_POS', 'FERIADO', 'COVID', 'GREVE', 'LAG_02', 'LAG_04', 'LAG_06', 'LAG_07', 'LAG_09', 'LAG_11');0.31042
('TEMP_MÉD_MIN_MENS', 'TEMP_MÉD_MÉD_MENS', 'TEMP_MÉD_ACC_MENS', 'TEMP_MIN_MIN_MENS', 'PRECIPITAÇÃO_MIN_MENS', 'TEMP_MAX_ACC_MENS', 'PRECIPITAÇÃO_MAX_MENS', 'PRECIPITAÇÃO_ACC_MENS', 'DIA_DA_SEMANA_dom', 'DIA_DA_SEMANA_seg', 'DIA_DA_SEMANA_sex', 'DIA_DA_SEMANA_sáb', 'DIA_DA_SEMANA_ter', 'MÊS_abr', 'MÊS_ago', 'MÊS_dez', 'MÊS_fev', 'MÊS_jun', 'MÊS_mai', 'MÊS_mar', 'MÊS_nov', 'MÊS_set', 'ANO_2021', 'ANO_2022', 'ANO_2023', 'ANO_2024', 'ANO_2015', 'ANO_2018', 'CAMPUS_ASSIS CHATEAUBRIAND', 'CAMPUS_BARRACÃO', 'CAMPUS_CAMPO LARGO', 'CAMPUS_CASCAVEL', 'CAMPUS_CORONEL VIVIDA', 'CAMPUS_FOZ DO IGUAÇU', 'CAMPUS_GOIOERÊ', 'CAMPUS_IRATI', 'CAMPUS_JACAREZINHO', 'CAMPUS_LONDRINA - CENTRO', 'CAMPUS_PARANAVAÍ', 'CAMPUS_PINHAIS', 'CAMPUS_PITANGA', 'CAMPUS_QUEDAS DO IGUAÇU', 'CAMPUS_TELÊMACO BORBA', 'CAMPUS_UNIÃO DA VITÓRIA', 'CURSOS_TEC_CONCOMITANTE', 'CURSOS_TEC_INTEGRADO', 'CURSOS_GRAD_MATUTINO', 'CURSOS_GRAD_VESPERTINO', 'CURSOS_GRAD_NOTURNO', 'COVID', 'ORDEM', 'LAG_01', 'LAG_02', 'LAG_05', 'LAG_08', 'LAG_09', 'LAG_10', 'LAG_12');0.31063
('TEMP_MÉD_MIN_MENS', 'TEMP_MÉD_ACC_MENS', 'TEMP_MAX_MÉD_MENS', 'PRECIPITAÇÃO_MÉD_MENS', 'TEMP_MIN_MIN_MENS', 'TEMP_MIN_MAX_MENS', 'TEMP_MIN_ACC_MENS', 'TEMP_MAX_MAX_MENS', 'PRECIPITAÇÃO_MAX_MENS', 'PRECIPITAÇÃO_ACC_MENS', 'DIA_DA_SEMANA_dom', 'DIA_DA_SEMANA_qua', 'DIA_DA_SEMANA_qui', 'DIA_DA_SEMANA_sex', 'MÊS_dez', 'MÊS_fev', 'MÊS_jan', 'MÊS_jun', 'MÊS_mai', 'MÊS_mar', 'MÊS_nov', 'ANO_2021', 'ANO_2023', 'ANO_2017', 'ANO_2019', 'ANO_2020', 'CAMPUS_ASSIS CHATEAUBRIAND', 'CAMPUS_ASTORGA', 'CAMPUS_BARRACÃO', 'CAMPUS_CAMPO LARGO', 'CAMPUS_CORONEL VIVIDA', 'CAMPUS_CURITIBA', 'CAMPUS_GOIOERÊ', 'CAMPUS_IRATI', 'CAMPUS_IVAIPORÃ', 'CAMPUS_JACAREZINHO', 'CAMPUS_JAGUARIAÍVA', 'CAMPUS_PALMAS', 'CAMPUS_PARANAVAÍ', 'CAMPUS_PINHAIS', 'CAMPUS_QUEDAS DO IGUAÇU', 'CAMPUS_TELÊMACO BORBA', 'CAMPUS_UMUARAMA', 'CAMPUS_UNIÃO DA VITÓRIA', 'CURSOS_TEC_CONCOMITANTE', 'CURSOS_TEC_INTEGRADO', 'CURSOS_TEC_SUBSEQUENTE', 'CURSOS_GRAD_MATUTINO', 'CURSOS_GRAD_VESPERTINO', 'CURSOS_GRAD_NOTURNO', 'CURSOS_POS', 'FÉRIAS', 'FERIADO', 'LAG_01', 'LAG_04', 'LAG_05', 'LAG_06', 'LAG_07', 'LAG_08', 'LAG_09', 'LAG_11', 'LAG_12');0.31068
('TEMP_MIN_MÉD_MENS', 'TEMP_MÉD_MÉD_MENS', 'TEMP_MÉD_MAX_MENS', 'TEMP_MÉD_ACC_MENS', 'TEMP_MAX_MÉD_MENS', 'PRECIPITAÇÃO_MÉD_MENS', 'PRECIPITAÇÃO_MIN_MENS', 'TEMP_MAX_MAX_MENS', 'TEMP_MAX_ACC_MENS', 'PRECIPITAÇÃO_MAX_MENS', 'PRECIPITAÇÃO_ACC_MENS', 'DIA_DA_SEMANA_dom', 'DIA_DA_SEMANA_qui', 'DIA_DA_SEMANA_seg', 'DIA_DA_SEMANA_ter', 'MÊS_abr', 'MÊS_ago', 'MÊS_jul', 'MÊS_nov', 'MÊS_out', 'MÊS_set', 'ANO_2024', 'ANO_2015', 'ANO_2016', 'CAMPUS_ASSIS CHATEAUBRIAND', 'CAMPUS_ASTORGA', 'CAMPUS_CAMPO LARGO', 'CAMPUS_CORONEL VIVIDA', 'CAMPUS_CURITIBA', 'CAMPUS_IVAIPORÃ', 'CAMPUS_JACAREZINHO', 'CAMPUS_JAGUARIAÍVA', 'CAMPUS_LONDRINA - CENTRO', 'CAMPUS_PARANAVAÍ', 'CAMPUS_TELÊMACO BORBA', 'CAMPUS_UMUARAMA', 'CURSOS_GRAD_MATUTINO', 'CURSOS_GRAD_NOTURNO', 'CURSOS_POS', 'FÉRIAS', 'GREVE', 'LAG_01', 'LAG_03', 'LAG_04', 'LAG_05', 'LAG_07', 'LAG_08', 'LAG_11');0.31085
('TEMP_MÉD_MIN_MENS', 'TEMP_MÉD_MÉD_MENS', 'TEMP_MAX_MÉD_MENS', 'TEMP_MIN_MIN_MENS', 'TEMP_MAX_MIN_MENS', 'TEMP_MAX_MAX_MENS', 'TEMP_MAX_ACC_MENS', 'PRECIPITAÇÃO_MAX_MENS', 'DIA_DA_SEMANA_seg', 'DIA_DA_SEMANA_ter', 'MÊS_abr', 'MÊS_dez', 'MÊS_jan', 'MÊS_jul', 'MÊS_mar', 'MÊS_set', 'ANO_2022', 'ANO_2016', 'ANO_2017', 'ANO_2018', 'ANO_2019', 'CAMPUS_CAMPO LARGO', 'CAMPUS_CAPANEMA', 'CAMPUS_CORONEL VIVIDA', 'CAMPUS_CURITIBA', 'CAMPUS_GOIOERÊ', 'CAMPUS_IVAIPORÃ', 'CAMPUS_JACAREZINHO', 'CAMPUS_JAGUARIAÍVA', 'CAMPUS_LONDRINA - CENTRO', 'CAMPUS_PARANAGUÁ', 'CAMPUS_PARANAVAÍ', 'CAMPUS_PITANGA', 'CAMPUS_QUEDAS DO IGUAÇU', 'CAMPUS_UNIÃO DA VITÓRIA', 'CURSOS_TEC_CONCOMITANTE', 'CURSOS_TEC_SUBSEQUENTE', 'CURSOS_GRAD_VESPERTINO', 'FERIADO', 'COVID', 'GREVE', 'LAG_04', 'LAG_05', 'LAG_07', 'LAG_08', 'LAG_09', 'LAG_11', 'LAG_12');0.31086
('TEMP_MÉD_MIN_MENS', 'TEMP_MÉD_MÉD_MENS', 'TEMP_MÉD_MAX_MENS', 'TEMP_MÉD_ACC_MENS', 'TEMP_MAX_MÉD_MENS', 'PRECIPITAÇÃO_MÉD_MENS', 'TEMP_MIN_MIN_MENS', 'TEMP_MIN_MAX_MENS', 'TEMP_MAX_MIN_MENS', 'PRECIPITAÇÃO_MIN_MENS', 'TEMP_MAX_ACC_MENS', 'DIA_DA_SEMANA_qua', 'DIA_DA_SEMANA_qui', 'DIA_DA_SEMANA_seg', 'DIA_DA_SEMANA_sex', 'DIA_DA_SEMANA_sáb', 'MÊS_abr', 'MÊS_ago', 'MÊS_dez', 'MÊS_fev', 'MÊS_jul', 'MÊS_mai', 'MÊS_nov', 'MÊS_out', 'ANO_2022', 'ANO_2023', 'ANO_2016', 'ANO_2017', 'ANO_2018', 'ANO_2019', 'CAMPUS_ASSIS CHATEAUBRIAND', 'CAMPUS_ASTORGA', 'CAMPUS_CAPANEMA', 'CAMPUS_CASCAVEL', 'CAMPUS_CORONEL VIVIDA', 'CAMPUS_CURITIBA', 'CAMPUS_GOIOERÊ', 'CAMPUS_IVAIPORÃ', 'CAMPUS_JACAREZINHO', 'CAMPUS_JAGUARIAÍVA', 'CAMPUS_LONDRINA - CENTRO', 'CAMPUS_PALMAS', 'CAMPUS_PARANAGUÁ', 'CAMPUS_PARANAVAÍ', 'CAMPUS_PITANGA', 'CAMPUS_QUEDAS DO IGUAÇU', 'CAMPUS_UMUARAMA', 'CURSOS_TEC_INTEGRADO', 'CURSOS_GRAD_MATUTINO', 'CURSOS_GRAD_VESPERTINO', 'CURSOS_POS', 'FERIADO', 'COVID', 'GREVE', 'ORDEM', 'LAG_02', 'LAG_06', 'LAG_08', 'LAG_09', 'LAG_11', 'LAG_12');0.31097
('TEMP_MÉD_MIN_MENS', 'TEMP_MÉD_MÉD_MENS', 'TEMP_MÉD_MAX_MENS', 'TEMP_MAX_MÉD_MENS', 'PRECIPITAÇÃO_MÉD_MENS', 'TEMP_MIN_MIN_MENS', 'TEMP_MIN_MAX_MENS', 'TEMP_MIN_ACC_MENS', 'PRECIPITAÇÃO_MAX_MENS', 'PRECIPITAÇÃO_ACC_MENS', 'DIA_DA_SEMANA_qua', 'DIA_DA_SEMANA_qui', 'DIA_DA_SEMANA_seg', 'DIA_DA_SEMANA_sex', 'DIA_DA_SEMANA_sáb', 'DIA_DA_SEMANA_ter', 'MÊS_abr', 'MÊS_ago', 'MÊS_jan', 'MÊS_jul', 'MÊS_jun', 'MÊS_mai', 'MÊS_nov', 'MÊS_out', 'ANO_2022', 'ANO_2018', 'ANO_2020', 'CAMPUS_ASSIS CHATEAUBRIAND', 'CAMPUS_ASTORGA', 'CAMPUS_BARRACÃO', 'CAMPUS_CASCAVEL', 'CAMPUS_IRATI', 'CAMPUS_IVAIPORÃ', 'CAMPUS_JACAREZINHO', 'CAMPUS_JAGUARIAÍVA', 'CAMPUS_LONDRINA - CENTRO', 'CAMPUS_QUEDAS DO IGUAÇU', 'CAMPUS_UNIÃO DA VITÓRIA', 'CURSOS_TEC_CONCOMITANTE', 'CURSOS_TEC_INTEGRADO', 'CURSOS_TEC_SUBSEQUENTE', 'CURSOS_GRAD_MATUTINO', 'CURSOS_GRAD_VESPERTINO', 'CURSOS_GRAD_NOTURNO', 'CURSOS_POS', 'FÉRIAS', 'FERIADO', 'LAG_01', 'LAG_02', 'LAG_03', 'LAG_04', 'LAG_06', 'LAG_08', 'LAG_09', 'LAG_11', 'LAG_12');0.31099
('TEMP_MIN_MÉD_MENS', 'TEMP_MÉD_MIN_MENS', 'TEMP_MÉD_MÉD_MENS', 'TEMP_MÉD_MAX_MENS', 'TEMP_MÉD_ACC_MENS', 'TEMP_MAX_MÉD_MENS', 'TEMP_MIN_MAX_MENS', 'TEMP_MIN_ACC_MENS', 'TEMP_MAX_MIN_MENS', 'TEMP_MAX_ACC_MENS', 'DIA_DA_SEMANA_dom', 'DIA_DA_SEMANA_qua', 'DIA_DA_SEMANA_qui', 'DIA_DA_SEMANA_seg', 'DIA_DA_SEMANA_sex', 'DIA_DA_SEMANA_sáb', 'MÊS_abr', 'MÊS_ago', 'MÊS_dez', 'MÊS_jan', 'MÊS_jul', 'MÊS_mai', 'MÊS_mar', 'MÊS_set', 'ANO_2022', 'ANO_2023', 'ANO_2024', 'ANO_2015', 'ANO_2017', 'ANO_2018', 'ANO_2020', 'CAMPUS_ASTORGA', 'CAMPUS_BARRACÃO', 'CAMPUS_CAMPO LARGO', 'CAMPUS_CORONEL VIVIDA', 'CAMPUS_FOZ DO IGUAÇU', 'CAMPUS_GOIOERÊ', 'CAMPUS_IRATI', 'CAMPUS_IVAIPORÃ', 'CAMPUS_JAGUARIAÍVA', 'CAMPUS_PALMAS', 'CAMPUS_PITANGA', 'CAMPUS_QUEDAS DO IGUAÇU', 'CAMPUS_TELÊMACO BORBA', 'CAMPUS_UNIÃO DA VITÓRIA', 'CURSOS_TEC_INTEGRADO', 'CURSOS_TEC_SUBSEQUENTE', 'CURSOS_GRAD_VESPERTINO', 'FERIADO', 'COVID', 'GREVE', 'LAG_03', 'LAG_05', 'LAG_07', 'LAG_08', 'LAG_09', 'LAG_11', 'LAG_12');0.31101
('TEMP_MIN_MÉD_MENS', 'TEMP_MÉD_MIN_MENS', 'TEMP_MÉD_MAX_MENS', 'TEMP_MÉD_ACC_MENS', 'TEMP_MAX_MÉD_MENS', 'PRECIPITAÇÃO_MÉD_MENS', 'TEMP_MIN_MIN_MENS', 'TEMP_MIN_MAX_MENS', 'TEMP_MIN_ACC_MENS', 'TEMP_MAX_MAX_MENS', 'TEMP_MAX_ACC_MENS', 'PRECIPITAÇÃO_MAX_MENS', 'PRECIPITAÇÃO_ACC_MENS', 'DIA_DA_SEMANA_seg', 'DIA_DA_SEMANA_sáb', 'DIA_DA_SEMANA_ter', 'MÊS_dez', 'MÊS_jun', 'MÊS_nov', 'MÊS_out', 'MÊS_set', 'ANO_2021', 'ANO_2022', 'ANO_2023', 'ANO_2016', 'ANO_2018', 'ANO_2019', 'CAMPUS_ASSIS CHATEAUBRIAND', 'CAMPUS_CAMPO LARGO', 'CAMPUS_CORONEL VIVIDA', 'CAMPUS_CURITIBA', 'CAMPUS_FOZ DO IGUAÇU', 'CAMPUS_IRATI', 'CAMPUS_JACAREZINHO', 'CAMPUS_PARANAVAÍ', 'CAMPUS_PITANGA', 'CAMPUS_QUEDAS DO IGUAÇU', 'CAMPUS_TELÊMACO BORBA', 'CAMPUS_UMUARAMA', 'CURSOS_TEC_CONCOMITANTE', 'CURSOS_TEC_INTEGRADO', 'CURSOS_POS', 'LAG_01', 'LAG_06', 'LAG_07', 'LAG_08', 'LAG_09', 'LAG_12');0.31108
('TEMP_MIN_MÉD_MENS', 'TEMP_MÉD_MIN_MENS', 'TEMP_MÉD_MÉD_MENS', 'TEMP_MÉD_ACC_MENS', 'TEMP_MAX_MÉD_MENS', 'PRECIPITAÇÃO_MÉD_MENS', 'TEMP_MIN_MIN_MENS', 'TEMP_MIN_ACC_MENS', 'TEMP_MAX_MIN_MENS', 'PRECIPITAÇÃO_MIN_MENS', 'TEMP_MAX_ACC_MENS', 'PRECIPITAÇÃO_ACC_MENS', 'DIA_DA_SEMANA_dom', 'DIA_DA_SEMANA_qua', 'DIA_DA_SEMANA_qui', 'DIA_DA_SEMANA_seg', 'DIA_DA_SEMANA_sex', 'MÊS_abr', 'MÊS_jan', 'MÊS_mai', 'MÊS_mar', 'MÊS_out', 'ANO_2021', 'ANO_2015', 'ANO_2016', 'ANO_2017', 'ANO_2020', 'CAMPUS_ASSIS CHATEAUBRIAND', 'CAMPUS_ASTORGA', 'CAMPUS_BARRACÃO', 'CAMPUS_CAPANEMA', 'CAMPUS_CASCAVEL', 'CAMPUS_CORONEL VIVIDA', 'CAMPUS_FOZ DO IGUAÇU', 'CAMPUS_GOIOERÊ', 'CAMPUS_IRATI', 'CAMPUS_IVAIPORÃ', 'CAMPUS_JACAREZINHO', 'CAMPUS_JAGUARIAÍVA', 'CAMPUS_PARANAGUÁ', 'CAMPUS_PARANAVAÍ', 'CAMPUS_PITANGA', 'CAMPUS_QUEDAS DO IGUAÇU', 'CAMPUS_UNIÃO DA VITÓRIA', 'CURSOS_TEC_SUBSEQUENTE', 'CURSOS_GRAD_MATUTINO', 'CURSOS_POS', 'FÉRIAS', 'GREVE', 'ORDEM', 'LAG_01', 'LAG_04', 'LAG_05', 'LAG_06', 'LAG_07', 'LAG_08', 'LAG_10', 'LAG_11', 'LAG_12');0.31114
('TEMP_MÉD_MAX_MENS', 'TEMP_MÉD_ACC_MENS', 'TEMP_MAX_MÉD_MENS', 'PRECIPITAÇÃO_MIN_MENS', 'TEMP_MAX_ACC_MENS', 'PRECIPITAÇÃO_MAX_MENS', 'PRECIPITAÇÃO_ACC_MENS', 'DIA_DA_SEMANA_qua', 'DIA_DA_SEMANA_qui', 'DIA_DA_SEMANA_sex', 'MÊS_abr', 'MÊS_ago', 'MÊS_jul', 'MÊS_jun', 'MÊS_nov', 'ANO_2021', 'ANO_2023', 'ANO_2024', 'ANO_2015', 'ANO_2016', 'ANO_2018', 'ANO_2019', 'CAMPUS_ASSIS CHATEAUBRIAND', 'CAMPUS_ASTORGA', 'CAMPUS_CAMPO LARGO', 'CAMPUS_CASCAVEL', 'CAMPUS_FOZ DO IGUAÇU', 'CAMPUS_GOIOERÊ', 'CAMPUS_IRATI', 'CAMPUS_IVAIPORÃ', 'CAMPUS_JAGUARIAÍVA', 'CAMPUS_LONDRINA - CENTRO', 'CAMPUS_PARANAGUÁ', 'CAMPUS_QUEDAS DO IGUAÇU', 'CAMPUS_TELÊMACO BORBA', 'CAMPUS_UNIÃO DA VITÓRIA', 'CURSOS_TEC_CONCOMITANTE', 'CURSOS_TEC_INTEGRADO', 'CURSOS_GRAD_MATUTINO', 'CURSOS_GRAD_VESPERTINO', 'CURSOS_POS', 'FERIADO', 'GREVE', 'ORDEM', 'LAG_02', 'LAG_03', 'LAG_06', 'LAG_07', 'LAG_10', 'LAG_11', 'LAG_12');0.31115
('TEMP_MIN_MÉD_MENS', 'TEMP_MÉD_MAX_MENS', 'TEMP_MÉD_ACC_MENS', 'TEMP_MAX_MÉD_MENS', 'PRECIPITAÇÃO_MÉD_MENS', 'TEMP_MIN_MAX_MENS', 'TEMP_MIN_ACC_MENS', 'PRECIPITAÇÃO_MIN_MENS', 'PRECIPITAÇÃO_MAX_MENS', 'PRECIPITAÇÃO_ACC_MENS', 'DIA_DA_SEMANA_seg', 'DIA_DA_SEMANA_sáb', 'DIA_DA_SEMANA_ter', 'MÊS_ago', 'MÊS_fev', 'MÊS_mar', 'MÊS_nov', 'MÊS_out', 'ANO_2021', 'ANO_2024', 'ANO_2015', 'ANO_2016', 'ANO_2018', 'ANO_2020', 'CAMPUS_ASTORGA', 'CAMPUS_CASCAVEL', 'CAMPUS_CURITIBA', 'CAMPUS_FOZ DO IGUAÇU', 'CAMPUS_GOIOERÊ', 'CAMPUS_IRATI', 'CAMPUS_IVAIPORÃ', 'CAMPUS_JACAREZINHO', 'CAMPUS_JAGUARIAÍVA', 'CAMPUS_PALMAS', 'CAMPUS_PARANAGUÁ', 'CAMPUS_PARANAVAÍ', 'CAMPUS_PINHAIS', 'CAMPUS_QUEDAS DO IGUAÇU', 'CAMPUS_UMUARAMA', 'CAMPUS_UNIÃO DA VITÓRIA', 'CURSOS_TEC_CONCOMITANTE', 'CURSOS_TEC_INTEGRADO', 'CURSOS_GRAD_MATUTINO', 'CURSOS_GRAD_VESPERTINO', 'FERIADO', 'COVID', 'LAG_01', 'LAG_03', 'LAG_04', 'LAG_05', 'LAG_07', 'LAG_08', 'LAG_09', 'LAG_10', 'LAG_11', 'LAG_12');0.31121
('TEMP_MÉD_MAX_MENS', 'TEMP_MAX_MÉD_MENS', 'PRECIPITAÇÃO_MÉD_MENS', 'TEMP_MIN_MIN_MENS', 'TEMP_MAX_MIN_MENS', 'TEMP_MAX_MAX_MENS', 'TEMP_MAX_ACC_MENS', 'PRECIPITAÇÃO_ACC_MENS', 'DIA_DA_SEMANA_qua', 'DIA_DA_SEMANA_qui', 'DIA_DA_SEMANA_ter', 'MÊS_abr', 'MÊS_ago', 'MÊS_dez', 'MÊS_fev', 'MÊS_jun', 'MÊS_nov', 'MÊS_out', 'MÊS_set', 'ANO_2021', 'ANO_2022', 'ANO_2023', 'ANO_2024', 'ANO_2015', 'ANO_2017', 'CAMPUS_ASSIS CHATEAUBRIAND', 'CAMPUS_ASTORGA', 'CAMPUS_BARRACÃO', 'CAMPUS_CASCAVEL', 'CAMPUS_CORONEL VIVIDA', 'CAMPUS_CURITIBA', 'CAMPUS_FOZ DO IGUAÇU', 'CAMPUS_GOIOERÊ', 'CAMPUS_IVAIPORÃ', 'CAMPUS_JACAREZINHO', 'CAMPUS_PARANAGUÁ', 'CAMPUS_PINHAIS', 'CAMPUS_QUEDAS DO IGUAÇU', 'CAMPUS_TELÊMACO BORBA', 'CAMPUS_UMUARAMA', 'CAMPUS_UNIÃO DA VITÓRIA', 'CURSOS_TEC_CONCOMITANTE', 'CURSOS_GRAD_VESPERTINO', 'CURSOS_GRAD_NOTURNO', 'FERIADO', 'GREVE', 'ORDEM', 'LAG_01', 'LAG_02', 'LAG_04', 'LAG_06', 'LAG_07', 'LAG_08', 'LAG_09', 'LAG_10', 'LAG_11');0.31124
('TEMP_MIN_MÉD_MENS', 'TEMP_MÉD_MIN_MENS', 'TEMP_MÉD_MAX_MENS', 'TEMP_MAX_MÉD_MENS', 'TEMP_MIN_MAX_MENS', 'TEMP_MAX_MIN_MENS', 'PRECIPITAÇÃO_MIN_MENS', 'TEMP_MAX_MAX_MENS', 'TEMP_MAX_ACC_MENS', 'PRECIPITAÇÃO_MAX_MENS', 'PRECIPITAÇÃO_ACC_MENS', 'DIA_DA_SEMANA_dom', 'DIA_DA_SEMANA_qua', 'DIA_DA_SEMANA_qui', 'DIA_DA_SEMANA_seg', 'DIA_DA_SEMANA_ter', 'MÊS_abr', 'MÊS_ago', 'MÊS_fev', 'MÊS_mai', 'MÊS_mar', 'MÊS_out', 'MÊS_set', 'ANO_2023', 'ANO_2015', 'ANO_2018', 'CAMPUS_CAMPO LARGO', 'CAMPUS_CAPANEMA', 'CAMPUS_CASCAVEL', 'CAMPUS_CORONEL VIVIDA', 'CAMPUS_FOZ DO IGUAÇU', 'CAMPUS_IRATI', 'CAMPUS_JAGUARIAÍVA', 'CAMPUS_LONDRINA - CENTRO', 'CAMPUS_PALMAS', 'CAMPUS_PARANAGUÁ', 'CAMPUS_PINHAIS', 'CAMPUS_QUEDAS DO IGUAÇU', 'CAMPUS_UMUARAMA', 'CAMPUS_UNIÃO DA VITÓRIA', 'CURSOS_TEC_CONCOMITANTE', 'CURSOS_GRAD_MATUTINO', 'CURSOS_GRAD_VESPERTINO', 'CURSOS_GRAD_NOTURNO', 'CURSOS_POS', 'FERIADO', 'COVID', 'GREVE', 'LAG_02', 'LAG_03', 'LAG_06', 'LAG_08', 'LAG_10', 'LAG_11');0.31124
('TEMP_MIN_MÉD_MENS', 'TEMP_MÉD_ACC_MENS', 'TEMP_MAX_MÉD_MENS', 'TEMP_MIN_MIN_MENS', 'TEMP_MIN_ACC_MENS', 'TEMP_MAX_MIN_MENS', 'TEMP_MAX_ACC_MENS', 'PRECIPITAÇÃO_MAX_MENS', 'PRECIPITAÇÃO_ACC_MENS', 'DIA_DA_SEMANA_qua', 'DIA_DA_SEMANA_qui', 'DIA_DA_SEMANA_ter', 'MÊS_abr', 'MÊS_ago', 'MÊS_dez', 'MÊS_fev', 'MÊS_jan', 'MÊS_jul', 'MÊS_mai', 'ANO_2021', 'ANO_2022', 'ANO_2023', 'ANO_2016', 'ANO_2017', 'ANO_2020', 'CAMPUS_BARRACÃO', 'CAMPUS_CAMPO LARGO', 'CAMPUS_CASCAVEL', 'CAMPUS_CORONEL VIVIDA', 'CAMPUS_FOZ DO IGUAÇU', 'CAMPUS_GOIOERÊ', 'CAMPUS_IRATI', 'CAMPUS_IVAIPORÃ', 'CAMPUS_LONDRINA - CENTRO', 'CAMPUS_PARANAGUÁ', 'CAMPUS_PINHAIS', 'CAMPUS_PITANGA', 'CAMPUS_TELÊMACO BORBA', 'CAMPUS_UNIÃO DA VITÓRIA', 'CURSOS_TEC_INTEGRADO', 'CURSOS_TEC_SUBSEQUENTE', 'CURSOS_GRAD_MATUTINO', 'CURSOS_GRAD_VESPERTINO', 'CURSOS_GRAD_NOTURNO', 'FÉRIAS', 'FERIADO', 'GREVE', 'LAG_02', 'LAG_03', 'LAG_05', 'LAG_06', 'LAG_08', 'LAG_09', 'LAG_10', 'LAG_12');0.31126
('TEMP_MIN_MÉD_MENS', 'TEMP_MÉD_ACC_MENS', 'TEMP_MIN_MAX_MENS', 'PRECIPITAÇÃO_MIN_MENS', 'TEMP_MAX_MAX_MENS', 'TEMP_MAX_ACC_MENS', 'PRECIPITAÇÃO_ACC_MENS', 'DIA_DA_SEMANA_dom', 'DIA_DA_SEMANA_qua', 'DIA_DA_SEMANA_seg', 'DIA_DA_SEMANA_sáb', 'DIA_DA_SEMANA_ter', 'MÊS_abr', 'MÊS_ago', 'MÊS_dez', 'MÊS_jan', 'MÊS_jul', 'MÊS_mai', 'MÊS_set', 'ANO_2021', 'ANO_2015', 'ANO_2016', 'CAMPUS_ASTORGA', 'CAMPUS_BARRACÃO', 'CAMPUS_CAMPO LARGO', 'CAMPUS_CASCAVEL', 'CAMPUS_FOZ DO IGUAÇU', 'CAMPUS_GOIOERÊ', 'CAMPUS_IRATI', 'CAMPUS_JACAREZINHO', 'CAMPUS_LONDRINA - CENTRO', 'CAMPUS_PINHAIS', 'CAMPUS_PITANGA', 'CAMPUS_QUEDAS DO IGUAÇU', 'CURSOS_TEC_INTEGRADO', 'CURSOS_TEC_SUBSEQUENTE', 'CURSOS_GRAD_VESPERTINO', 'CURSOS_GRAD_NOTURNO', 'FERIADO', 'GREVE', 'LAG_01', 'LAG_04', 'LAG_05', 'LAG_06', 'LAG_08', 'LAG_09', 'LAG_11', 'LAG_12');0.31129
('TEMP_MIN_MÉD_MENS', 'TEMP_MÉD_MIN_MENS', 'TEMP_MAX_MÉD_MENS', 'TEMP_MIN_MIN_MENS', 'TEMP_MIN_MAX_MENS', 'TEMP_MAX_MIN_MENS', 'TEMP_MAX_MAX_MENS', 'PRECIPITAÇÃO_ACC_MENS', 'DIA_DA_SEMANA_dom', 'DIA_DA_SEMANA_qua', 'DIA_DA_SEMANA_sex', 'DIA_DA_SEMANA_ter', 'MÊS_ago', 'MÊS_fev', 'MÊS_jan', 'MÊS_jun', 'MÊS_mai', 'MÊS_mar', 'MÊS_nov', 'ANO_2021', 'ANO_2023', 'ANO_2016', 'ANO_2017', 'ANO_2018', 'CAMPUS_ASSIS CHATEAUBRIAND', 'CAMPUS_ASTORGA', 'CAMPUS_CAMPO LARGO', 'CAMPUS_CASCAVEL', 'CAMPUS_CORONEL VIVIDA', 'CAMPUS_FOZ DO IGUAÇU', 'CAMPUS_GOIOERÊ', 'CAMPUS_IRATI', 'CAMPUS_JACAREZINHO', 'CAMPUS_PALMAS', 'CAMPUS_PARANAVAÍ', 'CAMPUS_PINHAIS', 'CURSOS_TEC_CONCOMITANTE', 'CURSOS_TEC_INTEGRADO', 'CURSOS_TEC_SUBSEQUENTE', 'CURSOS_GRAD_NOTURNO', 'CURSOS_POS', 'FÉRIAS', 'LAG_03', 'LAG_04', 'LAG_05', 'LAG_06', 'LAG_09', 'LAG_10', 'LAG_11');0.31145
('TEMP_MIN_MÉD_MENS', 'TEMP_MÉD_MIN_MENS', 'TEMP_MÉD_MAX_MENS', 'TEMP_MAX_MÉD_MENS', 'PRECIPITAÇÃO_MÉD_MENS', 'TEMP_MIN_ACC_MENS', 'TEMP_MAX_MIN_MENS', 'PRECIPITAÇÃO_MIN_MENS', 'TEMP_MAX_MAX_MENS', 'TEMP_MAX_ACC_MENS', 'PRECIPITAÇÃO_MAX_MENS', 'DIA_DA_SEMANA_qui', 'DIA_DA_SEMANA_seg', 'DIA_DA_SEMANA_sex', 'DIA_DA_SEMANA_ter', 'MÊS_abr', 'MÊS_ago', 'MÊS_fev', 'MÊS_jan', 'MÊS_mar', 'MÊS_out', 'ANO_2023', 'ANO_2024', 'ANO_2018', 'CAMPUS_ASSIS CHATEAUBRIAND', 'CAMPUS_ASTORGA', 'CAMPUS_CAPANEMA', 'CAMPUS_CORONEL VIVIDA', 'CAMPUS_FOZ DO IGUAÇU', 'CAMPUS_IVAIPORÃ', 'CAMPUS_JACAREZINHO', 'CAMPUS_PALMAS', 'CAMPUS_PARANAVAÍ', 'CAMPUS_PITANGA', 'CAMPUS_QUEDAS DO IGUAÇU', 'CAMPUS_TELÊMACO BORBA', 'CAMPUS_UNIÃO DA VITÓRIA', 'CURSOS_TEC_INTEGRADO', 'CURSOS_TEC_SUBSEQUENTE', 'CURSOS_GRAD_VESPERTINO', 'CURSOS_GRAD_NOTURNO', 'CURSOS_POS', 'COVID', 'GREVE', 'ORDEM', 'LAG_03', 'LAG_04', 'LAG_05', 'LAG_06', 'LAG_07', 'LAG_08', 'LAG_09', 'LAG_11');0.31147
('TEMP_MÉD_MIN_MENS', 'TEMP_MÉD_MÉD_MENS', 'TEMP_MÉD_MAX_MENS', 'TEMP_MIN_MIN_MENS', 'TEMP_MIN_MAX_MENS', 'TEMP_MAX_MIN_MENS', 'TEMP_MAX_MAX_MENS', 'PRECIPITAÇÃO_ACC_MENS', 'DIA_DA_SEMANA_dom', 'DIA_DA_SEMANA_qui', 'DIA_DA_SEMANA_sex', 'DIA_DA_SEMANA_ter', 'MÊS_abr', 'MÊS_ago', 'MÊS_jan', 'MÊS_mar', 'MÊS_nov', 'MÊS_out', 'MÊS_set', 'ANO_2024', 'ANO_2015', 'ANO_2016', 'ANO_2020', 'CAMPUS_ASSIS CHATEAUBRIAND', 'CAMPUS_BARRACÃO', 'CAMPUS_CAMPO LARGO', 'CAMPUS_CASCAVEL', 'CAMPUS_CURITIBA', 'CAMPUS_FOZ DO IGUAÇU', 'CAMPUS_IRATI', 'CAMPUS_IVAIPORÃ', 'CAMPUS_JAGUARIAÍVA', 'CAMPUS_LONDRINA - CENTRO', 'CAMPUS_PARANAGUÁ', 'CAMPUS_PARANAVAÍ', 'CAMPUS_PITANGA', 'CAMPUS_UMUARAMA', 'CURSOS_TEC_CONCOMITANTE', 'CURSOS_TEC_INTEGRADO', 'CURSOS_GRAD_VESPERTINO', 'FÉRIAS', 'COVID', 'LAG_03', 'LAG_06', 'LAG_07', 'LAG_08', 'LAG_10', 'LAG_11', 'LAG_12');0.31154
('TEMP_MÉD_MIN_MENS', 'TEMP_MÉD_ACC_MENS', 'PRECIPITAÇÃO_MÉD_MENS', 'TEMP_MIN_MAX_MENS', 'TEMP_MIN_ACC_MENS', 'PRECIPITAÇÃO_MAX_MENS', 'DIA_DA_SEMANA_qua', 'DIA_DA_SEMANA_seg', 'DIA_DA_SEMANA_ter', 'MÊS_ago', 'MÊS_fev', 'MÊS_jan', 'MÊS_jul', 'MÊS_mar', 'MÊS_nov', 'MÊS_out', 'MÊS_set', 'ANO_2022', 'ANO_2023', 'ANO_2017', 'ANO_2019', 'CAMPUS_ASTORGA', 'CAMPUS_BARRACÃO', 'CAMPUS_CAMPO LARGO', 'CAMPUS_CASCAVEL', 'CAMPUS_CORONEL VIVIDA', 'CAMPUS_FOZ DO IGUAÇU', 'CAMPUS_GOIOERÊ', 'CAMPUS_IVAIPORÃ', 'CAMPUS_JACAREZINHO', 'CAMPUS_JAGUARIAÍVA', 'CAMPUS_LONDRINA - CENTRO', 'CAMPUS_PALMAS', 'CAMPUS_PARANAVAÍ', 'CAMPUS_PINHAIS', 'CAMPUS_PITANGA', 'CAMPUS_QUEDAS DO IGUAÇU', 'CAMPUS_TELÊMACO BORBA', 'CAMPUS_UMUARAMA', 'CAMPUS_UNIÃO DA VITÓRIA', 'CURSOS_TEC_CONCOMITANTE', 'CURSOS_GRAD_MATUTINO', 'CURSOS_GRAD_VESPERTINO', 'FERIADO', 'ORDEM', 'LAG_01', 'LAG_03', 'LAG_04', 'LAG_05', 'LAG_06', 'LAG_07', 'LAG_08', 'LAG_09', 'LAG_10', 'LAG_12');0.31155
('TEMP_MÉD_MIN_MENS', 'TEMP_MÉD_ACC_MENS', 'TEMP_MAX_MIN_MENS', 'TEMP_MAX_ACC_MENS', 'PRECIPITAÇÃO_MAX_MENS', 'DIA_DA_SEMANA_dom', 'DIA_DA_SEMANA_qua', 'DIA_DA_SEMANA_qui', 'DIA_DA_SEMANA_sáb', 'MÊS_abr', 'MÊS_ago', 'MÊS_fev', 'MÊS_jan', 'MÊS_jul', 'MÊS_mai', 'MÊS_out', 'ANO_2022', 'ANO_2023', 'ANO_2016', 'ANO_2017', 'ANO_2018', 'ANO_2019', 'ANO_2020', 'CAMPUS_ASSIS CHATEAUBRIAND', 'CAMPUS_ASTORGA', 'CAMPUS_BARRACÃO', 'CAMPUS_CAPANEMA', 'CAMPUS_CASCAVEL', 'CAMPUS_CORONEL VIVIDA', 'CAMPUS_CURITIBA', 'CAMPUS_FOZ DO IGUAÇU', 'CAMPUS_GOIOERÊ', 'CAMPUS_IRATI', 'CAMPUS_IVAIPORÃ', 'CAMPUS_LONDRINA - CENTRO', 'CAMPUS_PARANAGUÁ', 'CAMPUS_QUEDAS DO IGUAÇU', 'CAMPUS_TELÊMACO BORBA', 'CAMPUS_UMUARAMA', 'CURSOS_TEC_CONCOMITANTE', 'CURSOS_GRAD_MATUTINO', 'CURSOS_POS', 'FERIADO', 'ORDEM', 'LAG_01', 'LAG_07', 'LAG_09', 'LAG_11');0.3116
('TEMP_MÉD_MIN_MENS', 'TEMP_MÉD_MÉD_MENS', 'TEMP_MÉD_MAX_MENS', 'TEMP_MÉD_ACC_MENS', 'PRECIPITAÇÃO_MÉD_MENS', 'TEMP_MIN_MAX_MENS', 'TEMP_MIN_ACC_MENS', 'TEMP_MAX_MIN_MENS', 'PRECIPITAÇÃO_MIN_MENS', 'TEMP_MAX_MAX_MENS', 'TEMP_MAX_ACC_MENS', 'PRECIPITAÇÃO_MAX_MENS', 'PRECIPITAÇÃO_ACC_MENS', 'DIA_DA_SEMANA_seg', 'DIA_DA_SEMANA_sex', 'DIA_DA_SEMANA_sáb', 'DIA_DA_SEMANA_ter', 'MÊS_abr', 'MÊS_ago', 'MÊS_dez', 'MÊS_fev', 'MÊS_jul', 'MÊS_jun', 'MÊS_mar', 'MÊS_out', 'MÊS_set', 'ANO_2023', 'ANO_2024', 'ANO_2016', 'ANO_2017', 'ANO_2018', 'ANO_2019', 'CAMPUS_CAPANEMA', 'CAMPUS_CASCAVEL', 'CAMPUS_CORONEL VIVIDA', 'CAMPUS_FOZ DO IGUAÇU', 'CAMPUS_GOIOERÊ', 'CAMPUS_IRATI', 'CAMPUS_JACAREZINHO', 'CAMPUS_PALMAS', 'CAMPUS_PINHAIS', 'CAMPUS_PITANGA', 'CURSOS_TEC_SUBSEQUENTE', 'CURSOS_GRAD_MATUTINO', 'CURSOS_GRAD_VESPERTINO', 'CURSOS_GRAD_NOTURNO', 'CURSOS_POS', 'FÉRIAS', 'FERIADO', 'LAG_01', 'LAG_02', 'LAG_03', 'LAG_04', 'LAG_05', 'LAG_06', 'LAG_07', 'LAG_08', 'LAG_10', 'LAG_11', 'LAG_12');0.3117
('TEMP_MIN_MÉD_MENS', 'TEMP_MÉD_MIN_MENS', 'TEMP_MÉD_MÉD_MENS', 'TEMP_MÉD_ACC_MENS', 'TEMP_MAX_MÉD_MENS', 'TEMP_MIN_ACC_MENS', 'TEMP_MAX_MIN_MENS', 'PRECIPITAÇÃO_MIN_MENS', 'TEMP_MAX_MAX_MENS', 'TEMP_MAX_ACC_MENS', 'PRECIPITAÇÃO_MAX_MENS', 'PRECIPITAÇÃO_ACC_MENS', 'DIA_DA_SEMANA_dom', 'DIA_DA_SEMANA_seg', 'DIA_DA_SEMANA_sáb', 'MÊS_abr', 'MÊS_ago', 'MÊS_dez', 'MÊS_jan', 'MÊS_jul', 'MÊS_jun', 'MÊS_set', 'ANO_2023', 'ANO_2024', 'ANO_2015', 'ANO_2016', 'ANO_2017', 'ANO_2018', 'ANO_2020', 'CAMPUS_ASSIS CHATEAUBRIAND', 'CAMPUS_CAPANEMA', 'CAMPUS_CASCAVEL', 'CAMPUS_CORONEL VIVIDA', 'CAMPUS_CURITIBA', 'CAMPUS_FOZ DO IGUAÇU', 'CAMPUS_GOIOERÊ', 'CAMPUS_IRATI', 'CAMPUS_IVAIPORÃ', 'CAMPUS_JAGUARIAÍVA', 'CAMPUS_PALMAS', 'CAMPUS_PARANAVAÍ', 'CAMPUS_PINHAIS', 'CAMPUS_PITANGA', 'CAMPUS_QUEDAS DO IGUAÇU', 'CAMPUS_TELÊMACO BORBA', 'CAMPUS_UMUARAMA', 'CAMPUS_UNIÃO DA VITÓRIA', 'CURSOS_TEC_CONCOMITANTE', 'CURSOS_TEC_INTEGRADO', 'CURSOS_GRAD_VESPERTINO', 'CURSOS_GRAD_NOTURNO', 'CURSOS_POS', 'FÉRIAS', 'FERIADO', 'GREVE', 'LAG_01', 'LAG_04', 'LAG_06', 'LAG_07', 'LAG_08', 'LAG_10', 'LAG_12');0.31173
('TEMP_MÉD_MÉD_MENS', 'TEMP_MÉD_ACC_MENS', 'TEMP_MAX_MÉD_MENS', 'TEMP_MIN_MIN_MENS', 'TEMP_MIN_ACC_MENS', 'TEMP_MAX_MIN_MENS', 'PRECIPITAÇÃO_MIN_MENS', 'DIA_DA_SEMANA_dom', 'DIA_DA_SEMANA_qua', 'DIA_DA_SEMANA_qui', 'DIA_DA_SEMANA_seg', 'DIA_DA_SEMANA_sex', 'DIA_DA_SEMANA_sáb', 'DIA_DA_SEMANA_ter', 'MÊS_abr', 'MÊS_ago', 'MÊS_dez', 'MÊS_fev', 'MÊS_jun', 'MÊS_mai', 'MÊS_mar', 'MÊS_nov', 'MÊS_out', 'ANO_2022', 'ANO_2023', 'ANO_2024', 'ANO_2015', 'ANO_2016', 'ANO_2017', 'CAMPUS_ASTORGA', 'CAMPUS_BARRACÃO', 'CAMPUS_CASCAVEL', 'CAMPUS_CURITIBA', 'CAMPUS_FOZ DO IGUAÇU', 'CAMPUS_IRATI', 'CAMPUS_JACAREZINHO', 'CAMPUS_LONDRINA - CENTRO', 'CAMPUS_PALMAS', 'CAMPUS_PARANAGUÁ', 'CAMPUS_PARANAVAÍ', 'CAMPUS_PINHAIS', 'CAMPUS_PITANGA', 'CAMPUS_TELÊMACO BORBA', 'CAMPUS_UMUARAMA', 'CAMPUS_UNIÃO DA VITÓRIA', 'CURSOS_TEC_CONCOMITANTE', 'CURSOS_GRAD_MATUTINO', 'CURSOS_GRAD_NOTURNO', 'ORDEM', 'LAG_01', 'LAG_02', 'LAG_03', 'LAG_04', 'LAG_05', 'LAG_06', 'LAG_07', 'LAG_08', 'LAG_09', 'LAG_10', 'LAG_11');0.3118
('TEMP_MÉD_MÉD_MENS', 'TEMP_MÉD_MAX_MENS', 'TEMP_MÉD_ACC_MENS', 'TEMP_MAX_MÉD_MENS', 'PRECIPITAÇÃO_MÉD_MENS', 'TEMP_MAX_MIN_MENS', 'PRECIPITAÇÃO_MIN_MENS', 'TEMP_MAX_MAX_MENS', 'PRECIPITAÇÃO_MAX_MENS', 'PRECIPITAÇÃO_ACC_MENS', 'DIA_DA_SEMANA_dom', 'DIA_DA_SEMANA_qua', 'DIA_DA_SEMANA_qui', 'DIA_DA_SEMANA_seg', 'DIA_DA_SEMANA_sáb', 'DIA_DA_SEMANA_ter', 'MÊS_ago', 'MÊS_fev', 'MÊS_jan', 'MÊS_nov', 'MÊS_out', 'MÊS_set', 'ANO_2021', 'ANO_2022', 'ANO_2023', 'ANO_2024', 'ANO_2015', 'ANO_2018', 'ANO_2019', 'ANO_2020', 'CAMPUS_ASSIS CHATEAUBRIAND', 'CAMPUS_ASTORGA', 'CAMPUS_CAMPO LARGO', 'CAMPUS_CAPANEMA', 'CAMPUS_CASCAVEL', 'CAMPUS_CORONEL VIVIDA', 'CAMPUS_CURITIBA', 'CAMPUS_FOZ DO IGUAÇU', 'CAMPUS_IRATI', 'CAMPUS_JACAREZINHO', 'CAMPUS_JAGUARIAÍVA', 'CAMPUS_PARANAGUÁ', 'CAMPUS_QUEDAS DO IGUAÇU', 'CAMPUS_UMUARAMA', 'CURSOS_TEC_CONCOMITANTE', 'CURSOS_TEC_SUBSEQUENTE', 'CURSOS_GRAD_MATUTINO', 'CURSOS_GRAD_NOTURNO', 'CURSOS_POS', 'FERIADO', 'ORDEM', 'LAG_01', 'LAG_03', 'LAG_04', 'LAG_05', 'LAG_06', 'LAG_09', 'LAG_11');0.31186
('TEMP_MIN_MÉD_MENS', 'TEMP_MÉD_MÉD_MENS', 'TEMP_MÉD_MAX_MENS', 'TEMP_MÉD_ACC_MENS', 'TEMP_MAX_MÉD_MENS', 'PRECIPITAÇÃO_MÉD_MENS', 'TEMP_MIN_ACC_MENS', 'TEMP_MAX_MIN_MENS', 'PRECIPITAÇÃO_MIN_MENS', 'TEMP_MAX_MAX_MENS', 'TEMP_MAX_ACC_MENS', 'PRECIPITAÇÃO_MAX_MENS', 'DIA_DA_SEMANA_qua', 'DIA_DA_SEMANA_qui', 'DIA_DA_SEMANA_seg', 'DIA_DA_SEMANA_sáb', 'MÊS_abr', 'MÊS_ago', 'MÊS_dez', 'MÊS_jan', 'MÊS_jun', 'MÊS_mar', 'MÊS_nov', 'MÊS_out', 'ANO_2021', 'ANO_2015', 'ANO_2016', 'ANO_2017', 'CAMPUS_ASSIS CHATEAUBRIAND', 'CAMPUS_ASTORGA', 'CAMPUS_CAMPO LARGO', 'CAMPUS_CORONEL VIVIDA', 'CAMPUS_JAGUARIAÍVA', 'CAMPUS_LONDRINA - CENTRO', 'CAMPUS_PALMAS', 'CAMPUS_PARANAGUÁ', 'CAMPUS_PITANGA', 'CAMPUS_TELÊMACO BORBA', 'CAMPUS_UNIÃO DA VITÓRIA', 'CURSOS_TEC_INTEGRADO', 'CURSOS_GRAD_MATUTINO', 'CURSOS_GRAD_VESPERTINO', 'FÉRIAS', 'COVID', 'GREVE', 'LAG_02', 'LAG_03', 'LAG_04', 'LAG_06', 'LAG_07', 'LAG_09', 'LAG_10', 'LAG_12');0.31209
('TEMP_MÉD_MÉD_MENS', 'TEMP_MÉD_ACC_MENS', 'PRECIPITAÇÃO_MÉD_MENS', 'TEMP_MIN_MIN_MENS', 'TEMP_MIN_MAX_MENS', 'TEMP_MAX_MIN_MENS', 'PRECIPITAÇÃO_MIN_MENS', 'TEMP_MAX_MAX_MENS', 'TEMP_MAX_ACC_MENS', 'PRECIPITAÇÃO_MAX_MENS', 'PRECIPITAÇÃO_ACC_MENS', 'DIA_DA_SEMANA_dom', 'DIA_DA_SEMANA_qua', 'DIA_DA_SEMANA_qui', 'DIA_DA_SEMANA_sex', 'DIA_DA_SEMANA_ter', 'MÊS_ago', 'MÊS_dez', 'MÊS_fev', 'MÊS_jan', 'MÊS_mai', 'MÊS_mar', 'MÊS_out', 'ANO_2021', 'ANO_2022', 'ANO_2023', 'ANO_2015', 'ANO_2016', 'ANO_2017', 'ANO_2018', 'CAMPUS_CAMPO LARGO', 'CAMPUS_CORONEL VIVIDA', 'CAMPUS_CURITIBA', 'CAMPUS_FOZ DO IGUAÇU', 'CAMPUS_GOIOERÊ', 'CAMPUS_IVAIPORÃ', 'CAMPUS_JACAREZINHO', 'CAMPUS_PALMAS', 'CAMPUS_PARANAGUÁ', 'CAMPUS_PINHAIS', 'CAMPUS_PITANGA', 'CAMPUS_TELÊMACO BORBA', 'CAMPUS_UMUARAMA', 'CURSOS_TEC_CONCOMITANTE', 'CURSOS_TEC_INTEGRADO', 'CURSOS_TEC_SUBSEQUENTE', 'CURSOS_GRAD_MATUTINO', 'CURSOS_GRAD_VESPERTINO', 'CURSOS_POS', 'FÉRIAS', 'FERIADO', 'GREVE', 'ORDEM', 'LAG_03', 'LAG_04', 'LAG_07', 'LAG_12');0.3121
('TEMP_MIN_MÉD_MENS', 'TEMP_MÉD_MIN_MENS', 'TEMP_MÉD_MÉD_MENS', 'TEMP_MÉD_ACC_MENS', 'PRECIPITAÇÃO_MÉD_MENS', 'TEMP_MIN_MIN_MENS', 'TEMP_MIN_MAX_MENS', 'TEMP_MAX_MIN_MENS', 'PRECIPITAÇÃO_MIN_MENS', 'TEMP_MAX_ACC_MENS', 'PRECIPITAÇÃO_MAX_MENS', 'PRECIPITAÇÃO_ACC_MENS', 'DIA_DA_SEMANA_dom', 'DIA_DA_SEMANA_qua', 'DIA_DA_SEMANA_qui', 'DIA_DA_SEMANA_seg', 'DIA_DA_SEMANA_sex', 'DIA_DA_SEMANA_ter', 'MÊS_ago', 'MÊS_dez', 'MÊS_jan', 'MÊS_jul', 'MÊS_out', 'ANO_2021', 'ANO_2022', 'ANO_2023', 'ANO_2024', 'ANO_2016', 'ANO_2017', 'CAMPUS_ASSIS CHATEAUBRIAND', 'CAMPUS_BARRACÃO', 'CAMPUS_CAMPO LARGO', 'CAMPUS_CASCAVEL', 'CAMPUS_CORONEL VIVIDA', 'CAMPUS_CURITIBA', 'CAMPUS_FOZ DO IGUAÇU', 'CAMPUS_IVAIPORÃ', 'CAMPUS_JACAREZINHO', 'CAMPUS_JAGUARIAÍVA', 'CAMPUS_PALMAS', 'CAMPUS_PARANAGUÁ', 'CAMPUS_PINHAIS', 'CAMPUS_PITANGA', 'CAMPUS_TELÊMACO BORBA', 'CAMPUS_UNIÃO DA VITÓRIA', 'CURSOS_TEC_CONCOMITANTE', 'CURSOS_TEC_INTEGRADO', 'CURSOS_GRAD_MATUTINO', 'CURSOS_GRAD_VESPERTINO', 'CURSOS_GRAD_NOTURNO', 'CURSOS_POS', 'GREVE', 'ORDEM', 'LAG_02', 'LAG_03', 'LAG_06', 'LAG_07', 'LAG_08', 'LAG_09', 'LAG_10', 'LAG_12');0.31211
('TEMP_MIN_MÉD_MENS', 'TEMP_MAX_MÉD_MENS', 'PRECIPITAÇÃO_MÉD_MENS', 'TEMP_MIN_MIN_MENS', 'TEMP_MIN_ACC_MENS', 'PRECIPITAÇÃO_MIN_MENS', 'TEMP_MAX_ACC_MENS', 'PRECIPITAÇÃO_ACC_MENS', 'DIA_DA_SEMANA_dom', 'DIA_DA_SEMANA_qua', 'DIA_DA_SEMANA_qui', 'DIA_DA_SEMANA_seg', 'MÊS_ago', 'MÊS_dez', 'MÊS_jan', 'MÊS_jun', 'MÊS_mai', 'MÊS_mar', 'ANO_2021', 'ANO_2024', 'ANO_2016', 'ANO_2017', 'ANO_2018', 'ANO_2020', 'CAMPUS_ASTORGA', 'CAMPUS_BARRACÃO', 'CAMPUS_CAMPO LARGO', 'CAMPUS_CASCAVEL', 'CAMPUS_CORONEL VIVIDA', 'CAMPUS_CURITIBA', 'CAMPUS_FOZ DO IGUAÇU', 'CAMPUS_GOIOERÊ', 'CAMPUS_IRATI', 'CAMPUS_IVAIPORÃ', 'CAMPUS_JACAREZINHO', 'CAMPUS_PARANAVAÍ', 'CAMPUS_PINHAIS', 'CAMPUS_PITANGA', 'CAMPUS_QUEDAS DO IGUAÇU', 'CAMPUS_TELÊMACO BORBA', 'CAMPUS_UMUARAMA', 'CURSOS_TEC_CONCOMITANTE', 'CURSOS_GRAD_VESPERTINO', 'CURSOS_POS', 'FERIADO', 'COVID', 'LAG_01', 'LAG_04', 'LAG_09', 'LAG_10', 'LAG_11', 'LAG_12');0.31223
('TEMP_MÉD_MAX_MENS', 'TEMP_MIN_MIN_MENS', 'TEMP_MIN_MAX_MENS', 'TEMP_MAX_MIN_MENS', 'PRECIPITAÇÃO_MAX_MENS', 'DIA_DA_SEMANA_qua', 'DIA_DA_SEMANA_qui', 'DIA_DA_SEMANA_seg', 'DIA_DA_SEMANA_sex', 'MÊS_ago', 'MÊS_dez', 'MÊS_fev', 'MÊS_jul', 'MÊS_mai', 'MÊS_mar', 'MÊS_nov', 'MÊS_out', 'MÊS_set', 'ANO_2021', 'ANO_2022', 'ANO_2023', 'ANO_2015', 'ANO_2016', 'ANO_2018', 'ANO_2019', 'CAMPUS_ASTORGA', 'CAMPUS_CAMPO LARGO', 'CAMPUS_CURITIBA', 'CAMPUS_FOZ DO IGUAÇU', 'CAMPUS_GOIOERÊ', 'CAMPUS_IVAIPORÃ', 'CAMPUS_JACAREZINHO', 'CAMPUS_LONDRINA - CENTRO', 'CAMPUS_PALMAS', 'CAMPUS_PARANAGUÁ', 'CAMPUS_PINHAIS', 'CAMPUS_PITANGA', 'CAMPUS_QUEDAS DO IGUAÇU', 'CAMPUS_UMUARAMA', 'CURSOS_TEC_INTEGRADO', 'CURSOS_GRAD_NOTURNO', 'CURSOS_POS', 'FÉRIAS', 'FERIADO', 'LAG_02', 'LAG_04', 'LAG_05', 'LAG_08', 'LAG_09');0.31235
('TEMP_MIN_MÉD_MENS', 'TEMP_MÉD_MIN_MENS', 'TEMP_MIN_MAX_MENS', 'TEMP_MAX_MAX_MENS', 'TEMP_MAX_ACC_MENS', 'DIA_DA_SEMANA_dom', 'DIA_DA_SEMANA_qui', 'DIA_DA_SEMANA_sex', 'MÊS_ago', 'MÊS_jan', 'MÊS_jul', 'MÊS_jun', 'MÊS_mai', 'MÊS_mar', 'MÊS_out', 'MÊS_set', 'ANO_2021', 'ANO_2022', 'ANO_2015', 'ANO_2016', 'ANO_2017', 'ANO_2018', 'ANO_2019', 'CAMPUS_ASSIS CHATEAUBRIAND', 'CAMPUS_BARRACÃO', 'CAMPUS_CAMPO LARGO', 'CAMPUS_CAPANEMA', 'CAMPUS_CASCAVEL', 'CAMPUS_CORONEL VIVIDA', 'CAMPUS_CURITIBA', 'CAMPUS_IVAIPORÃ', 'CAMPUS_JACAREZINHO', 'CAMPUS_JAGUARIAÍVA', 'CAMPUS_PARANAGUÁ', 'CAMPUS_PINHAIS', 'CAMPUS_QUEDAS DO IGUAÇU', 'CAMPUS_TELÊMACO BORBA', 'CURSOS_TEC_CONCOMITANTE', 'CURSOS_TEC_INTEGRADO', 'CURSOS_TEC_SUBSEQUENTE', 'CURSOS_GRAD_VESPERTINO', 'CURSOS_GRAD_NOTURNO', 'FÉRIAS', 'LAG_01', 'LAG_07', 'LAG_09', 'LAG_10', 'LAG_12');0.31262
('TEMP_MÉD_MIN_MENS', 'TEMP_MÉD_MÉD_MENS', 'TEMP_MÉD_MAX_MENS', 'TEMP_MÉD_ACC_MENS', 'TEMP_MAX_MÉD_MENS', 'PRECIPITAÇÃO_MÉD_MENS', 'TEMP_MIN_MAX_MENS', 'TEMP_MAX_MIN_MENS', 'PRECIPITAÇÃO_MIN_MENS', 'TEMP_MAX_ACC_MENS', 'PRECIPITAÇÃO_MAX_MENS', 'DIA_DA_SEMANA_qua', 'DIA_DA_SEMANA_sáb', 'DIA_DA_SEMANA_ter', 'MÊS_dez', 'MÊS_jan', 'MÊS_jul', 'MÊS_out', 'ANO_2021', 'ANO_2015', 'ANO_2016', 'ANO_2019', 'ANO_2020', 'CAMPUS_ASSIS CHATEAUBRIAND', 'CAMPUS_BARRACÃO', 'CAMPUS_CAMPO LARGO', 'CAMPUS_CAPANEMA', 'CAMPUS_CORONEL VIVIDA', 'CAMPUS_CURITIBA', 'CAMPUS_IRATI', 'CAMPUS_IVAIPORÃ', 'CAMPUS_JACAREZINHO', 'CAMPUS_JAGUARIAÍVA', 'CAMPUS_PALMAS', 'CAMPUS_PARANAGUÁ', 'CAMPUS_PARANAVAÍ', 'CAMPUS_QUEDAS DO IGUAÇU', 'CAMPUS_TELÊMACO BORBA', 'CAMPUS_UMUARAMA', 'CAMPUS_UNIÃO DA VITÓRIA', 'CURSOS_TEC_CONCOMITANTE', 'CURSOS_TEC_INTEGRADO', 'CURSOS_GRAD_VESPERTINO', 'CURSOS_GRAD_NOTURNO', 'CURSOS_POS', 'FERIADO', 'COVID', 'GREVE', 'ORDEM', 'LAG_02', 'LAG_03', 'LAG_05', 'LAG_07', 'LAG_08', 'LAG_11', 'LAG_12');0.31263
('TEMP_MIN_MÉD_MENS', 'TEMP_MÉD_MIN_MENS', 'TEMP_MÉD_MAX_MENS', 'TEMP_MÉD_ACC_MENS', 'TEMP_MAX_MÉD_MENS', 'TEMP_MAX_MIN_MENS', 'TEMP_MAX_ACC_MENS', 'PRECIPITAÇÃO_MAX_MENS', 'PRECIPITAÇÃO_ACC_MENS', 'DIA_DA_SEMANA_seg', 'DIA_DA_SEMANA_sáb', 'MÊS_abr', 'MÊS_dez', 'MÊS_fev', 'MÊS_jul', 'MÊS_jun', 'MÊS_mai', 'MÊS_mar', 'MÊS_nov', 'MÊS_set', 'ANO_2021', 'ANO_2022', 'ANO_2023', 'ANO_2024', 'ANO_2015', 'ANO_2016', 'ANO_2017', 'ANO_2018', 'ANO_2019', 'ANO_2020', 'CAMPUS_ASTORGA', 'CAMPUS_BARRACÃO', 'CAMPUS_CAMPO LARGO', 'CAMPUS_CAPANEMA', 'CAMPUS_CASCAVEL', 'CAMPUS_CORONEL VIVIDA', 'CAMPUS_CURITIBA', 'CAMPUS_GOIOERÊ', 'CAMPUS_IRATI', 'CAMPUS_JAGUARIAÍVA', 'CAMPUS_PALMAS', 'CAMPUS_PARANAGUÁ', 'CAMPUS_PARANAVAÍ', 'CAMPUS_PITANGA', 'CAMPUS_QUEDAS DO IGUAÇU', 'CAMPUS_TELÊMACO BORBA', 'CAMPUS_UNIÃO DA VITÓRIA', 'CURSOS_TEC_INTEGRADO', 'CURSOS_GRAD_MATUTINO', 'CURSOS_GRAD_VESPERTINO', 'CURSOS_GRAD_NOTURNO', 'CURSOS_POS', 'FERIADO', 'COVID', 'LAG_02', 'LAG_03', 'LAG_04', 'LAG_06', 'LAG_08', 'LAG_09', 'LAG_10', 'LAG_12');0.31267
('TEMP_MÉD_MÉD_MENS', 'TEMP_MAX_MÉD_MENS', 'PRECIPITAÇÃO_MÉD_MENS', 'PRECIPITAÇÃO_MIN_MENS', 'PRECIPITAÇÃO_MAX_MENS', 'DIA_DA_SEMANA_dom', 'DIA_DA_SEMANA_qua', 'DIA_DA_SEMANA_qui', 'DIA_DA_SEMANA_sex', 'MÊS_abr', 'MÊS_ago', 'MÊS_fev', 'MÊS_jan', 'MÊS_jun', 'MÊS_mai', 'MÊS_mar', 'MÊS_nov', 'MÊS_set', 'ANO_2021', 'ANO_2022', 'ANO_2023', 'ANO_2015', 'ANO_2016', 'ANO_2017', 'ANO_2019', 'CAMPUS_ASTORGA', 'CAMPUS_BARRACÃO', 'CAMPUS_CAMPO LARGO', 'CAMPUS_CAPANEMA', 'CAMPUS_CASCAVEL', 'CAMPUS_CORONEL VIVIDA', 'CAMPUS_GOIOERÊ', 'CAMPUS_IVAIPORÃ', 'CAMPUS_LONDRINA - CENTRO', 'CAMPUS_PALMAS', 'CAMPUS_PARANAGUÁ', 'CAMPUS_PARANAVAÍ', 'CAMPUS_PITANGA', 'CAMPUS_QUEDAS DO IGUAÇU', 'CAMPUS_TELÊMACO BORBA', 'CAMPUS_UNIÃO DA VITÓRIA', 'CURSOS_GRAD_MATUTINO', 'CURSOS_GRAD_VESPERTINO', 'CURSOS_GRAD_NOTURNO', 'CURSOS_POS', 'FERIADO', 'COVID', 'GREVE', 'LAG_01', 'LAG_03', 'LAG_05', 'LAG_07', 'LAG_08', 'LAG_09', 'LAG_10', 'LAG_11', 'LAG_12');0.31269
('TEMP_MIN_MÉD_MENS', 'TEMP_MÉD_ACC_MENS', 'TEMP_MIN_MAX_MENS', 'TEMP_MIN_ACC_MENS', 'TEMP_MAX_MIN_MENS', 'PRECIPITAÇÃO_MIN_MENS', 'TEMP_MAX_MAX_MENS', 'TEMP_MAX_ACC_MENS', 'PRECIPITAÇÃO_ACC_MENS', 'DIA_DA_SEMANA_sex', 'MÊS_abr', 'MÊS_ago', 'MÊS_dez', 'MÊS_fev', 'MÊS_jul', 'MÊS_jun', 'MÊS_mai', 'MÊS_out', 'MÊS_set', 'ANO_2021', 'ANO_2022', 'ANO_2024', 'ANO_2018', 'ANO_2019', 'CAMPUS_ASSIS CHATEAUBRIAND', 'CAMPUS_ASTORGA', 'CAMPUS_CAPANEMA', 'CAMPUS_CORONEL VIVIDA', 'CAMPUS_CURITIBA', 'CAMPUS_IRATI', 'CAMPUS_IVAIPORÃ', 'CAMPUS_JACAREZINHO', 'CAMPUS_PINHAIS', 'CAMPUS_QUEDAS DO IGUAÇU', 'CAMPUS_TELÊMACO BORBA', 'CAMPUS_UMUARAMA', 'CAMPUS_UNIÃO DA VITÓRIA', 'CURSOS_TEC_CONCOMITANTE', 'CURSOS_TEC_INTEGRADO', 'CURSOS_TEC_SUBSEQUENTE', 'CURSOS_GRAD_MATUTINO', 'CURSOS_GRAD_NOTURNO', 'CURSOS_POS', 'FERIADO', 'ORDEM', 'LAG_01', 'LAG_02', 'LAG_03', 'LAG_04', 'LAG_05', 'LAG_07', 'LAG_10', 'LAG_11');0.31281
('TEMP_MIN_MÉD_MENS', 'TEMP_MÉD_MIN_MENS', 'TEMP_MÉD_MÉD_MENS', 'TEMP_MIN_ACC_MENS', 'TEMP_MAX_MIN_MENS', 'TEMP_MAX_MAX_MENS', 'TEMP_MAX_ACC_MENS', 'PRECIPITAÇÃO_MAX_MENS', 'PRECIPITAÇÃO_ACC_MENS', 'DIA_DA_SEMANA_qua', 'DIA_DA_SEMANA_qui', 'DIA_DA_SEMANA_sex', 'DIA_DA_SEMANA_ter', 'MÊS_ago', 'MÊS_fev', 'MÊS_mar', 'MÊS_set', 'ANO_2023', 'ANO_2015', 'ANO_2016', 'ANO_2018', 'ANO_2019', 'ANO_2020', 'CAMPUS_ASSIS CHATEAUBRIAND', 'CAMPUS_CAPANEMA', 'CAMPUS_CASCAVEL', 'CAMPUS_CORONEL VIVIDA', 'CAMPUS_CURITIBA', 'CAMPUS_FOZ DO IGUAÇU', 'CAMPUS_GOIOERÊ', 'CAMPUS_JACAREZINHO', 'CAMPUS_JAGUARIAÍVA', 'CAMPUS_PALMAS', 'CAMPUS_PARANAGUÁ', 'CAMPUS_PITANGA', 'CAMPUS_TELÊMACO BORBA', 'CAMPUS_UNIÃO DA VITÓRIA', 'CURSOS_TEC_SUBSEQUENTE', 'CURSOS_GRAD_MATUTINO', 'CURSOS_GRAD_VESPERTINO', 'CURSOS_POS', 'FERIADO', 'ORDEM', 'LAG_02', 'LAG_04', 'LAG_05', 'LAG_06', 'LAG_08', 'LAG_10');0.31287
('TEMP_MIN_MÉD_MENS', 'TEMP_MÉD_MIN_MENS', 'TEMP_MÉD_MÉD_MENS', 'TEMP_MÉD_MAX_MENS', 'TEMP_MAX_MÉD_MENS', 'PRECIPITAÇÃO_MÉD_MENS', 'TEMP_MAX_MIN_MENS', 'TEMP_MAX_MAX_MENS', 'TEMP_MAX_ACC_MENS', 'PRECIPITAÇÃO_ACC_MENS', 'DIA_DA_SEMANA_dom', 'DIA_DA_SEMANA_qui', 'DIA_DA_SEMANA_seg', 'DIA_DA_SEMANA_sex', 'DIA_DA_SEMANA_sáb', 'DIA_DA_SEMANA_ter', 'MÊS_dez', 'MÊS_fev', 'MÊS_jul', 'MÊS_mai', 'MÊS_mar', 'MÊS_set', 'ANO_2021', 'ANO_2023', 'ANO_2015', 'ANO_2016', 'ANO_2017', 'ANO_2019', 'ANO_2020', 'CAMPUS_BARRACÃO', 'CAMPUS_CAMPO LARGO', 'CAMPUS_CASCAVEL', 'CAMPUS_CORONEL VIVIDA', 'CAMPUS_CURITIBA', 'CAMPUS_FOZ DO IGUAÇU', 'CAMPUS_IRATI', 'CAMPUS_IVAIPORÃ', 'CAMPUS_JAGUARIAÍVA', 'CAMPUS_LONDRINA - CENTRO', 'CAMPUS_PALMAS', 'CAMPUS_PINHAIS', 'CAMPUS_PITANGA', 'CURSOS_TEC_CONCOMITANTE', 'CURSOS_TEC_SUBSEQUENTE', 'FERIADO', 'GREVE', 'LAG_01', 'LAG_03', 'LAG_04', 'LAG_05', 'LAG_06', 'LAG_07', 'LAG_10', 'LAG_11', 'LAG_12');0.31295
('TEMP_MIN_MÉD_MENS', 'TEMP_MÉD_MÉD_MENS', 'TEMP_MÉD_MAX_MENS', 'TEMP_MÉD_ACC_MENS', 'TEMP_MAX_MÉD_MENS', 'PRECIPITAÇÃO_MÉD_MENS', 'TEMP_MIN_MIN_MENS', 'TEMP_MIN_MAX_MENS', 'TEMP_MAX_MIN_MENS', 'PRECIPITAÇÃO_MIN_MENS', 'PRECIPITAÇÃO_MAX_MENS', 'PRECIPITAÇÃO_ACC_MENS', 'DIA_DA_SEMANA_qua', 'DIA_DA_SEMANA_qui', 'DIA_DA_SEMANA_sáb', 'MÊS_ago', 'MÊS_dez', 'MÊS_jan', 'MÊS_jul', 'MÊS_nov', 'MÊS_set', 'ANO_2021', 'ANO_2015', 'ANO_2016', 'ANO_2017', 'ANO_2018', 'ANO_2019', 'CAMPUS_CAMPO LARGO', 'CAMPUS_CURITIBA', 'CAMPUS_FOZ DO IGUAÇU', 'CAMPUS_IRATI', 'CAMPUS_JAGUARIAÍVA', 'CAMPUS_PALMAS', 'CAMPUS_PARANAGUÁ', 'CAMPUS_PITANGA', 'CAMPUS_TELÊMACO BORBA', 'CAMPUS_UMUARAMA', 'CAMPUS_UNIÃO DA VITÓRIA', 'CURSOS_TEC_CONCOMITANTE', 'CURSOS_TEC_INTEGRADO', 'CURSOS_GRAD_VESPERTINO', 'CURSOS_GRAD_NOTURNO', 'FERIADO', 'ORDEM', 'LAG_01', 'LAG_03', 'LAG_04', 'LAG_05', 'LAG_09', 'LAG_12');0.31296
('TEMP_MIN_MÉD_MENS', 'TEMP_MÉD_MIN_MENS', 'TEMP_MÉD_MAX_MENS', 'TEMP_MÉD_ACC_MENS', 'TEMP_MAX_MÉD_MENS', 'TEMP_MIN_MAX_MENS', 'TEMP_MAX_MIN_MENS', 'PRECIPITAÇÃO_MIN_MENS', 'TEMP_MAX_MAX_MENS', 'TEMP_MAX_ACC_MENS', 'PRECIPITAÇÃO_MAX_MENS', 'DIA_DA_SEMANA_dom', 'DIA_DA_SEMANA_qua', 'DIA_DA_SEMANA_seg', 'DIA_DA_SEMANA_sex', 'MÊS_jan', 'MÊS_jul', 'MÊS_jun', 'MÊS_mai', 'MÊS_mar', 'MÊS_nov', 'MÊS_out', 'MÊS_set', 'ANO_2018', 'CAMPUS_CAMPO LARGO', 'CAMPUS_CASCAVEL', 'CAMPUS_CURITIBA', 'CAMPUS_GOIOERÊ', 'CAMPUS_IRATI', 'CAMPUS_JAGUARIAÍVA', 'CAMPUS_PARANAGUÁ', 'CAMPUS_PARANAVAÍ', 'CAMPUS_PINHAIS', 'CAMPUS_PITANGA', 'CAMPUS_TELÊMACO BORBA', 'CAMPUS_UNIÃO DA VITÓRIA', 'CURSOS_TEC_INTEGRADO', 'CURSOS_TEC_SUBSEQUENTE', 'CURSOS_GRAD_VESPERTINO', 'FERIADO', 'GREVE', 'ORDEM', 'LAG_01', 'LAG_02', 'LAG_06', 'LAG_08', 'LAG_09', 'LAG_11');0.31302
('TEMP_MÉD_MIN_MENS', 'TEMP_MÉD_MÉD_MENS', 'TEMP_MÉD_MAX_MENS', 'TEMP_MAX_MÉD_MENS', 'PRECIPITAÇÃO_MÉD_MENS', 'TEMP_MIN_MIN_MENS', 'TEMP_MIN_MAX_MENS', 'TEMP_MAX_MIN_MENS', 'PRECIPITAÇÃO_MIN_MENS', 'TEMP_MAX_MAX_MENS', 'PRECIPITAÇÃO_MAX_MENS', 'PRECIPITAÇÃO_ACC_MENS', 'DIA_DA_SEMANA_qua', 'DIA_DA_SEMANA_qui', 'DIA_DA_SEMANA_seg', 'DIA_DA_SEMANA_sáb', 'MÊS_abr', 'MÊS_ago', 'MÊS_dez', 'MÊS_jul', 'ANO_2021', 'ANO_2024', 'ANO_2016', 'ANO_2018', 'ANO_2019', 'CAMPUS_ASSIS CHATEAUBRIAND', 'CAMPUS_ASTORGA', 'CAMPUS_CAMPO LARGO', 'CAMPUS_CAPANEMA', 'CAMPUS_CASCAVEL', 'CAMPUS_CORONEL VIVIDA', 'CAMPUS_FOZ DO IGUAÇU', 'CAMPUS_IRATI', 'CAMPUS_IVAIPORÃ', 'CAMPUS_JAGUARIAÍVA', 'CAMPUS_LONDRINA - CENTRO', 'CAMPUS_PARANAGUÁ', 'CAMPUS_PARANAVAÍ', 'CAMPUS_PINHAIS', 'CAMPUS_QUEDAS DO IGUAÇU', 'CAMPUS_UMUARAMA', 'CURSOS_GRAD_MATUTINO', 'CURSOS_GRAD_VESPERTINO', 'FERIADO', 'ORDEM', 'LAG_01', 'LAG_04', 'LAG_07', 'LAG_08', 'LAG_09', 'LAG_12');0.31304
('TEMP_MIN_MÉD_MENS', 'TEMP_MÉD_MIN_MENS', 'TEMP_MÉD_MAX_MENS', 'PRECIPITAÇÃO_MÉD_MENS', 'TEMP_MIN_MIN_MENS', 'TEMP_MIN_ACC_MENS', 'TEMP_MAX_MIN_MENS', 'PRECIPITAÇÃO_MIN_MENS', 'TEMP_MAX_MAX_MENS', 'TEMP_MAX_ACC_MENS', 'PRECIPITAÇÃO_ACC_MENS', 'DIA_DA_SEMANA_dom', 'MÊS_abr', 'MÊS_ago', 'MÊS_dez', 'MÊS_fev', 'MÊS_jan', 'MÊS_jul', 'MÊS_jun', 'MÊS_mai', 'MÊS_mar', 'MÊS_nov', 'MÊS_set', 'ANO_2022', 'ANO_2023', 'ANO_2024', 'ANO_2015', 'ANO_2016', 'ANO_2017', 'ANO_2018', 'ANO_2020', 'CAMPUS_CAMPO LARGO', 'CAMPUS_CAPANEMA', 'CAMPUS_CURITIBA', 'CAMPUS_FOZ DO IGUAÇU', 'CAMPUS_GOIOERÊ', 'CAMPUS_IVAIPORÃ', 'CAMPUS_JACAREZINHO', 'CAMPUS_JAGUARIAÍVA', 'CAMPUS_LONDRINA - CENTRO', 'CAMPUS_PARANAGUÁ', 'CAMPUS_PARANAVAÍ', 'CAMPUS_PINHAIS', 'CAMPUS_PITANGA', 'CAMPUS_QUEDAS DO IGUAÇU', 'CAMPUS_TELÊMACO BORBA', 'CAMPUS_UNIÃO DA VITÓRIA', 'CURSOS_TEC_INTEGRADO', 'CURSOS_GRAD_NOTURNO', 'CURSOS_POS', 'LAG_01', 'LAG_02', 'LAG_03', 'LAG_07', 'LAG_09', 'LAG_11');0.31314
('TEMP_MIN_MÉD_MENS', 'TEMP_MÉD_MIN_MENS', 'TEMP_MÉD_MÉD_MENS', 'TEMP_MAX_MÉD_MENS', 'TEMP_MIN_MAX_MENS', 'TEMP_MAX_MAX_MENS', 'DIA_DA_SEMANA_dom', 'DIA_DA_SEMANA_qua', 'DIA_DA_SEMANA_qui', 'DIA_DA_SEMANA_seg', 'DIA_DA_SEMANA_sex', 'DIA_DA_SEMANA_ter', 'MÊS_dez', 'MÊS_fev', 'MÊS_jan', 'MÊS_jun', 'MÊS_mar', 'MÊS_nov', 'MÊS_out', 'MÊS_set', 'ANO_2021', 'ANO_2024', 'ANO_2015', 'ANO_2016', 'ANO_2017', 'ANO_2018', 'ANO_2019', 'ANO_2020', 'CAMPUS_CAMPO LARGO', 'CAMPUS_CAPANEMA', 'CAMPUS_CURITIBA', 'CAMPUS_FOZ DO IGUAÇU', 'CAMPUS_IRATI', 'CAMPUS_IVAIPORÃ', 'CAMPUS_JAGUARIAÍVA', 'CAMPUS_PARANAGUÁ', 'CAMPUS_PINHAIS', 'CAMPUS_PITANGA', 'CAMPUS_UMUARAMA', 'CAMPUS_UNIÃO DA VITÓRIA', 'CURSOS_TEC_CONCOMITANTE', 'CURSOS_GRAD_VESPERTINO', 'CURSOS_GRAD_NOTURNO', 'CURSOS_POS', 'FERIADO', 'ORDEM', 'LAG_01', 'LAG_04', 'LAG_05', 'LAG_07', 'LAG_08', 'LAG_09', 'LAG_10', 'LAG_12');0.31324
('TEMP_MÉD_MIN_MENS', 'PRECIPITAÇÃO_MÉD_MENS', 'TEMP_MAX_MIN_MENS', 'TEMP_MAX_MAX_MENS', 'TEMP_MAX_ACC_MENS', 'PRECIPITAÇÃO_MAX_MENS', 'DIA_DA_SEMANA_dom', 'DIA_DA_SEMANA_qua', 'DIA_DA_SEMANA_qui', 'DIA_DA_SEMANA_seg', 'DIA_DA_SEMANA_sex', 'MÊS_ago', 'MÊS_dez', 'MÊS_fev', 'MÊS_jan', 'MÊS_jul', 'MÊS_jun', 'MÊS_nov', 'MÊS_set', 'ANO_2022', 'ANO_2023', 'ANO_2024', 'ANO_2015', 'ANO_2016', 'ANO_2017', 'ANO_2018', 'ANO_2020', 'CAMPUS_ASSIS CHATEAUBRIAND', 'CAMPUS_ASTORGA', 'CAMPUS_CAMPO LARGO', 'CAMPUS_CASCAVEL', 'CAMPUS_GOIOERÊ', 'CAMPUS_JAGUARIAÍVA', 'CAMPUS_PALMAS', 'CAMPUS_PARANAGUÁ', 'CAMPUS_PARANAVAÍ', 'CAMPUS_QUEDAS DO IGUAÇU', 'CAMPUS_TELÊMACO BORBA', 'CAMPUS_UMUARAMA', 'CAMPUS_UNIÃO DA VITÓRIA', 'CURSOS_TEC_CONCOMITANTE', 'CURSOS_TEC_SUBSEQUENTE', 'CURSOS_GRAD_MATUTINO', 'CURSOS_POS', 'GREVE', 'LAG_01', 'LAG_04', 'LAG_05', 'LAG_06', 'LAG_08', 'LAG_10', 'LAG_12');0.31325
('TEMP_MÉD_MIN_MENS', 'TEMP_MÉD_MAX_MENS', 'TEMP_MÉD_ACC_MENS', 'TEMP_MAX_MÉD_MENS', 'PRECIPITAÇÃO_MÉD_MENS', 'TEMP_MIN_MIN_MENS', 'TEMP_MIN_MAX_MENS', 'TEMP_MAX_ACC_MENS', 'PRECIPITAÇÃO_MAX_MENS', 'PRECIPITAÇÃO_ACC_MENS', 'DIA_DA_SEMANA_dom', 'DIA_DA_SEMANA_qua', 'DIA_DA_SEMANA_qui', 'DIA_DA_SEMANA_sex', 'DIA_DA_SEMANA_sáb', 'DIA_DA_SEMANA_ter', 'MÊS_dez', 'MÊS_jul', 'MÊS_jun', 'MÊS_mai', 'MÊS_mar', 'MÊS_nov', 'MÊS_out', 'MÊS_set', 'ANO_2021', 'ANO_2022', 'ANO_2023', 'ANO_2024', 'ANO_2015', 'ANO_2017', 'ANO_2018', 'CAMPUS_ASTORGA', 'CAMPUS_BARRACÃO', 'CAMPUS_CAPANEMA', 'CAMPUS_CASCAVEL', 'CAMPUS_CURITIBA', 'CAMPUS_FOZ DO IGUAÇU', 'CAMPUS_GOIOERÊ', 'CAMPUS_IVAIPORÃ', 'CAMPUS_JACAREZINHO', 'CAMPUS_JAGUARIAÍVA', 'CAMPUS_PALMAS', 'CAMPUS_PARANAGUÁ', 'CAMPUS_PINHAIS', 'CAMPUS_PITANGA', 'CAMPUS_QUEDAS DO IGUAÇU', 'CAMPUS_TELÊMACO BORBA', 'CURSOS_TEC_CONCOMITANTE', 'CURSOS_TEC_INTEGRADO', 'CURSOS_TEC_SUBSEQUENTE', 'CURSOS_GRAD_MATUTINO', 'CURSOS_POS', 'ORDEM', 'LAG_02', 'LAG_03', 'LAG_05', 'LAG_06', 'LAG_09', 'LAG_10', 'LAG_11');0.31337
('TEMP_MÉD_MAX_MENS', 'TEMP_MÉD_ACC_MENS', 'TEMP_MAX_MÉD_MENS', 'TEMP_MIN_MIN_MENS', 'TEMP_MAX_MIN_MENS', 'PRECIPITAÇÃO_MIN_MENS', 'TEMP_MAX_MAX_MENS', 'TEMP_MAX_ACC_MENS', 'PRECIPITAÇÃO_MAX_MENS', 'PRECIPITAÇÃO_ACC_MENS', 'DIA_DA_SEMANA_dom', 'DIA_DA_SEMANA_qui', 'DIA_DA_SEMANA_seg', 'DIA_DA_SEMANA_sáb', 'MÊS_abr', 'MÊS_jul', 'MÊS_jun', 'MÊS_mar', 'MÊS_set', 'ANO_2021', 'ANO_2022', 'ANO_2024', 'ANO_2016', 'ANO_2018', 'ANO_2019', 'ANO_2020', 'CAMPUS_ASSIS CHATEAUBRIAND', 'CAMPUS_ASTORGA', 'CAMPUS_CURITIBA', 'CAMPUS_FOZ DO IGUAÇU', 'CAMPUS_IRATI', 'CAMPUS_IVAIPORÃ', 'CAMPUS_JACAREZINHO', 'CAMPUS_JAGUARIAÍVA', 'CAMPUS_PALMAS', 'CAMPUS_PINHAIS', 'CAMPUS_PITANGA', 'CAMPUS_QUEDAS DO IGUAÇU', 'CAMPUS_TELÊMACO BORBA', 'CAMPUS_UMUARAMA', 'CURSOS_TEC_CONCOMITANTE', 'CURSOS_TEC_INTEGRADO', 'CURSOS_TEC_SUBSEQUENTE', 'CURSOS_GRAD_VESPERTINO', 'CURSOS_GRAD_NOTURNO', 'FÉRIAS', 'FERIADO', 'LAG_01', 'LAG_05', 'LAG_07', 'LAG_09', 'LAG_11');0.31339
('TEMP_MIN_MÉD_MENS', 'TEMP_MÉD_MIN_MENS', 'TEMP_MÉD_MÉD_MENS', 'TEMP_MAX_MÉD_MENS', 'PRECIPITAÇÃO_MÉD_MENS', 'TEMP_MIN_MIN_MENS', 'TEMP_MAX_MIN_MENS', 'TEMP_MAX_MAX_MENS', 'TEMP_MAX_ACC_MENS', 'PRECIPITAÇÃO_MAX_MENS', 'PRECIPITAÇÃO_ACC_MENS', 'DIA_DA_SEMANA_dom', 'DIA_DA_SEMANA_qua', 'DIA_DA_SEMANA_qui', 'DIA_DA_SEMANA_seg', 'DIA_DA_SEMANA_sáb', 'MÊS_fev', 'MÊS_jan', 'MÊS_jun', 'MÊS_mar', 'MÊS_nov', 'MÊS_set', 'ANO_2023', 'ANO_2024', 'ANO_2015', 'ANO_2018', 'ANO_2020', 'CAMPUS_CAMPO LARGO', 'CAMPUS_CASCAVEL', 'CAMPUS_CORONEL VIVIDA', 'CAMPUS_FOZ DO IGUAÇU', 'CAMPUS_GOIOERÊ', 'CAMPUS_IRATI', 'CAMPUS_IVAIPORÃ', 'CAMPUS_JAGUARIAÍVA', 'CAMPUS_LONDRINA - CENTRO', 'CAMPUS_PALMAS', 'CAMPUS_PARANAGUÁ', 'CAMPUS_PARANAVAÍ', 'CAMPUS_QUEDAS DO IGUAÇU', 'CAMPUS_TELÊMACO BORBA', 'CAMPUS_UMUARAMA', 'CAMPUS_UNIÃO DA VITÓRIA', 'CURSOS_GRAD_MATUTINO', 'CURSOS_GRAD_VESPERTINO', 'CURSOS_GRAD_NOTURNO', 'CURSOS_POS', 'FÉRIAS', 'COVID', 'GREVE', 'LAG_02', 'LAG_03', 'LAG_04', 'LAG_06', 'LAG_07', 'LAG_08', 'LAG_10', 'LAG_12');0.3134
('TEMP_MIN_MÉD_MENS', 'TEMP_MÉD_MÉD_MENS', 'TEMP_MAX_MÉD_MENS', 'PRECIPITAÇÃO_MÉD_MENS', 'TEMP_MIN_MAX_MENS', 'TEMP_MIN_ACC_MENS', 'PRECIPITAÇÃO_MIN_MENS', 'TEMP_MAX_MAX_MENS', 'PRECIPITAÇÃO_MAX_MENS', 'PRECIPITAÇÃO_ACC_MENS', 'DIA_DA_SEMANA_qua', 'DIA_DA_SEMANA_qui', 'DIA_DA_SEMANA_seg', 'DIA_DA_SEMANA_sex', 'MÊS_abr', 'MÊS_ago', 'MÊS_dez', 'MÊS_jul', 'MÊS_jun', 'MÊS_mar', 'MÊS_out', 'ANO_2021', 'ANO_2022', 'ANO_2024', 'ANO_2016', 'ANO_2018', 'ANO_2020', 'CAMPUS_BARRACÃO', 'CAMPUS_CASCAVEL', 'CAMPUS_CORONEL VIVIDA', 'CAMPUS_CURITIBA', 'CAMPUS_IRATI', 'CAMPUS_IVAIPORÃ', 'CAMPUS_JAGUARIAÍVA', 'CAMPUS_LONDRINA - CENTRO', 'CAMPUS_PALMAS', 'CAMPUS_PINHAIS', 'CAMPUS_TELÊMACO BORBA', 'CAMPUS_UMUARAMA', 'CAMPUS_UNIÃO DA VITÓRIA', 'CURSOS_TEC_CONCOMITANTE', 'CURSOS_TEC_INTEGRADO', 'CURSOS_TEC_SUBSEQUENTE', 'CURSOS_GRAD_NOTURNO', 'FERIADO', 'GREVE', 'ORDEM', 'LAG_01', 'LAG_02', 'LAG_03', 'LAG_04', 'LAG_07', 'LAG_09', 'LAG_10');0.31343
('TEMP_MIN_MÉD_MENS', 'TEMP_MÉD_MÉD_MENS', 'TEMP_MÉD_ACC_MENS', 'TEMP_MAX_MÉD_MENS', 'TEMP_MIN_MAX_MENS', 'TEMP_MIN_ACC_MENS', 'PRECIPITAÇÃO_MIN_MENS', 'TEMP_MAX_MAX_MENS', 'TEMP_MAX_ACC_MENS', 'DIA_DA_SEMANA_dom', 'DIA_DA_SEMANA_qua', 'DIA_DA_SEMANA_qui', 'DIA_DA_SEMANA_seg', 'DIA_DA_SEMANA_sáb', 'MÊS_abr', 'MÊS_fev', 'MÊS_jun', 'MÊS_mar', 'MÊS_out', 'MÊS_set', 'ANO_2024', 'ANO_2017', 'ANO_2018', 'ANO_2019', 'ANO_2020', 'CAMPUS_ASSIS CHATEAUBRIAND', 'CAMPUS_ASTORGA', 'CAMPUS_BARRACÃO', 'CAMPUS_CAMPO LARGO', 'CAMPUS_CASCAVEL', 'CAMPUS_CORONEL VIVIDA', 'CAMPUS_CURITIBA', 'CAMPUS_GOIOERÊ', 'CAMPUS_IVAIPORÃ', 'CAMPUS_JACAREZINHO', 'CAMPUS_JAGUARIAÍVA', 'CAMPUS_PALMAS', 'CAMPUS_PARANAGUÁ', 'CAMPUS_QUEDAS DO IGUAÇU', 'CAMPUS_UNIÃO DA VITÓRIA', 'CURSOS_TEC_INTEGRADO', 'CURSOS_TEC_SUBSEQUENTE', 'CURSOS_GRAD_MATUTINO', 'CURSOS_GRAD_NOTURNO', 'CURSOS_POS', 'FÉRIAS', 'GREVE', 'LAG_01', 'LAG_02', 'LAG_03', 'LAG_04', 'LAG_06', 'LAG_07', 'LAG_08', 'LAG_09', 'LAG_11', 'LAG_12');0.31359
('TEMP_MÉD_MÉD_MENS', 'TEMP_MÉD_ACC_MENS', 'PRECIPITAÇÃO_MÉD_MENS', 'TEMP_MIN_MAX_MENS', 'PRECIPITAÇÃO_MIN_MENS', 'TEMP_MAX_MAX_MENS', 'TEMP_MAX_ACC_MENS', 'PRECIPITAÇÃO_MAX_MENS', 'PRECIPITAÇÃO_ACC_MENS', 'DIA_DA_SEMANA_dom', 'DIA_DA_SEMANA_seg', 'DIA_DA_SEMANA_sex', 'DIA_DA_SEMANA_ter', 'MÊS_dez', 'MÊS_jan', 'MÊS_jun', 'MÊS_mai', 'MÊS_mar', 'MÊS_nov', 'MÊS_out', 'ANO_2021', 'ANO_2022', 'ANO_2024', 'ANO_2016', 'ANO_2017', 'ANO_2018', 'ANO_2020', 'CAMPUS_BARRACÃO', 'CAMPUS_CAMPO LARGO', 'CAMPUS_CORONEL VIVIDA', 'CAMPUS_CURITIBA', 'CAMPUS_GOIOERÊ', 'CAMPUS_IVAIPORÃ', 'CAMPUS_LONDRINA - CENTRO', 'CAMPUS_PALMAS', 'CAMPUS_PARANAGUÁ', 'CAMPUS_PARANAVAÍ', 'CAMPUS_PINHAIS', 'CAMPUS_PITANGA', 'CAMPUS_QUEDAS DO IGUAÇU', 'CAMPUS_TELÊMACO BORBA', 'CAMPUS_UMUARAMA', 'CURSOS_TEC_SUBSEQUENTE', 'CURSOS_GRAD_MATUTINO', 'CURSOS_GRAD_NOTURNO', 'CURSOS_POS', 'FÉRIAS', 'GREVE', 'LAG_01', 'LAG_02', 'LAG_07', 'LAG_10', 'LAG_11', 'LAG_12');0.31361
('TEMP_MIN_MÉD_MENS', 'TEMP_MÉD_MAX_MENS', 'TEMP_MÉD_ACC_MENS', 'TEMP_MAX_MIN_MENS', 'PRECIPITAÇÃO_MIN_MENS', 'TEMP_MAX_MAX_MENS', 'TEMP_MAX_ACC_MENS', 'PRECIPITAÇÃO_MAX_MENS', 'PRECIPITAÇÃO_ACC_MENS', 'DIA_DA_SEMANA_dom', 'DIA_DA_SEMANA_sex', 'DIA_DA_SEMANA_sáb', 'MÊS_abr', 'MÊS_fev', 'MÊS_jul', 'MÊS_mar', 'MÊS_out', 'ANO_2023', 'ANO_2024', 'ANO_2015', 'ANO_2016', 'ANO_2017', 'ANO_2019', 'ANO_2020', 'CAMPUS_CAMPO LARGO', 'CAMPUS_CAPANEMA', 'CAMPUS_CASCAVEL', 'CAMPUS_CURITIBA', 'CAMPUS_FOZ DO IGUAÇU', 'CAMPUS_GOIOERÊ', 'CAMPUS_IRATI', 'CAMPUS_LONDRINA - CENTRO', 'CAMPUS_PALMAS', 'CAMPUS_PINHAIS', 'CAMPUS_QUEDAS DO IGUAÇU', 'CAMPUS_TELÊMACO BORBA', 'CAMPUS_UMUARAMA', 'CAMPUS_UNIÃO DA VITÓRIA', 'CURSOS_TEC_CONCOMITANTE', 'CURSOS_TEC_SUBSEQUENTE', 'CURSOS_GRAD_VESPERTINO', 'CURSOS_GRAD_NOTURNO', 'FÉRIAS', 'FERIADO', 'LAG_01', 'LAG_02', 'LAG_03', 'LAG_04', 'LAG_07', 'LAG_08', 'LAG_12');0.31374
('TEMP_MIN_MÉD_MENS', 'TEMP_MÉD_MIN_MENS', 'TEMP_MÉD_MAX_MENS', 'TEMP_MÉD_ACC_MENS', 'TEMP_MAX_MÉD_MENS', 'PRECIPITAÇÃO_MÉD_MENS', 'TEMP_MIN_MIN_MENS', 'TEMP_MIN_ACC_MENS', 'PRECIPITAÇÃO_MIN_MENS', 'PRECIPITAÇÃO_MAX_MENS', 'PRECIPITAÇÃO_ACC_MENS', 'DIA_DA_SEMANA_qui', 'DIA_DA_SEMANA_seg', 'DIA_DA_SEMANA_sex', 'DIA_DA_SEMANA_sáb', 'DIA_DA_SEMANA_ter', 'MÊS_abr', 'MÊS_ago', 'MÊS_dez', 'MÊS_jul', 'MÊS_jun', 'MÊS_mai', 'MÊS_nov', 'ANO_2022', 'ANO_2024', 'ANO_2015', 'ANO_2017', 'ANO_2018', 'ANO_2019', 'ANO_2020', 'CAMPUS_ASSIS CHATEAUBRIAND', 'CAMPUS_CAPANEMA', 'CAMPUS_CASCAVEL', 'CAMPUS_GOIOERÊ', 'CAMPUS_IRATI', 'CAMPUS_IVAIPORÃ', 'CAMPUS_JACAREZINHO', 'CAMPUS_JAGUARIAÍVA', 'CAMPUS_LONDRINA - CENTRO', 'CAMPUS_PALMAS', 'CAMPUS_PARANAGUÁ', 'CAMPUS_PARANAVAÍ', 'CAMPUS_PINHAIS', 'CAMPUS_PITANGA', 'CAMPUS_QUEDAS DO IGUAÇU', 'CAMPUS_TELÊMACO BORBA', 'CAMPUS_UMUARAMA', 'CAMPUS_UNIÃO DA VITÓRIA', 'CURSOS_TEC_SUBSEQUENTE', 'CURSOS_GRAD_NOTURNO', 'FERIADO', 'ORDEM', 'LAG_01', 'LAG_03', 'LAG_05', 'LAG_06', 'LAG_07', 'LAG_08', 'LAG_09', 'LAG_10', 'LAG_11');0.31376
('TEMP_MÉD_MIN_MENS', 'TEMP_MÉD_MÉD_MENS', 'TEMP_MÉD_MAX_MENS', 'TEMP_MIN_MAX_MENS', 'TEMP_MIN_ACC_MENS', 'TEMP_MAX_MIN_MENS', 'PRECIPITAÇÃO_ACC_MENS', 'DIA_DA_SEMANA_qua', 'DIA_DA_SEMANA_qui', 'DIA_DA_SEMANA_seg', 'DIA_DA_SEMANA_sex', 'DIA_DA_SEMANA_sáb', 'MÊS_abr', 'MÊS_jan', 'MÊS_mar', 'MÊS_set', 'ANO_2021', 'ANO_2022', 'ANO_2023', 'ANO_2024', 'ANO_2016', 'ANO_2017', 'ANO_2018', 'ANO_2019', 'ANO_2020', 'CAMPUS_ASSIS CHATEAUBRIAND', 'CAMPUS_ASTORGA', 'CAMPUS_BARRACÃO', 'CAMPUS_CAPANEMA', 'CAMPUS_CORONEL VIVIDA', 'CAMPUS_FOZ DO IGUAÇU', 'CAMPUS_GOIOERÊ', 'CAMPUS_IRATI', 'CAMPUS_JACAREZINHO', 'CAMPUS_PALMAS', 'CAMPUS_PINHAIS', 'CAMPUS_QUEDAS DO IGUAÇU', 'CAMPUS_UMUARAMA', 'CAMPUS_UNIÃO DA VITÓRIA', 'CURSOS_TEC_CONCOMITANTE', 'CURSOS_TEC_INTEGRADO', 'CURSOS_TEC_SUBSEQUENTE', 'CURSOS_GRAD_MATUTINO', 'CURSOS_GRAD_VESPERTINO', 'CURSOS_GRAD_NOTURNO', 'CURSOS_POS', 'GREVE', 'ORDEM', 'LAG_01', 'LAG_02', 'LAG_03', 'LAG_06', 'LAG_07', 'LAG_09', 'LAG_10', 'LAG_11');0.31381
('TEMP_MIN_MÉD_MENS', 'TEMP_MIN_MIN_MENS', 'TEMP_MIN_ACC_MENS', 'TEMP_MAX_MIN_MENS', 'PRECIPITAÇÃO_MIN_MENS', 'TEMP_MAX_ACC_MENS', 'DIA_DA_SEMANA_qui', 'DIA_DA_SEMANA_seg', 'DIA_DA_SEMANA_sáb', 'DIA_DA_SEMANA_ter', 'MÊS_abr', 'MÊS_ago', 'MÊS_jan', 'MÊS_jul', 'MÊS_jun', 'MÊS_mai', 'MÊS_mar', 'MÊS_out', 'MÊS_set', 'ANO_2022', 'ANO_2023', 'ANO_2015', 'ANO_2017', 'ANO_2018', 'CAMPUS_ASSIS CHATEAUBRIAND', 'CAMPUS_CAPANEMA', 'CAMPUS_CORONEL VIVIDA', 'CAMPUS_CURITIBA', 'CAMPUS_GOIOERÊ', 'CAMPUS_IVAIPORÃ', 'CAMPUS_JAGUARIAÍVA', 'CAMPUS_LONDRINA - CENTRO', 'CAMPUS_PITANGA', 'CAMPUS_QUEDAS DO IGUAÇU', 'CAMPUS_TELÊMACO BORBA', 'CAMPUS_UMUARAMA', 'CAMPUS_UNIÃO DA VITÓRIA', 'CURSOS_TEC_CONCOMITANTE', 'CURSOS_TEC_INTEGRADO', 'CURSOS_TEC_SUBSEQUENTE', 'CURSOS_GRAD_MATUTINO', 'CURSOS_GRAD_VESPERTINO', 'CURSOS_POS', 'ORDEM', 'LAG_01', 'LAG_02', 'LAG_03', 'LAG_04', 'LAG_05', 'LAG_07', 'LAG_08', 'LAG_10', 'LAG_11', 'LAG_12');0.31408
('TEMP_MÉD_MIN_MENS', 'TEMP_MÉD_MÉD_MENS', 'TEMP_MÉD_MAX_MENS', 'TEMP_MAX_MÉD_MENS', 'TEMP_MIN_MIN_MENS', 'TEMP_MIN_MAX_MENS', 'TEMP_MIN_ACC_MENS', 'TEMP_MAX_MIN_MENS', 'TEMP_MAX_ACC_MENS', 'PRECIPITAÇÃO_MAX_MENS', 'PRECIPITAÇÃO_ACC_MENS', 'DIA_DA_SEMANA_dom', 'DIA_DA_SEMANA_qui', 'DIA_DA_SEMANA_seg', 'DIA_DA_SEMANA_sex', 'DIA_DA_SEMANA_ter', 'MÊS_fev', 'MÊS_mar', 'MÊS_out', 'MÊS_set', 'ANO_2021', 'ANO_2022', 'ANO_2024', 'ANO_2017', 'ANO_2018', 'ANO_2019', 'ANO_2020', 'CAMPUS_ASSIS CHATEAUBRIAND', 'CAMPUS_ASTORGA', 'CAMPUS_CAMPO LARGO', 'CAMPUS_CAPANEMA', 'CAMPUS_CURITIBA', 'CAMPUS_FOZ DO IGUAÇU', 'CAMPUS_JACAREZINHO', 'CAMPUS_LONDRINA - CENTRO', 'CAMPUS_PALMAS', 'CAMPUS_PARANAGUÁ', 'CAMPUS_PITANGA', 'CAMPUS_QUEDAS DO IGUAÇU', 'CAMPUS_UNIÃO DA VITÓRIA', 'CURSOS_TEC_SUBSEQUENTE', 'CURSOS_GRAD_MATUTINO', 'CURSOS_GRAD_NOTURNO', 'FERIADO', 'ORDEM', 'LAG_01', 'LAG_02', 'LAG_04', 'LAG_05', 'LAG_06', 'LAG_07', 'LAG_11', 'LAG_12');0.31426
('TEMP_MIN_MÉD_MENS', 'TEMP_MÉD_MAX_MENS', 'TEMP_MÉD_ACC_MENS', 'TEMP_MAX_MÉD_MENS', 'PRECIPITAÇÃO_MÉD_MENS', 'TEMP_MIN_MIN_MENS', 'TEMP_MIN_MAX_MENS', 'TEMP_MIN_ACC_MENS', 'PRECIPITAÇÃO_MIN_MENS', 'TEMP_MAX_MAX_MENS', 'PRECIPITAÇÃO_MAX_MENS', 'PRECIPITAÇÃO_ACC_MENS', 'DIA_DA_SEMANA_qua', 'DIA_DA_SEMANA_seg', 'DIA_DA_SEMANA_sex', 'DIA_DA_SEMANA_sáb', 'MÊS_abr', 'MÊS_fev', 'MÊS_jan', 'MÊS_jul', 'MÊS_mar', 'MÊS_nov', 'MÊS_set', 'ANO_2021', 'ANO_2023', 'ANO_2024', 'ANO_2015', 'ANO_2017', 'ANO_2018', 'CAMPUS_ASSIS CHATEAUBRIAND', 'CAMPUS_ASTORGA', 'CAMPUS_CAMPO LARGO', 'CAMPUS_CAPANEMA', 'CAMPUS_CORONEL VIVIDA', 'CAMPUS_FOZ DO IGUAÇU', 'CAMPUS_IVAIPORÃ', 'CAMPUS_JAGUARIAÍVA', 'CAMPUS_PALMAS', 'CAMPUS_PARANAGUÁ', 'CAMPUS_PARANAVAÍ', 'CAMPUS_PINHAIS', 'CAMPUS_PITANGA', 'CAMPUS_QUEDAS DO IGUAÇU', 'CAMPUS_TELÊMACO BORBA', 'CAMPUS_UMUARAMA', 'CAMPUS_UNIÃO DA VITÓRIA', 'CURSOS_GRAD_MATUTINO', 'CURSOS_GRAD_VESPERTINO', 'CURSOS_GRAD_NOTURNO', 'CURSOS_POS', 'ORDEM', 'LAG_01', 'LAG_03', 'LAG_04', 'LAG_05', 'LAG_08', 'LAG_09', 'LAG_10', 'LAG_11');0.31427
('TEMP_MÉD_MÉD_MENS', 'TEMP_MÉD_MAX_MENS', 'TEMP_MÉD_ACC_MENS', 'TEMP_MAX_MÉD_MENS', 'PRECIPITAÇÃO_MIN_MENS', 'TEMP_MAX_MAX_MENS', 'PRECIPITAÇÃO_ACC_MENS', 'DIA_DA_SEMANA_dom', 'DIA_DA_SEMANA_sex', 'DIA_DA_SEMANA_sáb', 'MÊS_abr', 'MÊS_ago', 'MÊS_mai', 'MÊS_mar', 'MÊS_out', 'MÊS_set', 'ANO_2024', 'ANO_2017', 'ANO_2018', 'ANO_2019', 'ANO_2020', 'CAMPUS_ASTORGA', 'CAMPUS_BARRACÃO', 'CAMPUS_CASCAVEL', 'CAMPUS_CURITIBA', 'CAMPUS_FOZ DO IGUAÇU', 'CAMPUS_GOIOERÊ', 'CAMPUS_LONDRINA - CENTRO', 'CAMPUS_PALMAS', 'CAMPUS_PARANAGUÁ', 'CAMPUS_PITANGA', 'CAMPUS_QUEDAS DO IGUAÇU', 'CAMPUS_UMUARAMA', 'CAMPUS_UNIÃO DA VITÓRIA', 'CURSOS_TEC_CONCOMITANTE', 'CURSOS_TEC_INTEGRADO', 'CURSOS_TEC_SUBSEQUENTE', 'CURSOS_GRAD_MATUTINO', 'CURSOS_GRAD_VESPERTINO', 'CURSOS_GRAD_NOTURNO', 'FÉRIAS', 'FERIADO', 'GREVE', 'LAG_01', 'LAG_05', 'LAG_08', 'LAG_09', 'LAG_10');0.3143
('TEMP_MÉD_MIN_MENS', 'TEMP_MÉD_MÉD_MENS', 'TEMP_MÉD_MAX_MENS', 'TEMP_MÉD_ACC_MENS', 'TEMP_MAX_MÉD_MENS', 'PRECIPITAÇÃO_MÉD_MENS', 'TEMP_MIN_MIN_MENS', 'TEMP_MIN_MAX_MENS', 'TEMP_MAX_MIN_MENS', 'PRECIPITAÇÃO_MIN_MENS', 'PRECIPITAÇÃO_MAX_MENS', 'DIA_DA_SEMANA_qua', 'DIA_DA_SEMANA_qui', 'DIA_DA_SEMANA_seg', 'DIA_DA_SEMANA_sex', 'DIA_DA_SEMANA_sáb', 'DIA_DA_SEMANA_ter', 'MÊS_abr', 'MÊS_ago', 'MÊS_jan', 'MÊS_jun', 'MÊS_mai', 'MÊS_mar', 'MÊS_out', 'MÊS_set', 'ANO_2022', 'ANO_2024', 'ANO_2015', 'ANO_2016', 'ANO_2018', 'CAMPUS_ASTORGA', 'CAMPUS_BARRACÃO', 'CAMPUS_CAPANEMA', 'CAMPUS_CASCAVEL', 'CAMPUS_CORONEL VIVIDA', 'CAMPUS_CURITIBA', 'CAMPUS_IRATI', 'CAMPUS_JACAREZINHO', 'CAMPUS_JAGUARIAÍVA', 'CAMPUS_PALMAS', 'CAMPUS_PINHAIS', 'CAMPUS_QUEDAS DO IGUAÇU', 'CAMPUS_UMUARAMA', 'CURSOS_TEC_INTEGRADO', 'CURSOS_TEC_SUBSEQUENTE', 'CURSOS_GRAD_MATUTINO', 'CURSOS_POS', 'GREVE', 'ORDEM', 'LAG_01', 'LAG_02', 'LAG_03', 'LAG_06', 'LAG_08', 'LAG_11', 'LAG_12');0.31438
('TEMP_MIN_MÉD_MENS', 'TEMP_MÉD_MIN_MENS', 'TEMP_MÉD_MAX_MENS', 'TEMP_MAX_MÉD_MENS', 'TEMP_MIN_MIN_MENS', 'TEMP_MIN_MAX_MENS', 'TEMP_MIN_ACC_MENS', 'PRECIPITAÇÃO_MIN_MENS', 'TEMP_MAX_MAX_MENS', 'PRECIPITAÇÃO_MAX_MENS', 'PRECIPITAÇÃO_ACC_MENS', 'DIA_DA_SEMANA_dom', 'DIA_DA_SEMANA_qui', 'DIA_DA_SEMANA_seg', 'DIA_DA_SEMANA_sex', 'DIA_DA_SEMANA_ter', 'MÊS_dez', 'MÊS_jan', 'MÊS_jun', 'MÊS_mai', 'MÊS_mar', 'MÊS_set', 'ANO_2022', 'ANO_2016', 'ANO_2017', 'ANO_2018', 'ANO_2019', 'ANO_2020', 'CAMPUS_ASSIS CHATEAUBRIAND', 'CAMPUS_ASTORGA', 'CAMPUS_CAMPO LARGO', 'CAMPUS_CAPANEMA', 'CAMPUS_CORONEL VIVIDA', 'CAMPUS_GOIOERÊ', 'CAMPUS_IRATI', 'CAMPUS_IVAIPORÃ', 'CAMPUS_JACAREZINHO', 'CAMPUS_PALMAS', 'CAMPUS_PARANAVAÍ', 'CAMPUS_PINHAIS', 'CAMPUS_PITANGA', 'CAMPUS_QUEDAS DO IGUAÇU', 'CAMPUS_TELÊMACO BORBA', 'CAMPUS_UMUARAMA', 'CAMPUS_UNIÃO DA VITÓRIA', 'CURSOS_TEC_CONCOMITANTE', 'CURSOS_GRAD_MATUTINO', 'CURSOS_GRAD_VESPERTINO', 'FERIADO', 'LAG_05', 'LAG_06', 'LAG_07', 'LAG_08', 'LAG_10', 'LAG_12');0.31443
('TEMP_MÉD_MIN_MENS', 'TEMP_MÉD_MÉD_MENS', 'TEMP_MÉD_ACC_MENS', 'TEMP_MIN_MIN_MENS', 'TEMP_MIN_MAX_MENS', 'PRECIPITAÇÃO_MIN_MENS', 'TEMP_MAX_MAX_MENS', 'TEMP_MAX_ACC_MENS', 'PRECIPITAÇÃO_ACC_MENS', 'DIA_DA_SEMANA_dom', 'DIA_DA_SEMANA_qua', 'DIA_DA_SEMANA_qui', 'DIA_DA_SEMANA_seg', 'DIA_DA_SEMANA_sex', 'DIA_DA_SEMANA_sáb', 'MÊS_jan', 'MÊS_jul', 'MÊS_jun', 'MÊS_nov', 'MÊS_out', 'MÊS_set', 'ANO_2022', 'ANO_2023', 'ANO_2015', 'ANO_2016', 'ANO_2017', 'ANO_2018', 'ANO_2020', 'CAMPUS_ASSIS CHATEAUBRIAND', 'CAMPUS_ASTORGA', 'CAMPUS_BARRACÃO', 'CAMPUS_CAMPO LARGO', 'CAMPUS_CORONEL VIVIDA', 'CAMPUS_CURITIBA', 'CAMPUS_FOZ DO IGUAÇU', 'CAMPUS_IVAIPORÃ', 'CAMPUS_JAGUARIAÍVA', 'CAMPUS_LONDRINA - CENTRO', 'CAMPUS_PALMAS', 'CAMPUS_PARANAVAÍ', 'CAMPUS_PINHAIS', 'CAMPUS_PITANGA', 'CAMPUS_UMUARAMA', 'CAMPUS_UNIÃO DA VITÓRIA', 'CURSOS_TEC_CONCOMITANTE', 'CURSOS_TEC_INTEGRADO', 'CURSOS_TEC_SUBSEQUENTE', 'CURSOS_GRAD_NOTURNO', 'GREVE', 'LAG_01', 'LAG_02', 'LAG_05', 'LAG_07', 'LAG_08', 'LAG_09', 'LAG_11', 'LAG_12');0.31456
('TEMP_MIN_MÉD_MENS', 'TEMP_MÉD_MIN_MENS', 'TEMP_MÉD_MÉD_MENS', 'PRECIPITAÇÃO_MÉD_MENS', 'TEMP_MIN_MAX_MENS', 'TEMP_MAX_MIN_MENS', 'TEMP_MAX_MAX_MENS', 'PRECIPITAÇÃO_ACC_MENS', 'DIA_DA_SEMANA_qua', 'DIA_DA_SEMANA_seg', 'MÊS_ago', 'MÊS_fev', 'MÊS_jul', 'MÊS_mai', 'MÊS_nov', 'MÊS_out', 'ANO_2022', 'ANO_2023', 'ANO_2015', 'ANO_2016', 'ANO_2017', 'CAMPUS_ASTORGA', 'CAMPUS_CAMPO LARGO', 'CAMPUS_CAPANEMA', 'CAMPUS_CASCAVEL', 'CAMPUS_CORONEL VIVIDA', 'CAMPUS_FOZ DO IGUAÇU', 'CAMPUS_JACAREZINHO', 'CAMPUS_JAGUARIAÍVA', 'CAMPUS_LONDRINA - CENTRO', 'CAMPUS_PINHAIS', 'CAMPUS_TELÊMACO BORBA', 'CAMPUS_UMUARAMA', 'CAMPUS_UNIÃO DA VITÓRIA', 'CURSOS_TEC_INTEGRADO', 'CURSOS_TEC_SUBSEQUENTE', 'CURSOS_GRAD_VESPERTINO', 'CURSOS_POS', 'FERIADO', 'GREVE', 'LAG_03', 'LAG_04', 'LAG_06', 'LAG_07', 'LAG_08', 'LAG_10', 'LAG_11', 'LAG_12');0.31472
('TEMP_MIN_MÉD_MENS', 'TEMP_MÉD_MÉD_MENS', 'TEMP_MÉD_MAX_MENS', 'TEMP_MÉD_ACC_MENS', 'TEMP_MAX_MÉD_MENS', 'TEMP_MIN_MAX_MENS', 'TEMP_MIN_ACC_MENS', 'TEMP_MAX_MIN_MENS', 'TEMP_MAX_MAX_MENS', 'TEMP_MAX_ACC_MENS', 'PRECIPITAÇÃO_MAX_MENS', 'DIA_DA_SEMANA_dom', 'DIA_DA_SEMANA_qui', 'DIA_DA_SEMANA_sex', 'DIA_DA_SEMANA_ter', 'MÊS_jul', 'MÊS_jun', 'MÊS_out', 'ANO_2021', 'ANO_2023', 'ANO_2017', 'ANO_2019', 'ANO_2020', 'CAMPUS_ASSIS CHATEAUBRIAND', 'CAMPUS_ASTORGA', 'CAMPUS_CAMPO LARGO', 'CAMPUS_CAPANEMA', 'CAMPUS_CASCAVEL', 'CAMPUS_CORONEL VIVIDA', 'CAMPUS_CURITIBA', 'CAMPUS_FOZ DO IGUAÇU', 'CAMPUS_IRATI', 'CAMPUS_JAGUARIAÍVA', 'CAMPUS_PARANAGUÁ', 'CAMPUS_PARANAVAÍ', 'CAMPUS_PINHAIS', 'CAMPUS_PITANGA', 'CURSOS_TEC_INTEGRADO', 'CURSOS_TEC_SUBSEQUENTE', 'CURSOS_GRAD_VESPERTINO', 'CURSOS_GRAD_NOTURNO', 'CURSOS_POS', 'FERIADO', 'COVID', 'GREVE', 'ORDEM', 'LAG_02', 'LAG_05', 'LAG_07', 'LAG_08', 'LAG_10', 'LAG_12');0.31474
('TEMP_MIN_MÉD_MENS', 'TEMP_MÉD_MAX_MENS', 'TEMP_MÉD_ACC_MENS', 'PRECIPITAÇÃO_MÉD_MENS', 'TEMP_MAX_MAX_MENS', 'TEMP_MAX_ACC_MENS', 'PRECIPITAÇÃO_MAX_MENS', 'PRECIPITAÇÃO_ACC_MENS', 'DIA_DA_SEMANA_dom', 'DIA_DA_SEMANA_qua', 'DIA_DA_SEMANA_seg', 'DIA_DA_SEMANA_sex', 'DIA_DA_SEMANA_sáb', 'DIA_DA_SEMANA_ter', 'MÊS_abr', 'MÊS_ago', 'MÊS_dez', 'MÊS_fev', 'MÊS_jan', 'MÊS_jul', 'MÊS_nov', 'MÊS_out', 'MÊS_set', 'ANO_2021', 'ANO_2022', 'ANO_2023', 'ANO_2024', 'ANO_2016', 'ANO_2017', 'ANO_2018', 'CAMPUS_ASTORGA', 'CAMPUS_BARRACÃO', 'CAMPUS_CAPANEMA', 'CAMPUS_CASCAVEL', 'CAMPUS_CORONEL VIVIDA', 'CAMPUS_CURITIBA', 'CAMPUS_IRATI', 'CAMPUS_IVAIPORÃ', 'CAMPUS_JACAREZINHO', 'CAMPUS_JAGUARIAÍVA', 'CAMPUS_PALMAS', 'CAMPUS_PARANAVAÍ', 'CAMPUS_PINHAIS', 'CAMPUS_PITANGA', 'CAMPUS_QUEDAS DO IGUAÇU', 'CAMPUS_UMUARAMA', 'CURSOS_GRAD_VESPERTINO', 'CURSOS_GRAD_NOTURNO', 'GREVE', 'ORDEM', 'LAG_01', 'LAG_02', 'LAG_03', 'LAG_05', 'LAG_06', 'LAG_07', 'LAG_08', 'LAG_09', 'LAG_10', 'LAG_12');0.31484
('TEMP_MÉD_MIN_MENS', 'TEMP_MÉD_MÉD_MENS', 'TEMP_MIN_MAX_MENS', 'TEMP_MIN_ACC_MENS', 'TEMP_MAX_MIN_MENS', 'PRECIPITAÇÃO_MIN_MENS', 'PRECIPITAÇÃO_ACC_MENS', 'DIA_DA_SEMANA_qua', 'DIA_DA_SEMANA_ter', 'MÊS_abr', 'MÊS_ago', 'MÊS_fev', 'MÊS_jan', 'MÊS_jun', 'MÊS_mai', 'MÊS_nov', 'ANO_2021', 'ANO_2022', 'ANO_2023', 'ANO_2016', 'ANO_2017', 'ANO_2019', 'CAMPUS_ASTORGA', 'CAMPUS_BARRACÃO', 'CAMPUS_CAMPO LARGO', 'CAMPUS_CAPANEMA', 'CAMPUS_CASCAVEL', 'CAMPUS_CORONEL VIVIDA', 'CAMPUS_CURITIBA', 'CAMPUS_GOIOERÊ', 'CAMPUS_IRATI', 'CAMPUS_JACAREZINHO', 'CAMPUS_JAGUARIAÍVA', 'CAMPUS_LONDRINA - CENTRO', 'CAMPUS_PARANAGUÁ', 'CAMPUS_PARANAVAÍ', 'CAMPUS_PITANGA', 'CAMPUS_UNIÃO DA VITÓRIA', 'CURSOS_TEC_CONCOMITANTE', 'CURSOS_TEC_SUBSEQUENTE', 'CURSOS_GRAD_MATUTINO', 'FÉRIAS', 'LAG_01', 'LAG_02', 'LAG_04', 'LAG_07', 'LAG_08', 'LAG_09', 'LAG_10', 'LAG_11', 'LAG_12');0.31486
('TEMP_MÉD_MIN_MENS', 'TEMP_MÉD_MÉD_MENS', 'TEMP_MIN_MIN_MENS', 'TEMP_MIN_MAX_MENS', 'TEMP_MIN_ACC_MENS', 'TEMP_MAX_MIN_MENS', 'PRECIPITAÇÃO_MIN_MENS', 'TEMP_MAX_ACC_MENS', 'PRECIPITAÇÃO_MAX_MENS', 'PRECIPITAÇÃO_ACC_MENS', 'DIA_DA_SEMANA_dom', 'DIA_DA_SEMANA_qua', 'DIA_DA_SEMANA_seg', 'DIA_DA_SEMANA_sáb', 'MÊS_abr', 'MÊS_ago', 'MÊS_dez', 'MÊS_jun', 'MÊS_mai', 'MÊS_mar', 'MÊS_set', 'ANO_2022', 'ANO_2024', 'ANO_2015', 'ANO_2018', 'ANO_2020', 'CAMPUS_ASTORGA', 'CAMPUS_BARRACÃO', 'CAMPUS_CAPANEMA', 'CAMPUS_CASCAVEL', 'CAMPUS_CURITIBA', 'CAMPUS_GOIOERÊ', 'CAMPUS_JAGUARIAÍVA', 'CAMPUS_PALMAS', 'CAMPUS_PARANAVAÍ', 'CAMPUS_QUEDAS DO IGUAÇU', 'CAMPUS_TELÊMACO BORBA', 'CAMPUS_UMUARAMA', 'CURSOS_TEC_CONCOMITANTE', 'CURSOS_GRAD_MATUTINO', 'CURSOS_GRAD_VESPERTINO', 'CURSOS_GRAD_NOTURNO', 'CURSOS_POS', 'FERIADO', 'COVID', 'LAG_01', 'LAG_02', 'LAG_03', 'LAG_04', 'LAG_07', 'LAG_09', 'LAG_12');0.31509
('TEMP_MIN_MÉD_MENS', 'TEMP_MÉD_MAX_MENS', 'TEMP_MÉD_ACC_MENS', 'TEMP_MAX_MIN_MENS', 'PRECIPITAÇÃO_MIN_MENS', 'TEMP_MAX_ACC_MENS', 'PRECIPITAÇÃO_MAX_MENS', 'DIA_DA_SEMANA_qua', 'DIA_DA_SEMANA_qui', 'DIA_DA_SEMANA_seg', 'DIA_DA_SEMANA_sex', 'DIA_DA_SEMANA_sáb', 'DIA_DA_SEMANA_ter', 'MÊS_abr', 'MÊS_dez', 'MÊS_jan', 'MÊS_jul', 'MÊS_set', 'ANO_2021', 'ANO_2024', 'ANO_2015', 'ANO_2016', 'ANO_2018', 'CAMPUS_ASSIS CHATEAUBRIAND', 'CAMPUS_BARRACÃO', 'CAMPUS_CAMPO LARGO', 'CAMPUS_CAPANEMA', 'CAMPUS_CASCAVEL', 'CAMPUS_CORONEL VIVIDA', 'CAMPUS_FOZ DO IGUAÇU', 'CAMPUS_GOIOERÊ', 'CAMPUS_IRATI', 'CAMPUS_IVAIPORÃ', 'CAMPUS_PALMAS', 'CAMPUS_PARANAGUÁ', 'CAMPUS_PARANAVAÍ', 'CAMPUS_QUEDAS DO IGUAÇU', 'CAMPUS_TELÊMACO BORBA', 'CAMPUS_UNIÃO DA VITÓRIA', 'CURSOS_TEC_CONCOMITANTE', 'CURSOS_TEC_INTEGRADO', 'CURSOS_TEC_SUBSEQUENTE', 'GREVE', 'ORDEM', 'LAG_01', 'LAG_02', 'LAG_03', 'LAG_04', 'LAG_05', 'LAG_09', 'LAG_10', 'LAG_11', 'LAG_12');0.3151
('TEMP_MIN_MÉD_MENS', 'TEMP_MÉD_MIN_MENS', 'TEMP_MÉD_ACC_MENS', 'TEMP_MAX_MÉD_MENS', 'TEMP_MIN_MIN_MENS', 'TEMP_MIN_MAX_MENS', 'TEMP_MIN_ACC_MENS', 'TEMP_MAX_MIN_MENS', 'PRECIPITAÇÃO_MIN_MENS', 'TEMP_MAX_ACC_MENS', 'PRECIPITAÇÃO_MAX_MENS', 'PRECIPITAÇÃO_ACC_MENS', 'DIA_DA_SEMANA_qui', 'DIA_DA_SEMANA_seg', 'DIA_DA_SEMANA_sáb', 'DIA_DA_SEMANA_ter', 'MÊS_abr', 'MÊS_dez', 'MÊS_jan', 'MÊS_nov', 'MÊS_out', 'ANO_2021', 'ANO_2022', 'ANO_2024', 'ANO_2015', 'ANO_2016', 'ANO_2018', 'ANO_2019', 'CAMPUS_ASSIS CHATEAUBRIAND', 'CAMPUS_ASTORGA', 'CAMPUS_CAMPO LARGO', 'CAMPUS_CAPANEMA', 'CAMPUS_CASCAVEL', 'CAMPUS_CORONEL VIVIDA', 'CAMPUS_CURITIBA', 'CAMPUS_GOIOERÊ', 'CAMPUS_IRATI', 'CAMPUS_JACAREZINHO', 'CAMPUS_LONDRINA - CENTRO', 'CAMPUS_PALMAS', 'CAMPUS_QUEDAS DO IGUAÇU', 'CAMPUS_TELÊMACO BORBA', 'CAMPUS_UNIÃO DA VITÓRIA', 'CURSOS_TEC_CONCOMITANTE', 'CURSOS_GRAD_MATUTINO', 'FÉRIAS', 'LAG_01', 'LAG_02', 'LAG_04', 'LAG_10', 'LAG_11', 'LAG_12');0.31515
('TEMP_MÉD_MIN_MENS', 'TEMP_MÉD_ACC_MENS', 'TEMP_MIN_MIN_MENS', 'TEMP_MIN_MAX_MENS', 'TEMP_MAX_MIN_MENS', 'PRECIPITAÇÃO_MIN_MENS', 'PRECIPITAÇÃO_MAX_MENS', 'PRECIPITAÇÃO_ACC_MENS', 'DIA_DA_SEMANA_qui', 'MÊS_ago', 'MÊS_fev', 'MÊS_jul', 'MÊS_jun', 'MÊS_mai', 'MÊS_mar', 'MÊS_out', 'ANO_2021', 'ANO_2024', 'ANO_2015', 'ANO_2017', 'CAMPUS_CAPANEMA', 'CAMPUS_CASCAVEL', 'CAMPUS_CORONEL VIVIDA', 'CAMPUS_GOIOERÊ', 'CAMPUS_IRATI', 'CAMPUS_IVAIPORÃ', 'CAMPUS_LONDRINA - CENTRO', 'CAMPUS_PARANAGUÁ', 'CAMPUS_PARANAVAÍ', 'CAMPUS_PITANGA', 'CAMPUS_QUEDAS DO IGUAÇU', 'CAMPUS_TELÊMACO BORBA', 'CAMPUS_UMUARAMA', 'CAMPUS_UNIÃO DA VITÓRIA', 'CURSOS_TEC_SUBSEQUENTE', 'CURSOS_GRAD_VESPERTINO', 'CURSOS_POS', 'GREVE', 'ORDEM', 'LAG_01', 'LAG_02', 'LAG_03', 'LAG_06', 'LAG_07', 'LAG_08', 'LAG_09', 'LAG_10', 'LAG_11', 'LAG_12');0.31519
('TEMP_MÉD_MÉD_MENS', 'TEMP_MÉD_MAX_MENS', 'TEMP_MÉD_ACC_MENS', 'TEMP_MAX_MÉD_MENS', 'PRECIPITAÇÃO_MÉD_MENS', 'TEMP_MIN_MIN_MENS', 'TEMP_MIN_MAX_MENS', 'TEMP_MAX_ACC_MENS', 'PRECIPITAÇÃO_MAX_MENS', 'PRECIPITAÇÃO_ACC_MENS', 'DIA_DA_SEMANA_dom', 'DIA_DA_SEMANA_qua', 'DIA_DA_SEMANA_qui', 'DIA_DA_SEMANA_seg', 'DIA_DA_SEMANA_sex', 'DIA_DA_SEMANA_ter', 'MÊS_abr', 'MÊS_fev', 'MÊS_jan', 'MÊS_jul', 'MÊS_jun', 'MÊS_mai', 'MÊS_mar', 'MÊS_out', 'MÊS_set', 'ANO_2021', 'ANO_2023', 'ANO_2015', 'ANO_2017', 'ANO_2019', 'ANO_2020', 'CAMPUS_ASSIS CHATEAUBRIAND', 'CAMPUS_ASTORGA', 'CAMPUS_BARRACÃO', 'CAMPUS_CAMPO LARGO', 'CAMPUS_CURITIBA', 'CAMPUS_FOZ DO IGUAÇU', 'CAMPUS_GOIOERÊ', 'CAMPUS_IRATI', 'CAMPUS_IVAIPORÃ', 'CAMPUS_JACAREZINHO', 'CAMPUS_LONDRINA - CENTRO', 'CAMPUS_PITANGA', 'CAMPUS_QUEDAS DO IGUAÇU', 'CAMPUS_TELÊMACO BORBA', 'CAMPUS_UMUARAMA', 'CURSOS_TEC_CONCOMITANTE', 'CURSOS_TEC_INTEGRADO', 'CURSOS_TEC_SUBSEQUENTE', 'CURSOS_GRAD_MATUTINO', 'FÉRIAS', 'COVID', 'GREVE', 'LAG_02', 'LAG_03', 'LAG_04', 'LAG_06', 'LAG_07', 'LAG_09', 'LAG_10', 'LAG_12');0.31522
('TEMP_MIN_MÉD_MENS', 'TEMP_MÉD_MÉD_MENS', 'TEMP_MÉD_ACC_MENS', 'TEMP_MAX_MÉD_MENS', 'PRECIPITAÇÃO_MÉD_MENS', 'TEMP_MIN_MIN_MENS', 'TEMP_MIN_MAX_MENS', 'TEMP_MIN_ACC_MENS', 'PRECIPITAÇÃO_MIN_MENS', 'PRECIPITAÇÃO_ACC_MENS', 'DIA_DA_SEMANA_qua', 'DIA_DA_SEMANA_sex', 'DIA_DA_SEMANA_ter', 'MÊS_abr', 'MÊS_ago', 'MÊS_dez', 'MÊS_fev', 'MÊS_jan', 'MÊS_jul', 'MÊS_mai', 'MÊS_mar', 'MÊS_nov', 'ANO_2021', 'ANO_2023', 'ANO_2015', 'ANO_2016', 'ANO_2019', 'CAMPUS_ASSIS CHATEAUBRIAND', 'CAMPUS_ASTORGA', 'CAMPUS_BARRACÃO', 'CAMPUS_CAMPO LARGO', 'CAMPUS_CASCAVEL', 'CAMPUS_CORONEL VIVIDA', 'CAMPUS_GOIOERÊ', 'CAMPUS_IRATI', 'CAMPUS_IVAIPORÃ', 'CAMPUS_JACAREZINHO', 'CAMPUS_PALMAS', 'CAMPUS_PARANAVAÍ', 'CAMPUS_QUEDAS DO IGUAÇU', 'CAMPUS_TELÊMACO BORBA', 'CAMPUS_UMUARAMA', 'CURSOS_TEC_INTEGRADO', 'CURSOS_TEC_SUBSEQUENTE', 'CURSOS_GRAD_MATUTINO', 'CURSOS_POS', 'ORDEM', 'LAG_07', 'LAG_09', 'LAG_10', 'LAG_11');0.31523
('TEMP_MIN_MÉD_MENS', 'TEMP_MÉD_MIN_MENS', 'TEMP_MÉD_MÉD_MENS', 'TEMP_MÉD_MAX_MENS', 'TEMP_MÉD_ACC_MENS', 'TEMP_MIN_MIN_MENS', 'PRECIPITAÇÃO_MIN_MENS', 'TEMP_MAX_MAX_MENS', 'TEMP_MAX_ACC_MENS', 'DIA_DA_SEMANA_dom', 'DIA_DA_SEMANA_qua', 'DIA_DA_SEMANA_sex', 'DIA_DA_SEMANA_ter', 'MÊS_abr', 'MÊS_dez', 'MÊS_fev', 'MÊS_jan', 'MÊS_jun', 'MÊS_mai', 'MÊS_nov', 'MÊS_set', 'ANO_2024', 'ANO_2016', 'ANO_2018', 'ANO_2019', 'ANO_2020', 'CAMPUS_ASSIS CHATEAUBRIAND', 'CAMPUS_ASTORGA', 'CAMPUS_BARRACÃO', 'CAMPUS_CAPANEMA', 'CAMPUS_CASCAVEL', 'CAMPUS_CORONEL VIVIDA', 'CAMPUS_CURITIBA', 'CAMPUS_FOZ DO IGUAÇU', 'CAMPUS_IRATI', 'CAMPUS_JAGUARIAÍVA', 'CAMPUS_LONDRINA - CENTRO', 'CAMPUS_PALMAS', 'CAMPUS_PARANAVAÍ', 'CAMPUS_QUEDAS DO IGUAÇU', 'CAMPUS_TELÊMACO BORBA', 'CAMPUS_UMUARAMA', 'CURSOS_TEC_CONCOMITANTE', 'CURSOS_TEC_SUBSEQUENTE', 'CURSOS_GRAD_MATUTINO', 'CURSOS_GRAD_VESPERTINO', 'CURSOS_POS', 'FERIADO', 'COVID', 'GREVE', 'LAG_02', 'LAG_06', 'LAG_07', 'LAG_08', 'LAG_09', 'LAG_11', 'LAG_12');0.31539
('TEMP_MIN_MÉD_MENS', 'TEMP_MÉD_MIN_MENS', 'TEMP_MÉD_MAX_MENS', 'TEMP_MAX_MÉD_MENS', 'PRECIPITAÇÃO_MÉD_MENS', 'TEMP_MIN_MIN_MENS', 'TEMP_MIN_MAX_MENS', 'TEMP_MIN_ACC_MENS', 'TEMP_MAX_MIN_MENS', 'TEMP_MAX_MAX_MENS', 'PRECIPITAÇÃO_MAX_MENS', 'DIA_DA_SEMANA_qua', 'DIA_DA_SEMANA_qui', 'DIA_DA_SEMANA_seg', 'DIA_DA_SEMANA_ter', 'MÊS_abr', 'MÊS_ago', 'MÊS_fev', 'MÊS_jan', 'MÊS_jul', 'MÊS_mai', 'MÊS_mar', 'MÊS_nov', 'MÊS_out', 'ANO_2022', 'ANO_2015', 'ANO_2017', 'ANO_2018', 'CAMPUS_ASSIS CHATEAUBRIAND', 'CAMPUS_ASTORGA', 'CAMPUS_CAMPO LARGO', 'CAMPUS_CAPANEMA', 'CAMPUS_CASCAVEL', 'CAMPUS_CORONEL VIVIDA', 'CAMPUS_FOZ DO IGUAÇU', 'CAMPUS_GOIOERÊ', 'CAMPUS_IVAIPORÃ', 'CAMPUS_JACAREZINHO', 'CAMPUS_JAGUARIAÍVA', 'CAMPUS_PALMAS', 'CAMPUS_PARANAVAÍ', 'CAMPUS_PITANGA', 'CAMPUS_TELÊMACO BORBA', 'CAMPUS_UMUARAMA', 'CAMPUS_UNIÃO DA VITÓRIA', 'CURSOS_TEC_INTEGRADO', 'CURSOS_TEC_SUBSEQUENTE', 'CURSOS_GRAD_MATUTINO', 'CURSOS_POS', 'FERIADO', 'GREVE', 'ORDEM', 'LAG_01', 'LAG_02', 'LAG_03', 'LAG_04', 'LAG_05', 'LAG_06', 'LAG_07', 'LAG_09', 'LAG_11', 'LAG_12');0.31558
('TEMP_MÉD_MAX_MENS', 'TEMP_MAX_MÉD_MENS', 'TEMP_MIN_ACC_MENS', 'TEMP_MAX_MIN_MENS', 'PRECIPITAÇÃO_MIN_MENS', 'DIA_DA_SEMANA_dom', 'DIA_DA_SEMANA_seg', 'DIA_DA_SEMANA_sáb', 'DIA_DA_SEMANA_ter', 'MÊS_abr', 'MÊS_ago', 'MÊS_dez', 'MÊS_fev', 'MÊS_mai', 'MÊS_mar', 'MÊS_set', 'ANO_2021', 'ANO_2022', 'ANO_2023', 'ANO_2015', 'ANO_2017', 'CAMPUS_ASSIS CHATEAUBRIAND', 'CAMPUS_ASTORGA', 'CAMPUS_CAPANEMA', 'CAMPUS_CORONEL VIVIDA', 'CAMPUS_FOZ DO IGUAÇU', 'CAMPUS_GOIOERÊ', 'CAMPUS_IVAIPORÃ', 'CAMPUS_JACAREZINHO', 'CAMPUS_PALMAS', 'CAMPUS_PARANAVAÍ', 'CAMPUS_PITANGA', 'CAMPUS_TELÊMACO BORBA', 'CURSOS_TEC_CONCOMITANTE', 'CURSOS_TEC_INTEGRADO', 'CURSOS_GRAD_MATUTINO', 'CURSOS_GRAD_VESPERTINO', 'CURSOS_GRAD_NOTURNO', 'CURSOS_POS', 'FÉRIAS', 'FERIADO', 'GREVE', 'LAG_01', 'LAG_04', 'LAG_05', 'LAG_07', 'LAG_08', 'LAG_12');0.31566
('TEMP_MÉD_MÉD_MENS', 'TEMP_MAX_MÉD_MENS', 'PRECIPITAÇÃO_MÉD_MENS', 'TEMP_MIN_MIN_MENS', 'TEMP_MIN_MAX_MENS', 'TEMP_MIN_ACC_MENS', 'TEMP_MAX_MIN_MENS', 'TEMP_MAX_MAX_MENS', 'PRECIPITAÇÃO_MAX_MENS', 'DIA_DA_SEMANA_qui', 'DIA_DA_SEMANA_seg', 'DIA_DA_SEMANA_sex', 'DIA_DA_SEMANA_ter', 'MÊS_ago', 'MÊS_fev', 'MÊS_jan', 'MÊS_jul', 'MÊS_jun', 'MÊS_nov', 'MÊS_set', 'ANO_2021', 'ANO_2022', 'ANO_2023', 'ANO_2024', 'ANO_2016', 'ANO_2018', 'ANO_2019', 'ANO_2020', 'CAMPUS_ASTORGA', 'CAMPUS_BARRACÃO', 'CAMPUS_CASCAVEL', 'CAMPUS_IVAIPORÃ', 'CAMPUS_LONDRINA - CENTRO', 'CAMPUS_PARANAGUÁ', 'CAMPUS_PARANAVAÍ', 'CAMPUS_PINHAIS', 'CAMPUS_QUEDAS DO IGUAÇU', 'CAMPUS_TELÊMACO BORBA', 'CAMPUS_UNIÃO DA VITÓRIA', 'CURSOS_TEC_CONCOMITANTE', 'CURSOS_GRAD_VESPERTINO', 'CURSOS_POS', 'FERIADO', 'ORDEM', 'LAG_01', 'LAG_04', 'LAG_05', 'LAG_06', 'LAG_10', 'LAG_11');0.31574
('TEMP_MÉD_MIN_MENS', 'TEMP_MIN_MIN_MENS', 'TEMP_MIN_MAX_MENS', 'TEMP_MIN_ACC_MENS', 'TEMP_MAX_MIN_MENS', 'TEMP_MAX_MAX_MENS', 'TEMP_MAX_ACC_MENS', 'PRECIPITAÇÃO_MAX_MENS', 'DIA_DA_SEMANA_dom', 'DIA_DA_SEMANA_qua', 'DIA_DA_SEMANA_seg', 'DIA_DA_SEMANA_sáb', 'MÊS_abr', 'MÊS_ago', 'MÊS_dez', 'MÊS_fev', 'MÊS_jun', 'MÊS_mai', 'MÊS_mar', 'MÊS_nov', 'MÊS_out', 'ANO_2021', 'ANO_2022', 'ANO_2023', 'ANO_2024', 'ANO_2015', 'ANO_2016', 'ANO_2017', 'ANO_2018', 'ANO_2019', 'ANO_2020', 'CAMPUS_ASSIS CHATEAUBRIAND', 'CAMPUS_CAMPO LARGO', 'CAMPUS_CAPANEMA', 'CAMPUS_CASCAVEL', 'CAMPUS_FOZ DO IGUAÇU', 'CAMPUS_GOIOERÊ', 'CAMPUS_IVAIPORÃ', 'CAMPUS_JAGUARIAÍVA', 'CAMPUS_PALMAS', 'CAMPUS_PARANAGUÁ', 'CAMPUS_PINHAIS', 'CAMPUS_QUEDAS DO IGUAÇU', 'CAMPUS_UNIÃO DA VITÓRIA', 'CURSOS_TEC_CONCOMITANTE', 'CURSOS_TEC_INTEGRADO', 'CURSOS_TEC_SUBSEQUENTE', 'CURSOS_GRAD_VESPERTINO', 'CURSOS_GRAD_NOTURNO', 'CURSOS_POS', 'FÉRIAS', 'FERIADO', 'LAG_01', 'LAG_02', 'LAG_08', 'LAG_09', 'LAG_10', 'LAG_12');0.31594
('TEMP_MÉD_MIN_MENS', 'TEMP_MÉD_MÉD_MENS', 'TEMP_MÉD_MAX_MENS', 'TEMP_MÉD_ACC_MENS', 'TEMP_MAX_MÉD_MENS', 'TEMP_MIN_MIN_MENS', 'TEMP_MIN_MAX_MENS', 'TEMP_MIN_ACC_MENS', 'TEMP_MAX_ACC_MENS', 'PRECIPITAÇÃO_ACC_MENS', 'DIA_DA_SEMANA_dom', 'DIA_DA_SEMANA_qua', 'DIA_DA_SEMANA_sex', 'DIA_DA_SEMANA_ter', 'MÊS_ago', 'MÊS_jan', 'MÊS_mai', 'MÊS_out', 'ANO_2021', 'ANO_2022', 'ANO_2023', 'ANO_2016', 'ANO_2017', 'ANO_2018', 'ANO_2019', 'ANO_2020', 'CAMPUS_ASSIS CHATEAUBRIAND', 'CAMPUS_ASTORGA', 'CAMPUS_BARRACÃO', 'CAMPUS_CAMPO LARGO', 'CAMPUS_CAPANEMA', 'CAMPUS_CASCAVEL', 'CAMPUS_FOZ DO IGUAÇU', 'CAMPUS_GOIOERÊ', 'CAMPUS_IVAIPORÃ', 'CAMPUS_JAGUARIAÍVA', 'CAMPUS_LONDRINA - CENTRO', 'CAMPUS_PARANAVAÍ', 'CAMPUS_PINHAIS', 'CAMPUS_QUEDAS DO IGUAÇU', 'CAMPUS_UNIÃO DA VITÓRIA', 'CURSOS_TEC_SUBSEQUENTE', 'CURSOS_GRAD_MATUTINO', 'CURSOS_POS', 'FERIADO', 'COVID', 'ORDEM', 'LAG_01', 'LAG_02', 'LAG_03', 'LAG_08', 'LAG_11');0.31596
('TEMP_MIN_MÉD_MENS', 'TEMP_MÉD_MÉD_MENS', 'TEMP_MAX_MÉD_MENS', 'PRECIPITAÇÃO_MÉD_MENS', 'TEMP_MIN_ACC_MENS', 'TEMP_MAX_MIN_MENS', 'PRECIPITAÇÃO_MIN_MENS', 'DIA_DA_SEMANA_seg', 'DIA_DA_SEMANA_sex', 'MÊS_ago', 'MÊS_fev', 'MÊS_jul', 'MÊS_jun', 'MÊS_mai', 'MÊS_nov', 'MÊS_set', 'ANO_2022', 'ANO_2024', 'ANO_2016', 'ANO_2017', 'ANO_2018', 'CAMPUS_ASSIS CHATEAUBRIAND', 'CAMPUS_ASTORGA', 'CAMPUS_CAMPO LARGO', 'CAMPUS_CAPANEMA', 'CAMPUS_FOZ DO IGUAÇU', 'CAMPUS_GOIOERÊ', 'CAMPUS_IRATI', 'CAMPUS_IVAIPORÃ', 'CAMPUS_JACAREZINHO', 'CAMPUS_PALMAS', 'CAMPUS_PINHAIS', 'CAMPUS_PITANGA', 'CAMPUS_QUEDAS DO IGUAÇU', 'CAMPUS_TELÊMACO BORBA', 'CURSOS_TEC_CONCOMITANTE', 'CURSOS_TEC_INTEGRADO', 'CURSOS_TEC_SUBSEQUENTE', 'CURSOS_GRAD_VESPERTINO', 'CURSOS_GRAD_NOTURNO', 'FERIADO', 'ORDEM', 'LAG_02', 'LAG_07', 'LAG_08', 'LAG_09', 'LAG_10', 'LAG_11', 'LAG_12');0.31606
('TEMP_MÉD_MIN_MENS', 'TEMP_MÉD_MÉD_MENS', 'TEMP_MÉD_ACC_MENS', 'TEMP_MIN_MIN_MENS', 'TEMP_MIN_MAX_MENS', 'TEMP_MIN_ACC_MENS', 'TEMP_MAX_MIN_MENS', 'TEMP_MAX_MAX_MENS', 'DIA_DA_SEMANA_dom', 'DIA_DA_SEMANA_qua', 'DIA_DA_SEMANA_qui', 'MÊS_dez', 'MÊS_jan', 'MÊS_jul', 'MÊS_jun', 'MÊS_mar', 'MÊS_out', 'MÊS_set', 'ANO_2021', 'ANO_2024', 'ANO_2016', 'ANO_2019', 'ANO_2020', 'CAMPUS_ASTORGA', 'CAMPUS_BARRACÃO', 'CAMPUS_CAPANEMA', 'CAMPUS_CASCAVEL', 'CAMPUS_CORONEL VIVIDA', 'CAMPUS_CURITIBA', 'CAMPUS_GOIOERÊ', 'CAMPUS_IVAIPORÃ', 'CAMPUS_JACAREZINHO', 'CAMPUS_JAGUARIAÍVA', 'CAMPUS_PALMAS', 'CAMPUS_PITANGA', 'CAMPUS_QUEDAS DO IGUAÇU', 'CAMPUS_UNIÃO DA VITÓRIA', 'CURSOS_TEC_INTEGRADO', 'CURSOS_GRAD_VESPERTINO', 'CURSOS_GRAD_NOTURNO', 'CURSOS_POS', 'FÉRIAS', 'GREVE', 'LAG_01', 'LAG_02', 'LAG_05', 'LAG_07', 'LAG_08', 'LAG_09', 'LAG_11', 'LAG_12');0.31612
('TEMP_MÉD_ACC_MENS', 'TEMP_MAX_MÉD_MENS', 'TEMP_MIN_ACC_MENS', 'PRECIPITAÇÃO_MIN_MENS', 'TEMP_MAX_MAX_MENS', 'TEMP_MAX_ACC_MENS', 'PRECIPITAÇÃO_ACC_MENS', 'DIA_DA_SEMANA_dom', 'DIA_DA_SEMANA_qua', 'DIA_DA_SEMANA_qui', 'DIA_DA_SEMANA_seg', 'DIA_DA_SEMANA_sex', 'DIA_DA_SEMANA_ter', 'MÊS_abr', 'MÊS_ago', 'MÊS_dez', 'MÊS_fev', 'MÊS_jan', 'MÊS_jun', 'MÊS_mar', 'MÊS_nov', 'MÊS_out', 'MÊS_set', 'ANO_2021', 'ANO_2023', 'ANO_2024', 'ANO_2015', 'ANO_2017', 'ANO_2018', 'ANO_2020', 'CAMPUS_ASTORGA', 'CAMPUS_CAPANEMA', 'CAMPUS_CASCAVEL', 'CAMPUS_CORONEL VIVIDA', 'CAMPUS_CURITIBA', 'CAMPUS_FOZ DO IGUAÇU', 'CAMPUS_GOIOERÊ', 'CAMPUS_IVAIPORÃ', 'CAMPUS_JACAREZINHO', 'CAMPUS_JAGUARIAÍVA', 'CAMPUS_LONDRINA - CENTRO', 'CAMPUS_PALMAS', 'CAMPUS_PARANAGUÁ', 'CAMPUS_PARANAVAÍ', 'CAMPUS_PINHAIS', 'CAMPUS_QUEDAS DO IGUAÇU', 'CAMPUS_UMUARAMA', 'CURSOS_TEC_CONCOMITANTE', 'CURSOS_TEC_INTEGRADO', 'CURSOS_TEC_SUBSEQUENTE', 'CURSOS_GRAD_VESPERTINO', 'CURSOS_GRAD_NOTURNO', 'FERIADO', 'GREVE', 'ORDEM', 'LAG_02', 'LAG_03', 'LAG_04', 'LAG_05', 'LAG_10', 'LAG_11', 'LAG_12');0.31619
('TEMP_MIN_MÉD_MENS', 'TEMP_MÉD_MÉD_MENS', 'TEMP_MÉD_MAX_MENS', 'TEMP_MÉD_ACC_MENS', 'PRECIPITAÇÃO_MÉD_MENS', 'TEMP_MIN_MAX_MENS', 'TEMP_MIN_ACC_MENS', 'TEMP_MAX_MIN_MENS', 'PRECIPITAÇÃO_MIN_MENS', 'TEMP_MAX_MAX_MENS', 'PRECIPITAÇÃO_ACC_MENS', 'DIA_DA_SEMANA_dom', 'DIA_DA_SEMANA_qua', 'DIA_DA_SEMANA_qui', 'DIA_DA_SEMANA_seg', 'DIA_DA_SEMANA_sex', 'DIA_DA_SEMANA_ter', 'MÊS_abr', 'MÊS_dez', 'MÊS_fev', 'MÊS_jan', 'MÊS_mai', 'MÊS_mar', 'MÊS_set', 'ANO_2021', 'ANO_2022', 'ANO_2023', 'ANO_2016', 'ANO_2018', 'ANO_2019', 'ANO_2020', 'CAMPUS_ASSIS CHATEAUBRIAND', 'CAMPUS_ASTORGA', 'CAMPUS_CAPANEMA', 'CAMPUS_CORONEL VIVIDA', 'CAMPUS_CURITIBA', 'CAMPUS_FOZ DO IGUAÇU', 'CAMPUS_GOIOERÊ', 'CAMPUS_IVAIPORÃ', 'CAMPUS_JACAREZINHO', 'CAMPUS_PALMAS', 'CURSOS_TEC_CONCOMITANTE', 'CURSOS_TEC_INTEGRADO', 'CURSOS_GRAD_MATUTINO', 'CURSOS_GRAD_VESPERTINO', 'CURSOS_POS', 'FÉRIAS', 'FERIADO', 'LAG_01', 'LAG_04', 'LAG_05', 'LAG_07', 'LAG_08', 'LAG_09', 'LAG_12');0.31625
('TEMP_MIN_MÉD_MENS', 'TEMP_MÉD_MAX_MENS', 'TEMP_MÉD_ACC_MENS', 'TEMP_MAX_MÉD_MENS', 'TEMP_MIN_MIN_MENS', 'TEMP_MIN_MAX_MENS', 'TEMP_MAX_MIN_MENS', 'PRECIPITAÇÃO_MIN_MENS', 'TEMP_MAX_MAX_MENS', 'TEMP_MAX_ACC_MENS', 'DIA_DA_SEMANA_dom', 'DIA_DA_SEMANA_seg', 'DIA_DA_SEMANA_sex', 'DIA_DA_SEMANA_ter', 'MÊS_abr', 'MÊS_dez', 'MÊS_fev', 'MÊS_jul', 'MÊS_nov', 'MÊS_out', 'MÊS_set', 'ANO_2023', 'ANO_2024', 'ANO_2015', 'ANO_2016', 'ANO_2017', 'ANO_2018', 'ANO_2019', 'CAMPUS_ASSIS CHATEAUBRIAND', 'CAMPUS_ASTORGA', 'CAMPUS_CAMPO LARGO', 'CAMPUS_CAPANEMA', 'CAMPUS_CASCAVEL', 'CAMPUS_CORONEL VIVIDA', 'CAMPUS_FOZ DO IGUAÇU', 'CAMPUS_GOIOERÊ', 'CAMPUS_IRATI', 'CAMPUS_JACAREZINHO', 'CAMPUS_JAGUARIAÍVA', 'CAMPUS_PALMAS', 'CAMPUS_PARANAGUÁ', 'CAMPUS_PARANAVAÍ', 'CAMPUS_PINHAIS', 'CAMPUS_UMUARAMA', 'CURSOS_TEC_SUBSEQUENTE', 'CURSOS_GRAD_NOTURNO', 'FERIADO', 'GREVE', 'LAG_01', 'LAG_02', 'LAG_03', 'LAG_04', 'LAG_05', 'LAG_08', 'LAG_10', 'LAG_11', 'LAG_12');0.31627
('TEMP_MÉD_MIN_MENS', 'TEMP_MÉD_MAX_MENS', 'TEMP_MÉD_ACC_MENS', 'TEMP_MAX_MÉD_MENS', 'PRECIPITAÇÃO_MÉD_MENS', 'TEMP_MIN_MIN_MENS', 'TEMP_MIN_MAX_MENS', 'TEMP_MAX_MIN_MENS', 'TEMP_MAX_MAX_MENS', 'TEMP_MAX_ACC_MENS', 'PRECIPITAÇÃO_MAX_MENS', 'PRECIPITAÇÃO_ACC_MENS', 'DIA_DA_SEMANA_qua', 'DIA_DA_SEMANA_qui', 'DIA_DA_SEMANA_sex', 'DIA_DA_SEMANA_sáb', 'DIA_DA_SEMANA_ter', 'MÊS_abr', 'MÊS_ago', 'MÊS_dez', 'MÊS_fev', 'MÊS_mai', 'MÊS_mar', 'MÊS_nov', 'MÊS_out', 'MÊS_set', 'ANO_2021', 'ANO_2023', 'ANO_2024', 'ANO_2015', 'ANO_2016', 'ANO_2018', 'CAMPUS_BARRACÃO', 'CAMPUS_CAPANEMA', 'CAMPUS_CORONEL VIVIDA', 'CAMPUS_CURITIBA', 'CAMPUS_IVAIPORÃ', 'CAMPUS_JACAREZINHO', 'CAMPUS_LONDRINA - CENTRO', 'CAMPUS_PARANAGUÁ', 'CAMPUS_PARANAVAÍ', 'CAMPUS_PINHAIS', 'CAMPUS_PITANGA', 'CAMPUS_TELÊMACO BORBA', 'CAMPUS_UMUARAMA', 'CURSOS_TEC_CONCOMITANTE', 'CURSOS_TEC_SUBSEQUENTE', 'CURSOS_GRAD_NOTURNO', 'FÉRIAS', 'FERIADO', 'GREVE', 'LAG_03', 'LAG_04', 'LAG_06', 'LAG_10', 'LAG_11');0.31645
('TEMP_MÉD_MAX_MENS', 'TEMP_MIN_MIN_MENS', 'TEMP_MIN_ACC_MENS', 'TEMP_MAX_MIN_MENS', 'TEMP_MAX_MAX_MENS', 'PRECIPITAÇÃO_MAX_MENS', 'PRECIPITAÇÃO_ACC_MENS', 'DIA_DA_SEMANA_qua', 'DIA_DA_SEMANA_qui', 'DIA_DA_SEMANA_seg', 'DIA_DA_SEMANA_sáb', 'DIA_DA_SEMANA_ter', 'MÊS_ago', 'MÊS_dez', 'MÊS_fev', 'MÊS_jul', 'MÊS_jun', 'MÊS_nov', 'MÊS_out', 'ANO_2021', 'ANO_2022', 'ANO_2023', 'ANO_2016', 'ANO_2017', 'ANO_2019', 'ANO_2020', 'CAMPUS_ASTORGA', 'CAMPUS_CAPANEMA', 'CAMPUS_CORONEL VIVIDA', 'CAMPUS_CURITIBA', 'CAMPUS_IRATI', 'CAMPUS_IVAIPORÃ', 'CAMPUS_JACAREZINHO', 'CAMPUS_JAGUARIAÍVA', 'CAMPUS_PALMAS', 'CAMPUS_PINHAIS', 'CAMPUS_QUEDAS DO IGUAÇU', 'CAMPUS_TELÊMACO BORBA', 'CAMPUS_UMUARAMA', 'CURSOS_TEC_CONCOMITANTE', 'CURSOS_TEC_INTEGRADO', 'CURSOS_GRAD_MATUTINO', 'CURSOS_GRAD_VESPERTINO', 'CURSOS_POS', 'GREVE', 'LAG_01', 'LAG_02', 'LAG_05', 'LAG_07', 'LAG_08', 'LAG_09', 'LAG_11', 'LAG_12');0.31658
('TEMP_MÉD_MÉD_MENS', 'TEMP_MÉD_MAX_MENS', 'TEMP_MAX_MÉD_MENS', 'PRECIPITAÇÃO_MÉD_MENS', 'PRECIPITAÇÃO_MIN_MENS', 'TEMP_MAX_MAX_MENS', 'TEMP_MAX_ACC_MENS', 'DIA_DA_SEMANA_dom', 'DIA_DA_SEMANA_qua', 'DIA_DA_SEMANA_qui', 'DIA_DA_SEMANA_seg', 'DIA_DA_SEMANA_sex', 'DIA_DA_SEMANA_sáb', 'DIA_DA_SEMANA_ter', 'MÊS_abr', 'MÊS_ago', 'MÊS_dez', 'MÊS_fev', 'MÊS_jan', 'MÊS_jul', 'MÊS_jun', 'MÊS_mar', 'MÊS_nov', 'MÊS_set', 'ANO_2023', 'ANO_2024', 'ANO_2015', 'ANO_2016', 'ANO_2018', 'ANO_2020', 'CAMPUS_ASSIS CHATEAUBRIAND', 'CAMPUS_ASTORGA', 'CAMPUS_BARRACÃO', 'CAMPUS_CAMPO LARGO', 'CAMPUS_CAPANEMA', 'CAMPUS_CASCAVEL', 'CAMPUS_CORONEL VIVIDA', 'CAMPUS_CURITIBA', 'CAMPUS_FOZ DO IGUAÇU', 'CAMPUS_IRATI', 'CAMPUS_JACAREZINHO', 'CAMPUS_JAGUARIAÍVA', 'CAMPUS_LONDRINA - CENTRO', 'CAMPUS_PALMAS', 'CAMPUS_PINHAIS', 'CAMPUS_PITANGA', 'CAMPUS_QUEDAS DO IGUAÇU', 'CAMPUS_UMUARAMA', 'CURSOS_TEC_CONCOMITANTE', 'CURSOS_TEC_INTEGRADO', 'CURSOS_GRAD_VESPERTINO', 'CURSOS_POS', 'FERIADO', 'COVID', 'ORDEM', 'LAG_02', 'LAG_03', 'LAG_08', 'LAG_09', 'LAG_10', 'LAG_11', 'LAG_12');0.31662
('TEMP_MÉD_MIN_MENS', 'TEMP_MÉD_MAX_MENS', 'TEMP_MÉD_ACC_MENS', 'TEMP_MAX_MÉD_MENS', 'PRECIPITAÇÃO_MÉD_MENS', 'TEMP_MIN_MIN_MENS', 'TEMP_MIN_MAX_MENS', 'TEMP_MIN_ACC_MENS', 'TEMP_MAX_MIN_MENS', 'PRECIPITAÇÃO_MIN_MENS', 'PRECIPITAÇÃO_ACC_MENS', 'DIA_DA_SEMANA_qui', 'DIA_DA_SEMANA_seg', 'MÊS_ago', 'MÊS_dez', 'MÊS_fev', 'MÊS_jun', 'MÊS_nov', 'ANO_2021', 'ANO_2022', 'ANO_2023', 'ANO_2015', 'ANO_2018', 'ANO_2019', 'CAMPUS_ASTORGA', 'CAMPUS_CAMPO LARGO', 'CAMPUS_CAPANEMA', 'CAMPUS_CURITIBA', 'CAMPUS_GOIOERÊ', 'CAMPUS_IRATI', 'CAMPUS_IVAIPORÃ', 'CAMPUS_JAGUARIAÍVA', 'CAMPUS_PINHAIS', 'CAMPUS_QUEDAS DO IGUAÇU', 'CAMPUS_TELÊMACO BORBA', 'CAMPUS_UMUARAMA', 'CURSOS_GRAD_VESPERTINO', 'CURSOS_POS', 'FERIADO', 'GREVE', 'ORDEM', 'LAG_01', 'LAG_02', 'LAG_05', 'LAG_06', 'LAG_07', 'LAG_08', 'LAG_09', 'LAG_10', 'LAG_11');0.31672
('TEMP_MÉD_MÉD_MENS', 'TEMP_MÉD_MAX_MENS', 'TEMP_MAX_MÉD_MENS', 'PRECIPITAÇÃO_MÉD_MENS', 'TEMP_MIN_MIN_MENS', 'TEMP_MIN_MAX_MENS', 'TEMP_MAX_MIN_MENS', 'PRECIPITAÇÃO_MIN_MENS', 'TEMP_MAX_MAX_MENS', 'TEMP_MAX_ACC_MENS', 'PRECIPITAÇÃO_MAX_MENS', 'PRECIPITAÇÃO_ACC_MENS', 'DIA_DA_SEMANA_qua', 'DIA_DA_SEMANA_qui', 'DIA_DA_SEMANA_seg', 'DIA_DA_SEMANA_sex', 'DIA_DA_SEMANA_ter', 'MÊS_ago', 'MÊS_dez', 'MÊS_jul', 'MÊS_jun', 'MÊS_mai', 'MÊS_mar', 'MÊS_nov', 'MÊS_set', 'ANO_2021', 'ANO_2022', 'ANO_2015', 'ANO_2017', 'ANO_2018', 'ANO_2019', 'CAMPUS_ASTORGA', 'CAMPUS_BARRACÃO', 'CAMPUS_CAMPO LARGO', 'CAMPUS_CAPANEMA', 'CAMPUS_CURITIBA', 'CAMPUS_FOZ DO IGUAÇU', 'CAMPUS_GOIOERÊ', 'CAMPUS_IVAIPORÃ', 'CAMPUS_JACAREZINHO', 'CAMPUS_LONDRINA - CENTRO', 'CAMPUS_QUEDAS DO IGUAÇU', 'CAMPUS_UMUARAMA', 'CURSOS_TEC_SUBSEQUENTE', 'CURSOS_GRAD_VESPERTINO', 'CURSOS_GRAD_NOTURNO', 'CURSOS_POS', 'FERIADO', 'GREVE', 'ORDEM', 'LAG_01', 'LAG_02', 'LAG_08', 'LAG_09', 'LAG_11');0.31678
('TEMP_MIN_MÉD_MENS', 'TEMP_MÉD_MÉD_MENS', 'TEMP_MÉD_MAX_MENS', 'TEMP_MAX_MÉD_MENS', 'PRECIPITAÇÃO_MÉD_MENS', 'TEMP_MIN_MIN_MENS', 'TEMP_MIN_MAX_MENS', 'TEMP_MIN_ACC_MENS', 'TEMP_MAX_MIN_MENS', 'PRECIPITAÇÃO_MIN_MENS', 'TEMP_MAX_MAX_MENS', 'PRECIPITAÇÃO_MAX_MENS', 'PRECIPITAÇÃO_ACC_MENS', 'DIA_DA_SEMANA_qui', 'DIA_DA_SEMANA_seg', 'MÊS_abr', 'MÊS_dez', 'MÊS_jan', 'MÊS_jul', 'MÊS_jun', 'MÊS_out', 'MÊS_set', 'ANO_2021', 'ANO_2022', 'ANO_2023', 'ANO_2024', 'ANO_2015', 'ANO_2016', 'ANO_2017', 'CAMPUS_ASSIS CHATEAUBRIAND', 'CAMPUS_ASTORGA', 'CAMPUS_CAMPO LARGO', 'CAMPUS_CASCAVEL', 'CAMPUS_CORONEL VIVIDA', 'CAMPUS_CURITIBA', 'CAMPUS_GOIOERÊ', 'CAMPUS_JACAREZINHO', 'CAMPUS_JAGUARIAÍVA', 'CAMPUS_PARANAVAÍ', 'CAMPUS_PINHAIS', 'CAMPUS_TELÊMACO BORBA', 'CAMPUS_UNIÃO DA VITÓRIA', 'CURSOS_TEC_INTEGRADO', 'CURSOS_TEC_SUBSEQUENTE', 'CURSOS_GRAD_MATUTINO', 'CURSOS_GRAD_VESPERTINO', 'CURSOS_GRAD_NOTURNO', 'CURSOS_POS', 'GREVE', 'LAG_01', 'LAG_03', 'LAG_04', 'LAG_05', 'LAG_06', 'LAG_08', 'LAG_09', 'LAG_10', 'LAG_11', 'LAG_12');0.31696
('TEMP_MÉD_MAX_MENS', 'TEMP_MÉD_ACC_MENS', 'TEMP_MIN_MIN_MENS', 'TEMP_MIN_ACC_MENS', 'PRECIPITAÇÃO_MIN_MENS', 'TEMP_MAX_ACC_MENS', 'PRECIPITAÇÃO_MAX_MENS', 'DIA_DA_SEMANA_dom', 'DIA_DA_SEMANA_qua', 'DIA_DA_SEMANA_qui', 'DIA_DA_SEMANA_seg', 'DIA_DA_SEMANA_sex', 'DIA_DA_SEMANA_ter', 'MÊS_ago', 'MÊS_jan', 'MÊS_jul', 'MÊS_jun', 'MÊS_mar', 'ANO_2021', 'ANO_2022', 'ANO_2023', 'ANO_2024', 'ANO_2015', 'ANO_2018', 'ANO_2020', 'CAMPUS_BARRACÃO', 'CAMPUS_CAPANEMA', 'CAMPUS_CORONEL VIVIDA', 'CAMPUS_CURITIBA', 'CAMPUS_FOZ DO IGUAÇU', 'CAMPUS_GOIOERÊ', 'CAMPUS_IRATI', 'CAMPUS_IVAIPORÃ', 'CAMPUS_JAGUARIAÍVA', 'CAMPUS_PALMAS', 'CAMPUS_PARANAGUÁ', 'CAMPUS_PARANAVAÍ', 'CAMPUS_PITANGA', 'CAMPUS_QUEDAS DO IGUAÇU', 'CAMPUS_TELÊMACO BORBA', 'CAMPUS_UMUARAMA', 'CAMPUS_UNIÃO DA VITÓRIA', 'CURSOS_TEC_CONCOMITANTE', 'CURSOS_TEC_INTEGRADO', 'CURSOS_GRAD_VESPERTINO', 'CURSOS_GRAD_NOTURNO', 'FERIADO', 'ORDEM', 'LAG_02', 'LAG_03', 'LAG_05', 'LAG_08', 'LAG_11', 'LAG_12');0.31697
('TEMP_MÉD_MIN_MENS', 'TEMP_MÉD_MÉD_MENS', 'TEMP_MÉD_ACC_MENS', 'PRECIPITAÇÃO_MÉD_MENS', 'TEMP_MIN_MAX_MENS', 'TEMP_MIN_ACC_MENS', 'TEMP_MAX_MIN_MENS', 'PRECIPITAÇÃO_MIN_MENS', 'TEMP_MAX_MAX_MENS', 'PRECIPITAÇÃO_MAX_MENS', 'PRECIPITAÇÃO_ACC_MENS', 'DIA_DA_SEMANA_dom', 'DIA_DA_SEMANA_qua', 'DIA_DA_SEMANA_ter', 'MÊS_abr', 'MÊS_ago', 'MÊS_fev', 'MÊS_jan', 'MÊS_jun', 'MÊS_mar', 'MÊS_out', 'ANO_2021', 'ANO_2022', 'ANO_2023', 'ANO_2015', 'ANO_2017', 'ANO_2019', 'ANO_2020', 'CAMPUS_ASSIS CHATEAUBRIAND', 'CAMPUS_CAPANEMA', 'CAMPUS_CURITIBA', 'CAMPUS_FOZ DO IGUAÇU', 'CAMPUS_IRATI', 'CAMPUS_IVAIPORÃ', 'CAMPUS_JAGUARIAÍVA', 'CAMPUS_LONDRINA - CENTRO', 'CAMPUS_PALMAS', 'CAMPUS_UMUARAMA', 'CAMPUS_UNIÃO DA VITÓRIA', 'CURSOS_GRAD_MATUTINO', 'CURSOS_GRAD_VESPERTINO', 'CURSOS_POS', 'FERIADO', 'GREVE', 'ORDEM', 'LAG_01', 'LAG_02', 'LAG_05', 'LAG_06', 'LAG_10', 'LAG_12');0.31704
('TEMP_MÉD_MIN_MENS', 'TEMP_MÉD_MÉD_MENS', 'TEMP_MÉD_ACC_MENS', 'TEMP_MAX_MÉD_MENS', 'PRECIPITAÇÃO_MÉD_MENS', 'TEMP_MIN_MIN_MENS', 'TEMP_MIN_MAX_MENS', 'TEMP_MAX_MIN_MENS', 'PRECIPITAÇÃO_MIN_MENS', 'TEMP_MAX_MAX_MENS', 'TEMP_MAX_ACC_MENS', 'PRECIPITAÇÃO_MAX_MENS', 'PRECIPITAÇÃO_ACC_MENS', 'DIA_DA_SEMANA_seg', 'DIA_DA_SEMANA_sex', 'DIA_DA_SEMANA_sáb', 'DIA_DA_SEMANA_ter', 'MÊS_abr', 'MÊS_jul', 'MÊS_mar', 'MÊS_nov', 'MÊS_out', 'MÊS_set', 'ANO_2021', 'ANO_2015', 'ANO_2016', 'ANO_2017', 'ANO_2018', 'ANO_2020', 'CAMPUS_CASCAVEL', 'CAMPUS_CORONEL VIVIDA', 'CAMPUS_CURITIBA', 'CAMPUS_FOZ DO IGUAÇU', 'CAMPUS_GOIOERÊ', 'CAMPUS_IRATI', 'CAMPUS_IVAIPORÃ', 'CAMPUS_JACAREZINHO', 'CAMPUS_JAGUARIAÍVA', 'CAMPUS_PALMAS', 'CAMPUS_PARANAVAÍ', 'CAMPUS_PINHAIS', 'CAMPUS_PITANGA', 'CAMPUS_UMUARAMA', 'CURSOS_GRAD_MATUTINO', 'CURSOS_GRAD_VESPERTINO', 'CURSOS_GRAD_NOTURNO', 'CURSOS_POS', 'FERIADO', 'COVID', 'LAG_02', 'LAG_03', 'LAG_04', 'LAG_06', 'LAG_07', 'LAG_09', 'LAG_10', 'LAG_11', 'LAG_12');0.31709
('TEMP_MIN_MÉD_MENS', 'TEMP_MÉD_MAX_MENS', 'TEMP_MÉD_ACC_MENS', 'TEMP_MIN_MIN_MENS', 'TEMP_MIN_MAX_MENS', 'TEMP_MIN_ACC_MENS', 'PRECIPITAÇÃO_MIN_MENS', 'TEMP_MAX_MAX_MENS', 'TEMP_MAX_ACC_MENS', 'PRECIPITAÇÃO_MAX_MENS', 'DIA_DA_SEMANA_qua', 'DIA_DA_SEMANA_qui', 'DIA_DA_SEMANA_seg', 'DIA_DA_SEMANA_sáb', 'DIA_DA_SEMANA_ter', 'MÊS_fev', 'MÊS_jul', 'MÊS_jun', 'MÊS_nov', 'MÊS_out', 'ANO_2023', 'ANO_2016', 'ANO_2018', 'ANO_2020', 'CAMPUS_ASTORGA', 'CAMPUS_BARRACÃO', 'CAMPUS_CAMPO LARGO', 'CAMPUS_CAPANEMA', 'CAMPUS_CASCAVEL', 'CAMPUS_CURITIBA', 'CAMPUS_FOZ DO IGUAÇU', 'CAMPUS_GOIOERÊ', 'CAMPUS_JACAREZINHO', 'CAMPUS_JAGUARIAÍVA', 'CAMPUS_LONDRINA - CENTRO', 'CAMPUS_PALMAS', 'CAMPUS_PARANAGUÁ', 'CAMPUS_PARANAVAÍ', 'CAMPUS_PITANGA', 'CAMPUS_QUEDAS DO IGUAÇU', 'CAMPUS_TELÊMACO BORBA', 'CAMPUS_UNIÃO DA VITÓRIA', 'CURSOS_TEC_CONCOMITANTE', 'CURSOS_TEC_INTEGRADO', 'CURSOS_GRAD_MATUTINO', 'CURSOS_GRAD_VESPERTINO', 'CURSOS_GRAD_NOTURNO', 'CURSOS_POS', 'FERIADO', 'GREVE', 'ORDEM', 'LAG_01', 'LAG_03', 'LAG_04', 'LAG_07', 'LAG_10', 'LAG_11', 'LAG_12');0.31715
('TEMP_MIN_MÉD_MENS', 'TEMP_MÉD_MÉD_MENS', 'TEMP_MÉD_MAX_MENS', 'TEMP_MÉD_ACC_MENS', 'PRECIPITAÇÃO_MÉD_MENS', 'TEMP_MIN_ACC_MENS', 'TEMP_MAX_MIN_MENS', 'PRECIPITAÇÃO_MIN_MENS', 'TEMP_MAX_MAX_MENS', 'TEMP_MAX_ACC_MENS', 'PRECIPITAÇÃO_MAX_MENS', 'PRECIPITAÇÃO_ACC_MENS', 'DIA_DA_SEMANA_qua', 'DIA_DA_SEMANA_qui', 'MÊS_jul', 'MÊS_jun', 'MÊS_mar', 'ANO_2021', 'ANO_2022', 'ANO_2023', 'ANO_2024', 'ANO_2015', 'ANO_2017', 'ANO_2019', 'CAMPUS_ASTORGA', 'CAMPUS_BARRACÃO', 'CAMPUS_CAMPO LARGO', 'CAMPUS_CASCAVEL', 'CAMPUS_CURITIBA', 'CAMPUS_FOZ DO IGUAÇU', 'CAMPUS_GOIOERÊ', 'CAMPUS_IVAIPORÃ', 'CAMPUS_JACAREZINHO', 'CAMPUS_LONDRINA - CENTRO', 'CAMPUS_PALMAS', 'CAMPUS_PARANAGUÁ', 'CAMPUS_PINHAIS', 'CAMPUS_PITANGA', 'CAMPUS_TELÊMACO BORBA', 'CAMPUS_UMUARAMA', 'CAMPUS_UNIÃO DA VITÓRIA', 'CURSOS_TEC_CONCOMITANTE', 'CURSOS_TEC_INTEGRADO', 'CURSOS_GRAD_VESPERTINO', 'CURSOS_GRAD_NOTURNO', 'FERIADO', 'ORDEM', 'LAG_02', 'LAG_03', 'LAG_05', 'LAG_09', 'LAG_10', 'LAG_12');0.31721
('TEMP_MÉD_MIN_MENS', 'TEMP_MÉD_MÉD_MENS', 'TEMP_MÉD_MAX_MENS', 'TEMP_MAX_MÉD_MENS', 'TEMP_MIN_MIN_MENS', 'TEMP_MAX_MIN_MENS', 'PRECIPITAÇÃO_MIN_MENS', 'TEMP_MAX_MAX_MENS', 'TEMP_MAX_ACC_MENS', 'PRECIPITAÇÃO_MAX_MENS', 'PRECIPITAÇÃO_ACC_MENS', 'DIA_DA_SEMANA_qua', 'DIA_DA_SEMANA_qui', 'DIA_DA_SEMANA_sex', 'DIA_DA_SEMANA_ter', 'MÊS_abr', 'MÊS_fev', 'MÊS_jan', 'MÊS_jul', 'MÊS_jun', 'MÊS_mai', 'MÊS_out', 'MÊS_set', 'ANO_2021', 'ANO_2016', 'ANO_2017', 'CAMPUS_ASSIS CHATEAUBRIAND', 'CAMPUS_ASTORGA', 'CAMPUS_BARRACÃO', 'CAMPUS_CAPANEMA', 'CAMPUS_CORONEL VIVIDA', 'CAMPUS_FOZ DO IGUAÇU', 'CAMPUS_GOIOERÊ', 'CAMPUS_IVAIPORÃ', 'CAMPUS_JAGUARIAÍVA', 'CAMPUS_LONDRINA - CENTRO', 'CAMPUS_PARANAVAÍ', 'CAMPUS_PINHAIS', 'CAMPUS_TELÊMACO BORBA', 'CAMPUS_UMUARAMA', 'CURSOS_TEC_SUBSEQUENTE', 'CURSOS_GRAD_MATUTINO', 'CURSOS_GRAD_VESPERTINO', 'CURSOS_POS', 'FERIADO', 'COVID', 'GREVE', 'LAG_01', 'LAG_03', 'LAG_04', 'LAG_09', 'LAG_12');0.31745
('TEMP_MIN_MÉD_MENS', 'TEMP_MÉD_MIN_MENS', 'TEMP_MÉD_MÉD_MENS', 'TEMP_MÉD_MAX_MENS', 'TEMP_MÉD_ACC_MENS', 'TEMP_MAX_MÉD_MENS', 'TEMP_MIN_MIN_MENS', 'TEMP_MIN_ACC_MENS', 'TEMP_MAX_MIN_MENS', 'TEMP_MAX_ACC_MENS', 'PRECIPITAÇÃO_MAX_MENS', 'DIA_DA_SEMANA_dom', 'DIA_DA_SEMANA_qui', 'DIA_DA_SEMANA_sáb', 'MÊS_dez', 'MÊS_jan', 'MÊS_jun', 'MÊS_mai', 'MÊS_nov', 'MÊS_set', 'ANO_2022', 'ANO_2023', 'ANO_2015', 'ANO_2017', 'ANO_2020', 'CAMPUS_ASTORGA', 'CAMPUS_CAMPO LARGO', 'CAMPUS_CAPANEMA', 'CAMPUS_CASCAVEL', 'CAMPUS_CORONEL VIVIDA', 'CAMPUS_FOZ DO IGUAÇU', 'CAMPUS_GOIOERÊ', 'CAMPUS_IRATI', 'CAMPUS_JACAREZINHO', 'CAMPUS_LONDRINA - CENTRO', 'CAMPUS_PITANGA', 'CAMPUS_QUEDAS DO IGUAÇU', 'CAMPUS_TELÊMACO BORBA', 'CAMPUS_UNIÃO DA VITÓRIA', 'CURSOS_TEC_INTEGRADO', 'CURSOS_TEC_SUBSEQUENTE', 'CURSOS_GRAD_MATUTINO', 'CURSOS_GRAD_VESPERTINO', 'COVID', 'GREVE', 'LAG_01', 'LAG_02', 'LAG_05', 'LAG_07', 'LAG_10', 'LAG_11', 'LAG_12');0.31748
('TEMP_MIN_MÉD_MENS', 'TEMP_MÉD_MAX_MENS', 'TEMP_MÉD_ACC_MENS', 'TEMP_MAX_MÉD_MENS', 'PRECIPITAÇÃO_MÉD_MENS', 'TEMP_MIN_MAX_MENS', 'TEMP_MIN_ACC_MENS', 'TEMP_MAX_MIN_MENS', 'PRECIPITAÇÃO_MIN_MENS', 'PRECIPITAÇÃO_ACC_MENS', 'DIA_DA_SEMANA_dom', 'DIA_DA_SEMANA_qui', 'DIA_DA_SEMANA_sex', 'DIA_DA_SEMANA_sáb', 'DIA_DA_SEMANA_ter', 'MÊS_abr', 'MÊS_ago', 'MÊS_jul', 'MÊS_jun', 'MÊS_mar', 'MÊS_nov', 'MÊS_out', 'MÊS_set', 'ANO_2021', 'ANO_2024', 'ANO_2015', 'ANO_2016', 'CAMPUS_ASSIS CHATEAUBRIAND', 'CAMPUS_ASTORGA', 'CAMPUS_BARRACÃO', 'CAMPUS_CASCAVEL', 'CAMPUS_GOIOERÊ', 'CAMPUS_IRATI', 'CAMPUS_IVAIPORÃ', 'CAMPUS_JACAREZINHO', 'CAMPUS_JAGUARIAÍVA', 'CAMPUS_PARANAGUÁ', 'CAMPUS_PARANAVAÍ', 'CAMPUS_PITANGA', 'CAMPUS_QUEDAS DO IGUAÇU', 'CAMPUS_TELÊMACO BORBA', 'CAMPUS_UMUARAMA', 'CURSOS_TEC_INTEGRADO', 'CURSOS_TEC_SUBSEQUENTE', 'CURSOS_GRAD_MATUTINO', 'CURSOS_GRAD_NOTURNO', 'CURSOS_POS', 'FÉRIAS', 'GREVE', 'LAG_01', 'LAG_02', 'LAG_03', 'LAG_04', 'LAG_06', 'LAG_07', 'LAG_08', 'LAG_11', 'LAG_12');0.31753
('TEMP_MIN_MÉD_MENS', 'TEMP_MÉD_MIN_MENS', 'TEMP_MÉD_MÉD_MENS', 'TEMP_MÉD_MAX_MENS', 'TEMP_MÉD_ACC_MENS', 'TEMP_MAX_MÉD_MENS', 'PRECIPITAÇÃO_MÉD_MENS', 'TEMP_MIN_MIN_MENS', 'TEMP_MIN_ACC_MENS', 'TEMP_MAX_MAX_MENS', 'PRECIPITAÇÃO_MAX_MENS', 'PRECIPITAÇÃO_ACC_MENS', 'DIA_DA_SEMANA_dom', 'DIA_DA_SEMANA_qua', 'DIA_DA_SEMANA_qui', 'DIA_DA_SEMANA_seg', 'DIA_DA_SEMANA_ter', 'MÊS_dez', 'MÊS_jan', 'MÊS_jul', 'MÊS_jun', 'MÊS_mai', 'MÊS_mar', 'MÊS_nov', 'MÊS_set', 'ANO_2022', 'ANO_2023', 'ANO_2024', 'ANO_2015', 'ANO_2020', 'CAMPUS_BARRACÃO', 'CAMPUS_CAMPO LARGO', 'CAMPUS_CAPANEMA', 'CAMPUS_CASCAVEL', 'CAMPUS_CORONEL VIVIDA', 'CAMPUS_FOZ DO IGUAÇU', 'CAMPUS_GOIOERÊ', 'CAMPUS_IRATI', 'CAMPUS_IVAIPORÃ', 'CAMPUS_JACAREZINHO', 'CAMPUS_JAGUARIAÍVA', 'CAMPUS_PALMAS', 'CAMPUS_PARANAVAÍ', 'CAMPUS_PINHAIS', 'CAMPUS_UNIÃO DA VITÓRIA', 'CURSOS_TEC_SUBSEQUENTE', 'CURSOS_GRAD_VESPERTINO', 'CURSOS_POS', 'FERIADO', 'GREVE', 'ORDEM', 'LAG_01', 'LAG_02', 'LAG_03', 'LAG_04', 'LAG_05', 'LAG_06', 'LAG_07', 'LAG_10', 'LAG_11', 'LAG_12');0.31757
('TEMP_MIN_MÉD_MENS', 'TEMP_MÉD_MIN_MENS', 'TEMP_MÉD_MÉD_MENS', 'PRECIPITAÇÃO_MÉD_MENS', 'TEMP_MIN_MIN_MENS', 'TEMP_MIN_ACC_MENS', 'TEMP_MAX_MIN_MENS', 'PRECIPITAÇÃO_MIN_MENS', 'DIA_DA_SEMANA_dom', 'DIA_DA_SEMANA_qui', 'DIA_DA_SEMANA_seg', 'DIA_DA_SEMANA_sex', 'DIA_DA_SEMANA_sáb', 'MÊS_abr', 'MÊS_dez', 'MÊS_fev', 'MÊS_jan', 'MÊS_mai', 'MÊS_mar', 'MÊS_nov', 'MÊS_out', 'MÊS_set', 'ANO_2022', 'ANO_2023', 'ANO_2024', 'ANO_2015', 'ANO_2017', 'ANO_2019', 'CAMPUS_ASTORGA', 'CAMPUS_BARRACÃO', 'CAMPUS_CAMPO LARGO', 'CAMPUS_CASCAVEL', 'CAMPUS_CORONEL VIVIDA', 'CAMPUS_CURITIBA', 'CAMPUS_FOZ DO IGUAÇU', 'CAMPUS_IRATI', 'CAMPUS_IVAIPORÃ', 'CAMPUS_JACAREZINHO', 'CAMPUS_LONDRINA - CENTRO', 'CAMPUS_PARANAGUÁ', 'CAMPUS_PARANAVAÍ', 'CAMPUS_PINHAIS', 'CAMPUS_PITANGA', 'CAMPUS_QUEDAS DO IGUAÇU', 'CAMPUS_TELÊMACO BORBA', 'CAMPUS_UNIÃO DA VITÓRIA', 'CURSOS_TEC_CONCOMITANTE', 'CURSOS_TEC_INTEGRADO', 'CURSOS_TEC_SUBSEQUENTE', 'CURSOS_GRAD_MATUTINO', 'CURSOS_GRAD_VESPERTINO', 'CURSOS_GRAD_NOTURNO', 'FÉRIAS', 'FERIADO', 'GREVE', 'LAG_03', 'LAG_04', 'LAG_05', 'LAG_07', 'LAG_08', 'LAG_12');0.31759
('TEMP_MÉD_MÉD_MENS', 'TEMP_MÉD_ACC_MENS', 'TEMP_MAX_MÉD_MENS', 'PRECIPITAÇÃO_MÉD_MENS', 'TEMP_MIN_MIN_MENS', 'TEMP_MIN_MAX_MENS', 'TEMP_MIN_ACC_MENS', 'TEMP_MAX_MIN_MENS', 'PRECIPITAÇÃO_MIN_MENS', 'TEMP_MAX_ACC_MENS', 'DIA_DA_SEMANA_dom', 'DIA_DA_SEMANA_qua', 'DIA_DA_SEMANA_sex', 'DIA_DA_SEMANA_ter', 'MÊS_abr', 'MÊS_dez', 'MÊS_fev', 'MÊS_jul', 'MÊS_jun', 'MÊS_mai', 'MÊS_mar', 'MÊS_out', 'ANO_2021', 'ANO_2022', 'ANO_2016', 'ANO_2017', 'ANO_2019', 'CAMPUS_ASSIS CHATEAUBRIAND', 'CAMPUS_CASCAVEL', 'CAMPUS_CURITIBA', 'CAMPUS_FOZ DO IGUAÇU', 'CAMPUS_IRATI', 'CAMPUS_IVAIPORÃ', 'CAMPUS_JACAREZINHO', 'CAMPUS_LONDRINA - CENTRO', 'CAMPUS_PINHAIS', 'CAMPUS_UNIÃO DA VITÓRIA', 'CURSOS_TEC_INTEGRADO', 'CURSOS_TEC_SUBSEQUENTE', 'CURSOS_POS', 'FERIADO', 'GREVE', 'ORDEM', 'LAG_02', 'LAG_04', 'LAG_05', 'LAG_06', 'LAG_07', 'LAG_08', 'LAG_11');0.3176
('TEMP_MÉD_MIN_MENS', 'TEMP_MÉD_MAX_MENS', 'TEMP_MÉD_ACC_MENS', 'TEMP_MAX_MÉD_MENS', 'TEMP_MIN_MIN_MENS', 'TEMP_MIN_MAX_MENS', 'TEMP_MIN_ACC_MENS', 'TEMP_MAX_MIN_MENS', 'PRECIPITAÇÃO_MIN_MENS', 'TEMP_MAX_MAX_MENS', 'PRECIPITAÇÃO_MAX_MENS', 'DIA_DA_SEMANA_dom', 'DIA_DA_SEMANA_qui', 'DIA_DA_SEMANA_seg', 'DIA_DA_SEMANA_sex', 'DIA_DA_SEMANA_sáb', 'DIA_DA_SEMANA_ter', 'MÊS_abr', 'MÊS_dez', 'MÊS_fev', 'MÊS_jan', 'MÊS_jul', 'MÊS_mar', 'MÊS_set', 'ANO_2022', 'ANO_2024', 'ANO_2015', 'ANO_2016', 'ANO_2018', 'ANO_2019', 'ANO_2020', 'CAMPUS_ASTORGA', 'CAMPUS_BARRACÃO', 'CAMPUS_CAMPO LARGO', 'CAMPUS_CAPANEMA', 'CAMPUS_GOIOERÊ', 'CAMPUS_IRATI', 'CAMPUS_IVAIPORÃ', 'CAMPUS_LONDRINA - CENTRO', 'CAMPUS_PALMAS', 'CAMPUS_PINHAIS', 'CAMPUS_PITANGA', 'CAMPUS_TELÊMACO BORBA', 'CAMPUS_UNIÃO DA VITÓRIA', 'CURSOS_TEC_CONCOMITANTE', 'CURSOS_TEC_INTEGRADO', 'CURSOS_GRAD_MATUTINO', 'CURSOS_GRAD_VESPERTINO', 'COVID', 'GREVE', 'ORDEM', 'LAG_03', 'LAG_05', 'LAG_08', 'LAG_12');0.31768
('TEMP_MIN_MÉD_MENS', 'TEMP_MÉD_MIN_MENS', 'TEMP_MÉD_MÉD_MENS', 'TEMP_MÉD_MAX_MENS', 'TEMP_MÉD_ACC_MENS', 'TEMP_MAX_MÉD_MENS', 'PRECIPITAÇÃO_MÉD_MENS', 'TEMP_MIN_MIN_MENS', 'TEMP_MAX_MIN_MENS', 'PRECIPITAÇÃO_MIN_MENS', 'TEMP_MAX_MAX_MENS', 'TEMP_MAX_ACC_MENS', 'PRECIPITAÇÃO_MAX_MENS', 'DIA_DA_SEMANA_dom', 'DIA_DA_SEMANA_qua', 'DIA_DA_SEMANA_qui', 'DIA_DA_SEMANA_seg', 'DIA_DA_SEMANA_sex', 'MÊS_abr', 'MÊS_ago', 'MÊS_jul', 'MÊS_jun', 'MÊS_mar', 'MÊS_out', 'MÊS_set', 'ANO_2021', 'ANO_2022', 'ANO_2023', 'ANO_2015', 'ANO_2019', 'CAMPUS_ASSIS CHATEAUBRIAND', 'CAMPUS_ASTORGA', 'CAMPUS_CAMPO LARGO', 'CAMPUS_CASCAVEL', 'CAMPUS_GOIOERÊ', 'CAMPUS_IRATI', 'CAMPUS_IVAIPORÃ', 'CAMPUS_JAGUARIAÍVA', 'CAMPUS_LONDRINA - CENTRO', 'CAMPUS_PARANAGUÁ', 'CAMPUS_PARANAVAÍ', 'CAMPUS_PINHAIS', 'CAMPUS_PITANGA', 'CAMPUS_QUEDAS DO IGUAÇU', 'CAMPUS_UNIÃO DA VITÓRIA', 'CURSOS_TEC_SUBSEQUENTE', 'CURSOS_GRAD_VESPERTINO', 'CURSOS_GRAD_NOTURNO', 'CURSOS_POS', 'FÉRIAS', 'FERIADO', 'ORDEM', 'LAG_02', 'LAG_03', 'LAG_07', 'LAG_08', 'LAG_09', 'LAG_10', 'LAG_12');0.31771
('TEMP_MIN_MÉD_MENS', 'TEMP_MÉD_MIN_MENS', 'TEMP_MÉD_ACC_MENS', 'TEMP_MIN_MIN_MENS', 'TEMP_MIN_ACC_MENS', 'TEMP_MAX_MIN_MENS', 'PRECIPITAÇÃO_MIN_MENS', 'TEMP_MAX_ACC_MENS', 'PRECIPITAÇÃO_MAX_MENS', 'PRECIPITAÇÃO_ACC_MENS', 'DIA_DA_SEMANA_qua', 'DIA_DA_SEMANA_seg', 'DIA_DA_SEMANA_sex', 'DIA_DA_SEMANA_sáb', 'DIA_DA_SEMANA_ter', 'MÊS_abr', 'MÊS_ago', 'MÊS_dez', 'MÊS_fev', 'MÊS_jun', 'MÊS_mai', 'MÊS_set', 'ANO_2021', 'ANO_2022', 'ANO_2023', 'ANO_2015', 'ANO_2017', 'CAMPUS_ASSIS CHATEAUBRIAND', 'CAMPUS_BARRACÃO', 'CAMPUS_CAPANEMA', 'CAMPUS_CASCAVEL', 'CAMPUS_CORONEL VIVIDA', 'CAMPUS_FOZ DO IGUAÇU', 'CAMPUS_GOIOERÊ', 'CAMPUS_IRATI', 'CAMPUS_IVAIPORÃ', 'CAMPUS_JAGUARIAÍVA', 'CAMPUS_LONDRINA - CENTRO', 'CAMPUS_PARANAGUÁ', 'CAMPUS_PARANAVAÍ', 'CAMPUS_PITANGA', 'CAMPUS_TELÊMACO BORBA', 'CAMPUS_UMUARAMA', 'CAMPUS_UNIÃO DA VITÓRIA', 'CURSOS_TEC_CONCOMITANTE', 'CURSOS_TEC_INTEGRADO', 'CURSOS_TEC_SUBSEQUENTE', 'CURSOS_GRAD_MATUTINO', 'CURSOS_GRAD_VESPERTINO', 'CURSOS_GRAD_NOTURNO', 'CURSOS_POS', 'ORDEM', 'LAG_01', 'LAG_06', 'LAG_07', 'LAG_09', 'LAG_11', 'LAG_12');0.318
('TEMP_MIN_MÉD_MENS', 'TEMP_MÉD_MIN_MENS', 'TEMP_MÉD_MAX_MENS', 'TEMP_MÉD_ACC_MENS', 'TEMP_MAX_MÉD_MENS', 'PRECIPITAÇÃO_MÉD_MENS', 'TEMP_MIN_MIN_MENS', 'TEMP_MIN_ACC_MENS', 'PRECIPITAÇÃO_MIN_MENS', 'TEMP_MAX_MAX_MENS', 'TEMP_MAX_ACC_MENS', 'PRECIPITAÇÃO_MAX_MENS', 'PRECIPITAÇÃO_ACC_MENS', 'DIA_DA_SEMANA_qua', 'DIA_DA_SEMANA_qui', 'DIA_DA_SEMANA_sex', 'DIA_DA_SEMANA_sáb', 'MÊS_abr', 'MÊS_ago', 'MÊS_dez', 'MÊS_jan', 'MÊS_jul', 'MÊS_jun', 'MÊS_mai', 'MÊS_nov', 'MÊS_out', 'MÊS_set', 'ANO_2021', 'ANO_2023', 'ANO_2016', 'ANO_2017', 'ANO_2018', 'ANO_2020', 'CAMPUS_ASSIS CHATEAUBRIAND', 'CAMPUS_ASTORGA', 'CAMPUS_BARRACÃO', 'CAMPUS_CAPANEMA', 'CAMPUS_CASCAVEL', 'CAMPUS_FOZ DO IGUAÇU', 'CAMPUS_JACAREZINHO', 'CAMPUS_LONDRINA - CENTRO', 'CAMPUS_PALMAS', 'CAMPUS_PARANAVAÍ', 'CAMPUS_PINHAIS', 'CAMPUS_PITANGA', 'CAMPUS_QUEDAS DO IGUAÇU', 'CAMPUS_UMUARAMA', 'CAMPUS_UNIÃO DA VITÓRIA', 'CURSOS_TEC_CONCOMITANTE', 'CURSOS_TEC_INTEGRADO', 'CURSOS_GRAD_NOTURNO', 'FÉRIAS', 'FERIADO', 'COVID', 'GREVE', 'LAG_02', 'LAG_03', 'LAG_04', 'LAG_08', 'LAG_09', 'LAG_10', 'LAG_11');0.31802
('TEMP_MIN_MÉD_MENS', 'TEMP_MÉD_MIN_MENS', 'TEMP_MÉD_MÉD_MENS', 'TEMP_MÉD_MAX_MENS', 'TEMP_MÉD_ACC_MENS', 'TEMP_MAX_MÉD_MENS', 'PRECIPITAÇÃO_MÉD_MENS', 'TEMP_MIN_MIN_MENS', 'TEMP_MIN_ACC_MENS', 'TEMP_MAX_MIN_MENS', 'PRECIPITAÇÃO_MIN_MENS', 'TEMP_MAX_ACC_MENS', 'DIA_DA_SEMANA_qui', 'DIA_DA_SEMANA_seg', 'DIA_DA_SEMANA_sex', 'DIA_DA_SEMANA_ter', 'MÊS_ago', 'MÊS_jan', 'MÊS_jul', 'MÊS_jun', 'MÊS_mai', 'MÊS_mar', 'MÊS_nov', 'ANO_2021', 'ANO_2022', 'ANO_2023', 'ANO_2024', 'ANO_2015', 'ANO_2017', 'ANO_2018', 'ANO_2019', 'ANO_2020', 'CAMPUS_ASTORGA', 'CAMPUS_BARRACÃO', 'CAMPUS_CAPANEMA', 'CAMPUS_FOZ DO IGUAÇU', 'CAMPUS_IRATI', 'CAMPUS_IVAIPORÃ', 'CAMPUS_JAGUARIAÍVA', 'CAMPUS_LONDRINA - CENTRO', 'CAMPUS_PARANAGUÁ', 'CAMPUS_PITANGA', 'CAMPUS_TELÊMACO BORBA', 'CAMPUS_UMUARAMA', 'CURSOS_TEC_CONCOMITANTE', 'CURSOS_TEC_INTEGRADO', 'CURSOS_GRAD_VESPERTINO', 'CURSOS_POS', 'FERIADO', 'COVID', 'GREVE', 'LAG_02', 'LAG_07', 'LAG_10', 'LAG_11', 'LAG_12');0.31808
('TEMP_MIN_MÉD_MENS', 'TEMP_MÉD_MIN_MENS', 'TEMP_MÉD_MAX_MENS', 'TEMP_MÉD_ACC_MENS', 'PRECIPITAÇÃO_MÉD_MENS', 'TEMP_MIN_MAX_MENS', 'TEMP_MIN_ACC_MENS', 'TEMP_MAX_MAX_MENS', 'PRECIPITAÇÃO_ACC_MENS', 'DIA_DA_SEMANA_qua', 'DIA_DA_SEMANA_qui', 'DIA_DA_SEMANA_seg', 'DIA_DA_SEMANA_sex', 'DIA_DA_SEMANA_sáb', 'DIA_DA_SEMANA_ter', 'MÊS_abr', 'MÊS_dez', 'MÊS_jan', 'MÊS_jul', 'MÊS_mai', 'MÊS_mar', 'MÊS_nov', 'MÊS_out', 'ANO_2015', 'ANO_2017', 'CAMPUS_ASSIS CHATEAUBRIAND', 'CAMPUS_ASTORGA', 'CAMPUS_BARRACÃO', 'CAMPUS_CAMPO LARGO', 'CAMPUS_CAPANEMA', 'CAMPUS_CASCAVEL', 'CAMPUS_CORONEL VIVIDA', 'CAMPUS_FOZ DO IGUAÇU', 'CAMPUS_IRATI', 'CAMPUS_IVAIPORÃ', 'CAMPUS_JACAREZINHO', 'CAMPUS_JAGUARIAÍVA', 'CAMPUS_PALMAS', 'CAMPUS_PARANAVAÍ', 'CAMPUS_PITANGA', 'CAMPUS_QUEDAS DO IGUAÇU', 'CAMPUS_TELÊMACO BORBA', 'CURSOS_TEC_CONCOMITANTE', 'CURSOS_TEC_INTEGRADO', 'CURSOS_GRAD_MATUTINO', 'CURSOS_GRAD_VESPERTINO', 'CURSOS_POS', 'FERIADO', 'COVID', 'LAG_01', 'LAG_02', 'LAG_03', 'LAG_08', 'LAG_10', 'LAG_12');0.3181
('TEMP_MIN_MÉD_MENS', 'TEMP_MÉD_MIN_MENS', 'TEMP_MÉD_MAX_MENS', 'PRECIPITAÇÃO_MÉD_MENS', 'TEMP_MIN_MIN_MENS', 'TEMP_MAX_MIN_MENS', 'PRECIPITAÇÃO_MIN_MENS', 'PRECIPITAÇÃO_MAX_MENS', 'PRECIPITAÇÃO_ACC_MENS', 'DIA_DA_SEMANA_qui', 'DIA_DA_SEMANA_seg', 'DIA_DA_SEMANA_sex', 'DIA_DA_SEMANA_sáb', 'MÊS_abr', 'MÊS_ago', 'MÊS_dez', 'MÊS_mai', 'ANO_2021', 'ANO_2023', 'ANO_2016', 'ANO_2017', 'ANO_2019', 'ANO_2020', 'CAMPUS_BARRACÃO', 'CAMPUS_CAMPO LARGO', 'CAMPUS_CASCAVEL', 'CAMPUS_CORONEL VIVIDA', 'CAMPUS_CURITIBA', 'CAMPUS_FOZ DO IGUAÇU', 'CAMPUS_PALMAS', 'CAMPUS_PARANAVAÍ', 'CAMPUS_PINHAIS', 'CAMPUS_QUEDAS DO IGUAÇU', 'CAMPUS_TELÊMACO BORBA', 'CURSOS_TEC_CONCOMITANTE', 'CURSOS_GRAD_MATUTINO', 'CURSOS_GRAD_NOTURNO', 'CURSOS_POS', 'FERIADO', 'ORDEM', 'LAG_01', 'LAG_02', 'LAG_03', 'LAG_04', 'LAG_05', 'LAG_06', 'LAG_07', 'LAG_08', 'LAG_10', 'LAG_11', 'LAG_12');0.31821
('TEMP_MIN_MÉD_MENS', 'TEMP_MÉD_MIN_MENS', 'TEMP_MÉD_MÉD_MENS', 'TEMP_MÉD_MAX_MENS', 'TEMP_MÉD_ACC_MENS', 'TEMP_MAX_MIN_MENS', 'PRECIPITAÇÃO_MIN_MENS', 'PRECIPITAÇÃO_MAX_MENS', 'PRECIPITAÇÃO_ACC_MENS', 'DIA_DA_SEMANA_dom', 'DIA_DA_SEMANA_qua', 'DIA_DA_SEMANA_qui', 'DIA_DA_SEMANA_seg', 'MÊS_abr', 'MÊS_ago', 'MÊS_dez', 'MÊS_fev', 'MÊS_jul', 'MÊS_jun', 'MÊS_mai', 'MÊS_mar', 'MÊS_out', 'MÊS_set', 'ANO_2022', 'ANO_2024', 'ANO_2015', 'ANO_2016', 'ANO_2018', 'ANO_2019', 'CAMPUS_BARRACÃO', 'CAMPUS_CAMPO LARGO', 'CAMPUS_CAPANEMA', 'CAMPUS_CORONEL VIVIDA', 'CAMPUS_GOIOERÊ', 'CAMPUS_IRATI', 'CAMPUS_JAGUARIAÍVA', 'CAMPUS_PALMAS', 'CAMPUS_PARANAGUÁ', 'CAMPUS_PARANAVAÍ', 'CAMPUS_PINHAIS', 'CAMPUS_PITANGA', 'CAMPUS_QUEDAS DO IGUAÇU', 'CAMPUS_TELÊMACO BORBA', 'CAMPUS_UMUARAMA', 'CURSOS_TEC_INTEGRADO', 'CURSOS_TEC_SUBSEQUENTE', 'CURSOS_GRAD_MATUTINO', 'CURSOS_GRAD_VESPERTINO', 'CURSOS_GRAD_NOTURNO', 'CURSOS_POS', 'FERIADO', 'ORDEM', 'LAG_01', 'LAG_03', 'LAG_04', 'LAG_05', 'LAG_06', 'LAG_08', 'LAG_10', 'LAG_12');0.31826
('TEMP_MIN_MÉD_MENS', 'TEMP_MÉD_MIN_MENS', 'TEMP_MÉD_MAX_MENS', 'TEMP_MÉD_ACC_MENS', 'TEMP_MAX_MÉD_MENS', 'PRECIPITAÇÃO_MÉD_MENS', 'TEMP_MIN_MAX_MENS', 'TEMP_MIN_ACC_MENS', 'TEMP_MAX_MIN_MENS', 'PRECIPITAÇÃO_MIN_MENS', 'PRECIPITAÇÃO_ACC_MENS', 'DIA_DA_SEMANA_qua', 'DIA_DA_SEMANA_seg', 'DIA_DA_SEMANA_ter', 'MÊS_ago', 'MÊS_jul', 'MÊS_jun', 'MÊS_mai', 'MÊS_mar', 'MÊS_nov', 'MÊS_set', 'ANO_2021', 'ANO_2022', 'ANO_2023', 'ANO_2024', 'ANO_2016', 'ANO_2017', 'ANO_2018', 'ANO_2019', 'ANO_2020', 'CAMPUS_ASTORGA', 'CAMPUS_CAMPO LARGO', 'CAMPUS_CAPANEMA', 'CAMPUS_CASCAVEL', 'CAMPUS_GOIOERÊ', 'CAMPUS_IRATI', 'CAMPUS_IVAIPORÃ', 'CAMPUS_JAGUARIAÍVA', 'CAMPUS_LONDRINA - CENTRO', 'CAMPUS_PARANAGUÁ', 'CAMPUS_PARANAVAÍ', 'CAMPUS_PINHAIS', 'CAMPUS_PITANGA', 'CAMPUS_QUEDAS DO IGUAÇU', 'CAMPUS_TELÊMACO BORBA', 'CAMPUS_UMUARAMA', 'CURSOS_TEC_CONCOMITANTE', 'CURSOS_GRAD_VESPERTINO', 'FERIADO', 'LAG_01', 'LAG_03', 'LAG_04', 'LAG_05', 'LAG_06', 'LAG_07', 'LAG_08', 'LAG_09', 'LAG_10', 'LAG_11', 'LAG_12');0.31833
('TEMP_MIN_MÉD_MENS', 'TEMP_MÉD_MIN_MENS', 'TEMP_MÉD_ACC_MENS', 'PRECIPITAÇÃO_MÉD_MENS', 'TEMP_MIN_MIN_MENS', 'TEMP_MIN_ACC_MENS', 'TEMP_MAX_MIN_MENS', 'TEMP_MAX_MAX_MENS', 'PRECIPITAÇÃO_ACC_MENS', 'DIA_DA_SEMANA_qua', 'DIA_DA_SEMANA_sex', 'DIA_DA_SEMANA_sáb', 'DIA_DA_SEMANA_ter', 'MÊS_abr', 'MÊS_ago', 'MÊS_dez', 'MÊS_fev', 'MÊS_jan', 'MÊS_jul', 'MÊS_mar', 'MÊS_nov', 'ANO_2022', 'ANO_2023', 'ANO_2024', 'ANO_2016', 'ANO_2017', 'ANO_2018', 'ANO_2020', 'CAMPUS_CASCAVEL', 'CAMPUS_CURITIBA', 'CAMPUS_FOZ DO IGUAÇU', 'CAMPUS_JACAREZINHO', 'CAMPUS_JAGUARIAÍVA', 'CAMPUS_PARANAVAÍ', 'CAMPUS_PITANGA', 'CAMPUS_TELÊMACO BORBA', 'CAMPUS_UNIÃO DA VITÓRIA', 'CURSOS_TEC_CONCOMITANTE', 'CURSOS_TEC_INTEGRADO', 'CURSOS_GRAD_NOTURNO', 'FERIADO', 'GREVE', 'ORDEM', 'LAG_01', 'LAG_02', 'LAG_04', 'LAG_07', 'LAG_09', 'LAG_10', 'LAG_12');0.31838
('TEMP_MÉD_MIN_MENS', 'TEMP_MÉD_MÉD_MENS', 'TEMP_MÉD_ACC_MENS', 'PRECIPITAÇÃO_MÉD_MENS', 'TEMP_MIN_MIN_MENS', 'TEMP_MIN_ACC_MENS', 'TEMP_MAX_MIN_MENS', 'TEMP_MAX_MAX_MENS', 'TEMP_MAX_ACC_MENS', 'PRECIPITAÇÃO_MAX_MENS', 'DIA_DA_SEMANA_qua', 'DIA_DA_SEMANA_seg', 'DIA_DA_SEMANA_sáb', 'DIA_DA_SEMANA_ter', 'MÊS_ago', 'MÊS_dez', 'MÊS_fev', 'MÊS_jun', 'MÊS_mai', 'MÊS_mar', 'MÊS_nov', 'MÊS_set', 'ANO_2021', 'ANO_2023', 'ANO_2016', 'ANO_2020', 'CAMPUS_ASSIS CHATEAUBRIAND', 'CAMPUS_ASTORGA', 'CAMPUS_BARRACÃO', 'CAMPUS_CASCAVEL', 'CAMPUS_CURITIBA', 'CAMPUS_IRATI', 'CAMPUS_JAGUARIAÍVA', 'CAMPUS_LONDRINA - CENTRO', 'CAMPUS_PALMAS', 'CAMPUS_PARANAGUÁ', 'CAMPUS_PARANAVAÍ', 'CAMPUS_PINHAIS', 'CAMPUS_PITANGA', 'CAMPUS_UNIÃO DA VITÓRIA', 'CURSOS_TEC_CONCOMITANTE', 'CURSOS_GRAD_MATUTINO', 'CURSOS_POS', 'FERIADO', 'LAG_01', 'LAG_06', 'LAG_10', 'LAG_12');0.31849
('TEMP_MIN_MÉD_MENS', 'TEMP_MÉD_MAX_MENS', 'TEMP_MÉD_ACC_MENS', 'TEMP_MAX_MÉD_MENS', 'TEMP_MIN_MIN_MENS', 'TEMP_MIN_ACC_MENS', 'TEMP_MAX_MIN_MENS', 'TEMP_MAX_MAX_MENS', 'PRECIPITAÇÃO_MAX_MENS', 'PRECIPITAÇÃO_ACC_MENS', 'DIA_DA_SEMANA_seg', 'DIA_DA_SEMANA_sex', 'MÊS_ago', 'MÊS_jan', 'MÊS_jul', 'MÊS_mar', 'MÊS_out', 'ANO_2023', 'ANO_2016', 'ANO_2017', 'ANO_2018', 'ANO_2019', 'CAMPUS_ASSIS CHATEAUBRIAND', 'CAMPUS_BARRACÃO', 'CAMPUS_CAMPO LARGO', 'CAMPUS_CASCAVEL', 'CAMPUS_CORONEL VIVIDA', 'CAMPUS_CURITIBA', 'CAMPUS_GOIOERÊ', 'CAMPUS_IRATI', 'CAMPUS_JACAREZINHO', 'CAMPUS_JAGUARIAÍVA', 'CAMPUS_LONDRINA - CENTRO', 'CAMPUS_PALMAS', 'CAMPUS_PARANAGUÁ', 'CAMPUS_PARANAVAÍ', 'CAMPUS_PINHAIS', 'CAMPUS_PITANGA', 'CAMPUS_QUEDAS DO IGUAÇU', 'CAMPUS_UMUARAMA', 'CURSOS_TEC_INTEGRADO', 'CURSOS_TEC_SUBSEQUENTE', 'CURSOS_GRAD_VESPERTINO', 'CURSOS_GRAD_NOTURNO', 'COVID', 'GREVE', 'ORDEM', 'LAG_02', 'LAG_05', 'LAG_07', 'LAG_08', 'LAG_09', 'LAG_11');0.3186
('TEMP_MÉD_MÉD_MENS', 'TEMP_MÉD_MAX_MENS', 'TEMP_MAX_MÉD_MENS', 'PRECIPITAÇÃO_MÉD_MENS', 'TEMP_MIN_ACC_MENS', 'TEMP_MAX_MIN_MENS', 'DIA_DA_SEMANA_qui', 'DIA_DA_SEMANA_seg', 'DIA_DA_SEMANA_sex', 'DIA_DA_SEMANA_ter', 'MÊS_abr', 'MÊS_ago', 'MÊS_jan', 'MÊS_jun', 'MÊS_mai', 'MÊS_mar', 'MÊS_out', 'MÊS_set', 'ANO_2015', 'ANO_2018', 'ANO_2020', 'CAMPUS_ASTORGA', 'CAMPUS_BARRACÃO', 'CAMPUS_CAMPO LARGO', 'CAMPUS_CAPANEMA', 'CAMPUS_CASCAVEL', 'CAMPUS_CURITIBA', 'CAMPUS_FOZ DO IGUAÇU', 'CAMPUS_GOIOERÊ', 'CAMPUS_IRATI', 'CAMPUS_JACAREZINHO', 'CAMPUS_JAGUARIAÍVA', 'CAMPUS_LONDRINA - CENTRO', 'CAMPUS_QUEDAS DO IGUAÇU', 'CAMPUS_TELÊMACO BORBA', 'CAMPUS_UMUARAMA', 'CURSOS_TEC_INTEGRADO', 'CURSOS_TEC_SUBSEQUENTE', 'CURSOS_GRAD_NOTURNO', 'FÉRIAS', 'COVID', 'GREVE', 'LAG_02', 'LAG_04', 'LAG_05', 'LAG_07', 'LAG_08', 'LAG_11', 'LAG_12');0.31861
('TEMP_MIN_MÉD_MENS', 'TEMP_MÉD_MIN_MENS', 'TEMP_MÉD_MÉD_MENS', 'TEMP_MÉD_ACC_MENS', 'TEMP_MAX_MÉD_MENS', 'PRECIPITAÇÃO_MÉD_MENS', 'TEMP_MIN_ACC_MENS', 'TEMP_MAX_MIN_MENS', 'PRECIPITAÇÃO_MIN_MENS', 'TEMP_MAX_ACC_MENS', 'PRECIPITAÇÃO_MAX_MENS', 'PRECIPITAÇÃO_ACC_MENS', 'DIA_DA_SEMANA_dom', 'DIA_DA_SEMANA_qua', 'DIA_DA_SEMANA_seg', 'DIA_DA_SEMANA_ter', 'MÊS_abr', 'MÊS_dez', 'MÊS_fev', 'MÊS_mai', 'MÊS_out', 'MÊS_set', 'ANO_2021', 'ANO_2022', 'ANO_2023', 'ANO_2024', 'ANO_2017', 'ANO_2018', 'ANO_2020', 'CAMPUS_ASSIS CHATEAUBRIAND', 'CAMPUS_BARRACÃO', 'CAMPUS_CAMPO LARGO', 'CAMPUS_CASCAVEL', 'CAMPUS_CURITIBA', 'CAMPUS_GOIOERÊ', 'CAMPUS_IRATI', 'CAMPUS_IVAIPORÃ', 'CAMPUS_JAGUARIAÍVA', 'CAMPUS_PALMAS', 'CAMPUS_PARANAGUÁ', 'CAMPUS_PARANAVAÍ', 'CAMPUS_TELÊMACO BORBA', 'CAMPUS_UNIÃO DA VITÓRIA', 'CURSOS_TEC_CONCOMITANTE', 'CURSOS_TEC_INTEGRADO', 'CURSOS_TEC_SUBSEQUENTE', 'CURSOS_GRAD_NOTURNO', 'CURSOS_POS', 'GREVE', 'LAG_02', 'LAG_03', 'LAG_06', 'LAG_07', 'LAG_08', 'LAG_09', 'LAG_10');0.3187
('TEMP_MIN_MÉD_MENS', 'TEMP_MÉD_MIN_MENS', 'TEMP_MÉD_ACC_MENS', 'TEMP_MIN_MAX_MENS', 'TEMP_MAX_MIN_MENS', 'PRECIPITAÇÃO_MIN_MENS', 'TEMP_MAX_MAX_MENS', 'TEMP_MAX_ACC_MENS', 'PRECIPITAÇÃO_MAX_MENS', 'PRECIPITAÇÃO_ACC_MENS', 'DIA_DA_SEMANA_qui', 'DIA_DA_SEMANA_sex', 'DIA_DA_SEMANA_sáb', 'MÊS_abr', 'MÊS_ago', 'MÊS_fev', 'MÊS_jul', 'MÊS_mai', 'MÊS_mar', 'MÊS_nov', 'MÊS_set', 'ANO_2022', 'ANO_2017', 'ANO_2018', 'ANO_2020', 'CAMPUS_ASTORGA', 'CAMPUS_CAMPO LARGO', 'CAMPUS_CASCAVEL', 'CAMPUS_CORONEL VIVIDA', 'CAMPUS_FOZ DO IGUAÇU', 'CAMPUS_IRATI', 'CAMPUS_JAGUARIAÍVA', 'CAMPUS_PALMAS', 'CAMPUS_PARANAGUÁ', 'CAMPUS_PARANAVAÍ', 'CAMPUS_PINHAIS', 'CAMPUS_QUEDAS DO IGUAÇU', 'CAMPUS_TELÊMACO BORBA', 'CAMPUS_UNIÃO DA VITÓRIA', 'CURSOS_TEC_INTEGRADO', 'CURSOS_GRAD_MATUTINO', 'CURSOS_GRAD_NOTURNO', 'FERIADO', 'COVID', 'LAG_03', 'LAG_04', 'LAG_05', 'LAG_09', 'LAG_12');0.31878
('TEMP_MIN_MÉD_MENS', 'TEMP_MÉD_MÉD_MENS', 'TEMP_MÉD_MAX_MENS', 'TEMP_MAX_MÉD_MENS', 'PRECIPITAÇÃO_MÉD_MENS', 'TEMP_MIN_MIN_MENS', 'PRECIPITAÇÃO_MIN_MENS', 'TEMP_MAX_MAX_MENS', 'TEMP_MAX_ACC_MENS', 'PRECIPITAÇÃO_ACC_MENS', 'DIA_DA_SEMANA_qui', 'DIA_DA_SEMANA_seg', 'DIA_DA_SEMANA_sex', 'DIA_DA_SEMANA_sáb', 'DIA_DA_SEMANA_ter', 'MÊS_abr', 'MÊS_fev', 'MÊS_jul', 'MÊS_mar', 'MÊS_nov', 'MÊS_out', 'ANO_2024', 'ANO_2017', 'ANO_2019', 'ANO_2020', 'CAMPUS_ASSIS CHATEAUBRIAND', 'CAMPUS_ASTORGA', 'CAMPUS_BARRACÃO', 'CAMPUS_CAPANEMA', 'CAMPUS_CASCAVEL', 'CAMPUS_IVAIPORÃ', 'CAMPUS_JAGUARIAÍVA', 'CAMPUS_LONDRINA - CENTRO', 'CAMPUS_PALMAS', 'CAMPUS_PARANAGUÁ', 'CAMPUS_PINHAIS', 'CAMPUS_PITANGA', 'CAMPUS_QUEDAS DO IGUAÇU', 'CAMPUS_UMUARAMA', 'CURSOS_TEC_CONCOMITANTE', 'CURSOS_TEC_INTEGRADO', 'CURSOS_TEC_SUBSEQUENTE', 'CURSOS_GRAD_VESPERTINO', 'FERIADO', 'COVID', 'ORDEM', 'LAG_02', 'LAG_03', 'LAG_04', 'LAG_08', 'LAG_10');0.31891
('TEMP_MIN_MÉD_MENS', 'TEMP_MÉD_MÉD_MENS', 'TEMP_MÉD_MAX_MENS', 'TEMP_MAX_MÉD_MENS', 'TEMP_MIN_MIN_MENS', 'TEMP_MAX_MAX_MENS', 'TEMP_MAX_ACC_MENS', 'PRECIPITAÇÃO_MAX_MENS', 'PRECIPITAÇÃO_ACC_MENS', 'DIA_DA_SEMANA_dom', 'DIA_DA_SEMANA_qua', 'DIA_DA_SEMANA_qui', 'DIA_DA_SEMANA_seg', 'DIA_DA_SEMANA_sáb', 'DIA_DA_SEMANA_ter', 'MÊS_abr', 'MÊS_ago', 'MÊS_fev', 'MÊS_jul', 'MÊS_jun', 'MÊS_mai', 'MÊS_nov', 'MÊS_out', 'MÊS_set', 'ANO_2021', 'ANO_2022', 'ANO_2023', 'ANO_2017', 'ANO_2018', 'ANO_2019', 'ANO_2020', 'CAMPUS_ASSIS CHATEAUBRIAND', 'CAMPUS_ASTORGA', 'CAMPUS_CAMPO LARGO', 'CAMPUS_CORONEL VIVIDA', 'CAMPUS_FOZ DO IGUAÇU', 'CAMPUS_IRATI', 'CAMPUS_IVAIPORÃ', 'CAMPUS_JACAREZINHO', 'CAMPUS_JAGUARIAÍVA', 'CAMPUS_LONDRINA - CENTRO', 'CAMPUS_PARANAGUÁ', 'CAMPUS_PARANAVAÍ', 'CAMPUS_PINHAIS', 'CAMPUS_TELÊMACO BORBA', 'CAMPUS_UMUARAMA', 'CAMPUS_UNIÃO DA VITÓRIA', 'CURSOS_TEC_SUBSEQUENTE', 'CURSOS_GRAD_MATUTINO', 'CURSOS_GRAD_VESPERTINO', 'CURSOS_GRAD_NOTURNO', 'CURSOS_POS', 'FERIADO', 'LAG_01', 'LAG_04', 'LAG_05', 'LAG_07', 'LAG_08', 'LAG_09', 'LAG_10', 'LAG_12');0.31925
('TEMP_MÉD_MIN_MENS', 'TEMP_MÉD_MÉD_MENS', 'TEMP_MÉD_ACC_MENS', 'TEMP_MAX_MÉD_MENS', 'PRECIPITAÇÃO_MÉD_MENS', 'TEMP_MIN_MIN_MENS', 'TEMP_MIN_MAX_MENS', 'TEMP_MIN_ACC_MENS', 'TEMP_MAX_MAX_MENS', 'TEMP_MAX_ACC_MENS', 'PRECIPITAÇÃO_MAX_MENS', 'PRECIPITAÇÃO_ACC_MENS', 'DIA_DA_SEMANA_qui', 'DIA_DA_SEMANA_seg', 'DIA_DA_SEMANA_sex', 'DIA_DA_SEMANA_sáb', 'DIA_DA_SEMANA_ter', 'MÊS_ago', 'MÊS_dez', 'MÊS_jan', 'MÊS_jul', 'MÊS_mai', 'MÊS_mar', 'ANO_2021', 'ANO_2023', 'ANO_2015', 'ANO_2016', 'ANO_2017', 'ANO_2018', 'CAMPUS_ASTORGA', 'CAMPUS_BARRACÃO', 'CAMPUS_CAPANEMA', 'CAMPUS_CASCAVEL', 'CAMPUS_CORONEL VIVIDA', 'CAMPUS_GOIOERÊ', 'CAMPUS_IRATI', 'CAMPUS_IVAIPORÃ', 'CAMPUS_JACAREZINHO', 'CAMPUS_PARANAVAÍ', 'CAMPUS_PINHAIS', 'CAMPUS_QUEDAS DO IGUAÇU', 'CAMPUS_UMUARAMA', 'CAMPUS_UNIÃO DA VITÓRIA', 'CURSOS_TEC_INTEGRADO', 'CURSOS_GRAD_VESPERTINO', 'CURSOS_GRAD_NOTURNO', 'FERIADO', 'ORDEM', 'LAG_02', 'LAG_08', 'LAG_09', 'LAG_10', 'LAG_12');0.31934
('TEMP_MAX_MÉD_MENS', 'PRECIPITAÇÃO_MIN_MENS', 'TEMP_MAX_ACC_MENS', 'PRECIPITAÇÃO_MAX_MENS', 'DIA_DA_SEMANA_qui', 'DIA_DA_SEMANA_sex', 'DIA_DA_SEMANA_sáb', 'DIA_DA_SEMANA_ter', 'MÊS_abr', 'MÊS_dez', 'MÊS_fev', 'MÊS_jul', 'MÊS_jun', 'MÊS_mai', 'MÊS_nov', 'MÊS_out', 'MÊS_set', 'ANO_2023', 'ANO_2024', 'ANO_2015', 'ANO_2016', 'ANO_2017', 'ANO_2018', 'ANO_2019', 'ANO_2020', 'CAMPUS_ASTORGA', 'CAMPUS_BARRACÃO', 'CAMPUS_CAMPO LARGO', 'CAMPUS_GOIOERÊ', 'CAMPUS_IVAIPORÃ', 'CAMPUS_PARANAGUÁ', 'CAMPUS_PARANAVAÍ', 'CAMPUS_PINHAIS', 'CAMPUS_PITANGA', 'CAMPUS_TELÊMACO BORBA', 'CAMPUS_UMUARAMA', 'CURSOS_TEC_CONCOMITANTE', 'CURSOS_TEC_INTEGRADO', 'CURSOS_POS', 'FERIADO', 'COVID', 'GREVE', 'LAG_02', 'LAG_03', 'LAG_07', 'LAG_08', 'LAG_09', 'LAG_10', 'LAG_12');0.3194
('TEMP_MIN_MÉD_MENS', 'TEMP_MÉD_MÉD_MENS', 'TEMP_MÉD_ACC_MENS', 'TEMP_MIN_MIN_MENS', 'TEMP_MIN_MAX_MENS', 'TEMP_MAX_MIN_MENS', 'TEMP_MAX_MAX_MENS', 'TEMP_MAX_ACC_MENS', 'DIA_DA_SEMANA_dom', 'DIA_DA_SEMANA_qua', 'DIA_DA_SEMANA_qui', 'DIA_DA_SEMANA_seg', 'DIA_DA_SEMANA_sex', 'DIA_DA_SEMANA_sáb', 'MÊS_ago', 'MÊS_jul', 'MÊS_jun', 'MÊS_mai', 'MÊS_mar', 'MÊS_nov', 'ANO_2021', 'ANO_2015', 'ANO_2017', 'ANO_2018', 'ANO_2019', 'CAMPUS_ASSIS CHATEAUBRIAND', 'CAMPUS_ASTORGA', 'CAMPUS_BARRACÃO', 'CAMPUS_CAMPO LARGO', 'CAMPUS_CURITIBA', 'CAMPUS_FOZ DO IGUAÇU', 'CAMPUS_IVAIPORÃ', 'CAMPUS_JACAREZINHO', 'CAMPUS_JAGUARIAÍVA', 'CAMPUS_PALMAS', 'CAMPUS_PINHAIS', 'CAMPUS_PITANGA', 'CAMPUS_UMUARAMA', 'CAMPUS_UNIÃO DA VITÓRIA', 'CURSOS_TEC_CONCOMITANTE', 'CURSOS_TEC_SUBSEQUENTE', 'CURSOS_GRAD_VESPERTINO', 'CURSOS_GRAD_NOTURNO', 'FÉRIAS', 'FERIADO', 'LAG_01', 'LAG_04', 'LAG_06', 'LAG_08', 'LAG_11', 'LAG_12');0.3194
('TEMP_MÉD_MIN_MENS', 'TEMP_MÉD_ACC_MENS', 'TEMP_MIN_MIN_MENS', 'TEMP_MAX_MIN_MENS', 'PRECIPITAÇÃO_MIN_MENS', 'TEMP_MAX_MAX_MENS', 'PRECIPITAÇÃO_MAX_MENS', 'PRECIPITAÇÃO_ACC_MENS', 'DIA_DA_SEMANA_dom', 'DIA_DA_SEMANA_qua', 'DIA_DA_SEMANA_qui', 'DIA_DA_SEMANA_seg', 'DIA_DA_SEMANA_sex', 'DIA_DA_SEMANA_sáb', 'DIA_DA_SEMANA_ter', 'MÊS_ago', 'MÊS_dez', 'MÊS_jan', 'MÊS_jul', 'MÊS_jun', 'MÊS_mai', 'MÊS_nov', 'MÊS_out', 'ANO_2021', 'ANO_2022', 'ANO_2023', 'ANO_2015', 'ANO_2016', 'ANO_2017', 'ANO_2020', 'CAMPUS_BARRACÃO', 'CAMPUS_CAMPO LARGO', 'CAMPUS_CASCAVEL', 'CAMPUS_IRATI', 'CAMPUS_IVAIPORÃ', 'CAMPUS_JACAREZINHO', 'CAMPUS_LONDRINA - CENTRO', 'CAMPUS_PALMAS', 'CAMPUS_PITANGA', 'CAMPUS_QUEDAS DO IGUAÇU', 'CAMPUS_TELÊMACO BORBA', 'CAMPUS_UNIÃO DA VITÓRIA', 'CURSOS_TEC_CONCOMITANTE', 'CURSOS_TEC_INTEGRADO', 'CURSOS_TEC_SUBSEQUENTE', 'GREVE', 'LAG_01', 'LAG_07', 'LAG_09', 'LAG_10', 'LAG_12');0.31947
('TEMP_MIN_MÉD_MENS', 'TEMP_MÉD_MIN_MENS', 'TEMP_MÉD_MAX_MENS', 'TEMP_MÉD_ACC_MENS', 'TEMP_MAX_MÉD_MENS', 'PRECIPITAÇÃO_MÉD_MENS', 'TEMP_MIN_MIN_MENS', 'TEMP_MIN_MAX_MENS', 'TEMP_MIN_ACC_MENS', 'TEMP_MAX_ACC_MENS', 'DIA_DA_SEMANA_dom', 'DIA_DA_SEMANA_qua', 'DIA_DA_SEMANA_seg', 'DIA_DA_SEMANA_sáb', 'DIA_DA_SEMANA_ter', 'MÊS_abr', 'MÊS_ago', 'MÊS_fev', 'MÊS_jan', 'MÊS_jul', 'MÊS_jun', 'MÊS_mai', 'MÊS_nov', 'MÊS_out', 'MÊS_set', 'ANO_2021', 'ANO_2023', 'ANO_2015', 'ANO_2020', 'CAMPUS_BARRACÃO', 'CAMPUS_CORONEL VIVIDA', 'CAMPUS_CURITIBA', 'CAMPUS_FOZ DO IGUAÇU', 'CAMPUS_GOIOERÊ', 'CAMPUS_IRATI', 'CAMPUS_IVAIPORÃ', 'CAMPUS_JACAREZINHO', 'CAMPUS_JAGUARIAÍVA', 'CAMPUS_PARANAVAÍ', 'CAMPUS_PINHAIS', 'CURSOS_TEC_CONCOMITANTE', 'CURSOS_TEC_INTEGRADO', 'CURSOS_GRAD_MATUTINO', 'CURSOS_GRAD_VESPERTINO', 'CURSOS_GRAD_NOTURNO', 'CURSOS_POS', 'FERIADO', 'ORDEM', 'LAG_02', 'LAG_03', 'LAG_07', 'LAG_12');0.31976
('TEMP_MÉD_MIN_MENS', 'TEMP_MÉD_MÉD_MENS', 'TEMP_MÉD_MAX_MENS', 'TEMP_MÉD_ACC_MENS', 'TEMP_MAX_MÉD_MENS', 'PRECIPITAÇÃO_MÉD_MENS', 'TEMP_MIN_MAX_MENS', 'TEMP_MIN_ACC_MENS', 'TEMP_MAX_MAX_MENS', 'TEMP_MAX_ACC_MENS', 'DIA_DA_SEMANA_qua', 'DIA_DA_SEMANA_qui', 'DIA_DA_SEMANA_seg', 'DIA_DA_SEMANA_sex', 'DIA_DA_SEMANA_ter', 'MÊS_abr', 'MÊS_dez', 'MÊS_jan', 'MÊS_jul', 'MÊS_jun', 'MÊS_mai', 'MÊS_mar', 'MÊS_set', 'ANO_2023', 'ANO_2024', 'ANO_2016', 'ANO_2018', 'ANO_2020', 'CAMPUS_ASSIS CHATEAUBRIAND', 'CAMPUS_ASTORGA', 'CAMPUS_CORONEL VIVIDA', 'CAMPUS_FOZ DO IGUAÇU', 'CAMPUS_GOIOERÊ', 'CAMPUS_JACAREZINHO', 'CAMPUS_JAGUARIAÍVA', 'CAMPUS_PALMAS', 'CAMPUS_PARANAGUÁ', 'CAMPUS_PINHAIS', 'CAMPUS_TELÊMACO BORBA', 'CURSOS_TEC_CONCOMITANTE', 'CURSOS_TEC_SUBSEQUENTE', 'CURSOS_GRAD_MATUTINO', 'CURSOS_GRAD_VESPERTINO', 'COVID', 'GREVE', 'ORDEM', 'LAG_02', 'LAG_04', 'LAG_07', 'LAG_08', 'LAG_09', 'LAG_11', 'LAG_12');0.31978
('TEMP_MIN_MÉD_MENS', 'TEMP_MÉD_MÉD_MENS', 'PRECIPITAÇÃO_MÉD_MENS', 'TEMP_MIN_MIN_MENS', 'TEMP_MIN_MAX_MENS', 'TEMP_MIN_ACC_MENS', 'PRECIPITAÇÃO_MIN_MENS', 'TEMP_MAX_MAX_MENS', 'TEMP_MAX_ACC_MENS', 'PRECIPITAÇÃO_MAX_MENS', 'PRECIPITAÇÃO_ACC_MENS', 'DIA_DA_SEMANA_dom', 'DIA_DA_SEMANA_qua', 'DIA_DA_SEMANA_seg', 'DIA_DA_SEMANA_sex', 'DIA_DA_SEMANA_sáb', 'DIA_DA_SEMANA_ter', 'MÊS_abr', 'MÊS_jan', 'MÊS_mai', 'MÊS_mar', 'MÊS_nov', 'MÊS_out', 'MÊS_set', 'ANO_2021', 'ANO_2023', 'ANO_2015', 'ANO_2018', 'ANO_2019', 'CAMPUS_ASSIS CHATEAUBRIAND', 'CAMPUS_ASTORGA', 'CAMPUS_CAPANEMA', 'CAMPUS_CASCAVEL', 'CAMPUS_CURITIBA', 'CAMPUS_GOIOERÊ', 'CAMPUS_IRATI', 'CAMPUS_JACAREZINHO', 'CAMPUS_LONDRINA - CENTRO', 'CAMPUS_PALMAS', 'CAMPUS_PARANAGUÁ', 'CAMPUS_PARANAVAÍ', 'CAMPUS_PITANGA', 'CAMPUS_QUEDAS DO IGUAÇU', 'CAMPUS_TELÊMACO BORBA', 'CAMPUS_UMUARAMA', 'CAMPUS_UNIÃO DA VITÓRIA', 'CURSOS_TEC_CONCOMITANTE', 'CURSOS_GRAD_MATUTINO', 'CURSOS_GRAD_VESPERTINO', 'CURSOS_GRAD_NOTURNO', 'CURSOS_POS', 'FÉRIAS', 'GREVE', 'LAG_03', 'LAG_04', 'LAG_05', 'LAG_09', 'LAG_10', 'LAG_11', 'LAG_12');0.3199
('TEMP_MIN_MÉD_MENS', 'TEMP_MÉD_MIN_MENS', 'TEMP_MÉD_MAX_MENS', 'TEMP_MÉD_ACC_MENS', 'TEMP_MAX_MÉD_MENS', 'PRECIPITAÇÃO_MÉD_MENS', 'PRECIPITAÇÃO_MAX_MENS', 'PRECIPITAÇÃO_ACC_MENS', 'DIA_DA_SEMANA_qui', 'DIA_DA_SEMANA_sex', 'DIA_DA_SEMANA_sáb', 'DIA_DA_SEMANA_ter', 'MÊS_abr', 'MÊS_fev', 'MÊS_jan', 'MÊS_jul', 'MÊS_jun', 'MÊS_mar', 'MÊS_set', 'ANO_2021', 'ANO_2023', 'ANO_2015', 'ANO_2019', 'CAMPUS_ASTORGA', 'CAMPUS_BARRACÃO', 'CAMPUS_CAPANEMA', 'CAMPUS_CASCAVEL', 'CAMPUS_FOZ DO IGUAÇU', 'CAMPUS_GOIOERÊ', 'CAMPUS_IVAIPORÃ', 'CAMPUS_JAGUARIAÍVA', 'CAMPUS_LONDRINA - CENTRO', 'CAMPUS_PARANAGUÁ', 'CAMPUS_PITANGA', 'CAMPUS_UMUARAMA', 'CAMPUS_UNIÃO DA VITÓRIA', 'CURSOS_TEC_CONCOMITANTE', 'CURSOS_GRAD_MATUTINO', 'CURSOS_POS', 'FERIADO', 'ORDEM', 'LAG_01', 'LAG_02', 'LAG_03', 'LAG_05', 'LAG_07', 'LAG_08', 'LAG_09', 'LAG_10', 'LAG_11', 'LAG_12');0.31993
('TEMP_MÉD_MIN_MENS', 'TEMP_MÉD_MAX_MENS', 'TEMP_MÉD_ACC_MENS', 'TEMP_MAX_MÉD_MENS', 'PRECIPITAÇÃO_MÉD_MENS', 'TEMP_MIN_MAX_MENS', 'TEMP_MAX_MIN_MENS', 'TEMP_MAX_ACC_MENS', 'PRECIPITAÇÃO_MAX_MENS', 'PRECIPITAÇÃO_ACC_MENS', 'DIA_DA_SEMANA_qui', 'DIA_DA_SEMANA_seg', 'DIA_DA_SEMANA_sex', 'DIA_DA_SEMANA_ter', 'MÊS_abr', 'MÊS_ago', 'MÊS_fev', 'MÊS_jan', 'MÊS_jul', 'MÊS_mai', 'MÊS_mar', 'MÊS_out', 'ANO_2021', 'ANO_2022', 'ANO_2015', 'ANO_2018', 'ANO_2019', 'ANO_2020', 'CAMPUS_ASTORGA', 'CAMPUS_BARRACÃO', 'CAMPUS_CAMPO LARGO', 'CAMPUS_CAPANEMA', 'CAMPUS_CORONEL VIVIDA', 'CAMPUS_CURITIBA', 'CAMPUS_FOZ DO IGUAÇU', 'CAMPUS_IRATI', 'CAMPUS_JACAREZINHO', 'CAMPUS_PARANAVAÍ', 'CAMPUS_PINHAIS', 'CAMPUS_PITANGA', 'CAMPUS_QUEDAS DO IGUAÇU', 'CAMPUS_UMUARAMA', 'CAMPUS_UNIÃO DA VITÓRIA', 'CURSOS_TEC_CONCOMITANTE', 'CURSOS_TEC_INTEGRADO', 'CURSOS_GRAD_VESPERTINO', 'CURSOS_GRAD_NOTURNO', 'CURSOS_POS', 'FÉRIAS', 'LAG_01', 'LAG_02', 'LAG_04', 'LAG_06', 'LAG_07', 'LAG_08', 'LAG_09', 'LAG_10', 'LAG_11', 'LAG_12');0.31996
('TEMP_MÉD_MIN_MENS', 'TEMP_MAX_MÉD_MENS', 'PRECIPITAÇÃO_MÉD_MENS', 'TEMP_MIN_MIN_MENS', 'TEMP_MAX_MIN_MENS', 'PRECIPITAÇÃO_MIN_MENS', 'TEMP_MAX_MAX_MENS', 'TEMP_MAX_ACC_MENS', 'PRECIPITAÇÃO_ACC_MENS', 'DIA_DA_SEMANA_qua', 'DIA_DA_SEMANA_sex', 'DIA_DA_SEMANA_sáb', 'DIA_DA_SEMANA_ter', 'MÊS_abr', 'MÊS_dez', 'MÊS_jul', 'MÊS_set', 'ANO_2021', 'ANO_2023', 'ANO_2024', 'ANO_2015', 'ANO_2016', 'ANO_2017', 'ANO_2018', 'CAMPUS_ASTORGA', 'CAMPUS_CAMPO LARGO', 'CAMPUS_IVAIPORÃ', 'CAMPUS_LONDRINA - CENTRO', 'CAMPUS_PARANAGUÁ', 'CAMPUS_PARANAVAÍ', 'CAMPUS_PINHAIS', 'CAMPUS_PITANGA', 'CAMPUS_TELÊMACO BORBA', 'CAMPUS_UMUARAMA', 'CAMPUS_UNIÃO DA VITÓRIA', 'CURSOS_TEC_INTEGRADO', 'CURSOS_TEC_SUBSEQUENTE', 'CURSOS_GRAD_NOTURNO', 'FERIADO', 'COVID', 'GREVE', 'LAG_02', 'LAG_03', 'LAG_07', 'LAG_08', 'LAG_09', 'LAG_10', 'LAG_12');0.32013
('TEMP_MIN_MÉD_MENS', 'TEMP_MÉD_MÉD_MENS', 'TEMP_MÉD_MAX_MENS', 'TEMP_MÉD_ACC_MENS', 'TEMP_MAX_MÉD_MENS', 'PRECIPITAÇÃO_MÉD_MENS', 'TEMP_MIN_ACC_MENS', 'TEMP_MAX_MIN_MENS', 'TEMP_MAX_MAX_MENS', 'TEMP_MAX_ACC_MENS', 'PRECIPITAÇÃO_MAX_MENS', 'PRECIPITAÇÃO_ACC_MENS', 'DIA_DA_SEMANA_dom', 'DIA_DA_SEMANA_qua', 'DIA_DA_SEMANA_qui', 'DIA_DA_SEMANA_seg', 'MÊS_abr', 'MÊS_ago', 'MÊS_dez', 'MÊS_jan', 'MÊS_mai', 'MÊS_mar', 'ANO_2021', 'ANO_2022', 'ANO_2023', 'ANO_2024', 'ANO_2015', 'ANO_2017', 'ANO_2019', 'CAMPUS_ASSIS CHATEAUBRIAND', 'CAMPUS_ASTORGA', 'CAMPUS_BARRACÃO', 'CAMPUS_CAMPO LARGO', 'CAMPUS_CASCAVEL', 'CAMPUS_CURITIBA', 'CAMPUS_FOZ DO IGUAÇU', 'CAMPUS_GOIOERÊ', 'CAMPUS_IRATI', 'CAMPUS_IVAIPORÃ', 'CAMPUS_JACAREZINHO', 'CAMPUS_JAGUARIAÍVA', 'CAMPUS_LONDRINA - CENTRO', 'CAMPUS_PINHAIS', 'CAMPUS_QUEDAS DO IGUAÇU', 'CAMPUS_TELÊMACO BORBA', 'CURSOS_GRAD_MATUTINO', 'CURSOS_GRAD_VESPERTINO', 'CURSOS_GRAD_NOTURNO', 'CURSOS_POS', 'FERIADO', 'COVID', 'ORDEM', 'LAG_01', 'LAG_02', 'LAG_03', 'LAG_08', 'LAG_11', 'LAG_12');0.32015
('TEMP_MÉD_MIN_MENS', 'TEMP_MÉD_MÉD_MENS', 'TEMP_MÉD_MAX_MENS', 'TEMP_MAX_MÉD_MENS', 'PRECIPITAÇÃO_MÉD_MENS', 'TEMP_MIN_MIN_MENS', 'TEMP_MIN_MAX_MENS', 'TEMP_MIN_ACC_MENS', 'TEMP_MAX_MIN_MENS', 'PRECIPITAÇÃO_MIN_MENS', 'PRECIPITAÇÃO_MAX_MENS', 'DIA_DA_SEMANA_qua', 'DIA_DA_SEMANA_seg', 'DIA_DA_SEMANA_sáb', 'DIA_DA_SEMANA_ter', 'MÊS_fev', 'MÊS_jul', 'MÊS_mai', 'MÊS_mar', 'MÊS_nov', 'MÊS_out', 'MÊS_set', 'ANO_2022', 'ANO_2015', 'ANO_2017', 'ANO_2018', 'ANO_2020', 'CAMPUS_ASSIS CHATEAUBRIAND', 'CAMPUS_ASTORGA', 'CAMPUS_CAPANEMA', 'CAMPUS_CORONEL VIVIDA', 'CAMPUS_CURITIBA', 'CAMPUS_GOIOERÊ', 'CAMPUS_IRATI', 'CAMPUS_JAGUARIAÍVA', 'CAMPUS_LONDRINA - CENTRO', 'CAMPUS_PALMAS', 'CAMPUS_PARANAGUÁ', 'CAMPUS_PINHAIS', 'CAMPUS_PITANGA', 'CAMPUS_TELÊMACO BORBA', 'CAMPUS_UMUARAMA', 'CAMPUS_UNIÃO DA VITÓRIA', 'CURSOS_TEC_CONCOMITANTE', 'CURSOS_TEC_INTEGRADO', 'CURSOS_TEC_SUBSEQUENTE', 'CURSOS_GRAD_MATUTINO', 'CURSOS_GRAD_VESPERTINO', 'CURSOS_GRAD_NOTURNO', 'CURSOS_POS', 'LAG_01', 'LAG_03', 'LAG_04', 'LAG_06', 'LAG_08', 'LAG_09', 'LAG_12');0.32059
('TEMP_MIN_MÉD_MENS', 'TEMP_MÉD_MÉD_MENS', 'TEMP_MÉD_ACC_MENS', 'PRECIPITAÇÃO_MÉD_MENS', 'PRECIPITAÇÃO_MIN_MENS', 'TEMP_MAX_MAX_MENS', 'PRECIPITAÇÃO_MAX_MENS', 'DIA_DA_SEMANA_dom', 'DIA_DA_SEMANA_sex', 'MÊS_ago', 'MÊS_jan', 'MÊS_jul', 'MÊS_mar', 'MÊS_out', 'ANO_2022', 'ANO_2023', 'ANO_2015', 'ANO_2018', 'ANO_2020', 'CAMPUS_ASSIS CHATEAUBRIAND', 'CAMPUS_ASTORGA', 'CAMPUS_CAPANEMA', 'CAMPUS_CORONEL VIVIDA', 'CAMPUS_CURITIBA', 'CAMPUS_FOZ DO IGUAÇU', 'CAMPUS_IRATI', 'CAMPUS_JACAREZINHO', 'CAMPUS_LONDRINA - CENTRO', 'CAMPUS_PALMAS', 'CAMPUS_PARANAGUÁ', 'CAMPUS_PINHAIS', 'CAMPUS_PITANGA', 'CAMPUS_QUEDAS DO IGUAÇU', 'CAMPUS_UMUARAMA', 'CURSOS_TEC_CONCOMITANTE', 'CURSOS_TEC_INTEGRADO', 'CURSOS_TEC_SUBSEQUENTE', 'CURSOS_GRAD_MATUTINO', 'CURSOS_GRAD_VESPERTINO', 'CURSOS_GRAD_NOTURNO', 'FERIADO', 'GREVE', 'LAG_01', 'LAG_04', 'LAG_05', 'LAG_07', 'LAG_08', 'LAG_11');0.32086
('TEMP_MIN_MÉD_MENS', 'TEMP_MÉD_MIN_MENS', 'TEMP_MÉD_MÉD_MENS', 'TEMP_MAX_MÉD_MENS', 'PRECIPITAÇÃO_MÉD_MENS', 'TEMP_MIN_MIN_MENS', 'TEMP_MIN_ACC_MENS', 'TEMP_MAX_MIN_MENS', 'PRECIPITAÇÃO_MIN_MENS', 'TEMP_MAX_MAX_MENS', 'TEMP_MAX_ACC_MENS', 'DIA_DA_SEMANA_dom', 'DIA_DA_SEMANA_qui', 'DIA_DA_SEMANA_seg', 'DIA_DA_SEMANA_sáb', 'DIA_DA_SEMANA_ter', 'MÊS_abr', 'MÊS_jan', 'MÊS_jun', 'MÊS_mar', 'MÊS_nov', 'MÊS_out', 'MÊS_set', 'ANO_2021', 'ANO_2022', 'ANO_2023', 'ANO_2024', 'ANO_2015', 'ANO_2017', 'ANO_2018', 'ANO_2019', 'CAMPUS_ASTORGA', 'CAMPUS_CASCAVEL', 'CAMPUS_CORONEL VIVIDA', 'CAMPUS_CURITIBA', 'CAMPUS_GOIOERÊ', 'CAMPUS_IRATI', 'CAMPUS_JACAREZINHO', 'CAMPUS_JAGUARIAÍVA', 'CAMPUS_PALMAS', 'CAMPUS_PARANAVAÍ', 'CAMPUS_QUEDAS DO IGUAÇU', 'CURSOS_TEC_SUBSEQUENTE', 'CURSOS_GRAD_NOTURNO', 'CURSOS_POS', 'FÉRIAS', 'FERIADO', 'GREVE', 'LAG_01', 'LAG_03', 'LAG_04', 'LAG_05', 'LAG_06', 'LAG_07', 'LAG_08', 'LAG_09', 'LAG_10', 'LAG_11', 'LAG_12');0.32089
('TEMP_MÉD_MIN_MENS', 'TEMP_MÉD_ACC_MENS', 'PRECIPITAÇÃO_MÉD_MENS', 'TEMP_MIN_MIN_MENS', 'TEMP_MIN_MAX_MENS', 'TEMP_MAX_MIN_MENS', 'PRECIPITAÇÃO_MIN_MENS', 'TEMP_MAX_MAX_MENS', 'PRECIPITAÇÃO_MAX_MENS', 'PRECIPITAÇÃO_ACC_MENS', 'DIA_DA_SEMANA_dom', 'DIA_DA_SEMANA_qua', 'DIA_DA_SEMANA_qui', 'DIA_DA_SEMANA_seg', 'DIA_DA_SEMANA_sex', 'DIA_DA_SEMANA_sáb', 'MÊS_abr', 'MÊS_dez', 'MÊS_jun', 'MÊS_out', 'MÊS_set', 'ANO_2022', 'ANO_2024', 'ANO_2015', 'ANO_2016', 'ANO_2018', 'ANO_2019', 'ANO_2020', 'CAMPUS_ASSIS CHATEAUBRIAND', 'CAMPUS_ASTORGA', 'CAMPUS_BARRACÃO', 'CAMPUS_CAMPO LARGO', 'CAMPUS_CAPANEMA', 'CAMPUS_CASCAVEL', 'CAMPUS_FOZ DO IGUAÇU', 'CAMPUS_GOIOERÊ', 'CAMPUS_IVAIPORÃ', 'CAMPUS_JACAREZINHO', 'CAMPUS_JAGUARIAÍVA', 'CAMPUS_LONDRINA - CENTRO', 'CAMPUS_PARANAVAÍ', 'CAMPUS_PITANGA', 'CAMPUS_QUEDAS DO IGUAÇU', 'CAMPUS_TELÊMACO BORBA', 'CAMPUS_UMUARAMA', 'CAMPUS_UNIÃO DA VITÓRIA', 'CURSOS_TEC_INTEGRADO', 'CURSOS_GRAD_NOTURNO', 'CURSOS_POS', 'FERIADO', 'COVID', 'GREVE', 'LAG_01', 'LAG_02', 'LAG_03', 'LAG_05', 'LAG_07', 'LAG_08', 'LAG_10', 'LAG_11', 'LAG_12');0.32114
('TEMP_MÉD_MIN_MENS', 'TEMP_MÉD_MÉD_MENS', 'TEMP_MÉD_MAX_MENS', 'TEMP_MÉD_ACC_MENS', 'TEMP_MAX_MÉD_MENS', 'PRECIPITAÇÃO_MÉD_MENS', 'TEMP_MIN_MAX_MENS', 'TEMP_MIN_ACC_MENS', 'PRECIPITAÇÃO_MIN_MENS', 'TEMP_MAX_MAX_MENS', 'TEMP_MAX_ACC_MENS', 'DIA_DA_SEMANA_seg', 'DIA_DA_SEMANA_sáb', 'DIA_DA_SEMANA_ter', 'MÊS_abr', 'MÊS_ago', 'MÊS_jul', 'MÊS_mai', 'MÊS_mar', 'MÊS_set', 'ANO_2021', 'ANO_2022', 'ANO_2015', 'ANO_2017', 'ANO_2019', 'ANO_2020', 'CAMPUS_BARRACÃO', 'CAMPUS_CASCAVEL', 'CAMPUS_CORONEL VIVIDA', 'CAMPUS_CURITIBA', 'CAMPUS_FOZ DO IGUAÇU', 'CAMPUS_GOIOERÊ', 'CAMPUS_IRATI', 'CAMPUS_IVAIPORÃ', 'CAMPUS_LONDRINA - CENTRO', 'CAMPUS_PITANGA', 'CAMPUS_QUEDAS DO IGUAÇU', 'CAMPUS_TELÊMACO BORBA', 'CURSOS_TEC_INTEGRADO', 'CURSOS_GRAD_MATUTINO', 'CURSOS_GRAD_VESPERTINO', 'CURSOS_GRAD_NOTURNO', 'CURSOS_POS', 'FERIADO', 'ORDEM', 'LAG_01', 'LAG_05', 'LAG_07', 'LAG_08', 'LAG_10', 'LAG_11', 'LAG_12');0.32115
('TEMP_MÉD_MIN_MENS', 'TEMP_MÉD_MAX_MENS', 'TEMP_MÉD_ACC_MENS', 'TEMP_MAX_MÉD_MENS', 'PRECIPITAÇÃO_MÉD_MENS', 'TEMP_MIN_MIN_MENS', 'TEMP_MAX_MIN_MENS', 'PRECIPITAÇÃO_MIN_MENS', 'PRECIPITAÇÃO_MAX_MENS', 'DIA_DA_SEMANA_dom', 'DIA_DA_SEMANA_qui', 'DIA_DA_SEMANA_seg', 'DIA_DA_SEMANA_ter', 'MÊS_fev', 'MÊS_jan', 'MÊS_jun', 'MÊS_mai', 'MÊS_mar', 'MÊS_out', 'MÊS_set', 'ANO_2022', 'ANO_2023', 'ANO_2024', 'ANO_2015', 'ANO_2018', 'CAMPUS_ASSIS CHATEAUBRIAND', 'CAMPUS_ASTORGA', 'CAMPUS_CAMPO LARGO', 'CAMPUS_CURITIBA', 'CAMPUS_FOZ DO IGUAÇU', 'CAMPUS_GOIOERÊ', 'CAMPUS_JAGUARIAÍVA', 'CAMPUS_PARANAGUÁ', 'CAMPUS_PARANAVAÍ', 'CAMPUS_TELÊMACO BORBA', 'CAMPUS_UNIÃO DA VITÓRIA', 'CURSOS_TEC_CONCOMITANTE', 'CURSOS_TEC_INTEGRADO', 'CURSOS_TEC_SUBSEQUENTE', 'CURSOS_GRAD_MATUTINO', 'CURSOS_GRAD_VESPERTINO', 'CURSOS_GRAD_NOTURNO', 'FERIADO', 'GREVE', 'LAG_01', 'LAG_03', 'LAG_04', 'LAG_05', 'LAG_06', 'LAG_07', 'LAG_08', 'LAG_09', 'LAG_11', 'LAG_12');0.32133
('TEMP_MÉD_MIN_MENS', 'TEMP_MÉD_MÉD_MENS', 'TEMP_MÉD_MAX_MENS', 'TEMP_MÉD_ACC_MENS', 'PRECIPITAÇÃO_MÉD_MENS', 'TEMP_MIN_MIN_MENS', 'TEMP_MIN_MAX_MENS', 'PRECIPITAÇÃO_MIN_MENS', 'TEMP_MAX_MAX_MENS', 'PRECIPITAÇÃO_ACC_MENS', 'DIA_DA_SEMANA_qui', 'DIA_DA_SEMANA_sex', 'DIA_DA_SEMANA_sáb', 'MÊS_ago', 'MÊS_dez', 'MÊS_jan', 'MÊS_jul', 'MÊS_jun', 'MÊS_mai', 'MÊS_mar', 'MÊS_nov', 'MÊS_out', 'ANO_2021', 'ANO_2022', 'ANO_2023', 'ANO_2015', 'ANO_2016', 'ANO_2017', 'ANO_2020', 'CAMPUS_BARRACÃO', 'CAMPUS_CAPANEMA', 'CAMPUS_FOZ DO IGUAÇU', 'CAMPUS_IRATI', 'CAMPUS_IVAIPORÃ', 'CAMPUS_JACAREZINHO', 'CAMPUS_JAGUARIAÍVA', 'CAMPUS_LONDRINA - CENTRO', 'CAMPUS_PALMAS', 'CAMPUS_PINHAIS', 'CAMPUS_PITANGA', 'CAMPUS_UMUARAMA', 'CAMPUS_UNIÃO DA VITÓRIA', 'CURSOS_TEC_CONCOMITANTE', 'CURSOS_TEC_INTEGRADO', 'CURSOS_TEC_SUBSEQUENTE', 'CURSOS_GRAD_NOTURNO', 'CURSOS_POS', 'FERIADO', 'ORDEM', 'LAG_02', 'LAG_03', 'LAG_04', 'LAG_07', 'LAG_10', 'LAG_11', 'LAG_12');0.32139
('TEMP_MIN_MÉD_MENS', 'TEMP_MÉD_MAX_MENS', 'TEMP_MAX_MÉD_MENS', 'TEMP_MIN_MIN_MENS', 'TEMP_MIN_MAX_MENS', 'TEMP_MIN_ACC_MENS', 'TEMP_MAX_MIN_MENS', 'PRECIPITAÇÃO_MIN_MENS', 'TEMP_MAX_MAX_MENS', 'TEMP_MAX_ACC_MENS', 'PRECIPITAÇÃO_ACC_MENS', 'DIA_DA_SEMANA_qua', 'DIA_DA_SEMANA_sex', 'MÊS_abr', 'MÊS_ago', 'MÊS_dez', 'MÊS_fev', 'MÊS_jan', 'MÊS_mai', 'MÊS_out', 'ANO_2023', 'ANO_2016', 'ANO_2017', 'ANO_2019', 'CAMPUS_ASTORGA', 'CAMPUS_CAMPO LARGO', 'CAMPUS_CASCAVEL', 'CAMPUS_CURITIBA', 'CAMPUS_FOZ DO IGUAÇU', 'CAMPUS_IRATI', 'CAMPUS_IVAIPORÃ', 'CAMPUS_JACAREZINHO', 'CAMPUS_JAGUARIAÍVA', 'CAMPUS_PALMAS', 'CAMPUS_PARANAGUÁ', 'CAMPUS_PARANAVAÍ', 'CAMPUS_PINHAIS', 'CAMPUS_TELÊMACO BORBA', 'CURSOS_TEC_CONCOMITANTE', 'CURSOS_TEC_INTEGRADO', 'CURSOS_TEC_SUBSEQUENTE', 'CURSOS_GRAD_VESPERTINO', 'FERIADO', 'COVID', 'LAG_07', 'LAG_08', 'LAG_09', 'LAG_11');0.32192
('TEMP_MIN_MÉD_MENS', 'TEMP_MÉD_MIN_MENS', 'TEMP_MÉD_MÉD_MENS', 'TEMP_MÉD_ACC_MENS', 'TEMP_MAX_MÉD_MENS', 'TEMP_MIN_MAX_MENS', 'TEMP_MIN_ACC_MENS', 'TEMP_MAX_MIN_MENS', 'TEMP_MAX_ACC_MENS', 'DIA_DA_SEMANA_dom', 'DIA_DA_SEMANA_qua', 'DIA_DA_SEMANA_seg', 'DIA_DA_SEMANA_sex', 'MÊS_abr', 'MÊS_fev', 'MÊS_jul', 'MÊS_mai', 'MÊS_nov', 'MÊS_out', 'MÊS_set', 'ANO_2021', 'ANO_2024', 'ANO_2015', 'ANO_2016', 'ANO_2018', 'ANO_2019', 'CAMPUS_ASTORGA', 'CAMPUS_BARRACÃO', 'CAMPUS_CAMPO LARGO', 'CAMPUS_CORONEL VIVIDA', 'CAMPUS_CURITIBA', 'CAMPUS_JAGUARIAÍVA', 'CAMPUS_PALMAS', 'CAMPUS_PITANGA', 'CAMPUS_QUEDAS DO IGUAÇU', 'CAMPUS_TELÊMACO BORBA', 'CAMPUS_UMUARAMA', 'CAMPUS_UNIÃO DA VITÓRIA', 'CURSOS_TEC_CONCOMITANTE', 'CURSOS_TEC_INTEGRADO', 'CURSOS_TEC_SUBSEQUENTE', 'CURSOS_GRAD_MATUTINO', 'CURSOS_GRAD_VESPERTINO', 'CURSOS_GRAD_NOTURNO', 'FERIADO', 'GREVE', 'LAG_01', 'LAG_02', 'LAG_04', 'LAG_05', 'LAG_06', 'LAG_08', 'LAG_09', 'LAG_10', 'LAG_11', 'LAG_12');0.32227
('TEMP_MÉD_MIN_MENS', 'TEMP_MÉD_MÉD_MENS', 'TEMP_MÉD_MAX_MENS', 'TEMP_MÉD_ACC_MENS', 'TEMP_MIN_MIN_MENS', 'TEMP_MIN_MAX_MENS', 'TEMP_MIN_ACC_MENS', 'TEMP_MAX_MIN_MENS', 'PRECIPITAÇÃO_MIN_MENS', 'TEMP_MAX_MAX_MENS', 'TEMP_MAX_ACC_MENS', 'DIA_DA_SEMANA_qua', 'DIA_DA_SEMANA_qui', 'DIA_DA_SEMANA_seg', 'DIA_DA_SEMANA_sex', 'DIA_DA_SEMANA_ter', 'MÊS_abr', 'MÊS_ago', 'MÊS_jan', 'MÊS_jun', 'MÊS_mai', 'MÊS_nov', 'ANO_2024', 'ANO_2015', 'ANO_2017', 'ANO_2018', 'ANO_2020', 'CAMPUS_ASTORGA', 'CAMPUS_BARRACÃO', 'CAMPUS_CAPANEMA', 'CAMPUS_CASCAVEL', 'CAMPUS_CORONEL VIVIDA', 'CAMPUS_JACAREZINHO', 'CAMPUS_PARANAVAÍ', 'CAMPUS_PINHAIS', 'CAMPUS_PITANGA', 'CAMPUS_QUEDAS DO IGUAÇU', 'CAMPUS_TELÊMACO BORBA', 'CAMPUS_UMUARAMA', 'CURSOS_TEC_CONCOMITANTE', 'CURSOS_TEC_INTEGRADO', 'CURSOS_POS', 'COVID', 'ORDEM', 'LAG_03', 'LAG_05', 'LAG_07', 'LAG_08', 'LAG_09', 'LAG_11');0.32255
('TEMP_MIN_MÉD_MENS', 'TEMP_MÉD_ACC_MENS', 'TEMP_MAX_MÉD_MENS', 'TEMP_MIN_MIN_MENS', 'TEMP_MIN_MAX_MENS', 'TEMP_MIN_ACC_MENS', 'TEMP_MAX_MAX_MENS', 'PRECIPITAÇÃO_ACC_MENS', 'DIA_DA_SEMANA_qui', 'DIA_DA_SEMANA_sex', 'MÊS_dez', 'MÊS_fev', 'MÊS_jan', 'MÊS_jul', 'MÊS_jun', 'MÊS_mai', 'MÊS_mar', 'ANO_2021', 'ANO_2023', 'ANO_2015', 'ANO_2016', 'ANO_2018', 'ANO_2020', 'CAMPUS_ASSIS CHATEAUBRIAND', 'CAMPUS_BARRACÃO', 'CAMPUS_CAMPO LARGO', 'CAMPUS_CAPANEMA', 'CAMPUS_CASCAVEL', 'CAMPUS_CORONEL VIVIDA', 'CAMPUS_FOZ DO IGUAÇU', 'CAMPUS_IRATI', 'CAMPUS_IVAIPORÃ', 'CAMPUS_JACAREZINHO', 'CAMPUS_LONDRINA - CENTRO', 'CAMPUS_PARANAGUÁ', 'CAMPUS_PARANAVAÍ', 'CAMPUS_PINHAIS', 'CAMPUS_PITANGA', 'CAMPUS_TELÊMACO BORBA', 'CAMPUS_UMUARAMA', 'CURSOS_TEC_CONCOMITANTE', 'CURSOS_TEC_INTEGRADO', 'CURSOS_GRAD_MATUTINO', 'CURSOS_GRAD_VESPERTINO', 'CURSOS_GRAD_NOTURNO', 'CURSOS_POS', 'FÉRIAS', 'FERIADO', 'LAG_02', 'LAG_04', 'LAG_07', 'LAG_08', 'LAG_09', 'LAG_10');0.32256
('TEMP_MÉD_MIN_MENS', 'TEMP_MÉD_MÉD_MENS', 'TEMP_MÉD_MAX_MENS', 'TEMP_MAX_MÉD_MENS', 'PRECIPITAÇÃO_MÉD_MENS', 'TEMP_MIN_MIN_MENS', 'TEMP_MIN_ACC_MENS', 'PRECIPITAÇÃO_MIN_MENS', 'TEMP_MAX_MAX_MENS', 'PRECIPITAÇÃO_ACC_MENS', 'DIA_DA_SEMANA_qua', 'DIA_DA_SEMANA_qui', 'DIA_DA_SEMANA_sáb', 'DIA_DA_SEMANA_ter', 'MÊS_abr', 'MÊS_dez', 'MÊS_fev', 'MÊS_jan', 'MÊS_jun', 'MÊS_mar', 'MÊS_nov', 'MÊS_out', 'ANO_2022', 'ANO_2024', 'ANO_2015', 'ANO_2019', 'ANO_2020', 'CAMPUS_BARRACÃO', 'CAMPUS_CAMPO LARGO', 'CAMPUS_CAPANEMA', 'CAMPUS_GOIOERÊ', 'CAMPUS_IVAIPORÃ', 'CAMPUS_JACAREZINHO', 'CAMPUS_JAGUARIAÍVA', 'CAMPUS_LONDRINA - CENTRO', 'CAMPUS_PALMAS', 'CAMPUS_PARANAGUÁ', 'CAMPUS_PARANAVAÍ', 'CAMPUS_PINHAIS', 'CAMPUS_PITANGA', 'CAMPUS_TELÊMACO BORBA', 'CAMPUS_UMUARAMA', 'CAMPUS_UNIÃO DA VITÓRIA', 'CURSOS_TEC_CONCOMITANTE', 'CURSOS_TEC_INTEGRADO', 'CURSOS_TEC_SUBSEQUENTE', 'CURSOS_GRAD_VESPERTINO', 'CURSOS_POS', 'FERIADO', 'ORDEM', 'LAG_01', 'LAG_03', 'LAG_04', 'LAG_05', 'LAG_06', 'LAG_07', 'LAG_08', 'LAG_09', 'LAG_11', 'LAG_12');0.3226
('TEMP_MÉD_MIN_MENS', 'TEMP_MAX_MÉD_MENS', 'PRECIPITAÇÃO_MÉD_MENS', 'TEMP_MIN_MIN_MENS', 'TEMP_MAX_MIN_MENS', 'TEMP_MAX_ACC_MENS', 'PRECIPITAÇÃO_MAX_MENS', 'PRECIPITAÇÃO_ACC_MENS', 'DIA_DA_SEMANA_dom', 'DIA_DA_SEMANA_seg', 'DIA_DA_SEMANA_sex', 'DIA_DA_SEMANA_sáb', 'MÊS_abr', 'MÊS_ago', 'MÊS_dez', 'MÊS_fev', 'MÊS_jan', 'MÊS_jul', 'MÊS_mar', 'ANO_2022', 'ANO_2023', 'ANO_2015', 'ANO_2019', 'CAMPUS_ASSIS CHATEAUBRIAND', 'CAMPUS_ASTORGA', 'CAMPUS_CAMPO LARGO', 'CAMPUS_CAPANEMA', 'CAMPUS_CORONEL VIVIDA', 'CAMPUS_FOZ DO IGUAÇU', 'CAMPUS_GOIOERÊ', 'CAMPUS_IRATI', 'CAMPUS_JACAREZINHO', 'CAMPUS_JAGUARIAÍVA', 'CAMPUS_PALMAS', 'CAMPUS_PARANAGUÁ', 'CAMPUS_PARANAVAÍ', 'CAMPUS_PINHAIS', 'CAMPUS_PITANGA', 'CAMPUS_TELÊMACO BORBA', 'CAMPUS_UMUARAMA', 'CAMPUS_UNIÃO DA VITÓRIA', 'CURSOS_TEC_CONCOMITANTE', 'CURSOS_TEC_INTEGRADO', 'CURSOS_TEC_SUBSEQUENTE', 'CURSOS_GRAD_MATUTINO', 'CURSOS_GRAD_VESPERTINO', 'CURSOS_GRAD_NOTURNO', 'GREVE', 'LAG_01', 'LAG_05', 'LAG_06', 'LAG_07', 'LAG_08', 'LAG_10', 'LAG_11', 'LAG_12');0.32263
('TEMP_MIN_MÉD_MENS', 'TEMP_MÉD_MÉD_MENS', 'TEMP_MÉD_MAX_MENS', 'TEMP_MIN_MIN_MENS', 'TEMP_MIN_MAX_MENS', 'TEMP_MIN_ACC_MENS', 'TEMP_MAX_MIN_MENS', 'TEMP_MAX_MAX_MENS', 'PRECIPITAÇÃO_MAX_MENS', 'PRECIPITAÇÃO_ACC_MENS', 'DIA_DA_SEMANA_dom', 'DIA_DA_SEMANA_qua', 'DIA_DA_SEMANA_ter', 'MÊS_abr', 'MÊS_ago', 'MÊS_dez', 'MÊS_fev', 'MÊS_jan', 'MÊS_jul', 'MÊS_jun', 'MÊS_mai', 'MÊS_mar', 'MÊS_nov', 'MÊS_out', 'ANO_2021', 'ANO_2017', 'ANO_2018', 'CAMPUS_ASTORGA', 'CAMPUS_BARRACÃO', 'CAMPUS_CAMPO LARGO', 'CAMPUS_CASCAVEL', 'CAMPUS_CORONEL VIVIDA', 'CAMPUS_CURITIBA', 'CAMPUS_FOZ DO IGUAÇU', 'CAMPUS_IVAIPORÃ', 'CAMPUS_JAGUARIAÍVA', 'CAMPUS_LONDRINA - CENTRO', 'CAMPUS_PALMAS', 'CAMPUS_PARANAVAÍ', 'CAMPUS_PITANGA', 'CAMPUS_QUEDAS DO IGUAÇU', 'CAMPUS_TELÊMACO BORBA', 'CURSOS_TEC_CONCOMITANTE', 'CURSOS_GRAD_MATUTINO', 'CURSOS_GRAD_VESPERTINO', 'CURSOS_POS', 'FÉRIAS', 'FERIADO', 'GREVE', 'LAG_01', 'LAG_03', 'LAG_07', 'LAG_09', 'LAG_10', 'LAG_12');0.32264
('TEMP_MÉD_MÉD_MENS', 'TEMP_MÉD_ACC_MENS', 'TEMP_MAX_MÉD_MENS', 'TEMP_MIN_MAX_MENS', 'TEMP_MAX_MIN_MENS', 'PRECIPITAÇÃO_MIN_MENS', 'TEMP_MAX_MAX_MENS', 'TEMP_MAX_ACC_MENS', 'PRECIPITAÇÃO_MAX_MENS', 'PRECIPITAÇÃO_ACC_MENS', 'DIA_DA_SEMANA_qua', 'DIA_DA_SEMANA_seg', 'DIA_DA_SEMANA_sex', 'DIA_DA_SEMANA_ter', 'MÊS_abr', 'MÊS_fev', 'MÊS_jan', 'MÊS_mai', 'MÊS_mar', 'MÊS_nov', 'MÊS_set', 'ANO_2022', 'ANO_2023', 'ANO_2016', 'ANO_2017', 'ANO_2018', 'ANO_2020', 'CAMPUS_ASSIS CHATEAUBRIAND', 'CAMPUS_ASTORGA', 'CAMPUS_CAMPO LARGO', 'CAMPUS_CAPANEMA', 'CAMPUS_CASCAVEL', 'CAMPUS_CURITIBA', 'CAMPUS_FOZ DO IGUAÇU', 'CAMPUS_GOIOERÊ', 'CAMPUS_IVAIPORÃ', 'CAMPUS_JACAREZINHO', 'CAMPUS_JAGUARIAÍVA', 'CAMPUS_LONDRINA - CENTRO', 'CAMPUS_PALMAS', 'CAMPUS_PARANAGUÁ', 'CAMPUS_PARANAVAÍ', 'CAMPUS_QUEDAS DO IGUAÇU', 'CAMPUS_TELÊMACO BORBA', 'CAMPUS_UMUARAMA', 'CURSOS_TEC_INTEGRADO', 'CURSOS_GRAD_VESPERTINO', 'CURSOS_GRAD_NOTURNO', 'FERIADO', 'COVID', 'ORDEM', 'LAG_01', 'LAG_02', 'LAG_04', 'LAG_07', 'LAG_08', 'LAG_09', 'LAG_11', 'LAG_12');0.32278
('TEMP_MIN_MÉD_MENS', 'TEMP_MÉD_MÉD_MENS', 'TEMP_MÉD_MAX_MENS', 'TEMP_MAX_MÉD_MENS', 'PRECIPITAÇÃO_MÉD_MENS', 'TEMP_MIN_ACC_MENS', 'PRECIPITAÇÃO_MIN_MENS', 'TEMP_MAX_MAX_MENS', 'DIA_DA_SEMANA_dom', 'DIA_DA_SEMANA_qua', 'DIA_DA_SEMANA_sex', 'DIA_DA_SEMANA_sáb', 'DIA_DA_SEMANA_ter', 'MÊS_abr', 'MÊS_ago', 'MÊS_fev', 'MÊS_jul', 'MÊS_mar', 'MÊS_out', 'MÊS_set', 'ANO_2024', 'ANO_2015', 'ANO_2019', 'CAMPUS_ASSIS CHATEAUBRIAND', 'CAMPUS_BARRACÃO', 'CAMPUS_CAMPO LARGO', 'CAMPUS_CASCAVEL', 'CAMPUS_CORONEL VIVIDA', 'CAMPUS_CURITIBA', 'CAMPUS_IRATI', 'CAMPUS_IVAIPORÃ', 'CAMPUS_JACAREZINHO', 'CAMPUS_JAGUARIAÍVA', 'CAMPUS_LONDRINA - CENTRO', 'CAMPUS_PALMAS', 'CAMPUS_PARANAGUÁ', 'CAMPUS_PINHAIS', 'CURSOS_TEC_CONCOMITANTE', 'CURSOS_TEC_INTEGRADO', 'CURSOS_TEC_SUBSEQUENTE', 'CURSOS_GRAD_MATUTINO', 'CURSOS_GRAD_NOTURNO', 'CURSOS_POS', 'GREVE', 'ORDEM', 'LAG_01', 'LAG_02', 'LAG_10', 'LAG_12');0.32279
('TEMP_MÉD_MIN_MENS', 'TEMP_MÉD_MAX_MENS', 'TEMP_MÉD_ACC_MENS', 'TEMP_MAX_MÉD_MENS', 'PRECIPITAÇÃO_MÉD_MENS', 'TEMP_MIN_MIN_MENS', 'TEMP_MIN_ACC_MENS', 'TEMP_MAX_MIN_MENS', 'PRECIPITAÇÃO_MIN_MENS', 'TEMP_MAX_MAX_MENS', 'TEMP_MAX_ACC_MENS', 'PRECIPITAÇÃO_MAX_MENS', 'PRECIPITAÇÃO_ACC_MENS', 'DIA_DA_SEMANA_dom', 'DIA_DA_SEMANA_qua', 'DIA_DA_SEMANA_seg', 'DIA_DA_SEMANA_sex', 'DIA_DA_SEMANA_sáb', 'MÊS_abr', 'MÊS_dez', 'MÊS_fev', 'MÊS_jan', 'MÊS_jul', 'MÊS_jun', 'MÊS_mar', 'MÊS_nov', 'MÊS_out', 'ANO_2021', 'ANO_2022', 'ANO_2024', 'ANO_2016', 'ANO_2017', 'ANO_2018', 'ANO_2019', 'ANO_2020', 'CAMPUS_ASSIS CHATEAUBRIAND', 'CAMPUS_CAMPO LARGO', 'CAMPUS_CASCAVEL', 'CAMPUS_CORONEL VIVIDA', 'CAMPUS_GOIOERÊ', 'CAMPUS_IRATI', 'CAMPUS_IVAIPORÃ', 'CAMPUS_JAGUARIAÍVA', 'CAMPUS_PARANAGUÁ', 'CAMPUS_PINHAIS', 'CAMPUS_QUEDAS DO IGUAÇU', 'CAMPUS_TELÊMACO BORBA', 'CURSOS_TEC_CONCOMITANTE', 'CURSOS_TEC_INTEGRADO', 'CURSOS_TEC_SUBSEQUENTE', 'CURSOS_GRAD_VESPERTINO', 'CURSOS_GRAD_NOTURNO', 'CURSOS_POS', 'FERIADO', 'ORDEM', 'LAG_01', 'LAG_07', 'LAG_08', 'LAG_09', 'LAG_10', 'LAG_12');0.32292
('TEMP_MIN_MÉD_MENS', 'TEMP_MÉD_MAX_MENS', 'TEMP_MÉD_ACC_MENS', 'PRECIPITAÇÃO_MÉD_MENS', 'TEMP_MIN_MAX_MENS', 'TEMP_MIN_ACC_MENS', 'PRECIPITAÇÃO_MIN_MENS', 'PRECIPITAÇÃO_ACC_MENS', 'DIA_DA_SEMANA_qua', 'DIA_DA_SEMANA_ter', 'MÊS_abr', 'MÊS_dez', 'MÊS_fev', 'MÊS_jul', 'MÊS_jun', 'MÊS_mar', 'MÊS_nov', 'MÊS_out', 'ANO_2021', 'ANO_2022', 'ANO_2023', 'ANO_2015', 'ANO_2016', 'ANO_2017', 'ANO_2018', 'ANO_2019', 'ANO_2020', 'CAMPUS_ASTORGA', 'CAMPUS_BARRACÃO', 'CAMPUS_CAMPO LARGO', 'CAMPUS_CAPANEMA', 'CAMPUS_CASCAVEL', 'CAMPUS_CORONEL VIVIDA', 'CAMPUS_CURITIBA', 'CAMPUS_FOZ DO IGUAÇU', 'CAMPUS_IVAIPORÃ', 'CAMPUS_JACAREZINHO', 'CAMPUS_PALMAS', 'CAMPUS_PARANAGUÁ', 'CAMPUS_PINHAIS', 'CURSOS_TEC_INTEGRADO', 'CURSOS_GRAD_MATUTINO', 'CURSOS_GRAD_VESPERTINO', 'CURSOS_GRAD_NOTURNO', 'FERIADO', 'GREVE', 'LAG_01', 'LAG_02', 'LAG_03', 'LAG_04', 'LAG_09', 'LAG_10', 'LAG_11');0.32299
('TEMP_MIN_MÉD_MENS', 'TEMP_MÉD_MÉD_MENS', 'TEMP_MÉD_MAX_MENS', 'TEMP_MAX_MÉD_MENS', 'PRECIPITAÇÃO_MÉD_MENS', 'TEMP_MIN_MIN_MENS', 'TEMP_MIN_MAX_MENS', 'TEMP_MAX_MIN_MENS', 'PRECIPITAÇÃO_MIN_MENS', 'TEMP_MAX_ACC_MENS', 'PRECIPITAÇÃO_MAX_MENS', 'PRECIPITAÇÃO_ACC_MENS', 'DIA_DA_SEMANA_dom', 'DIA_DA_SEMANA_qua', 'DIA_DA_SEMANA_qui', 'DIA_DA_SEMANA_seg', 'DIA_DA_SEMANA_sáb', 'DIA_DA_SEMANA_ter', 'MÊS_ago', 'MÊS_jan', 'MÊS_mai', 'MÊS_mar', 'MÊS_set', 'ANO_2022', 'ANO_2024', 'ANO_2017', 'ANO_2018', 'ANO_2020', 'CAMPUS_ASTORGA', 'CAMPUS_BARRACÃO', 'CAMPUS_CAMPO LARGO', 'CAMPUS_CORONEL VIVIDA', 'CAMPUS_CURITIBA', 'CAMPUS_IVAIPORÃ', 'CAMPUS_JACAREZINHO', 'CAMPUS_JAGUARIAÍVA', 'CAMPUS_LONDRINA - CENTRO', 'CAMPUS_PALMAS', 'CAMPUS_PARANAVAÍ', 'CAMPUS_PINHAIS', 'CAMPUS_PITANGA', 'CAMPUS_QUEDAS DO IGUAÇU', 'CAMPUS_TELÊMACO BORBA', 'CURSOS_GRAD_MATUTINO', 'CURSOS_GRAD_NOTURNO', 'FERIADO', 'COVID', 'LAG_01', 'LAG_02', 'LAG_03', 'LAG_04', 'LAG_07', 'LAG_10', 'LAG_12');0.32348
('TEMP_MÉD_MIN_MENS', 'TEMP_MÉD_MAX_MENS', 'TEMP_MAX_MÉD_MENS', 'TEMP_MIN_ACC_MENS', 'PRECIPITAÇÃO_MIN_MENS', 'PRECIPITAÇÃO_MAX_MENS', 'PRECIPITAÇÃO_ACC_MENS', 'DIA_DA_SEMANA_dom', 'DIA_DA_SEMANA_qua', 'DIA_DA_SEMANA_sáb', 'MÊS_fev', 'MÊS_jan', 'MÊS_jul', 'MÊS_mai', 'MÊS_mar', 'MÊS_nov', 'ANO_2021', 'ANO_2022', 'ANO_2015', 'ANO_2017', 'ANO_2018', 'ANO_2019', 'ANO_2020', 'CAMPUS_BARRACÃO', 'CAMPUS_CAMPO LARGO', 'CAMPUS_CAPANEMA', 'CAMPUS_CORONEL VIVIDA', 'CAMPUS_CURITIBA', 'CAMPUS_IVAIPORÃ', 'CAMPUS_JACAREZINHO', 'CAMPUS_LONDRINA - CENTRO', 'CAMPUS_PALMAS', 'CAMPUS_PINHAIS', 'CAMPUS_PITANGA', 'CAMPUS_QUEDAS DO IGUAÇU', 'CAMPUS_UMUARAMA', 'CURSOS_TEC_INTEGRADO', 'CURSOS_TEC_SUBSEQUENTE', 'CURSOS_GRAD_MATUTINO', 'CURSOS_GRAD_NOTURNO', 'FÉRIAS', 'FERIADO', 'GREVE', 'LAG_02', 'LAG_04', 'LAG_05', 'LAG_06', 'LAG_07', 'LAG_08', 'LAG_11', 'LAG_12');0.32369
('TEMP_MIN_MÉD_MENS', 'TEMP_MÉD_MÉD_MENS', 'TEMP_MÉD_MAX_MENS', 'TEMP_MÉD_ACC_MENS', 'PRECIPITAÇÃO_MÉD_MENS', 'TEMP_MIN_MIN_MENS', 'TEMP_MIN_MAX_MENS', 'TEMP_MIN_ACC_MENS', 'PRECIPITAÇÃO_MIN_MENS', 'TEMP_MAX_MAX_MENS', 'TEMP_MAX_ACC_MENS', 'PRECIPITAÇÃO_ACC_MENS', 'DIA_DA_SEMANA_qua', 'DIA_DA_SEMANA_sáb', 'DIA_DA_SEMANA_ter', 'MÊS_dez', 'MÊS_fev', 'MÊS_jan', 'MÊS_jun', 'MÊS_mar', 'MÊS_set', 'ANO_2022', 'ANO_2018', 'ANO_2020', 'CAMPUS_ASSIS CHATEAUBRIAND', 'CAMPUS_ASTORGA', 'CAMPUS_BARRACÃO', 'CAMPUS_CAPANEMA', 'CAMPUS_CASCAVEL', 'CAMPUS_FOZ DO IGUAÇU', 'CAMPUS_IVAIPORÃ', 'CAMPUS_JACAREZINHO', 'CAMPUS_PARANAVAÍ', 'CAMPUS_PINHAIS', 'CAMPUS_TELÊMACO BORBA', 'CAMPUS_UMUARAMA', 'CAMPUS_UNIÃO DA VITÓRIA', 'CURSOS_GRAD_MATUTINO', 'CURSOS_GRAD_VESPERTINO', 'FERIADO', 'LAG_01', 'LAG_03', 'LAG_04', 'LAG_05', 'LAG_06', 'LAG_07', 'LAG_10', 'LAG_11');0.32388
('TEMP_MIN_MÉD_MENS', 'TEMP_MÉD_MIN_MENS', 'TEMP_MÉD_MÉD_MENS', 'TEMP_MÉD_MAX_MENS', 'TEMP_MÉD_ACC_MENS', 'TEMP_MAX_MÉD_MENS', 'TEMP_MIN_MAX_MENS', 'TEMP_MAX_MIN_MENS', 'PRECIPITAÇÃO_MIN_MENS', 'TEMP_MAX_MAX_MENS', 'TEMP_MAX_ACC_MENS', 'PRECIPITAÇÃO_ACC_MENS', 'DIA_DA_SEMANA_dom', 'DIA_DA_SEMANA_qua', 'DIA_DA_SEMANA_qui', 'DIA_DA_SEMANA_sex', 'DIA_DA_SEMANA_sáb', 'MÊS_dez', 'MÊS_fev', 'MÊS_jan', 'MÊS_jul', 'MÊS_jun', 'MÊS_mai', 'MÊS_mar', 'MÊS_nov', 'MÊS_out', 'ANO_2022', 'ANO_2023', 'ANO_2024', 'ANO_2015', 'ANO_2016', 'ANO_2020', 'CAMPUS_ASTORGA', 'CAMPUS_BARRACÃO', 'CAMPUS_CAPANEMA', 'CAMPUS_CASCAVEL', 'CAMPUS_CORONEL VIVIDA', 'CAMPUS_FOZ DO IGUAÇU', 'CAMPUS_GOIOERÊ', 'CAMPUS_IRATI', 'CAMPUS_JACAREZINHO', 'CAMPUS_JAGUARIAÍVA', 'CAMPUS_LONDRINA - CENTRO', 'CAMPUS_PARANAVAÍ', 'CAMPUS_PINHAIS', 'CAMPUS_PITANGA', 'CAMPUS_QUEDAS DO IGUAÇU', 'CAMPUS_TELÊMACO BORBA', 'CAMPUS_UNIÃO DA VITÓRIA', 'CURSOS_TEC_INTEGRADO', 'CURSOS_TEC_SUBSEQUENTE', 'CURSOS_GRAD_MATUTINO', 'CURSOS_GRAD_VESPERTINO', 'CURSOS_POS', 'FERIADO', 'GREVE', 'ORDEM', 'LAG_02', 'LAG_03', 'LAG_04', 'LAG_07', 'LAG_12');0.32405
('TEMP_MIN_MÉD_MENS', 'TEMP_MÉD_MIN_MENS', 'TEMP_MÉD_MÉD_MENS', 'TEMP_MÉD_MAX_MENS', 'TEMP_MÉD_ACC_MENS', 'TEMP_MAX_MÉD_MENS', 'TEMP_MIN_MIN_MENS', 'TEMP_MIN_MAX_MENS', 'TEMP_MAX_MIN_MENS', 'PRECIPITAÇÃO_MIN_MENS', 'TEMP_MAX_MAX_MENS', 'TEMP_MAX_ACC_MENS', 'PRECIPITAÇÃO_ACC_MENS', 'DIA_DA_SEMANA_dom', 'DIA_DA_SEMANA_qua', 'DIA_DA_SEMANA_qui', 'DIA_DA_SEMANA_sex', 'DIA_DA_SEMANA_sáb', 'MÊS_abr', 'MÊS_ago', 'MÊS_dez', 'MÊS_fev', 'MÊS_jan', 'MÊS_jul', 'MÊS_jun', 'MÊS_mai', 'MÊS_mar', 'MÊS_nov', 'MÊS_set', 'ANO_2021', 'ANO_2022', 'ANO_2023', 'ANO_2015', 'ANO_2016', 'ANO_2018', 'CAMPUS_ASSIS CHATEAUBRIAND', 'CAMPUS_ASTORGA', 'CAMPUS_CAMPO LARGO', 'CAMPUS_CORONEL VIVIDA', 'CAMPUS_FOZ DO IGUAÇU', 'CAMPUS_JAGUARIAÍVA', 'CAMPUS_LONDRINA - CENTRO', 'CAMPUS_PALMAS', 'CAMPUS_PARANAGUÁ', 'CAMPUS_PARANAVAÍ', 'CAMPUS_PINHAIS', 'CURSOS_TEC_INTEGRADO', 'CURSOS_TEC_SUBSEQUENTE', 'CURSOS_GRAD_MATUTINO', 'CURSOS_POS', 'FÉRIAS', 'FERIADO', 'GREVE', 'LAG_01', 'LAG_02', 'LAG_04', 'LAG_05', 'LAG_08', 'LAG_09', 'LAG_10', 'LAG_11', 'LAG_12');0.32434
('TEMP_MIN_MÉD_MENS', 'TEMP_MÉD_MÉD_MENS', 'TEMP_MÉD_ACC_MENS', 'TEMP_MAX_MÉD_MENS', 'PRECIPITAÇÃO_MÉD_MENS', 'TEMP_MIN_MIN_MENS', 'TEMP_MIN_ACC_MENS', 'TEMP_MAX_MIN_MENS', 'PRECIPITAÇÃO_MIN_MENS', 'TEMP_MAX_MAX_MENS', 'TEMP_MAX_ACC_MENS', 'PRECIPITAÇÃO_MAX_MENS', 'PRECIPITAÇÃO_ACC_MENS', 'DIA_DA_SEMANA_qui', 'MÊS_abr', 'MÊS_ago', 'MÊS_fev', 'MÊS_jan', 'MÊS_mai', 'MÊS_set', 'ANO_2022', 'ANO_2023', 'ANO_2024', 'ANO_2015', 'ANO_2016', 'ANO_2018', 'ANO_2019', 'ANO_2020', 'CAMPUS_ASSIS CHATEAUBRIAND', 'CAMPUS_ASTORGA', 'CAMPUS_CURITIBA', 'CAMPUS_FOZ DO IGUAÇU', 'CAMPUS_GOIOERÊ', 'CAMPUS_IRATI', 'CAMPUS_IVAIPORÃ', 'CAMPUS_JACAREZINHO', 'CAMPUS_LONDRINA - CENTRO', 'CAMPUS_PARANAGUÁ', 'CAMPUS_PARANAVAÍ', 'CAMPUS_PINHAIS', 'CAMPUS_QUEDAS DO IGUAÇU', 'CAMPUS_TELÊMACO BORBA', 'CAMPUS_UMUARAMA', 'CAMPUS_UNIÃO DA VITÓRIA', 'CURSOS_TEC_CONCOMITANTE', 'CURSOS_TEC_INTEGRADO', 'CURSOS_GRAD_MATUTINO', 'CURSOS_GRAD_VESPERTINO', 'CURSOS_POS', 'GREVE', 'LAG_01', 'LAG_03', 'LAG_06', 'LAG_07', 'LAG_08', 'LAG_10', 'LAG_12');0.32488
('TEMP_MIN_MÉD_MENS', 'TEMP_MÉD_MIN_MENS', 'TEMP_MÉD_MÉD_MENS', 'TEMP_MÉD_ACC_MENS', 'TEMP_MIN_MAX_MENS', 'TEMP_MIN_ACC_MENS', 'PRECIPITAÇÃO_MIN_MENS', 'TEMP_MAX_MAX_MENS', 'TEMP_MAX_ACC_MENS', 'DIA_DA_SEMANA_qua', 'DIA_DA_SEMANA_qui', 'MÊS_ago', 'MÊS_jul', 'MÊS_mai', 'ANO_2022', 'ANO_2024', 'ANO_2015', 'ANO_2019', 'CAMPUS_ASSIS CHATEAUBRIAND', 'CAMPUS_ASTORGA', 'CAMPUS_BARRACÃO', 'CAMPUS_CAMPO LARGO', 'CAMPUS_CAPANEMA', 'CAMPUS_CASCAVEL', 'CAMPUS_FOZ DO IGUAÇU', 'CAMPUS_GOIOERÊ', 'CAMPUS_IRATI', 'CAMPUS_IVAIPORÃ', 'CAMPUS_JACAREZINHO', 'CAMPUS_JAGUARIAÍVA', 'CAMPUS_PALMAS', 'CAMPUS_PARANAGUÁ', 'CAMPUS_PARANAVAÍ', 'CAMPUS_PINHAIS', 'CAMPUS_PITANGA', 'CAMPUS_QUEDAS DO IGUAÇU', 'CAMPUS_TELÊMACO BORBA', 'CAMPUS_UMUARAMA', 'CAMPUS_UNIÃO DA VITÓRIA', 'CURSOS_TEC_SUBSEQUENTE', 'CURSOS_GRAD_NOTURNO', 'FERIADO', 'COVID', 'GREVE', 'LAG_03', 'LAG_05', 'LAG_08', 'LAG_10', 'LAG_11', 'LAG_12');0.32558
('TEMP_MÉD_MÉD_MENS', 'TEMP_MÉD_MAX_MENS', 'TEMP_MAX_MÉD_MENS', 'PRECIPITAÇÃO_MÉD_MENS', 'TEMP_MIN_MIN_MENS', 'TEMP_MIN_MAX_MENS', 'TEMP_MIN_ACC_MENS', 'TEMP_MAX_MIN_MENS', 'PRECIPITAÇÃO_MIN_MENS', 'PRECIPITAÇÃO_MAX_MENS', 'PRECIPITAÇÃO_ACC_MENS', 'DIA_DA_SEMANA_qui', 'DIA_DA_SEMANA_seg', 'DIA_DA_SEMANA_ter', 'MÊS_abr', 'MÊS_dez', 'MÊS_fev', 'MÊS_jan', 'MÊS_jul', 'MÊS_jun', 'MÊS_mai', 'MÊS_mar', 'MÊS_out', 'MÊS_set', 'ANO_2021', 'ANO_2015', 'ANO_2016', 'ANO_2018', 'ANO_2020', 'CAMPUS_ASSIS CHATEAUBRIAND', 'CAMPUS_BARRACÃO', 'CAMPUS_CAMPO LARGO', 'CAMPUS_CAPANEMA', 'CAMPUS_CASCAVEL', 'CAMPUS_CORONEL VIVIDA', 'CAMPUS_JACAREZINHO', 'CAMPUS_JAGUARIAÍVA', 'CAMPUS_PARANAGUÁ', 'CAMPUS_PINHAIS', 'CAMPUS_QUEDAS DO IGUAÇU', 'CAMPUS_TELÊMACO BORBA', 'CURSOS_TEC_CONCOMITANTE', 'CURSOS_GRAD_NOTURNO', 'CURSOS_POS', 'FERIADO', 'GREVE', 'LAG_01', 'LAG_02', 'LAG_03', 'LAG_04', 'LAG_06', 'LAG_07', 'LAG_08', 'LAG_09', 'LAG_10', 'LAG_12');0.32607
('TEMP_MIN_MÉD_MENS', 'TEMP_MÉD_MIN_MENS', 'TEMP_MÉD_MÉD_MENS', 'TEMP_MÉD_ACC_MENS', 'TEMP_MAX_MÉD_MENS', 'PRECIPITAÇÃO_MÉD_MENS', 'TEMP_MIN_MAX_MENS', 'TEMP_MIN_ACC_MENS', 'TEMP_MAX_ACC_MENS', 'PRECIPITAÇÃO_MAX_MENS', 'PRECIPITAÇÃO_ACC_MENS', 'DIA_DA_SEMANA_dom', 'DIA_DA_SEMANA_qui', 'DIA_DA_SEMANA_seg', 'DIA_DA_SEMANA_sex', 'DIA_DA_SEMANA_sáb', 'DIA_DA_SEMANA_ter', 'MÊS_abr', 'MÊS_ago', 'MÊS_dez', 'MÊS_jan', 'MÊS_nov', 'MÊS_out', 'MÊS_set', 'ANO_2023', 'ANO_2015', 'ANO_2017', 'CAMPUS_ASSIS CHATEAUBRIAND', 'CAMPUS_ASTORGA', 'CAMPUS_BARRACÃO', 'CAMPUS_CAMPO LARGO', 'CAMPUS_CAPANEMA', 'CAMPUS_CASCAVEL', 'CAMPUS_CORONEL VIVIDA', 'CAMPUS_FOZ DO IGUAÇU', 'CAMPUS_GOIOERÊ', 'CAMPUS_IRATI', 'CAMPUS_JACAREZINHO', 'CAMPUS_JAGUARIAÍVA', 'CAMPUS_LONDRINA - CENTRO', 'CAMPUS_PALMAS', 'CAMPUS_PARANAGUÁ', 'CAMPUS_QUEDAS DO IGUAÇU', 'CAMPUS_TELÊMACO BORBA', 'CAMPUS_UMUARAMA', 'CAMPUS_UNIÃO DA VITÓRIA', 'CURSOS_TEC_CONCOMITANTE', 'CURSOS_TEC_INTEGRADO', 'CURSOS_TEC_SUBSEQUENTE', 'CURSOS_GRAD_MATUTINO', 'CURSOS_GRAD_VESPERTINO', 'CURSOS_GRAD_NOTURNO', 'CURSOS_POS', 'GREVE', 'LAG_01', 'LAG_02', 'LAG_03', 'LAG_06', 'LAG_09', 'LAG_10', 'LAG_11', 'LAG_12');0.32638
('TEMP_MÉD_MIN_MENS', 'TEMP_MÉD_MÉD_MENS', 'TEMP_MÉD_ACC_MENS', 'TEMP_MIN_MIN_MENS', 'TEMP_MIN_MAX_MENS', 'TEMP_MAX_MIN_MENS', 'PRECIPITAÇÃO_MIN_MENS', 'TEMP_MAX_MAX_MENS', 'TEMP_MAX_ACC_MENS', 'PRECIPITAÇÃO_MAX_MENS', 'PRECIPITAÇÃO_ACC_MENS', 'DIA_DA_SEMANA_dom', 'DIA_DA_SEMANA_qua', 'DIA_DA_SEMANA_sex', 'DIA_DA_SEMANA_ter', 'MÊS_abr', 'MÊS_ago', 'MÊS_dez', 'MÊS_fev', 'MÊS_jan', 'MÊS_jul', 'MÊS_jun', 'MÊS_mai', 'MÊS_mar', 'MÊS_out', 'MÊS_set', 'ANO_2021', 'ANO_2016', 'ANO_2018', 'ANO_2020', 'CAMPUS_ASSIS CHATEAUBRIAND', 'CAMPUS_ASTORGA', 'CAMPUS_BARRACÃO', 'CAMPUS_CAMPO LARGO', 'CAMPUS_CASCAVEL', 'CAMPUS_FOZ DO IGUAÇU', 'CAMPUS_GOIOERÊ', 'CAMPUS_IVAIPORÃ', 'CAMPUS_JAGUARIAÍVA', 'CAMPUS_LONDRINA - CENTRO', 'CAMPUS_PALMAS', 'CAMPUS_PARANAGUÁ', 'CAMPUS_PARANAVAÍ', 'CAMPUS_PINHAIS', 'CAMPUS_TELÊMACO BORBA', 'CURSOS_TEC_SUBSEQUENTE', 'CURSOS_GRAD_VESPERTINO', 'CURSOS_POS', 'GREVE', 'ORDEM', 'LAG_02', 'LAG_03', 'LAG_07', 'LAG_08', 'LAG_09');0.32662
('TEMP_MIN_MÉD_MENS', 'TEMP_MÉD_MIN_MENS', 'TEMP_MÉD_MÉD_MENS', 'TEMP_MÉD_MAX_MENS', 'TEMP_MÉD_ACC_MENS', 'PRECIPITAÇÃO_MÉD_MENS', 'TEMP_MIN_ACC_MENS', 'TEMP_MAX_MIN_MENS', 'PRECIPITAÇÃO_MIN_MENS', 'PRECIPITAÇÃO_ACC_MENS', 'DIA_DA_SEMANA_qui', 'DIA_DA_SEMANA_sex', 'DIA_DA_SEMANA_ter', 'MÊS_abr', 'MÊS_ago', 'MÊS_fev', 'MÊS_jul', 'MÊS_mar', 'MÊS_out', 'MÊS_set', 'ANO_2024', 'ANO_2015', 'ANO_2016', 'ANO_2017', 'ANO_2018', 'ANO_2019', 'ANO_2020', 'CAMPUS_ASSIS CHATEAUBRIAND', 'CAMPUS_ASTORGA', 'CAMPUS_BARRACÃO', 'CAMPUS_CAMPO LARGO', 'CAMPUS_CAPANEMA', 'CAMPUS_CORONEL VIVIDA', 'CAMPUS_CURITIBA', 'CAMPUS_GOIOERÊ', 'CAMPUS_IVAIPORÃ', 'CAMPUS_JAGUARIAÍVA', 'CAMPUS_PARANAVAÍ', 'CAMPUS_PINHAIS', 'CAMPUS_PITANGA', 'CAMPUS_QUEDAS DO IGUAÇU', 'CAMPUS_TELÊMACO BORBA', 'CURSOS_TEC_CONCOMITANTE', 'CURSOS_GRAD_MATUTINO', 'CURSOS_GRAD_VESPERTINO', 'CURSOS_GRAD_NOTURNO', 'CURSOS_POS', 'FÉRIAS', 'FERIADO', 'LAG_04', 'LAG_05', 'LAG_08', 'LAG_10', 'LAG_11');0.32668
('TEMP_MÉD_MIN_MENS', 'TEMP_MÉD_MÉD_MENS', 'TEMP_MÉD_ACC_MENS', 'TEMP_MAX_MÉD_MENS', 'PRECIPITAÇÃO_MÉD_MENS', 'TEMP_MIN_MAX_MENS', 'TEMP_MIN_ACC_MENS', 'TEMP_MAX_MAX_MENS', 'TEMP_MAX_ACC_MENS', 'PRECIPITAÇÃO_ACC_MENS', 'DIA_DA_SEMANA_qua', 'DIA_DA_SEMANA_qui', 'DIA_DA_SEMANA_seg', 'DIA_DA_SEMANA_sáb', 'DIA_DA_SEMANA_ter', 'MÊS_abr', 'MÊS_ago', 'MÊS_dez', 'MÊS_mai', 'MÊS_mar', 'MÊS_nov', 'MÊS_out', 'MÊS_set', 'ANO_2022', 'ANO_2023', 'ANO_2024', 'ANO_2017', 'ANO_2018', 'ANO_2019', 'CAMPUS_ASSIS CHATEAUBRIAND', 'CAMPUS_BARRACÃO', 'CAMPUS_CORONEL VIVIDA', 'CAMPUS_CURITIBA', 'CAMPUS_FOZ DO IGUAÇU', 'CAMPUS_GOIOERÊ', 'CAMPUS_JACAREZINHO', 'CAMPUS_LONDRINA - CENTRO', 'CAMPUS_PALMAS', 'CAMPUS_PARANAGUÁ', 'CAMPUS_PITANGA', 'CAMPUS_TELÊMACO BORBA', 'CAMPUS_UMUARAMA', 'CAMPUS_UNIÃO DA VITÓRIA', 'CURSOS_GRAD_NOTURNO', 'CURSOS_POS', 'GREVE', 'LAG_01', 'LAG_03', 'LAG_04', 'LAG_05', 'LAG_07', 'LAG_08', 'LAG_09');0.32719
('TEMP_MIN_MÉD_MENS', 'TEMP_MÉD_MÉD_MENS', 'TEMP_MÉD_ACC_MENS', 'PRECIPITAÇÃO_MÉD_MENS', 'TEMP_MIN_MIN_MENS', 'TEMP_MIN_MAX_MENS', 'TEMP_MIN_ACC_MENS', 'TEMP_MAX_MIN_MENS', 'PRECIPITAÇÃO_MIN_MENS', 'TEMP_MAX_MAX_MENS', 'TEMP_MAX_ACC_MENS', 'PRECIPITAÇÃO_MAX_MENS', 'DIA_DA_SEMANA_dom', 'DIA_DA_SEMANA_qua', 'DIA_DA_SEMANA_seg', 'DIA_DA_SEMANA_sex', 'DIA_DA_SEMANA_sáb', 'DIA_DA_SEMANA_ter', 'MÊS_dez', 'MÊS_fev', 'MÊS_jan', 'MÊS_jun', 'MÊS_mai', 'MÊS_nov', 'MÊS_out', 'MÊS_set', 'ANO_2022', 'ANO_2016', 'ANO_2017', 'ANO_2018', 'ANO_2020', 'CAMPUS_ASSIS CHATEAUBRIAND', 'CAMPUS_ASTORGA', 'CAMPUS_BARRACÃO', 'CAMPUS_CAMPO LARGO', 'CAMPUS_CAPANEMA', 'CAMPUS_CASCAVEL', 'CAMPUS_CURITIBA', 'CAMPUS_GOIOERÊ', 'CAMPUS_JACAREZINHO', 'CAMPUS_LONDRINA - CENTRO', 'CAMPUS_PALMAS', 'CAMPUS_PARANAGUÁ', 'CAMPUS_PARANAVAÍ', 'CAMPUS_PINHAIS', 'CAMPUS_QUEDAS DO IGUAÇU', 'CAMPUS_UMUARAMA', 'CAMPUS_UNIÃO DA VITÓRIA', 'CURSOS_TEC_INTEGRADO', 'CURSOS_GRAD_VESPERTINO', 'CURSOS_GRAD_NOTURNO', 'FERIADO', 'ORDEM', 'LAG_01', 'LAG_02', 'LAG_03', 'LAG_04', 'LAG_08', 'LAG_09', 'LAG_10', 'LAG_11');0.32727
('TEMP_MÉD_MIN_MENS', 'TEMP_MÉD_MÉD_MENS', 'TEMP_MÉD_MAX_MENS', 'TEMP_MIN_MIN_MENS', 'TEMP_MIN_MAX_MENS', 'TEMP_MIN_ACC_MENS', 'TEMP_MAX_MAX_MENS', 'PRECIPITAÇÃO_MAX_MENS', 'PRECIPITAÇÃO_ACC_MENS', 'DIA_DA_SEMANA_qua', 'DIA_DA_SEMANA_seg', 'DIA_DA_SEMANA_sex', 'DIA_DA_SEMANA_sáb', 'DIA_DA_SEMANA_ter', 'MÊS_ago', 'MÊS_fev', 'MÊS_jul', 'MÊS_jun', 'MÊS_nov', 'MÊS_out', 'MÊS_set', 'ANO_2021', 'ANO_2022', 'ANO_2024', 'ANO_2015', 'ANO_2016', 'ANO_2017', 'CAMPUS_BARRACÃO', 'CAMPUS_CAPANEMA', 'CAMPUS_CORONEL VIVIDA', 'CAMPUS_CURITIBA', 'CAMPUS_FOZ DO IGUAÇU', 'CAMPUS_IVAIPORÃ', 'CAMPUS_JACAREZINHO', 'CAMPUS_JAGUARIAÍVA', 'CAMPUS_LONDRINA - CENTRO', 'CAMPUS_PARANAGUÁ', 'CAMPUS_PARANAVAÍ', 'CAMPUS_PINHAIS', 'CAMPUS_PITANGA', 'CAMPUS_UMUARAMA', 'CAMPUS_UNIÃO DA VITÓRIA', 'CURSOS_TEC_CONCOMITANTE', 'CURSOS_TEC_INTEGRADO', 'CURSOS_GRAD_MATUTINO', 'CURSOS_GRAD_VESPERTINO', 'CURSOS_GRAD_NOTURNO', 'CURSOS_POS', 'FÉRIAS', 'GREVE', 'LAG_01', 'LAG_02', 'LAG_03', 'LAG_04', 'LAG_05', 'LAG_08', 'LAG_10', 'LAG_11', 'LAG_12');0.32807
('TEMP_MÉD_MIN_MENS', 'TEMP_MÉD_MAX_MENS', 'TEMP_MÉD_ACC_MENS', 'TEMP_MIN_ACC_MENS', 'PRECIPITAÇÃO_MIN_MENS', 'TEMP_MAX_MAX_MENS', 'PRECIPITAÇÃO_MAX_MENS', 'DIA_DA_SEMANA_dom', 'DIA_DA_SEMANA_qui', 'DIA_DA_SEMANA_seg', 'DIA_DA_SEMANA_sex', 'DIA_DA_SEMANA_sáb', 'DIA_DA_SEMANA_ter', 'MÊS_fev', 'MÊS_jun', 'MÊS_mai', 'MÊS_nov', 'ANO_2021', 'ANO_2022', 'ANO_2024', 'ANO_2015', 'ANO_2016', 'ANO_2017', 'ANO_2020', 'CAMPUS_ASSIS CHATEAUBRIAND', 'CAMPUS_ASTORGA', 'CAMPUS_BARRACÃO', 'CAMPUS_CAPANEMA', 'CAMPUS_FOZ DO IGUAÇU', 'CAMPUS_IRATI', 'CAMPUS_IVAIPORÃ', 'CAMPUS_JACAREZINHO', 'CAMPUS_JAGUARIAÍVA', 'CAMPUS_LONDRINA - CENTRO', 'CAMPUS_PALMAS', 'CAMPUS_PARANAVAÍ', 'CAMPUS_PINHAIS', 'CAMPUS_TELÊMACO BORBA', 'CAMPUS_UNIÃO DA VITÓRIA', 'CURSOS_TEC_CONCOMITANTE', 'CURSOS_TEC_SUBSEQUENTE', 'CURSOS_GRAD_MATUTINO', 'CURSOS_GRAD_NOTURNO', 'CURSOS_POS', 'FERIADO', 'LAG_01', 'LAG_03', 'LAG_06', 'LAG_07', 'LAG_08', 'LAG_11', 'LAG_12');0.32826
('TEMP_MIN_MÉD_MENS', 'TEMP_MÉD_MIN_MENS', 'TEMP_MÉD_MÉD_MENS', 'TEMP_MÉD_ACC_MENS', 'TEMP_MAX_MÉD_MENS', 'PRECIPITAÇÃO_MÉD_MENS', 'TEMP_MIN_MIN_MENS', 'TEMP_MIN_MAX_MENS', 'PRECIPITAÇÃO_MIN_MENS', 'TEMP_MAX_MAX_MENS', 'TEMP_MAX_ACC_MENS', 'PRECIPITAÇÃO_ACC_MENS', 'DIA_DA_SEMANA_qua', 'DIA_DA_SEMANA_seg', 'DIA_DA_SEMANA_sex', 'DIA_DA_SEMANA_ter', 'MÊS_abr', 'MÊS_ago', 'MÊS_dez', 'MÊS_fev', 'MÊS_jan', 'MÊS_mai', 'MÊS_mar', 'MÊS_nov', 'MÊS_out', 'ANO_2021', 'ANO_2022', 'ANO_2024', 'ANO_2017', 'ANO_2019', 'CAMPUS_ASSIS CHATEAUBRIAND', 'CAMPUS_ASTORGA', 'CAMPUS_CAPANEMA', 'CAMPUS_CASCAVEL', 'CAMPUS_CORONEL VIVIDA', 'CAMPUS_CURITIBA', 'CAMPUS_GOIOERÊ', 'CAMPUS_IVAIPORÃ', 'CAMPUS_JACAREZINHO', 'CAMPUS_JAGUARIAÍVA', 'CAMPUS_PARANAGUÁ', 'CAMPUS_PARANAVAÍ', 'CAMPUS_PINHAIS', 'CAMPUS_TELÊMACO BORBA', 'CAMPUS_UMUARAMA', 'CAMPUS_UNIÃO DA VITÓRIA', 'CURSOS_TEC_CONCOMITANTE', 'CURSOS_TEC_INTEGRADO', 'CURSOS_TEC_SUBSEQUENTE', 'CURSOS_GRAD_MATUTINO', 'CURSOS_GRAD_VESPERTINO', 'CURSOS_GRAD_NOTURNO', 'FERIADO', 'COVID', 'GREVE', 'LAG_04', 'LAG_07', 'LAG_08', 'LAG_10', 'LAG_12');0.32832
('TEMP_MIN_MÉD_MENS', 'TEMP_MÉD_MIN_MENS', 'TEMP_MÉD_MÉD_MENS', 'TEMP_MÉD_MAX_MENS', 'PRECIPITAÇÃO_MÉD_MENS', 'TEMP_MIN_MIN_MENS', 'TEMP_MIN_ACC_MENS', 'PRECIPITAÇÃO_MIN_MENS', 'TEMP_MAX_MAX_MENS', 'PRECIPITAÇÃO_ACC_MENS', 'DIA_DA_SEMANA_dom', 'DIA_DA_SEMANA_qui', 'DIA_DA_SEMANA_seg', 'DIA_DA_SEMANA_sáb', 'DIA_DA_SEMANA_ter', 'MÊS_abr', 'MÊS_dez', 'MÊS_fev', 'MÊS_mai', 'MÊS_nov', 'MÊS_out', 'ANO_2021', 'ANO_2015', 'ANO_2016', 'ANO_2017', 'CAMPUS_ASSIS CHATEAUBRIAND', 'CAMPUS_ASTORGA', 'CAMPUS_CAMPO LARGO', 'CAMPUS_CASCAVEL', 'CAMPUS_CURITIBA', 'CAMPUS_FOZ DO IGUAÇU', 'CAMPUS_GOIOERÊ', 'CAMPUS_IRATI', 'CAMPUS_JAGUARIAÍVA', 'CAMPUS_LONDRINA - CENTRO', 'CAMPUS_PALMAS', 'CAMPUS_PARANAVAÍ', 'CAMPUS_PINHAIS', 'CAMPUS_PITANGA', 'CAMPUS_QUEDAS DO IGUAÇU', 'CAMPUS_TELÊMACO BORBA', 'CAMPUS_UMUARAMA', 'CURSOS_TEC_CONCOMITANTE', 'CURSOS_TEC_INTEGRADO', 'CURSOS_TEC_SUBSEQUENTE', 'CURSOS_GRAD_MATUTINO', 'CURSOS_GRAD_VESPERTINO', 'CURSOS_POS', 'FERIADO', 'COVID', 'GREVE', 'LAG_02', 'LAG_03', 'LAG_04', 'LAG_05', 'LAG_08', 'LAG_09', 'LAG_10', 'LAG_12');0.32905
('TEMP_MÉD_MIN_MENS', 'TEMP_MÉD_MÉD_MENS', 'TEMP_MÉD_MAX_MENS', 'TEMP_MÉD_ACC_MENS', 'TEMP_MAX_MIN_MENS', 'PRECIPITAÇÃO_MIN_MENS', 'TEMP_MAX_MAX_MENS', 'TEMP_MAX_ACC_MENS', 'DIA_DA_SEMANA_qua', 'DIA_DA_SEMANA_qui', 'DIA_DA_SEMANA_sex', 'DIA_DA_SEMANA_sáb', 'DIA_DA_SEMANA_ter', 'MÊS_ago', 'MÊS_dez', 'MÊS_jul', 'MÊS_jun', 'MÊS_mai', 'MÊS_mar', 'MÊS_nov', 'MÊS_out', 'MÊS_set', 'ANO_2022', 'ANO_2020', 'CAMPUS_ASSIS CHATEAUBRIAND', 'CAMPUS_ASTORGA', 'CAMPUS_BARRACÃO', 'CAMPUS_CAPANEMA', 'CAMPUS_CASCAVEL', 'CAMPUS_CORONEL VIVIDA', 'CAMPUS_CURITIBA', 'CAMPUS_FOZ DO IGUAÇU', 'CAMPUS_GOIOERÊ', 'CAMPUS_IRATI', 'CAMPUS_IVAIPORÃ', 'CAMPUS_JACAREZINHO', 'CAMPUS_PARANAGUÁ', 'CAMPUS_PARANAVAÍ', 'CAMPUS_QUEDAS DO IGUAÇU', 'CAMPUS_TELÊMACO BORBA', 'CURSOS_TEC_INTEGRADO', 'CURSOS_TEC_SUBSEQUENTE', 'CURSOS_GRAD_NOTURNO', 'CURSOS_POS', 'FERIADO', 'LAG_01', 'LAG_02', 'LAG_03', 'LAG_07', 'LAG_08', 'LAG_10', 'LAG_11');0.32928
('TEMP_MIN_MÉD_MENS', 'TEMP_MÉD_MÉD_MENS', 'TEMP_MÉD_MAX_MENS', 'TEMP_MÉD_ACC_MENS', 'PRECIPITAÇÃO_MÉD_MENS', 'TEMP_MIN_MAX_MENS', 'TEMP_MAX_MIN_MENS', 'PRECIPITAÇÃO_MIN_MENS', 'TEMP_MAX_MAX_MENS', 'PRECIPITAÇÃO_MAX_MENS', 'PRECIPITAÇÃO_ACC_MENS', 'DIA_DA_SEMANA_qui', 'DIA_DA_SEMANA_sáb', 'MÊS_ago', 'MÊS_dez', 'MÊS_jan', 'MÊS_jul', 'MÊS_mai', 'MÊS_mar', 'MÊS_nov', 'MÊS_set', 'ANO_2023', 'ANO_2016', 'ANO_2017', 'ANO_2019', 'CAMPUS_BARRACÃO', 'CAMPUS_CURITIBA', 'CAMPUS_FOZ DO IGUAÇU', 'CAMPUS_GOIOERÊ', 'CAMPUS_IRATI', 'CAMPUS_JAGUARIAÍVA', 'CAMPUS_PARANAGUÁ', 'CAMPUS_PARANAVAÍ', 'CAMPUS_PINHAIS', 'CAMPUS_PITANGA', 'CAMPUS_QUEDAS DO IGUAÇU', 'CAMPUS_UMUARAMA', 'CAMPUS_UNIÃO DA VITÓRIA', 'CURSOS_TEC_CONCOMITANTE', 'CURSOS_TEC_SUBSEQUENTE', 'CURSOS_GRAD_MATUTINO', 'CURSOS_GRAD_VESPERTINO', 'CURSOS_GRAD_NOTURNO', 'FERIADO', 'LAG_01', 'LAG_04', 'LAG_07', 'LAG_08', 'LAG_09', 'LAG_12');0.32972
('TEMP_MÉD_MAX_MENS', 'TEMP_MÉD_ACC_MENS', 'TEMP_MAX_MÉD_MENS', 'PRECIPITAÇÃO_MÉD_MENS', 'TEMP_MIN_MAX_MENS', 'TEMP_MIN_ACC_MENS', 'TEMP_MAX_MIN_MENS', 'PRECIPITAÇÃO_MAX_MENS', 'DIA_DA_SEMANA_dom', 'DIA_DA_SEMANA_seg', 'DIA_DA_SEMANA_sex', 'MÊS_abr', 'MÊS_ago', 'MÊS_dez', 'MÊS_fev', 'MÊS_jul', 'MÊS_jun', 'MÊS_mai', 'MÊS_mar', 'MÊS_nov', 'MÊS_set', 'ANO_2021', 'ANO_2022', 'ANO_2023', 'ANO_2024', 'ANO_2015', 'ANO_2017', 'ANO_2018', 'CAMPUS_BARRACÃO', 'CAMPUS_CASCAVEL', 'CAMPUS_FOZ DO IGUAÇU', 'CAMPUS_GOIOERÊ', 'CAMPUS_IRATI', 'CAMPUS_IVAIPORÃ', 'CAMPUS_JACAREZINHO', 'CAMPUS_LONDRINA - CENTRO', 'CAMPUS_PALMAS', 'CAMPUS_PITANGA', 'CAMPUS_UMUARAMA', 'CURSOS_TEC_SUBSEQUENTE', 'CURSOS_GRAD_VESPERTINO', 'FERIADO', 'GREVE', 'LAG_01', 'LAG_04', 'LAG_07', 'LAG_11', 'LAG_12');0.33012
('TEMP_MÉD_MIN_MENS', 'TEMP_MÉD_MÉD_MENS', 'TEMP_MÉD_MAX_MENS', 'TEMP_MÉD_ACC_MENS', 'TEMP_MAX_MÉD_MENS', 'TEMP_MIN_MAX_MENS', 'TEMP_MIN_ACC_MENS', 'PRECIPITAÇÃO_MAX_MENS', 'DIA_DA_SEMANA_qua', 'DIA_DA_SEMANA_sex', 'DIA_DA_SEMANA_sáb', 'DIA_DA_SEMANA_ter', 'MÊS_ago', 'MÊS_jan', 'MÊS_mai', 'MÊS_mar', 'MÊS_nov', 'MÊS_out', 'MÊS_set', 'ANO_2021', 'ANO_2024', 'ANO_2016', 'ANO_2017', 'ANO_2019', 'ANO_2020', 'CAMPUS_ASTORGA', 'CAMPUS_BARRACÃO', 'CAMPUS_CAPANEMA', 'CAMPUS_CORONEL VIVIDA', 'CAMPUS_CURITIBA', 'CAMPUS_FOZ DO IGUAÇU', 'CAMPUS_GOIOERÊ', 'CAMPUS_IRATI', 'CAMPUS_IVAIPORÃ', 'CAMPUS_JAGUARIAÍVA', 'CAMPUS_PALMAS', 'CAMPUS_PARANAVAÍ', 'CAMPUS_PINHAIS', 'CAMPUS_PITANGA', 'CAMPUS_UNIÃO DA VITÓRIA', 'CURSOS_TEC_CONCOMITANTE', 'CURSOS_TEC_INTEGRADO', 'CURSOS_TEC_SUBSEQUENTE', 'CURSOS_GRAD_MATUTINO', 'CURSOS_GRAD_VESPERTINO', 'CURSOS_GRAD_NOTURNO', 'FÉRIAS', 'FERIADO', 'LAG_02', 'LAG_06', 'LAG_11', 'LAG_12');0.33064
('TEMP_MIN_MÉD_MENS', 'TEMP_MÉD_ACC_MENS', 'TEMP_MAX_MÉD_MENS', 'PRECIPITAÇÃO_MÉD_MENS', 'TEMP_MIN_ACC_MENS', 'TEMP_MAX_MIN_MENS', 'PRECIPITAÇÃO_MIN_MENS', 'TEMP_MAX_ACC_MENS', 'PRECIPITAÇÃO_MAX_MENS', 'DIA_DA_SEMANA_dom', 'DIA_DA_SEMANA_qua', 'DIA_DA_SEMANA_qui', 'DIA_DA_SEMANA_seg', 'MÊS_dez', 'MÊS_jan', 'MÊS_jul', 'MÊS_jun', 'MÊS_mar', 'MÊS_out', 'ANO_2021', 'ANO_2022', 'ANO_2023', 'ANO_2024', 'ANO_2016', 'ANO_2017', 'ANO_2019', 'ANO_2020', 'CAMPUS_BARRACÃO', 'CAMPUS_CASCAVEL', 'CAMPUS_CORONEL VIVIDA', 'CAMPUS_FOZ DO IGUAÇU', 'CAMPUS_GOIOERÊ', 'CAMPUS_IRATI', 'CAMPUS_IVAIPORÃ', 'CAMPUS_PINHAIS', 'CAMPUS_TELÊMACO BORBA', 'CAMPUS_UMUARAMA', 'CAMPUS_UNIÃO DA VITÓRIA', 'CURSOS_TEC_CONCOMITANTE', 'CURSOS_TEC_INTEGRADO', 'CURSOS_TEC_SUBSEQUENTE', 'CURSOS_GRAD_VESPERTINO', 'CURSOS_GRAD_NOTURNO', 'CURSOS_POS', 'FERIADO', 'GREVE', 'LAG_01', 'LAG_04', 'LAG_08', 'LAG_11', 'LAG_12');0.3311
('TEMP_MIN_MÉD_MENS', 'TEMP_MÉD_MIN_MENS', 'TEMP_MÉD_MAX_MENS', 'TEMP_MÉD_ACC_MENS', 'TEMP_MAX_MÉD_MENS', 'PRECIPITAÇÃO_MÉD_MENS', 'TEMP_MIN_MAX_MENS', 'TEMP_MAX_MAX_MENS', 'PRECIPITAÇÃO_MAX_MENS', 'DIA_DA_SEMANA_qua', 'DIA_DA_SEMANA_qui', 'DIA_DA_SEMANA_sex', 'DIA_DA_SEMANA_sáb', 'MÊS_ago', 'MÊS_fev', 'MÊS_out', 'ANO_2021', 'ANO_2024', 'ANO_2017', 'ANO_2018', 'ANO_2019', 'CAMPUS_ASSIS CHATEAUBRIAND', 'CAMPUS_ASTORGA', 'CAMPUS_BARRACÃO', 'CAMPUS_CAMPO LARGO', 'CAMPUS_CAPANEMA', 'CAMPUS_CASCAVEL', 'CAMPUS_CORONEL VIVIDA', 'CAMPUS_CURITIBA', 'CAMPUS_GOIOERÊ', 'CAMPUS_IVAIPORÃ', 'CAMPUS_JACAREZINHO', 'CAMPUS_JAGUARIAÍVA', 'CAMPUS_PALMAS', 'CAMPUS_PINHAIS', 'CAMPUS_PITANGA', 'CAMPUS_UNIÃO DA VITÓRIA', 'CURSOS_TEC_CONCOMITANTE', 'CURSOS_TEC_INTEGRADO', 'CURSOS_TEC_SUBSEQUENTE', 'CURSOS_GRAD_MATUTINO', 'CURSOS_GRAD_VESPERTINO', 'CURSOS_GRAD_NOTURNO', 'CURSOS_POS', 'FERIADO', 'GREVE', 'ORDEM', 'LAG_01', 'LAG_02', 'LAG_07', 'LAG_08', 'LAG_11', 'LAG_12');0.33118
('TEMP_MIN_MÉD_MENS', 'TEMP_MÉD_MIN_MENS', 'TEMP_MÉD_ACC_MENS', 'PRECIPITAÇÃO_MÉD_MENS', 'TEMP_MIN_MAX_MENS', 'PRECIPITAÇÃO_MIN_MENS', 'TEMP_MAX_MAX_MENS', 'DIA_DA_SEMANA_qui', 'DIA_DA_SEMANA_seg', 'DIA_DA_SEMANA_ter', 'MÊS_ago', 'MÊS_dez', 'MÊS_jul', 'MÊS_mai', 'MÊS_mar', 'MÊS_out', 'MÊS_set', 'ANO_2021', 'ANO_2023', 'ANO_2015', 'ANO_2016', 'ANO_2018', 'ANO_2019', 'ANO_2020', 'CAMPUS_ASTORGA', 'CAMPUS_BARRACÃO', 'CAMPUS_CASCAVEL', 'CAMPUS_CURITIBA', 'CAMPUS_FOZ DO IGUAÇU', 'CAMPUS_GOIOERÊ', 'CAMPUS_IRATI', 'CAMPUS_IVAIPORÃ', 'CAMPUS_JACAREZINHO', 'CAMPUS_PARANAVAÍ', 'CAMPUS_QUEDAS DO IGUAÇU', 'CAMPUS_TELÊMACO BORBA', 'CAMPUS_UMUARAMA', 'CURSOS_TEC_INTEGRADO', 'CURSOS_TEC_SUBSEQUENTE', 'CURSOS_GRAD_NOTURNO', 'CURSOS_POS', 'FÉRIAS', 'FERIADO', 'GREVE', 'LAG_02', 'LAG_03', 'LAG_04', 'LAG_09', 'LAG_10', 'LAG_12');0.33221
('TEMP_MÉD_MIN_MENS', 'TEMP_MÉD_MÉD_MENS', 'TEMP_MÉD_MAX_MENS', 'TEMP_MÉD_ACC_MENS', 'TEMP_MAX_MÉD_MENS', 'PRECIPITAÇÃO_MÉD_MENS', 'TEMP_MIN_MIN_MENS', 'TEMP_MIN_MAX_MENS', 'TEMP_MAX_MIN_MENS', 'TEMP_MAX_MAX_MENS', 'TEMP_MAX_ACC_MENS', 'PRECIPITAÇÃO_ACC_MENS', 'DIA_DA_SEMANA_qua', 'DIA_DA_SEMANA_sex', 'DIA_DA_SEMANA_sáb', 'DIA_DA_SEMANA_ter', 'MÊS_dez', 'MÊS_fev', 'MÊS_jul', 'MÊS_jun', 'MÊS_mar', 'MÊS_set', 'ANO_2022', 'ANO_2023', 'ANO_2024', 'ANO_2015', 'ANO_2017', 'ANO_2018', 'ANO_2019', 'ANO_2020', 'CAMPUS_ASSIS CHATEAUBRIAND', 'CAMPUS_ASTORGA', 'CAMPUS_BARRACÃO', 'CAMPUS_CASCAVEL', 'CAMPUS_FOZ DO IGUAÇU', 'CAMPUS_GOIOERÊ', 'CAMPUS_IRATI', 'CAMPUS_LONDRINA - CENTRO', 'CAMPUS_PARANAVAÍ', 'CAMPUS_PINHAIS', 'CAMPUS_PITANGA', 'CAMPUS_QUEDAS DO IGUAÇU', 'CAMPUS_UMUARAMA', 'CAMPUS_UNIÃO DA VITÓRIA', 'CURSOS_TEC_CONCOMITANTE', 'CURSOS_GRAD_NOTURNO', 'FÉRIAS', 'FERIADO', 'LAG_02', 'LAG_04', 'LAG_07', 'LAG_08', 'LAG_09', 'LAG_10', 'LAG_11', 'LAG_12');0.33309
('TEMP_MÉD_MÉD_MENS', 'TEMP_MAX_MÉD_MENS', 'PRECIPITAÇÃO_MÉD_MENS', 'TEMP_MIN_MIN_MENS', 'TEMP_MAX_MAX_MENS', 'PRECIPITAÇÃO_MAX_MENS', 'PRECIPITAÇÃO_ACC_MENS', 'DIA_DA_SEMANA_dom', 'DIA_DA_SEMANA_qui', 'DIA_DA_SEMANA_seg', 'DIA_DA_SEMANA_sáb', 'DIA_DA_SEMANA_ter', 'MÊS_abr', 'MÊS_ago', 'MÊS_jan', 'MÊS_jun', 'MÊS_mai', 'MÊS_mar', 'MÊS_nov', 'MÊS_set', 'ANO_2021', 'ANO_2023', 'ANO_2015', 'ANO_2016', 'ANO_2019', 'ANO_2020', 'CAMPUS_ASSIS CHATEAUBRIAND', 'CAMPUS_CAMPO LARGO', 'CAMPUS_CAPANEMA', 'CAMPUS_CORONEL VIVIDA', 'CAMPUS_CURITIBA', 'CAMPUS_IRATI', 'CAMPUS_IVAIPORÃ', 'CAMPUS_JAGUARIAÍVA', 'CAMPUS_LONDRINA - CENTRO', 'CAMPUS_PALMAS', 'CAMPUS_PARANAGUÁ', 'CAMPUS_PARANAVAÍ', 'CAMPUS_UMUARAMA', 'CAMPUS_UNIÃO DA VITÓRIA', 'CURSOS_TEC_CONCOMITANTE', 'CURSOS_TEC_INTEGRADO', 'CURSOS_TEC_SUBSEQUENTE', 'CURSOS_GRAD_MATUTINO', 'CURSOS_GRAD_VESPERTINO', 'CURSOS_POS', 'COVID', 'GREVE', 'LAG_02', 'LAG_03', 'LAG_04', 'LAG_05', 'LAG_08', 'LAG_09', 'LAG_10', 'LAG_11', 'LAG_12');0.33326
('TEMP_MÉD_MÉD_MENS', 'TEMP_MÉD_MAX_MENS', 'TEMP_MÉD_ACC_MENS', 'PRECIPITAÇÃO_MÉD_MENS', 'TEMP_MIN_MIN_MENS', 'TEMP_MAX_MAX_MENS', 'TEMP_MAX_ACC_MENS', 'PRECIPITAÇÃO_MAX_MENS', 'DIA_DA_SEMANA_qui', 'DIA_DA_SEMANA_seg', 'DIA_DA_SEMANA_sex', 'MÊS_ago', 'MÊS_dez', 'MÊS_jan', 'MÊS_jul', 'MÊS_jun', 'MÊS_mai', 'MÊS_mar', 'MÊS_nov', 'MÊS_out', 'ANO_2021', 'ANO_2024', 'ANO_2015', 'ANO_2016', 'ANO_2017', 'ANO_2019', 'ANO_2020', 'CAMPUS_ASTORGA', 'CAMPUS_CAMPO LARGO', 'CAMPUS_CORONEL VIVIDA', 'CAMPUS_CURITIBA', 'CAMPUS_GOIOERÊ', 'CAMPUS_IRATI', 'CAMPUS_JACAREZINHO', 'CAMPUS_JAGUARIAÍVA', 'CAMPUS_LONDRINA - CENTRO', 'CAMPUS_PARANAVAÍ', 'CAMPUS_UNIÃO DA VITÓRIA', 'CURSOS_TEC_SUBSEQUENTE', 'CURSOS_GRAD_MATUTINO', 'CURSOS_GRAD_VESPERTINO', 'CURSOS_GRAD_NOTURNO', 'CURSOS_POS', 'LAG_01', 'LAG_02', 'LAG_03', 'LAG_05', 'LAG_07', 'LAG_08', 'LAG_11', 'LAG_12');0.3337
('TEMP_MÉD_MÉD_MENS', 'TEMP_MÉD_MAX_MENS', 'TEMP_MAX_MÉD_MENS', 'PRECIPITAÇÃO_MÉD_MENS', 'TEMP_MIN_MAX_MENS', 'TEMP_MAX_ACC_MENS', 'PRECIPITAÇÃO_MAX_MENS', 'PRECIPITAÇÃO_ACC_MENS', 'DIA_DA_SEMANA_qua', 'DIA_DA_SEMANA_qui', 'DIA_DA_SEMANA_seg', 'DIA_DA_SEMANA_sáb', 'DIA_DA_SEMANA_ter', 'MÊS_abr', 'MÊS_dez', 'MÊS_fev', 'MÊS_jan', 'MÊS_jul', 'MÊS_jun', 'MÊS_mai', 'MÊS_mar', 'ANO_2021', 'ANO_2024', 'ANO_2015', 'ANO_2016', 'ANO_2018', 'ANO_2020', 'CAMPUS_ASSIS CHATEAUBRIAND', 'CAMPUS_ASTORGA', 'CAMPUS_BARRACÃO', 'CAMPUS_CAPANEMA', 'CAMPUS_CORONEL VIVIDA', 'CAMPUS_GOIOERÊ', 'CAMPUS_IRATI', 'CAMPUS_PARANAGUÁ', 'CAMPUS_PARANAVAÍ', 'CAMPUS_PITANGA', 'CAMPUS_TELÊMACO BORBA', 'CAMPUS_UMUARAMA', 'CAMPUS_UNIÃO DA VITÓRIA', 'CURSOS_TEC_CONCOMITANTE', 'CURSOS_TEC_SUBSEQUENTE', 'CURSOS_GRAD_NOTURNO', 'CURSOS_POS', 'FERIADO', 'GREVE', 'LAG_07', 'LAG_08', 'LAG_09', 'LAG_10', 'LAG_12');0.33372
('TEMP_MIN_MÉD_MENS', 'TEMP_MÉD_MIN_MENS', 'TEMP_MÉD_MÉD_MENS', 'TEMP_MÉD_ACC_MENS', 'TEMP_MAX_MÉD_MENS', 'PRECIPITAÇÃO_MÉD_MENS', 'TEMP_MIN_MIN_MENS', 'TEMP_MIN_ACC_MENS', 'TEMP_MAX_MIN_MENS', 'TEMP_MAX_MAX_MENS', 'TEMP_MAX_ACC_MENS', 'PRECIPITAÇÃO_MAX_MENS', 'DIA_DA_SEMANA_qua', 'DIA_DA_SEMANA_sex', 'DIA_DA_SEMANA_sáb', 'DIA_DA_SEMANA_ter', 'MÊS_fev', 'MÊS_jan', 'MÊS_jul', 'MÊS_jun', 'MÊS_mai', 'MÊS_mar', 'MÊS_nov', 'MÊS_set', 'ANO_2022', 'ANO_2024', 'ANO_2016', 'ANO_2017', 'ANO_2018', 'ANO_2020', 'CAMPUS_ASSIS CHATEAUBRIAND', 'CAMPUS_ASTORGA', 'CAMPUS_BARRACÃO', 'CAMPUS_CAMPO LARGO', 'CAMPUS_CASCAVEL', 'CAMPUS_CORONEL VIVIDA', 'CAMPUS_CURITIBA', 'CAMPUS_FOZ DO IGUAÇU', 'CAMPUS_GOIOERÊ', 'CAMPUS_IVAIPORÃ', 'CAMPUS_JACAREZINHO', 'CAMPUS_JAGUARIAÍVA', 'CAMPUS_LONDRINA - CENTRO', 'CAMPUS_PITANGA', 'CAMPUS_QUEDAS DO IGUAÇU', 'CAMPUS_TELÊMACO BORBA', 'CAMPUS_UMUARAMA', 'CURSOS_TEC_CONCOMITANTE', 'CURSOS_TEC_INTEGRADO', 'CURSOS_TEC_SUBSEQUENTE', 'CURSOS_GRAD_NOTURNO', 'CURSOS_POS', 'GREVE', 'LAG_02', 'LAG_03', 'LAG_04', 'LAG_05', 'LAG_06', 'LAG_07', 'LAG_08', 'LAG_11', 'LAG_12');0.33401
('TEMP_MIN_MÉD_MENS', 'TEMP_MÉD_MIN_MENS', 'TEMP_MÉD_MÉD_MENS', 'TEMP_MÉD_MAX_MENS', 'TEMP_MÉD_ACC_MENS', 'PRECIPITAÇÃO_MÉD_MENS', 'TEMP_MIN_MAX_MENS', 'TEMP_MIN_ACC_MENS', 'TEMP_MAX_MIN_MENS', 'PRECIPITAÇÃO_MIN_MENS', 'TEMP_MAX_MAX_MENS', 'TEMP_MAX_ACC_MENS', 'PRECIPITAÇÃO_MAX_MENS', 'PRECIPITAÇÃO_ACC_MENS', 'DIA_DA_SEMANA_dom', 'DIA_DA_SEMANA_seg', 'DIA_DA_SEMANA_ter', 'MÊS_dez', 'MÊS_fev', 'MÊS_jan', 'MÊS_jul', 'MÊS_jun', 'MÊS_mai', 'MÊS_mar', 'MÊS_nov', 'MÊS_out', 'ANO_2024', 'ANO_2015', 'ANO_2016', 'ANO_2017', 'ANO_2018', 'ANO_2019', 'ANO_2020', 'CAMPUS_ASSIS CHATEAUBRIAND', 'CAMPUS_BARRACÃO', 'CAMPUS_CAMPO LARGO', 'CAMPUS_CAPANEMA', 'CAMPUS_CASCAVEL', 'CAMPUS_CORONEL VIVIDA', 'CAMPUS_FOZ DO IGUAÇU', 'CAMPUS_IRATI', 'CAMPUS_IVAIPORÃ', 'CAMPUS_JAGUARIAÍVA', 'CAMPUS_LONDRINA - CENTRO', 'CAMPUS_PARANAGUÁ', 'CAMPUS_PINHAIS', 'CAMPUS_PITANGA', 'CAMPUS_TELÊMACO BORBA', 'CAMPUS_UMUARAMA', 'CAMPUS_UNIÃO DA VITÓRIA', 'CURSOS_TEC_CONCOMITANTE', 'CURSOS_TEC_SUBSEQUENTE', 'CURSOS_GRAD_VESPERTINO', 'FERIADO', 'COVID', 'LAG_02', 'LAG_04', 'LAG_07', 'LAG_08', 'LAG_10', 'LAG_11', 'LAG_12');0.33412
('TEMP_MIN_MÉD_MENS', 'TEMP_MÉD_MAX_MENS', 'PRECIPITAÇÃO_MÉD_MENS', 'TEMP_MIN_MAX_MENS', 'TEMP_MIN_ACC_MENS', 'TEMP_MAX_MIN_MENS', 'PRECIPITAÇÃO_MIN_MENS', 'TEMP_MAX_MAX_MENS', 'TEMP_MAX_ACC_MENS', 'PRECIPITAÇÃO_MAX_MENS', 'PRECIPITAÇÃO_ACC_MENS', 'DIA_DA_SEMANA_qui', 'DIA_DA_SEMANA_seg', 'DIA_DA_SEMANA_sex', 'DIA_DA_SEMANA_sáb', 'DIA_DA_SEMANA_ter', 'MÊS_abr', 'MÊS_dez', 'MÊS_fev', 'MÊS_jul', 'MÊS_jun', 'MÊS_mai', 'MÊS_mar', 'MÊS_nov', 'MÊS_set', 'ANO_2021', 'ANO_2015', 'ANO_2018', 'ANO_2019', 'CAMPUS_ASTORGA', 'CAMPUS_BARRACÃO', 'CAMPUS_CAPANEMA', 'CAMPUS_CORONEL VIVIDA', 'CAMPUS_CURITIBA', 'CAMPUS_FOZ DO IGUAÇU', 'CAMPUS_GOIOERÊ', 'CAMPUS_IRATI', 'CAMPUS_JACAREZINHO', 'CAMPUS_JAGUARIAÍVA', 'CAMPUS_LONDRINA - CENTRO', 'CAMPUS_PALMAS', 'CAMPUS_PARANAVAÍ', 'CAMPUS_PINHAIS', 'CAMPUS_PITANGA', 'CAMPUS_TELÊMACO BORBA', 'CAMPUS_UMUARAMA', 'CAMPUS_UNIÃO DA VITÓRIA', 'CURSOS_TEC_CONCOMITANTE', 'CURSOS_TEC_SUBSEQUENTE', 'CURSOS_GRAD_MATUTINO', 'CURSOS_GRAD_NOTURNO', 'CURSOS_POS', 'FÉRIAS', 'FERIADO', 'LAG_02', 'LAG_06', 'LAG_08', 'LAG_09', 'LAG_10', 'LAG_12');0.33435
('TEMP_MÉD_MAX_MENS', 'TEMP_MAX_MÉD_MENS', 'PRECIPITAÇÃO_MÉD_MENS', 'TEMP_MIN_MIN_MENS', 'TEMP_MAX_MIN_MENS', 'PRECIPITAÇÃO_MIN_MENS', 'PRECIPITAÇÃO_MAX_MENS', 'PRECIPITAÇÃO_ACC_MENS', 'DIA_DA_SEMANA_dom', 'DIA_DA_SEMANA_qua', 'DIA_DA_SEMANA_seg', 'DIA_DA_SEMANA_sex', 'DIA_DA_SEMANA_sáb', 'MÊS_ago', 'MÊS_dez', 'MÊS_jan', 'MÊS_jul', 'MÊS_mai', 'MÊS_mar', 'MÊS_out', 'ANO_2023', 'ANO_2015', 'ANO_2016', 'ANO_2018', 'ANO_2019', 'ANO_2020', 'CAMPUS_ASSIS CHATEAUBRIAND', 'CAMPUS_ASTORGA', 'CAMPUS_BARRACÃO', 'CAMPUS_CAMPO LARGO', 'CAMPUS_CAPANEMA', 'CAMPUS_CORONEL VIVIDA', 'CAMPUS_CURITIBA', 'CAMPUS_IRATI', 'CAMPUS_IVAIPORÃ', 'CAMPUS_JAGUARIAÍVA', 'CAMPUS_LONDRINA - CENTRO', 'CAMPUS_PARANAGUÁ', 'CAMPUS_PITANGA', 'CAMPUS_QUEDAS DO IGUAÇU', 'CAMPUS_UMUARAMA', 'CURSOS_TEC_INTEGRADO', 'CURSOS_TEC_SUBSEQUENTE', 'CURSOS_GRAD_MATUTINO', 'CURSOS_GRAD_VESPERTINO', 'CURSOS_POS', 'LAG_01', 'LAG_02', 'LAG_03', 'LAG_04', 'LAG_07', 'LAG_08', 'LAG_09', 'LAG_11', 'LAG_12');0.33475
('TEMP_MIN_MÉD_MENS', 'TEMP_MÉD_ACC_MENS', 'TEMP_MAX_MÉD_MENS', 'PRECIPITAÇÃO_MÉD_MENS', 'TEMP_MIN_MIN_MENS', 'TEMP_MIN_MAX_MENS', 'TEMP_MAX_MIN_MENS', 'TEMP_MAX_MAX_MENS', 'TEMP_MAX_ACC_MENS', 'PRECIPITAÇÃO_MAX_MENS', 'PRECIPITAÇÃO_ACC_MENS', 'DIA_DA_SEMANA_qui', 'DIA_DA_SEMANA_seg', 'MÊS_abr', 'MÊS_fev', 'MÊS_jan', 'MÊS_jun', 'MÊS_mar', 'MÊS_nov', 'MÊS_set', 'ANO_2021', 'ANO_2022', 'ANO_2024', 'ANO_2015', 'ANO_2016', 'ANO_2017', 'ANO_2020', 'CAMPUS_ASSIS CHATEAUBRIAND', 'CAMPUS_ASTORGA', 'CAMPUS_CAPANEMA', 'CAMPUS_CASCAVEL', 'CAMPUS_CORONEL VIVIDA', 'CAMPUS_IRATI', 'CAMPUS_IVAIPORÃ', 'CAMPUS_JACAREZINHO', 'CAMPUS_LONDRINA - CENTRO', 'CAMPUS_PARANAGUÁ', 'CAMPUS_PITANGA', 'CAMPUS_QUEDAS DO IGUAÇU', 'CAMPUS_UMUARAMA', 'CAMPUS_UNIÃO DA VITÓRIA', 'CURSOS_TEC_SUBSEQUENTE', 'CURSOS_GRAD_NOTURNO', 'FERIADO', 'COVID', 'GREVE', 'LAG_02', 'LAG_04', 'LAG_05', 'LAG_08', 'LAG_10', 'LAG_11');0.33481
('TEMP_MÉD_MÉD_MENS', 'TEMP_MAX_MÉD_MENS', 'PRECIPITAÇÃO_MÉD_MENS', 'TEMP_MIN_ACC_MENS', 'TEMP_MAX_MIN_MENS', 'PRECIPITAÇÃO_MIN_MENS', 'TEMP_MAX_MAX_MENS', 'PRECIPITAÇÃO_MAX_MENS', 'PRECIPITAÇÃO_ACC_MENS', 'DIA_DA_SEMANA_dom', 'DIA_DA_SEMANA_qua', 'DIA_DA_SEMANA_qui', 'DIA_DA_SEMANA_sex', 'DIA_DA_SEMANA_sáb', 'DIA_DA_SEMANA_ter', 'MÊS_dez', 'MÊS_jan', 'MÊS_mai', 'MÊS_mar', 'MÊS_nov', 'MÊS_out', 'ANO_2021', 'ANO_2024', 'ANO_2015', 'ANO_2016', 'ANO_2017', 'ANO_2018', 'ANO_2019', 'ANO_2020', 'CAMPUS_ASSIS CHATEAUBRIAND', 'CAMPUS_ASTORGA', 'CAMPUS_BARRACÃO', 'CAMPUS_CAMPO LARGO', 'CAMPUS_CURITIBA', 'CAMPUS_GOIOERÊ', 'CAMPUS_JACAREZINHO', 'CAMPUS_JAGUARIAÍVA', 'CAMPUS_LONDRINA - CENTRO', 'CAMPUS_PALMAS', 'CAMPUS_PARANAGUÁ', 'CAMPUS_PARANAVAÍ', 'CAMPUS_PINHAIS', 'CAMPUS_TELÊMACO BORBA', 'CAMPUS_UMUARAMA', 'CURSOS_TEC_INTEGRADO', 'CURSOS_TEC_SUBSEQUENTE', 'CURSOS_GRAD_VESPERTINO', 'CURSOS_GRAD_NOTURNO', 'FERIADO', 'COVID', 'GREVE', 'LAG_02', 'LAG_04', 'LAG_07', 'LAG_08', 'LAG_09', 'LAG_10', 'LAG_11');0.33524
('TEMP_MIN_MÉD_MENS', 'TEMP_MÉD_MIN_MENS', 'TEMP_MÉD_MÉD_MENS', 'TEMP_MÉD_MAX_MENS', 'TEMP_MÉD_ACC_MENS', 'TEMP_MAX_MÉD_MENS', 'PRECIPITAÇÃO_MÉD_MENS', 'TEMP_MIN_MIN_MENS', 'TEMP_MAX_MIN_MENS', 'PRECIPITAÇÃO_MIN_MENS', 'DIA_DA_SEMANA_qui', 'DIA_DA_SEMANA_sex', 'DIA_DA_SEMANA_ter', 'MÊS_ago', 'MÊS_fev', 'MÊS_jan', 'MÊS_jun', 'MÊS_mar', 'MÊS_nov', 'MÊS_set', 'ANO_2021', 'ANO_2022', 'ANO_2016', 'ANO_2017', 'ANO_2018', 'ANO_2019', 'ANO_2020', 'CAMPUS_ASSIS CHATEAUBRIAND', 'CAMPUS_BARRACÃO', 'CAMPUS_CORONEL VIVIDA', 'CAMPUS_GOIOERÊ', 'CAMPUS_IRATI', 'CAMPUS_JAGUARIAÍVA', 'CAMPUS_LONDRINA - CENTRO', 'CAMPUS_PALMAS', 'CAMPUS_PARANAVAÍ', 'CAMPUS_PITANGA', 'CAMPUS_QUEDAS DO IGUAÇU', 'CAMPUS_TELÊMACO BORBA', 'CAMPUS_UMUARAMA', 'CURSOS_TEC_CONCOMITANTE', 'CURSOS_TEC_INTEGRADO', 'CURSOS_GRAD_MATUTINO', 'CURSOS_GRAD_VESPERTINO', 'CURSOS_GRAD_NOTURNO', 'CURSOS_POS', 'FÉRIAS', 'FERIADO', 'LAG_02', 'LAG_04', 'LAG_06', 'LAG_07', 'LAG_08', 'LAG_09', 'LAG_10', 'LAG_11');0.33561
('TEMP_MÉD_MAX_MENS', 'TEMP_MÉD_ACC_MENS', 'TEMP_MAX_MÉD_MENS', 'PRECIPITAÇÃO_MÉD_MENS', 'TEMP_MIN_MAX_MENS', 'TEMP_MIN_ACC_MENS', 'TEMP_MAX_MIN_MENS', 'PRECIPITAÇÃO_MIN_MENS', 'TEMP_MAX_ACC_MENS', 'PRECIPITAÇÃO_MAX_MENS', 'PRECIPITAÇÃO_ACC_MENS', 'DIA_DA_SEMANA_dom', 'DIA_DA_SEMANA_qua', 'DIA_DA_SEMANA_qui', 'DIA_DA_SEMANA_seg', 'DIA_DA_SEMANA_sex', 'DIA_DA_SEMANA_ter', 'MÊS_ago', 'MÊS_fev', 'MÊS_jan', 'MÊS_out', 'MÊS_set', 'ANO_2021', 'ANO_2022', 'ANO_2016', 'ANO_2018', 'ANO_2020', 'CAMPUS_BARRACÃO', 'CAMPUS_CORONEL VIVIDA', 'CAMPUS_CURITIBA', 'CAMPUS_FOZ DO IGUAÇU', 'CAMPUS_IVAIPORÃ', 'CAMPUS_JAGUARIAÍVA', 'CAMPUS_LONDRINA - CENTRO', 'CAMPUS_PARANAGUÁ', 'CAMPUS_PARANAVAÍ', 'CAMPUS_PITANGA', 'CAMPUS_QUEDAS DO IGUAÇU', 'CAMPUS_TELÊMACO BORBA', 'CAMPUS_UMUARAMA', 'CURSOS_TEC_CONCOMITANTE', 'CURSOS_TEC_INTEGRADO', 'CURSOS_GRAD_MATUTINO', 'CURSOS_GRAD_VESPERTINO', 'CURSOS_POS', 'ORDEM', 'LAG_01', 'LAG_03', 'LAG_05', 'LAG_08', 'LAG_11');0.33655
('TEMP_MIN_MÉD_MENS', 'TEMP_MÉD_MIN_MENS', 'TEMP_MÉD_MAX_MENS', 'TEMP_MÉD_ACC_MENS', 'TEMP_MAX_MÉD_MENS', 'TEMP_MAX_MAX_MENS', 'TEMP_MAX_ACC_MENS', 'DIA_DA_SEMANA_dom', 'DIA_DA_SEMANA_qua', 'DIA_DA_SEMANA_qui', 'DIA_DA_SEMANA_seg', 'DIA_DA_SEMANA_sex', 'DIA_DA_SEMANA_sáb', 'MÊS_ago', 'MÊS_mar', 'MÊS_nov', 'MÊS_set', 'ANO_2021', 'ANO_2022', 'ANO_2023', 'ANO_2015', 'ANO_2016', 'ANO_2018', 'ANO_2019', 'ANO_2020', 'CAMPUS_ASSIS CHATEAUBRIAND', 'CAMPUS_BARRACÃO', 'CAMPUS_CORONEL VIVIDA', 'CAMPUS_CURITIBA', 'CAMPUS_IRATI', 'CAMPUS_IVAIPORÃ', 'CAMPUS_JAGUARIAÍVA', 'CAMPUS_LONDRINA - CENTRO', 'CAMPUS_PALMAS', 'CAMPUS_PARANAVAÍ', 'CAMPUS_PINHAIS', 'CAMPUS_UNIÃO DA VITÓRIA', 'CURSOS_TEC_CONCOMITANTE', 'CURSOS_TEC_INTEGRADO', 'CURSOS_GRAD_MATUTINO', 'CURSOS_GRAD_VESPERTINO', 'CURSOS_GRAD_NOTURNO', 'CURSOS_POS', 'FERIADO', 'COVID', 'GREVE', 'LAG_02', 'LAG_03', 'LAG_04', 'LAG_08', 'LAG_09', 'LAG_10', 'LAG_11', 'LAG_12');0.33674
('TEMP_MÉD_MIN_MENS', 'TEMP_MÉD_MÉD_MENS', 'TEMP_MÉD_MAX_MENS', 'TEMP_MÉD_ACC_MENS', 'PRECIPITAÇÃO_MÉD_MENS', 'TEMP_MIN_ACC_MENS', 'TEMP_MAX_MIN_MENS', 'PRECIPITAÇÃO_MIN_MENS', 'TEMP_MAX_MAX_MENS', 'TEMP_MAX_ACC_MENS', 'DIA_DA_SEMANA_qui', 'DIA_DA_SEMANA_sex', 'DIA_DA_SEMANA_ter', 'MÊS_ago', 'MÊS_jan', 'MÊS_jul', 'MÊS_jun', 'MÊS_mai', 'MÊS_mar', 'MÊS_nov', 'ANO_2022', 'ANO_2016', 'ANO_2018', 'ANO_2020', 'CAMPUS_ASSIS CHATEAUBRIAND', 'CAMPUS_ASTORGA', 'CAMPUS_BARRACÃO', 'CAMPUS_CAMPO LARGO', 'CAMPUS_GOIOERÊ', 'CAMPUS_IRATI', 'CAMPUS_IVAIPORÃ', 'CAMPUS_JAGUARIAÍVA', 'CAMPUS_PALMAS', 'CAMPUS_PARANAVAÍ', 'CAMPUS_PITANGA', 'CAMPUS_QUEDAS DO IGUAÇU', 'CAMPUS_TELÊMACO BORBA', 'CAMPUS_UNIÃO DA VITÓRIA', 'CURSOS_TEC_CONCOMITANTE', 'CURSOS_TEC_INTEGRADO', 'CURSOS_TEC_SUBSEQUENTE', 'CURSOS_GRAD_NOTURNO', 'GREVE', 'LAG_01', 'LAG_02', 'LAG_03', 'LAG_05', 'LAG_08', 'LAG_09', 'LAG_11', 'LAG_12');0.33865
('TEMP_MIN_MÉD_MENS', 'TEMP_MÉD_MÉD_MENS', 'TEMP_MÉD_MAX_MENS', 'TEMP_MAX_MÉD_MENS', 'PRECIPITAÇÃO_MÉD_MENS', 'TEMP_MIN_ACC_MENS', 'TEMP_MAX_MIN_MENS', 'PRECIPITAÇÃO_MIN_MENS', 'TEMP_MAX_ACC_MENS', 'PRECIPITAÇÃO_MAX_MENS', 'PRECIPITAÇÃO_ACC_MENS', 'DIA_DA_SEMANA_qua', 'DIA_DA_SEMANA_qui', 'DIA_DA_SEMANA_sex', 'DIA_DA_SEMANA_sáb', 'DIA_DA_SEMANA_ter', 'MÊS_abr', 'MÊS_jun', 'MÊS_mai', 'MÊS_mar', 'MÊS_set', 'ANO_2022', 'ANO_2023', 'ANO_2024', 'ANO_2016', 'ANO_2018', 'ANO_2019', 'ANO_2020', 'CAMPUS_ASSIS CHATEAUBRIAND', 'CAMPUS_BARRACÃO', 'CAMPUS_CORONEL VIVIDA', 'CAMPUS_GOIOERÊ', 'CAMPUS_JACAREZINHO', 'CAMPUS_JAGUARIAÍVA', 'CAMPUS_PARANAGUÁ', 'CAMPUS_PINHAIS', 'CAMPUS_TELÊMACO BORBA', 'CAMPUS_UMUARAMA', 'CURSOS_TEC_CONCOMITANTE', 'CURSOS_TEC_INTEGRADO', 'CURSOS_GRAD_MATUTINO', 'CURSOS_GRAD_VESPERTINO', 'CURSOS_GRAD_NOTURNO', 'CURSOS_POS', 'COVID', 'GREVE', 'ORDEM', 'LAG_02', 'LAG_05', 'LAG_08', 'LAG_09', 'LAG_11');0.34005
('TEMP_MIN_MÉD_MENS', 'TEMP_MÉD_MIN_MENS', 'TEMP_MÉD_MÉD_MENS', 'TEMP_MÉD_ACC_MENS', 'PRECIPITAÇÃO_MÉD_MENS', 'TEMP_MIN_MAX_MENS', 'TEMP_MIN_ACC_MENS', 'PRECIPITAÇÃO_MIN_MENS', 'TEMP_MAX_MAX_MENS', 'PRECIPITAÇÃO_MAX_MENS', 'PRECIPITAÇÃO_ACC_MENS', 'DIA_DA_SEMANA_qua', 'DIA_DA_SEMANA_seg', 'DIA_DA_SEMANA_sex', 'DIA_DA_SEMANA_ter', 'MÊS_ago', 'MÊS_fev', 'MÊS_jan', 'MÊS_mai', 'MÊS_mar', 'MÊS_nov', 'MÊS_out', 'MÊS_set', 'ANO_2021', 'ANO_2022', 'ANO_2023', 'ANO_2024', 'ANO_2016', 'ANO_2019', 'ANO_2020', 'CAMPUS_ASTORGA', 'CAMPUS_CAMPO LARGO', 'CAMPUS_CAPANEMA', 'CAMPUS_CORONEL VIVIDA', 'CAMPUS_CURITIBA', 'CAMPUS_GOIOERÊ', 'CAMPUS_IVAIPORÃ', 'CAMPUS_JAGUARIAÍVA', 'CAMPUS_LONDRINA - CENTRO', 'CAMPUS_PARANAGUÁ', 'CAMPUS_PARANAVAÍ', 'CAMPUS_PINHAIS', 'CAMPUS_QUEDAS DO IGUAÇU', 'CURSOS_TEC_CONCOMITANTE', 'CURSOS_TEC_INTEGRADO', 'CURSOS_TEC_SUBSEQUENTE', 'CURSOS_GRAD_VESPERTINO', 'FÉRIAS', 'FERIADO', 'GREVE', 'LAG_03', 'LAG_07', 'LAG_08', 'LAG_10', 'LAG_11');0.34115
('TEMP_MÉD_MÉD_MENS', 'TEMP_MÉD_MAX_MENS', 'PRECIPITAÇÃO_MÉD_MENS', 'TEMP_MIN_MIN_MENS', 'TEMP_MIN_ACC_MENS', 'TEMP_MAX_MIN_MENS', 'PRECIPITAÇÃO_MIN_MENS', 'PRECIPITAÇÃO_MAX_MENS', 'PRECIPITAÇÃO_ACC_MENS', 'DIA_DA_SEMANA_dom', 'DIA_DA_SEMANA_qua', 'DIA_DA_SEMANA_qui', 'DIA_DA_SEMANA_seg', 'DIA_DA_SEMANA_ter', 'MÊS_abr', 'MÊS_ago', 'MÊS_dez', 'MÊS_fev', 'MÊS_mar', 'MÊS_out', 'MÊS_set', 'ANO_2015', 'ANO_2017', 'ANO_2018', 'ANO_2019', 'CAMPUS_ASSIS CHATEAUBRIAND', 'CAMPUS_ASTORGA', 'CAMPUS_BARRACÃO', 'CAMPUS_FOZ DO IGUAÇU', 'CAMPUS_IRATI', 'CAMPUS_JACAREZINHO', 'CAMPUS_JAGUARIAÍVA', 'CAMPUS_LONDRINA - CENTRO', 'CAMPUS_PALMAS', 'CAMPUS_PARANAGUÁ', 'CAMPUS_PITANGA', 'CAMPUS_UNIÃO DA VITÓRIA', 'CURSOS_TEC_CONCOMITANTE', 'CURSOS_TEC_INTEGRADO', 'CURSOS_TEC_SUBSEQUENTE', 'CURSOS_GRAD_MATUTINO', 'CURSOS_GRAD_VESPERTINO', 'CURSOS_GRAD_NOTURNO', 'FÉRIAS', 'LAG_02', 'LAG_03', 'LAG_04', 'LAG_06', 'LAG_08', 'LAG_09', 'LAG_10', 'LAG_11');0.34156
('TEMP_MIN_MÉD_MENS', 'TEMP_MÉD_MIN_MENS', 'TEMP_MÉD_MÉD_MENS', 'TEMP_MAX_MÉD_MENS', 'PRECIPITAÇÃO_MÉD_MENS', 'TEMP_MIN_MAX_MENS', 'TEMP_MIN_ACC_MENS', 'PRECIPITAÇÃO_MAX_MENS', 'PRECIPITAÇÃO_ACC_MENS', 'DIA_DA_SEMANA_dom', 'DIA_DA_SEMANA_qua', 'DIA_DA_SEMANA_qui', 'DIA_DA_SEMANA_seg', 'DIA_DA_SEMANA_sex', 'DIA_DA_SEMANA_ter', 'MÊS_dez', 'MÊS_fev', 'MÊS_jan', 'MÊS_jul', 'MÊS_jun', 'MÊS_mai', 'MÊS_nov', 'MÊS_out', 'MÊS_set', 'ANO_2024', 'ANO_2015', 'ANO_2018', 'ANO_2019', 'CAMPUS_ASSIS CHATEAUBRIAND', 'CAMPUS_ASTORGA', 'CAMPUS_CAMPO LARGO', 'CAMPUS_CAPANEMA', 'CAMPUS_CASCAVEL', 'CAMPUS_CORONEL VIVIDA', 'CAMPUS_CURITIBA', 'CAMPUS_FOZ DO IGUAÇU', 'CAMPUS_IVAIPORÃ', 'CAMPUS_JAGUARIAÍVA', 'CAMPUS_PALMAS', 'CAMPUS_PARANAGUÁ', 'CAMPUS_PARANAVAÍ', 'CAMPUS_PINHAIS', 'CAMPUS_PITANGA', 'CAMPUS_UMUARAMA', 'CAMPUS_UNIÃO DA VITÓRIA', 'CURSOS_TEC_CONCOMITANTE', 'CURSOS_TEC_INTEGRADO', 'CURSOS_TEC_SUBSEQUENTE', 'CURSOS_GRAD_MATUTINO', 'CURSOS_GRAD_NOTURNO', 'CURSOS_POS', 'FÉRIAS', 'FERIADO', 'LAG_02', 'LAG_05', 'LAG_07', 'LAG_08', 'LAG_10', 'LAG_11', 'LAG_12');0.34784
('TEMP_MIN_MÉD_MENS', 'TEMP_MÉD_MIN_MENS', 'TEMP_MÉD_MAX_MENS', 'PRECIPITAÇÃO_MÉD_MENS', 'TEMP_MIN_MIN_MENS', 'TEMP_MIN_ACC_MENS', 'TEMP_MAX_MIN_MENS', 'PRECIPITAÇÃO_MIN_MENS', 'PRECIPITAÇÃO_MAX_MENS', 'DIA_DA_SEMANA_sex', 'DIA_DA_SEMANA_ter', 'MÊS_abr', 'MÊS_ago', 'MÊS_jan', 'MÊS_jul', 'MÊS_mai', 'MÊS_out', 'ANO_2021', 'ANO_2015', 'ANO_2017', 'ANO_2018', 'ANO_2019', 'CAMPUS_ASSIS CHATEAUBRIAND', 'CAMPUS_BARRACÃO', 'CAMPUS_CAMPO LARGO', 'CAMPUS_CASCAVEL', 'CAMPUS_CURITIBA', 'CAMPUS_IRATI', 'CAMPUS_IVAIPORÃ', 'CAMPUS_JAGUARIAÍVA', 'CAMPUS_LONDRINA - CENTRO', 'CAMPUS_PALMAS', 'CAMPUS_PARANAGUÁ', 'CAMPUS_PARANAVAÍ', 'CAMPUS_PITANGA', 'CAMPUS_QUEDAS DO IGUAÇU', 'CAMPUS_TELÊMACO BORBA', 'CURSOS_TEC_INTEGRADO', 'CURSOS_TEC_SUBSEQUENTE', 'CURSOS_GRAD_MATUTINO', 'CURSOS_GRAD_VESPERTINO', 'CURSOS_GRAD_NOTURNO', 'CURSOS_POS', 'FÉRIAS', 'GREVE', 'LAG_02', 'LAG_03', 'LAG_04', 'LAG_07', 'LAG_09', 'LAG_11', 'LAG_12');0.34943
('TEMP_MIN_MÉD_MENS', 'TEMP_MÉD_MIN_MENS', 'TEMP_MÉD_MÉD_MENS', 'TEMP_MÉD_ACC_MENS', 'TEMP_MAX_MÉD_MENS', 'PRECIPITAÇÃO_MÉD_MENS', 'TEMP_MIN_MIN_MENS', 'TEMP_MIN_MAX_MENS', 'TEMP_MIN_ACC_MENS', 'TEMP_MAX_MIN_MENS', 'PRECIPITAÇÃO_MIN_MENS', 'TEMP_MAX_ACC_MENS', 'PRECIPITAÇÃO_MAX_MENS', 'PRECIPITAÇÃO_ACC_MENS', 'DIA_DA_SEMANA_dom', 'DIA_DA_SEMANA_qua', 'DIA_DA_SEMANA_qui', 'DIA_DA_SEMANA_seg', 'DIA_DA_SEMANA_sáb', 'DIA_DA_SEMANA_ter', 'MÊS_abr', 'MÊS_dez', 'MÊS_fev', 'MÊS_jan', 'MÊS_jun', 'MÊS_mai', 'MÊS_mar', 'MÊS_nov', 'MÊS_out', 'ANO_2022', 'ANO_2015', 'ANO_2016', 'ANO_2018', 'ANO_2020', 'CAMPUS_ASSIS CHATEAUBRIAND', 'CAMPUS_ASTORGA', 'CAMPUS_BARRACÃO', 'CAMPUS_CAMPO LARGO', 'CAMPUS_CAPANEMA', 'CAMPUS_CASCAVEL', 'CAMPUS_CORONEL VIVIDA', 'CAMPUS_FOZ DO IGUAÇU', 'CAMPUS_GOIOERÊ', 'CAMPUS_JACAREZINHO', 'CAMPUS_JAGUARIAÍVA', 'CAMPUS_LONDRINA - CENTRO', 'CAMPUS_PALMAS', 'CAMPUS_QUEDAS DO IGUAÇU', 'CAMPUS_TELÊMACO BORBA', 'CAMPUS_UNIÃO DA VITÓRIA', 'CURSOS_TEC_CONCOMITANTE', 'CURSOS_TEC_INTEGRADO', 'CURSOS_TEC_SUBSEQUENTE', 'CURSOS_POS', 'COVID', 'GREVE', 'LAG_03', 'LAG_07', 'LAG_08', 'LAG_09', 'LAG_10', 'LAG_12');0.35135
('TEMP_MIN_MÉD_MENS', 'TEMP_MÉD_MIN_MENS', 'TEMP_MÉD_MÉD_MENS', 'TEMP_MÉD_MAX_MENS', 'TEMP_MÉD_ACC_MENS', 'PRECIPITAÇÃO_MÉD_MENS', 'TEMP_MIN_ACC_MENS', 'PRECIPITAÇÃO_MIN_MENS', 'TEMP_MAX_MAX_MENS', 'TEMP_MAX_ACC_MENS', 'PRECIPITAÇÃO_MAX_MENS', 'PRECIPITAÇÃO_ACC_MENS', 'DIA_DA_SEMANA_dom', 'DIA_DA_SEMANA_qua', 'DIA_DA_SEMANA_sex', 'DIA_DA_SEMANA_ter', 'MÊS_ago', 'MÊS_fev', 'MÊS_jan', 'MÊS_jul', 'MÊS_jun', 'MÊS_mai', 'MÊS_mar', 'MÊS_out', 'MÊS_set', 'ANO_2021', 'ANO_2022', 'ANO_2015', 'ANO_2017', 'ANO_2018', 'CAMPUS_ASSIS CHATEAUBRIAND', 'CAMPUS_ASTORGA', 'CAMPUS_CAMPO LARGO', 'CAMPUS_CAPANEMA', 'CAMPUS_CORONEL VIVIDA', 'CAMPUS_FOZ DO IGUAÇU', 'CAMPUS_GOIOERÊ', 'CAMPUS_IRATI', 'CAMPUS_JACAREZINHO', 'CAMPUS_JAGUARIAÍVA', 'CAMPUS_PALMAS', 'CAMPUS_PARANAGUÁ', 'CAMPUS_PINHAIS', 'CAMPUS_QUEDAS DO IGUAÇU', 'CAMPUS_TELÊMACO BORBA', 'CAMPUS_UMUARAMA', 'CAMPUS_UNIÃO DA VITÓRIA', 'CURSOS_TEC_CONCOMITANTE', 'CURSOS_TEC_INTEGRADO', 'CURSOS_GRAD_MATUTINO', 'CURSOS_GRAD_VESPERTINO', 'CURSOS_GRAD_NOTURNO', 'FÉRIAS', 'GREVE', 'LAG_02', 'LAG_03', 'LAG_04', 'LAG_07', 'LAG_08', 'LAG_09', 'LAG_10');0.35208
('TEMP_MÉD_MIN_MENS', 'TEMP_MÉD_MÉD_MENS', 'TEMP_MÉD_MAX_MENS', 'TEMP_MÉD_ACC_MENS', 'PRECIPITAÇÃO_MÉD_MENS', 'TEMP_MIN_MIN_MENS', 'TEMP_MIN_ACC_MENS', 'TEMP_MAX_MIN_MENS', 'PRECIPITAÇÃO_MIN_MENS', 'TEMP_MAX_MAX_MENS', 'TEMP_MAX_ACC_MENS', 'DIA_DA_SEMANA_dom', 'DIA_DA_SEMANA_qua', 'DIA_DA_SEMANA_qui', 'DIA_DA_SEMANA_seg', 'DIA_DA_SEMANA_sex', 'DIA_DA_SEMANA_sáb', 'DIA_DA_SEMANA_ter', 'MÊS_abr', 'MÊS_ago', 'MÊS_dez', 'MÊS_jan', 'MÊS_jun', 'MÊS_mar', 'MÊS_nov', 'MÊS_out', 'ANO_2021', 'ANO_2023', 'ANO_2015', 'ANO_2017', 'ANO_2020', 'CAMPUS_ASTORGA', 'CAMPUS_CAMPO LARGO', 'CAMPUS_CAPANEMA', 'CAMPUS_CASCAVEL', 'CAMPUS_CORONEL VIVIDA', 'CAMPUS_CURITIBA', 'CAMPUS_FOZ DO IGUAÇU', 'CAMPUS_IRATI', 'CAMPUS_JACAREZINHO', 'CAMPUS_JAGUARIAÍVA', 'CAMPUS_PALMAS', 'CAMPUS_PARANAGUÁ', 'CAMPUS_PARANAVAÍ', 'CAMPUS_QUEDAS DO IGUAÇU', 'CAMPUS_TELÊMACO BORBA', 'CAMPUS_UMUARAMA', 'CURSOS_GRAD_VESPERTINO', 'CURSOS_GRAD_NOTURNO', 'LAG_02', 'LAG_04', 'LAG_07', 'LAG_09', 'LAG_10', 'LAG_11');0.35361
('TEMP_MIN_MÉD_MENS', 'TEMP_MÉD_MIN_MENS', 'TEMP_MÉD_ACC_MENS', 'TEMP_MAX_MÉD_MENS', 'TEMP_MIN_MIN_MENS', 'TEMP_MIN_ACC_MENS', 'TEMP_MAX_MAX_MENS', 'TEMP_MAX_ACC_MENS', 'PRECIPITAÇÃO_ACC_MENS', 'DIA_DA_SEMANA_qua', 'DIA_DA_SEMANA_qui', 'DIA_DA_SEMANA_ter', 'MÊS_ago', 'MÊS_jan', 'MÊS_jul', 'MÊS_mai', 'MÊS_mar', 'MÊS_nov', 'MÊS_out', 'MÊS_set', 'ANO_2022', 'ANO_2024', 'ANO_2015', 'ANO_2016', 'ANO_2018', 'ANO_2019', 'ANO_2020', 'CAMPUS_ASTORGA', 'CAMPUS_CAPANEMA', 'CAMPUS_CASCAVEL', 'CAMPUS_CORONEL VIVIDA', 'CAMPUS_CURITIBA', 'CAMPUS_FOZ DO IGUAÇU', 'CAMPUS_IRATI', 'CAMPUS_IVAIPORÃ', 'CAMPUS_JACAREZINHO', 'CAMPUS_JAGUARIAÍVA', 'CAMPUS_PALMAS', 'CAMPUS_PARANAGUÁ', 'CAMPUS_PINHAIS', 'CAMPUS_PITANGA', 'CAMPUS_QUEDAS DO IGUAÇU', 'CAMPUS_TELÊMACO BORBA', 'CURSOS_TEC_CONCOMITANTE', 'CURSOS_TEC_INTEGRADO', 'FÉRIAS', 'FERIADO', 'GREVE', 'LAG_02', 'LAG_03', 'LAG_05', 'LAG_08', 'LAG_10', 'LAG_11', 'LAG_12');0.35763
('TEMP_MIN_MÉD_MENS', 'TEMP_MÉD_MIN_MENS', 'TEMP_MÉD_MÉD_MENS', 'TEMP_MÉD_MAX_MENS', 'TEMP_MAX_MÉD_MENS', 'TEMP_MIN_ACC_MENS', 'TEMP_MAX_ACC_MENS', 'PRECIPITAÇÃO_MAX_MENS', 'PRECIPITAÇÃO_ACC_MENS', 'DIA_DA_SEMANA_dom', 'DIA_DA_SEMANA_qua', 'DIA_DA_SEMANA_sex', 'DIA_DA_SEMANA_ter', 'MÊS_abr', 'MÊS_dez', 'MÊS_fev', 'MÊS_jan', 'MÊS_jul', 'MÊS_mai', 'MÊS_mar', 'MÊS_nov', 'MÊS_out', 'MÊS_set', 'ANO_2021', 'ANO_2022', 'ANO_2024', 'ANO_2018', 'ANO_2019', 'CAMPUS_ASTORGA', 'CAMPUS_BARRACÃO', 'CAMPUS_CAPANEMA', 'CAMPUS_FOZ DO IGUAÇU', 'CAMPUS_GOIOERÊ', 'CAMPUS_IRATI', 'CAMPUS_IVAIPORÃ', 'CAMPUS_JACAREZINHO', 'CAMPUS_PARANAGUÁ', 'CAMPUS_PARANAVAÍ', 'CAMPUS_PITANGA', 'CAMPUS_QUEDAS DO IGUAÇU', 'CURSOS_TEC_CONCOMITANTE', 'CURSOS_TEC_SUBSEQUENTE', 'CURSOS_GRAD_MATUTINO', 'CURSOS_GRAD_NOTURNO', 'FERIADO', 'GREVE', 'LAG_02', 'LAG_03', 'LAG_05', 'LAG_10', 'LAG_11', 'LAG_12');0.36239
('TEMP_MÉD_MIN_MENS', 'TEMP_MÉD_MÉD_MENS', 'TEMP_MÉD_MAX_MENS', 'TEMP_MÉD_ACC_MENS', 'PRECIPITAÇÃO_MÉD_MENS', 'TEMP_MIN_MIN_MENS', 'TEMP_MIN_ACC_MENS', 'TEMP_MAX_MIN_MENS', 'PRECIPITAÇÃO_MIN_MENS', 'TEMP_MAX_MAX_MENS', 'TEMP_MAX_ACC_MENS', 'DIA_DA_SEMANA_qua', 'DIA_DA_SEMANA_seg', 'DIA_DA_SEMANA_sex', 'MÊS_abr', 'MÊS_ago', 'MÊS_jan', 'MÊS_mai', 'MÊS_nov', 'MÊS_out', 'ANO_2021', 'ANO_2022', 'ANO_2015', 'ANO_2018', 'CAMPUS_ASSIS CHATEAUBRIAND', 'CAMPUS_BARRACÃO', 'CAMPUS_CAMPO LARGO', 'CAMPUS_CASCAVEL', 'CAMPUS_CORONEL VIVIDA', 'CAMPUS_CURITIBA', 'CAMPUS_FOZ DO IGUAÇU', 'CAMPUS_GOIOERÊ', 'CAMPUS_IRATI', 'CAMPUS_IVAIPORÃ', 'CAMPUS_PARANAGUÁ', 'CAMPUS_PARANAVAÍ', 'CAMPUS_QUEDAS DO IGUAÇU', 'CAMPUS_UMUARAMA', 'CAMPUS_UNIÃO DA VITÓRIA', 'CURSOS_TEC_CONCOMITANTE', 'CURSOS_GRAD_MATUTINO', 'CURSOS_GRAD_NOTURNO', 'CURSOS_POS', 'GREVE', 'LAG_03', 'LAG_04', 'LAG_06', 'LAG_09', 'LAG_11');0.36512
